Published,Source,Domain,Title,Url
2026-01-05 03:00,CNBC,cnbc.com,"Stocks making the biggest moves midday: Coinbase, Arista Networks, Chevron, Halliburton & more",https://news.google.com/rss/articles/CBMimAFBVV95cUxQUEcyaGc3MUFpOUlXYWMwSElfWTlLNnBkTEpJdHdtNmViaVVfYzNHQkRjakpvWmwzWHdqU3FSc1FscEF5aVdJdW9fSDNrS3hvVkVodVFxWmdQRXJiODRRMDZGX09oXzAwWDNGOFIxZ3QwTVNJbDlnVVJkN0lIT3pldEZrb2J6bFVDR05yZzZPdEVlcmVLSFZXag?oc=5
2026-01-05 03:00,The Motley Fool,fool.com,This Underrated Industrial Stock Could Be the Purest Play on AI Infrastructure,https://news.google.com/rss/articles/CBMimAFBVV95cUxOWS1yS1FUOXJ4ZDhpalNaaDdXQkhEQ0dtNHBIaXFQRThGTkFZYWFDVnhmVTZWMldrRllCbkVhVGQzSVFnc3NIc1lsM2ZqOXhsdXFBbGY4eW5KRVN0MjNZMXBRUnJ1MlcwSlRob2E0bGFlcUpFUXF5bmF4UlZfUE9WNTRabkdWREUyTENLVF95eXBmeWlidlB6Ug?oc=5
2026-01-06 03:00,Zacks,zacks.com,Can ANET's AI-Focused Portfolio Help Stoke Growth for the Stock?,https://news.google.com/rss/articles/CBMipgFBVV95cUxOVEZCc2JrQ1ZaMHN3c3RQSl9Nb1ZXRi12Z3ZsQlJ3TVVkb3F4bTd4YlgydlZJVXdzaTAtODE3bUJ2SDJuOXNGU3h0OUVkUmc4YTY2ZzNmTDIyX1lfalZxZzVJeFJ4YkRsZkpfXy1YTkRSQjJJZ1pDOGx4YXVGZTA2cjYtQ1RhOXVlNFlScHVUaTNDZWNFdGZvZmx1ZGt3UDNIRUNkenJB?oc=5
2026-01-08 03:00,Yahoo Finance,finance.yahoo.com,Here’s What Makes Arista Networks (ANET) an Investment Bet?,https://news.google.com/rss/articles/CBMiiwFBVV95cUxPb0pPQ1hoRmVlNFRjaFowMmc3UHk5OTIxVnVFQmFLaHFXQVVsTEpQUi1mTnJWR003X3dJVGtVZzk3dHJlYmVHSHhCV2hxcXVHWTJFcTVZZ1pxbVRvLWNXQWQtTFBSYS1YdThwaS1sRFFocExOZ2FBalRpVHByaHNMOEhiQS03d0p2V1cw?oc=5
2026-01-08 03:00,Yahoo Finance,finance.yahoo.com,Why Piper Sandler Sees 2026 as an “Year of Refresh” for Arista Networks (ANET),https://news.google.com/rss/articles/CBMifkFVX3lxTFAzMTNGaEpMVDZzWTE5WHkxTkVhUnJBUkJuVFNpRmltaFdXdGNrdFFXZEw0N1NCOW5TeGtDYTh3UGdKYkNIRmNHTmV3ZTVWVVpSR2VjM0I5a3c2Tlc3S3lOd0Z4X05hOGEzUk1DREJEVmc5bzVmSXM4dXJxQm5pZw?oc=5
2026-01-13 03:00,Zacks,zacks.com,ANET vs. COMM: Which Infrastructure Stock is the Smarter Buy Now?,https://news.google.com/rss/articles/CBMipgFBVV95cUxQdXdLN2tzZExhVmdGQkJaS21kdi1ZMHFtLUFJbDdHblBQbjRYd2ZSNEQ4dmhfaXlZWEtWOExubVRSNG82c1ZKcG5XUkpwdXpEYWU1cnVlUEVyWEpjLVJSa3hwYzlMVjFhS1hrUnE0aG5aRU5JRVRURmhJSW05MDRZeGxjZVI4akI3NXRrVFNiY2RKeWNwWUFrQWNPV3BYb1htV1JXVDZ3?oc=5
2026-01-14 03:00,Morningstar,global.morningstar.com,"AI Stocks: Winners, Laggards, and Losers of 2025",https://news.google.com/rss/articles/CBMiigFBVV95cUxNVDdPMHQwdjgyNWFMUFljd0YzRFZKd1o0am9kTVJoSmVTS3YzNEhNbzRzZ3J5NTVLMUNmUjVIMDlUczBEU1U0U05ReUwtTF9xNEFZYWtUbmYtU0V1UzFYbU5IbzNxTUVEamJlSlVKd2tHb1ZNU01oQXFGZ1dVbW0tcFc3M3BjaDRzc1E?oc=5
2026-01-15 03:00,Business Wire,businesswire.com,"Arista Networks to Announce Q4 2025 Financial Results on Thursday, February 12, 2026",https://news.google.com/rss/articles/CBMi1gFBVV95cUxNR0lGLW5NbEpQNGJLXzZEazk4MHpQeFpWcWstdWVMQUhpLWFDWEJYbC1pT0dNNVFlZzZQWXhOMzE5QTR6bFg4WnkxbjMtc1pPRm1XYlNWd0pQZDZqU0E4MzZGQy13UVBVNjlZUjNKN29XZGZJQ1hTMURkbEQwTHpPQ3RuQTFQSVVWTF91YTJjU0F3Qmd6QjdmRm9lcnotYm1ocGt6QkRzbHBNeWJxOEFMNXVBcjc3YlhHR2lLejlLTTJITGZxZTA2RnhTSHFoYXFoaFc5V19n?oc=5
2026-01-15 03:00,The Motley Fool,fool.com,90% of Nvidia's Customers Now Buy This -- and It's Not GPUs,https://news.google.com/rss/articles/CBMimAFBVV95cUxPRDg5Q1diQnBzVDJsMklITms2amc1R0pGVlB4NjFZdFhrRXh3Q3V6cklZVjg0VVBHYTJjZ0JhaTVjM2c2eGJhVEhkZWc5N184M2U2Yi03SjYwYlk3VEpONEtQRXR3RWpuUUZKU2FmbnRCckREbFhyMTZqbDc1SUxEUHE1YUg5MXZpM0lKSTlRZjJzb2xUenE2SA?oc=5
2026-01-15 03:00,Yahoo Finance,finance.yahoo.com,This is What Analysts Think About Arista Networks (ANET),https://news.google.com/rss/articles/CBMiiAFBVV95cUxQUkVfTi1BQjVoaUlhUkE4azNUdTZHX2UzYmltdWdaV3RDaWhUS19hYlJvQ3BLQjc2aTBwV0diSVUxcEUyRXV1RUs1ZzFsanNLVDJVdFJJckRKaGNlVDE4QlhaMGhPa2xxeTdSSUVrbzdxbGQ4R1pjd05SYmVwQjFlcHNrLWxlWVJP?oc=5
2026-01-16 03:00,Investor's Business Daily,investors.com,"AI Stocks At A Crossroads: Google Rises, TSMC Sparks Rally, Software Retreats",https://news.google.com/rss/articles/CBMifkFVX3lxTE5GUXpWazJCelZMdE04MFlEeG1sNHFLWnhLcWJsWHYxQjRQeURNcnFod2dUUzM4TzYtVjEwVTNNRlZncXZ3U19PejRyZUtrNDhFU2ZJY2FrZlQyT2x6c0Nsci1vcjhpVnNQMUx6V204SXNzNkE0ZTNua2hvNGpydw?oc=5
2026-01-18 03:00,Seeking Alpha,seekingalpha.com,Cisco: A Smooth Way To Enter The AI Infrastructure Industry (NASDAQ:CSCO),https://news.google.com/rss/articles/CBMioAFBVV95cUxQRElCcjlPWWVUUVQxNlZzRnNkVGYyblBZZWNnR2F1blFtWklxY3ZXempJUk1jZ1RUcUxzQnB5WGtKXzJHU3RuVGR4eFczQ1FCNlhHbGktUGZac0VkUWtfMjB0dWhBU1p2YnEzemNoeXFGT2RLM1dqOFg0V2lIT1BiX2MzbGkzejJ4LVhqVi1DRE4wWjV6YzlSeDMwTUktYkp1?oc=5
2026-01-20 03:00,Zacks,zacks.com,Best AI Stocks to Buy and Hold: Micron and Arista Networks,https://news.google.com/rss/articles/CBMinwFBVV95cUxPZmc4UTZVRmdaX2hhX25Oa2FxV2oxZ3JUaWpHcGJ6Q1g0NzhDb09QNldxVWZzd3pxM0NRLVpHeHBTV3dRQU1FQlIyakNQQ3ZOeHF4cHU3YVFoZzE1TlRBbE5QeHE2SzBQVjRUNjhVOURWcFRMcmJORlE4ZXVyX1FhUW1McEtKV2R4MmtDTHVQZ3d0NmVpd1NfTWVNVmJsZmM?oc=5
2026-01-22 03:00,Barron's,barrons.com,Arista Networks Is the S&P 500’s Top Stock Today. It Isn’t Clear Why It’s Soaring.,https://news.google.com/rss/articles/CBMieEFVX3lxTE9DZ204bUtGRm43d1gyX3lOWkk3Z1NwbkFqcnVZN2FCcWwzU0ljMTRabnpkZnZiNGNoVDFKbl91c0FiVkt3QTkwV3owb3FtSEhJMGpEdEYwSFRiRmQ1OU9Dd1VKU2RiOGlpU1pTUFBPVzBxR0pVQmRvaw?oc=5
2026-01-22 03:00,The Motley Fool,fool.com,Why Arista Networks Stock Popped Today,https://news.google.com/rss/articles/CBMiiAFBVV95cUxQc2NfcEJPaWEyVXgwa0w2MHZCTDNWTURtWVc0RXRiMElfdC1LT2w1SW5YWnhNcmhfYXhaOVpqbVR2V1k5MUl6ektCaXo0b2stM2JDWXQ3RmIwSGExMllCRk5Ld0dnTmQ5LW9KVzI0VjE5bk9acnZsSlQzdDJEVnRxbFV1aWRsUFc4?oc=5
2026-01-22 03:00,Yahoo Finance,finance.yahoo.com,Arista Networks (ANET) Is Up 6.0% After AI Data Center Upgrades Spotlight Hyperscaler Exposure,https://news.google.com/rss/articles/CBMiekFVX3lxTE1Yb1FYZmdPdmJGYk1OM2NJcjVUdFRCQXdCTWZPRTlSbVdLbks2dTJLXzBuOTRweVpjQ0JOZ2NNbTFDTnVXRmlNY2ZMQ2NzRm9vTGYxOHJ2UEs2cExXUDFvQXREMlNwU2JOS05WNVY4dUVRYzQ0bkVRRWRR?oc=5
2026-01-27 03:00,Seeking Alpha,seekingalpha.com,Arista Networks: The AI Networking Growth Engine (NYSE:ANET),https://news.google.com/rss/articles/CBMikgFBVV95cUxPWEN0d0RnMVF1RzlKRzZ6VWRHd3h2c0FtMG1lZnMxWmYzSGg4ZEYtOHEwc0Rva2oybzgyR1pITjhseGI4eG9VbW5CdFE0ck9fY1dCbkVHaTh0YmlxVzZ3R2dzdmJ1cTd5dDdieWlrNk1VR2ROUS1IaEpZaFpuMktWMnF1WUNyUW1SUk83TWtPN3FuUQ?oc=5
2026-01-28 03:00,Yahoo Finance,finance.yahoo.com,"These AI Cloud Stocks Are Starting to Soar Again Thanks to Nvidia: ANET, CRWV",https://news.google.com/rss/articles/CBMigAFBVV95cUxQcnZOdjJ2YmNGSWVTa3Q4Y2pWWC1ScjIyakVGamtxam05Z0ZkRjNSTUFSbE5odDN3MFlGazJqSVhORkc1YTFaSTBBeDh5dzNmV0pFR0h3bGFYYUstdzIyenNaMnZYTGwtTHdXQ1RLdmU3NFhVQndrcXFLa1RwTEV1SA?oc=5
2026-01-31 03:00,Seeking Alpha,seekingalpha.com,Arista Networks: A Wonderful Company At A Not-So-Fair Price (NYSE:ANET),https://news.google.com/rss/articles/CBMioAFBVV95cUxOanlGV2l1N2puZGJUV3lCOG9GNkE0Vl8zRHZFMUp3cm9lMXZ4NFllZFFyUC1wdmNCV0VUaE9ieUNhcHVvdnFHYmI1QXpPTHdOZzhhRlV0bENRb0g2QTBvNXRNOXVjajVHbXp6Q3J0SmV6YVJUSmhwOTF3S0RLZFdSRHdNdVQyclhSXy1JZXh4U28wOUtSdVhpcjBKLWhmVWFY?oc=5
2026-02-02 03:00,Yahoo Finance,finance.yahoo.com,Arista Networks (ANET) Stock Declines While Market Improves: Some Information for Investors,https://news.google.com/rss/articles/CBMiiAFBVV95cUxOSHNWR19ONDlMRVhxZENXYmlPYmlHUWoxTTBQRWx4dVVNZWRhSExYV1A4ZjZvS0VCdzBtdFZpZl9nQ0QtOTdWT09HV21lQW50aHJhVjZEZF9lUXgxVGZYcHdIZnpLQWphOGFibk5SMVNSbWNIN2MxdVVQTnMyQjU2dDJrUEljeTJ0?oc=5
2026-02-04 03:00,Yahoo Finance,finance.yahoo.com,Is It Worth Investing in Arista Networks (ANET) Based on Wall Street's Bullish Views?,https://news.google.com/rss/articles/CBMiigFBVV95cUxNUzFIOHN0RVVhUTVXQ3JraWlYbTBHVnA0Zm53VS00RndEcVFzdzRONm82XzZPMXBYRDY5VHVwOThXTkR1emZnX3NkZTNJVElEYkZ0VmVlRkg5RlptSE5vV2F2eWpmTFZaUFEwOXlFWU52NlkwNE1yVWc2V184c0dRaVByWG9ZTUZWQ2c?oc=5
2026-02-05 03:00,Yahoo Finance,finance.yahoo.com,Arista Networks (ANET) Is Down 13.1% After AI Data Center Hype Meets Pre-Earnings Reality - What's Changed,https://news.google.com/rss/articles/CBMif0FVX3lxTFBGdmpZSVdlTGsxVm9md2oxemFxcjA3Mm1NMHd1MGI1NnREcV9fdDJaZFI4UHcyREQ4ajlBTDJIdzdEZTI3c0t6TDRWcG9oTEp6V2hpV0tvUEJTS1RrZ1Fla3BBQjVZYmJBTXFzLUxlaGlWQ29hX2hIMDZwaWdoaDQ?oc=5
2026-02-06 03:00,Yahoo Finance,finance.yahoo.com,Arista Networks Stock Outlook: Is Wall Street Bullish or Bearish?,https://news.google.com/rss/articles/CBMihwFBVV95cUxNTzhnZjlLVHpUTlZuTVJVVVRPRWRuaVpPR2dKWDFYdzlVS2IyVFpCeXc1c1BIRjgzNjJVTFhVQ3pLUTRwX0FlQzJxODc0Qy1TX1BraEhsR1VQMmJpOGd4dXBZbFgxNVBaeFJOdVZ5UGtyc25LZmMycE1jMGhXTjlEM3NxTENlM2M?oc=5
2026-02-07 03:00,The Motley Fool,fool.com,The Hidden Gem AI Networking Stock That Could Own the Next 5 Years,https://news.google.com/rss/articles/CBMimAFBVV95cUxOOUlEMGVQRS00a0NrbExlUzY3cTJJY1d5dUNrUEFUMnpHNzRCVE1qZ2ZNaDV4Z2F0UTZwYkFsMTN1UE1sN3lNc3RlTkVGWEVuUU9hMFNubFNEYTB3N3pBMW1TbE5QRjJlQmtvRGpyMDI3LWdreldzZFNnVDdkTGlKNVMwckhmVFlJcnlTckNwRVBXdTd6aUlHMA?oc=5
2026-02-09 03:00,Yahoo Finance,finance.yahoo.com,"Should You Buy, Sell or Hold ANET Stock Ahead of Q4 Earnings?",https://news.google.com/rss/articles/CBMiekFVX3lxTE8tWUlJdmV5cFI1WTktVWwyT21LMFJhbFNiY0hreGg4dGgxUjctblNVSnh1VkZTNlBFT2FBa1RQZDJ5dmlmU29fZHhJbk1abHlkWEhacHhVckdleEd1WFpTTXliNE9Cb19MeG1QbFNJQlNmelV6UTFOWGFn?oc=5
2026-02-10 03:00,Investing.com,investing.com,Arista Networks stock price target raised to $165 from $140 at Rosenblatt,https://news.google.com/rss/articles/CBMiywFBVV95cUxOcUNhWWNBeV9MY1oycndBWjROU0tUbGs4WVdBM240VnZETENSUnB2TWpMbVcwVjhrNnNMd0czaTMya0kzWTcyWDNOMnpaVzRLUUhFRzN6TkVseWR6V0NKbFlUV2ljY2xUSmFwTzN4YXRiTF96cm5sRXVyb0F2a2J2RVJqVlRSNUgyZm4zUWZZSUJVNER2b0N2NmpQTDU4RDhGRnlmZGdzbVM2Um5HM0MtZks0bllQWGw2ajJqdE10VmlkY2h3TVhxbWlFNA?oc=5
2026-02-10 03:00,Yahoo Finance,finance.yahoo.com,Arista Networks Ties Growth To AI Data Centers Amid New Risks,https://news.google.com/rss/articles/CBMiggFBVV95cUxQOFIteE9kazc2bnhOSllSX2NQcjVoQThHMXA3WkhmUVFmQ0h6N2llQVptZGxrTE45Z1lldFVOOTdYSHAySHlIRjVrdy1MVk9IT0xONEZMS0ktTE1sUGhSY1dKakFHVmJfVkRTNGZlRGQ5bE92eDBPQ1N3REdrMVJsN1hB?oc=5
2026-02-12 03:00,Benzinga,benzinga.com,"COIN, AAPL, AMAT, ANET, RIVN: 5 Trending Stocks Today - Rivian Automotive (NASDAQ:RIVN)",https://news.google.com/rss/articles/CBMi-AFBVV95cUxQSkUzdWk5UDhYN24td0R5bno4aVQ3aFpLN25BdmZ5emNUN3E3YlVfOU1OMy1kdmRkRW82VnZDYkxYeTdOZkV6a3lvLTYyNFNOcW9uTXFmZmVsNDdBODJvOGhvcERNOFVCanl2SVJYVUFXM0ZzVmdIQU56NUxrYmRvYnhhYnBMbTdDNGRfVERyUm5UVFBkdTBXWEg3N3k4OFJnbWhEYTROcXNoQUtSMGlWY3lCU0lrRERGaGhob240LVY1MlNIcE44UXhiTVgtQWx2U29fTENVdGotbkpnM1hhZ2JhYXJWX1ZVZjUwaWdsUlV5ZWt3MHFrXw?oc=5
2026-02-12 03:00,Business Wire,businesswire.com,"Arista Networks, Inc. Reports Fourth Quarter and Year End 2025 Financial Results",https://news.google.com/rss/articles/CBMi0gFBVV95cUxNbno0ZUhuMkhkQnZtemc0Q1FYQ0RXdkwwSlZGVDRwb1BKR1FWanVzNzNHTktHVlNMQjVlSTg2Z1NmOC1obnpFOGFDRlFKc2xtaDlLV2FkS21xQ0c0QzNTbk91a1IyQllnSEo1bjhTdjJvWGtfX2xCekFSZXhqLVhzZ3J3UjFiNzNDYlZ1YTRYSTJ1UEtEaGhraEZpQ0liaWU4Z3l6U0JPNUxkYktDNWtBVXF2QUZDTWxHNGZSTWV0dUJVQ3JYTGxGSEhjcVJrNGc1S3c?oc=5
2026-02-12 03:00,MarketWatch,marketwatch.com,Arista succeeds where Cisco came up short — to the benefit of its stock,https://news.google.com/rss/articles/CBMisgFBVV95cUxOZUhNRnhnU0lGVHB5SnEzZDF0emJuRFNTak9iMld2TXZYVWJncjViOVpVQmN1NV9QZFVPVnFlam8xRjhLYjdQMGd2bFBBM2tmMG9fbVFmNzJsTTFSWUJ0V2IyblBTR3pDclZhSkp1VFV3SjlNSzZDU1dwd0RCYjIyOVYzWmNDcnhxNkRKN1NndFhLbFZSSmJCZ2w1YmxCTFUtaXRWMHFxdGpzWTBJRVVhT1BR?oc=5
2026-02-12 03:00,Yahoo Finance,finance.yahoo.com,Arista Networks (ANET) Beats Q4 Earnings and Revenue Estimates,https://news.google.com/rss/articles/CBMigAFBVV95cUxOVFNvV3JUUGNzYmFSckdleFByOG41TWE1N0NMWUVYOXhxeGl6U0xYalN0NkNOd3lIVmRvcmhqbUc5TWZMT2JiazVRQzlsRy0tMFhpazZGU0h3aUxWc2lad3AyaTZmbDRaalRMNmtDMVNXdU5fWHZ5aHBGZXh3U19UbQ?oc=5
2026-02-12 03:00,Yahoo Finance,finance.yahoo.com,"Pinterest, Airbnb, Arista Networks: After-Hours Movers",https://news.google.com/rss/articles/CBMijgFBVV95cUxNeVN6cEpoOTlKWUdjVFBFeHhud1Z3cnlldUpSdXBfUzg3Z0tkd0VMYTFSYlVqUTdsS2V3OTAyU011cXR5cFR2ZndtNmRSM0xwMTYyTXVSZnBqSklLSThhXzJpNFZ6dGFBS1c0TzQxZlNEY1FPTm50STU5Q3BJN3NsX3FOTnlxQnpDU0lXT0Nn?oc=5
2026-02-13 03:00,Barron's,barrons.com,Arista Networks Stock Climbs. Why It Is Outshining Cisco.,https://news.google.com/rss/articles/CBMijAFBVV95cUxQUUJfS1dhUmhFNUFPeVdTQW1Pc3NKaHJFN2g5aElicjFwRGJsN0dYWWp4QmVHTV9YZU50cTdYVXhOYWh4TXFXN0tQVEFYbmhHYkI5eTJiUnhBRURBQ2dDZTdCemowYWV2NmdlaFJhLTAzTml2R2VKSVJiSXRGTlIzTlhOSG41ZG5JRS1KWQ?oc=5
2026-02-13 03:00,CNBC,cnbc.com,Nvidia's stock is down and AMD is up. The culprit may be Arista.,https://news.google.com/rss/articles/CBMioAFBVV95cUxPX2hBUU1HOVkzVWRQOVFCR0hQaDlVdVhxT0MwRFJfUXVDLXlTdTNEVlYxWEp1Q0Nqd0FhZzRRamJ3SEdrLU91NjhMaWN1M3llN2Z4Q3JfZHdUU0VqNUNYZ3JnWjJkREwtOEl0TV9VQ3hHQXZ6NXJlclVSbjk4ZmtjdF95N1d2QmtFSFA3RGxqZ082WmZRM2JkeE5qTTF6MzMx0gGmAUFVX3lxTE5Lb3pSUENUd1o1OTR6LTgtSkhzbU9YYnl3YjF2cXhiRWdaZ2otWnRjVURURjlxQlZtOFNvMVY5UTZwQ2ktOTZaY1haYnU1NnRsdVVaWG5BTmRiZGZGMFYxRGZCdUhiV1FLYWdwdl9KZ3ZmaktBeWdEN3I0bTZ1MWRObl9rM0c0b2NpZXhzY1JESnNQYnk5Q2tlbDh6TlVBVWdUbEJORHc?oc=5
2026-02-13 03:00,Investor's Business Daily,investors.com,"Dow Jones Futures Fall As AI Fears Grip Market, CPI Inflation Due; Arista, Applied Materials Jump On Earnings",https://news.google.com/rss/articles/CBMi0AFBVV95cUxQNWVtMldIN0FnZ3lxZTBmSjJfNUVXeGxOdkNjZUc1eGxtV1lTa3pKWTJqQ1pDbkdKYTFSQWZxVG1rUlJKa0FydXdvMXBJYmR1SGszNFhtRy1sR2lTYWtpRk1oaWdnUm9DeW9qMmQydDlvdWY0b2pmQW9PbkxSR3FuWXlXZmJsX0xGZDA1Y0FjTFdITGxNbXlHV0ZKYno2UGxZeEZsMWMzODE4MngwSVhqeml3TzZUQ2xwcDFELUNjRklBUGdHZjFpaHlOVkozSmJ2?oc=5
2026-02-13 03:00,The Motley Fool,fool.com,Breakfast News: ANET At Epicenter Of AI Networks,https://news.google.com/rss/articles/CBMiqAFBVV95cUxOMWdMS1N5Y24zVFpIcUNia1lMSTVUVEIwN2NYTWNCemQxaXROdGw2elJkbGlUMjVRRy1BZVVYN25ZUHBPMkhBRlZkRHlRRzI3dG84VmpJMXI4NlkxRnZWZExaTlRtSElkem1mejFjekFRQnRNdHlPZjNiTUI4b1hiMXFIZTh1SVctQkZxVkhrQXh2dEVCNnp5SDREWWhWaTZkUU1qcndLQ3g?oc=5
2026-02-13 03:00,Yahoo Finance,finance.yahoo.com,Is It Too Late To Consider Arista Networks (ANET) After A 23% One-Year Gain?,https://news.google.com/rss/articles/CBMihgFBVV95cUxPbzZQWkNjSnl3MmJHQ1Rxc0k0OUVUTWIzb1hGY2E3VXhGdzJIS2tMQmJpQnNKMHl6UVhqbzlqRHRmaHpwcU1QemVDS01JeXg1cjRZdi1Ed2lQSUhjaXpYNmRGSXYxcUNBeFBwZElNNHlQVnp4X2Z0dDlNQ1JEM1p6T2xVci1lUQ?oc=5
2026-02-14 03:00,Yahoo Finance,finance.yahoo.com,Arista Networks Leans On AI Networking To Extend Record Growth Story,https://news.google.com/rss/articles/CBMiiAFBVV95cUxPcllGOEtteGdOVXFPdnJmejVRUm1RRjBEQWdEYVl3SEh1UWV4NGpLbEd4cGEtZXR1TFQ1UmJNbEFOcG5tWGF3cXdmRVpuZjAyY3B5anR5SXVTc09rRDZZTHBLeEZKMUpqd2tfdU90dnJ2NlhqOWlDcTYydndSWlZmeFQ4N1RCQW5p?oc=5
2026-02-17 03:00,Seeking Alpha,seekingalpha.com,Arista Networks: Expect Growth To Pick Up In The Second Half Of 2026 (NYSE:ANET),https://news.google.com/rss/articles/CBMipwFBVV95cUxPTzFUMlAxM0RCdWpBN2RtdkFaSkxBM1dFV1ltbndRYkFtclJEeEtqbllKWDlMdXlsZTQzaUlDOUlQblhmZEtobkpRSDY3M1JqSThJbW5CbEY0U1pObTRuVjRyMDYwa2tJQ0trelk5VXpRejFDZGFYSUdQOGVWeXhUd0Nidm1VZGJJZmVGVHFiVWVYTGtTZzJUQXE2akxwMjZiTVlvMW1Ycw?oc=5
2026-02-18 03:00,The Motley Fool,fool.com,Wall Street Says This Artificial Intelligence (AI) Stock Is a Bargain Hiding in Plain Sight,https://news.google.com/rss/articles/CBMimAFBVV95cUxPVU1NLThZMFB4NC1WakRXT1RMTjVQdURXYnlFcDM0eE5LWENVTTJERmU4RlRVejlyREFsSzNXdGhBS1hEOC1nQ1B0QmVvRFVFOHlKcFlSd0Z4SktDa2RLdGZCOFNfSkxLcDA4a0k2QTZ3VWVJV1h6VDhCOHNGU3czOHhrcUNleUlqdlA1M3VJMUVNcE5GLVA4cQ?oc=5
2026-02-18 03:00,Yahoo Finance,finance.yahoo.com,Arista shares fall as Meta–Nvidia deal revives networking competition concerns,https://news.google.com/rss/articles/CBMiggFBVV95cUxPanR3R3RQMG5selVRdnV5eUhfZGF4ejVHLUZOeEp2T25QZjI0V1UxWHdLMnNESTB0WWNrZkFibDJONHM1QWphVmsxS0ZGVUthMUk0ZE95NGI5Y0tWRE1lSnlsLU1TR1dFaU5NTm4xazdrZ1p5eXp5OHJOWUVoZ2RscDd3?oc=5
2026-02-18 03:00,Yahoo Finance,finance.yahoo.com,"Is Trending Stock Arista Networks, Inc. (ANET) a Buy Now?",https://news.google.com/rss/articles/CBMihwFBVV95cUxQS2F2cFU4MTVBdmlDRGZiUFBndmQ5SnE3cW9fWE95aC1yYjB1cDU5dTRmRmdUdHU1OVFhUkREb2ozRU5ZcW1FY0JkUzFEQU9sUHNxZU9VSHpFMl9KZTNvd1NFcW5HSjZUQmRhLURiek1acW52SHdGRTZWdVlmRGhBczQzWmdjY1k?oc=5
2026-02-23 03:00,The Motley Fool,fool.com,1 Incredible Artificial Intelligence (AI) Infrastructure Stock to Buy With $150 Right Now,https://news.google.com/rss/articles/CBMilAFBVV95cUxOLXhFU2ZtMnY5b1N6b3g0cmtGUUFhb3ZIVmxnSjVLYUV1Y1AwNlVpQThtRWJjanE1RXZGd1VhdjJ2dndaRDkxSUFiZWJDUFRlZFUwLWZnWmlScUdpRXVyQTBBZ0FuUGJ5Zl9mYXFiblRlM29OM2dDZzZKdVBERVJMYTg4NVJoMXB1WmJkQ3pNeXRRb2Nu?oc=5
2026-02-23 03:00,Yahoo Finance,finance.yahoo.com,"Goldman Sachs Raises PT on Arista Networks, Inc. (ANET) Stock",https://news.google.com/rss/articles/CBMiggFBVV95cUxNT0ZuU3c0WHdEY0FDRmtMMjBDUDZPUlVBRlBFLVhpWWFnWWJEX0VDX1lvaXAtUnRUbnJjSjBIWFp2YXZCeHBTOXY1RE44c2xNdXRCXzRLQ3BoRHJVVUpLM2ROR19QOWJZTkN3SzJXSExTb08wNHZFSDk5M0VQeUVNUFNn?oc=5
2026-02-25 03:00,CNBC,cnbc.com,Arista Networks CEO Jayshree Ullal goes one-on-one with Jim Cramer,https://news.google.com/rss/articles/CBMirgFBVV95cUxPZnRIZkREVW5BbXg3bG04R2FZeGFaQzZ1dTVoRmJ1WWdTd0Z1OGlETlVJMVNVWEhvZ3dzTDVRR0ppbUowS0dFbnlUcmRkbXZfRHFuUHdUWW5kX0d6Y0FMY0Jiekp3RGRqNndJRFMtRXZpbVNWZ0VLNWVyMng1WUxMQ1p5c0VpWVhBQktLTHExOUZUbkhCSk5hTVJPN2Y1YkhpMkVjVHE5cWx0anNkUFE?oc=5
2026-02-25 03:00,The Motley Fool,fool.com,Should You Buy Arista Networks Before Its Next Earnings Report?,https://news.google.com/rss/articles/CBMimAFBVV95cUxQbnNYQldwdmU0VGdIVHY4RVgtdnNINGNIVUNJNThSV3UwNTJVUVBOUThSWkdoemJEUnhtTmc0cG9QdU1wOVVQcXh1TlhESGc3dTg5aUgwRUVYaEFqUkVvM3VqOGJxYXZwMVpnQ0NPN1E4T0NtaTQzdGtmel9IVTVVZEtnaTlNdlpRNU9vd1FjVFZwalVieWNEcw?oc=5
2026-02-26 03:00,The Motley Fool,fool.com,"1 Underrated Artificial Intelligence (AI) Stock to Buy Before It Jumps 33%, According to Wall Street",https://news.google.com/rss/articles/CBMilAFBVV95cUxOZVpSSlludjNSTUFNQ2ptTjByVUVOazV0Z2J3aTIzTGNRd2JMMnpEbDdWd3ZRZHFlRXIzNGx2Nzg4TGhINjgxYW1GYW9zMWRkdHZCX1cyOVp0OC1lc0p2ZmpReG84blNKRlZILXVGTzVhaW1lLXhZdFhzRjVqMDNWUEVJSF91MU11cm5rbHRKdEZlUW9l?oc=5
2026-02-28 03:00,Yahoo Finance,finance.yahoo.com,Jim Cramer on Arista Networks: “You’re Getting a Terrific Quarter for Free”,https://news.google.com/rss/articles/CBMihwFBVV95cUxQdTJuaXBlT0FRak1QUmk0X25NUkFhQ0VYOUFsSWEtb0lCd1A2WGF3YTQtQ05fSlN2aW42X3FvbkJ0TkZGSHdSU2g0WHhXMnFORWJuc1BycWNxZGc5X3FqT3daSG5IRzUxdjZsTVNncEhWdFBGNnowMVNIb1lEamVVUk9mTVJxRVU?oc=5
2026-03-02 03:00,Yahoo Finance,finance.yahoo.com,"Here is What to Know Beyond Why Arista Networks, Inc. (ANET) is a Trending Stock",https://news.google.com/rss/articles/CBMigwFBVV95cUxOUW9nbFlCVkdLMFNwckEzV0xya2RHTFRLeWJPMTYwOHM4anlpeE9IMHM1eGRvZ2pESTh5RlRMZnlkM3ZsQlB2SjFuR2NJTDFRUDFUTnBJQ3ptUWVSWmZwOVhhTjRYSC1HQzZjb1I5dXVVcjlMSU9FaXhyMzhXc0hVVUNCQQ?oc=5
2026-03-05 03:00,Forbes,forbes.com,Should You Buy ANET Stock At $135?,https://news.google.com/rss/articles/CBMilgFBVV95cUxQYVAtWER1dHJ2bDlFeS1yVFBzUVAwbUZ4UWM1RlplWXo1bnVpUTZacDNMVjNJMUZKNW5xRDI5bFdJRW9aVmJ0U05RYzJXMFQ3SWNERnFjM3BGMkY2cFVxR2Y1MVlnRGtJVWhhcTY5SHZ6cVBBTHVkMzRzVUNYSWpmNl9nbzNHUDdrd0pBcjVYUUhoODJJVGc?oc=5
2026-03-09 03:00,Seeking Alpha,seekingalpha.com,"Arista Networks: AI Race Continues, The Stock Is A Portfolio Holding (NYSE:ANET)",https://news.google.com/rss/articles/CBMiqwFBVV95cUxPVFhyTkRwTU4zdERSWG1fZ0dWVnNmYnlTMU81OGkxa1p6MmJ6MWdUYWpKVVBjcDlBcXV5VlJwZTRLSHdwRDlMYmViY1N2cHphaHRpQ3piWE85Zk5VSW9SZDhhTjhJd3p3VS1zYXFNdGE1Yjg3RnE4NjRDaGtWVHFBZUotcXp2c01SNzAyVlY2TGFDT29IWUJyVnJ2MkhoelJDTHE5bVBWRThjNDQ?oc=5
2026-03-10 03:00,Zacks,zacks.com,"ANET Rises 73.3% in a Year: How Should You Play the Stock? - March 10, 2026",https://news.google.com/rss/articles/CBMimwFBVV95cUxNU3l0cmJ4eVFiSHM3UjFfb09HZlVGZGtVRkVKS3NvbXJtbko2OThfTVBxMDBrTkd2aVFzS01XMjJhTnkxVHNZWlN2TXptLVFlRkczZHFhaERxSEJHYlFGMHB0WVR3ZkcxV0FqN0hUNllFeDFvVmtmZVk2ZHRRaUF6ZVhoNDBLS0w1MWM5bk13aWhMa3dfTzFEN09yZw?oc=5
2026-03-11 03:00,Investor's Business Daily,investors.com,Arista Serves Up Steady Profits. Its Stock Offers Two Buy Points.,https://news.google.com/rss/articles/CBMigwFBVV95cUxOZTQ0TVJHdmktTlRTaDczTG5DTWMxY3MtNURYOTRjcVdyaFJHSm5URkpVcHpadms0dmNfbXRfNUlqY1l0ck5MaWRFaTNxR0k0d0VHSGtuX01KNUlNSk5vTjJ0dTdDNDBWTUh3TzBXSHdxSlhjRHMtRHJIeUpIWFl3XzY2bw?oc=5
2026-03-12 03:00,Seeking Alpha,seekingalpha.com,Arista Networks Stock: Why A Breakout Seems Likely (Rating Upgrade) (NYSE:ANET),https://news.google.com/rss/articles/CBMioAFBVV95cUxQLUsybFBmcFZMcEJ2Zkh5NnRCVFFrVmpNN2h5NlFzbHl5NXJpVWxNTHJMRFpodXRLZGx1MnFOaTM4UHNxMUxMS1ozRWkzMFNTRmY4QnBKOVRJRXZQNTN0M1pKQVBrdVNTMVpyb0YwOWx0RkRwWWU5dVhaRm05c0NTZXZFQWR4aFIyZGx2dk9weDJGcHVmVDA1MEtzTm9JQko1?oc=5
2026-03-12 03:00,Seeking Alpha,seekingalpha.com,"TD Cowen initiates Arista, Coherent and Ciena at Buy; Lumentum receives Hold rating",https://news.google.com/rss/articles/CBMiuwFBVV95cUxOUUt0dlhUbFcteXdhajM1cjhDbDRkR2dqQU5EZU1RLU5mZjJjdHRKR1phaUJ0ZmpPYTBob0xuM1FnZ21NbVlJTHJIWVBkZmhQbE42RDVzWkNUUVNvWDB2ZTJjenlxd1ppUkdlNlNScEU4ZmpoZzdKcERNVGw5SjF4dVBuNUhOcDg4eThZZmhXU0dpVzJYcW9Vam1LdjR4TmNPc1Vac3NwdDR4dFp6R3RaMXJ2U0RvU2h3dE1F?oc=5
2026-03-12 03:00,Yahoo Finance,finance.yahoo.com,"Arista (ANET) to Hit $11B in 2026 Revenues, $2B More Than 2025, Says CEO",https://news.google.com/rss/articles/CBMiekFVX3lxTE9obXNwRUswT3I2aWRtN21FM0xGLU1MRjNZSDhHbnd6TmdSYXdqSmFBcXRCTjhwSU42MEFJUEsyX2tqVlZiLUFXa1hiRGROV1VUSXdGUzd0WS1XWUt2VElPVXVpUDZ2UW1zNWhaX28zNjM5eFNreUswSEtR?oc=5
2026-03-13 03:00,Seeking Alpha,seekingalpha.com,Arista Networks: All Ready To Storm To New Highs (Upgrade) (NYSE:ANET),https://news.google.com/rss/articles/CBMinAFBVV95cUxPS3djb3hwcVEtMjBFcmE0NW10RVJ2Umk1dVZ3dXZSNFpaSHdtZ08zbUNkMjY2LS1SU1VXWmFQS28tTmtOSFUxQXA4UFZBc240NkhaT1ZDbW5uOFhVczdJSGpjeHpHMnkyVW9vMzJGZGh2TnlodGtEdnViS0p1b3ktQXhyVGRiRk5IR2JFWk84QlE2bGVrQVRwWFRoemo?oc=5
2026-03-16 03:00,Forbes,forbes.com,Why Arista Might Be A Smarter Play Than Ciena Stock Right Now,https://news.google.com/rss/articles/CBMivAFBVV95cUxQcVFwQjBmdEhRSm55ZUk0SHFtcE1UQ1ItVElfcjl2cnpaRmJnc0RLR2UtYkF4TWNhRlJvT2VtbV9jUHZmdk4yMUU4SDVuZGJLc1NQVVpsZHhpZF93eGJaVzVLNXJrTDM3RVVsRTlFX2R4NjFZdlFReGZGWTRjUmtWWkw3cFg3alhxRkp2YkJhLXNVZW9Lc2RuRTlON3NBeDY0UmNHX2x4S1NPMmZxZ0lqMFRpbm93azZnTjVlZg?oc=5
2026-03-16 03:00,Yahoo Finance,finance.yahoo.com,"Investors Heavily Search Arista Networks, Inc. (ANET): Here is What You Need to Know",https://news.google.com/rss/articles/CBMijwFBVV95cUxOZE9RMmdOcVc4MFZIbGJzN3RKcUpHV3l6aEwwLU8yanptS3MtWmZkQmo2WEhYUGNTTzdLX25SamtXUGNuWTY3VnVIY1M1a3k4ZDFpZ2tjeDZOTktMSVAwcTlJZ1JGb0tMaUQ0ZUZqb2JKNGhGMnZsRGZ4N2lpNTgwSXNzYXREMmZYOWpWVHlfMA?oc=5
2026-03-18 03:00,Yahoo Finance,finance.yahoo.com,Jim Cramer Was Bullish On Arista (ANET) In February 2025 – Stock Is Up By 37%+ Since Then,https://news.google.com/rss/articles/CBMiggFBVV95cUxPZHhrY29mUjI4NE9vMTRrN0lpOWxscVFRT3FsLVN4YjZaaDJUb0lDYVhkQVdPT2VoVGxNMlhIdjdpODBqdEVvdF9kQVlnbW5ybmZoejdSaFo2MzVHYVhfTnJtOWpaRFR2a2ZHblNUY3ZsVjJXNjNod05kZVVCRzZvSzRB?oc=5
2026-03-20 03:00,The Motley Fool,fool.com,Arista Networks vs. Broadcom: Which AI Infrastructure Stock Is the Better Buy for 2026?,https://news.google.com/rss/articles/CBMimAFBVV95cUxOSFVCZmlOdVlla1U1RllMaUVCRktkN0l6c2cyUzhvNVlJdC0xc3psakczdVlsa2x2UERTS0RxdU5JLU50b2VXczJQRmRrZWFNUDJ1U0twU19NQlc1MVlDTGpEZk45aElzNjJ0NnZzOW1UWVhOQkJLR3VGck1UQ2RQNlo3bU13UGtQR3ViZmIzQkkzZUdweTRGQQ?oc=5
2026-03-22 03:00,Yahoo Finance,finance.yahoo.com,Arista Networks (ANET) Targets AI Networking Boom with Expanding Market Opportunity and Strong Growth Outlook,https://news.google.com/rss/articles/CBMiogFBVV95cUxQNHppUVZNcy1ZQ2hSRG5LWWEtZnpiZDVmZDlhT1ZFSEVXQW1ydjQ2RDVsS3g0WHFic1VNZ1JldTQxQlpTZ3FHYkhUSVZDdkNDQ2RQeV84UkpKai0yQjRUUW1jRmJNY1pwdzZZNHoyd1VSblkzelpXdW0ycFhlS1lCcmVHNVh1aUdtYUdUXy1PR1VXWGxldHBrRHNUb0VuR3lrTVE?oc=5
2026-03-24 03:00,Yahoo Finance,finance.yahoo.com,Here's How Much a $1000 Investment in Arista Networks Made 10 Years Ago Would Be Worth Today,https://news.google.com/rss/articles/CBMinwFBVV95cUxQNXFIREpaUEY4b1BXYmJ1T1NJeVMwaUljd2xCemVqb3M4LXM3T0E4OG9OSW4xQjlTd1hHS3dIUUp5YXRKUktTMHY3U2s2Y3cxa3RjRWZVdkVJWkZtS3dpc1VwVWJiZ0RmcTRxa0dYcldWYkRrYjg2aUtTVGt3UXEzUlRGZzVKeEdvbUUyc0JsSjc2RDFUbnMyd3E4c0lFdnM?oc=5
2026-03-25 03:00,MarketWatch,marketwatch.com,Arista Networks Inc. stock outperforms competitors on strong trading day,https://news.google.com/rss/articles/CBMiywFBVV95cUxQN2xzWWswaWt0NktaODBybG54eDNNNXppWGpBOHNQNm56NFZaYnBkQnJzRVQtaW5MOS1Pa0VBR3RVUHZpVHd3bW1EaTg3Sk03NFZlWDktWmtXc1lZWFltY3lzY2lFSGZEZWZPb0hPMXBTamxsU215S29GX1hFelVjYlltV1lONS1CMlBmQ20yRGZpR2JFalIyaXc0T0lCUE10QlF1VXNNc3B1bDhMSFZKeWlHbVVraHE4LWRzVXAtMUlQclR3WWRhRGlGVQ?oc=5
2026-03-26 03:00,MarketWatch,marketwatch.com,Arista Networks Inc. stock underperforms Thursday when compared to competitors,https://news.google.com/rss/articles/CBMi0wFBVV95cUxOWVFjQkJTUUg4em9Db1RvLVNReFNwSDRxZU4xU0hKQTFFd2VPd2V1bWxmeVhNaXp6Z2Q0eDRyMWJJRWJDVTJLSTEtUlkzVnF5aEJLaHJPRDlTUWZWTld0S2IzeGI3R2t3RnZiVDNCcVVZczc2SEhVNFNEUW5HcHZQTGhGekJLemMwSkhROEN1c0hONll6RmMyZTBMRmRLaVJlUkxCeXJnZEU5RHR6Y1FQbWZMQlhUcmNxMFl3ZjNJM1MwWkV2dmg3OUM4TnRRWS1tN1BF?oc=5
2026-03-26 03:00,The Motley Fool,fool.com,Nvidia's Networking Revenue Just Grew 263%. The AI Trade Is No Longer Just About GPUs.,https://news.google.com/rss/articles/CBMijAFBVV95cUxQTjRNRFV4OUZRMHllYXhiRjZXTnRVd0txdWJhME5YYmwyamIzRmMtd1ZGLXZ4WVdEcXNnazVQQXhQNVdzV2pkWldPcG9ManhJYVREQmtfckdwTGs4bWt5SW5oaUpBeWVJcGhFalE3WHp4Wjc1N3g0alFQd3hfVjVPcnNrQW96ME8wR05ORA?oc=5
2026-03-26 03:00,Yahoo Finance,finance.yahoo.com,Assessing Arista Networks (ANET) Valuation As Mixed Short-Term Returns Meet Strong Long-Term Momentum,https://news.google.com/rss/articles/CBMiqAFBVV95cUxPRWFRTy1uSnk3d0paaHFDVEpZLXExa2V0REVvQW1WcVpZbUFlZFlzQzFuQTN4UXlDUFN0RUk5bUJYMGRJSmdzVldqVnoweWpicXVGUjk1ZVBuMnNJVnBlZGpMRFpEcmJTOWM4cXN4RkxSY0Q0eFdDbmJic185VzlxT1FCNUhHYlQtYmNGSlZ0Wk1qU2VWU0NmNHlicUM0b3Body10QzhLYWM?oc=5
2026-03-27 03:00,The Motley Fool,fool.com,The 1 Reason Arista Networks Is Quietly Winning the AI Race in 2026,https://news.google.com/rss/articles/CBMikwFBVV95cUxNM2VUMS1BUmhwbk9tRFRLT2FfNmRoSzZQZ2RBU0pmZnRYWU9iRUdMUWs5dHllbnEwdXlJLTVVRDNuSGFxSGNpdGNZYTdSbHBqempWX3l3Z3lpRlhGSzN2OXdpQWV0U1l5azZ2SmxMM2hsLVNtZm5kSVpVWjIyYV9BV2F2ZW4tYjhfdDZ1MngyZjN1Q0U?oc=5
2026-03-27 03:00,Yahoo Finance,finance.yahoo.com,"Top Research Reports for Palantir, Linde and Arista Networks",https://news.google.com/rss/articles/CBMiogFBVV95cUxPbnBsUzVHVjNidnpQQ2U0blhBcVRyYVlMaHVQbGpUUGxrbldKTHJVQnVqWUNpcnkzTWJiakY2b2JKeUdwemZfTHdlVDlodnI1LUFxM0F0bmtCRm9neXZWUU9TbTJGekhCbDBOS3NFTEQyaC1lRVFPdUMxTlRkcnJKUG9wMjZsdy1yT285OTJ1VFJrdG4tVWVRX0pFYmdEa2Vmb1E?oc=5
2026-03-29 03:00,Yahoo Finance,finance.yahoo.com,Is It Time To Reassess Arista Networks (ANET) After Its 55% One Year Rally?,https://news.google.com/rss/articles/CBMioAFBVV95cUxQeGpraEpMbjlOZGlod1l0WmU3NXdCaVhEME50blNRX3hSQWpRQUkzMU1mLVAwc3R1OG1tR3JsOE5aeklNZHFGM0pUaXk0U2FuOFU0QmhXMS1nWEVLd1FGNEZDOER4YkZ3VUQzbGpFRGQ3MTh3cXJIVl9XMDktOFhaaThuWHRidV83eVBlMmZuQXB1cC11c19CT2FvdWhUX0Fx?oc=5
2026-03-30 03:00,Yahoo Finance,finance.yahoo.com,Arista Networks AI Outlook Lifts 2026 Goals But Concentration Risks Grow,https://news.google.com/rss/articles/CBMingFBVV95cUxQcmRlWDNBM3JVVkNsdFVtdklwT1VGSWxSc2w5ckNtc3dINUtIbUd3NzhiOUlJaHFOS3RHaHVVcUhEQlBCUEVmaXN2OGVfX2tzSGZBN3BxRnM1clhldndrNUNqSjRYV2Y1R3htR2MtZVFSUXpzVUFVVVR4ZzBsYXdBbXM3eGQ1WXJZd091d0lyZDFGYkltclNoR1lVWGloUQ?oc=5
2026-03-30 03:00,Zacks,zacks.com,Ciena vs. Arista: Which Networking Stock Is the Better Buy?,https://news.google.com/rss/articles/CBMingFBVV95cUxNN05jakZDR1dVU0VOVzI5QkQzRlVlWkZ6MkVjV3c5Qm5CR2pVRjlwNjhjWnFJQ011bFg5NkZRYzd1VHlHR3ZyWjVUd2F4T0xOT1lVMEJaMTRBRThQZFRnTXRTM05pS3ZFZ0tlVUg4VV8tWU15NUhQaG15eGhmTUFOWG01b2l1WDltYWZEbkRpeXliSXcxTWhteHBkZFIxZw?oc=5
2026-03-31 03:00,CNBC,cnbc.com,"Here are Tuesday's biggest analyst calls: Nvidia, Apple, Tesla, Microsoft, Micron, Visa, Cisco, Arista Networks & more",https://news.google.com/rss/articles/CBMijwFBVV95cUxQYjNmY25kQ2lySUprcTRuN3FJUEJ1bnNPUjFLclFqR05iWjhtV1YtM2R6OHIzVHYwUjdpa09neHpWVkQ0aGNMTWpHOHlpZTJ0STgtdzZsMGU2eDdScF9iMHJHNG4xd1lNN0NJdHB5UDFlaXRLVEZDY2Q1LW9ScHB1eWhTR3A0Q3Q3YWg2RVZsZw?oc=5
2026-03-31 03:00,Seeking Alpha,seekingalpha.com,"Cisco, Arista Networks among Truist's favorite networking stocks (ANET:NYSE)",https://news.google.com/rss/articles/CBMiogFBVV95cUxQeGN2X0NqdzRjWTZqTjBuMXgtUmZ0Mzd6SG04Qlp0Ull4aHhoSDZYWVJtZTB4N2N1MEZVaWJQejU3RnZiSFNyRVQyTTJnXzFPQWk5UVdPM3RNNWw4SmxSTThNa1BLc095S3ZoSzNYelVjN1Qzb09EaWstRnJPc0xTS2NmeTZwN1hzaS01YUNHOWlfa09XdU1qVDBFQ2kxTlgzbWc?oc=5
2026-03-31 03:00,Yahoo Finance,finance.yahoo.com,ANET's Margin Expansion Moderates: Can Growth Be Sustained?,https://news.google.com/rss/articles/CBMipwFBVV95cUxQOGVBZUw1SzBJVk9aS21TSXA3OGVRcDJSZHRNcUt1d2NTSUxuRlEtNW5VV2RqejgzRVJ4RHdrLVktMjdMZVVueUVGdDhsVi1OLW90U1lUUE5UaG5UYll5eFpzZHV1Rlo5MW5GLUYwV25sdjBOeXZ5bEhwZ1Q5MkJCQnBNaUM1Uy1feC12alNIUWs3Zk1zR2w1SFQ1cDh4R2o1RDN6ZlB5bw?oc=5
2026-03-31 03:00,Yahoo Finance,finance.yahoo.com,Why Arista Networks (ANET) Is Down 6.1% After Upgrading 2026 Outlook On AI Data Center Demand,https://news.google.com/rss/articles/CBMimgFBVV95cUxPX2JSa2FhSFdZbG1pcWFGYXhjbk5RTlhhN3ljQ0VESl9KQUV1WVJ0VTNKYm1ObGhIcVo2Q3A5WUduS1lnVHZtX2tMRjhicWVZbkRkZzllT0hMbjlRZHpVN3lzbWpsaUoyUC13RktUd0ljZHlvUFo0N1dWY19pdFR6R1NwSWN6X19DMGt2U05fN0Q3UUVCbi0wR2hn?oc=5
2026-04-02 03:00,The Motley Fool,fool.com,Here's Why Arista Networks (ANET) is the First Stock I've Purchased in 2026,https://news.google.com/rss/articles/CBMilwFBVV95cUxOUDQyWWpYYnAxbURSWTEzMm1PVEw5YUQ5MVZKVU82YnlqOUpTTDhORU5OUWdtU3JlQnJpUjlJWDIwU0JOcVR5OTRDaVBNblFKUndKYUZFc0U5TlRPeUI2ckZ4aXBfdjBzdHJDbm8yMzUyZ19EYXViNUNzUVY1dW9DYVFNZ0RucXlJTEdLTkVya0F4VEJMUmZv?oc=5
2026-04-03 03:00,Yahoo Finance,finance.yahoo.com,"Arista Networks, Inc. (ANET): Billionaire Steve Cohen Admires This AI Stock",https://news.google.com/rss/articles/CBMiowFBVV95cUxOUVRtODJmMUNpU3dhVk5lWWFOUGZsa0VYYy1TSmZBZGl1QWJhQ3M1STVkVjFpb0c0QWRRaTNYdVlHakdEMUpsbXdXQ1pmdnptU3J4NXg3STlzRWxaSnBBdHdrSGQ1REVETFFsVkpQWER0azZJSkI4cXVRMVRXVlpGWDlZa2dYSUZmVjJJcS13NWdvOHRoQUx2a1ZYb1lQNnRkSDRZ?oc=5
2026-04-06 03:00,Seeking Alpha,seekingalpha.com,Arista Networks Stock: AI Networking Growth With A Durable Moat (NYSE:ANET),https://news.google.com/rss/articles/CBMingFBVV95cUxNRnZlWFVSdGtBZk5DWW9TU3h6WWt1eDVpLTM4dFplcDNRTHM3Sll6dTRhZExxTEo1bDU0M0pPYzVVZTdGcFF3QmVra0s0aXJqamo5eF9QV09ZM2g5NFR2TjJZbmlJQTFZT3pyWW1jbVpsVEpwVy1abTc3eWZiSHpzRVA0Q2hDeVpQYmZHeExvdVZQRXhtdEdYQWppSU5Hdw?oc=5
2026-04-07 03:00,Barron's,barrons.com,Arista Networks Gets Upgraded. AI Hyperscalers Could Push the Stock to a Record.,https://news.google.com/rss/articles/CBMihAFBVV95cUxOS015S1JOSmx3aW5hRWlkWDBxcFdYX2lndnJDWUZ2ZXViX01waTdYX0tub0x6a045S2NTRF9QQ1ZqVHZZTWdtZnB3QTZLaWZEcnBleVhmR0c5ZWVYYmt6TjBMT2UwV2pSemxIWmNtaGRnaUZyN053Q2d5S19RcUxkS1hHb1g?oc=5
2026-04-07 03:00,Business Wire,businesswire.com,"Arista Networks to Announce Q1 2026 Financial Results on Tuesday, May 5, 2026",https://news.google.com/rss/articles/CBMizAFBVV95cUxQVzZvZXUwNmlSLUpVa3Uxckw0VXF4LXQ5cnNlbDhydlg2YWNxU3JDVk5wcmF3V1BaaVRXYUY3S2NEQjQ3cGhhY0xoSEtNN2Q3Q1lqRU9IQ2RtYjdUZ1ZkMWQ0eDFXNnJfRldRbGtxUDFhMDhsM2ZKRUVoNzdtN1B1Q3ZiUTBMdEh6cWFGMzhEQ04tYWdxVVI3SkRxeHlEU0k0ZTE0MkJJN0duWkJnalNyc2NxNnNZZ3g0M2VfX2xuQWFsT2ZzMlhVT1M2TDk?oc=5
2026-04-07 03:00,The Motley Fool,fool.com,The AI Supercycle Isn't Over -- It Just Moved. 5 Growth Stocks Riding the Next Wave.,https://news.google.com/rss/articles/CBMimAFBVV95cUxPMTdQTWszWXBMakZGVUh5aGl2bS0xZ01VNGZUQ21UeUtRd0NCU214ak9YMWZZd1VzdHBhWmZWZlN2aTNNZmdnamxvdXE4cnNxV0NxTjA3aXdwbmZZekthYkQxQ21RODQ1bjMxXzJ3ZGVLWk4tTnAwZklUR0RmRFVNM3BWRmQ0bXd1YzA0ZHhhbFV5WUdQTUYzSQ?oc=5
2026-04-07 03:00,Yahoo Finance,finance.yahoo.com,"Arista Networks, Inc. (ANET) is Attracting Investor Attention: Here is What You Should Know",https://news.google.com/rss/articles/CBMiogFBVV95cUxPNkh5ZjlFLWRBVnVJTlE2SW91bFJudVF0UU1tRUFwUS1MRWxUS2MwYTU3MGxTLWVZX2swWU1jUnI3RDF0ZFA5RE9FYVVPZjFKUWxKRmx4QnQ4UkE5UlBLb1RNazBiZlRLZ2JKdUIwN2N5RXBVTllDdzZ6bzY2WnZjTldpdjY3dnJCaGtvWjNPZGw5NVdjWUJSTmNJT0VFbFcxVUE?oc=5
2026-04-07 03:00,Yahoo Finance,finance.yahoo.com,"Arm downgraded, Arista Networks upgraded: Wall Street's top analyst calls",https://news.google.com/rss/articles/CBMipwFBVV95cUxOX3kxZG1NWEVqcWIxQUVxZFFFeUhLaGRKaUM2M21JVU1DS3FlRThuWFhhdzk5ZUFlMW9aZHBDQUFkWF9wMHp4Tlk5RVItdHRNNG1HR2FyUVVHMk12RjIxaFpZVVp5bzR6MjV0LVhudW9pMndvdTVmVUM5X201X3J1OWtCZ3FpVVVTMkgzVFRSXzdKZENCMW53Z29sdWJkNzMtX3ZXQzk0SQ?oc=5
2026-04-07 03:00,Yahoo Finance,finance.yahoo.com,How Undervalued Is Arista Networks (ANET) Stock Right Now?,https://news.google.com/rss/articles/CBMipgFBVV95cUxNYjNtV3lueFNwa1BaS0Z4YmZpcy1Pdm9iUF8wQm9acVZ6UHI1cDBJcDNUVGZvX0xCdFVYdFUzLTZWY2NqSWJqU1prbDdyd25fSm5vYzlaQVVSY1FsY2Y0dFFDeXpLRk1sWHZaNkQ3SkNqdnJyUUFPdnBPbmZ0ZWlEMXNpSXNpWlNIc3VnczRfY3RXSlBELTRjcDhKdWkySDVVV0RtYnJB?oc=5
2026-04-07 03:00,Yahoo Finance,finance.yahoo.com,Why Arista Networks Stock Crushed it on Tuesday,https://news.google.com/rss/articles/CBMinwFBVV95cUxOMUJraEtyMDFEbDBxam5kZzItZi1HN21CdlMtM0lKU2J5N0NGem1EZEUxRGJxN1BUM044RGpRVjF0N3BtekpHalltUHBuSklRRUszNG50bTVFT1dQcUFybTVSMWwtemVNeXB0bS1wXzVBeDZRaHFweXVIWUNNcXVNWEJYNUZQUTdEVDdrYWI4ekVqaHlLOWxpNGJtOWE2QVU?oc=5
2026-04-10 03:00,The Motley Fool,fool.com,Why Shares of Arista Networks Are Skyrocketing This Week,https://news.google.com/rss/articles/CBMimAFBVV95cUxNT05Qd0VsMWJqU1U0QW1LQmN4VUNuZGFWOVRNU2NiT3N6LWt2cTY1NnBwNk90WEp1OXdNVTBxTVJlMTBmcmZ2czVMNXV1aEFDR2N0UHZZbXF6blNEMjZSVVZKT1M4UnpQRldoblRIVXVNZkhLTzRsaEk5TzVIRTI0WWR3NnVUS0VLaEd5LXdqcVRhNnk1UE83cA?oc=5
2026-04-10 03:00,Zacks,zacks.com,IBM vs. Arista Networks: Which AI Infrastructure Stock to Buy Now?,https://news.google.com/rss/articles/CBMipwFBVV95cUxNN3psUkFZLWlMMlIxRmFlSE5GSkctNGZ3eVZCdzh0MXBjS1lzVXY3dVhaRERKLUJtc3lkc3VvN3NydHo5SVk1Y0JwSTNCUXZtdWFSLWppaEdtMWZKc01nSVdMTUQ3YWJHcmJxSVRvRVVNUm1yTmx6RnIzbi1McDllanF1dmNnQks5U3p0U08xZlhJMEhkRzRhMWx2LUNzQlF3b3RacGpJUQ?oc=5
2026-04-12 03:00,Yahoo Finance,finance.yahoo.com,Is It Too Late To Consider Arista Networks (ANET) After Its 103% One Year Surge?,https://news.google.com/rss/articles/CBMinwFBVV95cUxNNndQbmx2TnFpWU4wTERXQVhkMFNHWEYzM2RuVExzMUhURVl3RFJvRTlWQlF5b1FmM1VUdE1ieGczLXRIZVA1bE4tVHJMX2R4TUtyRXZHVGhFVmlERjZ6SlloTm9TNTN4dFBaeXo1UUk3eW9uR1BiRmNqdFpUREJUelBSTldPVDZEZFV1cUJrRUNTbUNMbGs3OTlFdFdOajg?oc=5
2026-04-12 03:00,Yahoo Finance,finance.yahoo.com,Rosenblatt Upgrades Arista Networks (ANET) Stock to Buy from Neutral,https://news.google.com/rss/articles/CBMiqAFBVV95cUxQdUE2SGE4aFZTLW1qVHZJdnk5cXFsYUplSzF0ZjJfa2FEaG4ySkxiR2dUeDZDVEJtb0JyN2xyWTBXQTlOTTdNZ2xwSzVPYUYtN25LUGtWbG5ZdzNQTTBwODNEZFVlaWRpNnM4WUE1bzVSMFAwQXhSeVpxZVRwTk5OeXVEdnBYd0pPbWVPTDJVdVBOaW5zX3BCUno3SmdIT1ZidHNWa1hQYVc?oc=5
2026-04-13 03:00,The Motley Fool,fool.com,Arista Networks Stock Analysis: Buy or Sell?,https://news.google.com/rss/articles/CBMijgFBVV95cUxQYnZISVRvVlBxUktpeUE4aGVSRWZBYTRmbTloNW1WajBGVzlaVnFWaWZtbGJTX0NjcXJHWFZscEZiNVRpcjdJSFpuY1lCNTBnVkhtZEhHYUZvT3NfWUo1TmRpcjVyc19uNWw3SnpoVnc2Zl9jSUNieXQtNWM0Ty1hdUpLekI3WlJvTUtGMWJR?oc=5
2026-04-14 03:00,Yahoo Finance,finance.yahoo.com,Are Computer and Technology Stocks Lagging Arista Networks (ANET) This Year?,https://news.google.com/rss/articles/CBMiqgFBVV95cUxPRnJ2T0Rtd01PUTdicmlINkVVS01MSklfQ2JuUXFFVWZRbVVWZ1JBZ2duVDd6VEVVQUd6ZnBmWUdwS3JIVEpJX0ZrWW43Z1BwMEtjM1Y4TURIU0p4VnhLd0x0NTg4S3FsWmpBV1dabVZZb2xab1UxTldMWnBURHZJcXo1Nm1xTUQxYURqdzYxQzlYU1lNMUo0bndveVIwckhLVnB5OWFhWG1OZw?oc=5
2026-04-14 03:00,Yahoo Finance,finance.yahoo.com,Here's What to Expect From Arista Networks’ Next Earnings Report,https://news.google.com/rss/articles/CBMinwFBVV95cUxNQWlwTldmNXFUcjRSeTF5UGNiWlpfLXdkckM2aURSOUVRend2UWZJYUhBVjRJcnIzLWdSQ1BwQTRJa3RCSGZmbVVLTVlwQWl2WlZzZjZjTVE1T2lNLUhTbVhrY3FiS2R2ckdsTlA0SG1XeF8tbklsb25DODBQR0g0Rzl1X3c3NWV4emlIY25KRTVMU3d2ZE5pNjEwanJSMTA?oc=5
2026-04-14 03:00,Zacks,zacks.com,Can Rising AI Demand Boost Arista's Future Growth Prospects?,https://news.google.com/rss/articles/CBMioAFBVV95cUxOZllGR3RsNm9pa2JKZktFcXM2MHp6TWtra1lQX3cwNFNrZzlnbDlOalVRdkhiTTRZYUhuakhpa0RuWjBVOG4wbTJ0Vk96Snp2OV9OaThBbEdhYmNvd2kySVlNRHhrM2RJOUZiaFZ6MlVXQV9oSUNBVDR2Q19rQWU5bEp1YWJhNThYS3dlbmZoR1lSSnpWc1R5WXJqS0RwYnN5?oc=5
2026-04-15 03:00,Yahoo Finance,finance.yahoo.com,Is Rosenblatt’s AI Confidence in Arista Networks (ANET) Reframing Its Cloud Networking Competitive Narrative?,https://news.google.com/rss/articles/CBMiqAFBVV95cUxPenFzeXIzWEtGdVZEaHlqNlVIcExaQXk1N2ozT1FYUEVLb2E2TXluVkxpZHR3R2RXMUdESjg0QUxSSmZCN2twRFpsWEJmTnFtRGNFV0tjUW9oRFZkb3pyT1dZUVY3VlFTdl9leHdydjF1S0h6Q0Y4VVkyal9GR1dWbmRoeDZKSFFNd2F0QVNMaWZYdDZRQ3huMFRJbkEtbFlIZDFDeHF4TmM?oc=5
2026-04-15 03:00,Zacks,zacks.com,"Bull of the Day: Arista Networks, Inc. (ANET)",https://news.google.com/rss/articles/CBMiiAFBVV95cUxNZ2IzZ04zaXNfUW03WThSa0tnNHpmUDBZaWYyU0EyNnppdGc1UDNLWWY2WHZ1MHhZVGdqRDYwUVc2b3VFRXZ6U3JpS1llTnIyZTJzUXhIbDAyS1k5LXZKUWFJOWpOdmhWVjNJWTNwdHVRV3RqQnA5NWR1TF9mcDktVmxJUHFWY1Rm?oc=5
2026-04-16 03:00,Investing.com,investing.com,Arista Networks CFO Breithaupt sells $1.37 million in stock,https://news.google.com/rss/articles/CBMivwFBVV95cUxQeC1VVWluZGQ2TklMMkhjUl95OThOSEI2d2xONklNbEZpSWZNakxBSUFUVGluMDNiOWhVT0EwVDN2NzlBUFVwbWIxTDgxZUkyc3VDN05TQmFDdWtNYnVwbmhyVGc2S0M2T20za2ZtcHVPUGVTT2xMTkY3eGQwMUFXTlNJX2MxTHdUMmZVVUVxU3ZaRVd1SGpJTE1oN2IwM3VtN2g0YjltV2NRQXVYYW9iRWdkVEZVVlg4S2tMUThabw?oc=5
2026-04-17 03:00,Investing.com,investing.com,"Arista Networks director Wassenaar sells $213,532 in stock",https://news.google.com/rss/articles/CBMivgFBVV95cUxOaE9RMkh1Vl9BOW44QXVCcXZ0N0F3WVhfdnpjY25sRW5DanJ6bm1LbXVPZFVWLVEtQW1vNWM1VWN1aGEzdjBsRXFJLWdCRi1xMUwxT2MxV2ZIMmV1NFBpbFlkY3ZSaEtyUGJoR1NYOVlLQjM1NlU3eWtjbWZ6RWdZcVB4OWZ5VGlaNEo3SUh1RE1YUkgxUEFCRDM1NzlaU3I2ZmpSd2tReDJoUU1HczZqbmRKZDZ1RDI2Y3hlWWNn?oc=5
2026-04-17 03:00,Investing.com,investing.com,Arista Networks stock hits all-time high at 164.95 USD,https://news.google.com/rss/articles/CBMirgFBVV95cUxPZUctSjlCNzgyck9PV0YtNDA3dFZ4M1lsMGNjd3BDakM1cHh3aDBPdi1BVW5GVkhvRzNQdVhIY0FmLTlhRGxWb01QSWhadVU5bk1FcDBJNjZFX1lFZTNLSVJCc19tWHdZY0RjNzVHSFdkdFBsdkJzdHJPQk1XLUJfU3c0OUg0MDFDQkNRVlZrS0xmMVpxd0d2ZHdadnJhYnJKVVZWcWJBN0NaUWo2UlE?oc=5
2026-04-18 03:00,Yahoo Finance,finance.yahoo.com,"Arista Networks, Inc. (ANET) Price Target Increased to $200",https://news.google.com/rss/articles/CBMimwFBVV95cUxQR1FMQ3RVaGNGNmlNTU5qZUVWYWxmWEdWQUM3ek1lMm1WVU1pYXU1TDVrU0x1dTY5NVhWTUFwM1BwUnZnMXRyWm9GS2p2eGxUTHpMREtpbm9PbEN5cmVQTFZCMnFBMDczejVnaVdGcnhXcTU4UUgwQVQ0YkItUHlUNUNQNktEMWRvS0lNZDVRUDE3OXZnRTlyNEd3QQ?oc=5
2026-04-18 03:00,Yahoo Finance,finance.yahoo.com,"Rosenblatt Upgrades ​Arista Networks (ANET) to Buy, Here’s What Changed",https://news.google.com/rss/articles/CBMiqAFBVV95cUxQWTdyUGt0bnhpM3d4UDlPZGJPbzNRN0o3NF9HTEtVMHhpNEtfT1hFUTJkNXFZdjJUalB5X1dTd2wtWjlwdTVrWllDOUtsMlktaXo4OUIta2YtT3JMTzM1OUFSQUlqbmh0Y3paalZZSVBwYlF4ZldOcWxaeEJOc0lZc09vYkVRS1R1Yk9peDV4RXlVVG1QVmd5azA2UzVfSW5QVS1zbUl6MFc?oc=5
2026-04-20 03:00,Investing.com,investing.com,Arista Networks CEO Jayshree Ullal sells $55.76 million in shares,https://news.google.com/rss/articles/CBMixwFBVV95cUxQajRJY3g2RDBZU29UWVlheWVVRW1rV09rWHRTZXBldUJSQ041YWgwNmxMUFN2bmZ5YkhpNm1YemhUS2swTHRJc0xrNGJUdWZvdFljVHBJUDloenFkLURKYjlCTlV2VFBnTDFEREJobFV3aWFNTnlLZVFWLVhWcWF1dGp2MDh4YWFESGZwcFlnUXZ1VEtBV0UtNFh4bkdLTk4zRU5sVG5tMWlRWXJjNUN4djRlcE1IcmhjZmNBT3FxX0d5clA5dHZn?oc=5
2026-04-20 03:00,Yahoo Finance,finance.yahoo.com,Arista Networks Inc. (ANET): Potential Winner of AI Networking War,https://news.google.com/rss/articles/CBMioAFBVV95cUxNQ1J0a2lnazJ4ZHBSMWVELWFGaHBxYXpEZzJ0emFqWGl6TUFCNnZiUTZ6N3VBZldvaXFxTWh2SXB4Qlo3RDNJM0lxSHlLaG1fUHJrNENqMTVyZGpzSXZYclZvMUkwUU9TWEJoYWtueFdUUDJ5YzEyclhrNUREWktYajN2andScHllREVwZmJpZVdzbFdPRy1aWWItOUFMaTVa?oc=5
2026-04-20 03:00,Yahoo Finance,finance.yahoo.com,"Evercore adds Arista Networks, IBM to tactical outperform list ahead of earnings",https://news.google.com/rss/articles/CBMinwFBVV95cUxNbmgtZ2MwbU5xZDZKYUZIYVg4bENWTTg4R0sxRVhlMU9FeFJtNHJSVHlsM2pwYTJ2WE5qRGRfQ1Ata3FhT244dzVmdmxZSmQzaEUyYVVyY2hyMDJMTWNmdEpRWjBuNHY1R2VhU0JNX3Z3NUxOQk43enliUzJJd1RGR0xuTHctdGhrTmxUUDJQX0NlX3RDckJfTzVqdnVQTnM?oc=5
2026-04-20 03:00,Yahoo Finance,finance.yahoo.com,Will Arista Networks (ANET) Beat Estimates Again in Its Next Earnings Report?,https://news.google.com/rss/articles/CBMiogFBVV95cUxOdWtDSFQxYW81RFVvRTJ2aHJaQXNSRkI0REhOVFExZndPamIycWJGUVFfZ29CRXpaeWFEbzZwcVBaZ1hHSGRzbWtucUlBTWNUYzlaQzB0SDZUMEp2NDVfdnRtbmlQUjJ4QURBN0k3S3MyMlZfYkExRVl6UFhUSWV6bnlfVzVJZ3lNNzZybmpvX05FY1ppRkY0bDhMeEgzczdRSXc?oc=5
2026-04-22 03:00,Barron's,barrons.com,Arista Networks Poised to Benefit from Google’s Virgo. The Stock Set a Record.,https://news.google.com/rss/articles/CBMiggFBVV95cUxPdjM4NHlNQkVkSUpNbm82dEdKUHk3QkdSQ3NZU0hmTC1kN3RCa21GOVEwSFpOTFYyODJUanc2Ql9EcGhJa1k1RjdiVmprbFMwWDNGV0lZLWpnY1BaX2Zqbm1FTFVwbGJTTkU5U1RFZjRtTlhmd0FJWjVQQlMzWTFFNHNn?oc=5
2026-04-22 03:00,Seeking Alpha,seekingalpha.com,Arista: Heavy Capex Demand Keeps Justifying This Stock's Premium (ANET),https://news.google.com/rss/articles/CBMipgFBVV95cUxPNW5tZ2lSNENWSTFyaGxmM2ZjVmdwM3dtZjJJQjlhNnRjVDZjUF8wMUU0LUg0OUhENXZpSUk1MlkxX0F0Szd5SVlOTHM0alNPdFFsY2FWVlkwbEZPNlphUTJDT1FpUnd6NDlwaUpoR1NtZVJXcHJoYk11T1VxcjY2MmxMWktnUDd4dVRiQ2p5dS1JcXh5bTJsc3o2Z18ybjBmVk5KZGt3?oc=5
2026-04-22 03:00,Yahoo Finance,finance.yahoo.com,See How Institutions Boost Arista Networks,https://news.google.com/rss/articles/CBMipgFBVV95cUxQNkJfYVo5TFVpRGprTVpGelhxRGlSNWUzam43ZEo0aks3TlF3bzFHdUJTeExERUkzT0lUQlFfNzJvaXRLNzlHUmtyekM2el9tcExhWmxVYjVnM241eFExOGNFbzd0ODNhdDFncnZxMDF4WkYyR3JqZVBXYURmZGJ0Y3BfV3ZzeGdrenJTUnM1aUxUb2dpaEVLQ0c4dHAxNUg3UVpLNm1R?oc=5
2026-04-23 03:00,Investing.com,investing.com,Arista Networks CEO Jayshree Ullal sells $15.8m in company stock,https://news.google.com/rss/articles/CBMixgFBVV95cUxQNHZra1VjMjhIckNFTk9YekQ0eHJ4NHQ3SEZ2c0pQSFVhTnpDMGlSbGItX3hobzJMbVpIRnduLVNSM0x6cEJaS2Zzamkwa19iMFdRVThGZGpjWUo1Z2pnbTdDM2o5OTZ0aU8zT0dJVU5HRGN2UWNKVWhzM3NQd1h5MnREZl9aUy1ydTJIMjFkQXpWMnR0NXQtcVJDbE1ZRWdCc1QyR1pkQ0c0ZERKYTJraDJHUU1vdnFGRlg5OGR6VE13bkRPNEE?oc=5
2026-04-23 03:00,Yahoo Finance,finance.yahoo.com,"Is Arista Networks, Inc. (ANET) A Good Stock To Buy Now?",https://news.google.com/rss/articles/CBMimgFBVV95cUxQSi02eW5sMDZhcjliVmh5YXp3UHI3bDAtRlhCN1FTNXAwR0NwZkhhUTVZUHNLUjUxZmk0d2pUUUJzVzUwNzZZMVA3WGVYbmtxb0NjQWVDRVdwaEIxMHNwTjdVd2Zua0xXWVBjVFE2QUlqWGRWckEtbmNaN1BFaUp1YldGeGRsMk1aY2w2YnJtOTMwbV9iSVdXanJB?oc=5
2026-04-23 03:00,Yahoo Finance,finance.yahoo.com,Jim Cramer on Arista Networks: “A Personal Favorite of Mine”,https://news.google.com/rss/articles/CBMiogFBVV95cUxPQ1N3ZE90ZHB4Ym1DdEd2Zndwc0o3QWpqRWpubFJKelpsLXJCVE8zMjMwNjlPVzdwRmVQTDdRR0ZGbG53MnQ2TEVsOVVneExYODcySFZrMXVMdExBSmpKU3RlZ2M3Yjk0bGRtd3BDSkZyTjRLNDk4TE5YUzR3bFhvNkhVcHhhUmx3dUllaVVra3Y3MnZyZ0d5MGp0Z2k4R280UWc?oc=5
2026-04-24 03:00,Yahoo Finance,finance.yahoo.com,Arista Networks Raises AI Target As Ethernet Challenges InfiniBand In Cloud,https://news.google.com/rss/articles/CBMingFBVV95cUxNQmlaLXlPNzRNQ2NlWXNDNVVrZ3JmRXhEOXNRTVp4YmJ4X3BnaVBnY0MxUGlCcExPdzF1NWpETjRWTGtpZDJzSDIxUXUzbmVwN2NuemlWQUZGVFNlSDR5Y0p4UFhYY0pGc2V0czZ0ZDN1d1lxUlRMV2RQTDhzODhUaFhDd0tVWVZHQWlkcXRGV0czSEYtMWttNWE5WndnUQ?oc=5
2026-04-24 03:00,Yahoo Finance,finance.yahoo.com,"Arista Networks, Inc. (ANET): The Next Trillion-Dollar Breakout?",https://news.google.com/rss/articles/CBMimgFBVV95cUxQUV9VSm5RbDk3RFJfWnBlN2JSdjNYTkZ3ZFpra2ZRTWVHNUlEeER6b3pGRlRIdml4RzR3Wm83emdSclJuNjgwck1hWFQ2XzRfd1B0bGU3M0YxMDljVFg4cGo1SkVBLXl1OU43WDA4cVRhWEIyTVlvWXFFanBVMU9XMHdCYk1QdkkyZ0pScWo3U3JDSVl1dWFDSExR?oc=5
2026-04-26 03:00,Yahoo Finance,uk.finance.yahoo.com,"5 big analyst AI moves: Palo Alto and Reddit get fresh Buy calls, AMD upgraded",https://news.google.com/rss/articles/CBMie0FVX3lxTE43RV9FcmswWkF0U3JmWENld1ZhSDh4Rlo5T25aMjFPUlR3ZWkwUU5sTWhWOG5jSEpGaUhkV0NFci1NY1RmbjFyZDc5VjcyMnllWmxLb0V4N0NyWGFCNjFzSU9wcWhMY2R1QkRQNW5HdXprdWFlZmlOMDg0NA?oc=5
2026-04-27 03:00,Investor's Business Daily,investors.com,"Arista Stock Rebounds From Nvidia Favoring Meta, Oracle",https://news.google.com/rss/articles/CBMiuwFBVV95cUxNSy1FSHlMQW1JS0ZaVkJCM2N4OHV3Rk10bGpJaEM1cjdtQ2l3ZVluX3JxWVV1V0lHWDlhYXRDdDRLaDlFYUdXSml0TkNQWWp0cG9HQmIzTjNGMk45emVRX2l2VXRmaU1aUlFwTUczOTNaN3VYQ1Nsel9od3ZpMnF1LVREcEtVa0Vvb1pmdkh4Rjd3VFh0VXpob0duXzRJSmpwVm1rai10bzV3WjV5M2lzbXVTeEh4Vk9ZaFZZ?oc=5
2026-04-27 03:00,Yahoo Finance,finance.yahoo.com,Arista Networks (ANET) Stock Dips While Market Gains: Key Facts,https://news.google.com/rss/articles/CBMinAFBVV95cUxOMGZaWFVjSFVRUUE4RWV3Ry1oNGZ0MmZVTlNzb0l1Tk9Ja3pJV3ZueGU3VmVxUHJtaWt1dS1GTGZIbUpGUDJxNG9ZNHFJQ1hiMFdsd0JtaEZWbzFqaU5NamQ4YnUxUHM0bTZkN0NEb3NpQmU0X0R6cHJ1RzN3YVdsTC1oWlYyNFNEOHd1VnhYemJnbnVndXVyZ1hybEE?oc=5
2026-04-28 03:00,Seeking Alpha,seekingalpha.com,Arista Networks Q1 Earnings Preview: AI Momentum Meets A High Bar (NYSE:ANET),https://news.google.com/rss/articles/CBMiqwFBVV95cUxNSDg1Zm1TcURMT0d6bUozaTZyZWdQYmt0MFg1eHlvdFlzSnVLSG05MTBPMzIxeWhPNDA4dlBwS3o4dlgzTk1WZy1qZW52c1Zyd2kxellSaEJLNHlIREJYTVhid2p0R3FLamZJQzgtX0RJcEZ0bmxycVhXaFRsYWtkRUFCb0lvd3B2ZTlvV2lvMUl6MHU2TlVBdXc4UmFKanJSRHpaZ1k3bURZaFU?oc=5
2026-04-29 03:00,Yahoo Finance,finance.yahoo.com,Geopolitical Tensions And AI Contract Jitters Might Change The Case For Investing In Arista Networks (ANET),https://news.google.com/rss/articles/CBMiqgFBVV95cUxPai1OYmdDUE1QQW5hMnliMFMzZXJsQlM1Y0xUaEtLTWNpTkhfT2ZTUzBtVWtFRUpHN0tKTG1MZ0hxS0ptcWJHMzFVeFpTTW9UMUJpdERzbURHVV84Y0doMVV2S1NiaUIzdHprby1nVXZTaTlLRFI3SVo0TUVvZ0JoRXdjVGM2NVRjdE9YaW9sVmVQNHMtcmVvV09vdGdJbW1fVzJjaWo0NnFMQQ?oc=5
2026-04-30 03:00,Yahoo Finance,finance.yahoo.com,Is Arista Networks (ANET) Stock Outpacing Its Computer and Technology Peers This Year?,https://news.google.com/rss/articles/CBMiowFBVV95cUxOeDVsRmJBUC1qNXBqLXdOZU9ySmZJVzROeHBiamVxWnN2T3JQNlpCdzhmZnVaNVJicFRDa3ZCdVRDRWhKbHFZTmdWVU1STS1iZGVHNlRSZzFIRHBrSU5zSVI1dWJXR1JvUmNrMFpvUGw2dmg1TGpzcFFQUmpKNGo2MzdrcThqQnhYR1ZpSHJjZnVHdUY0V1pXbllfeWhUUHByb1o0?oc=5
2026-04-30 03:00,Yahoo Finance,finance.yahoo.com,Wall Street Analysts See Arista Networks (ANET) as a Buy: Should You Invest?,https://news.google.com/rss/articles/CBMinAFBVV95cUxQZXBreWxhTWlZZUpaRkxiY051dUp4WVNVZkYzemV5MlIybXlSWUFidzhoU0xGajRnWkJMYjdtU1gwM2xKc3dDTU1HRno5VHBQYXRBVF9xc2xDOXBVWm1zeGZjb3A3SURBMVlQUTdyaW5FVUtJeWxFZ2NacWludTFVdGF2enM3X2JzNTFWU2NlVG15Y1liLWFaVnhaQWo?oc=5
2026-05-01 03:00,Investor's Business Daily,investors.com,This Nvidia Rival Gains Momentum Ahead Of Earnings Report,https://news.google.com/rss/articles/CBMirgFBVV95cUxPLTIycGhJSzcyRHlNOTBGbDRmd2U5eU9ueGxpeTQ4Y01WVTNRbWd4TWtEOWllX2llajE0Z0ZkMEY4MmJISzhiY04tZi1hZjBQdmlPVkVmejFON3UyMEN0MkZFc3VwdW1QYldoN0FuaFhQSm8tYzlVc3dSWXFvOFdnMjBocnFaTUh2Tm5VNjBkWTJtb3lUVlFmMEpZZ00yVk02VWpubmZSS1ZxQ3h0bVE?oc=5
2026-05-01 03:00,Yahoo Finance,finance.yahoo.com,Should You Add ANET Stock to Your Portfolio Ahead of Q1 Earnings?,https://news.google.com/rss/articles/CBMimwFBVV95cUxQYzJfb2tHLVE4Q2w0ZmRtc1VGOWUyVkVxcXdMbDZhQ0lWU1RMOVN6VndTSEQ3S1EzR0hMX1Rpc1FmUy12ckhYdVA0UnV0SFFwNEdmZUxuUzZIVkFZTkVaQmtOTUNnRnY4SVNMNHdyTzF4TkRxMXEwdGlPbzhNd2dtanBlVi1lYnAwdGM2QzRsYjdpS0dPV3ZfZ3pjSQ?oc=5
2026-05-02 03:00,Yahoo Finance,finance.yahoo.com,How The Arista Networks (ANET) Narrative Is Shifting With AI Data Center Expectations,https://news.google.com/rss/articles/CBMipwFBVV95cUxPZ09SMTBzRXRkTDB3VWtJN01HdWFXeW56dWcwaF9CV21GWTVUamp5Y2Q1SFhERzNVUDZ5bVlfN0V1RkZ1NEV0NTNQWnlublVENndsUGw5VnBRdUt1QjFzanBtV1BpQlhNVW5wNXV1VFZ3UjJzVnV1Z0FiN3BuekcyeDBxMkNRTUQwNmtEaWVlTVlxS285a19LMmhySTEwNkV1ZWdCZzBhRQ?oc=5
2026-05-04 03:00,Investor's Business Daily,investors.com,"AI Stocks: Winners Shift As Google Leads With Palantir, Arista, CoreWeave Earnings On Deck",https://news.google.com/rss/articles/CBMitAFBVV95cUxNQ29aeTNlV1RwU21ydVNpTVRzbFNMRlpTVVBFdWlJX3FIZ0pSTGU1TDN1RUFKQUlJU1ZhN2pfZ2FPSUtoakE1Z0FGQU5rX29zZ2dwaWViRDVSUlNYWGF5c2VxM2FST3c0ZEJ4MzF3RjBxb1BUSHY2Y2RDM3kwQzlURl9Nb3NmMXlUTHlVb0VBMnlZUmI3WF93WFhFTjFhbzRsRE1tVHVndGNHa2pNcG1sdC1nVTc?oc=5
2026-05-04 03:00,Yahoo Finance,finance.yahoo.com,Jim Cramer Says He “Would Buy Arista Networks”,https://news.google.com/rss/articles/CBMilgFBVV95cUxNbFhvb2RKY2xld1NZekZtOGM4M0pyN2U0d0Q0NzJpQ0JTdDhMdWtvT0l1cFJHMnNUYUdLN1llUW92azMwU0dIdHFQUUsybmdwWnd6akU0cVl5UVFKRXZ2R3QyWGI1RDN2NnI3ZWVyTTZyOGJYd0paZmFheE9fRVphYzJTVmlYZDZ0RnNlSkVFWUpJXzV6NEE?oc=5
2026-05-05 03:00,Benzinga,benzinga.com,"AMD, SMCI, INTC, ANET, MU: 5 Trending Stocks Today - Advanced Micro Devices (NASDAQ:AMD)",https://news.google.com/rss/articles/CBMihAJBVV95cUxQRTJURnZMTi1qODl2MDNPTkhob2ZRMDBjTnVkVEhLOHc5dWtPTWFhT0djeXNYVWJGWXVDQ2F1NlgxZmQ2NDNDdDloMnV1Wm0zUWE3MjF1ekJ3bkZFS2NSQWZPMlNoX0E5RjZJX2Y3cWJqYnhaMTVtWXFWY0trMThTYzRGandFQVZTdEZBUHVQeVZiUXY1c0dNN1lPcEVOdzhScDhwWWtNemptTndRdGxpTVJTRzJNZ0VZcWRVbTdVU280TFQ4R1ZxN2x3TzNPaFQ3Y1o4dFFzWWxCei1kZ016cnd4UF9LYjhOLVY5TXhtcHlDM1poaktxT01aV2dQdHpCc05hVA?oc=5
2026-05-05 03:00,Benzinga,benzinga.com,Why Arista Networks Stock Is Trading Lower After Q1 Financial Results,https://news.google.com/rss/articles/CBMixAFBVV95cUxNdDF5NTVlX21lMDVZamZBMTdvNkFtaEpMNDVIYmpDZ2ZOeGNBU0x4a0ZYcmd1UXBqRzl0cWQyLUJDY0NTSDBob3hrdXdtWmRSS1k5Zjc0MnlPbnYzVHV4MTNyY0JCSVlxZkcyUm1IOExOREVlQWhGMzMzQ0lqa2pMS3dkZjIxbkJjVXdJc3pXS2RWU2s3OVNGcEFoa2E2N0M4RXlpb25HT1JoeTJSLWR5UjNycXRsaERGNDM5UnpGd1JDMUNk?oc=5
2026-05-05 03:00,Business Wire,businesswire.com,"Arista Networks, Inc. Reports First Quarter 2026 Financial Results",https://news.google.com/rss/articles/CBMivwFBVV95cUxPZW8xTlZWZWtwV0w4NzdWZVBMM0RJSnI3eGVCMU9UQXVHakhnNTYwSlVKNWt3NlJTc3ZSdE1HTkZVQUJ4NXJBXzFXNHBqdDJFSmx1d3R1NzZsMFh1SDRKRlRpVEh5bk1nN2lRVFhRcHZGY3l5YUxoWlp6RFByN0hnTzY2aGhoWWh6ZHgzN3Y3d3RTcEk3ZWhlc3lsOUZvWHlMOFlqWmZGRHJuSUZhUVZncjUtbVBtQV93RGs3ZVBFQQ?oc=5
2026-05-05 03:00,Investing.com,investing.com,Arista Networks director Charles Giancarlo sells over $1.4m in stock,https://news.google.com/rss/articles/CBMiywFBVV95cUxNcEdwQVF2UkdhNGVkVTZWUzdvVXJGUDRRemNUYkF1aGtDcGJ4YXpiMFIwbGNmYm9fVUFoOUFkb3dkNGx2Y2UyVFJaQV95NlVlM0RXVVhqWURLLXhUWWNCUjNacUE5Y0lLX3JROUhkQURWVkZJeXFnQk45VEl1bWVra0ZzSG9hZk5qUFhKSHk5OGxoQjdqRnJzRnlqYnR1Z3EyY3lOX0ZGZXUyQ0d6MEFKdkFMcjJOLXJoSUs1cm9KaXJHTjNsQ1ZYcHg5Yw?oc=5
2026-05-05 03:00,Investing.com,investing.com,Arista Networks earnings on deck: Can AI surge offset margin pressure?,https://news.google.com/rss/articles/CBMivgFBVV95cUxOVTNFVHNmckNvTWlhRmJ0YWhBc19vR1JiSVI0NTZzeHBKRVM0QlNCeUlyM0EyM0M0Y0ZXRGVEOWdDb3F2Nm1ybFd3dVRQcHp1RWF5NEtFV3gxTXZqXzlsbXlXTlhhN2lJSThZMGtpSGZPV3pNVFVzeml4R3FvWVQ2a3BpQjdaZEk0TzNRaHdmLXQyLWhKd25ic2xiZFYxYW0zakRqVXFCS3d2c01SYVc1c3VrdGxtNVBFc19YVE5n?oc=5
2026-05-05 03:00,Seeking Alpha,seekingalpha.com,Arista Networks Stock: Look Elsewhere For AI Winners (NYSE:ANET),https://news.google.com/rss/articles/CBMilwFBVV95cUxOcm5zUzh5aERUTHFKOU56LUszbm1UMzJ2eWJkaWdYNFZQb0tZb1R0ODU5Q1pfREZydkxrVjJFMW5NUzUyM0hyb28tSl9aWjR0TExKZ0VQWWRuUExvaDI0a3B0bW9pNTZhMVNrT1Y3Vm5peFJtWnk4M3JERzVuTi1zaG5mQzhuREVLb1VIc1NOQ3dZeTE4cHIw?oc=5
2026-05-05 03:00,Seeking Alpha,seekingalpha.com,Arista Networks reports 35% revenue growth for Q1; gross margin lands just below estimate,https://news.google.com/rss/articles/CBMiwwFBVV95cUxOZGkyeE5aeTFjd1ZLalliU1hodHVTZkNheTl0MU1uUzhyX2hsNGk5OE9udzV5QWUtN01JcmM5bkVfMDhoRFptQV91Tnc1THQ4UWppM2N0VjdabW1vbHI2dU1EOUVwSGtKRmdpMHpxT081UHhudUl4TEd3SnI3TnVvazlGOGt1TlN1VjRDdWdrdy1lbGhVREtWeFo3QThURHI2VXZQTlZSWkdMVWpLRTgwVGRuNzBfdWFqTENlUTZaTmxqUE0?oc=5
2026-05-05 03:00,The Motley Fool,fool.com,Arista Networks Stock Dives Despite Delivering a Beat and Raise Quarter. Here's Why,https://news.google.com/rss/articles/CBMimAFBVV95cUxORFhEMVdUTFVRUGtmdGY5T1ZDWndXeERFYXlOUW9sNHViMTJPUThTdzRQaWROYjd2TjJQNE9fVlRQTU9xdGFxQ1oxOTZGekRySXczX1RPWG1IM2oyeXNDa3lUYlpabDgwMG5DUUFEQXByeFh6ZmM2b2lTclAzei1pM1NXQ01FNURMQ05RbGRNU05nT2g4bUE1TA?oc=5
2026-05-05 03:00,Yahoo Finance,finance.yahoo.com,Arista Networks (ANET) Beats Q1 Earnings and Revenue Estimates,https://news.google.com/rss/articles/CBMimgFBVV95cUxQMGxDVmRvM3BFaS1FNkdNbTY2WUdrNG0wN2xXTG9qYzQya1Q5Q2gwTF9faXZwbXUwaE9hZEItb2FXMTBMaS04Y3J6X1E0RmstcWxpb3NIYzNnNGs2c2Z1Zlp1MnNpMmItRzZGNUNPTF8xUG9qOWxhQkhKby1teGZLcGJaYUozV0xzOHR6bWo2WGJHQlhHNU5sNnd3?oc=5
2026-05-05 03:00,Yahoo Finance,finance.yahoo.com,Arista Networks Q1 earnings beat estimates but shares tumble on 2026 guidance miss,https://news.google.com/rss/articles/CBMingFBVV95cUxOQ2F2QUFqdFpKWG45RlFXaTZfVWZaSl9TNzd4bngyS0t5YUpKeGJQUXRwLThCclVLNGpkVk1ETzJxM0Q5TlJXREhVUU9sU29mZXptTTRjSDl0UnpUc01kOFpzSWpaTlU3bzZLZHVReDVWTGxDeXprSzczVjc5RVJSV21JNXlKcHRweEMyRHVZSnl6MFdCN0Q3ODktZlNFdw?oc=5
2026-05-05 03:00,Yahoo Finance,finance.yahoo.com,"Arista Networks, Inc. Q1 2026 Earnings Call Summary",https://news.google.com/rss/articles/CBMilwFBVV95cUxORWxCMDZ4Q3pmMmcyeThVNmwwRDd0MGdYakZDbk9rcGljRy1RR3lpTEZISk5pOXpKd3EzTFJ4NGRxaWlLR1U1MlhXREY1aE04Z3JxaGo0bkwxLV9DZWd4dHl3VHI4OWFzT0tKbTEyRE9HYjdCTFNoaUFGZnpUNld1Mmp4b2VWdk5jT3ZVQ00zakt6VEhUclEw?oc=5
2026-05-06 03:00,Barron's,barrons.com,Arista Networks Beats Expectations. The Stock Is Getting Crushed.,https://news.google.com/rss/articles/CBMihAFBVV95cUxNN3ZOLUxfZUFJQUIxMW9KWGJWMFpNUWgtRWNMaXRCMUVobHRLQ09WOFpGMThpS2RaTGk0a3ZOQ2k2b1B0M1psQ3NyZjgzbC13UUNsUGVGblp3LWRsNjU2TXgzdUczbFJjY3VLMWljTWs5NXFPdkpiMXRJdUs3UmhnQ2QwZzQ?oc=5
2026-05-06 03:00,Barron's,barrons.com,"These Stocks Are Today’s Movers: AMD, Intel, Corning, Uber, Super Micro, Disney, Arista, DaVita, and More",https://news.google.com/rss/articles/CBMiZEFVX3lxTFBOYU9Zei1DREFYMDAzQ2JoaG9GTVJkT0prMVItUjlWbWs4YzRYeERkVHNVLU5uejZScEt0TTRqbjZUYnozU2twTjRBeFZBakpHbldFZktnMF90UnB0Zjl5TjAybmU?oc=5
2026-05-06 03:00,Benzinga,benzinga.com,"Arista Posts Strong Q1, But Supply Shortages Dampen Outlook - Arista Networks (NYSE:ANET)",https://news.google.com/rss/articles/CBMi5gFBVV95cUxPZnpIZHNNNVpjMUJJcEtYVFd1amZ3R0M1M0xfOTNHd1RWWVlqLU05bE5tNmNGWDRFQjkyQW53eFBoQUZHb2NISmdxdmRuTEVnenRwWWZMMVlfUXNQOUEtNUozOEZpMHJoRXVxRFhRQkFYTldEVE1YZmhDSTh5ZkdUeEhmc1lEcGpzZ0FMa2RoaHZ6Tnh4eGxjejNld1RvZDgzSldiZnBmRjVFRGtGRkVuTWg5cFBsZjBxYjcxSEpfcFB1ZFd0MnJjaVdFZk1SMGNHcVY2X2xZdEZuOVlMelQyOExpZFprUQ?oc=5
2026-05-06 03:00,Benzinga,benzinga.com,"Upstart Posts Downbeat Q1 Earnings, Joins Wolfspeed, Arista Networks And Other Big Stocks Moving Lower In",https://news.google.com/rss/articles/CBMinwJBVV95cUxOc2dZZlp3ODFVYlFHdEpiMWxIOEhENWNxM25jNG5pU3djbFNXVk8ta3lkTTJBR01RQkpzSkdPZi1YRnZrZkc0RThfVHFHUkdLcW95VlpxaEcwMVdUVVNvNWFSTjM2eDI5UlN1NXc4cWd2Tk4yOHhOV0RkV01QcUhXcXphNUpIU19wd1gyakRJVkl4cnpUcjlpS01NV1Fmc3djTXJyVW9VVTZabWt6UVlSR0ExbjdGb1Vqb1NrQ1lxa0tfc0JCaHNFU1dwWDdOZWZZSllHLVdnUm8tVkRNWVFoU0c4UlF1SFItUWpaVXFCekdBaGF6UkE3SjRReldLbEhzYTdPV1JIa1NkSy0wbWhZX3I0RnRMMjF6V2xONkdXZw?oc=5
2026-05-06 03:00,CNBC,cnbc.com,"Stocks making the biggest moves premarket: AMD, Disney, Uber, Corning, Super Micro Computer & more",https://news.google.com/rss/articles/CBMiowFBVV95cUxNdFRLWnZXWndKUUpsS2VFbnU1ZVpWQktaNkdpSm8tLXR1WmVVSHRPblhNV1RZWmlzM2FscW1hVnVUZVZ6MXZMRHhlTTNVSkFWUW9TRHY4T09ERWRELXIxYmdSV0NPeXNndENIWHhRYXhQQ21aMmlRNWxqWElPOF9tZHB4MGRKOU0wNzM2ZTlzbDNzSmJQWFRvUzZCSVctbktldS1R?oc=5
2026-05-06 03:00,Fox Business,foxbusiness.com,"Arista Networks CEO touts strong earnings, AI demand",https://news.google.com/rss/articles/CBMiW0FVX3lxTE1mN3VmNmFhUFd2OXFfNEl3U21zNGdyWVZCZERqQXNKVHNWdTRZbVBwTS14eEhMSVpLOEVUUVhYTU5SbVVHX1AzTlJjYkVBN2dlTnozZ0t2djlHUUE?oc=5
2026-05-06 03:00,Investing.com,investing.com,"AMD, Arista Networks among market cap stock movers on Wednesday",https://news.google.com/rss/articles/CBMiwgFBVV95cUxPN0hpSm51VGhwa1c0ZWNIUGRTQzJRUFRYc0VuZGRyWk04N01iYUs0N3RGUjlDVW9icVpXUl9EZ1J5ZS1Gc09GZGtXOWZiWlF0aVoya056X2FnekZ0NUFTS1BuWld3LUxzcGROcEROazZka1g3NWNaUmppOEluVEs1OEhvakJ2eVlROHktMlRWaU1nUV83dDdaZ3FIbHREWmVxM05oY0dITEwwaXdHODRTNEVfcng0SF9abGoxSHdxUnU2Zw?oc=5
2026-05-06 03:00,Investing.com,investing.com,"AMD, Arista among market cap stock movers on Wednesday",https://news.google.com/rss/articles/CBMitgFBVV95cUxQZ0ZqWkc1dUd0c2NjLVpnMHBKYXpNRTBVZF9JZzFsZk1iWHhPNHBXS1VnNWNpQnZNZkpyMXpkazlYbXFNbVZnUGdzd1cxZUYxajUwY0d3REdwUE5ORjhVcHlpWGNLeDhyY0lWdmxwWXRadmhweDFnYW9JYkp3YnhTWFJNYzBwdTZ1OFZaeGE0eWF2Zzk2Q3FRbFdXREtKV1BXSTNHVGRKT3JPd2UwdTdsbTREejNpUQ?oc=5
2026-05-06 03:00,Investing.com,investing.com,Why is Arista Networks stock plunging today?,https://news.google.com/rss/articles/CBMiqAFBVV95cUxNTk53RUowVG8wN3pPVncyMHdIR2x3RVA5RGJmaTZZbGRibmhOSlZJV1p1YnZLZHVTb3RRb29ya2I3LWdrTVozNkVNbGdmSThVUlA4SEgyOWlYc2hNVHpVMTRHajhJZDZMZDY0QkY1NjdoTkNJcGFsaGIzMHFrNWN4cFVUX1VQNklzSHBBQjNycGFBZW52aUFzanNsMGhoLTZNYzhGNDRFLWk?oc=5
2026-05-06 03:00,Morningstar,morningstar.com,Arista Earnings: Take the Opportunity to Buy After a Lighter Beat-and-Raise Than Usual,https://news.google.com/rss/articles/CBMisAFBVV95cUxNS1FnTUY1bGRLclFldk1obEFOdlRKQ0hydUNzNnc3aS1wNGVrX2UzWFcxUmJydndfNzBSdXVEcFk5ZW5qV043Yl96SXVCSXR1endNM2o5ai13UXNhYkhiUjAzSngwcUM2bUhYejZKSV9NajR0c0xfNlJpNTgtODNWZE1VODRLejV1Vm5iWEdjb2JScGtzTFpwYThmR0hVMXJzbXRZajJueHZvWmtJOGhGMQ?oc=5
2026-05-06 03:00,Seeking Alpha,seekingalpha.com,Arista falls after Q1 results as analysts mull supply constraints,https://news.google.com/rss/articles/CBMipgFBVV95cUxOWGRTaWJmY3VLa3JYV0F1cnBfT0dOdXdqQ01SeGhRNTBmS3luU3ZiWHhjSjNZOHdvQmN0ZENIaDZOWkZ4U092c1VDYW1sMDZqUjA4dWVfLXlZTldfVG9GVFYyVmR5eC16NnI5eWNSNm9qcWtYclpQOEo2VkhXUEVnR3J6NkZ1TktHNnZ1X1d6TmZSTkt6Q0phQzMyQkN0NW5kdk5QRHNn?oc=5
2026-05-06 03:00,The Motley Fool,fool.com,Why Arista Networks Stock Plummeted Today,https://news.google.com/rss/articles/CBMijAFBVV95cUxNWGgyY3o1S1RVa1NlVlpRcG1fSmVpRmlQNk1oMHpfejhkbmRLaXhEN2x3bW9pVTFndkdpNWxRRXRDc29yQlppTU91YmZkdkdIa1AtendDMDFRXzhzQy02TFBQbVQzMUlJUVE1N211ZHZuQkF2SXJ1Zkc5NG1qT3ltSTBTLU92b3JRaGIzTw?oc=5
2026-05-06 03:00,TheStreet,pro.thestreet.com,Supply Constraints Weigh on Shares of This Holding,https://news.google.com/rss/articles/CBMijwFBVV95cUxOR1c0OWU5Ul95YUZ0ZmNRVHpJeUFaMjZWN1pISmhNcnRURWM4WFM2bFUtUnM1Sk5OanNZSmFkc3dKSGlaOUxmWUtKcVRYblgyUjlHcS1rd0s0WGw0THlMWGQ3OHctREtZa3dWVlIzRGJ0dnFYeWM1SVY3dDNyM0pvOUFEcFVqVzNGcFNHQ2ltWQ?oc=5
2026-05-06 03:00,Yahoo Finance,finance.yahoo.com,Arista Networks AI Growth Story Meets Surprising Share Price Pullback,https://news.google.com/rss/articles/CBMinAFBVV95cUxOcmRlSjdZVlZvdEo2dllGZkVqQXFfNktQR0lvekpVb2ZHOVNpS2FTNWtWX2VRb25fQXZxSjgxRTVJeHdQVHVRWEdNX3pjSjZVendGMDlxRC1tUERYYkF1ZkVXN2NDNmk4SFlMNGhwcDZoUS1TamxqejlWUjY2U1Exel9qMkpFRVZKdnU0THlGa2ppcU1Nb29QTml4eEQ?oc=5
2026-05-06 03:00,Yahoo Finance,finance.yahoo.com,Arista Networks Q1 Earnings Call Highlights,https://news.google.com/rss/articles/CBMingFBVV95cUxPNk41bmpPOUtBN3l3ZkxUNEUteHE4aFZkeldpNTJONHh5Um9mcWw1SWZwNGQtNl95NThmby1SWDZ6VFhMRU1jNG9vdnlXSWNrX2JxT3hXelFzWXNSUXF6SVpDcV8yeEVDTTByMzNhWEpibVdCUTFTc2JkbkJ1dkdhMGlVY19oRlJ5RGNkc2xoZnB3N3JHQUtFekRPd3FCZw?oc=5
2026-05-06 03:00,Yahoo Finance,finance.yahoo.com,Arista Q1 Earnings Top Estimates on Healthy Y/Y Revenue Growth,https://news.google.com/rss/articles/CBMingFBVV95cUxQUlpRTkNRWXJmQW9KbjZidTFZMnM1SG42QmZodlBFZzItTFJURWRPTS1vVUlZRXVxOEJPaXhFMDA5RGlqZ1JvTjJCVUp1b2s3cjNJaFRMU0hKRkVJd0p2Yk1NMnhtR1UyWEpiWG9IdnBMUG1MRFFqeHMwbXd2RmFia1VOanhUQm5zVEprZkFGNlBHc1VJV0JKTlNWWUlJdw?oc=5
2026-05-06 03:00,Yahoo Finance,sg.finance.yahoo.com,Morgan Stanley resets Arista stock price target for 2026,https://news.google.com/rss/articles/CBMiiwFBVV95cUxNQzZyUll5ZHlzWjhZckxkc3FyY1hyeFA1UzRyVUQzTVVYNUppZ0c2d0xHb255b21WSFJMekV6YzRRa1JFZWVHb3Jnb1BKZ2l6NHlaOFJBR0lic3pyUXlNbjhwUEg0ckNKV3dxUm1QZzJTUEFNOTQ1bmFxMUR6cUt1Rkxjby1MNzBHdFpJ?oc=5
2026-05-07 03:00,Yahoo Finance,finance.yahoo.com,Morgan Stanley Raises its Price Target on Arista Networks (ANET) to $180,https://news.google.com/rss/articles/CBMioAFBVV95cUxOZUg0WmNSTVVfWlJkUm1mdzBLVkRYR1ppS3JRT0tSSC1EaVlrT0NBaUJQS3FCUFhhZjI2WXpkWHRxUjFIQ29LMEFESm4wVzhDNGtkVVB6X1NRbmJhU2hyclZIM2xuNkRKMDJFNmNsWjhtMnpiYmdHZUNTLWRGb3UwWWFKdTN1SGo5bFJJUV9renQ2eERZby1paExQOHc2WXNw?oc=5
2026-05-08 03:00,The Motley Fool,fool.com,Is Arista Networks Stock a Buy on the Dip?,https://news.google.com/rss/articles/CBMijAFBVV95cUxNV3RNSElqeUpqZXdpOXl4TlA4RURwVGdsQmlFbEVaamd1YWNLM29EcWY3U2FYLW1SRzhHMjZkOE50dmlhWUwyd1dOaUJGNXJESF9BTlVqRXRkdGxKWHJvZDZiY094Zjk4UjZOc2pZWW56MTM5SmJieUx1NG03Q085NkVGVE1yZzBTQ29YaA?oc=5
2026-05-08 03:00,The Motley Fool,fool.com,Why Arista Networks Stock Rocketed 41% Higher in April and Why It's Likely Just Getting Started,https://news.google.com/rss/articles/CBMimAFBVV95cUxOSHp6QmdWQ3JvSTVWUy1zRFh6X3RSajhvOFB1Z1Y1WHFsUVlPZGJLV2ltWHN2bl80aERlXzc2Qnh1QVc2dUp3TUw5SnMxRENKQTZfTEhJa2FuVTZHZzZqdEt1bmVoY1p2Q0hKNlNsUjJDaUY2NU5jN29DRGtZZHFiXzN4SzItVnNDMmwzSHJ4QUVNTGh5YVYxSg?oc=5
2026-05-08 03:00,Yahoo Finance,finance.yahoo.com,Arista Networks (ANET) Valuation After Strong Q1 AI Momentum And Supply Chain Driven Share Price Volatility,https://news.google.com/rss/articles/CBMipAFBVV95cUxPSlU4WnB0T3pmUUdMR2w5M0p6YkMzRG9XZGN4X3FlZkdPalJhUHAtMjlqYnF0Sm03WFFuRkwzUkkwYy1td2JTNDZZbTlraFZ5bDVxUDYyaFRRd3N2VEd0N21zeS1oZXktX0hraTVXdEpWVWhIeWg1WGtaVklqUGEwb1VlUFcxeHZ0N2pJNjNNUEl3cDQ2M2g0ZFFma3Z0OXVXUVI2cQ?oc=5
2026-05-09 03:00,Yahoo Finance,finance.yahoo.com,Jim Cramer on Arista Networks: “Time to Buy”,https://news.google.com/rss/articles/CBMinAFBVV95cUxPeGZaUXl6dTM4R0VLZ3RUdHV1bGZlYlRhSDFOWTFtc2ZvV2V2ZC1DSWtzSmptWEp1UThrb0lHNmJrUktUcTNjZHFrYkV6d3N1ejY5N3V6U3ZEX0dsQ25kSDY0VmoxMTFNbEVoeUxtSGs5OWprcXpiM1BWdFlGTmNXdW1BRHVNVWpyMVR4ZENXelhFLXc0eEhRWWdGM2Q?oc=5
2026-05-09 03:00,Yahoo Finance,finance.yahoo.com,Piper Sandler Raises Arista Networks (ANET) Price Target to $181 on AI Exposure,https://news.google.com/rss/articles/CBMiowFBVV95cUxOSzZVemFVTUdHSHVaZE1XeS1vYzEySjFzd0ZSNjZFdW56MHl2cFliOEtkYksyUTNKNkJxcGEtRFprSzVKVjFvQlFXTTVmaFpIOFltcC12SEQ5aTR1cVZkUnZOcmpkQVo5eEg4UkhSYXN6VDV1bElYeGVmb0U3TUtjZnpWTnJ2QlRpNnJnekUyLXAtR3YwUVBEeDR2NDNhSEZqXzFJ?oc=5
2026-05-11 03:00,Yahoo Finance,finance.yahoo.com,Can Arista Tide Over Supply-Chain Shortcomings to Revive Its Mojo?,https://news.google.com/rss/articles/CBMimgFBVV95cUxPT2lrVS1sVC1vYmpxQWtSczR5ZHBzN3N1eTY5dWlRNkkxQVNHc1Q2a2FxWGdRNkhvSEtGVWw0bjdMMGpuT2hDZmhaOWVsZmppTDNCTXZsdWFxdjJtb09aWGpfYVBaT095aW9HdzNXSlJEWEhvUHNXeW9oejE5cUpKREdKeG9XQWl1WjBkalJZT3pKaGlhWTlCaktB?oc=5
2026-05-11 03:00,Yahoo Finance,finance.yahoo.com,Piper Sandler Raises Arista Networks (ANET) Target on AI Momentum,https://news.google.com/rss/articles/CBMiowFBVV95cUxNR0FiMGwzZU1BNTNQVkZfbDdldlRrdElSdlA4c0c4RmpOc1VlSXZxSlpJTWt1N1JZR1NfeDFBYWNOXzU3U1h1b2l3WWlFSFdHMnNGQ0tfTjNlZDJlYkI5YjdKWnlkb3NZSDhZRG5EZzk4Q19Ja1FRRXJzaUc2X2N4Z3E1NW84VDA4UnN2TFl2S0NROURVWXd5c0lKNVIzUzI1MWN3?oc=5
2026-05-12 03:00,Yahoo Finance,finance.yahoo.com,Do Wall Street Analysts Like Arista Networks Stock?,https://news.google.com/rss/articles/CBMiowFBVV95cUxNMlRrUjVUNmJZRFp1ak1DWHJ0eUZYMThZMVNCc1FqTXlrWEQwNFlhMmt2WnZlaV80RVduTUVYQ1laRzZhQWpsMGNKYjZKal92aU5xQzRaSGN5cDgzX0o3U18ycEF5WGY4YkdfNm84aTFTb1BlUjFLdFpGZ2NESzlJeW53VlZPNm9FVkhwMWMtZ1NDQUNndmlOV3ZpalJCaHdNZVA4?oc=5
2026-05-13 03:00,MarketWatch,marketwatch.com,Arista Networks Inc. stock underperforms Wednesday when compared to competitors,https://news.google.com/rss/articles/CBMi1AFBVV95cUxNc2RFdTNNQ0hPTDFKclFYQUhUdGhmYmhBemliUk9ES3dwd3JpMGNFYVp6eElJUW8zOHlqdDJMWEotV1VSaHB1dnVZZUhiLW9WSkRreThKYm5lNTEyaEN3TzdpWkczRTRmX1Q5bW9ZLW1YeWFxUkZSVVJiaF9qbnoyVjFGcWt2Yk44VzF6QkxaSHRtbDNpcHB1QWZfOWFfUWNYb0lJTmJzUzhWUjBZR2VmQW1HMk5tS1d3dXl5cXgtZ1FmNzd5eXU4RWNMYVNTN2szXy1nNA?oc=5
2026-05-13 03:00,Morningstar,morningstar.com,"After Earnings, Is Arista Networks Stock a Buy, a Sell, or Fairly Valued?",https://news.google.com/rss/articles/CBMiogFBVV95cUxNaVg5U3dZQUJRVmhZNE5fem81X0ttbXkwR3FmXzJTa3Y2SUd1eWVpbWhPZXh4dHhIX2puSDVLTTVUalVFUXhrbkxRT0Y3NzVCUWxMcEZkMFpLd3M0bUVzanprZ25JclM5bFNhbk9SYXRuSXZvTllCN29XSTd0X3RRb0lLLTNpaGVqTUZ4bVNKeWVhbVNOMjJPVElOYUN5dnNwWnc?oc=5
2026-05-14 03:00,TheStreet,pro.thestreet.com,Picking Up More Shares of This AI Play After We Locked in Some Gains,https://news.google.com/rss/articles/CBMipwFBVV95cUxNN0JlVUVHX24tak9WOEVvZXZSUTdzeUF5bFpqZmJFTk9STFRYYW5oWHQxUk53WnJlZmJRSEpWeUtjV3JOQ25ObjR4c3ZHYkk5NlduaUYtWHRKVWlCblF0Q3dOTUpNSGpENWlsMVNwS3BYazE0UVdxcXIxNTQyOUotc1BSTko3b1pyMWF0UVhFY19YYmJWZEZMYldOSFlPR1hEcHZ2V2pHWQ?oc=5
2026-05-14 03:00,Yahoo Finance,finance.yahoo.com,AI-Fueled Demand Amid Supply Strains Might Change The Case For Investing In Arista Networks (ANET),https://news.google.com/rss/articles/CBMimAFBVV95cUxNVWRYbWhsYnltR0J0NkVONUtRRFFIaW9IYjcyYW9nWkY5ZTFWUGk0VlFlZGhteEsxNGttcDJaMnFQWVRzbFdVZ3B1RzB5UmdCWTNiWXB4UW1YYzNRU09CVk5ta21sUy02aXRHd3BaZnZ6Q2dad0Q2UjNSVzBwLXIzLTUyUjVBUUg0T0FPVWpsd0toNnVkUk1BdQ?oc=5
2026-05-14 03:00,Yahoo Finance,finance.yahoo.com,Cisco Is Up 17% Today: Is It Outperforming Other Networking Stocks Like Hewlett Packard Enterprise and Arista Networks?,https://news.google.com/rss/articles/CBMioAFBVV95cUxQSEFOY2lYSUhtMDhxUHhxTmJ5LXhPMENHVnEwTXMxckZvRnFvaml6bUE1LV9kRDktbUozMC1iSldHdUJUSmxpUXhzcndWTnFBSnZlNWhWTHdfRE1hX01MY214RGhMLUNuajVROG9YeVVISnI0TU1kSkhoV25hVDBQcWRoU2dQaFVVcHpRWDlNNEpzRWpRdGJKTGozUUFta0VB?oc=5
2026-05-14 03:00,Yahoo Finance,finance.yahoo.com,Truist Views Arista Networks (ANET)’s Post-Q1 Sell-Off As An Attractive Buying Opportunity,https://news.google.com/rss/articles/CBMinwFBVV95cUxPZ0dWV2xVZGtQVWF4TV9FV2lKU1VrOFV2WGhXNlVaZDI1R0ZDN2NKTXhYcEpRaEIySkRuRHk0VW5ua2RFcEREZjQ1UkJsb3ZudzZGTUJHSldkQ3hnNVZZcFlUUXhRcU1sY0VoUFVJTzZDWEt1ZXVMUTdTM2tLMVByR0RKeUM2cnlNRS1BTWI2RE0za2dfbV92MnU5TzR0NFE?oc=5
2026-05-14 03:00,Zacks,zacks.com,Arista vs. Jabil: Which AI-Driven Tech Stock Looks Stronger Now?,https://news.google.com/rss/articles/CBMipAFBVV95cUxNZkphT0xxOW04TkZrRk96UlVTZjJNWmFJVjJiLXhNbXcteFNEQ1VKZHcyVEwzRDdaekg1cXR5X2h6c0hOMG1vYXpGeEN2OEZYQ2ZOMnB3UnBuTVVIR1o0dnFRR1daaG5DTDdfU2pmODZ6VnpSMjI2Tkctd0tXU1dhYThTOFNRY1M5STFaX2ZfSU9DS2pJbHRuZUREMm9GSVVhSEVqSw?oc=5
2026-05-15 03:00,Yahoo Finance,finance.yahoo.com,Is It Too Late To Consider Arista Networks (ANET) After Strong Multi Year Share Gains?,https://news.google.com/rss/articles/CBMinwFBVV95cUxOVE8wak43WkZVWC1wYmR1Y2hHUWdfWFRhTVV5dWdMS0VNb1ppMTlRaXVVXzNrQzA3aklJRG52Nkh4U1lSc1lfYTR6M01rV1BFLXhFWGhBMWstYTNlMVV0UTZwczlTa2ZxbTVUeThxQVhDdTM1MWotR2padmlKOUFXcjVqZ0Q1c1VwaWtrZ29UQUNYUDRZR1ZSMURsaVFrd28?oc=5
2026-05-16 03:00,Yahoo Finance,finance.yahoo.com,"Arista Networks, Inc. (ANET) Well-positioned for Inference-based Use Cases, Says Piper Sandler",https://news.google.com/rss/articles/CBMimgFBVV95cUxNUWdkT2t1Unh2TDc4aFJVdnVTZWVpWk5sSzNhbDNjZDhDVWNkSXZURXJ5WTNQbkV1am9TUDhvNnZNaTdLMmFxaHYtNUd6S2Jvek52enN6SVlUbXExQTREbk9FNjlIc1ktOURBWXh6ZnJtay1KWE1UU2VBNmNNNktNNHozd1dDczRJaHZ4N2NHRnZETnIzTENsSkZn?oc=5
2026-05-16 03:00,Yahoo Finance,finance.yahoo.com,"Barclays Maintains an Overweight Rating on Arista Networks, Inc. (ANET)",https://news.google.com/rss/articles/CBMirAFBVV95cUxNWkNNU1hXWFdzTGwwc2hOMFlZM2lzdzJpbXIwb0FfeTJnLWY5bW1MNzNEM01TY0duQW00cEFwWEpFUjVxX3VkWFR2dW1ZNGgwbXR1NkRUd0ExRDhHdE1vSkl6SHQ0djFpWGd3ekRVS0ZnQXRIV3ZMVlVNWkpYdkZyNkxIXzNUMFVYR1I1Ry1nQWc3dVhQeFd6em1EOUlVeFV6ckZPVU1FTkU1NlFo?oc=5
2026-05-18 03:00,TheStreet,thestreet.com,Veteran analyst upgrades Arista stock price on AI demand surge,https://news.google.com/rss/articles/CBMipwFBVV95cUxPcnc3QWhrUkd5M1BJOW5aS2FWb0FvdmNYc2NHMEVMMGY3QkVpb2dHV1AzRXp5LWlTSDZzVEhvTjUyTjRZcl9DN0xFTUJLMVVEVUxMWTQ4WG00SUNPYkVtSDVyWXNrYWlhR0Joa0xOQ3JPT1pPTUVubmpBVW5rdS1yRXhDTi02dU04TXVKc3JxMFhQaUF2ZWk3VGs0U3ZHWG5qZEF3dDlKQQ?oc=5
2026-05-18 03:00,Yahoo Finance,finance.yahoo.com,Arista Networks (ANET) Is Considered a Good Investment by Brokers: Is That True?,https://news.google.com/rss/articles/CBMiowFBVV95cUxNWXZ4cUY0UkJhUXRMRUh6aDNTM2hmT2dIM19GdzFsaGd1YkFESWpqRURpTnFoejBVYXVPZHZxUVQwb3pyVTFhZ2J0LTA0VDZrcjBDSW1jVGtvdUlyOGJ0aUJlZHJjTzZWQWptSi1NUzUwYWpNRV9rYnlDYzJ1eFFTb05JUHg4MmVWaW03RHNoeVU5ME9uWml1aU56NkVlRE5tWXE4?oc=5
2026-05-18 03:00,Yahoo Finance,finance.yahoo.com,Here’s Why Arista Networks (ANET) is Among the 10 Best Low Leverage Stocks to Buy,https://news.google.com/rss/articles/CBMimwFBVV95cUxOQTd5SnNVc1FLSFBBQXFfdUpLMEVSVHZ3WE9YclF6OUpfUFlQYVo4cGxHdVdnTzdqUTUyOUVLdDU4b2EyTkxRbnFhZXVUN3RFVXpvX1VuTThFUFhqNmdpaTMzVlhKUlAxek5oY2gtMGU2OFpibGdwbXc3NmdZS2xSdlg0YTJodmY3VDNCLUVSRHpSbVJfYnUwSHdpQQ?oc=5
2026-05-18 03:00,Yahoo Finance,finance.yahoo.com,"Is Arista Networks (ANET) a Solid Growth Stock? 3 Reasons to Think ""Yes""",https://news.google.com/rss/articles/CBMinwFBVV95cUxQVHltc0F1UlZKRWJGaU85TDh2ZEd6T1paWG80a1g4R01UdGhBcWFhZFc4WG9KLXlSeG03NlI5VWNlTWVHV04tX1JwQkdTR0ZzYnR6bS1sUExUVWhaeENzSjh3OXN2cmQzT2tTUWEybmFza3FMS05lenRxSVRLLXhBWGgzN0U0ZmhUZFJIT0hxdjB4WGJQOG1vNk9JekQyUWM?oc=5
2026-05-19 03:00,Yahoo Finance,finance.yahoo.com,Why Arista Networks (ANET) Is Central to AI Data Center Networking Upgrades,https://news.google.com/rss/articles/CBMingFBVV95cUxPZUFNbEgxUEFfSVJ5N21waTJjR0E1WXdvVXcwaExlOTEyVi0zeWZ4azg3ZGg2a2tsb3lnUmRkcHV2V1JjR0xTemg2b0dyR0NXMldZNk9FWHhXbWpzV1VvSHpESU9xaXltRXR0MVJJMGlkMXlfUHZDMGJZN0phVmUtTllDbi15ZGNtZEs2aWFsTUVpWTJjVkVfQVRvTFBWZw?oc=5
2026-05-20 03:00,Investing.com,investing.com,Arista Networks CTO Kenneth Duda sells $8.1 million in stock,https://news.google.com/rss/articles/CBMiwAFBVV95cUxPOG1VbVJBdzlCSWxzOWk5bFd2MGZXR0FfNEpsT2xqSDNkT2NralhOLXdSRGZFamNCc2QyNWJCRWVPb1pFazRVR1l5TkNrZGw4WFVHWlFoZDdmY1p0VTJsZEQta0tYdW9USDFVSy1mejdaeXJRN1g2YjN0cUIxeXpjQ3dSY3owUFhCT0tTSlRaaVZ6c3Nld1FGZ2VvdVp2MnljNHpCTElWN0dXTkVnWmRhQ0pPYXdKRGpyQTJReVhaY1o?oc=5
2026-05-21 03:00,Yahoo Finance,finance.yahoo.com,Arista’s Gartner Leadership Highlights Push Into Campus And AIOps Software,https://news.google.com/rss/articles/CBMiqgFBVV95cUxOZTRtdnUxT291ekNWakltMThzcUZRYXBlZzZUa1pwaGUySzFNZGRYdlJJd29qQ1Utcl9rQWFIeXVNYUE3RW03WG10THo4SUlndkpUaVhOTjJ6TkdsVTRrd0cwLW9ZQWZIUW10NE9tY2pZeGJrcHEwYVRBcU8wV2ppZUZzSjl4cjIwdFdwQTRmejZOd2ppMUxYUGlNU3ZzQVNvU3c4Y2JvekxEQQ?oc=5
2026-05-21 03:00,Yahoo Finance,finance.yahoo.com,Is Arista (ANET) One Of The Best Extremely Profitable Stocks To Buy According To Wall Street?,https://news.google.com/rss/articles/CBMimwFBVV95cUxQRFB0OVo3RHJPanMtcWpGMTE0NndCMWRUMV80Y0hoeGlPVmZsSHY1S1p5cVBrMGdHNXlvbEp2dFBlU050YTFzUjNWcWtUVngyOVBpQnU3RXRZLVJVWGt1d1RnN1h5RHpCOW42ZlpfMDV6ZndQOFl6WWYzRVhEeS1aV1ZhZUp4ZEhscTRkemlOUDZDd1otWlBEdHhYYw?oc=5
2026-05-21 03:00,Yahoo Finance,finance.yahoo.com,Is Arista Networks (ANET) the Best Pick-and-Shovel AI Stock to Buy Now?,https://news.google.com/rss/articles/CBMimwFBVV95cUxPRVQ0OXpmM283MTFQWk9sQl9YZl82QWhZLWZvNlZKUk42X1YxTnFLdjJzcEVRTUxEVTBqSXFpQ01kSlVXLTB4SG03T25BQWpyV2VnR25mLVRkTzNBTEVMcE1HdDRGN1ZrT2ZGV1UxcVdPQ1RfNm5aemloS0VuVGlLSk1qdjIzVFM5YXpPdGV4b1RaYUhBaXJVR0xKbw?oc=5
2026-05-22 03:00,Investing.com,investing.com,"Arista Networks director Yvonne Wassenaar disposes of $136,846 in shares",https://news.google.com/rss/articles/CBMi0AFBVV95cUxPSnNua0pqQnc1cDdHckY3dEZXMElKcU1yQ2U2WEd5cHNpV2Y0RTY0aWFaZVlhc2NTdHdzYTdJdnhqMXd5c040ZnRlQXdHWDhKWHRBWnZCMm5FbUtxdU43OWV5WkV1TmZFelJKTV83ZS1qOUtxVl94dmpFMG4wd2RacHVCR196QnA0cExTZHZRb0k1LXAwajRETkRveFNMaEF2OXhlTDlwWVZxN0hWWjlNcWpxTmhlWG1icGpMUWxjSG9BY2hIRWFvaXlPaXA0WDJJ?oc=5
2026-05-22 03:00,Seeking Alpha,seekingalpha.com,Arista Networks: Buy The Margin Anxiety Selloff (NYSE:ANET),https://news.google.com/rss/articles/CBMimAFBVV95cUxNaEtJRE4zelVGcXktU254OGtUakxUeGhESEFfRHNmSXBRU0dMZ0Z6enNJSUtWdWVsRWFQSGpGRDlvc2dkbXBfd2ExN3A0YTNNM1U0NFktd3BPV1BFQVJnUG5rdC0xcmM3U3BjNXAzTmlNR1o4TjRWeUlLYlBVVlkteFV6dWhrY0daaHpaaTNVeFZNR1h3VG9WTQ?oc=5
2026-05-23 03:00,Yahoo Finance,finance.yahoo.com,Assessing Whether Arista Networks (ANET) Looks Overvalued After Mixed Short-Term Share Performance,https://news.google.com/rss/articles/CBMipgFBVV95cUxPbGFhNXVEVk5pNFpRRVpzODdhNDFwRWR2UzBTYVpMZVUzLUtqTlZvUjB5TW0wTG14LWMwWTBXQTc2TFFwbm8xNkZ5RXQtanJ6UXN6Y3FfUTh0c3NHcDlRRmZNWUpLQy1vU2hpMk5mTFdUYnpCY1lyTllieS1oeXo2LVNLSG9oalY3dkJhVlRoeEQ5Mjl3MFhraVdSdkZPSGlWMkhQUG9R?oc=5
2026-05-23 03:00,Yahoo Finance,finance.yahoo.com,Every Analyst Is Watching the Wrong AI Stock. Here's the One That Actually Matters.,https://news.google.com/rss/articles/CBMinAFBVV95cUxQYnlKWHlQQVFVWlBxMGhUQWdMN01xR2pLcmp1R1c2QUpZMTAzUW5OLUlEM0VSR3Z2bFR3ZVJybU92Ujk3c2ljNUs3cThjRm1UUEtjbGRpQ2FPRm5fTHVRbmNHb1dJWURxUDN6LUYwc09TOHRuX1V1SUJZelA1eGZyRlVYckk3SVc4QU5NNHUwZDdyLXdpMzFPTU5hTnM?oc=5
2026-05-25 03:00,Yahoo Finance,finance.yahoo.com,"Arista Networks, Inc. (ANET) Is a Trending Stock: Facts to Know Before Betting on It",https://news.google.com/rss/articles/CBMinwFBVV95cUxPMEdfVVdFZzU2UkFzZEN5OXk5MndzOGV1UmczWjZ5MHFKM0tOLTc1dExsZGphX3hNNHFtVy1IbzR1Y21ydXZrcU9rd1ZqNW5nZDNqRFlFbVhmREdXRFE2b2RsVEFKWV9zVEJ4SjBNVG9CZDNHd3Z1X1lmV3hhX1EtaXdUaE5Vd1hJNlZLYkJXdTRkRHVWcE5mb0d3aGYzTFE?oc=5
2026-05-26 03:00,Investing.com,investing.com,"Arista Networks director Kelly Battles sells $61,797 in shares",https://news.google.com/rss/articles/CBMiwwFBVV95cUxQVi1uMHJVazFiZ3hFVVFvaTZwY1g2R2VDZHBVbXZCdUlPTjZjT2VPekVwVjZRbWFLZTk1STV0LUhFVWJaVkhQc18wV2c0d0REbDZHNnpYZEE4UjkwRFREUWNYOVV0ZnFYOG5PMG9ubnotcHBNb3JmRlhFNWxNN2ctUUt4Q1Z4OWU5cUFYcXVHaUE1c255WEFfMjNGYlo1ZndNZVZGOFpaeWNJQ1NkR2oteWpHc1dMUVN0bkw0YVlJb2xCZWs?oc=5
2026-05-26 03:00,Yahoo Finance,finance.yahoo.com,"Cisco Soars 32% in a Month, Arista Falls 10%, Broadcom Drifts: The AI Networking Trade Has a Clear Winner",https://news.google.com/rss/articles/CBMilwFBVV95cUxQLTBwTkNodmZuWC1UQnRuZk9VMFFOczljM0U1aTQyUkluTGRFR3BJUnFvOTVYcUFkSWpGbUVRN1RsN25nMDRDT3pmbmxFSzc2V0NyaXNDMFczUW8yVXpLd1NFU09Rd050OW1mRnNfbTlDdFBIX3EwdURlOER4em5LWThob2hHdHh6bnh2M0NHMWdudlZTMmRJ?oc=5
2026-05-27 03:00,Investing.com,investing.com,Andreas Bechtolsheim sells $31.1m in Arista Networks shares,https://news.google.com/rss/articles/CBMivwFBVV95cUxOSjdab0hJQlRlVnYwVTlYakpWdDQ5ZHozOVhVb2JiSkxaZFNjYTRqdjlULXowaUI3aHlMckd2akhZLUlkdmlyVkJZZmJhRTFaYnRIdjVFVzBmUzZ5YUljSElzaE0wYmVxV2pMT2daNWo3TmluR0gwYk5Vd0E0LWpuZkZzZWllenRUdmY4d191RElaRzJCUW5ZQTljZlQyakpkX3JwUWk0NG83aWZSN05wdVpJSkpCMU9QaTVJLUp4TQ?oc=5
2026-05-27 03:00,The Motley Fool,fool.com,Massive News: Arista Stock Could Surge On Explosive AI Networking Demand,https://news.google.com/rss/articles/CBMimAFBVV95cUxON0k4azZPc3FGdmpJcE5oXzZsMk9ZLXJZU3ktQ2RKWmlpeTJEbE5fN0o5NmM2aF92V0VqbFRaTWwwMm9lOFhoUWc3MEdFTVpZY2tZcUhtVkoxSVhERGE2ckpmd1pQWEpGS3pubWVwcEZhU0NWR3lscF9EZGhvaFVEbkhiekw5ZjJlbUk4TUJ3M05EaVFWcnAzbg?oc=5
2026-05-28 03:00,Investing.com,investing.com,"Arista Networks CFO Breithaupt sells $384,336 in stock",https://news.google.com/rss/articles/CBMiuAFBVV95cUxOcXIxSHctdXhFaWpyaHczSUp5LUN6RVlzZ1ozamRkdG1ZSVdwcmhLUHlRQVZTZndOVjAySXRKc29VLTRaZGpCOC1lRWdCTlBJMzlHTjlodTZuUHdwUFp5UHI2Y2RSaEpHZTZsVHMyb05MZExndXZJTWNUMkV6RXR2QTB0b094c1l1OVRxWUkyVmROYTVsNUk2X1hVU1piRzZDb1F6eXctUHlBRmdlMVE5TDB1OE1veGNT?oc=5
2026-05-29 03:00,The Motley Fool,fool.com,"3 Brilliant Growth Stocks to Buy Now and Hold for the Long Term -- Including Nvidia, of Course",https://news.google.com/rss/articles/CBMikwFBVV95cUxOWFV6d1FHcDItWXhQV2tGVHE2ZWxweWY0dlBSSDllcmVhTVJmZzhFdWVpZjlObG5hd0EyazZlNTI1YU5sb1h0bXdfZ2czWm41ZmVLZU0tUHRPdzB3cUl3SFpwUUZORC1hME5ITXZFOHlvLWZZbVJyUTdyd3E3N09wR2lHTXJWMVduRlV6alhTa3pad1k?oc=5
2026-05-29 03:00,Yahoo Finance,finance.yahoo.com,Did Arista’s Upgraded Outlook and Surging AI Networking Demand Just Shift Arista Networks' (ANET) Investment Narrative?,https://news.google.com/rss/articles/CBMiogFBVV95cUxPQnVFeHBYcWY4ZXhJUTlaTERadGM0X3MzaEVRdXFRVGFzUXZuQmdDc2FaclpIdXdVM0Q0cTBiT3p6eHBLQi10NmdMTVRVcnBrajRNZ0p3RjR5M3Vld29EOUpnQTd2OEF3RW5nMzlETm5fQktKenItak5YbTNaLWpESWxiNE1YZGJ1bVlPM2NLSThrWElwNERfenNfU2lDODZJOVE?oc=5
2026-05-30 03:00,The Motley Fool,fool.com,Is This Under-the-Radar AI Stock a Buy Before Its Next Earnings Report?,https://news.google.com/rss/articles/CBMilwFBVV95cUxPZ0JzektEQWk1NnNodFU0QW5LSF9kNVZONlZFNjRGYVc3b3dSZzJDRl9mTnRWSk1UQm52T29lYnp0T1BHLUc5cVBRZnNMYkpJQTNRM0tQOHhlcXBqU21WYnlXbGt3ZWhGdl9TcEpyenZoN0xzejFaZzR6ckpINW1McXQyYzJza2dwVkR1OFNENUZFOG16RThz?oc=5
2026-06-01 03:00,Yahoo Finance,finance.yahoo.com,Is the Arista Networks Post-Earnings Dip a Good Buying Opportunity?,https://news.google.com/rss/articles/CBMinwFBVV95cUxPc2FiaUxaRU5fRnFGenVZTjV0TWIwU2FXNWJsWExxZDZnTF9DUjZZb3FmN0FaS1BJdllhdXFmV0wzYmZvU0U4R3RYQ2xySVlzR0NiT25NcnJRX29icVhjWDFVZkx5d0dOZjVjcDlXTkNuSEpfVjZ0a0pCeGlZbnNTb1dSaW12Szh5blBYVGR5UjBrUW5pUndrMTBxWkItQXc?oc=5
2026-06-02 03:00,Yahoo Finance,finance.yahoo.com,"Cisco Advances 5% to Record Highs on AI Cybersecurity Push, Arista Climbs as Networking Trade Extends",https://news.google.com/rss/articles/CBMimgFBVV95cUxOOHU0UXlFTTNOc1kwS3pQUG0yX2lmYXF6RHoyejR4ejJLU1VIaUVPSHRITXdCeHNXU1hjNnZBbklQSU5GTVpNdGpBNnBTZ1U4ekljQzMtTzhOS1J0M0tmOVlPbEphRl83NlhDdlVDQ0g4cG9aY3NnWWdQU3dfYVlZNzVYcVBSVldlMFBoODZxOFhTeDVvM2ZRd0Z3?oc=5
2026-06-02 03:00,Yahoo Finance,finance.yahoo.com,How To Earn 12% While Waiting For Arista Stock To Fall,https://news.google.com/rss/articles/CBMimgFBVV95cUxNdEN2WjVpbmdMazNMcG9mYkpQSHNldEJDc1JXX0NWeXZTUVp3SjFsQkE0SFh1eEpKNS1uQlE2aGNBUy1BWmotTnlsbWZ2a19pcHVmWHY2Unc4OFBJQWpBOE9iWVRmeXBUSUVSSUJYVTBFMDJXOXhPa1JYZEd2VWV5ZzdHNjlXMEZQbDVySnRNZHFHTzFqSnVaZXR3?oc=5
2026-06-02 03:00,Yahoo Finance,finance.yahoo.com,Is Arista Networks Stock Outperforming the Nasdaq?,https://news.google.com/rss/articles/CBMiqwFBVV95cUxPTGNoVVZ0WGd6c1hhTWpnaE10b3NXVmRUU3RhSmNtRnp3Z0tKc3lHWG12dzRHdzhVUlp2YXA2aXgxaDVwVXlGTjlwcVh4WFBPMVlTUTlXUEE5UDRabTNlUE95OHpLcjQ1N200ejJWY3FVbXA0VmZzMktkdE9QVzlCNGhlMlR3ekR4dFNkeXRDZUxaSmZtQm1EUnllR3ZpV1VVWURNZXFGaG43MFU?oc=5
2026-06-02 03:00,Yahoo Finance,finance.yahoo.com,Is It Too Late To Consider Arista Networks (ANET) After Its Strong 1-Year Rally?,https://news.google.com/rss/articles/CBMinwFBVV95cUxQYnpKSzFrcE4yTGNXTXI1Z04xSngwUzh2OU90RldCMEdSLTJyN1ptamZPanNPaUExbXRHSjd5clpXaXhiQVU3alZDdnlZNnJoMzRHZEpldEdCd0FkVTFOV3NLRVN2Zi1VUGkzNzJESEJINFhWSEJQQUdDcDR2S1FyZjEzR0dROU5yQkJoQlRRM1pJZ2otNDVwZV9IbjFJT0U?oc=5
2026-06-03 03:00,Investing.com,investing.com,Arista Networks director Giancarlo sells $1.35m in company stock,https://news.google.com/rss/articles/CBMixgFBVV95cUxNNnRzaHF1VnJRXzNCQ2NjbURlMWJKSGUtYkRObkplWU9iY3lYQmNDMU8zYllNVjlBODM3OFhQb2xZM2Q4YVNndXhUWlprS19pcGpCSVh2S1Jwa210dUZ3MTJkTUlYMl9GQmhZY1FIeHk2RU9YOTBsU1lMM08taVZINlBSY2xDVHBjLXZiSnBsMl9aTVpDQXU1bllPeFd6UWNCNDVVa0wtOVpVUkdVcktSajFjcnpoMzU1cHUwVmxNODMycjdaSlE?oc=5
2026-06-04 03:00,Benzinga,benzinga.com,Arista Networks Stock Up Nearly 6% After Key Trading Signal,https://news.google.com/rss/articles/CBMitAFBVV95cUxQTmFjazFEX2NVR0J1VkdXbTgtQ01PaVVwVThGWlQ1aGdjcTM4V2syOEhkSlZ1RHBPbmVWYkhGQ1dJMjRQRVVNNmVkMTRmcWdSQXNpZHRPWUpmN3p3RmVhVW9Xc0FmZ2c1ZThwNFdTZjJaR3hHU0g1ZXFSVHloYnhaLVJLNk45TDZ2NWVaUktnaEVhbEVsV2VnWjJJTlZGUG1SeVBseHczXzRJVlNIUDFlYktxQmc?oc=5
2026-06-04 03:00,Yahoo Finance,finance.yahoo.com,Arista Networks (ANET) Up 18.6% Since Last Earnings Report: Can It Continue?,https://news.google.com/rss/articles/CBMilAFBVV95cUxOaVV1cHFZcjdFcjFUakxUblpWTzNLcTB1cDB6NUk0U0NOaDJpeTZ3dVBOQ19OREg5SlZSc25neksxWTVCYTJIRV9CaGVsUUpBeE5Lc0VSck12V3lXbnk5dGJydHEtWk5NdUJRZnlvenZFRWVaNnM5a09jOFZzMFBJU3FYc2tXUVB5V1FJNjRiQW01YVRs?oc=5
2026-06-05 03:00,Fortune,fortune.com,The Class of 2026: Meet the 12 companies making their Fortune 500 debut,https://news.google.com/rss/articles/CBMisgFBVV95cUxQenBWa2dydHN6QjVoS3QyQm0wLVRkRzhBM0FOSVF5TTd2T2ctZ1dvZjJNSDVOU2I5SmxOa0xKUU1WcUtGM3lsVVp3SnJ5aGxMRGNzbFF2N3F1S3hIeTBGVGhDOHBLQ00zN0t2LVEwNExsby1UZ1NJZDNGeGxfQU1BTzNxSTJHR1hra3AyWDFwTmtpUDhvMXhVWEZlMUZBXzg5NEpOcTNhWUdRRGF1OUVISDdB?oc=5
2026-06-05 03:00,Seeking Alpha,seekingalpha.com,Arista Networks: TAM Expansion And Surging AI Demand,https://news.google.com/rss/articles/CBMilwFBVV95cUxORThIUzkzYXdyTHJ0WVRJYS1UY0F6SUJGbHVqel9wM0Y0WnNTVE1IcVlIY0pTOXlSN1U0X1U2WG1kOVlsRVpUVEh3dXE5TkhVQ2pST2VXZUJrbDg3T0hpUVBOWU1sRGEtZDdLM2pYVURYT1RSWC1QeHltTlpQTGVSX3l6b0YwV2M2OHkwZURwOUw4d2xIbXdn?oc=5
2026-06-06 03:00,Seeking Alpha,seekingalpha.com,Arista Networks Stock: Time To Go Dip Buying (NYSE:ANET),https://news.google.com/rss/articles/CBMihAFBVV95cUxNVTltN3h0NUJfWnhNSkJTZ2tzTVFPOHJCMHNpblZwN3NHRlpyWWpzZjNFWFlSQWI5QkZJSVlwRXJDdUc3bTc2N0dqSF9DV1ZYTHpLVUw5b3NHc29qd09FSldJSmVRd2RSNUp1Z2VfcW1zX0tMeHFzaDZpUU95VzlnbzFsNS0?oc=5
2026-06-08 03:00,MarketWatch,marketwatch.com,Arista Networks Inc. stock underperforms Monday when compared to competitors despite daily gains,https://news.google.com/rss/articles/CBMi6wFBVV95cUxNM2J4N1pZWVlkdWFwQ0dXd21nSnhLWmZTUW1TMjUtdjN4UVpEbHdVR21EWFFSOElPZXlTSV9QR01KaVo0UTRPY2NWbFBfaEV5RFZuM3N2WFRyb0xQZGVrMFNFUnpFMTR5NVBGY1hlbWYyMmZlVGdEdW9VMGcwYURZaEp6NXgtdDRlQm1GbngzSGFrSXVlVGRNdXdhcDJWek1mUU9iUXNtMkRhZjlyRDJpU3BjNlhkX0VWckhkZDNfeG9pOVhUT3g3M1hUQnExYl9yajdtRDFudVFhSjVOcno3QkdCdTNsMDN0eExv?oc=5
2026-06-08 03:00,Seeking Alpha,seekingalpha.com,Arista Networks: Thank The Meltdown For Dip Buying Opportunity - Multi-Year AI Winner,https://news.google.com/rss/articles/CBMivAFBVV95cUxPR0tORk9qS184ZFQtRkMzSHRXWGtpUEdRVkprVWliakZmbFJzT1BLRE1JdGE1TlVPRk1ub0dPdUsyLV9RdnhvMDhCb1pQYlRqMXJXblF6S0JMMWRKX0pIdlktRnRQa1M2UmRyQXVKTkhqZll5cDhxVkdraUxxaF9NLUhCWGxYQ01FcWlzOEZBVGRsZG8tMXJodkxXV00wQnRWb2kzcTJseWtPM3Fmd0Zsbm5oLTRwcHlDS0hGdg?oc=5
2026-06-09 03:00,Investing.com,investing.com,Arista Networks launches 1.6T networking platform series for AI,https://news.google.com/rss/articles/CBMiuwFBVV95cUxQNzZScjZSU0tRdXExdmpScldpdFBJd2JsNFctY29BNzNLay1JTmh5NmdzZjdmaEd2WEpjUDZ1elA5RmNnRk9yVHpZTEkyeVZNcm5mU3NYWTg5MlFaLTlCaDRhTG9ySGg0NWZWaGtxQ080Q3AzQ1Q0dmJRem5LWXRQZzltQnhCSVVOY3ZCS0YwOXhPSF94WDdpNm1NYnVVS2JZZkQwRlV2RUJrckowSGJPdVY0emwtS094WXdB?oc=5
2026-06-09 03:00,Investing.com,investing.com,Arista Networks’ Bechtolsheim sells $34.7m in ANET stock,https://news.google.com/rss/articles/CBMiugFBVV95cUxNbnZQTk9YTE1GcW9UbFFVenotRWpYRWNvd3RleTlFTkhIUUR2aG1YUVp2LWtUOWtZV1NoemhQUDVBX3dIZkRGZkFLVEZTc1BrUHFub0lSZUpxcmpXWUJ4bDJSSFczN3RfTUxsR00zSXRnNnU3OVY4YkRqWWhkTm1teFBNWm9sdFc5THNHTnVqanhwNDNTUGlVVnVJaFNIcmRUcFJHNVFJcFYwNWZEWlI4YVJWQjFzejFySUE?oc=5
2026-06-09 03:00,MarketWatch,marketwatch.com,Arista Networks Inc. stock outperforms competitors despite losses on the day,https://news.google.com/rss/articles/CBMi0AFBVV95cUxPM3k0ZndnVks3cWdva1RoYVlraWU3cTUzSmRfUFdMR3J2WklPTmZvSWwxRFc1N2lfZjhlMWtnYkhkNVc0WWRTQ2tObzFmRGwxQWF1MWhpNHBSR1h2bTBMQ3hPS0l6T0JKdzdOME9ZZVFzeUl1cmhYUDAyZEh6bGhmYXByQXNuWUthdVZkWlNfMGFyRWFJZzI3LWJuWHRTTzNaR2hyd2c1R3hLUEhVX0tXVHhMV1NicFNwbkN5NVM3ZDdRR3pxTWRfQkE3TmFqZFpK?oc=5
2026-06-09 03:00,Seeking Alpha,seekingalpha.com,Arista Networks: The Quiet Winner Of The AI Arms Race,https://news.google.com/rss/articles/CBMimAFBVV95cUxQYnBhZTdIRjBEUjVIVkEzWDF1T2VwRlloeVpmSG1HNWROdm80NnIwbF9lMEVQZEpSaEpuMWgzdGw5ZTY5YzlvNmFXVDlKQVNYTTAyTkJNaVEzLXBjZVUwS3VqS01kcnJsT0FjX0pFQUlzMkNjeEZ5WWI5bUVKNk1wOXdDNEZSUDFOOGpWeHBTaXIwdTczVFEtNA?oc=5
2026-06-09 03:00,The Motley Fool,fool.com,Arista Networks vs. AudioCodes: Which Technology Stock Is a Better Buy in 2026?,https://news.google.com/rss/articles/CBMiyAFBVV95cUxQYVpQMzRHNEx6bHlWVTFCdWFjUUREaWhoNDFvQVdyb0w5Y25OM3ZhVHoweGplRXZTckZrOFh4UVFXYklraTVPOTcwYUVTR0g1ZFJtZjVWTzU0aVFFNFNsWElMQVd0T1pJRTU3TG5hRUo0OWdxb0FnbHlsd0ZUd0FXWTJ5aTZ0NzVCNF8xdDNJNFg2SDFGSDdxOGhRdjVlLU9xY0VTQ2JiSEYtZmJjdUxxNm04UWxNd3B0TVdBajZ1TTBpZnYzejlTUg?oc=5
2026-06-09 03:00,Yahoo Finance,finance.yahoo.com,A Look At Arista Networks (ANET) Valuation After Recent Share Price Pullback,https://news.google.com/rss/articles/CBMiogFBVV95cUxQbVBLV1VXMlRkVGJ3UkMtS0hUdElMSElxVUdXNzN2SHpOT0FrZnI2MmpLbFdyN1FYSjhfQzd0Vng3NTBuZnlDZFBBUmpBODlENkFvN0RKbEpUZVJKNzhtTWtXbDF4U2ZyV2xya2JEOWVDUUJ4TEN1aHl6RnhYcFY1eEpFU29CcUVnWkJVUW1BRm9yWHJHTFRNOWRVSWRjOGpwVHc?oc=5
2026-06-09 03:00,Yahoo Finance,finance.yahoo.com,Here’s What Analysts Are Saying About Arista Networks (ANET),https://news.google.com/rss/articles/CBMiowFBVV95cUxOdUxTVTVva1pva0ViS1VuMFdLY0tuRWxpTWxDY19FSVpTLUZncGJ3MW1RMlJsY24yWjdrUWs4ZVlXWlF0Y0IxUjBZNF83V0lNdTBXYWtlLWFRVF9ZanVpOGg1YmI0bng3WUEzeTd6d01WQWROcTNDZ0t4VkMxTVA4VlNuNHJRS19QSklzZDRCQVZDZUxzM0R5Ulh0b3RQRndBOW1z?oc=5
2026-06-09 03:00,Zacks,zacks.com,Arista vs. Nokia: Which Networking Stock is the Better Buy Right Now?,https://news.google.com/rss/articles/CBMiqwFBVV95cUxOaFZiU1pDOWZ1NC1ESERGcEFhbHVEbFYwc2JiNlJUUWVINWs2MmM2YmJ6ZGt4Z3FVXzNMUEhZNnhzSEZEcVhFVERTSW1ldl9MZXhOZTlLOEplQ1A4d29YZ0FEZlBpMlN1YzJGeWV5djRlZnBGOTBmMURKVzFfcURTa2hCcVAxTFBNeV83cC1RLU5Ib2N2cmYyeEVHdE1IR0s5LVMzajBfMldfTTQ?oc=5
2026-06-10 03:00,Yahoo Finance,finance.yahoo.com,Arista Expands AI Networking With 1.6T Platforms And Faces Supply Strain,https://news.google.com/rss/articles/CBMimwFBVV95cUxOT0cxMXd0NjZsOE1oRTJESDRTYU5nb0xpZlZiWjZSVldjVDY2VkxKY2JmWVc4aTl5bGJMRHd4QU5hcUVpQmZyVTI5T0FkYXBYRGRHamd0a2RHdlcyVV9MaE1KRWNSNVBQS0s5dE9CbXJhdS1GbHVsdTJPNW5RaVVUNUw5aG8yclRoWmlmR1VEdzN0X09ETUxPUE1Gaw?oc=5
2026-06-11 03:00,TheStreet,pro.thestreet.com,Chart of the Day: Arista Networks Is Trying to Catch a Break,https://news.google.com/rss/articles/CBMimwFBVV95cUxOQnVVUXY5RzNXMGVXY0h6UHB0NmRFRjFhT0lmZVVJMTRXOXdmYklQb3hZRVBxMHpYeDhmdFJYS0xXNTdOZ2daVlVMWXFqV2J1R2xYVkdacG9STUhyZXhjSEgyRlhBeFZNRHpMVXMyYjZnZ1YzUDc4TTBNUUtEYm5hdTdzcDdUVHFsRE1qNldtN3JRclFiM21jdEpvNA?oc=5
2026-06-12 03:00,The Motley Fool,fool.com,Why Arista Networks Stock Flew More Than 4% Higher on Friday,https://news.google.com/rss/articles/CBMilwFBVV95cUxPU25WOVc0dEdxbi1ZUjNGbWJFM0VKdUwyaEFPYk45ZE00RWZLYmwwdFN3OFEyWkVYTkJFbXRwUV9CaXdQb1BqV2REOUVqTGF1MWRGQTF2LTlNaEdwLVBiWjBHYmxzd0pIcVk3MmJiY2JJbnJrMmFKRUFzQ3VEemRPY0ZvU2xmUEhLVDlnY2toekdMZ2NBYjNn?oc=5
2026-06-13 03:00,Yahoo Finance,finance.yahoo.com,Why Arista Networks (ANET) Is Up 5.8% After Raising 2026 Outlook On Surging AI Networking Demand,https://news.google.com/rss/articles/CBMilgFBVV95cUxPQlRjNjA1b3J0Q2FQYl94V0hXQ1NCS1FPUVBxamVBSkZkeXI3NDhXbFo2dXVtSXdhd29SeDZfdVZ6MFRTZGFuWW1PNDZIYl9QMGhoMTFlM0RDT0RmRm52SFJoX1hDLTQ4YTFDaTRZTEQzdl9lMEZZR1NwV2NySHVHSll5cEIxbXZySzliNE1JaFB4NFlOTkE?oc=5
2026-06-14 03:00,The Motley Fool,fool.com,5 AI Infrastructure Stocks You'll Wish You Bought Sooner,https://news.google.com/rss/articles/CBMimAFBVV95cUxQVHVhWVhEaDYtc2VlNkpBekx3WmtzRE5iRlY4N0lrdS1hZDE0LVB6bUlHbEVsRzVPNDAzdEtUY2l4TklYQnlGYzRiUnI0SGJNMm9tSTFZV25EWHNaUlBWWW9QSjdtOWFQWXdxVVk5cWFESnI5aU1FdW9ZeVdrWlFqSjJlRVl2WTY0M3E5NmtyT2lYSjdDdENqVg?oc=5
2026-06-14 03:00,Yahoo Finance,finance.yahoo.com,Arista Networks (ANET): 1.6T Launch Shows How AI Fabrics Are Expanding Its Data Center Opportunity,https://news.google.com/rss/articles/CBMilAFBVV95cUxQNXZlWjNfNTc3NjJGT1hBV2kzUUp6Y2hYc2dTcDE2Q1N4MjZMRFhIa0ppTUloWjBSZ1hnaFR0bXpaSlpwR1pWOVNjeEM0ek9DV2NXRkV4b2hGQWt0U0tZZUJfU1JuMGhnQ2h0ZWhKeldBeXh6WGMteUFqQlgwQ3ZGYjk2cm1xYnVHQlRNYXg2dGFObmFQ?oc=5
2026-06-15 03:00,Yahoo Finance,finance.yahoo.com,Morgan Stanley Raises Price Target on Arista Networks (ANET). Here is Why,https://news.google.com/rss/articles/CBMioAFBVV95cUxOU3R1bGRaS1hmNHVySHFXRGxsZ0NOLXZMQWpfWllaSjFDMjFUT3MtVHJrdGIwNkV5OE1Qb1otZWNhVkROU1JYT1hEZDhqYlFmSHc4X1pLZnpmOExMTFAzRkxqZ2lpcWJOUzV1SjMtaWdROXg2X3BKakpab2owa1RweFdjdUpVRXRMYjFhaXA2VWRmSVBWV2swcExsaWxDOEhD?oc=5
2026-06-16 03:00,Investor's Business Daily,investors.com,AI Leader Arista Networks Poised To Hit New Buy Point Amid 'Supply Constraints',https://news.google.com/rss/articles/CBMihgFBVV95cUxQeVNOVEhrcVpRUU40Rl9GS1VXYnNkUVR3Y0VwRlZGNWVyNWF5YkctN0twaFBTQ0VRZFYzYTJBTmZyTWlqRkFDWE1UaGRJd1dHamVvcGRsSHVYYVZsOHA2dVFJMzQ1RXVnaUpxbG02dGZVOUQ0RlhXSldQUEVhS2NGUnlZcllKZw?oc=5
2026-06-16 03:00,Yahoo Finance,finance.yahoo.com,Arista Networks (ANET) Stock After 87% Annual Gain Is It Time To Pause?,https://news.google.com/rss/articles/CBMimgFBVV95cUxPQWhlS3ZpOGl2ejBwbXZNMGlNeGFoazFoU3RTdXNlNDZqRTNCeUpuSDd2elhkM2UtTzE0T2I1ZFlxekRmM0sxemtIOWZjeHNHVTdCNFV2UzY0UlItMFQtZW13ak51Z29YaHNzbXRZNHNUaXRPNDdHRkMyUDItTnFsVmtiZ1A1RGJiWXNQQW5nRWJ2OXV6UmNLNnRR?oc=5
2026-06-16 03:00,Yahoo Finance,finance.yahoo.com,BofA Securities Raises Price Target for Arista Networks (ANET),https://news.google.com/rss/articles/CBMiogFBVV95cUxOaEpaLWwyZk9xM25xNDl5Nl92TUotMU5pd1lJS0dqVkVlZ3pRUFNsTU1GSlNIZTI1QzZxaGlabkRqSHI4MmkxVWJIVFNXMkV6eGJWNmFwbXgtNTlaWmZKUy16Qmh0ekktYlVjSkktYW5CMlBCZlNDS0lPZXlseDh2SURkMHVpMVhYMEdncWZaanhmZElwbVZKRTR5RjVJOUM4Rnc?oc=5
2026-06-17 03:00,Investing.com,investing.com,Andreas Bechtolsheim sells $43m in Arista Networks (ANET) shares,https://news.google.com/rss/articles/CBMixAFBVV95cUxOSUl5NkNrNVBwS3hMUWdrdjBFMWhESlQyY1UtaG11Z2hVWEpDM0NwOUI2cFJMZWZIYS0teDRoZzJxLXZMUEVacUZFVnVCSlF4dEJkc0Ridy1RaTVrdHE0S3QyNU1Ec3N5bzhyY3E0RXRPZTlLVVBXV3BHYzhkaExSUEw2TWowV0trd0MtaWVWVkxrMXRJdWhBRVRabG1oaVAtWXpVbFZBRUdQay0xdlhXYlZnUXZKUmtEWmZkMEsyNGJDQW1W?oc=5
2026-06-17 03:00,Yahoo Finance,finance.yahoo.com,Arista Networks (ANET) Declines More Than Market: Some Information for Investors,https://news.google.com/rss/articles/CBMioAFBVV95cUxOUklZX0hsVjczVUx0T3pTSWtTNkNpRng0VHh2aVJaOXZYdWg1X0F5RTIwdzdoS2RvZ19BeTRxSm13R2p2R3FTSVF6SjhYYVVrNmVJTk1SSWRiWnpOQW9hNUwxUVAycXJHNkJIaEY1bzNOanR1ZkNzalE0dVB3TGF0NWNOd2M3aVFrTkd1YUp5Yml0ZVB0YzJGdWpwWi1hNlEy?oc=5
2026-06-22 03:00,Investing.com,investing.com,Arista Networks’ Andreas Bechtolsheim sells $43 million in ANET stock,https://news.google.com/rss/articles/CBMizAFBVV95cUxNaVdmY1d3RThWN1VXUE9id2o4LWJTY01MMy1VTGFFNzJ1TEFYMGI4dExvTXpzWEp6SzQ4QTk4ZkR2OGJGRHMwdElUS1lsYkZ3cHRBWmNpN3I1cHZ0ZmI4bDZhRzRPblE1TlhNU0xvWVhXV1BfWnd2bjdNaGJNNkJMYy1qanhHNW04R3lPSkEzMEJVVWVUUzRMLUdNLTZWMC1EdjJiUzVtSmNZOUloaEltc01mM21kOGdpYUhYMXdEWHFYOU1wRVBiQjFZMW4?oc=5
2026-06-22 03:00,Morningstar,global.morningstar.com,The Market Is Underestimating This Industry-Leading Stock,https://news.google.com/rss/articles/CBMipgFBVV95cUxOYllCRTl0dE9qX0toOWV1MzhvNTJfRHFfSTljaTQ2UnBLVmRkRXhqMHRBbEx3V1B1Z3hSTG1VS2JpTEJkNkgwYjE4U0ZPdHJCdkp6SUZKTnZBSlRrYXk5ZWRxb3RoYWhxM3VVMjVNeks0VllDMjdXa3RLRTdUeXVCRkI2XzRpR1IyQ2hNaFduUXByQk5hbzVhbnhrU0QyR1pMYXluVU5n?oc=5
2026-06-23 03:00,Yahoo Finance,finance.yahoo.com,Arista Networks (ANET) Registers a Bigger Fall Than the Market: Important Facts to Note,https://news.google.com/rss/articles/CBMipAFBVV95cUxOcUJ4d3dxRWRkbTJTQmFObnd0RTh3VmhjUnlJb2YtN1VfYmFCQkJ6Y1RLXzEwY0RLUlVVTk1GRS1ITE9RWUt6cWVJeWxsa3FrR05KN3J5LXpnUkdIN1dTZXpHT2QzWlk4UnZQNGhPdnNyMWxnZ29TaDlCT0hnNjlZalhMQnp0b0tYY0g0TElXYUZzSURzeHg4YzVtcjdULTZTcEZRSQ?oc=5
2026-06-23 03:00,Yahoo Finance,finance.yahoo.com,Arista Networks (ANET) Unveils 1.6 Terabit Platforms As 800 Gig Adoption Builds,https://news.google.com/rss/articles/CBMimwFBVV95cUxQZkdpMjFBOGhPN0hsZGZ0VXg1OWtHN1NyajdZOUhqSVM3cDY0MjEyUDBnQ3poWW00bUhhZ09xUUwzVlRBVkNKV2VxbkRDM2ZNYW1oY0lRUEJOdlNwUzR4RVJRa0E1ZW5hLWFtRzZXYk5nWGIxck5EWVcxR3ladHhod0hOZ3FyMm9mUTE0Ym1XMUlYTjM1TDBaU1lkdw?oc=5
2026-06-23 03:00,Yahoo Finance,finance.yahoo.com,"Top Analyst Reports for Micron Technology, Coca-Cola & Arista Networks",https://news.google.com/rss/articles/CBMipAFBVV95cUxPYmxwemlib0R0TFJIUmZsa25jR29ZaUZMSW1JdGMzb0Q4TTU0QTktWF9na0NRX1dJMDZycWJjdFZWVTgtU1NCSW0wTFQxTmRiYXV6aDZUbTNET3BZWWQ3OWRjRGNWVzREakxhTjBEM3hxMGRmNDhYOVZNSFFURkdHdVhLdEdodEIzM09wUXc2OURENTZaV0k3V2JmRjFkOE9TR05pNg?oc=5
2026-06-23 03:00,Yahoo Finance,finance.yahoo.com,Wall Street Analysts Think Arista Networks (ANET) Is a Good Investment: Is It?,https://news.google.com/rss/articles/CBMinwFBVV95cUxQVGNnaG9pWXJXMGJyNkN6UWVDMEl3UEhaQU92WW01aHNadGVMci1YeS01cm80blhCYlREOUk3TDR0ZzFuRmhxbGNWYzBhZF94RnJpbFRaSzdWYTB0MHRUY0w2TC1TZnJ3b01xOEtpbXItazRmQjdmUGszeExSdmlFX1ZGb3g4ci1uaXdQR3gxbFhKUzFUS3ZkR2xKc0loWlU?oc=5
2026-06-23 03:00,Zacks,zacks.com,Ciena vs. Arista Networks: Which AI Networking Stock is the Better Buy?,https://news.google.com/rss/articles/CBMirgFBVV95cUxNaG83YXRqanhvUW1TRklEajVyU2RkMWtfX1N0YnVYc3owU2dlN0RSd2VLeHQzWTdKa2FNSGZXMWh5dmtHaEhCVERXOWY0eG52U0FlOUljOVRaaGd2SnFCNEE0aXdoN180MW9vR0h6bmVUQWp2UDIzbnJ5SGd5V1RKQ083a2hTYXFpRjczVXRTaGdZN0lmZlZ2NHU0Q2tRb1VMUGRlSDBDSnVHQkdjU0E?oc=5
2026-06-24 03:00,Investing.com,investing.com,Arista Networks president and CTO Kenneth Duda sells $7.4m in stock,https://news.google.com/rss/articles/CBMiygFBVV95cUxPYWVESFNGVFNMRTRFaFEyVkZ2WVVJVkUtQThPMDdEMWVqQzdGcU5WNkxUdzA5bHZGY2JGcHl0d0QxTUdXNHY2Q3N5UlNlUFV1bFg2c0F4OGxTSEkyWDFPQTRHQUpjYnQ3Q1pMU0pXclpNbFN0NTBJWVRHYnZBYm9UenhNdkZEV094Q1M3bGgxaXpwbXFZamFudThWbGZMdUhpejMzbXh3ZEg4Yi1UTnUzcEFqakxJWkVrbmNfQS1iUUVrWFFnbTk3Sm9R?oc=5
2026-06-24 03:00,Yahoo Finance,finance.yahoo.com,"The Zacks Analyst Blog Highlights Micron, The Coca-Cola, Arista Networks and Where Food Comes From",https://news.google.com/rss/articles/CBMiowFBVV95cUxPWWV6VnZZRjZMRGJjWUdPZTUzZF8zaW93NnluWFBTMW50aEw4RGNzcEJtWDItQU9qeUdWZmJ0aGdvajA0OWhJeDJhRkpBQkV2MGNQbzNMN05HR3Y5U202ZjhIWEJBbWdCWi1LS1BDanZ1YkN2Z1lnSC1XUThfc0hLQWtIZ3lVRnZDM0Voanp5eXFGZHBGYk1UNXVfSEJ3dGhDWk8w?oc=5
2026-06-25 03:00,Yahoo Finance,finance.yahoo.com,KeyBanc Raises PT on Arista Networks (ANET) Stock,https://news.google.com/rss/articles/CBMinwFBVV95cUxQUzd6MmVzcmNyWW1KN3N0a0tfQVdTMlZJNUF1dUZuSk5sV3BLTXJzQnFfdDFnYUtUb2d3dkVpaEhUdk94Yl9zLVdqV1ZHZnNRWFE4QzVOY3RuSmJrZzhvVy1pakJvVVRwdWltUFRmSlpUaUpsdlNfWndaQmF0RGpPT01FR19PLW1UVWlmVWw2LVBxbWFocjRMZm9HSDBYeFk?oc=5
2026-06-27 03:00,Yahoo Finance,finance.yahoo.com,JPMorgan Removes Arista Networks (ANET) from Equity Focus List,https://news.google.com/rss/articles/CBMipAFBVV95cUxOeVF5dEJyU0hYV0U5ODdHTDRxUmJla3BwdXI2dmY5MFEtQUpUZVgySDM4ZlVkb21UUG4yV2FEVDRrbGlkUkhjWDJOelN4YVltTWhFUG1ybW1EWU53TlNBbndIbFJHOFBQdEFwc3hjUHczekZQRUhnbTlReVJ3UWQ5b0ZRWFRsWmtqVGc3cV81VWdkOHBZOXRhWXdxWloyRXVlOVBhcQ?oc=5
2026-07-01 03:00,Yahoo Finance,finance.yahoo.com,"Arista Networks, Inc. (ANET) announced the 7060XE7 Series",https://news.google.com/rss/articles/CBMinwFBVV95cUxPOFBSYW8zNHE4bzcwRTIzNkVoTEFGTGlKN3JNTEFUWHdUakFZLTVPX0F1UGtZOEdqN2tsc2lFSl9qY1FnMEd4dTFZVGZfbW9BV2x4eExMUlVJT0NabXFGYkdGWm5JU3ZTbU1QVHlXeWVGTFllNkZPN0gtV0VFQzdhN3d5LUJQS29nZHRTdHl4Vk5rdVF1TzAyRi04cUFYRVU?oc=5
2026-07-05 03:00,Yahoo Finance,finance.yahoo.com,Arista Networks (ANET) Stock May Be Above Fair Value As AI Networking Launches,https://news.google.com/rss/articles/CBMimwFBVV95cUxPVmM2LTFzUlNqWnl5V2JrQ0Nod1NSRlQwVUxwLTl6MkRXN21MQ2lyZEdnbjgwXzVHaHBlSVhBYWp4SnNOYjZGdTdZektEekZDaVRMUWsya3pYbFdQYmJnM0l6WHpnRm5VTGNBd2FhNnVGZU84eF9aTG1leUZpMnJjVWc5TVBhNXZ4cF9qN0ZXTGdNY2UyMWFLTG0yYw?oc=5
2026-07-05 03:00,Yahoo Finance,finance.yahoo.com,Is Arista Networks (ANET) The Best AI Stock to Buy?,https://news.google.com/rss/articles/CBMimAFBVV95cUxNem5GcFBuWkN1M0Y5Yk5ieUFnM2ltWnVCN3hYZEE3Nndrdlp6Y1FscUJRcVUzRERubmE0UWdrWlZrWTRkYW5sWFBwMjZNdGZKUG4ySG03ckZCVnNlWWZxazlTNFFFVVJyYjA5c1E1bzAwdkNjUVdPQzlTakVvNDQyQkVfTUFhU3JUdGV5Z1NsWjg1NENSc3dIYg?oc=5
2026-07-05 03:00,Yahoo Finance,finance.yahoo.com,What Makes Arista Networks (ANET) One of BlackRock’s 30 Most Important AI Stocks,https://news.google.com/rss/articles/CBMimgFBVV95cUxNR0NxbDVwN1hDa3NUZUVGdE1nWHZtMnVTUWpEc2JEeFM4OUVhekVtTWFCbEJ2UzVuLU9FUUJSSEFNdlRfT0ZYWllyU2FWTUdjNENhNklxSTkyRTZqT0NzamNCZkpJTll3Q1MteTRrN19IanhtbjFwRXJleTJwaTltMmtEek9OcWtMUUs1N25DNklkdzJxUDlxYmN3?oc=5
2026-07-06 03:00,Investing.com,ca.investing.com,"Tesla, Arista Networks among market cap stock movers on Monday By Investing.com",https://news.google.com/rss/articles/CBMivwFBVV95cUxQMTlxX2EzWXU5MVlodEIxOThBYmQxQkIwQmpRSThtQkh4ak1aNllLVTM5WHVLTXdkRTFwdXlJR0Y3VGFfN1Z5WFYxZ0IycEVabjZHRkh4Y25qa0xrX2dCcmp3RXhNZklnV2ROS21qaVlfUHhnNjViY2lybEVMazRmQjN2MDdCaVV2OTdzeFdXYW42X3NWcmNpRmlCWGJQUVdoTkVPWEoyZGhPVjdqYkZ4enB5cjdPNy1hWlh4eDFVVQ?oc=5
2026-07-06 03:00,Investing.com,investing.com,Arista Networks director Charles Giancarlo sells $1.34m in stock,https://news.google.com/rss/articles/CBMixgFBVV95cUxNY0NsXzAzOE9HWXAzU2IxWXY0QTFpZk1JX19VOEQxMkZtODJhWmVkNDRiS2V2Wjl1SmZUNGpzUHpxZ2FNZER1WWlLeXBOb1MyU1lrY3N6enN0TW9ZUDAxeFFseTNfQ3p1LXVOOUlIVkdQUXdlOEJOMnFsblAyVE5tclpDVnp4bk9tOXJTWHhZSHlXNVVHQVBZUFRlS2Z0QjctUzJhejNMSm0xalR3Z25Ec2xwYTBFZmRJSHA0RTZPN0FGQXlCbEE?oc=5
2026-07-06 03:00,Investing.com,investing.com,Arista Networks: Andreas Bechtolsheim sells $42.7m of stock,https://news.google.com/rss/articles/CBMiyAFBVV95cUxPMTBsS1pLUkJHeTlIeWVjbkZmenA1QjdOVzdoaXBmZFE1TTJvVlY2U01TVzRpWnE2ckF4MkFQbU1reEJUUWZ6V0FqeUhsVkpEUm9rRUNDM1RVdTBseHZhdkVaRldmYnFQT3VYU2dNTlVUMk9sN1F6dkVkZTF2VXc5RjllRk1rRHotd20tQS1QT2RReUQyUzJiN2ZvbUFqSWMxQW9yRnZBOExxejlxRTFtVTc0R3lBTjJqZ2M0ZmFVb3d2NnB0eEo3bg?oc=5
2026-07-06 03:00,Investing.com,investing.com,"Tesla, Arista Networks among market cap stock movers on Monday",https://news.google.com/rss/articles/CBMiwAFBVV95cUxQbk83a3VLaGlvMzZtUHhkcEptZ3hIZTNMN0prNjc3OFVGaXY4M0d2WTB6RWpxdEJubkJjeGwtdlpUdlJYaFBPc2dvVzdHUTBlQ3RDc2hESDVGM1hwM0dQNjZJdXRhd0pqYkEwVmRHdkQtYkR6Q3ZtSXl6ZDZURlZBeFlGdFVMNVlCdTgyYlNxeWNoaThLTU9Vc3RaRW1mcTFGZE80c0VUR0UyTzNKelNaUjF6c21WelhoR0lrTnN4YUk?oc=5
2026-07-06 03:00,Investor's Business Daily,investors.com,"Arista Networks, Morgan Stanley Among 15 New Stocks On IBD Watchlists",https://news.google.com/rss/articles/CBMikAFBVV95cUxPaHkyTDcxNThnSjZYS1JQaFF6QU5MSXRnWW1qY2dvQU1NTlpnUml5MGxtVVlmX0ZVVlNYTkxuNURYb3NLRzkyUjQ1VjN4R0xRN0Y5OW1IM3l4YTFUVkJRMjBHYXI2VHpfUFJ5V2ZNajZTRXh0cnExOEVuUXNPdHBpeVluR0VPdVlha2ZjOXhwRFg?oc=5
2026-07-07 03:00,Investing.com,investing.com,Arista Networks 10% owner Andreas Bechtolsheim sells $39m in stock,https://news.google.com/rss/articles/CBMiyAFBVV95cUxPaEJacVBOTGxDZmJ1TzhsNk5Kc3hzTHdteUhXTHN0Yk9xaW8xTnJCQVVZbmJSeWpjbEVaQTg4ME9NSGdfTXplNkkwd3hCM1lVY0lRLVJickU2ZkV3bXY1QWkxX2NnM0VVcWlfakRycGhaMldUdzdmUk5WZFphbWZMMmdMZ3RFUzBvWUd2czBUWnZFbWdIQ05RWlpoYTRqN1dacHJyQ1RoRW1kMmlNcGQ0bk95TDFmTVRKZU94aU5QVmFKMGhsNG5GZw?oc=5
2026-07-07 03:00,Investor's Business Daily,investors.com,Dow Jones Payments Leader Visa Breaks Out; Arista Networks Eyes Buy Point,https://news.google.com/rss/articles/CBMisAFBVV95cUxNMzNnaXA2MVQ2WjM3WkhfTnp1RHNZWktMMFdaTGphUjVOT1pWeDVPY0RTNU9RQnUxclZxWWxBQTJXQXRBbm4tUFdHOV9CSXcxSHhkQXF3VnAyaGlxbTBidjdYVEtyTVZ1b21pamgxZER4b210cmROV3NfcVo5Y1B4Y2VWVFlaeVRsdmFsSnQtX0hmQnJ2cjFyWjhYMm8yN1gzX1lYNktQa0JSTGs2QlhEeg?oc=5
2026-07-07 03:00,Yahoo Finance,finance.yahoo.com,"Arista Networks to Announce Q2 2026 Financial Results on Tuesday, August 4, 2026",https://news.google.com/rss/articles/CBMingFBVV95cUxPazh4ZHNKMnlUWXJXTXVfcnNJbmtBZWIyMlJkeWxxcWpuLV9UclQzblFDRFdXTkFSOHIzRFZmcFN4SHlYSHh5Ty1HSUt6UlJqZURnZ3hDTDlZSWgtb3BRRG0wSWNLUXBqQWVjY0tINWRPYXotaTU4Um01eWZWVTZqUmVXR05iZE9BRzlHbzVVcnVTcDJ4bkFPUkRKdW1DUQ?oc=5
2026-07-07 03:00,Yahoo Finance,finance.yahoo.com,Why Arista Networks (ANET) Dipped More Than Broader Market Today,https://news.google.com/rss/articles/CBMinAFBVV95cUxPdWhzXzJsVWhjSjV1YWNqRksxUXl3UGlQY1RZYjBUZU82TVdoMEd4MmhUQlFYeVc0T2dwb3FlY2Fzb2NaZ1hxZjZMTnFsSjFaekI1dHhJV082R21XUThZdm5VdVRrTV9jOXlVeVFnNVVfSGkxaXBBWFR5YTFmU2pndjE2dlRsdmo0QlFfTGNKLVVhcktOdXJLNkRXOW4?oc=5
2026-07-08 03:00,Investing.com,investing.com,Arista Networks stock hits all-time high at 179.98 USD,https://news.google.com/rss/articles/CBMirgFBVV95cUxQcHRpMHU3Zi1oTE5EY1BkdVBrYnBSbloxU01QVGFNM1BQbDVTYk9kTmRHZVVUR0diQUhLTDJSMXJwb0JJZl9fNjBXU3M0dzBMdHR1VEZ6S0tXc1V5VU05dGNvbHl0VmNjcVhyRy0xX1FYYXd2UkluazdOX0tncDhYODdJYnpHYTFLaVZJLXZXbWdXRHQ3OGt6SEw4dTZnQnkwUVdOS1IyY2ZhRWRoRmc?oc=5
2026-07-08 03:00,Seeking Alpha,seekingalpha.com,"Arista Networks Is Expensive, But Still Worth It (NYSE:ANET)",https://news.google.com/rss/articles/CBMikgFBVV95cUxOTDRjeXhkbnlKazJkd0VsdHN0RXh5ODdaOWl3ZVdGV3hmZmxzSGRwdFR0YmR1OFJ1T196TVNxeEs0SmR6Smo5SGZDVVdsdjNuTnJpaEd2dDFnQmVKOEN5a1JLTUsxNDR2a2tVMWhtekdtc0pnUjNfX1U4S3pULUtEdjJhSGlGeWtmNkRGY19FcTQ0UQ?oc=5
2026-07-09 03:00,Benzinga,benzinga.com,"Why Is Arista Networks (ANET) Stock Trending Overnight? - Meta Platforms (NASDAQ:META), Microsoft (NASDAQ",https://news.google.com/rss/articles/CBMirgFBVV95cUxPT2haUUJudTMwVkZVRHJpU003THVPdnJuejNhLUxqX1VkQnUtODQya1NNLVFoTWpKRUV2ZlBTMnVWRm5VN2ZIUEEtMmJsa1M5SHBzRk14ZV9BSGVYdUZ6c25xZFNWckxESk14VlQ0WUZvanIxd3RiaEF4bk9FRFVmelFwbnFfUEV2eTdRTWxfNEtZUE8wTVpmVlQ1NnV1V0VVbmFlRHlXb1NmTHpLSWc?oc=5
2026-07-09 03:00,Seeking Alpha,seekingalpha.com,Arista Networks Could Post A Surprise In Q2 (NYSE:ANET),https://news.google.com/rss/articles/CBMijAFBVV95cUxNN1dqamxXb0c3U0VNM1BlYVRfN0pXMjlvY2F4X1dhTWZjUG1rYlBCTTNZeWpaOF9IZzJja2phczl0Yk1yNFpWVnUzbnM1LTlzTmNRNzRsaFpUbWNnVTRGcFV5d3ZqQ1VGYWhlLTJjN0VmVmJyYXB0OVJITWNyLTVtN3J5THU2RFZmYkFBZg?oc=5
2026-07-09 03:00,Yahoo Finance,finance.yahoo.com,Wall Street Bulls Look Optimistic About Arista Networks (ANET): Should You Buy?,https://news.google.com/rss/articles/CBMinwFBVV95cUxPSTRUY0VrVUNScS1OdVp4SnQwZlRhbDBMOEFHektZSllkZTRfRVdsWFBmN0JNSnNlMlpiV3VLZTlyMERXeTd6bGo3aGRSNlU1UFp6U2lQWVlEQUFIVDZSbUpEVzR5RWJ3VVpVZnpUQzZXeXFXQ3NIZDdlS29TSlFpOUplQW8ycUoyRkljSUFtZDd0LXhYTXEycV9kT2huaVk?oc=5
2026-07-10 03:00,Investor's Business Daily,investors.com,"Three Enticing Clues Put This Broadcom Partner, Nvidia Rival In Focus",https://news.google.com/rss/articles/CBMiqgFBVV95cUxPeGRGQ1BiX2hZWWN5Sk5QUC1NQ00yUXFZenhGRC1GcG9pTE00cW9MR1N4Y2pyWWpEdFhNVHpTbnBnc3RRUzFVbmdGM1cydDZVVXRzYkk0WnlUeEpMR3lWendna2dXMldSMlNrbGZ3S3BPUllZOTE1ZHdqNVN3UmZKbjA5WWVFOUxxUDZOS0E3eXFNdEttWGVkQkgyc29zWXpES1ZYMnlPQ0o0dw?oc=5
2026-07-13 03:00,Investing.com,investing.com,Arista Networks CEO Jayshree Ullal sells over $45.6m in shares,https://news.google.com/rss/articles/CBMiwwFBVV95cUxOWWdSU0pPSVpRRXdGSmo3VlZfUjd1c1RSMmZ4Tk42UHVaVWh6ZlhMcEVkc0NaaW1IcnhCTC04bllHVGpWal9JcGZtRTU3U2JERm9XajNvcS1ZVlFSSTVvY0ZsYXZmYmt2dXYyRzQwQ0c0YThLRXh4eE4zd044cV82NG5YLWVKR3hvcDJCdVphYVZaZTNPSlRZR29TTXA0Y21vbzYwck11MnI3NXRadVlUbk4xSUJHdjhEc1BSRUNBdXBhdjA?oc=5
2026-07-13 03:00,Yahoo Finance,finance.yahoo.com,ANET's Robust Portfolio Fuels Revenue Growth: More Upside Ahead?,https://news.google.com/rss/articles/CBMiowFBVV95cUxQeWNHS2xjeThHZnRkRHh2ME8zaXBaLUVpbWNzb3NQU1hmbXVZeGZXTm5YekpTNHh0cmtUYXk1c0tld29LOEFPcmJsdHE3OFZLYS15TFdHb3ViQXBaQjRONkFPcjhiQnlRLWtUMzdYdU5vZFdtMkVxQUVQWFpSQ2ROZ3MtRWJxTDNXdnliNWRZd2dqd3g0TmdRXzRrVVJZNFBBOW1J?oc=5
2026-07-13 03:00,Yahoo Finance,finance.yahoo.com,Arista Networks (ANET) Suffers a Larger Drop Than the General Market: Key Insights,https://news.google.com/rss/articles/CBMiogFBVV95cUxNeUpmUV9oenhWMTktNmNhZ1Fhb0ZqYjQtc2x2UkpxWlVkQTk1YTkyT0hTN2NQeUxRVmpTMHBYSkZJQ2VCelk4SHhrNHdQbkkycjgxd0JsdThINmNqTWUwbDFfRkl3XzVmQlljZ3pyT2kydE54MzZCNFBmQkstWXVmTlJpLV9naElqeFp2dUxyM2tEMVlJWXB6NmNVLUkyV3J4TGc?oc=5
2026-07-13 03:00,Yahoo Finance,finance.yahoo.com,Workday vs. Arista: Which Enterprise AI Stock Has More Upside Now?,https://news.google.com/rss/articles/CBMimwFBVV95cUxPeDBGU0VObDNOTDY5TUxPOWJ0LUJzSkN1ZEE5eXdiOENFR0ZrWmZiSkhuYWpJN09wZTllRVg3eFJQMnROaHlTcFd3Qnpyc0NpTjh1T2NjOUxzTVFJX1lRMkV3ci1kNGRzcmdON08wdy16RnMzSjJwNlZiMXYxaHNWUEdtc1FmY2FJYk0wanFqMkRQM05qLXoyTS1zRQ?oc=5
2026-07-14 03:00,Seeking Alpha,seekingalpha.com,"Arista, Celestica, Extreme, Lumentum in focus as UBS previews data center demand (ANET:NYSE)",https://news.google.com/rss/articles/CBMitgFBVV95cUxQVkZlZHJqNmw1Mjh6eXhtb2RId2hpYmhENUVFbGlWMVlVSkZGT2dFb0FfNGNBMDBJX3FjTExESU95c2UwOUNxZ2NEQ2c2dDFpX0xoQnFrdXpKY1Q5bk5jWlB1ZldzMExGYkMwLUxKblU0VjBXZmNGSXZxX1lmRVp5QkdkSy03ZTB1NGpzYWpiZHpBcTR3eUplaXRBWloyNmlwbHZuM0tBYW1sdl9NSzZNb1dqOVgyQQ?oc=5
2026-07-15 03:00,Investing.com,investing.com,Erste Group upgrades Arista Networks stock rating on AI growth,https://news.google.com/rss/articles/CBMivwFBVV95cUxQOFRMVk5kZzFOWGxGT2ZpX3psMEk0RUgxWmZKYUxFSFUyMzMwbGJlclFhUGt3b0ZwVnU1c3J1Ym9OS1ozTU9saXhONk5HZ0toX2VVLXRiS2ZxclptTHhES0tzTzY3a1FzbWowRUJweEYwQ0xOU2dRSjFxR1ZVanNHX2RnWkRKTm1hSlA1UVNwcFBNZXRmU2ZkeFRMZkVuendNOGVKSU1ucDlXRjBFTDk1cHlGdGYyeXFTR2tncXhHNA?oc=5
2026-07-15 03:00,Yahoo Finance,finance.yahoo.com,Arista Networks (ANET) Is Up 9.7% After Boosting 2024 Revenue Outlook On Surging AI Demand,https://news.google.com/rss/articles/CBMikgFBVV95cUxQa2tScWpKQ3BKQ2ZsZklGbUN3aWlfbDVacTdBbUtVRS1IZng5UVcyRFdyVy1zTTlxQ0sxbWgteEx1dlVUcUVJQ25ud0xabU9JN1FWcHhFUzVTZ2Fwb19MWjNKdWtvZ25TUDRqenRJV1lwQ0NiYUxvZWxsREdSYzljczM3YmF4cXFpeF9wZHZkajY2dw?oc=5
2026-07-15 03:00,Yahoo Finance,finance.yahoo.com,How Arista Networks (ANET) Is Strengthening Its AI Networking Moat With Next-Generation 1.6T Infrastructure Platforms,https://news.google.com/rss/articles/CBMiowFBVV95cUxNcE5qNkNwNEhodWhOc3I4eXVFUzdEMzdmbWlrV3pDUmcyRnh5VXd1d3RUb25neU1xcmNQb2FmWm1oclN3Y3gzclVhenFfaS13ZmZiTzdSdVdUZklWd25yMW5ocjVGbl8yZFZyNmsyWEVGQnBtak9IY1V3WHdCX2poVlItRzUwZl9sbkNOSFFYdzZsVzdxQm9PbDdHMXlTTmdBR2lR?oc=5
2026-07-16 03:00,Investing.com,investing.com,Andreas Bechtolsheim sells $54.2m in Arista Networks (NASDAQ:ANET) shares,https://news.google.com/rss/articles/CBMizgFBVV95cUxOai1jamNPU2I3eUlUZGQtV1B2TFJvTlB5dWtWSEwwMHVqYzF4SDJnV3QtR3NDSWh4LTFfQlRQUkpNeXJ6ZmQzVjR0V3hHdHVxR1VQRjJtOUd6T3hudEp4bldmOHVOc2kzdEFzRVFwcGhXMFhIUUVYTXRRZnN2NEUtVm1KN2JLM3M5amk3T0kxZ3RONmJUUHY1SE9kdUF2Z2lPZXcxVWhnRGhtd3psSkRTaTB1T0FBZlUycTladFpXM0kycVQ0eEZ2Vzh2ZUFwUQ?oc=5
2026-07-16 03:00,Investing.com,investing.com,Evercore ISI reiterates Arista Networks stock rating ahead of Q2,https://news.google.com/rss/articles/CBMiwgFBVV95cUxQOXJ3MWZyLWcwT013VWVES2pkNUF4anQ4d2JmQUtUTGo1WlF0NF90dFV6V3ZKRFkxdjhrWmR0a28zdjhVLU4xZVhMQmg0dGlHY083Y2xIQS1ObGpvb1pwN2tXX1pyamg4d1FiQlNVTFdyNWtwS24xaTloWWFGcXQzcTFvcjBvZjVUSks2MHlMc0ZvaDdDS2pCRWNhOEdpSzZQYUVjNGYtcXpsdEFXdWU2TWhTOWJKa2F2Q2N0SFphS1Z0Zw?oc=5
2026-07-22 03:00,Investing.com,investing.com,Arista Networks president Duda sells $7.4m in shares,https://news.google.com/rss/articles/CBMitgFBVV95cUxQVmRQMHRHSHZNWkFTTVZuV0tHVGdBX1E1UzdpVHExelAwaU5QT2FlbTV4SGxSVEdhM0IxNnVIbW1uamlkOTJJZnBvSFczZmVhcVQxbVIzaTVCRUlkdk1yZmdGZ1lfaG9pSGZQWl96TDJzMFI5TG5TeG5CYVM4ZWhxUFRVNXdMMzFnM1lPYUV0UEF0Zjk3MGxlSVBoNW5ZQzd1bDN2YUZkem1UZTEwMUZTck9hNTJkdw?oc=5
2026-07-22 03:00,Yahoo Finance,finance.yahoo.com,"If You Invested $1000 in Arista Networks a Decade Ago, This is How Much It'd Be Worth Now",https://news.google.com/rss/articles/CBMiowFBVV95cUxPQUlMZXNsamc5T3ZsaVpUUXBWZ1hqTHR6MG55RGRvdWc5YU1JMWZuY1R5Q09ZTF8zZGVyWXRPX2htdUgzZG1Na1VhbTBUUF8tSmcxMzlFbW1OTFMzaVVBN1lHVnl6YnJ6VV9fXzR2STBMUlhCOVhqd2pKN2tuNnlpWHphV2tSUW1JTHVpd014eExmN3ozTmpYUHhHWnZranV1YVlv?oc=5
2026-07-23 03:00,The Motley Fool,fool.com,Why Arista Networks Stock Rocketed 30% Higher in the First Half of 2026 and Why There's Likely More to Come,https://news.google.com/rss/articles/CBMimAFBVV95cUxOaDhWNHJXbWdDS1FJZHZ2RG4xOU9tYzdvSlJqN20tSjlTMEdpM0ZDdjlwQjBSSElvVTNwLU16N3U5Q0VHWG5vUVdYQzNmLTQwejV1YnExTUtNajIyUzVwc1k5WXJUaEhlY1RMdWF4d2pIRC1WQ3ZPLUFGMWE2VXVoWjBuYXYxNjBjLUR0ZDhySmhFMmkzZi1XNw?oc=5
2026-07-23 03:00,Yahoo Finance,finance.yahoo.com,Is Arista Networks (ANET) Priced For AI Growth Or Too Expensive?,https://news.google.com/rss/articles/CBMimwFBVV95cUxOaVFjMlBWaGk3WkgyaTFnR3BnbHBGMk53T01WaWx2Yk1zUHNJakpWYTgtYVJaRTlUTnBrd1BsSG0zSTNTVXVzT2ZpY0xja0N6YVJvXzJQZmQ2YjdIeGZNUUtHWGNuNmtEYzN4Z2R6Wlk5M1E2VmlVdlBoQWNkYlZHRDNldUp1ZC0xOTQwcXM5aV96QmMydklsc0p5VQ?oc=5
2026-07-24 03:00,Yahoo Finance,finance.yahoo.com,Arista Networks (ANET) Stock Falls Amid Market Uptick: What Investors Need to Know,https://news.google.com/rss/articles/CBMingFBVV95cUxOWWM2U1pYSUhmQnU2T0ZJbHJJYW9HZktUV0d0WHRsRC1HdGFIYkZaVzRHOV9jQVBWaXdLYzd1VWd6d3RHUVlEaVdLUFRlZWR3Y2hmU2RXa2JQMHJxMGVKRk5SU0pHSFhJU1p5dEJzNWZKdk1BYVBoNXMtdmtGSHRHMHVwUWJBWHNjTGI4R3E4UDJrZjdTOVpreFlpYVc1QQ?oc=5
2026-07-24 03:00,Yahoo Finance,finance.yahoo.com,"The Zacks Analyst Blog Highlights Arista Networks, Unity Software, HubSpot and Samsara",https://news.google.com/rss/articles/CBMiowFBVV95cUxORDRaTVVNRDQ4R0MzNDh3am1JaGFmdG9vczV4RmpkZTMzOG9lMFZPc2pkSUdaR3RJT0RiM3Z2OXV5TXJmaFRwRWJMOWxfT1l6aDRlaDh0WjcydnNSSHI4SHFsSXRfNU1GZDE1Ql92UGtBZkZPNFJPNnlzMDZmalBpWkVlSGxKbm90Ti1EWFlzNF9UbGd0ZDB5Rzhlay0xdmo3R1hj?oc=5
2026-07-27 03:00,MarketWatch,marketwatch.com,Arista Networks Inc. stock underperforms Monday when compared to competitors,https://news.google.com/rss/articles/CBMi0AFBVV95cUxOQ3VJYkc1dUZuVDIyQ19DaDllMmM3cmg1MkthQy05c0lkblo1Q1lCQTMwTHp0WGRIOVI0MXo1RjdlNVA4YjVLNGg4N0JzZFBTU0Nzck9Cc2lhM2ZNdWZkQ1NrbExnbmczWDg2SlJqTzFaOEhSSW9DeVVCdVQ2Vmtyc2FOVFIwQ3FYZlNvZFdEcU9KVzJiblJiaXRUMHplT2JURi1ySlBRSkpwc09ZNzJUQVVIRWVmdTJFVWdiS21jZjQ0bDNHU3VWSnN5eXotV0dS?oc=5
2026-07-27 03:00,Yahoo Finance,finance.yahoo.com,Brokers Suggest Investing in Arista Networks (ANET): Read This Before Placing a Bet,https://news.google.com/rss/articles/CBMiqgFBVV95cUxPX0V1QzI1QUdRSXk5dmF5WVJKa0hnYzcyU3JJUDNabHEwUUFzZXNQb19aOHBYVTdOZzFEc3dMS1NwVVpTUXF1Zmg2RVJLM2RFSDlYNGhwaG11VDQzcW9qU1JPbGNFeUhvV0Y3cWNVbG1CQWRtYlhtR0MzTTdsSlhxOWwzbnRIZ2htM01aWU1VMktOY0hsOTVXNE9ZYWRYaU1hcTAtX0d1NmFTUQ?oc=5
2026-07-28 03:00,The Motley Fool,fool.com,Advanced Micro Devices vs. Arista Networks: Which Tech Stock Is a Better Buy in 2026?,https://news.google.com/rss/articles/CBMi0AFBVV95cUxOalA0QXdEcE9xNWF0V2V1ZV9IODNMdUtSMmtlbHV3d1J4VC1OVnI0djRkcUlNYTd4V1VHeDBvem5vMWZDNVM2aUdOVXZ2MXZmeDZHbVYybEpDSnNpdkxnak9SXzBqNXUya2NMc1ZpdDFjeHYzTE9zbWRuckVnTDBvT2ZuOGFZeUItNlV5ZEl5QzhpQ1R4WGFDMVM1cUdTcmJjUjA0d1l4Sk92MTBMNy0xV1NWLVhKMTh4amxSVlZheUZIMV9PWVZ1Q0JTZVQxXzVv?oc=5
2026-07-28 03:00,Yahoo Finance,finance.yahoo.com,Arista Networks (ANET) Earnings Expected to Grow: Should You Buy?,https://news.google.com/rss/articles/CBMipgFBVV95cUxNTE9wa0hfaGhjd21ENDVIbkgyTl9zR2stY1NuQnF5YnB1eFFRQ0hVWG5ZSkZaMmhYaXZSdEpaME85TXpWT2trVkhYSkpSQjRJS3dmZ3NnVWZYVnZLU2tVSDRzTk1Mak5vdU4ySHkwNk1uVDRGR0tWZ05NSnpSc0ZtekZrYS1CUHhCdzNPZGZrSFZudGE3UGR1QmNMR3RyenRtTDRnY2NR?oc=5
2026-07-28 03:00,Yahoo Finance,finance.yahoo.com,Arista Networks (ANET) On Rising Earnings Optimism Is It Still A Bargain,https://news.google.com/rss/articles/CBMiowFBVV95cUxNdEdzMFJrcTY3SHlNNkxoNGlQSUhuOUsxUEptOGR5SERBQTNEVm9SeTlXZmNIc3N3WHVQQVlUOGtFc3VIdDc3blphWU5BQlZMbHNGWHpkSTRmd0xZZERWQUR1OTlTM1RITVVEdVRVdm9IMGxTT3NQTEVaNXluV09XdW1MeHhxR0dtTUMxaUtSdFBFbEd6SGV3dERNTU5LdDBzeHln?oc=5
2026-07-29 03:00,Benzinga,benzinga.com,"Jim Cramer: Arista Is ‘Terrific,’ Also Likes This Consumer Cyclical Stock",https://news.google.com/rss/articles/CBMizwFBVV95cUxPSGdpSlRqdkpINF9obm9PYWtMN0tncXBlUUxicnhaQlFxV1FFNkRCcy0zS2I4QjVLTGRyS1p6azhBUUE0Ylk4S3BaOGwwUnU3UXFocFhBaEk2TWc1UjN5WG0yeXEyNlM4TndveHl6Z29HMU8tM0NMREo2YW80TnkxeGhTUG9qZGh1U29ZdUdZc0tmUnVuMHlaU281MHdYMFpsdHhvc1FGeWQxa1FuN1lGWW5QLVZwMGJwQ2t5M2xfWlNoOW9TZGRuX0ZpRjFkTzQ?oc=5
2026-07-29 03:00,Yahoo Finance,finance.yahoo.com,Arista Stock Before Q2 Earnings: Is it a Smart Buy or Risky Move?,https://news.google.com/rss/articles/CBMimwFBVV95cUxPbC1mbEhrYzRNRGxzUGpycEdia1lpTlUzbnRsaEEwVEs1M0drdVlFTWRfR2JNT3oybjkwZTVjbWdUTnRJSS1Ma1dHb09wN3J5U0V6R1I5NzIzdnJfelpCOTc4Z3VCNDZfUTFPVmJXa1FGWVh1dmYxUnFmbWdxYm5ET0lxQ2kzeWh0emFFWUxQVUFGUWJUS3pTaEcydw?oc=5
2026-07-31 03:00,Investing.com,investing.com,"Linde, Arista Networks among market cap stock movers on Friday",https://news.google.com/rss/articles/CBMiwAFBVV95cUxNQVpXUmQ1VEtPbVlvVE82TVdGZ3BmanR0d3YwUEhBenVHMjFwR3BaWUNaNjJkaUpwazVxYmk5c3ZKdTdYV3VBR1lvSHQ0WUhFbWtGVTNySHRaeUdQeVVJVnJ0NVN4TG0wTHhVcFhyblV3bHN1VEh3eVZPY1RzZjBvM3lNN2pTTG4xYXlNOE9ad3lWVGNMa3VTLVl4WExZcUpQME5rU1RrbmIwdjdXX0NBVC1DNWRoVzlXNWZWek5aQzc?oc=5
2026-07-31 03:00,The Motley Fool,fool.com,Arista Networks vs. BigBear.ai: Which Tech Stock Is a Better Buy in 2026?,https://news.google.com/rss/articles/CBMixwFBVV95cUxPNEVMejczUUM3Y3Q5bVk0eWFrY0pZbU05OTlQMmNmNUxaNG5MSEdlTjZTS3d1bFRBaEktcDJ3WjMwV2tUcnJ0U3J5ckxmY3NDVmEyMXpQTUFDR1BRSF9UdmliVEE2TGpKblVlTGdkSDlfVVhFWHgwd0JXbF8xMFFlcmhGZVhaeUUxQWdjQkRKd05sWktlaV9LRmRubXNESXpsLUdmVXZFREIxNnBLTnFZQ2xaTmpnOVVmWWZWcXRSSVl4ck5seWxJ?oc=5
2026-07-31 03:00,Yahoo Finance,finance.yahoo.com,The Bull Case For Arista Networks (ANET) Could Change Following Raised 2026 Guidance And AI Demand Momentum,https://news.google.com/rss/articles/CBMimwFBVV95cUxOS3FLMDFOYVdncllPYzVYa1VQQTN4T1lmOFlGM1BEOTVoU0dKZ0lDbVU1Wkd6SjFWVHJHY1pfZWdQMGZoem9xWEJHUzF5SWZNbUlyS1VNdURVU202dmhDMHhvTkstMVQzRU8yTEw3UDF3TXdEem9lTGR2WGp6SUUyS1BCLVNSX2sydldocEg3SXN6cFdwZ1JnaENuMA?oc=5
2026-08-01 03:00,The Motley Fool,fool.com,Astera Labs vs. Arista Networks: Which Tech Stock Is a Better Buy in 2026?,https://news.google.com/rss/articles/CBMiwgFBVV95cUxNVHlDV3REU24wbEp3Uk9vTUxvMF84aGtzQy1NT1pmYTlSZ0VYc3padlFKRGJua01zQmRtWnI4V0hZMXBHbmIxM1cwd3ZIcUJ5cU1zREJvaWNPbmlhOE5QNVkyUjE2aGc0ZExlM2Q4UTNUQk9YMW9NUmRneXNlR1V6aWo4dUt2dFA3OHowdTZiTmo0bEcydUxRZ3V5TGFzODBEQkEtTDh2SXNsZ1NHNm13SG92ZnRtRGhRNm81aXB2RnFsZw?oc=5
2026-08-04 03:00,Benzinga,benzinga.com,Arista Networks Likely To Report Higher Q2 Earnings; These Most Accurate Analysts Revise Forecasts Ahead,https://news.google.com/rss/articles/CBMioAJBVV95cUxOZHB2VHRhVk1Lem9RR0psdDNybjcyQ2VvcGQtbG1EckxNTmVMaWhNYjdnYUFUbXNUREpua2JSTGRIOEx1aXVWNTV6SHRMa2hFMlpjX2ZPYjJWbmQzNjdPbERJaXlvM3l2RVBKYWtzVmVCbnJqUlItblJjVGFXcnY5ZmlKY3NFUlNQY28yTEkxdVU3SGwwbGVMZ1VxREZwcllHTjRmRUU4WU9uSmZZdGxFREdGRnhNcDhmSVZjRW9pTjFBaG1aRG1nbEpSNUNYcGxuaFRMTF9CTHg0ZHZ4bjdHNUh0eXVhQTVDZG5OUmhnRDlFUWc5aWlQMDBfdjN1TG5Wbnk4bGI0QTgyY3J0TDhTb1lNT0VpblVQU2FQdEdDNGM?oc=5
2026-08-04 03:00,Benzinga,benzinga.com,Why Arista Networks Stock is Hitting New All-Time Highs After Hours - Arista Networks (NYSE:ANET),https://news.google.com/rss/articles/CBMiwgFBVV95cUxNWXlBLUhDdUtoT3hrRnlQZTFzanJ1cE52V1RJcEZsUy1YLWpPbDMzVUtTUHB1Q2xFbUZMSktwY2taaW94Tk9QekpWMll0cHBSUzBuVTM5YTRnaUoxQ0RGcEJQcmwwTThuUGVhMXJLSzBNRUtuT3ZDUVBMNjNUSVFwbEREUjdremJoS2ZGR3pOeXh6RTJkMnFESTM2Z1dQTG5icTd5TkdvYW05b2l4dnQ4ZFNic1E3Z3BaWGY2cmg1MUNRQQ?oc=5
2026-08-04 03:00,Business Wire,businesswire.com,"Arista Networks, Inc. Reports Second Quarter 2026 Financial Results",https://news.google.com/rss/articles/CBMiwAFBVV95cUxPUlk4dDBBZEFaR1lJTkwxb0ZTaFA3U1UtQUR0QVRMT1Yzb083ZjdiRThmOHItY1ZFelpsM294U1hBT1BON0hvbms3N0hlNDJWVklVWWhfemZLSGZpT1dGbnhuUC1FMHExYm9TTElmZVROX1hHUnh4Q0lmYm5KQmFnWWZ1SkN4MXlBZUFoSHdfNDFVeXZGaXUweVdPdHlLWHBvbGZjVUFtSUUyV0VPajdiMTc3QUtKTTFkOG04RGNoeVM?oc=5
2026-08-04 03:00,CNBC,cnbc.com,"Stocks making the biggest moves after the bell: SpaceX, AMD, Pinterest, Arista Networks, Wynn Resorts & more",https://news.google.com/rss/articles/CBMiqwFBVV95cUxPUFB4VVZSMjVhUkR1ZUV5V0FEU3ZNaV9XS1U2cGMzdkxyRThMbTFIaWRIMGJxSl9rVU9OSnZMSEF1bWpoNXFlcFpqWXlKbUhtRlNqSHdnNTFVREdNWG80aUN0eVVQYTBUNm5EdXdYME5nRnN6THV0b0FCN1ZWalM4c1FyYmh5X2U4MHA5OHBkWDdHcEVPdTVkVkRJY1R6azBCSGo4d2JKQ3IwV0E?oc=5
2026-08-04 03:00,Investing.com,investing.com,"Earnings call transcript: Arista Networks tops Q2 2026 estimates, shares jump 12%",https://news.google.com/rss/articles/CBMizwFBVV95cUxOVVNxZ21teGI4THF3aW5vS3ZLNndJQUNma1ExUGw5YUx2ZFJoVDhBaHVzQ1F6RWpzal90aXZRb3gtbHhuRFl1elFudFF1R2pTbXVoWDA1NEtRZ0tVa3hPUEdLOEsyWlk2WE9UNHlsbjczQ1laYlFXM3ZUM3Fwa2NtLXdGZzE1eW1wWjY2T2hmUE9EVkpYcV9vRV9QRHFLeVVIR2w2S3RuQmJKM0N1ZkU2NG9CcHgxdVBVRzFUMk00ckk3dFZhZFc1ZGxabVh4Tm8?oc=5
2026-08-04 03:00,Investing.com,ng.investing.com,Arista Networks stock hits all-time high at 190.04 USD By Investing.com,https://news.google.com/rss/articles/CBMiswFBVV95cUxPNHdfYXdmVjdDaC1paUxMbnNYTUtIRjhsSGcxS2dBeVNjV0ZKeDZqc19tVlM4SzZZMFEtZU54dC0taGVxdjg5djFBMWJfa3FtZ3hlTU9Dc0lSUWRKTDFsYndHeTdhMGtqbzlCR2l5Ny0xN0dLTzhNS1Njb0dDWWFBQzVXbkVwMjJTYkdrRmdoNVoxUVZJQThpTVFzbGxjejM2Z3VfeWtoanZXODNSYThoRUZpRQ?oc=5
2026-08-04 03:00,Investing.com,ng.investing.com,Arista earnings up next: Can AI momentum justify premium valuation? By Investing.com,https://news.google.com/rss/articles/CBMiuAFBVV95cUxOaWVFQXZPQkxZcXVyaGpKRlJET2otQWJpZUJ1dEN6R1pDc1BiOGZnelFzSXBGYnJwUUE5SlRUazhVQ1ZHNkRrS3F3N1NZQTg0Z0FsVVRjRU1mZjhTNjR3aE15aFJXZXpoNVJlSjlOdUxYakd3WDNiT0RDTzdxbVl5TWxCY3FIbm5DcTFLblg2ZTJmSjR4X3NBQk5qbXJPU3lkTTMwVWFLVXE5ZFJYdFNQeDJRY0lVQnVx?oc=5
2026-08-04 03:00,Reuters,reuters.com,Arista forecasts upbeat quarterly revenue on AI-driven networking demand,https://news.google.com/rss/articles/CBMixwFBVV95cUxQZGJBNVVyYWhlTTVhdVhRUVVlbzJhLWRMSjdxVW9Nb0VHSUhMR2RnMkxtdXRqdnpkdVBaYm1Xcm1JRFBCWFloamU1Z3JsYU5Udm92Rk4wMzBkbjhlSUJlRlhVOENVc0NVZ1AtZjY0S1lERmduRVctektTeF8tLTZlbFlFR3RBaXBCd2gzeWJCNzBGWFRZN3czaFlZMHhYMW1hem5KQnhNTVpqMkgtNDNnU3IybWlPbzB6b2FWbkh6RnJaV2FiU2xF?oc=5
2026-08-04 03:00,Seeking Alpha,seekingalpha.com,Arista Networks surges after Q2 results and outlook trounce estimates,https://news.google.com/rss/articles/CBMiqwFBVV95cUxQRGhWWGpTSnZTQzVxcVh4bEIwc3ZhOWhfMHlLU1BPTVJCMmlKOTJieDE3UE5wQ1JIemFBZ3FwSHRWVGlaemMtTXVneXRGU040MzM3UlpYODV4MFJYaGx5YllYU0UzZ29Wd1dta2VYQnNQMHdSVnRoM2tjeGlpdmtkQ2tuMEhUSlJ4UXMxckJOMmhteFdVTVVxVE1nbXo4QUMyd2w2WW9WbkZfbGM?oc=5
2026-08-04 03:00,Yahoo Finance,finance.yahoo.com,Arista Networks (ANET) Q2 Earnings and Revenues Surpass Estimates,https://news.google.com/rss/articles/CBMingFBVV95cUxQakNIdFZjQjB0azFNMXlSUHFfc184aE9aVm13UXFidHRTWk5Hby1rMEVYY25qeks0S2kyQWFTNWowVk56bEZRbFN1cmJ5RmpKZlYtOG5yZERNQVh2VmExU093TzRTcXhqMTNKYVMwaFJja3BSWU1BbXdJdEtNUVhJMVpqcmpSSTV4bmRrQi1ZTEJjM0NPYVZVWUdGcmlMUQ?oc=5
2026-08-04 03:00,Yahoo Finance,finance.yahoo.com,Arista Networks Inc (ANET) (Q2 2026) Earnings Call Highlights: Record $3 Billion Quarter and ...,https://news.google.com/rss/articles/CBMilwFBVV95cUxPQ2hrUTRVNGhKemRtQW9wdV9pRHp1ZjJPX3dhOUloR2ZOLVpXYi04d3VZX3hxY3E5ZTRjSzZILXVGTXJpY085ZmRtLVRwNUhISHZUOUMwOFFubTVxaGV5MkRiUDduTDFNYVY3cVBMVWFHcUJIbmRYa2xIbjdOUk9wOTVUWGhCeEc5YzhyRF8tbmVTenZGTWlV?oc=5
2026-08-04 03:00,Yahoo Finance,finance.yahoo.com,Arista Networks Q2 Earnings Call Highlights,https://news.google.com/rss/articles/CBMingFBVV95cUxNbmZDclhvTVJlRGc3X3dYbTBkcFFmdDRwNGkzRE93bjQ4bnl4dURKaFZ0cENZWFJxOU1YTEoyQTlBOG5MTDhRbEYtaDZ3VzNzRXJrV0FiQ1VNekFQT0dJYlFBYTVrNXZfYmJXaFdlbm83SjBDY2szamZsYUpYNzhIMTNVSDZLUGZFSkRrS0VBVTNGU0FyX2tDdHZmUzlzQQ?oc=5
2026-08-04 03:00,Yahoo Finance,finance.yahoo.com,Arista Networks Stock Investors Just Got Fantastic News From CEO Jayshree Ullal,https://news.google.com/rss/articles/CBMiowFBVV95cUxQUDRZREI1WEhSV0RaWkN3akpFM1JzUUVmdF9LazFFQkZMaHVLWnp1cDhfb2NTdUJjYzZjNnNYVzNnQ1FhZ1VOeGRGV2s0ZTM3QkxtY09sdjBHQkNTT2s1WjdtRUhQRW9YR09kUExnSnFSRFhWWFBGZGtqUTQ0WnN0djYtc3dGdkRKT1RQSkRLYVNJcl8yWXFVQUg1TnAzY09sUld3?oc=5
2026-08-04 03:00,Yahoo Finance,finance.yahoo.com,Arista Networks stock leaps on strong Q2 beat and raised outlook,https://news.google.com/rss/articles/CBMinAFBVV95cUxQYXh2Tm1CbEhIVUpjcEJWbUZUcjU3LWlPekI5LUlLamdrWDlCSW9sSWRqWklNSXIybmFZOTlTc2g3eUxFbDl3M0xaWVRTcHNqUm9tYTVMVy1xazl2dERqOVZSQkJ4bnVfMVZQR05ReXhQeFkzYmxtZGJBcEFScFZKSWxCWWhXNzd0VDBfaVQwVkN6QzlybHU0T3lXLWw?oc=5
2026-08-05 03:00,Barron's,barrons.com,Arista Networks Stock Surges as Earnings Prove AI Demand Is Real,https://news.google.com/rss/articles/CBMihAFBVV95cUxNMkNXaTUtd094UXBWVl81VUhjaW5NZjB1M0RCRVRKekxkMlAtY3YzVnlIUEdUZzVLRm1HT2NReWNQdEZtVUlsNUpUd3dfOU5wdU5CQ3pRamtkX3VNMGoxLVNxU3Q1bmNRZGJmUF81SS1Yc05SSk12Z01yMXVpNzk2RF81cHc?oc=5
2026-08-05 03:00,Benzinga,benzinga.com,Arista Networks Stock Hits 52-Week High - Here's Why,https://news.google.com/rss/articles/CBMirwFBVV95cUxQRVA0d0lwNU1BeXUxSnpPcTFpRFdkaklUSnZaSEJ4UUhDalVOaDB3aDB1YWRzZXFmYWpoYkEzZWs5eWFEcExqaXJwd0luRVhsTjBLS2tSZU1zMDNkUkJWQV9ZZkZZb25pNHRsRllnUHUzQ19xVmxZR05PeXFCNGhMbDdrMW5xR2g4ZVpOSEtGQlFjajBzODFuTWlWeHZJUEM5MXNaNHQtNDhmcm90ME5V?oc=5
2026-08-05 03:00,Benzinga,benzinga.com,These Analysts Boost Their Forecasts On Arista Networks After Upbeat Q2 Results,https://news.google.com/rss/articles/CBMi6gFBVV95cUxPdWlaRzJ0bWxBS2xmd0Y3UFptZ2RnYWFEaXlyUFZENndmNEhET3hzNEJ6TXNFdnJwUFE4VVNGcHNabC1uV0h1U0U1bmFNTEpKNkJ3MmpjdXNaRDFFeTdZZVhtdzJjU3dad0lDRFo1aXdNRi1YaUp6TnJfekxNM0pnVVlKT3NnT0s0bFhHeXVrTDFncEZWajZEOUZScDNaVm9QeDdER1dpVkZyZWFZekV5cWI1V0xFdHNHVTZzLU1jVkJjWW5OeEhISFNJREdkVmdoczY5eUNFbkVhX0lnNTJmN0Q1cXROVkVvb1E?oc=5
2026-08-05 03:00,Benzinga,benzinga.com,Why Arista Networks Shares Are Trading Higher By 13%; Here Are 20 Stocks Moving Premarket - Match Group,https://news.google.com/rss/articles/CBMizAFBVV95cUxOV1VydU82TFlLQjkwYVhzSUdKajN4ejFMNF9MenIwSnJCeDRnSzN1N19OeDFOeG0wa0tWWE1kQnh4Zk9qdDNhbnRZMUZrOHhFWnZLOHFiUHY0ZmVfRWpoVHZINXA0WUJzMHR2dVNrYXlfUzVmQngyd3JvUWduY0JxeldFcjNPcVRPZXVFSWZkaE0wZHVRYV9zcjZSejBIQnRDVTRsM3JMWXVvZ29UdzNFOWZmeWtrSVlMZXUtR2daQ0diLUk1NFpHRnc3NmM?oc=5
2026-08-05 03:00,CNBC,cnbc.com,"Memory is the new gold, says Arista Networks CEO Jayshree Ullal",https://news.google.com/rss/articles/CBMiqAFBVV95cUxNM2NtNzRuSmYtenc5Z05hYTNnS2F1Sm5leWVHcjdPZ05qR1NXWUQ4Qkxzc3AzcFV1NHlXWXFVdmZ4a243U2JuSm1KM2VRTDhxcVJhbl9EY2xqMVlCNnVGRENCa1pYZW10elhKdGdHSTY1YW9MZ2t2eGtuQldtZDNzU1BVT3BvalJVWC1GbjZibzVFZ08xaENlU0JFY2wzNS1WbmhfN3hVYXY?oc=5
2026-08-05 03:00,Investing.com,ng.investing.com,Arista Networks and Eli Lilly among market cap stock movers on Wednesday,https://news.google.com/rss/articles/CBMizgFBVV95cUxOVG1vdVVjbWFjaHgtWGJxRHlscjlaNjRpcldrT3FZRjdoN1Y2LXMxeXFKTGVCZDE0Ukw0SU9xQU9IVmJMbldNOW41S2lZeVZMTnFaNkJWcHdZdDBPa0FKWUVoNmFnbmpqdjB0TXRPNTZLZ2R1Rnd4Y1l1eU1rZVg3Nk01bGZpcUUtSUJkQ2cyZzV6ZVU0a0lnV1FQcFYwbjJheGI2ZUV4RFNveExwZ1JuRFBUNzM5NTVmeXhUVmF3azlQaE1KbE9sMlJJWjhCUQ?oc=5
2026-08-05 03:00,Investing.com,uk.investing.com,Arista Networks earnings analysis: questions answered and next catalysts By Investing.com,https://news.google.com/rss/articles/CBMizAFBVV95cUxNZlAyUVpKZDMtRFZKUTRua3FreU56QnJISGpFWi1xTThkLXVDNDRVTUMyVHU4STNCaXU4X1ZxRXcyX0pKRWdqUUw3WkpHcVF5X1FBSDV2ZGRST1NZb0d2bGRtNVczWWlsaDRvQVhCb2FRRG8wWHZ2VFBDOG95UExjRWM0c3ZyV2dNRjNDQ3FYRGpLc29wWDBlN1ZYSE5oZElSa0hvb0FzcVNRaXQwb25WZTNGQTdOVm4ydzJ2dEg4dUJmcXYwZXZKb2NrR1Q?oc=5
2026-08-05 03:00,Investor's Business Daily,investors.com,Arista Earnings Beat. Cloud Networking Leader Hikes 2026 Sales Guidance.,https://news.google.com/rss/articles/CBMiiwFBVV95cUxPSW1zSTVPa2tsYWYyNTdZc1RMdjZlV0ZTODRTVW1obGlxMWlsUjlzSURnelBJakprRnByamVPVlJtT1hNRjhIZTBqb0d5dHFnNEJLamhVLUZBbURFay03djE0a3FpY2huUmo4eGdYcnhiQ3N5ZlZ0OGZHZ3AwQi1EZUE0YXZNZWJTV1hZ?oc=5
2026-08-05 03:00,Morningstar,morningstar.com,Arista Earnings: Supply Upside Drives a Big Raise to Guidance,https://news.google.com/rss/articles/CBMilAFBVV95cUxQQTZ3eXhCXzA0ckRkMW41ZXRZSXlvX2tHM0huZnZmOVN3NWQ2SVd6QWlXelpkWjI0NVA0MGpjQ2pCWVpGMG8tN3NRaS1KQ2tsV0o3VTF0bUl2UWI0V2U5MTNpVF9kS2lsRnZseVhmWWVZNXFobF9mWE1BVmdDaUlyMDl5RHNKcnZjNE1yNVNkSlFacWtl?oc=5
2026-08-05 03:00,Morningstar,morningstar.com,Arista Networks Earnings: Supply Upside Drives a Big Raise to Guidance,https://news.google.com/rss/articles/CBMivgFBVV95cUxObEtEU0FmUDNEcTR3MXMzb3pwdGU2RzROT0pBcDJIa18yS2wzSkhwRVJKWmhmaXJGekF6LWZQWlJVZkw4WnFxYkRnY21yTmIzZ0Q0ajRYZzJVb0c0a0RZVmJlWkZwYmRfc04tMkFweG1pREhiQU5nWTdjMlY3V25kN0o0LWw1ZFpHaXpiYm1xY2FhQl9JeEU2cG81QmhrYURQQm9hTUxCMjhiRVkzeFJCZWNoZnVKSmpSUUozX0F3?oc=5
2026-08-05 03:00,Seeking Alpha,seekingalpha.com,Arista surges after Q2 results and outlook keep analysts bullish,https://news.google.com/rss/articles/CBMipAFBVV95cUxObVR5MkhfQjBTaENXUFFsWmxaMHd4MGEyOUhTbGFzeDhVOFVIT0tZYUtfSzg4bW9GTEFxazNWWjlrRzdLOVNodmNoYUFnLWJhSlBEV0NBaGdCb1ZsdzVKR0NNbWVCWkhGYVZHVmc4WHdnTU9NY1ZSU0JNWmNnbW13UDduQml2eVk3d1lHdHc1MjNvZDd2QnhMV0RnNnVGbUJibmRwbg?oc=5
2026-08-05 03:00,The Motley Fool,fool.com,Arista Networks Just Delivered Its First $3 Billion Quarter. Here's What It Means for the AI Networking Trade.,https://news.google.com/rss/articles/CBMimAFBVV95cUxQVXlhbFpHUmdBTEwwUDRrMjM0WUwzbWlJUUZkT1RVUDlUNmZiUFZITE1sU01OdDRqODVHdG10SzEzNDREaHBqYWlrdFFZTWZ3TWxGXy03S29yNzhhcVc1QXpLZjE0b1VPVlp0bXk2WjN4dXI4cVhrSFNpaTljYUVJc0FSN0NvbnlLWUFuRUg2TnBWT0JFN0xCbg?oc=5
2026-08-05 03:00,The Motley Fool,fool.com,Why Arista Networks Stock Rallied Today,https://news.google.com/rss/articles/CBMiigFBVV95cUxQUWNTdWpOcVFjb1N6WDduVFFQTXp4Mlp2MzRBeVRwVTc3Uzh5OVl4S1RLVFFoQW5qTVA5cTZRRURObjhLcG9lZWpFN2tfSjZHZExWMVBwN25Fa2tvS2xjdEkteVY1RTFhOGZJOXFUbVh4cDhTcXBsS24zcDNETG5EQXEwR1g2Zk9GQVE?oc=5
2026-08-05 03:00,TheStreet,pro.thestreet.com,New Arista Network Price Target After $2.1 Billion Projection Boost,https://news.google.com/rss/articles/CBMipAFBVV95cUxQOWN5Um4xSGFhWjNXM1F5NGhPbndIdTV4Y0NTdF9TU1lldmppMWI1QlBIR19XaUhxWXBVTTJSOHZsX3dJM1NKVnZmdTI4NjVPamhkY0oyTFJMY0pnSjRvQ0F4UnpsdFRLRFd3d1R1TElQWlJ5b1BIWFBiSTEwMW1aU2NHRXBqd09RQkVEeEJXLVhlOVI1eEFQQzFIdU5faUxCWVBpaA?oc=5
2026-08-05 03:00,Yahoo Finance,finance.yahoo.com,ANET Q2 Earnings Call Centers on Supply Gains and 2026 Raise,https://news.google.com/rss/articles/CBMimgFBVV95cUxOTTd2UzYyVkNwa1hLVGRNTVdKcmppelVlaDV1dmNPRk0wRmh6SnNpaUJRWWpzdk9OUEVOaE5SeE1KMjZOMW1LYVRNdGI3cnJzVlgtMTdrR0pLR041TnpSeGNvajEzMUh5ckxqVlVXc3FzWUNGcGdHb1dVUm8zZkhYdkQxYnJEd3p1UmRJT0JyNXVCSWpkUmlCYnVB?oc=5
2026-08-05 03:00,Yahoo Finance,finance.yahoo.com,Arista Q2 Earnings Surpass Estimates on Solid Revenue Growth,https://news.google.com/rss/articles/CBMiowFBVV95cUxPYnpqb2V2S0JaYkJwZ2IyVng4TDBPcVNIbnBMaVdLZTVOMUhfa3FNcHFFQUpmQ29WaWRNWm9YeGhsQTBLVWhfRmticXZrNlBoaWQyQmdwRUhWbnBhNnpGQUZ6V3E3VGg3ZUxva3VNNU4wZlVKNGd2WFFoZ3Nyc1Bvb2hGRUFnem9MSHQyM3lGcmdnakEybGVOTUZ6SWFFaFZ0Qm5R?oc=5
2026-08-05 03:00,Yahoo Finance,finance.yahoo.com,BofA Adjusts Price Target on Arista Networks to $240 From $200,https://news.google.com/rss/articles/CBMingFBVV95cUxOX3ByT1dYWTFCU3NwV2wxR3FtRlhncjlxOFM4TFFXc3I1TE1VRmlneTVENktiaHNFZmlTYm12N1dVMVl6dXgzcGZpR0E1MHNPSXNnSlpRdW53N0FUVHJnVEc3TTRoUGdTbi1pbUR3ckl5a29lckZQUUFjMHo5Y2ppLXpXM3lJTGVRbk9nYkl5cFpHZFd6Zk9QY29weWxJQQ?oc=5
2026-08-05 03:00,Yahoo Finance,finance.yahoo.com,Citigroup Adjusts Arista Networks Price Target to $215 From $173,https://news.google.com/rss/articles/CBMipwFBVV95cUxOSFNZa1NMdTZxZ2tsZ1hEZG9mRUNkcGtCb1N6WnZrdXk2LVBWNjdwS1cwa0RtZDBITkZ0ckZ6LXhNczFyWkMzNno0MW1obEtpdTk5WFVBSjdmeXgwekM1X1BleVcwUFYyUVFZMFZVakpweGpTckJyOFZQZ2JKeUZUV25CeUFSaV9ZcXdneGN6YVcydVcydmY4T0VBMk1CRmtIZkRGaFZEbw?oc=5
2026-08-05 03:00,Yahoo Finance,finance.yahoo.com,JPMorgan Resets Arista Stock Target After AI Surge,https://news.google.com/rss/articles/CBMiogFBVV95cUxOZm55a2FoRGs4Z1VfSjIxZm5JYVJkVUZfTDhJVTlpMUZHLXV3aXVKUVpPRlM3d1IwdVRyNDUzdlNoUm1YMWVKQ01GYk4xcVc3VzFRNWFmTlN3NU4xdkluREJ3S2NZOFplQjk1TDAtcEw2UnExWmV4RkJnaFI3bGUxekNxSG9xUHdfbm9zaEoxV1ZJY1k4QThocmZ1WXQyN1NHa1E?oc=5
2026-08-05 03:00,Yahoo Finance,finance.yahoo.com,"Morgan Stanley Adjusts PT on Arista Networks to $220 From $190, Maintains Overweight Rating",https://news.google.com/rss/articles/CBMingFBVV95cUxQVUlPUFVKd3JTX3ZNa0lMdlFPWVp1cm5qWExMOWg5anpoMFM0WkpxQ2ZzQ2JYYjB0ZVBOX0MxaEVCSGYwOVR0LUl2V0pkMDg5RlQ1OTZ6aG44Umc1THBCNHpPYmVvQ2o1LVN6NmZFeFJBcGRXWjVKY3g4R0M0cmdFamlTRE81bFMzaE9JekFQNEZxeW4zaFU1blk1SXFlZw?oc=5
2026-08-05 03:00,Yahoo Finance,finance.yahoo.com,"UBS Adjusts Price Target on Arista Networks to $259 From $187, Maintains Buy Rating",https://news.google.com/rss/articles/CBMinAFBVV95cUxQRmZLNkVTNkhrcGNZOElLUlE3OEpQRTNiRkRvQkkwcHpubFlfQXp2c3Y3cG1oblkxWm00b201YUwtTm9SRE9vWWVVMGxJYTdjemJ5TlFqTWFnNG1hUGxBU1dqblIzLUlmNHpkM1g2N0dHRUtLbXpjVHN5QjNiVk05eHhGQnJVNmNRNV90czIwaXZTekRTamFYbGlDTEM?oc=5
2026-08-06 03:00,Yahoo Finance,finance.yahoo.com,"Arista Networks Insider Sold Shares Worth $1,448,180, According to a Recent SEC Filing",https://news.google.com/rss/articles/CBMiogFBVV95cUxNU1pQcUhITy1YNTJMZTVnNFlJUjdPMVhwOXdKM3lsTWVZMG1TVDlnSlo5aW12Z0JWMS1STFhaazBXZlEzNy1fZ1pvbG96MzZCR25jQkRjWXlJaHV5YnZ6Z3dzaXJ1VXdrdVhleW5SQ2QySm9qalRWbFlBOHozY0ltNnA1WmlPQ1p1djJfYTZUZkJwaTFMcDZxSjRLOVJoZDlxeVE?oc=5
2026-08-06 03:00,Yahoo Finance,finance.yahoo.com,Why Is Arista Networks (ANET) Asking Bigger Questions After Its First $3 Billion Quarter?,https://news.google.com/rss/articles/CBMinAFBVV95cUxQWGlyMG0zYnktT0FfTS1wX1ZtTGhqSDl3Y0g0eGhiQ1NXUTRPN1NFdFdzUFdjdUFEYk5kaXdQV21YOHZ3c1gzeUJ6YlcyaU8yc2c1cXpOYXhQV1ROTDVndkxMbEpZVGpCRkJVbDkxREwtUU1qUnZrQllDNDJ1YlRKQUNCaTBXS1ZjTUZNeGRyZC0tSGNyQndpMWhMV2w?oc=5
2026-08-07 03:00,Investing.com,investing.com,Arista Networks CEO Jayshree Ullal sells $154.3m in stock,https://news.google.com/rss/articles/CBMivAFBVV95cUxOUFEwSDRKeFBEWEl5azBBcURyeDRwX1VmVkVQa3JHNzJOazdOM1dLRnBvSmVMV0ZjcEZTR3lEQ0ZUaVZjX1JIMElTcmxOVU1SenBvbUFOdzc5eVVXSFJ5aGFRajVEb2JuSUhMa3VmSUpNQ1U5OWdxRU4tWjlVbll5LXFjVW1CWGxGbkRVTEprMDBERlRCcUtPcFdoRGpZcDFId0NDSlU5YkJScFYwTW1yTGVBNG1leFhiLW9iMQ?oc=5
2026-08-07 03:00,Seeking Alpha,seekingalpha.com,Arista Networks: Nice Growth; Don't Buy It (NYSE:ANET),https://news.google.com/rss/articles/CBMihwFBVV95cUxOWDgxUVpoOVNLTmxzMVhNc2dqUWhaU1hmNWRZR1FvZmdiMjl3dW1LbWMyOW1kTVhVVzJvcmphMDd3RkhCRXExWGMtTEpyM2h2UHFfZWxuN2p0R1pxVEdJNWMwSjFGX0lxNTM4bjN6RzVFcWJUbE1vYW40dUdHNkc1NkZmNjB5MzA?oc=5
2026-08-07 03:00,Yahoo Finance,finance.yahoo.com,"Top Stock Reports for SpaceX, Arista Networks & Boeing",https://news.google.com/rss/articles/CBMinAFBVV95cUxPa1piXzV5Q1BmT3BOakZfaW1LRGZmUkRVMzV3SDdRRE9wWnhaVG9fR2tYS3h2VnFpNFM3bmxmNVVldVUzdVRoeGU4R0tsV294WnNlNzdRc2VuMVVJYjVlQ250VWVWU2laaU1KWHVvZGJoV0NTc29Ma3FBSTFEekdBNlR0NWtlMjN3V1JLaWJkTFFyLWxkQTUyUFY0VXo?oc=5
2026-08-07 03:00,Zacks,zacks.com,How Arista's New AI Platform Could Expand ANET's Growth Story,https://news.google.com/rss/articles/CBMiogFBVV95cUxOMktBb0JGQ1MwWnNDS3NHOWpwbGFELUZ0bXpoMnZnbEJOajRXV2pPOU5sejV1YTdzOHpDcjMxX0Y4MnRrZC1XOEhyX0gzekptam5ncXdIWHRiVmRaTTBYRndRcGR4Z2hNNklaT3lwakFIYnZWdWViWExpWEpKWldrUXkzLTduanppcmdKSGN6ajl0cno3SHhLNEJPNHRaMFUzN0E?oc=5
2026-08-08 03:00,Investing.com,investing.com,Arista Networks CEO Jayshree Ullal sells $66.7 million in common stock,https://news.google.com/rss/articles/CBMizgFBVV95cUxNZWtSbG5EYlRmVEpoZTdSXzBwLURYeE8xcXNWNmxNNVhqaWE3MzZUekJMLWc0aVBvZnQwSnExY0ZlN3I3T3loZEo0LWV0WmpzeU1nRUNpemstYkNyc1ZRbXNEcHhzN2NISTV6c0YxOXQyc2IwVlZyQ3JqVDhoVzZNUkxMNTRaTUtIaDFJRWxJTldPVGVWckVadkFSNERQQlphZ20teF9vZExfZUR2Q0t1bDlxUXVRdGtSWFplX2ZTc1FOVHVzdGpXanVCZTFjZw?oc=5
2026-08-08 03:00,Seeking Alpha,seekingalpha.com,Arista Network Stock: Beating The Incumbents (NYSE:ANET),https://news.google.com/rss/articles/CBMihAFBVV95cUxOTDRoYW51aDNja2tOb3BPUXVYcm92UWd5a25ZaVBoSkhkTllBbkhMSWhyM1lmTkRuaVd2SUZzbTFWWXBGVlctTmx0Y0NjT1Z4dmxGdFlxR3B3TS1tY0czbkh2UEJDY1VOUmYyWHBoa3BIMGY3MlZMd19SX0xfaUgyWDQ0eTE?oc=5
2026-08-08 03:00,Seeking Alpha,seekingalpha.com,"Arista Networks Stock: Despite Clear AI Tailwinds, Gains Will Be More Limited (NYSE:ANET)",https://news.google.com/rss/articles/CBMiwwFBVV95cUxQTmc1NVBoMmRrUnRvakZQWFMxcFVKUjZCZHYzUGVCOXM0YlVHRkpFRnNmRlNGY1ExQkpCMW9WWC1feHNIUVNxaWUxMGtfMF9YbkFYT2xoZTlBbU5HYzVWeHRLZ1EzN3VDalhvYVJsOFl2SS03eGJDZ3FQWjN0azlRSlp1ZS0taVR3NmNpZ0hQeHRRSTl3SmZ5OVEtOVVHUmxCbWdfb2hyd2t5U0dvRjR5QlhrclMyZ3ZwMXRYWl9SSnlZck0?oc=5
2026-08-08 03:00,Seeking Alpha,seekingalpha.com,Why Arista Networks Stock Is A Buy Despite Rising Competition (NYSE:ANET),https://news.google.com/rss/articles/CBMinAFBVV95cUxOTFByVTlKWC1tNmdHWHpmRUU2ajA5OTVQOEJiTkUtbjhlcGstMkhGMDJEdy12TE5URWRJV0ZZSjd1WXprbVV6N3gwbFBDZG1nR1c0MGNBaDd5Mml1ZXdaYTdNWU11VlNnVVdJRXpkYnJWalZFU21ORWg1NElzdXV6UU9uXzJmdll6cGluU3lFT0phcVpRUmt4UWwxbzM?oc=5
2026-08-08 03:00,Yahoo Finance,finance.yahoo.com,Arista Networks (ANET) Stock Could Stay Grounded On Fresh AI Demand News,https://news.google.com/rss/articles/CBMingFBVV95cUxPaWViV21wTmZZcmVweUgzeUF3dU05c3phcmItZ1diUXk3SHk2Y2VETG9abVhQa0pVeXdNQlBid204VEZjLWR0bWV6Z1FXTjRzUzQyanBMRzM0SVo0M3doc1dGeVFxbHYtUkNxa0dnS0NVbFRjWURNek9aSTREMHVQNzFVbFJVWHRCR2ppdFA5cEJkMFFkSFlnblAwOHNfUQ?oc=5
2026-08-09 03:00,Seeking Alpha,seekingalpha.com,Arista Networks: Strong Quarterly Earnings Keeps The Buy Thesis Intact (NYSE:ANET),https://news.google.com/rss/articles/CBMirwFBVV95cUxNSTZ2bUM3LV8xRmpDTXBTSFljQ29oVjZjYW5xNjJIcFBhMmlsV2NBNDBnaEVTNTRVeFZmYWZUOE9NRVZyQmdvdkVSY0hHeWxJXzNqSGlrb01pYmNYVTBvQUQ0UkVDdDA5UU1PekhvSnc4M2FMN29rWjYzZThzRERaRmdMdmhJaTdzZ0x3RU9GZk9uVUdHbFlaRklVNF9JVFdGd3hvYnpZdHNqWTJ2RjZF?oc=5
2026-08-09 03:00,The Motley Fool,fool.com,Adobe vs. Arista Networks: Which Technology Stock Is a Better Buy in 2026?,https://news.google.com/rss/articles/CBMiwgFBVV95cUxPTWJ4SlgwUW8wTDA5T1RVUW52MkJVNmFfbHFXN1RhdDZOSzRXRTdRN29nYTdmakswNU9fckhvSmhCd0VheU5vcDU1ZEdTcDZDZmpDbmJqNlFCWGpHRUY4a3AzYkV5T05qTThtTV9WdlQ2dHMyNFhfYWFmSmMteVdRbVFUa1lTMTVVNDJObXlyTGYwTU9PMENtcHUwdEoxYXJGdWdVUzJMLW5HbTIwa3pDbUV2d3VmNVlTSU9kZ212M281UQ?oc=5
2026-08-09 03:00,The Motley Fool,fool.com,Arista Networks vs. Arm: Comparing Revenue Growth Trajectories for These Artificial Intelligence Companies,https://news.google.com/rss/articles/CBMi6AFBVV95cUxQZXR5U0swWExJNFE0dFhEU2hGdV9MWmM4bHBxN3pKWG1QMVlsMVJMNUFuR3kzTmFOZmR6MzJfYzZtdDFULVJabXlhRzdkcVZnYkJBNk9rdkhFUjVubHBNd3JLUVNjNnpVRW56S2hsSTRFRWR0WXU5cDhSTVdPX3ZUd3RtTWtHR19iS1RqLU1mOTRYMXpNVDh6SlhtYkRHbzlidkZackhoODVSckRWQWN5d2lDb0Z1TThjY2xuUW5Bc1hkYXd4WmJGTF96dlRaNDNsQVRhcjgwMnU5cnd4S1pyenlvNTNxcHlz?oc=5
2026-08-10 03:00,Investing.com,investing.com,Arista Networks director Andreas Bechtolsheim sells $79.4 million in stock,https://news.google.com/rss/articles/CBMi0wFBVV95cUxQdWRmWmZMNkg1czdXdkJ5ZTg0Q0U5TzZ4Q2ljTzhUVld4dWdVMUlISVdXUHlfNF9FcUk2WHMySUc4ejNrYkxBSjlxMnFKczhGRlhUM0pxTlpGRHQ5a2t1MGljaXRPNGtnZ3FhaHZCMmk1d3NHdVpQSDN0QjBHd2djUTQ3bC1pdGNBRkc4MWhFd3VRaTYyTU9HVmNvNFVpc0dSSzQ2SVl2eEZiRl91TWNHT09fbXlia2J6YlFBVHhVRUlYckhvQUxnVUhERnBLY3RTZFkw?oc=5
2026-08-10 03:00,Yahoo Finance,finance.yahoo.com,"Arista Networks Insider Sold Shares Worth $60,989,688, According to a Recent SEC Filing",https://news.google.com/rss/articles/CBMiogFBVV95cUxOeE1GcUpoUm0xRERNZ3ZiYm5nbWNCZE1IWHp1TDJkT2dUNFFmMDY1TVJmMk53MXFQaHEzVEJYdHROdm1mUWVvc3JlMmlHNk9DZ1ExcWRhUzRDTEhHRHlOOHNtYWtZcGtsUms2LTVLcXVjRy1IbW0tOWdzUktIVDZzREZsWWpmSF9UUFZPZTQzaDVIUjRhRlNPd1Nlc01sUHZsOEE?oc=5
2026-08-10 03:00,Yahoo Finance,finance.yahoo.com,Arista Networks Stock: Analyst Estimates & Ratings,https://news.google.com/rss/articles/CBMipwFBVV95cUxNRVU3dFd5RmlKeDA3ZzRDQ3QxMWU1eEswM2U5UjRHQmFJSTRoWDEyQW8xWWtVTUplcjlvWG4zZ0U0R0VyQ3NFYU9USFFBaEJZS3ltUDcySE9IamlJbjhZM29RbUNVaWN0VUUtb3NNQXlVS0RieWRrR01pa1J1SEJmdVBHRlBEYTBlNDVKb2NnamJiYTBSVnR3bks0ek5rcEd0MXBJLVlMYw?oc=5
2026-08-10 03:00,Yahoo Finance,finance.yahoo.com,Arista’s (ANET) Record Quarter Reignites The AI Networking Debate,https://news.google.com/rss/articles/CBMiogFBVV95cUxNUEpSbktXMFhmb2wwdGlMMUtJZWM4UXQyemVwa2dDeXQ1b2RpeGo1T3JfaTNNbGhnRlJzZ3U5TkNURjFEeGpJem1CemdFYU9SbFRLOXM0dXJPRnNURE1ySEJ5S0pyMjFqWTh6ZjFOUk5xa0tQN0wyWU1FSEx0azVpMFdRejBMM2ZKUVR6TXktV0d3UEMwQ2I5RFA2Z1hNQjRHcnc?oc=5
2026-08-10 03:00,Yahoo Finance,finance.yahoo.com,"BNP Paribas Adjusts PT on Arista Networks to $248 From $200, Maintains Outperform Rating",https://news.google.com/rss/articles/CBMimgFBVV95cUxPV19fVTl2RmJiaWxSN2ItRmNHM0dqdzFIZWc4dGViNzFoMjNBc3NIb1VSU1Q3LXpRc3h2NWJ5SVEwVUJJZ0lZYkx6Q3VFeUNPYUx4M2VBMFlobUJpOVk2VkdhUVhRNVBsRjZabUtDMWNJWkVvVGVYSkhrRHc0ajdtOU1KMGZSVHBVY3BpRS1UdUdXcHlQQ2huVVln?oc=5
2026-08-10 03:00,Yahoo Finance,finance.yahoo.com,Does Arista Networks (ANET) Have the Potential to Rally 26.33% as Wall Street Analysts Expect?,https://news.google.com/rss/articles/CBMiogFBVV95cUxPMG1iR0REQkhiRHU1R0FPSzZfa0I3YWZ0S3JVblBYRjJ0aTc4SDE3aFZ4TF9xaWVxU2hsNmZ5ZEI4M05EdDFRTHZiaG4yQVJwTmRNcmxFZ2daMlB5Z2dUazRhWThRYWd3eFhPTi1RdGc1R05PeEFuZk9fNjZKeEo3QzdhcmtiTHdXSzBGMF9EYVlNV0VsbE1jX002Y2FuajY3VFE?oc=5
2026-08-10 03:00,Yahoo Finance,finance.yahoo.com,"The Zacks Analyst Blog Highlights SpaceX, Arista Networks and The Boeing",https://news.google.com/rss/articles/CBMiowFBVV95cUxQaU9SVGNEVXdGcG9vcmlrYnRkaENmN0FIbThZN2kzQmNyMmNYZC1Ddm9PX0F5SGdhMlRKeWdsZkVGQ1dlS0tmaXZVSjJERk1ad01GZS1HNXZpeGdwSEFxcjhmb1JWUmdfbi1nZlJUMld5c3ZxYVZFWXhIcUFkdUNETG9OdmQ5VWp6V2ZsWHMtRmRCQjJPZmI1cFFTNDN2SldWNWY0?oc=5
2026-08-11 03:00,Seeking Alpha,seekingalpha.com,Arista Networks: Hefty Growth Premium Baked In - AI Pick/Shovel Status Proven,https://news.google.com/rss/articles/CBMiwgFBVV95cUxQLW9jcllfUkdSZnhyOHk5UktuYjFUUXFpWnZhV1MySWRxTnh2Zkxtbk5ZVjcxZ1djX2VyQTN0Y1ZSeF9wV1l6MjRYUVlKQS1kY3lxcVp5QTA5U2gxeURQSTczN3FWQ3BONkZtOWstT2hEYmYxZ25hUmlkdXluaDJkczVpY01rSktCcS1yRmVPVlR6dmNUWmtIcVF3S3EtUGtJXzRuUHJXNmRyQ0ZXYWVWOWZvUjF1ZlJiQm5pR2xXTDFSZw?oc=5
2026-08-11 03:00,Seeking Alpha,seekingalpha.com,Extreme Networks: The Selloff Is Misreading A Platform Transition (NASDAQ:EXTR),https://news.google.com/rss/articles/CBMioAFBVV95cUxOb0RxRnFyYTNkRjhaYnJ1X0JZNU9fVEM3Vl8xYk9RWkFjVEtpb3JqemZUTzB3RXVnQXZabWZkdmFPanUybGJpZ0hGZWxURDBlZzJNNnI0U09Ja201c2hRTG1ETWhYSXNtWEdYbW14ZjdfakdxTzE2UmtSQlA3S3VmdjdSZEZqV2J1a1h0Tnp4ME5iLXNReE1Nb1UzUGRISlV5?oc=5
2026-08-11 03:00,Seeking Alpha,seekingalpha.com,"SA analyst upgrades/downgrades: INTC, AMD, ANET, GILD",https://news.google.com/rss/articles/CBMikAFBVV95cUxNR2ZDTUdwSFJOZWNuRTRiMWdSdlV1VWFfeWRXZGR3dmNhVmdzVFhyU2RwR2NpNEI3VzBKdzBhWTRYUTJsaThnTWhlbWROUFVpS1d0MU1VRmFiQk9jOExwR01JMUFRdXFLUWMxbExlMkpFLS1fam9DcXdDak9mTjNxdGFScDVTOEQtTXJTblVWQTA?oc=5
2026-08-11 03:00,The Motley Fool,fool.com,Arista (ANET) Q2 2026 Earnings Call Transcript,https://news.google.com/rss/articles/CBMipgFBVV95cUxQVW1fTk80b2N3SUFnUUtRcEMxLTBOR0NLQmNNSzBya01scHluUERPdGZOc2lhbnVVeW5QZXV4d28xWmZsMFZhVWpPaXZLZGdfWmRjQ3RfdE1iOW1wNWR3R0dobFpMNmZ4UmJyVWlKRHBHWV9QNFBsSHlESF94RTVTYVA5U29PRUZhMXJ2NzVMcFExNFpmdFc1eDM1cS1pdjVOU0dmRk93?oc=5
2026-08-11 03:00,Yahoo Finance,finance.yahoo.com,"Arista Networks Insider Sold Shares Worth $79,383,281, According to a Recent SEC Filing",https://news.google.com/rss/articles/CBMiogFBVV95cUxNU1BMUi03dXBTbWY0Z1hvYUxPQXdSemhmTGFUVEZsNGduNEJYdVpabi13WHFpUDg2VFdUZVJoLUhNWURRNmVpYlhtT1c4QmVMTmlaaW9IVThyWFNSd3kxel82SmF5cXRNTy1XUUl2Z09VQmVHczBHTGotcUZxb0ZRbDFWTjh2UFRINzVVY0hqUmpYVkJZd0REZm5NclEtenlJN1E?oc=5
2026-08-11 03:00,Yahoo Finance,finance.yahoo.com,"Arista Networks Stock Is Waiting On Parts, Not Orders",https://news.google.com/rss/articles/CBMiogFBVV95cUxNM0s0RDgxel9EMHItbWFSZElNT3E3alAyUWpMX052UnFZcUtmWGNWSUJ3aENLY2JzTFl5U3RwZHh4QTlESktRclJuU0JLR3VINVFJWUJuTlM1bXZxOU9hZDFMLTlNdDJZSDZRRzROb2Rwa0RXWGZPanlfNjVCQ2NSVzNlRjhDWWhUbFVHRzZNZmUtODhLYlpzOXpCbURiRWd3cVE?oc=5
2026-08-11 03:00,Yahoo Finance,finance.yahoo.com,Jim Cramer Highlights Arista Networks (ANET) Following Q2 Beat and 50% Rally,https://news.google.com/rss/articles/CBMipAFBVV95cUxONkdEOFNnT04yUV9YaGpyRXRUSG93cWNyUU5HM3dHU0d2eElxSHFjenlfT19YWHlraGdJdk0ycVdZWUliNU1HMEloTnhCS0d5RUVQMmxDU21ZZXV2djRsbjBPT3hlbVYxVVk1cTlwVW50VDJFLUJ4QkNNeVBRNk11UGxuYUlpa21KTVphemJZaVF0TDRwNDNCZDZUV2xubWtldXRRZQ?oc=5
2026-08-12 03:00,Yahoo Finance,finance.yahoo.com,Is Arista Networks (ANET) a Buy as Wall Street Analysts Look Optimistic?,https://news.google.com/rss/articles/CBMimgFBVV95cUxPcEdQUnpNdkZhNmdPWUpiUGxOTUNCX1l3S0J2MkhRRGxENTBZbDBQeUZkSS1nYS1vZ0EzN0l3MWtNNHlYNkZRNlNhcFNUTjFDMFNvMzRTSTRsS2FfYThMYW9mdDRZel9OZFRCWW5fT2FsOWdkelRjMTVEcGpXZjQ4ZWdseF9GWDFkSHByS0lTcVNtWmlpekYwakRB?oc=5
2026-08-14 03:00,The Motley Fool,fool.com,Arista Networks vs. AppLovin: Which Technology Stock Is a Better Buy in 2026?,https://news.google.com/rss/articles/CBMixgFBVV95cUxOVk5qaDQybGN0SDY4bjZkb3dva3VScEVrb1R4b0pVeGdvaGZTeDgyY2xSUmE5ZVRjTDNSSU1GUmVxamVWaW41QldtZTZtZG43VVprS25fM0JOSHk3UkdaQVdZSG5WWW5SazJUeHJxM01LT01HVGJ5cllUNllNQmVIUGVoYmx5OV82VEFBbWhCNmtEMy1xNTJZVFAzX3Axazh4WTh3anZhOUdjZnJ5am9Rai1UejB6NDdkaGsxTWtJZmpsZVV6eXc?oc=5
2026-08-14 03:00,The Motley Fool,fool.com,Arista Networks vs. International Business Machines: Which Technology Stock Is a Better Buy in 2026?,https://news.google.com/rss/articles/CBMi5AFBVV95cUxOV3FhUnJkUWk4b25sUXNLSVF5YmdzalQ0clZxVW5LNkhDVVF1ZFd6VUxpZDVadmhZS1lUaWdhd0ItLXpjaXRFQ2F1WnBxSmZyaTBrOGN0Q0VNWTBqQktLNlpVblgyYWY5RUdyVllNOWNlRTdOMFd0ZTJCV2JfLWRGSXp0eGZoVEd2Xy1LRy1aZWpWTFktS3h4MEhwTlM3RkUxSDNzcjFwX3BqQUh5MmxpZkFlRFNqSzlaX3d1SjA2TnJiR1ZGWDdrQXBzeWxYbGc2TzJTZm1IblNnbFA5ZXE4UDRiOFM?oc=5
2026-08-14 03:00,Yahoo Finance,finance.yahoo.com,Arista Networks (ANET) Is Up 5.9% After AI-Fueled Q3 Revenue Guidance Upgrade - Has The Bull Case Changed?,https://news.google.com/rss/articles/CBMikgFBVV95cUxOSDJtX0p0YTRITEhlQmM4VVZBRTQ5MXJKRmhtQlV4ay1WUUJxYllyWkIyVk12b3pOVVJSTkIyampjR0V6SHQ2SGJydmVnRURmcWE0b0JFQS16QXFzTDlEM1duWkY1dHFKZFZKQ28yaWNIcDY0MXdjVklJaW84cVZFei1yUzJoaTJUdWhudnBkVzN3QQ?oc=5
2026-08-15 03:00,The Motley Fool,fool.com,Arista Networks vs. Intel: Which Technology Stock Is a Better Buy in 2026?,https://news.google.com/rss/articles/CBMiwgFBVV95cUxQU0dsczBlT25EWlJMTXFXMVlWcXBaMzFXN2dpbTZ5SGdyTlRCRnBfLXpOYkhESE5rMmdWMnN2bXg0V0VqSVVGQm1pTnkwdHcybXhrZTJ4OWlseFNHV1otS3hwUTRwU2R2R1dZR2VuYi1hU3ROVVV6bnlEZGpHM0lQd1ZuelBhejU0N3ZwQW1uWTU0QTlGT09QRXJyci1OXy1MZDBWUUtMa3BDWHJUSkZTdU92dklMUW50czl1V1d4ZzBRdw?oc=5
2026-08-17 03:00,Yahoo Finance,finance.yahoo.com,"Arista Networks Insider Sold Shares Worth $119,364,068, According to a Recent SEC Filing",https://news.google.com/rss/articles/CBMiogFBVV95cUxPQ0F5amVtY3ZBellvVXlmQ1RsTjN1NGhTbHdSbFptUmhReFBkSUFxcnJaVVZqZF82bmYyWXZSVUl2ZFlyVnhHRFJmeDVWYVU1UzhSNEpFdzE5VnRVSFYtZ2dvUld5dzZJMGJOd2hOdWd4czVQSmNpaW5IR0xDTnR0Ump5S21FNi0xRFhYT0pUdUlucWh4c3AzSGhKQm45RGFKNnc?oc=5
2026-08-18 03:00,The Motley Fool,fool.com,Arista Networks vs. Palantir Technologies: Which Technology Stock Is a Better Buy in 2026?,https://news.google.com/rss/articles/CBMi1wFBVV95cUxQekF6WDdQaEI1aUtRRE5SQUNUVko2bGpSaFJSXzR6UGttMGlTMFBmdHZNWHhHY1M4Y2hTQThiUnZYOG1ORnpuM3kxelFkY3o5amtIcWcxV3ZtMXNqNHdpaTBQQ1JyMXpoVEdzUV9TMk1tcWVOaU5rQUhoRklySmFneV81ck5WWFl5dnRGUDBSd3Y0SGRuekJZUzdsMUp3bXd1ZzgyZEV5YXRrWHBjYVczLXVCZ2hGVVRCY0xaUkZRRlU4MDg0VWpWbHBoWWhXcjA5dHBqc05GVQ?oc=5
2026-08-19 03:00,Yahoo Finance,finance.yahoo.com,What You Are Really Paying For In Arista Networks Stock,https://news.google.com/rss/articles/CBMiogFBVV95cUxQbm5HWGZWZmlzMThNQTVvRmtBaTBKZnlKUDRuWEtmSnlqWXVmTXRDZ1dDNWtyTFgwQlVkXzhxSEtUaUxnVzBqMzBDUWljZjREVnlxUnNBX0pwWXRvNmhSOGlCVktoZjVoa3R1eXdKbWFacEZsM3VUcTY2YzBaN3VMVmpraXUzaVB5VHF0dDhBOXlfRmFjN1U2TFVYak5FM2pUZkE?oc=5
2026-08-20 03:00,Seeking Alpha,seekingalpha.com,Arista Networks: Q2 2026 Justifies A Higher Price Target (NYSE:ANET),https://news.google.com/rss/articles/CBMimAFBVV95cUxNWjRsXzIxYkpSR2JkRlN4SWdMNG5wSVJ1R0Ria2UzXy02blJsQlpKTTZNVE9wbi1GaTZLeXNWM3RJQ2NPYUdrQnpUelBib0pLRXRUWGtKenFMN3AxMVE0cVpzeFdtVmFwWXRUaFk4OGJtRGE1X3diWUNYRjB6SHFmMkl0OEd0ZzFkejNPWTQ2YS1JX2FXb3hRbQ?oc=5
2026-08-20 03:00,The Motley Fool,fool.com,Arista Networks vs. CoreWeave: What Revenue Trends Tell Investors About These Artificial Intelligence Companies,https://news.google.com/rss/articles/CBMi7wFBVV95cUxORHFrOVRLOVU3M1plRE92b3VqanRUMnctU3BmQzNYRnFsbjV2T3RiNFNPYTRINl96NmtOdUtUdHhDckVzclBBYlRRRGI0MTZ1QTBBdEdKaUZnLTFrY0x2Qi1WZ05OcFRPVnJta0xnZXN4YmxZTE14X2o4dVBmSjJVY3BIUlRxRUg4azZXc1ZNWjNEU3Y0bWFkUmpiTl9CMm5vLVo5Y3BISV9lV1g2enhQUmRVcm84bWtFTWVnS19YVWVpYUI5LW9vX1VUc3BEeEZBWWg2MFM2WkwwTWV2bHhOMzAxLXFYaXMzdDZmczV3bw?oc=5
2026-08-20 03:00,Yahoo Finance,finance.yahoo.com,Strong Track Record Reinforces Arista Networks’ (ANET) Long Term Delivery,https://news.google.com/rss/articles/CBMipAFBVV95cUxNZHZXSWxramo4b3RGSmVndDREYkhsdjVSRk1QbTB6akY3OVZ3V0ItRjBQeUptaGNaeEZsLUNmZFpZSERqMGFudUJxMGdHY2E2ejd0RFdlSGkzWGZOZUgwQllOQk05T0VDaTFvbzBRelJVX1FBa2VzcFBVVWFFV2d2MW5YallKenREMHR0dzNvYzQ4OXlWUFNjbnRkSG16bGZNZnFaNQ?oc=5
2026-08-20 03:00,Yahoo Finance,finance.yahoo.com,"Tom Lee Recommends Arista Networks (ANET) and JPMorgan (JPM), Analysts Weigh In",https://news.google.com/rss/articles/CBMioAFBVV95cUxQT2t2eG1SS21MWTVEZXRmM0VfbDA1U0pyZy1lQ1hVMlB2SHhRT05jdFpBZi05N2lsNGpuMnExM0tTRUF1NmFpM1pTN2t3SWp1WnYxTVJMc2xrbzN1MkNPLTZNa0otY01sUmJTZkV5aFE0bm5pLU5odmlRd3VwZWF5T2RzaWw5cFZkVEpUWmRQVjl6X0N4bmd2a1pBa2ZUaEE4?oc=5
2026-08-21 03:00,CNBC,cnbc.com,"Calls of the Day: Arista Networks, Amphenol, Seagate, Apple, Cisco, Nvidia, CrowdStrike and Impinj",https://news.google.com/rss/articles/CBMizwFBVV95cUxQSkVYazNoM20xM1lCeDZkRTZ6R1FqNnJDVlJTSnRnaXJMNF9JdnJHczRjMllZcTJvV1FHMEJzdlpRNXRJSUY4U3hYaFM1X0ZwU3NwYTNMWG44VjhNbzBab3JUeDB6N3RhdnVIWDdodmVXTXM1bmxZdDg4aGxteTIxeUhTWHlvYXc4aF9yaWtTVHpMcjFnRXFyLU1yb20zSllnNEZqZVVOVEdINTRUTVpRZWRhdkNCUDI1YVcxVExkcGhhTFZTUjh3RWllVURFc0U?oc=5
2026-08-21 03:00,The Motley Fool,fool.com,Arista Networks vs. Salesforce: Which Technology Stock Is a Better Buy in 2026?,https://news.google.com/rss/articles/CBMiyAFBVV95cUxNdlNMMlZVTS02WlBCUGhrdXp4RG0wMmpRX2lPVklnS3FNY3NGbzRRVDFwZDI2RUVkOFBXWnJrc2VlS3hPZlE1ZldoV0NQSzM2ZVB4LUNGb0NwR2k1eWRmQ3hrZzJVMnkxdkhGMzN0eGQwSjRxemdIUUp2TTFuUUpWZ0NRQWJ1SHBnbWZsbHkxMmhMeEJrbzQtdWI2RW5UaFpudl9hdjRwZWxhMEFYUmFFeEsycGlWUHR5NURFc2JqSjF0bE1DNFdQMw?oc=5
2026-08-21 03:00,Yahoo Finance,finance.yahoo.com,Arista Networks (ANET) Is A Key Player In Hyperscale Data Center Growth,https://news.google.com/rss/articles/CBMilwFBVV95cUxNR0d2RHNFUWtvM3NRak5uNGkyUXBobnNzNWVpS1NRd19KbEIxS01MS3R2LXFjOFBxcTlWajVKMnZNZktJNUctQ3Z2RHROQUlmOG5zZFdWai1UVnNZc0dwc3dKY0hSZnQ1OU9qOGFGNW1sbmVNcldNU25IMTVyVEV3Z2lhVC11WkI3M0NQcUJGNi1INEU3UDRJ?oc=5
2026-08-23 03:00,The Motley Fool,fool.com,3 Growth Stocks That Could Skyrocket in the Second Half of 2026,https://news.google.com/rss/articles/CBMimAFBVV95cUxPallLcWsxbm82dFVQSDVEblF6d0NwV1N6eF9LVkhhYUZUXzA0LVVSTUdPZUZpT2M3Rk82VHFkWnpJbU5wVm1ZVEc1YnhuNm90YUtKRGlXSEhVZXB2MEp2UHpieDdhU2pVbzdXaHp5SWxscU01bFY1aE52MGxvampoRmNKMGdKaHpQSHRzdzdLeF9RY21FeXdadg?oc=5
2026-08-24 03:00,Yahoo Finance,finance.yahoo.com,Cisco Systems (CSCO) & Arista Networks (ANET): Cisco Just Beat Every Estimate. Why Did the Stock Still Drop 8%?,https://news.google.com/rss/articles/CBMioAFBVV95cUxOdXF1N2JjVDdrS2dTd1FZdml5RVktSDZyUzNSR1Z0U3BLOFVTV0xTVG1uaWZ3akNVWV9UODZRc2t1WjRLQ3dVeGhxdTQ3N1E4Nm1neTRocHdtcW56N3I2X2RSczlWQzlXNnBBaGh0RUtJZ0JySGdmQjZXczlDVFFpS3l1RFByNmk3Nm02TkpkVWkwblhLMFdqakpQSDJXSmtU?oc=5
2026-08-25 03:00,Yahoo Finance,finance.yahoo.com,"Arista Networks Insider Sold Shares Worth $8,034,699, According to a Recent SEC Filing",https://news.google.com/rss/articles/CBMiogFBVV95cUxOOHo0c2ktc3JwOW1NMTBUZUJXcngxTTNkZEVtUWI2MmFLMVMwSFBTcE41SF9STElZWXVCRGltWTFGLWNHY2wwZ09RZk8tMm9aY1NzSDcxZklJWGUtTUdWVWNNYjhPMmx1aURYU0pJTDUzbzhpcjlLUWlDcHBVc3RNRWdWRzljQnNxVXZvVVhSV3BpdFZOSnprWElzenh1cjBaYmc?oc=5
2026-08-26 03:00,Investing.com,investing.com,"Arista Networks (ANET) director sells $79,057 in stock",https://news.google.com/rss/articles/CBMitgFBVV95cUxONUk2WFgyV3RER0xqbzdfVnZNYTQzWWNoTGZDeUFjZDQtWlRpR1NYaXJ2TURnQy0xZ2RUTXJFazQ2V293SEVTSkxHN3B0bEFsTHA4NmJwT0x5RnhzekN2VGxXZzk0YmFsXzBKT0JzTWd6Z3F5NzgwUmxRcjRHaXJwX201N2RRMjcycV8wRDIxWUVQUmh5dkhsaXFDZlg1R21udk5NUGdFalExSi1MMmhROHV3VndPZw?oc=5
2026-08-26 03:00,Yahoo Finance,finance.yahoo.com,Arista Networks (ANET) Faces New Political Risk As Voters Push Back On AI Data Centers,https://news.google.com/rss/articles/CBMiogFBVV95cUxPaHhRbEtwWXI1OTItTWVSSXRXdks4MWFodmpqbVcyX3F6QVpCX09jdEc0bU5kWHlCRk9Wa3JVRmVXVnBhMEFWSHdvbnFPd3NhRUFXajBJSU9BMmZYQW9kMk5Ka2tYY0REV3FpNzRycDhwM09oY3JGZy1ycUk0bllNc05mUTVHRUlFOVVRdmhFZ3lSUXQtdmljeDh6MDVheVI5elE?oc=5
2026-08-26 03:00,Yahoo Finance,finance.yahoo.com,Is Arista Networks (ANET) Undervalued As AI Data Center Regulation Draws Political Scrutiny?,https://news.google.com/rss/articles/CBMiogFBVV95cUxPUzBQdWVOb3Vhd0d6cWRYUGFDVVRoY1J3T2dhb2ZnRFgxeFl3V193d2VWS2VLcHNTSjUzclhwOHRBTkhENDlmU1FCR1hFSFZ2cUY1bU8xZXJUREpPYlR5VmliQ1hkNnNFdFhvNF9nX2ZNQkhTZUJiMnZCVlhBSEdINkVuWHFZd1JQYl9TV0FYMVRlR21sSHllVVd0d0ttd2p1cnc?oc=5
2026-08-27 03:00,The Motley Fool,fool.com,3 Stocks That Are No-Brainer Buys in the Second Half of 2026,https://news.google.com/rss/articles/CBMimAFBVV95cUxQY051UkdMQVQyV0Y5d3JQOGtyMFZoVldib0l3RVY2VHpQNXhBRGQ2MF8wbkRzNVlKdFNMb0dSYXBuR1BGc1hNWE56TjFYSUtRd3VDM1VqRDF4a0kyUXFRWGloRlRfb3lHVWx3eGJKNzRHenNoclg3V1VuRE41NmU4Sld1Q194VmZ6ZXlUVWFuV0ZzRThiYVQ2Vw?oc=5
2026-08-28 03:00,The Motley Fool,fool.com,Arista Networks Stock: Buy or Sell?,https://news.google.com/rss/articles/CBMiggFBVV95cUxOWHVEcXJxbUx0Z3pnNEg4NTRyX1AwZjFuY1JocU13c0FHemZuY0pxY2o2S3l2TFBJal9IRkdPajc3RGNqWjREcURqZUwzOXdjM2liTHRCM3Y3dkg3Z0w1Y3dnWkZ0TUdRMDB0aXpuenRRT1hJeUhqMzNqRkt3dk9YWlF3?oc=5
2026-08-28 03:00,Yahoo Finance,finance.yahoo.com,"Arista Networks Insider Sold Shares Worth $2,648,491, According to a Recent SEC Filing",https://news.google.com/rss/articles/CBMiogFBVV95cUxPM09VbXZ3NXlHaWtxcVhHTW9DRm9TVDBqa2RjTjJiWWZBQ2E1bTBzcHRHM0NwR19QaFVVdmloSU1xbWtpdmVIbjdKdEp5a1o1dnNxeTVJNzZVVURtVlZzVmh1Q0FJZWF6TWNhdTZLZTktR0NqTTktc200d0hwWjY0eXBkdUZPZnJtNURsR0tpVE4zSkxpUUd1SEdObm1OS2o3c0E?oc=5
2026-08-31 19:16,Investing.com,uk.investing.com,Arista Networks director sells $60.78 million in shares By Investing.com,https://news.google.com/rss/articles/CBMitAFBVV95cUxQWDN6TVJ3QmhQYWIzYnRZaVN3RHNyMlUzY3lVd2lYaVl3YzFBdGVHdlpyMHVWR0hfNnlqTFp6bFBnZ18tZXFrbk9wbWJwcFI2SDl4WkZuMTN0S052djZzVmptUXM0TWVnR01sM1B3eVVZSDBuamdRZUw4SHVNOFBFM0t5dzduUzJvbTlPQjU3UktXdzE3cGxzME1sOWk3M2x4UHR1QV81c01wYjlZTUEzbXFvVkk?oc=5
2026-09-01 03:00,Yahoo Finance,finance.yahoo.com,"Arista Networks Insider Sold Shares Worth $60,780,047, According to a Recent SEC Filing",https://news.google.com/rss/articles/CBMiogFBVV95cUxOU210QkpldUF2bkRJTUszYkR4MVlDWHdYUExBQ0dxY3JqSURiVGJWRVFCWXJWTm5DcFRITGdqMWhydldZQnJoVW5kVTZpb3pSRnZkZy00TmhJODJBSkJhR0VuMmN6dW1wM29wX1YxcjZTN25IYlFZNTRzQjZDdG12ZUNQWDBPdXJ4X2QzdjFmemJ4SGdmMEUyNDNpZFlNel9QVkE?oc=5
2026-09-01 03:00,Yahoo Finance,finance.yahoo.com,"Here Are Tuesday’s Top Wall Street Analyst Research Calls: Akamai Technologies, Arista Networks, Booking Holdings, Cisco Systems, Dell Technologies, Duolingo, Robinhood Markets, PG&E, and More",https://news.google.com/rss/articles/CBMinAFBVV95cUxQbmVOS2JzZUJZbmp2YThiX0w1NFlWYzBqRGJla0gycGxfZC1aVVppQTJRQXFxd0V3S3piVy1TbmZuNFhnU2g3djhwRTU2X2EybWFMSUFCUUFqdlRzNGtTd0F2V3MtNlBHMjhPdWVGSDhNSTFZdHZDemxJdVhiM1NZbzJMTUlPemdzSWlOTC1mNFdHSkNqRHE3dHBzSno?oc=5
2026-09-03 03:00,Yahoo Finance,finance.yahoo.com,Is Arista Networks Stock Outperforming the Dow?,https://news.google.com/rss/articles/CBMipwFBVV95cUxNZGxYaXVIWllNS1dEd0JjN1FKb0FzQ3JHQm03R0xuOF81X2NOSDZOTm1uTjBrQVZYSTF4RVFjZE5fRjZhYVNOUThrWXVDYzNTQnpPbXdZb1ByYzIxa1RBOTRwSmFVVDk4STFNdVdlVURxM1Q4eFFSVmxiUWwyRGdlYk5DVHFsWm5yNDNNUlk0WkxFMUlVdWpUUFNQbW9DbEJqMHIyeTQ2VQ?oc=5
2026-09-03 03:00,Yahoo Finance,finance.yahoo.com,Why Is Arista Networks (ANET) Down 5.7% Since Last Earnings Report?,https://news.google.com/rss/articles/CBMimgFBVV95cUxNSjNqbHVmVTNfRXVnazBTSExJZHNKMy00TXpTbVptY2ppcmxCbnpNR1dYS2VIOXdQZFdKbEpGVGlsQ2stN2NsdEU2c0oxbW9lcnEyaWM1RkdpNGZnaGFHb0FTaExMZjJ2bDNtekpQam14Wl9nU3NQaW5tT2NkOVdEOWNiZlJTcjF3YV9vSG9xaXlRcktQcE1ZWGFR?oc=5
2026-09-04 03:00,Yahoo Finance,finance.yahoo.com,How Much Track Is Left For ANET Stock?,https://news.google.com/rss/articles/CBMilgFBVV95cUxQeXVqdVl0c1RGX0VGTVlnaXJkZzNfY3FFaHljbFVia05QV2RhcklDQ2QwdUFCZUMwY2NRWUg5eHVDWXNodF95MDNmN1lWZWFPZUxWTWF1UUl3OWdSaGZtVG1jVWh1cTVpcnMtQkdxTmZPTTVUS2ZlSlA4SHlVempaQ0hlTXZWbFhrUS1nOG5POW5MMkl6SGc?oc=5
2026-09-04 03:00,Yahoo Finance,finance.yahoo.com,Should Arista’s Q2 AI Networking Beat and Upbeat Q3 Outlook Require Action From Arista Networks (ANET) Investors?,https://news.google.com/rss/articles/CBMilwFBVV95cUxQWHFHTVlJY21KN25fdFFvdkxRVDNXc3FxVkpXZGM4ZG14MUxTQlA0UVh4eXAtc0NvLUZJVmVEZVc4YnE2c19QT3hQdjRnV2c4SkRSVzJoUnZwXzFSWkFpdXJIb0RnZUtLU1g5Y0E4eXlaYlg5MFpVUlYwZ09paUpCQ1U3QkhfRjVoSEM0ekg3LXpsbU5ybFlz?oc=5
2026-09-06 03:00,The Motley Fool,fool.com,Arista Networks vs. IBM: Comparing Quarterly Revenue Trends Between These Artificial Intelligence Giants,https://news.google.com/rss/articles/CBMi5gFBVV95cUxOaDUwZGZ6SC1LbzRjMW94OXBrLUdqNGdnWUxMRTVnN1kwZVFEVzJiTjZsZXVHUmZ1VV9oOUJmcWt2ejZYSVhsb1pYY2EyclI1NkY2VDktSWNKNHU1QTR3WFdta2lhWkNkNmI1ZWxwRXV3R0pIT3Z6YlVGMjBzaDBxZWg5bjdHbUJiZ2lXcTBIeHVtQ2V1Qmk5cXQxNWp4OVVrSTVhWkcxTDljYXEwNW5UTjV3Sk5JWl9Lajdzb1ZwVjNlRWZTODFrMXB4ekNkdlJyT0I4MkJvWEFTRG80Vk56Q2E3MmlZUQ?oc=5
2026-09-07 03:00,Yahoo Finance,finance.yahoo.com,Here is Why Growth Investors Should Buy Arista Networks (ANET) Now,https://news.google.com/rss/articles/CBMinAFBVV95cUxOUTFhNks5VGxXNDFtRkJWVFZSZGJ4cEo5a2VPYWZxS1hNWTdMakxCLWZHRzBWNGJkQTZIbWxRVTdDLXl5WXV2b1ItazdmYVJzWXo5TVh4bkxQcnRTNTRJSzdrVTVpQmJiUElObUp2RWxQX0NObDdhMVVJczRGRnhzNG5sdG03NnExRlRoeExYbjVaYlJua3BFdGZTWVM?oc=5
2026-09-09 03:00,The Motley Fool,fool.com,"4 AI Stocks Are Joining the S&P 500: Buy, Hold, or Pass?",https://news.google.com/rss/articles/CBMilgFBVV95cUxPVU85b0lrV0NVR0dsTHlaendBYkF3NnV3ZUdpVzcwSjVkYUlCX0g2QkdSOTdocUZHbGdVWGFyQldRWTVaV2VMTmJnbVhxbk44YmFZSnNLcURkX24zV1ppWTVJRWJiTTZiQ0JReDJINDUwSGR5Zlo2TzhfbHVnR3l0bDVkdGZPRVBQMlJaTkVmMDZlY3hIY1E?oc=5
2026-09-09 03:00,Yahoo Finance,finance.yahoo.com,Arista Networks (ANET) Falls More Steeply Than Broader Market: What Investors Need to Know,https://news.google.com/rss/articles/CBMinAFBVV95cUxPUklraXQtVm1xUWVjNFE4X0FydWtTcnZybXBVYXIyUXFkTmVPVW50VWNlVVNNVTdMWXlRRWVaUWhlQWUtTkMwWldINy05V0hzU24zYVY0eTJSNkRKc3dVN2ZPWTBUSDZVWkU4WWhyUnZvQTRzUjUtU09qLXIzQmVpejJZQTh3REZrWGYxQWtDdkxSU1dOVmRBLW9BM3o?oc=5
2026-09-09 03:00,Yahoo Finance,finance.yahoo.com,Arista vs. IBM: Which Cloud AI Stock Should Investors Buy Now?,https://news.google.com/rss/articles/CBMijwFBVV95cUxNa3J3Mi1PQmlUNHBqaVUxRmpMQzVsb2hwYzloTFNFMUFSUnZ5bndheVpUanlfaHR2Nl92UWY1X1pTVlpLc19lb202aDVmaHlhMXFCQjVLZ3l5RFJFcXROMkNLdjRpUldDN3dZNTZMZTFpdGc4SU9vR0dObGlwN19rb0ZNVzI5WkFXUXNJM2hpaw?oc=5
2026-09-09 03:00,Yahoo Finance,finance.yahoo.com,Arista's $9.7 Billion AI Commitments Hide an 18-Month Revenue Wait,https://news.google.com/rss/articles/CBMijwFBVV95cUxQSkcydGZhWjRxZTBST2tXVHJiQzdiWm11Z1BSZUNqV3ZpYXV0alZPRVpWeFl0Z3VTUzFKV21qZnRwc1pRczZrcXdJZmUwa19GcndHZndueWZuLWcyYUljZTNZRHh3MWVMNzFIc3dHUFpwckpuQzBJSkJ3aW9lNlFzdEtQaW5WQ01BdXFVdzk1QQ?oc=5
2026-09-09 03:00,Yahoo Finance,finance.yahoo.com,"Zacks.com featured highlights include The Allstate, Arista Networks, Ross Stores, Gartner and Micron Technology",https://news.google.com/rss/articles/CBMipgFBVV95cUxNOHprVTdYMzU4aGs1T0dlMlhFZUx6Mlpkc2pTLWVxcGI1S1FJSkRKWmNvVnJIdHJ1UjZQTmYxc2FlMGtnU0dYM1phd3cyZU1JcG5hN2NPNkE1ZDVvWXlveVRvTEZfZExFTlZHcDlVb0pjRkFKOHUzX3NTWGhqc0thLUdtVnZVcmp1Qkd5THdDNnVWamFFV0RnRVZ6d0d5b0VtcDI0YXJn?oc=5
2026-09-10 03:00,Investing.com,investing.com,"Arista Networks director Mark Templeton sells $985,787 in stock",https://news.google.com/rss/articles/CBMixAFBVV95cUxPMXdxM0hpb2hLZlRONnRIOGNMWnAzYzk4WWFPand3VlBpdS0zdXpLakViTk5ja0ZiNFhzT3BXdlB1ZmhZNWpkUjFwVkwtQVh4Y1ZLSGtvOWI4VXZlV2dmMlVJSFhxRjJyM2FxdGpTQW9Wa28zajJBQURHSC1xV0IyRDFnQmdaRURxZDZvMlIzRjVaa3VYUlJua2xpUjdsUFpfRE1WVWJQR1lTcm5CSkxmbWwzSHk1RXR4eDBFUzloWUVWNUxm?oc=5
2026-09-11 03:00,Investing.com,uk.investing.com,"Arista Networks, SanDisk among market cap stock movers on Friday By Investing.com",https://news.google.com/rss/articles/CBMiwgFBVV95cUxPOFJuUzVsSmx1R3RLQXdRYjVIc01TV2hPeEhYQ3A3a245Ti1aSUR2OXdmRlFGcVVXZFZ0QVVvd3dGV19fYnVLRS1YR0lqay02OTVGQzFYZ1ZaNVNOeHNuUk1CNS1aSXItNlo0dUh2dlBmbHg1ZkNSelVLWFFOc09MMkFBV2pDcUlkSGh5THJnTVZPdXg2R1JjRHppeE5MUlA4MEtMNXNGOEx3SVVwY0toQXdhUUhYWTc4c2RBQ0V4SDZEUQ?oc=5
2026-09-11 03:00,Yahoo Finance,finance.yahoo.com,"Arista Networks Sees AI Demand Fueling 40% Growth, $9.6B in Supply Commitments",https://news.google.com/rss/articles/CBMimgFBVV95cUxQOEhfaC1WWlJiWXJpdjl2VS1ZamFQc0hJLWdHdDZySWxtM1BBQW1reW9TVFltcGYydWlKc1ZMNU5CalNPaFlSSFcyVS1QRERTcGFaUUFmY0lvQUgxODFpR295cFh1SXVXUWJRU3ZMRFpYVHVuaFNvMnFjV2pDVWllN1JxRFZOQ0hCY3Z1bzFkQTFEWjktRkNIOUFB?oc=5
2026-09-11 03:00,Yahoo Finance,finance.yahoo.com,"Arista Networks Stock Rallied, But Is It Now A Bet On Its Suppliers?",https://news.google.com/rss/articles/CBMinwFBVV95cUxQWTUwYUR4SDJ0OHJRVGhBYTFkSmdMOFZlbmFCeGJleHlxV2NORFREOThfcjNrYTJra05FWVpGQVJDLVdwZE9raXgzc19lVnpudFN1MkVNRFFoa29TcGFMNWxMQUFMT1JxNm9YcTc4UHlHbURoOENXeXVmY1VmRTdoOS1qSENMYldzdTBpN3NJVnJ5cmsxWU9weGFYa01hVHM?oc=5
2026-09-13 03:00,Yahoo Finance,finance.yahoo.com,Arista Released Critical Security Advisories. Cisco Shows Why AI Network Growth Also Creates Repair Work,https://news.google.com/rss/articles/CBMirAFBVV95cUxPRjdBUWliUjI3S09qNjhjSkVZZnltQnJDb0ExNVhEM0tpbU1ZVmdZMmFQdWhyaGdyTE5mQXdzR0FDckVRR2d6aTFnSFJieVlNaG9zMWhNcnN2VVRKWkh4WHg5cTBFREFUU1Y4clZud0JJbl91YlFFYWltalJSeW43RGQwWGVqaE9WejBtRW92VzJES1dGcUNMY0dGUFVOZlBYSE1jT3RBeHV6cnpC?oc=5
2026-09-14 03:00,Seeking Alpha,seekingalpha.com,Arista Networks Vs. Celestica: The White Box Wins (NYSE:ANET),https://news.google.com/rss/articles/CBMijAFBVV95cUxOR1lJVzN0Z3d3dDE5NGNFZVI2ZnlhaWctcy1nYjQtcmpheTUxRWhUM1FJS0JielIxVHFBWENnbS1HQTJDOVVLaVdoVEJvSFk5UEVsb3V2NjZUYV96WXJmNkJRNlJXVnAyYkxQN3ltYTllb0k0R09ULWJodEJXZ3ZXV196R1RUR20yc1p1Sg?oc=5
2026-09-14 03:00,Yahoo Finance,finance.yahoo.com,Should You Invest in Arista Networks (ANET) Based on Bullish Wall Street Views?,https://news.google.com/rss/articles/CBMinwFBVV95cUxOenBVWGpuaU9rUHpnX2xYZUFHTXVhUENQT3I3Zm9XRzIzUXJWUnpoTDJVeWoza0syZUZKbWF5ZmR4Q1RERnBGWlJObkxpZDcxa1k5M1loOTdsMFladmpwZWdERVpFYTlsb2Q3bjIyYnJQY3p6YXNaRmJ1dmpiZWtzTDhTeUFYYjRJTHFUNGVOS2c5amc2OHdONTRxWHF5TGM?oc=5
2026-09-14 03:00,Yahoo Finance,finance.yahoo.com,"The Zacks Analyst Blog Highlights Alphabet, Microsoft, NVIDIA, Arista Networks and Vertiv",https://news.google.com/rss/articles/CBMipgFBVV95cUxPTWpRaGV3Y0NGcG9VY09aSEZseFZUTUtwR3hYMXkxZU5iaDRqSnlwbTVfNlBQNXNkZ0J5WTJScjFZUUw4VFF6Z1Y2QnhFNE5pejFEMHhMMkhJTFctS1JKUTRWVW9yWVM4MHlqMzhtdUJyU2sxNm4tZEVlYVR4WGt4QVdJRlFGczJmUUZMYkRBdGlfOGUydnZKNWdxTThzdkE1TTNVSzBn?oc=5
2026-09-15 03:00,Seeking Alpha,seekingalpha.com,Arista Networks: AI Networking and EOS Drive Multi-Year Growth (NYSE:ANET),https://news.google.com/rss/articles/CBMi0wFBVV95cUxPQWFVc2Z3aG43bl9OT09RMTBFalBMNEh2R3RXVDFRV2c1VTlzTEpDbFJBaTNYeDZ0WjlObW1XT1lTa0s0Q1Z4aWJFZkk3QldfSlpGcHNGODJDX2gwNi1pLWVsOVBNZjJFTjZYay1GTDlIS0tVakY1elFYX2NWN3M3ZWZ6dmxzbXpVZmVQWkRFVVl3UHFsSUJzeGFxOHJvTEZ3WFA0VkJFZXM3S1p1TFYtN2xMU3FlMGRuNUhwYkRwSUFwZGpTbk5HZ2o0SUN1c0ctVUNJ?oc=5
2026-09-15 03:00,Yahoo Finance,finance.yahoo.com,Can Arista's Third Guidance Raise Still Make You Money?,https://news.google.com/rss/articles/CBMioAFBVV95cUxNbFRMdGNjcnlhT0RhMng2VFNPUGpqRllxWXpqNE4yNV82V1Flb2dRc21jTmU4YkVnZm96dFMxejJwOF9RY01mMTM1TFNzc3AyMEZpMjhYYzM2WnY5cDdZMEdwb1dBWndjNUlWY1Q3Um1NQ2E4TlNUR20xU0ZxdWVlR0JIRVVLS3B6MlZ6dXlZRmVzQnpGRXlycWFpZFdJSUpL?oc=5
2026-09-15 03:00,Yahoo Finance,finance.yahoo.com,Jim Cramer on Arista (ANET) CEO: “She Is Money and the Company’s Fantastic”,https://news.google.com/rss/articles/CBMilgFBVV95cUxNejZSZGZSZDRjdlNtWmxDcXNtRXkxT19VNDM2cW5tRXR4ajFBQ3NyekI3VGlkbDNLanc5QXNKQlJURU5YSlBfeGVNSm11OEcyTUVBOGFpZFRQb0lHSW9BR3hLN0hrOXh6cGpRWk1zRjRxMldxVVd4aXdJamxwUXJCLUpxWHZneXBOSWlQcm4zZE1hdjQ3b3c?oc=5
2026-09-15 03:00,Yahoo Finance,finance.yahoo.com,Why the Market Dipped But Arista Networks (ANET) Gained Today,https://news.google.com/rss/articles/CBMinwFBVV95cUxQTzM0N3NCeHgwMU5mblJsS1BPb3lXN0FuN2Y4bDYwd2tQaGFIU2JMWVEzNmdUb3ZWMEtWb1BVNWZtSm9kZzhvOVh2Q1BRQzhqWnJSLVNSb0NCQjRmTXZEeFZzYnU3MDYyNy1ES0RxbUJrYkpWa1djVmwyRzRiSHZEc2FNNkI0WUNIWFVnLTBmU1ZGQVhyZXhaYVp5RHdhaUU?oc=5
2026-09-15 03:00,Yahoo Finance,finance.yahoo.com,"Zacks Investment Ideas feature highlights: Nvidia, Taiwan Semiconductor, Arista Networks, Dell Technologies, Hewlett Packard and Super Micro Computer",https://news.google.com/rss/articles/CBMiqgFBVV95cUxNamxvdEE5Y3VBeTg4bG9QUDBZX3RKSE1VSERFUHE3U3E2emxfYmJlLXVzbkVodFRSaDR4by1LSkU0c2liUHZUVzRiTDAyZzdtb0wtLTY4RzJqOUVSZzFsbnVNSEY0U0xIQWdNREpfTzJYbDVEOTNzZ3VmNGVZV2pmb2xFYS1paFA4X3FsdS1qSkYxb1YtM3UwMUVLd1FKLWZtbHlYTWQ2ckczdw?oc=5
2026-09-16 03:00,Investor's Business Daily,investors.com,Arista Stock Holds Up Well Amid Weakness. Here's How To Capitalize.,https://news.google.com/rss/articles/CBMiigFBVV95cUxNSWVDQk02akFzWGVveDZ6NElsYS1aa3lkNW5BYW4tRHpqRlhRZENaRkQ0TmlEbVl5dENrQWhiMVVQR3I2R1dUNDl4U0ZTUlFTaUMwdDlaRVVYR0FBYTdXZmRnOWc5UWY3RnUwRHFVZXdkeVBHdV9GN1RfTFpOMDR0Y29pekxfS2VzaWc?oc=5
2026-09-16 03:00,Yahoo Finance,finance.yahoo.com,Arista Networks highlighted as Zacks Bull and Yum! Brands Bear of the Day,https://news.google.com/rss/articles/CBMipgFBVV95cUxNT1VoT0N3YmJuejhJQUtvWjBIS1VsQUVQcTdSYkFVM3hCbElFeHBLaWxFay00UFJzRWtRZW5tUDcxaGdPNVF4dmtyMkVlTV80dVBuOXNLZW1jRi0tVW81T250XzRPaktKWU5CZXlESEx4WTR1QWQyOEY2aVhzTVBLQWN6NF9oZkpMMzhxYVdHc1o2U0ktNDJPMUhQb3BEd2xpSW9McFJ3?oc=5
2026-09-17 03:00,MarketWatch,marketwatch.com,"Arista Networks Inc. stock rises Thursday, still underperforms market",https://news.google.com/rss/articles/CBMi3gFBVV95cUxPZW5yMmlSRWtDWVlmQTlPNS0yZk1aOWw2QmVtQ0M3MWxuNVNfZU9GOGM4WWQ3cWdfcklOWDRjbVZFb21WQWlFQkJwTWN0UkFYVkIyb1ZYYVp5dkpkQzhndjNCZUFpUnV2eWFjQkt1SjNBZVd6RXRYSUtkZ0ZPRG03SThiUTBqd21RbTZRdnBZMi0xOTVhS2NjLVBFTEJ0MGg5M1NGTjdIc01jWmZkRWJEcUFjcnA5Y19lNVlPdXZOR090RjUxZVdQaVI3Y2ZvV0c1bHlvRFpDR1Z3ekJjUmc?oc=5
2026-09-18 03:00,Yahoo Finance,finance.yahoo.com,Arista Networks (ANET) Raises Full Year Outlook As AI Data Center Demand Stays Strong,https://news.google.com/rss/articles/CBMingFBVV95cUxPdFdIZE9ZX2hQcTFrWWF2QWdEWXRseUpsZnpteWhuVEhXZU4zSWtHMmV2SWFLcHM3NHVLaTJhZXl3cVc2dnYwTEhEVl9fOXBpdTBHaDd1OXZFU01HN041R3NiNWFDdm9MRE5DLXhsTEY2My1VSGMweERZckNrOEU5YW5XamRPOHFzb1lGVXdRb0pRR3YxNUx6SlF1UXhuQQ?oc=5
2026-09-20 16:57,Yahoo Finance,finance.yahoo.com,2 Superior AI Infrastructure Stocks to Buy and Hold for 10 Years,https://news.google.com/rss/articles/CBMioAFBVV95cUxPejlBZjlvUHdlNEJWVjZLSFR4TEJneV9MMUlpNThhTHhrcjBBektCaEJQNFdYbmhhWVVjZDF0d3V4WTU0UkVvX1JDNXUxQnVYQkxWMEx4N3gzcWx2UF9PNXpqbjFtUm90aGc4cGcwUzdXSUhpNjVQOTJ3RHRwREJ1TmFkcV8wTW54akVLU0xsZXQ5dnFfZkR3YlVYTjRCdzc1?oc=5
2026-09-21 08:04,Benzinga,benzinga.com,"Broadcom, Cisco, Arista Networks And A Financial Stock On CNBC’s ‘Final Trades’",https://news.google.com/rss/articles/CBMizgFBVV95cUxNcEtiNi0tVGt4TXN3YlFRWjR1X0o2elFqa0xacVZqMXVtanJGbGtUR0dDejZDMmxKM1ZRVUNNRWtidU1PRkJsZnlSNGxPX0stZEZYMXhvQ0dnM2hRd1FOcWFjU2s4eFNSY2x0aTJVSFRlVVFQUmwtUGI2ZVU5cExsOWszN3BsNU9aQzZLRk9fd0VhbW8taGo5a0d2Yllha3kzanFMYmp6Vk9Iam1PVDZ2VmdBdEg3aUhtaHpVMHJEX2hNUWNfbTNCcEVLbl9IZw?oc=5
2026-09-21 13:19,Seeking Alpha,seekingalpha.com,Arista Networks Is Too Risky (NYSE:ANET),https://news.google.com/rss/articles/CBMieEFVX3lxTE4tV2xFbkZMamxTQmxUX1lFakhNZndycTVxOHQtVXhMNGpFMWVuYnA1N2E4V2J1bkJEYk5DZ3JfQjNCUFJDUmxvLVJhTTdsWVJHaV9xX1ZkQlBmMUl1aDVpTmFBY0xLejdjb1czbXdVeVp2VERVdWc4Qw?oc=5
2026-09-21 17:45,Yahoo Finance,finance.yahoo.com,Arista Networks (ANET) Surpasses Market Returns: Some Facts Worth Knowing,https://news.google.com/rss/articles/CBMipAFBVV95cUxPLURPRXdwVXZsTXpwdUdENEI0WnA1Y2IwQ1A3OEJraVc0Q3hIbGFQdWJwN3lvMWRJdVZMaXFoV1lycUxOYVRHMUpJSXJnRWFsYnNZVHFUWHdDMnBBUmZuZGFxTi05eEtGUzhzX0Q5RGx5aG5paWNKMGIxNEdrYXM4MVRIX2dGR3BlYXpDYnk5czVGNDFqaXUxQVVBN05mNU5HSDUybA?oc=5
2026-09-21 21:08,Investing.com,investing.com,Arista Networks director Andreas Bechtolsheim sells $59.7m in stock,https://news.google.com/rss/articles/CBMiygFBVV95cUxPQUhNQXZLYkV6bVM3VGczSTZENWhDUlc2MEJzcVJjODh3TG5VTE9xU1VoeWwxSGRPbW5lWWtvRHRuZl9lblc2X0UwSW1haTdfZDlOT0xNTmRXU2cwS0ZYSkU0M0czMFpJak1ISngwTEN2VEc1VWZXZ0U5VnJWdzFiZ0JGeXN3NTBpVjVzNUNLSWxjNHhzd0xnZ1NHV3lodk5DZWhNMnlXYXVCblZzdmJQOE9Ba0lPLW0xUmRnMGdLZllaTFowTTVfS2Vn?oc=5
2026-09-22 00:36,Yahoo Finance,ca.finance.yahoo.com,"Arista Networks, Inc. (ANET) Stock Forecasts",https://news.google.com/rss/articles/CBMikAFBVV95cUxNNlN5Qnl6Y3F5RXVRNzlWMjJBS2hMT3JVNmRkLXhhOFNfejdpN3c2WmwxWUdiYVVQQjdUNXFWWHpYdXViVF92UnpsRmtIZTd5RThTM19STlNPOEJSXzNuOEVxdTFkUDc2c3hqOVBlWlp1RDF2RG5yazFmNXdGUGplV0VOdHZKUG9QMldMRFB4U3o?oc=5
2026-09-22 08:21,Yahoo Finance,finance.yahoo.com,"The Zacks Analyst Blog Highlights NVIDIA, Vertiv, Arista Networks, Broadcom and Hewlett Packard",https://news.google.com/rss/articles/CBMiowFBVV95cUxNTlRiNVl3LVlEeDZfc1EwQzBJaVZ2cUVqblpWRU9BVU1zcEdtTF82TDNPb05Xc1NMZTZESTZSODFWSnMzRFVpZTF3REJ1MHNLN21DZkFCVU01ZGdvVHA2Z2ZFYW9tRXQtV19JeDRqY19wcjdkN09IcDZBcGpaNlJ5Y2gwZGFMU3ZsbEtyLV82ckRmc2FfdnFnU204N0lOVFdTVUpF?oc=5
2026-09-22 17:02,The Motley Fool,fool.com,Prediction: Networking Will Be the Next Bottleneck Within the AI Supercycle. 1 Growth Stock to Own.,https://news.google.com/rss/articles/CBMilwFBVV95cUxPNEYweUxKeTl4em9LcS1qUVpWOWFZdWlhbTdiY3VrVmp1MXNnTnl6dmlWb0lLcnhCQjk1ckl1STNGUE85WEtrRG9LSmFTSERMMVhRR25QYTBXYkFqclBZakNYYVM2Vk1BNXhTTWVKY2ZXWHhmUHZ4aTA3TVQxM3BOTTRFNDhFV2Q0Z3A0UjVlOEJReF81ZmY0?oc=5
2026-09-22 17:45,Benzinga,benzinga.com,$1000 Invested In Arista Networks 10 Years Ago Would Be Worth This Much Today,https://news.google.com/rss/articles/CBMiswFBVV95cUxNekk2SkZuMktlZUFjMUtZaWI0Y1cwV25yV0tESjg5bktEQjBxYlR3cG50UUprRGtxb0ZJMk5UNldZMVptcGZFc2hoemItaWpXalRyMk4yS0dBSWI1Qmlkc2ppY2MyRFROUkFCT1ZPXzFsdnpVWnlRVlJWbl8xNzZ6UG5HSHdyNUVjdktwZzR3NnQtejlnS3dHRExJODYwal95Yi15b25TaE5vanR2NGZjR0gxSQ?oc=5
2026-09-23 08:42,Yahoo Finance,finance.yahoo.com,Madison Mid Cap Fund: Realizing Gains in High-Speed Switch Leader Arista Networks (ANET),https://news.google.com/rss/articles/CBMimwFBVV95cUxOVFptRkNWRGw5cVRKS2ZMLTZiRTR6UWxBNTN6ZXgxYVhEcTduMDBYWDBZdUlFY3I1cDI1cG5QemJyNDFtYlh2djFXWTB1SWxRRkVZbms3ZUZ1emdwTzF3SlVJekoxaERJVlA4amZLWUd2MF9HWS1nRVJBU3FkNTJvYXhqWWpiUU1odm4xWi1mUjFMLXhBY0NZd2JuTQ?oc=5
2026-09-23 19:46,Investing.com,ca.investing.com,Form 4 Arista Networks For: 23 September By Investing.com,https://news.google.com/rss/articles/CBMiogFBVV95cUxNdjd0cnpfMjhjbUpUS2N6c0RPUjdFYUNlakRpSG5BYkdaX2Q3Rm9ORDQySXk5dVBiRkpTc0xuZTR0RDIyR2NKQ0lHaXVqV1JfaWNvYVExZnlnVUFuS3dFWUlCb3ZUY0ticTVKQjNSVVdFWnptVzFzRnRONDQ5LUF6Skpva3REbUF2UnRPOHdxNFJsRGJId3JYc2paeUI4REJabFE?oc=5
2026-09-23 20:06,Investing.com,investing.com,Arista Networks president & CTO Kenneth Duda sells $8.8m in shares,https://news.google.com/rss/articles/CBMixwFBVV95cUxOcVdMWlNIbTdhOHRpY09pamhGMWZZZ1dOZjhVRC1oZ1hYNFNjcVhIZnBRdkZzYzlhWnBMWFpoVmtJNUc0UnZ0TGNtU0FISm9ZNUNoUWotM0hzcVZtclF1RXF3SWE4SzN4QmtCMkUyTWpUaHFONHI1TWszNnhfY0NqazV1aGF3UEpmbFJtRkdJYkl6Z3NzMUcybjdoSGg1VHRmR280RTc0VmZJR3hPMnV0bWl2QmNlcVd3ZjJvQ2RyZW4zZGRmRzM4?oc=5
2026-09-24 16:32,MarketWatch,marketwatch.com,Arista Networks Inc. stock underperforms Thursday when compared to competitors despite daily gains,https://news.google.com/rss/articles/CBMi7gFBVV95cUxOUkJPUVdLTnNxMmdvXzR4elpzMk9KVWlhVm9lMDdld0JzaFZpWUF0NkpqdUxZaEFlZHhISjl5ZTZtTUJ2dkJyVEpRYjdNeGNhR0NmNk5HRGxhNEVlcVNKWmRoY3FwYmxEVWczVW9yZTl6Z0U4X05SMXM0YTJfdmd6Zkh6SXBuMk9LdmJwYUxXVW1MbWlpbXlKVS1NSGxtVkRpeU9LTVVjbmszOVZSOEJxeHlhX21hSmgzWUFXWU9vMkhfUWZTVjdyUWlLWlBKZDFlRWNlZWszUU4zOVBxQklhemc0clZBREdfbEYwNnZn?oc=5
2026-09-24 19:29,Yahoo Finance,finance.yahoo.com,Is Arista Networks Stock Too Dependent On Demand Holding Up?,https://news.google.com/rss/articles/CBMiogFBVV95cUxPTDZiYTliM0VCZ3k0WnQ1cVRxM1Bsek1IQkl6NmpERWlWeW9QX2lyV0FCOHhUNnFGWmpUQVNyelBSME03cXJCdHgtVEVWcTlaU0UxeVpsT0x0RGF1UVY1ZU9iV3hJc0dRdWI2eGhGUlMxbEMwLXYyQ1lXa3BWMlU2TDg2WGx5ajZZQWVoUk15Tzl0eXVBVmVITjdQQUx5OWh1T0E?oc=5
2026-09-25 00:24,Yahoo Finance,finance.yahoo.com,Arista vs. Cisco: Is Faster AI Growth Worth Twice the Earnings Multiple?,https://news.google.com/rss/articles/CBMilAFBVV95cUxPTWt2VEpmbzA0Q1puUUVGQTlzd0UtMzl1N0hDTTlHTVdkQjRQV0ZjWFJFZjlXa3ViMVV0Xzk3Q1Y2eTROc2gwanhmQ1BYemFFVFZ1dDlEcHdfU0VMemZEOE1zMnVRLVZTNFZhRzFFS291VU5PN1dpU3BZOWtSRU5BQVZwVXp6dlpfTlRFRnF2TmFJZEVu?oc=5
2026-09-25 10:10,Yahoo Finance,finance.yahoo.com,"Arista Networks (ANET) Draws Fresh AI Attention, Is The Stock Still Cheap?",https://news.google.com/rss/articles/CBMingFBVV95cUxPVjlrcF93QWx5X21NQkVqdFJPSEhDbzg2aFZBc1FtcUFNeHZqUG9sc2xzUWZwT1o0Z21jc3VteG1ZWWtfRW5lOGUtREx0b0x1aWxHVkdIa0w4aWx5SHJFTFJDc0RoQmcwS0dmOEdZSFNZNi1HN09Zc2J3Zkt4YUNZNUNORVNGSXJudkprcGg2Zi00N2E4RThaQUdxWHFVdw?oc=5
2026-09-25 16:41,Investing.com,in.investing.com,Form 144 Arista Networks For: 25 September,https://news.google.com/rss/articles/CBMipAFBVV95cUxNeHVQUndXaXJ3cXdONkY1YmwwQXRHVmJMZFBJaENDd2tUNXBfMVNBNVhvQXZDWGRiQzlVaXdVQTN3bW9oSk9NTS1YcGVHRUszamtPOFFwX0N5ZjJIWHVWSW9mcGo0OWhiSTBsbUtfbkkyY0xYV3AwTHpHN3h2Zm9nTzVabVN0bnkxZkZudm1pS3RKQ2h2RkxOMDJUampCRUVVMXZ1ag?oc=5
2026-09-25 19:24,Benzinga,benzinga.com,"Arista Networks Inc (ANET) Stock Price, Quote, News & History",https://news.google.com/rss/articles/CBMiS0FVX3lxTFBBbUdxTF82ZllBeDUyOUszU0R3b1BWOXA5ZFFTcENURVVwa1lmcjJUU1FobmltZlVONVBvWEpBUWRCeF93YkhnMHFBQQ?oc=5
2026-09-25 23:49,Fortune,fortune.com,Arista Networks (ANET) Q1 2026 Earnings Call Transcript,https://news.google.com/rss/articles/CBMibkFVX3lxTFBnd0lra00wYUNPUjJiSnNuMThXcnpUTnFybDZqRHh2a2FySHU2S0tKdm81MXlRbEJaWEZPVFF0eXJ5N3Qzak5ZNF9mQ0tHd05ObEstRE85Nm4xQW13LUp1OS1zNmdCek85R0l6YXB3?oc=5
2026-09-28 11:34,Investor's Business Daily,investors.com,AI Stock Leader Arista Eyes Latest Buy Point With RS Line At New Highs,https://news.google.com/rss/articles/CBMicEFVX3lxTE9VTXNLWU1yV1NUcnJIbUE2LXZWRXY4TTVDaHp6WkZMSmdMWGRFVENVUnh6TGsxQmxlWGtWQndqSHJKOWY1LXAzWmJFdm1ELUd0dlVTOGowQ3ZIeks5R1IzcTBnTF9pNUc4WGdJcFV6RTg?oc=5
2026-09-28 16:20,Yahoo Finance,finance.yahoo.com,Is AI Turning Networking Into Arista Network’s (ANET) Next Big Moat?,https://news.google.com/rss/articles/CBMiogFBVV95cUxQa3pzd3ROdGJEOFQ0ZnZRbzBrWUFiVUpzYllmZ2cyal84bzNtbTBGMldXZTRqeXp5RE5KRk9xNTRfQk5haEx0N0FvZ29halMySUpBcUFCODBLc1YtdHR2ODU1ZzlETE1mZjBpTS04TjJKVDBhZExrczFsejFndkZNcFppZVhxa3ZpWDFGMGZJcWF3RFFBeVlvQVVYSnlGdUQzcHc?oc=5
