Published,Source,Domain,Title,Url
2026-01-05 03:00,Barron's,barrons.com,"These Stocks Moved the Most Today: Chevron, Valero Energy, Comcast, Tesla, CoreWeave, IBM, Coinbase, and More",https://news.google.com/rss/articles/CBMiZEFVX3lxTE16a05TU09KZXBvdzBhWEdCMlM1ODZlRERLN0MxOGY2RlhyVW4wR1JFLVpXVk5oaGJtVXFDUmlEMHhFQ0RKUUtfWll3aFRvRGhOY2tram1kT1JGbUNYSmF6VnYzYk8?oc=5
2026-01-05 08:30,Barron's,barrons.com,CoreWeave Stock Gains. Why This Hater Just Upgraded the Shares.,https://news.google.com/rss/articles/CBMihgFBVV95cUxOVHBYcVhISHhEMFJ6cTV0eElCT0dsUUN0SDRDbnNZX2ZWdFBYM1o2MXNiaFlMRWEyQ3hXaU42ZjFRbTRRZVZvTk1YQlZnMHFwbGxRN2dOb1g2RWc3V2tvdlJSQV9uWVJPWlpJTHhsTTF6TkNqbkFpelZpdmJtdTltYzd4SjJjdw?oc=5
2026-01-06 03:00,Business Insider,businessinsider.com,This investor blocked the $9 billion CoreWeave-Core Scientific deal. Here's why he expects that bet to soon pay off.,https://news.google.com/rss/articles/CBMiowFBVV95cUxOWVJxdEo5M1JvTnJRS1E4YmxjdC0zbEFxcmtEYnRjSXZRS1MyOFd5MmNQelNfYTRiZ25WM01KV1d4Rl9Wc0hVV1JKWUVqUG9GaUdZUk43blJHVllQcEV2WVJqRDBwQjk5V2NYbmQzcUVLSURNZHlTay1BOFl1aTNoQmtyNWI4dTcxWHVXbEEyMFFlVy1fdWRYTkRJQS16TkNpZjdr?oc=5
2026-01-06 03:00,Investing.com,investing.com,Truist Securities initiates CoreWeave stock coverage with Hold rating,https://news.google.com/rss/articles/CBMiyAFBVV95cUxOaFlfUHYtNFhwVE50R19MVXBZc0h4dDNsaTd3ZGJ6WmhCTGR5a1hwTnA3OEZCMldWdnVaNERiMnVVd19XcmwyeUg1c3psS1hqZE9RcjhkME1Gd29zdl9nOElWeXZCZHRTRGR0NmFTdnRWOXkyRS1nYVpIUThacHdVWmZjbDdIRE5ySnAwdGJtd0VMTWxaRnotdDVTQlZBOExFMlVIRnNBNkRUYTVmdGtpY1VXUVh1LUJFUVNuQVY4Xzh6XzV5czZOSQ?oc=5
2026-01-06 03:00,Yahoo Finance,finance.yahoo.com,CoreWeave (CRWV) Valuation Check After Mixed Returns And Price‑To‑Sales Signal,https://news.google.com/rss/articles/CBMiigFBVV95cUxORFRLaDVXcXRIbzJSSUMzTFBvUzhEOUxwSE93VGlMRFgzYmhIQ0ZDbW00WV96VlcyWnVlYkhBOHBVV1AybFNTRXR2ckswdHlEZlNVZ0pjV3BFVTZ1TzNmU3F5ODJYRzJpNVE1UjBieDF4WWxTMFo4Z2VxOFd5cks2R0xCVXVkRE9zLWc?oc=5
2026-01-06 03:00,Yahoo Finance,finance.yahoo.com,"CoreWeave initiated, Shopify downgraded: Wall Street's top analyst calls",https://news.google.com/rss/articles/CBMikwFBVV95cUxNTmRnQ044VklLY1V5cEFScUdQem8zRDIyVkJGVnBIR0NVX3JnMG5Lb2c2N21hRWVZRGE0WjhmYXVFTmR3MjB6eWlMSzRZN2NnZ1ViSDA0T2dJaHRJOGVVRUVaYzBhWHVkbFFfSm1NTHl0Qzl1RkFxWGlSWVJ1WEFqaU9xLUc4Q0ZiWmplalp2QnA3LW8?oc=5
2026-01-06 03:00,Yahoo Finance,finance.yahoo.com,CoreWeave: Analyst explains his 'reluctant' upgrade on the stock,https://news.google.com/rss/articles/CBMilgFBVV95cUxQV0UzUXRtTVY2dEVoSFpRLWlTUUpGenhIZnJzeExIbHhBRkdVUkNxRV9XMzhFZDU3a3hLQ0ZoNWZLdHpOR3lVM2JkaTRVSUJwUVlVdmhLb0ZuZEVQa003ZE9xSFJjMnQ2OHl6TWc4UTNCSDVpdmR3dHNTMlNYbkthbzEtdjJvcG1fcTlWMWFUSXo0emc2OEE?oc=5
2026-01-06 03:00,Yahoo Finance,finance.yahoo.com,"Is CoreWeave Stock a Buy, Sell, or Hold for January 2026?",https://news.google.com/rss/articles/CBMigAFBVV95cUxQMnpOWUNRYXM4NFFGdjJ1Y3VJcV9TU2xpSGtCcEM1OVNlZlBaTG9QamxCbTZfeEtST3FfY2dKeTY1ZXFHN2VSSXk3NDJZUnFNbE9tdUE3WWhxaTVTSGJrOERxbFVwTlBfbVYzVjU0VjctLWY3TWRlT2hndnZoR3k2Vg?oc=5
2026-01-06 03:00,Yahoo Finance,finance.yahoo.com,Nvidia Has 91% of Its Portfolio Invested in 2 Brilliant Artificial Intelligence (AI) Stocks,https://news.google.com/rss/articles/CBMiggFBVV95cUxPTE1VajBCQnhkUXd2R1RwVlhMNlpvYVIwbEMyOUFOcWNaMEN2M1JFYUp5R0NnVTFLY1dxaDc3Z19MdmZ4ak1mbUpzVko3MEJnMTV5dVVLUUFNU01UN0ItQi16dHVQbWpPNU1tUlU1RERlb2ZsSUNsZllXTk5vMFNSMzJR?oc=5
2026-01-08 03:00,The Motley Fool,fool.com,Undervalued and Ignored: 2 Artificial Intelligence (AI) Stocks With Market-Beating Potential,https://news.google.com/rss/articles/CBMilwFBVV95cUxQNTJtQ2pvblUzQjBydG5VaUtUeElINlEwdmEwdzYxZVVIMUFZUGYtNk5KZk1DS2tPWkFpN3o3R05UdEpSV3Z4a0xzVmdyMDFaMUZsQW9BTkZKcU1wb0trR1NTVzF0Si1TQVpsTmdkLXVjZE01VXA1ZjBseWtXc2Z0WGhwaWdjcWxmY2J0WWNKNFRZdVpxTkJv?oc=5
2026-01-10 03:00,The Motley Fool,fool.com,Is CoreWeave Stock Yesterday's News?,https://news.google.com/rss/articles/CBMigwFBVV95cUxPM25sYXVObTl3OHluUmkzSV9FLXlCZ181NzRHWVlHeTR2MlEwaDdISWdxbW1KZ2wxOUQ3d294VklyZkR1YUZTXzNFZzZWZVM1MVZ6ajAzTEpQcE9qVVV6c0JyWkx0MUgySnE0SDlUVTYxZWhXbC1vZnFocXhKTC1sQ2ZqOA?oc=5
2026-01-10 03:00,The Motley Fool,fool.com,Should CoreWeave Investors Worry About Michael Intrator's Latest Move?,https://news.google.com/rss/articles/CBMilAFBVV95cUxPWlllY1ktcGFXajhUOVNXdTNpenhBMC1ZQi0xWjBRcHlldVJ3NTBuRDVqSGlkMGZqbDdLeEV0VmVNNFF1c0gzNFdmNkpXSFNIRlpob0VfVUxjTUJqd2E1RHJjZC1WQ3dxaS05bTlFc3RoYW03eUs2R1J4VUx1RTgwUVlqWm5NVF9NNnRvOVpNNEdmMlNQ?oc=5
2026-01-10 03:00,Yahoo Finance,finance.yahoo.com,CoreWeave (CRWV) Emerges as an AI Infrastructure Stock to Watch After Truist Initiation,https://news.google.com/rss/articles/CBMijwFBVV95cUxQNUVMTTdLaC0zVFBUSlU0amRBMWY4UndwSXQ1eC1sS3NKZHVLMUIyUWFLZzJob2JIenJoT1lwWjhjNFVUTGQ2R0ExTUFkSHFyMVZwNDZQelQ0QVdTakpSZldXaTJWNFlFc09XM2EtSkUxV3JEUUVyd0FQTGFWcU5FT3FyOG5fdmxmc2tJNm00bw?oc=5
2026-01-11 03:00,Seeking Alpha,seekingalpha.com,Why I'm Still Bullish On CoreWeave (NASDAQ:CRWV),https://news.google.com/rss/articles/CBMif0FVX3lxTFByMUxub0FSWHVSS2ZzXzMwb3hLWnJ0MXpwUUpmRFVVMkdiV0l2eHpfYjQxSFhsRENXV1RoNXQ1U19fLVpiN29NWFhGNDM4QlJjaklfWmZuZmdRN1loYXJjR3k0ZEEycUZtWWJ3UURBdXJkeXQtYkdGY2RrNDFPek0?oc=5
2026-01-11 03:00,TheStreet,thestreet.com,Brad Gerstner breaks from the crowd on one AI stock,https://news.google.com/rss/articles/CBMikgFBVV95cUxNUm9LUU1QLVJ5a01wc0hEMVRJa2Fjb1lUem1FNjRPRlhqYmtnSDNTa2l5dUZaOGhJaGNmakV0X2VBRENzcmYzLU5uaUkxdzRHeWZnUXhDQnFHdk9WbXRmQWhxTlNOOXV3QkY5SWdWbnduTlZDUlRKNzZRdDgxSk1qa011WGszRFB2bFpJUi1iZUJndw?oc=5
2026-01-11 03:00,Yahoo Finance,finance.yahoo.com,This CoreWeave Rival Could Double in 2026,https://news.google.com/rss/articles/CBMihgFBVV95cUxPeUt0YlFGUGZ4NU1kTGhKXzl4Wkh0SDRIMzQ3ekNWVFBiY3pWTDRURkZIbmE0bDBURlJGZl92eGVGbUE4NmtBY0JhYVlvbS1nZDAwcDRRd0dhTzZRZ2lDeC0zeUJaN2lrWTlxQlFSMWh4M3o0ZzllcnBxUGJ6bVRraEVycGZlQQ?oc=5
2026-01-11 03:00,Yahoo Finance,finance.yahoo.com,"With 30% institutional ownership, CoreWeave, Inc. (NASDAQ:CRWV) is a favorite amongst the big guns",https://news.google.com/rss/articles/CBMijwFBVV95cUxNcFNiMjAxZXN4M2RrXzI2N0diOUVNeWZnN25pRVl6ZGRydWRMRWVFbHZGcU9jd3RQVXhwQWctYTIxSmlKMmp1VHZicEtHNnhGRHZuYUd3cXp3U0MteTFzWHZ0UEo2Qk5ORHlJMmE1QlN0N1ZkSkgtVkI5YUl3TlE1Ym50QnczMk1GYnZoRjU1Yw?oc=5
2026-01-12 03:00,Benzinga,benzinga.com,"CoreWeave CEO Calls Nvidia Circular Financing Claims 'Ridiculous,' Says Stake Too Small To Prop Up $42 Bi",https://news.google.com/rss/articles/CBMigAJBVV95cUxNZFd5NUVscTlXdlRCTkE3NUE3UTdURDlwYUxvd3BlQWE2aUt5ODFrWlQtWnBGbVVGVU9hTjFMamFYS2VvZ0RxVEIzMXVvVlRtUmNwa1A4Rk1xM1E0VVlpcmxFWnlBcTJQVVFFOUNOcGhtbWZJM1RLcDIwTzIxcWRJaFFxS2xlYUo3U3NBYkFldGpyXzdLZ29sNFcwZFlELTAya202cXZkZ0lva3VBU2NNbTFkbmtEZkFNSzc5dFdtdUN2QVUzSWNSZlJvZFBQZGl2eTdTSHZBelE0Q0d1S0oxWE15QWQ2ZjR2UmFmd0FDclpSdVlPMExHVE9XWGV3ZHdG?oc=5
2026-01-12 03:00,The Motley Fool,fool.com,"Investors Are Panicking, But Is This Stock Actually a Screaming Buy?",https://news.google.com/rss/articles/CBMimAFBVV95cUxPbVdxYUJkUVhuT3ozeG05bkFlTEtraHRzYWZuMHVaM0xNME00a1c2a0w5Z2lOMVNCRHpoSDlsYU16VG5LN0JQck5ZZ0ljNS00Rlp2LXk4aXFIeFFaNFhLd0kzRmItMkhZRlg1X0EtMVZDcUJqT2NNSjZtUEVsWUp2RzhpaHJlY2RTNnVTY19QZ2V1VWQ5THF4MA?oc=5
2026-01-12 03:00,The Motley Fool,fool.com,"Stock Market Today, Jan. 12: CoreWeave Surges After CEO Rebuttal Restores Confidence in AI Cloud Model",https://news.google.com/rss/articles/CBMi8gFBVV95cUxOZzVFbkhiUUV0cWVSbmxmNl8xbnozdDBhaUp6QUdCdUNWNWVVQ3FmdXVtLXotcGhjX3g2TG5GTEc5Ny1wMEZ0WGxPZ3pnTi1pVWR6RW5qeVU4a09fWjhYVW55MGJvM0NPZmg1QnY0NG9OeFFNWmZrb1NxU3F4UFNxTlR0QVBtNkdFSmtWblNET1NNRUs3LXhQc0plbTZkM1hvMnZhNzRVaTJEeTVXTUdXWWRCNEdaeFc5dVAzOHZ3ODBZSU9UMWhUTmJDVGlaUFp0dlgwY1NDaGVEb21ndUJLSi1aUUlEQS0yMmJMOTVpeGk0QQ?oc=5
2026-01-12 03:00,The Motley Fool,fool.com,Why CoreWeave Stock Popped Today,https://news.google.com/rss/articles/CBMigAFBVV95cUxQQnpFay1IWUsxRUpDYjF1VDBabll4LW1LM244VkplNzJQV2RaSzliWGxQa2c0OXNTemVqYzNsdG42WkJROHFqZUFxdmdobnR0TkxvNG9EQUpvR01QWjkwQTBXcERRc1Z6UWlaQnBNQklwZk50UEtGRnpzNmx0NG51UA?oc=5
2026-01-13 03:00,Forbes,forbes.com,"CoreWeave Stock Is Surging Again, Here Is Why",https://news.google.com/rss/articles/CBMipgFBVV95cUxNMGNhZkhOWTJqX29rbjdUQnppWHNmNWl5Wm9pY09XZDN0Q0liTnpLU3pwdG1tSW9sVEdGRW8yTkN6LWhPNDRseVhWX0FMb0M5b1VMNEJ2VDdJZ01EZTIwUDBIS1pXZHJ2LW5yNUwtQzl0OTQ5b3k3WDhMVXpzb2FNS1JqQVY3OElXTGRVV2Y2WVpYOGFNVDgzaWp6dWlndjJicFFoU1Jn?oc=5
2026-01-13 03:00,GlobeNewswire,globenewswire.com,INVESTOR ALERT: Class Action Lawsuit Filed on Behalf,https://news.google.com/rss/articles/CBMi2gJBVV95cUxOR2F5azJDQURDU0RkNHVFT3lfVWR5VzI1V0NWN004MGZpNTZ2NDhwWFQ2RlUzZENDRjkwSnFnQ0RiY3NSQlRuVEkyRVNtV3NCeWJFQUdFeWlZYjFxaXNJczVWWlZnWlZVZ2ZXZ1NIMlJqWnBrdVRhQWd2TDVuU0pZS2hYUmlISmFjdkNySWhqNlU0M0NMdUFNOVRsS0FVeGtaYWp2S2psYXM2aVZSV1BWUEg0X1JCZWR3Vk9pSFB4NF9XSFE4RDU3QVlmLXNFU0dGMDM1MVZkd21GeHNJcTk3NWFJaGVRVTJvZHNURkJZcGpfenp1NncwZ0lEN1Y1eFV5dXp3ai1aRlVreUg1UnBHcHJmXzZrTmtsTFJ0cmlwZHQ4S05DMzkwRV9FdHVjdF9pOHh0V016aFh5MkZkNk55VWxsMk5qU0dmYkNfMUVmTFpEQTRfZFFBMkdB?oc=5
2026-01-13 03:00,PR Newswire,prnewswire.com,"CRWV Investors Have Opportunity to Lead CoreWeave, Inc. Securities Fraud Lawsuit",https://news.google.com/rss/articles/CBMizwFBVV95cUxQREp5Ykx2R0ZWWGdUclVYZmZjZWhiRG52WE1kLVgyMFk3SjRjSGN0SXNxUVJzc2I4eVVlUFczU0tWWVhObVhfNldZaHA1UjZaT1BFUzg3ajBaejRsV3VRSWpoU0FBQzB4MEFTTmlyOWlJNUpkcW14YmhIRDBzNXo5Z21HZ2dfOWxidnlfVjd5WmdFendNZno4cWpKVTRfTlJwdWtEYm5OSTZQaTU4M19xbm5HcTBMUGh6ODZBZThLclNyRFVBMlo0SEgzMHg1Nzg?oc=5
2026-01-13 03:00,Seeking Alpha,seekingalpha.com,CoreWeave: The Devil Is In The Details Of Its GPU Defense (NASDAQ:CRWV),https://news.google.com/rss/articles/CBMingFBVV95cUxPaFk1V2I5M0NaV3VWdHhHdmMwSlgzMnpkLWgwTDI2VU95SWZ5R0w3ZWNJbDVxWVZpNi1EVW5aa09HTEZ1R0FnMXdNc1M3ODVvYVpEdktZc1BpdFpVUkt2NkdMSGJuS09kdDgxMHBLR0lOZk5fV3oxXzlDZ2hwcGZyQnJYbExON2dPOWdZUjIyUFJkUmRaNndLRE5WZjFBQQ?oc=5
2026-01-13 03:00,Yahoo Finance,finance.yahoo.com,"CoreWeave CEO Calls Nvidia Circular Financing Claims 'Ridiculous,' Says Stake Too Small To Prop Up $42 Billion Company",https://news.google.com/rss/articles/CBMiiAFBVV95cUxNN2RwVTVxWktTYndxRVVUc0tiX2JBUGZJRGdsdEJqWHZDRkJFb1l0OHBxckFnODBEc0VEZFNCS1h2WnRLdktJWjFhLXR1YVdzRGE2NUVsTVdrTGRRa185Y3BIb2MzVE82NXU1c2VjbkZZV3ZmdU1PVTZ3cXJHTEl3SnV2Q0Jlakxf?oc=5
2026-01-13 03:00,Zacks,zacks.com,"Zacks Investment Ideas feature highlights: CoreWeave, Amazon, IBM, Nvidia, Nebius, Astera Labs, Intel and Advanced Micro Devices",https://news.google.com/rss/articles/CBMi9AFBVV95cUxOY09hMl9NYzJNSXE5Q0d3My1oV0pNb2hxSV93N2ExYWVMR1V0bnd5MG9ucnpWMFo5LS1HTnhkYml2d1JCRTJFUzZfcWtZVERnOWt1NFYtbFZRZXJLdWluTzBzNkpOc1pIUUtmc2F3S0dfRWtNVEgzUEUxdFNCb2JDLWdLZ3F1M2Z5MnE0a3JvYWVaWWhmOWZaUDRuUTJIMm9vbVJ3N1BVcWVPcW9sdWdOS0hNS01jTkx2SlozbzZJU051TjVYMk1wSHhfeDRPbk5UUnlLYjdyc1JBc2gwSHZ2TkJhU1FldFUxbG1Oc1MwZ1VqeGRw?oc=5
2026-01-14 03:00,Business Wire,businesswire.com,"Securities Fraud Investigation Into CoreWeave, Inc. (CRWV) Announced – Shareholders Who Lost Money Urged To Contact Glancy Prongay & Murray LLP, a Leading Securities Fraud Law Firm",https://news.google.com/rss/articles/CBMizgJBVV95cUxQd244d2JtX2JwdU5SUUMzbTBwRXZQY3k3ZW1rd0ZhbW1jZFdNSXkzQmZmdWV6ZThnVGdVYkJkUEpRVWg2dWtZUFloYUctWGVQM1R1UGdEYTdfa3ZqTlVURnRYcGlDR0ctRkpoRjdUYnRfZVBlVzUxaEJUZENqbWNjSmFnSDk2bkdzNXJEME1hLWFqMVFwZGl3UzdySW5rT1lGU2V1aEpNTUswNmxibzVFeWxSS19CZUpEdi1BSDd4ZzN2TlRNbzVrQVNUeW12OENWNEtqdDBMczVQWkRybzgtWTFoRlRTdDN2cWFrTjhjM0YtTXhHTTNLM0JhSWFTdUJTcWJjWHJlRWs3MnJQRklYZUJFelJ3SGtLNVptd2VHWFItbWdnRUlCZTJCMTctd0pELUxxUi1aMXNRN19XN3pwRmNwYTJHOEVpZHM3Ni1n?oc=5
2026-01-14 03:00,Yahoo Finance,finance.yahoo.com,"CRWV Stock Beats Industry Returns in a Year: Buy, Hold or Fold in 2026?",https://news.google.com/rss/articles/CBMihgFBVV95cUxPR2Y4cXlUUGltc0psMmFKR0JuWGYyRkhNcnFZbEoyMWJUb3hkRk15dkZaMzZCRmZHVGo1M0JmUnFHazdZZTdHUWlVaHNRYmM5M0M3aXFwTDl0d0VrUkRDb09kN3lVQUhvREZaUmZWZG1jaW1kSFUwN0pwYjBmZ0NveklSb1VxUQ?oc=5
2026-01-14 03:00,Yahoo Finance,finance.yahoo.com,CoreWeave's 2026 CapEx Spend to Double: High Risk or High Reward?,https://news.google.com/rss/articles/CBMihwFBVV95cUxNYVNZWGJ5c3dEQ1hwWWZWekVhRzJEUlRaZ0p2NXNOVk92NVJUbHVLVDRrUWVpTEhkdG9GZ0xIRVNJYXNvRF9wTnlNeXRjZXJwdW1jYkNlMmVsLUluaTdodDhKTFZPSUkwMk85R3NBcjdENzctLXpHMzhCZDktaHlzN1haU1hEdXM?oc=5
2026-01-15 03:00,Business Wire,businesswire.com,"CoreWeave (CRWV) Faces Securities Class Action Over Denton Data Center Completion Delays, $14 Billion Market Cap Loss - Hagens Berman Investigates",https://news.google.com/rss/articles/CBMiqgJBVV95cUxQdXZiRHhXRGhUclFJVDVNOEljTzktbnNaY2F0ajR3WmNTTHZJTDdhTkhzOXMwclpZdGNuTHhOZkgyZUN2MGVzSmdsdy1oSlIycWEybzF2OURfNkM2d05GX3pVeFRiZ1hWbWtHOVpaaHc4NnlUeGVlenBxWU1vSms4Wk5NS0lYeDBVb0s1Z0NzRko3M2RQS0ZfVHc3QTJLN0lnMFc1cnl6VVY4NDVuR2FIOXc0dGJxYVc2ZkYtdWJkTmp4YVVlT3Q2V21pMFkzZUV4NWMwbHE0Z3NvT1lfOWJEWTQzSHZHOUpiVEVrVzZNY3ZkNHphZTBKSGxrRlZwOWtHOUpfYWRuM19GdTYyTU9ybk5uUFRzU3J3TzNkNTE1TjF2MlZEUmVyaC13?oc=5
2026-01-15 03:00,The Motley Fool,fool.com,CoreWeave Is Down Around 30% in 6 Months. Has It Become a Steal of a Deal?,https://news.google.com/rss/articles/CBMikwFBVV95cUxPVkVfOUFJelBNckNtdTRNVmJ5UXNEbTBEaS0xR0JzbDAtVzJUSWhPY0Q3UjBZcDBDTF94TEZPajBwa2dYNG5US2hVSDFteU43TjNtX3Z0MDFMVlB4VHB3ejhwVXY0SFIxVmNtc0gya19JdFQ2b1g2dG5nbFRXWGhQd0xUN3Jac3c3R296c0RPb1g1WG8?oc=5
2026-01-15 03:00,The Motley Fool,fool.com,Should You Forget CoreWeave and Buy These 2 Millionaire-Maker Stocks Instead?,https://news.google.com/rss/articles/CBMijwFBVV95cUxNdURjOEVXOGp2NjNDT1hwZnRaMUFBT2hvVmcyNkN5V295ZFBpcF9acjNMME1Zbk0xLXBQSHRHWnMwSkExYzZTcGpwSGhDd2JTV1A3YnNiMFh4UzV4NWM3aU9VbE9LNi1PTVAyN2lsRU5QUFVYZ1A5bDdnclB3ZjdwUmZPVXhCVHZ6YUxwaU9XWQ?oc=5
2026-01-15 03:00,Yahoo Finance,finance.yahoo.com,"2 Undervalued AI Stocks to Buy Before They Soar 105% and 130% in 2026, According to Wall Street Analysts",https://news.google.com/rss/articles/CBMifkFVX3lxTE1DN1prZHQ2M3RhMHBtYmYza2xfemNrbmZfYlFtTWZ2VnJycEpCanR4Z2tlVFJHRWJpSXllcVhGNjJDMU41RzVkOXA4V3R4dU9jU2NYSTFKVm0wNWVuUFA2VjRrMnRYeEoxQW9lYW13ck5wd1B3R3JUSGJ0Vkx2UQ?oc=5
2026-01-16 03:00,Investor's Business Daily,investors.com,"AI Stocks At A Crossroads: Google Rises, TSMC Sparks Rally, Software Retreats",https://news.google.com/rss/articles/CBMifkFVX3lxTE5GUXpWazJCelZMdE04MFlEeG1sNHFLWnhLcWJsWHYxQjRQeURNcnFod2dUUzM4TzYtVjEwVTNNRlZncXZ3U19PejRyZUtrNDhFU2ZJY2FrZlQyT2x6c0Nsci1vcjhpVnNQMUx6V204SXNzNkE0ZTNua2hvNGpydw?oc=5
2026-01-16 03:00,PR Newswire,prnewswire.com,"CoreWeave, Inc. (CRWV) Slapped With Securities Class Action Amid Questions Over Denton Data Center Completion Transparency, $14 Billion Market Cap Loss - Hagens Berman",https://news.google.com/rss/articles/CBMivgJBVV95cUxOZnV5cDdUeUxVYlB2MFZxLXF4bVU2eHBTNUJ1MDU1VkRyMGJKRlU5M1ZTa1BnUlN0VjY1cGlWMHBPczhSa1dfLXRvWld5VjRySFRFV1k3bERpZ3NMcHoyWTZTWXlJSHczbmo1UWlrZHFSYkJ3azFoTll3MGRkNXJTQnNIN09qMjNZNXRCSW5qTWFUVUZKR3JNbXlHSGxkVFJfS0RvLW9ZZTQ4VEJTQVpXZEJySHZKM2pjTVRULUZVNDhLR2lBdnZCakRfR2pPSGpPMnMxc0pFUFF3TmZsbGhfYnZaNGp2RENfZFNCQTlvQUwyQkFkd1gtN0NsT2ZIVE9DQjJGWldfT3pQZ3FRWE5UY3RSNkEtd0MtVmpvUlR1Xy15Q0l5SHFzV1VpV2dZQTlsT0VFZXRBQWJpMVZPM0E?oc=5
2026-01-16 03:00,The Motley Fool,fool.com,Don't Even Think About Buying CoreWeave Stock Until You Read This,https://news.google.com/rss/articles/CBMimAFBVV95cUxPY2VLVE1GMS1wTU42MWx0SDlkeWc5VU95TV9BZjctMVJuMEs1d3R1anFPQUotcF82cGQ4RGpGZW9yTldJOXJJNmdZQmp0SXdrc3FBY3p0WXdiM1ktVElqS1dkQjhMWTF6SFRGalJyS21hYWQ1bWhNdjY5TDE2UWpjNFQyUEFXRmZkZTg0NmJBdzZSa3NvWUZmTQ?oc=5
2026-01-16 03:00,The Motley Fool,fool.com,Why CoreWeave Stock Rocketed Higher This Week,https://news.google.com/rss/articles/CBMikgFBVV95cUxPYWFOQm1EVUNENkFMWDl6OW91MUQ0SWdBY0puUmZFb2VDWTl1TlloejBIRUwxekFqTS04bS11eWdkMFZEV3A0VmxZNWdCS1BvUC1TLThMRndxTjhIRkpzcFFPUnpSZXpMbS1oVVZtT3VuUkFaVFVBN3paSnJmVUpTaGs5WFhUVW1fcDhaejZWZVowUQ?oc=5
2026-01-16 03:00,Yahoo Finance,finance.yahoo.com,CoreWeave Stock is Down 50%. This Analysts See Big Upside,https://news.google.com/rss/articles/CBMihAFBVV95cUxOaE82NGtacW5kdlItVnAzZkdZZFR0LWtUOFdXaG9TWWJGck5lcm9ndi1tV3ZyaXlLb3Q0aTN2SGtBUDhnTXNOZGs2aWJhckJ6Q053YVZHU2FhMHI3eVhPNFRnMjNma1hvQkdPcVZzRnNHcXhKa2hFVEdjYW51MUt5WTJqT00?oc=5
2026-01-16 03:00,Yahoo Finance,finance.yahoo.com,Prediction: CoreWeave Stock Will at Least Double in 2026,https://news.google.com/rss/articles/CBMijgFBVV95cUxQTGwtOGdYUDVQR01XS0lFcEVQbmdjLV8tcHV6ek41V2Zmd2d6QkVTUG1GMzhoeGI3ek4tRktHdUhnSENTZG1VZTdhTVVvRzVyRkpWOGt2QkZBZUVPb1plUFhzVDkyZnFjaFA5RVU5c2Z6Qk1vM2c5TnNMellneExYM2gxTGhqc1NWNmNYY1p3?oc=5
2026-01-16 03:00,Zacks,zacks.com,"3 Beaten Down AI Stocks Gaining Momentum (IREN, NBIS, CRWV)",https://news.google.com/rss/articles/CBMinAFBVV95cUxQOE1Gd1ZMYnBuU3pyZU1zSXo4MGYzVV9QclV5UWkxVFltYjV6S3l5MF9RRUstWElvNXNFQl9kSHdzSHJhUXhMTzM3Y3pKejgta0NfNkVOa1FzN0lzWkhBY1J1S19ZaGViNG1YbzVzSkkyeWZZc1FibVlBX1puZEszNkZfWVE4eE85bmx0UzhLRy14UlMyQ3VQc3hBNTk?oc=5
2026-01-17 03:00,Yahoo Finance,finance.yahoo.com,Insiders Who Sold US$411m Of CoreWeave Made The Right Call,https://news.google.com/rss/articles/CBMigwFBVV95cUxQTVRCNVpwUV9ja09JV29BcWN4U0FrVWlWWlRxU1FXM2s0Wnh3ZzhoYkk4YVlNWVBSZ3RaRUVqRUdZb24yQWlXQnZicDU4anVqeFd4cVFJdXM4QzlfaDFoZExvajJPa0Q0dzE1YTJReHVucE5iT3ZNb1RfWHN4ckZRMnJqdw?oc=5
2026-01-18 03:00,The Motley Fool,fool.com,My Top 5 Artificial Intelligence Stocks to Buy for 2026,https://news.google.com/rss/articles/CBMimAFBVV95cUxPTWpVUUZPZ3ZfR053Q2VJTVdJV0lWU1lEMWtNeDNUa1hZQWZoWkxJS29Gbnd1cXp3WEV4NllXQl90U1Y4T3locHpsY1hmV3FqYnoxanhzWjRBRHBzV3VONng4NWpIbFBHUUQxN01GQVk1MjFlYWFvOE1DMUdYVzFGUlgxaUtvWXoxZmVzNnQ1dVkxTnhVanZuUQ?oc=5
2026-01-18 03:00,The Motley Fool,fool.com,Prediction: These Stocks Will Collapse If the AI Bubble Pops in 2026,https://news.google.com/rss/articles/CBMimAFBVV95cUxQRmwxU3dRMHYzY0pJT1F5MEhkZ1ZSTml5emt1LVlxMjc5RnVNWUdFZzk0TU1Hb0Y0djZ2dlpJa2ZVWE5fN2pBUnh4NHc3TzdjZUdqZldrc1RiWFJoeF82ZUJ5a2l2b0g2MndiempZSTZGTndCOE1vMUhkdHh1YnVIMU9BMTVGdTNhaWJrRXJzTC0zTzctVU5TbA?oc=5
2026-01-19 03:00,Seeking Alpha,seekingalpha.com,CoreWeave: Why I'm Buying This Controversial AI Stock (NASDAQ:CRWV),https://news.google.com/rss/articles/CBMilwFBVV95cUxPUzJnX1V2YXdaTGlKb3FGMkVmVWpFZGY3SXhXV0dvQmtBTWNWNEs3ZUlIcmozeFVFMUNSd0dfaF90cHdHdTcxLTloX1JHd05VTzc2LWpmMGVjanhmbm9KZ3NXNklVYlA0RXk2X09obUI2WUZOM1lhTmFqUzBoVm1kUWl0VDNWcGJGejFFV1RwOXR0Q1VYUDVV?oc=5
2026-01-19 03:00,The Motley Fool,fool.com,3 Artificial Intelligence (AI) Stocks With More Potential Than Any Cryptocurrency,https://news.google.com/rss/articles/CBMimAFBVV95cUxOb3pJTnhCS0RGV3dwMExic0ExOXVoOVR1bFZ6TmhrQjJ0RWRRRTN5SHdMQnBjNThkNVNCV056cnN0aDFNcVZnX2FVTjFVMzNqZjlsTGZ1RnNuOWdfRTdGZ0NyQVd1ZXl3dWFVbS1TVGpPN0VscWVUQ0RFenpfaUZhaktmck1Wd1JMcGFZZGt3RUZwUE1CWUw5dg?oc=5
2026-01-19 03:00,Yahoo Finance,finance.yahoo.com,CoreWeave (CRWV) Soars 26% as Chip Giant Raises AI Bets,https://news.google.com/rss/articles/CBMif0FVX3lxTFBXNU9odVl6RVd5S2szU2F5NnhhdlZ3dWgybmJheWFSb0pyOTk1YTVRY0RTVTUzcHFNNHZ0WEt1N0NUZDM1djZyTXBZTlBVc0RuWXhReDRYZEtTUUozNlFHNjRiUWdkX0htY2JlZWVXNThkT0hudFRkN3lhbDYxck0?oc=5
2026-01-20 03:00,Yahoo Finance,finance.yahoo.com,"CoreWeave (CRWV) Partners With NVIDIA for AI Cloud Growth, Truist Initiates Coverage",https://news.google.com/rss/articles/CBMihgFBVV95cUxQR2dCQS1VT3VVNHNJVlJsamp3TXBNcEIxVnBDaXNaNi0yeWE2MHVjb1NCaGZNR29yYjR2QWdjYW9FRkpKT1ZINFQ0c1Nsa1hyeEFKMjRkNHdKTU9NMUh3QVdNRmlrV3NPNU9mZnRjUU5qdG1mX2FOb3lSNGl0WlBXbXlUdVduZw?oc=5
2026-01-21 03:00,Benzinga,benzinga.com,What's Happening With CoreWeave Stock This Week? - CoreWeave (NASDAQ:CRWV),https://news.google.com/rss/articles/CBMiqwFBVV95cUxQbC1qMWJEV0xqelQtaWtKeWZIQ09nMjkzZkJjYUFRQ3JFbFNEUkUzY1doWHZqWWh4MWNrVC1HRVZXVlhkQ2RDSkg3bWRxaVlKRkxjNEVCU3J6UmpmYkNrSXRmb0JLVXJYUXE3R09tdU11RDREZEtTVzRhT3BHOE0tMGQ4U3MzT1BEeWxRVVp1ZWJQM2toYzFsY2ZYZGxfNk5UVFBvX2F4X3NDV1U?oc=5
2026-01-21 03:00,The Motley Fool,fool.com,"Down 40%, Is CoreWeave a Buy on the Dip?",https://news.google.com/rss/articles/CBMihwFBVV95cUxNSXFrT3BWdlhfZm01SE5LZmxLc0pPNEpLaXZHNExhbGZ0dHg2NkF5SmVqdFNUTU9rWUp3V2xPOV9acjNqOGVkeUhYQ1czcVRjX1B2NlZvOEk3emVHVmtCRXh4TDl3MW1TX21rR3BfdHVGTWtaZUhjQkJSNUE4b3hEaHVrUFFHMGc?oc=5
2026-01-22 03:00,PR Newswire,prnewswire.com,"Pomerantz Law Firm Announces the Filing of a Class Action Against CoreWeave, Inc. and Certain Officers - CRWV",https://news.google.com/rss/articles/CBMi9gFBVV95cUxPUFNFMnZrX2hsZFBRazFWaEMtbnhic3ZvTnQ3UTdsRnhNa1JETVZ2NFVnZUVCNmlfaEtxMGJjc21LWHEyb2xfdGdGLTM1M3BmaFdqa0RrVXhlcWQtbTN1Y1FIaFlMaVlhSjNrWk9uZ2x3R1lqZVI3Nk96WlRVYzd6Q19XWE5YTkwzUEJVdDdJaE52c0pfSDZQanZLSjF0cHIxdGotY1FPN2djRWhCNlRsbTFjblpkckZzZ2NXTTFRVThDZDlEVWRoTDQwZzUwWVRMZ282QUtYNkVMVjlGMEFMcUlVbDlTb1dXeHlRdXlWdW9HdjdLY2c?oc=5
2026-01-22 03:00,The Motley Fool,fool.com,2 Stocks to Buy Hand Over Fist Before the Nasdaq Soars Higher in 2026,https://news.google.com/rss/articles/CBMikgFBVV95cUxNRUFkb3FDTXBVVE5qaGZrenc1R00wUFFQZDNCVzkyWFJfQ09mQXE5elNxNUcxeDhuMFBzMnpYdmhWZ1ozRzFJaHd2enl6MkZPQWdpZW1MN1JsRms4ejVSM21ORnR4QzRhRWdrUTBkOEVtakFGVkdMQzY1M0NoeGNFeXBRMi0xSUJ5TXpnUmhESzZqdw?oc=5
2026-01-22 03:00,Yahoo Finance,finance.yahoo.com,Can Coreweave Stock Soar to $200 in 2026?,https://news.google.com/rss/articles/CBMigAFBVV95cUxQeTlYdzQ0eGZ2N2xOLWl6NHBVT2taX1JyY2l1SkduVFJ0VUZZTkJMUHBGVnJpTXZhZ1J6X3kzN0JRdVppTEV2SnVFeHlqbUhDcHVWYTBjN0pCNmplOFgwNTBkUG9LRGtPblBqRlUwaUVhRldBSmFUTDdwWFBMZmRXcQ?oc=5
2026-01-22 03:00,Yahoo Finance,finance.yahoo.com,"CoreWeave Is Rebounding, But Insider Selling Threatens Upside",https://news.google.com/rss/articles/CBMilwFBVV95cUxQTUp1LVVFRk1vY1JRMG92eUlaUTV1ZFRIck8zUkxnWmdzYlFIcjdCSW5obWpkSVJ6d0RjVWEycDVuQTJWS1VRNG1lNmtocTY1STNZVlJwTEYyaUJDUkxmaHFNNzA4ZTZPYTM4NElnRWh3U3hGejdWR0I0SzNmV0ZsdVB0UlN0R01vckFuSEV3bjAwelZ1Um93?oc=5
2026-01-22 03:00,Yahoo Finance,finance.yahoo.com,CoreWeave Stock Is Up Over 40% to Start 2026. Here's Why Investors Aren't Too Late.,https://news.google.com/rss/articles/CBMigAFBVV95cUxOeFI2THQwNko2Yl93RnA0YjEzNzlCLTFrYTlfT0YteS1TZmhIM2pwMnpwN2x2SGpuQVhKZ0ttR3pEelBWT09qdXV1bDAxdmVWYTJwdEZUamhTNHRfY3MtUUk4eTVkQi02MFZzOHZzZ1lkLVFTTmdIQThzcjRKYXJvTQ?oc=5
2026-01-23 03:00,Investing.com,investing.com,Coreweave CSO Venturo sells $25.8 million in shares,https://news.google.com/rss/articles/CBMitAFBVV95cUxPR0hoX0tOc0xRV1BHUGR5cXNHcmN2UDI2ZThxSzBTT0tDLVl1UW1IeVRlN19sbm92Q2xxZDQwZk1rblgxTmJIRUJGR1J1WUROM0pYRHF1dWNPZE5RVzl1U0czc3Q2WU5xN01PMi0wWW91empTM0NscjE5cmg3ekVZT05Yc3hNVHlneVBadkloTi01WVoxZU9JNVBGSjQ5U0pJTlhNSG8zeE1kY1ZYWEM4Mm4tNi0?oc=5
2026-01-23 03:00,Yahoo Finance,finance.yahoo.com,"Can a $10,000 Investment in CoreWeave Turn Into $1 Million?",https://news.google.com/rss/articles/CBMihAFBVV95cUxOdld0WTVaQ0ZSTlNXY1psSDl6M2lTbEJZLVRwQTExQ08tNWJVNFJoQUdDNnBTWEQzM2pVaDBpM1dBNldnU1loTkF2eTJjTU1ISWF2WEpIWnE0OWRkWjJYZ2VONU5NZE5qWVhzVkozUU1PZXdYeDcyc1NGT1A4Z1ZFbXlaTnU?oc=5
2026-01-24 03:00,Yahoo Finance,finance.yahoo.com,Jim Cramer Discusses President Trump & CoreWeave (CRWV),https://news.google.com/rss/articles/CBMiigFBVV95cUxPUWl4U2ZkUTUydmVKZlVTdHNudFFadjh0TGpZY3hvdnJfbWNYWXNXWkJTTkhuVXJjb3NzanpuSi1TRFdMcUhuLUhyaVlDb0dDWGdzNjgwMFdmTVMzejVhcnhXczAyeG9xM3dPWE5URTBVbWxPY3FNcWhlTmNkZ2c4U0hJZm9yc0FId1E?oc=5
2026-01-25 03:00,The Motley Fool,fool.com,Is Nebius Group Stock Going To $0?,https://news.google.com/rss/articles/CBMigAFBVV95cUxONTA3eEs3MnFLeXFOczJXajNfelItLWhKY2M3VkRCcmFtVjlrZC0xRW5uVUJONEUzb1NZd3lORmFWV2VockJBRy1RcF9RM0VUZ1YwbktwaS1vZnZaQjJRR2RzTlRKYzVXYWV5VVBTOFp3WXh1NmhpQ0ROWmd2WjFPRw?oc=5
2026-01-26 03:00,Axios,axios.com,Nvidia takes $2 billion stake in CoreWeave,https://news.google.com/rss/articles/CBMiakFVX3lxTE5BX1BVSmt4WHp5S0UzckpaNDVrVTNQNzU4Y3QwNWJIUVFuUDh5R0Z0YnExcEo2Ulh3Ymd2RkpNWHgwX3RyRER5SF91MEstelhQdnVIN0x6SjJURzNpZUhZNlR1Ti1obGdiU0E?oc=5
2026-01-26 03:00,Barron's,barrons.com,How Nvidia Just Made CoreWeave Stock a Winner Again,https://news.google.com/rss/articles/CBMijAFBVV95cUxQY1huaUlRck9iX1drWjNtbHYwUXRMZUlXRWNzUDUyQklXS1R0X2YzUk5FdUd1MVlyOTAxNExGUTlqbElNZl8xUXQ3eG5ZbjJyVUVMM3QzR3RyaHo0OThNbklSSFo4T3M3ejYyQ0dwckRCaFRJVWRXSEtPVTE5N1R4bUJUak84S3J4aGRZWg?oc=5
2026-01-26 03:00,Barron's,barrons.com,"These Stocks Are Today’s Movers: USA Rare Earth, CoreWeave, Micron, Intel, Newmont, Booz Allen, IonQ, and More",https://news.google.com/rss/articles/CBMiZEFVX3lxTFBaQ1pWRWVXWWM3M0kybHExMHduY3YyNm1lSm1odl9wakxEb3B6VVg2TjZUaFNmaER3VGRzY3RMOGJwaGl4aFdlLXJHejNfbHJza2RzbWNQVk5SYmpBZ0ZOelpLaG0?oc=5
2026-01-26 03:00,Benzinga,benzinga.com,"USAR, GME, CRWV, ZM, UNH: 5 Trending Stocks Today - UnitedHealth Group (NYSE:UNH)",https://news.google.com/rss/articles/CBMi8wFBVV95cUxPOGJZUjJoM2ZGanhoQ0luaC1FT1V1UDVYYWdkOFhCTnFSbFd4LVdocmxwMkY2RUxHVGNicE5CdThqRGpuOWp2SHptdzlBTjFPcVFHd1dTaU5BeHJ5T0lnejJ5cUNpV2pOQ0lWOGxoY09qYVFtTHBOR3RqQVU2RkJYU3VCazlnb2xZcWFIS29KMmh6a3dJYUh4NzZUQlNPRzhUWVh6VklaZDZGb2VSWHZsajl2VWVoTGNoMm8wRllFcm5uSnRWZ3dOOFc0OGhSUVotdHdFV29yeTcwc2Q2bE1rWmdFWHBsMldjRVhyYjVXZkVuRWs?oc=5
2026-01-26 03:00,Bloomberg,bloomberg.com,"Nvidia Invests $2 Billion More in CoreWeave, Offers New Chip",https://news.google.com/rss/articles/CBMisgFBVV95cUxOa2FXTC1LNjROVzRCbF95Z0xDSUlhM0RVY2JCYXR6NEpaRmNvUUY3aVNPRGZHZFRDa2toS3hQWERaNkd6UENXNXNiLTg4a3N4SjR6Yzl3bEp4VHJuSUt6b0FtV0dBenNaRkhfQlFyejhCV0UyNmZvM0JVelJqSlpaV0hQYWxNVlhkTlJVY0h4Q3E3MWJEZUp1OGdzX19BbmJLZjB5aTlGTXJ5SlRRd1MxRXlR?oc=5
2026-01-26 03:00,Business Insider,africa.businessinsider.com,Jensen Huang says it's 'ridiculous' to say Nvidia's $2 billion investment in CoreWeave is another circular deal,https://news.google.com/rss/articles/CBMiwwFBVV95cUxPT01MM3FpLWRQQVB0Um5ZWUlTbGhYU1o3c3RsU3FaOFZ2RXU5YmtCSHlSbkRVU2JYeUpScVY0VUtQM0Nlb0JZcS1Kd2hBVEl2V1piUFZXYXR1dmJVT2JiWkQ0VGJWUUZoal9yNG9uVDBQc2NTOUJCSlhCYkhGZW9KYWxkM1BhZUFHWmZvMHBqYlNsS3oxT0J3MnRHNUxvQW1CSTdkVGczdktiQnNIOW8taEZJZmZ6NDA5d3ozWUxCbDIzVkk?oc=5
2026-01-26 03:00,Business Insider,businessinsider.com,Nvidia is buying more CoreWeave stock — this time it's in for $2 billion,https://news.google.com/rss/articles/CBMilgFBVV95cUxOcG4yQ2o0XzhkRjFOYlZ1QWVKLVE4VG9CNHRmSHRHZGF3djdtQW5WVEZyNU15RXZTQzFQbWlvbXQ1djVrY3hLMmxTLTg0RDNsZy1VWlMzT3dyS0tQcnJXRG4zY2Z5Y250S0JTOUkwRmpBWjdVMWI0c1NzWlZMZFk1dzl6dXdTdTcxSzJNeVZPdFRwR25HRkE?oc=5
2026-01-26 03:00,CNBC,cnbc.com,2 takeaways from Nvidia CEO's CNBC interview — and Jim Cramer's advice on the stock,https://news.google.com/rss/articles/CBMitwFBVV95cUxPbDhFSWZhc1lOd3R5eHJxN2wzSnFPb21DTG9WYzM3OVhSWENUaFdLZmxEX2NlNER5RVE4TjgyTkNJTk5OTS02RzFoXzlTVmxva0lGUnF1cDd3Mk8tbUhQb1lKWXQ2YmlJQnJnSWZNRjRuMnVwcGxtT3dXdUlXZWhlVm5xM08zbXhqOXVwd3RwRk5kY3pLY0RsV2Z3R3FHckp3TWxxby1yUjBnOTk3czJfZUtDUVl4ZHc?oc=5
2026-01-26 03:00,CNBC,cnbc.com,CoreWeave stock jumps 6% as Nvidia invests $2 billion to expand AI data center capacity,https://news.google.com/rss/articles/CBMiggFBVV95cUxNNTkxYmRWX3h4OXAwLTJLWV9RQm5NVnlyZmJiR2JZQmMxWnFjNXhDdnNaWVI2TFRFc1VVSGY0ck9GUXlub29ndzkxM3dTOXBoeGlfWUVYaHBlUlhyR21TcmVrWWlhSUdFMzBIMnl4Q3RwVVdvWW1kdTk3R0JrWDlDbFpR0gGHAUFVX3lxTFBZYm4wWXczN2pkRHBobHhGTkd2SmN1WURaTlpCd3dYZHFKRmF0WjhQTUZDY1Yyam5mOUtvLW93YzVWV1JrcFg0WFdfYWFSQmZMVHRXS09xakhjeHFUclVFZlI4ZG5mLWt6bDRfd1h5MlZ3ZUpIV2tyclFBSFo2QVk4X2RvbUdhRQ?oc=5
2026-01-26 03:00,CNBC,cnbc.com,Nvidia CEO Jensen Huang: CoreWeave partnership expanding to add Nvidia CPU and storage platform,https://news.google.com/rss/articles/CBMi0wFBVV95cUxQN0JFSmphYWM2RW5NeXZGaHRTNXZxVGEzMnRZRnkwNzdvaUFSakZnRWFfYmhGaFVtNmh2QXVXMGJXZzhYTEMtOUxRMnM1VmU2a3hKcmtkekZ5SU5FS2pWVmNUV1VpdnAweGx4RVlOV2xEUVVTOGlRM0hHcll2bDZmUHE1N0lfNldwRzlCUEs2cm4wbVN4dWFfUUFfemdFZ3lBbWRodnU1SUtOTFQxaERDTHA5YlByaXBwMzZHR2JvU2xJNzcyS0tXYjNWR0w4RGxjSXIw?oc=5
2026-01-26 03:00,GlobeNewswire,globenewswire.com,"ROSEN, A TOP RANKED LAW FIRM, Encourages CoreWeave, Inc.",https://news.google.com/rss/articles/CBMitwJBVV95cUxPbmNzNjNaallyTmdZSUVzQ3hqNVFwb3dQTFBNWFQtYy1KU3NsVGpKbXRFYzhtZ2YzZG5wY05SWlItRlpzTUVZdl8zV0ctZ2FTSlRKWHJkRWh4TWV4aENjZUJEeHdKSXZrQUlla1pXVUJzSnV5aHhpYTNzWkhMYW5sX1BMWGMtVFk0QklBZGtsVFNJWFIxMzZFV2M1WEpLQ0ZLLXpVNlpRLVZuUkVSTUJWZHRXR3JYYzdzSjNOZE1WbVkzU1NHWFMyQ2tzTnJBX0RPYVJzU19mVUhMSW5TdHlicnR6TU1WMlhqVElTQTlabGt4SzU1Mk1SUHF2ZEd4V0Q5M1otRjE4cVpud29MX1g5WTNKUEYzRUZVSzhiSWhmakFVaG5sZWwzTzRWbzNQbzJOQm85aUxTOA?oc=5
2026-01-26 03:00,Los Angeles Times,latimes.com,Nvidia invests an additional $2 billion in CoreWeave,https://news.google.com/rss/articles/CBMinwFBVV95cUxNVlhBV3hScnVFS1JHRHczM2ltUUhBRllzdnhoQjMzeEdPU1dLcFNYandmdDd2QjRnMS1vZHFCN3JSZFRaaEkxRVFsRzRmMi1xN1VxVERzWUNZX216VHo0SUtTdWhXQWZRUHFZVC1DZ3paNlhKYnM4RkNpSHNya0FjODRSVk80MG00NnpjeWNLclAwdnVSSWxwaDU0WlA2WVU?oc=5
2026-01-26 03:00,MarketWatch,marketwatch.com,CoreWeave’s stock soars. Why Nvidia’s fresh bet on the company is so significant.,https://news.google.com/rss/articles/CBMirAFBVV95cUxOZkFZU1lIS3AwT01VUzJ3U2dNZTFKZy0tMm1TLU40UUl4cy1wSUVSeGNEZGUtcFhuSTNoVHNTVnhrNXE0Y212SGFwNGJZak4xay1SZEZMN1JBWlZ6Y09DbHJOc2pHeTdRZk1UVFYtRUE4aWRFZU00QjRjRjFtYXhMUjJsTmJwTmNXZ3hzSWZxMHJNdFo0emp1NWtCaURtVk45N05CNmJxX2l1ZmlN?oc=5
2026-01-26 03:00,Reuters,reuters.com,Nvidia invests $2 billion in CoreWeave to boost data center build-out,https://news.google.com/rss/articles/CBMiowFBVV95cUxQdm0xTTlhc003ZUlGaElBblY1SWl2dFBJd3lxMmtfZldNS2F0c2ctZ3k2UVhpY2tWdjE1by1mNVl1WTQ3MUJuTEFGdGo3V3J2OHZHdzhybHFXVEhkWTRzUFFiT0N2Wkg1aE52dG9JcjFQTVhaU0tLUTVZZ2RsWlBDWU8yc0pod3lCVEpla3EwbVl2Z29HRGx6WmQzMTBlVkRQdnVr?oc=5
2026-01-26 03:00,Seeking Alpha,seekingalpha.com,"CoreWeave: Nvidia Stake Isn't An Investment, It's A Bailout (NASDAQ:CRWV)",https://news.google.com/rss/articles/CBMinAFBVV95cUxPSU5CU1JERjNsRmo2RGp4ZzdXalh2VFN4ajZpMkpBMjF1VkxEVHBSX2lVVDR1LVBzLTJSUmo4NjFpTTl0YXh3VXlQMENZcTlMdks3MllFcUJ5VTBrZHJUVmdDQ2M3NnRFcmo1bEFDVzNEdVluSU9fanJlZ3BMVnVodlBKeW9nbWlNZnFkNXJkdnFLcEVQY0ViZlphUUk?oc=5
2026-01-26 03:00,TechCrunch,techcrunch.com,Nvidia invests $2B to help debt-ridden CoreWeave add 5GW of AI compute,https://news.google.com/rss/articles/CBMipwFBVV95cUxPOHJhMmJzYzdVY0FKWWF2aWplZGk1cWVwQl9jMkkwcUlPQjRfQk1TbVBhWnBIYVM4Z2RqQjhCMG5Ec1B4dEtPdC1RTXJuZFhjNXYybkxfZ0ZZYzcyeElOQ1NhVC01UzVDVjJwSmw1UW13N0Fzc25Pc01WajZTa1k0NFNPSEZfNVB3ejVSUU5Ldk1DQ29yQ3lrTWQ5VWRYdlh1TW5LLWtfTQ?oc=5
2026-01-26 03:00,The Motley Fool,fool.com,Why CoreWeave Stock Climbed Today,https://news.google.com/rss/articles/CBMif0FVX3lxTE8zeUlKMmJUbDlOSHlsWWlQbVdZS3dYWEhpNTByeENsNWpRd0N6X3dYbnBXQVBsR252eU1BcnBfUXNCdFBpRVptekRLck51Y3RKd2pNNFFTWWRCLVRBZ21Ob191MlhVT0NKM0V5LVlLWEVLSXYtdVhZVVg4a0E1Z2M?oc=5
2026-01-26 03:00,Yahoo Finance,finance.yahoo.com,CoreWeave Stock Is Challenging Its 200-Day Moving Average on Nvidia Investment. Should You Load Up on CRWV Here?,https://news.google.com/rss/articles/CBMiiAFBVV95cUxOTUxHOVczZzZ1WUxtTi03UFlBUlRqQWFIYWhTYkxGejU4NkhRbzR4QmRqdUR6MDNEejdRNFhMbXlvYllCWHlUZDFiOG5PV2d3LU5tOWhLY0V6bjNLMzRvTi1XU2pDTDJEaTFNTjl1OHRjM2NMNFJVU3RsZl9Xd2tQUThmbHRpREVu?oc=5
2026-01-26 03:00,Yahoo Finance,finance.yahoo.com,CoreWeave stock surges amid fresh $2 billion investment from Nvidia,https://news.google.com/rss/articles/CBMisgFBVV95cUxPbjhWczdzbnpwVGRLQXVQeGhhM193V0toS3ltdU51VElyUHFjZ1NybUJVckpXdVdEZGxkdHQ5enExWEpIeUdoYXdLa0czZ3VBdFlEb2FhVms5RU5pV2c4b3ctYWVaOS1kcEgwTWFUMEtEUGtuNzZjVmFuTnJQOG1KbVlKUjNTSnlIVUE1ZFgzUzllYkNXbDJiS2ZZTXFGYlJGb2xUNTRHWllkWmQyQXZHNzlR?oc=5
2026-01-26 03:00,Yahoo Finance,finance.yahoo.com,Coreweave stock gains 9% on fresh $2 billion Nvidia investment,https://news.google.com/rss/articles/CBMigAFBVV95cUxOVW5rTXVVckV3Qy1kWnFTbXRMaHZkS2puRlAzYWx1OVVueGZrbXgxQW5OeDZvODhxb09hQm90c05yWHRaYmd0SER3a3J1LTcycEc1OEtuMGRubGRhU3lueEZ0UjhiZFdpekdsRW51Y3RNUmdNeWVZSmtlenFMSWNUYw?oc=5
2026-01-26 03:00,Yahoo Finance,finance.yahoo.com,Ex-crypto stock surges after $2B Nvidia investment,https://news.google.com/rss/articles/CBMie0FVX3lxTE9Cd3h3S3BRbVRMTHdERlhuUTdJb3lfbWo2RUZKemFTUmo2SnhmRWpVWDJqWXBkM1NjckpndGthOEdZNU5TODVjakdZblRQOURJOEZjdk1pT1FqTFNwWmthaDBlQXYxRzZYdUVzeDJHLUpXZ3cxSVNFT0dLQQ?oc=5
2026-01-26 03:00,Yahoo Finance,finance.yahoo.com,"Michael Burry's GameStop stake, Nvidia's CoreWeave investment",https://news.google.com/rss/articles/CBMiqAFBVV95cUxPVzh2SFVRQXNoV0JjdzUxZnA0YjRrRVZtNDdLMU82TzNIY0lTSWFocHluWElGWnJsMmNzNzhUVDNITVpQMUFYUG9ENUlWX2d1ZHVyTnlHeTFZNkVKeW41OVhiZk5IczVhVm9LbkJ5TElzU1J1OEhjY2hXVnhhc0RwZ1VqSDhDODB6SWExVXBMWkVrT0lzQmJpWjVlYUFaRWpPTVdZRzh6Sko?oc=5
2026-01-26 03:00,Yahoo Finance,finance.yahoo.com,Nvidia Just Invested Another $2 Billion Into CoreWeave. Time to Buy Again?,https://news.google.com/rss/articles/CBMiggFBVV95cUxQaWV5SnRDMXEtTF81MEpiUjRHSFkxZm5IQ3VGNTRCWHlvZ2RnQWtWTy12bDJaMkl2UkNKZTdFTUJ5NEJDUXRVYU9Zb3BoN3ZCdGpZXzlNemgtQVNRVWxkT1FnYzBfazlNYlEwWjVTSDBHRkhXeWVBazZETVNjZlJYNl9n?oc=5
2026-01-26 03:00,Yahoo Finance,finance.yahoo.com,"When Will CoreWeave, Inc. (NASDAQ:CRWV) Turn A Profit?",https://news.google.com/rss/articles/CBMiggFBVV95cUxNbEdXRTUwRW5JUVB0d0pSMU5FSUVhTnpyNUlyMW1kaFZZVl9PTG9iVndWUWJKTE5tamRuQzktNEFWNWkxMkhKSWxrWnl0RXVYek00LUotQVlFTTgweWZzcEp5TUJoZmxBQnRqYWFiRDkyQUlLaURMT3c0NTQ2YVVORDBR?oc=5
2026-01-27 03:00,Barron's,barrons.com,CoreWeave Stock Rises Again. Wall Street Loves Nvidia’s Investment.,https://news.google.com/rss/articles/CBMiiAFBVV95cUxQcTZhWG1LY05ISGp3Q0VJM3VsZXdKemxZQmdqTGJMbGxqZHlhRS1BRkk4bzNLV1Q0b0oxci1haWIwLUFnc2JaakN1QjNaMTRJNzJlUkJXSjhTYndwUTNndEJvMzJ4LWJuU1BOdVBsOFVzN2ZWQXpFMi1JVHAwUXEwWllGQWlvZlJa?oc=5
2026-01-27 03:00,Barron's,barrons.com,"UnitedHealth, Humana, Micron, Corning, CoreWeave, UPS, GM, and More Stock Market Movers",https://news.google.com/rss/articles/CBMiZEFVX3lxTE1MNjhXbFlLLWtMTWtwb1h2VEtrQ2VuR2ZUV2VmYkxUOEtWRDZidC0tRXI5YTk1Wl9fa3JLY3laaTFHc2VuQjA0YzZkUVJDcVFIdG5jMzRESTdvS3VnNThDQ0h2REk?oc=5
2026-01-27 03:00,Benzinga,benzinga.com,CoreWeave Stock Soars Following Expanded Nvidia Collaboration - CoreWeave (NASDAQ:CRWV),https://news.google.com/rss/articles/CBMivwFBVV95cUxQYi1peDBCTmJPc1AxaDJBaXhKb2gxNFdoVllZVE42eVU0dUhPODdyYlVhbHlqWGt4MzMyd0lDVlowb1NLWUdLb0NtbkVJcFBSaHkyQWx1MW1xYmRxQ1llZ0M5dWZMbndlUW5kaGF4REFFZmw0ZUs2LS1Gb01WS3d6cWNDSWtJd19OQ2xWcXRnTWRGLXZhdUY3UmpQNURLSGtMcFQ3bUpfbnFaWW0zUmlKZ3UwSURCM3FzNjBMbmVLUQ?oc=5
2026-01-27 03:00,Benzinga,benzinga.com,"Is Nvidia Investing In CoreWeave, Or Its Own Next Quarter?",https://news.google.com/rss/articles/CBMirgFBVV95cUxPZzFON2QwWWcxSWVxaHhPNEt0UzQ3ZDlRVnpBQkdMbEpKRkJHNXNjX1owSThsNmlmMnFzSS1YdHNHNHZwbk9ZT1ZIbUdvUXBDWGxkdk1PWFozUTh2RVpVYUdMbGJod2ZCSy1KYWdZQnlHSVY2YkFtTzhJYWZxbUJXeUZvcmdGc0ZYV1F2d3ktdmdZeTYydWZwS29CV0hBMVlJQmI1LUNWb0prb3A4N0E?oc=5
2026-01-27 03:00,Business Insider,businessinsider.com,Short-seller Jim Chanos shares the area of the stock market AI investors should be pursuing instead of data centers,https://news.google.com/rss/articles/CBMipAFBVV95cUxPbE9qTHI1blcwNmdCUFVBVmhsNUpPNHZNYlRXc3RqZ0JkZ1JhQnZBRmViYXNSRFZ2NUxTSFEwNUdVclpkclFuMHl5dTlOSW5HNE9uUGVSczRUM05RTkpIV3NWR1hpOXVXUjhYRjkyMEhSVXo3Ny1SMDFxcUo1ZHYyWkp3ZjJ3NGVHaVZXTHpfVF9GZkh6SGxlUDg4ZVFBN0RGWmJYMg?oc=5
2026-01-27 03:00,Fortune,fortune.com,Minnesota tests Silicon Valley’s business-as-usual attitude,https://news.google.com/rss/articles/CBMikwFBVV95cUxNWmJBZGtBM1d5Ni02T21NRlcyWVdrVm5CVmY3aTAzOHo2dGhnUHFWSTMtN0V0VlByb2YwdWw0Y0VXbGg5Wm52OXREUVk4RTltdU1RcHc0WTZZUGNWZWF4ZmgwYlU0T09hSzV0bThDSVhKT1p1aUNBdzA1bzd0cTdEVXVlOUg4aGxtb1N3eXh5bnZ5ZVE?oc=5
2026-01-27 03:00,Investing.com,investing.com,Jefferies reiterates Buy rating on CoreWeave stock amid NVIDIA partnership,https://news.google.com/rss/articles/CBMizwFBVV95cUxONFBGRF8xekhoVTlROWRrdDhYTWU3R2dxSUh0ajE2bFRuTThIOGRPNms5aHJwbUdsM0hWaFByczdlNmhYQ2xyRVJueUhoNVNuYnNOMEh1TE5wX0MzWnJmdzZVRTQxVkc4b3ZxSDUyMDhEMENaMEJFSXhHbXdUQXpubnFUR01reHhyNXpjSE9rT3c4M1B1ejYyc0tZdFg3WU8zSGdOVnNIbERXV2x1OEZOUTVrd3hTa0FRMWk2T1p4czhVMS1QX3Jac3VGNHdsWm8?oc=5
2026-01-27 03:00,Seeking Alpha,seekingalpha.com,CoreWeave: Nvidia Signals AI Story Is Still Early (NASDAQ:CRWV),https://news.google.com/rss/articles/CBMikwFBVV95cUxNeU9oOGZZNzdTQTZfa2dyYy0tUjh2YUFPVFNkb0NoZ2pZU2NqZmxGb2hrcnlRaC1VTjIzUEtGSk1UMzNBOENtSXVYRTNJa3ZHSWhhSUpmRTNERmpfYWZEVjNRUTkzNVIzXzFMX1NOal9vUTkzSDhvWjQwcnJ0SXQydjZCWjRYcUhrRnFLWEVacFhZR1U?oc=5
2026-01-27 03:00,The Motley Fool,fool.com,Nvidia Just Doubled Down on Its Largest AI Holding. Should Investors Follow Suit?,https://news.google.com/rss/articles/CBMimAFBVV95cUxNa2hDSEhybVluQnJFUHVzeVFOWkVqZmY3ZDlPTzRQaFhXN3E1cDl2bV9QVlZOb2ZzZk8yYTI2WHp2emM1bmpsOEdsUlowSlNjbkgzc3gyZzlQN3R5NmwxLTl4MkJNTTE4MUlaUkhvOGxVX1FPUS1iaHZycTFsS3NTZWNTYjdudWN2SWluOUFZVGNHaURzYVlFSg?oc=5
2026-01-27 03:00,The Motley Fool,fool.com,"Stock Market Today, Jan. 27: Nvidia’s $2 Billion Bet Lifts CoreWeave and Refocuses the AI Infrastructure Trade",https://news.google.com/rss/articles/CBMizwFBVV95cUxPSnA1NUw2ZnJ5V3N0WEQtLVlobkhuTXRXTGJvRnhkVlY4eThHeTlZZmJKQVM1ZGp3MDhNaHZZYnBJTWZYOW5xUF9ZOEYxdGctUUlVb09TY1RnUmloczVRNnpnUExtQVpnSW9nV3BKeXpWYktTb05ZWlkxTnRsekZXaDU1Zk1EUGo2REtWN3JzQTZwZGJnWmVrd2cxRkpOSGFZRGRYTmQwcVBHVWNTNU1wbDlVLVVCT0FDZXdqY3VtbWtoYU1FbGQtd3lrZ0pkd3c?oc=5
2026-01-27 03:00,The Motley Fool,fool.com,This AI Stock Just Landed $2 Billion From Nvidia -- Is It the Next Big Infrastructure Play?,https://news.google.com/rss/articles/CBMimAFBVV95cUxQWmNsNjR6SWpnZktMUHJaRGpVN1J3VWt4MnBMSDBuMFEwaWRJV1NOd3NEbkVnQVVNR0l4di1WZnIxRFNNeGl5dkhlT01uV1o1QlNZazRNSkNybTVtZ0ZjSTVFLTYxMHY2T3RsSF9QMEkzNm93clItNWhnUFFSMFlKbG9vTkpaNTNzWVBQQU1ZOWRlRDFNLVBmSQ?oc=5
2026-01-27 03:00,The Motley Fool,fool.com,Why CoreWeave Stock is Soaring (Again) Today,https://news.google.com/rss/articles/CBMijgFBVV95cUxQRGpJdlBJTjJBQkhWc2hpaWFZZHlmRGFGSldHbnowMlhrb0xZZGFVUTJRNDBTUERvRjFINVd6MlB0a2stcFhvTm5BbEpxQ1lBejlvb3dPYmxzV21rUnhtUDJHeHpUWlY5TkREX29pV2k1VGl1Szl0Mno4QUJVanNDNnpCeTZMTy1tekV0SzRR?oc=5
2026-01-27 03:00,The Motley Fool,fool.com,Why Did Applied Digital Stock Jump 14.3% Today?,https://news.google.com/rss/articles/CBMikAFBVV95cUxNZW5XbmlDV3RNclc5TkhGSzJ0OXRiYy16WjhFY2dMenlpWUdDYUd1M2FHdWYxY2c0bEd6OFhYNGtxamdWOVVNenFCSGdpb201eDZOZk1RNG9WdWx3amF5dFJuTEdFajdTaGZaMXNwdVFFZzdzcVBpb3BZYzc2WE9CajNvS2dLWXVsS3VpbW5HS24?oc=5
2026-01-27 03:00,WSJ,wsj.com,Nvidia Invests $2 Billion in CoreWeave in AI-Factory Collaboration,https://news.google.com/rss/articles/CBMipAFBVV95cUxQTmo3QWFZQzR0TTN1ZUU4ZlJrWmh5T2hPdnJSR2E3UWdoZWFfdHQ2T1BUSHhwbjU2SnZvSlhtdzU5T0J6RTc0eUQzZzFVSFZ4ejEwZ1ktYXd6am1lUFRRV1gyd21Wa0t0bDZ6V2NLcWlvdkF5UnNoUmVmdXVQWVhLeVNJLTA4ekx6SFE0dU00VW1QbHYzWU9ORDdEQW1zWmVUc3ZyNQ?oc=5
2026-01-27 03:00,Yahoo Finance,finance.yahoo.com,Iren Limited vs. CoreWeave: Accelerating AI Momentum,https://news.google.com/rss/articles/CBMijAFBVV95cUxOUVlkNEFJVTJ6WGV0QVlWM2tRRnUtRWxmWnNhM0s4aFdqQmcwdGdHSE93eXFyMVc2Q1NLaDV0MjQ5SmMzUUFGLTNUTlo3a2c1QTFBMlE3QXNlM0Y3ZUttcXZsbVk2cFBySVlZRWRYNDA2aWw1cFVsa0ZqWEpTUktNMWI4TGhubzdSbjVjUg?oc=5
2026-01-27 03:00,Yahoo Finance,finance.yahoo.com,"Pfizer, Merck, CoreWeave, Zoom: Top Analyst Calls",https://news.google.com/rss/articles/CBMilwFBVV95cUxNWnlJSUxLaDA2VG1iVVpVUUVpal8wRm1CSUw3TFR3VFNVZmg5bVpzdVFxZGV6NTFvb0MxbllwVVVtTkc2bjNBT1VuUkROcUlBWElySDlPbmVQQ3o1N19BMGYzMkNTamJNWWlIa3dlVVFSMzBfbG5BdjNFY0VsWW04aUUtdXlhNUFDYWdxZk5ud0xsYjB2OTdJ?oc=5
2026-01-27 03:00,Yahoo Finance,uk.finance.yahoo.com,"Trending tickers: latest investor updates on Apple, CoreWeave, ASML, Salesforce and Dr Martens",https://news.google.com/rss/articles/CBMirAFBVV95cUxNWE5lTEw2SExJLWo5aWowUDFIYm4wR2lQV2RsY0xrcFBXQk4tUFQ3SFhzc3Q4bWM5RHV1enVsTHpmQlg5VFNRaF9pT3VhT21fX1lQZXNKSGswVVZWX0x2V1dfMmVabWFrTGxTS2NWcHk2OU1fOHlQQTk5czItZkdYcloxWDdDNWlFQmNfVHVwV3ptU0d6MVZTbHBiLXFOVDdHTTZfd2tzd3JPdXY2?oc=5
2026-01-28 03:00,Seeking Alpha,seekingalpha.com,Why CoreWeave Suddenly De-Risked (NASDAQ:CRWV),https://news.google.com/rss/articles/CBMifkFVX3lxTE5LbmVkRmdPc0JYc090RFJ2RWYxcExrMWZsNFNmS0tQMUVIUmxzM2FSUjZGb19mNnNxXzBsa1BOSzNkRzFoR3FwVGd4eE05aDlDekV1bmdZaGRiUU54VWJEdWtfMG9CVXcwMkhtblkzdkNYRzVEQXRlRnpzdEhXUQ?oc=5
2026-01-28 03:00,Yahoo Finance,finance.yahoo.com,"These AI Cloud Stocks Are Starting to Soar Again Thanks to Nvidia: ANET, CRWV",https://news.google.com/rss/articles/CBMigAFBVV95cUxQcnZOdjJ2YmNGSWVTa3Q4Y2pWWC1ScjIyakVGamtxam05Z0ZkRjNSTUFSbE5odDN3MFlGazJqSVhORkc1YTFaSTBBeDh5dzNmV0pFR0h3bGFYYUstdzIyenNaMnZYTGwtTHdXQ1RLdmU3NFhVQndrcXFLa1RwTEV1SA?oc=5
2026-01-29 03:00,The Motley Fool,fool.com,Meta Platforms Just Said It Will Spend $135 Billion on AI This Year. This Hypergrowth Stock Could Be the Biggest Winner,https://news.google.com/rss/articles/CBMimAFBVV95cUxPZDlUek9aanZqZTFMTzdEbTl6ZDBvWmo1T1BoR3ZROUdnRm9MVDJ1UzJLTi13Rm5aSU9vQlYxQmhrM3MtaDh6bjJ0X3ZzRjA5d2g4S3JZWGY4ZU4wbVJVSkhIVFU0aHpVS3RjQnFvS3M4ZElRVGZhUlNnc0dnQ21XYVg0ai0tVWRvUjdlYmdPWUNRYThjTi12RA?oc=5
2026-01-29 03:00,The Motley Fool,fool.com,The Artificial Intelligence (AI) Stock That Refuses to Stay Down,https://news.google.com/rss/articles/CBMilwFBVV95cUxOOW82Z2tGX0x0cmpoUjk4bGk4WWgtb0tiMjl3MGVGU1JKRTdidldCWXBqZWpacmpEUk9SVncydWo2amJwRndGcTB2NWxIUWhwc1UtTzlrU05DWG5XNTdNeXNjNE5JWldsb1RCUFl5cm1UWVlQNTNxTVZDaUcxODk3NHAzeThCeGVTWF9wRTVsVy1Jb1BJQW9N?oc=5
2026-01-29 03:00,The Motley Fool,fool.com,The Artificial Intelligence (AI) Stock That's Quietly Building the Future of Cloud Computing,https://news.google.com/rss/articles/CBMimAFBVV95cUxOcnBNa1dMOGtyM2Q0YUVKTTM4c1MxTEVTZGktcXRtSlV0bi1EQjh4NG5JR3hFa0JOVDIteUpIRkhhZFQxcmtQQWc5QkRmdms1OGJoSzFXRlM4dUVDSFVhX2hTV0diOTRBMThLMEF3SWFnSjZCZEJBeDY5a2NiLWJZSjNSRHYtbVoySHdwdko3MTlqUmJXNHpuZA?oc=5
2026-01-29 03:00,The Motley Fool,fool.com,This Company Just Made a Big Move. Here's What It Means for Investors.,https://news.google.com/rss/articles/CBMimAFBVV95cUxQal94QmpWemlPdzZyY29iTE1MRk5uUVdlTUk2X2tIRlU1TjNJMndQNjVvT29JMllLOXVPSng2cEtMa19YX0xWQUlsM3ZPVGZJcFhZQ3pSWFRIZTA1RU43dHZ3ZjU1X2FaV2xXT3F2RWVLNUN5ZjA1VUlIZGd6QWxnSFF5cG9HVTdZM2U1MkN6SG9LU21hTHl6cA?oc=5
2026-01-29 03:00,Yahoo Finance,finance.yahoo.com,CRVW vs. GOOGL: Which Stock Wins the AI Infrastructure Race?,https://news.google.com/rss/articles/CBMiekFVX3lxTE90TXQ3U3BBZXFFakRvanRtNmZMTHN3QURJSV9tbjhKSGJicFZSTDl0V2pWQ0hrXzRRNzhkSnYtT2szVk1jUk9wLUxoaXhxeFV5UzJGSGtqbXpVSTdkMi1ZWHFubGhka1JXUThyeFJyMmU3MkF6LWNJRE5R?oc=5
2026-01-29 03:00,Yahoo Finance,finance.yahoo.com,Nvidia CoreWeave Deal Highlights Applied Digital AI Data Center Potential,https://news.google.com/rss/articles/CBMijwFBVV95cUxPTkhJeUdWSzZObnN0TDB1MGdkTUlTbDBkcm01dzcxUWFiX0lDREJUa3hwTS11Z1piSVp2dFlNMjlPM1NRVHI1emNRZlZ5enY0cXJRNUJQeEhfd25FcnlCaDkwck9TSDd5VS1neEY5c3JjemcyZElxU2F4RVB4US1nN1dPU3FJVkxLYWlSaWUzWQ?oc=5
2026-01-30 03:00,Barron's,barrons.com,CoreWeave CEO on the Company's Data Centers,https://news.google.com/rss/articles/CBMirAFBVV95cUxPSElSNDFzY1piYmlIbVpXY0ZHN0w3OGY2ZUEzb1NSRWtCWlFGOHFFN2F0WjV6bGE5M0NUNmhuallwUnpLLXdLNmpJOHhhVUE5QklHOG1oMFlCSDJYdlpha2plUno1dG5sXzBOS1AyMjlGMW50NzhaVk1wYmtGMm15V2kyaHhjeU1uUHdhdUQtVkhoUlowVGNtVzVHb25LSk5vblBlUUFlSG9DdFJz?oc=5
2026-01-30 03:00,Yahoo Finance,finance.yahoo.com,Deutsche Bank Upgrades CoreWeave (CRWV) to Buy Ahead of Q4 2025 Report,https://news.google.com/rss/articles/CBMiiwFBVV95cUxOTWNaYmotVERXeDNjM2t2YUJJZlFKUUJqRUxtQzV4WUlDdTBXcXlYclo4WnZMNWlsZlRKT0pkaGRKdEZXVS14MFY2OE1OR1c5Nm5FVDZFMi1VWFNTbzJLWEt6M0ZSS2h2ZV9lNEJrQTVSd1BnYkFYLVRTZWFSSGxwZDdyRVBkTmxDRmIw?oc=5
2026-01-30 03:00,Yahoo Finance,finance.yahoo.com,This Analyst Just Raised Their CoreWeave Price Target by 40%. Should You Buy CRWV Stock Now?,https://news.google.com/rss/articles/CBMiiAFBVV95cUxNdHk5VFk4MEJsVnFiSEtGbjc4OVlHamxhR3Q0WWUzNDJ1Yzl4V1YyQ1g3ZXZVTEhwV1hEMUlvUmZOcmZST3l2dVJuSWw4cFdUdlVfSUVmOUd1ejVTdjE3MmdtMGtMMkwtUVdkRV8ycFRuWEhLRF94VjJ1VzVPOE4wR3VqWGY4R2wx?oc=5
2026-01-31 03:00,Barron's,barrons.com,CoreWeave Stock: CEO Intrator Explains Why Tech and Debt Go Together,https://news.google.com/rss/articles/CBMikgFBVV95cUxOWVRrb1Y2Y3dVQXdMdnptcmdjOXd4UXJ0SlZjRFFqYUxYa0VIUjZsUE8zLTYzczgzUC0wdnNUMEw3MHJNOVFEenhDSUY5RXdkSTFlUUtSZjY5c01kaTl6aUZOVkNEYXJuQWtPOWh2clljZjlGbU1PcnVSM0ZueXZ0THVleGJyUE5OWVk2bGQ5WW5Ldw?oc=5
2026-02-01 03:00,The Motley Fool,fool.com,Is CoreWeave a Buy After This Big News From Nvidia?,https://news.google.com/rss/articles/CBMimAFBVV95cUxPYnZDZHVnYktQNUJaVjBJQ0xuLWxhTHBSWlQ0a0xFVVVwd1ZCNWw5c05BSk9Hc3lnQWtubDhvOE05T25CQ0I3cUNRVnU1UllvaGJQNjVkTlVLMTMyYUxDbFJ5M2R3Rl84VUF2a1BVdWxZYVpMVUVwTXRJQ2RHUTZjS2JqaFdkaGhyWEplcDFJbm42NHFDbGx0SA?oc=5
2026-02-01 03:00,Yahoo Finance,finance.yahoo.com,1 Brilliant Stock That Nvidia Owns That You Should Buy Hand Over Fist in 2026,https://news.google.com/rss/articles/CBMigAFBVV95cUxQY1ZfWFcyLWZ4eUl1WnhKY0NBTkM4QVdSa21UMTRZQ2pxOXN2bFVXODFTY3loZHk2QnhtMExtVGVQcW9HTjEtTUg0b3I5Qlo0aU5sX3ZkbUFNNGIyQnlySWNsamFVZjA0ZjJxdjZzSE40UnBmTGVsOW9GVTFTVy15cg?oc=5
2026-02-02 03:00,GlobeNewswire,globenewswire.com,Shareholder Rights Law Firm Robbins LLP Urges CRWV,https://news.google.com/rss/articles/CBMiswJBVV95cUxNSUY3RmM2MEFva1hCZU01bC1ORlZJRXpCNHRzTkYwSk9WS1c1b0tPbC1tdlZKVkZxTUNTRlRFOC1fOUNQYkpjclJpR3Q2NFVIWXN2YkprZFdEQlNOUXJESGpsc0dpZ19YajF5R3BxZllEV00zOTJONGVCaUVrN3FNVEVWWVU4VDhaa0dCMFNHeGdsOFdwdjVvcVFpSUFIbFNQUWk1dDRvRGNZcF9WNkRpQWJRWHJLckd6TkJnYXQ5cmoyQXVQbHFQMXVtcDVGYzI3bTNHY1RyMFZ2SlRmRGM5UnJZakg0dUpiSEdLUTMwdHo2VG94dWQ0UlhTenp3S1VwX21POGp3Nk9Hd3RnT19OS1JDMFdqR3YxYkd5U1d5TUFTLUpyYTFPTW9ORDUtbFRUMUdj?oc=5
2026-02-02 03:00,TheStreet,thestreet.com,Analysts revisit Nvidia-backed AI stock ahead of earnings,https://news.google.com/rss/articles/CBMirAFBVV95cUxPOUo5SVJnVkc1M3NfSmV4VTh6ZGZiX3VLZUlvdlJidnBtNDZIdkNyTHBoRkxFeWZpNTRvbXE3cVJ4MzVfZ1RfREtQQlk5elFaUTBNdXpwcERqZTMtSF94VTZvTklQaWJvZkxScU5JYXZJSTNIUWZUSk52elpLMng4aEJ0eFc2ZWFQcEFIVF9ZX3FXVzFxQ21nOVF3aXZIT3F3RTV0aXEwRDZOS3lT?oc=5
2026-02-02 03:00,Yahoo Finance,finance.yahoo.com,CoreWeave Faces Lawsuits As Nvidia Investment Reframes AI Infrastructure Story,https://news.google.com/rss/articles/CBMikgFBVV95cUxQQlJ0UGhWZnBuenRyZlBQM29VMEUxTkFYSVZyVkZMX2RuSDVKbzBvWEhNalZIMWlnS2RCU1hySmY0MHZVYjlGRUx6LWVZcXBtdzFJWVhQaEVud1FPNkJtQXE4VWlrUDRzcmQ0SGRNRUQ1QXpoZ3ZEb3hoVDVoNFRUbGZqbEs1clRnekxTWUdkaVpLdw?oc=5
2026-02-03 03:00,The Motley Fool,fool.com,Better Artificial Intelligence Stock: Applied Digital vs. CoreWeave,https://news.google.com/rss/articles/CBMimAFBVV95cUxNYnpZT1ZER3NrSVlOTjJmMmR4NDVKbDFvcmxuXzgwSHVFRElzZnBVdXI0Vmc4bGFqUVg4SkF5bXppcnpVQ0w3UENQRjE1WHdZUmh5TWhzZzJDWXhseUw5WGViUTJhbTdxaWVlUDRiSXZKaHVuZ0Z3aWJOcUtfR2VKM3FLVVI2Z0Y4ZHZXNjd4RXhYd2RhdFp3Ug?oc=5
2026-02-03 03:00,The Motley Fool,fool.com,Cathie Wood Goes Bargain Hunting: 3 Stocks She Just Bought,https://news.google.com/rss/articles/CBMimAFBVV95cUxQTWRQMDVjRWl0bFBMRTJUeUo0eFBuM3FMS2d3SzllOWpUdjRMVnR6em1DS2tSdDBzTVpDUzNkdTJBS1dIZDJFYlExUGxyOGxNeDdqMldrcUVXVWU3Vk5VeFl3d0x3b2xsU1ZsNzBrMTcxTmctZHBpTUptRnRlS18wQUhsNlFvNWlEVDFBVEhXUjMtcE9zSzQySw?oc=5
2026-02-03 03:00,Yahoo Finance,finance.yahoo.com,"CoreWeave, Inc. (CRWV): A Bull Case Theory",https://news.google.com/rss/articles/CBMif0FVX3lxTE55Skx3SjhXbDY3dXBEMjRxRVBHUWZjbGZjMVZHWi1KVk10ZDQ4SDRKSGFmTEg5ekpiM1dWMWhYMDZsMHF0U1ZGVE5xV0hNYUExeEhPa3hLaGp1cElXSHg1YjZ1SmlpeHktYkViLUUwSEFOZjFVYzNBVWdfN1ZwdTA?oc=5
2026-02-04 03:00,The Motley Fool,fool.com,2 Things CoreWeave Must Prove in 2026,https://news.google.com/rss/articles/CBMihwFBVV95cUxQUlBrNjB4REo1SnZOajV3UlFYVmpKWjUyeUhJbzFxbEVBQVVVMk5sY19SSGh2MUd2ZnRrSU1QNjVkNnVCYkVheTB1anFoeWRfTjVqeExnMDN1d0RKNWZSMHNDaGRNUERMeVEzWl9qYTVYYnJXRVpHMGNncGtaWlZuY1FwSHR5UEE?oc=5
2026-02-04 03:00,The Motley Fool,fool.com,CoreWeave's 2025 -- The Year Its Growth Story Became Clear,https://news.google.com/rss/articles/CBMilgFBVV95cUxPSzRLc2dHMzV6d0xpY0dEZGRlQThPNlJoR21yNXRjLXk5ektlMlZydlVOeXBFSWlvVWIwVzFVMjZrZWtMb2JabU83V3J3OW0taVNFYWhBQTMwX1l1Q0NrVXJycTFfcTZiTmJkQkZybFBuMDBsbl9VWFVJbnVmeG4xN3VCbk9oMzh5Q04zeV8wUldHWHcxTlE?oc=5
2026-02-04 03:00,The Motley Fool,fool.com,Nvidia Has More Than 85% of Its Portfolio Invested in 1 Artificial Intelligence (AI) Stock. Should You Follow Suit?,https://news.google.com/rss/articles/CBMilAFBVV95cUxQdHNmTTB4XzVFSmNPay1TVWY3SG5SV3JhMjJLU2g4NWVpWjdsendpb1BNUThtZFg1VGVNd1lCVXJ3MHRaQzREMlhsUlBSR3Vyc2xpVkZSbnpKUWpZbjhrZklyY1Jac0ZFTkdOSHdKR0lQUGZzYUpCUndGYVRwODd6akYyOFNuRzJ6dHd5aFlSRXhQYTFh?oc=5
2026-02-04 03:00,Yahoo Finance,finance.yahoo.com,Nvidia Backs CoreWeave With US$2b As Lawsuits And Valuation Loom,https://news.google.com/rss/articles/CBMif0FVX3lxTE1XSEYxR0l2UWJkcEwwZkFkSzJhRnU5ckZKWVpkSTBxOVREM2pvbGN2ckh3MzNsdWJONkFZZ0xJc3JlcFFvcG5QdlBnLU0zVEE4Z013UnFUYWRtNThBV3hPcDJXWnpWTnJoWjd4dHBqQnNhXzZfUV9fMUhkUUxyeU0?oc=5
2026-02-05 03:00,The Motley Fool,fool.com,2 Millionaire-Maker Technology Stocks,https://news.google.com/rss/articles/CBMihwFBVV95cUxQVEdnbHhYUjdCMnZLYTBHZjVGRFJ5YllrOFM5UXk1YTljWXNQeHZuX18zNFM1a2V6cHF4SHdRdUhaOFBHUTZjVEdHOTlvOVQxZ0s2LW4yYzZCWlE1VWtwNk5fRFhNU2gxY0o2cU5ZSlQ1N3l0SVNhOEtLYVZMSFV5SHNRcEZpUkU?oc=5
2026-02-05 03:00,Yahoo Finance,finance.yahoo.com,CoreWeave (CRWV) Valuation Checked After Recent Share Price Swings,https://news.google.com/rss/articles/CBMijgFBVV95cUxPV21jSndnSzdOQ1hZdDZOMjFOaXVUWnZsZnZwY1I4UEo1cXpJSmVIMWp6ZnE3bnJ2MVhNWndXVDVvLXA5RkFEYUhHckNHV19MN0pRY05SMWxKNzdvM2dDT01QbTBrYlJZb0pjb2gwRmVvTW41Q1dJVEVfS2haZ0d0N1c3N2Nra1NYZFRRcXRn?oc=5
2026-02-05 03:00,Yahoo Finance,finance.yahoo.com,CoreWeave Announces Date of Fourth Quarter and Fiscal Year 2025 Financial Results and Conference Call,https://news.google.com/rss/articles/CBMijgFBVV95cUxQWUlrQXp2UHZOM2F3Wmp1OHVTOER0SDhMaXR5M2E5MTdvbVdWUlI2RE81WllvaXB4YU1GaWtUZVZoV0Jpeko1bnJpRnJMTXFVWWk3Q2tzd2x0ak9ESHY3Vmo5Uy1vdmNISVB3alNZX25yaEdrRnNGRk5uYjBjRUNEaHh2aGJWRDhjNGNKdll3?oc=5
2026-02-05 03:00,Yahoo Finance,finance.yahoo.com,Why Customer Concentration Is a Long-Term Test for CoreWeave,https://news.google.com/rss/articles/CBMiigFBVV95cUxOMFpNMDk0MFFsOXBsWmNKeTAtTDA4ck5ra3UyUVlUdHBXNm5Pd0VXZ0hkc0pDWXplUWx4TndXWVhCMkZIYndjT29RbzNmNXNjdXJaWXNCczhVWUNYVGxXNlJXRVVXOTdDeDNCSXhXTmE4UElRQl9XN1JiMUhyNlVqX0ozTGE3a2pBd2c?oc=5
2026-02-06 03:00,GlobeNewswire,globenewswire.com,"CRWV Investors Have Opportunity to Lead CoreWeave, Inc. Securities Fraud Lawsuit with the Schall Law Firm",https://news.google.com/rss/articles/CBMihgJBVV95cUxOS282X1dQajlBZ19WWVlWTWVzWDNyNHJTdjBvZ1VZQTVoNWJUVGprdEFSbDZ6T256VWJZSjIxeHh5M2xjbkg3X0s5RGFTM2F2dU56ekpvRmIzdlRrbFdVVVJtZnA1bE5ZQW11a3dyVDRtZnYwaE1zMDZFWW03MnJJQTQ2eGEzTkJYeFZPRTNMZG1TaDlhM0xMMHBmMGdhcFo4LUUxLVIwdkZaSnhmUjEwTDNrRDhaZHZrcmgyQ0FrcjdGM0M0eTNaV0U0N09CLUM0S01vZXpWa3pqT25TVlBnblk1cXRhYTFzaXpGZGc2NHNlTW5vQ0plUVoyRXdheVVpLW43cER3?oc=5
2026-02-06 03:00,Investing.com,investing.com,CoreWeave launches first brand campaign during Winter Olympics,https://news.google.com/rss/articles/CBMiuwFBVV95cUxOMnE5aXhtNVpKZFFnZEdUMnhMRUx6Q00yN2NTWHM2UmVZeFVPZlBrWTFIdkZaR0hydWVjTDhtamdYc1RnRTh4dHIta1ZSZU5WQ0FsQ2pYYzItV0VjYzVOa2t5aVF1bFZsdWN3UWhvQ0FzTjI4cDZmdGdPWFQ1RGdqMDNnUGUxSFplRGtLMkNKX3hHZV85NXRldUE4ZnQ1ZjE3N3pZU2xONWxHUlN2QURlRU1CQy1XUkNEOWtR?oc=5
2026-02-06 03:00,The Motley Fool,fool.com,Nvidia Is Investing $2 Billion More Into CoreWeave. Does This Make the Artificial Intelligence (AI) Stock a Safer Buy?,https://news.google.com/rss/articles/CBMilwFBVV95cUxNYkwzbnAzcXpGODhrX0NjZXJGb3RVd3k1ZElCSHNUQ1ZFZjhFUDh0YnFKWm5IOWVzeHdORVNkZU0tbFpNSnlwTl9KXzlYSkxuak1jTV92S2E1blM1ajVSRkJLenlsYUszNTZyR0RmcWlROER5ZmVISm1nR25vamV4UWh2REpJQnJ3U1F3aVJ6LXNnWDd2VVQw?oc=5
2026-02-07 03:00,The Motley Fool,fool.com,Here's Why CoreWeave Stock Plunged but Then Recovered This Week,https://news.google.com/rss/articles/CBMilgFBVV95cUxOdjhmTHIyUTdvUjVBRXZCdlhJZlpkTXlFdTB3akxpTjlPVkhzUEU5czZsRkIxSWRIM1JNci1SeFhqZjZTT3BjbU1pWXB3cEN0alhNcUJxdkpPa29WWVRHS09wbXBtdkF0N3RkUnZQZXZKU091VnoyYktpazNDMjQydktQWVZoMmpEdkJBdkM0TGRuQWdaWkE?oc=5
2026-02-07 03:00,Yahoo Finance,finance.yahoo.com,CoreWeave Weighs Nvidia Backing And ARENA Launch Against Stretched Valuation,https://news.google.com/rss/articles/CBMiiwFBVV95cUxNbmRoRGpNOC1lbHRkaXo5OW5Vd0NHZWh4UEp2a3luMVlqLUgxMWpucF8zQklwbjRIdmFYYUFncll6ZklWZjJHSXNxMXlaSWcxS2ZyWWJpeDBEUnZja3VPbE8wZDdFNWwxUFhfZWZxRWhqZFN3anVSYk9wSEJ3YU9FTjBEdHJjNndvTHM0?oc=5
2026-02-08 03:00,The Motley Fool,fool.com,Cathie Wood Goes AI Bargain Hunting: She Just Bought a Stock That Crashed 17% in 1 Trading Session and a Stock That's Dropped 50% From Its Peak.,https://news.google.com/rss/articles/CBMihAFBVV95cUxNNmRqczdOc3YtSVJEZWx4Y2ZlR2t5MnVJbUlBTzhuOGlvZzFWUTN0Mjhydi1BZ2xBU20wb1Qwd2hlaFdUbzZMWGlhTHdJR1AxeEIwTll5ZlRmQ1RTeVIxb2pBcHlmUzZZcnQ4REFYTG1zMWUyTnB1b2MyLW5GREJ5c0pJTEM?oc=5
2026-02-09 03:00,The Motley Fool,fool.com,Where Will CoreWeave (CRWV) Stock Be in 1 Year?,https://news.google.com/rss/articles/CBMie0FVX3lxTE90VTh1aFFQMkRUMUlzOFRqYVRKMGxHXzhtc0FQZTI3NFAwSzFDYUdIaWpYSnlGVVVxaGhXOC16dEZKeXVkamVQNDBxWS1WbDdHNjVydlp5eUE4TGwxY004VTRvc0tKbkdENlNDX1A0blpRQXRjUGw2S0RZOA?oc=5
2026-02-10 03:00,Business Insider,businessinsider.com,"These 4 stocks are set to get a boost from renewed OpenAI hype, according to DA Davidson",https://news.google.com/rss/articles/CBMisAFBVV95cUxPMUZaSDR1ajZmR2QyVlVfTlN1b2hWcVBOV0ZsSEY0VEwxRHYzYjB4NmxWenUtMm9hSTEwck16aWRqSzBDVFVESGxYRzNxNkxrQ29XVHk3U0R5T2VLeTdmeGl2ZHpteEhBVVpkS282Q3dhYVFvcTItb2h3Y2paY0psMlJOaHZBb0lVWTF4ZHFTM05SbV9kUDRjaUR2ajRCR1pRTERYVnZONjJMWTNRbDJyRA?oc=5
2026-02-10 03:00,Yahoo Finance,finance.yahoo.com,Nebius vs CoreWeave: Which is the Better Buy According to Wall Street?,https://news.google.com/rss/articles/CBMiggFBVV95cUxQdEw2WXctblpjMkNsUzNXQ2Z3NHJEVDZ4VmUyRWZlbDNRRW9nMFlVeUtEbHJqR09mNFNDazA4SlhyZElsSmExTGl0MlRaM3B3RlNBeC1nMUpZMmpVQ2dfQ19ldW9wVk94bkNYS2xGb0o4Z2VrUjRzUzRwMF9qcFlGQ09B?oc=5
2026-02-11 03:00,Seeking Alpha,seekingalpha.com,CoreWeave: A No-Brainer Buy Ahead Of Earnings (Preview) (NASDAQ:CRWV),https://news.google.com/rss/articles/CBMimAFBVV95cUxQb1Jkb0dna1dPY25UOEEwRmdlZ0tsUGI2elhBQmhLeGdHSE0zLUpMLTZURzY4R3g2OFFiYnc5dnRBOG9OWWR1NUw3VTJwTG9zLVVsMnVXeEdfQXRkejU4UEJEWnhqZ0NwZF9tdm9CNWJaRGFaM0d6S0V5NlAwV0VWV2FiR212emJfanFmNVlyWk9hUXMyMmNXRw?oc=5
2026-02-11 03:00,The Motley Fool,fool.com,Prediction: This AI Stock Could Triple by the End of 2026. Here's Why.,https://news.google.com/rss/articles/CBMimAFBVV95cUxOVzllekFxUWs3NWZ1RjhCa2pwSVFZNmRCVjZXR3dUQzhtakVndnhna1dUS2JFMkJ6aUlncGNrYjlWUzZYcjFuTU1abVhUWURlUW9hMUZRcVNIa2tTNUZTYmpnUnhvazRQdC1iazMyUm1EWXdwX1pWeWFpbGZhak1QbWs3QjlicjdTVUY3cXRuYnhtY2l0REZqWA?oc=5
2026-02-12 03:00,GlobeNewswire,globenewswire.com,"Levi & Korsinsky Notifies CoreWeave, Inc. Investors of a Class Action Lawsuit and Upcoming Deadline – CRWV",https://news.google.com/rss/articles/CBMihgJBVV95cUxQdnplTWNBb215aUFuM1Q3dndodXV1cUw3Q0RlZWhuQ1J5NndrSHF3YkgzNlYwOW5xcjZwZ2diZTFsS19hN2ZmVGRpcXpLYS1lNFRwMUE1cGlLcGI3YWJZMTZEaEdBUE9fdWdlS0tkd3U1dDFJSlB3cHVCNUJrOEFHeEVYOWNuaVpGeVl5bU1jQTcyUEtYZHdrS3pxWUVpUmdZOEZtSkd2OE9fUnRiOHE4MGVrWnRhOXhDeVh3LUloaGk1aGVER2s2UkIzbEdMTFBmVnhYQnlwYVh6WXRzQXNidDdVeWNoY1lMQlJUZ3pkVnBiRE5lQ0prTVBFaUxaUGdTeHh0UzJ3?oc=5
2026-02-12 03:00,The Motley Fool,fool.com,Prediction: 2 Stocks That Will Be Worth More Than CoreWeave 5 Years From Now,https://news.google.com/rss/articles/CBMiiwFBVV95cUxOSUxZQ3hYdmswNzBpdm80WFIySEJSeG5mTmU1MHFGcldGbFhsN0EwSjJ0c0d1bW9oQ0FzN2xDZW9vUldHd2w5UGROYlY4ck16R3NwRjllVWJsbUhkM0ZfRVRKaUI5RV9aRnhvVUdCTE9qOUJZQUZXd3ktWmF0dHh4XzdfMThuMjBweFlv?oc=5
2026-02-12 03:00,The Motley Fool,fool.com,Should You Buy the Dip in CoreWeave Stock?,https://news.google.com/rss/articles/CBMijAFBVV95cUxQa2ZqQWV0S3JacDc3bnpJOHZJWGpGaUV1ajlPNHptX3dBQ3l3ck11dmd1Y3lBQW84YzI5ai1JNjFrQ3dDbzU1amk1bHR2RVVjTjRGanVzZWpOeEhQTDRYa3laRUxyODAzY1hPUUlRNXIzelpUU1VCbFl0bmphdTNFdjlMRnFiSWNfYUUyRw?oc=5
2026-02-12 03:00,Yahoo Finance,finance.yahoo.com,CoreWeave Lawsuits Test AI Infrastructure Capacity Story And Stock Valuation,https://news.google.com/rss/articles/CBMikAFBVV95cUxQdndPWmcwNnNUMkJUX1FONUJ1MXlXRV9PelRaUktXazkwbTJnMk5ySzVZdUI1X1A2YWRLTHNXNkhnMU9ibUZkZXhwcjRWbEVpMGJXN0hhbGZzVzNCNDRRdVZnTFktZUsySTVjOU5WVTJQbEJvd014NkZrR1BNZ18tcVFjb2tkNW40d2ZoWVhvekw?oc=5
2026-02-14 03:00,The Motley Fool,fool.com,Should You Buy CoreWeave Before Feb. 26?,https://news.google.com/rss/articles/CBMiiAFBVV95cUxOSGtLWG85MWhTYlpKNWxlemQ5UjdiU3h5QXV2RURuWjBvQ19uM3ZMRG4yMzAzQ3ByTlBtakg1MzFsVjg4SEJtcUJGaVBRWmZsZzJCM1BlVWxBRzdGNElXcTlYT0pUcXNiSGhmTXJVc2VUT2NJUEdLYWRBQzA5SG56MDZ2eWRTZVMy?oc=5
2026-02-15 03:00,The Motley Fool,fool.com,The AI Stock That Could Make Early Investors Rich by the End of 2026,https://news.google.com/rss/articles/CBMilwFBVV95cUxNZlk2ak5HLWE1ZXdNc09aN1o1VHpwc09GeXgzZ1JSYlRTWEJFWlc4Wm9RcWZWeGR5aXRlTEkyRlU5bVdoUldWMTBBNUkwN3ZkLVh5eVFkRXJsbFctbVVnbHphaEs5Qy1vSGpsY1ZXWlZqUjJpOXhYa3ZmZExYMXItVjhkM2ZTSW5YTERtWFdMTF9pUzRCbDVV?oc=5
2026-02-16 03:00,Seeking Alpha,seekingalpha.com,CoreWeave: Power Ramp Meets Capital Reality (NASDAQ:CRWV),https://news.google.com/rss/articles/CBMikwFBVV95cUxPU19vSmw2UnFxZjB1TEtrczBFRkJFTFRNYWJwYUtaTmdZaC1aRDBBUVJmNHRIZU5WU0pZSFZCVWRVSGJGd0lPdHVpMG82TUx4enJPb1d5YzhyT0ROYUJ0WjNRYVlQR3Q5YUhYc082ZFJvQmtVcHZHZzQ5ZUFYTklZR2ZoUHRTZkdQSDdKSlJLd3hESzg?oc=5
2026-02-17 03:00,Investing.com,investing.com,CoreWeave stock falls after CEO sells shares,https://news.google.com/rss/articles/CBMiqgFBVV95cUxNdW1yTnZod09fVXJhVnJSQ0xQbGJPWXRDSEhYZWkwM0RBVS1UUS1pU0lmTU16YUFmb2lzVzBEOHBOSXVRM0pzbjg5a2dPa0cwU1BObjVJd09TSU5LMXR5NFRGU0lTc2VibG1zeWFqZ29TUjJnbGNRd1dBQ1ctZXROSUJCVHFJaU9wSERMeGR2N0c2UzRZeVphbHNYZk11N2NZcW9KVndZM19aUQ?oc=5
2026-02-17 03:00,The Motley Fool,fool.com,3 Risks Investors Should Watch With CoreWeave Over the Next 3 Years,https://news.google.com/rss/articles/CBMimAFBVV95cUxQNkdPRlpFWTNZS3VGNTVod0N5SVdCVTVVTVRGckRNRE82a09sWUN5MDBqRXRVQkh4SXduZkNUT1JKVmt6QTZldGVqTTd5UFhVVjgzOHhyMlNJVGFILU45WU5peS15NlBNdG1yN3ZfMGpzSkRvUnFlVmpVOE1pdXpjWlpPV2ZGWEZVVFF5OVlyY0taNldXelo3ZQ?oc=5
2026-02-17 03:00,The Motley Fool,fool.com,"Up Over 30% This Year, This AI Infrastructure Play Is Just Getting Started",https://news.google.com/rss/articles/CBMimAFBVV95cUxOd1c4LUdLeVUyYzV6dmFKZ2FEUkV1SldnUEFPTVByQkRiSUFHd3ZPZWtCWC1KWnNBdHFzRUFzazJsNUUwS1FleGVLc0Vvc21rLXFkWjhCQ3BRcGVTd3poRXZTNG9BWGN4UC1BMkViRlRwU1llZlVyci0wcktobU45RlNTblRjXzM3bFZfQzIwanhaTmlWU3IydQ?oc=5
2026-02-18 03:00,Yahoo Finance,finance.yahoo.com,Is It Time To Reassess CoreWeave (CRWV) After Recent AI Cloud Infrastructure Headlines,https://news.google.com/rss/articles/CBMiiAFBVV95cUxPeHU5aUxzRzVZUkh3dFJTM3dSY2hhZGNJa0ZlZ2RWRUQxbDVVcnhCeGlJY0U2RENiaGQzNW9HcUdLam1jMi1WSkJ1NjNFMC1LYU54azkyOWFHS2t0Q2V0THJoczdhTXprbVpOQzVXOXpnOHdETDhjY1hKUFF4THVZR19oY3VFXzN6?oc=5
2026-02-19 03:00,GlobeNewswire,globenewswire.com,"COREWEAVE, INC. (NASDAQ: CRWV) SHAREHOLDER ALERT Bernstein",https://news.google.com/rss/articles/CBMimwJBVV95cUxOZnlFV2ZqNU94Y3hsTjMyTTFZU1hNZFhQUzdIRnVOalpaLXBxNkxzYmx5MnowZnpxR3JKWW9SbmJmZ0kxNmJGWW1GazV4U2JYUnpzQjZWeGZrbzJZUHRKT2F0WnkyN2xuNkRLakRfMGYzLXFoMExmUGEyejFNVHMybHVmV29QZHh1TGZrQThEMGswN1VLbnVsVzdvZjdfTWhpZ0EtZkhHUDJGZEtweVRvTVB0WTduR3VVR3lrbEk5ZzQ4eThVdW9fRTB1VlZwSFMwY2FFdEp6QV90VzVmRWpNVVhRT1NSWFpQTWVsR0UxTkFhTk0tRjNYRjNZTGJodDQ3QkVVTzAyX0RhMEx3MTNBZ1VleGY0cXA0a3Fj?oc=5
2026-02-19 03:00,The Motley Fool,fool.com,Nebius Gave Amazing News to Nvidia and CoreWeave Shareholders,https://news.google.com/rss/articles/CBMimAFBVV95cUxQcE9PNEVhY3FJMXNEYU53Z01ZS0hVMkFUSzRoS0F1YmdxVmRCd2dPVkUyMzRwYmxJd2I1RHVtaFdQcGtVTDMyTFhzandtSUdZUGxVaEhob3BaVWJQeHJpUUdsTFIwVG8tOUpEcGdMS0Vnc1dwMngxYkRZNHczWUNTWk9fYnZDQklrWjY1dHo4akhKaHJhR1pWVg?oc=5
2026-02-20 03:00,Barron's,barrons.com,CoreWeave Stock Surges Ahead of Earnings. What It Needs to Keep the Rally Going.,https://news.google.com/rss/articles/CBMiiAFBVV95cUxPdW90MmpLd3RodTdXY0R5QjVDNEtTYWFMdEd3anI2VGN1NzJmb0tpUFM4Y1NjdXNYYXZMZjd0bENOYVhoWjVmUUNwMFlzd1I0c2RSWUxIVHVfNnh1WjFFeGIzNjVMNUdWVGpValRuSF9CNXdnTkVGdC1jaTZpczhFX3dMcklWT2FK?oc=5
2026-02-20 03:00,Benzinga,benzinga.com,What's Going On With CoreWeave Stock On Friday? - CoreWeave (NASDAQ:CRWV),https://news.google.com/rss/articles/CBMiqgFBVV95cUxOTHVESkppRlhUZHRRNndvMkFMYkp2dTJsaU5SSEVXMlQ5dFdFd1RPdnl2Sk50OVplVVVYaF9PSzdTdWh4aU16MlhSR3d4Vmp4bHhtRG96czlfSy0wclkzX2pMQkRPM0dBSkgxUFREbWRNTjRKTG1XUVZfZm5faWpuU1JRd2FJMVpoMktPMnRsaWxpdHQ4dFZDb2tjeUlQejlndGptRDhpVEJaUQ?oc=5
2026-02-20 03:00,Business Insider,businessinsider.com,Blue Owl shopped debt for a CoreWeave data center. Lenders weren't sold.,https://news.google.com/rss/articles/CBMikwFBVV95cUxOQkFrOXZJdXh1LXB3aFJRMFY3QjZjd3g2b2dsMm1WOGJMMUl1ZEttTTFpVVZlU1J2cENMYTZvUVMwVEpLT1RNZC1IYWJMeU84YVltTUQycm5fakF5X2Vwb3l4LUxCVC0wQjVNeGtoQUVnSkREVWZ3cG0xOFZ6REptY1RpbVFveU9RblZfWUM2WjZNdjA?oc=5
2026-02-20 03:00,Business Insider,businessinsider.com,CoreWeave Stock Is Tumbling Amid Fresh Data-Center Financing Concerns,https://news.google.com/rss/articles/CBMiowFBVV95cUxON3RUR3pURVB0WDktQ1lWSDVKRjNOWkZSRnlNNVhhOHV4bXVXTTNDLTdLMDh6dW9XUUlnMmVNdE1JeDl4NVpGdkhhWl95RzRVbVk4V29KeFdGa1V6RVoxMC1hanRwaFlULXVsVmlfQlZOQWxLTTJNTTdjMFNoeC1INUtMdGMzV0twamNpeFRaalRRTTlCYTdsUm1BU2plUDl3Uy1R?oc=5
2026-02-20 03:00,CNBC,cnbc.com,"Here are Friday's biggest analyst calls: Apple, CoreWeave, Microsoft, Netflix, Walmart, Live Nation & more",https://news.google.com/rss/articles/CBMijwFBVV95cUxOdVhneW4tMmxSTmh2RlhEUWZYRnUwVUhRNHF6RnpHSzJOanlzQzM4UDJQY0NUc1o3dDZBa1RfLVc2bFh2aXl5VHlEN0xQMFhDR3hWV3lEem82ZERIUWZjQzZhZ0RJc3BHb1RRejI5X2ZLM2NRN3k1UENEbEZJOGJGamJENm5FZDNtWDkySGU3OA?oc=5
2026-02-20 03:00,Investor's Business Daily,investors.com,"CoreWeave Stock Falls Amid Blue Owl Doubts, Data Center Debt Financing Report",https://news.google.com/rss/articles/CBMikwFBVV95cUxOQTJvdTRNYkxGRUxuWkhYUUZ5Uk14Zmo4c0hHdENBSDFib0dEb0hmM1F5QmdZQXN0c2V5R3E3NmVvaUNsUUgyXzc5VGc2NjBjdGY1NFlfNkstd0JKYmlZN3JUVTA4V3JYVFg1VHFISlJVLUtSeEVhUTB6bmNrWDMwek1lbkY2aGhjOUFxMG9FU0JTak0?oc=5
2026-02-20 03:00,MarketWatch,marketwatch.com,CoreWeave’s stock drops. Why a $4 billion Blue Owl funding snag has investors on edge.,https://news.google.com/rss/articles/CBMiwwFBVV95cUxPNDhzeGhDZmZMcUhZZEI5TlJkMmZsLUF1T2Zoc3UxeDZvT2tnTGNtbEhOa1dxM0FRUmlZb3B6X1FRd1NiVGVaNlM4ZTUyV2x1Z180eW8xNGtTUnVJbzJLME1fcWFwd2RyUUMwc2VpdjN3TzEtZW9keUowMUFJcGcyT3pjX3cxU19TY01qQm9QWVZtS0VUS3NHYlNOQzI4cnpXdUIxTTRjQzBXYTVaaC1MMU13VEZRbEtmZm5pYzZRN2JyQ0k?oc=5
2026-02-20 03:00,PR Newswire,prnewswire.com,"CoreWeave, Inc. (CRWV) Facing Securities Class Action Over Alleged Data Center Delays and Concealed Infrastructure Risks - Hagens Berman",https://news.google.com/rss/articles/CBMilgJBVV95cUxQTmhHTU5UeTJwbWlVOVpJTGg1YTk0RGxmVE1GXzNLd3Z5QVlFS1k0bGlfcXRuRmFnUm5FcENaZlpSZm0wSnI4SjlzSHB0dHRudUx6XzBPLVQ1NnI0MGRSXzJ2MG1LeUtUeHgxZ2FrellwU0ZLQ01kTTVFeTFraDdPeEpXUEducERCWktobVN6bC1sSlh2N1B5d0tHNWZ5MDFqWG5Ua0RfSDVvNGJzdlJNSFMzMEJlZTNRbUctV3VjUjN5TjNXZHpXYVVvQllRSG5aS2VOTUNkSVdwUUxadjl3UUttMnZJR3RMdjBYR0dmX1c5UFhvVFpjWGhoaUtTWEZCcWp5OV9SbWlNM0VQbldrVkZSS0tFQQ?oc=5
2026-02-20 03:00,Reuters,reuters.com,"Blue Owl shares drop again as asset sale, debt fund changes fan investor worries",https://news.google.com/rss/articles/CBMirAFBVV95cUxPLWx5ckxaZjBuc3pJNGZUbDNVaGZ5NFAzVGp4MWVXTjJWRnFiSF9zaHFhdlVXNU5ZY25fcjFjMlFMb2psS1NXTGdlV01RdWt3b3ExdElvWXlCNk5PQTFkRlk3QjJtZjhYekt2aHhWQmpqa0JsR0JLSDA0SEVaOElwTUs4ampkNFdhbWJVMlVleC1YRHRIRWFyaWxZRm1JX0RNUzNhc1dyLUtZV0VL?oc=5
2026-02-20 03:00,The Motley Fool,fool.com,Prediction: These 2 Artificial Intelligence (AI) Stocks Will Soar After Feb. 26 (Hint: Not Nvidia),https://news.google.com/rss/articles/CBMilwFBVV95cUxPMlZCTnpvTFgydGNRM0NiOWZXVE5qdlpvWS1YVVEwVElweUI4QlkzbTFFb3daTGNGZk5Pc3p3Tkc3LVRacVpiMEt6QWs0VUswR2FLaXRLZ3hpNDhLWGpTR3VFc181OEVkZjlyRk9WUmdOUzhudXFwWGJmY0Jpb1l3ODc3ZjZNTlNsMDNwWVgyYkhXdUNoZ0kw?oc=5
2026-02-20 03:00,The Motley Fool,fool.com,Why CoreWeave Was Plunging To End the Week Today,https://news.google.com/rss/articles/CBMilgFBVV95cUxNR3pnN3lQM1loUjJxVUlJS1M0RkRFaVRRUVQ1X0ZvRm5mNjdjdkNtWHNlVTQyaGhhejVBVnVkZDF5WEMtTzItRkxhNDc4OXktNjNCZG1md2gtdGpsYkNsdzNmTnJvNm4yWEhocmV0b05pZzlNZ1I5a2ZoMjRKV1l1dnlZQ1k2RUlTbkVwcEwtNzUyZTNTUWc?oc=5
2026-02-20 03:00,Yahoo Finance,finance.yahoo.com,CoreWeave stock tumbles 12% on data center financing concerns,https://news.google.com/rss/articles/CBMigwFBVV95cUxPN2k1TkpDOWt6R1VYVmN1WkVZWl9vQWIxZHh3OF93SlpqV0ZlRlY0SEJhODQ1NXozMG1zbDBFYWFVTm1tSGoxV3VXR0RmUFdfaWZOdnlmUTQ4UzAwX1JVZ0puQVlDYjdpNEh2Rjdmci1aenNMSk5sTTNHVmlnc1FzYkpSYw?oc=5
2026-02-20 03:00,Yahoo Finance,finance.yahoo.com,CoreWeave’s B+ rating leads to Blue Owl’s failed $4bn data center financing,https://news.google.com/rss/articles/CBMigAFBVV95cUxPUmxxYmlNd3ZpaEh3VlhTZVBETEJhNC01WE9UMzNjNDhsOFNWQkZWNjVHbUl3YkRoa0gzV2pSRFdTYzNBRy1NMEM3X2gwNG52eXJud0xDYXNZMFFMYkgxU0p2ZlNOUHJPajNnT1gzLW1PQkM1OVlycXI4N3RDbV9YdA?oc=5
2026-02-21 03:00,PR Newswire,prnewswire.com,"CRWV Deadline: CRWV Investors with Losses in Excess of $100K Have Opportunity to Lead CoreWeave, Inc. Securities Fraud Lawsuit",https://news.google.com/rss/articles/CBMiigJBVV95cUxOR0RJalRLbDRDaVlHdEc0WVo4TXhzYTUyLXlaMHU4alpZY3ZNajMydklsS0dvWHlxTE1pTzhmT2M0SnJOVjh1UFZGZGl0MlAzTHYteXJsakxlMzNTVFRid3M2ejJBYjEyZFRIMmpKRTFsVnBHakt5OU1YS3BNbDZLWHh0d19CMEV6NURYcXdfREFGQ2FGYVpQRXd2QkpzLW8yMDZZRGhuM0pBbEozSXJhS2p6aHlLRGhTdUtOTG0xNjZNLVZyNkpZUFdPOFBseUZkX0lxXzJfcUllRTJreV9vb2pja0JXOHZnYVhvMTJMaTAxamNrSWNVM3ZTZWxBbWxJOEoxU0tNcGxtUQ?oc=5
2026-02-22 03:00,Yahoo Finance,finance.yahoo.com,"CoreWeave, Inc. (CRWV) Slides as Morgan Stanley Flags Execution Risks and Data Center Delays Ahead of Earnings",https://news.google.com/rss/articles/CBMihAFBVV95cUxNa1M2cHYxZGx5V2RUWFJ2N1ZnNnhobm1mNWNzU0tUQklla183cHItaWJ1QmZPci10a3BUT0w3SVNTWEF2aFRYOEFCYzQ1QkwyanlPbTBUNS1DWTNVVS1mQ1VFdHYwanR3TEt4TmFKdFcwVVhfY0xBR19CLWxzenZpeUJkWlo?oc=5
2026-02-23 03:00,Barron's,barrons.com,CoreWeave Stock Falls. Blue Owl Concerns Are Stress Tests for the AI Trade.,https://news.google.com/rss/articles/CBMimgFBVV95cUxOTkV0bXF2RnU0SDVsUmpBam95LThOSU1nTGpLcGpNeEt0V2phSjdRSENHVWFnSFl0ZXlNaEhaZVR5bGtUdGtXeFB5MWg5eXk1S2lpOUpyaGtOWVRJWjExLVRodHU5dldhX2tPT2hFU3R6aERLX1hORnhDYUIwWFNUN0p3THoydlN6RlJSeFNLR3JLYTk3akZHMk13?oc=5
2026-02-23 03:00,Benzinga,benzinga.com,"Nvidia, Joby, CoreWeave, Lucid and More Stocks with Earnings This Week",https://news.google.com/rss/articles/CBMiwgFBVV95cUxPa0VGUE02Zjg1WldVUjFET3ZZYjNUTlRmVXZDX3VqNGhsWk1CcGlzLVhmb3pIMzN6eHN1Z2VHd25tSTdoeTY5eHFDNnlhcGkwdWdQS3NCc3NWN2s3S1ZORDN6ZWJZMmI2LTFKczFZa2ROQVBUb3pkaUdUQ1lWQXRCT0s1RVdBR1o1WUpyUG90R0tadmgzTWJtaDNZNE9OSjRxYnhiV1pKV3UwRW1PMDFDY3U1MWQ3S0Ita0dTUnpLYmh1dw?oc=5
2026-02-23 03:00,The Motley Fool,fool.com,2 Artificial Intelligence (AI) Stocks That Could Double in 2026,https://news.google.com/rss/articles/CBMimAFBVV95cUxQbnlUdGh0SHFXY01TMWpRbXI3VGZubUtRM2d5dHA3Qjd6VExXNjNIZDQ0ajNFQ0R2cFZiYngxWW5HZzNRN0lNTGl3NWthWjR2cFViTDR0YWF1Wk1DbFZCVFk4b2poR25MOHBOaVRHS29xTGNFalljUVFXcGN5MDFBcFY5REJVeGVxMm5nU0Vvd2hxaUZGZzRIYg?oc=5
2026-02-23 03:00,The Motley Fool,fool.com,This AI Stock Soared 92% Last Year. Is It Still a Buy for 2026?,https://news.google.com/rss/articles/CBMimAFBVV95cUxQYkZ4Tm50Q0tUNm5wV3ZHWWNUaEc0Z0k2SzR3UU5QSF9nSkd5a0pubWVzekxtWDFZaUNjMFpWT0djZk5wTGxIblV3Unp2QXlISXF0ZHFBSTJOQTE1OVc2RE9YZjdYRTNoNDNROTY4N1ZjNHlLM19rMmNyMC1ESl95RHdBci1aaEFEMHNBamFkWlNpSXdJUkxkaw?oc=5
2026-02-23 03:00,The Motley Fool,fool.com,"Want $1 Million in Retirement? Invest $100,000 in These 3 Stocks and Wait a Decade.",https://news.google.com/rss/articles/CBMilgFBVV95cUxOcC1oZEhPSHFJWUcyYnprVmRreW9tcnpIMG9KV1Nsem1YWnU5LXBNODdEWFdOTFRyTTVDUV9uWFItblpCY0p0eTdjTWRtWFJpZmZiNG1CMWpKZzc0VnJ0c09qalhQTDJzMlNCU0FOZFVNUTJCMlRtR1FwOGFwdkNTenh1d2hqTU5DM3pvallCR2xJd0FnS1E?oc=5
2026-02-23 03:00,Yahoo Finance,finance.yahoo.com,Cathie Wood Snaps Up Millions on CoreWeave Just Days Before Earnings,https://news.google.com/rss/articles/CBMiigFBVV95cUxPenlYdzFlTDN1dWF4bTJGT1QxcVBTc1hfOGpoei1rcVgyblB1eHAyLUwzQjE0ZloxeHpSSmViVC12Q0E4a04zTU5qWTJvcVFkRUhzT3QwMmd5TFRvWDJFZmhjLVZOd1Z1cE1yMy15OHNMZmFUNVNuczVuVlJEQXNmc3E2bFhsUkFxSHc?oc=5
2026-02-23 03:00,Yahoo Finance,finance.yahoo.com,CoreWeave (CRWV) Valuation Check After Recent Pullback And Conflicting Fair Value Signals,https://news.google.com/rss/articles/CBMiiwFBVV95cUxPaTkwb3BiRGlIOExQYjNjbDFBTEtFSTk2eE10S2lwYkt6SllXSGlLT1EtTE9qRTR3c3p3Zms1R3VXb2V4V0tkVGVjYXFNMXVibV9ZVlNGVVU2ci1ZRmVUXzBsVVpzYWFMYWlObk9OX1N6SFpxTjZFZkxRRWlsdUdITXZFMllLbHhYYUdF?oc=5
2026-02-23 03:00,Yahoo Finance,finance.yahoo.com,"Should Investors Bet, Hold, or Offload CRWV Stock Before Q4 Earnings?",https://news.google.com/rss/articles/CBMigwFBVV95cUxPQy1BZm01VW16T2paV2tTRGI5S1dwUWNvZkRZYmVjd2IyX3VXeGROX2xFWEtuVjl4NW4xXzgwdUh2VldoWGNjbEl2RUdOT1llS3ZtX0ZHYnZoR183NzNFbS04ZjFEVFE2Q0tZNmxTUWxKOXZwb3NYZG5nRl9SZGJCUjhvZw?oc=5
2026-02-24 03:00,Bloomberg,bloomberg.com,CoreWeave Seeks $8.5 Billion Loan From Banks Backed by Meta Deal,https://news.google.com/rss/articles/CBMitAFBVV95cUxPT1FIc09FcTZmWHZyai1EdVJuSU1ub2xBbUJ1Y1BrZXF2cUJSXzlCOXJHRzJiYVgwU1NjRk9HUUhnUVhyQU41NmhfaHd1UzQwdmJKaU1oejZjanlNbnF2T2pOdFdpQXE2U25mVDVDcFFucW9fTDRpRjVxMWc0Sm0ya0FfYVhjMGU3OWd2ZVVnRlNuMTcxS3VQejR1T093ZE1pcGV2OHlnQV8tMVdaWElKRV9aTEo?oc=5
2026-02-24 03:00,The Motley Fool,fool.com,Is CoreWeave Stock a Buy Now?,https://news.google.com/rss/articles/CBMie0FVX3lxTE8xSUIySVI4d1lxaHlaRFNhcGNDSDZ3MDdPR1FFMUVjdmt2SmF5a3hIZHgyMDkwOFlQV2hMYkJaSHNjSjJSaGRuUFRaX0dHd3ZVVTAyUTI3R0RmbGp3azRHVVlIM1AtdUhNTDNIM0psdzRBUEw0NFFOTURNMA?oc=5
2026-02-24 03:00,Yahoo Finance,finance.yahoo.com,CoreWeave Confronts Lawsuits And Funding Strains Before Pivotal Earnings Report,https://news.google.com/rss/articles/CBMilAFBVV95cUxPRlR3YU9rNmc0eDNJNXlncVZ4TTJTdE9WTjZfVkU3RXFnNmtIVkltNjQzY1JtMk9jUjdzaVNacG5EVGpfYnlONDBzYUJoUGpPN1JsVDRINFAteWwtVVZYekJjaThGRW9NSGYtN05aSlhfS1ViUWh6WlQyemowdUQ2SXhPMVhyYkRRNldZZXFFbS15QjFQ?oc=5
2026-02-25 03:00,Investing.com,investing.com,Coreweave GC McVeety sells $152k in shares after option exercise,https://news.google.com/rss/articles/CBMixwFBVV95cUxPMUlDX0h6NTB1R0cydXUxYTdLaXhxQkZULXVzNVNvWS02YnhBZkUxdDB3RHMxemg0WTNYeGxTV3FZbEpRUzl0RjFscFIyeGFhRW1HeGhCVTllVi1ScFdhSzVnS0tRZnpCNXdPV0hSa3FwSExIdVZQaWtDWWNFUnNfcllnSXZjdG1zUDZLM241dFljTkJPZzZ4VUFGX0YtVVpsWk11R0NxR1FBYlRYMDNCbUNpWkVSdTJFQWZ0YTc1em1YT3ZWdUIw?oc=5
2026-02-25 03:00,Investor's Business Daily,investors.com,"AI Stocks At Crossroads As Nvidia, Snowflake, CoreWeave, Salesforce Step Into Spotlight",https://news.google.com/rss/articles/CBMitAFBVV95cUxPb3FyLURlbW1naHFkY0ZtelFiWkxydTdudFFOYXRWYWtaSGNmWUhUeFZHQTVrR1BJWG1vYTBtN2xQYWdTTXpoQzRyeGhrcm90Rlh2MDlIdzNhb09SazZjT2U5UzN6TUdtREUyWF9KbjFlcDNNNC1oQXM5QnJUdDQyZ0dsMWhUS3NFZmItOGFBeno3YWYxZ21uNGJnZTQ3aUVZSU1kblZubEVHcjlTOVJSbGRIYjE?oc=5
2026-02-25 03:00,MarketWatch,marketwatch.com,Here’s what CoreWeave’s earnings need to show for the stock to soar further,https://news.google.com/rss/articles/CBMixAFBVV95cUxOaWliaFVOakZsbmZxeVJsOWZEWEdfOHB5b0hrUGZTeFNXSnJhN2tiMzl0OFprNkg3LU5oZ0ppR2tDRXBSQVZjRVNFSmJTd1VzX2NBa09STXoxOWlrcnFoSzhwTVNMTEN1WWpobjg2ZV80XzRiRUdWQmxza2F3MjRfOU9CZW1xbElRdkFjSks1WlB2TERqdzN0SlNDaWhKdlBIY0U3M29PVGQ2ZU5DR3A2bWF2NTJFakIwdk9wTm44cFFTdmky?oc=5
2026-02-25 03:00,Seeking Alpha,seekingalpha.com,CoreWeave Earnings Preview: We See FY26 Upside (NASDAQ:CRWV),https://news.google.com/rss/articles/CBMijwFBVV95cUxNLXBOVEZPam9OZzlGYVpndDFsM250c3dMU2ZCTGJ3eTVyN3k2cklCZkllQTR5dEktdFZJSi1JT3d3SWhXWW90NDUwYWhjY0phV3BCSWJzV05WRmRjN2JEaG5ENmZIMmcxeVhZUHFDaWJMMHdaYnJwb2N4ZDNNNld0ZnpEUEFMejJJQlZnMVJuSQ?oc=5
2026-02-25 03:00,The Motley Fool,fool.com,This AI Stock Has Soared 123% Since Its IPO. Is It Still a Buy for 2026?,https://news.google.com/rss/articles/CBMikgFBVV95cUxPSzI4bVFDTHFUR2tWdndYclEwUUNjV3RubW1xbW13dmxabC1YNVFPTTI4MnRoWUQ4ZHJtTlpPVEJCdGdjX3JSQTJJX3BIRExia1Btb28welhRbUQ1MVpIT0pmaXFUaHJ5bHBYVGNILUgxWU91eGdyaklpQ2ttbEpNSHl5Z25Bb0xCckd5Z053bk5Edw?oc=5
2026-02-26 03:00,Benzinga,benzinga.com,"Netflix, Block, CoreWeave, Rocket Lab And Dell: Why These 5 Stocks Are On Investors' Radars Today",https://news.google.com/rss/articles/CBMi4wFBVV95cUxPWnlzalQxenFCZFl5Qm9wNTZlQ2VoZzFkWktGdmhfaC1RMVBSalNsRl9vUThHWjhfYjA1MGRVbGpBRFRDd2dRU3NOeHI2OVJzRlp5VVFxWmNqQlV2N01VVXBZeVZFaXNmQ3A2UkRvMXhuNEhNVzhQUUlVeVpUYV8xWkJ1eGJsWGdWNWRXdHg2djJoeGtHcGxBbjN0RGxjVW0wcVd1aXk3bWxSRHgtb1dtbGlfcTJ4aHlTSVQ3bkJCY2tWdTdzWUFmTUpFdi1OT0ZDVGtkbDRoM2JMdEI1RTNUNE4tVQ?oc=5
2026-02-26 03:00,Business Insider,businessinsider.com,CoreWeave Says Nvidia Has Its Back on Data Center Financing,https://news.google.com/rss/articles/CBMimgFBVV95cUxQa0lUMVhiOEdmdjZzOE94QVNJaEZIM1psOHN1bTgyQUVjdGFSc2hTZVdnZkpwRkZCV0h5SndEaHlMOEltZGp1eW54TWF1R09mVXJtUDJQcGVjVkZNakNWVTdpSjZQY2drZGx4dENtdDdWNGJLbzI5WlBXTklrVnlIM3paYkR5cGk0MXloeGIxODJuMFluSE9TZ3dR?oc=5
2026-02-26 03:00,Business Wire,businesswire.com,CoreWeave Reports Strong Fourth Quarter and Fiscal Year 2025 Results,https://news.google.com/rss/articles/CBMiwwFBVV95cUxOOVRiWE9FVTVZRnNENzI3ZGxzeEllc2dCMXl3LUFHeVRXek9VazBubEN6Z1A4NTBob0RnZjMySjBqNzNMVG1KTG9uYlFZUjd4eV91RnFSMGxSWjFpVHV2RGxkVEtwdkxkRFc3dHk0OGhCTlB4SmtkWUJvcHZ1T0VvaU1yWTMyR1dPV1h4MjVZUEVCTUVGX1Q1dWJ6YVU5STNHS3BqV0R5YTNXQVZjclNraTg3NUxhTVM4SmE0Q3g5SERrQW8?oc=5
2026-02-26 03:00,CNBC,cnbc.com,CoreWeave stock slides as quarterly revenue guidance disappoints,https://news.google.com/rss/articles/CBMigAFBVV95cUxONVRuWDRDRmVCVTBqVHJYN3JRLTdMMlpTdF9MY21UMlVKNmFEMEtXOGtVVzZGeGpTcmk1VWQzVllubVFvNldLR2NfWmtyUlREN2ItUnY5Rmx2cUk5Q0lpNWU5UE1ENjFTZl9kS1prVXc4MFZHazNrRVA2QWp0NVZSMNIBhgFBVV95cUxPa1JSZ1FRdWlJUnNiZGRLYkE0VmhGcWl6VHF4VlN3NTJiRWk3RVFUX3l6c1VtSzM3S09SNm5DTmZ3N0lzcEFaZUlTMVUxSXVMVUVhdTEtNXdSLVZFNWYxcmdHWGxQS2E2RDRrbk1COFBfXzItMUZOcTVNZmsxSDVOLWNkZFdoUQ?oc=5
2026-02-26 03:00,GlobeNewswire,globenewswire.com,"The Gross Law Firm Notifies CoreWeave, Inc. Investors of a Class Action Lawsuit and Upcoming Deadline – CRWV",https://news.google.com/rss/articles/CBMihwJBVV95cUxQaF94VjBad0tYRWF4NXl2a3VPYmNMdmh6RkZOM3NXLURZWHdjY0xEamwwT09YRWtPLVcyWXRCdUtzNkNMeHBpWFZxMEJMOS1STWhiVVhhTks4Rkh5X1FEU2ZBai1BWG81bWdLOUVWWjZUR0hsSmlZeU9iaERuUWd2TWlHcC1yWVNuQnh5a3V5cTRYSHUtYW5uaTFndXJhcnFFelo5WjlnT0tEbXhEZ2U5T2NxWUpiYVJhTUtSb0pFaDNHaWg1d2Y0alBWYldvTlgzWjF5WTZYandBYU5SbjM1cndEMVUzbVE1Y2FnXzc5UVdhdnByd1BEWjdTRXF5c3JrRjJxeFA2Zw?oc=5
2026-02-26 03:00,Investing.com,investing.com,CoreWeave tumbles 10% on big operating margin miss in Q4,https://news.google.com/rss/articles/CBMipwFBVV95cUxOT0dhSGt2MmEzd0p3dHhfWVo0VHM5aG44R2dlS2oxTkk5UjlMUkVxblpJai1zSmVIZ2JFVndVSHlTYzNxcWsxSlVqb2hZRTU1cnQ4eTVEM0pHSVpDLTN5d3FuOGlIczRDa2Vld0s3Q2FSejV2UHdHbm1UTGFWa0JYXzNCOElGUmQ3TGhvd1NUX0t6X2pkbzJtdHlDaklGZlhtR2lXeDNfcw?oc=5
2026-02-26 03:00,Investing.com,investing.com,"Earnings call transcript: CoreWeave Q4 2025 reveals strong growth, EPS miss",https://news.google.com/rss/articles/CBMiyAFBVV95cUxOblFGLU9XaVREN210MUgwZXFYVUlCV044X2RleXNUMk5tYk4xSG5Bd05LVEo0MnVqN2d5ejE4RzZZbWR1dlhfMVFpQldPNXpsZmJ5UmthTDFVRmJjWVdOV0twOFZFQ1AzU0RhRkpOQVlMTjEwM0dTZWd5QS0tM04yMUpfcmxUa3dmZDNzQlY5ZkJVN0t0b254anBxQzhGRTJVdlJhTjUtSUVhTkZXSmlKSXJyUVBfSGl6WjkxU1RNQjhsbU00b25GQg?oc=5
2026-02-26 03:00,MarketWatch,marketwatch.com,CoreWeave’s stock drops as losses swell and interest expenses climb,https://news.google.com/rss/articles/CBMirgFBVV95cUxQbzhoeFlMRWVDa05tTmZwdWJQTXhqZUtISDQxc1BOYUE2NXVSUGF0YkNTR3Bnd1hIMjRqQ0REWXY1RjBzc2NCWEQxUGF6dzAtWFZ2a0RPMG0zNkNQWG1FallTZF9vVXVDcEx3MUZPZ0NUOHliTWpUQmxjbTBaNVNkbXphQmhXZE9qMk5aVF9BVVl3X1Y1WEZpZjZHZkVkcVBzQXFMWnVRUGRjUW5jX1E?oc=5
2026-02-26 03:00,Reuters,reuters.com,"CoreWeave slides as surging capex, backlog risks overshadow small revenue beat",https://news.google.com/rss/articles/CBMimAFBVV95cUxQUnFyZktwYk9LOWlodVdES1ItOXl4V1Awdk1laUtscE9uR1haQXBldDZyUENaRGxwMUJsZ2dkR1IyWWlCcUpUMWdOaXlwY0xFdElNMzBRVV8xeFJnenZGVUstYUNFZ29EZVpMVjhCQzM1bThsM01IVmRkSkdVaGJMS3dLWlZMVy00blNkUzFENmt1Y2VyY2l5Mw?oc=5
2026-02-26 03:00,The Motley Fool,fool.com,The Neocloud Revolution Is Here. This AI Stock Went From Zero to $5 Billion in Revenue in 3 Years.,https://news.google.com/rss/articles/CBMimAFBVV95cUxQZkozSXNTekdsYmxJX0xhRWgzN04wcktsLXp1STdOdC1tM3NSR0JTTWF3cUI2WXhvbFBFNkgwTTlNYld0d1RTaTBib1JGUEFkbm56aWtONXdGMXNlTGxHM2FxWjZNZ1VYQVpVbHRrbS0zTVdtTWRwMnRESzkxNXlLdlhiTXplZmZSRDlCVlY1YjhmdUxSV1YzSw?oc=5
2026-02-26 03:00,The Motley Fool,fool.com,Why CoreWeave Stock Is Plunging in After-Hours Trading,https://news.google.com/rss/articles/CBMimAFBVV95cUxNNmJVcHl3S3JIOUlpVWEwVk5RYl9oR3Q3VzRzajZHVVpTMGcxSVhEeDh1cUNuTW40bmNJUWFvdHlKNlVpd19IaWJPLU4tblQzdTlkR3hBWm9wZEl4VmtEWm9DYjdQOFNGLWRoMmswaXhDUlV1RVpJMmNWaldTd0NWbmMzaE9BbU9zLW8wdVlLWFU3enBIMi03Mg?oc=5
2026-02-26 03:00,Yahoo Finance,finance.yahoo.com,CoreWeave Q4 Earnings Call Highlights,https://news.google.com/rss/articles/CBMiiwFBVV95cUxNSGtKa2xxQ0YtZEJScFJ5VGI4MVRSaVRrWm1iMXI4OUROaXJ5TFZ6TkN4YkVZNlRUQk9GZ1pIazhRQVJxaWRYa3ZRR0R1MU5nMFJJMXV0X2htaTNWM29fMmZOa3M3bVhzVGFBTGxnT3ZKUE1fdUYxY0Zfd2t6Q1lsY19MRklTQjZCV0JB?oc=5
2026-02-27 03:00,Barron's,barrons.com,CoreWeave Stock Tumbles After Earnings. What’s Spooking the Market.,https://news.google.com/rss/articles/CBMifEFVX3lxTFBfWXNpNlRIdW0zck4wbzFTaTJKamJmNmNTeXNjLXBuX1RvaDl1T09Fd1o2Q01LbUtJOEMzT01LRHZPbTZxbmdGLXRBS0xkT3lOcHEweEJONWZBR3hPRTZqelJ2dVVSNWc5RGx2SFF2NTRMbWN1eHBRWTRhZUc?oc=5
2026-02-27 03:00,Bloomberg,bloomberg.com,"US Premarket Movers: CoreWeave, Dell, Flutter, Kore, NCR Atleos",https://news.google.com/rss/articles/CBMisgFBVV95cUxQN29leFFjazVGMUVoSk56MnY2TjJzeHZ6T2IzeEpNS1BEN1dCTlRUaUc4OEhvOVpSRjFxcXBRTEJRejlsRUZ3clNPdzhfd0NtZC1oMDBxNEd6S2RMRHh4OWVPX0xfbjU0X3RXWUVCN1dtRUtVX2hyTVpsUzRNVEhKSjBZXzBPZ1BpZXdoN3M1T1dlOFYyMHRtNVF2QzBBLThyNS1TS1lpZk84VEV5REl1czBR?oc=5
2026-02-27 03:00,CNBC,cnbc.com,"CoreWeave CEO defends spending plans, tries to combat debt narrative as stock plummets 18%",https://news.google.com/rss/articles/CBMigwFBVV95cUxQNG91Sk40ZXdTaTd2RFlxOHZjbWhzb0VlbUlzZzMzOVBDZ3FiOEZDbXpheFUzMERSSXU3bm9VMlBmV0FkMjh1YUpqLXVuX1NsOGRYUW83QjlISnJMUmZuZWpGaHdQTGo2SDRsR19zQjFiS2c1UnQ4V1poWDAwVnhKcy1mQdIBiAFBVV95cUxORllRZndfcXZUTHpveE1qNXJHTG5pVm80Slh0YzZveE9PRzlvVUZXOFlHV0ozTHIxbUptVk9ITk44UTFXamhWWFM4ZXB4ZUdPLWZNbkt0S05mNVMtZzNIR1NJX3FuczZ0Sm1xRFduNzNjLVlrMXFfTDBySGlXTmxPRUgxRUIzQ2s1?oc=5
2026-02-27 03:00,CNBC,cnbc.com,"Demand for AI infrastructure has been relentless, says CoreWeave CEO Mike Intrator",https://news.google.com/rss/articles/CBMiwgFBVV95cUxQTkotUl9qSDVLcXpRY1B1UGpJcEZCMTlUT3ROQm5nYkNuTEc4SWFWRjB3ZVRXUG1TQ2oySVh6d3d2WWx1bjBQLVRuZ3hvSW5XVmFVS2pmbFh1T01zMWVEaTd3T0NzZGNmUEt1VGxPZDBxMUJBOGRhbUF6dFlLR0M0dTJ6NEtUT3kwU3ltQmFGTkVQeTZHSUZma2RvZmM2T0ZtaFdGVVRFb3hBekY1Q3RiZlBlc0l2UjBYVUFzZlh1Szlwdw?oc=5
2026-02-27 03:00,CNBC,cnbc.com,"Stocks making the biggest moves premarket: Block, Dell Technologies, CoreWeave, Netflix and more",https://news.google.com/rss/articles/CBMingFBVV95cUxQVmVuckVxdUg0RE1HM01hRVQ4U0NCX3VOd2RSNTBCemlmN19OTG1JbDBuOFVldkd5bWJqa0RtYXNDNWV5S2RiS1NLb0hIYjFDV3hjTmdtS0dtTWUyLXVqS2ttTUpWTjVkMmY3eTliNnpWbXpydkFlOFc0UVVNRVIzeEJnejczRWJ5NjBuTmpOWElQbU1Xb1hhdDVKbXM3QQ?oc=5
2026-02-27 03:00,CNBC,cnbc.com,Watch CNBC's full interview with CoreWeave CEO Mike Intrator,https://news.google.com/rss/articles/CBMipAFBVV95cUxQa2tjUnpTYUFJYmFHaDJvMDRQT0hDZHhCdzlqVlJlUW5Xc3dUdTc5cWY2ay1OZVoyZGhwMDhpLWstc1MyNm5ELVNmQ0ItRFpieldJV1pPTFEzNEQ1M1ZpckxxV2Q2aTFrY1VJUXlPekM1NFBYZFVPRVMxdlpOZWxDY3VJUDNOLUx3Y3cwU1BMM2ZLNEg4UDVZb2puOXQ2V0JiOUR6OQ?oc=5
2026-02-27 03:00,Investing.com,investing.com,JPMorgan cuts CoreWeave stock price target on valuation concerns,https://news.google.com/rss/articles/CBMiwgFBVV95cUxQTWJmM2s4YW5hLWo3Q3hKT19UMlpFM0JhQVhlaDd3N0lqaVdIeWNfem82RldoOTgxZkMxVHAwdWhJaDhXUEpmNzdkZW5OUnBLa1ZkRjl0MFJITF9JZGdqMmpnMzJKMGF3ZnF2Ym5QTjZyU1lWWnIyYThXSG9MaTZvU2x5ME15RnNUMThwOGhBbzE1RjZBRGxvWWFjYUUxVURQY1Yyb3BIbWhfUzlhYm9ISEpsZ3dEdHU2S1NPQ1EyUkN6Zw?oc=5
2026-02-27 03:00,Investor's Business Daily,investors.com,"CoreWeave Stock Falls Amid Higher 2026 Capital Spending, Margin Pressure",https://news.google.com/rss/articles/CBMikwFBVV95cUxNX3dGaHZ6ai0wZ0liWDNRQnlsMGEzQTBTMzNXZGkxZ0dpVGtaOHUtT0U4N1dZVVhUWERYaU9rckxCWGZ3aU90LW5LRGpiUVBSZ3VHN0JPTEFyR2lGNDFQWnZZUlgtVEZrUEgxTE1obFBaVE5DTHBxVWFlSm5oYlFpZHFCSDdCdVd3Zk15RGJLd2xBNEk?oc=5
2026-02-27 03:00,Investor's Business Daily,investors.com,Nvidia Breaks Key Level After CoreWeave's Loss Widens; Is Nvidia A Buy Or Sell Now?,https://news.google.com/rss/articles/CBMiggFBVV95cUxOeTE5NUNUdHpVLWhLdG5wOEhpdVRacmpjb0hZcVRFaVF6WXZNazFPd1Y1cVYzTlUxYlVKMHZxRkVWQTlHLVVBZ05sUFhobmZ4ZnVYRkxkeWw1NGpPczdpREJVTGRpSWRtQUxnNFJSWFJ6Zk5oTUZ5a2pfeXlLLUl6eTR3?oc=5
2026-02-27 03:00,Reuters,reuters.com,CoreWeave shares slump as doubling capital expenditure sparks margin concerns,https://news.google.com/rss/articles/CBMiuwFBVV95cUxQNUpzR00xbE50U1lGMExjWkpaQXNIQlJyN3dHNEJKak1SQjJ1NFRia0ZtaHNiSU9qNFZRbFBTNGd2ekNmUm40VDhicXQtYUM0ZzhIV3ZJUDc4THo1UFh2T2JwZkt2OUplUTFCM1N0OXQxUzdTUDhTdU83UUoyT1JES2R1Z0E3UmcyOUMtNmZXQUl3a2txd0ItZktueDI1bk16cUZuVC1fUVltSFgxVDBTRkUxQ21CLUJ5MkxR?oc=5
2026-02-27 03:00,Seeking Alpha,seekingalpha.com,"CoreWeave Keeps Proving Why Investors Should Stay Far, Far Away (NASDAQ:CRWV)",https://news.google.com/rss/articles/CBMipgFBVV95cUxON3ZkYUJPV2VOSW9QTUxRSWJtR0RoUGlsSC1TVkE3UFVlY3RvSlZqNmZwOUVqNVo2Nl9zX3dlSzU0WHNxOGo5R2NqQXhHNC1FVnU2MDNTSVVETTNYV01vVHNJTk5ocWpxenJ3NTE3Q05BZ2pQUEJwUThyMklRc0Z6QWw2MWhiNE5GX1pOWEpVLVA2RnNLX3FpMExlODBmdzhnbVFKSnRB?oc=5
2026-02-27 03:00,Seeking Alpha,seekingalpha.com,CoreWeave: Another CapEx Tantrum (NASDAQ:CRWV),https://news.google.com/rss/articles/CBMifEFVX3lxTE83ZUlVTUs5RDBmeldUNVhPbDI0Vk1XZkw2R3M0cjNsWTJKX05MQjVFZG1KcXRtX2Ezblg1Y3JHMVlod2Etb2loSnlJb1VyOE1ZVXJaZXJMal9yT1hJYWJsRjBIZ0l5WWN2djc3bUo5UVJQVVAzVjJJRTh4THI?oc=5
2026-02-27 03:00,Seeking Alpha,seekingalpha.com,CoreWeave: From Growth Story To Capital Story (NASDAQ:CRWV),https://news.google.com/rss/articles/CBMijgFBVV95cUxOdVFxanlVTHhJeDNoWkNCdHNUWlplelVRdTZBckE4MlU3eTB0MDhsLW53ZkQ3dl8tTkZPMTY1YnNzM3lpclFOZXVLVmFVV3E0cC1MS19sOTVTakRxYWVSRGFVbVJsc3kxd1lrTnktRkdlYmp4dWl0SFVYZFR4QlRySkstMzQzaHpNYXVfbUR3?oc=5
2026-02-27 03:00,The Motley Fool,fool.com,Why CoreWeave Stock Was Tumbling Today,https://news.google.com/rss/articles/CBMiiAFBVV95cUxQZGNhYTFGOWFRV1QzbnNONFJEeXE2cDlVNTE2RVlBMkJHbHZJQk9fZnp3bWtjdHgwUjRiUWVFZkRzZzJqajFETjJwNUpjTC1QODB6TXlLdkVMU1UyVFRHdjRKd1VDUFBjTnhTYmt4X3pKNHg3NGNoUlI0Z0pxelNUQW15U1l4Xzda?oc=5
2026-02-27 03:00,The Motley Fool,fool.com,Why Nebius Group Stock Was Down Double-Digits Today,https://news.google.com/rss/articles/CBMimAFBVV95cUxQTEd6NjBkNmlyNlVDN1NJdENZSUloREd3R0h3UTQybU9uRkRtblFTLXk1cjdrYWQ4ZVZrQV9Cek1JcVBHQnFLTzJQcGlTbEtHNmF6ZWtUa2FOUF9VSEFCYU9aQldXVVdicmJfRjZJczNhMVdZLS1RSTQ5aGVvamdvS2xJWjBGZjYtRXV1UmZFWlhTdUpzZnRQUg?oc=5
2026-02-27 03:00,Yahoo Finance,finance.yahoo.com,CoreWeave Drops as $35 billion CapEx Plan Overshadows 110% Revenue Growth,https://news.google.com/rss/articles/CBMihAFBVV95cUxQWUVjUG9wdmtoMGhRd2NqWGhtMTVJOUNKVHFDNEd2MkNPVDNvTlFDeG5VdGUwNHduMEtOdHhtbXUxZy1ScTVRUFY4VktFclZ1TGJsdFNIem5qZnE4OWpuQ05TRjhFdDhDOVBVODN4U1doaloxN1FKT3F1R2RNd0tIVXcyWVg?oc=5
2026-02-27 03:00,Yahoo Finance,finance.yahoo.com,"CoreWeave shares plunge after Q4 losses, revenue outlook misses estimates",https://news.google.com/rss/articles/CBMihgFBVV95cUxQLUhHUy1SRTliZmNsY09LWUhUN2p2cDhHZTV2THZlU3J1RDVHQzIxZ1JlbExLTXd4UHVXTGUxbkpJRVc1bl9lNzF3Vi0wUmZlVmJXTlJzTnBQSW00dG1rTXR2VGdsdEFEMTVuNUIwYTZfSXhxRUM1VkUtM1AzWDM1UHFFdE4tQQ?oc=5
2026-02-27 03:00,Yahoo Finance,finance.yahoo.com,"Stock Market Today, Feb. 27: CoreWeave Falls After Q4 Loss Widens and Revenue Guidance Misses Expectations",https://news.google.com/rss/articles/CBMie0FVX3lxTFAxeXZnMWZqR0llUko0QlBoM05LZ3hPd0hMZ2FjNkJDREY5UDlUQUJVOGI4VFFlbl9WSVpCTkpDVm1GSWFqRVozcFI0NHJkOHg5Qk81Znh5OGRPMjVVNkNLYkd1WnQwYUpaa0pfM3NEczF5QnlDczhNWm5lVQ?oc=5
2026-02-27 03:00,Yahoo Finance,sg.finance.yahoo.com,CoreWeave shares drop after heavy spending alarms investors,https://news.google.com/rss/articles/CBMijgFBVV95cUxQNnkxRVBpOXdtaUtvOFd6OG9MOFBCVGcwZ3EtUXNNazBXUUQzWGN0dnhQQ1E4T1k3RmY5ZFNPalduLXBNVkFkNmo0TVFIRDRqdFVzNTg4Y1ItRUxtZ1dtYXFTRjkzb29vZ2JFY0FfM0dNb3ZmWXRJTEJVdWhzTzlGVnp0NFdRQlRZVjhtVkZ3?oc=5
2026-02-27 03:00,Yahoo Finance,uk.finance.yahoo.com,"Trending tickers: latest investor updates on Netflix, CoreWeave, Block, Dell and IAG",https://news.google.com/rss/articles/CBMinwFBVV95cUxNQXp6a1N1NHN5TUtXSkkxTGMxSjRDdmFYd1Ftam1KbFlnbERWeGlfTjg0anE3OW1reXVoX1hWdEpuMFp3NmpwQ1BwMFM4OHZrLThBM1BTaDZsTG9mXzFtckR0OE94LTVKeU1sUXNRdGxxUWl6UEZKN2dKVmt5bHZ0R1E4WWVRZzNaQmxpUTlZd3NYWmZUZ2pUMDZBLTNlTWM?oc=5
2026-02-28 03:00,Yahoo Finance,finance.yahoo.com,CoreWeave Balances Rapid AI Growth With Losses And Fraud Lawsuit Risks,https://news.google.com/rss/articles/CBMihwFBVV95cUxOSWRmVF9ndENoWEwyMGVmR0RYM2hPM0ozcFQ4YnllVUtRNUtObk01SmR4ajBlTnVEVFF1dEJnYXNTRnJGUTdtLXJDMnI0YVFyck8zOU9SZmVHYVBZeno0U0ktTzBuUGZBcnVfaEJNZ09XRUZkX182Z2RLenBVMTFNQmcwdjgwY0E?oc=5
2026-02-28 03:00,Yahoo Finance,finance.yahoo.com,Jim Cramer Discusses NVIDIA’s Stake In CoreWeave (CRWV),https://news.google.com/rss/articles/CBMihgFBVV95cUxNdUJUem5FUzZRUjhfU1A4NU9FdFZPQVE2MTU0WW1LUjgtVmJDOVJzMXgycklXOHRURzNXTmZRck5xYUYyQThSdUptSElYSUV6WDdyWlp4UVljenczQmVvN1czU2dYT2U1RkhxTXdlZ2h4LW05MjJ5NjhPR09ubFFrSlhEb3hpUQ?oc=5
2026-03-02 03:00,Forbes,forbes.com,More Downside For CoreWeave Stock?,https://news.google.com/rss/articles/CBMilwFBVV95cUxQaWVKZ3NIRWJPUGxmU2diYk5sUjQ4QVFlZnJPVDQ3emVSbEhDZ21HcVZJeFE4NzlVQ3VSNGNXRWVRYUJnZ21DQWZBbWhyWEVaQlBSd0JjUXdLQ3VJRGFPcTByQjdIX05kSDNUWGZ3N3YwZEdDWHFXSG1aSTM2MEVrcHhtaERVYVdnMjFJSUdzWTRaX3g5c05v?oc=5
2026-03-02 03:00,Investing.com,ng.investing.com,Citizens reiterates CoreWeave stock rating on compute demand outlook By Investing.com,https://news.google.com/rss/articles/CBMixgFBVV95cUxOQUhDNnM1VnZGT2l4MFNYLW1TVzVOaWt0dllsYXgxQnk1YVpZbmxnNzFzM2xSTElucWVMbUNxN056NWQxUXQxQzdUYktVSkVhcEhYYjlWVEtwaGlfOFZHdXdadG9Bb056RmlZN2tVbWFUU0JYaUNRRFAtWHdoU1p5dS1ucThzVVdqZmduNWVZV2RfQ3VPVjN0dmFXdkFMeENuM1A4cWFPNXU0T2lZc3ZCUUtTXzY5ZVdrMEVrdzZtRWVpcVR3U0E?oc=5
2026-03-02 03:00,The Motley Fool,fool.com,2 Beaten-Down Growth Stocks: 1 to Buy and 1 to Avoid,https://news.google.com/rss/articles/CBMimAFBVV95cUxNcm1Wa2wzRjgxUDdiVkZzd0Uycm9BUXhvZnk3RFhoU1BkWUdKQkJiMzBCcGNfVlUzejAtS1dIa1h2NFBBX1RFV1M2TXljQ1ZlTy0zLTlJTXlRVkNyRmEzOGlpdTh6OTdhN0xFdkpMbFRtdkUxcHhTZ3FFVHZSbW1RUG5VRVVqMlZVaDRWekktUXRabVY3YUljcA?oc=5
2026-03-02 03:00,The Motley Fool,fool.com,"CoreWeave: After Dropping 18%, Is It a Stock to Avoid or Once-in-a-Decade Buying Opportunity?",https://news.google.com/rss/articles/CBMimAFBVV95cUxQYzhuWkdvV0dmcm9leHFwNTZoVVlYYWhjV2RVakhKSzhNdGRIUmk5eVdqRFNjMEQ5SkxIU0dBVU01ZVhpOGtpU1FrQll0cUxoTnNLSVYzNEx2ZmNDcXp3eE9sYTR0YUJzODBQenYzUUN5cVpHcXlWYTdBMDh3WVUwMlAtNkpSNHA3YkxkUWJjUGJnVGpjbFk1Mw?oc=5
2026-03-02 03:00,Yahoo Finance,finance.yahoo.com,"Cathie Wood Pours Millions on AMD, CoreWeave, Baidu in Bold AI Bet",https://news.google.com/rss/articles/CBMiggFBVV95cUxONVhwOURxaE81ZU9ncTdjT180QllKb0lWWHRROFlQWWI1N2FObXZlYVlralRtMmQ1VmRZUVllMHE4aHZ2MDZVbUdqWlItT1k2aXpKUnRMZXNGX3dOdmpMc1VrR0VtVEJ1bW5qQ1ZMLUo3VmNnS3NmejZEa1ZvODdPOXNn?oc=5
2026-03-02 03:00,Yahoo Finance,finance.yahoo.com,CoreWeave (CRWV) Is Down 12.4% After Massive 2026 Capex Plan And Ongoing Losses – Has The Bull Case Changed?,https://news.google.com/rss/articles/CBMiekFVX3lxTE1PNkxteUpNMWpnc2dJTEJmWmloeEd2QjdKV2dSZWRHOHhmMm1BQTdNUENEbHNCTkhrcGpfeWVmZThHSHVodWxmRzh0ajA3eTZBdDkzNllOZ0JJb0hwOVZsZ1FzQ3Q3a1FQbGw4amRmNWd3by04SUt0WkZR?oc=5
2026-03-02 03:00,Yahoo Finance,finance.yahoo.com,CoreWeave's Earnings Did Nothing to Lessen Investor Worries. Here's Why They're Not Wrong,https://news.google.com/rss/articles/CBMijAFBVV95cUxNZTNlN0dydVJrWU1PdFBTT1FJaVRtTUFBNkVqSnI5X0tqVzJyXzJlZlVKTk02YmJfTml5OWtFY1RZZ1psN3BjRmtKM01qdndBVXVrSGtXVTJwYllaYzJJMm9GaFc4OXpfV0RuX2dVYXhQVEMwSzV0WWZOcG5ITjIxQmJRMGlBRjZhLUduVw?oc=5
2026-03-02 03:00,Yahoo Finance,finance.yahoo.com,"Is CoreWeave Stock a Buy, Sell, or Hold After Earnings?",https://news.google.com/rss/articles/CBMigAFBVV95cUxQT21wLTFMMzIxWlJZMHU3YmZaZ2VYTVhvLTZqUklOMjc5aWFDaTFudENydy1Xa3ZhSWpocjVBUmpDV0plVmQ0QTlpYVgxcDdfMU9yRnM4dU9pa1oyQVlxUnBsbGFkT0NiRm0wbjU2M1BfWjhOdUE3d1k1R0dkYzdPNQ?oc=5
2026-03-02 03:00,Yahoo Finance,finance.yahoo.com,"Zacks Investment Ideas feature highlights: CoreWeave, Nvidia and Amazon",https://news.google.com/rss/articles/CBMikAFBVV95cUxNSXVUZkFia3NDMEJyQjBPbS1BY3dkOHliLUZRQVJodnI1LU5naHRjX1h0WjNENDFYcGhpSzhqRnZqVjlETDZUR2wzMHZWZUFKZ3hZZk1WOHJ2a1REOV96Zy1CcTNGSEhqcFpGV3paV3FJdWhSbjBtN3J4aFlVOUNPTldiWUhqOWhGaUtzaDJXY1M?oc=5
2026-03-03 03:00,Seeking Alpha,seekingalpha.com,CoreWeave Stock Is Attractively Valued But Execution Is Crucial (NASDAQ:CRWV),https://news.google.com/rss/articles/CBMipAFBVV95cUxQVHQ4by1vYnhDYnBVREFCTUdGcDhwTzFBRFBGYkJvd2dmMkl0QXBBX3dkNlhyaUdSa1loM1FJenQyd2hvNHZlQVVjN2t0OWZiVkNJbzRSVmV5MVN2RE44RTNmanpsTmhzWjZiOHgxRHlZYWx4UEk0ZUU3VlFNM2hJSlVSSWZzaGxPYXZVVVIwVWN0allYWG5qZ0FPMmVRQk5nczQxQQ?oc=5
2026-03-03 03:00,Seeking Alpha,seekingalpha.com,CoreWeave: Bargain In The Rubble (NASDAQ:CRWV),https://news.google.com/rss/articles/CBMifEFVX3lxTE5aeURiMy1rWmUyWGJwQ0JTNHVnSGFVT05VUzNqR0huR3JXRkFqbkR3M2lXaVNjTDJZQkFpSGFjWXA1ajF1N3ROZFRFVTBfQ09DTGlEeGZWRGlkRm9TTnU2UVdjQUpZd0laYWtncjY1YV9SVkkydTJqZ0tZZWk?oc=5
2026-03-03 03:00,Seeking Alpha,seekingalpha.com,CoreWeave: Unapologetic Capex Meets Unforgiving Economics (NASDAQ:CRWV),https://news.google.com/rss/articles/CBMingFBVV95cUxPTms3dUw2cXpPdUVBSXZTME53S21pd25KeGlaa013X01qcGREenYwenE1U0k5OExfNUlydGEtS2RHaHZhSS1yNndKNS1QUlNRSHYtN0ZZeVU4QlJ1ZHh5a1pBMTlXZWhZNFI3V1hzQS1qU2VyVi0zbGNDQ05oUTFORzI1TElXSkdXOGpTX2tMdU5mZXJUcllPejZsSThJdw?oc=5
2026-03-03 03:00,Yahoo Finance,finance.yahoo.com,"Down 25% in Just 1 Week, Is It Finally Time to Buy CoreWeave Stock?",https://news.google.com/rss/articles/CBMic0FVX3lxTE5FTHJDeUw4bVZqZnBYM3hDN2lqY2k3bVlSemg5Um52ZVljZmZDM01GUkQ1Q1RPQldveEQ2Tk1IeTIwOFNKX3ZrNnBpRW5ZbjBPWTF4UDVWUm9BcWhQMWdVamwtemJjSXpIbHFQbVJWRkhYcGs?oc=5
2026-03-04 03:00,Axios,axios.com,Perplexity inks deal with Coreweave,https://news.google.com/rss/articles/CBMifEFVX3lxTE1KYWo0bmktNGpSSjg3ckhRY2VtVEQ1Zk5nVUhfZUVHZUlKbVlpeEhsZzNhcjJEVGtjR2RVY3lwUVN0SmZsaDhxR2JfcEJzUTNVcXZKb0dnVWN4ZnE5NHRFUzVBYnA4d1NzTEtZeGlEN2RuNVNoM3hIazBZdmQ?oc=5
2026-03-04 03:00,Barron's,barrons.com,CoreWeave Stock Is Rising. The Neocloud Wins a New AI Deal.,https://news.google.com/rss/articles/CBMie0FVX3lxTE5FeE10OXQzVmttMFh0dVUzSV95RjV3MXV2TFlMR05tQk1ZaWFIZkNKM2JDeldZSHc0VWpKSFdzbkV3SjNfSUlBZUtnQVh0RmxfdUtLNXVRTlVGMkxFNV9fc3d5WjY4bzFwMmtsRVFTak83eTBKdDVJLV9PSQ?oc=5
2026-03-04 03:00,Barron's,barrons.com,"These Stocks Are Today’s Movers: Moderna, Coinbase, Strategy, CoreWeave, Micron, Sandisk, GitLab, and More",https://news.google.com/rss/articles/CBMiZEFVX3lxTE11WmtzZkFiVGF5eU45OWY0b3doU1o0c1ZOTTd0b3NiNWE5N3FWVm5FRVlBcEVGdVQ1VG1hTFFUTjQ1RUNJVHg0NkNTb1lQcjhNWmdIOXVNdGJXbWFXQjNWSXJaTmM?oc=5
2026-03-04 03:00,Business Insider,businessinsider.com,CoreWeave's new AI investment: Chance the Rapper,https://news.google.com/rss/articles/CBMioAFBVV95cUxQQWJUUVBGYnFIeXhtczdmU0p2LXFpUkIyeW16ZmNOaDE3akRXX1VpY0VFVlgxNEk3OTUweFZiMGVIOFhDTml0ckJsVzlpZWp0UVBQMVNYMGNjbDdHMkhfN1BORWtEWjVYSVZFUm8tUzRsYnUwMHFJTkQzTVI2SWkwVkEwa0NyZW5MZzQ5cDB0Wm12UGd0eXJWNkZZeXhacElV?oc=5
2026-03-04 03:00,Forbes,forbes.com,What's Next For CoreWeave Stock?,https://news.google.com/rss/articles/CBMikwFBVV95cUxNeHN2bHVMWXFuSzN2ZmhvLTJuaHRBaUdCWHNYeW9vSG1HU1ZIV1JHYTl0bU43d0J5b2x2bHRtNWdqU3VSNFlZSGdJT05LaVg4aUVMQVg3a28zNDFhLVFQRE5KN0NoNXRjd0luOXlXbzBUX25keEF5RmpLa2xUbFNMcXVMTEI2bUpoZGtQbXNIdTFYUmc?oc=5
2026-03-04 03:00,Seeking Alpha,seekingalpha.com,CoreWeave Looks Broken... The Backlog Says Otherwise (NASDAQ:CRWV),https://news.google.com/rss/articles/CBMilAFBVV95cUxPU3c0SE9mdm9WVG1JbDlNUGVSampJU1Zmdy1JTFYxYnNLbmlGZ2c0NVNSMlFrYVFVbkQxdTMtRzc5aGladDhyTldiUXhDMkVocTI4U0hydWtYQlpjdVdiamlfTXJjeXBGZVdBajQ4SjFvODFCX0hRa19UVU5CNmJaQjdzYzgzREhNci1uSENabHI5ZFFZ?oc=5
2026-03-04 03:00,Seeking Alpha,seekingalpha.com,CoreWeave: This Collapse Is A Warning That Shouldn't Be Ignored (Rating Downgrade) (NASDAQ:CRWV),https://news.google.com/rss/articles/CBMiuwFBVV95cUxOOTAyVzN1TnZWeGtRM3k3YlVORHFEd0djYUxQVThVQ1VVVkRsZU1IX2FwYzcxNnV5VlVCRDdaaVhJZVNlb0djaFBvNU5LZjZMMzl6RHl6QkppWTlVNlNsSm9keFd4ODVmclRXN1N1UkxqeTdOQTZRaWI3MXgzQldkTlVieTgtb0tVMlJNNElKZVFLNzhPZWNEbEp3bzZPTkhaaVNfbUwyb1dMVnVUcGxCY25Ga0dNUHlNR2J3?oc=5
2026-03-04 03:00,The Motley Fool,fool.com,CoreWeave Shares Sink. Is It Time to Buy the Stock With Revenue Growth Soaring?,https://news.google.com/rss/articles/CBMikAFBVV95cUxPWkhONzZxNkdSQ1BVdjFjZVhVQ1EwVUVsVjdUcVdrMmRCeU9ubFBoRGNKQ2NWdVQxNFJybFI4SjJ0cWZqN0h6Z3hmWHdiZmZucnJhUzhsbXhFbExGQXhWX3BkZE9kRmVzNkdQbXdNa29UQ2t0Mmo5M29LSFRQRFpPcmFBcnZEM3Y1MzVuek1pS1U?oc=5
2026-03-04 03:00,The Motley Fool,fool.com,Why CoreWeave Stock Charged Higher on Wednesday,https://news.google.com/rss/articles/CBMilAFBVV95cUxObEQ3cGtuYkRnNS1XQXVCYlN2QjQ1OTQxUzZHNk4tUGg0cTVCY1VFWElXOFJNMXdIVU9zS0l2SG1VYmRUM05fOUFvVnlqZzd5cmIyV1RlMW00U2V0NlI1QzYwOVh1cnFIdi1lR1EyVDZxWFlVenN4bFUwOWl3Y1hqX09DMXFmSjZHT0tpbFN2VDhfQVA3?oc=5
2026-03-04 03:00,Yahoo Finance,finance.yahoo.com,"As CoreWeave Seeks $8.5B in Funding, Should You Buy, Sell, or Hold CRWV Stock?",https://news.google.com/rss/articles/CBMif0FVX3lxTE1FXzVVeFlJVUg3d0I4R1RMQmRVUVRxLUFOTlMzMnVwUVNyeG1HMlRRdTJxWktMLU1LWW90UkY5MDBxMzd4T1RxTVBXV3g0eEpaRHBYdm5ILThFdjdVLXJkQ1lBd2U3Rk9HNGtlMW5PMzJaTFY5ZmpJWFcxdEZlSEU?oc=5
2026-03-04 03:00,Yahoo Finance,finance.yahoo.com,Barclays Remain a Buy on CoreWeave (CRWV),https://news.google.com/rss/articles/CBMihwFBVV95cUxOWW5sNDVKaVFuV2tHMEx4bWRhSGxaa25OR2x1SGxkWXdUbWFzaVh5OHNxYVQwUGtmeU1pTW1Wb3VvS01paXg3Tlk5eU1leTR4amdoSUkwRWgtMmJHZnFRWjJMajlwZGZFb1BFNlNNOEVWZUFDd3IwQ1lvMV96bElnVUpKSDJVd1U?oc=5
2026-03-05 03:00,CNBC,cnbc.com,"Here are Thursday's biggest analyst calls of the day: Apple, Oracle, CoreWeave, Broadcom, Visa & more",https://news.google.com/rss/articles/CBMioAFBVV95cUxQZjRYMTFHOUJ6NkVwS2dIUkRsNi1Cakd5OGRCRkRpUjVSUXd1dUYxZTZwX3NQSHR5ejBxUFJKUEZzWkxMZ0VNaWdtVTdCVzBlellVVm42U0hWWXY3R2R1ZzN2aDBJeEFJTjkxNVM5TV9hcTFyX2lLQnk0SUZQNmEwU1JzSHRKanhFQkJEaVV2bTM3OS1Ha2hLdzR1bUVpUHJT?oc=5
2026-03-05 03:00,Investing.com,ng.investing.com,CoreWeave stock falls on new Bernstein underperform rating By Investing.com,https://news.google.com/rss/articles/CBMiuwFBVV95cUxOUnNMa205T1RhOTlYU2oxdF85Wk5IZW5LVGU3NGpKMWJmTklNT2Q1eGZrb2JPWUNPZENycGZMYlczQ2VpVXFUcGtXSS1SN3QwX0hMaW8yYTBIckJiOHlodnVCbGVaNzBSVHZGTnoyb2cwejhCNlFyQnpqVDZPcFNWM3Vyam5KWWMwYUduVDhmbGJIdXZnOTQyMnZ6R3lXSUZuWXJORVkyQlJoS1N0VXFRVUNtSHVBTmNGLWRN?oc=5
2026-03-05 03:00,Seeking Alpha,seekingalpha.com,CoreWeave's CapEx Shock Spooks The Market (NASDAQ:CRWV),https://news.google.com/rss/articles/CBMihwFBVV95cUxPZjhLR0pmaGF2VTdMY1pZekEtNFZtVXFScF9lM3FkZVpoTm5jWVVadmRZMG42N19SMFRxeFRMUXhFbVc5LVdMUjRLMnFMYS02R3pDX1p4bDl2Rl8zUE9tX3VlSTZSaTR3ZVdBUkZTVm5fMzFqd3pnLUh5YWFWQjFmLXhWczBXRG8?oc=5
2026-03-05 03:00,Yahoo Finance,finance.yahoo.com,"CoreWeave, StubHub, Astera Labs: Top Analyst Calls",https://news.google.com/rss/articles/CBMihwFBVV95cUxQVnBFV1hSTktDaUVWbTN5SlVLZXVOZVJTazVsRFRURW5YZ3hxdlNoS25vMjhpNXhVbVRCRGhLNDNWRjVNdGdPNHJmVDlrc09rbmh0TEJFNlljVkFOczhOOWFrTWhSOHIyQ2JNR0lXSEVaZGFtbzFVT3BWN0hJc3BCei1mcjNuVm8?oc=5
2026-03-05 03:00,Yahoo Finance,finance.yahoo.com,Jim Cramer on CoreWeave: “I’d Rather Have You Buy NVIDIA”,https://news.google.com/rss/articles/CBMigAFBVV95cUxNbXpxZFhwUkE5Z3NxN05lVmpkYWR2Si10TFJLRUloR2RkNnhjYTFSOERPMV9WWDNzMld2TkRaLVZLS3JIN0RkVV85ZmVsRWFTS0VkMV9kVUdWSUtPQ1NDN3IxYWhWSVFzLV9nVGc5MDVxdVgycU4wSEhaSlhLVmdQRw?oc=5
2026-03-06 03:00,Investing.com,investing.com,Coreweave CSO Venturo sells $22.3 million in shares,https://news.google.com/rss/articles/CBMitAFBVV95cUxPemZYT0c4MUZiRUpNYmhEdHB6LXN1MC1JcGVzbDhCanA1X1dCdllBVldrdHBGMWdYdURnbHJxUG9pLU5FU0Etc0tvdFBnb05objFlRy1wQnhISi1qaEo5U19KdmUtSXFzRWNIWElhb3JuR1VmY0Q2S283M0lHdi1kQ3pvQ3dlSm1yN1RscGtUQzJwVUV4VXNzaXRnN0k3N1lsN3g4SEJYN05Keml3NmVFbEhwVVM?oc=5
2026-03-06 03:00,Investing.com,investing.com,Oppenheimer initiates CoreWeave stock coverage with Outperform rating,https://news.google.com/rss/articles/CBMiyAFBVV95cUxQOUQ2R09BU2NocEpZS0RiUTZEbGdhZ0dkazVXbFFtX1d2ZmhsR2NOT3V6Y1UwZmprcEJpTzlBTlV1UGhoeFhjR093b1JzM2llMERaNjZXVlFxM1FZUlR0R21HMWQ5SVBDT1hkVW95blBEa1RnUFZ5cVFZdkNfdHpoaEZXLUpJeEpGV0djYjc1SGs4TjRldTZ0ZG5lM1ZhZDI2WjlEQk9rV0Vzb0hha2JyempXaWNaSEo2b2dvT2pWM2VTQXBIUnJKZA?oc=5
2026-03-06 03:00,PR Newswire,prnewswire.com,"CoreWeave, Inc. (CRWV) Class Action Lawsuit: Investors Face March 13, 2026, Deadline",https://news.google.com/rss/articles/CBMizgFBVV95cUxNb2tOMlAxemY4bFVmVVk3YnpnVWMwSnlINnJwcHB3QVJqQ0RKNzBXR2NfZUp1aGdDeDFYWTRyU0t1NENfaVlHTDJQVUMyS3Zwc1g2d0duTVEtN0NaeFo2V1FFZTlCNHRabU5XdFl2VGlMNE9Kd0VKX2pxQmRYYmFhRHRzeFd4clpxMm1lNkxfajlzUGtHNHZNN043LUhYczEyYy1DbS1CaVNPcW43VHpzWk9aODREaUJlUGJ0aWZ5amlickQ5SFFaZ0dvLVVmZw?oc=5
2026-03-06 03:00,The Motley Fool,fool.com,Is CoreWeave Stock Going to $150?,https://news.google.com/rss/articles/CBMif0FVX3lxTE44eGRjNjJ6SXdHRjVnZUcyQUU3M3ZuaXJhLWRzNDYtOWczb1d1V2hPdHhFUy12eU5oRG96MElkbzZVOEFjTkJiVE9oY2oyTV9vS3NNckxSLVF0Y2hzZnplcGNEWlJ6MUl4d2Rha1NNSGFHdkgzYm1fT3cwai1fT0U?oc=5
2026-03-06 03:00,The Motley Fool,fool.com,"Palantir vs CoreWeave: Which is the Better Buy, According to Wall Street?",https://news.google.com/rss/articles/CBMikgFBVV95cUxPdy11R2VNZjFrZXJya2tOZ211VmJ1ZGlJY2RrY2JyQVhYMVFfZkkxSXI2QTF2bmRlb01xTXNxbWFDeDcwU2hXV3ZBSGRWS0dSVW5ndjc2dFlQUm11RG5NSDNySDQ0cDVVVl90cDRJSmk0RHZqeVduSHFvbEpkdThwVDZXa0FHeHZSWnJreW52UVo5QQ?oc=5
2026-03-06 03:00,Yahoo Finance,finance.yahoo.com,CoreWeave (CRWV) Reports 2025 Revenue of $5.13B with $66.8B Backlog,https://news.google.com/rss/articles/CBMiiAFBVV95cUxNNWhrcm01OEdLUkZzS05QdnJ0NGs2TXBiREs2MDFvV1RHbFZ5LWJ5MFlfaVVQYjJnWWxEYUFkTmF5aGYySVRicW13RThpNFpFQnFRaUtRZFB1SENwMGZIb2NZV25KM2IzUTRJck5VSThDNF8tZ2h4dHoxLS1qaFRrc2hRdDVwMWtU?oc=5
2026-03-06 03:00,Yahoo Finance,finance.yahoo.com,CoreWeave's $66.8B Backlog Boosts Long-Term Growth Outlook,https://news.google.com/rss/articles/CBMigwFBVV95cUxOdDMzb2RQWWcwRmFvUzNkN0FEYmg0a3VkSzlPN25IOWZSNVZRODRzZlloOWRTRGZzTC1YLWpMOGZlQ09vM0ZGcTV1aExwek9MYko4aTQtUnhOdEpfN3Q1UzR0dncxSXNva2xjYWVvSGVZdHV0UUZPSUlCVFdfa0JxUjNfbw?oc=5
2026-03-06 03:00,Yahoo Finance,finance.yahoo.com,"Truist Raises Its Price Target on CoreWeave, Inc. (CRWV) to $85 and Maintains a Hold Rating",https://news.google.com/rss/articles/CBMiigFBVV95cUxOOTQ4M2RIMjRDb3ZtOHd1V09sUC1Uel9TZl9xeHExSHhzRkxpZGYzU3c2U1hteTljLVNnX0R2VXNGRzl6aExpUkdpYnFSYmNoemZldkpPZVU4SVo0cUdwdkZ2UEZZVjI4VENrZDJJX083dEpYZnFpNndpWi1HZHVNVjFLSEtvUDlfQnc?oc=5
2026-03-07 03:00,The Motley Fool,fool.com,This Glorious Growth Stock Is Down 60%. Here's Why You Should Buy It Hand Over Fist.,https://news.google.com/rss/articles/CBMimAFBVV95cUxNeVhjT0dRTUluV2FJSnJZYmdlRzFjWE9KcFRnQ08zUlF5RWEtemtUV21qVjRWdlVVUWNfTnhyVW00YndRMkx6U1NhWFBUOTdfcEUzMTV4dkE2SDgzemlFbS1kNFBmOWtPbDZXdjEyam5JaW9pcU1CRFkzNkExNW12ZXdEdW5Ka1RkNTFFMG81WWRELTBiUmxtUg?oc=5
2026-03-07 03:00,Yahoo Finance,finance.yahoo.com,Cathie Wood Goes Bargain Hunting: 2 AI Stocks She Just Bought After the Tech Pullback,https://news.google.com/rss/articles/CBMihAFBVV95cUxNVkp3dGtDZDA1U09Pbzl5NVIxM3ZCTzZta1ZUTV9TMTVjazFlME5BOE1fb3BsU001c2NVdzRCTERHSU0wUWlDcDA0VVZfRG5oRVI0eVdldnlTM1U0Vk5nNXJrYWoyaGxLV3NRbTJHdkdpZG4tWFZacnI0bjJKTU1QYW9sdkM?oc=5
2026-03-08 04:00,Business Wire,businesswire.com,"CRWV Deadline: Rosen Law Firm Urges CoreWeave, Inc. (NASDAQ: CRWV) Stockholders with Losses in Excess of $100K to Contact the Firm for Information About Their Rights",https://news.google.com/rss/articles/CBMiwAJBVV95cUxPMEVEaE1pczJ1Y2NObmRQcm1PX2hDX1VKYlBqNlZPZWVqdkd0UUN2SmVLb2dCcHlFWi16TTQ1U3hELW51bHkxeWo2VkVaUFhlODdoSVFTOHJMVjlpT2xBWG8weVBoM2toYk1oVVlSVWk1YTlQcDlrNzc3UGpGOXdHSmZaY19vVktqMjA1NkZ5ZXhNMDYwdnBlUDhvaDJ3SThFQ1RoNFF6UDFDREg1Rm53clZHckVrUGFXU05wdVQwenpWZG9qZUFKenZSbmhsRVlnSmtncjhaNElPdUowTnBrVER1QVhIczlLdWUyTFhHZ2dXZXp5ZnI4MnpGQ3Q2Ulhha0s2X2daa0VMZW40OFEtczJBTlJLS3Ntc0RFRXpicnRLNXdmdUtXSnBHZllqVF9VbmZ5YzZfVkcxcV9DMTRrcQ?oc=5
2026-03-08 04:00,The Motley Fool,fool.com,Better Artificial Intelligence (AI) Stock: CoreWeave vs. Nebius,https://news.google.com/rss/articles/CBMilwFBVV95cUxPRWh6bEIxMnE1aWlrZmV6dnQ1RW5fdEtNSVU4S2ZUQ2dhN3RzWm5JalJZYXFTSW9lVFNLX3JObG4wZ3JONzVUa1BxSnV6U2RMYVdjUC1aRExtM0p3V3k5dktGU1ExeHIwdWNXd3J3U0xNRm1KUW9RM0pLNE5sTHRjR0RicVJRa3NLbkI5Q2FhaFY5eUt0bjdr?oc=5
2026-03-09 03:00,GlobeNewswire,globenewswire.com,"$CRWV Court Notice: CoreWeave, Inc. Investors are Notified of the Pending Securities Fraud Class Action after Stock Drops 16% -- Contact BFA Law before March 13 Deadline",https://news.google.com/rss/articles/CBMi0wJBVV95cUxQNEFLa25aZjZEOWh1cmd3X1Z2d29FMFp6SFNoblZhRldRTzQ3ZXdKTUwxc1ZfUE1oZUQ1dkZCY2ZQNGdJc3BEaGhueEQ3dTJGT2NVcEgxUXJ2UV80RDhCNS1JQ1VhUjdITEZ2UU95NVduZnYtaktRbW8yeGMtQkVNWXowZkV1QnZZaTBXcW9JYVl0VElIakd1S3l4NkFWUkZqMHp5ZlJPMzRzN0ZBdk5iTE9KdVpMZHFYdW1hNU1qSDBORktWd2syU3Y4aGROYXhsREZrcXlHN1ppcE9EeTQxbFk1MkM5SEdyT1BmUF9MMTZvN1VtbVNnaklnMThaYk5YbHRJWUdmUGNqUFJBanB0RUVaRTFYd0drNmp5aEJVc0NYeS1mOHI4ZThyU1BPVWtPVmc5dC1hbFprQmMxZjRvdExKNzRUYURQaFl5WF9VbWxJMEU?oc=5
2026-03-09 03:00,GlobeNewswire,globenewswire.com,"FRIDAY DEADLINE: CoreWeave, Inc. (CRWV) Investors with",https://news.google.com/rss/articles/CBMilgJBVV95cUxONkZCdHlYeXdoU1ZrNUlmVTdPVjgwd2ZKM0NpTjFlNzExY3pRRm01UVVLV1UtTFd6eUpsUE9IZkJYMG1TcGdsMjZtcUxDU2ZkbXROVHpUcTFuNjFRdmZnQXZKdEJDU3Z2eWRVSFBiX3oxYnVLSjVXd1h5Yks1V3oxTmtqdFk0ekRhR2RZZV9iNHMzcHRQYzJCLVg3VWtBd0hpd3hKOFg4Q09SNzU5cVFUSy0wMG9DNU5wenRpRmN4eU5uOVBYU2FYZXdtQnl4WW1wclBoUGZEbTNZWHQxLUg2eEsxUk1pR09wYkVBWEtLSlR3czVrVlJ4TWlTVGNYeVc5Wm1QVkF5RlVRN2UxaGk1OHBfa0pqQQ?oc=5
2026-03-09 03:00,The Motley Fool,fool.com,Is CoreWeave an Underrated Artificial Intelligence (AI) Stock?,https://news.google.com/rss/articles/CBMimAFBVV95cUxNUDFJMEdpU2EyZGlzdmNfbDNYb1ZBZzU1SlRxVUJldXRaZXJGVDNlcTdNWkpQcjZ5U2NLN3NqMVFtM1czWklSbFVIRWpUa0dJWEJpZUdZTEx0UjQtdzFwbXkzTXJWcUljR28zSkVpNERyWlZyYnlNRXFhYy1ja01meHhrejFwUlVxaUhmWXZoazRYWXBzVE9Lag?oc=5
2026-03-10 03:00,GlobeNewswire,globenewswire.com,"CoreWeave, Inc. Notice of March 13, 2026 Application",https://news.google.com/rss/articles/CBMi0gJBVV95cUxNVlhqTzRBR0pzcVF0enNtZ0tVTllOdTZiT081QUNhcGdwYW1qa05ONUNlZUFVb0pyWFFHaVFvRFJUdzVXU19kSVdkY2FCa2x1Vi0zVkNTTzU0RElxWWpvLVZLUGRwc1VkOFFsU3Nyb25XT0lkTWhBeUZ0bk56S1dDQmhEOTVzVmlRczFHS1dJbVRIQ1M2RExSTDRLX0JfcHZoRHYyQzJrbzdYaGcxQld0SWRRZjA1NXF0V2Q2dWt3VjZSeW5zZUNqa2UtLWo3dGoya24taUVtdDNtUlU4UE5WM053YVB2eV9JVmtMa3FZR2RWd3Zyd2Y1Sm9ZZTVjN211em9zTkEtZmJOUmdBUS1qbVl1NTFqM0tvaGd0SjYtR01ZclUzY2gyTjVzYlg3YmhsYURicGthZzB2STIzQUlEV0ZCMTJILUpFVnVwS0JmbUt3QQ?oc=5
2026-03-10 03:00,PR Newswire,prnewswire.com,"CRWV Investor Alert: CoreWeave, Inc. Sued for Fraud after Infrastructure Delays Lead to 16% Stock Drop",https://news.google.com/rss/articles/CBMi6gFBVV95cUxNYTZOVW1VQ0tYTGVLdFZacTVibHluZ0wyRDczc251cm9CY3pEZ3A5U3JMNWR2b0tlZFVDOC1LZXJuUkFLREVEcjB2TW8wblozYko5SmdOd1E4QnlGXzl5Uk1MRlhTa0lLUFIyNmFFenVHeEdWYzVpbHRwY1FLNlpRNmFnZk9iNjAzeHBEZlZMcGxkUUh1YWhhSFFHczVjZHFNQ0swRUdqSy1kUzdsUE1xWjNZbE05cmtqMWVncDJOWkNFcExVTnp6bWZMUVlsMUo0dGJDRFdTbWtqRXpCSU1taGRBWndES3pVWUE?oc=5
2026-03-10 03:00,The Motley Fool,fool.com,2 AI Stocks That Could Go Parabolic,https://news.google.com/rss/articles/CBMihAFBVV95cUxNS0d5aDF3bk1rNXVKdXJLVEEzUEQ4Y3ZRY2xiRVhXZUp4RnBjbkI1dDVwekpQdGF4UV9XbjNha2pCV1U3VWhQTWFsQzM0d180aXA3d0ZZalBPNENJMHBtNDdGeTMxQXNwdWQwR2t1OEZXNkZ0cHJFejUwNHFGVm1VWVVHMTc?oc=5
2026-03-10 03:00,The Motley Fool,fool.com,Billionaire Philippe Laffont Dumped His Fund's Stake in Nvidia-Backed CoreWeave and Boosted His Position in Wall Street's Hottest Stock-Split Stock by 76%,https://news.google.com/rss/articles/CBMimAFBVV95cUxPWHVBVEpISmhnSk1VdVVCcElOLWlkZUgxM2dyUFB3WC0xVzFsbG5uMzk5aHFIRi1TMFZ2eFVtTkprVERobndlMURyZjJyNFdOX2l3MUlvZEVsUFZDRHVtb0oxOGl5TWMtaS1SZVhhMXFfdXF6V0Vzbm1Sa2RCTkhmQTZWYUxPWERLNjNBUk1PVFhpcnRtS0U5Nw?oc=5
2026-03-10 03:00,The Motley Fool,fool.com,The AI Bull Market Has Hit a Speed Bump. Should You Buy CoreWeave on the Pullback?,https://news.google.com/rss/articles/CBMimAFBVV95cUxPcEdjUW9CUUpXOVdJeWhCVlN4MmVvMG8xeHlOd2t5N1lidURRMmZ2TTFYOEJkSWpQNVJvQXl1Y0g5bnZlTW9POW84cU5yVFNvVVdJQVduSHQyZXQzemFnN0U3WlotS1VxUEpiTWpxSVNlcEFDeTN0TnkwTFNsUVRSWUZmdERfbkRfZDUxbGoyOGtoRFJId3JGcQ?oc=5
2026-03-10 03:00,Yahoo Finance,finance.yahoo.com,Assessing CoreWeave (CRWV) Valuation As Narratives Diverge On Future AI Infrastructure Growth,https://news.google.com/rss/articles/CBMilgFBVV95cUxOa3ZtUUpTa0VfMmN5Ty1ReVpwc05iTW9nclVRaHFCUnF0SEF6TU9uUjFCVzdvalljOVdBbWVoaHRTNWNpRFhtNktqel91Z1hyLVZQSjc3TDFWMFRIWUt6NGhLU2ZkUnYtQVNrZDR1VmdNdzF5bUFTdk1OTWJ5UG8tZ21ydndnUXB6N2h5cEZNazRIZy1Rdnc?oc=5
2026-03-10 03:00,Yahoo Finance,finance.yahoo.com,CoreWeave Flex Plans Reshape AI Cloud Usage And Valuation Debate,https://news.google.com/rss/articles/CBMigwFBVV95cUxQazFhRWw1R2djelIxcTBkOGo2M2RoRS0weXdoWXJqam1iQl90RWlGcXZlTWpxYW9sYU9EemFTSHpMd2duUzBaa293aVFzam5CTXJMMzRJZXBfN0dtY296Z0pVM1N1Y2Rjc2RzTnFKNjNFZmxHOExMQ0JhS01UMFBOcjQ5SQ?oc=5
2026-03-10 03:00,Yahoo Finance,finance.yahoo.com,"How Investors Are Reacting To Applied Digital (APLD) Massive Debt Deal, Nvidia Exit and CoreWeave Risks",https://news.google.com/rss/articles/CBMijgFBVV95cUxPbzJMdWJiT2Q2NGl6dTB3VWptNmxMNnMtTVFfZl9NUW9mZGdXUmszZmpQMkxOTGJxR1Fya0I1cGJva3BfYjh5cUNlVkpUdEQxTG5EbGlwaWRIUUpDb3pQeUh3bV90WVdIMW9tMmZqbDgyS0dfTG9MSHdMUmllRGxmWkpjSlJfTXRRNVhFR093?oc=5
2026-03-10 03:00,Yahoo Finance,finance.yahoo.com,‘Look Past the Noise’: Oppenheimer Suggests 2 Stocks to Buy Despite Global Tensions,https://news.google.com/rss/articles/CBMiigFBVV95cUxQT3BpZlRaVlVxSXV0dmJlTmZTWGN4NjBDaWJqckktbGttOGNZLS02U1hPSndPUEhQNDhqVURnUUJZYVdkT0ZPRFBDZHFibWsyZHlCRzBwU0VoLXJ3NWlYVzNTNUk3SVVVMGJpOTdTX2MzUllYTXNPVzEwZklsN0p5VW1FczA4Z29kc0E?oc=5
2026-03-11 03:00,Barron's,barrons.com,"Nvidia Invests $2B in Nebius (NBIS) Stock. What It Means for CoreWeave, AI Trade",https://news.google.com/rss/articles/CBMiigFBVV95cUxQRlpfSWpDeDZoY2Znd1p6d29mSHA2azNSUkQ4SU4yS2YxaWdTMHZoZ0pVVEpTMTZFTkMwRmZDTnlDblYySEdpd0UyMkNlbXZnOExkZE9HbmhMNkl0YlNwZ0Y3ZkotNXNKT3FrX2RfejVyOEVEMndsMXFmZWFrbXRfRHB4c2xUc1ZZRWc?oc=5
2026-03-11 03:00,Benzinga,benzinga.com,CoreWeave Stock Is Surging: What's Happening Today? - CoreWeave (NASDAQ:CRWV),https://news.google.com/rss/articles/CBMirgFBVV95cUxNV1ZwQWhRUFdSaU1mZ1FvZzBBVjVVTTJNTjJxaXFpcW1XNmNtSEY1TFd0dmRVZ0V4MGdLTWhYSlQ3SFNjNk0zSjFlWmJ0Yk9JN08xWVdKeTZfcEhxT2U1cW9TZFBKRG1OR1J5WFpoall3V05EUEdBRGo3LU94eUFmWFBad1lwbHlpa01JQ0t3V0ZKeG5HTjFrZ1VocjgtZzlZbzBVNEI3YmVNTUpqanc?oc=5
2026-03-11 03:00,Seeking Alpha,seekingalpha.com,CoreWeave's $66B Backlog Meets A $30B Reality (NASDAQ:CRWV),https://news.google.com/rss/articles/CBMiiwFBVV95cUxPaWg3WjFYRkcwVDNlSDFDdnUzdjR0VlBmRmJrdVhKZEl6NzBxTFkzT19oa0hIZ2hPTUNlM1F0dXFnazRPeU9OU3drbG9TY0N5ODNiSkxDZ05qeVkwSWZQLS1JQlNMNkF0RmpzbGFCUUt0Uk03TU9QUUJsaVI0VW9udGVNanQ0bFZpWDNz?oc=5
2026-03-11 03:00,The Motley Fool,fool.com,CoreWeave vs. Nebius: Which Is The Better AI Infrastructure Stock?,https://news.google.com/rss/articles/CBMimAFBVV95cUxNWnl2MFlyZmNaVGp1Tk9adnBCekd1MUJfT29HUzg1U0gxUk9BNG5mUzROVUNyalR0SGRURUpaaFJEcExwU3dPQVg2TElwenZ3SDUxRDhDc3hyX3FNbEp2a0d1NmcydVJTQjd6LUYxSk9GOUZQaE5NOHR4REdwMkxLOHZuZTd5ZzF5RXMwd1VZZm1LeTB1Qng2dA?oc=5
2026-03-11 03:00,The Motley Fool,fool.com,This Artificial Intelligence (AI) Stock Has a $66 Billion Backlog. Here's Why It Could Soar in 2026.,https://news.google.com/rss/articles/CBMimAFBVV95cUxQNGtIQXB0cTBzdWNzdTRxMGl5bW1OWGpQTlpQWGtHcDZHeDFMeC1XRGtIRDZyUmZRdkN5WVVCZnA2bHotbUY0RUp0X3ZSNWtqdjItMnZaRy1Pa0VpLU1QaDVNN3BPQUJVc0NvTUE5N3dEWWlfMkctbm83aUNOR1ptQkw0Q1RZQ205TVZJMkEzQkVodElnOXlDdA?oc=5
2026-03-12 03:00,GlobeNewswire,globenewswire.com,"COREWEAVE DEADLINE TOMORROW: Bragar Eagel & Squire, P.C.",https://news.google.com/rss/articles/CBMi2gJBVV95cUxQbkRxa20xZVlkcUxsWUFaRERlQUNwX3VUblZmZFIxeEZJZEpsQlU0WHNkUG1aZGlqV1VZc1BqZVNuZFdodi1KX0VoUWRWazdBd0NhN1NaQ2RjQ1Zyc04xZE1mM0tNLVdqMjl4d2NSSFVWQUZNWDBzR1dENEt6elBweGtCNC1oM2RjSEZDeG44UnBtVW5OY3JOMWJibjBDNjZoUkxlTGlIOW5GQl85LVFZU0M0Q1lYd0d0blBoYUprajdBNGJmdndBaE9sM0Z2S0p2LXFsS0FxeG1SX3NXcmZSdDR1N25YbkNZNktkWjdZTF81SEFFa1duYnk1OXlZMUE5TXpyTEtUMlFDeFhpWGZSYWdRTExDV0x1cUxnajN4V3JCUHUxT3pXNFRSZEdvNmJXUFdFdmJHNDNSZVg0QWNvM19ZcEdack5xLWFpMjJRLWRQM1lvWF8xZFd3?oc=5
2026-03-12 03:00,The Motley Fool,fool.com,Down 55% From Its High: Is CoreWeave the Best AI Stock to Buy Right Now?,https://news.google.com/rss/articles/CBMimAFBVV95cUxOUGpuLXNtY1d1UWZpZExEMzdHclRIdWpnRkhYM2dYdTg3SGJpejlzMmtHR2U3ekxTeWUtdjhHTGpnNU5mYUZ0V18zSmhkaG4zZWlVSGN6WGVGUWJKT1VtZmFvdzdBM09wdEpwbm1TUThqODF3OWE1MEhwWV9QVUE0NGVUVmhScmJXWXlYQkRBYTRrWkhSMXplTg?oc=5
2026-03-13 03:00,GlobeNewswire,globenewswire.com,"CRWV DEADLINE TODAY: ROSEN, A LEADING LAW FIRM, Encourages",https://news.google.com/rss/articles/CBMi7wJBVV95cUxQZ2lTdU92aGlCZjJ2bkNnMDJ4aVZVSGJNbk9jVmgzRXpmYi0xQTRpNkpFaUI5UTdnRGN4aG1sTldqMGx5QWI1RXdWQ0JZSGZ2R2tISjF3WldDMkRBLUcxeGJiSmNTMk5VRHE4N2MtZENsd1R0cThtaWN1a1ZlMW5lYzlZUXYzT2hUZFBUSjhxYmMxbkFrYXFkYjFWOU9hdW5hZzZwNWVsTi02cGFIeTc5LVRJcU5mVDdCQXpGTXZkTV9IRWdRcFZFTzhuMjBWM1NacW1XTzMxV29tTjJmZUtIUThFOFBOak1EV2tuQVlxa05uSURuYjNqSXVzNGRQbFZDTUFiZGhvVGVDN0t1dkFGT1Y4SVNGTHdWdFU3bkVIdTMzangyWDN0LTNZdl96Uk5tUjJCa0JvdjU0MWdnLVJCZGY5VVNQeTFxS2ZxeUFmdXdySkRDMW00T19BTTFkSnFSRzFNall1LUZKUElQcU4w?oc=5
2026-03-13 03:00,PR Newswire,prnewswire.com,"The Gross Law Firm Reminds CoreWeave, Inc. Investors of the Pending Class Action Lawsuit with a Lead Plaintiff Deadline of March 13, 2026 - CRWV",https://news.google.com/rss/articles/CBMiogJBVV95cUxQazFESXRHVDdSOG1OZzZrR2pGQmNVQTV6MGcxbUtGbllmUnB0NlFlMFBkS1FGN2pWUC1iVmpvVjNGek1TUHVWYzlNeUpaRklhZlZGMVJUcWFPZjB4ajBUdlBkTlFJMUJ1Vmw3dHZ2X2V1bHJKeExkTWFleVB2VVZaMzBXbDFOSUFITDI0RENSdUZMYXlwckZING53UFViVDRaUzZxNUxHaFVJbkljaktOYUc5b215eXZrNGlBY011aTY5ckxfQ1NpZTZXRjlaRUlNUjBuRG01UkJkbmlucThSNWJ3MXhQaFpsV2kzbXFLSnBmOVFESmZzY3pHYWdlQ0pGakNkNTNRWk91eVZRakgxeEs4aTdYajBOZ2ZKVTMyY0NZZw?oc=5
2026-03-13 03:00,The Motley Fool,fool.com,"Nvidia Just Dumped This AI Stock, but Here's Why That Might Be a Buying Opportunity",https://news.google.com/rss/articles/CBMimAFBVV95cUxOQ05rR01ZZzdUaVVOSENzZ2hlb1NzZlpkSFZYYm5kcE5PVlJBOEZOOV9EVGVRXzJ4TkVlWU5iLU5QTUtFVU1IU0dqZVluVVBuUWxlMTF3Z3UxTFJHbzd6amRmc1RtdkxXZmVueXVBQVRkWWpra1R1aGVheDZvWkh5amF2QnlSVmpteHlNUVREbnFGMkxaSkxjZQ?oc=5
2026-03-13 03:00,Yahoo Finance,finance.yahoo.com,Should You Buy the Dip on CoreWeave's Stock?,https://news.google.com/rss/articles/CBMiekFVX3lxTE1zU2E3MlROcUVHY0lhclZ4M1VSMVVGX2FsUTlCU1dnc0lUQUVka2dEaHRmOEVuV3NWdmVtZG8xVjRQVzF3eGZXMHk0RWRab2xzREVaSks4bUNIc0FMYnc3a212aGd5QzkyR1NHdm1NTHMtdGgzUzloV1ZB?oc=5
2026-03-14 03:00,The Motley Fool,fool.com,Why CoreWeave Stock Surged Higher This Week,https://news.google.com/rss/articles/CBMijwFBVV95cUxPSENkck15Q3FOVmNSemJVLVNsNFlVUmRkaHB3MENTY1c4Vkh6VXFIYjVoSFU1RFRwOWFBNmFDeE03a1ZBMTRlZGdDMjM4eEpBNE55VFVGem5pVmdiOHRwWDQ0R3hoRHpmd05NMGticnNrUWdvQ3cxUjNibjI2M0ZyZmxqUGpGUS1SRWpjbFU0VQ?oc=5
2026-03-14 03:00,Yahoo Finance,finance.yahoo.com,"CoreWeave Details Expansion Financing, Power Constraints and NVIDIA Growth Plans at Conference",https://news.google.com/rss/articles/CBMikwFBVV95cUxNS2xYQTF6Nk4tcUdzS0g3eXlVOWlKTmhvX2ttSlJDbUl6WjBIYXk0M2pLX0YxVXQyeTBLOExnazZ3REdFYjFfaEt0MFE2cXJaZE1qdm9GOTZxRVdsWThfdVdUNzQwS2dvazZkb1VOZGM4dW5CZXdWWUFYU0hnOFZneEN3WGlDcDlnU3JQZUU5c3p2djQ?oc=5
2026-03-16 03:00,Benzinga,benzinga.com,Why Is CoreWeave Stock Surging On Monday?,https://news.google.com/rss/articles/CBMiowFBVV95cUxNMkVfZG5JcEVaMWRsRktaaGZmc3MwYVNpTnRVTndBZWFHNnE0OEh2STlQb0lQVGVUcE40Rnc3blZPUzRzdlAyM19Id0RJZE93UzkyOFJYR0hCQmw3QllSSXJUZUtQam9LdF9qYlh0ZFNpZDBkX29STkhSZFBVRnZ3UWZWS1o1R0JLWkpEcGg3N1FqaVdrSEpGT3VLSGUzd29kQld3?oc=5
2026-03-16 03:00,Investing.com,investing.com,"CoreWeave, Cerebras and BCE to build major AI data center in Saskatchewan",https://news.google.com/rss/articles/CBMizwFBVV95cUxNcVpWS1Nxc0dmRGVJRlVRbEpHTGN0SFd3TVBPMHVJYzJreVZfaUJvaUxqbV81eWFMR0JCS0Z6d0p3Uk1LSlZsckx3M29LUWt4d2M4SXFPV1BBZTJUZVBHZFVYOXRPM09DV0lsMHhfSEV1b0lqbUxhcVB5bTdoZUQ2SlZSeVlQQkZzS3JxNGl4NTR2UXdDLUNJdWdmRGIxXzhfQmlEM09yd3ZQZ0ZVNmM1dklPNXpGa2RLczFTUnVZVWRBaGtROTYtMGtaLWFWNlE?oc=5
2026-03-16 03:00,Seeking Alpha,seekingalpha.com,CoreWeave's High-Growth Cadence Proven - Strong Buy For Contrarians (NASDAQ:CRWV),https://news.google.com/rss/articles/CBMiqAFBVV95cUxPLS1QWk14YUxZaXpDVWp0bjU1ek5jaU1sQTRjNzJ2Y0dzWXFvSW93NGdKLWxPQ2V1a1BTd3VySktia3VxeUNaaXpUVzZmeklKVWtPQWVYOTNhSTJCdUZZNWI5WXBsYkFZVU55NEVhYnRmX1hYQ1BLYWpqN2lBNWZabWhVV2lJcjVONTV1M0xlcnNoMFBXUmxoVUM2SXhwclRRQWlrOEVhSDM?oc=5
2026-03-16 03:00,The Motley Fool,fool.com,"This Artificial Intelligence (AI) Stock Has a $19.4 Billion Microsoft Deal, a $3 Billion Meta Deal, and Now a $2 Billion Nvidia Investment -- Is It a Buy for 2026?",https://news.google.com/rss/articles/CBMimAFBVV95cUxOZzdyTkpmMlBYYk5JT3hHbnRGYmp3cmxNY3hmaGRzWTBJMFlvLTJJUWNYRWtmTGlocDJjNlJneG0telNOSUFOcG9TN0FlbDJVUXd3VzJVU2hXcngtSDByTm9XQzFwLTU2S1M4UzUxYUs1aWRHZDlSQ2QtTWRKbUY1WGNoUG16Z01DQ0FPUk9WTUt5MEhRaTRKag?oc=5
2026-03-16 03:00,The Motley Fool,fool.com,Why I'm Still Not Buying CoreWeave Stock,https://news.google.com/rss/articles/CBMiigFBVV95cUxNVl9tUERmYUdJMmVUOC1ENWN6cmdHZmdzVVBWaExKVk5RajJ3dFZGZ3Z2VkhHdS1sRUpkcHA0aTR5MXNqT0x4WDhjLWh4dldLMXZjV2Jwd0ZEdXo0bkZ1ZlpPUDJLOVU1c2dXeGNOWDA5VW9EeFRCYWUzSnFPNkZad2pUdW1TaXZHT1E?oc=5
2026-03-17 03:00,Benzinga,benzinga.com,What's Happening With CoreWeave Shares On Tuesday?,https://news.google.com/rss/articles/CBMiqgFBVV95cUxQQlhtMmlPcHRMd0RwOTZvVXZ1SDMxWUluOVdmRTQ4ZnhYNFVTQU1Mdm5ERmNpblYtdzk3dERKbEl6R1dyOGI5Rjg5X2RYM0FIWEtLTlpNX1hseGxQTVZmSmM0THI4QzBKSG15aE5CV3RyN0RfeXlBeF9mREJIbmNNbTVfbDhNaGlsTE5XTjJ1MnVxdThhWVpncTlEeUEzLTBPbHcxNHRReXZHUQ?oc=5
2026-03-17 03:00,Investing.com,investing.com,Cline integrates CoreWeave cloud for AI coding development,https://news.google.com/rss/articles/CBMitgFBVV95cUxPWS1NXzBRTVRURlp2LWpxMklJa0Y3RWdOZ0N0Mk5vdlZPRGw5MjZvbUVfSXJmbzNOYWwyVERnTFFRUWhOemNuTC0xZmxyb0tFa2VKaDdyRGowMFVlcjFxUVB6QkxyWGdJd0QySjQ4Zzd1NExvdFdrcmY4TkdWV2RIT0lyM0ZWYjAtYlF4aDFaaFNWdHZFMVlnZTVoSkpGelJUSkJYaW1zQS1SSVVRcDdkeWJveFVRUQ?oc=5
2026-03-17 03:00,MarketWatch,marketwatch.com,How CoreWeave’s ‘situationship’ with Big Tech could cause a 30% stock drop,https://news.google.com/rss/articles/CBMiswFBVV95cUxPcnF3N1gyY0p3QzQ5MVJoYnRvbHZiZWRMVWlYVzZFTEMtOGloeDRILVZLdmJ1c2o5SEI3R3doUnZqVnpONHE2TmdGTVhfekRXT0tWa0QxYlJmSncyVDV0ejA5bUl1bnBZZG94aEpqM3VXRDRPTnQxaTNDNEdzT3BLWlNMVzRHTzdOVFB2T3VGZXFPRDlwbUtDVVpZNmZRLUZhbnhNNHZjYmdLZnRLSkk4TUg1RQ?oc=5
2026-03-17 03:00,Seeking Alpha,seekingalpha.com,CoreWeave Stock: The Market Is Overreacting To The Wrong Risks (NASDAQ:CRWV),https://news.google.com/rss/articles/CBMinAFBVV95cUxNX0JZOV9VN0FsVDNEcEZZdVc4NXZLbHBpUFRweDZMcnozOTVvU3NLdUp3RzkySlFMdVNxb0RtMVRfNWxqRldyWGpjaEk1NUFYVC1EZ0FlWEV3ZGpjRWd1NVIzZFh1QmJOYkZHeFZBN1FSSHBObW5QTkh6Z1liaTBqeXozLXR3MHJNWXZCTVlSbmVLS0lBMnc5OWdkbTM?oc=5
2026-03-17 03:00,Seeking Alpha,seekingalpha.com,CoreWeave: Still Substantially Overpriced (NASDAQ:CRWV),https://news.google.com/rss/articles/CBMiiAFBVV95cUxPaDJoOGVfVmVTUGlXTk1yM3FEV2dwVTlJRHY3bi1taFNGbk5RcXR6dG9ORzAzVnZ1ZURQZDl3b0NDdXU1Y0RzaDBQN01GYmJNZWhiZ1BNV3RQbkd0eUVyaDgtZDBTSjJIUFZYUnhIWGRrWWJJZ0xJeUI4WHlrZXZjaWU4SllSWVFI?oc=5
2026-03-17 03:00,The Motley Fool,fool.com,1 Artificial Intelligence (AI) Stock That Could Surprise Investors in 2026,https://news.google.com/rss/articles/CBMikwFBVV95cUxNRFJfMThiSnhhSVhtNmwyVDEzNm5JVVVEMFdqVExSeXgweEhGYTFYNW4zVWZ0Ym9JZms0eGNoMGFYNWNtWEtIdjgycHZJN24xU3QwTTl0M19wOGQ4SGJLTnBKMjFBTWRkOTh0TU1zOVk3XzJLcXYtMWxRNVhWX1RZQk9RajVuX2h1WGhCdjNsSUZkeEE?oc=5
2026-03-17 03:00,The Motley Fool,fool.com,CoreWeave Just Landed a Deal With Perplexity. Why This Neocloud Stock Could Be the Comeback Play of 2026.,https://news.google.com/rss/articles/CBMihwFBVV95cUxPbU1YUWZEWUtCYnY0XzVhTUR0elRUQTBhNlVOWXlwdE9CRi1vZmxJcjAySVNUemZDRDkwNGFWTU1HT2thT3VuNTZKRjI1bGloTHJNcGlpWXlWS2hqOFVWNFZKcHJGcFd1RV9nZmsyeGsxdTRycnFEQUhoYkxpVFlLc1llYTltN1k?oc=5
2026-03-18 03:00,Investing.com,investing.com,Coreweave’s McBee sells $12.1m in shares,https://news.google.com/rss/articles/CBMipAFBVV95cUxPYS1ueWJkckhQQ2JHR3VBX2ZtUWhZQWd6YmtWbXpMYjlLQ3lvUHJWYzYxY0dYTTBNNXZyX3RlOVdyNkRoZk4zQ0Robm9uZm1iOXBzVHY0UDdvWkdUOFlQcmJPN2kxUXZsN2dYUzhZMnhWTTNCSkJ0T3FqSWZWOXdabm9mYng4T2lTQ1FqdS16dm5SMW5xN25EcHUtdGRHZlIzcWdFTQ?oc=5
2026-03-18 03:00,Morningstar,morningstar.com,"CoreWeave Stock: A Neocloud Leader for AI Compute, but Many Risks to the Outlook",https://news.google.com/rss/articles/CBMinAFBVV95cUxQRmFLcjNCYzk5TndvMEFDQ1ZpdTh3UUNpS0d6ejdEclRSUmVQQkEtWmkzZTZKUENKQm1CRFdNaURXYXFZU1EzYjk5cVFnQ3hnTXM0U0dwS01pOV9lMWpqa19KOTlPNVhFbmFCUFhfRy1CS1JaSUdWX29BTE5LRWNYZVJ6Qmdfb25OVVV2QVk2X1JSNXozU0xXY3JzSHM?oc=5
2026-03-18 03:00,The Motley Fool,fool.com,2 Growth Stocks That Could Go Parabolic,https://news.google.com/rss/articles/CBMiigFBVV95cUxNc1FNZDVQMFM5bnNDaEQ3bXI3ZFRUUXNyazg3ZG5sTDFMMi04Z0tzNVY1X0VXLVpnUXp2MlY4djNzZGU2OFo4amlON044MEFKeEdHTnJ0NEluMEIyN1hQUjJqRHdBaVVqS3d4aFZ1N2N1VXZCbkFTMUdXV2szQ0FidU5NUXV5OU1DZGc?oc=5
2026-03-18 03:00,Yahoo Finance,finance.yahoo.com,CRWV Stock Falls 15% in a Month: Should You Stay Invested or Exit Now?,https://news.google.com/rss/articles/CBMie0FVX3lxTE9pZVJJWjBiN2c4U1Q5V04yTmtXNnFBdk9OREtZVUZaRlk3Yjl3eTZhVTJMQXhlQnZnWjRub3g5QzFhZkU2UENBZzZzenJWazlIcm1EYW1EQ0hqS3JqNDg4YVNWREVOelRFNmRMNEdvN2NzV2tIYTBoSDVqMA?oc=5
2026-03-18 03:00,Yahoo Finance,finance.yahoo.com,"Insider Selling: CRWV, DELL & FANG See +$100M in 2026 Sales",https://news.google.com/rss/articles/CBMimwFBVV95cUxOS0JUUlItRFB5QWUySjJMdDlfZVpHZEFPcmVWeVNGU0xlRG93OVFJTFFVVjJwR1I2TVFMV0RFSGh1cHhVNGp6MkdISGZMZzlKYjRHTDk1Q2FKSVhzcXVjTHUxaXMwVjlPeEdWRnZjdjlWUHZhMW5Vd2VCc3pWcGpaaW5MTEhHTk1fbTFDY2t1VXo2ZFZKVjJjQTgybw?oc=5
2026-03-19 03:00,Seeking Alpha,seekingalpha.com,CoreWeave: Deeply Undervalued Against Peers (NASDAQ:CRWV),https://news.google.com/rss/articles/CBMikwFBVV95cUxNYVBQdmc4cG9EMzktSTM2Y0lYSTVTdkRvQk9DdnNBei1jd29XenJZY0dLREtMS0dCN0NzdGR6NkdJN3RHcklRdXNYaFdwdExFZWVZMGV2c3QyeERzZkQwa1h4Ym1QNXJjSHFlbW1hRG5OOUdiZ3JkU0syT2ZCTjh1ZkZMYjllaWNZb0tMWHp6anVMZFU?oc=5
2026-03-19 03:00,The Motley Fool,fool.com,"Prediction: This Neocloud Stock Will Outperform the ""Magnificent Seven"" in 2026",https://news.google.com/rss/articles/CBMimAFBVV95cUxQNVQ1ejlDNU5ZU1lfamF1X055T015ZzFDMWtvZHlIQzVYb2FLOU9MLUdXZ0trRTQ4dlFBd2M4Z3h4Qkh4TlF6TXVyeWRxdTNnTmlpel8tNzdIZXl5U2tnNmhEcVpvZWNUYndfNHJaZ3BSV05Sc1FjekFkNENKTEo5eTVTdThBb3RTUlY3ZEFuVVR2YTdFUWQ0dA?oc=5
2026-03-19 03:00,Yahoo Finance,finance.yahoo.com,CoreWeave’s AI Cloud Push With Cline Integration And NVIDIA GTC Momentum,https://news.google.com/rss/articles/CBMimgFBVV95cUxOdVliWWsybjJ4VE5FZTdrdnhkU2tJUDBzcnQzMTJ6Zy1Mb3UyQy1zTEwtNWc3RGlPVUpmblllcGFWUkNfaHNCR240ZE96N3N1d0RTVmpOR0pxa1QzeGNsbkpucURzRnhVS1Z3eXNzbXVQejJBREllWWd1SWQ2dDZQUTJBYTZyOVpoOHVyWnkzc3JybVZCWDZOanZR?oc=5
2026-03-19 03:00,Yahoo Finance,finance.yahoo.com,Here’s How CoreWeave (CRWV)’s Shares Behaved After Jim Cramer Said It Was a “Star” In April 2025,https://news.google.com/rss/articles/CBMinwFBVV95cUxNZ1QzWGJaTFpmMk9RS2x4T1JvV2wwRVdZU1Ewd25BSU5CZHB3cWFCMTAzd2UxWTFfY2NOdHo5NmJra3ZNMUtRbmtWc0t2dDNCZ1BJdFM1TFdzSUVfaER3YkxJaUt4SjQ4UDFpNUxqUkR4SEc4ay1pWEp6MTFPWmJCck5FTWkxcGgyV1ZqYWxtUF9rbnRzZ0x2MEh1MU5LbXM?oc=5
2026-03-20 03:00,Morningstar,global.morningstar.com,CoreWeave: Neocloud Leader Undertaking Risky Bets To Serve Future Demand for AI Compute,https://news.google.com/rss/articles/CBMiwAFBVV95cUxOb0RrdmlDVENZWUlOcDFZUFpIbDR6THNzTDFhZ1RfMEhCaVYyUGU0aUM1UjVTTG1iVWpFd1FoUVdScEw0NXJzUnFfcmREcnotNUV2Q1huTkJEb0UxcHl3bXItVkg3UjJoTXYxRUk4X2hfZ1BlTkx3ajVFOTNQZEZ4TXY2Qi12NGRqYWNWTnNtTFRvSGc2V0NNQ3dJM3hhNnpBd01PU2dNMHFlSV84S2xXM2pJZ0MteHJIMkxxanlWV3Q?oc=5
2026-03-20 03:00,The Motley Fool,fool.com,This Nvidia-Backed Stock Is Slated to Quadruple Its Revenue by 2027,https://news.google.com/rss/articles/CBMimAFBVV95cUxNOHo5VVFYM2NibXJqcHYyMVljaFp3a0g1Zmg0UEdRLVQ3dVQ0cVVpaTdUbkRRdi1KbzE2dGVBd2JQLUR1X0loZ2RkWDd5eVR5TkM3a1BxdDgtVjd3aFdfVTVBdGZRTTFVZGUycUZsY2E3ZGVaM192VVhJY0FCM3o5ZkZjNUZoMGNBalFHNVdoa3NEeTlKaHNqQw?oc=5
2026-03-20 03:00,Yahoo Finance,finance.yahoo.com,CoreWeave (CRWV) Expands AI Cloud Platform With NVIDIA HGX B300 Instances for Blackwell Ultra,https://news.google.com/rss/articles/CBMinAFBVV95cUxPZUlXWXdfdzRPTGljaV9yd3FlUUItdmhFTEJuMnl0RjJVdExDZjVsN3U1Z1hJSVNBWkJuaTVpUDV2a0ZvOW93Njd6RWd0U0JRTzFLNVA5TWY0VjN0eUsybVZOR0NfYjFiMkk0SkwwZjc3amdVU28wU0cxWDlKVFlxZjM0Z1FOYS1YNnlKWl9nQ0VGNjRUNmFOd3B1SUo?oc=5
2026-03-21 03:00,The Motley Fool,fool.com,1 Artificial Intelligence (AI) Stock That Could Be Worth a Fortune by 2030,https://news.google.com/rss/articles/CBMimAFBVV95cUxNcm1OVV9SUzVNeTA0a0NOZGwxWFk3UjFzT0VvRTZmVnF6bjJUUW5ONTh6MkhIc015cHdVckFCOGkwVFJEX3ZTQVJXQy1IYjNMcG1Id0pSeTRhX2JKSVlJSW9wUGQ3YXFURHY5M3RKeHZJdk5pYkR4cEdXQUJKOXN5RkRaU0Y1LTZjUFJTYXZ2WjZjYmp3RWV1Xw?oc=5
2026-03-22 03:00,Yahoo Finance,finance.yahoo.com,"CoreWeave Stock Gets All the Headlines, but This AI Pick Could Outperform It",https://news.google.com/rss/articles/CBMinwFBVV95cUxNa3hkM2FVTFcwVTFSS3hkZEpzVEFydkYxR3RxUVBQbVB3Y0V4LTBSQnpZc0l4cjhZM0dWa01kU2MtbHRfUlp0UHdUZ0hvS1lnUW1mZFZRSHUzOEdpQ2hHcDQzbFRBRnR3d0QzMy1oaktwMFdEQXhBNzVnRHk1d1dnOXJwbmVtMlViSkJDcFRIekg0U2xvaVZZUkVYWmhKVEE?oc=5
2026-03-23 03:00,Yahoo Finance,finance.yahoo.com,CoreWeave vs. Applied Digital: Which AI Data Center Stock Will Make You Richer?,https://news.google.com/rss/articles/CBMinAFBVV95cUxPSGlLUEFvMVc3cUVvV2lJMDk0eXM1U05mX0h2Q0xQVndWYlZKZ3pDaFJoSkRLNGlYazdaVnBNdDlJQmQ2QjVyN1Y2cVNtVEVHR1pvNUVhbklqYmp2SzBOdlhwUURHUl9BNjZyUlBDQkJrdzc1YlpYNTlVVDNOVVBXRldFVGg5M21ZVi1lSmtBUWVkSGZMUW1KSlhZZEw?oc=5
2026-03-23 03:00,Yahoo Finance,finance.yahoo.com,Elevated Financing Concerns Hurt CoreWeave (CRWV) in Q4,https://news.google.com/rss/articles/CBMiqwFBVV95cUxOZ0k3NVlQVVo1c3pPcU9nOGxCT1hzeGxWN24xRkItNm9qSnM1VEIxOWtGQ0Vyd1NFeGJWa2Z6QXd1UFlrbU1KTTd1RWlFWVRJVkhKNE1qMGxDRmNfNG5ucHlPeFFJdmltbGFOY25vdDh2S0xobU5LMlIyQlp1MUxvX0JFcUNCLXV0blo4d3VVTmRsckpiZmttZ1M4eVRCWFJZSE9zTm5QbElzdW8?oc=5
2026-03-23 03:00,Yahoo Finance,finance.yahoo.com,Is It Time To Reassess CoreWeave (CRWV) After Recent Share Price Weakness?,https://news.google.com/rss/articles/CBMiogFBVV95cUxPMzNKbURQMDRHYkdTOVBYMk5NUU0tRkZFZ2JCSC1MSVhxQ3hMOGd2Q25waVl2ZWhhWmNMQjJ1YXpsMTBkZU9xVHhWeTlhN3N3WnBORmw5TkZ1RmtHdmw4RzB0MDVYbk9GZ2tScktnajh2TVFmZkJfUXp4VEJPOGFGNmpXSktQV216UUsyWVJnNjdEM1ZLeWFnRmZoMGxiT2dRTkE?oc=5
2026-03-24 03:00,Barron's,barrons.com,"CoreWeave Stock Comes With ‘Inherent Risks,’ BofA Says. Why It’s a Buy Anyway.",https://news.google.com/rss/articles/CBMigAFBVV95cUxPVG1RQ2pRc0ZrenNNVVhCd19CcmhuQlVGNUpTa05aaklVWE12Uk5tdklDZjFSMmtrbU04NkpvMHhEVlRxS1BvdmhnZTZqbUhESWRTQ1Zzb19lSHV6cERVNDBBM2hfcnd6emJIYlh0MFBMa1NHQjR3QUJ3cTB5QkRkeQ?oc=5
2026-03-24 03:00,CNBC,cnbc.com,"Demand for AI infrastructure will drive more gains in this stock, says Bank of America",https://news.google.com/rss/articles/CBMivwFBVV95cUxOTU5PWmlzdTBfMTNMdjhMOGpyZy1SbjNQeHhnQ1QwU2NNUHYteF9CTi1NeU4zSEpoVnlYMTRzWFBTaHlzdzBtUjdNejlCejR3bmUyU1F6TVVTb2xsN2Qtbi1UUUZhWlF6dW1WaWFWR3JQa2ZiVUp1SXQzRXBmM1lJLWIxWlJoODM0eE1VMHh3amEtVE9CMlItS2x1LThLcUNfTjhyTUlPNUp4VWhEblp0c05pZGFZMjExTnRHV1lKOA?oc=5
2026-03-24 03:00,CNBC,cnbc.com,"Here are Tuesday's biggest analyst calls: Apple, Tesla, Microsoft, Oracle, CoreWeave, Ralph Lauren & more",https://news.google.com/rss/articles/CBMijAFBVV95cUxPanFFb1VuOHlWSEtvQnRjd2dsU09MRW9FQmN1U3lhLVkzOW5lWjVoNU5lV3VPaGZnT25VOXhuM1BmTWhFcnVjZk9LSkp0RGlTRlFxbml2U1NMVEhURkZ4d0VaTldkZzF4dzJhOWJTVGdwaEtVQzdFM2pxVW9VUXJRdjVlV1VhRVQ4LXBZZA?oc=5
2026-03-24 03:00,Investing.com,investing.com,Bernstein reiterates CoreWeave stock Underperform rating at $56,https://news.google.com/rss/articles/CBMivwFBVV95cUxOc2xLVG5lWHNTb0hEUVVudUZBRHk4a2hONEhva0xKVlVCdXlleWY3RDMweFVoaTNyUjU2R1hfWjZyWTFPZjFGaVVjUEI5cnFPREg1dDlIZDRiLXhENnplSEk5S2loX1NUTWNTTkRvcEpQLTNJVzJGcGJBV1VkbnREV2x2WGNhNVQwSU0xd2xEWkktbmJGU24xc0VsRk9QSVJmZDNrd2tZamMyR2NwMVN2aDkzRGtKZW54VFpPa1NqTQ?oc=5
2026-03-24 03:00,Investing.com,investing.com,Why is CoreWeave Inc up today?,https://news.google.com/rss/articles/CBMijwFBVV95cUxOMkYtQ05iV21kX0MyNjBhT01SdTg0dFhaM2NjRkJpU3p3MzR3dzJVRWJBX2VsLUZJcVprMFNPVVFLQjZlOE9HQlZzOGdhMWlZeWdxVFNIczN1VjlHRmRIcWI3UTFhVTFkUEdPSDZGWldzZXFGV0gtckE1ZG0tOFVPVjE5amk0Zkx5czhBZHBDWQ?oc=5
2026-03-24 03:00,MarketWatch,marketwatch.com,Here’s how CoreWeave and Nebius can prove the AI doubters wrong,https://news.google.com/rss/articles/CBMiqAFBVV95cUxNXzh3Uk53VjEzV0QxY0NRbm40YTdJWktFd1BrQmI4QlhGMFVOdlVUWEg2M0tLNmRTLXRibTcxNnpfU1hibXZQWkx0eGVjTkhoYVQzQkp0S2VXbllrc3ZzT1lIQkpRYW5LQ0hRT3BrX1dxZUxrNU1PWG5KQVRuOWt0b0xkN25PQ0kwZ3VUMFlyVTBkQzcxY2xlVklYMGg0QS03NVc5TV9SMEw?oc=5
2026-03-24 03:00,Seeking Alpha,seekingalpha.com,CoreWeave Stock: A Compelling Risk/Reward Opportunity Despite Capex Backlog (NASDAQ:CRWV),https://news.google.com/rss/articles/CBMiswFBVV95cUxQblRSOC1wdnUwLU1WTUJrQ2htUTZXUm54ZDVRZUE5R3BkOUtzNUVZbE1FTGNwMW5fdnRMNHc2QTUweHZkQnN2RHNIdVVRclVEbUZSaXZtYzg5T0g5Q0VUUDY1bVhyYnJVZHhiYjI0NmMtZE1LamlMOWEzbnZWb2loNFZzY2JCTzJqVFlFZW5hamd1bkpGMm03YXN4ZFh1bHZRbXp1b1NPbUFSOWpqbHYteXpXdw?oc=5
2026-03-24 03:00,The Motley Fool,fool.com,"Want $1 Million in Retirement? Invest $10,000 in These 3 Stocks and Wait 20 Years.",https://news.google.com/rss/articles/CBMimAFBVV95cUxOaDhuVDdiTWlHckE4dzBWbmxUekt4Si1wY0M5SmF5UDNtNER1N3VXSFZoVmlLa05SVWJBSlFLOHdQMC1JbFV1RllhNS1WaExuNUZUVjh1NmREcXhfdlVzdWQ2YUpHVEY1V0t4cmxMUzR2b0dEUmp5SjJWbml3bVpNSk91MUF5UEt2al82SklTU2E2cTZMZ0RBTw?oc=5
2026-03-24 03:00,Yahoo Finance,finance.yahoo.com,"CoreWeave Climbs After BofA Reinstates ""Buy"" Rating, Sees $100 Target",https://news.google.com/rss/articles/CBMiowFBVV95cUxPeWZuTzBkb2wzZ29sWncxemxNdXViSEViQjFqQnhiLW45b05uWkdfV3FwNFBrN3lQbHRmX2U0VDVob2NDajBOMVNySmRvbEQ3c1BtSjlTb3U1YTVrMTR6SW44TnBMaXYtZ3I5ZTE0YlpYeHNLWDZzUTBhTGVTTUlIQ21vRWRwTzh3OG1NblhpU0ZOSzhKVU9HMHE3M0EtVlhWOWN3?oc=5
2026-03-25 03:00,Bloomberg,bloomberg.com,CoreWeave Shares Lag Rival Nebius in Wild Year Since IPO,https://news.google.com/rss/articles/CBMiqwFBVV95cUxPb2lHLXhDYkxaUGE1ZngyOFF0UUgxX3ByZExfVXV2NUJhZTNJVGtyQ1NnWWhQNlNmOWU2dmhzM0FUN1lmd3JaNzROWXpBLW85UzZkVVo1OEhVNkpFVVEzSlVod0htXzRiRVVoN05vbE9FZWE5THhEUVdvekJfTy1Vd2VCejZNbGRtRzBGNXdDSVJmR0h1T2NGVHhrZC10eTB3MW1GclhHMlpLM00?oc=5
2026-03-25 03:00,Business Insider,businessinsider.com,CoreWeave's CEO says being 'nerdy' helped it pivot from crypto into a $43 billion AI company,https://news.google.com/rss/articles/CBMie0FVX3lxTE15QU85dEY4X014Y19OcmFwY2RKMkFSYWdtY21qaENNRy1Ic2hBLWl2VUVrRXJvWWhaWlU1S0hLakxHaW5MWFVDREVyZkdtaXE0RW5GT1lSUThTV3E0d2ZnRmxfVHdwMnV3em1xV0J5YW1yMDZiTmp5UkttQQ?oc=5
2026-03-26 03:00,TheStreet,thestreet.com,"Bank of America revamps price targets on CoreWeave, Nebius stocks",https://news.google.com/rss/articles/CBMiqwFBVV95cUxPWHhEb09DYkoxS19hY0pXOU5RcnFsQU9vYVg3b2RzNFRfaHlkbHVZdmNGbC1DSVZ5bDJRUmxCcHNRdncwVktBamJlUXU5Yk56MTlZVjAyVTdPbFFuNUZLXzJMQkpSemhqRWxhaHBFS0FxR05ESzJZeE9FZWRibHJZV1ctSXpEQ0Q3VkNKRk9RdmZ2dXJ0c1pZU1oxWGY1cFkwWTNlNjhldHotN2s?oc=5
2026-03-26 03:00,Zacks,zacks.com,Nebius vs. CoreWeave: Which AI Cloud Stock is the Better Bet?,https://news.google.com/rss/articles/CBMioAFBVV95cUxQX1FuRXNSMHVIX0lCZVlkTldka1A3VmFvcVdpaDVlVXp4YkxkdUMxMG1yVzZUSzBCeXh2YTE2c0twNmF6Vk5TTl9MNE9OY2tUNm9OLV9CRkFiY0h3MnA3UG92M2JYMHE0V0xUZWcwZEVlZ0ZJeVpnZzJHaDBER1h3dUFpQUkwSHZjVEtBUGJ4UFVDT3lwSFEyQjdHR3RiQ0VH?oc=5
2026-03-27 03:00,Benzinga,benzinga.com,CoreWeave Partner Core Scientific's Stock Jumps In Momentum After $1 Billion Financing Deal,https://news.google.com/rss/articles/CBMi3wFBVV95cUxNVi1ycENRcWpqOTh0R1pnU2Nzamg3bjFPT054ZFQzMzViSkotdGhhMF9ady1JMm1BOVZHU0FVb0tVZkx6Qm5FeU5xVkpDblh3Y1FYbDNqWUtQX3hqR012SmJhVldBNVlGeGt6ZkU2eWpIWVdYTWh5aWxrdGplckhoanFPMjZSTmNwVE01TkhXVnkzT0x0cnhUR1N1X1FVa0NZaFFDdzBHMHYxODk0dG9EVVg3cFl4T0NmMXk3VGt2WUExb1NjR0xMTGp4Y0c1R1FaWUE1X1daUFZqc05kWllv?oc=5
2026-03-30 03:00,Zacks,zacks.com,CoreWeave vs. Cloudflare: Which AI Cloud Stock Offers Better Upside?,https://news.google.com/rss/articles/CBMiqgFBVV95cUxPTnJJZUJWcmh2U25pUkd3Qm5obEROQVpjRC1xek5KV0xOUXNiaXNmRTZyaHZpRkJzR1NmRnlYbDhKbmNtLXVsU2lWcVh4d09lS3I5NHNGVGVOWGhKTnc3d2NqMURqdXVNQW11MkdaN0JiZ0hDYnpiemZQMDlNLXBDWWEzUGtqbTJnNjVLWHRnMDZmYkJIN2U2Zmd0Q0FzWGI0R1JMdXdvUGU0dw?oc=5
2026-03-31 03:00,Barron's,barrons.com,CoreWeave Stock Jumps After Company Gets $8.5 Billion Loan. Here’s Why.,https://news.google.com/rss/articles/CBMioAFBVV95cUxNQTU3MnR0VWdiRFR4c18wWUQ4OGRldUxyMm5sMEFodno4ODdIcTBCZm1GUlhlSWNVNjVCbGJDYWkwVWFQa0Q2VmNTX3ZhY0FVMC1FT1ZEd2xQbHB5SFRhdkp0dTE4bTJpQ3A5WFN2ODdSWGdNeFdnMFNEUFlKd2tpeTRDUUVUeGs0RHNXZk5IUGhFZ1RfTUJHX08xWnQ2bVFL?oc=5
2026-03-31 03:00,Barron's,barrons.com,"These Stocks Are Today’s Movers: CoreWeave, Microsoft, McCormick, Constellation, Biogen, Marvell, and More",https://news.google.com/rss/articles/CBMiZEFVX3lxTE1mR2ZndElNOExZdUdwYklIWl9Qdkw1b3RQSU1yVENFUVlyZFd6bVIxeW5iZ0QtM0Y2YnNxRXlhb2g1VjY5cmVSVTJrNmFicVVmdnBiVE1ZUVR6RVgzdTJiTGNrblo?oc=5
2026-03-31 03:00,Benzinga,benzinga.com,CoreWeave Shares Rise After $8.5B Investment-Grade Financing Deal,https://news.google.com/rss/articles/CBMiwwFBVV95cUxQOElpaFBsX05hMnY0N2tjMEpSbFhOUGpOQ3dPX09YNVp1Y1VYaldScXAyMDFVV0o0TUZpek1wd0g3Mk5Iay1hUFF6OEZnQnJHaTdET2hwTUdpRVNFM2tuSEJrdHphQWRGWGxEVElhUG01QWNnS0kyMHdNVXNxNFpPUC1YWW9oNnJ3cG5oY19YVUJpUG1GWGE3QTRjWno4ZWpkZWh5bng5WmUyY3RZLTlnYU1rWmF1RUlBRFVDZU1XX1I3c3c?oc=5
2026-03-31 03:00,Bloomberg,bloomberg.com,CoreWeave Raises $8.5 Billion GPU Loan Backed by Meta Deal,https://news.google.com/rss/articles/CBMiswFBVV95cUxQOGJJa2l0aUJyWm1TMURlVFBRemJCWUtmWkNMb1JnX2Q4TUZZYkhZaTRQUG5uYWZLU2RHVnlFNl9yZVpmUVJ2RXRDZ3NrLTBjLTBCejZJdDQ3NTVhc21XLVI1UEtSQ2JOdEVUSnZsVDlZVVhmLTFGaXllTnpqVjNCVFpiUExwcmRTeXJsUUFmNFFnYzBseDFpUWRBeWlvUjZES0lpdGEwWjdFNExFZ2ExOFBMZw?oc=5
2026-03-31 03:00,Business Wire,businesswire.com,"CoreWeave Closes Landmark $8.5 Billion Financing Facility, Achieving First Investment-Grade Rated GPU-backed Financing",https://news.google.com/rss/articles/CBMihwJBVV95cUxQWnR2NUEzTEtOX043M05teU54NGEzbzVkTkI4YnhYdkRuMmZGSmpxUy1wMkhaaGo4OE11YXdFQllRYm1QMFN3VFJRbWQzNTBuQzBZbGlVRDdOVEFoWUZ1Nmd1UGQ2aFRYa3htSXAzZXZ3dzZJaGxCeFlNWlZvWjhmWkpnNkNVY2RCV3VJTm1SLXl0TVl3eVhKUWc0UGZXeWhlSW9CczVLc1YyaEV2N0ZFVTlick90bUtJc2NMeDZVUTdqNXlvaG9YczNZYUpaUHhGVG9RZzQ3dGVET0FLZzRyalZRVmcxczB3WWZjdi1pc25HQmtlT09EemcxMlk5XzRlX1A5QTE4RQ?oc=5
2026-03-31 03:00,CNBC,cnbc.com,Cramer's Stop Trading: CoreWeave,https://news.google.com/rss/articles/CBMifkFVX3lxTFBHazcxZUMxZzQ1d3JHbGtpZFZIZnNUMV83QUgwMy1FM0JocUQtMldzUzF2Q1pMeTg0NDJyTFhrX3Z1LTQ1TWgtYTlMTTZEYkZOQjlFelRvSTQ0ellydG9OTmRlZnBoeVhLbVFqQzFaUk9MalNuX29zY0pKalhhdw?oc=5
2026-03-31 03:00,MarketWatch,marketwatch.com,CoreWeave’s stock rises as investors cheer unique financing deal,https://news.google.com/rss/articles/CBMiqgFBVV95cUxON2FyT1dCRXFnT2pld21wU1AybXhHVmQzSmQ1bW5leWNlOE9IWTJER3ZOODJzM0RYNEhOSUx2SW5aNmNyZzJ6bldjczBEMVR1V1dOT05MaXVDWEpYa3hOTGdrLV9uTUlDVnhobXFrbHR2d0NtUHpXbXllTzdUT042c2g2Nkp2c2JpdFFFRWRlOXJ4ZlZ2c016X2JjaHlSdnlPOUpBSHVMQldXdw?oc=5
2026-03-31 03:00,Reuters,reuters.com,CoreWeave secures $8.5 billion loan to expand AI infrastructure,https://news.google.com/rss/articles/CBMiqAFBVV95cUxQX3N4LUxyWGlpYzNSd29NM3UzZThFMXdqUEhWeVV4dHlyVjZuM0QzeERqbl9LS25Tb0wxeDFTSUdacU0yUFozT2lfZ3dhNzZvcUhoLU1uQ1d4SzZXZ3htVXVMM2dWWmtKbXIyWEh3R0JzeHRGQXlWR1JoVG5SalByM0hvSXBScnl6R2J2eWwxQVNNbXAxNzZvUmpreDIyLXZhbmpnRXVNb1c?oc=5
2026-03-31 03:00,The Motley Fool,fool.com,3 Tech Stocks That Are Growing Revenue Faster Than Nvidia,https://news.google.com/rss/articles/CBMilgFBVV95cUxNNUQ3UWd6cHZWbEZRdExEVnQ4cXNxQWJ0MkVzWXRfQkRqVXJrcEVMb0pzQlJYR2d3ZU83S0hZU0dhZ1VWV1dwYkNVQmM4cHFxVUpOUThia2YzMHZvaFBsVF9wQmNoanZHRnVxeWU3ZEs1X29uQTdPVHctbFBQaFF0bHJ2elQwZTB1Ti1aLWswZlZCWmlaTHc?oc=5
2026-03-31 03:00,The Motley Fool,fool.com,CoreWeave Stock: Beware of the Threat Lurking,https://news.google.com/rss/articles/CBMikAFBVV95cUxOWlFhZ0FGZi0wRm9qcENTSDR4SlV6R3VubTBuQUd2LTFIU3NUQ0tneUU3eVp4MGc3cEVtSUVDSnZ6ZFhDdzdyXzRzOEtOYXVmWk1jYXlKNzVHc05sazc5c2RyWHVnUVVRX0JUT2lBdUF0R3hMOHVrTEJQdzQwdEc2R1F1ekFYSXVxekJtTEltUWw?oc=5
2026-03-31 03:00,Yahoo Finance,finance.yahoo.com,CoreWeave stock gets bold call from Bank of America amid AI shortage,https://news.google.com/rss/articles/CBMimwFBVV95cUxOLVBrcDR6OFd1Rk93WERjYmFzMGp3SUwwOFZnS0VsNkZRYnRpUmF3bEdfMG9xelNyZjFWdGFNLUlpOHM5dlZkdXpOb0x1eVJOc1ZCWGNtUzdDNE1vRVg0Y1RxSzlUQ0FucG5mVnVNLThXM3d0aC1aQ05lMFAtT18tQkZ2T3U3QW10bmhEWGVKWmJLc3dJYkVhMTZ5aw?oc=5
2026-03-31 03:00,Yahoo Finance,finance.yahoo.com,CoreWeave stock jumps 12% after company secures $8.5 billion GPU-backed loan,https://news.google.com/rss/articles/CBMiuwFBVV95cUxQWnZQMEdGQmxVcnRkSGV2SjFCR3YzOHpVcUotTUFpWXZib0lIdjJxamJ5djhOMGE3UHVWcENteXRYeGdRN2ROYlAzMWgyUHdxQVJjTXN2bUdyOFdjNzIxWmpxcFdXVGhiWkZfdTFuOGhyc3k0VFNCOGRZT2hRNTZZTzVZSEtlN1FqaWRRRXhmWlJVM1djREE0XzJZdmdfaTJSdXdvcHJRckQtdzdUMTNMWFk0dzYxT3YzMW5r?oc=5
2026-03-31 03:00,Yahoo Finance,finance.yahoo.com,Cramer: CoreWeave’s $8.5B Financing Is a ‘Landmark’ Deal That AI Investors Can’t Ignore,https://news.google.com/rss/articles/CBMinAFBVV95cUxOWWNkMkNLNE5lYzhnSzBwWHZlNmdGV19Ud3F4dDl6NUhMZUhjTTRmbGRydzBBVTJnOGlEQURJSnJlX0x5b2p1LWYybzU0UUlZYTA1S3lKb2U2ZlpWTnc4ZlhlN1ZtUU10cXNhM3N6bG9tVTNVYmt2bWZZRHBaWmVpcktNbXVURUZVOWlYRGh2dkhaWjFKQ0t0QzFqa1M?oc=5
2026-03-31 03:00,Yahoo Finance,finance.yahoo.com,Forget CoreWeave. 3 Profitable AI Stocks That Don’t Burn $30B a Year,https://news.google.com/rss/articles/CBMingFBVV95cUxNLVNERGJFMDlNOFEwVG1JZV8wbXN3eWJ2Z2FZZV9zTGdCc1lGX0l2SXVFZGpkSFkwdkZqajd5aWlmUEE3dzZsTFNjWUhPMndXbG05T1JzRWktLXE2LXdYU25PSUR1N085dkt3ODFRWFJpMExZWGg3aW1WS0stM0I0OE14RzlLeFo3Wk9iaS1ucWlTbW1IMHhQcmltUnk3QQ?oc=5
2026-04-01 03:00,Investing.com,investing.com,Citizens reiterates CoreWeave stock rating on debt financing strength,https://news.google.com/rss/articles/CBMiyAFBVV95cUxQV19VbjA2V09KT1VhZVBYQWdhVWlFWVY3ajFrbXRXREVRbWpNdi1GRUdpRFJBUWNXd1dJeHFjeWpFLXE3TmZvVTh2cFlZUG1QY0Z1QXhhN3N3SV9qV2swclZCM0Y4Z2U4dzUzYVB0WTc0SzdDVGhHRGtnMXNXVlJfSktXYk9LZlBDUERwWE0wdGhlUW5tbnlkZzllUEgzcW1VM2stZ01LOVRkSjFMUzBsOVF1bUdOalJsSk9EQVozQWRKX2RiMVhzaw?oc=5
2026-04-01 03:00,Investing.com,investing.com,"CoreWeave posts benchmark gains on Nvidia GB200, GB300 systems",https://news.google.com/rss/articles/CBMiugFBVV95cUxNVHdJZ1hhbnBYVHh2SHVLM1hYS3oyTFNGdkxBZUdVRWJibGRnOUZWX2E1WXFjTl9JZzEzRllHdndEVzcwV1VEeFllVDVWVXFEaHVKS21EV3UtYzI2QnJIWk1RdEZjVFNXYVE0VndiQ2ZZR25uQWMxd0Jkam96X1FnSHN2RXJzS0J1MlBHN3pjTTBaM3pYUmlneTh2RmJqT3dDMFFoMVBkVW9COHQyVUpiZnNjUVozS2NZRFE?oc=5
2026-04-01 03:00,Zacks,zacks.com,CoreWeave's $8.5 Billion Financing & 12% Stock Surge: A Deep Dive,https://news.google.com/rss/articles/CBMioAFBVV95cUxONjAxUTEyYTVma3k3M3RvWVVDX1NPVVh3SlUxSElrb0dubHFNZVE2Z2JVVFdreUdDTHE0ajF0U25mWkFnMU5YTVRmc294bjJaUnl5MXhjM1luX3lEeG5CZ2poVGxHWWhUZUQzX0pVak1DWHY0WmVyd0NxdUdwMWluR2swbXlZXzhjQzFZZWtha0U2SzduajFvQ1hKS2pNdTB5?oc=5
2026-04-02 03:00,Investing.com,investing.com,Coreweave CEO Intrator sells $5.77 million in shares,https://news.google.com/rss/articles/CBMitgFBVV95cUxOTnE4S2FWNkFmYU1KMWQ2VVRHaE96dXlPUmVxVkVmV2hMb2xoTjBLc09ZeE5QS3g4Xy1XaTRFV3ZjWFEzZ2llV0VDZEVsbU5PV0dRczkwcjNJUE9LMTh3YkVwODF0NGFlSmQ3dWdVSmdDR2l3WjQ0QU9qUDB1aFppMzdXc2FienlNbVdGSlpaY0pCd1hTZExuZ3M3Yjc2eko2RzN1emxodGEyVFF6RWR6Sk5XWmFVQQ?oc=5
2026-04-02 03:00,Investing.com,investing.com,Coreweave director Venturo sells $4.8m in shares,https://news.google.com/rss/articles/CBMisAFBVV95cUxOSkI4TEJ5ck5ucWg2eTRmdHpERmowZ1RtdXQzc0VfY2hYMTJEWVNjYVlBSW5lVGxVYk9Td01QS2l3UUlaenpMdjVoVWNwYldzeGp6TE5Lem9TczVFUHkwbEFRcHFxVUFJU3RnRmEtTTlfNHU0LTZOTkxSVzR0a2VVQ2lRVkszQ2lrQW53R0MwR2JtQVJCZkR5LURTdVNuVVhyNlN5d19YWEV1SFlzS1ljTQ?oc=5
2026-04-02 03:00,Investing.com,investing.com,Why is CoreWeave stock gaining today?,https://news.google.com/rss/articles/CBMimAFBVV95cUxQdTdlYjBFMXZ6M3hOc0lyeTBNRy1QZVp1VVFZVlNMVUdTNWhpOWlVang5eDB1VkVWQmdnTy1oZnVFaUEwVExtQmRuLVBMUEVaU1dTeHZIZU5aelBFcEhlOTktUXVmamxNRE9SWFlIandvX0gzQWRDU25TYXpvMnVad0dFNm1HdF9VQVRYN2hFaTBld3JDLUtSdw?oc=5
2026-04-02 03:00,Investing.com,za.investing.com,"Cathie Wood’s ARK increases CoreWeave stock, trims Strata Critical Medical By Investing.com",https://news.google.com/rss/articles/CBMixwFBVV95cUxNZFZrOG8tbGNrV0R0bEZnbFNJNHhDRkNnLW1wMzVXYUJ4Y0RFNXh2MTRPRVVtcjJfclpCVy1ISng1SU5IUjhlenh3SnhhYXFjODJLclJWOXFIb3VjRDc2YUNUd19hOFVseE1tdGpQRzk0bFZVc3RxdzF2Q09Zd3dmSi1lV3ZJU21NY0liT2hQQUtSZk5RYjBkS2dDVmpoanJGWnlYazlVTXJpaXZJbTJyWnJPaXhrX3ZyaWdJRTFjc0d2ODhLVEg0?oc=5
2026-04-02 03:00,Seeking Alpha,seekingalpha.com,Coreweave: Why I Am Reiterating A Buy (NASDAQ:CRWV),https://news.google.com/rss/articles/CBMigwFBVV95cUxOMUZHVmp1RmxCbkJ4eW5sc1BYZUJrZHVuXzRiTGJaaFRlRmwyeHdQWmxtY09wRDNsRTRFem16WDJXa0E1Vnl3a2hqVXpWenVPTllrQUQ5Mmk1QUxNU1dOOEFDTV9ncXU3bXdfZkpfNFM4Z1Z4MjZ4ajFOUk9GcTVSU0tZSQ?oc=5
2026-04-02 03:00,The Motley Fool,fool.com,Where Will CoreWeave Stock Be in 1 Year?,https://news.google.com/rss/articles/CBMiigFBVV95cUxPVncyd2JoN3lWbG5PMm5WMTNtUC1pVFktMHFFWWhZZzJ1RnBtSXdoakl1cFVuX0xpUVR3ZHBMbHNZSzNjdzdSRVk5MDdoNDkybVhmOGZJTzJaYVlPSGRsUmh6aXFhTjFiczhWQ1RaV2gxTVlxN0EzTmRGa1V5amdYcU84OW5GVWNzRHc?oc=5
2026-04-03 03:00,The Motley Fool,fool.com,CoreWeave Owes $21 Billion. Its Customers Are Its Biggest Risk.,https://news.google.com/rss/articles/CBMihgFBVV95cUxONWRPOHl1ekQxMy1FdDBfcVdPZ09SMmtwMlhXeWpWbFNjWXpkTXdkWTNVR2VqdWYxS1Mwbm55NDRxY2xKMUY3ekpSNXpPS0N0dUhsSUJkeGxENTdRSmdaaTNWbUlPSTBzT2JRUThsTTlnVy1vVGc4OFFYVkdjc19Hak83dU9lZw?oc=5
2026-04-03 03:00,The Motley Fool,fool.com,CoreWeave Stock Analysis: Buy or Sell This Nvidia-Backed AI Stock?,https://news.google.com/rss/articles/CBMimAFBVV95cUxNVHJTOWRUbjNBS1g0M3diR0FwUkpKN1RaU2ZDNG9tM2Fpemdvb1pqMHFzNm9RMmdUemdJTlowNDZXanZoc1IycUxubEgwbnR2b2c4bTRENTZaSjFEdGVWQjhqc2JlZ0M1ZUYwSERiaTVFTDM1MHpodmFMbi1ZdkZQNVo0OXNFWGVMV2ZYc3h2WlctSTEwdnRLRA?oc=5
2026-04-03 03:00,The Motley Fool,fool.com,Where Will Applied Digital Stock Be in 5 Years?,https://news.google.com/rss/articles/CBMikwFBVV95cUxOTThvMDNyU3FuYzlDY0dzSDRpcU1tTHJpUGpyN29HVHlsZS02NlU4OVA2ZDljT055am5fQmZuOUtPem5PRlJjTnVURVhsVGdrbG9HbGs0cU1sLXFjdFdyRTBUZDlHWl81YndKTmpGa1lkMGNEcmY1MWg4VkFOeURhNlpNQW9Pei03RVdXY0lUdUpfeGM?oc=5
2026-04-04 03:00,Yahoo Finance,finance.yahoo.com,Billionaire Philippe Laffont Sold CoreWeave and Bought This Artificial Intelligence (AI) Stock Instead,https://news.google.com/rss/articles/CBMirAFBVV95cUxOU0o5eEZucFh6UzRkNUVpM2R6U0lWNndFeVNCd3gzNXVqLWZUQ3QtX0ZROU42MGp3RmJaSmdvRjNkWHl1LUd5ejRsczF4UWVHWkduZEwyMVV4Tk4wYzEzalBvQy1IX0MySWtyM1RVcHRDY1NuN3VCR0pXVlRWNGdYZm1kX21pWFJ6S2x3b05pVWlpSmpRbm4yZ2lLS2VrRlJTRk5BX3hWOWtSZ0Ix?oc=5
2026-04-05 03:00,The Motley Fool,fool.com,Nebius Stock Jumped 15% on Its Meta Deal. Is This the Next CoreWeave -- or Something Better?,https://news.google.com/rss/articles/CBMimAFBVV95cUxQV3FSci1GbUtoTE5TdWtTdzRYNkVNX3lrbzA1emdNc0F6WnVJdjRKdmdna3dnaWs2WEFsWDAxbkhuRmNLOERjX3RxUFlCeGI4Z0piXzY1NUFqN09yTFR2b1NqcnVrRG9nYUcxQ2J1RzVqVDQyTzdnUzRTYWFLeGJINVIyblF0S3hvaDNDeTZIZy0yNmdNYUs4eg?oc=5
2026-04-05 03:00,The Motley Fool,fool.com,Nvidia vs. CoreWeave: The Better AI Supercycle Stock Might Surprise You,https://news.google.com/rss/articles/CBMimAFBVV95cUxPSDlvendHVTlnVjhiYzRlUmZXazVuMG96UWh3Sl9jNC1wTTZYaWlEV044Z29QcUU1OWxzcTZab3c0UUY4RnZmU2dKLXpIbDlxQ1BtTkgyOFZ3bGZPbFRUY0gxSHE5YnU3YkdvcU51X3h2TE1yNHE5UE54VXZmaGlCS2pVcWM3LXZPTEdyTS10R0xocEIxNU5VOA?oc=5
2026-04-05 03:00,TheStreet,thestreet.com,Cathie Wood buys $6.9 million of surging tech stock,https://news.google.com/rss/articles/CBMimAFBVV95cUxQYldueDBwSVpNUUFwU1diYllVM2J2c05mVWdSbUZYMGo5TG1sRXRwVnF4OWZwZmxWSFhlb2JKbmFzb0FfSnJaVmxpZ2Q3ZGFONXhELXg1RmhCZDl1bVVrVmFCVmhKaWNqVXZVazlZb05NZW5QTmpydklha08wU2FrQzJLaGpCZm5UT0FaUTRFOEpJX0tmR050Zg?oc=5
2026-04-06 03:00,Yahoo Finance,finance.yahoo.com,Cathie Wood just pours $5.8 million into CoreWeave stock,https://news.google.com/rss/articles/CBMikwFBVV95cUxNM3ZQc2pVMTB1aFpxMU5PQnQ0NWpyeU5RZXNxLXltQnFoS21UU2Z0WW5iZUtkSU9NLS1ubUVUeGdCYlVNQkhqTTBvbHlZRVFPTGV6M2NRbGhmakVOY2loUHFNZHlwY0N3MVo2dnFiT09fTld5LXZLR1VVTnJEN25zTDdwWTFnNzNLZkVIamtaYVBFMjg?oc=5
2026-04-08 03:00,Fox Business,foxbusiness.com,"CoreWeave is one of the most misunderstood public companies that there is, SuRo Capital CEO says",https://news.google.com/rss/articles/CBMiW0FVX3lxTE5fZFd0bFBBTnkzb282NGdiSnN3dUlfNVJsOHMwejBMMzh4NE13STk1WHo3WUM5Znktd25xMXh2eUsyX0RNT1R2SC1Hd2FtRGFKRElPaHV3LVRMX2c?oc=5
2026-04-08 03:00,Investing.com,investing.com,Bernstein reiterates CoreWeave stock Underperform on hyperscaler concerns,https://news.google.com/rss/articles/CBMizgFBVV95cUxQVnk0dHpLdXplZ1N5RE1BMWl3N2RyTWxwLUh3TWRKX0dVaFh2RElpRDItWnZYd2VMMTdQcXM1RVpIODB1OUdJMkV4LVQwWmxpRlRmSzVIc1RSTm5IQ25RemU3ZTE4LVIzZDlWdzZ2QVgxdFZYdlpNNjRoMmZ4Y1ZHb1BoMG55QU4ydFNNdlNnZ3R6eDdXSmdRVlZRZUZsS05BNk1TZWpHd2xoYmVkX2RiZFVKUjNSeURBS0ZrV0t2VnV2bTJnRGF5Z09NVVJIdw?oc=5
2026-04-08 03:00,The Motley Fool,fool.com,1 High-Risk AI Stock That Could Become a Massive Winner -- If It Gets This Right,https://news.google.com/rss/articles/CBMimAFBVV95cUxNSTFPZVNIbmYyc1EzZG02eU9jeDVabU5oZmlnQ3N3S3hEc2FJSkptX24zM3RWRmJjeWdpdnFWb3JBOVFyeG9rZmVrTDdGNG1IOEdkUEZJQ1R1Vmdyc1cyMWxWYTRlemNRZVFOLXNnMC1yV3RLWU12VFM5S1hCZFJVVkVYZFl2Q3JlaXJIcUFWWEw0dEZMSUNxaA?oc=5
2026-04-08 03:00,The Motley Fool,fool.com,"CoreWeave and Nebius Have Outperformed Every ""Magnificent Seven"" Artificial Intelligence (AI) Stock This Year. Can It Last?",https://news.google.com/rss/articles/CBMimAFBVV95cUxOb1JrVk5GRmx2aWpxSERPb1ZsY0xxTmQ3UFAzVlNQUENoOVAwVUEtNlp5blg3U2dvbTY5bGxEVVgzRDFvQ3hhMzBvelZjdUw1V2kzNGRvRFpoUHBQeHEySFlFSDltRGhGVzJMUXl6d3JaUnZSOFJQSHRtWkU3ZzFrNHY1RHRVZk9MSC1OaUFjWGtJUHdIU19JcA?oc=5
2026-04-08 03:00,Yahoo Finance,finance.yahoo.com,A Look At CoreWeave (CRWV) Valuation As Shares Show Strong Recent Momentum,https://news.google.com/rss/articles/CBMiowFBVV95cUxPclJWaVBLSmllSnQ1N2E3NVhLY3lKOXpvcTFLVnJIUjBscFhsTnB5Ri1HTWFuRnlqQ1dzaVZvM2g4WjVPamxwcWNjUDJ6c1NNOXNULVRMMW9CVHJ6ZXdyNnc2cDlkWU1lMDdidjRfaHlIaHNrYTZFT1JuQmZHVmtFdVJFUTZJSG05YXRBUWNScEI5RGpvOXFUemZTcjU5ZFc3RzdJ?oc=5
2026-04-09 03:00,Barron's,barrons.com,Bloom Energy Stock Is the Big Winner of the CoreWeave-Meta Deal,https://news.google.com/rss/articles/CBMikgFBVV95cUxNR3Z0eC1kUy1nOWNBRVVmSFZfUzB4SF9QWmFzV2ZacDNtR0MzUVVLX2tEUDdEYjFtMm95Y1BzNVBaWGRzVjFpUl9ENHptNUNPRFRaLVB3VUdIcktTQVhTZThXczJGSlBwclJQSGtXeDh3YWkwMGhMUjJYZU5fWDdOTEpzSWxpbm02SDZZMV84N0tDdw?oc=5
2026-04-09 03:00,Barron's,barrons.com,CoreWeave Strikes $21 Billion Deal With Meta. What It Means for the Stock.,https://news.google.com/rss/articles/CBMifkFVX3lxTFAwSVNzR016bnlBaDRrWDN5dFFMUFpSUmNROEM4dmc3cFZxRTBUb0gzSUFzTjkxbDlyTWt3NjBmTXRFVmxOY2JrRi1JTWVXUHhpclAxY3NwMkdOQk54Y3BwZDB2Y2p5ZUF5bEtrTVVjenpsSU16aW9XM0pzR2hDUQ?oc=5
2026-04-09 03:00,Benzinga,benzinga.com,CoreWeave Stock Rips 30% From Lows On Meta Deal— Cathie Wood Up $500K In Days,https://news.google.com/rss/articles/CBMi0AFBVV95cUxOMDNCV3N0enBQcHc5SURQaVpnMUtqNW1GZUdCU0g4TkFGYm1YakJQQzBONGswSmhRVVhYSE1XTnZ5MFFtNjhKc3NIbTQ5VmxkNWNKczB1U21kVG5kVXJrSG5mNWlud1MzYnJHaXAwbEJuMFpTUVZrZnA5MFhxN1BsWm5LdmIwTVQzTDl3WHprWEtEZFVvRDNVaFVVYVNfZjNENFQ3U0d5bmY2SGx0U3RKMVZfUWpMX044X1BNcUlsM1ZtRnI4dUlHS1VxM1gtbnpK?oc=5
2026-04-09 03:00,Business Wire,businesswire.com,CoreWeave Announces Proposed $3.0 Billion Convertible Senior Notes Offering,https://news.google.com/rss/articles/CBMizwFBVV95cUxPNGRaMmIyaVI3ZUpKZEZPWko3QXZwRXNRTHB0al9BTkx2Q2NxZEl2MG9nd1hVdDJYZllVRUZzX3dVTjhQbXpIeHVZNU1oM0VJX0VpYzA3Tm9SNWxlZWhNamQ0ZkRrMDZDR0NnR0R0dUtVX3FYYktPOFExOWNJOUJqekdJVFB0YXczdkF1ZktSVi1KMHIyM3NreDdFcXh3ckgxN3VpdFN4MHF1WkRPTkE4VEljSm41NUZxNE9zTXQ3a3ZzWnFGMHdKSjZtT2RLRTA?oc=5
2026-04-09 03:00,CNBC,cnbc.com,Meta commits to spending additional $21 billion with CoreWeave as AI costs keep rising,https://news.google.com/rss/articles/CBMioAFBVV95cUxPQmx6MExmemRLYWV4U1FweERsdkdLeGs2MHF1Mi13Vng4VEphcUQ2VE5VNHVjTGY5WVJ2amFGY2czSjdmSjg4N3NTVGlLYUpqLWNfZnhjOWYzZmhCaUpXMFVwaUh1YUVBaFltajRhQ0d2cXZTSTlteXBBOHFVOU5XMXZwS1hHcVRwV0t1UkJxcWJKbUxkakNfajhZUHdlQVk40gGmAUFVX3lxTE5qbFRRYUFwUHRXZTI1cnI5X1Y0RU0wRE90dzYweEhqbVE1U0RtOHBoQ013R0Fmc0JKdkZxQXlWV0xuZmxfRUQ3U1VhblBYZzk1eHNIUnpIYkF3NnRFVUh3dC1CSHNNeDdRMzRiN3dfS2thcFUzUEJXTl91NFhDdVloWkxjZ2RJY04yYUFXSEoyUDN4RzFnWjdhLUlkaEprbzZJZTlrcWc?oc=5
2026-04-09 03:00,CNBC,cnbc.com,"Stocks making the biggest moves premarket: STZ, DDOG, OXY, CCL",https://news.google.com/rss/articles/CBMihgFBVV95cUxNNzhHMkhFdlFxcnJUZTM5MjREV0duMVpBV0x2OXZGRW81V0l6bENkOFVWelpYcUt5Wl9FRndSRDc4bW1qelVGMjlkdnFrZF9jWFVnMExGNDVLajVNekxWRUc4NV9ZTkgxY3EwRTNZb2ttTUxDV2dYYzZoTUlvd0ZjNy1yUS1RQQ?oc=5
2026-04-09 03:00,Investing.com,investing.com,CoreWeave shares surge 8% after securing massive $21B AI deal with Meta,https://news.google.com/rss/articles/CBMixAFBVV95cUxOQUs5bFk2cWxiMU0xZWx2WHdORF9WREt2cHQ1RUp3ZWJpblpnVGJlSDdNVE14ZWtSa0h2NFUzM1VhM1VNTkpIejEtT05TZGd1eWZMRkRoX3NYYnJCNFV3NUYyLV9wdkhpRERHTWd3VjhSVXRPMzlFMy1SLUFtRmVXakpvNUg2MVZ5Yl9FUWdsR0lkajVYdkdlUFQxS2xQWUZMS3NzYXFrX2NaWHAwU2JyZF9XN0tGT3JKNFNNYlBUMHRVYzQt?oc=5
2026-04-09 03:00,Investor's Business Daily,investors.com,CoreWeave Stock Climbs On Expanded $21 Billion Meta Data Center Deal,https://news.google.com/rss/articles/CBMiugFBVV95cUxOUmhvdFFGN2hMTVNzbld3QVJleXhibmlvbEtoZ1hDV0swRnhIN1ByU2xKckFjUllDNDhtbDVfV2dLV09nZ1B0cC1nOUg2R2M0UFo2Qnpjd3o5cjU0cTRXeTBIVkJJNGtJRDlRcFY4LTllUVRNVFI0azJBN0VBZmRpenEyRmgzMlJmSkFIaDNTOVA4SEpaRGdkRjN1d2ZjZjBwbHhoSG5EVmJuUUgyem1EMHFZYWJ6UDR1TXc?oc=5
2026-04-09 03:00,MarketWatch,marketwatch.com,CoreWeave’s stock bounces back. Why investors are cheering the new Meta deal.,https://news.google.com/rss/articles/CBMitAFBVV95cUxOdWRuSFJVSFh0djk4YjNXbjdYaHpXVTUzUzVxM1MxN3pWZVotSkxTTnZHMlFFNnU4LUtHeHE3VUVXdjF6UC1NREtyNFMtX2t4UVJpUXdrUTdpUVh6MEU3dGJzX3lUOF85enc4T0xUVHlTMmxKaDAtTzNoZWNOdkd1NE5KVHkxQzdvZ3NXR2FweVJ0T1BWYXJ5OWNaS0h0MHROTWNweXYxLXNENFZOQmZscThXYTc?oc=5
2026-04-09 03:00,Reuters,reuters.com,"Meta, CoreWeave deepen AI cloud partnership with fresh $21 billion deal",https://news.google.com/rss/articles/CBMimwFBVV95cUxPTllDZkRPeFVaT0V2S2I2bVVyVURKaXFKWExaY2pTNUJhTWUtYzlaZ1cwYzdFdUtDaFJQOFJVcnA2d1kycW1zd2RyX1Y2amNFOTdsS3ZWRW5CQXB1OHl3dHVlMHhrcFBqdzNndVpDSGZLYlh0Q19QQUhVelN0cF9IYURHbEVNdGRWOVoyc0Q2cHV3QWZTWEd2bFJtWQ?oc=5
2026-04-09 03:00,Seeking Alpha,seekingalpha.com,CoreWeave: Slew Of Positive Updates (Rating Upgrade),https://news.google.com/rss/articles/CBMilAFBVV95cUxOZXJBbVJKMWJKc1NzLWdQa2RaZlplN3ZvTkFjbnZ4V085SFlWTnczSlpwbnp4LVZ3TzlVc1dpUDhtWEJtQjYxdmh4OWZDaWNzQlN0SF9aQnNtbS1zS2NFQWlxLUY2ZGduV09TSlhFNmFPTEg0Ry1YeTZMeHlPQ2ZRUFc4Zi1EcFY2ZnBWS0tBRG4wTnJQ?oc=5
2026-04-09 03:00,Seeking Alpha,seekingalpha.com,CoreWeave: Time To Load Up (NASDAQ:CRWV),https://news.google.com/rss/articles/CBMidEFVX3lxTE5GbUVKWWtENlNPRmx4S2o1LTBRczVNS3ZieUFtN2lTaWt2TXMwSVhYWExnaHAzeWlrQ01hMVZRMVB5RWdsQURwUVp2M010Z1gxVTBXYUM5cWxYZ2xpR2YyRG5IeG1aN0wzWkxxYUU3TXVTemlp?oc=5
2026-04-09 03:00,The Motley Fool,fool.com,Nebius vs. CoreWeave: Accelerating Growth vs. Massive Scale in Revenue,https://news.google.com/rss/articles/CBMitwFBVV95cUxQRUpNS3R0Y2hVN3dmc2xsUW1yYW42Y1hjbFBCRkhMWVN3Z0JfT2VIaEFkOHBsUFd5ZktKeGxUaWlpOVFZanByc21wa3NRU0RBWXBnMVBldXNsWHdsNGxQeEtlX29EdTlBTzhDR2pJeXI3NGFWWDVzd0pLaHlaaTdWT1lXTnBHSUQ3U3RQUGR5TW9zbUNrX0RYSDJFaWZ3a3lDdWxRMEphWHYtclZGRDMzSUdDNEZhbGs?oc=5
2026-04-09 03:00,The Motley Fool,fool.com,"Stock Market Today, April 9: CoreWeave Rises After Announcing $21 Billion AI Cloud Deal With Meta",https://news.google.com/rss/articles/CBMi7wFBVV95cUxQMk5MVjRtWHRZeU5zUFZQeERUT25pU2FhZGhzQ2pmenRwczF3RVh0NjAxN180OHNzaVZVZXpabFRyTkprOFlCOExSSVNyMnJqblFjWFlRWTZjWjlqZ2swejEwWFdEY3BPeTRDeF9VSVNlX2NPa1BxVkJzTGZpbTBCd0dWUWlENC1ReXhjaG9BWDJGS0VNVktlam9SQXg3ZTNrcXFYNTNTMkZQUHpnN1JUVDJYRERNY2JoSmExQlE2bEE1Zi1TUGlvLS03c1lHanYzTnMzamhJYjNYSXo1TVBOcjVhb3U4UjZ5ZE13V0hPbw?oc=5
2026-04-09 03:00,The Motley Fool,fool.com,"The Hype Around CoreWeave's $21 Billion Meta Deal Faded Fast, but Could Investors Be Missing Out?",https://news.google.com/rss/articles/CBMimAFBVV95cUxNbTd6NlNnWGtmWTRRMkJiUThhNUtsakdqaUY4dmZZRXN5RXpmMEtnbEl5V3ppeHMzX2xaQUxQazBRTlhianRTRGluaEhaU29wOGxoOElZSXF4YzAzYXRVLWNDdnQyTUZkWjAzS05FZUxsbjRoZnRJa2E4NWxzQTR4dE1IQUtJdG55aTd0RVB6aF8wZVpXeHVTNw?oc=5
2026-04-09 03:00,Yahoo Finance,finance.yahoo.com,Meta’s US$21b CoreWeave AI Deal And What It Means For Valuation,https://news.google.com/rss/articles/CBMikwFBVV95cUxNWHNSOERKRFJPdVY0QkFnOHdTazVDNXh6MllPS21EcVJoSEZiUTVfaXp2R01TVk9QLW1iVnFFMUxyRmlURDNnZXk1S2M2QTF4RndkTWNFNWZORjhVZmRjY2FscVBoVzM0MGlSb3M1UjNEVE9pd1dOLWU5MENkY0xtSGVKdUlwYVJyNml0YmJwRWNXaDg?oc=5
2026-04-09 03:00,Yahoo Finance,finance.yahoo.com,Why CoreWeave’s New $21 Billion Meta Deal Matters More Than the $3 Billion in New Debt,https://news.google.com/rss/articles/CBMimgFBVV95cUxOWHcyelJER215WmY0bmJRVmFYZ1lvYUV3ZXpaRXY0YlV6Uk9YNXpKV2QxMDliajVnX1FETjYzUzlyYkVTSzB6eTg3UjdYSWQzbURkNjh0YnRTVGlmLXY3OENoWDJwMkc4RWdOd2dqTVc5Zl9lM3ZCOVprZkhyMWkxQ3pLOEdlWnVYUXIyWjNiVVJFTzVnNTZubkxB?oc=5
2026-04-10 03:00,Benzinga,benzinga.com,Why Is CoreWeave Stock Gaining Friday? - CoreWeave (NASDAQ:CRWV),https://news.google.com/rss/articles/CBMi4AFBVV95cUxOMjhPNUlEenN3WUFGeE1pT0ptdVl0aU80OVB4OW1fWGp4bFNUOTlDalZTcElVRmdmeEg2UVZiSnVUb3hLMHZnZVpxenBLTEt6cVdEZTZtZEZCSkFJVkJWcmY4cjI1aDEzcFJtbHp2NkJyd3dEMWNlbDhLd3BnWkRXS196Ty1NY2gtNHRUMF9qSkNWbEgwWG84SWFMaEZWc0tLU0cxaE9wNHZHV2RCTGZxbU5XZHVfRE9lY3BDVWM5Mll2dWFSaE9Xb0NpV2lTSHlRbUFuX0N5eUpQQ0x5dVBkRA?oc=5
2026-04-10 03:00,Business Wire,businesswire.com,CoreWeave Prices Upsized $3.5 Billion Convertible Senior Notes Offering,https://news.google.com/rss/articles/CBMiygFBVV95cUxQWm5ZT3lzcTlRSWZCVnR0NW1lcTNESDlFOFd6UXN0LWNCclZ5VDJUQ3k0c2V2SXhwb0ZjUVp3bGZIa0d6WUJLZkhtVG1WMmdmcEo4bDRCWWQ4Z0JOandzdkZ5bGdiVV9CbTdBaEdUZGxtVFZYblMzWW5HS3gzQ0dfV1pDa0ZmbDJNWmszLVRRS25vLTNRZDB2eUFmTUJPZEplZEM0X1F0MW1KZmdBTEVyQU9mQWpoV0VrYl9vNm9FTG1wdU1qTjY5THR3?oc=5
2026-04-10 03:00,CNBC,cnbc.com,CoreWeave CEO Intrator on company's debt load: 'Scaling is expensive',https://news.google.com/rss/articles/CBMirAFBVV95cUxPSVNZV1BDTGlUU3MweGo4UnNtSHR5WGg1SzAwMGYzbTlqX180eUZHVFVZcl8zU2ZHTm5ULXBjOVpjRTc2X0gzcG16eEhsQWY3cFRPRmpVWXcyYkdieVhFcUFTYnZSREJrNGMtZlpwZnM0MWdNQ0IxbjVsTW10ZE1LRmN4SjZ1eFlCYXBXb3EwYzQ4Y2xHZjZ3Wk9fZDNrZHFKY3ROZG1seFlFd1Ax?oc=5
2026-04-10 03:00,CNBC,cnbc.com,CoreWeave stock pops 11% on deal to power Anthropic's Claude,https://news.google.com/rss/articles/CBMie0FVX3lxTE16RFhiUk83WDRiYzlSN1dnRG9KdU1uOF85T282YUx6RUhEb2hIaE9QYm84TDdoQXFfbjMxTmVaT013TkVLN1FBR3c3Sm9vWlFqVTJneTl0aFUwMDEyckpFYkh4N3kyZnJlaENnSjJ4NTAxbno4VzJTOWNSQdIBgAFBVV95cUxObzdMSDA5NWRlaHUwNkw0VGUwb0dNNjFmMG1teFlxYmt3MkpGUXVlSjhyTER0eEhtWHppdmpjN2ZnbTBjZDg1czVQQWtod2Y4NXE0VXFPM2JHR1pEakw2Z0dHZU1nZ2pCNnVCSWJSSVpBcmZ4dDBXT051djdaazNFeg?oc=5
2026-04-10 03:00,Forbes,forbes.com,CoreWeave Shares Pop 13% After Anthropic Deal,https://news.google.com/rss/articles/CBMi0AFBVV95cUxNMy1ZU0NCQXN1ZU5kSW9fVEYyT2I2NUhDckZ3YzdVNWxBTzRxQUt1V2RaWl9zdmhxNTdYYjhzWEZqcXBpZGZ5MFVhSUZNU05UcGFySnB3SnBCX2NkTV8zZXpSekFFbjVfYWNlYzBNS2kyY3BsYldfUnRSTEVTcWJ6QkNuT1lEbDdfM0VZWUczdzBmT0RueWRzMjZTZk1iUE9XcGFwY19nYklwa3EyTXY5NTVHSE93OW1hQUx1NFdNOXB6UVJ6RDRRRk1IOUs0LTBt?oc=5
2026-04-10 03:00,Investor's Business Daily,investors.com,CoreWeave Cl A Sees IBD RS Rating Climb To 79,https://news.google.com/rss/articles/CBMikwFBVV95cUxObUdRRjFmYnVNN0ZLVWJYU2ZIbmdFb2tDLV9ReGFQdDlOVzg1QVBNYmR4MTdtSDctdzFpdVczVEQtYUlnYld4dktGM2NrR3p2V3lrdHNhZ2NfRWZwZU5fVHJycGRWR3F4VGt4Nnl6eFZ1em5mazkwWDRXdmFVNXUzOVBNR0JxMi1WSi14d2UzSDdaN00?oc=5
2026-04-10 03:00,Investor's Business Daily,investors.com,CoreWeave Stock Pops On Anthropic AI Cloud Computing Deal,https://news.google.com/rss/articles/CBMipAFBVV95cUxNQ1hacVo2S0Z0UEhlRFBpclMxU0NGTkdtWWlBN191bE5VemoydTVqOFBjNnA5TWFtdjB3S3M2M1puc2tNTXFzdkRLMEhxUnB0M1NFcllyUi1VRlZOVnJfbmlteGR1U1ZOVnRiN1lZeGl2MkppQTlOa3VHek44Z19SbEFUbGdScEJCSHgzZFE1WUtldElLelJGc2RveVhKa2I3Q1RWSg?oc=5
2026-04-10 03:00,Morningstar,morningstar.com,"Weekly Market Update: Stocks Jump 3.5%, Led by Industrials",https://news.google.com/rss/articles/CBMilAFBVV95cUxOSndvM2hmMmV5Nk9qOTJjTjB2WW80U09yZVFXZVFqZnc1QU4zeVI5UGtGRlBUSnBEek9TdnItbTBjdEE0bjJ5TkI2TXJLWWNnbGhtUWNtcTQ4TDM1T29rYXpKNm9yYmlJSjQ3ejVKSG9mT1ZOTnZtblZlbVVlUklmWEU4THg2YmlsTEE4N2MteWRfN09W?oc=5
2026-04-10 03:00,Reuters,reuters.com,"CoreWeave strikes AI cloud deal with Anthropic, shares surge",https://news.google.com/rss/articles/CBMitAFBVV95cUxNLXZwd1Q2eUVjeEE1cFFuLUxWMkZ4YmtYTG52UkQ5WTlhRnF5bFN3dDl5cjh1OHJGR1M2UC01MnZPYVhnNnNFaGtmQnRJX2hnS1BkTVE5N3ZnMjBpYWNpeW1TZTFoUThISHlXNHRWUkJxZ0ZFSXdkZGR0RG1tdGZmZE94MW9rdGx0TlhiWDRvNkFHZjV0QW1raWxZSkUzV1lmUnhpSlFrd2JGbkZOUDlBS1JTb3I?oc=5
2026-04-10 03:00,Seeking Alpha,seekingalpha.com,CoreWeave: The Neocloud King Validated By Meta's Billions (NASDAQ:CRWV),https://news.google.com/rss/articles/CBMinAFBVV95cUxNSEhEanZFRERHOHVKYUl4QTF2UGdMUHZjSEQ4LUQtU05NZnprWF82dXVGVnRORHpENzVNazZkRmFRWW5vcU9jSWtZZVI2X203TTZFQzR5MklFNE1RUjhTX3BJV09MNDVVRzREenU2aVdpcDJwYm1HUFppVV9GUThEZzlMclRKYkRLYVByY25ReDNRZFBJbDhPRVdPdDM?oc=5
2026-04-10 03:00,The Motley Fool,fool.com,Meta Platforms Gave 21 Billion Reasons for CoreWeave Shareholders to Be Bullish,https://news.google.com/rss/articles/CBMimAFBVV95cUxOQktfVUNTamFhdk9saHBaaHkxWmZRSW9jWlZSUFVOWGVaMFJNWlRjc3hKY1p4S1p6ODlVaWNDbUJNRW5EcnNZXzI2RW80QjFqWDZpTFMyUFdXOU5qeHVtbEs0d09kZlV2ekpVMDZMd2Etci1jY2ZRWGo5M0ZkMVpIMHUtX1RzV04wcXl1dDdrLTF1R0xwWndWWA?oc=5
2026-04-10 03:00,The Motley Fool,fool.com,"Stock Market Today, April 10: CoreWeave Jumps After Multi-Year AI Cloud Deal With Anthropic",https://news.google.com/rss/articles/CBMi5AFBVV95cUxQTHMyWk1QOVBidzRJa0dKSnd1ZEFMNjFESjZSdWdacDcxZEpPVVpjTVdzaVZqOF9WQWVHcm91Yjl2WHdDd05Wc2ZUb0NuelctV1ZsS0s0Rk02cE5PWkRWcW1rNjFuSDlQd0lpQzN5YzRUOVpGOVZ5RzBTcVJJZUhOcDRGaUMtVFduNXdYV25JOWU5SEFVdXUybEFQZjFPdUlFT0J2SWNsZE1HSnFNWFcyd1N3eW9lQUVBdWNrTDBOT1AwcW45SlA4SzJQaUQ3dS10SXBKUjA4RlBNTk1INXZEUzNkUE0?oc=5
2026-04-10 03:00,The Motley Fool,fool.com,Why CoreWeave Stock Popped Again Today,https://news.google.com/rss/articles/CBMiiAFBVV95cUxPbXBCSlRqWTdZbTBKQzVxT1VMaENpdjFxcUVzUUdOMjJ1UDBPN1VTT2huOXVCcUZUV0NDakdfUk9UYm44blFqZUEyR3ZVQXhxRkMzWHZaNWJpUzdYRTRKZUQ4THlPY3gza0s2d2dnYmpyWFRUZmdwNURfdHc1eEtzUnBFMkRLVXlC?oc=5
2026-04-10 03:00,The Motley Fool,fool.com,Why Did CoreWeave Stock Surge This Week?,https://news.google.com/rss/articles/CBMiigFBVV95cUxNazFTUWpXVTZuM3BsZ0F2NVNJRmQtbnFINUdmd2xxRXJEMlBESmZaXzJQdnpUUERMSEM5VEp1T3ZBT2JNQThOWHdLdjIxcFdTR0xZS1VuMkpDLWdxejg2NVBFRHV1TUhFaTQwVU9uSTl6akNadm1uUUxqMVluUHhLMFZrbm13OUp3MXc?oc=5
2026-04-10 03:00,WSJ,wsj.com,"CoreWeave, Anthropic Form AI Cloud Agreement",https://news.google.com/rss/articles/CBMihwFBVV95cUxPQV80REVZTDczMVBURXd2YkdfSEZFNGZfejZrelp6TGhVU3Z5LVpaSDMtZV9DZGo3Wk5TSVFrOVo1T1drY1hfN3BDQ2RHUkFYX2pDRGwzcEV2MGYwc1lwcm40UWdidy1vRXN4YTFMZTZId09mZTFTYnBrVmQtcHpOYnNoLXlLUDg?oc=5
2026-04-10 03:00,Yahoo Finance,finance.yahoo.com,CoreWeave $1.75 Billion Bond Rises As AI Deals Drive Demand,https://news.google.com/rss/articles/CBMilwFBVV95cUxNTFJ3VmJMMXhWaWVueWVlZlU4NHJYaHN4VnBqd0pKcjdCeWtDRUNBUjZ2X3ZpZkFuSXZmXzF4RGRwTTBTSVpYLXJFQVlEUWhlT0dVYnBzeU9zdGRGYVRROW93UFplV3FUUE9YVDJ5UWc0d29STVVNQkRnUFlvb0RzeW5oblptSy1pVXFCbHh3QndQQ2RNQVNn?oc=5
2026-04-10 03:00,Yahoo Finance,finance.yahoo.com,CoreWeave Jumps 13% On Multibillion Anthropic AI Capacity Deal,https://news.google.com/rss/articles/CBMirwFBVV95cUxPRG9sZ2NtdFllX3RsYlJ0Z0NSTWl1TDNyT1RPaEh6T1ViVWFTNGRMTUxQY2J2akk3eE5jM1UzTVF5R0xITmpqVjFWX1VDeUx5MGhSN2hzQUtNUmxUeVhRQnpkTXoyRU1Qc2NKSEVZTFZTQjNtaU9CNGt3a2Mycmc0NEtDSTNtRWM5dkhWV2FXYkpHdW1xUW5pcFc5TEViR3hhVW1MTjY1UXplUTA2WERv?oc=5
2026-04-10 03:00,Yahoo Finance,finance.yahoo.com,CoreWeave Rallies As Meta And Anthropic Deals Shape AI Valuation Narrative,https://news.google.com/rss/articles/CBMipgFBVV95cUxNcGo0WEFEbE5MTmk0RHB3SU4yenBfMlhXRU8zUU1JcS1hdzRnbmtwb0xtbnR5N2ZoOEYwa3Vfd1lDSjVFZnNHOFZmYjlubGFIVkdSbFdmcmdOVDBsYlFDRURQUDMwWUdKY0ZqWkN3cDVWUXRoaE9DaDJvWDg5RUJJUDVZbGRDTXNycWxYX1dNVFAtY3EzVTFoWGVoY3ZRVzBySkl6bEpR?oc=5
2026-04-10 03:00,Yahoo Finance,finance.yahoo.com,CoreWeave shares jump 5% on multi-year agreement with Anthropic,https://news.google.com/rss/articles/CBMimgFBVV95cUxQbVQwdzRXOVBDU3hGS3QxLVFjMG13anpZN0hqeU1GUTk0SDBMXzNvSGYtbkM3MzFTZ2l0Z3REbzl6c2FWaTBOUm5zNjRGWEZXR05jMUhoalVkblpEYnBtdW5ESzNoUjcxUHBaWVJWTUtHQ0Y4MGxtTmJjZ0FtQWFNdnllQnBScUlVVG5Ma3V6X1YxLXdtSEVTdTln?oc=5
2026-04-10 03:00,Yahoo Finance,finance.yahoo.com,CoreWeave stock climbs 10% on Anthropic deal,https://news.google.com/rss/articles/CBMisAFBVV95cUxPLXQwcjZZUURqaWsyQU5laFJYdUl1NlVHcm5KandRZkR0RFFrcGtrSGdScDZlTWhJZFdTd1ZwVjRfYzRUa2N5RFQxRjJXZDJ2blRHdDJFMmtfTy05ZExkVS1uWkRETk1jRXJHUk1MbDBDOHB3b1hDdnlqZko5d3NlNGZBRml3OHJRNnRsZl9kXzE1U2dUNEo3OUlsMnlWRnVnOEEySERwM2FNV3ZqQ0c2Qw?oc=5
2026-04-10 03:00,Yahoo Finance,finance.yahoo.com,Should You Chase the Rally in CoreWeave Stock?,https://news.google.com/rss/articles/CBMilwFBVV95cUxPeGVxNFVmMVhGOVQ5OHVINnE0TUNkV0pCREttWmpvSVNyaHdCTmxTNEFSVTlEYVJRczA3MG9HUXVxTXduSzRiaW1VdzhlZWlIWUxENlo5M0swN1pNbjQyRVdLemxzc2o0Z3UyblBHeWpQdzc4MHpTa196REhfYzdxSVVYTDVXTDJ3RkplZUZELXFRV0tMeFQw?oc=5
2026-04-10 03:00,Zacks,zacks.com,"CoreWeave Inks $21B AI Infrastructure Deal With Meta Platforms - April 10, 2026",https://news.google.com/rss/articles/CBMipAFBVV95cUxNOUdodXAtdjNDdUh3M0Z1QVBlWmdZdEQ4UlVRdWJpTmVkVnRfMVFwcF9IbUxmQ29vMzBSLTVTSXAtbGxTNXJzbHF2VEpMb016U2VBcUhhUTJnRjFIOFpnMnBNd3dLTllfa2wxdXVCREtXbnlqTFJLRjR3cUpZUGNENWszMFlUVlZlXzhURVU1RUJSYUxJcENJZ2RUMUswVDBrU1NpQw?oc=5
2026-04-11 03:00,The Motley Fool,fool.com,"After Reaching a Deal With Anthropic, Is CoreWeave Proving to Be the Ultimate Artificial Intelligence (AI) Stock to Own?",https://news.google.com/rss/articles/CBMilwFBVV95cUxNVV9jeTVrSkE2OU9RZi1qOXJ2VE9ZYW50TUFmakxOMmdqRFZaRG5WQWFsOC11WVpVc2VZZmtqVEZid2JvSkJZZDFZMDlXWlMyaHMtT2pKakVCSTh3X0paNzV1MFd6b2tkZ1VhVmVhY3pRMHZzM0QzbW1xbjlWRnRfcDJCaWxIbERnMlRFeWxubWZOVktLbDdV?oc=5
2026-04-11 03:00,The Motley Fool,fool.com,Massive News for CoreWeave Stock Investors,https://news.google.com/rss/articles/CBMijgFBVV95cUxOdElIRmZDQTlqY05IaGRveTM3LUh4RDNJdDM0STVpa1YtU3FsbjRSRURnN2NucFN5eVhhYnhxMFJvdE15Tm93dXF5VFdQU1kxNks2aVlFbnZwb3ZwT1hIUDBsMno5VUkyclNraUs2QVBYRFdCR24wR0NmUE0yU1FrYlVJVWxzUTc3cWFqenhB?oc=5
2026-04-11 03:00,Yahoo Finance,finance.yahoo.com,"CoreWeave (CRWV) Bags Billion-Dollar Deals, Climbs 24%",https://news.google.com/rss/articles/CBMioAFBVV95cUxQcFc5eE9sNVBKYlNtS0xSOFdIanpOa3duLXVrczBwenpWeUhFTVlwV0lEMXVZZ3h2emE1c1M1WHJ3T1pFSzdPWG5STmpGWEdGZUxSNDY0U3hDNE1xeTU2RjkyVFh2Z2hOc29oTEl3ZHUtaFFDT2VDNUNzVVJNMHNlVDZ1Mld0RERLZUI0TnM5X3d4VlY4bGxSQ0VNODRjUFho?oc=5
2026-04-12 03:00,Seeking Alpha,seekingalpha.com,CoreWeave: Unjustified AI Bubble Fears; Buy Signals Are Finally Flashing (Rating Upgrade),https://news.google.com/rss/articles/CBMiqwFBVV95cUxOSGRvaV9UOHhaalVmdU5JRXp3Um1zMm9FRi1xVElTeGs1V05BQ3hLUzhvQ0Z2U2VTQ2dqcXdvS1FZYXp5X09JbjlFdU1hM2swTHBFOFZBNG5QZVE4dmRJZ3lQU3Z6WDJneVRrWW5lS0ZfZHZsWTJoN2MwNkxHRC15andBZ3ZaTXVDcDd2bU5vbHdkUEZGYkdLQ00zWlZXbnY4a3RYV09BbFVKWDg?oc=5
2026-04-13 03:00,Barron's,barrons.com,CoreWeave Stock Surges Again. Analysts Keep Upgrading the Stock.,https://news.google.com/rss/articles/CBMiiwFBVV95cUxOVFdSa25QUTBGRmxxMElIcDEwTkN2bmNiQU1WcHV6bWQ0WEFKLXJtQl9FT21McGlFdDROa0xjN2dFcng1OXNKcjJBM2JBLTRteG85UEthMDd2cjFacUVJRDJzWmZaaHREM3k0V2NpQlU0ZmtIa18wRkNwNTh0MHUwaG5pb0g3Q01PVk9n?oc=5
2026-04-13 03:00,Barron's,barrons.com,"These Stocks Are Today’s Movers: Goldman, Intel, CoreWeave, Sandisk, Fastenal, Oracle, and More",https://news.google.com/rss/articles/CBMiZEFVX3lxTE9CN0pMNnhUTFVqQUZ3LVRGRGJDQkg0aHlGWXpZXzQ4YVMtS3lHWXJqWUhvWHlJdy1sWi1pY3VjemJmaDBJSkw1SzhRSjZ6ZkppTkVpMldBTlEwdGtGNnhyREJwUUE?oc=5
2026-04-13 03:00,CNBC,cnbc.com,"Here are Monday's biggest analyst calls: Nvidia, Apple, Tesla, CoreWeave, Blackstone, Starbucks, Netflix & more",https://news.google.com/rss/articles/CBMihgFBVV95cUxOWTg3WkJfSmFlTi1UeGYyczJvem1ub0d6NHJXU1EzbnIwbnZZVGNZaTVGQ0RoNkZlbU9kU1diVlNqLWtRTU5zTDdfbEtIY2V2OTdBLTFiZWVVM0hQclVIOTV1bjFNQ3JNS0VYMVE4ZUcta0FtTFhrZjNLblJsTzVaM011N1RMZw?oc=5
2026-04-13 03:00,Forbes,forbes.com,CoreWeave Becomes AI's Landlord With Meta And Anthropic Deals,https://news.google.com/rss/articles/CBMitAFBVV95cUxQdDBkT0J3eDBWR3dfdjFBVW1waUYyTnRnbjF2TERxOW4zZTMxNjMzT2pseXVHZjZyM0UwcTNscVFxUU5qUHlsaHVZeFN3OU4ta2xNbGdXcFpZX054NWxFdWNJaW8wRFB6dzBCX0ktbmF1TEM1MjNYVDdYUjV6YjZIdWhsaFhXRW1udTRjYlRmcC1qVk5INnpTVVhyTW1Zd1pOaFhYNHZWaTA1Qjd2cHlwQUhNWnE?oc=5
2026-04-13 03:00,Fortune,fortune.com,Tens of billions in days: CoreWeave shows how aggressively AI infrastructure is being funded,https://news.google.com/rss/articles/CBMitAFBVV95cUxOT2h6YU5HNjM2Nk9ORTBzb0JNT2NXX1FhT0hZdHFadzFyVGNNWEdCV1V3Q3ZTVS11MEYweUNYQ0dwUU4xZTFoaktFbmRhN3QtamZLb1BrY3JkejJXSS1iWUdFWVFwTUUtTlFVOFAwRDRSMTBQcnREZU1XVG0zb1pzZjg2TU5wZkpuZi04bmZGWEVsU0RhZ01YV0hQZlEycHBUeHp1VDBBLUJxVnlxOHlIMjJWcUk?oc=5
2026-04-13 03:00,Investing.com,au.investing.com,DA Davidson raises CoreWeave stock price target on AI deals By Investing.com,https://news.google.com/rss/articles/CBMivAFBVV95cUxPSGVHZlUtNGhYbWFtSF85dDlfMGJPM2lfbmNweV9pUTJ4enRrdXV2UGFRVkltd2lfT0ZQSmI5RzVSSEx6VmxRZ2hZQ2xKVXZqWkhYc1h3RHlFajU1bmNZdkVfQzgtNmRXR3BkRmZZUFBrcEVLSENZMVBYRnhUT0g1Q3lFVEtEajZSeFRJdXZ5Z1pJNzJlQ2IyMm85dXUtV1lSQjVKczVsOFVrdXpMRXdNTWpZXzloOXFUNlA0bQ?oc=5
2026-04-13 03:00,Investing.com,investing.com,Cantor reiterates CoreWeave stock rating on $21bn Meta deal,https://news.google.com/rss/articles/CBMiugFBVV95cUxPaUlPazNtZjBPSGxiMUJDNU40bHVWRUt5NWwwMGlYZmIwOGpQNk9OY0duRC03VEJobFBkQ3dBc0tDQ3pVVGdneERZSHgyS0ZmS0MwNlBNX2pPNXJla2NzQ01fYV9OQzJ5SEptMnRBcmd6QUZ6Zy1hdURoWVRmSWprbWJPQzhrMTI4c1p5WmVhY2J6cDhzZ3VjSWNvWjlxS2d2WFo0bXFQTGVKU0s0b3h1VGZsajFaQzNNY3c?oc=5
2026-04-13 03:00,Morningstar,morningstar.com,CoreWeave: $21 Billion Meta Commitment Is a Cornerstone of Continuous High Growth,https://news.google.com/rss/articles/CBMirgFBVV95cUxQVWZnbFE1SWdaODRoT29ndjVLSUVUbWt5d1ZRdFhCSWs4VUY4QzJiUkVJZEtVZmNVUDRCdGF3andfQmVCZkFQb25pc2haX2FCdnJ4LUFnenJYaURuSmlyeGFZclkwNklYWWJzRGJmUjhFS3FzeDhtYVJocGNIcm5MVzJpTWREODVZQUlYRHJmTUNqSVhIaTFSa0hSb3piaVloQmo1ZndISjJtRUNaeEE?oc=5
2026-04-13 03:00,Seeking Alpha,seekingalpha.com,CoreWeave climbs on recent deals; Macquarie upgrades stock to Outperform,https://news.google.com/rss/articles/CBMirgFBVV95cUxPbkUzaUphM2g3b1NSNHplaEY4MnFYbXFPY18wc0I5ZTVpRzc1ck8yTEFzZ3JxbUR4RmthR192YVBZMGhuMmVOVWZLem5fMmNoR0FvWlQzdTRtMlpraFRiOU1qRFZTYUw0Zl9nSnd0c1BzQ2pUVDhHblJPTUlmMWt3WFY3T0VJUkdGVTBpZ1huZnhKYThQZm1Oc1ZGWXVlZUxRbnphS1owbGpJYW9kU3c?oc=5
2026-04-13 03:00,The Motley Fool,fool.com,"Stock Market Today, April 13: CoreWeave Surges on Analyst Upgrade and AI Contract Momentum",https://news.google.com/rss/articles/CBMi4wFBVV95cUxOcE95ckRZQkNHdU03SUNWZUhWazJPbDk2SG5KbTNFSU11U29ubmNfSW5sVHQyUk4tWG5NSXV4aGprR0k2d2NsUTh1eG5DZFBzSU9keE5BNjk3M1lkOERrMU1iTWlRcGpRRElMcDN0WjJFYWRReXVLTHJ3X0YxdXVtVllGYkpUeXF6TTBXc3Jubmw5dGs1cjdHVEt3UVVNd3d4R1lLSks5aVZXNVlLOGRNaG5ySzlNb1ZycmFwdXZVVV9ybGZlZDUwTGJtakdrNmlDbjZPZzFzeGJCUjRfbFgyekdURQ?oc=5
2026-04-13 03:00,The Motley Fool,fool.com,Why CoreWeave Rallied on Monday,https://news.google.com/rss/articles/CBMif0FVX3lxTE1nczI1YTFrYkljZC1jS3RlcUN1aXVPdnZpbVlzREpXMWlGX1BROEFqdHhtMWRKRjJSVWRrbUlTOVg1akZjcUJsN3R1T3VZQ3U0dXBycHpITUVvWTFiM1VRY1phZnFxYmNPNnZocDM0Z1hxRVM2LXV4bFNxSmFYem8?oc=5
2026-04-13 03:00,Yahoo Finance,finance.yahoo.com,CoreWeave (CRWV) Stock Jumps 10.9%: Will It Continue to Soar?,https://news.google.com/rss/articles/CBMimgFBVV95cUxOeExNWTB4cHFPVnp0MDBGeUZYWm82U0Jvd3QycEFfN2VQaERJbUpUbjd5bU95MDV1QXlxQXhEMGVaWktuaExlMDgyRUtZTUR0aFBWdWVKQXE4bXpKVTBieFdrSDRKalZlampWc1R5bTVVTXpCU2tNZ0YwQ2hsbUZqczVob0djalNWY1RJNmdFRjNGMHpOYk5NVFJ3?oc=5
2026-04-14 03:00,Benzinga,benzinga.com,CoreWeave Stock Is Moving Higher Today: What's Happening?,https://news.google.com/rss/articles/CBMitgFBVV95cUxQYzVOX0lXSEo1cG5BM3c1Vm90SHVBTnNVd29qcFRjVnI3TFBqVGRwa25tZ0MxY2IxbjZHeUlKWHQ1cnpGUU9SQmVtYV91ek15X3B2bFFESlMwbVBLUzQ2WVRDenFRdHNyQXA3T3JTM3JZVWF5TnE0OU15TC1CV1pQMDNYTjc4RGtsamp0Um1hQXNlRHh4UVlQRGdXRmw4anBTZ3QxQldRUk1NaXRHc08tMjd1dUxlQQ?oc=5
2026-04-14 03:00,Benzinga,benzinga.com,"CoreWeave, Nebius Get Fresh Upside Calls As BofA Bets Bigger On AI Compute Boom",https://news.google.com/rss/articles/CBMi6AFBVV95cUxQY0xuMXBvbmtxR3FqejlfU0UyUlhnM2JnemszdDZZSnpsc25Od29SU3VKT25kT1V6dUFXOHhCN2lfYjFSMXZtVEl4OEFRNFZxeTEwdl9fajhsamtzckhraGZZSy1vS1VSMGNFZ0tFekJVaGlOZlgteWk2ZUZMcUc0SlBrM2Q5SzZNUXZXaEZUeHg4Z2NNVzF5X3BPdy1sZ21CZkFTSGRJSHgxV2VIZ0hPRkM4NGt0dFpBRG5YaDZQd3lPbTdIcURoSko2bDNBUGVMOEZ6RG5WbnY5djZ2bDZIYnpVZzBaRzVN?oc=5
2026-04-14 03:00,Seeking Alpha,seekingalpha.com,"CoreWeave: Hypergrowth Is Here, But The Cash Cost Is Massive (Downgrade)",https://news.google.com/rss/articles/CBMirgFBVV95cUxNd0J0bFU5NkJickVFWFNEdjBGbU9fT1BETkF0ZV8wYXZrMGs3dDdlV0h3RkFOcE1fTXpZOXpkVkU2d0ZQODNUQmtsMVRFdWVwMkNPUWkxTzVpSS14RXJ2RnpZdDlibVdGR0RNTHhEUXBJMEdPN1A5dEJDdDlCVHFLTnIwd216YTdGTHp4SzB2aXhlSVhWaGVubmdzT01oYXVfbkpsc0UwZEp5RlNwaXc?oc=5
2026-04-14 03:00,Seeking Alpha,seekingalpha.com,CoreWeave: The Best Way To Play The Data Center Boom (NASDAQ:CRWV),https://news.google.com/rss/articles/CBMilwFBVV95cUxQSjRTOWxxNlBNbFotbFB2Tld1eHlYVnlzeVprWEU2bW8tMTBpNU1fZUxsV2tsd056VHVQOFZDZ1ZpT2hxb1NIV0o5V3JWR24yWWM0TEtkS3ZYeUFIRlVPV1dTRG9xSEtlUHEyeXkzR1R4QVU2LWxrR1YwTThDbXhhd184ZWlXdklCTDJMa0NIRXB3dG1UaWRJ?oc=5
2026-04-14 03:00,The Motley Fool,fool.com,1 AI Stock That I'll Buy in the Next Market Correction (Hint: It's Not Palantir),https://news.google.com/rss/articles/CBMimAFBVV95cUxObjdES011b0VqTlJ3cG1MZ09mZ1JhZ19RdFVydzZES2NabEE3dG44V1FmQ0pycFNqTFVXdGlfaUtHQVBqM3p2TngwUTJ1Q1NhcWdfOTRiYzBOTHZYNFRucG80R3dKcW5STXhIWTRsbHlIN1A0Ty03U0tSMUc0R0hjMUdyeXZTZW5GMEladjY5aTdMZXhTeDU1Yg?oc=5
2026-04-14 03:00,The Motley Fool,fool.com,5 Reasons Investors Should Not Bet Against CoreWeave Stock,https://news.google.com/rss/articles/CBMikgFBVV95cUxNNEM2emx1MlZudnhMcGt3NzVsX2hOODRPcWduN1NHWTB0dE1zd0xnbWNBSnVscTF4bDJvTWNfR1o2VDk5UHZmZl9Ta3JybEd3TDZERjBoM05ra2JYR0UwbjhMS2RUZmp1MjBaenFmZjNWSTlhWEZxdnNtQ3lUYVVuUVl5dVBkZ0tGQmtZbW5YN3psUQ?oc=5
2026-04-14 03:00,The Motley Fool,fool.com,Is CoreWeave a Buy 1 Year After Its IPO?,https://news.google.com/rss/articles/CBMiigFBVV95cUxNY3pzZG5VWWVJazFGeTJyQlRUOHZRT0s1a1hVWUlVeVViNkdKTTBNNUdyN1p3enZ2bjk3SnVTdWVKMTlYTmh4Wjc5QUJhWWNIRmZyUWt2ZWp6enB0MlNaYTJSQVBYeG1BQ2IwUEFabkk0ODZSdEJDcDZZS1RTQWRQSUVZVE41a0I3Qmc?oc=5
2026-04-14 03:00,The Motley Fool,fool.com,Is CoreWeave the Best AI Buildout Play?,https://news.google.com/rss/articles/CBMiiAFBVV95cUxPOFJLZVFFZ1B5Mmw5TklJZE1MUm1kTlptd1pjQXo2dmRCSTNkSkxRVldiUlVWSzdoTzFqREc0anY0OTF0U2pOOWtxQzFOWnBRNWZVb0dfVWVSN29TbDJCckV1eVRvUUpEdldPbE5EbGpmeEozMnFFbVlZMEFfTHdtbzEyLXZCMUpX?oc=5
2026-04-14 03:00,TheStreet,thestreet.com,Bank of America revamps Nvidia-backed CoreWeave and Nebius stocks,https://news.google.com/rss/articles/CBMirAFBVV95cUxQS2dyNFd6bTNGa09ZNGVLV3o1WkM5NFVOWkFjaEk3TkhMUGJ6SFJsT3dLaHB2OGdUUjgyZUkyWU1mLXRCU2c0YVFWM2ZtNWVPY1g2U1otOTBVVXVFYXZ5X1lTRVB6NDlVemdjbF8yUXJqTmpHMUJURmRzQVpWVVRwOHA5YndHQzBmZ0lQelBDVUZ4M1hRTjNBNXpncUd4YTNiXzJZZ2lNelhsVDBk?oc=5
2026-04-14 03:00,Yahoo Finance,finance.yahoo.com,Here’s What CoreWeave’s (CRWV) Partnership With Meta Platforms Means For Investors,https://news.google.com/rss/articles/CBMiqgFBVV95cUxPdU9JeFlOU2tYb1EyalpCQzViVDlsZU5sTWNqck5GYU5oT1FibVA3N2tNMHlQWHZ4UnA0YzNya1o3VmxpMGFxTi1aMTdhN0k0RmRrUG90STdnSE1MWVBTU09TTm14OHAxWlpibVFVQkNtWldvMWUweEMyM1VZSjFhREluYUhiMkhXRnAxY0V4MnNkV1ZQZ0ZKVC00LTlKMVB2b29OeDBDc2dvZw?oc=5
2026-04-14 03:00,Yahoo Finance,finance.yahoo.com,Nebius vs. CoreWeave: Which Is the Better AI Stock for 2026,https://news.google.com/rss/articles/CBMimgFBVV95cUxPZEtaeG1rN2I3clZOMkNPVTdzdmI3Vmdybi1JLVVPQmROLUhWcTQ4dDJNZVlad2tmQ1FvOF94MjM1M2p1X1c2bkRna1MydFo5TElrNHdJU25hWDJsbXNtTk96T3FMNFhidWtHNkNJSkRZaTlLM3RQaktreEJqaV90UUpwWnREX2ktTEluSUE1TG9aVm5zNXV0dXJR?oc=5
2026-04-14 03:00,Yahoo Finance,finance.yahoo.com,"Sandisk to join Nasdaq-100, CoreWeave stock surges on upgrade",https://news.google.com/rss/articles/CBMiqwFBVV95cUxQcHY1NWk1WXBrbERwUEI5RTJzN29mVHRiMDFBOVd1aVdnN3ZXMVJFZm11RXV5X1Z2cGxDRWc0SC1KX0VUck41blNILWJnZTF6VmpMNmxQOTBjbERTejU2TWIxLVBxVGZyRC0xOEh6T3NBVzRCMHVSenlDTkp0eXNhM1hmcVB6WmdOMTM4Rmp4M3l2bl9Gb2J5cXM0dWZkTUVmSG40WHJrZ3hxZEk?oc=5
2026-04-14 03:00,Yahoo Finance,finance.yahoo.com,"Zacks Investment Ideas feature highlights: CoreWeave, Meta Platforms and NVIDIA",https://news.google.com/rss/articles/CBMiqgFBVV95cUxNNnEyYmxnRm9CWE5LbERsVzM4OVBkT3ZRTlhIUVF1eUEyeG1JUVdQbEI4RW1qS19SUGRuQzd2cXQ5ekt6MThFdDgzWWJKTHZYbXpoVS1NaW8wNTQ0ajhwRkdURjRVc2FEbzZYUDlaYWQ4dXBzdGVJM0w2STM4bUNQcF9FNVNDT1oxRUZsRnltQnVVdFpCM1hnN0VpQTFnTGU4a3ZLQ0ViTUo5Zw?oc=5
2026-04-14 03:00,Yahoo Finance,finance.yahoo.com,"Zacks Investment Ideas feature highlights: United States Oil Fund, CoreWeave, Nebius, Bloom Energy and Oracle",https://news.google.com/rss/articles/CBMiqgFBVV95cUxQdy0yZEV6bWxhcUk0bk1jcW55enVIZzREVmIzUFZkOTZHNXJvQlM3THlNM0NsYTVNamN2Y0k1OEVjODVyQ1JySmtGYXEyaXI0VktJQlBLQ3FxMGdSZUtEZ2dyRHdhZmFkVkRzaXA1X0h4MmhOdXE5SHM5ajNzNmgxcGxSem1INXJOejJFT3M2WGlVdXBCd0NpcDVQSFY1ckw0OFVtSzhVUlIwQQ?oc=5
2026-04-15 03:00,Barron's,barrons.com,CoreWeave Notches $6 Billion AI Deal With an Unlikely Customer. What It Means for the Stock.,https://news.google.com/rss/articles/CBMilwFBVV95cUxNZXRjckhhd0QtbFJBbUt0RU16WDgyX3RQQm54RzF1a3k5aVlTRXZMd1I3TlotNTBoUlI2RnhpeGh1LVZYSVRqNE5majlUdWE3NXhqWnNBREd4QW5tcURJOFV3TTBoUFlucFpEMXJxV0ZwLVBiQ2lfYTlIZDIyTXZtemQwWlU1cUNUX0lDandoQ0MybDh1X1dv?oc=5
2026-04-15 03:00,Benzinga,benzinga.com,What's Going On With CoreWeave Stock Today?,https://news.google.com/rss/articles/CBMiogFBVV95cUxNNUhxQnA1M0pzYWZuMGtsU3VuSmVIVHR5NEhScUo3SlVBNXM3cFFPVllmVG9BcTB1aG83dkV0anZ4cFl0QS1qbFQwX3JJeldydEJWU2pFTHNxNHp0emwtb29yVGFDOTFQNWx3c09qeGFwSVh2TzQxS2Vpcnp1VVZnTGZMaFpnb1lHZl9DNUZ2RG02UlhGZ0dDZnBZajU3SWhZR2c?oc=5
2026-04-15 03:00,Bloomberg,bloomberg.com,"Jane Street Invests $1 Billion in CoreWeave, Boosts Spending Plans",https://news.google.com/rss/articles/CBMitgFBVV95cUxNVjdLZXEwYmtMeTVyb2VzQVVmVjRyVjRCbFQxU0VvajgtZHJLajJOei1sQkpQem56dVY4NnVZdm55eGxDYUFwcGdiVWhBV3BLQ3JjMk5WaVpydFl1QWdGZGNHWE43d21nV0JGMFZ4SDlDblR6UFpyeE1RZEsydERVUldSS2R1S0xaaTFVNWl2Z1kwbUVlTWtOUHZfcEE1QTFUcmxkeGFSdE9pcHNkY2Y2eDhrQnpmQQ?oc=5
2026-04-15 03:00,Forbes,forbes.com,CoreWeave Founders Made $4 Billion In One Week—After Stock Surges 30%,https://news.google.com/rss/articles/CBMirgFBVV95cUxOcElMSVpGQnJTc1E2ZDU0RHNrSDlJa3N6YnEzQ1lfQy0yUU9pMUwteGFsTC1IZERrRGJBQzJMUVJIbHNSNVhaZHRnTFZ0T3hVczVEVXpHMU84ZDdBT2NaQ1BGb1g0OVZzNXhDbkNvNXRyeHp6cWlaUkd1cUJXeFpsR2NhQVVZVkc0QklNX1hFdE1mVmRjM2RFM01XSF9lNVNIVkxLRGhEX2VtcjV6bGc?oc=5
2026-04-15 03:00,Investing.com,investing.com,Jane Street commits $6 billion to CoreWeave cloud platform,https://news.google.com/rss/articles/CBMitAFBVV95cUxNNkhkXzctTHluVEpTbTFqTzBkaVlSU1Rvd2V3TzBGSXV6aEFSY0RrTU5tZG1RMXNLbFlwZW4yeXFFcDJXYkNMdGxPelpJd2Z1Z2l2Mm5JOTFHWkZlSk96U3p3T2dEb2hpZGYyajNBMWtubWp5bXQ0WDdNZTY5YmZDQnowUUx4X3ZJMzFwaFdZM3QtUTB3eXR0aVM2UVp3MmhrMEJJaWt0RmdZbC1oN2FUdm80b0Y?oc=5
2026-04-15 03:00,MarketWatch,marketwatch.com,"CoreWeave sees a $7 billion win from an unconventional customer. Financial firms want AI chips, too.",https://news.google.com/rss/articles/CBMi1gFBVV95cUxPSlZfS0lVa0tpS05IdjdSeVZpeDhGQmNzSFFhVDVLbExoTC1mU0s2VVZuaVNGQWhiMnFhaFBrMV9obl9QT1g2MmtEME5kRldON05haEpWdHYxdmVQQXdkMG1zLTJWakJaRlk3cUdVT2MwS0w0TnhCSlNsX1FvbkJITzBBSjlZOXFNRllUbGowM2kwYlR5dXZNenZxWjBmZW1UMk5raTFKUjc0a0FqYlRvNDBnaGlxemRkaEhNSzJrNnlwb1BjNDhTM2FYMUU5bTRUMjJWNzd3?oc=5
2026-04-15 03:00,Reuters,reuters.com,"Jane Street signs $6 billion AI cloud deal with CoreWeave, boosts stake",https://news.google.com/rss/articles/CBMiwwFBVV95cUxOZmo0SGRjTTRtTVE5Nk1aRkVqUF8yYXYxQW1XZXUyUEg2ZFlodlJ1RlFvY0JBZVljVTM1a2dDZzN2dTJJbXhZaFc0bVg3X3paU0RwczVIYVRWd1pCSVlTTjJzUU9qQmEwdjRXZVJoY1BtRElJMzF5LXJTSlJWOHFUYmgtOUpUTUdlTFlhNVRoUVhYQi1KZEg5STJJa01RRUVVQTlEeGVQUTVUTWp2S0RteTZPMm85WGd6SkVha3hOcWdkTzg?oc=5
2026-04-15 03:00,Seeking Alpha,seekingalpha.com,Applied Digital's restructured leases with CoreWeave may lower cost of capital: Needham (APLD:NASDAQ),https://news.google.com/rss/articles/CBMiwAFBVV95cUxPRndpY1hwQTJCMjltSVRZcURsb3NMZUwxSkIyS0ZLTm5fanpDeHhPZzdONlBJUnhHRHJxb2VUNnR4NnVoaU44SWN5a1ZrYXRfZC1Jc2h3NmlCVHBMZHVZQkt2VEFZTDVmXzUtTFd2ZWo0VjBvb3NHQmsyc0lrWDlIOTZ2NG5NUnhvNFV0cTZlcV9GRjNIQW1ISGp4NlgwR1RuR1dZV2txS0RWeXVsUkxpZ0FleXB2MXUybXk2WWx3Xy0?oc=5
2026-04-15 03:00,The Motley Fool,fool.com,Nvidia Has 74% of Its Portfolio Invested in 2 Artificial Intelligence (AI) Stocks,https://news.google.com/rss/articles/CBMilAFBVV95cUxOeUl3SmJDeVZrWTRVdFM0dXRWN3l6b2ROa29Kamw5Y1gteU1pblMtdTc0SjNsSjdGYzJCdFNURjRBY2tXTEVIVzZibUl5c3hIYmZJcVZMLUNKdFRnclRkWEpqWFZvcjRLdk5JSmtmbTdtUXlCNUk4T1VObW44TmY1ODBGWmdzVzA0RFJ6MmlWWnpJS19E?oc=5
2026-04-15 03:00,Yahoo Finance,finance.yahoo.com,CoreWeave Has a Massive $88 Billion Revenue Backlog. Here's Why the Stock Could 10x in 5 Years.,https://news.google.com/rss/articles/CBMiowFBVV95cUxOZG5KZUhpZ1M2aG5rRVNBMXFEbGNkUWt4Qm14WjBhNzMtcG14TmpzRjZoaXdpUV9MbjljSVdwdnVuMzNjV2NvcTV6Ymt0VzNnN2hQZlFkcDJZMGpNazV1OEtUMkgyd2xzWUd0dkNpMElNaFVDd3R4ZF9lVEhqWDV0YU5JakpIdXU1Tk5SbGlQb0k4dE00dDJDYlFLZ2ZaVVd5TGMw?oc=5
2026-04-15 03:00,Yahoo Finance,finance.yahoo.com,Jane Street Commits $7 Billion To CoreWeave In Expanding AI Infrastructure Push,https://news.google.com/rss/articles/CBMinwFBVV95cUxOQnpaaFh3YUl2ekdFSVpfOVRJTkVFSXVhcjk2czRqaEhZSC1GR2hxVE10QnBpSVZKeHpQQloxa0NFMWYxcjVuNWlmNUpsSW5nTDZaLURFdGxKYTNTVm92RzdJTjQ4QWNmZEpQamh3NXl4cHVXeEdOX2dmR0NHT2d2dnZlNGdST1plOTg4NVJCT0JJZGRNTGJzWDFZTEl6Ykk?oc=5
2026-04-15 03:00,Yahoo Finance,finance.yahoo.com,Jane Street Deal Expands CoreWeave AI Cloud Reach Into Trading Workloads,https://news.google.com/rss/articles/CBMioAFBVV95cUxOU1BFbUdJYV9OcmxmNnhHaDdfanRnd0F3a2IzbzllazJOTVF4RXdaakJORUdMNkRuelBrbFpYVmo4OWlNYjEzT0NnZzBHZFRwUkRZTFFpVmdpOHRkb0h5b0FXWklwc3VRNFZ0UC00V2NkdFNPUnpCSzgwN05xSmViWmtvaTczRzFKdjNXd19KQlo4VWduc2VyZXRjRjhUSnFm?oc=5
2026-04-15 03:00,Yahoo Finance,finance.yahoo.com,Macquarie Is Pounding the Table on CoreWeave Stock with a New ‘Outperform’ Rating. Should You Buy Here?,https://news.google.com/rss/articles/CBMiqAFBVV95cUxPcXppOTNNcWtvLWFfc0ZFa2JoRHlnSTRneHQzemNzOWtNbDlQYW9mMGFnZkNYRGVfQnMxNWxoRXBmYzZEUWdEbl94TzlFOHo5cjB3eFZvQWhJdTlLQ19IbXFRZ0JoYUZEZUwzYk1zeHpudDZoUnA2S1E1Wl82a2MxWW5ZekJZYXJpODNTSWljUHJlVU1rUlpKSUhKQ2dOZl9Ec2Y4RmtXNk0?oc=5
2026-04-16 03:00,Investing.com,au.investing.com,Evercore ISI raises CoreWeave stock price target on Jane Street deal,https://news.google.com/rss/articles/CBMiyAFBVV95cUxPdU9hTzFwWkhJNEpvMU5FN1ZjdWNSSkh2a2dSMnVtLWRKbGlFdnNZNDFleDJ1R0NHcFJGaWZ0Skx3NlZjTEs4QmtHWVFuaWdNOWtDVnowQ1ZZZHVyRkFDLWNlOWstOU1ET2UwT0t5cDVlRFlGWk5vT1ZjdmdZUDBvQ0lDQ2JUSUNSRmxsanNjNkVidEs0VWxnVVg5SGpYU1kwZWs0SlNUcmo4cWFQS0VnX1NRMVAwVFQ2bVVUMGNfTWh5TmVobU4ycw?oc=5
2026-04-16 03:00,Investing.com,investing.com,CoreWeave plans $1 billion senior notes offering at 9.75%,https://news.google.com/rss/articles/CBMisAFBVV95cUxQYTllT1U0SmVWdVBOdlpVX0FncXZlUERMNlBDUjFvX3FxY0tnSVpjcFdJNjdaZ05PSGRVWlFDbmlBcEtkN2JzUWszbGM0TmhHdHRFM2JnYU5kUTR2cjhKeUJjSUhTUXh0cTUtdTZ6QVR3N2NFY2labDlTVFk5UWVvWEM3bC1SdjNGOWVaS0lFWHRjeEJrQzZGb29jUUFxRDNleW8zY0xjODhKY3FLZ05yZQ?oc=5
2026-04-16 03:00,MarketWatch,marketwatch.com,CoreWeave upsizes bond deal for an additional $1 billion. AI debt is in vogue.,https://news.google.com/rss/articles/CBMitgFBVV95cUxQVmZUUTQ1anlRbC16YkthU0dnQ3JSdDJzM0ZHdGg0RlBzb2UzS09pZXY1MkJqVlc1LW9EY3dnMkZLOW1ieXYwcDNWbHo2S3FsZ1VJb3dGRVVMdGkzQ2pDa2VNazBnaVFoMG9WbFlPNjJ2UVhGaGdkc2N5S1FiR0ExMlNjWGtOQ0xQcEU2Y2gtNGRhcVZzOEI2WVZWRnhSVHAyMXd1dkdtUEJkdkF4NlJ4M2dMLTktZw?oc=5
2026-04-16 03:00,Yahoo Finance,finance.yahoo.com,"CRWV Stock Rallies 45% in a Month: Should You Buy, Hold, or Fold?",https://news.google.com/rss/articles/CBMilwFBVV95cUxNTGVhaC10UldmWmRiaTM2YUFjYVF4emtxNkJ3Zm1ya2RBOVcxV0dNZkFRQ3lhbWVEekEtb0VTbHpub3doMlpKVktPUWJ4T19KVC13Rjdpclp6YVB2R3RCSk04ekY2aTd3VXB0dWdNQ3RfSE12TVZkVDhXTFY0U1dGQ3dla1V1bjEyQ0I0SU5QU284bnptdWo4?oc=5
2026-04-16 03:00,Yahoo Finance,finance.yahoo.com,CoreWeave Just Locked In $21 Billion From Meta. Here’s Who Else Wins.,https://news.google.com/rss/articles/CBMingFBVV95cUxPWmRTaXNPU2FGQ3BjRGxqa01Ld1FWcWNLOUN0dkR1ejRJSVVmVkpsUG0ya2d3MjVXQnZ2emlHbi1qQTJGNDFrYTJaYmI0bWFJZzBJMlJER1NhZ1pxMFh5amczUFdtbTFCUWhjenFHcmgxUl9rdFN6am5ZV2MtNE5GZWUxQ3IxYjlIVVc2VFplNXRuOWFvNzNXMXM5ME1udw?oc=5
2026-04-16 03:00,Yahoo Finance,finance.yahoo.com,CoreWeave Just Signed a $21 Billion Deal With Meta. Here's Why This Stock Might Finally Be Turning the Corner.,https://news.google.com/rss/articles/CBMingFBVV95cUxQVmp0NmVRSUpLZ3A3dnBUNVZBSU01Zi1CQ1FxNWlEWnIwWWRBWG9ETFNlMnp3NWhJWjdEanFpLTdHYTd2aTRzZW43UGJac19qVld2bmktcnJLQzZYQ1I1LUZibldsXzF6MTFlTEp0VjRlc212MmdWU1NMMDZaUFc2TXRHc3hvb3hhMmxaY2lOdHlPSExZaHlMcU55U3N6UQ?oc=5
2026-04-16 03:00,Yahoo Finance,finance.yahoo.com,Is CoreWeave (CRWV) The Best AI Stock in Brad Gerstner’s Portfolio?,https://news.google.com/rss/articles/CBMimAFBVV95cUxPcnEtWXc4dVAzR3dDOVFjRm1FQTVnaVd5N1R2S0lVa3o3bjI4RVNQY3VIOEpMelRCeGFrMVh1SDJNbUxkZjh0UEY3MXp6ZnpIZjZwSGtQdlFlZmZpa0wybTFyTmZwX1FCQ2t2b29ZMWU5ZUN1RTFEc0x2WWJmTU93VFcyNC05TUlTT01ib2owYXJyZXdsckpucQ?oc=5
2026-04-17 03:00,Business Wire,businesswire.com,CoreWeave Announces Date of First Quarter 2026 Financial Results and Conference Call,https://news.google.com/rss/articles/CBMi2AFBVV95cUxQaDE5Wmxac2dZRWx1T1Zjc1ZKenRVZElXVWN4TDl0TFhpZEVkckFJQVpvQlBVeDlDVWlvRnkzMWNRYnBPR0JUcTdwc2NPanVyNW1GMEpjYUxwR0Z4Q2tPQXZJY3BvMUdFM2ttc1VGWDQyYURhMHFDZXhoV2F2ZTk4Y0l5S0h3My1LWE01b3k5emM3WVAyZFJXamFDR2RSRlFGWmFzUjhhOVc0cVM3Q0lYZFFKbk1wZ2RPNVBKMnBqS05uM0IwRS1QdEZaOHJiWjhxLVBNSUNJMHo?oc=5
2026-04-17 03:00,Investing.com,investing.com,Magnetar Financial sells CoreWeave (CRWV) stock worth $26.9 million,https://news.google.com/rss/articles/CBMixwFBVV95cUxNZ3k3OGV6VFhRaFRQQVI5RTFtWDFNQnZ0WllOaGI2Qm8wWWJWTWdwQjRUMVFXQXF0TENLTU9COXBzZ2E1T05GVEpJNzJlRDlfM2FiMnNUdEhwRmRVNTZ0Wkp2eWdVTTFGVENBWFY3cmdCNUg4djhKcDNreWR2aWR2Q2hOVmVfRktDSDdUQklDaE5OMXV2T25KV1FTYzF5WnZIS2ZXZWxWR3FmdGtIZ004U2lab2RVVmhsRkRFRi03Smp0dkFkd0U4?oc=5
2026-04-17 03:00,Seeking Alpha,seekingalpha.com,CoreWeave Just Eliminated A Key Risk (NASDAQ:CRWV),https://news.google.com/rss/articles/CBMigwFBVV95cUxQOWh4NUhEc1NlTkl4Zl9XYTU0UHdLNHBYRDZqNmdaMUpfQ0Z4QkVSeDZ5OTM4MzNxWklGS0VzN0Y2dXVxUlFWWnZ4Wkoxa1J1c1d1QkZvWXV5ZXVaajlKMlBjSG1xS3poLXJhRnZMdW8wTG1BU04wenVkY25KUkRYTVpHUQ?oc=5
2026-04-17 03:00,Seeking Alpha,seekingalpha.com,CoreWeave’s Story Just Changed (NASDAQ:CRWV),https://news.google.com/rss/articles/CBMiekFVX3lxTFA3OW05LXhFdlpKMzZ2SHJRcUc1SV8tS3lmWVItQjFfQVZzZEZ3Rm1Sd3JuZ1E2UnF4MEpBN3NlTVBSQ2RPbWFxX1AzS1F4c1hMOTc2c2t2MjVfenMwVjVPdWItUVVFQzd3dDFhaG5KTVBxVHowMXFqLV9R?oc=5
2026-04-17 03:00,The Motley Fool,fool.com,The Top 5 AI Stocks Set for Hypergrowth in 2026,https://news.google.com/rss/articles/CBMilAFBVV95cUxPWF9BQW8zWVJkR1RpSWp4WXR6WjRZUTVWTHNXQnBIT05CckxSZkVyZUV0czVrbm9nZ0x3OUQ3OGpfZGJuWlJOOE40ZmhlVWpqNWFuR1FHQy1VX3NoeXJhakRNZlVJZk9TeFRGM0hUaUl3VzlwdGN3MF85T0E4MUgtRFl2TW1maC12VUJQVksxRWZMVHRF?oc=5
2026-04-17 03:00,Yahoo Finance,finance.yahoo.com,"CoreWeave Lands $6B Jane Street Deal, Strengthening Revenue Visibility",https://news.google.com/rss/articles/CBMioAFBVV95cUxOTnhmR3BQVG5SSW1qbzFUQmZfbkQ3TDBzS2k3ZDQwekN2WGl5RHNmTGJ4N19IWDZIUVNDNjNtVkpjX0RrMkVqS1lBUzBRVE5ZZGZEVVhOMFRnRHRSUktPakpYNzdSbHp0UFI1STlxT3AzeGRiQXd3bjQyRXlDV0gtZWd5TUVISThQRm9YN0F1aWduRDVuRXFYdnJ1Z25obmZB?oc=5
2026-04-17 03:00,Yahoo Finance,finance.yahoo.com,Jane Street Just Bought $1 Billion of CoreWeave Stock. Should You?,https://news.google.com/rss/articles/CBMilAFBVV95cUxOSVlMMzhfYldHOWlLbF9HVTlzS3d3MHhpOTY2WE9zZUhnb1hCWE1CcHJyRER0NnlmMVczd2hVc2czcS1mUWlHNXNLZFByQm9xcnJ2Q1hMck9tR1lERGZJem5leEFMaXRTZk9BbXpTR2hGa1FKaGhMZWp2bURxMjRCUC0zdVNvcW1rSU1BeS1vQm40bzdF?oc=5
2026-04-18 03:00,Seeking Alpha,seekingalpha.com,"CoreWeave: From Training To Inference, The Growth Story Isn't Over (NASDAQ:CRWV)",https://news.google.com/rss/articles/CBMipwFBVV95cUxPdF8wTVN5TE0yYW5tclBnT0pnSWJPaWxSSkJzRGRvVG9qOTlRVHdsdWd4S05oZW1IRFE1SXpYZE9wS2lIOW5SYXRkc3U1bklCbWhRVU1oWll4N1VrdDg2dWlpUEZGVEFlRDdxLUZXM3Y2WkhmVVRsZzdiUkZrdi05QXZqVlRvN2ZKTmxRZU80ZWduTFFlcFpybWMwbEp3eTZuUHU4QXBhZw?oc=5
2026-04-18 03:00,The Motley Fool,fool.com,3 AI Infrastructure Stocks With 100% or Greater Growth Rates,https://news.google.com/rss/articles/CBMimAFBVV95cUxOTmtUN0s5U1BRVDYxLUVSekE3MWdocl9HWkU4RTdRdnZoWWFzVTJYUjNTRHhCbGszcV9zcV9IbnVpU1hDRmlXVUlIMHpuVVQ5b2wwSTZUcEFlR2RBN0ZnNFlNMmtEbnV1VlJFNXJSN05FNWtDZ1RCTmpGakdGMHJFTUFlNmVrdjN4ZnJqVTd3UTZvWURRUS0yUA?oc=5
2026-04-18 03:00,Yahoo Finance,finance.yahoo.com,A $6 Billion Reason to Buy CoreWeave Stock Here,https://news.google.com/rss/articles/CBMimwFBVV95cUxPNWNWeG9QdzY5TDBGQWNENzV1bGlPWXZWbEhDZVhFQklBWDhzV1F1Y18wMWdBZjNpMWdPd2FXQk5KVW40Z1hvLXFpRVR5ZVJHUTItUXd5NHZMSTdoV2FiVU84RDMxdk94OEc0Q0txM2ZYdEg4X1k0QkpuNWlhUWpHbGxtVUMzNHM3RDFPbmg5Y1FuRVQzN2tqRHpmcw?oc=5
2026-04-18 03:00,Yahoo Finance,finance.yahoo.com,CoreWeave (CRWV) Price Target Raised to $156,https://news.google.com/rss/articles/CBMioAFBVV95cUxOQVB2aDlfQ0tUQ3FfNGdCeUpzTjZOMThxT1dQVWFJaVhGZHNRVDRlZmtjYUt5alNvTGt2SlV1VzhwV2VEWktJZi1yLXNSNXlBc05waXV2a1RBLXdrOGc1U1llRHZLdHhTNGxjaGpWM3NBVXVIYnVSUi1jeFl1NXlKb0RVOTF4SVFrVEUxWTZjeWE0THpVajA0eWRvcFpPa0o3?oc=5
2026-04-18 03:00,Yahoo Finance,finance.yahoo.com,Jim Cramer Shares Why CoreWeave’s (CRWV) a Winner,https://news.google.com/rss/articles/CBMinAFBVV95cUxQNV94V2wxRmQ5QjNCRXUxUDNydmg4d2wtMGNTVFNkRmxZQlhVa3F0SDdkOURBSU9xVWN5azUxSWxiRUhHVDBIcFNMLTEwYkNmRDIyaG9heDUwOTBDN0RKTHI5V0h0RnppQVl3SV84aXZrT0dpbE9INXNSdk95MUhYWWZxcWw0MG5xS1FPdGZxQzNjQU56WDlla0o1ZzM?oc=5
2026-04-19 03:00,The Motley Fool,fool.com,"Why Oracle, CoreWeave, Credo, and Other Top Tech Stocks Surged This Week",https://news.google.com/rss/articles/CBMilwFBVV95cUxNVkpDQkdqLXNtYnE4SmMwdml4U01QazREdjlKN3Fzc0FOUzhWd1RCTkJNVHdPV0xrT2NRZEN0VFBTWmNUX0xzc0FaSjBXak5vb2VKRl9DVUJrU1M5OEEyRzVDdDg5aXFnanhPc1UyMTdSVDNPYTFKXzNjTEpCSmdCTUh6US1HMXBVdnUtWWFSREpBNGdOdE9B?oc=5
2026-04-20 03:00,Benzinga,benzinga.com,CoreWeave Stock Up 50% — Expert Sees More Upside - CoreWeave (NASDAQ:CRWV),https://news.google.com/rss/articles/CBMiwAFBVV95cUxQQ1gydzZLM1RXMzU5RTVibThjNjBPN0pWLWxybzFFN1VFNDNKNnFSUEROYnBMVzg2LWVKMWlrWVFDVWpYd1dLVEVKV2VGZVQzUlV6REp4dDczT2dWcm1rOFFTSkJKM0d4QkFtUnpFQWgwUHNjZVpDZ1pUQzNabDN4Um1hR0xFOHRYV2ZJdjRCUWN4ajU0Y1ZxeXVTMEl2eEZUSnJMWWNnbDcwWm0ybHVzbWVkckhfZkpSV1k3WEI1Ync?oc=5
2026-04-20 03:00,Seeking Alpha,seekingalpha.com,CoreWeave: Hyper-Growth At Any Margin (Rating Downgrade) (NASDAQ:CRWV),https://news.google.com/rss/articles/CBMimgFBVV95cUxQbkU1T2dTajFiMFJoNU5BNU1ZZHF6bXJ3d1o0b1hJd3ZwNTYybUVXMHZybnFZRDZRUERzcEk0cWZZRHluY2VqSWNtZW14WEFtTEJHMDNIQ19rMzBSYUdwVkxoSEw0SVNIbUh5ZXNsUFI4YnlvRWRtMHloTXNVTHMzU3BiYVZMMTgwdFR0aXVBWEpjVi11OU1EQ3lB?oc=5
2026-04-20 03:00,The Motley Fool,fool.com,"If I Had $10,000 to Put Into AI Stocks Right Now, Here's Exactly How I'd Invest It",https://news.google.com/rss/articles/CBMimAFBVV95cUxQUDZ1VXBrVW5UMUt5aExYYWJmSUhPakJzcThfLXJncG9lTW1aRlpPWjlkNkU1UmtlcndvQ0hNQTFoenRxT3BMcFFDUEJDMm5pdEJsY19YV3ZDQUd0OTI0My1Tc3YxNWZ2MnV3T1dNRWVSWm10bFBkNEZtbWZYRDBIUE1lNloxR1VHOUdyU3dNMjRXM0RtRG1aZA?oc=5
2026-04-21 03:00,Seeking Alpha,seekingalpha.com,CoreWeave's Next Move Isn't Priced In Yet (NASDAQ:CRWV),https://news.google.com/rss/articles/CBMihwFBVV95cUxPeW94T21CNWtiSjEzX1BZYXZWX19sTXIwdXZvcnNrMGJXbjdUZTNMa29BWGdzcFp2NVNJckVGTnlZR0p2Z1dSY3QzY1hvS0lPeHYyUFNUWk9zVTRRNDF1cnhQbXcwaTBOd2k2UXhYUHE5MUFxQlVuNTdxQ2k0S2E3UE1kaDhiM0k?oc=5
2026-04-21 03:00,Seeking Alpha,seekingalpha.com,CoreWeave: I'm Turning Cautious Ahead Of Earnings (Preview) (NASDAQ:CRWV),https://news.google.com/rss/articles/CBMinAFBVV95cUxOVTZHLUl2ckRTY0lSakVWdkhKZjBTNHJSWUFKaElnd0lHTWVTYUJHOWlLRnZic2xReXNkQjM1ZEJKUmFUWERta1R1eDhIV2plSHQ1QjMxWHhsSVg5VXAzNy16SWd3cmtRazhDY1VRYlYydTI1aWk4bGM3Mzk1eWN0aTdmc3gtYmkwZkxQQl9HSl9KclNBYUJQTnNGRFk?oc=5
2026-04-21 03:00,The Motley Fool,fool.com,5 AI Cloud Stocks That Will Make Investors a Fortune Over the Long Run,https://news.google.com/rss/articles/CBMimAFBVV95cUxONG1yLVFiNlNybDR4S1F6MU1wQlY2bDRabENzalJqNEJ4NHZUdGVjTm9NVkFKRjBYWm9Ia3k2UXVRbks2M003T0JlZnVKM0RLRW8ybUhyR2NhcUF1eV8xa05xbzVuM21pY1oweVJ1aE1pbUZ2T2ZmMFNGai1aTEszaFVoMTZib3Y5LW0xODZwdHpBc1RtYzJFNQ?oc=5
2026-04-21 03:00,The Motley Fool,fool.com,Better Buy: CoreWeave vs. Nebius Stock,https://news.google.com/rss/articles/CBMihgFBVV95cUxNb2lZSlFlOEtBdUdfQXN5d3hUYzYwVkZCSEFsdWl4X2pPU3Z4Rlo0U3UxTFR4RW5UcnMtZ2JaRDJzcktqNDUyX2VWWE9xaHMtQURBdlBJeDZjcEJoWkwtRi1lU0RpZzVCOXBYWlhpbTJpZ1RwX2lYc2ZHempqcHdBY09iV2NWQQ?oc=5
2026-04-21 03:00,The Motley Fool,fool.com,Meta Is Spending $48 Billion With CoreWeave and Nebius. Which Neocloud Stock Is a Better Buy?,https://news.google.com/rss/articles/CBMilwFBVV95cUxPamwzTENUeUpSM2Z0Tk8xRFFNa002ZnF6aFlDX3oxUm5tQnFzazg4a25HOXVxdVR3OUUzTVNhNmVQS21uSy0zX2VLNUloQW9yU0JMN3RjWlpQS0hWX3NHcnlxdGJFRTlKeXd6MDZJUkN1bHRDR1lTNVdTTDY1S0Y4Y2p6YWpaZHc1a2U4SXF1LWZhc3FYaVBN?oc=5
2026-04-21 03:00,Yahoo Finance,finance.yahoo.com,CoreWeave Is Issuing Billions in Debt but Shares Are Up 64%. What’s Going on With CRWV Stock?,https://news.google.com/rss/articles/CBMipgFBVV95cUxPZHZVOFd5WGFvVVZJYjB4VnlINTRfRUg3eXVFa1NfclU2NzJMY3E5Y3VNelB3SGtuRHVwcFVoTW1La3lhMjlQSDdUcG00Vm1qN0IyR2YtTVRCTEd2NmhfVmxRMy13Y09meXJfeUhPcU9YRFNIUklMd0hHM1JQRmpSVGdwVE9uMzdPeDZjRnJzbEs5TmdBOVJBSWMydUJMbm5fSVUycUtR?oc=5
2026-04-22 03:00,Investing.com,investing.com,CoreWeave CDO McBee Brannin sells $5.3m in shares,https://news.google.com/rss/articles/CBMisgFBVV95cUxQM3psaWxwYlowR3N0OXVlZERoUFhoUjEtenZGdEJERjFhX0YyRlpBcjEzQU4zMzV6NE9jZTg3MVVqemYyZl9qSl9iYlU5X0lSQWlGMW1ia2NYelQ3MjREUUk3QzR0eEhva2F1YkFXMEtzeHpnU210QW9GbGNmN3p1bDlrdk45SmdwaFFBRXoxcGJ2eks2dUpGYVdrS3YzM29lRmhENHVLM1d6b25PN2NLSW9R?oc=5
2026-04-22 03:00,Investing.com,investing.com,CoreWeave CSO Brian M. Venturo sells $130.4 million in stock,https://news.google.com/rss/articles/CBMivwFBVV95cUxQNjB5LTRuMF9kR3c4aVY1NEhJRTA0RjE2RklLUkJEa3ZtMlZjTWZfbmxMb3Z5Rjc5dGlRLUJoVEp1ajVuS1lNWUhIdmM2dUk2T3NyaDhpdEtucWJudTd4WEhRUDVjS3lMTXZvT21UYjZ1c1hCWUZ5YU5ZTWpTM204azRkeGdrTlZ5dkg4dEhnQjIzWVZVZ0lwQjZsMlBqek1MZzYyeTB2YzVRRTFmU0hrMWRhYXo4VV9Jc3Mzeml2MA?oc=5
2026-04-22 03:00,The Motley Fool,fool.com,Prediction: The Nasdaq's AI Stocks Will Outperform the S&P 500 Over the Next 12 Months. Here's What to Buy.,https://news.google.com/rss/articles/CBMimAFBVV95cUxPN0tpdkJGZzZmZ19jUEJfUFB0SkFST1RicEZyWTVtNy15TTNRYWVGaFdqTUFIZG9haDJxR0poTl9DVldzN2xqUldMNUEwSVBpMm5rU05iM3c1MEZZRVRpUUJicFJRamVoSjJtMHFDT3JxcHF4MmNmb2tVR2taWDlzcmFiSGVmVTZfd2JONmV3RFQwcFBSN0o5WA?oc=5
2026-04-23 03:00,Investing.com,investing.com,CoreWeave CEO Michael Intrator sells $35.8m of company stock,https://news.google.com/rss/articles/CBMiwAFBVV95cUxOQUJoQ3JRRjJxaXJGUHBUN3kzUTNQRkVtWHFjTzl4QUpjSUc2WWx0TkhVdkQ3VkRyei1HbndkbFVUQ3p2UDBNTGlhU1JyVXJSSDliaFd4dzVVaFRBa1BrUEZpUVlYeDk0UVBmMzFWNU02NFhmVXRlczlPSkF1VUNHSzZEWnJpZ1hVRkpJSWpPU19IVzRMQW5Sd1ZXUjVtYkFrU0NMTGNFRTJfUXpkR19NSDVVYW0xYm85bTAtMGlXb2s?oc=5
2026-04-23 03:00,Seeking Alpha,seekingalpha.com,"CoreWeave: Demand Is Locked, The Buildout Race Starts Now (NASDAQ:CRWV)",https://news.google.com/rss/articles/CBMinAFBVV95cUxOSHM5WmJlVkI1Y1dQcTRVYmg0ajRJTTFuOHk3Umtqa3ZJN1U0clZSY0tnWkYza2txSTBHVVJkMl91Ui11THNwMHRNR2FMSE1mY2Y3UkpKTkhzWXdfUzNGamZ2VjZzNXZOakxFWkZxMGxEZWh1WVFqbzBOMFhlNHlmR2NsRGJRekZqVDlvOWQwZG9LM2l4blRwUkNXMzM?oc=5
2026-04-23 03:00,Seeking Alpha,seekingalpha.com,CoreWeave: Implications Of Relatively Low Depreciation/Sales Ratios (NASDAQ:CRWV),https://news.google.com/rss/articles/CBMiqgFBVV95cUxOSE1tOGlfWDBPMzRTWmxUUURiQVd6ZHNBOTVjZkpnQUpfNmpkSDBhWGRKaHpfQ1QzcmRFaVIwY3VrUmtSLUFQVUIxMXExV3hSTlFuNHByVzFTUGpqSWFpMHY2QUZLY29OcTIzakl1Y3ZuakdhSDg5TVp6Z2NyNVlfX0pEbVZBZHhsbkt0WUFuYnBmMG9FQ1ZXU2o1OW9ORm9oUEt6UnVvM19Wdw?oc=5
2026-04-23 03:00,Yahoo Finance,finance.yahoo.com,Jim Cramer Spills The Beans on CoreWeave (CRWV) and Short Sellers,https://news.google.com/rss/articles/CBMinwFBVV95cUxOc0d0ZjhnMnhUQTVTZnZMNHFpbllxV0xvQkhSeXRfM1A2dDBWNWgyRnFFWFhBcXdIdGtxblhRNnkzRUp6N3ZWWVJRanBvZ0JMQ1pOT3VGeklOcWJGcE9YQlZZVDBqZ2VoUzMzVGxJV3JaTDc0TUxGcmF0QmJTd2tCMmJjbkM1OGdTMkN0SFVXaW5EN0dvMEN1Mk9HVkpvc1U?oc=5
2026-04-24 03:00,Investing.com,investing.com,Magnetar funds sell $36.2 million in CoreWeave (CRWV) stock,https://news.google.com/rss/articles/CBMivAFBVV95cUxOYjM0ZWRGMzdqZ1drZE1lcGJwS0l2dnhOZEVkdzVvUXc3UFcwVUFrb0hQX1JQOXBsRmcwVWFIbkxOTzdqZjNRcnpsNVZDVjR3V3Z3Wm9vb2IyaTFiWjV1Q19hNEZSalhOT1hvWVBUZUFESkl6b0V4S2tiRzhPVVlyTmt1R05EeDJwU2x5eU5rekVyX050U21XU25La1lPUjBfYUt4TmhwMTBUdk51QzZBeDZwcG5GaXBEN3lQbw?oc=5
2026-04-25 03:00,The Motley Fool,fool.com,Artificial Intelligence (AI) Prodigy Leopold Aschenbrenner's Situational Awareness Fund Owns Only 24 Stocks. These Are the Top 7 Holdings.,https://news.google.com/rss/articles/CBMimAFBVV95cUxQX2tkNkhNRVdVSGVNZGtQcFNGVGI5THZ6LVpud0NpQlJLcHpjVndBVUtLNEdaTEQ1SjFOVUliYm81ak5aOWFyLTByYkVaeENIUjByTG4zNDd2MUxQMGdKa2tuaGpHYXNvM1ZqeDM3eEpfTDIxTDNFWHUxVlVpWlU1MUxhNnA0YVBocHB5MkdETjRGWUJNazVTdQ?oc=5
2026-04-25 03:00,Yahoo Finance,finance.yahoo.com,CoreWeave (CRWV) Valuation Check After Recent Momentum And Pullback,https://news.google.com/rss/articles/CBMipAFBVV95cUxOQzlHVHJ6UmR3X2RHeFdYXzhZNXVQajVsb1dZS1dhQ09IU0ZIWlROX2JqaGs1YTkxWjlxQm9vNDhpMnZTckVTSWxXRkw1alA4cjQ0ZGRUd3BRSGstV3NQeFFoOEdSTWJweHBnZzQ0Yi1MYzJrcExZUkZtUlR1cEkweDRHV1F0Q3NiRlpHTjA1aUN4bFQ0YklPNVRNSHlscFh0OGRHaQ?oc=5
2026-04-26 03:00,The Motley Fool,fool.com,The Nasdaq Is on Fire. Here Are the 2 Best Artificial Intelligence (AI) Growth Stocks That Still Look Cheap.,https://news.google.com/rss/articles/CBMilAFBVV95cUxOZ0FGcktBNFFfODdha3lIaHNFMF9US19BV3VuWmQ5YnRnUS1UX3dGSzc1VVNyV1NFOUxuV2FlUjRHNm9hbHk3cmJ4dlVjY0xnX0NDdnNWLXFjM3lZeU5keTNPQ1BnU1p5ektFbEdjZ0d2d0pZSkNMeXNoZFd4ZkhTZFdpZXpCamMwb0Z1azh1V3E3dXRh?oc=5
2026-04-26 03:00,Yahoo Finance,finance.yahoo.com,"Is CoreWeave, Inc. (CRWV) A Good Stock To Buy Now?",https://news.google.com/rss/articles/CBMimgFBVV95cUxObjctU3gxRXFFeTFXNm83SHlFTEFoTU8wTEw5emVnaEM5MFEwZTg0S1pHak1mQ1R0QlR2aEIyYkR5SmR0V0dFNFlnNzRkanVZWTZ6U3dWdXlyUnEzM1ltTklJQjJOX1lBOG12QzN3SzZ3UmQ5M1ZtUllUejRVSm92enBKUG5Gd3VnZ1hBS2NfbGdKU2NxUXNBVnN3?oc=5
2026-04-27 03:00,Yahoo Finance,finance.yahoo.com,CoreWeave (CRWV) Partners with Anthropic to Provide Infrastructure for Claude AI Models,https://news.google.com/rss/articles/CBMiuAFBVV95cUxOQTJKYjJxNnV5YVBzUVNhYjJhTlM0clhxV2ROTGFkdThhRVE0cW81WHpKUlFDLWY5bElhM2hjUldqVDJweW1OWkdSaDZsYWJfZWh3NXV3ZjJ3YWFTVjZjUktCbU1RYlBhZHpYNHRUempEQWFQdVFQbXBEY0tPRmZsMzlWRUV0VC14T0MtSHRWdjlpSXk3M05FRldJWl9zYUlaTGpScW1yam9WN0ZnTl9nOEFJeTZVWW9G?oc=5
2026-04-27 03:00,Yahoo Finance,finance.yahoo.com,Jim Cramer Reveals Whether CoreWeave (CRWV) Was a Short Squeeze or Not,https://news.google.com/rss/articles/CBMiowFBVV95cUxPY2F2U01fMV94cXRsS051MnRSM19yS0lpMmpwSXEwYllvNTlBU3dWSVpiVnlHSEhfc3NSUEpzbXl4akZDMXdoOXFXWnE5V29WSW1jWlhSOHVTUnBoUzJ5WTl4ZkxlX2ZSdElTS0E4QjZEakR4Um5DbTMwWV82b2xpQW91bnZmbnBPWjd3d1REa2QwR2N3QTE1cDE4V0MySUhfUTQw?oc=5
2026-04-28 03:00,Barron's,barrons.com,"Oracle Stock Drops on OpenAI Shock. CoreWeave, SoftBank Also Hit.",https://news.google.com/rss/articles/CBMi7gFBVV95cUxOMnRzSkF6Y3NlR0hFeU4zX25uNktIRmVjS2ozSVhIMkRkb3o4SXpCQWYta09nTHVEM2FHdW03dW1UekFmWl95LThxSG12VFlRYTVQOFE1QVJQcmp3UktfdXA3Mk8wWU53blA0UHYxMGhxLUdJempIU2dwNGRoOEZqLU5jMHVhS0ZIU0Exc2d6bmZ5RnlJSTZ0UFg0Nm9ZR2t5bWx1NTE0TUhGdEhWTmVMM3FNRWJaci1velNxYm5tcjlKUmZkSGprOGdSYXd6emNscWxaRGtqQ1BiU2dXbmVIT2JmUGxJRTVKVGlxZFJ3?oc=5
2026-04-28 03:00,Barron's,barrons.com,Oracle Stock Is Paying the Price for OpenAI’s Failures,https://news.google.com/rss/articles/CBMijwFBVV95cUxPUEVwdWE1S3lVdE1NTG52NkFBWWF3SXgtekdGd2JQREt5WnQ5LU9yRkd5YjVMMTMwRk5ubXg4S3hNNlVwSlFOenJrYW5BbDJua0JJY0tZeW5GVmVQVV9sOWR4cTZURmJVLUM3cUZCM1Ywem51Q1VKcy1uYkVhekFHbGFQem1ncFBKZWV5WF9LSQ?oc=5
2026-04-28 03:00,Benzinga,benzinga.com,Why Is CoreWeave Stock Falling Tuesday?,https://news.google.com/rss/articles/CBMioAFBVV95cUxOa3NYUUJBN3VrUmpES3hiWkhiRlQ4SzluSVhoSldPR3dZX2tSVTJodWI4Q3JuQk1MVk84ZkdMODY4Z1lSeGlaWlZBZy1XbHlEaGYwaWlCamtmZWVsbVR0VVl0MXowVEFBb1ZKbjJ4Rl9xX1NFNDZkV1dVdXJnSUxJTTFZSW5NWnJGS1EzclB4bGpXZFNzOERydkJBSzJCanFT?oc=5
2026-04-28 03:00,Investing.com,investing.com,"Cathie Wood’s ARK buys CoreWeave, sells Bullish stock",https://news.google.com/rss/articles/CBMirAFBVV95cUxOM2ZVU2ZLa0c1UDYtVTZRZ3JNUjMtOXBkRVhqOU5pNEh6MDJHSDNHVWNpSGR2b2FkX0FzMEU1bDVTQkNQbks2eWtLNlBTWXFHVTh3LUlqUjRWZVdJYkxUNHdfS09hTTdQc1ZFUnM2bW1sVUtYeVNzTF92TFFnbnphOEJTNWYxcXhvUG1yeDBHTnZDeXlCa1BxTHptbkdNeGhlN2ltOXNUMlE5WVFK?oc=5
2026-04-28 03:00,Investing.com,investing.com,"General Motors, Coca-Cola climb premarket; Oracle, CoreWeave fall",https://news.google.com/rss/articles/CBMiugFBVV95cUxNeHo4ZkhHNTFocjlGUVY1eWFoZHJzRXlOU3FqSy03TUJST1RMemZ0cGRXRTF4YVQ0UlVoUmlzYjZyeWp6eDB1akhrbUF6SUpndnRrOWs1WU5KazNRSmtTazVGQ3lyMF9hQUxlRGw4ZzR2eHV3Q0Zwa1A3V0NSTV92T01ENFRjMDFDSVpJM3piUVZZT1BzcnRKUEloWGhWbXNaU3hPZmJPTm1McDRvNmloaG5DVndSMFlSNHc?oc=5
2026-04-28 03:00,Investing.com,uk.investing.com,CoreWeave highlights customer diversity after OpenAI sales report By Investing.com,https://news.google.com/rss/articles/CBMixAFBVV95cUxPZU55Vmk4WUpPQUZ3UTdyYTk0UVR4anZpZ3NfMmdycUNhaE5NRWlqT09TLTZ3U2FwN0tyd1UyUEJMak82NWZ0eExMMzB1OHFwNndyYzhobGt5QmdLQjhPOTF2THVhaU9FWFkybml0Q25pcjNPYW81V29zX21rSDA2ZFFTdF93REFqeXhXTk1uM0RuU3F2S2JMdVFDYWRFX1dXRzlfaU05Tm4xUFRsTVREQWlaZWUxX0RQRkpSNU5zRUg5WDhT?oc=5
2026-04-28 03:00,Reuters,reuters.com,"Oracle, CoreWeave lead AI selloff on OpenAI growth concerns",https://news.google.com/rss/articles/CBMixwFBVV95cUxQZzhBYkt1cUNmMmJzRWZxWGRTb3hNMm02LXN2Z2ZfMUN4dmNyTmV0ODNPRWRkVXlrM0pGNFBpZ3R4X3QzdVV5YW5vaWszSTl3R2IxaEtXaHBib09qMTNjUktjMEVzVjlrMkRVTGpjQldyQVVqekFuWWpQWGZfbVhjQlNtRkNvdFlpbWhhOWtfZTdZVUd6cWMtYnA5ZC0xNHc0eUNfLTlBYUxoUkt2OUpxY2V2NWF4SlNkN2xEN1dkOEpQRDdfM0RJ?oc=5
2026-04-28 03:00,The Motley Fool,fool.com,Should You Buy CoreWeave Stock Before May 7?,https://news.google.com/rss/articles/CBMijwFBVV95cUxOZTVtV2ZwSzJxckkxQi1xV3c5NE5aa1pVekhHVElDYUpaWmZSQzE5OE1qQ3ZGM1lXdHZ3bFJ4OW9iU2JsYjNaSmtUZWFOSFVUSHlNS0lwbUpIUWpHWDBLVHZ3aV93QUZGeUlvVVh4eVRlRFBxZXFmYWNkQXRlbzhOcHBuRlBBbDF1UmNWMTl6Yw?oc=5
2026-04-28 03:00,Yahoo Finance,finance.yahoo.com,CoreWeave Anthropic Deal Deepens AI Ties While Raising Capital Questions,https://news.google.com/rss/articles/CBMiogFBVV95cUxQYXlfX1VRb0d6aWxNcFlZR24tajNCMkxNYU04TDVUQks5TS1jeFBJVzVILXJrUjUwbkFvYnEzTnUtaWlPcnVlRVpQMVViS1lzNW5xU1NjcnB1Z2l4bDkyRVdEQmw3ajRFU2lTSXN0dV92RGs4Y1VPMUl1MmZLbEhDak1PLXZ3MUNVZC16WFhPeEdkcnRBQ3hKZFN4dVBNRlg3dGc?oc=5
2026-04-28 03:00,Yahoo Finance,finance.yahoo.com,"Oracle, CoreWeave back OpenAI after report says ChatGPT developer missed sales, user targets",https://news.google.com/rss/articles/CBMi4AFBVV95cUxQMExGYTY4c29xM0h6SGdqcW8yMUhTTkFwZy1hSklnd0p1VHJhR0kxeWkxZERDM0h5WDZ1OGc1Y2FBV1NCN0xKckc3ckxyV2lKdVFIVjNwb2E1ckNHMXJmaHoxNm82WmI0SzNNQWxWcHEwbkJwNWYyTzdYREU1Sm95dmdoUXhxUkxNTzJIcnZTVHhaeExZVlV5aVBrUmhPN2lURHFGbDdPM2J3Z3EzSVRoN2hSYWJzVXhIYy12dGU4TmdWM3ZHRUYwd3FiSk5yLVgtNmJCcTZBZTNhNWhRbVhWdA?oc=5
2026-04-28 03:00,Zacks,zacks.com,CoreWeave vs. Snowflake: Which AI Data Cloud Stock is the Smarter Buy?,https://news.google.com/rss/articles/CBMirAFBVV95cUxNMWRfVVpRemItd3JaLUZZQnczYmJWNVE2LThNS01lN0NYWEJlMTJQOUxIbHZ4U1RVOENVcUVCdFp2ZjBPbVJ4QjlpVDlOcVlTN21fenJvQ1VDMmZHVDRzVFU5R21vRkpHTXd3S2l4cVNaNUhhYVh4clo0aDl3dFBrV3ctUldCYnpTdUxDSGZIWVhGTURfaDFGaUtEVkFaakN3MFNiUkNLM29XM25O?oc=5
2026-04-29 03:00,CNBC,cnbc.com,"CoreWeave can rally on updates to OpenAI, Perplexity deals, Wells Fargo says",https://news.google.com/rss/articles/CBMisAFBVV95cUxQWFJZczIyZ2tWMEFUX2t6SHZyS2Z0OE5XVlR1eVE3c3UtOGlOMzFiQWFCNVJ0a0RKR21Tek52UEEyVWY5UjYyeXVubEJnWFRIaWh2dWtlUW1TQmVkbVEySW0zVlp2VVhfenlCc01BdjQ0cDczRmo0QzBZUmc3Ml82V1kzTEJGdlcwdHRQelRsN0s0OFdJM0pqVzdXYUd2Y3BSZ2d6UGxTbVZ0S1h4dDA5bQ?oc=5
2026-04-29 03:00,Forbes,forbes.com,OpenAI Is A Third Of CoreWeave’s Business. What If The AI Company Can’t Pay Up?,https://news.google.com/rss/articles/CBMiuwFBVV95cUxPc2htNGZsS0JQUHdHS1hqVWRoRVVmSk9JcDVScVZTa1VPYmxoT3J2S2hscmxTNUkwTzZTd2FKRHc0U3dqdFg4VXJqaVVqbURGSXF0R2FnQ2J1RXlYWnlmQ1hnU01wZ3BXajEtVWNraXJ0TEZCM21GT1NoSElIM253ZTc4V1B0c2ZzMXVmaFZPTmVnUFhOM1BUR1VkRlljUHBFcTBZTG1JNzBSeXlhTHNuN3dlUFk2ZDlDaUU0?oc=5
2026-04-29 03:00,Investing.com,investing.com,"CoreWeave EVP Goldberg Chen sells $531,823 in company stock",https://news.google.com/rss/articles/CBMivwFBVV95cUxQVjlDOTM5d1pwZjhRa3R2ODJxQWVOQ1RJSHk1M0tnN1RKLWZESlZlR0JIQUhMeUtucUdONXRPMUVQODNyVGVlMzlzejZ1WlY2YzI3Q1dFWTVLb3BaaVdyaGlNUU9zQllwWnBudUFxODh1NzNzSDRqR2tMbHFYV3B4ajROUjFYMVJYTEJZY0lRWFpmVzdjc0VwZEZUN3J0OFR2UEVCdHdINGtOVkIzUUlQZHVRN29RM1V5bzg0SjVPWQ?oc=5
2026-04-29 03:00,The Motley Fool,fool.com,The Best Growth Stocks to Buy Right Now,https://news.google.com/rss/articles/CBMiigFBVV95cUxPdFVrakJIZmdDdi13R0FWWkZORm01OTJXYUY1RHloWEtUVlUybExqbDdrSUhjNEtmSklrY0g2Z0lMLXBUVnJsU1ViNTE5RzExOUpkVnBtVjZiYTdmaXJVNEJmZnhXWE96cHg0N1d2VUZwRzM5ZFdtaGZ6dlRNc012TFNiZ0kxczY4SXc?oc=5
2026-04-29 03:00,Yahoo Finance,finance.yahoo.com,Why OpenAI whiffs should still worry Oracle and CoreWeave investors,https://news.google.com/rss/articles/CBMiswFBVV95cUxPRWRWYU8yNEdIcFlKYkNYczg5X2Vka0ZiS2l1TThBVkZRS3NqeGpsU3RJamJaVXdCVmlONHhCa3labTVCaFJpejJfdmw1eFVKWjQ4MzlKdG1WOVE2WVRWSEJOR1kteS1LUFB6aldGczV1ZkZTTldLZWFwMGJJbTlZTmU0cmJON1RXR1pjSVoxczJLNTlFc2RiT1VFeTZuekZrRXhIMUVqbU8yZXNCRkZ0NWVxTQ?oc=5
2026-04-30 03:00,Bloomberg,bloomberg.com,AI Debt Investors Show Signs of Fatigue After $300 Billion Binge,https://news.google.com/rss/articles/CBMitAFBVV95cUxQdUtBclZYaV83TUZfWDJFNDhlTjQ2aUZ1akFXNUp2NFVTTzBXa2drMEhRVlpHS1hFc2pwSHpPVFl2YmJYbEx0YlNDT1hOSnlsS05kUjY4T1BIYjBlRzJwamFIRjZxdVQyQTRHTmJrTzI5Tk1faDYxZVNnbG03SmhGT2NVVGJsQVllVy1CZ2xBa0VxZWpZNW54eWE0VFZlNnNvdzk1SjIwd1V5RTlnSjdNLVZrcDU?oc=5
2026-04-30 03:00,Investing.com,investing.com,CoreWeave CEO Michael Intrator disposes of $32.8m in company stock,https://news.google.com/rss/articles/CBMiyAFBVV95cUxPRjlER1VQUElIV0owcDJyeHVNYWJZdEJ1eEU5X204VGlGaF9UNDRsRG5LWmVLTnNURUtzRWRINDlDOUhWMVl6MnJEalFheU9uMVY4WUxCX2dvUDkwSUk4VHVobjZfandsLTFwdmtOWUpKNzMzaVUwRXN6cWRaU1FFaDdtNUVQdnc4bS01OFA4TG9fZmpqRHA5c0VTQkFEc3BJY2JtNXh0cGZqbnZEUFVmbmtYT3VkLVFJR0djSjhFQnY3ekp4cTFRWg?oc=5
2026-04-30 03:00,Investing.com,investing.com,Wednesday’s insider activity: Major buys at IperionX and CoreWeave,https://news.google.com/rss/articles/CBMixAFBVV95cUxOM3ZsTWtvbW85alllWGZhcVRfb0F5QXp6TEs4VURBVGx4YUNyVkQ2SmN6TjNMSHhjWjFuZGx2MTVwOXhiZ2VQazJGSE9Fa0g0NUhqVzRJYmQ4U0tOclEyb19BR2k1R3VGQjdLTWtvWFpUSGFLLS0tdTI1emprQzJUV05oN215UjJ6NVhhTm45OUpJQ3k3ZHZKSkgyZzRCTjdlbU9CY2VndWF3c1RMN05ycXlpcXpDZGxRUndJRWxKZzQ1TUVt?oc=5
2026-04-30 03:00,PR Newswire,prnewswire.com,"CHAI AI, Backed by CoreWeave and AMD, Hits $80M ARR with talks of $2.4B Valuation",https://news.google.com/rss/articles/CBMizgFBVV95cUxPcmpOTmlWNnNvMDRsSjJwQ1oyeS1ubURSYjR3RlpWeDJVbHNqNmViSGdjMm1KVTlTUGliVzhMekJMTVd4TUhaRm9UaXFkV1JTYkVicU5kcGxyM19qbkRJU2NBRVpyVW9WUFpteEpuNjVlWTF3X1BjUmpTTFpIZnM3ZmU0SktWa2tlQUVseS1CdGZybDhRSklZWmU0Q1ZodDAzZ25FWF9tbHRPcGtVMEd2TnE1bVhscmtLWEkyekdENllPY0M1THFkMVB5cUFJQQ?oc=5
2026-04-30 03:00,TheStreet,thestreet.com,Cathie Wood buys $18 million of beaten-down AI stock,https://news.google.com/rss/articles/CBMipwFBVV95cUxPZHQxaXhlNm1haHN3WE40Y0w3LXdoeGt0LTFQQl9pbmVjUkhaTWFBQ2tjVUhFWE9QQllRekJGczFSOGxYMVk2RzBiLXJodmVjVHY4cnRuYnZGSlFPQ3R4b2tmTXliRzlQcnNQaUJ6REtQMWZSR1VrRlRvdW51bFZQbWFjQlY4MzEyNmNxZFlRaUlHV1J6Rm9HMWdyelI3SnVzT3ZhZUNBQQ?oc=5
2026-04-30 03:00,Yahoo Finance,finance.yahoo.com,Earnings Preview: CoreWeave (CRWV) Q1 Earnings Expected to Decline,https://news.google.com/rss/articles/CBMioAFBVV95cUxNa2x4Vk5uNFNYRzJCN2FHVnZlZTVyTnUxZ3BmYVF0Ung4VnpnMlY0QUFrbHBxWmt6bS1NNUwxVnNSR3p1VzRrakEyckZ1WUxIRWoxWXNpNXZZYUxXdUY3THhfMWp3eG5Sal90UnpQR0oxejhkR1RfT2xkcHpiN25XWUozaU9VN3JBN3VZZkxORVZuemI4Z0pQX1VqeGhYS0dp?oc=5
2026-05-01 03:00,Investing.com,investing.com,"Magnetar affiliates sell $773,501 in CoreWeave (CRWV) stock",https://news.google.com/rss/articles/CBMivAFBVV95cUxPbGtBX1dQYjFaSFUxWFRPSm5ScFJXTFBfdzI0Zi1NLXVkNTVocllvME1ROXVGeUNaWF84Zzh1SFFNcXJxYmtTQkg2OVFQSDZITXpLcU5yOVB0NHplNDFxeHhIWDBqdTNlUkJJSUZDZFg1TS1PS2VYS2thVm5CNjByeGxfRlRMZDVXM0NRLTVBR1k4TlJkYXFYakNsTE45N29vLU9vZ2pDSU1pdzc2VE43Ui10T3pWb0pJUEpWbA?oc=5
2026-05-01 03:00,Investing.com,investing.com,Magnetar sells $25m of CoreWeave (CRWV) stock,https://news.google.com/rss/articles/CBMiqwFBVV95cUxONkNXWXJWQ2tDMDVEV3Zjbk93QWhNNnlsaW9LS0wxQ0F0S2dhY2FaUXI2ZjdmWFgzMlpRamdyemVmOUVxU1pqNENwd3l0T1ZCUHZOZXR3ZGU2bFJ3TlNDM1hIaGVBOTNpTUpmSFFlMDBfdUJ6U2E3b0Z4WjNOcDQwMjFxWU5KOTB3N0ctX09zd1JsNHBSMmNWY2RuZDNaZXpPYW5UTVg5bUlCcnc?oc=5
2026-05-01 03:00,Investor's Business Daily,investors.com,"Palantir, Nvidia Partner CoreWeave Headline Earnings Calendar; Lithium Play In Spotlight",https://news.google.com/rss/articles/CBMiiAFBVV95cUxOV0hPZFpPTjJyN1VsN2Y4WDAzVmlCWEVOanhzQXg4X3BNZUF6SlRaQnNUUllCazVsS0NLQ1FUZm41X1ctRzMzSUJoN2s4bVRJalhfRFJINkZWSkNkVXhlNmZwWVQ3MndQOGFNcDdSM1h3V2VDcU5kT28weGZQQnFVT29SVzc5NUZX?oc=5
2026-05-01 03:00,Seeking Alpha,seekingalpha.com,CoreWeave rises as Citi ups price target (CRWV:NASDAQ),https://news.google.com/rss/articles/CBMihAFBVV95cUxQSF9PaXFDdHpkYVY0cWVyZTJtMENsTm5ZNC1YUVBIZ1luNmRYMFBGVkxKZXNfODVfbUlMdUJ2NTJ4SWNpYzFMT3RYZl9SVmI3d2FfQ2xFYzhyaTRGSXNkVmZUTzZtTEZyaWsydHFya1ZhVmo3Vm1wZGpMTkptcGVkVHdTaks?oc=5
2026-05-01 03:00,Yahoo Finance,finance.yahoo.com,Why CoreWeave (CRWV) Is Strengthening Its AI Cloud Growth Story With Meta,https://news.google.com/rss/articles/CBMiogFBVV95cUxQMGVFRDJfTUYzWk9hbjliMjZjN3BoUXZXZkJrRkp6bU1RRnFyRm45RjBQZmQ3YWJOM09WM0I4UTcyU283aXBPNkFXWXZUZlVYamtXalZDMWRfZE5ORHNiZGJQWmRWMGV2QURreFhtbHFSUkg5WG9TQXF0UFRzdW8wU1FuUmQtaGtJc0JGUVljUE9DUEF0VFpPQ0ZmR0dwZFR0d0E?oc=5
2026-05-03 03:00,The Motley Fool,fool.com,CoreWeave's Next Earnings Report: 3 Things That Could Make -- or Break -- the Stock,https://news.google.com/rss/articles/CBMilwFBVV95cUxNeHliMmhTaWlZUnJMMVE3QWZVTktVZ3JORW81ZnFCMnVYaTNEdHh4U1NoX1dlWWdibWp0V2FfMmtTZWRnRUFqUjE3eXhfb3pVTnJ6UVV2OUFUTkpWanJVblRYdnBUNWJzeW9MYW5KMWp2cVN2OWczV0V5N2ZHUVpTaF8zMmRnaFVvX2dzVW5jaXMxVWtYZ0hv?oc=5
2026-05-03 03:00,Yahoo Finance,finance.yahoo.com,3 AI Stocks Crushing Nvidia This Year,https://news.google.com/rss/articles/CBMilwFBVV95cUxNUFpCMWpfWGw1VkVZRUI5SWhjM0MzNjZxWHAwdFJzSmdQbl84YWw1a1hFRlRCeFJ4T1RXaGstNjVZNk9IRmljU1N1M25DMU91Q1VpaGpvV3BOM3g2cDZHNzZ1Q3hHbG5ETUZGOTdybTVxaUUyckpxNUJjTi1ic29CcDVWbEh2akRoWGJ3dUh0UmhkZExLMnlj?oc=5
2026-05-04 03:00,Benzinga,benzinga.com,"Earnings Volatility Watch: Arm, CoreWeave, AppLovin Lead AI Test - ARM Holdings (NASDAQ:ARM), CoreWeave",https://news.google.com/rss/articles/CBMitAFBVV95cUxQVDZxaVVBUmZjbXo3Y054UHA3SDlLVlJkZFFFZG81OFd0b0JoQXJUWkt4WDc5WDUyZnpaVFR0ZjU0aVVOc25WT0VtQTZnUmlyVjExYW1pYXc5YzhLX3l3RFdkOEo4TU1lUE1Fd0t3ZVo0UmJSZU1EZEtscU83YXFXZ3B5UDkyRlMzZVhqbXRBTHVCdF8tSVBiQ012N2RlY0w5YmdLa0Y3SmVzR081V1ZKM0N3Y1k?oc=5
2026-05-04 03:00,Benzinga,benzinga.com,Why Is CoreWeave Stock Surging Monday?,https://news.google.com/rss/articles/CBMinwFBVV95cUxNOWhnLWF0SURoMlVyaHJMMUlOQkNIeWYxSjhSZVF5OEFrS21ubnU1OFNVVzJraG96anJnMURfckpUZlBrT0JLbXB4MkZRSnZBa1Yza0pUeGM0djBwSGdlem9aN2dxNElNa1U2SkhjelExbzZReFJyeldwbXZOUkVXTXp5dlc5eVVzQ1Rab2VFNklDemNrMFpLUGxvS3lOaFU?oc=5
2026-05-04 03:00,Investor's Business Daily,investors.com,"AI Stocks: Winners Shift As Google Leads With Palantir, Arista, CoreWeave Earnings On Deck",https://news.google.com/rss/articles/CBMitAFBVV95cUxNQ29aeTNlV1RwU21ydVNpTVRzbFNMRlpTVVBFdWlJX3FIZ0pSTGU1TDN1RUFKQUlJU1ZhN2pfZ2FPSUtoakE1Z0FGQU5rX29zZ2dwaWViRDVSUlNYWGF5c2VxM2FST3c0ZEJ4MzF3RjBxb1BUSHY2Y2RDM3kwQzlURl9Nb3NmMXlUTHlVb0VBMnlZUmI3WF93WFhFTjFhbzRsRE1tVHVndGNHa2pNcG1sdC1nVTc?oc=5
2026-05-04 03:00,Seeking Alpha,seekingalpha.com,$700B AI Boom Is Fueling CoreWeave (NASDAQ:CRWV),https://news.google.com/rss/articles/CBMif0FVX3lxTE1FVkVwaHV5ajZLQXk4M0pHMndRWktIUnpDTTRMeTh3Ni1ja1I3S00zdHhmTFl4Y1ozRWtkVjBsR3JSeWxBUk54MmZqaXNobXowdlllbloxcEdtbWN1Qkh1NkdrRVFJc1Q3T01uaFgwLWFJNXQxSDFnNlZTS2lSakU?oc=5
2026-05-04 03:00,Yahoo Finance,finance.yahoo.com,CoreWeave Meta Deal Deepens AI Hyperscaler Ties And Capacity Commitments,https://news.google.com/rss/articles/CBMimwFBVV95cUxOanZ5TkNvMjU1enlpYWhhU0VzRTdXTkN5YlhjdENMRTczb1ZJYmpINzQwNVpQc3Zfc0ptQThIVDl4b0dRNzBkOW9kYkk0VU8yRWR5aGxfWWxtcjMxQXpXTEllVnlVY2I0MlU2b0NGM0IyRzgxOS13eVUwS1VKNEROcnYzM1QxQmpRN09CaWFuR2xiampIWkYzaURPOA?oc=5
2026-05-04 03:00,Yahoo Finance,finance.yahoo.com,CoreWeave’s Anthropic Deal is Game Changing — The AI‑Infra Trade is Heating Up,https://news.google.com/rss/articles/CBMipgFBVV95cUxOVW1KMlZrT3QyWXJfTXY0TUIxdGJsWFdOLTVNUUVaa3RTUENnMHVmbFE4clc1SkxUVDlhTWo3OFFueG0xb0hzTWNxRnVFYjMxLS02RjdDbHo1b2dHaUw3OGhQN25hZk1kZVpkQVVVd1YxX29tbzFBaElvMm9RTWF1RmdpTzdCWnYtNTFSUVBzVUx0TTh5NHJsOHp1bHRhbVNIWTQ1bFN3?oc=5
2026-05-04 03:00,Yahoo Finance,finance.yahoo.com,Jim Cramer Expects a Big Surprise for CoreWeave,https://news.google.com/rss/articles/CBMinAFBVV95cUxOWHBZMUlET3Zyam1OWlcySUdrS2V1ckpyZ1NNNnFFMTA0cnlpQU9GQUVJYWZQLXFHZ2daSUhCVU9kYWExMnI4cVFId0h2RmZmQmpLb1dvMVVRbWlDT2JkVFRfNHg1aG9YZzlTUDJFbVlzUlV4OVptWmR2NGhFcDdWbTdCLURBWExFOWVOTlk5ZThjdHJ4bi0xWjJkcTE?oc=5
2026-05-05 03:00,Business Insider,businessinsider.com,AI data center executives are raking in massive stock windfalls — some are cashing them out,https://news.google.com/rss/articles/CBMinAFBVV95cUxNdk5mUXRNdzVuOVhxSDlicnZSdHhkbGNHbV8wNGVXMU9GeVhiby1pZkRHTUVXMklvRHFFRzYwblQ0dmswX0xweW5KelViRkZsQk5iOTlEeVNCaUdSRGdyNGJQSUg3M2FIdFhhbzd0NUlGV0wwemp0OHgxZ1p4cUYxNG5oQjhqRHFIZXJLRkoxS0k1VkIxYk5hb3c2T3c?oc=5
2026-05-05 03:00,CNBC,cnbc.com,"Here are Tuesday's biggest analyst calls: Apple, Tesla, CoreWeave, Amazon, Palantir, Home Depot & more",https://news.google.com/rss/articles/CBMipgFBVV95cUxNRkhIaDU1ZmRpbFBtUDQycXI4QUtrNHh2ZW54cngwWkhvd3k3Zl95VGNJdGFWcHlSWG9mb0dwbkEwenliYlJGd1pmN0VCX2VCdFBXVUZweWlTdzFRUlJpR0cxNHNoSjA2WkExb1pQOVB4aUNmNGttYXBmakhBOFhsSUFlZV96NkpFNzNfV25WVmxoWlBJUThkT1dWWmRfdF85bUhaNlRB?oc=5
2026-05-05 03:00,TheStreet,thestreet.com,Cathie Wood sells $11.8 million in Nvidia-backed stock before earnings,https://news.google.com/rss/articles/CBMiqAFBVV95cUxPUnhSZDRqNU5PeEwycFVuX3N0dVZMdGd2cUw0OTNtdEJsLWpxZUZ5VjMzUnhCZzRPbC1HNmhoblI1SGlCcjBSMl9hVlhiWXhYY041VU5vbVAtM01rXzBDMnFqN3MtcEhpM1E5LTFtOUR5bE5VdmhpMVlrWlA2UHd4cEpKLUFSTWFGRW1xTmpaclkzbWZFbmNJeTMxS1RJMklOZXpCUnFCV1g?oc=5
2026-05-05 03:00,Yahoo Finance,finance.yahoo.com,CoreWeave Earnings Loom: What Estimates Say,https://news.google.com/rss/articles/CBMinwFBVV95cUxPaktfMUhoSk8yX2ttZFgxM1EybDFhdXZrR0psdllZdTNaUzYzeG5oQl9CQUc2SXZCWVg1RFE2enBGV0JfX3lYQ1NFZHltbF9HM3ByLWdyZEIwcXhpZ0QzNTdzOERSMHpXZWRsSG05dzNyS1RXYm5mNFJaX3NCbUJMUlRFVXA4SGhPODRGdUR5TVUxUFNHWVQxZXVOcjdYNnM?oc=5
2026-05-05 03:00,Yahoo Finance,finance.yahoo.com,Here’s Where CoreWeave Proves the Doubters Wrong Once and For All,https://news.google.com/rss/articles/CBMipAFBVV95cUxPWjdjMjNoYmh1UzduZmc0NlFOSG1YNGVNODIxbHhYZ1haaVg3dzE4eTUteEtjVENTUFVNUFB4NnB6Q3N6cTluenJYbFUwbFUxUHhNU2k4XzRXNmNVVVNJbHVRU0JCSDNqWmpxRzZCSllFQXFUQTZxU0ZJYWJzWDB0LVFSeTl0OGlJd2pQcGNBQUVjSm1NbFVObzFnZF9JbU9xaFM4Mw?oc=5
2026-05-05 03:00,Zacks,zacks.com,CoreWeave: The Backbone of the AI Revolution,https://news.google.com/rss/articles/CBMijAFBVV95cUxPNngzQTdZYmJjek05UHFRUkJLZDJiV0Y0RWswTTJCa2JFd1UxVGxpNzlIZlV3RDU1QmlDZERCN1pqTFU1RlVtelctZm1rUlM3QTh2MHVfRzM1aXo5VkZPWkxHUWlKbkdjOXFoUTMtVWZtRTFHN2RDOTM1R2ZnSXlMZnlXTFNFbVZmZGVUOA?oc=5
2026-05-05 03:00,Zacks,zacks.com,"What Should Investors Do With CoreWeave Stock Ahead of Q1 Earnings? - May 5, 2026",https://news.google.com/rss/articles/CBMiqwFBVV95cUxOd3lSVEo4cDVMMWc1VTVHZXdBdGxHSTJqNFkwLVU3aFJPUGprU0JVWmN1Yi1iNlYzeDRNMUEzTTJIaGhQZl9nVWVQenMtNVN3dXg5dmV2b0RHVVUwbXB1YnRXR2hId29qSm9pWTVYdkFDc0JobEJYYmFsNTJiQ281Q25YRjhOSE02cktPNnF6c21UY0JhNmQwdDBZYVR4dm9UUHFkUndKaG9IVWs?oc=5
2026-05-06 03:00,Benzinga,benzinga.com,CoreWeave Q1 Preview: Analysts Want Record Revenue After 103% Rally - CoreWeave (NASDAQ:CRWV),https://news.google.com/rss/articles/CBMi7AFBVV95cUxPLUNoZVFkQTJvZGtKUEVCMk0xMjc5Zk5NU1VqZ0NEMEJob2FEdGoxeVk4Qk0tc0lzalJKRF9ORkpJOEdWZmdsam1BY1JoMVdJMnp5aTA4elFCcGQzek1sLUJOS1ctSmxuVzh2OE9JSURFRUNTa050MGRsRVV4YmxWYTYzeHFNQ0NabU1nQTY4dE9LVlQ2TjZsT25PYUttNnB3TmViMHFYMWlzUmNSbHl5M2ZKVHBsX0dUZ09rVlN5VnF6Ui01QmI0QU10eGVRdDY5cTU3X2JhdTk2cHVmT25sRzBhZTNjUzNWXzJIaA?oc=5
2026-05-06 03:00,Investing.com,investing.com,Magnetar funds sell $147m in CoreWeave (CRWV) stock,https://news.google.com/rss/articles/CBMiswFBVV95cUxPVWRVbDlzSGRFT0lwRHRvNnZJRms5azZvYUxHR3UwVEEtelczS3ZhVER2aVRWTS0xbGFNR1lTZjNlOUgyNWFBTHMxdFM0MzVRRkIyLXdlQmE1eFhqcEpkd3BFamJuRG5BZjZRTUZSMm5Bc05RSXU5SVg0WHRacllBdkRpRC1IemtoNmVDS1RHOEpyWW9GSDVLX1QyUWV6eTF0VjZockJEemVUQW5hVklhdWRpbw?oc=5
2026-05-06 03:00,Investing.com,investing.com,Why is CoreWeave stock rallying again today?,https://news.google.com/rss/articles/CBMiogFBVV95cUxOUTM1Y0lVWjgtblM4eHBqNy10dHk2cFdsZGFzMzZXRUs4MzZPb2xTTHRsR202NXFMTjE0S21QcmgtM2xnOUJubjdmS1ZYakY5Z0pCNzRvSm5XdC1DYkRNcWo5WUk4NmlQOUYzM1ZyeHg3NzFFUXFqR1g2RG53ek81SUdhMTBUbml5YzFyY3dqbHRKLXJlbzJhLXQ0TlJnMjFYc0E?oc=5
2026-05-06 03:00,Investor's Business Daily,investors.com,CoreWeave Earnings Reports Often Bring Volatility. Here's What To Look For In Q1 Results.,https://news.google.com/rss/articles/CBMingFBVV95cUxQX1hrT3pZZkdmbU1xQTFTSXotV0Y0am45eW02SnlQWmYzUWktbjNpNFgySFltWTFFQWZsbWhqazFNQnI3Um56NUFnamxDYXVzcloxXzN6VFo3LUVNMjNBaWVUY0FEcFhENC0zYl9FQkxwR1R0dHBaVkFyWGotRzh4Y2hscXVoOXMyTXJkUjJRdVBiMnR0eDl5QnBQaVlFUQ?oc=5
2026-05-06 03:00,Seeking Alpha,seekingalpha.com,CoreWeave Q1 Earnings Preview: Punished Or Praised? (Rating Downgrade) (NASDAQ:CRWV),https://news.google.com/rss/articles/CBMiqwFBVV95cUxOTDllQVBkWUp1dmxTQldNLTlvbHpFblJxN2g4U2FXVW1vUnViRVd4dWlvcFF6R29OLXdmcFAzNUVxOHZCbTdaWFl6R0hMajROYzFjQ0tFbjVYd2dZd2dkNFVFWTYzRW5uaTNaZGR4ZURmdHkxcnJnRUI1VXFYT2hGU3dkaE9wMkdiTTdTUTJCLXE4Q1NnUkgzOWVVbUktMHU2SXN5cVIyVWdoM28?oc=5
2026-05-06 03:00,Yahoo Finance,finance.yahoo.com,"With Earnings Ahead, Wait for a Dip Before You Buy CoreWeave Stock",https://news.google.com/rss/articles/CBMilwFBVV95cUxNN29sV1hNWldVMFpaQklGZWx0TVY2Q296dHg5dVNfSTB6djJ1alFYX1dfX2RVNi1oQkRCSUpieEFIN2Z1dGZzZjlEbExBakZQc2E5QW5wSGprYzBaSjlFWW9mYWk3bzJNOGJVT0NINXBmTkEzdFFtdndadnpuZ2FoX29xWDhTZ0dSUTBWNjJiTTl5Tk5UVzhJ?oc=5
2026-05-07 03:00,Bloomberg,bloomberg.com,CoreWeave Shares Drop After Forecast Sparks Growth Fears,https://news.google.com/rss/articles/CBMitAFBVV95cUxNQVJiWFUzZGhDMEQ0OTl6QlgzeFNzbUdPS1BzLVZyNW5BWTRtNThlTmFnQVNEMzRseVFRMFR3Q1VDM3JZMVhIYXA2T1hlbXBBdXE4d3B2YkRRRnRnMWVRTExFekxEVVp4eXlKOGdWdXU5akcweDA5bFBjWURJYmJvS0JpNDgtOFlJWUd2SEt0c29fMGZ2RmFCb0VTTF9lNGFMVXNGWms0ZWtSQ3ZWRVJEOEROcm4?oc=5
2026-05-07 03:00,Bloomberg,bloomberg.com,CoreWeave’s Stunning Rally Creates Prove-It Moment for Earnings,https://news.google.com/rss/articles/CBMitAFBVV95cUxNNnRfTGlSYmw2cXgxNXg3QmlWT0dxa1NVYlBoWHVyNG1aQ0FMSTN0X2lFdWNUYzMySGxKNDh1RjJSdUtBWDVUZTlmMF9pX3VoV2pKODhFU2Qtc1dHZVozRWh4QmxxckIzQWRVZHdCVTRtaUNyMnJXTkw3WWw1RTkyTFdOSXBVSmgzRGk0VmhwVmotemRhVFFnWGxLbmlVNlVGVm9JcXZWdXE1OTdoQzc3SUREanM?oc=5
2026-05-07 03:00,Business Wire,businesswire.com,CoreWeave Reports Strong First Quarter 2026 Results,https://news.google.com/rss/articles/CBMirAFBVV95cUxOdEpHWGpFOHF1eTZ0MjhRQXk2TGJXeUZieEhVR0E5RkNGbThfXzBoNWtPSUZMdlFFUThjRTlHQl9FakFMOFN1VnBxZ2lNdnZwTzcyTWV6M3kteHFqMktJUkdMUkhocVZXXzJENTdWYzFzbDhxTTdzel9JcUp4aWliNDJ4QVVtNkJ6WjdlTmZZa1FiY0pOb2REcFBjRDU5Y2xPTkpZNEw2NVJHem41?oc=5
2026-05-07 03:00,CNBC,cnbc.com,"CoreWeave stock sinks 10% on weak revenue guidance, increased spending forecast",https://news.google.com/rss/articles/CBMigAFBVV95cUxPQkdDTF9HeWdONW9oOUtBbGhBcXlvZk1LOVN0dHl5VXYwNnd4S1hld2NoUE5HRWlMQkxkWnFEcGdFcjR2Xy1wVXA0WXRDb1pkalExNnZ4eS11cnNOa2RBcVFpempGS3cwUWVKNUFqdHZUbGZLX2l3bWF6NEVJeHNmU9IBhgFBVV95cUxPUGRoVGhTa1JKQWpWQ3FVZGxKck9nQ1l5U21oek1jc1lWTXE0dWpHblZrbURuMXFzbnp6eUg3QURHNFpyMWdDeXhKNjlQeDJteFRrMkxMLTdXbnlhelRvclhzVUhTbmoxUzZ4YjVIWm1RVG01OHUwNFhUTnNfT29POVpwek45Zw?oc=5
2026-05-07 03:00,CNBC,cnbc.com,"Stocks making the biggest moves after hours: Akamai Technologies, CoreWeave, Expedia, Lyft and more",https://news.google.com/rss/articles/CBMiogFBVV95cUxOdkNtZ2VucHdfendQRm54MXFIOFJIbENXakpydHBYeVZFb3lxblJLZ1lMLVg5QjcwZXpsa2J6cXlHUUg0QUhOTnpRTjA5aEtPcmpzSlF5RFNobGEtOHJUaWRlbnREQWlvMmk5M3BVbjl2NmFVVmVIM05HOXBQY0lzTkR4V0FSZHRCM2szcVFLb0tKUWF3a2lyUjdaVVFjUjdQOHc?oc=5
2026-05-07 03:00,Investing.com,investing.com,CoreWeave CEO Michael Intrator sells $39.3m NASDAQ:CRWV shares,https://news.google.com/rss/articles/CBMiwgFBVV95cUxORWlaaURHb2xIbk1uWXlHOGRMVmt2RnZTLWtxNVJXMVd1c1ZHdWtsUVpwbTY3bnJLSDVRU044RktIcDdpOEJBQnQxTUxwN0hiSmJnVUQ0ck9RUmNKZEtsd0F0bGxHU2tKRzN0SVBHTkdJZ3c4TnVXZHdfS1V2czhGVzJDOTFNbUk3eW03WVN1SUNrOWY2a0t1SUVHckc1SGthMmdnRVdRS3N0c082YklFZVZKMmU2QTB1VEYwQm5nS3Bqdw?oc=5
2026-05-07 03:00,Investing.com,investing.com,CoreWeave EVP Goldberg Chen sells $2.4m in company stock,https://news.google.com/rss/articles/CBMiuwFBVV95cUxNLUVOS0h0SzZYeEx3bm1yc294ZXdsWmZOdWNaaXJaMURIS0IzanZWUEZlaTNZSWthcUhCTkxtbjNVRDBzcDVXYUpyUVd2ZHFnMm0yaUJ5Y0ZsMERNTENwOXkyNHlub2JKQ2pHemJlOHktNy1FdGtJS1NucHBTWldpeXJfVkpsWkpIODBCenhWWS1WeGN3TmxBZGxHWlhJc1lpMGxfVmQzby1uLU8zWWZnYjJCM0lXYUduekdF?oc=5
2026-05-07 03:00,Investing.com,investing.com,"Earnings call transcript: CoreWeave Q1 2026 misses EPS, stock dips",https://news.google.com/rss/articles/CBMivAFBVV95cUxPLW51RnlhSjVpeEx1QUZXdGJVQlR0eVNBaTJQTFh6ZVpETDFXZVRndzJVOWxoZ2lkUC1UZ2o2X3NRdGdmZnVBb3lVdm9WbnFQV3BhZXRpdlE5cXU5RnRsdEhTLW82N0lBRm8zWktXRkpmTDZrODBXc3pfVHQ4bFR1Qk15d3ZHS3VtbVJHa2JXaEpNUC15OGMtLWhCRmtBeWp4WW1TYTNuRElfOW9sVXQ3aFdWN3E3aTFDQktaOQ?oc=5
2026-05-07 03:00,Investing.com,ng.investing.com,CoreWeave earnings on deck as AI infrastructure deals pile up By Investing.com,https://news.google.com/rss/articles/CBMiswFBVV95cUxQbHU4SnhVVDNWV2J0QTg4NGNNOWZMeHlVaGlobnJZLXdlVFZCTk9IVU9salZlQ0ZTdzNkTFNQTmFHNVVUdlBWSlNTa0pJaUVUVVVLa1Q0X253VjJmZ1JTVVFFQ2JWZ01HUU1UcWh2dTQ5UGRSSml0My1Ua05faWZuYjdOUjVjc3NnWUM2WWwydHNNVFpya3ZhX3E2NExfR0lZT2NKcVhwWWZEQ3dqZVJOa2pHSQ?oc=5
2026-05-07 03:00,MarketWatch,marketwatch.com,CoreWeave shares plunge. Revenue doubles but AI costs are rising.,https://news.google.com/rss/articles/CBMiuwFBVV95cUxOMWhia2N2SXV2ZnY4eW5mMkp3cVZXeWVDLUhSYi1XOFpwa3VxeU5kVFZuV3E5Y3lpOWsxTElZaE1xaUctZlYtbGVyZjI1VU9sM01qWXVLeTBpYUdTUHFXTzN3SjEzaUJJZHVXd21nRm4zT2lCajFHUzM2bzBBTW9wM3hrSUVHakxrZExSdFFFTzFVQ2tpa2FRLWFEVk50QjRoSlJqOW1YLWg3WndBRkltSG1JZTVlenpqbktz?oc=5
2026-05-07 03:00,Reuters,reuters.com,"CoreWeave signals higher capex as component costs rise, shares fall",https://news.google.com/rss/articles/CBMikwFBVV95cUxQVVc2NWtWRTEtR190ejhQWDRWOWJqWVRtRXJ5bFo1SlIwcnpkVDgwdGtUbmQwX2N4LTB6LW1ZNzc2VDE0QTVOYVRGaXdwOUJ6aXJzSi03clZsZnNDMS1DLU12dlpFcnhpdzEwUjR1NUFXYkZpcEtQTW1mb0J5bWpwdmhoOGxTUWw0dE5VZkVrb2lHdmc?oc=5
2026-05-07 03:00,The Motley Fool,fool.com,"CoreWeave's AI Boom is Real, But Comes With a Huge Risk",https://news.google.com/rss/articles/CBMimAFBVV95cUxOZzBuT2pZUC1vRFBpdXJBb0xWMHA4aENxbTdaTC1UVUM5V19WOHVuYTlaNVRYYmlYUGFKTENRWWprSmJ1VDlhbWJFSEhLaGllU0EzaW5kSXVjalZSLVY2SUppdlZKTjNOSEhrT0NjenVGcFFkSk1GcTlrR2FpVW41QUo5RHd1RkFMZjJlem1ITzQtVmEwYk84dA?oc=5
2026-05-08 03:00,Barron's,barrons.com,"CoreWeave CEO Hails ‘Transformational’ Earnings, but the Stock Market Isn’t Buying It",https://news.google.com/rss/articles/CBMifEFVX3lxTFB2VERWNWwzaFVIMGtaVHFRSC15TzhJZHlwVmFELTE5NENNNVNEc3lESUxwQWlIa05tQ2FyTlU4OGs2U0ZlR1JUN293elhvTVNMR3lGamNsUUFaSlF4ZUFwdm51QjVRSG5WTEZpZGdhTWxiSFdxNW9MNXlGRFE?oc=5
2026-05-08 03:00,Benzinga,benzinga.com,"Analyst Warns CoreWeave Stock Could Stay 'Lumpy, Volatile'",https://news.google.com/rss/articles/CBMiyAFBVV95cUxNY3pTNThDVkZIeEtMLW1URjJsVi1LRHVyZm1seWlCSHdEdXhWMWszNHRXa3ZFTEtXUDRhU3ZzelUtSjJ4T2I4S0FFS3B4Z1dEWE9VMHJSWnBfeGxOV3FSNWNldFV4c0JvWDFGcHFlSG9GdmkybEtRVTFrd1lFaW5RVzlVYnNEWlFMOE8wMFZMWEJoQmNHekliWDJMOWRJcmdoa0M4VEJsVkRpZkU4YzZ2SDZ5QXJsUHI4ZEdmTHRjMVliTVJNX0YtSg?oc=5
2026-05-08 03:00,Benzinga,benzinga.com,Coreweave Partner Core Scientific's Pivot Drives Stock's Momentum Surge Despite Q1 Miss,https://news.google.com/rss/articles/CBMi2gFBVV95cUxNYjh1d1A4cEhpQWdQSmdmWG84aE9UVXlQNzB1Y1FuV0QxTEN5QUxrTE01Z0h5djVDeHI2bzVuM0NqZTgwdDF2ZnpVbWNBZUxkSXlMazZqUXVTeWxmcGYtcnA5WWVLRFlNbHVhN19CYWUzeWc1UTNGbkozSkZobmVuV1E3Z3FTRm4xWTJOZVFUQmRTbTNSUVpxX3V5TWlFT2xVai14MXNqTTRyT1N1ZWZ6VnhoUnRkYi1nQWRDbnlnUVdfVmhOXzNsbFRXNHVhR2RUUFNpZ1ZEVEZ2dw?oc=5
2026-05-08 03:00,Benzinga,benzinga.com,Why Is CoreWeave Stock Falling Friday? - CoreWeave (NASDAQ:CRWV),https://news.google.com/rss/articles/CBMinwFBVV95cUxPNkYxNHEySi1tRnJHSnFVdUpnZ19jaFVUNF9PLUlzRWdBUm5Rb1dxSm5RN3AtMVFlZFlWTWZaLUcyQnItODNuWXV5T2ZKM0JhX3I5TFVWcDFjc2Z3OC1rUTMwM3NrcS0taVZOWFlPTk5uTHoxeDVRN2lxMnNTSXRaSHhYZFJvZGJjVlBNdVJPOXEzd0VkZEZwWkJSc09MU3M?oc=5
2026-05-08 03:00,Bloomberg,bloomberg.com,Watch CoreWeave Shares Drop After Forecast Sparks Growth Fears | Bloomberg Tech 5/8/2026,https://news.google.com/rss/articles/CBMihAFBVV95cUxOZlJiUEU5azRkVkZpV2t6Y2NTT2pjdXg4MEQtLVY3bkxmeFdIRERWZU03eVlNUXA0ZW53OGhKUUlDU0pFSmxycHdxenhiYXZURU1oLU9pYm5kYkhuWXRoRjh3Rk14QTBfM3lPenFpZVJqN1pTVVBfbWtPTHJpODRkSTJkamM?oc=5
2026-05-08 03:00,Bloomberg,bloomberg.com,"Watch CoreWeave's Earnings 'Transformational,' CEO Says",https://news.google.com/rss/articles/CBMipwFBVV95cUxOa2VjOUFYYjNUeGNZQ0NuWUpEc2dvSlpqQ0FLa3NFbGdGRWV3MFpjMzBRMG4zTDV6TVNOcWd0UWwxeDd5eEpZWkJiWV9CUnNLT1VON0pWRGJ4enlGMnM4WG5sanAzR0NHdnY1bHpRaWs5NTRRUVMxN0Rza0NCb0VmdWNKbzRtVEZPTU1jQU5aaGxDc3Ixb29QdU0yZ1pDcm5hLXBZR012MA?oc=5
2026-05-08 03:00,CNBC,cnbc.com,CoreWeave CEO Mike Intrator: We are very confident in our revenue for 2026,https://news.google.com/rss/articles/CBMitwFBVV95cUxPcDVGZlBNTHRwdVlPMG5MLXRiTV9fbzJ1OU5RSFdIME1PcFhlQzBfczI2YlFsaWxzMmFCVXJtVjA1clFVWlNReDRWckttdS15VXhMZTNqeFlaNU9VbnZnaXIyVm9xeHVYWEFfb2pMTGpaQWlmV1VHSkJrbDRuV1d2U3g1dW9MQkI0Qm8yQlczaEdHTWN3aEMtUHZLOVF1dEQ4dlpuYjZLbmhnRmgwTklqZVpJVjhjUDg?oc=5
2026-05-08 03:00,Investing.com,investing.com,"Cathie Wood’s ARK sells AMD stock, buys CoreWeave and Kratos",https://news.google.com/rss/articles/CBMitgFBVV95cUxPOGVIWkhvM25vOFNiOFlhZWxJUjBUeFhVRnlZNEEzMzhTcFZDTFVLMEhaMEZNOHNzdGQwUjJqTTFOUFlxV09OXzNnRTV5UktObFhOekladWRuNUlFT0ZqLXkySllYazNZYU9yNTJJN0pTMUVaTEpia0pPdGZVQW9VdGpnbnNRQ2ZUcWJOcGRPWThsdXdkRkRyVzVodUE1YnVyYktISTN2NHFjLVVBQjdZQzF0ZWhPUQ?oc=5
2026-05-08 03:00,Investing.com,investing.com,Magnetar affiliates sell $20.6m in CoreWeave (NASDAQ: CRWV) shares,https://news.google.com/rss/articles/CBMixAFBVV95cUxPMnIxVzRlQW5EX1h0Y0hqXzRBUmU4d0pRcDBhZUgxbXV2Y2hlUlZmVWxybDhGUGxDXy1mNDIxWW8xWEdOa0NWRTNfa2hleWlaSVA0MTRoczJSbXpyT1otd1E0X1NXUWlmVUtUaTJObE1ZUnpnMlRUMEFVOTZzYS1HOEJKMUhrU3VfOUZscnNJM0VqVGtyb3I2WTc2UEtlemxIWFZyV2FKYkk0dGpWMDdrUlVjSmd0M1FhaUdHaURobG1LM0VM?oc=5
2026-05-08 03:00,Morningstar,morningstar.com,CoreWeave Earnings: No Sign of Demand Slowdown; Profitability Only a Near-Term Concern,https://news.google.com/rss/articles/CBMitAFBVV95cUxPbjF0VUFSaWYwLXNFYldQbzA4dDVPMVpKWTFRQzZwVTZTclJ3LUc0MXh0bEIwbEZVSnNtcmV1QVZsZF9IUnkxWGp4NlZzTXlIWnUxT0pVY1c5M3YxRmZjb3loZnIxei1BM20yZ3l2cUdsdl9FNWh0QzE2RWxvaUVpalRmbWJ5RVVnanMtRXhPdnVKUXRRSVFHSV9wQUR5UTlvLWl2cjZHalhaeWh1c2lISjJyR3I?oc=5
2026-05-08 03:00,Seeking Alpha,seekingalpha.com,"CoreWeave falls after Q2 revenue outlook miss, but analysts remain bullish",https://news.google.com/rss/articles/CBMisAFBVV95cUxPSW80TEl0a3hCMVQ5NVZJYmtkTjI4ZTFtZkdVX1ZFaW94NEFXQ09ybFJLN0Zfc0JiNUVXVXRmc0k1WkY5cFkxalo3Z284ZEVkMHc2T0JzU3JWQkdSZnF5N1dsSldmeGN3cGp5emc1Y0JqZXFraGRVU1BYYk15OGRsQTZweXhJalhqUksweld5cHRreHYySVFFVlZfSFVhMXkxS1JlZnlRc2NCUW9mUEpiVg?oc=5
2026-05-08 03:00,Seeking Alpha,seekingalpha.com,"CoreWeave, Inc. 2026 Q1 - Results - Earnings Call Presentation (NASDAQ:CRWV) 2026-05-08",https://news.google.com/rss/articles/CBMingFBVV95cUxObHl0QUNQNUFkWFlTd2xkajgycG92UVctUndnVWpwSU9RR21PQmtkWnpPRWU5ellZWWlndDd2UGtsRURhZnRRMnBVbFRXM1NqX1VjWURYdFBRZEZtWVAyWEo2bzBoeVhNQnRrdU9GeEJReVVrNUdJODlwTWI4TFhtUEdjRGRZeGlHTWk5cGlXaUlmLWMzWWo1RE9RVWxQZw?oc=5
2026-05-08 03:00,Seeking Alpha,seekingalpha.com,CoreWeave: Buy The Punished (Rating Upgrade) (NASDAQ:CRWV),https://news.google.com/rss/articles/CBMiigFBVV95cUxPN3JIZnVNQXZfakJVc3NKcGdzWG1wVE9FX0JEN3R2eG5vR1pCYnJFN3h1R05XWXFLMW4tbWRGakg4LU5NcERHTnppTzRVcVNJVlF5aGZBWFhTaDQ3MjRxN1BfTktaTGU1cWc3NVNXSTNrUEN6WVVER1p5ZzJaVnFrcUI4T1NMd01BbWc?oc=5
2026-05-08 03:00,Seeking Alpha,seekingalpha.com,CoreWeave: The Ultimate AI Boom ‘Picks And Shovels’ Play (NASDAQ:CRWV),https://news.google.com/rss/articles/CBMimgFBVV95cUxNME9HZHgtbkthWUpQUGtQMnlWbUFULU94WmlLZXNpMWY1Q0tpVDNnbG1aNWNva0w3MkxJckF2V1hIVF9fN2VlQTk4VzZVbFZJNDNaLWV2N0EzRGRvOWRvV2ZYcVpoMTNoV1JKb2phVV9TRTBjRXU1eVFHaWRXcXVBUjlXUGc5RFlTQmR2VEVqZm9FQWJtcFpLOHV3?oc=5
2026-05-08 03:00,Seeking Alpha,seekingalpha.com,CoreWeave’s Selloff Changed Everything (NASDAQ:CRWV),https://news.google.com/rss/articles/CBMihAFBVV95cUxNRXp0Z1c1MHhXQzVvU2MzYWM4aHZIdGdOOXZNRm5nMGhDX0J4c1dJNUpVU3hpOUFldWsxdFAxUzZ6QWhQRWFSemJGLUlpUTZhdWpJbkN6X0dRQWVPdHhhZXI0cjNnSnJCT2hxLUY4MjVaWmpOZXNXakRNcGJHZXFObmw4Zks?oc=5
2026-05-08 03:00,Seeking Alpha,seekingalpha.com,Nebius: 2 Warnings From CoreWeave's Q1 2026 Earnings (NASDAQ:NBIS),https://news.google.com/rss/articles/CBMilAFBVV95cUxNVE1OdWdlb1I3UEpsMkpZakhPVDZObGxzZ0RRTVlWdXZ6cmZPTHJpQjBsZGdTbV9GRjdXd3pRNUw4QU9LN0JaQk04WVotcjhXSC1tMU1QcUhZSUlnM1FsNEk0b2NPbmVvNC02dUhyRG5TSzZnOHN0bE9xSjR6SzhzMWV1U3Q1QUhtODhUVXNxWTNlRmJj?oc=5
2026-05-08 03:00,Yahoo Finance,ca.finance.yahoo.com,"CoreWeave shares fall on wider-than-expected loss, soft outlook",https://news.google.com/rss/articles/CBMijgFBVV95cUxOdFEzUGctVkZRelR2c1dZLUZ1VmV2YW1fN0pPVXV0OWY3MENxNjJTM083RTFGNFViNmpLTENaRlFyUWR3NWI0ZWRTMmtSWDhfVVg1QjZ6c0hQX2hLOGdGREt5c0VOX1RQRVoxLW1LWWx6M2pBTDBhYl9qS3BKcDVGWGJ6TV9YYXpURU9fejd3?oc=5
2026-05-08 03:00,Yahoo Finance,finance.yahoo.com,CoreWeave (CRWV) shares decline after softer guidance and higher spending plans,https://news.google.com/rss/articles/CBMiqAFBVV95cUxQMGJlLVpsMGNlRTJYNUxQdFFtNnp6ZDhoNi00Tm5HaFRWMFRQdG4yZXhramNlajdINklCTmVFcm8tejlobGlGTzZ3aWZwWk9uNG9adzZDTzUxelVsbzE1aU93YUI5UjJHdnJDaEhJQ2swLVdHSmhzbzAzVmFHYjVvR2djdlZZQmtRT1hZQU5Kd2Jzenp6b0ljbDJQTDFzbEdBeDZiNVd2VEE?oc=5
2026-05-08 03:00,Yahoo Finance,finance.yahoo.com,CoreWeave Stock Falls 10% As Capital Expenditures Rise,https://news.google.com/rss/articles/CBMingFBVV95cUxNNjV1dUppb0RTdjB1RGdTZ0pFb182QUFJQm1KQ0FwSEhZenNUamxIY1NqazBsYzgyZENUTEF6aDUzV3dieFl0N1RwZktuU3lwRE51VGIyVW9IdVY5S1JNMkFKYVFRRndUMWRtcko3TmZMdUcyLURyaEp2MVNXUHdRYWFsbl9sd3lwd0lOd1BkUUhvblZUVTNPcTY5T1Q5dw?oc=5
2026-05-08 03:00,Yahoo Finance,finance.yahoo.com,Why CoreWeave Stock Plummeted Today,https://news.google.com/rss/articles/CBMiogFBVV95cUxNLXJGSE1IMFMyYUZoTExGUW1ma0laTkx4M294RWdKTXpZREN1c1djVlBPTkVpMldUQVVVZzRPRUUwUHlXaGdGeGM0Zm5LZzZoTFluTmVGQm1VNGJ5cE1yRVRSbi1qOWtZbmNjZnh6VExhVVEwVms1R2Z5MWs1cHNlRG5XSXFHcm05OWp6M3lvRjM3TUNVQlRUY2lsVmNSNjFxREE?oc=5
2026-05-09 03:00,Seeking Alpha,seekingalpha.com,CoreWeave - Lagging Margins Create An Uncertain Picture (NASDAQ:CRWV),https://news.google.com/rss/articles/CBMimgFBVV95cUxNOF9xY3JTaTZGWklicWNGREZZbWQzR0xWWVV6LTU4WEpLYVhtZXVYOVZFbzFUbkZqcUtETDlKOGF6eGdyOFhtQ2RVU1VacmFUaEp1aUhRWE9mRTlMc3VKTjFXcmxfbmYwZk5rOGlTNVFwS3oyUDZKYmtEcWU3TzVzX1MwTURQTUtScUVIN05KU0dVY2lDN3N0R3pR?oc=5
2026-05-09 03:00,Yahoo Finance,finance.yahoo.com,Is CoreWeave Stock a Buy on the Dip as Revenue Continues to Skyrocket?,https://news.google.com/rss/articles/CBMinAFBVV95cUxOendhWjhnWC0xVG10WjVzODFuNDM5VHpmRDN4bWVMNU1kbEpleV96eUQ2dW5zOERZRDc1LUtrbkY3dk5nMHdFRVRoNUxxaVZBT0ozb0dfWkJ2cDlHbk9ybzZkMDduN2FsbkRwZWZLUGR3YTJKZFFnRkdCTi03ZDJaVnlGV0hHSDJjRUZnR0xsd2hMQ2F3aUVQZ2pmR0c?oc=5
2026-05-10 03:00,TheStreet,thestreet.com,Wells Fargo revamps CoreWeave stock price target for 2026,https://news.google.com/rss/articles/CBMiogFBVV95cUxPSi1fZnFCYUZYdjh3b01XOFExMG0tck5pNEhyU3djYTRwVm95UU9JaGhGRVFPWFRkSk92bUtmbGNIc1BZZ0IxUDMyYjl3ZDhDd3NUclVCTTAybGJkcjAyVThXeWVVbm1zQ0xNSmYyRTRFZXFiODBscm9WcDgzLUhEX0ZJZ0NmaXhOZ3ZjN2NvaEU0V2lLdmF1YXZEUFNtZDRwX3c?oc=5
2026-05-11 03:00,The Motley Fool,fool.com,"After an 11% Drop, Is CoreWeave a Buy on the Dip or a Stock to Avoid?",https://news.google.com/rss/articles/CBMilwFBVV95cUxOdjZqWjMyaVVsRkJKVWJNLXgtQTVDTEdCQ2FJNGFmNHdBUHlCeENYdUZrODZqWmZGNG9yZW9NeEhTN0R5RTZKQlhrRmJ4dFR0eGdEek1McVg5TEs3MF9aUXNLOWF5ZnAwNkdhMV9OeWZTeFB4R3VjbjRKNjFCbVQxM1VrcUtFbHU4Y0lqTVF5anVzczBqc2hr?oc=5
2026-05-11 03:00,TheStreet,thestreet.com,Bank of America tweaks CoreWeave stock price target for 2026,https://news.google.com/rss/articles/CBMipgFBVV95cUxNNzFOTTNvVVFzS3pSRzFqbEtPeEJKb0NBNXk1WHBYUFhUUlMtTUVJNXh2UzlTUUw1V0pRcUdQa1VSak1LTjVnSldwMWRaSWZFOFktMmkxVjhxcTNXQmU1Sk9FU09pMUZBcjZ6MkhDdktYR2I0QlNHWjYyYnRXd0NIZ2k1U2RNYXlfUmdtVVM4WWFnQ3IzMVhUd041OUgzNGREZUtCV2VB?oc=5
2026-05-11 03:00,TheStreet,thestreet.com,Cathie Wood buys $12.9 million of tumbling tech stock,https://news.google.com/rss/articles/CBMirwFBVV95cUxOWjFkZHFsaXNmMXdqeVJPWVNIaVFESVM5N0h6c1BaSWNiZnRPZFFGUlNMNkZPV2lKd2h1SHZDZy1DMDFlczVoeEt2VnRLSWprZ3h1RGp2ZmJjYXVoVzlFZjhQWGdrTUxrQUxkVEdZUlpnYVdpTXh4S01LeDdVWmhCejBELTlBdGdHei1vcExEMlVkYW0wUm5WZHJKbFYzZ1pwSEdtUV9KNGdzZHlCV3FZ?oc=5
2026-05-11 03:00,TheStreet,thestreet.com,CoreWeave CEO sends strong signal on 2027 revenue dominance,https://news.google.com/rss/articles/CBMipAFBVV95cUxOUE5oSnFfVXdPNm5EOGtCT1ZRV1RVdGs4WlRMdUVxNEtXZUJDVVFPWVRMY3gzaEZBRUE1SExJOThYRWs1YXFlVXdnVzRNTkF6RVc4SE5tVmg5MFBBbWItZWRnODhydGZWbklsWGxiWHFMNnppX25nRmlZWFkzLU1KTnNJSXVxU2UyLUtLcXRyYk55Wm5ERjhXZTh4ZGg3cnJ4dGEzSA?oc=5
2026-05-11 03:00,Yahoo Finance,finance.yahoo.com,CoreWeave’s AI Benchmark Win Meets Insider Selling And Debt Scrutiny,https://news.google.com/rss/articles/CBMingFBVV95cUxOcnFfTm41VERhUTBndnBUeE1ZVVB2NUYyNGFSd1RaUkg2YmQzMXh4T0JrNUp0MVBjelF1cEtOZ0NBVGVydDkyVWVicW5xNVZrRm85MnZLZnlCZ3NfeERvQ3RBcUZkUlBqS0xxRTZTUEVMVHdhNTJVM1V3YjVsaS1DWk9JSWxBWWxwNms2STkxWi1zejdyM2RCX1hfVm9qUQ?oc=5
2026-05-12 03:00,Investing.com,investing.com,Why is CoreWeave stock sliding today?,https://news.google.com/rss/articles/CBMimAFBVV95cUxOWHN6Q25SV20tQVY1eFVYVHEzOXJHWUZPX3Q4MG5HbloxS2JjRHlPdFA1WXJkTVNMRUZkcnJGZzJRSVl1WWFZclBjREVBZ2toTWtaVS00bTJjeElER2FoQ3J5UlhsQVB1bmVFNDk0RmgxVGxwOVdaNGdCaTlUdndCNm1mTG5PS0p1ZURhQWI0TVBKR3VWNnAxRQ?oc=5
2026-05-12 03:00,The Motley Fool,fool.com,"Up Nearly 60% This Year, Is it Too Late to Buy CoreWeave Stock?",https://news.google.com/rss/articles/CBMimAFBVV95cUxNeDc3MVBRc0xhUWNiRW5MdC1XTVliRWhoM09ueTh5NUlTa2l1RXB0UjljZC0yOUlxQ29OLWFjOUhRSGtfSUdTSGpwYnl1dGMwaUdCdjJ5SnE2NE05dUlXXzdHVVdDR3ZmOW9DaDN3clVleXZEck5mb292blJpZjJSYXN3Nm9wamMtTHZZV1lXNThqZG15aWZ5Xw?oc=5
2026-05-12 03:00,TheStreet,thestreet.com,CoreWeave CEO sends blunt message to Nvidia stock investors,https://news.google.com/rss/articles/CBMipAFBVV95cUxOVVNRd3I1NnpldWVNMWtYUjBrQjJlNmJ0RjlVZVN1TU9wczJETk1aV2hHekpQZlctc3JQb2RQVzV5UFc0bHg3VjNFb1l4eFBUUVlLN0x0YkE3WXNOTHJudUt5TnZhSlpfMk01ZVBpcTNjTFlQVzhmX3AtalhUbVZUTmVTLTNuN1R6OF9sdUVIYzhGc0hHeU1xTTFQOTNhRkV2dURFUQ?oc=5
2026-05-12 03:00,Zacks,zacks.com,"Should You Buy, Hold, or Fold CoreWeave Stock After Solid Q1 Results?",https://news.google.com/rss/articles/CBMiqwFBVV95cUxPZEF0ZUVmemtjZzV2NFBMd3ZxYWh1dVNtWXVPRlVIMG9GWWxITjVheEdWV3lrc28yNnhPMzBEc2NfaHhQc0RqQlVSb2xLa0pObVJxYmc0LXdjcnExRTBTU25Xc09Ga2ZGVk56R2JtVk5wbzdfTG9tcVppNGs5NjJDMEJudWlWNVB2c0hEaHFMNlFRQml2Z20yVHNHMlFTRUMwV25DUC1CRkpVWU0?oc=5
2026-05-13 03:00,Barron's,barrons.com,Nebius Stock Soars 18%. Why It’s Catching Up to CoreWeave as the Top ‘Neocloud.’,https://news.google.com/rss/articles/CBMifEFVX3lxTE4yd0h4WjhUNEh1S0JIbDFiM0dyU3JiSk0wa0JpaWQ0bG12c005aGlxOEFyYml2cnltN0xYcnJVQ2JvS0lMOGYxaDJhSXFuZXB1NTR2dzVqakpReG9kNld6TFBUcktCamNudU9EbGNQOEl2dVZWV3BPX1Npd0k?oc=5
2026-05-13 03:00,Benzinga,benzinga.com,CoreWeave Stock Is Gaining Today: What Does The Chart Show?,https://news.google.com/rss/articles/CBMiugFBVV95cUxNNFZZdjFhLVJYS2FHeERFSFFqZTNsZFlYNUpKTlliT01mS1lxR3JPRlZxeEt1eFBoZmpBY1Z5YWpkbllmTENYdW5ScVRCLXZURm8zbTRjcnVVb1poYVF0ZWJrMUZBbF9WZHoyQWZiWEtoRV9OdWJaOUpVRjRfMUtrTzJNSlR3d1hLd1pnMFlYSFgxdEtrRzRONzZidmk1c1g4RWlDOGdLd1lGV09fMVpTSVpkWXYzR3g0WUE?oc=5
2026-05-13 03:00,Investing.com,investing.com,CoreWeave’s Brian Venturo sells $43.4m in class A shares,https://news.google.com/rss/articles/CBMiugFBVV95cUxPR0UtZ0pRWGY3cmRtVXhYaEp0THpYdFNTT3Btalk4MzNXOWF6YlFaVkNtNm9nYk1kbmFiQXQ4UVh6Tk9rQUtqZ0gxcjUwS2xwMUwzOHpxeEZzQjJnc3F5aC00MFZET0toUExoemNWa1FiTUlWUHFfVmVxYlpOSGpSTFNzX055RDluUk1HV1d2dlIyRWwxUjZJWHIwVjlsWVBoRlNJSUZiUmZXVVlQYmJPbjhGa0lKbURtLXc?oc=5
2026-05-13 03:00,Investor's Business Daily,investors.com,Nebius Revenue Booms On AI Computer Infrastructure Spending,https://news.google.com/rss/articles/CBMiiwFBVV95cUxNa2VEWUJVMHRXektlRFc2UThvajlzdDFnTy1feExvV25MR2hkVllOWmUzZTcyYmdiT0UxenFhdW54YTZ6SERGS3pYOVF1em80UkM5NGNMMHZBX091MlZnRVBNMjZhdWNwQk9DUGRSVmZTQ01VRGVsOUFLNFdZUXJQYmpRWkRVZkhxaFk4?oc=5
2026-05-13 03:00,Seeking Alpha,seekingalpha.com,Credo: The Market Is Missing What Meta And CoreWeave Just Confirmed (NASDAQ:CRDO),https://news.google.com/rss/articles/CBMiqwFBVV95cUxOT2FwVXcxbTVsaGs0dE1sR0dBaTBjdkRLY1MzMFRKUlVzMnVTcXh1blBicEdtMUN2cDY1QmtTY3ZzcWgtbFJrSUluTTJadHlzdjBUUDE5TkJQOU5KTUh6WWhUeWphZnVBMXpnUU5EcndOZ3BYUGlFUDlweUcyb1ZzdzUwRExPYnJGRmxMSVV6ZFFwV1YxVHB6dzlHZUdjNVVfQzJPT3VtRllYQk0?oc=5
2026-05-13 03:00,The Motley Fool,fool.com,CoreWeave's Stock Is Plunging. Should You Buy the Dip?,https://news.google.com/rss/articles/CBMilAFBVV95cUxNMlYtNG9fYml3VUFDTVNmeDJCbmk4V3BTVkQ2S29uSDF1QWFuZFpKN1BiRC12Vkl3djY3YVMtelpXOTVyVHFPYkJBYTF6V3N2SjN5VkxMeFFnZTdvVWNvWm9LT1RKQUtuNmk5WnUzOTRQdUNqY2l5Q2laME05bkx0M2YwZWxjMEEycmRtZDRVZXI3T0Fw?oc=5
2026-05-13 03:00,The Motley Fool,fool.com,One Overlooked Financial Improvement That Makes CoreWeave Stock an Increasingly Attractive Buy,https://news.google.com/rss/articles/CBMimAFBVV95cUxPRlJnRnN1NEl5Mk9JX2dheDZ6aGN4N2U3c0t2Z0hUU1NaZWpqa3JnVGg4cFJOa0Y5R3BFYkNiOVBqcFd5V3R6VEZNbTloUVhvemVWcWw1bUM2RXExdmFhVzJudlk5S243ZDhSWWxMSUdvVjE4YUJKZ0V1Q0NDRzVfQUJPdlF3LUY1czBjdDhnWlJycWxfZkZVZg?oc=5
2026-05-13 03:00,Yahoo Finance,ca.finance.yahoo.com,"Nvidia CEO's foundation buys $108 million of AI computing from CoreWeave, donates it to researchers",https://news.google.com/rss/articles/CBMihwFBVV95cUxPR3phUGRWN1RlZTg2MnI3WmtKelg5bkNOVEQzV2U1UHpBSmRIWlgycmtzZ21SdS1sNXlOWGItazh1WVJEaTNZSThnWTFQMEFvZExBQnF3REFCVXl0MmdGZkdxaFFjdUJDYm90UWpoR3ZHT3hBVEdMUFBCaTBrVTRab3htbW84YjA?oc=5
2026-05-14 03:00,Benzinga,benzinga.com,Nvidia CEO Jensen Huang's Foundation Donates $108 Million In CoreWeave AI Computing Power To Universities,https://news.google.com/rss/articles/CBMisgFBVV95cUxQRHNDUEQ2cG1hbEV0cmJxaDd2b0Z0SzBvcFZLa09KT3lkeEItVnhuQkpSRVpNYTVHaDVwQWNCVVJzcjdGTmxXVk1fa3RjQ0NYbU1sbG5heUNvc21pRE1WTDdqRWdMUXl6UmJRS2I5Q1VjT3phOWJVdXcyN05WOVZXdEpGaGxPeEgxNjAxTVFKN1BPaDV6TGR4MjdVdjBsU1JZMGE3UUhxVENKU0h0NzVlTXZn?oc=5
2026-05-14 03:00,Investing.com,investing.com,CoreWeave launches sandboxes for AI model training,https://news.google.com/rss/articles/CBMiqwFBVV95cUxPM21OU2tScDUxaVJ5NUU5LTUyN2ZialNVci1aVWttYXdQV0pDS01scHBLRV9fZ2NGTldOa2hGd1k5SFRXdGo2bkZ1YWJlLXQwbmtrSmxBQUlnbFFCM093SEIySHJxckVoaVZyNGw0WDdRUFVsTnZFd2UzWTBZZTZjNnNXS2RSbkNFSUw0UmstbGl0TGh4bm5MMW4yLWRrVmlXMVRaNEVyd0ZPbVk?oc=5
2026-05-14 03:00,Seeking Alpha,seekingalpha.com,CoreWeave: Q1 Confirmed The Math Doesn't Work,https://news.google.com/rss/articles/CBMijAFBVV95cUxNR0dwRi0xbHgyd1NmdWsyMXhkYWxzMWsxajRfcjFMOG45d21nX2JtR2N5aHpXZ1lDdmZnWDBlLXYzWG9MVUZpdDRfQm9hVzk2QTE0MVFHYy1pSHkta2tNcnNEdWoyYi1mN2VSckk1MW1rTG56YloweEIyWGs2WlBDWjZ1U1c5RnlnWnc2WA?oc=5
2026-05-14 03:00,Seeking Alpha,seekingalpha.com,Nebius: Still Stealing CoreWeave's Lunch Money (NASDAQ:NBIS),https://news.google.com/rss/articles/CBMijgFBVV95cUxPcFVyZnhtMDV1X21TZUItaVAxMU0yRGhEZllZTHRBV2F3SnRGcVlGZFEtSlRtYzBwSHB3NVBSSnJqR2dMS2xPc1VXRjhhd3pod0xxVFNqWXNTeFI1VmZxQXk0VmhjZlEtcTc0V2RrV1A0dGE1Q3FqdGgzeHlva1VZUWJaLWNOMGFHdUdiRnhR?oc=5
2026-05-14 03:00,The Motley Fool,fool.com,Better Datacenter Stock: CoreWeave (CRWV) or Nebius (NBIS)?,https://news.google.com/rss/articles/CBMijwFBVV95cUxPbGhHNThyRWh1MjhEaHUzSmxSeEtFVkZ1ekkzSUtyR1R0T3ctejlmMFAxVTBhS2dONU9Ca3B3dVhDeFdyXzlDTVA4aVFvMHhHNV91SEVlazdqMjlhSkwzay1OS04yamJvZGEyNTJIQ29GTEJuaFBYdVBuTUw1SS13dXpMdUFiV2QzeU5iMk81bw?oc=5
2026-05-14 03:00,Yahoo Finance,finance.yahoo.com,CoreWeave (CRWV) Is One Of Our Top Data Center GPU-As-A-Service Stock To Buy,https://news.google.com/rss/articles/CBMilwFBVV95cUxPSUVmWGdRd1otb3pia09SVzNJNElObGpIVHJyQ2tTd0ZjYm5QZlJtY2Yzb3pVZklUNFlyTVlCSGMtR2g1Wkdjc1gtT2JvWmEwd3JINW9mN2ktd3ViOWFETFpKRC1VeEZaYW5qVmRfaXFWTW9wLV94WDE2LVU1SUw1NHM4cTJnUnFNVXloLW9fY1B1QnVxOXR3?oc=5
2026-05-15 03:00,Seeking Alpha,seekingalpha.com,Buy Core Scientific Over Applied Digital (NASDAQ:APLD),https://news.google.com/rss/articles/CBMiiAFBVV95cUxOVlg4ekhlT0p3eVhqZjhCWjEwZ3Y1V1lQblJlaC1NMExsdzFzTlBDb0g2dTdJc2twemkwZHNHOFFDRDNZY2hFMEgtcHhCcXZaWDd4bDdGazh3R1EzQldMV1FkR0xmWVhvWndvYlNoUlZTSVFyY292SHFNS0dyS2o3blBLR1A2QkVK?oc=5
2026-05-16 03:00,Seeking Alpha,seekingalpha.com,CoreWeave: Left Behind In AI Rally - Still A Strong Buy (NASDAQ:CRWV),https://news.google.com/rss/articles/CBMimAFBVV95cUxPeUlWWGlWVUwwbG56alhtLUpNYV9XaEZleE5zUld5a0ZMLVhrNFhsRFU1eklwREQ0dlFBSVptWlEzaTJzOXlZRWp6RTlZNXU4djJ6eFZLSjU1X3M3SlBpZ2NEMjBqTWRXbEdRVVVaOHAzN3pQY1NXV2o0NTNhdVBmb01MZHEyV1RYLTZ0WC05S3ppZk5aZ3dWcw?oc=5
2026-05-17 03:00,The Motley Fool,fool.com,These 2 Nvidia-Backed Stocks Look Like Genius Investments,https://news.google.com/rss/articles/CBMimAFBVV95cUxQZ3FsMjhvVF9rbG92S1pqd213SGJEZHZJOGtVa1VuS0RHUDJOOTJlM052c01PVXFIZnRCbHJGZGtKc3o1OTJrOHlRMFh6NGRoQ0hQMUc4S2JYRXdyVUJpbEJRM3NMcnluRl9kSFBxRGxXRzBDOXJpb0dfNDRiN0lTaFc5MEhJWkxOZUwtekNRS1RmSmt4aTd0RA?oc=5
2026-05-18 03:00,Benzinga,benzinga.com,This CoreWeave Analyst Cuts Price Target On Margin Pressure From Rising Input Costs,https://news.google.com/rss/articles/CBMi6AFBVV95cUxNRW9MRVh1bHEyYjVGdVNsZFJ0LW9DdUdGOXU2bjBQaEdWamlCYlViTkxVcERPRUpXODM0RlZIQzdZc2gwallsbHBvNWhyOWdjSWhkZ2N1blJJN1llYjFZdG9CQ2hXZFJpeUhQemJLT0NJc2pqaVdMeXJmX1FhcTUxbTNLTEJHMUVQM0NKSG1tMlNUVlUxRGppOUw0MnlfSVE0QS1vTURKc25wVVZpU05NZ0RkTUNkTGVLalJEQUh3UTRnUE5TLW81MlZnQWp1VWJQSk41dHZSOVpKTlgzU1gwWnltV0NwSG83?oc=5
2026-05-18 03:00,Forbes,forbes.com,"CoreWeave, Nvidia and Palantir Stocks: Which Is The Better AI Buy? September 2026 Edition",https://news.google.com/rss/articles/CBMimgFBVV95cUxPLWhNZEJQLURoeVp0US1Ra280elRoQlBudEhYNHNIRWxGQVFpM3BuWHE4OXU4MFRJblJfUFJrM0RabFhDR0E5QWpVTEphMEc2UjhtWHVSR1lHUU9obDZKb2txZXk1TGRBbjZVTEtKNnlGZ3hXeENDc0c4anZOVWFrNDZSdjl5YUdLWkhiMGlNYlF6dFRpYmlzNlVR?oc=5
2026-05-18 03:00,The Motley Fool,fool.com,This Nvidia-Backed Artificial Intelligence (AI) Infrastructure Company Is Solving a Key Problem. It Could Easily Become a Multibagger Stock in the Next 3 Years,https://news.google.com/rss/articles/CBMimAFBVV95cUxOa0hxeElhLTBBOUR0NmtoUFFXVG5jWlAtd1hkSGpneWhqenBmbHR5Vnp3T2FLZVZfM3RhbExBMC0zNFFtdTlLTWYxa3VKenpHUFBYaXZaekNHQlNKTDZMemd3LTZlS3k1cmxfUkNSSVBYWkxUbGZ3eEh4SHpIcGlUR1FKZ3hSN0NMdjBkdmNyWS1CN1F2TnVBXw?oc=5
2026-05-18 03:00,WSJ,wsj.com,"Move Over CoreWeave, Here Comes Nebius",https://news.google.com/rss/articles/CBMif0FVX3lxTFAxNzAxNV9OdV9lckhWUnNBeExTQ2w0dXY3Y1FSc2Z4NFdRcUZfcG1yS0FHeDZIV0RBSlh1aDc3bi1NZXhrYWtXLW9PNGdYdV9JbGJicGpyN1oyeHNlcnhQd3VLMV9WcWNBWEhBMnZOaTZrYmZfZEY0VmF6RjJ2enc?oc=5
2026-05-18 03:00,Yahoo Finance,finance.yahoo.com,Nvidia Doubled Down on Its Second-Largest AI Holding. Should Investors Follow Suit?,https://news.google.com/rss/articles/CBMioAFBVV95cUxPNUttVGdrckdCRGtMYWVrdmhlYUFQbmFQQk9yV25FdlNCMEFYbmd4Q1Uwd050ekp0dTJQdUZXNWNGOV9oVnQ3YzlOUmVJZm91WnZUYVJ4ckQwWDFnWk9jbFVKZGcyOHlORkI3dkVib0NPc0RzT1NLUktUWnkzOWU1bWhKWW9UQVp5OXc1Wnd6Z3JVWWN1bjRUUGxCMENWOUJv?oc=5
2026-05-18 03:00,Yahoo Finance,finance.yahoo.com,"Zscaler upgraded, CoreWeave downgraded: Wall Street's top analyst calls",https://news.google.com/rss/articles/CBMirgFBVV95cUxORTZQc2psckpzR2M4dy1kSDBIYWNwRjF2aW4tSi00M1pjME5MLWxSWlh2WFctMkVpLTJhZFJETlVsN29qazNYeU55QlB5aEFaa3dOTjBpVEhVaERTVWs1emlnXzdocFh1b1lpc3R6Yl8xNy1LZmgyTlRJb0R4aEJOSWFmQ1dHbmMzYmxpdFotaGRFdjE0dFpGOTQwY2c4TFh2VW80MmJyN3pjR1FUSUE?oc=5
2026-05-19 03:00,Barron's,barrons.com,"These Stocks Are Today’s Movers: CoreWeave, Nvidia, Home Depot, Akamai, Agilysys, Micron, and More",https://news.google.com/rss/articles/CBMiZEFVX3lxTE5hSnFtMHMwM2xhTnBQbnFFc2FubVR3Y2JBeFpoYkhVcDJvaFB0RXYwWkExemJHSFdWRjZndmN2T2VxeWlTRW5rU3hGR1ZNRTBoUjNXaTlqbHgtVjZoVUZPV0Y5cXk?oc=5
2026-05-19 03:00,Benzinga,benzinga.com,What's Going On With CoreWeave Stock Tuesday?,https://news.google.com/rss/articles/CBMipwFBVV95cUxPVG0wY0wwb1A2OUsydXk0Tkphd2JmLUpnanZlZ29tajdWbEpjY2hiUWw1N0xqZmgzd1h4eWt2WjFkdXlraU5oV1pBWkZxY09HeERGb2dpNlZrRVdFNkZEZHVTbFh5SFRRUVVkM1VWWlBsb0s4REVIVXQ0eWlCSVVLZWtnaFZIZVBxSG9iM29pTnQ2RmczQjFDSlYwSVV4VGd0Sm9ydzZ5Yw?oc=5
2026-05-19 03:00,Bloomberg,bloomberg.com,Watch Meta's AI Worker Shift; Home Depot Sales Fall Short | Stock Movers,https://news.google.com/rss/articles/CBMiqAFBVV95cUxQcktsVm9MZnpCUDIta3N3TEREakMzX1BXU2JJTVVnRUhzc0FoSU45R0x0am1weDlnTlJ5blRGUmNtQUg3MG16LXJSb2xzS1c0aF9ZUkV0YXRCTFlPdWpIRkd5U0ZBWVdXRHFqMG1vZEtQcVFpZk01Q1BhMXhBNGZVQWR2UG52NThmUjVXQWdUZGhnMTI5YXF6cjMwbzJERjZ3VVg4VnBPUUg?oc=5
2026-05-19 03:00,CNBC,cnbc.com,Cramer’s Mad Dash: CoreWeave,https://news.google.com/rss/articles/CBMiekFVX3lxTE91WmlVUkJKLVBKR29GU2V0bXBGOW12ankwbGxiazFJVk90eGNCZVk4ekg5bDFwd2lreWVrVHk4WElBRVpnSzAwZFJ1T2JqYzA2NnpEby1FNFRqVlpUOEwxMUwycEhQRHdPblpBQzZIQXUxb2IwQVZOdUR3?oc=5
2026-05-19 03:00,MarketWatch,marketwatch.com,CoreWeave’s stock falls as new Google cloud venture may signal more competition ahead,https://news.google.com/rss/articles/CBMixgFBVV95cUxNWnNCRmNfbFFjVVk5UnNGQ0M4WTB6UDhBQVlUUmY1QXJDVVI4MlBhYUZBVzFscU9HcVNmcVBEcTI2WEJxTDVpWVR5VW1JU0FxUkFvZkVIVWFQeWRjREY3elNSQjBxeDNKa182NzBmNjNSRXRXa01YZjFta21ORmhhSDZFWGNXWkJTWTE5Z04yWkJidGFvazFyNm0waWE4WE94c3ZVZTU5Y3JRVEg0TTZjNVJqWTliZ3pvUko5Mk40bXY5OTdySnc?oc=5
2026-05-19 03:00,Seeking Alpha,seekingalpha.com,CoreWeave: Don't Say I Didn't Warn You To Leave Before It Was Too Late (Downgrade) (CRWV),https://news.google.com/rss/articles/CBMiugFBVV95cUxNWEptNGFzS2pnUDdyNE9fTWYza210WnpMZG1vdm84clpxbnRBX0VJRDBwR0hvY1hUWG91SGdjdlpuZXpyU05MT1JoNUtOdi1uRzQ5MVBtVFd2a01YLXJWY0NjVmJEY3lDVmN0OW15ODFYTDhYUThDTUxReEVHWkVPNzVqTzUxTWllemVpajVUdzNveHozc0RQYnFJdTdIazlORkt3c2lEYVZ2cV9XYzFmVHFfa3ExX1AtaGc?oc=5
2026-05-19 03:00,Seeking Alpha,seekingalpha.com,Why CoreWeave Still Looks Undervalued (NASDAQ:CRWV),https://news.google.com/rss/articles/CBMihAFBVV95cUxQSDFjUVBNZEE0SGJFTFlpbTJGTEVia01SSHFUdzVuVzBJWlhWckY2X1VPSjJUN3ZORFBFTUMyT2NxdWFWZktSSXV0cHlNQzVkYVQ2YmRfU3hwZHlSWVZiajgzbVNmWkRiRWJUQk92QnBTdTVrRk42cE9pR2taeFBvZC1uWXo?oc=5
2026-05-19 03:00,The Motley Fool,fool.com,Is CoreWeave a Safe Stock to Buy Right Now?,https://news.google.com/rss/articles/CBMijgFBVV95cUxNSTh5VHVRcmliRjdaQ1dtLWNlbWNBcHJfY3ctVnlENGo2N3dHakVkaUE5cllKX0NNS0tteVRnblUtSmtqT2RjbkZxeGM5OFZ0YUhGOFh6bThnWWZpSTM1QS1PeWxXWWJ0X1BHNUxDWHpySk5hWEV5aUlZR2J2TTRRYS1EVVhkTWxUbndCUUFn?oc=5
2026-05-19 03:00,Yahoo Finance,finance.yahoo.com,CoreWeave Faces New TPU Rival As Shares Trade Below Analyst Targets,https://news.google.com/rss/articles/CBMingFBVV95cUxOMVU2ZGlva1pienBMZ3J5WE9oR3B2bHBUWGpFZ1hZZmkyV1JXMzc1YURvdi1LWVZWSVdLQk93TWs0Y1lwNHFFVXFFMkFVVTdoaW9WY3NuQ3RyT3Z2RUphbnAtVExBaUNtRHg5eUN6bS10ZUNHQ0Qwb1VnR0cwNER1eUhVSXdJUFljZVRvelhpenRwaEpSejhRUFpYT0cxUQ?oc=5
2026-05-19 03:00,Yahoo Finance,finance.yahoo.com,CoreWeave Has Raised $20 Billion in Capital This Year. Should Investors Be Worried?,https://news.google.com/rss/articles/CBMiogFBVV95cUxPUGNpSlFPUEd4UjBPVzBpMDVSSGRQTEN6REJEZ2ViRk1VYlhZeHB3cmRDQTcwSERFOFQ3YTg5VUE3bU9IalRhcklUQ2RUcUN0d1RQNEtERGdtYnptWnFpNGVPYVliQlhkTUtHX3pVRlR4RUwzWDlzNXRHZTlsV2U1XzNIZU1iVzNLTFZRbXFaYkNPM05OSGgwWEh5RHRTaXRnOFE?oc=5
2026-05-19 03:00,Yahoo Finance,uk.finance.yahoo.com,"CoreWeave, Nebius shares drop as Blackstone and Google launch $5B AI cloud venture",https://news.google.com/rss/articles/CBMikgFBVV95cUxQY1pjWER4VGQ0a3NMdnZxT0RMeE9lRXlyeWswN2dRanBGWWppN1RwMkJEYzBidW9IRlBXZE9vX08ybGJKaVlVaDc3ZTA5dlpmWDRCcnZMQ0RqbnJXbWJkcjNYX2Z6bGxneXRnQUVHQlNJOWdmWi1yWnkwN1U5c3BYa3JJcjNobHRvbmthUnJUUGFfQQ?oc=5
2026-05-20 03:00,Investor's Business Daily,investors.com,"CoreWeave Building Up Enterprise Business, Led By Financial Services",https://news.google.com/rss/articles/CBMiswFBVV95cUxNQW82VmZWVTJld0VPSllNb3V5R2w5SU9zeEZKaXBtcGNPTzM3Z0dNeXJaLTNMdHptYW9ZcDhIS2M2SUVzaFZrUG0yYjdiR0R3bkdXRlk2cnhNT1FwOUJuWW4tYnNHaFZvUndfN3hMVUtfSVdvbmJuX0ZGSGFsQ1pnWDh5bzFDdXBNckMyN2xJZVRHV2Z4dFdkLV9lUzhybnk3dnplNWtVblB1Rnd3MUlnaFVXMA?oc=5
2026-05-21 03:00,Barron's,barrons.com,"SpaceX IPO Filing Is Moving Rocket Lab, CoreWeave, and Other Stocks",https://news.google.com/rss/articles/CBMipAFBVV95cUxNejVmdWJGSGl5cU4xeWEtd1FXRU85T2I3c0dIbzVZVzBuM0FQaEV4MjVKSEZzdmhpR0FNVTRYZHduOGxoWnR5a01UekFTLWp5bUprV001d1l3SWFBdG16TEFwS054b055WGdEcFIzbFhIY08zYnZ5bW5ZbkpaRjdBZUppN0MybXhyeGxBeUpOYjNwVTFhZTNHb0dpMEFlOTRiRVNFOA?oc=5
2026-05-21 03:00,Benzinga,benzinga.com,CoreWeave Gains As GF Securities Sees AI Infrastructure Boom Driving Growth,https://news.google.com/rss/articles/CBMixwFBVV95cUxOZVpnalZDVUoxcy01SHVvY045T3k4eDJORl91SF9JUlhHWHItYUozbFpCdHI3Vm5LYjl4UkVOZTlvbWY0c3FWbXFMSlZ2d1h4b1VJRTNKRDZ4MmJJa1ZtTC1zMkMwdWp2ZzRZQnNXbm9SMnhpM09XZ181WHRxejVqU3lfc0hfMV9BcVktaG9aNEo2YWlkM0V1Q1hOdWNOQ251bEpCWUNsUi1SaXdjSzRkb0xpcjZBblBub0otb2h0Z2Mta2NNemNR?oc=5
2026-05-21 03:00,Investing.com,investing.com,CoreWeave CEO Michael Intrator sells $30.2m of Class A stock,https://news.google.com/rss/articles/CBMiwAFBVV95cUxONGRxejlFdE5Oa2xIOF81MndWMjYxMS15WURTWnBkYmpHWlM4WVczWFR4TmtMTVZrMGFHN1dxcmM5Tk9WUG0tc3NFM2I4UlYxUVJKTk4yUzFDM0tXVDNXWGFZY0dwVVk0NlVPX2tGQW9WWXlqbGNlakJFTWI1LXFaS2huR0VHM18yVWo2bHVUZDllWUZsMVR6bmZUeUhjY1J2bkxVeE1iQU5VbjZVTS1qQk5VSXZZcU14aXZtVkktcng?oc=5
2026-05-21 03:00,Seeking Alpha,seekingalpha.com,CoreWeave Stock: I'm Still Not Willing To Buy It (NASDAQ:CRWV),https://news.google.com/rss/articles/CBMikwFBVV95cUxOcWR6V0o1dnpGS3BuNFdZRDhNWElZMWltelNHVE96UHJ2U0dGcVRoS2Z1eVFZUjd4ZVZ4Z2ZzYjJzWmFGQVhKZjlHSG9lSDlrbzc4T002bk1xejM0VXgwa19aUlNGUG5TenVFWVREYzVHczg0cmlBNWhZS1oxWVpqODdyRHFzaGxJY2hCSjhDakE3UnM?oc=5
2026-05-21 03:00,Seeking Alpha,seekingalpha.com,"Nebius, CoreWeave, Iren surge as Nvidia discloses H100 rental prices continue to rise (NBIS:NASDAQ)",https://news.google.com/rss/articles/CBMivgFBVV95cUxPT0NobzhPYXJOMHVIMzZlM0ZFMmR4eDc1LUVIS3FtOG56Zmx3MW5qRUNQQ2pQMWMxa0lVYmpzb3BlYUlOazFBblVqcmxZWTB2bDZWWFZ2RkdTcTJfYWdYN0ZoV1dsakpPVVkxcEZfN2dtTEJFQk1ySm53N2JGa2FfYkVzOGtMQlJzU3ZGOVkzYmNIUWtrZ0d5dHJ4eW9ZajBJU2E3UERvWlE4a0UwLVYyWFBRaTRBODBoRlZsbkRB?oc=5
2026-05-21 03:00,Yahoo Finance,finance.yahoo.com,"As AI Infrastructure Heats Up, Stay on the Sidelines With CoreWeave Stock",https://news.google.com/rss/articles/CBMipgFBVV95cUxNeGE3dlNOR0h0X0xOZ3QtbF9GTWNQTm1GSkdGX0dleEpZOG4xbHdTdVNHYXVheUhBTllmakNveElJcjRwSG81cS1oV3FCMl9ldm1LeGRSWDBqUnlTOWFubGlhLWVjRWo0UEVla3ZRVDl1c3AyVGtMN1hLYXdBMy1RZ0FwLUxCXzdWdW1pdVM4bllyU0JFcHRqWEhYSmVBUFNkZFNTUHdn?oc=5
2026-05-22 03:00,Business Wire,businesswire.com,"CoreWeave to Participate in the Jefferies Software, Internet, and AI Conference",https://news.google.com/rss/articles/CBMizwFBVV95cUxQZWZzdG91THotYW4wVGlYSWNfWWtzX2Q0Vm95ZTZFdDhwM0dJZldOeWd6WFlLWDJ1YVg0Y3BHYjJxUTQ1UXJPcnd5QXdzTmpmVlBiYUc0YkdNVHdGNjRiS0pBRVlRcFlDeTlFbExDaHhUU09CMjJFTmFkSmtSLWFPVlNsWjNMYTZqMHI0Wm5BazFNcEtjX3c0MDZOTmlsOWtvZGVLS3RjWHZnWVdxMnh3bmJESnE3RzBpemRGbGVxcG4tM1NTSlAtTFpLM0o0Y1E?oc=5
2026-05-22 03:00,Investing.com,investing.com,CoreWeave CEO Michael Intrator sells $1.31 million in stock,https://news.google.com/rss/articles/CBMivwFBVV95cUxNa0NKWTlLVndYVXM2OWFMS2ZKMGI0M1JOQUJxeGRiOUwzbF9wXzVBZVBFNjFjd2N4eUR0SENwdVV5OHB1RXlnaWNzX09NeWVGdnZYSHNoWlctb0N6TzdGQ1A1VVVVNTl1TEpTUDZiMVNLT05HOTJucTlJNFVaZTFhRUFuQkt3X2FJU295c1JpWGQwV25Od0tqNk1TQVdValAzb3hfc0dSWFpkbFluSFhVMG9GZG16ZW04TmRRYlBLcw?oc=5
2026-05-22 03:00,The Motley Fool,fool.com,CoreWeave vs. Nebius: Which Artificial Intelligence (AI) Infrastructure Stock Is a Better Buy in 2026?,https://news.google.com/rss/articles/CBMi5AFBVV95cUxOTFFBSTZDWXFNMFR6bGpvUXBuNDhXeklHYkJkRDhhdFE1VWQ2VnFLcy16MzVQcVNySUZSUTFLNlIwMS1ncm5lUnNad283cE04VEtJTzRMSC1sWXNqOEpKYlRpdXZTVUdoTHRBUDlscmYyMlcwWmVmY3JqZXp6VHJ1U0J3RGp4dENhd2tnUjYtcWNDM1JTcDRkME9EdXdRZ2Q3YVJ6ZGx6cFN0d1Azd0p5UFJ6ZnI2NmRwZ2RoUTZhZm5VZ0JaTmEyd2k0Q1RzX1dsLUlTLW82eF93a2VKODNLaVFXUHc?oc=5
2026-05-22 03:00,Yahoo Finance,finance.yahoo.com,CoreWeave Pulumi Deal Ties GPU Cloud To AI Developer Workflows,https://news.google.com/rss/articles/CBMimwFBVV95cUxNVk5sWDlsem1adDNpMGJ4MjRpOTh3TzNHdkhkZDFqYk5DNzFDMlVNUHlwLU5aUEZrc0lUbXBUWWpFSmI0NDl4NjFZdnhsX1ViSmdOaWRadGt1MU5ETXZYcXM2cTJNZi1YdllSZXMtUGdkeGNJZ0hSVHZ5RDFDTDNCUS1PTi1tZ3pBNy1kSE1fckdQSWdha3Z1WkNoTQ?oc=5
2026-05-22 03:00,Yahoo Finance,finance.yahoo.com,CoreWeave vs. Oracle: Which AI Infrastructure Stock is the Better Pick?,https://news.google.com/rss/articles/CBMipAFBVV95cUxPVlNqb19fVmdqNEI2VWJaWGR3Q2F5VEdpd2VQaWVzMGRPYlpNMDZJZHJ5S05xNkQzWjVJOW5obHdKWnZETnJWMGtodmNVZ3R5SFF5dmg0YXVhZ1BGMmQwQXFFbEZCQU1SX0szTTRfUTFzb0VEWXdBeThQczFJU3cwVnE1SDJiaWtWbTdoSUtZZ3dyV25Na0twWWc5ZlVaZ3h3SGsxTQ?oc=5
2026-05-23 03:00,The Motley Fool,fool.com,2 Hypergrowth AI Stocks to Buy and Hold for the Next Decade,https://news.google.com/rss/articles/CBMilAFBVV95cUxQQkZENnJ1d0p2NUg0SFhnWGRXcUdZM1M0TG1qT05kMFhESGpzZ25CUjdnZ2UxUnpIS3FYeVU4andPeXk2am5fWE52U0JrRmswYVRwYkdOd25RUERyclV3XzdGZ0tNSGRnTGZwNjNydGlTdlVXRUsxb041d1RRQjQ1RXh2bzNsa250RG5mSW80cW9tdFM2?oc=5
2026-05-23 03:00,Yahoo Finance,finance.yahoo.com,CoreWeave (CRWV): Top 10 Aschenbrenner Stocks To Buy,https://news.google.com/rss/articles/CBMiogFBVV95cUxQaFBnRmFBNFpvSTZmbTVmR29kSmMtRy1wQ1RjSUduZ2dWUVpiLUpqcV9aMEdPQzk5NkY1b3czaGdQbGRLaTZjNE1WN2VfbzU5dVlISGpfQmk4ZUJKeVpGa1BXRi1PUy1KNU81Uk83UjVoQmtOVUdsWU53VmpGNUhsdWR1aTdGNW1zS0FYNHczWk1sVlVHZGp0WWpLQ3NNaTRjLXc?oc=5
2026-05-24 03:00,The Motley Fool,fool.com,"Google Just Shared Bad News for Nvidia, and Even Worse News For CoreWeave and Nebius",https://news.google.com/rss/articles/CBMimAFBVV95cUxQblZkQi1OMlZSTDMtdVI4X08zRW1SaEs5dnVBNENTcVFTeWtPMExkbEtxckJ3MFVIZ1JaamtrTThkS2hUUHB3aG44VEdoZE5VcXFkUC1ZbTZESW55ZEE2M0dCaFM5TElGaE1Kb1hsS1pkWFRodHJ5OEp3VkpLamNRanZMdHZxWHk0S2lHNzBYUFkxRl9FU09EZQ?oc=5
2026-05-24 03:00,Yahoo Finance,finance.yahoo.com,1 Outstanding AI Stock You’ll Regret Ignoring 10 Years From Now,https://news.google.com/rss/articles/CBMilAFBVV95cUxPWS15dld4TXpXVDNOU01taGRQLWtGR2pRb1JUYVVVM3JLV0M0NmoxdWFSNFVBci1BaUN6d3ZzaWxFSVFteEY2Vlp0Z2lKYTdldEt3WmNSUjJvZm9JZmV4WUZUMGhaNGxJY1FMc1JtbG5BTXNRWnpzMVg3bnR6QXJCTjM1RVVaNGZEWl9ab3lXR1ZUaG51?oc=5
2026-05-24 03:00,Yahoo Finance,finance.yahoo.com,Wall Street Is Warming Back Up to CoreWeave Stock. Long-Term Demand Is Helping.,https://news.google.com/rss/articles/CBMioAFBVV95cUxOb2szOHJCVmJSOWlQYzV0azRTMWhMcENkcDNvT3VWMkpwaVh1U0VnWEttMTYxVlhJaU8wTTFTOVBQVkpUVVBTd3FSYkZjZWFzanZBemMyXzFLQUxnRW01YU1yRm5WUTIzeTRoTWxrN21CNkRFdlV1WDRVUHFGLS1hYlg0SGo2U1ZZVFpWYklDNGhlZkIxWFJfd0w2aFBBUm9i?oc=5
2026-05-25 03:00,Yahoo Finance,finance.yahoo.com,CoreWeave Sandboxes Launch Adds New Layer To AI Investment Story,https://news.google.com/rss/articles/CBMipAFBVV95cUxPcmRTOTNmd0NuenFRWHFzdE0zVXRBMWpmeEZlOUd1WFRkN1dRaWRHZFQtVTNmeXN6eHVxR0dlRjF0enYzbkdZc2w4ZTlFQ0lMam5NTVZPekctajJJdDJyV3dGR1BENzhMQ3dvcXVqVHVsOUVJbjJmdDlRV1VEekk5QjN4Y05WakNzZWoxQS1nS0lmUjJMQjByRW52eUc4Q0tFQTBPSQ?oc=5
2026-05-26 03:00,Benzinga,benzinga.com,What Is Going On With CoreWeave Stock On Tuesday?,https://news.google.com/rss/articles/CBMirgFBVV95cUxPV3k3UGZqZm5nR1FnSWpCZVpKWUxtOXN2SjRnOEJpWnZKRDB4bXJNNkJHQ0ZVeVBjVzVwMGIwbVNyZ3lqUUhzMWt0V3FmYkpxYmZ5YnhLNGM1VFJaOWlFRGNJaVVrbTlIUTczV2tuZ3dRSXR4QmIzN1dzcHpKd0RzdHkxY3Bad3E1NXlHNV81SE9FOVNQbE9Rc2V6YS1xMGZCSHE0UXltQy1FUlRMV2c?oc=5
2026-05-26 03:00,Investing.com,investing.com,Deutsche Bank reiterates CoreWeave stock rating on AI infrastructure demand,https://news.google.com/rss/articles/CBMi0AFBVV95cUxPWHZlQ21DWnJhWkRJWENaMVBpeF9ObnJZWG9kSmZkeFdUTWxUenFtZmFjWDF2N3pzelQ3N0JzWDFOUTI1TFNnOVNncmI2amE3eEJLZTdqeGx6RDJxTTNfMmlWcUprdXcya0RGVTc5aXR0UU9YT2pNR2t4Q0tMRWRjMEhGejViYUtFajJlYU5sX1ZnSEpTdlo0djhyUXowMkpsYjVmcFRweWxOSGpSZnM5V0RVaHF1VkZOWVY2dDhTdzJGWXpVMm0tVHVZM2hwZzg0?oc=5
2026-05-26 03:00,The Motley Fool,fool.com,Nvidia Just Increased Its Holding by 95% in This AI Stock That's Climbed Nearly 50% This Year.,https://news.google.com/rss/articles/CBMimAFBVV95cUxOZS1tcC1MZlVaem5Zd19NLWRwbmdhOWg0QVZtQzVZQ3Q2YmRyTW1qa0hnRXZYOUx0OFlWbEx2S09kZk9xSWtpVWFrY1ZNMjNlYThRRVlrWWdoenNTY1BEMkRPN3JKYU1sNjN3SGMxOUVfeVVOTWxhYnlaMFJmTzVLdmp1YkhycGlXSFJISWtkUlVJa2I3T0RPbw?oc=5
2026-05-27 03:00,Benzinga,benzinga.com,CoreWeave Stock Is On The Move: The Chart Tells An Interesting Story,https://news.google.com/rss/articles/CBMixwFBVV95cUxNdE9BTHBmazJzV0RvdzVvbk1PWURDQ1ZFZjA4XzRldDFzQWlSaDNzdDI0NDI3SGpWMzhCTXgxaENnR1k4cklMM2RyWm1xd3ZQX0VWR2hGaHNNWm9pUlF4b2plNTVqdWZmMF9KalZiMzVzc3NBVzdqUTFxNlZPNzlSSUZHVnJlVTJJSjJqQ0VwalZpcWxkemJWdHNtOVZLX3ZKYXVnNkdVOG5oWEVVQVFLZWFsM1EwOTNNWGJBVFg4VXNNcHh3azJv?oc=5
2026-05-27 03:00,Business Wire,businesswire.com,"Tensormesh Raises $20M from Investors Including AMD Ventures, CoreWeave, NVentures, Launches Tensormesh Inference to Fix AI’s Most Expensive Problem",https://news.google.com/rss/articles/CBMiqwJBVV95cUxNMGx6Y19DZFNEWkV0SUVnTVBMa3JUdHNoMG5Xb0lBOG9RcnZyNlJoSmlvblpPTUJGd0oteGxwbmlDMmxtemdHRzlKWUlTOTB5WHlCNUpINFhON0g0NkZ6N0dySVBMSUVfYmVmUFgyZHR5dVoxUC1ZWWVwVllBNmdPMG10aGRhNFZnV2Y2ZzZVTnhPQ3hnV0VsdW8wNnRiVTQ2azM2cHA4bXBEdXJHODFEZlkxYktmRHlaYU1uSUg3LU9wellKZ0FpTWR4M1pOZzlfUjlSNVQtdWhZLTFhdERjaF9hNTdjcXBMOXBYRVB0NVU1Q2FyV1g0UDdjSDNZbzBldWxBZ05YclNfSUZvLVFic3JXdVRreUNybjlaemhwdFZnOFNQbHIxVXZVQQ?oc=5
2026-05-27 03:00,Seeking Alpha,seekingalpha.com,CoreWeave: Something Doesn't Add Up About The Backlog (NASDAQ:CRWV),https://news.google.com/rss/articles/CBMilwFBVV95cUxOb3ZXOWY2UG5JSEhKeWhVbjg1bmJ5Y09lVGthZ1U2SzFGSkZTbWltS0tycGtZcFN0d3piRjllTDh3VTVlR3Y3SEpHaG9icHctd2xPTExyd3ZYcXdadDQ2WlJQcDhaVG55ZWJTZS1GWENEV3BseTY4TXJ2elRmUGNJbHhJSU0xZ0ExWE8yTnc4eXBldGl6Q3BN?oc=5
2026-05-27 03:00,The Motley Fool,fool.com,Cerebras Surged 68% on Its First Day of Trading. Here's What That Tells Us About SpaceX's Upcoming Monster IPO,https://news.google.com/rss/articles/CBMimAFBVV95cUxNRENfb3ZIRWZlUzBfdlQ4TWZEaXhoU1dqN2tOblhVNHlTRWpZR0pZZVVYcFJ3YUdQczBwc3d6MXFxR1VKRVJxRUdVcDVGTGVHdHJQSWV3ek13NVZCRFBRM0w4V0JVMUJXNzF6YzdmMVFpNS1lUXc4c29zX3dxY1F4UTlaTkRQZXFHMURvSG83eEd0dmplZmhnOQ?oc=5
2026-05-28 03:00,Business Wire,businesswire.com,CoreWeave to Participate in the BofA Securities Global Technology Conference,https://news.google.com/rss/articles/CBMizgFBVV95cUxOZEItMnlaSXVJN0N5Z01FSXoySVZ5TVlQYTlLSHZ2SGJnbUZoM1djRV9faWZyUkVGbG83OEpqbHVsZ292YWppWVZya09jbk9ZY1ROWDZDenpEYkduMFlQWFk2OTNBeERfdHR3LW4tOUJMRmFMTHMzc1Zya3BKNl9salF0U0thd013Q1NXQmhmM2FoNkNBeDJ2TVowNlNmeG1zbDlPZzJpWGZCRUZxaGNqS01LSUplaHplUDdoOGE5bkkwbGY1Z0Q0aUdqeFVrdw?oc=5
2026-05-28 03:00,Investing.com,investing.com,CoreWeave CEO Michael Intrator sells $32.8m in CRWV stock,https://news.google.com/rss/articles/CBMivAFBVV95cUxQeFFVaDVWLWNlY3ZEMy1EcjEzdWQwRnNqN24zWHJRZjhZdTVFX3JMMmRUdDMyY0RfM3Q1TDBfQmkxa19vNkpYYWd5Z05uTW9TTzRxU19aN3lBVFJKTGxsM0xzbUIxaVBSM2pxLUYydjV1VmJ6b1lKa3haTm84MHhPaU1fbk1IWWlWQ3owOWY2NGpHOHRBMnVJUVV3MXZjUDFCTU94TjhzT0xKWEtRbFNOUEVMWXl6MXdOVFpHNQ?oc=5
2026-05-28 03:00,Investing.com,investing.com,CoreWeave director Jack Cogen sells $106.3 million of company stock,https://news.google.com/rss/articles/CBMiygFBVV95cUxPSVFPMmduTG1DS01oN01Ydy1KdHBkLWZqbE02UGpfQS1lV0M5Ykx6QlpISldVMkhZdmlnTWJTYXBkelk0bGFQeV9keHpTMi15dGVqZTdONWx5YVpSYzJROWtpRmh5OFVGUm8tX0M2TWVzTnp3dGtfVHlQZ056bldtZFdMVEMxeVdBNTE1eGFPc0o5c29QVkRsclN6eEpGUm1FU0VvZGNYV3MzNnBFQmtyb1hMeUpXQlN4RmxpRzdORm5ZYXFITTRVNUt3?oc=5
2026-05-28 03:00,Investing.com,investing.com,CoreWeave launches unified agentic AI platform capabilities,https://news.google.com/rss/articles/CBMitwFBVV95cUxNeHBySUJ6OXVvVk5RRXlqb2U4S3J4QWg3VzZNT2V0enZBWlAxVWxKQms4NDNNSHlrUjRwbGtRTW0wSjdHdW1pUjdZdUplQzJXcDRLcVIyXzhkU0c3amZLbG5mNG1VNzJPUng4RmRPYzhfWU9oYV9WTklfSmp1WFk5NWtwRnVVMW5wQll1bjhROEgyMDNBNTNIVUw0Qm43eEkxZ3l2U0o5X05xN3VsUVllT3I1VHo4VlE?oc=5
2026-05-28 03:00,Yahoo Finance,finance.yahoo.com,CoreWeave’s Closed Loop Agentic AI Aims To Reshape Growth Expectations,https://news.google.com/rss/articles/CBMingFBVV95cUxPM1M4eWRZNHdRYmpLQUdFQWYtOEZoZnFVNUZibkR0OGdDWmJtNHQzNktTS29mSWhFM25Hd1NhTVpiYjFBQzU1aktSLW1sV1oyczJrR2ZOaWlwSWNULXp4QUQzcFVKdHJWOXRCNmxfbE1yNEx5NGNfcDdkbjZaOTJaX05nNmxpTEl2TjdGTGgwNUpObTItbUNLbkRscEM0Zw?oc=5
2026-05-28 03:00,Yahoo Finance,finance.yahoo.com,"Here’s What Analysts Think About CoreWeave, Inc. (CRWV)",https://news.google.com/rss/articles/CBMinwFBVV95cUxObEx0OGlOeHQ4T0ZVTlBZSF8zWHF2b29HdmFNYWozQ3BhX2lEajlPbUQ5NmIxMlp1c3d1aGo3enJ5XzBVekhqelVEY3NHVnUzcUFqaXg1bWFLWVlhMTh4dmdBRlQtVENGRk1IWV8yaVdaWkJDd3d6dFJGYUQ3SWhPRlhRZ3JCUFYzNTFPVUxGVWdtM2p3cG5oc0FETWlIeFE?oc=5
2026-05-29 03:00,Barron's,barrons.com,CoreWeave Insiders Unload $107 Million in Stock,https://news.google.com/rss/articles/CBMie0FVX3lxTE1BRTBZUFQxOG5WYjQ5d25XM3RTZEJOblNPc3NNRXBsOWstNEZjU1Q5UzlHbmFiS2x6akExOU5UcU5VaWVWZUt0cnpxbGJCZWE3U2p6eVNmUlBXQ09WQUtMTER0dzZNMFNPUzI5ck1OMkpQdFBOLW9ncXV5MA?oc=5
2026-05-29 03:00,Investing.com,uk.investing.com,"CoreWeave CFO Nitin Agrawal sells $562,758 in shares By Investing.com",https://news.google.com/rss/articles/CBMitAFBVV95cUxQSV9WZkcwS1ZobWhXNlpPeDJMX1g0SHgtaHh1YXhVMnFIaWhIS0hEbGdiMWM3eVBDeHoxamY3VXRXYXJqR1dhelJxdWRSNkMzaHZwb3k1VDNyNDQwZE1FWUVyYko3Tm1vV1JqZlVsSmNDQmxVelp4VW1CbmtZRENhM2hzR2JOaDZ0QnExNEM5SDZVaTFYbGd6Ylh3SU14ejNVT3QtOVRZLXFpU2o5cXhDbUwxQk8?oc=5
2026-05-29 03:00,The Motley Fool,fool.com,71.6% of Nvidia's Portfolio Is Invested in These 2 Top Artificial Intelligence (AI) Stocks,https://news.google.com/rss/articles/CBMimAFBVV95cUxPc0ExQjFVVXJocEg5TnRuanBDbGd2ZXo3UGhJYmlua2R2SUZlQWYwdmZiN0xyZ2VndUU4TFNuanU1UnNRWWJqbHNoTDRiS2JTZ0dWT1MtbnRfcjFtX2xlcEVqVU5Wai1VaGdQVERhM3M5NUVGZkl0cjE3S0ZfWGlGVzNPWWpSdThPRmtRTE55Tmd4UXZlaEctOA?oc=5
2026-05-29 03:00,The Motley Fool,fool.com,Chasing a $400 Billion Prize: Google's New AI Cloud Company Is a Threat to Nvidia and CoreWeave,https://news.google.com/rss/articles/CBMilwFBVV95cUxOUlFSWmRrYVI2X1diTTBRaWNJVWRmbUpySXd2SkJBX2oxZkw0N1hVZW9Xd0d6Y2xfRm9yV0lYWXh3bURlTE91elV2Y1hjaVhOWWh2S21paERLRjdoR1g2T1hpMnFONkhqaUtQUjVzeG10aXBZaV9pNGhveEtzY0toOVJiRlRKTE5LeThXMkpNMEtpRF8zaEpB?oc=5
2026-05-29 03:00,Yahoo Finance,finance.yahoo.com,CoreWeave's Backlog Hits Nearly $100B: Multi-Year Growth Secured?,https://news.google.com/rss/articles/CBMiogFBVV95cUxOQnk4VnJ0TzB1ZGRsSFlKb21TQWZONUpjMEt4aS1uOHI3NFBSMFVjOWZuWUJWdnMzQjFTZWFOQlpUUTBsX0N2dkZ0WWVBZ2ZpZVpXcklnTlRaMHJ3bmdDRFFteFAxVnJIbkpXaFdTQmdMVVBSSThoVkpzeXh2UUl5aldEZkFMZmJQWnpMWDVXYmNfeEJJaG5BV0wteTdjOHE3a2c?oc=5
2026-05-31 03:00,The Motley Fool,fool.com,Nvidia Recently Plowed $3.8 Billion Into These 2 Artificial Intelligence (AI) Stocks,https://news.google.com/rss/articles/CBMimAFBVV95cUxNVXd0VWx0dnl0YVBsdXd2YURISmM2bVk1aXpPOGtqenNhM1pRTlcwMUNxRVNOaFkxNkxMSzhnZ2VnRGpWM09XNm56SzZsU204UGhNNHVRSmNKbm5nUnhaRGJJMlhzd2tibFZkdFlVMDZ2WlNZOEV2dGkxcU02M3FFZDlqT1JYeU5PejhCQVczZ092ZGRVR0FpeA?oc=5
2026-05-31 03:00,Yahoo Finance,finance.yahoo.com,"CoreWeave, Inc. (CRWV): Leopold Aschenbrenner Admires AI Pivot",https://news.google.com/rss/articles/CBMiqAFBVV95cUxQb1ZKVy1nRUFIN0VoYjBnWkFmd05ZaF9iM0pwTnZuLW1ISXdGTUI3d1BCa0doYlNHLXpCVVhfS3VuQU9sbG1SaGVEMU0wQ0VMUllFTWFjQWc0QW5zckVvdXRPQmtmNW45cHpndFMtVEFZX0lFbmltQjIxdl9GaWN3QTZPUVlaWUdjczJHeU1nNzVrMHBHVmFMV3NxSEVpaW05eTdWTXlWVWU?oc=5
2026-06-01 03:00,Barron's,barrons.com,CoreWeave Is First to Offer Nvidia’s Newest AI System. The Stock Rises.,https://news.google.com/rss/articles/CBMiiwFBVV95cUxNM0VqSWVHSW56Wm9fMllnRGwxZUlSVHhMQ3lLTHMzU2F3eUF6NWt1cjlzTmZTNzQtM0NndVpWR0IxU0tuSzZvZTg4MTRzbXJUMl91UWRfVGUxMzI3TVFsMXk0OHJvVVg4MFZaaVZiS1IxNTY5Ym9FVGwxUjNPdVpJUmt1Z3dBY1kzSDdV?oc=5
2026-06-01 03:00,Benzinga,benzinga.com,CoreWeave Strengthens AI Cloud Lead With Nvidia Partnership,https://news.google.com/rss/articles/CBMivAFBVV95cUxQM1V1dGhSMWV0Q0g1SEZVYUdBZDJZc25fNW1nREZ2Mk1nOHVsZC1jTXlKaU54eGdvSjVIdHpvRzl4MGdSMjFCb3p1dU5QdEw1VkU1VDVGaGRIVmpoalN5ZnA5M3M2aUxsVXdsMlZWMGhkOHcxc2lkSFFUdkI0WnZyOTZORkRLWHVFal9xVk9aRUplblpvMmlIbU1ONFZYQkczcm1ZeWE3MkVHUTMyMWpxVWFxSjVISVhDanI0Vw?oc=5
2026-06-01 03:00,Investing.com,investing.com,CoreWeave brings up NVIDIA Vera Rubin NVL72 AI system,https://news.google.com/rss/articles/CBMirwFBVV95cUxQSzFzN2hpTS1WajB3bU1XcFJQbVhKeDA3bnN0MmJRZU40aG5pWGVKY3NwX0dJSGd1eXU4MElCUEF0bnQ0UlBXakthempfNTRYYkU5SWcyMkdBOTVDXzB6c25rWUplb1hJUWhkd1NMV2NhYUJCQTlsSUVFU1pUU0xXVTgxY0pSV2JWWm5Gek9LWmJWeDBTbHUxSHdOR20tQ1FmZVgzVWdpbWlNQkhISlRv?oc=5
2026-06-01 03:00,Investing.com,investing.com,Why is CoreWeave stock up 6% today?,https://news.google.com/rss/articles/CBMimwFBVV95cUxQZDRUd3MzZnNVVENyVzAxTDdtMWhNV0dORUtpVFNBWkhhNTVsYmxZalJsbU14VTY0clptaW1TUl9nOXNtYnhJRDJkZVg3SVJORzRYRjNTRXVpbjFuT09IMDdtY1FUU1VULWYwRDlkbkRRblE4b0NhSzM4SnE5TGt0c3lQa21USDNaNjk2QXZNcHIxVG0tcnFfcEhBaw?oc=5
2026-06-01 03:00,The Motley Fool,fool.com,Why CoreWeave Stock Is Up on Monday,https://news.google.com/rss/articles/CBMihAFBVV95cUxOdjBMWWNxTkZhMjdrMVB0cDdWcVpyWkRETlh6ak9SMVlYeFh0RG9JaXBTUjM0WW1iTXdwNTdzZVJvbVNGSHZZTVJjM2pKSWktRm50a1FOS1BaWVJsby1GM1Y1bE5RWnEzcC0zaE1rRHdwUDQtSnlWS3FnT1kwOGluUTg3eno?oc=5
2026-06-01 03:00,Yahoo Finance,finance.yahoo.com,CoreWeave Completes Industry-First Bring-Up and Validation of NVIDIA Vera Rubin NVL72,https://news.google.com/rss/articles/CBMirgFBVV95cUxPUlhsVnQ4amc4Y21VOWcwX0N1ZlYyTzA1UmIyVnpYTlRxV3g0UjlfREpEMU52NHRFSlAzdUY2UEZuSlZ3WXZrdjkzVTFFcGlLWnN2RENPYkVRV1JxZF9CTURUaVlRX2hHcVROQTNoUXI2aDRxbVJ5czJPVmRmRmJtRUpRLTFfVGRibkVmeEpHNk9tVjVrNEl4RHZtX2tFXzZ6bUczajlmM2IwMXVvdHc?oc=5
2026-06-01 03:00,Yahoo Finance,finance.yahoo.com,CoreWeave Just Launched a Shiny New Product. Don’t Expect It to Move the Needle for CRWV Stock.,https://news.google.com/rss/articles/CBMipAFBVV95cUxPQ0Z3WTd3LU1XTk42ZFFkWGhudUcwLXpWTUg2WjFOam9TZDNweFlMZjZfeXUzSzVDN1E1V2Y3SXo3Y2hFQkJaZkNYeUc3dFJUT2cwV1dhWlVTckU0cG5BNjVzMmZwWmdFWVRhVE9EaUExQVhlUVpObDloRFp0QmVDQ0hGWjRrcFJnQy1JUTJsREFFcy1OMkV3OUhoamRzZGw1STN6Sg?oc=5
2026-06-01 03:00,Yahoo Finance,finance.yahoo.com,"Stock Market Today, June 1: CoreWeave Surges on Nvidia Vera Rubin NVL72 Deployment",https://news.google.com/rss/articles/CBMilAFBVV95cUxOVkF3Q1lWZlNIekIxeGx4dnFnR3hxZ0FYTjNaWC1iLUM5NEVsOTFkYldLV0lXdkdSeEFJbkhndnZiYWQxRGZSOEFQQXNMbXNyRjYwRkR2aENHcHFOMzlZbHJIci1abUJKZFlad2JDQXp6b0tzNnVWTWs5dGF4MDh3Vlg4cHVtWE1KbTRXNjJiRGNfMW04?oc=5
2026-06-02 03:00,Benzinga,benzinga.com,CoreWeave Stock Continues To Climb: What's Driving The Momentum?,https://news.google.com/rss/articles/CBMivwFBVV95cUxOV2JKQlFueVZxRE04U2dYTVpqWE9XeEF0dmZrRTlMdkQ4clM2NmhEVHVWRVlpbmk4dlBIQjZ0LWt1NW9QWkVZY0doYjRJTmR6TU9Hb2hpMnFpd3ZSeUFJN2tPZFZCc1FXRTloOFVuYmswZk5xXzk0dDlFa2VhdGJNWjJsa3hnb3JMMllpUFZhLUppTktGSDlQNnBjNFZVcXJ5UHZiTFNqUnowXzZza1YzaGZsN2JiRjl1WktjS1Awdw?oc=5
2026-06-02 03:00,Investing.com,investing.com,"CoreWeave stock gains 4% on BNP Paribas upgrade, Nvidia rally",https://news.google.com/rss/articles/CBMivgFBVV95cUxPbGtqZTBmTEFkek5QSUVIV3J3S3hPS3FtZ0pyTWpEWGltMW10QV93aXlrbGxvdkd4Y1Q4YjJxQ2FkMHpGdE82SnpHbkEtVWhCalRYSmZTRGNrRTRBbGFhUzFEU0lXcWRQSGFJOGUxSTNod1IyRWkwMXBiRGtXZ3VOaE5KVDJGUDBFUlBIdldwdWplWXdtcjdXTGtpSVFUTUc3Tlh1Q29BN3Q1NGxBVFAyenZ6ZzVfdWRNekhaa3BB?oc=5
2026-06-02 03:00,The Motley Fool,fool.com,"CoreWeave's Backlog Is Booming, But Can It Turn Into Profits?",https://news.google.com/rss/articles/CBMimAFBVV95cUxNSkFrTEFXSnl3dFFqVzFIeTltRWhvWUNpdnl2bTRBUUVkMkk1UWRlUzhzR1dzZk9ORm1jcDFRaFN3ZXJhRElZU19qRFpaOTZkOEhzaEk0cTFTTEh1Vm1UT0FRWlcyLVh0RU9KY3hzdjJOb3NsZEF2c0J1a0VMaDE3Q1FSVE9mVV83cVV3ZUFGV3dHQlE5VEdicA?oc=5
2026-06-02 03:00,Yahoo Finance,finance.yahoo.com,Assessing CoreWeave (CRWV) Valuation As Vera Rubin AI Milestone Draws Fresh Market Attention,https://news.google.com/rss/articles/CBMipwFBVV95cUxQTHdkOGZjanJIU0FLYTNqc3F2bFp3WGdCU3dsNm1pTk5tcTVWUWc0VHdwUkw2bjZjNFEzRHh1TE5qdzNONk1hRzZISUtFMjhEcl9mX2dKbDdlMkZzMEJtZlJmazlSN3otZTNhR2sySm5Vd08tTGNTUDZVV2ExYWJLc1VVX28zMjJSd1BHZXZIQmZEZjc0bWhVUi1kX3c2NF9UYjE3bktxWQ?oc=5
2026-06-02 03:00,Yahoo Finance,finance.yahoo.com,"Buy, Hold, or Sell: Is CoreWeave a Multibagger in the Making, or an AI Infrastructure Debt Trap?",https://news.google.com/rss/articles/CBMiogFBVV95cUxNaGc4VHVEVk8zUUdna3ZKNXhIb0ZSOEpYWVlCdlFZV2RabXh5V1FUcmE0V0EtamZIMTBwTVNzSkdKcVFhMmN5N0k2bE5ZWjl5ZVFfcGxlY2dqaHg5QWFGNkhYU0EtLWpHeEo0b0FxbVFUV3FpU041SE9hNEo3R2ZtVjVVaHQ3elVsQzBJWmdPdE5lVG40bTlvbWVORW5aSTBvTnc?oc=5
2026-06-02 03:00,Yahoo Finance,finance.yahoo.com,Why CoreWeave (CRWV) Is Up 18.3% After First NVIDIA Vera Rubin NVL72 Cloud Deployment,https://news.google.com/rss/articles/CBMikgFBVV95cUxOakpjMThNNE5yb3RkWi1TenEtWVdqc3g2VnZQOHhTNXZGa3ZHaUxDYzhYRmFIaklNNEMtWHhfSG5fbEw3ZkpueG9SVzg5dkJ1ek9YdlEtcldpeGpJMlZPTGh0eElTWmNUZ2syREFSQmJoOUc0aDRvNGJUTlJ6cmlteEtOMDVOTUY2aHd2Ymx3ZUxkdw?oc=5
2026-06-02 03:00,Yahoo Finance,finance.yahoo.com,"Zacks Investment Ideas feature highlights: NVIDIA, HubSpot, Fluence Energy, CoreWeave and Taiwan",https://news.google.com/rss/articles/CBMiqgFBVV95cUxPZ2xDQmZOMzV5MXVpUGZXSklmUjRXUDhQUjNmU3FleFZPTDNIVnZnZ05UWHIxUG9rWmN5b3JRaVRGWFlSZWtSX1ZHaHFUenplYW5ZWGpmYzBzV01JSFVUTTNNejdjRFItMG8wbF83QmJ4bnM3NllLTFQ0XzRnSkNSTWtHaXJQQUItX3Y4cHljQmJvQTJyb3dZc2h1eFZnR21vQXhLQ3lYek05UQ?oc=5
2026-06-02 03:00,Zacks,zacks.com,"CoreWeave Last Year, Now SpaceX: Decade Defining IPOs?",https://news.google.com/rss/articles/CBMilwFBVV95cUxQWUFIY09rVzVLTjBteC0wd25sUGl0c1FYVlZsdnpqLU9VemgyN1ExUUt6bUVhSGtROGxqTlRjZ25RcnFaTVJRbDFDenBDYzJsQ3NFaTBhSlhxMkZxMExmUXJBM3F3N1JlU09FSG9CZXItRFpPc2M3aUs0YVV1Zkk1UmgxeGRhR2htZUsxU19QTGxVaWswN20w?oc=5
2026-06-03 03:00,Benzinga,benzinga.com,CoreWeave Stock Slides Wednesday: What's Driving The Move?,https://news.google.com/rss/articles/CBMitwFBVV95cUxNMkFzNUZ4UURoU29mcU5leXIxMTRYRzBpRDh0dDhJU01RQmRUc1Y3WGdoa0NQVWN1NkRWNWl6TVlTT1B3QzJ2Z2l1ZzBUTkJvdEx1bHBObE1Sa1pGVHUyWDZJYWpfZWV3ZHl6MG9CRXZScmw2SktnSGVCend6Wktib054VncxUTRUZDJqQWo0bVlMRWx6eElkOUlsT25KRFh2dEpUYkV1ejk4dmNGQXlGMzYySUZpU0k?oc=5
2026-06-03 03:00,Investing.com,investing.com,Magnetar entities sell $14.6m of CoreWeave (CRWV) shares,https://news.google.com/rss/articles/CBMiuAFBVV95cUxPYVNXTUFCbTlRd1Q5WE94bE1NbkVpcTFsZ2NiREFLMFg1bHRlZTR2UlRCSG53MEZ3ZEdhc3lfSFI1RnVZWkp1TWRPbDFXREZQaGlleUQzMHktc1BrVkNNRHc0X28tZWhQX05HOEFJZndXU2x1ZGZVYUJZbDFOVGFpM1NNRF9FM1JmbjYwMnlxQzk5bzZvVGFLT1FvRk1yc0RGbE13dHdtaEs2MlFWYWRTdkxGSW9zNE14?oc=5
2026-06-03 03:00,Morningstar,morningstar.com,Debt-Fueled CoreWeave Surges on the AI Boom. Is the Stock a Buy?,https://news.google.com/rss/articles/CBMijAFBVV95cUxOcVR2djV1VkcxdXRwZFVJcTUwLTNzYUpIWEgwNHZpdjNKVWd0bDlpeVFEN0k4WXB1a2xhZ1VLRnVHU0NGQXdaTmtPOHZaelhoaEFndWxhVjRwREdHTW9ua2xNTUpLaFZ3RG5xbU42cUZhT2F1S2hIOXp3Q0lZbDJBQ1RqdXFfU1B2SU1zZA?oc=5
2026-06-03 03:00,Seeking Alpha,seekingalpha.com,CoreWeave Stock: Valuation Remains Compelling Relative To Growth Prospects (NASDAQ:CRWV),https://news.google.com/rss/articles/CBMitAFBVV95cUxOVDNXNVFGYUkwMEZnQmhjUnVpeS1WcHd0Z1pzOEtxcE9QOU9QWUpTMy1lSEdveUIwNU9KYWFKSlVxWXVySHp4LW1jbXRkd1lkN2I2ejZjWENQd1hxTGh1SkkwWUs4azZBSmcxLVNyYzdMSksyMS10RkgzUG9KSHZObjJBRUVRZkgxMnotbk4tTl9mWG5KVnBhNTdmNVJ1TERNX2xsSEFsa19pVklvU21WLV9BbGg?oc=5
2026-06-03 03:00,The Motley Fool,fool.com,3 AI Stocks Born From Recent IPOs That Could Be Bigger Than Their Hype,https://news.google.com/rss/articles/CBMijwFBVV95cUxOTk10T0JDOXM2MGVGUmU3S2thdnhBN09aX1FnOXZjMjVqdU00S3lIMWRsckNCdkZsRGdhZkV6eEpVU0tfVGVrQmZscU9VYXJ1X1gzOEhoV3N6YzNITWkwWG0zSk4ydHY2TzV0NnJtbms4ejlZU1BqSlZXWi1tM1NMTjBLSFdGTk13d2d1MEJFUQ?oc=5
2026-06-03 03:00,Yahoo Finance,finance.yahoo.com,BNP Paribas Initiates Coverage on CoreWeave. That Means CRWV Stock Could Soar 71% from Here.,https://news.google.com/rss/articles/CBMiqAFBVV95cUxPajJFX3JEcVlqeXp3SGZaUGZjYjc4SnNiRnIzYUd4cTVUXzliUEFBX09nLWlRM2UwOWxudTQyWkpWcXlaWHF5MElnU19HRzhqSkt2R3ZVang4MGhCVzctczJuc3NYN1pvZXYySUx2Y3NIcDFKSDRKb1VLMXVSRjQxNUJpZWZmcy05UHYzRnMzN2JPZVEtb3NINTJCdkxRZ05uVlJYSFMyTk4?oc=5
2026-06-04 03:00,Investing.com,ca.investing.com,CoreWeave CEO Michael Intrator sells $37.6m in stock By Investing.com,https://news.google.com/rss/articles/CBMitAFBVV95cUxPNFhqS0xHOGY0SHFrQmVIVC1VX3pWbGZ2ZHZjWnZXYzhRN2hnWGhlMUhfYzlma0dxdEpJZXlOMlVub3VDVGwxdGJ2djNacjJiUXNJTTZMSWg0eHpreUtWRm5uaDJvcEVha1lfeE9JT0VJd0p5VE5MeDBzbm8zekhkSWZOM2pCRl9CVGVtUnI0YXVMRWF5ZFNmTjNMUzNBUmFYNnFXZUtlN0x2ajdJMFRDQTNUQW8?oc=5
2026-06-04 03:00,Yahoo Finance,finance.yahoo.com,CoreWeave’s Long-Term AI Deals Reframe Growth And Risk For Investors,https://news.google.com/rss/articles/CBMimAFBVV95cUxPRlkzRjVCR242YXlvU3ROd1dMeFRsSWhJb3c3NzE0cFVpeC12dWZkSnlNLUNQLXlNMUhZTDZBQmdVRlpkNklMbzN5SHQtXzFqbXdHQlZyNWpleV9qUy1ZalFsNTdoRm5hSEZPWHp1UzFXU05ObE5aQzVvRUhrWkRsbGFCeEtqeTB1bDNkT19QY0ZMb0E4ZHlZMQ?oc=5
2026-06-05 03:00,Benzinga,benzinga.com,CoreWeave Vs. Nebius: Analyst Spotlights Upside For Leading AI Neocloud,https://news.google.com/rss/articles/CBMi3gFBVV95cUxNekJxenlLWTByTHFmUUwwS1VqOGEwYkRCWFIyR200bUlxZlhKSEZkRTNwaHRuNUdFZGdxTDYwR3hyVnVzN0FxMS1TcFA3Z3FEVFh5eVZTQko3OThBRm5JeUxIbVN1OUVqVDNCUUV2c3FIQkFTOEhrdWhJUUFEbWFfdE5MQWtDVklGWk9SWGpnalpZdmRkY2I1RmM2MzBZLU00YXUycEVwWnI3SDFLX25RM0R4eXFBQ0tTYmFwUWVIR2FfTWhpOFZLc2xyZVZVOG1CcGNVZGV4NENYWDRZbWc?oc=5
2026-06-05 03:00,Investing.com,investing.com,CoreWeave CSO Brian Venturo sells $1.73m in CRWV shares,https://news.google.com/rss/articles/CBMiugFBVV95cUxNdEQyWWxueG5pZWE4UDh0aUtoNl83VmNsaWNMbjZDZjdfWVV3RUtHejhQZU1zYklaa196enhxTmstNUdQMjl0TGFuSi1zVGEySjREOENHR0FNaHdrQzFXaVM1SFZ4eGdmT2xVRldLcVFad2dtdTZ1WWN5RHVHNU52Q1VyMGRKVU5DOXVtUVIxTTkzRHAxN3VibzJWMm8wRkhBV3lVdGd6UHZtdE9CanJiZlpxNnFlM0kwTGc?oc=5
2026-06-05 03:00,Investing.com,investing.com,CoreWeave CSO Brian Venturo sells $13m in company stock,https://news.google.com/rss/articles/CBMiuwFBVV95cUxPTWNVWlhtLW1pbE5HZjhuSWR4Mm91ajhLeEpyb1pEamVkS1lTRDhPVk95bXBvWnJDb0tFQ3M0MUVycEczWXQ1OUJadXBjZkY4Z19La3JQRTRHbkN4Y2NGWGVEWGYtUG1TX2d1LTNuMlA2YlR4NnRNQTNSVy1vUGt1c0VkYjVrbWNIUkdRS3FpN1RQVXNXWVJxTWJ0c1I2Q0VhSk1Ucmx4Y1ppazI3SEZZVzI1UWFaVVFTbFJj?oc=5
2026-06-05 03:00,Seeking Alpha,seekingalpha.com,"Nebius Isn't Expensive, But CoreWeave Is Underappreciated (NASDAQ:NBIS)",https://news.google.com/rss/articles/CBMinAFBVV95cUxPUm5ndHNrZ1VxVVBmbjBKdWx6YXlHZkFPTlNUYTQzemUzejY2cWpMZnhDeEVpbGZzaXEwVkJiNEpkbS14UWt1ZHpIQVhaU1hiTU54R1kxMkVJUHRtSTY0cHhacmdhNEc2NVdEMkVvSHBraTNwUkl3RTFlWXBrMkFPNXItQ21CTFhVeFNFeU1kNHlXanhrRnVsT2dESnQ?oc=5
2026-06-05 03:00,The Motley Fool,fool.com,"Nebius Stock Is Up 170% in 2026, and Leopold Aschenbrenner Just Bought a 5.6% Stake. Here's Why",https://news.google.com/rss/articles/CBMimAFBVV95cUxOWDhzWDFCSWpnUjAyUHJzc0VDTE1hT2MtaDN6X3lieFZxRXZkX1VBaVUtZ3lOSmJndHd1dEZkMlI4b2xQMEhHYlVibGE2Ni1MUlNBMTFvRDdvcnZTN0piOVZ6Y29Gd0ItTDI2Wm9HUGZjZ0x3MDZ4NjdKakRydHVwdXVQSHNTanZfd0lsX3o3dk1mMzRxT2d5Wg?oc=5
2026-06-06 03:00,Seeking Alpha,seekingalpha.com,"CoreWeave Stock: Booked Out, Underpriced (NASDAQ:CRWV)",https://news.google.com/rss/articles/CBMifkFVX3lxTE12dmdoc0pOYnJ5bXY5UHJNUnBicnJGam5xTWtweW5meXRjZlFaaHNzWDc2QTBreXZsY0Y0ak9COXVwOWkxeGd2SW02QVAyNGN5UlFjOWlUT3JSTlBkSDZ5Njhld0lyekRXNmYyLVByc25VSHJoODkxLUNIMmg4QQ?oc=5
2026-06-06 03:00,The Motley Fool,fool.com,Prediction: This Artificial Intelligence Semiconductor Stock Will Outperform Nvidia Over the Next 5 Years,https://news.google.com/rss/articles/CBMihAFBVV95cUxQZVhnZ29MaXpjdVV6QUZXQzRqdnBOZ2pTeVkwemxwT05YWTZVcTVrd3c3aUduZHhYOXhmWFlmYjNHbjRYTjFud09qSEV0Qm50cEZGR3NfTE1CTi1KNFJ0TGZZLVNUN29MTWloRmI0NDZ4VV9yVVd1dXVKcERmdVkxaEtXaGU?oc=5
2026-06-07 03:00,The Motley Fool,fool.com,"3 High-Growth Artificial Intelligence (AI) Stocks to Buy With $5,000 Right Now",https://news.google.com/rss/articles/CBMimAFBVV95cUxNNnpmQlNXR0xTRUZCX1B3Zy1IX3g1aXdtcnRlNl9DNm52Y1VIWXk2a0RQWURsb0stbzNFRTdSdldDQm1LUjZjT3V0NjFBVUVyM0RHZzZDTTQ0MnlYZkVfVUU2VnhWdEEtUEc2R0ZxWkN4TzE5a3ExY2d0N2Q4RzJFZENlVEFkbTI4TXhqSGowNnlwbkNRNTJjaQ?oc=5
2026-06-08 03:00,Yahoo Finance,finance.yahoo.com,Assessing Core Scientific (CORZ) Valuation After Recent Share Price Pullback And CoreWeave Contract News,https://news.google.com/rss/articles/CBMiqAFBVV95cUxNSGZtSWZrajJ4ODNNenY5a2UwSTYwazFyX2UtbnVqYXZVSHFEUk42UVVpMDlEZENKVXpYYUt1RG52ZmE4dzY4X1lTajdxU2J1MlVhbW5VQ3BRazhMeXZvdEE3TDVDQTM0ZEJGRkJPSmxxSTJ4UDl6emV1Zm5kZzBkclZ4NTU5LTV2OWY0QV95OEYzUDlXMDBMaVNRVWdYVW5LWGZ3OFd1b3Q?oc=5
2026-06-08 03:00,Yahoo Finance,finance.yahoo.com,"Buy, Sell, or Hold: CoreWeave at $100",https://news.google.com/rss/articles/CBMilwFBVV95cUxONU9QTGZVbGVKTDIyZ25feFFnT093Q2JNWGhjVFZOYnE4cmpPQmE4UlVfRl9tNFpycGhBbVVrNkVlX1NTem8wYS1HTUtnY3poQmlSYmc5VHZEOUNLcXF4YU50REd5MjJSMDg2cElEbWtVSTBJOXJYc3lIRzNSc2x3VGRXZ1lQc1ZDc2FmeUVleVQ4M0x4cFAw?oc=5
2026-06-08 03:00,Yahoo Finance,finance.yahoo.com,CoreWeave Jane Street AI Cloud Pact Reframes Growth And Valuation Story,https://news.google.com/rss/articles/CBMimwFBVV95cUxQb2h5Q00yZ0VJelJ0NnRWNUFOT0RsYzhZdlBwUm1Tel9VN0t5N3NPbmd3WUduVGFIZnJXU09EX0xhTXlqaVBlTENTWTJyYnJSNTNOZzNRRnpoeXQ4Q3AwT2lnLWdzclhYUS1JQURCX3lGZ2hFVno1TmxyZkp6WHdoNEh1OC1LX2lidFd5Z3ZlTDBFTkxJd2g2MkxCNA?oc=5
2026-06-09 03:00,Benzinga,benzinga.com,CoreWeave Stock Slips: What's Happening Today? - CoreWeave (NASDAQ:CRWV),https://news.google.com/rss/articles/CBMipwFBVV95cUxOcC1mWFZUdzVSVzlWclNWLUdJQl9vMUk2U3IzY2hCTHQyUVduZDh2enpOTktfdkg4SkdYQ0VfUE9MeDJma0NRUkVaWllvLVVGb2JWU2JCU2hQN2tsZ0c1bUVXa2RwdHRpd2VkZDVBMWxyT19ZM214YndJTlV0NUF3V19abGVJZHc0dUhzVmhsUDVEVlFJMC1oMnRkSklZQ0I4UHVBLU9qbw?oc=5
2026-06-09 03:00,Bloomberg,bloomberg.com,CoreWeave Founders Have Dumped $2.3 Billion in Stock Since IPO,https://news.google.com/rss/articles/CBMisgFBVV95cUxOZGVxTkZLZWRsMmF4SS1rcFpsSWRFTXZ1cmdZc2ZSajVULXZQYVVOUElva0ZvLVh2U1lqOEp3TFIzRldRRWQ2ZVA0a0t2QkNNMHVBVnYweFVfTkRGZ3kzVUR1aTNfLVhIbTVtaWZpa3BnVEFoVGtDTjFraHhzVkZZVUpndGFjZkMwTVJqbDFVcmxMeWtHZ3lHeVhXbkdNMlZKVXVrYVFKZFhBdWxlOHhlSUh3?oc=5
2026-06-09 03:00,Bloomberg,bloomberg.com,CoreWeave Plans European Investor Calls For Potential Debt Sale,https://news.google.com/rss/articles/CBMitAFBVV95cUxQenhwVS03d2NZOHVfUDJjaUZINWJyX2dPNi1VYTdpQkN6YUdwcTRZV25wd2xmeWdNWlIzYjJVYS1GOWdTNHNORzFrZ2VfUnhnSXpta3g3Q3dkeWIzXy1rN2xzamxkV1oxMHVKYjBWa05sSE5VNGYyZTBtRXBiRG12OU95MnYxN1E2UXFxOHFEcWp2Rk1WS3BJNTlNVjlTeHJDUjZpM05IYl8yVzRIOHQ2U2pyZXU?oc=5
2026-06-09 03:00,Investing.com,investing.com,CoreWeave mulling euro bond sale to European investors By Investing.com,https://news.google.com/rss/articles/CBMisAFBVV95cUxPVWlsOU5PRWF6eE9ScjJYUU0wRDlURVNXQUFpMW8yamlXZzVJd0Z2T01HbTZlWkxDN2xRanJYY0Jjd2ZxLWdmR2hIMmV1QVJsQ29vUldoMlN4VGZfZUsxVVJCbVNJcTdZX3BKVTZkOWItcURiRk12NVMtVUhGSUZMMC1uVmhKT1F3OHdvZ0lJV3lXcXFmcTMwdVFXa3gwQUE5OVE3aW9HSl9yXzQ2MWFndg?oc=5
2026-06-09 03:00,Seeking Alpha,seekingalpha.com,CoreWeave founders sold $2.3B in planned stock sales since IPO: report (CRWV:NASDAQ),https://news.google.com/rss/articles/CBMiqAFBVV95cUxNR0pESjhKcXZyQnRVRlhjTEZFX0J6YWx4NWJVZFA0OFVQU3pwNGh6OXR1ODV0Y0ZqMktyWGhKSUhKMGdYV2I5ZDlxQzM5enhHem5BdDI3ZzZCaGc5R1JkNlVGVEFGbUgxSkJGbzl4TjdvQlhKTjJ2cFB2ZUUyQ05GQkJXREFja29pYnhQUllTVG9fRTV6STRMajJWZEpiQ05RUVJpbWV2c1Y?oc=5
2026-06-09 03:00,The Motley Fool,fool.com,Forget SpaceX: These 3 Stocks Have Better Potential to Become 10-Baggers,https://news.google.com/rss/articles/CBMimAFBVV95cUxQdlFZbjU0dC1FVHZfR3F5Z3dnYUNRQ2FJejV4bF9HZUdyMWRXZ2xvN1BEQ1dydk91Sk43VnJZYjNlcklTU1ZaemRCTENFN21EdlhVWGw3VnVad0lES1JNRjd2RUQ0R2ZVRkdpN2ZwbXNXYzYyc3gwdUptMFJWMDRvcFhaSEdpSGFpc0h5c1BlQ2xhQ3FFSi1obg?oc=5
2026-06-09 03:00,Yahoo Finance,finance.yahoo.com,CRWV Dips After Report Of Co-Founders Cashing In $2.3B Stock Since 2025 IPO,https://news.google.com/rss/articles/CBMimAFBVV95cUxORmYwbUZfdkEwOG16Q0NkVTNWYkFrUzR5R05iSzFDYlhiMkRkLVZuUnJ5YjBwd3RhLTRMeXZ0SEczMVBiWjc1MnZtaENoZldJdVZDNGJkTTJaWUFMMUJBUFlKOUdWcEUxaGtoWDZOQXA5M2d2emMyMVVGdEVtMzFheFlzQVVtNTJfWm10cFdSc05kSHJPdjVaTw?oc=5
2026-06-09 03:00,Yahoo Finance,finance.yahoo.com,CoreWeave Considers High Yield Bonds As Insider Sales And Volatility Mount,https://news.google.com/rss/articles/CBMiowFBVV95cUxQTHdkSHhucVVaR1djd0lySVg1bkEzMzdJSmhCMk1PLThpUjRFN21aTVA2UUhQQnNTMDNBeXk4X1BUR2pqcUx1T18xX21KSFBZd19COGl0SThiMWhNejVKbWJ6ZWYyU1BuLW11RGdzdW03Y2tIMkJVMkNvMHp0YzNobkgyc0tUclRaM3lSd2hkRVBFUU9rVkxkbzNUZXo0T0MwUEMw?oc=5
2026-06-09 03:00,Yahoo Finance,finance.yahoo.com,CoreWeave Explores European Bond Market as AI Infrastructure Funding Accelerates (CRWV),https://news.google.com/rss/articles/CBMipwFBVV95cUxOMlRtYk94Mmw0a3g4M1A0elNqMFRjSGtYUXUzWi1JeDZERDdDbEs3TUVLcWhYbDVGeGw1SHdCWHBYVVdyc1NzWnRIQUlFSGZYMVZWUFM5SDlVZzJaaTF0bFEzRS1tSjZJY3VNNExleFdIS1loQlotYkRFTjVXanlqTFBXb3AwUDlaYVpITmFybEQwREliMTl0RTQ4MmNWSnlLM09hVUxaMA?oc=5
2026-06-09 03:00,Yahoo Finance,finance.yahoo.com,CoreWeave Faces Fresh Insider Selling Scrutiny,https://news.google.com/rss/articles/CBMipAFBVV95cUxPVkJpaTEwRDZkLUE3Q1pKaVlSOUdzTW5sUUtzUFVuZmQ2VjEzM2JWWFd4UUxjeGZSdjNaUGtubUUyZUlWeE9wdzFpQnV4UUZWM1p6ZndUWWhtRUNzd3ViY3M4UDA0VnBtWEg0M1ZvZGJhNjd2UnFVRDZTUUZKNFpsdHdjWXYyRVNhU1NLSHU1N3d4Qy1sNGtHb3BxRFNEYzM5WDRYeA?oc=5
2026-06-09 03:00,Yahoo Finance,finance.yahoo.com,CoreWeave Founders Dump Billions Amid Explosive Stock Rally,https://news.google.com/rss/articles/CBMipAFBVV95cUxNX2o1OFRHaVVNZ0xfYm9YSHBDYkNBY2x3NzRDZVZlamlPRUhjR3ZmYWVPMkxUSmZGOVhPdk9KQUJsbDcyUHBQUlRKVmtQZlJvbWFpRlR3VllidWFfYWVNbm94X0x5QzRGeVZuR3FHLWdYd25BMG9PdWx2X0JNZXY3LUN6bTktN0dpdlRYLWRPR01SX2VQbGpwbWwySU82YWFQdXlBTw?oc=5
2026-06-09 03:00,Yahoo Finance,finance.yahoo.com,Why CoreWeave (CRWV) is a Strategically Important firm in AI Infrastructure?,https://news.google.com/rss/articles/CBMiqwFBVV95cUxPQXliZGZBZlFfb0N3blBxZmtkejdhQW14QjZYSmFVem1BOVQzajZlaXczQ013YjdaYkxVUGpTZm1fdGRKQW92UktUcmpWRlUyOEFzd1JUOWthdGZWSDhCSFVTejhoME9XTmVIb3hfVWx0NjJfUXl3MHlZZ2JVTFBfM0xDSE5lcHlCbkJ3OEZ1TmpFenhnZ3J5d0NVWlJDMkxhZjFZbHVOcno5Mm8?oc=5
2026-06-09 03:00,Zacks,zacks.com,CoreWeave Stock Tumbles 34% in a Year: What Should Investors Do Now?,https://news.google.com/rss/articles/CBMiqgFBVV95cUxQV3RoOHM2ckppbzhaWjdEd1ZZWDc1bkFHRDVmTE1HTWlIalNSVXdldk5KZEJiSkEzNDRvYmNha3dfRzdMaF9fSTBjT3E2ODNPcFJGYzNhZGh5NXBSNUt0NWU1dEZJN0J2aWJBNmotdHcxMUZvNTMtUTlEd2xNRWVSaHB0SDljWEZ6eThJNWtLTUJob3llSTFNcGFHMGlvcUI5cGFwa1ZfeFlNdw?oc=5
2026-06-10 03:00,Benzinga,benzinga.com,Jim Chanos Sounds Alarm As CRWV Insiders Sell $2.3B In Stock - CoreWeave (NASDAQ:CRWV),https://news.google.com/rss/articles/CBMi1AFBVV95cUxOakhQbDg4M0VLMDdEa2IwU0prVTBXdHlRMUZxTWIzcG1YQ0Q1d09NZlMxZDRERE5YOFhxa3lfRHdmTTJvRTI0RHJaeFZUUVpzTE1iYXFucTFYSU1OMXRlb295X0xEMnFIeWxQRHdtSGRaRVZqeGVwMHVMdTQ0ZnhydnV3bGZvbXBQbTJINjRNNTc1MnVxdExVQlpxZzNmUkVUQlNLX2ZFT2xEam9mVVh6Y3g0a0UyR1lOZjNncFJXSDhLYmRqczRCNXA1R0xZTFZOcDUxTg?oc=5
2026-06-10 03:00,The Motley Fool,fool.com,2 Artificial Intelligence (AI) Infrastructure Stocks Outgrowing Nvidia,https://news.google.com/rss/articles/CBMimAFBVV95cUxQUmJWejFnMVRhakpEY3NIUktEMXpSdW0tSUVmTTA3SHJMdGtSRUc3Z0FvNlFTOFcwSVhjUzl5WmRLWnktMERvNm9sWl9kSUN2aGxuWXZEZHpHZjdkMmVueVpXaWZHdUstUzJCZkU1elZXX0x4UW5zR29LWUd1WjZONEtjREZjWElIMXAtY3pZV0FEdDRCeUFWMQ?oc=5
2026-06-10 03:00,Yahoo Finance,finance.yahoo.com,"CoreWeave’s (CRWV) Subsidiary Raises $900 Million Through High Yield Bond Offering, Reports Bloomberg",https://news.google.com/rss/articles/CBMiowFBVV95cUxNbzJzMUxkdGxCMktlaVpXYndpSGljdnVZWWRvUlBRZ29Td2N0YmNMQ19WQVFzeGFXYkxHaUkyWUFmTjNoRk1nbXNmMWhpNi1yZVZOeWwyZk1KbmQzVWQ1QWppcGMybHdpSE43MXhEbGxGOE5KYzF2Tk1JZW91UkUwVjlwQ2Y1a2VxOEI1dTNFeHZHOEVfWkNsSGJna2JGbVRnTXNR?oc=5
2026-06-11 03:00,Benzinga,benzinga.com,"Stock Market Today: Dow, S&P 500, Nasdaq 100 Futures Gain Despite Trump's Threats To Iran—Oracle, CoreWea",https://news.google.com/rss/articles/CBMinAJBVV95cUxPaGg4bmpSeGNwY3dNSl9oeFZEWWs4bW1pOVFVSnZKcU42aVk1bl9KNTk2ck9RSDhCX1AtcTBiQnVuV19GQVRIUnR4OEVmYlhtZ1JtR0RhRG5zYXZMX1I5eHFmaE9SVWYxZ2dBT055VlA3MHhkSE1vT1Q2LTdvNTd6eDNPaWlLVkw0TXk4WmkzWEhrb1VVMU9WYmdWd1lPeWdQM2dGWXJzNWJaTUpvWnRuZjA0cExJZ2Mwa2pleEJ0QXY3aWZlMEVKQ1htVFY0RHZNMVBOQUFSYk9MRG5EdTlWYVV4cXQ1bERUWmprWXFEd04zSlQwZlNubVJuYVQ1a0lFeFdKN2FCZ3FNc0JwdWNTQ0FJQ2xlbEJaUVY5bQ?oc=5
2026-06-11 03:00,Benzinga,benzinga.com,What's Going On With CoreWeave Stock Thursday?,https://news.google.com/rss/articles/CBMipwFBVV95cUxPamo3MEo1RThtS3ZLREpFbnk3Q1FGOUNid1paWVBzTmVhclVvbkRaMG5lYVh5Z3dMT3Nvc3M5ekdfdnVOa2pxQVFVUVlON0ZlSzB0cEcwSFJxbkkwZUM2STJsbFp1YS1jcUg0aFllOFZfem9oWjVpUkpMMnNrcEJqRi1JZkJpQ1VRbTlTTXpaOGM5cGVQZXR1emU4TFhCZVExSm81Z3RmRQ?oc=5
2026-06-11 03:00,Investing.com,ca.investing.com,Bernstein reiterates CoreWeave stock Underperform rating at $67 By Investing.com,https://news.google.com/rss/articles/CBMiwAFBVV95cUxOSnIwbUdCcUQzZ0xJR0hGYW0tZ3pRLWhIRXF2a2JUM01EREY0UzlEWFhRWG5ZVEczemp1ZjRWOEpmV01nOVZSbUNJdDVtMTdqLVZLbS1mMkFVVWhJZlA0a28xcmt3bGZLNDVscVRMNXJNR2ZWbDZVRmswenRFX2FCRFN0ODkyWF9qZzZ0dTFvcjZBc0l1NlVBVDJnczEyYmwxQmhKR3ktUmQwbU52T0MzcnBJRUJKNk5OOFJNVlFZTFE?oc=5
2026-06-11 03:00,Investing.com,investing.com,CoreWeave prices $1.25B and €2B senior notes offering,https://news.google.com/rss/articles/CBMiqwFBVV95cUxPdGV6V2w1OUNoQTIteU1LSHg5UGZjX1RZaUlOa3M3SnY3SlE5Yzc1N3NoMXg5c1dMYkktVmRVOE5ndDM5TWtsTDVEdGJBQjRqYjdnUlpaaXluWkxtMTNDWmxTMU5TU3lUM1JpeG1NUDl3OUgwSDd3dDlIeDhDWW1wVnpKNnl0eTFDTVNkeFhNQy02dEJXcWxCRXVaTDM5OGRSZDZVblc2b013Y0E?oc=5
2026-06-11 03:00,Investing.com,investing.com,Why are CoreWeave shares rising afterhours?,https://news.google.com/rss/articles/CBMipwFBVV95cUxNamUxRW5jZjVDTzloYllRV2NoMV9HWmo5ZGE5ZDJlQUJBbkw0VVl1TDBpN0ZudFhQblNiUGRFWEtjSXBPTEptYUFUVFdWNEIyYlBLMzFFaTJjejJVUmVhSlAzOENFZ3dzTS1Bd09lNUNxOGpzbEtJUlhlV3BfdmU0Q19oMTJlM0ZNZFZLNzhXSU8xVDAxQURYSk9KU2lEQjRJV2tueHlDRQ?oc=5
2026-06-11 03:00,Seeking Alpha,seekingalpha.com,"CoreWeave: Market Continues To Ignore Its Turnaround, That's A Mistake (NASDAQ:CRWV)",https://news.google.com/rss/articles/CBMirAFBVV95cUxOWk1lQTdpenRZTjhPdE9ORXVSOHNtR25kSjFWOXFRVUNsdGdBRUZzMDYtdjBnQ0lxYnN4YjBYT3RKdGtKNUdrWGtUTjd4ZDA5NE55dm1YcVlXV1V3WHJ6Smt2Y0EwZk5nWFhfSzE4VGw2NktEbW1GanpqODlhOVZmbEpxXzhKcGdtOERrM2VVRF9ORzBqYTlvYk5obWtsN3hsVkFOUGNKWXp0c2xJ?oc=5
2026-06-11 03:00,Seeking Alpha,seekingalpha.com,Galaxy Digital: AI Infrastructure Could Unlock Significant Upside,https://news.google.com/rss/articles/CBMiqAFBVV95cUxOUTlUSk82T1NwOEM4Q1AwYmFjUHhCc3pYVGxaNjdYVFdYYzdNSXVDcWE5UG5iZzV5SnBqT3V6d1FFamhwTzZ4NUhuRFItcmtJMEtSWW5VRWZEQXZQQlU4U1FONjFXQXRWMWw4SEZWb214RFQxVVdLa1dWRnF1X3BSYzhXWmhrSk9BOEZBbnRvTFJvWURNajdLUUk3TVBqTk9ZamRpalZQaEM?oc=5
2026-06-11 03:00,Yahoo Finance,finance.yahoo.com,CRWV Stock Gains Premarket Amid Market Rebound: Neocloud Operator Announces $3.5B Debt Raise,https://news.google.com/rss/articles/CBMinAFBVV95cUxOTTdzdWl6cnE5VHhLWGVlenJoX3N3REc3ZTYtWU5SbVdDenY3ODVrODhndmk2SFhPRFBsaFNUZ1dEZElzRGVSZTJOSVc1dk40RUZRUWk5SVZCT0g1VUVOWEg4Ylh1VEQ5UXVOWlA2cGR4ZkZEdmxLMURrb09jN1ozUFNlZXVRdFJDVWNMNEltaUh5c1BEazM1UmdfLTk?oc=5
2026-06-11 03:00,Yahoo Finance,finance.yahoo.com,CoreWeave Taps Global Junk Bond Market To Accelerate AI Data Center Push,https://news.google.com/rss/articles/CBMinAFBVV95cUxNSW1pTFRRWnJyY3ZjQjhZV1ZWaGR6QVBWdE93cnU4N2ZjRThxSWRtWmFpcUtxQ3hFQlhnWlV3Q3p2eGZhZFZMYkw0Sk4yM3NZcUp6UUNDSDVocEJyWDBvSmc1ZThJR2piSklzUmh4WDJWMXJzWGVVWElmWE1iZkpZZ2N0UldSX0pMeW5sRTFVUTFVNG9MalVxVUhJME0?oc=5
2026-06-11 03:00,Yahoo Finance,finance.yahoo.com,CoreWeave's AI Growth Comes With Debt Focus,https://news.google.com/rss/articles/CBMinAFBVV95cUxOUGNUT3llb2NaWk8yeHFXd1AzNHZGLXJKeVpxLXhHTVdjLVpuLXFLSWotcVJCdEJ3dWVZRUF0RTZmUk1GQmcxa0M2TXFYSzg4Vzlsd1RPLUFuaDcyZlA2YnZDTFIzLTZQVzdrQXBiY1dBdkh5UjlyUFZodWhtN0tGQ1pKd3RMZnA1bHIzajFUcElUS01XbS1QYjhJR2I?oc=5
2026-06-12 03:00,Barron's,barrons.com,"Rocket Lab, CoreWeave, and 3 More Stocks That Are Joining the Nasdaq 100",https://news.google.com/rss/articles/CBMihwFBVV95cUxOYzR2clRYVmRMNlBkSzVUYW83TWd0em1hY0Z2Wk9uNjd6ZU84WGtZUE83VnFpR293Q0c4bHlmOXRzZWpIUzdQTF9wYjlDVmk4MjNxQ19VVWVsVFo4amVlbXpFNE84aWhneGNYX25faElINzZmUzd4LXE1VDVFR1F2UEhVMWlqQU0?oc=5
2026-06-12 03:00,Barron's,barrons.com,This AI Stock Is Australia’s Answer to CoreWeave. It Just Notched a Deal With Nvidia.,https://news.google.com/rss/articles/CBMidEFVX3lxTE5PVmNqVXJSVXE2aGp4aEF3ZlAyMVpuTkFBZHZoUEVHalBGSGpKaU1zSUVFR08xcGhkbnZuRlVqREx1VHF6TjkzUFlCZjJVVXdvNDNUeUpreGlXSlh5LTVMc2V0TXhiV01SZllUcm9xdWx5aGxT?oc=5
2026-06-12 03:00,Benzinga,benzinga.com,"CoreWeave, Astera Labs, Nebius Group, And Others Added To Nasdaq-100: A 'Big Deal,' Says Jim Cramer",https://news.google.com/rss/articles/CBMi4wFBVV95cUxPYmg2dmtpRGJuNTlJTXhhZHZLSWhjUGE1UTE0ZG5pNlNfTXNLYk5CTkpiVTMzam5XWnFib2hzcndkdGd4czIwbEZHQTBxZE5yNUdQanhBM2NrdGdkZVpxeHBRQ3J1ZUtKQ0ZfUm1DNWYyaURIZlJTb3o2MzRtbURSME9yQnhST3BIaEpIMjJnQzNwZ0dkMi1OMFVON29wVFFxbWVBTXFCandZNVN0eE96dC1GQ0t4UEIwZGM2R0F2V3VUSThLLUtjN0tCc25McTRNaXB4X0ppdk5zc0lsWS1OcHVxTQ?oc=5
2026-06-12 03:00,Benzinga,benzinga.com,"Stock Market Today: S&P 500, Nasdaq, Dow Jones Futures Gain Ahead Of SpaceX's Debut—Adobe, Lennar, CoreWe",https://news.google.com/rss/articles/CBMi6gFBVV95cUxOSVdPa2lUOVNjallyM1M5TDVYb3lCUHIxRHRMVGtzTnZJRWpPZUJscWx5TW95LUstZVZHbzRzZkg2X2VZbDJwSHRxbFZORi1vNU12cmdiNU5MSGNHMzdwWkRISVQtUzc0M0ItT1ZzX29yRy1CSkJ0d0syX01FOGY0RGxyWHFyZnI0YnBCNVhFWExuY2xaNmEyX3pWSGdLWF9JaU5xT09tSERvZTRTdFQtNWYyX1VBbmhuSElMMzRnOTBhUm9mbC1ySXNuOWF4N29Ld21ZVGdwLWQ4MGtWNVd0ZWxuU0hkUklJQmc?oc=5
2026-06-12 03:00,Benzinga,benzinga.com,Why Is CoreWeave Stock Soaring Friday?,https://news.google.com/rss/articles/CBMinwFBVV95cUxQSk1HTHZzdE9PMFE1QlZLVHFYeUtMaXA0b3hvZGF1QXhERTNRd3VUNHE2a0VJbk5vV2V4NkJSRXN0UllfQ194S3g1d19nTEFQazlpbFBfSEJSRDlpX05fODVwY1E5S0dkLVRvS3lLU1ZUaVotZXZrNW42R1hSWFFXbW9OTGFHbFNYejdYNFI4T1Q1QTJ0dmlfZ0EwZXo1dXc?oc=5
2026-06-12 03:00,Investing.com,investing.com,CoreWeave CFO Agrawal sells $5.96m in stock after RSU vesting,https://news.google.com/rss/articles/CBMiwgFBVV95cUxQYzdPNHlKVjFEeWlrNWJzZEFPNkQyVU9QSDdsSjlxYmlKdTQ3ZndRRDdZME1paDhiallhOUduX3RHeDNyZHVGVEMyemRXVXlfM2psZU5lbXhxYUtiNVFuTUZFdmlaQlBfY3VlWklWYW1MM2txUldkdl9wdnh6ME1CUkg2MC1KWEFrTzE2YmVTd1J3T3RpeWRJcmVSTXJZVFphd0hwbC1paUNWMWxQckdreXdkc3pIcWctYXJLMUkyc0U2dw?oc=5
2026-06-12 03:00,Investing.com,investing.com,CoreWeave CSO Brian Venturo sells $7.45 million in class A shares,https://news.google.com/rss/articles/CBMixwFBVV95cUxPOS0tOXhvRVpZeV9pRGJSdkFySU5aVmhpYi1FOHI4cFlUSUVXZ2JzRVNreDdaTTEyQzIxYmF3M0pVTERHSnExTk84RF9IUGVXOVRaUVVRcXZWOGdZeFBjTUdhb09XTzU4WFdTLS14cmo5TXZPWGVKYUE0UHBXR2pDQkRaV2V5WnhhSGFQeGE5V1NCcW9tZnh5Z2hkTVU3SGlrb2JpTnNGQllnSzRyWHhQRDVpdWl2dnBYT0ZjTDg4TlduS055V2xj?oc=5
2026-06-12 03:00,The Motley Fool,fool.com,Meet the 2 Newcomers Challenging the Cloud Computing Titans in Artificial Intelligence (AI),https://news.google.com/rss/articles/CBMimAFBVV95cUxOd2huZHFIRTAzcnhNUWllRk1HTDNjcTVtdmZvZXFYMUllazgwSnZqLW9CRjczU0pNRk96LU1icGxWZmstbzRTSktTbnM4TDZxOV9hQUhvNjZPU2h5WWV2dHFOVC1ja2pTMkJmb3hnTlhVS0cyUTJpSGxMQ0JUdFBtY3o4eE5ZUUFHWFRqNHFWeXYwckItYW1BRw?oc=5
2026-06-12 03:00,The Motley Fool,fool.com,Wall Street Expects CoreWeave's Revenue to Double in 2026 and 2027. Is the Stock a Buy?,https://news.google.com/rss/articles/CBMimAFBVV95cUxPcVhwT2hGVWhDaHBMMW4tYVY0dnBoUmNtTGtDcHFKdERJaTFRVG83cTFfVDZRNGFwZ3A1dmlhUFV5RXFyN0d2ejdYUVN5N0xmS0tGQkRQNTMxblhxZ3M4dGdlMXJHYVVVTDcwOUtsNE11cFNEZ3BYTGNCR0ZKMVJPXzVMaW9vRFQyc1JDWDBnTGhDbFZSaFBzcA?oc=5
2026-06-12 03:00,The Motley Fool,fool.com,Why CoreWeave Stock Surged Today,https://news.google.com/rss/articles/CBMigAFBVV95cUxNRjFQODVwdnJtbDRWdW1JaW1KYUR5aDVKaFlfWHBuV2ViYnZkb0VsZWQ2UFY1N000d04yWXFqekpYRkNvUTB5RU1iN25UQ3JNSXhGS0ZZc3dpdEVnb0lKbFNnRk1vc1ZqNVVtSE5tRXlhai0zYy1qcC1LWVQxQ0xRLQ?oc=5
2026-06-12 03:00,Yahoo Finance,finance.yahoo.com,CoreWeave nets €7B orderbook for European bond debut,https://news.google.com/rss/articles/CBMiowFBVV95cUxNZUVmQ3V1YVRYTnJkc3NhSXBfVDN0NmVGekZiUDdDNGVrd0hLV3ZtdWFvVVY5RFY3aUpwT1AyS2pPOHVUWWl0QVhzM3FnNEFWZHVpdzB6ZDRJWTNBSVRrWm9iUDdIZjlOT2JBM2xyTXJXSkFDSV9MZ1c3bW9UclEwcDFsLU5saHFDQ3p1SVNIbl9FNHVhZ3JCZEFGbVA3SnhKTlFR?oc=5
2026-06-12 03:00,Yahoo Finance,finance.yahoo.com,CoreWeave to Join Nasdaq-100 Index,https://news.google.com/rss/articles/CBMinAFBVV95cUxOcFNjZzJZTWdybHNQdTEyclV6aGZaX2hCOGFFYlVfclFKOXBTMEkyX2wwQ2UwTDFRdmVnWVRoTG1UbUZCZlY0MmI1U2JhOHI4QnRGamtjc3pLY24wbDhaVEdKYjJyUnlJLXQ4QmQ3ODFocDdXaW8wQU44SW5WLUZpVjUzemtta0JFSTQ3c19OMmFvTktFWFk0MXQwNkM?oc=5
2026-06-13 03:00,Yahoo Finance,finance.yahoo.com,CoreWeave (CRWV) Appears Attractive With Agentic AI Integration Launch,https://news.google.com/rss/articles/CBMiqgFBVV95cUxPUUJrV2ViWWdVanczVExvSFczRTRfRU9oNl9XaEtTSjU2STFFWDdPcHo4MGItVVBZRUxkZHA0Qk1JcFVpblFQRnNjT3dIZW1aVGNZcjlBdkhyX3RBMWVrWEU0T3FOYk15MjdjYnV2OWZDXzFvUDFMQlF3ckpYU3QyWVNEbmRJb193UUl6N25tcjFqV21FSGpTVGlmOHc0UFhaNVA0RjJ2RjZRQQ?oc=5
2026-06-13 03:00,Yahoo Finance,finance.yahoo.com,"CoreWeave (CRWV) Deploys NVIDIA (NVDA) Vera Rubin NVL72, First to Validate at Rack Scale",https://news.google.com/rss/articles/CBMioAFBVV95cUxONWdZMHdiN2NnZ2U2akhTQnl1UF9uQjB2Q0dQVmxwMlZ1ZUR4ZS10ZzZtN0htVEd2VHIyR1FjbzhBY1RGX2R6ZnJRVUVuTVR6dVZkY2JOZ2JiQ211Q3Z6U1gtVXJLc0YxMHI3eENaNlI1RC1Uc05pdkNOWi1XSkRNaWsyWGFFdDJEanZvOHFva28zUXd1dTZfb1dTajJTMlFx?oc=5
2026-06-13 03:00,Yahoo Finance,finance.yahoo.com,CoreWeave Joins Nasdaq 100 Highlighting AI Infrastructure And Valuation Debate,https://news.google.com/rss/articles/CBMipwFBVV95cUxQZkQwVW8xVzYzLVdDTXotMHRYeUhQbF83RkF5c3NSUU9IQkZrX1N4MGkxdHoxMk9ScjJRSlFTdHczOTRuOG9HbDh2Wlk5NmxXcURmVHNkc0FsbzNHTlQ3V3BrdV92MzM3SDlmcnRDQzViSC1yZG9HRjVJWDl4WWJaU28wRTZTZU45czFPZHEySkdtY3MyaEFWbFI0RF9qSmpORHRtRmVEMA?oc=5
2026-06-14 03:00,Yahoo Finance,finance.yahoo.com,CoreWeave Just Raised $3.5 Billion. How to Play the AI Stock Here.,https://news.google.com/rss/articles/CBMilAFBVV95cUxOU0F6WnRRZ0hpMldtOU92OURoZ29MZXpzZUh4aTZJNE9GWWYxaHhKdXdYbDRuZmlwYXNWS0MxZUYtXzZJMmdFbHZNdkkxUmxZQy1RWmFlRUJJdG1rUkVKZHU2ZmFKUjVzMkFudm1jU18weVN1NHR6QUlJcHNaMFhmZE9oLUMxVkhFY05LeXNHaC1ydjlf?oc=5
2026-06-15 03:00,Investing.com,investing.com,Why is CoreWeave stock rallying today?,https://news.google.com/rss/articles/CBMioAFBVV95cUxQZks2aGhzTGgyUXdRLUhhUGwxdjdNUExzSHNZcTZpVGI2c0tVck9UcE4xVnJhNkwtQWhwTE9zRndxRHNvZFZKRXZEQllINU8zV0x0RktMbmVBLVBxZ1owY1Mya1o2MUNjZWNjUnVrV0duTzF6bFk0M1UzVVNqNVlKMXpmYkxwRHB6MGcyank1THZKbEJvSG9ZNjJYWko5WUNs?oc=5
2026-06-15 03:00,Seeking Alpha,seekingalpha.com,CoreWeave: The Liabilities Keep On Piling Up (NASDAQ:CRWV),https://news.google.com/rss/articles/CBMijAFBVV95cUxQajQ0SHhiN053NVZMNGc5Z2NsT19WY00yWkRuYnkzSmlEWHdlREFSZGMyQWo0d3VVaEx2amlocmxnNWlrNXk0NDgzMGxoemhBVEJub05rTDFZeTAtZGxoU2M2S090amE4OUVaZHRyeWM4NUpEWlJtZVVRa181dktkTndwczdxMzZvN3RmTg?oc=5
2026-06-15 03:00,Yahoo Finance,finance.yahoo.com,CoreWeave Stock Pops on Nasdaq-100 Inclusion. What to Know.,https://news.google.com/rss/articles/CBMinAFBVV95cUxPSjVOSnJKYTU3SUdrcmIzM3BrU1VhdmZGYXhTUVJKOWFmV1kyUkluSEx5YzlvUmpXTWJDQ0FSWmktdkhyS2hRWDd5VVphNmdNTGVyUDNKdEVRM2pPWExwXzNfVHFWMC11RWh3bEctSUYtUUFvWVE3MXhWaWRkak5pSFNoUjZpeEtOUEZudjRGTXhuSG1iNHhvYWF0Wms?oc=5
2026-06-15 03:00,Yahoo Finance,finance.yahoo.com,CoreWeave’s (CRWV) New Agentic AI Features Make It A Top Stock To benefit From The Neo Cloud Boom,https://news.google.com/rss/articles/CBMioAFBVV95cUxOQXFWTjhMWHdVd0U5dF8ya3hVWm5hZmJJQk80TTFXamNSUXRyZGRMVFJfaVI2UFBYV2NwVkFEMlQybTU1VUZIbWNrNk9tdEVXc0NKa2p6Rk9oLVpNYUhvTkNjalhfa19UNGpscHdzcDRIbVBGRHFzc2xfUUh6eUZnZ19LSllNYS1HLXJpQ3dNbHU1Tkw3SDdDaWFMRms2TGlX?oc=5
2026-06-15 03:00,Yahoo Finance,finance.yahoo.com,CoreWeave’s Vera Rubin Breakthrough Tests AI Ambitions Against Costly New Debt,https://news.google.com/rss/articles/CBMipgFBVV95cUxOYk1tNlJ0dnFiN3F0c1Z2eUtXSmplNDgyTlA2WV82UENGRjdScnNfWXAwaGNlM1ViMGZWSE1sS2hScGpiYjYtS1NnWkptTmhZLVhicnhhUzRmU1A4Q0RlZTE0MGhVX0VrZC13TU5hOVp3MzNHSFhwQUt0VjFhSFZEQkdDSXVWUS1BaHl0RHg4RTlrY0g3SFg0Uk12MF9OMFNvYVRPd1ZB?oc=5
2026-06-16 03:00,Barron's,barrons.com,Why CoreWeave Stock Is ‘Woefully’ Undervalued,https://news.google.com/rss/articles/CBMiiwFBVV95cUxNZUpDM3dsWXMxVXE1WW44TDhXeUpXT2FqSUJuUEdzbUJhS0U4VmRtamFoN2syOFVTUl92cEVpc2ZfZlhJa0hRQkRGSVJBMFFhMVRQWGVCRTVtTDM0ZjdPRDJUZjNqLVg0bVQySDYyRkVibVplSHBia2xteWtqTEM0R1lOcnZ2ZmlLbnBn?oc=5
2026-06-16 03:00,Benzinga,benzinga.com,CoreWeave Stock Is Surging Tuesday: What's Driving The Action?,https://news.google.com/rss/articles/CBMivAFBVV95cUxNNjhhek9MaER1YkZ5RmJVaE5qUFNmYkNqcFhScE9lM3IyemdSTHlXTER6VkczZ25GbHN4OWNTb1ZySlFMWDZTaGdNZmhVNUtxNktTVnpOekZyZnMzRm1mTjR4VlFST0hjS3BRcGxFREE3Z3FEb2lveVRMLU12MTkwV3p3YVNneTZ3S1pRbndzY3NROFVlTkMteUpOeWtFX1NTY3RVNWt5dVZieFlCX3QwT2ZLUllzSWVVYldZcA?oc=5
2026-06-16 03:00,CNBC,cnbc.com,"Here are Tuesday's biggest analyst calls: Apple, Tesla, Oracle, Palantir, CoreWeave, ExxonMobil, Flutter & more",https://news.google.com/rss/articles/CBMimAFBVV95cUxNbU1ZNjM1ckh6NFVmY0ZfX1BsOXV2WVVEdnBSSnJBLUFydDdPQktXdjNuWk9NSUpKdzh3WVhYMVhMRkNRQmZyRl9ZWll2bm5tcnRpNnpORVRKSUZ4NEtMMTh3R0JYWHdhM2d2U1p4TFVQSnZsdEFIVUF1QThZNENjY2ZXYlpTbC1SVWJHaHFJVUZzY1NfelNBdA?oc=5
2026-06-16 03:00,Investing.com,investing.com,Cantor Fitzgerald reiterates CoreWeave stock Overweight on backlog,https://news.google.com/rss/articles/CBMixAFBVV95cUxPVWZnTzRDcUdtYnhScHVQaFRfand1NEFHeU0xTnlzaFR1enZzbkp3VVZ4Tm8wWjM3X3ZKTkdvMGp6S3RGaXAxWk9CS1pfYlNsNGtnUWpXVFVHNnRhbGpoV0hUTzRBOF9iRERxTlJFc3hQaVFHVzZJXzlITDV2TURlS0p6d1MyMEZ4LTJVeDZPMmwwal9JTU5xMDZNVGMtN2VnZUNWRnVqOExiREhMVlVPOUs0WFVBT1kzcHllUFNmazBvNTNH?oc=5
2026-06-16 03:00,Seeking Alpha,seekingalpha.com,CoreWeave Stock: Where Leverage Is The Conviction (NASDAQ:CRWV),https://news.google.com/rss/articles/CBMiiwFBVV95cUxPWVpTZkN2cWZpY3U4ME9sNk1yYk9KT2tLYlVnWFpmMVpOR19tMS1NeDAyX3Vxd2otcDB4aVZwWnMxb2FjUjNnUkVNNFFaSFlLVmdpcmRNR29JRzM0YkFaZXhsWWdfdFloX3pBLUZRamQ5eXl4SkkySHhzNnJyd2JJejFqNldxZE5CSUpB?oc=5
2026-06-16 03:00,Seeking Alpha,seekingalpha.com,"CoreWeave Vs Nebius: Compute As A Service, Buy CRWV & Sell NBIS (NASDAQ:CRWV)",https://news.google.com/rss/articles/CBMiogFBVV95cUxPYzEyTnE2dEVFMWt4QXJ2UDM1QVBPY2FLRVdIcEp2dHVHWVZsbHk1blB5SzBnT2U3MElidzNELWZZakNXQnUyUjdxVUJPTEoxTThPb0U5Njl3NnFEQVdjbEJWRE84dm5SaHpuLUZMMllxU3lGZFoyZThpcmdaa1RTYWY4XzR1OFhxZUl2RDk1cTRJblJndV9Jd3VBSjJwRk5tWnc?oc=5
2026-06-16 03:00,The Motley Fool,fool.com,"CoreWeave Stock Is Up Around 50% This Year, and Here's Why It Can Still Soar Higher",https://news.google.com/rss/articles/CBMimAFBVV95cUxQb3FnRFgwVkJTY2l4N3ZjQTRPSHRtbHBDQnJ5TnNnM0F4QjFkbHcyakg4dVZVbmo1YVE3YllTQ2M0V0JRTE5RWl9FNjFBRjFIM1ZobElFUnpSVHVnVGoxRC1Za0llTUNDLUJLa2JiNXR1bjRRNldoMjRnZ1RaZHUybFRmZW5uaUFYakxudWZPNlNURGV0VVdJWA?oc=5
2026-06-16 03:00,The Motley Fool,fool.com,Should You Buy the Dip in These 2 Beaten-Down Artificial Intelligence (AI) Stocks?,https://news.google.com/rss/articles/CBMimAFBVV95cUxQSFRVOEJGY1I5WTdNaHVFQ29DSEZyeEZ3ZTh2NXhpZWFfMWVha0VmcTRKZk8ybktMa09Cb2o5QV9QRlJzVDdyVEZRZ3dNTnhZb2ZjV183MkxFbk9ZdF9yODVuZTZwY2hvRFNLTEx3aS1sMVZwWEtrNng2cTZaZlgxTl9xcUdqakxRQXU0X0ZoREdpdmVSdTcteQ?oc=5
2026-06-16 03:00,The Motley Fool,fool.com,Why Did CoreWeave Stock Just Pop?,https://news.google.com/rss/articles/CBMigAFBVV95cUxOZ201NGV6V3hKUklMQktvRE01SWhzOTdiZk5ERTJUYmtSQWNkMEJCanZsSlp6enc0Q21mZmNUcWdyMS1NSmQ3M1ZvS0tjb0s0MDRyZlFCV053Ti1BekR5eG8yRV8wOU5oZHRuTTV2RUl5ZHpMX21QU1N2d3hWZ3N0UA?oc=5
2026-06-16 03:00,Yahoo Finance,finance.yahoo.com,CoreWeave (CRWV) Stock Could Be 52.4% Overvalued as Capex Treadmill Concerns Persist,https://news.google.com/rss/articles/CBMimgFBVV95cUxPSV9DalBGRkpWY0lLSEJ5UzRCenRkci1MM1NzOTVzRVYxRkdBZ1EyUzFVVzFMelVvR2xES29CWVpzSl9OSVNDMVV3ek1ydjh6TUdFZnFNMWtlZ3JWSVlCMGR5ZlJ6cHYteUZQOTY0dlVwR0ktQTVGVS1MXzk3NV9pVGZGLW9LdzFrZzdQSE84TzN0bDF6OXFnb09B?oc=5
2026-06-17 03:00,Investing.com,investing.com,CoreWeave EVP Goldberg Chen sells $594k in company stock,https://news.google.com/rss/articles/CBMivAFBVV95cUxQRDRBaUFKalk3dHVObFpNN1hjTU1LOXZrNlN1NEx4NF9jY3RJcDhhTmF0SnY1RnczX0xMR0gzR24za3JKbjZtdVhleWQ3UTFXVHNsdUdRdXN4T2JTVU1OVlVDUUx1WHR1cGdqajNxM3NOR3oxNGJIVFRXRkFZekJ6emgxbVBDc3F6cnhMY2xYNFVZN0RBcWx2YThUZGkxMXJCbS1iZm1odzFGajZfVUhMX1hrSDhrWlI5U1BsdA?oc=5
2026-06-17 03:00,Seeking Alpha,seekingalpha.com,CoreWeave Just Delivered The First Good News - Two More Remain (NASDAQ:CRWV),https://news.google.com/rss/articles/CBMiowFBVV95cUxNR0VzVEZNWm1JMm5lMnZnbGx3Um5JUzgweFVUN202cnNnLUZidWozS1p1NFNib0pZRU5PSmtrNTZCRVF2Y0J4ajZiQldnclZadV82OGJ1b1UzTG53Rm5jMzF1NXUzUU5DU0t3M09ZazNSS191RkpUNUJaY0s3TDFhMWxEV2Z5UHd1YkJXMTdGeVZVZ1RpU0NDR3hCYUlqWlJwV2lv?oc=5
2026-06-17 03:00,Seeking Alpha,seekingalpha.com,CoreWeave Stock: Pressured By Both Opex And Capex (NASDAQ:CRWV),https://news.google.com/rss/articles/CBMiiwFBVV95cUxPRWV6RjM5ZkFzaVA5R25BWGFENno2azI1Tmc3Nzc5U0VRa1hwVTNMb1Vta25WQlR2S1BBVjhFMHhmUXozYWhYd1U1VjBKNlVuaGZmNVZnTVJaLW1SNF9fTS1RUXp2cTd0WFMwYlZxMlFDVjBBMU1HSVlpMmRRWVlmbU1OUGRlVlpmalo0?oc=5
2026-06-17 03:00,Seeking Alpha,seekingalpha.com,"Nvidia, CoreWeave, And Nebius: Inside The Circular Financing Of The GPU Boom",https://news.google.com/rss/articles/CBMitAFBVV95cUxPQVRkZkpYcFBYT0dJd0NlZU14ZFNBa3NYcEJ0bElybjdvbkNSc3ZoaXNFdUg5VXl3Rk9uQzVOSkh0WGNrNlg2TEF2WmtZVl9ielBzTElrN2NwclB0VlZVSUhSbXpiM3lybXFkdjYya0RERFZKZHB0ZG5aanFETVpJM0lxY3RtVHZNQVF2UEIwajc2QVlZbVhjX3JKSHBESHJyT25tU1pzQlhoT01BUkcxZGJneW4?oc=5
2026-06-17 03:00,The Motley Fool,fool.com,CoreWeave Jumped Again. Is the AI Cloud Stock Still Worth Buying After Its Wild Ride?,https://news.google.com/rss/articles/CBMimAFBVV95cUxQM0psMG1xRHRuNHM3Zl8zT1ZOcHJ0Njh2QVRKa3JOaWItMHhrdXA4YkVrUi1QaHNwUHNpUVNSQ2FlcFhCUEhQZGUzWi1SaXNVTUt3a29sS2prbTNFSHpEZlFlZnQzNmVfZHNnSl9LUDVBclN6UkhoT0xCbF94d1BLNGFBTjNOME9CNUJaTy00VTZGdmVaZ0NucA?oc=5
2026-06-18 03:00,Benzinga,benzinga.com,CoreWeave Stock Up 20% This Week: Here's Everything That Happened,https://news.google.com/rss/articles/CBMiwAFBVV95cUxPdm1HYTYzV2tPR2UxdlQtRk1lT1A5TUhOM05uM1UzR3FGTk1IZmlyZ2pkSnJEYk1XbzNKSHpGOXktQzB3N01UMHBDdzJVaDNLcjlJQVdCR09oYjRFTG4wbldGMlAwb253Qjd2aE5SZVJQOVNDZGlPRjZxbFhhM1c5bU5FWEFncXZlSUc5RFd0bnhNdWpyZWF0LTFlVXowOGd1NEZCMEJpRTlkNzZXQlB4dVNuaGJNT0owbmxtdnRJTmY?oc=5
2026-06-18 03:00,The Motley Fool,fool.com,An Ex-OpenAI Researcher With $20 Billion Just Built a Neocloud Trifecta: Here Are the 3 Stocks He's Buying.,https://news.google.com/rss/articles/CBMimAFBVV95cUxObVJFTV9xYWk0bl9kWG15MXVGcE56NTBvMzVNc19DU2dUV1VOY0F2VVdZQkJtby1uZVBEZDRWdXA5UFluZkhVdHd4MS1MQmp4VG9WbzMwYllXVUxrNTBjbnEzOWc4MFU5Y2YwZWhSZ05HOVFYWmduZzFtOTdmTkM0b2xkUm43Nm1yM3BXT244WFdVengwRjQyVg?oc=5
2026-06-18 03:00,Zacks,zacks.com,CoreWeave Guides $31-$35B Capex for 2026: Fuel or Financial Strain?,https://news.google.com/rss/articles/CBMipwFBVV95cUxPeW5uVlFXMnczZHc4RE9iejEtTGw2a0gwTHRMR2lYb2c4anRFRGw1N0FrVGE5eEdqRVpLendCU0owMGpGMUZNT3h1M2dya2YyY20yNWVkazJtck4ybWpMRnRPM0VLTXo5enV2bWtGWkY5eUs2cXNzT3hTWFdybC1rTm4xS1NRbUthSDByMXdMN0hIcjJLaG0yeXE0X3pneEg0MkZzLTc4WQ?oc=5
2026-06-19 03:00,Forbes,forbes.com,What A Nasdaq-100 Rebalance Reveals About Passive AI Risk,https://news.google.com/rss/articles/CBMisAFBVV95cUxNdHpCNC1hbUtiSHlTczF4ekhOTXN6R1MyYjFxc2g4Um1GeUVIOTJpenJTdENyRTJsU29Ba1BBRmJBNTJ3U3M4R2Y0OC1mcHZ4eEpybldPVG1CeTU3dEhiRmFnWnU5d3pKMzRid2szZDNOWmxjNnBpa0gzQzlTRkhiZHhCTmw5d1RUMS16VVY1Z2dNNUN1TFIzQkltZkxuWG9KUDEyc1kwdHdXRnJWc0tmaw?oc=5
2026-06-19 03:00,Investing.com,in.investing.com,CoreWeave CEO Michael Intrator sells $35.9m in Class A shares,https://news.google.com/rss/articles/CBMiwAFBVV95cUxNWU0xQzFnaF9WdGZlNjJhWUhiSTEtSG5nZG0tQzA0RVdFb1dMX2NSVDl0MF90WVZPOXNfaXo3Tl9BSzgzbEtGSGZ3TXdhcGVHcWNKay1MNzNaMFI2T3lQdXgxZGRjMFlpVThIMDQ4NDM4UXA5dlJmU0tDTUNVbDZSM1dJenRpaGFpejVKV0dWLU44X2hDZzFEZVBIRnhPTnpzSENrSjhsY2t4MkZrTnNveVgtYkRsRy1qWll6VW5KdHA?oc=5
2026-06-19 03:00,The Motley Fool,fool.com,The Nasdaq-100 Is Getting 5 New Members. Here's the List.,https://news.google.com/rss/articles/CBMingFBVV95cUxPQ3JYS3A2MUVIWTcwOWx4VjJrMi1Wbk9RYlJlN0c0U2pHNkk2QmNUTlhfOXI1ZS1jZkVHeWVPNmVxWm9YM2lWX282MlFGYnhjT0lmZVBNLTBXd0FzS3JYZWI1U3NYaGlyalRCZ0o0bFZKcTEzcFdyaE01emxSSFR3MFlPRHl2RDJ0VGpCcWRsekxYN3dWZ3Fkd2ZCVEZyZw?oc=5
2026-06-19 03:00,Yahoo Finance,finance.yahoo.com,Jim Cramer: CoreWeave’s Backlog ‘May Be Much Greater’ Than Wall Street Thinks,https://news.google.com/rss/articles/CBMingFBVV95cUxPQXVRX1NGVGphbkctYm4wYk0weGdHMVNObEl1SmNlWlN3MDcyQ3VLNGJidU9SNjBlWHZKVVFfU1l4enBqQS12RTVhWlI4MUhxZW45d0NtV09TNlY0UmdOWmp4YTl0eUVsVG9Qb0VYZUtJczZBbkJMZE5xc05JM2RWdWloWkxTd3lmN0NuNHAxdDd6SHdhcUU4MjBjOWxHUQ?oc=5
2026-06-20 03:00,Seeking Alpha,seekingalpha.com,CoreWeave: Breaking Down Why The Only Platinum Neocloud Won't Stay Discounted For Long,https://news.google.com/rss/articles/CBMivAFBVV95cUxNOVRjWE1uZzhVSHZsUWpRQjFuTkRJR3hROUdmamI2RHVwVnc0Mk1UdmI4emFtYTZvSFR4OGNBb2E4aFVucmNPbzctRzllcFlQNkI3SWxqdXI0YWNYRzl0ZVcxblFXczNVekRWb2JELTU1RzhMa3VWbmZEelgwYlVxaDJNTWxqeFkyYVVuSXNKYmVZemJHMzBzTkE4S1JhODVtQmhXQkh4ek9Xa2dPYTNyWFBlSEp2amVfcTRMZA?oc=5
2026-06-21 03:00,The Motley Fool,fool.com,CoreWeave is Joining the Nasdaq-100. Is the Stock a Buy?,https://news.google.com/rss/articles/CBMimAFBVV95cUxNVWY2aFVCWUtiZVE0amQyWVhGNFo5ODdMbTFvRjB2dUo0aXItcVBGOFhIc1hGb05IdlpjQ3J5YU01SF81Z3JiSnZYQV9fR29zaVBIcXpDNUNGcXhtQ1ptZmYzQ0V1aGdHOGFKZEdsZGg4YXVDbHdibVozOS1ua3U5QUYzeU9yUWtsc2dLVkNTbm9YdzFJdVJUcA?oc=5
2026-06-22 03:00,Seeking Alpha,seekingalpha.com,CoreWeave’s Liquidity Shock Meets AI Scale (NASDAQ:CRWV),https://news.google.com/rss/articles/CBMiigFBVV95cUxQakNHU0w1QXlwZWN0SUVrcG44akhzWXJHVFdOVEY5SFNkT2NGUWJSVlZkSjhlTEplWWp5Ym9JV3dwaWx3cURvNDl4bUJwSUJtSHU0TElLNWVPdWR0cEpsUllXb2dnMURreGN4Szg2a3RmVU9rWlFlT2VsN3JnbFBoUzBqWVdjY2t5aVE?oc=5
2026-06-22 03:00,Yahoo Finance,finance.yahoo.com,CoreWeave Insiders Have Sold $2.3 Billion. The Stock Is Dropping Again.,https://news.google.com/rss/articles/CBMilwFBVV95cUxNcUF6cU1qRnRfQ1k5SDBUWlhTSlEzbkJqblJfbzVlX1B0UGJDdUZsLTItVUF3VWpPbFR6d0lrYmk5R0oyNEJSakdnOTFUXzFyVmMtZmpyZncxRm9vOXJ1MHJuME1Vcl9pS25QMkNWRXlBY3F0azhBQ0pyZ3BBaUlwUVYtWHRoQ3MwazgtOS1TQTdzYU45TVFN?oc=5
2026-06-22 03:00,Yahoo Finance,finance.yahoo.com,Jim Cramer Shares Why He’s A Believer In CoreWeave (CRWV),https://news.google.com/rss/articles/CBMimwFBVV95cUxQUzZkV1VNSHZiRnl4SkxVYU5wTlBkYmNQM096bU5VUW1FdlEwcHItU1BxSTUyMzhVZGdqdDNWWWtJWlQzM2ZWUDRqdnVnV1VxV1k3RXRULUo5Mll4d2IwQ3VnQVQ0d3JJM3dqZDJNbXhvdFpXN3p6SjJ4RU1udWVyaWVIREZuWjZYcHZydklfNVUta3ZZZ1hackFVMA?oc=5
2026-06-22 03:00,Yahoo Finance,finance.yahoo.com,"Nebius, CoreWeave Join Nasdaq-100 Today: Which Neocloud Stock Has Better Upside On Wall Street?",https://news.google.com/rss/articles/CBMingFBVV95cUxNY1VKeUk1VFlFenYtY1hlU2dMbEIzVjJsd3MwclpZYW5sdnk0anZXN2JfMGR3N2YyYUlZbE83V0o3aVpMcHJmM19Wd1hfSVlsUmpieUtBWVZqd0NKMElzUVIxMGZEZXRKWG1jRWczVzduS1F3Q1ZfY1JwazdpMnhxNUttZXFra1oxMGljQmoycHE4dHd3TWhfeVYxME91dw?oc=5
2026-06-23 03:00,Barron's,barrons.com,Backblaze Stock Surges 44% on CoreWeave Deal. It’s a Rare AI Winner Today.,https://news.google.com/rss/articles/CBMihAFBVV95cUxOLTZJR1ZjcWxiX2xocE1XXzVDYVZfaHdITW9pa2hEbk14bVh1cnFRRzNOUS1JYkJ1cHdfd09IalZiZXdfMjVpY253dlZzUFF5MFc3akdlR3VrVEFfdFYxbDRHM0ZIdjJyM2ktSlhtdXlwVzBSTk1iSUZQVGgzd0ZVTUFkOC0?oc=5
2026-06-23 03:00,Benzinga,benzinga.com,Backblaze Stock Rises After $335 Million Five-Year Storage Deal With CoreWeave,https://news.google.com/rss/articles/CBMi1AFBVV95cUxPeVlVV05MWTRGT1VVWEo2RjQySElLaGJTMjVzMWZUOFVEMXJoSE9sS1E1d3dIU0NsNlh0MU54bEJoT2plZy1OTzJ3NUpHdVdELVVvclh2UjdxUGRzOEU4dnp1ZU5CdG12Nkhmcl9DTFFkb2ROUTdoZkF0cGhaYnR2WDRLU1MwbnRScDF1VDNPT29TNWJKaFIxVGhPaGlTVFBKUGZHT2FQVFZoSHRtak1BcC0xQUpnOXB4NTJmTTZMNGE3YjNLNDhncFhCSVkzTmdWWE9oYQ?oc=5
2026-06-23 03:00,Benzinga,benzinga.com,CoreWeave Stock Is Falling Tuesday: What's Driving The Action?,https://news.google.com/rss/articles/CBMivAFBVV95cUxPTmFvdVpDSlhJSThRc2RldnZyeXg2SENoRWw5Tlk5dTBDOTc1cEJYMnFzNFNkSEFXZms0VEViaEpEZ0NoQVhiLTdscFZTY01iWHNzak0wSFZpR3gxUGNVQmpKRFNmdzRrY2xtdkFmNWRLc0h4Mjl5UENLeTh6dklsbDdFaWVlLU9uZ2dMbDBXN1FfbHl4el9CV0FLQkNjWmhVUjMwOU04TVlMWnN4LTBhdmdBSzY1ZFAwZm9zcQ?oc=5
2026-06-23 03:00,Bloomberg,bloomberg.com,"US Premarket Movers for June 23, 2026",https://news.google.com/rss/articles/CBMiqwFBVV95cUxPMXJHaG9xY3hKcFFZbk5OWnd0UzU4aU5xbXNocEFwM3RTZVNMQUxLS1REUm85djloR3ZmdWpQaGRBckUyQXlfT1NCWU5BY1Q2VWNkQ2ZSbFlRZ3JHS0pCaWI4N2YzNDdBMkkycU4zRF9Ea1FwZnpPSmxiYk9fblRFMW5wWEZTZVNEb2hFMXRRNkZiWm9sVm42eUowSUFfendWSlY5V29XNFFLX2M?oc=5
2026-06-23 03:00,Investing.com,ca.investing.com,CoreWeave becomes official AI cloud partner of BattleBots By Investing.com,https://news.google.com/rss/articles/CBMiugFBVV95cUxNTzQyM0lFM3NQcTl0ZlZ6b1RUenRxYThHZkx2bkp6OWszbWt3emdDYUVZb3VzaDBSN0x4cFlSRHRQMUJtS3pQUzVGUmpYTUNPYjAyY0ZOUWNnaFdTeHphY1VUZGstNTBGRzZJVUFheDBGbGlCdDUtaGI2cTg4YnZHbEROOWdpaWdFd3JvSlh6OUV6X0lLMTd4akZKTFVEUzVOVy1rM2oxSWxZYVhQVnNyNWc1UmlDQk1faGc?oc=5
2026-06-23 03:00,Investing.com,investing.com,Backblaze stock surges 20% on CoreWeave storage deal,https://news.google.com/rss/articles/CBMiswFBVV95cUxOTjhaRUJoMnJhNERKeUgwcHN6a1dmc0w0dXptVHFHZm10YlJsZ0dqVUhrOWpxeW1Rc1JBcm0zZUZZMWxMbWQwWHFEalBMUlhPYnVxVDZpbkdlZWpiY3dwTTM2LXNQa2FxNXVac1JYTlVfb3djeEk4bEN3SVdTc2hYZWVMdDlpU2x4Q1FqNWRyY1R4NGdPSjFXUHhMcTJBRXpaVEo2WGtWdGRYWlMxT082YVh0cw?oc=5
2026-06-23 03:00,Investing.com,investing.com,Craig-Hallum upgrades Backblaze stock rating on CoreWeave deal,https://news.google.com/rss/articles/CBMivgFBVV95cUxPa0pMdHBNclVjTWhOdDBIcGY4SjVfWC1sOWpYenpsLWRSSnE2bmNTbW8yb1Zla2NRNXBqaFkyMF9UQVJuR0phcVFnR3dVVTdYdUFFYW5SQnAxbldhR3c2VzR5WkJLeGgydlMzSW9nTVYyb1NKRWNrTFVvVWxZNXNraGVMdEhsMDQ0NzlmTE04TkR5elV3UGI1cTJucFVjVGR4TTRBc2JoeVRCYzlLSUI0dG9BLTlOYW1iamFRZVZB?oc=5
2026-06-23 03:00,Seeking Alpha,seekingalpha.com,CoreWeave: A Great Way To Short Overpriced AI (NASDAQ:CRWV),https://news.google.com/rss/articles/CBMijgFBVV95cUxPTy1CNFhfbXFYaVVrN1BvSDgxVjhlLVhla1RhSlZ1UTZEbE1BSWxlNktIMVI0WkJJMzJFSlVva2tVbDByNFpIRC1UWnVDc3JYeTN1Y2RZZHZHMXhmY0E4MV9QSURsUzJLYU1mdng3RThRNW5TVU85YW01YUJOOXMta3JSRVo2SUhWeUxsa0d3?oc=5
2026-06-23 03:00,The Motley Fool,fool.com,3 Stocks Nvidia Owns That You Should Consider Too,https://news.google.com/rss/articles/CBMiiwFBVV95cUxNQ3FSVWJidUdWOUNmRFlMTS0zaDI5bG5NOXBEM1lBUU9KdnkwZkJIUy1CMzlPdTBYbUlnSWZLMkMzc1laRDA3cThmbEViUDZ3TjB1eGxaT1NVV05yUS1lallQTXNRdHlYWTI0anRUV2Z5YWtRRVRWejFTdGRjRk5VMDVfdnJBM1NZemt3?oc=5
2026-06-23 03:00,Zacks,zacks.com,CoreWeave vs. Nebius: Which AI Infrastructure Stock Has More Upside?,https://news.google.com/rss/articles/CBMiqgFBVV95cUxPZ2psdWJTMDNab2VXRkhtNDNHWTY2bXNvN3ZRczJmT1dvaGREVHl4Vlllc3o5YUtKbDQyMU5GRFlPeXdDQUdmOE1rZE9mRUNXR0s2WDhtVENWLUwxODMwdmhNRWxCR1lVdXZOdGllYWRDaFV4a2tVUmltd3Jaekl6WmMySEtTbFJPZld3RVZ1Tmo4UUVCUE53Y0EwX0xUS1F5UDQzMmUxV2c3dw?oc=5
2026-06-24 03:00,Benzinga,benzinga.com,Reid Hoffman Questions Elon Musk's AI Strategy At SpaceX: 'You're A Premium-Priced CoreWeave',https://news.google.com/rss/articles/CBMi2AFBVV95cUxOWkZxelBkN3JNNGpuTy1hZ2RBNGNSeGxFTnZTWk44TXM5ckYyUzZ2akd6MGJKamZFeVJKRHh6NlJyOFVGR25YVTFNMUppdEQyRE1ZbFVxUTRpRUVEWnc0MVlDZjRXRFJ2MENBNnRfN3JiVDZvTnZycjVUNU1VMml4U2Q5ODgzdDd1T1NwbVZUbjhOeUxubzNsc0JQZHUzaXpFTHJUbURDaEM5YWViUFRXV3ctRjA4SEtiTDlEa3MwNXF6QUlwV1J6cFRKZHFQTm1FNEVkVERxODU?oc=5
2026-06-24 03:00,Investing.com,investing.com,Citizens raises Backblaze stock price target on CoreWeave deal,https://news.google.com/rss/articles/CBMivwFBVV95cUxPVHIzNlhXYXFWRnhCaGNpZHo3VEpXN3p4RjJReHlzWFk1dlpLbEctRzBQOXQtSTA1ZlplZExXanktQWJOMVBPM2RPYmQ5SWdJUTRPWkRaRWNDOWxNUnd0a0N3bmxkX0FUVmRDbExyMmNkZ0JOMy1rNlYybXpaOEprZ0hGMGlCOHIyMVl1TjQ1OExPZFJMWU9BQlBMRnp3ODRxUk9xWU9ZV3F1a2U3VHdIbDhWRWNGaE01dUN1cnF4cw?oc=5
2026-06-24 03:00,Investing.com,investing.com,Needham raises Backblaze stock price target on CoreWeave deal,https://news.google.com/rss/articles/CBMivgFBVV95cUxPdG43dHg3Q0FCU3cyY0NTVU5iNnRmbDJ2OHlMYmJRWml6aU9fQmxNcENaV1Qwc095LXdUY2hsRmNVdkZDQmR4U1FybHQ2Tzd6VnNNby13aDlieTBZOXplZ05uUnVxWGlyVmRHY0ozcVF2M3ZUWko3dnY4QzhYUHozN25vTHlqX1JaZFk1SEZOb3dJWktwbGE1Z2hpTnRMbzZSOThfV2ZIYkVUM0RfbGVpMk9aNmRGTTJ1WjU0aE9B?oc=5
2026-06-24 03:00,Investing.com,ng.investing.com,Form 144 CoreWeave For: 23 June By Investing.com,https://news.google.com/rss/articles/CBMilgFBVV95cUxQbEpIRXZYRlA3N1h5V2FhZkdNdlBzY05DbUZDa2txd0FvOFBLNnhFaXoyd0pzQUZYVnI5OFQwa0xLTEtuaXB1TzRjSGJ1Z1VfcHFMTkhtWER3RVIxYjNLUXVCUWpYY1ZDWVpXNWl1ZmFiSkJ2X0FBT2xCM3UtRHdUZzZFazhtZkdpdTE3a2pJWmhkY1ZGd2c?oc=5
2026-06-24 03:00,Investor's Business Daily,investors.com,"Cathie Wood Loads Up On Palantir, Cerebras, These Mag 7 Players",https://news.google.com/rss/articles/CBMiswFBVV95cUxNSXRjOHNFbUhRQlg0LUU3Z3FKSl9zcFpxd1JLVVBzN1UyNTVzQ29Fd1U5aDQ1bjZDM0htejNaUkpoVG8zUGM0Uy1LbnlyaHpPanZBQ1FSbEpkVzRZcjY4Q1hFa0xpeTYwcUtWdXFKOU1EUGMyNjMxQTB0Q0lGN2pncmdTNTFWc1kyRkRIbzVJSUhxVnNQRnlrRmpPWnBnNENrZ2JxRHdXUDhsa3N6LS1pZGplMA?oc=5
2026-06-24 03:00,Yahoo Finance,finance.yahoo.com,CoreWeave Deepens Nvidia-Powered Cloud Push,https://news.google.com/rss/articles/CBMipAFBVV95cUxPdDhVeEpReTJUUnFzdk1DeXlfTDhMbHFRWlM2a2V4OV94Rk9zeS1QVEloWWJVQmRlZ2cxRXI3ZkNDTGZ2aWl3U0dHRmIwOGlfSERWamdoSm9FNmF4RU0yWmloci1aQ0Z5bzFJNnZreHdNT0JuaGYwNVY1OXBFSi1lRkwyUkIwLUdlTXJyeDk5NzR3b0hTa3UyaXRZNm5tc21oS2ozRQ?oc=5
2026-06-25 03:00,Benzinga,benzinga.com,CoreWeave Stock Is Surging Thursday: What's Driving The Action?,https://news.google.com/rss/articles/CBMivgFBVV95cUxQeDJVaG1BRVoybTlVVHh2dTMwOE55R19rSXhncVNWQlI3S1VJMTFUTkdCNWJIdVZobmxjVjkycnM5LXdjT0tTcExTWjUtMXJGM29Tc2FBOWtUYkRZX1VLeVhpRm9lZzBIel9RUUdRcUdWd1k4YzBsZEk3ZF81blU1emZFUEtzYWV0THBaaWRFbWh1QldoblVHejB3b3ViZnZvX0xJLTA1bGQwdFhnUFhHamZyM3F5V3RtWUNaZzlR?oc=5
2026-06-25 03:00,CNBC,cnbc.com,"Here are Thursday's biggest analyst calls: Micron, Apple, Intel, SanDisk, Netflix, Qualcomm, CoreWeave & more",https://news.google.com/rss/articles/CBMimAFBVV95cUxNMm95amZoSlpwUjBwdWdpSWN3QUdyaDBORFJzb29EWEZQLWFVRU1XZWRkd2w4VE5YbGV5Tk1oWWxkM0dPRDZmNk53RDluSXBsUlFOYS1vb1Q5Y0VyQlpOaHRwMEdFOWdncVFwRG5XNVhJX0s5c19vdFVWR1U1WTBTMWJJeFRKcnBmT0pFaFdyRlczQl9jaG1XUg?oc=5
2026-06-25 03:00,Investing.com,ca.investing.com,Form 4 CoreWeave Inc For: 25 June By Investing.com,https://news.google.com/rss/articles/CBMimAFBVV95cUxNZ2lKeWNSTWo3YW1fM1pIelJ4bUlNOG5DVXluVFl4Q3JKemdwdTNzWEdIU1d0Y1FPVFp5bWxUeF9XZ1VhZnhQS1FrNjNJdlBwcWFLbGNCYU9jXzVHV1V1U00zX0RBcC04SVVGSk1iZmc3OFEwSkVHcXRCVHhkdlh4T2lKMExudmJnTW0tZlh0WklUWE9VcUxwXw?oc=5
2026-06-25 03:00,Investing.com,investing.com,CoreWeave CEO Michael Intrator sells $32.87 million in stock,https://news.google.com/rss/articles/CBMiwAFBVV95cUxOMUZ5QkdzWXQ2Q2E4TXdidDlEYml1OEkzZ3BYbWFaVnp3bnFpcGR2ZVM0Z3ZZRFFSYlhERkdxZFlhS2luaktRM0Z5NFFVV3dNZklKVGZiWGR1RE1LaDZZWDUzQklCZkJieTQ2VmJUaFdlTUxWUHBDTUh4dnlDMXhZRGM2Q0dDbEdwTlRRYXlnYTNYLUFjMUpFVDN1dG9kdjlVazg4elpUT3dBVmNpN2ozV1FGWjRfWjBxNVdlQ0VLeDQ?oc=5
2026-06-25 03:00,The Motley Fool,fool.com,Why CoreWeave Stock Sank 12.4% This Week,https://news.google.com/rss/articles/CBMiiAFBVV95cUxPUHlONS1UM0I0NG85bmZhcEt6NjVFbWlsaXFQQVF0M0RaVlN4anFXQVI4REdJb3VBcDdPdThia2dfSXJ1dVFhT0ZnM3pDOGtOVGF0YkE1d3dKN3dMdi1KSFhEUDNQekYzdlY3bkQ1NVZFY0dOQmZ2SWwyOFRTc2lQVGxrb28ycU9k?oc=5
2026-06-25 03:00,Yahoo Finance,finance.yahoo.com,Better Cloud Infrastructure Play: Alphabet vs. CoreWeave,https://news.google.com/rss/articles/CBMipAFBVV95cUxNX2VkbEhtVVg3VDRZQWlkeFY5cVVqeVIzZ0lyOEJLX3dkM0NpMnM2Um9qU1RJbG1RbUZsSFFORkthR0UtZkhEeXlOWHdLUDF3dDV6QXVreEZ1WHEyNlhyQ1lFZk1lc3RSVHNweXVUNlh6YmVFX1dNRnJ6MXg0WDJtU3drT01UZGNBUU5Ld2FLMjVaWGNKVzdVdjFmOXJNMVV1c3lLRw?oc=5
2026-06-25 03:00,Yahoo Finance,finance.yahoo.com,"Here is why CoreWeave, Inc. (CRWV) is among the 10 Stocks That Could Double Over the Next 2 Years",https://news.google.com/rss/articles/CBMimAFBVV95cUxQNHhMRnVqM3VlZnNMYzduc05RZE9WU0t5ako4TFh2bUQzVFJJLTR5c2FDa255bm5OYW5sckVZTnlQRnZNcGlPSjZCamJ5X0hZNThRWU1sZWtxWXVQT240TXAxdnRXMmNsM0w5Y01RY1FjUnZ6akhZYWFvMWZDdm1OU3Zqdm9PWFBKcWVPRHV6RUFDcmxnWjlxWA?oc=5
2026-06-26 03:00,Investor's Business Daily,investors.com,AI Data Centers In North Dakota? That's No Problem For AAON Stock.,https://news.google.com/rss/articles/CBMipwFBVV95cUxQQlEwQkRkNllETlpzd3d6M3dKZXpsUG9SeDZqMHcyVlpPUW91YlE0QTNMamNFaVg1eWMzZVhqSHJsT0V4UmVHN24wdVlTRktJYXFBbjl4d1hnVmd1SEgyWTNOazVwcnF6RUpFMlppbGVQcXBkSFpaLW5IX21fXy1BOFFFa0pra2kwZDlBOW1zSEw3LVhjSFRIVzhJMjlkUkxwV2pHdDNrWQ?oc=5
2026-06-26 03:00,The Motley Fool,fool.com,Rapidly Rising Data Center Costs May Complicate CoreWeave's Push to 8 Gigawatts of AI Power by 2030,https://news.google.com/rss/articles/CBMijwFBVV95cUxPc2w4Y0gyWGJKOHJKbVZnTDQwbFpUZ3hxQmZkamQwTUk2bmdVTzlxckd6Y3Y4ZmNveGhvT3lQaS1mN09acmtKd1pqUVdSWUxwQlZRaTNrMF93ejg4V3JSVEFSSDFyMDRwTURpR0pDN2plOXhZX1Yyb0ZoNEktNUpsbzRYZ3FXNFlUNGNiZ19ORQ?oc=5
2026-06-27 03:00,Investing.com,ng.investing.com,CoreWeave CSO Brian Venturo sells $7.79m in company stock By Investing.com,https://news.google.com/rss/articles/CBMitwFBVV95cUxONXNVblJyMkZ4Y1hwWk1QTVRNZXQ1dXlwNk9PTEFOZHZGVUdjaXpFOUNEUHB4MnFaUkd4VXRHX284RVNLSkl3WHl2OGRjQkVHNE1RbVhxVkdYUHI5dlg3NU1WOEdnSXVmY2xGYnJiZlhjMzZMQ1FwaXpFUVhzR1VxLTc0NkFjQk5vYkFhc0haZUFKNmRkN3VGUzM0SW9hYXQ5UGF5aHdxdzJaN3U0SkRGbjhyMHVHS0k?oc=5
2026-06-28 03:00,Benzinga,benzinga.com,"Nebius, IREN and CoreWeave Retreat Amid Rising Short Interest",https://news.google.com/rss/articles/CBMiuAFBVV95cUxPYXFSRnF1MXozVmJ5YTVzT09vZmx0MzZPYkxQZmVsSUhtMEVqdU5wcmU4NUk4dUtCakNOWUZrWTdlQTk1YnBIWmhtMTNCTjhLODUwZnk1MXcyY3BGbFdMQ0NiZ0VMUHk1cGhWX0Z6Z1IyWkhhRDk0TkNZMTVtZ2tOMHhTZWxjX0w4U2JkQnQ4SmZVdEhoWjRMN3B3VFFTblVUdldRUG9UWktlSjIzT3g3bGpYdEM3X0Z3?oc=5
2026-06-28 03:00,The Motley Fool,fool.com,The Data Center Build-Out Is Accelerating. Here Are 3 Stocks to Buy Beyond Chips.,https://news.google.com/rss/articles/CBMijwFBVV95cUxPckNtVm9sUDRVcVJkTV9tbllXUm9DYjg5X2hmWnNWMnFEXzNpNDFlSHIwUDVHNU1XeWRYNkVISUtKS0UwUkV3SEpERndaaUFsZXpkcmczWTlGcVROU2J1ZEY3NUJHcS1zMkZYejVFVnpzYU5ZSExIcUd1REV4UlZUZ3h6UXNkNnZLNkVBYmt3TQ?oc=5
2026-06-28 03:00,The Motley Fool,fool.com,This Nvidia-Backed Artificial Intelligence (AI) Infrastructure Stock Has Multibagger Potential. It Is Trading at an Incredibly Attractive Valuation Right Now,https://news.google.com/rss/articles/CBMimAFBVV95cUxQWmhBbFhEWkVlZEpnVktHNTVGMUlYWS15R0llTXd3bjlpNm1nWDU2MGtiTjNiTXBBVmxaSVFpdThEVmREMURkYWlDOVA3c2ZHYUFUVzJZemI2RnM5Nmozdm9NODFGM1F4Z0ZKYWtKVXZfRWhzZWlaTFZqaWcyTS1udFpoeER4NDFWQ3UxQnQyak5jcGZ4eE0tMw?oc=5
2026-06-28 03:00,Yahoo Finance,finance.yahoo.com,2 Nvidia-Owned Stocks Investors Should Buy Now,https://news.google.com/rss/articles/CBMinAFBVV95cUxNNGY0UXVhMWlvOGNlZVV4R3dGWnQ1c3VFT2dFQWt4Y3NoN0d4OGNfZE9MbFU5TXk3WmRHRmhvUVg2U0lBZTh6WWhvN2xZWTR2cUJOVDk2VUhOMUl0bW5kSENuNk53S245aEpjR0xCUV9fXzRKNmVab0RqWTlVX2xDV19FTnJPLTBHbUJ5MzNSRGtVa3JYNzRlWG1mdkg?oc=5
2026-06-28 03:00,Yahoo Finance,finance.yahoo.com,"CoreWeave (CRWV) Secures $99 Billion Backlog With Nvidia, Meta, Microsoft And OpenAI",https://news.google.com/rss/articles/CBMingFBVV95cUxPQTlGUGd4VTV5LTBwLS1NdVhVQlNSX3dfZEF3enBqU2ozbTlNQ0FQRzMxdVhIejE5MmFsS296R21tMXk1YmtPQ3BGaFZZQ2dGVFZkdDhFZ3ZUY29Xc19ZQWFMNk9wNXdpaWpURk45REJmTzdUVWJSSkcwOVlSeUw4ejdHZHZoM2tDQWRHbmhUYWRoY0l4cHRMekxiY094dw?oc=5
2026-06-29 03:00,Investing.com,investing.com,CoreWeave launches AI research agent ARIA in preview,https://news.google.com/rss/articles/CBMirgFBVV95cUxPcnY3ZzNRaEFEQkMxU2JTOW1aQzR1VjMzdm8yZTV3WXU3Y0VrMHJVbW9ZbHpSd3E4cy1qRURzTWpBUHJwUTR0NUVvRWgtZTZnSndZcnpUQUMzX3dRUFExRF9GZG9JbVNxbllCOU54TTI4eDBnWlVSUGRPVy1pXzlzc0EtTGkta3lpdFlqUnItb0l1SHhWRFVQM3ZJQ0VPUUtwSnRja3JQSUVsMTdlbGc?oc=5
2026-06-29 03:00,Yahoo Finance,finance.yahoo.com,'Who Are These Lunatics?' CoreWeave's Credit Approach Gets A Pep Talk From The 'Dean Of Valuation',https://news.google.com/rss/articles/CBMiqAFBVV95cUxQb3dVRXhmYjExOEwzeXZFWEVvWFhrOEY0b2djRXJQY3N2TlZqeEFoNEQ2cm1vY3VYd3haUDE1Z0hUOUEweTI5YkFIeG83YXR4Wm1UVTBJZk1LR2RrdTJXQ3RETDBtZ0p3aGRrazNRaUF3NkZpSmgzalozQVp3YnpwTnlOOWI1VnNuWUY0NExxeEN1cW93cUk3OVNHZi1oQUFtS1BCVVpxV1M?oc=5
2026-06-29 03:00,Yahoo Finance,finance.yahoo.com,CoreWeave Price Prediction: The Case for 70% Upside,https://news.google.com/rss/articles/CBMioAFBVV95cUxQRGFTaWd3bzFZUV9LMUZtT0RZV21SVTc3bHB1b1FvdFZlOVk4b2Fkb1MwdnBabnV1Q2xuNnEwM1I2emJ0YS1wTnF6UnA3SW1nUkR4aFBpQ3RzdzF3UWd4cUNzWERfLWdaSG5BQUx1SGpjd1BPNld4MGoybjRuY3YwYkJGd2p6enU1cUk1QVVIejR0Z2Vvd09uME1peGEyYXJJ?oc=5
2026-06-29 03:00,Zacks,zacks.com,CoreWeave Collaborates With Conapto to Expand Sweden AI Cloud Capacity,https://news.google.com/rss/articles/CBMisAFBVV95cUxOMEo2VDh1Vkx2Y3otcm9PMi1WTVpwamJDeWRtd0FxR2FNakJiTUtVNElxUDJmdFdxWXhzTmJqZ2pEcUhKMVFaTFpmdWxPME85bi1BUWdBd1RSa2FtMUMwTk9xdmJlc001dmQ3dFlGeWVXU2NoQVZXMGhrYmJnQ0VYX2xUSmphWm1jUzBTVjNBaXc0N3hrNjVHMmdzOWJQOUEtamRhMkxNOTVuSlBMZFQ3aw?oc=5
2026-07-01 03:00,Barron's,barrons.com,"Meta, CoreWeave, Salesforce, Corning, Bending Spoons, and More Stocks That Explain Today’s Market",https://news.google.com/rss/articles/CBMiZEFVX3lxTE1kc3pTa1FyVExta1o4a3ZYbVQwMzR6b2Rmb2czWUFIMnFZeldjb3ZNbjByZW40RW5HalN0X0RGc3BkYklfNi10UVdMclVsMjhHYzRfQXRueHVCSWdQMkhTSWZYVkc?oc=5
2026-07-01 03:00,Barron's,barrons.com,Why Meta’s Move to the Cloud Is a Big Deal—and Bad News for CoreWeave and Nebius,https://news.google.com/rss/articles/CBMihAFBVV95cUxNaTI0bWdTNFdLenJMZkx3SlhUZGxZWWJJRENXdWdLWmZlQVZGdXA2ak9VN1c4czdSSGtpYlhQM1lEaHNsWHptOEZCRlFtRjNORUZ3M0ZuYVYwYi0yU2lORmYtWGFZSkM2dGRpUXQxXzgybEh6Z0VYR2J3M18ydDRXRjlUX0k?oc=5
2026-07-01 03:00,Benzinga,benzinga.com,CoreWeave Stock Drops Sharply on Report of Meta AI Cloud Business,https://news.google.com/rss/articles/CBMixAFBVV95cUxQSDFvZ3JvWkNOemR0Y0dhZjBrZHdBZHJwZ1JEdEE4TWhMZHY4QkNNVDd3cXA2RE4tVnk5b1N0SnM2QUpveEZmanNiaHFtZmZaVzlxeE4zdWlYU0x5bXBFb1NjWkdIdTJQb1V6cWVaR0lZWkpUT3dYTzBUV0xzNWpzRFF6Vy00ODEtWngwc05yX05iOUQtLTBhT0hveWxJbTVpNkdhdHJCVE5kdVNTd2NTTl9LS3dNSDJzZExqbnNUWkZFOWU5?oc=5
2026-07-01 03:00,Benzinga,benzinga.com,"MU, NBIS, RDDT, CRWV, META: 5 Trending Stocks Today - Meta Platforms (NASDAQ:META)",https://news.google.com/rss/articles/CBMi6wFBVV95cUxNTzhMZGZ2YjktV2VmdldPcHJSQmZJdnJuZlBadE5JVTFybDR3TXVlU2xvdXdNWnFOeV9fN1ExeW8tWkQxeWdtMmJ0RTZhamZEemozTUgwWE1kUTFPNmZkT2lBTTFqbUdGTXN6N0N1djN3UGYyaWZPMzlfMWEyM3VHQU1BSmtlMlhGVlZ0SFZqM3U3azRjRmJVTm5aNjZXM1l3QVhOOGFEcU9qRGJrWG8tb3dNYVRYYXRCdnVvOWFySDlQSWdjNTVrSjRZY1Q4UHpHUUxZc1V5U1ZwOXFMZmdZbnV3SmpCTUd0dGxZ?oc=5
2026-07-01 03:00,Investing.com,ca.investing.com,Why is CoreWeave stock tumbling today? By Investing.com,https://news.google.com/rss/articles/CBMinwFBVV95cUxPb0hIMU84bGJCX0JCOGdUX0hUVE03UmR3ZzdxMmc4dG5EcEZRblpISWpQb3hTTTFQV3R1WHozMl81dV9XWW9sOXEzY3V2aEtUajFLN25Ja1B4MHBfR2hMWWRqblVKQnJrMjUyWXd4Wk5Rb1N2S2JJLUZJeUNwYmp2enUteW1ZMmY5eHF2c0ZULU81LVFSY3RXSE94MUVRWFU?oc=5
2026-07-01 03:00,Investing.com,investing.com,CoreWeave and Nebius shares fall on Meta cloud report,https://news.google.com/rss/articles/CBMitgFBVV95cUxPeGRyb2hJbVgyQmlLd2djWGI2dWNrZU9IdEZRS3ZKRGpLa3BGX1dYRlNZcl9OMDFPVHBoeUtvRWZyWWZtdkxsX2ZpUzQ4dW1tTXg3UWRaamcyOTk1THNkS2UtdjlROWxHd3FrbFlJYXZicFkzRUM2N1hiVktPbU1QT3RmNjFHLW5ldUdJU1FCU0d1TVVMY3p2ZXhpYzMwbElYR1MzdW5wTmVGdjhVR1JmbGlmLUNxdw?oc=5
2026-07-01 03:00,Investing.com,investing.com,Evercore ISI maintains CoreWeave stock rating amid Meta reports,https://news.google.com/rss/articles/CBMiwAFBVV95cUxPdEFJa29jTmxTemJuM2wwMEFwZEJ0RW5nU2hEczlSbzdmeHdYLWh6X1dJMGhIRWFmb3gyWHVBYnMwcW05d29Edi1sZTdDSkxaR2FvTEhXOVlYU0QzOS1hZHVfbjB0OWJiTTZkVHUtTUgxZ2Z2X0M5RmF1bFhKRFdKVmxJZDZ0ZTVFMWJsZVdGLUF4ZWhoelphcndqbXdpNFNPMUFyNzVsQ3pHa3dRY0lXQjM5dlRYeTRBV3NGNE92WFk?oc=5
2026-07-01 03:00,Investing.com,investing.com,Rosenblatt reiterates CoreWeave stock rating amid Meta cloud reports,https://news.google.com/rss/articles/CBMixwFBVV95cUxQUlU2MlNqa292ZkxMNEJjcW00RUdWQTlONExvM0dCbV8xZHVOS1RFY1NMTXh0ZTJRYmY0dVMxWllEU25oNG9sR0NKVGVsNFk1SHMzY2NKUlp0WURUWkRyWlAySU9VQXhWWnhfeGw4ZC1pSDdqOUt0dUYwQjFkOXVZQVNNcDNXNEZWMHdUYWIzN2ZVVERIUmJzSG1lUVVHS0NjbUZyTnRRM25mMzRiU0x1SlE3VkRoR1Q2WU5kLUdnb1JIN3l4eUpR?oc=5
2026-07-01 03:00,Investor's Business Daily,investors.com,Meta Stock Rallies On Reported Plan For AI Cloud Business; CoreWeave Slides,https://news.google.com/rss/articles/CBMiiwFBVV95cUxQN3pudFM0NkMtRFdyTlM5dU04RVdXa1JoN2lfSVdSdm1sYzBiODdvdDJzTWMwSDAyR1FlcEM0RW1qRjlfNllaOWV4dWZ1U2x0N3FUanZIX0YwYU9XOGRqNWpPVjJIdzQtY0Vvb2xQNmV6aHdxT1dzeXVuSkpLNGNvZV8zZ1FjQzg2VGk0?oc=5
2026-07-01 03:00,MarketWatch,marketwatch.com,"CoreWeave, Nebius shares tumble as Meta stands to become a fresh threat in the cloud",https://news.google.com/rss/articles/CBMixAFBVV95cUxPTm5SM1F5V184Y0ZsemlubGhJOEw5Z25kTVB0cFVKdEEyUmNqRGl0RWlLR3FGWk1Td0xqSVdHZTlmLXZvajhtbkpjQ1hra2k3Y3QwM19qMG1fSzFaUkRVVDdJNTNjTElDQzVtSC1TR1JPRE9feFJvZ0JHdnhBbktGU1pxbDZqejVTNkNTWldhX0lhcnZHZE45MmxxNEdicDNUeGpFcTJYU0xaNXpMaWxLamVwb05pMzdBalZWUXEyVGFsMWcx?oc=5
2026-07-01 03:00,Seeking Alpha,seekingalpha.com,CoreWeave Selloff Is Mispriced - Here's Why The Growth Story Is Intact (NASDAQ:CRWV),https://news.google.com/rss/articles/CBMipgFBVV95cUxPVkItaHFtVFNoMTN0NkJwcU5uUXdody1zYWxoU0FuQThqZVBOOTFMUEtJeXV1cE9HWlBEMHFfcm9aU2xFbDN6UkQ0bUF5LXFQbWV2M1lLdjNuSV9HQlRtbTB4VkhuLW1iTFRlMXVpZVlVbWRDeUpjSEVCS3hRUWNjWl9tU1VnZUNubW82MGJWMGR2ckdjS1UxemtTVnVGbGhFZk1zUFhn?oc=5
2026-07-01 03:00,Seeking Alpha,seekingalpha.com,Meta jumps on report it is building cloud business for excess AI compute (META:NASDAQ),https://news.google.com/rss/articles/CBMirwFBVV95cUxNellITklWWlF6SkpEZzN6TVlEQkZ2cmt5R3p3RzM1blB6ZnR3dVpmWjdXTlBKNWJpS3ZRZVlxUk5BcnVHR0k4aWJ2MDNKX2FfUTRpdUx5aFBHdkdLRmhHU2kyOG02WnNpb1p0eWd6YmJhbnhhR3RWcmJXakE0Z1BsbVFqdVladjNVUWREQXJUcEhvdFZ4Tjd4emF5TUVKV0dEQTF5YlZDemUwdklHOW5V?oc=5
2026-07-01 03:00,The Motley Fool,fool.com,"Stock Market Today, July 1: CoreWeave Stock Tumbles as Meta Cloud Report Raises Customer Concerns",https://news.google.com/rss/articles/CBMi7AFBVV95cUxQcnZ3ZGpaMWhQZWI3MkxhZlVnZnFMVm91cGV2VE0yb003bnJiUVBmUWk1NDlfX2x3QWNJUWZ3ZUVkLWVldnNSRHJFNEdoeU1ReUozVTJEVU5vRXpCcXFyVUdCbXV2a2VrcjE3bmJJMDBwOXgtUm5rQ01KeVBQbkNQd01hNWU1UlpITjAxUjZBOWtXajZ2OHJFNEc3eU5UQ0xHNWZRNk0xR1F6ZlRGMUxRU1BwbzZEUFpjZkNpWEhqSGNoaHZFR2dhRkZ1UjAzNzFxek05R0dlTmFraGZNaVlYNjVEM2JlMXk3Zl9law?oc=5
2026-07-01 03:00,The Motley Fool,fool.com,Why CoreWeave Stock Is Tumbling Today,https://news.google.com/rss/articles/CBMihwFBVV95cUxOUDFBZ3psOW9fRThQeDlIb1VSOUNPdWdmdUU1VVVIWUxhX0l6dVBwNnpVQkFCVGVIdW85UlFaa280YWJhSjdMTHZBckMyRndRSi1CN3c4ZlZYZHBSaWRzengyOVY5eExHNlNVNl8yWUhTVldRR3pmRDhoaW5FRXZKOTV5QldQU00?oc=5
2026-07-01 03:00,Yahoo Finance,finance.yahoo.com,CoreWeave (CRWV) Is Down 15.1% After Meta Weighs Selling Excess AI Compute Capacity – What's Changed,https://news.google.com/rss/articles/CBMikgFBVV95cUxNQ0lVMkV1NDZBZUZtMzhGRTMxN2F0dE8xaG1TSXBKZmZBY2JIWDItYzRmWDIwVHYtSEtFazlGSjBKLW1MQTVzc3VTSWtRd3lXSEVRSUpJbE5DUUdncFR1Q09xOVg1VVFkN1h6WVpjclJ4SGhIMjloeXJWNTJQU0ZuTkNTQ0x1SDNlZU1OVXZySzJFdw?oc=5
2026-07-01 03:00,Yahoo Finance,finance.yahoo.com,CoreWeave (CRWV) Stock May Still Look Cheap Following Record AI Backlog,https://news.google.com/rss/articles/CBMimwFBVV95cUxPVkdUbWpYbjhUVUplcndqb19iSUIyNFRmRUhQZjVZZ29MWUtJYzlpSld5QUp6U2NiY2sySVFZSXpBZjB5d1FxUHBRSEt5VFFkRDh0cC1LclhoVjY2cVBNSlpzQ1dZY2k5MU1hSTA2d2xwQktwNnBfaGN5WUh2SEJsU1JQelBGaG93Xy1DSnc2eGtEUnExR3g1VnFWZw?oc=5
2026-07-01 03:00,Yahoo Finance,finance.yahoo.com,CoreWeave Is Down 13% Today: How Does CRWV Compare to Other Cloud Stocks Like Cloudflare and Oracle?,https://news.google.com/rss/articles/CBMimAFBVV95cUxNRWJLSEUyQndXRV80eEJXQ0RoeXRVc3BkcEVUenh3dVJBZFluT19hV0d4dlBSOUlaT3MzbHhuTDJ1WWVDcXBIeGlodXBXUllWXzNGWDJrRlpKMEF6TGRSTF9oQTFyMDZxVUM5ZEtnbFlsdklsQnBxMUFpd1hfNFF6VjFUWm1fZTZmSlBZV2IwZ0ZWQmxtb0Z3Ng?oc=5
2026-07-01 03:00,Yahoo Finance,finance.yahoo.com,CoreWeave Vs. Nebius: CoreWeave’s US Footprint Beats Nebius’s Premium European Expansion,https://news.google.com/rss/articles/CBMinAFBVV95cUxNNXVzdEVqQmhxYjB1cDBkOVRLY0hGekE5blBiRzFQN3hoc3BFaGNBemZpaVRMRkgyb1ZJcVpIUy05ek4tSlBpZ0U1eElqZEJlZ2dFZ1BoVll3UnVvdnRKWEVkNmVZcmVycXplOF9PUWJ1aHU4QmhINTFKUm5raDNEVkZNZXRvaVZtMnh5OWVadF9yRFZfdVVqbFplVVA?oc=5
2026-07-01 03:00,Yahoo Finance,finance.yahoo.com,CoreWeave and Nebius shares slide after Meta cloud expansion report (CRWV),https://news.google.com/rss/articles/CBMinwFBVV95cUxOZ01YVmpIcnBpUVNJckM5cW5yMnFOTWxFMHRyMkFzZUwxVHFsVU1jaklTcU8xNmpsWE5iTDhxMlM3ZEkxT0tGSEN0b0MwNlRsODEyQ3Izc2Z6Qk1mNHY1aW0tbWkzcnMxVmZpZ3hPTFpLVzlYV3ZPNFBkWFl5STFzM0YxN2xpVU9JT1NxNjBOSG1tVzY2eGt6ZXF4QkpBemM?oc=5
2026-07-01 03:00,Yahoo Finance,finance.yahoo.com,"Nebius, Coreweave, and IREN Tumble on Meta’s Cloud Ambitions. Is This the End of the Neocloud Boom?",https://news.google.com/rss/articles/CBMingFBVV95cUxNWng1Z3F3bk91OFpfS2tWSVBqUVNoTkJCSmxKMGpxa3ZwYkhXUXZoYUt0ZTlfekJFOGl3aU9nZ2FDdHB0bEJWOUJtQTRaU0ZUWXI3dm5jaFhIS0pRMEUwV2M3azYzZUpSczlpLVFYQUZwcDh2T0E2QzAwQ2NZQ3NKUmE3NEJtSEV6ald6TVBqX29jRnRoeXhuTUdkX2luZw?oc=5
2026-07-02 03:00,Barron's,barrons.com,CoreWeave Takes Another Hit From Meta. One Analyst Sees 200% Upside for the AI Stock.,https://news.google.com/rss/articles/CBMid0FVX3lxTE11eVZ1d2stZTJzaUxjS2UyWGI3SUtobU9UNzc0QVhtS1B3cVV4TnhMcjE2bEFXaWMzYXU4ZGthZ2IwU1pwd1hvZ1Y0NTljWlZsWnZfS2hpbFhSX1NCRUFFVHUzTTB4TC1iYVhqYW1ndXh3bDlCVm4w?oc=5
2026-07-02 03:00,Benzinga,benzinga.com,What's Going on With CoreWeave Stock Thursday? - CoreWeave (NASDAQ:CRWV),https://news.google.com/rss/articles/CBMi7wFBVV95cUxPSnhvY2RRWkdyOGNIUFljVVh0VUREWXoyUDRGanlBV3NqdHJwMGNUZGJwNnNIN2lGOU5XTFpsbmRodllEOTN5TTNfNl9PMV9sWjJTOVNEZmtzVG14S2dVTm54VzhwUzN0NndTSl9iblRaTTdSLWN1Q3ZqNFR3Z3N4TmJPbU9mcHZWdVZHSU5EZG1tdTQ3SmNNTDIyZUN1V2w1cXFrWlBQWkVoNXJMR3RLYXdmcnZIa1dsUWhGLVhVZ2pINWtUY2FOSVE4VzdpNnhndmpIelk1SmlHRHAtV1FpRG1MOHV3MElBRUM5WTdFSQ?oc=5
2026-07-02 03:00,Bloomberg,bloomberg.com,CoreWeave Junk Bonds Slide Further as Investors Question AI Boom,https://news.google.com/rss/articles/CBMitgFBVV95cUxNc2RwbW1TQkxoZU5ZbnktcFRFLXpOVzRCRndWOHY2Y2J4NE14bGRWQkVMY3pON004cUtNZXJUSHBYei1NWkJaanJQOXZhOFZEY3JMTUdMck92UWFvS1RlbkJpaFNFOXVOcGF6Y1hFU2J4OHd2SnZCTzhXT05MaFRTMWo2dUJuMVBwc2xCUW1RTXJsSkdoVHdpWTBwYVlKM0ViRnQ3VUFyQW9Cc1pGWWxlRkU4MHUydw?oc=5
2026-07-02 03:00,Bloomberg,bloomberg.com,"US Premarket Movers for July 2, 2026",https://news.google.com/rss/articles/CBMirgFBVV95cUxOX29EYUhqWTA4MXJYeG1MTk9paERUZ1dVVmZfZ2tUVFNiamxiUHB6YTlMZFhhQkJpQmdqWWduaHAtQ0ctcVpLLUdHV093em5XRFpKNFJrbjlDczV0cXRPUTZFMkhqOVlBdzBLOWFrSWVZa3BKLVFhRU5hd2xxNFB0dFpPRHZvVllralF2aWdBcHg5bnJ1THM0LTRKZVZYLWg2V2xVTVhQQjV4UEZqQnc?oc=5
2026-07-02 03:00,Investing.com,investing.com,CoreWeave CEO Michael N. Intrator sells $37.7m in shares,https://news.google.com/rss/articles/CBMiugFBVV95cUxQbHlVZXUybDY3QmNEMTN2NTZ5RVRWbHpMN2JlcWVCbVA5amJCNG5nWThJVzRZRE1zZ0pjUVJvc2ZyMWZneGNQb1N5dzNXLVRUWTVmVG81SndmVEw2cTFMWF9vNktLRVBGZm9ORkphazR6cUUxcnJFVHVJMlBUblBEcVpnTUd6X21ydnA5bmhXM3RWV05wd0NvcmZGdDFCRnNYTG5WNUZJVEtzN1lpNGxwUjdzUW04UGZrX3c?oc=5
2026-07-02 03:00,Investing.com,investing.com,CoreWeave CSO Brian Venturo sells $12.9m in company stock,https://news.google.com/rss/articles/CBMivAFBVV95cUxNT3JCZVRmMjVONVJqd3Qxcm1GNTdtQXFvbTFOUW9ES05oVzgzUVFCczc5TFZmZExXcmZlVHVkUFh1OVNVMzNoVXNoVTRJTFN0QUhZUTl6YzkxNjRkeUdsZEVjNW9TQ0ViSTY4ZWdLaGhNbW1uR3A1MGF5SzhzVGJ1YWlOSUd6dzlGNDRUOUxoTTlma09lRjI3T3dRQXJYQUVCR05VeGY4U0JHV2l3bTRDbllkd0ttT1hFX3I5ZQ?oc=5
2026-07-02 03:00,Seeking Alpha,seekingalpha.com,"CoreWeave, Nebius in spotlight as BNP discusses capacity vs. sustainability debate (CRWV:NASDAQ)",https://news.google.com/rss/articles/CBMiugFBVV95cUxPX2Z6YXd2a1JhYV9LcF9EWVl0SkVOazQ5amZHZF91SjA2blppTkJVYmxFZjR5dElHYTU0blF5dXNGUFBIZGpFbjdXSHBpQlJjZ3J6TzNjblhwb2lrM3o4N210WWhBOXlJRFlGOXdlRTlOejBwcm0tVm5rMS16RF9Jd2tVdHRDSEtFbU1sTWQwa0ROMzVtWHVsZzd6WUxRbm83Y015S0NSd09IWk9tM0V3cjVPWFEzU2VpSlE?oc=5
2026-07-02 03:00,Seeking Alpha,seekingalpha.com,"CoreWeave: Biggest Backlog, Smallest Multiple (NASDAQ:CRWV)",https://news.google.com/rss/articles/CBMijAFBVV95cUxOTU1LRE1pZjV2S0I0SnEzdDhnX1IwOXNLc0VsWkI4czIxTkxsMUQ0eTdqU195OHctb0lBU1d2TnBTaFBVN25QNXJkM1dRWTlxZlBpWGc4QUpfNWc3OFo2WERYQkZqek4wZ1BmUkU1MlpFWHo2TWdQanFhWWxTby1GVXdMQ1pId3VpdkthSQ?oc=5
2026-07-02 03:00,Seeking Alpha,seekingalpha.com,CoreWeave: Meta Compute Scare Is A Long-Term Buying Opportunity (CRWV),https://news.google.com/rss/articles/CBMiqgFBVV95cUxQWHJXem5sMl9ucVpFT2R5cThvUHlUSVlEM2s3eHFQNS1yZnJ4LVZUR2pGQllCNUIyY1lzTmpCTzdxUl9hellMR2xFa0dhNndReXFGU0Z5WDU3N2RnMG95bjB6QWw2VHpMV1pYYksxUjl2YnE0dXJUTFNpVEJEMTc1Z2hDSDJxLUZ1WG5MQWVDdDF4VDJuNFpVWWtfclIxQWNBVWVZQ2k1SU56dw?oc=5
2026-07-02 03:00,Seeking Alpha,seekingalpha.com,Nebius And CoreWeave: This Selloff Makes No Sense,https://news.google.com/rss/articles/CBMikwFBVV95cUxPYUE3TUtvY1BYOW9lOHpZQzhSVldpdm9Fcm5hTmFiajhQN0lZRFFlb3ktWW90YlprWkQxZXd2S0JuWDVEWnE5QTItZ0Jac3RDR2gyQUEyVzdKaXZfZ3Jsa19rYTlDT2xORUx1cjQyRC05ZEREbFhTV2RkcExDWVhlWW5VS0xaX1ZYcHphX3BrVXliZUU?oc=5
2026-07-02 03:00,The Motley Fool,fool.com,3 AI Stocks to Still Buy If Inflation Stays Sticky,https://news.google.com/rss/articles/CBMimAFBVV95cUxOU2NuYVVDLVpvWVJFc1J4MHJIbjFiYkVUR2IzeHItRTB6REpiLUVEa2lyLTNza0xxN2tydHBZalhMbUdIME9EUzFyZEFJamRlZS03Wm1oRHJvLWtId3lCOWVQazRhOTdCcUxhazRMak42aS16OFNlSS1lU0tHY2RHV2g1ODVJSWhQZE5QWFNtVzFWOURTYVZGSA?oc=5
2026-07-02 03:00,The Motley Fool,fool.com,CoreWeave Just Joined the Nasdaq-100. Here's Why I Would Buy the Stock It Is Replacing Instead.,https://news.google.com/rss/articles/CBMimAFBVV95cUxNV3pHSjg3MjlGanZrQWZKMWhCcG5fZFRHbXZnLWoyZFZBT3JmXy03cFU4TWZ6THpBTzZqTXdiZkdTMVZRaWhhdXk1S0dDS1d1OC1CTFY0QmVjcWRzekgwb3prZUFtWHRMLUltQWNiYmFPWk9rdGpEZnFTVmk3Z3h2VXd3dDhxdVRZWkU1QWJ5XzhWdlFOR2ZXQg?oc=5
2026-07-02 03:00,The Motley Fool,fool.com,CoreWeave and Nebius Plunged 14% and 17% in a Single Day. Which Beaten-Down AI Cloud Stock Is the Better Rebound Bet?,https://news.google.com/rss/articles/CBMimAFBVV95cUxPQ3NEcFM0WWM3VDFPTkRzYXRDcUFzY0xvcW5CRUNtbTFISEoyUjRjUDYzeC1tRVdtYU9VRGhQR2lUTGtydF84aWpGaTdSMV9LQXV5SE1xNXZOZkZIRUpHZ21BajU3LXZqTkpzaVU3X1FveWNhSFVYUXVLTlJqUDhvTWJuUnppRG05WUtuM0REQW5abERha0tIZg?oc=5
2026-07-02 03:00,Yahoo Finance,finance.yahoo.com,BNP Paribas Sends Fresh Message on CoreWeave and Nebius Stocks,https://news.google.com/rss/articles/CBMimwFBVV95cUxPeFFUQmtYQUtLekZnbmVYdzdySjFueWhCN3dKVjMtaFdYSFlSTWVyUzZCZDhma1I1U1VfZEtDQ01sQ1ExclBtUl9FNXpLRDYyQ1NldDJnNFExMFpGeHFhRjllTnh5ajR4N09rc0YydTZMTlp1cE9xM1RQNm84dXdDZTB1QjNQUmxwVnlRZm43bXlHWWFUZDVpQWMwZw?oc=5
2026-07-02 03:00,Yahoo Finance,finance.yahoo.com,Meta Platforms Is Dragging Down Coreweave Stock. Here's Why.,https://news.google.com/rss/articles/CBMipAFBVV95cUxQYVhxYlVPOWt2TEh0bnBKcjlYbld3d3V4MklCeDBWMHlaY25mT29BVjhIUFhlS2lneHh4V3pKWkpDQjNKTEtkdGItZ1hUSzVyN0JFMF9zaWpEMEpxRDFaQnpmMlBKVjQ5Ty03UDFkT01yVms3aEN1RmFPcW9ZYzZtZk5vdHlOdHVqQzBMRFJNLTVNQjVkTmhhVkFOQnFxdVpyUzJXag?oc=5
2026-07-02 03:00,Yahoo Finance,finance.yahoo.com,Why CoreWeave Stock Just Nosedived,https://news.google.com/rss/articles/CBMioAFBVV95cUxQWFU0M0JhVWNweXpRRWhzZkVDSms4ZU9DVlhodUduU0hWeGJmQVRvOG5KQmItbUp1QjJuUDBVYnR0QkszeVdZbG8yU1djb0JTTmpzQWhKZGp5V1ZRdXYwb2tXMG10aVhkbFNINHFMUmJjNkZQczVJVkVmR3pRWGZaM1FDejZDeDYwUXg5Z1B5b1RFT3hTQzJwSW54cUlTTjVa?oc=5
2026-07-02 03:00,Zacks,zacks.com,CoreWeave Unveils ARIA to Accelerate AI Research and Agent Development,https://news.google.com/rss/articles/CBMisAFBVV95cUxQQThhNWhoc0dyZVBFUmNhMXlxY3dHdGVnbWVlYTNUbENab1o1Q0JOaF9Ba3BwZ3gteXVSQXFxQmh6SmVNem9MRFp1bWVxX2ZiTzZIbFdReDhMci1yaS1mSUdtcHJQN2FBR0c5NnZtT0YxVnQ0Q0c0ekdiSzJicWw5VHk2aWNGZXpsYnBsUllzNkNoQ0JlNDZ0dm11RHdyWWVHQ2RJMFRGT3dDS1hsV0tTUA?oc=5
2026-07-03 03:00,Yahoo Finance,finance.yahoo.com,CRWV Shares Slip 24% in a Month: Buy the Dip or Stay on the Sidelines?,https://news.google.com/rss/articles/CBMilAFBVV95cUxPdlkwT1RYQ21jRGJxcXMwaERGcDNUejRmbGw5SFhyamhUQVdCQUd6ZDhRVHplQmx3RWVBU0FrZXB3WDlwTGg1c3Jfdnp0T0xaQm1XSTdGUVV4b0xhZEo3eTdMbnFFM1lGRWxNSkRCSGtTY0hFalNGekRvU2l0RURtRXRQZGR1S3ROYXJYQlN2d0k4Qk1a?oc=5
2026-07-04 03:00,The Motley Fool,fool.com,Missed the First Wave of Artificial Intelligence (AI) Stocks? These 2 Aggressive Plays Are Your Second-Chance Buys,https://news.google.com/rss/articles/CBMilgFBVV95cUxOeDNROWdWTTRDeUZrRjUta2Njb3NRb0dDWllhNXlBZDVLdHBlbTkzLU9MVHJPUHhJUjMtWTNrUzhVZGFtZWRTQlVSVXpDNTRSYWxua1ZxSlBFWFNWczdpRHVPeHVROXlxWGREMmlqd0wxRzZIS1hsU0J6T1BzVzNyZ1NYa2hFYS1XVW1jLWE2T0Y2emdyY2c?oc=5
2026-07-04 03:00,Yahoo Finance,finance.yahoo.com,CoreWeave (CRWV) Becomes BattleBots AI Cloud Partner For First Pro League,https://news.google.com/rss/articles/CBMiogFBVV95cUxQWXBhdVpucklVejZka3JCRUlYQ3VSTWZpOEx3VlJ6aXhGMTkwTlctSklBMW9HYmR0bHNkR2tWd0JIaU4zamYtUGVuSGZVTGV0TER1c2x4ZWRTQ0trb1JqMXV2Q0VHVG9rNERGY0N3NVpjcmRzSjBXbWFvZWcyX2tJWDUyRVRzeW9BYmhjUUxxLWhxNmdjVlRGXzBBUGJyNWN5b3c?oc=5
2026-07-05 03:00,The Motley Fool,fool.com,Why CoreWeave Stock Plummeted This Week,https://news.google.com/rss/articles/CBMiigFBVV95cUxPVnVERTVvOGttUVZSQldWNnE0QVN6Z2c5c2x0NndwR3Q4TW9JRGlEdTl3X3dKVjREd0RCaWJ0bm45ZklnT1FONzVDeDhidkQxT3dXXy1qNVhELWlER3I4bXZkVlh0OGlRaGR0MktjOU50TEQ4Z0dySFoxVTJKVXJ4VEFUbEVqU1huSmc?oc=5
2026-07-06 03:00,Benzinga,benzinga.com,CoreWeave Stock Is Climbing After Meta Competition Selloff: What's Driving the Action?,https://news.google.com/rss/articles/CBMi3AFBVV95cUxQcHdNcnRFU1NZTmp2OHFXS0p1WkZoR2xReUw3bFRrMFF6amg5TGdneEU1ZEVtVnlrYzVmeHhyV3IzMmdfaERkZmtmLTliZWxDWmlkWVZ6TDRXTWVLWV9vQzdSVnZGSDU3amRVZ1lFcnVpUzUyRkZHczltY3RMVWMtZ2ZVMF96U18zU1puM3FwVC1JY3FTZGctLXBlUmlMSmY2ckt4VmNWVFVoNHQ3V0xVaVVmaFpBSTMzUVNXUmxoTmRULXhsZkpNLVAyeGpBeFZYUXJ3andfbnBhaHdY?oc=5
2026-07-06 03:00,Investing.com,ca.investing.com,Why is CoreWeave stock rallying today? By Investing.com,https://news.google.com/rss/articles/CBMinwFBVV95cUxNWVk2cTNpeFlQN3JQMUlqU3psdUZEZzg2UzZfMXpDN3FuaHJCVWN0N2JiT3FzWTBhVDVkMFR1aWpiQWNQTi1UVnNrNUdpNjQwQXZ2TTdwdjNkd09pRTZ1Y3RTaS1sX3pkN3BTbHNQMGdwa2plSGlyQ1JuQzhXZGl5bHAtLVN1bmFoWTEtWFIxcDVlZGc2RFkySnpjc3BFbWs?oc=5
2026-07-06 03:00,Investing.com,investing.com,Wolfe Research reiterates CoreWeave stock Outperform rating at $150,https://news.google.com/rss/articles/CBMixAFBVV95cUxNWGp4bjU0cnJiWmxyTHU1VU1qSlVPMktIRWRaNzBoZUNFT0k1aFJKcDJmbjJrWmhUdkw0cno3Nm5oVGt3TEs0Q08wRGRKSkFYMENGYU1zMzdZd0VscE92Z2xiXzhZblFSU3VRdnZQeWpIOUZuODB5R0o1N1g2V0tMSVJSeXdBcld0ZjM2LUFMMGhLQ1NEdFVkTkNOVlZ5SXdzY3pmVVNmalBaQlpEU3dRQWQ1Xy1UVVJlVVNST0txRDY4bld2?oc=5
2026-07-06 03:00,Investor's Business Daily,investors.com,"TeraWulf, Anthropic Sign $19 Billion Data Center Lease. Neocloud Stocks Soar.",https://news.google.com/rss/articles/CBMimwFBVV95cUxNNTFsM3FzSmJnVmp4bEtybTExX3BxUGlqOGxoOWVjYXZ6cWFXTDBTNGMyVjQxWFRIOGtnRGF0RUswSlVEdTB4YVFOTjFOSXBySGtUN1Y1cV9ZVWxYanc2ZVBOdFQ3bl83cmI2dmtnVXpQVUhPX3l2b1k4aGJnaUJCSlJWZDFmdzFYZm9aLVJpcVNjMWM4S1hoSEppcw?oc=5
2026-07-06 03:00,PR Newswire,prnewswire.com,"Galaxy Completes Phase I of Its Helios Data Center Campus, Delivering 133 Megawatts of Critical IT Load to CoreWeave",https://news.google.com/rss/articles/CBMigAJBVV95cUxOU05sOG1YZ3FUbHh2aUdhS3J0ZFJURDhFTkFRMlNfWjZRNnkwcHZjNmE5eWd6dVlWbkZvc3d0NFRWU1owZHpaTkdMRHpQdmdhWk15cHV2ZGUwMFB2RFh3NEY3enZZeEpjSmZLeGt3LTBXTG9sMmlHS3BfdG1hdEtWQllKdDlSX3hVaHBYZDRZTXVZT29lbEFKN2xNaG9ZUlVPQU5hSjROVE5MVEtLazZDWE5RWkp5ZWZaWEpLZjhMNHBoR01CME1OczJCZnNINmZVSnRYSmVUMmxnVlJfcDY5V2w2RDBtRzB4em8xWGZRUE5wcl9PemtMOURCRlQtSWNt?oc=5
2026-07-06 03:00,Seeking Alpha,seekingalpha.com,CoreWeave: Downgrading On Increased Hyperscaler Competition (NASDAQ:CRWV),https://news.google.com/rss/articles/CBMipwFBVV95cUxNOWxKdkhPWGFPdURrNWtYSjhtVDVKekFTcW42bUNkTEM2a3owT1ZVYXM4UThsM0R3UHlINFBsU19EUzBYYnZKZ2ZOZHU5blgta1dPZ3pPMjYycFZ5LUpoTnlzQTNJbF8yRW4tT0dUcldYa05FRU44UGVpVjNhSk1FNmtncG5jVzlJX2FVZXhob0ZzWW9TV2RGWFRvb2tkMVMyYTZleW9wTQ?oc=5
2026-07-06 03:00,Seeking Alpha,seekingalpha.com,CoreWeave: Nearing An Inflection Point As Capacity Scales Toward Profitability (CRWV),https://news.google.com/rss/articles/CBMiugFBVV95cUxOckhwa0l0ZTJsb1BUeENXTUs0RU1zTXBUdFpNWkVIczV4SXZ1aUs2XzNIb1h5TlBWc1N2eEZrYW85Z042WW8wUFdMMnM4akk3RkIxREFvU1l4UzM2Rk0wT1V2djhYVklscGh0X21wdzhlTHhIczBFZEhoX3BEakZRWmN4WTFiMU93M0Z4QUI5Vmx4MkkxbzBtblJnSGRpdkZsSWRMNWdWV0FENTJ2ekNNUFNjN2dxQm1BbkE?oc=5
2026-07-06 03:00,The Motley Fool,fool.com,Meta Platforms Is Entering the Neocloud Business. Here's Why CoreWeave Investors Should Not Worry.,https://news.google.com/rss/articles/CBMimAFBVV95cUxPT1o5aVhTblNUQVZCN2pJUVltQ0cxQXZBWnRxSjNLWkVPWTJwalpHRDM5ZGpLd2l1VHR0U05XR0t6eEVBVTIxcnk2UEUyN1ZzczJXRTNJeVBNMmE0YnJ5QzdNYVBSZzdEc1JWQW5wcDAwb1N4TDAwaTNDazJvWFFRbm5DWlJkUG0takhqVUNnVzhCWGtUdDdWeg?oc=5
2026-07-06 03:00,Yahoo Finance,finance.yahoo.com,Rosenblatt Reiterates Buy Rating on CoreWeave (CRWV),https://news.google.com/rss/articles/CBMiqgFBVV95cUxPTmYxamRjNF9IcDZfenRjTlV5b3N6OVRLWDNLMzBON2FuQW54cVRHc09qUXpPYjU1YWxMV21TVlpfZ3ZvUG5rcTZGSFRDNnFyemo1SUFVSEEtbU9rNXVTVFk3eGpLUEN2TGhOaUpNdVc4NEZwVU10R0JYLXAxYlkwV0h6RjhpTjZLRVh0V0RkcV9nbnF4UFBnYlVUakpyZW5UdTRzUnc4cVJ5UQ?oc=5
2026-07-06 03:00,Yahoo Finance,finance.yahoo.com,Wall Street Sees CoreWeave (CRWV) Stock Doubling From Here For This Simple Reason,https://news.google.com/rss/articles/CBMimwFBVV95cUxPZ0ltQzIzdkF4a05mc2gtb08xTnVwS1p2bmgyMjZFTXBpWVpfV3p5TGVrVEJHYlhOeWpjQlNTRDR5bWpUXzZ2MERCM0pCLTRvM1BwM1lkMVRWUEVLSlFCR0ZVV1E4X2JDM0pESENkQndiM1oyeGhvc25wZGFSeG54UHplMVh2RUN1VmV1QzRFSEVlWGU0MnVQeXI4cw?oc=5
2026-07-07 03:00,Seeking Alpha,seekingalpha.com,CoreWeave: Hyperscaler Risk Overblown (NASDAQ:CRWV),https://news.google.com/rss/articles/CBMigwFBVV95cUxQQ1lNeUczNTUyaHlOMzlEdlhUdWZWVmFaOUo0OEJKakNGQjVKMGR4cFVXQnlrTmY1Z3dvcFdVVy1XVFNtMllWWlFHbkt4aFZiZnJaRHdoYXA4VUNkcGMxcmtWVTI4WVJGVW1nR1Q2WlpwZDhWM1N0b2R3T180eDRLX0JKRQ?oc=5
2026-07-07 03:00,Seeking Alpha,seekingalpha.com,CoreWeave: Why The Selloff Is Wrong (Rating Upgrade) (NASDAQ:CRWV),https://news.google.com/rss/articles/CBMilAFBVV95cUxOYkNZbUNWS3hDTnd3U1BxSWJtSHVqWUZyZlJ6cGtVOHEwZWNEaElCNldXeTRnZ2tRb0dYNzN1ZDVZUDNXc2xIM2dLb00xZ2o5Yi1kY1V5LUhITVFmWkgzVkpKVURtZUczelRGUW9SbExmVmkzQU51Nk5oYWxJRVJRS0RVQnQ2YXlOUFZTNllMdy1ZOEEt?oc=5
2026-07-07 03:00,Seeking Alpha,seekingalpha.com,Nebius Is Quietly Dominating CoreWeave And IREN: Here’s Why (NASDAQ:NBIS),https://news.google.com/rss/articles/CBMinwFBVV95cUxNUXozeTY4T25ESDFZNTlfRDdHQ21DVHU1RHFrSFdDRUY2UTltLUhHLVZUeEotdHM3NFIzNVNTOTJVUVUxVEtBcmROZmxLczFsVkl0ZW5oYU96dmRlbkJ1NEJyWFVKT2F5TVRLbEtJbXRHNjVjdE40czExcUdQdlEydXNyS0tMZ05aSElKdnl1SXdfRDVFeVpPZS1uZF9JcHM?oc=5
2026-07-07 03:00,The Motley Fool,fool.com,Meta Platforms Just Gave a Massive Warning to CoreWeave and Nebius. Is It Time to Sell These AI Infrastructure Stocks?,https://news.google.com/rss/articles/CBMimAFBVV95cUxOV3Z6ejZGeXZDMm9FMEQtNjVZZzBoTi1ERFh4Wmpha3NwVmNtUU5YZnc4WWlyMS1xUVAybWpJZi1HdHVhcVZ4X3F6a1VjaGNsVWZJSENGbVFWZHNxMEhvSkhsT0Z5WnAwSGZYVDhLd3gyOEdlb2tIUmcxamxmU1FiNG5kcHlVcTZUTG1FV2h5aFJMbWJ2ejRBRw?oc=5
2026-07-07 03:00,The Motley Fool,fool.com,What's Wrong With CoreWeave Stock?,https://news.google.com/rss/articles/CBMigAFBVV95cUxNWVRZdGs0b2xwd0lZMHNtcXY1cWpVSjhxSnNkVWt2SXh0M0lDbG1fd2QxYU1DNkNJRUJtLVBYZV9vcDZKTmNrSE9sM0hBTlVGN2xLTEZjRlpzTkhqNEdGSzZzLWRmdDI3QUp6VjdVQnhCWUFWRXpMNVEyb0RXZnRqcQ?oc=5
2026-07-07 03:00,TheStreet,thestreet.com,CoreWeave stock sinks as mag 7 move rattles investors,https://news.google.com/rss/articles/CBMiigFBVV95cUxQMlNxcG04d08zT3NheE5Zc2VxaklEZWg3eG4xYlQ2aWNkTko3dlN2Rl8xdkdtYmJEZlAxRTNaUE5DU3lyNExHQWlJQ3dOME9sMGZGdGFYcV8xdzlmaXRGUElKLTN4T2xtOEdVNHdLQVNSRmotS0h6ZFViVE1COTRrZG9XVW5nbjZJYUE?oc=5
2026-07-07 03:00,Yahoo Finance,finance.yahoo.com,CoreWeave (CRWV) Faces A Fresh Valuation Test As ARIA Launch Meets A Sharper Pullback,https://news.google.com/rss/articles/CBMiowFBVV95cUxOWTAtcEhTSkd2MUNfb3pTSzQyZGo0d1pCelpCUlVtcDRJOGlOeWxXTTVxazJEaXF2V0hpMzM5RW1Uc3h6VXJDZVJZYnRObUZuaDY1QjlLem8tU1Zxc1NVdUdwcTBLeGJfbTNrNFFmRXh6MzZfTlFDRS11S3JYNmktYU9VaEY4MkxvUXozQnZkbXE2UXFqU01IVTVwSHBPWHJyV2NN?oc=5
2026-07-07 03:00,Yahoo Finance,finance.yahoo.com,CoreWeave Inc. (CRWV) Down Nearly 20% Since Jim Cramer Said It’s “Coming Back”,https://news.google.com/rss/articles/CBMimwFBVV95cUxPelI0STlSa3dsa015MEoxLXFUYmRhVlZ1RWo1eE5rMkRELWxFLWRyc2NydktSUGNqcDBKYnFuMWxiQjA5QzNDQk5idlN1RU1VTUstWGw5aFFiV1g4VkZUaG11NFFkYmFUMlYwM3BrT3ZTanA2SUFEVlJZMVkzbTFUR252dEp2YmM5cG5VTXQ1bUVEWjB1UFRzODZDTQ?oc=5
2026-07-07 03:00,Yahoo Finance,finance.yahoo.com,Price Prediction: CoreWeave Stock Eyes 100% Upside as Data Center Demand Surges,https://news.google.com/rss/articles/CBMipAFBVV95cUxNQmlqT25JX3cxblR0UEI0QVljN2V5Z2p2RG0wOHVOUGZ3N1dnVV9hSG9SSkNzenEydjdJN1J4UzB2ZFNQSlU4QXMtbDBCREVodENQblNfLXpraHhvNGNpSmprYjFXOTg2bG4wLU1ISnlHUmxmWFlsdkJQY2FXMHFicGxXd0hVOEhkdEJNV3NkdEdjRmxacUJwb2NJSVRlcjhZeUlTWg?oc=5
2026-07-08 03:00,Investing.com,investing.com,CoreWeave CDO McBee sells $16.97m in stock,https://news.google.com/rss/articles/CBMiqAFBVV95cUxPMVQ5UG92dHRtcUFTbVd4VVVNall5Z0VKbXlVblBLYklRdGZOLWZnNTUwZHpuWXhtdENDcWsxZDNKYWpxM2FQQXJ4bUFyNE80SDk0WC02NVpWMVUxWlpUdkUwZ3UtQTdUR3A4QldCc3FfeU1CWU5JU3RfaFRDS0lQYnJRdUFoM0d3T25JcFBrbXJtLUlYR3BfVEc5aUszR2g1LUdsMENJNks?oc=5
2026-07-08 03:00,Investing.com,investing.com,"CoreWeave GC Kristen J McVeety sells $1,889 in stock",https://news.google.com/rss/articles/CBMitgFBVV95cUxNUVRqU00tT2U2Nm12M2JCRmFqdDV0WUdwQWRRZEdHbXZUYjkxUGs3VFJGZVlJYnFhWk1uVE4tNXdmTzRjTk9yV2ZqeHNyejM1c0tqcm1VZUdlQWk5eS1VVlRQWmdQVi1pT0NlcTgxQ2tCd1dQdGN4SzJWdWR1UHNlUlFPT3JsZTlGTW40SmxiNndPWEtBN2Iyb0k0TTIyWnVSZ3dPR2dKaVp3bmdObFBtZkxtV3oydw?oc=5
2026-07-08 03:00,Seeking Alpha,seekingalpha.com,CoreWeave Stock: This Could End Badly (NASDAQ:CRWV),https://news.google.com/rss/articles/CBMie0FVX3lxTE1ocGxSclF0bjZrZDYtb1J3Q0JlNk95VjJiNDBmSmV3RGw2OUNOVGtIVXBXTURLS213VnJMVEpOckJJTnMtRGVBRk1oWV9JMF9OQ3lrYUtzRXh1N3pmQ09hbXo0NHE2X3c5TFEyUWpiYklES0xpcTZJVlJLMA?oc=5
2026-07-08 03:00,The Motley Fool,fool.com,Mark Zuckerberg's Meta Is Entering What Could Be a $2 Trillion Cloud Market. CoreWeave Stock Fell 14% on the News.,https://news.google.com/rss/articles/CBMijgFBVV95cUxOUmQ2MmhBRmxyQWZUaXh4ZnF4ZWFoUnFuc3FZQ0dlSHM5cWt3NjlRQTRTd0NwUVgtRU11ZFNKR1B4dFF0SEo1X1Z0NnR6RVBXQUMtM0l2S05zLUp0alpVSVFTNXVKYjNZTDg2eGxONHdUU1hqNFZkVjd6MmZVb3picHI4ekR2VjZtVGZLejZR?oc=5
2026-07-08 03:00,TheStreet,thestreet.com,Cathie Wood buys $2.1M of tumbling AI stock,https://news.google.com/rss/articles/CBMipwFBVV95cUxPRll2M0dIUTlDQXpqVjdMSmRLT1RocEl1YXY4MmdpVE5WQzRXT3BXUm5tZDFyRWlVY01wSTVWVC1STFU3c044QXFXWXhjMUV3azgwWGZlQXhPZHhRRk9DUUEwWGhsbmhETEZsWDBFNjd2TnM1Vk44UHd5UFJ5ZmhjaTV5eUVmajZuTmM5a0V3VkVSME40RjdaSFdWX3J3THFyOGlMTHdOUQ?oc=5
2026-07-08 03:00,Yahoo Finance,finance.yahoo.com,CRWV Vs. QQQ: Buy CoreWeave for Explosive AI Alpha or Hold QQQ for Insulated Macro Safety?,https://news.google.com/rss/articles/CBMilAFBVV95cUxNMVF3OXhNMEp5VXF5QXdXTFBpeU1mMDNrRFhIRGp3N1NSblQzQXFBbExTOWhxWEEyLWkzM0EwUzUzQS1nMHpybWJnSFR3d3g3Z3RMbDdPUFN6RnhBMDJyelR4T3hxV1h1UjFQZG9WWlVKRzAtanlOSXVkS1JaYnJjRDFlMjlDUWthekd4UVBLSTFjdk95?oc=5
2026-07-08 03:00,Yahoo Finance,finance.yahoo.com,CoreWeave (CRWV) Secures Helios Power As New Commitments Reach $40 Billion,https://news.google.com/rss/articles/CBMiogFBVV95cUxPY1B6aFZlYURfX0trU2dpLVlnN0hKU0hYRGVmUmNxNkFVM0dUanJKX0lNdUhCREtNb0NhcGdDSXlKa1hmUTRiT2RRTWlacXJWQTFKUTF2Sl9PZzgxNndseHdDbzYxeWZJSTYzT3dXSHE4cjQwNUd5ZkdkdGJOQ0dKVjdSTGs3T1ZPNGlTNnp4Qzg0dWVGZVlOSUNzZXFCV2dWSkE?oc=5
2026-07-09 03:00,Investing.com,investing.com,CoreWeave CFO Nitin Agrawal sells $248 in company stock,https://news.google.com/rss/articles/CBMiuwFBVV95cUxPRXp3ejQ3Zmx4a25XV1pEeTdkdHpUTXdTZlpYVFRmZHlRNE9UYnBvS3lZTVZQN2xXYkxCNjhhNTBWUU0yLTVzV0hLYjlWcXJTLXdOMXRNNzVzakdEekc0R1JkSVlRYS01a01uUl9IU2tLWXg1dUlNMUpQWVFKOXozNXpFUWJzQjByUkhhWGUyY2VkQ3NhdjFaUzZtSGVyMjJTVmo4djY3OXoyVERYZE0wRlduN0gweE45Vzdj?oc=5
2026-07-09 03:00,Yahoo Finance,finance.yahoo.com,"Down 40%, CoreWeave Is Being Left Behind By the Market",https://news.google.com/rss/articles/CBMimAFBVV95cUxPblZSem5HLWxiNzNvdXNic0Rrc2pqV0lla3loc0JiWklBbm5SM0xzOVlyTkRyVWVVMFdjU2xSSUV1MzhZNjdFZmIzZXhoWE53c2t5RExVc1NKam5UOGhhMmlwWWtSMUhJWUVPWWFkbzVWeUxWTkNlUW5JMF9EVzRDYXdBN1RRNTNqRVp1SGNSWHpIUWVkYWFzZA?oc=5
2026-07-09 03:00,Yahoo Finance,finance.yahoo.com,Jim Cramer on CoreWeave: “I Think It’s One of the Stronger Players in the Neocloud Space”,https://news.google.com/rss/articles/CBMimwFBVV95cUxPRzRyY01ycFlGdDQ2OVhtLWxmQkJvNG16bGRRQVR2MEFrT0dFa0o5NWQybF82VHFubGxFYVJXMXpZWHIxbHlnSlo3VERpOFpwcE5hdVBFbTlKc0xfdHdUYlQ1cmRvMzA2SUVhczV2WjVsalU2aFNmbWcxUjlPeG81SGxZSUpfUFdfLXgzemdNYV9DWjR5bmthcDJnWQ?oc=5
2026-07-09 03:00,Yahoo Finance,finance.yahoo.com,Wolfe Research Maintains Outperform rating on CoreWeave (CRWV),https://news.google.com/rss/articles/CBMiqwFBVV95cUxOUFVvSHVqV1h4bzVqUFUwMWZVSzFtSjc5Z0dmT0ZPYnQydWE3VGVkUVhKdU9fTEt6aElWS3BGZFFDeWhhMlg3TGZOMzNyTV91Q3l6T09LNVQ1TVI3blBSckJKSk9VYVpyUGxudUJMVVh6QzFGVFlIWU1iTVZEclZjZUp4VERZYVNoRm1rUGNPY283bDR5NkpiRzg4WWpKQW5yX3pEblFWY1JJeEU?oc=5
2026-07-09 03:00,Zacks,zacks.com,AI Demand is Exploding: Why CoreWeave is Well-Positioned to Win,https://news.google.com/rss/articles/CBMipgFBVV95cUxObnpEUndBSS04TnpId29abkRxSVV4UXd6TEI1N3piQy10bmZONTBvTFNJY0FhQ21lUDhnNVhlcFdzSkp5SWJGLWJOUkxMZmphRTYxVFZRMHFHd1ZUQkhMNnZGMl9xaW5qNGplXzVNM09oT2xqUWR3aTBYeGNsZS14RVRrOUx2engyQ0RRUmp0ZTZDc0RtSmZiU045a0VxcUlucldueWRB?oc=5
2026-07-10 03:00,The Motley Fool,fool.com,"CoreWeave's CEO Dumped Nearly 370,000 Shares for $30.8 Million. What Does That Mean for Investors?",https://news.google.com/rss/articles/CBMi4gFBVV95cUxNdkR1NmliaUpTVzNiSTMxSFMxNTN3dXJXdXZGVGN5S0Q0dVdjTkt4bDIza2swUWJZazR4dllpMk9NVGg1VWJtZzFoNkVUQl9Yclg2VDdkeGgzSFVqYVR4X3FNRi1JaWVPMFNpLUhLSFlSTVNqWlI3RG82UEg3SlRBckVQdG9ISU53aWQxWmtBM09EcVhjOUdwZ24zbTZXajVOdXdiWmZVbXM0WTJSODJrUWpKazRwdG9tUFo0UWp3N1puY1pOTGQ4UHlwZ04ydVdac1dsMXhsYzBqMVB1TUdBSmp3?oc=5
2026-07-10 03:00,Yahoo Finance,finance.yahoo.com,Meta Vs. Coreweave: How Meta is Looking to Bury Coreweave With ‘Meta Compute’ Sovereign Scale,https://news.google.com/rss/articles/CBMimgFBVV95cUxPbnE4WFpRT3hkbTJScTJxWUlwRjhaX29POFNZenpkNHg4LXp1RGpvbTVBQjdEUEFkaUxoaTJ4azRJWXdWVFVrTjhJOHpKX21tZ1pKVnNJbmQ3dE44OUwzRzlmRDBBSldJeFdOa0FSNDRKQ0N4WnhxQ3ZwdHNSOVhNRkgtWVV3WVZLcTJwZTVkMTZSaDFCYUFsTW1B?oc=5
2026-07-11 03:00,Seeking Alpha,seekingalpha.com,CoreWeave Stock: Bound To Stay An Industry Leader For A Reason (NASDAQ:CRWV),https://news.google.com/rss/articles/CBMinAFBVV95cUxQYmJUa2w2SHdjVmp2VHdfUktTSVRkN0Y1SHUxb0J6TllPanplQzlRdlNWdGtSNi13aDRfSGdQQld1UVRhdzh0RW9LQ2JMMHhwUjNfS1R3d1E4bFdacU9KekJlVGxiWERnUUo0R2t6XzFCSWNjRGlaVDViOEluRENscllSYXRqMFBIa2NONlFEd29Dd3AzOUJRV3FzTkQ?oc=5
2026-07-11 03:00,Seeking Alpha,seekingalpha.com,CoreWeave's Biggest Fear Looks Overdone (NASDAQ:CRWV),https://news.google.com/rss/articles/CBMihAFBVV95cUxQdDRCdk8yUEstNE9hNjByNENlNng1d25YaWtLcmkxeXVLbF9PcXo0QjJiNmpTT3RzU1FMbFlaZ2hxQ01BS0lRUmhpblpkRVRaZFVEVEdBOUxKUklBZldjeHNaUFJjNXQ4dXdjSHZQdDJzMUZ0bnVWQjMyUWs5RjJFRTRITU4?oc=5
2026-07-11 03:00,The Motley Fool,fool.com,CoreWeave Stock Sank 11% After Mark Zuckerberg's Meta Unveiled a Cloud Business Plan,https://news.google.com/rss/articles/CBMilwFBVV95cUxNX25XcVJGRXNfamlkZmQ2eXBrQ3RobWlhOHdIMno3NUd3UlJEQ19GU0IxTEtkUjBSMTFVRDFXcDJKMVdOOVdqMFZFU0VTdnZqZXA1dXdhQS1uTV8zM0VTMlJvcWEzTXpmaWF5UzhyTThOMVlPengwY3h0aFV6bHJyUW1ZSGhLcnBBNXRCRmdNbkJmSGMwZjBF?oc=5
2026-07-11 03:00,TheStreet,thestreet.com,Cathie Wood buys $22.8 million of surging tech stock,https://news.google.com/rss/articles/CBMitAFBVV95cUxQcVppaTNXM011Sm1Tc3hrME1JaU9LV1VDeGV1WEdLSWYteTdBc3lWQWxwNDhseGVyTnBvVENPaWdMU2d4ZTBvRUhMTmZxVmV6amhacVRBQVhOVndPckx2XzN4SVdXR0owV0c3T21EeHFxQUs4ajkwLWpSWjlpaEdMdjZsVzJ6S3N1M1ZLTVBXXzFtMm96MXRGWElWMkc1Y1FLX0FUb0w2eGpsVFFmODhrUTdLZlE?oc=5
2026-07-12 03:00,The Motley Fool,fool.com,3 AI Infrastructure Stocks That Could Double by 2027,https://news.google.com/rss/articles/CBMimAFBVV95cUxPVFhLLUJqRWU2MXFSY2JoeHA2dmxaT1B0VzBQOTI4bnpueENlOVh4V2ZlbVhmaENCRGRqNFVmb3E3dFNPakVORWJOYm5tV19EbkNYMmZBeXREaWZPVjUyR0kwNURfZlZsYVJBSEgtOHJJSWgwUThtSVM3N2V6Qmk2VnVDOFdocUk3ZFJSckRSYVdzdFJDeXoxdA?oc=5
2026-07-12 15:33,The Motley Fool,fool.com,CoreWeave • Robinhood Token - CRWV - Stock Price & News,https://news.google.com/rss/articles/CBMiUEFVX3lxTFBfVHpjd2xScTJTV0lYeDA4QVlDMC1Kbkl4dFVEMlhkN3NqTm5QNU1zRGhxeHR6NUJUR1psOEJ2a2hNYkxrMkw2ay1FY1VjQ21C?oc=5
2026-07-13 03:00,Investing.com,ca.investing.com,Form 144 CoreWeave For: 13 July By Investing.com,https://news.google.com/rss/articles/CBMilgFBVV95cUxNZDNPeG9LTjFkTlJJQ1p2Qk9hUHFXalpRU2FEMVF1d2JkcnRnNXc5TlRqc05LdkxXMm9pOUo5MHNXdmJWd2pjVHc3alNYWHlUWWdjUUJKdDJUMjBYT2ZXaDNRUENiN0JuejhFNkQzbF9PX2VmSFRmU1pwYTlqeXZTTlFkWm8xT1lxWTVXV3YzaXNlRjBFQ0E?oc=5
2026-07-13 03:00,The Motley Fool,fool.com,Cathie Wood Is Doubling Down on This AI Stock During the Sell-Off,https://news.google.com/rss/articles/CBMimAFBVV95cUxOeE15LXZid2JSNnlYLUo4aWZmTEt1UnYwNUlQUWhMd3d6TEthOW9pbnJJdjBSaS1UM29DUTNqSXdYdEs3bllMU0hZREMyZmsyOWtWbTQ5eVV4R0ZvUWdSQlZQZUNZemhJdndtRzJKTXc0U0xpOUUwTWViMUV6ZkRGWENuZk1VR3paNG1WX2ozX2V5STlVUnlDbA?oc=5
2026-07-13 03:00,Yahoo Finance,finance.yahoo.com,CoreWeave (CRWV) Stock Faces Meta Compute Threat As Ark Invest Adds Shares,https://news.google.com/rss/articles/CBMinAFBVV95cUxQVmdza1IzUnhKMmxuOEpxUHExVGVwTVBtd2V2NU5zYmMxMHcxMDMzaG1aOUZVOFNZeGdsZ3BuZTlnODQ5bUh4UlJlV1pmZ0lDRWtfa3d3VGo5SFN3dUxqNXNqRFBSSG1ON2xub0hXZGo0U3RsZDQxaVQzaXdQZDJNM1FSWF84Z1NQUmpQLWNfeFVlcnJOYTExVENHRTQ?oc=5
2026-07-14 03:00,Business Insider,businessinsider.com,The honeymoon is over for SK Hynix and SpaceX as Wall Street falls out of love with new AI stocks,https://news.google.com/rss/articles/CBMipwFBVV95cUxQN25vM2JvNUtsc0dmNkJnQUlTaTR2UDZZSFQtTDd4bGZKa1hTSEtNZXBMS3p0SGFVU2RuU0hCemhrZlAzcElFQjQ5RG1JY3ctMHBaWmdhWHE0MDlJYjJ0NmRZSUVnVUdhUWlncGV4elV5Vy1WbWJPd0JWSXMwdU8tRHIzbEViakVwSTh1VDV5SlZIRDBEbmpJM1BHazhnMVRHdldtZ0lVSQ?oc=5
2026-07-14 03:00,PR Newswire,prnewswire.com,"LONG TERM Investors in CoreWeave, Inc. (NASDAQ: CRWV) shares should contact the Shareholders Foundation in connection with Lawsuit",https://news.google.com/rss/articles/CBMijgJBVV95cUxPbndmVHhaNzc2UkZUMGRCVDRPS05QVkFEODlCY1dVYlJfTS0td3hHdHlWejU0UmxnUjJYUzgyQUoyTmtMRlhCM0lBeV9QU1h4Y2ZweFRtRUZmNGZ2ZFNEd3ZFd1ZLQWh3cEk5by1JZVVVYTdxUmRScEpuNC11Q0NaS3hNQVpPdldsTFdVajd0U1A0Z3lyQXpWOUxQTXdpZGIzbUZfWGZFUmpCY05TN095SDFlbnZWc0xwSzBDZjBVaEY5WTFwUmJoUkJZU1ZRb196Q1k4SHUzNEJwd0JWYnlEd0NRX0IzZG4wdHlET1pnVWhQRHEzYm1LVTNNbWQ1NnRqMzk4RHlTdFVVNXNDdFE?oc=5
2026-07-14 03:00,Yahoo Finance,finance.yahoo.com,Exclusive-AI cloud company CoreWeave explores Wall Street playbook to hedge memory-chip price risk,https://news.google.com/rss/articles/CBMipAFBVV95cUxQZlEtdG1tTlRwaVoxNGQzOWgzZnVuVF91VEpyWlpQbjBQRFNCVUtMYk1FRVNkOTI2ZUxDYkdhbXQ1MUQtclVTay1lUzBveUdPQlNHNmlibHo1WXN4LUhMemE0b3c1cjdZRHdyZlBQbTJ4bm8xc2Z6RHdwXzdKU2ZBSmxQNmhJMGpWQVFhdE9MR2JuU1dwU2pkZVBSWDFnY2VxanJxaw?oc=5
2026-07-14 03:00,Yahoo Finance,finance.yahoo.com,Should Nebius and CoreWeave Investors Be Scared by Meta's Latest Plans?,https://news.google.com/rss/articles/CBMipwFBVV95cUxNenoyNTl0VEhaSkZFdndNYkZuUWhOYkV3VVV6TDhFNExMT3hveGxNNzB6TFlfMjUzNGFxaHBYaGtnUDNoekJLTkpRRE56VWcyc01oMW5iaHN3aVhHYjlpa1RVODUtZmRZNWxCU2lfSEdQZnk5aWxNWTE4VUhiZ3ZUdk5jbUV0SzlfX1RPYmp3WFlkbF91YTRPY3lHQVZRZENIRGZpamkyWQ?oc=5
2026-07-15 03:00,Benzinga,benzinga.com,CoreWeave Weighs Derivatives to Protect Against Falling Chip Prices: Report,https://news.google.com/rss/articles/CBMixgFBVV95cUxPOThGNEdXanJsOFZpVk4wQVBYNnZfQkpIcHhhdlpSaHVSZ0JGUkVtVjNzOEFkWjc2QmN0Q20wUktYQ1kyUW9HOFhzeGJmQ1R6ZVFjR0NxNk9ZbnAwN0RLR016UUVuOFZhejZTRU1Hcm1ybkFiVGZjZXREaG1BSVRZNXBUOXZSaDBNRVNyOU9fc3RXeGtHM1RnbkVRQzdZYnNfUnVUdnc2UzFGNnhyTjV4WVhzU0xHYU9fb0h6VkpiNi14enVhNnc?oc=5
2026-07-15 03:00,Investing.com,investing.com,CoreWeave CDO McBee Brannin sells $4.49m in stock,https://news.google.com/rss/articles/CBMisgFBVV95cUxOcG9kVmVucnpMRHFUZWFoZ0gtUW1xbzdKRkN6RXNHczFKSldHTy03NXNubUNFOUVOUFpoQkI0dG1IRlZjRmZjSlcxNFJ1QTFmMUtGUmk1TEt1M3RkT0N5ZGtjckVhSGwwQTc4ZmN1Tk01SUdGVk12blEwYXByQjk4WTNJRE9EVEE3dHRRVG5qNU9pUEtQZFE3Vzd5Q2pkTl9hcXBTUjZRaUNWV25Ba1VkczB3?oc=5
2026-07-15 03:00,Investing.com,investing.com,CoreWeave CFO Nitin Agrawal sells $5.5m in company stock,https://news.google.com/rss/articles/CBMiuwFBVV95cUxQemVMQzVTdUhmTy1rTDhSc3FnOUlYemEwOHB0U201RVpncTRhemk2NHVRa3lmMkFvQTdZU2l0a01hZ3FqRlZ6M1FLSmpZM1NBRUxRWlZLZ1lpVVMxRzVFak5yckxGa3E1TjliWElfeDNWUmJLNURqU0R4UlFYejJNYS1wOVRXS0NuNXAyc19uYjVjYTlSM3hrWmJ2cm9CZ2NUUjRNc09NX0cyYTVEQVgtTVNCNzBadzFNbW04?oc=5
2026-07-15 03:00,Investing.com,investing.com,CoreWeave chief development officer Brannin McBee sells $16.7M in stock,https://news.google.com/rss/articles/CBMizwFBVV95cUxNcWJmbENqb2I3S1NKenMtX0RGUU12VERaS280b0tmZXh5VENsY3E4dWtpWWplYnYwLUU5cnJXYzJndVBjbEVXeGgydEhxNlIyZmNMYVNLNy1qZkhEdzNhVTFIQkxVU2w3YlJjci13UE1QemdCakM1MWo5NHZlb09ZTzVGdnIyeFB1RTVPdURNbi1VUDFtdG9KQV9GeDhmTVNtLTdLRVlESl9zcTA2WUxpMGtLdS1uaXFIVTVGbk13SjQ1T0xDbXhDMjVVbXJIR00?oc=5
2026-07-15 03:00,MarketWatch,marketwatch.com,CoreWeave’s stock suffers another long losing streak. Here’s what’s driving the selling.,https://news.google.com/rss/articles/CBMixAFBVV95cUxOQXlTY2VJNThsMVV1VFAxMFBXSV9hMV9MSnYxNXozSXJtdGJTVEJrZ0xkMG40al9ZNkVIcWxWVDhfWHd1SlVncVN3U0g3N21tX3gtUzd1amlxOEZOdWd5TlFYOXRvTXlKOW9CVTV4TlpreEZLOUg1c1ZWTVF4VjV0ZUVqbExkMVdtVTlXT1BybTVHbGVLd3VpRExGLUh3R2dsdE91MWVrdTJvbDI4bUdPbnY5YVZWNzhZWHdVU0tIWHpNUDVW?oc=5
2026-07-15 03:00,Seeking Alpha,seekingalpha.com,CoreWeave eyes derivatives to hedge memory chip price risks: report (CRWV:NASDAQ),https://news.google.com/rss/articles/CBMipwFBVV95cUxORkUtWGUxQVBuZkhQRFRvRHVBUkhQTVh4bmN3NXl5U1JPTmQ1aEw2bG1JVjIxMzc2WFNNTnZKdVNCQjBtZWlYRjdabFU3YWVRVHpXYjNfMmRCZUJ4ZUFPeTY1SEZXbUNmb3RlX0dnRXBYN3JOakhlMk5IWkx0NE5Vem1zaVkzSTJERkVCN0s1TGxUTEpLMGQtcjdpUC0wQ3RhNkFycU1zQQ?oc=5
2026-07-15 03:00,Seeking Alpha,seekingalpha.com,CoreWeave: Zero Room For Error (NASDAQ:CRWV),https://news.google.com/rss/articles/CBMiekFVX3lxTE11Y29QX0JULS1pUHBiZTlNcDFCV09SbmZFZ2RCZWJ4enlOQ0lnQ2pLN3dFc09neE8tbGtBdFYzanNYX3gzZlNjeGtJMjJpZGYxc19ZNVpIc0ViYWp5RzM1TVdFNHhjTzhfMmtSeWhfRW1OM2c2MW1Hc0N3?oc=5
2026-07-15 03:00,The Motley Fool,fool.com,Best AI Stock to Buy: CoreWeave Stock or Nebius Stock?,https://news.google.com/rss/articles/CBMimAFBVV95cUxQWDctSEFWYWk3aFljN3VOV3ZFZzcyQzZHOGZpVGlWVlE1M3ZoTTBteEZXNUoyRFh3a0xlNkV6UE9VelpmQnZuNkJWbDJzczJCNm1xQnZ5YmpaSzhpWnJYTFdoRWF5eFNmd0hjY1RlWFc0SzAxZnRKNS1rNnZxNUVDTnZKWEJHLTJJUXhOamxUcVVLREU0OTRCbw?oc=5
2026-07-15 03:00,The Motley Fool,fool.com,Can CoreWeave Become a $1 Trillion Company?,https://news.google.com/rss/articles/CBMijAFBVV95cUxNdHlTWDB6VFNjbC05TlZPLWZmaGNSZzJ6M2c0OFZud1pYck0waEQxanJ2OTRtYVhqTjhkMTZ0YmVSUlY1R3B4dmMtcS1DOEhLcmNWU0h3RG5VcXJzNEZ5eTNGSGxYUWNzMGlwLXFlM25VMDd3TGpWMTFkNUNtdDZMcG9waTJvWF9teUJzQw?oc=5
2026-07-15 03:00,Yahoo Finance,finance.yahoo.com,CRWV vs. MSFT: Which AI Cloud Stock Has More Growth Potential?,https://news.google.com/rss/articles/CBMijgFBVV95cUxNMFY3R25EdUVidGdlQzBKZnF2cDV1Yy1ZQVNBcTdxVDFBT0hYRFZwT0pZeFNQZk9fUWRrNGRKNzlWOVBHR1NJTUMzR1B6aU9DS3M0Y2N2NEZsTHgzT2txQ0VvdzQwX0tLMzcyYXBYbGlPdmhxUkNSY194dXlxdlRFNUlZS1JUd2R1aXhtUkVB?oc=5
2026-07-15 03:00,Yahoo Finance,finance.yahoo.com,Is CoreWeave (CRWV) Cheap After A 43% Drop?,https://news.google.com/rss/articles/CBMimAFBVV95cUxNOE9xMUhKVi0xYVNXX3V5bGw3UFJaYXFGSGFRSWM5WWE5RWs3M2hWQ1VrR01LU3YtbnN6ZTFFUS1CVF9OS3FEbExnekV0bkNhN0ZaMzdTd2xWQTNQVVBKZlJRNzdNWFVkVXRBNnFfQVNUMFVTQTVRZXk4NG9xVklpbS1nMktPTzFCRHRzenBuMlJ6TVJSVS1zNg?oc=5
2026-07-16 03:00,Investing.com,investing.com,CoreWeave CEO Michael Intrator sells $24.8m in stock,https://news.google.com/rss/articles/CBMitgFBVV95cUxQb003UkNpZHV3YkdSYWoybHBTZXFlcVM5bWNURkd6dWsxX3gwSHZXRjhzYzBTMzZDTWRxN2d6cmhKcUtjZ1Y4QTgwZlRDcDM3SjdNQzd2TE9yU1dWOEVjM21adzF6TVF6VmE1TWg2Tm90VjNneWlZdlh6dXVFNmxpbkRjYjYwT0xWS25rNVR3RWVBd3R6Ynh1ams0b1dZS1RmSEFwMmpvOWpOc20xVF9jU21QcXk2Zw?oc=5
2026-07-16 03:00,The Motley Fool,fool.com,CoreWeave Has Fallen 49% From Its 52-Week High. Is the Beaten-Down AI Stock a Bargain or a Value Trap?,https://news.google.com/rss/articles/CBMimAFBVV95cUxQZDRQZ2pzSE5GYk1yOFc0X0ZldFREdW5PV19KZHlnRFBXRkhDMklOUnFidkY5eHU4VzhCWGZpUklFWlBmSVpJbUFPR3QxRHVfZlhrQnRyYlI3aktYaWlqRG04M0J3LUdYRzBoZi1DM19iYU56NmJ2OUZIR0lqUXJ0RjAyNUZ1NVpodC0zTzZhY1B4YzcydHZiLQ?oc=5
2026-07-16 03:00,The Motley Fool,fool.com,"Down 50% From Its High, Is CoreWeave a Bargain or a Value Trap?",https://news.google.com/rss/articles/CBMilwFBVV95cUxNajVmMkh5MWxScG45MTZQZ1Fxazg5TVlndzR3bmc3czZhZFhVMmFtRVYwcnUxTXlfM3Z4Z1J1bXNST1c3S1JiX05jSDgwMGRhVUhBendLd2VYRVlZZXg2R3Vldjh1azNXa0otVnpSMGJWTDZyel9JTmZOY0taalhRRE0tRkFZNXJyejdJcGtMOUJBdjNaSGpj?oc=5
2026-07-16 03:00,Yahoo Finance,finance.yahoo.com,Oracle Just Cratered 33% in a Month. Is It Time to Switch to Cloudflare or CoreWeave?,https://news.google.com/rss/articles/CBMimgFBVV95cUxNOXQzYkZGUWZIODdRNmp3cWY2TXRqUTQzUjRCenZuellJWlp3U2NxeFJnekZoaDhxdzZmdC02RlBpeTNWM2JFTFJDNi1HckhuS1dic0hDUF9fZ2dMVER2TEJQTWdYNUdIc2REd094cC12cFR2bHpTUFh1QmRGMXU1ZUpnTldnUnIwa3ZuY09rUFBSSXlVRFBmc01B?oc=5
2026-07-17 03:00,Investing.com,investing.com,"SpaceX stock sees brief Pentagon AI bump, while CoreWeave slides on pricing threat",https://news.google.com/rss/articles/CBMi1AFBVV95cUxPMGhHeFB4VTFKQzEyT2tXUzRXZUpJN2c0R0NMNXZsZm9FLS1yNFB3QjlDZ0RZczZHaS1fLUFUWjVqTXhXTVZyaFdOQ0Rma3htcElWSnpKOV9MT3pCYnJVMkUyMVFWS1diekhXOWc4cWU2SFBLN2JtSklMWk9MeVRuWFZfNUk1Umk5T3VZUER1ZHA2bTdJbWhTa1BrMU83Y2pINU1IWVFzdkZlVVJmaV8yR215X25fTnVneEMtaDE1Z3RFTy04bGZPQ3VnQnNWUDQ2SUE2Wg?oc=5
2026-07-17 03:00,Yahoo Finance,finance.yahoo.com,CoreWeave (CRWV) Explores Chip Hedges As It Launches $2.6 Billion GPU Loan,https://news.google.com/rss/articles/CBMiogFBVV95cUxPUW1RWmlVSUVUdVExMkUzWi02cHBvRnVZQTREQmJycGdhaHJzdlMxR1BpdW1OOXo0VW1ZVkt5WEJhV0VSMk5NbFBoTFI3eXZTdVF4aWVYOVRkZ0JxZGxsd1A4ZkRuVkNjZjM1X0laLWlSWGp1aC0zUzhzeDlJVHE2WVUtTmcycHM0RGFtdzkzNm9VWUxCZV9qTFJyNkVleWZjTkE?oc=5
2026-07-17 03:00,Yahoo Finance,finance.yahoo.com,Coreweave Down 35% . This Analyst Reiterated His $250 Target Even After ‘Meta Compute’ Was Announced.,https://news.google.com/rss/articles/CBMiowFBVV95cUxQOTl0WVRMenZsVUJrV1pBb3h1cTdXRUdhYjZMZkhmQ0NaRXE5TlhtNjV1VDMxQ1pLTHB1RnRRMmxKREhOODE5NXRvSHBfVjE4YVVHLVFNUEZGZURyNlRyOFN1dE1mdEVFbTVGVVRacjZOMUdLNFBTdC02cGpzVE5kOG5DaHUyZDlVU3ROdnlpZjNuNFdHbW0wdlFMandfcFJ2d3dR?oc=5
2026-07-18 03:00,The Motley Fool,fool.com,Here's Why CoreWeave Stock Tanked This Week,https://news.google.com/rss/articles/CBMijgFBVV95cUxNRE5lYm53aGVGd2I1SlpaNzBiRWFVbHVZTmx4Y183eHplWnlVbnpMWnRhWWg3MG1jREZ2c3VHclNuRGlEOWYwSFl0X24tSTYwWm1WclBRQVQ5NHFDTFpmV1FjdS14QWZJZ2FMd0R1VXE3X3JSZV9pak5sckd2TU9Hb0U0YWVJdDdDSWh1YTF3?oc=5
2026-07-18 03:00,The Motley Fool,fool.com,Why CoreWeave Stock Keeps Falling,https://news.google.com/rss/articles/CBMiggFBVV95cUxQeDI3R0VnVDk5b2dXLTdTQ2dJNlVnbTV3c2tUX1ZHYnBDMXVWWjNjUllTUUdVUVYwQ3Z0SnNacWEyZ1Zhb3p0OFpKTjJPRVJvb0dyVXFUVG10SDVsWXJNd3dQZEJSM05HaTBBcHJIU2lrdlFUajVQUzFMUEE0VndfZlV3?oc=5
2026-07-19 03:00,Yahoo Finance,finance.yahoo.com,CoreWeave vs. Applied Digital: Evaluating Disparities in Revenue Scale for These Artificial Intelligence Companies,https://news.google.com/rss/articles/CBMipwFBVV95cUxQNFFQNWFKRm5aTV9VamNVSm4wTGwwVW9UaFpjbDB4aFpwYUFocEdGbk9ILU1yRVZKUU1yZTM3QVVFb2dWQk1BRG9UNW5pV0Rnd1NsbnhtSWZJX1ZPUVJOeUgtSlk2NjF4MERwa2l3Zl9YcmV3VWIyY1dqR0xjdkl2dXI2amJrNGl0dGk2Y1I5TEhLLUxKNnhWWVBaamtIS3g0ZDBwSElsbw?oc=5
2026-07-20 03:00,Benzinga,benzinga.com,"CoreWeave Q2 Preview: Expect 108% Revenue Growth, Margin May Disappoint",https://news.google.com/rss/articles/CBMi3AFBVV95cUxNY0ZUcm0xQjVSTHJScktxLXF6OWl2UEtZajhtY05HUmxoSFQ2Qnh0eGkzbFlPNllRZ3Z6ODhHaEhON3pLVTF0U0NIQW1MWjlkUjhaYWVVMy13RHhrSk5BRmRfcDc5dEplV1Q3MHNqT3hXSS1OQ1lWUmdqZzR6LV9GUWZQSkZIMzNRSFhQa1owc2h5SFh1cUh2M1lIeGpXMkZOOUhjbUFrMEZ5dWVBUG56MHljNEViOVg2eWpaRG1MaTFSZnc2OUdSYi1zZEFZbDZKR2c5WW1QVDU0UmdT?oc=5
2026-07-20 03:00,Investing.com,investing.com,BofA reiterates CoreWeave stock Buy rating on AI demand outlook,https://news.google.com/rss/articles/CBMiwAFBVV95cUxQMHhHR3VZQnRJaVhUaFp3Tkl6OUV1SEM4eGZYcEVlM041SWZwdi0zcVBRUFY3bF9MU3pfbGw2RE92WUJycHhPNW1FQ2NjWVd0c3dSWmdZUFAtZjQ5dXVMQmtSS3R0WEFFXzF6aFNjVm9NRlVMcV9OMlpHVU02eGlIM1R0eHNqRzd1ZU0zU3kwUXozaW9uTktseHVCSUoxSVNnc1F1NHNSTS1LRDdaQy1XMUVHTHdGMFBmUVExNzZsY0g?oc=5
2026-07-20 03:00,Seeking Alpha,seekingalpha.com,CoreWeave: 'Buy' The Dip (NASDAQ:CRWV),https://news.google.com/rss/articles/CBMib0FVX3lxTE1UbFFVb1R5c1pXVDd0emJJdTl1TGlLYzJ0WGtBS0pxRU5tOW1XTU5acG1LaXhudGZQRm5pbkVZRW9uZnFlZ0kyeXJldWJkMHdYTWZVYmoxSDJZQWl4eHFtRTQ2QXY4TTZBdVhaaGdGVQ?oc=5
2026-07-20 03:00,Seeking Alpha,seekingalpha.com,CoreWeave: It's Time To Reposition And Put Value Over Momentum (NASDAQ:CRWV),https://news.google.com/rss/articles/CBMiowFBVV95cUxQeDl4ZndDdDg3VkVycEF0WTBjODVBd3ppOVVCX2RKdHJWaHdsQjNaYVA0NTQ0YlVQLWZOVUVnaUF2UlpoeXI4WERqS3lMbjV3WHozcmNSdGM1TXNQU3pqQU9HcGUwMHdraGJtR1BjYmh5N0hUblZpRUl6aW9ld3ZCU28xemhQeVMwUjV1U0VCUk5mcGJoR1Y3WFAxbWk2ZjBhM1lz?oc=5
2026-07-20 03:00,Seeking Alpha,seekingalpha.com,CoreWeave: The Credit Market Tells The Full Story (NASDAQ:CRWV),https://news.google.com/rss/articles/CBMikwFBVV95cUxPYVcwRVZ3Tl9sQmZ4MlJ4VTdxU3FER0k4bl9WMkhZRmVWcWdYcThicnNMYXRSMk56aXRwMm1wLTBnT0ZGdktvTklyT1pLSHptOU56ZHJZV3ExaXV3cXoxMURNN0k4dmtjV2RlaGNCcWdVTkdyNEhNQ19FaGJ1bUpVUjFHOFkwWWc3RkNrUnhOcEhRUkk?oc=5
2026-07-21 03:00,Investor's Business Daily,investors.com,Nebius Advances On Nvidia Stake Disclosure Amid AI Cloud Swoon,https://news.google.com/rss/articles/CBMioAFBVV95cUxQY0xnVkVUMmxMblUzWUVZUDJvblVxN2N1UXZRc29WUEh6QzA1M0RUUk1PUUEzTDZyUlhwaGRaUGVjVV84Z2NhMDVMWllNUDdzUFEwUm1kMGw1by1mZEc2eGhfd3ZMdE1JWTlfVjRDYjRQNzhzcWJLbDlzX18yRFhvZlpjT3dYOVUyd3laTHV6VDhjanNzMFF6S19xbGNqb3dJ?oc=5
2026-07-21 03:00,Seeking Alpha,seekingalpha.com,CoreWeave upgraded to Buy at Truist (CRWV:NASDAQ),https://news.google.com/rss/articles/CBMifkFVX3lxTE1zZXU4cUpRd2RSWFRvTVZudHFqUmp1UnZJRFJob3FiX2ZsWHVvc1NxVEp3VmZqSEw4dTVuMnRRSmdFTUpfZUN4dlNhOWlENXFYVWFoTlFFSEp6aHZRQTh4N0s4bUtjVUQ5MHVURDVWU0JycEZuWTd1SUpZS0F6Zw?oc=5
2026-07-21 03:00,The Motley Fool,fool.com,2 Discounted Stocks Cathie Wood Is Buying Aggressively Right Now,https://news.google.com/rss/articles/CBMimAFBVV95cUxNQ1RDMHljZGxoZm9meXNlV0VpWVBBcGdjb3NJUWdBanptQVBpcTdLczlPM256MmRla2luMFBiNF9lUzZOVUpub3F5Unh3NDQ4cGJRd1BFUzdna3BER0RPYlNGX0t1ZTU1UFFDdFFPcjVjaVZRRXdaeTdZSVpnQWdvcnBjTVlCLWJweklfZzZZOHBDdFlWTm5zUg?oc=5
2026-07-21 03:00,Yahoo Finance,finance.yahoo.com,Is CoreWeave (CRWV) Fairly Valued As Earnings Near And Capex Concerns Persist?,https://news.google.com/rss/articles/CBMipAFBVV95cUxPRk1FakcwUUpqT0V0a0p1Z1VlZkpjNzBPajA5RUN1bm8tRjZqcUh0dzc4X1FiczlzTmZFRjdWUzFhdTFGbnY3RWlKU3lnMmUwWDVwSVh0dVpWN1BHcHFyMWt5MzBjd3N6RC1DVG91SllNS05Tdks0dUY5NHIxWnFwc2V0TlVoX2ZaNWdiS0p0VEJNbTZHSGlwaTlnT0xqS1prd3NVUQ?oc=5
2026-07-21 03:00,Yahoo Finance,finance.yahoo.com,Price Prediction: CoreWeave Has 124% Upside Despite Capex Concerns,https://news.google.com/rss/articles/CBMipAFBVV95cUxPSmJieU83M2JKMUZ2NEVlWGNZUDl4dmJaLTJyVGZ6Uk52TXVJUS02YTloSVJtOENpUzd3YldSZjJWcG9Jc2JySGgta3V0dmtDWVNHZTE2YnUxemV0R2FxMW94SjN2Q3A2TzFoX0djc3NPMTdBVzhWNWowd1ZtSGxKODB1a0VRX29XNFpXbWpWY0FER2hkdFhqNkctbmh4S05DUnQ5VQ?oc=5
2026-07-22 03:00,Benzinga,benzinga.com,Alphabet CFO Says Demand Still Outpaces Capacity: AI Infrastructure Stocks Rise,https://news.google.com/rss/articles/CBMi1gFBVV95cUxNMDN5ak0wZzJzNEpjazhOMEpDd3FxdjFNMElQSDRwTk13bW9Xc0gxdTFWMFJFNWNyNjQ1MzdyNVZQZHI3U1JYS1lfOVRsZS1QbjVlWi1xUFlPTVh0QTMweEVzajdVbjh1ZG1mTFNsb2xfRlU1WnlBemk5M084RUdGT3pOaW01RUNXb2Z0RWNTQjhaQ29lcTRlVzhnaVJFV1JPNVdPQnBOcmFIdlZWYVhTSUhDbjMwZmM4UXctOHhEcEM5c2lDRXg3SXA0bUFheUF4dnI4cDZ3?oc=5
2026-07-22 03:00,Benzinga,benzinga.com,CoreWeave Stock Jumps as Power Access And AI Demand Lift Growth Hopes,https://news.google.com/rss/articles/CBMivwFBVV95cUxONHFFRWo3OTl2N1dGMWRhb1Z0bEdTd2VoS1FxX1lQdVUwNERUV1BDcVV6akdtXzF6V2daeGJVMXlxNFh0WmhNc1p0a0pyZFJ6T0FKOHdRVGpnM0xyYlZPUDNnQUphbDc1eUttSzF2dkxYR0dNNnJ2bFJYOWxoMkpBZXFwbloxeFVCdlVZOGFPdTJtdlNHSVphZXQzcWJfRVI0QTFKd1QwdmdNQi00WGpSaVpLOFphbG14UE9zR2VVbw?oc=5
2026-07-22 03:00,Benzinga,benzinga.com,This CoreWeave Analyst Turns Bullish; Here Are Top 3 Upgrades For Wednesday,https://news.google.com/rss/articles/CBMi3gFBVV95cUxOYV8xM1cxM1llakNxV1JiQ3hqaGlqbktGNjdUQzBlY295REZlMElJLTZGOV85LXRRbmlsQTU4ZUVSMUdudlktNU5VeTJhZGpjQkQxMGMzQ3FSWmNuck1VUnRIckFZN0s3elZoOTkyaUlrSzU5U0VnRDhqbDd6cVRtcjBYWGt5N2h3ellidTFzYS1GTEh1U1RSLUw3MGJsaGJKOEM3YllRTERFeE5ma0tTeTZJbHhjc2FNNWtSeWtXRVRGTlJvY3ZYUTQweXphZ2d3cG95SThFWmt4Wkd5U3c?oc=5
2026-07-22 03:00,CNBC,cnbc.com,"Here are Wednesday's biggest analyst calls: CoreWeave, Sandisk, Affirm, Disney, Shopify, Nebius & more",https://news.google.com/rss/articles/CBMiqgFBVV95cUxOeU9hNXQwTVF1SnZtRE1heG1BYnp5SC03bVhNdkx2YTJXektGN3Z3S3JFN1kzQ291SGVHNFlBLVdjc3VWeFRJUUN1UlBqWTFpT1lWdjJ6LUQ5ZHZuM1dJYThVbjJpMEpraTFXSE9GOHBJTEtfTjUzaFYzZng1dmg4YS14WDF2YnRtUFc2dzYtZmdmSURFRGl4RXd4ak5iaUpNdXVHcTZTVzNEdw?oc=5
2026-07-22 03:00,CNBC,cnbc.com,This cloud infrastructure stock has slid in recent months. Truist sees a bounce ahead,https://news.google.com/rss/articles/CBMipAFBVV95cUxOSVktdzlxWHdKbFNBMXVTTWk2V2R4WnpUNURuYzhibDN3ejh0UlVaVExHeU1UWDRNOENET0UwblJjeWRXUFRiNV9uaVh5aWkybXQ5eWJXTldPdXhOVHhvdVJJeUlRSGYtY2R3WGRibE5kYnZXNmV3TTAzQjJKUXUxUnlQc3ZUdW1RMGkzRjJSbU93TXU5cnY1VUtyVXVyZlpIYjkwcA?oc=5
2026-07-22 03:00,Investing.com,investing.com,CoreWeave chief development officer Brannin McBee sells $14.6m in stock,https://news.google.com/rss/articles/CBMizwFBVV95cUxPRHhCY1hvYkoycXlNczRrRUh3T0s4cG84blg1RnMyb2ZFaTMzbEdYTTdySE9haTl4bEhFN25YZ083dXhUcjNjenBUMm9RbVpuNEJjcVgwb1ZQUG9FMVUwMzM4OTY0b3hhTHpwWFBjQkNfdENTNmpaZVpQd1RzQkFPdHpZV3BwVWJEWEx0dGVjQU5ZakJneXVXLTFXd1BJTG93bnNsbnVfM3l0bzZ3d2x1ZDFDdDZfR3FiWHR3cXRBSDRnTHlaOFVZaFMyMDRGY1E?oc=5
2026-07-22 03:00,Investing.com,investing.com,CoreWeave’s Brannin McBee sells $4.17 million in shares,https://news.google.com/rss/articles/CBMiuAFBVV95cUxORUluTXpPSXNnX3lfUm1VdTZXTXYwWXdPUjZyTnE1dGFkeXQ0NF9yVkRZLTE3eFNNWjRXeXlNSXhVMXZyM193OC1CcHpoVlk0TndYV29BU2xTcThmMDQyaFRKWjJfbU5FWnR2LU5VOHp0dzI2cWlLYTY3Y1NjMFJLcEN0NnJYODZHNlFhaWwzMjVpOUtZb3RmUjZTSDZxQjQ0U2RROVgzZmRRV1FxX1owSDl1ak9aUXE3?oc=5
2026-07-22 03:00,Investing.com,investing.com,Nebius vs. CoreWeave: neocloud financial safety compared,https://news.google.com/rss/articles/CBMitwFBVV95cUxQNXFRdkg0bTFxejRLaHh1UXhqZDRWSzNPUnNFc2J3T3N6eVFsNTZGWW1wMHdlcmNSUjVvSjlBSGljRjZPcmNOVEs5THRKWEFyaE1sc2x3N2VUU0lmaGd5NktpYlJXdHdzbFNqSEVfbDFkTjIwZ0xNeFI3UmlIaWdiNkVZYVdHbjdRUmtsemhjWVhpd3lKbTNQYk1GSVBFakRoUTFGdkw5S2U3ZnRmVjJMTVpTLURrRzQ?oc=5
2026-07-22 03:00,Seeking Alpha,seekingalpha.com,"CoreWeave, Nebius initiated with Outperform ratings at Baird (CRWV:NASDAQ)",https://news.google.com/rss/articles/CBMingFBVV95cUxOLWdhY3A4OWxvWUk3TUlCdzMtTWVXMm1HbUNfeV9WTDZDOWpIbkNPOFZ3MnFIVnBOeElLakcwN0VjUjVWeTNZS3BzRWtsdWlvR1FMQm5fOVo0VTY5WEVQQU1sQTlTdWI3RmZBQ2ppQXlIZDg0MFpGcEdvUDlFY0NOYi1fMjFKUzVCMUFRM0IwQU95d3h3Y09nWHJDVEdSdw?oc=5
2026-07-22 03:00,The Motley Fool,fool.com,CoreWeave's CFO Sold Company Shares for $5.5 Million. What Does That Mean for Investors?,https://news.google.com/rss/articles/CBMi1AFBVV95cUxPeXRuWXNzTG1LWjhXcE1aRk9FcXpjY0YyazJlcGFhTlMxM3JiTDQyWWh3S1RfUzVWWE5QZHk0V3diUWdwRDhqbXo1RVNBSWF4NXpjVG1pV0xvMjZEM3NCN2VVWnR1WVlVek93ejVsVFR5Sy1uYUo2ampabTRwSlVkRVN0czJvRzk0LWdQdUJDbmloMW9kemdXXy01eHJGSWY3UGxhMUd5RjBtdkw1WEF0a2IxWDBPSkk2VnpWNW9tY2RYRVRtdFoxelNSQzNpVFBxd2dObw?oc=5
2026-07-22 03:00,Yahoo Finance,finance.yahoo.com,CoreWeave (CRWV) Is Chasing 108% Q2 Revenue Growth With A Big Power Ramp,https://news.google.com/rss/articles/CBMimAFBVV95cUxPNVBpcGVmajM4Q0hzT2lzZFh2VGJ2UHEzajdLckY3OExXcndxWVJhZ1lQa0hQNDJMVkw0WWZRSlU4VjZGc1RnMVVFRktOVTdNcGRpeFFoem40TjJkRHYzeWZNWG11UTdpbmdvaVNYM21GOVZKeWRrX2MxbGFCQ0gzRHpCQjZWcS1LRjBCRWRoTkR1RGxsT0pUbQ?oc=5
2026-07-22 03:00,Yahoo Finance,finance.yahoo.com,"CoreWeave Jumps 6% on Truist Buy Upgrade, Pulling Ahead of Cloudflare, Snowflake, Oracle",https://news.google.com/rss/articles/CBMimAFBVV95cUxQMl9yMjRCME8xM013MERFNExQLXd4MXV0QzZ3TjNLZnIwNUVudzVzQVBBTjROMHQ5ZlB1RDhmV2NMc1FZODUxUmgwTEpBOTk1N1F6WS1uUklsTkpBYm5KeGhsRUUtSFN5eHJWN19pbU5tMEVOTU1RVm1ObXA2SmxpcGRyc2hXR1dKaDExVzh4MHBaYXktaUJJYQ?oc=5
2026-07-22 03:00,Yahoo Finance,finance.yahoo.com,"CoreWeave, DigitalOcean, Nebius win analyst support amid AI inference shift",https://news.google.com/rss/articles/CBMiqAFBVV95cUxNR2pBcUJEX3dJRWxGOEpQLW9nbnlXUEUxWXktWDhRTUduejFoZ250RU9UWUtNak4xa3JDc253QzJEVGhGX3dUbUVTZFpyU2pGYk1fVnFWVmd1R3luMkJOQkJVb25iekMySEl1dzdBRGs4VjJvUnJ2N0dvQ0FkNGpjNXVBUkhqZm5MQVl5OXB0OExmUXFDdFB1ZWtMTmY5dHZZSVR1ajNGc2M?oc=5
2026-07-22 03:00,Yahoo Finance,finance.yahoo.com,"CoreWeave, Nebius shares jump after Baird launches bullish coverage",https://news.google.com/rss/articles/CBMinwFBVV95cUxOOUhXR1dmQzkzRnljRGVwSVRENnRoZXFnV0VLSWsyWGt0dm8yQjF4cEkyU3YxckdqOTVwanZ3NFBWd3pjaE1OeFRaUDV0a1RCR0JFVHIwODRjSmtNUl9fVE4wX29lclBtTUhlRGZRTEJGTXNlSzRDb3NaX2p3YnVORVF5ejBKUFRiR0dvM2hjTEtrU3BCbFNqbmJydHpEM1k?oc=5
2026-07-23 03:00,Investing.com,ca.investing.com,Form 4 CoreWeave Inc For: 23 July By Investing.com,https://news.google.com/rss/articles/CBMimAFBVV95cUxPV3pIVS1ydGw4OXpudUVQRVlOSm5kM3NhMTl4clFmeTRMd2RfUC1fczVGb19qUXJ4aGtvUmNxS2gxSXJkdkVUSERhZV9CbkZUZDZTV1VfWktZdWNsTXBoYTZ1THVVYXVDVWdYVUhXUjJBUTF0MDhQbFY0VktaZ2dLUlY0NmFYTnhyTzZJOWUtY3loRlBic0M2Mw?oc=5
2026-07-23 03:00,Investing.com,investing.com,CoreWeave CEO Michael Intrator sells $24.07m in company shares,https://news.google.com/rss/articles/CBMiwwFBVV95cUxQdnNLTTR0OU9MMHd4OC04R2s4SERFWGVheE5SdHR5elV4U0hSYnVwVVA3SV9NV2JWZVNTOWZkMHN5eVJ6aXJBZUF5NEpCbGtYRk9lX3lUQUFxSzVhTEkxUlVGZGFjam5nMTVwcVM3SWltYjJWcjJkdTBBMDlRZ25qMTQzYmFLODlhR204dUMzS1ZhazFqRFlMR2dYOXQ5dUlidVp4M2tKUlZVZjBwalBQYU5Ubi1tODlabXVJcW8tZXQtWVk?oc=5
2026-07-23 03:00,Yahoo Finance,finance.yahoo.com,"Nebius, CoreWeave, IREN Stocks Rises After Alphabet Raises AI Capex Forecast",https://news.google.com/rss/articles/CBMinwFBVV95cUxOQlZ3ZnBROUVacmo3ODhMcWpWRlRmMnlUa093cjhDa2JKRzM1RDg5YUxMQWE0dFdYWkZ2OEJzUENoSF8wZ1RLTFZ2Z1VZdkpzYlh6MFloTDF6TjdxTlg4VWZ0djJpUWVTb1J0NWhfanc5LVFBOG9Gai1tLXpJWE16UHQ0OTBkM3FITThOclRkMUVWME5DRVdkWnMzUXMzRU0?oc=5
2026-07-24 03:00,Investing.com,investing.com,"Thursday’s insider buys and sells: Artiva, StoneX and CoreWeave",https://news.google.com/rss/articles/CBMivwFBVV95cUxPWVpsV0laX0tyNWxHNDV0dV9xV1R5b2NVbE5iVnlqNlRibDZfWUhLTWRtSmJsNWNnd2lxcGY2aFlaS1JnT2lxRmtOQTF4UGVxa3FvTlhxaFlDd1gyckY1aUlhOUpFcXVFMFlFUFRqMnpyRG0yQWVjT2c1ZEtqN3hUQkJGX1NBQ05DRUxlZzlnZ3IwQ2Y0YVhTMHdrMUtWSzNYTTNHVlhMemRuTlJQZVBiQWtzeGNQME40d1ZUMW53MA?oc=5
2026-07-24 03:00,The Motley Fool,fool.com,CoreWeave vs. Datadog: What Do the Revenue Trends of These High-Growth Tech Companies Tell Investors?,https://news.google.com/rss/articles/CBMi4AFBVV95cUxPSVdvNjZTTzZmSDd6bXJLai1nRzJORDQwWmtyTGxfRDNSaU1zbnluclpsN1BIWk4tS1lUOTg3TG9lb0lXUUJKTE9OLXNLd0Z0b0JFT19sNEJ4SjFmWC16TW1QbDF3YkYzYWlULVhoWlhPZXB5VmFCYVU2QUo3WTZRNkFlTzRnM3hZZzFyRFhfOS12SGYwOUllZjJfa2J1RFMzSGdzRW4zT2ZZdUJiTjZWejRaa0RsUlZzUWtOY0JYNDluVmZDLTVwVHJmZWo0MGdveTNtZzBDMzhadUZyRE1ScQ?oc=5
2026-07-25 03:00,The Motley Fool,fool.com,"CoreWeave Stock Fell 11.4% on Friday. The Sell-Off Is About What It's Spending, Not What It's Selling.",https://news.google.com/rss/articles/CBMimAFBVV95cUxOQVREd0QyQUdCbTBYSzV6VUdTRFlud2FwMUJUc0RkSHJjWXgyYVdQdEFXaGx4dHg5cDA4MTN1QnVfU2F6NE1INUxTQWFXVDNTZlhDZUotc3pMajdRRFYtUVhFNjJYcjFxc3R2dG12aXZCbWlsT0R3RXNSUUNRbXJUSzA5ZVNpRXJvYmtESV92dzZxN3JabWdVYQ?oc=5
2026-07-25 03:00,Yahoo Finance,finance.yahoo.com,2 Millionaire-Maker AI Stocks to Hold for the Next Decade,https://news.google.com/rss/articles/CBMimgFBVV95cUxPbTgzLTcwa3JyZWkyTmpBdEphWU1odkRDY2c4aXVIMFE1UkJVX21EcnBvaERIUVNLcTRlanJUYUxWNEVtWXU4UzduM29OQ0hRSno4LXFUbnQ2RE9oMnAxSDB6VkVPdGdYTDdwakVSUGtKR0l0V3BiUGdIT3ZjQU5xZ3Uxc2h2LTkyekxLYkdJNDdWNjBRYkxZVDN3?oc=5
2026-07-26 03:00,The Motley Fool,fool.com,Neocloud Stocks vs. the Hyperscalers -- Who Actually Wins AI Capex Boom?,https://news.google.com/rss/articles/CBMikAFBVV95cUxPMjhpSFNLSW8yUURUZHVTRVptR2liRFNaVkpDalFYMEVwNGRPU3Foc080RnRrQ3FnUUs0NE1FMm5hanc2T1E3VG1lT1FVS2ZZc3Z4MWMzXzBkNkJIUmRSalQyQXJ3cmQwQXhEMlVabWxudjVZU24tRnhCelVEZ0N3blVyUm9VdUI4LWxYX2gyQzE?oc=5
2026-07-26 03:00,Yahoo Finance,finance.yahoo.com,"Mark Zuckerberg's Meta Is Also One of CoreWeave's Biggest Customers, in a Deal Worth $35 Billion Through 2032. That Didn't Stop CoreWeave Shares From Sinking on Meta's Own Cloud News.",https://news.google.com/rss/articles/CBMiogFBVV95cUxQWDVjOE1NMWJ0WTJzTEVLdkxJbWJkU25lZ2w1dEY1U2hKbjVIQ25CRXBkZkF4eXdER1RrNFBFY0RUWDhSSnNfZzFZY3c0SmwxdTBiZWQ0RU9RcWFWc2t6Y0tJNlhQdHBRNnVRRFo2ZnlaTHdmdjl3VHdsbnhZVHE5ZHpWck5nYmM1alRpdXZ6cWxnWGg0YzdEdklFMWNuYktQX2c?oc=5
2026-07-26 03:00,Yahoo Finance,finance.yahoo.com,Why CoreWeave Stock Fell 30% in Just 1 Month,https://news.google.com/rss/articles/CBMilwFBVV95cUxQdUczOWotV2ZOYUcwMWpQZFo3TmlVMUlYZlhmY1NtVklvSHB6cXgwWXhZcWhtbVFjblR2WFpEODMzbHhrUWZPdWgwNXhGQnYxX3lnd2JNRWMyYWNiOWtvUW00ZEU0U2tzYk1VVlJVQ0ZnNzlZUlhhWk5pcWI2dl96Z2dLbEUtZ2Rfd3Q1V2pTMnV4dlVHZ193?oc=5
2026-07-27 03:00,Benzinga,benzinga.com,CoreWeave Technical Analysis: Is This The Bottom For CRWV? - CoreWeave (NASDAQ:CRWV),https://news.google.com/rss/articles/CBMitAFBVV95cUxOMVVUQ3IySXJWLVUwcG52R2VxZlFCRXZXNjZQWjloMFNDY2QwcTZJekRNMHIxeGdfUEFITVBlZ0tfQ2Y2b1ZZWjBMeTdLT256MnJ6a1h1RXQ0SHFhTnk4d1VmeDZ0OVY4dGpqUDROS1h5NE9jQ1ZtWDUyVXUtZF9tcW15ZW9VVng1TkJWVnJISkx5Rkx6dWExRHFHbkpVMmpQVlUyU0ZDcWZNZGZXRGNOVHJkUzY?oc=5
2026-07-27 03:00,Investing.com,investing.com,CoreWeave and Nebius shares rise on Nvidia-OpenAI financing talks,https://news.google.com/rss/articles/CBMixAFBVV95cUxQSDJ6NjZNLVZ1Nlo0XzNDTThsSEdJV3hhSEVTcEkyZzJlMENzNloyNzAzalEzLXI0Q3IydE5GVnVYVllEZjJTVnB4R3RsNWZVOVpwWGF0eXN6TTlXeVVHMTI5V1g1SjVOYmxxQjJIa2xZaWFlZ0lORXRvOU5uOUIwTVpQZUo1XzdxUmd5MzJQVXdZX0xiell0WjgxUjAxZGFLWkVZU3hCeEZtWWNqWVUwVTZpd3FlQ2ZHTHhKWWVBcFI3M1pw?oc=5
2026-07-27 03:00,The Motley Fool,fool.com,Should Nebius and CoreWeave Investors Be Worried About Meta's Latest AI Infrastructure Plans?,https://news.google.com/rss/articles/CBMimAFBVV95cUxNZHhUaFJKT0RyUWE4Sm83REpRWEhHOXBoVFprUFNDRE9ueWl0MjJ5a3pPUkJNekxqLWhxVmpTdjVGQXhPd3IwOHdmd3ZGS3JFTV9BSTlVRThzQ3pzRlQ4MVNLZndZSU1XOUQ2S0pCRXBqTWZINzJJTmhKV0xuWUFDTlpRWW56Y3FWc1BUVlN2aXZucU9OVjJsbg?oc=5
2026-07-27 03:00,Yahoo Finance,finance.yahoo.com,CoreWeave Announces Date of Second Quarter 2026 Financial Results and Conference Call,https://news.google.com/rss/articles/CBMipgFBVV95cUxNSjdXY2pWbXpwM2ppbTZ6Y1BkTzMwNWRnY2h0UFhlTGU0ajdpX0VNdDM2YlRTWjdobFZaNC1zVFZMSllmcGJCUGZFZGZyWVhQc1l1TV9oT0ZFNnZmYkMwZU41YktCNElVWE03ZkZ5UVhrdUxWdkZhV3J1YTliT2o2RzhVN3hmb3ZRWUU0eHVISVVVcVkwalVXaldEelFQaW14VFNZc1hR?oc=5
2026-07-27 03:00,Yahoo Finance,finance.yahoo.com,CoreWeave and Nebius gain after report links Nvidia to major OpenAI infrastructure financing,https://news.google.com/rss/articles/CBMinwFBVV95cUxORzhRTjRtOW1FT3dlQmJDN0t1dGJNTDdCVU9naHRfd2p3LWxMaGJtSHIzN2h6Uk1xUHg2OVlFQm43cEhTQ0EzX01jOG1BeEVUSWUyNGZkMF9PeE5qZl9IdDRZYlVEVF9DclRQZlZjODhaWTZzdUM4ekNyZXhPaGtITlpEdEhvcFVoR3VwNE9IYUVIOXNYRVk2cFFmVE9yc2s?oc=5
2026-07-27 03:00,Yahoo Finance,finance.yahoo.com,Coreweave is $71 After Falling 43% in a Year: One Analyst Thinks It Can Rocket to $250,https://news.google.com/rss/articles/CBMilwFBVV95cUxQaFdiV3FYay1ocTJiYllwczBZQi1GZ0lCcUdZMUQzdmlPZGUwSDZTd1kta1JRc1ZYRTh1WExpSTJBMll0djBnQTJSejA0TjkyV045U09lbHkwM3pWMF9BMXNHSHNZTW9Pc01wUHRMZ3FqNWNhOHU5aUxZWTc1ODdJVjhmX3RmeXJYQkVCRlZ5YjJ5MktJVXBv?oc=5
2026-07-28 03:00,Benzinga,benzinga.com,CoreWeave Shares Fall 30% in a Month as AI Cloud Valuations Contract,https://news.google.com/rss/articles/CBMixwFBVV95cUxQOTd5cTI4UDlMY3VZWUowcnRRTm14YTVFdFFONzlDbVVPQ2xJMDg1dHVFbzdtaXpPcDhjeWVPcGtRRlZwdDJraXdqRDdWVE1XZzVqZ0h2OGI1bXRJU3N6T180VEQyaW00OGh0NnM3aFlmVU1NLXd4bXVTM1RpQWRDYjluZ2wxUkdJMXJnT2Z6dHdKYk1haThRR2VaSFgzQkhfeTNaX1NhaWR1bUpjU3NfZk5xa0piNlhNbUFuSnZDUkxBZlU3TXMw?oc=5
2026-07-28 03:00,Investing.com,investing.com,Flow Traders selects CoreWeave for AI training workloads,https://news.google.com/rss/articles/CBMiswFBVV95cUxNOFczMHFobF9QZjZrX2N6SGQ0eVRFRHotSnZacHZDaDh0U0NWRzdvS1JFTVVxdlhVNzZFY3NlamtUdXRoLXI2bGdvZzVhTTFmb2ZSY0dFX29fUm5zbmNVUnlfdDZDRFFhM084dThQRFlSa1JuUVlBdmlySThmTDJLeWlWV0xYWWpqU1EzOXhFc2pXQko1V0N3czVFU0RaVzY3allXOXItajlYSHVEUHRxS3F4dw?oc=5
2026-07-29 03:00,Benzinga,benzinga.com,CoreWeave Stock Hits New 52-Week Low: What's Driving the Neocloud Selloff?,https://news.google.com/rss/articles/CBMizAFBVV95cUxOZXh6WWdwMXR1U2pVbWVkbjZRQnE1Mmh1aVNMUWRxckNKcUs5Zi1sSXYySG9DNl9qZFdWaXdvOTRtQ29fWVMwYm5MYkRMc2M1dERGcUMzb1ZZOHRzWXJrSHR3OVRibUxKVFV0UjFYYVMwc2ZqY0YwQ3ctYXJsMk5aVDViNUJINVlBcEtRcWZ6UndUcUlTVWJVbnhMRFFSQjhSRzkxQWNMaTRZWi1tOGctaEMtbHhWZTlSeVo2UTlVNWJNMjl1Y3ZfVG5tTHc?oc=5
2026-07-29 03:00,Bloomberg,bloomberg.com,"AI Boom Spurs Insider Selling by Nvidia, CoreWeave Billionaires",https://news.google.com/rss/articles/CBMiswFBVV95cUxNQlNPS2M2T1lsNG1lYXlfWGdkX0IwbTV3S0N0Wm9DRHNwZHdfZDkzSFZPdlRhc25WNk1mT2FOV21HN1pxaE5HYXh4a2FEVnAtNXBKZXdOYkZHY3VZb0NKSXZnUy14UlRoRF9VaG0ta252NWszTUNza0xpLXEzWC10a2lOZHlpMEhJdlJhbDV2THQwX3Rhb1NxelNRbUJmSGxZUHNQUzZTdElJdmVxeWhkZXB4Yw?oc=5
2026-07-29 03:00,Investing.com,ca.investing.com,CoreWeave Inc stock hits 52-week low at 63.76 USD By Investing.com,https://news.google.com/rss/articles/CBMirAFBVV95cUxObFJmSklZNzE5LWw1Ni1EYWE5aTZMUzR0UU8yd2RId0wySWc4TmdMajFtSUttLTRfQXU3MFJjMXRTaU00b0lQOXd6V3dMNFV6WVQzYmpLY2o2cEJYWXhzREludFBSTzZsUk9tQzJTVXlNNWFrSHJqWWFKVUtmT2xSZzVUZWlLMHk5U3dueVk5elF3MW9oM040d1ByVWZhbzljZGFnSFV2ZEw5T3g4?oc=5
2026-07-29 03:00,Investing.com,investing.com,"CoreWeave CDO Brannin McBee sells $923,484 in stock",https://news.google.com/rss/articles/CBMitAFBVV95cUxQMWdzdXVUNXR3cVNpUG5rclRCM0tWTXFkV2xfdS1jNzV3dzYwOUNrUlQ3UW9WejBSTFdkbTJQV0ZnT0ZkRGJoSDNHOXdJaGFXeTU1WjB0bG5wLVhGbE5EbEZ5Vk1NUDZxRVl3cVkzSVlXVWtHYUhPeXJzaFJIbzhIZVdoVDFhV3AwSDd6Z2htczlsVzhUM01oS1M5V2h4VkpzNl9QSDFCWjdVS0EwSWc0OTAwRDQ?oc=5
2026-07-29 03:00,Investing.com,investing.com,CoreWeave chief development officer Brannin McBee sells $16.8 million in shares,https://news.google.com/rss/articles/CBMi2gFBVV95cUxNVE5MSnE3RnQ3MDJmb2wzRFVzRmJGTldjaXVvTGlONVBTajNkNjh2ZWJSamliWEN3M2N1aVM4UmF6SmdCaVZNaGRCSVo4UzhDUFUxSkdLTEtHWGZsc2FVUE9Sd3BXMmpMZTlkd0JMOV9ZRVlSOXkzaFhydkNJQTdoWnJmazNmWXhrT3JrT3ByRTh4YzhuaUdZOEt6eUN6eENtTEFrZWVPUHJkSWl6cEhUT0xOeFpSbWJnbk1mejZmMk9MQ2xXRFFZTnE2RlpueFpNaDNTTlZubVBTdw?oc=5
2026-07-29 03:00,Investing.com,investing.com,Nebius and CoreWeave analysis: falling knives or dip-buying opportunities?,https://news.google.com/rss/articles/CBMizgFBVV95cUxQamZNTV9nZzVwVG8yaHdDQ3lSRjE5Z19rQ3FZRlJjU09TY0NSYUt2WGRvNGZnNk42NnU1RGNDYXRoOTVXUnhGVExrZDM3aDZoSjRuYmwzcnVsVjlxQlBQTVJacldpdHlqeGREVEppN0ozdGtMQXJjSkJ5cXhsTFNWMUQxTmVYNUNFWnc5Qk12bHA2WVlHaFd3aXRpQngxUGRuSGVjMTYxOUNWOF80TmxaREJMZHpnLWdTR21uWi1VdmUzZHAtZk1UMG04X0s2UQ?oc=5
2026-07-29 03:00,Seeking Alpha,seekingalpha.com,CoreWeave's GPU Debt Treadmill Keeps Me Sidelined Ahead Of Earnings (Preview),https://news.google.com/rss/articles/CBMitgFBVV95cUxNbDhzTGlicGZBWWR0SkZLbWJ0VUFRaTl4NDNmT1QxVTZGWlBWbDEzRzA3dnpTa1FQVW1UQjd1Ym44M3BUS1pHczlqaHRvRnNKOWtSYUdSMjM1RnpzeGtFdHBpaTR6MndyYk9ETV84VktybUtzUHF0R1RDNk5peTljWS12bEdEZDZrejNEWVgwYk1OcVJUUVZvaUNDYWF0SnRTMzRuRzh4OXNudHVoMEVvdl9MUlczZw?oc=5
2026-07-29 03:00,The Motley Fool,fool.com,CoreWeave's CEO Sold Company Stock Worth Nearly $25 Million Amid Share Price Declines. Here's a Closer Look at the Transaction.,https://news.google.com/rss/articles/CBMiiAJBVV95cUxPd3hDakczTVNPbTFGbnpobi1IYVhqZFpNejR3R0JRVTM3Tm5McExCWDNZbWJHMUtKOW1Na2ZuX2NMN1BxeFNTYVktbkJ5cy1nbG50WHcycTVmNHR1dTZoQlkxb0ppekZxSnlYTzVkcU11Qnoxam9kV1pFMjRHRjZZaHUxZ0JYZzdjZlItRWNjSEhXLUJEVmtvYm9XRkg4b0RBWnU4QmFYbS1NRllRSTZMSC0xVkhHSW1tb0k5bXROYlQ1bDltbkwySTB6UG84aG84Ylg1WEV0WFdPbHVJNE5wQmxNaE5HYXh0X0dOT3Ezc3hUa1FId0l5UmtYS1ZLa0UzcEVnRWxLZ3A?oc=5
2026-07-30 03:00,Benzinga,benzinga.com,CoreWeave Gains on Leidos Alliance for Secure Federal AI Infrastructure,https://news.google.com/rss/articles/CBMiyAFBVV95cUxNcmNfeTg3cEdoY3N6Ti1EQnpSRDI1X2Y3YnFpRDJHR2hrR05ZYXJjdmRuM2xuc3Z5RVdJb3JURkt2Tml4Q1hzUHk3a3ZxYS1PQVNpdndUUEJCWTh6MlE1QV9yUW82anlWSXZNQWZacU1NZnR1VHBwQlJMbXVsRkFpYXVKa1RpYll6SDAySTh0Q0dUVFVzeTlxcGlMT0FHMlVkdTh1TW1NakIyRzk5WTdzV0xwSG0yX09IbkU5eFlCRmk4QThoS3JRaw?oc=5
2026-07-30 03:00,Bloomberg,bloomberg.com,CoreWeave Boosts Yield on $2.6 Billion Loan Tied to Anthropic,https://news.google.com/rss/articles/CBMisAFBVV95cUxPaS1kOV9uNmZDQmN2VzNvY0oyM2dVRFo0ek0wcDRCS3dXOHhCak41aVdKbVdLSDhaa0dkbEdvbHhCQUc1Wm1GSXN2Yml4Z1pmRkJXRmRNdkY5UVhmdlRtMDkxdktsenJ4Q2l3NVd4Z1F1eVFhOUVwOWM0TnZNeWR1WVYzVGtCMWJJaWJmaTl5YU5vc25NalBJTXNTV0JSaHY0a29mWFpUOVFIakRCNmQ3Nw?oc=5
2026-07-30 03:00,Financial Times,ft.com,CoreWeave bows to investor pushback on debt linked to Anthropic contracts,https://news.google.com/rss/articles/CBMihAFBVV95cUxNTFNBZGdNZHJ5dXdhZ2psTFpoeHhzNGNjQUtlSzFhbXZTQmRRckRwVE5jaXRrMVhDYkNLUGNXaW9lSlBUc01QV2MzaGt0YVVmMk00M2NFQk5la2g1bW1HcENzZGtJX3lLbHRwelBEd2hJanhydnZNeDdGZk82UzNzaU1MMGY?oc=5
2026-07-30 03:00,Investing.com,investing.com,"Bloom Energy, CoreWeave, and Nebius surge as AI fund margin calls ease",https://news.google.com/rss/articles/CBMiygFBVV95cUxNRkw3RlZnaWtBc3RKeEZxYmt6d3JfSWpTMXQ5VDV2dGtMZXBXUXVORHBwVGRpc2RZX2ZsWEdEV1hDSjVJalVxdl9kS2RxNkV1bkFMYzlwY2R4OUgzSzI5cHJJTU9kbFF1RlZienM1LUctczJWMGNuNlZtSVZUTW9uQWlENEp4OUtUbkhZUFRhc1FfbjZESHBLV3M0YVIwQ3ZkVXFGM3hkVHBWTlY4dVNweGlkeEkzRURvVHZlVm53UmhkQ1VXYXJhbHZ3?oc=5
2026-07-30 03:00,Investing.com,investing.com,CoreWeave CEO Michael Intrator sells over $20m in company stock,https://news.google.com/rss/articles/CBMixgFBVV95cUxNcWhaMkdKNkNoMmF6YzVHeGdxbl9RaGpvRy13dDc1dWVORUp2RnZrRWduRnlNSWJvLXBQSzNKMkJrZWwxZXVTLXItVmZSa3lqWTRmVzFGa3hpeHBia1FNSFlCcTBvbG40bzlpajFwV1RER0xJLW1pS3N4b1phdEc1akMyTHA3XzNmNnJMTXFKcXFROEY4YXB2a3dtUms4dzlBSmVZQzNkQUU1ZnNtUDJsdnl0N3BDcEY3N1pGajhnRjYxZzZRR2c?oc=5
2026-07-30 03:00,Investing.com,investing.com,Why is CoreWeave stock surging today?,https://news.google.com/rss/articles/CBMinwFBVV95cUxQUHQ2cW10amFITXZ2VDFTdmIwa0NBbU82dHA2YVE1eVE0SEExbzJNeXhiUUpmVHJMa3g3YnEzNUlmemZHNUdYQ0ZtZDZldFNBcC1wUlFVZ25LMnhNZzJySzZBaVhMSmRIWTVESVlRV0VuQUplcmZNdkJGdUpjU05tVk9kLW1fRHEwWXByczJ6Sl8xSXpTeU14VUxuclNGdzg?oc=5
2026-07-30 03:00,Investing.com,uk.investing.com,Why is CoreWeave stock surging today? By Investing.com,https://news.google.com/rss/articles/CBMingFBVV95cUxOeEhjczgyLTBZNUYxdlhERzBQVlIzWjlVT3BncWhWVW1XcjdWc3ZxbGk0QmZMOWVBdEpTN2VnYk96T3BXNGU4UXN2dVJDVnQ1MU5idUtqOC1Dek96bGhpOG5kUVByWFhxbjBUcGo3UjNpak94dHhSZ3pRbzhDdDBTcEdlVlo0VUFwcnllS2ZtUjU2MjBYUmhmaEN5Y2NOZw?oc=5
2026-07-30 03:00,Seeking Alpha,seekingalpha.com,CoreWeave pops on Leidos team up to provide AI cloud services to federal agencies (CRWV:NASDAQ),https://news.google.com/rss/articles/CBMiuwFBVV95cUxPd2ZhbUdpQnMteU0xOE5JS1pqSlVaMmVrR2xsUzFmUTA3R292bmVzQU8xckxybndEZDRSYi03NGUyQlktT054cW0xdXVTSWVPUURTSnJ5RW9UeFBOcXhoYUdyUVBOSURNaHF5RXIwUkhOVGo1S2xDM0pOMkQwNHd2OGdSQW01T0x2a0pVclBURlMwQnJESGt0cjRYMjJrQ0JFMnlneVZ6cGNmd0FvaUt4c2F2LV95aTBqT04w?oc=5
2026-07-30 03:00,The Motley Fool,fool.com,Astera Labs vs. CoreWeave: Which Technology Stock Is a Better Buy in 2026?,https://news.google.com/rss/articles/CBMiwgFBVV95cUxQVTRlTXRmakRaNXNpZ1BiVW0xblpVdXdsWmVMaG85ZkM4TUpKNmQwdFRFcWtOTExnNkRtQ2NZQWl0bWwyeTFWbHFJME9QNHJGMFNzdEtuaE9RWnlMbFEzeWlvRjR2US1FTGlWX1RYUDFNSVhXcktxN1M5QjNFNUtqT0pGZEFZMjNaMFBRdlM3Vm1vYUhfU0k2T2tEcEs1Q09FdzFyY2Y3SnVWNDVoS2RfQ3ZpYnF4Z2NZMHV5ZjB2ajRIZw?oc=5
2026-07-30 03:00,The Motley Fool,fool.com,Why CoreWeave Stock Is Jumping,https://news.google.com/rss/articles/CBMifkFVX3lxTE5uWlZVZTVyWmZVczViYWUtLXNhQ1dpckpTaFBtc0k2dXdxWXA4XzZpMnN3UUdCOFE5Tl9XVnY4UWxfY296V1lvMjV3Q3JaWU1JZUNoN20tSWhFUGctc0h3dlZ2VTQwQnA2dlRpZHNyMFNld1U3NUtFYWh4a0tYUQ?oc=5
2026-07-30 03:00,Yahoo Finance,finance.yahoo.com,CRWV Stock Alert: What to Know as CoreWeave Teams Up With Leidos,https://news.google.com/rss/articles/CBMinAFBVV95cUxOSUdvSFFNby16el9mR3RqODhKa0tmOEI5S0ZqN19aS2F5ZWxzd2tHQXd3d1NzQjlxUlN2aFd0Vkx1SFI1SEsxN0pFa1RPVF9pOEZkWkJjaU9FZFJYenJMX2dWU0ZvdW9jX2pERm9Gbkd6OHhIaEs3Ry1DVkFRUGs1NC1RTnJxU1NYN2N2Y0ZvdzFmWnp0LTJDekJQNDE?oc=5
2026-07-30 03:00,Yahoo Finance,finance.yahoo.com,"CoreWeave Q2 Revenue Expected at 'High End' of Guidance, Oppenheimer Says",https://news.google.com/rss/articles/CBMimwFBVV95cUxOYUE1NUQxNUVoS0pmTDNjdE1YWkFXUDBjNllZc2VBMUVXWmVXdk90ZjFWTERsNDJ0b29sbmtxQjhKMGduLXJlODN1d2RIdEZLN1g4eU0zaVY0MVN3YnRvY1VLb1pGSVRMa2Q2cFFGU0JuZDhHX25KMWZjVHRCY2cwT2pPa1BNazRCdlRSdW00M1ZGVEdBbVJOZmZHTQ?oc=5
2026-07-30 03:00,Yahoo Finance,finance.yahoo.com,"Meta (META) Could Spend $62 Billion With CoreWeave (CRWV) and Nebius (NBIS), Then Become Their Competitor",https://news.google.com/rss/articles/CBMikgFBVV95cUxOSk5VQlVaT2VQLWN5WkhNNnJRSVhoY0Y2T2JHWHYxUlFhZWl3akN1WmQ0RzdCYWRfdU5fOFpuM0FUbktoZURrTWVURjR2bEdRNHNaTGZRSFVtc3dyYi0yVGtIX2QwcEtXRVMybEZKQTc4Mk5QbXpXM2s2dlZhN1h5aWlmcXBYSkY0YlVXeDdwMjRDZw?oc=5
2026-07-30 03:00,Yahoo Finance,finance.yahoo.com,Why CoreWeave (CRWV) Is Down 26.4% After Winning Leidos Intelligence Deal And Flow Traders Mandate,https://news.google.com/rss/articles/CBMilgFBVV95cUxPbS1yY1ZxNUVuSUtLN0NfeDV6N1lyOHZVemhRdUwtN2d0UVBxQjNpazgtd2NiLVFqS1ppaU9LamZVbmdqZkJibFFVTDRyVGVsRTBNUzlrekNEb1IwYzQ0aHF0NDVpbk9za1VqM2RtU3dIdG83Nm9aak9MUlFpb1VXd1k1WTAxUkh4dFZJXzhWbE9pMDJfOWc?oc=5
2026-07-31 03:00,Business Insider,businessinsider.com,Leopold Aschenbrenner’s meltdown helped AI stocks soar. It likely came too late to save other funds’ July returns.,https://news.google.com/rss/articles/CBMiqgFBVV95cUxPZGM2Z204TXNHR0VPdUxuWHVXcnl5Sndrbnp5QXhnOUVyWHBmcDRfT29DU2d2bUJ0M25BZDUwRTJ5ZjlNZjEwTkxyTHBIZk9RcTV4Tk1CUnZLazdnSDJFSjBXR0JOUl8xXzFfVkJzX1FYYWRhZ2tlYUR0d09aRkFuUDFYdGZDa1d6UjZfOXFVc1pwN2FmaWIzSXF3R1kzbDRYdkc5NTg2TnZpZw?oc=5
2026-07-31 03:00,Investing.com,investing.com,"Cathie Wood’s ARK sells Shopify stock, buys CoreWeave shares",https://news.google.com/rss/articles/CBMitgFBVV95cUxQT2ZITVNoZDRBLVZqSkpSX29YRHJoTXo2ck5pMjVTNHJlamVJVHJ5SG10SjN0bDlhR0dhbXZCU3UyWHdxT2M5NXVfR3VRZmNjRG1MSWxyRTVObkxMNTZjaFlLMzk3U095Mm1YUWlCNWFFa1I1bS1FbGR5M3hLckJ1X2dkcHBlamh5ZnJXam9IN3ZkbzhMekVXTk94c2JWWGNvUVlUUEdPUi1waVZVSjVpbmk2YUVqQQ?oc=5
2026-07-31 03:00,The Motley Fool,fool.com,"Is CoreWeave Stock a Buy After a Company Insider Shed 6,455 Shares?",https://news.google.com/rss/articles/CBMitwFBVV95cUxOM1ZTWFc5UDhITGR2YzEteGdUUzdycDFTNWdRRE1JNXozN00tNDRPOWRCNFJOWnl6bzI3R19TS3phM0FwWEttRHFQa0V5UDJwZHVxMTQtd0RyZnFYc25ISldwVUFCSXBoV1Jqd3FOS1AyblFZLWhhelZ2ZWVld2Z2ZUg2VUVKQlIydTBNbHZPM29SUFRna3VpenZMQWFQM3o3SWFDdHlZZHJGZmpjS3NYTXh6YURVcXc?oc=5
2026-07-31 03:00,Yahoo Finance,finance.yahoo.com,CoreWeave (CRWV) Stock Looks Reasonable On Sales Yet Stretched On Broader Checks,https://news.google.com/rss/articles/CBMipAFBVV95cUxNLXJralk3ZVpUQlNQanZoRHp0cFowVV9SbkFReXpfajR5cEEyWVJaT3hxeFhFam1sT0s4NUJSQjdvU1RKTEQtNHUxa0JjYTRQYXJ6TDlKX3ZXRUlOcEtpcHdfeVdHVmR5MDExUklMdThscFBwcTRNdE01RndwYzlpVGZScEpCWHJZcldYdjlZbFhWWTU5aXVMYnVRMzJnUUNyQjZfVQ?oc=5
2026-08-01 03:00,The Motley Fool,fool.com,Prediction: The Historic Artificial Intelligence (AI) Infrastructure Build-Out Will Make This Stock a Multibagger,https://news.google.com/rss/articles/CBMimAFBVV95cUxOYURCRHlabGNGblNUbmZoUS1Fakk1MFdMV2hRS19BLVRQRzNRN3BjM1dzMnFoeUg5bDZTdVVlRDVodVVzR0s3YWg1a05hdU0wSUd0UXZjTmZfdHROaVl5R3dITWdZUzZmRDRiMWpkaUFPREVCR2gyWVRlclpjYzV0QnBKaWtnWXhEc19SeXd0MWlacGVJNU0zdQ?oc=5
2026-08-02 03:00,The Motley Fool,fool.com,Nebius and CoreWeave Stocks are Plummeting. Is It Time to Buy the Dip?,https://news.google.com/rss/articles/CBMimAFBVV95cUxONFQ2RXhHQ3ViWnZFaUdYVGFBeGxiOW5QNUNpM2ZUcjc2Q0dEMVprWHZhUEhpY2hUa2xmeW5XejFqX0czQlI3N3Eyd2ZDSkRKd1E1RnZIeHM5dXd0Q2x0N2xlV0hZMmY0bGIyaEVNVnY3Y1pxQ25fQ2s1T0xjd0dVcnZYU0NPRkRNQ3lDNU9RQXRka2doVllsdw?oc=5
2026-08-02 03:00,Yahoo Finance,finance.yahoo.com,CoreWeave Just Scored a Leidos Partnership. What That Means for CRWV Stock Here.,https://news.google.com/rss/articles/CBMiqAFBVV95cUxOc2ktTHR3QXVjenpIdExfVTk1RmdUMlNLNVFpX2VOTzVTa0VLWnJNMFN6ei1DMDlVOFoybm95NjhLX0FSckhNa0txMG5JeTV0MHczNEM1M0Z4b3REeHB3WUVhZHR0WXNWSl9LNEZLQ00xeEllaDM4cUhHSFM1dkh2TTBMZVdONzcycURhZTFta0hOX2NjSG1YMV9ObkFTbTVocnJiM2N0bTg?oc=5
2026-08-03 03:00,Benzinga,benzinga.com,"PLTR, SNAP, CRWV, ON, SOFI: 5 Trending Stocks Today - Palantir Technologies (NASDAQ:PLTR)",https://news.google.com/rss/articles/CBMitgFBVV95cUxPWkFtZ2lCZTdmQzNockVEdUg3UEhrNXhSTWYtRDMwR0RMTVlGMzZNc3VpYzZNNEZKSFNRXy1EX1h6SUFpdUdBTnN1WExibG5lajZ3X1RGU0V6eGhUU3R0Wkdvc1ViTGF0cG0zYVJyc3J2QmtrbTJkNVY3SmJES0ZlclR3RWVGbTdneTZoUDEtM0RmTktrYnZabEI1VXNsdU9vV05kd3pjUzdCN1JhQ3NRZEp6Ylppdw?oc=5
2026-08-03 03:00,CNBC,cnbc.com,"Stocks making the biggest moves midday: Amazon, Corning, CoreWeave, Bristol Myers & more",https://news.google.com/rss/articles/CBMimAFBVV95cUxNaUJIVzBrU0xLSk9YUk1NQS16ejRDSldPbTh5eVIzMjQzbTVtRVdwcWNDZmF3TnVyWjdWZjJHWWtVaUwxWTg2SzE0QU4tOXhrY1dHOWN0SHdGOVZIX19Ta3hSNGdQRm5vaEIyY3Y2NmJyT1lDSC15dkU3UldSeHUtNXNCMkptdkVoU0gyZ2ZIdkFFUkQzR0E5OQ?oc=5
2026-08-03 03:00,Seeking Alpha,seekingalpha.com,"Cathie Wood loads up SpaceX ahead of earnings debut, buys CoreWeave, Tesla, trims Shopify (ARKK:BATS)",https://news.google.com/rss/articles/CBMiwwFBVV95cUxPa2prdXBVd09EQVQ1aEFXcktkRVQ4STl0WmQtY2JPanFHWEVKWFZiYmxUSmx6eXI1VTIyS2g0eFVqai1ENnlGcGVXQ1RWNnpGNFZoNU5DM1ZxRWNxTThxeUxrLXoyTmpRSUxKenc5RnpfVHk4U2tpUjAycGxEVXFremotOVM0SzB6dklVaFZzRTBWTVdJakVfNFl5VTZTSWo5VkRWOXRZbjhvclloQUdacGhURmJ1eGd3VzM0NXlua2tLTjQ?oc=5
2026-08-03 03:00,Seeking Alpha,seekingalpha.com,CoreWeave: Credit Markets Are Finally Challenging The Neocloud Model (NASDAQ:CRWV),https://news.google.com/rss/articles/CBMirAFBVV95cUxQN0YwVUdqUkdDVFFwNFIzNVNCT0RQNHZCazBwM2lCQ19NZzZrTEVnaUZNbGM2bDliaEtmVk4yaDJYbWtNYlE2VFVsYXFaT1lVcUUxbndlM0JveGZuX05fSlEyR2hzVXh6NmcwUExEMzJtMnYzQjhtd3dmZzNYWWNXZm1zT3RVbkJ2elBGT3h2NG1GZFQ5RGlQYVpYbGhuWkd1RWxBanNFRUVsYXZJ?oc=5
2026-08-03 03:00,Yahoo Finance,finance.yahoo.com,Backblaze Inc (BLZE) (Q2 2026) Earnings Call Highlights: Record $335M Coreweave Deal and 34% B2 ...,https://news.google.com/rss/articles/CBMilgFBVV95cUxOV1k2WmtqalpJdE9SY2JDY0FjWFFramgzU0FhUWUyUUdOd2dQSnRteDVQQ1A0cXgtY3hrM01jSVJBSnJuenRrNjZuQnVQZWpkV1Q5VmR5RUtqT2pUS2JybU9mLVI3OXJ2Yk04LXoybUppOVVvaEhVeE5WTWhTdmlaNTdlQzYyU0ExWDA2SmdxV29kd3RpWXc?oc=5
2026-08-03 03:00,Yahoo Finance,finance.yahoo.com,Better Neocloud Stock: CoreWeave vs. Nebius,https://news.google.com/rss/articles/CBMioAFBVV95cUxOSm5JU0U0c2REQTZqMFhwVFp0OE9xbFY4dlNqVGEwZm5EcWgwTEFvYVM2QkRHdjVDcXpabXpMalVYNzZRQXBCR2FzdVFiaUtBNjNYNE53cEJsMlVoRWphOWFvdWJMWGJ4T1NNc1ByU1lNZzNNcWh5dVhaTXhfSWltR0QxeXRZTWxlUFhIdmpYQU5XWXRET0RXbFFoM1htX3dG?oc=5
2026-08-03 03:00,Yahoo Finance,finance.yahoo.com,"CoreWeave Jumps 11%, Snowflake Gains 6%, Oracle Climbs 5% as Risk-On Mood Lifts AI Cloud",https://news.google.com/rss/articles/CBMioAFBVV95cUxNVTl2QkNrNFUxODZxVWJycjdaX1pPWFNsbHZDMFlqazhZcXdiR1E2Y3V2M19lclpEVzNrcUUyQW95bFJuZ2s5amFYZGZNY1JSYTJOOVRWX3JmVHZHSUY4QW1ueThLQ3JfbGk0MmxnYWxLcGl2Vkp5Y1JIMUNCZ056YWZ0d0JlS05kWDh2Y2NDeG1mbGs4T2ZtandBdlZrYnRq?oc=5
2026-08-03 03:00,Yahoo Finance,finance.yahoo.com,Price Prediction: CoreWeave Will Trade at This Price in 2027,https://news.google.com/rss/articles/CBMipgFBVV95cUxPb2NWdGNHZVFPOXJfLTR2SjhFbjNqcjVPZE55NmxrSlVYWnB1X0doMUVrTlJCM2xrVzVZN1Y0WTVOSFUzck52RzZETUE2NUVnTDRneXA1azJ0T3AwcVJSeHVzWFE1TGlQQU9tYVFQZVNmbjhTSTZJc0dQcVJmbngzS0pfSzFrbGdzSktHMTFaWVZJNlFqNnNCcGsyMXhndW1CNlRIUkhB?oc=5
2026-08-03 03:00,Yahoo Finance,finance.yahoo.com,What's Going On With CoreWeave Stock Monday,https://news.google.com/rss/articles/CBMioAFBVV95cUxPWUdpYXNVSl84X2JSX0dHN1VlUFN1OXdad2tfcThtMXQzTjZ3UV82aW5iVDZJMEI2TGxjYzFoaG9sZV9ReEZybkxZMEV0VXZmNmNELWpTc2RyZ0tfUjk3YkJMeTdIVkJxU2N0VFNMMXZYTE1CMWwtVGRfNUJTekJRbVcwOUkxUlpOYW5DWTM1dnk5bU5hT2JNbnNkVjdOVF9n?oc=5
2026-08-04 03:00,Barron's,barrons.com,"CoreWeave Stock Jumps—and Can Go Much Higher, Analyst Says",https://news.google.com/rss/articles/CBMibEFVX3lxTE4wNjJic2tkZnNtYUEyamF1WE11NHBMb2pIZEV0eHUyUG1CNzdQVlRGeDF2TnY5cEtwRlViOXY5QjRFZE9Ib3I2WGt3SThCeHh4d3pIdkxpbmtpQkZSVmRxX2FyaUhOa21wT200eg?oc=5
2026-08-04 03:00,Benzinga,benzinga.com,"CoreWeave, Nebius Shares Rise: What's Going On Today?",https://news.google.com/rss/articles/CBMirwFBVV95cUxPcGFIdTVGQ2RCZ3EyU2I3YzZXQkZWMDZoc3UxQVN3OFgzYlVpSTUwZFlUZXNFZ0MyYzZLZkZzWm1tU2lrU2l0c3pGZFBQcUVkWlFBUlhUYmJwVW0tdVdHUm5xbnppZTUwWTRCVDJ4cWowZS1acTNBXzBHVE9HRkhQc0U5ZDJpS1NqOHhUckFlWDZCWUpGSzdqTGpSY0xwNVJkckRHcmdsZHRMM1V0a0ZN?oc=5
2026-08-04 03:00,Investing.com,ca.investing.com,Why is CoreWeave stock climbing today? By Investing.com,https://news.google.com/rss/articles/CBMinwFBVV95cUxOSUhKRmQ5UXdkLWlTc3U1MGtOakw5QnZ1UkZLbnhqVkVodWFveTZBVVJLOG1GTjJfQTVsZXBzMkVQejNuTGRSeHZwS2JoWjFIMW9NUmNJQ1h6MDhvUTM1VGRmSWhWWW5acG91bExLLVFHNnhtVGtkaW82VXMwQ3Y0YTJqRWJsd2FRbjBwZlAwaUhGbm9fZ3BNOVVDRFhjUjg?oc=5
2026-08-04 03:00,Investing.com,ng.investing.com,CoreWeave stock may move 12% on Aug. 11 earnings release By Investing.com,https://news.google.com/rss/articles/CBMitgFBVV95cUxQTHZ5bFNiR2pqem02OVoza1U0QTE0NmVNTkNCU1ZZdUwyc1JJRTllOHhFUzFEUGVTNExtUGZZZ3VXTXpnU0xkc2gtRzB4NzQ4MTNRLVFLSzZnUnR1S3I5Ymh2S19wUzVMS2ZXN1VOcGJUbUVwN3lPT1ZMMHpUR01GRjZlbW14eXdMMnhEcnRVYWJQLXJueE4xVXpMaEFaeUZTSmt6TDlYQUpVY1FvbWRSQU9vcG5Kdw?oc=5
2026-08-04 03:00,Investor's Business Daily,investors.com,CoreWeave Sets Asia-Pacific Expansion. Piper Sandler Names Cloud Firm Top AI Pick.,https://news.google.com/rss/articles/CBMioAFBVV95cUxPOXhZaUhNUldtcTd1aG5iU29YbXdWc3VzSFRaUE00QjNERXFuU3pWUXNXUzg0b3NpbEVCT3pOZ2dCc0RSYmUzRzNuMTJRR2hjak9mamYtQmZYYmVGMC1HV25xaUU2VWp0UWFJMVFacXJDeElYcWtvUnpLVlFuVkk5a1dLX1RCSnd4cVF0bWdSRDl6ejNESXRVdzdfQ0RHazBk?oc=5
2026-08-04 03:00,Seeking Alpha,seekingalpha.com,"CoreWeave initiated with Overweight, Nebius at Neutral: Piper Sandler",https://news.google.com/rss/articles/CBMiqAFBVV95cUxPd0lDUVJ0bGY0aDFwR2NOZlJGRXlSODdCWVdYQ2VwcDBPT3BnVHJ6c1RGMEtZM0VLem00ODBEUnVZQmY4RGJ0QklRQXMyVVVvYTJWMXZ2ZlhJcnJmWXAxTEs1dUxqNnM3dnVoXzBhSkU1VHpjSFBodkx1ZGVJQ1NweGtEN2dxYjFMV2JSVmxCcmFKNGotTDkxN1JwYnRSRU5SVGNXcjhKQWY?oc=5
2026-08-04 03:00,The Motley Fool,fool.com,Why Backblaze Stock Jumped Today,https://news.google.com/rss/articles/CBMif0FVX3lxTE1IeU9rTU9FaFd0RGExQzloQ2dxWVg3NTg0UU5MRFVQT0FTeUNYejNjX05uSmNsNHVlRW1Ed01jT1dpdzQtcm8wNEFLbGVHU19wVmtnSXdKSWdRRFVELU1UeHlFTE5CN3lweEQ4VnVpZXdHVEQ1YjFtOVZZZXRXaHM?oc=5
2026-08-04 03:00,Yahoo Finance,finance.yahoo.com,Cathie Wood Invests $32.2 Million in Surging Tech Stocks,https://news.google.com/rss/articles/CBMikwFBVV95cUxNWVRsUU9CdklLV1RQcHNlSm5mQkpRaTBNemJ2QldXN0I3bVFWdjk2R3dCV3h5RUd6ZEdPYUtmSkphRktuOVlyZzJfVTFnemMwb0RPYXNXOVRpYWxOUXJNREFxcEN1RGJFdDlKS3YwbXVFMmNqaVlPWktHYTkzSVd2YnVBNjQwbEhqQVl1dXZueU9EbGs?oc=5
2026-08-04 03:00,Yahoo Finance,finance.yahoo.com,Core DNA: Coreweave and Nebius Couldn’t Be More Different and Why It Matters,https://news.google.com/rss/articles/CBMingFBVV95cUxOR2swSGJCb3o5cmZTaE9YWnJLN3lOLWRiTm51dWlBQlZ2TXE0QUtXODNxeW9VYk9FdTE2SVpFTFBiRnNTU2E0Sm51Ml91MmZwdHdlc05QOGx1Z0NXYUNrSVhrN0E1TG1QRm9zaG52TjNNWWtiX1FWX1kxWXp2am5JZE9KLW1TRXlqMFUyUUpUOFhaU09XZEZhQk9nSTh2UQ?oc=5
2026-08-04 03:00,Yahoo Finance,finance.yahoo.com,CoreWeave (CRWV) Enters Indonesia As Its Valuation Story Faces A Fresh Test,https://news.google.com/rss/articles/CBMiqgFBVV95cUxNTHBzYzVKc1FUQjRiRENlTGlNY2pVOTJpT2M2ODlkeXR5ajdWYkZacXlvYURHLVM4aURVTjE4S0tzSUxseHdEV2FEZWtaMmE0d0JtVGpHdHN5TGl1WkpuVlJtazZiaC0zV0g0ODNzQWh4RTM5ai12b1BEaUlKMUpoVWZpVlJFNWZqWGJsd3FhV0o5cklneURpdEdBUGM5ckl2a0VmcXZKUXFtUQ?oc=5
2026-08-04 03:00,Yahoo Finance,finance.yahoo.com,CoreWeave (CRWV) Enters Indonesia With Three New AI Data Centers,https://news.google.com/rss/articles/CBMiowFBVV95cUxPakxDaE5NVWFDemdTeG53VUlsb1B5c3ZqSWZWWDB6R1FJTmtyR3lLeHZ3Z2MxVXIxMHpfX2xrUjE5U1BIeVZna2pxcVBQX3gwUzV6UUJ3QzhZSjZsY0VTeWJQUEtPNkZIczRZd3RtbU5QaWRVQVpCS2tpaTRoUXh6RXJ1MzFLenJDbGpmY2Y5NnpYVlFXQV81TldwX3NLMG12TjQ0?oc=5
2026-08-04 03:00,Yahoo Finance,finance.yahoo.com,"CoreWeave expands into Indonesia, announces first data center in Asia-Pacific",https://news.google.com/rss/articles/CBMiqwFBVV95cUxNcHVXdGp4NGk1c3lLdWhvVlNWQkxES2RSQUxNZVZ1RzBYSDgySUFEMjRmcjJJQ0dBSEZKcHprZGFuQUhfeDlvd3QyMXpZNE9JYmtXOGdnUG43SnkzMllGYWFLVGJpOThjUDhGOXdveW5mRG5OV2NWSFpuUGJqN1pjX0dLeGJOS0d1S2pOVmppQWhnZ29JZnAyRlh6RXlDNlotSDhCMlNXa2xYRjA?oc=5
2026-08-04 03:00,Yahoo Finance,finance.yahoo.com,Earnings Preview: CoreWeave (CRWV) Q2 Earnings Expected to Decline,https://news.google.com/rss/articles/CBMioAFBVV95cUxORVJKU3hjbS1lNVZoY0FWTEN3TWhTcnF1eEZkZmpnSjV4blFmRmVkYjI5VlVpcC1UV2ZObGNrclN0THNnbS1RaGpiX0gwMWJjSm5oRHROSHJTS2x2QXg0RjExLV9mVm9INkN4Y2t4Z2p0Z19WVTRkVnlWU1ZxQzNFa3FROC11eXZZRDhYREFoNmhmVDVaYm1Zemd3dDRNdUVW?oc=5
2026-08-04 03:00,Yahoo Finance,finance.yahoo.com,Piper Sandler names CoreWeave top pick in ’megawatt’ AI infrastructure race,https://news.google.com/rss/articles/CBMingFBVV95cUxOeUZOU2IxU3hpZ1ZTUHVkcV9FeVowVkY5SGRvN2JRSFh0cDlva1pkUWxpWThubGFzMUZ4RmRkV2R4U004SXNySm96SXBieDhSTTFteGt0aXJ6SVJiaWFzaFJrZUl3cDBnR1oxcXNyNElUU09sWFczNm9teHVnZWoyejR1RW5Ral9JYnR2RE1CdnowX0g5VElPamJhalRpdw?oc=5
2026-08-04 03:00,Yahoo Finance,finance.yahoo.com,Situational Awareness Lost 67%. CoreWeave (CRWV) and Sandisk (SNDK) Show How Leverage Turned an AI Bet Into a Fire Sale,https://news.google.com/rss/articles/CBMipwFBVV95cUxOT1BpQXVJV0p3VC01V18zTUo2d2RuM2hLT1huYTJlLVF1eTc2a1pXclZlWm5FSTVuc0xJRVA0SlB0Skw2VHVVOGR3V2FiQ3NhTUctTXdhb2Y0TVJzSUZlVlZ4MllTZE5zZnJwbk1UOEc0Z3lUWW14QzM5anc1TGdDSm8tVUkwM3Q3SGt3YmpMbGZfMGUtLUlJX3NKWF9seTZ2bm51UjJ5OA?oc=5
2026-08-05 03:00,Benzinga,benzinga.com,Coreweave Draws Attention Ahead of Earnings and New Capacity Plans,https://news.google.com/rss/articles/CBMixgFBVV95cUxNYkhEazBqaDBuOWJaTnBhQmc1RkR4cUlMam5fOUhsZVREWjl1UldtZFVBdGpWMkZaRHBEbHhpWTRqNEUwZ0RsWWR5Qkkydk5wTnRacWk4ZUdnVFFfUWlyNWpvX1dZLVlhSmg3TXpiZ3RZYU9wWXF3cW9GdU9JVUZxSWUwLS0xQm42Q1l4ZUZ0WG5YS3VucXdZZ29ISS04blRHSmk0amdacHV3UUE3eVgyVlF4T2EyNjVDSU1NS0hHWmYteFRKMlE?oc=5
2026-08-05 03:00,Investing.com,investing.com,Why is CoreWeave stock slipping today?,https://news.google.com/rss/articles/CBMioAFBVV95cUxNdFNWZmpnYUpKOENoZmg2UmppN1M4M3dMaWZOcEZCMWVHalE1NEJBNXBhZHRMcmFJUXhUUWdJLVFnYkxvOW9oQmh6bkdFMUFXWU5nMURUazZFZGNKaVpUQjYyNjRMUGp2VzZhRl9OY2JRdkVkZS1mV0pkU3h5RzFtc0c1VFlMTFBwdDl3Wk5VWnJQTjVCcUsxM3ZNbVl6c0Iz?oc=5
2026-08-05 03:00,Seeking Alpha,seekingalpha.com,Backblaze: Neoclouds And CoreWeave Have Rewritten Its Growth Trajectory (NASDAQ:BLZE),https://news.google.com/rss/articles/CBMisAFBVV95cUxNVHR1Q0lNZkZGanhjOGxMckhtRF83UUNDcmZFSy1wUGRLa095aWlQLUltRXJXcGYzenZvYjlRT2NoT0ZNQWpidGtnSGJDN0RUQlRPTEFpTVI1Nm5kZjkzaDdGMUVzRmZzSjVtalV0RDVWMm9zckQ4OEFkeVJVS2hzT2F5SnZCbjV2UGlKQ2RPem1qSlR2SW9rQWlHcXdGSm1HUWl5WTJYV2htQl9wajA1Zw?oc=5
2026-08-05 03:00,The Motley Fool,fool.com,CoreWeave Stock Is Down More Than 40% From Its 52-Week High. Should Investors Buy the Dip?,https://news.google.com/rss/articles/CBMimAFBVV95cUxOSjltQ3ZqbzZXYVV5bk1Gd29Pd2pjb2NhcG9PR0pvNld1eG84Nm5LbGlXUHQ5RGF3MTdtNlRrelN0THVEb0NEd0FJNmFTRWlOdGR5T3lUU3Y2RVBicTB1VmE1cE9xZ3kwdXdpaG10SkpnS0lIdllCNFdndXJmMFF0TFJBTEFsZUZZZzBCX2ZUWnBHT2J5LVJjVw?oc=5
2026-08-05 03:00,Yahoo Finance,finance.yahoo.com,CoreWeave Makes Bold Move to Secure AI Growth,https://news.google.com/rss/articles/CBMinAFBVV95cUxNTnAyX2F0d0lVbllHRHd3M1B6eTR2MTNWX1Y5N0VDcEN5ckRSTmxRdDY5UU5DLVNnYTFseHg1b2tOZ1pscW5Ia2NiUnFmTXAycFp2ZnhNaXFrVnI1ZjlENWd2ZWdmcm1WR0p1bGstYWhoWjgwNGxQUllRbEpxS29SQ0ZBOEp5aVdWcnV1RTJZMFZERVJ4WUxzN2JrazI?oc=5
2026-08-05 03:00,Yahoo Finance,finance.yahoo.com,CoreWeave or Nebius: Piper Sandler Picks the Superior Neocloud Stock to Buy,https://news.google.com/rss/articles/CBMiogFBVV95cUxQYkQxOU1sanppTXUyWmlBTHpkRXdmMUEwYnlqd0w5UkU4Qmd3QXVNVks1YXJRNEI5R0NjMkNCMmgzblJ6enpUdEpnM1ZmTVlfdU1sWEJnT2YxZHRMSEhRUVgyV2J1NHJCRzJwUHhiZm8xdHdFWjkyYXFfUGM3azNwQ1dIaFR2S1RkWlA3dXJ1RndOV1ZUekFQR00tSXpNTkVKV0E?oc=5
2026-08-06 03:00,Investor's Business Daily,investors.com,"CoreWeave Stock, Nebius Highlight Data Center Earnings; Tech Stars Lumentum, AMAT Also Due",https://news.google.com/rss/articles/CBMi1wFBVV95cUxOQU9LVWJ1NzFfREluTnNWZHZHZWxVN0RUQ01Mbi1kV1JCQW1SR19GQkM3NFlIXy1laU0wVV9rby1BMjZuZkc0eDRqbGhGcVpJWHZjUjJMWWg4QlpXV0h6ajFHVjJub3R3b01iZUxrejZnYVRFcUlqZmhScVJuVkkwdTYwQXR3OUc4a1JSMDdhZzkzcEdSbG5vRHFFcHQtSkFRRVF5eHdUd3I3Tld0d3JPU0Ric0VsZW9oSkdyNWctSlBHR2ZiczdrS0lLQ1RnTkU0azhTdnk3UQ?oc=5
2026-08-06 03:00,Yahoo Finance,finance.yahoo.com,CoreWeave is Off 20% Over 3 Months: A Prominent Tech Analyst Expects 65% Gains This Cycle,https://news.google.com/rss/articles/CBMikAFBVV95cUxQNnR3RmxNRHpfZUg3VTlnNkVSeFZ2MWt3cnE3T0FEOGktZ3pQbnY5RG9aRVRxOF9Vby1aMDRXT24wWDhfQWxSaFV2aDBNUmllUjdyOEFLVzh5dFF6V1F3RWxTVjMySkFtQlNZbHdEUjd3RERJR0FSRE15XzEtc3daelF0dWF0Ql85T2x1N2tCYjI?oc=5
2026-08-06 03:00,Yahoo Finance,finance.yahoo.com,Coreweave at $92: The Compelling Bull Case On Offer Right Now,https://news.google.com/rss/articles/CBMinwFBVV95cUxOclNCNlctT3dwM1FQUVBzMmRvZEdJYlJuOWNtMFpJRDJfM2JxZ1VVd1NRb05BalVLd0cwYlBwcEw5Z3Bkb0pTdmItNm42cFdpNUJtQVpnSjJFdl9Rbm90d1FKemRibktGZDJiUS1OR2FnZk0zWjd3TTI2WWtYN0NsN1VZZFJxUXo1SC05aHpRbkgzcmw2YkF5bnkwNkViejg?oc=5
2026-08-06 03:00,Yahoo Finance,finance.yahoo.com,IMC Selects CoreWeave As Firm Deepens Research Investment,https://news.google.com/rss/articles/CBMinwFBVV95cUxQOHJONGJFQlRSblVOcVZ5QlQtanJKZDZ5NXl1SE45a0ROaXVieVVjRElCckhIWGJnVS1aY2RrWm43UE8yWkkxMWduTzJaUFB1dUU4X3hNOGt5aEhxTjVNRTdmXzlpMk5LM05JTmhFNkQ3WUNzYU4tMmRtdko0NzdVZ2pIZlBhMTFnbUNXMWFkdTVDNExDMXZjQW9rU1o4T1k?oc=5
2026-08-06 03:00,Yahoo Finance,finance.yahoo.com,Is Backblaze (BLZE) Expensive As Q2 Earnings And The CoreWeave Deal Lift Interest?,https://news.google.com/rss/articles/CBMiowFBVV95cUxPbFBEZzVRWWVUVl81RElPaGxMN3dNeWkwY0ZxZEtVSHIxTEhDQjd4TGJhYXZRbXZKU0EzSDlvRW1jNjFqOEVMZ2pzVEFJZ2tLbUl2QU42Z1Vad0RhbmdlNFZZNW53R2JUMGI1aS0zd1ZOOVhwWjI0V21TV3FHNUtCRzNGa2JNOVd1RElNMjh5VW9ud3k0dU5YUUVmcW8wcHdTcFFJ?oc=5
2026-08-07 03:00,Investing.com,investing.com,Should CoreWeave shareholders fret over CEO’s insider selling spree?,https://news.google.com/rss/articles/CBMixwFBVV95cUxNY3pHS0ZtOG5WcExtdkg2YU1yb3p3X3I4TGVMLTZ0S3RzTjIxUzMxWFdyYlc4dHp5WkZmV2xJM2JtWnRFRWtKbU14NEcxT3FvOGN3YkhQQVZHaE11ZHBVVXZ0UGtVTHdqUTZmMnV3bEZoTEFnNnp2ajNlb0x3QThKeGNJZnMxUmRTWkdaSHBUTkctWEpVV3FnY2pVamNDaVBWWE5FY3ZDMjNVcmlPUFVQcEFVa1diM2NzOFd5ejJGWGhNQ0c2T0Jn?oc=5
2026-08-07 03:00,The Motley Fool,fool.com,CoreWeave's CEO Sells Company Stock Worth $28.2 Million. Here's What That Means for Investors.,https://news.google.com/rss/articles/CBMi3AFBVV95cUxQTGkzYVoza3hTMS1GbmxXcGc4RFEzblBkbE9hcUNMMDAyaXh1cDBlSXE5dUF4bVpKZnZjYXhnUnVjVGNPTVU1SXJUQTNwRGZYTFl3dnRsWXhINENkeFQzVmlhY21aMlZkU0NXODg3UWI4bmIwZUQ2QnBlNWUzZmJHYjRuTVhaWTY1V3ZpekFidTN5WW5TdkdrbHp2RkhZbG9Xby13MHc1bmtMR1BqajdZWkJHLXd5bzZrTEFfSUdlQkZsTTdVLTVhMWlKYWFsSm80YWZfNTBGYUt1dzlD?oc=5
2026-08-07 03:00,The Motley Fool,fool.com,Should You Buy CoreWeave Before or After Earnings? The Best Move Might Be Neither.,https://news.google.com/rss/articles/CBMilwFBVV95cUxNX3NYYkxFYUthVEtUYkEwdzdqTlJEaEtpbU5neE1ONlZtdHFBRFk0UmplTjROT01UMDBUbTlLTVpYcDF3RXBwZmFvWHFJTHJTODFHQk1URHM1cXlld0Vwd2ZlMUIwVGl2U08xS2d6alVZSE1WMTNZUERkUmFqYWF2azBna001Q083WmUydXI0akVsQjQtUHdn?oc=5
2026-08-07 03:00,Yahoo Finance,finance.yahoo.com,CoreWeave Faces a 15.5% Earnings Swing as AI Spending Gets Tested,https://news.google.com/rss/articles/CBMimgFBVV95cUxNWGVJN1dheVc5ZGlwUDVXQlVhRFdTa05BekRXUTZTX0EwanEwYm1zWXNzaE1Pb0ltUGlBak53QUVNTWpta1lNTnZRRWZYeHNFSUpKR1ZrR0E1cVdmcUM1YzlmTUZmb3hFNENZYXVGeWprMUxPUTNLb21kTllEby02WkpDTHRKdzZRTWdtaG55UTlHOUoxV0pBV1lB?oc=5
2026-08-08 03:00,Benzinga,benzinga.com,CoreWeave Stock Stuck in a Bear Market as Short Interest Rises Ahead of Earnings,https://news.google.com/rss/articles/CBMi0wFBVV95cUxOVWo1d0FPMGZfX3BvMldYVjZEdVlGUjg2b2lGVDA5Qk90OXdGV0xvLU8xRUVtZWhUZ2dWWlJHMS1xLVRFSUxuaVJGQlJRUW1nV0VJaTQwbjh4czEwWVJJM3hUMjNSdmUtYUhxc0dka3JWVkJidXY3N1VRX3E0NlBmN1JCamk3OGswQkNKQmtsUnk0SUtpZnVMVmdhakd5TnQyLS1mc051UDhRal94MGM4eWhCYm1pTlhhTU1vRUJYVGNGeTV4UWUzRzYxQmxaVFgtUlpn?oc=5
2026-08-08 03:00,Yahoo Finance,finance.yahoo.com,CoreWeave (CRWV) Wins Bigger AI Trading Capacity Deal As Finance Demand Deepens,https://news.google.com/rss/articles/CBMimAFBVV95cUxPc2J4Q0g3MnRYVnZLeXRaejA1N2FudTZxcEVEWlVTMTBaOEVRUE5VVWQwMk5uSGgwaVRsaWM0U2xKd0pvcVNnRlN1MHhJX2lCQVR1UGhLSUFLcGJhQXFRZFlVdHE5R29oZklCZUdYaUN4Y0YwLWpXR0dLV0JEbWJPTGkyVEd3ajVES0RUZ05iSWgwQlhOblZfQw?oc=5
2026-08-10 03:00,Benzinga,benzinga.com,"CoreWeave Q2 Preview: Investors May Be 'Better Off Sitting This One Out,’ Expert Says",https://news.google.com/rss/articles/CBMi3AFBVV95cUxQQzJfeUNYejl0cVpsVlhPUy1GU0F5dFN1N3JHRTRNTXo4V2lvdHlMSU9uS0ZNRFBJTFdRbk5uQ1VkaVVwOUIyODRobkh2d2JXZWpDTWRSZGdzTHRBd0ZzSjdPaHFYSFNRUk5YUXpTbEdCN01CRmQ1V2VSbHhIdXJ6dDFqQzU4RGxPRF91MnNXbmNlbVBRUkwwbjM1bjZMZHNMOHkzMUNqR3dKdnN4QnFKTnBOb1dMMkNVNEVwalNmczFmWmJMY3BqdDdOZmRLVkQ1VFpOYzZMQWF2aWM3?oc=5
2026-08-10 03:00,Benzinga,benzinga.com,CoreWeave Stock Trades Below Its 200-Day Average Just Ahead of Q2 Earnings,https://news.google.com/rss/articles/CBMi0AFBVV95cUxOdTFwQV9DUjNXYUhYRk1GRzVXMjE5SVFIV2N0M1BySGNyYy1yUS1DcENWQnZTVTNQUjZ4WjlzOW1VZ3dVQ19oQ1c3bnp2WXU4VzBhME5uVkltWWZlS2pndFo1VTRSZmNHcjdCd2pKazAyVHhjQVBrT3lQMVBpZU1vTVBrOHJidXpSTXloNEYyVXRSOVluWlh5LXJndHZVcjNXanVBd0dLbU96SmJJdldQLW9tcGxYTVhOcjNlUTh3MHY2QWZuX3FMNzZfWEEwTTZx?oc=5
2026-08-10 03:00,Business Wire,businesswire.com,"CoreWeave Closes $2.6 Billion Loan Facility, Expanding Financing Flexibility for AI Infrastructure",https://news.google.com/rss/articles/CBMi7AFBVV95cUxOSWc2Q0tMblE4amFjbUVMOTZYZlBwUXZYTlVRamE2NUZBdFFYTTVTV0U0RnRBVFBWMzZMSUJLNFdrYmh4c1haVWk2cm5XRGhWYWdfamtfRjJmUllJdExfcVR4NFpPeDBOblY1eW1LZjJVa3R5VUFRcmQ5bGpDZENYeThNTGxIQnNodk1jX1RLaDJSdE9pRnFnWmpuRHhtSldZOUlXZFVkZXRmZ3VZSHJnVmxKckxiLU9YUDRKc2lnOWRFZmNCYzlWbVJBcDhXcV95T3l4LXFlMlVsVHNlYzg0WUhuR2YwaE5sN3hweg?oc=5
2026-08-10 03:00,Investing.com,investing.com,CoreWeave earnings preview: CRWV stock setup into Q2 results,https://news.google.com/rss/articles/CBMivgFBVV95cUxNNnZwS2EzbmQ0U0xfZTdZRWt5NDRORFQzM0VJTVJtXzFlREw1d1ZTUzBZUTU4cFZoQXZjZTU4eXhYSlpOWTVTaF9UMWRmN21QQ2VaRDNjTF9SWllLdzl6WjNTTG1pekFrWklsNi1YM3BxcWFNUVdvT2p2NllCUXZNNlR2QWsxUy1kd0p5TU5XeFFyZTA3OHk1TzVoMVI2aXdiQnRXSmtJeVNzVjB6bkhlOUZlaUhlYm8xai1jbEJR?oc=5
2026-08-10 03:00,Seeking Alpha,seekingalpha.com,"CoreWeave Q2 Earnings: AI demand meets rising debt, margin pressure (CRWV:NASDAQ)",https://news.google.com/rss/articles/CBMifEFVX3lxTE1STTlHVm9TNlR4eHl5em50aklEakNYcFpzc2NILVNwZlNsRkloeTV5el9aWFNrbnd2bWVKUnI0aEJqTjdibG9ZLUFoZXlqOVV6U0JYbHdPcU5FOHhjYU9odno1TWU3QmpvaU96M0ZyMVQwSEk3OUl0TFBVSEI?oc=5
2026-08-10 03:00,Yahoo Finance,finance.yahoo.com,"CRWV Stock Ahead of Q2 Earnings: Buy, Sell, or Wait for the Results?",https://news.google.com/rss/articles/CBMimAFBVV95cUxQSXFFYUk4RkVVTDhiU3RoS1ZXYi1Pa3FRYVJFS0xMMzRYMWh0YkNnSVB6b0ZKSWVUZE9qMUs4TkRsNnR1aGN0Uy1ZQkxsaGNQUnQ2QUtpb29wVVpWNmthMHZRUDhRSXlBN3ZXOEtlZExjRU9DM0Nqb1B2V19lZDVQMXdDNWIzSmtTWVpZS2N3RlVRUUM1eG1CeQ?oc=5
2026-08-10 03:00,Yahoo Finance,finance.yahoo.com,CoreWeave's AI Boom Faces a Debt Test,https://news.google.com/rss/articles/CBMimAFBVV95cUxOY3hzMUZhM2IxRFBpQzFick1meFJkSF9BZHIwbGI1cWVsVjUxaE9jMUVIUE93VVk3VHlvTmdIQnZfd0JuQXJkd0VmcTNxNjk5WV9zdFZLWENaYmJ4YjM4TG5SN2pTWHhPWDlfaHA3S1J1d19HRXdBYVV6empqUVFjRTdkSEhENmVwYk5BdlE4a0tjNmlHMEdWVA?oc=5
2026-08-10 03:00,Yahoo Finance,finance.yahoo.com,Jim Cramer Picks CoreWeave (CRWV) as the Better Buy Over IREN,https://news.google.com/rss/articles/CBMinAFBVV95cUxQN19lb1RXR0o4VnYzWWZwd1B4S29QaXRzNXJWd01YdUJtNFRzdy1qSUxlTldwX29vekw2ZWhIdHB4cks4UGZGc1pQUWpYRC04V0VaWi13bFpyeG0zTmxHYVU2b0h1MF94MnNkSnc1SExOU3Vib2ctOXk0VFZsWFpCOUFvWkpfdk9fWHhQN3pBem9XeldORkFVOUIxUEg?oc=5
2026-08-11 03:00,Benzinga,benzinga.com,QUICK SPARK: CoreWeave Stock Averages 17% Drop After Earnings,https://news.google.com/rss/articles/CBMivAFBVV95cUxQMER6dGRGWlU5YW1fU1pnMlplMUVYX3ZscDdsZFRqYTVkMkVXclBPdldxSUN1dmZlRVRxaWdPRVZnMldCT0VVZG9fZDAtYjJBUzdlYTktVExJSG5tUFUxQ2REM1hMbUNUV1Z0bEhDb2lMaGR4NFNFQU5QX3Y5RW1zRTRBRGs1VjRpQ24tYnVsVHlKQU9JNC1wOUhWRXN4eWppeFVhM0dzVVd4QTFHLVFqaFBFYzBGRFlRYXUwcQ?oc=5
2026-08-11 03:00,Bloomberg,bloomberg.com,CoreWeave Shares Soar After Booming AI Demand Boosts Outlook,https://news.google.com/rss/articles/CBMirwFBVV95cUxQa2R6SEdTZzE5dVJKRGZUWmJrZjFSWTVJTE9qc29iSkdLWnVZY0FkUXR1MVRHTXYzVEpwbXNHcUdCLVRIVU5nRFdJTWFramFOVDdJY0dOcUF2aGhfRm56VlRKbk5hcXBUTFlpT19zeHZSaU9SOTZHZ25MWDhyandTai1rMktIMzNVSDZmUWhlVzVkOHNTNHlPMUhTZWVLYjBzdkliT1d1aDRCYlB6ck9J?oc=5
2026-08-11 03:00,CNBC,cnbc.com,CoreWeave beats revenue expectations,https://news.google.com/rss/articles/CBMihgFBVV95cUxNRTZSMVcyU1JlQTdVLVRkbEVnTXpuUzJPWEs3TVZJcng4NmdhcFhkbEtjcHFjRlFGbXd4WHNob2c1aU5TR2xjdnpfYmZKdVZ1MTVmVk1nYzZwWk8wWFhTRkg4YWN0N1p6NVIxQ3JtVGx0cm1RYWlFRFlCYTR1TXZEc0pnSHFnZw?oc=5
2026-08-11 03:00,CNBC,cnbc.com,CoreWeave stock pops 14% as revenue doubles on accelerating AI infrastructure demand,https://news.google.com/rss/articles/CBMigAFBVV95cUxPclpXaXMyMThmdzRpVzZvNlpmNEVBLUMtOGlDTXEtdGxxTnJHQkttQl9RanRkOXZBS1VqTnNOS2ktTTdGZXI1YzliTDFQYU5rekpWaUtEUmpCMG5PcFc3RFE4Z0JLaHhHeUZPbWIySVZiZUJHc0pkRXc0ekpsME9HddIBhgFBVV95cUxQZ3p0QWgxUlZWaFVJM21SenVENE1QT0NWSUhKZVM0Zzd5QVhnblI5SWVqUHZwM0JWYnRId2FfSk9kUVpHbWlhYkIzczQ3RFNhdGZGMHFFZXVqaE5HVWdTNUZic2ZROW1HYlZIdk13YXBaalRwUXlzTmcyMEdxZnpJRGNzd2xmdw?oc=5
2026-08-11 03:00,Fortune,fortune.com,CoreWeave CEO Michael Intrator cites ‘sold out’ capacity and surging backlog for AI infrastructure,https://news.google.com/rss/articles/CBMi4wFBVV95cUxQUXVoVkNINnQtRm9yMXVnZ2JRR05WcDc1TXBlcjhyLWMyT1czTXZpVTVLRHRzWHFaVXZQQW80R05ONHhPQWdWcVdJOVNTeFpRbVlQdXY5WnJkQ2JnWE94eG5XYllYUmU2d2djSmZYX0piaUVkZjBZcWFLeUdlOWdkdmp5SW04dFVVSTczekFWR0M5UlY0cjdOaUNhWTJ1TGZSc2E2QWJleG5RUEZkRXU3cUoyQVl5SHA3dlIyMzNaWkFJb2tORk9WWVV4RjQ1U0t6UXRtNG9HNlFIczJscklfVnhoNA?oc=5
2026-08-11 03:00,Investing.com,investing.com,CoreWeave shares rally on smaller Q2 loss as AI infrastructure demand surges,https://news.google.com/rss/articles/CBMiugFBVV95cUxQVzFNUkItbDI4VDF4VTc2SW96NmtQZ2ZjeVVSN1g3dEtEY1c3a1hoTVBaN2o5YVVMSkU3TU1GQ2dvemJhbE1lWHA1WUd4V3lYRmlWZjhSUzFhUVdjaUJXMy1sNFRva3lKQnFwemkxeUdyeXIzd1BtMzB3bm1taHlUb0E4SENFQzZYajQ3ZlFVbzZZQnZ1U0NXMzZHcTh6Z2puZW5LcW1UcXZfdXdBb25wTnFLdXBZWGlpc1E?oc=5
2026-08-11 03:00,MarketWatch,marketwatch.com,CoreWeave’s stock soars as earnings show major AI momentum,https://news.google.com/rss/articles/CBMiogFBVV95cUxNRHpHdkZodDVmbllqTG5JVTlRM0UyTDM4SU42alVyazRrNHNCVDRISVQwRUxVaEFuS1dDTENwWV9BSEVOWjR2d2wzc2JicmNxM1NTaERFMmozbkZqcmpuaTZUSGRENGNEd0tNQUk5c1lfSnlHY1dDOUVvU0J5NGxiME1UcWRPWW9iU3lmLTlBOEV6OGpwYXNGbGF5eUlndU81WGc?oc=5
2026-08-11 03:00,Reuters,reuters.com,"CoreWeave boosts 2026 spending plan, beats quarterly estimates on AI demand surge",https://news.google.com/rss/articles/CBMimwFBVV95cUxQQVJvWFV5SDAtNEhEZmZINXZ6TGs5ZXd3bkh1NEJCNi03OWFMYzJtY2psZWowOEtsMHNHazdOMUdybnc3S01vUjdVX1duN3E2bUxvZXFPZDNVR29Obm9jR1JIU2xWR1ZhWGh5WnI5ZWxabVA5dXphWk1OTVc2UEV1UjZpMmpZWHg5dVpEaVFkUjd6dV9HaUxTQldpMA?oc=5
2026-08-11 03:00,WSJ,wsj.com,CoreWeave Shares Jump as Revenue Doubles From Year Earlier,https://news.google.com/rss/articles/CBMif0FVX3lxTE04SGRISzdlWlUwMF9UYWc0VURaWkczN085SnlRN2xLczlrZUdqVVktXzlNaWFiY0dmNms4V2dpakZHRy1lQU1DOVpkVFdTaHU2dWRfbEdTYWx3NkFmNTlHLW9mdkZWaGFpUDNCeEVJMGFCM2wzUl9kYlhxaUxJZnM?oc=5
2026-08-11 03:00,Yahoo Finance,finance.yahoo.com,CoreWeave Earnings Prediction Market Preview: What Will the AI Cloud Company Say About Nvidia and Anthropic?,https://news.google.com/rss/articles/CBMirgFBVV95cUxPeVI0Uk9DeG1xTWFtTEZlOV9ITXQ1anVtRFN3SS1ldVVZbGlvc3IweEJkM2oxbkVqVHFFM0NiaUhpaGpfR2FHQlZsU211UDhiNlBlQmYxSlhvVGg1d1FJamh1YzJUUlc0X1R2ZUJlUjdUQ3A0b0xWZWdtQzg5T3JYV2xZSVQzTVRfZUVUSzFwcmZQNlhyNGRCOHBFM0loZnpLc0FxejNSLUNIRjdkcHc?oc=5
2026-08-11 03:00,Yahoo Finance,finance.yahoo.com,CoreWeave Inc (CRWV) (Q2 2026) Earnings Call Highlights: Record Revenue and $104 Billion ...,https://news.google.com/rss/articles/CBMilgFBVV95cUxOb09teGNyWVdpUkZBdkE3c3FCSzdWMjNYOEkxV0JjbXNpcFhBYmxiV2o1endGaTAyUy1TUXJrR0dIN3ZHTkJxeW9tOS14MGNJQkNyU0thV0lwNm1wc3ZLSDlyZHhUQlZfa0VhWXFST1N0NzQwOXRwTk1mOTA0MFFCUWJMQlE5LThJbmtJazN1aWFFSkN1c3c?oc=5
2026-08-11 03:00,Yahoo Finance,finance.yahoo.com,"CoreWeave Q2 Loss Widens, Revenue Rises",https://news.google.com/rss/articles/CBMingFBVV95cUxQbDkxUlY5TERNOGhYaEx6Sm1ram1ybFhLeW1vNkZGbFdnV2FhT2RKQy1JUGlRM3RHMkJLYW55dmVNU1NHaURucnE1dlRvMmtaQVY1ckI4MFRKYURLWXFmdHJmLXZIVWpDcW50N3lwZkZLWmZTYUFGY1lXc0h1LU5KZl9fLXVnSjBuVUVxSEw1c1laV08wTW1lUkdPZFhCQQ?oc=5
2026-08-11 03:00,Yahoo Finance,finance.yahoo.com,CoreWeave Reports Strong Second Quarter 2026 Results,https://news.google.com/rss/articles/CBMipgFBVV95cUxNU3VHQmZTLS1ySndpdHJkVTBDU2RNdUIyYW9nYnhwZDk3bTZ2djFxSGJnRkhLTXM2cG9vSHRSMW9uWkxKeVVyaGJXOTZoZ3A2TDZEQjBOSUJ6Q0s4MENFUjNQMVhLTVRvUVozRXBIeThJSlpKSGZjVTBoNG9VeDh0V1FiYnJxam4xNTl5d1lGOEppbmY0ZGpfWkl6aWU2dDVEQnVkQ093?oc=5
2026-08-11 03:00,Yahoo Finance,finance.yahoo.com,"CoreWeave, eToro earnings and key economic data: What to watch Tuesday",https://news.google.com/rss/articles/CBMijAFBVV95cUxNemZtYjE3S3NULXN2amR1eFptWUtTemFic1ZxbUY4Wk5hekZoMnpoYWxJd2ZNcVd6Ml9hemRFOGZmY2R3MThodC1KXzVtR1dPajN4NGhydHpKZ1hTRnlmYVNhOFVYcllVcklEeURsVjRkbnFRZlJSWHRyMmFFSC02TEd3ckJZNHliOTcyWg?oc=5
2026-08-11 03:00,Yahoo Finance,finance.yahoo.com,Why this week's CoreWeave earnings are so important for markets,https://news.google.com/rss/articles/CBMijgFBVV95cUxNRmpwNjlnMmdQNS1FMWk3UzNzY2U4WDBvemJFcHhzYjRhOUNsdnBGQ05vNG9fY3RpT1B0OVJ0ZGxaZWpoVDd1NHQxVUxsT1FodXNISHBFZlVsUTdpazJVYmVOdGJ5Y0M4d0lySUFIMUdFVE52U2Vyc2o3V2JTcFBKVUZJSVd5cDIxQWdmNGJ3?oc=5
2026-08-12 03:00,Benzinga,benzinga.com,Why CoreWeave Shares Are Trading Higher By Over 17%; Here Are 20 Stocks Moving Premarket,https://news.google.com/rss/articles/CBMiywFBVV95cUxPUjVQdmZLbzhaLUpjNzltSzlxN0JWdUhWX3BOTW9yTlZJQ252NHp3NjZOV0JDU0x0ZXJKYV9yLUF5WnV0NzFhNXdaRVM0VHZhVm1mZ2RWN1pPM01FRW5nSEpaQ2RiWnlHLW1QRVlPcUQzUEFHcnFRcWE2UFhKWU1Kd29adHdLNjlFbDVXSng0MDk2U1pyU2g5Y19HVkpwaWJXU2hsSTF0RzB0Y3ppQ1FEaGhMZGJFQ0MwZTZZcUc3Yk5IakRoemxsaHZCNA?oc=5
2026-08-12 03:00,Benzinga,benzinga.com,Why Is CoreWeave Stock Soaring Wednesday? - CoreWeave (NASDAQ:CRWV),https://news.google.com/rss/articles/CBMitwFBVV95cUxPaTNKbUJEblFENGE1REIxd1pRVlZ3UF9IdUhPaEdaelFOa0VEOHkxZlhiQk1uQVEzMzJseEw2cno4SzYteU4xMzZ4SDJubW5SaHhkUFphMGF3cnZKZndERFpaT19YaDlFQWxKWTc1dWQ2MFNzRk9PV0pVYlNYaHpzMDd2MW1vZFQwQm5DMFQ4TjZvRHZtU2pVR0hpdG03NWVVMnNaT1RSZTdadDZqV1gybjduWjVlbUU?oc=5
2026-08-12 03:00,Bloomberg,bloomberg.com,"US Premarket Movers for August 12, 2026",https://news.google.com/rss/articles/CBMisAFBVV95cUxQdHVZX24tbkI0X2x1RXplQnAtNVEyemlxa0RFSnhfM0JrWHNYcFI1eGxzQWdrdXM0ZUxnZEJYSGpsRndVcmoxa1RWVTJNTVNNeGJGZEZ0QkpsbjF6RHNKT3ZwaWN0TEswaXlwdmlDRm4yTXJTcENLcHhBUUw1RjJDc3kwV2xFZkNkbnNqOE5FbElPb1kxMlU2RWIwa1oxUkNTMlUzUkxUM05NRmhiNFVVcQ?oc=5
2026-08-12 03:00,Business Insider,businessinsider.com,A fresh batch of earnings show the market's AI trade is still going strong,https://news.google.com/rss/articles/CBMimAFBVV95cUxPME14T1JnME90OFdiZTVudkZiMG5laHgtMVlJanZjZlU4bHIwaHdjRG40RWRBRFpvdXlORHd6bXR1VUNCT2FwWjNuWUNXYVY5WHd2a3VSbFhYWlJfaU80ejhxX19saUg3TDZPU0pmRjg3cFB3SVNHUGNmbE1kZnFUdHNDTkNnazNhdkh3a2ZWYnFyMHRIeGRqbA?oc=5
2026-08-12 03:00,CNBC,cnbc.com,CoreWeave CEO: Older generations of GPUs will have a longer useful life than anticipated,https://news.google.com/rss/articles/CBMiigFBVV95cUxPY3ZOSy1namQ1UlFIVUVEVnVBb0EtN21nNkQ1Ql9mVDNjeUtPWGEwaXNjQjVZSnNib2ZlN0xocUFSbHBma2tfRG96YXhnMEpiNTdtaXY1UlBreU5XYnBlemlVTlR5aUZmU1NFNUZiM2dFUE1rVEkyS2xWSTYxNEVQZGhMaWpoUWVvUHc?oc=5
2026-08-12 03:00,CNBC,cnbc.com,CoreWeave counters a key bear case on the AI trade. What it means for our data center stocks,https://news.google.com/rss/articles/CBMixwFBVV95cUxPaldQSmF3QWRhaWFNSnJqZGtCZXZValFaSGxxcDRvWHFYZ2dCeGdPM2swNWlDVFF1MHl0c2wzMkJJaXp5RVBkNTRtYkhGOTZjaVBueVpSaU9CTGlCai1Dd2x1eUlrVTI2TGFYWVBmU01odVdjUjVQNGVFX0J1MFJHYzNXdGQ1b3hlSkhibHNDU3JINFBueXdhNnh2LUlXbXJINW1kQVRIRWRUcTBtSUpueERQVVpKdVA4UHY2cEpZNFNfbnpXRUhN?oc=5
2026-08-12 03:00,CNBC,cnbc.com,"CoreWeave gains 19%, Nebius surges 34% in post-earnings neocloud rally",https://news.google.com/rss/articles/CBMid0FVX3lxTE9SYmhnTVVJV0pFY3VHU2l3dEtSSHdLZUJ0OXUzcVhzZWpib1VxTTlQQjJ4am0tUGRrOU4tdHFLeVlXNlBzbDVSd3JCWFptNmtnQ0FSYkdvTGV5TXNPODZCOEtVTW1YUjJnQ3owZldLRHlNUHdyVmRn0gF8QVVfeXFMTUdIUFhZeGpaQ3BHNUM1Ykszbk8xakpabFlWdDZHNnIyUzFadW42RU9RclRCdTRpNHRodF9HUUhsUjNsdlFyNWdzMkV4Y1IyZWMzWUVVdUc2Y2RYVGx5RElvSmlxaXY5ZXZFd0xtNnUwdk5kQXVaRDlNMURSVA?oc=5
2026-08-12 03:00,CNBC,cnbc.com,"CoreWeave, Super Micro surge on Q2 result",https://news.google.com/rss/articles/CBMiiwFBVV95cUxPTThZVno0eU4zdVJrbXBQRFZyOFFtVDlMOU9CdU1xZktXdFhXdWtwc1VjbHdmN1BhdF95M3Z0NzdLc1lldFN4U0Jnb1Eza3pndFZTc0diZ1dfX1kwUWZOUjdPUEVVZTJESGdxNlBvWVFwb205VTF2ekhaYllDVm9QdVJ4SkI1VFlGeWZV?oc=5
2026-08-12 03:00,Forbes,forbes.com,CoreWeave Stock Up 18% — Inside The Risky Growth Machine,https://news.google.com/rss/articles/CBMiqAFBVV95cUxOd0JudHN4TkNQaENlN1dpOFVjaFZ4amVCNVpkZHoyMzRQRUpZS2xDSHEwZy03bDk1bC1MTVVadmNRTmpQQm1GWV9HbzVqN0JzbVh6ZUNvVG1KNFctTEMwMUxpZnNxdjdnRmdGRkJsOHRiZ3FLMzZQQWZGV2t6cFhrLTFiX2F6ZExzMXlNZGlQZVNQVmJjUU9iOS1ienhDYVRCTmNCNVhxVmw?oc=5
2026-08-12 03:00,Investing.com,investing.com,CoreWeave short interest at 15.77% as earnings beat fuels pre-market surge,https://news.google.com/rss/articles/CBMizgFBVV95cUxOd3JaZjg5VnItMnFPZ2RGY091OWhmV0lyZEladVE5ZEpKSzdtaDY2Ujc4MlpPeTItQloyN0FNVHpibnZZYVNJQ1ZtY09zVXhHUkFOeFdaQ0k0UjlqV0Z4MXJtX252am8yY3MxYnlzbTZNU2xuS2QwT0EwX3A3a182YXBmcXRXcWFRS1J3Tks3SFJMSS1sVUhiLUxRbDQxbm5IY0tHeE11NGpUdVF0SFZjdmNEUnBHRVcxTFQ5czdLX3B4V2xGbDB2eXkxcnpvdw?oc=5
2026-08-12 03:00,Investing.com,investing.com,Piper Sandler raises CoreWeave stock price target on AI demand,https://news.google.com/rss/articles/CBMivwFBVV95cUxNaHVJWjc2MTJEQ3ExNEg5ZE9aaFlNQ2tHUDgyLXhtdDhDaVpRbnAxZXZhb3NIenJ2RHhHb0g1TGFDbUhKcF9PVC1uMzB2dndRbDhXdi1nRVJ2WXJidGVZNS1TUTI1Rnp4ZW1sUlVaUUdxT3dEYlhCS3QzaU91ejVGbzJuYmNyUjd1TVZtaUNqRV9qeFM1QzB6R1pDMkhEZy01b0xPM1hSOWNjVXhEV1pZY3hCb1lwTWNhSFdYM2pvOA?oc=5
2026-08-12 03:00,Investing.com,investing.com,"Rosenblatt reiterates Buy on CoreWeave stock, cites margin beat",https://news.google.com/rss/articles/CBMivwFBVV95cUxNQy00NmJyZUt1NXA4bUNyZDNtSTdKelVkMXVBTFJtd3Z2UUhoalYzbmFsOFpaMmV5MDRyX2taRUNpRTNDN0tVVkROdWI1WnpVN3lCcUk4dWpwUWIzN2R6RXdZbE5ldHlPaW9SUUdrY2J4d3VzdjRmMFRJazJsQTdlZG5XSWg1akZZR0lpbl9OcEJfQlJZLW1ydGlKWU1PQzk2c3Vfa2pMdzhCQUdDdDJPQmdXaFZSQWlva1NielNndw?oc=5
2026-08-12 03:00,Investing.com,investing.com,U.S. CPI looms large; CoreWeave’s AI-driven revenue surge - what’s moving markets,https://news.google.com/rss/articles/CBMixAFBVV95cUxNQkJYcDNqN3FVWHU2N2dfQjZlR01veTlfeTFjNWhGcnNUSlVxQmdYS0pBbGMtWE1JMTdKZHdud0VOMEViNWhqS3hIeWFoZlhuNVItaFd4dXBuRUhLRFhaWlhkYUVMSzlsTjNQdkloQ2NLZmNkRk9DY0FQdEkxUlBSWWZoQzRfVS00S2JJQVA5c2lneXF0UU1idEkySXM2b3NpLWlJaDZCQWtVOUxtWndYbFZZNTU5cV94d0RxdWh2YktQYkFR?oc=5
2026-08-12 03:00,Investor's Business Daily,investors.com,CoreWeave Earnings Beat Amid Operating Margin Upside. AI Stock Jumps.,https://news.google.com/rss/articles/CBMikwFBVV95cUxQTkNJYVBhQ2RzYmstRkFMdVBZRl9JNzJ5aTNtdms2Tl9kSlBOQmVrbDNaQ1RxNElQVzNIemNlYjlyLVVuNms4NkJhNDc3N3c4RXBJZjdOa1B1UlBkVTFsMzJKdFhJRG9PQXlvdjVud21GV2hTZ1N6VlpGejE3aFlSdDJ4TFNlb0dQSnVFQ1BscUlFSUU?oc=5
2026-08-12 03:00,MarketWatch,marketwatch.com,"CoreWeave’s stock is rocketing after earnings, leading to praise from bulls and bears alike",https://news.google.com/rss/articles/CBMiyAFBVV95cUxOVFdMbE1kbm5IX1A1eDE0Qko4Z3AzUUhvM1lJcTFYaGRBZlZaRXVqX1YxSm9LZk5QaThZOXoyeFV5bG1qM0JNN2Z4TWdaWjduZXdLVXhTMUNzeDcxUExwRTRCNDVYTFpVVl9TWm5xRkpCNS1KVzl6RzhnTFVjdmZCU1I0aFMzUFFoX2dEWFRPNGNocnpuZDVvdnJpRFdoWTdKdllWYWZxNWRTeXY5Nl96RDRMdlViRGtoRzZxbi00MGFyWWljd2pBXw?oc=5
2026-08-12 03:00,Morningstar,morningstar.com,CoreWeave Earnings: Diversified Customer Base and Software Traction Strengthen Fundamentals,https://news.google.com/rss/articles/CBMivgFBVV95cUxPZEhoc3VoYnJLU3dSYXRDcDNzRDNTY3Q3akxHeUFaeHE5RGlvNGZJSnBiR0d1V2lpTHJwcFR1R0tZM2xvZDQ5U3BHX0JHbHNpcmZ2WWZTSnREYm55ZkZLYXpNVWIwVUYyQ043VlB3dWluZ0pCUHpBdmo4M0swWlNhdXA4UFBvRnNQeHk5VXhNNTBsaWNqbUdXalQ1b1FRcjZWV2xDUndpX1RyemlORjRzWkNCeVA2NGljZ1AzcEJB?oc=5
2026-08-12 03:00,Reuters,reuters.com,S&P 500 ends higher as CoreWeave results fuel AI optimism,https://news.google.com/rss/articles/CBMiowFBVV95cUxPYklxZWxQWEI4bU5nVHpWUVJkQWo4YmQ5ZWpfTXNWWHBjNlE0d09NNEdtbWMtQldtbndIMzNBU1Z3TldjNEF5YUoxMHJSdHlXak50XzBMYlh4dHh2OWxVckViSjVxYUFCVlBvcnQ4Vk9vLVF0MWhGR3BidXQzOGItYUVjbnNYSk1pdS1XeTZqUGtaVTZzcDRkR1N1V0xkN0o5STBZ?oc=5
2026-08-12 03:00,The Motley Fool,fool.com,CoreWeave Has $104 Billion of Contracted Revenue and a $59 Billion Market Value,https://news.google.com/rss/articles/CBMimAFBVV95cUxQRzlZb1U1N1BmRF9GLTItRGFxdnlzZEhQenJ3dUZ3bWtRLVZvaHg4N1NsQkRCM2xuS0k2cFN3cGZtSGtNcFI2M1dtelBiY1hMSHV4VlNyUE0tV29XSzNhWDd6OVRGYXBFdDYtOE5pMGtDN2xfcjBDTElTUFpla2dxd0xOTXJxUEhMa2xjMFVxVHFFN1M3REl5ZQ?oc=5
2026-08-12 03:00,The Motley Fool,fool.com,CoreWeave and Nebius Group Deliver Earnings Shocker. Here's What It Signals About the Future of AI.,https://news.google.com/rss/articles/CBMi1wFBVV95cUxORFgtR2hPOHZZNE9IekVybWUxUFZRVHVBNkJ5RTM0UGVsU0lLeVhOTjhkUXowNHZaVWcyZUFqTk4zSEw0eUI4M1Q0cnl6cFF3MTJHcE5OY1Nna2FxeXRkcVZaZzlTNUplWFdiOW40R0pHMUI1SVZ6RUJJN2RKWlZIMXY4V2dYQ3dJakF4dmN5V18yZnFrNkJnVy11MEFOcGtVZWRhV1Ficnh4aWRLaWQ0TDMtZWlMODRZaVF5OXpFLXNPa0JNQlkzNEpDd3MxMlRYc3dxYmxoRQ?oc=5
2026-08-12 03:00,The Motley Fool,fool.com,"CoreWeave's Business Is Booming, but There's Still One Massive Problem",https://news.google.com/rss/articles/CBMimAFBVV95cUxObFp5eWR0RzdoMkRybmpIcFo2Q3lhWFJtdFZvYmcwOGkxVXpsWktDc29zdmUzLXlmdExsZlJSUGZzS1hvUXBOX3c4M0I5SlRRaUxYaHRCN0pQdzRTWXhPanJ1ZFFVZzl0dTltN3Y4RXczNndTbGlLWjQ3ZUk4aEFvaG1qZG9UYVRIeXV1b0tvZEdLWVlWU24taw?oc=5
2026-08-12 03:00,The Motley Fool,fool.com,Why CoreWeave Stock Is Skyrocketing Today,https://news.google.com/rss/articles/CBMijAFBVV95cUxQSGJTMGhzbnQ1MDB3SFFXcVNjaUhJWDJZMlgzTjdTSVJHSkpDSDdBM3RlWDVZVWVDM3haRDU3WjRBZzNibnVhTGNGdUlvdmV4QW0wN21LaGptOE5YS3RBWnBaRG1wZGI4TTNrWnNfYU43LUllM1RQdWcybVcwZ2xjUWFLX3h0aDVqSmItTg?oc=5
2026-08-12 03:00,WSJ,wsj.com,CoreWeave Stock Surge Gives the AI Trade a Boost,https://news.google.com/rss/articles/CBMilwFBVV95cUxNRUlGNWY1eU92OU5GMGMtVXJMWFdZazh0Q05qdWd1dzRWM3NMT2s1Ym90bEFSTG8yY0xtVHNvVnpfaHpud0FvdHNHTlExSDJlU1ZuSUFJa0JpeFVMWjJGLTdzbzROcndLc3dmU2dXUEU1TnlmZUlyUGV1b3pSbW92N203Z3VkZU9fRWprYllPWEFzd2xvdFFZ?oc=5
2026-08-12 03:00,Yahoo Finance,finance.yahoo.com,"AI infrastructure stocks surge after strong earnings from CoreWeave, Supermicro",https://news.google.com/rss/articles/CBMi0AFBVV95cUxONFZLVHp0eGgyWkFkU0dIcTcycXE5RWhfM0JMbHY4OWo2eG5ibk5qM19DYmdWVFhXYjk3MTE4NjYwVmFacVdWanlPeTZVbGxJZWNMQ0VXNlRqdV9halNKVmF5N3R6ZFVOUWEtMVM5cTIwdFUyWEhUelFIaTFOemx0cmg3UnFvVVVfQnVlOVFwRlliX251Tm50Zl90RndQOVF4X2lrMkxsZ3ViMkNsUExJaE5aeWNPRGkyLWJhdXdtTlNfR3IxTGt5RmJyMVJrNllP?oc=5
2026-08-12 03:00,Yahoo Finance,finance.yahoo.com,CoreWeave & Super Micro earnings are quieting AI concerns. What does this mean for Nvidia?,https://news.google.com/rss/articles/CBMijwFBVV95cUxPR1AwcEVKWm5tWDBjNWFqNnhxZFFxclo1S01TUGl4REg0M1NXMFpHelMtekJTTG5rVzVZYmk3SUtfWXlVSENnN1F1NGxZWUNhUDBxT3Exdm5JdGxMSUpqTVFNNkVnUjhHS3dMSElIV1ZTYU1xWXVGWXpHdFFzUnBJVGxWazZseTMxYmxTMzhfMA?oc=5
2026-08-12 03:00,Yahoo Finance,finance.yahoo.com,CoreWeave (CRWV) and Super Micro (SMCI) Earnings Show AI Spending Is Still Surging,https://news.google.com/rss/articles/CBMimwFBVV95cUxObVV6MEwxQk50UEdtVzNOdU5ld1gzYTZKRjZOQjJRSnJyYjdteWp6Zk9vSzc0OXQ3aW5RM0JNMXFHQ2EtWjMzX2lYRUFfTVBXekwtR1dXa2M4dkxWVnZ4VUZtVFpDcmkwSnhtb0xfa2s1eEdjZnVabmQyNFNucDg2eTJPZlFVU2VjN1hLYzdrVGFOa19ZUVFweG5iTQ?oc=5
2026-08-12 03:00,Yahoo Finance,finance.yahoo.com,CoreWeave Bulls Just Got What They Wanted. But Its Massive Debt Problem Isn’t Going Away,https://news.google.com/rss/articles/CBMinAFBVV95cUxNMEtDbml5WWVBR1BzbnZRbUhEaFZESWQ5Q1ljNmY5WkJxSzZGaENEYUZCVUJnSFFIZWEzQXNSWmJPcVlNRW9nRDhIblNQLTF3RHBoX3NJaEZJQ1ktZjFBazMzNFphcVRZVFNEVFdNaGpibDVDa2FZSi00ZkItbmIwM0Y1X3A0VWdhdzRpQU9rcW5XTmJVbVVWTS1LdGo?oc=5
2026-08-12 03:00,Yahoo Finance,finance.yahoo.com,"CoreWeave Cashes in on the AI Gold Rush With a 25% Price Hike, and Customers are Still Lining Up: CRWV Stock Rises 19% (UPDATED)",https://news.google.com/rss/articles/CBMimAFBVV95cUxPSjZaZDExUERQLU9mOHQxZHB5Nk93aFRLRTJNRG12bmtoVFdhVWpNZmxhY3RqNUVGLWFkZzc4VC1EaFRiMnk3Y1Zod1puSFhIX09hdWNOQmhwYXo4S19tT1hzZlAyMzh3SjkyUUhsM0ZLeUFRa0x1WlZUbXZPSWtwTUlXc3REdjJ2MWlyNnJfWm1TV3dZN0JyXw?oc=5
2026-08-12 03:00,Yahoo Finance,finance.yahoo.com,"CoreWeave Shares Climb on Revenue Beat, Raised Outlook as Analysts View Capacity Gains",https://news.google.com/rss/articles/CBMinAFBVV95cUxPWjJPQmZZeGVtTlRXZkpuMzZnd3BfSk1UUXltU2hjTm1DSXhhTFJhQXM3Tkc3dDd6QWJPdTlWZmFrSUZLQThWZHduNjhqWVpTdU14LTZzN21RSkdfNFlRcDZfazBnb2I5UWVkZFpsQjEyUFlZSzIxVmpqSlFybzNjRW5TT0RVMDVyZktlTFJteEtHa0NZRllOU2ZsdTM?oc=5
2026-08-12 03:00,Yahoo Finance,finance.yahoo.com,CoreWeave Signals Much Bigger Year Ahead,https://news.google.com/rss/articles/CBMioAFBVV95cUxOdENITEZIb3M0RGhDMXRwQjkzY19SVDNVVmFWVVVKV0JsSTU4RHNhblNpNG5sVlRlcmZyOW1xTnNIUjNLRnJrUTUybVg4TTFncFJYczNQMXpyamRPYmxMVjZMNS12cUtPRFlGaDRVUjlpRkpSQ1Z5T212MmpibWQtWXJRRGpXUXMtVC1Ldi1xc0FNSVZTMFduR2lzSzV3b2NY?oc=5
2026-08-12 03:00,Yahoo Finance,finance.yahoo.com,"CoreWeave Stock Surges Over 18% After Earnings, Analyst Says Old Nvidia GPUs Can 'Still Generate Revenue Nearly a Decade Later' (UPDATED)",https://news.google.com/rss/articles/CBMingFBVV95cUxNNEVHNHhrb1lPcFVpWTR0U1BYeklDZHFuak9pTHhHYlBjNTZiTUI1OFRJSlprVnNpYWliN25QMllCTWs1QkF3QjlVOFZTbDJHRGx4c05BMWxBR1BUZGpnM3ZMV2hjMHdGMVM5UjdPQnNwWkhjRXY4RlRVM0ZDZVJuZ0xEMUhrTmViazVHOFQycVhXbkVMdzFUX3E4OUxrZw?oc=5
2026-08-12 03:00,Yahoo Finance,finance.yahoo.com,CoreWeave Surges on Upbeat Q2: ETFs in Focus,https://news.google.com/rss/articles/CBMinAFBVV95cUxOTXpqcW5OaW5CM3VyWUVkR2tkSXVnOFhLcjg2bi1LZXR0aWNiQ3FGRmxUaHgtbjdrQVRMclBxNm5iN3huSWNVTDZnb1ByemJsanh2TVdBWmZfTDdRdjY5OWlORlRTTXpFSTFiRWdCOXowX1VTT3dRbHphZm5ZYkI3UWdJcV9pVTdRRlZPS2U1UXNJZmNFOE5welAxQ0Y?oc=5
2026-08-12 03:00,Yahoo Finance,finance.yahoo.com,CoreWeave shares surge as record revenue and stronger guidance highlight AI demand,https://news.google.com/rss/articles/CBMiowFBVV95cUxNZUtzcVdjZXNGeGVscG1kV25Gc3BCZFV0R2Z4RWFCTGdWRnlDdjhnM1pMa3ZIVS1Bb0dtTmNyZkF1czNZX3Rld2hiZTRyR2ZITXdTRWJUNW41ZkZWei0xS3F4Tlc2NFB0N185SzBEOWlmWkZ2d3JvSkIzOW5xbVhhNEZKUHFNWk15YkJXR0xpNEdZYnJhTEVrR3NFNnJvcHdWeVFR?oc=5
2026-08-12 03:00,Yahoo Finance,finance.yahoo.com,"CoreWeave soars after fifth straight quarter of record revenue, raised guide",https://news.google.com/rss/articles/CBMipAFBVV95cUxQbE5OaVlTdGxtaFhfNXdkbVp3ZHhFRkYwUjVzekdVanZjZXg4c2RFVzFncjNsUklMV1pRNmVBcVB5cllqb0w2TVppbWVKa0V0Qk5MOXpaUlI2R0hBT1N3a0JINjRKRktaaEdxN2IyNWxXQ3lUaDRMZm9oWmh3ZUhtYjU2cXdyRGt6cUp0ZW0tNWh3RjJmN0NJVVpCOEtDLWgyZERzWQ?oc=5
2026-08-12 03:00,Yahoo Finance,finance.yahoo.com,CoreWeave stock soars after earnings and 'an important inflection point',https://news.google.com/rss/articles/CBMiygFBVV95cUxOTURFblJlWURVaGFIWlN2TF9mcUwtLWNvcHJjUWtKTVdZQUgtNEJUTjI2QkE1X1J6X2RqbFVfTzBEQnAtczdkS3YxVzQzYWRURG9VMGhmLVJtdUI1U1V0Y1VpU283TlFKNVg5WkZQSG1icWc4RUh2ZXBnYUFaMm1uSUlIaUZ4ZURGOHFtOU53RTFjYjNDR3VveER6Rzl4UXUtampIdjl5Y2tXeFVyczBOVUh1bUhHdEhkN1RBZ25ScmxkTC1xdExMX1Fn?oc=5
2026-08-12 03:00,Yahoo Finance,finance.yahoo.com,CoreWeave stock soars after posting triple-digit revenue growth,https://news.google.com/rss/articles/CBMiowFBVV95cUxPcDJIMUtpX0FZVkVXODdJdkdXZlM0SVYweWtlMjdOWU9ENzFoRUlxLVZiRUlVMl9SN1daQ3lSOVdjcmUyVDJRQ1ZSZHJqNkNZS0tjTTV6eGZWWFRDX2cxRThlMXhBNzlXMEJJZGRHQ25PcVRVWHdhT2ROYlMzWko1bllMYWNmem9BXzRrcnZoTjdFT0NkeWZybTQtM1ExQjRQbmxN?oc=5
2026-08-12 03:00,Yahoo Finance,finance.yahoo.com,"CoreWeave's Revenue Doubled, but Its Debt Keeps Climbing",https://news.google.com/rss/articles/CBMiowFBVV95cUxPMDgxOWZlMmpMbXFfYTNoZG9ZSHRMcm9QOXNQeHJyS1lYc1VabHJzRkFRWXY4YzRZRjJwcC1hTmx6cWlWRlFWMUExNXFibWlPNDBjZy1Gak5vRlZEajYzNEQ3amdBRHVwMW5YYzgwS3dCUFp6a0ZONm1ZWmdkVlk1UVFtLVNGRE1vU1ZIX0dYQnVJSEVDME4tMmRpdmI4T3NNbElV?oc=5
2026-08-12 03:00,Yahoo Finance,finance.yahoo.com,"Dan Ives Says CoreWeave, Cisco Earnings ‘Pieces of the Puzzle’ for AI Trade: ‘Get the Popcorn Out’",https://news.google.com/rss/articles/CBMimAFBVV95cUxPeDlDeGVMTm53U0R6cXlMbnM3UUFwVXVjNDhGRXB1Q1h6UFpxUXB3WHlieWVzRXdXeTlBOUN6eTNfUFk5MUYtTUJrRGU2Q3JYX3FWUEZ3dUtZQ2FGYkhrT0VhYV84d2NzRDZwMng1RmZRd1YzU3BCMl9aV3dScXVSNWF2MExpdElaRm9PcGNRa25rei0xcWlBbw?oc=5
2026-08-12 03:00,Yahoo Finance,finance.yahoo.com,Jim Cramer Asks if Wall Street's 'Long Knives' for Nvidia Should Stay Sheathed as CoreWeave Powers Neocloud Optimism,https://news.google.com/rss/articles/CBMimAFBVV95cUxQUHhLSExEQ3JwVmpxSTh0QzVhZllNd2l0UVVZVFM0OUdPRGNlYkpaY0tKVXdVNTFnMnVBbWppVTlDREpFNFRlYUhva2NUaC1IWF90N3ozVTlxb2s3T2pYa3Z5RmdKMjBlSWtXRHU1M2V3VEdINk1sS0l2THVGMVJncGR5ZU5ZVlFUazBtaDYzanZFU0U5ZThMMA?oc=5
2026-08-12 03:00,Yahoo Finance,finance.yahoo.com,"Strong Q2, Bigger Outlook: How Should Investors Play CRWV Stock Now?",https://news.google.com/rss/articles/CBMioAFBVV95cUxPeFREc290RkdBSGJfYTlaT2NBZ3B4RkJxNzBzTGphdUl4M09LSkMtSzJDNjhUdmRGa3VkeS14UHkzUG9DVHRlSDNPSzAzRnVoa2sweWNaeEpDTThLR2tVeFhYT2NremQ3NnVXdlg3Zy1mTUlaTFE5MDhsVDBNU1ZOT1Ayb0F5RkcyY0JwRUw2ZTduZFRBVXBQc3JHNUdpUHIt?oc=5
2026-08-12 03:00,Yahoo Finance,finance.yahoo.com,Will CoreWeave's Global Expansion Accelerate Revenue Growth?,https://news.google.com/rss/articles/CBMirwFBVV95cUxOajdqRy01MnFZem1jYm5kU2pBYlR0VHlCaFNSajNaREUtUllQdVJDNU5Ud2htSkNIUU5PWEIwbmQydnE1dWJqNHdYLTdaRklRMEtmc3lCWmU2WE1oVnRKY1lIbFcwSlVLS1lkWDgwbUFjeEQ1cEhldG15RzU1ZTNQWHZMdElZbUZFTGJldjdMWGxXRXZVQnFaNzBZQmVJVlVYZDBrOTNMbGFWbVlydkNF?oc=5
2026-08-12 03:00,Yahoo Finance,finance.yahoo.com,"‘Pharma Bro’ Martin Shkreli Says CRWV Stock Is A ‘Short’, While Wall Street Raises Price Targets After Earnings",https://news.google.com/rss/articles/CBMimwFBVV95cUxObGc4SnpxaHFkajdBc01CM1J5TDZkN2R2aHA3WDNKMnNrSDZqUzd2NDJZMHd2Ukk3dWZvTWs3T2RxRGtDczVHMHg1NllXNHBnUVpOamYyaHoyUldtbS1CYURXS2JCQjlqTURXN3M4eEhuOUk4bWhkTGVXc3J5b29JWDh1TnUzOEk5eEJ3UEJPMHh4WUQ0Y25XNVRYTQ?oc=5
2026-08-13 03:00,Yahoo Finance,finance.yahoo.com,CoreWeave (CRWV) Is Up 19.8% After Massive AI Backlog Fuels Aggressive Infrastructure Expansion – What's Changed,https://news.google.com/rss/articles/CBMilgFBVV95cUxOMWd3cWhhMjZ4cG95cUtwb004OU9wa1hRYnZaczdTUTJrWlJNaEFuM19wWFVnaTJFWUtQSEphbVhqdmo0T0lpcWFJajRSdFRCb3RyLUVIUGZlMEFUM0hPRHlpVnZncUhhdjZnZnhrcGllOXQ5VmExd3dOMDRBbkpHeGo5NWYya3VwQ1luVzMtMkFSX3dlYXc?oc=5
2026-08-13 03:00,Yahoo Finance,finance.yahoo.com,CoreWeave Is Growing Faster Than Almost Anyone. Here’s Our Price Target,https://news.google.com/rss/articles/CBMipgFBVV95cUxNYTFFcEhwRHlWM3laRDF6cTMtcGwzX2RKaG1kNTNSTmVGSnZLemtYVDhUSlgwaTNwd3ZJRGFTTno5Y1ptTktYMFlHNmtZR1N0ZW1PRjVZUmp0RUxEYzhPY2FTQm5fVFplXzJ4LWp5NnFFTTdaaVBWMG1PSlpoY0RPT1BIVzg2N2lzM01mWVJyREdfTlQ0VndpSjBLVXhqOHRLT3A0MVR3?oc=5
2026-08-13 03:00,Yahoo Finance,finance.yahoo.com,Coreweave Rallies on Upbeat Q2 Results. How to Trade CRWV Stock Here.,https://news.google.com/rss/articles/CBMiogFBVV95cUxNNzRrLTk1cFR0aF9PaHVfRjdac3IwTEdOdC1QdGZaekItOXNEc1U4Rm5XVExhaHpWOXdOdGU0Um9pSjU2eFZtVW9xVEs2emV0NWcybDNUbzFEcjVfbFZEWm0zR0NRczBtX0dTRjl1MV9KSTJid09VMW9rUXJjeWxzTjBiVzBrN0dEaXY3d1ZtSGZkdlFtdklyZmV0TTJjckJTM1E?oc=5
2026-08-14 03:00,The Motley Fool,fool.com,104 Billion Reasons to Buy CoreWeave Stock,https://news.google.com/rss/articles/CBMijgFBVV95cUxPYXJuMU9xdjBHQkI2QW4yb3VoRUxNdlh6WXBzcno4Q2s3QkJjSFdaaFVxbmltY1ZqQ3V6V2xwNmE2YUhDZWVMUGJoX0JSR2RCSW83Z1UyaEw4Y29zeTdNeUR1U3BMT3dJU1JxU2kyNWEweTRpeTQtaDJHdG5FVF9Zd2Jta2JfSDllVTNBVWpB?oc=5
2026-08-14 03:00,The Motley Fool,fool.com,CoreWeave Stock is Soaring!,https://news.google.com/rss/articles/CBMieEFVX3lxTE5yV0lSQTAxWkFlbnpYOThzNXNRTDdCSmZQUmUwNlB0SmpLRFRZNWVLbjlDQ0tzT1NwWVFEaWh6aW1aNW9Hb3VpV3JWclZPTUlZSHp0azFIWXVVWkZzU3VfN01jMFFBTnFiVmxIUGhtNjktSFpPN1BLbA?oc=5
2026-08-14 03:00,Yahoo Finance,finance.yahoo.com,CoreWeave (CRWV) Stock May Trade Below Fair Value On AI Price Hike,https://news.google.com/rss/articles/CBMimwFBVV95cUxPNUF6dDkySXNCSDhGNkttZU95LWZzVkh2WUdxWVdUN2VDLUg5NU5abFhEeVJIYzg1ZG5pblN6dlgzZ3V4VkNocWpsanJoemxWUklJTlVjTTJuRUZTSXZLMldFWGJzYm9uRmxxMU45aFA5TmZjXy0wZm1CT3hzdFpuVzhIUVQwMEhhbWpvZ0Nrd1JMd2tMaXk5d25GZw?oc=5
2026-08-14 03:00,Yahoo Finance,finance.yahoo.com,"Dan Ives Says Hyperscaler Earnings, Neoclouds Like CRWV, NBIS Show AI Has Entered Monetization Phase: 'That Was The Validation Sign Investors Needed'",https://news.google.com/rss/articles/CBMinwFBVV95cUxOX3lnRFBUZ0VKWnQzLVJQandaNm9BWHF3dTlDNlZuM2Q5QzRQd25IYjIxMFBLc2hnSzhNQ25TbURXZFpNZ19NbFBqN0hneFRwSC0xcEVTR0dWLWczMFJQWHhMY1lhVEZBQlgzaGVoS25tZzJfVEVuTmZEMk54bmFCYnFFSFduUlVzSThWRDhKRmIxeHR5NWY2QWZabDFFVHM?oc=5
2026-08-16 03:00,Yahoo Finance,finance.yahoo.com,CoreWeave's CEO Sold Stock as Revenue Doubled. Here's What to Know,https://news.google.com/rss/articles/CBMinwFBVV95cUxOLXl6TDRUbUNUcnEzUTMxRG8zVXZtWVFncVdhS1ViUmp5eE5UcWJ6SHlLOEVBdnBwTmF5dmVUMHQzNnhfVWRGSTNVZnEzNEFrdng0QWR1cjFmaDBGdXdWd0JFY2ZaeWVBcnZ6SUk0a3VDMlRZWExXU3RINl96cjd1RlF5d2FGZUN6MVhBX29fVXpOUDRzNzBlZ3pEblh0VGM?oc=5
2026-08-16 03:00,Yahoo Finance,finance.yahoo.com,CoreWeave's Operating Chief Sold Before Earnings. Here's What to Know,https://news.google.com/rss/articles/CBMiqAFBVV95cUxOTUY3MjJjcmNNMjBGb1RjdmZzTmJNT0t1eGhyZzFhMTVsazRaaGNVaVFyZW9vTjRiSGRYaU1OQmVHUzZ1UnM1QS1GZDFUc3JRaS1tREpJQXEzaWFHOXdKdFhjWTJvb25QMFlIcTRhbE0weFV3WDV3aWI3WFdRZERPU096d00ySG9NOGw1b2NxT3NXdURuZm00dVZnbnQyMmNRZnBHc3UzTlY?oc=5
2026-08-16 03:00,Yahoo Finance,finance.yahoo.com,Is CoreWeave Stock a Buy After a Co-Founder's Latest Insider Filing? Here's What to Know,https://news.google.com/rss/articles/CBMinAFBVV95cUxQZmkyeW5ORGlMc2ZScHhxdFRyMHZ4aVZRdVZMMkE0endhSEhoZ0MwM1Z4LW9GcXh3RFFBSGhWbW56eDNtek9qa0VsSzJtWHpJQ19oMFgtZlBPRmY1eEhka0FUeGxaRjhUQk1WdGF2bVZINUktbmJRUk0wSzJUblpSdG5UbnNxanNKQVg5MXBnazdiUXFWSWx3cGxWWnA?oc=5
2026-08-17 03:00,Seeking Alpha,seekingalpha.com,CoreWeave: The AI Debt Machine Starts Turning (NASDAQ:CRWV),https://news.google.com/rss/articles/CBMijgFBVV95cUxPcmF1TTVEODdsODRHd3BKYXJzam5BZzZOa2ZwekVQSW5QOWZYUXVNVTI0RFA3SlU2ZFJrY3gtWmV5Y0RyZzR5OFNhcDNnZlFEc0l2ODFocDdvX3BSc05yaDZwekV0MmkzcGxrMzZOZXJ3aGRiOXFMakdodWV5dnVtYmlUMHNfNWRXWlExbnNR?oc=5
2026-08-17 03:00,The Motley Fool,fool.com,CoreWeave Stock Has Jumped 163% Since Its IPO. Here's Why It Can Become a Multibagger By 2028,https://news.google.com/rss/articles/CBMimAFBVV95cUxPZUhVRmlVTkJVdnl2MV84OGg5cllNVC1JcDNBZGwtX093UVMtNUZvWVRyTlJTd1JsR2tRSnlYVHFYeU5kZFpzak9mWEc2LW45R2VqQ2RybnZHY2pXb0hPT2ZTWHRfWVEwR0dzNTVWbFRKNXRoVy1NZ0JyOEtzcEdaTFY2Nl9IVGJ4ODFyXzNBWVhyaW9ORmxoMw?oc=5
2026-08-17 03:00,Yahoo Finance,finance.yahoo.com,Apple vs. CoreWeave: Comparing Revenue Trends Between a Stable Tech Giant and a Rapidly Growing AI Neocloud,https://news.google.com/rss/articles/CBMiowFBVV95cUxOUXZDOWx6RWVBVDRwRndocmZ3YjRwTnZHTDFKVGdfa0djdUdvejVyYkhBaG5zc2NNR3RxNk5JQWZHdWRYVmVVcElpSWRkMjZ3cmt5NlBiOUdJODFzOW5FalhSV0Q5Wnk0X2pZbEU1akJtTVZCYlhiekp1ZmZua1RBOGF6amVIbGZFdGhZLXJ1V0l6cUxQNk9nRWRLbHB1WEwwa0Uw?oc=5
2026-08-17 03:00,Yahoo Finance,finance.yahoo.com,CoreWeave (CRWV) Draws Fresh Hedge Fund Interest After New Institutional Stake,https://news.google.com/rss/articles/CBMingFBVV95cUxNMmI3MW4xMHpOclRldG9ib1pjUDZIRXlDem9Db2g2bDZPbFNJbU1uQWowSl84V3BPM1dtX0lvUDlyTkl6Z0Y4YWNHVkpGLUlsZjRPbkx1Y1p5V2Q3ejVWVkNwc3UtT3BwcV81dXQ5QUNrcm9IdzJJV01lajd6NWI3VDFVSld5a0toQnVpQkVzZWVkODRkbFE0ZEE1RDh1QQ?oc=5
2026-08-17 03:00,Yahoo Finance,finance.yahoo.com,CoreWeave for $105: A Reasonable Bull Case On Offer,https://news.google.com/rss/articles/CBMioAFBVV95cUxOMnRRbWhPR19HUmJ4SlMxbnFhRkhjeXAzVzZGWDBYZ1ZBeThNSjctSFpuaFhZbENpUHVMRUoxSHl6OUZjb01LNjY4a2d3dTB4a2FYcXNZZjZUeDVvOEp4OTRLZlF5YkFTX21BazVqOGhncmlWRXBHdHNxRF9EQ25ZZzNpREhEcnVFVmxON1NWNjBFcmZuaTVwTGFVeWpMZkcx?oc=5
2026-08-17 03:00,Yahoo Finance,finance.yahoo.com,"CoreWeave, Nebius Could Gain 10 Points of Margin",https://news.google.com/rss/articles/CBMimgFBVV95cUxOeS1xSm92alg5UTRCaUQ4Z3Jtb2dXOTlnR1g3MURVTWoxaDEwQVBlS3RYYlV2QnhlQW04MWNGUDQ2eFcxVExPQUdtMUMzNlBnck85dHhVVmZUc1pIaWVsLWZIZTRTb1lHbkZnTkhFeFQ5SlNNa0ROVU9nSjg3OWcxZjdHbjJ1cFlnczRRUlIwMTlhdHpVbGI5UFF3?oc=5
2026-08-17 03:00,Yahoo Finance,finance.yahoo.com,SpaceX Rebounds 6% on Monday as Nebius and CoreWeave Look to Rebound From Morning Drops,https://news.google.com/rss/articles/CBMinAFBVV95cUxPemtCLWI0d1A1UnJFUDlzQVFYblc0TnJGcVpIRHNTZE5YLXlIT3FtM29KdUpSNXhsbkkySEhaN3JzS0ROaXNwTExSVV9jSWx0RWM2WjBJd3VBaXdHczdkRjc1X29vbVhvRDBUWDM4dHRCRGYzb25MNko5ODBZbEU1NG5iaG12ak1GOVA0eEY5NWwwYXVpZGE4cVVJWEg?oc=5
2026-08-17 03:00,Yahoo Finance,finance.yahoo.com,Why Is Citi Optimistic on CoreWeave (CRWV) Despite Higher AI Spending,https://news.google.com/rss/articles/CBMinwFBVV95cUxOZlZUdDRSWmJpQXloQW1nb0RTdDM5X0xfN25LUEdNMnNld2xNWURSVVl6Zk8wNXRmUEV3WXF6TmhWN040M19LUDFhM29fc2p1MVd5QW9SY0o5OXFhSEVhY0lkV0xMbFl4OHgzUXRSYnV2cjZ3ZmlMOV9SS0daMzBpd1hORVJJbnhiSW9QbTZMVlJrMlZjNUYtSkpvU2I5UTg?oc=5
2026-08-18 03:00,The Motley Fool,fool.com,Superinvestors Are Buying While Everyone Else Panics. Here's Who and What,https://news.google.com/rss/articles/CBMimAFBVV95cUxOdnliT0tFNEd2Und4d21laTlGV2JYbmVSVUM0dER0MmdvZTBCRVNmZnJJUWxOTUFnck9naE5la2x3MjJkWlVVQUp5aXY3anl4MzhFdzRjT2hGUzhxVWN4T2VpdG52cHY0ajBlTmlfdWhZcXpEeksyT01aYmhyU2JVeExmcEpTU2ppN2JuTHVGNFp2MlgtX0pSQg?oc=5
2026-08-18 03:00,The Motley Fool,fool.com,Why CoreWeave Stock Is Down 11.8%,https://news.google.com/rss/articles/CBMifkFVX3lxTFBnV2x4SmpleVlyVFctS1pjWXhEaWlLODh2bXBTejZjb2poTnBYOUo1enpudWVTZEFpRjhwTElkV0F4RlczYU1QNDRGU295dnJfN3h1b0VGeUpIdlhqUlpMc2gwZUF6VUZJQkl0eFJKMXhaTDdVQUIwM2xiVmNCdw?oc=5
2026-08-18 03:00,Yahoo Finance,finance.yahoo.com,CRWV vs NBIS vs IREN: Which Neocloud Operator To Bet On Right Now?,https://news.google.com/rss/articles/CBMijgFBVV95cUxQSlVyWVoxZ3E5dlo3czVqNjFFRVFUdExjZ2Y4cWFDQk1MYWluWG9TN0hPRXBxRy1NZi04TkIyQzAyRTdIcTZlQ2JIYWg3V2VWb3c4Rk9aTno2NzdjRTJ4ckR6dFdUVDNtQ1pNMGQ2dW1YUUVQME1XTzQ0ZW4tMnNycnlqSG9xU1YzZ2tNTjBR?oc=5
2026-08-18 03:00,Yahoo Finance,finance.yahoo.com,CoreWeave Sinks 7% as Rising Yields Test the Most Leveraged AI Landlord,https://news.google.com/rss/articles/CBMimwFBVV95cUxNdVRud1FzbDZCZFIzU3pKekVBSEZZLWFub05QV1NsY3BkZGRkcmM0YkRWSkFNeG9iMUIxZUQxdUR5ZGxfZDZDLUtsbzB2SmRhcDk4X0hlNklqY05yQTJiRTd1YXZXQmlNU3VfVWxoRU81OG5KdlBFRWZmOXlFdzdZZENpcVY3NkJadzZBTXZKY2JST1E1dnZOOUtXYw?oc=5
2026-08-18 03:00,Yahoo Finance,finance.yahoo.com,David Tepper Just Made a $107 Million Bet on Top AI Stock. George Soros Is Holding Puts Against It.,https://news.google.com/rss/articles/CBMilgFBVV95cUxOYk9MXzRqcllyRDJkVTRLbDlqaUgxdEZueUVDX2VoX1BXQjlzZ1BMaVczTm54dUl3TmVIZGtXcmpxbmJ0REJuekRtNmZ6XzAxYkVnOHU2QnB6cGdabnhWZzJoOTdEWDhfay1BOF9VS096a05rcWtXYjFBYURZTXptd2hhREtlRXo5SWpIbm0xcjlkVTYtX0E?oc=5
2026-08-18 03:00,Yahoo Finance,finance.yahoo.com,"Neocloud Stocks Plummet on Rising Overspend Fears. CoreWeave Down 7%, Nebius Down 5%, Terawulf Down 6%",https://news.google.com/rss/articles/CBMiqAFBVV95cUxQRWhVVG9kM3F2U21vSjZzZFdTNUotaTkyMWVicFQ4SHdtS2dOQ3FCSzdudUZ4YzB2NjNHMWhhNnowUEhtc05aMDRVYXkycVp2c1VpbmhZN3VrVGlIZmNiVXpUQV9oSlJGRUJ0bldZRVVaVGQxVkNXV3V6Mm12a1BDeElhNkxuSHNfNU5Ta3l6d2JDTGRROXZ5UWFlZmZ4ZzVaN3FOVC0xNm4?oc=5
2026-08-18 03:00,Yahoo Finance,finance.yahoo.com,"Stock Market Today, Aug. 18: CoreWeave Falls as Debt-Financing Concerns and Capital Spending Pressures Rise With Interest Rates",https://news.google.com/rss/articles/CBMilAFBVV95cUxNX00wMHV4cVZpcnN4X2toMV9ocXliRER4ZHFMSHZCakxWT1kzTUhEelZTU3RlcUh3Q2EtLUtXVzdaQzZGRXNqQUp1MlFCbHI0eldGQ2NiemR0ejl3MU45N29lS2ZJa0dHLTgtZzRzMWloQldqY05CMV9hcEhPTTJNN3lNSzgxb3E1Nk5YYVhmM3RhQWVv?oc=5
2026-08-18 03:00,Yahoo Finance,finance.yahoo.com,Wedbush Analysts Still Have Their Foot on the Gas for CoreWeave Stock,https://news.google.com/rss/articles/CBMimwFBVV95cUxONGJnblN5WWdSU0F1NXhkLUN0NVhOY0g2aXpkSXZHbEM1ejV1S0hsdjdHOVpQY3JjSDMwY1dYMW5LS1VGZVpmUlY5Mk5ndUp2Vk9DY3N5VHV1N0tfazNPYS03UnNONHNkclNnOGUwdGxnS0d0ck50UEVrd2xubnZBQ2xHcEVhSlY1UDZzZ2RwZlJORE9wZDVKZEJqbw?oc=5
2026-08-19 03:00,Bloomberg,bloomberg.com,Goldman Sounds Out Investors for CoreWeave-Tied Data Center Bond,https://news.google.com/rss/articles/CBMitgFBVV95cUxOTmNnTTV0eVIzRDRYRXY2R1gzVGhBQnJhMU9wZndrREdWM251MEVnVWUxRXB5LXpBYzM5dTEtMGJDQTZlM0VOZTZqUXF4Qm9pVjNzcFRDWHdLanMyUkNiMVplcXlQamNDOVFXVG9qMm9ER3VwQUNud04xcWxKaXdyNEhkNkQxNHB0T0hsUmE0SDR6c3ZNcEU3Sm1qVGFfMEhpSnNsa0pYRUthU0hzUXpHSXItMUxBUQ?oc=5
2026-08-19 03:00,Yahoo Finance,finance.yahoo.com,AppLovin vs. CoreWeave: What Recent Revenue Trends Tell Investors,https://news.google.com/rss/articles/CBMiowFBVV95cUxPOThlT2dFWmJ4SUJoQzJUVmZRMmNySktxZ1Q3bmhreTVmc0s2bHdTNWZvMVUyMjd2Z2tWMVVLaE16Y3pJaUFlNkxvRld2eHk2YjhvaW1VOTZLb0dGYnRxVm9fSGlIUlAwTzdVeFdFLUZkVFZaUUJhR19GVkYwR1BtNVc2dDR0U3pZTVBsWkU0b0xZWWdZMENaaUwtOE5hcldLejBr?oc=5
2026-08-19 03:00,Yahoo Finance,finance.yahoo.com,"CoreWeave (CRWV) Wins MasterClass Deal, Is It Still Above Fair Value?",https://news.google.com/rss/articles/CBMiowFBVV95cUxNb1VObVIzMkhLeEFVTkJOZEFuOGJ5XzRRTHlPUF9xNkNWbUZQdFpKZV9PQU9oaWtTMUZseV9OMkdlTmplYjZ3ZjMxZW9SelNGV25MRkNMczF4RUpTN3BWNmVIMTM4bC1BTGJoRVVVaURlNlZYVGtaU0tucGQ1TkJqRzBQT2pIWXBxMlVuWlVhVzNtZ2pNMmRQOF9RZVA2d3liOEcw?oc=5
2026-08-19 03:00,Yahoo Finance,finance.yahoo.com,"Coreweave Insider Sold Shares Worth $678,791, According to a Recent SEC Filing",https://news.google.com/rss/articles/CBMiogFBVV95cUxObWlJTUx1T0xwQmQxSW1WVFEteERWR0xWYU5hNTEzcXMwYWFTMmtCcjJPZHVhUW9QUkh1WTFRcllQR3g3T2h5cWtQVEpma3FraU1UdllxcDk2cThla3l4Q2xaTzVQUEZKdUtmZ25iel9EUlBYYVc1QldyNlRJOUlLUnN6YUtZVmV1em1iSjNzQlVrOGNxTTBzNGZFQk5Jb1R5WGc?oc=5
2026-08-19 03:00,Yahoo Finance,finance.yahoo.com,Nebius Dives 14% and CoreWeave Falls 4% Before Rebounding. Neocloud Stocks Face Volatility as the Nasdaq Whipsaws.,https://news.google.com/rss/articles/CBMinAFBVV95cUxPTkVPbHBTQ0hPNkhFazkxX3I2WGY5RURUUGpKa1ZsOTlZR1JNUENKMUlEQktqS0FPLTJja2tVRkF0MWhZQl9lS2tpWXRCYkZvbEpSb29oNEVQSTlXOEMyVmQwbDZpMUpIdW9idjlJV1lOSzkyZS0wUDUwSE5CSTNZZE5WRHVoemMtN3lFUlo0SzZLWHh5LTUwWTQ5bmY?oc=5
2026-08-20 03:00,Bloomberg,bloomberg.com,Hudson River Signs Multibillion-Dollar CoreWeave Deal for AI Cloud,https://news.google.com/rss/articles/CBMivwFBVV95cUxQZDFCQUYxcHBrRHRGRzVDZXUzZG9MLUVLTWxrSW44aWlfd05Sbmp3UUk3YmZkTFdoQmRqNUxLWU9Bc1FsSnJSQ1RSNWtGM3lEVXBCcUc4QVRJMnNNRk53TUE5eFhZdG1pb1dPSE5SOVRPOG5vZE5xNFFkaE1rQlM3U0RPN2NQWmZtd0ZSd1lrbHprQXdXX2F3OG1pM3JjZ1JBR3NWdXVzd2t4LVRfbjUtZ0J0eUhDTEp3QWFjRnlHZw?oc=5
2026-08-20 03:00,Investor's Business Daily,investors.com,These AI Companies Pile Up Massive Debt,https://news.google.com/rss/articles/CBMifkFVX3lxTE11aVhXT0ZwWk1WbjNZS0dMRXhLQXh1TlZ3TjRpdGVuaWZ5ZC01RnJyNnROczlRYlA3VzNjM3VOUFhzdVdGTWVvM1pWQUYxcXY5Nnd1TnBQNE1ubk9Lc05mM0dDalV6TFhnR1Y3UDd6RU5xN1pFcVFXVmFZSVp4Zw?oc=5
2026-08-20 03:00,Seeking Alpha,seekingalpha.com,"CoreWeave: Strong Buy, But Debt And Dilution Risk Is Real (NASDAQ:CRWV)",https://news.google.com/rss/articles/CBMinAFBVV95cUxNTFZtcWt6dldOb0tTYW1mWlVreWt6ZnJWMlBsbEJNaWhMS2dCWW9NOVR4NnkwdnpZMS1oQzhJVzlRS2R2a05DOV8wOVhNZVF2OC13T3B4QWN2TjdJZGNDR1ZZdGlyS29NVHJaZDF0SXB1V1RZdlhvS3B5LW9WRHRMc1VKVEtRSXNzMFNuOUIxbW5tU000VnI5UjlLZ2Y?oc=5
2026-08-20 03:00,The Motley Fool,fool.com,Arista Networks vs. CoreWeave: What Revenue Trends Tell Investors About These Artificial Intelligence Companies,https://news.google.com/rss/articles/CBMi7wFBVV95cUxORHFrOVRLOVU3M1plRE92b3VqanRUMnctU3BmQzNYRnFsbjV2T3RiNFNPYTRINl96NmtOdUtUdHhDckVzclBBYlRRRGI0MTZ1QTBBdEdKaUZnLTFrY0x2Qi1WZ05OcFRPVnJta0xnZXN4YmxZTE14X2o4dVBmSjJVY3BIUlRxRUg4azZXc1ZNWjNEU3Y0bWFkUmpiTl9CMm5vLVo5Y3BISV9lV1g2enhQUmRVcm84bWtFTWVnS19YVWVpYUI5LW9vX1VUc3BEeEZBWWg2MFM2WkwwTWV2bHhOMzAxLXFYaXMzdDZmczV3bw?oc=5
2026-08-20 03:00,Yahoo Finance,finance.yahoo.com,CRWV Stock On Track For Third Straight Day In The Red Despite New Hudson River Trading Deal,https://news.google.com/rss/articles/CBMinAFBVV95cUxPZm9jTi1WaVNZZ1Y5UFlqR2hEV2N4c29zVTZGcU5Bcl82XzRTdmp3TXcydlNaLUNXaFVoTkdUbmFUbVl1dE9WZ0pfN3dTZXdNbFkwSVJGT1daODJTeWZieGMyOUhVYUh6ZHJTQS1jdFVGa3pzQV82NUZWQ0lpRk11NkhVOUNNUElPS1RIUzlVTEtxRnNGWGdOWXczWHg?oc=5
2026-08-20 03:00,Yahoo Finance,finance.yahoo.com,CoreWeave Signs Hudson River Trading to a Multiyear AI Deal,https://news.google.com/rss/articles/CBMiogFBVV95cUxPVWc1ZE9sY2N5b1VRYW8wamFCUXpYTUJvZjhwME5UMVpwSndXMEZUQTFENDY3cG1ZTDJxc1ZxY2UtcEc5QnZJTlh3WUZUM3hOU0x4ZVBkdWY3RGUyVk5rRFZKQ19BSTY5TDhwRkIxeE1ZckFadXhuYmlXS2VpRGZvMEZJY0I3ZnRlV2ZMazBFUDF1c3JNS0llMGN5S3Q0eW5keHc?oc=5
2026-08-20 03:00,Yahoo Finance,finance.yahoo.com,Neocloud stocks like CoreWeave are having a moment — and time’s running out to cash in,https://news.google.com/rss/articles/CBMipwFBVV95cUxOWDg4c29WUDFZX3djbFRVWUl0bWV2N0ZhTWI2RE1sb3ZNalhnc1BXSWs3TUJEQU9zUVN1ZS1mWXYydWRhdHFwQXRSS3k4OVlCUDExRFBrcWw4Umhpd0lzdDJ4V19Hc1lXR0d5UHlRTENqTENEZHc3dzl6YmRYMU9WSUE2MXpCWXdIWGh2eGIzUG8xb212TDFsd0k5bm44N3ZTX2NnY3hxbw?oc=5
2026-08-20 03:00,Yahoo Finance,finance.yahoo.com,‘Pharma Bro’ Martin Shkreli ‘Covered’ CoreWeave Short Position: CRWV Stock Slides For Third Session,https://news.google.com/rss/articles/CBMinwFBVV95cUxPZVNCYnI5aXBLTGNuRDRZY0JOWmZUMFNhLVI0Nlo3VUw2bE45MEtQRG1Yc2dicGtxVHNTTmlYN0J0Y3NvTmNiclgxMkc3RTlCV2RLYldPekN1SW9pZXRmQmJxM0k1aWhZMkhMRE53OFpFaWhaMXlmcGIzc2liSjI1QzNIbTR0eWpta0xScWVBaTlWVnBrWDZ4aDVGdjZJU1E?oc=5
2026-08-21 03:00,Investing.com,ng.investing.com,CoreWeave CEO Michael Intrator sells $29.5m in stock By Investing.com,https://news.google.com/rss/articles/CBMisAFBVV95cUxPek9Xdk1DTzZUVHhtTUIxWk0yQ3FlTE9OQ0dpdXJPaUFiVERvd1pSNTgtVVhLTmFYZ3M2XzlTSkkxS0NONHcyQl8zRFNKT0ZaenF6clhWYkRKc2VCZ1VlMGxwS0R6M25vYnQ1QlJOUWxIM0o3bHYyYXBZX3hkYVRXWFlMNmRyY2M0SV95bV8wLUdWV2E3cDAyaC1tUEszY3RKbTBDcnNBVjJ6QUplQm9hag?oc=5
2026-08-21 03:00,Seeking Alpha,seekingalpha.com,CoreWeave: A Highly Leveraged Model That Will Not Survive Shifting Market Conditions,https://news.google.com/rss/articles/CBMiwgFBVV95cUxQYW9mYzRrZGR1T25IVmdBZlBHalN0T25WQndOX2FYWjBGUW5hbVhfWEhJMWRBWTA4M0M1a3FlRW8tQ2NOaFBEelZnUnd4MFhKc3hoZG0wVGktTUhvbmgxT2FaZzFhZzdCa3FiZktickw1SW5vX1pSbjk5empaY0JwVHhOYm9GQWN5aDVGNzg4VnV3emh0TG5SM004OXc1emlhYUdmOG5VTFJzSS1fak1qZTlRWExiaEFhSVpfeHM4MUVQUQ?oc=5
2026-08-21 03:00,The Motley Fool,fool.com,Billionaire David Tepper Piled Into a Debt-Laden Artificial Intelligence (AI) Neocloud Stock in Q2 While Also Increasing His Stake in Its Newest Rival,https://news.google.com/rss/articles/CBMimAFBVV95cUxQeVBSdzlYRm02R001NkZfTWJ0bU9NY0k4LWhRUG04TE13Tmp5bkdXVkIyV0JzeTVBVHZDWjNPMTd2NjBwNVRiaVVmVGwyTFpETU1PWi1wWjlJT3hJZmVMN1JEck56dUtJYnMtTXN0aXg2MXNJTHhGYlo4Z3Z1NWRwQkViSkoyR1V1MUhETFBBOEVuUGR1bVNXeg?oc=5
2026-08-21 03:00,The Motley Fool,fool.com,CoreWeave vs. Nebius Group: Which Artificial Intelligence (AI) Cloud Stock Has More Upside?,https://news.google.com/rss/articles/CBMimAFBVV95cUxNRUJtZi1SY2treTlDTGVvVW1JaWxVMmRONUh5ak9kLVJSend0MVlNT1gwM19tcUZVMUpEUW56ZEZDaktmLU9BUUNIZmxpZ2tXeWxTSXA3Vk5BOXRpMnEzX3BEMERqTExMTU43ZW83bGNGMTZRRWJBUDl0czFsdmthdzFrNHhhSi0wczNPZ3NGVjFnRlZwSUl6eA?oc=5
2026-08-21 03:00,Yahoo Finance,finance.yahoo.com,BCA Research Sees a Dangerous Risk in CoreWeave (CRWV) and Nebius (NBIS),https://news.google.com/rss/articles/CBMingFBVV95cUxNZ3NKUTU3RUZTa3RCQy00Z3hmSzk2UFpGUHlaLU1RcDVmNE1DdzJDczdpTm5MazhtNnNqV2dNUHNMbFExc3JTWnVSSlM1SG5LbEdZVmxQV1ptNldFdzI5ek0temRyVlFUZmRRXzBHR2VlQXBVN0dsYUI3dEVVNVRKUGtPS2tTSko1NHRQWm52b2lsN1puSWJGb0dlTVFVQQ?oc=5
2026-08-21 03:00,Yahoo Finance,finance.yahoo.com,"CoreWeave Insider Sold Shares Worth $29,450,777, According to a Recent SEC Filing",https://news.google.com/rss/articles/CBMiogFBVV95cUxOVHIyU1JQLUF3c05HYXBMRE5DTXBMdkhBX3VlSTNQTlNSd2ZCTFhEZGR3N2pNV3FlOHJ3THdtanRiYjNGWGF5Z0hpak94Z0ZGNjlLdGtqREZ1Q3R5T1J1OFBGQ2lmbUM5TGZVSkJyVTJDcVU2U1BiWGhvcThmaDViczZiWkJPaFV5TlNiVnJlLU5ZRm00WHRqYnhLZnRwblRPNEE?oc=5
2026-08-21 03:00,Yahoo Finance,finance.yahoo.com,HRT Taps CoreWeave for NVIDIA Vera Rubin: Could This Be a Win for CRWV?,https://news.google.com/rss/articles/CBMimgFBVV95cUxNZUt0T1g2VEtvODJJbC1hUmxwS1Rud29uT2dDVTNkaDBaT0dGbmM1ZHhXSW40TV9Fa254SllBdmdjV3d5VHJmcVEwa3NSTmZUTGN5M0RRTERrUHhDVFVETHBvaV9OYmVLbWhNQ3ZuUEJXNFFvTERIR0dTN3M5aGh2b2ZUYVprbXNxOU9hX3FZNXdqZThMdjZEQm5n?oc=5
2026-08-21 23:34,Investing.com,in.investing.com,"CoreWeave CDO Brannin McBee sells $331,686 in stock By Investing.com",https://news.google.com/rss/articles/CBMirwFBVV95cUxQMTlzLTlYb2RoUFFWQWFPclhkSF9UcXFHVEhmQ2hta3c3MS1INzU1YUNtM3RMd3ZpSmlIVzZqb0h5dHlHWThKbWQzNlQ2MTFhVzdYcmpham5ZMnpabmtIQmZZdllpTDJuVVhSaFN1eHNudUVoVFJjWUFBc3hWQTBYQmY4TWd3QnV0RW85aXdxb1VzcWN4X29WelR2bnZiZGxpR0NNV2hfU3NTZTZGbkJR?oc=5
2026-08-22 03:00,Investing.com,in.investing.com,"CoreWeave GC and secretary Kristen McVeety sells $365,682 in stock By Investing.com",https://news.google.com/rss/articles/CBMiwwFBVV95cUxOdms3TnZMd0thU2NRSTl6ejNhdTU0elFQU05BV2g5U1NuYkliVTBUYnoyU01BbWgxcXhtb1F1TDR4aVZkalJXWWpnMUFaV3BEMFYzZWZwZEgzYV9OenlNWk1UYlFsRUVsTDlJM0RielJMbnBtOTYzOTFLWTNBYW4zX2NQZHdNcFMwUEJqSVVxdGd5U3IzcU43c0V5QmFhTGV3V01TQWY1LXZBSWNEWElwMmdRc0s1Qm5SR1pUUW9JUkRWblk?oc=5
2026-08-22 03:00,Investing.com,uk.investing.com,CoreWeave CSO Brian Venturo sells $542k class A stock By Investing.com,https://news.google.com/rss/articles/CBMiswFBVV95cUxOazllQTNmY21QM1FfSmlLMldjNU1CdjctQU5oaktZOHZ0bWpzRWxkSlRkRUdKV1pqanlnbHFOTGZuMnZzX2Jqdk9FbEFEekxsdEN3SUVkS3BJalZaOXkwSHJSX05MNFNUblZpRE15MG45bUtCcXBYa3BuVU5PeDBvVVZrN2lCajc4aTNDeExHN2RNQXZVZ0xVVDdHaXVLVldiUjJjRWRJbVpjejNBS1Q5YmdQbw?oc=5
2026-08-22 03:00,Seeking Alpha,seekingalpha.com,CoreWeave’s Economics Are Finally Starting To Work (NASDAQ:CRWV),https://news.google.com/rss/articles/CBMikwFBVV95cUxQM05rVkVjRDljcUZRbjRtOUdScVEyR1dXeFlYamtxZkhfaHJxMWpHRURQb3dUUzg0WjZBVmdqLUV1Y3poelJOZWJYZUFmNlFfZ1lZYzNlNGRaSXpjOS1oS1VMRk94UkRzVkY1SFJ0MXduS0x2MnhOOGxSQ3dJSEk2NkRGeDd5bzgzd3NsNHRfamVJb2M?oc=5
2026-08-22 03:00,Yahoo Finance,finance.yahoo.com,"CoreWeave CEO Michael Intrator Sold Over 13,000 Shares for $1.2 Million. What Does This Mean for Investors?",https://news.google.com/rss/articles/CBMiogFBVV95cUxOMS1LOUxJUDZlQVQ1TEF3eHc1U1p4R2NXOVFEYlNPMGNWTHNzTjhuSThxT240OWxmNTlEeGZxbEdZeVB2T19zdDdNVWhsRDdkSDdadjdwZU05aWVueVQxZ3MzV0cwX05TY3dzMjBRWnd3THd2ejRscmZPSk94dUxTenhUajBiYlltU05WaXhxX0hBUWVVZkVNa2JwM3V1aVFFdmc?oc=5
2026-08-24 03:00,CNBC,cnbc.com,"CoreWeave shares are set to nearly double even as chip costs rise, Truist says",https://news.google.com/rss/articles/CBMitAFBVV95cUxOeHpSdjh0MGhNQzZCejRNYUZYaDduMURzTjUzTHl2dGEwWngwU3FUTUVpRlJaVkhJY19ucWQ2QVFPbHhSd3VaeEJvRGhKNVFnTUhzUXJ0VnQ1MHAzNjZuNUpLellZQ0tUeUhnQ3BGZTJnNTIwTUtSVkppSE1YYTIwMllUSmNCRVZDYjNGalNfVlJIRF95SUZhQVFBX1I5ZHRRLTZzbk11MjRjXzQzZl9CRVdVVnM?oc=5
2026-08-24 03:00,CNBC,cnbc.com,"Here are Monday's biggest analyst calls: Nvidia, Jersey Mike's, Dell, Chipotle, Marvell, CoreWeave & more",https://news.google.com/rss/articles/CBMilwFBVV95cUxQekhxdy1od2o1TXVmaFdzSllWZS1sSjB1Mkw3bXVRblRxTmVxTEVMNnpsZWxIdVp4ZkgwTnFldFdxbnB3TW1lQ3hfMmN6Rm9lV0U3U3V2ejhFcm0wZi1uVEswY0RzbG9YSXNybUhRNjNWN1d4aTB5TnNjc3BsdW8wT2prck1JRlVLOXcyRGFQTXl5VDlzOUQw?oc=5
2026-08-24 03:00,Seeking Alpha,seekingalpha.com,CoreWeave: A Financial Accident In The Making (NASDAQ:CRWV),https://news.google.com/rss/articles/CBMijgFBVV95cUxPWW82MkFhRDZSVzVBV09pM0R4eTIxeWpaNEtDOFVZd3U3WW1aaElkSlk4YXB4eHpIUVM5bmw0cXZqNzdxaW05cFdNRHpDdXZtSURLSkxzR1Rpc3hlRFV1VU1zM1dsTFgtcjgwblNJRDRhQXZ6eG5BZlNjN2xuZ2hhVTRWcHI4aUstNld2X3R3?oc=5
2026-08-24 03:00,The Motley Fool,fool.com,CoreWeave Just Announced Fantastic News for Nvidia Stock Investors,https://news.google.com/rss/articles/CBMimAFBVV95cUxPS0NhYVdhTi16ZWs5STVScTJrWVNqMmJNT3Z0MmlrWmFZS3Y3WS04cWFnakI4emdxNzNMSFR3c0trTXRLblBiaE1FTU5sS2ZQc3dYNHFhbFpnVmx6dmtjY1kwVDlDR1g5aWI4RDJfVXVOSk9TdnFCRWNJdlN4VlBZSXJyemtUMlZpTlZ5djNQRVBoVUdZemZpSw?oc=5
2026-08-24 03:00,Yahoo Finance,finance.yahoo.com,AI Infrastructure Stocks Surge: How Long Can CoreWeave (CRWV) and Super Micro Computer (SMCI) Keep It Up?,https://news.google.com/rss/articles/CBMioAFBVV95cUxNMUZfLW5aV2FJdEI1UXhiel90a2o4VEtfX1d6MTVKWG1WaXRZcHY1SDVYZjExRFlGVTZaODFMVFI2ZkVZRXF6SlZVUUxVb3d0Z181eDdqaVI0cEs5SUtla1NNRFloOUFOVm4yQV9sODZWa1pUWnhCdTlTaTNqRFY4NHFVbm5pS0ZKbXVVdkdWRzliNlJJUklBV2tweUR6dldS?oc=5
2026-08-24 03:00,Yahoo Finance,finance.yahoo.com,CoreWeave (CRWV) Lands AI Cloud Deal As Data Center Rules Tighten,https://news.google.com/rss/articles/CBMimAFBVV95cUxOQTNyTHgtSGR3cHFlSGlFTzJRQ1lyNFVXc09UeDFmM3BWRnpIam0ya3NaLTBJcjBRdUpRREI2T19GdXNwWkZSSmtQU2tmWnJWYjNMVU1TT2NhSks0Qjk2TWpHblRocXhLNHlPcy1feU1UczBVaFlBNzhSY1l4V3ZWR2Z2V1otbzEyZmx5TXI3c2hQaXZKdXhtWA?oc=5
2026-08-24 03:00,Yahoo Finance,finance.yahoo.com,"CoreWeave CFO Nitin Agrawal Sells 10,062 Shares for $924,500",https://news.google.com/rss/articles/CBMinwFBVV95cUxNTlhJSmYwb01yV1NQYUt5Z2Q5S3hEOWo2TGIzNkFPekxoblpOMEN0dE9tOHN3VjZ2RWJCTWpTR0ktUHlYcmg2cnBHdlc2YWhqb0ZBU251OEFnV0FlSkhhS2pTUmJub3BvaGdjREV4TVI3MTdTNGU0QUl2R1h2aF9PMU5SVTlSUF9oXzFLV2VxcjhXM054NHlwZXNoMjE5RHc?oc=5
2026-08-24 03:00,Yahoo Finance,finance.yahoo.com,"CoreWeave Insider Sold Shares Worth $1,206,293, According to a Recent SEC Filing",https://news.google.com/rss/articles/CBMiogFBVV95cUxNaE02YUhPSHlGbHM5YzB6VTZna1hkUUh2YnhTbldRN2JOQ0hPbXV0VnlHUkEwSno0R3FQWV9jMk9QVjVFTFNtUUlXalVUUnVfNzlUWExMYkdKLUd0UWZLMmVzU0xfZ19aMGl2dzI3MzFxTG9MUE5rZWZUai1VbE56c2JfaUFLbXM0SjdiQ29lY3lxR3ZQNEw5QW9rQzZnTnJhSHc?oc=5
2026-08-24 03:00,Yahoo Finance,finance.yahoo.com,Forget CoreWeave — This Is the AI Stock You Should Instead Be Buying,https://news.google.com/rss/articles/CBMinwFBVV95cUxPQlFBMVlRU1dHM3lCeFBoZFc0em9FRklQQkVVN1k0ZTJweHNJUC12NGdTdm9XUm51cUxNLS1RSHNYYUV5TDlSZzhLVDZIT3U1RU1sUXFKdEhXdG12WTBXWUpwX01WOHFOaU82R2pNRjJVSjQ2UFR2YU83MWI2Uk5KVE4yRXNNQVIzMzBfX3BtQkl5c0xiLTBqX0xmR0FSRVk?oc=5
2026-08-24 03:00,Yahoo Finance,finance.yahoo.com,Nebius Group (NBIS) Just Posted 514% Revenue Growth. Can CoreWeave (CRWV)’s Numbers Compete?,https://news.google.com/rss/articles/CBMimgFBVV95cUxOdkgtRE5OeXFRSlZBeFJVSWpjUjV4UTJ6WHNUYzBwZXJ6Zlk2emRmMkpCX2NXWkF2UDhXd05wTm5GNUstX0pHVnc2UzgyblM3c0ZwVXpRQk1UM2Z0QUJpYTl0QnlJOTg4YnhPOFlnU29BcnlvUzNDRWNNQkNUSUI3dzhjTmNDaUJHVEVRRnd4b1g2SGs4ZGpXSVpB?oc=5
2026-08-25 03:00,Seeking Alpha,seekingalpha.com,CoreWeave: Why Nvidia's Price Hikes Could Be Good News - Buy Under $90 (NASDAQ:CRWV),https://news.google.com/rss/articles/CBMiqAFBVV95cUxQdlVJRE8zVnVtVTNKdTZNMWo2eGFidk9aS0hMb1JGa0diX2paaTVZMnZVSEkyNExDTzVWdmhpa3VHMVlTY0JCTkYwaHBEaDBGX2dTMVJpaVNnbGVNRUpHQzZsNzBLYWhIallsdEdOTmNZeXlZZHNsTlNuOHB3QlVmM0JWVVFBbzFMVkZsVktRTVowMVE5cDZtOVE0QUgwU3FoNld4MFcxbVY?oc=5
2026-08-25 03:00,Yahoo Finance,finance.yahoo.com,CRWV Stock Rebounds After 5-Day Slump – CoreWeave Teams With Rescale To Expand AI Cloud Reach,https://news.google.com/rss/articles/CBMilAFBVV95cUxObjQ2Z0ljS254Z1dVOFk2SFNqcWotUG9icS1hdDdBb3Y2V1hzVXNhVGJ6OEhPNE5MYzRRS29iaHVOTy05anpVNzMzMDBrOC1tU2N4b0dmRDdEendKcDIycEhJX0d2N3RnT1hWSldZSWVGLWVScjkxSTlFT0RUdDhzdEZJOWZDeDNJaFpVUHVGY255Zng2?oc=5
2026-08-25 03:00,Yahoo Finance,finance.yahoo.com,CoreWeave Just Landed a Multibillion-Dollar AI Deal. How to Play CRWV Stock.,https://news.google.com/rss/articles/CBMiqAFBVV95cUxQaWdDZ2lpcnhPbUhiOG1wY0Z5QU9raThOVDhMT2duMDNFcUJxUllfQVpSaFhxdjEwQTNzY1FrMHB2Yi0wVkowR1BvWlhZVjFlQm5PYTE4b0RjamU0ZHA2c1RZMlNybjZuVzZRb0VFcW00SVEzR0lueDNEY1JXM0p6Q3c3UUxTY0t0bEgtc3lfTXRYZTBHbHNMSXFfWmZKWU1rV0M3NDNtV1c?oc=5
2026-08-25 03:00,Yahoo Finance,finance.yahoo.com,SpaceX and CoreWeave Helped Turn Dell Into an AI Rocket. Earnings Could Bring It Back to Earth,https://news.google.com/rss/articles/CBMinwFBVV95cUxOaVgtX0oyZDhQN0VVaXhVU3NkeWxLcjNRVE94MjdnV3JSTVR4RjU0NmVza3ExdmYwWGkzVUFFQzlkWHlXNVFFa2FNd3o1M3VNSW9WR25fNWlhcDNjVzZDTGJSS0dkMTBxZHl1WWpueUVHTFBwS1dGcEVHRTgzWXNPc1Fta2t0V3pUVkdtSzYyT2tVYkNhOFlzSnpvaU8tclE?oc=5
2026-08-26 03:00,Investing.com,investing.com,"CoreWeave chief development officer McBee sells $42,755 in shares",https://news.google.com/rss/articles/CBMixwFBVV95cUxNS0J0T1huNnJ2blhuN2tmSU16VUZKSTE4YWpCTk1FZ1hVZkxOWkgzMWVPbmJLRFFmS3dQbl9sX0NXVFZKVmozN0xDa1dDQ01XVl95TG9rUWpKWGZJS1U5eU5mM3RSRTRTR3BsMWdPN2VVVzExZHFCdlV5a3FOSmttdklyQW5CNVFIR0Y4VHpTcTAyaW1sMERhN0NLZ2RWbHNERU1kOGdTZTBVUGtNMzRDdlNHNUZjTzNXVHk3UzI5cFRxdmJGQjBV?oc=5
2026-08-26 03:00,Seeking Alpha,seekingalpha.com,"CoreWeave: AI Demand Outstrips Supply, Yet The Stock Isn't A Buy (NASDAQ:CRWV)",https://news.google.com/rss/articles/CBMipAFBVV95cUxQMk1qSE94SzhmcEtLempoYklGYUZ2YTBGdjIzY01Fck1tekFlN0Q0WHJfVmlZbXF6bUxSdTB2WUtENXpsLXhCVHYxMVVlc2h2Z1hnZy1xeWcyVVNZTnVHOGhnVjE5bWV3dkNRZDlGVm43aTFXZDEtREV2OTVIb1NLUTJIVVltYlB2bko0b2E3amNuSkFBeTltdHBpR0JCbFFJX1dJaQ?oc=5
2026-08-26 03:00,Seeking Alpha,seekingalpha.com,CoreWeave’s Hidden GPU Economics (NASDAQ:CRWV),https://news.google.com/rss/articles/CBMie0FVX3lxTE9PNUVPUlZZRTZvckd4RkpwT21Zd3dUcVZWbUM0Z3B4N1hRckNXTWVkMEtQeC1uUHZnLWxScU1VenFHWUVWY29mdkdKTXBSSFptdFFyQk1lMVZ0WWdZWWpVWE94U1JJTHZab05IT2JLSHIzcllwUFNtc0xiRQ?oc=5
2026-08-26 03:00,The Motley Fool,fool.com,History Has Changed My Mind on These Millionaire-Maker AI Stocks (At Least for Now). Why I Have Suspended My Earlier Call.,https://news.google.com/rss/articles/CBMimAFBVV95cUxORk9tdGM2UEtWc2NWVnZVUDRFTGYxN3VFNmk0N0Mwd3d4Z29BcUJBOW9mRDUtZ2tQZzBub1VIb3FOZVhVODBYYmtTU2ZSdHBubk5qNjREMEVBTVJacDBudmlOSzdvS0VtU1hETS1zR3pLaWlCRG5Ld3c2SGlKQ0JuNGQtY2dNbURSLWFjendRb1Q0RFU2aWdwWQ?oc=5
2026-08-26 03:00,TheStreet,thestreet.com,Truist sees investment doubling potential in tumbling tech stock,https://news.google.com/rss/articles/CBMilgFBVV95cUxNV3FZWnNvMGE4TEI5YXlFVm9mS2xrdk5LQmR5U0hOeWZYMnlkXzVUVHM2UVc1TTJpSkJJNGZnWUZkN0psNnVueUF3NjNEM3FHUGRrMmxKV2xwTWpQZFJZMG02X2k1c3ZWaXVjd1h5OF9vNWRhZ1laeXAxeXZlb3lyQ3p1T3J2RHpBaXVoOEhWQ3NyOHVNYkE?oc=5
2026-08-26 20:48,Investing.com,uk.investing.com,CoreWeave CDO Brannin McBee sells $21.3m in shares By Investing.com,https://news.google.com/rss/articles/CBMirgFBVV95cUxQVVlYYU5JeHZ0RGFJOTg0NjBRbzJYYy1NOG9Dc2xiN3BMTFF1Tmk0VWhJdzRLQ2FPY1JnMklvdEdHQm81UkUwSTV3MThKdEpkZW5RMjNCZG5QMnVrYTYweDBfVm1EckJmeXNpNWowQ1Y5Q0N4ZXc5QktPU2NMSnV3NFFETXJJS21kVWhoUk5DRVB4ZnBRUFI0R05yM3VyekF2SlhRSWFQV29vdHUzMUE?oc=5
2026-08-27 03:00,Investing.com,investing.com,CoreWeave CFO Nitin Agrawal sells $488k in company stock,https://news.google.com/rss/articles/CBMivAFBVV95cUxNSjlMUW5PMkNlWDZIVTFsbVR5WjhZT3JRUllZdGxGZUdfX2lETlpJV0RTNE9sRHpvS1Jyd05TNDkwUUtLZU14XzhpTFdNMG9tQmg4cTBoSlRpWlRlZWpNbU1UUjUtRXp3aXZhMlloVUdVMWNtRWt6RjAtQlR4TTZFWlRqMFFuWmw5ak1Ebk12LS0yZDY0eTVjczFuVVdYLU1tbHlIX2UwOEZVLURZRDBDYTNUZnp3cWV5c21rdw?oc=5
2026-08-27 03:00,Yahoo Finance,finance.yahoo.com,Nvidia’s GPU Price Hikes Look Bad for CoreWeave. Truist Says the Opposite May Be True,https://news.google.com/rss/articles/CBMilwFBVV95cUxPbEI0azNiaW95UUxrTVBwMDN5bjNoR084aV94ZHhBQzJtQnNDcmhTTWZKaW40Qmd0Z256Wi13cDFWM01zbkNPOW42YTNYYmZLT01OallXdDBtc095SUZveHRBRUZMNWhkN09oSk9BeFZfajVJbTh3a2pXYkQ2ZW5LVjVWODJ4X05tdDVoREY4Vjd6VlZtNXVF?oc=5
2026-08-28 03:00,The Motley Fool,fool.com,Meet the 3 Stocks Nvidia Has Invested Billions Into,https://news.google.com/rss/articles/CBMimAFBVV95cUxNUjNRSUxwVWx3eUMyZ0lVYWhGcGVudFJnMnhXYjQwVHRCdDBBczVIbU9GUWZoZ0k0UWttY056aDRMaDhxSWIwc2ZmRGpKUTVjSUNHb1JyNHJVM0lHNkhrenR0dGNkZTQzcE9iV2xyWVAyYlZaNE9hM2xmY29iMzJ6Z1MxSzVUT2t3aTI5a3pmWXhuLTU4cWdWdQ?oc=5
2026-08-28 03:00,The Motley Fool,fool.com,This Was Situational Awareness's Top 5 Holdings at the End of Q2. They're All on Sale Now,https://news.google.com/rss/articles/CBMilwFBVV95cUxNaFB5OXdaTDZVZ3RrNnplaWk4Zm5zb2FvRlM4S3pmcHIzQWRta3NJUV8zNHFuYTQzZWl4d2x4YTIxNmRwSkxJanF4SzNPcVNfOVA1WFJuaG5VZ3o4YkxSZ0JQMUxKNEx1QTlhQklEalhFZXUySmJQN0FuLURnNUpXLUtuX2dUTXpraHpqalBrSGl3X3hhb004?oc=5
2026-08-28 03:00,Yahoo Finance,finance.yahoo.com,Could CoreWeave (CRWV) Stock Win as AI Demand Continues to Outpace GPU Supply?,https://news.google.com/rss/articles/CBMimgFBVV95cUxOSHdKUV9DcDl3ZjRvWF9TNWdSbTAtQ0Zrc2hpbF9NWDZscEZqQ2pFQzc3V0FHZV9WdWszQ2lvUHc5XzJhYnJIZFN1M2cyRDB1M3ZSRDNWaC1PWlk3cU9Bd3RmaHJtSkl1dS16T2VWUGRFWC02Vmt3M3ZSS094R2dtNGlod25EY3lGRlhrVnNCQk5JcWZ5cWF5eUJ3?oc=5
2026-08-28 03:00,Yahoo Finance,finance.yahoo.com,Wall Street Sees CoreWeave Anywhere From $74 to $250. Somebody Is Very Wrong,https://news.google.com/rss/articles/CBMiogFBVV95cUxPM0FWSFlzWWJ3aVVIc2RmYldGTE5vMHBYUXlyOW5uckZtM3FIUlhPLTBHbWxSbXBrWGZfTjE4U0wwNGRRUEd0NmhkTGtwbXdWcGVQVVJlRUlEWVV2RFlwN25oS1NzV1JST1JxN0NjME96TW9ySEoxcFI4bmx2TW9pTmYyMkpGNFpuRF9GckV2cFU3QXFveDlsV215XzAyUlpTcWc?oc=5
2026-08-28 03:00,Yahoo Finance,finance.yahoo.com,"Zacks Investment Ideas feature highlights: QQQ, NVIDIA, CoreWeave, Nebius, TeraWulf, Cipher and IREN",https://news.google.com/rss/articles/CBMiqgFBVV95cUxObldKa25rajJ1bTR3VXFQLUprR2JkUk81Nk15ckNYV1hwVnBBRGFoOVQ1TURCaU1OSzhWdEJwb3JRLW1qZm42eG41UkljeXBDUDFuX1lwX1JNU1ppR0FxWllQQTdaQ25pajlqeUtHd3VnOFhqRjlPaS00MmFESUhDMU1JQm9TRW9MamR1cVZESjJNamJ5dzBPMmpQeUt5U0VzTXpmV3U3bThmQQ?oc=5
2026-08-31 03:00,Yahoo Finance,finance.yahoo.com,"CoreWeave's CEO Dumps Over 300,000 Shares Worth $27.3 Million",https://news.google.com/rss/articles/CBMimgFBVV95cUxQR1Rvd1ZSSlJkd2tURy00V2l6YjcwMFR6amQzNTljSDAzWXIzbkpROFVuVVJhVW1jY1lTRFhTUlh5YU5qMWp6ODNnRG5mMEpmS1ZKVGtlRzhBY1IyWlVnUHRRUEJwbDNneGVEVWVKT05fa18wYWM4bk1TYXh3QXR4RjZ4NHAxbkhuQzlPSVduaTBneHlTaU5Sbjdn?oc=5
2026-09-01 03:00,The Motley Fool,fool.com,Best AI Stocks to Buy in 2026: 10 Top Picks & How to Invest,https://news.google.com/rss/articles/CBMilwFBVV95cUxQcTN4SWRQbVZpY1lwSnJjN3YxWmY5LU5Qck5ia2psWWRwcWplZ0RGTFo3ZmJrZDZ1S1RQZFF2NUcwOTh0NXA3NlM0a25ieHhPWHprdTBmbWxzY2FtdHRIMlpSY1pzcTU5ZkhfN0wtcF9UeDg4WnZVYTZPSkRtcDNZaUJ1djdPQ1RVRkVQeVFUTnJrMFJ5VXdj?oc=5
2026-09-01 03:00,The Motley Fool,fool.com,"CoreWeave's Interest Expense Hit $640 Million Last Quarter, 2.4 Times What It Was a Year Ago",https://news.google.com/rss/articles/CBMi0gFBVV95cUxOdXV0QmxnZDF2NzRFX0JPaktDbDJxTFZQWVdMWEdicDNpRkhXdEFQTWtMWDNlYkdIbkFmV1psbGlrTlB4WFcwdnpsMGRnelliRVZwQWJpVl9ZLVREV1IxOHM4RmQ4ZzB0enRJeklVeFNCXzVCVHlsRld3SnM5bjE4cVo4VmJMajdzTFA3bDNiWUhKVEhsamRoNDR1T2dVT0VRbGtwbHBTelZBcV8wd21vYk5fT0RxaUNfYmtMN3BpRGN0dXJUTTBJSXhpVlBDNW9vNWc?oc=5
2026-09-01 03:00,The Motley Fool,fool.com,Nebius vs. CoreWeave: Which Is the Better Artificial Intelligence (AI) Infrastructure Stock to Buy Right Now,https://news.google.com/rss/articles/CBMi4AFBVV95cUxQZ0ZQbUFmWXNIb2gwWFV2QnZDc0gxRFBId0thaXBpNVhPT2Jic0p3MHZJUTNXRV8wTHF5cnJtRDFaYnBDRlRfVF9oVklnOVNCeXZSNjdqREg3RUt6cDdPMHo3YU9DQ3VNbFdhTmc0RTlHRmphMkRnbG9vRGpTU0NQcWoyWGRnTndJQy1sNjdDckMwSHhpaW9zV1FzTDdtMWctVzU4ZnY2SHNTbU9KOFByR1RnMlBKMWVBNGF0eDdoMlFHQ19Ub0paWmlBcFNmNzR5bDVCYWNnU1E2cTJDSHVucA?oc=5
2026-09-01 03:00,Yahoo Finance,finance.yahoo.com,CoreWeave (CRWV) Stock May Be Cheap On Sales Yet Weak On Broader Checks,https://news.google.com/rss/articles/CBMimwFBVV95cUxNVXFXT3hfV1MtbDF4ek0zaGR3TS02bDVhdEkzeW5QTTlaWG5qa3VBWUVTZktFYmJ4YWtjMTBaRUtWX1BzOW05MEFMOUQ4WjZlNUUtZGpJZjJmMTVpUUV3ZGE5aGZqUVZ4XzBvNThSWXBKNUU1d1BOM0c3VkNFR1o2U05EYVZ2U2Q4MzdXMGh2VW5lU1FSRjFSV1Zfaw?oc=5
2026-09-01 03:00,Yahoo Finance,finance.yahoo.com,CoreWeave Offers So Much at $85,https://news.google.com/rss/articles/CBMikwFBVV95cUxOWWpUeWVBMmNoUWJ1N1RZY2p1U092YVlMQnhwZUR0dHhUTGwwYzlPRy12UXJCdV9XZlJJVUU3Yms5dnFOZ0NLOVZvbHZVZi1rRVNRVmE3MFF4QWxmanZiM2ZmLTlqVUZHZG1qVjk0dUl5QkZtMjJINi1kMWJkMUZ2aDJOT3hJbFhlYWtMTFItMkYwbW8?oc=5
2026-09-01 03:00,Yahoo Finance,finance.yahoo.com,SMCI vs. CoreWeave: 1 AI Infrastructure Model Has the Bigger Opportunity,https://news.google.com/rss/articles/CBMijwFBVV95cUxNaUE5ZDFneEhjSzQ4STRWWWxBUWc3WUlLQXBEMkNQT2lQSTJzUFY0MUJ5bEZCWWlGTml1Q05TU1hqZVBxd2JmRWpMbHZQQXRkanIwOWxSVEhaVDlmVDJwVnoyNnVBVTdrZmgtQkp5a1I4R2RJalBudmZaMkExQ251dGJRVE5CSTVPc2lPalIzMA?oc=5
2026-09-02 03:00,The Motley Fool,fool.com,Forget Nebius. CoreWeave Has a New Competitor. And It's Not Another AI Cloud Company.,https://news.google.com/rss/articles/CBMimAFBVV95cUxOYlVER3Y2S2xSeFR5UUxENGhManJfUk5rekhWbW5FMG90NEEzLWN2S1JybE9ZOU1yZUtrTEREYkRLR1laeVF4RVk5d1F6eVgxYmVEM1FlNlNlWXNocVhIQ2dIbmJnMDRwNGFfOUJFRXdQdkw0RzJXLThPTXNlLUFTTWRrMHhkZGRpbUJ6NHlBMVFGN3YxdlF6Yg?oc=5
2026-09-02 03:00,The Motley Fool,fool.com,Why CoreWeave Stock Gained 18% in August,https://news.google.com/rss/articles/CBMiigFBVV95cUxPeWd6cmQzYkpPNlFoTFdMZzhBeFlaOUlmby1QZE5HeXlvRlkzYmtaSmpjcUdHUG51aXpGU3Y3TkRYOHFkUEFrYndMV3dQdjlfM3h6SDNENWpIT0tDRUJwSjFVeEpLQXlLNzJzd0VhaUVvLXl5RXd6SGdIbXVSNE9pNUtsc0k0eDc2SVE?oc=5
2026-09-03 03:00,Investing.com,investing.com,CoreWeave CEO Michael Intrator sells $25.1m in Class A common stock,https://news.google.com/rss/articles/CBMiygFBVV95cUxOUVNLaFVXZUg2aWNiOVMtUVc4b3FSQm5TMlBWaGsyamRDbmxvbC1jSk9RMmhXN2p1TDNtejJNNm45YnJLQXpJSDNxdm05bERiY2tuQnEtTVo5S0pKc1Bza2N6M0ZQR2tXY3hUUk82NmtYZEVlSFVrRUphWmdnRnZFbWJ4dzJ4ZFhlLTdNVVltQlExNW1rOW5LV1I0czBLREZMWmRmRE80RTdjdkZ2RTBkOVVfMnp2Rmk1U3B4OEZ2MExoUjJCR0tMOEFB?oc=5
2026-09-03 03:00,Seeking Alpha,seekingalpha.com,CoreWeave's Interest Bill Is Nearly 4x Operating Income - That's Not The Big Threat (CRWV),https://news.google.com/rss/articles/CBMiuwFBVV95cUxQQWdqSkw3UDhkeG9SUmZ3c19NeWVXdS1wUkFic0VhaUhhR0ZnNGVZZGxtY1pCWnhCdXpaam51aWpSTDFwM1MxMFBiTWNBRnBhWG9LTF9mSS1kdk5mcmc4ZVFUZ0E5eG9zYlFJUzEzU1h2TFh0Q1NWZ0VjcHlvRTh4VmtaM2d2cXhYUDFVYk9SMnltOEJ5SEtQcnFYWnduMEZIbTY3TC01NHZJenM3eG16dEw5OHlYQjJtb2Nv?oc=5
2026-09-03 03:00,The Economist,economist.com,Neoclouds like CoreWeave are getting much bigger—and riskier,https://news.google.com/rss/articles/CBMiqgFBVV95cUxNZGJ6WHpXb0V2Sk5KTm1oakt2am0tVFNzTENnd0g3TDdyMVhmLW0yR2FwLXk4NFdjUEhNQ2NsVnliUy03YTR4S3NDVXRUMUpXenNqaXluR1hpWUJPWnNybW5iTHZZYU81LXpXRGhMZnJTaFI2T2x1dklYZEZ5ZHFQcXBTNGg5NWhjRWZ6ME5fOWtsZ1NpRjFMUXVBaXh6T3pZSURITTVacWRJUQ?oc=5
2026-09-03 03:00,The Motley Fool,fool.com,Should CoreWeave and Nebius Group Investors Be Worried About Circular Financing? Here's What the Numbers Say,https://news.google.com/rss/articles/CBMilwFBVV95cUxOMkYydGUtbHZ5eGVWTzR1Z09obDJlODQyX0F4WjBwSlc4Mk1EamtsOXZ2QmQ3VjY4NWFncEJHb09DQWo3c1daS0ZKaXdraFdQNXZfTEZPV3JoUXpHZzJXc3UzNUpJSDRqQ2JkeHJieUw5LXdseVdXbTZieDhuQ082TjFzcFVtUVJGeGQ5b2xDclVmeUxwdVJv?oc=5
2026-09-04 03:00,Business Wire,businesswire.com,CoreWeave to Participate in the Goldman Sachs Communacopia + Technology Conference,https://news.google.com/rss/articles/CBMi0wFBVV95cUxPWm5zcF81dXMwMGd4OGRXNjhVYS1valEwR2I1VXBQaHRyYU10ak9rOUpmYUpDMHhJbXRnVkQ2UzB2UUNDNFpfOUx5NUZ2ckJSZG1YUlNCcGVGYTFkaThZUEdsX1FGa092YnV1NWhyRmxuZElhZVByOWNWOC1iSG03SW1MLVZxNE5NZTJRYjJZUXFmSTBxX2dnNC1jSzRrVmlTM1NWamhoeWNuR3ZzMW1mQkZHRmV6ckMxWE1mMWNuN1JFTjFNRHk0OUVtODBIME5QaXc0?oc=5
2026-09-04 03:00,Investing.com,au.investing.com,CoreWeave GC McVeety sells $12.7m in stock By Investing.com,https://news.google.com/rss/articles/CBMiowFBVV95cUxPRkVaOWxKTTZibjhvZTdSSU9INkNkNVMxSkE2N1BSYTFIOUFxX1dJY0FmUVFleWZzYkV2c0dlMHRrbzFCSFZMa3lxQ2doQzY0eHY2NU0yYWpsMHJfUmNVRVhqYm9WMjJ6Ui00VDZza2gxNDlyRFFHaE4yUG00eVpjT1FTanJycUhYUC1ocVVsWXJuQXdKZGtvbG9IQXpMWUtuVXhF?oc=5
2026-09-04 03:00,The Motley Fool,fool.com,BigBear.ai vs. CoreWeave: Evaluating the Better Artificial Intelligence Stock to Buy for 2026,https://news.google.com/rss/articles/CBMi3AFBVV95cUxNR3gzOUMwd0hTMjByUnJMR29sQUZpU01LWTNOVUxqNC1pZjVmODBGbi1tNjQ3OWgwRUZWTjV5NlVYY0JRUnhqWTg0NUNtZ3JQa0pFNmdSV1k3cnZQaGJucmIxN0p6Q2dUSWxIVG43ZHF2dzFEMWVEOTNzTnRVUzEtMnJTVV9MSGtONjhuMzFJbXE3cV9HWERvNndLSU91NXJWSm5VVUw4dG5HTE8tZGhIWlZUUlpsWkdUYzNhM0pENDVSd1IzUXpnckZGTUYzbHh0NFdYZ0FLSG4tVWow?oc=5
2026-09-04 03:00,Yahoo Finance,finance.yahoo.com,CoreWeave (CRWV) Could Be 21% Overvalued After The Rescale Cloud Deal,https://news.google.com/rss/articles/CBMioAFBVV95cUxNNGQwLW5iZ0xKSXVZSExVblN0aWZFcDBkR2NHcTNkS3hmNm1MTlVSejNXbXpOeXlTME5hSEJLUlNlZFlDM3l0VElKdjlKUFotaFM1aDlWMjFDUmNJWnVsU2JKN1dLcnQwMlRScVJ5aFQ2ZTVZdXNiVlh1cnZpLVMwejhvc0Z4YzJkU1FnamlCMjlCcnlrWmVyekt1V2JkWWZ6?oc=5
2026-09-04 03:00,Yahoo Finance,finance.yahoo.com,"CoreWeave Insider Sold Shares Worth $12,734,129, According to a Recent SEC Filing",https://news.google.com/rss/articles/CBMiogFBVV95cUxPbDhGcjlTVm5teVlUNTNSXzhGWGZ5LVpyNF9SUmN3eW1aX3NtbTFGeW9qVGtucGdMV0ZnUUFRaXlaY0dXb2JNTnlQNkFTa1oxUjBaZVhjQ0I0djc0OEpnR0x2WjQwcTJlZ1FnNlM4WVJJMGwyQnBEZzhOdVg4OVlkR3VadlNkQ1dkVkc5Z1RZdDB1QnEzZFg0emV5NnVmUXRLQ3c?oc=5
2026-09-04 03:00,Yahoo Finance,finance.yahoo.com,"CoreWeave Insider Sold Shares Worth $25,127,375, According to a Recent SEC Filing",https://news.google.com/rss/articles/CBMiogFBVV95cUxNcWZWWXpnN21Rb1J4SnJERnVjWkMtdUdaUEpCc1Y5akxxMjFYQ1ZjWWlfMk90dkxLYVFrdjhLWmpqaVNNcnA3RmIyNVdnTG5UQ0pBYzZwNFJ0LS15ckRReEVqVHo4TllDdEhmY2tEY09yd1JKYWtnYzUtZTdfbUNQdzl0ODk2U0dlSl9pc2ZsQUNtLTBYdnJ6dHdhQzloNVJha0E?oc=5
2026-09-04 03:00,Yahoo Finance,finance.yahoo.com,CoreWeave vs. Nebius: Which AI Infrastructure Stock Is the Better Buy?,https://news.google.com/rss/articles/CBMiowFBVV95cUxONnhNVE91RE1rbEtxdWtYU0ZOX1BSVXhhbDc3NzhkVElFeWItOWFMRW96Q1VuNHRDdHdVek5CMW1Sa1RObGtIS2JvSGxtcm1abWljeEw3eEV6MUpWUl9ta1liVE1mOFA4ejROVS1NMjhZUG1MdWU3Ulh1YXVrQ1NjOVRLVUw1MEpXWVd2Rnp2V0MwMDB6Vy14ak45Nmw5NWcxUnNn?oc=5
2026-09-05 03:00,Seeking Alpha,seekingalpha.com,"""CoreWeave Is More Than A GPU Rental Company""",https://news.google.com/rss/articles/CBMihgFBVV95cUxPTUFjZlI3X3RPNXBnMjBlS0NlaGU4aWdVWkxWdjBNM0JkOGJZLXM0VFNFS1VJbkVGVnpmampjTXc1QjlDcnFaUUN1Z0h0d1lNd1hsUHRfRHBRSUlrTUJWbV9kb3IwekU5N0IwSU42NUdFRWY4NEU4OVNDd1NObGlsaTVZb2pKZw?oc=5
2026-09-06 03:00,Yahoo Finance,finance.yahoo.com,Nvidia’s $99 Billion Portfolio Is Turning Intel and CoreWeave Into an AI Stress Test,https://news.google.com/rss/articles/CBMioAFBVV95cUxNRlF0ZkYydXo4ekR5UnBIM3VkR2RFcF9aOVFkTXZGUG91ZWpjM3N5bGZSMndnQkJFY0NTYWh1WmlrdTZRbXZtNXdKeVR5WEtERG54VTU5NWJoY0tIaFItT3gyeVBUYUR2bm1pX0RRR2MwNnVuWV91THgxZnNtM2dLY2VzWFN2dHNtUDVLNjZsN0J0ejZRTkp6V3pQQ1RyelJV?oc=5
2026-09-08 03:00,Seeking Alpha,seekingalpha.com,CoreWeave: A Hundred Billion In Backlog And A Bond Market That Doesn't Believe It (CRWV),https://news.google.com/rss/articles/CBMivAFBVV95cUxPMmxwX3RiR1ZKYjNubVpwTXlFMC02dVZWdVo0NHExRTk2ZnNjM1lXWGhEbklsR2JhZDAtaHFvUnVRdklXcmM5dGZsbWNyc2xIaXF2aWdoOExHT3ViamE1Y3poRURZM1pvNFIxNW5VdVBOdDhLM1AtMl9qd1VEVlg1dk5qc09zNWFuU1BaNW9ZaEtIVlBnbFFiSWlfdEV6b2xvUFIxd0FuWlM0U0tIak1uMllkMVV3OUlfaXVLQw?oc=5
2026-09-08 03:00,Seeking Alpha,seekingalpha.com,CoreWeave: Cash Flow Is Propped Up By A System Of Unsustainable Prepayments (NASDAQ:CRWV),https://news.google.com/rss/articles/CBMitgFBVV95cUxNanEyX1FIbmVSMVBka0hmUjh0amt1S2ZXRk50X1NBUC1uT2pmVHlpSGh4QVZRVW8tMjRaaHk2eWtucklMclFESHJnSThjMjlrclc1M2FRYUNDMzhJc3hBYWJuYUEzZENialI5al8xWEFlcjk0WnI3RjJQLTJlcUYwWWlEWE9lTEdYeHZKb2kxdEJBRWhuZTZTcXZfVDZYdFhfNHd3SmhSUmMxMDFibm8xMTNfb0N1QQ?oc=5
2026-09-08 03:00,The Motley Fool,fool.com,Billionaire David Tepper Just Bought These 2 Artificial Intelligence (AI) Stocks That Wall Street Thinks Could Soar by 50% or More,https://news.google.com/rss/articles/CBMi_wFBVV95cUxPbHdwX0VkcVJCSnZsMWp4a0lWVHpBNDRmbl9EbHczd2Z5NEZ4elNGdERxQ3M0aGZSaEFvOWJ1RGx6OGtkSHpfNmxEMkMwNWl6MUNvOGdFYUFQSk8tdkpOTzJrNnpwbWF2NE9JbnlTNnZYV1lGX0tZOVFtaC1MS3hzbEUtbGxacUlBQ3VZRVFLRkUtczJTdDVFa2xzU29xSnFJazFmVnJGT0pEaXpiS0JzY3BxbTVMSzQ4UXBpMTQ0ZUM1dnI0SDY2VVNWR3NmRGdhd3NON3pTTkRYb3h6TVp2SmltWkRuMzJBV0t5RW40Q0dZYndCUjhGQWpZQ0JlNmM?oc=5
2026-09-08 03:00,The Motley Fool,fool.com,Why CoreWeave Stock Soared 12% Today,https://news.google.com/rss/articles/CBMihAFBVV95cUxOYkFZdUFCenlxbnZiUFBiX1NEMmlpN2xWMkFhM3R5dkxaWnpiUXEwMF9fMVpPdk44bHVPRm90MXlPMVQ2WS1OcXNRQjZITkJhQjJ5MnE1NERCOXdjY25LWm5WNkFzSlIxSDJseG1ERkZrem1lM0lNbXN1c2JqVWh1bjBfWHE?oc=5
2026-09-09 03:00,Seeking Alpha,seekingalpha.com,CoreWeave: Risks Are Mounting (Rating Downgrade),https://news.google.com/rss/articles/CBMijwFBVV95cUxOOHZXNG00UFBmQWhwelh2RDJzN3pGd1VuVnlHN2lVaFU5VDNoenlab1cxdFIzVU1OWEVKbjlCWVo2aWg4RkVqRzFJRldCWF8xYV9OYjdJTmlXSHNGNlAzcGQ0eFpRQ3YzVGdOUE5ISkltd0JiejBjVEFrMnJqczhoUWwxM3pJcHpKZ3AwUTI4bw?oc=5
2026-09-09 03:00,The Motley Fool,fool.com,Prediction: CoreWeave's Contracted Backlog Passes $150 Billion Before 2028,https://news.google.com/rss/articles/CBMiugFBVV95cUxNYVZyc25nSUg4R2hiLWQzRW9RUDBnY3B5ZzVlUU1FTk5ENGlPbkc3WnNWNlFKZ3pVUkVINkFGVnZ5UVZtbk5FQ3NtU0NfOXVDU1VVc3lOMGIxZ1I0b3dPZXp5c21WUm5uY2FQMjkzay1OcUdDdUJLWHMxbEV1dUdzUWw1eUp3eFV4UG5DV3hiNmMyVFNSQkFQN2w5djQtbTBXUHp2WW0xU0xCTnY0T19sM2tFa0FmYW8taGc?oc=5
2026-09-09 03:00,Yahoo Finance,finance.yahoo.com,Jim Cramer Prefers CoreWeave (CRWV) Over IREN (IREN),https://news.google.com/rss/articles/CBMinwFBVV95cUxOWmRPWm9US3F0Uk83dU93QUUzYUxobWJuQVIwV19yZXpvUDQ1Y2E5UTc1dzFUVTVRY3ZmczVabmZTRFRlMlVVazhzWVJFRnhJajd2dkJFbXdrRGlTQkU3SUdrd1NNWWJZMTB6czROTC16MGo0Q3d3aXBhenZkWGYtZGc2a1dBdVYyLTNIOG9NWTJ2OHA3M0FUZndBbFJvWlk?oc=5
2026-09-09 03:00,Yahoo Finance,finance.yahoo.com,What's Happening With CRWV Stock?,https://news.google.com/rss/articles/CBMilgFBVV95cUxOcXFOcDd6M1dxWVQ5RGNIeFBBcTRoeUl4MG9vbEhid2laaXBjTjdad2dKMmlPSWdsWjhOWlB1R0w1bTFnUmNRS2JCNEdvQmJ0M0F2eld4dWdWMER6cTI0MlgycERabDEyZHVjTGNNLVdoUFE1NEtMV0pHRmY2N3dfZlVhVEg4N3VrRUI5RHRpRHZseTYtd3c?oc=5
2026-09-10 03:00,Investing.com,investing.com,CoreWeave CEO Michael Intrator sells over $30.7m in stock,https://news.google.com/rss/articles/CBMivAFBVV95cUxOSkk5VFlIRmNKZTI3Q1ROV18ta1ZFX3dmUmRya0kyY2E2cHRPNTNiTW9tNE4wb1diZ2Q1QlJQUnBXdUV2LWh1YXFvRUtEYmwxZ3RDMDhXMlBZbURUMjg5cjg1RXRRRUlOTFpZZlNTSnBEdUctYjlrZHpjWnhwWXZ2clVHNV9zUnY2bXYwTWxCTGp2cjRWNE9UV3F4SlMtN2xISzlndUtka2ZVY3pnVTdNbWpWQnR4VXZSU092Tg?oc=5
2026-09-10 03:00,Seeking Alpha,seekingalpha.com,CoreWeave's Massive Backlog Signals Buying Opportunity (NASDAQ:CRWV),https://news.google.com/rss/articles/CBMimgFBVV95cUxQRVJuZk9pRWcteklPTG12OGpEMHFtSl9nRnNhS2ZHTlFydmIyNEJuZ2FRdVB5ZW9vZ3JUZ1BwNGp1SDZiOHVrdnlWLVlUTk8zbk1reTAtcFVORmYzMElwUkNwaUFWN3RYX2lFdG80blJzX0tSWmhzR0s4RkdRS2FiNk1tYXJtN21QYjlQWThVN1RaaWsyX3B1SW5R?oc=5
2026-09-10 03:00,TheStreet,thestreet.com,Jensen Huang just answered Michael Burry’s Nvidia bear case,https://news.google.com/rss/articles/CBMisAFBVV95cUxQVjlmOGhGbndUUklNcGdnRG1CdkRrQVlLeWRxWmtFNVBjSzRrd01lZmlEaUc2dFAwOHU0X0ZvTlZQRElnOVhVNmQtd3FKV3RaNWRJRU5DdVNsZkZ1UWF5Y2JFWmI3QXl2QW5jbVdPbXN5SFdWTFFFM0E3VzVQMUdnMEVRWmNkMlBqb2ZTVWxxa2dBVXQzdmthSjNfeVFrN3M4VE9JcjJPdVZPYVllbmlNZA?oc=5
2026-09-11 03:00,TheStreet,thestreet.com,David Tepper makes surprising double bet on AI’s biggest bottleneck,https://news.google.com/rss/articles/CBMilAFBVV95cUxNb3lJcVJDM1BUbll0Qk4zUmdjXzRPQ0lwdzlWM2NDZ1hJZG5hNk0tNTg3anV6eWpUM3BNS0JUS1VMbTZlejR3dFdrcUZ4d0RVbjRuYV9ORGVzUlRISy1nTjNNdlBjMG5seDcwMEtraS1aLVVHTXZZR2RPX05DblZFU211QlZYN2F5cGNPSkRpVTZnNm11?oc=5
2026-09-11 03:00,Yahoo Finance,finance.yahoo.com,CoreWeave Doubles Down on Physical AI: Can CRWV Capture More Demand?,https://news.google.com/rss/articles/CBMinwFBVV95cUxNbFVKNFRQVzJjMHJsU1ozVHE0SS00Tnotck4zQ016V2VHY1lma3N0dVdScUQ1TWlTbWJDQXpkYjhlM3ZQN2xORjJJOUh2dHZXSmp0ZWxrVG5QOWZXMmtycWNibFBmTnVNZm9udjdGNE1oZEgwS3NWZ29DV3htLVY3eDVlRTdLNVlaOV9tcTFjeVdoejlBSlBFT2JmWmxEeWs?oc=5
2026-09-11 03:00,Yahoo Finance,finance.yahoo.com,"CoreWeave Insider Sold Shares Worth $9,158,766, According to a Recent SEC Filing",https://news.google.com/rss/articles/CBMiogFBVV95cUxOcndLYUZJcDljMlNuTkJaVWs3SkNFUlRzRVBtdGVaWFpTOVJGX2pKUU5YcFptbVVCZUdMZU0ybWMwWG9KekVHcnlQeDQtaEljdmdjX0FMSUhzdkpvdkN1UWJfaXZ2bTR2Mm9EVlkwNTNjUGM0LTN0MG9zUXBkUmNUbW1ISnNXRHpsOHE5cnRYZElOeERSOGVjWTM2aXYxSU00U2c?oc=5
2026-09-11 03:00,Yahoo Finance,finance.yahoo.com,CoreWeave Is My Top IPO Pick Right Now: Over 75% of Its Revenue Is Locked In Through Contracts,https://news.google.com/rss/articles/CBMilgFBVV95cUxOZHlRTkJuVktOLVM3eG1YX2RZZUpVaGdqSk82cjBXNnJKREF5c21weU5Kcjd0UlJBc3JlME03UFVvblZCbDdKLUx0TExEUTB5YlV3aHdPLXpqNV84aE9HZU04MDZ1X3VKRkM3c0JVTWN3WnRraHN4YXBpc0xUcTZ3R1liV1dreHhGRFdOdmt6OEd5c0FjdlE?oc=5
2026-09-11 03:00,Yahoo Finance,finance.yahoo.com,CoreWeave’s Backlog Keeps Growing -- And So Does Its List of Believers,https://news.google.com/rss/articles/CBMiogFBVV95cUxPXzNzaW9jRUYwUERlQng0MlMtbDAyd1Z1X2REaU5lRE9NVjRzT0xjdy1PcG9GYnphdzJDRHpEMXptLVh2Q0FJeF9QVXV0TVdQR05kcnlTTzFtOFdaTnM5cDhkbktLTlJNcS10b0tfTWFUbkpuMHA1Wi1LaTJBcnpNYjA5Zm5iYlN2SXBEY2t2SGdRYmoyRkhvOHRWclBUNnBRMVE?oc=5
2026-09-11 03:00,Yahoo Finance,finance.yahoo.com,Oracle Just Showed a Less Painful Way to Finance AI Clouds. That’s Awkward for CoreWeave,https://news.google.com/rss/articles/CBMimwFBVV95cUxNOE9xa3ZMUzBJWDhDa2NEZWdhUkZvTkxvMHROXzNCSmV2c3hfT0dMYUlTQVJiekVnall2MjRiUk8yNjZZV0VXVWxRLWtvSTN3bWhQbWRia2dRZWZFdl8xTk90Yl95UWpPYVktaFc3UmtOR0dvM00wQk5jZXBvanV4YldpazNSaUdoY0p3WS1vRnd1S193d1UzbGxrMA?oc=5
2026-09-11 03:00,Yahoo Finance,finance.yahoo.com,"Oracle Surges 7% as AI Cloud Backlog Hits $664B, CoreWeave and Nebius Climb 4%",https://news.google.com/rss/articles/CBMikgFBVV95cUxNeUQwQzE1Q3pWcVZUZ0gzS2RvTXRLWmlLOXRvLW1MczNGdXB3RmV6aTg2VUtJb0Y4QXY2cUVveGRSbmd5R01jQ3RnalNpaEVwZWVzRU5uUGJaUjZVTEZMdGt5bG5QX2tNaFZIVjhaaTZoaE5DQTE5ak55UVdqQWJOZ2hDc0gteDJ2MzAxV2pZV3FtUQ?oc=5
2026-09-11 03:00,Yahoo Finance,finance.yahoo.com,"Oracle's AI Cloud Growth Lifts CoreWeave, Nebius and IREN",https://news.google.com/rss/articles/CBMimAFBVV95cUxOc3dMNFpJOGtxakZSWTliZ211TlRIeHNtUHdzdnlnWUxFb3BxbHBibTN2Tl9jZk9xVmV6QldCTEJfbVBnSWxtY2M0RlZQNzRWTEFFNDFfRkMtYVpoekFNTDdVaEtweENwRnVrQ0pJX1RMeGRHQzRhV01WaUlOLUhPRW9WdjhPY2tjMVFkdzg4S2YtNVlKeGNiRQ?oc=5
2026-09-13 03:00,Yahoo Finance,finance.yahoo.com,NVIDIA’s Older GPUs Still Earn Rent. What That Does and Doesn’t Prove for CoreWeave,https://news.google.com/rss/articles/CBMimAFBVV95cUxNNEFxQThKOWFHem0tc3BEdVhnc0stcWhYZWh3bU1ueU51RU82VlEtZmYySjNRRm1ndXJaeVBtYW5Za2F3cTNBNDVkRUdrZmNlRERBTGFmb2t2VzlmR2dFRWtFVmlXWDkwNkVhOXZxaW03RGFiWkIta0doTDNubkhERndlWFN1Tlhwc1BsR3ppMHVxODU3cURXTQ?oc=5
2026-09-13 03:00,Yahoo Finance,finance.yahoo.com,Nvidia’s Jensen Huang Just Delivered a Huge Vote of Confidence to CoreWeave and Nebius,https://news.google.com/rss/articles/CBMinwFBVV95cUxQaFlwbzExa0JaX05rcHFudVdvdzBadGJidUFUS2ZjN0RSc3VTSjJ4M2ctajJrYjZ5d2prQ2E1bTY4S3ZMdEhIcmZ2bHhaT0VPRzd4MVRQS1FrNUZaY3BsaFphdWNaRTVXMkJ4cnRYTVBJTnBNRXFIQ1JEM2JvUkZlbFR5RnltZGVKZ1JxTUVsaEVHeTg5NUNWa3VEVzJscmM?oc=5
2026-09-14 03:00,Benzinga,benzinga.com,Why Is CoreWeave Stock Falling Monday?,https://news.google.com/rss/articles/CBMilAFBVV95cUxPdmU0T0JWU210Q3ctWU5UVk8zQXBKVjJSLXcwNXpkcUtRN09JZmJHTU92WDR1MllLa0xjaFM1VFoxYkR2ZWFxRzNCWmNwZkFvWnhvMDB6S0FvOUlVVy1fVmRRZGhKM1RaUHlKalh0SGxMWElydXVXZ3lfODBPd0w2Sm1HYmN1S01KVGlCZUx0UFpkdzk0?oc=5
2026-09-14 03:00,Investing.com,uk.investing.com,Why is CoreWeave stock sliding today? By Investing.com,https://news.google.com/rss/articles/CBMingFBVV95cUxOc0tleDBLSWs3MExYb1VCYWdVY201OWF6eUplallPMGpEWUtHanhIWi1qWWQ2X09Sc0NJS2Y3dUo4Z2Z6TEJHWEdnRnEzWjQ3RnNxTlNma21TQ0VZZ184UElvdFppUU0xcVhPRk5xZEJRZzV1cmZhZUdtSm5qUmY2RUd3d2lKaEozblRxa2FQUGhfV25WQ0ctckhld0Nkdw?oc=5
2026-09-14 03:00,Seeking Alpha,seekingalpha.com,CoreWeave appears most exposed if AI model development slows: Bernstein,https://news.google.com/rss/articles/CBMirAFBVV95cUxPR0hkOE9ocE9pdGJRWl9pSWZBUl8xZDFMQjJfR25yZEN5d204SkFwWUpCNWxjM0tIVG5CdUNoc0lCczNxaVFkc1dWTnRrcVFDYnRpOE9pYndwUF9KWThYUjRnMWtZZEp4RDRTOHFwLVJnUWRkV083bDMwVGt4Xy1qc1gydmhVQzlJZGR1N2dEdm1SVlNMM29uLWItVTJlY1BoM1ZKX1I1VWJMcWRV?oc=5
2026-09-14 03:00,The Motley Fool,fool.com,CoreWeave Delivers Fantastic News for Nvidia Stock Investors,https://news.google.com/rss/articles/CBMimAFBVV95cUxNT3g1YU5ESmtDaGZtbDVvTmRkRlI2cHI2eDlaTGlmZGdRMzZJOVlfQlpSNlRoUzdKRTZGMjZMb1NQNjJwNVZJWldKRmpYR3dmTlR4azRPMExFUGJSOUMwb3MxZTBZY09VYmgtYUlZRENyNnBFWXFiRm1QQk1hVExWSlk0dVd4cEZsTzZIUURGNFdWSk5DVHlRbw?oc=5
2026-09-14 03:00,The Motley Fool,fool.com,CoreWeave's CEO Just Gave Investors Great News,https://news.google.com/rss/articles/CBMikwFBVV95cUxNdU40eUxTTVJKUVBIQmlYTnBKd05mY3ZtbUJlTGstTkktV2VNU3o2RXBpWF9RZ0ZWMWV3UkxMaFR6NlRhSUgzVkJqMlZRa1BaaHRMa1hKYVZhMEdZRURaaHZfeGNKQmZwZUZFZm41a1dsd3JBeDJVT3FmNXlRd2VzeEhZczY1cXNtZE1JS1NzbzRZQk0?oc=5
2026-09-14 03:00,The Motley Fool,fool.com,Prediction: The Next Nvidia-Backed Stock to Go Parabolic Could Be Hiding in Plain Sight,https://news.google.com/rss/articles/CBMimAFBVV95cUxPbWJXUWh6OFE0eWlVeS0ySTlFejhYZkFJYjRXOHJvc3NrX0h5Q2NOMldFOGIzcVExUFNSM1V3RmxHbXZaNzJPSjkwLTdoLTQ0X2pFa2JhdEE5QS1ldzVJQmJKNDdGNVlXZGt1R1c4YlZ5VFNhbE5JUXZPeExKMUhpajRiczVlaGc4d21mVW1SdHdJSUJaYWh1Ng?oc=5
2026-09-14 03:00,Yahoo Finance,finance.yahoo.com,AI-Related Debt Sales Are Near $500 Billion. Meta and CoreWeave Show Why the Same Boom Creates Two Different Risks,https://news.google.com/rss/articles/CBMilgFBVV95cUxQSVNESEV4c2RZdWdWWDkwdGZuc01SWXZESldXOUgzT1NRX0FpUEFwVzd5YzVuWE1LMWNYZElLc21ETXhqNmJDZ2Q5NnBDRnpFUUdpRDV0eVFObzNuZ0xYN2RGUk9teU5iUGZkZllURi1vVjlXaDd1Y1ZmQ2tzdC1wLW00cDRlSnJRRXdPOFZCTzQybTFfUUE?oc=5
2026-09-14 03:00,Yahoo Finance,finance.yahoo.com,CRWV Stock Alert: Why CoreWeave May Have the Most to Lose From an AI Slowdown,https://news.google.com/rss/articles/CBMimgFBVV95cUxPeHNkZUUxM1J6ekdHNm5JUUZRUF9hU3lKMVY3enYwdVFHakY5M2dkOTZZQkRkZzdpcnJTUk1CQUpzRG83dUFaRzhERHlCU2d2RS1DREdSaS1NdlNYTmY1TDNjNHFGWGpPVVBCdW9YRkRWMVBOMXF4Um5zZ24tWlFxazl3VExfLS05WkVzNC1wOHVVZkVqdHlmbDJB?oc=5
2026-09-14 03:00,Yahoo Finance,finance.yahoo.com,CoreWeave (CRWV) Faces Fresh Risk After AI Slowdown Warnings Hit Training Demand,https://news.google.com/rss/articles/CBMimwFBVV95cUxQTThDRjdSUWFXY2lPYVNfeXBwb0JhUWNocmNlNS0tV0RxXzJmZjNlVHhqNVFrUEllVjFVY3doSlhBS3RiNnB3Y05LdGlja0IzaWZkM1VlR2tyMnloc09HNldjbkVPVHI3U0pycHBlMkJuM1pYcWdNVFRLUWp1WDZiZm45NkRuRFY0LVBDRl92cDNrS2pjOVBSa2x4RQ?oc=5
2026-09-14 03:00,Yahoo Finance,finance.yahoo.com,CoreWeave Shares Sink After Bernstein Warns Of Slower AI Training,https://news.google.com/rss/articles/CBMiowFBVV95cUxNaWxuR0p4SWp6ZW41YkgwMThGWlc4WW92dzdEcDZ6M2N3SlNUUWVtQnJjampxUnNobDBfYkhOdEUyTmFSVHQ1bDR0NzVMbTliQzZZdV80Vl9rQktJSlFwYXRJN3hmWG10Wnl5MjhFODFpUWw3Q1llN1pscEVwMnpOMnFPZDltamp4ZElHUnZqZl9Tb0NtTWo5NDVGUnFMS2tZMGg0?oc=5
2026-09-14 03:00,Yahoo Finance,finance.yahoo.com,CoreWeave stock drops as analyst flags a major AI demand risk,https://news.google.com/rss/articles/CBMioAFBVV95cUxNb0FwVkVjSC02cVY3dG15Z0Q3VWt3LXp0dmg4aDl6c181ODgxZnp5UTBEVVYyR1ZONnl6bXFLSjJLREZQOU1wT0dRUFZQSTA1dzV4bDF2SUJBR3FHUm9qUUlLd2F4RlgyQjNWeUZyVEtPeXJXLW93X3lnOEh4SVlxWml2MmI5M1hFd0Z5Qlc2TmpDcmdzbnIzUUc0UzNjclBJ?oc=5
2026-09-14 03:00,Yahoo Finance,finance.yahoo.com,Michael Burry Is Pushing Back on AI-Slowdown Calls. CoreWeave and Nebius Are the Stress Test,https://news.google.com/rss/articles/CBMimAFBVV95cUxOWEFQajBVX0QtUGN3UUdLQ0llVWZTUFlRRzVuei1QdHpIeTEyek9PZERoTFptcW96d3A2MWlKYWR3VlVGWGkwRzBTaXV1ZDZFdkkzcm9RSmY3VTFRbHFuS1RrbWN1UF9LR0t6RUpXeW5TQzdXZ0JsQVMyM3ZOLUlKRUVnMzZzWlN0dEx4TlVtQldJYzlZT3JQOA?oc=5
2026-09-14 03:00,Yahoo Finance,finance.yahoo.com,Nvidia Stock Could Get a Boost From CoreWeave's Latest Announcement,https://news.google.com/rss/articles/CBMiogFBVV95cUxPdm1uVDdvaUhyX1FYX2VhSWhoel9ZMjRGR3JMMndoRllrM1U0YklyVXZ0N2VnU29YeU9DRkF6clBvYWpHZnF2ZmNLSmUyY3Y3a3V6YnVtaTIzcHlGQ1k0aDc0RmJZUm9OOXJTWmUtSTNkT3FSVERjalVFSVFpX1cxRDlITXBOWV9IYVRXWnlDN2dRUUg3TFNtRkc5clNiU3oyWXc?oc=5
2026-09-15 03:00,The Motley Fool,fool.com,Cerebras Systems vs. CoreWeave: Choosing the Better Artificial Intelligence Stock for 2026,https://news.google.com/rss/articles/CBMi2AFBVV95cUxORkdzbnFfbVRnS21BQlQ2TlFkRENEajJrNWYzbnpSeldkRDFyRzlNVUFMMzRHU250YXlrVVhVTmRzdWJ4eTM3VzZScFFpQjI0SXE1LUl1WEJuQUJaT3oyLWYzSURiNF95OFlpT1ZZMzdaVUdMU2t1Nng0WWM3UFpDZVplZmVaZjI4b0VPMXpJTE9BaFBCajBRazNNbWw3MUpsWFJVQ3V3NUViM2xSY09DdEpRaDJDcUdXaEpiWDVYS1laTlYyYUhfMUdNSE05S2RuRG1yZ2NiUlg?oc=5
2026-09-15 03:00,Yahoo Finance,finance.yahoo.com,Bernstein Drops Stark Take On CoreWeave Stock,https://news.google.com/rss/articles/CBMiowFBVV95cUxPOHhvVUoyR1c5MzlCRl9rb00zN18xZGN6YXdRd0ozTkZ4amlNRUlDU2RiYlRnWkdUTTRmWEZYRXh1aFdRTE8xVXI0SWI5M3BHYXdRTkxaREV5eDhVWU9HUDRONTJCN3J5QXVMUzZpdU5EMHJWSUVhVzhELWgzdzBSaWhsWmZNZTUwUWZ1ZmRTd1NVOERRWVc0b1V0ejZvUkJYekdn?oc=5
2026-09-15 03:00,Yahoo Finance,finance.yahoo.com,CoreWeave Imploded Over The Last Few Months: One High-Conviction Wall Street Pro Says 200% Gains Start Now,https://news.google.com/rss/articles/CBMingFBVV95cUxPejdYX0hxWFFIaEtrUDFwb2VWVi00aHZLcktsSXJTOW5JV1RmZ3BfbzNJanh5ZTlDNnR1Rnk3VXdTMjNjZ3pKWGp1WWRaTU1BdFYxSWkyZlI0T29POEVzb0JoZEpySkx3WHNBMHhCT2djOVZtVURpLXo1V2Z4cjRfcWo1bG0xR1J0OEc1X0Q0RE1mZ1R4Ql9ueVh3Z2N4dw?oc=5
2026-09-15 03:00,Yahoo Finance,finance.yahoo.com,Will CoreWeave's Margins Continue Expanding Through 2026?,https://news.google.com/rss/articles/CBMiqwFBVV95cUxQVzlvcXZkcHRwcTBwNWR3WnNEUU0tSHNSMFRkWE1kX1J3NjdxbFNJdGxrVG9EdFBHZzI1SllIM2xmSk5qQ0V3LWxmN3dpazZ5ZE5reWpYZDFUR0xwYUVBcTZsUzJhNlZmcWdoOHJPYk12WFRtbkdldVd6MXVTT3B2eFhHMldjcWVtOWNTODNGbXNYOHRRVVMtbFNFaHpPdVhFRjZOZFZpMmVMcjg?oc=5
2026-09-16 03:00,Benzinga,benzinga.com,What's Going On With CoreWeave Stock Wednesday?,https://news.google.com/rss/articles/CBMipgFBVV95cUxOUVVlclY3NmNYUGE5RWFiNFU4NFdBaS1RaGJwU2RhdnJGMlhfSUw2TUVCNm8zbWRIekJZS0dmOWktLVJtZUFVSHdYY0NLdzVCLU1UeFg4T3N4S0JCb1B3bElZWWdiM0F2cnNrYWhGbU5nTWg4RFNfajdMOVlYQ3NuWXpjOUtidGFJbDhjdF8yRUEwT2tmdGduREUtSkRiZkNtei10S1dR?oc=5
2026-09-16 03:00,Business Wire,businesswire.com,CoreWeave Continues to Contract New Compute Capacity at Higher Prices,https://news.google.com/rss/articles/CBMixAFBVV95cUxPelA5a0hSYWhzMktrODZrM2Z5QUQ3N3F3dW9LNlpwNmo0Vmk0R3J4c0l1UDFfUFFRb2ZMYXJhQ1BpVjgyMEgwTWp2ZWVBcDdacWVpcU5IX2xPWkIxcXNqWDNtNjlHeExvSlZSSG1GU3FjaWJ5UHBPOHVkN05PV2FRTUp3czRKRGpTUWp2amNNMjJCM1lVUVZGbkJ0YnhQQWQ4U3l5M1lQM1VtRUpUc080SmlTODlTaEppT0NNeVJfVXFZZ2pJ?oc=5
2026-09-16 03:00,Yahoo Finance,finance.yahoo.com,CoreWeave Brings Up Multi-Rack NVIDIA Vera Rubin NVL72 Cluster,https://news.google.com/rss/articles/CBMinwFBVV95cUxQZzhZYVlXSExUSkRrV2lIS3hoVGhXb1FYdjBTNWlLR3hoWkJiOF9LUWpXLW5DQXlyRnhlOTRHMHAwUnRvTF9pb2JkcXFtaV80aDE1QlZHaGdIU0tjUVBYMzQtdVA5bUUtWEtkNWhCR01XVmtYQ3RVQXdDV3Y4cmVBOXExb2N6eW9YRFVob1I0NHlCckljRGpLaGhIQ3dMN2s?oc=5
2026-09-16 03:00,Yahoo Finance,finance.yahoo.com,CoreWeave Doubles Down on Nvidia at Critical Moment,https://news.google.com/rss/articles/CBMipAFBVV95cUxPblZGbUtyNVRNYXlhMlBqQkRyUzBnSVhCRVZEQ3dxTi1IQUh3OVdfRUlVWi1UMHZxRlZWUlFiUDZTNmVmU3F0eDBfVlFnUVBlSVFXOG1uVzZzR0FIQjZrOXBkQVFUNGRqYW00MVZMblQ4QUNGc1RiUkwwNVpySV9nalBaSDFEcW9OT1ZkNlZ5SnFFamZkWGlIRTBROWc3LW92ajJBSA?oc=5
2026-09-16 03:00,Yahoo Finance,finance.yahoo.com,"CoreWeave Insider Sold Shares Worth $5,572,345, According to a Recent SEC Filing",https://news.google.com/rss/articles/CBMiogFBVV95cUxNYjFjVmhfeUlDWUt3UVpnYWZHcE1oNm9OOTBZSzlVa2p2OHdTVFlSWGZ1R2NGTmtSYWZIN3NybldzeTdLMUFZVDgyaWtzVGRlS0l6QnZjQVpNM25zZWdsZmt0ODRvaHdkeGczRnNFNnFTUExMX1FURVlPOGpqdnJuZmdxN1pYZmgtZ1JzYk5ESS1zenVSUnRVQk1nTFpvTnZaRWc?oc=5
2026-09-16 03:00,Yahoo Finance,finance.yahoo.com,CoreWeave Stock Jumps After Major Nvidia AI System Goes Live,https://news.google.com/rss/articles/CBMinwFBVV95cUxQMEUwVHNzZHJabUs2S2l1ZEsyUDIxRVZxNmdjbFByZk55Q09FOVlPX2w0V0FYSV80R1gwUkxkSjRSeTdnWkUwRzQ5R2NmRTdhYlpIc0h0LVAtT2FhaC1qOGNpLUJINUppX1o0dFJuZmZkSlhlbTRTblhHc2t1QVQ1WXV1Q0JmTWVXM3RyR0dqaWJ1TnEyak4yRjg4MmJSdHM?oc=5
2026-09-16 03:00,Yahoo Finance,finance.yahoo.com,"Despite Robust Growth, CoreWeave Remains Unattractive on Leveraging and Margin Contraction",https://news.google.com/rss/articles/CBMipgFBVV95cUxPNDlkdzZkaFh6a1FLelBHWGN3b2lVUXlCdF9IR3dJdWNKMWw5RzVGVDhBT0FMWVdCanRVU011S3RWeV93ell4Smo0MHl3VXgxZy1NTVRjcWFVRm1pMmtOS3lFQnVPWkNRVHM5MkpsUVVMYWNoS3JjbDljWmlwY0RNdlA4Ujc1aVJub2lIM3NfMThlT0F2ZDFMQWRTbTlDaG5idHFaODh3?oc=5
2026-09-16 03:00,Yahoo Finance,finance.yahoo.com,Is CoreWeave a good stock to buy? A debate on CRWV’s value proposition,https://news.google.com/rss/articles/CBMihAFBVV95cUxQdE81ZXlCUmlwYzVZWVdWdEdZajNJMlNhWHlIakVka0tHbnF5RG9CMnhwNlpubGlXQ1pQcDlOd1lEaS1CXy1ERzFEaS1KTFQ2OF9rdFdsWjM2NkdTUUZ6Qk1rZmFRcnl4Z3Z0ejJlaGJNX0hBMFJURmdweDhtcXVXTndwNUY?oc=5
2026-09-16 09:12,Investing.com,investing.com,CoreWeave stock rises on Nvidia Vera Rubin cluster deployment,https://news.google.com/rss/articles/CBMiwAFBVV95cUxQdmZ4NVdXb0hkN1BRcDBRZDVXMFo2Z0lKQTZQRXJ0ZDE5VWg5Y1RXTDk3emFaTmE2LUVKcUZFUlZpeHBWcWdJUEktQUxwUnpiNmxTbEItUjlNRmNzWFA4RHYyb2JSSkJQM2dGNl9UYnFtNmtqR2pSZnhQc2dyb3dDUWJTaE40MTN6ZHYzZ293alpwSTZPaHI4dTJiUjlVeFdzRXRycUpqT0xkTDJkTC1mazA3aERNdkFOV3Q4UDByY3k?oc=5
2026-09-16 09:21,Investing.com,investing.com,Why is CoreWeave stock climbing today?,https://news.google.com/rss/articles/CBMioAFBVV95cUxQUXZtTGZIQnJ6RHFCY2dHRUJTRHZIQklZVWdfOTUxSTM0ZnhTRlZ3bzRabXBjM29jXzNVVDVkM0xlSExkeEc1NDBVelNrVzIyb05lSm1LN3VOeE5LMmdlcHYwSWltMGFJRU96bnlWb3lJN2tSeTlzd0U2U2xaQWc0VTVvV0tObU9aTkRBNkNnSHRUc3VjME16SExBZXpCWk5Y?oc=5
2026-09-16 11:09,Yahoo Finance,ca.finance.yahoo.com,CoreWeave shares climb as Nvidia Rubin cluster goes online,https://news.google.com/rss/articles/CBMijAFBVV95cUxNSW9wMFB1Z0tWMTVmSzlYQ2cwVTV6SHpKbE9wWFh3cTNhcTM4b3YzbGxMa2xHN05ma3pfazh2WGFsTTltdHdsRmpxTGZHQnlBMlVVZXNLeEJlRnRmcTJVU1liYmJlNXRHV1M3UVZlY1lXenkwWmxkS2RrYTdFcWhfTkZzSXZkQ2dlT29yOQ?oc=5
2026-09-17 03:00,Barron's,barrons.com,Why CoreWeave Stock Is Slumping on a Good Day for AI Plays,https://news.google.com/rss/articles/CBMie0FVX3lxTE9mZk9DRUlOQkNFNkpQZDZTQlZOWmljRTdnV2w1NTZrTXdORURkc3hldXNZeU9CX1BXMnVJOFZJLXJ5VVBDZVRmanp2Y3NSVWV3SEdxSlFMRmpTMHpzdlIzRTgyWGRBZmx2WGVULUEzUk84UHp2aTV1Xzhtaw?oc=5
2026-09-17 03:00,Bloomberg,bloomberg.com,Watch Generac Up on Amazon Agreement; Coreweave Kicks Off Fundraising | Stock Movers,https://news.google.com/rss/articles/CBMirAFBVV95cUxNdW1DVW11VTdkdE9yTTgxaWRBVm13S0JKc2JQcWQ5WVU3RHNaVE1hTHRBUDNKbVhhbEo4aTdweDNFUUZUZEI3Q2NYcnJNYTR6YTJyYXVHclVNeUZOaU9palh6WktJZzhsYmZMemtFcU0yNHJZdlRFeFlEbklSS2pSemZ6RW14T2NHZFlpTk1xbzBCeFNsVzlBUEJNSC1PTGxjQVlqTEgtOE13VGFr?oc=5
2026-09-17 03:00,Business Wire,businesswire.com,CoreWeave Announces At-the-Market Offering Program,https://news.google.com/rss/articles/CBMiqwFBVV95cUxPS25sOFh5QTNmeW80LWhMQzdOYTMtbkpVY1NSR0RWMDBndFBXM3dTNWppSmtYSVJHWGRXWk1hSTk3TjI0THNZTmtKaURYZmtRS202SDhCYlFibUxveHZMT200X2N2clFudGdjODZiTEJFajg4dEJnU2dxbllfWkxUXzFMQV9mYUxmRmlTSzBEd3Z0UVlHUktIX1NEVUVNWWpMUFhlVFVJRnpELWs?oc=5
2026-09-17 03:00,CNBC,cnbc.com,CoreWeave launches $3 billion convertible debt sale,https://news.google.com/rss/articles/CBMikgFBVV95cUxQMVNmYkNUQ3FJZmx3NW1JYjJPbl9aWHRxVmVtcmFETVBIUmxpb3JTSVlJS3hISHFwVXAtMjVoOVdVNlZBOFJ4U1ExYkFXR0tfM1lGaUdLWTh5SjViYmdPbHUwUkZxOUhfU2czZFNXR3UwS0x3ZFVyQmJDdXRhcVZWWmtGOXRCbWRhNFFkaldfRHB6d9IBlwFBVV95cUxPTDNJNUlWdmFuQTl6NFNObG1TWFRoeDFDZ2hoQW1WanV0Tmc5R0VwN0pnVTFNV0xidkNLOGNZU1RWcXFxYlJtRkk0VzJocHdBeXhhM2h6dk90QXlkQ01VLVI0LUpyLTZic0l0dHVhYVVXQUdXQkxDRHJjbnExUzZCbDlLazRXU2JmN3JKUXFQV3hoVmkyQW5z?oc=5
2026-09-17 03:00,Investing.com,investing.com,CoreWeave CEO Michael Intrator reports $25.2 million stock sale,https://news.google.com/rss/articles/CBMixAFBVV95cUxNUElqTDlaMGNVUnRMQzlSQ05mV0pQdEc1U1F5SlJ3Z2tzTk5XRVFvS2RqRTZ5TW5ZY0JFUnpqNzU2a2JLYW5UX01vdW9DMDZSVFMza1NDQi1uVGgwbjA1WHFRb25nWEVKWTFhOE4tdnFkSmJFN1d4STY4UzhZcWR0U011UlJqNVFhQkFqMnl0S2VKbjNzQXcwUWxRZUl3QXFWbmNUNU1QVk45cHU2eC1wcU1TY2c4WlBsNVFXVkpVamlYeE9B?oc=5
2026-09-17 03:00,Investing.com,investing.com,Rosenblatt reiterates CoreWeave stock Buy rating after pricing update,https://news.google.com/rss/articles/CBMiyAFBVV95cUxPVkh6bUlvWW5ONHNreTJWZTJBdkpqdUdGZkh4aU1aQkFtcVo0ZTZvOWNKTHdGejNQUGhRU0l5NEhGbTJac3pZSHUwZXBkcUVFOEYwa0trc0FxMzY4MnpnVmM2TG85RHYwc0FMSDFjOG5Kd3lINTNGWkJsWnA3RGxqckZhUmZaTGFHM1o1OVp4cjhaazNOUkRTeVo5S3YxZTZkRVFxelY3MVRLdjBuY0c2aVZMZFU0V1JQR2ZGdkdyZ3pLOFFIVUlaVw?oc=5
2026-09-17 03:00,Seeking Alpha,seekingalpha.com,CoreWeave Needs To Pull A Rabbit Out Of A Hat For This To Work,https://news.google.com/rss/articles/CBMioAFBVV95cUxOZDhIczFaYnZacE9qc2g1RGpQc085a0s0OWx5QjJPcGN1WmRHclRqOHA5Wi1tZmxhdEpBVlJHbXBicnBvelBGc1h3MGF1cHUxenNjZHRNTlRteHRlX3NxSTFLRk5VUUNhM3FZVFdkZGRobEN1REhnaHZsMG1SaWdiWFpVcGxSN3BtZ0VmSUYtVDVIbGhOUWp5YllycXdRdmlm?oc=5
2026-09-17 03:00,Seeking Alpha,seekingalpha.com,CoreWeave: The Fed Just Made This Much Worse,https://news.google.com/rss/articles/CBMijAFBVV95cUxOUU5VNGdMWGtiYy1jY3hBa1VoT1RrTkVZMXZrUzRtLXR2VTdVVy1WRm53VFBWMl9LQjBZV0JraWxuaXB3cHJucmhaVVF2VkNnODdtaUk0bDhWdTVpSDNaci05bUxqLUJhWm4wY1Zlay1BRDg2NExrV2dGSFZIUHh4bXoxZ2VVdF9lR1pVNQ?oc=5
2026-09-17 03:00,Seeking Alpha,seekingalpha.com,CoreWeave: The Revenue Backlog Growth Outpaces The Fear (NASDAQ:CRWV),https://news.google.com/rss/articles/CBMimwFBVV95cUxQV2JsdkFDR3JkRjRGb0xTclJEOHRpV0FHaEw5LXJjaGN3VWRLQ3BDSkVEajBrR0Fsd3B0RU5BeTgyR2hMZDNYem5nTEdIT3R3QUNDRE8xa0Q4MUowQmljd0JQaU96ZWh6Q3JVb3o2RTJDcFdJUkNPZjVnRk9NTV93TzE3VDEyQ2oxbG5KTkVqRFJkZWJ6cWp6Q21vRQ?oc=5
2026-09-17 03:00,The Motley Fool,fool.com,Why CoreWeave Stock Dived by More Than 5% Today,https://news.google.com/rss/articles/CBMikwFBVV95cUxNbkc5TlI1OUdJaVlCZmV4V1JzWVZpd0oybTQ0ajRzQVFmQ1U2cEJOTFhVa1I4N0Qtem54aS1XaXNTcHFEb1ZOZTVEVWNKVVdJZkpBTld5a01UWXNlVVNJcTJYQWYzMlU0VngyY1dZQmxLMG9TQlM5YTZYZThmZk9haklzVFFkMUZ4X2pkbTVjNWF1dlU?oc=5
2026-09-17 03:00,Yahoo Finance,finance.yahoo.com,A $3 Billion Reason Why CoreWeave Stock Is Down Today,https://news.google.com/rss/articles/CBMimwFBVV95cUxOX1p0SVpjWF9idmlvbnBGM3NpQ3NhRGRGZG5OakI3VnU5MVpibWNydWtnM3psSk1zNDVHM3RNR3UydTgtTGtCekJnQUhaMnJDZDdLaGYtd0Y3a0lDajhXaXJLTVUxcXhPVzEtd2FHWXo4dkZrYWxQZ3dWd29kbDVYMjc1NDAtVVV6QmdYWUJPRGlpSWJxbFZjZ1c1aw?oc=5
2026-09-17 03:00,Yahoo Finance,finance.yahoo.com,CRWV Stock Rebounds From 1-Month Low — Cathie Wood’s ARK Bets $19M As Retail Favors CoreWeave Over Nebius,https://news.google.com/rss/articles/CBMilwFBVV95cUxOZXZCRXFMNmNfS0xHYVJwbmRsQmE1dU9xWnlxdWR4YTkwUlRIRGVKQ1hTVzdBcXY5SE5BRy1Wek9YbTFhN2djSW16V050eEpjdUQ5bU1SU0FlaGFNRXo3SUhPOThTSElPelJqN29TbExxMW95M0NCY2o0TVFycDJwTUJ5T2F6VldzLS1CYURKYTBnYmpOWFFz?oc=5
2026-09-17 03:00,Yahoo Finance,finance.yahoo.com,CoreWeave Boosts Agentic AI With Multi-Rack NVIDIA Vera Rubin Clusters,https://news.google.com/rss/articles/CBMingFBVV95cUxOcklGNDh4c3k3SVBUTkZHYzdQcVA5a3Y1LW00bWUxdS00RUQ0bDBIUDZnU3Bzc3RzLTZCSG8yYk5vbDRDdVItYndWajJNRmdqX3B2VkxkOHF3VzRDcndldVdYQmJ5SG1ZLVdUZDV4YVp5NVVWcGtrSUs4a2RaR0prbkhEMjhjaHFpaUxKZUUtR3pRR3lMeVZZOVprcHhkdw?oc=5
2026-09-17 03:00,Yahoo Finance,finance.yahoo.com,CoreWeave Falls 17.4% in 3 Months as Funding Risks Test AI Growth,https://news.google.com/rss/articles/CBMikAFBVV95cUxOaEJZbXRscC1uQmRpd2ZsTnBnVF9ERHNxWEZWd2FCYnZVS3FHcXRlQlBCQVNQSS1vaTdJVUVxUTkzMHlHYUx6cWdkZFNLQ0dBd1hMeFFCU1IxYVN3eXA4eXZiMGRpMkZtTDFkRi04Wm4tYURrYnFZZnlLSVpmUHB3Y2FUeXJSeDlieWVXZUV0V3o?oc=5
2026-09-17 03:00,Yahoo Finance,finance.yahoo.com,CoreWeave Launches 35 Million Share At-The-Market Stock Program,https://news.google.com/rss/articles/CBMiogFBVV95cUxOeVdHZnllaXpLaUthNmZQY00xcHFvQXlBZEZ6blJGVHhJX2J1S0llTkZZLU9IUWtNTm51bGhyMW9tRnNEOVVwNVFOekJJN1JlcmJIemJrUTV1QUpOQTloQzFReTI1bkNSOS1yR0gxV0NMVzNXMHNLMi1STEZLNXAyTmt1QnVXY1hTOVRtWlI3LXRGd2ZaWnpiS0VKc3lMYW5fLWc?oc=5
2026-09-17 03:00,Yahoo Finance,finance.yahoo.com,CoreWeave Proposes to Offer $3.0 Billion of Convertible Senior Notes,https://news.google.com/rss/articles/CBMimAFBVV95cUxQdHhVY1dUYmZvck53a2RqQTdvM2NJd3J1a191eFFBdEQwTllvc2tyTWdnTlFMVkNFbHhuOXZZM2UxcFJ5NHNrS0pPRWk2amtrNDlyZF9qNHlBOWllY0ZVcm1SUUZwbUp1VUY0SGRTd08wNXE0NHhWN1E3cUZhRlNYWmoweWtFR1BQYzJ5LUpELWF0N19rVVFoSg?oc=5
2026-09-17 03:00,Yahoo Finance,finance.yahoo.com,CoreWeave Shares Sink on $3 Billion Convertible Notes,https://news.google.com/rss/articles/CBMinAFBVV95cUxQRGJvaUZqU2MyYi1DMTdUajF6NnNiMUhiNlpXN2V1MGRSTjdmcXJjdmtsS3VZY1RpdE9RVmdBenYwNS1DN0pOOFJkQ3YyemRUdkJPMFQxVXhpNE9VTnZmM3hoZ1p2T0pTNzJzQjlMT3JlOHJMbkFaczd0ZFhrbmZMUzdDMFRGSGhmVndCUDg4dmR2U3lMSjRnbE14OGU?oc=5
2026-09-17 03:00,Yahoo Finance,finance.yahoo.com,CoreWeave Signs New Compute Contracts at Approximately $40 Million per Megawatt,https://news.google.com/rss/articles/CBMisAFBVV95cUxQNXlYbWdfLURCaFJTSTM2NkJpcFhJcTdTMkFuUVZsb2FSeHpaTnVIeTZGY0U0Z0hqZjYtQzhGMGtTZjkyZHE4Q1ZfanUwUTg5X0hydU1GRlhwWEtMUUx0SnRENnJwX1JiX2paUllVb1hFYUppZHl3XzE2QnJZc2RuME40bGtNR3ktQ25WUkw2WXBKaTVZQXdfMVZZWHBtc1gzaWVWVWNjLXQ1UTIzcEc0OQ?oc=5
2026-09-17 03:00,Yahoo Finance,finance.yahoo.com,CoreWeave Stock Falls as It Raises $3 Billion,https://news.google.com/rss/articles/CBMimwFBVV95cUxNaUhWVzhIbE9Hd0VINnV6QmM4UlFMTHRwNlpldUlKZF90eGpWa0JScm9KVVlNUzQ0NUJfanR3U05JVzl3MS1DOWdtMDZfaTMzaUFlY0phTDJvY1F4QXVqWnpKS2RIdXVfTUZuNzdWdnpFeUxWMVhqSWRwd2R0YTRjUU5MdGRnaW05SXh6WGV2VHcxYXg0NGVmZ3FaOA?oc=5
2026-09-17 03:00,Yahoo Finance,finance.yahoo.com,CoreWeave is in the News Because of Nvidia Again: Do You Buy It?,https://news.google.com/rss/articles/CBMiogFBVV95cUxNdFQ2aEY4UnFGOUNzdjFuekplM0N3emh2VHZVc3dmVG9rTzB0d1Q1UVlEc2pYajQ0aXZWVEdrU0NjZjV1UktsOVdWd3gxMjBieDBfcWt1MnlYMl9nZ0w1WkVIWVA3aUhqbWY2cnE3Sk9ZM1dZYmJPVWotMjFleUVPSUJFdjNHUTQ5cGI1ZWpzQmVlM2NQSDJ2QkVjc3loUUFoTGc?oc=5
2026-09-17 03:00,Yahoo Finance,finance.yahoo.com,CoreWeave seeks up to $3.5 billion more as debt load tops $35 billion,https://news.google.com/rss/articles/CBMilgFBVV95cUxNalNfblUza1ZZZU00dDJtaDUtVGlSY2VONFlsSHJLWFhuejdHT3p5QWF4MXZsc1QtWFI2T01kMDlFY1hpRDVRalVBQ2xDcXo1Nk5uZTdVaUhjRnptcG0tdXN3MlhfZ1BOWVAwalQzUk8wX05RTVBobzc3bm0xeDdlRzRBZFFpYTBzYjNiRVNmYnNZWFRwMkE?oc=5
2026-09-17 03:00,Yahoo Finance,finance.yahoo.com,CoreWeave’s tug-of-war: Record pricing power battles a $3B debt cloud,https://news.google.com/rss/articles/CBMinAFBVV95cUxQVVV5b0N2cE9FX2VGakVPZDR5Rkkzd2R0MzVUQ3pPVVFLdTBzR1JMTFJDZWNNbVlZTFdGUWVxN3hCdm9Oeng4dVdWb3M3YnU4NzVCMjcza3dpSlUxczBVTTd3TFBoenNHcHdmc191OF9HSVVqRDVxQW5lY3VLTEV6a1Z5eHpTT3F4TG15WXhHM0pHdTVlLTdNRHZQTW4?oc=5
2026-09-17 03:00,Yahoo Finance,finance.yahoo.com,Generac Up on Amazon Agreement; Coreweave Kicks Off Fundraising | Stock Movers,https://news.google.com/rss/articles/CBMikAFBVV95cUxNMF9ROHNkckVMVTNZV1FPWVZTRk5nMFYzOThzWHZ3NmRkMnlmMU5lVHc1dGs0OVBpdVhKOWJfSm8xUTAxWjl4dDV4NmdUSWppTUg3eFRZbllGRlZfbkFTWi0yelRsU2ZTWGhDWDNvODFrOXpibU1lY3NiVU5NMHhad1pBRDZzT0Y4RTMydTN6N2o?oc=5
2026-09-17 03:00,Yahoo Finance,finance.yahoo.com,Is CoreWeave (CRWV) Trading At A Discount To Its Sales?,https://news.google.com/rss/articles/CBMipAFBVV95cUxPRlBxRkpYYkRhRU5DeC1XUlUtS3ZoQnhrWU1SMW1uQkV6ZlhXVXEzaC1wajVaelNYQ040bjRGREdrY3dpZzVxb2V6ZUFtUDlPUGhzdlQ4clh2QVVqUXg5dmVUWlR5MkhaMTM3UUJKc0dNZm5ON1Bvb0pmUHpoUUhFMnNNZF95a2REOFBFRmlOY1l0WkRtcjZrSWhCRmptOXFFakJvdg?oc=5
2026-09-17 03:00,Yahoo Finance,finance.yahoo.com,Is CoreWeave Worth Buying as AI Growth Meets Heavy Funding Risks?,https://news.google.com/rss/articles/CBMingFBVV95cUxPa2xaaGZDUFg0ai1UdTZFRnZMdi13TTAtaVZGdXRhaE5TdHVXVXEtcDVoWHlmbmttSHd1WFNoWm56Sk4tNmZTcUhZZzlTSC1UdlgyMUNhR0h0Y2hJWUdjdG9PQnRLVGNSaFo5VllNeldXaGFDdWdLVWI0OVBySHFTWHdmRlNUNGNENVY0Y0NZU3YxaVBHMW1xR2puYjV5QQ?oc=5
2026-09-17 03:00,Yahoo Finance,finance.yahoo.com,"Stock Market Today, Sept. 17: CoreWeave Falls on Convertible Debt and Share Sale Announcement",https://news.google.com/rss/articles/CBMilgFBVV95cUxQazBoU3AyTGtpZWZjdU1ORGNVV2tjcE51UXlKdEpGQnFiMDV3QWZUSy1fc3hHZG9PWDJGanJuZnNnSUppVjV3YU9TaVowV2xCM2RSZ0pKbGxybGxYS29ieE9OSzd5QS0wZ0taaUFzQkdOc2hxY3RsZ2ZJVWFGZzdnb21OdmNBMmhRX0U3Vk00bVZRbkRLLVE?oc=5
2026-09-17 03:00,Yahoo Finance,finance.yahoo.com,Top Midday Stories: Generac to Supply Amazon With Backup Power Generators for Data Centers; CoreWeave to Offer $3 Billion of Senior Notes,https://news.google.com/rss/articles/CBMinwFBVV95cUxQcWJzVlNOOE1RdnhuRmNQcFpLSEFxS2NDVjA5c01EMTlLeUoxa0oxLTdXZndKZ2FXeXlTdXJyNUJMU2NNZXY5b0c0WE5kSEczMUt1ZVIyS0pKeTd3cjkwVy1RdzdxZERmZzNlOHNybVhjalFOWDBNd01ZTWdYOXdpMm9xY0VXdWdibHpNWFJ6YUllRHY4UWVIV1llRUhjckk?oc=5
2026-09-17 03:00,Yahoo Finance,finance.yahoo.com,Update: CoreWeave Shares Fall After Stock Offering Announced,https://news.google.com/rss/articles/CBMiowFBVV95cUxQMFZ2eWdDSkh5RWpuYTU3dzVFY29XMXJWTjBndnVsbjRGYjlrTE5kYnJkS0N3Z2J2cnloMlRleGhwZ2FEbktIcnh1ZzU5cU1CbUI2X3RvREs0NjJMQ0Z5NzREU3VCQjlqUlZnTjFjZTBaSkJVTm5yZUpjT3J6dDJjSUh0WDJ2Y3hQUWIyelJEVnJMOFVjZ2tuMUoxZUNYM1pRdXVN?oc=5
2026-09-17 03:00,Yahoo Finance,finance.yahoo.com,What Happens To CRWV Stock If Lenders Pull Back?,https://news.google.com/rss/articles/CBMinAFBVV95cUxPQzJ0cGNoTENkWU5tUnYyMy1xQTkwcGZib0dJVHJoWUVrRVRjc2xJTXM0WXpGMGFVOFFrbkxBblJvRDZQaEZsbEVvSHBYYVJDMkZkQkdQb3FwU0w5RkVrX2FZanZmVkJwSXlJVzN6cjZjWGRUOHRkcHZpRUJBeW1oNVd3UHdNblNBOFBNU3ZIVmVkQzVHZElvdVBVUVc?oc=5
2026-09-17 03:00,Yahoo Finance,finance.yahoo.com,Why CoreWeave Is Tumbling Hard While the Market Is Soaring,https://news.google.com/rss/articles/CBMinwFBVV95cUxPbTJ0NXlWZ3NLSkdFS2M2OEoySE10ZDg5UzV3RXRwdUJKTWhoOF9vSjJsTDZXMEhKMXQ2anBncndKVkZ1UnMwSzl6OEh1QVBUUVhUSFVaeU81cHhBcEdqTFNHVUU5aTBjOVNSTkRHZy11MnFaYTlreF9tc3dlSXVsWi1aYnhvOW1KbjNOek5PeG5sdEtLMHhmd2w3LU4tRFk?oc=5
2026-09-17 20:14,Investing.com,investing.com,"Cathie Wood’s ARK adds CoreWeave stock, trims Brera Holdings",https://news.google.com/rss/articles/CBMitgFBVV95cUxNeDBNc3pjT0xiczl3eEVyUTV3RlJJczRtaGU4UVo1b1VEdHozVHBleVVNQ0s1U3ZjTzZ3dC03Nmo2elZ4dDFDTXJwZ0FqOS1hbjQ3T19PaTBnNnJmd2RwaXZiRnBsdzY3Wnl1NllLazNucHptZjZOYU9yajFfb0thZjJMMHRTOF9paVRzMWZOckFNTkx1b0FmaVk1SEtEbE41VXVNYmxEczR5SVlwRVE0WlJTX2dwZw?oc=5
2026-09-18 03:00,Seeking Alpha,seekingalpha.com,CoreWeave: Don't Be Tempted By The Impressive Growth (Rating Upgrade) (CRWV),https://news.google.com/rss/articles/CBMiqgFBVV95cUxPUndOTkpMa2Q1ekVveDJuZEMxSEVib09Yak12WWs0Y0RUN0RTQU1BTFlTbUhTV2Q3YUJWUGJhQ0ZZVEdEVldHeGNsWEpNcVhzQXFsMTRiWVl4cllpc3ZrQkhfUlI0UExOWHpXbUpXMnp6WFVtT0V2QVVEcTZqdHRERUktVEJIUmlvVnZiWWZoTE1vNzhwa2ptTURXVUlCSnpzSXVMMmdsbl9tUQ?oc=5
2026-09-18 03:00,Yahoo Finance,finance.yahoo.com,A $25 Billion Reason to Buy CoreWeave Stock,https://news.google.com/rss/articles/CBMimwFBVV95cUxQWVNxamZkMm14TUU3WmRFWGpNQU5IQjVTWG82V3VneWdNQ0llOEJJMWdVekJFdXlGR0V6ak9iWTJQRTB3cDVocUlIaTNhd1IxSm9NNkVPLW1PSG1FZER5Q0JFWEpfdjBqSEh5dVVYdnJOVlhZTHdvUGlYdWdRNFEzM19xdlUyU3NUX2NhbEhxZXBHc243V1ItcWU3NA?oc=5
2026-09-18 03:00,Yahoo Finance,finance.yahoo.com,CRWV Stock: CoreWeave Secures $3.7B For AI Expansion With Convertible Debt Deal,https://news.google.com/rss/articles/CBMimwFBVV95cUxPYWRPYXVnZXpTb0xvLWlHNS1zdXhSd2g4MUdHT1QxLW9QbmNzZGh0VE1QRUQxQzU3akdsbEZidkRkSmFfX2ttM09TMkFIa1ExNlJmOC1sb2hpM181d3lPR0RUcTRLWUEydkpuMWNITHhHbVktSzBnSVNlcndCajFKOW1rajNhZWdmaUxHWnJpd2lCTVQ3cEZzVmIyTQ?oc=5
2026-09-18 03:00,Yahoo Finance,finance.yahoo.com,Can CoreWeave Turn Its $104.2B Backlog Into Sustained Growth?,https://news.google.com/rss/articles/CBMimAFBVV95cUxOcFgxZDF1SXpuY0tBYl9WenFLQjJCaXZvd2lTNTk4NnBFUUNVUWFUb1R1RUZWY0dTdHd0SXZ6SkRzcGxPVUV6b3pOUlJWSFFWaExzUHhlSFJacTZKZGVEdHF6RUFBek5xa2VFb1Y0SzVrOG9zaUpWZmpVVEJNaGxSdldoZEhzclFlQjR5RU1IX1NfN0Z0NkZjVg?oc=5
2026-09-18 03:00,Yahoo Finance,finance.yahoo.com,CoreWeave's $104 billion backlog comes with a costly catch,https://news.google.com/rss/articles/CBMiogFBVV95cUxPN1pTVnpGa3F2XzliZWhDWEhmWV9WSm8wSFQyeGhKOC1fMEEzV3llRU5XTkxWOTdxRGZjYVFPN0FNN05HU0Z0UjAzYm1HeDM2N01Ebm1wcmNYNUEyQlBiTEd2OFZybmtIUC1GODBjaW5RZTB4dzNzU3MzOHVxZ3hlRkN0SDFUb1liNDExYmFYZjNUd0NERTU3Q0FId1FwUlF2SUE?oc=5
2026-09-18 03:00,Yahoo Finance,finance.yahoo.com,Jim Cramer on CoreWeave (CRWV): “I Think It’s Going to Be Okay to Buy”,https://news.google.com/rss/articles/CBMinAFBVV95cUxPdGRNQ3FnVVdHOG9nTC02cUZST1RyWndJZzFPbFp6dFZneUJQNXpieUxkS0poaGJuYkh6dm1QdUY4NXZMRHZnTEttejlrc0M4ZUV1c0hqUHJfWXhWWXdiX3FodFBSeUo0SnNnalFhbkhNd2ZST3NFZHpUSDd0bTVlNjljX1NLVnVmbEsyNVZqWlVIakw3UEFNU3Z5VVY?oc=5
2026-09-18 03:00,Yahoo Finance,finance.yahoo.com,"The ARK Trade Watch: Cathie Wood Cuts Crypto Exposure, Then Reverses Course On CoreWeave",https://news.google.com/rss/articles/CBMilwFBVV95cUxPdmRTV0dhUUVTcGFQZnFiaksweFNxUmlSYXRqVmJSWXAyOVNfOVZhWEVFZ2hyaUo3dGY1bTVSYlJQZnJTSXZsckRaNzR5WU9ETEVEVVBOVFVEMnFuVUVGTFY3ejZXU3ZKUkRRaWJ0Y185d2RfeVdqcXQyN1FLVmh5TURJQkhlWkZUU1ZYQU9zUFA5V3NPNHJ3?oc=5
2026-09-18 06:40,Benzinga,benzinga.com,CoreWeave Becomes First to Deploy Vera Rubin — Here's What Else Happened This Week,https://news.google.com/rss/articles/CBMi1wFBVV95cUxPcGV4bmZnUUVMV01zNFNxY1NjZkNwdG5reVVPa0phMmlFSGpsaXB4dEtEUEhhRGxxeDBLSjRwU0dLREQycHcwQ2NBLWJiVWJDLXo5MXdMUXJzcUhCM2VUXzdaN2xnUnFNVUFLWWFmR0ZrdlFMczBLakUwdkxlcHlpbUlEYzk2YWg1YV94WWZEWlBvMUdiNUxqQ1habVZoWXpMRlpIVnpONUY3Z1JkTnByclpLX01OakxpcGlGU1lmTUU3OW9fR29FLXcwSzFPQXM3bzBZWWxscw?oc=5
2026-09-18 07:00,Business Wire,businesswire.com,CoreWeave Prices Upsized $3.7 Billion Convertible Senior Notes Offering,https://news.google.com/rss/articles/CBMiygFBVV95cUxNVVVmazF3bzN6LU0yU282aGh4cUpObTZ3SlRCV1Z4bURUOEdMS0FvLXVmeW8zZEFRRWt1R1ZRQVh3N2hhZUkyVGU0R25veUdnZXd4UHdMOWo0ZFY4TDdXLW5oektGUTFkUmlLT0M5U1ZHblBNQ3NuUVRVTGdnSU1DWTB2cmFVV2lkQkhpc0ExRkFNdDFhSktKVEdxemowLXBPSmxOdUdoNGxwMzU0eGozN0x3UV9ISWR1WUk1OUVTV2duemROLU9fcXJB?oc=5
2026-09-19 03:00,Yahoo Finance,finance.yahoo.com,The Unexpected Rival Threatening to Shake Up CoreWeave's Market,https://news.google.com/rss/articles/CBMirwFBVV95cUxQaGpfWXdYNWU5NnB1VUwzb2xrakIxMm1fRHBRbC1fTEphanpqMVozamlMdTJHeWhvUzcwckE5UTM1T2pLNHBLTW5BaUZseGZxVC1qd0RpVmNuN2FDN2hRQk8xVGdJS1lob215XzU3SVlFQkxYRmJJdFNsZ1Q2YmFfRzNQRGdmSWY1clVpeHQ2a1MzQVJRVlM3OHRwX014SGJiQk9hNmt1eE4zMWZHVFlz?oc=5
2026-09-19 04:03,TheStreet,thestreet.com,Cathie Wood buys $19.2 million of tumbling AI stock,https://news.google.com/rss/articles/CBMipgFBVV95cUxPcWlVZ0RlblVOU21QYzF2RnpGTzNJQjRFcVluV1pnSDNVbWhyak5CWm41MjVPcERiYWFESGFJSkVFTWoxUklCVkVDcEo1b09DOWtMVzR6NEtaRjFvbXdpSW9DM0V0MGh3N09WYmFxaFpWME5tWnhhMV85bU01Q3o0dlItSkY2OV9TS2gwTTRuSzFXY1FWMlE1dUZoc0dTbnBaeVpxakNB?oc=5
2026-09-20 14:30,Yahoo Finance,finance.yahoo.com,CoreWeave Rises After Going Live With Vera Rubin Racks. What This Means for CRWV Stock.,https://news.google.com/rss/articles/CBMimwFBVV95cUxNemJ5ZUtLRmhqbDh6bTE2d2VnMlF0Wm1MSWU5Q0xsdW1URXRGeFdZMUUycnZGcXVEUmdEN3ZPR1NmVEZGQnk0UUNQYmtTYmJCTEw0dFZpY3dVS0UxSHZlVnpvTHItNURfRjZ2dzk0eEVoUkhPV0RQOVQzdXhLWGR1eVp0Uk9nUjVDSUFLVnlVTzE5R0oya1J2ODNnOA?oc=5
2026-09-20 23:25,Seeking Alpha,seekingalpha.com,CoreWeave Stock: The Economics Are Starting To Change (NASDAQ:CRWV),https://news.google.com/rss/articles/CBMikAFBVV95cUxOMVBfeGRvTHdjbXBFSG1GTGc1TmdraGtFOUlKR0FHMkUzejE2YVFOOGpjVFlOVjlEZldCSXRSTVRJNV9QMzJkOFZuUHdkQzUxQmhBUUg1MzljRWVaWHFTbEViZE1MQ3lvQzhLcnhHdGtFRHQ1dzktWWNNT2ZSNXNuR19YeDhLZlFnbzFHVEQ5dV8?oc=5
2026-09-21 06:01,Yahoo Finance,finance.yahoo.com,Rothschild & Co Redburn Initiates CoreWeave at Sell,https://news.google.com/rss/articles/CBMiqgFBVV95cUxOLWpPa3RGXzlsQUpkUUdqaWhEUkV2NTlDaEpQOVl4UmxGcjRPbkJsUXY5azE2Q2JHZWE5cGV5VTZVZlg4YkxocUYwbkVqVmM1TjVaWW1EeXdpZXpqTmhEakZaYzFnUE8zdDZwd2hIQlMzeGpIYXo0NkY4RW1qQWFqOUx6ZWM1dTc2VGw1dVkwbk8tRUs2UmZHYlRndzd3XzhNU3RBNGpJY2I2dw?oc=5
2026-09-21 08:06,Yahoo Finance,finance.yahoo.com,"CRWV, NBIS Stocks Get ‘Sell’ Ratings, AI-Pivoting Bitcoin Miners Get ‘Neutral’ Calls: Rothschild Says Credit Market Is ‘Sending The More Important Signal’",https://news.google.com/rss/articles/CBMimgFBVV95cUxNb3B3UUxJZlY5Y3JmYnhTS21xVWFwb3l0LVNxS0Z4bmM0UE1iYm0tX0lzZ2h2VFlyWlp0anhxN1d4bWE3MWVqdDVnV0syd2phaFZRN29fNjRDdkhBS1pmcUMwdmsyOFdaZ25ySmtKTTMzZDBlUGpUc2dsMDBBdnhJWHRxaFhHM1Q3NHJubnhlaHRqeGR6TFhfUWZB?oc=5
2026-09-21 10:11,Zacks,zacks.com,Nebius vs. CoreWeave: Which AI Cloud Stock Is the Better Buy?,https://news.google.com/rss/articles/CBMioAFBVV95cUxPdzlnSWYxcHRYSFZuc3FiazJnZ0wwcnk3TGRCQWYxbmhRdFc3dHBJX3BhUFNDNXVQcy1Xa0hrX1ZCOEFzVkhpZlFZUFZQb3J2eThjU2tQT05KYVBELWthVWZqeGRYQ2pPSkZodG5hcUFoVWdEVVMxQUVZUmd6TmZ4eTVFS3lxQzBHNGl2RzJDQXVZR3VOV2VzbFBRYkN1Y3JN?oc=5
2026-09-21 11:38,Yahoo Finance,finance.yahoo.com,"Nebius, CoreWeave Get Sell Calls as Credit Flashes Warning",https://news.google.com/rss/articles/CBMioAFBVV95cUxPbzRYVUV6SXliMHlyV1cyMHcxZkFvNmI0M0RoZ3hHMnNEcjE3RFIzZTZWODF4eGQxYWxibnFEZzliN1IyM3VBX3hjVHRCYmlwTV9meHlmdEdLUUJiRVlZQUVDQ0RwRkRoOTRrRkhfY3FtbXA2U0R1aTZLd3lHQ0s3ZWxTbTQ1ZE9lamM5QmI2R25VZkhHOHVhTGRNakRSZ1Aw?oc=5
2026-09-21 13:40,Yahoo Finance,finance.yahoo.com,"Down 53%, Should You Still Buy CoreWeave's (CRWV) Stock?",https://news.google.com/rss/articles/CBMimAFBVV95cUxOc3ZOcHVma0d3bURJTTl6cGV2X0hPTEFBajRXeW5LLV9leklrUG1EczVxOEloYktXbWF0NExtVUJEaFJva1dvbUtRZXhLZWNYUktvNU5OZGVKT2U4YnZWdHlOXzgwUkRoRElpU3VRWDc2U3pTV25XWFdFTGtORTExYnFRd2FhVkN4cDNfTFRZak80Rkt0R1NRcA?oc=5
2026-09-21 15:51,The Motley Fool,fool.com,CoreWeave vs. D-Wave Quantum: Is the AI Giant or the Quantum Computer Upstart the Better Stock Investment?,https://news.google.com/rss/articles/CBMi7AFBVV95cUxPV2RkSDdxU1BINGNrY0xQM2o2UDZ1a0RvYmJUaWM0V2c5Zk13S29jUi1Wa016U3RQWmJtUGN6MFFGcHNJWjZiQkdGZUJJN0Z4R2RqUHBYRmlBbUhaZmVQQVVVazloN0J2TW9uMGN0WXRjUmJ6TDdOTjJQNERoekE3LTZVV05JQVFKRUpsZmRHYlZmbE52WVNYcDZGa3VhbEtxUnFiQzRvbEl6Q1Q3VUp2dmQxUjhJbERmUmFCZnhBZFJvcUJiekpjOGVaRjJabmdWSjZzMjRwb1ZHM0VTalJOR3A2bTJjYjBrRjFlWQ?oc=5
2026-09-21 16:30,The Motley Fool,fool.com,Better AI Data Center Stock: Nebius vs. CoreWeave,https://news.google.com/rss/articles/CBMikAFBVV95cUxOYXRqV3A0U3JFV1IzR3UxSzhjZFlIN21HTDhfdHhEazFOUlQ3T3hfM0cwV0drekQzUF9IMUYzRDR0TEcwbXcwcUlQbVpwdXRYcXUwMFVMUW5ydEtlMzB0TFNjOGdHb3ZyV3NudTQyWklXZ1gzOXdXSmJOTzdvblhiX1JtalZfZnJaVTJ4TXd2MWw?oc=5
2026-09-21 20:00,Yahoo Finance,finance.yahoo.com,Market Chatter: CoreWeave Tied Data Center Project Starts $1.1 Billion Junk-Bond Sale,https://news.google.com/rss/articles/CBMioAFBVV95cUxQSW82Zml4U3lQSFdLbTdkMWNuTUFVd045WW1vbFlNX3J0Mk5iMG1RUjFYZWo1TmhUZWFzQkRwanJVREluR2JKOGRVd3labktNVURpT2VCSFl2WlItWjQzR0F2VTNKaVhLVU53WFZyQ0p5T0wzRFZ2MTlOTTJidFZ5cmNVTDVUNmZuaGl5Z0dzNjgzcG9UMTFfZl81YUFTWFJP?oc=5
2026-09-22 00:34,Yahoo Finance,finance.yahoo.com,CoreWeave (CRWV) Rolls Out Rubin Clusters And AI Storage For Agentic AI,https://news.google.com/rss/articles/CBMioAFBVV95cUxNcE85MXMtenlXQ2ZQOGxVRVl2QUN3UU1TV0FhTzM4TkNRdzhwUmFwZHc1WWxRVVMxY28zYkdkcEt6S1NEc3ZJYTdJMG9Gb1p1RWhQbWxZaHh1R3FobDVsTHhFTGxyVVE0c0FDUGJTS2laUkcxMk1NVGVVREZ2WGxFc0tzT3ktVExabm9KNG9OWDBzWDU2eTR6TktQVGJwSldy?oc=5
2026-09-22 08:03,CNBC,cnbc.com,"Here are Tuesday's biggest analyst calls: Nvidia, Netflix, Broadcom, SanDisk, Meta, CoreWeave & more",https://news.google.com/rss/articles/CBMif0FVX3lxTFBsWGU1NEhCZ2VJb3hUUTJQR1dGWFBJZ0VodlhCU0luQ09tNHNOcXFGVkFRTmdZRXBRXzZxVHI0OXBCYk8wNXh0X3c1LWxDMzZOWEg0YWZEd28zbTgtcW5wcnZGeThFWlF3Ym9VUmNjV2VnbjhPZDlrOVd1NHA1UmM?oc=5
2026-09-22 10:24,Yahoo Finance,finance.yahoo.com,CoreWeave Vs. Nebius: One is Much More Exposed to The Looming Neocloud Threat,https://news.google.com/rss/articles/CBMimAFBVV95cUxNR2NaWHlma05YdVU4Y1RSbi1iajJXZjJzZHZ2RXRwRjd2OXJtU0lLYnNTa1I2SkpEX1Y4SXVvY0FXOHQ1S25zNFBFc2RyQ0dtNno3ZnRDVE14a05EZm15NFpQTGFDMklHMWZXNy1WY01kaU8xR09mN3MxMDZOc1JJMGdFYjY1X08wUHVwZnR4TmNoVnJLRGtfXw?oc=5
2026-09-22 12:30,Yahoo Finance,finance.yahoo.com,CoreWeave Has the Ingredients for a Monster Rally. Here’s Our Price Target,https://news.google.com/rss/articles/CBMiqgFBVV95cUxOTmlBbFFmZVNibUtPNGlXeXYzd2VvcmlQZHUwUHE4blVuVVNkSWdvLWh5QjVmdmJKWGROVXdocFF4Vk1jWm9nZUwyYS1FRkNPa0xEcUd1a0pZZmI5Y2wzVXFZOENiY01rZXVTWGR4NUZrSk5MYzlUVnhlaTUta0NsdUlLcy0yNFRlRVhSWXYwYlFRclVVenVoblhfekYteDJ2VFRpQVlOOEVIUQ?oc=5
2026-09-23 07:18,MarketWatch,marketwatch.com,Why CoreWeave’s beaten-down stock could be due for a major comeback,https://news.google.com/rss/articles/CBMirgFBVV95cUxOay13cXVucVhtV0pOcUJfb1h0cFY4X1pMcGJucy03TTRtTXFjWmRPUkhGVlEzNXM2NTVIdUZlejB1Q3MyWjRnOTJRb201SjhvYVZOdXdYM3RwN1BtdVRqTDQzeGkwRnBLZWtYYWZ4V3c2NXhfUjhlQWFJZVhwaDlSSF9FZjk1YnZla1AtOExRSDZ4YmpYd2RvMmRZbnVzdzVZQkxrbGNYZVRDYjBHbmc?oc=5
2026-09-23 08:12,Yahoo Finance,finance.yahoo.com,"UBS starts CoreWeave at Buy in non-consensus call, sees 40% upside",https://news.google.com/rss/articles/CBMimAFBVV95cUxPbkJYUHI0bXVTUFVWMUhqamdGRTg4cHhIVjBOak9EZ192alNiZ3MyWWJlcGo4UktkX0haN1pSZGNwWVc5X201TjdTUDZyWEYtckNxZnhLeWJzQTRvSkFsdHk3OElJa0IwaDJfLUlyRkU1RkhYeGt3TDVhaGR6c1VIWDh3ZUFVY3RsOVJZMGRRTmRrMDBSTnBkUw?oc=5
2026-09-23 08:51,Seeking Alpha,seekingalpha.com,CoreWeave in spotlight as UBS starts coverage with Buy rating (CRWV:NASDAQ),https://news.google.com/rss/articles/CBMioAFBVV95cUxOTXN0U1lUX1ctSDRuOHF2Zi1zbHUxRjhGNHQxZUdweUFhTGxBVEFJZGdaN0ZpcFhlUmgxQXE5THgzRXQ2WEM3Q3FRNnZkQVhJdnE2UUM2UmFnTFFVRmhtSTVzam5lcndpX0VYNy1pWjlENFl4bzhOX3Q3N0hzd01aMGR2OFAzbFJSeERSMmFSSjQtTExwZlRmOEVQd3BGSkpC?oc=5
2026-09-23 09:41,Benzinga,benzinga.com,"CoreWeave’s Debt Fears Are ‘Peaking,’ Top Analyst Says — Sees 38% Upside Amid ‘Durability’ of AI Compute",https://news.google.com/rss/articles/CBMi6wFBVV95cUxPNkU3eVc4dHBZcmNoc0FBS3dxbURheHhqLTdlUjdONVhPZ0pXTkFqUUJhT01aZlRzTnNYdHQwbzVkdnNCVUJUcDBFaC1PTVpqSUFYMFdwbGt5Si1oR1pBSk1CczJEQnR1NmhZZjQtQmFDVXozcS1JNjhybE5FMTJSbjQyOENoUVFaZDRJWUxkWWp4S1RRejU1VWQ3TzF3UFBRS3lWbV9ZOVNJZjN5bHZRODFOdy1WdnF6ckxfVUNhSDBObzFveTF5WUtXV0RQdFpnM20xZFJXSEhuYlhCdEQ4ak93MUNSajFhNzNZ?oc=5
2026-09-23 10:03,Benzinga,benzinga.com,CoreWeave Stock Trends Higher Today: What's Happening?,https://news.google.com/rss/articles/CBMisgFBVV95cUxNRVhIM1F6d1JMcENHZVNBWFNHS01uUTdTY21NRFh6Rk5kR1BSaEo0RVFiYUtJQ1BlZzhrcWNlUFNQOVJnektaLVl6ZjZPWC1yT3dhdjVWM0MtNUFBVWZTMUQ3cXBENVZfV3hxTmhoLVZKMVp2QVFha3dDNEhoOTRjck1PXzVwaEc5V25SLTFRZ1ZQNlUwXzc4UFg5UUNjcGxvclVJLThIcFRoaWt2eWJCNnBn?oc=5
2026-09-23 10:12,Yahoo Finance,finance.yahoo.com,"CoreWeave closes $4.2 billion convertible notes deal, 40% above initial proposal",https://news.google.com/rss/articles/CBMimAFBVV95cUxPS1RrRVNhU0VPc011N2N6elJoLS1JejhqR2lLQlV0VXJlQVNKcmtUOGVVODdhcEpNdGxnY1VXUEdURUJNRk9hTlQxTWJNdndudWFvTVBvRGc0T1FNRTZmSVJicmpMMUVCZ1IyRFVWRkdGY1YzX29PT0VOZG5oTnVZZnF6S1BwcU9KUTg0VTBKUEcxb2h2QUdwNA?oc=5
2026-09-23 10:30,Yahoo Finance,finance.yahoo.com,CoreWeave Stock Has a Massive AI Catalyst. We See 94% Upside,https://news.google.com/rss/articles/CBMiogFBVV95cUxONFFpSWZVM2NIWjVBX1pFa2hLY2l5aXhhNnpUQ3J5bnlhX3ZLY2NyNExCUWtyblVsLVpxWDFtY2JjZmJzSVVZWEVEcTVIem42SF8xY2Z4ZkRSZG0xNEhNUGVaR19kZ01jNFVuMnBLbVRETlktd182b1VhUGJzTTkxV1A0VzQ5ci1Wdk5qSVBLY0xkOE1jTTRoZ2dwNEhVR2ZLdFE?oc=5
2026-09-23 11:28,Barron's,barrons.com,UBS Says CoreWeave Stock Could Rise Nearly 40% as Debt Fears Ease,https://news.google.com/rss/articles/CBMiigFBVV95cUxNQTNoMkEwZHVESzhkU0tsX1U0c18xOFF2b1NCX1Y2b3dnWWtMUVc2cGJvbGFUeVNsS2tOb1d4MzlCUTNPTW1ieHdmeHBnWVVFRnhRdDVqNFNBOWo2Z19UT2xjYWp1b2ZtMGhPZzgxNnYwdkdNa0NJbUg0M1FOcmlITDZMUml4LWRZb1E?oc=5
2026-09-23 12:10,Yahoo Finance,finance.yahoo.com,CoreWeave Just Got a Big Vote of Confidence But There's a Catch,https://news.google.com/rss/articles/CBMilgFBVV95cUxQN19SNF9VZ1JoWE9CN25XeFI5T0VuN1g0d0xrc3FXZm1zMDdfRnp2OHRvS3VyM1IzbkVUX01qT2ZkSnhyX1dhVjNGbmNzNmkzQkNtSWJabTRHbnZfTzd3ZndxRXFieXlNUVBzTzJwZU1zYklnRmd4aWlBcnZGUXhjdlRJYWF3MHpCb3RKUnVRcl9WWEZvWUE?oc=5
2026-09-23 14:59,Yahoo Finance,finance.yahoo.com,CoreWeave and Nebius Just Got Sell Ratings. Can Their AI Economics Hold Up?,https://news.google.com/rss/articles/CBMimgFBVV95cUxQZk1WOGQ0X29hUWRyTkZsc254c004OWFYMTF3ZnVMMkU4VjdUaGtZWE9SaTQwVzJHTFROcmlaMkJDZmhDUFBCM0tMMkdwbWtDYWdTN0lnRmZmMmdoZk15UXpkX3VERHh5MlNxMWExYmZ6ZzJBUkdSMWg3ZEFGMkRpbWh6Slhfc1pPdUNXQ2EzV18xa1VCTkFfWHBB?oc=5
2026-09-23 15:33,Yahoo Finance,finance.yahoo.com,CoreWeave Just Scored Another Big AI Win,https://news.google.com/rss/articles/CBMingFBVV95cUxNNGtvZE1MX3F1NjBHRnozZTVuNGlteTJKWGFJeFlNbUpTSGFwYWFlVzJQQVh1WGdtU0h0dXM1TGdQenQ4SGZnRDhLTy1SRy0zcXYxZTIxSnVtR0I1ZFdsMEFwbVZEZjZ5U1k0ZjRNOU5Nb2lYYmhlOElqaWY1X2FvSFJNU2hHYi04U1lDYUZPQWk1TnBYTjV6eWdvTWM2QQ?oc=5
2026-09-24 06:54,The Motley Fool,fool.com,"This Artificial Intelligence (AI) Stock Could Soar by 63%, According to Wall Street",https://news.google.com/rss/articles/CBMivwFBVV95cUxQZnd6cVRPS29hS2x4R0tVelktajJTVHkxSzZTQmk4Vm1Kd0tsYVptdjl4NVRlci1iVEc2UHp1Z0ZuV1pfQ0gwbjk1eXluM3ZGR25TVFprQkNRZWczOEw3Z01tRlpSV3NNcUNfaEJZRE5faURKblZRWEV3ZFFjVjVGSU1wRjRCb0syWERoc2I2ZHFuMmxJSTFUYjFLOC1vTS1sbThnMkQ1NHRtV0pRaWp2Q2VHNVRvQXBjMHlvdkQzWQ?oc=5
2026-09-24 07:35,Benzinga,benzinga.com,CoreWeave Trending: A New AI Customer and UBS' Contrarian $120 Call,https://news.google.com/rss/articles/CBMiwwFBVV95cUxNOWZ0YmNTVG93REkybnhiN0dlOHlGTTI4NmpndzdpVFRuVElIM2RleUN3WlhaNmdteUt0RTI1anl3dWxnOHlRSkdyaXZVNS1nVWVuZXB0d0RfVXBCZ0hqLVpCOVhvY2R1TDNPaDFUWkZRUjNnVXc1SDdkVk41emtEODVoQnI4cEM2SGJiUC1KTDdYVHJwNGVkTFhCdUJwbVc3R2hseld5ajNVbjVIdmJLbFVxUmdMdWlnWlVDZzZUSEY3Nlk?oc=5
2026-09-24 08:21,CNBC,cnbc.com,"Here are Thursday's biggest analyst calls of the day: Nvidia, SpaceX, Imax, Meta, CoreWeave, Tesla & more",https://news.google.com/rss/articles/CBMihgFBVV95cUxOeTZ5SDh1YmtTR2pZN3JGVjA1endELWYyQTJrbFlLdkN3Z1B5SzFqVW1MWnFGQm1lX21saDJLbnUzOUpsRDFEd2pOX3ZDbW4xZmNKTGpfM29aVnQ3YThscjMzQ3AwbFdfQlZNVkR6dV83YU9Wd2ZwNkR3WDdlZk1HWWdDVVExUQ?oc=5
2026-09-24 08:28,Investor's Business Daily,investors.com,CoreWeave Stock Upgraded On 'Favorable' AI Cloud Pricing Power,https://news.google.com/rss/articles/CBMioAFBVV95cUxQOU02clRyclVZUGZqMlBTYjkwSjcyMUdDQlNKM1JiaVpVbUY4LUtVMnBtM3JuUXNPT0VYZ3E5TWpzQ1YxWktzdHFhbHVZdmtrTk5Uc0tTcktsQWVTX1dUWkJ2d0s2WlhtWkZGZE1fbWZ3NUo3SVg5SWlzaWVOS2tScnUzUG1yNkpWckF6VUZ4YldadGY5TjFYcUdtQTh1aGJx?oc=5
2026-09-24 08:31,Seeking Alpha,seekingalpha.com,"CoreWeave in spotlight as JP Morgan upgrades, citing 'favorable' contracts (CRWV:NASDAQ)",https://news.google.com/rss/articles/CBMirgFBVV95cUxNOG12Y1dKanRSTlhuZTEzS1VTSlZPU3R6d2lnQ2tudVZrOXZUUXNlZnVWd2dyZlBtcXo1Q2w1VldOZDNJQUs5cXY4dWtKQmZBNlhTMExLLU5KZkI0V3hadDNPSVE4M1hzTTZfR080Sm5ldUVuUFBlX1FHTTNHQ0QyNmJBVHA0NDUtbjdWaWYzSnhUc2lCT2xWOW0zWVJuTWVnaU9wMHRmZ0tkUjVFcFE?oc=5
2026-09-24 08:48,Yahoo Finance,finance.yahoo.com,CoreWeave Lands Fresh Wall Street Vote of Confidence as UBS Sets $120 Target,https://news.google.com/rss/articles/CBMingFBVV95cUxQSWRMM0xobnk3ck1tb3RlZU1LcU13LTJMQS1xTDItYUJRaWhCalNsOVpiU2IxQ2NtazBYT2J2bzlvN1F1Y0FkODZrdEt3SHp6Mktuc0JXQ3prVmdKeE5POUxyMWtJbHdYQll1N1pNV0k2YUVSQWU4SXNvdGFjZVY2SktvLVNEVnNJUXhhc2M4UUJ1Ym9NLUo0dGhBamtPdw?oc=5
2026-09-24 08:52,Yahoo Finance,finance.yahoo.com,"CRWV Stock Gets JPMorgan Upgrade Despite 'Lackluster' Share Performance, Investor Concerns Around Capital Intensity",https://news.google.com/rss/articles/CBMingFBVV95cUxOeGd3QzE0bE5ROHFkcFJzLWo5UDk4OFNwRHBCVW9NUDFkZDVTMVhwXzIzbGMyNEpZTkQ4X0Q0LWdkaVozYmZfdS1uMDJzZFZ1amYtdWNocTFFNHFmc2RqdHYzeWw4d3A4d1BmcGp1TVVXMGNuRnB1V1J3U1AxRXNFZHNSMkpJakY2TmtMbWt4UlpEbF9ObklZMkRIb2JnUQ?oc=5
2026-09-24 09:14,CNBC,cnbc.com,"Buy this cloud infrastructure stock as it leans into short-term contracts, JPMorgan says",https://news.google.com/rss/articles/CBMipgFBVV95cUxOYmtFcElNX2RPekxhQnhFZzY5b1RsN0U1SVBPTGIxYnFXMEpLcVRaTVkwRTg1M0FrcDJHWXlyVGdPVzYweFhPWlhSckh3dU9UMEpBRU5DLXBxUFB6SkE3d2ExOXJyY0xJVGxfMm9BWmkwazdhbS12WmlOQm1KcFA3RGhYX1FaZVdQN3dZUk1IekRRbGtnUE5WUWFMUnoxWmdicWFSSGx3?oc=5
2026-09-24 09:36,Benzinga,benzinga.com,CoreWeave Bets on Shorter Contracts for Higher Margins - CoreWeave (NASDAQ:CRWV),https://news.google.com/rss/articles/CBMitwFBVV95cUxPNmp5UERybnNBS3hVNDB3UUZkNnd2Sm53S01JZ0JCRjFNdlFpR3hBaUFQcU1IcmMyUkNPUTBPcE5QOWFvN3lXWFVMWnhKd21wSUZvZDJuaDNJbUZrWWhyUUtzU24yV0VHV3JpOWdiS2QtMTAtZ3o0anJ4Q2RSYkpUbXZVNEdVQ2FId0c1b19MTHlFRldYTnd6RUU3U1QySmNUQ0NsbzE3Y1pEaGlsQ3hxM0dibDk4aEU?oc=5
2026-09-24 09:41,Yahoo Finance,finance.yahoo.com,"CoreWeave upgraded, Etsy downgraded: Wall Street's top analyst calls",https://news.google.com/rss/articles/CBMiqwFBVV95cUxPRHkxSmR2eFJ2SUZxb2FUcUthTnVOeU94UVdDZ1hTYkFReXlOV3g2bDdqMTFVN3hVV01MTG1zSXdPOTFqWnlwUnYwblhmNmR0UFpnc1pPRWRLbGdTRW03aHhIcGZtSzFNQmN1X2Mtel9kWXpNdTkxSThpRnJUM2pPbG1NcGlyajljRktSWFpCRENtUWtqVGp3YU55QWJ1bklnaGRrN01Vd3d0SVU?oc=5
2026-09-24 10:14,Investing.com,ng.investing.com,JPMorgan upgrades CoreWeave stock rating on strong pricing By Investing.com,https://news.google.com/rss/articles/CBMiuwFBVV95cUxNenNJUXNYNXZfY2U0VnZWclhlR0FBT0dseWZYVkFvRnhVUXg5UmpyU2NZNzcwWDRMYUo5dDBmRVpLNE9JVWM1ZE9MRjBiZ2dZanFLZHVIZmllYjU0LVFLVTlnaUFiT2RqeU82UmdDdnFVQ05nb3BLdUFpOWxsWlpaYlUyOFg5UmlKY2pQNlNWV1IyZUMzcDBONkZvQXBVSjdNWk9xZ19JMEZIUGxjeFZDSFdvTy1LWnJ4V1Qw?oc=5
2026-09-24 10:19,Yahoo Finance,finance.yahoo.com,CoreWeave Wins JPMorgan Upgrade on Premium Compute Pricing,https://news.google.com/rss/articles/CBMipwFBVV95cUxOSUlaaS05NW4ycW9oeE0zNnVMN0o3Q056S2ZvZmIxNTl3X182bm5aSXJiNEZVV21fWFpBbU5LdGZMMUxWSExOMEZOT2xFU1QxbzJGR1B5UVZLaXRlU2U3b0Y3VnA2TGstU1VFaDNKNkg2T2dIWnJucUdHRjJ6SGtWTGQ0ODFkZEV0b3c4WHdfc0VyMUUzMm5ta3hWZ3ZfV3c4Q1J0RWQySQ?oc=5
2026-09-24 11:29,Yahoo Finance,finance.yahoo.com,"Nebius Surges 6%, CoreWeave Treads Water as JPMorgan Upgrade Flags Rising Compute Pricing; IREN Slides 4%",https://news.google.com/rss/articles/CBMingFBVV95cUxQVDJ5S2lWcTZYSWNFekw3NTVuMDIzWXNwc1NwY0R5bzJDQ0RPVGlTTENYQ2ZkMW4xbE1PRnV1WW83T2tmOFNRdGpGcnV1dnNMYmI4dFkwcUVaenRPLThHMXFDbnJTdUtPRnJNUEZaR1JLQnlNbk9tRGtTT00zZ1JwaThTbDVBcTZNbTZpcGsyVFV5VUxfcVNmTjRIVy1YUQ?oc=5
2026-09-24 12:18,Yahoo Finance,finance.yahoo.com,A Nearly $20 Million Reason to Buy CoreWeave Stock,https://news.google.com/rss/articles/CBMimAFBVV95cUxPR3dfY2Q1OU1ONlo0djc2YVl5RElzZGNoYkgtc3dGSjFYaXg2bElkZU83enpNY0s2WDVRVlp1RzVqemR3ZjVseGRSRE9wczMwVklQa2tiMlA0TE54YWhwM0Q0U1VBTS1ER05LT0NDaEt4MzRGQmFrZUx1X1lndUpSUEhObkZtS09GVVhrUFZKSDQ2d1lpT1U5Yg?oc=5
2026-09-24 12:29,Yahoo Finance,finance.yahoo.com,JPMorgan Resets CoreWeave Stock Price Target for 2026,https://news.google.com/rss/articles/CBMipAFBVV95cUxNREJMTG9raTNhZ1QxRlRBc1FRbFBibUQzU1dhQ1A0U1hRYUVKTlRtVjJqNHpjRUJxSDN4dGRpQVBLalNOMUF0cVNYaEp3NWpKSXJlSW1yY0pzUTl6eTNtb1RJTHAxQkVSZWh0cHpKN0xhbnR1Sm9POHF3allwakhfYzhTbXNlMVA5YVBYVEJiQ3FsU2tLWGNNQktJejliMHpLa21pRA?oc=5
2026-09-24 13:03,The Motley Fool,fool.com,"CoreWeave vs. QuantumScape: Which Stock Is a Better Investment, the AI Giant or the EV Battery Upstart?",https://news.google.com/rss/articles/CBMi5wFBVV95cUxQSFlXeGplSmNqblJNWVhTdkQzd3YzZHpObloteUtDU2RqQlNSNWprX1ItQnlzS3Z3MWhRZ3gxMjBQVUN2ZVM5aXdNN2ZNNDBKelp4NjVndjRxNW1kWDRISG9QcjVidW5vU0hvVktsSXd2VDRXLXZ1QW5DUmY1dWhXLWFaUDk4LVJjdGRMSzljSmM3cjVnMXNYOVd2MlJMRUFvdWFUb2JBT1JiLUxNM1BwY0Z0T05sc2JhczZmaDdCQkpyT3ZSRlVGNjBvc2E4YnBtUzJCRmV0Wkd0ZHh3UDNGWUJjN2ZjWW8?oc=5
2026-09-24 14:54,Yahoo Finance,finance.yahoo.com,Most Investors Are Chasing Flashy IPOs. CoreWeave Is the One I Predict Will Outperform by 2028.,https://news.google.com/rss/articles/CBMioAFBVV95cUxNd2tubGhXTTRFTVBGRGprc0w1QnhrWjdMVFNvOWRjaHQyWEJhcEphRUVndFdwWkRiR2hzSzRYSk13MGJlelh0M3l2OU1LWGN1VzBDak1MdHhhR3ZGNnpZUjYydnNqOUlhRlpTYkNjbHUxbklWdjM3eTZkaG0ybEREejI2eDNYb0xNUFE2WWZmZHBaMUZjbEtsc2JDQUJFQ0cy?oc=5
2026-09-24 20:26,Investing.com,investing.com,CoreWeave (CRWV) CEO Michael Intrator sells $26.7m in stock,https://news.google.com/rss/articles/CBMivAFBVV95cUxQbTFlWXdZQV9ZNjhMNTJMU0tZaVVCR2FHVGlIMHhNVHhxUTA4dlZlSnFFSWJDU2tQeTk4SWFfTVp1MXhvcjZYR1pJNEpnN0FwN0lubjZkVzZaOXRPWGZObzM1R1c1b3VFbU9waG1wVnM4U0daMlJOM09xa29fbmpyX3VhOENxY1cwVjltQUdFRW1BZ1U3dmJ0LWstN2NqbnktLTdVME5aSng3X2M2b0EyQUF4U1lVX2VlN1E2QQ?oc=5
2026-09-25 08:59,Yahoo Finance,finance.yahoo.com,Akamai Surges 15% on $11.6B Anthropic Cloud Deal; CoreWeave and Cloudflare Tick Up,https://news.google.com/rss/articles/CBMijwFBVV95cUxNQWVrNEE0VC1NY0RHRzZQUEpRYWtmaGJRV3ZneGhtX2wwRWpHeDB0VXN1V2h6R1VXZFIwRUFIMGl1SU9BTWJPMlY4dVB3akFsaUlhNVl2dVB1d3NmWV9FVTd1Ymk5alpueUZiV1RUT2d0Mm8yUmJFV2ZwdHJjN0tLLVk3RnVSdlc4WDFxMlo1dw?oc=5
2026-09-25 10:31,Benzinga,benzinga.com,CoreWeave Stock Drops: What's Going On Today?,https://news.google.com/rss/articles/CBMipgFBVV95cUxPQnV2a3FRZG1DYlJxUFl3SDZvQzRkeUkyWndTWHJtZ3ZmTFBfOHJ6eTBuYWZ0T2xYUDM1RmJmNnlRcDFHNkJOMVFrNjFIc3hNdkR0VUdndFRIWlI2TDhVUjhaNVFadG5GUHd6UmNkNmphcVRaZEh3YTRVQlFLYm00Si1XN3lpYS1xbVNac1pSZC12bmI2cWdSWXQ3Sndld011c2FINVZB?oc=5
2026-09-25 11:33,TheStreet,thestreet.com,JPMorgan backs CoreWeave’s pricing play as a bear digs in,https://news.google.com/rss/articles/CBMilAFBVV95cUxNblctOUV3OThVTnN6RHNWLVJ0ZjVDR2M3cXNtRGljYVR3NUhHXzgtMzlzcTRrWmVrNjk3SWQzQ3ItbDVqOTZYUDR2bGZlX3JOTnE1Y0FDdk01UzJTMDhZWDlzRGxUNFVralBsWU95N3NTbDFZWjI2TklqOUVsQkY2VjhfaTVadU5lMU5tSzhTS0VxeHMw?oc=5
2026-09-26 13:23,TheStreet,thestreet.com,UBS makes bold call as CoreWeave faces $35 billion problem,https://news.google.com/rss/articles/CBMijAFBVV95cUxNemNsZEx5ckpwRVN1bnNrV0FiajROMzRFdGFVaTh2QzZCU3VHQmRFZXFJeWozTDVmVWdaelJUQ3RHZWpQV3FkdGxJS3dZcnBmVWVOMjRPdWtEZVhRVzVJamF5ZlZfOEl5bGRkM3lmLUhVZWE2MnZJTUd3eVBYa1pLc0pqSGszVEdoQU5jdw?oc=5
2026-09-27 09:15,Seeking Alpha,seekingalpha.com,CoreWeave: Opportunity Is Back As The Market Blinks (Rating Upgrade) (NASDAQ:CRWV),https://news.google.com/rss/articles/CBMiqgFBVV95cUxOVVgtZ0p5b2xxeWNzZTZGZ2NlVlp3UjVjbHJOMTZHWWNzZE9FNzhhdkJsVTVSQkRRWmFuTjhON19vb2RIbVFDVkJLSUI5Smh5RE5VOU1ZZmEyR2Rab0ZOeHBKVEhUaWZ1YUxlMEpHemlRMnI2VGtHQWZCZVNXb0ROWW51clpkelVaWXdWXzJfbFdtNmFya010aUNrZFBrZTRzemRCR1JzM3c4Zw?oc=5
2026-09-28 04:08,Yahoo Finance,finance.yahoo.com,3 AI Stocks With Up To 120% Earnings Growth,https://news.google.com/rss/articles/CBMikgFBVV95cUxPY1NVNUhZUU1abEFXbFVId2Mxd2Z4MkFENDFERXlfencxSU05MzNIQTl4a3RIMXUzcy1ZeTdvQ2YzSjZtZzhpQW90dWprTkVBel84aVFsWWZVYm9BNTdlaXdmbHpPNlo4TWQ4YkNyNXgwcDZ1dms4dnNGRnNoWXNrQjE4UFBCbDM2M2tYcjQxOVl6dw?oc=5
2026-09-28 05:16,Investing.com,investing.com,CoreWeave stock initiated with buy rating at Jones Trading on backlog growth,https://news.google.com/rss/articles/CBMi0gFBVV95cUxPazlQM3FuUDR0bm9kcjNyc2lkcHVyQW1BM1pzUjVKWUczUzhRUTdsTF9DR2VpeE1XbTlGTVpta0F2bHUzV1dQbUNKM3dCeWR1dFhmWlV1dkhnZlFBQ3JMU3RJYXdnTmFVR0JlbDdFeXJHeWZ1SHNiRkhfYmFTSnRFT1p4LVNQR1puS3JWRjBsTjlESl9iRE1BWms4Q1o0QmlJQVlTVXc2VlhqM3VfTlo1ZzFXOXJEOG9sZnk2MHdZd2F3aVhrNWJQd2FWMUdVR1FWMXc?oc=5
2026-09-28 08:21,Investing.com,investing.com,Cantor Fitzgerald reiterates CoreWeave stock Overweight rating,https://news.google.com/rss/articles/CBMivwFBVV95cUxPczd2SVdWS284MkRWaURlZGtDVF9VZGFsQjE3aG1hcmZnSTk0WnBVSHZwcVVBOUdLLUczYW9tMlp2T1U2ek40MUczaWRDVXJ3QU9WMTlXWnVnczdRaFhmR1Fsd3VMMTZ3ZmdSaWExMmpvZEhOc2tnTU1NV2xmWXFOZDJVMndjSHNMRlFQQlJIcW5GSXJQQ3ZmSHlSd0RJcFNSNDVqYW9MOWZha3VWTGtsMUZMNVdpcmU0aUZFcTRQcw?oc=5
2026-09-28 09:37,Seeking Alpha,seekingalpha.com,CoreWeave: Selling Compute Remains Highly Profitable Despite Heavy CapEx And Debt (CRWV),https://news.google.com/rss/articles/CBMiwAFBVV95cUxOeFp2cm11U1J2TEl1cmtJLVozWnN5NFVuQTN6bHVFUmoyc2Jia09naWQ4Tl9VTXgwLUFFNTNOVXpkY29VbHpGUnJhdEVBUTlRZ1lzdS1La0dEUENURlJpbEo3U2hMQ01uVW51aG1HRmVzTmZhZk44Y0FFa21WWl9zUzNJbHJSX3UwdnpFbi1ZaUdjQjZKZUh0U0xsbXNXT3VYZmR2NG82SHVlRkg1ZVRnbENZSzlXbjYxb1phX3E1RjM?oc=5
2026-09-28 10:11,Yahoo Finance,finance.yahoo.com,3 AI Stocks With Revenue Growth Up To 41%,https://news.google.com/rss/articles/CBMilAFBVV95cUxNQU1DTGtCdTVObTJmcmRrTk1zOGRzcVd1RDFRb2dkdVJINmxJMFVqekRJdlJoTW9qWW9BcUxqVEJ5aDJVMDF5VllZUDdXYjFsZHhTcHpkRE1xV3kwV2FWWGp5TXphLWROd2EzOXRCZU40cmR1NTVlQzJsQlduaE9pQUo5QUhvVlRwXzJjd0ZnWXNNVVBv?oc=5
2026-09-28 13:20,Yahoo Finance,finance.yahoo.com,CoreWeave Just Gave Investors Multiple Reasons to Remain Bullish on Its Stock,https://news.google.com/rss/articles/CBMipgFBVV95cUxOeXhfOHBIT1ZiNFJKTnZNXzBmV20zWDhaM0JCSzZNWWE4TkowejVnN1J5UmFkek00M0F0UENHNUZ2RVlwREdxcHFnNXdqcHZSQTJuR1hnMjBMaTV4NVRKODR5ZUxmRUVtWGkyMTM1WjVLUnlBVDFpbnJEUWtBUnNNbUJsWGUyUHh3NWxacWVvVlNueFJWbEZhczJ2WFNaV1k4Wmc3V253?oc=5
2026-09-28 17:29,Yahoo Finance,finance.yahoo.com,Is CoreWeave (CRWV)’s Recent Pullback a Buying Opportunity?,https://news.google.com/rss/articles/CBMipAFBVV95cUxQQlB2MnZOQW1yRGtxeEN2cFFneDhPaWpTZUVMWC15aGJxcXVNSW9KTzROOGV0aG84Y3UxV1NOOTFqVUVrM3JZdVpWSW9HSnpSU2U2SElFUy03bmdZbVZRYlhkemg4S2F4OTc4UHpWd21oWUFqYjIySXp1ZUstVVk0WTJQS3pSQmk4c1U5VEJTSXRUeUZIRG0tNHRUaW9VMkJKNFVxWA?oc=5
2026-09-29 12:26,Investing.com,au.investing.com,Truist says CoreWeave stock financing position comfortable for 2026 By Investing.com,https://news.google.com/rss/articles/CBMixwFBVV95cUxNNnpkeGRfTFZKSW9rT28wb195MUo1Y09TdFRqMmZTMWxveEpwTnM1czFiTjEtdnctTUpMWTRtaXVBNWtDX09LVExySDFxdWJCTFQyMFdLRHVVTzIyRkstMlJKSFVIeWs1NGFfczJzWkp2aWM3QkZOR2JhMnZaX0Z3NFg1a2xYNno3T0laM0xheTlwYWV1T05XbzhJbzduUl9CalFjOGxpSHg1bWhxRWdWRnIwMXRuVVJkTUxXSGVUakJYaVptTTN3?oc=5
2026-09-29 13:11,Yahoo Finance,finance.yahoo.com,CoreWeave And 2 Other Top Crypto Stocks,https://news.google.com/rss/articles/CBMimAFBVV95cUxNMnpDUGhXU2NOcnV5NHNmN3cyeTdaM2lmdzV3cHVybjY2b1h6VVhia1hObzJ4VER2ZVBPUGNrdF9VMmNfMWNJT3VqX1VacEE1b1BuSWw2c3g5MU5WRTN6R1BQN0tfODFfdGdPRmkwdVdIRXN4d1pMX3l4U0tzM0pjM0xaZkZuT2szNWg4UUJ2WXdtWGtPQ1V5Zw?oc=5
2026-09-30 04:07,Seeking Alpha,seekingalpha.com,CoreWeave: Pricing Increases Aren't Denting Unmatched Backlog Growth (NASDAQ:CRWV),https://news.google.com/rss/articles/CBMisAFBVV95cUxNMlp0N3FVS1JvLUZwMWV6aUdtakpKNmlvY3pXRjFLekUtUkNzZVM5M2FzMk9kcGdlSWtYbGhRZ01SVzR5aWFwQ3VPWXBjbHpLczdjZjVpcUMwT05iRmhPOUQ1N3h4TFJCWUJjWnQ4dWZ2TjRBYWlUZVNjbmhkWEZRODFXeWtGNkNsVEZacElPZ3F2UlJlXzNfY1VlNkF2djRGenk2c2p3dVB2MllhbnJkRA?oc=5
2026-09-30 05:52,Investing.com,in.investing.com,William Blair initiates CoreWeave stock with outperform rating By Investing.com,https://news.google.com/rss/articles/CBMiwAFBVV95cUxPVXpoS1o5el9LbFNWUWJpNGV3OTNwVG5nSlFac3FCV1RNSzM3M28zUDk2MWxBd1NuYXhnb0swQnhhS2xULXdCajRaU3NqcTN5ZjR2bmNnbVVoVFpmczE0YWxicktnYk1Kd1RndmpLdWJxUFVkOFZxZHZVTkxveExkWTVOd2dhdUVOS2p1SVBYUEg2VHQ0SGg0ZVBoNVRpM3lBQWNIeHVLSXkwOVRxQlhBaWxQUkRrLWYzX1pTQnVvOHk?oc=5
2026-09-30 06:09,Investing.com,za.investing.com,Why is CoreWeave stock gaining today? By Investing.com,https://news.google.com/rss/articles/CBMingFBVV95cUxOQThsQ1F0RDd1TlZVZi1ucW15cFRLUDFkS3NjMk9xLVpJOUlwOGgyMmg3Zjk2UDFXeDZ6WVJ0TVBlckk0WTB5eXg2a0lqRmNXZUtsbmRPVXo1NGNtckZLMzhVMVk2a0FGT25NTnhYVnZvSmY5enF4Q1pkMndhZnNXV1Q2LUNHaHhSVGJDSUVLbFVkZmpCT3VFX3BNQktNdw?oc=5
2026-09-30 07:01,Barron's,barrons.com,CoreWeave or Nebius? Here’s How to Play Neocloud Stocks.,https://news.google.com/rss/articles/CBMihwFBVV95cUxOZC01N3FucW5DMWpIazlocS01QUQ3bUxSX2RlakpLODBBdW0xYUpGb1JiLTFNbzdua3diWEFENkNoRDFOMXA5ZmNfaUc1UWx4Umh1ZUxCMTEtbXY3NndhWUVpQk1ZUVNibVRMQzBzY0xqRFJuSl9jbXNpMnJVWFozbThuX19ab2s?oc=5
