Published,Source,Domain,Title,Url
2026-04-28 03:00,Investing.com,investing.com,The Walt Disney Company: The World’s Most Versatile Entertainer,https://news.google.com/rss/articles/CBMicEFVX3lxTE1uVGRBa0k5N29DX29raGZBQVc1R1F0azh1Xy1GZmNuYTNWSG1OYjN5THlmLVU0cTk5SEFnTFQ0dzJXNHZ2WFRvS1c1YTdvS2M3cnY0dGVYczFfam9pMGU0aWpudEFnRmM0Z3BQeVNqSFE?oc=5
2026-04-28 03:00,The Motley Fool,fool.com,Here's the Worst-Case Scenario for Disney Stock,https://news.google.com/rss/articles/CBMikwFBVV95cUxQZmcwRkRlYmJZZXZodGdjZ2NxRHNoRHd5ZjNhWXhpM2x4VEtweVpmUU1oSHhPMzVKWjZEN2ZrV2s2MEZWM2FjOTlIUDZMcmlYakN3VFVhTWVDNEdwNE1UUElSR3lHUHVWYm1Fa1BWSmtSdnZsWlJkYWZVMFEwc2JJdjZhWnc5YkFxVjk1cGFPQkY4ZkE?oc=5
2026-04-29 03:00,The Motley Fool,fool.com,4 Dates for Disney Stock Investors to Circle in May,https://news.google.com/rss/articles/CBMimAFBVV95cUxPNFk4cDRLYm5UWjltOFRYMlFRN1prcjZCTFRtT2N3Ml9SZ1NNX3l6cTVocHRMTXBIenk1dDJsR3pDN2xiOUFiVFFxdy10cnpOc2V5aFc5SU83dFhXUEc3ZkJkWjZlZ1gzU3lEUFBvaEdLQV91QzIwYmlnVkpIdlRDcDVnNjR0a2JSQ3N4TkwwMFBTSzlJUjJRUA?oc=5
2026-04-29 03:00,Yahoo Finance,finance.yahoo.com,Walt Disney (DIS) Earnings Expected to Grow: What to Know Ahead of Next Week's Release,https://news.google.com/rss/articles/CBMinwFBVV95cUxORkdwRmliaGdqd1Mtakxlelhjd19PX1U4TjQtRXFsblJVZzRUa2NvV3c2NnNaSHk0dVJ3elFER0VVTkFDOW1kdlFzRFItUS14bjJ3bWZZQmEySFpGQk5ZcGxqRklmaTM3WlRPZHcxeXJnVGtDTzVrVEFIVVRnd0RPUy1FamZ2Tm1FZENld09EUDVVbExWRnZXeUhwVXFNYXM?oc=5
2026-04-30 03:00,Business Insider,businessinsider.com,Disney is slashing stock-based compensation for some tech employees,https://news.google.com/rss/articles/CBMimAFBVV95cUxOZHZOeE5QM1FlNFVJUUFjLUlaNHZHV1pFVXFHVTIzVkdfSU4yS2RGRzJGYzlZWkpnNzFtZHhUSWYyUFBmanFzR2NUdndlbmVoZlZJQnBxcnZObVA3MVZBeGUwQktaZ3l4T3Q5My1VTkhBZXdOU3N0TkxTRjFubW95cWRfejFYVkl6LTlSaWI2Y2hTX2RtTFc0cA?oc=5
2026-04-30 03:00,Yahoo Finance,finance.yahoo.com,What Are Wall Street Analysts' Target Price for Walt Disney Stock?,https://news.google.com/rss/articles/CBMinwFBVV95cUxQVlpxclN2YmJXUVhZZWlmd0tRMGhhNjhyOTYxM1g3bXpOUkZHTWI2NnMxc1N6RDkyQVh3YjVPQjJpampLd182d3haMFQ2SlZDV2tPTDduN19QNnpwcXpBaHl0bElZd3ZkQ05ldnRKb3g4RXMwY3ZQay1IbC1QM3IwSzZKcHV1SFRPaE1sN04tYWMwVVE1QzlCNWQ4aTlUd2M?oc=5
2026-05-03 03:00,Investing.com,investing.com,"1 Stock to Buy, 1 Stock to Sell This Week: Palantir, Walt Disney",https://news.google.com/rss/articles/CBMiqgFBVV95cUxQWno1dVB6ZThlOHM5V2k0TnlqZmw0b3lnOWg5LTZZbFFFVXJDOHdWOXU4WTJsaUxGbkhSRncyQmF6OFNHUDVWaWJwSVlGZ1ZuZHRIWVNXVnIxYVdpNzY5RXg1Z0Z4QVlSNjNHa3JTeDRqZ0Y0YURRSTRza2duTFM0NF8xNWNpNGFfTWd2eUZhNHoxdnhEUmVIZFo3dUVEbWMwZ2Q4c3RCb0VvZw?oc=5
2026-05-04 03:00,Benzinga,benzinga.com,"Star Wars Day (May 4th) Boosts Buzz, While Disney Stock Test Looms - Walt Disney (NYSE:DIS)",https://news.google.com/rss/articles/CBMi6gFBVV95cUxNUC1vYWtMckljcTlHaTRFR2I3WUhyVXBlWmxYVXUzY1BGRjlxM1FYX1Fvc201MzV0Vm9mLVBYbzNySnQtWGdTUU9qRkZxYjBNUUVSckswNm51akpjOThfZlZQSzhOYkFOVmRxTWJDRzliOEsxTS1HRlFNbzJGejdiTGZFbHBXMnNPVF82alZKakNyN25CbGtWd1NlcHdEUWJ2SjZDcVNoLW1VdE9xZXFXWWFZeFNZcnZhZmZOaVVsSGdMdWZLSnZrRjNXa2ZoeGNRcmVkNHItVzAzOVVncXpaV0VWeDhERU1PUlE?oc=5
2026-05-04 03:00,Yahoo Finance,finance.yahoo.com,How Avatar Lawsuit And New Disney Tie-ins At Walt Disney (DIS) Has Changed Its Investment Story,https://news.google.com/rss/articles/CBMimgFBVV95cUxON1NIRjV3YXcxRWdpcVd0eFN2bGI1bTRKRkRqSkVLN1h0VmxNMlkxdlQtcnFMNzBjekRIajhZYjNCRnFxc0R0WExGSlRZZ21XbUhOaVhvQVRrb1ZJQUVSQ01CN1VsX0ZBVDdhUC1pS3kzUTRWVFFySG94ZENZa2NWclhZbVJJQWx3WGxURGFvSFM3WUdqa1hBbS1R?oc=5
2026-05-04 03:00,Yahoo Finance,finance.yahoo.com,Jim Cramer on Walt Disney: “I Think It’s a Microcosm of the Higher-End Travel Markets”,https://news.google.com/rss/articles/CBMimAFBVV95cUxNcHFtWExmYWpBay0xNUg3RTdaSmlYSjBNQzBJTkRBcDZyYVJ2TGVMOEVUY1hJMFJrNDJ2YUllU3Rsd0tzZ1UxcDNQX0dtOUJvTkdHOU1YalpZWXBpYnU5a2lPZk1sbjR6ai1nMEYtMkhyS1JOM1dfUUJ5TWRRUG5fS0w0QUpfRTdMR1NUcWtXWk12YjJVLVIzYw?oc=5
2026-05-04 03:00,Zacks,zacks.com,Disney Stock Before Q2 Earnings: Buy Now or Wait for Results?,https://news.google.com/rss/articles/CBMiogFBVV95cUxOb202UndBRHU5VVZETlgtTHQzYk9xS3FUc2F5ZHNkX1pRX25KTzB2QWRNN0dLemFKYlUwWU1EUGZVY3AtLXdFdmRWbzJNVktkdi1sWV9mNWJmdDRnTGRyOWpibF9LZUZfNExiQTc0enkzNHI2U3NyTDhydG1nc2ZUSzdpV2EwODNONEF5N2lKQzBtajdtTEhXWU1VaDljTW43TXc?oc=5
2026-05-05 03:00,The Motley Fool,fool.com,Is This the Week Disney Stock Finally Wakes Up?,https://news.google.com/rss/articles/CBMikwFBVV95cUxQWXUxYlE1d0dkczVmSURzVXlueTdYdWl4Q2VGN21KSWVWWUVlS21ELXFqWEJkNWYxeWEzQW1oVThwNTFINkYtbGNjNFRISFFuclJQS3o5NGtHaXNBQUxPckx4ZGFvR3dNUzJSOWFXWHAzaHA2TTBDejZ3d2M4ODFuOHRXdjdjcGE4U2NLbXZmYnl2YlU?oc=5
2026-05-05 03:00,Yahoo Finance,finance.yahoo.com,Assessing Walt Disney (DIS) Valuation As ESPN Growth Narrative Signals Possible Undervaluation,https://news.google.com/rss/articles/CBMiogFBVV95cUxPQ0ZLTlh2cTZaWmpSMlVsSG9WdzROanBnT2ZGOHhmakFwaWdaVkE5aEYycjZCU0xGZ3RmTkZBaktuOHNfWXA3bk9YNEtrbjNjc0ZtZWNqNC1BNUNtUTE4a1Y1UDgwNl84ZnN2VWJBejY4WGd6c2Z3aHZvUTJGZ296T2EtMGlyMjRfbXhfaG16ellyS0RfQTRHX243S0U3U1ZoNUE?oc=5
2026-05-06 03:00,Barron's,barrons.com,"Disney Stock Pops After Earnings—and a 3,000-Word Memo From the New CEO",https://news.google.com/rss/articles/CBMif0FVX3lxTE1QdnpJM2NsVFZ1bFVEcjBjaDg3ZmRlUXJ1Q0VZWlN1Y0xBRkhZZTRUdnBYenNEUnJxX3NuQTRFQU41V1Y4WDdwTTlHRDFYWUdkMnI5MDRXNjFtQzROOGZIVTNKamRfdlI3UGhEbWJLNFdURnBic25jX3V0M2Y1czQ?oc=5
2026-05-06 03:00,Business Insider,businessinsider.com,Disney CEO Josh D'Amaro tells employees his top priorities in an internal memo,https://news.google.com/rss/articles/CBMiogFBVV95cUxNZE1neXJtMXJTZWI0dUt1SE81ejRvUWljNjkxQUl2WTgwcldvQndiLUI5U01obHo0dzRGWTd4dElpVU1pN1RGRjZfOTBXUXdvMzlyeV9QRnlVUzlvc3lGWjVENjYyNW93dXRqR29uT1VEa0I1Si0xOGZkQWRLcnFDSDFsSk1BLUhYbTFwNWM2cUZfUHZlQTFkMGRYcUdyM3JPdGc?oc=5
2026-05-06 03:00,CNBC,cnbc.com,Disney's stock gaps up meaningfully if it separates from ESPN and ABC: LightShed's Rich Greenfield,https://news.google.com/rss/articles/CBMi1AFBVV95cUxQVzB1bkNNelp0MHZ1NTFCMWZSZUFhbFNkQlJMbnQtWk1RZVVJaGRGbm9icjNyWklHLXlPUFdwTU9kUF9oQTVoWU9QLUxpZU1oaGxEWVpmX2xTdGNTc0ZpVVBMbGZ2TlVkd2o1LUd4bUZCRFMyZ1FmbnN0Z2pXYjEzRUdkREJMdEdSMUJlWTFUVmxyNUZDREN2R0xRZTd3VWZCNkFVakZDcUJqRlJWUTV2aWVsV1hfWTJyM3VDRlBYYjNjN3kzN01Udm0zTTJSbXBOQUg1Mw?oc=5
2026-05-06 03:00,CNBC,cnbc.com,New Disney CEO lays out vision: Here's what to know,https://news.google.com/rss/articles/CBMilwFBVV95cUxQNGlIVHNTUUJKbXpQdm5MekgyV3FrZmZkRHl6c3lBX3RsUVpUcW9CMUxHYVNVeExieGJMeDI1ejMyTEpkdWZPdHM4S1loSXgwbnpraWtUd0JlaU9UMU9Xa2M0MWhRbDIzdWNTMWphWllYWWZ6N2dVMWRLR3A0MmQtWUVVTDdHMzBNUVZwZzQ4RXpLeEZBTFVJ?oc=5
2026-05-06 03:00,Investing.com,investing.com,Earnings call transcript: Disney beats Q2 2026 earnings and revenue forecasts,https://news.google.com/rss/articles/CBMizAFBVV95cUxNZUdkRWdRc3FDMUE3NG9hMlE3M3FhZlVfNUZ6VXU1ek5KbEtldHFjOHRuZktwbTlfamtZcldvX1ZKTHJad1F1NXJMOEM5T3c4dnNpTk1fd3FHMDhtbE9OaG81Vnl3ZXkyV2hieTVHS0JRZUtIQmg5YmRLYWdVR3Vxcm16WHRqeUJaZW5kNnZ0RF9tNXBRVTNHQm12WG9scDdfTnZKWWgwT2hsc2ZGMHpWcEZlRUM3WU9hY3ZmbTJwMjVGQUpLUmNtUXBORUw?oc=5
2026-05-06 03:00,Investor's Business Daily,investors.com,"Disney Stock Surges On Results, Streaming Profits Boom. Warner Bros. Misses Views.",https://news.google.com/rss/articles/CBMi0gFBVV95cUxOTjdmSnVVbFhkSnJISXNvdVZKVzJRWkV1WFhEM3BIQXdBVVpiYVpKVG5ObDNqamdRZ3dsb1FhZzU0T0dDYjBGY3ZtVEJVdG1fdWRqQmdRV2VLSERmZnI4NmxRMF9ieEtMdGp0ZXNSRFI3cF83NkxYX2ptSUJ2QkZCUENaTEZSdXFvbXpLSFpTc2RMZ2gwLXZWc1ZZYmNTWTkyd1ppOVpwTXdkV245UnkxR2RtclRUZkR4UXVXVl90UzQ4MjcxdWxlZ1VsSzR0SU15enc?oc=5
2026-05-06 03:00,Reuters,reuters.com,Disney earnings beat estimates as new CEO outlines growth strategy,https://news.google.com/rss/articles/CBMivwFBVV95cUxOb0hyWVVHWlZDRGt3WjhfY3lVV056Vm1Db0MzTy1Nem1RdElxeDhwRTMyUUk0LXBrb0VKX1dxR2h4WDJDTFVDQ2hFOWxGVjAzc3dvNnI5OF9KLWNVR2VyV0xrVGNqazljb1ZqZTVjay0xRExJRHNKQVhMQUdYU3RlMmtGNmlaclJYV2VJUC1NZ0tLcmh3VDItUjlfalVzRm9Nd05DRnJ3bGZXV1EtQTUtSkF2WkJpUzg0LVBkZXYzYw?oc=5
2026-05-06 03:00,WSJ,wsj.com,New Disney CEO Gives Vision for Company as Revenue Rises,https://news.google.com/rss/articles/CBMiiAFBVV95cUxNRVNBS3ZXUHc4QVEtSlZGdnpvODRDY0plcmJQeExNalVyN1kwc1dJUUtsRndwQVV6WjZlNGNvdVF4dWxqQVcwZXMzSlF3VTZuc0tHeEFmczVEQlUxNkEyWUN6VkJnYWlJaEgtSDh2U3oyZnlPVXpyVmxxQWVKaEp2eTctR3VqanV6?oc=5
2026-05-06 03:00,Yahoo Finance,finance.yahoo.com,"Disney stock rises on Q2 earnings beat, US park attendance dips in first report under new CEO Josh D'Amaro",https://news.google.com/rss/articles/CBMi_AFBVV95cUxOcDJqbUYtX0VFWnRaUVR3X0lXVXdWVlRZRlNWZWhPSjlfdTRSVExYVURMTUZPSVd1ZjlBbU8zY2ZiY2hRTG5mdTZYRHZrcjJrREEwUFl0ak1reUJwNV8zcC1Sd3VKSHY3WjRlTzFCUFBGU0lWRllmOVhEbnNyZkZlYmxOUzk2eGN4RUFSb3E0M3Qxc3VYZGdvS2RpNjZyc0NLOV8zeFk2MjVMM1ZMMDZqdDNXNWpNTlQwSDQtNzVvdE04YXg2eFZVaDJtdUtGYWt1bDZjYU1Dc2hpaktZc0NIZ0xrckFUamlZX0pMbDBoS0MxTVgyY2c5d1NmUTY?oc=5
2026-05-06 03:00,Yahoo Finance,finance.yahoo.com,The Walt Disney Company Q2 2026 Earnings Call Summary,https://news.google.com/rss/articles/CBMilwFBVV95cUxNS1VDX19ZR0VRODdfT3pPVUlaOVhLeUxxcU9iTk5JNTVWc3FpOHBhT1pTT05rUXRpdTlWN1FzbzlNSGNUckdLbXh5VHJDSzFFa0t0UVVDQkdJcXQ3Tl9VOVBRcnpjQzdydjZrU2x2ODdqd0dsNkNBTmo3TnVBUmkxRU1iRzFWT3J6SjhHcnBVVnl1T3d4Zk1N?oc=5
2026-05-06 03:00,Yahoo Finance,finance.yahoo.com,Walt Disney (DIS) Q2 Earnings and Revenues Top Estimates,https://news.google.com/rss/articles/CBMilwFBVV95cUxPbEc0TU9aSldOSEhha2o5U0NZeWRpNmlMNVZ4Y3JLVDJRaTEtVkluMkh1ekpET2JfeW9WOEhkUm9MaGNpemU4NmhrYV9SSHNsMEpPdXNsbFlVbmlTNnJvTlJwd29abmRHQU10aG5sMFlSTXpiQ2lrX1JmemZkM0hQelVTX0YtLWwxVm42dllEVV9sR3d3bl9N?oc=5
2026-05-06 03:00,Yahoo Finance,finance.yahoo.com,Why Walt Disney Stock Jumped 8.6% Today,https://news.google.com/rss/articles/CBMimAFBVV95cUxNQUxqM1RzcE1zNk42MWEwOGdiUUgtOTNJbjd3MVRGWFZGYkRlQm9yYWlfWWdOX0ZxU0N4VWxtS21Vb0szX25LbnhYLVBpcVdERm04TTdmVUt4OXdmRzVPNDZxRGNzRXpxSHVKcVBhbVZ1VjY0QW1PN0J1ZDlhdk1YamxoNHNLaVVoSGVpRkRyX21MYTExZ0swUg?oc=5
2026-05-07 03:00,Seeking Alpha,seekingalpha.com,Walt Disney FQ2 Earnings: Dead Money For 10 Years And Likely To Remain So (NYSE:DIS),https://news.google.com/rss/articles/CBMiswFBVV95cUxOQXZhX2FVWmJRUHVnUWJyWC05Q0FpaGhkcXM5VUxJTlZybGNvSU1hVTBiMjg0aWNUbVBaNmxwWTFPMjQxc2JaOWVJUHlxSGNyczBtOV83NU9pdjZwVFUzMF9RSThQTE5IMEFKS3g2c0p2el9TWjRlN1FRb1Bra3ZaZDB3bWhzWGVpS09vcUVZbHlKNmpNRm0za2Vycm5xTUJjT1g1RENKUFNERmpOeWw5Y1dvdw?oc=5
2026-05-07 03:00,Zacks,zacks.com,Is Disney Stock a Buy After Strong Q2 Results Under New Leadership?,https://news.google.com/rss/articles/CBMiqwFBVV95cUxON0Y0WXhoWWc3ckJuY3pNbzlKeTQtRi1GWEtWWlVidVFaYVNOemN2SGFzTzdNVThOdkh6cEJCZHBXdWZnZnVPNi1rRkQtb25BbUZIcVNoeDhaelJiS0N6NlZIMlFiNkNSUXhsMEJlSEZ1WTBlSlRFQmNpTjdmUkVndUw2UEdZYjV2ZnpoN3NVcE1CNm85YWd5bEtuZWFZT2xfanpaWDV0TWtlY1U?oc=5
2026-05-08 03:00,Morningstar,global.morningstar.com,Disney Earnings: Firm Strong on All the Most Important Fronts and Poised to Accelerate,https://news.google.com/rss/articles/CBMitgFBVV95cUxPZ0VIdG9zSEctaTVHVGxlc2p6NlB0bk1IZ29VQ1cwODd5ZUFYLUhwSDFvZWN4N3QxZVl4SVJ1cFNmR3lTTklOZHJEN2tpdWRtbEpidUI0NmlsdHc0R29QaWZYTV9oZWlxMEV1aUZjMnFOY0tOaUFqVy1TQ1ZmeDR6eFhaVHRpZldPVUZpaXc0SE1pbVB5Q21BSFlab18tb3lOLXlKeWFDWERWQ0QyTjRIby0zSGdjdw?oc=5
2026-05-09 03:00,Yahoo Finance,finance.yahoo.com,Walt Disney Q2 Earnings Call Highlights,https://news.google.com/rss/articles/CBMimAFBVV95cUxNMVlSZ3dlRE1IRldJcnA4MXRMcHBoQnVmMDZlRkRUelVNNFlyUmFyYXhEd3FiejVhb0xjeENBRkcyNTY3WEt5ZUxhWGhYZTA3N1dqbmxkTmhseFVtdjVZeUZhOUljc2FRTzVMT1VJUDN2M0h6cWpjbnVleUFxQWJWME1Xa1lOeU02QTg5Qmh4TzZjMV82dDBhOQ?oc=5
2026-05-12 03:00,The Motley Fool,fool.com,Disney Has a Trick Up Its Sleeve. Should You Buy the Stock Now?,https://news.google.com/rss/articles/CBMilAFBVV95cUxOZklhZUxfMThfZl9PSEprMEhWb1l2ek44NnYtYjJkTlU4eTJmS1RkTDRfaEhGMGZUekJpWk53S2lSZlI0ejh5UUJSek11RGo0VFV6ZU4ySE1XUE5FdDB0OWZMbGNWRV9fUXl0RFlPQUZ1Q0czOU9IRldqODVPVnBOam9vTDFUUDhyM29HY3JYdHhyWUFk?oc=5
2026-05-12 03:00,Yahoo Finance,ca.finance.yahoo.com,NYSE Content Update: Disney CEO Josh D'Amaro Rings Bell Ahead of Upfront Event,https://news.google.com/rss/articles/CBMigwFBVV95cUxOX2xPLUtzcGNUcVpFRVBBcEpzY1huNkZFLTJTUUhQVk5TbmZfN0U1d2lYVDJSRTRUbUZTM2c1dTYtQVFKN25Yam1VTWRYNnBFX2lNSkUwVXBJTTF0anhNLXhIT3djQl91ZnBra1hxQlFtWjZhZVpvUWVtRktTazNpYk5ubw?oc=5
2026-05-12 03:00,Yahoo Finance,finance.yahoo.com,Why Walt Disney (DIS) is a Top Momentum Stock for the Long-Term,https://news.google.com/rss/articles/CBMikgFBVV95cUxNeWE5RG85T1VhNDdnUjJfeEVhNFpmRndaR1JCRzg4NmNoMDNNTVJoQkg2cmV2SHVGRDVGTUI3WUp2ZmRLcEdmcVJmb1ViZUlCdmNGQUFubzhEanQ4THdiN0stMjNMZUJDZE1GTmp3VWxscHdXUXJhVVNzT0NOaVlON1lyZjk0bE1VemR6dmdOeUFNUQ?oc=5
2026-05-14 03:00,The Motley Fool,fool.com,Should You Buy Disney Stock?,https://news.google.com/rss/articles/CBMiekFVX3lxTE1zY0tjblpzeTlTNDJYUTJ2SHRLLUxRWmIxb01wT0k0VWNNSVVFT2R1c2gyS3lZbzJqZnZRaGJ3cjhOcVNIT3VqazVlRUx6YjRfQXJ5YndDRFJOVWkzYmdHX1lsbzFMRExBV2JRTlozOUwwcnBkME1RWEVR?oc=5
2026-05-15 03:00,Yahoo Finance,finance.yahoo.com,The Walt Disney Company (DIS) Price Target Raised Following Strong Q2 Report,https://news.google.com/rss/articles/CBMimgFBVV95cUxPeThHS2FCNnpFdU5hTWY5dFk0aGFYMl9RNDZTS3kxWUd0QndtZ0hPbWhzZVRzZWtzLUdrb1ZIZEQ1ckdKNG5CZFRXTWE1V3QtenZFeC1IM0xjM1o4endUMmloaGZxOVBNdWRpMU8wMkVVbEt0bmdINEVjeHZmWm9iV2kyNERmN1h6UlZrMWFmTmxJWUxnMHIwelF3?oc=5
2026-05-18 03:00,Yahoo Finance,finance.yahoo.com,Blue Star Families and The Walt Disney Company Bring Disney Magic to Local Military Kids and Families in Celebration of America’s 250th Anniversary,https://news.google.com/rss/articles/CBMioAFBVV95cUxOSGlQTTBTaXZCY3hnbFJCNm45Vm9TTTRnVmQ3cTNmaVh1VUc5ZVJ0MjhBLTgxYVpHSUdnTUkwc0UzYTMyWDgyUWw2SF9rT1BCekdGeDlRYUFfdlhGcnptNW0tZmMwb0JjcnozZkRGemVyVzdwajYyaldFczRMeFY0UFRJQldsWm54N21KcUFXWUJjMmJVOXVUZ1d2TExVZ3Nf?oc=5
2026-05-19 03:00,Yahoo Finance,finance.yahoo.com,Assessing Walt Disney (DIS) Valuation After Mixed Recent Share Performance And ESPN Streaming Narrative,https://news.google.com/rss/articles/CBMiogFBVV95cUxPM01kdklOVDJMLUpkVkRFdE5kakhqNW9GcmJLNXFWaURJd1lYOFJsSlN3bFZnTTR3bHpEc21EREMyZWpEWVJrZnFmY0tVYUNIMm5iT2UzUVJhT1I4RkNvbWk1YmljWVV4NDQwY2JqMl9QQUJoQmR4WG9mVV91c3RzLU02R0tIWG1oODNrTG5wUXRvTk1GSUpueGNDeDB0X1lVb3c?oc=5
2026-05-20 03:00,Yahoo Finance,finance.yahoo.com,Geopolitical Tensions Hurt The Walt Disney Company (DIS) in Q1,https://news.google.com/rss/articles/CBMipgFBVV95cUxOYU5HZnJOcU5fU1lYUlBWSVo4RkhNRko4QllPZElnOVhIOWNYVFJlOHNxLVJ0eDFrT1BDN1ZZQS1FcGlpLWdWMVhMbWdfWnNzTTRjYmFBbWhreWdKQW9tWXh2NUladUFmSEdIbHhHeHRMOXJhdGJZSmJqUnpFRy12elg1OXFIV05ocnVZOEFJVmdLUlowVGwtZFhVQVp1NWFVTWQ4MzFn?oc=5
2026-05-20 03:00,Yahoo Finance,finance.yahoo.com,"Trump acquired stock in companies like Walt Disney, JPMorgan, and Netflix, even as he threatened them publicly",https://news.google.com/rss/articles/CBMigAJBVV95cUxPZVFSNUljNkl6bk9vSlBhb1RKWE56QWVFY0RxRklEWnk3V0xwLTRZd1ljVnBwM2FBcUp3QXVubGVKb20wTEtBbE5PMUxnWk5BcURONUxsSE1VTjEtYWFMdklXT2FTUHF5SDR6Vms4YW5RQzlBRWl6R2xBSmVHVWlaWmFzOGpzTmN0TkZXV3o2SWZoLUt3cXJtcG95V3M4ME5UQzVucHpOV19qd3BDWk9EQm5pME42WU9uOVI4d3kwZUZhTmRVN0dLbk1UVGttOEU1ZmRQVnVmTDhobUszaGVCWnlvLXJQS0VlRWt0X1BGb2FESnRRYkYxN1VsWExOMFFk?oc=5
2026-05-21 03:00,Investing.com,investing.com,Walt Disney’s SWOT analysis: stock faces mixed signals amid streaming gains,https://news.google.com/rss/articles/CBMiywFBVV95cUxPcG9hbWltWDJ6RHI0b2MzVUlHdXlzZ3VEVVg3OVMtRjRBSktSNGlIVGVHVHpEOF9VcEJxeXRGZ093WV9yN0liSW9EUXV4ZGZtU2lVbDJnWXV0Y3RzYzNJanJjbVpudHB4RURUVjdzVWRFUWwxaEswTi1STGFFclM2TzVQVjVLWlVsTVpfVFFHNFJ1RUhHRFBvWUxFRHdKLWxPRzJPejZqSGZxQ2V3dXp2ZFJTU1h0REMtX1JCNl81ZUV5QlZxdm1QY2dGaw?oc=5
2026-05-21 03:00,The Motley Fool,fool.com,Walt Disney vs. Netflix: What Recent Revenue Trends Reveal,https://news.google.com/rss/articles/CBMiqAFBVV95cUxOQXdtMXlUaFlVYURmdEZDazRXUks0S0ROTTFuTUV0eUtzS2dyRC1ZbzZkLXQ0aGQyZnFJSzF3UnR0bWcwRWFLZGZZMnY2Z1VXS2RtbEIyNVFWeFNfTGJNdEJRNDA5eXBlcTVjVUVsWHRxU1RLcHlGZWVQNTFfbjViNXZsVzNuSzFyZktJbXEwVkc4bUxjTHdNa2U4aEFLSlhuYXRGZmE2WEc?oc=5
2026-05-21 03:00,Yahoo Finance,finance.yahoo.com,Should Disney’s Strong Q2 and Institutional Support Require Action From Walt Disney (DIS) Investors?,https://news.google.com/rss/articles/CBMipgFBVV95cUxNaE1fOHhyMVAyNmJsVXNmSFFSeWh5Tm80V0RDMFBCZkw4TkFVcGdldTJqS3QwVGRBU0ZpSFRLZWFhWnhiNjkwYmVtRW0yTE8wOVJ0Z2tuQnBrX05fQ1hlcEhBM1cyWXRFbnRrVDUyajVsU3kwNTlHU3NydUZQOTBkcDJIem54U3cxYUtGNldZaUg4ODN1bmRlaExIUjduUHFlVHl0c0NB?oc=5
2026-05-21 03:00,Yahoo Finance,finance.yahoo.com,Why Walt Disney (DIS) is a Top Value Stock for the Long-Term,https://news.google.com/rss/articles/CBMikgFBVV95cUxNbWNSSE5JUnpWZjdNd3E3S2JoYS1zeHdzX09nMU1peVo2MlVtTTMwM2ZsUmRzSDBQTUkzVnR1aWtFTWplWGNsNzlOZUU2QVAwbFpFNDllRXNSOTA4dzQySmNKTGJtNVBMdDBQcXhlUTBPYkdQMU9jbUI2WTVvcld2QVBZMkFqd290RXdLM05tbi03UQ?oc=5
2026-05-22 03:00,The Motley Fool,fool.com,Why Lionsgate Studios Stock Soared by 16% Today,https://news.google.com/rss/articles/CBMikwFBVV95cUxPNjBRVTNYcTNxWVBiVlMtNWo5dDh0eHJGcGgwSzYtQXhiMmw2M2E4WHdQUFJiRE1VdEJpU3JZR2RxZTd1OE1TanY2Sk9wMVc1cklEYkZvV1l5MkdSNWlBMldMakU1bzBES1RpQ0JCWWxFZnNyN3F0V0JxZThsb0NCTHRNT0N2UlhCOGxzVGZwWTlmaXc?oc=5
2026-05-25 03:00,Yahoo Finance,finance.yahoo.com,Is It Time To Revisit Disney (DIS) After A Five Year Share Price Slump?,https://news.google.com/rss/articles/CBMimAFBVV95cUxPamIyT1QtTjlBcTZBaE53WnRHTnItY3loNTF0bi1QRlVHS2dXSXp5UGlLRFlyYU9xMGx5dnFLSFBvNXd5dzROY1M3Q1I1bXFEcEFNTDRNNlRST05UM0VVd2o1MWwzZDd5YmJYOE1ZV2tiWkZNc1h6amNqYVIzY2E3Zjc4T2RSeERQZG9tY2IzR0llUTRQUGg0ag?oc=5
2026-05-26 03:00,The Motley Fool,fool.com,Disney World Strikes Back in 2026,https://news.google.com/rss/articles/CBMiggFBVV95cUxOa2hmWUEtX21VaExrZWY5enVDb1dzNWd2S1FNTXJIYkpTOVkxMUlpLVhibWJBTzNrZmYtUjR1TXkzYWJBSHNZN0lfRVBxV1JVVGpsMW5sVWMyTmQ4bDEwMnBtS3l3THM3TjJNVTM0SmdRb21tVEpMR0tkdEhUdGctUEpB?oc=5
2026-05-26 03:00,The Motley Fool,fool.com,"Helix Partners Exits Reported Cinemark Holdings Stake, According to Recent SEC Filing",https://news.google.com/rss/articles/CBMizwFBVV95cUxPSHRVenh2SXk5Y3Z3ZTcybXpNT2FWTk9odV9ramROSDg5SVI0ZmpyWUtvZ0ZTcDI0VUYyX0cydjF1c2VWR3RWYWtHLVNOeW9ad2tfQkVuYTQ4SC1BZVZOR0EweURMbW9BUVBkWWJOZUcyMDRFWGxoeE81dU5ZOW8tUS05TTdack5qNDl1VE0xRklEQTFmaDRwSkpCbjVGQUJzS0RRcnYyZW1Sb0VjRk1sS3FRNktzRnJLcUl3LUxycklrNmhNWVB3bk91RmFLZ1E?oc=5
2026-05-26 03:00,TheStreet,thestreet.com,Why Disney’s 'Throwback' campaign is a major win for investors,https://news.google.com/rss/articles/CBMioAFBVV95cUxQNWpBYWFOSFRhSXo1NEE3cDhxa0lOOFBVSGlWS080ektTNjFOMU5VcW5qNEJITDM2WnU5Ulk4QThwV0l6UC1JbUZzS1J3MEk5TnBNRXVLTnN1Y0V4cW1LbFp2QkRSdEJrTl8tc3pRMVlxbHFzbGtpQnRQcjFadWFOTFItbzAyMHczcTA1eURtUVY2Ul9mTVVmZmcwazBZVV9p?oc=5
2026-05-27 03:00,Benzinga,benzinga.com,Star Wars Latest Film Lowest Open Since Disney Acquisition: Is Box Office Force Asleep?,https://news.google.com/rss/articles/CBMi3AFBVV95cUxQNlcxcER6ZE1FOWgtd0RMc1lSbGJKZkhwaFp4S1paaUg4N3ZZVXJGOW9IT0hnTlUtcWRWRjlTc195WGNGMVdaZFpBN0FmWV8yS0RhMFBYaklBeTl6ZkQ2Z2V0Z0hNcUZpRS1fWE5YTWR4anpVRGd6MlNBWWl2VEVrd0gyZjVRMFFMVDJ5VTZOSGtLMUtza2xjM1hHbTJ6T2haRm1GeXdWczdLRFQ5RExGVWh6U1kzanFUQ0ZtX3FKN2xYNTFGOE5QTXhqRDR6T0hfckNoT2k1RGN4VmR2?oc=5
2026-05-28 03:00,Seeking Alpha,seekingalpha.com,Disney reportedly to sunset Hulu app after content transition—Business Insider (DIS:NYSE),https://news.google.com/rss/articles/CBMiugFBVV95cUxPSVNQZExIMnpzTTE5S1VVQ3hvSlVSU2NKd0w3ZG11T1hYYVptZjRsNDVwUUFrcnhzaElRNmFxamhUM2Y4cFB2MWtOU1ItbjFualdYWmlYYkcyTFhXekRpZGI5alpjcnpiU0tVQUs1ZlVVVm8tQW55Ny1kUVJMelpkTEgwSTBjTVFNRnRja0ZsRWQ5SzRZbERFbmI5aDJwSVJ4dUl3V1pPRVNVS05EVXpWVWFMX05ZdElVMkE?oc=5
2026-05-28 03:00,The Motley Fool,fool.com,3 Reasons to Buy Disney Stock in June,https://news.google.com/rss/articles/CBMihwFBVV95cUxNSi03WXFyLVhKcFd5bnNfbU5EV3Z6dmVVZmRucjM3T2FUUFFSaE85aFE4ZXV6bTR0VzZqM0QtODJzZEJ6VGpUX1AzMm95T3d4ZFlINEFlZ1FvUkdMTGtnNHNlckJWbUlGMmxCV05QRjN2d0VtRzNPNHJwSkI2WEN2c09NaDRQeUE?oc=5
2026-05-30 03:00,The Motley Fool,fool.com,"The Smartest Growth Stocks to Buy With $2,000 Right Now",https://news.google.com/rss/articles/CBMilwFBVV95cUxQSHBaMlBVbmtWZktPajNqbUJTNUs3QmxYZUtqV3V4T2FRbHNqc2xLUEhfOXJNcUJ5U1BVR3cyNHI1VGU0ZTNaZlpyREFYclJZR1NmNkJZU3NrQVh0U3VNVTN6eFQ4OXJYR2pTcFdKVjJ3b3JJaEdYcjltU1ROY3RfNFdRZWVZTVlCQmtTSk5Fa19fekg3bnA0?oc=5
2026-05-30 03:00,Yahoo Finance,finance.yahoo.com,3 Dates for Disney Stock Investors to Circle in June,https://news.google.com/rss/articles/CBMimwFBVV95cUxPNnl3WDE0anljR214ek9KaU5NdWR0WkpHRHlGNGwwRlU4ZGNfREhGQXBIbG1WRTQyYVgyalV6akZ0T3JUVVJGa091ejZKbGZTYzk1eU5HTlZWTWVRZmxKOG9sVjE5aEJ2b1hRZDdVNTBONkdNZklsSjI2UWxFSElaaFBsQ0pGT3JOWE5ZOEd0d1habnZibF9HSU1LZw?oc=5
2026-06-02 03:00,Yahoo Finance,finance.yahoo.com,A Look At Disney (DIS) Valuation As Shares Struggle And Streaming And Experiences Drive New Growth Hopes,https://news.google.com/rss/articles/CBMingFBVV95cUxPRGEyUWxnZUhYajY2RHlkZ01pbFNhOHdzLWZkZ3RlcS11MlhBSlhxMWcySS1mSjVYU1ZVeEtiQWFVd2hwTXowaVlIdGhxN21TNVlmUVhqUVlBY3FZNXBOU1VFS1BqOVJxLXhva0E2TUZZSDA2NHRweE9TYTdZd0RGM1F5Tm51WmVzZnc3d2tjaFRtWUxLN2lpLUtaX1Nzdw?oc=5
2026-06-02 03:00,Yahoo Finance,finance.yahoo.com,Is The Walt Disney Company (DIS) One of the Best Inexpensive Stocks to Invest in Right Now?,https://news.google.com/rss/articles/CBMilwFBVV95cUxQb2x3eldjc0NkbUlIY3lNZGxaSjN2U01tYURnakZSZjdxeGdobWlZTDREeC1FR0E5amNlQldCWHE5Mk1NOFpjZ2VQclZKUzlWZ2ZSX1pZcFM4amd0bG91X242X0lEeDFTbFFfRGZ3dmdIOG9NYlh2Qzg0SWZtMTV2NFFjckItaEZVaHViSWFTekh6MzdKVkZv?oc=5
2026-06-03 03:00,The Motley Fool,fool.com,"Buy 2 Vanguard Index Funds to Beat the S&P 500 in the Next Year, According to Wall Street",https://news.google.com/rss/articles/CBMimAFBVV95cUxQeFNKYjBKUE92ckMzaEtmX3VFRHpTbDJVZEo0d2xmX3hfSzkzSEJIUXF6akIzZ3dtczdoTVRWQ3R5aFRxanJWT3pkQmpFdmxsMlpGZ21zUlFMM2pUXzY3VFNzUW5kcDRwZlAxTkhEelVhcFhpUlZrVW9ub3hUQjN0NTBpUERwQXBlVm54NllpWS1QbWNUam5KXw?oc=5
2026-06-03 03:00,Yahoo Finance,finance.yahoo.com,Here's Why Walt Disney (DIS) is a Strong Momentum Stock,https://news.google.com/rss/articles/CBMilAFBVV95cUxPbUF5YjM5OE91bWhzMUMxNlBVN2YxODV5ZDlvdkwtLVdFdF9VM0NuX0ozRTFkcVlhQ1BpRzlxV3RwaXFfZ2N4X0VLLVFYQTQwSjBYNGx6Q2M5eERISjBfaWJlcHEyQkdGMElxeTBndHVTNy0yLTZCZVRRTjZQM2Fua1dsdjZodHFRWlFEWmdPYy1zcm9p?oc=5
2026-06-04 03:00,The Guardian,theguardian.com,Disney racks up $4.2bn deficit on Paris parks,https://news.google.com/rss/articles/CBMiggFBVV95cUxOTGs2a3hlOG82VFRtbzJaTnhjaWwzSE9HOEktemdBeFJqbHJCM2pOVjBLN2RtMTY5aUd5MU1TOTdLQlpaQXFJRmwxa0NhZ0U0T2kzQ001b19mYlVPc0hJNnEtOXdYVHlGMGhzNEFMb29zU0RuYzNBRHJna1kzVUlEc2dR?oc=5
2026-06-05 03:00,The Motley Fool,fool.com,"Stock Market Today, June 5: Warner Bros. Discovery Falls on Reports of State Antitrust Challenge to Paramount Deal",https://news.google.com/rss/articles/CBMiggJBVV95cUxQNDhwZHFCeDVYbmVmNXd3UGY5LUVJeUV0Y3NkQnIybVR5OHFybC1qRXJXdzBaMW1uN0t4dWpzYktibC1JNVhxTndWeGQ2VmdOdmNaTDNNM29nbXYyeU9JVWk0T0pTZ0pKdUtMRXlscWlwcURkZ3Eya3VBTVYzN3FCR3BWdWpWU3V6MGtEckNFWUt0dS1KTkI4dTRvTWE3WmswNS1feFl3aGNnWi14ZXYzYVNYOGRxemNBRXM5bFg0OFljQVR0dXJ6TUFoV1ZOeEl2WkltMENYdnU4VmtJOVZlalR4c1gtTmZYQlJHeUlkV181T3dDVV9idkx3VmlFeHJseFE?oc=5
2026-06-05 03:00,Yahoo Finance,finance.yahoo.com,Disney (DIS) Down 8.6% Since Last Earnings Report: Can It Rebound?,https://news.google.com/rss/articles/CBMijAFBVV95cUxOUkVlcVlxN013Q3otaGJrNm9neU1EY0t5VWxxZGhpa0FNYlE4bWduTjNtOV9KYkd5MWpYZXRuQ0hVVnlRWkRxRng5TUVpd2JTQXNES2RGcnpnYWFDd2w1REJZS0htU2Z5MndKdU5BNHRMX2c3d0NPWk1sRjdGQzNrUHRaVGpxM2UtalZDQQ?oc=5
2026-06-05 03:00,Yahoo Finance,finance.yahoo.com,Netflix vs. Disney: Which Streaming Stock Is the Better Long-Term Hold?,https://news.google.com/rss/articles/CBMinwFBVV95cUxQOWVKaE1yM19uSjlncHhsSl9Ba0cybi1xM3lrcnJnVDBobU1Id1hDRXdsOFFGTWczVGF0Tmd2czgwdl9acnJjOTZIdFh6SDFzQUY2MGdNd2N3b2tNY3JvSnlqY3hLVURYMXVGUGRaeUQwMjR4LUlZMGswVTlHV1paNDhxc0ZyZGF3SWNLeFF0ZVNKQ3JMaDRsNXlTdGNVQ0k?oc=5
2026-06-06 03:00,The Motley Fool,fool.com,"Walt Disney in 5 Years: Boom, Bust, or Quietly Crushing It?",https://news.google.com/rss/articles/CBMilwFBVV95cUxNWXFTTjlQeTlKNTdkWmtqTW1YRTlLSU90MkpIZ3RlbGd2X2NHZ0ZlOUphZ1RKbG5PYzEyNWxmQkVzZlNzRDdLc2RRTUxsSVotTTdTUFQzVno2NnZLWE5IYTZnSjdYbUMwaDdhUDctRkxKZ085dFdNalVlQlU3N2RrTTUtUHd4ZnctVnpkTXlKMlVGbzR1dTNR?oc=5
2026-06-07 03:00,Yahoo Finance,finance.yahoo.com,Disney (DIS) Signals A Long-Term Vision Focused On Consistent Value Creation,https://news.google.com/rss/articles/CBMimAFBVV95cUxNQV9zdC1BNWJqRUN2WDZ1NzBhN3hvVjJuYXh2eFl5N3UzZ2QxV09PWFBPSy04RXZIbEdKWWo5Z19nU1NjQTlqSVRWblBDTkc3TzA4YzJnM1ZMb2V2TjRUa01xOTR1aGVTMC1vMU1HdVQwNGhhMkZGNHR4NG1Oa3JwUXpnYVJhTk9jcVJIOHQyQU9YQldtalAwaA?oc=5
2026-06-09 03:00,Seeking Alpha,seekingalpha.com,Disney: Streaming Success Changes The Game As The One Disney Strategy Takes Shape,https://news.google.com/rss/articles/CBMixgFBVV95cUxONEhPalVEQXN0WnlPVnk1bUpCcWhwUnlzTzNCOXY4WjRfVWpkOHNmalBOenFLT0pVbWlJdnB3MGpEUUJBWVRPT2ZGTjFoOEp5MFdMenFYWjQyTXNxQndKX2REWU1lV0V0TmdkblAxaXNPbnNUQXhOZ1RyVnVENkUxODBkekk1c09tSXhRZF8yWjdpalZWcVJvVk1wNUczY3NhWlRlZlgyaXFHM3VrZlplcjltbEl2Y09oSFMxMXBack5jd19UM3c?oc=5
2026-06-10 03:00,Yahoo Finance,finance.yahoo.com,Is It Time To Reconsider Disney (DIS) After Recent Share Price Weakness?,https://news.google.com/rss/articles/CBMinwFBVV95cUxNSmVNN1lHZjlsN043dUw1TTRLRkJyb2RRSklYaUdsa2dKenpoZVBTRzA0X1c1dXEtRzRxVVdkNVhYMWFWQ3plTVZMZGU5bDBONk5nbk81ZG1FcGlJLUpfcjltOE1Jd3RzaWpMTGxfRWhyM3ZrakhBUkVNRXZwejlEbUk1VnBKLURvTll5Z3huc2N1RUhSRmFDaUJVaXJ0OEE?oc=5
2026-06-10 03:00,Yahoo Finance,finance.yahoo.com,Is the Walt Disney Company (DIS) The Best Deep Value Stock to Invest in Now?,https://news.google.com/rss/articles/CBMimAFBVV95cUxPUGh2NHVoelpfTXZDWG1UQ0ZiNTRvRDJLbm1pZjB6a2pLdmRERG9hU1Vnd3EwVmF4U0FicWNiZUMxems4aWZCQTVwOFMybFdWWTl3Y2dKeTZiZWlfYlNIWldPRDFObmlQcGwxTjFVTjgtQ1A1Q2xsT25iWU1XYVZ5NFdPUm00OGwxMWt1ZjVabDgtT0NITXJBMw?oc=5
2026-06-11 03:00,Yahoo Finance,finance.yahoo.com,Walt Disney (DIS) Stock Moves 1.75%: What You Should Know,https://news.google.com/rss/articles/CBMilwFBVV95cUxPQ2FCMWttWlZsdWU3b2o5amVOUEl4aFE5bk9QZjhhc0tIaUNEOXhTM0VnVHlrSnRBNkk3TjNHcHNSclVzS0c1bkgxMkNLRWhWMGczTWxSeHhza1VUTnd3eDhxMzNwQ3EzbFk0d2J6RzBiMGdwdE5NUmRrc1R0VUtvZHZfMDQwbGFaOFRsQTZsOFVxM3BGZVNn?oc=5
2026-06-13 03:00,Yahoo Finance,finance.yahoo.com,Rosenblatt Raises its Price Target on The Walt Disney Company (DIS),https://news.google.com/rss/articles/CBMiogFBVV95cUxPZjlCNlJ0WVRBSjcwX0RUMTd1UXFhN1JBb3ozTlVVanJ6anNaT2w1YVZ0TjNDMzZMUmw1VWxQbHZlZ0REcURLUjBia3R1SHlkVjJZaW5oaWxHT2tUYVVyQ2lZbmN1TGVMdmd6bEp0MzQ1NWQ3SlJkZGhwNUpnMHdXVDhOS0d5ZlJXbC0yQVJhVUxMNEJMZ2F1VnBiNVZ0bk54eHc?oc=5
2026-06-15 03:00,Yahoo Finance,finance.yahoo.com,The Walt Disney Company (DIS) is Attracting Investor Attention: Here is What You Should Know,https://news.google.com/rss/articles/CBMioAFBVV95cUxPdFNyYjdlcTlDd01JUF9RbVlPSmtvbFdfMVFHOV91cl9JMVhLdjVPMzZPZGE4SW9yTUtOQnd0OUJuUC0xWmtkYWZMVERvNWU3dGpFcmp5dzRDdHpqN2hPZVo3QlF2YTlIdDhRdGVCUlZyamY0XzdqWWZsWGQ1TmhJTE9tQlY0OS0tcHI0bmJBWlhwY0d6M0xwM0Y4TGxfaUdH?oc=5
2026-06-16 03:00,The Motley Fool,fool.com,Netflix vs Disney: What's the Better Stock to Buy Right Now?,https://news.google.com/rss/articles/CBMimAFBVV95cUxNX3BwOUE5Y3dVeXhLV2RRVWFiOVVSQlJ2R3RCbmQtcXNFdnd4eVB1WndhTXZZWGdKQjd3NlNua2pqODNFQ1hJcGxBVkRvV0xRSTJLaGh1bDB2NE1fX1BRRm5TWWpKSDhHZFFYejZveGI5THJBdkc0a0RPcW1uM29ubTVoV2cyVHpQRmdUNnVuTmRsck5YMVBqWA?oc=5
2026-06-17 03:00,Yahoo Finance,finance.yahoo.com,3 Reasons to Sell DIS and 1 Stock to Buy Instead,https://news.google.com/rss/articles/CBMijgFBVV95cUxNQU1Ea1piME42TGJ3N29TXzU2M3lDUWpTUHZsbElQNHRSYm9ZaWVCMHdZZUczT1RpT1dIbjh4SG9uZHREWTg1MFByVWtlZjRHQW5pM0lweklGaDlENWZhRm95TE1uVjVEYWZPcXFkem1oVGR6TkdkX0U2czJ1SGVuMEV1WGIzSEZjYlhBV1Z3?oc=5
2026-06-17 03:00,Yahoo Finance,finance.yahoo.com,Walt Disney (DIS) Stock Could Be 23% Undervalued On Film Slate And Parks Optimism,https://news.google.com/rss/articles/CBMilwFBVV95cUxPS0I2X0s5ekNBWUlmTFZReEcyaUtWOGdBOE1zTnh6R0JGdXRLQ2p0Q002RFVsbkNNOWdNd3k0aHNRQWxURlJReE55M3l1dHppdEZibWQtY0U5d3Y3WEhldW03OWIxR0tsc1FyYlBqRnF0VlZ3bUtUY2hVdkpyRzlZZWlucHR6NTE1ZUk0WWZneldLMGhEc2Iw?oc=5
2026-06-18 03:00,Yahoo Finance,finance.yahoo.com,How A Pan‑EU Streaming Patent Injunction Could Impact Walt Disney (DIS) Investors,https://news.google.com/rss/articles/CBMioAFBVV95cUxNaHNGcThLaGFkZ1czMzRpZTYxdjVfMFNyZVhjdDJsTDlDN0FGaUxOVVpwMVpmNU4xQ196akw2VXRNaC1lc0JLOHMtWTJiNHJoR3I2VUZ4M2J6MktVd29vX2dfOElLWmVIdXNhVXFTcUVTSzctb29DNFFSeGZpVlV5YnVKY0dxSHUwV2QzSzhxMThpb29VdnJ0cUN4R2NYSHNX?oc=5
2026-06-20 03:00,The Motley Fool,fool.com,"Could ""Toy Story 5"" Reignite Disney?",https://news.google.com/rss/articles/CBMiggFBVV95cUxPYXZ1cmdUTHN3TFprT0NiZ3NlTUZaaTVld2REaTg0dGtCTFV2NWZwVHFvNTRhRUNvNlpxRWVueVVQWklqWHZMVklPQXJxb19FUzhMMjA1NWQ4SUFaR3pBM0pucDh6TFpUb3VMalk0eGNIcEhXQUZGbnV6cXNmZHM1aHF3?oc=5
2026-06-22 03:00,Benzinga,benzinga.com,"Toy Story Breaks Records, Star Wars Struggles: What Happens To Disney Stock?",https://news.google.com/rss/articles/CBMi1AFBVV95cUxNNGZ5SUlucTJXcE1KQ3REZkNxMUJGaW5WbFBQbU1wN3gwTDctT0dxalJfOHN1Um50UllmRGxnTGNnam5QdUFrM2RudzI4ZHhZNGppYU9QbFh6NHQ1ck9kdWk3R3FZTVMyUFpIVlhZYkx0OXd4X2VoUGQ3bXlSY2N4TEt6OXR1cnJBZ19vVG1jOTNPVzJoUUlSWkVxbmZBWlgzWVhmUXdGeWhyN0JXYnpKVUxvS2EwNUpONndFYkF1XzYtR29lX3lPTy1FYjU3T2prX1lvTg?oc=5
2026-06-22 03:00,The Motley Fool,fool.com,Here's What Fox Buying Roku Means for Disney Investors,https://news.google.com/rss/articles/CBMilAFBVV95cUxQWTVBa2N2QVNCU0dQOFRqbDFyYnB6dy1ROVVWQVJsc0JzSG0wUW1KdnNnYksyS2FmR3RNRW00VUtiZDZVbUJ6SHhnWDREZW4tU0RQdC1fNFJlT1pGcE1lVm5aYlpiM0swOUktNUVpYWwwMnpCX3FHVHFWOVZ2TjdwUEN5eXltY0ZfMzh6enBua3N0VUlD?oc=5
2026-06-22 03:00,Yahoo Finance,finance.yahoo.com,Walt Disney (DIS) Suffers a Larger Drop Than the General Market: Key Insights,https://news.google.com/rss/articles/CBMimwFBVV95cUxQc1FldFprc2ZSOVJEcGM0clNnLXQ4TllEX1dDdGl1V2F0czFEcjhuM045ZnRiSll2ellGM1hBN2dBSEVHcHpEakFITVJ6TkVrMGJRTy1LU0ctajJnMjdmM1YxS0paY21OWlVXU0xBSGRoeTRPdFFLejFaR2J5VDFINGpCR0Q2N0I3dC1veU9WVHhUZHNCaFd6TUlwUQ?oc=5
2026-06-23 03:00,The Motley Fool,fool.com,Netflix Is Down 32% Since Reed Hastings Said He Was Leaving. Should You Buy the Dip or Is It a Red Flag?,https://news.google.com/rss/articles/CBMimAFBVV95cUxPQUh1S0hPV0pZYjZWSUNJd2lTbGpuMkZ6YnJlb1B0SkZoMk4ycl90OTNiSWYxRkRFSzIwd2tIWXdDVGtxZWdDWHg4QWdqRDU1UjN2ck5aLUVPNmIwQ3lxZ1VaUTVNM1lxQ3NRblJpMWJfOUtvUnZyVGlTUlZMUF95QlFkM3JxbDZlOVNaRlUtZ3Y2QWhELXNJWA?oc=5
2026-06-25 03:00,Business Insider,businessinsider.com,Disney org chart: See who reports to CEO Josh D'Amaro and creative chief Dana Walden,https://news.google.com/rss/articles/CBMinAFBVV95cUxQZmdGS1FiaGhkREtWbHgxdXZaeF95RGcwaEdzbDdxRGhTOGJQaERFLW1CT3RKdHM1WGtOdGRBODBNZlppMnUtM0Y5eHdwd3YwTnhaaGR3dmZ1WXVHNXhxRF9oTWl0clJhVmVoa1BBUmlGTWJDQnZ5anl2ZzJOaFc4NllwbFNRTUZCaU5GVFcyRmVacFJ6RVZHLU05dF8?oc=5
2026-06-25 03:00,MarketWatch,marketwatch.com,Walt Disney Co. stock outperforms competitors despite losses on the day,https://news.google.com/rss/articles/CBMiygFBVV95cUxOV3JyRl9lTlJSNDN6RzlFdEVIYmxSWjAwSWk3ejVsazV6SFZWZFVUWUJoem1vQlNGeE5jQWlodm5HcXlWM2txWnJnYUZYaUtjVENobEo5US1GUk9Fc2laVWpOT0M4N2laR1NmYUg1OTZvVWt6SDhnSlprUGExS2NMVW9fRDhRS1BxQVBlM2l6WVlEWTlYbG80YjlsNVNWMDNVeFFlV2Z2cVd0SThFQUFtc2hySE4wdEUyejdZa3lZdXpwc19MaDFOcFVR?oc=5
2026-06-25 03:00,Yahoo Finance,finance.yahoo.com,Antipodes Global Fund Invests in The Walt Disney Company (DIS) for Valuation Opportunities,https://news.google.com/rss/articles/CBMioAFBVV95cUxOTnBzRTAtVVJ6ckhYTVl6azA2cjhSOGw4OTBhaGVfY2xfZEd0VGE4MFpqSzFXNmZacnBkV2RWZ2VpWFZsbDBYYXpJMkZxSC1aZUtyUC1oRjM3Qnk5cXJTcEpVVFdwZXhjWGQ2ZjZ0eXRlcjhUX3BQLWtSRTI0Q3MtVUlFalg0Wi1NczhVOUtYUjdjTzBwd1NpU3FScTdwRExZ?oc=5
2026-06-25 03:00,Yahoo Finance,finance.yahoo.com,Disney (DIS) Stock After Five-Year Slump Is The Current Valuation Opportunity Enough?,https://news.google.com/rss/articles/CBMilwFBVV95cUxNM1JvQ2tNN0NQMUMtT0haemlRY3NwVXBPendlalRURDl4Y01BMWhRbGhjVF84SHNiNXByNXZHRmFfcWp1NlFDbEY1R21vb0dMZThadzR1UnYxQlByZm90YkRxVXZDcW1kVVdtbEROVE9LWlpCVU93SzIzOUdzN2YzSndtaWdFcVRIUWFHUndDZEdMcTVkTGNr?oc=5
2026-06-26 03:00,Yahoo Finance,finance.yahoo.com,The Walt Disney Company (DIS) Is a Trending Stock: Facts to Know Before Betting on It,https://news.google.com/rss/articles/CBMingFBVV95cUxNajllZ25acnJkRXdvZ0YzYVBPLUdRcXVCa1lWMnBZTm1kRUlTXzBqT1lKM1ZhdkpfQkxHTHdTOVBlblRvZE1qRjZKWXNUMnRLa3R1aWM1T1JWOXhqdUdkcW9yYUNqRm0tWW15M2wtTHJwMmdOdHVKcjJXaWt0SnMtVEx0NnZoTjhPeF9uUVBZa3R5N3dLYVpKdDFZNGZYQQ?oc=5
2026-06-27 03:00,The Motley Fool,fool.com,Can You Invest in Nuro Pre-IPO? Here's What You Need to Know,https://news.google.com/rss/articles/CBMihwFBVV95cUxNNm9Gd0wwZjlad25HQmVqdWtJRFMzSDY1dHFNQW9rRFlpQjZYekN1MFkxMjIwbXA4VzZ4dk9ZNTltUTc4X2VfVll5aTZvb3lPTWlhVEUwcE9hdVBKTVlDLVgzdXFQNl91QlJ5amRfV3lhRHRsZnltbDQ1RTBJVk9CaVgwTm5NWXc?oc=5
2026-06-27 03:00,Yahoo Finance,finance.yahoo.com,Is The Walt Disney Company (DIS) One of the Safe Stocks for Beginners to Buy in 2026?,https://news.google.com/rss/articles/CBMilwFBVV95cUxQd1F1c25HTDI0a0ZLQ2szR0RuZWFHUEwtVDcwVl9zZWR1SGNJYWJWcWpaRE1wcGpKVER5OWpQaVJtd0hmMTMxU2NaWHJvaWk0S2ZVQnRlYkgtaXp0cnRqWGR3LXdGUFNXSXcxM0YtVzQ5TkluamZKdkJpX0tOSFZFMzRwTE5kd2JOZDNiQ29jb0RXbWZBSkhZ?oc=5
2026-06-29 03:00,Benzinga,benzinga.com,"Comcast Stock Soars On Split News, Does Disney Need To Make A Similar Move?",https://news.google.com/rss/articles/CBMi1AFBVV95cUxPdnI0NXlSZ2pqdE9vOXd6SzVMaTl3cmdKb250bHNJZ1BrY0ViRU4zUzFINlI2NnRKZVk3alFaZG5xNkx0RTRIcVNuVlI1T1p6VkJpLU9CSWRvWkliYlk4RC1kX2x4Zmc1MHJoNmtvdHloWU1NTVBvTGc5M1ZWb3dGZlBnSTc4WnJpSVpDQjNBMm9TLVZjR0dOWWc3MWpOQWpNU25lRXBCc2FqdFEtZTFlak85RjJXN29GRGZFd3Jva0EwaTVGQl91b1Q3NTI5Q2NWOEhKSQ?oc=5
2026-06-30 03:00,Investing.com,investing.com,Wolfe Research lowers Walt Disney stock price target on streaming costs,https://news.google.com/rss/articles/CBMiywFBVV95cUxPdHdMQUEycmlJUkE5cE5lNHluQ2pUc2dzeDVRNWdmSGVzVGRBYmxVVlVkU281WUh3SkxTNWtkVElwN25zcHB2dmZpV0JyYURSenpWVW04Q3lnLU15dW5YSndScmZUWVlqT3hhcXUwUWsxVk05a095cHRoYkpkZTZYSFhjZ2VvQV9jZzdaTDVfUzdsX3dLYTg1TUxJb1VCVUNiUWx4SzNhTVNWa1ktRWxoNlY1Z29MOGI0ekhua0YyMUlXaUdNSklvcVZsMA?oc=5
2026-06-30 03:00,The Motley Fool,fool.com,3 Dates for Disney Stock Investors to Circle in July,https://news.google.com/rss/articles/CBMimAFBVV95cUxPbENiUHZiNnRnSmI1NFBFcmNQLTBUenQxXzBvVG9pUlU3aU9kcGp5SGIxeW5DNC1LRWFPUnZxdmFvcUdPcl9ibW1XSmZNa3BoaXBxUHZpVWVycGE3RlFxSm4tWmxuVkdWMERzUHJUNmxaT1dOSkt5SUpBYkcyc1NjcTVZYXlUaFBPOHlEMUZTcTRPSkhzUkN5bQ?oc=5
2026-06-30 03:00,Yahoo Finance,finance.yahoo.com,Walt Disney (DIS) Stock Declines While Market Improves: Some Information for Investors,https://news.google.com/rss/articles/CBMimwFBVV95cUxQZjAySU9YWXRTMTVqb09yMURSc2ZFOE1IZGpJMHVVeWxPd000a1AwTmt1TjJ4dUltX2lmN2Y3T0xVVnhDZjJkNWhBaEh0VFFsdXE3blppa3g5Y2U5YlZkTFdCT2tOMHY0S2tqS0RJTFhZSnlObk1XVUxHQmI1N0VkU25VdmttNjdZVmd6S2xVMmlnd2Jma0NGSkp1VQ?oc=5
2026-07-01 03:00,Yahoo Finance,finance.yahoo.com,"Here’s What The Brendan Carr, Chair of the Federal Communications Commission Said About Walt Disney (DIS)",https://news.google.com/rss/articles/CBMirgFBVV95cUxQSWRzLXZVd19FZXlFTlpLSHFubWl1UDNJSGFacGtpeHFVakVkaWx3cEhYemVUOTdCOTQ1eEkyNERTUmVTVGVUb1Y4MWN4WU56dnBfZ3FpVGM3c0M5dGEwcGN4cGRaTVFIeTJkcll0ajVfcVFlQ3otcFZKNC0zV3V5T0FicFd6dXVRS2dNQWhMbzZjenp4cllWNXRnTmZUbjhPbGNkTFhzVHNEMWdFemc?oc=5
2026-07-02 03:00,Yahoo Finance,finance.yahoo.com,Is The Walt Disney Company (DIS) Stock Undervalued Ahead of Disney’s Fiscal Q3 Earnings Report?,https://news.google.com/rss/articles/CBMimgFBVV95cUxNYU0xai1pVHFXVW9IUTd0WkhNcEMxZ0tTMWFfaGQyb2lyYURDZ3BkakRjak50NHFOb3dlQ0VicDRuT25mZ19CNkhLZklYMFZnLXQxVFJRYWIzWHdsUkpMb25Vb05HVGdFSUNNY0dtb0g0T0NHOXBMWlc2SThoRUNZR1VGTFBKcWRpLWUtUmlCM0ZyeVp1Yk5lYWpR?oc=5
2026-07-04 03:00,The Motley Fool,fool.com,1 Reason to Buy This Wide-Moat Stock Right Now,https://news.google.com/rss/articles/CBMikwFBVV95cUxNbDc0V2QtZWR4ekU3b1JfVy1GUS16cGZLdXBFYVl2b2V0TVFkemtvS1VmSlZueF9GM1ZPVDZfamFpd2UwbVhSbk55ZHh2TTM5ZldVcmZTZVZwLWJ4M1J5LW1VMHZFUm1UazNsQlZjYUgtUFV4WWVBNXFTbUpUbGVPaldOUUxLOTdnc1VpQnJRZm5BNGM?oc=5
2026-07-06 03:00,Yahoo Finance,finance.yahoo.com,Walt Disney (DIS) Stock Drops Despite Market Gains: Important Facts to Note,https://news.google.com/rss/articles/CBMilwFBVV95cUxNeE8xVlZFV2tzZG1yR1hhbXJ2a3NYTFFvbW1LLTVpTG1pbUhQSWtmdUM4NGJha1RBVXZXc0FFLWtnMTZFNWJRNmZLM3JFclc0MVdHbzlvLTRmOVpmbXpCNDhjTmNxaUxwVmFrUHZYQklHUk1uVnVJM1hkbF9nbHZOYlpjeUpRZHkwR3hRMjdzc2ZoZTZOa2s0?oc=5
2026-07-07 03:00,The Motley Fool,fool.com,Walt Disney vs. Netflix: What Their Revenue Trends Tell Investors,https://news.google.com/rss/articles/CBMisgFBVV95cUxQbnpLeFVDOFljOTROTHhqMW5tUkowSEc5QUhBNjZUaV85NWVjTmZybXFqNU9uWlJNcU0teC10TFFBR254V1IzRW9Sa3IyVmJPeHdzYXR5Mjl3T0JwSC1iTkNYaUpxOUxubkJHdUY1XzBXVVNJa3JnVDBVb0JzdHozMlVoN2dNUTNEaGNLME5BT0U1bjNTaVl6cnhFR1hMQ0lzNm12b3FQT1BrZW5yNndBNnd3?oc=5
2026-07-07 03:00,Yahoo Finance,finance.yahoo.com,Walt Disney (DIS) On FCC Scrutiny Is The Bull Case Still Intact,https://news.google.com/rss/articles/CBMimAFBVV95cUxPTl9vaDFEZjlOVjF4UUszdEdjdlEyNHhYbmF0TUNnOGNQZGpVQTd1M2Iwc25vZzJHN0RRUHV1TnNzZkNsLVlWVE5QSjZuLVQ1MFdTbkdkZlpxb01GUlpnUjBPWGNxN2RfVkUwc1FjQlQySmpDWklMVXJQa1RjVm82SWdPaWFsdlR3OG5hYTRTZ3NzZnhNa0tRRg?oc=5
2026-07-09 03:00,Yahoo Finance,finance.yahoo.com,Disney (DIS) Stock Looks Cheap On Earnings And Cash Flow,https://news.google.com/rss/articles/CBMimAFBVV95cUxNckFxcGtWNmJLdWY2d3d5SlBYSHkyNHFLLUh2a25FTmt3emNFWHNpRWxaWDd5SlFjZ0l3dnFocFZnazhvNm9SV2E0SW5zUXVCYTRScmxhcURLbEJvTnRRcUEzdVhuXzNnajBqM2F0TWVwWWxJVGV1UnpSUENfYjdzTjFKcTdRSGxWMEJEMjdQcG5FNnZBYzcxNQ?oc=5
2026-07-10 03:00,Seeking Alpha,seekingalpha.com,Disney: Time To Be Greedy (NYSE:DIS),https://news.google.com/rss/articles/CBMie0FVX3lxTE5qdmpzVTJ4aW1uaXBLcm5IYzJSa2hRQ1dNTk1iQmU5bFRadXpmenc2WU5JSEllYVlURENhWnJ4cVFOWHZvS0c2dnN3eURXTVczSjhGQklGbzRuY2lzNS1Zak5xZkVvelJxSU03Q3lucWdBVUxZQ0Y2ZWJpaw?oc=5
2026-07-13 03:00,Bloomberg,bloomberg.com,Disney Exiting Streaming Could Spur 40% Rally: Wells Fargo,https://news.google.com/rss/articles/CBMisgFBVV95cUxNeXdRejFoS3ZBUVRKY0Q1STNUSDJIaFcyQ1ZtWDQxN3B4QldxQjh4MmxRTWpyQ0FIWFhqSWRoaXZDTWJzTzlFc0lBZDNxcERqLUdVRDNBVTdfTi1xdk9ReUdzQ2V5MmFXWTZKZTUxdGxFaHRxS2F4RVA0dDEyOVFkNTZFc1JaTHB4LWZjRGtzVndIYjlUTWtXVzFXNTVuTlJjdE4zblh0bEJkbHdPY0lhclVn?oc=5
2026-07-13 03:00,Investing.com,investing.com,Benchmark initiates Walt Disney stock coverage with buy rating,https://news.google.com/rss/articles/CBMivwFBVV95cUxOZ29VcDRtdGVSaGwxY2VRYktxdmlJTl9WdHowQm1zTTdKTjNEa3JxZDlhOE1HaWVtRE5fX3BzLUdBdE82aWhxNGI2REphdzh4NVE1ZGZaaDVUVVNZZnFzeTNfTEQwSmFiTmFhc1ZSNVdZOUZxWEdJT01SWC1jLVZObFJMUmwzZ0R6Q1VWbXhFZWp6Z1h5eXFOQ0s1aV9qMzg4dEZtM1hVZjh3WDdMSko3dWxZcXRwbldPZDJpeVhoOA?oc=5
2026-07-13 03:00,Investing.com,investing.com,Wells Fargo cuts Disney stock price target on streaming strategy concerns,https://news.google.com/rss/articles/CBMizgFBVV95cUxNR3ZiQnRCelBxRkdFS0lkN2NOZERYam9VRWE3VS15V0FaWTNVRlBtX1BSdmhqcU13MU5ENzhLS2c0eVNjeGNuWEY5eGtSel9uWFJWaHJ0OVhWNzJranRhcVlxZFliY2IwS3pIbEZsa2FoZmluS0JNSGZneFRka0hEbTN1NmJBbFo5cnZ6ZHJlMWFxaHMyeG9qSDdUUkJNaGd5blVjaDBFYU14aUNoV3llZHFNX3dkYUtuTG00NVczQnlzYWhwTkhMMVI2eGthZw?oc=5
2026-07-13 03:00,Yahoo Finance,finance.yahoo.com,"Ditching streaming could boost Disney stock by 40%, Wells Fargo says",https://news.google.com/rss/articles/CBMiqAFBVV95cUxQeUg3RnM4emVINFZyNHpJYktyNmVlbjFMdUpfczh2NnEtSjZuY1k0QkV1SGY2R2Y5NzZaSEd2cUlYT095Q0hLb2JTV21pLWMwaDkxdy1qb3J3Vk94YkdhRC14RThCcGp4MUd1akpFVVprS1JINGZNc2UtdXM4VTNkMmpuLTJjbVN2dTA5RE1NODFCRmhoeVZEMDBNQ20xMFhSc3dCR3luMHE?oc=5
2026-07-13 03:00,Yahoo Finance,finance.yahoo.com,Wells Fargo Says Exiting Streaming Could Lift Disney Shares by 40% (DIS),https://news.google.com/rss/articles/CBMipAFBVV95cUxPWkxybkRJQWdhLTZzVTEyR0d4UkZjZXh1aDdET1lRMXFmQ1VFRFV0SHNHYTN3MjdHYjdTMENpUkhNZmRRdlU4U1JwWVhTUlMtRFFCV0haWGIxMnJQYWhFUGM4QUNydmZtcEZEUEFXOFptSVpBaVp0ZjBaZ3YxU2kyY01CYS1USmRyUW5uTzQxTm5qeVo1UGxwa19mem91SF8xQk14ZA?oc=5
2026-07-14 03:00,Yahoo Finance,finance.yahoo.com,How Moana’s Soft Opening And Streaming Debate At Walt Disney (DIS) Has Changed Its Investment Story,https://news.google.com/rss/articles/CBMiogFBVV95cUxPSm54OUFSTVpkR1FsaDdRZVN4bXhER0NOMHhuRUIzLUZhbGRXSTN2S2gzUDM3Rk9LelhQbEQ4T1k0MndnUDJlUnR1Z0RTMWpPMm9rc0pOQ2ZYTnFWWVZUbzJ0ZVVicmIwZ3pCN0p5bHBhVTM4T19zVG1ZTVZUZWE1NzFBYzU5WHFuSUJ5RVFiSjVaV1dZOU1YSmlvWnM3MnlHUkE?oc=5
2026-07-15 03:00,Investing.com,investing.com,"Disney shares shrug off dip after report of FCC ruling against ""The View",https://news.google.com/rss/articles/CBMizgFBVV95cUxOSHpPdjh4ZDVxVjJnZmFKYk0tYkotbE44a1AxRzUzbUhoalEtN1d0VXQ3Z08wSUhmb1Frb2h2b2hXUlJtSVhKU1dSaHdrRzd5MHRCMHloMnV6dXFybzZHYWNuazhpS3hFbG9YNG5fUVZ0cWE1SWpqTzdHY2RmTGE1dUdlZ2RKZl9mcDdwYWFPYzZYMVI1ZGk1V0I4UVE3aXpCNkdxQmdvZjBsZlMyWEVna1JDdDhFU1p5RW16bk56UHJZcXZtOW1TVzdZOEs4UQ?oc=5
2026-07-15 03:00,The Motley Fool,fool.com,Why Is Walt Disney Stock Cheaper Than the S&P 500? This Is the Only Explanation.,https://news.google.com/rss/articles/CBMikAFBVV95cUxPeDMzTXQ0WVQ0bU9peHBMS1hUekx1bkw1aWdOaVhSbEMzb1c3aUZxS1lpYWkzckNneThJeEtTbmtPcndLS1pVaFUzU0ljRk43YV9VYWV3bTZ3Zy15amFaM0pRTUU5Z0NfMmRwM0VXQ21KcDlkOWFiZFVNb2k3X0wzdVl6U1p6Qm9jZEU0QVBpRXo?oc=5
2026-07-15 03:00,Yahoo Finance,finance.yahoo.com,Here’s Why Disney (DIS) is Among the 8 Worst Blue Chip Stocks to Buy Now,https://news.google.com/rss/articles/CBMikAFBVV95cUxNd0tmZkdaMHpCYnhZR2ZEel8xbXp3Vk9tZjNFRjNLZ3BJdllma3F4WEVCUG56UTk3WWRUUEhvdUk0Yk45ZVZ5ZExKN3lqdFJ5UW5yZEMtTnV1a0JIeTVFblEwZThwVWJULTVtN3Qtd1R2T0NaQUZuTzY2cmhTNFBSdE96aElRdnE2Nkc0TlZPbEE?oc=5
2026-07-15 03:00,Yahoo Finance,finance.yahoo.com,Why Walt Disney (DIS) Outpaced the Stock Market Today,https://news.google.com/rss/articles/CBMimAFBVV95cUxNVm1jN2MyVTh6OU9TVmtVTktKekx5TWI2MVdjNjIyb05XdS1kcUJvUWpVOGdaRkFNZFNYUkMwMVdyRDVDdFBjWHVVOTlVZ1NDcWdtNnFLcEtOTkcyekxxNURtVk5peldYZDhxVXhiSWQ5S0VkTEZkNHZMSW5hTlhFMzYzRi10bFhKVjJ6TVc2aVBkM0t1ZVBFSw?oc=5
2026-07-20 03:00,Investing.com,investing.com,Benchmark reiterates Buy on Disney stock despite Moana box office miss,https://news.google.com/rss/articles/CBMiygFBVV95cUxNZ3ZmUkpCM2Z2blJfYTR5RnBDU1ZMekNkSUkwYi1YZEprVnh5R2J5VWgtS2NacDBVaGVNZlh6MUgzb19RRnJHYW5wTENJdmtJNkxleFVHcW5EUjhvVlNSV0lfVDJkM3hlSnBUSnNGVlB5YnhVMkFKaVozRXMwS3dWdVZlbHNPSVRxVzdGczlWbHQwY2c2S1A1al9GSXJsMGJSbG9NWkxZTWE0SHpjUXJsNVdMZG5vdWdRZUZScWpXcnNYWmFtRDRmRi13?oc=5
2026-07-20 03:00,Yahoo Finance,finance.yahoo.com,What You Need To Know Ahead of Walt Disney's Earnings Release,https://news.google.com/rss/articles/CBMingFBVV95cUxOOVZqQUpXN1FZeEM0YjlmamNtcVRKX2FSNE5rYUxpV1RtWm1jTC1JSGFoNzNuZ29UeDVSdHNXWnhKYmFlOTZaQm90Rl8xTzZJTGFRSm1ZUkliSkczX2tNSE9zMWpDSE9DaG5BbGU3emgzSlFaY0kzdUxxck45VkpYbldPeldMbUJFbmFhcDRWTGVZTENXYkczM2dnY2UzQQ?oc=5
2026-07-21 03:00,The Motley Fool,fool.com,"Disney Is Down 15% in 2026. With Netflix Stumbling, Is the House of Mouse a Contrarian Streaming Buy?",https://news.google.com/rss/articles/CBMimAFBVV95cUxNeGREWkNSZE1Sb1lNeWpQWDZVS2g4SUZYUWFKNy1uUUpXSEZEQjJSX3E3WjZNdWlYV1l2bGRRcnRWbkE2dEFsSlpjZ2JieVFzQ3ZXakxPT2tkZ09TMFloMjZ6S1hIOFo1OVNQMVhjZklVRFFpWXJvZlBPczFRNk1JOEtYOFhldkhjUDVIU0RwZ0RuODRJZlAtWQ?oc=5
2026-07-21 03:00,Yahoo Finance,yahoo.com,"“Alice in Wonderland” Voice Actress Kathryn Beaumont Shares Fond Memories of Walt Disney, 75 Years After Film’s 1951 Premiere",https://news.google.com/rss/articles/CBMiqAFBVV95cUxNMThZUklJY21vRDluWHFIS2JvY1pKRjBTMUhaT1djVFNQdlJwVzB3RmNMUkl5ZURzMTlvUGhCODVUSjB5NDlLTjZTRk92N054cGozenYtZlgxSzNFSjdrdGRuZkF1bTJKNFRad2pxT0d6eUJsYU4yYXZWYTZXZHBiNUp2cDJjVVZ0ekRkTU1sYjM0Q05xdFBYdTRNVFNpVzFGSmFuQ21VeFk?oc=5
2026-07-22 03:00,The Motley Fool,fool.com,Why Is Walt Disney Stock So Much Cheaper Than Netflix? This Is the Only Answer I Can Think Of.,https://news.google.com/rss/articles/CBMikgFBVV95cUxOaUFwLWxnUE93Z1VadVpOeDhmdmU3UFlNTmZJcjR6bzNwZG1fTTdBNDNna00zbGNaNDRkM1dfU05mSzJaUmN0cWd2THQ4MVBydExrWTB0a3FGZFBjQTEweUZLUTdSTlREU1UwcElyM2wxSEZyeXVIbElPd1g2T281aTBPdWxsZ1QyZkNwTFJfTDJvQQ?oc=5
2026-07-22 03:00,Yahoo Finance,finance.yahoo.com,Disney (DIS) Expands Kraft Heinz Ties As NFL Network Deal Triggers Job Cuts,https://news.google.com/rss/articles/CBMimwFBVV95cUxObU9PTDZTaUtWbUFXVmFxQVpqWmRNaXpHZUdDd0ZqM1I3RVlBTTloVVNPU2hYZEh3dXcxek45THo5eGJoenJvc3R1WHNRaE9CdVdmY3RLbmNIZXNyQ2p4d1R6Sy1QcDZqS292SWNNeFNIeWdTYXV2WmRqODh2Ty1EUmRUSE9tMzFiX0hmNXNzZkRITHpuRTlQZUJDWQ?oc=5
2026-07-23 03:00,Benzinga,benzinga.com,Why Is Walt Disney Stock Falling Thursday?,https://news.google.com/rss/articles/CBMipAFBVV95cUxNdVpEQ183MGJTeGhZQWpOYzVjbEk5Zk8xSUZDakkzUnoyUERoend5SzY2dkhIUm41LU1JYjNBa19Mem41M0J5blV6RS02QjdjSjdUVlc4VjFGQ2ZUblJpdzBrS3RBN1p1T1dYOUh4RjllMG1BeFRNOVZ3ZVpRNnlUME52dloxQVoxMFU1Zm9GazdVVVFoY2NkQ0oyUldfNUIzNzd3Wg?oc=5
2026-07-23 03:00,Yahoo Finance,finance.yahoo.com,Walt Disney (DIS) Registers a Bigger Fall Than the Market: Important Facts to Note,https://news.google.com/rss/articles/CBMingFBVV95cUxOcHhLQmc5NURkOW9TOU9Tdk1PS2g1eXNTcXdGdktrMEFOWGRYRWRMREdBT2xQdFdQSlc1Q0c1enVWZzhLVXB5SS1mUlo5TXAtelh5NmxFNk5VUWlYM3VIY1F1LXFYMXFGY1ZaMjl6Q0xOVHZmVkF0T2M1cmoyWXI0cVUxRVR6VHZweVJYcTJ2VERrVjh2NkVzWHlmbWRzdw?oc=5
2026-07-24 03:00,Barron's,barrons.com,Disney’s Kraft Heinz Partnership Offers a Way Forward for the Stock,https://news.google.com/rss/articles/CBMic0FVX3lxTE5yV1NOQ1dWS3JQdnJFZ29JVjRQRC1nejhwTldDM1hlcXhGejRSUFZSNlJfWVdvbWsxenExTEM0MDRzWDZfTks3WlI3cUJVbEhGNVpHS21MVWh2NU9feWZCaXFJUWpKTTRDeUN6MDlUdDBMdlE?oc=5
2026-07-24 03:00,The Motley Fool,fool.com,2 of Warren Buffett's Biggest Swings and Misses Share a Common Theme,https://news.google.com/rss/articles/CBMikgFBVV95cUxQUTNCUWVzb3djMGJEOVdBVUFfLWhYMkRjckxBNGlKWklTVkxUZTFsWm5oQy1sMGM5TkJINFl0WklJcTE0NGQxbm1zOGJFV0REeVBQVnZwc1FSQlN0NWdOZTVSdUp5R3c2VFRwVTU4Y1M3YzY2bjRMYmxaZ2UzbHF3ZURNcnlrakZvVzd3RnUtZjFEdw?oc=5
2026-07-25 03:00,Yahoo Finance,finance.yahoo.com,Disney (DIS) Stock Looks Below Fair Value As Caution Lingers,https://news.google.com/rss/articles/CBMimAFBVV95cUxQXzZJLVZLc3czZWM2QVBsNTBPcFNUVkpENG14LTl0Qi0zQ1NTS20tRFRBQXVYRGVMLU9DekRlOWFzR0Q0QkVsMEVyU3BITjBkU290UDlIeDFLbXpZV201RXlIdDA3RlRvRG0tWTNMSzlTUXczbWM1RVRZaVdyZXdYVE1ZaWNDaFJvampLNHZsVzBuYjhPSC1YSA?oc=5
2026-07-27 03:00,MarketWatch,marketwatch.com,Walt Disney Co. stock outperforms competitors on strong trading day,https://news.google.com/rss/articles/CBMixAFBVV95cUxNdnNNUG1tb3hnVkFZTUtmSE9FenNJNXpsYTN2SUUzYzFpZTlMWm1vdHJmYnUtVGt3WjJHSy1STXkyQ0dJWWpibFFycm9rSFNWbVQzUWx1YTQwdmJxcmZrak9FVGxEU0hfSWl1cDRudTMwYU1FejJYZzF6b0RRQ2hka2dIUzFUVDcyNFl0bXRORW15V0g5ZUZpTHVYdy1tay1aOWxTWkFjS00ycWI1emlzdmFjVGREUFFfeFRqWWZDcEtfZlZN?oc=5
2026-07-27 03:00,Seeking Alpha,seekingalpha.com,Disney's Turnaround Is Here: Why I'm Buying The Upside,https://news.google.com/rss/articles/CBMinwFBVV95cUxOMTdCbWREMk1mbVNZMHRwT28tS0pJTkFiYnNRYXlWVk5JMXd6ZXJGS1VIOGFhZFA5dlVYbUM4MWpxVlhhWmpUOEgtVWV1aWRtZnNMNFc0ejNTWmVaQVZRSFFfZDg5VjdvSFJSQ0xjX3YxbXZKN1R2R2UyQlJ4Yi1MTGVCQUdtMTI2T3pEN2ZOSElfd1hEaDhwY2tqa2U3cGM?oc=5
2026-07-27 03:00,The Motley Fool,fool.com,How to Invest in Disney (DIS): Your Complete Guide,https://news.google.com/rss/articles/CBMiigFBVV95cUxPaG81TDNUSGlSWTBRcGxWb0ctbDNPQzBhTjdQejFaeDNnbmVRVHNHTFhMV0xEUDBlV291eEZFbnZHZHd5NmxrMFdKcmxaME1lOVJUb2VRZGpXLUxhel9YMlBoSEducVAxX3B3bWRMSl9HeU42Y0NDTW9PN3VaMjZzYm5Yb2h6WEdaUEE?oc=5
2026-07-28 03:00,Fortune,fortune.com,"Walt Disney (DIS): Company Profile, Stock Price, News, Rankings",https://news.google.com/rss/articles/CBMiS0FVX3lxTE51QVU0YmFQYnNiZlBmdjRTUjFtaklRRlRNZ3lMNC1rWE4zVC1qblp4VE9YTkpza014NmVEd3h6OUlOamcyRTFESkxKUQ?oc=5
2026-07-29 03:00,Investing.com,uk.investing.com,Disney stock may move 6.3% on August earnings release By Investing.com,https://news.google.com/rss/articles/CBMisgFBVV95cUxNcFVqQW1VZXBTbG5Zak5mc0JFaklZMDZoQldUUGpzVHZUeE84S3cyZjNaeFlwUlY1QWw1SFVkMEVMR0NWbGZfbmxtOXFIUEdXOHlpVElHTVRBS25PcFcwY2tDVHdhMEpsQWhyYnozdjNkNDItNjc2X3l2UHZPanNqOVV6UVpuenFMa0s0WUczbUxCNTd2SmRtRnhZZDM0cW42X1VPVWFnMTA5WFB3T2t6Ri1B?oc=5
2026-07-29 03:00,Yahoo Finance,uk.news.yahoo.com,Kurt Russell Shares Walt Disney's Vision for a Futuristic City Under a Dome,https://news.google.com/rss/articles/CBMifkFVX3lxTE9jU0FKZFhMTmxaZEdUbHllYWFiWmFybnAzY2NWR2FsVVFsM2tRMTQzVkVLNmdFVDBKQ0dQT25GbGZqRjF2bTZyZUFyWEMyaUNXTkxzbjdoaE1kS081d2tUTDVqbUo2MTBTNFAyVmY0NXUya21KVmlnS0tlNFBKQQ?oc=5
2026-07-30 03:00,MarketWatch,marketwatch.com,Walt Disney Co. stock underperforms Thursday when compared to competitors,https://news.google.com/rss/articles/CBMizAFBVV95cUxQRFNCUEo3TWpKWFZ6TTQyZTVKV1c0NHZwQlptLTNPNkJqcDFUNEljT1R5ZlE4aG0yRHhOM2NJUURQLVBKampOSFVTR2U4Ym1fMWczQjJKR2t6RGVEelV1aGNGeWZQMWxCUU00dDhEYWNMWlV1UGRuYkdkbWxsSkhrMUN1ZWloc0U2Mm0xSmFaVWN2d20tZmtsSFFGVXZ4WEtfMS0wUEtzR0I1Q3ZrZEpFWVAyYTBOWkhtNm1UTzROelIzTllQbUo5MEpDQjY?oc=5
2026-07-30 03:00,Yahoo Finance,finance.yahoo.com,Walt Disney (DIS) Stock Sinks As Market Gains: Here's Why,https://news.google.com/rss/articles/CBMilwFBVV95cUxOTTlwOFJqU25KT1JaOW82YmZEakZnQ01LR0xMM24xN2llSGRSODFiNk9KX29HMWRzdEJmYWNRTGo2enFLb1VWdlVMSHgyZWVMWWQ0NHF5ODI5ay1kbklkMTVFYVdqNE1PNktOVVZFTmRTTHZmSm04Mi1hUHI5S29hX0Vnc2VtN3FCSlBaQUxGY0VwQlNaeUNn?oc=5
2026-07-31 03:00,The Motley Fool,fool.com,"Disney Reports Earnings Aug. 5. Here's How Much $25,000 Invested Pays Annually.",https://news.google.com/rss/articles/CBMikAFBVV95cUxNdkxRakJLcmNNZlFuMnNVMXR3T3FPY2NMOHk1WXJNZnBlejFKTEdwV1dyeFg4X0pDaDNJLTQ5TFF0OHRfQ1ZhUXppRGhFRkJMeFVmSWtBZ1J1aXRSMTBZRW5TQ2JZYTlpYmlqUkxhenRXLVBFYklFTVUxQmJrTDJHdWZCUzZCM1NENUw5UXp2TFk?oc=5
2026-07-31 03:00,Yahoo Finance,finance.yahoo.com,Should You Buy Disney Stock Before Aug. 5?,https://news.google.com/rss/articles/CBMikAFBVV95cUxNLUFxZWRKY3ZHZWMxZklISnJnclZTcW02T2w2SDZMZVZxaVZudG9md3lZZjhCT3JraFpWelV0SE1Mbnk5MnRVZzNKYU9wOTY3cWJ5TWVJTlBfOWFhTWlkWkQ2TXZtcWlfLU9hOENhTEh4RloxdDBvYTRSQ3hHWTFNNDhDUFNscWo5QU9FQldackI?oc=5
2026-08-02 03:00,Yahoo Finance,finance.yahoo.com,DIS Stock Rises Overnight As ‘Spider-Man: Brand New Day’ Nearly Breaks ‘Avengers: Endgame’ Opening Record,https://news.google.com/rss/articles/CBMingFBVV95cUxQQ09IRUJQTTUtLU1sdHp6MF9VNVg5dVFwS3RoSTVfeEJlZ0N5QWVXeVVPYTlVcmdRM3o3NW1pXy1YYUZ6a09VVFo2Si1nTXBuR3Q1azdEVl9TN1IxdlhpdHBvejI4NDMtOVk0TVVOQnBuNjFONnV4b3dZMlU4S2ZfaHFxMHRTbkVRVzZib3VYN0tWcjVCM2kzRktfLUZ5QQ?oc=5
2026-08-03 03:00,Investing.com,ca.investing.com,Benchmark reiterates Buy on Disney stock ahead of earnings By Investing.com,https://news.google.com/rss/articles/CBMiuwFBVV95cUxPQlhpd3d1NzE3UDhTRWJMNVIzTFpHclllOFFBTXF3TElOZE9XUDhQb2t1ZEs5M1B6TmVsSmFCVUt3NTNHM3VpeHp4a3dieGZKaDllYjBPQzJ5UmRvcnprZHdRM0Z4U05ESkVsb0lDeWdyejkzSno5c2dpakRzbUpGR012eTd3T3BhV2dLMi1xYkw1NVE4dTJEUHFZWlUwTXdDUjlVeUFyNUxOeXUzUlFjR3ptdksydDlnaUpn?oc=5
2026-08-03 03:00,Zacks,zacks.com,Disney Stock Before Q3 Earnings: Buy Now or Wait for Results?,https://news.google.com/rss/articles/CBMiogFBVV95cUxPMmVfMDYxamRyM0tTNjN1dnZMQWlUYzJhcUs1YWRMRUhpazh4bmlrRUxHQUtIU19xaUpyeFp4NGtvelB2U0pLTHNPdGU1Y0NoMVh5VnlOUU1HQTFZM01xQ1l5ZjU5N2FTN05OdWdRaG5CcHNDRU5HRmp1b2FSU1BwdjcxY0ZkcWM5dGxhclRwTTI5NEhfc1owNE1rY3VIUExOcEE?oc=5
2026-08-04 03:00,Benzinga,benzinga.com,"Disney Q3 Preview: Stock Priced for More Pain, But 'Doomsday' Is Coming (And That's A Good Thing) - Walt",https://news.google.com/rss/articles/CBMi6AFBVV95cUxOSHdzR3hIdHFsN1dSLWxJRGlFZHFWTUFuX2Q4Ul91QktWWjY0enhVYm1ZNW10RlNGWnhfSG5USEh4aTRUYkZoUXpzT09YSTZLZC10WU0xbTlxM2Q5NVRibFhMby1iTkRwb3FHME9ESWl1VHlsV2F3NmtKVHNEY09LVUZXZEJrUG96VjdSRk9McEFkbzlJWTRSeFFkYTJycTU3dFU3SlY2UFNqM2RyTEhDR0FpSnpvSUlnaW53MUxjQ3pmQjY0OHoybXExSzRPUkZDOVNQaFAwTTlkUXA4M2JOa0xISjNiMEZF?oc=5
2026-08-04 03:00,Benzinga,benzinga.com,Eli Lilly Could Swing $65.9 Billion After Earnings,https://news.google.com/rss/articles/CBMirwFBVV95cUxQaEkxOHpQNFhkUW9NSTE3aHZsNXJlN3RwTENyTE8xdUxLUXYtM2I4Y3JEcUZEcFY2NlIxazh6TEVLSFc0aFBLTmxPMWowVHI2aXR1SWthOS1JTGJnR1VNRjZ3c2YxdHI4bUZBczUyUHZBZGNlanNkckZrN1E2RENlZkh4d0w0M01JY2M0VnJBcFpzX19hUTVSc3dMZWdnbVRWbEJHWS1BbDVndlRIbjhZ?oc=5
2026-08-05 03:00,Barron's,barrons.com,"Disney Stock Jumps After Earnings Beat. Toy Story 5, Theme Parks Drive Gains.",https://news.google.com/rss/articles/CBMieEFVX3lxTE1VbHMzMVVLalFkT3Q2NFo5ZkdJb2sySDZTc2pYMnRKcEVFbXNkcmcyaUR6cWRpY0E5MWxlMm1UekVJTUFqSGNXUHFqdGo0bFlFN3ZENDd1aHgwTUUyMVZHM2xETFR3MzRQVm5meXZndTRKXzh5bU1wNg?oc=5
2026-08-05 03:00,Benzinga,benzinga.com,"AMD, Walt Disney And 3 Stocks To Watch Heading Into Wednesday",https://news.google.com/rss/articles/CBMiuAFBVV95cUxNQ1FIUlNTYm1iODE1MmNLY0FxTXFhc3F6MUdfVU04dXhMMDlWd1R2Z0xCOTRuQUM0cnItWHdiYjdzTHhadWRxb3ZGYXlUZmRyZ2Nhc1NQdFVjWU9xc3A1Q09ybXNrOTJnUTY1THVXdmtkR29zYzZNNk5PVTFGYkdhMmdfSV9Ld3daLVFGelhRWkc1QjJvQ1ZBUTE1bDNEU2pjT3hMeFIxSlRpdWFfRVNaeWdQZ1laV29u?oc=5
2026-08-05 03:00,Benzinga,benzinga.com,"Disney Earnings on the Horizon: Prediction Market Traders Bet on 'Toy Story 5,' 'Doomsday' Box-Office Talk",https://news.google.com/rss/articles/CBMiqwFBVV95cUxPbDJwVm5QNmFhaXV3UjVmY3g0TXMtaTMxUmNtRFVtc0FfTmU1WFhSVHk1VFZQTUtuV1JZNXBKMzA0Ni0xRExvWU4wOEl5Z0JCQ3l0cFUydTBBUnV2czRCeFNlMmxJdVlPa0lnek13eWxDZ1dlaHdrdUpvMC1sMjlBbzZDczh0TGpyaWQ0RWdocDR2Y1BKUFl6UXlNak5pUDhXbFVPRmxOcHAwZWs?oc=5
2026-08-05 03:00,Benzinga,benzinga.com,Disney Says $100 Million Tariff Refund in Q3 is ‘Basically Nothing’,https://news.google.com/rss/articles/CBMivgFBVV95cUxQUVFacTNrUWdjSXlmcGx5eWdNU19KN3RhVkl6VTZSd0UyZ09lNzNlRWNNVmQyYUVjRi1nZlN1c2xuZkNzLXkzb081dDVQaDR2cnhSTnlOUXRfaHJ2VU5KeHRZbEJzYVFqNUl2Sy1PTWtuYm9sRXBrYUF5bGM2RXJkSUNNcjBTUTJJS3RHNXJBMHRZRXA1RWZuYVJjb3JWZDVNc3lXMnltbzMzY0NKbEV3Sjl6NGVDWnhNLWpyUm9R?oc=5
2026-08-05 03:00,Benzinga,benzinga.com,"Dow Jumps 500 Points; Disney Earnings Beat Views - Walt Disney (NYSE:DIS), Recon Technology (NASDAQ:RCON)",https://news.google.com/rss/articles/CBMilwFBVV95cUxPYWR2eDIwdktmYm1qU08xc2pCWDRLVUJvelJGZDJBb0dicXJiX280SjFDanNTWUQ2bXREVmlTLUd4MkNHRzRUN1V2OXFqcTFEdV96c1pzLXNza1hyaWJiMDFOV1d3WnhoM01XakI5N1plN196UVFvSU5PVG8zd1JvM0hFQjlKVGRHRUFZcjllNjFvSTZIbkZF?oc=5
2026-08-05 03:00,Benzinga,benzinga.com,Why Is Walt Disney Stock Gaining Wednesday? - Walt Disney (NYSE:DIS),https://news.google.com/rss/articles/CBMiygFBVV95cUxOUGxxbnZGVmh1SDZpMTN2dmgzc1ZzMWV1b0Jvd2lGQmJOcjVIdjQza3ZjWG45RTRKYnE0MVpFZlh1OVlvaEVpREljcFRKdDdET1pPVEk4X3ZQNXZRUmJzajZ6X1V2blBhMjl5WnU1bkdGTWhXTGhCRnNrSWROWFJzd05NTW9ON0RPd2xjMjlEcHFac2tBVW1iNWQ1dlUzME1tTTlkbWtEZl9wVWVtRDlrUHp3MHBmYXlFLUItNjY1WGlNemRqZ243S3RB?oc=5
2026-08-05 03:00,Business Insider,businessinsider.com,Disney CEO Josh D'Amaro outlines his vision for Disney+ and AI in a new staff memo after a strong quarter,https://news.google.com/rss/articles/CBMiogFBVV95cUxQVXpyWDcyazMwSmtsWHZ2M09FUXZqRmZUTEhmay1Ta3JickpqbnQ5U0tzQnBGbkx5T1BWbXI5NkMtcEprajE1UG5yOHY0SWxkUkF4QjA4czhIZDNYbER3T241UVRIa1QtazdzMWlqaGJMRE1Nb3BFMWZ1M21uUFVPcmM2RDBSbXBhR0MxWjczelNrakV2Yk01dTdyUm8tai1KTmc?oc=5
2026-08-05 03:00,Business Insider,businessinsider.com,Disney's CEO just confirmed the company is exploring a move into free streaming,https://news.google.com/rss/articles/CBMinAFBVV95cUxQNWZUQlhma1N2RkZqdW9Ld1Z3OE8weHJJdkVNZnNhdUtlT1hKSU1kZFd3Z1BqMTNIdW4waFpMbk1ZYThBNTlsZzVOOVphVkFqdl9PcnRSWFROcVFiWDJfNjczNTlrTXhySkFtSTVhS3JCX203NEJTS2JBUWVIRVAzbnF2T2JtZXp6OGsxcFFLcGJsYlN1N1kxcU1INEE?oc=5
2026-08-05 03:00,MarketWatch,marketwatch.com,Walt Disney’s stock climbs as company cites ‘Toy Story 5’ for earnings growth,https://news.google.com/rss/articles/CBMiuAFBVV95cUxQQW5qMHNQcVI0SXRPSk81VFI2Uk1VS1RiQUVoOUN2anl5OXZtOUQ1UE5rN1FwUGdtZXJodkZYblhmekpZMmRDYnBRRm5UMDllY0dkb29qejExM09GSXpyZTZ2Mm1may1YZVUtMkRaY29nUDl2bFZ1Y0pWVnVwdER2N3BNaFlVOWhEbjNiSUlCbmxycVZ2RmZQRVVydXBSLU9BUlpQV21PU25Xbl91dlBKS1hCaXZ2bWQy?oc=5
2026-08-05 03:00,Morningstar,morningstar.com,Disney Earnings: Experiences and Streaming Again Drive Excellent Results,https://news.google.com/rss/articles/CBMipAFBVV95cUxPa2FJVkJCdUw4RXdEbXljeHpiSUJLaHF1b1VaMWxyRXA5REhzUE1xQ1VUSUxmNzJYajdpWVlxSjJDVF9peGJyYlBLZGhseTZOc1U4R3A3aC14ZnZDR0J0TWstVVdPcFNmWm9YRVB5TDJlRDQyaWxHMVJhZ3BCaUhlZWJNMzZYazNyWHV3T0JyVjg2QkdsdXVJSWdqbk1FRXJHdkZYZg?oc=5
2026-08-05 03:00,Reuters,reuters.com,Disney and TikTok strike short-form video-sharing deal,https://news.google.com/rss/articles/CBMirgFBVV95cUxNWXl3dzBUMWFzY3VBNUl4U3NoODJFcFBIVkFCWHc1WHkwUmNRRE5PeUFjY2N4VWxBYXBJeXRPTXNmUEVEOXFmQmpsY1dQeUF3QUNTVmFOMTBXWWltYmsxd1BfVWQxUnpNNUJ5VlpISEN6aVlkbnlBLWsxdGdET0pZQV9EMDZqTldXSDF2SHEzYU4zODR1bVNoWTM3Sjc5MG9GTWRyU05zakE4VGxMamc?oc=5
2026-08-05 03:00,Seeking Alpha,seekingalpha.com,Disney shares rise after Q3 profit beats estimates on parks strength (DIS:NYSE),https://news.google.com/rss/articles/CBMiqgFBVV95cUxOSDQxMnlzNWlXSm5McHE0czF6bXlNNTFSbTRsM1NfSTRzODJITXBtUks1VXVOYzNmUXcxTXBGMXB1ZWZnVnpxVFA2VkJFd1dCbzFJdGgzWTJUelVZWnRlQ1czVU4xaEpsMnpMRUVjaTNZZEdaY0pRQUpaTEJMeVBPeHYzUXRaMlkyYUtVRHJTcVNvWHA2ellZQm5OVEljVTBUQy1DMF91cjlFZw?oc=5
2026-08-05 03:00,The Motley Fool,fool.com,Can Disney Stock Stay Above $100 This Time?,https://news.google.com/rss/articles/CBMijAFBVV95cUxQdlBxNE9nQ21HY0ZkN3RjNHhFb1B3R0xvU2hmWFZUb0VHVnh5MFlmbTRDMVNBLXZQY0dsWHltUEh5LXZwbWFPS2o1NVZwMmZiSFFuNC03ZEp3MTlwVnZ2Q3p2VGNGaEV6RVM1ZEhTZ1pLbFFtWmV4NDZURzk3akpaYjFMYjJQUnhkbTZzSg?oc=5
2026-08-05 03:00,Yahoo Finance,finance.yahoo.com,Disney Stock Jumps 4.6% as Toy Story Powers Earnings,https://news.google.com/rss/articles/CBMikAFBVV95cUxPNWJjS3A2YTJHV2lHTEs0Wmg4UDdPRDQtanJZTG9KMEY2bk91VjV3ZktEMHpUY2hlU1ZwdGI5Rk9yX1J2N1d1ZUc2X2tpSTluN1ZwcXdXcGpzbUFhTnE5THRDYzlscHNUb2FCV2FqQnpKOENRREdEeFVSQUEyamplV2tKMU5lVkRUTHdCS3RLNmY?oc=5
2026-08-05 03:00,Yahoo Finance,finance.yahoo.com,Disney shares rise after earnings beat despite slight revenue shortfall,https://news.google.com/rss/articles/CBMingFBVV95cUxPTVVick41c0JQZi1nMzlMcUxGU0MtX3dWWjRlMzdGN3ZIekJvbUFSaGhCVTdmU1gzaE1NZjB6RGdGaWJpNHFha0xLVkNvb205RFhUa29oTkhSQ0o5OVhlcHBpSlFGTkNNaUR0ZW5zaGhzSVY0MmpZa2JzTjA5bHVPak9YOFpDcGJUYzFYVElqSVFrdEFVVGM0TFMyUThEQQ?oc=5
2026-08-05 03:00,Yahoo Finance,finance.yahoo.com,The Walt Disney Co (DIS) (Q3 2026) Earnings Call Highlights: Record Experiences Revenue and ...,https://news.google.com/rss/articles/CBMikwFBVV95cUxPY0diR0hXTEFRaWpFY2ZMaVVKZjRwV0lPWGJRYWVnNWFYT2stTmY5dThfSnljeldYQnBmVk5SX21Bc2JySG5fNnhNYm5rQ1hVYXc3N2NqZzZOdFZ0T3UyOVRWbk56OXJINnQ3LWZORDg0aVJrTW5pQ1FDZzU2RXlyeWxrcGJGUU55Wml4c2hqTUpYVkk?oc=5
2026-08-05 03:00,Yahoo Finance,finance.yahoo.com,The Walt Disney Company Q3 2026 Earnings Call Summary,https://news.google.com/rss/articles/CBMilwFBVV95cUxPU0FzNG0xcG5UejNaWE8zU3NEajVxOERTR3FYLUpMT3d3bVFwYUNhV0lJZHE0UElQdnFzVlIxa2dMR2lZYkM0X0NYTkdXdWpTZlpzWVBOcS1OT2Zfb3VhbjJfZ3lMcmQtQXVHMHhjaUdndnBwU1A1VTFiS1FXVm95T1pqZVNwb2ZqV1czUkN1UEJjdTVFVVFN?oc=5
2026-08-05 03:00,Yahoo Finance,finance.yahoo.com,"Walt Disney (DIS) After Its Earnings Beat And Buyback Push, Why Fair Value Is In Focus",https://news.google.com/rss/articles/CBMimgFBVV95cUxQR3NmZUt6Zm9TMkk1cWwxUkpVaTFBYXRPdXU3aXYzVU1Dc19Yb2d0Z2syVUN6ekdnVUxCWVFrdlpFMFd2SDBPdlZtWGRZdWRSYzcwbVJsWml6NHI0bm1jbDdOYkxPVllRSnEzSW5oYjlrWjZaLXIyVzlnc1lyTVZ2MGFUX3k1SVhOc0lEczhxdkRCLVFVMmc0Y0RR?oc=5
2026-08-06 03:00,Benzinga,benzinga.com,Disney CEO Says Disney+ Is Evolving Into Much More Than a Streaming Service: 'We're Just Playing a Different Game',https://news.google.com/rss/articles/CBMi-gFBVV95cUxNZUVkdE41WkdSNnpydkhwZF9rOHNXLUtzVHBUenMyS201ZTNNeW5LbW5LM2RHQXVMOEVEME5rUUppYmttdm42YWRfajU1dm85UkJudjN0cnpxaEU2dTJRcGR4SGVYRUxxWFpQRTR2NWZXMEQxX0M3cG9Rb2l0NlhJV1pDdE5rRWM2eGhMXzRqMDRGM1JhVFRnbHFsWWl5RGYzRlZUYkNhdW9SdkJGVC1hMjFDeS1pZkswamwyYjFpQXZpbEtXZlowWG4xN1J2ODhyNWl1dzFBZnRiRURJVHdxamUxaHYydmFFWjAyVmxLUVhhLTBTc054SktR?oc=5
2026-08-06 03:00,Benzinga,benzinga.com,Disney Parks Bail Out Its Box Office — Analysts Stay Bullish,https://news.google.com/rss/articles/CBMizAFBVV95cUxONUFCZmdONjRjWTlUS1hwRVFacFBKSjRtMmdOeFJJUTdOWWZtWUkxSDc4UjduZHo2T2wzMUpCNGpTaTBaUXRMVi1PT3hiQXBwbWpqbTd4RkVnclBBSGxnVnBCMXhMeHZ2alB3NmVIenJXb3czZWkxY3ZBX1hERWVZN3FXRjlwdU0tamRGQXNOZTIwLWxmanJJWFVnZDNzUWQ2cWp6elBBTFBxWUt3eV9IQ1JacmExTzNGR2ttR2tBNnVjdGR1b1kxamNMY08?oc=5
2026-08-06 03:00,Yahoo Finance,finance.yahoo.com,Disney Says Its Stock Is Undervalued. Here's Why Value Investors Should Buy DIS Stock Here.,https://news.google.com/rss/articles/CBMiogFBVV95cUxNSzJVc0lNbzRLamxlc0dyRHlGRFpETkJHYkFNQ1gwYkJHSVE2ZVN0MF9Td1lsczJqVFlqdzkxeDl1SjdpVmh2QXFfRWo2cldkTGZRSUQ2bEVIdWNrdHgweTY3ZmpURnpFc2ZPaTl6V3J5UXZsWWd5Ul9CdDlHWkQ2bl9VRWE1M21pRmhaa0dIc3V5MjNkWmtLUi1LU1NIRlVlTHc?oc=5
2026-08-06 03:00,Zacks,zacks.com,Disney Stock Rallies on Q3 Earnings Beat: ETFs to Consider,https://news.google.com/rss/articles/CBMinwFBVV95cUxQRkFvdkJjamZzeFFEQThOSGRPNTgxLXdqeVByNXJsSm5KMjkxa3Q1dmdoVDZoQzVjU0hjRGNBX3V5ZEstUExyUXJHMkxoQTRfc3NPOWxXZExvTHZ5NDNwZ2REdWZJOUdWY0lNaS1WU2FVMHR3dXNyYU55aS05OGJkT1hLWFNmMFFYQnRSV0F5OThfSUtiU1UwakJhZFAxa00?oc=5
2026-08-08 03:00,The Motley Fool,fool.com,Chipotle Mexican Grill vs. Walt Disney: Comparing Revenue Trends Between These Consumer Companies,https://news.google.com/rss/articles/CBMi3AFBVV95cUxOcG5xZ2RwaDZVOG9HeXdPUTRmZHlxZ05BX3VfV3RKU2tpTTdFcnJZX0NXemljV0daNTNpZHJ3V3lqeGdQb0xmQ3BiODI3YzBlSVBlck52SU83LUNkcG5DdWFjUXhuNGZ4dEs2cVV6MmRicm5XekdjNHpmZk5xcGszY3Nwc04xd2MtLUFhQ3ZHRkJweWVGYTNkaXhnaDZwX1JYS3czcGxnRmtJNnNaQ1JWNGQ0SThUM2NudDhUWFZUSzl5N1VyOUVhdE9hMXgyM1RlbWRsdTloUTEzaERY?oc=5
2026-08-08 03:00,Yahoo Finance,finance.yahoo.com,Disney (DIS) Stock May Be 4% Below Fair Value As Disney+ Expansion Builds,https://news.google.com/rss/articles/CBMikAFBVV95cUxQLUZBY1ZtYVVlLUNveUxBNWU0NHRxeEVMZklhZWZZNEI1Y3dISHdENmY3OEhxMlJsVTVtLUZ1ZTJJMnBObkZYcW95a0djRUE0RkVldkl0RlVUbFZFZzdTS0owd0d6SzBZZmNQcFNXUlJVSjZEUlVEeUZUOXhXRTYyTEhhNHRiNldma2pwQkE5T04?oc=5
2026-08-09 03:00,Yahoo Finance,finance.yahoo.com,What Is Walt Disney (DIS) Turning Disney+ Into By 2027?,https://news.google.com/rss/articles/CBMinwFBVV95cUxOeUlyWWowRzFFQ05hNDNkVE5xU1VqbGR1UnVrcW15UzVLVWNrTlpBaTlNRXpVVnhXQ3JMbEZ4SVg5UGN0c2FWQUNucm5rcktocHB1eGcxYWZiUDRTM3p6dm53eVh5MTF4MzI2cjFHZ0NMSzRsTGstTHBBTDJfYmtxUXBPWGl5S1BGYVJkanc1MnF3TE5WcTlrc05uTlRCeG8?oc=5
2026-08-10 03:00,Investing.com,investing.com,Benchmark maintains Disney stock rating on cruise expansion outlook,https://news.google.com/rss/articles/CBMixgFBVV95cUxObHB6Qm5TRDRraXk0c2htbDNQdU9rTHp4dERwVFhYMXZfdTZUWV9WUnpkaW9WSTNTYWZnNUdWeTh3T2xqR1Fic0pyV28tZWZoV0Yyd1A3NzJfbjljbHN1REF4bC1TNG96ak9qUmV6emt2amswaU9LcVAxMXVaWUhRMGpnc25zT0hSMGRfQ09aWUxaWHRla1FwWVFkNHIzb2Fuek9rUkR2a1VCWjRMQ05XSDRzU0M5ZzNGNjZGZ3ZIMjZraFljNHc?oc=5
2026-08-10 03:00,The Motley Fool,fool.com,"Disney's Valuation Is at Multiyear Lows, and Buybacks Are at a 9-Year High. Is Disney a No-Brainer Value Stock to Buy Now?",https://news.google.com/rss/articles/CBMikgFBVV95cUxNaXdPeUVSTlF3M0lYa0tIaTFnVXBMZDI0OS1fdXdPaWE5cm5iZ0pzUnZJX1pTUnRlNkVkNlJMcTU3Rm1lekp5REg0NXVyc2FaTFRDYlRyeUpJa0ZLOEdJcm12WnFmQ2x0eXN0OWhHSkw1TUNkM3lreDJ4blFOdGE5UXF6TndNOUVJMllsWHFiU3JCZw?oc=5
2026-08-10 03:00,TheStreet,thestreet.com,All eyes on Disney as ‘Toy Story 5’ massively validates new strategy,https://news.google.com/rss/articles/CBMingFBVV95cUxPQk1hZDlpLVVZZ1lwYjRPemU4R2RFd3J0SnRraVE0dDFNSXBxOWlibU1vb1o1aG9jWmExTU01dXIzcnI0WWJfN1VpT21PT3U1N3pfT0VzVlNGZlFiN3VlMEVGcHBoOGtaZHMzWkpHWFVtVHN6X3Z1TWw0V0ZJM01ZVUpnMWE3VXFOUEZ4Z2ZIQnh2WGNMeC1RcHBUV2Eydw?oc=5
2026-08-10 03:00,Yahoo Finance,finance.yahoo.com,Disney Beats on Parks & Streaming Growth in Q3: Buy or Hold the Stock?,https://news.google.com/rss/articles/CBMipgFBVV95cUxNc0ozSDZzM1BJb3c2T2hiRGVRUTBvdlVXd0szMngxVXRBVnF3bGk3S1c5LUZBVkFfa3kwUHFnZTdmQ1JqdFlubjVvR204V0Q4ZktFSXhuNTltMDdOcHVGOFZtS0JTbTNpOFZFamo3SDloQTRDV29TZDZhOWhtYnFSaHR2WjBtNkE5WXhIZnJYdl8wUVdnVEI3UnRmTGQ0bWozT0cxd1Z3?oc=5
2026-08-11 03:00,The Motley Fool,fool.com,Bob Iger Built Disney for Hollywood. Josh D'Amaro Is Building It for Main Street. Does D'Amaro's Vision Makes Disney a Buy Down 49% From Its All-Time High?,https://news.google.com/rss/articles/CBMimAFBVV95cUxPamVzMWdycGI3V2NRMlJRdkxmUDlTV295S3QwX3U2SjVORld6SGxEc2U1ZTNKbklVY3Q2ZGowMHludUJLTXloa0RVcllJa2RUQU1aanVZbnBGSjh0N0xPTk0zYUZGN3kzRi04LVc1UkR2VkpKVDdySi1nRG1PamVOcC1NaDFpN280dDFFeE1xRFRWUHZWR2ZBRg?oc=5
2026-08-12 03:00,Morningstar,morningstar.com,"After Earnings, Is Disney Stock a Buy, a Sell, or Fairly Valued?",https://news.google.com/rss/articles/CBMimgFBVV95cUxQVk53dENuVEMwR1F5UnpJV1E3amtsZEozSWxMSFZTZnFueE9qeHFHaG84V3VXc1FfRE52UW11aVJZb3hsQS11dkxqRVVsOEhTazJXMENlV3BpY25OTExDbm5PV1o3c3R6YjBzV1V0Y1dCVkh2Z3pUMDhJVFplWWMyRVRlMkFJS1pBdGlpTzFLbUtOdFV0eDMtWlNn?oc=5
2026-08-12 03:00,The Motley Fool,fool.com,3 Best Streaming Service Stocks for 2026 and How to Invest,https://news.google.com/rss/articles/CBMisAFBVV95cUxNQnBaWGwzNVF6YWcyeEplT29aLWxBNjVackxoTWxmU1R0cWNjWnRMMEk0TWp3SWpCSE1wUW9kWFRZeGI3dXp4djg5Nk1qdHJ2R2oycEM3d1hUOE1YamJJRXBvRkdHSEZEcG1KUGMzdDlITEItdklWT0FacDlfVl9sWHhVbHJNT2NUcFJLdlJjeHhmMTlVODQ2VVd6S2t3aXYwTk9BRWVJUUU3dzh1SjJOZg?oc=5
2026-08-12 03:00,The Motley Fool,fool.com,Safest Stocks to Buy in 2026: Low-Risk Picks for Stability,https://news.google.com/rss/articles/CBMifEFVX3lxTFBHRVNBd0RFQlowcGF5NVZqTkdXbXlLenppUXZTM3d2UVVzQ0JCSXRJMmdtT0JuZ2F3WUhUTjVlR1oxY2U1YXotYTN0RVZLVVRuSmtuNFdWYTAzbEZrcVNXQmZOVWxaVHJUQ0ZNdjVyWjU2MVVkeEhCU3dhbE8?oc=5
2026-08-13 03:00,Yahoo Finance,finance.yahoo.com,How Disney’s Experiences Surge and New APAC Streaming Chief At Walt Disney (DIS) Has Changed Its Investment Story,https://news.google.com/rss/articles/CBMipwFBVV95cUxQRWRuYWVVNnJ5aF9kbDdfS0JIaVFfM0M3bjl0MlhkSkVFMGEwSVNIMi1BdC1mYUxhYkd1Tm9WME5oRVA0VF9uSkV1Z0RtZ1FycTdZOHpvRm5PQ2h1UDhhOVVRSjU0eDQyZDd2N29JTVV6Y1Q5MG9RM0tjOUhjc1NqejVGZjJONS1ib2pBaTBQdHV5Mlo5QkVLSFA3UjlHWEdISzFidnFKYw?oc=5
2026-08-14 03:00,Business Insider,businessinsider.com,Josh D’Amaro’s vision for a Disney+ super app is taking shape — but comes with clear risks,https://news.google.com/rss/articles/CBMitgFBVV95cUxNNEdPZE1VTXVVVVhVdFBSRU1YOWl3SXdKTjlJVVB3YWhKc0xqVmxtX2hzaG5NNkVxN0poVldabVhPeXRZQlEyZHRvcUlLUFNzOWU0dEgzVmtEQnE3Sm9PNmxWNXFoNlY4VkNpMG4wN0NPMjhvSUl5Yi1ZWmU0ZlV1dk9UQXd6UmlvTnVXOG96QUJnc0ZMaDF1ZU9jMVhDZGFLREFGRXFjUU1ZbUFHY2g4cF9rNE4wQQ?oc=5
2026-08-14 03:00,CNBC,cnbc.com,"Disney CEO Josh D'Amaro tells CNBC parks were 'big surprise' in last quarter, company has 'clarity' and 'stability'",https://news.google.com/rss/articles/CBMid0FVX3lxTFBoSjRkY0JXM1FReG43Mkx2d3ROWm9DQlFNRXBFNE95T0FTZ1JJU1M0MlppazRTc0JkTUJwcjVTVXdnZmhHbXhfalhiZWZOYnVLOVgzem4wWVBBdHlHZzkwRGQtcTlEb0N2dVRYZkdNTkxOZGNXZkFV0gF8QVVfeXFMTWxaWnZPcnVuLWZJTC1GQ2lOZGUtY0llZ1MxdzJwempJeXhpRkdrd2RsYnNkN29FSHNSaEZ2Wi1vVXVkMk5zSTdUaVFWTHU5UmxLOHRYcUxubDZoZEJ0MmV2NjJpSnBWS1hnbnZYSG1vOXBMYW1WYkxWZ1VoVQ?oc=5
2026-08-14 03:00,CNBC,cnbc.com,"Disney CEO Josh D'Amaro: Parks were 'big surprise' in Q3, company has 'clarity' and 'stability'",https://news.google.com/rss/articles/CBMiyAFBVV95cUxOR0g2bXIyN0ZpSDc5amZrUHZBRVctaDAzYzhCT2xVbzlHQ3ZXUG82WWc2MDhEV2l1X2lkVDhoaF9BbWhiVVFSWnY4eldFODdrWXZWSE90aDdIa01BM05TY0labHZMcGhMdmh4amJNOGtWY1VHRVV1LUs3NXU1OHE0SXM5TVNBVmhxVTZfWVRnN0p1bld5N3J6bE11aUxORERWT3BneVh3dHd2eXBUYUk4cXVZMGFEWG12LU9RUG5NUHJfQWtNcFhSbg?oc=5
2026-08-14 03:00,CNBC,cnbc.com,Watch CNBC's full interview with Disney CEO Josh D'Amaro,https://news.google.com/rss/articles/CBMingFBVV95cUxNdTN5eHpXVm9LMGwzNkdlUGhwN3NxODh5T3RrNS1ySmVfdTlrSEVqNW9WaURpYVNQWXctRjZKZTAzVG1leVBoaVZDaVRJalVPMm5WcTNuRlJQNVotdTFFTF9yc0p6M21PY25PdXdNSHZfc2ZvdTM0SVdRTlVGaDkzRzROWk5YWDl4ZHVzeHU2cVU3Q0Zac1kycjVxUmctdw?oc=5
2026-08-14 03:00,The Motley Fool,fool.com,4 Best Media Stocks for 2026 and How to Invest,https://news.google.com/rss/articles/CBMijwFBVV95cUxONjhldVV6VUZrNjlKMnYzcWk3Q0VibzRzalRMaEpHaWFvWUhqSFhXTVZjQkhScW9uRm5xbS1hWHVGRmZYUk0yUk9tTWVPdkxYeHBkSWZQMTZDdUl0Zk5EaHVtelFxUzlPdXNMLUpGZFhLWFc1UzB2TkpONC1lZ2lMeXI2R3hBSEVwWFZJVEJONA?oc=5
2026-08-14 03:00,The Motley Fool,fool.com,Best Consumer Discretionary Stocks for 2026 and How to Invest in Them,https://news.google.com/rss/articles/CBMiigFBVV95cUxOWmE1RHgzUnZIRV9NNVI3NWJsaGYzcGNLakJ2Zy0yUHF6Q2dEOTRaUU0xQzJkaUpaWFhOYWNuQ3hvX2ZNTXgzejVVempSbk9xOEd6bVZiTEp0d2tVWHF0OFpSOWQ3aEhnaDJzLUZVMmRiN3REd3dXajNteFpMRzVfeEZ6dUxwS2p0ZFE?oc=5
2026-08-14 03:00,The Motley Fool,fool.com,The Big 6 Largest Media Companies,https://news.google.com/rss/articles/CBMilwFBVV95cUxQMFhHUVA0OXljb1I1Yk9QYXJTUXk1Unc3dnowQjdaMVRubF9uNFN6dnBsbG5YWWhXS2E0cEpOVW9fZzkzWkplRDI4UkZCS0xzclpzbEktaHB1T3ZEelFhMllZSzNndndWMTdzVUx1YlRmaGEtcVpPMVdudmFDQ0JQOHJqYlpqaXF0UmMza0dQVmR3aVFrYVdv?oc=5
2026-08-14 03:00,Yahoo Finance,finance.yahoo.com,5 Must-Read Analyst Questions From Disney’s Q2 Earnings Call,https://news.google.com/rss/articles/CBMimgFBVV95cUxOX1dFQTFkeUJNRkxqWjdJcVZDQmthSFQ3aFloQWpHR3pzZlFnMHJERVhOdmZtQU00M29XZC13RDNQbnJ5LWdnWldYcVRFd3dxR3g0OXJZTjZUZldRNHN4eWpjSEdBQnBleXRLU2E0WGlrM0ZnZlNqUEhkM09QUjg0d3hYelpfd1dIcDNwdmR3Z25wZW9pbEVScGZR?oc=5
2026-08-14 03:00,Yahoo Finance,finance.yahoo.com,"DIS CEO Josh D'Amaro Says He And Investors Are 'Not Happy' With Stock Price — Bets On Disney’s ‘Exceptionally Powerful’ Troika Of IP, Scale And Fans",https://news.google.com/rss/articles/CBMikwFBVV95cUxOMjRMTHNVcDRaRGhXTHRkbERQNUlPY3VFdGxqVlV5UWxZMVNlajEtenlPQVZSNUtxVGRBcjl6M0VSVTFwc0xiLXBTaVZCaDZWanR4ai1OT09BWjRBUUNaSy1SejdKWEliUXNZQ2p3MVc2MHk1Q0xoa1EtME05VDd1MUJJUmg2XzFTYTdzRnUzT3pKNzA?oc=5
2026-08-14 03:00,Yahoo Finance,finance.yahoo.com,Disney's CEO Says He Isn't Happy With the Stock Either,https://news.google.com/rss/articles/CBMilwFBVV95cUxNZVo1TzNrN0N0Qk9faU9aZU5TZk9rY25mMW1XZzVIaGllVGFTWWttR0dIb25ueFg4T09NNU5OX2VhcDRVNkF2SU1KaVpjNThDVU82SThsWnpucUptYWZJTkZSQ2preEhTMkdVUE5oT2dQVWN0aXBBX3paakZsRTNSX0Y3alcwa1I3Q3BPTTQ0TExvOG1zRE1V?oc=5
2026-08-15 03:00,Reuters,reuters.com,"Disney, Square Enix preview 'Kingdom Hearts 4' video game at fan convention",https://news.google.com/rss/articles/CBMitgFBVV95cUxNRS1XRndqcWdxTF9maXNONy1PVzkzT0Y3RkZvNUxJSTA4UWx2NzZZbUZCWjdUME1vazNPTGtRVkZpRThQN1dJR3ZDNUkyR3dDRVhZc3BjbUFvaTBsTEI2T21OdGoxWkN2MkwxVWg2T05QN1J3OG5yM2wySTZoaGJyYjRDTmJCd0JfYzRUOWxPdnpaZ0FLRnVNc1J5TFpwZ1FETE96ZW9nZVFUYzdOdGJUbzhETDVHdw?oc=5
2026-08-15 03:00,Yahoo Finance,finance.yahoo.com,Disney Stock Extends Rally as New Avengers Doomsday Trailer Drops,https://news.google.com/rss/articles/CBMiogFBVV95cUxOdEp6c2hHWXhEdFVHVzRubWgwcnRRZGdOazlobmpWREZ1bkc0WXdjUUs5dk53a1RtNHpkalZQOFJ6VW1GOUZMWVlWdlA4NHdJdzVTbmNiaGdjenRYTUZ3STcwQ3ppSGVXUDByZkxfRWVyOGhuSEZkOHBIVE5wSjFCZHQ3T2M4QUJHLXRqeUYyTEkxaExTeEF0bVVmdzVvTnVtbHc?oc=5
2026-08-17 03:00,Barron's,barrons.com,Disney Has a New CEO and a New Plan. D23 Showed What’s Next.,https://news.google.com/rss/articles/CBMic0FVX3lxTFBrZHlaZ2YzQ21VWEU1YjVSRS0zSS1HelAyejRqR0RpTUFxbHMyVlFJODhMRUViU19HdTZ3YnRBS3ZjWmxLLXo3a0ZTbVQ2UGlfVjlrZnpsVDBRMi1rNVpHVkpxSU1lX0Y1dWFkbXAzZ0F3YlU?oc=5
2026-08-17 03:00,CNBC,cnbc.com,"Disney's new parks boss outlines investment strategy, with superfans at the fore",https://news.google.com/rss/articles/CBMiggFBVV95cUxNTnVGcnpIRjVobDFWWmEwVnFDcUgzdERqNWtGMFJ1UERPeVBNYXdmNzU3X3ZvN04xMHNUTjRISzU5d3FoWXk2QkZmd245bHc2LTN5aTJSVzhHRFhLOXp5azhiTXJGNUlBTXFwQjNiLTh4Q0ZHRjVqaWRUU0g3X1ZpWEFn0gGHAUFVX3lxTE4yOWx0ckNKcThYN1VWNlFIVlgzSnRnWktvWlluNlBwVVFUUW1zNUwyekdGQjlvYUJBVVNHQ1J2ODg3VWVhRGdmd0pQZ3RvTjVBaGlfdFpnM0RsaWxHektmcGpLRDZ6dXpxZk5udlYtSVkzdDFNaG5haklsQUtUZFZUQUQ4VXc1TQ?oc=5
2026-08-17 03:00,Yahoo Finance,finance.yahoo.com,"Top Stock Reports for Walt Disney, Parker-Hannifin & Occidental Petroleum",https://news.google.com/rss/articles/CBMimgFBVV95cUxQZDlwSmR1WEc3Z0tLQ01VRVFUZy05R1FRTW9nYXNwQnJqb2dPREVDZVV2di1rb0xSYlRFSW5aamhmU2Exdk8xU0VNS1YtQjk5QlN2dkNvM3pOQ21NSlBoOUttWE54YzhOaWJ3d1ZQQ1ByQzEyaU9qeUh0TVRVQjVUWmhleFV1anNudkZ2SUQ0ZlR2UUFzNmRDUEpn?oc=5
2026-08-17 03:00,Yahoo Finance,yahoo.com,Disney Shares First Look at 'Incredibles 3' Eight Years After Previous Installment,https://news.google.com/rss/articles/CBMipgFBVV95cUxPQXU2Y3R6b0Y1ZkxZbGpFV0xMM2pTOXRKM2diZ1BXTFUxM0dJX2NtQzd4V3JnQ280SkMtSmkxMmxkWFRGeDFwLUhYc0llSEVqTTJBMkdxUFJtRTBaUTktVnNCMDU4Y3lGenZHY0sxbWxTMzc3UHR2X3l5ZG5tdzkxdnFweHljRVJrbnBiQzFUMmNBYW5XUVhiOFZnOC1BTFphczluUzNB?oc=5
2026-08-18 03:00,Yahoo Finance,finance.yahoo.com,"The Zacks Analyst Blog Highlights Walt Disney, Parker-Hannifin and Occidental Petroleum",https://news.google.com/rss/articles/CBMioAFBVV95cUxPZmhzYUxOWFQyYnRyVTRhTDhsMlF6Ymp1NmhNVW00S3MwT2ZhLUxCRXE5Vm16VDVDcTRIZVF3LUh4NWxMMnVncU5OeW5GUjl0SkMwazZZTGxnajdYaEJnR2tNWmQxajJlcS1PTXMtdTNSbElWdlVObklwZ2cxbjBHeTdodjFQZGk2dmtaYnBZY3Q1cWdWTWIta2E2blpvdlFM?oc=5
2026-08-19 03:00,Forbes,forbes.com,Disney’s Josh D’Amaro Shares Insight Into Growth At The Company,https://news.google.com/rss/articles/CBMitAFBVV95cUxNdUoyMHo3d2RXV1V1eHdmY3pMWFc2ZzhlVDVkblVUWXVlVU5FeFVBT3JxRjQ3Ym03cmJXcl9SVmJMeVZ6czFRNVY2YnMwdnpuRGhSTU1vVFJzb0hyQ1BxZ0lid20zNWFraVNBZTF2Yllxd1Foc0Q5bVVNR1BhNS1sc1dCc0xoRjFvamV3QXpkX1dkdnAzWm95ckNzVHRjWm1RWnNkMV9ITVY1dTVmeXhmWC10YVM?oc=5
2026-08-20 03:00,Business Insider,businessinsider.com,Disney is starting an employee stock purchase program and changing its health insurance plans,https://news.google.com/rss/articles/CBMiswFBVV95cUxPMERrdzRhSU1jM1RFYTZFdUhjN0dHYU1BaHBWYnFHLXl4OExvVEszQlNEOUxMRkdCbkFReVEydFotMm5ReDZwQVRBVGJaSFZJZ0pQYlk0MGFNMElHeGtnY2x0VXlYZy1idkY4VGlHdktVTEk5VWh6VlByc2RsWUpiZnpKVzFadngxWDRSZ0hEMV85c21GZ1ktYklyXy1ZX2JublNHY1VHWkMyNERfeVJjenM5aw?oc=5
2026-08-20 03:00,The Motley Fool,fool.com,Which Streaming Stock Would Hold Up Better in a Recession: Netflix or Walt Disney?,https://news.google.com/rss/articles/CBMikwFBVV95cUxQZUYxVmlSR3M2aHdwRGRNanFDV3o2MzE3TW1nUlZKYkJzQmhveGhNeTFUUkZXMmNNNHBieUk2OE53MzhjaHZxdGVRVFA0a0xTYktjRHhEN3VLaUxxRUR1N0NPaGFJVkQ2Z3dvTmswdzE4QzdPM3ZTZEViVGJSSDlYaUEyQ3M2bzRyUmxlM0l6SE9BdmM?oc=5
2026-08-20 03:00,Yahoo Finance,finance.yahoo.com,DIS Edges Higher On Report Of New Employee Stock And Benefits Plans — Morgan Stanley Outlines Path To $125,https://news.google.com/rss/articles/CBMingFBVV95cUxOcGpkdnVQcjdMQ21UU2J4OElKQ3BOMl9FOGlWMkEtZUhjV2VYRVRzLVBQSWlNdVlTZGJMMFJQLUhLc29XbzFVQk1nSEJjYkxLb1NPUW1vVENEdDlTM3V0ZEtrS0QwVExmQWxWQWxUMWNyWU1sOGZMWFBSR01MN0pESGtPU1ZJYnBjajRMT3o1UU1HOUpzbFFLU3FNSTlwUQ?oc=5
2026-08-20 03:00,Yahoo Finance,finance.yahoo.com,The Walt Disney Company (DIS)’s CEO Says Parks Were a “Big Surprise.” Comcast Corporation (CMCSA) Just Ended a Three-Month Football Blackout,https://news.google.com/rss/articles/CBMilwFBVV95cUxQc1hvbzJsUmVoMzl2TUtURUFkcHBCUFFqZUEwSmxXQnZPTmJKVkRTSEd1QTY3N1dLMnRYZExoNHNvNEQ2OVVUYTQ0d3NCZWdrNm14MEV0eXYxUDNxcUpXMlc3Zkc5QUNqVEdJV0tuYW83TjY2MVd3N0FBTHJhRmlaQUlPSFE5X2VWOU9kcEd0ckJHMGZvaVFV?oc=5
2026-08-20 03:00,Yahoo Finance,finance.yahoo.com,Walt Disney Stock's Next Leg Depends On What It Has Been Building,https://news.google.com/rss/articles/CBMilwFBVV95cUxQZXl6ZzVEQjJaUXJuU01zNVgwQ0J4NUstQTJqd3I3YnlfRU11aFIxOWpNWm1uMVNfU0tXaEpZMmlWZzNWZ3A5QkZUTGxQblZwSWpBaHpCdGZVZXlFSmJYbFgwdWdOSkxuaTFrSWpJTnFrX1BhbmY5ZzJzRkZCdnlZaWZIMUZrRkxUT01lTE1MZmV5WVQ5ZkY4?oc=5
2026-08-21 03:00,Business Insider,businessinsider.com,Disney will cut medical insurance for employees' spouses who can get coverage through their own jobs,https://news.google.com/rss/articles/CBMilAFBVV95cUxNLV9QcGU1RzZCMjZoMFpUUEwxRlJBSjZoX3QzaE9sR0hLTEtKd0IyUFZoTkdmeTFsb2I1VVVGZzdQZ3pIYlMtNGl4ODAyVHV5VmhnWXc3QWVCRDlMMHpGcUVtOEUwZ1VHU2FyQ2RfSkQ2Y05DN2FIQlpSaTRKMHV2RW81U1FUVFZMbU95M3FZLVpDY0Zq?oc=5
2026-08-22 03:00,The Motley Fool,fool.com,"Could Investing $10,000 in Netflix Set You Up for Life?",https://news.google.com/rss/articles/CBMimAFBVV95cUxQRWVJX1lxc2xKVUcwWWZWQjhMOGdYQ0NTTHFCb2hQN0lLU0dkTzVSQjZMU1lwLWhXaWswTWhETnpKNjdmYmlJSUhfOG1sSzBoLWNseEZjSmZzZUVCcUxzZFNXbGVjS3hfMFpwN0EzamNKS1RheDFGMG9sd0g2d0Z4WmhVNF95LUFOY2UxeWtfcjhjbE80SXgybQ?oc=5
2026-08-24 03:00,Investing.com,in.investing.com,Why is Walt Disney stock climbing today? By Investing.com,https://news.google.com/rss/articles/CBMiogFBVV95cUxQS2RNdnpLT1AzZjk4dmZWQU1Da01qTmZxTXRoUXl5bU9LWjZCbDM4NkZRVlhtR3pSaU9MUkxsQ0ZRTnFBelk3TngybU9wbUZkYnEyUWNqOVBRLUVsMFE0SnhRaC1uOXVINm9WQV81YUYxekFlaTVtX09ESlI2SDVGNGxnVTJ6b2Z4ME9CTHc0X0xvcHJSX1JvWFhMS3JBQ1BzaEE?oc=5
2026-08-24 03:00,The Motley Fool,fool.com,5 Best Entertainment Stocks for 2026 and How to Invest,https://news.google.com/rss/articles/CBMimgFBVV95cUxNYlJxaWMxVzBCQnNuRGlLamc1NnZpbFhCdW1KT2NUbUN3MGhOVXlQZWFYSXlGNEJYUHdjaXVaR1VTV1BWZTFTZzV1TzhPQmFzNlNITlo0ekwwRXVqN1U4T2c5OHlxZ3RkMmJXR0FBV0hhZS11SGNWTnpteXFxS1M3ZkpjRVVWOHRzd29uUWRodDZ0RGNYODNxd2tR?oc=5
2026-08-25 03:00,TheStreet,thestreet.com,Disney’s new CEO announces his biggest bets,https://news.google.com/rss/articles/CBMikAFBVV95cUxOaEpPOVVDQ0h4ZzE1TjI0d1llSHhkajh1Qm02OERqR1RsOGc3Y1otX2IycGg3QTFCOUkxcGJGZDItWUZvSTdTUE45MnFXbDEtNVdUN09zMy10YzNualBwU19odkh2c01VcmJmMDhMVUMyMElHSmpWeUt5YzJKdkNyV1FWZzhFLVc4Y1FSN1RfaDM?oc=5
2026-08-26 03:00,The Motley Fool,fool.com,Disney's Experiences Generated $3 Billion in One Quarter. Here's Why the Market Is Still Pricing It as a Value Stock.,https://news.google.com/rss/articles/CBMiiAFBVV95cUxPM2owY2dwUFZINklzeG9ZcUNlWXZKQzAzckFBN0tISEVQUlZGV3ZGTGFYY0dwekdxWU9ESGJRZlo2b05aZElCTmg0NmdzTHkwVGZxVlVOU1k5TTBFMElvdktTX2daNk9sVGRzakRGaG1IOUVodG5GMENHWWxqRlh6ZEswZzgyMTJ1?oc=5
2026-08-26 03:00,Yahoo Finance,finance.yahoo.com,Disney vs Boeing: Which Turnaround Is Actually Delivering Results?,https://news.google.com/rss/articles/CBMiowFBVV95cUxNLVNCTlJFM213cVNpUm42MVl3dEoxZ2s1d2FOVmNrd1F6WVBUdUxfcXVVUndzOFVtMFVjaDhYSE5Ga2U2SzJCRmlfeHVGOGh5RTlveDZKTXBOeFB4S3F6a3hJMEZObjZpbjlWVEVwQ2RzUHE4MGxQVmVOTEdhbEppLU1CUXVTanMtcVZ5bzQ5SlpudTlDWkdvRG1wRzB3djRnWEtr?oc=5
2026-08-26 03:00,Yahoo Finance,finance.yahoo.com,Disney vs. Apple: Which Consumer Brand Stock Has an Edge Right Now?,https://news.google.com/rss/articles/CBMimwFBVV95cUxPclowVEtsYTVOXzB1dzVlczVlb3FPV3gyMjdCV1NMREZjQy05ZThpc0JjcEpfejRPX0t1YjdpdmloZ3R6TGZVUzYyc0hzUDVKWUo5YjFKakFITFZqUmFid21fc1VGRXlWcEpiWmIyS3dLVndpQzRSaUNHUzBOdXJ1cnpldEt3VkFZT29paUlOcmpKTnFzeG5GbEFWQQ?oc=5
2026-08-28 03:00,The Motley Fool,fool.com,Walt Disney vs. Netflix: Evaluating Massive Overall Business Scale Versus Consistent Double-Digit Growth in Revenue,https://news.google.com/rss/articles/CBMi9AFBVV95cUxNaUIxMlZkRlo1MmNxU0k5TDZGcGpKX0UzUkFhT3Zncm4yUWFDWWM0YjZHUkJIaFBVXzRqN01uekdkYnpSMlhMZmxTN24yYURSSUQwTkh2eVY0V2hPLWNLUkZoRzY5YndVLW41ZEsyVWpnUW9IeHoyc1Zta18yWkhYUFJOSkJmN2o2T0pMMWpZeW90VHdwdkJsNGthTFNaY2FRUzNVRzVUdzY1QUlkSk9XeWttWkNTS25veVptdlViZ2Z2dTNKMzAta0VjZWEyZFN3dVh5ZEF4NTRfUjJRc3c2Y1RmRlM2OGU5b2RxTlMxcHgzUEot?oc=5
2026-08-28 03:00,Yahoo Finance,finance.yahoo.com,Can DIS Stock Maintain Momentum With Streaming Wins and Parks Growth?,https://news.google.com/rss/articles/CBMipAFBVV95cUxPQ09IMTJ3S3p3cnpmaThpLW9iMzdKMTRhUDNuVjc5Zm1BeHlVTFlsVTk5WjZxMGl5dkd3OURTWjJ5YThwN2dYTmtFQWdFQ3F0YWFUYnRxLXR5OFNHR2o1NEpUTzBlMTRXZjVQUnB3UUxuLW0yUWhYeVFCRnhQeHZqUW5CS1VFRVZ5XzRiaXhLVmVnMExqWUUxcncxd0VlSi1kRmJqVw?oc=5
2026-08-28 03:00,Yahoo Finance,finance.yahoo.com,Can The Walt Disney Company (DIS)’s iHeartMedia (IHRT) Partnership Strengthen its Streaming Ecosystem?,https://news.google.com/rss/articles/CBMipgFBVV95cUxQVkpNa2ZxWFAyVFFSbW4yWjlSUk8tVUN3ZC1pUlVNeDA4eEx4ZWdlYU9RSUpwYjZpZ25LdW5QZU41RUhBNGJKYmxuaHUyM2tiVld6Y3puRWRDZTFLR254ZnZ2MktyUC1FSDUteVROVzNWVm96bGtiTHVJbms1VXQ1azB3SHFCdGVfaFFtUVFEeWpzYTZFMHdORjEwR0oyd3o5QmZvZEJR?oc=5
2026-08-28 03:00,Yahoo Finance,finance.yahoo.com,Will Strong Q3 Results and Streaming Profits Shift Walt Disney's (DIS) Long-Term Narrative?,https://news.google.com/rss/articles/CBMiogFBVV95cUxNR18zTHZIaHNNWDI5Y0pLUG9zck04Zl9fYmNjSjRoUnVuVVZxcGozai14LUxtWjlFVWNKVFROZTRrMUdoWkhnWUNMQ0U1b3pPRTBIV09CbUgyajA0ZU8zTDE2bmtJTWRYcUJZUndxVFhmZ2h6T1lwRE8zY0RoaG9DV2NSbWx1X1UyaHVRd3NIWHI3aUQ3b1BlNTF2T0t5VC1ZVUE?oc=5
2026-08-30 03:00,The Motley Fool,fool.com,Can You Invest in ESPN in 2026? Everything You Need to Know,https://news.google.com/rss/articles/CBMihwFBVV95cUxQWmR2T0JfcnRBN2VxUzI4V1ZRUjF1NUdYWkpFYUpMOHRZZmtDUmNvYjBHLThpSWdQZXhtN3ZRY1NiMXI4V29oVTRnYm1rLWZQUVZFQXRmR0x4Z1k1Q3lCZjhpRGxXejk0QXptZHV1cWZ1eVd6LXBfeHJqa2ZkdEFxY0RfNmQ1TjQ?oc=5
2026-08-30 03:00,The Motley Fool,fool.com,I've Been Writing About Disney Stock for 30 Years. Here's Why My Conviction Has Never Been Higher.,https://news.google.com/rss/articles/CBMimAFBVV95cUxQRUprT3VFR0dWcWZzMHhBeTJ1cnVKTE5RTzlOb3dzbFZkMUNIdi1FYVRUNVVnRnREaU4tLXB3dTc3N294SFRhbmkxX1hOd21Kd1ZlMFhMakVKVDlDYkplZDRwRV9RVFVDaWtzemNZMU9GUzRNS3luUzJqX3dzMFBRMm9zTTNIN3pwdks0TjdINE9fSTVnaTRybg?oc=5
2026-08-31 03:00,The Motley Fool,fool.com,Did Apple Go Too Far This Time?,https://news.google.com/rss/articles/CBMifkFVX3lxTE96bUZMQ0pyTzZMem5xdExNeEdPR1FPdW9mMkk0YmxGWEx0djBTSFJFWVh2c1hYSWMwUGw3eXpQR09qcXVvMXpMWWJKMzlqZUw3QlRlbTRwaUtUeEZCRDVjaW5WWHBzMjBBdFhjb2M3VUZRM19OSTREWXI0ZnE1Zw?oc=5
2026-08-31 03:00,The Motley Fool,fool.com,"How Likely Is It That Warren Buffett's Successor, Greg Abel, Will Use a Portion of Berkshire Hathaway's $359 Billion Cash Pile to Buy This Large-Cap Value Stock in September?",https://news.google.com/rss/articles/CBMilwFBVV95cUxQNVJya0taOFQ1VXM3VnZDcWtaSmZ6WmhMSVRJUzQ4R3dSYXVtZFpmVUlYNDVtNGdfblRjdDJRS01LMDYtSktVOFhGaWxzaFdOT2t6VGZwYUdBcXBQOUhBYlVDaThOU0lVMGZYbWhTWVVoRlgtZWkzdDViWU9BbWxqWW9nc0Vxci1KMTVmaE1QT0pWZ1BGR29F?oc=5
2026-08-31 03:00,Yahoo Finance,finance.yahoo.com,Is Walt Disney Stock Underperforming the Dow?,https://news.google.com/rss/articles/CBMipAFBVV95cUxNNV96VWZOdzZIa0pNSkxGVDBYVWRYdmlRZEIzc2xDLVh6aTZpUHRGS2ZvTVRIdWxTNWhTNEhtUGxzQ0RON1J4Z21IM29HSTJ0cGxpR1VoNFdXanVINU5LQy1JTERaWUJrWEJNWWVza0xPcHNXcngyeU5SUy1uczg3Um84NjdWZTU5QUhyX09mR2g1RWxsM0JOZThKUHhjbEhmeVVudQ?oc=5
2026-09-01 03:00,The Motley Fool,fool.com,3 Dates for Disney Investors to Circle in September,https://news.google.com/rss/articles/CBMimAFBVV95cUxQTVkweERxM0NJWmNwWUtUTl9PZHRvcDdMR3F3RkoyY0lTY2xpT3BFLWZobEVqLTZ2Z1dOeFpfVjNuWldyY0hxU2RGZzNJSmp4LUkzT2tlRXEzcklfT0c2cFFQZ0pqSHpuYVVnVkFPWTZmRW1RS3Uyb3lMYWlBVDRYNkU2T1k5amR2aDhGZ3Z0QS11a3FSMlJqZw?oc=5
2026-09-02 03:00,The Motley Fool,fool.com,5 Best Small-Cap Stocks to Buy in 2026,https://news.google.com/rss/articles/CBMigwFBVV95cUxPOHlXSFZUdUlmNTA3ejRoR2VmWlR2Qm1yZkFkTXBoLThBR3FJSXZKam9NNDlfMnNYWHVGYWRRdXhNb3RxX0RTMlNJUnRKNE0wcDVEdEgwVWRjajBZZVdvVHJKaWlqcWhjRzJGeVVDQ3pBRExQbmJhWlZyUXhhRjdSdEFxMA?oc=5
2026-09-02 03:00,Yahoo Finance,finance.yahoo.com,DIS- A Compelling Value Stock Primed for a Re-Rating,https://news.google.com/rss/articles/CBMinwFBVV95cUxNM0NWVWtBZVk4cU1XZTc2MVo5d3o5dVRoZzIwZ1JHbGhOcEVkTFpkcmNOVkwzem1iUTRfRzI1cHZlOGlUVXJRLUNwazV0bDVaVlNBeVE4cDBHNXg4bUs0d0U4eGlXZlZub2hrUVNlRGJKdDNCLUxzUEd1b3dQemJSeTZYWjkzLVhjN1RBQU10T250elRyd243cGhZX1BfbVU?oc=5
2026-09-02 03:00,Yahoo Finance,finance.yahoo.com,"FuboTV Rallies 7%, Disney Ticks Up: Is the Hulu Live TV Deal Finally Getting Credit?",https://news.google.com/rss/articles/CBMimgFBVV95cUxNQXA5bmhYenZGRF83ckR0NTl2aGhwdExzei1RS1NGbW9OQ05RaWZlQ05WdEpLemZGc201eUJPLW1RMmJFTERlYTVkbWNmZ2cyWVgwNTJjZVVwUk13Y2xtc1dkUEVJQzJqMXd2dlZHSm10X2pqMkVjUzQ1dTZpZU1SMmtYaU1QSDl0dEU3UWN4VnpERmxUcm01MVR3?oc=5
2026-09-02 03:00,Yahoo Finance,finance.yahoo.com,InterDigital Third Disney Injunction Strengthens European Patent Enforcement Position,https://news.google.com/rss/articles/CBMitwFBVV95cUxOdWtCYVM5ZTdRdTFHWWIyNW5ReFMwQWhsNEo1QURIMTVsS0xrLXlRcDBmbVl1dmlsNzBvazBqNl9jTkt5VFhtOTJqNXBnWWY5ZEYzRTNRaU56dTlEZFIxVkFrSnFoMTczV01WTHVFMVZXTEVha1lEdWhOeG1QYzJwLVJjY21pQ0d4VVQwaWJGQkkweU1fcWRHNEdFRW9Fc1I0UGNhRVhnNzgxSWllQjZPSlhVcl9oWW8?oc=5
2026-09-03 03:00,The Motley Fool,fool.com,Best Stocks to Buy Now: Our Buy-and-Hold Picks for September 2026,https://news.google.com/rss/articles/CBMiakFVX3lxTE9wNkxPeDc4b1BlS0FNQnJ4T2xRMWZlNEZCdFFiNkFCRXVvWjlVRXBMWGFsR1hOVW9KcE93Z0ZHWjRwX2ZuTWVmQ0w1WUd5d2xDZ0tfS2c3bG5PaUdTR05VcHpxNFhTOWZtcmc?oc=5
2026-09-03 03:00,The Motley Fool,fool.com,Better Consumer Stock for 2026: Amazon.com vs. Walt Disney,https://news.google.com/rss/articles/CBMirgFBVV95cUxObGZXZlNvekc5bXVoYTAzc214VHZrcnRxOHl3TVE3WllrNFVkSXRNN21Ma08xUTNxU1V5ZTMxTzBjS09VSEg2dzBweEo5S1JBN3VVc2YwSUdudE4wc2RrbzlQSHpqMXB3eG4zdWdsRElkeUVraVlBVnEybDg3eXcyTjRkdlZoRUtmb3hfa2JrdjhqZlhDWEU5aGxxQkgxLTFocmFWZktkSnQ2QkZScmc?oc=5
2026-09-03 03:00,The Motley Fool,fool.com,"Core Scientific Director Elizabeth Crain Buys 6,000 Shares",https://news.google.com/rss/articles/CBMirAFBVV95cUxNbHF6WEtiNVN6RG05SzFzOFlkQ3lmcUM5Unlnb19wVDVjbV81S25ETUgtV2NMNEZ5MmMtdXdtNFBzMXd2YjBXMmVzMFg0aWV2dWRIQmYxS1d6RVZkdDZSRXl3YWV5XzF4YTZyTGYzY0hZN3FDOGlwX0l1a2Y3SVlzdFRMUGM5Y0tjbjJ4OWVhZE9MR05hQWlVNnl3QzhKMUdTel8zdWkzSDJ6dzl2?oc=5
2026-09-04 03:00,The Motley Fool,fool.com,Walt Disney vs. Netflix: Which Media Stock Is a Better Buy in 2026?,https://news.google.com/rss/articles/CBMiuAFBVV95cUxNazhUVTRyRlpZM3UwbFRpOWNoWXVxVmRGb3FCeXhhUE1YMDRnamYtZUFLdjFFRkVaM2V1WEw0VnNKWnBLcnBiZy0xbl9DdkdJMW1sN01CcllZVmZVS0ZLMkloQmdhd0VsMEJKZ3d2d0d6M1FybFQ5eENxTVdVd05qSjY0Y2x6aHJTSkdfZk82MVpNM2NzaXN4X3JxX0lZM2thaDVxRVhKTzZHVWUzdWc4Z1JwWmxoZFVV?oc=5
2026-09-04 03:00,Yahoo Finance,finance.yahoo.com,Disney (DIS) Stock Could Be 1% Undervalued As ABC Legal Fight Drags On,https://news.google.com/rss/articles/CBMikwFBVV95cUxOM2xzTExHbGs4T2d5TkxPeXhSMkxNTjRMdmpmY2o1LTRFNjIxdVBwZ05wdDNxVVZzbnNDcWpucTVZUlV2a2hhd0U1MUpQNzFzT1JEU0NuMV9NaXgxWlNsNkJDbG4zdnVERVhjVHpzOE9BYmozVDR4eU9MUnNCOGNOS3NUZEVNNVUxZHBwSkM4LWJlSUk?oc=5
2026-09-04 03:00,Yahoo Finance,finance.yahoo.com,"Disney Stock Is Trading at a Discount: Should You Buy, Sell or Hold?",https://news.google.com/rss/articles/CBMinwFBVV95cUxPOGVqOU80STJ4bUc5UFNoM285bjRqeE1XcFhYTUNJRVBZTVREMmVxNUFuMzlpdU1DTC1QeUsxWWtCcXFJUkZnRmdBX1p3Qi1qVG82NFQyS1RSTUpibHk3MUZ1TEdic3FlVDZidldFNjA3ZTRIVkUzd094dW9IVTFDVy1YbTV5OGRma2FWVnpBT1BROXNmb3JMbVVIV0htMnc?oc=5
2026-09-04 03:00,Yahoo Finance,finance.yahoo.com,Why Is Disney (DIS) Up 2.4% Since Last Earnings Report?,https://news.google.com/rss/articles/CBMiiwFBVV95cUxQakdDaUhmVVZnaHVSN0w4UUxGNS1QYXhnNzZuRnVXSkVRTHVnaXQ5cmFEUEQzejh1Z1RsUGNjTkh4OTFZMW9DV2d5YzFscDhjLWp5aURINUNHUmE1c3E5NDJETmZqX0c5b2RYaWlPT1JOTEk5Zks3YTd0Y2R5SkFRc2dQN0tmTWV3MTJn?oc=5
2026-09-06 03:00,The Motley Fool,fool.com,The Largest Communications Services Companies by Market Cap in September 2026,https://news.google.com/rss/articles/CBMicEFVX3lxTE5vSTlaNVZqTHM2WWJzMV9Fdm1mNXBHNkY0UXVXM1ZBang2c0I5MnRNeEdNTmo1ZjRibk1RV1g4T0RpY3R0dURxbE1yOEhmOEJzS3NWUlBiTENiS1poNHNKdUM0anlUTFhXR1NwUUZyWE0?oc=5
2026-09-06 03:00,Yahoo Finance,finance.yahoo.com,Prediction: Disney Will Hit $130 on This Date,https://news.google.com/rss/articles/CBMimwFBVV95cUxOT0lsLU9OM3h2TW52Z1NMMWJBUWxja0Rtc3ZEUjBiYVZ0OHpCWm5sVHU2VEtpUHktTV9JVDVjNWVnRW11S193cEZFbW5xbWJMWUQ4SnpXU1ExZUNXQUMwRmZUWWNabjU1YkZEV3R1UmRlZ0M5N2p4SHVoR2RuZGJGVkRXTnktZmtJakRLRTZoQkQzM0VTM19UZ05kNA?oc=5
2026-09-08 03:00,Seeking Alpha,seekingalpha.com,"Disney: Fairly Valued, Market-Like Returns (NYSE:DIS)",https://news.google.com/rss/articles/CBMiiAFBVV95cUxPQkJJMElpbGZ4WXBpZ3l1dU5JR19PTzd0WUNkc0EwZXlMSTFUMXI2WWdfalFONWxkR1MyempZR1dLQmp1d2pkd3dMckhFakFzbUg4c2pUTWE4NW9xM1pUV04xc1BKMEpPVTBiTWw1cFNtWFFLLVJCNFZ0TlBncDMzV2JBVHAwSlFZ?oc=5
2026-09-08 03:00,Seeking Alpha,seekingalpha.com,Disney: The Next Phase Of Its Transformation Could Be Much Bigger (NYSE:DIS),https://news.google.com/rss/articles/CBMiqAFBVV95cUxPa3ppSmRNbmNxandlS0M4TXB1UUVCQ0FBakZlRnJ1YUJYOXYtV2lwY3pEYUJOMjd2Z0RIYW5ZM29zalFmVFJ2TjBTeW5JSW9aTmRKQXVsc25GVmNnV0tDN3ZGN1JLZ254dUJob0NMNEVyYVdidV9tVm9sNFo3aFNUSy1VcExJT3NuMXpiUEVDcUl1ZE1yQlN0WTBtazF0Z21XT245aFlVckY?oc=5
2026-09-08 03:00,Seeking Alpha,seekingalpha.com,Disney: The Period Of Underperformance Is Likely To End (Rating Upgrade),https://news.google.com/rss/articles/CBMirgFBVV95cUxOcEZKVVFaVlM2aVlEeVlUVEU4Nkp1UU5ra1dCM29OQUM3Rllyd0lUNkU1dFBmUjVGUnVMN3RPMGUza3YyOVpEX3hjX1ZJeWVQTXZfOERoaEFmZUdNQ2FHajhfc0tWZ1MxNmFialpDYmNjLU9GYWdlb3k5N1pxNUducTVIeFZiM2FHcWEtbGZoTEhWSV80cTBRQWl0RzFSQjd6cHpyUXZwS3YyTDRjcXc?oc=5
2026-09-08 03:00,The Motley Fool,fool.com,Disney Stock Analysis: Is This Stock a Buy Despite the Negative Sentiment?,https://news.google.com/rss/articles/CBMilwFBVV95cUxQNVYxcHdxbFJ5STA4RnVrY2FVUExTNkhQQ2ptdmVTSTNERXZ0UUJrcnJUSnRtMWZjc2RFcUtjN3hLSm5XSThEZGM2WTRVUWI4dkFhUGRNWHo4bTcyUFMzOE9ETnVYLXFwUUpDR21VQW43M3diZnZNT1BNeFVVNlVlWGhLbkFZUFgyc3EwbDlvaEZ4V0VoM1pn?oc=5
2026-09-08 03:00,Yahoo Finance,finance.yahoo.com,Disney Expands Its Parks Pipeline: Can it Boost Long-Term Growth?,https://news.google.com/rss/articles/CBMipgFBVV95cUxQb05VZHdydml2NDR1aUVqYklxYlI2YWJhOFVIOVRNT2t3aDNjZDFPVUlBWlpNVFlBeW1yM0tmM2MxcTRScHFoZ3gwaURsVHVPUG9JWHU0TlF2S2NlV3FjdTZoRFppbGFzYVpBZGR0a3NVLWNQN1Q0Zi1ZUnZQd09DaHpiSy1GMTdCcmVqd0hyZkx6ZlgwdGVmLWxXbS1QQi1MdXFZSjZn?oc=5
2026-09-09 03:00,The Motley Fool,fool.com,"Is Netflix a Good Buy? After 10 Years of Covering NFLX, Here's My Honest Answer.",https://news.google.com/rss/articles/CBMilwFBVV95cUxPb0lValMzNkdPeDhhNXJhTDFzUWxueDlCNEM2amU3ekd4OGN1b3NGbXRKOWF0QmtZV0V2Y1ZCd1ZWeGFrdVFRYlFxbXlyZWNNY21GMUk2MUhZNWgzZDBPcjNBay1yMUJoaW5TNDFReU51ekE2WWdFZm1TemxQOUZEaVZoQlpUYkk0MTJjaWQ3aTM2bVRWTzFB?oc=5
2026-09-10 03:00,Fortune,fortune.com,Disney CFO says this one sector is critical for driving customer lifetime value: ‘It’s just on fire’,https://news.google.com/rss/articles/CBMisAFBVV95cUxNd0lLTDNOdHo5ZXJPdVVGZnBpZ1hvemMyUEoweWtReksyM3QxSHVkM3dLY2JudlNtTGY4dDdiYjd4ellCVlFHMGxsTDBTYUg4NEtMTmkzOXk3dF82ZnNOeXBKcDNIZ1ZRZ2c0N3cxcWtMRFRDVEVFZHVnWWhWaU5ocDVRVmRqV3ZkQjZQNWc0M1J5dFphcTV5QlRsZlZRNnE2YlJGTXBvSDdGTlYxWmhpTg?oc=5
2026-09-10 03:00,MarketWatch,marketwatch.com,Walt Disney Co. stock underperforms Thursday when compared to competitors despite daily gains,https://news.google.com/rss/articles/CBMi5wFBVV95cUxQaUFoUkRWem44WmJmdWZmd0c3QTg0b25VRksya3JUeHJQYkQ2VkVSYkJjWVdkQ0VjVkprVUw1Q2w0WWM4OEYxdTg2Q2JsWFR4dy15d3oxNnp6LW01T3I0SEg4NzJITGMxR1V0N2N2SVV3NnVLUkNkckNibW1OZHZxOG1FRmIyS3V6SkdoU2Z3TGM2empldjAtTFhtMWFFVUEzZ2kyYi13V1hjQXFoeXh5QUpsNzJoZzBEbWZ1M1pQSnMyQzFYWDlPaEJXejNGcEFtRHVMTUVySExVWVJNQTYzdU9wUmk2aW8?oc=5
2026-09-10 03:00,Seeking Alpha,seekingalpha.com,Disney: IP-Rich Entertainment Conglomerate With Value Trap Risks - Contrarian Buy,https://news.google.com/rss/articles/CBMiuwFBVV95cUxPMmtGUmNpbEVJNWNDOVI0SHJScWN3UnpFOWQ4N0c5UC1lUFhaRFBZMmJOYnJCOTVXUy1LdWlrb0pyZjlEbGlIS3VKZTA1M085T013WUZLZXY2QmxnTnlBdUFIZnFLN3praFZELTFGZzdBXy1FWXdRcDJUdlEzWjlSLTVOVWtIWlZlWVZjNnNmc3lTaEdhNENyVmhRWFhnM2xUUlJFSzJxajZKZGxaeEZUUmc3cVhzajA1TElB?oc=5
2026-09-10 03:00,Seeking Alpha,seekingalpha.com,"SA analyst upgrades/downgrades: TSLA, DIS, NKE, MSFT",https://news.google.com/rss/articles/CBMijwFBVV95cUxOTU5fVUd0M1lkOFFWbl91OFNILVRQQW4zTjZ6NFc2VFNtTXp1MXlZVy1CWVZiM1g2SWl2a292cl9STnVqX1hLdThOMTNENVByaWVYakZUYXllMnpDX1JOM0JJMDRKSm9pcmNNc3c2UjdkWFRUSHJPSEpsb0xlQlNXaEFRcVA3MXdMUFp3RFgyQQ?oc=5
2026-09-11 03:00,The Motley Fool,fool.com,2 Dividend Stocks to Buy Now With Higher Yields Than the 30-Year U.S. Treasury Bond,https://news.google.com/rss/articles/CBMimAFBVV95cUxNTzJObXE3dUxvd2hDQmFDLXk4MmtGNlZCNkc1RWFVSWxTVDNOOTdhakxyNGR6SjZnRWw5UWV3Qkx4NHZDN3FOLVhHdDA2Vm1adHFmTTFvNkxnb214SjdIeGRrY1B4dGdjTUpOekFScUFSbi1JLXNMUkUtS0NzWnVqUVplYUtFM3hfdU9pYmdYbjRiMFF6TkNWVg?oc=5
2026-09-11 03:00,Yahoo Finance,finance.yahoo.com,DIS Stock Heads For Weekly Gain: Host Jimmy Kimmel Criticizes TV Regulator Over Its 'Equal Time' Rules,https://news.google.com/rss/articles/CBMimwFBVV95cUxPMjVBUzFUcjBYMUJPNGNhUVQwRndubDFXR3lfX2ZhdXNNYlBUNXowX3c1bU92UERkX2dIQzVTN1RjR0x5UXh4anF3d0RCd09pMWg1R1U2NVVabnFOMHpnb1JIX1hvRVpJTUxPN3liZFJpR0FBbXUyZDh1MXhLdFhzank0dlR4Tjk4YnpYM3lXckNsUlU2OTFLakZfSQ?oc=5
2026-09-14 03:00,The Motley Fool,fool.com,4 Best Cyclical Stocks to Buy in 2026 and How to Invest,https://news.google.com/rss/articles/CBMiggFBVV95cUxPazdpTXV5MXgzQVd2S3ZQZ3NzNk9uM0k0T0hodzhYbkpvc0VSNWFEWGxIV3ZsallpX29DN2xNMDU0NjItMHNjMjRtTmt5TWh4VTBSR3N1NVpZU1M4VlFwalRmejREcTNMQTF5ZVRBYWcyYmZucHZ2aERTalpGMlY3dEl3?oc=5
2026-09-14 03:00,The Motley Fool,fool.com,Walt Disney vs. Roblox: Which Media Stock Is a Better Buy in 2026?,https://news.google.com/rss/articles/CBMitwFBVV95cUxOWWVQX1VGMWZzQXpjcUVzcFo4aFRBV0lmY1VHVnZaMlZoR3M4SEhXNk14LXppaElHUkNNbnN2cmhSeFZyLUx3OHVvdEFVOGoxVlphYi01a1FRZTJ1VU9GaVZydHN2S0NRNWgwR2lIYkJEMDhvTFprOUtxQnN3OS1LRVJhb3ZkTDQ3bTc5N29obXdxRnhSbzItaWJVTVM2alA4SEZpMEhZNVA4WDBDNmRzMEN3SnlOQXc?oc=5
2026-09-14 03:00,Yahoo Finance,finance.yahoo.com,"Walt Disney borrowed $60,000 against his life insurance to build Disneyland — how policy loans work",https://news.google.com/rss/articles/CBMilwFBVV95cUxOUE1aMDRBS3UxNklzZ3VKNjBSNC14T3IwYnNqNWVfc1JLNkdvNW5Fc3hZaGJCczVJZEZtTl9rM3lPQThYT3ZvZllEbGxqamlCSnFtSjVjbURMcS0yVFBoejBUWWh0U3JvOGZBWGxlamFzX1pSMS1PZGs2UXc2R0xVMFJBU1F1aGotZEVmN3hVcW14NEtENEN3?oc=5
2026-09-15 03:00,Forbes,forbes.com,How To Buy Walt Disney (DIS) Stocks & Shares,https://news.google.com/rss/articles/CBMijgFBVV95cUxPcW9WbVM5TmcxdmFMMERfZjVwa0VWSGVrWVI0WkdibjZUY3NfX19aOUJrYUxPMEdPWW5zNVQ3aFpDRTctTGFCRjcwYjhoU2hlN24wY3hFUTQ5NGliTGNJZTNQVWJWTEZXVHljZXZWdmd3ZlFIS194Y0tONUFYTVozdHZMZE9mUDB4bUdqSHRR?oc=5
2026-09-15 03:00,MarketWatch,marketwatch.com,Walt Disney Co. stock underperforms Tuesday when compared to competitors,https://news.google.com/rss/articles/CBMiywFBVV95cUxPOW9qdjg4Uy1JVEphY1JEX196YWZqb00yaXQ0TzJmQ0FTcnVuZ3FTWUVqWlExeENIZlhvaXBuZWJXQThTeWdhRk1mZXhoVmdTWUN6UXEzZUxPNTRmWFdoODNKMl9BTUxmUjY3STlqMTR0TmFUb01rSWtnTXB6WTFJMUIwT0NhdlhNRWpFUjkxdF9weWRURkdUNE1KMkVUMlZ2Q0J3R21XR3NWU0ZYX3NUUzJXdjBSUWF4XzFheGgzRGpnVlhFWVJRZjJBMA?oc=5
2026-09-15 03:00,Yahoo Finance,finance.yahoo.com,Disney Trades Well Below Wall Street’s Target. Here’s What Closes the Gap.,https://news.google.com/rss/articles/CBMimgFBVV95cUxQSVhya083dkgzWEpMai1ORW9rTXhmSUp1VnJUd1I2LUhMV0Z3emUwSG16Vmk0UWxLd1FraHpaN2p3R3ZpMHUyZG04M3hYVl9VVVdyMkN0VUVKZG1ETHdYVGZ6Vjl6b3M1SUpaYmpJTm91YkI4Y1FkR0dKaFBPLUoxSVdUaTJEOWQ4X0pTVV9jc09VakdzMFNSYjNn?oc=5
2026-09-15 03:00,Yahoo Finance,finance.yahoo.com,Walt Disney (DIS) Begins Multiyear Global Wildlife Series On Disney+ And Hulu,https://news.google.com/rss/articles/CBMiogFBVV95cUxQLWZmVXNMUTI1YzBueTZpQzRjNy1taGk0eWhCV2Z2UjV4UnhNZFNGWFNOV2N4OFhZV3dfRkNMb1BQTWhsMWVKZTdQMUpSU19RNTVCaDdqYUFnVllKaVd2U1J3dGtkY21WV1B1dGh3SUczUTA5Z1g5cHRCV2hlTnB2Umx2X29PU2lCVmt0cnVNemREMDdtYW9sZ0JXczlhSXhuM3c?oc=5
2026-09-17 03:00,Reuters,reuters.com,Disney names insider Adam Smith as chairman of streaming business,https://news.google.com/rss/articles/CBMitgFBVV95cUxPUE16WkJneDBubXhXVHNFNmc4NTZTSmFIUzVPbUU5cDY3Z2E5Q2dIcmFvbEhNcnducTlJTkljclZ1NkpWRTNvZE1tZjFiVVF0SGZVN1pjd2JFYkRFN3IzOFpUV01qc05pQkNtOW9vT0ZDT0dyZDMzU1lFRzNDT2dpSnRlb0VlVUNjRjY5S3BfOTNUY2lMWEplMExuOEhjbi03VE1TdDVuNVF3a3BMNm52c1o4MUhodw?oc=5
2026-09-18 03:00,The Motley Fool,fool.com,"Stock Market Today, Sept. 18: Netflix Falls on Analyst Downgrade and Slashed Price Target",https://news.google.com/rss/articles/CBMi4AFBVV95cUxNVHlaWnNqWFdURmxBeUgyVUhTWkltd2V6aW1kX19PWVhnV21hWDhIbXI3N194RGljeWJQZGp0NlNnMjY4ZnFGUkRrN3ROdWdzX3VpRmVBYzZldk9Lb0pyVnRxZnpWaDNiRGtCcXJ0TWI5ZWhoLXctVmdoNV9pSVlOaWJRUjRKRE4wZ1BvSUdZREtuUlJ2RjZEQ2drYVRmZkRMZjlNbk5CRzdiVXVlc1p5ckdMNW83cl9HX3lYMlJfbDRGZ3RFZEotVE1wZHMwdmNodWRQeWpaLUF3ZkhTOUlZNg?oc=5
2026-09-18 03:00,Yahoo Finance,finance.yahoo.com,Disney (DIS) Stock May Trade Near Fair Value On CTO Appointment,https://news.google.com/rss/articles/CBMilgFBVV95cUxQLV9LVk9FLTdNOWQzWUtWUHFETzhFYzljbTJjcVN1SWp0ZS1iclJHbk1BTElQWUdvc3QtTmFjZTc4ZFlCR2ZYX2IxMjkxamxDdzBBZWVtck9uQkpwWEo0Q0Y2UUo2VnRmeXpxeG1IWHAybjlyR3BYUlFKYXVTY19sajhyaGVfTlJYSWJ4QXEzdHFnMFNjUFE?oc=5
2026-09-18 03:00,Yahoo Finance,finance.yahoo.com,Walt Disney (DIS) Stock Dips While Market Gains: Key Facts,https://news.google.com/rss/articles/CBMilgFBVV95cUxNZ0F3MEFGMWZId2RqYnlLUHc5b1p1LTdPWTlfajBBM1NtZThoQ0V3T1NiS1FKNkV6OXlOMUt6bXU3cjRHWjFwZG5uTk9iS0x3SERhd3ZhWFpwYm5JVnNSemNSdGtLc1pTS1RHM3JrcWM1aFRQM19OSlJwRlJMTG94VjdiclBwTFRRbWlnYnVMcGwzbUNjbGc?oc=5
2026-09-18 10:41,Yahoo Finance,finance.yahoo.com,Is Disney Stock A Bargain Or Just A Slower Grower?,https://news.google.com/rss/articles/CBMingFBVV95cUxNYU5VaTB3NmNHbzlFRGFGdFBDU0tkQmdEcG5FVUxNSFRReFNwb2UtNlk3Zk1PUG8yY1lRNElfQkpkelVNYU5XR2ZtZDhUY3NrWTF2akF4UW1qLXRxSFRMWVlLa242S0pKVXNpTVczQVlyYUlfb29rSl9sRnN3ZVozNDlkc1VhS0dmMk94Q3FIeHd3Y0RURG5uOXZYajZZZw?oc=5
2026-09-18 11:01,Yahoo Finance,finance.yahoo.com,Comcast vs. Walt Disney: Which Media Stock Is a Better Buy in 2026?,https://news.google.com/rss/articles/CBMimAFBVV95cUxNZkN0T2JVRTd2ZktPNjZrNmZNYWtqSEhTSWdrdGRzVW43Q24wV3lTLUNxSzl0eXU1UWZBYWNadmh4MEdwVTk0QVA2YnREZzJvWWdwbzhab2k4bzBoRzNyR3hwaHBsTUxpOWd5b0NKYkQ0TzhhaG82ellwR1I3bWNCejZJTWxvbkIydml6eEVmRjl5bDFyS2pycg?oc=5
2026-09-18 13:24,Seeking Alpha,seekingalpha.com,Disney creates chief technology officer role (DIS:NYSE),https://news.google.com/rss/articles/CBMiigFBVV95cUxNQnVxVEJBbmJpZVNfX0FQXzdXNUMtWnVLdlNUc1FraTVmdjBJU2NROUZUSjBPYng1Qi1vaHd6UDJETUdFQmM2aHNrRVVjRkl1WUZPOTNNVXNBTXVraW1hQ0h1RldiZlZTQncwb2pCQ3pFT3RuWnhyZjg1NFpUM3JJQkVhSWdueXhOaVE?oc=5
2026-09-19 08:05,Yahoo Finance,finance.yahoo.com,"Is Walt Disney Stock a Buy, Sell, or Hold 47% Below Its All-Time High?",https://news.google.com/rss/articles/CBMilgFBVV95cUxOblNmZFU2LUxUZjlsNWFVVmVMX2tCWlNqY2MwNFFBTGlIUEtURldqZ3o4OUtma1VzY2dHZnl3SVNPWVhSa2FTemhWU194WVVxU0dXdVlmdmwtRUdBOE1UVVIydDBfQmZkcmZWQXBib3ZDRnpFQjZhX3BFUXg5ZWNqQjlEM3V6SnlFcEJCVTlMM2EzQUpWcHc?oc=5
2026-09-21 09:49,Benzinga,benzinga.com,The Insider Report: A Bull Market for the Taking,https://news.google.com/rss/articles/CBMimwFBVV95cUxPTzhEQ2JkNmFnM3Fjd3YtVFNOUlVnV0FucU5oTlhVYjNqWGZQc1Rqd2pidkQ4VFMxVThEbXRwMEhmTkh5QzI5UU1qLU5JLTFWdUNjeGFPZFl4SHpvQUhpY3llMnFPYjRrZGZUbVdEcUxuZFhmaTFrRTZCdEE0NmlIOEo0MTRtcktzLUl3VU1FQ1o3MWczcUpjYTM2WQ?oc=5
2026-09-21 16:31,The Motley Fool,fool.com,7 Best Travel & Tourism Stocks for 2026 and How to Invest,https://news.google.com/rss/articles/CBMinAFBVV95cUxQY0tzVi1ITnU1cE9LcThTWlBrbDhLaklvWDhESGc1VDlyTElEY05wYy1LMEJUaWoxUzZ0TnU2MERWT0FEa3FmT3ZEYkYtNjg3dXEydzRwYzBzU0h1OG5WOHQ3R3p0Z3RJZ0JVWHA4TE1oRFI1OFF2ZXdRRURsbXVHR0EtdXpkYmZxZVZYa3hBNy1yTFpYYjBzbG5QUlM?oc=5
2026-09-22 07:30,Yahoo Finance,finance.yahoo.com,How to Play Disney as DIS Stock Heads for Yet Another Year of Underperformance,https://news.google.com/rss/articles/CBMilwFBVV95cUxPTlhpTlZ4dDdvYlhVRXQ2bDRFb1pMY1hkaWk1bHNXVlJPYXRxUzhYWmp0OU8zY3ZRUVJROHV2QnFCTXI5bzN4WGtOWUxMbGVqMmx5cG9sSE00emRGam5xbHpVX1lVYVZOc1gwNlFHOG82eUxNbkxJbVJFN3dDenFldUJodlg3UUlieVJrbVVGeUFsdmRVajhB?oc=5
2026-09-22 11:06,The Motley Fool,fool.com,3 Reasons to Buy Disney Stock in the Fall,https://news.google.com/rss/articles/CBMijAFBVV95cUxNdks3V2NpZ3NSeU4yYU92SXBWTXFBeUhnUjBLamMwY2lsTGppSU1DM1BGLXlUM1lYbk9GOHB5bWU4RVhWU0taanZ0S1RGZVJmT2pWVVZsNFRvNkFuRno5eTFzM1pJVjN1Rm5iS1V6aDNnVXhDUmE0S0VfdW5pZmRHXzcxOUlCN3lnc05rbQ?oc=5
2026-09-23 02:13,Yahoo Finance,finance.yahoo.com,Walt Disney (DIS) Picks Its First CTO In Broad Leadership Reset,https://news.google.com/rss/articles/CBMikgFBVV95cUxPNndtYTUzWmFCb0FwYTI5UVNjaHZSQUZSMFYwX09LOEtYWVNDSzF0OE1ySWl6MzJHMFBYcjkzOXB1T3dVcHA0Tzlva0VuQjV4ZzNaZnNJY05wbHVIRGxNcWlNUnEyRV9FdzdPcFkzUl9wMmk4UjZQRE1RV3FzNUhQVHJpVnB1VFItdF9ZQjdzOXlCdw?oc=5
2026-09-24 03:12,Yahoo Finance,finance.yahoo.com,Is Walt Disney (DIS) Cheap Following Its Second 13% Streaming Price Hike?,https://news.google.com/rss/articles/CBMioAFBVV95cUxOVENobWdxeXdXLURBYl94bTdoNkdSczJCZ1F3RnRPN3BWMXNIVnN4RzUyd1hkVElRdld1Z0VRUW5YdVh5eldMTURGQ0N5SThTOHpJOUQtdDJJLWJZbXJIWFlyYzRreGdSMlFRUXlmYjFfN2xLMHRpQ3VuVzVhZFBQZFU2UE5EWVhGaW1QSE8xR21tSjgwbGtWNE92T0FBVGc3?oc=5
2026-09-24 11:07,The Motley Fool,fool.com,"Is Disney's New Price Hike a Genius Move, or Did It Go Too Far This Time?",https://news.google.com/rss/articles/CBMilwFBVV95cUxNNlMxN1BhRHN3VmZwZW5oTlBkX3NVVmt3YWMyb3hraXlNNC04SzVYdkZMQkhFT2VOOGtHaE4yRUFuY3BxVEVHU3FQZERFQ1F4WWtya2ZiTEhORzlNZFExWmN4VUVqdUxlME9iM3dmQ0pwLW5USFJNZFE2bF9Ibmp5amJadGZXUDdrWEJhYmw4Wnh1c3g2aWVB?oc=5
2026-09-24 16:45,Yahoo Finance,finance.yahoo.com,Walt Disney (DIS) Gains As Market Dips: What You Should Know,https://news.google.com/rss/articles/CBMimAFBVV95cUxNRDNsclFySl9UUllNd1ZpbFl4NFdGd21yYlpZaTcxaDBQd0g5eXpRSXR2MUN0dDhOc2RfS0xaZUtEcHBzLTFGS3dHZVpHTElfV2YzczE0QVEtZ3NwcmMzVC03Q2xmak5fcGtvZ0ozX3dPMGNNRGgtbXVGVGhhcExkRlNOcjY1a001SGdkYmlwVlI0YmZkUU04Zw?oc=5
2026-09-25 15:24,Investing.com,au.investing.com,Form 4 Walt Disney For: 25 September By Investing.com,https://news.google.com/rss/articles/CBMinAFBVV95cUxPT2N0U1ZNRWpHanpRcWc5MGFmdnRSYXhVUktfTkVLWldtcEkxeGZZQ0lOczNrN1hTYUlQRmk3WEI0Q2tScGpWb1hsZlJFbjg5bUJzSWNCaVlSWmtEa2pINThEamRFNWRRN0g0YmZBVlY4R29Sb3hKY1pVNUk4YmdmeHBydjV4NVktSDFnM0NSTE43c3EtdzBIRXIxa2M?oc=5
2026-09-25 17:35,Yahoo Finance,finance.yahoo.com,Comcast vs. Walt Disney: Comparing Recent Revenue Trends Between These Media Companies,https://news.google.com/rss/articles/CBMiogFBVV95cUxQcTVQMm9neWY5RnExTEJyNzZBWkxWVHd4elpyR09ZZUtTRUF0TkhsWVhxdjZLa3dvdHc5VHlBNGE3UUVNT1p4UzlieWVhdy1FVWJkUW1YdDl2MkkxdVhWREFpRFY3d3pudlowWkhBOXRPMTV6aUNoSHhtd1dRR1J3cGtKUEtSQ2xZd1NSbUIxZ01tVDV0Y0hiOUhFRGdMM0dpR1E?oc=5
2026-09-25 18:23,The Motley Fool,fool.com,Walt Disney vs. Netflix: Which Stock Is a Better Buy in 2026?,https://news.google.com/rss/articles/CBMisAFBVV95cUxNUDY3LWJEa1hXN2p2c0NNRzFsaFNPSC01RXE3WG10U1AzZGVUaGNrZTR3QTBmWjV2dm4waHEwOWZCYTJKRmp3THQtejNnc1UzMWRlT2NESV92TEl2MTdQTlpGSlNRdnB5OWlTUm9seU5rZjlQUEZ1Z25BUlRYNGhWUkVQSWNic0lkRF9QaGhwajFOb0NfSXRkY1dfMFRRQkEwSjFfWjVjZHNfaF8ydl9ySA?oc=5
2026-09-27 05:17,Investing.com,in.investing.com,Form 4 Walt Disney For: 27 September By Investing.com,https://news.google.com/rss/articles/CBMinAFBVV95cUxQX3ZWck1VZzhER193dksxZFpuNlB3Y0pPcm9HcW1Dckpqc0hxOV9WZHNIaTRIby1rN1dSZGZWNFo3V08yY3IwdVBzczF2QUlKV0pTY3NtdTQ4d2xNR2dfakRGQ3I0aTJaWTRJMmdlRXpkWEV1YTRQRHFJSFRSdGF3Y3dZODVwbEdVMnV4bGJpR29kVDhiNjZCWFkxZVk?oc=5
2026-09-27 16:29,The Motley Fool,fool.com,Why Meta Platforms Stock Jumped 13% This Week,https://news.google.com/rss/articles/CBMijAFBVV95cUxPeDF2d1Bqa2FzSEFobC1FVmlkQXQwQlBVS0JMMy0wVi1iRFBnLU9ZdHZTMjUyOGdTSDBmR0JGZWVSbFpRUlliQm9QWlhTaU5DcGJKNnBFU3ZCTXFSel82T3JwZTJDN0FjSXFvUUI4Zm16MjJPZXREVklBOXNlcVlRVzR3aDFaMVByQ09CeQ?oc=5
