Published,Source,Domain,Title,Url
2026-01-05 03:00,Barron's,barrons.com,"TSMC Stock Is a Buy, Says Goldman Sachs. Why It Can Climb 46% in 2026.",https://news.google.com/rss/articles/CBMiekFVX3lxTE9ackRLVF9OZWtvTGJwa0JqRWZiQ0RGSHZOUjIxQ1Jvc3FTb1gwV09qLVNuME05VVZxOU5peV9sazRnQ3Z2U3ZDank2NUNBclg1X3BaSEQ0emhnLUhod2JjYzBkOVM4cVNHbEVrM1dRN3RKekpfUnhIQk13?oc=5
2026-01-05 03:00,Bloomberg,bloomberg.com,Goldman Sees China Steel-Capacity Cuts Going Slower Than Thought,https://news.google.com/rss/articles/CBMitAFBVV95cUxOdWp5akpJWmFjWmxERmZPRjItM0o1MHotU090YmgtLW9IR1JVcklfbm1qd0x4OHR6NzZMNFA5UFR4bVd6RTI1V2Q2US1VQzJmaFhndmJ5YUN1R0pkVUZvc0FPcEFSYjdWQVF2aTZ2U2FXeGN1SWU3UHBmLXUyQlc1MlJuV000Mm5qaTFJcGdESV9uVFdhNXhQMVoyRWtSVTZQZVA0ZjVtUEh1YmRNbTVNalJNWkI?oc=5
2026-01-05 03:00,Bloomberg,bloomberg.com,TSMC Shares Jump Most Since April After Goldman Lifts Target 35%,https://news.google.com/rss/articles/CBMitAFBVV95cUxNMkltVVM3T3Y2RWtaYzJERUlnVUlfcmRhMVN1a1h2RkF0d3R0Ykp0WHJtMlJLVDEtZ3lDOEo4aTRhZ1E3ZExER2hIQlk5Mi1kaDF2NXJiS2lhNDU1blBqS2tXbmVzU29wT2hMRnJQN0ZEajZxT09wcXdrTkZMQy1pRVM1Tlp0X3NPVjQxX1dYRXJvRWl5NXIzRGFhNmxzNFRKSmxPeFp1VnNZZTVVc2VTTWs4aUY?oc=5
2026-01-05 03:00,Financial Times,ft.com,Goldman Sachs investment becomes flashpoint in consulting firm legal row,https://news.google.com/rss/articles/CBMihAFBVV95cUxNODBDVHlFazZXQ2lVV3h1OE4zQ3doQVVnVU9qRGxDaXUxNVVHTVhzeGoxZ1ZNVk9GQktqQnMyVE4tZ1JzZGFDZEpqcDg3aWw4a2szaVl5ZXQ5RHYwSzFpaEpQNjBQV3RyelliUHJ3TTdTWFBYeGdOS1Y0YldYWTBYcURRVDk?oc=5
2026-01-05 03:00,Investor's Business Daily,investors.com,Goldman Leads Dow Jones As These Financial Firms Break To New Highs,https://news.google.com/rss/articles/CBMid0FVX3lxTFB1V2ZpMEgycU5qR2FXeVdJbzdWYUVVUlpHSXBDNERsMlo1WGFIN0tscUJOLW9KWGdVRUJaOV9nVGJKYjFCS0dDODJRdFRnbHZGaGNIcjk0eUhWZk5CY3FObWxQY2IxQmhGNEpLVEZsNV9EN3ZMWDA0?oc=5
2026-01-05 03:00,The Motley Fool,fool.com,Prediction: 2 Magnificent Companies That Can Kick Off 2026 With a Historic Stock-Split Announcement,https://news.google.com/rss/articles/CBMilgFBVV95cUxQRjZfaEhYV0Rocm4zTHpZYWZrSF9PQmpqZ1ZKckMxcVFaY1Z5MWk1VUJyaThVU0JTY1dpdzYyaEQ0a0tyYjFIemx2MncxT1RxMWdQMEdwVHJjN01uRGw0U2M5Ny1PV1BGc3VURVpkb1haNHNNSVNLc0htc0puSHhjMWh6M1JtaFh5VXljLXpNaEY1ZzdDekE?oc=5
2026-01-05 03:00,TheStreet,thestreet.com,Goldman Sachs stuns with Taiwan Semiconductor stock price target,https://news.google.com/rss/articles/CBMiqwFBVV95cUxORVVldlBNNnFoMmtkeHVoUDhHTnA0NE1DMEtya2FaN01JamwzRUw5OWp4V0I3MXpuUEtJdUlSVU5fWFdxM0hjOEFEbXcydFBJSU5RZmhFY3NzLUhtM2NsUEE5eE1hbktXYzJOaHhaZEp5ZHFPeXVlaXFieDJwUmJETzlOcVBzemY3ckhpR0ZsS1d3am9fUndQdzZIRHRGTFJBdndhbmduMmNFUnM?oc=5
2026-01-05 03:00,TheStreet,thestreet.com,Popular crypto stock surges after Goldman Sachs revamps price target,https://news.google.com/rss/articles/CBMilgFBVV95cUxNYndCVVpqVWl0TGNkVHVfckl5TWRSRVBJaTBaVm94c1Z0d0YwQ3laMHZBZDBid2hCU0pTN3lWU24tZ1AxM1F5dmliREkwNXRzX3AwMzdPeWJ3cGJsUzRlOEtNc2tqNmpORWpHSVJZck9DWWFKWDlmdmhqdnJWYzJneTF6R1pFdndCRk90eU9uUmZIYW9IWXc?oc=5
2026-01-06 03:00,Bloomberg,bloomberg.com,Goldman Forecasts Earnings‑Driven 2026 Gains for China Stocks,https://news.google.com/rss/articles/CBMisgFBVV95cUxPTmlMTEhVcUJWMy1rX1RVanBQT1VIeHN0VmMwUVNNWlFhWnJhYW9BX0htV3hReWRweHJHdlMwV1ZkLUs2Sy1ZNTVpT0RuSE1MUjhPRk5KM3VyRWk3VC1ZUkFua2k1SkNhQllpZl96UTFjWDg4bldfbUhCdkZHSVNOYUtobDhoblQ2MDhXcUpfWGtxQkNJYlV2encwUGlORGphbGxPWjZsY09ZN0NPMy1XS3h3?oc=5
2026-01-06 03:00,Bloomberg,bloomberg.com,Goldman Sachs Warns US Grids Face Power Crunch by 2030,https://news.google.com/rss/articles/CBMiqAFBVV95cUxQeXNEVEdOT3ZCazlGVHlaU2Y3U0tBTmh2eUtVUkYyZEViREJSNE9fVk1Wc3BtR08tSE15bkZHdm55bng2NXZuU3JDWkVQZnlKNHVIMkhEUENUaHY0V3I2ald0RjQ4QmpxMWlpT3lGaGJHUWVkdWRUcWNYNEZVTjY2OGNEeWd3R2RuZzVod2JWTGh6NVl6Zm1HcExaVmJVZzctWDNKeF96WnA?oc=5
2026-01-06 03:00,Bloomberg,bloomberg.com,Goldman’s Bell Sees Cheaper European Stocks Luring US Investors,https://news.google.com/rss/articles/CBMitAFBVV95cUxOT2RhNFUxam5FUWJPNzNNRVpxQUxNVDJHN092U2VDbHpSY3RicjA0eE1lYTF5ZnFjSDZKNXpEREZUM254cVNxcVd0YThWUWFDTE9WUnk4TW5QSktkczd1dDNFc3MxVHRURk5leW1fdUNFMWZqQzhtdmFBOGptVDRnel82X3NwY0o2OVVnZHhVUlBLaWFBc2RrX3k5YkdONk5XWWRGd0gyWXlMengtYjRheUxoeko?oc=5
2026-01-06 03:00,Business Insider,businessinsider.com,A cooling bull market and $540 billion in AI capex: Here are Goldman Sachs' 5 biggest 2026 market predictions,https://news.google.com/rss/articles/CBMisAFBVV95cUxQUGxSamJLb2JxYzdrSmpKMTg0YlBGVk9IMmdVczRhdV9MUmt0ZC16dEpQSm52XzBKdkdhdUd0eUJWQU9VSEhmb1dvV09pY1daUjlGU3l1b2RObkN0SU5ZZEowR3oxTnFoVGZpVnVIVmxhMUNZb3hReU9CMjRTWUQ1RGY3RkpVZF9MclpNY21DdERRU08tRE1pQ21BcWFFYTdscHFEYUhTWTdMRWN5d1V0WA?oc=5
2026-01-06 03:00,Investor's Business Daily,investors.com,"Morgan Stanley Files For Bitcoin ETF, Goldman Names Top 2026 Crypto Picks",https://news.google.com/rss/articles/CBMimAFBVV95cUxPY25kczJPdkR3T09iNmUxLURGR1hlZC0xdk52YXRIanlXMkpCanhCbTJCRmk0TE54c1ZaRlpUblJ3QzBTZmQ1MTFKY2RfUVRBN21vb0hEVURfaHBaajMwWXJkNk90Rk5hcVJNNXpnSU1BWXNZa3NMT3p4QXZqQTgyQ2stMFdYUUU5YTJvLWFXejlMalk4RWxMSw?oc=5
2026-01-06 03:00,Reuters,reuters.com,Goldman Sachs tops global M&A rankings with $1.48 trillion in deals,https://news.google.com/rss/articles/CBMiuAFBVV95cUxQZTB6Q24zUmJxRGgzTEs4UDVLQTVMV2VzWHhhZlRWMVBNaHZ6akpzV1R6UDFEcGRQUUlNRmxBYzIxc2pEY2I1eHJHRVktc2RLcWRpcVRLWnB3VlpDQmhUZ0VwV1Y5OTBUd1A5Mk96Z0RVZGhZR1dUT3I3RkgwLU9DQlBsNkM3TEV5Ymk4Q2FfaDNrV0E4S0lQWmpPeW5hSE5Zazk5cnhNNVNiYmNGenc5bFdZRTFrWThP?oc=5
2026-01-06 12:57,Barron's,barrons.com,Wealthfront IPO Was Lackluster. Goldman Sachs Is Still Skeptical.,https://news.google.com/rss/articles/CBMijAFBVV95cUxPNmVSeDkwblJvdVI0WjhLUlNiTmd2anNnSGtrT2oyWUlQeE51b1pkSXhOM3daejdsR2p4elRlMmFBeXBEeUoyWmxJRHlEWThsU2ZZQXI1bV9Hd0dOTkI5dmJwUG1XVHhqaGpmLXg3cWwtbUJOQks1YUZBRDh0My1DSDMtX1hSVzEtczRYbg?oc=5
2026-01-07 03:00,Bloomberg,bloomberg.com,Goldman Recommends Investors Ditch Debt of Apollo’s Wagamama,https://news.google.com/rss/articles/CBMisAFBVV95cUxPMF9FeWYtNVoyeTJfOUgxdFJ0b0N3d0FvYTZCRjg5dVhHZFRxaEZWTzRNdS1kMzRCaHZqUGhUa2JnYmJRYXY2S1NxU0dtYUp5X3Z6SzNhVklpZmowVy1ETDNCU1cycFNXdDVQaldranVraTVwSFpHQUR4LW9YVlV2dy1wM2Rpc3dUOWdUcXBzdzJoV1R3SWZWVzdmSWJ0R2hzUFVaUE9CMDBRUGVGUFhNXw?oc=5
2026-01-07 03:00,Business Insider,businessinsider.com,Goldman: Silver faces continued 'extreme price swings' as the metal may stay stuck in the wrong places,https://news.google.com/rss/articles/CBMiuAFBVV95cUxPNklSZ2h2MXMtR09DcDlzbVNEZHVfMnROSkszQVBNMldDWTJNRTEwb2NQdndQR1cyb19rNTZhMlcyd3VEd0FrQ2VNY2hsYWZ0UWdFYktQWmp4X0JZN3UxTnYtTTZWaFk2SFZUZmdmWk5OelBVSmkxNmJaZjQ5eEV5V0c0T1czNndJVTNGeDJkcFBzRzhXNEV0N3g1Mkg1MVhubWpGZ1FkVUxBaEl0QjgwZE5NTlZNemE2?oc=5
2026-01-07 03:00,CNBC,cnbc.com,JPMorgan Chase reaches deal to become Apple Card issuer as Goldman closes chapter on consumer foray,https://news.google.com/rss/articles/CBMicEFVX3lxTE5uekpFMTl3YnZWV0JOSmFJYjROM0k0WkFEQ0c5a3hWSnhWMkFTNmhySE14OC1ZRnl6cWxyMVdtYkpWRFZ5ODlXWVRSWGlaOUFMb1FZSEVYekhERkVWcjJIMi15dnBzNW5xNFoxVFhIWGvSAXZBVV95cUxOaU5pUEtqMWZhNVc2endrSElhblZiQXNpeDZGaFo5NjJsX0lIRUhXLU9VaHVqNWF5ZDdxand6b1lNUVlWVHhsRjR0S3lxTXN2MklkVW9IcGtfQ015ekRjVWlxZUlYTGNOV0JVYkpiS3Vhc1JiT2Jn?oc=5
2026-01-07 03:00,Fortune,fortune.com,"AI may generate only half the profit needed to justify the investment, Goldman analyst warns",https://news.google.com/rss/articles/CBMikwFBVV95cUxNek02ekU2eS1MOG9Oem9TYVNUWkhQRWNuQjAwZEpTUmpYX0FiWnpRODg5VGMyRWFwZHdObFpkVXhNdkh3TjlNNmFHb3NDWng2ei1hYnVJWVc2c1J3cUFxaVVmZFNma24tXzVuY3E1bmlrY0loVGRtR0hCd2VMZ0R2c2FpRXNTcjRQTlNxVGxvSWVselU?oc=5
2026-01-07 03:00,Investing.com,investing.com,Goldman Sachs warns of continued silver price volatility due to London inventory squeeze,https://news.google.com/rss/articles/CBMi4gFBVV95cUxNRm1ncDVuOUVVYlNlQUh6THIxZXp1a2dzQlBKNmFsclZ4Z3kzOUxYUnhkb0FkVVU3YTYyNzlVSzUwT2MxakJ5Zi1VeWdsS2tIdExveHJVV0w2SXB1dWE0S2tZb2k3OHBQWWc1OXNoZ3pxZjFRWFNlWGhrQlRlMFZlZFJtS0ltbVcteEZTNThhbjEwS0llamtxU29ELUdtRUlwQXFwSTZBUGlpeEc0eGxkVzZKaWhwUXVKSVVFSXZnWDdhb2dDVG42ZFo0eUpSamNXNFBLdkxTR0xmS1FfbkowZXpR?oc=5
2026-01-07 03:00,Reuters,reuters.com,Goldman Sachs expects South Africa's rand to extend gains as conditions improve,https://news.google.com/rss/articles/CBMiswFBVV95cUxNVFZDWnFXaXdmRWVOQXBFclgyLVA4ck5URmxBb2p0WU51VnhsdkFwUjVsTEZMcXRzNHRfVE8wMVJ2cDdVbzZlME95MThiVGtvUXhsbkdrSUNxdmk4Tm9aWXYxT3NzMDZDcEhNc3NLNlB3VnU4bW1hSVd6MHQxTWhfREp0dzA0QXg0LWIza0xMSFd4ak9sLXJoUl91OVJhZjlwSHZwV3NsYXFXRXY3NmNYOVpnbw?oc=5
2026-01-07 03:00,Reuters,reuters.com,"Hedge funds rode buoyant stock market to deliver double-digit gains in 2025, Goldman Sachs says",https://news.google.com/rss/articles/CBMiygFBVV95cUxQZnpkY0VtTTNZRURtWW53U2Fva2NOSVB1T1FGQjZCXzVIYXVQLURtOHRieXNZRnV5bE1haE9LQ1MxeWdIa0ZNWDJHYTZQWU5vRm40RDhGS0JLaGhWWll2OEZ5TDAtcFBUelJ6SjRlTjFhcV81YW51N3E3VmczU3BZeFd5Sm1RVkViMlhxaC1MSGdIbjVtVDNrYkt0eEhQOEVVSWNSRGhCWVBOTnNZeXVaOVcxUDl3Nmp2VkdDSVppMjVVdUNLYk84QW93?oc=5
2026-01-07 03:00,Reuters,reuters.com,JPMorgan to replace Goldman as Apple Card issuer,https://news.google.com/rss/articles/CBMitAFBVV95cUxPeTRVMmMzci1uaDdmNXZVUDdDODNNaVJUbmpVNDBUNE1QNktTREVsa1IwaDVoekRySXBmcE1QUWxOb2NMajhwSVpncmR5MzY2T1g3ZUY1NEphWXZJdldUVGtUcmdMSjlJM0VwaXBNSmZnVGhCRDA1UWtXRUdPeTJ1TF9SY3h3bVhtLUFySTNEeGtIbGZPdDlLOGZPQVBhOHJOWU1SNFJLaHVWVnlNNUtObjBBNlc?oc=5
2026-01-07 03:00,Reuters,reuters.com,US bank profits to surge on investment banking jump in fourth quarter,https://news.google.com/rss/articles/CBMiswFBVV95cUxOcW1qTkFhYklCU0lTSkFMUVo1V3h2X2VuaGhseGJMMmFhZDc4bERSM3Z4S1o3TWRQZzBMckRqM0RlRzRFV1l5YmRuWVotLWhhUlFZU2ExQkZ5U1B4d25hV2xQcFdVa3JINm80aEVOVWtmT0Y1Z1BFX0MyWERaYzlZOWxaOUxSb2xUYlR1UjlaTHpxcGpxeEdDOF80cUtEOGlFYkF4TmJ1bmRuVWJtbUZRMWc1TQ?oc=5
2026-01-07 03:00,TheStreet,thestreet.com,"Stock Market Today, Jan. 7: Big News from Goldman Sachs, Alaska Airlines, and Defense Stocks",https://news.google.com/rss/articles/CBMieEFVX3lxTE40aUNkeUVxV1lOV0hFRXU5Mm11TENYMU1FYTIyZHRvdTBHY1JUMHNtZEFNNGt2OWtVYWpQX0F3TjFYbkNVZFBfUDFfMXg0U1lGSWRIbU0yM2hYU09hN1JQallrOXIyWnB2MExQZ3FRYnhLcnRGbGRzcg?oc=5
2026-01-07 03:00,Yahoo Finance,sg.finance.yahoo.com,Goldman Sachs sends strong message on S&P 500 earnings outlook,https://news.google.com/rss/articles/CBMiiwFBVV95cUxQM1BMbUtiT1VldW5jdzZJM0Y0QUxtQlNMaGNGYWs2RzYwdTFMeUprWUEwSVVrWU15dkNHdVpveVhwRDk3NFRnVUFkSExsV3hsWVQwVXhKdURyXzVhUUg3dE1xZ20xU3BheDl3aF9VX1lJdDBWM0xyZmdNRmlLbXF1Z213czM3UEdDYjJV?oc=5
2026-01-08 03:00,Bloomberg,bloomberg.com,"Investors Turn Most Bearish on Oil in Almost 10 Years, Goldman Finds",https://news.google.com/rss/articles/CBMiugFBVV95cUxNX1l0SVB3U1hUNDQ1TXNQVHBJejMwSmJyWXdpdl9nZWpYeEllTE41bmgyTVpJbDNMWG9jM19ZejJGa0h6a3pLM0FwaU53OHoxR1BoYnRkZnViZkticjlBNXpjSlV6cG50Z2lUbVFZcGgwWll1Wlc3WEx0bHoxdklPZ21fLU9kUEY5SkRQU1NhaFVDTXNxZmtvOU1RRFY3SnFZOG91UXZTSS1EcUw4cTQxN2Qwd2NDT0NrQ0E?oc=5
2026-01-08 03:00,Bloomberg,bloomberg.com,JPMorgan Relieves Goldman of Apple Card Ahead of Earnings Week,https://news.google.com/rss/articles/CBMixwFBVV95cUxNMkJ4dUJyRHRtZldBckJXenFQaUNEaExfMXZueVZfalIzVENWNWdBZmFrZzhkclppQ2gxc1RucHp2LWlZc2FvaE9xYkRpaWk3N0h5cXJ5YzFDZnZmN2FZWG5GNE14SVNjeFRHWE1WR3NxejZRa0gtT3FMVFR0NGxzaVdTcTI5Yk9xSkdQV3d4SDNJUUtqaDFsMml0MzFoNlJGbmZmWFMyN2p1cVdqSHJ1R1NPZlVzUXNfZml6bHlBVDFCX1diX1dN?oc=5
2026-01-08 03:00,CNBC,cnbc.com,Goldman Sachs: 'AI is one of our highest-conviction ideas' for the year ahead,https://news.google.com/rss/articles/CBMiqwFBVV95cUxOY2ZxN0dub1ZZQ2hkb2J3enhYTXYtcFpTZ2FXSktVUVlBMW1jZ2s0QjNIOWFvOFhlTDZQdFZUZkliYXFYdGdHMk45UmNVZWg2eTF3QV9wMUNLSVJXMDBlTDVyQTdtS1VBXzE5VWkyaFdSejloaXlHVUh0d2pCQk4ya3c5S0NUVnV3TVI5c3pVUkxZSWxJdEIwTHYzX3BqWGZiZzctMkpUZE82TG8?oc=5
2026-01-08 03:00,Yahoo Finance,finance.yahoo.com,"Goldman Sachs Hikes Rivian (RIVN) to $18 as Focus Shifts to R2 Platform, Autonomous Driving Progress",https://news.google.com/rss/articles/CBMigwFBVV95cUxPWDVKQ3BscDRTMEpzem94T1VwekJHMFc2MTU5eVh2TTZxWU1mYkNwWHN1QU80NnBTRURaTm5hU1d2dFVIN3B0TFg2YWk1eHBiVzFGYW5zXzVGUlA0WmxOcmxMOU5wMWxhQ3RQNEpXTWE2TnZ1dS1hRHgwYWdMeVZRdzdwRQ?oc=5
2026-01-08 03:00,Yahoo Finance,finance.yahoo.com,The Apple Card headache for Goldman Sachs is almost over,https://news.google.com/rss/articles/CBMipAFBVV95cUxQclhEbXJzWmJIb2ZTZDZ0bkc3SjVXVXEwX1FTakdMbEVwaHhpdTlXdldTS2ZWTWpKNFE1STZYSnRXQUI4SXJmdGZ6VHZ4MkpQWEhIenpfR1Z0R1lJZlR0SFJVX2xVQzduak82WW1uR1JuY0o0bGVZdWtlc3pGRmt3UHBRX1hNelc0eFNYWFc3V3JiY3JhczJpRXhfdVNPR1FlYURxWg?oc=5
2026-01-09 03:00,CNBC,cnbc.com,India's consumer plays ahead of earnings season: Goldman Sachs evaluates tariff & weak rupee risks,https://news.google.com/rss/articles/CBMi6AFBVV95cUxOVU9nclpSaXN5bDBYNm8wTW42Y0tzVDMxMWQ1SHNyMF9FdldIVGJ6N0stY0V3eWpUd1p3ZEYwbFhzZTU2aG9tUk5wOXBnanhYT05ONzhxSi1tWXF3VWs3aEZMMEFmS0doWjNRekxIMmd1WFRRWUxlcEVTbGw0dUVhQ1h1X3VWMnFLa2IxQVdPYm9PY2FLeENnZnEwRW9wSTAwc3hWbFhEWXdTT0VnWWowTEROYmxHQnpvZGgxYUY1ZDAxaUpPMWtqdDh0dkExSnBBb0JRWlY3bG5adUdzbHJxRnF0WTQ0anp5?oc=5
2026-01-09 03:00,Investing.com,investing.com,"First Student selects Goldman Sachs, Morgan Stanley, RBC for IPO - Bloomberg",https://news.google.com/rss/articles/CBMi0AFBVV95cUxPaGVJWWQ1Mno4RVlJUVpfTEZrLTJNSE51SzNsNUZJQzFNWlF4U0QtWkRYaTliWWhXcVU3ZEFrTGxibG9BRnVoeHlnd19UQVBMTXVwaFE3QThRT1JDLXpVNlUzREppT1hJVE0yX1V2bTVGNmtsQ2hxX0hwWEFhckJhLV9jWlBZZFVETENuanV1RVBfV3Zzdmc3SWJJOWoyeG1Zei1ldnJJTnVDMWQxNl9HT19jQm5QSEJ0bUdrRXloV2pDdXZhdmxkYnNidDQ0MVNP?oc=5
2026-01-09 03:00,Investing.com,investing.com,Goldman Sachs raises Reliance Industries stock price target on refining strength,https://news.google.com/rss/articles/CBMi1wFBVV95cUxOV1BIYVhXX2pNVDVYNmpXcEZBTUlKWDQ2Tks3b19vRW52T3VVMjlqaFI3WWNxVkQ4TFVJME9NNV9fUW5jOW4wNkV2YTdSTDR2X25DbXVudGRKclhhMmFwcldhZGVJZVN6OXlsRzJoZ2dYdF81cmtIdFNiRWxuQzNfUnFpU3gxWkJCQXBKeUJ3UnhaTHp0SFNkaTVSbVhQb1dpYkxKUDRwWGNOa2NDT3YzaFFGYXVLdHpKX2FuTGhpeVRPelQxazRZUnVpb19YaUFPRnlialNIMA?oc=5
2026-01-09 03:00,Yahoo Finance,uk.finance.yahoo.com,"Stocks to watch this week: JPMorgan, Goldman Sachs, TSMC, Persimmon and Vistry",https://news.google.com/rss/articles/CBMirgFBVV95cUxQd0lQLVRHbk5iN2U5NDdWOW04RVdIMkkza19ndWtnTEFnbUFiSTZVc00yZnllamN1QjJwWVJrUkt6WmVMM04wSFl2aVlYZTBCeGVaN3dGblVsR1BNaEV0Wk9mZHdvOUxQSC1VRmtFalBRVlUzMlRPMXlWOHhpQ2JqZ1l1d0JOTzl6VUY2RWpsRFJyYzJFbmhyRGRCWTh5eS10dzRRbU5rTVAwNXdkT3c?oc=5
2026-01-10 03:00,CNBC,cnbc.com,Goldman Sachs says these stocks are too attractive to ignore in 2026,https://news.google.com/rss/articles/CBMiqAFBVV95cUxOYlhYYUJaN213Q184b2pXb2FsOGZERElVVXZrUlZIZHNoSlMxa0pEMHpidjBvOThjQVc3WHB6TnE0QlZFQTJMM0ZtcXBLX2s4MF9Ka1BWSmJISHZMV2lWRU04a0ZhRF9HZERuUGNJa1Fxd0pndGlIX3dvMnNKb0tIaXJibUctT1IwcEFpZ245ODFDMTNmdUJCV2wtcnhCVlRVNTQzdW5FZ0s?oc=5
2026-01-10 03:00,Yahoo Finance,finance.yahoo.com,Goldman Sachs Retains a Neutral Rating on Planet Labs PBC (PL),https://news.google.com/rss/articles/CBMiigFBVV95cUxNWUtrNi1EWnVhUndENFFNSThxczZJZW5jdWlsTFNrc2hMdS1pbmxaWDByRzZreGthTjRHOVAxbHhsd1NvUmFWSGppekt6SHRidGR1T1dUaEotSGRBcjVlREtYQUd6bzlldUdrS3V5WkRDZFkxQ25KTG54Qjd6S3dVeWRqODR2V3FuWnc?oc=5
2026-01-11 03:00,Business Insider,businessinsider.com,2 siblings shaping Goldman Sachs share how they rose to the top,https://news.google.com/rss/articles/CBMingFBVV95cUxNUUxzd0NTQlFvYXJGZE9kTkl0MktyWHNJYjM3N3NOM1Z5UjlpLTBzdnU3eHF6OGhEZ0VBOXlSbkRvcHRGZzdCODN5VXFrcXJxQmpxQk1xajJlZkxfZUFBWnBJNldrYlFjeUFLVzBpUFplRVl3M18zNjlPRmpadDZVVnFlYWV4eDZlcWo3alJqd0NpeENuNEVNNmQ5WmFwZw?oc=5
2026-01-11 03:00,Yahoo Finance,finance.yahoo.com,Goldman’s Exit From Apple Card to Refocus on Institutional Banking Might Change The Case For Investing In Goldman Sachs Group (GS),https://news.google.com/rss/articles/CBMigwFBVV95cUxOTmlPaXp5VE1GQWpMbHV3S19Ka2dfLTlDRDkzMG55UHFOX2JmM3RmWVZ4N09zY1l3U3V0R3JkR3RlV1BlZS01VkVvUy1tQXJKZDBSdkJ3VUY0V0s2Tm15QzVKd1Q0dGlSWGlJQm1SSzZINElyTUxwTXFJcV9YRVhXWlBXZw?oc=5
2026-01-12 03:00,Barron's,barrons.com,"Microsoft Stock Can Grow 37%, Goldman Sachs Says. It Has Many Paths to AI Profit.",https://news.google.com/rss/articles/CBMigwFBVV95cUxNNkw3aU1uLURmOFFSRTJsbHJVWFVjNVVRa0t0MHJBcVRqR0Q2ZEN4aGVNRlZraThCdnBGNG44dVRTNUxkdFlyRktLUU5ybE1GRFdCQ3pjS2FrbGV4M1c1S3pOeHRNemdBVFJDSzVKNlhyWTJRbEpZV1RtWmQ2NHZud1JWbw?oc=5
2026-01-12 03:00,Business Insider,businessinsider.com,Here are 4 things to watch as big US banks report earnings,https://news.google.com/rss/articles/CBMinAFBVV95cUxNZ2NaU3l1VEEyWTRmMVEzZXVzcV9reVUtTUM1UU1ZOHRQdTZtOW5KZlJVaVVXZjNtcFFNbzVxSHZ0dWNua0lWUHBGaFQ4djFiRkEyRzdYR3RkRmQ1ZTF2QzU5RnZCNHRiRzlLU0FDRG1SbFRIYmZYbVVZWllaMUllUnk2NnBZTWR4WVlkMTAtNXZKOHU3dEtzNkhSNmU?oc=5
2026-01-12 03:00,Investing.com,investing.com,Goldman Sachs downgrades Adobe stock rating to Sell with $290 price target,https://news.google.com/rss/articles/CBMizgFBVV95cUxNRkNNQzRKUUpVczBObEw5YzgxcmlfVGtGNk54ZnNBUmhlWmJHS21FeXlLUG1Jc1NCbUhscG93bWt3anJUWFA5NExVRjVTMEo2QkhuM1l2Q2I0T2JEM3JiMUxOMTB6aEhPcmtibEZuYklndXlpa2x6U25XRTlnMFBTWDR3Zmo3NzVQdENWeGZfRDJPWW84VnIwT2dYSWVHNm16eVZ0X21Yazc0SDFTRDNDVlZlNjJ2cEE1Zy1hc09qVFp3Z0xPSWxyN2FYc2h2Zw?oc=5
2026-01-12 03:00,Seeking Alpha,seekingalpha.com,Goldman Sachs Heads Into Q4 2025 Earning Results With Stronger Than Ever Fundamentals (GS),https://news.google.com/rss/articles/CBMixgFBVV95cUxPRHpGdUVhRkNpMkhEVEc0ZVVPa19EcFVPSEFMa0tuVXY0U1pJNWlVWXdFZEN2TktPaHZzSmJlZlc5VE5jVFpsOC1iLVFDdGdNLXNPREtDZklra0NSa1hpTEFaeDFzXy1CTWN1alVLUnJCOGl6eXVfTXhmeWQ0N1U2bVJVdlQ1Yk12M2traVRZUERBemVrejlxZGtyNWZObzU1azdVOGZWakJOQ05JS3AxZkltUlRYeXdPcl9sQ1pWZjBFV1ZyTWc?oc=5
2026-01-12 03:00,Yahoo Finance,ca.finance.yahoo.com,"3 U.S. software stocks to buy, 2 to avoid: Goldman Sachs",https://news.google.com/rss/articles/CBMifEFVX3lxTE11eFlvT251XzJFUV9nVlB2ZXF6M25jd2lMbHNsMi1RSlpaY292dmdELWZIU09uNnV0YXFmSE4yMjYzdHRxWldWUElWNkxZMVg1OXI1Z1RQQUFETEFNM2RvM1FxY2lzMi1rTzctUk52Zy1GQXRKaWVKNUFZZ0o?oc=5
2026-01-13 03:00,Barron's,barrons.com,"Super Micro Computer Is an AI Winner. Sell the Stock Anyway, Goldman Sachs Says.",https://news.google.com/rss/articles/CBMihwFBVV95cUxPR3lWLU5sMjFkTHc2REcweC1vZ011ODJMSW93TmZTSWlWckVKMmRrXy12TFNpaHVfNkdGWUJ2Z1I5SWZ2YnhfU2dpTlNMbTZfaHJfU0xBLTAyMW8tRUJtM1d1VUI4UWhKNTZYSlVfbk9qdVpnX0JCUTg0R0FYSkJkYjJGTDhtWU0?oc=5
2026-01-13 03:00,CNBC,cnbc.com,Goldman Sachs’ John Marshall breaks down top tactical trades for earnings season,https://news.google.com/rss/articles/CBMiwAFBVV95cUxQX3h0RkZ5OXFLdW5aTzJBNTcySml4a1B2SmJaWHNEdzlBTDJIOWhZODlWdE9UZEFsM2dXYmNRUlh1ckt0UHVUR0NEd2EyZFA5UWYyVnRROHp0bDJKdnpvQ1p3M3g4eTBBbDlfeHJWVXdWM1dSYlFXLUIwcXNyc1NVVE9CeHlKQ05tVlVPQVIwbmZQdU1Ra0ZVRWxHdmw0M2R3VE1kekduS0xsZm1KLVZZaldvaEV3U1l4RzFpckxFclE?oc=5
2026-01-13 03:00,Investor's Business Daily,investors.com,Celestica Stock: This Trade Anticipates A Bullish Move And Aims For A Quick 43% Return,https://news.google.com/rss/articles/CBMixgFBVV95cUxPUXl0MkVNM2o4emNGUWhrX0tGaTJUNFc0Q1RPWkV3VXFKREh5VnhDeVNYMFFmT2VoRlRLVUdNZmNZbDN1M0haX284QjdsZS1QblZqUU1zY2tPUVNOSFZVakozVFpUMldoNlJpOFNMZGdxbEVLR0FwWWcwaW5GNnZYbWFPak93Y0dGYnRpUkt1aGNSa0ItejIwQmdmdno5Q1pfZGc4Y0EySFRwTTh3TnhYRUp5N0tzTERSQkx0TnRGTDVIUXBrZmc?oc=5
2026-01-13 03:00,MarketWatch,marketwatch.com,"Investors flocking to gold for safety may be making a big mistake, Goldman says",https://news.google.com/rss/articles/CBMivgFBVV95cUxNYjAwUVRhRURaMnlBelRibzlWcVlmYlFzd0FDbTNDaklZSEtsTnd2MFo4TGh6WEtha1ZMYUNZRWw0amxZNUg4QThyLW85bXNDdW0tQXBMcWQxQU41cTRKR21nUDNVWFdvc1liOUlvVUxyTUxpVWY4XzRvLTVwYnpsSXhtZE5UQlJELUZMQ1g3d3VGWkNEX1psTVFaQnFraDQzNS1GZEdzYXhrV2ZYamJneElaMGlENm0tUFJ1aUlB?oc=5
2026-01-13 03:00,The Motley Fool,fool.com,Prediction: This Will Be Applied Digital's Stock Price by the End of 2026,https://news.google.com/rss/articles/CBMikgFBVV95cUxQS2pVM3RwZXYzS1ZWTVlPSDNzRVpYRS0zdXVxUGZ1YzludUtpbUkzRjN0Q2R4TkNWX2RTV2xmV2xOdTUwNlRFMHU1LWdVWFNSMm1KUUM3X09PWDRmRndoZi1VOHI2Rk1paGRFeUZJNWdDU1JHNXo0X252NEVFcU5FMFNQRG42dXlmQ0JST3c3Wm1adw?oc=5
2026-01-13 03:00,TheStreet,thestreet.com,Goldman Sachs drops a curveball on interest-rate cuts,https://news.google.com/rss/articles/CBMikAFBVV95cUxNd0NHeUNOSDNxTHdfUFN6Uk9SeXpteGRRNXJDVnRjZm14bDhsVFhwRXVQdjMzNTRqZmhIRVlQQkNMczFKUnNFU1hSN182by1zdlBkcUJiNUZXQlE5UEVLUWVLeU9pR1hObmdmZ2ppeGZXRjNPdWpla1MxNmhoUGt0dGZ3QzZiZFNFLTJLLS1TVjA?oc=5
2026-01-13 03:00,Yahoo Finance,ca.finance.yahoo.com,"Goldman Sachs assumes SMCI at Sell, warns margins face ‘further downside’",https://news.google.com/rss/articles/CBMihwFBVV95cUxNa2RVMVRPQVpxVUJwdV8tbzQyb19hcUpncmdFWmxpVTVmSXhXeko0dHlvRWRSZndkYmtrTFFlS0FzOXdXMFhJTU92aXZDQ2hKa18tOVhOTmhSX2pDMFFGV01KbHI3WlQxMHl0X2ZCNnJ3dUhoMWI5LUVxWWJaVExHbkRhY05VYnM?oc=5
2026-01-13 03:00,Yahoo Finance,finance.yahoo.com,"As Goldman Sachs Issues a Warning on Super Micro Computer Stock, Should You Risk Buying the Dip?",https://news.google.com/rss/articles/CBMihwFBVV95cUxPVG1VckJEZ1REdjBpMGZyaWJqRDhPUFpzeVBDU1c3cC1Cblg3MFVwV2xCYldOVnZqNV83VC1kUjFOT193VU1BU3o1blBCYjRrQUhSOE9GMEl0cFUyb0tmNFRiNzQ4OXB2d3J5TkRQV3FDbll3dkJENnFFWkhnbl9kNy1ydUl2elU?oc=5
2026-01-14 03:00,Benzinga,benzinga.com,Goldman Sachs Q4 Preview: Largest Dow Jones Industrial Average Holding Goes For 10th Straight Double Beat,https://news.google.com/rss/articles/CBMi-wFBVV95cUxPdW9KRnBUMmVBcGdab0hDSXQtZ050OWswdjJKLWxVaTh6VFlaMndwMXpFaEhkcFpGNktiSFluU1NpT2VOMGg3RUx4RlNFaWd4NVBodlRhVjRFNy1Ob3czRWk4VENaem9jdjBIbGR1R3BpSTJMUDgwRmZUUkNrdF9fcDNpZjc4dDdUWWFTb3plaWpjeVdhb2NScE52cGFWUVlsSjNacmtlR1ZhX1dnWlJSSXhLQ1VOZk1PNHNJQVg0NUJlLXd5RmxqSjRIZXFIV3AtRFR1c3RUSHlLcjdGd3NueWMwRGI1YUhZZFR3NFlyTXlFODFud0tOWGFvdw?oc=5
2026-01-14 03:00,Business Insider,businessinsider.com,Goldman Sachs breaks down what the doomsayers get wrong about the US economy in 8 charts,https://news.google.com/rss/articles/CBMikgFBVV95cUxOUFp6Z0JncWpIdFhqWjN1elFTZ0QtRk1GOUZTSXMzM0pYX0VlN1E5MTJaQko0Uy1NdVRQTFI2SHJWdUItU2tvSlgxUWtXb0FNdm1RU0NGQldIQnp1WExReF9xVU85TDZKZzBWcjZsOXhXNEpQd2VRUWN0c3QtNkUycnFNa010S3duWGtpZnE1RUtRZw?oc=5
2026-01-14 03:00,Business Insider,businessinsider.com,Point72 Ventures sells off stakes of fintech startups to Goldman Sachs and others,https://news.google.com/rss/articles/CBMilgFBVV95cUxQMWZUcXhSWF9FMGJnZ0xfNjM0QXlZRl83alpfd1gxVGxmYThpSXRoNnRfLWJaTS1MeGpaN09pQUZhMkJUU1FVM3V0dUNtUmhWMjloN1pYMnJtZnhLUjRnMmVIRzVwQ2UwejV2ZU1yTVF0MFdiYmpHaVVUZ09TS3ZyRWpERkRJV19FQy1JZ1htYzE0dzVGd1E?oc=5
2026-01-14 03:00,CNBC,cnbc.com,"These stocks could benefit most from AI productivity, Goldman Sachs says",https://news.google.com/rss/articles/CBMirAFBVV95cUxPaS1YLTd3bUFQM29GN1ZmdkdhUGZzb0tmeHhOelZ6Q0Q1UFc4QWtjZ0pGNVNZQ2UtSTdQd1poblBMc1l3ZVpWVGRxSGV4aE1NWFFxeS1RdEFERVlzSDFVQkltc2hFVW9ibXFhQW94T1oxU3NERktfS3Y1NUZGeWJVVTFIbjNmaFFwaHF3NUkwMVQ3TC1NdjJ6VzFhXy1Ic29nV2FWajlId2Vma2w3?oc=5
2026-01-14 03:00,WSJ,wsj.com,Behind the Unraveling of Apple’s Credit-Card Partnership With Goldman Sachs,https://news.google.com/rss/articles/CBMilAFBVV95cUxPVVdhbzNpLXg3dWdmVjRNUTZqYkNVQ01kR1BUby1zQkJpU3ZMTEVjX09MTVZJYkF3eDkyUWxYR2lUcVpMblRqQWxxZlVaQ1FqUVZoa01qQjVLMzIxanlGMC0zdGQzTmF6ZmtKc29zT1ZaSXQwT1p0YndpbUpsRkdoZDdxay1nQzFfajl2UTFTN2pTWHNE?oc=5
2026-01-14 03:00,Yahoo Finance,finance.yahoo.com,"Goldman Sachs Assumes Coverage of Adobe (ADBE) With Sell Rating, $290 PT",https://news.google.com/rss/articles/CBMiigFBVV95cUxQbGsyQkpPNk1uNHFyTXUzRHB2OEFFRmVxMi1kdVNHemtINkZwSUZURElwQzUxbGMtVV81ai1OTy1mVE5WV25mSGpwNVJGbXlOYm9Rdmt6dGhhOS1Pb3I0dGJqa0VrWFB1dFlnbWh5SnNyenJldWhnaUZIVVZmUktjTzh1SzVtZmhOOVE?oc=5
2026-01-14 03:00,Yahoo Finance,finance.yahoo.com,Goldman Sachs Assumes Coverage of Intuit (INTU) Stock,https://news.google.com/rss/articles/CBMiiwFBVV95cUxPWW9yYS1yOExkbm9WU2pmd2N6TEppMW5CenkzcUdhV1VvYkdPcm5Cdm5aMnJNdm5LTDFNVmJTVW5qa1hLc0VBcGtUN3gtbDNHYzJ3LVhXRDFxdGVnOGZ0SDhFU2JYUTdYakVSSm5yUFp4cVF1RlRYWjBpNW1VeW5jNUtOLURWOGhpNkdN?oc=5
2026-01-14 03:00,Yahoo Finance,finance.yahoo.com,Goldman Sachs Assumes Coverage of Salesforce (CRM) Stock,https://news.google.com/rss/articles/CBMikAFBVV95cUxNU1RSTVFnWUdKM1BTNGhVOF9aQlBORHhRZVVNQ1JTVGFud2VlcUJvX2FtNXJZR0wtWDI2Y2xaTlRMYWI4WHhNY1V2cEhDZXlqTU42b2ZGeTlvaUJKNkR2MFlpQlVHNTdqS1dlRnRIRjdTSUd5VWRlZWxkQ1V6Y3E5YjV4NTB4Rkg1Sm82VWduc1o?oc=5
2026-01-15 03:00,Axios,axios.com,Wall Street investment banks are on a tear,https://news.google.com/rss/articles/CBMickFVX3lxTE9qcmhtMEFydlQ4SUozcjJ1RUh5bTNiZGVic2o4ZHBWVC1VcDFGcmFxbVU5QmNJM25QUnpXZlRCTlNNX2I4aHMxdEthMjUxVmMwbUM5ejBvM1VtQUhDbFowM25Bb1FHSmdTeVUwLWxTTGpCUQ?oc=5
2026-01-15 03:00,Bloomberg,bloomberg.com,Goldman Equity Traders Smash Through Wall Street Revenue Record,https://news.google.com/rss/articles/CBMitAFBVV95cUxNalg0c3dKSlRJSDhDU0RUMWVlVkZ3ZlNPTmNhSkY4ZUdaRXlhOXB4V0l0VzdfYnJqOFFYRGZXcnR2cUJVOWRuZ3E0a2hXTW50RzVvVnhRazA4cHlZSlhzbzJpXzh5MEdkV2tnYU9uYTItbHJMN2dDMHRSem9kMi0tRm5tM0F0cVVoOVFsMHZRRmpwYmNYODU0TXBDMnliekJYVnlwWDJFWWY2emwxUHZ3Zk9CTTE?oc=5
2026-01-15 03:00,Bloomberg,bloomberg.com,"Goldman Explores Prediction Market Opportunities, Solomon Says",https://news.google.com/rss/articles/CBMisgFBVV95cUxNSEp1cnpNWmUxUGhMOHVQME84S3I2ZFI1QS1jbFlfV1Y3eHBRczlMZnBpdU1IelB4MG1xdGM1dEtNNHQtWldyWHBJSXdZN0xPM3pCTEhsTEhxU1BZTlNRWUJpZ3liOVlsUGZEMFRVTmtmTFJwbFY1YUtFOENoTkZUYmx1dFRZVGZ5MlcwTU5vY1Y1TXhxeXAzS2k1VTh6Q09OZ1B5Yk5DVVIyQXc5S0ZWZ1pn?oc=5
2026-01-15 03:00,Bloomberg,bloomberg.com,Goldman Sachs Tops Wall Street for Fourth Quarter ECM Revenue,https://news.google.com/rss/articles/CBMisgFBVV95cUxNaXk2bmtRWVI1STgzTXpvTXNGeTJ4TFFlNVRURXdVa2V2OUVjSkxxd2xKWnQ3NDFtejF5QTBBNnFQbE5EQkFQMkcyall3R3BzSlVEYmJCd2tNaWVlNUpSYkVyZHc4b1dFWHBWMFRucldlOTRvNUkySGwxb05tNVVnY0hUMklxUGV4ZkNRR21yRmNLN1FrY0Z6OEdIcTJNSzB6WF9HWU1SYVdJYVhmTVYxLVVB?oc=5
2026-01-15 03:00,Bloomberg,bloomberg.com,Goldman and Morgan Stanley Stock Traders Must Be Peaking,https://news.google.com/rss/articles/CBMirwFBVV95cUxQMEo4OXR3OFE2TDJTRHN2RU5JRC1JaXR2b1duYlk4c2JFREhDNDJBM3pKYUV5S0R4Q19YelFyRWx4cFFUeUpBRUJXaW9DUFBuR3kzZTNRYVVZbjZHbXo3dVFfXzJEYVpmQktHVmlBT3lmdS1ZQzFJNnNSa3hqRnZPRTVVaTVRWDlONjZSTThhQVBrQlhHN2NpbFl1aGsxVGE3SzFpQ3ByVWU3SGFnRHE0?oc=5
2026-01-15 03:00,Bloomberg,bloomberg.com,"Watch Goldman Sachs, Morgan Stanley Bring Big US Bank Earnings to a Close",https://news.google.com/rss/articles/CBMiqAFBVV95cUxNUzhycnJpNmtFM0E3VnlmTXpKRFBtS1FqeGpHUGxOZjJTQ3MtQl94WnFJNGZ6di11QS1UdHI1bXdkb1p4R1N0ckZodVFXc3hJOFE4cy1BMHNRVHZUdFFtcHl6WDA4Ql95Y3FKS3B0NGFWRUMxSXA2d3JrdTJBRURHNGNvWGV1ZVBvcHYzSlpuMDJDTUlGVnZ6WjBYak8tOUhqTmZnVHU3aE4?oc=5
2026-01-15 03:00,Bloomberg,bloomberg.com,Wells Fargo Kicks Off US Dollar Bond Sale After Earnings,https://news.google.com/rss/articles/CBMiqwFBVV95cUxOODRBb2llaDBrb2U4RGR5ZXRKOUtBLXpOLU9NSmhZNDY3bDQtY05PMXZFaUdTcVJPU3BZenlnMExya09McjdYME9XekJVRUp5cTctTno3dXlCelg5WExZRDA3dnJfX0JKVXYyTjRtNTV6bHQ3WnJOVTN0QlIzSzhzU1dxV1JWR0pMbE1LTmhpS3RJa2NmSE56bFNMMFhKVzJqalVia1RDSVlHM0U?oc=5
2026-01-15 03:00,Business Insider,businessinsider.com,Where Goldman Sachs Sees the Best Investments Over Next 5 Years,https://news.google.com/rss/articles/CBMingFBVV95cUxQVXVCRFY4STB0VjdCRm1VaUZSemhBZktVdjh3N0JoWlpmVVRIVVR1Yk1jWVJiWGdBRVhadjF0X2pYa2Vuc1JxbzVmQkxaZkJEZlRJUzBFSkl4Y2JYRFNnNG9ER0hQVDRSSllIQ3g0VWRvNWk2a0JCYVdtUG9DQUJYTVlSYThmOHNaS0E2Njd5M1o4UkQ3TWY1VC1Ya0ctUQ?oc=5
2026-01-15 03:00,CNBC,cnbc.com,Goldman Sachs CEO is looking at how the Wall Street bank can get involved in prediction markets,https://news.google.com/rss/articles/CBMiqAFBVV95cUxOcW41MGpnYUxFa2xUT1A5dUtlXzg0V3c4NVMxc2lWNzVmU1lMVUYzNURMOExJYTZ6dkZTMS1sYW9sWXVIUWlPbUdCazctSm5uanhtWkQxSDBvQ21KR1p4Ykdjb3dKYlhMYm5rSWVSUXNNZWt3WnRTRnp4aGRramFDNEk1YkhhSzktMUJBNWZ6RV9aaUw2aWM4ajZPblFudlZUelNKaDEzMXHSAa4BQVVfeXFMTkh4dU56c21FaEF6NlFveWFpcHJNNXJMbl9aa0hqamg0SXF4UFVzYXIzU3ZhT1VCQTV1VVF6M21MU0dGUmNlMHBnbDM3TlR6S0g1aFNZZzd0TEczcGxXUDl5TXFyZDgyQTdHOTZMTk5EMVpKbWNqa0NBU1htdmIzdjl6TEV5MUcxWkYyVjFkZWxWaEhDNUpNVXFmd3dSZ052TF8zN2RCeDJrTmIwMUV3?oc=5
2026-01-15 03:00,CNBC,cnbc.com,"Goldman Sachs tops profit estimates as equities, asset and wealth management outperform",https://news.google.com/rss/articles/CBMiekFVX3lxTE14N2RKLTVQS0psV3Ffd2ozWnJOcTVuSkZrX1FJY29ZNTB5NUxhaDFmcXp2Snh2Uk15VVBrZnlFNUpSeHZTaHRuWVZ0cHR3eTZZbkhUcTREOGNVdjk1SjFFUHZSclJoRTZvQ2VzdGJseUxRbVV4QUNlNDFB0gF_QVVfeXFMUGJCeVhKUTNSQk1PTy1SUmlsUnQ0cnh5OUxpVDNra1paWUFkbW13MkIzVGlOWWo5bE4wNDNZMmxDSkYtWV96cjdHdTFldVZqYUNZeDRUeVluSFNyY2NEWWl1cmRDcGY4RUNpS0NicVRYcHhwT0dGMjh5OWpNdzFlOA?oc=5
2026-01-15 03:00,CNBC,cnbc.com,Why Jim Cramer is bullish on Goldman Sachs and Morgan Stanley,https://news.google.com/rss/articles/CBMijgFBVV95cUxNMjNWeENUT0JWV21YOENGOWNhUWJZdnpYZEdpazRUdXNCUkp6bDE5OVAzbmhlb0Voa1BZMTBTbWljeG5xWTFaek9VYk90cFlVV0xCbG1IVHdjT0V6SDdjd1hYa1dVNXFVcVNmU1N2TGQ3Q0IybjVZcGpBMFQ4cnhQOThic1NRQk5qem92Z1Rn0gGTAUFVX3lxTE15R0tHWXd2WE5EQzlMVEZkbVkxRlpURjJqQ3NkeHRvNkVBMVRHeFBMMkYxc2hqUV9oNVBxeW9UMkxSNFc0OEs5LXdvWnpVZFBrNHhnbldsWE1tQXdTa05LU1FmRnFES28teDJUQnFTOHEzTzhNeTBoMm84aXY4UVBTVWdGWUJvUHBRNjhhVERqMGNQdw?oc=5
2026-01-15 03:00,Financial Times,ft.com,Goldman and Morgan Stanley investment bankers ride dealmaking wave,https://news.google.com/rss/articles/CBMihAFBVV95cUxORHNhTzJ0SFgzVGRucDlaalliX0F5bHRXU1JZVVpZZU93X2w3ZWZkU1RZMWdnQS13MW1iSURybzdYdVhNQ1NZZmQ5UWFRTjVaMUo2RndCNmhYZlM1UEFCcmRCVG9FeTNfWVozUVJpbExUWEtCcWktS091U0ZlY0p3RUFjdXk?oc=5
2026-01-15 03:00,Investing.com,investing.com,Goldman Sachs Q4 2025 slides: Strong EPS growth despite revenue miss,https://news.google.com/rss/articles/CBMiwgFBVV95cUxQSjlBdm5ISm5ETUJGMzBUV1VaWGJsUmdQbEdhdEhXLUp4dW5LRFo2UE9WSXFScTBEOTg2UDZzNWVNQjdXRVRuQTBHZWs5emc4UEx6cXU2LUVsLUZ1aTJxQmdta2ZqbmtPZm90dWxlQ3F6cmcyS096b0IwVnVzZmdYQzBHeVFMWlllYktPTVRtenJrMmNoY0loRkxDUm9HaXlORnpZM0RzVHB3OG9kV0lZWDF1Z05tbmdzeFBUemgxUkllUQ?oc=5
2026-01-15 03:00,Investor's Business Daily,investors.com,"Goldman Sachs, Morgan Stanley Report Atop Multimonth Rallies",https://news.google.com/rss/articles/CBMiqAFBVV95cUxPNVktcnlWMmQ1TVpYMzFPbXM2dGRvZnFQN1dzamRUaldYVXFYNXNVNXMyTU90TE1VSmFIVFQ0LXRWMHZtaFZVbXo1a3NRSEN3YWhiOE9UNTM3UEcwQ3h6cFNqY1V4WEtPVlZVcEJWTTczaEx1Z29yeEJwWmFjN0NldWczNHZubVBNWmxweHdxNHgxR2FEZnFLMk5qWkpWZ1B6U0plVFJFQnM?oc=5
2026-01-15 03:00,Investor's Business Daily,investors.com,"Semis Lift Futures As AI Giant Jumps On Earnings, Outlook",https://news.google.com/rss/articles/CBMi8wFBVV95cUxOVWJlXzRkZEFueDFqTHdNcjJBUmkwWWJ3VDRLYVAtelNwZi1NVC04RzBQQTdULXZQOHo4amJOZXdGOTdiRS1wRV9RR25kMXUzeVE0Y1VUdmxRbkVTbmlPMDFZMnRKS0wzbHhyOEplOG8ySWlQSFVDZC03VENlT01kelRTZTh5VU1RSk5NX1l3RkV2TkdubkdjTjRNZXAxcGktRVZaTERWVVM4WDZNVG12MVQzcjVsQ01lRmtZS0VpcGlLM2xNY2NzX2lJZVBweXZxaDNsODN3c0RrNU1wTGU2UktjdDAxN1VCZVJGVmtkVjBFZzQ?oc=5
2026-01-15 03:00,MarketWatch,marketwatch.com,"Goldman Sachs sees M&A accelerating, as companies believe the ‘art of the deal’ is now possible",https://news.google.com/rss/articles/CBMivwFBVV95cUxPQmpab0R2ZGsweFhNRFQzajFiS05Zb1RtMTFOZ3c1Q3NSaWNqYURnd1c2WjIxMTFfQWZxY2huNjR0YUJ6RW5GdFBUeThQM1poUVROZkVER2hYRDZnRkcwNTh5ZDA3OElxM3JTWlhzeFlQc1AtdE1fU19qMkFpa1I2ZG5yVVliVHNZNFN1eWFKbXNLQ2E4cEEtaElySnZZWmpXSUxuU29kZ1MxVUxCMEFiUzg3ZV9hcWl5aVNCMWZVWQ?oc=5
2026-01-15 03:00,New York Times,nytimes.com,Cracks Begin to Appear at the Nation’s Biggest Banks,https://news.google.com/rss/articles/CBMijwFBVV95cUxNUnJQS2RhY0VWMldTUVpfVXlkRUJWZVB3VDU1S1V3WnV1ekcxVEY2dlU4dHhNSU1VcUZMdGNEMEYwLXhwN1ZwTWhZVkpSSE9HYnQxVDA4cVRLX2VoYmVsQXNFSjdUckNWMWZiU1ZNdnhLUk16eGVtUVRUbFg4R0xCdFhCcjJGVFFXejNZN2tUWQ?oc=5
2026-01-15 03:00,Reuters,reuters.com,Breakingviews - COMMENTARY: Wall Street dynamic duo achieves the impossible,https://news.google.com/rss/articles/CBMipwFBVV95cUxPNkRjWS0zOUVXSGtEaFQwS2lwN3FwY3E4SVlkUmRLYzF4YWU5THU1UjREOF94UW9YNWpubGRtUzNLZGpYSHhiZzdPOXlMM3dudUtlTlFvVU5fVWVubEZBOGN5eS1pMTROMFZPRHBpTkttVGg1ang3bTB5UjdmUFpTcjJCTnlwa1BjZGxFVHFTZy01Vjh3M0cxd0hlRzBCM1N2T0VDNmdzbw?oc=5
2026-01-15 03:00,Reuters,reuters.com,"Goldman's profit beats on record stock trading, sees robust M&A activity in 2026",https://news.google.com/rss/articles/CBMiqwFBVV95cUxQb2NaeXBZc3hkLTJ6RkdhaHptbVRrUlhaNTY0SHdpZnk3OUhDVC0zRUEtZ3ZybVl1VlVmRE1OemRWZ1plZnFmZjM3WksxTS1oV0laZGR0cDFJXzk1YlBLd1Z0aWpiNG02UngyVDVncXcyb19OejFEUG9SeGZqRjN1dFdaYnl0eF9ta1VTNHpESGJ6UEVubmFuUkFVcTVkTG1kYlhzbkJEdEdpbmM?oc=5
2026-01-15 03:00,WSJ,wsj.com,Goldman Sachs Profit Rises on Jump in Dealmaking and Lending,https://news.google.com/rss/articles/CBMimAFBVV95cUxPdzJRWnQySnNUbHZmVnNYUFRyTkx4RHRDcFoxQ3A2aE0yU3N6ZnlsaUg2LVM4bnE4a0d2aUpGRERBZVFWcnlqaVk0LS1iTk5lY1VhMHI4eGk4b2oyOTZMYXlGVVprZU9rdHF4SVBMMUlPS3p5REZuNXBnMXpPMEY5TGJFcjY0OTREVjdra2RVQzJuMDdOc2NlcA?oc=5
2026-01-15 03:00,WSJ,wsj.com,Wall Street Powers Nation’s Biggest Banks to Record Year,https://news.google.com/rss/articles/CBMiogFBVV95cUxOcVdyQUtic2ZOMmNQMFBVNThWUjJUSVVxT19obmxXM3JqSWI1SDZ3bGpHM2o0c01CNGxTWkVQZXh2Q3hOOFZxeVlKNTV3Y3NRUVVYeGY0ZDNjQy1GVkZ1Zmp5V2M2SFlIb25xNDI1Sl9JcFVuMDNZWUNzUmZXaXd4VFRsMEFZZVZEeDBEYV85bVV5c0dzZi1WT203S0RXR0tSWlE?oc=5
2026-01-15 03:00,Yahoo Finance,finance.yahoo.com,"Datadog (DDOG) Faces Competitive Pressures in 2026, Goldman Says in Sell Call",https://news.google.com/rss/articles/CBMijwFBVV95cUxOb19YTk9XY0E5N0ZNR2VrSWhmZjR0OHdJYUZGa1JiR2hCTW9nWEhKU2l3MjRBaWNTNzM3WnhKQ2h3V1hjSHlEWnIzWEVUWjNxbm9zZE8zU1BJc0Z5WWp5QkFfZlJERG1UbTFfWW5KVGFSZFR4Ti1ENEo0d1lUcHdxakw5Tm9hN1FBQTBFSlhYTQ?oc=5
2026-01-15 03:00,Yahoo Finance,finance.yahoo.com,"Goldman Sachs Initiates Coverage on Oracle (ORCL) With Buy Rating and $240 Target,",https://news.google.com/rss/articles/CBMijgFBVV95cUxPQ2lXSkZjSmM4ZFBRbnVZZVM2YVhkMlpBNjZ3MTlXZmpwQlRVY3AyMlVkLWFnN0FUa1A2OWVTTVl4TUdHT3g0T05RbnludS0tcjlHeF9jSmpoblFhSWxlUGF1UGNMT3JRdGZvTTZvek92WjM1T1AxQXdUNmwtYWkyV25Hb1NXVXNhUDRjdDBB?oc=5
2026-01-15 03:00,Yahoo Finance,finance.yahoo.com,"Goldman Sachs, Morgan Stanley profits soar as Wall Street capitalizes on 2025 deal boom",https://news.google.com/rss/articles/CBMizAFBVV95cUxQMGVIUWJvZE5HQmVKbHFCTjRMcENOOTVFNE0xVnN2N2ZSeHBkdDB4QkR3MDlSRlI2am13NUcydjlrNTJ1a1BhcnVDeU9qVWJ5NnpRQ2V1aUNtajNreFZfV1gta0t4SGtRYWdQU0J2cHc1Q1NKaXFnUnF6aElkOW94N3ZSRWxaYnJzMFhXUnNrLUpwV0ZOdkQ0WUJ4OTlaSWFyaVBDeDV0bjJTbEFsOVgzRDgyQk1lbmlOb2VfUDU5ZDVfbUR6eS1MaTRBbjA?oc=5
2026-01-15 03:00,Yahoo Finance,finance.yahoo.com,"Why Goldman Sachs Is Betting on ServiceNow, Inc. (NOW)’s Long-Term Growth",https://news.google.com/rss/articles/CBMiigFBVV95cUxOWnFrUTQ5QkFVbkNlT083em1iY1lrVHMwcmhBNGJLUHhUMzlXZDhXRGpnTTUwanBNeTdfWDRSMTZaNUNuNnJEOHNDelNyMy1kWW1RZ0NhVHNpaWlfQ3lxUkJzTEFQZi1ScDhYOUZzSUdSWnNPa195VnE0azl3VGFYbDVNeXFZTUtqb2c?oc=5
2026-01-15 03:00,Zacks,zacks.com,Is Super Micro Still a Good Tech Stock to Own?,https://news.google.com/rss/articles/CBMijwFBVV95cUxPRV9JSFEySk1BZGdDVlkzbHlQcDVTZlhSVWZwSE8zcFRpWmlaM3l0Vk9Jc0o2RG9qT1gxOGU1NTNiM3NQbzJRcHRWeFJZampvR0NZVXZzYXNqNHVidmFLSnNLd3B4Rjh6ODFFNFRuMXE5MlhqM00xRjctRVNpOFJhclRsTlBUVkFuenR4eUhIMA?oc=5
2026-01-16 03:00,Barron's,barrons.com,Berkshire Missed the Rally in Goldman and Other Bank Stocks,https://news.google.com/rss/articles/CBMirgFBVV95cUxNcjlMdmltTEZUeUtBeS1pVmtlLVlBbVVieWhIUHlrRkkyUHo2VDZFajRvdVVEdzB0YkZ6QTVVMUswLURPeFJPTjYxTXdiLTJyUmpIZGFsU0ZrUWx5N3IyX0JnZE1JLWloNC1NWl9RLVpMNXFaR2JkLXc2dXVNVVNReDlZVDM1d19oRzZYQ044NlYzaUtieWh4YS1WMndwd1dkc1lpbWFOT1IwdmFtRUE?oc=5
2026-01-16 03:00,Business Insider,businessinsider.com,"Goldman Sachs could soon jump into booming prediction markets, CEO David Solomon says",https://news.google.com/rss/articles/CBMisgFBVV95cUxOY28zcGZDNFBvbFhCZXl1V0FSYjFtZWk2cG9IYnRmSHhEVy1wSUF3M2dHM0FuM1N5UjlldFpQeUxfUl9XWXdRVlRJbXV5bHgzM2tRS21DcGxmNVFSTG11T1NLQmRyTC1PQ2I5UFRSVjJMbWtLT0FZNFR6cEZ6QmtHY0RlT2Q2bmREa2V0RUg0c0hyT3o1LXhiNmljN0NZN0lCemNORDR4cUxLeFNLLWdjVVpR?oc=5
2026-01-16 03:00,Business Insider,businessinsider.com,Here's how Goldman Sachs got its swagger back,https://news.google.com/rss/articles/CBMilAFBVV95cUxOTndfazBERGM5RDIyLVN0a1lVU2pPME11eEQxa3NLel8zczUwUmdYTmRtYUZnekE3T25RM0lKakNpYndYSXM2bVE4anNEenhKdjBEZWdYYXJ3RE1wWnpTVG5RM3dnS2t5MWw4WHl5NVdhMnpVSEdzMTZuXzM2el9MN0loZlpKQ3RxTnlHUGVuMThiMnR0?oc=5
2026-01-16 03:00,Morningstar,global.morningstar.com,"Goldman Sachs Earnings: Valuations Remain Stretched, but We’re Appreciative of Recent Progress",https://news.google.com/rss/articles/CBMixwFBVV95cUxOMzBfOGlweXVEQ3ZMTG9tZnFPZHEyempjVEtIc3cwcTlTWF9PSUR6NVA2Uktoal9hMUVzbThaMk9zdmNjVzdFeWF4dlVSWEtGVVBpMDQwcGZwdUpsY3EwU1JfNVpvYlRyanRpZmw2TTgzdldxN1gwQmhuRnRUWUNqXzdXUWpOLW8xSUFlY1dzeENfREN6bHRCeHAtVXpucXFpX0htZWVSVmExNE9pTm9RUXJ2RnJPNXB4dFJRYkhpLXhpQ2h6a0NR?oc=5
2026-01-16 03:00,Reuters,reuters.com,Wall Street bankers shift focus to busy 2026 after cashing in on big deals,https://news.google.com/rss/articles/CBMiugFBVV95cUxOR2xlMjVBNldLXy1pX2c5enktSklwekh6U3lhek5VWjVOWHRMTDQ2SjlNVVBFX3I2NUl4cnI3ek9tNmZUS1VHQTJybkVKRDdUYWdpQTNwMTdlSTFwYnNZbkdFLTZybHNYRnoxanRXdEduajd2LTNMVThYQUJzTnB5WldYNUpjaTc0RHY3bGNaVDZNNmZBUTc0V0tXOUdMMkR4Z0dDX3hNbmdmekVOeE41aHI5NDhpSDhmekE?oc=5
2026-01-16 03:00,Yahoo Finance,finance.yahoo.com,Goldman Sachs Raises SanDisk (SNDK) PT to $320 Citing Strong SSD Demand,https://news.google.com/rss/articles/CBMihgFBVV95cUxPLTJvZlpNQkNWT2J3SXdfY0F4bUM5ZEt1OHRFLThUVjNLMzRiXzFPa3pybXJMY1ZDdUJOQl9kNXYtcHdLYTl5WXp6ajBVcmh1dWZpNDRhdVdLSUNrQ0VRbHVELVExakRFRzM3eFJ2bEYxcW1fUVZINFUyN2tNeW83LU53alV2QQ?oc=5
2026-01-16 03:00,Yahoo Finance,finance.yahoo.com,"Goldman Sachs Soars on Q4 Post, Strong Investment Banking Outlook",https://news.google.com/rss/articles/CBMifkFVX3lxTE50ekJYRDJweEFaRko0T0RlLXJIX3Vtcml4OENaV1o1aDhKemVCcElaRUZLR0tjTVowNm15QTF2cThVNU5RQXlpaHZHVjQtbDlUbHAxMXZDX2NhSW51WmxHcmtXRW1FRmU2Q2otdzliVVJOSHl1dUhMTmpyc3NNQQ?oc=5
2026-01-17 03:00,Yahoo Finance,finance.yahoo.com,"Goldman Sachs Starts Coverage on Super Micro (SMCI) With Sell, $26 Target",https://news.google.com/rss/articles/CBMiiAFBVV95cUxOV3dfYTQ1LS15NUt3aGdpTzNpS1NPTWs3U1dFaEVHLS05QkpCb3RkbGlkWGZBOW5NUFBpMERxSy05VzF0TFMwa1VKemJ3cFlFajJEYkMzTWxEVmcyMWItWGx3Rl9FLWdIYXphYk9jQ0p3LVhlR3dpek0wWHFiQkZjVG9YZnA0Q2ls?oc=5
2026-01-18 03:00,The Motley Fool,fool.com,JPMorgan Chase Is About to Take Over the Apple Card Business From Goldman Sachs. Here's What Investors Need to Know.,https://news.google.com/rss/articles/CBMilgFBVV95cUxOR2xjTl9qb1FINXZySDdueG5jS29XU0prSWhPNGNrZGN0bzAyYk51bnBJQ3Z5M2szTEZGcktuU2tHeFBCSm1fbFo5QUNNSUVJalZVaGkyT2JnUUdRUUtzeXJVOG9FeXRmUEVKdFJGMnZKcDVwN1VpVjBOT1ZXdTdmSE1pX1lHSm5pdEoyOHJLUUlTUDA1b1E?oc=5
2026-01-19 03:00,CNBC,cnbc.com,'Historical clock is ticking' Goldman Sachs warns of possible correction ahead,https://news.google.com/rss/articles/CBMiwAFBVV95cUxOR0ptdnkybnAwODlveERWNDh2YThkT3FUdnlBdkx2NTZzd2pSSnB3QUJYUC1CeW5WRFUxenVxeE9GdmdzRTFMTWJSRHRYVVNNTmk1NTJIVGFQZWZ6VzNXdmZrTkdKVzN6U3Vjc0pVUGxfVFQ3Q2Q2UGxzcFh1b1JlelhRTWplOHczdUk1Z2ROZEZ0U1BuSUpLZWRPOGVncUg3SWRhWVdUMkk4bnZXZmZ0Ylg2a1F1bmZTTE5ZSnN6dUE?oc=5
2026-01-19 03:00,Fortune,fortune.com,"Goldman investment banking co-head Kim Posnett on the year ahead, from an IPO 'mega-cycle' to another big year for M&A to AI's 'horizontal disruption'",https://news.google.com/rss/articles/CBMiuwFBVV95cUxQU2pFZEZaM2VWZV9vUEdFZ3dRcWV6ZDItcmR3Q2MzLV9OdHYtUVJBRll1RHpJUWRSdlRCVXBCNlJkTC1nalMwNHU3WnpFQTBZbnE1eFJwWE5iRjZWQTd1YUFnbWhWQXF4WVNLM2cwVWwtQVlMdkp1bVl1ZUdtLVdFUTdCd3EwN2VtZHBVZVJqMVJpMVcwTHlvZDhaWTYxU2JaMlluM2hqSWFEWFE2U2RlYXhPa1VRc1dUaVc4?oc=5
2026-01-19 03:00,TheStreet,thestreet.com,5-star analyst drops jaw-dropping price target on AMD stock,https://news.google.com/rss/articles/CBMinAFBVV95cUxQTVZOREFkQUVFOFQ5YmxfV3I0aVlldHhOdUFrMnhsYXR3UDNOdHZtV2RxNWpoaGstaG01ZDNwRGFFLUZyOXdVR1VtOWllbHVicDlvT0N5d0RjdTlqUnZ4NHRYSmlSYW4xRVhmbTdpanByZmlmV3JCZnk3cVdGNHpVdk43NUFpLWFVeU9vcFo4dmV3Y1dKNFU2NWpLeHg?oc=5
2026-01-19 03:00,Yahoo Finance,finance.yahoo.com,Goldman Sachs says watch these 5 warnings from the dot-com bubble to know if the AI craze is peaking,https://news.google.com/rss/articles/CBMifEFVX3lxTFBEamRqRmhNQVFMcE1DbEM3WnU4Q25YTXVteU50MDN5S2hXOUgzQ1pIZ3Z6MjdKVDhsTEo4MVhoczZza3RWUUpZeXRVQmpWQXFvbHowdHRGQzNpaVJiWjVMdmlvUXFvbmhETlhJUHdHaXEtY25sNTQ5ck1SRkI?oc=5
2026-01-20 03:00,CNBC,cnbc.com,'Stay calm' and 'this is the new normal': What banking CEOs are saying about the global market sell-off,https://news.google.com/rss/articles/CBMirwFBVV95cUxQQjYxZmFyRE9ycGV5V0E0V29Dc3l6S0VWdFZVNkFRZTFNZzBZX1hRVUdEOTAwUkZNbjBFSDV5N1Q1Q2NfUDNYOThqODVWcGlRTWpxM0xiTXJGbVRTQm1kMURGYTlwUmlPdXo0Y3o2c2JRazJ3MnZGc0dxYkFvQVRFT1JabG53NUtZeXgydHRPOVpmRGNmLXZvMnIxSDBfNGVtNVlCUXdPU19OVFBobVN30gG0AUFVX3lxTE5xSXdLRXdYSjN1OWFCaTFGaVVSbUZOTXJYX1ZpXzd2ZXFMSXhYeHpNV0VPUmZQVEhTM2JIenRNSUhvSGJBbmVWWDlVQ3NRdG5oZGhWeDZrS0xpczRRVkN2eEFaV1lwRGdZZ2JUeHNST2ZaVDU1TG9HaFVUVXQweGdoVk1fYU1HV2lHamdfR1BpaWZOa2tXOTdkUjcteS1ia1R0S3RTM1M3dk9tT0JkaGtHS2diNw?oc=5
2026-01-20 03:00,Investing.com,investing.com,Goldman prefers Broadcom and Nvidia in compute ecosystem,https://news.google.com/rss/articles/CBMitwFBVV95cUxPSWw0TGRzYjdzU0hHYThDc2VFN0lVVmtCVTVtOVF5aTVkbG9SOXcybWpGMW1hNVRxbTZabnFnbC1nUnJrdnZzRE1DdFpkamlFSGxSbnE0ekk3ZEtJQXFjWWV1TV9DaEtDTDJXNTU2U0x6Sl9UVWwyNnNZOEJnR3lOQU5wMTRkNE9nRDJtcTF3Vy03X05JaFBObFd2VFhQV3FMcVpzOG1Cc2JibVhIOFpOZXROX1RnS2M?oc=5
2026-01-20 03:00,Investing.com,investing.com,Microsoft stock price target maintained at $655 by Goldman Sachs,https://news.google.com/rss/articles/CBMiwAFBVV95cUxOdlZKLXNMNXZXaXdzY3lWd1k4V2lua1BWV3NHSjRtR0xrbm5zZzZnRlhKS3E5RGRKcW9SMTk0ZVplTC01UUE2aEVyNFNSVVVxM3JPNzY1MkIwNHI4OHV4WkhxTjl5aU5jU2c0am8xLXdCTjZoUGdWeHZwRVhLWEl5S2VaUzF2TzFvajltUzFNMFVDd0d0UVRUclUtSm5IMVIwN0o2cTE5ODlHcHVZZzdZV0hfdko1MlQ3Y1JnSzY5aTY?oc=5
2026-01-20 03:00,The Motley Fool,fool.com,3 Things Investors Need to Know About Goldman Sachs Stock in 2026,https://news.google.com/rss/articles/CBMikwFBVV95cUxQX1FvOXZoeVZGU00yTkNabFdKMVRvcE1PWUV0YkJDaFZYdW00ZnVfOU1rcWJjX0d5YnlBYm0yeGdjTVZUaWZqb292MmpPWHZ0V2pZcGhPVFk3N09DYzVYU1h2XzVOQVFUYmJjQWtsTy1rZnpWNGtYMllrcnowUHdYNWZLTF9oc2hxaXBYSXQ0Z3NWRjg?oc=5
2026-01-21 03:00,Bloomberg,bloomberg.com,"Goldman Elevates Minnis, Moves Wheeler to Lead Leveraged Finance",https://news.google.com/rss/articles/CBMitAFBVV95cUxOZFBoR0VGRnRwZmNLN0pWZW5FNzNPZVlIaXNvaU5XTU5hN2RPTEVHa1VoamdlRWt0Ym5vVFFVdGtvajJ6a1g5X013T0xxNGNvbXdEWVRlWlB3M29RNUEwLTRJckR5ekhtN3ItSWVybnVDT2p1SG5XMlhaZWEyWk0wajlCQkNpTkh3S0hpMjZWRzBCQkxLVWVhZ2lMMG54UUlfTU5WcU53d2I4RGR5ZThuMXpSYzA?oc=5
2026-01-21 03:00,Bloomberg,bloomberg.com,"Goldman Raises Year-End Gold Forecast to $5,400 an Ounce",https://news.google.com/rss/articles/CBMisgFBVV95cUxNQWdFTW9DTHlHbXNFcy1oNFFrbTZoTEItMTA1OUNMcEdLN3dfbXZPOFRxdUk3MlRlRTdyaDBLRVVnV3o0amdQYTE5VjV1Z1lKNlZzbVg5WVc3Qzh3Mk5JalJ4SnlEb3lNX2E5RUpEQkhySVdFbnJjdjJpTXQwRVlmdWo1WjQtc1J4SW41c2YtcUZyWFBjMHFwN3ZGZlU1dks5aGlHSkhZeHBCMjhJa0I0UER3?oc=5
2026-01-21 03:00,Bloomberg,bloomberg.com,"Goldman, Blue Owl Eye $3 Billion Private Loan for OneStream Deal",https://news.google.com/rss/articles/CBMiswFBVV95cUxNbm5zVXp4VXBETVJpeEFXRXJESEdfTTlfdGdvdl9VMjNPUGNrTndIdVFad3dsaU1tQ3h1TFlHeHRtdjhOQUo2N2wzU250TnhYTWNPT19TRmE2S3pmSFhvdHFKUFhuVUFLaGlzZHpuSU5RdV9FZ05ybmdyZjZOb01iWnBIcm1pVXc1YVZzOUNsekR0Wk9VWEI5U0NySmRoVzROMUJ1eTJPeVZnT1cwZHlud3Rjcw?oc=5
2026-01-21 03:00,Bloomberg,bloomberg.com,Japan Toilet Maker Toto’s Shares Get Unlikely Boost From AI Rush,https://news.google.com/rss/articles/CBMitgFBVV95cUxONTBNQzFrbE5SQXJqb19jeEF1Ty1xTmpFVkdldnZ6ZDY4eFFTYm5HVEUyWVRvQ01hYkgwS2E1eVk5eU5rRkRacFJzR0ltcmxtbnNTQnZpMDhtbEdTcmM1dnpVaGRjWjVxb0hzMlBfNk04UDlpYUh1MDlYTkZGZTBsak5WME1CVlZCUjB4Q2xoYnVRS2NiWjBYdnhtblNPT1VISXBLYU9YdHRtYzVGWlhJMWVzYUY0Zw?oc=5
2026-01-21 03:00,Business Insider,businessinsider.com,"Trump's Greenland threats could force Treasury-bond investors to 'quiet quit,' CEO of $200 billion asset manager says",https://news.google.com/rss/articles/CBMirwFBVV95cUxQWnU0SXJqbTVJTzZmUURTNkkzM0w2M2N1U0xzQ0FFSU5yUlRCdE5hOVI0UEtNeENIN2RZWkhJU1Eza0N1bldTUnNOZ0JNdF9kcTgwMHc2RHBvbXpSMmdGV29EY0ExYTZ6LVRWSkljemM3ZHB2bGlsdHpDRXVWcGJSQkF2dFBlV0w0Y2NJaW4tUUNtaXVtbldZWFd6QXNjMVFfd0Vmd3dKUHRsTDFHVmZR?oc=5
2026-01-21 03:00,Business Insider,businessinsider.com,Why Goldman Sachs raised its gold price forecast 10%,https://news.google.com/rss/articles/CBMirAFBVV95cUxPMEhCNTdFX0VYOS1JQmR1RnhkaHVoazM1MFBJU1dMRGJ5TlBBWHZyWV85WUpPNGMxTFdRcjZFTzlBTzl6eUhmQmNDckhmR1pFdmxVOHMxVnJVTER4X2tvaTNDLWZxZ0FXaTRvY3A5YzhadGdlZ0hhTUVoVUYxdk9uNW9SbjJyOTRBUHR3V0pKVy1UQnlEeGhZRlJPcWR4b0NnekUwTDEwUWFnYUpN?oc=5
2026-01-21 03:00,Yahoo Finance,finance.yahoo.com,Should You Buy Apple Stock Before Earnings on January 29? This Analyst Says ‘Yes.’,https://news.google.com/rss/articles/CBMihAFBVV95cUxQZ3Mydl8zUXRzZlVXM1hoWUhJa3hBMFoxODFnbHd5bklEZFNXNV9zMFVUZzF6d0k2S2NyNFEzSHg3ZW1yVmxoWTR1cXBmVDVQNktHQVpyZk9rY3BoamxmNW1md1lKTzk0Zl9uWEtlZHNsRmoxTE1vemNXT0ZySzNBRlB5ckU?oc=5
2026-01-22 03:00,Business Wire,businesswire.com,Cubby Secures $63 Million in Series A Funding Round Led by Growth Equity at Goldman Sachs Alternatives,https://news.google.com/rss/articles/CBMi8wFBVV95cUxQNzhiUjdycERhNU4yMmg2d2FLdUJkNS1odXZsV0RWR0dubFRydkVaUjRzQ05RR180WXhSYzR6eFA5WnJMbzRSWWdFLXhnNk9BTjlkZFZCbkRUc2E0ZG91UUU5OGdhNlRsUUxsNEM5WWFwQ0J4UVlueWdjSXVfMjVSbXJVcFlaUHpRVXQ3MWg5M2tlYzVaVzRmWlFudWdxM1ZaR3JSWnJlZ3RkTjg4b0RKODByMDZNVU9HVExqY3ZSalNNMUtkMHhKaWxjY044SVFQeFBXdXNDc3ZsRDlheHFvdUxKUnZzVngxaVZwRmVmUl9sMzg?oc=5
2026-01-22 03:00,Fortune,fortune.com,Exclusive: Cubby raises $63 million in Goldman Sachs-led funding to scale self-storage software,https://news.google.com/rss/articles/CBMiuwFBVV95cUxOdGg1aHI0VDhycWlybm5KdnhmMjIwY1dUdGlLeDZRQ3NmTEdjb1p4MDZlRnRJbVpCOEY0eTdNdTVmSjloM3JzbktteVlrYXZ3Tm44ZGt5cndCaGtLaUM2V25hdlhua2JSUW04elNfWGx3VEdUNHNEWUl4d0Q0NVJLb2dTRmFuUGxvZF93N3JIRGZfTVRiOVpWeDNrLVIyeDZiUnV1LWNYWER1cEdJRHBzeC03NmhjOTl5LUdr?oc=5
2026-01-22 03:00,Investing.com,investing.com,Goldman Sachs sees European datacenter market tripling by 2031,https://news.google.com/rss/articles/CBMivwFBVV95cUxPemVCa2ltcksyRVlOTGpOYndWbnI4VEZwUFpSMk1KMUdOVDB4Q2dyOTJvaFctc19ZbHh6OTB6ZVBGUkR3VzRyWUU3Y0JQOV9DWVg3cGRrZi1oZlpqUFhIVGpUejBqZjFLVkR4dmxZdVBjOGhka0MyYUFuY0ozVl9tbi1MbDdRMXJWWFVTZ19IMFNveVJXOEF0U3ZkQVRsdERFYkc1eTJUNEZxWWFUTEExdVh5TUlQenhGWU91OFdPRQ?oc=5
2026-01-22 03:00,MarketWatch,marketwatch.com,"A new gold rush by these investors will push prices past $5,000 this year, says Goldman Sachs",https://news.google.com/rss/articles/CBMi2wFBVV95cUxNVklxQzJMRHZMUENuZGplbGdBZUp6MnduOWFJV050SkExX05VWk1OT19BakZXVTE0Z0Nud3p0V0VZaW5Ob044QWtOWDRUNmt4U09xWE9tTXNBYWdqbjNybHA2cG9RODJCVkdFMy1pNDg5bk5wWm8yUDZ3emhMZWpKTGxwdlpjV3AyUllIeUI3eUZZNjVVTXFxQ0lqNjBLZEhPZXRHaHhrek5paFBkWXBxalVuMG5qR0R5ZHMzdkRwSjZMa2FOYm5zRWQxd3ZfTW1rNlpROVFKTF9YVGc?oc=5
2026-01-22 03:00,The Motley Fool,fool.com,"Goldman Sachs: Buy, Sell, or Hold in 2026?",https://news.google.com/rss/articles/CBMiiAFBVV95cUxQMU1lSUlRMk9BZ202UkFTOTdqenBBRWdkNTVnUzFfLUtZVFAxUVd5dDdLQ1pkZzBVeXNiSXFscGVPak9jSE5RdHVRWGdNOEVPUmxXcnBuaC1zRlZPRWgzSkpuUHliWG1kSkhHUUdyNy13U3dMazItY3J5aVJseG5fdDN6Z1VCSEto?oc=5
2026-01-22 03:00,WSJ,wsj.com,Exclusive | Goldman Sachs Collects $2.8 Billion for Private-Equity Co-Investing,https://news.google.com/rss/articles/CBMipwFBVV95cUxOOTN2a0w1MU5TU05yVDQxV0RSdHRfRkNZNUJ5MndwWVZIUjZRMTNPcVpOYVpoanFQRFZDVGdPZTRUYVBhdE1FUWJzbUpVX01RMXFncW5KMEk2dFUwS1VOTE9BbFowQ0tuU3BVT0NGOU1WVkpxbzR2QzZoYWMzQkRIaHZqLVlUbTZVVVlYaUNkbktHc01ERjZqVWpLYTZIeXFXSzI2d1lmaw?oc=5
2026-01-22 03:00,Yahoo Finance,finance.yahoo.com,"Gold tops $4,900 as Goldman Sachs ups year-end forcast",https://news.google.com/rss/articles/CBMinwFBVV95cUxONFpkSGg0LWkwaUxtcUVCWVNDa0JyMWxCSTlDb3lkbGdzQUthYVB3aWRSN24yZ1RvczlRb3FrVm5EaGgyTDd4VkZPbDFCYVVFMHA0WlhZSjlfeHJMd1B0dE41aVRVYlJiU2pQLTdqQWpxLUk2bWhOWXU5Z2t6QjJwTnNENUJxV0Q0bmlWQWxqVEhVQkowRzh6Vk5pdUFYeUk?oc=5
2026-01-22 03:00,Yahoo Finance,finance.yahoo.com,Goldman Sachs Just Hiked Its Dividend 12.5%. Should You Buy GS Stock Now?,https://news.google.com/rss/articles/CBMihgFBVV95cUxNNnRpVjBaSWNqNzZRaWIxazhGU2cxMWJMeDFwWFFrRmxOd3lnSjZhdzF5QmI3NDBJcDBZNzdNZFpKYUxLVndzclhVSmtTWHZPdUhrUGwwUU9ZLXFhUS1sUUdYV3pCejMwZXJMdktnbzM5QWdHOGZ6YTNlZUpYYWhna0ZCSEhiUQ?oc=5
2026-01-22 03:00,Yahoo Finance,finance.yahoo.com,Goldman Sachs Targets 12% Gain for S&P 500: Here’s Why,https://news.google.com/rss/articles/CBMigAFBVV95cUxOLWV5WGxGT2E5M0FTWHJzVUVQMkNWNWNwT3I0WGF4MUFVcGVVSzI3R0c3dS1wazYtZ3MtZFg4eVdmaUhEVFNYa1c1Y083UWF6R2gzQmRpaml4Z1h4WUxyQkQ0dDZmbjU4RUVyVlh4VGFtX05COGN4MFNGZ2ZySjlhVw?oc=5
2026-01-22 03:00,Yahoo Finance,finance.yahoo.com,"Goldman Sachs raises gold's year-end target to $5,400",https://news.google.com/rss/articles/CBMigwFBVV95cUxOVWlYa3RlTllmcFk3c1NpUFBIaWwxTTE0Tk15SXVJM2tQWWZsZGFUbmZlaXRIWXZmdTRxQTRxSDVOdXJEQlB2OFc2aVZSOE9acHpMODVkOVRpN2JZczg3YmxET1RlSVdkXzdxU1JJaC1wMmtrRUhHWDBMV1hUZ3JHR0ZMVQ?oc=5
2026-01-22 03:00,Yahoo Finance,uk.finance.yahoo.com,"Gold price to hit $5,400 this year, says Goldman Sachs",https://news.google.com/rss/articles/CBMilgFBVV95cUxQQWVrUkJ4M21FVXpWS3Bqa3QtS09pX1dPTWI3LU40clRJckxfem9qanFJeWlNcWFHbENpWUlFU3RveXkwOUYxdjdLbVFCZFRLdG5yZmVRdmdIYVNzbENpS19UUWxxczhVamJfazlMMV9XTnZCM2lLRnZ1TWI1ZHdPUjI0cWJMaUo5X1kyT3h4UFhoY1EtTmc?oc=5
2026-01-23 03:00,Barron's,barrons.com,Spotify Stock Rises After Buy Upgrade. Why Goldman Sachs Is Singing Its Praises.,https://news.google.com/rss/articles/CBMigAFBVV95cUxOb2oyV3FMcndIWDdPZHhZQjdMaGZ1RHVSZ19YZGhJTi10d0ZrRnZ6OEtISFhxRnBrcTF1QjNBNDZQalliMURia2dudVFYWVlKRnpkdWVSNDhkUVROUDZFUjlQREVqRXpYQVRiekRwdUJ6cVlSVDY1SFZSZnRtRDUxVA?oc=5
2026-01-23 03:00,Bloomberg,bloomberg.com,Goldman Sachs Boosts CEO David Solomon’s Pay 21% to $47 Million (GS),https://news.google.com/rss/articles/CBMisgFBVV95cUxQVHJUTmRYQUR5dWhlZmdrSHJLVk0tRDJCNThWX21HeTJIZ29DMkRCdFRxZ2ppcHBuZmFPcTUteGdxdENKZUhQeE9JaFdKLU9HZUZDNVRVRWsxS21TRDdHLXBEcGFIWDNMNC1xMzlzUjhSMjNZWUFPcEdleHZTRnVHT1VrZU02N3RZSkxnWkdOeGY1ZkFpLTU1QXJZUEw4cENlYmRHYmxna1Qwb2Rfa1NrMUpB?oc=5
2026-01-23 03:00,Bloomberg,bloomberg.com,"Goldman, HSBC See Stronger European Stock Rally on Growth Bets",https://news.google.com/rss/articles/CBMisgFBVV95cUxQZThTTGU0Ny1WQk1WVXFwTThxNVJMRkRJS2FMRHk2dFlGRnB4RURIekFmWjZIMUhlRGdZdWVScHpieWplNGxjZGxLcmVjUDl2ZmZjempHQnRiNi15eGRKSjVFaURVaHdSOWxEdkRwUnhUUVlVQkRKSmlSc09OSVRKekVOUHprODU5eUhRckF0WlNuRUZvRGRWVi1CWGtJV2xmb1NrdWNEMlRaUEthcnJmamN3?oc=5
2026-01-23 03:00,Business Insider,businessinsider.com,"Goldman Sachs hands David Solomon a $47 million pay package for 2025, surpassing JPMorgan's Jamie Dimon",https://news.google.com/rss/articles/CBMilgFBVV95cUxQOTZrWHcyT1dMaVBLTm11RDYzTnVmRE5KeTFwQmhxa3cyLUVoUjFQOVQ4eTVONVBscmN0akw2S2dRMHk2S2gzYVlyX0lfQ0RGX2Rlbm1mN3JkaGpVbGhIM2NDWTZPZGZhNHd6N01vbk9KZW5mWUhGdjBjNE5GYm5XOTlOMVBRZ3pfZmplaUlMbllaM21HS0E?oc=5
2026-01-23 03:00,Yahoo Finance,finance.yahoo.com,Goldman Sachs Remains a Buy on ​Kratos Defense & Security Solutions (KTOS),https://news.google.com/rss/articles/CBMihAFBVV95cUxPNHQ3dHZ4R2tXc2xlMmFianhlVEIwaFMweTh1Rm10X2pZcExidUIzSHhZeXA1N1N5MnRiMWo4RENsdjlMWnlzYUh6bmMtSFhteHA0c0NndUE0TmRfTFM5cjZlRUZMS29xLTNtaVJnR1FMVUxPQnU3VzNQckY3VDJjSkpNV1A?oc=5
2026-01-23 03:00,Yahoo Finance,finance.yahoo.com,Goldman Sachs Says Correction Could Be Coming: 5 Safe Dividend Stocks From the Conviction List,https://news.google.com/rss/articles/CBMiiAFBVV95cUxQVjVTYTJfMkEtdG1kNFpsaXRseF9USDlDWkdsNGRpTHk4X3NwS3djQ0xVbnhTVFJwODJPaVFXaTBVc2NLVms3bGJtMHFUT3ZLOHRkR0FrZGdReVd5VE9GMFNQMUFMM0NIOGcxS0V0ZzEwZmowdWlhUHY0YkRRU2NlNTlrdWZ4QkV5?oc=5
2026-01-24 03:00,The Motley Fool,fool.com,Is the Goldman Sachs S&P 500 Premium Income ETF a Buy After Guild Investment Scooped Up Shares Worth $2.9 Million?,https://news.google.com/rss/articles/CBMi_gFBVV95cUxNYzZYcC1SeGdlME16ZUp2MFBHVkVFZU5FbWJrVHhudVdKbHlZQmFRaWV5enAwUEM0SEphMS1DSnJXOU55OWZyeHp3S2dXYjBQekNuZWVnZXdSV1NjZHhHQzE0aVdHT1RMZmFCNmRyUDNvZmU4ajltem0xSDlkYVVlTmxzcG9ub0RNNWlWWEE4aVI3Vk9zem1iR1l6bkVlMjNHQ0lkVlRqSEJxdWtJTVVzaEpZWThqZWRlM1JMcjdWYkZQc3hWN2luM3BpS3U2R3ByUHRYZm9wSEE4ZFJ5RGRPVGV6NndFY2RjeHhLcHBjczZFV1hxUFJxOWZtUms2UQ?oc=5
2026-01-25 03:00,CNBC,cnbc.com,"'Very constructive' on Asia in 2026, with Chinese stocks tipped for 20% gains: Goldman Sachs",https://news.google.com/rss/articles/CBMirAFBVV95cUxQREg5dE5RYlBKMF9TMk9yMWlXcEpJWUJVdW8zYWF1UjNYREo0bjZZTW1NNFZnSHAwUmZBc0RjYk1nREhCc2tHd1gwOVRBbFpYSUt1VkhFbGlKZ2JNS2cxR0ZzbXhOY2p6UUpGcEN5U2wtSXZZSExERUlWdjFMVlhQeGVWRHI5akJFR0dsRmdIdl9MOUpMeGVjNWJpTk9CSktUNmVnUzF1Zm9xODk3?oc=5
2026-01-25 03:00,Yahoo Finance,sg.finance.yahoo.com,JPMorgan and Goldman see US earnings broadening beyond Big Tech,https://news.google.com/rss/articles/CBMiiAFBVV95cUxOWmpWUUtYTmlRNU9JQUpnbHk3Y1VZdmloa3J5ZUE0S1ZUaFlQeU5lQ3BTQVF4TFFJdjNVdEl0d0N1eXJKajFPX0Jsbk1NcGFCSjMwVTFpNkFkUkhoN0d2MXNnR2tPTW95aElodHhiSHdGMld3emVkZVJXRWhkbW5UN1RpYmVIOXNo?oc=5
2026-01-26 03:00,Bloomberg,bloomberg.com,Goldman Returns to US Dollar Bond Market After Record Deal,https://news.google.com/rss/articles/CBMirgFBVV95cUxQc1V5R1FsRFhmaVJMRDFYclZzd2VZb3VKZUJxd2lpUjAtWGYxMzkxZlowZUhHSHpjaXFybnFIT3B6X3QxM0hQOWVFa2NkU3FCMENHWTFBVlQ2N2tLVmh5MlNXWDNlUTdQNW5BSFlpME10VHhuOVJQb0pmWEYwNmFqc2lZRE1Vd2VWSnJxM1R3cF92WlVaSnZySEJJS3lMTmw0QzlQYTNyc2dxX1lqM3c?oc=5
2026-01-26 03:00,Bloomberg,bloomberg.com,Goldman Sachs Promotes Seven Partners to Top Leadership Group,https://news.google.com/rss/articles/CBMisgFBVV95cUxONXNsbUdtRFBDd00yOEd0ZklGV2I3X0dmN3R6TkF6T29JZTFqSGIzSTRPSGNJSUdRUHZ0VW10Zk9nVmt2TEJRVl9SN2dTdFJ3R1Y0ODNXQzJKZmFPNkJCZUpGZnFBbTFzVVNXYlo2Ni1wbFN4d2FUSlhQelo4NFdWY2M1cXQ2aDJQWUZ2Q2hOSHBaVmxoVkUzWkNuaHZKQkdMRHc4QkpRdGNwb3VQSENvTjln?oc=5
2026-01-26 03:00,Bloomberg,bloomberg.com,Goldman’s Solomon Sees ‘Slower’ Trajectory for Talent Growth,https://news.google.com/rss/articles/CBMirgFBVV95cUxOMy1QT29LRUJGSFBHaGdDQnVtNEVEM0Zab3JnY0pfLVFndk9HSzhGSTdjUXktRE1ncVAtNXdyR0FadVlUSjAxV2VadF9QM1ZuYzBhd1BiMk5lTjNsLTZfMGJGWXJKZTdrTi1QV2taeWZWWFByVmdUcXBHRDZWemNDYXlZNHF0ejNCVjFRVFRoS1hCQlBLWlFIb3ZUdlQxOTlEaV92Tk80bDh0SXd6TUE?oc=5
2026-01-26 03:00,CNBC,cnbc.com,"Asia markets seeing 'unbelievable' rush of capital, driving equity rallies and IPO frenzy",https://news.google.com/rss/articles/CBMirgFBVV95cUxPZmo1ZGlINXRMQTJYSzBxbWlMYVhhbVhqSjlNeGd5Y0xORjdQVXZxOTNjZWhUa0xqUVZ4dnNheFZPMzkyeHVxdGluUHJvRHJQY0hhLW9ZSFo0Y254ZW00TDZ2TFVfT0JxcEthQ0J0RFFaZFhrQ0RoMUg3R1Bwem8zSi0zVmtRdzNveGNocldzbGx4M1NDOGt5THgybnZuOE1XcXFzRG5UdmYtNHAydWfSAbMBQVVfeXFMTmE3dDYzTWZyaXRybms3TnJDZ3VqaUk5NGpIcmFDcmtnX0E1SXlZVkw1UzVJNlNQWXd0TllUa1luMC1sejJhbFh3MHZkVHJrTG9zZXdyMVRzUDJ1UXNOV0NhQkV1emdwY00wbWx6ZlVKRVVMSWVmLWtXRFlyRWFvMVNDUHhFYklVOXNkc3pIdzRmX2FJSEZoaDQ4ZjY5X3RFYlVEUnVsM3NESHdJMmk3dzdfX2M?oc=5
2026-01-26 03:00,Investing.com,investing.com,Goldman Sachs initiates coverage on AAR stock with Neutral rating,https://news.google.com/rss/articles/CBMiwwFBVV95cUxNYVo3bXlMZFotZGlhTGc4YXJSZ1NSaExRYVlOcEpKSm8ySjNmVGNJX0E1UWlJNGkwalJZeGdIemRETTI1eVZUSmZWZEcyTWxPcWpxZjRGR0RfZlJiUk1vdVE3U0pGWFc2QVVLLXYwRktWb0pIVTZLcWpqYkxJWkV6S0hGT2tGZlZ4Zlpjam9sNk05cllpUkozVXlBZ3FxQmVCb1lVaFFwMTZuUzRWR1VQZS0xQXhCd3laajFSSjlyUTduWUk?oc=5
2026-01-26 03:00,Yahoo Finance,finance.yahoo.com,Goldman Sachs added 7 new leaders at the top — all from its $3.6 trillion wealth and investing business,https://news.google.com/rss/articles/CBMigAFBVV95cUxNYWpQdENoYUJ5dzc2eVpRRU1OVk9tdXdlWW5lNVhVTjl5S3IteWZQbVFPUXdrc2dkb3dRT3p6S2xsR01GdW1zMnZfUW1jYlE4NUhobDJidHpYUXgwekJLLUQ5WlpyWlhNVWlPWGwxaFZmZnZyVHc1LXlDNlBIVTktUg?oc=5
2026-01-27 03:00,Benzinga,benzinga.com,UnitedHealth's 20% Stock Plunge Doesn't Faze This Expert: EPS Still 'On Track',https://news.google.com/rss/articles/CBMi4gFBVV95cUxQWC1GOVFMZ01kZkctaF96bE9LeXVpSC1rcWR2dXY2bF9HbmxRSjhTSFhzMFdZWnU2M2hPUklLam9lWmhMcndWcjNXZkhNN01za1Z5elVFSU55Q0UzdnJQSFJLZzFkTTRqUTNQdjlMSklJc0ZZdTNIMXVEdi1Pc25rcFNJV1NlMlpvSUN0eHNDdXNpWWpRWU9za05YX2t5cDV0ZTlzN2VQdEhrRkJGRC16QllXN1BsQjRmMjFRMDBsVnotSlBmbHhUZ0c3WTdpU0w5ZFd3eGc0Q3N0RjR1alNCdEhB?oc=5
2026-01-27 03:00,Business Insider,businessinsider.com,"From market 'speed bumps' to recession odds, here are 3 major 2026 predictions from Goldman CEO David Solomon",https://news.google.com/rss/articles/CBMiqgFBVV95cUxQREhIZkJ1SXdoTEpXdVdsNHlwTlphOWJaS1F3Xy1qYkdScE1ZMUNUb3UxcTh6dEd2bjI5aXR4TTNuUlBsdTBnTWl1QXFiWlE4QkM4djdWaUVoLWh4ZkVGSndXdUZkZy1QQWliV2dxNXZHNXRzRzdfdGJmaW5CaFRoUlZ6QTI5NEFSU0FlLTdLTW5Pd0owSkhxSVp3QTlXNHpGTGpnOXFXTi04QQ?oc=5
2026-01-27 03:00,Business Insider,businessinsider.com,Goldman Sachs flags 3 possible scenarios for stocks with the bull market in its 4th year,https://news.google.com/rss/articles/CBMiqwFBVV95cUxONWFlNjZ4cG00eXhWV1A3QkY5aGozMlpEaEhDUi1INmNWVVZJQzlwX2JMQzJuTTVBRUpiYU1ia2prclhJdTN1ci1CVHkwdVJmeVFoZGN1Y1Jla25Eb2VhVWc1Qi1TTXdiLTdFQlNwanJkYnNmTlBDekFHdGU1Mzh5YkswNFdlR2l2MTVkMkktbkdwNFk0WXpqLWZBRXlWbG8wVDYxbVdGR01RUEE?oc=5
2026-01-27 03:00,Investing.com,investing.com,Expedia stock price target raised to $325 by Goldman Sachs on travel demand,https://news.google.com/rss/articles/CBMizwFBVV95cUxPWmxlellrU2dPUTBRU25uV2JzWWJUWlVxcElVbXhxd0p1eEI0aS1Seklya0lEQUVRY1BmTDcwRUlROEp3ZEJodHlCQnZLRjZabEJVbVY4V1p6WWpQbHUxMGNkdzlySDBYTEJhdk1fNDVRSi1xTVRqLURDakRrSDRUSHZoeUdXR3pNMGJfNTRud21PeTYzbkhXQmJITjAtbV9tUm42TUlpMnYxSkJIQVpOTThVSE9JaFc1YkpsZS14LTNtNDdfQ0VTTE5MbDB3Sms?oc=5
2026-01-27 03:00,Investing.com,investing.com,Goldman Sachs CAO Fredman sells $4.49m in shares,https://news.google.com/rss/articles/CBMisAFBVV95cUxNMVAzOERrbmV6d3IxcFJCUjAxazFOaTB3ajVSNzRIZFFkY21uX2FZdXdKazdtdGhpOUdwUjlaMWFFTXZJODIwZVVJSTd6a19KdUJpYkM0UEhlY3ZVYTNteHJDemtCMWY3UC1jazFhb1l2OUR2MGpUWFczUG8ycVEtQ1lid1FZNEg0bldlQkhSVmtDd250a1ptODhRNmpmT1FMeFoyUkhvTHZkNUtyMjdvaA?oc=5
2026-01-27 03:00,Investing.com,investing.com,Goldman Sachs reinstates Compass stock with Neutral rating after merger,https://news.google.com/rss/articles/CBMiywFBVV95cUxPdWNGLVE1R2RraExveVRpcFdqT1hlZVY2ZEVua3lUTTd2RThkdzBzcnA3M09TS2l3dnBCV1B1dG51dEpKTmFBNVlIajhxS0h2dHRSNkVVUG11N0szMEtFRWxuZ2tWWXpmWXVwSXJDSFZlUW1hbUNFR0RtRTZ4Z0xyVFNOcDNyNDZqUVF3aGRLSTl2Z2NKSVFzMllad0Z6UUJ6U1BNMDlwVHgxSU1NSzZ6dGRnaWduMjd0YnFQb3FKV2dBOEJnU1hoSzdRTQ?oc=5
2026-01-27 03:00,Reuters,reuters.com,Goldman Sachs CEO David Solomon's 2025 compensation rises over 20%,https://news.google.com/rss/articles/CBMinwFBVV95cUxOX1kzWWgyTVNSOHpzUTNCc0VWN2d4WVUxU2lQNGpyejVvUVljUkp2WTBCUkFEYWZ6d1hBamFBUGszaS1wOFhtZkpjbHZteGxWQ2pCODkxaTRyd2tvd0YybzJvRVA1eDdWZVFqMHVHWkJQSUwtTzQ1TllMS1g4aGJ3aWEwOUhzRW9Nc2Z6NjNRTnhETVhScHQtVy1ZWmw3UzA?oc=5
2026-01-28 03:00,Bloomberg,bloomberg.com,"Entrata Is Said to Work With Goldman Sachs, JPMorgan on IPO",https://news.google.com/rss/articles/CBMirgFBVV95cUxPX2dJNWRsVGdFbkFpaWN2enNMZ0xhQW1qcE84N0tWZzBxc0cyTGtOV2tOZ1B5dTF5SVZRWThMenBwS0tmcFI5S01UYXQ2SHY2Mk1vMlVUOENqNk13MWVrQUZJVEpZR3JOM0NYY2dRelJsNmhpOEVlQzhRUlh2SDlMLVVlekY4R3pmZFl4dmQ4SFdva1ZTeFJ0REtaajlSVlVNX3k3aDBncEh4UHZZNEE?oc=5
2026-01-28 03:00,Bloomberg,bloomberg.com,Goldman Sachs Downgrades Indonesian Stocks After MSCI Warning,https://news.google.com/rss/articles/CBMisgFBVV95cUxPdWxvZDI2Z0VmNUEwSmRvblJ4bHVMcENRMy1Pdkc2UVN4VjJtakhQdXdTMkxxZTZsSlhKYk82alp4Y1FURHgzblhsSUtNRFE3Q1JzWTUzS3FUZ2NrS0p2Z09qNXdpRDFBWW5mMFVqYnhWWXhmRjJfektKblpaRlI2R2R0NW84TjZVTVk3TmtOY3N3X2U3R2V6MGRKejN5YWlrei02OTkxa2ZxUmRBVXVweE93?oc=5
2026-01-28 03:00,CNBC,cnbc.com,"The AI capex story remains front and center, says Goldman Sachs' Luke Barrs",https://news.google.com/rss/articles/CBMitwFBVV95cUxNX3BxSHd6d3VzWl9vaENoaDNlU3JKZVRkcGtiVUd2RzZHUi1NZFRjXzNMRVBral9Ka3RsWTVmclZKb2VYLXNwcGNTeExaYjEwckoydGxGTDFGMm0xb1dmWEpmUjRxZDZvOEdRYTAxSjJhbDNOc2VKYU9TaWJQb2NKaUY1cDBaV0dNNF9WcC1UTVN5WmlPRkdwbUFsenlrSzlJQWlNZnd3eDRHbE1hb09ia0NLeUlCa1k?oc=5
2026-01-28 03:00,Yahoo Finance,finance.yahoo.com,‘There will be a reckoning’: Goldman Sachs CEO says US debt will blow past $40T. How to shockproof your assets,https://news.google.com/rss/articles/CBMihAFBVV95cUxNbVlDZU5aYmVpRlg0ZlhWdnJNMHJvOHNiSlZZekhncGhlVElsOUxpMGk1dWxlaVZoQTB6WHVLYzd3bWxBdmJ2dk8wdWczUWlsbjJYNW1NNEd6OEhMYlFkUVFGR2FmbVlMOFduUmFnbm9IZlc1VEpWc1g3eUlKeUhjTUJyRC0?oc=5
2026-01-29 03:00,Bloomberg,bloomberg.com,Goldman and JPMorgan Bosses Get Raises Amid Battle for Dominance,https://news.google.com/rss/articles/CBMizAFBVV95cUxQSTJwQUtkcnNuVHROandmQXZyS0VHXzhWTTVWb2dqRnhFWVNWdUhERWZEeFBOYTV6bTBrWU5iNTJrSEZBMHNrcG94TDBQMjhZTE9iLVkwRXRWbnZaZDhlajJMN0FRSmNwT1lHR050cldFcnE2RU43anR2QWYyMDNGNDZyMTVHaGxzUldsVlBDMzBnZUF0NUNibWlXb056ckFKRzBwcFFYTjl4X2FHcWR0bEpFMTJzMTU2YkJEMk9KZEZKdk53QTdkWDhRUWY?oc=5
2026-01-29 03:00,CNBC,cnbc.com,Private markets offer an opportunity to capture the next phase of AI growth: Goldman Sachs,https://news.google.com/rss/articles/CBMizAFBVV95cUxQWGo0RDBKdF9oYVBSY3Z6ejdFQ0steXZzd0g4TVZZMko2c3lqMEt1azZPSlFwT2I2UHZRdENraVZGbDd1R0p0cFc0R29peHlaT0pnaG9fRklUV3EwRUxib1lNaE16aGRDMVFNRlA5YU5jUVNrN1FZZlRiMWg0VTV4dzFhb0xVeU9GOG5WWXk4SzV4Wi1DT0N1MkVPd3dZTkRnTWFmQm9rcS1jaDVPWEtGZ3E0S180R1I5cUtmT3NXdndKTUdERmwxVXp4VnE?oc=5
2026-01-29 03:00,Reuters,reuters.com,Indonesian authorities attempt to soothe worries after $80 billion market rout,https://news.google.com/rss/articles/CBMitgFBVV95cUxQaF9FMGhjMktGQ0p2QmtveE81S3VNbmg1Qi15Vzh4TTZrVU5uY0pvYU96MW85ZXJheVdQUGxHeDJobDN6TWZiM2duQktUUVVUeDhOMHpPSDNKZk1jamZXRDhIQm9xYnpKZHlGOGJ1Y2U1YUN4TXdCZXh5YkxXWTVEVzF4LW5OSkVmRlRtOF9HV1pBUVh5dmJyeElsQVQ3cnY2SThSdnJvMlRNeTk3WVdaLTVORldfZw?oc=5
2026-01-29 03:00,Reuters,reuters.com,"UBS raises gold price target to $6,200/oz",https://news.google.com/rss/articles/CBMirgFBVV95cUxPM1dmdVZoMUt1YWpGYlpacmwwRENVWm5OckxiZXd0djRDN1E4WnVHdHZhcjVoREZ5OXNoTDg4U0FHZ0lPUkt3eG9mMUZET1MwMnlfY1J0U1h1TjFhOG5HR19FQUluMGFqTFZqVEhETTNlY19TYWNsREJFcWpBR1k1TkJCTl9ycUtTQ25wRnFFQzlDNGNnd2w1b1huYzl3b1llbmdJRjVCSGVVdEk4clE?oc=5
2026-01-29 03:00,Yahoo Finance,sg.finance.yahoo.com,"Goldman Sachs raises Malaysia to market weight, lifting KLCI upside to 1,880",https://news.google.com/rss/articles/CBMijgFBVV95cUxNWEtocVVLMDgyX2R3LTdTM3Jpb24yUnVmYmNvN21oNzZSMWNpUm1Jd0Vtb2xqQllYTUQ3dWRmYlZIZF9OajFucXhjYnJBbEt3SF9rNHZrR0RoZUplMi1ia2pjdHRiUG0zSGd1Q0ZCUDRMMVZRaTRzTlkwT1JxVXBSNEdnaFFoODNWcFBvLTZB?oc=5
2026-01-30 03:00,Bloomberg,bloomberg.com,‘Uncle Jeffrey’: Top Goldman Lawyer Features in Epstein Docs,https://news.google.com/rss/articles/CBMisgFBVV95cUxNS0xIdjlIMktmdUdHTW1OMGZKX3pqMUNLZzllWXR1MkJoNnc4NHg2Sy00ei1tTGJyYkVxX0RBam5JNTYtTTgyRExJVHM2OG9JNnpYN0VzRFFFWDNQOEtZWGltUWxpQk5aMFo1TjExdTRZajJYSFc3N2pLMDQwaWR1RjMxM202WjM3ekd5b1doLW9QaWJCVDVLeE5uQnJGUXlKM3I2YW5WQjRSMVJqOVZDTnJn?oc=5
2026-01-30 03:00,CNBC,cnbc.com,"Goldman Sachs: Stocks proving more resilient than most assets, sets attractive backdrop for equities",https://news.google.com/rss/articles/CBMipgFBVV95cUxQM09paHRydGd5bVZXYmV0b0lsdThQM3NrcFhITGRFSVdoNHlkdDBBSzVBQ05lZ2tTQXlpVDFyTVc0SkNEQnhDV0Z5VEROTklqQ29UQ2dCWFV0SWNrNU0wdU5FMVVyMTJ4SjVzWFZpZnAtNXZ0d3h1Wk5lSEpPMG54LVV0ZGNUMXkxaDl4WUYwRDJTRDJ4RUpKS25Xbk9sWjhSYzBLSVRB?oc=5
2026-01-30 03:00,The Motley Fool,fool.com,"Should You Buy Bitcoin While It's Under $90,000?",https://news.google.com/rss/articles/CBMikAFBVV95cUxQYnc3Q2lqOWQ5VEk1UlZTRmRMSkFmdEpBMzhIWkx5MDVoQVVMeEV2MXdDeHVNWnBNWmp1SDBzZ1c3Smo1dXhtYkJOU2JaUHU4UHNDNHFZVndYQVlveVAwSkVMTm4xM1hldlNQRkhwTXF5MTJNVEdSckNXZkc5YWRtMDNxMXpXbXRVb1A3dDl2N2o?oc=5
2026-01-30 03:00,The Motley Fool,fool.com,These 2 Financial Stocks Just Declared Dividend Raises,https://news.google.com/rss/articles/CBMimAFBVV95cUxNYnlyT3B5WWtsYlQtSzBMMDktT1ZWTWtfcjZWenpqZVNEcHdhMFI1UGlSd085Z1pJTVBfNS12aWFrbmJWZlpwQW5JMmtoemI0N0k4dlpGUkxJYnFCaEVheUtyZm9RUjNWTFR4LVdhelpEdjAwWUdjajJ1VGdxTG9VcGR4TUduajBBMFkwVjBpbTZzT28wWktiag?oc=5
2026-01-30 03:00,Yahoo Finance,finance.yahoo.com,"Goldman Cuts Microsoft (MSFT) Target after Earnings, Keeps Buy Rating",https://news.google.com/rss/articles/CBMihwFBVV95cUxPRVVRR3gtMFFMN2FYWFRsSkJ5UTFGcFdTcmNvZHlUM1k2VTVKcmVMdlZnLUNscVZXNXlXRlF5dV9RcV9xOU9nXzVoY1NYQnNwY3dzeTFGTEZSQ01PeHlIUHhvX0RHSXZ4MWNuRnZ5R0QtcUtoOHR2WC1kMF9WeVJEYzI0TzM5SVk?oc=5
2026-01-31 03:00,CNBC,cnbc.com,Goldman says buy these five stocks ahead of earnings before it's too late,https://news.google.com/rss/articles/CBMihwFBVV95cUxNLUVJSUExWS16WHZRSmxoM3RPRVNmeG5BSk5SYXcwTjZQRFNJYTJEcU1kelBFTlJHSkJLczZvUk5YRC1sR0xwSVV4dG14SHM4OXVZUjE3T2V1SU1ENG1pdUplbGY0Mm9Wemt6Ulk2MjJMTUFIWllsbXh1Y2prREFHWmNpR1dQRmM?oc=5
2026-01-31 03:00,The Motley Fool,fool.com,Prediction: Nvidia Stock Will Soar to This Price in 2026 as the AI Boom Expands From Data Centers to Robotaxis,https://news.google.com/rss/articles/CBMikwFBVV95cUxPMHQ1eUU4SkNDSG5OQ01PQkc2VC1xb2h5M3VyZVRWOTMxSlZlV2U3MWxNblBtUE9BcTlJRDJ6NGFzaWZvbFZXZmU5UVlHbEE3VE9MOXhUaGh1UE9TbjUzczRxN3FyS0o2OU9MT3F4VEZUbmloNzFORm1xdnRwaEZkcG1Xa1RNeWJRUE43c2thazdPeDA?oc=5
2026-01-31 03:00,Yahoo Finance,finance.yahoo.com,Goldman Sachs Picks 2 Stocks That Let Investors Buy the Dip or Ride the Momentum,https://news.google.com/rss/articles/CBMif0FVX3lxTE1KemZxbXMwaFNWVFQ4Y2RPNXk4ZkhyODVrOTVIdGExa1NCWXVUSlUzdjdoVVRFODJiN2plYzRqS1AyYlZfWC13ampvTzVFUnRkY0JZbEFMV0FDVkUtc3BqLVUwWVBfUUpKeURtTExtWkhKUVdHeXByenVPd3VLSEk?oc=5
2026-02-02 03:00,Business Insider,businessinsider.com,The hedge fund strategies investors desire most in 2026 — and the 3 charts that show why,https://news.google.com/rss/articles/CBMikwFBVV95cUxQc1NQSTlpeXN4WnJ4ZDUzLVRFNXBvSTl6RFVkZFc5WG5LTnNtTUVleTdQYXdYWEduYUh4LUROdlRlRHFQVk5fc0RmaXZER1REQzhwVkdBRTF4N1VTXzVIUGJwcTJJVGo5VzF0R2NSelg0VHZvQ1BfU1NpNW5WeW1RQUc4T2NrX2E5YmF5LWNWRmg4N3c?oc=5
2026-02-02 03:00,Fortune,fortune.com,"Goldman Sachs leads $75 million funding round for Fieldguide, an AI-native accounting and audit platform",https://news.google.com/rss/articles/CBMirAFBVV95cUxQczNxSzB4eDhIczlfWTQ5ZXVEaHdvSU5QZnV2M1hSY1MwYkc0czhmY2ZFaDhQeU5XU3ZMODdXQWNURFBPMUZjUFBqTGt2OVZ1MFNmeHlUU090al9CT0dHMnl3bzdSdF9rZWhJak1BVUtkZVU5aWxJSmZvaEc1RS1jME1iMU1nQ05YbjN3amNYOXp6TUJ2bzVyMWtpNWtOazZMQWkySFo2WjQ4clB6?oc=5
2026-02-02 03:00,Investing.com,investing.com,"Goldman Sachs refreshes European Conviction List: Schneider, IHG join top picks",https://news.google.com/rss/articles/CBMizwFBVV95cUxQS0V6VjJYRW5NSmEwdm1fRVRYUnM3Q1dpdGNDTjMtWmJxWHFRRE95LTh5Zk5XMjhhQ3VSR2o2RUNheWY3dkJ1QkxZVUFoVUtScWFBOVl3WWxoWVdSamF0RUpBNXlKQzdPT29XaDFjX3BXNUdQb0lqeDlncnhaWDNqMHgtTjhaMmNsaFZzRUtoUlpkc1lCUHYtbXpkTFlic01jTUV4SlFoc0Zfc0N6S1dKVW9mWUFNN0g0VjJ5UHhuVWMzME81STQtZ0R5aDdzWDQ?oc=5
2026-02-02 03:00,The Motley Fool,fool.com,Big Banks Are Loading up on Bitcoin. Should Individual Investors Do the Same?,https://news.google.com/rss/articles/CBMimAFBVV95cUxNMGkwLUtsQnZlbV9KN2pIYlpaR09mSmRxRVAxbnRqblJuNmk2YnVWdENlS1dxdHhtX2tfMmVCWFQ4cHdYUzZlR0VuVjFxRkg0RWlRRzI4ZjVLWkx3NE5UMzdkMW1KU1MteGdQU1JWTnltR3dyTWJfa3FxOUY5M2Zid0VOa1pfakoyUVE2N25wOFUteDkzbTlKag?oc=5
2026-02-02 03:00,The Motley Fool,fool.com,Wall Street Warns About a Possible Private Credit Collapse. Should Investors Worry About These Ultra-High-Yield Stocks?,https://news.google.com/rss/articles/CBMilwFBVV95cUxOakhQdXpQalB3SHJPZjZBYW11ckFsdk1mVUFVN1gyYmJ2Y2N1NHpmb05CcmVJNExxU0tTSnFsYlJFR2JkVnkyYmJJU1RGSlpJTTR5YnZ4VFJLaDhmNUNBTGhRSUZtcHZtYUpVaVQzdG5SRWY4bWdDeEl0RUtjNU1raEcySXJlRU1QUS1FZ1czdy1Tcm1lRjNn?oc=5
2026-02-03 03:00,Investing.com,investing.com,Goldman Sachs reiterates Buy rating on Apple stock with $330 price target,https://news.google.com/rss/articles/CBMizAFBVV95cUxPNVJkekpYaWx5N3JRemNUXzZiWllmYUNsNlAzQWJGY0tSLVNiVnE5NHhMWlVtVnppQXBSUHphYlFkWXNXUF9hVnFpN0x2TlQyMkdQTDZRTnZiT3dKV2h1RFh5WjZwVzl6dVh2ZGNvVThEMVFHbXZCbGExM1B5ZXFCbzQ3XzE2OW9GNEtsQ0lSYzJmcnlFVVQ1enFVSkFmRFZsMHoySnRtbjloRmQzOFExa2ViU1FTSl93S2NFaTZHeUJsVFJocnZtMUVmVzY?oc=5
2026-02-03 03:00,Yahoo Finance,finance.yahoo.com,Goldman Sachs (GS) Sees Strong Momentum in Investment Banking and Trading Segments,https://news.google.com/rss/articles/CBMif0FVX3lxTFBMclQyRTJadEk2eUFjOGFSQzhMQTB4R0loOElSVTFtdjhiMmdzUnlkN1Q0ZzZKak96U0trR19qT1hGVnB0cktFUnRlLWkyZXlCdVhhQU5QbllQZjAzX2tHWWxEQmhnTXBCWkZaWkJXdVJZNWNNVnZvMVh0bzhnZVE?oc=5
2026-02-04 03:00,Bloomberg,bloomberg.com,New AI Fear Unlocked as Traders Ditch Companies at Risk of Disruption,https://news.google.com/rss/articles/CBMiwAFBVV95cUxNNWxwOGJIdlFkNWVteXowcnBBWENkUWZ1eDBpQUNhWFdsX1czQVhGNUptQU00MzJrTHgzN25vRnZzS1VNc2ljSmxjTXE5MTFtWTI3OF96NHZic3doSWdxSUpxdHEwWXV2XzdPYzRmV1V4eHpQY1AzUXk3NDJ5UTJIMzhGY0JkaTNTYmlieERaX2pxeHBBSFU5OTR3R2tLTDN0Ym9OSWxZQ3lrNXV4aVZXbzJuWGVJaktyVEw5YUg2TXY?oc=5
2026-02-04 03:00,Investing.com,investing.com,Super Micro Computer stock price target maintained at $27 by Goldman Sachs,https://news.google.com/rss/articles/CBMizgFBVV95cUxPQVpRRlFQb0dqbURKWFN4RDBTRWNRZmF0YWlEdF9menB3NkJXeURKWm5hby1KdjJURWxmUDVoOXctOWFFWXBScFdUaVBrQkMzbjRSeklDaFZ0a2gwNmI1ZmNibGhJMVNYS3lncVZhNWtGSnBRYzEwX19DOVF3Tk9xb29oRGNfNXZxdWpXLV9fSjZqVnB4Qnh2bnFwOF9PSERweVRGbE1HR0IwQkl6VVBpRWt2bVVvUTY2YWJ1cUpYcWkxLUR6NTZRQmhTclJWdw?oc=5
2026-02-04 03:00,PR Newswire,prnewswire.com,LearnWell Announces Investment from Goldman Sachs Alternatives,https://news.google.com/rss/articles/CBMiugFBVV95cUxOSFRGSkxLMWhvNHVhUDdQZ3RkcDhCLWFSc2duenlDRWU4NkFhX2ktMEJsTnhIV08tMW15eEk2ZDNFZDZwdUR2b202a3I5R1RPdFBQU1FfRG9RMzdFNkdaZTJYRTFpRXZKSmJ0TjFoV2lwbl9EWWowV3EzeTNoaEdvRFdXdjdtSk9jZWdsa1pBUjloWlF1Unctb2xMMEhrOWR4dFktSW1fWThlNjdOcFg2M1ZPWmMtQW5tY2c?oc=5
2026-02-04 03:00,Yahoo Finance,finance.yahoo.com,5 Goldman Sachs Top Stock Picks Have Huge Upside Potential and Pay Dividends,https://news.google.com/rss/articles/CBMie0FVX3lxTE9Sd0dXQUEzRDBzMDc2a3ppeElqdUVkd2ozb1FVWHRFaHJxMU84QnZnNzlpZkNwMEI2WXhheU1RbFVQSkFnUjNSMlFwak8zb3Q5LVJjRlAteU1sOWRBZ1ZQdnNOVTRYN2FLN2JHV1BpTlN5UE1GZlRzcWRsUQ?oc=5
2026-02-04 03:00,Yahoo Finance,finance.yahoo.com,"Gold, silver attempt rebound for second day in a row as investors buy the dip",https://news.google.com/rss/articles/CBMivwFBVV95cUxOZEZpbVVFSVdkbVgycHFkYjRubG9hY2ZwSE5Da2J3VjNDcm8yc0ZaOFFPYjJsanJPOVVhX1ZBbzlnZkFJY3RkSXVrWk5vNHVUU2wzZGhpN0xkcFJQUEJXYjBSeTBST2k5R09SV1g2Zml2MjdUMGtmT0c4VktoMWFjVUtLMjd3SnR4bmEybXpVbklUVEZBNF8zOEpNb3lQazQ3SG9kUm83TnphX2w0R21jNGJYX3doNmI5N1FEc2N0cw?oc=5
2026-02-05 03:00,Bloomberg,bloomberg.com,"London Stock Exchange Shares Rebound as JPMorgan, Goldman Downplay AI Risk",https://news.google.com/rss/articles/CBMiwgFBVV95cUxPVWlKanpENlo5N3k5UDNNRlR5OF9icnZTbUo5VGRHelFQVkMzdGtObnlLd1gtLXFDWE5GUVlzNndQdnpqNEhCUXlodDFRbi1PdXhMYklhUjJPdFYyVE5qdkE5eWhXMHdzRW13NGdiMy1BdnhpLU1yTXlxOS1PSEFxZElzQWJjeUt4Q2F0VE91RlBiaDdhbXdrN1M1YmdGYWN2S0UyRGJvMGFtQ0lwcm9MUjVoNlB4WUJ2V0F3RVNmYmR3Zw?oc=5
2026-02-05 03:00,Investing.com,investing.com,Goldman Sachs reiterates Buy rating on Nvidia stock with $250 target,https://news.google.com/rss/articles/CBMixgFBVV95cUxOR3ZwZWIwSVF0dU4wRkpwSGo3S1FLeUF3XzRKY3UtUnhaQlZ0SDZab2FvZmVwQWxqSzRYNUdJdG9wLU8tUUcwRlVOdWFKd08zUEtuTGczMTg0Y3BscUhjdTdNSjhpSUVTS0YxSjNmRy1TZjlhd1lfYkxWRWFfRGFQYlhoZ01sRkZ1VDNDTkcwYU9BOUZfQ3otOWk5YzZUN3c3ckRIQWdZZVdiMF93c3hZS2ZoUG93NGdxbHZmZkJ5N0lRWUtjYUE?oc=5
2026-02-05 03:00,MarketWatch,marketwatch.com,"Stock-market winners suffered their worst day in six years. Here’s what made the move really unusual, according to Goldman.",https://news.google.com/rss/articles/CBMi4wFBVV95cUxPamxON1kwYUhmcXZUVzg0YnBaZW8wa1o1MzhhOFFYcnU5OUZnczJNdGFIV2R6U2I0YkNpUE9aYjRaYnBRRFlZTUQ1WFRBcS1odHZFR3Eza3A1WWpUcjNyRm85VklUaUhDRUNPRXM0SFhCX1oxM3E5OVV5TjFPMEZVUHFHZXRVVUZvSUJVR0xJTE9FWUZmVlFpa2pkNFk0MmN4a1JpZlRHbG5yZDhvMnpkeDlILWcyUjFXa01TRnUzOGVrRG9hSXdoU3NkU2N2bHR6RXQ1UXJyMXVhNWVnLXphS1BqSQ?oc=5
2026-02-05 03:00,Reuters,reuters.com,"HEDGE FLOW Hedge funds hit by AI sell-off, Goldman Sachs says",https://news.google.com/rss/articles/CBMi0gFBVV95cUxQbjR6alhkU1BwcjZCdUpLTXhpTE1JU3lnQW1RdWJQVzBTX1lOX1Jwbjlna0VMOFFFTDJ4V3RyTVJ1Ri0zX3RMc3RSZW5ZUnltVjRDakpiTkZVU1hXSThYWF9Kb0lnMWFFM212cXJYa2NSMTA2eEd1VW02czFjZGt3Z3JEUk1URUxaTC1QR2NjVDdEbVN1cTZqVzFRQkZBaEVBSnhDQW5zQ1Vkbm9VRTBYRlZJYTVRWkNTMW1fazh0VUVxeDNvTWk2Q0JYR1N4WXBTOHc?oc=5
2026-02-05 03:00,Seeking Alpha,seekingalpha.com,T. Rowe Price: Goldman Sachs Partnership Helps This High-Yield Dividend Aristocrat (TROW),https://news.google.com/rss/articles/CBMivgFBVV95cUxObWJrZ0NwanlNNE1WdkdXZGdMd3oweEl2Ym83bVhheEp4MmtGLTBmNFdJajJWRmJTb3pfXy1nWFJDOTlIMmVXRWVCVXU0NnNLOHVtLUFyam53NWtqMjlORjhjdk9ybmk0dWlFeVBsWFZxeDlpb2JxSDRrS1RZMkdyRk1ySkRMNFM4U1Y4WWtBMUI3dmQwcnlhVk5pbHF2bG5DMXZNaGViLU5Mcjk2cVp1dlViQjRqbU14OWhGNS1R?oc=5
2026-02-05 03:00,The Motley Fool,fool.com,Will the Stock Market Crash Under President Trump in 2026? Historical Data Offers a Grim Answer for Investors.,https://news.google.com/rss/articles/CBMilwFBVV95cUxPdEtNTk9FeWF2bUJrV28wSTk2SGhCZmM2UmkwYjgxampxckZhUVNHbTNMeVpXUUo0eEs3dFRPdjZiY083SzQwVVlLQXBhMFhUNWN2aE1vQmNOTW1xXzlRUlM2TEFodF9tNXdMRU4zVE1NeUtUaFBNMHpmZ3FXSFE4eXQ4dVE3Z1pXSlMzaVIzRGM1Vmh4U1c0?oc=5
2026-02-05 03:00,Yahoo Finance,finance.yahoo.com,"US software stocks slammed on mounting fears over AI disruption, lose $1 trillion in week",https://news.google.com/rss/articles/CBMiiwFBVV95cUxQZEltazlXSk5KWEFCQUZESUFrTXFRUG5MV0ZFTndtdzZGdVV6aHYtdDl3d2h4b1FyRzduQWwzTzRPTEEzRjhxTWNrZWc2bGZJbFhKR1o3MjB1bkhEcmpiYmhKOVRRTmYxaUs2YmtfbGQwQ0hrMkdOTHFkMWdBMWYwOTVZb2dkUDExZ3dj?oc=5
2026-02-06 03:00,CNBC,cnbc.com,"Goldman Sachs taps Anthropic’s Claude to automate accounting, compliance roles",https://news.google.com/rss/articles/CBMihwFBVV95cUxOMkFvT1BVVTFSdTB6RGl4UnVMMkExT2poRnloLTdlM1dvb3NBdnQxOUstbG95Vy1LTXlrYWdoemxSSF9vYS1tQktPZk9yb0tSSXQ0LUJoYmwtd21xckhhR2ZmLUx6YlU2OTFRM1FSV1VMeGM0UGpXSDZXNnZNZm1kOFVmU2l2d2fSAYwBQVVfeXFMTUhoMUlSYUt5RER4TGFheTF2MHVqVkFTRjZzcTFWSmNoNEdiVGtLaVRiVEtkQkt1T2JRYXpXQ21TdkJ3dWZUSEgyOUNoa0gyaXRESDBBWHpWS0ZDMVY3OXRkN0NoMDlpa25hOGVzdmRTb251VGxDMlFSYXd6WC12OWFOR09UdXZ5VjdTQUU?oc=5
2026-02-06 03:00,Fortune,fortune.com,"Software selloff giving you déjà vu? We’ve been here before, says Deutsche Bank, when the dotcom bubble burst",https://news.google.com/rss/articles/CBMihwFBVV95cUxOclBUZmpLOV9ZSFB1QUhxY1VPMFczU2FEcmhEVU5DRjdvZWFadlM4dF9zTzZvcHN0a29aMGRsakhyRkhVRUtNMDNoT3IyQnJ4WUktNURkSTVOV2lfN2EyUVA4N0FQVkRjNEhWQWJOWmowM0pTTk82dENoTXRmenZiSXFQcUpMTzQ?oc=5
2026-02-06 03:00,Investing.com,investing.com,Affirm stock rating reiterated at Buy by Goldman Sachs on solid results,https://news.google.com/rss/articles/CBMiywFBVV95cUxNVDZsbi1EazBqelVIaFNvMHhZcUtvTmIyaGRzVTFFZUY3by1IZkVhLUpTbUtiaUt6YlNHRzZ3V2RleXRJaS00TEQ1RGJVdjhzY09wOWFRMGVQNXA3TktFb1p2RldDZDcwdm5VYTEyYjM1cENFWUpGOTVCRFE0NGNIWlpkaXZldVJ4cUVQM25YSFpuVVFDTEJOUGhnUjNGLWlINTV5Tk9STzdEUFlTZHVpejNwVWZ6dVBlaGRjOHdtMFo5dElfZlBxb0hZRQ?oc=5
2026-02-06 03:00,Yahoo Finance,finance.yahoo.com,Oklo (OKLO) Valuation After Uranium Sector Pullback And Goldman Sachs Outlook Cut,https://news.google.com/rss/articles/CBMihwFBVV95cUxPRFE2cWNlc3B3dDZoUVcyV1ZLemljMlAxQ0lkaHBiTDQxVGphSDRUVWZDRXZLSF9JTTByS2dZSlk5ejFxcXBDaUItSlpmUUNOMzR3MTgtX2lMZUs3aF9JSEdCbFFRRTdxdzE0T2xYeG1MMzNBMHRVTFh0RHZBNFJiSXlkSnBQRWs?oc=5
2026-02-07 03:00,Yahoo Finance,finance.yahoo.com,"Goldman Sachs Reaffirms Buy on Eli Lilly and Company (LLY), Citing 25% Growth Outlook",https://news.google.com/rss/articles/CBMigwFBVV95cUxNU3F1ejVaNFg3TTFscDNkZWtPVDJDdUp3NVpXUWZtd3ZBT3JQRzBnZEI3Y052b2FlMUNTTHFOMXIzZ0FzRTBNZms3VGJMMVBMbmZpZkNFRDdvcXNicnBiSFJPalQwaGVudlZHc191VlhGTUV6WVkyM1JxLWlTdlo4Ny02WQ?oc=5
2026-02-08 03:00,Bloomberg,bloomberg.com,Goldman Traders Warn Stock Selling Isn’t Over in Choppy Market,https://news.google.com/rss/articles/CBMiswFBVV95cUxOQ1g3RzVBQklnNmlBblFmTEcyYndNNzhUVWRFMmhacXZmelh1MjB4TnluUXJabmdpbjJRVVV0TGZ0b1ZrSEpvU1MxMldGZXR6VlVndHhiNktKczY2OTNDakNOMnZvVE4zMUJZU05IWnJ5bk1QQ1l0MjcxYU96VXFfZ29fWUlYZ0RGNERNaFFLSl9PXzRkVXFRMXY3dkhmLWdvd25McWpDSWM1NVJudmo4QmZPUQ?oc=5
2026-02-08 03:00,CNBC,cnbc.com,Goldman Sachs says this under-the-radar biotech play could more than double in value,https://news.google.com/rss/articles/CBMivgFBVV95cUxPem5Gc1hQS05hYkowUzNSRlM3Q3AwWnJUR3BRYnNoOTI1QmFKRGN4YmJPR3BBMDdEZDFLLWE0cnZSSzZkcksxZ1ZvdTV4aXV6V3N1ZjN2OS01amR0ZktmbUJfcm1kTTh1eVd1SUJ1emdOTVpQaGN3ODNqNzExTWwwdEdVWmphT2N4SzlrZEQzaVNJTzFyR0FxTV9oVEsxMEVoeUx3TTB6V1N2VWZDMTFYdWNYN0pJb0t2YmlTMFBn?oc=5
2026-02-08 03:00,TheStreet,thestreet.com,Goldman Sachs revamps Nvidia stock forecast ahead of earnings,https://news.google.com/rss/articles/CBMipwFBVV95cUxNR2otdVc2SFRJZFdJZndEM1JUSGl1UmNTdkVQNWlINTMzR0RrVkJ1Z2RVR2lHb3l2SDlrUDV4R2hXZUxMeDZEY29TeEczY3ZnenpnU0xiNWRraUtLWlhEdHNUdFBGS0traVdCT3psNlliZWhrXzFnUHBROUdKOU5qYlVoOFRyUUlHdW16MWpEQjV0TzdEdlFSdmpJNlB5MEg1MGx4UG1kQQ?oc=5
2026-02-08 03:00,Yahoo Finance,finance.yahoo.com,"Risks Rise for Bitcoin, Gold, and Silver as Goldman Sachs Warns $80 Billion in Stock Selling",https://news.google.com/rss/articles/CBMiggFBVV95cUxQdFdOTXI1YnJSQzJsb2dKcGFabGlLSUhnbmRBdjE5cEp4VzJIdDhkWVdUdmQ1TFAzS3JuYVFLdmVpZDY1WGNzLWNmd0FfZWNuTEQ3TmY5VXFJOGpYTWthS1AwZ0E0X01SZVhRUDJiSEpvcHBtUUNhd1F5Q2xxVm12MkNR?oc=5
2026-02-09 03:00,Benzinga,benzinga.com,The Memory Shortage Trade: 7 Stocks Goldman Says Can Keep Running,https://news.google.com/rss/articles/CBMixgFBVV95cUxQWG1HMXY4cnZVZ0VEblhjTTVxbGJESnlsVVZTcUNnVk5LT1pZWlNfR184Tm1YTVBLb0ZPSEE0NUVvbnVxcXNBQmlkYjk1aTc5RmFUQ2xvTnUxRkNVNl9QcTlQcl9wZ1VhWFc3U18zT3g5dlVSU0EyUFp1U0gydnlKaWdRd0VZV2FoNmhXYkM2LXdBZkJPTk91UW51WlFEUlNVV1h1cVc0S3JyNG1UTTg3QnZYbmQzazZybHpIRGczLXUzM0IwSXc?oc=5
2026-02-09 03:00,Bloomberg,bloomberg.com,Goldman Says Hedge Funds Add Record Shorts on US Stocks in Rout,https://news.google.com/rss/articles/CBMitAFBVV95cUxNN0kzcE9VVTdSbWJfUk15YS1GZDZ4WnVrVU05VmN6c3VDTktoNEpMMUVlcEVWZmRqdzdjV21kN0JwbHFHRVNRRGFfNl96V2hDekNzRk4wVURQQUZ2M2lzOTdyUmtHZkR4d2ZTc25HVVNDazNFQlBjLUFFN0JLUUpDTU9zenhWck00dFZIRGVmdnJQSDdxX0RjTVlJODZ1ZGF2Yjc1UnlLck9EZWY3cC14RFRzNFQ?oc=5
2026-02-09 03:00,CNBC,cnbc.com,"Digital employees, AI bootcamps: America's oldest bank is spending billions on tech",https://news.google.com/rss/articles/CBMisgFBVV95cUxPX1BReVpTeXFOelZJemxmX3U5UTE3T3RUN2lfWkZrNWRDcFNWWkFMaF9lSnFTYWtIU1ByWmJJT1Y5OGpOR0d6NTNsajd6c1RzZzJOVTVSMm5Ddlc2MDE3M2tQaTByZXZQU1RvVmxaU0pFb20tdmdEZVlxT3I3aGhkMXBYNHVDTU02OXZkbE1JZzNnUWFIWnBFQkpFTHBHUGVZMUZuUGVKam01M3EtN2I3TkNn0gG3AUFVX3lxTE80QVUzZlQ0Rk40OHBEX3hyWmt3cGJNSmdvZVRSMUIwNUNHdUVwUEhyV1VtdGZQeTVKTU45UzI5QXktQ0JxM3VIUmQyU1c3amhYdnZhaFhIVTBxanRNaWlWTjA4UmNCdGN5RWExckhOcmlSSTYxcUFXak9kblJqMFFiTExGZXppRDlUd19DQWdnQ3hNbndKc0hqQkwwN29UUmwyYXp0ZlFoZ2ZISVo1aEdYYy1KWndqcw?oc=5
2026-02-09 03:00,Fortune,fortune.com,Don’t get comfortable with the global stock rally today: Goldman’s Panic Index is approaching ‘max fear’,https://news.google.com/rss/articles/CBMie0FVX3lxTE95dEJLNm5FVEE2RDVqS1R1QzQ3OElBbFBTYzNYM2dnWHhPRGQtNGxrRWZQOVFiY2ZEMGF6cVBub0lWZHpjX2VENjJoclZkMm1oZjJKY3BoUFA3dmVBQWZHNzQxQS1veVpfVDN0N1hDX195VEltZlVpbXp3WQ?oc=5
2026-02-09 03:00,MarketWatch,marketwatch.com,Here’s why Goldman Sachs is warning of more selling for stocks this week,https://news.google.com/rss/articles/CBMitAFBVV95cUxPeUVSSFRGQzAyQXFPOFNZV3VqYXRzZVFaNHQ4bzRVVUJwS0R6bHZfTFQ2eDhacFp4Y1l4WHNpdEN4TDgyMUpRT1hQN0xUalNyQ2llaDBiNnc2Yno2T2FqUVRCRFM1eUhEX1B4SUtyNlVfNld2dTJHdU1EN1lTd2pIRTd0REo2eU5jblJ3RXFnR281SWoteERhWGVtT0FlcFFET1k1T1pzTzZwZ2VVeEk3RlBUZ1Q?oc=5
2026-02-09 03:00,TheStreet,thestreet.com,Goldman Sachs quietly hands the boring stuff to Claude Al,https://news.google.com/rss/articles/CBMimgFBVV95cUxQd2tlZExxMWNjWWRpUWRWd0E1N04wazlkZ2Rjd0g0aXczMjJaNHozR0hNT0RERE5iMmtwdkxfQm56dWw1WFNneXpUY2x0SWxyUHZsTElPYUNKaVpxckJJeFhoY2FqdzFSOGVGX2laTVROR0ZpWjl2b0JvdHhVZzA2LTVYZmsxNGU1RXZTbTBvOE9sR0RXSEVWdHBn?oc=5
2026-02-09 03:00,Yahoo Finance,finance.yahoo.com,Goldman Sachs AI Push With Anthropic Meets Rich Valuation And Insider Sales,https://news.google.com/rss/articles/CBMigwFBVV95cUxONWlZZjkzOWsyemtoNFljLXRvOXM3RGxrbFVKNWIzeTNnemNGdjRnZmpqU0FaT0NaNlY3dE5lUmRMUERtbFJiSmtvQmk1RTRTQXljT3VnWDV3TTlaQlNMNk84ZGRwTGFfblk3bW9ZZ0RSVGk1U09IR1NfR21fYndTWktSNA?oc=5
2026-02-09 03:00,Yahoo Finance,finance.yahoo.com,Goldman Sachs Issues $80B Stock Selloff Warning — Will Crypto Industry Be Dragged Further Down?,https://news.google.com/rss/articles/CBMiggFBVV95cUxQdV8wcWpCam9XbzZLOW15MFg3ZkEtUHBsbDVraUUwTVNNTGZTZ0lQbEhyUWxFUUl2VWVhQ1B1MVp0THZmRy1NbTFUQ3dyMVJPSFZ4b3llQmxwODZfMG5jcTBXNWU4NjZob2pSMHM2dzk2MWg3NkJZMVpvT3JIb3M2ZktR?oc=5
2026-02-09 03:00,Yahoo Finance,finance.yahoo.com,Goldman issues a blunt warning to beat-up software stock investors,https://news.google.com/rss/articles/CBMisgFBVV95cUxNR284TzRhcEZhZ2h6NzMwbGVRRVM0OU8yLTdJYTBDdk5pNHVEXzEtZm5DS0g1U0QwVkpnQVdUUkxla1o3LUt3MUZETHYzdXpPVVBtaWVzY3huTlRDZkVDMmZlUTZVQXVwN0ZveTYwYXVUYzF4X01ZYldPb3IydGxUTkNaakRHclBPbFR4ZlBMTVNjempZRUZZSndTeWU5ZlZ2dmlRS3ZBMk5JcnJtZHFBXzhn?oc=5
2026-02-09 03:00,Yahoo Finance,finance.yahoo.com,Micron Stock Can’t Stop Going Up and Goldman Sachs Knows Exactly Why,https://news.google.com/rss/articles/CBMie0FVX3lxTE1CS0FJdjFsbWVVTzhSRnNENm9nOFh1amowWk92emtOeVdKNU1fQW9faWdncmlwWi1OeXV4eWJIV2NIUHpIbmZCbEhlMm1VR3NQNmllMGhJU0xScjNLeUpBLUQwWWR2ckxsOUxRbTlkaDlkN2RMVmM4Y2F0bw?oc=5
2026-02-10 03:00,Bloomberg,bloomberg.com,Goldman’s India Push Bears Fruit in Crowded Wall Street Field,https://news.google.com/rss/articles/CBMitAFBVV95cUxNWVp1YVZma0x1RkJ4d2pSV0tob1JtTW1vbEVncjNVaXJkSHVHNWl2bWtFTkh3dDZxT3pQMzhTVXh3dlZVOUJIYktxRzhEOFNGaGhyM1RsVnEycVpEd05VckIxczRQMDJhOFlWdHpMYm5jSlhtZkZZVW1tWF9tNTd5TG1nTEsweFRDZ0pUWFI1Z2E4MWxpUjIyVUtxMTVLN2pnYktxYy1NX2V0b0FPdUwzWE5yVmM?oc=5
2026-02-10 03:00,Business Insider,businessinsider.com,"Governments are hoarding commodities beyond gold — and it's fueling price swings, Goldman Sachs says",https://news.google.com/rss/articles/CBMiwAFBVV95cUxNOFhMV2dxVXdSTUQyU0Y1cWtCbXZNT1lieWZaNnhKZTZ5a0JIdEFZX3hTSDd2eXhNSlBVeG8zUjF4a0tCQ0lHbmNBWVRLYTlrSkgtaTIxSnF3VklodnExTHRvX2VWd1hIYTlWdUFDVmRBZDVhNGV4MENQS0JvMzYxTWJtT3drNVkyLU1jVU1BcmxaRGV0ZmxtVFBVdzRJSWl5UHIxaWxqd0V5WWQ1TWRKNVdoSU1tRTNSdVBQQ2t5cXc?oc=5
2026-02-10 03:00,CNBC,cnbc.com,"Final Trades: Uber, Oracle, Dow and Goldman Sachs",https://news.google.com/rss/articles/CBMikwFBVV95cUxNc3R6Nkw4NlBpaXFxb0x3TnROS1FwX3FuY2RhVV9WQ1NSd0pXOVphSjlZQjlrbFhZc3FYdV9QVmV0a1hhWEliOHVTTENoUk5jOFNjSTFENlFLdUhTNkl5cUIxcWRwWVpDSGVvckFrYlpScmg5ZG5Edkg2NWtPc3VLc2lzSzF4TzUzQk1qRG9RZkpNbE0?oc=5
2026-02-10 03:00,Reuters,reuters.com,Goldman Sachs CEO says financial sponsors may boost dealmaking activity,https://news.google.com/rss/articles/CBMiwgFBVV95cUxNUWVibmNHMXhaTjk4NVFRdTRyQlZWazBMbGhaWUZZTTE3M0RhX2IzejhRc2NveE5HU2NPc2NPWnZyZXNuOHlRQzZ1UWRhdzFRWEhBNU9RaTFtRkhpU1NibnVNSVdpSlZBQjRyVjN1S1BKclVoc2ZHdm5fVl9PSnBNUVBvQi03VXBvYVd1S1Fna0RNdmkxNnhITGNYOEx3SFZaYWptOHRZQVZ6VzIzMGZBaE0tXzJmQWtSU0VyT0FzRS1YUQ?oc=5
2026-02-10 03:00,Reuters,reuters.com,US energy producer Presidio plans first-of-kind $1 billion Goldman debt facility to fund deals,https://news.google.com/rss/articles/CBMiywFBVV95cUxNYmZ4d1RZT2h6RUFTZEZFRHFoOWVya2NBckpQRFNBaU5SQmt2NUFBWlZSVHRUQ1R6c2pPUGVCb3V4LUlXVjhGQUtIM1U5Y1RDMjBYU0t4WkllbVlpdF9rNVk3VmVsT3JRcTNTblVjQkhGVzlzektFdlgzTXZLSkZhUGx4Z0VOYmh4ZDd4VnRPTU5TQkR5Nm1Lalp4TmxwQ0hFRXlfbllmVFFhd0ZNcHZldDltN1dRRkxEdWx5SzIwYTl1MzRsOHI1Mk5YMA?oc=5
2026-02-10 03:00,Yahoo Finance,finance.yahoo.com,"Goldman Sachs Reveals $2.3 Billion Crypto Investment, Including Bitcoin and XRP",https://news.google.com/rss/articles/CBMie0FVX3lxTE1YU2dnZUZLcFZhNVl1SlZESFFHTnBhUGlFODZnRlhtRGtHYUpPbW4xUENhYWktM2VMeE13d3kxMzNyS3NDNzZ3WldNUFlWSDczUWZTZG80Vl9tSVF2MG1EcDhwYWM1T0FVby00dTlJZ0UtSHVJVEFXSW5ubw?oc=5
2026-02-11 03:00,CNBC,cnbc.com,This company can process uranium and rare earths. Goldman says shares should rally more than 30%,https://news.google.com/rss/articles/CBMirwFBVV95cUxOdnY2U2ZpQzF1bjQzXzlWd1BEZTd5aTlQVEZvLXl4bFpIMDRfNnA1T1p4OExYSDNDQ3ozOHFlck9Sc2Q2ZDVOWXVtUkFuUV9uQmdUR1NDWmh3cDF2eGdmNnk0Q2ljUFdGczdLdXhsbDYtSk9FMFpYQnhZM0pCYlN1bkwtekl4YkVXR1UyZTVfRmZYN0xDUEVFd0d1ajFieENSUUx3LVhtZjNRUlFtb3Nv?oc=5
2026-02-11 03:00,Investing.com,investing.com,Goldman Sachs initiates coverage on Energy Fuels stock with Buy rating,https://news.google.com/rss/articles/CBMiygFBVV95cUxQYW9CQld2LWVySTlvcnJaSi1UT0hRb2ZsZHpzYVptNFkyclZpTS1jWlRYZWtiRC01b0pqVl9LOE9CaGVNMFlFcno3UUpQRXlaNUZsa1RBQWxGMDVqc1N2UUQyWkkxRFBxTkpleFV1dzFuaEo5UzZzTlFldnF5dlY5d1RxNlp3YjE2S2gwMWpHaHhvRTAtb2V1RmpJeXJPcmJjMnNXamRyLVQwOEVYQTRJU01QQXJGcUt0eXV1Smt5eGczVWtoWUFvOGh3?oc=5
2026-02-11 03:00,Yahoo Finance,finance.yahoo.com,Goldman Sachs Likes ServiceNow’s (NOW) “Robust Expansion Opportunities in New Domains”,https://news.google.com/rss/articles/CBMihwFBVV95cUxPcVhic2dhcjUzVDVkN29JRjBjLWFNTlBCcG8zMUljRmRLZ0lvd2I3YlMwMWszSVJSUWxRNWZoMktEbnBQU2hIR0VBM0t2LTVfaVJ1am94TlU3d2NDZ2l3TTN5QWVhUnBDV3pyZjVUMl9VVzNyS2VHWGR6T1czX1RpUmpPM0hLLXM?oc=5
2026-02-12 03:00,CNBC,cnbc.com,"Electricity prices rising by double the rate of inflation. Data center demand means no relief ahead, analysts say",https://news.google.com/rss/articles/CBMikAFBVV95cUxNYWc4S3huSXRBbXNIRERaQm4zMS1Xakg3Q3hkTmxsT3BsSHVKLUp1ampzUVBEd1lYbVRIRGRiYm5hOGRqS0NfcEUzMERwQnlTeFB1eDJMQXlNM25EQ0lsa2tLTEU4RnNucFJ1Z3YtNi0zcEl5aGdESzRuRHZLRFZ2cHFsUWo3bUFlUFpiQVNuMXjSAZYBQVVfeXFMUEpFX0hSSXVURm9lTVNxSDlFckR5Ump6bnNvNkJfTUQySkxEelgxRWJjUms4NXZVU2dib1FzMWUzMU83M0IzRFhYOVVVZGZmbTA4SDhTenV2Sl84RVE0blNfYS15MHFvZ2lKXzFwYTAzWXAwU3ZVTzA3WHBqN180dkZrbGdNVG5tV1RHaUI2bk52eDVHMzJ3?oc=5
2026-02-13 03:00,Bloomberg,bloomberg.com,"Ad Platform Moloco Said to Pick Goldman Sachs, JPMorgan for IPO",https://news.google.com/rss/articles/CBMiswFBVV95cUxPTjVrSzJ6VzBGNTdCMk5wUVUyUEVhUEZ1cVlqdTRRbV8tRmlZS09tdlE3SmplQ2FPU2lWbG44YjRBbUl5VVdTZXVYeF90dUR0c1FUOVZSVFJhSGZ6ZTEyYkQ4TDFCX3JJX2F5S1dFVFRTLXdPNlRIR1NWaFV1a3ZGYy1nbS05ZVQ3Y1VkZ2pRYWVVcWlCSzRsRTBuYVNBRVl5cXlsVXUzZnlDempWNlZ3cjBQSQ?oc=5
2026-02-13 03:00,Bloomberg,bloomberg.com,Goldman Traders Launch AI-Proof Software Basket Amid Sector Rout,https://news.google.com/rss/articles/CBMitgFBVV95cUxPSXpyMFMxc0NpRHBTZUFFSzZjLXlwYzFKaWtmblU1N3NqRVdaOGhib2NPZElEczR4SGFnMHZJV2xNSG5qMmlNNEVQUXY2RDJXeFhsWkwwaXl6QzZuRGZoeXM4bWw0SlAwYWc3ZjgxSkZDX09FeXRBQUZQbFdTdjF1WHJXM05veTVIbVVQYkxyN1FDYWVHMXhncy1iQ2tsMkwyLU9uMzhaQWlCUkVRUVFkcW9pbUJRQQ?oc=5
2026-02-13 03:00,Business Insider,businessinsider.com,Goldman flags 10 energy stocks poised to rally as the sector crushes the S&P 500 in 2026,https://news.google.com/rss/articles/CBMiqAFBVV95cUxQT25wbVdLUDlUNS1oUFQ1N0NHZ0ZaeTk3VmoycmJfNGZtRnJmc2Y3eGo3NVp3ck83aVd2LXEzaEVpcnpnUGxRdUVuV0JKZGRoS1BlNl81djJ2UXEwbE1NdlcwWXpuT29iZzhUeUE1eU5fcEc5QlpkdE1NWWdLQkhBeWxGOXBaVlZhQUdndjdsR21Bekl6MTNaRkN6cWxsUnlYUjA2WDZUSEM?oc=5
2026-02-13 03:00,New York Times,nytimes.com,"More Epstein Fallout for Goldman, and Beyond",https://news.google.com/rss/articles/CBMikgFBVV95cUxQbUhGWFBOai1xWWZvaExVX3BsRi1nNzhUaG5Wejl4U0d6QmlJbUlzUDZNODNlMnh1S1h3WUc4cEhHdHlYY2ZZNlBQd0JObTRIYThaUWdRdUZESzdzUlBKQmZkRXhacElfQTlLdjBWc3VUb0FLNzBBLW1Wd3RuNkREa2VLNHpETF9IM1VTZ3BUUEs3QQ?oc=5
2026-02-13 03:00,TheStreet,thestreet.com,Goldman Sachs resets PCE inflation target after CPI bombshell,https://news.google.com/rss/articles/CBMieEFVX3lxTE9ZelUzLXlZVGZiYlB0SV9vUjdQMnNtNGt4TWJRbGp6TlM4aGFUNjFqeWpYV1RWNVA1U3RKZjQ0amFWSGhvSFFBam9oME9JM3ZJWmxNRmx1V25CZVdtVF90VlBxSnlnRXV0UGczbG5ZWTd0dGRMYmxoLQ?oc=5
2026-02-13 03:00,Yahoo Finance,finance.yahoo.com,Goldman Sachs Expects Beat and Raise Quarter for NVIDIA (NVDA),https://news.google.com/rss/articles/CBMihAFBVV95cUxNaTFGQXFmQ0xiQm93cDhLSlQ0MWZrdDc4c0VuazYwZTJfbkgzRktoRktlMGJ4a2ZfYW5zQl93RUtINW9zTkxUX1lEakMzVHc0Zkt3OHJxTXRjbU5lT1J0MWU1dnNuNHktOWF1bF9YZDNnazd0X0xiX3dDTm1Cc0l1MW5xNHg?oc=5
2026-02-14 03:00,Business Insider,businessinsider.com,A Goldman Sachs partner in technology shares the skills young job seekers need in the AI workplace,https://news.google.com/rss/articles/CBMijwFBVV95cUxQajA2SHRkSi11STY4TGo4YXh3aF84b0NQWmdoNm5BWWRrUkxpbHVTUVpzQ3lkNmVUTXBuS2VHVHdKck82WmJjc2ZoRnh3U056clBDcWJBNmhjOW5yX2c4bC1qWHZMN2xFdUVlM2dfYklWLXBuZzh4cnBfQjBSSnF5VVNwdUI1aGNvQ05qNE9yWQ?oc=5
2026-02-15 03:00,Business Insider,businessinsider.com,"Gold's rally isn't a sign of a commodity supercycle, Goldman Sachs says",https://news.google.com/rss/articles/CBMisgFBVV95cUxOb3dLSUMtSUMyNjhTWnVpd1I5N0Z1RDJTalhQWFZCRHpVaXRuZEJtekgxZ3NRZmhaU2sxV1NabVpOenE3VU9rSmd2RjZjOUFoTlhvYnM5SHNMTXFQSDBaN3BQQUdGSnNyY1I5Nk1DQjNjREtOeUM4azFtRXFlbXluWmdkRUxpRmh6VmNmU214b1NOdUpuYkNLeGdHUHlya1h0WmgwMjBReVkzcFY3YUlvenR3?oc=5
2026-02-15 03:00,CNBC,cnbc.com,What's the next major catalyst for Japanese stocks? Goldman Sachs discusses,https://news.google.com/rss/articles/CBMirwFBVV95cUxPOFlVd19ZRXAwR1FPRTlmQkY3bXN6anF5WmJZYU1PRFlPOU14R1preU84eHk1RHNpaXhlbWRjb3BNOHptNDNmeFktendSMlZleFlIY29laVFyR3MyekZDRkVJaVVJWmNiM01Dc3FaNGZVZGN4dlNtb3VfVHVSRHVXQzd6MEJkQnlHUXhqdXJuQ3o3aXhZeWgwODZLV2gzSWY5aFJ1aksybUEwMlE2NVZr?oc=5
2026-02-15 03:00,TheStreet,thestreet.com,Goldman Sachs delivers contrarian take on the economy,https://news.google.com/rss/articles/CBMikAFBVV95cUxOVndDRnFzSmFqLWJNaWJ5LUg3OFVzLU0tb09VbXQ2MW5wZ2lWQkh4RE80UzctSGJUOG5sdnVHNVpVODR3WEFkNy1ZTkl0eW96d2txM21abmV5X2swR195N0RpTWltM2tFWThNN09mTGJRYzZMMzctX1A1OVBWbTR0d1lvMEt6c04tVFE0Rkx2Skk?oc=5
2026-02-16 03:00,Reuters,reuters.com,"Hedge funds buy a record amount of Asia equities, says Goldman",https://news.google.com/rss/articles/CBMizAFBVV95cUxPcUNBMWhYTnk0b0JOOU1IcGFCWllpNEt5M3o5RHBsYkMtWE50UW1nVy1WV3VpaTViOElCbjBleFZpMUNOamFnUFhMVThjRU1GbTVqNmhUelpLZkF1NzJBZHliUXJ3RHZLTFg5VnNsNDZxLS05anhBYmJ1d2N2NUJCVlZsb1RKc1BNSFhwSVctZFhrMVhmckZUTWlzM0Z5c19nZG1QNXhEZjhJaVpERmMtUjZETWhyY2FVYXU0VnJVZXFvLXJheGVKZFJzMkI?oc=5
2026-02-16 03:00,Seeking Alpha,seekingalpha.com,GPIX: Recent Economic Data Shows Why This Fund Should Have Another Special Year,https://news.google.com/rss/articles/CBMiuwFBVV95cUxOeU82UWxjcmtaQ2hoODVBY3BycTlSVVk3SU9SbFBjMXJuLU9kbzhZeFNmd0JGX2EycUFUcjJtNXpkVmZJalhSeEtUNWkwZVhMb294ekVvRzJZT0F1VjFjd0dTeWRBZmhadHB4cXBPOFFPUWttMzRuOHFDQy0xTlU2NDVGYlBxUTFROFZwak1iMWtzaVA1WFhtMkdGMHQxUDBYVE5HazVWemc4cmN2bkFxdGxhMkFhWTc1Nm1v?oc=5
2026-02-16 03:00,The Motley Fool,fool.com,"Buy 2 Vanguard Index Funds to Beat the S&P 500 in the Next Decade, According to Wall Street Analysts",https://news.google.com/rss/articles/CBMimAFBVV95cUxNdVF3MGdpeGpPcWxuWG1hd09LRDNoVDFIWW5HRHQ2azdZUmRZVS1BNExiMFVIYjB4YmZfRGJWWi1HQ0NtdEQzYW9POTU4MTRKRDdqbDhCaTV0SjRyNm52VnZzRUFnQjdpSFV5U0UxMVU1TlJqTGM5Z01yUVA2ckZ0MWxKUUw2eUdPX3VkcG9JUzhVM3ZlVm1TYw?oc=5
2026-02-16 03:00,TheStreet,thestreet.com,Goldman Sachs sends harsh warning to U.S. credit card users,https://news.google.com/rss/articles/CBMirAFBVV95cUxNY0tpeDBhNUJHdjRwdVlKQWhpdkxUVnZUUnptalZpam42VnBBQ2F4Tm9tazBERXRoaGtCNExheXl0ck9EU1VDSEJPUDFiVl9HaG5RMXRsQlE1ZE5Ra3hTdnFSRWVIUnRHb2pTM3RZVjcxWFVjLVMzbVVOblRfcHNLRDU0Uk1uLUIxS1F4NE1kWW93ekh2V242Zi1EczJ3VFVQeU9ndE0tWkM0Vk1l?oc=5
2026-02-17 03:00,Business Wire,businesswire.com,"Paul Efron, Former General Partner of Goldman Sachs & Co, Joins Star Mountain Capital as Senior Advisor",https://news.google.com/rss/articles/CBMi7AFBVV95cUxNeTFRQ1dYcXVZWGxtbllvVWpQbEI0OWIxT3lHbWE5ZUMtS1VYZXRZU2VJM3ZUd2dPd2gwNmJ0dnhtdkx2em9paWpGdXRjSXlKbDJGMkxNeHktNmhERjRhSndTYUhzdzZBZ0JOWEZwX3o3RGh1S1BpaGVVU2c2dy13Y0xBR2xzcXVoTmY4UnRqYTFhWVpxR21LakVVcnMxRFBOVlRqOUxFZ0xOb29VNEJaZnA5UlVCY2UtbzZfOFlkTFY1dkJ2LXVGX0M0RjBDal9lRUVXMTJjMjFJY0VGODAyVE5TRlNqVlZGV3BKNw?oc=5
2026-02-17 03:00,Fox Business,foxbusiness.com,Goldman Sachs to drop DEI board standards as Trump's anti-woke campaign spreads across corporate America,https://news.google.com/rss/articles/CBMizgFBVV95cUxOVmRTazJHblJIT0VTaXRHdnh1RDl3ZEpnOHJYU1hhajlGb2IwSUJiVmxPVWZmNU5leVRjc1Ywdjl6SWJpZmM3VFJ0NEdGNXBSX19MOFZQU0lkZEs3UHh5bGVnUE5mNFdoQU0wdlNNdXBVRG04bVgtQWZ4WGhJdTdmM1V4N1FWV3JVNktjWVF2aGs4T3RrQmlSXzF5UEE1cWFUbUVDM2JSOThDaVQ0S1lfTnZBNHdkeHY1X3VwWkdlVVBxY1doaUt3dzNIeFI2Z9IB0wFBVV95cUxNNXZjcG5iSndQZ0hTa1RHNUZsendtdTR5UGlMVUFqVWZ6OTJMVUxKMGc4X05nRU9KT3JrZ3JQNVZGMjJJYmtIYXlJQ0J6c3JFRGpHVW5tel9LbC1MVnA5LURia2hEamV0UzBzc3RVTnRXLXI4S0E5YWxnb0tUcFZjU3JSdXdDTmlBU180Y3RJNjJZdHYxSnhTaE1HVi14WXBGcTdFVUtBbmNKMG82VUdnX2FDU01xVTRDRXZ4NlN3ZXRldzAzWHZEbk5Ob2VWa1UtdUYw?oc=5
2026-02-17 03:00,Reuters,reuters.com,"Goldman, Nasdaq CEOs to headline Mar-a-Lago crypto ‘forum’ hosted by Don Jr. and Eric Trump",https://news.google.com/rss/articles/CBMiwwFBVV95cUxNR0x3aUx5TzlRTmt3WUYxSndWYjdZYTNpTlFTUGJMck9RT2tjM1NEdm9mY1dwcUJzbjRXMktET2hRRDVRdl9Kc1AzSnVOY0NBU2RhQmZEc1VJRUNDYkRSdVlId1RXRU1YSGJEa2U3RkNIbmUtVnFkaDk1Yk5kVUlKQk10c1ZBWnVXdE5VSHp2ZGc4ZzdUSk1nQWdwa19XNU90QUpXUTdQdG5jamdnMllLV0JOaGdUU0Rkb0xETjJYTGxKLTA?oc=5
2026-02-17 03:00,Seeking Alpha,seekingalpha.com,Goldman Sachs: Excellent Business But Thin Margin Of Safety (NYSE:GS),https://news.google.com/rss/articles/CBMioAFBVV95cUxORGtKcm5sOC1tbldrYTFXRnNEZVJ3OWJ2ZlZsejc1ZXJ3b0hpUklqSDFZTnptQ1Rmb2o1RXNGdGtvRXl5YkdVN2JmX0M3VGZEWUR5amRmYUtqNUZGVENBYVVDWFFSUWFZTGRQYndxQXpxQzRBb3gydnBKYmd1eG90aWJUVndINmtGQ0IzRXd2eHhUMUVlNnZ4ZVU1bFVWbkh3?oc=5
2026-02-17 03:00,Yahoo Finance,finance.yahoo.com,Goldman Sachs Names 3 ‘Strong Buy’ Energy Stocks with Room to Run,https://news.google.com/rss/articles/CBMif0FVX3lxTE4zcGdtTWVrNTVHc3hVN0FlQ3hFa0lsN3l3VC1kbTZnVEJKdTJGX1dTRTk1OVhOTVJWc0xSUnhBRnpYd3BYSHZYZ3hZTlVJcUVaX1NIcWhnY0lsbjRiR08xdjQtdUtLR1dOTVRMUnBMQTVhYjRoZjgteEJyMUNrZjg?oc=5
2026-02-18 03:00,CNBC,cnbc.com,"Germany’s long-awaited fiscal stimulus is finally here — but there’s a defense spending catch, says Goldman Sachs",https://news.google.com/rss/articles/CBMirgFBVV95cUxNNHBpcmZjWFU2c1BrenV2UzJESFhyaFByTk9veHBjMWh5dTNIZVYwR2xxLVNQaEpva1FuQ2VvUGo4VzlrZ0VMWWZvcm5zQ1RfckxmN3FybEFfUEtCSFNRUFRzV3BqZlNEYXd1cVg3VWFmZnJvOC0xOTBRUTNGU3BKX2ZyWnpUQlBTVjN4QnpHSHJNOWQtbXd2TE9KbTA1cDVrY0FJeUdzWG93bmtYSWfSAbMBQVVfeXFMUGlsVEJ3UUhCU2NDUU5CTGJVMnZlVHJqWlJkS0lfLWYwbWt1MzZuOFIzNDJGUXlvVFI3MmYxTDlaX0dzWnpMUUZ0X1dhQUdiaFVPelY1dUcyb2c0SmZoUUtYUnQ2YlE2Y3dfVkN3UEZTYl82dHREUDJiVmFja3J2dzFac2R2R2pOY1VIWENKM3l3eDZ5SkJlM2xHUnh6c3FhZVFSV2pZMXdMYjk0aGJpWHRrcWM?oc=5
2026-02-18 03:00,Fortune,fortune.com,Goldman Sachs scraps DEI criteria for its board as business case for boardroom diversity grows,https://news.google.com/rss/articles/CBMikgFBVV95cUxPMUUtVVNsZjFBZ085bVJyOFJDcGppQXhIV1NCQ1Z3NWdBRE9PbFBwdWZjamEzT1hPTEMtUkdHSmNLdllVMGpleDl5VHdTV0pMMDZLbXgydFlsRXZRN3J6RUVERlFvNTNMeUlNUVhaN2NfTEc3a3ZhVnd5eEZHWF9aVmdlLUVqeDJvdmpocmFzOGlOUQ?oc=5
2026-02-19 03:00,CNBC,cnbc.com,"Excluding techs, South Korea's growth potential looks 'fairly low', says Goldman Sachs",https://news.google.com/rss/articles/CBMirAFBVV95cUxOckQ2X1BDWWN6YVJsczFHeDRvQy0tanRBRlIybHhTWjJ1TWNPd2drR3JQaXVzSExWTDRSWVZtUzE4RURoUzJobmFvbnpJVHNjRmtPbk5xWTNLckFMbUZNYmRUb1h0V2o0SkdPdzdRRTFFYWx5V1hrRWtOYmoycUl0dTdWZWtCeE1qcjd3Qm1iVE9ZdFlEMl9HQWFyXy0wY1p0QVhRX1FKWFpuTlV5?oc=5
2026-02-19 03:00,Fortune,fortune.com,"From mom-and-pops to Goldman Sachs, Jesse Jackson’s vision for American business sparked a revolution",https://news.google.com/rss/articles/CBMikwFBVV95cUxNZWlfTDZJZFpxVFU3WjBEcHlVeXI5RlpnaEJjOUhVSjR3eTh4MXZGd01IQjRGejNSSmxCQUtSZldmMk5aajVSSzEwQmEySmp0RzBKZVVxLWdyLXMxY1RlbDFFYjdpQm1lZUpvR2pXM0REWUVTam5ZQjgwbXBDZ3QwSVdjaGVSb3pFQjdDdXhsZk1LaTA?oc=5
2026-02-19 03:00,Seeking Alpha,seekingalpha.com,GPIX Vs. ISPY: Why Goldman’s Dynamic Strategy Beats 0DTE On Total Return (NASDAQ:GPIX),https://news.google.com/rss/articles/CBMirwFBVV95cUxQVnpmSkpRdDlzTnFSVUhUYU8xOG5GSm5KdVNTN2t6YUx4bUVPNTR5dUZZSU9kdmJwakpvYktsbU9Odk9RbnRHQkNqY0VDcENoNDFLX21WQnlxeVVhV2JCZVNjdlhEcDF3ZUc4YWhVTGdlNkx6TUhoZk4yT292Q0tpR0tNNFVlWnVLQTBaSzEwNGJ1amE0c1l2T0dldGlyNVVQYV9HcFZIQzlJLVVHNmJj?oc=5
2026-02-20 03:00,Axios,axios.com,Exclusive: Goldman Sachs launches an AI-free index,https://news.google.com/rss/articles/CBMib0FVX3lxTE5ncTNXMm9KLXNaSHF0TWN5WS1vMXBHQjRtdzZUaHRTQ0lIcVhMV2JIVUp4SlZRNWFESm1ZV1VBS1U2WXJ2a3BWQkRPN21jNThkS1pfc0RKNWN5NXI3cGtOWlFlRVRuOXpORGtfOVJ6TQ?oc=5
2026-02-20 03:00,Fortune,fortune.com,Former Goldman Sachs CEO Lloyd Blankfein says Peter Thiel is wrong: College is worth it because it makes you a 'complete person',https://news.google.com/rss/articles/CBMi1wFBVV95cUxOeUEwNEFOd2Z5eWtwSjJoRzlPWEFsZzV1QnQzbWw0ZjR2TmpMM2F6SF84bGxDd3JXcEVLX3N6WUJsQ3BLTlgwRDNtWm4xWDFVQ3hCQVdDdVgtTDc0VlhMbHFXZ3Q0Rmh6MGwtbURaakl4WWcyTUZSZG4ydkZaZVQxWGQ4dnF3MHJZNjZpb1dfYjdyUFozN01IbjAtalJnaEpXeXFReGVxd3RDMWh1eEhJemZRNGx0NEhPZXZtZ1JpMVRJVGgwMC04VWF6Q1N4cC1rVGljZFZ0dw?oc=5
2026-02-20 03:00,WSJ,wsj.com,Lloyd Blankfein Misses Being Goldman Sachs CEO—Mostly When There’s a Market Crisis,https://news.google.com/rss/articles/CBMikAFBVV95cUxQdHdkOUJEaFA2UXpxQVdDSlE1UlhiSWdlRnl0VzlDaFY2SDlQY3ZuM2c5QUFlTVRRTWRiOTNjMXl6WkhWdEhpNHY3US1Fa3Q5eVF4VkVpTHI3VmhHMkhGMHkyZEVXRHFGdmhaSVFHdUw0amliODV5eTRuWWlfdUg2TjduOXRLcTk5NVFma1pjdDg?oc=5
2026-02-20 03:00,Yahoo Finance,finance.yahoo.com,Goldman Sachs Says MP Materials Stock Can Gain More Than 30% From Here. Should You Buy MP Stock?,https://news.google.com/rss/articles/CBMigwFBVV95cUxQR1ltczA0dW5MOTRON2FvSVpDcEJSRU1RRFJNY09HeXhkVDNzZ3VqdFg3dmJVZEZWa0x4SjcyWldic1NKZmJuZTNXODQ2UzdtanI5UWNuMV9fY3pnamluMkJxNmVnQUdBYThUdVRxdUNTUThodFA3ci1PZktUeXNTVkNNNA?oc=5
2026-02-22 03:00,Fortune,fortune.com,Meet the retired Olympians starting second careers at Goldman Sachs with zero financial expertise,https://news.google.com/rss/articles/CBMizAFBVV95cUxQZzIxenVPWlhFa1ZEb0FWUEp0Z2JVNU9qV2oyREFvZzJIZ3BaTHNKSkFJeUtYN2g0X3dKOXh1UHVOVnVTck1JVXdubkYxVFJndVVoTkM5WVBNRmZENEczQkdESWxKZG1mN0w1dWFudExZQnZkc0p2M3lSeURvQXNQRGpkZFlMODZudjhhZGJidlV6YS0xRVpHT3B2c0JsZWlITkRoT084dUVKMm1fYTNqUVNCSWtZTkFCTThuZC1xcHp2ZVVDMGJ0cDQ0al8?oc=5
2026-02-23 03:00,Business Insider,businessinsider.com,Wall Street's Rainmakers: The 20 bankers who hammered out 2025's biggest deals,https://news.google.com/rss/articles/CBMirwFBVV95cUxNdVltZURCeEV6eEY3Qlp3dUwxTG51bFItZVlHQnFhdENyY25IOUQtbFU3cmFMWnBhS0dLTFNCZHFVcVdrTzVfUnRLU2o5ckJabE9PcEhEVzB3ZUpHVU9jOUVFT2hacENDaTFPV3llYnMwN3JfZFhGRWs2Snk4VmtacTVqYUdZQTNNaVMzTFc4VlBvb2pvR29UeEdNcjZuNVBrWUxhV2kyM2d4RzdQMFdB?oc=5
2026-02-23 03:00,Fortune,fortune.com,"Goldman Sachs says American consumers stuck with high prices, even after Supreme Court tariff ruling",https://news.google.com/rss/articles/CBMiwwFBVV95cUxNMENUYndMRDdINEtsNTFPM0p5QUNnWmpQTXFJbHNvd1A5YU1NVlNsNlhYejZPaGhlYXIwR2JlLUFwcklsTlF4Q0dyYTlJcmpfR3JNZWNqdlhMNDZ0SWlRQzNyQ1o4djFBYUdxd3hMWDc1UzBWUzhjMHVvYlNPN0Z4cE5FbTlOTHhWbnQxdlhrellLS0lsSTN1X0tFRVJKWThwMWQyRFZnenZxSmVwMWg3d1FETEhZRnpjWHE5NUZEQklPLUk?oc=5
2026-02-23 03:00,Investing.com,investing.com,Goldman Sachs reiterates Buy on Microsoft stock after Maia chip progress,https://news.google.com/rss/articles/CBMizAFBVV95cUxPY0x5NklTQmJ1SnVuY1puR21qWWFOQXdWbWhBVkNNRDQ5MU05UTZ2YmV3NlI2Z1V2MnpCeDFDY1R1ekZ2QkpyU2pHUHRnSjFDZ0U0T1pwa3ZLVHpMeFNwZV95ejZHRExFVFZmcnhQdDlJQm5kc0R4b3pKSUY3UmpkNVNpcFl1NE9fTXVxVGVManpUaHA4R0dlZkx1a0hSb3NwYUtIUjVUOUlxMjF3NE05MWl3Zk9iaUx0djkyZlFPWmlaVF8yZUw0Q25nS0I?oc=5
2026-02-23 03:00,Investing.com,investing.com,"JPM bullish on York Space missile defense demand, Goldman Sachs starts at Neutral",https://news.google.com/rss/articles/CBMi0wFBVV95cUxON0ZUWlV5OEtkUVoybDYyZ2Y4WWhzS2NZaDJ2b25UMjNXLU5FbXdoSnR1Skk1WGNGTWoxeUE0c3N3ZjNWNEpwVUtBbmVTMEJPRmVrdEJSQzFqSG9idV80V1NURFJVY0FIUndkaUpkYmlpUmdlOVdEZzJUaUJfVTZlNkJLZV9faFc0Y1pEa1A2Sjd6cmdrVDRRQ09hR2VsOXExd1JnQUJmNWtNRXlnNGRhanluUTl6R3E1cFM4LTAwRDVlMmNSWTFLNV93NGE0NWJhVFF3?oc=5
2026-02-23 03:00,Yahoo Finance,finance.yahoo.com,Goldman Sachs Initiates Coverage of Credo Technology Group Holding Ltd (CRDO) Stock,https://news.google.com/rss/articles/CBMijAFBVV95cUxOSFdQVUVLdFF4ZlhELTRIVERjZG9UWEhPZjJOXzVkczhnZFZiemx5aTYtbU1Vdy1VODFENzVIT282dk1BZy1Rak5kS2FkdEZGVmhwQS14cjA0ZHVDYzY0LTZDVVYxeVktWERXaUhOclZQZGp0a2lUYzVaNHY4WjlROHZHRGhfbm1EVDNQUg?oc=5
2026-02-23 03:00,Yahoo Finance,finance.yahoo.com,"Goldman Sachs Raises PT on Arista Networks, Inc. (ANET) Stock",https://news.google.com/rss/articles/CBMiggFBVV95cUxNT0ZuU3c0WHdEY0FDRmtMMjBDUDZPUlVBRlBFLVhpWWFnWWJEX0VDX1lvaXAtUnRUbnJjSjBIWFp2YXZCeHBTOXY1RE44c2xNdXRCXzRLQ3BoRHJVVUpLM2ROR19QOWJZTkN3SzJXSExTb08wNHZFSDk5M0VQeUVNUFNn?oc=5
2026-02-23 03:00,Yahoo Finance,finance.yahoo.com,Is Shopify Inc. (SHOP) is One of Goldman Sachs’s Top Growth Stock Picks?,https://news.google.com/rss/articles/CBMif0FVX3lxTFBJYXB4cklLd2ZQN0tQV2hvTjlvUklURmhFUVZKMVdaTHJrengzRWJnUEtCMDh6YTlsMjZ1dEZzSFlUdERwVUZlcUtrVHNSMW5sd1Z3TC1wLVJBWTYxU1hEU3hUUkdDZTVzTGZzeXFYZmJfaHdUaVFoU0lGMzlRVk0?oc=5
2026-02-24 03:00,Bloomberg,bloomberg.com,Goldman Strategists Say Asset-Heavy Stocks Boosted by AI Fears,https://news.google.com/rss/articles/CBMiswFBVV95cUxNNHFub0xLbmtaeDZrNUI2X2RoV1JhYlF1Nk5iTWxCT3Q2NG10aW5HZ0otYWVNMlJQcEUwbVEtNEJKbVlUdzFBYU9hRHhZc1l4b0h3RTlJSl9jMUNxRzA2Z1N4QWN1azVRUDRuakpqWFY3YjVtaTQ1eFVOY2lDWjZpVXNtZlNuX1FGLXo3M3hqMi1xRHRWbFZjdVVfYjlySkROZVltXzhfenNFcnZxT1BuQ3Mzbw?oc=5
2026-02-24 03:00,Business Insider,businessinsider.com,"Japan's Blistering Stock Market Rally Isn't Over, Goldman Sachs Says",https://news.google.com/rss/articles/CBMiowFBVV95cUxOTGdvaUZGcGZLTFdzZVY3OWQ2b25rQUZ0a0ZpVm1pVWJkTUdJYVRaV1FqQ09pZ0FmWkFoQVRrM1Y0NHcyaTVmRjNYMWFFUzNnYURoV3M5dXVheWlSQmNBQ1RDVlNpMVlheHZUTGdlVkx3RmE0MmJXbWxFVGdLc3hlUnotYmNiRFJseDQ5ei1EbFI3SGRJUDdRQVR5V0NnUE45akxR?oc=5
2026-02-24 03:00,CNBC,cnbc.com,Biggest risk to the economy now? Goldman says it's a stock market correction,https://news.google.com/rss/articles/CBMisAFBVV95cUxNNXR0eEtTa1FseXZBMjNDUjJLTjV0VGRsN2F3cDZjWldzbHBQZFRPUGJkMmZxd1I3QTN6UEFaR3AteVV6YmV5dUxXRkpSbk1jVDd0bXZFU1VyODRwMmtEbno0YWdpaXhpbnBTaFpkSXdsSURfZzgwZE9IQXFFazVfdV9DSDI0ZFJFWjllREtYaDl1c3YzODhNZFl3RUlwQ21qNFlmY0FJZjB3QXBIakxHcA?oc=5
2026-02-24 03:00,CNBC,cnbc.com,"We see a growth backdrop that's still relatively healthy, says Goldman Sachs' Luke Barrs",https://news.google.com/rss/articles/CBMixwFBVV95cUxNQVh6VzQxN2RnbXNIaTNqWm0wS2szRW5Md2NjajZXVzVVcDI4bGFvUEh2RUJEdlVMSklNZ05tTE4tX0pONkw3Y3pWQUdjdlBJUUp5VHFiazREbHp0aFNVSDFqVUlsYlpPQTB2Z29oUWlYYi1yeHQzSlR3cU5OdkFqYlR5RzUtU1o5TjZvczR5VThIWmlfRks2bXp6OU1aWTRwb1RhNXdadWE2QmlDMUxuVmxEbHpwdVZmb3dWeXJmOXZ2SzZkQ20w?oc=5
2026-02-24 03:00,Fortune,fortune.com,People are getting fake news on their phones and that’s increasing the risk of a market crash,https://news.google.com/rss/articles/CBMiugFBVV95cUxOWlNRaDNvYmlIRngwbzNlTXg1cHV1YlFGTkEtZEdFamdTOWV2aVI5QUZCOThueEpQWTlMTFNlT2c2cnByYUJMZnpfYnhoQlZWS3hoM1JUS21jQlVqSlRBNjJnRlMzc0pCbFNaS09YUkZqRVVnWXZzNC1waFo3X3lMcG5jd0MtRTh1VFg2QThEUTdYRU9ENVY4WWM1dnlYdXlodm4xb3dsZ1BadVk3eXhfbDJQSHhReEs5elE?oc=5
2026-02-24 03:00,The Motley Fool,fool.com,How to Invest in Goldman Sachs Physical Gold ETF (AAAU),https://news.google.com/rss/articles/CBMiggFBVV95cUxPMmoySUhFUTQzVXpOMWFEd2VndW9EbzBfbzBXZnBJMWFMM2ZFSFNuYlhycWRBeF9uSjBRRzV3bjV3TWRWaDY2aDlnZ25FMTk3Ul9NMlNyR0Ywb0RMa0tEOU54RjNnZlotUW1pTlZvMm9ZSk9LekY3SVFERE1ienNNcExn?oc=5
2026-02-24 03:00,TheStreet,thestreet.com,Goldman Sachs resets Microsoft stock forecast,https://news.google.com/rss/articles/CBMikgFBVV95cUxNcERFNmJhejRUcnYwX1A4dktJbkhIVE8wYlpzUFR1Mm5TVTdEcWlKZjkzTUxqdng2MmxmLXlBc0VwTDR3UzRhc1FpRHpZYXhmOWhiVnhPdlFDb3Y5dXJDVy1YUUFNQXFWWnQzdmYxU3llelBaby1rWE1lX01DRzU5SUNYQzBlX2p2VzMyYkdpV1BwZw?oc=5
2026-02-24 03:00,Yahoo Finance,finance.yahoo.com,Goldman Sachs warns AI-fueled layoffs could raise the unemployment rate this year: Chart,https://news.google.com/rss/articles/CBMizgFBVV95cUxNOWU0Q0VadnhCS1lKdVdpTmM4bDBmUVU4UkZZNzZkMGlGOW4ySGVKbmdoeUM2XzBzWWh6ZFpHaFRYN3UtWHhmZzlSZFNPYUJSRTNUWU1yUDZQLXM1dy1DLUtjZFIyaVRGZlExTjRsY2NFLVEtMW5yMHo1RE9NcGswUUQwanFxRWV4X3h3YkRZdm1sVDl3UUdNR0tXVE1LR3dYUVN0UXBzQTIxSzBMTlZFOFRycnZIaWg2RS1tM3BMQzhnYzhycW1DTjlYNVQtQQ?oc=5
2026-02-25 03:00,Business Insider,businessinsider.com,"3 things could revive ailing mega-cap tech stocks later this year, Goldman says",https://news.google.com/rss/articles/CBMiowFBVV95cUxNakdDQUNpSV9nQ2toMlRwcjI5X0hjaFgwbkZ1TFJfSEJldnc5d0xMbVdyaVkyQkZOblB4Yk9mOWJ5NnlqMWRRM2ZlMU9lRkVZS2wyVWVkU281eF9QRTg5Q2dZQmFzRExWRzdmU0E5cHhjTmRTN3lha3RMTXZfa19XQ0g1R196VUJFOVBMUl9fM2pwV25YUC1FdTFrd1FIcTR1YVY4?oc=5
2026-02-25 03:00,Business Insider,businessinsider.com,Stocks are flashing a signal that the AI scare trade could lead to a sharper decline,https://news.google.com/rss/articles/CBMiqgFBVV95cUxOWF9FVWxFM3R6cW92dm94RnZnLUY4aUdwOUlGVkdoeWFMZTdSbGN2SDlkTHRDNlEzT2RRbFNablk1aFdKOU1DSWV6UEZKV2pPTXU4R3dNb253bVU0YlBEbEc0dmpuOFNYcDRweHg4dTFJazkyV1JkeFFNazdwTkpYTWtmWE02aHk2UW5SQkJILTkwbzgzeGF1S3BrWVR3d0lrV3hKT0U3YVl2dw?oc=5
2026-02-25 03:00,CNBC,cnbc.com,Goldman Sachs analyst Jim Schneider on his expectations for Nvidia’s earnings,https://news.google.com/rss/articles/CBMixwFBVV95cUxNQjZxNWE4SHRxMzFZcnAzak9xMEE1ZzNnYWVQQWV6M09iWDFJX0RjcVR0Y0J0S2t0MUhCNlJUUXRzRWZsTXBNSEhySVg3bzFYVTFzVHBEc1l6c1pMaEpKUlhFMWRJbllUNnFoTkRHQmhkeDJKdGJEZWhBNEw0SzYzeEpuUllMM1lBdU5SMVdyU1hhdjdZS3FDNzJ0OXFJWC0xM05DQ2t0LXdFeTZ5dXJRNnBwUEFFYlQ5NExBTTZ6dUdPb0IyY3Vr?oc=5
2026-02-25 03:00,TheStreet,thestreet.com,Goldman Sachs revamps gold price target for the rest of 2026,https://news.google.com/rss/articles/CBMinAFBVV95cUxQaHJ0Z3dKY0h1VmVFYnVSOWkxMmhZNWFBYzNJUktDLUVVbFIycEZrcGVNZ253ZFJxQXlHNmhrUEVEcERvTXdaUzlJczU4R0ItV3kxM095Y3BadmlaenNWT1BCa2pXbWg1R2RLanpnMHhmb29JUzBqQlFOMlBLb0xqSTJvQnZoMGNWY3REeW5jNVZTUUxSclJFRzE0ZF8?oc=5
2026-02-25 03:00,Yahoo Finance,finance.yahoo.com,"Bitcoin Giant Strategy, Coinbase Among Most-Shorted Stocks: Goldman Sachs",https://news.google.com/rss/articles/CBMiiwFBVV95cUxNZS1GNGdudVROQ0QyUVRJU1hWYU9JYS1PS0dUOTIwc2RrczlESDhnb3Z1bzMycjVJR1d5LUxycUNIOEwwUGxqVnFNaUlac2J5QjdVNW5KdnZJTHlMWFhhRndBdjMydHE1VjNSaGI5RC1kU1ZmMllvNEQ2aTNaVXZBRl9tS1NkMnhGcWNz?oc=5
2026-02-25 03:00,Yahoo Finance,finance.yahoo.com,Goldman Sachs CEO David Solomon Admits To Owning Bitcoin After Previously Saying It Had No Real Use Case,https://news.google.com/rss/articles/CBMigwFBVV95cUxNaldSc3NlQXRQTDJ1LWI0M2ptYWE2dURpYkN1aW82cjFjTFhTejBVWjk5T0FjTGY0Wld4aklpaDlPMFd1OTRub2otUm44QWoxY0NKdXp6Yy16aW5oNjRIdHFHZTl6WGo3V056NkRHOFdJYUQxTUlYbjlLRTQ2ZnFwQkItMA?oc=5
2026-02-25 03:00,Yahoo Finance,finance.yahoo.com,Goldman Sachs Lifts Honeywell (HON) Price Target Following Re-Segmentation Update,https://news.google.com/rss/articles/CBMihgFBVV95cUxNb2gzZE5IaTlMOHNpTmVYZ0QyVUpKaW9QVVJkMjM3U0xZT0lIWmZjOXptUHVsVWZHcWZDX0hDYUFuc2RpMFpaT0JzMVNVUExoLXlVYTQ3ZlBtX19HbElUUFE3SThuejhsUlEtV1YwTGRBQVZwQkF5Z0l4NnhLdzVmQ0NLVGsxdw?oc=5
2026-02-25 03:00,Yahoo Finance,finance.yahoo.com,How Is Goldman Sachs' Stock Performance Compared to Other Capital Markets Stocks?,https://news.google.com/rss/articles/CBMijwFBVV95cUxPYXdCb0dNTzlZd3BLV2VOQW9NQkRSeWpmZzBSejhfNUZKT0tLOENBNzctY3VSSF9wcjRoN1Z6cnVJS1NzMmxuck9TOW50M3BBeUlGNS1jYU85TldRTlBRckkwUXBQcDJTdzJDTTFWdGszOEdMTTktLWY1SDlPQ1M1SEwwS1Vkc3M2UkxCT1NvNA?oc=5
2026-02-26 03:00,Benzinga,benzinga.com,"Goldman Sachs Stays Bullish On Nvidia Stock, Sees Nearly 30% Upside - NVIDIA (NASDAQ:NVDA)",https://news.google.com/rss/articles/CBMi2AFBVV95cUxNNGw3Y0RrTGxhdnBkel9NNjhyTS04V3ZfRzBpaVNhN3dURWp2ajNjc0xEZW5tR2FuWjZWZVJrZjJoRml6NTBiRUtOU0lRNHhfOTFHXzF6VFFyVUxjN0VTR2UwY2RsMEp2QWFEZnVzRnZPNXN6dGhMczlYTzlWa2xSN2ZNam5hVkpRVUJDa2owcmotaWhYcl93YmFsUXZqUm42UU5XelE0WWh5YXlKMVNnYmhUYnIweXV6WHIyRlh2U0otS0FSb0Z4bV9wczZjOThwazNHTEFsT3A?oc=5
2026-02-26 03:00,Investing.com,investing.com,Goldman Sachs explains Nvidia stock decline despite strong results,https://news.google.com/rss/articles/CBMixAFBVV95cUxPS3RDWmhsallLNmNWbGhzLTZiUFBYVWV6STFjYjB6dlBZMk5JazBMZ1dKUGJYWTBBTVI2NXNrWWZFWGZ4bE54Z1FYdGlPSTVTTWtIV3NDVWFLWmdTRWhmS2dmSnY1TndoVnlUSFl3NTdZZjJZQm9CV2VubG1IcTJqUHB0Z211Y0NwalB5eks1SVVZeGxGUEw2N3dNWjJNazcyM2YxY2wyS0N2MFlKWWM4R1hHWVd5WkdBbThManJ5Umh0RzEt?oc=5
2026-02-26 03:00,Reuters,reuters.com,"US software stocks to keep rebounding, says Goldman Sachs prime brokerage note",https://news.google.com/rss/articles/CBMi5AFBVV95cUxNZWdwNktpVUN4WTE5M2djRDNMLV9UVWVGZlVZMGI5aWJMdWl2czZ2Uml1SVM5WXMzZ2l1RGN4dEhOdWt0OGhIaDJ3QVA1ZDdGY3NJdXpmazJzRVRxUGJJYW9wa3E0R2o2TktrLTVJcFZjRGRVcDRETy1ENWtpc2hLMDBnSVduQnhSUy1kaGYtakRLMDhyaFZvaUFOUEgtdEV5T3BPTzBrME1nTlZ0U1AzT2t5bjk3bnUzNDg4R21XTUlKLUNqdEpJZEplcmRQZDh2Zjc5Rll4U1NDZGwxWHJYclJsRjg?oc=5
2026-02-26 03:00,Yahoo Finance,finance.yahoo.com,"Goldman Sachs Adjusts Robinhood Markets, Inc. (HOOD) Price Target, Cites Strong Early-Year Metrics",https://news.google.com/rss/articles/CBMijgFBVV95cUxORm1qWC01cUtTZjJ2LWljVGtQeVF4UVMwUVJ2bTlvb0ZSUUNHRy1FS0EwWlVHcy1aeHZwdmZ6aHhpdFNNeVVRbmZfRnpWTzB6VVhVVHZiRktZQllLMmpydFhpVTRtakdIOHVkN0NYckZwc3ZXem5KbjlRcnlkSWFjakNGNWhKZlRUWmVpUG5B?oc=5
2026-02-27 03:00,CNBC,cnbc.com,"Attaching capex to revenue growth is still key for tech, says Goldman's Tony Pasquariello",https://news.google.com/rss/articles/CBMiygFBVV95cUxNc1hlRC1NSWJUZy1NY3FkRXdSb2FWd3B5YnlYTGdtNktpM1FCVjJYdjI0TkRUZE9KSlZmRHAzdmdrTk5TeHFPOFZLWVhDaTlxLXBDNTRMMmFsemJjZXh4NVI3bEhWXzNmX2p1SW8wMEZZOEtaaTRDX25GNUNYMGpZRWJjT2dxczVZQVFvWDVHYnpWbHFzMno2cXJmcDhGdUMtTl9BTXRVNGVKUkY2MGNQb3M5N2IyZzRzVXgzUS1YRElOZGUzMjlnSDhR?oc=5
2026-02-27 03:00,CNBC,cnbc.com,Watch CNBC's full interview with Goldman Sachs' Tony Pasquariello,https://news.google.com/rss/articles/CBMiqgFBVV95cUxOVlY5bG1QYjZ1RVdlQnp5NzdwOHN5Rzl6ZHU0ZlgtczdRQ2RXUTVhYTdqdmlGMno1SzRiUTJrQmVlRGg4Sm03RW94Rm5KZ1dPUTk5Tm1XSW5sb3RSUkN3dF91cHZZSHdOeW1tSHNNSlFfcGdvX19ZRm5reDE0SDlQUmdvSWUyQWhmRVBKcTM3SHhwR2cya3BjZ2g1Y1RsVGNGWjZ0YXJLQXJ5dw?oc=5
2026-02-27 03:00,Yahoo Finance,finance.yahoo.com,Goldman Sachs has stark message for investors in AI stocks,https://news.google.com/rss/articles/CBMiiwFBVV95cUxNVDZMWDBWSFpDcnEyeDY4bG1BWkNpYnJiRW80Q2VpYTN4a0ZodHFmVE1rZnAxX29qbnN6RHNSYlBDeHNqZ1FXZDdfVHhGdjNKNm9sSU5JOHN6eExGOFUtRHZBTkhlRVRXZkhoa0kyak9jcnpTMHBKaGYzTzNnN0N2bHZyQ3MwSFpuS05F?oc=5
2026-02-27 03:00,Yahoo Finance,finance.yahoo.com,Goldman bucks private credit redemption trend as AI disruption fears mount,https://news.google.com/rss/articles/CBMijgFBVV95cUxQdEpaNVR4cnYxUGZob2pMLTQ0NjF2R3g4UzRmLVRoU1FPTERDbFFSLW9rZ0dNcGRBenNjUFNNT3BqMW1jamxGT3BSLXIwTVY0SDQ0SEt1Y2VaRFRFUmVNQXV6SDQycUlRVllkMVA2WnAtd2tCRW9TTGU1T1VlVE8zLUFVeXB4TWNaakhOUEVn?oc=5
2026-02-27 03:00,Yahoo Finance,finance.yahoo.com,Why Goldman Sachs (GS) Stock Is Down Today,https://news.google.com/rss/articles/CBMifEFVX3lxTE1nUGVabUJqbkZrNmFOem0zblNVdGZ2SGRnVk5KTDB0NlVmTnZqX1lyaE5lQmk3X0NpdHQzSUpjZXVsSFVhVVBaWDdxVmdBSXgtc2dJYUpkRkR6NWhnZFhHU1JDRGxEOVJ0QzVySUllQU9uNFlINnFyNHZWWXA?oc=5
2026-02-28 03:00,Business Insider,businessinsider.com,What to watch in markets as Iran attacks stir up 'worst fears' for oil,https://news.google.com/rss/articles/CBMirwFBVV95cUxPZ1FUQzR2c1lpd291MXYyOEJaU2I1LTRxUnBxbl9qak5kdUI1RTdmYzR0azNCa0NjZEJrZDVWOElONWUzNFVmMzZBTlo5TnpoOGUzWVhNMVlkeGxXYm9reHM4LWROb284NU4xQ2Ztd3JHb0hXNXRuNi0yT3JHUmM5TWtkZHJBcFVYV1VxWjRFQ0h5UDA2S1lYZVVVbjZ4d0lZcUJQRnF3NnA3bGpoMWE0?oc=5
2026-02-28 03:00,New York Times,nytimes.com,"Lloyd Blankfein on Trump, Epstein and Life After Goldman Sachs",https://news.google.com/rss/articles/CBMihAFBVV95cUxOTDQxWFMzc0x1UVpfbUlfTHJsdXZsbS1qUjhCclJyaElScnhyUkVKREtUVDJxRWFzbUxITFdYRktwYVhVTXFaaUNVWjdKWEliWGhMRnMzNW5NQVN3R3VQcmFyR21GemY1ZUVMNnhNczhXUjRJQkhhcFluVUJrcjdnUEVJVS0?oc=5
2026-03-01 03:00,Financial Times,ft.com,"People are complacent about risk of financial crisis, says Lloyd Blankfein",https://news.google.com/rss/articles/CBMihAFBVV95cUxNRFVpeFZwZDhqelBhMzVwV3psNFdxYUwyaEVSXzJMZzRJRVpnUmUxbXVNS24xVkVmdGJYSTZSeEVYbEhza1JrZ1VITDk5VzhwMkJqNjF1WmxzcGRkcmt1VGN1T0l3UzZBMURxbUdHZmt5dV9tbWJzbDVhWHJZX1hXTGk5TE4?oc=5
2026-03-01 03:00,The Guardian,theguardian.com,AI-resistant ‘halo’ stocks drive UK and EU markets to record highs,https://news.google.com/rss/articles/CBMitgFBVV95cUxQLWF1SkRZaEtaTl9ueWkwbzh1eFV6TDJzMXVwWjBmNnZVSTVCS3ZoV21aNzg5bDVBYWd4a255U0FyU0lpWWhqMWMtQ3JRSl9SRUt2NjdOWU9wVm5CLUJ2TVhvWEt0M0REempsclE5U1JWVjBFY1JyQW95aWJndnB2VFZzUjFYWldiN2lXOWwwS1UxMTI0eHBCaGRTd282SlFVWE5sam9nd1Ywam1RSGRoWXo1ZjVmZw?oc=5
2026-03-02 03:00,Bloomberg,bloomberg.com,Goldman Traders See ‘Painful’ Path for US Stocks Before Rebound,https://news.google.com/rss/articles/CBMisgFBVV95cUxNNTVzT01pRXR4dXp3R2MybkRsSk9JcVcwUmNROUo1QTFqUHVEMHptN2FxM0xLRllIZEhVZVc2R21UclpYbVZBTGN5alBWRTMwY1JvY3RGc0VmbFgtMWJUVFZUbDkydG5BajZCQV9ITzc3MklLRU9JR2ZrT3JKTHl0bkJYcjhyWmlldWJVNzZfa0FmNmRISXJfSlYyVi1zTkU5YUtpU1YyTklYcFU2OHBoZkFR?oc=5
2026-03-02 03:00,CNBC,cnbc.com,"Buy this power infrastructure stock as data center demand pick up, says Goldman Sachs",https://news.google.com/rss/articles/CBMivgFBVV95cUxOcW16NGVZLWdjaExkOW1XdThQRGRfM2pNeEktLXZfakh3bVFIX3BKeHE2a01vcnhkdzNoR29pODU2WWN0cmZVNVUteEVWSEUzd09nUlQtX3V2MUhQM1BqYTNUMU54eDJUZ1ZKekU1SGxLZjQ0UXVSVXFBWXM2dVM1M1ZJcmpRc3ZieEk2OUR0SVRqVTNQY0YyOEVQa3FKQ05neURQcFo1T242b2U4VTRNQUtnaXhSVE9oWms0OUJn?oc=5
2026-03-02 03:00,CNBC,cnbc.com,"Lightning Round: Goldman Sachs is way too cheap, says Jim Cramer",https://news.google.com/rss/articles/CBMiqAFBVV95cUxNVlo5RVNIOVB4SnotVmxKNHNZWUZ3WGU1OWRPbGdWWEZ1Rkl3aEdwamJoa2E0NTVuVUpwVGNqdGFGYjJ6dHFEZlJvUDVxTGNPUEdacXVrbFNpQWNkV3hCMUh6SVRic3h3QzZEeW03QTJRRnZlcHMyMDJRWnlUUl9aeUNFTV9oaTRJVTFBTGt3cnliV2h2ZnY1eFVrN25TX2R3OVVzV0xkNzY?oc=5
2026-03-02 03:00,Investing.com,investing.com,Goldman Sachs reiterates Apple stock buy rating on iPhone 17e pricing,https://news.google.com/rss/articles/CBMiyAFBVV95cUxOa1BDX25QeTFMSlMxNk5ZSEFZdTNxSWhlX1lHc19zWFQxVXdfM3J0NURfYlVvUWVjOVZ1RXNKelUyR2V3QTE3WE9INDRiVmRtb1JtcmVlT1d1NzhNVkY0VjBPRDB2YloxSHJ4MUwxWlFPeE9wTHZidDhsSHM3V1RtMDFNVEZPRFJUSjVEekxOZmJCckVIS1FrNDAwUEJSanhySko2WW9wSFZLLTlDcjFHb1dNRjZENUNocFdYOVg4OWI0SzFXWUxXYQ?oc=5
2026-03-02 03:00,Investing.com,investing.com,Goldman Sachs reiterates Micron stock rating on DRAM pricing strength,https://news.google.com/rss/articles/CBMiyAFBVV95cUxPZVNmMGxLenJEZFdOdVpYYm16Q0RpOXJ4aWFiNXVvMXBRckdTeGNjVzlsZE42Rlh4NExOYVBxZ1FadGxjM29mMHIxTENJNmNxY2VDc0xJS3lTd3owOWMyNl9tMkJoWmhHMTh2cG13Mkh2TFprcGRYZVV4VzlmMmpCbnJpRWZIMU1IM2ZPT0VJWWtBWjNKclZFaXdLeTBjSnlOb0FNbjBNcWd3Tlhxam9ja1ktX25KRWUxRDRPQWlUX3g4aXp6UlEzZw?oc=5
2026-03-02 03:00,Investing.com,investing.com,Goldman Sachs upgrades Alibaba stock on AI-driven cloud growth,https://news.google.com/rss/articles/CBMivgFBVV95cUxPWUZ0YXFGaWFJQ3BzVEstb01rTnduNUlNV2FKTXREWHMxS0diWFdxdVdvOUotVm03U0R2dTlPSDJKUklzM3hCOUpsdjY5aUxkdGgxVy1NMk9PRmlPRE5wUU14aGsyNFAtVTdoSTZmQUktQzBUQkhST0tQblpwY2MyVUtnMjBvLVNvZzRSaWRQX1Zpd200bVRNNTY2ZzRFTE5NcnlTSkU5ck5URWRCRGV3cXFhZWpDVW5FbmZram1n?oc=5
2026-03-02 03:00,TheStreet,thestreet.com,Goldman Sachs resets Nvidia stock forecast after earnings,https://news.google.com/rss/articles/CBMiogFBVV95cUxQU2diR3NVT1pCY3AxcUVfT1ZXbW42eHVBd3pkYi1CY3RfM3dQVURKdkZjS0VZV2dkaDhHN0VCOS1IRXdXS0RkX1U4RlRxRTZTbUVfcDRjT0wwaVFmM2h0NWoxem5lYkNxTTRTazRoUExONG5kVHZYbmtYX1BEbF9jdnIxSmRWUE5Zc2t3dWQxOXpESEd2R2hQQ3RaLWZ0Q0tDd0E?oc=5
2026-03-02 03:00,Yahoo Finance,finance.yahoo.com,Goldman Sachs Says Hedge Funds and Mutual Funds Both Love 5 Top Stocks,https://news.google.com/rss/articles/CBMiggFBVV95cUxOc29xcXI4enJXYXZjWUR1VFdDaXR1Zktmay1kbUJpcjNvX1pMSV9SdFFwU2dTU21LSGVLNjl5d0xfeGVSa0ExVzR0VWl1MF9aVmRuOWx0b0RYTi1Jb0VvLUVxcks3YV9NZ3l0LTZwSFhiejFoQWpuRThQSU14SFRfbkxB?oc=5
2026-03-03 03:00,Bloomberg,bloomberg.com,Watch Goldman Sachs Gauges Oil Price Impact on Asian Earnings,https://news.google.com/rss/articles/CBMirwFBVV95cUxNblg5SUdtQlF5cWtjaXpaMDZEMjFHTl9TUV9PeHpuLVdrYkdpdE9fbFJSY1ZYOUQzajlmZW5uc0tnWnhWeVU2NFJNVEdrYUlocEphRWNfVzBIWm9XdThZbGRPODk0TlhMaDlHWWZScWlGeHN2TjFlSkFZbm04Y19DT3R5cnZ3enZCcU9QVmFSS3Q1dzBpUHhLSFE0aDFiaGRlb3p3OXlVbGVraDdwRkIw?oc=5
2026-03-03 03:00,Business Insider,businessinsider.com,David Solomon said he's surprised by the market's reaction to the Iran war,https://news.google.com/rss/articles/CBMiqAFBVV95cUxONWhVMkFUcGJoZ0FIbjltcC1ILVAweDVZazRleXRGMTBFVmljcTdjaVJiZ0l6R3FEMHVkTGRaVGNLZGwtV1p6bWFmbFBLRFhGZ1JoYTZEajU4SjhCLVRSSG1icEYxeXlsQnRZVjFVVXFxaXFoRTlpbkVlc01RbE5WVFJtUEl2a0ljV2lROXhSeXBPWWVCYUl0LTdUaVYyYThxTW4yVTYzcHk?oc=5
2026-03-03 03:00,Business Insider,businessinsider.com,"Former Goldman CEO Lloyd Blankfein says markets are due for a 'reckoning,' and private credit could be the catalyst",https://news.google.com/rss/articles/CBMiqAFBVV95cUxOSlZQbEZ6Y1ZBd3ZoT2lUanc0RDVyU1JjY1k3TC1IbHFUeXE2NGF5V1AyZ1pjYlBQanJETEZ5c0J1TVJkRDlpZTh2OThiYjAtVlNtRFk2NUFzdXVGTkxkNUZTOHFXZGRiYXRjbmNUZFdDRmZFYmNjZmpiTm96SFpDVmNUeDQyQ2RKaktUU1ZKLVluNjdfdTFHMi05SEFEdjU5OTJicG1LNnY?oc=5
2026-03-03 03:00,Business Insider,businessinsider.com,Goldman Sachs flags 2 new high-conviction stock picks as the Iran war rattles markets,https://news.google.com/rss/articles/CBMilAFBVV95cUxPMkJEUFhqb1VpUHVsWnhhUVlTUEg2dE5vMVdNWHlXU25maFdBN2EwUkc1N0tULUMwdXFFX0M2ZkpCS24xX2VLTi15d0t3TXU2a2NkZlpXZmNvaXpTamhEUmNuRWNidVB1Nmd4NVlHOU1yWF9iVG81eEl6U2VmcXY4RktQVk5nQTJpVWY1cEEwYlc1RFQ5?oc=5
2026-03-03 03:00,Fortune,fortune.com,Goldman finds no relationship between AI and productivity but a 30% boost for 2 specific use cases,https://news.google.com/rss/articles/CBMiwAFBVV95cUxQRzk2cUZ2SlA1SHNxclRVZUx1Tml0TUpBY3BKakdpekY5U0VmUjNtcEVJSjJWWWtUTW5reWZtLU5Lc2NSc1Mzb0ozb3gwV2p3OF9HUXd1bG0wZWNDaWhzV2kyY19DSTNRT2xhV1lKc05OekprZzFHdmJLdFc4dW1rUllVamlRN1JXV2JRbk5qRWZrd2hEYUR5a1d6M0Y5QmhBVldfSFJDVlFkbENheXJEVlc2eFB4UFkzYVJaMXEyU2U?oc=5
2026-03-03 03:00,Fortune,fortune.com,"Why the stock market thinks the Iran war will last 4 weeks, according to Goldman's head of oil research",https://news.google.com/rss/articles/CBMipgFBVV95cUxQZ2prcTVKWGVVakdLX29IWDRaQzBTMnlzdllMQnQyeFVfVkM5ZWVuNjVmUE1CY25GSkV3Q2lnTUk2QlFLVkFvbFJYRmR6bVpGTU94b2tRSU9reE8yMG85eDkwSzJJaVdRa3M2c3lNYzctck05TlpHd0hiXzhLUVd1Ykg4MDlrX21qeWlfY1JTZldHYzZTWnhNSHpKdzVWeUdSZVh3LXlR?oc=5
2026-03-03 03:00,TheStreet,thestreet.com,JPMorgan revamps Nvidia stock price target for rest of 2026,https://news.google.com/rss/articles/CBMimwFBVV95cUxOSE1hYWRlNW5LVXNxc0ozakxjR1doUmNmeHRyM3NqQmtUN0ZwY1B0QURBTVVlSWFtUjNjdy1XNkNoY2NwNjJyeFdEQjIta0diV3paU2Q2cGRCSDdYV2FTSGZoaGVTZ0ZFaDlmTEJVREhHWjE5Z1NiY3lsbEdQZE9zM1JDM0E0alJSOHFyNjJSUFFhZEtWczZKMGNnYw?oc=5
2026-03-03 03:00,Yahoo Finance,uk.finance.yahoo.com,"Amazon's OpenAI tie-up ‘positive proof’ for AI growth, Goldman says",https://news.google.com/rss/articles/CBMiigFBVV95cUxOdFJ1LXV4TUlMNFRkSU5TY2YzejNaQWNqMzRJZ19IMHVkeGRXZlNKTDZRN2xYVTE1NmdTeDhjX2gwSXJtc3cwZGl1ckJleWxwSWt1SG1Za2lOVkF0SVc0MjNnVi1pLXcyNzNtTFMyVFpyT1BXa0MybkFWX1pSTFRWQ3ljU1NOaDlXTUE?oc=5
2026-03-04 03:00,Barron's,barrons.com,Goldman Sachs CEO Surprised by Stock Market Reaction to Iran War. He’s Not Wrong.,https://news.google.com/rss/articles/CBMijgFBVV95cUxQNVY1NjhHVno0eUNfWWpDd1p4YWo1bDdUY3VDUy1QVS1VOFlHQVBCSUpZYnFmLVBjSTlWVHZSR2lZUlNyMmlMS0J4cmlGVjlkOHk3ZUJWMmpYN1BGazR6TDNZMVkxZEF5T19pMnV1NXNSZTBkeFBDb2cwS1hSWFJtd1A4REpCZWRCQnBERzdB?oc=5
2026-03-04 03:00,Bloomberg,bloomberg.com,"BTIG Joins Goldman, Citadel Securities in Bullish Stocks Call",https://news.google.com/rss/articles/CBMisAFBVV95cUxPYWt4d0VZT0VXNVZzUDFFbnVaS1pLdW9EaGdBUVpnU2d4MHhOMDJKaHFKMGdtLU5USW1JQ3dyYWc1MDZkMXFVaFRzVG05eVhJMVFEWExlWE1OZHNnTnl1cmNybWVhQThIb2N5OVdZcV9KZExSb21RTXNSWk4ycGFBUWVrZE04VU5nRWVfam9uRVU1QkdOdlBSZi02S3F1RXNZU0txWHhpcTJDQVBvbkRMSA?oc=5
2026-03-04 03:00,Business Insider,businessinsider.com,What US companies like Amazon and JPMorgan are telling their Middle East staff during the war in Iran,https://news.google.com/rss/articles/CBMipgFBVV95cUxNV2JPMHgtTnUxc0hXcWhYSXR5Qy1UaWFONlZnUVhDYTVVR05sX0VtNDExQmZ5bXBZNEQ1OXU5N3Z2Ni1qTEVDeFNrZmpQNUNKRXRZdUxNazRvWkU0Z3lLR3JnOGFuRGRHeWlhaENmdHNaaWVvcVpFU2xCVGdPNUp4R0tBNW5OLTJqUmpQd1ZuWlFDeVB1bEFsbk1yeXFCZEhlSnNNTzln?oc=5
2026-03-04 03:00,Business Insider,businessinsider.com,What to you need to know about the 'HALO' trade that's hit Wall Street,https://news.google.com/rss/articles/CBMinAFBVV95cUxOWGlrc2FfTE0yV2cxbGlsVW5RU1NhRnFJSW5MSXRCbzdacFNWYjJiaW1XbHVnUkczNl9OYWFhRmFkcEZyWm1OUFJiaDM2NGNDaUZyaHVYVXJHNHBOS1c5Qi16dm1rMnVhTXdfVDZNYWdlOEl0dnE4VmFTRnpCZS1WcmpPTkEzclpoampIRGcyY0FFa0cxYXRKYUVjcTg?oc=5
2026-03-04 03:00,CNBC,cnbc.com,Goldman's David Solomon surprised by ‘benign’ market reaction to Iran war,https://news.google.com/rss/articles/CBMilAFBVV95cUxNMHk1RlRUTHBHTUkzeWdyVXZ0amY1SVF0TXk4UzRXdDFaSTNiVVlJV0tzX2tVUkszbm1kcUxLaDBIaDRjcHI1d2JRY0JfRk9qUzZzZWhtamlGQ280RzIybWg4Z05sY19tZ3MzSTdtUUxvOTRBWkVEb3NMWTRlZW5JTFJ2aFVnbkFqZTkxdjB1bEdIQkFy0gGaAUFVX3lxTE5IZ2w2dTM2RFV3ZExrSl9mYzZSamZWeDAzeGVFMzN0MmJzZlZrb0RnVU9CRzdLWEFibWhXSU5sWHM0a2FxWmROTHo4LVJPNGdockNGdnZMTzI2X3hzamxtazRyWTliRDNFVWdVZG9MUDNEYl9IaVo5dklKSEhNSGthODBqY3ZwanBPSDNDSElOMHlxSjdCakJqOFE?oc=5
2026-03-04 03:00,Fortune,fortune.com,Goldman’s top strategist warns stocks are flashing the same warning signs as before the 2008 financial crisis,https://news.google.com/rss/articles/CBMiwAFBVV95cUxQY1p0bkF5WDQ0ZjE3aVdFNEZhRnd1OW52U18xbVJncXdYdVhtSWxXVG5MOGdIOVhoRjdrYmkwbkoyeWY4OGZRNndwNl9xV19qd2lDajlSNGNjNnNxX0I4QXZNSlhoNXU2VDIyU053dWk1S0VqNlZETjVLU3lsU0xRSjE0Q190eHVSTFl1Q2RVM2pFdE1LSTNwTzF5Yk8zN1phSGZLOThUZXYxc0xJa0RQNW1sREh6WFJ3ZU1jeHU2UlI?oc=5
2026-03-04 03:00,Reuters,reuters.com,Goldman CEO says markets may take a 'couple of weeks' to digest Iran war impact,https://news.google.com/rss/articles/CBMiwAFBVV95cUxOT2lkQU96TnZEcndnN0VtamxESGV4RU5nMndqRnhmRXJMbXFraHk3S1hldDVRbXBlTlVQZXp4aE5TSS1OTl9SeU8tWDFIWGpvVVNzZzJheTFRZkpOUkVWZUhQaHgzdjF3bGdwR3JCYjFPRGhlYTlmWmxubXpRWkNNZzBlV3h1cGV4d2lvV3VaVkVOMGQ0dGJSR1FXRU1OczRaekpqVkVKQUJ1RFVJdEV3ZFNmX2pobG9BdUpubVFUX2U?oc=5
2026-03-04 03:00,Reuters,reuters.com,"Goldman says global equities face correction risks, but bear market unlikely",https://news.google.com/rss/articles/CBMitwFBVV95cUxQR3FhRy1XTGRVVXRDWmdVR2RtYnYzUkRSNTQ2U2NQZEgzZXoybk5qYVE2YjFYellJVHVTVXNCVnBhRGpGM2Fyb1lleTkxMEkwQ1F3UkRpZGVOWVRDaWJXb2QtRGFuMndYeXdROEtheUNJeWVpUEFaVnVDcnhkdDdHbUZleHNocXJuYmFuMFFCSUNhUllfR1FHeU5OWGc3ZUxWY1RzNlpZOHVSMXNaNmFxS0lUREdGUzA?oc=5
2026-03-04 03:00,Reuters,reuters.com,Indonesia suffers a series of market sentiment setbacks in 2026,https://news.google.com/rss/articles/CBMirwFBVV95cUxPSkpIOGh3T3BUZklXbUdsU2NYMVZ1QkU0TjNKNmVZWjlpZGpORXdqWTJkbGw0V0trcGtnRkpqdVFtQ3liX2pkSTBxQ0VGSlRPa1RSdjdsRVMwREt3T2NBUjVCcC0wSTh2ZXB5STRKWm5vQXZ4X25rUVVuOU8ybkM5VjNUYW9nZmt1YktrVWlIUWZXZWk3NnFLZjlSb2t1V3NoOVc5U3ZWaTNHNEpUV2dN?oc=5
2026-03-04 03:00,Yahoo Finance,finance.yahoo.com,"Goldman Sachs BDC opens up on Clearwater deal process, rejigs software exposure",https://news.google.com/rss/articles/CBMihwFBVV95cUxPcmN5Z0dENTVvNWVPcGRsVkVoNGVvVlgxeDdvLUpUNUx1ckU4aklNQXpsNG54ajRRZ2pQcExiVVdtVkg2OG9qWmdQSVNHTVk1UlVJc0t1MlJ6bGpWdzVITGF5b0pMbTE1MWNnNV9DdnBSWEtHUS1ha2NUN3d2cDNkRHZqRWQxTmc?oc=5
2026-03-04 03:00,Yahoo Finance,finance.yahoo.com,Goldman Sachs Names 2 Top HALO Stocks for Its March Conviction List,https://news.google.com/rss/articles/CBMie0FVX3lxTE11ZlhHVlp1cjJ3TE5VOS1HMko0blJJbWozWHpnMnMtaFQyUUNhZDJQenBJV1lMaWNzZmRjYzY1cTVYa2VveWNBYUlodGVrRC1uTm1IRVQyM1Q2aDg5b2tlQUJKMGY2UjE2VG9ETXVuQ0tyLXhzSjFjVWtMTQ?oc=5
2026-03-04 03:00,Yahoo Finance,yahoo.com,"Meet Wall Street’s baby-faced new finance bros — they flash $10K Rolex watches, wear Celine suits and say life in NYC costs too much",https://news.google.com/rss/articles/CBMiiwFBVV95cUxPd3NlZ24tSTFXMUZ4MnNnSW1kYmRuREZPZFRUdU9tNk9UdllGYkNDUk1MVEFFcDhzWFRBZlZoNDYwVDZBa1VHUjVwM1VqUnRGWFF0YXBoZEhhTEpkeFZSdTlHZUV5MDlsTk1ZZFpuWmt2SXJuTGt0WFRiXzduUFlFZ2lqalc5TzgydVJZ?oc=5
2026-03-05 03:00,PR Newswire,prnewswire.com,Sage Raises $65M Series C Led By Goldman Sachs Alternatives to Redefine Care for America's Aging Population,https://news.google.com/rss/articles/CBMi8wFBVV95cUxQRHJfOWZLQnd3UTJnZXJha1M1MzFvX0hydmJJRkRzOW5xTFNuS1gxSWtfYXhMdno3OS1ZRTlBeVhmTkd6TXlEcXBIRFV4Q0didjJnMDlhV0ZoQkZVRDFvSGthaDhISjU3Sy0yWXRFUXJ6bjlOU29RZ2t4UllKRHZ0RV85ZjBmQllIR2dXSEZrV0NhX282OUttTTJOcjV0OWNDNUFLMk05TmlyUzNNalowZV9xSVRnZTFOMHhpRXU0enkyVmtqSFhDaDVVSF9ISmdhanJDSnVwVzF6ajl4RlpYWklBM1ZBMmJCMlVZbF9kZFBPZWs?oc=5
2026-03-05 03:00,TheStreet,thestreet.com,Goldman Sachs CEO reveals major risk for all investors amid Iran conflict,https://news.google.com/rss/articles/CBMiswFBVV95cUxPTHljVE9mdk9Hd1JXT2gxemtSYl9mcGk1c3cyeWd4Q0J4ZDVKVVh3ZGI3WkxPaXFpdzFUamh6MWlrWDRCT1NWNXA2ZU1VZGRkS1J2QmljYkZ0dGgtdFNxQW9LMEs1d2xtal9ZUkRLV0ZJdkZlUFRJTXFYaUNNTEIwTDQ2blVfSjU3ZDJhQ3pfSUJMOEs4SjdpcXlVQnZ0UlQtYWU4V3RTUS1XUGxubElwMjFwbw?oc=5
2026-03-06 03:00,Bloomberg,bloomberg.com,"Goldman Junior Bankers’ Photo Shoot in Hermes, Tom Ford Sparks Blame Game",https://news.google.com/rss/articles/CBMitAFBVV95cUxPQjhuaUhiMHpfU2NtSnA1MG8xdDJBdWp6c0tfcHFobVRkU0c2d1dxS2YtSmowLU04S25icW5GYTlkUWxBcC14elJZWFN3dC13ZUF1c1RKR2kzaEJfZS1XNFZjLTIzdEgyZTZrODlIU3hLb09kQkRIWm1nRFU3TGF5M1lvMkxFLXNFMFVYS1JBcGZtRHktNzN3YWtzM0Vabmt5cDlXLThqRDZwSHlQNk5jcThBdVc?oc=5
2026-03-06 03:00,Financial Times,ft.com,Directors’ Deals: Plus500 trio ships £67.2mn in shares to Goldman Sachs,https://news.google.com/rss/articles/CBMihAFBVV95cUxQWGNXUW1EOGlZdi1LVS1hMzJKWmFjZnZLYzA0VkZDMTFWcUw2RDVySEpIUnpqQXM4aG9Veml3Q01lcGpkY0VjUWxmOFJmTlNxX2E5SnFzcFpfdnNkOXVIM2hEYk1ncUM3cVV4YW9pdm01V0NNbHk1eVM1Q1dkT2JBNnpRSFc?oc=5
2026-03-06 03:00,MarketWatch,marketwatch.com,South Korea’s wild week ends on a flat note. Here’s what Goldman Sachs expects next.,https://news.google.com/rss/articles/CBMiwAFBVV95cUxNcXNlZ3pWTWV1STMxSzlmdTV4emUyY1FmZG5jeWxCUEpydFAxeVRDblNyNUNRT0prdWF0a3drWTFrVHYxNXNzZWhYa0daRm5UaGdoa3JOUXZMWUVqTVNZdWtRRC0xZktCOXdYVTZ1VXJfcTRtazY0eVE3Zmp5UU5WMV9YUlVKcUp1WDU3eU8xY1N6RURZUWtSd2l3RXZJRVhJMUMtQ0lOb1JneS12dUgzaS03Q2RnbGVaYW9PSDQ4bW0?oc=5
2026-03-06 03:00,Reuters,reuters.com,Breakingviews - COMMENTARY: Lloyd Blankfein memoir dispels Goldman's mystique,https://news.google.com/rss/articles/CBMirgFBVV95cUxQeGpKY1ZZaFREZWw1MEk1RlZNcGEyTnROQV9CTDVXdTNGbi01NS1UckhYcnR2MFBLR01CSFlTcnJSY2dqN201QmMyekpMc0tPNjI5eHJYZVBmbXczeU1zX254UmJabWthb1RJUHFRaFRaZ0NVdVRBZVJITlFtb1VDejNKdmJ0RGN6aVplNXd4TEw1dkRCczdlQjBMSWE0eWtvOHNqOGVSMVlwalBxZWc?oc=5
2026-03-06 03:00,Yahoo Finance,finance.yahoo.com,Goldman Sachs Raises Edison International (EIX) Price Target to $77,https://news.google.com/rss/articles/CBMikAFBVV95cUxQTVNjZHBVUUpJUHFnVHdjVnJXeXlicGpVUVpOTUlzV1JwaDIwRU1SXzJtdFNoenNaZV9KR3FTdHczMlgzZ0k4Mzl3X2lVV0JWVnFpN1BpVURYendDVlpZeVV4bzZKOXpaYUNuLUN4VngydzJQZVhXY1JORGNrcGxRUHNYcFA4ZVRTTWVOaXBHcXc?oc=5
2026-03-07 03:00,Seeking Alpha,seekingalpha.com,"Goldman Sachs Remains A Stock To Hold, Despite Uncertainty In Markets (Downgrade) (NYSE:GS)",https://news.google.com/rss/articles/CBMirgFBVV95cUxQbGpoZnI3R21YWF9HSS1ZeVFTV0xJSUxrbTU1M1JqMDlOYnR4YVJCal9GV0pUQks3anp4Vld1aEk3TkV6UnFyY0otU1g1VmMtazd0X1laLUJzU2RuczVGLUd0ZTdSanlBZHR2NkNWUTZuSUVLTExZejlIVFVNQ010OE4wX09OeXpTM3pZSEZKM0FDcUk3VnBzb0pVRWdqTDdWWEpCTlhIS3J3dXVUdnc?oc=5
2026-03-07 03:00,Yahoo Finance,finance.yahoo.com,Goldman Sachs Sees Market Warning Signs – But Likes These 2 Stocks,https://news.google.com/rss/articles/CBMihgFBVV95cUxPa3JvQWNrYlVrc2d6Rzg3Z0NkNExaaHFJWGFibWR5VU5iWEpBZTg1WHpSTXoxVk9QTElRdzVqalhzOW5DX2FJVXE2VDBSd21tUXBLMUZqd015MnZlaWxLLTB1aHVON1FQQTJTZnNjNlZUTEI4MElIZVZKLVZ3b1o1ZWczeUttdw?oc=5
2026-03-08 04:00,Bloomberg,bloomberg.com,Goldman Says Hedge Funds Add Short Bets on US Stocks Amid Rout,https://news.google.com/rss/articles/CBMiswFBVV95cUxPTHh2R0VYY2JMQkM3RnVSN2NGbWJzaGpyc082TGE1b0laMTZhZV8zX2RwTXRVMDFTVmdCekc5cVV2LUZxcVI0TmI1YkdVMDF0VDJTXzc3ajdOZHMzNlpjVXdWUk8yazZnYXY3RkdZMGhONWtYaHNobmZSTUI2OUVvNE5faklhcUlzak80ZjVlTnBiMXRvd2JCZ0RQVDRTbWk1dGhncnlSWlhCUURMY0lXRkxIMA?oc=5
2026-03-08 04:00,Yahoo Finance,finance.yahoo.com,Alibaba Group Holding Limited (BABA) Gets Added to Goldman Sachs’ APAC Conviction List,https://news.google.com/rss/articles/CBMihwFBVV95cUxOSUpHd01xWTNCS0w1eVNVM0lKbGxoZVM0cF9oRmcxSVk3V3pXMTlrTGM2MFlsdlpUNnNNblhTYW9XYndrZnBoeDZCVjlKd3NaaDQ0QklTU3NPVldRVlowN085Z0kwVTNXdndRVWZOZExhbFJyUG9EYjdmcXpfV2hDWDQyb3c1M2c?oc=5
2026-03-09 03:00,New York Times,nytimes.com,Fashionable Wall Street Bros Set Off a Social Media Storm,https://news.google.com/rss/articles/CBMihAFBVV95cUxQZy1aRmJLWGV1NUlNZDdnUnZBaVA5bG9QajVrOUczQVhBNVExNVlKNTBfVjVYWktIRWRtWFhWUTNNcTNfSWNVMUh4MzBSSmljVjRqcHJHV3RYZFU4MVFWZkU3ZmpHaEk2ZGVocE5rQmhNcmh5c0U0Z3RrbDBET3JITl9iTEQ?oc=5
2026-03-09 03:00,Reuters,reuters.com,"Goldman pitches hedge funds product to bet against corporate loans, source says",https://news.google.com/rss/articles/CBMixwFBVV95cUxQNUVoOGJRWWlwU29Jc0M3MDVHQjFqVmEwQ3I3MHZPZUJ3VWFjMXprUWJfT2JhV1dHUy1Ma19ybkdWS2ZBMzZHVmdDMFFCbVR6UDIxQUpwY3BIeUVVanBkelh2TDIzb2g5N2VYaU4zcHhUZ0JPNnZhblg5SWUzMDVxMWRmQmdvRXdsX0JFM29kWnltYXA4WGs4eVBTTVJxZ1QzWWJuYnQ4ektVOVBaTDJWS3EzeE9rSGdrMzZob0JDOV9TZGh4MVpz?oc=5
2026-03-09 03:00,Yahoo Finance,finance.yahoo.com,Goldman Sachs Backs Schellman To Strengthen AI Governance And Fee Revenues,https://news.google.com/rss/articles/CBMijwFBVV95cUxOa3BhOHpUV0JhOG44Z2ZQNXhiZ2xHM05EVDFpaU1XcjFsZ2FUeFJmTmZQN2NTNm9ncFQ2eW1HRkRBU3B0V2RDMTFXWkJlMkhDVkl4T2ZJVXVzTXVoWVdRajQ3LU1uS1FSZW1XNkZKazRJUjc4OWxMd0dxcWtHdUJyMWZETUllTzA3bG94WEFITQ?oc=5
2026-03-10 03:00,Bloomberg,bloomberg.com,BofA Hires Goldman’s Rowe as It Intensifies Global Tech Deals Push,https://news.google.com/rss/articles/CBMisAFBVV95cUxNRERLdjZSY3AtbEdHY01UTV95UXJRckdqUk84THpFT1dUcENFYS1JTENNM1dKSmJwNldidmNsNUxHb0haOFZNekRPMG5ONnFLaUFyWEt1UHE4TXQ2NzNHRV9YVEc2V1FmaV90Ykp4ZnZ0ZFpnbmpnVTllQ0xDQXZfd0ZVU0V3eFYybGhKa1UtWVZpdk85RUlEZDQ5ZEJwQ0t3NkF4dTZPYjN1REw5NHU3Rg?oc=5
2026-03-10 03:00,Business Insider,businessinsider.com,Young bankers are learning the hard way that Wall Street doesn't do influencers,https://news.google.com/rss/articles/CBMiogFBVV95cUxQOXlqeFQwSXVWUnJJUlZ6QzZNWUh6WXA4OS15eTFTU3NSZDRCajlhcllaRm9ERTZFRGVhcDQ3eFAtZFVaSmJZTW9YTEhuTnlQSG1HbVB1Wjg0a3pRYzU4NGU4QUNDTFZoZlhUUnB0NG5yZ19pMGNaczY0VlRFdldyZU9pVFc0T3FMcDFGaFlHVEdmNlJkcmJvQnlxNzg3WFdTYUE?oc=5
2026-03-10 03:00,CNBC,cnbc.com,Former Goldman Sachs CEO Lloyd Blankfein: Iran war won't last very long 'because it can't',https://news.google.com/rss/articles/CBMixwFBVV95cUxQcTdVRXRJdGd4eUpZZmRLRm9hUmc1Yjgtd2VnSVJNaUltTnQwSGJHQTVERjlYRzRJNTNwWnhSSXdHZ01CMUVkR2tvdW9RLVl4VXVHbUY1NWZ0Wm81VVVWdUN5S3RNVG8zekpBa2dRNkVHaVN0N2xJRlZraTNmaldDaWRzQWRnOXdXRXpGa3FEUkV6bm1Sd0V4NGd4X210M25meDlxd3ZubGlmR29qaXc1TTNUd3NLMUZJVXc4N3U0NTBXd2trcVBR?oc=5
2026-03-10 03:00,Fortune,fortune.com,Former Goldman Sachs CEO got into Harvard University at just 16 from public housing in Brooklyn—and says higher education is still the best way of breaking into the middle class,https://news.google.com/rss/articles/CBMi1AFBVV95cUxQNUM4SXRDTkNFUzRwRUJQUXBQRDJEdndKSVhmTlpmXzZxY2ltUG1OUGJFeXFiejRiQjB2ZDZCc3VoRWx1WGRuYWs2eTZQQXBfelVWRUgxbzJVNTUzTjVtSmtRcGhqUFdmakVfS2daTDVzMXNOSldSV1NxWkdLWk96Wmo2QlJWSk1hdERQNFBHYmFzbXFmbk9pakM5TXdKN3hjcE1JaUdsYUNucHRDRDZHZWVOanlQTjNzTFpyTTFOX3lqOWtrejFVNi1KMmJRYVRZWVFQRw?oc=5
2026-03-10 03:00,Fortune,fortune.com,Former Goldman Sachs CEO says DEI programs are 'counterproductive',https://news.google.com/rss/articles/CBMiwgFBVV95cUxQOU0xRlM2aUZFTlk5QkRtUVcxSTNiVmpQcG03RjE4NndRQld0REtjbjZUTGNuZ0VhMlNqeXpmX2MwU1F2bVJIUGMwclFGb0J6Wk1nODZPT3c4ejhld0xONVVEb3FpMHFZZ2liREJtQTRndU5jQkFTLXFsdURCSndEaGNwUDRIX19oZnpyN2RIQ2hDV3d6Q05TMHhBQjVYQTlPY19YcUlMRkFZajJwRTRWa3hFYjZaLUE2eFd4ZVlxNlRRZw?oc=5
2026-03-10 03:00,Fortune,fortune.com,‘It’s so impossible to live with’: Former Goldman Sachs CEO Blankfein says the Iran war won’t last long,https://news.google.com/rss/articles/CBMiwgFBVV95cUxOc1N6NU5jVzE4T0VOSHBrLVpBaHN3TkZ3bTNCXzA4Vm9YZTFrZm1sNE5SekVxeVU4X3Y2Uk5GMGxfQ1N3RVoxaUVhVUhlM01kN2dRNi13cXYwVmFqTlJfWVRaZFJTajJKU0JDUHdkWmpTcU0zb0pTNlQxMDRFeTFpWVo4TjBJOHRGRUVHNl9Xdk1QbGhhbDJsZnYxbEpGYnFfdTdGXzZUdWRMLVQ1TnN3Sk9Za2d0Z1VLbUJhNTB6QlFGdw?oc=5
2026-03-10 03:00,Investing.com,investing.com,Short positioning in U.S. macro products hits 3-year high: Goldman Sachs,https://news.google.com/rss/articles/CBMiwwFBVV95cUxQSnF0ZVB3UldFOHVnVTNRUHJyenl3cjVxU2dJMkVjV24wVnJrQjk4dnFXX0NSaENBUmVoYTYzM0FFSjd2bm40VDRvUWQwNHVmN195WjF0YVNwNlYybkVVQjBhQm1QaVNEczhSSnBUYy15d2dfbFVkV2lsMGQ3M2hIbEVqQnVLazdIYjJmRTFuZHc3Q2d2T2FXSmdoSnlqTkd6ZDhJNGxqRHJXNThBTUFldlNOcWY3eWhZc1lHMzJWVWVaRFk?oc=5
2026-03-10 03:00,TheStreet,thestreet.com,Goldman Sachs now the largest institutional holder of XRP,https://news.google.com/rss/articles/CBMiogFBVV95cUxPdE12SGxvYk44S19xcnA2SWRfYnJMZ3FVc0FoSTZXejBNOHJnWG9fM2hWUGRSaFg4cm9sTWVEMm9RMFZUdXFKV2FhRnZlMm9FVVNWR0VNcUprcXlxNUV1WjNBbHJ5eTV0SklKWDZkSFlfbjRoaTVQTFhVMEVIRExId3cxTkhlaHBRLVdqMVAxTm1sSlNqTWozalNMc3VjTGprMGc?oc=5
2026-03-11 03:00,Bloomberg,bloomberg.com,Goldman’s Flood Sees Potential For ‘Extreme’ Rally in Stocks,https://news.google.com/rss/articles/CBMirgFBVV95cUxQUmFRa0lwRm5BOFQ4N3hmS1ZnLUhrMFRMR1hNZ2FRQXhJamV2Y3I1TWI1MGVFM2ZDZzlWbW9Rc0c4cy12aW03aFlPR2VId25NUVdfbjRXSG5JOEdsWUs3NE9KZHZEd2M1YUVyRnZYS3B3cHFKMm9Gd2t3ZTlxeDM2NUo4STFKZVFTVmFBWkZZQWdYTFYyanhBNl80U3cxS2xxRWxTc2RQcXdFZ1Utc1E?oc=5
2026-03-11 03:00,Bloomberg,bloomberg.com,Watch Goldman's Weir Says Investors Are Wondering About AI ROI,https://news.google.com/rss/articles/CBMipAFBVV95cUxPRkhLbWNDSElBNUY4THcyaWVWeWJjdzItaWNOX203bWVuVUFhcG15ZGo5dFNaUWJzNkZzd2FKOElRN0hHQXdqdjcxRFRLOEI3a2cwY2NVTWg5VEhVZVpyM2NwOVUwS0pudGV0aEVKV1gzTWlaVjRlN1dwZ0kwQlY1ZDlxQktfdVpORHZMcThYTWlHd3dGUUZIOXNiem1XQ1VfbWY3bg?oc=5
2026-03-11 03:00,CNBC,cnbc.com,Goldman Sachs points investors to China sectors with ‘competitive and comparative advantage’,https://news.google.com/rss/articles/CBMipAFBVV95cUxOWDI1dlA4Y3psUEJGTkJ1NGIzT3Y2cGhPc3Blbk9GS3J4M2dCNmlWQkVBcEJHcDg2TFRWOW1fR1NBU3FnOGxsMjh5Qkc0eFVwRWpKX2Rfb1pxV2JZU0s4M0JSLWU3TUhCTUdweXJ0aGNwcWFWMVlJLTZtNzlCT1FmY0xQXy1sLXZxUUpvakZDTzhST2lpcG5ncGdfQmo3RmJpWW9uMg?oc=5
2026-03-11 03:00,Forbes,forbes.com,'Quietly Accumulating'—Goldman Sachs Revealed As Top XRP ETF Holder,https://news.google.com/rss/articles/CBMiugFBVV95cUxNcnoySndiMGNxcXY5eUg5TWk5ZkdVVmlIalJqUHhCVkJUTXRtSXRfOHA3RGdBazdwaXpBXzY4ZVlMU0lFUzdBUFNqNm95OTN6NkZTa3llSTl0b25iOUxxanZKdjZad3I3aDhzVXFxVjRzRG1SblVDT180ZXZZMkh5UjBna2NnR3VqVlEydlUyTHlWdnlvcUtydTFCX0k0RzdmV2hhZDFnb3IzMmh4WE9vQkFQRnRlc3BKYmc?oc=5
2026-03-11 03:00,Investing.com,investing.com,"Goldman raises targets on Samsung, SK Hynix on stronger memory pricing",https://news.google.com/rss/articles/CBMixAFBVV95cUxNTU9PVmJ4U1k5aElyOTg2alg1cnI0cDFSc3BWTHJYMW16cVB6YkdnT2xRckJSR01GRXVaN05nakdEM29oQVhoZWZLUDhzUzhzaWM2ZVJFa284d3FETmplRENIU3FmR3Y2LTVGdGtpNmxXUWdYMGF3UEpUX29nNExYcmZLZFNQZGRqRS1fZ0NsTzdwbmRUSm91NDVCWHhleVdIQmlnR3R3bnNXNDlnR3ppVGZPd0tncW8ySjJxRzg5b3hkcmR6?oc=5
2026-03-11 03:00,TheStreet,thestreet.com,Goldman Sachs delivers quiet warning on oil prices,https://news.google.com/rss/articles/CBMijAFBVV95cUxOaVF2Vmg3bjV6ejJGblBCay14SUhSV243Z2ZyaTRfc0N3ejRtNXczSXVkZ3Jnd3h1QkNnM1dMZ1FBaDd1cU1IVXhfVW9iSmpBQTVpYmRBazJaSzBHekNNTFh3dFZIb3pILWhtQm44Zy1mWURXSUFxZkVTVjJOYjg4ZVNmOE5EMDVtMEI2NA?oc=5
2026-03-11 03:00,Yahoo Finance,finance.yahoo.com,Former Goldman Sachs CEO says he ‘smells’ a 2008-style crisis brewing — could your 401(k) get caught in the crossfire?,https://news.google.com/rss/articles/CBMigAFBVV95cUxQNklqbmg5TjFsdC1FTEV0ZUN2SjFPX2xsYi1NZXZIdmFiUTVxSnVpUk5CUUYxZDNkQmpVb1F6c3BxZVpXdGQ4RU9WcVZ1ZmpYcldJek9oVWZiZTZnU2NkR3htOU1GTHNRX1FLN3J5V1VmSHQxMXFRWjR5UmxwUGRPRw?oc=5
2026-03-12 03:00,Barron's,barrons.com,Chart of the Week: Goldman Sachs Stock Looks Poised to Rally,https://news.google.com/rss/articles/CBMijAFBVV95cUxPTjhQakJnU0p4bm5nSVlhNlk3SW45Z1l3SDJxa0VXWVNkcHdUeFpTWVZBTVQwV1o2OFRMZWEzeWRHMVdRblZOdTlGa3dzMENNQ0NCblpqZkI0Z2xLTEJoUmR0eVQ4bVdzajBDR2EtVVpVTS1xTDExTkQ3YjRJdVlhd1BRbk5fbnlldFNHeA?oc=5
2026-03-12 03:00,Benzinga,benzinga.com,"FTAI Aviation, Goldman Sachs And Lam Research: CNBC's 'Final Trades'",https://news.google.com/rss/articles/CBMixwFBVV95cUxPS0ZaMURBdUc4SXp5eE5hZy1XdVhpRGhFR1ZpLURGUDYtalZpUk81cGExVjRoOWpNVmhuWUd5YkR4MjdHZ0dhdk9wbVpYeVc1VHlyYUwwVlJoWGhOek1kVXRkMm5xMVJkRGlobTVoRHNXWmhBMkFkV0JaRU5xc2xSU2dTdExZR1dRUTFVVzlYU2pHTUxWYzVYVVdYbnBNMEhSa3JXZHNOdEFjb0QyRWVnZndtQ2dWcWpCbGZRNE9OeG02VWwwNVhv?oc=5
2026-03-12 03:00,CNBC,cnbc.com,Fmr. Goldman Sachs CEO Lloyd Blankfein goes one-on-one with Jim Cramer,https://news.google.com/rss/articles/CBMisgFBVV95cUxNWVdVQTRkNVBoVHFXWFNqLWtTa1FPdTFCNmtOeXM2ckYtbWx6YjRtS29xYUwzaUx2aThSMnl3bWtSZE1lakNPYVZwNVNIbVIyRUdNVXNYdkE1NDNjQ3J5bjV6RGQwSWpkR3A1X25LVmhNV2lFWjVDcXNHRE1IaDU2MWtORWhvYWViS1pDbWJoMGNua0djVldENEFtalB6ZXpoT251M1pmQlNHU3UxSE5FcUtR?oc=5
2026-03-12 03:00,CNBC,cnbc.com,Goldman Sachs: China equities have the 'best risk vs reward' amidst Iran conflict,https://news.google.com/rss/articles/CBMiqAFBVV95cUxPbmdkRVI1LTlRZzFSdjJnTmRENWdBb09zSVZDS05Bd2hCdFMxZlMzVTNmQlBGWVJwUEYyUDQtdHVrMjhyZTdUNXpMQkRuMjR2VkM4ZjRaN0JwVFZjTkNwMVlIcHF6WjhhMThnUU1vX0wwY2VELWZWbTZkV00yWnhSLTdpVC1JT2E2MlEtbl9QWEVLdUx2SlhESFpVNTJuVE83VlFKb1NjMXM?oc=5
2026-03-12 03:00,Fortune,fortune.com,"Exclusive: Oro Labs, which uses AI to streamline corporate procurement, raises $100 million",https://news.google.com/rss/articles/CBMiggFBVV95cUxOaHZ0OFNQazRiWnZ4a3ZvUjNsM1NMUHZYc1JtV0psYzNqcGJVeFpTR0JMeDVmaWJyYVMxMlIxQlhMcjg0d2ZMRVI5RTZWckM2Tkp4cTdkMzZXbG9sYWlmMmM2UWFkWEZXUGc1SmVINTFYWWowZFJud0NYYTNhVGh0NzZn?oc=5
2026-03-12 03:00,MarketWatch,marketwatch.com,The chorus of disapproval for private credit gets louder as Morgan Stanley fund is the latest to cap withdrawals,https://news.google.com/rss/articles/CBMi6wFBVV95cUxPM0pSaTJjSlJwZEMzc3lqR05XUGNRTzZjd2tBVnFCZWY2OEVmbUF6TjJ6Q3pCOFliWjN3aERsT0FfclFLaG1qZnF0NU10WTlUTWdqN1JUelhfdUtOa2pxWmVBMnl0OGVYZ2c2MkE0REZRTnRkYV9aWUhSNmhWMXA5Wjk2b1NuTmNuXzZsN0hqM2JMRWZRc1ZWMXNPaVdKaFEyMWlhUTIwMllYdk5tZ0dVME5IVVR1VlQ3MmhvVkJORmJjNmpYQ0ZKVUd3Qnk0aHVWc2pvYWIwUFNZQ3hLUzkzeWtyMnU5eEZ6aVh3?oc=5
2026-03-12 03:00,The Economist,economist.com,Why investors won’t know what to make of AI for a while,https://news.google.com/rss/articles/CBMiswFBVV95cUxONndsbWxsNTNlVzdXWmhqdUZFbG1yX2F4Tms1eEdxSEZMLWkxUGdGWlFOeUFtaHVYX2pYQlg0TXQxdHNEaF9pLVRqTV9rbElsbFpMTEF4RUZvb2VzSW1oUG55cFgxVEw3TW9WYmxBclBveVIwMTVQQ3U5WUJrN04wZEppVVh4MUpzOVptNjRPOXJQSk5hdVJjUGJCNm1vNi1rd2xCbDdpdzU4eDlGcUlnRjdTSQ?oc=5
2026-03-12 03:00,TheStreet,thestreet.com,Goldman Sachs resets oil price target for rest of 2026,https://news.google.com/rss/articles/CBMilAFBVV95cUxOLXMwR2RqRng5cjlQMEF6NG5mQzhOXzFlYkE4aURzYmFsM1EwYm1UZ21wYzVwNFpYVXk2ckdQZHR2YnpBcXd5Y01ZSzNyMk5OZDZwV0hEY0hPN0VCdFNReUdJbUNBRng5XzF2UzVXZE9XTVZTZHNWbk9yMHFPUDJGR2t2d2x5T2l4QjJQVzg0NXR5aS1U?oc=5
2026-03-12 03:00,Yahoo Finance,finance.yahoo.com,Is Goldman Stock Still Worth Buying After 53.5% Rally in 2025?,https://news.google.com/rss/articles/CBMihAFBVV95cUxQdzY5WUdrcXg2a2hQZkFIZTdmdm5MMUtDMVVUNXpHeE5WeThzald1dF85Q0tiT0dGZV9BVjVwc2VNUXVlaWFRQXpWWHVoZ3RuRnRrYWdtNjJ2SlNrYXEtdDZjblRZYmpyMFlyWU0wUXN3NXdCZ0s4MzFYczdIWTM0Rm8tY04?oc=5
2026-03-12 03:00,Yahoo Finance,finance.yahoo.com,Why Goldman Sachs (GS) Shares Are Sliding Today,https://news.google.com/rss/articles/CBMifkFVX3lxTE5IOG5pYm1WV1JUWENJckk4ZksxQTl5aWFtWExVaFQ0dEd2OWJ3LXg0MWdUbmY3OWJOZjBTWUJiRHVWd05tOFBjaUJkV1hkZEFiaFlFRDlxdmRrSjhCdllweTMyTnRaTmJ6Z0ZWeUQ1ZV96SEdTQzI3WlRXVmhVQQ?oc=5
2026-03-13 03:00,The Motley Fool,fool.com,"Is Bitcoin Now a Safe-Haven Asset? If So, Then It Could Be Hugely Undervalued at Just $70,000",https://news.google.com/rss/articles/CBMimAFBVV95cUxPcTVrX3lBR1dVdGRyUW00V3Q1aFNjWjVScWdzNi04bDdZQ3lxLVlLcTNsN0hicGY5dlV0QUxMd1J4NGhndEUwU2xuMzFKTS1PMVVJbFExN0UzNkRQckpIUlZzd2tkREV4dTk1SnNUWkhRV0g2YnFSdmM3MUFFU3ZnQUhCR2dUMVo1dTdhbEdrX3gycjFCWlVhcA?oc=5
2026-03-13 03:00,Yahoo Finance,finance.yahoo.com,Does Goldman Sachs (GS) Offer Value After Recent Share Price Pullback?,https://news.google.com/rss/articles/CBMifkFVX3lxTE50QXFpa0xNOXNwaHdzQUJKVl9yV1Nyemxybmh1ckltQWpDaDU4YzhMZnBWbzdVeWpEeFl1b2VPSWotemFvYmsxVmFYS3hJRmZ6Xzl5cjJTdFZGd1FGdDBvSmg0dHRWeU5KbHlRNDN2WGhiX3plZE9GcXlqRzhudw?oc=5
2026-03-14 03:00,Business Insider,africa.businessinsider.com,"From beer to jerseys, here are the stock picks Goldman sees as winners from the 2026 World Cup",https://news.google.com/rss/articles/CBMizwFBVV95cUxOMFBVMWxfbkdTbWNBWWhvSVFEQ09pS0R4Ri1uRFpNRXY5UWxnM2llLWZwb0F3NkRlQ3kzeTVEbXVDVjMweHlBZFdtTG9OdTF0N0lWbmJ0NGd2eEtNQjBmeDJMVFk5RDNpWFVBaHNJNkZCa0ZHZzN0M3dWYk95OU9pdW9Fb01zc1JPSHFfMVVBQllGbkpoaFdwWGpMSWpKZi1yeG5XVHcxY1FiSWl1Q3R1cU9rUU04R0RCdnk3UkVyQ01ZeF9reUd0dkhZWVhfTE0?oc=5
2026-03-14 03:00,Business Insider,businessinsider.com,"Beer makers, athletic brands, and hotels are some of Goldman's top stock picks for the 2026 World Cup",https://news.google.com/rss/articles/CBMikAFBVV95cUxOa3pXVm5QZ2kyOTNldGFwN3NPREwyTFR0Q1IyZmN3NVNtX1lZUDNxR3o5SDlVSTdxMkpXTm1WQUQ3TnZmUTRyeWllQ1JXM3N6cUlZYlJGZURMUzkyVF9pU0VwcWFTaFV0dTdZWk5XOTA2bnBtRl9vUlBITm8tWnktMFhuajZrUU1ZNC1JTVNQV04?oc=5
2026-03-14 03:00,The Motley Fool,fool.com,"Goldman Sachs Sees a ""Flight to Quality"" in Artificial Intelligence (AI). This Stock Fits the Bill for 2026.",https://news.google.com/rss/articles/CBMilwFBVV95cUxQYTk4ZUZvenJfSjA0YnNGaE5RY0kza0pnSWhLWU1vblUxVmFzdV9iNEZqZHozNDJfY25yMzQ1MnBWSU9uYXhFZXdtcTdfaklhLXNGajMzOHNiQ1JYSTZtVWw2Xzd3VHF1emNTSE1KaVI2emNNQmRmSFNkMHZnQ3g2cnpBek9manhCRC1KZTQ1M3hBMnFOc19n?oc=5
2026-03-14 03:00,TheStreet,thestreet.com,Veteran analyst drops surprising gold price prediction,https://news.google.com/rss/articles/CBMilAFBVV95cUxQeFNUaFYyazZoa2hPMjFNWmF6SFY2WERKQnV3Unl4dWdNX3VJOThYbDRnQmY2dUpqVXlFZDNPUFhkOEFNOG8zUVQ3MmtzTHRwaS1ieFhMY3dQZWxTOGo5cjJ6Qm1yYmY2cllPNkVGZi1yX180TE40TTBqaVZYMzZUTjJ1ejZBRDREVXA2R2dvUUREMzlj?oc=5
2026-03-14 03:00,Yahoo Finance,finance.yahoo.com,"Goldman Sachs Executive Says Some Clients Are 'Glad' Iran War Shifted Focus Away From Software Exposure, Private Credit Woes: Report",https://news.google.com/rss/articles/CBMiigFBVV95cUxQVzR1Zm4xN0o0THhFVjQtb1hWWFVtMFlmQV9MeENPOWgtWmx2aG5ZSkR6UnB3UlJteDh5Wkp1QzhDOWM5eTNreHhjdHUzUDdKQ042MXBhS09sZ0ZKejVic1hkWjBtRmJtR1p3U1luWWRnM1V0ZnZuT0h2NTVVZ2pkZmwtMWVwbTFHaUE?oc=5
2026-03-15 03:00,Seeking Alpha,seekingalpha.com,"Goldman Sachs sees S&P 500 rising to 7,600 on earnings growth (SP500:)",https://news.google.com/rss/articles/CBMitwFBVV95cUxNd3FKdU5IUy16aGFVOTdKVDZ1U2lnZWMxeE1mOXdaX0JBSlZwWlVOdzRZeUZ4ZVpZc203b2ExakJnX2lDVTNBSEVIdklrVW9uUU1KXzc3bVVMbEtXSDctVjU5MDNFTGVZRUpncjFBZkh1WmJJdlVFOXRfbFdWMEk3VlF5a1RicGo2QVFtU1Y0WTdRR1Y0Qlh0TnVrZnBPZ3Y4SVZhaUo1XzVBaS1xUDRLd2RsRWVtY2s?oc=5
2026-03-15 03:00,Yahoo Finance,finance.yahoo.com,Is Pfizer Inc. (PFE) One of Goldman Sachs Top Healthcare Stocks?,https://news.google.com/rss/articles/CBMifEFVX3lxTE1NWnU1eklTbjdDZ0doeF9ZOWFaOUgwQXFsckpsUXdDLVItNkhZYnBZUVEtenZFSXZHNV9hZ2JvMXpWMmVZMVp3NUNMWmRJYUt6UzFXeFB6T05uVlB0UkhubDJmZVpmTFVsbnlMZk5VdUhOdnJTaW9iT3FRLVo?oc=5
2026-03-16 03:00,Bloomberg,bloomberg.com,Strategists Stay Upbeat on US Stocks Despite Iran War Risks,https://news.google.com/rss/articles/CBMirwFBVV95cUxQQ19sNk1vV1NIZlgxeDdFdEJrZktIMGMxZW9zOUdiSDVKb1hGQ1htQVRYMFJUSVBJZmlLbk1XX0NGWmI2U3hkVFMxcXhSNTBJUlN1SnUxdkE2UlVjeUhSRHZJaXM2SmV6OURWNjAwR3BCdHdiNGhfWkFVU1VjdmtaVkthdzRVVF93TnlIV3Ryb0s1MnVUUkJKV2JqTEs5N0k1QjgwUHd1Z2p5U1VhZFM4?oc=5
2026-03-16 03:00,Business Insider,businessinsider.com,Goldman Sachs flags 3 investment opportunities as the Iran war tests the stock market's bull rally,https://news.google.com/rss/articles/CBMimAFBVV95cUxNQVVRZF94ZmJvekxnSEVWS3BYV1Vhd19CaWZhOWpLTlhaeVN3cnBmdEYzbzZ0OXFZZml6dVlOeHp5Z2p4d2ZrNnRUeFNZSVYzVzk5UmZkbGprcnZBY1lPT0JJZ0loZXJvd0xtTkNFZjRIY0o4NWxWYlBZN2ZwY1NMWllWa1pEVHVQOTk5NzNUZ09xdXpYSVpmag?oc=5
2026-03-16 03:00,Fortune,fortune.com,"Goldman's top international execs say the Iran war has parallels to 2022, but there are differences",https://news.google.com/rss/articles/CBMijwFBVV95cUxQYnlIdG8wM0tBQ01jWGdDTTI4b2Y3ZU5uTG1pZnBCdi12RVVrOTZ5UU9rUjBkOFpYaFd2WnZ3OG5WZkNaNlZCR0ZGODdiVThSdGxHM0pTWkVtX2EzTmZoQnJNWi05T1c3MjVyWktHaWZ3azNkcUVxU3A5bmkyN0YxTFdmZ2hGS1NEU3ZUNlNVNA?oc=5
2026-03-16 03:00,Fox Business,foxbusiness.com,Goldman Sachs exec advises investors on what to avoid in private credit,https://news.google.com/rss/articles/CBMiW0FVX3lxTE5KZkxrVUhiVHRUN1ZMQWZya2pjQmJadXhLWmlMOS1GbzNCTkwyYm9ONkg4R1pHU1IyT2IzbzZta0Y0UG44V0F1MjdmZldJbEdRa1hNa053a2lSWXc?oc=5
2026-03-16 03:00,MarketWatch,marketwatch.com,"Risks of a bear market are growing, says Goldman Sachs. Here are the trades to make.",https://news.google.com/rss/articles/CBMiwgFBVV95cUxONUx4Z0o1SUlFa1BBV0t4TlFLdV9aZHpwMzRvZFBrNW51eEF0enlSNFpTWm9wbkl0MFBublBZczBBdG9VQmwyVHR3bzJyS1BDaGx6aC1kVjUzb3pSWG5WdzN0RmdBQmgyZEF1QkR1OFpqWE1PUjN1aWNId21FSEFNLWdVb1pFSmJETVJIVE83VDJCN0p4YUFvdmN3NndEUTFlYzdBemlLX2xNbjBERFNyVDktRXZYUkVUUW1CM2VaYmJCdw?oc=5
2026-03-16 03:00,Reuters,reuters.com,"Hedge funds 'aggressively' short financial stocks, says Goldman",https://news.google.com/rss/articles/CBMi0gFBVV95cUxPQnBDb0N6WjVueXZueTlZNGx2NXAxbFJjNWVxQWNIZ2lNTDdhdXN2NUtGX1ZWYVpoTmJNLURLbm5Zb1dXVU5QOUdEMEtta3RuREtWeFB5MlFLVDRHR25qRm1uZTBnbDh5X2doaS0td2doeWhqYjNueXRVOGhZazV0TGdsMWdRMjF0bG55Y29oNW00NzR6SUpSMFM4dndKZG1NeHZZazZwZmhucmRqLU9Md1YyU3dveHJRZWZNR3B6dWNLRTBOdTJScHpBU1dZeXI4NGc?oc=5
2026-03-16 03:00,Reuters,reuters.com,"Severe oil shock could drag S&P 500 down to 5,400, Goldman warns",https://news.google.com/rss/articles/CBMirgFBVV95cUxOUjNRUEZfTFJleXFLenY0UXZIbGZGVnc3elFkRVI2amZqR3BoRGJTQl8yWmlhbWtqZTlsTjgwMkdEemw1TkkxUUpSWDdVMGlSeUk1a2hvYzUwalF3LWZ2eS1lemNSMURGdDJBazBfRUVteWRqdzlGRUZNZXFtb1RkUHhBOG9KNGxNWnFKTjE0MmxBUHpWaFYtSTFudERzYVJqYllubEhCU3JFREZyV2c?oc=5
2026-03-16 03:00,Yahoo Finance,finance.yahoo.com,Goldman Sachs Resets S&P 500 Price Target,https://news.google.com/rss/articles/CBMifEFVX3lxTFA1Z1E2WFRpeXIzdVBxSEtjZnR6UkdlVEpBU2hsTjV2bTRjYkE2TkNkT2tSU0t2VXNIcWFERWc5cmVuMHpJTU5Xa25NRGpYVkVqSGlpbng3NnJLRlFwNkxUMElSRVZ5VTdudndrSE9NbmxiX196OExwY0E0aHQ?oc=5
2026-03-16 03:00,Yahoo Finance,finance.yahoo.com,Goldman Sachs Top Energy Picks Have Double-Digit Upside and Pay Big Dividends,https://news.google.com/rss/articles/CBMiggFBVV95cUxOUU1SMTl4REFXLV9JTzlXdkpERDJUNWlGQ0otanB4MUEwMUN5NXdwTmxxd1A4QXBobWpVU3VleHhvVVJyXzVibDdVMklOX0lGWTBDUXZ0bkowRHJ6Q0RmcUUxU2FwVGItbm5VSmRwd0NZYjRjeWRUOGFsYU1SRHoxeS13?oc=5
2026-03-16 03:00,Yahoo Finance,finance.yahoo.com,Goldman Sachs warns of further equity correction but rules out bear market,https://news.google.com/rss/articles/CBMihwFBVV95cUxPdHBfN2tNX2w5cC1rTXFxUVpRLUZiWjdvLUd1b3NFZWhCcWhLSXNoLWtWUjhsNTdJdXZXdVdCb1lXY240cktTbmItaTZPTDFQYmQzRFBXamgtcHI3UU40MVNralFLUnVqT25lak1aZmNoV0hHdkpQWWZiTm5URTkwUzF6UllQalE?oc=5
2026-03-17 03:00,CNBC,cnbc.com,Goldman Sachs’ Ben Snider: Trajectory for broader U.S. equity markets looks healthy long term,https://news.google.com/rss/articles/CBMizAFBVV95cUxOMllwQzVsLVJQRjhrYUVyNFlJMVpQTGRjSVNRMWJKeG1Eb0gyb1B1YUprSjlub2Q1VnpUM3R6VVEwaFpjNVlmVkdYMkM3RnhMcG1EaFJGUE5KMHFVVUFfVzR3VjFsa0h6dzdWT0pGamxaeHIzeHExdmtNRkJJTG5LTUlma25fOWFFR003aXhSVTR0NFYwOXVpZGNnNXpfdnVROG05V0kwOGJuWk5PVkI3S3RzbldBb0lLbUltZ3hBQ2RlaldYUHRLanBBVzI?oc=5
2026-03-17 03:00,TheStreet,thestreet.com,Goldman Sachs doubles down on bold S&P 500 forecast,https://news.google.com/rss/articles/CBMijwFBVV95cUxQWDV2UmlTVHVXTHU0bjRVa0hQU1hsUHRWY3Uta3d4YUxETjhHQkxyVUxMM1E1VkFKb2t6YzIyZ0lKSG5UaWFNN21PVmUwN3RHb0hTZWpwOUY1SHJrVkU3OWY3d1JWX2dVZTJfdkJZZnltZnQxSjcyZXNXaENsZmllNEVGbWUzaklSYXBYSnJFbw?oc=5
2026-03-17 03:00,Yahoo Finance,finance.yahoo.com,XRP Price Analysis: Why Is Goldman Sachs Buying XRP While Everyone Else Is Selling?,https://news.google.com/rss/articles/CBMiggFBVV95cUxNMHBwRjdHdG1JeUNBaVhXS0tFd0NpdWFnMFAzVXo5cW1QQUx3TUFGd1loRFdqckp2RERrbEQ2c24yYzlQVVhtWGw1czByRXhIVWRRUHNYQUNkUVdteEhxbkZzTjd2T281R3ZPeG9lU1dmMVJPbXBQMkJwX3dVcmRBckd3?oc=5
2026-03-18 03:00,Yahoo Finance,finance.yahoo.com,Goldman Sachs Just Issued a New Warning on the U.S. Economy — And It’s Not Just About Oil,https://news.google.com/rss/articles/CBMihgFBVV95cUxOZi1xR2d6RlF3RW1QbkFCUmhPbzBqZGN1UmFkdHJwakNGWGZqY25nNHExMnM5MTFVR2lSUVhsU3FVVFpYazgzYnU1aTBEWUFOY0JqMnpfOGJpSk5iNmswLW1lN0ZzTjlLcUFGclhGNlRKdE5vVlBPMUVQLWpYZnNBY212SUEtQQ?oc=5
2026-03-18 03:00,Yahoo Finance,finance.yahoo.com,Goldman Sachs Raised the US Recession Probability to 25% — Here's What the Iran War and Rising Oil Prices Mean for Your Job Security,https://news.google.com/rss/articles/CBMihgFBVV95cUxNODc4dUhtX2RZQVNGZGw1V0RRSTRWUlJ3V2VRc1RSV0NUWnFQem1NdVY4dG94LThZX1lZSVk3VlQwWnh2dHg2bTB2MkxUWFR4aW9tbWNnVU1JYWVZZF9EWEp1NExVaVJPQWpBWm44RnF6Uk1XOE0xSm9WYnc4eWQ1amlkcWVVUQ?oc=5
2026-03-18 03:00,Yahoo Finance,finance.yahoo.com,Is Plug Power Inc. (PLUG) Among the Goldman Sachs Solar and Green Energy Stocks: Top 10 Stock Picks?,https://news.google.com/rss/articles/CBMilAFBVV95cUxNb3JUeHZlbWxOVXpQRW8yWWtHZkFtb3B3NWJxV0ZfUEp4OEFsLWk4ZjZ4Nm5vWjEwMmNnVmZSalBtcGFNZ0dmMHl2MVRNSFBLMjYxT2lWeWlxUjVDQnZBZVdRLTA4dmZINjc3MGRhcDNBY0lDSkNhZGY0dkE4dFhfeVZWUWJjX3ZBV1lJc0ZrYVRxVTVG?oc=5
2026-03-19 03:00,Barron's,barrons.com,Goldman Sachs Buys $42.5 Million Minority Stake in GeoWealth. Here’s Why.,https://news.google.com/rss/articles/CBMimAFBVV95cUxNbjd1bEJjSzMwb1JLR2pzNFBlYU5XdHFVZGI5eUt1WDItWW5ZZV90TEtVVmtva3FXYzJ1RWJiY3V3cktXLUd1cm5aNFYtZGFoRHdCejg2R2R0TVF1OEh6VlptQUNmZTFsYy05elZJV0tQd0RiVmZCQ1lGdHJrQVhMMTNHa0M0MzBWVmZvb0draHhzZHM4b1pvbg?oc=5
2026-03-19 03:00,Bloomberg,bloomberg.com,Goldman Sachs AM Seeks to Raise $10 Billion Private Credit Fund,https://news.google.com/rss/articles/CBMiswFBVV95cUxPVmswTFFVNkVRcDgxYnRTTWxGdUI3TlgybE1VaUZyempZa2xYd1RiaWJpaFBCNTM1S2gzeHBLTTNNRmZtYUFlUVFvMG1yUXUybGtTZUVSR2hpUExKeTh1U2FsTnlPLUdXR0sxUVhLNzJJU0s0aXVsR3ZfZmdHV3hESWJQZW5oenoxMVh1TDdaVzY0elA5WW9qcE56RmtIWkhNNW9ORDZBeWVTdzFMbUJYNWhiYw?oc=5
2026-03-19 03:00,Bloomberg,bloomberg.com,"JPMorgan, Goldman Offer Hedge Funds Way to Short Private Credit",https://news.google.com/rss/articles/CBMiswFBVV95cUxNTEowVzAzOWw1WWl3bXo1RV9hY3JDYVRUVHVJOVNTdGRUYndrTUJpWWJicFlrdUw4SEE5ZWlTVENKUnk1SUxISXVqTTJjdVUtRGxRc0VENjVDbEJjaldsNHREdmNCYUJuVjh5TWdIYjlRYU8zQWpHUlBGX1hGWDdoMlNuMmo1NnVhZTVnTHhzNUhqdEdlVERPMTVyU2tTb1FuNU5NLVhEYU5reWl4aUx5djlwbw?oc=5
2026-03-19 03:00,CNBC,cnbc.com,Goldman sees risks of market correction rising — and bonds won't help weather it,https://news.google.com/rss/articles/CBMitAFBVV95cUxOM2tKQnRtM29OV3FzczRpOUFPSEU0a3lrNVVEOUxyV2tUekh5MUVLeXFtT3lSSUNzX2haTlpBMFdDUlZIUlNrSlVDNndweDRwZmxYaXFHa0VvaXI5N01OWVJvb2VHb1A0V2U1YlAzWUpWZmhSN1g5YTMwOU5Wd01hU1hObEJ1MEloMTJtdVVXaktXb25UOER6dnpRR1JBVFVRLXdESHp4YXczZjdSMUhZYnNFRXc?oc=5
2026-03-19 03:00,Investing.com,investing.com,Goldman Sachs and JPMorgan offer hedge funds ways to bet against private credit market,https://news.google.com/rss/articles/CBMi4gFBVV95cUxPRzRydDB3V3VyTXQwdk11TmR5ZjdqWFlQRV9seEsxZXNoVzFMejBobDBJNnE2TkI2dERqTEk3NE9XejB3amNFOXc1bHNodlVUS19OblBYc2Z3bW5BR1pZM2pVMnZTTWtrd1pwTGNPY0tUQ2lGcURZZ24ySW9SN1AwWm5jczJIZXp4LW1qRE1rRTE2TmFoLWdoeDZwSEh6RXRfc1lwblBfUmVycWtnVDd1dUF2ekVVdDlGcVhKVXpFbDFGSzVOZzZxQ3JnVksxRTNaejl4aTR5WmZsS3ZwMEM3SGlB?oc=5
2026-03-19 03:00,Investing.com,investing.com,Goldman Sachs names top oil stocks amid Middle East disruptions,https://news.google.com/rss/articles/CBMiwwFBVV95cUxNTTBMc3JDeHFGNFJXbFY4Njh2TU5XY2ZLMzF1cE0tN3pRMmhPYjYxSjVHSDNIMFJPMWtMQ0N4bFJneFRXZVJya3BuT3Jkc0VtZ3dacFdDQ3VSYlZEUUpjVF9yckZTM1FsUW91cG5aR0pKYWN1ODFSbVFUd0hlcjNxYlQ5YXFOVEVhSnk4NnpIV01MUHNkX1h3SzNEeFB3dFI1eEhOS0laTmljLXNoUHhnQ21PTDNNTlVleXhMd1A4Z254TVE?oc=5
2026-03-19 03:00,The Guardian,theguardian.com,US moves to soften capital rules: ‘Big banks can declare mission accomplished’,https://news.google.com/rss/articles/CBMilAFBVV95cUxPVndMRTNaZzgwcVJaUXBoOGpDSzZQQlZweEZ4RXdYSXNhQ2RKVElUcFVoMHBXWEhuTGpmaGxWcjdRRkxmUnptOExLdTF5c0FfS2Qtem1tY3NjRk9HRE1obTNSakNKai13UE5OZDM1aXRmVWhlZWJfcG5feDZ1eUNMbWQ4bDJUNmhOYm1GME8zQllhTVhy?oc=5
2026-03-19 03:00,Yahoo Finance,finance.yahoo.com,Goldman Sachs (GS) is a Top Dividend Stock Right Now: Should You Buy?,https://news.google.com/rss/articles/CBMimgFBVV95cUxPa2NzRXQyTTJaaGJqNE5fd24ySE9JdEgxTjlFMnJhRjJkZUFEMElCN2NYLWZrVmJ5X3pHQnpieGJidlVmejViNG9NWXBMSUZGRTFEUURBYlBuRHpxNldfUVBNQlMxVHQtN2VfNy1WWUFCQ2k5SkFYUE5YeEJxR2VsX1FNLTJCWk1Fd0RRSGhTQ0dLbUtmcmxJdG1R?oc=5
2026-03-19 03:00,Yahoo Finance,finance.yahoo.com,Goldman Sachs Loves 3 Strong Buy Natural Gas Energy Stocks,https://news.google.com/rss/articles/CBMimAFBVV95cUxQRGhEOXUyZEJ1YXlRUnM5NlFmbFFmRmZ0LXBNOVhILUdmcGRrdEFtMk5PSkN2NjliVDBwaEpELU9SRkpMX0R5bWxoNE5yWEpVSmw4Z1ZtODFuSTdFWXRwQ1VnRTJSX1hKZjVRYjUzZ2ZIV1RkZjNmT2hMNWd1SzdVejV2aUpNVDA3dGxqY3NRSHJnTmt4OWliTA?oc=5
2026-03-19 03:00,Yahoo Finance,finance.yahoo.com,‘S&P500 Outlook Points to Recovery’: Goldman Sachs Sees Headwinds Priced in and Suggests 2 Stocks to Buy,https://news.google.com/rss/articles/CBMiowFBVV95cUxOTGYyRWZZWjVRZ18zbUVpMGN0MWFLaEcxaHVscnJ2YUZrQnBwVFp4QXNZZHV6X05mUmh1UHF4R05uOXdGdmdlY05WNEZCSGJCQnNmczZRR0N2eU1FbmRQa3psM1pmbXBLWldzWWZPemJ5M3NDOEdnOGh6WWNrVTFET1I0VjRwb2ZCRU42by0yNFo1U2FxVjlpNW05TjBidmRFdmdF?oc=5
2026-03-20 03:00,Business Insider,businessinsider.com,Goldman Sachs maps out where it's pushing AI — and the risks that could upend its strategy,https://news.google.com/rss/articles/CBMiqwFBVV95cUxQaVA4OTdqSUs5TmFseHlsa2l6Q0d6OVpuX1lsSzgxRTFrM0RnT3liVEotTmU2ampNTkk4N3B5dlFKMXpyMUlpRlhGS1NQcGlSYTlrMS00bl9qbjdUZHJOYTFYUXMwOU5Ud2lXdC1wTnU4ZTBRMEdhOENpX21YUGRXZURkNzYyN1duaHlWNjJhM05aZXZ2TDYwR1VvLXNlWWxYR2VlRXlCZk44NzQ?oc=5
2026-03-20 03:00,Business Insider,businessinsider.com,Goldman says it's eyeing a deeper stock market correction that leaves investors few places to hide,https://news.google.com/rss/articles/CBMiqgFBVV95cUxQeVhvRDZYQW1QX1pPNWswczNKZFRpcnZrbGVIRUVwcWk4UFJWVjZ1VlI2bnpNN2N2NjkyTUNhQjRrajlIRHA3ZXpGWXgtMF9LZ3RUdEt1VkFNSFVMVFhHZTVMVjJWQUdtNmx6WGNkVEdwQXZmV1ZFaFN0bjRpc1pnbXFfQ2pHNkF4UFVZVnRwbWVrSkhVT05RMV9aMXNQN2tudS1ONnZ1WXV3UQ?oc=5
2026-03-20 03:00,CNBC,cnbc.com,"Brent oil prices could surge past record high if Iran war disruption persists, Goldman says",https://news.google.com/rss/articles/CBMieEFVX3lxTE9TX0ZFTnRnd2w4TXYxQVVmUWRONmlVNmtQVFBhOTZkRWNzd2Nad1IxQnNDLVo0MzdYVS1KdEZZTm1hQWVxcXlCbVRCdWZXY3JVNXVjaDdMck5ZcU9kTlphbC1hRTMtWG1BbnZPd0hUbnVZY1dTRXktbw?oc=5
2026-03-20 03:00,Investing.com,investing.com,"Top 3 US oil refining stocks, according to Goldman Sachs",https://news.google.com/rss/articles/CBMiuAFBVV95cUxNcC04ZUxhRE4tZlhhNUhqM1Z1c2Q4MnRYc2R6a19yQnluRV90TTdHR296U0V6QUd4QnJjaFZlbG5GSG9PaVpuODhXdVhRNUF6bzMta2hhandtaXg5YklCcnNHOWd6cHQ0bmtWVTBXTDFVdzFLc2RQbUQ3RTJpcmdCbXBhRV9CcHVaeGNnZXdiWEs1b25sd1lVN0paYVFadllkS2w0Nkl1VFdaWUhsR3VXR0htRjBEZEUz?oc=5
2026-03-20 03:00,Reuters,reuters.com,"Dealmaking to pick up this year despite Iran war risks, Goldman CEO says",https://news.google.com/rss/articles/CBMixgFBVV95cUxNanFKYy13ai1FTERMaGlHcW9mcmlIRmU1YTA5M3Q1SklwUHU2aF9LTVRLaUE3UTRYemJyN2lQSUZXSEpaQ2VGOFJocS01MkNpdXBZbjVodGF3R3JMTjV1WkZOUU0yQlNSS1pGTG5VZXJKcXFPb1JuTVIwSUZnaEFqNnJTUkNDR2VWTmtMazBBUko3cVItRjc3Z0U0U1FpWklWQkZhZEsxR2x3V1BBVjBEam9tV1BoZG0zdWhkYWg1MmRXSHdIYWc?oc=5
2026-03-20 03:00,TheStreet,pro.thestreet.com,"Don't Be a Sucker: JPMorgan, Goldman Sachs Bet Against Private Credit",https://news.google.com/rss/articles/CBMipwFBVV95cUxQY3BlbUFZTkFiVXpFM2NNc3h5SlBhZzM3di1xckotOHdFWU9ZQ0NXN0ROU3dsdUduTFBiTlBjZmhyMkJhMXhibWZ1cExKNkVTVG5qbC1CSmRweDNpcVNsUndOZGdZNHU3VGh4TjZ6ZWxTM2lodjhZamFNWTlxM1RJd2FzSjNLVTJJNG1FZ1JzMVktNFlwZ001VDV5NVB1R1hxVkJ6WW03Zw?oc=5
2026-03-20 03:00,Yahoo Finance,finance.yahoo.com,Grab These 3 Goldman Sachs Mutual Funds for Outstanding Returns,https://news.google.com/rss/articles/CBMilwFBVV95cUxQdmFsX0lwWnlJVTFlOGxHemFic0JyYWpBZUZjWC02LWRXb2hhMmhYTkpEVVdMb0tXd2ptclFxX2FTMW1oWE9QU0xQcEpCd1k4Z0VMOGRCXzdUN0lIT2pWMjR5SWhXU0R0dkxMSXVHUTRUQWNSZzliN2xOSU1nUVpCVmFDVC1OZmJISVc5VktMRWt2TXc3d1Vv?oc=5
2026-03-20 03:00,Yahoo Finance,finance.yahoo.com,"Morgan Stanley, Oppenheimer, and Goldman Sachs Raise Vertiv (VRT) Price Targets",https://news.google.com/rss/articles/CBMiqAFBVV95cUxNRUlOZk10dnhvbHR5UXFZdEp0UFdaY2ZJSTRlcGcydEJUWnhmN2pkZndDS3A4N1BlTmRqSV9GNEJSRlBPTktvNzBGc1NyNnhfLVZXaEdEQktUNm5VWWIzS2pCaGJkM0RCMjdaNFlOYUxOdGc2UExmYkp1SXNXWUJWWk9obDM0eldmSzlTUEhSRkdtQmNRa2dUOV9yOXFRd0lwUWNMQWlORGg?oc=5
2026-03-21 03:00,The Motley Fool,fool.com,Goldman Sachs Just Sounded the Alarm on Private Credit. Here Are 2 Things Investors Need to Know.,https://news.google.com/rss/articles/CBMimAFBVV95cUxQeXBaZkoxWk5CeWY1cTJJWXJsZ3RmM1NXV3otV2M5MnRhc2lfVmNJSFk3Q0lDWllTd1dMa3RfUFJud1BFZmlYZTNCZDNrbnV0WFZYMEQ0Ukhqb2lCTmUwa0tybWR2VGNuZzVXM2FTZ3RYb2dPX1J5SHh1RFY1V2RYdjVWTzVpV1dQVTlyeTR0ZW4wY3F4NHhaOA?oc=5
2026-03-21 03:00,The Motley Fool,fool.com,Goldman Sachs Projects $700 Billion in Artificial Intelligence (AI) Capex This Year. Here's My Top Stock to Buy.,https://news.google.com/rss/articles/CBMimAFBVV95cUxNNFdVT0VhSmZpNTBMcWtHY09pQnVOdEEzdnBrOFh1alM3Wnh0ekNoZ1hvckY0NmtYNGJSOVkwYTcxMGNmUTI3eGNHdWY4NExNeHFhTWVvbWR6cm52ZU9VdGZmM0h1c2NqZUZSVDB3MmZyM1lOMU9lRWwzcm5Mb3hEM0lpeUxkTzBtdGxvTDJNdEQ3czNRUUtVZw?oc=5
2026-03-21 03:00,TheStreet,thestreet.com,Goldman Sachs resets oil-price bets as war rages on,https://news.google.com/rss/articles/CBMijgFBVV95cUxPWU5FM1ZPTWtjQXRublMxWlkwci1PVDU3STdScll0dVl4Z3JFNklRMGlCMENhT2poWmppZHdxLU0zRkhPWWYxUVNzdkZBOU5CRk1YWUhQQzRzZkhFV0Nma1BVakpvS0R3clI2QkQzaE9vamV3c2tDLV9SZFNibm1kRUQwdE5xNkttTFhJZWFn?oc=5
2026-03-21 03:00,Yahoo Finance,finance.yahoo.com,Goldman Sachs Flags Private Credit Risks While Building Shorting And Funding Tools,https://news.google.com/rss/articles/CBMioAFBVV95cUxNTHRDclZRbWRWSzF6Qzc0YldQZnp0QzViOEJ2NmtVaHkzWnJJb3RyUXpib0w0N3RTX0MzWkhtQkxQYWszLW1BMFdmWjYxd2JZZWw0N2hmYkN4cXpLV1dkRmUxMG1PcjhKQnFIOGhRYVdzOEhjZHR4VG5aSnBMYm9XbTVHRkJ6TUJSWmFMbWZTS3lRNVJudmdpR0FfYk1sc201?oc=5
2026-03-22 03:00,Business Insider,businessinsider.com,I left Goldman Sachs to build a small baking business. Here's how my time at the firm is giving me a leg up.,https://news.google.com/rss/articles/CBMirwFBVV95cUxQN3gyN2N2a2Y1cWI3RjZUczNmYXItemd1N0hOUWM5RURWT2tIUDBtcFI5V1ZSMElub2Nxd3dOZDFVV0xGdTZ0ajZhV0xsOXBCZjVpZGwwVE5mSGtmMDR1a2dkYXRvdmZjbEJRM0JTWDdwNzRzeTZBNWhPZTM1VFJpRUZCMUxvdjdhOXdEOGhtQ2w1cV92bjg4OUk3Vjk5V2hwWnVHZUp0LWpZNEozNE5R?oc=5
2026-03-22 03:00,TheStreet,thestreet.com,Goldman Sachs sends blunt message on Nvidia stock after GTC,https://news.google.com/rss/articles/CBMipAFBVV95cUxPdjdONkZUTVF0alRiZ0JyaEQ3aFc4Q1l0QWZsRUZmRm4waGxZWDFyV0t6d2hSYVV6T2M3ZE0yeE9SOE9vOWtOZTVIalVTbVlrQVR4NHN3MHpxZHZsalJkNmxSTGN5VXAtanJ6WEYtMlkxbzFHdmt3TWFicTBsOWtaX3h5aEp6cGpqdXUxczZlZUdLWnNLOGtuRjFqRUlOVjNGQlpidQ?oc=5
2026-03-23 03:00,Bloomberg,bloomberg.com,Ex-Goldman Banker’s AI Chip Company Secures SoftBank Funding,https://news.google.com/rss/articles/CBMisAFBVV95cUxOcTVsZ2ItLTdGUUpmM3VrRlJpaTk3N3VCN2ZqLXZkcmxaNGFoYUtPQXVqTEIzX0FZaC1XZklYSmhNVGF3YTNpTFA4RlFWXzdBNXdrYk9CZTYwVlZjbDVYamVDYkxrME5RMldXZzJ6a24yeldIS0VpbGNKY2lDWlFISktzVnRaSGhWYjM0WUtPRDFEZHVWSVk0ZlNQZW5IWTZldGIyRnhpNkxKdHk2ZGdWUg?oc=5
2026-03-23 03:00,Reuters,reuters.com,"Hedge funds bet against U.S. stocks and turn to Europe, Goldman Sachs says",https://news.google.com/rss/articles/CBMi1wFBVV95cUxNb2paTWVCNGlIZ3dXenFWZnQzdlpTdTRRb1NndVo2Z1JzMWtONThyMkRDX3JxU29HQ25aTXhhdzFLTFd3NHJLVk9ERW9YSC1HM2tEak9ERmdCZEo2X3ZMQUNVM1JGalk0ajlncXNzX2tWa1AyVFI2ODVHalJxd2lPNUNWSEF0dzRWbkc5QjhtNHhzelI4OV9rS05PMndYZUVoaUF3Q3dQSUxaSHYxTER2NlFmRlUzNloyVFRnb0pWUS02dVRpd3pJWEVOSXJYb1dEVExKZ2tPaw?oc=5
2026-03-23 03:00,Seeking Alpha,seekingalpha.com,Goldman Sachs: Selloff Represents Good Entry Point For Investors (NYSE:GS),https://news.google.com/rss/articles/CBMipwFBVV95cUxON2l4RzR2WExDMDdzUUdtc2Q2anNycWVTcFVSLU8xX0pNM3ZKX0hhcGQ4R2VGVDhUdU5kTlJlbERBSW0ydVlTY25fV0o5MGdRWHV4N2VtdnpXWUJOQV9uWU5XNVlmM1UwenBHWEx2NUFWWVdLWjRsejBuVnRfOUVZaUFFMjdfWEhyR3N1Tlc5SktDMXZxZEpIOU9nRnJVUjdtN1BETDJHbw?oc=5
2026-03-23 03:00,TheStreet,thestreet.com,Goldman Sachs reset oil price forecast for the rest of 2026,https://news.google.com/rss/articles/CBMimwFBVV95cUxQQ2dyUDZkQWpoTnVZSkpqN05oU1h5aW04cW1pNkF0Z1pSbHZmTk9xZnJUSmhRSEZTcEpmZmZRQ0trQ3k3RHk5Q0kxLVV4SzBBYjQ5UkVHb0JNOS16VURwdmlzSFJWWjI0Nl9DNlcwdUE3U3QySGhGczZFdEg2YlZudTlodGI2MFpuaGFHRnhhR1Z5VGJSQUNGejZkUQ?oc=5
2026-03-23 03:00,Yahoo Finance,uk.finance.yahoo.com,Goldman Sachs cuts National Grid and SSE to neutral as AI power boom thesis plays out,https://news.google.com/rss/articles/CBMiiAFBVV95cUxPMzdPWFc3TWwyY2dlOGxPYVI0NUVoekFHUVl5MkNuUTA4Y0NPZld3Z2h3cmxpTVNxWm1heWMtc0tZVWxuZ0hNZHhYenl0SDNYQVh5eldZaGN4bUJHVUN2ZkhUemh0WHJkMWZ0V1dWWV8tcW9DNlRsV3lDTlV1cmlLbjJNcjF1RHJN?oc=5
2026-03-24 03:00,Investing.com,investing.com,Goldman Sachs Names Top European Utility Stocks for Energy Transition,https://news.google.com/rss/articles/CBMiywFBVV95cUxONFhULW5RUUN5cmxHVXBwNmUxVVJ5TXRlQ1ZqTno5SXpMZV9UMHd5SC1Hei04a1JqeER1QnRrMGs5ZU9jeldvb1pLQUJlMmNHVnlub3Rlb05TNnZiNkpPZUlkYlVRUHh3OEFGQ3IwQjd0QkpCZ1hqY3VxNkRTWlJxRl9vd1JGSF9xMXZnemhVb3BfYkhtQzV5TlhveXQ4Ynl0S1NzWVdaanZJMFBnTkhsa2VLYlVFel82T2JDZERSN0E0d1AyZEljTnBWSQ?oc=5
2026-03-24 03:00,The Motley Fool,fool.com,"This Power Player Owns $154 Million in XRP ETFs. Should You Buy It, Too?",https://news.google.com/rss/articles/CBMimAFBVV95cUxOaFQwdmwxOFNMVjJPN1Q0Sk5Bc0c2S1V1Wk9Gb3NXTGVnQkVieXdxa24xNk1yaVZKaXpkY0Q1bnI2RHhhLXRJU09OdFRwUU5NY0x2REZLUVFfWWJFellSZmd6THB1dzdUcjZuMmEwTE1CMjZKZm1sMkltSUpEbVRiQjlYdnV5Nzl2OG02c1dQcy0waXlsMXpoZQ?oc=5
2026-03-24 03:00,Yahoo Finance,finance.yahoo.com,2 New IPO Stocks Goldman Sachs Thinks the Market Is Mispricing,https://news.google.com/rss/articles/CBMilgFBVV95cUxPd2xsNHBaeEVodHk0Nk5JYWUwcG1zWUR2dVhlcVFIMXYxNENBbTRaMTlzT3h6Y2k4QmgyVlltNW9vT0hoS3pjNVFfU2hDODdIaWxVcUl4ZW9pY2J1ZktWQ092YmNXSFBDTEpoZ2RNTFZwMVpNbW91M3hCN0drRS1RT2hLb3A1OXg1cHYzc1hZZzIwbFlLVGc?oc=5
2026-03-24 03:00,Yahoo Finance,finance.yahoo.com,Goldman Sachs Lowers its Price Target on Oklo Inc. (OKLO) to $65 from $91,https://news.google.com/rss/articles/CBMinwFBVV95cUxPSzFFVFhZS3l1M3BRYXR6ZXdJNjBYd1RvWXdSX1V0dG56SS10b1JKVFNVZDAyVExMSWdJVTQzQ3J4cHNEdldDU1laN0pKQkxDalotczE5R3AzX092TjN1NkY1VUFlYURMUjllbEtUcGRvczJYSHMwNHZCQUVSWE9PVU0waTROUlJFeVB2b2EtSFlTY1ZJREdZZnFpTHRsWEU?oc=5
2026-03-24 03:00,Yahoo Finance,finance.yahoo.com,Goldman Sachs Top Energy Picks Have Big Upside and Pay Solid Dividends,https://news.google.com/rss/articles/CBMimwFBVV95cUxON1BzTlcyNUt4N21xUWZNNWg0YTEtLWpmUllDVFUzY211dndmcUh2elF3YVVoaEJTUU1MYnlOVWxza3RWaHdkOGpwZ1BhNVZqVnNibFU4OFlVV04wOW5kOFhvV1VfUWVzZFRqeTRmREk2UlR0ajdyUGJ0NF9FZy1IOC12RjlySmNJY1UydTNEQVZLaHJCWWkxYmlTaw?oc=5
2026-03-25 03:00,CNBC,cnbc.com,Goldman Sachs' Lloyd Blankfein warns Iran war fallout 'is going to last' even if 'there's a resolution tomorrow',https://news.google.com/rss/articles/CBMitwFBVV95cUxOQXZmM3A0YnZ1d0Q5bTlGd00tZ3JFcjlmcWZ1RV9iaWg4SGpBci12MVdhSGNxV3o2Y3lGZ3Uzb0VVVDNlT3IxaC1Pc2l5N3FVVnRBZ00zY1hobFBqejZoQlVmMnpwcnlzeS1QVDhzeDgwa3lrWld1aXhyamk4ZmpwdFVOZ0xpMU00ODJ2ZDZ6eWNja2IzZ0JYVFEyT0FFanB2YUZkaXB5VjB2ZUs3Ml8yOW5aUHVxRjjSAbwBQVVfeXFMUC1JeC1WaEFSSGtPX1hhVjV3LURzWDE2N1p3NElwTE9xc1Q3THNROEJLVU4tU254VEMzSVNCdWFCV3d4dlp5Ul9waUlQbFJJeF94dTNMalRabl8xdWdnZW8zcHM2c0dFWHlYU2s5YjhQaXBqLWVDRnRJTUlDX0RlSlVleTBsWFdwZ1lVWTNXZXJJVlJBdm1BTlVMNjlLWGZpRlI2bjZuTzctYnhyTVV3SjBOSDVKbUQ3YWRrQkc?oc=5
2026-03-25 03:00,Fortune,fortune.com,"Goldman raises recession odds to 30% on higher inflation, lower GDP outlook as oil prices surge",https://news.google.com/rss/articles/CBMiogFBVV95cUxPVnROZTlVVEFPSXgydU9DMDFhMWlWSTR5bTJ0SDRtbVc1bGZVdV9pMktNUEZsdWh4SWhpUERscmVqZ1V4WnlJODlGNjRVemNneXdfbmJBVTQ1S3l0VzVnVVBtaTVFYW84eU92cWthanNIdk9pVzhKQWppRlpEV1RGRWZkdmYyN2dqTXhLNExQSTJDX1hUZlhwdER2Skc2V05vVXc?oc=5
2026-03-25 03:00,Fortune,fortune.com,Rishi Sunak is giving advice to CEOs on AI. Here are his golden rules,https://news.google.com/rss/articles/CBMickFVX3lxTE1rUkUxclBMc2NPUVFxSkdkSWlRNG5KV3FZNmhmWkxQTUZTQjJnM1RCNkFPandld3lXTmF2aldldl96bzB3Tnl2UUF0UW9rdXV6a2pJQXI3ampGUXFIcmV1UkFRaG82TWlDWFJFVUFfd1k2QQ?oc=5
2026-03-25 03:00,Yahoo Finance,finance.yahoo.com,Verizon Receives a Vote of Confidence as Goldman Sachs Raises Price Target,https://news.google.com/rss/articles/CBMiqAFBVV95cUxQWjlnVzYwN1RSanpqSnliaml0NjhuV1otRTR6NFJpYW5VbXdDNzFtX3JGUW5ITXVzTHE1VG9lNlFHTTR1TjZmQ1dGcDFqakhMSG1uRGUxeFVFdkZrSXliLVhQUHg4bzJ0ZXZkUmstVk9ibm1IWXU5NGFkTjBSWndCNlFzamw2NzRWZHd6LXhPV1BJYU5KZC1CTUVkMUF5S3hfRnlmRjZreWY?oc=5
2026-03-26 03:00,CNBC,cnbc.com,Goldman Sachs says crypto prices may have bottomed and these stocks have attractive setups,https://news.google.com/rss/articles/CBMixgFBVV95cUxQcDZCT0h4ZE5HTGhibmk1T28yTkN4SlVQUjF4TWhWbG05NjUwbTBleFAxOXRBcDczb3hxbEh6VzBDMDRfelJLajZjMG94N1pOckdQRzR6S2pJMkJBV3E2TUptbkswNTNtQ1BRQTdZLUlEQ0F4b2N1LWxzUXhscXpWYWFSd0hlUFA0VUh3Q2dzLXZITnpleXhhNTltdGRBTDU1M3JLQldPU1RyeTZIUXpnS0l0eldzMmxmZ1dEWjRyRzhwYlA4RGc?oc=5
2026-03-26 03:00,Fortune,fortune.com,"Trump’s war in Iran is costing the U.S. economy 10,000 jobs a month, Goldman Sachs says",https://news.google.com/rss/articles/CBMiiAFBVV95cUxPUzVFNThFYWdwanlXSWhPVDNRT0s4YU0tMEJYQkRDUWR3RFBfczZpTU9LekY2VWh4bElxU3ZSbjEteEc5b1ljVU1SXzBMMFA2cGxCWHdieHdySW5pUzFnbl9PNUtJeEE4VGU2S0RLN1ZvbGx6elpiem5QdDQ0R2VnMUFRc0wwUGJw?oc=5
2026-03-26 03:00,Seeking Alpha,seekingalpha.com,Goldman Sachs Mid Cap Growth Fund Q4 2025 Commentary,https://news.google.com/rss/articles/CBMimAFBVV95cUxOMHAtZjJwQ0gydGl1S3VpOFpiODNGdXJmOF9KNDJGUzNHUkNUSldlaExaUWJwbDY1VUIwUWpzS2RxZ1dRYmJYTEZUclNZMUlyTGtfZ1o3N0RzWW1VbXZma2YzWU9Hd191Szl5NnV0Z1lMSjZVLUJiYzBDZ3llMkw1cGE0dHRXS092eUM0djJMX29aMFlnd3F3bQ?oc=5
2026-03-26 03:00,TheStreet,thestreet.com,Goldman Sachs slashes Coinbase price target,https://news.google.com/rss/articles/CBMijwFBVV95cUxOMDZwa0RoRXV5cVl1dzNNcWt0U1hRMWJMTTRtaW50TmRzLXR3a2RZMmhKNDFmR1B4UGdXMjFNVFlmd2M2VmcwaHVKLUtJZkxINVlLVUViVWRBTGNNMU8wMGc1dkdpTkk3NU1VZGlzYXJwcmpjYzZxbGJ4eVJGVFVzRGdieW05UHBCMVdseDl6RQ?oc=5
2026-03-26 03:00,Yahoo Finance,finance.yahoo.com,"Goldman Sachs, Citi Raise Verizon (VZ) Targets, Highlight Shift to EBITDA and Cash Flow Focus",https://news.google.com/rss/articles/CBMingFBVV95cUxNeGh6YUhrZTdfNGFodzNfcHR6MjRVUkt2OHRMLWZ6UGpwVE9MeTZOcVNxZmlsenliM0VmWnlTamdoclU2R1ItVnoxSm55SFU2bGlPNjU1d1ZWVUoxZG1IVzZKcl9MWG5iclR4VHc0SXBIQTF0ZVViM0xoZkFHUVg4NzBsNVE3NFhoQmxmVmpkZmtvcFY3em9rZl9Ma1dldw?oc=5
2026-03-27 03:00,Bloomberg,bloomberg.com,Goldman Traders Warn Against Shorting Stocks Amid ‘Upside’ Risk,https://news.google.com/rss/articles/CBMisgFBVV95cUxPVS1DbmY5b2NvcWs4VUx5ZVk2Z054ekh1RGhBM3VsTTNoZmNYekU4a2JKemtpb21jZTdVNVZVUXh5YmpVOEVraTFUWjJFX3FKYVAzVEY0UEIxSzhWYVlyRmxiZmdaNmxlRGdXN2NBMml2RXdPSFd2U3pWNU1adHhnVzJvb3JodWZiY2VibDN1dXkwU3ZHcGF0aHJjSE1nOFppZEtkUkU1ZFdsX190Y2Q5S3hR?oc=5
2026-03-27 03:00,MarketWatch,marketwatch.com,"There’s a clear path for U.S. stocks to rise next month after institutional deleveraging, say Goldman analysts",https://news.google.com/rss/articles/CBMi5AFBVV95cUxPTGd4c2VRbWRpc3ZhZk9HQlJGSFNVVFVaSHpTWG1SZnlOcE5pOXY4SGtmTjRLd25oTmdvamd3NU1wRmVPbktYQkE3RlRZSldZVXRMVUs5MzVNdzVyOGozRzl2NTUwcjFxTkNaLTVXVXhuY3Ewc1o1UjlhT3VHZlZZY2RuSFktWWJkNm5ZTEx6TGw2NTBNa0JySmx6MEdEdWJYWWNmMFNFZlI2OG9jZ2VrOWRaVG94eW9qREEtc0N0eFZ5NWNmT1BwNFQyVTd0Z1gyUFRSVWNlZFlIN0NiWVRKd1k3bWQ?oc=5
2026-03-27 03:00,TheStreet,thestreet.com,Goldman Sachs has a blunt message on oil prices and jobs,https://news.google.com/rss/articles/CBMilAFBVV95cUxNV3NXU0o0NDdoNHFkUk01M3FyNk10UjZXdkJNX29JTURaVFEwUzlNd1ZfV1VRY3FWQmxRSGJFTVJ5N1BxN1pTbUtNNzJqUDBEdXFEX3RldkJNX00wYm1RdGQ4aWtYb2tLRXFSeFNqWHNtTVhOX1pFeFlBRXgyNE9fNU5WLXRKdWpLd2lJZjJwT3IzZEI3?oc=5
2026-03-27 03:00,TheStreet,thestreet.com,Goldman Sachs picks 3 ‘attractive’ stocks,https://news.google.com/rss/articles/CBMisAFBVV95cUxNb25oQ3p3ckJDS0ZBYlEtTWttQjZ2VHlNNXNpbFVnVThHcXBzeVpKNVQzRFVXRXJoOGR2T29xMmhPVDA0bUVlaVQ1dEwyVzZQRFhBVXpITEtBTUFNLWpJWndBVnpJZVVySkh3SlBmV1VGMEFvdW9kaExMa0c4eUF3XzJQcjJ4a05IckpaV2I3clVBYll2b0lfRnVybzNoNEtOYWFZTDg0UGcxN1hXTzljTg?oc=5
2026-03-27 03:00,Yahoo Finance,finance.yahoo.com,S&P 500: Goldman Sachs says this is the key question in Q2,https://news.google.com/rss/articles/CBMikwFBVV95cUxOVTc1UFFCWml5Q196Vlp6MkVTU3VPZnRhUHJLNmN5SG9Db3A5dHlVQzQzZG8tenVTVkJhTmNGSS1JMEJsMWxkeFZDbjJ1VEwtSTZhWlp0YnNGTWw3ZjBJbkhiMXdJTk1Tenl6bExpaFdDa045SWVQT1JyYl9oa1FXRVQzZVNrUXIza253X0trZ3czakU?oc=5
2026-03-29 03:00,Yahoo Finance,finance.yahoo.com,Goldman Sachs Flags 2 Crypto Stocks Worth Buying After 46% Sector Crash,https://news.google.com/rss/articles/CBMimAFBVV95cUxNQ2RWR0UzSzlGYWhmNzF2V19qZVEyUUZOUmdwOG9kWDhKUll2SG5iQ1RVOFFkMlBpSEVwZHdJcmdaX2tNd0tBMVFhMlkycE5GWGxPYjRxZE53SEtCRE9LRFB4WFpvYkg1UU1vUzQyNU1VTHp4OFZwVEtJQmN3eFFEaFdHVEJ5TjAwdzNGbXdfWE9XeTFWMzVGUw?oc=5
2026-03-30 03:00,Bloomberg,bloomberg.com,Goldman Traders See Signs Hedge Funds Are Capitulating on Stocks,https://news.google.com/rss/articles/CBMitgFBVV95cUxPZUIwdmI0LXpZMUdxa1g1SGdkTmtvX09PaGF0cGl2aTFYejAyLTRxRFN5bEhTSVhCV3BSSE52bDlTX0ktN2NicDVUVHViQnhEdjM3THBMU1ZlYkVTWjR1WHcwbGZxc2dqemNkMHZhMDgxY3FvUnFLQzhUMlVONnh3c3UzOGNfdWZkUlF4akdGYnpfLVBRUnJBemg0WU0wZnFLZXpvZjZQQ2V1TEhWcTVLSFlfRU1RZw?oc=5
2026-03-30 03:00,Investing.com,investing.com,Goldman Sachs initiates Qualcomm stock coverage with neutral rating,https://news.google.com/rss/articles/CBMixgFBVV95cUxPSE5lcklkb2xwZ0tPUlgwVDk3NGpNNTB6NzFYQlBINko1bmNYQVJUS05McFZFZGJpVjBYZXVZV2tUSVlyX192WXl4YjRYNWpZdmVIZkRsZjJFVGwwS1p3ZF9yYVdjTWtsdDR4OTh0SEFSUk9vczBmTm53Z1RwU3RyV1dZU2JaRVF5WlNCM3pSX2FZdUhUdlZyYU1hZ0VpSDVOOE1mb1YxbmNnUlo1UkxSUDdCMlZESnZFd09sMFRwWlJfcUFIUkE?oc=5
2026-03-30 03:00,TheStreet,thestreet.com,Goldman Sachs delivers blunt message on interest rate hike,https://news.google.com/rss/articles/CBMikgFBVV95cUxQMUhoTGVFN2lUdkxteUtKMnd3Qk9NV3d5cm1fUzRVcXozTHRxbkhBX1ltOEYtNG5aN2FBU0lpdEVxWG5ibFpjMlNTbHdBXzZxb21jd1pXMkljWGZJR3BpemFpWUhpMEpaQ3JJQ1EtLUVBenVKaXVoS0ZLcHNIYlJXWm5oNFIwYUVzZ0tzUlRlYklOZw?oc=5
2026-03-30 03:00,Yahoo Finance,finance.yahoo.com,Goldman Sachs Initiates Qualcomm at Neutral With a $135 Price Target,https://news.google.com/rss/articles/CBMiqAFBVV95cUxPbHRYVWFXYzNjaVl3REtuMGE3eW5XSFZQSGt4WVVydmNpVXZiUkJoRnRWQUVpdTh0dlVDczdQbmZpRERLUXBUd1k2Z3V5R3E2bG5pMFd3SzhUYjFNMS1qTEdRUjJzSlVtN1RNTEJVbFVtTVFhaE55ZmRtV1AxTEp5X0hVUXZ1N0U3di1Gb3Y2NHlKR2lwUjh5Y3NET1hfVXloVFNPc0RCeXA?oc=5
2026-03-31 03:00,CNBC,cnbc.com,"SpaceX lines up 21 banks for mega IPO, code-named project Apex",https://news.google.com/rss/articles/CBMinwFBVV95cUxPbi1NeENXOFVHVjZTTExnV3ZMZUJtODNQNFY4MTUyNVNCekYzVmt0NnpwelhFcUo4QnBzcjV4TUFqQ1l5QXNvcVBIMUFjeUFxVEJlNUZCN0lkMHBxWUswSXA3MWVnc3IwUHVjVFgzQWVyVEZGMUhhMlg3ZVNLYU5sWGhpOW9IVjd1WHliMk16S3NLaDZNb0d6ZURZSjBwVzTSAaQBQVVfeXFMTWVXWUY4UFJDcDJiWDFuSnlzb0dSdllidktmbElMTk1kdkRIcm1lVl9LNkVwSktiVTVSVFZOYUhBNzc0R1NQaEEtWUNvQ29sYzVhREltTjJhdzFDVTROYjlXTkM1Ukk4eTY1NFRnUkZzb3AwTzVYZXZndlp3azR5WDB5LVc1MXhiUG5JMTRoT25KSWxwYk5WOG5tS0xZSW9GY3JZNS0?oc=5
2026-03-31 03:00,Yahoo Finance,ca.finance.yahoo.com,Oil prices: Goldman Sachs research reveals the true impact of Strait of Hormuz blockade,https://news.google.com/rss/articles/CBMiigFBVV95cUxNNk9TRGZ3OGd6amNDaE04NjA2Q282anpCRnNtMmpBSnRUSTMzTFdWcjI0QVE2NVV5Q29KekZwczBYNThYM3JEUFYyZzVFTGphNnlieEZIUjVuUUhXYmZYeTUzU1hzeEVXRzM5UHFEZTdZNW5lWUoweExLRHVNSU4xRDJQYUJsdXJQaFE?oc=5
2026-04-01 03:00,Business Insider,businessinsider.com,Goldman details 4 reasons why investors are getting ahead of themselves on rate hikes,https://news.google.com/rss/articles/CBMipgFBVV95cUxNTkhwOFFuZjRoVGpSWkV3QmhVTUdNTExEaFc4NnpOd3FmS0JQWW5TY0QxYlFlWDBMTHI1cWtySDBaN3BQNURxY25YTHF6MjZUYkc2MEZqRTU2Ti1tSkFoMW1GbEZ4WXRpcDU5aXFYakdtUzR5NWM5TFJlaDBtcC1rcnY2dlFpZFdsdWZBOVdBT3hMSE5WZWhJMGJ3YUpyc0JlTlM5dkF3?oc=5
2026-04-01 03:00,Yahoo Finance,finance.yahoo.com,Goldman Sachs Highlights AT&T’s OneConnect Push into Value Segment,https://news.google.com/rss/articles/CBMipAFBVV95cUxOeFZUMTZ3dzdXTV95X3k0UVlycGJHNzVlandJbEtQRmJMRUFJbFN1LUlWS2hGS0VTMkM3NVlHSGR2VG9VbFB2OXlKRDBDWEVid25LUmZEbnROVm5zcER6YVVFdDkxNXdSSGZIQXBhVV93c2lLOGkyNDVBQ3hUcGZ1SVI1TDhLaEJPNkNWcmgzNGFPS0ZvdGhMRDYtNVNwR3pPek9HeA?oc=5
2026-04-01 03:00,Yahoo Finance,finance.yahoo.com,We Ran A Stock Scan For Earnings Growth And Goldman Sachs Group (NYSE:GS) Passed With Ease,https://news.google.com/rss/articles/CBMimwFBVV95cUxNNzNuRzBzeVg2cS02UXRpeVRNV01MTUNwOEtRNDk0TXpsM3JQMTNmWVkzTVUzQmlpMDVKTHFLY1ExdzNMRE9nT184SFV6cUtoUUhVYW4yVTRjVTZpQjdYLXZEa0k1blJ1aWc3R00yUi1GSjVOYzBuUGFqVnpRUVN4T010Y1gwVkhnSjc0c3FfMUJSRHlYcWlwTWF5aw?oc=5
2026-04-02 03:00,Bloomberg,bloomberg.com,Hedge Funds Bail From Global Stocks at Fastest Pace in 13 Years,https://news.google.com/rss/articles/CBMitAFBVV95cUxPRTBzT2NnNzRFeUlTN0V1ZnBHV01pdDVWMEkzdFpNNzlFeWgzZXAyUUp3ZUpTQVVkU0pzTXB5TVBEUVg0OUR2M2VudUJ5TnlQUFQ0bXIyOHA3ODNwSTVpTzY1S3BxUDgxNTRFMmVXZm9DbHREQUsyYjhhV1c0UTNEN2RiQzhvdVBaNFVWMlpZX1NqVWtYRGJGQ0VrQVQ0cXB4NnNqMXZEYTN0LUJnczBhZ3BZcjY?oc=5
2026-04-02 03:00,CNBC,cnbc.com,Goldman Sachs on the Iran war impact on China's markets and tech scene,https://news.google.com/rss/articles/CBMisgFBVV95cUxOZl8yRjl4eGtrT1Q1RnBXclhMUlV1NFBJQXZ2dndmbmZ0Z0dTb09aNGpreExNMTZZZzU5UkhrQmlOV3NTM0REUG12cEhKMEpPUjdrNWxKZ0xLYjNsdldSMWg4NC0xcjNZOU1nQjYyWFlxYkswSUtDSjliZ2ltd3I5Znk4Z21VYzlsQzc0VmxiM1IwaFdSdVcybDlvU1g5d1EtbEUxbGl1U1oxdV9KSTJIanBR?oc=5
2026-04-02 03:00,Reuters,reuters.com,"Goldman Sachs completes Innovator Capital acquisition, lifting ETF assets to $90 billion",https://news.google.com/rss/articles/CBMixwFBVV95cUxPNm5GOVlHazMyajFyaFZGNmJMQm5wMWRScXNTRWp2YVJkVFNEb0lpYTBIb1ZkUVMxbDdsekpxZnlHOTl6UjZnV1J5UzZUeTgxVGZPS3MzMmpIam1XdWhpQVJtaXFaUWVBVkhuRkthMVFhVWdPbmMxQ0ViUmxDU0ZiYndMRFBkVmt0bld3bXhGLS1WdmgxakJmcTd2MzR4ZWpSU1ItS1MtVWRHcGEyZWdSNTk1WDFlS0RHMmlYNmVhQ0l2MnY5WE9V?oc=5
2026-04-02 03:00,Reuters,reuters.com,Hedge funds hammered by market turbulence triggered by Iran conflict,https://news.google.com/rss/articles/CBMixwFBVV95cUxNRE1kM1lHOTM4dkFUS050bnJWQndSSmpmUjEyblhwTl9XcVhRY19lSmNqdnExaUxJV2NuOHgxVEs4MVdZODBJNXNhNE9GMElLWUoxQ2dWS3pMYXM2LVpPZThxSFpsdkRJNl9FMDRacDBYT1YxV0dNNXVGcGRpX0F5R1lhMHVXSXBpMHlWeHFraGotZndRQmRkeVhqYzB6QWxXSUticWlNNmZ1aU9hU2x2bzZkOHlaZHhFRWZYaG5Ua3J0T0c4RVJv?oc=5
2026-04-03 03:00,Yahoo Finance,finance.yahoo.com,"Investors Heavily Search The Goldman Sachs Group, Inc. (GS): Here is What You Need to Know",https://news.google.com/rss/articles/CBMipgFBVV95cUxPVXdSLUxTTUFBbU83b0Q3Z2F1Z29MUUU2bG9YQUVITVlUc29kTHR6dDEyM0pTREs5X1dITUZhMWZsSnN6ZTI1b1JPTTJMOGRZLXpvbVBHZUdoMk1ta2xta05ENGIxT21neEUyVktKcnU1bGRJSHZtUzlldEhjUWc3d2ozZzN0SlBkUUhRRWU3Z2hvTnlsNmI2TEdneEVOVFdOLTdzVWNR?oc=5
2026-04-04 03:00,The Motley Fool,fool.com,Goldman Sachs Says Bitcoin Bottom Is Near. Is It Time to Buy?,https://news.google.com/rss/articles/CBMimAFBVV95cUxNLUZ4TDVvM2ZFc1UtMEtNalVEbjJCbFN0dVcyeWNKLWk0eGg1MzY3LXVmTkNSX3p2ZmVxNWR2UFR3YWp6QjNud2YyU3FxWndaMkp4RDFxdzVGenEtcDhadEtmM3R6cmt1elJsZUVmTzZDT2NiMi10cEVNeDF6VDQ3OGhjMFNkUzdZamlOZk5INEVLR2dnN0xVVA?oc=5
2026-04-04 03:00,TheStreet,thestreet.com,Goldman Sachs has blunt message on gold price for rest of 2026,https://news.google.com/rss/articles/CBMinwFBVV95cUxPalM0QUZvTTlka215YjRXZDMzT2RKMmhfUEFZNlVZb29KeFQ5V2YtWTdSdFpQTXlfVHdXMkFtMkdCX3kxNG1OSnJqNjRYdWhoalhhNThHYnk4blFlM2djalBmMC1tUW1UeTR5SS1wbW1haTRkY05lMkxLcjY3by1kMWJhU3lTb3NGZXp5NXVMRXpRRXpyWHFQR1Jnd21jNmM?oc=5
2026-04-06 03:00,Bloomberg,bloomberg.com,Goldman Says It’s Ready to Pounce as Retail Flees Private Credit,https://news.google.com/rss/articles/CBMitgFBVV95cUxObmNzSFFQa1BfXy1kRjlvc1Rob1NDTDRMX0h6a0tqQ0VodkFwMmxncThLNk9od3JhZWMwTm85bFBhT194NU9SWC1MdjJzcENPWjRldWlPZmFVNk5pWkgtcXRzRjB4eDIxMV84aFR6Y0lKU1l2NHp2OVlIbWtDUzB2QkZCcVFtVTZoVmRZZzNPWE5Sam5Hd18yZnlzR2plNkZuQ3hlMkdFazhRa0V2eE5ZbXRpMzBiUQ?oc=5
2026-04-06 03:00,Bloomberg,bloomberg.com,Goldman Traders See ‘Fast-Money’ Funds Turning Into Stock Buyers,https://news.google.com/rss/articles/CBMiswFBVV95cUxQSXVXN2RyQ2g4UnJXQUE4MFV6ODFXaWx6Q21rSk9MdHJYRG5qb1lFOHBVd3AzTGZWaE8zRFFfLWI1bkVobDg4S3dGS2pqSE1tN0hlRlQzWWRjTmFZc0lrY2l3TXl1X3h6UFh1MkJoSGx0ampaU2kwMEVIaVVLdnVONGtHWjFTRVlDTHhOMThNcmRMSXlMenlyY1d6YTJwYXppZkV1RHMybDRHdnZRdzBwbkNHaw?oc=5
2026-04-06 03:00,CNBC,cnbc.com,Microsoft is the worst performing Mag 7 stock this year. Goldman believes that's about to change,https://news.google.com/rss/articles/CBMingFBVV95cUxQMzhNemdaWEJIdkU3NUp4N0U5M2FnMkU0b2VLLV9HeTZzSHFWNjdsb2lnVkNRTUhIUzVxWUNpRWtnT3dkXzNxZjhPOHRMOXNENmxVWU42eWtZZnZqb3ZKOHVVcWNKY1lxdkRMRnQwRXZxelpyakgteDU3eVh3ekU0ZXAwMW9tQlJNUlJVWmpZN3VyQUc3QmFiREFMVGdqdw?oc=5
2026-04-06 03:00,Fortune,fortune.com,Goldman looked at 40 years of the ‘scarring’ effects of tech and finds Gen Z isn’t the most at risk,https://news.google.com/rss/articles/CBMikgFBVV95cUxPREl2RWlKNGJ3WktRTlBFV0JFdERQYV80SjBwUjVXSjVLMmxlalhaM3N2YVlOUjYxdHdaUEVjX0xLVW1yUmVIV1Q2cTFmN3VtS0hoN0NzUjZwMi1UeEZmV3VlTjJtc0ZwSzJQN1JKRnp4U3p1WU9WR0xaVXZuUWZ3b29YS3BRUUltSHlZa0FGelR2Zw?oc=5
2026-04-06 03:00,Reuters,reuters.com,Goldman Sachs' private credit fund defies sector-wide spike in redemptions,https://news.google.com/rss/articles/CBMixAFBVV95cUxNd0tTZldiSVdKMkdqcndGbFM1a19PUUxwYXpaNjRyaGJrNDNUR0dWVzBNMHdpREc5RjV0c3NTNEtMeEI2WGE5djZGSjBCYVZOazFXQTI1WkNXNzFqNE1RdWdJeF84YmUxbml4RGQtV1RsUGpiTmUtTVh4QVpzR19hSHhlWllQaTB6N3RuWXdOdUU2dkF0SS12Y1ZNTWV1eWY5TEY1eUhESFhCcEZDbk5jbU4tNXNUWWtWdGdrWnQ0dkozWTBz?oc=5
2026-04-06 03:00,Seeking Alpha,seekingalpha.com,Goldman Sachs BDC: Deepest Discount Still Doesn't Justify A Buy (NYSE:GSBD),https://news.google.com/rss/articles/CBMirgFBVV95cUxNTzRaNi1JMjU0YnBQTlFWYmFYZmdjSzQwdGZsN2lQY1RMVXAyaWxHMHVRRzV3S0M3V1pUQmdsQ050b1VmSzA0T2FKTFVtVF9vdVp2bEZ1Z0U0V0ZDeVdXX3Zrd1ZtU0VDOEU1LXlDQjBLNzFxbElXZ0gzMmZTWlp5SS0yR2p4WFJCX3NCd3BxZS1aNXNtejZHcmkxWHNSUnV5VV9wRHJZc1hvX0Z3c0E?oc=5
2026-04-06 03:00,The Motley Fool,fool.com,Is Valero Energy One of the Best Oil Stocks to Buy Right Now?,https://news.google.com/rss/articles/CBMimAFBVV95cUxQM01laEdqS2loZGwwYkpwQzdDMTdLVzEtd1FXUUdTMHg0UnhOYkhMR3Etd083RXBSYkZxR0JyR2ZYa0pOUnZ1NjhDcjlWLUxQV296SFlKdEIySEQ5dGdmeXZYeEd5cTloVGNxdHQ5c2dhT0Jadmp1dDlQdHRBcTRfUmlEZXQxMTJOSUlUTXF1MjVYUlBsWnB1aQ?oc=5
2026-04-06 03:00,TheStreet,thestreet.com,Goldman Sachs spots Nvidia-linked shift not seen in 13 years,https://news.google.com/rss/articles/CBMipgFBVV95cUxOWWdvWFlSSWJzVHV5UWdPMDdocWQ5M0d2UE5sYmowM2Rvb1ZiOTZSU0JFR2N4UHpFNXg2SkcwTlhfakxyclY2bW51NzFsUGVLRl9FZ1MtWS1QZHM3SUY2cjlZb05mcmVENkRrQXdrQ0k4c2I5TUxVdG5aMWRZQmVBRk9NOXFodG5pTTBlZDlic1gtcEVFbUZlTlNDb0dpUXVsSGhuTnJn?oc=5
2026-04-06 03:00,WSJ,wsj.com,"AI-Displaced Workers Could Face Long Setbacks, Report Finds",https://news.google.com/rss/articles/CBMiogFBVV95cUxPZWMtOXRPcXNDcVFoeUc2OV81MTNEU0NiQ08wQU5QVnRaNHV3ZDB0c0h2c3hudFNNTm9CQVBkN2xqQW9xZ3hXdVAxYWxEa2lmY0RhWnAzd08xSWxuOXNIZ3BVUk9tLXJYdkxPaVo2LTNLc24xRXdPbHYyZzRlS19vWUVkWl9BZU5YUGY5Q1V4RHR6NkQ2R2VQZ3B2ek9HM1g5M3c?oc=5
2026-04-06 03:00,Yahoo Finance,finance.yahoo.com,Goldman Sachs Adds 2 Dividend Stocks to Conviction List With Huge Upside Potential,https://news.google.com/rss/articles/CBMimgFBVV95cUxOSDUxSUFGWnY2UEd2U0RBS05pWG9JYnV6MWtXZWJqZlJ5a00ydjd0clZULVRyeVhMeVRpelV5RkhBRkluQ09KRlU3WnFoWXpJLWh6NmVUR2VLTlJkZHd1ZTVpRXZMMDk5ckwyX1FCMi01Nl90eUhJbEpUYy1ZN04zR1RmVGc5SnVnYTFjczJOWHFBRkpyZ1N0SmtR?oc=5
2026-04-06 03:00,Yahoo Finance,finance.yahoo.com,Is It Too Late To Consider Goldman Sachs Group (GS) After Its 89% One Year Surge?,https://news.google.com/rss/articles/CBMingFBVV95cUxPZDRnRGJ3NXRNenNXYWlPWDJEVURHYVRMUWxueGxKaUJTbmJVMWw2bV9tQ1FPeWtfcjdGUm40REt1Tk5LR1RWdl9VTWI4WjdCTF9vMHFZM1BGZXNHcTZnUFlrLTE4VWxVdDY4X2JOWkFJbXVRekVENkRjZmN4VUwzaWRJUWhMSGxJVHNFVlN3c0Jva0FwOWRhOXlCSWJqUQ?oc=5
2026-04-06 03:00,Yahoo Finance,finance.yahoo.com,Why Goldman Sachs (GS) is a Top Dividend Stock for Your Portfolio,https://news.google.com/rss/articles/CBMikwFBVV95cUxNYkRXZ2dGXzdNWEdaMXJYbFMwX3F2dnpBMVdldEpFNjYyUmJyNUdEMk1POHI4dVgtMzFuYzkxOE1OLXVISno0amtiWHdwWW0tb0xFSjhkeGJWXzdMbVFyZC1aRGxnTTlOSDRHcVZoY2wwVW1wX1YzSHlDeGR2VlFON3MzLWtmem1mT0RKY2YwMC1pZk0?oc=5
2026-04-07 03:00,Bloomberg,bloomberg.com,Goldman’s Oppenheimer Says Tech Stock Valuations Are Attractive,https://news.google.com/rss/articles/CBMitAFBVV95cUxNUmQxUjZwNGhDVzVWNFpHaGx2OFZPamtNZHB3RDNLUXNFN3YxNFZxWHdqbGtBM05zMm5kVUNaUHBsR19RSlhqOWl1N29IRmh2a3pQTEwtR0RnMktfa1FhbVhoQjF3UEM1aGZtWkRPcVlsR0RxMmdrV1J4M0Y2THhSRzhPeVFzcjB0ZHhaNWZpMkphcVg0Nnh5djF1S0R2TF9NM1pYNWxycUtZTkRzQmNkZHpQZEo?oc=5
2026-04-07 03:00,Bloomberg,bloomberg.com,Watch How Goldman Sachs Dodged a Private Credit Exodus,https://news.google.com/rss/articles/CBMipgFBVV95cUxNOHlwMk5fOFVkTXd5a1RmNUFZalBNZzlKeTA3Y09iNWlHaDlGWS1mY0VsQm5IdlY0U2pXOFA2cE5CcGg1UlFHQzJpZTlMN293WFU0MngtY1B6UkxoQzAtVHRfZ1dVdlJDQTRhSVhHM3ZlbGUySzduSXlLcWRTUnJFMk1ZNTVVQTJsZFlVbmVqZ05oLVVNMzMzZnlpRDFyRHVzNW5sRHJB?oc=5
2026-04-07 03:00,MarketWatch,marketwatch.com,"A generational buying opportunity has opened up for U.S. tech stocks, says Goldman Sachs",https://news.google.com/rss/articles/CBMiyAFBVV95cUxQZzlBdXZPYUtHQ1dkSUlTR1VldllUTElNNTg5R1F6dlhBMmtDbV9zYVVLckJnREs2SHhqXzUxdGNJMW1QVWExVmdJZmhrT2xUWklzcUdlT0hSN3BTSkllV3lpZG9qUXhjR0NDNnVEMXNnV29iTHI2RjlKZ0FvS0hOWUt0dXJHTUJ3Rzl3dUsyTTZZQmM4Rlc3SEFFdDB6T3U4Y0wzZ0hwb0dXZGgzdURsckJsZTh4aW5DQUxPcWRZTWJvaGdXMVl5UQ?oc=5
2026-04-07 03:00,Reuters,reuters.com,"Depressed tech valuations could offer entry point for investors, Goldman Sachs says",https://news.google.com/rss/articles/CBMiywFBVV95cUxOODFXQ0RPbE9jdVJqRnpFMUM3ZHI4MENvcXhBbFNhMk1SQzdpWXpXS3RzSGJEX3lwa3JNSW9JRmtNaVlza2NOeVRuZTlhVDJLY21oajNEQmdvN1dHMDNra09mY0E3WkJTdXltUS1LQlYxdDJTMkd5NFpENmdWVEJGZkRhZ09uSHNBd2w5M0hMazRNUzU3bXFicndTVlVxMmYxeGJQMTR6ekxGbGlIbjE0N0EwUHhCT2Fra1RITnVIZGZhOEpLTTZHT2QtTQ?oc=5
2026-04-07 03:00,The Motley Fool,fool.com,What I'm Watching With Goldman Sachs to See if It Beats the Market,https://news.google.com/rss/articles/CBMikAFBVV95cUxQZDJ2TWg4Q3hFaHVqVHlTZ0poUml1VElwMGFjN3hGeFBtR1lzM0VCVVQ3OUZvc18yNm5EY3ZYeDFwMkg5WUFxUFZPQnBJeVRFeTV5VUhLdG8td0o4Y0JqSUNvQzZVc2tZYXd2WlpfTjJ4TEs5dTFDV1l3dDRiOVhLelBrSTA1akMyRFI1elE0VV8?oc=5
2026-04-07 03:00,Yahoo Finance,finance.yahoo.com,Goldman Sachs Raises Price Targets 11% and More on 3 Dividend Blue Chips,https://news.google.com/rss/articles/CBMioAFBVV95cUxPbmJSejB2Nm5IX2tMRE1EN2N3b2cwREFRWTBtZ3J3Q1QxeVVUcnlPeDU4bkRmVmllQlFkT0xkcDc2SG0zbmVVRzFmdkFicEx0YWw3bTEtUEdvbzlYSFZKT0pnWC1XN09LVVUxVTlsN1kwVEJVVFNhZFFKTUxmclFUYURpaUZnYnI1amdsSFR3SDNOd0dEVG40akZ4MFlETjVH?oc=5
2026-04-07 03:00,Yahoo Finance,finance.yahoo.com,Goldman Sachs Says 'Buy Tech Stocks' as Valuations Turn Attractive,https://news.google.com/rss/articles/CBMinAFBVV95cUxQN3AyamVtWkVNQVNndVBIS2NwMHZoSGk3U3RWZW9xSGxoMkdJTGhDRzRKR1hROUVVN0tFWEt4RWFWekhYMHJ1eEJjN01WSHYzdFZiUDM2U2tfMmtvQmtkbWg5Q0ZlY1l0TTdpWWw5d0NHbmtJUTdOcDVqaUtIeFE4NmtyQjlsemY0Qm56MFd0ZWNjVmo3NEYyN1ZEX2Y?oc=5
2026-04-08 03:00,Benzinga,benzinga.com,Goldman Sachs: How To Earn $500 Monthly Ahead Of Q1 Earnings - Goldman Sachs Group (NYSE:GS),https://news.google.com/rss/articles/CBMi0AFBVV95cUxQb2F4VWpEN21KUjZrVEpIb0hNaldfVlllMVpEWFpfQzVndjVqZEgwRGFWeEY0SmZCQ0UtZFMzMkFWcHZTWUV5YnV6cjN4RG1LcTg1Yld1ZWw3MGt0Vm5ydmx4bk1vci1GTnhlRk13MkNPNkJXUWg2cEtLbUxXTWNRN2hWbDhZSHkzQW1xTnpwc0xFUmpuN3FPaUZpVDRNTjV3OWlxS0tsNVNSYmRERDRuUk1QaTduV1ZfUVVOcEwzUVRsSnlKeGQzQ2Z3Tk00UkM2?oc=5
2026-04-08 03:00,Bloomberg,bloomberg.com,Hedge Funds Closing Stock Short Bets at Fastest Pace Since 2020,https://news.google.com/rss/articles/CBMitAFBVV95cUxQRk1VUE9ERzdOOFoxRzkzZElwdkVuRjBlV0FUcDN3R0xBZHZrM1FhTS1mTUpEcHZ4NmhLaDVhSy1tTWQ5SVZhR0ZTZndTaW5naFhwRXlkTld6eGNPX2pVU0huTzdkSV9BczBKdjlyUmdaMmYyWm5iaUV0NkRUQnp0aExpSW8xcHZSMHFycExyNjJ6RHFudkdVWFZDWFY0S1lOLTVnVVhFUU96bk4tQmdpaUxhRHo?oc=5
2026-04-08 03:00,CNBC,cnbc.com,"Constructive on S&P from here, says Goldman Sachs' Meena Flynn",https://news.google.com/rss/articles/CBMipAFBVV95cUxPVlhrY3JxSm15dFVQREJSQjVvNkFBdDdqUGxQMXp4T2U5Qm5vYno2ZnlTcDk4Q3QzWFM4VFVEWnV2ZGpPQTB5NXBLZUUwdjZ2REhiUUVfTlZnOG9XTkFtOWZsRnVEeldjdGJQdDluYmpRZ1E2RkZOaWNSZGQwVXExazdYX1I1bFlVWk8yaEdtd1Vic3ZJSXQxajJZMGNRMjQyWEx4dQ?oc=5
2026-04-08 03:00,Investing.com,investing.com,"Goldman Sachs sees upside for AMAT, TER, AMD stock amid chip sector strength",https://news.google.com/rss/articles/CBMizwFBVV95cUxPb2hXSnhTZzJzR3hZQl9QZGhpMGo5Tkd1b2d4alRjcmx1VG5DWmJfR2wxTEo5Y241NTJyeWx6ams2OEVyY1FPMWE0RXk3RzlOYmw1Y2N2Rm9GZVR2dWhFOGZ0VlBzbi1GTzFYc00wdTdJR2pnemdXMHo1RnItNnA4Y191bm1yWGFMUGFQLW1GRW5Ub0pxTmliVVNUdTBETml4UUFTNlV0M2ZjSDhUSktxVlFWS3pKeF9qTzlscEYtYXVOTVM4cjNEbnU5NnV5ZjQ?oc=5
2026-04-08 03:00,Yahoo Finance,finance.yahoo.com,Goldman Sachs Cautious on QUALCOMM (QCOM) Amid Key Customer Losses,https://news.google.com/rss/articles/CBMiowFBVV95cUxNT3NlVUItU1NaV0xsaXJDdkx2bERoc0hCMVdQQkxoSXY5OWI0Y1NxTDY1bEp3am1fQVdLLURnWUNZV0Y4bmNWanlaamp0Vk5lLTBsZlVXUDUxN1dBY3FTWkMxRWh3a19KS2I2eVNNN2FhX0dfTjVxYnJxdGkzUmU2T2lUaDlNc25VLWZ1TTdpU1Zsb1hQbVBueGw0dkpHUzRFcG9n?oc=5
2026-04-08 03:00,Yahoo Finance,finance.yahoo.com,Goldman Sachs flags 3 chip stocks to buy and 3 to avoid into Q1 earnings,https://news.google.com/rss/articles/CBMilgFBVV95cUxQZXh2a0p3VVdBcnBOa3dtdFJXdmpJa09zbUhndE5aVm9LQk5wZGRrZGFaU0M4TkJFa2h3aGIzNHAwSEZrM3VWN1BFZG84R0prajRFNU84UTFDLXRmUUJKOUE4NEhHcFdfbVc4QTBfZnBOSEIxRG1RTDgtU3BlUUlZZjd1WGF5d1lJSkoyelREb1N4eHZ2Mnc?oc=5
2026-04-08 03:00,Yahoo Finance,finance.yahoo.com,What Analyst Projections for Key Metrics Reveal About Goldman (GS) Q1 Earnings,https://news.google.com/rss/articles/CBMipgFBVV95cUxQczE5Tk0yU3J1RG0yVHFIcEx5NUo4RmZKbjdydjlraDhGWVA5YnZFYkltcFdzQjhwZzJhN2FsYlZramFrTEFXcFZWRHBXcjR0RUo2NlBaZ0xRbE5CYnZmUlpqZXo4Y29oMjQ4QmZ0Q1I1WWVVeXI2bHFHMFRzS1VjZFBkcVlRVGFueWQxM2FlbkhNWVJXREt0alE5bWdUcTcwRlJTYU9n?oc=5
2026-04-09 03:00,Bloomberg,bloomberg.com,Wall Street Poised for Record $18 Billion Equities Trading Haul,https://news.google.com/rss/articles/CBMiwAFBVV95cUxNQnBmX240dTlRenRoN0Fhd1RybFpXRFRTc2loaE1ITTBoNE1IT1VnRHkydDd0Y3FOQXk0a2RxUmlhUlQ3clFXNlJicEk2VXlsYnc3RzRXWHhqdkZEMDAwUUxxZ0N4MGMzOUtUUGV5Nm5aWk9waWhsSjM0R1ZFZnlSc1JBeVlnczV6NU51WTZscjcyMlBXdjJUYUxZOVNDcVNLOHM2a0c4TFdtVWZnWXg3c1ZNVDh0bE85YVFIcm1nSkM?oc=5
2026-04-09 03:00,Yahoo Finance,finance.yahoo.com,A Look At Goldman Sachs Group (GS) Valuation Following Recent Share Price Move,https://news.google.com/rss/articles/CBMilwFBVV95cUxNcGFRS2FLVDNCRC1DMkFLczdMVF9peHByRS1IbFlxekNuY25wVWRkejQtZjJUem51djVvSWs5cmZDeDZKMHhpZ2JXN0ZyUlJPMVhyRXVxWWFKQjh3SEVpbGZtOTBFb2doZmV0cWx5Ui1aSUV6dnhXLXNDREQ4S2YzaEE1dE1xOURwVkZWVWNHZkhYWVg2R1pr?oc=5
2026-04-09 03:00,Yahoo Finance,finance.yahoo.com,Goldman Sachs Private Credit Redemptions Test Liquidity And Support GS Story,https://news.google.com/rss/articles/CBMiqAFBVV95cUxNcnNENl9nSGtIcUVZSUN4MmxtM0FZZW9vVXBJeTdXUkxYZEZtZW5rOTc1MWpjQ3RuSDVRengtNFZSOVFJRWRPRDhGSjBvRnJFUmxxLVNFcGlnRGh3WGdjeXMzU2VjdW9Gc1pNQUlCeC0xWFl0XzFPb2hma2xDMFloMWpMMXEwZmN2MGg1SEVlQV9DdWw4a19SUmRhNUJoM2c2dnhiSlJULTE?oc=5
2026-04-10 03:00,Bloomberg,bloomberg.com,Goldman Traders See Record Fast-Money Heading Into US Stocks,https://news.google.com/rss/articles/CBMisAFBVV95cUxOdXdIbHowRXk0bFdZWVQ2TDNGQUhxNFFSb25JTm52T2szWUcyYjZJSVFta2lmZjNJVnJBaVZIR3hfZjhNUkluR0pnX3lOTzAxd0R0a2hwcFFIck9pQWx2cUtXcTB5dTBEaWU3UWZWN25MdGRqZDI1UWNUajdQWFNlNnJpTWZtaGpfeTRLMWl1SXJFdndYU3M5WXFKWDFNMl9hTy1uUGZCMDY1U2stTFhNUQ?oc=5
2026-04-10 03:00,The Motley Fool,fool.com,Goldman Sachs vs. Morgan Stanley: Which Stock Has More Upside?,https://news.google.com/rss/articles/CBMimAFBVV95cUxOLWNvaUk1R2pyc1NmWTFyd1M4NDZIdnluOWpVSkk2N2xQellONHE4a3RqRk9YX1JrbHA5Y3JUOFJicFZ2b3NEcXBudy1pWHR5Mksyb052UTllUWFPbTluR1BaRXJyX2lwSlM4TDNoMDlMeTBRXzJxZk4wcE5GeXRvQWN2WGxHaUpIN1Q5Q2E1dmppaExIa0tDUw?oc=5
2026-04-10 03:00,Yahoo Finance,finance.yahoo.com,Earnings Growth & Price Strength Make Goldman Sachs (GS) a Stock to Watch,https://news.google.com/rss/articles/CBMipgFBVV95cUxNbjZpcmw2NEFrbjA5cmI0QjhxeGJoOUVRaEEwZ211QjlJOGpGUi1CbEJzWVNkVVhycS1aS1g5THYyR3EyZjliSWN1dmRsdFloYzJsOWJfam1yYWJlbU9nUkk2MWtoMFVvUjZVTUV6aHhYX2JFMU5FNHhOYWw2NS1Oblkxak1nT29MTzIzVTRVUldhZjlBMnFyT0pSejRnc1lfMnBkQzl3?oc=5
2026-04-11 03:00,Business Insider,businessinsider.com,"Buckle up for stock volatility Goldman warns, saying it's not the Iran war that will fuel more swings",https://news.google.com/rss/articles/CBMirAFBVV95cUxPVEJWSTVPZmRpbF9hVF95a29oTENrWGF0d0tsZktkTzAtdENuSXhYWFlUdEladU1kMVNaZFNJRFZ3RDEzQVZDNlFQcnpyN0dOc0lQSjhqei11MUZyVVFac3VuVk9rZzFXU2o2M1BSQS1zZmh4b1FvSGJMUi11M1VUWHpCUjNNWEoyczlIZDBmT3E2NEswNGdqZkFSWDB2aXFhYU9ReXdNWTVua1F6?oc=5
2026-04-11 03:00,Yahoo Finance,finance.yahoo.com,Goldman Sachs (GS) Reports Q1: Everything You Need To Know Ahead Of Earnings,https://news.google.com/rss/articles/CBMilwFBVV95cUxQWlpJN01KRkR0LVNqd2Jnd2NkQ1JxejZqbEdnbkRvZy11VzRGeGFZbTNfVDZKYTdOZkVlc3JOVWs4NHdpSW5UeUFtREJ1NzBUcG8tVzNDU19JTmxsMXQyOFZpcEtvMi1sRTR1eWhmZkdkTkNtdGNLbkFoU3FiSU1Wc1pRd2tvQllMNU5feVFZYzV6Vy03Zkxr?oc=5
2026-04-11 03:00,Yahoo Finance,finance.yahoo.com,Jim Cramer Says Goldman Sachs’ Upcoming Earnings Report “Should Be a Good One”,https://news.google.com/rss/articles/CBMimgFBVV95cUxNZGpLWUpDdHpkclVsSGcxLU44THA0R1EyTVRIU3hYXzJmWnZtTTk0Rm5qRVFJb1pDbXVQaVJaTVJ3cjlJdTA3bGR2U29KVThDek9hcU1aRWdGLXV5SWYyVnlDWDZkTE83all0RGlweGNmTF82U3R2SjFRZVZSM3Ewd3hfWkRfRGpzdDZMU1R3QnlieVJ4cUdxcWlB?oc=5
2026-04-12 03:00,Barron's,barrons.com,"Goldman Sachs, Bank of America, JP Morgan, Netflix, J&J, Producer Prices, and More to Watch This Week",https://news.google.com/rss/articles/CBMi0wFBVV95cUxQcThodkZJVFBJLUpwaGFXdlJ2VzdpMXhpeTBYNVg1WWRBLWF0cndGNlNZS0JMV0xDc29qdUp2N1JBRUhKdVdZWWR0T0lGanlNSG9pMkpCMHFwaThGOUk4Z0N0LWtuN2plV0FkMTZLVThyNmREVXFTZGg0RF92bHFtNWhiYnE4Wi1nUWdPb2Y1cElEb3BhVmNBbzh2d1dtdmU0UEl2NzNDRGZNcHBUclFfUVV6TkhLeWxUNzFkZ0NOUjFLZjcxMnZYcXYzbThGQUhyZk1V?oc=5
2026-04-12 03:00,Barron's,barrons.com,JPMorgan and Other Banks Set to Report Earnings as ‘Wall of Worry’ Looms,https://news.google.com/rss/articles/CBMijgFBVV95cUxPR1dFYWwyU0ZmeFNwcTVqZVpkZC1nejhCbGlKMUJaZXJFQ0s3ekdGV1dRQnJJNE41RXRwb3hVWXpBSU1sd0dYRWY4OG9VQ1RjbGhpVWR0UGRQdTJVVThSNFpaakJacXItdXFUbGdZMm5HWmtLcmRLckcwWThHTngyb0FWREVrRDZTY1BLLWFR?oc=5
2026-04-12 03:00,Yahoo Finance,finance.yahoo.com,Goldman Sachs Maintains Bullish Stance on Microsoft (MSFT) Stock,https://news.google.com/rss/articles/CBMipgFBVV95cUxOaWhUdEQ2WUVlQlRZejBpVk1weHdEZF9EVkhNTjJkcVh1dmtSZjBrVl9tdHQwWERQYXpmak1fZUVxc3FwMVlTUlBoeEFnSjJWdTkxWlpIUVcwOEdPTnNkcW96eGJKVHN6cHk3SWpjS3o1LU5ZT2NLUHpDSDlUcnJ5OXUtSGxTSEJsNFZ4WDNBVVVwUnZ6WGV2NWtsT1pEYlN5LXVqdjFn?oc=5
2026-04-12 03:00,Yahoo Finance,finance.yahoo.com,Goldman Sachs Taps SpaceX Collateral And QIA Ties For Fee Growth,https://news.google.com/rss/articles/CBMiowFBVV95cUxOV2JZdFk0WTRTaUk2VGFqN1ZySjlvYWlCbmZyZDE3OG9mVXlCVm1YdlVGQmdlNDdUMWFEM2dkVFVwUFplenpfdkJweEdJSFY2dFRUVUFPcGp0aVh6RV9Rd1B6UWpKLVhERk90SWROMjhFb05VbXBqOGlkdkwwNVNRSXluSW1ReVZldXFuWThyYlJxTDdMVE9heTlvV1RRRHdQOVlJ?oc=5
2026-04-13 03:00,Barron's,barrons.com,"Goldman Earnings Up 19% as Bankers, Stock Traders Notch Wins. Why the Stock Is Falling.",https://news.google.com/rss/articles/CBMiggFBVV95cUxPM1JZcDEzWWFwWjd6cmUtdlotNXJwTHFrb0RaQkZyY3lPT2FTTFdrZ193bVNyNmcyWl9iWnMwZmx5VTlWdHNRR1oyUnFubkg1cEt5czBtejQwLUFTdVJXQ0c1d2VRN0tQbURieGZROFp4dWo2V2Y5UVhpcU5reTE1Q1Nn?oc=5
2026-04-13 03:00,Barron's,barrons.com,Goldman Sets Tone for Q1 Earnings Season. How Markets React Is Key.,https://news.google.com/rss/articles/CBMihgFBVV95cUxOSTNvUTZzakx6Z2hyY25RVGZmdGM1dEtSc2lRc29lNnpvSHBTUk9mTGNPWVplMDAyR0lHN3REZjFsME5YdWFDeVBDZUM5emdQdjlybHdYcGhqRWdGYlFETmR1aVIwdGdYN2J5NlJKWUtlU05objVJV0ZpeVlDc3pDVUVobTJZZw?oc=5
2026-04-13 03:00,Benzinga,benzinga.com,"Goldman Sachs, Fastenal And 3 Stocks To Watch Heading Into Monday - Goldman Sachs Group (NYSE:GS)",https://news.google.com/rss/articles/CBMioAFBVV95cUxQRHZSdTNRbmxlc0R1WHdmWE5ZNnVESGM2SXB5aVdoZVBWSEM2aDJfbFJLdFBZR1pPcFBYQzU0ZTd1VWx2dzdLNEkzcjhFQ1g5NFNWSW1QRV9OQ1JCLTVWbFdzS2E3eENCclctVnJMZEZjdllXbVVCd1NEZTVqc2pzMUdwRVRyMEthM05CZkotVkpUZ2I1c3BfeU9pT2FUbE9Z?oc=5
2026-04-13 03:00,Bloomberg,bloomberg.com,Goldman Sachs Kicks Off Three-Part Investment-Grade Bond Sale,https://news.google.com/rss/articles/CBMisgFBVV95cUxOOGlFQUdMMmM4MExMRVE0eUdxOHpFVUpOdy1XbUtoeDVvMkZ4akdsS0Z2Z1RQLW9OaFRnUU9HUl96SDdmWTIwTzItVTBUX180UkF5enFwN1VvM1JmR3VHTEZkM2pWLVdfVW9IeGFobUsxWm5RZ25mcG1zY1A4YXp0anBMYkVkbkRDb21HX2NHdm45bDFmdmNFeldhcjdLclhCYV9JY21XWWs5Y2FFVUg1YjZ3?oc=5
2026-04-13 03:00,Bloomberg,bloomberg.com,Goldman Stock Traders Trounce Wall Street Record by $1 Billion,https://news.google.com/rss/articles/CBMisgFBVV95cUxQLTN0bGx1eDNIVzRjSHhLZ191WmItN2Z0WGxrRWpxeFJ4dlhoQ1BaYmZxOHdHb3N3QXFwXzRvNzBhS1JIRllNLTd0Wm1UM0NpaG4wMFI1V0lMN1g2YjEtTDhGNkwxUzRmU0tUUHM2QjM4WEdrX1V0LThUM3l3em8yMkJ3V3d6ME56TkticG1DSEY0SzZOS0tQcXktMXBKck54ZEY2VWNpSmZJbDJYcTlyVkN3?oc=5
2026-04-13 03:00,Bloomberg,bloomberg.com,Watch Goldman (GS) Stock Traders Post Second Consecutive Quarterly Record,https://news.google.com/rss/articles/CBMiqAFBVV95cUxOSTdQQnlYMWR0RW9mc0Z4YUk0NlBOcmFJSWxLaHZodFVTWDJ4U2VuVUxGYjRjSVVnM25ENGVKQXN5WDY3Ul9paWtEM21WTkNobWp4bEltcVBDLVFjMnZlcmxGVmFpUENCQkJzcG16MlJxdjRIZUpENlVYWWhiVW50ajNwMHkzZTNpUlpsRVNuMThTTkJfX29ZMk1Uc2Iwa25BRkZDUmtXQjA?oc=5
2026-04-13 03:00,Bloomberg,bloomberg.com,Watch Goldman Stock Traders Set Record as FICC Misses,https://news.google.com/rss/articles/CBMipAFBVV95cUxPSUNhbU1aT1hreVZkd1JnUGVlM2U0ZldYLTRSbU12R2x4VWM4cFNBV2NPUUNSck94bkhaV3o4dko0Zk1kLTlsd0Q3d0t1LW02eTBzekhKeTA1UzVFZkt4Q0hmYlgtSnVFNGVSMlluTXhLYnN4QXJrMDJ1MThHTjEwMW0xQ1o1cDFmT1p5ZWNvalprWDVCOXU2MWd4Tl9JVHRTZWtiVw?oc=5
2026-04-13 03:00,CNBC,cnbc.com,Goldman Sachs CEO: Macro environment started to weigh on sentiment volatility,https://news.google.com/rss/articles/CBMizgFBVV95cUxOMUp2ck56ZGhNQ0JDaHFDZ3JUcE1fM1VLVlpFRFdGa19OSHRaWkw2Z2NEdFpleDg4VTJGdjJ3RFV5VTRsSFFVT004Ti05cjhTY2wySzNRQUZxZ2x3bWY5TmE0UFdURTJGWkxDaXdra2pxTmMyVnU1VHhOMEMtVHBYVVJKcDZRcG1CNjVKUTJQWU9UU2syekctRThhUTNmTzZzaHFHd29rREdQaEEtV3ZmZVhaNmVSWUZFNUJjalVTOW5vNnpUOUtfa1ZpTk9TZw?oc=5
2026-04-13 03:00,CNBC,cnbc.com,Goldman Sachs reports better-than-expected investment banking,https://news.google.com/rss/articles/CBMipwFBVV95cUxOWXFSSTBVYXVfUFkyYlFETk1YQlZjeVMtS2hrcWtHNVBSaHVTZU5EbzBWd2tKc2RsWmVHZHVDdTU2ejg5TGtqeENjVEszaUpuTFp4N0FmaU9yZjNweVBjMmRYVUUzb1VMSWFFVmJOcGY5SDdFRGV2RzNYQU5uUTVfVU1wa2ZkcnN6SFRQeTloUjIwanloQjhLWXdsaFZNcTNHNUxaeHVvRQ?oc=5
2026-04-13 03:00,CNBC,cnbc.com,Goldman Sachs tops estimates on record equities trading,https://news.google.com/rss/articles/CBMiekFVX3lxTE13WjV2SENyeDR6VURfUzhRRU1ubGNrd1h1TGJPT2R5S3k0UU9xZjFheHp5V1g4SElvRnJlaEtoUkQ4S3ZJdzZWVkE4UktZSU1HaUxONUNXLVppOWt0ZFE5VUVJNDBXWWoxODJrby1uVVloYS1TS3BzTldR0gF_QVVfeXFMUC16M1FDcV9mME9lcnAtNjRxY0Z2Q0pTUllGSkNDU3VxZ0NTOTQ5WEJjdF9fcmZWQjVDOENFOUpnd1dVT0h2RFdpYjJ0Y18wdTdxNUU5ZDA4R19sYjBZckZqOXR3WTBvWXhGblVETXhuTGdyUHM3aURMTExnYnlwSQ?oc=5
2026-04-13 03:00,CNBC,cnbc.com,Goldman shares drop despite Q1 beat,https://news.google.com/rss/articles/CBMihAFBVV95cUxQYUJZVlM0R1lPUEVCOFNxYjhXUmo0eGVDbER0YkppM2RzZjdZejhzcDlfSkV0X1RXWWhHeEhMNzJFZDl2Q2pRZDM0X2VJLVVIMF8xTmFPUHFqZ2Q0cTF6N3BoaklEU0x1SjQwRHA1WWZmbFh0S0RGb2laOTlkbzVwbVVCdzM?oc=5
2026-04-13 03:00,CNBC,cnbc.com,"Lightning Round: I would take advantage of Goldman Sachs being down, says Jim Cramer",https://news.google.com/rss/articles/CBMiwwFBVV95cUxNU0FRSW1UM3pTQU1MMnJWUWtZSnRvek5pclFPZTU3algzSk00dXBYTGxKT3hqT0RDNkJRYWJpbllBQjkxang2NzZ1QXI5ek0tbHJkcU8tVmZsbW5OdXdSUDJsc0xJOFVvVDN5ZFhBWEE2aVVfYXBTM1QtUlZOaVdkUzlBaWdzb05MY05aWTRwN0NBLUdxdFJqcG9rZm5PNHhlQlVON0JZaUU2aTdpZ1pyOF96Q2M0a2RSRUx3Q19pTE1DOFk?oc=5
2026-04-13 03:00,CNBC,cnbc.com,"Stocks making the biggest moves premarket: Goldman Sachs, Revolution Medicines, Fastenal & more",https://news.google.com/rss/articles/CBMinAFBVV95cUxPdTY3RFFleERkQWZuYVplSjN6bkVkTGVUVFJkenk5eElhZWt5QnpxdG5ISmdzMGsyeGVOVThSeERZaDlpcEtPYmRzMndqeVhDeTN2Q3hIS0xuaXQ2WnBTZmdpWnU2Y0FhRDZFeGFiQWdnNllDcnpLWEh2aVhQSXNlT25hMUhmdW42YkI4bVdzR3VUeXd6Zk1DSUFFeEM?oc=5
2026-04-13 03:00,CNBC,cnbc.com,"Strait of Hormuz blockade, Goldman Sachs earnings, AI cybersecurity and more in Morning Squawk",https://news.google.com/rss/articles/CBMigwFBVV95cUxQOE8wbHV1VlJ4RWlvM3dlOVg4ZHExTVpmTk5fUkE5a1k5b2VMWlN3Q1Fmc3g1ZXVQMWxfakpMVkJaaDA3TkFBZ1BSaUdrTDViS3ZrbUxBdUxZSlJETUowR2lJSlN3dVE0anYtMmtGMC1YYW82WlBEMm51dFExRmtGSTlESdIBiAFBVV95cUxQbENYcW9vdTJsQnBnZVhpN0pYZS00VHJOdmIwR1plN045NDV3d01xeXMwNGFlaFlwYXNRaFRpZFBuUkptS09zMTFSaWxlWUItVHJwT2xSSnZGSlB6TDNvOWgzellDQlgzTE4zdkQteVZzbEYzMUY3RWhVSW1taXRhOWhEZkxzd3hI?oc=5
2026-04-13 03:00,Forbes,forbes.com,Goldman Sachs’ Rising Provisions For Credit Losses Are Signaling Stress,https://news.google.com/rss/articles/CBMi0gFBVV95cUxObU5BYVNmS3djc2pGYmlOR2NGRkFkM0F6enBXZUF4d1ZoR18wN3hHMDFxbE9COGNZcFg1SmN4U3lPRkxpd0hWRWpKdEFlVVFZM0VWa05XdE53dXEtSXhWQXFEYmJFYTJaLUROUnVNaVhZb0g2YkMyaTg3OWg4VFlKOVhfdHRaN3JpN1VORmNUVlkyb2xESjJTYVc4MU5iTU5CNkdBRlFiemx4RmdwQk03RTJaOThhQmwxMy12SkhXYmxJMDRnR3NMdkJRVjZCblJsbkE?oc=5
2026-04-13 03:00,Investing.com,investing.com,Goldman Sachs lowers Amazon stock price target to $275 on AWS growth,https://news.google.com/rss/articles/CBMixgFBVV95cUxQbFhjZ2xON0pMNjc4Z285RTl1R3phT0U2dnhMQ2NtMEkwRElVY1dkWjQ1MTFremdodVZpUXB6LU1kbTdwcWpmSm1uQWpnTVVINDZJS011VC1pblJEU2NGcVBLTVpYTjdTakh1UzVlcXVtT183dVNwZGthYlJuM2dCd3BUdmlNbUtWd2Nqb0F3NXc0SDdoUkdiRFpleWRWQTNXS3l4V01teXR2dW05VlNYSnQ4Q29nY3MyVlhYSHRPZlhLcDlHU3c?oc=5
2026-04-13 03:00,Investing.com,investing.com,Goldman Sachs raises Nebius stock price target on Meta AI contract,https://news.google.com/rss/articles/CBMixAFBVV95cUxPSU5XdUdldWtob1puSlY4ajJBZDNJTi1DMmpKM3BRYWFyQ0oxYmphUkNtb21QUWdfRE4yV2kxT3dOb19jdE1IQ2VmTjRqcUprMzdSdUVQdmo0YkU5NEVTc3pRLVFvVHRaNkZWWUZ3bTdhVzFyeWNUZS1uVnNramQ5azhXNmsxV0FCNWN6Zk5PSldQdUtIRmhOX1UwTWd1N2xzWkpKRnJ0R3dfS09Vdk96dmVHdDYtTkVlR0w3QkVtQmNPU2lF?oc=5
2026-04-13 03:00,Investor's Business Daily,investors.com,"Goldman Sachs Beats Earnings Views, Fueled By Investment Banking, Mergers",https://news.google.com/rss/articles/CBMitAFBVV95cUxPUG1jSG11Rjg3SE8tcGV6ZG9uZDdHSW5aSVJZZTJuaUlDZ1doLWQwbEtZSUtQQjZmZ0FlOVoxajhkRFpkRGdVZTBTTTQ4YTBmZGk5WTRUYjlkY2ZOZDVSV1ZHYi0yRVg4bHo3TkN1TkY5QUNPelVQS1dCbVcya29aSDNiTnFYbEJrd0Nwb1FOZ0ZVdHpaRm1tVHN3VXh0V29VTXJEaGQ2OFdtN3dJdGVudU1TZE4?oc=5
2026-04-13 03:00,MarketWatch,marketwatch.com,Goldman Sachs has the top rank among the S&P 500 by this remarkable statistic,https://news.google.com/rss/articles/CBMivAFBVV95cUxQaHR4Qy0xUXNGUnFKazB4OXpNWkdSR0ZZRGFZOVhlQ3NhX0dfYnlnajE1aXF2dkZaR0d1eGEyVURnTkNGZnpDVUNXQnpyZDBJeFJHSjdJXzFmT1pUU3lmZ0RXNkNuMy1Qd1VGQkRFV0tJOG5ZWEpRSDhTVXBPODZQT01zWHVpc2VydTJQbDNPd0tNdm1YeWhUM1lmZUVJVkdLbHF4Rmh0TzlIajBFbVA4Nm95eUF6cl83cEloUw?oc=5
2026-04-13 03:00,MarketWatch,marketwatch.com,Goldman’s stock falls as record equities revenue wasn’t good enough for investors,https://news.google.com/rss/articles/CBMixwFBVV95cUxOMG5SNGRSSjltWUhrUnExNEhCWlhlRHlPZm1Sb0V1cVdvNkUzWWoxaXpHNEJBLVI1allDZk1nWTV6YVZac0N6SXBnVXpBcnVGZkNJaXg2ZXYxTndwbWRqY0JSQVozSHhVd25hMmFiSXVyR2N4RXg5OU1IeVota1QxbjdtNmNPR3JQUUNDUnZ3N3E1Y0dDMi1xMk5seGdqcFpLVGZwOE1SaElFQ21UYU42SmZyeVZia25nekFzVjZqUjVoNXdVcWdN?oc=5
2026-04-13 03:00,New York Times,nytimes.com,"Effects of Iran War Emerge in Company Earnings, Starting With Goldman Sachs",https://news.google.com/rss/articles/CBMie0FVX3lxTE41RUlkZnVJbXBCblh0bnduWVNzVW56Y1lLd043aFlkXzhfNXJ5b0pCNzhBdmlWcFNORjdBWWFVbHphNGp3Ty1pQTZpLVJNc2p2ekp0X19qU3B0aEtia25HVldvQ2VkdEh1ZFUzVFV6WmJ4aVpWVHQ2T1BMTQ?oc=5
2026-04-13 03:00,Reuters,reuters.com,"Goldman Sachs beats profit estimates, weak fixed income trading drags down shares",https://news.google.com/rss/articles/CBMixAFBVV95cUxNZ0ZIQjlFMnZGcm51ZFZmaXpUTC1lUW1rZmQ0OWt6djdDMVNBemRvM2h4QWVoQUdfZHlEYTNPaHprMzNIRktGYWEzM0I1WGhZa19MbkIzQWEzc0hHZnVNN3RPT0FZTjFsZjltYm9RXzBGbjFrUGFNTmdlRmZxSFhDaEZVbzV2cWJ2T0VRbzJnejhNV3N5TmJWZ3JKbHlMMVJxSTQzT3A0MkVUVzNHS2VGYXFuZFBJeXYtMl9Zek5XZTRYWGhD?oc=5
2026-04-13 03:00,Reuters,reuters.com,"Hedge funds rush into bullish stocks bets ahead of weekend US-Iran talks, Goldman note says",https://news.google.com/rss/articles/CBMi6AFBVV95cUxQa3Y0VkxYbHhta29HcTJ0RmxJT2ZlZkhuS3VNZ25pbE5CcEtZQVlJNzZGaEpaWXBPYjhvTVdXTWNGWWNqa29zMXh6WGJfMGJ0SUNYeS1NZmYzYnBtUGliemFhSHBZWV9yR3piY1NFOU9XUHVJbmtXdTQ1eG81SDdGVmNUWEhXQWZwZUNJWUg1ZlAxbDlZbzltRnI4d1JxTkJzUGpLRmRFbXRwR0tqRWpVV09RcU5qOExXOHFZSUtkSkdVQjRaZGI4N1JJOFptWXVNOHFvV1VhaDV0WFRlcE1JeS1TbTRYYzdW?oc=5
2026-04-13 03:00,Seeking Alpha,seekingalpha.com,"Goldman Sachs Q1 earnings beat, but NII, credit loss provision disappoint (GS:NYSE)",https://news.google.com/rss/articles/CBMirgFBVV95cUxOMHFhVU5pVzk3TXdDMERQNzhoemtmbmJkZEZlX1ZiZkVTY3Y3NW1vVkpLbmcwZlU4VXpGQWxkLXFnUDAtUWI5cXdORHM0QmQzNUhNT2YyUlBNVnlsbnpoQzJoLWV6U0ZkcUJ6MlUtbU9NSkdxRkpzTGgtT2F6a1N6N1NMX29GbGhjNWQxclQzWWxaQlRfekUxUFY5c1ExWXRfUXJXVVpGcFNZLVQ4bWc?oc=5
2026-04-13 03:00,The Motley Fool,fool.com,Did Goldman Sachs Just Declare Open Season On Software Stocks?,https://news.google.com/rss/articles/CBMimAFBVV95cUxNeXV2emVaRWhqNGltVWRRVnltTjBBdGV1aXJfWWpCQl9Jd2pZV19xcVpvN1VuQ2s3WkFJeTdySFp6OFFkOHRFRGNwRmNjLU05UWVuLXd0Um9SdDVVanNRUG9FTG9SSThNOTRCeDVFdnQ1ZV9tM1lLOURMY0c0eVpHVWpDRlYzblFZVmh6SFhfc2xwNDZEMjhMTg?oc=5
2026-04-13 03:00,The Motley Fool,fool.com,Why Goldman Sachs Pulled Back Today,https://news.google.com/rss/articles/CBMihAFBVV95cUxOQ2plODlkR254ek9nVUxmV09ZZzF0S1pKeWFyZ3FPbV9ZSFFGMWJURjdROTNaVXRfak02RGlFMEdfTTdXdVJpWC1vSDhMcVpERWJOT0YyODZaM214Z1hfVElaMVhsV3dYN2IxZ0YwZXVhd25MdEt6TllRT2JlY2gxV2I0VnM?oc=5
2026-04-13 03:00,TheStreet,thestreet.com,Goldman Sachs just beat analyst expectations — here’s why the stock is down,https://news.google.com/rss/articles/CBMi-gFBVV95cUxObHJYTEFWSlY1a0tfZ0p4ajN5N1RzMFA5LW1Hd0l0OTBCOUl6cjdPNG5RTFZ5Y29KM19rWEFsLWRzQ1FfeXNBR2REQ3FzbmtWYnlxdVVhT3Awc2pDVWZoU0R4bVBLUl9scmdWdUlLNDZJVFZnOHNhLXoyc0FIdGJzVDJHQUhpajJ1clFIQ2QxdENLY3NmRGFxS3l3aG9QOV9BTTBhTWNSZUdZZkJTODlJUWVwbUhjZWJvQ29UcG9zLVVPTENZLVIzcmJyaEN5ZExva2lubEU4Wm1HSHFsdmJVc1VhZlpCYjZVWjUzd01NR2RQZ2hMcVNidllB?oc=5
2026-04-13 03:00,TheStreet,thestreet.com,Goldman Sachs resets Nebius stock price target for rest of 2026,https://news.google.com/rss/articles/CBMiqgFBVV95cUxOZ3FKeW5DcHAydXo5OGlwRk96V3N0X01lSzBsUzZxamtLUEdDb0c0Rm5ncGN6aElNaEl6YmNWcEl4M1ZfVjhxMEtsU1FzcnprSWNjdk1nN3hIN2JmTndwM3M3aUdfUy1TQzBOTUcySXEyaHZhRmlqdGlUVE5xS1pfYkt3eEVpMDB0cGl1VGwwaEMxWjQ4ODg4ak8tdnEtakt0QW5HNk55eHZ1dw?oc=5
2026-04-13 03:00,WSJ,wsj.com,Goldman Sachs Reports Record Quarter in Banking and Trading,https://news.google.com/rss/articles/CBMikgFBVV95cUxQRUhRR2Zia2M1VDZGd0lEdHl5R1J4M2xnWmN6ZjlQZkl6RkdtOXd3MzBkaV9fZmxjM3otMnBfMmdSM1drY2ZQVmxpc0NiVVROYTNCTV9abHZ1ZVpQOVk0MU03ZlR4bzcySks0MXRldjlkS2I5YWVzVE9BaUJvcl9OcTdGZkQ2MHJ2azBPS1dPQkJodw?oc=5
2026-04-13 03:00,Yahoo Finance,finance.yahoo.com,10 oil stock picks for a prolonged Middle East conflict: Goldman Sachs,https://news.google.com/rss/articles/CBMitgFBVV95cUxPdTctcktSUERZdDZIVEVsSGtSTnd5TWVTbnhkS2xsRGFzVEVUSkVTam55ZkxmUEM1U1dTZi1ucmM2akYyT0lMOUsyLWRidVhocXlselhKdHo0ZG9adk45RU5KMVo0bHJNejM3TEkwLUREVjZNMkN3cjZHbThoSFNBNnktQWl4MkFuNVh5Uk1TOTBSR1NBdGU4SGViaHpyRjdrQkF4TWRPS1dPaFFrbHd2SmpTWmY1QQ?oc=5
2026-04-13 03:00,Yahoo Finance,finance.yahoo.com,"Analyst Cuts The Goldman Sachs Group (GS) Price Target, Increases Q2 EPS Estimate",https://news.google.com/rss/articles/CBMingFBVV95cUxPX3doeHZja1BrZGFmTzRIblptQ0E5NUF6UjM2aTNhbGFfLWNrM2k3d3M3dzR4VE5EbktHZHdwUDhRYUNfeEk5RHh0R05WVnd1X0lqZmI1N2RvaWxMRVhZUGpWZlhTdEU1aEowYUw5MVVEUUpKank3RkxwTWxMYVV2SFVYLXdaSFloVkI4cEZHWG54TnQ5SGFrQmZwME5HZw?oc=5
2026-04-13 03:00,Yahoo Finance,finance.yahoo.com,Goldman Sachs (GS) Q1 Earnings and Revenues Surpass Estimates,https://news.google.com/rss/articles/CBMimAFBVV95cUxORWNibUZEWFpLN3YtdGlwemFTaGdPTy13MERuZGp6S3M4aHk5Z3hvUjM2Ymw3OTZfQU9Lai1WZzFXZUJ0ZWM0SlptZDBCUmo1ZUpJQ0toMnhRVjRaUTFQSGJMZ0dDZ203YXZpYm1uNW91WjhISWRQSkdOUzYxOS0zRlBWNzZLamRENEhQbFU3c216RDJUNFZMNA?oc=5
2026-04-13 03:00,Yahoo Finance,finance.yahoo.com,"Goldman Sachs Adds Carlisle Companies (CSL) to Conviction List, Sees 2026 Sales Inflection",https://news.google.com/rss/articles/CBMipAFBVV95cUxPeVUwc1dOeGR6NDdNaDY4T3pUQzJ3aEdsa2psTlBkbmJkb3dSZGRteE02TEw4SU9XQzRkelBrbVNxWEFLd1ZIUDVvMzI0b1dKcTJRbW9HVUx6TFJta1FoUURBRXhtc0otS3BpeFBrVlVQVF9HcEZMbDdaTWJ0Vk5nQTd6OV82OThyd1hSS1ZxTTJpQkhxVkt2NjBNUk1YelpSM0hQQQ?oc=5
2026-04-13 03:00,Yahoo Finance,finance.yahoo.com,"Goldman Sachs Kicks Off Earnings Season With a Blowout Quarter, Yet Investors Are Selling the Stock Anyway. Here are 2 Reasons Why",https://news.google.com/rss/articles/CBMingFBVV95cUxOcnFpWG5ZbkdWeTVxeU83OTlnVDZldmpNYlRaTFZkS1hvd1dUWnZDTV8wcFpTdXlYMk5jUWs3eGdTNlNTbi1Gd0JlOXhFRHd4LXN6bXJ1d3NOV2d6czFKcHdwcTIyU0hPeFpWeVItc2hxZ0QwR1A1SC1ITEdULVh6WThLNkRMdVNUZENPZjlKbTRCcWN6UFpJX0VlaW91UQ?oc=5
2026-04-13 03:00,Yahoo Finance,finance.yahoo.com,Goldman Sachs falls despite beating first quarter estimates,https://news.google.com/rss/articles/CBMiogFBVV95cUxOVlF5NTJrRGtsYkk0OXdSYnRna0xCby1wS0NiWEI0VnJDYXo4TWxOamJTN0dVaHBYUklyTm1QMVNiNVZreEp1d1puS0dKVVFFbHFGakg5WExGVlp4bmNYVTV3VVBGSlJRb3NldWdlZE5vSC16WktEV1F4MlkxSVpFU0pBcTJ2eHdmWUtLYzNJTlkzX1lMTk9QbldDSlVYSWtuaXc?oc=5
2026-04-13 03:00,Yahoo Finance,finance.yahoo.com,Goldman Sachs flags 15 high-upside stocks that meet its 'rule of 10' criteria,https://news.google.com/rss/articles/CBMilwFBVV95cUxQeWpIZjAtUDU3UjlCcEFUeTFqc0VHeG1OamVIb3d6OTFRV0lHaHhKTjdEXzFiSHBUYzR4XzF6VWNhbzZqT3A4RVpGT21qUGtaeWVIbEdpZDJVVnk0bm5pX2wxUi1nN01vNmtvdThFUWV1el9FZ1NKaXh1d1hCbm5yMk5NNWdqamE3R19QdXdRcGlIUEYybkcw?oc=5
2026-04-13 03:00,Yahoo Finance,finance.yahoo.com,"Goldman Sachs profits rise on stock trading, M&A surge",https://news.google.com/rss/articles/CBMirgFBVV95cUxNckM2Uk9iOWl3eXR5TG1CczY5VEcxYW9vQ0hUZFV5NjBoemtaQklkYi1ZZldMemhaSmdFYk02ZFFfQmdXb2NmZTl0T3BPY19IV0R3a2J4dzB4YUpqeVBENFNSVUZGUGVjTkVEXzZpWlVoUzg4aEJvMUk4eXltV2pPUUJ1NGJLczZLWk9yVWMwakpuYk0tb0E1X2gyY3paTUFtbEpTRk53Q01PeGpyeHc?oc=5
2026-04-13 03:00,Yahoo Finance,finance.yahoo.com,Goldman Sachs with a reality check on AI: Fears of disruption will hang over growth stocks for years,https://news.google.com/rss/articles/CBMi3gFBVV95cUxOcG9YTmN6MFVBalJtQW53aTY0TTQ0NXNHVTFaUFFNTVR4WFJFVDdyUEk1Zm9Ib1otSW5jNlViMVhPMW50YVdzd0c0TlExWHo5aF9ZdlNLSEFEMnF5WFR5VWJpVnk0N0pXZ2l3bGVuOEVsMjlidmJSYTVPNWVDdHpzNXcyNXRIWmM3alVBRVE1NGFpYTRBUE5kUnplNTdJb25QUm5HTXdlaTFCMFAyVkhkUnlfbEZKQV9tTWtJMURMVFo3cnZyekhjaVFRd1pQYi1MVDRTTWNSQUxGWVRHQkE?oc=5
2026-04-13 03:00,Yahoo Finance,finance.yahoo.com,The Goldman Sachs Group Q1 Earnings Call Highlights,https://news.google.com/rss/articles/CBMinAFBVV95cUxQRWhBekk5SXdMLU56Z1lld1c3Y1FBek9yOE1DU2lNWGdCRnk4djBiZWExY0o3dDVGeTZrVTFwN2FTSmNhR24tYVN2c1RMLVh0dTlXZzl5OTZMdU52N1g4Snl5R2szR09CbjRKaWtIaVpxaGVWWmg1SGVuVWNXSHVMUGJIX1dkTVpTbkxmb054cHFDQmxNbk9fVUx1X0k?oc=5
2026-04-13 03:00,Yahoo Finance,finance.yahoo.com,Why Goldman Sachs stock is down despite Q1 earnings beat,https://news.google.com/rss/articles/CBMipgFBVV95cUxPTEFTQUd3S2tSOGdwRUlfZ2ltVThYUmdRNkJCZ3JnMTJKNDBNX1JHWm0wRGwwNDMtU1dWSVlnRFZERFR3MERzSFA3bGU2RHZOMnFLWkZSQ0VmMlZZT3R6X2ZuRkZJaTc0eEYwdHBQaG9ieUJvY3pFMmFaT1hJZWM3a0NrQnRSUHhsNEVueUk0cHpHT3hvQmV1ZnF6V25acFBXSWVkRTR3?oc=5
2026-04-14 03:00,Fortune,fortune.com,Goldman Sachs makes surprise jump into Bitcoin ETFs with a product one analyst dubs ‘boomer candy’,https://news.google.com/rss/articles/CBMiekFVX3lxTE9LVjNJX1doWFl4cE91ZTM2M0hJNGF0bTlhZW5TV0FUNGZUNVBQYnFjc25OQU03SVc0Z0pvZmQ3WVZkS05QZUZVMTJnOExtdzVRWGZ3aUZRR0JQb29iTkNnSlFsT0N6Y2NuOUd1NHR0RlZDdkRLOVlkYzl3?oc=5
2026-04-14 03:00,Investing.com,investing.com,Goldman Sachs cuts Worldline to “sell” on weak cash flow outlook,https://news.google.com/rss/articles/CBMiuwFBVV95cUxPaHVMSHpZY0VtNkZOSUlNdmZsQXRVS3JVNTJHYllHQXZ5YVE1OTNMX0tSZ04zTjZrTVUtZU1MbXhZS0NZN3d6YXZMbUVLRjNFNEdjNTVQRWhhLXZFV2lvRmtJbThyLTZxOXBhc2t0V3ZremkzV0Vha2YxTzlodEx5aFVOR0JKT1BOUE94dkpuQ2lMWXNDZERyRlZfdWJVVEpmb3dKZm52TTJHemktMWdFLVcyaERzWUhqSUo0?oc=5
2026-04-14 03:00,Morningstar,global.morningstar.com,Goldman Sachs Earnings: Strong Results Encounter Insatiable Expectations,https://news.google.com/rss/articles/CBMitgFBVV95cUxORjd3Q1NqWWFlMVFUNGtjZUxEZFhVM1pEUzFNQnA0MzNzQzFTWmVkcjlEUjVORkF3OGxqMTZjOGRFVl96bHJEZk5uVGxiNEZUSjBDZlNGX0VHNDVyS0tLd0ZrQ3NJSjJXR0xVeGJhRVVpbldmUDJBS2dQZll2dGlXUmhzM2ZQZnZaY2FjcXhWTVRhNU9yWXQ3VHJWNi0tY3JKSzdNa1FvR3lTYVRNZWVLRHRuaHc1UQ?oc=5
2026-04-14 03:00,Reuters,reuters.com,Breakingviews - COMMENTARY: Goldman Sachs nears another precarious peak,https://news.google.com/rss/articles/CBMipwFBVV95cUxNQUQ4X1BaSFQ2bEtMTzJkcGZING1kVjNKdUJ5bURrSWZBMUEwZUpQRFZYTzBPM3dTUWJsZnpjelJyU0hEbER3VUdwTXlnM2Q0RTNMOE9ISF9uZ0JnUlJpdUlfT1JlUUZpeWJwOEtwTTR6TFBReEhST3o2SDQ0YUpJMXV2Wl9wVjZXM0JydWtDaEdEMmJNNlZ3Y0FGOEQxVFFrNDVPSlY0NA?oc=5
2026-04-14 03:00,Reuters,reuters.com,Goldman Sachs files for its first bitcoin ETF product,https://news.google.com/rss/articles/CBMiqAFBVV95cUxNVEtCaUZlaFNON25LX2dOUjYxTF9FRkhGS3M1cjVDMDZiWHk5aXVWMXUtVlhEUmsxSS0yMlFaUU8tYVRmajhPM3ZPbTFrTklBTG95bzJNdVFoVXRTRU1maG5XTWVNd0Q2c3lkV1R4SGNVRnVJQWhXS2l3WFVWVWtHOFNqREpIZl9xbW1CYm54SUZ5aFByaGROekJZTG13MlFuSkk2dUQ2ZWU?oc=5
2026-04-14 03:00,Yahoo Finance,finance.yahoo.com,Ford Gets a Rare Double Upgrade From Goldman Sachs and UBS: Is a Major Comeback in the Cards?,https://news.google.com/rss/articles/CBMimgFBVV95cUxQZkdHQmxwSWxRX09EOUVqeHhtOW1JZ0MxRmdjUHJ4bnhESjlINHZCOFZoTVEtdktCcTZHN2NiT1l3Y3p4WGttUGJyOTJOVFdfeTE2SFJac0p0dm5PY01qY1dxdmYzUngySHQ2ZkY5UnBXaldHNlFkUHdsaXRQRlc1XzcwbXpwaDlGd0c5dW83bWFWLUxYeUxPR2lB?oc=5
2026-04-14 03:00,Yahoo Finance,finance.yahoo.com,Goldman Sachs Files to Launch Bitcoin Income ETF Tied to Options,https://news.google.com/rss/articles/CBMioAFBVV95cUxQSDlDMkxWb0FtcV93YmRMd3pGNi1URGZBMGh2VXhWSmhWeGpqRFRWbkNqOGdxVU91UHpwUVhpRlNCVGVhTG14Mk9wZVpqdWY2eUgwWjhLdVFwQUthRGxvVnVNYkQwNGljZDc1dFB4dy02YzM0RmUtWmJ6V3lueGpfb0JWbXloT3VzNVNLQXRqcFlndEhhOEs5aEJPUXBfTUh6?oc=5
2026-04-14 03:00,Yahoo Finance,finance.yahoo.com,Goldman Sachs Lifts PT on GE Vernova (GEV) Stock,https://news.google.com/rss/articles/CBMilAFBVV95cUxNU3NyWG9Wc3JZNmpzclJFZDcyQmhTNjJ2dHBNajRXRnVTZ0VfSjNNbnI3azYyTU5mWDRCRFJIOVhYeHdYekp2Uzhmc2ZQc3NmcmZxVFFxb2J2YVh1UnhTc0Yza0lvUTlyaWg1eHpoQUIydTV5VjBhYnR4WGpPNHlmdUYyUjVvTnFxQ2E1NjNTTXZnNms3?oc=5
2026-04-14 03:00,Yahoo Finance,finance.yahoo.com,Jim Cramer Still Likes Goldman Sachs (GS) Despite Revenues Miss,https://news.google.com/rss/articles/CBMimwFBVV95cUxNVnZHbzA5YnJoTExZV0JaLVc3NjhiNE9saFFGU1VFVktDa1VrT0lwTmh3bEpvaTVKaUVvZzBlaWM1N1lyZUotQkVaM0ZqdWFCYmZjTjYwZExyTFBzM2ExdjZKUmptT1FWU0t5cmFmY0hxMGJHdTNfZ3RzVU9sb1JIM0xLU29weFkxOU16aVBfdW50czMwOC1VMl9WWQ?oc=5
2026-04-14 03:00,Yahoo Finance,finance.yahoo.com,The Goldman Sachs Group Inc (GS) Q1 2026 Earnings Call Highlights: Record Revenues and ...,https://news.google.com/rss/articles/CBMilgFBVV95cUxQbzFVckRhaTVOcm9rMVc4Z3p0SHFrTlk1MVRjSFhoUkhfMFRhcnR1aEJTLTM2WE9ZWHhXWFJhQmcwaUsyd3dpM1pONkJVSkxXRzRETVRwenhIUTBRbE4tVllfT3lkNlJyXzYyZGdZMFl5XzBObWJaUEpHcjkybG0tbjdDYjZIazBxTHhqcDZiZnlMbG1xNGc?oc=5
2026-04-15 03:00,Bloomberg,bloomberg.com,Goldman Rates Trading Desk Loss Behind Bank’s Earnings Setback,https://news.google.com/rss/articles/CBMiswFBVV95cUxQNFViejQ1akZXSGVPTWpQa3g1amJ0MFRSWjdhRXhIUkV4V3lfazh6YWFYM1BWVDBQUmdCMDZCSFRnZ09VMkd0TllMVW5zdUVXV0ROU0Qwdk9wU2FaZTRkQlJ0X3V3VktKZHBwWkVrV1NWbDgtQlpyeV9mYzMtTG55WTZlb1p1cXliQnRQTm42YnlJYnduZ3MyaThFT2NCNFV3OEE5M1JfSm1CZGl1NV9GWTI1WQ?oc=5
2026-04-15 03:00,CNBC,cnbc.com,Goldman Sachs bond traders stumbled as Wall Street rivals thrived: 'A fire is being lit under' them,https://news.google.com/rss/articles/CBMiigFBVV95cUxQQmpjMndqRnlUTTFUb0QtRWlMVE1kXzNZU0s4UmVkanNFZVhJaXNUMUQ2MURhcWJWRzhmQXV2NHZPRktuaTE0R0l3LWxiV3pMYWhzUVpCTVRVanQwTG9fX3cxb0tDdVVRR0lBc1lsTTFMSGQ5RjY4d21fUllxMEVLaHo0Vm02M29tblHSAY8BQVVfeXFMT2ZRLTQ3aXdGSkhTTGxzanllam1aaEhRU0xSMVRSTG43LUh4SmhpVFhjYk1yM0ltdlJHdk9QdVVfdTBSak9Iblo2YlprRVloR29JZEkwZEJRbEdJMV85SkhIb25xaHpqRW53bG1laDlnNy0xRG12XzJQcWxOZlJ3ZXBqQU1kNmpTOEZ4TXRWVE0?oc=5
2026-04-15 03:00,Investing.com,investing.com,Goldman Sachs downgrades SolarEdge stock rating on demand concerns,https://news.google.com/rss/articles/CBMixAFBVV95cUxNMjBidFFWVUJTMUd4NURhVWhTbXF0TWx3QkhVODhfMHpSNThaQW1tcGdrQWc2Yk54MnFGVXNILUtmamVHZWFyUE96Y0RmZTFRcW9naldzVmlfNm5fTkRPeWtTU0U2bHpzaEp6ZmZiYmZjelpuY0tQbWpSUXBSM21hWGdneDExdHJCMERibXFSMHhiaC1XMGVIMkNiUjdSY3g3NVBHVGx6LXZ1T1ZpWHZKTURHa3dSVXlHNTE3TXA3Ql90VGZu?oc=5
2026-04-15 03:00,Reuters,reuters.com,"Goldman Sachs rates business hit by Iran war volatility, sources say",https://news.google.com/rss/articles/CBMisgFBVV95cUxPSzZYMXVHUUJMLWVuN3pXbDRMZHlpbHIxcF9RaFJOa1EzQjVIZzVNR3k2R1p2ZEpOQ3NQXzVnMGdYck1uek1EX2taenEtNVk3LVVrZnpiZjBOdjBzVzc4SjYzZTBBOXJRWFRiYk1IUUJZUDNvVzhvcUZTSUhnUGo5aUxyZEJVN05HdXpiY0xTT3FfUW5keHo2UExCNDBQejRhakhLeE13M19IX3NBS09VZmxB?oc=5
2026-04-15 03:00,Seeking Alpha,seekingalpha.com,Goldman Sachs Q1 Results Flag Risks From Middle East Conflict And Inflation (NYSE:GS),https://news.google.com/rss/articles/CBMiuAFBVV95cUxOaVdqLXZyWDlFeWpLWmNRRW1STFRtQ2UybUNoaEFaNk0zTUxwSHJoRXZuU1ZDU1FTX08wbFRmVjRGTzRveV9jTFNlNl9CejVrVjY5VGlnT1RNOS1sSnF4Um1STEJ6Tks2VXZHR1Z4MEhRUkxjODJicFJtdTkyTWo1NkFVWW9NYXE1VG1aeGNLZE80WVE3UThOSzM1dlozLVcxYlFpNXhhQWRVbXhKUWs3eEVZMUF3OXYw?oc=5
2026-04-15 03:00,Yahoo Finance,finance.yahoo.com,"Citi Gets Triple Price Target Boosts From Goldman Sachs, Truist, and Wells Fargo: Is This the Bank Stock to Own Right Now?",https://news.google.com/rss/articles/CBMimgFBVV95cUxQQnFIUlQ4WUVVUU05aTU3X3pPSTNoZko3UWJCUTAwMFQ3S2N1Vkx3MkczY2JfZV9aMjBUVFJRVTV4WkZsZlJvU1ZmdmM1OThqUzVPajR3NmJrbEcyRjNtQnVxZ2RYbmtlUG9DU3prUjMwTWZVbUhPaE5Pd1VxN2NUVkhMVXlfWlh6MEJKXzhiNDZoZEJ0TXVVZDFR?oc=5
2026-04-15 03:00,Yahoo Finance,finance.yahoo.com,"Goldman Sachs Cuts Ford (F) Price Target, UBS Upgrades Stock on Long-Term EPS Outlook",https://news.google.com/rss/articles/CBMilAFBVV95cUxOTVRsbTBWQzNOdXJfZkhBZU55R0JTdE9weTAxS0dGdTVCMWEwQjlIeDdjRUkxQmpzN19lZjBmOVQ2dTJXV2xEcHB2Y0hsOGdZcW9ndmh0dU5ZLWNnSU02ZzdlS3VObEJpVGJMY29PNHFYY25BLXRJMkd2eC12MUEzWnNxSUJVZFNHSW9XSFphSXVLOHE2?oc=5
2026-04-15 03:00,Yahoo Finance,finance.yahoo.com,"Goldman Sachs Slashes Best Buy (BBY) PT to $59, Warns of Volume and Pricing Risks",https://news.google.com/rss/articles/CBMimwFBVV95cUxOUGNHV2N2Yy03LUYzV2x1R2o4NUhiM1lJQlpYRUJ0UmgxT1l3UlljX3lYTGstUjBKdV9VMVJwRl9OY2ZIU1FTMFBGYUVwNEFyTjVTeDRhdzFrdFFGWmI4T0JtRk02QzFxZ0pHcThDMjdkT0RXc0ZRVWp0ei1mX2ZyTFdHWnQ3anUwMUZadk5UaTROdXVJNFVXa2lPdw?oc=5
2026-04-16 03:00,Seeking Alpha,seekingalpha.com,Goldman rebalances its long duration stock basket (IWB:NYSEARCA),https://news.google.com/rss/articles/CBMikAFBVV95cUxQM2gzdUZFdnVXTFJOdGxKajcwcm5iaGtMWklxOFhvaTU1OWVSaGRPUERTb0NMMkFfQ2tWbExYOTNNc29Nc0Zsb2JEOG45V3RhWjYzQ2YxMnd6YktDTW5jVzUxX3R5b1RJblZGalpQaVBIN2xfemNRUnduLXZpeXc5bTBZdUtsR1B2SmU0WnVVeTg?oc=5
2026-04-16 03:00,Yahoo Finance,finance.yahoo.com,Goldman Sachs Maintains Neutral Rating on Innoviz Technologies (INVZ),https://news.google.com/rss/articles/CBMipgFBVV95cUxOTmpTaGpkdHdJcmwxVU11RlJjOEdrRGUzSGFtM0R4SExLdDRVbElJT2hJS01xdFFhUUhvMXg2cVhTSkVMa1dmbXZNREprYlBaQ2I3VHVDUmJsZTZfU3ZsNk9YUGdxV25zWW9JWGtrRFR3U2dTa2xWWGJTcHZUOVUwT0FpWHgtYnB5R2hQOG9ic0xFOFZXa0haUUMxQzVYMWRnZDRmU2VR?oc=5
2026-04-16 03:00,Yahoo Finance,finance.yahoo.com,Goldman Sachs Raises Dell Price Target to $215: Is This AI Server Powerhouse Still the Best Value in Tech?,https://news.google.com/rss/articles/CBMinAFBVV95cUxPNEczY1gwb3Q4YTg0STFNQ05JM2s1elRuQWVPQXBjalVvQ0l4aS1OckRNWm0yS0xaQ0VDcktaSWp4OGdGaG5kNmtEaUdrZGdkQlFIRlZnOHhaOXBnYlp0RXFKZDRBeWI4VXhxVFkxSnpfVXQxOEVDUWpWd0YxckJuUTdraTZ5N2hUVUg4WlVxUWFFOW5OMDFYaWtodEg?oc=5
2026-04-17 03:00,Investing.com,investing.com,Goldman Sachs initiates Corvus Pharmaceuticals stock with buy rating,https://news.google.com/rss/articles/CBMixwFBVV95cUxPdE1GRzlnUWQySWxCcUVzNktBYjF0WkF1YUF4eHY3Zm11dkgxSWtuY2JOQUhZc2ttaHQ5WDhoNG5QbGYyYk1MV1BxdTg4cGxiek9YdDBCRmM5NVBnai1oZkNGRGxBN2pQQUpJdmp6NVlxTzNjWHJDY2poaUFlNDJieWxqZi12TkRuSVR5UGNnV0lvY0JicXEwOV93RE85bFVNemQ0RVhvX2VZQkxjQnBoWFgzRDVtaS14QVZrOU40VmhWUUdlX3g4?oc=5
2026-04-17 03:00,Investor's Business Daily,investors.com,"Stock Market Hits Highs On Iran Hopes; Goldman Sachs, Netflix, Taiwan Semiconductor In Focus: Weekly Review",https://news.google.com/rss/articles/CBMirgFBVV95cUxPa0REY2pIenhiS1lRUVJpVGdpODY1NEFueC1Vam1aUmdlbEZuSWxHWUp5di1veDBMcWIxZFRidnhqNFNXUHdEWEVFZDZCYXdzVElNS1VrYlpNc2gtbzJtV2pJNEhwQTVTZFNEZ3k4Z3lVMDR1Z1pLR3lMaGJMQnF3Wmtyekc3a2lXRkdjbWxJNmh0VlZvOUhrTTNoNXRWTXhYMkFlSWxPa3k0M3BQUVE?oc=5
2026-04-17 03:00,Reuters,reuters.com,"Goldman sees softer oil demand, flags two-sided risks to 2026 price outlook",https://news.google.com/rss/articles/CBMiwAFBVV95cUxOdmMyZ0RkRWZaNHkzMmFKT2MxUUhGOWVKZVJtanlTc25KWjlNUExNRTVOQnFVUkFNbzl6cFFoZWV6U0Q0UmwwaUs4cGo5UGNnMHNySVpsc0dXUlh3ZVBXQzJULTBpcWtaN2JzczdZeTVoVWxnY2FRUkpLWVBMQTVBREhuRU40MlUyU2RYUGUycjNBdDBJUV9KR2dQanpLR1MxUEI1ZmZGZE41eUVFSERTTEdzV2VSaVFISmU1anJobHQ?oc=5
2026-04-17 03:00,Reuters,reuters.com,"Hedge fund stock buying hits $86 billion as Iran peace hopes, Goldman data shows",https://news.google.com/rss/articles/CBMi5gFBVV95cUxQWEpWX2NsQ2FuUm94bGRBMlYtc2lzRzZqLVdoRHFYQ0hWVFk5bHJfTHAwT0NROUQxNGtOTy1aN0hlLUg0bGdXYzZFOURyVTU1eVBuZ2FhbklYZGx1OWdZUTdZSk1fNnZic1MyOFZMZnd6MEdZaGxvbzVRcXFaSjNqeW5BVkRjVVkwWkxvcTA0c3NiNmJ5QTRqTFlia3RycG5vY2pWQl91NjJyLTBtN1o5WXdsZ3NNbFFYOHJzd09PMUNaMEVwZm9HVEFhbXowTHdKbk9iUnJuYjlvM2FWU3RNbzhwWDVwdw?oc=5
2026-04-17 03:00,Yahoo Finance,finance.yahoo.com,3 Goldman Sachs Mutual Funds for Stable Performance,https://news.google.com/rss/articles/CBMimAFBVV95cUxPejVva0dIVXNZdVNwS2U2a283Yk9CZ0RfdHVyRm94bjZiMndMRUVrYkhVX3JqRXp1ZTgyamh6OVhod3g2WU9CZWNIT2lpTDBJN1BtSUVvYUVRLTlSYWYtMy1hSnZQVHYtdXdyWk11a0p3ODM5MTlGU3JHZGpaejUwTkJGNmhJMTFTamxSekFLa2VOWFV0T3gxbQ?oc=5
2026-04-17 03:00,Yahoo Finance,finance.yahoo.com,"The Goldman Sachs Group, Inc. (GS) Is a Trending Stock: Facts to Know Before Betting on It",https://news.google.com/rss/articles/CBMilgFBVV95cUxOWUJkSUdRY1dfS2F4cklqR2RFLTBydjhXeWZnNzJ5S2hrYkhRbFA5R29SQW9ydTFVWkFyS1Jrc1F0LWl3TUFCd0RzbjA5RVgydk1tYzBFR3M3ZEFjYXFUeC1Uanh5Qzdrall4aE96bUFZLUFPcUhjSFNUVm1SMS1VekpTWGNCX0Y1WkdtTXpPRWc0bnVJYUE?oc=5
2026-04-19 03:00,TheStreet,thestreet.com,Goldman Sachs’ blunt words for Amazon stock investors after big deal,https://news.google.com/rss/articles/CBMirwFBVV95cUxQX0J3eWowSGtEbUpTd01wZm9RUFViTnV5cVZocXQzNGplLW1oMGNfeWNnbEk1c1k0QXNjbVh3UE54SEVMbTVhM3FuRmY3a09fRFZUWkVOQkFNb3E4NDFaazl6eURvNENEcHFCZ2JUWnFFejluM3JreHpxV1hya0E1NVFCeXJoZmRLZHJrckhWZWw0U01obkZ3VXVEcGtMTF9Rb3RGQjNkcVVIcnBvWXdr?oc=5
2026-04-20 03:00,Business Insider,businessinsider.com,Goldman Sachs lays out the case for a continued stock rally even as Iran-war uncertainty continues,https://news.google.com/rss/articles/CBMiogFBVV95cUxNdGhBeDRMaEVVdFFqWUhZTzRSUjdQZWxRX3FaYmlLNnVuNFZxZDJkcVZWdWd1NmU1bk5IcEFFMUQyV3dKV3VNcXlOanplOWRxeS0xWmxSSGotU3FkckJ0Sl9BaGZDenhxMGFSeWxrdjZzOGplLVA3aVlyTVFwS3RTOUM1emx6UnRoNDV0UFpQcFc0cjFuRHF1ZlNEeE5fN2pWa2c?oc=5
2026-04-20 03:00,Investing.com,investing.com,Goldman Sachs reiterates Buy on Apple stock amid DRAM concerns,https://news.google.com/rss/articles/CBMivwFBVV95cUxPV3pXZnB5TDMzQU9nLUd0amhyVTlWRmpiSkJNQTRFbTNtTHdxTlZrSmFJLVlpQkJBU0xhaGxiSnJhNG8yaWN2b2xOQ25MTzBSX1ZWTHhWOGNqUEw1eGUtT2N1R1VGR0JtaUd4eVRuSW9rQk1lWkJCQ21NME8xa1R4VGNpZnJWQktKcENET2trZnN6c1VRTVA3Zm1DNm5vbXFYelI0THVvUkR2ZWNIQjNCMTdERXFMRmlqSFFNVUMzbw?oc=5
2026-04-20 03:00,The Motley Fool,fool.com,"Buy This Index Fund to Beat the S&P 500 in the Next Year, According to Wall Street Analysts",https://news.google.com/rss/articles/CBMilgFBVV95cUxNSHBRT3R4QnMxTm9DR3RZVEEwXzdWQmlobTBlU1o5N0RrU1lmQXRkSFNDblFMRUs1VUJzdnBEY3REN2RYTFpCNlNIbHVLRlU2M2ZzWXpObmhHMW4tYVAwSXByMWg4eE9YMkhzUFd0THlIRDU1WjlpX25YWFUxSTRSZkRZcnV3bGZLV0VLcTl3aGFMSGJuNWc?oc=5
2026-04-20 03:00,WSJ,wsj.com,Wall Street Brings Sophisticated Quant Trading to the Masses,https://news.google.com/rss/articles/CBMiqwFBVV95cUxPV0Z4RFA4bFJ6OTNlZjZJTXJyTU9EVTk2QXlkRmhtSEdTcVlhazByMUpaclI1QVZEZjhZX1FhanliOXo1Nzd6dkJYd1FhYmpxNWFLVkJxR0NQOGJ0aC1hOWdzX2dyQ1pMYzRKa19tckdmWGFEOTJoSjBzckJBZXh1SDRQMWpZNTJTWTRKYXVQNXNsQkFZT3dzV25zZWJFbzFKMm1saE9aZEdnZ1E?oc=5
2026-04-20 03:00,Yahoo Finance,finance.yahoo.com,5 Must-Read Analyst Questions From Goldman Sachs’s Q1 Earnings Call,https://news.google.com/rss/articles/CBMimgFBVV95cUxNY0ZRWnR2Z1RDeERfQURqV1J4ZU5mak0weTdMTV8xRzIxM3JVb0ZFRjlFeFNsVVlVYnptV0lXZnRTT3ZHLWtQdVVlOG5NcHMtRWJLZWhKUldLR1U0dVB0NUN2czdfNC1STDg2OVQ2dzlKaWdqZGFmNDU2bkVqVGptQzhHb0Nvbm5GaW1ScGxsOHdKcEtyR3lzbVd3?oc=5
2026-04-21 03:00,Bloomberg,bloomberg.com,Goldman Says US Buyers Return to Japan Stocks as War Shock Fades,https://news.google.com/rss/articles/CBMitgFBVV95cUxNeUdVSWZneUUzdTZfVEFWWVFEaHdVRlFBNG9JY09lZ2szS3hZNERlbFhxNlJTV3JUTVA1ZHBPRE1zRE10YmVyWF81U1FydXlhZ0Q3NVZQTXRSeGVPZkp4dDktazl6LTAyZTczM296YUpITmlRbnJaWmwwXzc3d1NLYkNnUHNOM21hV0lRYm5xRVJQdEJXQ3RvOWlXS0xUR010R2hfcUpQRTVlUUNRb2dJdElRS3pBUQ?oc=5
2026-04-21 03:00,Investing.com,investing.com,"Goldman Sachs lifts Allianz SE to “buy,” sees 16% upside on strong EPS outlook",https://news.google.com/rss/articles/CBMiywFBVV95cUxPT3p4VW9aeFNRUFFzLUV1V1dCLWxUZUlpWE9iMVVBMlNROUNOcDBNaXNkRHZHUmlwSXdBeGMyZDBQVmJLSWdtaVNac1E4MjhQTVd0bndzQ2ZqYjhkQWlmVmF3d3paOG14LXNEM2lGT2xqcVVrNkl0Y1lKUzdSX0YzMGUxOWhMSXR3dUtLMWQwLVpxcm5nM05lVFNXWXR3TTM4WWFhR0xyUUF4RTUxdEtHeW9wY0NZVkNteHVUVFdzQ1pOc3M1SWhsVzV0VQ?oc=5
2026-04-21 03:00,Investing.com,uk.investing.com,Goldman Sachs downgrades M&G as 50% rally exhausts upside; price target cut,https://news.google.com/rss/articles/CBMixwFBVV95cUxONEp2SDZDOW9zUGUzYkRxNGczSHlMb3RYZWtzVGxDalZia2dBZTNWdGN2VmotMmFYZldyOGpUeGpQYWM2THNncnB5YkV0ZTFuWDFzQUg5ZjFMbi0xRFFXVmFBRWJXakY1cXV5eEpnbDlYLXhwQ25tNEs1bmlZU3hoT0VvNnJVRXYyZFYxRURpWUV1OU1rLWtfUFNBUzF4b0IwZGFoQlktZzUwT2JXRzM4azdRYVk5VU04YnY5c1pvZWluNEhRREg0?oc=5
2026-04-21 03:00,TheStreet,thestreet.com,Goldman just released its inflation playbook for the rest of 2026,https://news.google.com/rss/articles/CBMioAFBVV95cUxPNlE0QngtMmtqRTdINE5ublFoVU5QVl9RSjFtT3U2WWVaOWdsRFpja0NfOWtjNGR5TmlJbGdzdUwzeDNjOWFOZGgteDVwa1Y0SmlsS1lSaUFidmNQRERTRENYWTV5d1R1ZVJxZ3duSG5rSU5DN3FtV0ZpZDRnZV9pdVZBZ21lUXJ6eHVfUnNIWlZLZnJPMW1QdDN1WUFrWHhq?oc=5
2026-04-21 03:00,Yahoo Finance,ca.finance.yahoo.com,"Goldman Sachs maintains 2026 copper price, surplus forecasts",https://news.google.com/rss/articles/CBMijAFBVV95cUxPUE04aXVWaHY2ZzY0WS1uRmdBZUVCNE5yUHJmOFlxOFlfekp3UjJoejBUYlVjT0o0Tnc2N21QRF9hbVdVUlFpeDVuamhVbUcwU3dYVmZmYnJoQ01SWmhNM1BlM3h6Z3FTQkxIYWVRUElBajdoTzhBZm1raU44TGZySEZERkZNOURpREpmeA?oc=5
2026-04-22 03:00,Bloomberg,bloomberg.com,Goldman Names Raman as Head of Alternatives Capital Markets,https://news.google.com/rss/articles/CBMirwFBVV95cUxPN2YwUE9vb0duMUJYSGNoZXdFckFaUXhFZW12d21aOWRRdks1aFBaeXEwVDBoNnAzQS16djQxLWlBeEVNWWVVV2VrazBINjNEQ0JQX0JaeS1qcVZzbmZ1RXo0X2FESnlBRE1seDhIbjk5Vzh2ZnNTUDh3MjgzMzlFVV9FaUU1V0RpQzFwckk5N2NhN0V3RHBySUo2ZGZ6NjY4bnBzMnNBd0tmUTFpTG5R?oc=5
2026-04-22 03:00,Bloomberg,bloomberg.com,Goldman Says It’s Settling Shareholder Class Action Over 1MDB,https://news.google.com/rss/articles/CBMisgFBVV95cUxPeXNOTU5sd0YwUkR3dGhvUl9fSEhQVXRjbi05cm85UUxWdXFFUmxKVDc5ZkdDMHE1c0ROQm5BY25xU0R0UVc2dzRjSEVTaHNsbGdMYjZ5b0JSU2hTajRrYjgzaXRXbmRxWXpsQUxLdG1HOG93QWtBTFRjTTZuOGJIYTZTTFNhQUtxaFRLeDZ4d2NwSEFWVTd0cjgwZXVoaVljMFFDV1ExSmhXU2RObnVEY3pB?oc=5
2026-04-22 03:00,Business Insider,businessinsider.com,Goldman warns that the risks of another stock dip are high after the rapid relief rally,https://news.google.com/rss/articles/CBMiowFBVV95cUxNTEotQVJlU3I2Y0tLWFhrcW9YMTN4TGp5SjVWX2FhemZYdE9aWWRiVGdVN0xXRkdfbnVkanhvSEZsa3RTdkJrT3NzMXNZbnZmWlNzeWpuYVBjLWY2RWhsWVNZV2xwMG1aVktaYV9NVk92OGVSVlZPMmJtWVZZYXBHQUFSLUR5ZmpHYmxDX1hQUkp0VXJ6d0Y4d0FCeGpmc21YaXVn?oc=5
2026-04-22 03:00,CNBC,cnbc.com,Healthy earnings backdrop remains due to AI investment and hyperscalers: Goldman Sachs AM,https://news.google.com/rss/articles/CBMirgFBVV95cUxOLVlCZVlhQlQwRVJRY2JCZnhKNTJ4dHpWNG1QbEJBVlZYX0kycEtIXzlkNmNFcDhZSl9LQkZzSkR3RmdCSGpUamZER0h1RXl0X29PMUJlT2FXQ3Nhd3l3NU91SG1NTVFIMlM5dEpHTmRrNlJvZXZEZ2w2bGpPNnRDSkRBSDZqWnRIWlFfXzByeTVNRUtGa1VlN3JVSk5xVnBDUmNmcmQ4c3JxbS1Gc2c?oc=5
2026-04-22 03:00,Fortune,fortune.com,"‘An investment thesis is not a religion’: $44 billion CIO warns you need to figure out how you might lose money, not just make it",https://news.google.com/rss/articles/CBMijwFBVV95cUxPeWxIRGhaNi1GekhLV1lCcHpGZGMtSDZXMmVpX0REanM1UUU0cXNLZ0V3b0MxU3hqdTNnQWxZbDN2UC01dm9ZWDFOd0cwMFN5RnhTN190YjM4NnV6b3psTkhsXzRqSU5FQ1lhalF5ZlJKSnRNRFVMZ0ZmUlQwNDBBUDNySUNjSnY3Y3lKS2Z1bw?oc=5
2026-04-22 03:00,Investing.com,investing.com,Goldman Sachs lowers Roblox stock price target to $125 on estimates,https://news.google.com/rss/articles/CBMixAFBVV95cUxOR2pVc0xLWS1vZDR3ajVvV29ITnRCOUhYU0k0UnZ1V3NZU2JQbW1uekx6M1lOQk8xMF9vazhNTHpNRU9FUk5OY1N3cUNWZUV0V2ZyMVU1YXFnSHhyLUl0VGRMOG1nNnpwbWZqNEQxa1Z5OVBLWGFnd3lQemhmZGJKZUM0dldYdkhxNVRVVWF0M0ExVmViaHZ3QWJWSExVNTZXaHVTcU1oaXFsbzhFdXRiUFM2RkhadlNOb3ZkTmo5alZjSGc1?oc=5
2026-04-22 03:00,Seeking Alpha,seekingalpha.com,"AI stocks near 45% of S&P 500 weight, Goldman Sachs says (XLK:NYSEARCA)",https://news.google.com/rss/articles/CBMilgFBVV95cUxNMjFxZF9ZMTFXYWlVR2RlM2tuOE9LMUxfMmhnUFJ5T3NTcVo1cFBBSGFtU29taXBGTDFpbzdYUWRsbDhldjUxcUtFTUJRWGZYa21sOW5yWGFkSFBDZmVITzJHRk1GY0pwVV9HdC1YSW9MWVRKR1pvNDQ1QXlYRzBzOVlWbzljU0lkNVVYcW9UcDJlYkJLZkE?oc=5
2026-04-22 03:00,Yahoo Finance,finance.yahoo.com,Goldman Invests $50 Million In BLP Digital As AI Finance Demand Grows,https://news.google.com/rss/articles/CBMioAFBVV95cUxObXprbEtuNVVKT2NON0tzejRnRHNKdEFjMThXWHBBcVF2Yzhib09qM29YdGE2ZE1zTy1IU2hyemZBeDRVSkY1bUpRdW5kZElGLUVXSDR0eGgtUTdReXlZeEVxWHBjNEkzakhCWDR1S1hHX1VMYXg2YlJnT3U4TEFVWFBjLWdSRzRocFpvdlVyd1hiWFBSUE5GRkVVVTFobDhl?oc=5
2026-04-22 03:00,Yahoo Finance,finance.yahoo.com,Goldman Sachs (GS) is a Top-Ranked Growth Stock: Should You Buy?,https://news.google.com/rss/articles/CBMilwFBVV95cUxNUEdpMEE4RE82ejR2ZUw3Y2F2a1VhTGQ2SHowTEJoZkV3ekpnNWYtX2FlNWs5c0pEMkR6STNjUUZpMDAtZkdTNFR4YUNkOVFNOGd1MlpEdW1QVXRsTi1JVFN2bDl1NXFCOUZXLWZJZExxZk9ZdlJBaWdoS0F5aGlxRGNWcWJWOFMwaWVadG9TeGRMQ3EzSTFR?oc=5
2026-04-22 03:00,Yahoo Finance,sg.finance.yahoo.com,Goldman Sachs resets Philip Morris stock target,https://news.google.com/rss/articles/CBMiiwFBVV95cUxOdF9mMXA5YUtVckJDX2JnQVlSSzV1V29vNFRpenUycVpmNGlfaWNBMWFQbFZSamVUdGs1YkZHYTduSlpDWmVVbk9SWURDMjgtMjhZN1lZUGNmTzdUbEVTQ3ROUVJvdzVaSDJqTWNpcXpmTU9XRDJrTVpVd1VlcllEbElhcVhwcGFOb0M4?oc=5
2026-04-22 03:00,Zacks,zacks.com,"The Zacks Analyst Blog The Goldman Sachs, NextEra, Shopify, Landmark and ImmuCell",https://news.google.com/rss/articles/CBMiuwFBVV95cUxPb1ZPcDNKQXl6Q2FnZlhqenZ5Zy1CZG5Tbl93NmdTQVpBQ3VGcFF1RC1TbkpvSWxTTTRiVHlkOXRDQmJIN0k3bWFWYlRRcGZKeUlZOUxzNk0wZGtybTRTNWQ5RnVRSzJEUzlkUThYQUZZY1daRkF0Nll0VU4wN0h3VkdseHVQM3NXaEtkMHdZTXZ5M0JpaEJ2bnRCa3MtSHJxLUFSQUZXaFd3SzRMcFZVVXlKVUk4SFlVdlBz?oc=5
2026-04-23 03:00,Bloomberg,bloomberg.com,Goldman Strategist Sees European Earnings Pared by Weak Demand,https://news.google.com/rss/articles/CBMiswFBVV95cUxNY3loVHZjM2NwdnVWdjBJbDRvbHM4ZzFTNHhPckc0QlJlWGoyaWdyR3FOamJUQ09HaWlyemoxQnRuMXRVVHVmOS1oR3R5bXdtQUhsZm05TEU2Sl9SZTNYUDdhSEpSbXhZWDRET2IxRnhMekJzcl9vdG53N2tVS3k0cnpNRjBpLU5wbkRhYlA3Yl9qYUpnckpoa3VoVFpQaEF1WF9qTEpWQ2lheVUzdXdkY0hIcw?oc=5
2026-04-23 03:00,CNBC,cnbc.com,North Asia can absorb oil prices better than others: Goldman Sachs,https://news.google.com/rss/articles/CBMirAFBVV95cUxQXzNTRGpxOEhRVzhjaEJlV1NtenpQNUtqNjIzcVhaU0c1ei1HY1o4cnRBSEYxbHdNaWZaUDJodml0M0VBajhnUzhrZjVSM0ctUkYzNlBfT3RDRUpxMUh4YWpJLUx1dWFmcWlpZkREX1BTbDBPekFIV3ludnMycnQtVlhFcl9FSmtYb3R2N1lDMGtMR0JGOUZJYkxpZmJKaUlJVlM1YmprdmRDNDhS?oc=5
2026-04-23 03:00,TheStreet,thestreet.com,Goldman Sachs has a stark message on the S&P 500,https://news.google.com/rss/articles/CBMipwFBVV95cUxNWmZwdG13ZnByUGVwQlNIV3I3MHdOTndoZ1RPSHlHWkFVeTNEVEVJN0Q2YU5YTzlvMjM5djZqNE40MEhqb1Jfb3gzMVdhT3pvT2NaR1RaOWVwODJzR3p3N3ZQWEFwSFRnaEhrVmlheFNRcFV3cWFYYVNHaFJiT3VmbVF1VUVybVZ2TDNTS05QQzUzbzEtaEhzTlJJci1sQUw5dVI4UXdxaw?oc=5
2026-04-24 03:00,Fortune,fortune.com,"Goldman Sachs says K-shaped economy has been exaggerated, will bite in 2026",https://news.google.com/rss/articles/CBMilAFBVV95cUxNTmhHcHRpV3RoSDh1eWo5czNTV25TeW1sTzhGeHpNU1owcFFjdEtTcm52U2dkZTdaT2tDRGNvZGhTNS1wWlBwbGZ3cnpsNkNaRHRtTGFKbUNpWUpEdUc3ODVRQ3ZuNDlabGd4bXNEeUd1b3IxR25JdGt1ZWpjZ1VfVVZGckd0Q2RDMnIxaDVEZndjT2NW?oc=5
2026-04-24 03:00,Investing.com,investing.com,Goldman Sachs upgrades Altimmune stock rating on improved capital position,https://news.google.com/rss/articles/CBMizwFBVV95cUxPMFN3RnJ5RG5STEpGcTAyNGc1dDk1NUsweDZVUHJHWTRzZEdvVkstZmdzUkNqa1hHWFUwa0tTNzhLdmpIOTFJQnBOWnJOcE5VYUhfd1FnaURkRE9hNFh6eGVLdWRRSEp0eXZ6Z2JBdkduekJwb0VfZ0RTLWc5a25KT2xZQzd3NVQxY19Zdmw1REx2NjNZT0d4RHVwTnBabzJTbVVtUEMyUjhKTkpnTXd3TzBXZmZOZ29aMDJMZGZQdUg1UU4tbGdrSktxMzU0Vlk?oc=5
2026-04-24 03:00,Reuters,reuters.com,Lincoln International targets rare investment bank IPO in US markets,https://news.google.com/rss/articles/CBMipgFBVV95cUxQWnpPeC1OWGxPTElQZ2FablZlZTF2Tm94bGhfUzV0anBFbXM2RlBTVFAwZzVuQnJYSFk5QXgxOGgzZm5uSGxDMmYtcFNjTWdhUE1GejNxX3RqZlRJNDZIaHlnYVNfVkZ2ZGVaT3c0RURsM19OV25zMUJiaThuWkdnTloxRjFYaVpmOVhUby1qejRnVlc0TTBIem1QclBHLTlIS2FMSTFR?oc=5
2026-04-25 03:00,Business Insider,businessinsider.com,Junior talent 'can see how to disrupt us': Goldman partner Kunal Shah on the next generation of bankers,https://news.google.com/rss/articles/CBMiqAFBVV95cUxNZTlJYndqcHNWOFRNby0zbmZNaUpiU2FieVNuNURWbVlxT0NvTEV3cFdxYV9ONWNNNmh4bC1aRzdiRmN3dzBmQnBjdFZpZ2ZLak10OGtjWWZUdFN0cjdjSzBCQ0czOFQ5VjVUSmtXNy1EMXo5WGdwVFpENjdPVTNvUkw5MjZZQXRqSm93djd6S1RmMVVIb0gzaXlfQ1FYU0RTenlObV9lZzI?oc=5
2026-04-25 03:00,Yahoo Finance,au.finance.yahoo.com,Goldman says this stock market is likely to outperform the US equity market index,https://news.google.com/rss/articles/CBMiiAFBVV95cUxPSzJaVE55SVg1eXgzTmZ4QVRaMlFSMTlxVUVYb0tZeThzUm9OMlBJSnZXbU1ZTllFWjRFRUZZOW5NdkEzTVZFbFpaLTFmc2I1WDE5TzNQeFhmMGNkX3ExMHV2TlB0Z3FNcUFzd04xMV9GcXU4a2ZnN2thVEM0TWVzMVZuNHhSQ3Ax?oc=5
2026-04-26 03:00,Bloomberg,bloomberg.com,Goldman Hikes Oil-Price Outlook as Hormuz Shock Intensifies,https://news.google.com/rss/articles/CBMisAFBVV95cUxNTFJOY1JzUVpmNndDY1JLX05CVVMwQTlteFRqVGRyQXRUT2xuUGxPRlA5MlpDWkI3ZWJmT2VwYlI2UUE2RERSWHpXbHVXUC0tcDJhSmJoTHVoOF9vUnBBOHU3MDAwS0VETlgxOEVnOTlsbmVmRDg5SVV3anR3VHM3UzlEVDY2WXR2bnZmS0JEWXFqWDRUVE92ZUxxU24wdHY0d0F2WXRxOUtvN0F5a0YyTQ?oc=5
2026-04-27 03:00,Bloomberg,bloomberg.com,Yuan Gains Weigh on Chinese Earnings as Forex Losses Mount,https://news.google.com/rss/articles/CBMitAFBVV95cUxNeG8tZFFVVThsUlcydUFfdnlTSGZuTEVRZGZheVNRUklvSWVjTDFkUWhUSDlHMzAzNVBQU2JKYnQyUUhBbTUwMU9lc1o5cmllWk1RMERfYzBlV3RaYk9zSE1NWmRSWWxmY0cxR1k5aFd3YjI2RU9iOWNRMGFxazllamxBemNCWktqRF9nNTdrNjVOTW5hNG9ZMnlQb3lvTVVmUDRDODNJMVl5bEVacHZaTHIxUUM?oc=5
2026-04-27 03:00,CNBC,cnbc.com,"Final Trades: Goldman Sachs, Verizon, Northern Trust and the VWO",https://news.google.com/rss/articles/CBMipwFBVV95cUxQaDBqaWtqU19JZFdWTmkyRmFoZTE0dmtLSTI4Rld5QTJyMGVzbHhGNk55Q2FZVGdCdUdka2hYZ3kzU1Ytd1dYa0dFanJxVWE2X3BuQWVTOFpOZkhXME9KXzRkZ0NicDA1Wm92OWw0RGVGeE1aakFUMkJTeGN2VUNWdmZpcFIzamttUEpmbHRjZjVJVUZBdVhtQjA5Tk16dHdmcVFDNHFlRQ?oc=5
2026-04-27 03:00,Seeking Alpha,seekingalpha.com,GPIQ Vs. FEPI: Downgrading Rex Shares In Favor Of Goldman Sachs (NASDAQ:GPIQ),https://news.google.com/rss/articles/CBMipAFBVV95cUxOVl83LXhWREVkX0thM0pXT19ieVBJV2tlY05aUXZtYkNZb1JHNkhrMTVkcWJuZmZrQUcyel9ha1A1U1N4emhidGhZbWExa2tKY0tnMnRvRzE2MzBnaXRTT3FNVlB6MmpjUk05czMtNVRxdEdLejNDQ2gyOVpOaUw5X2dPMkxfUm0yMDgxbjU4TmxRX2lTRVliOERFR3lLZmdxWldRbw?oc=5
2026-04-27 03:00,Seeking Alpha,seekingalpha.com,Goldman Sachs cuts IPO forecast; biggest IPOs since 2025 ranked by market cap (MDLN:NASDAQ),https://news.google.com/rss/articles/CBMitAFBVV95cUxNelFhSENncjA2WFp1N2tXaGFLVUVhN2hucWV5S1RXQUJaclhaSC1EREJIWTVOQ1g4QWloQjEzNUVIYWF1am44bDRlZEFKaFdjbjJWU2tFNzJXazVYWUo5TzRwcTZzYnNiaUtNRk9TYkxDNkstN180dkpPR3U1a0JjNVNUZlBqS2ZsajBZSlpNZ3dsV0xMZW1nZ0FiMDFTbXVpek50TkFPc2hZTGh5ZFNpU09oTHE?oc=5
2026-04-27 03:00,The Motley Fool,fool.com,Goldman Sachs Predicts $100 Oil Through the End of 2026 if Flows Don't Normalize Soon. Here's What That Means for Oil Stocks.,https://news.google.com/rss/articles/CBMilwFBVV95cUxPandwWEE1MGJ6YlJDMHFVV1dyYWFDR05jMktxSzF4TF9VSWVrY3BvY19ZN0dYWkl1OHVFU1M2c1dMTVpjWHVubkttNlJzU2VzanBUdU9YaGdCWGVGY2xhYmhqaEZIaG9sb040aF9xNWxvNE91bWZRRnRiT0M5RWNobjFRMF9UVlJSWTFlVXo1Q3AzTDlHekI4?oc=5
2026-04-27 03:00,TheStreet,pro.thestreet.com,Goldman Sachs Cuts IPO Outlook With a $160 Billion Caveat,https://news.google.com/rss/articles/CBMilwFBVV95cUxPV2VOdG9IcUY1cUdHOGhVeEN2Wk1La3pVcnVzdnlqY3UtWDJubFppbDBIaFRyTW1Wb3QzRUZVOUtVb0xNTmtPdDhfZU9jd1NLXzROTHBGSmJzVU9pbE1WMG0yTF92aU5CTUJJdlBIQ3RQV3pkeFRlazFHOEttVmVSVTdhNlhQbG5fVEt5SlE1UVlSdVNpTmRV?oc=5
2026-04-27 03:00,TheStreet,thestreet.com,"Goldman Sachs, JPMorgan sharply diverge on quantum computing",https://news.google.com/rss/articles/CBMiogFBVV95cUxNUXJNbW1hQ2ZjZUVSWDJxVmt3dTBCUGxvZmc0YXlWaVpUdW5STzVfa0MwVi1kNGVJRThZRHFPMUFwcWZmOGt2NEZvdTJFWHIzOWZVUlVhbXNZNnpnZGJqVWVZX01Kakp2ZGE0VzZRMzd2endLQkxFWW1UMW5sVDY2ZjBJRWV1U2xWR0JjT0hocHl3dGlGbVRpYnV3VThQU3BoX2c?oc=5
2026-04-27 03:00,Yahoo Finance,finance.yahoo.com,"Goldman Sachs Alternatives Announces Strategic Investment in Kashable, Leading the Company’s Series C Equity Round",https://news.google.com/rss/articles/CBMisAFBVV95cUxPcFdhRVpPQ0RBRmthMjJOc1VfQ1RSSGtYdHV2UDlsRk0wQTFkd3RmbGJUcEUzTk4xekY1dWtZdWdmd1RkNnJULVQzX05tbUxOMVJPYmZaRFNhWGFmaHlrM09YbThQeGhoRlZQYnY3OFdWTGY0S0hUSVhVTzllRWVlNnpaTUViRXU2Z3d4MXNEcExfUkVrejd3b3ZBVzk4aXpnZHVWcXRZR05La09WVHhVdg?oc=5
2026-04-27 03:00,Yahoo Finance,finance.yahoo.com,Goldman Sachs Cuts Hess Midstream (HESM) to Sell as Risk-Reward Weakens,https://news.google.com/rss/articles/CBMinwFBVV95cUxPODRhWGpDSWNIelNqMkwzb2NYN3BtcjRsYVM4NGp3QXhwbmRJYTRPTFlfVXdLRXE2RUNSUmxCQnNvLUJvUWVJUG1WeWdaNEpSUk53SFc0NEVEaWlPLWdTTTJVN3k2RzZUcXlnVE5ZaEdiY2xESkZRd1FRWWVCWGhFSm9fVXlaTXYzeEx5OTBrdlM2YUZmc3dfRFc4TU95V28?oc=5
2026-04-27 03:00,Yahoo Finance,finance.yahoo.com,"Goldman Sachs Raises MPLX Target to $63, Cites Strong Sector Momentum",https://news.google.com/rss/articles/CBMingFBVV95cUxPQzgzUDZDV3ZjQnE4REdlaVdKRTAxaDZJUXZTNjhlekRkNTVGUndUOE50TzFPUVJqRTJ0QmpSUmRvUGJxYU9kXy1faVQ0eFFHY29mX01pckJMSUZKVHRPZmI4WW9scDhCZzlzTlRwVkh6SWZ2enJUY1RHV1hMN0pxSGRBb09NRWtiTkdsYkhtVTU3OV9qcU04a3p5YVJoZw?oc=5
2026-04-27 03:00,Yahoo Finance,uk.finance.yahoo.com,Goldman Sachs cuts Sainsbury's to sell on Argos weakness and consumer squeeze,https://news.google.com/rss/articles/CBMiiwFBVV95cUxQdmR3azBaWHZ6ZkFBR21fVmRnWnRlUUQ1UENSYmRHankzWGZQTFRVSHhEMURKSlVXbGtpcWNOcjBNNlJtaDFrS3ZUSnZBa3l3QnVITE96OWtpdW5sTzM5VXF6Y1J1WG9HY0lzYzlWcEVYLWZnU2VMUy1YdEFPeVBJYXQySGJicTJJMnFF?oc=5
2026-04-28 03:00,Barron's,barrons.com,"Verisk Stock and More Software Losers That Could Be AI Winners, According to Goldman Sachs",https://news.google.com/rss/articles/CBMikgFBVV95cUxPTkxiOHlfZXY0eTBsaWEzT0ptZW9JY2RRXzRuYnhjQmpGaWtRMHdxT3F6TGlsUWZsX3RjamZtdnVfZ0QwMkNYSDVJcDZZN1hCRVZNbm93YWVBSzdiQ1Jqb0JvLVVwRlBYNUVSOEMzQ1cxd0ZrOE9PTUN0T3ZhYm1fQlNYTzBpZGpSVWdWQThwOGRTdw?oc=5
2026-04-28 03:00,CNBC,cnbc.com,Goldman Sachs' Asad Haider on the stocks impacted by new heart attack prevention drug trials,https://news.google.com/rss/articles/CBMizwFBVV95cUxNY0M0cjJpNi0xeC1tRFM0WUtaV3RETENydEFna0NzNVYxdklxSm9WblpuX2l2SFFMWXRUcE1QVHZnajZYdDhyLWttcHJ3VG02NkQ1elBMOTRYQXVma3E4RDA3eEhhamRUN2stM2JtYWhRZ2hzQjRyVzV4U2dCWERDS1NQT2tQdXkteU1aSVNrUi1kTUkyYjBLSlVoSmZVMmEtYzJwS0xuUlBna19xazZZZ0hEN1RfX1Q3UkxLakxsUGF2ZVRSRzNzdVlRZEJUc0k?oc=5
2026-04-28 03:00,CNBC,cnbc.com,"Recent market strength has been about earnings growth, says Goldman's Sara Naison-Tarajano",https://news.google.com/rss/articles/CBMiywFBVV95cUxQdl95T1N3a3B0bHY2b3psS0Jxd3NsQXZ1Z3EtbkhnalZRSnhNbXZvT3BpbUpqTUlPM0xHQWRXOE80TWhjRnNqUmlhZkRqNjdGbWp2N05nWVBMNGZFVU9kU0Fybnp4MmdReHc2cjdBVTNyUElKcXQtMkt3bS1JTjNZNWkxS2pOMWpQaEpuNE9uNjBvTmNFZmpaX29JbGRJd1RPU2R2X09DaUYzbzNmRjlJbHV5b05nTFBXRTdIN3VmdGJ6UHFEdlR6S20tSQ?oc=5
2026-04-28 03:00,CNBC,cnbc.com,The growing significance of cornerstone investors in Hong Kong IPOs,https://news.google.com/rss/articles/CBMirwFBVV95cUxQTWVlS3VVQ0tfdE9kdlFmLXJab2ExWU5hOHA2dG5UNkt1VDZ4bmg2cVh1cDhmdUoxMExJNkpSbVFyc080UDNDMk5rdVN6UlZ4eHA2Q1YyWXZKLTdNOHRZbFlsN1kzZnpncWx4SVcwX1ZiOVFPWFQ1RDN0Q0N2TjVud200S1RIbC1wamxvUjJNWjZieTNVVVJyd21KMEFUVjhzcVdUbFY1aXh1MDB2dUgw?oc=5
2026-04-28 03:00,Reuters,reuters.com,"AI disruption puts focus on long-term value of US equities, Goldman Sachs says",https://news.google.com/rss/articles/CBMivgFBVV95cUxNdUs3dkN5YTNySVZqei1xeWJPXzd2SkdjSFlZM1BiSTh4dDd0blFLd2xrUDl3QlgydFBSWEdTc2s4LVZxLVBsNjgxdnVjVzdUSWdRb0tNczNNdzM5bU9OT3FPX0ZRSE81YjBVUmtjY1ZacTVZNW5MVEZ1NkZKODNqWVdvTHZ2OXFjZERCSXdESUtFYzNtZmJjTl9YVk51dWZfdzFvNHNMN2FqTkpZM1hOUEs4eWx5bU1LRzM3ak93?oc=5
2026-04-28 03:00,TheStreet,thestreet.com,Goldman Sachs has decisive message on Google stock ahead of earnings,https://news.google.com/rss/articles/CBMiuAFBVV95cUxNVWhzRUM1RXpYaG05RDcxY0tKYnJZbjlEWUYzMnpWQ2cxeGlJejJUbk5ZZGM1bm54V003azd1RWU4UUV0Wk9ObS1CRENtNXFsc1VyR0Z3ZXk4TFRIQXhnakI4M2ZwOUxzbHBPREJkYU5HelZicXBlOTFEOU51Z1hMNE5wVDMxbDlDb0UwT003bE1jTGl4c0tFU3dzRWx0dlJFM2h5aE04akl1NVB5MzBFN0ZRZDZKR0Fk?oc=5
2026-04-28 03:00,TheStreet,thestreet.com,Goldman Sachs revamps oil price forecast on supply squeeze,https://news.google.com/rss/articles/CBMimgFBVV95cUxQWEFfRlk4eUdwaF9qZDZkRy0wVDBQVWRRUkFFU1phZVZrWHBISnFteVAxS1RINnNzc1ExLWwtRWxRaS03TzIzX0YyX0ZESXZiZEw3ZzlpZW94R2RsS3oyd1Jndi1Pbm50RlEyMExoWjRKbGp0akxqRkJ4bC1FOUhfQlJvcWdXSDJITDU2TVJzaUJyZUs1ZktuekpR?oc=5
2026-04-28 03:00,Yahoo Finance,finance.yahoo.com,Is Wells Fargo & Company (WFC) one of Goldman Sachs Top Bank Stocks Despite Price Target Cut?,https://news.google.com/rss/articles/CBMilwFBVV95cUxORW1SVWVnRDY1R19nbWNsdFF2aFpSVXRDSW51YWdVZXFmQ3JfSnlpYUg0X3c0TjZFT2NUV0ZDeEEwa21CUnp5OWlQaS0tS3ZoNzR3aHB6MDZ5TFljRS1IcWhvTHVKdTN1NXU2ZHVCMUJITFo0emJGNUtiNEEyVVJwdjltYktVNVJDWmRaOVBNVnNSX1RJUTNr?oc=5
2026-04-30 03:00,Bloomberg,bloomberg.com,Goldman’s Covello Says Buy AI Hyperscalers Over Chipmakers,https://news.google.com/rss/articles/CBMirgFBVV95cUxOOVgtdVdMd2RHTW5tMHpvYzZ6YjhET0hIVEo3S1pBbjU4Smk0SDhMVDIwR0VhTHN2S0dBaGJPRVNRUVNUZ1NGVHZndHZ6eTg1Rl84TUtUS3lCQ0l1bkVvTVQxYUg5bEZDV3hRSVJfdXk3RWpjV0RvdW5sa21ZQ0ZpR2FhTWpCVHFURDd6UHB2emE5MUZpOXlja3ZzVnVZM1JsUkdVV0FrSnp2aExud2c?oc=5
2026-04-30 03:00,CNBC,cnbc.com,Goldman’s Eric Sheridan explains why he lowered Meta’s price target,https://news.google.com/rss/articles/CBMirAFBVV95cUxPVXNTNVpDaXNNZzExNzVSb3dEbm0wNDhkSWtwSUIySzB4MnRKZ2xxazRvVDg4WUdNdi1kT3BRTTFtcWpxLVBqNmpaajdpczZYeS0xTHg2RTMyUTNMTEpIV2VMamRkajBIbkRQT2FrUE9Xcktaa082RVVSbUhVcU5GaWF1ZUlIc2hFUmc4cWtJVHVQU2xFRHI5Nk9HZ0xPcEpHV0Y2dFE2ZGhGMWVM?oc=5
2026-04-30 03:00,Investing.com,investing.com,Goldman Sachs raises Amazon stock price target to $325 on AWS growth,https://news.google.com/rss/articles/CBMixgFBVV95cUxONFlBeExKSUlsX1FhdFFfa2F2ZkpJZndfZnEtaGcxMGxWcVk5UHI1c3N1Wk5YN3FMYUc5YUJXS2RIR2FRNDNJMkxXSUJzcDBpVFNIaTc0U19mQ2xmQUNlVzFyanlPYi10LUVGS0FFalZBMW5FY3NXc1RQU2IxX2FNTVU0SHlreDdTa2Q4Sk9PZEhscUxoQk9WM1FKd2QzemJ2VHRiczRSNXg5b2lMUVN2WXhOZzlLUml0ZnJaNVN4blBWTkc0YVE?oc=5
2026-04-30 03:00,Investing.com,investing.com,Goldman Sachs raises Microsoft stock price target on updated estimates,https://news.google.com/rss/articles/CBMiygFBVV95cUxORHZDbnpJYld6R0hsVzJsVUZ4anZVN292VUluU1d1N2ZIVGlBV0pGU3FXNmZROFB5bU9mM3FBYlVESUtnTWpUbElZRlVwdi1RekdScXVYal9wWlY4enQ4bnAzVGRUclp3clRtdktUektmaWpGUXJsVVVTOWFJX3NPMVNkTVJqU18xa3JsMFlBSzBaMHJna2RGTDcyUm5PZ3AydXVHclpvUFdJc3o0cHE1VTFxSlhDODl0WmtEZks2NkFoam14Rl80Tm5B?oc=5
2026-04-30 03:00,MarketWatch,marketwatch.com,"Forget buy the dip. Now retail investors are ‘trading the mania’ in chip stocks, and it’s about to get messy.",https://news.google.com/rss/articles/CBMi3wFBVV95cUxNaGVjWWNhMGNRVWs2Q3BXbG5UbFZBSkg4ZURVRVNJbWNHY1hOY1EyT2piOXJ0TkV2SFYzWnJQUE1hNDBVOGRVT1NCZ3lwb0ZReHFKZFhLNjF5SlRwSXItbnUwb1kwVy1KSEo4LUdQZ1RkTFA1bzRFNEg5MzBJUjJibGxkWGlCZWprQmoyZmhBTzlaVFRDX1FnN292RFZxZ2pMNkhtNWl3NEpocjFJTU1KQUtjeXBYdlZ1SGFuVnBuZEV4NlY1RDlvbGNZWnpQdUdvYklrUFhaVUJuWVVQRkN3?oc=5
2026-04-30 03:00,Reuters,reuters.com,Breakingviews - COMMENTARY: Goldman Sachs dials up private credit risk-reward,https://news.google.com/rss/articles/CBMirwFBVV95cUxOOU51MDg4MFBxejJTUWNvY1BmYTZIaEt2dHF1dFQ0TDZzSDROU1F0NHJ6NUU2TUNFSHZZLTVYa0hIVHB1ZGY1VmI5WjhfM2xUdmo1ZTQzTUh5QVZxakFzX1VlSFVPNDFFUGtGamdtYWw2dE9BTTZFbkhOWGZUMjFJWXF2STJFUGlhekJOZ2lxTGdlTm41a0tzUDhQbU0zcjVHVFRYcl82TUl1OVdTUTNv?oc=5
2026-04-30 03:00,Yahoo Finance,finance.yahoo.com,Goldman Sachs is Bullish on Celestica Inc. (CLS),https://news.google.com/rss/articles/CBMiogFBVV95cUxPVjY4eGlNQlZZT3VwWlluX0JxRGJscjNGMnJITVlGWkNuSkZNcXB1US05MVhsRDJhQmw1WVNKUUc4N0tOSEstNVZIZUJndVAxblRSQUhrZmhwaHozakhlRXIzd0VzWEdxNUZPSTlDVUk5eUN5Sm1pekdDU25HWTRPODNlbUQxSTFhNzlXQjFsSU1ONGJNVXZvRk9HSmxwa1ZYSUE?oc=5
2026-04-30 03:00,Yahoo Finance,finance.yahoo.com,Here's Why Goldman Sachs (GS) is a Strong Value Stock,https://news.google.com/rss/articles/CBMilgFBVV95cUxNRWdYelBERF9wMnpEY0Y3WHFCQmhGTDdPaDNUSTQxdHFQQ2pPRll6cHBzWHFoUlBCUWlJUTh1cHc2elRjbGZ0Q1E5anNyek05WThfU2NOaXlOVHJnaXRLODJJdEFvZEgtdWhSbVB4UE5pekRyeWtxT2dESnJwbjE1eGVUMTlWS0VGd0hZczE1Ym9iOWNUSmc?oc=5
2026-05-01 03:00,Benzinga,benzinga.com,"S&P 500 Breadth Narrowest Since Dot-Com, Goldman Warns - iShares PHLX SOX Semiconductor Sector Index Fund",https://news.google.com/rss/articles/CBMixgFBVV95cUxPWlIxc3FQM2tDWEFmRXFuUkR6bGNIaEdFNzlhTlltd3N5V3haeFgyTkdBNmotQ3J2Ukl6WGpyb0s2Z2ZpMzQtdzFfZGFNYndTXzd3NDVyZTJUY3BfVXFUcHBNUEhnc2hDMzZNUTR0TG8wZzVwdDJjaGk4Z25jQWZHbU5va3FjRkJYekpJNE5oZUdybkZsRk1LZGw3M2tyMVlyWl90d3FpcGFGQVlNNC02LVNFeDhkVFZhd25nbGNHc0ZBS3d2c2c?oc=5
2026-05-01 03:00,Investing.com,investing.com,"Goldman Sachs adds Interactive Brokers, UnitedHealth to conviction list",https://news.google.com/rss/articles/CBMiygFBVV95cUxQQ3dpWGNwWVdIcV9fMUIyeXhDRXBOQ0RSb1ptVDBNYVBVSDJtX2hTYW1aSThpVDdTSHV4aTQ3TE9OQXFSUHRpWGFtbjF6elBaYm5tNHJLZFVfUEhkZzZjYU5Cd1pCTnFhMDRFNVJEczVSc1dOZmpQVzhEdWNSY05JMVlUNXUzWDJTR0llcmVQcnlVLU5tNDYzYlpVN0ptTHN5Y2hVVXZxRHdNdzU2ZTBFU1B1WmEwUU1zRm5zRk1yUkozWE8zVlhLSmNn?oc=5
2026-05-01 03:00,TheStreet,thestreet.com,Goldman Sachs resets Pfizer stock forecast,https://news.google.com/rss/articles/CBMijgFBVV95cUxPcjRreE1yLUxNZmJvZEhqSnlBSzdsMmM2WG9WdEFaNjd3TGdxdW1LbGFjTkdLVlR2SEJNZ3VEa3F4cEl3OTBaV1JaRVNVWHRkeEpYVUpzS0RiVC03T0ZOZ2xidXJ4SG4wZ2lXbF80QzgtcjNzSkxGZ2tNb29pd2R1SktpT2ZBNUZBa0E3bEx3?oc=5
2026-05-02 03:00,Bloomberg,bloomberg.com,Saudi Arabia Set for Oil Windfall After Hormuz Boosts Prices,https://news.google.com/rss/articles/CBMisAFBVV95cUxPV1NVaVNmMlhJYnNNc2l5c1M3ZUVLR1laeU14aGU0RldNNVBmdFJVbzVuYkg4allvLXN2b0NwNmxZZVRuaG0tQXAyWDdHTnFSNmNXNkhfM1YwV1dSU1ZnMXFBVUtPSkFfU2g2Vi14RmhjblBlYjhIWWtzSWpWbTdiVlFJMS1qcEZNMzZHV3FnNXpVRWVtMzhzbVF2ekxBVWswN1hzVGJvX2FiS09nOFZmRg?oc=5
2026-05-02 03:00,Yahoo Finance,finance.yahoo.com,"Goldman Sachs says the S&P 500's run past 7,100 is 'froth' — a previous time Wall Street said that, a crash followed",https://news.google.com/rss/articles/CBMilAFBVV95cUxPV2xHQlhDRmhwMVU1WHluelI1V3BrOFc0U3V5WG9UbTRlQzJlMVZENFhkOW44Q2Q0ZUdyUlZDN3RSR3JST2VTb1JMdUI1S2laRHpTc2xOX1VsZXItSlJfUHFodWlGNGZqVEpjXy1JSHhYNVVLa2dLWlQ0NUc5Vm9FRkVoSk1xbGp3a0NLdDU3dXFtcGJz?oc=5
2026-05-03 03:00,The Motley Fool,fool.com,Goldman Sachs Says the Artificial Intelligence (AI) Software Sell-Off Was Overdone. Here Are the Best Growth Stocks to Buy Now.,https://news.google.com/rss/articles/CBMilwFBVV95cUxOa21jaXVPaDJELWFBWkFfYVVVa1J1UkgwRnFaVEp2UVVHQTNhMTNDcEF2Q2NmLXZfZkxsMXlyQ3dCM05KZm5Ia2YzZXJYNDZqdHd6RjhIaGxGTlFNR3NHM3NCYVpuY1lpLThsTXlsd0NxbkZIVnBMSE1RcGJIa3VEVGxfU2ZoRjlNanY0ZnlaVXdCZUQySFUw?oc=5
2026-05-03 03:00,Yahoo Finance,finance.yahoo.com,What’s Behind Goldman Sachs’ Bullish Stance on WeRide Inc. (WRD),https://news.google.com/rss/articles/CBMiogFBVV95cUxPTEFBSFlVcHltdXJOVmZpOGRTelVDcVZocldvQWdfQnkyWEp6el96NC12ZFVFYVBIU2xXX0ZaZFhIc2JzN1l1b2NWQ0lELXB4M0MyeFVUeFRBV3g1SW5QdkU4RkVyXzFUYVp3SlZPeHlUVzlOeG1uOThuekE3RW04eVpNekwtb2hVOFc0M3g2V1Jaak9FZDluQ2VtNmNjMDYxaHc?oc=5
2026-05-04 03:00,Business Insider,businessinsider.com,From 'brutal competitors' to collaborators: Investing giants are cozying up to rivals to fund AI and infrastructure,https://news.google.com/rss/articles/CBMinAFBVV95cUxNUklDaXlDV05mMXhSZlg5bWZXdGdxMnVQNmhnOU1kMW56NGhibXRUUWNKUEs1c3prMnVhb3hmclBuSFVhbTc5UjRZUDZadTQ3WGZMRzVLX2dQQ1lUVGJYTlRSNzVaUjMwbjFJbzVFWmFtMHQweWpjM2EwbVkxRlVZTTRQbnVuX0tLOWhZU1FFc1E4LXFtMzh1QXgzMks?oc=5
2026-05-04 03:00,Business Insider,businessinsider.com,Wall Street's $1.5 Billion Plan to Build the 'McKinsey of AI',https://news.google.com/rss/articles/CBMirgFBVV95cUxOV0RraGpxYkhIdmZXY2VpcEI1eURXdm5Cc0E2Tk0wQ0sxRlc2ZHJqQ1NWc3pvdEI5REJrVGhIMlh4MHdUc3NJRWdFZzdDY1VieDFaSzlKclNRcFZiLWVTQ1F5OEVwMVlNWVE1TDRCSzNLMTVjSEZjY3dYWkZ2VEJjU3cyd29vejVkN1I0Ump6VTZkZ0NfbGE3SnRFc040OEc3YkJ0WXYyV3B1VWVaUEE?oc=5
2026-05-04 03:00,Business Wire,businesswire.com,"Anthropic Partners with Blackstone, Hellman & Friedman, and Goldman Sachs to Launch Enterprise AI Services Firm",https://news.google.com/rss/articles/CBMi9wFBVV95cUxNeTkxYjA3OFQweXlGb3ZJYThqOC1Zb2NkTkpxMWNaNUxTaHI4aURYWmNTUE5VLVVpQzBOUjRHUmF4VHdvT1RyUVhOTFBpeDczVVV5RGROZkFyM1QzMS1hZEMzVzRobGFBVVJkYWo0QUcyNlJUT1JtZExJSkZBNDY5QTBHVXlqTVlud3NsbTJ3aTBVRVNLLTFtWG1NMzNLZTJSdG50UUN2Ymx0RDFFQTRhYUdlcFhEeE4xdUNrczk2S1lZYnpicVdTN0JycW9zUVFIcE9UOTN1MVNJUDlVSE1FdVp4TGFIdGZVYk5lTXNiVWxRQk9DOW9j?oc=5
2026-05-04 03:00,Fortune,fortune.com,Anthropic takes shot at consulting industry in joint venture with Wall Street giants,https://news.google.com/rss/articles/CBMiqwFBVV95cUxPS2ZEMkVOQjlHODN2WHFKRzhhalBYUXhjb2NxN253VkprSVJpc2J0a24taUdBemJ0emsxdWwzdjRRamI2aTZpVDVFektIWURKdHdpM1ZYN3FiZVN3eGVsSERwU1VQUmQ5THVyclg0MUZaYmduM3FINTViX1ZPcVhDRHQweHhBQVdGbjd3S1pFdEVXTG9PZWJlNjVqZFRaT2VTREZWLWFqWUZ1dnM?oc=5
2026-05-04 03:00,Fortune,fortune.com,"Goldman: AI will save the economy someday. First, it has to stop inflating it",https://news.google.com/rss/articles/CBMiekFVX3lxTFBPb0Q4S1FXV2htZTYyOWlKaU9La0p6S3VmRE9sZ1dGSjNrQkpzdWQ1OTZCc0N5a0k2clRGVkF2c0xFOGhidzVTc1REXzVoYmtsSFkzdEt3WmMzb19UNEU3SUNudGxSbXNELU5WN2JKanIzdXA0dTQ1a1pB?oc=5
2026-05-04 03:00,Investing.com,investing.com,Goldman Sachs reiterates Apple stock Buy rating amid App Store slowdown,https://news.google.com/rss/articles/CBMiywFBVV95cUxNU215Y1VLZU41MnNJaGNqT0h1TVk2b3kwc1RxNERFQnZzTlh6TERKQ2lPcl90NnF0bEh5ZlRRLXdnazJVcXU4X0FiRG5OQm5CZS1QTDZteGlOOE0yWEJrMm1aSE9xTUdFMTZGbHlTaWZLT2FzQ1MzQ1dVMXI4NGtxQV9oeVRMeUdBdnV1aVV5TzZuMkh3RHV6ZEVrQmgtWFhHMlpXSmNOTFRyTnhrQnZ6UUNYZEZoNm9zcm1keWtLX2NseWhKSG5ONmczbw?oc=5
2026-05-04 03:00,Investing.com,investing.com,Goldman Sachs reiterates Upstart stock rating on April origination data,https://news.google.com/rss/articles/CBMiywFBVV95cUxQU21YUmh4SjF4eE1CNGlEWVdpa0dHblFreFNuUUNNUkh3a2NmYWIwNjFPYWRtSV9RMWkxeFYwQkJEWUhITVJXYU55eHVIVWd5b2hkMGQ5N0FYUWR4eGxuck9BcC1ERzVyQTZPUHVkSXhFc0pzUzVFbGlHbXZQazBCQmJnMjJMMW1VUXFNRGZjdGZaZXZObktfdnUwUmRlNU5BeFpuQkkwWTFyM1Rndk9jUG85RkFTTGRYcXN3UzZuVmVKU2E4WENackJ2dw?oc=5
2026-05-04 03:00,New York Times,nytimes.com,Anthropic and Wall Street Giants Join Forces to Create New A.I. Firm,https://news.google.com/rss/articles/CBMisgFBVV95cUxPWElCYVFPcDgxYUpuOVZad1NwemRZUVdXRFNGVnJBclAwQjQ5VTB6R05DZW1ZTzllV010d3JvVnJfX3RmcjJJR1liYTF1dzRrZzZ0eWpiaGt1STFoUmJhMDkwWDFfa1JzT202X3ZZNG5ESGFwUjhhOHpxUWZEbmJjd3lCM0FaUm1NMDVtSmUzdzdkNGlPYm1hOTFybVphdktJd2tHcHVaalpHVDRXU1pGU2h3?oc=5
2026-05-04 03:00,TechCrunch,techcrunch.com,Anthropic and OpenAI are both launching joint ventures for enterprise AI services,https://news.google.com/rss/articles/CBMitwFBVV95cUxPMzlMZWFEalpuTEU1YnhqQ1p4cDlweTVtY0ZuX2xvOWg1OVlUaklzODl0Wkxqdk9TNTZpOUl4XzRmalBpeVB2OVczeS1ia196ZTNmRG9LTjBWcWQwSnhadlVMZFpEQWtnRVlpODltQVdpbjBiU1RVNzNod01Fcmt4T1Rja01oMDh0WnY3c1NGN255d2xLV19tNm8yUGRRbGMweDBXbTQ1djVQMEpWQUhfN0xudXdKVUk?oc=5
2026-05-04 03:00,TheStreet,pro.thestreet.com,Palantir Confirms Goldman Sachs Warning After Earnings,https://news.google.com/rss/articles/CBMinwFBVV95cUxQenhieTdEZnM2cEoxUFB6eFQxTnZSbHFnQlhFT3dEcERDWEZuQWcwMTlaMHNfOVZTTDI1YWljZGFYTzZfdFZCRUlHdC1UWUJUX1c1MjJlcEdfOFNhZ1I2WnhodjRYVHE3cFZ4Q2dxT0JPUFZrOG8zWTM4MlRLN0tTbXBldVdBRVZ3anlNWDZadW9jSGFfZGRTb3ZfTTQxdGM?oc=5
2026-05-04 03:00,Yahoo Finance,finance.yahoo.com,"Anthropic forms $1.5B joint venture with Blackstone, Goldman Sachs",https://news.google.com/rss/articles/CBMimwFBVV95cUxPLUpKZFVsNTBnS3RuZGZja2pVMS16cVAtd0hCTVE4aFdFQ1JuWjl6T3ZPMFFzLWhIeVgyNExIeERpY01QYm16NHcyM2JnblhVZ2dndWxMTUdYSFMxdVRXODE3TEszdk9KZ1E0Mlo5SG1qNmx5UmhGbXJMVW9xMms5NGx1ODhHMDhlcElZcEtiejlNTWZjNnVMSEZLMA?oc=5
2026-05-05 03:00,Seeking Alpha,seekingalpha.com,Tech sees biggest hedge fund deleveraging in a decade—Goldman Sachs (XLK:NYSEARCA),https://news.google.com/rss/articles/CBMiqwFBVV95cUxPaDh6azBZY2xkMzNhWmNDNncwQWhFWmFfUkhWT1daRDdOS0dMRVBUdVprUFlhN0lBa25EVjdsYUJZdVJhQW1BRFNOc0UtNUI3aW1xM3pWTUFxb3hGcW1ubG1ORjMtRGJmWk5Ba05JRmFKdkJVdTVIMzBpZ3BXeVNRVTRweUVFbE93REdMaGZRdEtFd2xyeEFrLUNVQ01WWklFVk9yMlU4d1FsYzg?oc=5
2026-05-06 03:00,CNBC,cnbc.com,Cramer's lightning round: Goldman Sachs is 'going to be the big winner',https://news.google.com/rss/articles/CBMipwFBVV95cUxNdGdnV2pGWlVhcnMySlBxZVVPbE1PaWFPREU5aDYxb2ZqeEkyY1lhOEFKdHpyNXBNMTZIb0NwNy1WT3lVRFFTLVpJOGJ2cnl0dS03ZzZTUWR5UFBoMGkzWUhhWU96QXVNSjlIRFhucGxBR2VLUUVWUG9KaEE0RGJsMWxsMW1iSldlYjZXaUk3LXM4ZlJvTThoU09PQm5la2ZNTmxic0MzVdIBrAFBVV95cUxQUExYUzFFYzF0WmRzbXNjTXVhUkNVYjVVUWwwRTBJbzlhUTY2MmQzZ3FTWHAwYzRZdzZ2cV9XQmUwZXdRUGdTZHZBWkhpS3daT2NjaFZHeHFhMVFveGZndVAyX2owY1dXVTJQcXZFNzd4YUVkTG9QZGU2RXVkNjROWF9DMG53YlZQLXJJV29OZmRPOFBvQjdoWVVIbGtTRWx5OHBsSUxkczhqTi00?oc=5
2026-05-06 03:00,Fortune,fortune.com,'FOMO has proven a stronger incentive than poor stock performance': Goldman Sachs finds insecurity is a key part of the AI boom,https://news.google.com/rss/articles/CBMihgFBVV95cUxPS2xaUTFuUGdWb1luSVM4bEhFTm5KSmxvazBVYngxenB3NHFZNUV4OWtBQUlkSTNwWEQycW9kZWVHamNpMlFnQWU0WU5mSnRaZkFaci02eDlXaUZ0V3dKTGEzdjJKSF9rSjBtdmN3R2tSYWQwUU8yMnRCTTZ0cjRMRmhEejlnZw?oc=5
2026-05-06 03:00,Yahoo Finance,finance.yahoo.com,"5 Goldman Sachs Top Picks for May Are Safe, Pay Dividends With Double-Digit Upside",https://news.google.com/rss/articles/CBMilAFBVV95cUxQeFdKUk5ha3F1b1NmclBZTk45bjd6Qnh1SnJkZUxrRTlSOE53dHJUZjgyUlhXbkE4ZkZFWXRsQkVGYXUxVGhOQmxMWW1CcUNZVWNIWWEwd2VMWURTX2libUo0U1hjVmFCODNJM2NwaGpUNEQwbVlzUTZsWUFxdW41TnN0VlZJUDJNb3d3Qk5pT1dRSS1N?oc=5
2026-05-06 03:00,Yahoo Finance,finance.yahoo.com,"Goldman Sachs Raises its Price Target on SanDisk (SNDK) to $1,200",https://news.google.com/rss/articles/CBMinwFBVV95cUxQQngyaGlQQzhfNEs4SXg2eGNtZS1iS19xS0Q2SWppZ21NZ1p6SkxBWTRXTnV3LUN4TXRzdjZnazBZZl96VktNdlIwZ0RMOTZXZkFMMndCaERINTl5UDB1TElTNGpEOWFFNzU0UXRrSUFTODh3UE42dVpDN2syVGpvWG1wUVkyQURZVng0LWduV1Bvb2c4OHRfZElrNGFIWm8?oc=5
2026-05-07 03:00,Business Insider,businessinsider.com,South Korea's stock market is hotter than ever — and Goldman Sachs says it still has lots of room to run,https://news.google.com/rss/articles/CBMioAFBVV95cUxQMlFQX3JHRWJ5dWl3YWo5OUIxR3JfQ21hWlRaNWpzT3FOdHdaMEtEaHN2YnF1OGtlckNmWUtCd2FLcnlvb09tenAzYmxSbGtMM2tQTElZSWppaVFLVkh5ZG1pbktKSElxOU1TVmpMcEpHYld5MnBfc3dZOXRDNGxIQmJQZWc2emZmWTBRZXVsWDJGUWVmaDUtV1l6dUNjZWRp?oc=5
2026-05-07 03:00,TheStreet,thestreet.com,Goldman Sachs sets jaw-dropping AMD stock price target after earnings,https://news.google.com/rss/articles/CBMisgFBVV95cUxNSDZMV19UVWE1TzRVYW5SMXBwcW44MnhzZTVwNVJaZy1JNGk4SnVTUndjMnF0aUJKdXI4dE5wbXVPWmhrTWRyNTBia19oc2x0MndJNkMzVGpkQWVZVldYZlhLeUw0Z2JyZk5nY2o5aGI4RUdpdk9WYjM4MW11a1RRZzNsbVBGZGpLRGhfbk1NbGN3VW8tT2dHNGtxWDkwcnMzZ1BrcFRfV3M0NnF1dDdCOUpn?oc=5
2026-05-08 03:00,Bloomberg,bloomberg.com,Watch Markets: Goldman Sachs Says Investors Are Looking Through the Iran Conflict,https://news.google.com/rss/articles/CBMirwFBVV95cUxNUVRHS21meE9kR3lKTVVLNEhBblRpMEpvemRDWWE4WmtTdXFnZ1VFeTBZRE01NnZBWlQydk54b3hMYWxjWklNM0k5eTVsam52dlJ5ZElSWElidXZZZzZ2d3N1TnVMWm9zNm5Xal9idWt2Y09UaEZlQ2htZFJjWnBUYlk4V3Z6RWg5eGVJRHZ5RmRRaXRNNVRXS3dlVFo3aUNDQmxCelZYU01pQ013emFB?oc=5
2026-05-08 03:00,Reuters,reuters.com,Goldman Sachs' private credit fund cuts value by 3.7%,https://news.google.com/rss/articles/CBMiqgFBVV95cUxORVhubllxS01hRHRGMjJHQ0dNc0hsZTFmVnNUa2hQVFRmQngyLWJGREJDMTV4ZnRLTTFfMnkzZlNmc2NXR01JRVFIS1RtYzFsZlBUUUE3ZDVSNlVIR0dvNldaVkRfMFdkWDJqYzdfdmdIYWFfMFJpTXpWdnNiU0FtRXZMNEZsSUo3TTBjWTFTMGxZcHJ2WXhZLXd3SjJqRHFDeGJoMkdWWF9Udw?oc=5
2026-05-08 03:00,TheStreet,thestreet.com,"Goldman Sachs dispels major misconception on Google, Amazon earnings",https://news.google.com/rss/articles/CBMirwFBVV95cUxPSXR1Y0plak5EMnFWMFVQWEN4SnlDYzZWLVg1b0ZfeHBYakY4SnFYcWIwYkloeDg1bi0tNHJMMjhkWTZaRmFmSDVzZHJ3Y0RWS05mcVB1TXM4Q2VJRzRiRnU4YmdiVzBjZjdCR3NwMDJDbVR4MlFyc2tDZnh3Tmw1UTYxQ1pSNGFHXy1aa3NZMWRKcl9BaFFEY3g4eVlXQ3JjY0d2NzZXOWw2YTRuc2hV?oc=5
2026-05-08 03:00,TheStreet,thestreet.com,Goldman Sachs gives Chevron stock price new target after earnings,https://news.google.com/rss/articles/CBMirAFBVV95cUxQaWYzazlfTTVka25yUWNrNFNoeVVVSTRqNkhLVmVRbFRCeU83dmtaYlMyOUxaQk9xRTRiWWV1S0U4alJDUEctR3VQdUNqbVpvT3FhQ0lQVWUyd2ZpdGR1Wm9tbURSRDhITnVnRjUwbHh0YVIwNTJ4VjA0SkVCUmVFS040X2FZTXpFQVN3Z0tMNWI3VHQ0MEhHdFlQYi0wbG1FOUJiR1k5UWVwZ3lN?oc=5
2026-05-08 03:00,Yahoo Finance,finance.yahoo.com,A Look At Goldman Sachs Group (GS) Valuation After Strong Multi Year Shareholder Returns,https://news.google.com/rss/articles/CBMilwFBVV95cUxOdF9tX1phVVB2MGt5SFN3eVJzcm44MDVqSVY5cjlKXy11T0NTWjlhalhoYk4tNEhpbFFuakNMQmNNR1dUMWR4OEM2MDJSYWJjdWRNRmp1eG5hdl96ZVdUaXF0UW5Yb0FuaTBnVWpTSWpKYXFMeVZuQ2c1YkpyVVNKU2hKa3JzNVVvbFAyTGR0YzNhR1gybnNv?oc=5
2026-05-08 03:00,Yahoo Finance,finance.yahoo.com,Goldman Sachs Is Jim Cramer's 'Big Winner' — Plus A Chip Stock With 'More Business Than They Can Handle',https://news.google.com/rss/articles/CBMimgFBVV95cUxQTFR6czFnbUlsLVkwRUtfSTI1U3psWGN3bHRFZVhlV0lSVWFUSGFLMmVmTTQ4bGVMdm1wRW12eHYxTE9tMm4yZ0M2dUotYVd0Y3d4LU1jX1NJUlBQYlpOcENaZjV6b0pfXzJHY3cwZExOblRHbW9JY1ZFb3lTa2cyTW1SUFZ5UkQwdTVJTWZCUHNXNkFOM0dpYjJB?oc=5
2026-05-08 03:00,Yahoo Finance,finance.yahoo.com,Why Nvidia stock looks cheap ahead of its high-stakes earnings report this month,https://news.google.com/rss/articles/CBMi4gFBVV95cUxQQk9YdFY5dVROWjFaV3N0Z2NEVmR5N1F6d0RjXzVyMkwwd3dGaHM2TW9CSllZcFUtc1pmeHdNMlNTX2pZYXVCeHc2eTlSckk3ZW15UmZJc2c5aHNvYVZLOWxaa0FHeEtHSFZkNlpqRFdaeGhNc3ZxeE82UWh4ZllhUXA0bWdDMnhOd3Q3czUyZUx6ZHZPcURMSDVsdnZEeXJqYkZrYjV3QkxiRVhXcndfV1hIRXEyNXNaYkR1WkVIYjNtMF9YVFJCQmptc0xDQW9LbUVlN3FHNWEyRTEyc2phX213?oc=5
2026-05-09 03:00,TheStreet,thestreet.com,Goldman Sachs resets Nvidia stock forecast ahead of earnings,https://news.google.com/rss/articles/CBMiowFBVV95cUxPZ3BybEptVzA2T3luYzYwakJOeG5mNUZHeWR2N3NfdE5YNEJ4NExRV0ZtTnJHdW5rb2RYQzVQbWs4d0NlNlBRRXZ4enZMMEFqSFVJQ2t1dnIyNy1vczk0aC1ZYTNwOWVaZDlUeEJOSnhuVHh4Q2NqdFJyTkpqYzZxVFFJVVpocVdMUXFXeXJwTmVDT1N5aU9PanRBeDZJdjlvREVR?oc=5
2026-05-09 03:00,TheStreet,thestreet.com,Goldman Sachs spots a troubling big tech trend,https://news.google.com/rss/articles/CBMiiwFBVV95cUxQQVBmdGFjQVMzeTBIQ2hEMDhfNFR4YlZRcUhsSzNZOFZ1RzRvcFBCdHV5ckNubkRVRHZNOFl6YVVveXBMN1JRb1ktdnRXRV9ZVUY1Q1k0MW1lam1HazVTVTl5RFVkMUpDQUJKVzlGLS02T2kyWnZkUWF0cVl1WW1IZ0J6T0d2dDJuT3Jj?oc=5
2026-05-10 03:00,MarketWatch,marketwatch.com,"As Nvidia earnings draw closer, here are 5 things investors need to watch",https://news.google.com/rss/articles/CBMitgFBVV95cUxNSExqZUFlbTkxajljcXBpV0FTV2NObDBUalV1RHJaSVlNeTFKZG10UU5ub1ZCR0JZLVdGQnBEcFlFNmRId0ViZ1g0TGtDUzZmR2RqWUNiNG90TXkyUVFGdlBzZnBWdFlDa0duaTV5WFU0LWxIQXJzQ0M2d1ZPUW1JU1R0WUw2MFJadmhEZ0xKN1VENkE3TWx1WFNBRzdxQTk5cjU1TXFvbDNIVm95RlQzLS1jcldCZw?oc=5
2026-05-10 03:00,TheStreet,thestreet.com,Goldman Sachs resets Broadcom stock forecast,https://news.google.com/rss/articles/CBMimAFBVV95cUxOTjRLT0tvTHJvblZwc252M1FLSFBkeW1wc1NqV185d2l3Rmk2dE05NDFzTjFXSThDUmVFakRvVTNUYlZEcmhudFJBUVJ1NTNabVdFSWh4aksxclEzaE43SHdJbmtjb3BLdUI0Yl9XSzYtX0tVdldfTUZvZ2ZTb2g1X3RPdldMREExMGJFYmZfM2ZNZUduZDBaOA?oc=5
2026-05-11 03:00,CNBC,cnbc.com,Wall Street is gushing over this aerospace play. Goldman sees 50% gain ahead,https://news.google.com/rss/articles/CBMirAFBVV95cUxOcXhId3lELVhOZTRBUE5hQ1dESkUyZkRERzV1ZnQweEtLN3BuWnNIU0ROYWRhWlJWMDJxS1AxOGFLUnJDX2t1T2pmQ1ZsREYxLXl0dzFEcGQwSkRPWVlMVXNjai0tVXl3dEEyRE1HdFBUOHdIQ1pOaGhPX25BN0dZRUNBb19mZW5VYnpfRExTYWZFbDlrd1lzd2ZNUk1GbWYxeVFGcVJ2bmxCaHdv?oc=5
2026-05-12 03:00,Business Insider,businessinsider.com,"AI chipmakers dominated the market's biggest boom, but Goldman Sachs sees a new AI trade emerging",https://news.google.com/rss/articles/CBMipAFBVV95cUxQczZrcDFPSVZ3Nkd3TEtycjFOcEdSaThxZG5zeWhQRnliVjNidEhXeXI0QVUwSnlmdG96alI3UkZnUFpBTVVzM3E3NGJpb2xOcnR3MFQyeTAtb1VRWWJDUmJtYnh4YTVld3JEQllaelgwbHhMazdZZUZrMy1zT01PQzYwcEFEZERRdFlXR3psdEJ1R2VfbWhxcEVVd3dxbXdTUWZyaQ?oc=5
2026-05-12 03:00,Business Wire,businesswire.com,Goldman Sachs Alternatives Acquires FGI Worldwide,https://news.google.com/rss/articles/CBMiqgFBVV95cUxOeEhaYnJ1OXZ2YUZ0QjQyRFpveWZuN1BBbVd1VnhWZnVfY3JtTjJvcFE0QUM1LW10U2Jrcjh4RUlKQjl3MC1VMmZDZFVFUmtOZlRnRFFMYWVoMGdkTmlrT1poak13M3dobnRUZy10bUVZRi1pV1Z5cUdVcHpuMUNUeW5McnplVTFiU2xiazNaMTd0THExZ2gyQVhEbTZoWGFiWEhzWXNRdXhrZw?oc=5
2026-05-13 03:00,Fortune,fortune.com,Goldman sees an AI bottleneck that can't be vibe-coded away. Ford's CEO warns it's already a 'full-blown' crisis,https://news.google.com/rss/articles/CBMikAFBVV95cUxOQjJnNHhzOHU1cWh3VW5xWExiN1FIM3RjWDVNd0J5bTVCQmV3ZEVIOFlELTF2ZWswWUJnZUY1dnBGajRhS2tCR1ppZWd6bnN1TDktRFprZFp6eDgzQTBzMWJmXzlXWmJYWWEtOXE0cWZSU3R2WDJWaUZqNjBMRk1iSGo5NGg2NGt2dlZTTFdVZ2s?oc=5
2026-05-14 03:00,Business Insider,businessinsider.com,"From JPMorgan to Wells Fargo, here's what industry leaders are saying about AI and head count",https://news.google.com/rss/articles/CBMilAFBVV95cUxQR2QzcjBVcFhQNk9RSGw1M3lUZTdLWkVWYmRJUi1acE9MSVNocFJWbC1ITE9ybWhsRE5oRjFfdnlEaVFSbTBkN29Tallab0UzR1RwdDVoSUhNMWZWazhfZEFWQTV1QnduSG9ic01mTFg3eHk3VGpCcFVxZ2h1TjJubWJXRjhpTUhqUHpXVS01TU55eExo?oc=5
2026-05-14 03:00,CNBC,cnbc.com,Goldman says tech stock 'up crash' is sign of even more gains to come,https://news.google.com/rss/articles/CBMipwFBVV95cUxQVThDQVRqS1pQbjB5ZUFPWHFVN1RuNmJSWUo4elBIWUx3cHVCNk9mVkZTSVZoSllSQVpvbzQ1QlRPaUl4ZHN5NDU1NnlCakFid2hxMENrZXY3YkMwUkx0Tk03OUdKemlqUllpU29YM010ZjludjVtdnU0V2l3S2ExSmdNdzNJSWk1VEp5RVB0TXF0X0Fucm1GY25hdTk4SVJQZlZtTFNYTQ?oc=5
2026-05-14 03:00,CNBC,cnbc.com,Retail investors have led this incredible market comeback. Goldman pinpointed their favorite stocks,https://news.google.com/rss/articles/CBMipwFBVV95cUxNM1FsZzdCU1FBREEzRTA3RGxQUnotQ1hDX2c2VHQyQmpVV3VNTGRwUVU3WGpZeUl5WHNMQXB2bVBGdVZUY29Yc0hHX044NnRjYjRCMktpdnl2VXdnSGdLMWpDOEVDRkZtbXB4cnFNOUx1czQ1cXZCUXRqX3hkS0dZTElIblV0emtzNVdpUno3QTB0ZzhCdnlCTGtSRUV2U3pjLS1oZXVqRQ?oc=5
2026-05-14 03:00,The Motley Fool,fool.com,Goldman Sachs Just Added UnitedHealth (UNH) to Its Conviction List. Here's Why the Stock Could Soar.,https://news.google.com/rss/articles/CBMimAFBVV95cUxOVEM3NWhRZVVkdXh4N3RsczdOcnA3QVgyVzNoRTRXb0ZBVklNWmhFV0loYkFqSDVRYWx1dENQWHowdDgyemRDTjg4LUREcm14VGlNRWxxY2h0SzZYSXFzeExGV05UU3FHU2JVWnYxeHd6RUUwa3VVbWlHdGhoWTFsVnBWcFpWdkNoTlVNejN5QVdQMzZycmZDcQ?oc=5
2026-05-14 03:00,TheStreet,thestreet.com,BofA and Goldman Sachs reset Marvell stock price targets,https://news.google.com/rss/articles/CBMioAFBVV95cUxNd0s5aTBNM3JTM21KLURETHFyUUpzSm1EVjc2c2FoOUJlZTFFQWVQcUd6UDlBTUUyQmo5QkdxbXBqd0w2U1VPRWpLdXFtNDRYMUQyM0s1OXNXWUxBYnhJeVhvNjRGUktzTTc5aTFoUUxaa3UydnZjOWdnZHN6V3p5MnNoa3RQSGV0TFZVUFNjbk4wemdSSUtmSTRLc05DZk9Y?oc=5
2026-05-14 03:00,TheStreet,thestreet.com,Goldman Sachs revisits Nebius stock price target after earnings,https://news.google.com/rss/articles/CBMirAFBVV95cUxOVFRuRWVwMnNfY0VtdzhtMjF1TkZmcWt6bDdQZWZhMXkwQjlvXzF6b1A0c2d6aWx6dGdHVU9iZ051aHRhOWpqblA2QkhZQkE4TWJVNDRPYWpYOXM3bEo2eGpPQzFNa2N6aVJnRGZRVlJpZG5md3lGQ1E3OXRIVFJqLVRhaWdrTTZVMkFVRGRhZjdTLXkxb0F0clVsNVRaMUlLY2NRcGJrU3VzMWE5?oc=5
2026-05-14 03:00,Yahoo Finance,finance.yahoo.com,Retail investors hold equity assets equal to 10% of U.S. market cap: Goldman,https://news.google.com/rss/articles/CBMiogFBVV95cUxOQmZ1V3BUWlJvd2ZSM1A2RnFLRW5tOXY3N0VPWEUweWNFUlJVNnBIcWpVRHl1MEhtSnRzeUtSTU1QQnRNMEdubVdHQmk1ZXliRi1TVjFwTXNGdlJmM05zMVhUVGI4dk1kbUZoc0xobG1EbnFQXzNhRFZxT096SmRjOVFCeUtZZEItVjNWcmhJVm5Gc2FRUE0xYWZkMHQtdjVTUnc?oc=5
2026-05-15 03:00,Bloomberg,bloomberg.com,Goldman Floats Risk Transfer Deal Tied to Private Market Loans,https://news.google.com/rss/articles/CBMiswFBVV95cUxPTW1ZblNZXzVSVVZ4ZHRXcWRYU1ltZ2d1UUx6TVc0ZmVaWVdZbzctYXExb1A0Nk9zdFZ3VV9fdHc3UVRHcEN5VlQwTGpKaEk4R29PVy1VNzhzaFkzUUJWay1PSjFhdGFGTHNwOGR5eXNDUUZ0LTY4R0dlTTVQb1Bla2YtMkFZUkNWNTV1SEV1aGhvWnhEZzNHWXRfY0d3ZFNSSmZwbzM0dlJHalM4VS1KVktoYw?oc=5
2026-05-15 03:00,Reuters,reuters.com,Fitch changes Goldman Sachs BDC's ratings outlook to negative,https://news.google.com/rss/articles/CBMiswFBVV95cUxNQUtJenhhQVh4SWdXNE03dHdTSHVhdVdyaXdqWkU0TWJGc3dMMERJLWJNWXM2RjJHZGthTjctRnNNVnF0c3JmSFVGMk5MNm8wTUN0amMxak51V1pPQmtoNHZsN1VSbE1VcGs3Z21NZlcwN0ljenNDRFo0cVhvQ0FFa1ZTdGVBSndtRzFNZ3lYRW45ekNKc052SDBKWnladF9sS1lMdE5td2kwZ21Ca0d0MGtyYw?oc=5
2026-05-17 03:00,Business Insider,businessinsider.com,"Forget bubble risk. Wall Street is treating AI like a defensive trade, Goldman Sachs says.",https://news.google.com/rss/articles/CBMipgFBVV95cUxQOG9KbjYyT3VVVnF3TTJ2TWFMVUNyODZfeE14aWtNLVFxcVZjVGhZUzlXNm9ucmFTY0swbnVYWkRuZE1Ed3FwYlRsUXBfVE1nMUNCNVdSMUlyUXJHYmFHc0VPOEFFN3BFZDVYSHA3YkRLVzFKdjgyVGdjQmlVZDY0N0RMcXE4MmRMWk9WeFdhRzZsMG5ZbjBHUFZvQlFjNl9QbFVCLTdn?oc=5
2026-05-17 03:00,CNBC,cnbc.com,South Korea market volatility nears record high after $13 billion foreign investor selloff,https://news.google.com/rss/articles/CBMipwFBVV95cUxOZ2ZvbzJVWC1wMUNaa2RSM1F4MzFoQjFoQVZFOVREbloxOWpPeEFTUktfbXhvMlB1TGhyM0pZU21qWVNWaW9fT1B2ZGcxb2hkcWowNS1TVFVkMmw4dFk2OVVMTEEwOEJsdUF5dnJFRzJFaTZWRXdJRUVMNUhRRlFGZTZ3ZDFrWGFoeklvcFFHUG53WGJMOGN3U1VkMU1nb2RHQWVlZ1h5b9IBrAFBVV95cUxNZHIwbDFhS0JLSksyWmJfQkFQMDN5RjUza0h4ME5saUpVby1qOVRRUWdEZ25INlBUQVpSblJESGo0ektBbXNJRk1qMEgtTlBsZGlROTljUk12TmF1LVp0VDBUMzJZcmlhZkU4cWdGeWppQmw5ZFpYdUxPYjBEY1Z6U2hSRnRRZENGMTNPeFJpMG5GczRIbjNGYVJkSC1YcFRnQmtBaFNibGtJT2oz?oc=5
2026-05-17 03:00,Seeking Alpha,seekingalpha.com,Goldman Sachs warns AI-fueled market rally is becoming ‘one big trade’,https://news.google.com/rss/articles/CBMiqgFBVV95cUxOZ1Z5dFd1MS1uLVBTSnZybnVnV0RGRzlrWlQycU9tN0ZSUDNpbDgzcl9RMkxZLTAtU3dGUUFMVkF2Q2xVQzhCNE9PWXE0c0dNS2UxOUxWSDl2cXY3TGVWNmxORkFxLW9BcFdRUlFpbllsd1Q3UTFqUUpRRGo3cGIzd3A2U19HM21UZU5McDk2S0R5dG9naWstZllZc3h5SVFsNUphWXc5WFZtdw?oc=5
2026-05-17 03:00,TheStreet,thestreet.com,Goldman Sachs revamps Figma stock price target for rest of 2026,https://news.google.com/rss/articles/CBMivgFBVV95cUxQbVVmMDd0ZU1aMlJmS2JPYnM3X1dfSUNPVGtZaWJFVDBzOFNUaTFXdkhhNzJDTy16bzNHTmNVUDJEYkM3cnVBRE0yX1lCa0N3RFQxRWZURy14aWRyZDBOenJWXzRtYXJKdFlOWGtla0lSd05fUmJ3X3VmSl9oeUF2TUNDSFpZbm9HQTZDSDZTcTMyU0o0dUVjVzcxN1hCbHVXUkZ6V3BuczktQXB2WDlIUVQ1cmxicnhvbDR5bHN3?oc=5
2026-05-17 03:00,Yahoo Finance,finance.yahoo.com,Goldman Sachs Says Strong Q1 Earnings Momentum Is Supporting Fresh S&P 500 Highs,https://news.google.com/rss/articles/CBMimAFBVV95cUxPUTVMVkhzZ2pEVkZtaXBxcjdVVzlGM0VUbHB3cTNiYWZWbDc2MWxiNUY4ZW43WWtyblB2TGtRdzhRYXg4OFJMWThuUVlXd0NzemZTa1VRQ1RXLU9QOXpiNkZLX2R1WW9wQ0NJem1ISmwxR1ZmbjlfT2VERkFLWDJEZ0dYNV9pbFI1RTRFWE5nUHNqemxUTFI1Xw?oc=5
2026-05-17 03:00,Yahoo Finance,uk.finance.yahoo.com,Goldman Sachs Highlights Earnings Momentum Behind S&P 500 Rally,https://news.google.com/rss/articles/CBMilgFBVV95cUxQcG9YSjU2RzlMVEc1d0UzdndEQUdVOTdlT01wMks5eWtQLXBfTXVvM3kyR1JnMUY4WlpsT1lIVHFoOXB2bWtkYmZSVlQzS0tsRjFpZEVrNExQX3FmaDRpbmJyQTk5d1VKVWFINEtnOEtmc1RkZXRmd1Q1eWhXSUcyTzRUclZJTGt4Y1lKazhRRVo0VlVqaGc?oc=5
2026-05-18 03:00,Bloomberg,bloomberg.com,"Goldman Says Central Banks to Step Up Gold-Buying, Aiding Prices",https://news.google.com/rss/articles/CBMitAFBVV95cUxQZDFycHFSTlpWMlhPYU9YcVdROG4xcjgzX1hOZl9sNHBYNm9oMlY1SE92WTVDVUwzVTAtdEpvMVliV1hheXpsVzlxNTBqY3UtalpBRzFBNkd5REpoNVpsNHJhVEU1dlJkbEgxNU12OU9rSk1YdDhIaVNVRzN3bHY3bWt2ajF2d3pnQlJTLVQxM2xXZVhJSnVuUUtGT0xtYlFQNUNQMldGTjZHeWplLThpZHM2YTA?oc=5
2026-05-18 03:00,Investing.com,investing.com,Goldman Sachs raises MongoDB stock price target to $360 on Atlas growth,https://news.google.com/rss/articles/CBMiygFBVV95cUxOVWNJSXRwemZ3MXR6UkpCSEY5OTVQcUdYOWxGZERZdXBOem5SSmFONjg1bUtlX2JmWndDOVV2UTl1WUZ4RTQ4X0FqVFBGZWdya2k0TERWa3RqVVFWTXZyOUtZTFNwb1d4UkVWN29TV1lyWUYtdTVvdWRlOVlhOTU2Q2xONzhsRXZrOGhYY09qZ3lDMXhnWjloemdHdnFiazFTQjFjUnBMQjlORERFRFQ3ZDZIODZLSC1leFEwekJjMkdaT2w0clUzVmVB?oc=5
2026-05-18 03:00,The Motley Fool,fool.com,Should You Buy Goldman Sachs Stock After Its Investment Banking Fees Surged in Q1?,https://news.google.com/rss/articles/CBMimAFBVV95cUxQUWtpaEFGdjduTzBKTXRsNWI3NTlyV3Mzcjk2Q1RXd2FiUTJlODBaS1ZoOHhiQXhGNG1UNWR0V2pGeUYwNF9XY0RCZUVSc2d5Vk5wVFJVTENIcEtKR3gxQ2I0ZF9McGhTZzBQWjVRQUJJaTc3RE0zd2FKZ1VNUHFUXzlhcTZDaXNBTTFrY0VOeXFjT1pFQS1SZw?oc=5
2026-05-18 03:00,TheStreet,thestreet.com,"Goldman Sachs dumps Solana, XRP for surprising new investment",https://news.google.com/rss/articles/CBMiqAFBVV95cUxQYVVJcjRqdVJ4VnFjZThRYXdSQmlhNlpWdVJ3Z296X2pNNWNYSm1xR2V4SDQ0dWNHdFY1Rm52UnZLQThHWE9UTE5wRlZEdmFuQ0xiS2FkNU5zUFczLUlDZTMyTkZsT2xzNXhuRkNIYmppZzE1djRvT2Zpd2MtRHBXOHNQb3c0dkJSd0U1TUhvWlJCMEQ3X2NYdGd6QjFTWWRpUVd1X0RVT20?oc=5
2026-05-18 03:00,Yahoo Finance,finance.yahoo.com,"Goldman Sachs Abandons XRP, Solana ETF Positions, Cuts Exposure In Bitcoin, Ethereum ETF Positions—Find Out More",https://news.google.com/rss/articles/CBMinwFBVV95cUxNYUdueW1RTzJjWjN1T241U0FtLW1hTXd6LVZMLWl1ak5jNk5qeHF5d3lRTzlFcDNnV3ozVENXVjU5ZmowdFBsUzRGVFNLSDE3bjBDSmoxRW9jTnNSZHdrbW4zVS1VR3hrd3hwNUdVelJiNnNCUUozeDRMcDNkek84cXQ5X0hSNFBaSnQwdmFmM181OEk5d3JVV1pDVWNsV2M?oc=5
2026-05-19 03:00,Bloomberg,bloomberg.com,"Goldman Sachs, Moelis Say Business as Usual Amid Iran Conflict",https://news.google.com/rss/articles/CBMisgFBVV95cUxQUWpJWDlrZkZ6aFJHYkV3Mkx0MzlOX2w1bl9qQktiZUgzT3YteVh4aDB6OUZSNzhKVkJxSlFPbEwzQ01EbjBDMGFKSTdhRVFqMV9ILUl0OVFlRlBSd0ZwX2V6eXVlVldORVJoZHgwVzBIR2xIN09BbHp4VElFSlEzb2ZVbnlFU1VrSGlrbzlZcGtjRWtKbGw1VnVFckgzRzVwME5qVVZKNmFKYkFYYzNlNE53?oc=5
2026-05-19 03:00,CNBC,cnbc.com,Goldman Sachs says AI and energy resilience are creating a North-South divide in Asian markets,https://news.google.com/rss/articles/CBMijgFBVV95cUxNTDNmWFc4a0xyQm96d2RzdW5ZeDlOdjFvOVJqUXVYZVlxN2E5QmpoanRWRTREX2NmV0UxaERGUjZ3aTY5TC1oM0oybWVrcE0zaDNUWnNDcFRrUDdZRGhhMUdESU9TV1lGZVNpVWppZW5UMDN5NzFxZHVzSkN4YjZCYlhaLURYa2hReWlDSzFn0gGTAUFVX3lxTE8ydGNDVlpIWjhVeFJfcnNJT1lGMVRxV19qV1kwT212ZUFnWVE0TWNEMi00TEhiX1ZpTXJ0RHNLc0RRaUhscnNyY1pEdnExbVFibGRLRjZyOUpmSTJQbHA3TzlEMFZIYnljN0VhNHdYMV90Mjg3cUswNmxUeDIzMUlsVEd1U1ZWdVdLRXRRRFY5T2xINA?oc=5
2026-05-19 03:00,CNBC,cnbc.com,"SpaceX picks Goldman Sachs for lead left position on record-breaking IPO, sources say",https://news.google.com/rss/articles/CBMipgFBVV95cUxOZV9CajFHN2J6ckZsT0QzUDlJUm9BY01BZ0hPd2tHUDNWcnpJc0RweXdXN3ZsZ0I4NjBWeG1nalFTOEc4b2lHeUxPNHo1ZWM5Q0JSSW1JNXBIRktWS3pUWE5OdlZERXp3T2hvdFZ4UjFfaWlGZTJIUDZxT01HSWZTUXpaRXpFcmstZWNNaFhZV211OTNlUmFsR1pVVnljajFUSUlWWDBR0gGrAUFVX3lxTE5CTHFCTEVHZVMzQXF5T1FSSFpVdTB0dThWb2pUM0dydEN3aVZsYjVjTDZGN0NiOHlDUmtLY3Bhd3NvVi1TTnBRV2ZEdF9xc2xTSlhHZ0tQTnVHWnFJWjRTYUJyVFdHbDdmZ1lhNEVOTUcwODlITU1JU1RRNFRXbHVRQ3lyaG91NDZqbWt2dlNtNGxfYU5QaURjdDU5OGFWZUdGbjFBakdfRWoybw?oc=5
2026-05-19 03:00,Fortune,fortune.com,"Don't hold your breath for the great AI job reshuffle, says Goldman Sachs",https://news.google.com/rss/articles/CBMijgFBVV95cUxQWnd4OE5rT3lHemFyZURvd2l5RkdwZkRpVjctNm5DUVpibFdnd1NiRVNQRk10UTNUdFQ3bEhQWW9sMmhlbzFlUHRLdTN4RWNabWJPbGNQSmltM0R6dEJWd05nZkVFWmNBUXg3RFozczM2UldoNWVjWksxRGRPNkYya1dBS3dKV3UtNjVWRC13?oc=5
2026-05-19 03:00,GlobeNewswire,globenewswire.com,"SaintQuant Launches Institutional-Grade AI Trading Platform as Goldman Sachs Declares AI the New ""Defensive Trade""",https://news.google.com/rss/articles/CBMikgJBVV95cUxOOUg3WUkwaDZQdXZHaUhhYzVEeVdqaVJrUnZsZUI5bi1mSHlTbXltemdnekROUXhxUV9OdkdvTVRqcW9tVnpMX1IyQ3VmYjhaSDI2S1Q0MDR6SkI0dXQwam91SVhGT1ZVcUg4eDhTemRCemFCaUlRSEJNRzdDV3dkMDlOQ1hoSEZkNWRnY2ZWQzIyU3hxcnQzRXdaeWl2aTdfakZLVnpNQzlKQ3dqMVJZdkpoaUtIM3JUZUFxLXMyd1FiaVJCckpINDM2RDA2Qm0wTGVyVnVLMzlCZ2dDaGtfcmpjZ0ZVUXN0UXNCbWxpeFNmZHVIcEhKNVR3RnV1NEZyMlRmU0tpX19KSFp1V2szcnRn?oc=5
2026-05-19 03:00,Investing.com,investing.com,Goldman Sachs upgrades Brambles stock on subcontractor exit impact,https://news.google.com/rss/articles/CBMixAFBVV95cUxOQk83dlZ0dE01cFBrSWtEUzM4QnpMdHR4MWxyN1VFLXI0dVZUVTVTQkN0ODFabFNLSG1HWUd0RzVNSUY2S1JXTFdLU1F6OE42aVdGQmhGRjFFNHpFeTlVNndzYTUxbjZvaHlqcFZJTFJWaXBkU1dJcUNYMWlUbFh2b0dlTkJ4Sm45azVMUDJmMmVTTXdkYW4xLTlnRnNUVnBjb29jRzUyMDk1RGVzd3RleU5MWTdtSG5BNG9IdlFFdWpIcUg2?oc=5
2026-05-19 03:00,Yahoo Finance,ca.finance.yahoo.com,"Goldman Sachs set to be named lead left underwriter for SpaceX IPO, source says",https://news.google.com/rss/articles/CBMigwFBVV95cUxNVlA2LTI5cndHbDdpenYyMjJnczZKbnJvV2dkM1JTREhBcmVaRWdQVUlIdm9vZUdZWFVnTVpIekZWT29uOE91enNtcDdqQ0pESWd3eDRNdllzQ1gxSlcxSlVhSC1faGQzWVRoWTVFNzdnZlJ1a3FQTk1nV3R2R1NWN01mcw?oc=5
2026-05-20 03:00,Barron's,barrons.com,SpaceX Is Getting Closer to Its Record-Breaking IPO,https://news.google.com/rss/articles/CBMidEFVX3lxTE9MbHp2Z2JvaWtMZHlQYk9uODgxMDNTYlpmZ0xLdmNhcVZPd0U0RV9YU2JYNzB2blY4djg3S19TcG9FZkRNMGpCdjdGZzBrZlY1VkNMRFZEOGlQbFBWekVTcmx5Y1F4U1hLUkotNGROdTBsZy13?oc=5
2026-05-20 03:00,Business Insider,businessinsider.com,The SpaceX IPO could become one of investment banking's richest deals ever,https://news.google.com/rss/articles/CBMijwFBVV95cUxOUWYwY0tpNkhFQ2dWZktIdEpGU2lpam55UmUzWjk2WFU4SldJWEpiaHRLZ0czOS0zZnRSUnJRUEpBd1hqS05vNDJQWHVnREZIZURtbEFhRjJzM3dsUEh1TVl6UmY2SDZVQ3kwcWxveXF3T0dWX3lXdXY0MUxvY0c3MUZ1Y29VTEdycUVmcTRaWQ?oc=5
2026-05-20 03:00,CNBC,cnbc.com,"Earnings growth is underpinning this market despite concerns, says Goldman Sachs' Bordlemay",https://news.google.com/rss/articles/CBMizAFBVV95cUxNZ1JFTjNHWF9jMnc0dlZaRlQ5QXJpR0hxRzRDdzNSd3VYUi1VcEpoZ0hrWGpJYzJXdDlnMEJkTmoyTG83X21mQU02ZU9MVXNRVW1HZ1ZCOE1Wd3hIbGdMR1hxakV6WUZXSmtFU2xlYi1VOV90TlRjUTRfTDFsMDI4Zkx1aGZMWkE5U1FtelhUYWJQdW5FbGljYUJySXhVM1hvZ0QtWC01UWpFbGhJeS1peUxsSk1DZlFNY3lvZVVaNHB4Nmg0angtbWc1OUg?oc=5
2026-05-20 03:00,CNBC,cnbc.com,Goldman Sachs leads SpaceX IPO: Here's what you need to know,https://news.google.com/rss/articles/CBMiowFBVV95cUxNYmZGNjl0WGZYanVZdHZWT283WEpZSkd4Yl82alduUktjY0N0TkdldzhhbFVKZzhMa0J5NWJ4VGR3RFZxVVU3VEo1Qk5pT25qODNZci1HVUM0YTJnU3hxejZyUDF6YXVJQndBYl9FLXhZanFtLW1jV3hETTJxQzJkN0NfU2piQXp6TDlFc3Q2enV0aHJVMHVKMEpFM0ZqaUJlTTMw?oc=5
2026-05-20 03:00,CNBC,cnbc.com,OpenAI to confidentially file for IPO as soon as Friday: Source,https://news.google.com/rss/articles/CBMiZEFVX3lxTFBoSXI0c21qQ1U0Tk5aWFRCNXhSNlg0Ri1xZmJOUDU1ZjFWbzRlZy1KdTZIcThTUV9TUnlNZ2JKYndiamJVN01KTFc1ZDhGVEQyeHVjRnEySjZHNjRZbV90SjBuTzLSAWpBVV95cUxPdnlfa3I2LXdqX05WRVdUekdBM25RZFdnaFhWU3VSd0R4Y212NEVidVJqdDhSM2hydENEN0RFQS1vNHNUWkFpb2hmQVI1czc3bWVCSjNWZnZfR3AtbG03Y2x4N3p6S2tGd3dn?oc=5
2026-05-20 03:00,The Motley Fool,fool.com,Why Goldman Sachs Stock Popped on Wednesday,https://news.google.com/rss/articles/CBMijwFBVV95cUxNakdQenY5b0xnU0RURlZBTWlSVlFnc2JjVEh2RTQ5Y3prMllWblZibEE1WFlZaVNWTElVZ0RWczBwa1VCZ2dRQmNYZU5EdnJwZVdYa3k3LXhQMkZ3N3dWaWVMWjZHYWdpcV9WcEo5YjJQZmFhajltc25QSW9DTnFmbjNJWHZ2eXZfS28zOVpuOA?oc=5
2026-05-20 03:00,Yahoo Finance,finance.yahoo.com,Enphase Energy (ENPH) Climbs 13.7% on Goldman Sachs Upbeat Stance,https://news.google.com/rss/articles/CBMimgFBVV95cUxObTlZVkp4Q3h4VVhWYWVMX3M3eDFxRFBFZ0V2Z0d3S0hybm1SWmpuckI5ZkQ2bGdZN2dVZjNKbmg4Z3ZJZjN4b283SFlxMGgwRkVyZ202eHZpZ0laclR0ZU11aUxhcFdPRXZzNUsyZWhYeGRzWi10VHJTSEdLU19CWkNPUU1NUlJuWk9UMTlZTVR3M1NOVllNbWhn?oc=5
2026-05-20 03:00,Yahoo Finance,finance.yahoo.com,Goldman Sachs to lead SpaceX IPO as lead-left underwriter,https://news.google.com/rss/articles/CBMimgFBVV95cUxOLVdIYl93NHJWaTdhQmRJUUd0czN6UDVUZVIwVDVBbmpqcS1Pbm1zSmJaRkpxbUlpMGx3RlFub2tLcWEyTkc2TnVpRnFpWG5EUEpHRlhMbTZiNTZ5U0lpOHhFUC1NVFhySFBlOU1wbE1YMkdrbXZERjBfQnYtN0VRLXoyX21wN0M4Um5YbjNMeHQ3ejhSd2xaOGtR?oc=5
2026-05-20 03:00,Yahoo Finance,finance.yahoo.com,SpaceX Taps Goldman Sachs to Lead Record-Breaking IPO Amid Trillion-Dollar Valuation Push,https://news.google.com/rss/articles/CBMimwFBVV95cUxOUTZLelZEX0RvMHpITzFhTHVFeDRpSnVtaks4Zmgxd2Ria1FVaWRXS3NpR1BIVHRpblZuQ0xtWG1kYURwSm1aUFdOSzc0dHhKR0F2c2hYVGowNlVGVFRoT3YzRnlBWE5udWJFb2ZtZDdHbFRTaTZjNno1d2NLRllxVmRDdWE5SUhqTlZxQlBDQzZ2TTdDcktYZDg5NA?oc=5
2026-05-21 03:00,Financial Times,ft.com,Goldman Sachs eclipses Morgan Stanley’s Michael Grimes on SpaceX IPO,https://news.google.com/rss/articles/CBMihAFBVV95cUxOVlBxQzF1S250QTdyUGloZ3RUZVFLOUk2QnVKOENReFhRb2Q0alRmMGJYamFGUGFLWjJoMkczVmptYmNEcjhtYnBkTnRNdEVoVTQ5OWRoQmdaclBsWEZKRUtPS3dhaHhmaURvaktfeFgyUGpVTTl5VGFzM0ZTMG5KQnRGZDM?oc=5
2026-05-21 03:00,Investing.com,investing.com,Goldman Sachs upgrades Occidental Petroleum stock rating on debt progress,https://news.google.com/rss/articles/CBMizgFBVV95cUxQY3pvQWdyckl2ZUJ3bHhDOWNNX2FXUEpiZTNWbWJTVUxFSjJrUV9LcUZiSUVxN0p1UzZla0FWY1piVzMzR3lzUG00RVp6LXlEX1ptU2tXaGE4aEZFUGpOcnB6dW5hNUxOQllDaWFKNTlJbmd0TU1BY1gwcUEzS0YtQ1pNNV9BNk5nbEkwaXYwamI5RVFEaWhDQjZEczVXbFJBTy1leUJCcmF5WW96SlQyeUl2bzBMRFBDSkxfdi1rVDZsREFhYkVpTGxSUXhaZw?oc=5
2026-05-21 03:00,New York Times,nytimes.com,Goldman Hits the Jackpot After Banks’ ‘Dogfight’ to Lead SpaceX’s I.P.O.,https://news.google.com/rss/articles/CBMihgFBVV95cUxPWkJWUU5PM1ZnWkFaVXViSGFBcmY0WGMxUEs2QVY5OFY2U1dtM1djVWFDM3VtMVRaTjhsenVycU9wVm1nVUN4eTFrRUt1SFFTX1F4UDloM3BSWElfUGxZelBtbktXQnhqRl95N2N6dTJzMGJkc1F2RjJPemZKcWU4YzBGbDQyZw?oc=5
2026-05-21 03:00,Yahoo Finance,finance.yahoo.com,How SpaceX IPO Mandate and Alternatives Push At Goldman Sachs (GS) Has Changed Its Investment Story,https://news.google.com/rss/articles/CBMiowFBVV95cUxNREhvNUJuT0E2eWNpdDFaRzB6RFNWTFA4aVlKbGJXT1Bpbm5WSFI1ZVA3Vms1NmVVa0lnRURXT0lKQXhLS3V6ZDhZSVZ5TzljT0lPa09ja0dpaEVJemZwZVNoNGMzUjRyTVFRWS12RzZKUnhHRmN0cmRDQmNfQ25TMDFuTkRJMkxCU2prakRsOEVqT1ZNbTJ3WFZScHByTmtrajlv?oc=5
2026-05-21 03:00,Yahoo Finance,finance.yahoo.com,Inside SpaceX's IPO: Goldman Sachs takes prestigious lead spot while Morgan Stanley plays a major role for retail investors,https://news.google.com/rss/articles/CBMiigJBVV95cUxNZVZvNjNWVTdxa3RIRVdRM1dtOTFZNXlnUS0zVFRXNHpEZ2RMWjR4amwyZWYyYmwtcVJOX29LM1NjU1VPSlNMX1VSZmplWWxfb0pvb3lYTEtRNXdmZXVndFJTenl1TFVtclFjSTJOa2F1UnFmT0ZZYjJqXy04MmlXSGU3ckQtbnE0NjBCZWEtTzZuaVU1RFNET1FDVmxvZkpBeVNRVFA1bkxpZnUyMHFRSHVDLUFvdWtIUWh6VXVXQzJVSjFULWxRamhSdnRXUmlFRXdCSGVFX3JTelJyWlAzSVlORWdfczVLa2RzRmFJM3RiUjR3b2UtT3c3Ynk1RkRjTi1ZVzZxbTBaQQ?oc=5
2026-05-22 03:00,Forbes,forbes.com,10 Best Stocks To Buy Now For June 2026,https://news.google.com/rss/articles/CBMiiwFBVV95cUxPcGZqSWJDNUhfSmdCV2JqbVp6UXZfYUIxYXVLd2Q1T0V4dWE1dWZYc0d3MFk2enlIRzIwMk11TUctdE9NQmRKX1V4eDVYLThNUnVpdDJYdjhIN0EyMmRIUHVwQUUxNlBBYjYtNDFhMTI4LUxwWGxObGhBdUY1WDZORmxldF9MZnBsd2pv?oc=5
2026-05-22 03:00,MarketWatch,marketwatch.com,"As bullish bets surge, here’s the Goldman Sachs options play to protect portfolios from the likely pullback",https://news.google.com/rss/articles/CBMi5AFBVV95cUxOTWRyQ1RBTkdSbk9fTXNPMjIzNTc2YmFlNnhZdnRNb2ctYlB1Uy1ZeFhsMFlKYUF4cUpBaS1iWFN0aFk2eFV0UnNQWVhsM0p2UkROM2kzdlFVc0hJbXg5VlFyWnVoX09FWFcyMjVJQm0xRW1lUVhGQWx4ZVVfV2FhdHZUcDk1REhUQk9BQlBkZVA2VzFfeFJEZG5rLWFYRU1wY3RqaEZkX3RXWTY3VWxnMjlaS3pmM25GRmRwN2hCbnBVVjlmWXdaMl93TkFkaVF4a0RDcEh5OTUzRm1nd2tETW9JbDQ?oc=5
2026-05-22 03:00,Reuters,reuters.com,Goldman Sachs to pay $500 million to settle shareholder lawsuit over 1MDB scandal,https://news.google.com/rss/articles/CBMixgFBVV95cUxNc2pwWHVyWjgwb2xCV3ozcWJaR00waFZNNlkxM2RTZWFqcVFRRXdtNkpwekd1SF9nNkVEb2JzWE1uYzVQbjBBektPeFlWX2R5Sm8xSkx4U2x1NjVNNjNPYV9ZaEdHb0ZqQ3RyelJOUFpCWFNrSnRPWThqMXRzTVBBd1hiM0lDbHZ5a2pubndhdGgxR0gwdFJOZjZZRGJjYUhtNlFHM0VIZy1tRlQtY0VDWnMybmZGUUd1Rm5aQUdNTk9xcVBZVUE?oc=5
2026-05-22 03:00,Yahoo Finance,sg.finance.yahoo.com,One Goldman Sachs and Moody’s Veteran Is Backing This $112 Million Bet on Risk Language Models,https://news.google.com/rss/articles/CBMihwFBVV95cUxNUmhFMFNVbnBKc01qTUUtY1NfR1FVS2hfUWhTWUZpUlNhWGNyNERuTk5XVnJlc2c0SUtYNmg3WEZWV1VBOWpONElSMlJxSGxORDNrUkxvbURKMXFtU21BcGFzeG9pTUdTek5OMzFnQUdjWndMdEVmMGhBRWxyTFlWWmktUzNybk0?oc=5
2026-05-23 03:00,Yahoo Finance,finance.yahoo.com,Is Goldman Sachs a Better Buy After Earnings Than Wall Street Thinks?,https://news.google.com/rss/articles/CBMinwFBVV95cUxPS3BEdDZVaHU2OGZXTEtBMC1Td2E5VGtpdm95TFhCOGhmSkxFeXdNTjRIOTdSV0dfbUdBMlM1T3FHaWVHTHEweEZ2WENMVlNmMlRTVlFPWDVha2MwX3VWRGhFalJBVnduYjlsdGd4WWlnRWE1VVZUMjJWdmN5VFNza25HWXlwU3laNEVrTXdWREpzN1UxTGU5RFYtZ1BiSHM?oc=5
2026-05-24 03:00,Investing.com,investing.com,Underlying relationship between equities and rates shaping market - Goldman Sachs,https://news.google.com/rss/articles/CBMi0wFBVV95cUxNd2syREw5OUJJbUdNQnY5Mzd1T2VNWFJ0WTQ0NkdST3ZMS2RKLWpkSmlRU1puT2tVaFVLSGRMYlUwOTZTVWUzRDdzaE5aOUxnVlMzMThFWEtFNXVkZjJNdW5ZRGY4X3dEenNQTXNzVjRManVaTXdnY3NKWURGVjJwVXVtQWRBNm9lR2dxNjFpZFgzd0NGWkp4RWFoa0ljUk5lQUI2X2JGMDQ3N3dhcHUzbkRCT1J6ekg1NTRYSkpjaHNjbDcxb0JQM0k5cVh1U01qam5n?oc=5
2026-05-24 03:00,Seeking Alpha,seekingalpha.com,Goldman Sachs sees funds fleeing software for semiconductors as tech trade evolves,https://news.google.com/rss/articles/CBMivAFBVV95cUxQN2RzbUxtbXVzS01ibjRoM2k0cEFxVF9Ha3JNQTI4d3MzQjY0d2dRRllobi1wTGl6TUpGTGlzUkU0eHRNdTBOV05kelNtc2dicm9mSkxQeUxMSXJyUVVWN29MU1lNejktY3pJMm9pUTVLQUo5OTd5b3ZMWElsTWtwTUplTXREdnMyVUpBZGItaWYwTV9TRjU1MVhKNUFwcHVTelZQZVBRTnp1SkhmSEdQUGZlajVJSlhJSEMtWg?oc=5
2026-05-24 03:00,TheStreet,thestreet.com,Goldman Sachs has good news for U.S. workers worried about AI,https://news.google.com/rss/articles/CBMingFBVV95cUxQMzg4SVRVUzhvN1R6LVJCb3Uwc05pdGRxTWxkcDE0akFNcUNJMXV6VlJONWo4Vi13eUJUX0JKaTN0RUNneG9WMzYwWFlNZjQ2MnZYUkRWc3VIaDV5cDFVX20xZ2JxMl84LVM1cDVpQk1meDlhSG14S05qOXg5S1NuaVNhc3ZnaHVwSXUxbElMMVpVMlBVQ1Boc0FxNHFzZw?oc=5
2026-05-24 03:00,Yahoo Finance,finance.yahoo.com,Goldman Sachs explains why stocks continue rallying despite Hormuz disruption and stagflation fears,https://news.google.com/rss/articles/CBMinwFBVV95cUxQX1FYN25veE5aTldqZE5DajBMS05mejJHdHdVU1BFZWFfVDJlX2l2ZGNkdTRMRDlYRkZVZWZnX1doTE95bHVEY0V4OFA2S0xkT1gyY1FJbC1qSDRLaGk2Y1dVN0xJYjZnSTFPcHZmSnlMcGYwbG5Pank0SHFmMll6N0JKUjMxbHpwSFZneG9URnZIVVd2YXhHeVdnREFaT0U?oc=5
2026-05-25 03:00,CNBC,cnbc.com,Goldman Sachs says hedge funds are ‘doubling down’ on AI but dumping software stocks,https://news.google.com/rss/articles/CBMikgFBVV95cUxQUVlPcE8zbU5wdzhZLXVGdnQ1bmdlT1prN1h6VmdXTGNtUnl3OEUtR0pJeERCNHE4aG81MWZocEFhbDR3NmRKbWVOX2Z3YjY1Q0RlUERIZFhHM2ZNZVJoc1ZBSTFKbkZ6a0FMa2pTUmxEZ0JYNE9yeHBHNU9fWUsyT0lEZGozOGltMU9QbTZ5bWVVdw?oc=5
2026-05-25 03:00,CNBC,cnbc.com,Want to hop off the AI trade? Goldman says buy these stocks that have nothing to do with it,https://news.google.com/rss/articles/CBMixgFBVV95cUxOU0VIMWhtTE5PNnRaSnZZeUlPSE9yQmtwRlc4TXVjbjg2UW9KMmxuMmhlVVI5WGNEOTc1eVdZYm9DaVEzOUw3RnNUN1BGM1pRdnFySGFELU5GTWFfQmVoNUYydVhKWHZtQmJGM1BZZEhUOUdiVEQ0LXhpR2xjV0NmdkpyeUhzcTRseWRwWUYtc2hjZ0xjT1VVOGttR25oUXY1YldlREE3UVM5NlBBc3FDMXpCcGR1QWdIUlRVTW5ZRllBUUZLVWc?oc=5
2026-05-26 03:00,Bloomberg,bloomberg.com,Goldman’s Russell Horwitz to Retire After Nearly Two Decades,https://news.google.com/rss/articles/CBMisAFBVV95cUxPd0pjZ2NFLS0tSEFNcHMtUHgzaUt4S3hoZWJMdTJ4N1oxbFF6anN6Um91TUtScUh3MW12UnJvc0JsRFMxTmptTUpxeV8tZDFITjB2NHFhcnJmZmF0X3RValVQMUhubHVXQk00c05aNmdyd3NzTE0wVWNjZXhJaGZvQWZiTzlhZUcyUWgyZ0RxdXVpQ2xzZklhX1ZFRjhLVnUwa1h5RTFTZ1BlVFVuUXRCRg?oc=5
2026-05-26 03:00,Business Wire,businesswire.com,GeneDx to Participate in the Goldman Sachs 47th Annual Global Healthcare Conference,https://news.google.com/rss/articles/CBMi1wFBVV95cUxPUGRVMXlJbGprUUNLWlJNdzZmTXhRNURwYWE5RldOeUppLWF6VjBzRTE4dlBtS3J0RFAtbnZRSHZFa3VqZzZRazFHT0t0UWYwNFJlR28xQ2luanYyU0tiOEdXdG5kVHRNVVBfZjF6eXdqX3RGaWFGZ1hKWXl2WTlqY2Y5cU1zdEVGaTR2RVYxdnV6MVZlM1NWb3VBWEZJZ0V3ZExqSGJ1TUVya2MxcFQ3LVZKOHYwSGdBLUVmTnEtcGNBanFBMGhVWFpFUzV2THI0dXktWWxlMA?oc=5
2026-05-26 03:00,CNBC,cnbc.com,"Final Trades: AbbVie, Deckers and Goldman Sachs",https://news.google.com/rss/articles/CBMikgFBVV95cUxQZlpEbkxzQWtTOHNPbzJKMGtuY2RQa1AzRU9DS1dzVE4tUlJQejAyUXlPaHFlVTI2Ui1DRUNMRXRubWQ1aURSbWZXLUtjY2dycXRYam9yd0JlaHpGNUR6c2dXbXNHcWVkcm8yRlhNajdUM3ByaEtOSlpwTWs2RDRnaUVJV3h3STVSOTVZeVBzdGVOZw?oc=5
2026-05-26 03:00,Fortune,fortune.com,'Excited and terrified': One of private equity's top investors built an AI that knows every deal he's ever done,https://news.google.com/rss/articles/CBMimAFBVV95cUxOWHlxVjFkWFVsYndYWk83S2NfUi03b05BUnlpRkJPSXNjaDlpZ21MUWlCZmpST0tPbVNBMHo2MVhyalBsQjFDVS16Q2Z5cUpNckNDUDhQNjN1c0JwUHpONGNJcFJna2tyRzBvc3cxbVQxSlJqZmI2TnlOM21qWHZFdDVXM2JCejdCQjFCZ3VQWVVhLU53SGxIZg?oc=5
2026-05-26 03:00,Fortune,fortune.com,Goldman Sachs just ran some ugly numbers on the SaaSPocalypse—and identified a major shift,https://news.google.com/rss/articles/CBMijgFBVV95cUxQVE12cDJiM1BGY3FhWlJ0TS1MYW42NE1yZDJoSUdxdmlvdmphN29WbkNNZTFrOTh1em91WFdwY2g3TmloOUNuTUpLM3RqcFREUDZLelR6OHFZNEZUM0FvOFVzUjV2eVdoOUxFMjJ0STFNZlg4Um5EZjdEbGxoZzFZMVU0VW1lZGhrNklnTU5B?oc=5
2026-05-26 03:00,Reuters,reuters.com,"Goldman Sachs lifts S&P 500 year-end target to 8,000 on strong earnings outlook",https://news.google.com/rss/articles/CBMitwFBVV95cUxNa3VNY3Z1b3lPTkNTbUUyYlRZZUhfaE43YXJqX2JKaHM0OTByZ3EzVU9HalkzZDhHeG5aT1dRa2xpR3NVSlFMNU5zMnJlQ2VPaWFvUWQ2TTlUV1JqV0NLdWtHQlJmaVRLRlN1Zk9VQU1IVVR4dlZhR1hKZnhLSzdVNzBDUlhQOWs1bDV1SGY2TjdNUmdMdmdyMGxrYm1vQ295b2dtNUxuWi1fSXM2NXMxenRyUjFxeWs?oc=5
2026-05-26 03:00,The Motley Fool,fool.com,Who Owns Goldman Sachs?,https://news.google.com/rss/articles/CBMigAFBVV95cUxNbEN2aWJaUnNHYzQ2WDVydVdMb0pHWXJYSFJXWkJZakJLeHU2Rlc1OG9vcUpYc00zakYzeTVTZTlYcFVQQ1dIX25hNWd4UWZLaksyb2R2bXRPWGx0U1BTWTZvYWhPakxFcGhKX3R1UVg0Q0dzdU44YnExeHlKaXhUWA?oc=5
2026-05-26 03:00,TheStreet,thestreet.com,Goldman Sachs gives harsh warning on market concentration,https://news.google.com/rss/articles/CBMinwFBVV95cUxPYVVyQWxTMGFsYlgyNkxVWms1aWk0VWE3Wk45d0xRQV9FYWMtV21OMU5yYTFlZTE4WGV1RlJsM2pKTUlhdUphZ0NFVlB2Tmx4S2FUS1BzX0xCSzRSbl8wU1RNMWI4VFlsWC10cGE2XzlyZGhieEdLUlFGN2Z5Si04VnhMMTBpX3JqT2gyME02NGpmdEhrRGwxaFFkWU81ZlU?oc=5
2026-05-26 03:00,Yahoo Finance,finance.yahoo.com,"Hedge Funds, Mutual Funds Pile Back Into Tech Stocks, Favoring Semis Over Software: Goldman Sachs",https://news.google.com/rss/articles/CBMimgFBVV95cUxNQ2hTU1dXcmNRSlNmZk9HNlAycFE5YjhyNnRlaHkwSDA1TGZGdWlVVnhwREFRLWFjbG1SNzlHQktMQ3lhVHZTc2N1ZUpPRmZXTzkyY3JVRURnUHI2NmVBeXRYcTZMSjBwWk54Sk5saWNQWHNETlhWb09vT1pXZEt2NU5BSERSaVJlMFFubDh5UEptZF9UaDdUODRR?oc=5
2026-05-27 03:00,Barron's,barrons.com,Investors Are Nervous About a Sky-High Market. Why Stocks May Keep Rising.,https://news.google.com/rss/articles/CBMiggFBVV95cUxOM1VSNzQ3YjFNUE5xV1NPQ1o2YzZBRHFvbjM4Z19NNG5qWXRhUGhPeG9Sck41RU9HSUFMOEg1ZzVLQnZQOS0zLU8wRGhOUEI5ajlVb1hTLUs0MUpDZ0RfaXpjS0NHaGgxMzJtZXdJWWZIdU85RGZoVTdKbjBOYTVQZzR3?oc=5
2026-05-27 03:00,Barron's,barrons.com,Why Goldman Sachs is Raising S&P 500 Targets Despite Market Skepticism,https://news.google.com/rss/articles/CBMihAFBVV95cUxPd2pzd0d3WGVTNjNKdnFERk1USTdwZWx6UlNOUzFta25KaTc0cnpFSXVySXl2LTVoXzBnM0t3NGFIeVJELUNtdE9kaV9Rb2ZzMEx6U2xNbTU4eEVfTGdMMGJIRWlqMklYejl2MjJveUJ4X2lIbi1WMVl1Uk91YjAycjFmZHI?oc=5
2026-05-27 03:00,Benzinga,benzinga.com,"Goldman Sachs, Deckers Outdoor And A Health Care Stock: CNBC's 'Final Trades'",https://news.google.com/rss/articles/CBMi0wFBVV95cUxQY1c0U19KcTA5ZEdkVHdQYXV5SFFOVkFvUVF0WnJzTl80azlsRGRVNEtQQWo2TkxMYVZITWlraldzWm1QMnNjNW1aNFVjZTV6dWtKRldueUN4RFhQcDNDRXZwT0oyeXRJS2RJMVF3X3pJblN5c1A3N0RGU2dEa0lYSGdDQlZtcy05bEN5SFptNFJqTksxYkY1UTVJU0hJRFVfd1hVaXJVMm5MZ2pCLW53WGo1aW9kZlBDazNWallJNzlIVGRfck93TU5YOHU4U096Rnpv?oc=5
2026-05-27 03:00,Bloomberg,bloomberg.com,"Goldman Strategists Lift S&P 500 Target to 8,000 on AI, Earnings",https://news.google.com/rss/articles/CBMitAFBVV95cUxNQlNYOFNITXRfaEdpaGtRYTRWOU8zWmUtbWJidkoyM0RDNnFDeDBDcmFvQXQ1Zk9UYllvMC1qbHVKdnVkRTZZd3J3VDBHZGZBMkxwR2lyRTJNcEpBal9ONERONGZaRmx0OTlZZnB0SFhnUlgtU0RmWTVTSEExZUxjSWpLZjkwalROWFA5Z3dtLVRTam1mVERBaURqQndoeFpTM1VzU1pHTjlqaklWRWZPUXFtd0c?oc=5
2026-05-27 03:00,Bloomberg,bloomberg.com,Goldman’s Bell Says European Stocks Offer Breadth in AI Rally,https://news.google.com/rss/articles/CBMisgFBVV95cUxQa0FnS0daT3YzbmIybk92NlJqbFdUWnhibnBONzNaOHd3MHhfSm42d1RaTlU5VDJld0h6YnFLUWhjZHN4WnFXRHFmQUh1NThucVpOQWh0OUZmbFhIS0VnQ3lRR2tQWDFKTllxYTBfLWMzd25mbEN6Q0xKT3lpdjU0eFJjdjhSSlhCeFBUbk9lQmFheUJxTi1WVXEzMjVZNW9uQ1AzenR5WC1QbVRTakliSDlR?oc=5
2026-05-27 03:00,Business Insider,africa.businessinsider.com,"Goldman pumps up its S&P 500 price target to 8,000 for the year as it eyes an earnings-fueled rally",https://news.google.com/rss/articles/CBMiyAFBVV95cUxNWV91WFZRVlNQWjFURVNoZHBnRjRnZzRYMEJzV05kd0lqRTRGanFKZkx0NEM3bHhsTEY1aWpYU1V0QkR3Y2Y5QW5iZGxYMGpaczd4dG02alNjUFczZnJoSEFIVkNNRHVlclF2a09mZDVnczMtRndNaUdYYUVEVW9BbGg0ZmdVQl85TUlBU29HZUFEb3RQVUxLV0FCZGRmX3I4RkJTczRzQS1feDY5ZHllbVJlVFcxb1ZVOVFiMldBTnVpX1BVeWxZOQ?oc=5
2026-05-27 03:00,Fortune,fortune.com,Real estate billionaire was called the ‘worst analyst’ at Goldman Sachs—now he says the criticism was the best thing that ever happened to him,https://news.google.com/rss/articles/CBMizAFBVV95cUxQRUhmOGE3amE1d3hRdzZEd3JfX1BYNDRVODc2OGpzRjFib25ZWlZiZnZjMFc3alg2dDlabWQxQlRSRURpNDRmS1FPS095MFNvNnU3N0V1N0FWTC11cjFEZDlXVEZsb1A1SXB2RGJpQmhNcmpETlFpZ01QbDlrZzRxLWtmaXMwSE82bWdDeGZvNXVLZW9OZnJvOHpIY1NHem1KMmE0VEJTdHQwdEhMakkwdGpjQkhlSk5xUjBSUl85RkFMdGgxTkUxQ3MzbU0?oc=5
2026-05-27 03:00,Investing.com,investing.com,Goldman Sachs reiterates Iren stock rating on $1.6bn Dell deal,https://news.google.com/rss/articles/CBMivAFBVV95cUxNdXpiNmd6bWhEU1RvMXBjcmU4SkRSbHljTFJkYl8yODBqUjU2cGhGdFE0Wm5ja0UtRkJWZG1vUXN5T1RYMGVRdnhSaVZPMXAxTzlxaDk5ZmlWNENoNDJRcjZObGhtYWlwbE9PQkhzM013TEMtMl9QTE9FQnlNQlRKS2oxcXIzVDhHVl9Xbi1HY01LUFhZc2MxRmpIdkxxNG81Mi1rbHMwRkVybzRHeGpCMU1SYmFadFlad1FBUg?oc=5
2026-05-27 03:00,Investor's Business Daily,investors.com,Goldman Sachs Moves Away From Apple Card And Into Buy Range,https://news.google.com/rss/articles/CBMi1wFBVV95cUxOd3NaV09CWFRlUFNCTlNvRl9jZHNheG1iR05sOFhXQi1FNXlxVF96MjFWcktOeW9jcjFWZWlZaVhaeWdrTndOVFc5NVliMVR2ekVoelZuZnh5eFNwTHpmRGtReU1zQmRxdkNjdjN1THRFaUhiQnMyRnBVa1pLQlQ5UFpKMllTalRMWlFTV0E0UGY2ZXZDamUyOTR2UEl6dy0yYndySXJBQlFNcDNyUVdMNDc2eG1GaUtGZUlRN1p1LXhkNkQ1SHRpU2xralRUbm1nUHplZ3M3SQ?oc=5
2026-05-27 03:00,MarketWatch,marketwatch.com,Goldman Sachs hikes its S&P 500 target and rejects bubble-era comparisons,https://news.google.com/rss/articles/CBMisgFBVV95cUxPaS1IR0w3R0JscEw4VWozTlVWMktIWEpRV3lzMl85OGhOSlZwajNQY1JLdGk0aGNiWXpzbmRlejdIaUNrZ3c2ZjlzcGFVUGZXeWxkcEo0QXVvRi1hOHRBOTB0Q0FQdlhqMEZsS01BblkyWHlaVmNWMmE4am9GdlNTMWYtLVNyYXpIUW9YbW5aaEM0b05qMDZXcE5nVFJPNGRfdGp5ZTlTZHljLW5DakFvRHp3?oc=5
2026-05-27 03:00,Seeking Alpha,seekingalpha.com,"Goldman Sachs Becomes Top Underwriter For SpaceX IPO, Posts Historically Strong Quarter",https://news.google.com/rss/articles/CBMixgFBVV95cUxNcVlIR2hxZlVHRnh1T1lwbkl1ZjUwZ0YwZFBvLVQ1VTRLUmRRcWN5MFM4azk2cjRzYnBWVE1qWFRFVUhZRUhVOElLLUZ5T0kzS2xCREY4VUo0cGtlMEs5T2t0ckhucFpJdXlmRmE0NkFsVTBVdFEtV05CcVNNM0FjVDJSTHQwU2l3bjBsNUZjVnFnOHNNUC15b29sVXYxWlFVT2hIREwxVlRadHBoYzJGcUNTWXR1SG5TT3BmZWpuN0tIOVBnOFE?oc=5
2026-05-27 03:00,TheStreet,thestreet.com,Goldman Sachs doubles down on S&P 500 message for 2026,https://news.google.com/rss/articles/CBMirAFBVV95cUxNTjJHQkh4VFdmemplb01VTVQ2ak9oOF9ZWUpEcUVFZ1dNci1Ec1FINERuT24zXzV0Y0tIY2xQVmdmMXFNLTFSN005SEdxb2dKVmduXzJER3pjNkoxaHhFZmczWjN1UUxOdDdiSk8tSXdlUWJiX0lQSmxBZUw3WmlRVVlaaTRMeS1pYWJaLUVYUnl3X1V1cG5BcWVlNHN1N1BlOE5pRHNMQWxSUlhw?oc=5
2026-05-27 03:00,Yahoo Finance,finance.yahoo.com,Goldman Sachs raises S&P 500 year-end target on earnings strength,https://news.google.com/rss/articles/CBMilgFBVV95cUxONGtFZWJycndzMUhUek95cm9YTEtrRFVDaUdqQ3dWam5mVndQeUdFSG1PZXRLMGFuLXUxV2wyTXRuelMzV0VyYlRSUFpxQXNnOHRRTVZqeGtwV25JT2hud09lcmFQemJJOVlySzVQZzAwQ3htbjc1eDFNUHliQm81RmlDbWpUQ2J5ZGFyVmJndFNFUktyLWc?oc=5
2026-05-28 03:00,Axios,axios.com,Here are the stock market's warning signs,https://news.google.com/rss/articles/CBMiYEFVX3lxTE9xQVYwcHg5clp3OUN3Z3BMLWhlYUY4aXg0bzIzTkhxcl81cDJXZFZnbFFlZlhGTVoyTG1ieHNNMUNDQ2hPdFlwemEzN01oaWMyVWtfbEljS3dLRkdoby13Yg?oc=5
2026-05-28 03:00,Bloomberg,bloomberg.com,Goldman Traders See a Short Squeeze Brewing for Unloved Sectors,https://news.google.com/rss/articles/CBMitAFBVV95cUxPS3VhZjNRaFFRNUF6TllvYmdtOEFlLV9Gam50VHg0cnNEMHUzOGhRTGpGUjgyRmdyb2ZibTdLOGVrbnBGOE5JcEZWbFdlNkpUYVhVbGpJY01reTd2MHBkMjdaUjJKSVZaX2M4LVIzTHdwajFWU0h5Z25wdXdsZ2dtMFMwQ2pOeGQwOHNmb0V0N0NoZUpDemx0MmhaMXlBNFBYMXlCZUlZSXY3OUgxSXNKZzhPa3k?oc=5
2026-05-28 03:00,Investing.com,investing.com,Goldman Sachs reiterates Nutanix stock rating on solid results,https://news.google.com/rss/articles/CBMivwFBVV95cUxNU3NKelFNaXdWT1BZUWxONm02ZHNiTXBKcjBNVnlzeE1JMGlSV3VfSlltWTFWVVhPUUN5TkozckphM2NEN0E5elNaSHpBNk1iMFNKWnZuZ19kVFR0WFc5dl9td2UtX2h0WG9qeGFUOGtUM2R4X05ySEpWeUJXekFwRUg0U21zNl9LWlhVcFZEQlZkQklvaGhWTWNmd19fQ0Q5d0d6TzRra1Azay1YVERwQUJ6d0F6YUVMTHROSU8xcw?oc=5
2026-05-28 03:00,PR Newswire,prnewswire.com,Generate Biomedicines Inc. to Participate in Goldman Sachs 47th Annual Global Healthcare Conference,https://news.google.com/rss/articles/CBMi6gFBVV95cUxQU3lHdlJBQ2tIcWk5dm1FbktxZnVaZU9xNlNqTkJ2STdtWDZ5SzBJXzNaLW1uaHJvZGdBcC1Udjl6Qkl4QTRDdmhMbU16ZXdrNnhaYjl5SzVvMWJKeWlLRjBBQ0dEd0stWk9XdlFzSURuRFgwaU5RRHFCQ0hnaGIzNEFHQ3EtYzg0eXVHMkxJWmpPZmsyTDY4VjFYZlZsY0V0RTZla2tkbFVmQ1lEWEQyY3F3M09PUlpqRFliSWdZSVB0WFZIZTIyWEF5cGFGa0drUERSVnl1cjlpTVJCM0Mtdkx4bWFpaXd5NkE?oc=5
2026-05-28 03:00,Reuters,reuters.com,Goldman Sachs says on track for near-record M&A volumes in 2026,https://news.google.com/rss/articles/CBMirAFBVV95cUxOcXE2SDAyYlFZQThubUlDaG05bUl6TlpCekMwb1BUd2hCbHJNbElfNXFELUNRQUExNHpnMlNEWnN3VlVfaElYR0NHMlBMakRUSXFacVllcTBwRTZvTVhQdlk4d2ZoN3oycTc4am9VaE55WGpxeUw1S0pBaWlXZFFMVkJUSUx6R3ZEY3hDaFRFdUV2LXhaU0FZWTEyZkNlR3NxcDhsNXZCZlFzcVlq?oc=5
2026-05-28 03:00,The Motley Fool,fool.com,Goldman Sachs Just Did a Huge Shake Up of Its Crypto Portfolio. Here's What It Means.,https://news.google.com/rss/articles/CBMimAFBVV95cUxNaW1JRFI0REFjanhaUUVzR3ZuM1F5dUEySHBqbWNzRzlWelZjUktxcGZpdWtpUjRCVjZmelVONDJTQzdUY2xuQmsxdjN2VkpUMkRRT0tSaGxfSW9JYVZpRHhyYkxzenFWNk5qZEM3X01HdjJ2dnEtZzJwT3pSTmd2WFpwREVwRHhLNGlVVmdHYXdrRTU0VmpNag?oc=5
2026-05-28 03:00,Yahoo Finance,finance.yahoo.com,Futu Holdings (FUTU) Downgraded by Goldman Sachs Amid Regulatory Crackdown in China,https://news.google.com/rss/articles/CBMipAFBVV95cUxNcDlyQlp5d0plZXJub3lHbmVoZnZRdGg3d0t6OTlBai1aQm5EWGxWRlYxMkhIWVQ1S1Zja01SUHB1bXFJNjZHcEUwU01hVEtNYVIwZWVkYW9GQzV5TVRseGx4R3JyS253OW13OVYzaVcxRGI0YldERmtkSjMxTzlwbXFtbG5YMDRvTkNGbUctOWpmWXJxcG9rSUh0ODRqeU9abi1sbw?oc=5
2026-05-28 03:00,Yahoo Finance,finance.yahoo.com,Jim Cramer Can’t Believe Goldman Sachs’ (GS) Current Valuation,https://news.google.com/rss/articles/CBMimAFBVV95cUxQZGdYSHl5cng4RHI5RlVDaTBmdGdIblNYcUw3VEFNcFdDcDgwb0RwVUFkVnhKMDNscldzVzZxQTJOSlpHbTU4Qmp6OEVOYkowb0s1eWhlakpSeVZoTHFBcDJObFhMSGRYbFJNMzEzenQ1bXNITmxJN0RtRWtrQ2tVNjNiWmg1UTBjanktOF9Bazg5X1B5X2hEcA?oc=5
2026-05-29 03:00,Business Wire,businesswire.com,Equity Data Science (EDS) Appoints Sebastian Lonza as Chief Revenue Officer to Accelerate Growth Across Institutional Markets,https://news.google.com/rss/articles/CBMijAJBVV95cUxPak9YcFd2cW9fX0dUSlE3cy01eUJZZFZUYVhwLWlsUUtoSy12WlJ3UVB3NnpvaVd5TnBKR2JRV19hb0VVUEVqV3NqcGZCZl92N0paSWdhLUtZX1R2bVNxeVVUOUltVXdBdmFXcjlNV2tYV0FvbTlPX2E1bU9OV1lYUXBMRWNtbWp0cmNLTVNaQ0JRM3hxaXFVaENfQW11azRDRUROdEwxNm45MEczWndUaGhPRENBSW9hSjZ4amMyV3hCd2Zlc29iNGtlZUJpOU05RDJSb2d4akk1MEFKZUlqMm5UeUtRQVo0MmRGQkVNa1NSSkZvLTlHYlkxVFhmdjJ1TjlJT2FiZVBmUU9G?oc=5
2026-05-29 03:00,Investor's Business Daily,investors.com,"Goldman Sachs Hits Record High, Leads 15 Newcomers To Best Growth Stock Lists",https://news.google.com/rss/articles/CBMisgFBVV95cUxPYUxKSzh3anlGYnU5cTQ3TWVYQ0N6UWZKRE5BamdRNmNtZlhiOVhWWWVYQmpqZ2l5ZG44czNlOW84LUF6eGpOZjU0UllIVFpXekI2a0xjcVN4TTdVTno3Tnhrc3F5b3FVXzZNWG1kRXV6ZVl0N0ZGVk96Nlh4RU1PN3hKY0JiMzFpaFRZZzlQdEJKM2hjMkVySmlvTjJ3ZzdsUWRhNEZfWGl1QUZwY3h3VWx3?oc=5
2026-05-29 03:00,Investor's Business Daily,investors.com,Morgan Stanley Joins Elite List As Stock Hits Highs; Goldman Sachs Rides Massive Deals Wave,https://news.google.com/rss/articles/CBMihwFBVV95cUxPTndYb1UtR2RFQ0ZGbGJqRlFpU08tU1ZORnU1SjFwcnExNnBOdURROFl3MjdKR0ZOMUxxall4NGhSUEUzT3h2ZlRzUmk1NFRPS1plLU0wdEtsOC0yS3A5M1p4SWI1bUo5UWVLUlRqV09mLTJIV3ZGRDRxY3dPYkpTb1dOTUJVems?oc=5
2026-05-31 03:00,Reuters,reuters.com,"China index rebalancing to trigger $48 billion in passive flows, Goldman Sachs estimates",https://news.google.com/rss/articles/CBMi0AFBVV95cUxPQ0Q5TDc3azBiMkpCdENGOW85NVNrbXo2cTdsZVMwQWl4YnNReVV5cFQxMno2SjJCcjlRLUpaNFFPTE9QQXlfTlZoM21xRE9XMmhsQWp1dzEtQzl5c3V5amZDSlVOcjlrUXhTQVJEWlNfMWdUNUNDbGJ4ZzFUUTFKZkJaZ1dsektnRkpDdjZTbDVOWmdvcDdWaFZaeXZuLVA1MmprTDJZQl9hTnZKQmxHZS0tZHljOHludDFVWkdYa25nRnB0Um9ScnVpaFVGejhK?oc=5
2026-05-31 03:00,Reuters,reuters.com,Goldman Sachs lifts 12-month STOXX 600 target on resilient earnings,https://news.google.com/rss/articles/CBMiuAFBVV95cUxONXFFVjBEcHk0LU40QjNmS08tcTV4VzAxdDk3QWJfT3lDbnduWnJxZGF1dGRNbGlxb1E2Q1E0bHZlaDk0QzhoYkFMOXR4NG9OS2JXZWlERHpUem5aUWU2NUhCaC1Sd3YxVk9BNDBXLTV3YXdpNTJLMC1scXd4QXFVRldnamtyVENGSmtKME00eDlaTDVWdDh5M0lFVWdJYUlYR2FtLVBBQmJiZnBzbHpTaUY0YS1VUk9D?oc=5
2026-05-31 03:00,Yahoo Finance,finance.yahoo.com,Goldman Sachs Initiates Coverage of Prelude Therapeutics (PRLD),https://news.google.com/rss/articles/CBMirgFBVV95cUxNc0k4enlKM1dzYWZFQlF0eUN0QnlhVFBLbHlaSUx6QjhFUkE2NWxRaU0yOHIzTXFaeFYtSi1qaVlnSXJkY3ExWE8yUG1FWHowcTROUDJsZFNkNkhWdjNSN2E5RVBOdHVhTEpWQ1E5WUxfb2ZlVXhSYWFTMlNpb3FIaEJvQ29mTEVXNG9mdWZnWDJwMm1ydDltV0xtYmc1S1JKcVB4bUpkZHZDQzRVWEE?oc=5
2026-05-31 03:00,Yahoo Finance,finance.yahoo.com,Goldman Sachs Maintains Buy Rating on Intuitive Surgical (ISRG),https://news.google.com/rss/articles/CBMioAFBVV95cUxPTUpJMnV0bFEyVzdsN3dpTy1fZzVIMmxqZC1QdnB2bmROSUxRT2pidExpQkY2RVRZRDJFTDVsSWJRMEE5bXVOUWd6T0l0WFhFTlNZMGRxTjVyRTlRaVNDNUhwd1JWaDJwSmRZWktkak1YdVVJR0hsa0hIRDN1aGVwZkV5Y01zenZtOVpjNDdOWWdaX2dFMTdnZ3FsQ1p6Nkcx?oc=5
2026-05-31 03:00,Yahoo Finance,finance.yahoo.com,Is Goldman Sachs Stock Underperforming the S&P 500?,https://news.google.com/rss/articles/CBMipAFBVV95cUxOVVg0dGp1LW1zUHlXSWNCM0loY0VjOHQ2SE1BV1BiT0pZdktJWmFmeWl4dXVpQUhJeTNCYV8wUXhhbDRGVVpvaWxwdU5iUl9WeHJzVUZxeWR5Vl9oVGdKZXJ3bzBBQjNkWU9xcTVOQzF5dzB6aHRMdDJsQXh3SnN0Z0E0RXJONDZDdkl5b2JLN2hiN0pxSkt1RXo1Tk44dmVNTlh2Ng?oc=5
2026-06-01 03:00,Benzinga,benzinga.com,"Goldman Sachs BDC And Ares Capital Both Held Their Dividends, But Only One Is Earning It",https://news.google.com/rss/articles/CBMi0AFBVV95cUxOX2g4eWlveXBvREppR1hxZTN4VmFKM2NYTDdCQmRhLTRueXduYVZDMERkQ3dYZXItM2JzT2JJQ3lRYWVwZklHaFpoUlFpRXVXcDYwczZEWnVJRThGTVBvQndsWHVzdUh4MFBPbU5aQTlYdXh6WW4tdTFYWmd2ZnVMT05lcGFhY0k3MXlCZmVZNjZvSk9veWRKMTdrWWdjVlBaZmtxekFVVWFhcnhGZlBmaDFEOGJCVU1qNjF4Yjd2bFJ4Mkw3YUs0ZEV4MUt4aEJp?oc=5
2026-06-01 03:00,Bloomberg,bloomberg.com,Goldman Says Hedge Funds Buy Stocks at Fastest Pace in 6 Months,https://news.google.com/rss/articles/CBMitAFBVV95cUxNN0ljbDJxODVkNDFVUHNlWVVNRXVzVHZfV0lPR2RMOTNUX0RuOFRDbnVBN2RZVUR3UklyS1lsU0RyQm5JdG5IRHducHZWcU5BQmo4U3ZuNjNyemVDUC1uRGgxMDVrM1F0eXotV2lpQzBzVzRBVXFhcXpmc0F3eDdzY19NbGZYT2pkNUJCRDJkNHhZal8xcDZrQW5CdnRSOW9Ubi1yWnNLUG53RWVWU3ZaWFZYM3k?oc=5
2026-06-01 03:00,Bloomberg,bloomberg.com,JPMorgan Traders Cast Doubt on Speculative Tech After 57% Rally,https://news.google.com/rss/articles/CBMiswFBVV95cUxQUHgxclF0WXdMeG80S0ZraG00UUZxY1NETVlIN2s0QmdncTFzS2ZFLVRtZFpUWmFySjdadUIyVFd5YmkzbS1PV1lLdWlrM3AyVHM5eVVyNllodVNWWEZ1VEhHUTV2TFlIdmtjMU1kZkdoZlhJbW9xeE8ybXM2VkpyVkd4d1lTRTE0TEgwM05oTlJVR3l1OGFEakJ5TDVEU09Nc1BqRUVJdWNhbXBlaHV0azl6NA?oc=5
2026-06-01 03:00,Business Wire,businesswire.com,Contineum Therapeutics to Present at the 2026 Goldman Sachs Global Healthcare Conference,https://news.google.com/rss/articles/CBMi3gFBVV95cUxPeXo0aGQ4UzJrbk5OMFB1VzFiVjU4QjhLUkNya2p1SFVGRDVxLTdZR1hxWl9ERVlScEpRMkRGRkhiLXd1LXlPZGJqaVJlNm16eUp1UkFfX1Rjd2EtajAtR2VPV2RuZU91T2llSGpYYnRnb1daQmE4MmtUenAxbE1jV1JfUHdwR1ZCUjRBV0VrYUVKZmNwSlVTMUJaNEZnX3BBdHhFQ3p4c0IxVXNReGZwc29aMGdEd0Y5dzZYRFZDUVlJSFBWTlhoZHVlNk12S21RVEk5YjZtZDNOTVNHRkE?oc=5
2026-06-01 03:00,Investor's Business Daily,investors.com,"Goldman Sees This Travel Business As Underappreciated, Upgrades 3 Stocks",https://news.google.com/rss/articles/CBMikgFBVV95cUxPU1ZST1F6cEZaVktWbkNRaHFDUndadS0xS2dFdHg2U1dZQXlMNERRR3prckRaWkFHRTZwMHpqc2xOY2NDVmlnN1dmay1QTmJvNXdfOXUxZmY3Vmd1RU1WcHFzU1Rzalk3OWxVSlhSdUxiQ2IxclhTTUtaTjFrMFJGQzdNaTIyTVY2WmJGWkV6VG5CZw?oc=5
2026-06-01 03:00,TheStreet,thestreet.com,Goldman Sachs doubles down on oil and economy message for 2026,https://news.google.com/rss/articles/CBMinAFBVV95cUxONUVRWFkzeGpjX0g5a1pVTVFCMjhxYk9JNUJBRUFHbHl2UzMyb0RNOXk2NFB0Z0lxclhQTGFfTFQ0OUtmZ0dScEVIS1NxemFvcHVWTVZhR0xHVjEyUDE5QkJPaTJXYkJISFFWOEoyUEZYRWFQVTdtbW5DVW1JTUVBdUpmczAxUWtFcmk5VU12N0JIeUxCQWE5aFBTQ0w?oc=5
2026-06-01 03:00,Yahoo Finance,finance.yahoo.com,Why Goldman Sachs (GS) is a Top Stock for the Long-Term,https://news.google.com/rss/articles/CBMikwFBVV95cUxPS0xxUWdoZEpHV1E3cTF1cXZYQkZ3N09aVkVYSXFaSW1vWHNsUzh6U3JUSDJ4cGlwZnJodnhrekI3TVFmTGxiRi04dHMwSnNjeTU3TmNaNlVTbWJXTFJweThPTE9iOHRlUF9MQ0tsWGpfNkI5dlZEN2U5ckFUMVM4bUJvTWpiWEx0LS1nSVNmTExJbUk?oc=5
2026-06-02 03:00,Benzinga,benzinga.com,HP Shares Are Picking Up Momentum— But Goldman Sachs Isn't Buying It - HP (NYSE:HPQ),https://news.google.com/rss/articles/CBMiwAFBVV95cUxOLWpxRlJyU0poRUJ1eG5fQ1o5UmJDX090UUJXczZoUnFEcUpqanh2Vk5fQnpIdnlodENSV3ZOYTdiUGhBLXdpY2JfWll6MGY0aUtRQ3ZMWEFiYXVOaXI2dWNVTEROZjBPWWFnbjNJYUhoRmRGVk04WDA4RkV6NWtHVEpGT0VnWXV0M2d0Q1VZbnNJcnp1M1BvQW1YcE90QnZRU1BlWXYxQnJoQmxUN0lZUDhkSWhiRHdxY3hoWllhMEs?oc=5
2026-06-02 03:00,Bloomberg,bloomberg.com,"Goldman Lifts Kospi Target to 12,000, Upgrades Taiwan to Buy",https://news.google.com/rss/articles/CBMirwFBVV95cUxPNmJpSlMyM3NIWURqUE8tTXBRcXRaMDZZcGF5VVhZUmVVRGdINFVRcUdnRUdzclNHZV9DejZtLU1tSGFzTGdfTjh6RWotdUxMX1NfNnZhUDlzdDRBM1FCNm1jcGpDRFFyZElQV0hHOVBwcnNpdjREcDNjMG8xYjFPdWtEUTd2NlpkU0R2clBkQzZLMlprLV9wZlFrQnU5MjdQek9qM0lwLThkNzRkZDhF?oc=5
2026-06-02 03:00,Bloomberg,bloomberg.com,Goldman Sees August US Diesel Crunch as Stocks Lowest Since 2003,https://news.google.com/rss/articles/CBMitgFBVV95cUxQQkJidWVmSmVfRFZGLWJqQnNKVTBCS0dHZURtQW1XSGN2ZHlaYmFHWmRCR0dwWjFtZEFLdkRKTmFfS2Z2Y2lDMTZVUFpua25vbHhJdXVsWHU5dHlydVlpd1k2akY0MHpISS1hMnB3X3ZrZ2FFemw5TW1jTExNVTVfenRFMzZwNXg4QXBGZkd0WmxVaVdPTjhLdG9zU1lWNWVBZ1UtQWhDZDNjU19GaGp3M2Q3M0EtUQ?oc=5
2026-06-02 03:00,Bloomberg,bloomberg.com,Goldman’s Solomon Says There’s More Greed Than Fear in Markets,https://news.google.com/rss/articles/CBMiswFBVV95cUxONy1lZ0VPVUEyY2lUU056ZnZ4eTgyM2Vjdkp4V3VkOXdPdGNhR2IwLXA0T3VrTUphRm4wSGNlNzhsRlI2aHZHMGFYODUybHJkMExrb0Jsc1V0VU9lUkJHczdBZjNOenRycVBoX3Ywc1hKLURPNk8yc2oyZWNLdFpUeWhPcVM0TkZnclpBNHFNQTV2N3hfajBUNGxqb1VnQkJqOGdZRi1CMk9lNXd2d0ZMeENwaw?oc=5
2026-06-02 03:00,Business Insider,businessinsider.com,"The AI industry's profit problem is getting bigger, says Goldman Sachs' equity research chief",https://news.google.com/rss/articles/CBMitgFBVV95cUxONURwSHhySEdWNDhqbEdoNEhqOVYzQ0RSQVktMzZ6UmdyRS1GZl9jM3lhNXpXSnVvYUU4RTJ5ZHc1Q0tZMUxQZ2k0UVR0YTBLcWJZRnQyeHlpZjRPd0d1a2tWWXdCcDRrYzFLbXNPamhjX0gtS3YyQ1kwb0NUNG5rQXN3SHl1cnRBRXdrbFEzdElyX0t3WmdPSHdMSTRWUFpScUYxWVBvcjJMYVpBbUlKQklNck1jUQ?oc=5
2026-06-02 03:00,CNBC,cnbc.com,Goldman Sachs CEO David Solomon says markets are in 'greed' mode as AI companies seek billions,https://news.google.com/rss/articles/CBMikAFBVV95cUxOWXRFYUlNb012TThUNWpNQVNBT3R4U3VQdktQWVRteF9fck9LbG1YaktyQU42U1VFM2hBVGpySzRoYW5WT0todzZ2eVotd2dfRHBvcWo2aHRERTJPdUR2Z2s1Rm96b0FycmMzLVE2R3M2czU2NTlnTVFYNjloWWs2MFBLZGV1a3JCeDdXSnRCTFDSAZYBQVVfeXFMUHl3amxzd1JOLXVUQ1N3U29xRTFjT25HcjI2Nl9XWWd4dGNYTktFVEZGWmJWamhzcVVPWGNoM3pHWUJxMG8ySjVOUWxNMTVvQnlRRVNZTW92cWNwam8xOF9Sd2pyei1SM29vUTBUb3R3Q3EtdVF3RmhyeVU4ekRtamp4S0FfdzBVYnpoczdfNHJiQW5vTm9B?oc=5
2026-06-02 03:00,CNBC,cnbc.com,Goldman Sachs cuts Hong Kong stocks in favor of mainland China AI hardware plays,https://news.google.com/rss/articles/CBMihAFBVV95cUxQRUFXMGs1YzZkM0p1OXF4bWtxbWFrUm9Sa0RuV0xLZzRUV0lnOVI3Sm5wRTBQX3JKc0kwUXpCZXhOOE9fV3BYX2ZVWUc4QllkQ0p4Q2dUTVhteElIS09XOFVCWjRyVnJ4VWF2dEVhMG96UlEtRVBNVVVyUkVjazdwZmNrRmE?oc=5
2026-06-02 03:00,CNBC,cnbc.com,Goldman Sachs' Ben Snider: Market should continue moving higher if earnings strength continues,https://news.google.com/rss/articles/CBMi0AFBVV95cUxQMFNfc2pkc1pYQUNmNUMwbVJlQ1pOTzJ6QXprVGFoT19USnFlS1dCeThpVzByUXVmLUJOR2dHZWpfUnF6ZTRKTEYyZ1F1cVZ3bDFILWgwYm1GVlBwOEsyc3F3TWE4YmZ4bEdDWGRQWTdCbUtjRDRqX0I3VDhXWWFwblhHYXNIcnhyeWtPTTF6Wl9TRUlSRndOQ0N3c0xDZTFIenRDemM2SlB4RlZuUHV3cnV4ZjRqOFp4NXhqWUpFYzlPVnBmSDg0N1gtTVJZRmRU?oc=5
2026-06-02 03:00,CNBC,cnbc.com,"Korea’s stock market has doubled in 2026, and Goldman still sees another 35% upside",https://news.google.com/rss/articles/CBMiqwFBVV95cUxQODE0VEFoRG4ydUlNQkxDcGd5TVQ4cHZXQy1aQ0RueV9rZWZENkthdTR3bDlCeEM5YWlKdmhHWUp1Y3F6RWVwdGhEQnlvTGM0eDloNFFoWWVOQnhFcHEwNzZSUDdQRkNhT0x2WEE2OGZ0ZV9Wa1BpQ0s4Zm9QRmQ4UHcyR1lLcnBLS1pTQ0ZwZF9reWVfM1lxQzdYaENEQmtYSko0b2FUVmh5MnfSAbABQVVfeXFMTWwyZlpnZkw2c3pSSzJQT0d0XzY5X3J2d0VNbHdvWU9nSnptdS1NNlNWV1RNSllSbTBhQV93T3M4d1V6YlczTGE0aTFlTnNxc1dNeHhKNkxFOE1DYXltZFlNZmxXYzZkaUNDWnJESGV5R3I5TFhlb09qYlF0a1pzejY5X21QTTlVcmdiZFd0NFhBWGdmVUJWdW9MWEEtY0xUV2pLd0lwdVpjVXNQR2ttZkE?oc=5
2026-06-02 03:00,Investing.com,investing.com,Goldman Sachs resumes Neurocrine Bio stock coverage with buy rating,https://news.google.com/rss/articles/CBMixgFBVV95cUxPQkd2S2FkR2MtcjlEZFhtYkpQcVJSNUVWUFFYX3JZTXB4d3l1OE1UTkNqMVdKZkFKOFZqMms3MzBVZGN6V0JMNzh3LTZ2QTgwTzFXMlNSOVVJeEljMG5CNXprTDdtbkY5OTNXT2w5NkRXSEFLclc5WEt3S0d4RkhDYWIxTExFbTVvTWk3dkc2c041SzZyX2FvVVRNSGd6aGZhalNKQU82U29NMUo4UHBOWVI0WHpiUV8tbXFfOFZpeTR1NmJFN0E?oc=5
2026-06-02 03:00,Yahoo Finance,finance.yahoo.com,"Why the epic Dell stock price surge isn't over, Goldman Sachs says",https://news.google.com/rss/articles/CBMixwFBVV95cUxQRDVkX3ZjQmNqMm9nR1NaaUdaczdaYzVzTjFDbThQZ2lWbG5qcmFoNXgyQzRwS2pjNXl4X19xVWVtQTkta0kxZmhJMkJTZjZTRjlYR2FVS2stR21wVXJRWVJBWnhxLWhDLXk2bXh0SFdWVTZfNGpLWWJYQ2Y4cEVLOFNSMmZiYjlqbjg5bzBNQlFEQkdxQnpndzI5R05jaE9PZjJNY0Y4ZnpSS0dxMUF3OTRXcnp4U1RMZFdad1BvVGFiWkktZ1pN?oc=5
2026-06-03 03:00,Bloomberg,bloomberg.com,"Anthropic Picks Morgan Stanley, Goldman Sachs to Lead IPO",https://news.google.com/rss/articles/CBMitAFBVV95cUxPQ3VmNVkyNmUwcUJ4NDh3VnFNaVBUNk15cmJlOTZwYzVvRFB1UThhdHhtT2plT0VxTmt6Sl9RZkFxMzFQWWtkWnlUU2dmd01ZUllOOEwzYzd1ZW0yQUZYanBSZGpmWnF6X0FiTHJweVhURTRKbEZXb0JFU0JYMDJLMnJDQlo4Z09PaTIyenFsYWtUeGNCdV9ZQ2Z4WGl6em1Qal9iUmZDdFVkVmctcElnV1Rmbks?oc=5
2026-06-03 03:00,CNBC,cnbc.com,"Alphabet's $80 billion stock sale leaves Wall Street in 'unprecedented territory,' says Goldman's Gutman",https://news.google.com/rss/articles/CBMijgFBVV95cUxNbXh2dVExQzhUVi1MUTlHaW5oN2toNHppV0NYQ1VneENVVW91Rk5wcFNmWUNsQ093MWY1dVpzaUh1Y2NNMlhPaWphcmNXOTRUM3AyZGFBNkNYa0M3SDUweTkyOFVCaVVhS0xGOThhNW9wYmVQYmJ0aHBmaUs0ZWtzTWlORjR3ZFRzMmIwT2J30gGTAUFVX3lxTFB6MVVLUUgwQzM2RTg5RzBKMFg5dDNYT2g0cUJlN01ubjA4ekluQ1ZJMjVXdHhHTy0tbjdMTzBfTEt4dUpuOUhnZzNiS1pZNlh0SDdHLWxnSTQ4eVBwd0FtbHZyamZNbG9oY18xYU9wY1lnSlNjczNnOHB3NExOWDJ3RGxpTFkxSFE3RFZad25TODRxSQ?oc=5
2026-06-03 03:00,MarketWatch,marketwatch.com,The hottest stock market in the world has doubled this year. And Goldman Sachs sees another 40% gain from here.,https://news.google.com/rss/articles/CBMi5gFBVV95cUxPZFdDT3NCTmthYlp1XzFSQkVQYXZqWDBMN3NNRUNMSGxUUlpqVU5wVXpULTVyRzZKQnI0aV9seDdLQ1JxUmpfdE5ReFItTXZqR0dGVmhXRjlpUUZhVkxUa2VJTEhSWU1MLWRpRk91ZlpheXo0UmdGVTlSS2l2alc1TUxHVkN4cFplSGoybmJXbFlWbVRFMDl4NnNtWDV1U21DVTlaMERMYnFzcDV2WTRqYXpDamRiOGJRc2R0REZ0Tk12N1lLUnIzcjREX2J2UVJjNk8tdlpqb0gxQV94RGRfX0xkVmhRUQ?oc=5
2026-06-03 03:00,Yahoo Finance,finance.yahoo.com,A Look At Goldman Sachs (GS) Valuation As AI Expansion Meets Consumer Spending Concerns,https://news.google.com/rss/articles/CBMinAFBVV95cUxOdi1DX2NPYTN4NE1mTUhfRVYtTmVBVE1aX2pYTk4tQmtGVERNUnA0d1ViMHlUbGpqSHpGVXRUVTFYeFhOWDNxekhLQ180R3ZXQ1E0QWxhUm1taFIzRWdsZUU4b2hzMjBxd3NpdDVsQzZKU1V6TGpZYlpPTUgtNFVKYWxGNGZ1cmttSDh5NjlRTEN5NlZwN0lIZmFVNWU?oc=5
2026-06-03 03:00,Yahoo Finance,finance.yahoo.com,Anthropic said to pick Morgan Stanley and Goldman to lead IPO,https://news.google.com/rss/articles/CBMioAFBVV95cUxOTVp5TWI2VExVcnNaem9HYjZsWUVFV01ST2tQcFZNX2FpX0JXLUJBTWw1NFlxbC15VFJkcFNSNHVVak5TaWUxMFd1ZndrcDFNMy1MaC1GNnhNelRGOTd5eWM4OHNidlRVYm03aDJYUXdFelJNSUFjX1AxT0pLMldacVF1Q3FZbmQtUFJsMDRFWDlDZXR3UXcyblkwaVpWLUFD?oc=5
2026-06-03 03:00,Yahoo Finance,finance.yahoo.com,"Goldman Sachs CEO David Solomon Thinks There's Enough ""Greed"" to Absorb the SpaceX, OpenAI, and Anthropic IPOs",https://news.google.com/rss/articles/CBMinAFBVV95cUxQNkx0X2hCeVBPNVVUTVR1TENMdUpLS3BJMUQyTmxyOWczVVdQWTRfZy1fbGo4NnRpbTNqRjFMNXl2UEh3Q09yVFBJZ2J2eUZtakNIdzd6Mmoxc01YUFVjeHZ4RjUwbFZtWTFud2FyZnJ6SHAtMXdSaVRyU3c3cUl0Ty1kQ3lJUTFxZGxjZGxySXRHSXVUcnowZWRKYTc?oc=5
2026-06-03 03:00,Yahoo Finance,finance.yahoo.com,Goldman Sachs Sees NVIDIA at $285: Can the Stock Get There in June?,https://news.google.com/rss/articles/CBMimgFBVV95cUxPU1hOZGhyc1ByTFRaVFVodDhmemdTSXlFcTZMakF1WnI1Ml9vRGdWRzhNekR2Um5EalRSMUxQVEYta1VxY2hfclIzUWtOSXNLSzlYa1FNQkw3bVU1LXR0amZlMXJQYVVJUmc5X1VuMHZiWnZtYnRzczlRNDZfWXdpNjBTWnkxRTBNVjBYUmdPVGl4T2dscWxBbG9R?oc=5
2026-06-03 03:00,Yahoo Finance,finance.yahoo.com,Goldman Sachs and TD Cowen Maintain Buy Ratings on Alphabet (GOOGL) After AI Announcements at Google I/O,https://news.google.com/rss/articles/CBMinAFBVV95cUxPNW0yblhLbDVVZURlUGI2d0MyOWx0OVVLLTJTS3Y4d245empyNjlKbnhad1NLNkFXQ3o0dk5QQXRvUm1ZaDhCSXVqNHdNNEtGeEQtNm9KaWxUcy1ZYUo5MmNGX2kyazVZbk5SWmtFWEJBSDNJdW1qWUFNSUxuWjEwOFNaQjVXQVZqR2lPRDdBRXBGNjhHS1hWS3BOMXE?oc=5
2026-06-04 03:00,Benzinga,benzinga.com,Broadcom Stock Plunges 15% — Goldman Hikes Target To $525 - Broadcom (NASDAQ:AVGO),https://news.google.com/rss/articles/CBMivwFBVV95cUxOU3JWcE9lcFoyUWtiTXRJR2ZIVzRjR1dLNXpvNTl1akZ5OXBZMUdKa0R4TmxCeVlyWTlsN0g5UGdMdmptNjdTSXNXYkFERmdyX1VWTm5QOHJJS1ZpQzVPY2F3eUNLSlZ5X0Y0dk84SmZKamJTWVZRYlpwODdkVWxqTmJZTWtsQzVjYUZjSi1OeHhCZHVwN2RpYl9ZQkR6NC1vR0JDZ1RuV2JwN2VFZE5ub3FnYVM2aDZoUzVrUEo0Zw?oc=5
2026-06-04 03:00,Bloomberg,bloomberg.com,Goldman Erects Lobby Rockets as Morgan Stanley IPO Rivalry Heats Up,https://news.google.com/rss/articles/CBMiugFBVV95cUxQZmdUQXV0U0JrZ1hqZ0xDMm1GWkJBcHBlQlBhR3F2bkFfTkNxU1hYUFhDd3ZNWmVDYlVIRVJQUFYzcnJQNjJ4RkJfWkt0aE9GUnVrbmpSSG5uOXpEZmQtQkgwcU9aQ1B5NER3UHhuRlVJakZhWGloMkE0TTk3THc0Wm9hekhOaTJRbnlkM0phTEtGT2NqcTBHQy1heEJFU0hvT1d3amRZOWtaN2ZUYjlGOGV1STRieGhmQUE?oc=5
2026-06-04 03:00,CNBC,cnbc.com,"'Memory stocks are the star of the show'; Goldman's Kospi 12,000 call goes beyond the memory trade",https://news.google.com/rss/articles/CBMi_wFBVV95cUxOdVg2M05PbkV1Tmstd3Nfa1BncGJreldtNzdCTUN3cUdlLWtqb05Oa1MwVXgyYVZTcGc1Z0lDREFORENTbXJzRlFPeTJMSmVibXFzYnFHalNBQVlWWnllNUpRSV94UDJzbEp3RTR4Wm95TlFuZ1dqWU5UNHNwOGZhV1drY1hUUEZvbjBvQ0U4LXdScVo5OGpkLWg0WEQ1dlJpVlFuWVFGZVpFcC1lZ2tvc2xYSDdDTWFqajdWSlZ3Rl9ucVc5ZHdNS0UtdGxYeFpLTHM1UkNCR19wZng3Qm4zQlVPWXlPYVJ5SWZBOXRrdUJlUk1OVVhvVWhQX1dQTDQ?oc=5
2026-06-04 03:00,Financial Times,ft.com,Goldman Sachs expects SpaceX’s AI revenue to increase 100-fold by 2030,https://news.google.com/rss/articles/CBMihAFBVV95cUxPeGZReGY3b2VOdDNyeEdwUmg1Nm1JMWQxNmtOQUdmUERqVU1pOVFzT1pPdEhsQVBvM2ZkX2t4RksxTlVacG4yZlFzb0FLRWY4cTlJaXItdVRidE85YjRPMFgtV0puTHdJallidXVtNlNwVHBKXzd4VVg5M0FULUEyYzU1TFI?oc=5
2026-06-04 03:00,Forbes,forbes.com,Goldman Sachs: The AI Boom’s Hidden Toll Booth,https://news.google.com/rss/articles/CBMiogFBVV95cUxPemJ0dC1KZzB2YVBDY2dzQmZRSjZxOFpBNjJQSHZ5SmEtNkNXRzVtWXJhR2hzcTViaDlUbnNTcmkyemN5UE00cVM2aHFpV0xlem4xM3RpNWgxNmxvdF9LT1EwbWIzOHM3SXBzYzdhNHhPazdkd1lFNzFBemxpMmt3RUxuRmk1dUxxNGFOZW9xNFFIVXlpMFZiVWlsLVRLLUlTWVE?oc=5
2026-06-04 03:00,Investing.com,investing.com,Goldman Sachs initiates Prosus stock with neutral rating on NAV concerns,https://news.google.com/rss/articles/CBMizAFBVV95cUxQejlsYUVReXlkanVTWURmdGhiYmxSM1N5Rk1RV3BFX0Etdk1OSXh2RURJdXpwcjJfVTlIc3dpSHNqTWVaZGhlT2VRcm5QNjJyeDdYMlRac1loMmpEZkdObVdyZXlVZlpDVUlwTVd4UGVVcExReXVyRXlQaDZOdlpWc29KN1RxTmpRN1VIZUlLVHdiczBRUy11X0x0bWxYSmxFeEhKNVMwSmlKUERhTGV6ZTVzR2x3czVNNGtnVjktR2Exd0hEbjA4b0JndEE?oc=5
2026-06-04 03:00,New York Times,nytimes.com,Wall Street Is Going Gaga for SpaceX,https://news.google.com/rss/articles/CBMihgFBVV95cUxQTnFrUDRYcmplMllEWXZwQkg4c3o5M1JPbjBxLS1ocEYtUnZLcERHZTZjMlB1MGQyZVRQaTlaM1lLcUMzZ3RXajQ3b2Z6bnlYeTRyVlR1UlZBVEUzSmNSUXFPUFFtYWh2XzBkNGdkZkQwMlhpNk1OU3BDa1RfRGFXRy10STd4UQ?oc=5
2026-06-04 03:00,Reuters,reuters.com,"Goldman Sachs expects SpaceX's AI revenue to surge 100-fold by 2030, FT reports",https://news.google.com/rss/articles/CBMizgFBVV95cUxOTlQzVjlXc3RCUDlrd3JWVTcyV1ZPcm1VWnpTeFl3VldTOTY5b3EtaXdFS3Jidmp3RktsLXloQ19KdTNCV21EMnZfNzM4V3lEUVdfaG9jT2oxTm1DNG5hLWJFQTdjdVJ3eURCMG5DNk5zZGM4TndVR3QzczZRc2NSUTBpVmplYWJjZm9BYWJLRlUzb3ExLTNjUUxsUGtGMWN2OGRfa2QtM05PYVhEcnhCUjhramEtREJlVjVzU01CTU1tRG12ajRicnhXVVlwdw?oc=5
2026-06-04 03:00,TheStreet,thestreet.com,Goldman Sachs sends urgent warning to stock investors,https://news.google.com/rss/articles/CBMinAFBVV95cUxOVll5bk5zend1cmVPV1JUQ3VISUtuNDdFTU5lRlpxdkNXcW5Lc19EM1cxTEJZNFVRd3BpclpIdlFSZ2N0ZUxKdWVFNHVkdTVfUlVNa3pyYjViR1NIWmRjVGt3YmxaSlhrTnVIUGhBbk1fR1h1QVVDZm4wM0Z1YnhmT0R0bk1aSzdjamE0QUZXeFpEWVhkUmhvdHlDN3M?oc=5
2026-06-04 03:00,Yahoo Finance,finance.yahoo.com,Goldman Sachs Just Predicted SpaceX's AI Revenue Will Be This Number By 2030,https://news.google.com/rss/articles/CBMiowFBVV95cUxOX0lXU2IzNjlKaXVNeUpYZnNCN2RidmY4d3ZFSjVGQWVNZHoyakQ3SzJoZFhnMGJKNGktSjRuUWF2RG1MemRwelhRaVFyYVl5elpYUnpXXzAwMllpVHRSOFo3Sk9meXUyOWNGczUtM05tTENGSEl5YmJEQy1rdkVnT0kxVndUWUpILVROTG9mTUpzVlJZM0Y4MFZ2RUZRdFF5Q2J3?oc=5
2026-06-04 03:00,Yahoo Finance,finance.yahoo.com,Goldman Sachs Remains Bullish on Honeywell (HON) Ahead of Aerospace Spin-Off,https://news.google.com/rss/articles/CBMipwFBVV95cUxQQ19acFFrM3U0QUdzZHRFZy00SG5NWnFDR2owT0ZpV3pYTHIzcENZdzRLT0lQa3ZkVTQ1V05HX2NKeVZqU05ycjZBdXBJTFBaaEcyVXNENy1XTXJHUUJyeDB1ZUZfOU5ZazZMTHJCYjc5aVQ3ZXUyQnRWcktpaGJaNWJIam00N0VFUU9qbGg5TUZDOU05Q3dJLVZScG9kRnNtYXJLanlKOA?oc=5
2026-06-04 03:00,Yahoo Finance,finance.yahoo.com,Goldman Sachs and Stifel Cut Accenture (ACN) Targets Ahead of Earnings,https://news.google.com/rss/articles/CBMioAFBVV95cUxPcmFOcHF2LWNHVzJsZkZXWEJueG1Sak4ySmg2aUh5TTNIbXZjY2l1RERVNmxxWDFCOExpY2g0Ym9Rb2p4bTNUeEZ5RmFhYlEzcGozcXBQLXpHS1Fob21VZFdGc1JTOEd2UTZwMFhvUW9wc1NxbEF5RVhNQ1k0MTZNVjZNX3RWSlE3OEJINHhLOTZfdmZ1d0Q4aHpnWllIQVFG?oc=5
2026-06-05 03:00,Bloomberg,bloomberg.com,Goldman’s Flood Sees Buying Opportunity in Stock Market Selloff,https://news.google.com/rss/articles/CBMitAFBVV95cUxNSzlQVWRaWEJBcXJEVUZSTDF5S1NId290NTlyanlKX0NubWJOemxGdlpNYzNDY0NsMEhEdUQzclBVMHl0TDJSdjNwX184MUtfTldSUjJhMlFzczd6NVZIcHdwZ1BFeFlHVllwM2YxYXJXQVR3VVBKMnFlVll0MmFsOWRXdEVsUzhrbHczeTRYUnlkWFNtQ1N4UGg3Z0NvVnpIUW81azRDRGl5eEx1MzVZQlJWcS0?oc=5
2026-06-05 03:00,CNBC,cnbc.com,Where investors may find the next 'big wave' for AI trade,https://news.google.com/rss/articles/CBMilwFBVV95cUxNQUxfX1RuY0wteThPdG5LMTBVQVJnU1h6UVF2WUQzWWx2S09aT2xNUWRYNS05ajBReU8yRVpmSE1tT0N4Z0lzbUNtVVdaQmZMeUpLTy1EdFpmSzAtczBQN1pkR1pidVZDbzVYbzJqdDVPRGY5bmNqSG0yb0QxNTlqUTdpb05MOUs2NXRuUUxmaDUyN0FOejNJ0gGcAUFVX3lxTFBTR3R3VjFIdmt2by1UWHJaRFlfYU9MMkxVQ1M0Y3NjM1Z6a2dYRThnc1FPQ2NQTjdxV2tXOXNKRlNlSTBtcGVKc1UxQWttYTNRLWVQRDk0YTVpM2cxUkdJYVlfVnhJWjRaT2lwNF9BY1JCRlRKNnMtYUxGT1lKai1PcktBeWd4c09BanlQQ3hyanhXMUZHX2NqTUxneQ?oc=5
2026-06-05 03:00,Investing.com,investing.com,Best Copper Stocks: Goldman Sachs Names 2 Top Picks as Global Supply Tightens,https://news.google.com/rss/articles/CBMi1AFBVV95cUxPdUhrVDVQNEthcGdwZUFoQjJURXZGZTB1cF9qaGV6UXBwNU16ZTV2dGM3TDMzRjNCTTB4c2hFaGNlVVc4NUFwZzlXZDNkcWlmWjlwYmxJUDh4TTFxWUlJR09CdG5jdFdkQnBZQXlaQXZxalU2b3ZIWXFlYkw3VFpMQzBHaTRlUzlNakRlOG52THNaMDhNRDMyS242d1JHRG4xOGVuT0FGQjUwQ2hob1BnWHlzMGxEdExpcjBuLVl1YmpvbHdlM2V0ZF9NbEtNbFh3VE1TSQ?oc=5
2026-06-05 03:00,Investing.com,investing.com,Goldman Sachs names top Canadian oil stocks for free cash flow growth,https://news.google.com/rss/articles/CBMixAFBVV95cUxQUHYxUnI4MFNSVTk1RXZDRi1YTnNMazNNQlN3WmVsZ3JIMENHLUlwRkc1T2d6RE5mMTRrcVBPcGQ0Ync2MnVBeDdVaTNWMS1wV1Faa0lpdTlHZE43NUdzY0xJcVBveXZBbGpKb3dyOUNkbWZSZDFIQjF5NzhCUmZReXB6akZ2Y1VsLXBaUWlWQWtQR0M4Nm5FWHdZUWc5X2RKTWRYcXNYVnhudzhtNzNBaDZpbjN1cFAxemIzekVFYi1ESFdL?oc=5
2026-06-05 03:00,Investing.com,investing.com,SpaceX IPO Faces a Credibility Test Over Goldman’s AI Revenue Model,https://news.google.com/rss/articles/CBMisAFBVV95cUxQODZGekhDYjRoRUxRUDRhOFc5RWhGQ2FzZjVYT09jVkdqYTVESFM1Qk1IT2JNa0t1YmVVN1Z5V2RKM2gxRzlmUVlXRnFfRzV6bWhvYTZ4QWNsLXZkN21mcmJKZ2V6VmhmMW5uZEQ2UDJzWGVlR3JpcmcyRkZhSFd6Y3JYTGdBVnVvX2E3MlFVZEFkN1VHR1l4TmxWU2YyZ3d2UTJydFdfYXJBMmtVbjhwRA?oc=5
2026-06-05 03:00,Yahoo Finance,finance.yahoo.com,Goldman Sachs Upgrades Hilton Grand Vacations (HGV) to Neutral,https://news.google.com/rss/articles/CBMiogFBVV95cUxOS2QtV1VwcUQzQmpRcklxbi0wdkpmX2pLU0xjYnlBYW1SVVNxS2VSYlBwRHQya1A4dW9mTXpMQjA3RlJvbmxMMk51aXZGMFFtZFBCZDUwWDNNSTZoU2JsTnEyblZBeWMzNEptVFVKVXJ3YnNLRURfNFA0Mms5RjZvZ2N1UXVIOF9mdi1VRFV6Mjg1MGxRZExRODZCc3oyQW41Zmc?oc=5
2026-06-05 03:00,Yahoo Finance,finance.yahoo.com,Has Goldman Sachs Group (GS) Gone Too Far After 84% One Year Share Price Surge,https://news.google.com/rss/articles/CBMilwFBVV95cUxNcW5veHZ6RDBrWmpKcW5uVzhGVEVwUjc4SFM4VktNdFZMQzljQmZpMXhOdW14d25sSmtoTDJmYVAzUnpId00yUVF0SklKaTBhWU1tbjROMFlLaGNFU05wOXZvYUp2VDRxS3FjVDNxeEFVWGt1VnlQX0s3SHFjN2hJWExrZUZDM3kxOC1saWFuQ05IOERkNFJF?oc=5
2026-06-05 03:00,Yahoo Finance,finance.yahoo.com,Here is why Microsoft (MSFT) Is Among the Best Goldman Sachs Tech Stocks to Buy Now,https://news.google.com/rss/articles/CBMimgFBVV95cUxNdEFXYmZiUjZvTmg2VmMzeVE0ZGhHWmVBRHlHWmZ1UmswenZXYXc0VnFGOG9XcWE1dGhhNzVwQWRvbmtxUTVRV0ctMW1tbk84Q2FJOUhpVjlsREItLWgxZjExemgtZU8xN09VQTdnZE54ckhUYlhOeWRyY1c1RjFnV21nT0RFcW9WT1k5VG9IX01RRHNTbkdRV1ZB?oc=5
2026-06-05 03:00,Yahoo Finance,finance.yahoo.com,Is Alphabet Inc. the Best Goldman Sachs Tech Stock to Buy Now?,https://news.google.com/rss/articles/CBMinAFBVV95cUxOMWp5ZGVmc2UzaUUydnluYWRtbEszOHBLeWtUY3JVNldVdzEzdC03OUNWYmVMUHlhSE1NSDc0OUpzZHZRYXJkRzRZZlloTTJoMThERTZSb2pEd2pVb2ZtMlJLQ0tuNDRzRGVFZjNrTkV0X0ZxSWdNcWdSakJpNXd5UlFFem1PQm5DMDFtMS1jZDB1WWc1akplTmhORzM?oc=5
2026-06-05 03:00,Yahoo Finance,finance.yahoo.com,NVIDIA Corporation (NVDA): Top 10 Goldman Sachs Tech Stocks to Buy Now,https://news.google.com/rss/articles/CBMioAFBVV95cUxPRkdiMmQxM3lhQ3JEX0hlWkEzR1ZFTFo4WGdDM1Q4cC1zQUVXOGVidHZGeVF0blR2S0lIdzZDYUtmZTlaaUxUUnU3dXB4UGVnTkMzRTlLOTBTdGFKMEhCZ2VmSTBTSHd2cVFMNzFKNjZ4S2xzNWZvZHVOWkhBSGl6aWJwandhbjNVMHM1dHp4RG44VkdoRHgxeFJzNklSdG8t?oc=5
2026-06-06 03:00,Barron's,barrons.com,Goldman Is Priced Like a Tech Stock. Investors Can Find Better Deals Elsewhere.,https://news.google.com/rss/articles/CBMigwFBVV95cUxPSEFiUWZUUlZuU1IxZi05TW1xSlpqdmpEZGdpTlRrZVdYV21HR29yRTQ0WFJSR0hPUURja0hwWHMyT2NBTFpzeFE2dWxfYWZXTG9BaENRRnpXSC1lb1pJbTEwN2dZcVRGTVN4cVI0N1VDbEtiTmZpaWUxSmdOSndTeXh3TQ?oc=5
2026-06-06 03:00,Yahoo Finance,finance.yahoo.com,Goldman Sachs Raises PT on ​Hewlett Packard Enterprise (HPE),https://news.google.com/rss/articles/CBMinAFBVV95cUxQQ2k5amxFMXZOSkNTNkZxYnpWSS1vQl85b2Q5aVlzdmRRNEdxR3VONHo4VUVxODFSdFFmdTBRbmNzdkk0ejZjR0htdW14N3ZCV1J2ZjBYUlEtU1YzdWw0QVo5Y3FqTmVhQlFmeFVHM0VTaEtjNnhRVWNIODBpQW9aMnQzQXBmeFFELS1sOF9LV2RrQmdLZVpBRDJaZ3A?oc=5
2026-06-07 03:00,Bloomberg,bloomberg.com,Goldman’s Moe Sees Korea Stock Rebound After ‘Scary’ Correction,https://news.google.com/rss/articles/CBMisgFBVV95cUxOTU9QbnQxMjNoR0R5VnRNcjItVERRd0xpLVl0aTNmX1hDQWV4SjRib0IwbWpHOVdJUnpzRERDRDRsSUtiemthUlhpa3J5clhWVm9PSGZ0M1J2eEU4bncyM1NPcTZoTkxJdnFzcTJDRTlyZDNkTzYwRHlKS2xjdmFBczZzTGxNVk96XzZqcmViTzYwMktucUFBSVNSZHN4c2RHTG02am1OWnJucW9yUmxiVmdn?oc=5
2026-06-07 03:00,The Motley Fool,fool.com,2 Stocks That Win No Matter What Happens to SpaceX After Its IPO,https://news.google.com/rss/articles/CBMimAFBVV95cUxQSERDSV96TmdSeWZjY0hSTkRtdk1wX2J5aVdwMTN3WjhybGhVdkp6LVF0TkFySG9fRkJESG9sYVZlQVFwRzU1cnhLSldSOUVRUlR6dGZsZEo4TXdRR3RoaHRVVHNqbjZGd3hQM28xdjdIcEtMb29WX3BFTjM3OE95azZidEI3cHJjUTAyeEp2REhaelZ4cFMxUg?oc=5
2026-06-07 03:00,TheStreet,thestreet.com,Goldman Sachs CEO sends blunt message to stock market investors,https://news.google.com/rss/articles/CBMiqgFBVV95cUxQUnhwMGRWUGhaQ3hNNlZxcUVTRmdzRUZUTG9fbFhnbmtmQnVRa3ZqMG9VV29TQVpiYkxmcEp6dzR1WUhkOHhEbkpMMi1UMUphalVOeDdKVl9tMW5WZldpeGlxa2pWNmpZclZRYmp6Q0R3TngtREZoUG1ramlTVE9YRnV0UTFqZVhueEcyU0w1MXFrbUJWWFd4SVNCOEtEOU5hbUVPY1BnZTNhUQ?oc=5
2026-06-07 03:00,Yahoo Finance,finance.yahoo.com,Block (XYZ) Added to the US Conviction List at Goldman Sachs,https://news.google.com/rss/articles/CBMimgFBVV95cUxQckpMMWN0Vm10cEZMbEIwSURRVExNa0lpSEEtYjhUOV8teFlueWxIN3VYNzdGa2xuVElkZE1QSzEtLVNnSklhYWRuRmo3bVdHcXNabzB6a0dIQ211UDdGbldhRElDZzEtNndvTW1mQWpIbm9KWF94Wnphd3JKTnFnRW9GMU1fYnFKTzAzSHZobVo3QUsyM19qSVlR?oc=5
2026-06-08 03:00,Financial Times,ft.com,"Earnings, not valuations, are fuelling the US stock market",https://news.google.com/rss/articles/CBMihAFBVV95cUxPNWd2MjZyQTBHYUhuVmxZUV9LTG9sWkhDbHU5U2R0R01lTXl5MEtyWUJtRE9YaWxVOE11TWlOdGZtVmwwOVNTaHdJX3ZGNmdkdHlEZmM0QUY0aVFfWXNjRkQwcnJ2TmlPU3VTbzJTNTJOUDA4RFUxbkVQT3ZYS3Z3enVzYnA?oc=5
2026-06-08 03:00,Fortune,fortune.com,Exclusive: Goldman Sachs intern acceptance rate falls below 1% for third straight year,https://news.google.com/rss/articles/CBMitwFBVV95cUxQejZhNldBZjBpTHVhS2t3R01FZXFsdGJHazk0cVVnMnB5LTBWN2JkWGlkNWVMR25OWUNndlc3MkpuZ2M4OThCaG5UT0xsYlVJdVl6S2VIdlNUSEJXbk11WmVLd3pBRXJSYWRCVzhUcXRkMm1rSndxdk1WeVhDR3V4eEkxMF9aNUk2amVxOTBNZmYyNndQQ2lJRTI4a1ZTOXVtVWVselpVWkdheG14UmNlb01TTnlCWlk?oc=5
2026-06-08 03:00,Fortune,fortune.com,‘Yet another way in which 2026 is looking like 1999’: Top analyst fears bubble popping with investors and Wall Street out over their skis,https://news.google.com/rss/articles/CBMimwFBVV95cUxNWGlZVVJFejFVcEd5RktydDg4QUI0U1RVSjZzTXdQdFJDTU5WQ1c3bGVIZkV2bUR4d194YXotMVBKbXk0MzBXT1V4aWFYOGxfWURGS29NS2JnSVNDNjhoV0F4NmFsdkpHY1M5aG9QVDFoN1NDWXB4WkFkVVVKalBVOTZuZ2tRazVEMk5WdDFVQ3ptSW1kVFpUaWUzMA?oc=5
2026-06-08 03:00,MarketWatch,marketwatch.com,"What nine different indicators say about market exuberance, according to Goldman Sachs",https://news.google.com/rss/articles/CBMixwFBVV95cUxPVmJHZXdjMEpvOEE5cmlITzlMc1M4T3huTmMwdUNFazdkXzViZjdTbWExSjRWTmpXek1VSjctU2dNZ3UtM3g0eVNabWRQZFJxRVVtNE5leE9nRjFKMmo0U2pBUDhnMGdpUXFBUDVMRmxFSHRrZjFTejFnOTdISFlRMi1zQUpyY21hdW1qcHJoWUVZSDhtanBtcUF1OFFUdXBwdDB2aHRGSXk2QWZaNUlYalZuYVZ5X2VLd1BjU1V1TjBUX3VnNTQ0?oc=5
2026-06-08 03:00,Yahoo Finance,finance.yahoo.com,Goldman Sachs Adds 4 Companies to US Conviction List With Huge Double-Digit Upside Potential,https://news.google.com/rss/articles/CBMimwFBVV95cUxNQlU5YVFPNFFVZ2tzYU0zYlZlRGtubzNCWmk0TXQ3aUJmSWhwNHlZdkdxaWt1Ym40bWpFZS0yNHNmeXBHZkFWeGlDQm5OYjdGMWY5R0RaSTE2YkhFZEg1N3o2eWg1c0RGWURNMnJ3aXFYRjkzQlZOZmFyWTBxZGY1RUh6RmpBSlJtZUQ3SzJUb0pVQ0trdWJRZktqaw?oc=5
2026-06-08 03:00,Yahoo Finance,finance.yahoo.com,Goldman Sachs Issues Blunt Warning on AI-Driven Market Conditions,https://news.google.com/rss/articles/CBMioAFBVV95cUxQVnFpbjlaN1Nmb3hQcmdDaUZFdnloTVZvdHpBMnNvbWNCc2NqY1RJczJhNG9qWlFXeENZOGNqaUoxcjRjSzZNSFRtY0NFN1BpZzFYSkJjemxhbnNad0VFNlI2c01jMGV6UGl4dDVYU2hGQVJ4MVZwSi1VS09lSzk2dDV4ZHR3Tk95QnJUTnYxeFhyLTNQTXVMRmRTTW9fMnJX?oc=5
2026-06-08 03:00,Yahoo Finance,finance.yahoo.com,Goldman Sachs Maintains Buy Rating on Abbott Laboratories (ABT) Stock,https://news.google.com/rss/articles/CBMioAFBVV95cUxQVVFpV3d6U0pWTUJTdDZTaFdkbndJWE1zdFY1TVhGZ25qLWJWMXIyTk83MV8xTWFGLVhZUFFXcmhJbWx1UEZLQ0Y3UHYtSEVqNDNUX0cteGVCcnAyZndQcVQxeFB2QTNLUGo4M0pKTDcxTjRzR1lSVFJoX2U4TmUwLWZ3RGdIbWVxcHByN2VTQjE2bEJFOWlQZkpmY2FHMjhN?oc=5
2026-06-08 03:00,Yahoo Finance,finance.yahoo.com,Goldman Sachs Trims Amgen (AMGN) Valuation but Sticks with Buy Rating,https://news.google.com/rss/articles/CBMimwFBVV95cUxNc3FRYWJQZFRBSVVRTVhucWxQQi1RN3F6dEZZb01jbURMNkZXTkFKYjY2a3Z3UVBJcElHTDdVWXU5TXNfTlZfY3gtRFVLQmlDWWFubTQ5WUtTdG5CaXlvdjlUMEVQd3BnVl92OVB3VnZRY0Y2NGhrWkZYeGJrY1lsb2o2M3IyUzNuSUpSSHlqWDNYZzhydG9FZ1dnVQ?oc=5
2026-06-08 03:00,Yahoo Finance,finance.yahoo.com,Jim Cramer Says Goldman Sachs and Morgan Stanley “Have Been in a Club of Their Own”,https://news.google.com/rss/articles/CBMimgFBVV95cUxPNlViWXdSTW93QUh3bmFtb0ZwOW4wYjNOajNXaG5FdWpWblY0U0JpQVRwU21sYjJ3UzNNWTFLOVFLbWpabGZiWTl1ejBqZzl1eTVkeHJYVlZOREFNcUFJTjVWbnUtRndWT1dWRHV5VWpUYVhpSmswQWJqNVpCQmtlVXBCRm5sMDh2M3BrWE42X1Nvc0tDNGp1MkRB?oc=5
2026-06-08 03:00,Yahoo Finance,finance.yahoo.com,Should You Buy The Goldman Sachs Group (GS)?,https://news.google.com/rss/articles/CBMilgFBVV95cUxOZkY5Zy1vdGlEbzdjc3hoM093YXM4R2ZtZGNJZEF0OWJMNW1TeHlXcE11Qzd4aVZRdmhoVWVNS3dCZ3NrZUZVQnJ1QjItTXI0cXFXYnROcGJBUzZTUHR0ZmNERkFGWWpkb0plc2lTeHpMMG9pODhxT3IxdHdLd0pHMHg0OGVpLXBadUZCSWR2S29zMlFkZnc?oc=5
2026-06-09 03:00,Bloomberg,bloomberg.com,"Goldman, Barclays Traders Warn of Market Risks After Friday Rout",https://news.google.com/rss/articles/CBMitAFBVV95cUxQNDlXNUxfOTVEQnVxWTNlNlp0OXhCQ3VkV1BKa1dMVldnbThHYzlKMUZJT0MxUWdES1QyWWJEaDRrQ29qTVFOLWlXZkhLb3VjbDY1VFdQaUZ3SEd1WnE0SmFvaUhHcGk1amxhZVA4ZHFRbzlyZFNCM3N4bDJub3FlNzlKQ2lWRC1JQ1VscHJNUGZsMVA3NWFGUWhkX05lV2xaelE3TC01SDJZbW9Nbzg1YUVHMng?oc=5
2026-06-09 03:00,TheStreet,thestreet.com,Goldman Sachs sends strong message on next Fed rate cut,https://news.google.com/rss/articles/CBMijgFBVV95cUxQUmhNMENIa3k0WDFXN1hlY2JkYjFRZlR1UWZFdmwzTEFvQVJUWHFvOGtiOXlEcG90RGxsSWN3MjJjWDM5WnNaWU5kM0tXMDkzaF9nNko5ZlhaT3JncWQzWXlGakU5NktMcVEtZGp0Z3Q3bjJJOFpnWmUyYWdUc1hiX2E0Q25LZ1dUMGNXRVl3?oc=5
2026-06-09 03:00,Yahoo Finance,finance.yahoo.com,Goldman Sachs Just Made a Bold Statement About SpaceX. Here's Why I'm Not Buying It,https://news.google.com/rss/articles/CBMimAFBVV95cUxPNld5MU1pVEVWQWdlcVVLREhBS3VpYjJYUmN4eUNkZGhqZHRKWVNEVmE4bWFTSDRSTUFpZVVMWUs4bkJTSWFVWkhiVFRMMXM1TGtpN0I5Q1NzQUZFVDJiMllVaFBWdzBGbkRPWTNPM0ZnUEJ1cUU3eGFoLW4xTm83VHBKb3A4MWx4ZEp3eXdPT3A0cnpWd3V2OA?oc=5
2026-06-09 03:00,Yahoo Finance,finance.yahoo.com,Goldman Sachs Says Buy the Dip in These 2 Newly Public ‘Strong Buy’ Stocks,https://news.google.com/rss/articles/CBMilgFBVV95cUxNNDFsREJTVUlaX1lOTGdzdTZKVU1ZeG12RWIwRUtURC1yWVdQN1FKU3ZBRkhHV0pFN0hWMWNQcDN2OUMtWG5rTDhmLWZzZUtZVlp2ZnQ5S01oLXVvWTBKUElwNXROT19YOXVkelY4MVMwMWVLNXRURUpnTkxXRmJjQUZsdFQ1WW5LUmItUWo0OV9XRFcyWXc?oc=5
2026-06-09 03:00,Yahoo Finance,finance.yahoo.com,MU Stock Slides 2% After-Hours As Goldman Sachs Doubles Price Target But Keeps Neutral Rating,https://news.google.com/rss/articles/CBMikgFBVV95cUxOX0taZ1B4S0dLSHo3YUQ0RFFUd0J2QVNsVDdJcW5pQk9IQ0NEN1ZJSEZmeUd4Uy1TQzVVODVGUFd4Ung5S29KaHZxSmtBSnRSSnVZZXZVdGpkcjVwSUt2LU5ldHJlZThyejFpQ2NMbllkczg5UVd0dTFxNllvVl95LUg4R29EbEszcTEtOFJCczZRdw?oc=5
2026-06-09 03:00,Yahoo Finance,sg.finance.yahoo.com,Goldman Sachs Accepted Less Than 1% of Intern Applicants This Year. Here’s What Set Candidates Apart.,https://news.google.com/rss/articles/CBMihAFBVV95cUxONzJfZVpDS1VzdGlVa0Q4SGlYbmo2YnJyd0hSNUNuT2YxUnQ5WWl3YURRLWQtd2IwMW9fT0VTQnF4T05ua19aY29FZmlMa0R3VzlqMjhfTmh2ZU4zTVdMY05oazZWSEdhVmQyTHdQSm9aR2pKOXBEN0tmZzFidHN3QmdxLVI?oc=5
2026-06-10 03:00,Business Insider,businessinsider.com,Goldman Sachs says the AI boom is bigger than investors think,https://news.google.com/rss/articles/CBMioAFBVV95cUxPQjVZeU8tQmZSVm55WUVSU2pPUnpIVFVXd09qeV9KWXpqNUV1TWEyY0ZNakVnZ2s4T2J4VHZycmNLelJuZHAyVzJJSTE0V25uUF9uTHRTVlMwQUlCOUFFSUNqWXVYd0Q0QW03ME1wUE5lUUdWMXpyWTlCckx6TzNvT3Z0U2RtQWU5M2VjTnRJb2EzMlFzd3RST18yWXNmWGVa?oc=5
2026-06-10 03:00,Fortune,fortune.com,A $7 billion horse race: Goldman Sachs and Morgan Stanley battle to lead OpenAI and Anthropic IPOs,https://news.google.com/rss/articles/CBMiigFBVV95cUxONlhSQm4wTHVoNWcxZTVISXZVX2QtSUUyUjg3MXRIbU02aTRPWEFjcGpYVkNwbEtwVFRhNlpxd3Q1b3VfMGlqbzNzMVN3dFBRRlZGRUZyeHY4czV4cUpTWGdMWE9VV2pTRmxiVnJxZE5aTUp4NVFOMmttV0E4azYxaWlnN0tDYk1sR2c?oc=5
2026-06-10 03:00,Yahoo Finance,finance.yahoo.com,"Is The Goldman Sachs Group, Inc. (GS) A Good Stock To Buy Now?",https://news.google.com/rss/articles/CBMilgFBVV95cUxOdzhKWk1XaEZMdF9jZ3RObi0wTjJnNW9DdHF2Z1pucXpXazA4cnVXMDhGQnM4YW9tT09ZRWFaM285d2NyUWdtRE1TN3JZdWdheFdFRUZ6V0ZxdjFET2ZBd3JSQS05X3B6c1JYN210bVByNlhCVU5VLXMxaVA3R1l5T0Z3X3dpWU5yc1AxM0ZVUnZYeFNnZFE?oc=5
2026-06-10 03:00,Yahoo Finance,finance.yahoo.com,Possible Bearish Signals With Goldman Sachs Group Insiders Disposing Stock,https://news.google.com/rss/articles/CBMipgFBVV95cUxQSVk4bXA4aXBucFlwX1VIWjgwYUY4TnVUUHcwNF8xTXhmOXlpcTNjeV9jMHljaW1mNkc3cFo2ZUN4NWdsbFpDbVpvbGdtb05jeUl6QXRLa0tnaU5yX19IeWhGWW5FX1JpZElRaFVtYzF6S0lickk3a010M3hmc1MxeGl2bWYzT1NYbHZXME5KQktWRW9MdklubEstSkJ4WHctYXJkV293?oc=5
2026-06-11 03:00,Bloomberg,bloomberg.com,"Banks Curb Hedge Fund Bets on SK Hynix, Samsung After Wild Moves",https://news.google.com/rss/articles/CBMitAFBVV95cUxOQ2Y1OUp2TlRCbnA0QWRnYWI3UXNZV1JSTEEzYVo2aXhHTVV0Z0c5MS1TbUwzUnN1OHJlSHg4WlJ1YzFYWmFvTmo0T2U3bEtHY3dvaU03WE5KanpsYWFvNlc1NUY5Qk9xOXM3UGNac1M2aDB6aFZDeE44S2xBdXlGYzhGNGk5Q2FIX0lPUHJ5dmtqbUY4WURvVUstbmtSMDl3bFZDOXFtd1hXSjlwRkVLUzZoTjc?oc=5
2026-06-11 03:00,Bloomberg,bloomberg.com,Goldman’s Hammond Says Analysts Underestimate AI Spending Boom,https://news.google.com/rss/articles/CBMiswFBVV95cUxNYzFsYk1zR3JabXRPdVh5LWVBdVVyczJ0ZTVhd0x1M0dJcVdhUnRqVExVY28xR19fTWFzbjYzZV9nMXZtejM4VW1Rbm45WnBWS3Z5Y1owcFJmX0YwdWJLbGxQbUZ1MWR4WVBqUnpzM0lybGdzZFBXSWhocmg1dGV2aHZYRV9nbm9NT0IxRzNHNHk5cHluX0huZ2ZCZkVSX1Y5MlpwSmhaMGhWLVVBRUFiZlZTbw?oc=5
2026-06-11 03:00,Business Insider,africa.businessinsider.com,5 charts from Goldman Sachs show how AI mania stacks up against past market booms,https://news.google.com/rss/articles/CBMizAFBVV95cUxPYnZJeHJZeXloQzFaWk82Y2QwYkxoVG1pMl9QVmx2d0lJODJiUjVvZlFvNmd4dDFjTzBNUmVlY3lrM0FBNjRDVzU2UnRBMHc2Q1M3dlVCNldDOUZrVDlXOGJiclU4T2Y3Z21uMmM4c1dUTlAzNXpEUGI0ZElhLWtiLTBhTHhjWmRIUURqczVvLXYwcVlzQ2QwLXhoeHJYOVZJV2NnejJFckU2Z0Z5ZTVTa0FNN2hkeGpKckpHVzhRQXNPakVwRkppamxjZTc?oc=5
2026-06-11 03:00,Business Insider,businessinsider.com,5 charts from Goldman Sachs show how AI mania compares to 2000 and 2021,https://news.google.com/rss/articles/CBMijwFBVV95cUxPZVRLdkVUTjFteVg3cGVuYmIzcFhxUFNpajFqU0VFSGZFODlNSEg1Tnh2dTBad0NjTlV3Zjg3UXNHRDAyZ3FidG92Q0hvMGNOUXVlQTlFczMzTHFmV29lMGE4eUZYeWQ5aWRsU1V3TnBGSUwzc24wWnVORW1jcmxXd1ozT3BVY2t1bU5vUGpmdw?oc=5
2026-06-11 03:00,Fortune,fortune.com,SpaceX lowballed its bankers on fees. Goldman Sachs has another way to win big,https://news.google.com/rss/articles/CBMickFVX3lxTE93Qm5Rd20tWU83M1VtNWR6b2tiSnRHSWt0bHBCVmNaUWZtSm5HdWVieGxNNG1tLUNXenJEYnBCTjFUM3RGWS14UHpWLTlhNjY0YnYzVTc3NjlVcnNPMWltdTQ1aFdLM09pOHFRVDdIS3Njdw?oc=5
2026-06-11 03:00,Seeking Alpha,seekingalpha.com,Goldman Sachs: Take Advantage Of The IPO Craze With This Leading Investment Bank (NYSE:GS),https://news.google.com/rss/articles/CBMivAFBVV95cUxQSy0wYUN3U0diT29hVlI4b3FaQnFqN0Z6Zi1ESWEzUk0waDZRRk56ODNzbXVxMlhjSGpkRzRWVmpuOW1Ea3N3ems3T2hzcXRHOEdSVldtWHZsejN5OTg3SDVIXzF1TGc5QVRneTdpSHJyQTN0YmloT3VLa1I0dGVvbEFDYjVUdWNmSFdCaHV2SmpoSng2OGdIcDhMbzBfM1Rla3A4UExkTkxvZW9TQzlqamlpcGpOcldzRWE1Nw?oc=5
2026-06-11 03:00,TheStreet,thestreet.com,Goldman Sachs rethinks what’s next for cybersecurity stocks,https://news.google.com/rss/articles/CBMiswFBVV95cUxPRUh4aU1HWnB6d3Q3b3BqZ1R6a2NLWW05Rk1xc1F2eTNNV01uOWlMcHBDWW56YnUzc09aUmtvY2kwZ3g0TnpYeGZiSzhZSDFkNDFzZjhiSW9ERlU0dkhwQV9JR2E3M2NDYzJnaGNLR2JXTUxDZ0t4MGhacmZhRC1XS0Vwc2pvc2JNc1RKMFJKRk1pY1BYVlNxdXg2QTdudHY0QVVTVldzRF9yb0J1YVYzcjlWRQ?oc=5
2026-06-11 03:00,Yahoo Finance,ca.finance.yahoo.com,Goldman says consensus 2027 hyperscaler capex estimates are too conservative,https://news.google.com/rss/articles/CBMikgFBVV95cUxOQ1FpMTByLUFXV1NNWTFFa2dQcUdUXzREVHNNV1dBVVY2VnRiLWtOd1VYZHQ2by1WRGVxdVEzcFhmb1ZFTVlLQmFXcGpDOFRxel9RRlRYWU5MaTJEZXFuMG5KT3pjZnZlYnc5YURUQkg4NkEtdHpOeUN5S2FlMlF0TEhLbkFDdDhaODlteGxEM0p6QQ?oc=5
2026-06-12 03:00,Axios,axios.com,SpaceX IPO is a model for Anthropic and OpenAI,https://news.google.com/rss/articles/CBMibEFVX3lxTE9FVEs5V1VoeG5qUHZpdGpPb1dXZkVkMFo5Z1RNMnNwb0Q4TTBOMlRTMVk5ZHRUUkhfODBjQ1hHLTBiZ2JXZ0pIR0NOMzlhazBkdDRmRnBBcmhlcU1CZEw0RndyZTI0djNCUE0zUQ?oc=5
2026-06-12 03:00,Barron's,barrons.com,Why Goldman Is Cautious on Micron Stock Ahead of Earnings,https://news.google.com/rss/articles/CBMijAFBVV95cUxQMDMtcmE5RkdOSlpnQ2QxbXd0UzhDLUR2M2RuT3pxb0xya3dwckIxcUE1RXJPZmpZN3Rjc0p6TXNFTXhlSVlma2pEb0lFYjRfX0JURTJJZkY1b2xPdWZ6akFjeDRNQm5JTVlnLW84bjNaREtENDJpTTZWeldhc1p4d1lZN0JMM3l1VXE3Yw?oc=5
2026-06-12 03:00,Bloomberg,bloomberg.com,Goldman’s Waldron Says SpaceX Shows Investor Zeal for Funding AI,https://news.google.com/rss/articles/CBMitgFBVV95cUxNNk94TnctN2V2cThZeEpzWW5JMUpJQkJUcktmOUFZTHhVUDVMMXlTOGoxekM5aDlmZl9vdGxoVlE0Si1EQ0kxYkhWTmR6VGxnWDFjcmtMYkJvM1k3TmFLMW91TDNMUjBOUjdUajNxdGNhNlVpeFlQTVl3TDk2M2V1ZmVsRkxDRzJmRUowdElZaWhFLWgyM2NzeHdLLWdmVTg1Tmtwd0xKUmwyY0llbld0MC1UN0VqQQ?oc=5
2026-06-12 03:00,CNBC,cnbc.com,"Final Trades: Jefferies Financial, Goldman Sachs, Kinder Morgan and the SK Hynix",https://news.google.com/rss/articles/CBMivAFBVV95cUxQdTFCYWNwdkNrWUszMmtIM0ZjYjZvNHdQZk91UVRpUlV5RVhMQVpBQjRRc01Qa1pndkRUTVdxLUtjUXRVaWFRbjhMa1l4bFZvREVMdkpjZnFnbS1CTnJpeWNpaGota25PWmFWc0hkSFdjQmhJZTdTSlNyWXp5TUFDeUIzYzJ1TGJ3RDVfSjFzc1BjSVN1ckR6US1TWVhSZkdPRjlQUVhWOXh0VkloZXVxbXBfSTNGU3k4elduaQ?oc=5
2026-06-12 03:00,MarketWatch,marketwatch.com,JPMorgan says investors are overlooking the upside to Wall Street banks that comes from SpaceX and other mega IPOs,https://news.google.com/rss/articles/CBMi7gFBVV95cUxNRHRhejVPUDZHUlhWeXBNMGxlQ0pVcER4U05BaV96bVVJUFNKUVV4TlVybUR6bk9ZSDdESG1EYklhUUV2QUJZUTZRQzBIYm1DNUF5cHJ0TlNmZmNlMlhfR3V6OXItSUJNYk5HUkRMeFIyWWcyRVkzSFcxbVZwaU5yQ3hyRTlla0RveUpyeVlvQXFPcmt4OEdxSFlyelYwWGRRTjRXWWs3d01yNTFDcUpZM0dkWnN6VzJzbk5WTmpjdkktWGdXUnI2Qm1NSlVTcWVVcGpLM1ZaLWNvRWFuZU5mYjNhRDYtRzRWTWowZHZR?oc=5
2026-06-12 03:00,Seeking Alpha,seekingalpha.com,Analyzing 4 Goldman Sachs High Yield Income Funds,https://news.google.com/rss/articles/CBMilAFBVV95cUxPNUROc2tDYnpPUm1wNUE4bEh0SlVwVkdlT1RiNFJZSDlseDk5TjhzTmNPVmdqYmNLTDdlb3AyRnp6UVBaSUJYdXBlRjR2eUNaZDI5Q0hjbzFSTnRTSzRwN2sxWnYtSHF1dmNYYkRyMmZvUVo4WGpVNGNtcEdtOERLZGEzdWo3c2ItVVl3WHpxR3BOSXI4?oc=5
2026-06-12 03:00,TheStreet,thestreet.com,Goldman Sachs doubles down on stock market outlook for 2026,https://news.google.com/rss/articles/CBMipAFBVV95cUxQZDFVWWR6VXFCM1BZT3dTdzVKbjVmUHZJcEN0NGNtZVQ5djU5eTJBLXVSMTFkTHZzdEpETXhwUXhKTWZjaml1eldxZkp2SGc5TlFkZVlRd3VVQVJXQ19YQndWWDUxQ0NuakduLVFTcFk0R2NLZGxrZUplOEFyUk1kMG01T0hEODZYcUNPS3I4SHQ5M3NsRE0wNWxlWGUtQU5oWHhtRA?oc=5
2026-06-12 03:00,Yahoo Finance,finance.yahoo.com,"Goldman Sachs Maintains a Buy Rating on Eli Lilly (LLY), Cites Encouraging Obesity Treatment Pipeline",https://news.google.com/rss/articles/CBMipgFBVV95cUxNbW80VjduTFlWOFB2dXBTa2tMTXdmV2tJN2hmdHBDOFM4R0hhdTlNVDN4dXk5X1NCMExTZFFDSF91UFVjV2xPOE14eW1XVUwxZUVqblpYQzhsRV85TWppOGRmbExoVG1iVjVURnl6SWNDc21oWG10QjdHdllPeUxxRUpLYVF0eFh4VUtnSDY0WnFLaS1jSFZRR19yVHdTcExKU1Z0V0l3?oc=5
2026-06-12 03:00,Yahoo Finance,finance.yahoo.com,Why Goldman Sachs (GS) Stock Is Trading Up Today,https://news.google.com/rss/articles/CBMilgFBVV95cUxOZjdmTlBlblhjQVRtMEh1Qkh3T3I5Mk9BcFBlSkNXcEt1LWdxLVE3enl3WTRxdTl3RUx6eUh4Z3pFWDNqTGNrdlY5Qm1acUZZOU12WU5URFNqZVcwbWZicm16OVA2bU1kdVpvcVRtN2c0QWkyZ19FR21GR0FMSF9aM0tfWEY4U3dKSXhQenpBbG5WZF9Sc2c?oc=5
2026-06-14 03:00,Seeking Alpha,seekingalpha.com,"AI spending boom is boosting profits now, but could pressure Big Tech returns later: Goldman Sachs",https://news.google.com/rss/articles/CBMixwFBVV95cUxQNGlIUi1NbHlDVGNNbE1xZUZzSFpweEJZczVPY3ctN3p5VU9RamxvbHZTNTNieWhhanN3NmdUaF9IV05sMUNWdDByUnBzT2o4WE9aenkydFFFNjBVTjFRb09lMVhLOE50UjgwSTJmVlhrd1pZSTFEWk1GTkE5bkdPRmt3enBuNEJPTUFIc2FMZVMwMERVR253N0NyQ3JHNVB1bG44LW8xMzRmODl2UGctTXFSREI4TGtFRzRXOXZYSVVTai1XR1dN?oc=5
2026-06-14 03:00,The Motley Fool,fool.com,Goldman Sachs Predicts AI Infrastructure Spending Could Hit More Than $1 Trillion in 2027. 3 AI Stocks to Buy.,https://news.google.com/rss/articles/CBMilwFBVV95cUxPSFh6Nk0wNlFXZTlISGd5TTUyaXdHMjRTLVNOSXhDekM5TjBNVmo0NEtuUDI5N1M1QllBcjhHU2VBRDUtSHVTZFIyY1B2aUxkaUJhREdWdDB4T0poY24zN3ppRFkzWEZIcm1Ga2hEaXRTandaZEdiQXZDU0l4azdZR0d6ZnlBcDhoQXcwRGZmWUFfOWh1blZV?oc=5
2026-06-14 03:00,TheStreet,thestreet.com,Goldman Sachs doubles down on Novo stock target after key event,https://news.google.com/rss/articles/CBMiiwFBVV95cUxOUTJQbFcxS3B1akVtSTB1bDZaaVdEUDJlU19RenRETFByWF9UQjdaejhld3Q4aXVqNWVrN01ORE9sM0hHOFJLRE5uZWd5dnJuWHo5dFVLRjI3eXZDdmk4eXE0RlZ5cmlRTWNubFl4VWVMdlRHWW9ROGVqR3dmS3JVMGtNVjdzQU5INVRv?oc=5
2026-06-14 03:00,TheStreet,thestreet.com,Goldman Sachs resets Apple stock forecast after WWDC,https://news.google.com/rss/articles/CBMikgFBVV95cUxNdFhQUTd4cWtlWHJ0MXB1QmJHQTFUb1dnS19mMTlJNnZFcWEwY0ZFaExqNEU1V3Vib0dlNE16U0J4alRMM0lyWWFMNDc1bUhDNmdhYTJLUkVrb3dtRGNaUllKWWRMYVh4Z2ltNkpNM0t6RUxISjNpS1Y0X2cxU2NRdUJrYXZEb1RjMzRxMTJVWUtWZw?oc=5
2026-06-14 03:00,Yahoo Finance,finance.yahoo.com,"SpaceX Paid Just 0.7% in IPO Fees, Yet Wall Street Banks Rushed In",https://news.google.com/rss/articles/CBMijgFBVV95cUxQbFY0YzhNSzkwRXFsQllOR0d2dmZWV2dad3ZrOEtHZ1E0dlcyNkVYR2E2dzZZUWtab2ZWV05tUkpZeGYxRTJHM0RNbFg3WC1VcEJOX0xkQkVLaEM0ZEF6clo0cnFGTnJneDlHbnluYmVaMGV5Q3VMZmFxOV9nU0ZMTWgyUVZDREl0NlVXYWN3?oc=5
2026-06-15 03:00,Benzinga,benzinga.com,"Goldman Sachs, Jefferies Financial, Kinder Morgan And More On CNBC's 'Final Trades'",https://news.google.com/rss/articles/CBMi2wFBVV95cUxPS2JieWJCQlhfaXliOXNlRGw2dDltNVFoVXdTWWhfVHBlQW45a0stUDNiSVd2bXdFY3AxVzRTRms3RFBiNFZweVpJeGFUSk1VbV84ZHFwWjMxMUxPQmZXSUlObllUelZHX3o2VkhOQTlVQ056bVdKQmlZNnBud19kdjBVVENnNHRIQkZfYmYtNHBKLVNZOGxhQUV0cGZQSUNKWUZsYlE2YnRsTnpMTnI5ZWhCdWRWdzBMdy1RSUpOOGZ5TFhpVmp4QmlialdvSVpSbFNIcHZkVllzbnc?oc=5
2026-06-15 03:00,Bloomberg,bloomberg.com,Goldman-Backed Energy Trader to Raise Debt After 96% Profit Drop,https://news.google.com/rss/articles/CBMitAFBVV95cUxONFdFeG1COTh6bjlnaHp3akVCRFZTOUxtZnVkUmVLVG9OaUw1dGdTMF9XNlVLSjgwRU5EQnpZSl9xd2lITnFJelZqaUFxM1U3cDVxZngtM1drTGlGeWNHbm5vZnVwTTVmV2w1SnBXdEpTUVp4Z19HUlhrNmdfYUlVcEdfMlRITm9LMnJ3VVItWXZIRkE4dmZBVTloMTNkT1RGb19rTjd6bU1BX3loZVRJQmNueGw?oc=5
2026-06-15 03:00,CNBC,cnbc.com,SpaceX IPO raises total of $85.7 billion as underwriters exercise 'greenshoe' overallotment option,https://news.google.com/rss/articles/CBMiggFBVV95cUxNRmRPNUg1cDB0dUZWSmxRc3R5NnY4eU42SnJLeE55NDRua1dNVktUWUo5YVpvcExJcFZDZ0l2RG95UVc0RlJkdTlNMTZ1OVAwM3ptbHZoVmFHd01CYi1RTEd4ZHU0NVg1aTRKRmtfc0I0UHBzZWJBSER2QjRJdm1YSW930gGHAUFVX3lxTFBnUlZkT3lRb3lsTFpDMWNMVlluclM2aE1TT1hGMkNTeW1RTUFueERMOUpIcHlWWTFjSUJTaGJwb1JQR3lyX3hYTHN0MVhaUHpnd3pNamFXN2paVmFRa3BSMmRLNW43WUZvWXcxOVVMZmQ2aXBYc1N2WGtGdjRleEhjS1RXcTFjOA?oc=5
2026-06-15 03:00,Reuters,reuters.com,Goldman-backed Danish energy trader eyes US gas expansion as results plummet,https://news.google.com/rss/articles/CBMiwwFBVV95cUxOSUNzNy1pcVBVSUdnaEd3dWhOWGRoMUh1S001QzZVcjNUUExaQXFlZUJsS2NKT2ZrUS1kZjIyYTZ5V2lMN2pHS3VNbFVxUjQtQnhsdFNSV1FFWnR6XzNieWRzenBWM1FaM1Vhc1lIamp6X0RjUG9nT1lJTUdPZ3NydkNTQVNNTFljSXVQV043RFA5a1JfM213SjJ4T2dTRGs1dUJXQmtoR012UG41UV8xRU96ZV9mX1hLeWV5ZlZGM1dZclU?oc=5
2026-06-15 03:00,Yahoo Finance,finance.yahoo.com,Here's Why Goldman Sachs (GS) Gained But Lagged the Market Today,https://news.google.com/rss/articles/CBMilgFBVV95cUxPb0xrUUJiX1g4ODJDdF9jM2VJNmRXS0x4b2taQnN4ZFlMSVdlZE9ueDJJSTZNZEdMVXRYMTBGVnRBWkp1anJXSGM4NS1peFY1cFJReU5maU01TFJFbXJ3bkRQR3RCaDFiMldJVlJLZnFZREI1ampwT3A2MWxNT0J5WXVKbTJMRzN1emtDdlBBaTNQZ3ozS2c?oc=5
2026-06-16 03:00,Bloomberg,bloomberg.com,Goldman Traders See Room for Rally to Broaden Beyond AI Winners,https://news.google.com/rss/articles/CBMitAFBVV95cUxQaFhCWnZFZF83MjYxTGZUQnRRTnk3X2NpY0IxOThXMkdLS1JuelBuZklRdXFXdDRhajg4X1Y5U0hsVGxrbHVYMUJ0d29WanNSbWRobXJEOEJ2dnpuV3RNM2V6MC10c2tqUDNYVmpzTVJNSVNidTJqanJ5bTFzNEltQjdpbkpTRGFpSUdieU4yMmE3RjdOQTFVWUxNR1Y0UVZyWjY5SFVEOWU4WHJMVGctdDlJVnM?oc=5
2026-06-16 03:00,Reuters,reuters.com,Goldman Sachs shatters dealmaking records with $1 trillion in first-half M&A volume,https://news.google.com/rss/articles/CBMizwFBVV95cUxPOG52QmM3QU83dHd6eTlVdTVuSnlBZWlmS1dySWI3RUpOLUJDOWtXVHRHOXdNWVVfVFB5U1R1TzhuRjhkNFNrd1hFWkVrSnFjbzZaLWJ3TzVWTm9aQ3ktakQxci1ENzYwLV9lR2haZ094bV9ZMnFqWmR5RWJjX2NpYXVBMVNyWHJjbmVRWFB4QjVmSVEtV1FRY3BvNmZpbVdfdkZjTWNQZ1IzajliVjRaRTVRZmlQQlJKX0FhZlJheDFKUHA5Zkdid0JlUzJFcTg?oc=5
2026-06-16 03:00,The Motley Fool,fool.com,Goldman Sachs Says That This Is the Next Big AI Infrastructure Megatrend With a 9X Growth Potential. 3 Stocks You Can Buy to Capitalize on This $154 Billion Opportunity,https://news.google.com/rss/articles/CBMimAFBVV95cUxQOTl1ODJSUWZfZFJTUm9LbzJVVXFwdE45N0pMR1hib3Rvc3B1Sm9NeGR6UERKQy1GS3NhMlcwZDBHWlJjZDhXTFlCdVFkejhLbFV2RzBkWDU5OW1wbksyMHVMT2lLSk1sMUNFYTREVE1VUFJIb0FjME02Y29IQXhJeGs4WlJsQUVFamRUNldTaGxCY2VfejNCNg?oc=5
2026-06-16 03:00,TheStreet,thestreet.com,Goldman Sachs: The history of Wall Street's most influential investment bank,https://news.google.com/rss/articles/CBMikAFBVV95cUxPUTQzVjdqeVE3dE5uaVA2TW5fMkVmdkdocGtUUWNYd2dSVEJMYjFCV0pYbGozSXJ3WGxLRWRuRnhjdVI1Yk9FWjdTOU95cDFOU2hyZTloTDB4U1kxZWZoeGRUVUotSURrTlFzTEVJR1JaUWE2Q0laZ3BLcGI3dU5HT0dpdzZMYkNzRTdnc3MzOWI?oc=5
2026-06-16 03:00,Yahoo Finance,finance.yahoo.com,Goldman Sachs Downgrades Intuit (INTU) to Sell and Says AI Could Gut TurboTax Revenue by 2030,https://news.google.com/rss/articles/CBMiowFBVV95cUxPb284cmV4cnZpcGhZeGtkT0VDbktiTVJMaEV2Z0ZZX0ZHT0psWUxFZEh5YnZqeF9qOXE3ZTY5ZTZnLW8wVnJEdjFzVFotOWlwQWNQYVZKZVRXWV8tZ2pJMWo1WkJWcmx5cVAtU3ZUczh3OUJQS3ZTVThMd3hYcjlZakhoQU12TVhkLU4xbl9JRGw2VHBiaHQzcWswNGs3QUVGVjJ3?oc=5
2026-06-17 03:00,TheStreet,thestreet.com,Goldman Sachs spots stock market’s next winners,https://news.google.com/rss/articles/CBMilAFBVV95cUxPNlI4TDNYVXhQVURnLTNaLXIzMHdDTXN0cVl3OWdqRjUwbVB6N0dnNjJPR2JOdlJjdHRQNGZ2UTJCd2ZPcTl3ZEpxTGN6Vk02U0RZUS1JdEI0UmxJUTNjcUpqckNILTBXYV8zUy1BTjFOXzVJbXdvQ1hIWU5BbXFOLWNBQW11V3EwTFBySGQyNGctQ0xh?oc=5
2026-06-18 03:00,Business Insider,businessinsider.com,Goldman Sachs says buy these 16 tech stocks positioned to win as an AI-capex supercycle juices earnings,https://news.google.com/rss/articles/CBMipwFBVV95cUxPV2NhTk01My1fck1KTFhqaUhNdVUxNFZiZ2dRbGkwUWpsWXZJZ1R5UXp5M3k1d1NDVWc2S3B0Zktvb1BrRjU2NnhRb0VGTVVSOGZQbzVIVVY3QjdhLTQ0OG1DY2FKODNFZE1HODdYM2ZsSXh4NDM0YWtScDhTa25UQmJjdU1fQU1LOXM1UURhNVdSZHZTSFRuTjIwR3drYTI5Qm1mX3hvRQ?oc=5
2026-06-18 03:00,The Motley Fool,fool.com,Goldman Sachs Just Upgraded Its Tesla EV Delivery Forecast: Here's What Really Matters,https://news.google.com/rss/articles/CBMilwFBVV95cUxOV1JUTTVDLUsyaTFoOHRvdnBLMUhHMHlvMzBaejhXcGNiSDhkdVk3a0VCNHhCbWR1RjdoS0k4alVEX2lKbktjSktPY016b3NFN1lKOXFpNU51QlNwaUZpMTdlSTZLRnBEM1A0ckZPSHUxZ3o1QjNPbnZvZmhvLW9aUVpSTjYyeVVLdnM3MHJ6dU45LWV6Unk4?oc=5
2026-06-19 03:00,Barron's,barrons.com,Goldman Is in Its Best Shape Since Going Public in 1999. Thank David Solomon.,https://news.google.com/rss/articles/CBMiiwFBVV95cUxPZkZGMFdOaTRqTjd4dXhDbXZQMUN0cHlWakk0NS1wRlA0cGhtWExHY2pCMU1ZMmRJM0dfbGxJZlVjVzNTTXpkcTZkRXBqZzFkazBYZkVDYUdFclpSSERJSkZfVklNdXpNdDlSU1F0R1FIZlBleTlGUUYyNndhR2NocnphaXBFRHpzSU84?oc=5
2026-06-19 03:00,Fox Business,foxbusiness.com,"Goldman Sachs makes bold SpaceX call, raising a big question for investors",https://news.google.com/rss/articles/CBMiW0FVX3lxTE1DYzRRYmFjWmJJRWtQNkdUeGI3WndRWkFEeDNuUDVQRkthQXZUOFpsNUY0dVB6Z0hmSVNndUtMX1VtdHJRZ1pQQjBaczBna3dybjJBYTZiWUhPX0k?oc=5
2026-06-19 03:00,Seeking Alpha,seekingalpha.com,Goldman Sachs cuts year-end gold forecast by $500 on fading Fed rate cut hopes (GLD:NYSEARCA),https://news.google.com/rss/articles/CBMitgFBVV95cUxQMEk1RUthMktuRk8yMnpwTWVsZ3NlNEc0RjdJOHBhSTU5Q0I5eWNmSlhfbTdzdFUybkJXOFNwRlZLdTdYRlpxYUllczFJOFZGeEpOSTFvNDBkMkp4TlhsbFMybXNXbVJvc21SRmhPanBBeGhqYjVCMWRkWGxUNDlTWDhwb2RVc0pld2o4VS1IeVBXQVRWUmVORnZ5RDVJYlpuQm1heDdwR0t5MFJlRWdkSkN1bVBIdw?oc=5
2026-06-19 03:00,Yahoo Finance,finance.yahoo.com,Goldman Sachs (GS) Stock After Strong 1‑Year Rally Is The Price Still Justified,https://news.google.com/rss/articles/CBMimgFBVV95cUxNRG9mN092VlZiZzBRbEI3cVI0Y3ptNEs1M0xhREdDbTFaOWRuMVRNajhwVElrXzRpamRFZm5MNzlRWjBrVTlTbDZPMV9VSkJqazRNdVpJUl9EZFNpa1pPdmV3bnY5UzI3dHRvSURWT1BrVkh3X0VJNk8xTTJuN3BDXzdUVEduTmFRUHg0bWktSXc5aWM1S1JsS1pB?oc=5
2026-06-19 03:00,Yahoo Finance,finance.yahoo.com,Goldman Sachs Reduced Its Gold Price Target for the End of 2026,https://news.google.com/rss/articles/CBMipAFBVV95cUxQOEFhWGxxUWxNMk9Qbl9QRnUwbXliZkgwMWFBZmtDWlRNMzNLZjlWaGxmNUxNcDQ0Y2l2dzhzTjhvWkRZcWxIR29sRUNLSnR5SWhKRWQ3WThRbS1qdFhnSFVpZ1Z5OU5WM2tQSjFLLW5IWTU2MG5JMFZ5bmdhR2lNSDJyNk9fZ3REV29uV0praWNoWEE1MDVCVUxnVXA4eEFjSmJZRg?oc=5
2026-06-20 03:00,CNBC,cnbc.com,Goldman Sachs is betting that a recent merger will drive sharp gains for this travel stock,https://news.google.com/rss/articles/CBMitwFBVV95cUxQVXEtU0R0NEV2QmphWkJlZXo1MFZlZ2YyTTc3S0NSSDZFZldRMWRpMkdNX2xFNlctd1l5cGY0OEtVZ2didld0VHlLSmVWZ28zNEU5TGluMWhFLW5OQzQ1a2M0ZUh1bTJDRHpMbXp0aUpJeWdLd1pmR2xDbXdwN3YwZEtfSzJVTHVFTTNNWXlYcGNIbkE3U01HbkhWcmMzRS01UGFPb1c0Q29KdmhrY2ttSVlmenppLUE?oc=5
2026-06-20 03:00,TheStreet,thestreet.com,Goldman Sachs revisits its gold price target after Fed decision,https://news.google.com/rss/articles/CBMiqwFBVV95cUxPblE4dEVtbU9sVHJ2dHJPVFluVDdQZ3FIZURsb05GTXU3bFBwdzhBMDhYZEZ2VUNmWXlEZ2k3bjFSeFhrcHprcEtDOEViRHNLWHMwVGZNRllPTWpfZHVxMFNhekl0d24ybl9peWZGOENEb3c5ZW92aHhNcktrTTEzeW9HSEN2bnF4WV83VW9naTJZN3NaSDNGbzQ2TmpqV0hRZUNOQ2dZazFQUVU?oc=5
2026-06-20 03:00,Yahoo Finance,au.finance.yahoo.com,Goldman Sachs projects staggering SpaceX growth by 2030,https://news.google.com/rss/articles/CBMikwFBVV95cUxQb19jZktmb0N3c0JJMHYyQnBjUVB2TFlQRFMyMml5Q2xlbU5acmNpVnJ1VVE0N0xIRUJBd2p0SmE3T0ROcnNQUnBnQUtaUE1hMjljam0wTUpTNTFfZXM3SHozWEdTc1owWlU2UFhXU0hWb2dPd1dZOVh1SzdTcUZLQTlJSE9qVXFqZ0JJblMxZ0h5NGM?oc=5
2026-06-21 03:00,Yahoo Finance,finance.yahoo.com,$165 Billion Stock Selloff Looms as Goldman Flags Rising Leverage,https://news.google.com/rss/articles/CBMinAFBVV95cUxOTFE2cWtPNlRKTHJ4bG1hejZuV2RvNV9EdjhIWGhIdjRZVTBzU2xydjdweDUxUW5KVTE4d2dfSkJDT0o5R2pmMVN2UDZxcUgtRENPRGVCOVFsbTVwLTdJSG1PNmdzSHZFb01reXc1b1RVSFp5OV9Pc3Jub3IzWmNxQml0N2Z4Y3Q4REdmRjhRNTNRYWczRVJBeFl0UEE?oc=5
2026-06-21 03:00,Yahoo Finance,finance.yahoo.com,Goldman Sachs Lowers PT on Chewy (CHWY) Stock,https://news.google.com/rss/articles/CBMimgFBVV95cUxPeDh1d1Qxb19YMm02T0lncTE0TmZhX1lGRjFHTDcyMTVnd1Rmd0NWaUhJSDNweVA4MVI5N3k0UXBFSUlVczJHZ25yM2ZacVdvYmpuVWtrdmo4MGNBa1dQXzJQRThzUmltZjJEQ1NaNk5qOFdSVjkyRWxVd0x2aFJSSEg5MS1iOG0xM0dGMEx1em1LSlprcndER19R?oc=5
2026-06-21 03:00,Yahoo Finance,finance.yahoo.com,"JPMorgan Lifts Goldman Sachs (GS) Target, Expects Strong Trading-Driven Quarter",https://news.google.com/rss/articles/CBMinAFBVV95cUxNMUd6V2ktMi01eUxjenJqMmdSRHNYWGZDa1hTNVVJRjVlNTl0NDBPQnZ5dGhPV1hnVjdaSWxpMHpzV3Z0NWhGc0lPMHZPdE5ERnBHQjNDNU1mbVZvV183SlI5ejNhLTd3SERSRlRCM25WQmlnNFZXa1VsVEdjNEtjLWhUZlFmREpCRWlLaTVXT1F2SmI2d0cyVnllOEo?oc=5
2026-06-22 03:00,Business Insider,businessinsider.com,Ex-Goldman boss Lloyd Blankfein pinpoints the 3 stock-market sectors he's focused on right now,https://news.google.com/rss/articles/CBMirgFBVV95cUxNSndvMkZJeUw3eWRCanluN0lLMDJhcHdUMzhuRWF1SElsUDBSSExvblNzbFlpMjFQX3FLSnNiVVhYLXlVSEtVX3czUDMzaGhJUVJmSjR6ckx6Zk50eVVJVEh6ZVlFYThXTGpmU2NySXVETjN1TExiM1RVT2ZHRHMtX2FMS2N0Wk9WQlA5OE1SV2FlS09LeFZsZXB3M3BwRm5UbHpESTVBdG1OcVQyUGc?oc=5
2026-06-22 03:00,CNBC,cnbc.com,AI-related names will continue to drive Hong Kong's IPO market: Goldman Sachs,https://news.google.com/rss/articles/CBMirwFBVV95cUxQRGhnT3NFeU1mTkRQUW8yeGo0QUJiTk8wSEtValdOTkVURkY1Q085RngxcVhRN3JWN3Jua2NVazRDTml1SWpnNHdTQzI5WnlXZ2hTZDRFdV9fYUtsSm9pRHRaSXhmeXVmV3Y1ekhtcVFEWk4tcTBEWXRhSGhma0c3akR0QlVQZm9SZUhrbFBaR2FHZzZqZnMyUVRFNVFSWlJLR2Z1R0VLVUthbjNZM2Jz?oc=5
2026-06-22 03:00,Investing.com,investing.com,Goldman Sachs initiates Luckin Coffee stock with buy rating,https://news.google.com/rss/articles/CBMiuwFBVV95cUxOSkJwR2g4RnJWRkZjaWp1LXYxb0JpZnIzemhLaENUZEFKZjZlU0FsVU9Ya3FpYk1OVTVrLUtrTThYTU5Sd2U1Q2pNQUtpSzVUQkd1eGgwZXhwV1FOSE0yUFhIWVBnQ1R4bUhuM3RkYjMteGdna29lWGZmWG10QWtrSy1kUzVCZUFwZ19nSE02Y01ndHF4TzYwSFVZdXJVZm9zTkV1elFldDFwSlVnWWV2c1YxMVJ5ZFN6SkZ3?oc=5
2026-06-22 03:00,Seeking Alpha,seekingalpha.com,Goldman Sachs U.S. Equity Insights Fund Q1 2026 Commentary,https://news.google.com/rss/articles/CBMingFBVV95cUxQbFEzSDFQQjB0WkpwYmxRRHNsbzRYZjVUQUhNY1lTOVkwM3psa1B3R1lOSnlGUlAtT0xPR29TTmNQZllUVHpsQ29oX1ROU2tjcW1SZzE4eXFfbFFaWk1pMnFWeWlScloxQmZSN1hmcTduaDRreTVaR042cFVJVnJYYk1BNEZuU3dFM1ZKcWlnNnlPZWlQRmVnV09ETEo4dw?oc=5
2026-06-23 03:00,Bloomberg,bloomberg.com,Goldman Equities Haul to Rip Past $5 Billion Toward New Record,https://news.google.com/rss/articles/CBMisgFBVV95cUxNaWV4UGd4Wm5UMUNuVEg2cGZBYkI0SFlLek50bHNBcDQwTU04WFllb2Z4X2dXWWdwYnpsbkd0UFNsclFfTEdLUHA4VXBJWlJ0Z3hEYkg2VExWb3BMUVRBT0QxdExEVWRFRjN6Q2RVNjVhMHl4Y0ZYdFREeU9SWWdiakZreDhpV0NmTGYySF91RHFsUUJkN2FnQWpUMlVyMXVhbE1tQTdZbC13RUhUQS1RNlZB?oc=5
2026-06-23 03:00,MarketWatch,marketwatch.com,"Investor assumptions about the AI trade are starting to stretch reality, Goldman Sachs says",https://news.google.com/rss/articles/CBMizgFBVV95cUxQdTU2SjdDRWlYODNObGM2M1d2Rnc5NlVnRG1aSDFPWkxDZEUwUjBUbXlYbXdobXNXZ0lWbjN6WW1veENfSnhXcEVXT3p0TUdvTFlURmNIOVNaN2J3SFhuWGp3VjBCVWRJOGtoeW1XQ004czJOYkRWc3ZMano5N2RZNFp5MUtIWHkyV1hlX0JsQ0dLYndlUXhRN1RqZjNFUERyTGl0a0hLdUVxWUZ2Z0xxTTktcXRwQl8tUzd3Q3dpUURBTVpNS3dYSUlmVUNSUQ?oc=5
2026-06-23 03:00,Seeking Alpha,seekingalpha.com,Goldman Sachs Rising Dividend Growth Fund Q1 2026 Commentary (GSRAX),https://news.google.com/rss/articles/CBMiowFBVV95cUxNS1hjcHNMUEpjbGVQLW9vWWtJd0NKaHhUaDdBVVJZWlJlYUo3T3R4ck1QcFVuQkM0UmJhUU5tR0pETXREQjJMT1BzNWttQ05uemdJc2R4b3EwclJGcXEzd3RLcW52WHBZeEN0UExRZWxudUVVT085MUQtTXBfeEl3NldpLTY1ZzA2b0dmTWF1Z2hjMXQ0ODBQc0l5UURFSUJucXNF?oc=5
2026-06-23 03:00,Yahoo Finance,finance.yahoo.com,Goldman Sachs (GS) Stock Moves -1.08%: What You Should Know,https://news.google.com/rss/articles/CBMimAFBVV95cUxOcUc1SXJwWTFXRkh1YU5LbHhRdDZIYVpNdllKaFQyWm54VF90bGt3dnl6cUZqTXpWdG1FTnRmNjJfN19FZFVtcG1zYWI1OUd3TGFhSVlSSEtSM2YwbFFvREszZVU1c3Fjc1BabUYtbXlPVFc2aXNxRW5FX2VCTHg2bmFsV1VvYXBzNndoMlFkRXltczNDSWwxWA?oc=5
2026-06-24 03:00,Bloomberg,bloomberg.com,"JPMorgan, Goldman Increase Dividends After Passing Stress Tests",https://news.google.com/rss/articles/CBMiswFBVV95cUxNMjdXd3JVTzREU0ZXbFdXeHBQVUR5V1pyX2xycmlBN2JpeFVCLXoxTVdFZWp1MWxSN3A2MkVsZ01lOHZDc21hM0wtVUo4UWM0MDlWMC04eF8wb3I5SFZVeURBM3c4TzU0a01QTzJNMEc4aVB3bDAxU2M2WWhTLUItMVJ3NTF6YkVOSFhGNG4tVURVd3hoSEd4ZTJaYUVLRndkaWozYVh0WXRnVGhhQ2YxaS1uQQ?oc=5
2026-06-24 03:00,Bloomberg,bloomberg.com,Watch Oil Market: Goldman Sachs Cuts Fourth-Quarter Crude Forecast to $80,https://news.google.com/rss/articles/CBMirgFBVV95cUxQcTJjbGd5OF9GZ0ZUcEQ2SnJtOTFpV3NqMDhiV04wM3otdkN1R1ZaRHp0bkRXSDZpQVo2YUNiZERnNFZscGdMWkw3R0JsUWJ1TnBPRGZmUmVPUGRyaXk1cU8xQlRaMFlxMlVtdTdVRTlvaFZxaHVhbHdCN1ZsUUdSQmRBN2IxSDFyTkR0UDhRRTREOXdjWk9sbHRGaGNCcTlfY3JUSklTSFIxNkFuQVE?oc=5
2026-06-24 03:00,Business Wire,businesswire.com,Float Financial Raises CAD $85 Million Series C to Build Canada’s Intelligent Financial Operating System,https://news.google.com/rss/articles/CBMi9AFBVV95cUxPNTc4NkM2SXJWT1Z4eVZQbTFCSy12WGhyMlVZbHZtVVR4empuRGtpUGQ3WlBfakdYUmhxUXI1TThlc2hEdUZsTEhzS2g3cG1jaEgyN0d5S0J2M2Q3bkFHejZtTU0yMjY1V0g4ZGlsYUM4Y2pQZWhlNWxBajIxbG84RVo0aV8xaXlmRUFLckdrR3VDTmdnVnE3OHpMMHdaQTlMVHBNVTVWaUlhejZLN0QwTDRuS0lCU3FPdHRlMGN6ZGhqdHFWUE1rY2ZFbTdIZzd1cDl4TWs4enRWaGJkdnFmS0hyYWpQNGtGeFU1WkRKNEl4Vi1G?oc=5
2026-06-24 03:00,CNBC,cnbc.com,"Goldman Sachs to raise dividend to $5.00 per share, up from $4.50",https://news.google.com/rss/articles/CBMitAFBVV95cUxQWmpuVDVvc3Z0YXhmNHVybUtDcHhRWWJPekxzTGpXTnhmVmZtVXN4eVhnQjV1Ukl6enltVDFWbUloTHNxNW5iblQ1SWhpWktxWkw0S3l0NkkyeUI1VWhvWG1xc2RzRWJ2ZGotTUJfRy1NVWpjUXl1eHo0T2lsaWs3dGhLU3Z5ZnlEQW1SQURYRkRsYzNuc19CM1Vfd1c4b3c3ck43Y25acVk2S1pncmVkQi1jVG8?oc=5
2026-06-24 03:00,CNBC,cnbc.com,"JPMorgan Chase unveils $50 billion buyback, Goldman Sachs raises dividend after Fed stress test",https://news.google.com/rss/articles/CBMigAFBVV95cUxONHF4c3BHeFpfeS1FSVlyejQ4cUN0dVJXdS1IYmYtbkpveVd6cjFMdE85OFloNFhDOHFETlYwVWZudzdCOEZOdklXaXZveGRKb0tvc3NpV0ZXYjlocTU0MWVqVmlGMS15UnRVSXlZdWFGQTNJNi1nbVBLWmVjLWhnVdIBhgFBVV95cUxOYVR0TlJOcFVYcjFaekc4ZEVZdWdnMktMTzlxdlpFUDZBOWFGQy1SZFpPQ29kdFpjZkc3ZjJkeDB4SDdsMUxMN1BBaEljaElTUk9GZUs1YnQ0YVZTeGFXd2d6ektDOWpQUmp2OEp4S1Y1NVV3Vy04QWNkbC1QY0UzWGVxQ2FPUQ?oc=5
2026-06-24 03:00,Fortune,fortune.com,"Exclusive: Taktile raises $110 million from Goldman Sachs, Tiger Global to automate high-stakes financial decisions",https://news.google.com/rss/articles/CBMikwFBVV95cUxQejdGMnlFal9MZmd3UW0xTGFab2R3QnIyTEg1cE40TFVxd1VmVHVXdENVUWpzaTBjZlROUTcxNUpkZ3lPeEQ2N3plSnYtSWNabTZlM3pQd0dEVEpIMDNrazFnQ3hnRU5KQW0tMzVCc1U0N0QzbVRfQkd2OEdDVFJmUDlTXzdEWGxJazNYbHBaNk84Qkk?oc=5
2026-06-24 03:00,Investing.com,investing.com,Goldman Sachs initiates Twilio stock with buy rating on AI growth,https://news.google.com/rss/articles/CBMiwwFBVV95cUxQcnc1ZzlQV3Jpay1rOFRHQ1MtSkpVTGgtUnk5enBHOGhudFUxS1ZVOVljcU9ZN1dCY1ppalE0MEUxb210cXEzQVE4YjdmTFVjT0QtbjYxVTBrV0ItVmRPOUMxUTFJSjVqQjR5OUdoY1BZUk0yOFVKT1k4LU05ZWdkYm5jNWZfS29lekhRV2dzc1VLX3dXbVBXb3A5bzBDS0h6MlVYMXgyZDBoZ0ZIX3NaQTdvTU05TGdRdll2QVcybHotSnM?oc=5
2026-06-24 03:00,Investing.com,investing.com,Goldman Sachs is bullish on these customer experience software stocks,https://news.google.com/rss/articles/CBMixAFBVV95cUxNckVNcWt5OUZqLXoxWFlLMUVJWE1nWWZJN05qaHVtaC1NZVByaEd5WjRkSGJWYjNXdlJWN3NMMzBBU1ozTHF4ZGtGUF9RaU8wc200d1NRdjlhcUhpNGxUbFI3N1NpOTFwNlhyNDk3ZDBaM25kUFVjNndPR002VDhqUlZnTHQxQTRLbUlWbnk3M1VpVmRveC1CNFRrZFJ0OHdBUGQtRHNnbmlBX0ZnSDR6R1NVVjV0WklOcWk3UFdxQ0dyQVhJ?oc=5
2026-06-24 03:00,Yahoo Finance,finance.yahoo.com,How Goldman Sachs’ (GS) New Medium-Term Note Issuance and AI Push Has Changed Its Investment Story,https://news.google.com/rss/articles/CBMimAFBVV95cUxQNVhzZDlwNllDOV9MWEh1QllUZmY5V0NaTUhLMjR3ajZYN2Jtcml2SWpaVXkwM2VWMlR6ZUdPc2doNklYTzY0ZXJBNmRKSG8xTXFDeHRQdElPdkR1Zmhvc2JCS0RUWWw3UlBiNGNWcUdjYloxaWU4TVFwTTlTNjUzR2p0MXVMTnNIRTh3MDAtRmxBdG5lV0hVNw?oc=5
2026-06-25 03:00,Investing.com,investing.com,Goldman Sachs raises Micron stock price target on strong results,https://news.google.com/rss/articles/CBMiwgFBVV95cUxQamszV0NkR0hhTzI0a3FRdjhMZmhoWkw5WHRzamQ4dWxVZlNIaG1QZGpocEpEZVNuMEYxZHZnWXlsUkJFRnEtaWYtblB2VVp3MGw5Mk9QR3JRYWhOdlZYaWg3Z0ZBYV9EdVdTei1Eb3ZldFJMTVBHNjI5Z1dHSUtEZzNhSmthS1pPcGVHNnFMUndIX0ttVkZxYjBMS0Vybkp6RjhHOVI0NFpqb1NGZXg5ZURtUGtwbGNFSkRlTk1TNURiUQ?oc=5
2026-06-25 03:00,MarketWatch,marketwatch.com,Amateur investors are changing how the stock market works. That’s creating opportunities for those who know where to look.,https://news.google.com/rss/articles/CBMi9AFBVV95cUxOWGxmVlpwRmo2bDNyUVVmN3B4dVYxMkNuVnhReVd0QnFrVlczSUNHUHowdUF0YkdjczFjLWp2eXlVM202bGJFYnhoNTVQdG1sY0pNemRFRl9BYWxTT25SekRTUGJ5ajdWVU14VzhoVUNoOE1QRUNQMmpiaGpWNlQ0T1U4QUN6UWtabmlveHVCMThzcGhUcmFVVE9SNFB4cUR6UUVoOWlIVW9INUt0cThud1pQM2lhMGRNZm1lYWo4TnZadzM0RWItVFVlLXg0dnVlUGlGallIRHZjdTZ1cjF4Rm5hM2FoNmhvLW40dlUyNnhvOU1Q?oc=5
2026-06-25 03:00,TheStreet,thestreet.com,Goldman Sachs resets Micron stock target with a twist,https://news.google.com/rss/articles/CBMinAFBVV95cUxORWdiNFpIY0lXSThSSjgwUU0xYTdjWEpNRUdiOXFCczhhM18xQXB5dWZ4WDhPWGd3Y1RHV0JpZW0yWUJtYWtZMEdXTEFvSGM1bGhKVlV5WGh0OHJpMnJVdl9JdTl2VW5Tc2tVbUF6eHZMVVp1Mk1oNGl4cjVWbUhwNS1vb01TMFZJOEUxWE5ZZm1ib3lYenlMLTFBc00?oc=5
2026-06-25 03:00,Yahoo Finance,finance.yahoo.com,Intuitive Surgical (ISRG) Faces Reuse Questions As Goldman Sachs Backs Fundamentals,https://news.google.com/rss/articles/CBMiogFBVV95cUxPSUZLUTVaa2lJTEJtWnozYmVWWVdweXFfRFRod3FrQndNN04yaTdKZmM1TW1Gby1COHc5NTQwaEw0WEJJSERVTjc3cngtVHg2dXdwWXhFbVVldm5sTWVuNC01WVdzRFQtdldkdjBmQXBGc2wwUGdsUUl6WG8weGdTb1BxMDRWeXVTYm5sLS0zMG9QaC1GVmpEVWN3ajVjdFhSSFE?oc=5
2026-06-25 03:00,Yahoo Finance,finance.yahoo.com,"SAP SE (SAP) Fell After Goldman Sachs Trimmed Margins Forecasts, Can The Stock Bounce Back?",https://news.google.com/rss/articles/CBMikgFBVV95cUxOWkk4d2VJbXJlVE0xNlE2bVNaeDIyVDVLVU40VjhmZUx2Uk5ibHIyeHBhaWZ5NGZEb09kcWlEbUdhMkRNdmRrcmVmWVRzaTNZeFBRSUloazB1bjdRb1ljOG5uWF83YUlRejJudGY5bVlxTW5PZVlSNFZJek9weDVPbmtTbGdWbE1RT0d1STdyMXpSdw?oc=5
2026-06-25 03:00,Zacks,zacks.com,JPMorgan vs. Goldman Sachs: Which Bank Stock Is the Better Buy After Dividend Hikes?,https://news.google.com/rss/articles/CBMivwFBVV95cUxQdGcyMEgyZXpSb2d5UTJCVkdBVjg5V0hrbnJvSXcxY3pJX2dmSzBIR3Jjd1hxTTl4aHh3SHZmRlhKUkZBOUh2ZlFyWk01dThmbXhLemxxMkpET2lsOWxSaVY2WndmcFRQZm1KU3laSzhvSV90RV9qSm0xeVpUWmJad3N1Sjd4WHpKV25zYmZkNlo3c0NrWjhmblU5YW5OcVh4NlNXV0xFNjhDNXhtd1VtLUM1VkFjYXNVdlBXV3ZNSQ?oc=5
2026-06-26 03:00,Axios,axios.com,Exclusive: Goldman bankers say the next AI boom is in the physical economy,https://news.google.com/rss/articles/CBMidEFVX3lxTFB2RzZzY2hRNjg1eS1saHl2MTdKSVFLbHAzTkZ5b1U4RVFrZWtkRlRvMnlCeFRTX2lLb2xtT3RGUkZWVTFKcU9RSElTeHhKSlNCSUlDSFd5c2kzOEYwTlF2Z1pRR0lud1hCOEl1dW1ybWRZU3Jh?oc=5
2026-06-26 03:00,Bloomberg,bloomberg.com,Watch Tech Selloff: Goldman Sachs Says It Could Make Sense to Diversify Away From Chipmakers,https://news.google.com/rss/articles/CBMirAFBVV95cUxNUnJoV0ZMc2FlSHNmelpOMVVib3g2Zi1mTDhNcTlPMUdwUkhvdGdJNkZ6VFlDWDhnREY4a1pYbng0R2hNR1ZsTkxMelNObkFXajh3QWVnc180dGVNTlpEUlNtTDA0RXEwTlQ1NEFCZXptMjZ3NW54Z2ZwSVMwU3lUSUpKVmdZRGdVaGQyVVpKUV9DdC1mQ0N2bzk5a29SaTNoV1NPTnVidDdLUW5v?oc=5
2026-06-26 03:00,CNBC,cnbc.com,"Goldman Sachs says buy this gambling stock, sees it adding to its sharp 2026 gains",https://news.google.com/rss/articles/CBMiugFBVV95cUxPZGpQclJYSGR5bjBUdjc5b3Y3RDNHNlV2d3JxT2g2dC1JOG1Uc3hCLTAzdXFmQXlmOUFmWUlDUm1KZTk0cmQ3SGx1Y243bmUxSHh0clJlMWdmcEtoSi1iNmF1S09XeUdaSEpWSlJvNUlsbTFTNEg4eDhhaGxNWTlCZEx1YnloQndPUk0wZ0Z1YXExOU9fdTFOTEc2X2YyWlR4Y0FmeFprOU9sR1pJZ1dBUnpRU3VRTmU4NGc?oc=5
2026-06-26 03:00,Investing.com,investing.com,Goldman Sachs downgrades China Telecom stock rating on weak growth,https://news.google.com/rss/articles/CBMixAFBVV95cUxOTTUta21NVmZwX2NYNHp2TDFxREJ6SENHYUJ2WUZsQ2pyZEIzT1RGb18yTXc3WWhPUjFEcV9sRFI4SFFzUlEta1htQnc3VUROOUxqWlVocFlZWFJCZldzQ29aMVlpRkFzNHRJNC1qd1dKRERrRXFmb282VWxoZWRmQ1FFVjROeEpOOVRjT3UzanFZV1BEYUcxWWZ6cVFjV1F1THVJcWxjMWZ3bFlsZkpwV2drdHFEYTJaQWw1WEpYN3lDOXFR?oc=5
2026-06-26 03:00,Seeking Alpha,seekingalpha.com,"Morgan Stanley, Goldman Sachs stocks drop on possible OpenAI IPO delay (MS:NYSE)",https://news.google.com/rss/articles/CBMiqwFBVV95cUxPODgyb3JrNTdjM1dwMlBxMmwwQ2ZJcUlrQjItQXMtamhXOEtFc1dhVnRqZ2NhSFR4d1ZiRW1YY0tETmlUaFhoeUdLazJ3RVc2NVFZVko0cnhSOTdiTzFNWDdqSGhnYTI4ejNqdjJDVm5UdmV4UFBIYmo1LW42d2RUS0JGRDZIbnJMaUlPMTJjS2N2N1cyNmxOcktrWGtMVnA2dWtqTlBpaWdTR00?oc=5
2026-06-26 03:00,The Motley Fool,fool.com,Why Braze Stock Jumped Today,https://news.google.com/rss/articles/CBMie0FVX3lxTE9kcF9CVU1zb2lpOW1EYzlfQy12SzBtY3BLbHR5ZDd5eFl2T0ZHNDVlVllLMklKak05TWFUbHFvbVV5ZXhFZnc4N1NWQUxxUzBVTTB6RGZKVjczdENfU2h4OG9leENrcGZVQkJtRjZuZUV1YTNaU3RyMTFhYw?oc=5
2026-06-26 03:00,TheStreet,thestreet.com,Goldman Sachs revamps recession odds after oil shock fades,https://news.google.com/rss/articles/CBMilwFBVV95cUxNZWNUM1hQb0wzNE9yUWR2UmlkRk5SSGpwREJFM04xdVNtYUVQamhkM2wtNUFzc0ZibFRjN0N6V1BFVEVrNFpBLXFNY2U2YXFBZjhtdC1jXzVoemotM09MZmhHdlBhN0VsYVpablBhS0w0TnpYLXk2UG5waHBlVU9ZLV9fRkRPU09Qc3g2T3M5bWk3RUp5cHU4?oc=5
2026-06-26 03:00,Yahoo Finance,finance.yahoo.com,INTC Stock Has More Than Tripled This Year — But Goldman Sachs Names 3 Better Chip Bets,https://news.google.com/rss/articles/CBMinAFBVV95cUxPaGIwVnE2cmo5YnAtSUJpbmktUHJKN18tOHR1YTluWmYtU1ZJQWFVOHlCVHE0WDI0NG9QNUIxay1rWVJMb0p0NDBERUY5TGo1Qmx6QVdFR3JkZ3ZZM2p2Ml80QjRYZ0d3Q0lkbWkzaFFCaXk0UE43bnBZZko1UmpPcHhxNFZSMkNVT3p5QVplQndxNHN5a2pFVzZlekg?oc=5
2026-06-26 03:00,Yahoo Finance,finance.yahoo.com,PENN Stock Just Received A ‘Buy’ Rating From Goldman Sachs – Analyst Says Regional Gaming Sector Is Seeing A ‘Resurgence’,https://news.google.com/rss/articles/CBMimAFBVV95cUxPbHN4dng2OHU5QWVrM0RxRDQ2clQyTFk4REk4T3hYOXhNd0JWXzFxMnJUclZvMENyc2Z3anpsZ1YtV2NIQ2FUTXh4SUFkU2pYTEVFRFF5bFdlWFlQYmFDbXRsUXN1c0pWVUI3eHRwbVNzaHJRSzc3VTdUZUg2aUQ4MzNxNWoyWXMyT1lXWExhSW9YX2Q4bEZsMQ?oc=5
2026-06-27 03:00,Seeking Alpha,seekingalpha.com,"Insurers in gainers; Goldman Sachs, Morgan Stanley among losers: week's financials wrap (XLF:NYSEARCA)",https://news.google.com/rss/articles/CBMivgFBVV95cUxOTnUzMkI5bWl4X0pmbzZMZ1E4eVZNcUc1cmxpMHZVMm5rQnVXcXZFbHRUMVZmcTRuU0Z4UXpvQXVuNmpNMzhDS3NiTnk1UTV3ai1oUzZXakM1dmREV0lvd1RCRFlRZTBqR0NNNmhxQndGenVtTjV0UFR5UFZvcmc5RHA4VWhhcFlHQjBicm1selZ4ZWx6Rzg3SXZwb2gzblhPc3M4Y0lVRG5Gd2ZBdXNCUzJBaFE2ZU5meW53WExn?oc=5
2026-06-27 03:00,Yahoo Finance,finance.yahoo.com,Goldman Sachs Initiates Coverage of RELX PLC (RELX) With a Buy,https://news.google.com/rss/articles/CBMipAFBVV95cUxPelZobFBEd0JpTDRLdXBNSUpPQjYtQkZqc0hVV19pelNiY3pRRU0xeHRRVEU3Y2RLOGlLM1pWaWZwY3JSUGpyZzh2dWhPM2NWSGRkeDBGNGctdzdkV1BETFk0N3hlSXpGel9YSF9KdmR1Tm8wN0FkSkpqYWJMU09teG5zMmRSaHBDbE9fXzU4VGRjWGV6UU81b2xTQnc5cnNvS241Sw?oc=5
2026-06-27 03:00,Yahoo Finance,finance.yahoo.com,Goldman Sachs Starts Intel (INTC) Coverage,https://news.google.com/rss/articles/CBMinAFBVV95cUxORFpEX0NGNFlYeExNTmhnSmNqN1JSSVBnOXVxR3ptYkdMUXF2d3pVSWFZRnd2empVVUUwLWFLV3hBQVBIbEZqR0dMUHB1MXF2bktPay1VdGR2aUtIN0hSZlZIZUxkUW5JWUNvZjhiOWJCR1BsYnBLYTdheUswWkhEeVJUcHNmbXdTLVNrTjBmbDh2X1BGU1lFbU44clg?oc=5
2026-06-28 03:00,Seeking Alpha,seekingalpha.com,Goldman Sachs GQG Partners International Opportunities Fund (GSIHX),https://news.google.com/rss/articles/CBMiogFBVV95cUxNU0F2TUFpNXRXeEdoOUtfTDJaSDRtSkNScUxuR3ZiRlhYakh3Szl0MFQ5T21LWThGQUlDYU1lZ1FYM0IyMUxib1RtcGxZVGs1S2hjY3BVZ1U3LXQ3eTNCSl9IZkV4ei1fNzV1cXBKNWRkc0ExNmJPd1hyT0liTXZSdFd0eGpRdGIxdERobE9MRmFpY1I5UHg1Tlc5YmtmMFdRalE?oc=5
2026-06-28 03:00,Seeking Alpha,seekingalpha.com,Goldman Sachs International Small Cap Insights Fund Q1 2026 Commentary (GICAX),https://news.google.com/rss/articles/CBMisAFBVV95cUxPMV92ajZXY1pIelBYMnJkNDZLTl9PX085LVlLSVcxQUZZZVRkNU1RM1p4cmd6a0M0Yy1UdzBhUmQ5emZEeEotYWdCMGhjNWlQczd3OVBfb1ZYbGdaVE5iek5EOG1pd1RQTnAtQnBfUGRfU0xoSlNDRzlVMm9pQ3hha2NWRFZYd1VpcDdFeVBiSUZBYTdPdUFYYzFmS3RjY1BpbnIzeW1Bb3ZLcDl1YURwYQ?oc=5
2026-06-28 03:00,Yahoo Finance,finance.yahoo.com,Goldman Sachs Says These 2 Software Stocks Could Surge at Least 60% From Current Levels,https://news.google.com/rss/articles/CBMimgFBVV95cUxQemdUWkw0alh3VlFBVUktWWhJbDBpcnk3aHpFMmZQOHBqT0ItM1dBWGpSaVFGZ195eUZmbUZsSWhVQkphS0pCMW9JUzR4N0pRcjdFTGtRbWZrZVl1MUtieHJraVpLR2I1bjR0enBLY0JHVmlSTjVGWnp6cTVCOVNxT3FCQkVpcVdoSzVqSlFsR3p0d0x5MjQweEdn?oc=5
2026-06-29 03:00,Bloomberg,bloomberg.com,"AI Will Drive a Strong US Earnings Season, Goldman’s Snider Says",https://news.google.com/rss/articles/CBMitAFBVV95cUxQREdLWFZndkVfbUd0YTFwTHlYSnBZZDBTbXlrdzZ2ai1UeXZZSWI2VEdReC1KMkRvbzFSOUktNVpIcDVGbXBVOVY0VWwwR3VfZDFuTTRkQ2N3dmNBa1B6NGJMdjJwSEV6YmRGeHpHZXo1VUVzVHBHMmE3RVlncmJnd3lsYTZKbFctUXpVLXI5bzNma2VJSkZveTNHV0hWSG5qTVc2c1JZT1pGdTRheXExeERjODU?oc=5
2026-06-29 03:00,CNBC,cnbc.com,"Goldman Sachs says stick with Asia's winners, keep diversifying into commodities",https://news.google.com/rss/articles/CBMitgFBVV95cUxPaWhtSEFCdGVTeHBlY0RsOTc1ZEk3d3lnMWFzZmlZeFBrQkJPVWNrbWJGSEJwTnpwSEJtdDB5MHdZOWFSck55TGRFYnI0aW9SV20wejY0R0JyZ01Kc2Zxd3J2ZWtSaFFBVk9BQ0picWFOVGw2YTVPU0VuWGV3STRubUJNdjFFNlF4NUhsVVFwLS13RWo3U1ZLZGNkOWlJWUU0WF8yNGFJaldoMHNScG9CekdKbHN4QQ?oc=5
2026-06-29 03:00,TheStreet,thestreet.com,Bank of America gives stock market investors a summer reality check,https://news.google.com/rss/articles/CBMipgFBVV95cUxNWUN3Z0JDQlhZYVMyYmJNVjRsLTdIVUFTVHJpdG42Rkd2NF9VSDlXY29BYmRGTzNla2xrRVNwMGxWMXoyUEJfV1NlWnpiaEVlOFM0aENvS0NWeDZvX3ZMOFYta1FXYlhWV3U3dDNYR0tMYkVpZ2VZZUY1bldmSUlkZ3ZSUGVFOXQzenRUNkxwOEdoQ0prWW80OW1nV0pxaTJUQUZTXzdB?oc=5
2026-06-30 03:00,Barron's,barrons.com,"Sell Goldman Sachs Stock, Analysts Say. It’s Time to ‘Take the Money and Run.’",https://news.google.com/rss/articles/CBMilAFBVV95cUxNRm1OTWJUeUxSQWRwYUZ1VEhURldpSFhobFhkSDZuNkZ3aVRlbEFqeVRNNkFwaFZxa3ZKSlhZalc0LWVTblVDV21rMDJSLVRYclkwa3VPX3pJdENwX3JCS1h6WHRmMGRFdDVpZ0swUmhuWERzdHFhcnFnaUlRNWY5Wjh5LU9BRWdsREd1ZGhHallvWTJU?oc=5
2026-06-30 03:00,CNBC,cnbc.com,"Earnings will grow double digits next year, predicts Goldman Sachs' Meena Flynn",https://news.google.com/rss/articles/CBMivAFBVV95cUxPN2QtWFoyc01OWVdfOWJpTU1yS2pXaDJiZG9tbS04TFRkRGlwVklaVzJGWUktRlBfTVk4bEhCa1pxOFNrV0NfSFlyNlFIM0ZURGZNM3JLd0VVX1JQVnZvclBfWDVIaTdBSDZkSGpxNXhGRkJGM1BuZnFSLWl3d2prU1pJb08tLUtJbEJDOGNZelRFM08xb2o2RWhIejZMLUpzb3NMTzRNRWtjS2FzaEpVTHV3dnoyb25lNUFmbQ?oc=5
2026-06-30 03:00,CNBC,cnbc.com,"Wall Street says sell Goldman, buy Capital One. Here's where we stand",https://news.google.com/rss/articles/CBMipgFBVV95cUxPSHNJYVNxR3hybGhIMDNoWEhkM2Z0RWVhdEt3a1lvVnhHd25qZ1NRdTBTTzFXajJhcktoNWpoaHFaSUctbGg2ZmdUUHdhWnE3LUoxemVaTnZiYmZPQmhzcXZCaGdRcEJQWFg3ZmIwQU9WcFpUU3ZXOV9wSG1hNnQ2elMzQWtwX3ZRUkR2YWE2dk1ZVkhfampTZ3hFTFd5UmJiV01zLWN3?oc=5
2026-06-30 03:00,Investor's Business Daily,investors.com,"Tesla Defies Auto Industry Sales Slump, Goldman Raises Q2 Delivery Forecast",https://news.google.com/rss/articles/CBMilAFBVV95cUxQVnlBZnFJSmJ4TnlYY0N2RFAzdkU5VzhPcHR3MlpVODFvQWNTR25pTXhtSU5OWHYzcGlhdk8yU1FzMFF5enpzejZxekNGZmpZd2tPSEJqZ2dDeE5LZjVFaFhnM25xMVRvYnlBS1JvS0NuWkVwY2JteEk4TzBoVkNmMDFsOGQxVzhPaHpQQy1BQnNGNEps?oc=5
2026-06-30 03:00,Reuters,reuters.com,"Oppenheimer makes rare cuts to top US investment banks, backs alternative asset managers",https://news.google.com/rss/articles/CBMixwFBVV95cUxOOGlqYm92N2FkWXFfRzhOY0ItZmhWTWV5a3hRdUw5WTBDcHdOWlpLc1ZIZEcwX2RtTVl3NDZVZ19KVzZXRnVIbHJ3SGZZcWNVUGxhT2d1MFc1RlJRVEtCVGZRSjRmVGZNZUVPalAzelc0VmlwYjc5enJiUHJZRWltTDFPcDdSOHc1NTREeVJwSlNQb1BBdDFFYktKa28zcXRIQW42OXdqMlNxNi1hMUlpaXZBOVdGWExJcE5EUm4weVBleC1TWnU0?oc=5
2026-06-30 03:00,Yahoo Finance,finance.yahoo.com,Goldman Sachs Raised Its Dividend as Investment Banking Fees Rebound. Is the Stock a Buy?,https://news.google.com/rss/articles/CBMiqAFBVV95cUxOMGhUaTUyaUhYT1J3Wkg3ZDRaRnhaajdMcUZwUG9UMVRnUGRLVDM1TTN6V2JOVlpHV1FVU0FUTFF2OFRyVkh6dUl0dDJhT1B5dnRMNllOSlo2YU4xY3VLeEI3dUFlNnBfa3FRbGR0RHJkbTJfeUxjQjI3Y2JsdnZjMGpRVTJMalBNT3U1ZkMyNVo5dTBoZDd4aWFCRzVLb0oxRUZNTHdMdmw?oc=5
2026-07-01 03:00,Barron's,barrons.com,Redemption Pressures Remain Low at This Goldman Private Credit Fund,https://news.google.com/rss/articles/CBMiigFBVV95cUxQTVJIZDVsLUF3NmNxTGpIOVF1N3pjSU9jdzFtcGxZN1pMd3NfYTJPMTg1Vkdoc045aWd3eWRsby1weEtkRzcyQmJTQkxZOU9kM25waTBZV0doaUZ2blJkemplM2d0QWw5ZEJCcmNBQlZCWkVlSGZVNHlKUWh0LUYydWx3S2NjWDRCaUE?oc=5
2026-07-01 03:00,Bloomberg,bloomberg.com,Goldman’s Oppenheimer Sees Stock Gains Broadening in Second Half,https://news.google.com/rss/articles/CBMitgFBVV95cUxOR1lQNHZ6SzBYQnBHM0lIZkNhU1lqLXRGaUJGa1JQZ0RxMHduMXk4dVRwdkswcVRzT2l3MDV3RmtBMm1tbGtHY0JGY0VRYkhGSG82SWtqRWpOUTRDaUVJQUdiZllrV3I4OW9IaUszNzlkSUZTZEpIbndlOTFMaWVIUU42SEdSMlRYVXRhdGNPRlRLT0luRnBSbjB5bVZTcUszUzBJTTZ6YVZKSkF3bmNMaW1LdWt2dw?oc=5
2026-07-01 03:00,Bloomberg,bloomberg.com,Watch Markets: Goldman Sachs Sees Hyperscaler Spending as Continued Boost for Europe Stocks,https://news.google.com/rss/articles/CBMisAFBVV95cUxOVmdFam1PeGk3MTNnLTVUS3g4VS1YZHo5WlFBOURHSTRaSFdHY1JCdlI5QkhHMzQxX3VrY2ptUTJSU3YwcVdPWWxIcFFEOW0tNVpCQWUwdDRwWjVsNncwc0RfYU5laHdwcnFHb0RSMkhoZVBEQ0o4V215TnhzR18yWGxkTk5KLVgzemlsUEI5cl9QLTZ2YTNDZ01fYlh4WDdHZW1zSlhCZktNUFhPZUpVRg?oc=5
2026-07-01 03:00,Business Insider,businessinsider.com,Goldman Sachs: Why It's Time to Double Down on the AI Trade,https://news.google.com/rss/articles/CBMiqwFBVV95cUxNR3NtS0VBS1N0N1Z4ZmRoTDEyWHRZUVpxNVc0S1hHLU5ablUzSTNlTXNZZ2RpNUpHT0ZsTXhwN1VjeWhCOFJDS1JpTVNzWWplazFXV2hQbHdwbkRWU25nbkhZTW5WNTcwVnRPV05rczNhZF9XWXdfaXgzWlMwakl3UlY3Wk5Qb1JUUExMVlJCdk52SVVLcjVJWjctdlBnTGVLcG5lWkdSNlNMbUE?oc=5
2026-07-01 03:00,Fortune,fortune.com,"Leveraged stock bets are ‘very concentrated in the AI ecosystem,’ Goldman Sachs warns",https://news.google.com/rss/articles/CBMidEFVX3lxTE1pTHBVZ3FHaDRUaEFLMk1YMWIzUXhCb2ZXdEx2amRYQjFxT00zUmFwakxQd0huNTNaV3VDMjZqOUlkR1NWY2liTF84aEd4dVQ0c0Q3aDB5VmExYjBGaFJyMVUybF9XT1FNb2JMZkhzMVgzV0o2?oc=5
2026-07-01 03:00,Investing.com,investing.com,Goldman Sachs initiates FedEx Freight stock with buy rating,https://news.google.com/rss/articles/CBMiuwFBVV95cUxPck44dmR1c2wwZmd3UnlxUDBBTE9GOWplaU9MMi1ZQXRKWV9Vb2R0UmpobFF2X1BDZUVib1M3VktDUlJWX0JHOVFFaGhHOGgyVUF5VkZoWUpXY3d6NVktY0o3ZW1mM0p2UGJldERwemlfN3F4SU52RkJ4YTdqQmNHdEFtZUVFMUtBZlYybVI3ZnluSlVZVWwxcjR6Y2QwenBBTUMtZDd4SXpyeGJDZGVJZVZQd2lXcXlDSkRj?oc=5
2026-07-01 03:00,Investor's Business Daily,investors.com,Stock Market Forecast For Next Six Months: Why More Gains May Lie Ahead,https://news.google.com/rss/articles/CBMijAFBVV95cUxNeTFDTVlOLU9tckVpTGRXVDVPZV82elNENmpvN2pQSkpISk1iQmJoZXg0QzFCb0Zhb1ByNVR2eGhLSDZWU2thRVcydG9GTTZyY2tOOXZTdENHTW5ac3N0VERtVkZUdG1HbVV1aFVHcS1kdWtuLUN4S1MtSmlSQ0w3Mk5rbHl0bjJ2ZE5VeA?oc=5
2026-07-01 03:00,Reuters,reuters.com,Goldman's private credit fund bucks elevated redemption trend again,https://news.google.com/rss/articles/CBMiuAFBVV95cUxNQWdJdGtsNmx4VTVRaThXa1UydXdGbGdHYUlDZm1pY1dnMVhBX0NPcGFUTkFXeU1HT0d1QzJmNmlrdzI1SmJUNkVlTFJ0d21LdUI2blZkLTMtcExTaWRWbW9FcjNYZ3NqYko1NHhhWnZObTVpSUpaUTU2SXc4VTZKbWRndTRzS2dYZkFFbk1zcW5fNXRjX3RMM3Z3bVk0bl9zYnNBbFYtcE8wbEJhbmxWdmN4Q2VZYW1S?oc=5
2026-07-01 03:00,TheStreet,thestreet.com,Goldman Sachs makes big change to its recession call,https://news.google.com/rss/articles/CBMijwFBVV95cUxNNExBNTdVY0ZIbTBVZW1sbUpNNlJzU1ZRd2xrNVBUV3NRQnFKbl9hZTBCdXFmT3AyVUh4MXZJcDVLTE1BZGNOTWVKQmNzOWpLdktLVjhnLWJkY3ZhUzJnelZmMGJXZ1QxMEZGeXhzOXhSSlJyMXVlZDRUckFjSEFoVWhTWUtNdG5MMnlNZjFkZw?oc=5
2026-07-01 03:00,Yahoo Finance,finance.yahoo.com,"Goldman Sachs initiates FedEx Freight with Buy, sees 23% margin expansion upside",https://news.google.com/rss/articles/CBMipAFBVV95cUxQSUNyYTBVTUticm1Ca1ROR29Jc0lGb0FUNlZkZXpTX1RicW9DbkJ3T1p2WFRLS0hab3Fua0JBVi0ydDlocEIweTFJUFBXWmQwcS0zd3pGb29hZTh5d1hyMWI1b2xpaHlfSkVvLWU5bXFXMUUyZDRkdkpMNTAxbTUwd0lpdEgwUmhoMGFWRndxVGxvRUtXLXB4cFNGcjBJcDdDZXdvSg?oc=5
2026-07-02 03:00,Benzinga,benzinga.com,Amazon To Rally Over 29%? Here Are 10 Top Analyst Forecasts For Thursday,https://news.google.com/rss/articles/CBMi3gFBVV95cUxNRndWTzJiWERtbHN5VVhjQlJHN19jSFNJNDltZjdubV9IQ0FDbmtyWUgwYnpYbHRWNEpjbjhkY2U4OERIM3hXMHBJY1NueE5QN2h0WmtRYUJiLVl1MnNTMjhOQVdSWEwydFRxM1BOT2tyRDJFak9rLU5IRHl3UHhhX29aUjFDYWRYanA3M3hTcjNIcXNJZG02VTh3MHcyMHZnRUo5MEJaUnl4MXI5UUN1azBOSndWbGF1NFFOLVZULS1qVnN3dW1STmNlOUtpcnpWaXlralJ0V0FQWWVtS2c?oc=5
2026-07-02 03:00,Business Insider,businessinsider.com,Goldman Sachs warns that the blistering rally in small-cap stocks will fade soon,https://news.google.com/rss/articles/CBMipgFBVV95cUxNVi1SdVI1WW1vVGplbjdIeHlhYm5paGhqclZBTlYzc0VTMDhQc3Y4RUtienp6VkdRYVVaOXVJT1J5YUkwZVpKdzZ6YVpWcU9pcWpoTmFsRmlJMDRPRFNfS3dwRV9Xc1p6NmR0dzlIZ3hBVG5laXRSRWNOYlpaY1ljY2RyeURobmVWRHhPVVNIdmE5R00tNUIzNWROVFdmQ0xRZXZ0SzZ3?oc=5
2026-07-02 03:00,Financial Times,ft.com,Yet another ‘quant tremor’ strikes systematic investors,https://news.google.com/rss/articles/CBMicEFVX3lxTE45akZUR1RLRFQ3SGVhcTVPS1dqbUdWU3RKRmJKLWRyT0xoTWEweldGemxJVWFSNTE1T3l3OTY1STFLcHRhUVZFdUhIMlRYLWRnZmlNUldSS1ZKd25RX2dzbVhscW54WnotSjVTak1jbnE?oc=5
2026-07-02 03:00,Yahoo Finance,finance.yahoo.com,"Goldman Sachs Maintains a Neutral rating on Core & Main, Inc. (CNM)",https://news.google.com/rss/articles/CBMipgFBVV95cUxPLVZhNWtoaUpndUJaYjlmUHNpZDdFNEJiS0JnWlREaVpOWUt5TlVCV0tCTkZrUDlXYWhBMWdtQ2FJSXFOMVR3Z3lEWVlNUVhEZnhQekQwTHAtbG1FSFBLVVVndmtYWnBtUVdsdVFFM2pPWktMY3RaSlY4UlhWN2NxLVdNMjNxSzNHTC1UWml5UGVSRXY1WWZtRU9uSmxjSWg1cnJlem5R?oc=5
2026-07-02 03:00,Yahoo Finance,finance.yahoo.com,Semiconductors Overtake Mag 7 In H1: Goldman Believes Investors' Appetite For Big-Tech Is Shrinking Going Into Second Half Of 2026,https://news.google.com/rss/articles/CBMingFBVV95cUxQOWNHRlJVbVBrYnd6UGxiTWNyaElvVGNJS2RURllQYmdmSGVqVU16NlpFc2ZYc00tQjQ0SjM4UFkweWRZRGhwX0hYTnZRVjltTjVCOGR4UmZDclJ4bnpHMUNKNWFZc29HQ3BDRXBXMXRlWTJ4WUlVTXZnMGE0Z0t6enp1eTdxMklMZUVvd2FTaDdOdkpXeWluZGZOQXYwdw?oc=5
2026-07-03 03:00,Business Insider,businessinsider.com,A top Goldman Sachs economist says AI will displace the jobs of 15 million US workers,https://news.google.com/rss/articles/CBMiowFBVV95cUxQYjVwenhlZndtaDk5RHU2Vi1oX0otM0ZSMjVCMHU0RGxWcG4wTi11OUotckd3MU9wa3N0LXlFVTJ0VFI5R1R1Ri1NN1l4ajBMZVVtMkRzbm4yc09xVkhKSVBJb3dDMHM5d1d0M0xBVUsyVlU2QjA2SGppQldBQTdNMklta2theDBUbm0wSmpOaFU0MFpQTmJ0bFF3WjNtYldxRVI4?oc=5
2026-07-03 03:00,The Motley Fool,fool.com,"Intuitive Surgical Is Down 28%, and Wall Street Is Piling On. Goldman Sachs Just Said Everyone Is Wrong -- and History Is on Its Side.",https://news.google.com/rss/articles/CBMilgFBVV95cUxNejNkb1I4RDgyTEVEVmpmMk01MUR6dmdFT3ZYakl1NDNSOHdGNUlySnl5SXB1MjNoR1AyRGRWbWprSWZoUWxBRXlJLW12MUx5V3M1ZDdKQ296VVBYWFI4cmlLSjlnR0lHVmU1eW1lQnVHQkZNUlVWb3pIWkxZeGlxTUtGdFFfWF9GeXNvaHA5WmxHWm55Wmc?oc=5
2026-07-03 03:00,Yahoo Finance,finance.yahoo.com,Goldman Sachs and Bernstein Assess Fiserv Inc. (FISV) Following CEO Transition,https://news.google.com/rss/articles/CBMipAFBVV95cUxNSVBaVUw3OHNmMXdya2lnQUZqYkJlUG91X2tkQkt0QUtBWHhVblZITmlIem9pbXRoNVFualFMQUNGdzlLcWZTa3QzOF9uWFdDSGNtM2puZ3hzRi1ybjZudXhEZnZYbFNiencxQTBwRmRRRHpxOEJudzctcU9ESklTX1kwUnR5eTUxdVdSd1NETzdwc3lZUmFScFRUM2ZKeTlXV0NTZw?oc=5
2026-07-04 03:00,Business Insider,businessinsider.com,Why Goldman has backed away from its forecast for a lost decade in stocks,https://news.google.com/rss/articles/CBMipgFBVV95cUxPQ0JCTW5mTzZqeXpUdlV4ZndkalRSMVlVZTZ0TThqdldydlJxMFRRWEZ4NEhzT0FyQW94Z1pfcE5LOUJOdndxclpEM2hhcFAzUWRsbjdobkw3VjBiS0ZVdVJqNWpxekk2dGdBNG5zY2ROQTNXLTZQVHJqb2NvTl8xaDhnUjlHcXNmZThMcjVuQXpOVlYtT1Iwa05OdFlub2VIVlZzUUdB?oc=5
2026-07-04 03:00,Seeking Alpha,seekingalpha.com,"Goldman Sachs: Its That Time Of Year Again, My Thoughts Into Earnings (NYSE:GS)",https://news.google.com/rss/articles/CBMirAFBVV95cUxNTXRfSjloVFg0WTYwMU1qS1BqdW1xcDczenBlbXN3VG9MTkp0bFZfd3REdjhZbFNNdndvZVVsSU45bkxmeGNwTE1ISWViNTJVSE1lc202N2ZQYlp0YnpuWlZKTUlsUklNZFJWMzVfM3czN0s0LW5tTlVNTEN6dUVTd0tFS0dPZmI4MHBuM1A2Q3o5RFhQTi1UMnlldGEzZ2FoMjluVmZjNFhhQ2Fx?oc=5
2026-07-04 03:00,TheStreet,thestreet.com,Goldman Sachs doubles down on Robinhood stock after record trading surge,https://news.google.com/rss/articles/CBMiwgFBVV95cUxQSTJIc1kzeGxPMmdSWmh5NFlxODdueFByN3F3djBMVTFnVTJobTM3ZUZYMTVsZFZxOTE0a01rUXNYSUEyQmFzRF9vMUVDd19NNzFyd2JnYXNCSTdlQ1hWQVNWQXR5TEFaeDZfOW41M0tXcFpCVlljWEdKREhuTzdJdHNlcGlfbEZESGpjVXF6Q0xuODB4cTlHcVZ2djYzU2hkQVF4T05EcWE5dUFCbU81UElDbHN3RXRmRkJQLTR2SlMtUQ?oc=5
2026-07-04 03:00,Yahoo Finance,finance.yahoo.com,Goldman Sachs (GS) Launches Trump Account Match For Employees’ Children,https://news.google.com/rss/articles/CBMinAFBVV95cUxPX2tzdmpDNlFSUkhTdk8xZGUtWUlVdTdubUg5bXpLZDVKYU54bWpDckVYTDZTeGxicDFIZkQ2ejNzQmJJdDFhQWhiaGt3WWNZajNCakNPM0xvaXE4blBDQl9uMjE0SmVJSjZHZ2RHOXdobnRuZnJzYXhnRGJPbW9LdHZ2elNDZUxMSlFURWdpb3BMVkVLUlR3UVZXdjM?oc=5
2026-07-05 03:00,Benzinga,benzinga.com,Goldman Sachs Names Top Undervalued Stocks to Buy Today,https://news.google.com/rss/articles/CBMisgFBVV95cUxQMUNoaEdaNGV4TFctM3FiUjhRd1RObzVkVllRbjU3YVNuNUt4ZXNaTVBBTGdNVmF2NTJ4cnlTNXZGakxxcDhIbU9TbGtBcXBmU2ZhZlNsYUNpVVNLWGNZOWpKc0hlYk51WU9rdkFkaU94OEhCNkh1WjBjX2hUSURLYm92ZlVhaTZVVVdjRGxjUDUxazBjaWNhZXl3SElLUmdIUVgzWXh2NWktSnMtSmgtd1hR?oc=5
2026-07-05 03:00,Business Insider,businessinsider.com,"South Korea's red-hot stock rally still has room to run even after recent turmoil, Goldman Sachs says",https://news.google.com/rss/articles/CBMiowFBVV95cUxPYjlZekdxVG05bkpqX056U1NXdG5lcHRTLTloUGNJUmNBc3lHWUdmNVJPaEk5eVFqcVFuN01keXp3b042Snk4SzFIa01kNFNiRG9tRzI5Zl9HaThlWUFqaVRYNE90dG95WDRreWliakZLakdCM3pRQmFKVFlpSm9KS0lic3dYQTdYYlV0dDNwVlUycEdEZVE5YUtKY2NydUJtVjBz?oc=5
2026-07-05 03:00,Yahoo Finance,finance.yahoo.com,Goldman Sachs Keeps Buy Rating on Intercontinental Exchange (ICE),https://news.google.com/rss/articles/CBMimwFBVV95cUxON095RDRTd2xRSVhUd0tNaG5UUnhZaE1vVEtmMVk2UkVEazNxRmZySmhkQUJXWDFRQkc1VkM5cV92NWgxLUxYZTBXcUpjV0Q4OV9BUUtucjRNZ2hud2dfdHFNT2NFaU5QVlBiNGczVnpXck1GYnFVQnNad2V3ZXA3VVEzQTdUS0IyV2o4Y0NCbTZwVTlHa0U1MElTbw?oc=5
2026-07-05 03:00,Yahoo Finance,finance.yahoo.com,Goldman Sachs Says Braze (BRZE) Is Well Positioned To Keep Taking Share From Legacy Marketing Tools,https://news.google.com/rss/articles/CBMimAFBVV95cUxQZ2ZZYkRXSlotLUlma3RHTzZDc3NFTlhFWEtGZldPcWp0TklDUkNBZFRYU016TEUyV0VNZGFoN0pid3pQbnpYdTFaSF9fQW1HZ2d2UmEtQ2VZdlBBVEttVmJmOXNDRjRsbmJoQzUzT0R3WEpockU5NmVKdzNUWVlEdzFSU3JvUHZ1YmhPTVFEekR6QTdoazJ6Wg?oc=5
2026-07-06 03:00,Barron's,barrons.com,AMD Stock Rises as Goldman Sees Big Earnings Coming,https://news.google.com/rss/articles/CBMihgFBVV95cUxNVTRlRkthTlU3S1ZpSHpRdW41REc4OWZvbHBjNUgxNUxVMjBlS0xCd3dPaVlqTmhsOEM4NWpQTW9hclE4V1JqU0o3RnZBWjd2T0xfMl9CQ1BERWlldGF5TmRMbm9pZlNzb0pwMXZUdkJwblFMTkJ5WEVvVUVPaWt6R3pXcUVWdw?oc=5
2026-07-06 03:00,Barron's,barrons.com,"Nvidia’s Bargain Price Already Reflects Lost Market Share, Says Goldman",https://news.google.com/rss/articles/CBMijwFBVV95cUxOMkd5LWtEaEV1V3ZTZ2tmZm9LZEQ0RGdfU1VFWXRIV3gyemluVmJndkU3elNySkEzUFZEWEN0bWkxR0dQbm1ZazgyRFhuT0t3THdCc3RGb1FVSkp4SVRRYU1kRXpwV1l1TFNPSmdUdXhlSHdGNENJZ0QzZEY0enRlQmctaDdkdDZTSmhvckpaRQ?oc=5
2026-07-06 03:00,Bloomberg,bloomberg.com,Copper and Aluminum Advance on Fading Expectations for Rate Hike,https://news.google.com/rss/articles/CBMitgFBVV95cUxPeW43ck1IYkdDX0xpQXNxTFppcTRCb0ZxT3psTkhfMmFjclpTNWlxTVJYaGZtNDk0OU41dDEtMW4tU1QxTzZSc09MYTJFaExGSmRYdXFhNDBjYmZ3ZEFrMTg0bjNaMjhQTW1QcTlPWXZhYzA5UU9tb2Fpc3ZTSk1Dc1hsbmJHN3VKcUVTV3pITDZlNndXTEtQSEJVMHJaenRtMm1wakxXMDBHZ3JKYWprSFBZOWNRdw?oc=5
2026-07-06 03:00,CNBC,cnbc.com,Here is why Goldman Sachs thinks slowing earnings growth won't derail the memory trade,https://news.google.com/rss/articles/CBMiqwFBVV95cUxQM3BHWEg4cUEtVFp1S1RPeTJJZ0llV25jajhvRFhwd3NoTEFiY1VHNzlJcENVTzVWUXJrb1FSTnJXQjdxTVZqNldzRHFZQjdoR3NDdVlzaDQ0UEQ1YkV1QVNyWGFlMkhNMHhvZXBLUXEzYU5aeHJFRHVnOHhSdTFidHJrRWlFQ0VxUXdERVhDd3BPTWFxNGVkQjdLSWFCNzFxcGZXTFpTdEZCWmM?oc=5
2026-07-06 03:00,Investing.com,investing.com,Goldman Sachs upgrades Rentokil Initial stock rating on growth recovery,https://news.google.com/rss/articles/CBMiywFBVV95cUxOcV8xVzFfZ21MbGpqS2Joam1hdy1kTkpxNG4zRjBNZWtpbmVrTFhXcVcwdmVuWDBDUXRnY00yOWlucHV3aENobUxCMlBvZDBWUW51ZUVDRmN1d0JPcEE2TlNEWk8welBXVGNqQnljek50WHROX2RnOWMzajBTdkpJTW9za0hNYWIzcVFBUHhTMHhEY1JnNkw4T3NrdnY2emN3SV9Ka0dUZlJ4OGIyYXo1cUhLdmxLYVZXTjlVOXZlRVd6VWc1UWMzTlhiUQ?oc=5
2026-07-06 03:00,Reuters,reuters.com,Goldman dominates first-half M&A as dealmaking surges in EMEA,https://news.google.com/rss/articles/CBMioAFBVV95cUxQOTRoTkJBaHRfQU15TU1kWW9QcFh5V0xUbjRGUlZNakJTQ1J5dDNsNk9aamU5UlZtQjczbm54UEZyN1NJYndQUUV0WGNpd0dfd2NqQnN3LUhZOHpJTXlyOEIzd2tyMEVueDN4aGJyT0V0S0ZyZ0xES1ZNWHRuZ0h0cUxzUlhBaV9qamlPN3gwREVMaXFVSGd2Nkd3TDZUN3kt?oc=5
2026-07-06 03:00,The Motley Fool,fool.com,Why Advanced Micro Devices Stock Just Bounced Back,https://news.google.com/rss/articles/CBMimAFBVV95cUxOU2o2WHh6SXhhcFlsZndzeVRUSUlQMFpJdVNLZlhaeGlpSWpHcWdJNW9SMGlzYUpYS3VTLU1BMkc3SkdhcFBQLXZhX2dtRktla19HNVE0cWI4Q01LZlVpb3ZkTHN5TzcxRVppeHVNeEszaGx4SE1TWTlGY2pYOVNOcHl2VXduNzhseC1TUmw5US0yYkJBZF9vNg?oc=5
2026-07-06 03:00,TheStreet,thestreet.com,Goldman Sachs turns its back on major semiconductor stock,https://news.google.com/rss/articles/CBMilwFBVV95cUxQc0FMaWcyYjJYVkFvdUd2Nk5vZWd1WDExeDgtWTF3SExTV0trSDlud2ItZ094TmthS3V3LXg5Smt3U0VIVUkwMElmRWRWNVJsaXRWMGFwUktMTjdCM0ozamU1V3JwUlpNNC1RMmljOUZZOG1xOWUwbGNfSVZPNktVQ1pyel91WjA0Rzk1dXlZaDMzWjNXcFg0?oc=5
2026-07-06 03:00,Yahoo Finance,finance.yahoo.com,"AMD, TER Stocks Jump After Goldman Sachs Lifts Price Targets",https://news.google.com/rss/articles/CBMilwFBVV95cUxPOExKcnhlSDJXdzUtM1NJTk9kYm85OHp1TUFDTXBMdTNEZGRaenRxSWN2SjN4RDhJSTl1Vi1LXzRmdkpYS2thTV9GX0dCRXlqc2JQVGpkV3l3YktOYkdDTTlURG5qb0g3NWRzc1BRcXBUbURoeU9TbmxVQ1d1UjFUcmVtUGcwUElvV0dlRFhON2FodjFJdDVZ?oc=5
2026-07-06 03:00,Yahoo Finance,finance.yahoo.com,"Amid Strong, Positive Catalysts and the Endorsement of Goldman Sachs, Amazon Stock Looks Very Attractive",https://news.google.com/rss/articles/CBMiqwFBVV95cUxQRHJmODFwT2ZLSDVpZjdsR0VicVBjTWI2UFZ4T0FnTVFzTHFLakVQMG1RX1d6Wlo2cW5hV19HTmJjRXRVM2JiYnVTTzlkNGR2cmhibnVPV0xSbzJwSC1QbExMY1pIUTJZZVdyUjBENTNyVDlqY1c4UF9WRFhJcWJsOTRtUm9rTkRMVmgzcVBWWm1RS2xPaFFfR2lRN0xLeWpna0NoOEZSWFpiYU0?oc=5
2026-07-06 03:00,Yahoo Finance,finance.yahoo.com,Are Finance Stocks Lagging The Goldman Sachs Group (GS) This Year?,https://news.google.com/rss/articles/CBMiowFBVV95cUxQLVZGX1kycjJNcm5TZlFTUWlfYVZGSXp1VVFScll3Rk1KOGxHU1RQel9SOHpLMWd3UTdDUDdzbFRKN2RyUEpJYmUtZGhZcVVNal9mZGVSZkhkY1Y1cGVYQWJMZXBJeEFZRTJlNHRGWFdqOFRtUmNUcmd0Wjh0ZVdCX3lINENDTjdyeGNlZ2cwZ1MtbXpiNFVXNkpkemVUUUNiMGYw?oc=5
2026-07-06 03:00,Yahoo Finance,finance.yahoo.com,Goldman Sach Revamps AMD Stock Price Target for 2027,https://news.google.com/rss/articles/CBMimwFBVV95cUxOTlRBLW9YSXo5V0RQemxJNDJMbmN4WHYyNHFQQnpaMnZkZXlXYWxNMW56eDZiSENrVHNpV203Z1U0T2JyNHNwMHNhamgyT0N1Tm1YNWxETlRmWmY1NHVzczdGNktzUllCWDV5SW0weGFmakd5Wm91NVZEUjZ5VTdjTXlkaWhSSURLTFhTUk9hSmdtOTlIMnM5LUF3dw?oc=5
2026-07-06 03:00,Yahoo Finance,finance.yahoo.com,Goldman Sachs Maintains a Sell on Comstock Resources (CRK),https://news.google.com/rss/articles/CBMipAFBVV95cUxQcFl2TDNaeVM5cFBRRWp6VU9zZmZFOVpLeGlSMV9xZ3VKcDdlcTRJWlJqZ2hGbTBuV0RFVWZoNkR2U2hQWEFjeDVRbGQ2Tno0NlQ0RXRiWWlZN3h1M0Q2eHRNZ1hqVVdXSUx4TzNJaEZ5Z3p5bjB2dXhKRG4xUmlUck84ZUNIdDREeTRwaVRrdFZmckRXWE5INDN1VU9ZV2pPemJvNw?oc=5
2026-07-06 03:00,Yahoo Finance,finance.yahoo.com,Goldman Sachs Removes nVent Electric (NVT) from US Conviction List,https://news.google.com/rss/articles/CBMiowFBVV95cUxQdnZ2bnl4M1M0LUhCOVQyWVRRc3VRSWFMRW1uQ1pCcnRiVUpsYW5PdXpZcUVGT3ctWmxJS0toRFZ1ZUFNUzJIWXFnNjBOUzJmMUZvaGkyWUpyeFdLM3Ffcng0c2FNRUZFNW5kTk13MThhWkpMTWlncjA5V0lDUUwwODFTSDFHVDl3UjgyT1RQTHVNRDUwY2YyeXNyYndERjFzZTdR?oc=5
2026-07-07 03:00,Benzinga,benzinga.com,How To Earn $500 A Month From Goldman Sachs Stock Ahead Of Q2 Earnings,https://news.google.com/rss/articles/CBMiuAFBVV95cUxPNlk0bHNRZFZTOWJOYXQ5cG1IOFZLcWxEcFhfV3huYUtsRmc2c2Z1U3NMbV9wUHNRajlmelN1VU9YbmhCdnhCNkdFcHA2Si1sZ0JKT1ZSSnFsRFdjZG9oNk9MTTJEam5iazRxMWNfc0xrb0k2N28tSXlsYlNOYmpjOFNXN0ZjV3JmUmdlWG5NSGFSWDFMSnE2Tm9IWmp2MzNvRXp2T3BjMU1BT3g0elN4Q1NyZ3FRVGdr?oc=5
2026-07-07 03:00,Bloomberg,bloomberg.com,Goldman Says Earnings to Drive Next Leg of Rally in HALO Stocks,https://news.google.com/rss/articles/CBMitAFBVV95cUxQQzRvVDJuQi1UWXhsaVdEWGhWS1ljc002M0dMcGljdzM3WjJVYU5LcWpNUi1BcVVtWXhoby1DNlNBbG9wRDdBZVdTZEQzQ1hId1NZR2Q0VkxqSkI2dzZIcEZxeUZyN3pNSUZyRFUxVWdjMkctN0xEZDRhN1RtOGxwVUcxRVk4TEgyNVNxamlaNlRPTHRJc2RqXzRxLXlEOFMxMGswcVIwY2ZwX3dBX0pxbldJczI?oc=5
2026-07-07 03:00,Seeking Alpha,seekingalpha.com,SpaceX lands bullish ratings from Morgan Stanley and Goldman Sachs (SPCX:NASDAQ),https://news.google.com/rss/articles/CBMiqwFBVV95cUxQUFg5ZnJUaENXZUxuek8tOXZKTHJ3R3dRUkVCcHZNVlRER3k2TWFjb2pKbHFxTE1DOGdvTDlsaHBVUExwMUx4Wk0zZ2s0TEtreXJRVnM3WlhaTHNLdWN4VEIyVV9odENHbzNSUzl6dkNsUERYd01od1l2SkRfaDdIVTEtdXN1NzFhWGRJQ19RQ1BrcHhFbkh3MFFHdEtfbms2OFV2VXdxb2d3QmM?oc=5
2026-07-07 03:00,TheStreet,thestreet.com,Goldman Sachs resets AMD stock price target for the rest of 2026,https://news.google.com/rss/articles/CBMitwFBVV95cUxQb3lEQnM5OHZYd1dnaUMxMUJCSW1NNzM2ckZTOTNtOFZ4LU95a29NaHNzUTA1c2NSN0dwVU1mNHlyVWZOM2VtQVVJRUtPWHQ0a1JoZjdzTVV4RWxxOUpyU0loNGFURmV0NWxmNS1aUi1JVlZBVzAzYnhLZF9DdDFUMHl4UUVFTkJ4T192VmlPWHd1VGpxbGI1a2J2UktoNVB6WGsya1ZQUHc5eXpydGZHNVlIdEJ3ODg?oc=5
2026-07-07 03:00,TheStreet,thestreet.com,Goldman Sachs revamps SpaceX stock price target for 2026,https://news.google.com/rss/articles/CBMioAFBVV95cUxOWWl3UDJFTXo5X3RFYjIwM1Fpa3BuUEZaN0hyb3Z6aExienVsT3JaRXhBLWVXVU9UcGk1ZTZOVDlPd01ibE16cEJHTjY1NG1WNDRDSjdQOUZrRThhem13bGk3VjlSN3FhMFlRQzVRWUZsYmNJQmcyMVhkN2JxQ1Y3WEJvZzY2WDFjZ0VmWlZraUxkYWFkZWVEU2lNV19KaFNp?oc=5
2026-07-07 03:00,Yahoo Finance,finance.yahoo.com,Double down on the HALO trade: Goldman says asset-heavy companies will keep beating the market,https://news.google.com/rss/articles/CBMimwFBVV95cUxOeHozM1dVdFNvTmtyeVdCdDk4YlByTm8yR0tQOTMtS3pSbTNFM2JXOFZZRUtTWExEanpFZVNfd0tWcGEwSzcxZUkzQ250ZThRR0dieFdBM0VKdFJnNW0wWW9PdVZiSFNWcnRuV2U0RkFGT29zYjkxTWtCNFlPaWNnOFhodFcyTzNwUklJZlhEWEZEMm14MFIzRFcwNA?oc=5
2026-07-07 03:00,Yahoo Finance,finance.yahoo.com,Goldman Sachs (GS) Earnings Expected to Grow: What to Know Ahead of Next Week's Release,https://news.google.com/rss/articles/CBMioAFBVV95cUxQZ0dpTFgxU3RtMEg1NDN0SUhWdlBBdFJCeGpvenlMNlhCZmVLb2g1ODRQc29XMm9Nd0IwS1NfU2VNVDVRWnpEdXhhWDBrV0VSbzFEUFJ2eDVUdzlvTlN1QnRuVG1MZWpHNEE4VWZrYS00bHBQVUkzS0ZoYXI4azBWd0R0RXVpeWUtSEV4eTcyUHpTNGVuMG1pV2R0QmlFSUd2?oc=5
2026-07-07 03:00,Yahoo Finance,finance.yahoo.com,Goldman Sachs Group (GS) Could Be 8% Overvalued After Its Funding Push,https://news.google.com/rss/articles/CBMimAFBVV95cUxNSlRBREY4eXpXLXlRQTY1UjVOZ1ZyMHdHU3Z6bUZWWDJPWFNybzFoa00zcnlNdUVKQUtIbUV2ZFNldXFFZEhlcUV1d3ZjbGg0dER3LUFEWUF2OGQxbjJ2alRGV1lqdFpFYVhUVXNNOW04TEthYmlxTUU1VmFrdy1qRGxSSDRjcXZ4R0M1Qmk2NjlfX19wenFHZQ?oc=5
2026-07-07 03:00,Yahoo Finance,finance.yahoo.com,Goldman Sachs and Morgan Stanley split on SpaceX stock price target,https://news.google.com/rss/articles/CBMioAFBVV95cUxPeGtjY1QwbEFkRGFMZU1OVnl2WVZnTzA4cU01SWl5VVJhR2loYW1vaU9iMDdEZUZjZzRBcmtvb0tUV3pfWUkzZ3I5bW4wWHNjN2pIUmlpY2dOOTd5QW53X0FqSXZnSnhlalJuUEFaaFk1MG9rUHVqTnNwX1NsNlUyeXVBSDdlTzQ1QVNYRUp4OGIyN2lua2xyR21sQmJtcmQx?oc=5
2026-07-07 03:00,Yahoo Finance,finance.yahoo.com,Goldman’s Top Strategist Sees a Dangerous Amount of Leverage Piling Up,https://news.google.com/rss/articles/CBMipAFBVV95cUxPbkpGOEtMWm94cXNURmVaV2RhNU1LU0lRajNKQmZwTGlOWkx3X19KanF3NjVsaGdnQjhSNXQ0MkVxVjlhZFNpeFRUZ21xMTlNTGl3dkRfR2ZKRmFTS0ZQV01veHBPRjhNRkZSX3VkZ0JMMC1FZjhWMlVlM2RuelpSeTBlTjFOR2phbWRRYmp2NFBvRzhLY3hJNGd0cVJiUzVXUjhrUA?oc=5
2026-07-07 03:00,Yahoo Finance,finance.yahoo.com,Meta Stock Stumbles. Goldman Sachs Sees a Buying Opportunity Ahead of Earnings.,https://news.google.com/rss/articles/CBMinwFBVV95cUxOUzRDYklGWEo0MVhmQ0lfNTBSLTR1TWlzeE1JUDhjZWpweGhvay1fZVN4LWxNWGJoenFlYkxHRkR1SkRWQU5PVk5jTHpFUUduNFNJbUNmNFR1aERoWU1yYUlpS1IyT0Myc1dnSGxqRGVzVFEtR0ZPS2tkN3lNcHlzQU5vTTU5RXdBdTk4T2w1U0lBQjV2V2EwVjVqcHdsNGc?oc=5
2026-07-07 03:00,Yahoo Finance,finance.yahoo.com,SpaceX Stock Gets Stunning Price Target from Goldman Sachs,https://news.google.com/rss/articles/CBMingFBVV95cUxOMlhpR0pXUm92el9mdmstZElqX1pZMjVuVGEtQkU2SFBncFRSR0t0YUxYSElSSEFoQkYtcUpWNWtpSVNPMF9uV2M2eXZmQmhYRkdodEtPSUdpVmdUVTZrZUxfX2FwZmJUSTZ2RWQ1MDNqcnZ1UXFWSUxrOXp1WmgxbzFCUGNkOUlWY3lSWkJlU0ZuR3BVLXQ0X2ZZbDEtdw?oc=5
2026-07-07 03:00,Yahoo Finance,uk.finance.yahoo.com,Rentokil shares advance after Goldman Sachs upgrades stock to Buy (RTO),https://news.google.com/rss/articles/CBMijwFBVV95cUxNcTVWemQwcklPNi0wZXowMEpwVnFzWFVvWk9WcFVSRnZZVm84UE9YT1gyT3B5RVNvMkMxT1dTWEVPZWpQdGFWRl9EN2g3SzF3V211NDJuTjAtczVTZmdVZHZtT1BmSkpuWDhDQzhteDQ2ajZKNnpneTM0bjUwZVRwNndGY0tmQ1FaMkQ0NWpuYw?oc=5
2026-07-08 03:00,Bloomberg,bloomberg.com,"Watch Stock Markets: Goldman Sachs Says AI Trade Is Intact, Hyperscalers Are 'Well-Positioned'",https://news.google.com/rss/articles/CBMiqgFBVV95cUxOQmZfR3kwMEd2QlhwX3htMEZRVnNDbV9GSEc4OWhzNzhod2tLTXM1aVhLZHNnTmNTSDJMOVVtb1E2LVNNTlZuZEhXNm9hbjZiSFhWT1RVY2xGYm5tMGVWRUVnMXpLaW9CSHoxcmsyUWdjR3dXMFlmV3ExVzZKVWpXM1NsVkp2S2g3dU1PWUswN3hhemh5c3VsMFJjZVM5ZmlJQjlBc1BCd3dWZw?oc=5
2026-07-08 03:00,Bloomberg,bloomberg.com,"Wave of Earnings Surprises Will Be Hard to Repeat, Says Goldman",https://news.google.com/rss/articles/CBMiswFBVV95cUxQRk1vNG0wLXRZbUhYcTJLQ3EyT3MxXzllTWljOU9wUXBYbEZJN0ZNeDFwZ240RmpEV0FtS3RwTkt1LXlPNFRRc29KdExVS1BrNVdlZS0tdEwyR0dWRG5hM09HMjc5VWZDclZSNnhSamY3TEM4UTNRbi1zdlE2TUFORmJCT2YyQXhUUmI0Z1hQakhfTFV0TnBmRndyTEt5ZHRMWGRMTVMxMmZqbWNFV3ZqQ195dw?oc=5
2026-07-08 03:00,The Motley Fool,fool.com,Goldman Sachs vs. Interactive Brokers: Which Financial Stock Is a Better Buy in 2026?,https://news.google.com/rss/articles/CBMi0AFBVV95cUxNbWVXV1ZscWQzNU94azgzeVFySURMODlkd1JJSDZSbWhZUnRaZm5uLWwwbXAzamxzQ2RiZ0FBNHpUbGZoMFE4RE5WNGM1SG52ejNKaWh1Q2xobzBPREJCU1hvcl9LNmljSUxOdW1zd2I2aGZxcV84OGZqVFNSN1R5Ry1zeTI3eVN1bF9hdTlMNVQzcUJMM2tiQXB2aHlta0tRWVN1R3BXdkdtWUx1eVdHWXZ0XzBMVVphbzdDdDA2NUxsMVVGQU53MWNDNlI4RndD?oc=5
2026-07-09 03:00,Bloomberg,bloomberg.com,"Erste Shares to Rally 30% on Poland Growth, Goldman Sachs Says",https://news.google.com/rss/articles/CBMisAFBVV95cUxNN0NQSWtQLXlYT1lsT0VXOTdHeFQ5SHRYbTN5ekhsWGNERy15THVkR1h4OE1LeE43Qmpfd2ZjSmhmS0VHVnRFa0d0bVc1MllfUGc5WnhRbVgyeTZIY2haNTJ0Y1A3N0JIWkp4UFRQNlV1WTYwNTlGMHFIb2duZUFzQXVlTXl2ejhvU2ZYRmwwVnJ5a3AtSWhQMVRscEhGOFowWHRJZWtwcW5CM0duOHVURA?oc=5
2026-07-09 03:00,CNBC,cnbc.com,"Goldman Sachs wins $70 billion in asset management deals with Verizon, Lockheed Martin",https://news.google.com/rss/articles/CBMingFBVV95cUxNb3c1QlhPRUYzSWNXcTNuVFAzSUs3bE5PSjZmeEt2S0JZMm9BSWppR0FhdFpGbHhvX3cxTHNMZDZkOE9VanN4TVdjS1BYRmdBc21FSnNlRjd4SmZ1WkhNaGhZeHF4UWxDTHVjaV9CU2NlNnhlb0ZyOFRULWNvX096azd6NnZxTE51b2xVdDVmbTFwYVhWWk04YjZzWER4QdIBowFBVV95cUxNcU9pQnlKRUgwdlB5anpvM1lHMGljYjNGc1owdE1PUE9rUHJTYUF5RGszcEZ1QUtvRnBQcmp4eUd1XzJYOUZlU3I5ZGdSZjBYR0p3M1BLQV8yZmpfNUphWUcyZHZ3VDBWNWQ4ejh1WkpTRmJyVk5aQ3pYSFFuckFkUkRxUmcwcGxQZUF3U0g0MUlkc1AzdF90c2FCa3F1QlV6eDRB?oc=5
2026-07-09 03:00,CNBC,cnbc.com,"This payments stock is coming back after falling short so far in 2026, Goldman Sachs says",https://news.google.com/rss/articles/CBMipAFBVV95cUxPekV2WU56ZW5YWVV3UEwzMlFYZ0pUaGdGZTRSZFVJZlJaMlJtbmdsOTFYMzBSZTUyM09JamNRQUVPcUV2Vi13XzR2Z2RKSFNRX050T29hWWREYlVUVjNqSEQySFlFVTlJOVBHLUYxMkN0T3RyNnFOMXV2U18wVEdPQThaeG1lZjROMkhvWEd0Z2t4dzEtRzVPV0xESXlFMUp1c2hsZQ?oc=5
2026-07-09 03:00,Investor's Business Daily,investors.com,Data Center Builder Spikes After Goldman Initiates Coverage At Buy Rating,https://news.google.com/rss/articles/CBMikAFBVV95cUxQNzZ3YzlCTzR4Q1JiV1lDa0pXaFdxTkZ3N1lKb3Vvakc3WHU0U2M4NzdtVUVSbkdjVXZXVmZKYUNObF9IZ196ZmItMnU2WlV5OEwyR3VnbGdlN1dtZkd4aXRXNGFXTEZWWWhFdU41QjN2bTAxNm9pRk13dkRzaWFEM0drNGFFY29MM3ZrR3NCS3E?oc=5
2026-07-09 03:00,Reuters,reuters.com,"Japan in 'early innings' of more corporate buyout activity, Goldman Sachs says",https://news.google.com/rss/articles/CBMixAFBVV95cUxPUVBRcGV4c1RSMVhCUUhGZVJoSy1fcTRnMWEyWTZlUzN4bjA3MjdjRV8xS1hRLWxPT2JfMkRYdTVFSVI5RXZHa1FWX2plSGs3SHZxVW50U2liREd3RFhwLTU4N3FHcERQVlJNdlJpM0dMcmpINHNtd3FHODJ1MGVMZ2dFdFpKWXBES01qbkN3V1ZnV3ktaEpfY1VxMmlkUEtWZlp1SC1SdVItQnZSUTd1TGN0ajRHZE54SnRuZHphOG8wcXZB?oc=5
2026-07-09 03:00,Seeking Alpha,seekingalpha.com,Goldman Sachs turns bearish on Mattel on mounting execution risks (MAT:NASDAQ),https://news.google.com/rss/articles/CBMipgFBVV95cUxNeG9rMGo4Uk5CX0RCQWFWeGdUV0dmTWJOcGNtSzh2d01WUWR5QVRTSF9GSmRPT0FjR3dSRnV0MWZXYmZBTnVvZ2NUUU9teEdRdktua1V2OHZiTHJHY1VwVTVFTHZDM2dLUlZKVmZySDBMVmJVSDRXZ3o1dVVmNXhZR2lCaUFFLWEwcWMzN1pNcVg4eUhfaHRocHZ2ZjhWQ1M1U2loM2Z3?oc=5
2026-07-09 03:00,Yahoo Finance,finance.yahoo.com,Goldman Sachs (GS) Rises Higher Than Market: Key Facts,https://news.google.com/rss/articles/CBMimgFBVV95cUxNdGNlNDQ1RTFIRzBuOG9oR09zT2hkc0ZROGtMY3BnNTNMelBweWFOTWV5QWxDcnAwVlMwMS1UTWU2ci1QemJLd0c0WFQ5R2FZaXB5WU1hNlA2SFRCRllWMExxRVVKVFk5MkdCRHJJM05QU201cmNidk1zVUJwTkZjM2E2RnZudU5MY3hFWmZtaVNMRDhrc2x1b0Rn?oc=5
2026-07-09 03:00,Yahoo Finance,finance.yahoo.com,Goldman Sachs Increases Advanced Micro Devices (AMD) Price Target to $640 from $450,https://news.google.com/rss/articles/CBMipgFBVV95cUxOd3FCVk4yZHZvdWUxcDFKS011T1JUWnNqZkxJYzJEdi12N2pDWHpFbEdxRkUyT3V2UWhCeld0dmo1MHM4U2FQWUoxTHY5OHRrOHltN1RsU1B4RVlhYm1XMnZGd25tS2hqczNPQmRMQ2JBeURWc2lRUFlMaFdaWmdhXzdDVTh1UXJzRHpCdXFXRll2SUY2WnhoSk5wd0RWU29Vdm0waEhR?oc=5
2026-07-09 03:00,Yahoo Finance,finance.yahoo.com,Jim Cramer on Goldman Sachs: “I Want You to Hold on to That”,https://news.google.com/rss/articles/CBMimgFBVV95cUxPSUJqZ0lLc25Mc3NWS3pZZGk5dHRzeGZtV2xPaUFSZXM3VHE5cUY3eElHLVpQMmhHeEhycWFpckQtcDREM1I0d3dYWlRxZlJtWi1odHZTNldvdHFCZnFUVE1WMzROWnJkNGwtR1d4UERfNkJ1ME1tT3NMejl0TjdVZ29RRGdNb3prTjZrY0VaejA0VktFYkdmM01B?oc=5
2026-07-10 03:00,Investor's Business Daily,investors.com,"TSM, Goldman Sachs And UnitedHealth: What To Watch As Earnings Kick Off",https://news.google.com/rss/articles/CBMiigFBVV95cUxQLXFSNWtmd3V5bnBtay1mR2F6d2FpVjVLRS04eG1zbnRqVXo5bHk3bTd5SzlIdElBeDFsZlFZWEZqa0dZQ1oxc09rdmIzYmZBV3VaYVYxcHhVSld4SU4weFBIaS1hX0ZoUk14TXFoQkU5c1A5d29SMEJjRHFLRUJTRDhwN0tITzE2NEE?oc=5
2026-07-10 03:00,MarketWatch,marketwatch.com,"A hedge-fund trade blamed for a massive market blowup in 2024 has made a big comeback, Goldman Sachs says",https://news.google.com/rss/articles/CBMi4AFBVV95cUxPSVNHNXBheDlNS0hyUUdnRVV2U2dYcV92WWd2YWFLaWlhMlBEY245aDdrWjNPaExmTDVkb05qZ01XOWlheGFzMjJQTWI3N01IYmh6OFRCcXpOR1hOcGg2TkV5TWVQSXd5dTdXZlZVTW02TWJfNjhOVlFBTGEwa0NLWm9fVzVfTmxFTXpyV05xTjhoOXFYZHVhYUVPV3ZneHFBNFM3NW5kbjVweXE4NmdRTm5vdVdoamt3Rk1IMlVKQUNxMXBwS05fem96OWhBQXNzdHhzQkNTTXA0cGtVRC03OQ?oc=5
2026-07-10 03:00,The Motley Fool,fool.com,Goldman Sachs Reports Earnings on July 14. Can Its Investment Banking Surge Keep Going?,https://news.google.com/rss/articles/CBMijwFBVV95cUxQblF2V1RWSlNhN1NtRktxRXpBN2FQS192RnVXQk10Z2E1YnVIc21SdkVZNy1lUWNEYmtuTW5jdS1xU1NxQWR0VEd5WXRWb2ZHcGM1OTdzSGMyNDdRZGE1M3VDVGRDaS1aNldpRkk1QmRha1VoVUE4d3psRkpNRWV6SFJiTTZXSjh2ZmxseWRLbw?oc=5
2026-07-10 03:00,Yahoo Finance,finance.yahoo.com,"Goldman Sachs Just Made 4 Bold Calls: 2 Sells, 1 Buy, and a $2,159 Price Target On This Popular Stock",https://news.google.com/rss/articles/CBMilAFBVV95cUxOYlN3UTFwYWw1SEdySXhfNzNTcGdoOFJpQ054M1hKNFlOV2l1QUgyRE9FeF9IZU9US0pZaDlralNiVWVLY1JhX3pJSlNmcDVacHllRzNMYy1KWDMwR0U2S1F6T1RvamRrcElvT0Y0eEdDT2NjVkxDc2FjMFN4UWJRb2w1VVFQcjFNdE82blVHVkxUUld5?oc=5
2026-07-10 03:00,Yahoo Finance,sg.finance.yahoo.com,Goldman Sachs reportedly warns employees to stay out of booming market,https://news.google.com/rss/articles/CBMikwFBVV95cUxQUmZFYXFHVkhscE11VjB4alBFa2gzb1N4MGZCcTNSczBDZElWNXp2NGJWWVBQbTd0WGkyUzZramxsU1NELXdvYW1lQ2JfbExIVFpjUTdYeW84U2VzdVljUndDOHJ3OHdDa1ZKdnVxWXVKTTRiNWltWEl4WVYxMzEzRk9ORS1PaHAyRy1xYkIwY0FNYm8?oc=5
2026-07-11 03:00,TheStreet,thestreet.com,Qualcomm’s datacenter ambitions win over Goldman Sachs,https://news.google.com/rss/articles/CBMif0FVX3lxTE0xbzBvZW1LYkVDcmlaTGN3N3JoYTVIaVFxdVotRERBWkNvMXI2U2lpVTNMS2kxV3Y3UHkxM3cxanFFalJXNlhyOGRRSTV2d3pNZFhtbGVPRkZ1VmV5S1M5ajJrUjZYS282UFZocWRibndvOFpUUDJtcFRkLWxNX0k?oc=5
2026-07-11 03:00,Yahoo Finance,finance.yahoo.com,Goldman Sachs Says Optical Networking Is AI’s Next Trillion-Dollar Opportunity. Lumentum May Be the Biggest Winner,https://news.google.com/rss/articles/CBMiowFBVV95cUxOTndNdUVRd3luN293RTNHU2hBR1Q0SFlURjJNRWx3NE9DbUJMQ2ZMRW5pLWlqQ21fWkF3Z1ZSUjU0M1VYd0RUOEc0Vld2eFdsTzNrUWVwa25JbWp6bkc2RjNRdmtLbW43RGFtOFRuSnNHQTlaWWZmbURVVGtXNXN6MDBPTGZ0Y1pSZDNJaXRfNVdiV3UtS2NBR1J6YXgzZHMwS0xj?oc=5
2026-07-12 03:00,Seeking Alpha,seekingalpha.com,"Fed hike risk could test stocks despite strong earnings outlook, Goldman Sachs says",https://news.google.com/rss/articles/CBMivAFBVV95cUxQVFBvekg3VXVHZDlpLUYtZnd6RW5RRmhqTFA4eGJjLVl6MEY3SmFWRlpiUTI5V0dPUm1CellOX1pnZFV4YnBmMDRncG1rTmNQRlA5dnZDTGpSTnNXOVo2NUJiUGtMYkwxNzh3UUNXRVNHcXBWRnp2S0YwTHhwa0VqWkh0RG1WX1J5YzJ3QUQwY0d4Z0I1RS1tRzJMcDIyZ003Y0tEQzlEc0lDOVhyTVJmOGg1NVBfSmZwT1pCZA?oc=5
2026-07-12 03:00,TheStreet,thestreet.com,Goldman Sachs turns bearish on Barbie maker,https://news.google.com/rss/articles/CBMijwFBVV95cUxQWmxQSWlyYlhzM1BPWHJ0c242clgyUmlRUjBNLURtVEg3SENXZHBtRGVaNFptTVkyRXliMjVfZjRaR3B1dU5MWVFCZm16dGRCV0RjUTREc0VSY2hsX0tfQU1IckI5cFJ0a3RJczZJb3NyY3hmUklHSVVqZkhEOHpuakNHTmhKcXpKVjJ2bmhTNA?oc=5
2026-07-12 03:00,Yahoo Finance,finance.yahoo.com,What To Expect From Goldman Sachs’s (GS) Q2 Earnings,https://news.google.com/rss/articles/CBMilgFBVV95cUxNOEE0a2hTZmxkbFZHd05BREM4c3hCalNweVo2Wm1MMXVHWHVvbF9mVFdDYjVjUkFqVi1tWm5kZDE3bWh1b3hpSllhUTY2THRLTkJseE5rbDZtU0EwdnNpdGZIUmZzWVhfWDNxV25fakdtelZQbGxjbHFhYzBmaWdKU0p0TTdyR1pWYlEzSklMSFFYdEpIb3c?oc=5
2026-07-12 03:00,Yahoo Finance,sg.finance.yahoo.com,Goldman Sachs sets jaw-dropping SanDisk stock price target for 2026,https://news.google.com/rss/articles/CBMihwFBVV95cUxNWUhXM0J3clBPWkVBT0ZsbXBLT3ZhOVRiN3NkTUZHb3lqclR2ODgzQ3czVFd5VDVKc1RNN0lSZGpQU0JfeVNIcXRidFJ1XzlaLXZwbUdfbmxGQmVCa2ZQb3EzRHFGdF9FdGF3SHNkZTJQNmxuQUxTaHlTYWs5Z2NSZ2xnN3l3S2s?oc=5
2026-07-13 03:00,Barron's,barrons.com,NIO Stock Rises as Goldman Upgrades Shares to Buy,https://news.google.com/rss/articles/CBMie0FVX3lxTE85V2pMNzFHZ2ctcVI5Z3VERExfS0NqNWo1dkVTa0lMYXNCWTV2MGZpR3lCZkRsLXNRZWVxbzMxaU95SjJ1LXBLYXNwU1hmQVF3Q2RucjdZQUdURUc4MkIzMHU5N2gwLXNjTU96QW1vdi01ZXYtbTZDWUt4RQ?oc=5
2026-07-13 03:00,Bloomberg,bloomberg.com,Goldman Pitches Investors on Loans to Their Own Private Funds,https://news.google.com/rss/articles/CBMisgFBVV95cUxQNXAySXN1dF8tTEJ5SlowS1JRZW9fM2lqNXktQkE4SHc5ZnRHaEhzbkVSRkIxR0taU19SWFpkQ3JkeER4cklHdXpJQVJnOHNsWEFKeDFldk85TWRpTTlSYjk2cHVEd0tERURyYzJwcHk3Y19sRHk2Q3o3QkIteThyWHNhLURTX09Ick1abmd2Zjk2SjBFX3F0ano0NGlSTzQyR29WVHpZZGJsY3F6eHhacFBn?oc=5
2026-07-13 03:00,Bloomberg,bloomberg.com,"SBI Funds IPO Anchor Book Draws Capital Group, BlackRock, Goldman, GIC",https://news.google.com/rss/articles/CBMiswFBVV95cUxOczM0UUxhaDFJNmdub3A3NHRHUFBnTTRGTFZlS3Eza1lyYmhVY2FGNmRIUDg1UXU5YWt6NUlMeUF2SktfVUJ2aU14X1k3VDg2UEJkNmNYVzZiTEJNbnNmYk9saVNoSzllOW4xUlVodmlGUFRnZ0xQV2dUNElmZmlpcE5BaEJ4T002elVpQlkyYkVfcnR4OWtOcUY1YXNRcUs3NGhtc3pwVmFiVTNBaW0ya0RPbw?oc=5
2026-07-13 03:00,CNBC,cnbc.com,"Big banks poised to report booming revenue propelled by SpaceX IPO, Iran war volatility",https://news.google.com/rss/articles/CBMimwFBVV95cUxOODgyV1JDSDU5WS1UOVM0WVItaGRva0FmQWZUOGRKdENDdXBDUm84UmtQV013RUUwbGl5ZEJaZWxjalpIOWxYR0h1NGlYZ2liUnA3aUF5VG9mOGNRZS1LOUxOTGhCRHBKNUVaQUdSRE1VYUxpTU9oME9OSktvMzROc3hLN1kwclNoeGxjQ0k4ZllNb1R3c2cxbG1ISdIBoAFBVV95cUxQM1QyVU5DRUpDQzMxUXpoanE4RzA5VC02bmlxSWhmNGt3Z3N6NnJlbm5UQ2UwWnFmZ1piQnQ5Zmlsei1EV0dwUmN3MFNLbmVqN09PV0N0dTJXSTNBN1l4bWRyWDRkSXBYTzFGQWpraDJBakl5OVpXTHQxdW5OajZ2TUNxRlJsUVNvdnJCb2RLUlk1bEJjQUQwMk03S2tNcmJm?oc=5
2026-07-13 03:00,Investing.com,investing.com,Goldman Sachs upgrades Nio stock rating on strong growth outlook,https://news.google.com/rss/articles/CBMiwgFBVV95cUxNUUpaeFdkMUJHbHhhTW1CVllsNmZCT2d4ZXpYeVhGcVhra0U0M3dCdlhQeGJ5Z1UyMWs4dWdUZGZEX1lqQ0N2YVJ6YjEwa0ZoYzUwdFF5bm9HX3BKVHhnSmNsazFqeEVQLUN5UF9iOGFMclZDNUhyYmFmcUVJVEU5WUxTcjRObzk0TzBnTjZjVHFlUlluc3RNYXgtbGJ4SS1Bb01pNnZxT05lZ1FZd2hpNnZRWGo0Rl9HSHhiOFZ0ZnNrUQ?oc=5
2026-07-13 03:00,Investing.com,investing.com,Goldman recommends five strategies that help investors stay invested By Investing.com,https://news.google.com/rss/articles/CBMiwwFBVV95cUxPcVV5dWI0X1lnbXhXY01LM09HYlpYNU5iSDNyMnhCZGQwbVYxRDBkcDctMzhaOFg3blF2WGZiLWRNbjJIWi1GZ3k2X0wwbk5IREZDV0F6UzBpeGtjelFqSGdhN0tzZ1R4YlhsMVNGSFM5QUM4LVNBX1hBVUkzREY1RXBvdS1JV2I1TUFtWlJlZDg4b3R1TWx5TDVIOHoxal9qVExDRW9rN2VBQ1padGxmWjItNEU3QnpfZzE2TFFiNEFUWTg?oc=5
2026-07-13 03:00,Morningstar,global.morningstar.com,Markets Brief: Why Investors Should Pay Attention to Second-Quarter Earnings,https://news.google.com/rss/articles/CBMiuAFBVV95cUxNNGMwZFhmRzRXVzVyQzVsVWYxZFlOMEJUUEIxWnl0UFZ1MVYzYWUwazNaQlo4d2s1MDJiNXdlZWRWa1NUdTBhV0wxTnFmLWVGN2xoNGdWVGJkc21QdkVUWHljdFJodUZZTmhOT0lnTi1Ec05rOFNzaTJTX3E0RGZtUkNpRWQ5bGlzaDlOUUNhcTdJQ1FNOG9qbGdjMFc4cFN6SzVnb25GWFNjVGxSaVA1eE5GRlludE1l?oc=5
2026-07-13 03:00,Seeking Alpha,seekingalpha.com,NIO gains after Goldman Sachs turns bullish on its earnings potential (NIO:NYSE),https://news.google.com/rss/articles/CBMiqwFBVV95cUxNY0xQWTlzXzhhbnh5Ml9DWU9adFZkUkx0eHN4Ni1FRDVTdGtXYW5NWnVVZEpzaS1Nb19DQUVJaHVJY0RSTi1jOEFDdDFMekdQSGUzWXRUa082NGQtNkZwamc3d0xSMmFmaHBHR0tpTnc1Z2xJM2NwcXpYMTNubUE4bWl2SF9pdG9wOVdPYWxjWUo4VXV4VWhEZXQ3bFRBY3l0NVpUSWg0cFJGRmc?oc=5
2026-07-13 03:00,Seeking Alpha,seekingalpha.com,The Party At Goldman Sachs Since 2022 May Be Ending (Rating Downgrade) (NYSE:GS),https://news.google.com/rss/articles/CBMirgFBVV95cUxQMFFVY05WeHNQRW5xWmtReXo4eEtHQUZ4VWxQY1Ewckc5YmpJeGF4ckF4aVlXMThaNGZGek1pTmM3Ry14c25faFUyeVRLZE1BMl90U3IyekFEdURoa0dlT3JfeUJTS01LV3pYUmdiaHJtSWRkUkJ5VGk2TmRfY3Q3Y0J6QUg0Nm0xYnVlUHR6S3ExM0s3Y3JqdlFHQXNIVllBX1huOFBtSHp5ak9OSHc?oc=5
2026-07-13 03:00,TheStreet,thestreet.com,Goldman Sachs does an about-face on overlooked software stock,https://news.google.com/rss/articles/CBMiqgFBVV95cUxNaEc0YkVGblozM1Jzb2VBY19XUnVHYkNOdEZGTTd0cFlDalJ6R2Rnek1haC02dGNOREdJV0o1V1VBU2NscUg2QnR4cDRtMFFRZ1otSGlKTFhrZGhINmloZUF1dkdQbk01SFNudGFKQ1NkY2I3OHZaX3dHTkhqRXQ1UzRKZTUxRTZ3NEJTLUdpWjdIeUViVDhBb0VSOVg2ODNVZE5acFlPRHBEdw?oc=5
2026-07-14 03:00,Benzinga,benzinga.com,Goldman Sachs CEO Says AI Boom Is Still in the ‘Early Innings',https://news.google.com/rss/articles/CBMiugFBVV95cUxPUnM1T2l1eWVlcXdfQk82ZnlPOHRLbmJsVk1qYnRjbGNZY2EycEtseFo1WGY4SmRkOWJyVG1JQWl6a0lOQzdWX1ptM2ExZDFDdkN4TEs1YTJmTXQ0d1VvU211N2toSUlYUkcyeEZVcTJ0MHFNaE9BWkVSNVhianpSZlZFYnVzOUlLN3FxQzF6MkNKemFCeUlyRGZkbVI5YnF4M1RlUVlZQ2tpXzAyWnZFUzBhSk9HNzdoZnc?oc=5
2026-07-14 03:00,Bloomberg,bloomberg.com,Goldman Sachs Earnings Blow Past Stock-Trading Records With $7.42 Billion Boon,https://news.google.com/rss/articles/CBMitAFBVV95cUxNcjBNajluVk9PS1Z2QS1hZ25EdjNndDdEYkNPWG5oNkRYRjMxMnNWUUxOQlRLdkduTWJ6RVNIVC1UaHQ1eGJJZmh2UkdseTJCSjBwbFRYOWVZemtSWDBGd2ZkMzVuSnhObVZuLVNkZmk2cnYyQkUyd1VyRnZDdElwc1FfcnRodEhqdXRYOTdfSjdJOVFDaWhUUVhpZVdTcUlvbndXQXlpSGJRdWs2UGdCdlplekk?oc=5
2026-07-14 03:00,Bloomberg,bloomberg.com,Wall Street Titans Posted Huge Trading Numbers. Be Worried,https://news.google.com/rss/articles/CBMitAFBVV95cUxObHFxNHNZSVJzUFFBSW9mMnpWVjctTnBOd19UanVkQlJvWng5NEMxODhQcDE2dnJKb1NhcUVSWUJFOHc1dW04R2pvOWhpMlhrQm5xMy1qcmdDYWpJZmJZY1hTbUFLRUJHcWNNLXpXS2YzWTRqd1R1cmNVbkx4aHZvY2VEcEU3QVZ6YU4tTmMxMm1scUZrUHBPU1NpTkpYdFlUUk5JRGF6ZXdkNDJ2MGdkLXBHUHY?oc=5
2026-07-14 03:00,Bloomberg,bloomberg.com,Watch Goldman Breaks Own Stock-Trading Revenue Record Again,https://news.google.com/rss/articles/CBMirAFBVV95cUxQQ3R4eW5QYzZyQnMya01ZVnRoVTIwTFFtaTJPZjk3TTh4OExocjhUZmVfNlZJRC03dUJ4RjcwY2lhR2o5X0ZGQ1pJRzFrWEYxV1J6SGl2U0U1b01pQ2RnZGpMMGZRR3hYY2NISXM1aVpjbWVvMDJTdnBRM0JibHV6NnVScENLa1k3U0h5eE8yVHRyUF9fWEwwX3N2YmJJSTRTajlmaXVObFM5Q3VT?oc=5
2026-07-14 03:00,CNBC,cnbc.com,Goldman Sachs beats on top and bottom lines in Q2,https://news.google.com/rss/articles/CBMilwFBVV95cUxNTzcxXzZPcm5xR2h2NjI2NzhxR0tMNXJ3eGFySHRIZHFIbFJnRFhCWDNFSlAwd196bFhUYzVJWWY5Qi15Rm5CM0Z6N0p2QllMejBOMHYzT3paYThwRG1qMzRYNjNieXVtZWljZnpDRDFrSW84VEN2SjVid3lFVW1DUnl6Q1BmWHN3a0ZONGVwazlib0pMeFBF?oc=5
2026-07-14 03:00,CNBC,cnbc.com,"Goldman Sachs is really benefiting from the rise of artificial intelligence, says Jim Cramer",https://news.google.com/rss/articles/CBMizwFBVV95cUxOVWczLWRSa2dXQjFkUTRoY0tFTEhVWUFLNXpibWNoOThNUjZGMmlyaWpjZVZpeGhMa0NHVWJJeWJ2T3VqUDFKRjFxX0VPbEhHSUNqcUY5QzMtX05OQVM0Z1NuUWlhLTE1UXFJTUxybmVhLWdTZGdBRmVNN1Bfdzh5ckFaeG1VQmZVNUtxRkJUNHRsbk83UHQ5STRzdVI5T2p5czNLc1YwOV9OekdTU0NVZmQ1Wk9SUWhNMTZSSDRRNnhTYzYwSlhVOUtVZDQ2YXM?oc=5
2026-07-14 03:00,CNBC,cnbc.com,Goldman Sachs' David Solomon on his outlook for capital markets,https://news.google.com/rss/articles/CBMiqAFBVV95cUxQT1d6SGJ5SmU2UkZXNFA1OUF0d3dTN21VNzBCSUdDaENOd2FlazkyU1dKX3RRMG5IRkNzRmtLUU4yVUZPLWx4bzBscWpoWkpVTGcwMDZ5NEI4YU14U05keVA5RlhTZGljS0xqaWllMy0wejZBOHllbWg5bHRzU0NwaThsaGNkTlcwVVl5YTM1TUlkcUZiU3VuSVVsSk9jTUxvaEJUdkZTVDE?oc=5
2026-07-14 03:00,CNBC,cnbc.com,Investors are increasing their allocation to growth and venture managers: Goldman's Kristin Olson,https://news.google.com/rss/articles/CBMi1AFBVV95cUxOOW5KRmRUQ2g0NnNIeTc2dGpFX1FKWF9tLVZRNjFvVV80bDF0dEJMd082ZUVjZ1p6Z2t3TV8zRzNsOUZUV0VXSHVSeGZoQWwxaXQzM2RCWWVWTThQdVpNOFlzbjJnbEhmSEdYTTBXZ1dFWlpSamF5czk3ME9ZelFjMGFlS2xGc0JKMk9DWWxobEtCbTM1U2c2VFNVazBjcEU4T3V3dUVuejl5OXVIcjdMdC1YZVZQcFFDbzgyWHZSWi1qM1UxZmd5aUpSYnVBYXh3aFZZYw?oc=5
2026-07-14 03:00,CNBC,cnbc.com,The AI boom just found two new winners: Goldman Sachs and JPMorgan Chase,https://news.google.com/rss/articles/CBMinAFBVV95cUxQR24zZmc3RGlCWU9GMjMzVWVsWUdoQkxGOG43WFUxNVgtMTRHdjZtUllFdzM1YlFjU1d3OWlCc2ZFVlhiaTJTamJ4dEY5c1VvNGlUUktmN2RKRWpmVlRoOWdaLUdueHI5ZlFZenllZHBYVEQ3VnlEZ09Tc3kzWVBNNnF1YjhWd0h6UmMzUW1NSFpQVnExSUtsaXVyOXTSAaIBQVVfeXFMTXhsX3k3djA5ZW1vMUFBSjZxS01pRHc4RHpXUXhwMlFIcUw1SVc0T2oxM05nS1hWdFlvM2dpT2hZYWN0ZDdpRThFQmtFWXVsU1Z3c2lFOWlibmRnX3lhVHo2LXdoVUZFZHJNMXdVYlBKTFpTR0l3WTE0UldjVTZURy1saEFFVzg3bENEMWNVNjJTV2o5bURxdkdUSzlWaDBpelVB?oc=5
2026-07-14 03:00,Fox Business,foxbusiness.com,"Goldman Sachs beats Q2 earnings estimates, stock up 2%",https://news.google.com/rss/articles/CBMiW0FVX3lxTE5Qb1B5cXRnUVNhOGNtNWJhQ0ZtUUVwSVdyNmhBVEdjWHF5WUEzZ0cyeUtJeFJ4aTVMWDd5VHdZbXZJaElpZU1SZ3RJR2k3RnZvZmgzTTBvdFNkMWM?oc=5
2026-07-14 03:00,Investing.com,investing.com,Earnings call transcript: Goldman Sachs posts record Q2 2026 beat,https://news.google.com/rss/articles/CBMivAFBVV95cUxQbEtITHctTFZmYk5mQ2lkUHR1bkVQQ2FxMVgxbEYtWTQzZnpudGNadzhfUTJmSFBhVDlOTzlncHJHRndPMDNTMmZibTBFLWlqZjhzbEgzdThOLXZ4eXQtN2VCd0QtSmJjaGlyZmYzQXB6TWNOdUlucXdTZDJ6eDAxTm5rNUppeE1DeDc1azZpX2RxY0M3aDZPRUZzaWlySWQwS3R4cHVaMWx3VkNKaUNtbHY2cEV0R3UwaG8yaQ?oc=5
2026-07-14 03:00,Investing.com,investing.com,"Goldman Sachs reiterates Buy on Salesforce stock, cites growth outlook",https://news.google.com/rss/articles/CBMiyAFBVV95cUxPY3RhRXE2a19SbjhfRFo4T2RjOTdmZkIxZjMtczJzcUFMdHh2Tjd5eWFCbkJNdThsYVNVZDRuZ0M3SVhQdm03dWZfYjYzU041d0h2X1VRNl9iQmpVZ0J6UEZhYjVzbWdaWlByYWhJX2JON0dWMkI2eG5oT3hRRmNNdTBoSk1Pei01a0RsTGs3T3M3RVN2Tkhzck8xOFZ6TzVFMjlPMUh4Tm51WklLei1Wb0hHWVkxUGZ4RkZucWhVSkhKd3NxUEhwUQ?oc=5
2026-07-14 03:00,Investor's Business Daily,investors.com,Dow Jones' Two Biggest Banks Report Earnings. One Surges Past An Entry.,https://news.google.com/rss/articles/CBMisAFBVV95cUxQMmU0ZzdwRUx0bjJZcXhYcVJad2JfeGU3dDQ2TTB0ekhVWE8xdEFzV3dDcnVETXJWMm5NNlZ2cXVfc3Z4ZXBhTkh0b1dOMDBFVnhJQ0xRaG9GOEVnRU9fczFKb3JqTUFpRFBwUmQzSEV3Wkw1YTBZQnl0WDJNT2RvTXY2UWktUllPNlpEZkZIRFROUDQ5SlA2VS1La1htdkRCMDVxZFZFU3N4TG9BLUxKSw?oc=5
2026-07-14 03:00,Investor's Business Daily,investors.com,"Goldman Sachs, IBD Stock Of The Day, Flashes Buy Signals On AI-Fueled Earnings Surge",https://news.google.com/rss/articles/CBMiqgFBVV95cUxOZDdXWVFNaUlrTndGcVZUb0pxdlFEcXZrNHZXcDFGUnVnNTlGMXlmb0Nxam5YM01BaVV3NDNoam0xT09tVHBYYmp4dzZTYkhLck1PLTNyN3czcjVLSWJfNVJ5dnhOWU9TYTJKWmR6OU9fOW9TSXkwdjVrZHh5QUJhSzVielhQd3loWEZyN2I0ZUFFRGNfZnVRUmlyY0ZmTGxHVUZzRkxkaFpydw?oc=5
2026-07-14 03:00,Investor's Business Daily,investors.com,Wall Street Prepares For Five Top Banks To Report Earnings On The Same Day,https://news.google.com/rss/articles/CBMivgFBVV95cUxOZmg3YTRRZkpWWVJEZVUybWVQRjZFWjd1dC03eF9wZ3pVNTdfTDZ0cFpnYTRxdFlib1dBVHVuZVVNU21HdHJBMC00ODY5TVdwTlpJRjdCRWxtNUM4WUJwNHREX2ZLS0ZzMUxmM1lfbkJUbFJ3RmRMRWpFQ2NQS0JXam5DTTVFNWh0TGlNbzg5cXZCZ3RTOHB6enA3MHNmNDIzZ0lra090N29ISnhwLXBLanZqTmtUUE9BTGdvdDB3?oc=5
2026-07-14 03:00,Morningstar,morningstar.com,Goldman Sachs Earnings: Outstanding Results Underpin Market Exuberance,https://news.google.com/rss/articles/CBMipwFBVV95cUxNTXQwTXF5S0JzcEFxRmRsMmNlM0FUX0JRTmZVTWZQQ1RqZFREUjZMRTVhYUp0TDBGV3B3anhaMGNfakpaVXFEdVhqVFhrdUtkS0Y0RkxYdzBSSGlobDI3VDhGUDBqdXN4bld6TFVOWk1BT0pQUmgtZ1VhdTVNMzctTmVpaE0wLTFzTUJjQ19VSTBQUFZ5TU9UZUNPeHVucVg2TWRXZEs4VQ?oc=5
2026-07-14 03:00,Morningstar,morningstar.com,Goldman Sachs Has Built a Leading Franchise in Investment Banking and Trading,https://news.google.com/rss/articles/CBMiyAFBVV95cUxOU0d0TlRaWlZJbFhsTnREelRaVng4N2prdERiMzkwUmFMRVNxUWMyXzFTWTl1VG5UdjAzMVF5dWJmdDRkaU5salY2U3lLTTZBcnFEenpDdjNEY3lSOVp0Q05Ndzc5bExtazVMY1JRNGVrWHJ6NmRFLTJXQnZYeGRGOGpnc1V4aV9MQ3JIb2o4WmE0U1BjbndKYUdXblhfNWVBNkZnZFVpRXYxQ1g3d085Qk1GcmZGSGxweTVJSTB1aGZqRnZIOTQ1bg?oc=5
2026-07-14 03:00,Reuters,reuters.com,"Goldman Sachs profit tops estimates on trading boom, corporate deal spree",https://news.google.com/rss/articles/CBMisgFBVV95cUxOQ2Z1VkUtc1lGYVJQaDlHVDF1LS1JNkVYcU1jSzF2dlRuZDdpYzlsRGhJb1ZEN0lJUTc5aW9IUkFpWU5iSmJKOFBJQjRHRDVtQk5KYXhZUEpTbXAwc0NrcE5sY0FTZjl1YUJnVmZLenZoSXZWZmJGaDE0OTBIeUpjV1hKZ1BmV0pKaXRWV3QxdVNqdmhsLXpyX1BzUEdEVGlrSU5XNk1LYVNHVm1qRHp1XzB3?oc=5
2026-07-14 03:00,Seeking Alpha,seekingalpha.com,Bullish Exhaustion Signals Sighted In Goldman Sachs Ahead Of Earnings,https://news.google.com/rss/articles/CBMirwFBVV95cUxObjdIdmpOU2RTdlUyM2NUaW9NeVVYV3JCLUFGRXh5b2R5dm1Yd3RiVllEQ3BUWDhkdW9EMVFMd2tVMm94YTV3VEpUNkZaaldhek90NkhsQVExWHdpNVVkYnVqNzV5QUlOekFfemJjNnJfRno0SjFIWm1VY2tjMjMwZXZjdUc3RGJsZjRKWk5KT2V5X01GSVdDLW1jR3RCWnQwUDRtRWU2bk8tUXNVRlJB?oc=5
2026-07-14 03:00,Seeking Alpha,seekingalpha.com,"Goldman Sachs stock up as IPOs, deals, market volatility boost Q2 revenue (GS:NYSE)",https://news.google.com/rss/articles/CBMirgFBVV95cUxOTWpyU1lqZUxEZlhqWFNwVWd6T0VtQkFBTDZYX1NEUS1DNDFQOVdFNEpobWdibFAwZkFnTWFpenRPbHdyTUVmT1JfSjdKSU51czZNemJSSXFfNWVmVDQ1bG1Lc0xrNDlQazNOMndWeGNadWVDZzlUanp6TWNGZDBlaDJwWHRkUTJScGdMZVdlQUlMX3V6Tk9kcUxpMU5uRjVMTFdOS3F5VmZacm1zZnc?oc=5
2026-07-14 03:00,The Motley Fool,fool.com,Goldman Sachs Saves the Dow From IBM's Worst Day in 39 Years,https://news.google.com/rss/articles/CBMimAFBVV95cUxQUjI5Y0wxeDNhTXVGOWJ5LXp6cUVmYjlCXzNVUlV1SldDY2JMZTF2LXpSQmRja2Q0V19pWXpMX2s5bXRxQlBzUGE0ek1CUWtfYUMxbElZTHVFUFN4Y3RtSHFIeGxrV3JmbXlkQWZfb09vd0x1QWdyemlzM3pCMEJwMU4xUUh1T042cUIxQUdIUF9vclY4MXctSQ?oc=5
2026-07-14 03:00,The Motley Fool,fool.com,Why Goldman Sachs Stock Jumped Today,https://news.google.com/rss/articles/CBMihAFBVV95cUxQcUM3dVRTdExNbm1BME8yT1dvaEZwZlRVNHVpWkpUeFJrNXR4VGpkeDljN2h5dmdQRHZMWmRkdXhvNlBSQkFYbU9INzNETHhQd1RrRGdib0VnazJ3cHFqMU5YcnJhcG1JS2JwckJzVUc5ak84eDdiZFdEOWx0elJRQ2UwVko?oc=5
2026-07-14 03:00,Yahoo Finance,finance.yahoo.com,Goldman (GS) Q2 Earnings: How Key Metrics Compare to Wall Street Estimates,https://news.google.com/rss/articles/CBMilgFBVV95cUxNUmJEVktSSHpIUFE4RmlfbklsOFZsOUVPWEVncmp4UWd1UmpLbllsS1Z0SllDNzNsQXg2V0w5aVJOWlFZdnBReTEteHdHX3VIWjM4MjRwRFNXWXR0Yk9MN2hxY3BhWkRfXzJaeW5KS2tQWHpTZ1pRNnBIcGlCSVY2Mm9OLU1FR0NZS1lhcHNKczNhSXBOdUE?oc=5
2026-07-14 03:00,Yahoo Finance,finance.yahoo.com,Goldman Sachs (GS) Q2 Earnings and Revenues Surpass Estimates,https://news.google.com/rss/articles/CBMimAFBVV95cUxQbTBZYWVUUUZjb2ZzMm9LUEctSmd0Mlc5SUVPaUl6UXBYWHFFeXE1VXgtc0JTcVFCcmF2cXFRMjN6SnFzUEt6dGs3b3FubHdiUGJhMVUxY2JsNTE3bGQtRVA0YlhKaVNuTUpZYklkaVV2bkF2al90QUh1bXF4YWVPdzAwNjJPTXVGdGJRVW8zN0Z1MzI2d2VRcQ?oc=5
2026-07-14 03:00,Yahoo Finance,finance.yahoo.com,"Goldman Sachs (GS) Stock Trades Up, Here Is Why",https://news.google.com/rss/articles/CBMimgFBVV95cUxQYzdENUkzVGlEQ0pETW1RMklkYTJqYjB2Z3hJZnhvQlQ5YjdOZDNoaXBRakRZZm92Rzg4TENOS2hPbE8wMjV4M0lVQ1BPMUhOM2t4cHJVX0xXaU1uZE1CTEljbXJxdHp3QlVFaXhJTWhVOTdJbWhoSWp2LXBtTjBudFJnMjlBOUtrNVJoeXlTUVpxZDdwMXlPU0VR?oc=5
2026-07-14 03:00,Yahoo Finance,finance.yahoo.com,Goldman Sachs (NYSE:GS) Reports Bullish Q2 CY2026,https://news.google.com/rss/articles/CBMimgFBVV95cUxNREt0ZkVlaEVDOGNnWjVVSGFTX0pocUpUVmpNX2ZVRHRmajY1NDk0Slg3VVdZLURqakRmbW1OclQ0a0pnZzVUcFEzODVwdDM4NVRLbmY0VGpvU0YtMlFtZDJIOVJmVndLeUYtRkxrcjJ2NUNYRlctSVZoM2tmZUIzVFZjM1ZJLTNFVTExTW9jMG1tMGNJYy11VHVn?oc=5
2026-07-14 03:00,Yahoo Finance,finance.yahoo.com,Goldman Sachs CEO Says US Economy Can Weather AI Market 'Speed Bumps' – GS Stock Hits All-Time High After Record Quarter,https://news.google.com/rss/articles/CBMilAFBVV95cUxQOTJYNDVWcU9scWs1b0gtcmF0cnk0R0p6QkZPcmFEd1g1TmZBdmtaMlhjbW5IVHBoZmstZVJIMTJuMG1ZWjB2YnFtaklfNDQwZDlMMnpkSE9WakRGaFNrSzNOS3F6S1EzNmo1ZGlCOFZ1ck9qZlVPT3JfRzk4SkdWYWpobmh6RWdmeGIwcjZMTm8xa1Uy?oc=5
2026-07-14 03:00,Yahoo Finance,finance.yahoo.com,Goldman Sachs Calls Crown Castle (CCI) the Largest Pure-Play US Tower Operator,https://news.google.com/rss/articles/CBMimgFBVV95cUxPdDMyeHlOUlVoaWtNblN2SU5tNkw4bzhkUnJVXzVmNG9UT2FIX3FlRU1GT3Z6Nm9WcnFpck5ocUMxc2h5eEFfR3Yxb2lBSE1LLTNzOWRjV0FOcm5CeUJ4UHVqMjhSejB2V1FSaF9CaVk1QzlNV0RyTF9pbDBPOHBub3FjZDRPX1dwcmdsS25LMWtvMURqTnV5RER3?oc=5
2026-07-14 03:00,Yahoo Finance,finance.yahoo.com,Goldman Sachs Profit Soars as Trading and Dealmaking Fuel Strong Second Quarter (GS),https://news.google.com/rss/articles/CBMioAFBVV95cUxNRU9mMUFIYmxsd2VPTThJUXhRekZvN0RQNGxjQ1FsYmQzb3JMY2tWWDJQMnh6bkJmR0pRcnE1UTQ4cUg2T0l6bTdGNW9sTGxCUVI3Z20yU3JkTS15QWZ2azh3VlZCbEMtdElBWEJOZWw5a3NMc1FQWS1MM21kN0JGTjdDWHVtaEdFczBxaGtHLUdCdEJOS0VrXzhTWkZwS2xW?oc=5
2026-07-14 03:00,Yahoo Finance,finance.yahoo.com,Goldman Sachs Raises PayPal (PYPL) Price Target,https://news.google.com/rss/articles/CBMingFBVV95cUxQeEw1dFNSLUlNX1BkbUlrQXZ0aUdsek1sMTlsOUUtOW4yRjZPaHZtOUd4WVVwTWZaNGhHVDI1VW13cFVpTVd3UEhCa1FkU0YydEM5QmR2SmZoZFNjZnBBVVMwMmVudWl1RDktMU9rNWFUN1M1Q2FkZDAyeE9HaFVubmo5Sm5mRGtTNkppM18wa0x2cXd0Q3JKNHRGZVNJQQ?oc=5
2026-07-14 03:00,Yahoo Finance,finance.yahoo.com,"Goldman Sachs Raises its Price Target on Advanced Micro Devices, Inc. (AMD)",https://news.google.com/rss/articles/CBMinwFBVV95cUxQWHpPSVJyVjZ2LVNZaU9VLU85Q0tpRkc2dmlVeWtja20ySXVDS0VIdzl5WTZwbXlacVFnRUdkZHJKSEhnZXlBdG9DbHBoY1Y1dnBBOXF0T2hqZ29tYmdUNFlGWjN5S2xRWHE3MTRhYXJVblFxa3RpVk85SDJyR1lKMVpDTDVBUE53SG90eURUYTY4WGJiTEI0bVltWU1CbGc?oc=5
2026-07-14 03:00,Yahoo Finance,finance.yahoo.com,Goldman Sachs and Wells Fargo Cut Fiserv (FISV) Price Targets,https://news.google.com/rss/articles/CBMimgFBVV95cUxNRDhDNDhpRkJOVHg0VWwxU2lET0dRUzFMWkhnOXpseVNPN3ppYjFwandneDJQZGhGNHBPNEdkTmlZMVFOU2tQZldjVDd0ZTNac0ZwanpVbUJITXhvQ0lVNld4OFpfMGNlWDB4QVZ0QkEzTmJ2dTVsZ0xuNENnZDhMRHZHYU9XVnZkY3JTOTVzYmstMkN5QWRLeXRR?oc=5
2026-07-14 03:00,Yahoo Finance,finance.yahoo.com,Goldman Sachs profits soar amid roaring Wall Street activity,https://news.google.com/rss/articles/CBMiwgFBVV95cUxPd29HcWNWUFZEMGh3ckNJNTZCRV9EZWlXR2NqdEZCcWx0T1lrT25jb0VlWE5XWGUxQUdaSmZRQXdaTzQ3VHZCVDBlQVJ0R0lyTjVIY0tEaXlkclZyalJlaGlla1ZhQXVRZ1F6bURaUEI1b3NyYXo5MzMxXzFIRV8tOWJrbXZrVWRzTWpVZ2kwNlY2dEFPbjd2VmRGWXF2a3d5TUFHZVFRVURrcC1VZ1pQUjRKTE9pczJKeU05TTZyYVJoZw?oc=5
2026-07-14 03:00,Yahoo Finance,finance.yahoo.com,"Goldman Sachs tops earnings and revenue expectations, stock jumps",https://news.google.com/rss/articles/CBMiowFBVV95cUxPY09iOEQtbGpSS3Zick03VlpNUmNMSllaVFdXaFhISkREeHZNeXBwYjQ4VWhOMGtOcl9CV1lKQnVXeGdxWXdya3p0WENMUWNmMlc0LUFkZzQ5MGQya1NuQ2hmNzVzNUVHNXdVZlBFQ2pMU093NXdmMTk4VTQydG1ZbURISlFMSkV6U0l0SWc0Q0gtQlhvRkE2T0kzSGhPdXY5VkQw?oc=5
2026-07-14 03:00,Yahoo Finance,finance.yahoo.com,The Goldman Sachs Group Inc (GS) Q2 2026 Earnings Call Highlights: Record Revenues and ...,https://news.google.com/rss/articles/CBMilgFBVV95cUxQbkNlcC1mUDlOZ0xOc3VucnlLQlF5aHdlV0dTNE9DVTZhcjJFY3lnQVRtaXNmVkJsMTZmTlhLZUxZMlM5Wk1kTGdqOGRmZDJqOS1GOGxlU2JGVlczUXpYTU1XazJLUGJHN0wweERyNk5wMDJTNFdWN0NxaTBBczNKN3hLT2xadFR6VEIxQ3lpQjRfUWlGclE?oc=5
2026-07-15 03:00,Benzinga,benzinga.com,Goldman Sachs Stock Hits 52-Week High - Here's Why - Goldman Sachs Group (NYSE:GS),https://news.google.com/rss/articles/CBMi3wFBVV95cUxPRVRlSy1vV1pvV1FNd2tZMm9YdlhDZllteDJRNHBtaUQ0TXowWHhBN0NtRUd2SFJvaXdiNzVLS05rbklCbnU3cDdRSVEtYmo2OWhVVXZ1cWNaNlVNMFg4b1VlbU9XdUJIWVNTOXRra0dMNWdoaHhiTGs1Z0tPMXhiOGsxYTNRNVFZZGJzcldqSkZNYkNWYTl6b1dlRDZCLUFLdDlKMGxrejlnc1VUWEZJVjBhRnl2R2V1ay1wM1hpbm5BMnRXSHBNWmhZX2o5UDM2SWVhTU5WWEpCS0FXYTVZ?oc=5
2026-07-15 03:00,Bloomberg,bloomberg.com,Stonks Go Brrr! and Banks Hit Trading Records,https://news.google.com/rss/articles/CBMiwwFBVV95cUxNVTNyb2UwaXhrT3RHcV9heEZKWThuUE94LU1MQU8wanJETE9xQ0FWQ0RJaGF4TWlCdGUyWE5yN3BGV3Z2UEJHZUpKbG91RkY5RGRtUXNlLXM5Zy0xZFA0V1R1bG9MVkJWNTJuRlM0d3hBTXNjZUlnaHIyMzBYSnBUUHExUmEyWlNrWnkzRFRCd2p2QVE3RHJfMHpQYlM0LU1FZVlqQ2tfT0JZNlNjRG1sa3RSamVGS1g3UXZjUzB4MjUtejA?oc=5
2026-07-15 03:00,Business Insider,businessinsider.com,Goldman Sachs pinpoints 5 safe havens for investors as the market's momentum trade breaks down,https://news.google.com/rss/articles/CBMimwFBVV95cUxPZ2ROa3hYOWY0VVhBbHFBNmEyd2ZaY1h5Ymk0M2RDbXZQdXhhaFRpMmdLSV8yV2RjV1B4ODR4LXI0QkpULTNiYnFkZlBMaXJ6RW1GNlJvejA2aUtmY2RjUjhjbnZQMWp3b0ZmTWM2OW83TnVoOWxXZHlGVllicmRaTVE2ZTFpR3hXRkFXRGZKQzJlOVdGUWphRmZNYw?oc=5
2026-07-15 03:00,CNBC,cnbc.com,"Goldman Sachs put up a 'wow' quarter, says Wells Fargo's Mike Mayo",https://news.google.com/rss/articles/CBMiqAFBVV95cUxNek1ldTJVQXZLdk9GdnRNXzFwbVZRRDR0cnUxU0JUbjlxc1FNeG45UGl4QU44NUZRek1ndmQ0MndIZUlrdk1WOGVYNGRFRFY3S0JySlg4SjQzUmJFUnBSVzNiS1plejBVNmxJRDM5Nk5OVlFIR2lYVTZCRmhrbmZHV3E5VHZJYUEwd2paRlllSHNaTkdJRFRtbXpEbV8wVWNqZnhJX3RPV3c?oc=5
2026-07-15 03:00,CNBC,cnbc.com,Jim Cramer sees more upside for Goldman and addresses Wells Fargo's biggest question,https://news.google.com/rss/articles/CBMijgFBVV95cUxPMDBWY0VUWnlKRE9pTFFybDN4VEhZUTJPTTVyMG5oRnlQa2RBVDBNYTlLM3RKVlZzeEJwdzB3TUZKb2pRWUtFU3hXbHRiNGowLUZxa1VTeDFzWFRlSVlQbnFybE5vN3l3MFJfMVowMUFwclFjdVdKTTRTMGJLN3BEUkF2RlpvNm1yWUlPSE9B?oc=5
2026-07-15 03:00,Seeking Alpha,seekingalpha.com,Goldman Sachs Q2 2026: Strong Earnings Plus Recession Concerns Trigger Rally (NYSE:GS),https://news.google.com/rss/articles/CBMitwFBVV95cUxOQXhaNXpwcE1hTHlvNlhsZHlqTWNCQnZlcF82YVhfbk1HVlpyS1FJcHRXYjNwdTZzNEYzVGswaE1yaUxfOHc0MzBQSF82MVI2NlRSdzhXaWFBRE5BMUY3TC1UZFBZZ2JnRVNYUjl4cEw5Yk40U05rZEczdWJ3bm45UFdyaTctSk8xZTNKVkVlVktIejg4RzQ4S2VQVEZXZTM0bHFkS3ZjaUxiVlpZU1NJYnA4c2JCSE0?oc=5
2026-07-15 03:00,Seeking Alpha,seekingalpha.com,Goldman Sachs Stock Is Starting To Look Frothy (NYSE:GS),https://news.google.com/rss/articles/CBMikAFBVV95cUxOSFZlTUlaRlZRZDNGa2R4T0FrN3BmX1l1cGJrMGNpYVZnbVBCOXVxVUpqdzk2aFlzZkxreEtsNGJGdHUwQVZULVYzQTVBR293Vkg4Z1E2VFRONHVsTjJhSkluT1JNTGR0MlVKUGZvVm1sRVZZclp5bHpSMmg0dUZkY1RFTE9uYkY5MVVtMTZFWTg?oc=5
2026-07-15 03:00,The Motley Fool,fool.com,Goldman Sachs Says the Crowd Is Wrong on This Beaten-Down Medical Robotics Giant,https://news.google.com/rss/articles/CBMimAFBVV95cUxOZmR3VmVMQ3dvLVpON1pRT256ZC1CVUpVM1VyMzRtZHVpQ2w1bHN5TlFRdkpxejAyVDdRTXpvS2VhX21CakNvRWFCU3NZdmYtc08zTGRiV0ppb09iTVpKaklCWnhXeFhJdUxvRFYzZHhrWnJOLU1ub05OWVRHN3V5UFFQRFh4aDdYVmhTX2YxSm5oLXlGcjFHZg?oc=5
2026-07-15 03:00,Yahoo Finance,finance.yahoo.com,Goldman Sachs' $10 Billion Bond Sale Draws $32 Billion in Investor Orders,https://news.google.com/rss/articles/CBMimgFBVV95cUxQc2ZzM2xTX0t3SG1iaVlyQlR4aHNoYUFGMF8yaERTZ3pLX21tSXdCTi1LOGVWZ3NoaGxxWjJ1RG5ISjNKRTFoVkFOaGc0Z2JleFl5bHl6ei1oRUxnU3h5SGRiLUR4T0xWS3J3LUJ4V0xNMDlUVEltU1pDMV9JNGNaWFZLLThMd1NoRm1MNzVNLXdpY1NaZnFyVFB3?oc=5
2026-07-16 03:00,Bloomberg,bloomberg.com,Goldman’s Bell Sees More Gains for Europe’s AI Buildout Stocks,https://news.google.com/rss/articles/CBMiswFBVV95cUxPYS01WVhKdThicl9uOG9DR2ZXaU5KaWJTUk1CWUtQLU9wY0kwYmpOOUVfS2NzOHFVeEtxU2RueFQyMm9ha0hkLTd3YmNkUUoyUWFoU2cyOTlhOV9qZzdDNVhUR2ROQjROVDB6SkN4X0RSYkRiVUFJWl9EUzg4ZjhHSDhPdGRDTkZTRngtSGtzTnBra01tUnZncVRlYmxoamxlR2JCbUp1cFdaQ19GQjRlUUM5MA?oc=5
2026-07-16 03:00,Investing.com,investing.com,De’ Longhi stock surges as Goldman Sachs initiates with Buy,https://news.google.com/rss/articles/CBMitAFBVV95cUxNMmVNRVlSbVlFSjBZUkpUSERtNnk2bjJobXpsVzdlaGZhV292TmgxcEo1czN4U05kbWZTbnN5eUdnS3dzX0VpUDJHMTE5eHpUM1pqek5tR2xOOUJRUTdNNmE1ZVdGa3VFZ0hOQ0pPX3B3dGFsYzRHVGJ5NGhKN01Bd0h1M2Vla1pHTTlNUmVHOUJ2cVkzUXRpaFA1eXNLU1NXWGFQb1ZqZGg4aTY0VU9oRXJEYm8?oc=5
2026-07-16 03:00,Investing.com,investing.com,Goldman Sachs leads big U.S. banks with a 45.9% EPS surprise in Q2 2026,https://news.google.com/rss/articles/CBMiyAFBVV95cUxOZk51LS1CS1JITDVmTVMwRnYwamxhTmVtUk56Vnl1TWVKLV9XQmFwUmtnMHhsMUNRNjZ1dUVqNFlpZ013OGM5Mjc2V1dZSnkxWXV5YWlmWWh4QlVIWEFDcTQ3NjlLUWYxdmE0UFctS3d0LVBGaUxMbC16bHE1ZzBNU3VqaHROWEtINmt6cmFMM1ZONVh2YTdDUVQ2M1NWMmpmMW4yTVptTHZ6MWEwNGg0dk9JWTBLb1Q0Qk1nTkE4T0ZhYmJGbVNfaw?oc=5
2026-07-16 03:00,Seeking Alpha,seekingalpha.com,"Goldman Sachs: Blowout Quarter, 11% Dividend Raise, But You Shouldn't Chase Here (GS)",https://news.google.com/rss/articles/CBMiwgFBVV95cUxQSm5YWHhhNG52UXlEcG5uaFVmOXBvNzlrM0JmWTFZdGtUUUVHdDhlOEFmM3lUZk5ydVJveGpXRGxTTk5LX3paY3doeDN4eld2ZER3dE1uVGZJblhwb2l2MkJoQjN3S0Y2TE1VVGVwUlpIQTdMUllfM3h0UDlQWVRZUFFQTFpnaUdJUnQ2dHcxTHRkdlBBZFhfcE5zY001WkR2dEtqRjdSTVR4c1FJN0Nvd3FRNGVSVGNFNnFEblN6Mmo4UQ?oc=5
2026-07-16 03:00,Yahoo Finance,finance.yahoo.com,BlackRock vs. Goldman Sachs: Which Is the Better Investment After Record Q2 Results?,https://news.google.com/rss/articles/CBMinwFBVV95cUxNdHI1Z2JscmpmRkJza1lRcWdmRkRxd0VnMk5lSG9uTjNoTFlDNTNoZjMzd1MyVEl4UE1OeFdfdzdSbjNWXzFxVWdaXzhFNU1mYU13M0Utc1ByWklPek54MXlBQWZBMUlmVEdRUjc4ZGV2NFo5UDRHdzNaYzN0cG05QzdSbHRqTkU3alNTcmVhV3VjdDNNUEdSOFIxY0hjcDQ?oc=5
2026-07-16 03:00,Yahoo Finance,finance.yahoo.com,Goldman Sachs (GS) Lifts Dividend 25% After Record Q2 Results,https://news.google.com/rss/articles/CBMinAFBVV95cUxQMXJsd0k4LTVIYmFrMEJIc1lJQnpWYkQySG4zYks1bzNhZEc0cFNiZG1IbGZYNkVweFlmZV9ORXNlb0F4U3JmXzVZZTJjSUJaUXdrbzhEY19NaWJkenFrZ2F0clJNd0t4b0FuZFQxbGVVTnQ3dGRzcF9uZkJnN1BQb2xyT3FnQVRncG5KdXhFYkozcEVNcmRFanFaZmc?oc=5
2026-07-16 03:00,Yahoo Finance,finance.yahoo.com,These 8 Words From Goldman Sachs CEO David Solomon Are Great News for Investors,https://news.google.com/rss/articles/CBMilAFBVV95cUxNeEVsWWRFN1h4OUdkVHZLYVBXdEczLW1pclY3RXhIUnpXSGRMNkhzVmlQNUJpWW5ObkwzSXJLZjF3aTBxZGd5UFFVYV9ZUlVZdnFJZlJWc2ZaeS16WVFON2gwZVZTdWF3X3NwY0dXUUlYeWpKNmhZbmJOSGtVbGxRZ2dMRnlUb2dSUmtockNKdWtIdW8z?oc=5
2026-07-17 03:00,Barron's,barrons.com,"Goldman Sachs Will Continue to Beat Targets, Analyst Says. Plus, DraftKings and 4 More Stocks.",https://news.google.com/rss/articles/CBMizAFBVV95cUxQRmdicnFZdzNIT0t0Q0lHWGdCTHAzQlpxZDc3SVJ3eTd5ZzBRWWJhT3R0SW85dllOaGJzekJDSXVtbHgxaWF2aGZuWnhYYnBYOC11c1dmZDZGQm5tVm1VWWpMaDkxUWZTTEMxWjRVRXprejlPa0FvMkl3T0F3OHNfYTV1OGNIRllMUUk1b0hpZXBuY3BYTnRxU3JNNjBZX3VpWUxSY3pxR08takFRRVBUdk1qTUNGNTVrQmlkZHkwN0NlREFRSkc1eFBqQmM?oc=5
2026-07-18 03:00,Barron's,barrons.com,"Wall Street Raises Expectations for Goldman, Other Banks After Strong Earnings",https://news.google.com/rss/articles/CBMiowFBVV95cUxQV1ZRaWRQLW9kcjUyeDUxRHVhbW12WWlGc3k1RjJ0Y2FVZ292SGFJQmpjNThwckVBTG5SUWRGcVhHRURfX2ViNkxhc1RsQ1ZUam1CSHV3bHhyeUJWcFg5NzA5MHRrVkZCQzBwbmw3bUtneV9vLVBsLWhkend1b19HbjZPT1hUUDhjeWFlVHg3em1ZMXd4d25LUnNHVTJjYnJpWkJn?oc=5
2026-07-18 03:00,Seeking Alpha,seekingalpha.com,"Insider trades: Morgan Stanley, Goldman Sachs, Broadcom among notable names",https://news.google.com/rss/articles/CBMirwFBVV95cUxOdTgxV2pGd0dlY1poa1U3eXhhdW1xTzlyWkxReEtCVFBQbkRhdjIwWU5MWDRiU0dSdDF1SkloMUJIcXdsc1ZiSFdHMGUtY1RsVlNtbVlPb0IzU1d6UkFVT2xFd2hwaG9TRXZtNmc4RmNFR01obDROS3h0UzNXOXpoTFdEN2VzRHplZmQ3YnEwM19VcVduVU5rY2JGc1ZlaWo4UzVsREVHXy02SEs1bnFZ?oc=5
2026-07-18 03:00,The Motley Fool,fool.com,Prediction: The Most Important Stock in the Dow Jones Will Issue a 4-for-1 Stock Split Before the End of 2026,https://news.google.com/rss/articles/CBMikAFBVV95cUxOLTBJVGFSTFdoRGhwaDhheWVBZW4xOG52M2JNbU9BZkFlWFpMNnMycXMwZjlfTjRqeTRjUHl4MzVrc09sU2x3VmRGM3lfVjQzUHp2Q011NjRzQzBnNUZkeTdyUW9taHVkR3JRRnZHbThOb2NiWjJVMlkzU1N1dEM3Y3UwX0lGQTVKdE1HRzU2OVg?oc=5
2026-07-19 03:00,Seeking Alpha,seekingalpha.com,Three themes emerge as AI momentum trade turns volatile: Goldman Sachs (SP500:),https://news.google.com/rss/articles/CBMiqwFBVV95cUxNbUdvUkNJaElJNnFZQ2V6bWdHV014SS1wUW5NZ3FDOEh1bUgtdlhOcFhnRXZ4Y3RDSXFVNGVIY3ZrRWV0aXlwajAwT0d6dTBBcjVWQU1CQ0ZyQ29VTWJhVWdLMUFiU01GejRiQmNMa21yZHZnN2FzeEN4Tml0LWJkYUlSWmJWemFrelIwbjdKT05lNjVSOXpEbVFGQWNOSVdCbUxRbGQ2bmJpb1U?oc=5
2026-07-20 03:00,Bloomberg,bloomberg.com,Goldman Offers Preferred Stock Days After Post-Crisis Spread Low,https://news.google.com/rss/articles/CBMitgFBVV95cUxQdVNyYVZyN1lOR0VqRDVTb0tfcmE3U21MSjZIcFh1UkF6Y1I4WnZlbm16SkRMQXgyZmE2amJNbFhBcnhnNnF0NDJBUmcwdlNaTndyQjFxZUJBaG5ueFR5cTVaTGxEa0ZmQ3pwSlVCS0hlQWJObFlsZ1RKNU90TDN3d1JaMVBiYVRRdk55ZjN6VU5mWjVRbmwtVG50UWd2dGZYV0V1Y1JIbzdaSXNaelhxb2RQWDF0Zw?oc=5
2026-07-20 03:00,Bloomberg,bloomberg.com,Goldman Says Hedge Funds Sell US Tech Stocks at Record Pace,https://news.google.com/rss/articles/CBMirwFBVV95cUxQUDFKZjZCU2ZOVFdQVTFEc0ZuaUhkQUhVRU0wRk9vNG5RdGVyd1JSOVdzcGpBREQzeUlTZXNPQ1cyRWwtUFJ0VHRCcWQzY0JkdGktQUlNN0JuZWJFSXNPdTBrQjNfd2FJdjBLSVZ5Y013YzlsVDJPcTRmOWQ2TnljNnlwajFGSC1wNG1fNUhrc05qc21xU1pQR0dTMVJ3MFVsbGU1WE9LTXUzM3B6VkEw?oc=5
2026-07-20 03:00,Business Insider,businessinsider.com,Goldman Sachs highlights 3 non-AI trades to make as the market's hottest stocks lose momentum,https://news.google.com/rss/articles/CBMivAFBVV95cUxOSlVUSmZjMTVlelNSQlhTaTRlVGtXTHlkQk1hb1VPeEV4b0tnaTFNZzdvM0tWQW82TGtPNFNKRHptbTRsTUhGZlhOd05zazY1RjNyLWJwMXdZVTduRzF3dFFTR19FaUVoMXRhTVEtMnRuOVJlYnBsU0dZMEt0TC1MT08waC0zcGxWeDRKcjh6UGJHLWVDYmV1OGJheGhLNlprRHdTeXNTR0tBREdBN1QzNm5GUjdpQ1lUN3R6aA?oc=5
2026-07-20 03:00,CNBC,cnbc.com,These dividend-paying data center power plays are on Goldman’s latest top 10 list,https://news.google.com/rss/articles/CBMipwFBVV95cUxPSEl2UDhud0MzTDJ5SXhTejgxTEkwT3ZHR3E1elZ3cURwdng2RlduTGp2R1JoRVYwZXZSUFJmTUtwUlZqNFpjc2sxTVFldW5vMnF5LVlDd1p3R1VEeGVWZFB5bEFDNjhkaU9LdjVlSjB4S2JBZHYxYVB1TTJlTHJSOWsxU0NhSm9pRXhTbHVVQ2ZNdVdLaFAydVYzYmJqaDRFVHAwUnBzVQ?oc=5
2026-07-20 03:00,MarketWatch,marketwatch.com,Scared of the AI trade? Here are three investment themes Goldman Sachs is offering instead.,https://news.google.com/rss/articles/CBMiwwFBVV95cUxNbGM4Q2xJcTZScTFpU0l3dG9vNVAyZ2lmbjdXR01hbVJ4Q3NzaG12aGp5bWE2THZGU1dhTHhWUEpvOEtnYTVXSnFtUUdfMkVQOHF0XzZQMGdNSmVqakxaWTZTWXRBQkNpWmlGY3k5cTNNU2VlY1R2TzUxRmRjOFpzdTZ1bEpCODB6LXhCUW81TzRWYzI4Ny1jd204TUVFTHU2Tk9QVlFOWmVmRE44NGpCUmdPaWVyWVRvX05HZTB1aU9TdkE?oc=5
2026-07-20 03:00,Reuters,reuters.com,COMMENTARY: Korean stock volatility comes to America. Can Wall Street take the heat?,https://news.google.com/rss/articles/CBMizAFBVV95cUxQTXFDQXN1ellDbDE1c3NMb1U5TEFTb3hhd1VYdFlvWGRRMFoyLXM3OV9rd3VkeWhmX3BfbklZaWZXLU9GOVFEYXQtNVlLbElsaGtKVENRZGl6dDhoMUh5LUpjeVdLbnJEaEpHZ1M0TWFyMVEtS2d5aC1GQTNGakFFMDFkd1FwZXNCdTI2a0I1MF8yYlV2NG44ejZqSC1OUTM0dUhNNXd1Qmg0b0V1SmxET2g5eFZTUEtJM0RXalVfWVh1aGx3VTRzeW9WaVY?oc=5
2026-07-20 03:00,Reuters,reuters.com,"Private investors must pile cash into defence to fill public funding gap, executives say",https://news.google.com/rss/articles/CBMi0gFBVV95cUxOMWphWVpSMndBUlN0c1VqdnVtZGRfMExsbUh4dVBLNHRaX1hPLUNUbl91REJjSHRRc29IUkpkcnB1U0sxU3hxdEgwcXMyZlJackZOTGJSU0ZWVDBQaGM1TU5sVll1YlU2cG9acHRYaGU0NUI0djFLT0MtQ1cydzF3MDFKbGoyNllUakI5cndSWGpvZllISnl0ZTJ3UXR3Z3p6SG1wYWRNTUQ0NkE4NGZzTkpOV0NobWFscDdLcFNYdldUM2N1MVdZdTlyMEh0dlp2ckE?oc=5
2026-07-20 03:00,Yahoo Finance,finance.yahoo.com,Goldman Sachs (GS) Says Hedge Funds Made Their Biggest US Tech Exit Yet,https://news.google.com/rss/articles/CBMilwFBVV95cUxQcm9OTUZrc0ZoZEkyREI3eE1rUm9wY3hlYnoxTmU5QUlqOXMzNU9hczQ1S0ROWDhfcjNTdEFQd2pSbnkyRldrZXNqdzFvcjJfQ0JtWDZRN0NFRXJrY0ZCNjJUMlIybkRTV0xic3Y3RWlLOWxoYnRKSmU2OVZtNHdaNEd3QVFiczN4bUQySjA4ODBoc0Zyb1Mw?oc=5
2026-07-20 03:00,Yahoo Finance,finance.yahoo.com,Goldman Sachs picks 36 market winners that aren't AI stocks,https://news.google.com/rss/articles/CBMivwFBVV95cUxOM0xsVklLSmUzb1otd3lXNmZoemNqVTVIdmlyR1dVdWFNVTRCbGlRNU53WWI4cnR0UF9rakEwVFlNV2VXaFV4QW9scDFHNU5IRW11U2YwUWVQWFh5dGFEVXFhX1lfOExWakFYT1NXdXZWNlBXUnVaSkdtSTVTSTlQajVGbmViZU83dDlVN2NHZ3lPc3NzY2FPVmxFdjJOYkN0UmhVWU5aMElpVlBQM0ZYM3JIUS1TVnRUUlJ3WVJaZw?oc=5
2026-07-21 03:00,Benzinga,benzinga.com,"Goldman Sachs, Morgan Stanley, Valero Energy And More On CNBC’s ‘Final Trades’",https://news.google.com/rss/articles/CBMiwwFBVV95cUxNSEVKVWUtVnhuek8xaDhnUmVWa21aQ3dodHk5MnlMdTV6N2t2THoxaEFxWkNmODBvVWdsM19mTDRCYWhfMG5MY3pfd0ZhLWpvWWdOMm5oMEhhSVhvcVRkRE9MbFYtOERwenVSVktaWDlKYjNsWW4zNnhqWTUwNVVrMDk0X3ZPRWszV2VFMnpsdmZRTXdLblRDQW5uSmNTdXV2N1lPdExxMEl0VE5xNjA1RU16YVFIcng1RkVhVWk5cHhTd2s?oc=5
2026-07-21 03:00,CNBC,cnbc.com,"Final Trades: Nvidia, UnitedHealth, Goldman Sachs and Diamondback Energy",https://news.google.com/rss/articles/CBMisgFBVV95cUxQN1RSUm15RkJTWkZ6RUdhcXlrQWQwT243TnNOYzlBV3hlazR0UXZMTThlSHh5MlhQWl9OZWE2cTFVTzFJcE5VWEpBUlRmT3pNLTNaVUxrSVpza1dYM0hjQW94ckhLVUd1bTJJdEVocTJ5V0xUMTVDai1fMFItSFRRUUFzN1VvUUdhTDNIMUM5RG9XbDBSejFrNjRzZElOa1YxWWFiOVdka042b21FZXV0M0N3?oc=5
2026-07-21 03:00,CNBC,cnbc.com,Goldman Sachs creates private markets platform as rich investors seek the next SpaceX and Stripe,https://news.google.com/rss/articles/CBMigAFBVV95cUxPaEVmSnZkRGlDVkdQOE5CUm02WkUzQkNlaE9zN2xRN1RvNFZIQ0wxZnlGaE5nQWxWQklSd292OUZZUUV3UkdXSHh1eDRTajluSWMwQUVjZWllc1VXZkIyZnNORXB4NzJtbUpvNWFhZzB2M0dWdXlycHVFdGl2d3IxZ9IBhgFBVV95cUxPM1FBTHVWVGZmWC1KUTJCRDhneHFsOFAtWnIweS13dW05WnFZc0pjTVlhc2hXbzZVYVc0TUtwTTBnN2FRWWp0MmxCeUlIVEpxWmQxbUpvdEd3YWw0SGlaOE1qSU5XZmY0SG8tLUQ4UGM4T0V5WDZVa0dIRzNpWkhXRWJ5YXNaQQ?oc=5
2026-07-21 03:00,Investing.com,investing.com,Goldman Sachs hikes European gas price forecast on Hormuz disruption,https://news.google.com/rss/articles/CBMiwgFBVV95cUxOQm1tWkQzUVY4X1FIbmlxYVpxYnBnTWZpSmQxb3cyYTZ6bDBoZ2FhSElDMjdqMmxXRm5QckdmQXg5dWFDZmpOX2hidVg1VFNCODF6Vi0wWmVwa0VOM3NQOFpobjJOT1h6VHRDd0JTbUNsLVBuVXlKakJpZ3RoMnRVWloxZjBJUXJ4N1g5ckJxQ28taW00bFpMNWFySFYxOTBkbmxoYUttcnZpVjZGMlNlWFVCRmlUVjh6NldQa3RJejcydw?oc=5
2026-07-21 03:00,Investing.com,investing.com,HSBC upgrades Goldman Sachs stock rating on earnings outlook,https://news.google.com/rss/articles/CBMivAFBVV95cUxQR1FTbjRHTDZsY2R0TnFDSGw0Q3g2SnRJQjR2Q0NqcWIzZV90eTM1ZVRibkQzRUNOZUlLWXBSbXMzY2VqeldyOFVWOVN0LTAtSVBBamhFendyeV9OczlrV19KTWh5MUNMc3dvSi10dzVYMUVlMVNobHN4STk2TWg0QmxYUE81bnNyLVFoWXVlMmM2U2NOa2gtOHplUXg4dkxSLUVaR1NVMHBCMnpaTnQ2U2lZWm4zdmU2blQzMw?oc=5
2026-07-21 03:00,MarketWatch,marketwatch.com,"Oil prices could surpass $120 per barrel if disruptions in Strait of Hormuz don’t ease, says Goldman Sachs",https://news.google.com/rss/articles/CBMi3wFBVV95cUxQUVhWU19VVDZJX252eHMwU010cjI2bndsWGlJMUlaOEF3YUEzVVU0bEdMbE1Bd01CdUJGWi0zSlR0cTctU2VobjZhVVZwZVlpc1l6aTJfV0U1LU15eDFIX2ZRVmZxTjhpMVNsX0xtU3ptenlFS0s2MjNJWHFmM3lNbVIxd3VWdXlDMHExM2F1T29iWGcwa2x5RGp4ZjQyNWJONjQxVDBCbDdKNExJTS14SlYwODQ4UlpjR2UwM0NJRXJJZ3JZVXRkbWRjb28yTURhVDJHRlpzclhLaENpcF9B?oc=5
2026-07-21 03:00,Reuters,reuters.com,"Goldman Sachs creates private markets platform for wealthy clients, memo shows",https://news.google.com/rss/articles/CBMiyAFBVV95cUxQX0thdWk0eXF3QkEyWUlWcDVVQkU1Uk5Famc2Yy1VVjhPNW40MmJpeTl5cjR1Qklua3hBNm5VUHZ3dEpzYXpOc0xENnkweTZ0VFE1cUgyZHNjTGtNUTNfTmEtZ1NIN2ZNYVRRTWRnXzZMMGZIT09PSkVZWDFSUXNGZndJTW1yXzNfdVZZQ2hKdUdIWjkxR1EyQnNGNjlCRTduUmFOLUVuZVFVdmdSMnExcU0zcFlHRzI2XzFUbUh2QzM0YkdjekEwUg?oc=5
2026-07-21 03:00,Seeking Alpha,seekingalpha.com,Goldman Sachs starts private markets platform for wealthy clients (GS:NYSE),https://news.google.com/rss/articles/CBMipgFBVV95cUxPS09KN3VpY0tUbjNONHIwb09odU56NmF6NEp2YnBoQ3lKY3NNQlpJNEtVY3lZVU1LTUpISmpHRUdmR1NKRDBELV9UZWhpTHBmcm1VRzlwcGd0akFTdXY5TFNXVThYVTVqSkMwUGdkQU0xUmIxc2NwSlhNRTN2UUVhRndCdEgyeHRscFZsV1VvR3dzczNqcks4NURqY2JSekNDQmczdTBR?oc=5
2026-07-21 03:00,The Motley Fool,fool.com,Goldman Sachs Says Oil Could Surpass $120 a Barrel if Hormuz Disruptions Don't Ease. Here's What That Means for Oil Stocks.,https://news.google.com/rss/articles/CBMi8wFBVV95cUxONWdoRjU1cW5DN0ZHSUc2LW1Na3FycERuUFlUTDVqTXZXZHlhYkNtQlhEQkV6bkoyWV9NT0ozZ0t4S0RFQ0V2X1RVeDFKaHNXYlJqa3BScElCbkk1M2pQbkVyYzQ5QWJqaTRNeFRKNFR4X0FXMFJQUzYyeHpzN2RBVTNCM2FhYTBUZWNXdEdsT2NtdlVOTWpycFdOdkVDX3g1WFgwM1YzYkQzUUVwMTNQV3pfOFZSY3MteVZRcDBCOVhuclkwOGh1VFJJOFBPcXhqRnRtZVo2NTVDdjMzN1kxNmE3NlpLbDJWOTNlMXdPLWIyM0U?oc=5
2026-07-21 03:00,Yahoo Finance,finance.yahoo.com,Goldman Sachs (GS) Stock Looks Near Fair Value After A 217% Run,https://news.google.com/rss/articles/CBMimAFBVV95cUxONFFZMzkzYl93SEYyRFk2M01aanlwb3kwMnZFR2R6dmpnSW02a1FhU0ZZcUQzVkZXN0ZYcV9mSWVhRWNXNzBaTjN5dmt5T2dmUGdFWkJFSnAycURzT0txbUJoR3N3MHJmYy1iVnFkM0k5Q19NU0dSRVNsTnAxZWNoMlJhLUFPejNRWi01TjlORl9uYWxWNVRLVw?oc=5
2026-07-21 03:00,Yahoo Finance,finance.yahoo.com,"Goldman Sachs Group (GS) Issues Fresh Preferred Shares, Is The Stock Already Overvalued?",https://news.google.com/rss/articles/CBMimgFBVV95cUxQVDNERE5yYXJPNkdfVWZoa0VXRVFmSlFXVFlfSXl3d2xXYlFzd0ZWMWVhVW9pbGVka2wzU00wcHNlSVB4UTN6ZDVBZ1VxeEd2ZlYxaVRnd2Z2U3M3ZUVnQ19kRExWODBOYzdkeFplOW9WOHpVaGh2Vl9iSy02Mk44RkVUSVNlQmtrMTdXdUtsbDEwQ3ozUTB0MFF3?oc=5
2026-07-21 03:00,Yahoo Finance,finance.yahoo.com,Goldman Sachs backs surprising non-AI stocks,https://news.google.com/rss/articles/CBMioAFBVV95cUxQT0ZRTGowNDdiQ0djMmp4bU50T1pQRkhiQTFGcnhPZjBrT3ZETTBPNVhZWlQzSXd1SEtXZzZ6RnNNcFJiU2NzOVZrYXk0RkQ5SUtXZ0RmZzBoX3ppXzRySGJUWldOb25fZDJCTTBFX0ZEaVJlM0JrQnJQc0lhbVIwOGhqZUZKOTFfQkk1VzJjUk1lQXZ4NC1TV3pvNnlfbmY3?oc=5
2026-07-22 03:00,Benzinga,benzinga.com,Goldman Sachs Wants Its Wealthy Clients in on the Next SpaceX Before It Goes Public,https://news.google.com/rss/articles/CBMi4AFBVV95cUxNRkxfMjRuWHBTS0pPTXFfS1lUWXYxNXA4WEVEaDlUZEtOS1NXYlJTenUwX3hkNFVGOGNmR3VyM3o0djJRVTc4Q21WT3p1ZzhjYU4wYTZhOU5ySFZqOS04Vkh6Qnc2NlJPcVJtdllEYW1Dc1hONDRaMkZFTk5Lb0tCMUVWcDRTeGp0UUxWZmxqN0Y1TVpGNzlFYXVXeWFMQ18tRWRkdHhfN2t4SWdDelBJR2RXWmNKaTgwUnpkMU9BQ0JMZWFQM1c4R1Z0U1Rmb0YzOEk4Q1FYblhtLVNPQU9abQ?oc=5
2026-07-22 03:00,Bloomberg,bloomberg.com,Watch Stocks Churn Before Big-Tech Earnings | The Close 7/22/2026,https://news.google.com/rss/articles/CBMif0FVX3lxTE9ZM05kX3VLd1VVdWN1b29MYUdaRWtDOWlqQUpmY3FJbmd1UEd5LU10d1dCNnllQ2xXTUUzUHZPTUQtVnhCeUFEYkpTZzc3UThvRzJQY2hRQk5PbGtSRmd1SmJJYkhHZnFZOEI3eUh0ZHFmSlVXUXpDclNFbDdhNXM?oc=5
2026-07-22 03:00,Business Wire,businesswire.com,AEGIS Hedging to Be Acquired by Private Equity at Goldman Sachs Alternatives,https://news.google.com/rss/articles/CBMizgFBVV95cUxOWElPR0hQbDhlMHVKT0llbGpsUkJMVy1vTnhVZjNpVmF6ajZQVGRLd0NpS2NTc2JZRllTenNERmVLOTZCSGMyTDVCS3g2UHlsUDl4U0JWOUpYUHhGSmlTWG1uYkw0LTFmRVZ6OUZXdFJvOU9BY0FwS2hmaGVqem9lZHBEWE03RGRWRzFiakI0cmxVVXVvUWhqdkNUSzR3b2RrcVExd2ZUUXhoSjV3WjhhcXNjbnFUR05kZ1ZVTmEwcURQdGZaX1JxRlNzOTJYQQ?oc=5
2026-07-22 03:00,MarketWatch,marketwatch.com,Goldman Sachs and Morgan Stanley had a monster quarter. Analysts say these giants could be next.,https://news.google.com/rss/articles/CBMi0wFBVV95cUxPc1dpNXNsVGd2emZkN0U2alo3VHZOejFJMm9Kb3pIei1CZkxiYTJGejhtN0J0Y0xKM1AxRUprMzBjQW5rUlN0RWdYQXA3ejBlaktEMXVpR2pDdmF6TW8xOWl2RlctS3FKb1FKeTVibFdEY1dJZ0JtbzNMTHFvS2hpT1hHX2k4dmRhUV9mVXJ2dmdoUGNoQWxTTkR3WU5VZnlsTGJIalZYX1F2RFZaRS1SX3lRaGhTTVNfalBwWVlKVmNPZks4cURVVkphYnhScm1BZ0pR?oc=5
2026-07-22 03:00,Seeking Alpha,seekingalpha.com,"HSBC upgrades Goldman Sachs, raises price target on Morgan Stanley (GS:NYSE)",https://news.google.com/rss/articles/CBMipgFBVV95cUxQNXB0MDRYeFJBandlT2lONnhyTG0zVkpRUWIwbVF3eUg1eWxHd3ktWFpLX1lubllJRGI5QjdxUEF0em1mRG8xR0RvWVB1YS1ucmVVZThyeDhlVWRnUlB1eDJ2b3FSZkhhM0F0TFI5VWxfQW5aRndoRXYtWGpONFFUcWVlbktvalkxbXY1TkJIRmlqb1ZLZUZCU2lEc0NuLXhxQUpoc1JB?oc=5
2026-07-22 03:00,The Motley Fool,fool.com,SoFi Investors Just Got Great News From JPMorgan Chase and Goldman Sachs,https://news.google.com/rss/articles/CBMilgFBVV95cUxOUlQ2cDgxWktBcV9uZ2JvUktVbzltNlZYOXY0QnZvdEk2elB2bTFEVWZIcTgxU0JiUm5YNURTOUxINEk5ajhpMVF5bXYwbVJySGxlWlNmR0FaNW9ydk4xOFpfYnFLVGw4bE1zM0hMeEEyaEhsTU1yeXF2ek1ua1pGWjVZVXRSNUtaLXM5V3FPLWxUOG5tcHc?oc=5
2026-07-23 03:00,Bloomberg,bloomberg.com,Goldman Offers Way to Trade AI Junk Bonds $250 Million at a Time,https://news.google.com/rss/articles/CBMitAFBVV95cUxNWU14dE5qWHl4OHRjUjBXelFieVN3c0RLSC00ekNRbFpBdlQ5UmFNMmlIZkh2YzRtUEFVNGF1Z2Jma0p6anhxdGhxM005RFF0TTBRcGhQRDkzUHctVjBKTVdDaUZqNDBSYWF2TFdNX3NSRVdwTUZNbnQ5R2NZZmdiZkx0Y3hoRV9OM1kyNXRuS05kZHVaOTQwbGxuNmpxM3lQSDhONTJIUV9rWHFDUHZoLUl6QXc?oc=5
2026-07-23 03:00,Investing.com,investing.com,Goldman Sachs and JPMorgan launch AI debt trading products,https://news.google.com/rss/articles/CBMivAFBVV95cUxORzhqSnBCSVpOM3RYYzdWMUtEa1k0bGhNQmJ1c1VrSmtyY3pCNWdPaUlqb3R3c1pYbHR6SVR0NXVwcExUQnVJWUFhS1RJUkZZRTQwUW9XUXNkQzJ1dExPN05oQXFnUEJCenpHYTlCYXBzbHh5aUp4MWtkcGxzQzVGNTNZQUo3V1BGczF3Z3pQUkpydXNjQURJTGJDQTZqemNZcXpTZDlWTGtYNWM0ZTdEbFZzUEUya2dtQlRvdg?oc=5
2026-07-23 03:00,Reuters,reuters.com,"Equities surpass real estate as top US wealth driver for first time since WW2, Goldman says",https://news.google.com/rss/articles/CBMiywFBVV95cUxPTXZnb1I3YlpjSW5YMVNndkhfeTNxNnVNRFBuc0xGaGxYTS1pYzhjUm5YWXhBOWFLcUV6UVFWSS03ZERlS3JzamtaTGV0dlpvczljR1BWcUxHUWxxUU1PQWN4cHVXOU1yYlpodGVySnQ1VHllQmlnX19PcjNBMi04VVZ0N29pMVBwdlJqSV9TTDFXbmNVUTUzYmpuU2FHZHFydUhOTGdtOXVzR01ESmJZZFhZRWNNQkZ4V2N0cVl2VHRXYzk5MmctWmpIOA?oc=5
2026-07-23 03:00,The Motley Fool,fool.com,David Solomon's Goldman Sachs Just Posted a Record $20.98 in Quarterly Earnings Per Share. Here's What Powered It.,https://news.google.com/rss/articles/CBMilwFBVV95cUxNME9wS2V2RngtVnJWbmx4MU9KbTVobXBvTjUwRkFSWXZhOXRpZWszUUNJQ3RodXQzQ0QxaEpjV3BaYWhrTWdqSW52RGFZOG9PU2ZrSWFEOTUyN1h4aks5dHZrNXJIcTRZakx3U3lLYkVlWlprempDTXRnWDN0cXZocXlNNXdzZGtyRDN2bW53dGhhbFBfM2hn?oc=5
2026-07-23 03:00,Yahoo Finance,finance.yahoo.com,Goldman Sachs (GS) is a Great Momentum Stock: Should You Buy?,https://news.google.com/rss/articles/CBMinAFBVV95cUxPZnBnX2U1RTdNTjdMaVJWOVUxeHh3cFB5UFNtTXZ4Qkt1T0pTdHRTMnRqV0h0ZUtUOFpmTUhpSERFdkEtY01QX3ZBSndxVmswRzc1ZlpfeXNoUTRteDV6TER4d2VSNkNKMk0zd3NMWU14XzcwRkZ3SU9tRHR5MFNhcjJadF9kU3FCb2VlOV9uNV9jbTVNZGpBR0ZORFU?oc=5
2026-07-23 03:00,Yahoo Finance,finance.yahoo.com,The Bull Case For Goldman Sachs Group (GS) Could Change Following Record Q2 Earnings And Bigger Buybacks,https://news.google.com/rss/articles/CBMimgFBVV95cUxOcDlVSmxqcmk0WWxXYlAxX1RKcXdTWG5nN2Vtbl9paUtOamZORldXblRmSWswVVJ4dzRCZVJrSExmYjhqUnlvaHRwczRRX3JINkhPS1JGbWJYWk1PVm9PZG9qdEVLOHRTYUh0WmtxSXpSMzRQS180SUFYc0trU0Y1bS1jR1B0UndzcGdaZEhMOG5TZDc3OGxZYVVR?oc=5
2026-07-24 03:00,Bloomberg,bloomberg.com,‘Ridiculously Tight’ US Preferred Spreads Risk Trapping Buyers,https://news.google.com/rss/articles/CBMisgFBVV95cUxQdjRYWW9tdDRwbGxzbmYyRWJzOFBIcDZQbGZOd1VFeld3Wm1RWVVaT1I3SEdiWEhJU3RqRDhGMHU0ZWMwelpyU0xXd3hPeUprREF3RjFEZm9IQko5WTVmZXpEekk5QVVia3UxMnVQYlRDRGpTWUpMc3RpM2lwdnhuRVFrbHkxNEZFcTN2X0hUaTZvODQzUVIwanhTMEp4TkhGZ3dQUHFSOFdNR3B1b1FsNWNB?oc=5
2026-07-24 03:00,CNBC,cnbc.com,"Final Trades: Goldman Sachs Nasdaq-100 Premium, IBM, Google and Amazon",https://news.google.com/rss/articles/CBMirwFBVV95cUxQN2thcW5iakl4RDNIZ1U1amxOQ3JpXzNHX0lqdHpvM2V2SGdNR3NHQjJHMjVrVUZfWUw2QjdMclk3bWVyNG90VXhua3RKbU1ROXVhTXd2QV9IVUFvTS1HaDk3QlJHcVlPd0xvUTFGejZfX1NLVEI5TGVuRjNXRE5SaWhNZFpsUTl6NVowcndFdmpDXzc0eER2QmJWM1VkVmRxdXVPMXFZckE4OVNRcEN3?oc=5
2026-07-24 03:00,TheStreet,thestreet.com,Goldman Sachs doubles down on oil price forecast for 2026,https://news.google.com/rss/articles/CBMijwFBVV95cUxQNno0Y0pRemNLTFFJMlhJdjZ3YnB6aTQtcWM1NXFLNTYyQklETldlUHNJcURjMlFJdmlkbmw5YXRiX0NmNTBkM0FiOWd4TDZTbVVLYlNUM0NqRlBIZ2Z3LTY5UGphellPbFRseUtNWUdaM3phUzFuVXlBZ3k2TlB5UEcwUXVVbzRfWHBVTWRyNA?oc=5
2026-07-25 03:00,TheStreet,thestreet.com,Goldman delivers a candid response after Intel’s stunning quarter,https://news.google.com/rss/articles/CBMiywFBVV95cUxNbnNJUXBZMjh6d082dm9nb09KLXFiM2ZnQk1pQzBGQVVXX0ZISmxZM2FFR3ZFMDZrNzdXeU1IUjkxMDM4ejFCOUNmdE80WFFQWTJMYy1jRmRJT3RNdjJXNTVBN2I3SFV2RjlaWW9fRlRuLUtuOUltTExIX05WRTZodk5IUjlRcDZ0SENVX2hvMktGc29rd0tabGl4bENHTWZGT2h5OHJ1SW5mTlRGZUJPM2R0MEhvWUdfUnhKdElXejJwb2RmaERJYUludw?oc=5
2026-07-25 03:00,Yahoo Finance,finance.yahoo.com,Goldman Sachs (GS) Launches Private Markets Platform And Buys AEGIS Hedging Solutions,https://news.google.com/rss/articles/CBMinwFBVV95cUxObTM3T2owRkFwb29zY2JsdDh4eWFRQ3luU3JReEMwbGFjdV9IZUdieS1WSzl2NE1aNFNDcWFQNURVLVcxN0FJNV9nT2g3NUMtcEdfN0RyaVZONWV6enB3TWRZVDRMLXlMcEEtYjZ0dlc3V0N2ZmRZbGUzeGRzNS13ay1QR2NXT09zUjFtV25IY0pza29MODRSa0JMVVg3SkE?oc=5
2026-07-26 03:00,TheStreet,thestreet.com,Goldman Sachs sees writing on the wall for Eli Lilly stock,https://news.google.com/rss/articles/CBMipgFBVV95cUxNazZaTHdDSXlFbDNhWm8wcUJ6RU0xMElwZGlnQUZiUzZGWURNOXRzdWZqWUZzTjRVYkdRdWVOUVZHT1BvQ0lsMzNjOWNDVnh2ZXllRDM5SGR3Q0Zwa2k3Nnp5di1XWGFWbUJJQ0hKXzEzMzlDUnlmaHlNZnhKUWFXNXRwTTdYcGVpTzJvUmJvWkVDbnlGa0tjQW9ieXZEQ3hxTnQ4anJB?oc=5
2026-07-26 03:00,TheStreet,thestreet.com,Goldman says ServiceNow is writing a totally new playbook,https://news.google.com/rss/articles/CBMigwFBVV95cUxQcE5IVWxaSHl4U25HV1VfclgyWWotcTZUT2lYOWhKVGdsTV9qWWZqUldvX3NPdEg5Z1p4MEFGVzM5THBwWnFyQXhYZTROeXkzMFlTYU1GRE1XdmJZSDVVd2J0cFltbEs3TzVOcnFBMTRlRXRjaDhaZTZvSlJyVVYxY3JnZw?oc=5
2026-07-27 03:00,Bloomberg,bloomberg.com,Oil Startup Backed by Ex-Goldman Commodity Chief Currie to IPO,https://news.google.com/rss/articles/CBMiswFBVV95cUxNU3F5eldpdXAzNmROYmFFSzZxNnhUeGdNYUg3dDJYN2FaNUdlb1IzRS1FdVJfcjc3WUtOX21heFBOMFAxdVNNUDRpbS11SWF3RmVma2wxQjhLY2Iwc3JaLXFabDd2SUZIbV9ac1lRS0hEUEg4QnQxTUZ1cXltRWlhUjJiRzM5UlBmYmhKbHZPcU5KbFB1bi1lY1VodU80Rkh1dU1RQlFMTmc5VnBqVXFHRXJXNA?oc=5
2026-07-27 03:00,Business Insider,businessinsider.com,What investors should watch as the stock market heads into its toughest stretch of the year,https://news.google.com/rss/articles/CBMisAFBVV95cUxQUHpWYk11Z3R1T19MaUhISjVhSWM4Smk2ZXpKWV9MMUdzbmFIVU9WVUlDcVBnekhSUmtJdm5nZ19ENTczU1JxV3c1VmNBbGUzM2ctbWdnNFNlWXZEaG1EUlNaOWJXQlIyRzB4S1VpdkdxS1FmUy0yQmNnZDlERmxFSFlQZHlEUWI5TnViQnRaSGlhUzItWFBhMktaOU9aRklKU29ZODZFaFE5N3RKT0dxUQ?oc=5
2026-07-27 03:00,Investing.com,investing.com,Goldman Sachs Names Top Utility Stocks Poised for Data Center Power Boom,https://news.google.com/rss/articles/CBMizwFBVV95cUxNNk5IdWVmejhCME5yTkZ6OTRyTGs3anhmX3lBWENSdXIyNjhBdWZuNC1RNzQxUU1aUXRIMUlBR2F6bHBheWZIRE03cE02QVc3eFh0cmZITVJjdi1OckRWaGxncXY4T3QzaTVfdklnUjZPRzdjRlNMa1hXOFNNYmYzRnlDa0pqekNGU3NpakR6RUNGOC1heWhSZmo4MkpYSDdLSzlsekdpTFJTazF3bmNKaHJINlk5MHgtZFBKSUUyck1qa1BfZVpJNlZQNkt2ZU0?oc=5
2026-07-27 03:00,PR Newswire,prnewswire.com,T. ROWE PRICE GOLDMAN SACHS PRIVATE MARKETS FUND DEBUTS,https://news.google.com/rss/articles/CBMirwFBVV95cUxOVVE0b3E3RHNMN2o2Ny1IVWRxQVpWTnhPWF9mM3BxMFNCT1lKMWJlUExYYnBEYXRuT0g1aTQxLS1JOHFTa0tLd1pFWXZBYk1LazdPd0ZuYjJWYTZ4TmpCcHZMUmZyZVhFNXN6aEVTS0x1UmNHaWpaSlliMGdQRjRNMUtUWUt6c0lFdUxHdzZ3ek1tT29PYTFaSXdHbHdjV091dnQ3RFZUeEpyWGtVNG9r?oc=5
2026-07-27 03:00,Reuters,reuters.com,"Hedge fund bets on rising US healthcare stocks near 5-year high, Goldman says",https://news.google.com/rss/articles/CBMiwgFBVV95cUxOVW93MVZ5bU02ZlpZdVRia2l2c3VrOS1XU3JHLVRXTkxQOHktQ1dGYVhlS3F2bHVTSlBQWXdvaXBNSERsWlZUc3BXWUpDam5MNy1yNFhNY3VQRjJJREI1b1ZWdF9lY2NjSmlwS0ZOY3pYVkFERDJPdU9pYjAwa2ZIQWVTVEFDMC0wSFZkOWstSWlDcVpjMEQxbm04YVBwQlR1dUdnbVNEYThoTnR3dm91LW9zOHV2NHhKOC1mUV9vVEhIZw?oc=5
2026-07-28 03:00,Benzinga,benzinga.com,Goldman's High Beta Momentum Basket Heads for Worst Month Ever - Goldman Sachs Group (NYSE:GS),https://news.google.com/rss/articles/CBMizwFBVV95cUxQTC03aHlmUmhlVjRZeGY4Y1RPd1lwS0xBYXViaWNLaDBPTnJJRHBrcGRBbkRuTTBSTVVGemtBd292SXQtdnhJdWwxZFZEcWdWQ0lDdEdBeFhCcTFRMVZoMThkaU1sMFRJRlAtazM0UDhmdm44UnlBb1M2aUlWMVZtb0xJeUVwT2NNdW1PQWdVTVJQTm5OT3BxNkJRZXZDY3dZU2tuXzlnRmUtYzBDalJpLUllSEp0Uk5ibXNKNlpLNEJGQ3BSaFJieC1xTDBDeDg?oc=5
2026-07-28 03:00,CNBC,cnbc.com,"More of a valuation cushion in small-caps, says Goldman Sachs' Tuorto",https://news.google.com/rss/articles/CBMirwFBVV95cUxQTWpLX0lSWlozMWhzM0RBSzdhaVV6NjM3aEx1aFdBRjZUM19SdWI4VnB3bGJsMkdyZ3l6T3FPSTEzWTZrbi1lQUNqQ19QWmlGZ1paWUlvRXd2Tm5GVkNpeWJrVm5ERDFKWGpncmZ3Nm1qcTh2YlZSaURNSmRFdzZWbmw0NXNGZms2WFRlZGJEaE5IbkVpaG9FMFlZc0R4X0dvVk1qUWt0UHBjRTA0ZTBJ?oc=5
2026-07-28 03:00,MarketWatch,marketwatch.com,Goldman Sachs Group Inc. stock underperforms Tuesday when compared to competitors,https://news.google.com/rss/articles/CBMi1wFBVV95cUxOcEcwNW1vMm9yVE5Sa1czTjRuR3ZXVGYxbVczQkh3NXlZcEJLdHgyenItc0ltRHctN0s4V2ZvUjBTZzh4X3BTUkRQb1o5NmtwRUNTYmxOZnZLR3VkZVBYS0J5S2cyZGJpWWlvNFNTZ1VqaW5RcVB4TVVBejJLOS1CZmxDal9MVHNJT0FHRmk2VEJmRkxSTnVGbjFRcWlGVTRONWNYNHpBNmczUkxpaUZZUjQ1OS1TLV84aGtfZktBaHFyaG1wY3RmNUoxSV9hbXAtaElPcDc2RQ?oc=5
2026-07-28 03:00,Reuters,reuters.com,Hedge funds on track for another stellar year on AI boom,https://news.google.com/rss/articles/CBMioAFBVV95cUxQQTI2OW42aWhiUldLQU5Jb25yUUpEQmFVZ1hTbWFNTG80dzhadThtVG1ucW5zc2VMdHJTaDZvT1VZNkNGZEU5bzRXcUZSZHhZa2RHRkJfM2s0dGF2UW1VWG5YWExzb3gxMVpFSVlLOXowZU1fR3N4V2VObllUcDNqSVJDaVJFYV9WZnVjdFQ1dl9Xd0Vta09sMVZhRURvV1Rl?oc=5
2026-07-28 03:00,TheStreet,thestreet.com,Goldman Sachs uncovers key AbbVie stock signals before earnings,https://news.google.com/rss/articles/CBMiqAFBVV95cUxPR0JKbUpCY3RfaDV1YTJrUm5RU1NiMlpQTVk2X0JXOWFRbGcwTmh5RGJ3MWkwMUZxU2ItakN4NTU4bGhIb1d1enlXNGc0eDg2QjlzcjAyT3FYNXFSTVFZamFNMkU4a2pSY3loSDFGeU14OVlMWUpOR3kxU1lIbDh4WkdpV3VhWm1qc2ZLbWJpcjl2LTJEaHpjWVFYdFkzVm1yOXpGYVJSdmE?oc=5
2026-07-29 03:00,Investing.com,investing.com,Goldman Sachs Names Top China Data Center Stocks to Buy,https://news.google.com/rss/articles/CBMiuAFBVV95cUxPOW1zN0hpMDgwR2V6QXBVRU1jYkRCbktpanRSSW84NGhJOWpMZDRlNnQ4Z3V6QUU0UkctWTEyZzA4WGNHMmNHekNqVDBVRk1Qc2VHTDdQcFlrU3pWREpBUkRWQ21NUlkzQmVvRFAwWk1JU2RMNmpYY2dKRld4UTdScXppRVNWRUFYbk1pNWpsT19ySHZUcFlRWXMzcS1PajBmWVNVSUhPckhjUmFNMGx3Qk11N20tZVkz?oc=5
2026-07-29 03:00,Reuters,reuters.com,Hyperscaler debt binge pushes yields up as investor demand cools,https://news.google.com/rss/articles/CBMiqgFBVV95cUxNNERILWJKWmRGNlJOUDBGQnhZME53ODlETlFidndGWmtLSmtYZlhXdmhrelJuajJDZVNacXg0RWZYcmZrSHVEek9CV2Qtczd3UU5Xb3hXSW1kTmxRb1h5ZV8xXzlPSEpMTTRuaW4xT1lrLVNKeWVFRnU4d2FnWmRGWkUwRWRjdXlHdWRGMUJIOVRxVGl0eEVMSjJvajhuQVd0MTVPVnQ0SmxKZw?oc=5
2026-07-29 03:00,Yahoo Finance,finance.yahoo.com,Goldman Sachs (GS) Launches Retail Private Markets Fund As CEO Backs Crypto Bill,https://news.google.com/rss/articles/CBMingFBVV95cUxQMmlLU2EyMXJVMGFLQzRpNHVtQWtCdU51ZkF1dThoYktBcjhCR2JxQV9OcTN3d2tQblgtcktmLXhXLWNzRzIzQlMyb0l3X09Sb3pZSzBYSDZvcTVhS2ZKazkxUnZkSlNrb21vSFdoQzFJeVpuWlhTRlR5aXdramtVVE5IeDBseC1xNEtGMTZkNmUzQk9ZY2tqTV8yUE4zdw?oc=5
2026-07-29 03:00,Yahoo Finance,finance.yahoo.com,Goldman Sachs Issues Stark PayPal Stock Warning,https://news.google.com/rss/articles/CBMinwFBVV95cUxOczFrUC1SNXZGcmpBZ0otNVRkdUJuc3U1a1YyQXlpUmV6UU9vMUU3Mldxdk81enV4cl9tbWNjU0hLc3VPYng0bzBQelhKa2tPWEU4TWZBaEtXVlg4TUlsbkVQeWpJZWRTQ28tU2pYSUJCOHV3SjV3VzZvRjl0Tjk2c2VNTVNWUE93V0tZRzFuaTBjYVFUX3A1RldYMVBabGs?oc=5
2026-07-30 03:00,Bloomberg,bloomberg.com,Goldman Traders Say Stocks Have More Froth to Unwind Before Run,https://news.google.com/rss/articles/CBMitAFBVV95cUxOMUVKd3l0ZlJVMlJMRndwUHJyU1IyS1k5MUVib0dJY0x4c3JtWTlNVFJiRE1sUUc5S2xZcGQyQmQxbDd2cnRDRGNOdV91RHJmRE9EQUNtQllIellBaEQxUGRwdFU3dEIyOXNmV1FJMGt0Ty1LWVpYWUFMUXVxendxLVFZS3JYeEJ3WVUxX09GM1dOMTZSM0tzWFNIQ0ViTnhfNm1paThmV0ZCZDFJZk53WmRMWkQ?oc=5
2026-07-30 03:00,Financial Times,ft.com,How investors should brace portfolios for tech volatility,https://news.google.com/rss/articles/CBMicEFVX3lxTE02U3kxUkFoWE1FTExySWFUejduTEJCdVY3cVJfbE41VW1xYjNDbG9qR3NlTXFUT2xybjMzb0szUm1KX29ZQ3pNX1M0N2F6c1BEQS1XREk4WHNrYUJtQWNnVTJzSHR0VktIbTIyU2ltRGQ?oc=5
2026-07-30 03:00,Investing.com,investing.com,Goldman Sachs cuts Meta stock price target on infrastructure spending,https://news.google.com/rss/articles/CBMiyAFBVV95cUxQTDlZY2JPMlQ5SGhBeWZ1aUlxT0s1eU4xZTBBcjVCZ0RrNnBHQzZ4aDRNeTNibHV1bDlZSUlSTEY2cHdoMWt6dGpPYXVDaVZzaDlvT1A1dHkweldrblF1VE56Z2tzR09qWG1Fam5oXzBHRDN5T09nN2lsN3BCekxBaGNfcVE0Wi1pbGRZcUVlQm9VMU9ZcllGTFVCMFV3ZV8yZXZNZzF5ZDA2T09SOWxneWhvQmlmZ1B4LWRMUDZmVlRCeGxqVnVvLQ?oc=5
2026-07-30 03:00,Investing.com,investing.com,Goldman Sachs downgrades Fiverr stock rating on marketplace headwinds,https://news.google.com/rss/articles/CBMiyAFBVV95cUxNdWlTak1rQl90eGJMb2p4RGEyTnNCS0JTeXJiVXpabGx5Vm1KUlBuNHkyaVlhZjRlbVpNVGF0WUJIeXprVm1VX05nM1huTXFtUEtxSzBibUwycnNfZG5zN1RDekFvbkQ1SHJMMnBkSUlQYVUxMGg0M19xSy11TkV3WU5RUTVIekYwNFZ3Y0xSOGVDVFVmU0plbkN3d0g2VjZwMFVCa3doRWw4MlphbGp4ODhVYkxWY3BDUkVaQmJHUWE0U3B4ZHBhbQ?oc=5
2026-07-30 03:00,Investor's Business Daily,investors.com,Goldman Upgrades Chinese Tesla Rival. New Releases Spur 'Successful Turnaround.',https://news.google.com/rss/articles/CBMimAFBVV95cUxNSWNNSWJOaU1sM0RkTXdXMk1lV1NrdlVsWmt1cFBDSnhZS3ZnSFptZk9Ec1ppNjhLSENSc3RtdVdTX3prbWlKRlJUNVl2N2x2dGpEYV9oMTRmNV9KbW0xeVV6VmhMUFphckl3NWFoUHRYQi1VU2trTlNkRkdSbGM1UXZBTllvVFBaYXZNNzVkV245RlRzbi05VQ?oc=5
2026-07-30 03:00,Reuters,reuters.com,"Asia stock-picking hedge funds set for record monthly loss, Goldman says",https://news.google.com/rss/articles/CBMitgFBVV95cUxQdE9IVkk5MllySTRmTlAxS2JOajd0X0tTNmF0MW9IeDdwMGhzN0NjS2RBdTNkd09VZXBIZmNzdDVFS2F4aXAyZHFVd25GQzBFNjhlZG44cjdnQ0F5TWFNYjhMTDBiUFNGbTVNSUlEaklHN0Q1VjRPVDhuXzB6dDdXd2huQ0E4ZGdIZzR4ZTdUd1N4dnJ0RlFBV0FTRXd6YjNSQ0FTVk1MZ1pDTGdLNWlzdi1CR1pDQQ?oc=5
2026-07-30 03:00,Yahoo Finance,finance.yahoo.com,Goldman Sachs Stock Rises 3.2% as AlphaAI Platform Launches,https://news.google.com/rss/articles/CBMilwFBVV95cUxQbDBoMklIQ1Q3NERoLUpFTUF2bW9yVUgtcENpc2JfRWxqak81NkhqZEcxX2lKOGpPQVQ4OHlGdE1JTFhkdFpRWDdLblpNNVE5V25oTFRKdzFxY0w0bjRkVmVSRklrSmRoVE1WZXJ4TTc1LTBNX3RjYVB3MG5uV18wVGVIWHpQRUpUTGthYlRZbnVHSmtCVjFn?oc=5
2026-07-30 03:00,Yahoo Finance,finance.yahoo.com,"Goldman Sachs asset arm forms AI investing platform, memo shows",https://news.google.com/rss/articles/CBMimAFBVV95cUxOcURSdlY4QWRLOXY0M1N3S2FSeGFRbS1HT19TME9HRG5iQXB1My1kaG53eTJLUzc2ejVoVmpUWEpCVHZINDdpWmFDQk5MNlUwQmhmZnJ0Y01Oc0JvTDljU09wOXFJYTYxX19nMTBRVVJZTW1yTDhHRHREbTNJOVZfZS1neXlGTUtVQlNTUzE2U1RzcEVtY1FwdQ?oc=5
2026-07-30 03:00,Yahoo Finance,sg.finance.yahoo.com,Earnings Preview: Goldman Sachs BDC (GSBD) Q2 Earnings Expected to Decline,https://news.google.com/rss/articles/CBMiiwFBVV95cUxQS3h2V0JseTVHbGpxYUxrY2JOZmlqNkpGN3hCZFlOOHRnR3B4Y091QnRhdFlwOElFNTU2cElmN0lFZERkSTRfemNRUF9Ec3U5b1UyVV9uNk1vbGU0LXZKWlcwODB4dVRLVDBaNmphT0FFUmE0dlN4MUgtamJrLUdmaDVFXy1uZTdkZ2F3?oc=5
2026-07-31 03:00,Bloomberg,bloomberg.com,Goldman Sees More South Africa Rating Upgrades on Strong Revenue,https://news.google.com/rss/articles/CBMitgFBVV95cUxQWVdGZ3d5SkpUdlhQdkZ3bWR6M3d6UGQxWFMzRmV3QmxVQVJPRGVPNDRubGNoVHI0T0hmQm9PdWVaTWhBSlhlM1ZRbnJMbnphME1ramFaT1hHX3NaMW9MNVhNOXVwQ3hOMkd5Z3BQblUxdUlLVF9USnd4SEtxWl9lb3FBVHJBNmVKY2hRa1RVaEVodkhLYUg0MDRTVnlQdVIwNUlnOWFrTmNocnNsbG5PdmZtTVAxdw?oc=5
2026-07-31 03:00,Investing.com,investing.com,Goldman Sachs raises Amazon stock price target on AWS growth,https://news.google.com/rss/articles/CBMivAFBVV95cUxONkRtMnFUcVFuaERWSWtOUFdray1HRnlja2pqejdFS2VFaGtobGRYN3FHY0NLOHpudHQ3cm1uOWRTbWZ6eFJFLVB6bFh1Q09GVzlKVWdYWGZLOTBEYlAySzZpd0dLeGZKdkhlTm8zZ2xoUUs5alNjaXVHTU1jSmQ1NXc1M2xoWDNkYUtTRFNiZTdrQmFoRThxYmdHa1lFWFR0ZzNPWklaSEpXanh0elNhN1dvRDUtbmNObEc3Yw?oc=5
2026-08-01 03:00,CNBC,cnbc.com,Goldman traders are on pace for a record year. A close-up look at how they're doing it,https://news.google.com/rss/articles/CBMivgFBVV95cUxNMU1WQzE1V285TktfUTlEVFhWLWNqN1NkdTZGQklYbldnLTFSMG1zY1FDUEtpaG5LbXBFYTRzbVhvYmR3QmtsczRPdHRPNEJzODdycFlNc3JGVTJteUxlRG9MRHRMaUtXcTFLU1NYNEJIZ3NjNlRMODh6YjFJaDgxdmRaWVpMSVp4d0R2YUhUWHlMV2M4RU9TN0dfT29nOUk2Y1NKT1NXcXJGLXNCUl8zTWQtZTJDbEFPQUxkTjFR?oc=5
2026-08-02 03:00,Seeking Alpha,seekingalpha.com,Goldman Sachs sees AI trade stabilizing as strong earnings keep bull market intact (META:NASDAQ),https://news.google.com/rss/articles/CBMivAFBVV95cUxQaDdGWmlEU0M1OWJ3ZFlteV9jdS0xT0JHTEZiS2tIRFNleDctQl81MzdRZmI5R0RfZEc1djN3aGpLb0NQd3JIeHc0dVdOWncyY19CM0dhUGJkUWtVRmJKWW1vR1g3VjJyd285MmdnNm1iLUF6VFFKS1ByVS1MMkdodEdGeHdJRFQzN2lkb3JsX0hTYVEzbmtsQjZEWWU5UlhFU1pNdFR0S3pyTm5rZFBPaTJTZkhmNnlhRVFEeA?oc=5
2026-08-02 03:00,Yahoo Finance,finance.yahoo.com,Goldman Sachs Expects S&P 500 Volatility to Increase Ahead of U.S. Midterm Elections,https://news.google.com/rss/articles/CBMilwFBVV95cUxPVWU4c1RaQm1LUUhISzlHNGotcDA1akVzc25PZ0JaVzhiOVgzYWJZN01PcWRLVTlyUFp4Nng5ZXljNEtxMEZ6eGlFM1hYSkMtaXdwZWpiZFJkT21JVm9ONDFmcmJBN0VOMGdtckhaeUxBb0YwenZWN200Q01zZjNsemFkNW0xQXRkUURnSjZwVmt4aTlacHc0?oc=5
2026-08-02 03:00,Yahoo Finance,uk.finance.yahoo.com,Goldman Sachs Says Midterm Elections Could Bring More Volatility to the S&P 500,https://news.google.com/rss/articles/CBMijgFBVV95cUxPTmxGQ2g5TFNxU0JqczRmR0tzcHdwbl9ObTVJNjVNQUtOaHZoN3F1YnRJZlRRemNkZnN2cDlUakhMTS1mYXVzODc2U3NUWlQxZ0ZFdmxzQXQ1RnlYNzBFdDh1QVB4N2dMelotSzhROWNXVTY2bUZnakpibG1URTNxUXNjYzVYSzY1bS1xQTh3?oc=5
2026-08-03 03:00,CNBC,cnbc.com,"Goldman Sachs on why China is under-owned, and how Hong Kong could provide AI opportunities",https://news.google.com/rss/articles/CBMimwFBVV95cUxNOURORHd0MlN5aDFVYmY1bjBfZUNac1M0U0RLNkhaa1pKblF0c1RkRlF1Y1R1MGRWb2RMTDVzTjZGVzQ5RnNsYTV6Zk45UXdLV2RHVnNia1NqT2VHZy1lQkkxblNJVWVDUE9xR2E0MWdGQnNuUGF6bHhWb29XNEhneTYwcVVBb005anlJSElJTHltbnhPUVdMQV85aw?oc=5
2026-08-03 03:00,CNBC,cnbc.com,Goldman Sachs's Hader on why AstraZeneca's stock fell on news of possible merger with Bristol Myers,https://news.google.com/rss/articles/CBMi1wFBVV95cUxPVUJ5Si1sSFJtdEpNSjVSMXVOdnlDNmJnNjVXejI4TUlYamktdGtuTms2dmhpLVRJR2tpVlh6VG5vRWZ0aUpqYWR1SEQ1SVdnX3I1eUMzVDR3Nmw0cVc1NG9KbUdvc3dyOEJVYTNSTXotVDlnOWEzdS1wYUMtajFIdTZBUFkxeDR4M0Q1dndFakt0ejFwbkpXWEtxNWI3bFNMS2lQc3NrSFQ5S3ZmTGs3REtoYlgzSmhXZmpsZF8tY0RTZThNdlZHRW10emlteFlnQmpsY2NkZw?oc=5
2026-08-03 03:00,Fortune,fortune.com,Wall Street bulls are starting to admit the earnings bubble is real—and the 60/40 portfolio may be the first casualty,https://news.google.com/rss/articles/CBMipgFBVV95cUxQVGJxOVN1T211RW9KcERVWm9UZVVQMEE2UUdIQkRVaHVMX3Rhc3ptRHdTQVNBclItZXhVQnlkUlZkZUJUN3IyY3UwN0FERGNQcEIxaWtUa1N2NU5tQjVYNUxvM3ZLT0tuZTBZbFpLVkZRLThlWXZKdEc0WEhkVXI5MW9tQnFSclZ3WjhWb0JvN0x6YmkzdW9KODhjRi1JV3hudDBidjVn?oc=5
2026-08-03 03:00,Investing.com,investing.com,Goldman Sachs adds Applied Materials stock to conviction list,https://news.google.com/rss/articles/CBMivgFBVV95cUxNTFhuU0J3MGFuVkQ4YVEyaUQ4dm1GdS10NGliTzktZm15T2dqakZmQk5nNVRwcFp5RTJzVFA1eEk2NlZjWEtPZXNiY3pjODNqTFpteDlMZ2thTWFvLXFkZk4tX1lwS0RtOUcxVmpOanZaXzJMNjhvb2VGTk1LUVpmUmNEZ3l6MV9xaEc0bkpqU09tRzJyNF9CdlRqeFgxbHBMV2JWbUpHaWxqMHBDMm12NWc5R3gwZ0RpN0dJd1dR?oc=5
2026-08-03 03:00,Investing.com,investing.com,Goldman Sachs just added these 3 stocks to its European Conviction List,https://news.google.com/rss/articles/CBMixwFBVV95cUxNSG9kMUc2YkNLRFpvMFFPVHpHQm9seFlqVi1faERxRDFpV0k1U0Y2WmpQQVNrVWpSV2x3M0JhS1IzQ1R4U21QTWVEN28zOC12aUhURnJxdFVieGlySVpDMDIxTi10UVp4YUpwTFZjTG1qM1RMQTNPb2RkanoySW44TFhtZ0Z0YlRzRmVjV2JvMGNfdUVXbGVKWWNuUUNzOUdoVXpjYjVNSHR4aEpqTjlUMjBER1VWVW9VYXpiMnJ2WF9WcEdTUlk0?oc=5
2026-08-03 03:00,Investing.com,investing.com,"Goldman: The real AI risk is an earnings bubble, not valuations",https://news.google.com/rss/articles/CBMiugFBVV95cUxOWjFHV2QzT0NUT3Z2RDVGMXVKQWFkb2U1a2ZuTmg1cWRZSE9KMzlJUUIzTUFoRmlyd1pPa21OOFFWNGozdkpSdFIyU3d1b2xRY3RMN0RES3JsenJBczhfQTVDMU4zcWYycXM1MXNna2hoODBJNHo3UHlRU3FHYUZrUWdTTVJHRmRSY0JEcmRXR2JRY05vRGFrS1NTNVlnNXJQYzBzQ1VPREdPVTRLZ1h5bnAtVGowbG4zOFE?oc=5
2026-08-03 03:00,MarketWatch,marketwatch.com,The gap between big tech and the rest of the market just vanished. Here’s what it means for investors.,https://news.google.com/rss/articles/CBMi2gFBVV95cUxQam9TeGJ5RDZ3XzFWQllXZ190ZVZ5c0ZuS05uNlkwcjFtWjRPNUZPb1h4bG83YnBlYW1LdWxDR2tSaFNlNnpIOVdFTVhiVVVxOC03d3V0MUdaSXlEU2VyR3FCVy0tYnFBQ2JjTlVvaDZEWWFaQlRQSDN5Qlh3RzBxd09HZzRyTlhVcmJ5N3ZmQU0wRUo5eFBNcG4ydS01SC1hV0N4clVpR1MzcjhwVUNfMTVkZkNfLVJMWmlsSHl4czh0WVlEck4tdi1kN1VVYWlTbENEYkQtdVNTZw?oc=5
2026-08-03 03:00,Yahoo Finance,finance.yahoo.com,Goldman Sachs Adds Financial Giant to the August Conviction List of Top Stock Picks,https://news.google.com/rss/articles/CBMioAFBVV95cUxONlpmSUl0alIycjNkSk5MVlgtUVNHYjZwQnpDeFhyX04xNFhScWZGMDZOYjZLeERncnFud1kwNzQ3SGtMNTRVQWMza2dpRGtjQkZIUGljQm53dEZKbjB6OTg4OVJpcDBFWmdJZk0wVk0wOWxzaHVxd3pPYUFYdS1IdS05VzFOVVdBLVRwVy1JZHd6eUxrem9MVTVnQUdPLWt0?oc=5
2026-08-03 03:00,Yahoo Finance,finance.yahoo.com,Goldman Sachs Has Stark Message for AI Stock Investors,https://news.google.com/rss/articles/CBMimgFBVV95cUxNNmEzb3M0WnplT1dNTEk1MFBXck1faTFFQkJtbzFhSkVuQ3RXUUV3TkdEOUd1YWNuZDhFU21Hek5VMF84N3huNmxZQzhXelJzQVRCZDI5VklURUNCUmhFLU9fSm9aeXpIdmZ5TFVIN3ZLWEZwNWFweXJuT256ZEEzTnZnNURESlRWb09fUWh2NjNNNXMwWUxaWU9R?oc=5
2026-08-03 03:00,Yahoo Finance,finance.yahoo.com,Goldman Sachs Says This Is Where Microsoft’s AI Investments Begin to Pay Off Big Time,https://news.google.com/rss/articles/CBMinwFBVV95cUxNSVlfU1VwcEoxNGV5SHExU2RVbmRCbzl0U2lBVmpULVRaSktGbmlpVjF0TFAwaE1LYWtzV0tLYnJrc09oR1BMOU1IWEQwU0s5b3g5LWxXd2ZSZ2g1ZEFFOE1zdXlQc01USEVZT2RlMzJIWk5oSVA1Y3E5d2xZcFYzWTVzTmhFQmNXQmxlbUdyaGZiYWQzb3VMVDFGT2FrRDA?oc=5
2026-08-03 03:00,Yahoo Finance,uk.finance.yahoo.com,"Microsoft joins, Broadcom exits Goldman’s top-stocks list",https://news.google.com/rss/articles/CBMikAFBVV95cUxQZDFiTm92bXBLVUtFS09aX1FsLWJCRVdubERuakRGYzNzaDhUWWF6aVNaelBhZ1FTOUxRQ1E1dVF1QjFCY1h2dEZoVEhUQVRLVDl3RF9wNHctZ19hU0dEaEppdXR3dGQ3bjJwQjFUVTVEXzZ3SHMzREEtazdsLWliX2NtcjQ0d3NNUDNpbFhwc1E?oc=5
2026-08-04 03:00,Business Insider,businessinsider.com,"Goldman says Korea's AI-stock selloff has gone too far, doubles down on bull case",https://news.google.com/rss/articles/CBMimwFBVV95cUxPTDQ0dEVmZERic2dxUW92ZmwxNTAyeUhwZUFoX2VzRllfY2xQT094ZEF0UlkycWl3djhvZFFFTjBTbUZJWVpXY0hqaWRYY0RzNGFsV0NQU2R3bzBBQ0hlcmxQYU9pdDdmSUdQMmxYbWkzbG1CRFZuTmFUYWF5RVNZNGZEcjRSZG9hSnNTd0EyTzlKdVZNbmJvM2tvYw?oc=5
2026-08-04 03:00,Fortune,fortune.com,Goldman Sachs fears Kevin Warsh’s Fed strategy could amplify misinformation and instability,https://news.google.com/rss/articles/CBMiqgFBVV95cUxQdmpQd29WcHJNNE4yU1FDcmowQ3Q0QTlQR19BQWFnazQ3SmFNUTNLQVNKZklOelRRZWljREcwTUVTRUNBN2V3VDBqV2FuY2VBQXpiNnJyMS1NNUYzVXF6ZVIxcW10NTdKRHBlMS1KN0tmU2thaXBsZDJRWmxqdTJEeks2bnlmMmtXNlVkZ25FakZKSDBxQ2xPa0p0Y3ZfTXNlZ0txeFFnNkUwZw?oc=5
2026-08-04 03:00,Investing.com,investing.com,Goldman Sachs-backed Attovia eyes $731.5 million valuation in upsized US IPO By Reuters,https://news.google.com/rss/articles/CBMiygFBVV95cUxPOHJ6Z3hhWjBmeXUtTDJiQzZib0RGcjNqOXZDQm1EekRvdlVsZEJLOVgxalVuQmVEZF9Xcy1mSWpBbWUwSm5HeS1GdUdzMzJQVUxQTVdfdnU4OWdUVGljMXd4aElFczNRR1A0VUJRbEJUbS1RM0tXWW5IYmRHNi1IZjhHaC1nLXpEVmVVQW4xZ3JGV2syZENUNDQteHk5VGxYNGtkVDIxQ3RVdU5ZaGpqX2FXc3NLVURCTllqSE02TUxEQ3h4ZVc4M3Bn?oc=5
2026-08-04 03:00,Reuters,reuters.com,Goldman Sachs-backed Attovia eyes $731.5 million valuation in upsized US IPO,https://news.google.com/rss/articles/CBMixgFBVV95cUxPUTVhSFExRmtUTGtLYlNHenNYVTBJQkIzT2dFSzI2eGxXSXdoSGtHcnMwMGxRUmtUQnlza2tSLV8tLVoxRmtzWTdYblRoWUJIdU9mendsUmx4NVh6amo3M2dDUjZzdUhxeHQtVjF1VnExSFlLVllaOXJkbXJHNDdfeVhyMmduRzJHYVNTNk5aUExfZHFKSlkweVRUZGUxZHRtaE9KaUxJN0lka1pLVDlFVlNYcnZPeUtha2QzMHg1WWhDQUd6ZWc?oc=5
2026-08-04 03:00,Yahoo Finance,finance.yahoo.com,Goldman Sachs Just Added Microsoft to Its Closely Watched ‘Conviction List.’ Broadcom and ServiceNow Were Removed.,https://news.google.com/rss/articles/CBMioAFBVV95cUxQb2ZrUmlaLVVCU0hhaWFxUzZZOXN5SFdENUNpNjBjYThCMVZtMXY2c3ZGaVdQWnJFVUhDenFqMktXcW43OVQtSDZUbzh6dGpXZjRDdGk0RzMtWjZGQ1NLd0ZaTkx5ZmlkYklLcUU5UFdnZHF1U3l4NDFtR29uMzc2UTA5aWhGRDhUS095Zk92S05rWm5oZTRxdkMtNEhzVTAy?oc=5
2026-08-04 03:00,Yahoo Finance,finance.yahoo.com,"The Zacks Analyst Blog Highlights SpaceX, United Health, The Goldman Sachs and Industrial and Commercial Bank",https://news.google.com/rss/articles/CBMiowFBVV95cUxPNXdjTUtVMXV3SXlGMWRZYUU5dVZiVURXdGxyMzJKSjE4WVM1a1E0bkVOV1FSUk5adkxsVFR2X1VjZHFWOVo0amptSTBIM01sSElKVUx3X0Y3TFNJQWFHbzBydjhCSXQ3clBJSlhvUDNrNXAxUW9sT0l4N0lya3h1U3VJR0NBVmw1VE0wUUc5cWo1VzZJLUZrMElpZXc1WVdVZ3RR?oc=5
2026-08-04 03:00,Yahoo Finance,finance.yahoo.com,“Our Conviction Level Is Really Strong”: Goldman Sachs Sees 90% Upside on Korean Stocks. Here Are the ETFs to Buy if They’re Right.,https://news.google.com/rss/articles/CBMipgFBVV95cUxQd1o4TnR1N1lwU3M1TC1ZaDdGTVVjMWlmTWxfSmJPZE5DUDV4R0JBa0hYTWVNSlRtMGUySk1vOXBxUWVJS2ZiQmllbGxDdktSSXBxdHNuM0VVbC0xNVpxOGhGbVNGSU5xZGpfTWhOd29neU1OdTNNQXgzUDlFNHZkcWlfNEc0TG03Z3otdW1uODRyY0JIbHZEcnBkaWtONzJKYlYzaVdn?oc=5
2026-08-05 03:00,CNBC,cnbc.com,Goldman Sachs President John Waldron: Earnings growth has powered the market,https://news.google.com/rss/articles/CBMiugFBVV95cUxOYkctd3ZoTTF3TGVwRms3alhlei1MM3d3b19SSHpER1lQWEFHMXJoLVRSdUt5T2xaVlJVaTZSQU96bjloRHVPTF9xem9uM0p6UEd0Ukt4RHhzZl9mb01RVUJFWHJvRnNyZlNSSUdCRE1FRkN2aW9yeDFDZ3dGSk1KVTNlQktuZ0dodXJQYS1yeDNtS0JwS0UzTHQ2NUl1MmJtdGdTdGc3X0F2WURIZ1B5N3l6QWJNOS1NSlE?oc=5
2026-08-05 03:00,CNBC,cnbc.com,"The earnings growth story has legs, says Goldman Sachs' Katherine Bordlemay",https://news.google.com/rss/articles/CBMitwFBVV95cUxORWNjUVA2cVNSaEpLRFcyRDVURDA2Y0JtZ2dsMUtOeDZxNUFEUjl6Q0Z5Vm5CeTI1MHZ5b1dkSDhLLTY3c01GWHhneFNuak1NZFczUFpfb2ltZExMTUtNc3RqSDhwOHhKYTJNSWVSaEFnd1ZEQ1NOSm1KbTFfaHdhaDhCLXRGRDdUQ3ZwZDRWZkxsZmNyU1dvUXM2NDRLUFRDeHM1TktaV1BfYy1oVFpRdkdYWlpRUlU?oc=5
2026-08-05 03:00,Investing.com,investing.com,Goldman Sachs keeps payroll forecast at 75k despite ADP miss,https://news.google.com/rss/articles/CBMivwFBVV95cUxQU0RRNjJXMnV5T29iSFlXLVo3eHZhTDZod0pSOF9nemZ5emJLbzBVWUY3WHliZURHZkd0czY0Ty1WNW4xS1NWMUhlQWdaS21WdDRBcEgyWk5NQ2hqZEUyTkktcnUydWdRY2tFTzJHVG15OURqT3RLbDdKdGY1Q0ZFUnBMQmgwTGVvaFNKVmc1VHJxZ2gtSmhwQzFDamYtUmV1azdwRF92YUpVWm5RZjAxY3Y3dWQtc2dudlc1dWliNA?oc=5
2026-08-05 03:00,Investing.com,investing.com,Goldman Sachs reiterates SanDisk stock rating on long-term agreement outlook,https://news.google.com/rss/articles/CBMi0AFBVV95cUxOR1VtQzNBOUFtOTlqVzBPWklDcGhKam1SdlBUMWEzMkJZeFpZODc0V3Z1VVJzNmJxbExEY1FnLVNnLXdMdi0wTEVTb0VfM1RFSU9EbFE2NlJIbXVoUmZzMmtxZzZFUV9wM19VazlvVGowc01iYjFmV3llYkRxOFdvcWtYYnNoSnhfQ1JPcTRPNWNJY285dVJneVdjcWJsVEFHTUJzX3Q0eDRqdFQyYUV5TFRSeFBqdHZ3eDZKcExXamhGekNOVGhKSGo0NWRNNnIy?oc=5
2026-08-05 03:00,Yahoo Finance,finance.yahoo.com,Goldman Sachs stock doubles from 'Liberation Day' lows,https://news.google.com/rss/articles/CBMitwFBVV95cUxPcnY5ay1iYjFnTHpoX3R3NnNma0doeHRhTkVWLTFiSGtldzJDUmgtT21zNDN6MkZWNngwbEVUMlBFa0llZ2dzS2o5M3NVeS1zLWpoRlVvbGhYeGtYWEg2SVh5WnQycnZDUVEyNlM2ZWl5b1lHWWsyM0Z0Z0lwVGRVMU9jZ3VlREhLQkRySW9ia2kteUgweklvcFQ5YnVqNnhmb2FGWnRkbnBRN2wzS0xoU2ppQmZXNWs?oc=5
2026-08-05 03:00,Yahoo Finance,finance.yahoo.com,"The Zacks Analyst Blog Highlights Comfort Systems, The Goldman Sachs, Vertiv, Seagate and The Travelers",https://news.google.com/rss/articles/CBMipAFBVV95cUxNVFpyUXpTRlRYVXJkZHU5SFJ0RWpWZENyZkFkU1FnenoySTNvSXBlUVh6bEt5ZTZ0clA4UDV6OTJlNi0wOXJnSzZHNERuZE9mRF8yZHozYjhURFFXTVFwV25JUG9fT05RS0R2UDRxQmtELVZYZEUxaXhHQVZSMGpydFU1aS1yak1pOENCV3MybHFWeGNqUURoaFFxV2Zydk03SkJ4dQ?oc=5
2026-08-06 03:00,TheStreet,thestreet.com,Goldman Sachs sees 168% upside in this controversial power stock,https://news.google.com/rss/articles/CBMikwFBVV95cUxQUnR1RkVyNmdhc1A4Wk5mT0VCVjRsSnFpQUR1MkhaZk9kRnZKWURaeHVWQTZkdzZSdlA3QkJURlFfcGVuTFJHZEVWakZCUlVVN29mV0dtNUQtY2xwOURrNG1sVUFRM2dQYk5UazZNblVhZnpDZHJWd0Rtem9iT1M4SWFOamh4TDFscXcxS0s4dzhrdHM?oc=5
2026-08-06 03:00,Yahoo Finance,finance.yahoo.com,Goldman Sachs BDC (GSBD) Beats Q2 Earnings and Revenue Estimates,https://news.google.com/rss/articles/CBMimAFBVV95cUxOSmI5SFN3Snh3bDlvMU94Snc4UHJLU3BVR1p3MV9WbkZweFNfcF9xbjUwd2xEWjNxWUduQ1BGblZwNEU4c3dtOTZHTFVPQWh6dFBRVkZsQ2dsQzM3ZzROb0xodmYyaGlmMEgzWExnUVFuUHMyS1RkSUF1a3YzTGJrZ28yc2ZLdnNDWkQ3djViQm1DWEJVN05CZQ?oc=5
2026-08-07 03:00,Investing.com,investing.com,"Goldman Sachs reinstates Smiths Group at Buy, sees 17% upside on portfolio revamp",https://news.google.com/rss/articles/CBMi0gFBVV95cUxOSGNiaHZVQnJ3QlFNeHFSX1RBZ2QtWG50THdNV1c0UlROak1vcGR2T1pTMlFZTHlGRUZZbmF3elMyZWhFNUFtVktaTWFheUJiUXV3UGtkOHpETWpldklhRC1XampDSWdsTl9jblIySm9SZWtLMGRQVWk0MkNQZ1ppd2RfLUZMUVVzc043VGxNVGIyaXR3bDMyc0tBRWFpUHBQeVJHMzNjd19zNml1TUw3dlI1VU0xRTVHdXNvVlFTUW4yUWdjZkJXWGFZcWZwdV9XRVE?oc=5
2026-08-07 03:00,Seeking Alpha,seekingalpha.com,Goldman Sachs BDC 2026 Q2 - Results - Earnings Call Presentation (NYSE:GSBD) 2026-08-07,https://news.google.com/rss/articles/CBMiowFBVV95cUxQTV8xU3FNLVpsRG42Y0xiQ2FzaU1sc3NZWXpkZmpyaXNLb2IxbnYtd2xGMjBvQzZyYlBmcUlQdWNCZlRuSGYwckNMUWptUWpaMUtGQlByQVhieXJFT21wX2FENTlNRmlhYW9OMlpVYVktV3NWeTF2MlozTjlob0pZUWJCaHJENGJ4bG1adjZ5ampjdU95MkVMbmFET05SUmNVV0Rr?oc=5
2026-08-07 03:00,Yahoo Finance,finance.yahoo.com,Is Goldman Sachs Group (GS) Still Below Fair Value On Its New Senior Notes?,https://news.google.com/rss/articles/CBMimAFBVV95cUxPbnRwQlV6S1NmUVFTR09TaFFoOVp1bFAxel9iQXdTRmZhdnZOaVdVclo0RUlsb0FxeWtJelNqV1VHSFRIRURvaU1zU0VTOC16cXhobTFJU1dBZ0R3UVNBTThCR3Z2akZNNjVrc2VvSGVSd3ZNT0I4VHVQbVNxYTNJeElMOEdVczJNcGNZNUhuRlVFeVBaMVNDTQ?oc=5
2026-08-07 03:00,Yahoo Finance,finance.yahoo.com,Is The Goldman Sachs Group (GS) Outperforming Other Finance Stocks This Year?,https://news.google.com/rss/articles/CBMiowFBVV95cUxPUmM2UTZfc0VVTnlENEhDcjNhV1BmdC1ReFNkYUpXUWdERzA1aGhSNmhCZjFCZ3J6aEhKT25QamFzMmRVc2dBN0s3MWZ3Tm1hLVR2UTVKVWV1LVhYQnRBeGVHblhoRU5HWWZ3NTBBc09iVlhIa0g1TDFlY1N0aFBFM2QxZ2RfSE4yZzlDVVhBWG5ORGR1RWZyeXRjV1AzYmZaa0pr?oc=5
2026-08-09 03:00,Investing.com,investing.com,5 big analyst AI moves: Pullback in this stock is an ’enhanced buying opportunity’,https://news.google.com/rss/articles/CBMi0gFBVV95cUxQdl9JLV9RSFJuVHFDTlBrRkc0NFoxaEpFQW5iejU4RnZMdkQ2Yk9NcmZPMlhWa19YWjJiSnZsNjVwNlpsOXg3MC1ncTlUZHJycWotdzdpdzVrZXZjc1ltUWtmbHJFd3RsbVdZNFltc21pdUtlUnVDUFpHMEJreEVqQmxDcmlpUlhHTldvQ0JFOENxWjltdDlCT05yMFpzREMyelFraVVadlpMQjQzY1E5Rndhc1JQUFIzcFBib3Y2T1d4UXZIcjFNRGtOVlNGMEFhX0E?oc=5
2026-08-09 03:00,Seeking Alpha,seekingalpha.com,"AI investment will fuel more equity issuance, while buybacks cushion effects: Goldman Sachs (SP500:)",https://news.google.com/rss/articles/CBMiygFBVV95cUxOUXROcWZ5WncxalhkeFVKU1ZrUlUzekY5YVN2djdSbmFKaGVxQU5YR3B0YmxsVnlZOW5HVXVYUG1pTHl2azdPVlI0Q2NHVjNDd0duT0MwSXRtYzdoZWV2alc1bjFVQWZHLWRHY3ROVE9lQnBlLWtJOEdBOGExcFpFRTFyMzBabkNqdDhEaEVaZ0h4Tm9DaWl0aXJ5ajA2VnV1Z2g3bkVQSnk4ajZMQzczYTRPNnhzTVBRaGFpakx5cVVzdUFfaHpHdHJn?oc=5
2026-08-09 03:00,Seeking Alpha,seekingalpha.com,Goldman Sachs’ Pasquariello sees bull market continuing despite post-Labor Day risks,https://news.google.com/rss/articles/CBMivgFBVV95cUxPT182bHpvb0FfMXF3WTZyR3J4U3RMOFQtdHNyNEpKYnZLRWtuWFBMQ0hwSlF1TVBRVFBJaGxSQmpGWHpjelhnTmI2SjIzTUZuUUNKX0h1RTlTRFM2TF9KemFUQ3RhdU1TTVcyS0o0N1cyMmFrU3JLXzBjYzBTOE95ZzdLTmItTEg1RXdIdXFYc3JuOXphWWdOcFJnTzBja0VwelkyamNhcURRa1lhMHE3Q3NxVWRrZHpaT0NDR0R3?oc=5
2026-08-09 03:00,Washington Post,washingtonpost.com,Bankers are leaving Wall Street for ‘Y’all Street’,https://news.google.com/rss/articles/CBMilwFBVV95cUxOSDYzajVrUHBvekNwWjdXVm44WlVxRTVaZlllejNQXzlVcmZad05IbWJ4clRMRjFUbTFROVBON01rcFYwVktMUHBUb2RJcEdHVFFhV1VfYkpvQ3BvdXQzSWJzOGw5TDZHVzRjaUdfSFY0TEFVM1FnRjloa1pCWFhER0ZCUFAwRTVRSm9DRkMzMkwtVGRqVXpz?oc=5
2026-08-09 03:00,Yahoo Finance,finance.yahoo.com,Strong S&P 500 Earnings Provide Support as AI Stocks Remain Volatile,https://news.google.com/rss/articles/CBMimgFBVV95cUxQY3hGc0tDUlFpQW1PRWVsREo5YUlXUmpCc1BVQkhZS1BzcF9yV1hNMHFHeVBqSXpLTFpTdlZRU2tmVjIzTFliZ1luUGZFOC1ibndtU2dhUlRPLVFoS0t2cFBHcXB0aEZ4bmx2WkVVcjhIU1dmQTZ6dFB5eVZoUTM1c1h1U05vRHRiblc5VHF4aE9US3UyWDFxd3d3?oc=5
2026-08-10 03:00,Bloomberg,bloomberg.com,Police Name Goldman Staff as Suspects in Oncoclinicas Case,https://news.google.com/rss/articles/CBMiswFBVV95cUxQbHhuWGF4VGl6cVNFdjRLRXdkRnVRQUVaYkc4QnY4U0lLeUxhUmFjYXg1SlR3SVU3c0J1MGY5dklNUGJhWFFmSU40UTU5SEtLUWNZcktUMHNKWUJHejhEQjVjM0FGUGtsTWxGb0d4MThyNWFOT0F2bFJybnNzT0hyc2lwcHlUellkLVpqc3NpZVM1ZnhPNUJ6dXo4VTFFaEZaYzg1NnJwSk9zR0ZXNzlOcGR3SQ?oc=5
2026-08-10 03:00,Business Insider,africa.businessinsider.com,Dangote meets American giant Goldman Sachs as Africa's richest billionaire moves to hit $100 billion revenue,https://news.google.com/rss/articles/CBMi1gFBVV95cUxPMnBOaXVRLXoxUEN5S2dWR1Z0WjN1RlFZcUI3NV8ydnc1RUhKX19aQVVvQXlYWTQ4d0dCdlExZWNjVnFSLTJ5dmxPUTJyRTBQY2k5UXlwZl9xNEE0VWMyano3eUNOSHJtcHJoUFJXUk44MWxaVFZCT0k5RjdtZWNPZ09iSFJ2VnlQMUlfaS1Wb0hxYkFRQnltbzFhWlJ5ZGk2Ylp3V0NlUjI2dlFoOXphMk40ZW1CM29sWFY4WVE4WUExWVUtZkpWakpsYVExS21tOWttUFZn?oc=5
2026-08-10 03:00,CNBC,cnbc.com,Nvidia lines up $500 billion in financing as CEO Jensen Huang tells CNBC his chips are ‘investable asset’,https://news.google.com/rss/articles/CBMilAFBVV95cUxPRkc0VE5DYXlTRVNaYU1DRElZUVVwNDR3VG5aQ0pUTzlGS0c1UFNzUVA5Z3NIdFktV3hscktUVnVsS0UtR2RxZ0JQOWJZcElRZDNZRGNncXBWSTZFWFp3NWdwM054MFJ2OHVkWkpSdVJjVGFxbmNIQjdKanlZVFdmRkJvUFdzZkVlN0pCMEdqbzNCX1Yy0gGaAUFVX3lxTE90YzhwRlVTdmQ1aTNHZzl6elRlR2FJTDJTd2llX3d6Ym1yNnR1bUtRbjRjWXVkTGlZZVloanNKTDdMdmdZUFZma2hlMnYwNjNicDZUOTF6emxlaXRSbXhUejFId01ib1lyaVBnelVWRjhfTVg1ek45QjJPSlEwcWFSZm9faVB0WS1XLXlMOGR1UUNWcHVGWnBqN3c?oc=5
2026-08-10 03:00,CNBC,cnbc.com,Three reasons Goldman's co-head of global banking and markets says to stay invested,https://news.google.com/rss/articles/CBMiuwFBVV95cUxPVzVpbUZMbkJXWWNXa1o5dTJtNFltT0lrS2xmT0l3bGkzeWZoN3liYUFiQm5TQlh1MWtRYUtJaUhxWDdVRXpidjlvQjRZQVNoU2d0YVI1TFpkMWJPdXBfTmdEcGJhYnRNcFk1bXhxVmNzeDVZOXhaY1o0T0ZneGh0Z0ZaTFI5N1lQZ19iX0RaMlJ6ZWZsTHFjUWNkd2N3U2N2UUpnRUgtb1hRN0hyUTVmSmVSaEtRN3NHdkFR0gHAAUFVX3lxTFBqMUxOdkh4a3lvdTl2WTNBTUpjZGxsNU5ZNjBGOUFjVkwtUFczNmtuMUhLMndNanpWdW9jZXJKa0d5ZXdUNndFd20zM3BfM0wwSG9yZ2RjYmVIa09rczhLNVRNcENfcWlpU1dfVkxDc0lLRFllRXZHTlQxUHl5RUNtNTRvV3hMZW5jNHEtYXUyUG9oR3J5Vk5XakIzem1XTlMyV3JrRE1OLUN6Y3NjM1hrNHdjOFowS1c3dFZDZDhqQw?oc=5
2026-08-10 03:00,Investing.com,investing.com,Goldman Sachs initiates Standard Nuclear stock coverage with buy rating,https://news.google.com/rss/articles/CBMiywFBVV95cUxPRWMyTVpLVHZRZld4VU93ME82Q0c4Rk9ZZ1pOOV9QWkFBV25MS3p4WjdWM01VdnNWRVR6UTJtQzI5bG16S1pESTI1UUJ0ZTlqLUR4bkswa2pkN3RrOUtqQlQ1MzF3amxiLS1pQ0x2NXI0T09ISkhfa0pVbjRwVlpUSmNfVlVFN0NselBrWkVsSldPMTJabEp3R3llMTl6c3BYUFlQanpOcE9tVTU0OWpfMDB3OHFOaGdkM00xdDBhSklhUHpDSHdrellsaw?oc=5
2026-08-10 03:00,Investing.com,investing.com,Goldman Sachs upgrades Protagonist Therapeutics stock rating on drug potential,https://news.google.com/rss/articles/CBMi1AFBVV95cUxQbmNicEE1REhPSFJpM2x5R1I1MGI1c1RWRTNncGtVQzhtYjU3bGt2VlM1UHVwWi1uR2JBbDRQYWlCejVBRDkzSGJ0eFpMRmNKWjlHQlNTUjhUc2NmYk15R3hGdFFGa1FKazVpSUk4dHctUzZtY01xQlpJWjQ4T2ViVjBERVU0cHpTMUZuMVJkY1NIaHJlZ1lqZXd4T0JzT2g5Q3FhaDVEdHVwVFFLcUZ6Vy0zMUpIX2NLRE9yMmtybTlrX1FSOFdpVlJhS3loem9aZGgzSw?oc=5
2026-08-10 03:00,Investing.com,investing.com,Hedge funds buy global stocks for second week in a row: Goldman Sachs,https://news.google.com/rss/articles/CBMiygFBVV95cUxPb01qdVA5d082ZTFtRVl6N3prcVY3ZDd3YmlzM0NoTG1LeFlRRlJwUm9vNXc4RWxYc1BQS2p0OVRtbGp0eHRTb1VyTGFkaEo3b09Fb2hhdWdDRFZBb2FWOWE1dkVpbVlJTGpicV9VYmhpdEd6TmtKNFZHSUJZZkV1RVhSNGVEaWh3UlV4NXZDMmxneFFhWjVEWEszcnlBR2lSRU84NXhNTmtRblE3ZTFMdHh2WmtxNkZEMjZGNGlZbEFoWE9JRFpNOWJn?oc=5
2026-08-10 03:00,PR Newswire,prnewswire.com,NYSE Content Update: Goldman Sachs Asset Management Launches Two New ETFs,https://news.google.com/rss/articles/CBMixwFBVV95cUxQX2FPV0MyQkhsV085aHdTSGR2YTFQQWFiQkxpXzJfR25LR0dIQVFVSVVlZWhaWm5BUDh2V3RFVXM3eHVqbUgwNmRpOXdlYzNNcnNscm9LSmRvOUxKNW94SDRnZm5haFdRSTRpN1YxQlVLVzE4dmNhdG5hQVpMYjZHRGltUHpkX1BPWl9HLVF4Rzh2aDFkWmVRYllxa3VROC05MUQxTE1TRWlZWHI1VEpEZnJGM1BvQVFBQ0JZeG12c3FzYjlZdjJ3?oc=5
2026-08-10 03:00,TheStreet,thestreet.com,Goldman Sachs delivers its verdict on inflation and jobs,https://news.google.com/rss/articles/CBMilAFBVV95cUxQUXEwaFJQN0xDblVEa3ZHcHJScDV4Y3NVWTJnX3F2bFRMRHlBRGpmeS1KQjR6endRb1YzTTRfanByY21ndExheW5fQ210Wk53NW12MG1GRThMQmdXb2FaeTlubGRJU2xEd2dzY3kxX2RHVTdNNWhrRVZ3ck50cm53MnZNb0NscllXazRYcGExbHlYZ040?oc=5
2026-08-10 03:00,Yahoo Finance,uk.finance.yahoo.com,"6 brokers, including Goldman Sachs, have just raised their price targets for this FTSE 100 legend",https://news.google.com/rss/articles/CBMiigFBVV95cUxQdXhZYTBfUDJSLXJtVFpuMWdtalE2aWFyUDhaQmo2bTR1dmJGMy1yOFpMQTlYVmlMelZ2d0UwY2tlWWZqdlpsM054MGVQMnlPYkRXUTV3QVZiMmtVX2ZuOFBOZVNJdUFScUtpMEhjR0Z2Q0VEUmVaM3IwLU9FR253WFVldXlfSnItRWc?oc=5
2026-08-10 03:00,Yahoo Finance,uk.finance.yahoo.com,Goldman Sachs thinks the Barclays share price could rally to this level by summer 2027,https://news.google.com/rss/articles/CBMijAFBVV95cUxOU1l1M2pJQnZRZW81YXl3ZEpxd2kybVZ1VjNJekRNNE1VT2Rnd2ticDZkNjJPOTk5eVkzZlYycjhDY1lMY2ZhUUh6NlhzZkpMR0ZXbmNaSWZkb1BPQUtBMGtMbHJXSkJvR1gxeXFKMkJlclBYLWJrSTJDZkFwNlRRNzJSZjhrQUJwOUtKVA?oc=5
2026-08-11 03:00,Business Insider,businessinsider.com,Goldman says both the bulls and the bears are wrong about the impact of the AI capex explosion,https://news.google.com/rss/articles/CBMipAFBVV95cUxNVWdXVHZTQkxZd1VxOWdYc0p0UjZuTE1xSXltOTdKTjFoQnk0ay1mMmpvelE1TzYtaFRoNEk1UnE2c0RmR3QwOFFyOEdkY1MtNUprbFlqbnZiMEM3RklxNVpzcllvZE1XblVZb3JkajhFUHlLaEVGSmtfYXZhbXEtV3JSRWpUYTlUNkFxX1JBblJCT2RCMEdldC16QzdYSGgwV2JpMg?oc=5
2026-08-11 03:00,CNBC,cnbc.com,Goldman Sachs: Earnings season has boosted confidence in equities,https://news.google.com/rss/articles/CBMiqwFBVV95cUxPZFk2QUItaGxVS0xLWGh1Rkg3YW55ZHpoOWh2ZzcxMzQ1aHFpaXd0T054Wk5XVGQwbkd1Zkc3blZxTmNFbm9kcVJxc1dZVklITmdvN21LZmNuOGxDRlJsRHQ1OEJIaGtSRHA3LXh5MlViT3BfRXpnSmhwQWVLb1RRNXdDRFNnMHRvLWR0M3lVMkhzUkQxOUdqZmpwMC15OS1CX1cwS1VjOW1lUW8?oc=5
2026-08-11 03:00,Financial Times,ft.com,Goldman Sachs staff named as suspects in Brazil investigation,https://news.google.com/rss/articles/CBMihAFBVV95cUxNU3FJNmJoelEtaXNsZTlBUkdxMlZyUlJaTU4xLU5IRTU1SDJKb0NXUWtvZzkwam9odUdZS0o4LUotbGVuOUxmVVFvbXNjUE9NZnB3ODJBYWxoQVFqVmFZQjFqTTNfbUVqY1gxNV9vM2dPUVFUVlJKTF82Y0NtMjhLWnZWMUE?oc=5
2026-08-11 03:00,Investing.com,investing.com,Goldman Sachs initiates Autodesk stock coverage with neutral rating,https://news.google.com/rss/articles/CBMixgFBVV95cUxQRE12cjBJMmlvNEFwZVNfWHVUczFmQV9YdWVJclNkZjVqUFJWSU55YThIRzl6UEQwdHJPWVpieE9WYnNGZWpaTVU1MW1XQTZOZTEwcEJrWWtOLXFEN1l3VGJfZ0tyV180Vl8wWXhmOVNHaG45bGo4Z0ZENmUybXlsdW9JQ3J3WE95S0g2bGliLVliMlZyWENUM3JjTWF2bnFzd0d3YlNqV1F4bURmNnJ4emRIWkdIcGctU2VhUFJ6a1hURE15a1E?oc=5
2026-08-11 03:00,Investing.com,investing.com,Goldman Sachs raises alternative asset manager stock outlook on fee growth,https://news.google.com/rss/articles/CBMi0gFBVV95cUxQV0FOTHVPelFXbU5oS1U2VHZwTURCLXJrSFYwaTlmaXlGdXBoN0lLZjEzbGE2b0htN3d2aFdYN2pfUUFjbkxWejhkN1pmczQ1ZUQwR1dLRlpsRnVsS21mOUhGbEVUajM0bW1FazFVNWNDUFB1eUlYVVRfNFRTRGxYWExHWFh0a2M2RHVVV3M1bHRXX3RWSk1MSXkwQjZOYmE2YmZBa05YMTRSdS1nZGxPbXcxY0NzN193eEhQS3lnSGRaWFd4S2dEdDAzOHV0aDhNS2c?oc=5
2026-08-11 03:00,Investing.com,investing.com,Goldman Sachs warns AI investment may be crowding out other business spending By Investing.com,https://news.google.com/rss/articles/CBMizwFBVV95cUxNdFVUTTlXTllxbnlzeHFXNzhKYjhoazEyaTgyOHpyUjNNd2tRZXBJa2R6ZXlZU2VmOFZyLUJnZHJ2WGh2SXB0dVlXaDBSdzh1THpFRlZVZHk1dTlGMFVCSGJxeHF4THBlak14d0pHQ2VZUldoQ0hxb1BSRkZQaHotMXFKWS1Yd2xsVGpBel9ObTl1UDBENURRQ3NDNi01NWtSYlRJWkxHZFBqc2xOYmEzTUJoM2hQTG9tVGszWmRURXpjSkxDYWRiWW1kOU5VbUE?oc=5
2026-08-11 03:00,Reuters,reuters.com,Brazilian police accuse Goldman executives of fraud over Oncoclinicas tender offer,https://news.google.com/rss/articles/CBMizAFBVV95cUxNSHlQUEFrQ1BFRzZZLW81SURTbXdCZHRHSmZkYzFwellLRlhad0F4Umo1SlVUTjJxZWpnSlo0dldQN0tWUEw2US1GYjRXanNTbGJTemR6d19TMUNackxWMGltTGhwNVFWdzVDNDdkWUFaa1F3TDh0Q2RyQTBEQTM2aTRncW1KRkI2NU0xbXBYMTBMd0JWOHJ6M2tFdnRIbzUwSWFhT2xySnJiOU9YWVZRN0dfOVZCckd4aUZibXVEWDhsaGROLTIzbmd5VGM?oc=5
2026-08-11 03:00,Seeking Alpha,seekingalpha.com,Autodesk in focus as Goldman Sachs starts with Neutral rating (ADSK:NASDAQ),https://news.google.com/rss/articles/CBMioAFBVV95cUxQeUxpODdDeDRIU0xQSnZEOEM2NjF1RVRvemk4RXJlMnE3azFkaW96Qjl1X3cydE1waElJU0NjVlpGWmd4WjZ0M29DQ1k3Wk5rWG94NmZQMTVLenNTYWRzQjEwd3dBT1RPZEQ5WVZqWmwydXNyUUoyVHQtVzhYcVBscjc3cFdrQ0hzQ05FZm5SYWxCWnF1NGlHalpCVmFtZWY2?oc=5
2026-08-11 03:00,TheStreet,thestreet.com,Goldman Sachs just answered the biggest question about AI,https://news.google.com/rss/articles/CBMioAFBVV95cUxNa2w0bXg2WEUtaUZhMURXZENmaFVreHdWdlFtU0xVZkdIRGIyZldBMlJKRVkxeFg2SjAzRzBNVGVld21TNU12UGNpZEJ4STMtMlVyeGN3NDNkVGFOOTItWDFjbW1jTUF4bEdVTEpVd3VHYllMdm45SjZxeGJDTWw4T2kyaTNOWGxQWkpWN255cENDTndiS2ZKYThxeVdNNUZx?oc=5
2026-08-11 03:00,Yahoo Finance,finance.yahoo.com,Goldman Sachs (GS) Stock May Be A Bargain On Earnings But Fairly Valued Overall,https://news.google.com/rss/articles/CBMilgFBVV95cUxQbGVrZndJWG1fOHppSzEtUHpYTFk0NXRzcDh1NTExVXg3dDFzUnBEMEpmWXNuaXhVa09CUlFDNnl6dGtPTTdoQWFVQ1ZHdU50RXZyX3YzV3UteURFWXNTVmNYbFlHMzlNS3hhS0h5QjkwX1kyeFRIcEQ1MlBUQmUwNzR0QUZsbV9oWEtQQ3I1MllRQlpFWlE?oc=5
2026-08-11 03:00,Yahoo Finance,finance.yahoo.com,Goldman's M&A Leadership Bodes Well: Should You Buy GS Stock Now?,https://news.google.com/rss/articles/CBMingFBVV95cUxPMHQ3SXc5ck5DQW8tOTVDelJDMEtGZjRTVi0yYkF1cEJ3azVhb3laRWwyV0VKTVFzZFlyb2gzdnFpQ0xDQkhTXzRBX29idkN5T1pNUkZ1UUVKS0VyX1FnVnlfeEJyUEFabldpTHNWNzdmLUhDY1V0ME5LNXFhWGdEbkZuZDRNNzhqOVJkMjhpdVVrQmpZYlNCc1pLdlk5QQ?oc=5
2026-08-11 03:00,Yahoo Finance,finance.yahoo.com,Jim Cramer Recommends Goldman Sachs and Morgan Stanley to Profit From Accelerating M&A Deals,https://news.google.com/rss/articles/CBMiogFBVV95cUxNdElzNFY0VXpfZzBpSFlvSks0M0FnczZ4c0x0WVpuTnFwM3pMX0l2aU9hdTFFTEZteDcwTFFLSENVZWhoVVdXLWdzbjJYVEt0Nl9HaWJFSTRUQnhiaWZpT1VDYlF1ck40bDBNRlpCQWZkeHZoRXptaWJUMjZrQjdWcDJlVE5OMmxkVFVyUzc0eEtwaWdDeHZQRVhaQ1I2akJyeEE?oc=5
2026-08-11 03:00,Yahoo Finance,finance.yahoo.com,"SpaceX Stock Could Reach $600, According to Morgan Stanley. Here’s How.",https://news.google.com/rss/articles/CBMimAFBVV95cUxOR2tPRkU4MTFJMU82UDhqcG8tUkxGdlhTTjhDMHpXSmhZd0xNekN4am15LXR0bzFnSEFvaF9xdi0tbjVaSVRxQ05KT0VtZnBuYnd4ZVBKQTd2VjJpNUZPaU5PQzI3YTNfWnNGbW5MeEh0X0xmclFwRUNQUTBYT3dtbTRQUkl0aE9qdkh6RjdzdDJ2OG5Ja2pueQ?oc=5
2026-08-11 03:00,Yahoo Finance,finance.yahoo.com,The Bull Case For Goldman Sachs Group (GS) Could Change Following NVIDIA’s $500B AI Compute Financing Push,https://news.google.com/rss/articles/CBMimgFBVV95cUxOMm11OU92WDBhMGxDcS1ZWnFYOERrSzlQNDBiTDI3bjF0MWZmR0JKSV9jM3RUS2VVaWpzS0hQX1pDeDVfRU0ycW1rWV9EbU1GNmo2bTlzRVFLZ0Z5MWRfMmxiQWp3TzdWMFh1ZWw4TWp0Rkl5VXlsVjQ0ZlZydUFVYlJRNG5sb1FiRlpKU0tRRU9LN1dGbjYyekpn?oc=5
2026-08-12 03:00,Bloomberg,bloomberg.com,Goldman Sachs to Acquire ETF Provider Neos in $2.3 Billion Deal,https://news.google.com/rss/articles/CBMiswFBVV95cUxObGJEVWdLcnpzZTVJY3loVWdadElmWEVIOFU1b1BEREFFb0hLd3gyb1VyTDdXMFdKRERlb3BEZUh5UFRNT1ViUzdIbVVNUWtwdnhTSkExcDFkc0MtX2hCNFhPWVZBSU9VSldzU3hqbmlGcy1ZZUFNc1FEdFk1dEJfeThtLXZ6N1lxYmJvczB5clM4ZE1VV25JcHZHdmltVlRIbTBnajZWTGF6d1J0WjEtbXRmYw?oc=5
2026-08-12 03:00,Financial Times,ft.com,Goldman Sachs to acquire ETF provider Neos for up to $2.3bn,https://news.google.com/rss/articles/CBMihAFBVV95cUxOdzJOaFVKWngwYlMtYUxVM01vYTZqdkt3NVFSLVdJWTlYMjdSaW96TEZFSkRRaEVacTFQcEVjSjkxUTZyTUtCcVY0ZXYyN29HNXhCR3RCcmN2blRKam1MVXpyWGMxTUhoMDBwRUZNMWJCUWxUSGhwSWVCZnhVaU12Z2dVN1Q?oc=5
2026-08-12 03:00,Fortune,fortune.com,Sam Altman says working at Goldman Sachs 'sounds unbelievably terrible now' and turned down an offer,https://news.google.com/rss/articles/CBMicEFVX3lxTE15TjJaMmgzZXBCTko2T1JOSGkzdkxfelBjMWdMeFhsT25sQVFQT2lJSlpJaHFSbHl6MEMzRE5pdVNaTG1yUlZFNnAzelJ2Q3hEU2xhZ2pxaWVuZ0dMSHNIQkF3d1J6Z01NYkQ2ckpxcm4?oc=5
2026-08-12 03:00,Investing.com,investing.com,Goldman Sachs lowers MYR Group stock price target to $422 on valuation,https://news.google.com/rss/articles/CBMiyAFBVV95cUxQSDl0TE5xZFV4MVVvakNqUmlUejk3eXRibFdQNHVfaVZXLWJHaTRVUHNob3ppVkZQaVZZeGZRbVpwLW9WVUlaeDFpYXlRdXJVVXNwZmF2bTlTMVJVaVp6SWpPUG9ocXU5SS1nR1hjeGlmU2E5UF9Jb0dpa1RTRkNZNWRtY095UENoMERvTjRuYlc3SWtZRmZvQnNUWEJhRmVaSmxCQTBsNjRzaEdnSmZuQ3hxdjNMc2NwXzlYLWJ5VEd4Wm5rWk5QMg?oc=5
2026-08-12 03:00,Investing.com,investing.com,Goldman Sachs raises Marvell stock price target on datacenter growth,https://news.google.com/rss/articles/CBMixwFBVV95cUxNQm9EY0VyaGxlbWlLQWRGZGNLeW9ONW52WEx6My1nRTJKLXFwcVFJV25PWFJRUnJuRzFUbEFMVklOZ0QtMk9WdEN5Uk1oZUtyai0wVmhBa3NpY3JUWWVJM2NRVFFOcERiRl9VUnBLSWhDc3VrZXJ2NlhseWVXbUF3YUJYZ0RHRmpnQXo1bXZtYWNHcWFuTmdicWI4TFlUamVaaThwNWR6T2tuSXRYSDBDVzNxMHBidkptUEVWMjJ1c0psdG1JN1Nn?oc=5
2026-08-12 03:00,Investing.com,investing.com,Goldman Sachs to acquire Neos for up to $2.25b cash and stock,https://news.google.com/rss/articles/CBMitwFBVV95cUxPaTRUdUEzSGtCbl9Ca1JSQWJIXzdwWFg0Z1Q5bnV1Q08wYWpOTUlRQ1dCS0daQVE4U2VfMTBHSEhKZVp6ak1jTWtRNXc4VnV5UG03YUs1QmpvOUpwbllwRkxKb0QxYjJwaE5JcmFJcmswejBpaUZRODRMU3Bfc3Znc1o2bTJCSnYxTEphOEFPTU1jQm5JZnREUjdsbkt6blUzaTlSaHdXWF9jX0wzVmtzaWxEODNXd28?oc=5
2026-08-12 03:00,Investing.com,investing.com,Goldman Sachs upgrades Clariant stock on catalyst demand outlook,https://news.google.com/rss/articles/CBMiwgFBVV95cUxQNGp4cHdoaExJVFhIS00wc0JFUm5BenZ5RXhiUm9TWktPNU4zb3g5UGdxMkVDNzRrOXh3NnBLU0VLeGJCUjl4Qm9IQXoyVzNqTEpfODdNQUZUVE1JYUZiUlVHTHJLTXgxeDF4Zm9xMXZXa2UwY1FaSG9yMC1jNlJ1UzZfOTlpeUFxcWFWWmFPWF9UUlIxdEU1ZnZPM2RiWlJnNG90Z1oxVGlZNVBaYWh4cHB4NFVGZ3NhbjZFc0hzVURkdw?oc=5
2026-08-12 03:00,Reuters,reuters.com,Goldman doubles down on active ETFs with $2.3 billion Neos deal,https://news.google.com/rss/articles/CBMinAFBVV95cUxQNld0SUlYR0RFZHBWempqbXJwcUpjakROVXhsX1lubnRpVm1JclFsTkZIalRZSGNmXzBweGVsTkxpZV9UUkRSZzgxQld4OWRhSzhVclRPZzdSRXB2Q2o0Z1JQODV4YmZGQjdxWWpGeWRCNzNZVEdMSDAzV2hiazVFWld2THRzUDdSWjVLQWpNSk1DZnhRUFBiUXp1VUM?oc=5
2026-08-12 03:00,Seeking Alpha,seekingalpha.com,Goldman Sachs to buy options-based ETF provider NEOS for up to $2.25B (GS:NYSE),https://news.google.com/rss/articles/CBMiqAFBVV95cUxNbWZHNlhHUWY5WmpMenV4TVlaYTZtbXRQa01KTEJBNnZiRzNZTDNrZlJHOFFZN09KYy1sWkhTNVZXU2IwMkdmbmFVTF9xTjlfeUxNSkhDSHJfamdOaUIwYkRkc2JqUlc0R19vVmlJQUl2YzFUNGxTYjBuR2tnalJvOGtLZFFfNVk2bm9kalVkTlNSM3NZWGU0S1E5WkpwNFI5SmdMUFFMOUE?oc=5
2026-08-12 03:00,Yahoo Finance,finance.yahoo.com,Goldman Sachs (GS) Agrees $2.25 Billion ETF Acquisition,https://news.google.com/rss/articles/CBMilgFBVV95cUxPYV8xRFBCeERFQThkaDl0aXFEVDhseEdaVDBwNVNVMk52Vk45dkNwcXliOXNUR1FBdHhjZlhubmZUR0QxcmhDUTJneHg4Y2d2UHZNWkNLMmxaUzV0Wl9WdkxPQzhKVVBBZ0FnX1B0LXJRd2VldVNSeTc3Y0N3R2hHY3QxTkI3OXg2N21nMTVBY3Y3SEd3WVE?oc=5
2026-08-12 03:00,Yahoo Finance,finance.yahoo.com,Goldman Sachs Stock Rises After $2.25 Billion ETF Deal,https://news.google.com/rss/articles/CBMilwFBVV95cUxNaHRUbWJDMlhUbUZ0OW81WWhVN3BScjJ1Mm42YzdtdENYaEVYZmRZZjBQcGdvdTh5dFhyVE8xZG1raWFmT1VENk5kcjlwWk5PY1dLc3BhRG5maVBCWFJSdUtZNHZmT0VtZXNDVFJpcEwxcnNhYkZpTFNqVGZvUnFhNXBwb0NidndaV0Jjb2NleGxveVpXNWFN?oc=5
2026-08-12 03:00,Yahoo Finance,finance.yahoo.com,Goldman Sachs to acquire Neos Investments in deal worth up to $2.25 billion,https://news.google.com/rss/articles/CBMipgFBVV95cUxNcV84MGJpTnplQ1pHYUpJWnlwMm5aYWttYXI4REJkZWtoNW5LSDZ4VFI5N1EzREhDWnNTWmtUd1BsWmU0QWt2T1VJb205SG5DclhvS0dpa25lY3FYdVJUNjg1ZzlacEFqTk5WYlhnU0N0bXNtSVpjcXVadHBGcF9aZWNPQjliM2RCVzV0Z2xNckt6SDh0dGkyMUs3LTh6QzRlRldweUpB?oc=5
2026-08-12 03:00,Yahoo Finance,finance.yahoo.com,"SPCX, ASTS, RKLB And FLY On Watch: Goldman Sachs Sees $1.8 Trillion Space Economy And Rising M&A Wave",https://news.google.com/rss/articles/CBMikwFBVV95cUxQVHFIekhwcm1hanZQQnctdUdEcXg5YzhVYmhTc3hhS1FvemhfUUx5cUhEUXptN3BuU1Jid01adkZrOHNnVTVRUDAzTWhLemd2amhYN1Q0ajhjeXlTUkIxeU80TjJHVHU3eU1xanR2YmlheGhSN0pwakMybzk3aWNtU1hIaGk0UzBqajFmYWlfYkhBaVE?oc=5
2026-08-13 03:00,Reuters,reuters.com,Breakingviews - COMMENTARY: Goldman Sachs pays up for downside protection,https://news.google.com/rss/articles/CBMipAFBVV95cUxPUFB4S3FWUmN0VW5sR08wV2x5RWpoMHRvZmM3SDc1cVFNQThMeGV4V3lWQ3g1U3M0OW9BekhYYV9HSVl2SmZYeGZZUTZ5aEtrRDFSTGFWRmdPSl8weXpBMVFtVDByYkZLd1Jpa2JyZ2NVOUdTTjJOclc2bFZ5OE9OLTNtZnhwYldQZ0NMSnJMaDgtMExMS1JjSVdyQXIwaFhPeDlhcg?oc=5
2026-08-13 03:00,Yahoo Finance,finance.yahoo.com,Goldman Sachs Expands Bitcoin Push With $2.25B Asset Manager Deal,https://news.google.com/rss/articles/CBMioAFBVV95cUxQQWdya2RUVWxWcnBjb1hPYkZtX0Y0WGNDRlA4Y2c4WEZFcl9FZFh6Z3lLdXRKalgwRk1XNkVOemhCSGRMbXItU2M1Z20wb1VnVHR4bnhIVVNWTGtBWEIwNFNNZVAwb1NTdW44WnBqNmdkblF6SU5JQkliaGFqZUQ0eG5uY2d2OEp4amZSMUdad2JQLXpWeWNTZGtVQThmSUw0?oc=5
2026-08-13 03:00,Yahoo Finance,finance.yahoo.com,Goldman Sachs Makes $2.25B Crypto Power Move With Bitcoin and Ethereum ETF Deal,https://news.google.com/rss/articles/CBMilAFBVV95cUxNM3dUbG1jUVJyTDBkb05nYzN5OFpQS3BIMVFsN0ZrSl8zVXBxLTJOcEZPeWtsU243TDIxbVI1RDZvRWZoZWo5M2xCbHcyQzhocWRtZmU0X1o0TFYtT2h0cEo1NGw1aXZpRGR4czU3bmgyWmxHaFBpZThWZVBPMTdHLU40WjhvUlFNcWxHd2FXU2JMejJR?oc=5
2026-08-13 03:00,Yahoo Finance,finance.yahoo.com,Nvidia Rallies 7% as Goldman Warns Earnings Bar Is High,https://news.google.com/rss/articles/CBMimwFBVV95cUxOd1REOWZZbGdZaTNKUnU4dVczQmtzY2pGeER5U2UxSURZTzVBU1VZRmxRazd6TTdITkNLM2E3cjJHaTNBR0d6Y1hSOVNrbkQ0RHdiRC0tWXA4VkhaeGQyOXZyU056bFdMMDJTTXhsaDFmQ1lna1BmanFIUG5vOFJjQVRhY2VZaHJnUGVNOTlYUlBETVFsZW5DOFhTWQ?oc=5
2026-08-13 03:00,Yahoo Finance,finance.yahoo.com,Wall Street sends strong signal to Nvidia stock investors,https://news.google.com/rss/articles/CBMinAFBVV95cUxNS0hSU2VMNFFfRll5dTNEbFVTM19jQllVSVV5NzRTal9aenBLWk9aUlVlWmhiWm5ZaFMydF9ZVG9NTFpFOTFqQWV4dHNtNExsRmVZMUN5YVVNMWNoa3VQU05VdnBMSXdhUl9UdTA4cnNCUmluY2tfMFlPd3haSFBlN0VvdDNlVWRLNC1JZzRFOHNZRE9fM1FsSXlDOHo?oc=5
2026-08-13 03:00,Yahoo Finance,finance.yahoo.com,Why Is Goldman (GS) Down 10% Since Last Earnings Report?,https://news.google.com/rss/articles/CBMikAFBVV95cUxNS3lpWFhrLXctYjcyNGpRRmx1aFl1OWJHWDg4cTFwNXRfX0tjUXpPbW5Qa1I4eUZXdnhSTnhKZVdPUnlIdlFQQWtYVEk3YWIyYUdVYnhCYXdGTjYxV2dDTzgtT2JJNG5IM0FhMVV5SEVmOFNza3BKOW9JRGVBZE0xeXVEZ2N4eW5ydmtxUkIyNTI?oc=5
2026-08-14 03:00,CNBC,cnbc.com,"High-income tourism is 'off the charts,' says Goldman Sachs' Lizzie Dove",https://news.google.com/rss/articles/CBMisAFBVV95cUxQcENqZFU3elZ5SDlkNEFxQzYzcHAtdUVUcnBPLVJiTmNib1RITHpTaU95T2ZKaDRuWkRud0JYb2pDclpzZHlfdmZMaXppQWp5UWxaTER2UHFoNjRfMjE1Q1Jkd3Bydmx5bmZDdThPX1hCS0p4MVRJODBjNENIdjlmalJlRHJKMjhBZUtHN2F1N3FNTmRIRzlzV0tNZXVxbU9oV2ptODhJRnRMcUpWUVNQcA?oc=5
2026-08-14 03:00,Reuters,reuters.com,"Goldman in talks with investors on Nvidia financing deal after landing prized role, sources say",https://news.google.com/rss/articles/CBMizAFBVV95cUxQTGtpQWFuNVlwSS1yTW93a3R0WXBqa1UtVDIweVVzNnZQUG03d1lhRTJtWjJ6ODdYQ3ItX0pwRzN0Z0hSdndlbXh4a1c5dDBhTzRLYnh5NHVzSDB1dHJPQUtqMGxmOUFsZjNuRUtDRFFMQ0tSX2R2RXFlRTZKOHFKb0JGSml5emJXblRFZ01xS05FWG5wa0RWLWFjTnFmTk5GN1lwdFhfWWItYkEyREhWZ1lQaU9IenJ2OVlTR2lWclJ6UkF6S0c2d3hmX00?oc=5
2026-08-14 03:00,Seeking Alpha,seekingalpha.com,What The Goldman Deal Changes For The NEOS Funds (NASDAQ:QQQI),https://news.google.com/rss/articles/CBMikwFBVV95cUxOMkNaSkxGMkc3Zlkxc0QzbzJBV3dyU2tSeEttMmwxbGdGazFnNk1KQ2tXUVUtd1FVVGhBd01nM3hVU2trRWNkUTBIWXpRNnd1QTJ1clQ0LWFDTC1feTBkYkVwcV96NW1yeXBVWVBoMmFzUlg0emNEX1ZGd3ozV1huWkl1dF9hV0VBcFFNNHVrbzdVdkU?oc=5
2026-08-14 03:00,Yahoo Finance,finance.yahoo.com,Market Chatter: Goldman Sachs Courting Investors for Nvidia AI Financing Deal,https://news.google.com/rss/articles/CBMiowFBVV95cUxOYmw2eTlldjk3djNldmJZLUxpcmVoblJCNk4yS2x1X2lGR251S1Vva1hpdDlXUXJMbm00Y0FjMDh5VDNxTTFwUzZaYTlYMkVsaU9jSklaTTVtQU1raWV6RkRmOWVoX1ExYm51TllDSXBWd0pickw0dVpxRnJfMGdxQ3loV0t5Y3VPRnFQSzRKTjk0VFFKTk53c1NCeEtPa2F2dUtn?oc=5
2026-08-15 03:00,Yahoo Finance,finance.yahoo.com,Goldman Sachs Sees $1.4 Trillion Buyback Wave Outpacing U.S. Equity Supply in 2026,https://news.google.com/rss/articles/CBMikAFBVV95cUxNZDlvazhlZXRFZkxZU3JMcU96NnV2dENwaUNVSXFCT0NJQ3RlQjVwYWRqOHFrSE1Eb1c3bXNyM1ZTd250LW5nTTRPRHRQVVp6OXdmTlZjNG0zdTJYMTF2a1d4bGdvYnhaeVo5LTNPaWFzaUprRUpMQnRFLXFrZjZkVjA3YXB6RTFoSVlmWkFVRHE?oc=5
2026-08-16 03:00,CNBC,cnbc.com,Secret outperformer: Dispelling the 'myths' about an unloved stock market,https://news.google.com/rss/articles/CBMifEFVX3lxTE1faXRLdmNlRWlxS2VlY2lpaERuUUhaQ3VRS1UyZlA5RGg1eGFtUm9BcEsyd0xRMTRkc1lHRGhFSW9uX2dLZmlNRFg5ZkhYTXZ3a3oxVkZKYXBEejk4REIzWl9SbHNWbkt4QUxBTW9qZ0lnOENtQ0UxbFNVUGLSAYIBQVVfeXFMUExRZUdpemdOR2UxUWZGUW5WYzU1dUFCUHhoQlNUVk5ZVE1uUmxvQTFiNTNaVTVGd2lueHZXOTJYVXY1MnRyOVo0SE14LTAtMHRuUlVxTGNUNUV5TC1JbzlscXdyb2tiMFpMQ0lndlRiWkJOb1pESHFtb3dyci00d29aZw?oc=5
2026-08-16 03:00,Yahoo Finance,finance.yahoo.com,"Goldman Sachs Builds $75M Bet Across CAPR, SLS And IBRX As Major Catalysts Loom",https://news.google.com/rss/articles/CBMikwFBVV95cUxQS0d3NEtuZ0V5bWlTZDBXWURmbDNPbHYzUlJSYW1ibllBZ2dwQlczajJnakx2X3dtakxDOXk5eUVPY2lLWlVBeS00cFBRVVBMSGpEbEhYZG5yMkF2QVZwN0RwTGg4ai1sMzhjcVlET0lycmRYaTRjZENoZF93WlptMDdtQkc0aUJfV1dsLTZVa3ZNN28?oc=5
2026-08-17 03:00,Business Insider,businessinsider.com,Goldman Sachs warns that a consumer slowdown could soon hit the economy as tax refunds dry up,https://news.google.com/rss/articles/CBMilAFBVV95cUxPVzZNT0w2VW15aW5hZ09iOGRKTVVGNVFuZzBTNzJ1MnR5dVdsTVpMak85Qzd2SGhnTVNKeWJIQnBRT0ZtM0xMOXBHVE9pdUZkd0RZcHUteXhRQkRqTlFmcV85akVlMmZFQ055eFNvOHU2Q1o5d0dvV0FZT3c1cDNGRUlOaU1KMExRV3llcWd2bmZqdHE0?oc=5
2026-08-17 03:00,Investing.com,investing.com,Goldman Sachs initiates Onto Innovation stock coverage with buy rating,https://news.google.com/rss/articles/CBMiygFBVV95cUxPMXZjRk1oekFFT1hoYndadEo1V08wblNEV05ERE9lNXNaMUJ2Ri1SNGJuNjM5YWtLbVEwYURWMlp3X1Z6LS1ia3pxVHF4cDN3Sm56eWVKbVVIUWdpN29jNWpLWXFfay1aR1NXaGE3aV8yTjhET0NOODFwelVpQmpETE5XMk0yZmdiWDZXMU0tM1VBcXR2UDhKUjdUV08wVFk3V3FXZXFReXR1cUs4aUd2RjN4UGZCYlgzdExlSEdDRzNJSFpkcnhRcEtn?oc=5
2026-08-17 03:00,MarketWatch,marketwatch.com,The AI productivity payoff is coming. Here are 20 stocks primed to capture the gains as adoption spreads.,https://news.google.com/rss/articles/CBMi3wFBVV95cUxPdFVLazlzX1NtOFpMY0toT3YxZUVqTXIwRVFrMVl6aW5BOXluYk9DX3lERmpQTVIxWEd0VEFlSmplcHNBeVI3c21RS25IRHpIVzdFdEJRUm1HTmhoTUNFQldwUlNkdnJYVk92S2RyeFljYnBHdy1veGlLTWRXQVhfSlM0Z2NnQmI1alk5UzN4eWo0MTNWcXB3YmhpTmcyRmxYSXVoNW9yZWJaTmNsdEtqa1VKYVlITXREeDFWUVd0SVpQV1RwV0lHaWxJanhrM2RDZW1jQ0NZcHdlN3dSS0Nv?oc=5
2026-08-17 03:00,Seeking Alpha,seekingalpha.com,Companies that could see the biggest AI productivity benefits - Goldman,https://news.google.com/rss/articles/CBMirgFBVV95cUxORDdUbzFiN09qVkc0YzF6UVZrV003YUJ0WjZvTlNNNldEMnd3NkswSkRiWkl4em5rdlNjWDZtNGxOTjE1V0E0aTNDeXB4UjRrM3J3QVJBNlpIeFMzMWFRc054aWdadDlRSGgzT2pDSDAwdmpUWjhpTkdFam1QcGdhQVQ0YThvWHVBcUdsTk5OcEJBQkN2NUpxMkpwZHZ2UkdDaHhTTjkxN0laVmhQWnc?oc=5
2026-08-17 03:00,Yahoo Finance,finance.yahoo.com,Goldman Sachs Flags Major Shift Across S&P 500,https://news.google.com/rss/articles/CBMimwFBVV95cUxPQUxWWWV0YmEtcjFhRlo3bGFxNm1ZYUxDU21oV2RIcWdJamt5MmQxSFp2NUlGUFZYRnd5WWRfZ2hKNVIyY1ZTSzRBVW1kMGNiTEx1LUlMMnFZREU0cVozcms5M0N4RDNSNjh2MGpfNjE1STVHd1BWNzF1WUtMalIwSjRpZVU1M3hlSmtaT19OM2h0aGh4OGFnWUFadw?oc=5
2026-08-17 03:00,Yahoo Finance,finance.yahoo.com,Goldman Sachs warns of consumer spending slowdown as tax refund boost fades,https://news.google.com/rss/articles/CBMizAFBVV95cUxPTWktNmhtTnVQSi1HME0yaUtPalNOZ1dtMkZGZXZ3N0lha0U2Rm45SlFveVBBZFpOLWFwVkMxdmR2RmsyaTFuNXBzTk13R1htb3hla2NVNnd5QUtfSjdTNTM5TnlObnVyZGE0X0h3N2sxaUVNRXBNaEVRa3Z4TGhSUnp5TXg4VFZpT0hRZlpFWDJpRkZnTUpreDRRekNGUzlKNXlHSFNPVzRLaU9GVUwzWnh2WWFMQl9XN3FZay1HaUpoREQ3TmwxczVWYjg?oc=5
2026-08-17 03:00,Yahoo Finance,finance.yahoo.com,"McGraw Hill, Inc. to Participate in an Investor Call Hosted by Goldman Sachs",https://news.google.com/rss/articles/CBMiogFBVV95cUxNVmpDTnlDMl81Q3JKcVVTWW41c2c1czlKdFZEVkREWFFuVXBRSkhYTHRyakctREY2U0NpaElBdnItdTdLX24weUstSTY4S1ZBbzZmLVhiWXp5X2V0b3dZY29pNExTRm5nT2ljTjNyN3Jla3JmZk5QMVU1X1FhcnctQnNGdlUzWGJySV9CWmQ3VXpfcUw3TlBvSmN5eXo5SklBVGc?oc=5
2026-08-17 03:00,Yahoo Finance,finance.yahoo.com,Odds of Fed Rate Hike This Year Fall as Goldman Sachs Warns Against Hawkish Bets,https://news.google.com/rss/articles/CBMikgFBVV95cUxOMFBMYjM0SnNhNnhEU2lfQk5lSGwwTWF2a2R2WE5kRGJURVcyV1ZBbGY2bXhKbVFHWC14dEVZSTRXWEhOU1RPTnl5SWg1VEpzTjRJT1RNUzhidEV0Nl95Ty13UzZoZFVXVXFNU0RLNUV2ZjZzTFN3R0hNU2IxVTVTYUMzRFZ3ZXJLR3A2d3ZoU3VNdw?oc=5
2026-08-17 03:00,Yahoo Finance,finance.yahoo.com,Should Goldman Sachs ActiveBeta U.S. Small Cap Equity ETF (GSSC) Be on Your Investing Radar?,https://news.google.com/rss/articles/CBMingFBVV95cUxQblVFdG1GSFR4UkFRWlZ3eWRFcGZqUUFDQXNDUVFGdUFUR2pxMWFod1Q0WmJXaGg4SGNrUnU5RjRzR3RNOFI0SVlXTGJDUWwxMUI5Y3VrajE0Q2x3eEtoWmZ0VEFKSzJyWmxhNnBpdUdFejgteVc3Z29halFlQ2Q2TnNSSjFUdm1Vd1RBZG9zckpoZC1jelk3YVFfNUNOdw?oc=5
2026-08-17 03:00,Yahoo Finance,finance.yahoo.com,The Goldman Sachs Group (GS)’s CEO Says He Has “a Deep Belief” in NVIDIA Corporation (NVDA). Reuters Compares the Deal to Auto Loans,https://news.google.com/rss/articles/CBMilgFBVV95cUxQVnZpOUZPTWJLY3RVV3RqalEzYzdxakRlVXlUbFAzYnBqZUMwYXJMekIwVi1QYUF5WndQTnE4NmdGR1hUZU42cTNlVTYxOEFjcXZMdERHc1BFVU1HcHZGclNjV2VyQ1BPOUx4NFlwRkNJR1F0T0g1VEVaS1ptSk9LTGxGNWpNRFdQZGozYTg3OWpUX05Rcnc?oc=5
2026-08-18 03:00,Reuters,reuters.com,Goldman Sachs to buy LCN Capital Partners in up to $410 million deal,https://news.google.com/rss/articles/CBMitAFBVV95cUxQNlpkMTJLQWlXYllKaHR0anJKY3Z1S0psVW94azcwR19TY1dYelBfSnNNTERYS2JLbDRKdUN3clAzNUYxUElFYzROb2VWV2EycDBjb3pSdWZnTkdFZDE1UUZERC13dVJSWE4zdU5vQkdzWjg0RFUwVjBzOWdvaFYzYkRhUmpjN2JGNk9TVFVzS2ZrRW5IRG91WDlZb01EZG5mbEFJck81cXRaRnkxdUlQelRxZ2M?oc=5
2026-08-18 03:00,Seeking Alpha,seekingalpha.com,Goldman Sachs to acquire sale-leaseback firm LCN Capital Partners (GS:NYSE),https://news.google.com/rss/articles/CBMipgFBVV95cUxQWDVzWVNCYlZjdDFlS3NQdXdBblhxWlNtYjl0LUNrU0dvZlkyNEdMbU5zcXNsbUFfaHF1NjlmMlZCamxvcG9STEUzaWJENDdSX0pyRzdnVUVtRzc0QXl0VkZUUWpzRW0zXzRNVmtXaElXS2tTTDdVUWpTWDN3SV9PRDRBakRuS0dWQUl0X0dWMW1NNWFVRWxScDI3X3R6Y0t4bmVfZVJ3?oc=5
2026-08-18 03:00,TheStreet,thestreet.com,Goldman Sachs sees an upside in a new industry,https://news.google.com/rss/articles/CBMihwFBVV95cUxNelBxdTl4QlpycV9lWWNHTmtReFVoZ3JLOFpUWHhiU3pwZnRlOUhTXzJYQ3pMVXVnbExjNHVhdE9rdFJNZUFndWp1MjF3dE9qMkZhZFUyU0V4anFxaVJkTEJQSlhWSW9jVzFYbXo3Z05YaEgxLUc3N3pfTVE3M0NNSXZIU2RlTUk?oc=5
2026-08-18 03:00,Yahoo Finance,finance.yahoo.com,Old Dominion Freight Line (ODFL) On Goldman Sachs Target Lift And A Valuation Question,https://news.google.com/rss/articles/CBMimwFBVV95cUxOMjg0RHB3SkpzNlc4Y3FHX1VWVnlScTFScWtsdnNsUjBzcWwteGFSdmpUbmxRZFhrOWJxSlk0VlM3dVJ3VGdEWElrQ1AxeVdBbno2RnYxSDhVaDVQamN1blRCSzJpa3NCVXZodlEydW1oa0p3RTlTQzFFLWJQWkhMSEZFRmpQcFdGRkNrNzM3RDhSSHExWDlWcDViUQ?oc=5
2026-08-18 03:00,Yahoo Finance,finance.yahoo.com,"Zacks.com featured highlights include Centene, Tenet Healthcare, Fortinet, Unity Software and Goldman Sachs",https://news.google.com/rss/articles/CBMipAFBVV95cUxNZ2VKdnJ3bmQ4WV9uUWFoWkZuWk5qVjh1VVA1TE1ZQllIRG15Q0FmVWlUbkVKNE9wVEFBZlRsa1FCblNMcUdpekRHN0FSM1N1YkZYeWVtdlVDdDhiZEJGM0VHZEcwektnMVJKWTMwT3B0dXNlb3VleTNSOC1YSnlkbXVMTWR0TXdMTjJleEtTVl9vNlowenVPeWRyRVhUVFRvLUxCVw?oc=5
2026-08-19 03:00,Bloomberg,bloomberg.com,Goldman Sounds Out Investors for CoreWeave-Tied Data Center Bond,https://news.google.com/rss/articles/CBMitgFBVV95cUxOTmNnTTV0eVIzRDRYRXY2R1gzVGhBQnJhMU9wZndrREdWM251MEVnVWUxRXB5LXpBYzM5dTEtMGJDQTZlM0VOZTZqUXF4Qm9pVjNzcFRDWHdLanMyUkNiMVplcXlQamNDOVFXVG9qMm9ER3VwQUNud04xcWxKaXdyNEhkNkQxNHB0T0hsUmE0SDR6c3ZNcEU3Sm1qVGFfMEhpSnNsa0pYRUthU0hzUXpHSXItMUxBUQ?oc=5
2026-08-19 03:00,CNBC,cnbc.com,Goldman Sachs' Kate McShane talk why she still likes Walmart over Target,https://news.google.com/rss/articles/CBMiswFBVV95cUxPVnU4N2JyV2hRaTF2Tm1JbUY1RkNESC01RzlVWVpKRE9fTGRPSnVrVThYZmotUDg5bGVWMFFuakNCaHBNd1pzcXhITG5zaGloQ181SVg5dXA4d2xMaHc0b2F2RHVESk96MVg1OHBZaVlhWFdxQ3cwbnBfbm9MVjU3dW4wSVVKei1DUTZuRkFhc2ZkTUpFVE5sNHdBalRmNTllVEkyaXEwV19NOTNxQXExdC16RQ?oc=5
2026-08-19 03:00,CNBC,cnbc.com,Goldman studied where AI is squeezing labor markets. Here's what it found,https://news.google.com/rss/articles/CBMiekFVX3lxTE53dEREYXBrV1VORWo3VGRpZUVURzk0WFcwVU9Rc0Jpb1hCSUd0OER1Q2o2cGxERGgtTjhReXBYcXBGZUhieGVkNkxrdjNQUElidk0weDZOdVMtdUg5SnJVWUhEa0o2NDRKRXlpamtxRlJBSlBDd0o3bjVn0gF_QVVfeXFMT050cFEyWHJPT3VfRzlQOFY1c1VleFRTYU41T0V3dFdVRmJDVjRCNktNcWpCZWd5Si1McmFIb2FNYWtoajFhdXg1emhNRTBvWGZ2S0t1SHQwTTg1SHI0ZjhRV2Fnc1pxSlhjNGFWeG4xZDI0ZlNTSllPZFBKbV9DOA?oc=5
2026-08-19 03:00,Investing.com,investing.com,Why is Corsair Gaming stock sliding today?,https://news.google.com/rss/articles/CBMipgFBVV95cUxOQzE2QVVPbVJLM0x5WHN4MWt2YVJ1bGNGSXhkT1FOclhRdklORDY0TVlBYWpWWG05Rml3WTZpVkJTUlEwUUJCcVNKYUJWakV1cnptNUhUS2xxUzMzUm5JS1BxOUZGOEpIVWVuSjI4T2JNVmlNaUlJVVczcTU5RUR6UzFETXRiR0RmaWJoT0dLN0NOd1B3eWFWaWpVdVc1VWV2VGM0cGVB?oc=5
2026-08-19 03:00,Yahoo Finance,finance.yahoo.com,Goldman Sachs (GS) Stock Sinks As Market Gains: What You Should Know,https://news.google.com/rss/articles/CBMimAFBVV95cUxOaXV4S2xhV2xKd1YwbjRFbjV4V1NvZFBrOW1nRWVfRE9sYXF6VmZuMk5kVFFNMWlvRlpSbGo4WENOYkdQQkZzTzdQVUFKUy1XV2JYR2JiNHpOLVpMejBrdkNBQ2pFTVZNR2pQVGNDQ3YxTXRYSjQ3dm9vN24zeHM0clZVNjJ2cXdDdGNiNHhSMG43Q09GZnNoQw?oc=5
2026-08-19 03:00,Yahoo Finance,finance.yahoo.com,Goldman's LCN Deal Extends Its Push to Scale AWM & Durable Revenues,https://news.google.com/rss/articles/CBMimwFBVV95cUxQWUVUVzRFMVFiRjVlQnNwMElWYk04WnV5Q2dVakZSTUdqZ0l3d01JRkZXcFlDRDMzcEZwWE11NlVIT3FrV0NHTm94TXBMVlRFejVuSEppVnR5Q0NBSnlfcGRVOG5Jcl9SQWZTNnd3VU5MNWJabDZWSmxETTdyOGg0c2tGeXhDc0w0czdjVUJsYklvRlQ3b0t4MXBjbw?oc=5
2026-08-19 03:00,Yahoo Finance,finance.yahoo.com,Uber CEO to Participate in Fireside Chat Hosted by Goldman Sachs,https://news.google.com/rss/articles/CBMioAFBVV95cUxNcXhDc0hCWjJEUjdoLU5fMzVSUkZpMDkyRWltbDZBaE5PcElQc3Q3MkJYRW84OUI1SE83WHNhOGsxMlFqLXZQb3g2NjVEMHN3ZXdBVW1wbjBKamNVSWtiS0ppZDdybFBaVG5HWmJSNmlMV0NpQ2ViWll2QWhVVDNPbzlXT1h6NkQ0M3RObXN6T3RKVnVnaGNiYmEwU1IyQ25U?oc=5
2026-08-19 03:00,Yahoo Finance,yahoo.com,OpenAI reports Goldman Sachs analyst to FBI for ChatGPT threats against ex-girlfriend,https://news.google.com/rss/articles/CBMilAFBVV95cUxNd0RUZk9CTGdXYXpQQzB2d09DRVY0V1Zsang4QjdSQW81eGd6OWJ0aVBkSmVBdmNjUjBOWUkyYkx1bHdkMXpXUnhzWG1FZm0tQi1UWjVRREpOeHlwSnhvbG9rdkJTTnVYS29qbFF6WHZFczlSaFVWUHpsbGZhY203dVJWS1c5RjlQSzlQWEVrWkRxbllX?oc=5
2026-08-20 03:00,Axios,axios.com,"Walmart raises outlook, but drug price declines hit hard",https://news.google.com/rss/articles/CBMicEFVX3lxTE5wOWZudXdzMlYyUkROMW5JUFBERjJPYjJQVERJY3VBb05FNFJlSDFVR2tmYXZWQXlHX1dKTHJYOEptSzU4UGZ5RHpqelhaQUpiSjd3VTdBYjRYY1JzNE5PVWV0dWQ4UFJCeVcyLV91amI?oc=5
2026-08-20 03:00,Bloomberg,bloomberg.com,"Goldman, JPMorgan Are Among Most Bullish on Europe: Taking Stock",https://news.google.com/rss/articles/CBMiswFBVV95cUxQSlhmMUladl9VeVFGdXV0d2owa3ZsMW54SEM5QWtmemRuNTl6azIyM2ZzNE9TWl9CRkxPa1NRNU90MnNxcEFTa1hVblhad3EtUjcyWmNJWF9TUXNGcmNiS2k4X29iWmVsdktreS12Z1hCOGJ1R0RCcHU5Z2JwWEt4aWdwQnMtVXRkQXZGTGlsNklTZHIyWkVHNlQ1OER3ai1ZT3lhRDhtRnIzNnk4am81a0R5dw?oc=5
2026-08-20 03:00,TheStreet,thestreet.com,Elon Musk responds to Goldman Sachs' bold space economy prediction,https://news.google.com/rss/articles/CBMiqgFBVV95cUxNQXdQekpJbF9uWXg0VmlUQmVJRTdoVThVc0hVYl9XZkhPTGRqUWtXbzI2cm5naEpRR2xtWXlRRGVUYXhqU1hrT1ExdVhwTWxzZnNZSDl2UEMwRFlOTlczaGZYQlFxODM3dFo3V1hvbjl1ZXdNUXQzaVNvMnktMGg4WURpVzZZYzdCc0syN056N3NmaHNXRWg2U1FxOHgyZkU5NVAteEVfN0RvZw?oc=5
2026-08-20 03:00,TheStreet,thestreet.com,Goldman Sachs sends strong message on AI and jobs,https://news.google.com/rss/articles/CBMijwFBVV95cUxQMFh4Uk5wZGlORjFNMlI4M2VaZW16Ml9SV2FnalJLRlBScS1vdUROMjFSVjFsYUZjNktkS2V6Z0ItQXRkWmhCWklfOUVzV01ad3ZIN25XaHJGdUVmS3FjeFZrdjhha1NYclhCV0VxNFBaakNFSWhUYTktdGx4N29TQWY2eUthRmJQQmJsUEVodw?oc=5
2026-08-20 03:00,Yahoo Finance,finance.yahoo.com,Elon Musk Says Goldman Sachs’ $1.8 Trillion Space Economy Forecast Is Too Low: ‘It Will Be Much Bigger’,https://news.google.com/rss/articles/CBMikwFBVV95cUxOUUhUVnNNR3NFNS1xcnZKRFpxbnFuVUQtRXB6Xy13Rk4zemxyeDZpOGpYR1BSV1kwWFI5UjVodGVDLW96TElGcGFxa3RrNnV0aHVQYTRZLTltRXZIQUVsRkVnUEx6bXdSaWFkY0l0anU5c3U2YWdCSDFIZml6ZE5TRUNzTnpBYWFpdjB5Q2JPdEVFd1U?oc=5
2026-08-20 03:00,Yahoo Finance,finance.yahoo.com,Goldman Sachs Just Paid $2.25 Billion for the Family Behind Your 14% Income Fund,https://news.google.com/rss/articles/CBMilAFBVV95cUxOcEk1MmRsU0l1Q1pwUFExWHdvTUVGanhJbHpCQnRRZDdxUmxHODg1cGVQOWsxTEVrUWZ6SVhiYW11d2xRejJ3N045eDdRa3NmUWZsSjNxa3F6b0JYd0RTOHRZekpHOW1ybk1ka1RmRi1WQldUcGt6ZUlpLVRDOGE3bnRoczI5UDk2UUJJb1U0VzBXWkZC?oc=5
2026-08-21 03:00,Bloomberg,bloomberg.com,Goldman Muscles Into India's Deal Landscape With State Share Sales,https://news.google.com/rss/articles/CBMisgFBVV95cUxPYUZuekM3TmlBMFhfLWFKVzBrSDk4WWRJRGtXbG11TlBnZWhHNjNMbXJ0N1VRN011VERwN2JUcFl3MDNta2JHcTFSeDVuXzlBVlhlcW1rNFlJR3IxSTVtdDlSRUFaSEk2Y3pOMFpJUWprb0cwR21udF9EVVEwRi1FeXNJQkNxQlY5cEVxWlBqOVNzZ3BGX0d6bmFTMm1xN0pxZV9pSW11eElNSWphLTdlWGhB?oc=5
2026-08-21 03:00,Business Insider,businessinsider.com,Goldman's top economist warns of market 'cacophony' due to an opaque Fed,https://news.google.com/rss/articles/CBMiowFBVV95cUxOVUZpNlNJUVl2Z21GdDdScWtXYS1mS3ZBSndjd01QamhYUDJ2YUd6NURwTnQ1YkNHMXVhQzJ1M25UMGRzZDlpVEk3U3BpTnQzUDNualpGUWNzVjEyckoyMVotMHpBY2c1R3RVT3ZqMTdwd0lpZGZ1OS1QWXBmc2NvRHJwZEp6ai1PbkZvUFdhcW5ycGtVaE13WkxRS1VFY3dNbFZZ?oc=5
2026-08-21 03:00,Yahoo Finance,finance.yahoo.com,Goldman Resets Walmart Stock Target After Brutal Post-Earnings Selloff,https://news.google.com/rss/articles/CBMiogFBVV95cUxNQ05KWTByUGdhbXNHVldkeGdWQjRqSUVnRUJyQUxtSVlJLVdIYlpUelpSTnZFamxFUkpZb2FCdlBrZmNlMldWOVFCNUFOejVpSGdJaW1ERDJWcUZ5dGxQSGFHWUIxYmRYQWhRRXBpS0kyM1F6Mk1QbzdkdVBYRXoyTkR4WmhERzFMTDdTQ3pod1F5SVNlb1hiZGJ3ZDBjRWM0cWc?oc=5
2026-08-21 03:00,Yahoo Finance,finance.yahoo.com,Goldman Sachs Jumps as Banks Power the Dow Rebound,https://news.google.com/rss/articles/CBMinAFBVV95cUxQbDdkWmlGbWpmZVdCZks2cXliaVM0X21rUU1sdmhVbzIzY1dKNExONE1uT2NxRDVRVTNBV0lzMEhwQkRzbEY4M1E4dlJxVGJsQVBvZlVKbXVVNUhGNDhjbWs0aXIzNm8tekF3TnVvM0pfWmxIaThmMjlLUG8zS3RWcXNwaXB1RVAzUE5tYUJGZFR4TXZ6QVJjckZLTjc?oc=5
2026-08-21 03:00,Yahoo Finance,finance.yahoo.com,Goldman Sachs Sees Nvidia Setup Few Expect,https://news.google.com/rss/articles/CBMinAFBVV95cUxPbExEOHdxdFNYdm1XMUhnRjFtSHFRc2F4dFFqazNnM1VxZXAyWk9KQlA1bm9DcVBQUEN2WXpEY0dwNTY4aWJ1UXoxTEhGMnVLYnhZOGotemlxbXRCamFpMXg2dm8yeERLaWVITEtzbnkzQ1hsZTBRd3JzVHNCQW12a1lxbVFVZDZrLWlyZnF4bmNvc3hPRmF2MFN2NC0?oc=5
2026-08-21 03:00,Yahoo Finance,finance.yahoo.com,Market Chatter: Goldman Sachs Gains Ground in India's Government Share Sales,https://news.google.com/rss/articles/CBMioAFBVV95cUxPRkFLVEtiZm5GZUZyMkh0TnJuM2dqaHo0LTVwRlpkb3JOeTNsQTQtWnNIY2loc0xraTN1R1lBRUVNUEtTN0ljWk9KaXpwWmlmNkJXSlIzRW91OXBvNDNTaHJkRTQ1TTFDUzdiTDBjeEU4WjEtQzBQNDNHWHdIbm1FUUxNcUJmaU5SLUdpTmU0OUJiWGI5Y0lic2JhbVZqM3Y3?oc=5
2026-08-22 03:00,Yahoo Finance,finance.yahoo.com,What’s Behind Goldman Sachs Group (GS) Latest Move?,https://news.google.com/rss/articles/CBMimgFBVV95cUxQRzVvT3RQU3pXc3Y4ODNPWVVTa1REX3lSVThiX0pNdnJqd0VsYzhhc0VMT3hleEtSeVJPOFhyc0tLekcwZzF0UWxpbi1xZHR1WjRXVm1aNDZJamlsMGNhbGxackJoXzdNa0o0ZVAxT2RtUWhqV25iWHNvZ0VGeHJxUFZCM3l0aXYxRnZ2V2VTTUN3d2VYTVdhaXJ3?oc=5
2026-08-22 03:00,Yahoo Finance,finance.yahoo.com,When will AI begin delivering meaningful earnings gains? Goldman Sachs assesses the outlook,https://news.google.com/rss/articles/CBMipgFBVV95cUxOTWZndTVNV3paN0JsdE9fVkRQUzBBZmVtMllCS3VoQmZLYS1jc0NXQnJhajlVQ2Z2RkxIM0JFYUxBamEtZVF0cWE5N21FWnlVbG9Ud3l6eHREbVZSeFlSZXktQVBfV01kSHZxdVM5V1U2TVRtSnNWbU5lV1RvcVNnUDhGdm5YZUdyOHFJMHhjQVhtX21IaDlqMUpxMXNzSzNCN1Bpd1dn?oc=5
2026-08-23 03:00,Business Insider,businessinsider.com,Y'all Street is booming: What financial giants like Morgan Stanley and Goldman Sachs are building in Texas,https://news.google.com/rss/articles/CBMihwFBVV95cUxOUWVpZUJjbnlBeTNMMjc4cVRWWmd5emNDZHpER21Hc1B6bk50c0hGa05OdU03UFdIWUZYdU8wWFRJaTRKRTBrWGREVV9pdlBqV1dPNW9KNkdvWThrU3JhMGo5UlhBS2p6dFRxd0pnWVlwc20wZHZVSlRvN3JtVGVJMjhyRTduRnc?oc=5
2026-08-24 03:00,CNBC,cnbc.com,Goldman Sachs partner warns of 'huge danger' in letting AI replace bankers' reasoning skills,https://news.google.com/rss/articles/CBMigAFBVV95cUxOQUhxcnhmTUVlMTRPYUM1TXZvY3RabEEtcDl5b3lnazJoYlZoNFhQZTVPa1ZnNG1lSTk3TVNfcjFXcjdUeERhMVV2dTEzMWxiN2g5YWY0SG5MWkpVSFhLR1p5RndmYWlxcUNxTVhzSU92dlBIbzJUcnNlWU9QV1JJS9IBhgFBVV95cUxQQnpMUGI2d3JsZF83ZGJBYVhaeFMtQmVUY1dQSjF4Y2t1S3R6RUg4ZUQxSjdKLWhfLUJ3NHd6VjhBeTFsY1B1aVNFb1Z1bFByeTZUYVBnUG9ZdFRKYzRHSy1xdl9iQkk4a09CdnFSREwzS20tUVlWczNVaEFFRmM4dGJNek9XZw?oc=5
2026-08-24 03:00,Yahoo Finance,finance.yahoo.com,Is The Goldman Sachs Group (GS) Stock Outpacing Its Finance Peers This Year?,https://news.google.com/rss/articles/CBMimAFBVV95cUxNN0pZZjVFQXRubm5KWkJrcWxFVGdWeXJXaXhGaGlzelJXQ1RhMlJNeFM0NFkxemktXzVGSklsQ3BrbW1LMlVTb0ZBOGtuY0lmT3BNU0hGVTVpbUI4dWh1eGxTSUlCXzNYOEJUZGFINjVNMFdFdHI2MHNJVzNpSGxBeWZDNWFhQkRheHM3d1NNODZzcFJ6dUFJRg?oc=5
2026-08-24 03:00,Yahoo Finance,finance.yahoo.com,SPCX Stock Climbs After Trump Discloses SpaceX Stake — Goldman Sees Musk’s Terafab Fueling A $281B Chip Boom,https://news.google.com/rss/articles/CBMinwFBVV95cUxPSGpyWDVCRzJtU2twSG5TMDFIb0lvYmx6NVAtMEp4MmxmMndaeV9XX3ZCRWwxdThuMjhNTWx2OXJyREJmLVlRajhhbDlNUXNhQ212dDQ3Q3Bnb3RuS2k0MzRCZXJLb2VNTmp3Y3QxNUlHdC05emhRdXBtWU9KMmI5cEhtT3pjMVpMQUp1NEphLUZzSGhYbERtSG5ETy1FdVE?oc=5
2026-08-25 03:00,Bloomberg,bloomberg.com,Anthropic IPO avoiding SpaceX slump key for US bank earnings,https://news.google.com/rss/articles/CBMizgFBVV95cUxQMFNaUzVvV29qeUVNN29DYlFSMlhoVExBUGlWbVJvVEtmeV9sWm1OS2xUWmVnZU1VT3NHNTVnTVc3SVNtVTJSV2pnS2JDUHdkdW5wemZaZHBzVlJvSmM2TV8xeHhfMzJnS2tpd3paZjF0T0Z2RVl3VHN6YkxwQWVOWWFrS3dtSHV1Y1NQc0pXeThHTVBvdUpEWnFtdHc3RmZLQkN0UEZzUzFPbjRCS3JPdC10WDMxamVCVjZyVjZDampDQVNIWU9fOHFNdVRQZw?oc=5
2026-08-25 03:00,Business Insider,businessinsider.com,"Goldman says big investors are split on AI, but are showing historic bullishness for one stock sector in particular",https://news.google.com/rss/articles/CBMipAFBVV95cUxNbnFPRkFmUzFFWFFTbmhHOG5PQ0lOa1BmbWdpb2tqbTdJb2NvbWN4VjBROGlwN0hJYktPYThiT2FjS25Kb1c3WXFabUdNRTlrSmRDOGRyRFJaeGdOcTd6WTBhelVuWk1JdVRwWFdIODNwRXVVSjlRV0xSXzVRUG1pOUlSVVhwWm5VMU1uMTNjMms0U2YxYzNnMUt4Qk9kQm1CS0lsYg?oc=5
2026-08-25 03:00,Business Wire,businesswire.com,SoFi to Participate in Goldman Sachs Communacopia & Technology Conference,https://news.google.com/rss/articles/CBMixwFBVV95cUxQM2RsVTFaUFVyRW1SNUpIUFRLVEg0ODhrNWdJSzM4SkV5MmgyT0x5RlE3b1J1X2U5U29aTEVBS0QtQUpEbUc5LXhzTFRpY3hkZVl6NUxYT1JXMVRyRS1oUWlnU1I4dndaUEVOSGo4MHdMUDVNMmJYaE5aanNTOUl2QUlPWW9rZENnaWZfT2RiR1RJdjZRVUVBMTFRbS1CTjliMkZfZjZqY2wtYTJScWp4eW5CZFRyUXp2SlJQWTBmSHJNSFd0M0ZB?oc=5
2026-08-25 03:00,The Motley Fool,fool.com,Nvidia and Goldman Sachs Are Betting on Nebius. Should You?,https://news.google.com/rss/articles/CBMimAFBVV95cUxOd1plRHlkcHRoVjdPLWRyUmRwbW84bWxBWk0tUGt0OGptODdSd3lnS3JSRHdxZmcxY1ZJSmdMS3JsbWo4c0xjcDgxaGRLOGc2ZktuOS1SLUJmZW5YQ3hMMW5PWFFBRGZuVE1RUVFEa29lYlExR2xGU25PZXpjekpON2xiY3BnRVRNd01zQUhhYl9zaUFJRWNPMg?oc=5
2026-08-25 03:00,TheStreet,thestreet.com,157-year-old Wall Street giant has a new call on Coinbase and Robinhood,https://news.google.com/rss/articles/CBMisgFBVV95cUxPWWVHZDhJcm96TnV3eGJlekpva3RlUHRaWTlBY2plaGNKaWpHXzJjUTRpTXN5ai14bUdHZGlocE5Gek80TmYtczFVSHB5ZUdCSzBLX1pNTkJfZ1NDNktySFZqRlNNMHBPRFJlc3RBaldaQnU3Unl6UW8waDBINGtXLWRtZ0IwNnMtV1FCZWR5S2pQM2RGSVctV2RlLUtmbktZM3Q4V2xJUkY0b3p4S2MwWEx3?oc=5
2026-08-25 03:00,Yahoo Finance,finance.yahoo.com,Goldman Sachs (GS) Surpasses Market Returns: Some Facts Worth Knowing,https://news.google.com/rss/articles/CBMinwFBVV95cUxQTWZKZ1BUSGRQLXctMi1YTFdKNVEzMHhUQVhvN3lxd19wMVhRc3RRcmc0OU1WRVA1UjBPa2xSMXZIcDBsR1BkdUJMaDNJTThiLVU0bS1KMDJnX0FxWnI1U2RiX092ZzgyVmtPeXRoOFNjemM3c1luY1ptRHpQODRuLWZUR3BWYTZUZXdqRFZnQ3pIQXdra0VlSVp1a0o4Y1E?oc=5
2026-08-25 03:00,Yahoo Finance,finance.yahoo.com,Goldman Sachs Reiterates Buy Ratings On Coinbase And Robinhood,https://news.google.com/rss/articles/CBMiowFBVV95cUxPOHFMWm9Oai1vNHNIUk9mRUxGXzVWS3djb2Z3aXVwYWtVSURLX2U0ODdLa2xiZjZySUl6ZzczbFJCTjJmU1FSYUdaU1lKMXl6S2xBbTVRQ2l4TnlscEdPSmVsLUY3a3ZqOXZfbURUcjNVZTQ5ZnIyaEx5QksyODRKeDBOd012cXJmbktBbWgtTHl6dE5mV1M2VWpkZll4TXB1dW5r?oc=5
2026-08-25 03:00,Yahoo Finance,finance.yahoo.com,YSS Stock Is Falling Despite Space Force Win — Goldman Sachs Just Slashed Its Price Target By 50%,https://news.google.com/rss/articles/CBMinAFBVV95cUxNTXl3V2lJYTJ4emJlZUVUSU0wcmtuTTh2aG5kU3dXdTBfSHlWcUVLa0V2aExad29RZUJ6WGZxV1NiTWpHaFFKNGFZZUJNU3I3WENNaXo2SWxVaGlzamVuc1RoNzBJYjhRQzdnRld0dXc1dnBNVS1LXzRRMmEyS3B5U01yQWtuME5vZUswY0lVNUx0aGVRM2pxdW1SVk8?oc=5
2026-08-26 03:00,CNBC,cnbc.com,Goldman Sachs expects Q3 earnings inflection for China’s internet giants,https://news.google.com/rss/articles/CBMisgFBVV95cUxPOUgzc1JxbldWSFkxbnpSUzJKNl9BZnZKcTYtYXpXVDBzV1V5Um1vYmVxaFJCRFYycV9OekFFVzJDZnIwUTJyTnVLR2gybHhwdlU4eUctUVg5N1RrQmNRNHZVVDhKMjlaU0FQUzBhR0NrNEFsODUzQzdPMXhvVnI0YkFsUk9FNE5NVFhpdlYtTUVPUTByY3czQWVPQVdBV2Fxd18yWFM2bTZlakNwYXdlMkJ3?oc=5
2026-08-26 03:00,Yahoo Finance,finance.yahoo.com,How Goldman Sachs’ Expanding Capital Markets Role and New Bond Issuances Could Reframe the GS Narrative,https://news.google.com/rss/articles/CBMipwFBVV95cUxOVWE5YnFTeHNjdEJOTGEzMHhQRklmVlpLQ2pGOHFLdU90ZWJ1bTd6ZWh4cm9mNUF3ZnlOMXlpRmVIRFB3MlRaRncwOGIwcm54TGtKWHk3dEswdFBUdElpY0VaWFFZNEFfeTIwODU4cGRqVDVqaEh2d19kOTF3N0F0LWN6SzFKYVNEcllHeGdFM3U0Q2txUENqeERDMENlbGdWNXFxeC1Eaw?oc=5
2026-08-27 03:00,CNBC,cnbc.com,Goldman Sachs analyst Jim Schneider on Nvidia forecasting 70% revenue jump in fiscal 2028,https://news.google.com/rss/articles/CBMi1gFBVV95cUxOQkZiUEZhQTBMUzNDWEIzM3BuY05MMFdLdzVTaHlBZVd2Q1VKYjFraUtZR3MyNHFXWUZpOU1nS0VSSUNqTjQ4c2wyZm1RZldmcnNsdU1CRGNfZ2JIdllodUZQdEFzUTlYbjMwQW1GX3hxaTJmQ1NRaF85SDRKb1Uxc2lzS2VFVEhqVVNpN0ZnSENJMXNyZjd4czA1a29QdkdXZEwxb1J0UHdYdG1CcjAtSDJGS3hHZDZKSmZTdmkzT1hlRHAxckRFQmU4aDM5cTQ4ZG93Ymdn?oc=5
2026-08-27 03:00,CNBC,cnbc.com,"This software stock's AI pivot is starting to pay off, Goldman Sachs says",https://news.google.com/rss/articles/CBMioAFBVV95cUxNb2pGQWVuZUY0dmxXYnZ2Q0JBd1ZmaGxYVlhrNmtWeXUxd3ZtTlJmWXdvVGlWVUU0U09QVDVobWkyMWNIcU5yZ3dzZURVQWxXemt2ZE8yY0R2MXVrU1ZmWFF6clcxN0dGa1kxbVlDTUZDVWEtNFYzaEs4ZE1lNk5ENGlhUkl1ZmhFTWRZcnJiTFNsUHdwclV3Q2ZQWF92bzJr?oc=5
2026-08-27 03:00,Investing.com,ca.investing.com,Goldman Sachs Sees Value in Gas Stocks Amid Data Center Demand Surge,https://news.google.com/rss/articles/CBMiyAFBVV95cUxOQ096V2xBVmlDQjJMS0MwbE5UVFJFUTE0d2o1OVdUY19lVHRCUjMzUGs1N3dwZEtxS2FQeXhvd1F5SER3MWVGS0dfSE9lMFJvOHFaRnVGTDdwb0dzN1BIdXJwUnkwM0lGYnJiRVpQTUpLbHY0RFhjaWEwOVNKc2U1cmVhRllIWEs3Z2dSN2tTSkNZVnVmOEw5dWlnOFdsbFRFWkk4cERHbklZU0dJb1hzYUpBOTJmck0tLUItdFhMcHhmZXRaNFVLcg?oc=5
2026-08-27 03:00,Investing.com,ca.investing.com,Nvidia to present at Goldman Sachs tech conference Sept. 10 By Investing.com,https://news.google.com/rss/articles/CBMiuwFBVV95cUxPXzVNZE5JTG5DNVk5dmdIR2JnS080MUNtQ0w5NzJ6Q01CaVk1aVRLQTFaY0RqWmpsNjdPN2d3ZkxwQ2xBSnQ2cUtIWURRSTdWU1FLVzl4alRqR3VTT3dWUlZfQ2tkWXBiM0xzMjg2QzdZekc2NkxIdEIwTFlJZUFWM0dwblcteS0zdkJKTld1VGpMU0ljdjByYU9HbUFfdWNtb0FjanRXTW44N3A5ZjF2SDdUQlRhd2dwQjdR?oc=5
2026-08-27 03:00,Investing.com,uk.investing.com,Goldman Sachs raises Nvidia stock price target on strong guidance By Investing.com,https://news.google.com/rss/articles/CBMixAFBVV95cUxOSjJBR3NoQk5hYXVMMkFNemhyYWRMRU9wT25KdzJiak5oenpESVRVR2xkSkNiUW5uTndOdmFqaWppLW5MbHJVSjRtcTJBTG83QWVxcFgxbUlKaVFWOUFfcFhUb2U0TVJ5M2NxYVp4b21odDZiX3lUU01DRUJCT1VKYkQ4VlJLUGNCa0NabHBrTjdfVWk3TjV4WEtRdnlMekRyUjZTSzExZEtOXzV1VkVTcVVNd3lVekg3ZWtnSGFNeklwd0tJ?oc=5
2026-08-27 03:00,TheStreet,thestreet.com,Goldman Sachs expresses doubts about Scott Bessent’s plan,https://news.google.com/rss/articles/CBMiqAFBVV95cUxQalZEV3dmS1gwaTUtNndYVFhEY3ZmekpJQkVYRVRpbV9KRmRkcHNNa2NMaFNha09lNmM2dDJ4SjZ1bjUyeUpic0p6U2NyeXZsSTZ4bXh3NE9XRXpFandTR1hNVjZGd0ZYNDBrSG5tNEFZVkxScXZNVW9wVGZ2UWU1dmJQYTZYcDFkWnExM2tjZm9vZ0MwNmdzRDJXbGpJVmpCMXVRVV9BNTI?oc=5
2026-08-27 03:00,Yahoo Finance,finance.yahoo.com,"Goldman Sachs Executive Sounds The Alarm, Warns AI Could Cause 'Cognitive Atrophy' on Wall Street: 'There’s a Huge Danger Here'",https://news.google.com/rss/articles/CBMiogFBVV95cUxNZG9mTHB3aVhhQ2xPVDJQak5UQ251Zi1zaWI1dHlwWG1Pd1BJa1FkX0lTT0gwUTl4ZFpSNlp5UDcxV0R2WWllXy15X2xVaXhTRHdHVjBJUE9TNzk5NUFKU2VtS1BMSm5EUVlyakh2T0ZKYkJuNEhEeGhRcEo4Z1lmZmJCY0lNdXZCSGZUcXRDT3FKT1lSaTlmZzlHQ3RaeEt5NGc?oc=5
2026-08-27 03:00,Yahoo Finance,finance.yahoo.com,"Top Research Reports for Goldman Sachs, TotalEnergies & Prologis",https://news.google.com/rss/articles/CBMioAFBVV95cUxNaWJ2dUVrZHR6VVExd2xzQ2lkNndOa2gxLVJpYlF5QmQwcndEOFY2YVBXakhXUUFyTHFHMmZSdmx5RTA2MkR2Njd6MFV1T3lCOEo5OGZ6NnZNb1NIVzVkaklmTThLb05INXN2dnFxUGQ0ZGNreXBuSWdxQWY3WUpfRUh1VmdvM1NPMVNMVzNlTmRyT0VQVDM4N0JkRVh5RlNr?oc=5
2026-08-28 03:00,PR Newswire,prnewswire.com,Owner Raises $240M Led by Goldman Sachs Alternatives to Build the AI-Native Platform for Every Local Business,https://news.google.com/rss/articles/CBMi9wFBVV95cUxOUkZvYnBibWtTT09GSTFXMVp2OFpBbExVZGtOLURscEwwTkR2cDVVbTJDWEN1RVoxalhiY3F6Rjd0MVNmX2RqMWRqUVFGMXZ5YUJCM00yVnZtVnp4TGxaN01pTXNhdzNwa2htYWFOVXhnXzRsZDl4X3R4SjlIbi1LSFVhS0dtUm5LdzNKM1MzcEhoVUVUbHVvNlFuNElUVktNdE1zV1lzUEl4UHZlUTc2UTZkSjMzQmwzSFNSck13b1Jidmk4VEVCMWZySi1BOFBNbUZ0LVpwY1NuWUVVcTZBTjlFbXpteUV1QVhsN3ltbDg5ZW05b3Rr?oc=5
2026-08-28 03:00,Yahoo Finance,finance.yahoo.com,All You Need to Know About Goldman (GS) Rating Upgrade to Strong Buy,https://news.google.com/rss/articles/CBMimwFBVV95cUxQOG5jWUw5QXotQWJhZ2Yza3JqM01iZjFfQjBQMXVuSzBBU2s0VTBkSFZoamtkekVHR1FrWW82U2laNHZOZVJFY05NRFc2Y29PYU1SbEE2ZUR5TDBqOGM0T1BPTDJTTUZzVU5zaHQzeEJkaF8yYkNPaGlkVzA5OU9XTVB5QTZYaUpEUlZlSUMtUnN3blZmcVJOSXRmWQ?oc=5
2026-08-28 03:00,Yahoo Finance,finance.yahoo.com,Goldman Sachs (GS) Faces GSIB Capital Fight And SEC AI Fund Subpoenas,https://news.google.com/rss/articles/CBMilwFBVV95cUxOdHdxc01pb0JFN3g3b0JPQVA3S0lIOGJ6SElOZjBjM2JWX3pMY3VmNXByNXlHZWw2VUZGcXZSV2pTWVJ0VlBxMGU5clhvSXpOV2thSUZwamNkRHhDdnJvZFZER0Y1aExVREVuV3ZBMnhFQ1Vqczc4VEFyaGdqMklUaWNrRlZEZG0xcHBSZWhEY1U3WmZQaV9j?oc=5
2026-08-28 03:00,Yahoo Finance,finance.yahoo.com,Goldman Sachs Sees Trouble for Marvell Stock Rally,https://news.google.com/rss/articles/CBMioAFBVV95cUxPZS1DMTM4RDN6UjFtSTZQRDFlc1NER29GbkdFb05VQUJwdTdGeDZ4bDh5LUNfWEZHTHd1bDQ1LXZRQkdFZlpiYTVNNm11djRZWFVOWmlpTHdGc2phYnN0TV9ua01XQll5S0VBLTQxRVA5UEFySDdhMndzbFI2dzV4Zmp4OE1SNVNsd0J3RE5ZcjdFeFc2Y2NWc09RZU90b2p3?oc=5
2026-08-28 03:00,Yahoo Finance,finance.yahoo.com,The Goldman Sachs Group (GS) Just Made Its Fourth Asset-Management Deal in a Year,https://news.google.com/rss/articles/CBMilwFBVV95cUxQWmJ3bHJkc0tKQzl4Ml82UDhWN2lLZWd1SXRrelc5SFFLVXdJN0VHeEVwOXpzZlRrVW9vRjZZa1FBRng2c28zUmZVdGRsN3d4aUZISmtqZTFfdWpXVFRVU2lmVkVIRzRzeVhyQWZ1Y2Rmb2c5MkxnSmJlYURfZHAzT0RfQVJoUktwY1hSTGFQdkprdGFjalBJ?oc=5
2026-08-28 03:00,Yahoo Finance,finance.yahoo.com,"The Zacks Analyst Blog Highlights The Goldman Sachs, TotalEnergies, Prologis, Gencor and Ohio Valley",https://news.google.com/rss/articles/CBMipAFBVV95cUxQcS1NaTVPUTE2cFI4d3oyLTBPMTA1bmhiX0hnM1ZqZVVYR3lBT2tScnVuV01pLVRDeUhNMERrVnVuLUJSSzMzRTdZaTl4dDBIN19UbUV1TVZhdnd4MDdwbXZkSEw5bW5KSFBuRFRHYldubGtEWmR3TFdYWUw1cmdPeHc0RjhEQzZ6TmNxOFlBeEtSUW4wZ2JzS2pXTkJVSGtHUjBwRw?oc=5
2026-08-29 03:00,Seeking Alpha,seekingalpha.com,Goldman Sachs Small Cap Equity Insights Fund Q2 2026 Commentary,https://news.google.com/rss/articles/CBMipwFBVV95cUxOTTJjdElVQnQ0VDc0M1ZMWTlLOEw2MFJmSVgySnZLVmJYVjhPcU1WZW5Fb2hzWHExN2RjNVg3em1zOGg4ZWhfT2p5eUFHNHRyNi1mVExQRjlyRVg4ZTBrdnhST1BlM0w4bmpfcDhfUEVISnNaaW9HT3FLdFlQb3YwWmYwUHNROVVPaFhHZ1NZZUEtYkZYdGQwV3VJbzlreTNmWUpXUW1SOA?oc=5
2026-08-30 03:00,Bloomberg,bloomberg.com,Goldman Sachs Steps Up Warnings on Diesel as Wars Curb Flows,https://news.google.com/rss/articles/CBMiswFBVV95cUxQVE5Gb1d5bmRJWW5WWHljSlJBM29Tb2ZYVjJnOGpzNUtHV3ZqbVlVZUN0M01RVy1IdkN5VWZiQno5ZVBTd1RvbS1PTUtCTFJXNDdpaU1ibGQ0Y2pqT29RWGZSS21IcEtWdFEzS2F3SGZRc1VKRjdLM0dQQ1B1dzZEb2NzaGhaYXAzV3ZPbkg5d2NXRW5rN0w3QWtBdVNQakVrMThvM3ZkY3hlRkVaR3FIUjVQMA?oc=5
2026-08-30 03:00,Business Insider,businessinsider.com,Wall Street's next generation: See the rising stars we've spotlighted over the years,https://news.google.com/rss/articles/CBMilwFBVV95cUxQcVJhNDJEV09YOHVCRWdodXQwREtzemFuVWNKZ0FwXzBzOTN1Wm5XZE9kRl9JR2MySWhOSGRRWUM5MElNcHpMczRGWEJKQ0JDZ2FDcVJEMldBOXY3NWhqeXpZdkxSSF9FWGQyWHh2Tno4MlhlTTRVMFlUYlZyTEtGREUyaW5xRW1Wc00yREtGcDlSbVI5clpv?oc=5
2026-08-30 03:00,Forbes,forbes.com,Coinbase Stock Price Target: Goldman Sets $196,https://news.google.com/rss/articles/CBMirAFBVV95cUxPTFpqb0dUaDFFbXlOMEpmMWJqcmt5ZVd0SXpwc1NPeWYwZXdIY1lBbHQzQ3Vua3gxMnUzT0VfN0s0NTB2T2gyRzltSVcydWVOeTZzZ01obmhNQ0tGOVM5VGZ6N0M1a1pOVFowaDk4M0Ftd1NmaTR3VVNrbUluMndNOFZ2WjAtUzNxaUtPenM1b3R0V1I3dkxKa3dWc3haVkh5OHBCY3ZXdzY1d0tY?oc=5
2026-08-31 02:59,Investing.com,in.investing.com,Goldman Sachs initiates Braveheart Bio stock coverage with buy rating,https://news.google.com/rss/articles/CBMiygFBVV95cUxQNlJsOXJvLW1RQ3l1REMxM1V2LWRobk1tdS0tcnVyZlhKaFQwa1oydWhHMzVsMjE2OWg0bTJyOTR4SDlLSHRSQjQyY3pHOHBzMXBTU05JbG1QV2hUT1NNdERVcHoxNDVQRFh6OC00N3B0Nm8zZHh0VDNTZWgtTERXWUhfY244Zml6cnBuUGZuT1R1YmxYaVd4ck92MXZjZUFZN1ZHTDNralAxUGQ1M3dSMmZKck5FVExaNmUwaklYUzZGVHZpMy0xeF9B?oc=5
2026-08-31 03:00,Business Insider,businessinsider.com,Here's What Goldman Sachs Boss David Solomon Is Watching in Markets,https://news.google.com/rss/articles/CBMipgFBVV95cUxQcTNSNVRON3N2VU9wZWV2T0poRDZoakQ0VkItWFNsTEJDTVoxNjFjNDJWOVR6SkVETEl4XzkwMWlDNXVUankyM0hDQ2dsS1NvNXN3YkVLTzAtUWpjcE4zSWJoUG5xdmpMZ3N0NnJzVUZzazJhQ3Q5MzBJWUlrVllGTlNEdFZHZGw3RjEyVW9QTFduRzAtYjFSUkRta1ZSUEhEcEdpVGdn?oc=5
2026-08-31 03:00,CNBC,cnbc.com,Goldman Sachs on NEOS acquisition: Investors want something differentiated in the ETF wrapper,https://news.google.com/rss/articles/CBMi0AFBVV95cUxOVXVVQnlmN1VTSnpDanFmSkhvanRGYTlyNDB3NWFnM0FoNFVhdW1VamNuMC13UmFRdXJoLUE0MFAyb001TnNTWUktWjB1NWxqUE5mcG85dUdVQi1abk1wbEJTT2dqd0p3N2JFZ1Z5RFhOQ2t2dlRiTkZlZ2RRUUVnWXhTWmlKS1BRakM1ZHpscnAydVdBRUFXejhVSmVhQmFOMERTa2ZKS0p5Q2pRUUJDUktHWjhvTTB5T3pOUUt0SEdnejVKMHRoWEFYMlptcmFO?oc=5
2026-08-31 03:00,Investing.com,investing.com,"Goldman Sachs raises humanoid robot forecast, sees auto role",https://news.google.com/rss/articles/CBMivgFBVV95cUxQZ1h2Y0VmQlhRN29SWVgzNHlEc1lURUZRT1REelMzWGN6NkJ4emxvX2lXMVkyTV9XblpZZndJTzczS3Atai16a2tvcHlIWnVkZTJ0Yzhyb3k2UF9zUXlVTENDRWNGVTN6S0Z1YWx1cGN4czdYbUtBOTduMEVsb1JvSmNNdTNaYVQyNUJQMnZLZlQtdVFzMU5LbWRLdDY1VTM0ZE9FRTk0M2k3U2FMOElvdmZxZmFJaXR0UWUxcFF3?oc=5
2026-08-31 03:00,Investing.com,uk.investing.com,Goldman Sachs initiates Jtekt stock coverage with buy rating By Investing.com,https://news.google.com/rss/articles/CBMivgFBVV95cUxQczhGNUhvQk9QRGNqOFRJcUZiaFprNHBHSzJ2RG5ObGdveFlPSkUzWHlIejZkQ0FfTkpCZmhia3E3T0tLeDdRc2piSEViMDRqNmFuVzM4Zk5obzN2SGV2T3BXc2JfemdiX3ZUdk95YVhvN2lfZHpnbEI2SWR4aDdwXzBnaE80ZHBoYWhYREFKb0FUUXZsUG1UMjdDeTNrQ0xwdDc0d1BpLVdiMVFTMHAwR1BXdFdWeV9Nd2FtUGFn?oc=5
2026-08-31 03:00,Yahoo Finance,finance.yahoo.com,Chewy Announces Participation in the Goldman Sachs Global Consumer and Retail Conference 2026,https://news.google.com/rss/articles/CBMirAFBVV95cUxNSkZEOTlNMlNjLU1LbkFHYXF5OGFmUjQ0TGFJb00wUGVpRGlYZm9rNXVKQlVqTElnVHRTNTFIZ3FwTUx5NFlMTnktOHgxRUJjekMwaERHRzdZZ19LWlVFZk1VZ3RZTnd5THVWN2JoVGM4N0hwa1NEM2NhcDhSdGFiOWRfNEl5V2J4YWowcXVWT1NYOHhBbHNoTTVPZ01yVzJ6aHNKTWFoNTJZTVlF?oc=5
2026-08-31 03:00,Yahoo Finance,finance.yahoo.com,"Here comes the AI capex shocker, Goldman Sachs says",https://news.google.com/rss/articles/CBMiqwFBVV95cUxOUEFkSkp2bmVJdW5sWlItd1Z3dUFkMzhEcllWdlctWjlBcjJBSS1WRGk0MTBSczkza25KWS15Q0xYTXdsSWVYV2tKYUhHRl9Ea3JmRm01a3A2bzFHWlFSYkxwSVlITDJpUE4ycW95dWRkbkU3eE9OUjd1a0E2WThjc05RMzJiTER3djJkaFB4akdWZ3VVN2dIVS14OG14MXAxZC11SkszTVJ5NFk?oc=5
2026-09-01 03:00,Yahoo Finance,finance.yahoo.com,Goldman Sachs refreshes conviction lists on both sides of the Atlantic,https://news.google.com/rss/articles/CBMiqAFBVV95cUxQMmpmZnRQWVBIbUZQQ2tBQy10aVhmQmpKM09vXzVQV01Ray1EaWZOUWpieGpINi1QZVZwQ0NTaW9CWHd4MWZic2pnTnJvbmFqd1BpU21zQmNZUkR4UzVPUW9IOGdlcmx5ak9zRHNCQk5FLUtFTmQ0TlpmTjhjSnpBQ0lia0QtRE4wendZUTVPS1FZNUJzYTRfdlg3YUZIcjRGc0ptLWNYdVU?oc=5
2026-09-01 03:00,Yahoo Finance,finance.yahoo.com,"Goldman Sachs starts Viridien at Buy on exploration recovery, shares rise",https://news.google.com/rss/articles/CBMinwFBVV95cUxOOGxubTFLeWlRZ1VJX3NmaTVxWFBSUkRiZEUxTXBnc0tEdFJxSEtWc2ctQ29Tdk5YdEIzTk1sQm8zTWZNMm0yaW4wc1QtNlBpdi1xNzV0dFhwYXJOOHNtY2J5YjJGSGczeEwtODFXM2djZGNqdEZBOU1KWGhFYXhScmN4ZHVwRWJ3X1lObDFBWXJTUFQzVVp6M3BPN1pwdzA?oc=5
2026-09-01 03:00,Yahoo Finance,finance.yahoo.com,Is Goldman Sachs Stock Outperforming the Nasdaq?,https://news.google.com/rss/articles/CBMiqAFBVV95cUxQMDI3VnBkdTc3VDVQUmhYSnFwRzZVaVNvV1UzcTROR3AzU0FmVzFnV3BfeGppRng3OXlleWFwWWZBNUxqSThhZ0U5aFFHclE0VnJFS1ZEVDhQMl9ScnhlM09lRlIyOGozWE53WGtLWW1vbDBFZExHSzM0UERYWkhuZlhXdVNhZGFjQmFXVWhnNXlVUk82UGhmWXBfOFFwVHFpWkFRTG1rNHY?oc=5
2026-09-01 03:00,Yahoo Finance,finance.yahoo.com,Why Goldman Sachs (GS) Dipped More Than Broader Market Today,https://news.google.com/rss/articles/CBMilwFBVV95cUxPM0tKek5LbzViUm1qVVdxWDgtUG9BLXR5LW9mUFVaeEZ6cEtHNXR0ZHE2aGRzb1lsSEFZMHV1SXdmRDRTODVkWEJGbWFSZWdUa29XN0RMRmlJMDFqUERsQ2tkNVRjb2ppTU5jQUMyWmZITGkwTmFmZHl5UDZuRW1GUm43cjk4T21BREFZMk5SM04yS0ZJbS1z?oc=5
2026-09-01 10:02,Investing.com,za.investing.com,Goldman Sachs upgrades Drax to ’buy’ on cash generation and data center plans By Investing.com,https://news.google.com/rss/articles/CBMiywFBVV95cUxNUm1SMlNJMktQTlk2Y0VfcE5UVGFlbHZuNHVEODV2eEoxbkw1aHlTbnpscktHWFVCd1pSdzNzRHlkYzM4VFlLSmZkenNtSHlpZk1BS2FkOEM1RzlhcTB0b2RlbWx3QXlfbzZRV2RRQU9oeUxsRlRiZHZjTGNSY3RaUVlzYUVVcU5XSk5WS1FaZGMtVkV5LUd6WUpFX2VmaVF3WkZoMjR6NDd2UlJuMVRJRFIwYUFBWTlVV1Y1ZnJXWnk5MDFoTFU5R09CUQ?oc=5
2026-09-02 03:00,Business Wire,businesswire.com,PAR Technology Corporation to Participate at Goldman Sachs Communacopia + Technology Conference,https://news.google.com/rss/articles/CBMi5AFBVV95cUxQQjZhQnRkZU15NFBwdEMtMjg3V2ZHM0tQSXdQQmdBbGhpNjBYbnJHTDdMMkZQckNYQVBLaVFsVTZ6YVdnNlZWaXRtQ29DVGFvZXBWMlZ6V29VcGRhM2I5V2FIWkx1djQtZ19FRXJaN0w1UWxUUkE2VXgwVl9mNXBJY2hweU5LZ2h5TEQ2UmF4TU1kUnFSVzVMTDlYOUdfaUFGcUNjcEVKdVFNR0tLaWswMTlHUHFNMXIxZDJMa0dvb1hVbEpvUHVtTHNDZE9CVzNxRzhOZC1JY0ZxVUZtYTR6b2V0T2s?oc=5
2026-09-02 03:00,Investing.com,investing.com,Goldman Sachs upgrades Deutsche Bank stock rating on profitability outlook,https://news.google.com/rss/articles/CBMizwFBVV95cUxPc0xxdHVwODExMm11b1BWeC03TFJxdHN2QkFUS3hxQUl6LUNJem9ucDdHbUxibmZlYVBJbkU3X0dhdk8wM1Azb1B4anpFckZlMzlZMWU3LWF4U3ZyVkdVWGhsaVhnMXBpZ1dIdDZycVFqWXd2aEd1Nks0U2tvY2pnR0NNbU5La2h1dVZhbFNtWjdwY2Z4OUtMNm1tVTJudkxtNnRpU0dpS1RwWlJ5bnBCMUFhc1h3N3V5SGgwS1hjaUdVMXRpTUEwTHBFRGNYVGM?oc=5
2026-09-02 03:00,Reuters,reuters.com,"Goldman Sachs, BofA and others plan to issue dollar stablecoin together in 2027",https://news.google.com/rss/articles/CBMivgFBVV95cUxPN01yNnpGbk1CVXJyS00tY0swX3JKTldjOER3SlY1clItcU5Nbk1XYzZFNEJDR1BIZ2NaSXk5Z0VTRGZJdDd4cUk2YnBLWGNSVVJGS3VTbFRNUlMtcnd6Y1FiU3lfSUU1V3lhSjNfSEhjMjdubTlfOEFEWXZwZUJWVHVxNVBHT0s3TzJfLWRSYTJzNHRtVTVqZEgtcFZER3ZRV0VnRk9jTm40RURvTksyTFA1d29Fem1TMGctaXJB?oc=5
2026-09-02 03:00,TheStreet,thestreet.com,Goldman Sachs resets DKS stock price target amid store closures,https://news.google.com/rss/articles/CBMimgFBVV95cUxPVDItQWJKYnR4VkdrazRiVU1BQVZKQW9ueGpfQmYwVGhteXpkQUwzQ2RGdlF2STF6dTZOeHRPME9QbDdzbU5yMDBGQllrNmxkWDlKRHdTOVRMdFR3QTRqdTFBbGJlNzdXaDhBQk8xbmFkeXNOS045MGtnNUpneVJnY2VHZlZteUFkTUdJdDlzenE0eGhrNDZKY0lB?oc=5
2026-09-02 03:00,Yahoo Finance,finance.yahoo.com,Goldman Rises as 4.8% Treasury Yield Tests Wall Street,https://news.google.com/rss/articles/CBMilgFBVV95cUxPZjIxYlZ5UHY3YzVjVzQza2ZFNkJUMWNHVzFRMnJ1WVFSdEVhYTgwZVRFOHZPX0xxc2lvXzBOYnVaN0UzSjNycU5ncUpHRzdOXzYtdl9LMXRLZzFFeXVtd0dIa2RmU25GMFVvbVJyUV9aOVVweFhSR1RwakpIMzRsemRGUEtsOGhTRHRCQXIxSVdvUmN2N3c?oc=5
2026-09-02 03:00,Yahoo Finance,finance.yahoo.com,Goldman Sachs (GS) Targets 2027 Launch For A USD Stablecoin,https://news.google.com/rss/articles/CBMimgFBVV95cUxOZnFRQWhES3NGdExfdnQ5UnQzUG5hN3pocGROeGhEdDVpZzZ2aGZpNmFyVkk1YmVfQlI0RzQ1QVBrYnBYMjZseUNOQ19nUnB0QjdmeTNEcWpwZDJCeWFFTENHaVNiYjFYNjJxTlRva3ZKeEE4b1RPWTExd3lsdmI4eG1fT1FkWW1UMkgzbnp0RnNQTlctcDBTdUNR?oc=5
2026-09-02 03:00,Yahoo Finance,finance.yahoo.com,Goldman Sachs Adds 3 European Stocks to Conviction List,https://news.google.com/rss/articles/CBMimgFBVV95cUxOZ0owcDJmcm5SUURicDZnUnA0Sm1FUnRTVGZiQUd3d2pRMDlGR280bGJKd2NZbjNnZHhhVDdRV2NYZXg1eXpnYzhfYmJwcmd0NFJtMnVuTzZYb2x2VXhvTTVTcVZqVWVlWVhtRFllREVabW5XLWxMRGhZWHdwRW5tb044WlNWWWp6MDd1c1lONER4bFh4U1VtcnFR?oc=5
2026-09-02 03:00,Yahoo Finance,finance.yahoo.com,Goldman Sachs Says Hedge Funds and Mutual Funds Love These 4 Dividend-Paying Financials,https://news.google.com/rss/articles/CBMimwFBVV95cUxOUEJ2bmxacUk1c2J0NXJVWmRWUkpnb3ZDWl9jLUMwc1MycDFvejBPVndoOEZTT2t1WnB0QklVTngwdjMycFNCcXVGVzBaa3hyVmpWUjF2SEVKMmhuVGU2ckU3WHh3Tm9IXzU0UkhsS0JUMmh3WTZ2UERhcFRwNHJYaFc2Zko5Q05SNXJpWWdaejJGWmNpOVpUYXRTWQ?oc=5
2026-09-02 03:00,Yahoo Finance,finance.yahoo.com,Goldman Sachs and BofA Are Making a Major Stablecoin Bet. Is It Worth Watching?,https://news.google.com/rss/articles/CBMinAFBVV95cUxQRHJKZ05ZUzJxZkdBbTI3Y0plQnZuWU01eG1SN0wyLXJpai12YVJRRU9pa1hBNjJBTWJTbFJLNEpyZzlrMzc3dzFVbFNqcW40SHZCa0ptTmNhekFER3o3MjJDaktnZV9MLTZGZUpKelVuV05QNjlaMExkOXBfdm5wdzFzR3d0VVF0bGE2aGYyamtOZFJ3aDM2S3BPLXA?oc=5
2026-09-02 03:00,Yahoo Finance,finance.yahoo.com,Goldman Sachs favors equities over credit as late-cycle risks build,https://news.google.com/rss/articles/CBMioAFBVV95cUxNTjJSbkQtbkhjRUxJaVN1RXNBN2JKVEZUQ0xVdjJXZXlsNzlWUFBUTlpRZmhBUmhUMWRSS2YwbURRcWo4RlpNLTM3MUJ4TjNUaGpYc0ItYVkwc3FXUjdNRjhwcnBaVmxXTGpLdFRhM0RocEFaSzd5NUdOYldaNk9YVmVCVjhuamVpcmNOYnFKaFhPa2JLM002bFhObUplQVBS?oc=5
2026-09-02 03:00,Yahoo Finance,finance.yahoo.com,Goldman Sachs warns investors to expect lower returns over the next year,https://news.google.com/rss/articles/CBMiyAFBVV95cUxQejdwSC13UVVzYXZycldlUGk4REk0bmM1dTZyTnFjLUxWaFBnYWNDSVRoakFrcXhoU3Z2NmV3MnloX2Y0N0FRdmJkMnFYaGNLVmJWOS1qcmoxQnl3ZHExRVZQbkI5YUZWM2tWVlJ5WlJEaEJVTnpDZG1EdzN6bjZmXzU4SEFfMFZpN1FSUzNNanRnRTVrV2w1M0JNY09zQjNNOUhKcUpyQmJLbnlELTFwMDNHQkVQVXktNkpIX25zZTdnTkNCRmlpLQ?oc=5
2026-09-02 03:00,Yahoo Finance,finance.yahoo.com,StubHub to Participate at Goldman Sachs Communacopia + Technology Conference,https://news.google.com/rss/articles/CBMitAFBVV95cUxOcmpYZHBLNHp3ajU4WHh6a0VTSmMwUm9ja2Q3cU9lUWxMbW9pU1JPUnBFRXBlYXhKeWFJeTdzcVVBRlB0ZE9FT3NBU1YyTDV2ZlNSd056NW5kRUpiSzZJS2VLbGQwcU9yUG9fNVlGS0hqLWJxM1BNQ1ZzSFlkSFZjN01LdkVNbS0tYXpvSzcwQXJ1RHNydW1XY21VZzE2T3lyV1Z3VEJOY2NEMFpVNlphWVZMLUI?oc=5
2026-09-03 03:00,Seeking Alpha,seekingalpha.com,Goldman Sachs Asset Allocation Portfolios Q2 2026 Commentary,https://news.google.com/rss/articles/CBMiowFBVV95cUxQZVI1WWdPbUpNV04xakJvaE5Xa3huNXRLeEFELW1qR2xsMkFmd2h2Y2M1cjZENmdreVpyOWFSc21pMTJCMC04Ukh2aDF1YUV1V3liZmIxaks3LU80SENHME5iSEJiRlpaSF84T2oyNmctWklKNklzdms2d1YwNTJVOHA3MVU4NmdrOTNhczNqSmtCajFkRVFGWFZ2WmItSTE3SXF3?oc=5
2026-09-03 03:00,Seeking Alpha,seekingalpha.com,Goldman Sachs Tactical Tilt Overlay Fund Q2 2026 Commentary,https://news.google.com/rss/articles/CBMiogFBVV95cUxPak9vNXZkaFBza0RVLW9CUWM1MkVCcmliUGYzemJYTGl2X0c4UU9yT3lEdERyWVo5NFBrWDhjNFMwVjMySXFtNWk4U2hxRFhGZVU1ZkZmMVE3YlZRRzl6N2dYYThrT3E4bzdoWnN6MnluMU10UnpaMHlrSHpaWXd6dkQ5b2VzemxGaEZVLTFCbVJOTzVHSVpsNDhPcUZBc1BGNHc?oc=5
2026-09-03 03:00,The Motley Fool,fool.com,Market Indexes Rally as Tesla and Goldman Sachs Take the Wheel,https://news.google.com/rss/articles/CBMilwFBVV95cUxQcm9rRF9HdXNfZ3JXaUItekZXc1E1LWpsZ2RoaGgwcXliM1lRbzlOMnJ3Z0NFNGtaZ0FmY3JUNTVmV056bTBwSjdrMFota3NuZ2xqZENSTHJFWmU3SWVoaDlDejNtWk92bm9PX2Fqd0hEQUdidzctWHEwWThTbTlNdnRKR3NQTkh0ejhjcjRGako5R2oxUVRZ?oc=5
2026-09-04 03:00,Business Wire,businesswire.com,CoreWeave to Participate in the Goldman Sachs Communacopia + Technology Conference,https://news.google.com/rss/articles/CBMi0wFBVV95cUxPWm5zcF81dXMwMGd4OGRXNjhVYS1valEwR2I1VXBQaHRyYU10ak9rOUpmYUpDMHhJbXRnVkQ2UzB2UUNDNFpfOUx5NUZ2ckJSZG1YUlNCcGVGYTFkaThZUEdsX1FGa092YnV1NWhyRmxuZElhZVByOWNWOC1iSG03SW1MLVZxNE5NZTJRYjJZUXFmSTBxX2dnNC1jSzRrVmlTM1NWamhoeWNuR3ZzMW1mQkZHRmV6ckMxWE1mMWNuN1JFTjFNRHk0OUVtODBIME5QaXc0?oc=5
2026-09-04 03:00,Financial Times,ft.com,Anthropic close to awarding Morgan Stanley and Goldman Sachs top roles in $2tn IPO,https://news.google.com/rss/articles/CBMihAFBVV95cUxNaWxaRF9ValREekRRNE00M0JmTWVkZE9hN0hyLXlhVTktdFVtdjBqaENTcTBJZUdmbHJ6UEtHVTB4Z3JqcTBRWjhoYWkxYWgtbGNhTkRxclJJT0hLUHJYTDRUV1NINERTal82WVZjRVJYekIwZ0stYjFYdk9YSEx3eUNSRkw?oc=5
2026-09-04 03:00,Investing.com,investing.com,Goldman Sachs sees bond markets as speed limiter for stocks,https://news.google.com/rss/articles/CBMivgFBVV95cUxOc1otUmFiN3R5UXZmelBLLUdTTEluQmpTRFp6TjlZSVNLeGJxU0JDMk1vOVdTeG5lUXRLeGo0NjlqRHVzY050Rzl4WEtianFqWks3N245T1lzbnJCZllvc09hQXdBeFZmVkQtRnlTZnBKSXNiUXRjZy1iSm1kc3BTb0Y2WmNjUzVPVy1CSHdZZVdXV2xKZ2JEc2ZaOHQyMkc1aWN2ZHRESGJfWnktRGREcElSWGt1LVZIM2RfUHZB?oc=5
2026-09-04 03:00,Seeking Alpha,seekingalpha.com,"Morgan Stanley, Goldman Sachs close to bagging top roles in Anthropic IPO - report (MS:NYSE)",https://news.google.com/rss/articles/CBMiuwFBVV95cUxNdkRLaW9LX3h0UWszMXBEREEtUHN1aHNjYXF1OXRPOXNQM09mdlJ4Ny1Ub1B1N0x5Zk0yTkdCMXk3bnA1NmNHYmNtQ2xhV1hoY21MMXgxbXQ5Mlk3bUplQmZ2NGlzVG91LUFnczRLakJZdDNKSV9tTXZUb2VXVWlmWTZaQjBkSENaMllxd2EwaFhYcEpIVTNxSnd5RFpqRXFKLUtQYmI1b01MQTVLTm9HSFdJZjJraVpwbmg4?oc=5
2026-09-04 03:00,TheStreet,thestreet.com,Goldman Sachs sends strong warning to bond investors,https://news.google.com/rss/articles/CBMimwFBVV95cUxNSllCU1JJbWRXaFZwaWV5bHRESFZKWHFYWVJkMUw0cWpsYUQySFZPNVJnX0VsX19MdG1kTzMxeEVhVUdvOG03UzNoN1Q3SmFrY0kyb2Q5Yjl4VVAxRjBmYmZmNVF1dngtcXFxWElZM2NuWFlGMWlmQU9RRG4yVWlTWE10TTJkOUFMVmN0dzAxVUFHandQYTlHc0pwbw?oc=5
2026-09-04 03:00,Yahoo Finance,finance.yahoo.com,Goldman Sachs Says the AI Trade Is Barely Started. The Stocks That Got You Here Will Not Take You There,https://news.google.com/rss/articles/CBMilwFBVV95cUxNZlFCd1J5ZHBsNHgwZE54M0VSZUN4cnVPMDdCYVVEOW9iRUJHaDVScWhXSEF0bXdsY0JkTjg5QkJURGxaWmVwc2kwSDZ2UWZlRXctLUZSNVVZTUEzbkJiT0U3dGhxc3Z0dXBLQzBqbzhUZ0k3bTV3clZQX1JiZzJlVVpnc1ZsQ2lxS3pqUjVWZEZ1dVl5VGFF?oc=5
2026-09-04 03:00,Yahoo Finance,finance.yahoo.com,Goldman Sachs Warns AI Stock Investors of New Risk,https://news.google.com/rss/articles/CBMilwFBVV95cUxQT0xhT0tqZ0pZajc0ODQ0bXFsZjBkemJYdDgtQ2xyQVFDcGVxNjFyS1ZfYnc5WnQ0ZFpmcTBNVHVUeW5NaGZzSXNnS0pyZHZGMVlpTWNpbUhzMXF6SXREclltX2JHbmJvYzhSeGl1QmZhVzY1QktDY3hGYVdMZF94NzJEUVhZbE1KQzZ3d3UzXzJOdzlZcDQ0?oc=5
2026-09-04 03:00,Yahoo Finance,finance.yahoo.com,Should You Buy Goldman Sachs BDC (GSBD) After Golden Cross?,https://news.google.com/rss/articles/CBMilgFBVV95cUxQZC1UdEJsMzZTdzl6b0ZFNU1FUDRNVWFWWU0xdzJwb0tZbm9PUEFwRHlud2ZPX2xIeGVocE5ELW5ua1NMeE1BbGRXaFdXMDkzdTljeFZySTVvbXhhckU0NHM2RlJCbkFIelBoVFVURWRrbkVhR3pVc2VRUFpkZWZwdGRwdDBnb0lvTkZJcENDS2JhakhzSGc?oc=5
2026-09-04 05:24,Investing.com,ng.investing.com,Neste stock jumps 2.5% after Goldman Sachs upgrade By Investing.com,https://news.google.com/rss/articles/CBMirgFBVV95cUxPV0ViOFo0OVY2ekd5LUV2cTNRMVo3U0wwck5fazg2b0ZJVG5kSll3aVpiSnNDR29GY0l5TDBzWkVLbmozZjN1NlVGWlJXbWZzVFNUSEx1ODM2dUZKQVNqR1lVU18zUzY4NDFKZURvZE9idXBxZEpBMUlON0NsN0w5V2NhRlAzQlFwVlhfSE1SYl9PSkpxMWdiWVJoYjRFTUJaMHJicW1RTk1nejIwRFE?oc=5
2026-09-05 03:00,CNBC,cnbc.com,Goldman Sachs says buy the dip in these five stocks before it's too late,https://news.google.com/rss/articles/CBMipAFBVV95cUxPdHNzbTh1R2NSNHptSERHTlpwdUpzOHptanhSdXgzaUI1dWhTR243aHVxWDlCeDJyRU8zbnY3T0NKQXJSd2xOQUVjNVlwNjE4dGJBcWhtNHhicGJBSEpBbzNRenJ2amFWOHE1Y3JRdWJyb1Y0bzE1VVJuZEFqeFY0YXVsdFhOMkluZS1PWndBX1pYNTc1UFJiTzk1QkU4NTJkdmVEcA?oc=5
2026-09-06 03:00,Bloomberg,bloomberg.com,Goldman’s Moe Sees 80% Upside for Korean Stocks on Memory Boom,https://news.google.com/rss/articles/CBMisgFBVV95cUxOdVNnbUo5V0RuUE1OSFNVUHpJVTIxajlkTmZIbzlQNmZZRHNDSHNaazhlMXRkZ0hIbHd5dVJmTmlVYnRlMEFrMTUyS2gyLWtndDhPZS1QelJaYm5VS1VTM3lCYkZIWHM4YVhJRkZmMW16cjJoZGFPREstTjNUakh6UFFDTFZOaG5MVU0wbF9iVmpNSFM4RFp4V2NIVWI1c2JlSlU1eE9TZk1vVVRvX2ZYZkVB?oc=5
2026-09-06 03:00,Yahoo Finance,finance.yahoo.com,Goldman Sachs (GS) Partner: AI Risks Leaving the Next Generation of Bankers Unable to Think for Themselves,https://news.google.com/rss/articles/CBMilgFBVV95cUxQWmRWSUNORUVtMDdOdXpHRW9fb3pnNGRpVHZrSUhrY193dERWT0YyVXVIZklNNlB6SzZCb3QtTzNLWm1vUVNONFpRbHV4U1YtM1BsV2g3OFV1LV90ZHl6Z3VzNEdwTVVHWTVlTUYwUDd4eUJxZ1plSjM1MkxWMkxGelo2VktjaXRoYmZmVUh1Ujk4bDBOR0E?oc=5
2026-09-06 03:00,Yahoo Finance,finance.yahoo.com,Goldman sees Cybercab giving Tesla a cost advantage in robotaxis,https://news.google.com/rss/articles/CBMinwFBVV95cUxOLVhRdmtTZUJncmpQTjNEMXBKa05Fc3hWWVoxdlZCb1BSTHBJYzVkc3RpaERVOGtGNUw3VDB5OHMzVkZfaWVYcVhnT0UwT2RyQVo4VWlCbHJhenlYXzVTaUY1a20zVGxaX3JKOUpZc2YwSGw0cXEzMjJmUmpGLURaTXkzRmhjQnQxYzRIbGhVbWZpaV9zTl9ka2p3RW0tZXM?oc=5
2026-09-07 03:00,Yahoo Finance,finance.yahoo.com,Goldman Sachs Delivers Stark Message on Tesla Stock,https://news.google.com/rss/articles/CBMiowFBVV95cUxPejRycHVZemJlVjY5MjYwVl8tUGtmRzRqWW4tTFYxUFpsclU4NU9kV0s1WGVJSVNEblU1anJtQ3dtXzdKelJqS09IS3U1Smwxdm42QnZFZHVHWUowdFIwLTJGM0lHd0gyZFloQ1BCSWROcGlReXJWa3lsQzd5OFQteWNBUE1TTWdtdElVS0U3T0k1T21qeGRZMHdGN0ZfX2dpS01B?oc=5
2026-09-08 03:00,Business Wire,businesswire.com,Driven Brands to Participate in Goldman Sachs Global Consumer and Retail Conference,https://news.google.com/rss/articles/CBMi1wFBVV95cUxOT2hwTzNHNmNnSGlTdkFheUJ1UDdKQ2kwU0p3VXdmNzB3a2VnX2VNVFRLZDdKM1Z1b3lDSVM0SndjTFlQOVhfd0RKTVUtQVdpSnV1aWJ6TGFKc3NHbEtaTXpzbDktSm1aWGI0b2lwNW9wQURlRkE2MzR1V3hjbEpuNEU4OVNzUjdBSFlyUFlwTFJkX2ZaWkJSZlZnd19lNjJnWktEcGFITVE4NVQxbjV6TVdXa3o2TkdzcW1YWUlyRVAtMUNyUmdQcGNVYkN1U3ZJb2g4b2xzYw?oc=5
2026-09-08 03:00,Business Wire,businesswire.com,Travel + Leisure Co. to Present at the Goldman Sachs 33rd Annual Global Consumer and Retail Conference,https://news.google.com/rss/articles/CBMi7gFBVV95cUxNRlhUYTQ5Y2pQMFVkN1dSQm1SQ2x3REMwamF3MDFZWmQ1LTlhYlVOQmtJblZra3V2MnZFUzBOaVdUZTV2NFh1ZU5VNDdHMFdyRHZUQXVpVHd2MWV3cGdxaFVpYldhNHc0NllIN2l5UFNvTWZMR0lWSjdkS205NG9Lbmg2a0l5RnJKREZQZXU1U295SzlEaWctS3NrQk5MenZGRWtWcTFES0lGSkQyeGFZVUdhMXJDc1ZzSlJ5NzVsbzhRMnpVWWdldUdYVjNxUGRZX2dnSHM2el8tUEktZmNVYUxaemRIY3pFRFZBX2dB?oc=5
2026-09-08 03:00,Fox Business,foxbusiness.com,Goldman Sachs global head of public investing: 'We are still pro-risk',https://news.google.com/rss/articles/CBMiW0FVX3lxTFBvcDFoNWFZZF90ZnNkbWY1ZVJXTXFtdWJ5OVhSX0pRcUtjYWhGZHp4bTBBd3BWTWZ3bHNfN0dmLTdhdERQYzM0a1ppbklHcmdOSWxfb3I0Z2syQW8?oc=5
2026-09-08 03:00,Investing.com,investing.com,Nebius at Goldman Sachs conference: demand stays ahead of supply,https://news.google.com/rss/articles/CBMiuwFBVV95cUxQNWozN2FGb1pmdHhuam9fVmU0WHBiRm9TeUU4VVpsUG53anhnWWZyUjRuVkNKQnh3QUstUFlieV9xV1pYRUNTbzNFLWpFTjZUQy1vQjMwQXNfcUN2RG5aRnBwZURJajJWem1tSmtsaHEwTmpzdlNub0s0dzhHbVg5VVlZd3VmdTdUTXF1aVBSVUZyU3IzMjR4VDVhZXVPNUkxand5ZDl0OFZvQlN0YV9ieGpLbG1jUlhOMnNr?oc=5
2026-09-08 03:00,Yahoo Finance,ca.finance.yahoo.com,IG Wealth Management and Goldman Sachs Asset Management to Deliver Institutional Investment Expertise to Canadian Investors,https://news.google.com/rss/articles/CBMiiwFBVV95cUxOUkc5d2g0bUFKVnJKV3RfeHg1dDdKejBLeGZWQ2hTaVF4RTIwblRiNnJ3UTRObXAwVjRxNUkwbEw3T1RBS20wNXlBNHN5Z1N0eXdZUFBNR2tlYVVIaXp2bVpTWEt4TTRNU3dEUkpCQm01Y054TU5rak4wVUVteDJpQW5DQ3JpMGg2SGtJ?oc=5
2026-09-08 03:00,Yahoo Finance,finance.yahoo.com,Goldman Sachs Just Added Vertex Pharmaceuticals to Its Conviction List. Here's the Bull Case for the Big Biotech Stock,https://news.google.com/rss/articles/CBMilwFBVV95cUxQWTMyWEdIVjJwNERzNG9IWlBEV3Z6WnB2MXoyT2lZQnEzbTZPb2ZKTUhXdVZnSjNqeHRGcEl0OW5JN2pwdHc3ZEZ5bTlsYzFtQmI2aWlEalB4M1BjVUU3YUk4QzZsWE9zdF84WkVXMEltSlpUNHJtd2ZzaWlRM3EzR09SZmJyMUNWdzRvVkFlTEdNN1ROeklZ?oc=5
2026-09-08 03:00,Yahoo Finance,finance.yahoo.com,Goldman Stock Gains 38.6% in a Year: Buy Now or Wait for a Pullback?,https://news.google.com/rss/articles/CBMikwFBVV95cUxNaW5CSEhfMjNJUUFMaGVwdy1NU2xlaVVpMjBlaklVT0wzdWx3b1RFZDc1RXFNOHNfbkdDay1vVk02c0VGc1QtUlMyVFhUc3Zpd0d5RGczU1N0eVJEcGM2ZTBwQU1qYjdiU051SGVXZEtoZUpVWEpoMkJsRnlWOGc0YjFFWXJJOHJlOXBRU1hTeEJZbjA?oc=5
2026-09-08 03:00,Yahoo Finance,finance.yahoo.com,Goldman's New AI Office Adds Just 1% to Its Engineering Army,https://news.google.com/rss/articles/CBMilwFBVV95cUxNWGMzUmNNaXpjUFZ5SUNwWENlcTNobDhHWTRXT25iQ2lQQ2NjaFdlY2tsWlF6bklnX20wVzlxQzFGS3JJLXBMT041MWNEWkIzeUZVMzRBRUlSSmZoN0FBT3dfczVZeWlkVXBISXA5ZkQxR3hkUmZIbTFJUXJobmR2VEtWdVUzcGtlVkhDNWFHWGMyVGhWbUJn?oc=5
2026-09-08 03:00,Yahoo Finance,finance.yahoo.com,"Goldman, Jefferies Reset Robinhood Stock Price Targets",https://news.google.com/rss/articles/CBMipwFBVV95cUxPaWRFYXhpTDJtU3dWUkFzR0VIR2tEdkZCajBHdlo1RTJZeWRadDVzYXp5WTI2d0xyeXFLdWUzSnRRRERlNFRiX3RyNjRtazhRUXRWRTE1eGdXZGthTTVfbDFLdW9LdFU2bFIwOTI1azlrSVNDLVcyM002MDVqZVhfZk1jMXpFb2RYZk1IN0JrV1UyeEFnVDdCc1FPWUFUX0h1REdzNEhBNA?oc=5
2026-09-08 03:00,Yahoo Finance,finance.yahoo.com,The Market Barely Knows These 2 IPO Stocks — Goldman Sachs Says ‘Buy’,https://news.google.com/rss/articles/CBMilAFBVV95cUxQTThXZVRmdjVsdkYxS1JrRHlFSWEtcUUwZjQ0Z05VdHVINnV1RmhyOWtsQ0RoLTRiNGpkUkZVWnhtOU9uWnpkTUk3UFI1RzQwdmRSUlYxc1BhOGJMU3pvSEUwMVlOempFZV9iNWVtdnQwTWpOWS1tQUV3T1V5Tm5JQ1hna0N4SDFPdUVEYjE2WGxudkkt?oc=5
2026-09-09 03:00,CNBC,cnbc.com,"Conversations from Goldman Sachs' Communacopia: AI blowback, broadband and Disney's free tier",https://news.google.com/rss/articles/CBMikwFBVV95cUxONG1vYllUd29QeGR2UlNaY0JQNG5Zcm5ieThnVFJYU0dBdmszQ2NsUDltRTlwYzFWVXRuSDl0RkVkUVd6YkNxOEgwTzkza0NIWHdkZ0NBTjRCdUJxRHo5M1hUZnZOMGNpYlR5TTVXUENoUEQ1MzBJdFdkV2hodnk4eGZRRzNQTTFmeDM3bnNhUWtZeW_SAZgBQVVfeXFMTmE2T2FZNThDN3N6ZDBGelNaN09YVGpET1dQSnlqZUtnamtOdVNiT2N2SWI1cE9CSG9aYVg4THZXMVNQbWdqZFl2X3pRNUIyUy1YU3FycEV6Mm5uZTh6RWlHQTAxNGdxTEt6aGxhR3plcmZ5SFJ6MHE1N05qczl0QnFsdm1pVHY2M0tPQ1BTREJhdDhCUVFZLVA?oc=5
2026-09-09 03:00,Investing.com,investing.com,Comcast at Goldman Sachs conference: split aims to sharpen growth,https://news.google.com/rss/articles/CBMivAFBVV95cUxPM0k4OVoyc3lueVFWdnc0RzR6LU9kNzJSZFF3SnRKVnNFc3p3UHE1UENBUHpTTFdwd0p5SjU0QkxwbC1sSEV4X1dxd2pIc2lQRVYwVXAtakNYbm4tX2tmZUl3UkI1MkNIZzF5Y1ZnNGV5NENUMmttMWJNYm4tR0drZ051YkdwUmJ6NWlIZmdKbjEyX01ZT01fVWpZTWl1UHJsVFQ3Sl9Ja1FaeUMwakxfMDhrcjlBY2steFcxMQ?oc=5
2026-09-09 03:00,Seeking Alpha,seekingalpha.com,Goldman Sachs Emerging Markets Equity Insights Fund Q2 2026 Commentary (GERIX),https://news.google.com/rss/articles/CBMisAFBVV95cUxONXZPVDRXNjlOZHFYalliTjlYaEZKc2lla1ltdmsxLVdCMUMyOGJ2SHl2RWtrV0pMZUF0M3hvMG5keV9TWlZyOG54ZWx5NDFLVzZ1eTNTcUhrOEhwNjl1NldhNTVJSDdJYWVuYjZDdkRfeXl4a1NKalFCX1FuanFaUjQtV0Q2MTJPSWpiTWk0OGxQY1RmUzdZRGd4Zm1KMXBZeE91WEx0T3NmQkFNY2FfZQ?oc=5
2026-09-09 03:00,Seeking Alpha,seekingalpha.com,Goldman Sachs Large Cap Value Insights Fund Q2 2026 Commentary (GCSAX),https://news.google.com/rss/articles/CBMipgFBVV95cUxNQk5lYXN1Mmc5cE5nV3dqd1VrdS1ycG00NVFyZzB6eTd0M3otdUh3aExOd3FQZ1hWN1RkaEpNOXZ4dzlPZzFnTlFZMURwWWNSeUJ2SHJVRm1OODd6aXFBbnYtemxlejBvcktvTkc5b2VBU0JzcFpvbERUZU9YRU0yaEI2b1IwakdWUGRyNkJQY0JmVUZiUDB3eC1Lc1VSU1dlVUIwMGZ3?oc=5
2026-09-09 03:00,The Motley Fool,fool.com,Goldman Sachs Warns $120 Oil Is Back on the Table. Time to Buy Plug Power Stock?,https://news.google.com/rss/articles/CBMiwAFBVV95cUxPUE5fbS1rYjRpYWI4Z3I2VjcyeWZpNVZQeU9lMjZjSXhrYmt6eFZsSGN0bmhlOGZhOTY1akVWQW1lZjQyN2pSZHZLeUJlNDZmems0OEttUjA5eGVSZjNIencyTkMwMU10RWlvTGpFYmhuN2NGOVUyb0pnc1MxUktkcE9tNGFsdWowclFReGx6OGJsYWhncmJfVkxUbEV2Z09vdFJodXBnc290cUdEV2gwNVBWS3NUVVBwVE9ZRnFhV0w?oc=5
2026-09-09 03:00,TheStreet,thestreet.com,Goldman Sachs sends stark message to Tesla investors,https://news.google.com/rss/articles/CBMijAFBVV95cUxPR3RNTE9Wd3g3MzF3X3ZTN0lTSjNaSVJCUHJta3pvVmdDeUdqTzBRbF9aVHBkTmk0Tk8wbWZ5ekxyb2R1NmRfSUhVSWlmN2o1YUhwaTlfOEpYa0lrZDlnQTBVY2VEZVpJX2hJWG9fc0ItamtESjhpX1RxcGNQU2h0MEZVYzRURTJRU1E4Qg?oc=5
2026-09-09 03:00,Yahoo Finance,finance.yahoo.com,Comcast drops 7% on persistent broadband losses and ’irrational’ fiber pricing,https://news.google.com/rss/articles/CBMiowFBVV95cUxNWEd4MGdGcHFfUTR6T2Z2b04tRW5hNmRpT0xGR1A5bXU5d0V2eG82c3ZvMWVMTkltalQ3U2dsOWZTQUZfRm1BY0ZyS2ZnRzZ3WFA2cERHdVl3Z25ySHpBT2ctOFFOWVBsdnVJZlM0cmwwVWY2emV5UEZTQUt5dFdLNWtha1NHaTNuaFRTU2tzczFrSG93dnFBWi1oZ01PUnFTVGlV?oc=5
2026-09-09 03:00,Yahoo Finance,finance.yahoo.com,"Memory Stocks Rally as Goldman Says the Worst May Be Over: SK Hynix Climbs 5%, SanDisk Advances 3%, Micron Gains 2%",https://news.google.com/rss/articles/CBMingFBVV95cUxQejliakhERkhLM25JZ21LVFFsXzdUTC1LTWhqXzFJVHpRYThRaHQxeExtSEtnSjczd2ZCN2JreU1kOVAydEQ4bkNXdXNqTkhqaHlLcjIzUFJFekJsbGJkUkxOZ1piRG1IS0Z3OWFZX3dZYVgwR0l1RHNaVlJ3a3RFYnZfck1IbzZlZi16ZUUtdUJGSHZ2bnFOQWtNdjRWUQ?oc=5
2026-09-10 03:00,CNBC,cnbc.com,Earnings are the most important thing for stocks despite rising yields: Goldman Sachs' Ben Snider,https://news.google.com/rss/articles/CBMi1AFBVV95cUxOVmpTZnAta0xwLUpWQ0JPVWJGUHVhOWMxeFRpYUQ3bzYtMG04UDh0SXlHdHlhalNETFFKanJLdFRhaWFGclhNZGczTWF2NEFOdHRUN21RT01XRWxvaVd1eVMyRXFhMG0xMzA5d2o2eGhZcFpPSnMwYXJPMXN0THA1Z0UxbktTQ213bnJKb2tiYjZucFYzMmszZEtidklnUTd0NENXQlZKY1RVZ0J5VlJleUlMZ1JIUzdXRy1jajY5QW1tWHRXckFUU2gwN3NpTGVLaExmMg?oc=5
2026-09-10 03:00,CNBC,cnbc.com,Watch CNBC's full interview with Goldman Sachs' Ben Snider,https://news.google.com/rss/articles/CBMioAFBVV95cUxPOVVHaTNiQ3hRM0laNVNEX003OVFFc2Nnd1RXV0hQWWg5VlVmTFFOWkwyelJIVGpIeUQzaTFodXFRV1NsNzU1WU1vaGxTTHVPZ3ZyWl8tblUyMzExUEwxUzZ4cUpNcU5TeG5LOUR0OEVaQTdSRmllbkVyQ1JXbHh6X3hjaEg1eG5MTmtPQ2hCbG11bkhxWG1ZUnJabkFYZVY2?oc=5
2026-09-10 03:00,Investing.com,investing.com,Goldman Sachs reiterates Nvidia stock Buy rating on AI growth outlook,https://news.google.com/rss/articles/CBMiyAFBVV95cUxOV1g0UTJPNUIteGdUQUUwNU52NnNsa3BDX3BGZGZVZ1NxZ3ZNclI2N1RQVFZzdS1MMmhLWEdZWHppdVZ0UEVMeTQyVDhPMUFCOFlwb0ctcFdaeVlEdGlYSTNaMjdBSzhQWWtLY2lyRGhvWUl6UFpIMVpFblR2cjE0SC05TUxncGc3c0lhanhBOTlnTU5KX1ZORjhHdkRsNEJIWENsVFNhM3gwRDl4YzNYbUhWeW5qTWJpcTB3RVZpS2locmdkdjlaRA?oc=5
2026-09-10 03:00,Investing.com,investing.com,Lumen at Goldman Sachs Communacopia + Technology Conference: digital pivot,https://news.google.com/rss/articles/CBMixwFBVV95cUxOdm1aajl4M19RQkRSX3pVR20tTHVIbkVzUjQwSmgxOV9qTzB6YVVrTjF5VTdIaVVpUFZKaVBoX0ZxWl9oYjBoWjc2WEtabWZSdk1XNjdZZ2pCSkphTU9xeEFNRUhmVGtWQ1E1UTR4OFZnLXRteE83VXcyM1N6RkZZQzBQM0RzZXQxTi1jWjRJcjMwZ0JrOHhJVkgza3IxQThZWVdaX0lWOG1GeXBwMW1BbWdpVHRtZUhvZGFYcm9oVjBTLS05REtr?oc=5
2026-09-10 03:00,Seeking Alpha,seekingalpha.com,Goldman Sachs High Yield Municipal Fund Q2 2026 Commentary (GHYAX),https://news.google.com/rss/articles/CBMioAFBVV95cUxQc044Q1FXdXo2SDFwVlF3M3FTNEtRbTRTcjFpcmdlajNHd1RiY0hQWHNaTzdGNEhSZzZHd3pVZThBdFdfb0FiN1FGcjczOHh0Ukdxb1JMY0xPMDdnLXdFblh4WHljNElCSU5tdXdwYkR4LThiMndrdGlNcUpHV0xZMG4yZ3NGU3Uta0l6amRfdC1yTExXUjhTNjJWZzJkZ29r?oc=5
2026-09-10 03:00,TechCrunch,techcrunch.com,Jensen Huang explains why Nvidia will grow an astounding 70% next year,https://news.google.com/rss/articles/CBMipwFBVV95cUxNR0MzWHlsQmg2a0g0RGE1UUp0OTVjUkpsTG8wVHUya2V0clh0RERnRWFaVi1udEVPSzZJMGVaeE5iT2xZbXJoM0thVDV2UEZxNGRWWmRWcC1ZRTBzZk0yMU16cEpqWXZ5Z3hfTGxQdHR3dmNRd3VFU0htQWdoaWxTZGtIdE5HZmlTNDJCMEZFNWRCN1c3MGdhV1JxVUFEY0VXaF9kUUFMTQ?oc=5
2026-09-10 03:00,Yahoo Finance,finance.yahoo.com,Goldman Sachs Has Blunt Message for AI Stock Investors,https://news.google.com/rss/articles/CBMimgFBVV95cUxQLUh2NlJGeTJobGVraXpWVXpoQ1E4aTFqOUcwZV9qRVo4TTlzM3g3cDNZMU1JV1hDTmpGZExmcjkwTERXYlgtU1BtUGlObC1lZ094ODR2MTVENnRDcDRBc0dOMFVvR0pHQ2ZiM1V1SGN6X0ctWUs3T2ZyTGZvRU5qalVZOU96V0hfQjJYa0JIMTA4ZWF0aG93U1R3?oc=5
2026-09-10 03:00,Yahoo Finance,finance.yahoo.com,"Top Research Reports for Goldman Sachs, RTX & Abbott",https://news.google.com/rss/articles/CBMioAFBVV95cUxQSXRoX0dpcnZtczM3OTVOTjYxaHhlMnNOTy15TEY5T3poZ1ZKVldua2U0RmVBMGE0YUZwRUo5UWdJVzJGTU1XV19NTkxWWEZ0YjVRSk5UM2RFQzhzQ0J1NUQ3RDlfejhCRXNPNGxyYnZtNUxFNFl3cGJZUC1UbEhMLUd3YlE3OTJyMzJvZHU1c2pXeFU4RmV0UlVYWlJhYm1p?oc=5
2026-09-10 11:58,Seeking Alpha,seekingalpha.com,Goldman Sachs Short Duration Tax-Free Fund Q2 2026 Commentary,https://news.google.com/rss/articles/CBMipAFBVV95cUxNZmJWd181Z3VFaDVtYl83QmYxWEpleHZCcFpxbk5XbDlyZzNkN19EdHhXblpnekZPbzRfYjFTVWpQQ0N2RS1xSmNSR2RfcmsyY3Zlemk0SVhJa1JfcFplSlNpZ0QtZUhVRTNwWW15ZzczZFZDdldzUXdyS2REdER0dXpaVzRTS05hOXhTVDUyOTlwVWg2OUJNU1pUQWhRQklCRWhqaA?oc=5
2026-09-11 03:00,Yahoo Finance,finance.yahoo.com,Corning stock dips on filing for $2 billion equity distribution program,https://news.google.com/rss/articles/CBMilwFBVV95cUxOQXFzLWE3a0NiM01MTW9lME5iVHB5bUNqMUZZUnRWOEkxdFMxUFU4eFYyOUdjdlF1R0lIbnpUWnpXRDFISnMxdVFDb2VFQngyYXc5WHZDdko5SHc4VnJJY2xKdGxweURGWXVfamxHVEM4Snk5MDQ3VDR5SmQwNjl2N1A3Sm9LeGp1V01mUXdYZC0yLW54VnB3?oc=5
2026-09-11 03:00,Yahoo Finance,finance.yahoo.com,Goldman Sachs and Billionaires Like These 2 AI Stocks,https://news.google.com/rss/articles/CBMinAFBVV95cUxPbTRhRHh2QWhFTVBQaXhaSDA0NkREVHlFcDlYRXliVzdZdFZMM3JheXJxNlE1U2ZIbmJWTDRKM0RHYm1lQXlvOFYxQ21NTW5qN2JqOV9rUi1Wb3hxMVJwRm1ieXJhM0lPX1pudkl2UTRjd19PWlVPOUhMOUt5SW51OFVxVXRhcmMxTG1Cd2I2eTlweW50Vk1PTVU5dXg?oc=5
2026-09-11 03:00,Yahoo Finance,finance.yahoo.com,"The Zacks Analyst Blog Highlights Goldman Sachs, RTX, Abbott, NLI and Precipio",https://news.google.com/rss/articles/CBMipAFBVV95cUxOM0pmZXBFOHd0NEVzZHMyWWRJdXdpUlNZOVA3bGFoU1VTczh5Z3lQVk5yWW1QQnNtdEJXSUd0LVZPa3pEZUxjQWp2dDZsaUxpblpCR1JNcDI2UWVnalBWbUdjcDlqSUNqMGJwV0ZpUzVXX2E3MWVQWC0tSEtfWG5wclBpeFdHcHNKZVJCcVpXUHZCVmhRM3hNMUFFcmxtS0MzdVJtUQ?oc=5
2026-09-12 03:00,Yahoo Finance,finance.yahoo.com,Goldman Sachs Is Bullish. Here Are 3 Reasons AFRM Stock Could Climb 69%.,https://news.google.com/rss/articles/CBMinAFBVV95cUxNOW0zZzg1QlFnSVpmNHJMeVh0WTRuSHBnbC1xSVg4QzVjakRCTkpfb0RHTGJjd3c0X3VGS1hpeWRaNGwzNExqbGwxNjRoaHEzaVd1RTNZOVR2eFd3bmJsNDNoNHlGWElLdHFmMks0WUZPZEstODc3T1pZSDRIU3BBeEJJTnA0ZjJXMU1jOUNuN2x2b00waThBeWFDc2w?oc=5
2026-09-13 03:00,CNBC,cnbc.com,Goldman picks China healthcare stocks for a post-AI trade,https://news.google.com/rss/articles/CBMimgFBVV95cUxPUUFMVGpQQTVhZVlIdGFVUmM3dHlNdXJrdjYxbVZySWlwZUZHX2dLUF90ZkI2SVlJTXI5RjFNbDBQOUgyZUZCY3FNYV9iMU5ZY2dJejBqd3pHZ3E5OS1Sd0cyWlRnSHZxRzQ2R1JMcHFJTjBON1NWb25ldUVaTndzTmtGVXItM0Q2SThPTXJWQ3hieFVPbGpmcHd3?oc=5
2026-09-13 03:00,Seeking Alpha,seekingalpha.com,"Goldman Sachs sees rate shock, not bull-market killer, for U.S. stocks",https://news.google.com/rss/articles/CBMiqAFBVV95cUxQNzhtSWRzOVR0eVk4czFaSkJ1TzFYZXJ2ejFaMWRicWRWTjNVS1p3Zk9Pc0dNWjd3NUZWTkgyWm43VFFmdERycmdybUYzazVLbFpiVTlaNDNWNllFaUpvR2ZxUnphQlBiQUY4b0lNVmxzM1ljbnM4RzNQUlVhbHEwMmo5YlJBV3VITzhpREkyWURRc0pHYjFjcXNWTEwzRjNqWHZ4TjdrR2o?oc=5
2026-09-13 03:00,Yahoo Finance,finance.yahoo.com,Goldman Sachs Says AI Is Driving Half of S&P 500 Earnings Growth. That Number Cuts Both Ways.,https://news.google.com/rss/articles/CBMimgFBVV95cUxOd2E0eWxid3VEVFNPSm5ZU05iZXBlSFp1bHVXOEVDQ2VzM2JoY1FibEhwOFdhLVlMZW11VnYtV0NiMjBOMXJUYnVuSlRiUVNFMW1RdHl5Z1NWdWdDQmlfakZ6VlI3MjA4WEJUZnhVQ1JXaWhVMWNtd0FIeDR4RDNZbzVzbHVLei05Ymo4UEhEQUdHeXVYM2x3WHdn?oc=5
2026-09-13 03:00,Yahoo Finance,finance.yahoo.com,"Goldman Sachs, JP Morgan expect September Fed hike as inflation lingers",https://news.google.com/rss/articles/CBMimgFBVV95cUxOQ09IN0JrUzFTVG82RGl2SlZ0RHFleHZ4LXJDZTFLNnFNOGtRbGxieFRNQ1ZTUGZVVUxidi1XNVNPTk1adGdRNVk5TXFlRkRGVnBSMV9PUjlCS1Z1LXd2X0NxUkcxSFAzSi15WkxfYXdoU1VYcW4xM2VWSktfeVRlVVNaWThQcXB5eEY0RXVldklZTUx4YmljSFpB?oc=5
2026-09-14 03:00,Benzinga,benzinga.com,Goldman Sachs Stock Slips Monday: What's Going On?,https://news.google.com/rss/articles/CBMirAFBVV95cUxNeV9NMnk4ZWJfYWN6Z2h4c2ZkVjJFaDh2TVcycWVkOTNvUTc5bjBIbjBZSm9na1p2RUV6VVRxYmZIWXVZcVEwU08yemFTNm54ZVJNeTB0R194eDZwOC1KV0VlNEhqSllnYWdQbEtzZHp2eG1oNUtta1EtSWdtMlRqNnQwM0pXekFTZ3RvbnNCWUdoblRMeTRaS2F3YW1qc3lyLXlGVlZIbVREck01?oc=5
2026-09-14 03:00,Bloomberg,bloomberg.com,"Goldman, Templeton, Fidelity Said to Plan Buying Into NSE IPO",https://news.google.com/rss/articles/CBMirwFBVV95cUxONC1xSnRhYTFRd1MzZlA5YmVIVFplU1lmS3doYldCR0xNcFByLXFLOEdkclFuekppX3JhZDh3YW1FZTdXak1iVC1DR09ZZTJSNnFadldpNEtqV1FJVUZGNzVFN0ZmTFJ6SGx5bGJYaTE1aUFfMWlBTDc5Um9BbVk4RVgtTlZwTlZ0QnpWT0syS3ZpaVcwRUZrZFpsWFpidm1NUnAxcnJLbktETUt3MGlV?oc=5
2026-09-14 03:00,Investing.com,investing.com,Goldman Sachs reiterates Latigo Biotherapeutics stock buy rating,https://news.google.com/rss/articles/CBMiwgFBVV95cUxNelVfM0lmRVIzWmI5cmZUeGtmNy1OdThUTnlxTGdFbXl1YWVVTkdBMTA0OEprMHQtYzg2cHJQN0xiV2EyRC1oQ1UxTXlEZHZZX0M0SWI3RnZhSk5kTVgyeVpQMXE5dHg0anpxdXhBLWdibmo1U21OZzR5U3RtMmxvZDBpejBleVpSSnRWaTRXWGpkMjFaRGFLV1B5Z3FGTElWalVrY1BqRGY0a2YzeVFHS0phRWJlSnJkMXhDSmZfVUUtZw?oc=5
2026-09-14 03:00,Investing.com,investing.com,Goldman Sachs reiterates Meta stock Buy rating on AI agent launch,https://news.google.com/rss/articles/CBMiwwFBVV95cUxPeEpWMTlTWFB5RUt3UFV6dnZVbWxJRFhvXzFEVEtiRjB1ZmVkWFktZGtjYm5rbndNc19MSjIxSGQtcmsxcFpuZjU0Z0I0ZENMeWtNWk41LVVCX25YdnhESnVVdnd6Z2JUc21fWnpCd1o2X3huYmtiYmVTeEZBRHNLMGRTeG1SX09IbkJiUzExRTViNHhTV1NJd0k1ZkI3WEtLTko5YkUtZklLZ0ZybWhBc3Jsb2Joa01vXy1KT2pGcjlPQUk?oc=5
2026-09-14 03:00,Reuters,reuters.com,Global banks coalesce around Fed hike call after inflation surprises,https://news.google.com/rss/articles/CBMimwFBVV95cUxNTnlqS1c0ZUI3VGExTWl4c3VCbXVLUi1NMFZZNUNaMmdLYzR2RnRDZjFPbGhPVG83M2ZBSms4YTc0b04wMUtNTG9GWmJnM29BU1ZzOWpHTjVxWXhjNHd6TmhndFV0VWJEc2ZkVm45OWtTMEktQ2NBMEdsd3J0XzNTWE1SNXVUQ3hKWFQ1WUJKLVc1bjRVWlg5NnFyaw?oc=5
2026-09-14 03:00,Seeking Alpha,seekingalpha.com,"Goldman Sachs’ long-duration stock basket: SiTime, NIQ lead Quant ratings (IWB:NYSEARCA)",https://news.google.com/rss/articles/CBMirAFBVV95cUxOcUlIcnE3Y09zN1BQZmNsM2lLZUxUOUdiWVlvZHNRd3JXV0dVQ21hdm5RMGVzdk12NFI4TDl5eXgyckFhSXp4dHltNHlLLVdQYjBLYVIteG1OMlB6QlpneTdJcGRVaXo3ekFqQlplOWFSNFNIMHl0anhubUtScWN4MS1LR3ZmZmpDc1VUdTFFbHZpSllENzhqYnJBMnhOSG9uNTU2UnV2Sy12VkdO?oc=5
2026-09-14 03:00,Yahoo Finance,finance.yahoo.com,Goldman Sachs (GS) Declines More Than Market: Some Information for Investors,https://news.google.com/rss/articles/CBMimwFBVV95cUxQTlptTWxfWV8tZGNJMEZRcG1pWk1uQjlGckNLZ1Y5bGtJeDhTLVZQc0dRcmtmT1NlUTJFSzFieGxSV2NkQlVSWEgxb1lSOGtQNkFnZUJwajJTeWxuRVRxQVdFcW85NC1KT3JnaFpSdVRRcGxRTDRCeFZoQXRfUUdKYmgybFk0a3dCM0FOQ3lrUDN2YXVEMFlyaXBjUQ?oc=5
2026-09-15 03:00,Benzinga,benzinga.com,Goldman Sachs Targets Middle-Market Deals After Raising $11.7B,https://news.google.com/rss/articles/CBMiwwFBVV95cUxQdXl1ZHYtWGp2YUZHYXpJRTFveEVIQlFPdDZaOWRKbHE5UHlFdVExQlVLUGhfUkVyODJOYzUtd1hXczRIX2t3T3NHSHJOWEJVOU0yZTVZc0lqODlpbG9xRHJjRm9HZW1pNUtZQTBaYUlLcDREMXI4SldSMzlJTVA5cFdjSm1zTzVISm41dGxBNFZDRWRGMnJSRDlPdzdxUmJTUkFwYzhVWlFXZUhHc2ZvcGwwZUtLdFctNHdXOGpKZGdCaDA?oc=5
2026-09-15 03:00,Business Insider,businessinsider.com,Goldman Sachs checked one of the bond market's biggest fears. It hasn't happened yet.,https://news.google.com/rss/articles/CBMingFBVV95cUxOODlsdkNQOTczUENLODBwVlN0SVNJOE55YWVlTTNqdHBOZ1BMVDY1VFNMMzE3TlFBZTNPUlZza2VoMVYwZjRrXzg3dkdsSDg2TUlTMi1FSGVZeFNGRWgzU3E5S0szLVpxekc0c2s4YmdvWnNaMnNCYUVpZHY2Q1kwSWRjR0ZrOGJWazUwcGJRbTZvUDVUOE8wR1VYQnBjUQ?oc=5
2026-09-15 03:00,Reuters,reuters.com,Goldman Sachs asset arm raises $11.7 billion in private equity funds,https://news.google.com/rss/articles/CBMiuwFBVV95cUxOUkx3aUVwQjV0SUt2RWE4N09seFJ1NUJPQTk5UFpFTFI0YmxOTEdlQjdBaXpkekF4RWNici1sekd5bEFhb1dxc05ZQ1ROblR0Vm1kVGFzSjEyWHV3OEotTmNfSW4xUXE5NjBfZVdHUV9VN2ZCU0dZTVNYUUlpdGFHMTI3bDVFYWhwNGVWRkhkVzY1cFpMSkxhdkhQYWRfVjlBV1hfbUoyMm50V29hek1XVW55SUNaMFR1VTJv?oc=5
2026-09-15 03:00,Yahoo Finance,finance.yahoo.com,Market Chatter: Goldman Sachs Among Anchor Investors in NSE IPO,https://news.google.com/rss/articles/CBMioAFBVV95cUxOaVVlUnU2ekZnbjBSQ2lJR2Q5UnVuX3ZsQlpxRkJYVlVOYUlzQ1ZxQU9aNHpMMURDVFpNUHJ1QnU4ZVVoZ1ZrR2pRc1gwd055cVZHdm51RE80R1RvdXI0NFZpSGZDR3l4dk5Yaml4eHhvWEt6QzNVNXJZWnNwenJoblNpNGFhM19JZFl6cl9fVGpHV0UzNjRfUVczYm9Ga1B1?oc=5
2026-09-15 03:00,Yahoo Finance,finance.yahoo.com,Meta’s (META) Muse Math: 10 Million Paying Users Could Mean $2.4 Billion a Year,https://news.google.com/rss/articles/CBMikAFBVV95cUxOMkxvX2JUS3NPd1FmUk5FbEFTQ2s4a0ZEVWxfSWc4cDNocnlCd09qTGFQNnMyak8yMlUwNHJaVEgxdUduMkpTcnlBQkhDa2hCZjJNUG9fRjM2MlNNWktSV2NRa3owTmFHVEl4blZfenF0TjRYMnNkbVFhaFdPN2lVc19tdF9MWVVCQkZkdkJJVTM?oc=5
2026-09-15 03:00,Yahoo Finance,finance.yahoo.com,"The Zacks Analyst Blog Highlights United Health, Dell Technologies and The Goldman Sachs",https://news.google.com/rss/articles/CBMingFBVV95cUxPZjV1Z3FsbFRXUldmczRvb1lyLWRJYjY4V0lyb2Q3VkJrWUFTaGxUcWtrWDhTY0dYbEF1N3d5ZURGSDhSR0hIS1hvMGp5YnpoWW9wRl84REJXUXNwNHZ0QWxuUTl6UGNxZC1EYmxFcnJ2Rm1mTGk2S2t6TVhjWlhVTWEwcGMxZ1VKY2wxUVZfX2t6WUh3czV6Qnk4alZjZw?oc=5
2026-09-15 03:00,Yahoo Finance,finance.yahoo.com,Why Goldman Sachs (GS) is a Great Dividend Stock Right Now,https://news.google.com/rss/articles/CBMilgFBVV95cUxPejVPUVI0U3VEemtBU1pDQzRCTm9kNzViQnVPQUdaUm9JdTh1VzIwYzZMaWExZ1N3VU05ZklST19oeVJGVTVlUE15Q2t6VDlCUXBDWUMxazFCdUlNdy0yYkxsamZtMlpoVE9Wa1E1ZnRFeDJoalpONm05SmtrQ1BLd2VWMkRHcGExTExHZzJXU2Q1UlJWcXc?oc=5
2026-09-16 03:00,Bloomberg,bloomberg.com,Goldman and GIC Among Buyers in NSE’s $703 Million Anchor Book,https://news.google.com/rss/articles/CBMirAFBVV95cUxNUjNjdXE2VnpxWGZRUDdYVkZST2t3TVN6eTZxQ2ttMVQ4RkVLM1lLNnZQaUU5NzJmV2FnQ0J1S3F6SVNRR1k1aGZ0ZzJxOUtsclRvekdOMnVZdU9HeXlBblctWF8xcVhndnNxZ2lMbTFUajVuZFNXc3RTb1ZiWkV5VFBuMFBQekZTajY2cFQzRUtyb0s4eE1Bd1BEWHlyODV1TTk5WWRheXo1YTVh?oc=5
2026-09-16 03:00,Business Insider,businessinsider.com,Goldman's investment banking chief shares how she uses AI most — and how juniors should use it to get ahead,https://news.google.com/rss/articles/CBMiqgFBVV95cUxNY0RQYW9EdTB1cG9WeHZLVEZpZ3ZkYmJuWmZmNV81ZmNZU25YZkRsUWhFQTN2ZmYtODdTcTJsaHB2SHd4eTVIQmhFcEJ2YmtodUo4T3dzU2tZYWtDMWpqUWtLRy1SUXhOWmVodUpnc0J3Qk1wUHRIUmJWcHZKY2hBeWxxWjZGTzlmZTNPOUVLVFVSNEVUcXZ1QmN0X3JBNERqeldydVE4LUVQQQ?oc=5
2026-09-16 03:00,Fortune,fortune.com,The economy is rewarding capital ownership over labor — most Americans don't benefit,https://news.google.com/rss/articles/CBMiigFBVV95cUxOWHpjcnF4VHFCaW5kckdtUmptT0ExajV4ZmdtMFlKZWxPM3pkNC1yenBqNDdnb1JVZlIzQXZhNG1xQXRpLVc0MTJnaTE3M0RUdW96N1RiTUs1SXdSUmVIVDdjY2ROZ1NiN2h0MHdkbUI1LV85UkJOblpPdWNIOEd1eWFWN2dwWEcwV0E?oc=5
2026-09-16 03:00,Investing.com,investing.com,Goldman Sachs upgrades Sunbelt Rentals stock rating to buy on strong results,https://news.google.com/rss/articles/CBMi0gFBVV95cUxNanQ0SVpxSk00cTJFSUVEWlVlY1gzV3FiNUYxRjNjSFZmYml2U3h0U3lncmp0N0NzU0ctVUN4c0VBN3Zac2FTQzBYTnFtTHI3NUNmV0Zld25TV1dJak0tNUphc09HU2xDd0h5TnBTT2xteFlNczE4YzgwNXVUTmNDX2c2dGphU1U4cVo3MGZ0YVRIRWQ2SEZ0bDlKdmxwX1VrLTlZVmM5YjhFS21ybmlGSHhuWkYzY2s0bHd6WV94NHRLUVV5RzJhdDBmZy15Y3c5c0E?oc=5
2026-09-16 03:00,Reuters,reuters.com,"Goldman Sachs sees slightly softer fixed income, currencies, commodities business, higher costs",https://news.google.com/rss/articles/CBMizgFBVV95cUxQR2lWM0RvQ2IyX3Fyd3d1ZG5abFVMaXlEQ3Q2dnl3bHMxMUpZUG5adWY5dHIyeF9CUEFJOXU3WXEyTlBfWHFtcGd1Q0pDcWY4VGU5THJUT0VTcWgzV1g5bVR0MmQ0OXMzVUhZYWNHOTlQbHY0c1ZRUzdGcmR1Um5YYUFBMjk2SXA4d0gwa3A3dThxdmMzOW9WZGh4QnEzR3pnS3RTdnVUbS03aFQ2bUxkd1pRVUI0b1dHcUVKT190UktleURHQmE0M2hjYk5fZw?oc=5
2026-09-16 03:00,Seeking Alpha,seekingalpha.com,"Goldman's CEO warns of softer fixed-income revenue, higher costs (GS:NYSE)",https://news.google.com/rss/articles/CBMiogFBVV95cUxPU3pQNzN4M291aUh0ODhlemloTGdpdmEyLVB6MEJlNlI1NXZTelRTLWVzWncxdDE5UkZReU90Sm5RWGtpN3Nmb24zc0l3TzRwTUZLWEtGcUU4akJCa3d5ZnhuZEJJalNpRHc2T1BSTGtZOW52TGZXMHc1V1JMMGI3RFZVTzliVE84Q0xWWDZDaVZWZXNEUGNNVUZQZUU2SEEtQ3c?oc=5
2026-09-16 03:00,Yahoo Finance,finance.yahoo.com,"Goldman CEO Warns of Higher Costs, Softness in Fixed Income",https://news.google.com/rss/articles/CBMimwFBVV95cUxQUDRsTjNUUkg3UUlqRjM4QTJyMUtSUmx6cU56dFlzV0xlNWRaRVc5QlFFUFJVbDhNb1czQ2xFOGNXTnI3OHRzaEJjbmVPWW9meXlBUGE1ZHdlYm5XdUgzNWk1YlJsVE9NOFNPMlRLdEtYZ21sM2JmcTBOcjVEWURpVHpRX3k1aFlEakFyc1R1ZE9Oa2pJNl9ZQ29yRQ?oc=5
2026-09-16 03:00,Yahoo Finance,finance.yahoo.com,"Goldman Sachs Eyes $70B Revenue Base as Asset, Wealth Growth Accelerates",https://news.google.com/rss/articles/CBMimwFBVV95cUxNOFlxWjR1OEROUVVNTlVJdzAxdF9wbVBudmNtZE93NXNyZ0JjdnlZazVDZlF3Tm5uUWdVeFlqdUdTUjJVc1lKOFAwOXFETDV2SFY5VWdDTnhNUEhtUWtiVEJ4X2xDd0JhdDZFZW5aQzFvcFhOME9pX0JJaE5KdV9CRk9tN2J0Ynp2OXpoclUyV1RGRUF5dHNUQXhIWQ?oc=5
2026-09-16 03:00,Yahoo Finance,finance.yahoo.com,Goldman Sachs stock falls after CEO warns of softer trading,https://news.google.com/rss/articles/CBMimgFBVV95cUxNVWZEbWQ1cEQxWVpaYUlWV2dpNnVxcFZycWpyN3RHUDQxdEY4WTkyU0tMRTJCRFBvY2xhU2U0S2Q1NFhPWDRzUGF1U01HUGF0MWQxS292SXdTRXVzT3dkMGZPelA0cEwya0EtMW1pNm91enY5dzlkZzg2VXFzQjNzdDdRb2F1ZTNyN3lQdnhSOER5c2Z4bGl1YmVB?oc=5
2026-09-16 03:00,Yahoo Finance,finance.yahoo.com,Goldman's AI Server Forecast Sends Dell Stock Jumping,https://news.google.com/rss/articles/CBMingFBVV95cUxPaUtrSVZxVmV0ODR5RDVZbDA4eXR4SlhuUE11a2dxLW9QZnNHXy1LTmFjZC1BYldqN0RwSXYwVlhSYjdWVmZ4MDlSMUMycFdTX2VtQWJiTHJET3NITTd3cGp2emVhSHp5WUdyd21ZR3c0TERiSlcta3lxNVdncWlmZ1F6Um1lQWdCendQVERZbDY2WXFUSnR3SUtuVnB4QQ?oc=5
2026-09-17 03:00,Barron's,barrons.com,Goldman Sachs Stock Is Worth a Look Now That Its Tech Glow Has Faded,https://news.google.com/rss/articles/CBMie0FVX3lxTE5ncUpqMnZneHUzQURiaDFfb2l2ay1RcS1JZWUtM05GeFRYTEhrZTBvWU9wSThtcXdqSnZWRmdRalB5T3F6clN5T0ZQUm9MNlJPZWhsclJfRjBNbEx1aUcyUWh4ZjBsMTBaQlA5dXBsQ0xhaHR3VEhuQVk5OA?oc=5
2026-09-17 03:00,Bloomberg,bloomberg.com,Goldman Sachs Is Wary of Long Bonds With More Volatility Likely,https://news.google.com/rss/articles/CBMitAFBVV95cUxQeHRURkpGRlhiNmhaeVk2ckZVeGJrd09pallTVmZyc3pQX2dFaDN1T3JMQzJfc1c2WVJfTTQtVlBPXzNJT3BQZDIxTWRYYWg2WnluckdweGt4LUlPTG9sOFFWNWx0TDJFbWRRWHMtLUhXVTdPMGZ1emRIWnZiWGZDeTE3ZzFpODFJeW9lbG1HN3gxV0syZzUzZF9oNWJvaE5CbHZPVmh4MkJ3VmlmamNJUmxCN24?oc=5
2026-09-17 03:00,CNBC,cnbc.com,Goldman Sachs: Stronger yen could take shine off earnings,https://news.google.com/rss/articles/CBMiWEFVX3lxTE8yc3BRTUxiVFEtOTNWTnBOa1Y5LVpfc2phVFVGZ0RVeW11RU5EUXJrYzd0MmFRUlV6dGRGMTBMMmxOdkVmVkwyX0JpWFpmQW53MW03WGlSU28?oc=5
2026-09-17 03:00,Fortune,fortune.com,Goldman’s top strategist just added hard numbers to his earnings-bubble warning,https://news.google.com/rss/articles/CBMigwFBVV95cUxONUVZV1lXMGdxS1RGMnE3VzRDWldWLTFVLTAtSElmS09uY2Nfa1JDMzZpd1RnZmMtSlREcDY1WEdmRGdTaDVvUkpGcXNmN2diRzJUdWFxTEE0RHhrUGNKTG5nWGpFWVFUY0V2R0xTUUZSeERSeHFkZkxQeGk4TTdLbUwycw?oc=5
2026-09-17 03:00,Investing.com,investing.com,Goldman Sachs cuts Carnival stock price target on yield concerns,https://news.google.com/rss/articles/CBMiwgFBVV95cUxOUGlYdExZOEpWVUF3aVh0R0ozOFlUS3pXcFNXZlpIMHZIYXVIQXp0dnFEYkwwc1pVT0RkazBBbUpsTWxmNFEzRm91LVlGMXAtYkhISzBDSEZkLWZvbzZwWEJYb0pIQXhYN055ZVplcDBMYXhoX0s3WDNrTnZvZzB5SlVzS25keFZVblRvV1ZacTFIM0p5UEM2bDFfaHp3dU8yZGVMdXRjcHduQjVxYXZSU3lrY1FiWjNEQTJBekVXN1lqZw?oc=5
2026-09-17 03:00,Investing.com,investing.com,Goldman Sachs downgrades Fluence Energy stock rating on lowered outlook,https://news.google.com/rss/articles/CBMiywFBVV95cUxOSjctTDR0dGp2LUFVRlI4ZWxvb0dBNXBRVl9ia29wQWZNVURqOVBvZGJhU29Md0NlZDZKY0dGZnpVemZFWUZ4YzIzRGd2cmJCTnJpTEVjRDNVRE9qSXItejRzbmZ4bGxLWlFfSk14cHRYX3BPc0NudEZSQmdpSW5pelMtajFIWkFoX0FnMVdTOUtQSGFsRjZmWmlRYTVYRVRMOWJKWkJQY25Cd2NFMU50YWxCQUVIUDBTNkdNU0ZIUmhLV0Q5YTFYRFpxbw?oc=5
2026-09-17 03:00,Reuters,reuters.com,Goldman's October hike call underscores renewed Fed tightening risks,https://news.google.com/rss/articles/CBMilwFBVV95cUxPNnA4bVp0ZlNGeVVZRGJvNmIwcVdmSHN3N1I1WlpaYldOaDdGUEoxUkxJNjd3ZkFkNkxhN09iR0RJbzU0VnQxdHdqUHhhVHRsZ3B4cnl0dHE5VHh1WHFBbjRFNnhpQ2NtRjlNQXRtUUVHN0w3azFuS2VxMEJ1NHB3SG5MVWl0NzVDcGNNVmlwYXJsMzZoNWpr?oc=5
2026-09-17 03:00,Yahoo Finance,finance.yahoo.com,Goldman Sachs CEO Flags Unexpected $500 Million Hit,https://news.google.com/rss/articles/CBMioAFBVV95cUxNUDNhSEI5cDhVYnpJRWVGU29yUUxjcUxMUFVIdUw2UVBTUU11cktvbmZPcnpxekRTV1hKR3FZdXFCNTRDZ29iR1ZvaDhzUUNUVG5JQVhveHRzSTdXV2pLaFdMVmg4QXBqclJrQ3dfSXFjRXZTa0pfN2l1amczMzZteXZ0aFkyYkdERXo1QWw0cTVpa3BsandaR0RUc2J5dmhv?oc=5
2026-09-17 03:00,Yahoo Finance,finance.yahoo.com,Goldman Sachs Drops as Fed Rate-Hike Call Adds October Risk,https://news.google.com/rss/articles/CBMimAFBVV95cUxPM096ZUo5X2N4RHZTQlc4Z3V6OFlWYUduMEQ5b0xtQkg1aXRkbWpXdjhVaHZKVGttNy1QODRncWdkcWVnVTBXN3o5c245Q3prZWxvbGNKNzFNSDQxaXBVbjAxWUZSUzQ0UnJwTFlhMi1CMi1UaGhLT0UyVG5YcmExYTh0dm9BTDVGalg4RzlzY0xpLWJxSkpJdw?oc=5
2026-09-17 03:00,Yahoo Finance,finance.yahoo.com,Is Goldman Sachs (GS) Becoming A Bigger Force In AI Finance And Private Markets?,https://news.google.com/rss/articles/CBMinAFBVV95cUxOcHhZNmFxRi02RkVzdW5pbENxOEhHQXZEY25ZRUJiaVFMSEtHNlFrb1dfeU5vNlpLZVVLN2ZlSGRsbjVMQTluRC1MUmh5dHVaMFRtenUxREFoQjNwVEZ4SGVWckJyQjhVUXNEeGgxcm1pQ1d1S1RvVW5VTnFqTjVKaXZ6REpFS2xKcWsyYXRJa2NHdFBJZXp3bTYtejk?oc=5
2026-09-17 06:57,Benzinga,benzinga.com,Goldman Sachs BDC Q2 2026 Earnings Call: Complete Transcript,https://news.google.com/rss/articles/CBMipwFBVV95cUxQVzZoSHNpSlo4bHFGdk5wVUlRVXh5WUxLWG56c05pa0R2R2dLYjhpMU1VWVFoNEJyTGJtT216bURoY1IwcEtCZWJKR1dGUmRaOHR1T21KN0Ftb05QdFhoOHY3WmNNZVpOa0dVZWZXMDV0ZXFQTUVNQU1fTWE0SGw3UUlWT2FyR1hqOENfNzR6RVpJYUZDZ19qV3pZX1NEZEZGSU1YRVdjaw?oc=5
2026-09-17 18:37,TheStreet,thestreet.com,Goldman Sachs drops one stat testing the S&P 500 bull case,https://news.google.com/rss/articles/CBMihgFBVV95cUxNM2RfMldWcWdLUDcyeTdXZ0c5RGtfbXFIZWVsdTFidHB2eTNZSjI5UERFWHF3U1psVGk3SUh1MWtXNnZFLVlCYS1GSjd0WXJ1RFlDZE1yTWdhZS11T2llUkExNG9KV3BwdlFDU0tmSHRhQW5wR3lQWWluay1sRFJDc3Y1VFlfdw?oc=5
2026-09-18 03:00,Benzinga,benzinga.com,$100 Invested In Goldman Sachs Group 5 Years Ago Would Be Worth This Much Today,https://news.google.com/rss/articles/CBMitgFBVV95cUxORGcwNzlsN25KeXZWQnpsT2FPc1hnZk0tOGZFVl9ZWjhEZzdhMVV1X2Fra0hSM0trREpRdHQ5WUJvQnR1UjgwUWJGRlU5aF9PWmpjc0RyTVF5VjZPeU1LUjN0cGlRRDFOWUZfajR6U3VRMEc3SG5YdXczSW1haUJXMGszUG95dFVXaGMtRnEzZ0I4cUY5Um9LdHRtWThiU25Xd3dYcm9MZXdDVFc3RWpoRmJiOHhzdw?oc=5
2026-09-18 03:00,Bloomberg,bloomberg.com,Goldman’s Snider Says Fears of US Earnings Bubble Are Misplaced,https://news.google.com/rss/articles/CBMitAFBVV95cUxNQnZYVjlON1VEbHAzbEJCNzhzdjR2ekhaNzR3Y2pBU0NPa0N1Q0pDWnJVdGZRYVZPWi1GaEtIZjNrT1I2dDlCUl96UFNwelZHeW1EUTZ1bkVlSjAyc21oblRVNnl5YkxlUjBrVF9yVzFSZmFxR2RMVE1CRVFYSzRaNnRFSEI5TEpxQWpENEFHWEc3X09YSlVNblVQUVZGNlVEamNGWnNpb2czQjBUcnNIekZCZXg?oc=5
2026-09-18 03:00,Bloomberg,bloomberg.com,Turkish Fund’s Goldman Dreams Collapse in ‘Ponzi-Like Scheme’,https://news.google.com/rss/articles/CBMirwFBVV95cUxPREZsTVM2TGMzLXM4akZjdldWM3RQVFQwUWRCdEg5RGF2SzFFYmJ3SUpMX0ZWQmtEOTc2RVNXNXQyZHBUZG5kQVluNnVlX2pmTWd2enlnMEczYjFYWTFIS2Q2OE1PYkI0U0d2bjZYOUlQbXFyc1ZUdnV0YVNYd2RTWFdpVFgyOHJqS1pDU243NHlnekJaN1RkMG05ZTVlT01HeGtHWUhRNHZwbDl2Y2V3?oc=5
2026-09-18 03:00,Yahoo Finance,finance.yahoo.com,Goldman Sachs Delivers Surprising Verdict on Big Tech Stocks,https://news.google.com/rss/articles/CBMiqgFBVV95cUxPa3licGwzTkpzZl80RHdEWEFCMTZYQlRxNFlndVZ6eGFoZWpEdTd6OWxqN3p6R2ZudjJZcy1kRmpHdmhiSXVxZ3hzSUxIUDZBTmtZMDRrSkljSXZZeEw4Yi1wd0VxQ1lMV05YZHlUMGVZZEFWdkg5N3pUSUc3NWIybUQ3VFpJTzNpWDJMcU9YQnc2NmJrTkZSTmliX2NBcFFwSXoyNWlIeFFkdw?oc=5
2026-09-18 03:00,Yahoo Finance,finance.yahoo.com,Is the S&P 500 in an “earnings bubble”? Goldman weighs in,https://news.google.com/rss/articles/CBMimgFBVV95cUxOUG94R0VLTHpGcHhyWTkzYmhDZzd1aml3Nzk3Nm5CT2VCMno5Q2xKcDBIdVRqdkFEVE1WWEhqMkNobFEwMlRVS2NwSEZCY3lNYmRJUFJaX1E5cm5oNHBJakpiTkF5aVlVOHhmVHlEdEhRYUdIaVdlYVVzeTc0VmNYT0c2SXJ4WlpSUmdGaU1CQmJPc1BSVUlZRk5R?oc=5
2026-09-18 03:00,Yahoo Finance,finance.yahoo.com,"What Fed rate hikes mean for gold prices in 2027, according to Goldman",https://news.google.com/rss/articles/CBMimgFBVV95cUxNbGtJQloyX0JVY3BCU0ZpUGhsalVnSzdqcHdvbGs1N2RUSWdnbHVZWlk4b3lJdFhhcmFwUEQ3NXgtZ1Q2RzNZX1ZIYlREQmxCeWotUDJTVTN4UVJ5dXBSNmRjUkJRODEwUkJ0RWdlbUJKWTFyLV8yVzdDNEdyWm5HVWg2TXRkOUFfb2pydnVCUUs1LXBUbWVfNnpn?oc=5
2026-09-18 04:30,The Motley Fool,fool.com,Anthropic Is Expected to Go Public in October. The Brokerages Get Paid Either Way.,https://news.google.com/rss/articles/CBMilwFBVV95cUxPbUFDY3FaRnp2WUI4Vko0M2t2dWYtUUswWV8ycUVCSTFUaEZrMjRNRWw2S2xLeWRyY2o0MWRmUm1jRGlOSlI5RHJEc3JxVThEM3drVUpPZkJ5S0pCM2lOYTQ4ajEyUF9MaHJWS1piQzFGdTJBUzF4dE9ZUWpWbmNUVjZRSXQwOE5fcHVEMURqLWd1RmlVWmRN?oc=5
2026-09-18 09:05,Benzinga,benzinga.com,"Goldman Sachs, UnitedHealth And A Tech Stock On CNBC’s ‘Final Trades’",https://news.google.com/rss/articles/CBMiygFBVV95cUxPUkJoSVBDRTl4NGI4NloyaXRSckVzUzdZOUZuVVlFMHJyRHpMMnJfWkdLOFczUDBDVzJJbld0M0x5QUhwS2s1cDBOZVlMaGF2SDFSY1VncUw1VGx4TnBnLTVCeEYzY0wxNkhERmFqY25aejE3Rlp4eUpRc29wZ0w2MFRocVR2U09pVjd5V2dIV2J1eDRJYXJzQnRHdlo1ZUNiMHRWcWNQaTJSZ3hCdS1GdThJX3FCNjhRUjhvemJyd0ZCX2h5ZE1vb2tR?oc=5
2026-09-18 11:54,TheStreet,thestreet.com,Goldman Sachs analyst issues new Meta stock forecast,https://news.google.com/rss/articles/CBMinAFBVV95cUxOeldrSjhiYjJiZVhHYXdVQ2d2Ny1oYndPSEZwWUxDYW1DajVXWW1qRl9HMUJ1STFqR28tMTU1QXpQUHZVTnJodTA0NDY1Z3RzQ0NteFNRY1V2aTd6UjlXWmhvelEzWno5eXo5VGxSZUxVOUlQaFVqdlZ5TTRVUWNBSFhnNDhmNThWSVYtYUctLTlfTktRYUlxdkliWDU?oc=5
2026-09-18 15:35,Yahoo Finance,finance.yahoo.com,Goldman Sachs Sends Stark Warning on S&P 500 Earnings,https://news.google.com/rss/articles/CBMinwFBVV95cUxNbWRxSUxBZHhhTGVWTEtKMm9hOFJsX202MnJrQkxQbVhtM3hzcmhxNktDR3RYY0R6VVdVLTVscmxqZ0lUMW9pd0ZSdUR4eVI4a3BTZ2Z0QzV4X2pYQmRsenlYbU4xSEd1dnZ0UURQeDVGb2tlZHktdkxVbGxLZktiX2tJRGd0dTJTQnl2anFEUVVtekpVcE8xaXNKd3hzXzA?oc=5
2026-09-18 16:29,CNBC,cnbc.com,"Earnings are 'very very solid,' even outside of AI, says Goldman Sachs' John Flood",https://news.google.com/rss/articles/CBMivAFBVV95cUxNQkdvemVaYVNwdlFpNUNOZllWV0pWWGZ3SUlkWThMazZPeU44TEpSZm8ycklpUm9ZMmIxclpBa015a3Y2bnBwT0k0TjMxTTNXNUdnOGNNU3plWXV0QUotR083MGZKR2gxOGd5VDRWQnVjbl9aWXRIRE5yQ0kwa1BieWppTENQRXk1OHU4eldxc3RPR3p0Q01xaGJMdy1peE16RTZSQXB4VktFalI0SS1URExBdkdXWEJmWnRDYg?oc=5
2026-09-18 18:07,Yahoo Finance,finance.yahoo.com,Goldman Sachs just put a number on a problem most Americans feel,https://news.google.com/rss/articles/CBMikAFBVV95cUxOeWRiak9YTXM5UENsdThrTkFic0R5WmdKT2FoSmxJVGZYbVFfd1VGZV94dWpKdmNMX1N3MDNnMTRjb0hWUEJMY0FWVktzOE5aRG5GVk5MZWwwYnE0U1NWclVaQjBPdmE1WWs3UWlQZWlZT3picjdWaWVUbkp1MU1pTko4Rk80cGM2ZEI3ZWRKdEU?oc=5
2026-09-19 03:00,Yahoo Finance,finance.yahoo.com,"Is Affirm Holdings, Inc. (AFRM) Stock a Buy After Goldman Sachs Raised Its Price Target?",https://news.google.com/rss/articles/CBMimwFBVV95cUxQNVNPT0J5YzBqbmp0QnRET0ZfaGtlZ29CemprY256TUc2aGIyUWkzNXZfMlZtRW1YTS02cXd0YW8tZjlHSHdWUTY0SmUxWnFIQTd4MFkzdWZMWFRHZF9rNjhKUjJZSzIzcVpyY2NEcHZyNHd6LVB5WkozendDZGJiYUprUG93Vm5DZkhKQk5iRGNmZzJvdTlSckphZw?oc=5
2026-09-19 05:30,Business Insider,businessinsider.com,The AI capex boom masks an uncomfortable truth about S&P 500 earnings,https://news.google.com/rss/articles/CBMiogFBVV95cUxPTndsOGNFc2NtVmRKNUVpSGFYV09FcERGMVcwcXBoUUVyRmlzb3RmV3hUNEFzXy1kaVB3R21WWm5nQ3doS3VnbE9yLU95UUtiN3F2aGxKRUVvb19BcDNOXzdUZndLQVlQck90M08xUHdwdUlLbjZlRXpFSUJiWFp1cTZhc0YybVphNEl1blpSR3U5aUpuQ2haNkRIOEgxYTdVY2c?oc=5
2026-09-20 19:50,Yahoo Finance,finance.yahoo.com,Should You Buy Goldman Sachs Stock After Its 26% Run-Up From Its 52-Week Low?,https://news.google.com/rss/articles/CBMilgFBVV95cUxQY0xOYzVqTDhGMkJVZTVvR0xxV0dKdS1vOGVwUHo2TGRDX0dOcFRTVEdZSkVJYnhXYUJfN2xPRDNHOUlCVmtObGpOYmdPMU0yYkZQQkhCbG1sdlJJWUdFM3RyaDR4R3cwb203UjlXVzljNXctV1Y4RzZDWjN0REFYTm5FeWZjRU1CNV9UakFRZjFqZGtyVEE?oc=5
2026-09-20 20:00,Bloomberg,bloomberg.com,"Watch Markets: Goldman Sachs Likes European Stocks on Earnings, Global Reach",https://news.google.com/rss/articles/CBMirgFBVV95cUxPckhMTVJyeTU0RUk0VGdCNTRpVVpkbzlUY1J2bTNqdC16dkJ3WEJfZlZwNzhDWnpLY3BKclFvd2ZXQmM4UXM2YXB5RVJwZGlOTTFNUU5hVW9JWG96czR3cnhHVnI0U3UzSUstTm9zbFdPLTZzWGd6SDdRY3Z3TXdtU2tDN0hQWTdmc2xDUlVscXZtcURwUl9VWm5YMk1SWFhoOEludmVPV1IzbTNYRUE?oc=5
2026-09-21 01:28,Yahoo Finance,uk.finance.yahoo.com,Why Goldman Sachs still prefers AI infrastructure to 5% Treasurys,https://news.google.com/rss/articles/CBMihwFBVV95cUxOODBrVjg0MkdFalN6VkZULVJnek82Mkp2MDRkSGlzR2ZuZGtaZFBrb18zdk83YVJlU1c0VXRMRDB1cWN4cWkzMzAxU2ZEcWIzeDk5Z056c204Z3cwZ2JWbEEzc3VvUUZvRXdIOEtUUDVXaFE0cnNtUHJRV1IxejBSZGduMjcyelE?oc=5
2026-09-21 20:00,Bloomberg,bloomberg.com,Watch Goldman's Snider Expects Double-Digit S&P Earnings Growth,https://news.google.com/rss/articles/CBMirAFBVV95cUxNUkR2a1ZrenV4SHNDZjhqbWsxUDFOcFBVZWJocFJBd04xYVlkWjQ1bXJBYVhxRkZiMWxGZ1B5dXlNQ2pCV1JYbjVvbDlxQS0yZUZLZDJySlFrMm84MTVJQUNraVhBbk8yYlNSUzJUaWQxYTM4SV8wTjVVNlZHNFdxeXQta0JlV1dVSVBWRWl2Qi1oRmg0U3hybWFUWktLUDJhUGRhVW9yTkUtMzZQ?oc=5
2026-09-22 08:08,Financial Times,ft.com,"Pick a stock, just not any stock",https://news.google.com/rss/articles/CBMicEFVX3lxTFA3VkxJTkpTX1ZGYlVhamtJcS1qTVNPZ0JOYWl4N2xFLV9XZURiVDJ5M3BlNEJud1Z3N1V1dHNib2g5MGNycHlJY1EwRWNPUFNPdnk1OUhNSkVoMG1rSnFMTFJHRE1VOXBBbW1OLVRrQlI?oc=5
2026-09-22 09:39,Yahoo Finance,finance.yahoo.com,Goldman Eyes Nearly $70B Revenue Base in 2026: What's Driving Growth?,https://news.google.com/rss/articles/CBMinAFBVV95cUxOTlMxbnl2QXJPMExOak1ZZWVlc2p5Z3FPYnZqeEt0WXpRSG9JYnNmRTFSdGRjQWhZdVA2enVfcUFsNHNISTIwUURybFF2YzVreUN1N0hzQng4dXdabl9HeDYtN05DYm04Ymw2b2I4eWRudUlXbzNJc1JtdDNaU2xFR1BSRERlcGNtelVkRlJ3dEVfUlh4YTdCWkw2MVM?oc=5
2026-09-22 10:54,Yahoo Finance,finance.yahoo.com,"Goldman Sachs in talks to acquire Palmer Square, Bloomberg says",https://news.google.com/rss/articles/CBMioAFBVV95cUxQaWhrMGIxUUIzS1NIX3N3eVRzQjVmVExweVptM0JpR190MUlNSDJmVnFTX3VzRmx2b25QMS14M085ODc3dy16Rm94dlY1RzI3bklES2oxSUkxa3REX3UzVGs1RTVFZ3RfWmFGSVpCOUJGalpKOHRrbms0WkpNblJ1YTUtV1B0ckF6WWdseTB1S1BIeFk4cXVmNTBfV0tRenZt?oc=5
2026-09-22 12:52,Yahoo Finance,finance.yahoo.com,"JPMorgan Chase Falls 3% Despite New $20B QIA Partnership; Goldman Sachs Eases, Bank of America Slips",https://news.google.com/rss/articles/CBMimwFBVV95cUxPWG84UGx6UTlfWW1vS1FSSmtTNHBLVUNzdnFRT1BzclJWY2lidlRuNUh5MGM2SmNtc1pfRjFXc09VNThZZVlNOXBNVk5pUGt5cW1FYTBXVW1QX0w5Z2lXRWlGdEpGY0otNnJOTzVqbWNWdmx6bnVmNWIwS2ZXalZWQ0dSMHRyOS1ncll6OVBDNkZmQXAzVmUxajlpcw?oc=5
2026-09-22 14:51,Yahoo Finance,finance.yahoo.com,Goldman Falls 2% While Chinese AI Keeps Paying Wall Street,https://news.google.com/rss/articles/CBMimgFBVV95cUxNYmhiYzZFaGdLWWxQUnNKdDJ3S09lVmJtX3E1aW5ZcHZaUG5wN2R0cXh2OVZpSDNrVXZ1NlRlSGl5ZXk3SDBnU2FEQnlBcUVjbHJqN3RESWJUOTdiajMxX3RSUlJxQ3lFOUpZM2lpN0JUQXBfOU1LNXF1SkpEbWdCdC1fbFF2NVZ3ZFVLN09uZDhvT3ZFS3BKM2tB?oc=5
2026-09-22 15:26,Reuters,reuters.com,Breakingviews - COMMENTARY: Goldman sets M&A pace with freed capital,https://news.google.com/rss/articles/CBMiogFBVV95cUxNaTZ5OXdkbXFlT3Z4TXkxY2E2RjZDemptMkhoQ3FSSVpEeTRhNzdxLVQtYjZOVC16eFFGT2dTdHpaQzhaQzJsWDd3N2ZybjBtOXhQaHY5RXF5ZmVUc2JoMm9rd0lvVFJXMUo3dXktUzZNeTNheW44bVBrUVlEUzRBSWZjM19yNElUSUtsTV9wYUR6QmlnLWk3WTVNcUpKRWhvaWc?oc=5
2026-09-22 16:50,Yahoo Finance,finance.yahoo.com,"Goldman Sachs Group, Inc. (The) (GS) Stock Forecasts",https://news.google.com/rss/articles/CBMijAFBVV95cUxQUjM5a2ZSZ2llQnNFNGtuVXl4SzdYWDZUbE5wNkRKelZ1MmhIM1dOc1dzeXZCOF9kbzZhbG5lYnpDTWVvbUc4U1JtMjF0OXJuNk5DQ185SkFyVUo1TjIxOXVWS2J3akVwcEtoTWhIWUpwMng2U3NBMC1SbU5PaTdvVThMNlJHRl9rTVN5Nw?oc=5
2026-09-22 18:00,Yahoo Finance,finance.yahoo.com,Goldman Sachs and Deutsche Bank Agree: The S&P 500 Rally Isn't Over,https://news.google.com/rss/articles/CBMinwFBVV95cUxOQmxVLUQtOVprYzFRb0NlOE1GMFdYWklleEExckNwaHhocTNUQ1Q5MnFDWkxacFhLNktyaGhkQ3RnTlV3Umh5UGpzUGtVU0dEYWdpTW40cnZ5dUxYQ2Q1ZkYxRUNXMU5ZeVZTZUxEQTVka3lEbHRZRVB0d3o5eG8wWThDUEV5Q19Xcjk4ODFLeHdHN2tpbmJqOVhuMDJtaW8?oc=5
2026-09-23 06:36,Investing.com,investing.com,Goldman Sachs reiterates Buy on Royal Caribbean stock amid acquisition speculation,https://news.google.com/rss/articles/CBMi2gFBVV95cUxQWWVERDVPV1JDNXptd3lFaVpoVFZwdzd5TEF0cWQzZ1E2TklMU2RIcDdUOG05N3NCQzF3dGdOalNKbHI3VV9wek1WQjA2N0dhUjN2ZXNqbUs3YmUtbXgyOHFBenVaUVBXTFVhOFJpNUYxRW0wODNDRFNzZEVzdHZmZ2JUcndvcUNOOFpOZ2ZTZFhncnZTeVRGWHRsenFxU3RjRFdycUZib1d0M0YzVEFTbHNKVk1vUDdoamdPd08xbmUzclgzNjV6MkJ0bWRvTDBVZ2x0YW9FVkItdw?oc=5
2026-09-23 07:58,Investing.com,investing.com,Goldman Sachs reiterates Bristol-Myers Squibb stock Neutral rating,https://news.google.com/rss/articles/CBMiwwFBVV95cUxPYUpGRE1GdngyTFFwTW1qTW41aHlCbTByX0tUMHU0QXBmR08tYUwybFlTWWtEY09Pd2ZBdm9NcWRnRDdKRVp3Ymh2Y193TmNWNm53TFJYdE1tNDlkaEo3dk5JLTZIM1FWSlF3SlBwTmlfSkp0elFJQXBRUnZMNkw4UTBYSU5HdW80bzNnN25rVXNBdU5Qb3luVXBMQ3VJWHNBZlA0SHlUSmpvRmJSUE5iUzFCZkE2VEVZNG1jcTFEOVRjNmc?oc=5
2026-09-23 15:54,Bloomberg,bloomberg.com,Peloton Holds Talks for Potential $800 Million Debut Bond Deal,https://news.google.com/rss/articles/CBMisgFBVV95cUxNdnViUWtGdlJ5VjVvVWFoamkwZF9kSjJYTWFqNGNORm14QXAwbXJvTUVPaHE3YzB2Z2I5dF9FdWNNZlYzVnpVQ3UtdXBUYXptUnh1aXp1dzRMOEZXNEZjbWtDblZtY2wzcmJMZ3NSUFJSY1VnNTZRODZMSTNMeVMzR0lPRkozdlFmNW94WmJZSG95MnBPN0ZXMXdxVzhUU2RZazNDTy1QR004ZjdnVFVteUd3?oc=5
2026-09-23 19:14,Yahoo Finance,finance.yahoo.com,What Is Goldman Sachs Group (GS) Doing With A $400 Million Cybersecurity Bet?,https://news.google.com/rss/articles/CBMilwFBVV95cUxONjN4WlpBSVlGZDlNZVNtOXcyS3N2ZkNHMjBodC1jYnpBdVRWbXpwLWEzQXJBWGxwOFp4Y1RmLThXSzVGVXhxNFc4ZnZ4UEVmQ0RYcHRXOFVLdDlpVjFZNXE5ejlWWmNrX2dnMlRpSU5mSVFLaS1ONGVLOVpEUGFNaGYxZFFmaGNhWV92TTN4T3gxeGdBRl9R?oc=5
2026-09-24 03:57,Investing.com,investing.com,Goldman Sachs initiates MeiraGTx stock coverage with neutral rating,https://news.google.com/rss/articles/CBMixgFBVV95cUxOU2lySmJyZE52M1dxVXYyUUR0VndFc09XZ0RUQ255VjZNeE5uV1JTMWN5RU9FTWtxOEE3V1daRWRxSHV2eFN6R0xPZHZlVVdyc1pqa3V0bUpOc3VFUS1tRUZ2dW01X09hV2k5WGZOSEQ2WFExejZ3QUhTT2xXSC1qb3ZkUXBCUXRITGlHdXA0OTZieXlYclQxdDBjZjRoNkc1UzBMZGVNV1ZTTllxMTN5X1NMY05EbWp5WTVlVVRNOW9FVGRtT2c?oc=5
2026-09-24 04:03,TheStreet,thestreet.com,Goldman Sachs doubles down on Microsoft stock,https://news.google.com/rss/articles/CBMipAFBVV95cUxOUWpPMnE2QXZsTm1jRFBUNnp1UHE3YzlaRER2cUlLQ2hCOFlUQ3VtWDAydlJobTBXc24ybGFUZ0s4WmhDaEpZWVQ0UFF2dHRPUzlCb2NLZm1wUGR3aVJVLWVQNThzUEg4TXo5U0VjaktSYzlmZUVweXJnVzlfcDVrdXJMZlFkYXhWVkQ3YmVQLVQ2bURMaFphRWl3OWJTNjVlSVFESQ?oc=5
2026-09-24 05:28,Investing.com,investing.com,Goldman Sachs initiates Almonty Industries stock at Neutral,https://news.google.com/rss/articles/CBMiuwFBVV95cUxOaDZlYWZrTGxiS0sxTDl2OXZTSTdaM0hGbi1tcWlyUEpQUldyV2dSbWViQ01sT2p3czlDbGVMOTI0ZTg1Zl82RUIwNGxVcTZZSUdDeTYyTjRzR1V0TmszalJjdGg0TnY4SXpEcjhBRGhpS0lTc1FjVkFBZXBuS1NHZ3VCeHVRQWc0b1pXeFBpN2hEN0lIX0FBQl9vcUc3aWtxOVFiTVFmNks4MnBpSVJ3NlYtTjNQWFZUNmln?oc=5
2026-09-24 06:24,Investing.com,investing.com,Goldman Sachs assumes coverage on Iovanace stock with buy rating,https://news.google.com/rss/articles/CBMiwgFBVV95cUxQbXNrOE8yemZMMDQ5ak5JaHJBN0xGWmhlN3VoZ1NsalZfRGZxZV8yTTdOU1N0V19fVVFzN0ZmUzRNQXBYc1VSdFdmeEJhOVNYcHdrLXAwUkk3UjBUSEhocXZPN004VXZfV0ZwdEQ4N2ZXNVBtWHIydTRITElLTGNlNnVwSDZuckF6VVpiZElSUTQ2cENjaHFNLWpBOTNnbjFzRTZVdmxwZk5kSjVlVlNmUUpNdzRnc19oMk5XMjRPSGROdw?oc=5
2026-09-24 06:24,Investing.com,investing.com,Goldman Sachs maintains Intuit stock Sell rating on growth visibility concerns,https://news.google.com/rss/articles/CBMi1AFBVV95cUxPWE80cXVmdmltVTAteTVSY3NaZGFsWjNYbDVKVy1XSnR0UEZHM1dUX1RjVUhDZHlpMjV0b2J5Y1ZYTnFTMUoxaUpxaTlKSVVQTjA0ZHZ1V01SVy1xWmRKRUhNLUdnc1lNaV9OUmN2NFVJMDlxeFJqai1sdTMyRUpvcXBVYzBpSll3VUt4Wno1c1NoWlgxQV9hdjJhU2VULTUzNFhCTjRMTld1TFdWLTVURS1RazVkRWx3bUVmRUE1OV9uOWM2MVp1RHZoMGdIRWNVVi1Hbg?oc=5
2026-09-24 06:35,Investing.com,investing.com,Krystal Biotech stock initiated at buy by Goldman Sachs,https://news.google.com/rss/articles/CBMitgFBVV95cUxOWTFaX2czLWlMZjM3VE1OLVgxVTlzSXZYUHhWZk00cngwSENENDhsQVpXUzBFdEc4a3hOVTk0ZF9ZalpuTUxkMUZJczBUbXNFLVRwVkVOVElqSzVnRHljOEJybkFncGRtdGFSLXdhX2NfRklFTUpxTTZMNWVRN0tjZXNQZFdEak8zTGhfcDlJMUhyYTNhRGtoeFQ4dkVHT1l0N3o2RmV0alF1LXZldFFMY3ZRckxCdw?oc=5
2026-09-24 06:57,Investing.com,investing.com,Goldman Sachs initiates coverage on Contineum Therapeutics stock,https://news.google.com/rss/articles/CBMiwgFBVV95cUxNNV9WczViclpzd3FhcEZXSFVvTEVQYmNjX3NZX0hwcTM3RHd4Mk01dTVEcHpnMWJjQWFEa2xaZTdRa0Z4a2p4UmV4QU1YTGJES1lTUEg1TzZ4TGcxQm9zdUV1RjEtVWlfSkRvNV8zT3RGMjFmWkNTa0JmNjQ1c0JkcElRaW1aVVZTem1wRVpidTRFSy1obUxOZnFOenA0Qjk1ZF8ySTQxRTF4WVl6Wl9RUWZRYUNJekVITU96UlJqY1BNQQ?oc=5
2026-09-24 06:58,Investing.com,investing.com,Goldman Sachs assumes Madrigal Pharmaceuticals stock with buy rating,https://news.google.com/rss/articles/CBMixwFBVV95cUxPd21RQmtJX2txbnF3a3E1YXFHRk8tRkdCODFSUmdXaG14MlA3RUhfMnBJWkxQbnZRLTdNTU44UXBCQnJsdXY1QUhpSFhvaFVWQ3lQcUEyYmhFOUhXMTgzWHhIRl9FMV85NEFZVURCd1pPX3dvdHV0R2o5czVNVmRublYtTGdaWEttZ2x1eEdobkoxd0V1emRLRTZ4dDA5WldYS0JOVGZMTjFwMTh2SmRidm5YMnlCWGp5TmxNdWlqLTJEQk4xTy00?oc=5
2026-09-24 06:58,Investing.com,investing.com,Goldman Sachs initiates Arrowhead Pharma stock coverage with neutral rating,https://news.google.com/rss/articles/CBMi0AFBVV95cUxQWE1yejJuN3AtbHRValctbmVRUHhmLXZNRjlMakpsQk5fci1fWXpHa2REbDR5RU9JS2xJOGFvdWRQamZ3ay1ndVRybGl6aVRaclZELVZkYVBPQnpKcWlxY0tRZzRCOW8tYzBXNThfTF93R2t2TEs2OEhJcEtnZXNzM3FsU3o5MzQwUmlISTZLZ0Y3Ul84RHJSQmZDa1pJM0lOeGxfZVExM3RTM19WdzZPdF9jZG5lUXRrMVJvY0Q5WDlCeF9MLTVRQ3F5b0Vhd09U?oc=5
2026-09-24 06:58,Investing.com,investing.com,"Goldman Sachs initiates Insmed stock coverage with buy rating, $188 target",https://news.google.com/rss/articles/CBMizAFBVV95cUxNc21zNmRFS0ZWS1dYalF4dHg1NVFUbGJRVkt5MmhtTUFsQXkyc2FLOXpYY0tMWHE4aFpuMEVlMUduZG1aZGZhZEdwTHcyNTVObkZ3OV9oZVd3bDJabC1oVnJlb0xkX1lFXzNVYWNFU0ExX1ZiM2tXVENtWVpRMWV0NjVDa2huenF4S3NUNHVxVEQ3aEcwbm83UjlRb2hnRXozR3E0ZW90aENVbHNQMmUxcUJORDhQTGpBaXFYR09SMUNkbUhOM3daZDdSR2U?oc=5
2026-09-24 06:58,Investing.com,investing.com,Goldman Sachs initiates Kodiak Sciences stock coverage with neutral rating,https://news.google.com/rss/articles/CBMizwFBVV95cUxOcXBMeHVVVkszaVBBZlA4eWs0aEgzRTNmMkxlTEZId1BJc2U1ZTc4OFJ5MlRIYkpaQXZRX1pFZ1A1RWxHNzFvLWNFbjY1eFNVVHJGcWFibUJENHdxbXVLX3FUNmV4UVJZXzZUSERoZGRLVHA5R3UxOV9hWnlYNXVITUFubktxWnlNdGUtRmszek15Sk1rY3d4SUJzYnRXbzBmWUVfWjQ4cEFTcGpJc0dEdE1aelBSbHVWY0lkUXRKUXJfU2JDT3IxRkl2b2FGVUE?oc=5
2026-09-24 06:58,Investing.com,investing.com,Goldman Sachs initiates Revolution stock with buy rating on oncology platform,https://news.google.com/rss/articles/CBMi0wFBVV95cUxNYUY2cnhFT3l1cGVpZlRDMjFOUmZseDd0bG5KVEZhMDc1RjRPS05aSm44a1VFNGJ0aVE5Vnl3clNRSDNyX1E0c1JqRnpHeGtfTjFKUjBsLVdBazdiUW8wbzhYaHJ5UWhsenlrT3A5YmxkdEFIaHBQdDdrb0xXMkV2QVROMnJ1UlpXOGtuQXpzSlZzRG9ucTFXNmtGNGRMdHY0ZXUxMm5BSVdVbUFXS28tQzB4N19ESTJXYjFTNEJGNzY3S2RDckg4aVJYRUdyc3VNQldN?oc=5
2026-09-24 06:58,Investing.com,investing.com,Goldman Sachs initiates Tarsus Pharmaceuticals stock coverage with buy rating,https://news.google.com/rss/articles/CBMi0wFBVV95cUxPdXdDLUdXdFlhbFFlSlZsUkxVM1ZfNkZPSEN4UEJIWWZzRWhkYkJ0Z1dGZjRKNjVvOHRyTE56c2IzZ01rVlhnbko1MENXVlR1UlNMZ01NYVppVkoxS3lMaWVhSGY3X29KT1dLTHVXcldVNkFxekQydmt6dXNFck5uSHZROEZCSWNSQVNCRWxFaXZ3NVRIZ2xjbFhVRDF6dndnYWM1VGlRRGtwNjhtal9XZWk4czUzd2c2a1VnSDVYa0dMZVRic3FpS2J6NWFNRF9JdHBZ?oc=5
2026-09-24 06:58,Investing.com,investing.com,Goldman Sachs resumes AbCellera stock coverage with neutral rating,https://news.google.com/rss/articles/CBMixAFBVV95cUxOamFaSmZOTE1uQTBtbHE0NFdoOWpUcXNkSTFBUzJCTHBNSkZFZl9IUHNIQzR6Zm1HUjF0NzRULXZkMmhWOVhfOGwyeGh6bldlTGVRWVZrT3dpWnU3S09ZNlFJUlZVVG1kSWhHRU9DS1A5SGJHVXAxRVNieE41ckpRa2ZaYU8xclg4VUhSSF93VU1PZUhLNERyNEI1b2ktSndMb1BzVlBwWmJES0ZYX2tQZGFSbEZ2VTg0Yl9nc3VhTGVhUGUx?oc=5
2026-09-24 06:58,Investing.com,investing.com,Goldman Sachs resumes Alkermes stock coverage with neutral rating,https://news.google.com/rss/articles/CBMiwwFBVV95cUxNbGJmaVh2T1B1YUFCVFhuRl9aYTB5ZEtLU25OUF9RU0VxeGZQenFxUnd4angwbXlQcGF1MXc2VWlteE1EaElfRFNSX1ItQjJ3NHY2a2UzR3dTeHhKRmJLd1dlSkpPZV9wQlRuV2V4QXpsQ1dNWTFBbHBwRXkxYzJvQTlGYmpBWDAyYlIzZXNqRS0ybWdzZG9jdDVNMU1aQUkxYTdnN29VNGZXN0k3REMzblRoOHpHX21ReGhFMUNNdndvYU0?oc=5
2026-09-24 06:58,Investing.com,investing.com,Goldman Sachs resumes Kymera Therapeutics stock coverage,https://news.google.com/rss/articles/CBMitwFBVV95cUxNWFMzb1pXQXdCb2RUR0QwMnZob0RvUE1SSHBDZHRKMEljWXg0WnkwUlREX29RZ2tzRUtpQklCREpwOWZ1bE1McXdLd0VCRWNSWU9XRXMwZHlaMDY5bVBHSnZURDVoU2M4bTRDOG1KMHdUVUtKRnNwdFpTcGEzTFJsZzdMOUlESmpTVGtENzA0bl90cGFPdzFCZ3MtUVVwb2pIQjVhNlV4VTR0NFpYVF9pZzktRWpoenM?oc=5
2026-09-24 07:02,Investing.com,za.investing.com,Goldman Sachs initiates coverage on Contineum Therapeutics stock By Investing.com,https://news.google.com/rss/articles/CBMiwwFBVV95cUxPdmN2Z2xzTHJxM2ZJS1V6Q0NZN29STGl2VGJIanJTSGllcU5BTW1Xa2l1Ml85UUNDb1NFOEtHaU9MckRiZG5qUHA0anhPV0lQbmdTeXRRSzBTUkdWWi1DQmJvZmQ0Q3NSY1BuY0VscUV0cGVKYmdvRkNQbjVGdUw0WHBOYlVkd0U5eVdpYWVSNE5CekFCcjF5MDczZWNVVE5lMmYtRE9kLWw3WHZTQVNTS3R5YWNQUzdGYU04U2ZuNXpSclU?oc=5
2026-09-24 08:43,Seeking Alpha,seekingalpha.com,"Goldman Sachs Upgraded To Buy After Recent Pullback, Betting On Quality, Durability (GS)",https://news.google.com/rss/articles/CBMixAFBVV95cUxQN2JtX0NmczlYS01SSDFzeHBvSEJKMzhYNHBROFB2NFJHSFhtREZhUGpqOTNyaTdIWmdONkRCRFpqRTJBa3FVVFFPNV90VFVBWTBabGJZbWdHaUxQdFd5NWJmV0Utc0ZZR1ZHYU9BYmx5WEJoN1pQeVRmTDdqUXBWOEdMdEV1LVNablZqQ1FyNEhXRXczbm5DT083Z0xUWFhERm5DdnZjTFpLTjUyRVR6dzlwS1p0Z2tVN0pJdXVkNzltR3ZR?oc=5
2026-09-24 14:31,Seeking Alpha,seekingalpha.com,Goldman Sachs said to have earned over $200M in fees this year from Situational Awareness (GS:NYSE),https://news.google.com/rss/articles/CBMixAFBVV95cUxPT2JrMml0SjNqV1lFMVBRaENmNTE4ZzBUV1pKQkF2MUwzXzVOZHdEUmtCdV9KcEVPVEYzdlJadS0ycEJlaVd6OFNYdlpxenZpNFJhcEROUFhMYUpIWkpyNEZVdnhQbk9oSnhsdGtSbTZIMms5MDVsb3hVSVE3V1BaWDljY3cyNlpGRi1yV0FpUFlZNnR3ektKNEJzV09CUk54QjZlUWRLbWk4Z0owak9pNFBNTHNCQjJycDQxQkNpQkR2emdB?oc=5
2026-09-24 14:43,Investing.com,investing.com,Goldman Sachs reiterates Acadia Pharmaceuticals stock Sell rating after trial miss,https://news.google.com/rss/articles/CBMi2gFBVV95cUxQNFFJMGdxZW51RTdIZ21zMHNLdmltNmhHT2hXYjk1X0RoY0d2dV9mdDVfaGxCTVN0aGFqOFN5cTRCdUNSLTRGbHllYk5kbFNMa1VNWW5QOF9zTzVORWNCTUt2QXJBRkNMbkNfUzMwbm53SldldnBnb0E0c1M4RE9ZSWdtbTUyZVhCZWN4Tmx5ZGEzTkN2UEFtbEdIWUhEeFVRQi1GU1hETHdLcUdXMndpaTZVWXJXdzZTeVJFSlhIVG4xOG9pNEhHeGR6YnZodEtva2RwTHR1NjFjZw?oc=5
2026-09-24 19:42,Yahoo Finance,finance.yahoo.com,Goldman Sachs Raises $11.7 Billion for Private Equity: Is its Alternatives Push Paying Off?,https://news.google.com/rss/articles/CBMilAFBVV95cUxON2JjWm54UzZOWGVtN1g5TEdPSXdhemU3NU1rd3RvUldwM3hWZ1Q5MWxiS3U3bUhudUlwMktaV2JTdHNSYV85VkJiTDVrZVM5bzlhejdwTElGVlNqZ3BCUVV1eGZkUU9FYUlpcFRQdm9mV3c3amw5UzVMaFhjWUlBWFlNYTl1LS0xdlRldURkQjA2bUVf?oc=5
2026-09-24 19:42,Yahoo Finance,finance.yahoo.com,Market Chatter: Goldman Sachs Group's Rosner Says Firm Underweight AI Borrowers on Issuance Flood,https://news.google.com/rss/articles/CBMioAFBVV95cUxNcnZuUG43QkxlbkR3MDFERlpVVktLODNJOTJhbnNWbm5TZjU1WjJjdTZyTVlOaThwWjVaMGFQZUZrOXYyeE16dG9DV2Y1NDZoYVYwUDVIMk8wc3hOalRqeWVkVEF0cjlZSll3OWEtYkRQX1JXYkdUTlZrb0llMEUzMnVrUHRKc2JQN0N1UmxNV25CSEdLZnN0cGlDbWhLSVdv?oc=5
2026-09-25 01:20,Seeking Alpha,seekingalpha.com,Goldman Sachs underweight hyperscalers amid debt flood (META:NASDAQ),https://news.google.com/rss/articles/CBMilwFBVV95cUxOOEtpYXBwNTItZXB5NEYyZnFNeTQyLUM3NDVaLThwR0RtYVN6cm5qOWp6S2JULVlIck01ejg0Wl83ZmFibGhPZUxzMG1JajZER2k3bFM0dVVycW5fNFpxOWs3MzVCSkhMRHNQanNvcklrOUdHRm5wQTlxRjdnalVCX2d1ZGRFbDF0TTU0dXV5dmVaUk56WHBn?oc=5
2026-09-25 03:50,Investing.com,investing.com,Goldman Sachs upgrades Alsea stock rating to neutral on valuation,https://news.google.com/rss/articles/CBMiwwFBVV95cUxNM0xWZWJKcDFhd0VpR3NlV200ZTU4djQxeW5hbXNVUzVuOFhGMjRMSHRzcTFpNkszUHdUUlh3dm14OG4xcDlHQ1I5MUs1SjdrZG93LVRaQldSV0NrZWlVRTN5bTJUY1V0MWtFcDBPbllEM3VpcnVRS3VYbmxzLXJVX2p1dlZhQ0JvS2RfdVJMODhtaElqR1htS1hwRkg3SVVOMDhzbmtGQWlNeXRsOC1NeFctV2ZFdEpjam9zSHJHb2pCSzQ?oc=5
2026-09-25 05:10,Yahoo Finance,finance.yahoo.com,Goldman Sachs (GS) Stock Could Be Undervalued After A 204% Run,https://news.google.com/rss/articles/CBMimAFBVV95cUxNRTBUeExPVUJJTnNxV2g4emJmUFBzd29fdnRTUWdCUXVlLUI3RmZ2UXVUVGl3N00zVWJneUxvcjQtYUEyX3ZpMlhVSG5JX1RGT1QwY3ZrTkJ1TTlfdjFuR3VZWXB0S21HeGYyem5fV2lMSWYxRWJXWWZfQnlhTEE4cnlJX2dLNU1MUmxqdGE5ajlYSnF2RVItbg?oc=5
2026-09-25 06:01,Yahoo Finance,finance.yahoo.com,Jim Cramer Was Left Shocked And Surprised By These Two Bank Stocks,https://news.google.com/rss/articles/CBMinwFBVV95cUxQRW9kU0RJZ3p0bFF3NENOc1NRRWZYVFRYQ1VuQXF5cndkQWtvdVFvTldLaHhrZWhKdDM0VVp5UndoSHJFZW5Nam5QZmpHOXpZbGowd2ZST0M4YXZqMGVOZ05MblFGcF9za2NKX1k0MzhDZlF0bDRNVXZ4QlFLWlVvT2lqUEhRdmFBUHNycWU0WWtGb0dzSng2eThjZV83dFk?oc=5
2026-09-25 06:26,Investing.com,investing.com,Goldman Sachs keeps Target stock neutral on competitive pressures,https://news.google.com/rss/articles/CBMiwwFBVV95cUxPV3lPUTExWUswUmxoX3Y3RWs1MVpFcHhTQlZjOU1sTUc0U1o4R005SlAyYTZmaTRNaTJwMGRDMHlDWGhUWjUzY2RzTW1nR1FKbVhVZURVbHVoMFluR1o0UjcyQnVyQTBtN1NHS0FMbkdnRXl3S2RBblkycm9iWmtveDRwQmtScUlyZ0diQUQzOHB2aXdVVnJMTEJzQVFla2hzbFRFOEZaa3A1QjFpZDc5RWh2RW5KTWpTaC02YzFNaWtLNjA?oc=5
2026-09-25 06:29,Investing.com,investing.com,"Goldman Sachs reiterates Buy on Five Below stock, cites sourcing shift",https://news.google.com/rss/articles/CBMiyAFBVV95cUxOMzBVNXZQMEcyOUJWbUszak95RENHV0ZBczg5SnRidmRXSzBWdlMySGsyblB2YzBrVFV0MmRlWXdHOU1HS0lLLWV0VVNtTGNGSnFpdER1UmFKczUxdHpxT1diSEl3b19XOHl6dGI5d2hPWWFQUjBGbTVCZ0oxdEFSem1PeGlpQXRuM3dGNjFMcElhMFFxZzFkSWpnTmEtalJVMDhDN2lpbzdrRmhSYVV6c1dhZGEwdmptWFItZnBFSEkxZzQ2dUh0YQ?oc=5
2026-09-25 06:31,Investing.com,ng.investing.com,Goldman Sachs keeps Target stock neutral on competitive pressures By Investing.com,https://news.google.com/rss/articles/CBMixAFBVV95cUxOc1VXLTR4UXhmNkQ0N19waUdZT0lFRGlmOEFUSXNwNkkyYjVFODNjUExCM1gyb19POTlGS1pmS0Z3TFZVLXh3N25DenhUbU9BRTBYaXlIOHRrT3VWTUVTSGtrYll2MnpjVHJuX3V6aGhhMzhWQTF5bE81UVJCZEh4X2NPbG5jR3I4V1hfVUFPRFFDX2l1QVI5TzBTNlRiMUg2dU9ibDJtaUFuTXhtY3ZTMzdQZVlmZmZFVnJ3Y1V3RjYzdGpU?oc=5
2026-09-25 07:10,Investing.com,ng.investing.com,Goldman Sachs upgrades Alsea stock rating to neutral on valuation By Investing.com,https://news.google.com/rss/articles/CBMixAFBVV95cUxQclFOOHJTc0dMdWZGM2dTNzZQeHozN204RVBiLU5TT2FPdHdXaDNlY1FpQ0Z5SWV2T1dkUjRGemVEMEN3M2w4UDM1LXVFMHFwWnRlX0dHaUQ4dG9idmJUa0xTV2ozQ3JTRkRSWnBvaENCS0VreEZKYmdxT3RtdVlfbWl6NFBmZjlqbHlMSk0xZ25NWkhZbFJiMGNJRG0ybnZnWFNRYTVBQ1dyU3VFNEhlUy1KeFlHaWFJZERaNHVCRG1Sek5W?oc=5
2026-09-25 07:47,CNBC,cnbc.com,Costco just reported strong earnings. Goldman Sachs sees a sharp move higher for the stock,https://news.google.com/rss/articles/CBMipAFBVV95cUxONy1jMjAyRXpOR3N4VlMzdjlzWkVhXzFkbHczaExNbEEzbHF1Q3lwSElUMzRwYV9GU0V2RzFZa1JpZlNtMVlmRGhuMU1mVGZWd2YtWFhzX2NnWnFCdEFKT0ZtbmdNdTdHQ2hwcTBxd1plSUI3N3RaX1U2MjJBd0F0a2xiNzRJNURtdW1aQmdCdnNoUEVKYmFRVlFqUEdVbWM5ZWtCZQ?oc=5
2026-09-25 07:59,Yahoo Finance,uk.finance.yahoo.com,Goldman Sachs Lowers Smartphone Volume Estimates but Raises Market Value Forecasts,https://news.google.com/rss/articles/CBMikAFBVV95cUxOdmstVGdFX2lncnZhRktVX2h1YWkySXQwZDAzbUV6Y0d5clRnbDlMUXR1dmd3ZGdlQUdmenI1cm1QU1RuQkZVR2ZhVzJ2eUpCbDFyNnJLOWhwNjQ4NUdnaF9kdF9QVHlKLU4xcVc2MkkyZFRVSXNNWHg0V3ZFaUExeWZjLTlTZTZEYnZJOUMyWjY?oc=5
2026-09-25 08:16,Yahoo Finance,finance.yahoo.com,"Goldman Sachs just gave AI stock fans a cold, hard reality check",https://news.google.com/rss/articles/CBMivAFBVV95cUxNak5PNzM4SmJBY1V0dFBKV2JRM1QtRnlyMDQ1N21aVmNBX1JXbFNHZkFKaktScG9CWVFRT0xZYTdENTQtWlVtZTFUOHk4REJVbm41QWRxV3l0RVJTNlJYcDROMzlEVUdac0FpbHU1MHBMaXR1bXhMcWlQSlpaUWFCLTVCWVNKamU3VEVYcFBrclQwZGNNVUFtYTdQd0FSenRreTU1VFBPM0NTTGVCOUdoWDdBZURRbUpoUXJQMg?oc=5
2026-09-25 11:02,Investor's Business Daily,investors.com,"Hyperscaler Stocks Could Rebound In This 2027 Scenario, Says Goldman Sachs",https://news.google.com/rss/articles/CBMingFBVV95cUxQejJMRjVNRmJaV1YtVlpRRERmaWdjTVVyVXZpUDE3VGl0VFEwWFNJOWptUzFtamVvdHd2RjRCTnR4aWVUYlkyTWtRMW9WZEtWRzVqeERDUjlWY1l6NlFTZkljMV8wamtveGl6cWJEVWFwSk44UGpPLXBMdDJmNHRRcGVGWWxmQW5QSDU4NkJQZmRiOXA0ZE1hOHVuUGZWQQ?oc=5
2026-09-25 15:11,Forbes,forbes.com,Mark Zuckerberg Loses $9 Billion In A Day Amid AI Overspending Fears,https://news.google.com/rss/articles/CBMi4gFBVV95cUxQenBiZUZDOHNVeDFmLTZQd2lUVEh2S25qWnkwY3BlTzdFYUNUT0c0N21tZUFwTUZvVU5fcGFvcGM1OEZxNUtnM3dFUWtrRDdPbUZRRXUwVXFoYnBIZUdaU3A3bVM0U0dGeWM2ZjJEOUctaHhjbnFtVmJ1cmhJYm1NY0thdl9xR1l4QTlmVUNMdG5lMHo2NkRsVEpESFdBaDJ2Yk1MeTVDbFJ2UFpmREhjTWhpV1RQejI0UERpS2FxUlBzcTl6aWFsOERYeEpzeWNZRXIwSkxTbjhKblZKQ05HMzJR?oc=5
2026-09-25 15:17,TheStreet,thestreet.com,Goldman Sachs shares a blunt message on U.S. inflation,https://news.google.com/rss/articles/CBMimwFBVV95cUxOMnZPSG41czhOUHV5ZEpmUHZORWFpN1RDTVQ0clhDTnlleGpMWDRkcjgtQld2OEwxLVFDd1dzNVBCd0tLcE1fejdZQURzR0NURFRhdEV1dEJTUFd2dFhPQkFYSFFIMHZRSWZ2aWFqX19RSS1jQzNkdDJUS0U0bnRjOFFCYjBXOWw4UU5jU3hDMGZpRWVwSW1ZUWVYMA?oc=5
2026-09-26 01:02,Yahoo Finance,finance.yahoo.com,Goldman Sachs Bets this Refining Stock Will Soar Past its Record High,https://news.google.com/rss/articles/CBMilAFBVV95cUxQOTFiUEZjMlhmQ00ta2lIdUVNWmNrVjFRZ0ZSbWNwUzM2SEtwdGxkVUJmZVhJUk9oY0FLMjJIdWdVT1hIcjVvSk9vdTVhaEV3Y2ZDN1JEU0VaQ2JrVTFLYW1qNEc4dXp5ZHRjeE11REVKVWZlOEF5eHJEN09jTndvWlRpb25yaTVHaXBCckJLR3NaVzJ0?oc=5
2026-09-26 07:19,Yahoo Finance,finance.yahoo.com,"Goldman Sachs Says a $7.6 Trillion AI Spending Boom Is Coming. Skip the GPUs, Follow the Money Here",https://news.google.com/rss/articles/CBMijwFBVV95cUxOVXIzRnFTN01wV3R4a19LVG1jYTJtZ29YZGhkYnEyNFJxRXJmaWI0aHllTG8yWnZoOXBMRTJDWnFwOVJWQ0x0VmpsbV9qaFJVRXp0b2VhSXkwNDR4WFR5WGtPaG83S2FRS0ZfWFRQdzIwaWE2b1JVM2RXQ3JvdVFpRnlIbjVuVzBHY0hrRFF4SQ?oc=5
2026-09-26 13:10,Yahoo Finance,finance.yahoo.com,"Goldman Sachs Earned $20.98 a Share in One Quarter, So Why Has the Stock Slid Since July?",https://news.google.com/rss/articles/CBMilgFBVV95cUxOTHQ0aVd3eDVrWm9wMl80MjZSUjlkdW42NEVJYXVTYXdGeGlHZm40LXpnSFVVQzNDSGNkYWp2dk1zdWdKM3poeC1tdWlvdmlSYmsyTktVTlp3S094SVlBYjFtdFJLazV3elgtSmdiWW1jeE5BOFpleXJodUZWODdpMGZiR0ZBWGN4MzN0RmVncDBDUG5LREE?oc=5
2026-09-27 07:15,Yahoo Finance,finance.yahoo.com,Goldman Sachs says 80% of ultra-rich investors are fleeing stocks for alternative assets — and it's not bonds,https://news.google.com/rss/articles/CBMilwFBVV95cUxOWWdCa1NORXRCLVVSYUZ3Rk9fWThoYk5Ddm9CRk5HTUMwdnIzVGNxS2F0WGI1YktWNVdaWFRPMGJoUFBDdkdvN0hGRENlcHpQWVBURDkwRGNxTUhaWktFazB2V3kwdmE5SnVGSW5IX0tIaS1jNDQ0QVgzcW5UbHhNVld0YmZxUDRUY1hHZjRYdjBLa0JtZXBr?oc=5
2026-09-27 08:18,Seeking Alpha,seekingalpha.com,Find alpha in the revenue growth fog - Goldman,https://news.google.com/rss/articles/CBMiigFBVV95cUxNUWl3NVVFNXBtSWM2Ui1mVUVsVkpGSHVuQ2NMTDJORkFKNnZCRnpBX3JZbGY0WEkwMG9td3NtZm1zNnlyVE9pWURqekZITHNKVHU3VTNNckttbElVUVRMVVZIUVE3RVMxeVNwLTRWVmRldEhDMXRlZEhRWmZXbUZRT2FaRUIzS201Y2c?oc=5
2026-09-27 10:08,Seeking Alpha,seekingalpha.com,Goldman Sachs sees room for S&P 500 gains as investor positioning sinks,https://news.google.com/rss/articles/CBMiswFBVV95cUxNVnJtSEdIdlMxLXd5TGFMYTM2MUd6enJLR3otczZWRmlsNnpYMl9raGJKaW1DS3FWMV9NR2JrN05DUGtPODQyQjJ6VkNDamhiVzhWQklhLUVMY29NbnNOU0E0bVBBYk15aFRhampSNVM5TlJYYkFubno1c0lEcU04bWxoWHcxa1lXVW9hSkxkX2VITS1QSW1HUXZNTkVZc2wwQjZGdEtZUTNyOVdaNDVCci1Bcw?oc=5
2026-09-28 05:44,The Motley Fool,fool.com,Why I Just Bought This 8%-Yielding S&P 500 ETF,https://news.google.com/rss/articles/CBMilwFBVV95cUxQNDlLWkc5UzIxR2RBQTNhcUZjTG43MFhpSUt0ZEkzNk9LQ2R5cXhBOWx0S2lEaHA1Rm9QME8xQy00OUw1dUQ2Q3lIQmpLZHhobWRzbi05OUh3cXRpVDd0SWttTkxzOS1JeUFISDJrejk1VFh2U1BzcUpqa05ROGk3Mzk0UUpJMjdXWmxaYk9ieU1SeTdwWXdr?oc=5
2026-09-28 06:15,Investing.com,investing.com,Goldman Sachs lowers Disney stock price target to $140 on EBITDA,https://news.google.com/rss/articles/CBMiwAFBVV95cUxPOTdhSi1ORjA5dVNDcFYzQjZ4QUVOY0VQcjIyRE00UlFEM2d1OW1qRE9zbTZldW9nSFJpZ2ZRaV9RZVUxTkZON3hpUkFRQzV1TVlfTWVLT05PUWVoU0xtdEotY2V3VHo2QVo2cjFiTDBWVEVXM2U2WXJ4WTdJYXBOZlBwU1JCc2R6TnAtVG4zbGVFR2hEeTlxMHBTWXdudldpamQ5RTZoYm1NVG5aeGJXMUZrbzZrMzB6UVh4dDV3eW0?oc=5
2026-09-28 06:15,Investing.com,investing.com,Goldman Sachs updates networking sector outlook on AI demand,https://news.google.com/rss/articles/CBMivAFBVV95cUxNWng3U0tvM3hSM2EzQ2ZFTnVLd196QzhrN3lvaWRDZUpoMnM5ZGFPcmpGejU4VTFINFVaVzBDb1lVcXl0Y3gySmc5TUxhdTdtQ0dMcDJkUXl6Q1NYWXdVRmxOZDhSVHgxYWttTHJWNkp0WW94Y2VGZUhZemFhMGpmLVV2b1pPUEtKZGplQUQ3U3pHRVhSR1NlcXhMNUNmNE1DZjBMM3BnOWNsbEJBV3UxRlNQLTVhV0JVOVFKTw?oc=5
2026-09-28 08:33,TheStreet,thestreet.com,Goldman Sachs has a blunt message for AI stock investors,https://news.google.com/rss/articles/CBMioAFBVV95cUxOTElUajZZZ1libngtUFFqS00zZ3lnV2I1eXN2Mnp4UWNYZ3Z0YmtmRUtfbEgzalhhaXp2SUR1WU0taUxCeE40QmczVWJ6V3dkWEFZV3pLT3JLYjI0UnZyNEI3M3F2aTZweWxMc2dRVzViYmlCc1lnVUc4NFJLVFVNTVRFMVFjNmgteFgtYkZqNkhPRWx2MmtlcUZiT0llVkZy?oc=5
2026-09-28 09:49,Seeking Alpha,seekingalpha.com,Goldman Sachs' proposed retail investor voting instruction program bags SEC nod (GS:NYSE),https://news.google.com/rss/articles/CBMitwFBVV95cUxQRU1naUhZRFFIWHByaV9SemRqWHpER0t1X1BpUGpVSHNHLWNjdlJuc1lvaHBQN2J1VlRWbGJTblhwV3ZLZHI0T2lRMXdsQUNtdzZKNnVNQWFJYzFtMkI5UGVwNFpSbUxIclVWdlF4X2JhellwRVBRQm1FQm1pTm04TDViY0R1X0Nsei1qMXZUQ3BhZkFvYTd5dzR4OUt2ZUI5MUhpR0RyaFc3M1pWMGRDMW1ybjFfM3c?oc=5
2026-09-28 15:15,Bloomberg,bloomberg.com,Goldman Says High-Yield Debt Deluge Is Overwhelming Investors,https://news.google.com/rss/articles/CBMisgFBVV95cUxONmNiRmFCMjY4dDFIR1BiaVdEcHJvZ1FveDUtY2JKWmw2ZHg5VF9jRnpIalhJTVV4SWdWTzI5OFNLaHlaR1dIS2Q1bUtFN2lrQVEzb2UwME9Db1A4WUR4aE42Z196V0tJaU5uX3U5ekhCRW1zSlk0TGRHbnNWZ1JFeDdRSURCMlN6a01rRDlRZmFpZUs1YTEtTC0xVmRMa0pCZWxBaG5FZVhmOUZ1SjV0ejZ3?oc=5
2026-09-28 16:50,Yahoo Finance,finance.yahoo.com,Goldman Sachs (GS) Sees a More Significant Dip Than Broader Market: Some Facts to Know,https://news.google.com/rss/articles/CBMilgFBVV95cUxQLVhKZkhaeHktS2E4c2xDX3N6NG5NUGNNdDQxRF9DMEg0ck5rbDRJXy1ySldzNi1JWmR3OGFFcThvakxNNFVER2lveG1aREpBZ1Vka2lna0hMZEZpN2N2OG5tNlNjeUdBVGt1MGFIM1JqRkQzclY3d0lEd2NuSU5qSXR4NlVFMDNYUkhZM2xZdzd1UEFQdGc?oc=5
2026-09-28 17:08,Investing.com,investing.com,Goldman Sachs cuts Lineage stock price target on lower earnings outlook,https://news.google.com/rss/articles/CBMiywFBVV95cUxOcXotaVN6TEVkMDAyR29sVzRFV3RWSFZfTjdxRi1oZHVWWms2OEF3M2d2UnNFdnFtdi1HMFc2U1BrSzlyczNKRkJRUDZfWG16a3N0ZTdycGpVbU1hTHozT3VKT0gzMlI0QUNoVGpnNC1fSHg0X3JsX2dseE05d25UclFhQ2YxdzdBbG1rWmVnUlBxYlRnNk1SUjVfbHJUYlZNNmdSNjFOX2hiLS1xcEZTbWxTbHltR3FIMGdWUGZvMlZpSURoQktTWU43QQ?oc=5
2026-09-28 18:53,Reuters,reuters.com,Waldron long seen as next Goldman CEO. The question is when,https://news.google.com/rss/articles/CBMixwFBVV95cUxPZU9ydmUxdEpxTEppVlRYakhUaUxHOEVFZGtJNlc3M1ZKdlQzVHltUFJKV0hlVDN3UmVJRmg5Q0paYzJhS0hpM2M2VXk2bGp6cmZKSzQ0ZVdaMlVhX1cwbnJaRkxFa2ZhZDdfekRyLVNlVlVHWDBvQkQyMWxWQ0FtMjJETjNNby1mNWt2OWRSMGtoUmdSMUVlSE9peHhqMUUwTVljRzhWdGJBdWVjTEtTMFlHLWY4TkFXU1ZGTEstbHpyNS04aHpB?oc=5
2026-09-28 19:54,Yahoo Finance,finance.yahoo.com,Goldman Sachs board discussed plan to name Waldron as next CEO- WSJ,https://news.google.com/rss/articles/CBMioAFBVV95cUxQcU5CTVY0Y1RNdDIzRklkTmRjY2NMWThmSDF3X1kxX2x2R2U1N0Q0WGdlb3RMOWZOTUo1WlVFQ19raXlpMmJLVGhzeVYtZktjWFdvQW5YR0g1YlVVWDZ4U3ppZC1vajdrYjNxVjJNbl9XVVQtaVRpa3ZDZER2bm91dTlQUVJFYm1kQjQ3bXYwWmFHZ3VXb0E2Zjd0YkgtSUlL?oc=5
2026-09-28 21:34,Benzinga,benzinga.com,Goldman Sachs CEO David Solomon Could Step Down Next Year: Report - Goldman Sachs Group (NYSE:GS),https://news.google.com/rss/articles/CBMiuAFBVV95cUxPd3RuS1QtdWtjeUQ3UG8xYnZyeUJqR2VHSEJweDQzNEt0eXotWmh4YzMxNUJVbHBqVThFQnd2a2t1U0pyNXR1TlFlRjJvOUo1SW1ZVlpOUEpuei1RR3RiUll4UWNrWHZ6cVlOUTNjNFdNQmhFeDJpcmhLZ2RzMTRSYjM4RWZUcnlZUVFLMjhRYzNBZnJIQXdfQzZneDJweW5Gei1TR3NoUzN1NEdRQjdMalh0NUxhRU5Y?oc=5
2026-09-28 22:08,Yahoo Finance,finance.yahoo.com,Is Goldman Sachs Group (GS) Undervalued Following Its Bond Offerings And Recent Share Price Slide?,https://news.google.com/rss/articles/CBMioAFBVV95cUxQLTdEdmtrRG1ISGkwYlZsUmVOaElROW9OUnozV19lcHl5NmxIVXIyTjNiSTZTV3d2SWx6NHlIMGFldmVyTXpDV2RyNHVOdDJpUlNhR284RmJNTkQtZmVPemVfUXBYMHFkR0ZIWGpQS0hMbWZGZk1aU1dRVmFFN2dFc0RRTTJpcXFDYWZpNXZESFhYTVNjLTFhUDVVTFRlSHhh?oc=5
