Published,Source,Domain,Title,Url
2026-05-04 03:00,Barron's,barrons.com,FDA Reports Liver Failure in Patient Taking Eli Lilly’s Foundayo,https://news.google.com/rss/articles/CBMif0FVX3lxTE91TXFBcjhucUZnRTBYcEU0d1l4V2hBRE9VUFdDNGVpSmt3QUlDR1h0WDBENEx1alVRQlk0Y1RfMFU5d1c0ZkJHZngtVVYxbzAzclR1TFVUdEZRWHBVY2pJTm5keUVpWWx3d0o2YU0tNFIyMG55V3JMYkN6OGZZZUk?oc=5
2026-05-04 03:00,CNBC,cnbc.com,Novo Nordisk’s head start on GLP-1 pills forces investors to rethink Eli Lilly's dominance,https://news.google.com/rss/articles/CBMimgFBVV95cUxOQWI1Q2FCMmFob3FzS3g5Z3o1SG1yV1YzaEpJQTFFUU52SWU3NGVlLXRkbUZPUGtKenBMM1lRUFR1b1E5QVd5MVRxd19mRUNKMXNyOEhNclJKTDcxbG9vRkttVmkwWUE4ampKLU0yNWRnMFltNzYtM0gxN0ZKQTJDUUZVMzlWMndGcWZLOGVVTkplRWRfRlZITEN30gGfAUFVX3lxTE9ZWGtBcmo0T2VGdkxyeG9NczBQSTkwTDJjdVRhZXVrY0NsY1hyUEhBb1M3M0xmQ2dRVTI4VjdWRWU3Qm5JSFRtWFROSWNpY1FtaGZYTkNPR0dTUC0yd1pTUXhIQnZmUWw3bzdIazVEVDNPNl9kNzRCOWtFSC1zX1VITndCT0F5QndjNTg0Q3JIQm5nbm1JaXdMZzl6a3ozMA?oc=5
2026-05-04 03:00,CNBC,cnbc.com,What's behind Eli Lilly's down-and-up day after last week's post-earnings surge,https://news.google.com/rss/articles/CBMioAFBVV95cUxOeTl1Nkc3b1VZOXRtUXpqeHQ4VUFQZjNibnJxMTVVZjQ5MWlNR2NlS0xhQ0R5N1Zsek94MlR4RDBrd0hMVk1lTnlqd2d6WS0zUGVsd1hIbFhKbGtYNEozd0pZS3llR0xqWU9tV1lzc2VDVjUxUk1zMnlXQ1Axdkp1R21HRVBjNThiM1hHSG41WEViTlI0NjZweVZJeU5WVzNr?oc=5
2026-05-04 03:00,Investor's Business Daily,investors.com,Eli Lilly Recovers After Weight-Loss Patient Reports A Surprise Side Effect,https://news.google.com/rss/articles/CBMiowFBVV95cUxNaUdhb3pzRXB2RHpGaHBQSnFWeWJGSFR0WUlmZ0VGVk1VdXV4blBoSEVpY1hER1RuTE8zX0tVTXJLN21DOXpvUlp3UGVPeTV4Vy1yRVRrdXJBdHhvLVY0NmZQSl82WC1QLTdMQUtCck1CYmJoeGI3T29BMDBRUzgtZ2tGa3NGRS1ibC1nbUJyV1FTd1g3R3lZaVE3LWFPMDJSbmlv?oc=5
2026-05-04 03:00,PR Newswire,prnewswire.com,Lilly declares second-quarter 2026 dividend,https://news.google.com/rss/articles/CBMioAFBVV95cUxNVHdTLTQwLTZGSThDS3hockUyS3NrTUctUkZRNkVlbkRETUltWEZzd3RqaHFJajdnV1JxQ0xSeVRRU2VNSTh6dXVURW5jc1pFd05nZ1dQa3QzUHNuZjJhZk95RXJQbG9zdUM2S1BVNUVCbGd3UmxhWWxIVllIVUlCUFBVenBJdW9HaUtVWFhYY1FSeGRuLUE2SFFmX3RBM3RB?oc=5
2026-05-04 03:00,Seeking Alpha,seekingalpha.com,Lilly shares under pressure after serious Foundayo adverse event report,https://news.google.com/rss/articles/CBMirgFBVV95cUxPU18yUW9rTXVZUzd5S3pWR0ZDZFU3NzdSZk5sV3I1b2tzY0J0c0toWURCXy1vX0VyQmROR0JfM3Y0cl9CcmdtTkhSQVVzTFJNNno3ZnRESHUwZE5wamhrOXJPZFM2VHQya2tGd1hPYzFYVVY4Tjc0eFc0c193U3Zfc1ZfcDFCdks3YTdtS2VsY2V6QVc5R3BXY1hfUkpzajU4ODM3Y1lXSDZtRGZFZkE?oc=5
2026-05-04 03:00,The Motley Fool,fool.com,Eli Lilly Just Announced Fantastic News for Shareholders,https://news.google.com/rss/articles/CBMimAFBVV95cUxPUldoa3Z3UklaNkpidnNDc1Vab0F4VWN6OTA5alNjcDFwWTFOT3gxZ0RIVVVneUZiaXJpXzBMZFhnWUR1Z2N3dDI4bVlYenBtdkpJLVN6Z0I5LVdLM0pTY2lVXzB2N1NYdjRSdzlhd2thR1FaWEp6U1I0eUdHLVlWYWNSOE5xdXVDV3VZN3dabmhQekpQWmJUTQ?oc=5
2026-05-04 03:00,Yahoo Finance,finance.yahoo.com,Eli Lilly and Company (LLY) is Attracting Investor Attention: Here is What You Should Know,https://news.google.com/rss/articles/CBMingFBVV95cUxQTkt3Mkw0ZllSdjA2VGFvWVFKWnNiMHVZR1U2MWg3dE8wTDMtY2lDcExvY2xfVWo1ci0za1h4QXI4Vm5XMko4TzdiX19oYTNZaDgxYzVZZ3NXaE8wdG1mX3RaemdGSEM0VHZ0UjdTSlk4cGZNUUJ0YTVMUDZBaUFoMnBFYUlGN1o5UUVvb1ZKVm5nVlB5YlNZZlZYWFNGQQ?oc=5
2026-05-04 03:00,Yahoo Finance,finance.yahoo.com,Why Eli Lilly stock is down 3% today: FDA adverse event data explained,https://news.google.com/rss/articles/CBMikwFBVV95cUxQV3NGdzYzUERiT056eVFmMGQtem8tWFI3TGwxRXdTbzZIeFFGTnBSWl8zaE1UeWRWUHY5OVZuMUtRQnZVN0Y5MFJmWm5aeEtjeXNtS1ZJQnZQQmtKMHQxbU12NzMwc3laYjFoS1hyX1FvY0NiRmxyR0ttUXVWbnJWRzFDcFo3MGNCazZha0h3VTZqRXc?oc=5
2026-05-05 03:00,CNBC,cnbc.com,"Trade Tracker: Bill Baruch sells Thermo Fisher, trims Amgen and buys Eli Lilly",https://news.google.com/rss/articles/CBMiuwFBVV95cUxPeG1TYTh1VlBFWkc2bktqc2V2RWVjTHU3VDU0cEludmJqUk5zU0UwSW16THdiMUpyR3Y2YzNOQzhjZFpnV053SnltYm5xQ0xJNGFKVVBZclVoeUIwcDRsdDEzUGljVlhXamZaYUhkcldGUTREUXF6bTBCR0FZNHpqbXFSOHEyZi1yc2YyaHF0dWlBR1o1d2MwcnM2aUk2bzF2RXQ1TlpUWGVNOENLdlpMcy1SdTZ2and0eWVn?oc=5
2026-05-05 03:00,Reuters,reuters.com,Novo Nordisk's weight-loss pill boom faces price war test,https://news.google.com/rss/articles/CBMirgFBVV95cUxPcWNfMWNONFIyZTVRT3Nuel9uQXVjQU9wTXZLdnB3NUg4X0NzT01DbU5uSjNrcDE2eEtFTDR2cVo2cFZ4d0IzR2hLUVpUNGVRdkl4eTUtbGNtNldzc3pEYWpaLUx1WmQtOEY2TDNFRUN3cHJGZ2VPUHFBYXFJRjU5b09WQ1ZJSkMxbF84Vmd0MWRSU0FEQTE1cDNkT2pmbWo5NGwzbUJaVTVFc00yd0E?oc=5
2026-05-05 03:00,STAT,statnews.com,Are analysts too quick to gloss over Lilly’s liver case?,https://news.google.com/rss/articles/CBMimAFBVV95cUxQbHRVXzdQTUZ3b2duRHdDcUgtdEdENXpQN1dpbWFpRi1BSnRQeEZVdFo2bUJNQU5UclZrRGw2aEVZOFh6emlwbFlnd2NjMWhDUWlRQ0lDSVV3VlZ5X1JCWW4tcnJfMUItWC14Mk50WGhtUXJYejEzUTJwT2RVM2xDd2dKOGRFYklybE44MlplcWxuZk9tVWxHYQ?oc=5
2026-05-05 03:00,Seeking Alpha,seekingalpha.com,Eli Lilly: No Big Gap To Competition (NYSE:LLY),https://news.google.com/rss/articles/CBMiggFBVV95cUxOQnJXM01YWjMzb1FCOG1iRHAyMHd3V1gtYnRHZHBCMEY0WFdneG81Z2htQ1FFZldlU0hENndmSlAzMGszaWtrR0VseEQyNlUzRmMxeWJoV00xM0NnZVEySkM4WVlFS3RObWtqSVgybWNEYlc2Q3VYeXBXUUNoTE5ZOXVB?oc=5
2026-05-05 03:00,Yahoo Finance,finance.yahoo.com,"Barclays Hikes Eli Lilly Price Target to $1,400: Tirzepatide Momentum Steals the Show",https://news.google.com/rss/articles/CBMioAFBVV95cUxORTNSOUsyYU4wODd1MGQ2dHRTQU51UjFxZng1eDEtTjJYSU11WlhsSlpVTlNKdFVUVW9mQXVmYjR5TzBtNk5SbW9QSW5lVWVWNE5TUlZhcWExWTl2VU80eWJDTE9uSnVRa05nb1U1NGY2ZkZENE1uaTJoQjF2Ml92UDFzSE9ob0NPQzdWUVRibU9LTk0wSE9QemxQYTlpTWpT?oc=5
2026-05-06 03:00,Barron's,barrons.com,Novo Nordisk Could Win the Oral GLP-1 Race Against Lilly. Why It Just Raised Guidance.,https://news.google.com/rss/articles/CBMigAFBVV95cUxOY3V2cGNaalJkVlppTUNqY2dtSUp6d3NNeUJIY0hJRFBQMEQ4cFo0UHIyeUl2SlVLWkl3UjFFcEtzWm5rdzliN253c0Y2V3lqVFlkVExDNW5ReHpWdkJNRjhweEZZRTMwaWVQaWRPM2dvTDdIdGFQc180UzY4ZE1mRg?oc=5
2026-05-06 03:00,Bloomberg,bloomberg.com,Eli Lilly Kicks Off High-Grade Bond Sale in Push to Fund Deals,https://news.google.com/rss/articles/CBMiswFBVV95cUxNWFFZZFRfZ05WV3laRHhUdU5zSWdpTzR1ekx4N2pBVFBvSE94bjlQek9BR0k4NmNRQkV5SGRaOHNiV1ExNE1LbHlLVUZVNktqc2hQT2tDZmN2TjVHWjBRVW5mUk9kYnlTZktBTXczSXZ2YkpvejZOTjQxa096WUtULVNiLTNOTkNPbWo2OFktLTRBUzZLOEJiQU5xUVBQYl9uV0VDZWI1Vm5wSXhJVllKRVpmSQ?oc=5
2026-05-06 03:00,Bloomberg,bloomberg.com,Lilly Invests $4.5 Billion to Expand Indiana Manufacturing Sites,https://news.google.com/rss/articles/CBMitAFBVV95cUxOd2gwVWdhblhrWFI3VFp2TDdqdHlKZERBeEFUN2FIeEh3dUVXSXFMcHF4UmpQd3g1azUtb0tSc2VTVTNrSjFHVFUzN3h5OUJWT0Q5bUFSQWwxODZ2b3Z1blkwdGF0QzhXNlc4bndPSVdERUtkOHFEZE5HS09mZ3g4aGRkZ3FtNTF6azVvaXV3dnFaZnpTN0dwVndJUm5va3RRWHJ1cWZoeTFNMkRJZUp2LXV0S3Y?oc=5
2026-05-06 03:00,Reuters,reuters.com,Novo Nordisk weight-loss pill powers profit beat in race to catch Eli Lilly,https://news.google.com/rss/articles/CBMilwFBVV95cUxQY3k5WVVjamI3OVhuM2UxYzNMa1c4dXM0T0RVYlVsNGN2ZkJFWWxvQzFaczR5TDVXM3pPUU9zZWVZcGlQckRJc09aT2RHM29fUEwyLXhDYVItQjdmSzBnUi02d0tieTVKSFltcDNSNjhzOFRuWXZnVkdoRlV6b1JFYWZUU0RzWFVPbk9lQmlSNmtrNUJZb1Br?oc=5
2026-05-06 03:00,Yahoo Finance,finance.yahoo.com,"Signal: Eli Lilly Stock Remains a ""Buy"" After Earnings",https://news.google.com/rss/articles/CBMimwFBVV95cUxNR2RaYXhJbHdhTkZTelFXcjVVRHNGNVlwRmF1ZFJjdmpUQ3pjN2dwMFVtZXd1clYxNU04Y0hFanRzc3p0SEVqZGJVVzc3Y1V1MHhJOUcyQUpBM1V5UUJhUW9DS21yaXFobmJCc1RmUldOZjVXNkdiQm1GWjVLaHp0bDZ2aDRQclY5N0djcWI0YXk1azBTM0VPOUJVdw?oc=5
2026-05-07 03:00,Benzinga,benzinga.com,"Eli Lilly To Invest $4.5 Billion More In Indiana Manufacturing Sites - AstraZeneca (NYSE:AZN), Johnson &",https://news.google.com/rss/articles/CBMiwgFBVV95cUxNMUNySTNMbFZfY3NnV1VVdUVSaWM2V2JxblZuZzFZX1k1YklTMzVLZjRGNHQyZ1lBWi04QWJpcGFLcW1HM29jdTdHSnZ3bkxPMzJhU1M4TmxIa0lqcTBTUGR1V0lET1IySU5QS2FfVEtDck1WMUppUHlIRF96OHhORFZCZzV5VW5xaEdYaW82Rl85Xzd5blB4cDc4QXYxR0VhVzlLRklzNG1tSGNYbzhZLVhicWRGMGpqOGhlckhFVzBVdw?oc=5
2026-05-07 03:00,Reuters,reuters.com,Novo and Lilly gain on signs weight-loss pills could expand the market,https://news.google.com/rss/articles/CBMiywFBVV95cUxOVE9NVE1KcjljM3AtZkc2NnpKbWJhSnV4MEgwZldJUWdIT3Nsb3p6S3JMbE4xZzUyZ2FwTUFtOTFhWmJBQWc2c2hsdVBZemFVZjNSZ0JKNVJJSnE1WE50cUV4NzBRYVJfeEVtaERoVkFhMkhPTnFpLVE1YkdEMTdJQnl3czYzeC1GLWFtV0F6bV9EUVF6eVp4ZEhZTGZHbExrT0xZSW5FVF9HLVlRY3ZwRHRxYVEwdDNIV0R1TlZSSzdlTlk0cUt1MllVNA?oc=5
2026-05-07 03:00,The Motley Fool,fool.com,Eli Lilly Now Has the World's Best-Selling Drug -- But Does That Make the Stock a No-Brainer Buy?,https://news.google.com/rss/articles/CBMimAFBVV95cUxNQkZDOHpDZWV3cUdjcG9oRnY5dEVLT3lmQlIybnJkYUE5Z21sOEhRLVNWLUgyd0pKVEZ5S3BwMFA4a0ZnZmJNdmZ4UU1XU3dFcEZBRWhyQnVHamxUNnNUWEUzNExLUHBYbkVvWnE3MU1hcEVYY1NpMDNieWtRNlpFcTNUalZqVjhfb3JIeUFVeDNqMnRDd0dfNg?oc=5
2026-05-07 03:00,The Motley Fool,fool.com,Forget Eli Lilly: These 2 Stocks Have More Upside,https://news.google.com/rss/articles/CBMilgFBVV95cUxNVzF4ekRMeXhnVlRpbnN5Q3A3V1JSb2FqZGxjOW93TDNsdWZjUkZaMElHa2Q0Mml0MmhaM2RDSlpMUjRULTNJY2JnZTRaY240T2R3cEZiQU8wSDZUbXdGa25lODh6MzZJODY5ZkpmM1FUeUZxWmdRck1tUkw4ekpNN09Fclc1MUV0cmxJd2JkWkFyYy1HRXc?oc=5
2026-05-07 03:00,The Motley Fool,fool.com,My Top Obesity Stock to Buy and Hold,https://news.google.com/rss/articles/CBMihgFBVV95cUxNUXpOVktqSjVrSnpBdG1xMTZ2TEowQUd0Q0dOc2NLM3RRcVMxNWhncGs4UlNqbDNrYVBLc3FmLWs2dzZpbDR0QUR4UDhhSVpfalJXMlF2N292TzJkOFIxSkNqZmlnWURnb1hOdzhudFBISlpKbXJIOGVlM1U0OEg2TDdYOE12UQ?oc=5
2026-05-07 03:00,Yahoo Finance,finance.yahoo.com,Wolfe Research Says Market Reaction on Eli Lilly (LLY) Foundayo Report Appears Overdone,https://news.google.com/rss/articles/CBMiogFBVV95cUxQVGNVcXpqUWJSX3k5Zng3MWdyQmVxLUotZGFvNEF2RGx2YkFGX2FYNzRPU0oxTFZneHpXcEFmM0hYX0pRNjhKMHl1WDkySUFOOWZ5R19YVWpnSFVkX2JkVTdfZUxIQ1FMM3Vnb1JoQnYwRUhkU1RRRGpjd0ZGNkl0WUJvM2dfbGhfM0hucDBNZVhhQ3JWMmV6MkJfSkdnY1lLVmc?oc=5
2026-05-08 03:00,Reuters,reuters.com,"Lilly's obesity pill tops 7,000 prescriptions in fourth week, signals modest uptake",https://news.google.com/rss/articles/CBMiygFBVV95cUxQNkRNZkwtN0NrMkNWR2VJVklWTlJraHhZUFlubENvQWI4MHJraVB5VUx0TUMwZGRnMzFTOEdwT1NhUGNwMGVvb0I2dHF5UVRpUnhIZTNyelZ6WEx0dk1PbTZNMkVCcXRnbjlVaFgwaFFialFVME1zNUhRTXVyVmk3RUtJZDBJd3ZwRS0tRkZnZ0JRc2VYTWdBaVlfUTRPcUhxY3hJUlBkWVFVX2lCMnFhUXV1blVEcXZBR3dkWDRxaDlZU1hMUml6UzF3?oc=5
2026-05-08 03:00,The Motley Fool,fool.com,Will Eli Lilly Be the First $2 Trillion Healthcare Stock? 3 Catalysts That Could Get It There.,https://news.google.com/rss/articles/CBMilwFBVV95cUxPM056RExVcG1lUzVJR3FMMGhaQXRqZXVDLW11Q0ZrSTVtMHhTbDdoYUtDZlNYQ0R6Sm9Na2x6LTNDamJhRnc1WEJ4YXNadHRGaDdKY3k2NnN5OWNGaUx2dUJhUG1fbmVHbS1HRV95amk0dHo2VG5MZmpRLV9NNE5uUU1uVkFPZTNsS010aDE1LXVZcEFzeTRj?oc=5
2026-05-08 03:00,Yahoo Finance,finance.yahoo.com,Early Eli Lilly stock investors now earn a 9% dividend yield-on-cost,https://news.google.com/rss/articles/CBMinAFBVV95cUxNZ1VrSkx4eUEzOGlBOEJmUXV4THRtMGF6Vi1Fc28ycWRxYVFUYmNIOXhkTU1OZGNscEVKTlVDU25XSDgxZHE4RTU4ZlRPaWdRSzBPdU5EZDdyTEV2QTMycDRqMDdDZG9wMnI0VUNycFVaRl9CV0dKdUVyV1ZGMEZka2ZSdmJfWEoxU1FDQWJCbmtPdnlsZHB6TDJUTWU?oc=5
2026-05-08 03:00,Yahoo Finance,finance.yahoo.com,Eli Lilly's (NYSE:LLY) Earnings Are Weaker Than They Seem,https://news.google.com/rss/articles/CBMimAFBVV95cUxPeU5JNjhwazkzQ0RfVm11V3BGenoxSmNQXzZ5aEJUYXZNR2xKaHplUVFzbXdwVnJfZ2xIdkh6eVBhTGdHaXVLeUY3R3pyYW02US1KX281bGEwYTVvTDlHaUYwS2k1UklsNWxkWWdXS2I2RUNnUEl2MlJodkdLa1kwTmFWQ2NwR3NOZExqbTNiQnUzdWliR2xFTg?oc=5
2026-05-08 03:00,Yahoo Finance,finance.yahoo.com,Here is Why Eli Lilly (LLY) is One of the Best Stocks to Buy for the Next 15 Years,https://news.google.com/rss/articles/CBMijwFBVV95cUxOZjFNeTJ2aFVXWjhta2poMVRZZzJJZWxILVg1Z09OTGdMUnFNdmladUdzRUtkbnZKdGJENDFhVFhxWTBDb3lVem1QZlNpc1ZoSkNXOElZN2xfak82RmNQNUlWSmtaR0xlSDdYdFpNdzQxY2RpMXItOFA0WmhDbXRNUXlZZjNCSXRDcmgwNnZ4TQ?oc=5
2026-05-09 03:00,The Motley Fool,fool.com,Is This News From Novo Nordisk a Warning for Eli Lilly Shareholders?,https://news.google.com/rss/articles/CBMimAFBVV95cUxOYkszb0E5NUFUMlBxSFo1UXFDZ3RIUUxKNkhBdzVKUzdxS0ZaMTQwb1ZCTGE3elN6Y3FQaHM1aXdRSHI0d2pIU2thRVlzSVVkWFNCOVJoV2Z6c3ZESDQ3NWt3ZVJ4MVREREZwbE9PX2twSHdnSzJyWXNjd1JrbHZQVTNCVkd3dTFKZ1VMdGhZUEVENmNiNWltNg?oc=5
2026-05-10 03:00,Seeking Alpha,seekingalpha.com,Eli Lilly: 'Strong Buy' Raised Revenue Guidance By $2 Billion For 2026 And Label Expansions,https://news.google.com/rss/articles/CBMixwFBVV95cUxOZkp6aEN2YVo0WFlKRkVnaE50emtta09BR0NVenh3eXJsU0xRSVROVXZWYWlLeGt2VXVPYUlpN1JtNkRBWU1JVmozOWpWdURqV2dKZnpTSlhBUlQxN3FqallrME9aaUxPT29wZjItNENPUHo4X3hXRE1seTE0NnFFZ2lKc180R0Y5QnZNTHJ1UVVOZnp0Q3BMd1JVQ0dUa2FjWGhtMXRUbE1zU0g0bDFQQm5RZ2o2VzJwSGEwdk84d0dyQzlvajhr?oc=5
2026-05-11 03:00,Barron's,barrons.com,"Eli Lilly, GLP-1 Troubles Are Dragging Down This Healthcare ETF",https://news.google.com/rss/articles/CBMihAFBVV95cUxQZTFxWFFQQmlJcEExTkFLaHRITVM5RzBxUU95WGlsVU1PZHh5X2R5ZlNGQWdIVUYzZUc3RzVOSUF3T1VVeXY4LWQ0dktubDNkYlBCMTRvUmdBOVgxck4zMW5iZ3NmOGNKbUcyNXduX3Izam9VLU9teTVQQVQtSGNZNm4xRmU?oc=5
2026-05-11 03:00,Fox Business,foxbusiness.com,Eli Lilly’s oral GLP-1 drug sees rapid uptake after FDA approval,https://news.google.com/rss/articles/CBMiW0FVX3lxTE1VSllSdmtqM2VvTW1wTHExNUxaTlpycTJ3U0FwMUhxdjRBdGtkaDB0SjJwQmlsMllIZWVQMWlTV1NxOFZkaElpRXhXdVdXODVSLTV0LTJ6VFdkRXc?oc=5
2026-05-11 03:00,Investing.com,investing.com,Why is Eli Lilly stock climbing today?,https://news.google.com/rss/articles/CBMimgFBVV95cUxQcGg1WjZvYzdpMGtUdU52UFJuZEZLYnRKSFFUUWw4RzdNS0JmTHlQSmtrTDZLb1FHVzJJMDhUaXdPRzlkTUhBRUJQaEw2cGZKTE5kRzkxaVk4Y0t3Mk1xWVFGVzJXN2FOSzV0R3dOQ1pQR0pyMHZhQzVlSnJsLXFST29oMUdTX1pSWW5sQlFiRHdhVDdGN2dNb0t3?oc=5
2026-05-11 03:00,Reuters,reuters.com,"EXCLUSIVE: Lilly halts India obesity awareness campaign after regulatory scrutiny, seeks rules clarity",https://news.google.com/rss/articles/CBMi4gFBVV95cUxOVlNQR2h3SWdxVkwtTTBmakJGVHNTeTVFZGhualJ2ZU45Uzl4ZW5pY0t5RXROcWNDTHNZaVNtT25DVVJnTW5HeEQzR2dlSkxsYkdMbXk4RE1adTJrRnRtZV9MaDR3Tm92M1VHOFlyYzRqa3VEWUJxcWd2a0pVT0hYSWxuM2JxV3J4Q0lQR0dCSTZBNmRQUm1UeWZSazFZR3lra0t3SVBxaV9OWjNoQ196NzNmM3dOUGhLOEJnT0pPZWwwckRhUWxTQ0Rnb3dWUkttN2ljQlRfWGlyQTZTeHZhTzZn?oc=5
2026-05-11 03:00,The Motley Fool,fool.com,Income or Growth: Which Healthcare Stock Fits Your Portfolio Right Now?,https://news.google.com/rss/articles/CBMilwFBVV95cUxQUjdBNU55WTF0dEFvQ0p2VGxYOV95cDBCYUhRQTcyek1vRXlQR0twTHFtcnUtOUVnSFU1cmxpa2lkODdGSVVjcWxYcTZlVGV1c0JOV09TbkxyajFCdHZfUF9fUi1WYVA1eTBwOXR5aWJPN0ZseF9YSDc1enc1YkhfQjlwUUVvelEzSFAtVDNQQWFPSEN3ZzQw?oc=5
2026-05-11 03:00,Yahoo Finance,finance.yahoo.com,"Eli Lilly and Company (NYSE:LLY) Looks Interesting, And It's About To Pay A Dividend",https://news.google.com/rss/articles/CBMilgFBVV95cUxOeFBqRWcxZEVZcTdQbzRkeC1fYjdTbld2Z3NnM2ktdzJlS1BFQk9xRzQ0Y0I0NnptWF9RTE5nQWgzMm5QeUdBNzhaUUxhMk9nLXd5M1RUX19lNWNSNVE1R3dDYlExY0dJTkRSaTNSQzctdlBfTVBsTVk5QzNiTW9QMk54U2xLVHU5akh5Qm5VeHhUOTk0Q1E?oc=5
2026-05-12 03:00,Investing.com,au.investing.com,Why is Eli Lilly stock climbing today? By Investing.com,https://news.google.com/rss/articles/CBMimAFBVV95cUxOVjlsMVIzQ3k5VDQxUjQ1QklIX1R4NUs1XzRGVm5pOEo3c242Zm1ibWdGUE42QlN2eVZCa3BURzg2RllQYW82TFFXQWRQazRBSXRVU2ZXQW5yVkVGZ3VHYjJ2Vjdwam1pcVFPTWl2SGx4WUdlOFBySUthODY1Y25hNnBiQ2pEcjNQdE8yVGxLdDNtMW1IMDR3bg?oc=5
2026-05-12 03:00,Investor's Business Daily,investors.com,Meet The New IPO Trying To Take On Eli Lilly And Novo Nordisk In Obesity,https://news.google.com/rss/articles/CBMilgFBVV95cUxOX2lhVlpzMUhqdmFmMmQwOHZCMHMyNjVzV0w1TFpWN29ZcHA2cUVDbHJEaUVzendwdkVKQVNpT29VUE9HUXpsVXZKakVfMXBBWm56R3FwNldMbUdaRHVvWDZ2aEx0bGR2UjNlRjZqTUFNWVVsWm91dHVpTzBKS19RNGdQX3JySDdEOEF6XzQxTXhJQ3dsU1E?oc=5
2026-05-12 03:00,The Motley Fool,fool.com,The 3 Best S&P 500 Stocks to Buy Now,https://news.google.com/rss/articles/CBMihAFBVV95cUxNYmJDbm5jMmY1cFByeXd0am13SzFuZkVUNXZTUktkeUV3eGZkdzZ2SWhHYlBuU2xwOTZueTZUal9JRmE0R0gwNmpRdXVJc05VSTQta0tRbHY3QjFNM01CRG1XRHUzaXlwdlpDdTZ2a3dxQzQtMEkxNHJkNXhWMUlnRVBrOTM?oc=5
2026-05-13 03:00,Axios,axios.com,Lilly celebrates 150 years on precipice of new era,https://news.google.com/rss/articles/CBMisgFBVV95cUxNNzJTcXJQY2lLZDk2UDJRaDBmU2RnbUdRbThZeDdJQkItME8xTHlyTk11Y1JET3VweGFDWVdaT0ttSmwza09xaDZRV1RWU2dOczU2T1JTTDNLNHBJZ1pkdkpYLUd4Z2pkclo3VHRONVB5UTR0MGNyRlZjTFgzVDF3VmxvTkl2bTJSam1OOElPRE5CdFRtSkFsVHNXSE9KbnJqUHdJT0NORnoxOWdEeTQyOTd3?oc=5
2026-05-13 03:00,Investing.com,investing.com,Why is Eli Lilly stock rallying today?,https://news.google.com/rss/articles/CBMimgFBVV95cUxNb24zbXh1dktXN3AydklpSDQ2VkRJY2RDazU5b0lhN2kxa2d0dlFja0VJYmdnNUZHc2czV2p6SzdJQlVPOXJZQW13ZXVSMWJ3bWg1TmNDbmtCSG9BWExVaVMtYWFkNmFVem9SRTYxNDJKVzNmQm1QTDVLSWN5WFRaaGJWUXNGTEJyby1qRUJYZnpka2VGbEloZ19R?oc=5
2026-05-13 03:00,Investor's Business Daily,investors.com,"Eli Lilly's Retatrutide Is So Hot, The Unlaunched Weight-Loss Drug Is Already Getting Knocked Off",https://news.google.com/rss/articles/CBMimgFBVV95cUxPbHhxNk9CbGdNTnl6WVdMbFRFSU5ENlRfRVd3QTI1cXB3eHZIS3hQMlA5eVBSM0trSFVUNEJSTGtzU3lRQ3R5V3h2dEJBYW1DcVY5TXo0amYwUGVYYU9iNnlfNnRPWGxXaXMwS2Z0WDY4c050aWtId2Q4ZUJGOVc1WjlHb3I4NTJKUWhGcms1WkpHeEV3SVIzVndR?oc=5
2026-05-13 03:00,Reuters,reuters.com,Eli Lilly launches Alzheimer's drug Donanemab in India,https://news.google.com/rss/articles/CBMipgFBVV95cUxNRGszVWdEY2JQcmNSMDhZbWtPNldYWFhQa0F6WE1IOVJ2RmZRQ2pLZFFMMzFrdEZhcVZYQVNzcFhEY1ZQc1dXU2xxUmZ5aTVqZklyTUk0cjVHWUthZzNjUVdyR2JkSXB0OFFfQUNWU2dLeE1UWFRiSndrZ016ZVZtc3lORnZjM3V0SmhYY1lZVXRJdDFOZlFmRl84MUVPa3hrRUdqSHVR?oc=5
2026-05-14 03:00,CNBC,cnbc.com,"Final Trades: Eli Lilly, Dominion Energy and Apple",https://news.google.com/rss/articles/CBMilgFBVV95cUxQVmEwVW9PM3EwYlgwd2RhOThKX1IzNThCZUZXM0VGdVFJVkNzVW5vYlV0RFRQS0RDMFRBTlMzTWVVMVZwdm5YZUtJalBfWVlWZmRsM1VmTVNJbW1hS25VU1RpMmFEeGV2eTR5QWsxUk5CUzhqa203UW05bTJWQWs3QXhua0otSDN2Zzl1RnhNRHBKeTRLUlE?oc=5
2026-05-15 03:00,Yahoo Finance,finance.yahoo.com,Analyst Raises Eli Lilly (LLY) Price Target by $52 Following Q1 Report,https://news.google.com/rss/articles/CBMimAFBVV95cUxPaWxVaGVXRzljNzlxTjFYRWZ1dGlTSWJYVmpzOWxaSnBKdVNsS3Q3ZU56Szhzbm93NExSNGdDWDRBNmFRMHlWTHFVRlNpTUJoalRFU1NEUzUyVFZwS0NlWW9aNE03N2d4VkdSOVpmSVpkeU5FMElpS0owQmFvSXFQSWhDMlVWeVlucFlZd0lyYWJBSDVTV2dvOQ?oc=5
2026-05-15 03:00,Yahoo Finance,finance.yahoo.com,"Eli Lilly (LLY) Stock Trades Up, Here Is Why",https://news.google.com/rss/articles/CBMilgFBVV95cUxNcDA2Zy05VlBUdjlZZ2wtY3ViLUVGN0NrMlRvWVB4Q2lsMnBZVWxFMjN1NER6MzhqcDd5U0Q3SGNWTk9aSU1BbVFYcWdhQzJSblRIai12b0F6OE96UUFzcF9teTFBajVMZ1Bkc20xNHVfck9wcDh2YkJabENQVkNNcXVZTzU1QkFXRW81R0ZMZEtNMXRUaFE?oc=5
2026-05-15 03:00,Yahoo Finance,finance.yahoo.com,Eli Lilly and Company (LLY) Is a Trending Stock: Facts to Know Before Betting on It,https://news.google.com/rss/articles/CBMimwFBVV95cUxOWXl2VW1STFk2MHRfXzlvZE9LdUZjUEYtbS1MaXFLNDRibHM5YzBQN2p6X3FNRGh4YWRZNFlCTENzb2EtXzY2Q2taMVZ1MTExcEo4NVcwVm5tQkNiTjd2V2t4Z1BVTklDZ0NZNE5ZUUpPS3VrcGdzZkFEai1mQ0wyTGp0OWRaRVAtZnV2bTdvc1hIYTUzcEEtT3pWQQ?oc=5
2026-05-16 03:00,Yahoo Finance,finance.yahoo.com,Could Eli Lilly's Next Weight Loss Drug Waylay Wegovy -- and Even Zap Zepbound?,https://news.google.com/rss/articles/CBMingFBVV95cUxOQjVjb01qQ1g2RGFPcmVFVkRXaC1LUm13RWdXcXV6elpueVJJQTlvRE9PQ2ZWRUM2dWs5QlhMb1ZPa3RScW9RN3FFM21mOTVjMk1kV1NyVDFvVC1GdnBuZktJTVpRWWdET3dOV0FGTHFXUGJrN3dvRmR0S1lUMnRFekxKVjJwdTl4enB0MGtIRXVMNW5OVU9VVVpiYUNCZw?oc=5
2026-05-16 03:00,Yahoo Finance,finance.yahoo.com,Eli Lilly and Company (LLY): Investors Advised to Focus on the Bigger Picture,https://news.google.com/rss/articles/CBMinAFBVV95cUxQU0wyc29UdS1kYVJVdW5DbjNEc0xGbEh4LWtDZDBGUnpja1ZRc3FtLWlBNERhRFRROW9UY29saEhJblJIMHMySENhSTJZVWM5UGExWUZhLWdFZUtoYkxiR0ZBdGZDVnVOc0I1bi1kWnJCdGl0R3QxXzI4YklRM1F1UWRyZ0hLb2c1eWlCRWsxcjFtU1JFZll6TUtEUk0?oc=5
2026-05-18 03:00,Benzinga,benzinga.com,Supreme Court Rejects Eli Lilly Appeal In Medicaid Fraud Case - Eli Lilly (NYSE:LLY),https://news.google.com/rss/articles/CBMiugFBVV95cUxNVHNYR3dxSmVkMVFFMDN4T1U5UXBUbVRzQjBHRWNwTGs2c3VCa25yNjgxODFOcUIxQlJjek5acWVJQ2pBMW9GdUJFdW53RVMwcTV3cHhFMjFHRG43MWh4RklYNGlOd2F4YjFobTNxVTJ5VjdWb2Y5OUF5dGF2MUVhM2ljTk9jMzNpemI1UGNnUDZrWHVVeDNCejZEdm1GaXZQNGpYajc5YV95WUhzYW1LVVhrLWJVZWRtWHc?oc=5
2026-05-18 03:00,CNBC,cnbc.com,Weight-loss wars go global as Novo Nordisk bets big on its Wegovy pill,https://news.google.com/rss/articles/CBMioAFBVV95cUxOWklsODQ2QzFKaWdPeU5MRGVkWEJlbFpVY2xXLWw1MTlQRDA5MHF1b3hCTXlqY00tVFA2U2JKMHlvOXQyRExPSHNhZ3pkdkpPNGhkZU5aVFdZcVpkYlprQjZ5ODkxcXM4N1RUeGNNcUQyZi1RdTVfUjZ1Z2NfcG56MkZQUjYwZ2U4VERjMF8zMWZaS19EcWR3ZnZjbUc0Ry1h0gGmAUFVX3lxTE8yYm9kMmw3QmdwRldYWTE0VGdocDg5Qk8xMEVfYlNrclZ6MmxOOHAydWt5RHMwMGs5LTdtVXBLcmdWYXRGZFhnUjN2V2JWRHl6dEpLbFNRenlNV3VlMWREejJKVjBkSjN2YXZNQTRPUk9LMFhLWjVRSE5Obi13bHI4X1VSd2c2UmxaWlN6N2hwa3F0Qk91NUpJeTJmTlVZRUg5RWJISnc?oc=5
2026-05-18 03:00,Investing.com,investing.com,US Supreme Court turns away Eli Lilly’s challenge to whistleblower law By Reuters,https://news.google.com/rss/articles/CBMixAFBVV95cUxNTTdTdXM4T0FIczVIcmVkU2ZRbTc2OGdBdXA1SThxSlRQdWFUeEVCMHZ3VGRtUGRKUW85OW5xT09WUFZSb3JSTUN0OEhhRmV1UmhQOUIxRk5EdjZJRVc2M1F3eFc5MmM5WmRsNUhlTWloS3pmSW1CbFhYTUVSMnF1aXQxenZvODU2Qnl1bGhvcU0xQ3dHTXdINnljQVVRcTdNSlAzTmR6ZWhvTzB1M3ZVUnVlN1RJd3BZTUltWWdOWmhEbHFC?oc=5
2026-05-18 03:00,STAT,statnews.com,"Pharmalittle: We're reading about U.S. biotech's China problem, a Regeneron flop, and much more",https://news.google.com/rss/articles/CBMipAFBVV95cUxNd2I1QWMtQWJyTW5fVkRmUjU5TDVCcXlranQ1OS1JYUpnSzNUZER3VFdTMktWMnBOd3llZDRSWmg5RldDNGxrLUhNYW5hMG9mYXRZTGd1RzFkMWxzZWlwLVVPN2NzRnMyTWd1QWhtVWZYQS1ZakFOMmp1YjdnSTZ0azNlN0ZXbTctVTY2bXpqdVVlNUtFWG5ZOUFfR0FfVTBWRFRqUQ?oc=5
2026-05-18 03:00,The Motley Fool,fool.com,"Watch Out, Eli Lilly and Novo Nordisk: Viking Therapeutics' Pill Could Crash the Weight-Loss Party",https://news.google.com/rss/articles/CBMimAFBVV95cUxPTXRqVjA1VkcyTEJXRXo3WDc1UnF2TWJ1MzJBeWhvVnJMQm5mQmNzTndhZU9uSHFlaGtTMEowY21reENSTnZxRy1FRUh1ZGRuUEpwVEo1VDNFRXBseXdRZXdFeW92MFczNzU2czllVS0yQm1vS2EtM0g0T0JNYkF0akpCNkRCd3lWS25BTGZCcEdwcmp1MEpKaA?oc=5
2026-05-18 03:00,Yahoo Finance,ca.finance.yahoo.com,US Supreme Court turns away Eli Lilly's challenge to whistleblower law,https://news.google.com/rss/articles/CBMiggFBVV95cUxPRXFXakhOQzBYUkRjc3VISzU0OEZyQW5LbnFKT1MwX0dYZXp3MEt3VEo5R0lyOGVZZWZrX2xOTmV3SVVfYXVnd3VOdS14ZHRDYjhZYVl4dXNFZ0I4dk1BZWhyczJZVFZ5RTZwa3ZKMjc3ZHFMUmdkdlF4LWJhSTl3dm1B?oc=5
2026-05-18 03:00,Yahoo Finance,finance.yahoo.com,"Eli Lilly Stock: Next Stop $2,000?",https://news.google.com/rss/articles/CBMilAFBVV95cUxOQ1c0TF9mb0hjTUJPZXlTRXBYbG1DczhQSGpDR3FCTlpuTnByaGZHSFlfQWZfc2d5NFVUVU83NURxZHoyZms5Q0FvTmtpV1QyUUVPd0pQQWl1TTRUVlMybkhpQmZUMlBaYUZlb20wNzA4Ri1obDNLTXBlUnZvalU3UFhtQWdyOWYyZkd2MXprUXIwQXdz?oc=5
2026-05-18 03:00,Yahoo Finance,finance.yahoo.com,Supreme Court Ruling Puts Eli Lilly Medicaid Risks And Dividend In Focus,https://news.google.com/rss/articles/CBMinwFBVV95cUxQQlluaUNJeU5RMFRFa2NuV29jTWNSeDFNX29kTVJHTlJCMGIxRFhlMnQ0QU5DcjlqSEZmY2NHX25wMUZHRnQzS0F6UHZ3RU9rY2RHdVctdUVIbUVxc0NqVG9BQm56RDZCNGNBR3NOQzJfVUpVQ09Dc0ZBVldJelFkVF82Y2hreXFLV25FT0tkRU5nNXQwZGtPVlFacF95UUE?oc=5
2026-05-19 03:00,Benzinga,benzinga.com,Trump's Stock Picks Perfectly Timed With New Medicare Rules: Report - Eli Lilly (NYSE:LLY),https://news.google.com/rss/articles/CBMivwFBVV95cUxNQzRVbXQ5TlR3MFN1cHNBbGd0RldHckNpRDVPcFh1cGJzcWZKb0dOaUV2N2pLTlJTaW1SVnh0LUVSRlN5cUpCbVBvb3NiblJaaFJ4M2hHT3h4RXpiWlMxb3VsSm9STG5yc1YwYVE5MW8xcklpNXZVWjZEMDM1SlJzQTBrS1FweFpTVDdjZkZWZFc0cDdqQUxvZXBxQndWcHFkV0ltSkRKZi1Ja0d1aU16ODd6NTlOdy1mVnh6dTlTbw?oc=5
2026-05-19 03:00,STAT,statnews.com,Eli Lilly tops prominent rankings on pharma R&D performance,https://news.google.com/rss/articles/CBMifkFVX3lxTE5kdnNEbS10cE9Rc2tGbFd1Ymhsb2RibUNUb3luMkkwQXIyR2tVN2NSUTBWNm1rWERaRFVfeDZpNzJNWEdwVVdGWUwyV3RKNXRPN1FfSm5Jb3hRVF80TFQ5cXR5MVF0bmdGZDFIY0xJa3F1WkFINjljSGp4VHlwUQ?oc=5
2026-05-19 03:00,Seeking Alpha,seekingalpha.com,Eli Lilly Is A Buy (NYSE:LLY),https://news.google.com/rss/articles/CBMiiAFBVV95cUxPNk82MlYxNUNCNjhuUGE2TWw2YlliMVF1TTB1ZjlZa0JwYWtINE9pd19FT2RFQzlwMXRXQVZLckRrMDhySjlYQmVRU3pqcEhfNF9raGV6Ty15OVdDZkJVVTI0OW1Cd3VucDd5ZXUwLUxtVmxhZDc4cTJnWm5PMm00OEktSmRyQmc3?oc=5
2026-05-19 03:00,Seeking Alpha,seekingalpha.com,Eli Lilly: Novo Nordisk Was Just A Warm-Up (NYSE:LLY),https://news.google.com/rss/articles/CBMiigFBVV95cUxOcUd4bWJVYlJfek16SEFDZ0g3Wk9kZG5MZmV5YTFIa21WQjR6V0stZTlGTlc0elJVNEIwYzVpMUN5MVJ2QmJoQmFtR21tRXkxWGNTSjJUYWlWcHRYRUxlTU9nbXhndV9TZFBwOEpoeFg1SDRoTF9NWHJ4TTR5RFAyc2N3WXN3NU9JUkE?oc=5
2026-05-19 03:00,The Guardian,theguardian.com,Eli Lilly shares bought on Trump’s behalf as his policies benefited drug firm,https://news.google.com/rss/articles/CBMikAFBVV95cUxNckFlVkVFdHhJSmN0NlNOZlFWQlFZOXFyX1lwOVU1dE5TWWZmYzlCd2Rmb3RBNGF4MlpqeTlYSzZKaERlXzNEbjRTWnBZMklfQTJGOGVpSVRYSUlDalpGTFAxTFRkNnNMd3pvZEFzT25tTHNydHRRQUIwQnVWQ1RLN0tvYUJCb1JTTmlRcHRnM3E?oc=5
2026-05-20 03:00,The Motley Fool,fool.com,Best Weight Loss Drug Stocks to Buy in 2026,https://news.google.com/rss/articles/CBMijwFBVV95cUxPdEE5VHE1OWNRRVUyN3ZiV1FZdm5nbFdpMEM3TXJYRjg3RzBjUV9QSV9CUlV6LWhTM0x5U0VPelZfWGE1ajJKamkwWVhIdmNfd0FnSEZOa3BJejA3akQ3dUF0YXBlSDg5MTBSVWFJcFJURE1GNVhwQWY5UTVrSkQ5R0xxSUN5RWFBcFpwNnhBQQ?oc=5
2026-05-21 03:00,Barron's,barrons.com,Eli Lilly’s New GLP-1 Drug Looks Like a Weight-Loss Powerhouse in New Trial,https://news.google.com/rss/articles/CBMihgFBVV95cUxPOHpNdy03SldYaE1FWjRBNDVkb084QlFidG53R2c3dF92eUl4RUhYY3Ytc0VRNzF0a092MmhnNThnRUt0UlpvbzBCMkZvcjFCUFJNUXJEYV9pTHFTZ0JaUEtBWjBJZXg3bUV0S1E2Yk82ZVJ1VkdxXzJ3eGJvVGhqT3hweEU0dw?oc=5
2026-05-21 03:00,CNBC,cnbc.com,"Eli Lilly delivered on expectations with obesity shot data, says Mizuho's Jared Holz",https://news.google.com/rss/articles/CBMiwwFBVV95cUxPQmxyTk5pQUxkNzJ0YmMzRU15Rnl2RXRIdlFjR3VVa251QjJwcHlTLU1sSzJscWdYeG9fMndKczVIMDFSRFVRZlplODQyS1phdVFMUHVZcTUwTG9VMjZvSWhyeURtX01IaUMySWRhbVVsR1pES05sQmFqUTFLMnZJOXV0N0k0THEwNnVvdWdMM2duM2NZTFF1ZHdGYS1RVjFsOWxFR1N0VjZkMFh1X1pqcUhZOVN1cjlJb2Jod0lCTGNrSkE?oc=5
2026-05-21 03:00,CNBC,cnbc.com,Eli Lilly says next-generation weight loss drug clears crucial obesity trial,https://news.google.com/rss/articles/CBMinAFBVV95cUxNTy1LTmwtTW5SdjlvSXVFLWI4Zlg3SmtnN2ZaTXFhalVCS21wZTZVZWRWbjFrNzBpMXhPeFMtblhBdzZKd25YZU9NeXhrMF9oVy1PVEFrZFd4dTQwYUY3RG1QdUZEMlBSaUE1NDF3Ull4UzRsd2o1bVc0OWhsM09FYlQ5b0U3UmpYOXJuSklNYzZOYjJHVHBDWGxlWWnSAaIBQVVfeXFMTUF1QXQ5YjlseHgycTJRa0R5QkRyX0I1ak10WVJMWi1qQVBVX212VTVUWkVpQ0JNdWpoOTJYcTBFT2tGOFd3N3lMVEtncjdWR3d0NDV3ODJPSkk4aGJFc3I5bUc1Ti1YaUV3c1pLbzg2SGwtRzB2SHA5aXR6a1JkMnFIZGlHZkhqQUdFVDRTRXZCRjN0Q19MVmNhcHF5azRVclpn?oc=5
2026-05-21 03:00,FiercePharma,fiercepharma.com,"Lilly, AbbVie, J&J, AZ lead an uptick in Big Pharma Q1 growth, with Novo again bringing up the rear",https://news.google.com/rss/articles/CBMijwFBVV95cUxQNU5tSnJuZ2pmM0RRY2YwZ3FjeHFnd3Rra3JxUEFiWDRDSFhTQzlibFlIY1h0NzZHQ1NyOUthUnpUc3ljYTA4V3VIRV9zM2dtUEZwTUVFcDJfY1FrQU5uakQzbHhIZGxGTDZhcFFvelBXaWhXc2d5ZVVId2JaYWVHV0NweWxWWVpTR0pGNkFsTQ?oc=5
2026-05-21 03:00,Investing.com,ng.investing.com,Why is Eli Lilly stock rallying today? By Investing.com,https://news.google.com/rss/articles/CBMimAFBVV95cUxQc1MwSlFQUFg1c0gtNXpJVnFXcGJuaC05VFZxQTRhTDBiLUpzNnQ4aVRuaXV2cXIwXzQwWG1ZckhIMnF4OUY1VFNfVVVodXo5S0lxY0xXeGRWMjFZdHRRNWlnb0pHRi0tMlVZWnFDTmtTWno2MHkzRXJGNDVpV1QzUDBKMVBYX3I2dGRnaUVyZDlDTFdvUkpVdQ?oc=5
2026-05-21 03:00,Investor's Business Daily,investors.com,Eli Lilly's Next-Gen Obesity Drug Delivers Eye-Popping Weight Loss,https://news.google.com/rss/articles/CBMingFBVV95cUxNM2NacmgtMmFsdVU5R1pQUllXNkl1djBrZ0xianRydDJaZXVOM2hQZGFubm9GTUV1R1dSRVJhOGNrQ0J4a2tTSWFORjQzRDZYa1VOZFdUTW9xV1dybTlEc2g2YklmVGtjTklUVnZfemVEdnE4U1ZHeXh4ZmlXTHhzQm1KdHY1YlVuUFVZS29iR1FjRk9mTXJ1bEV5cVFtdw?oc=5
2026-05-21 03:00,MarketWatch,marketwatch.com,There’s a ‘powerful’ new weight-loss drug. A new study shows it produced 28% weight loss.,https://news.google.com/rss/articles/CBMimwFBVV95cUxPWXl1MlNObl9zSk5YMm5RbldlWVUwTlJsUHFmTW8xWUs1bXJxemh6dUhVcE1wUy1wclVRTFpOM1lsSWp4Mm51ZlE4aGt1dk9ITlRkNjhuY1l5d3RfY2JJX2kwQjRiMjJlS1ZxeVJxbjMwcG1qYjZIUlVlZGFNVUctOWdJYjZ6UEt2djRuX0NmN0l4cHQwemZOcHd4cw?oc=5
2026-05-21 03:00,Reuters,reuters.com,Eli Lilly says next-gen obesity drug helps patients lose 28% of body weight,https://news.google.com/rss/articles/CBMi2gFBVV95cUxPakdBWkFiUkotaVdJNk9ZeDVlTy1EcWFxS1pnSDNMU0hLbm1ockZEcG0xZExwUlRnVkhYUEU4QXFpbG5DQ2xhMHBXUnFFQ1g2RF9LakswYWRBdDFPTHhpTkJlcTZuU0JMMV9PbnZlQ0VQMnM0U0VLZkFmV2hBRW85T1JHS09IS01zOXY3ZVdybDNNdHBMRXNFdm5VMkNaby1ERlNyZjlyOHRZQjJBT2ZaeXdMVWRjSGxXOGV6XzJCeWdnOHl3UU9yTmZNczdHY0x6eks2OGNkVUs5UQ?oc=5
2026-05-21 03:00,STAT,statnews.com,Immunovant shares surge on arthritis trial data,https://news.google.com/rss/articles/CBMingFBVV95cUxPczJzbU5DV2hxTW03cjh2Uk5VR2xJOE5IajNZSXpOd0NXV3cydkJqWlotNjFzWGxzYTlZeGhCMVRWOUxTSXo0QWZYS3lreGxyVzN0bWZ1Z1h2cy1yaEJDWGRaMDBBaGh6SlBYRDI2bENlZ0V0ZUdZZXRRSUJDLTR6d3d6LUh0c1dXeVF2OEdZQ3hWeFpzVzZpdVNQZHRUZw?oc=5
2026-05-21 03:00,The Motley Fool,fool.com,Could Viking Therapeutics Be the Next Eli Lilly?,https://news.google.com/rss/articles/CBMilAFBVV95cUxPeU9UVUpkcXF4cXpqYkttSGo5LU4xS1FZQ2FPVFFMdHhsenlYZGcya1VaSXlMU2l0YV9oSWI4MHVOY2FfZlFjZEZNbEdIcEREQlRHRXNNR1VJd0lYSG5fcUFhQmZtaWo3bG1nWkxnTFdyMUdoM3FxQWwwdG01OEpEMjdWRF8tTVlwb0tEZi1tTEhwQkM4?oc=5
2026-05-21 03:00,Yahoo Finance,ca.finance.yahoo.com,"Lower cost Novo, Lilly weight-loss pills draw patients from compounded drugs, doctors say",https://news.google.com/rss/articles/CBMigwFBVV95cUxNcnI3SkVxQUJpeXhjNFlhVTFURHltSmthNTZ4LUlDS1Q2SVp1S1ZydTdFeUNuMTRtR0o5ek5OZVFaVnBieE9Ha1dleGJ5SmJ4elN5Skg3Q09iQ044aWxqcnozLUFWa2t3RUdjOTVTR2x4UXdWYWJtcTB6Q2N4RUFKeEdaWQ?oc=5
2026-05-21 03:00,Yahoo Finance,finance.yahoo.com,"Eli Lilly (LLY) Sees Strong Growth Driven by Mounjaro Momentum and GLP-1 Demand, Barclays Remains Bullish",https://news.google.com/rss/articles/CBMimgFBVV95cUxQWFJEQ1hXZUp2a1pzVDkxYkEtcmp1Zl9KdmdHNWdzczJ0aFVXeFpCdk5qZ2drWjdRQ0E0X2JMUUtsd05QelE3NUE1QTBtUVQ1WVF5RDJhcDF2Ui11SWtzb1ZNbmQ5M3R0QnJkMUlRVkp2a1c1WlZTMUIzc2pJelNMU2pqUC1lYW5hQkVFbWszSi1YclVGaE53S3Bn?oc=5
2026-05-21 03:00,Zacks,zacks.com,Eli Lilly vs. Merck: Which Pharma Stock Looks Stronger Now?,https://news.google.com/rss/articles/CBMingFBVV95cUxNRWxTSGdjLW80ZUxOcWNFWXgzRGdJV3p1Z2NBalNSamkzRVpQZE96VUh3Y2VXckZFMUdscTc2UFh0NUU2Umg0NTRLV1FnMmsxdUk4cDA2QVdFczRzcUl0N2NUdHhraW1DRXRhS0M2U09xdXhFSDhkN2NMRXBpYU5mZlpZc3luc1JrR2J4d0h0clNWVEJZMzI2S2xLUVJKdw?oc=5
2026-05-22 03:00,Forbes,forbes.com,10 Best Stocks To Buy Now For June 2026,https://news.google.com/rss/articles/CBMiiwFBVV95cUxPcGZqSWJDNUhfSmdCV2JqbVp6UXZfYUIxYXVLd2Q1T0V4dWE1dWZYc0d3MFk2enlIRzIwMk11TUctdE9NQmRKX1V4eDVYLThNUnVpdDJYdjhIN0EyMmRIUHVwQUUxNlBBYjYtNDFhMTI4LUxwWGxObGhBdUY1WDZORmxldF9MZnBsd2pv?oc=5
2026-05-23 03:00,Yahoo Finance,finance.yahoo.com,Eli Lilly (LLY) Announces Positive Phase 3 Results for Obesity Treatment Retatrutide,https://news.google.com/rss/articles/CBMiowFBVV95cUxPM2NVSnhiUjY4QmIxWF9uak1nZzdkcFZtaXpyNDZpdEx4QlNyR2xEM2hyR1FGVEJjYk44eENzRE9lRmFmU0VhajlsUmRCNFVGcXoxWUx3ODBFcjRPeUdYRnVtZFc2cEdCbWhDWEJJbkRpcFN0VEVrZTVXZ3VaVXVkc2xBVXVfcDRJeGtRT0RFYm5pczhrRDNZdHktQ3lYa0F4YXFZ?oc=5
2026-05-23 03:00,Yahoo Finance,finance.yahoo.com,Is It Too Late To Consider Eli Lilly (LLY) After Its 7x Five Year Surge?,https://news.google.com/rss/articles/CBMilgFBVV95cUxNMjAyLXEwYlBKbFc2SU1vYUsya004YXdkR0c5N1YzYXZTendGZ1Y5aE1NMHFLWEZiVEg1NUI5VERWeU5ISDQ1eG1uY1BBNUdCbngxcFBuellpaGM4SFBnY3pycDY4RkZqQkdxdjE1SUV5ZVNuT3ZrNWNIYzhjcERybGV4ZUp3SkdHR2hjWFZtYXU2Q2Q3bHc?oc=5
2026-05-25 03:00,The Motley Fool,fool.com,Eli Lilly Just Got a Huge Vote of Confidence From Morgan Stanley -- and It's All About Mounjaro,https://news.google.com/rss/articles/CBMilwFBVV95cUxPVUd1dFVTc2lwaVBhaHd3c0ZSaDNwX1M0WUlKZkZSbXB5THZtenlNM1F2UmRESWpnZDRyRnFsRFRQQ0xDeEVPbHphUjMzUTYtRm5wUTExZGRyTW53ZkwwX0NOT0ZWbjJzWUVSSlBGXzlSTDlIczlsOTdHRHJ3RGIwdUhnWk9IbENMc2xFWlRGWE5UdmZRdThV?oc=5
2026-05-25 03:00,The Motley Fool,fool.com,Eli Lilly Just Made a Game-Changing Move in the Billion-Dollar Weight Loss Drug Space. Here's What You Need to Know.,https://news.google.com/rss/articles/CBMiggFBVV95cUxNdkRWdnFnbWFreHZIbWgwTDBHdHFGYUprZjJoVDJJRmZ4NjdhZndVSlA0Qlg5bnE4ekl1elQ1M1BjUnkybmd5YW1KZmkySVNFRGtvcnNFWXJUbjN3V3Y5VklWMkd6cXdDWWFielUzOW1mS3lzcUxFMDhlbGlhWmMwTWp3?oc=5
2026-05-25 03:00,The Motley Fool,fool.com,Is Eli Lilly Stock an Undervalued Stock to Buy?,https://news.google.com/rss/articles/CBMikwFBVV95cUxPUU5hcWplMWFBUFJKa1p2dGpRUWtmYU9fQWxtMl9UbDFIMWE5V0FmSVkwRGtvdTVWY1RXeWg0dkRpb0x2cGNlaDhmMGhzaWxXY0loWXlsZUFaSDU3YjFmdnBacVdvVHFNcnhJVHd4dUN2MUpHUjhPNWtZUnpjNUJlWWNYU05pTFR0SlJ0S2xoQ3h0Smc?oc=5
2026-05-25 03:00,Yahoo Finance,finance.yahoo.com,"Eli Lilly Stock Eyes Best Month This Year As Cholesterol, Obesity Drug Tailwinds Build",https://news.google.com/rss/articles/CBMimgFBVV95cUxNOXE4RkJMNEFtYi1fdXlzeXJIRUt5R1VSV3hIVV9HRmJGOE9YTE5MVGJzeG9Yc2ZtSU42YmQyNG9RTE9CVUJSRDRWNFRlcjFMWEIxb1dJUHNFcldWYWpIREQyZWctd01RNjlPQzlETFltZDZmVzV2Y2NTSml0YlZ3MGlidVVZVG84LTdwNWgyU1hFQnZZYU9XQUN3?oc=5
2026-05-25 03:00,Yahoo Finance,finance.yahoo.com,Why Eli Lilly (LLY) is a Top Growth Stock for the Long-Term,https://news.google.com/rss/articles/CBMijwFBVV95cUxOVElXYXNuaGxZWTdmRzFPVllFRGlHS3dGYVFfSWN5M0N5LUJNOXY1cmZLNVpvb0RObXl1b0doWkttRlZ5b0hIckZZZ28yRjdYbEUzTWF0OTVmbUpXYTdfQmVPYWtBTThGbEp1OE9QYy1pS3VpQ2R5OThKNUViMWxMdmhqMUU1LXRxSnJPRWtDcw?oc=5
2026-05-26 03:00,Axios,axios.com,Eli Lilly spending $3.8 billion to buy vaccine makers,https://news.google.com/rss/articles/CBMiYEFVX3lxTFBabDJHNG1RVTZBblBGSjdsTnk2c2E2QWdSSG9MWHM1bWJESVBYUVRkcTFpUmJ0TXZ6TmM1VUdPa2lmVWxJTzhMc1pBMzNaaFMwYVhnWS1YQUhNLUxhYU1VUQ?oc=5
2026-05-26 03:00,Benzinga,benzinga.com,What's Going On With Eli Lilly Stock Tuesday? - Eli Lilly (NYSE:LLY),https://news.google.com/rss/articles/CBMi2gFBVV95cUxQd1FXM1RJVlhNVVJQVTF3ME1lRGF3d2pSSUw4YXBUNFNJQzVKb3lzT3gyTlpLT21uSE5vTnlidHoyZkswaUpsNFluZG1fckR1QXFVc3ZOY1M2Zms2NUoyYnlZeno2SThRYWI2c3oxZ1cxaFBSUFlKMURra0xkT1c3TzBVRy1TYlV4TFpBZV9nN1V6SjBJVjlVTXM2MnpFTHVHcTZRbXJtb3NGU0Rlc2hQQmdqQ1pMRnc2eHRPWGJxRzV0YU91Vnd6MFptcjRJVHYzUFhEU1lFak15dw?oc=5
2026-05-26 03:00,Bloomberg,bloomberg.com,Lilly Goes on $20 Billion Buying Spree as Company Seeks Next Act,https://news.google.com/rss/articles/CBMitAFBVV95cUxORGJHS2d3LW04cWpWQXc4NjlUQ095R0ItSHd5UzgyOWZQamZjYXBrTy1hRVdJSVNyQm9BVm9KZTRjZ0Y0TVByR2p5a05EU0pvY1dkcE43d0duLVJieGNxc0lJTzFId19SWkt5cDFzMTBqUkNjLXZaOGlTV1hlcTNUU1FlU1BzS082eDlGLVN5YkRIc2wxMW9qb1lqbm9MNnN1SmhWcmtfdTdEdnZ6SXlmOE8zRjE?oc=5
2026-05-26 03:00,Bloomberg,bloomberg.com,Watch AutoZone & Ferrari Slide; Eli Lilly Announces Acquisitions | Stock Movers,https://news.google.com/rss/articles/CBMiqAFBVV95cUxOMU94cjNnMGRDdk1haHczVGNuYWlEaTBLTXlCODNSUldoalVVVHkxMGdHUi10NXhqZjR1OTZQUi0zcG5DdE5ROXNRSGJNd2llSDZjbnJCN2NMa24wa19JM1J5em1xQTRtLXloWG5TRDN0RzBnd1Z6aGxOeE96YldXVUxRakdQLXFDbjhNQ21zcmZlRWFEWTZ3aTg1Mkhybm5nVDIxWG41emE?oc=5
2026-05-26 03:00,CNBC,cnbc.com,"Calls of the Day: Eli Lilly, UnitedHealth and the XBI",https://news.google.com/rss/articles/CBMimgFBVV95cUxQVzJvRVNmVFJkaEYwYXRKZTJWNTM2VEcwRmg5NGl3NDRxRXN6V25UejJ4M1ZpTS14LVo0VDhHNE5USUdSVVhmU05OcDVTeDNHR0hzX0tpMFlmSGZwZ1MzLURhRG8tTTREbzk5NTVTMVJrdFNvaFA5UnU0N3VHUVpPRTdyUHZJODh4UHZ0ZkJUb3Q1SU1TM0Fyd2dn?oc=5
2026-05-26 03:00,CNBC,cnbc.com,Eli Lilly stock edges higher as company plans nearly $4 billion in vaccine deals,https://news.google.com/rss/articles/CBMiiwFBVV95cUxOVzFPLXo4eUxXcFFMVXVIQWJnOUJBZnZHdjF1VGhTUzZtM1NXTFQtd1NmTEg4aFloTVFLaXJGTXpSaW52NUJPM1NZblJ4UTlRYzNuNXJnSDdPVTY2blR1SUw1UzQ0Q0c1WDBVdjVlWDhKdjFEYUY5VHlwa21QLVVlZ2NUOVBaRW1ROVpF0gGQAUFVX3lxTE9ueTR1SGFEbHN4al8yU0VSLV9xNjJRbFZqVXV1T1RWX0l0NjB4Skh5RTRVWkRJTVZXMWtnSEJjdGI5QnBqLXBRS3kwdGdQTkx1NHFUeVh3a3llemRDT1NZUjQ0SlJ1M3g1NUtsZHJLMlI4QUZJWFR4cTFXMzI4c3Mtd3pZUmh6dTBPOHhtd05xRQ?oc=5
2026-05-26 03:00,Investing.com,investing.com,Leerink reiterates Eli Lilly stock rating on gene therapy progress,https://news.google.com/rss/articles/CBMixAFBVV95cUxOVkt2d2pqbXVBNTVNM042R0xzUUNIWFZBRUp1amF4LUo4ZTdTenV2ZEtYcjMwSmtzRWs5UWliQ2tkM0dqcEdVLWJ3VDBIS0ZHWERBNVBkb3p3cHpzT3oxbzZiRC1GNkRIbkxjSTJ4SlhLZ3VTSFdIbV9VNFZETWlteVJiWllpR280QWFoY2dlSjRFd2FSYW14by1oZ09vWkdsZWpYcmhSSEpyNDdLam0xRGJTUEQzaC1fQVExZXM3MmtWV25W?oc=5
2026-05-26 03:00,Investor's Business Daily,investors.com,Eli Lilly Goes On A $3.83 Billion Acquisition Spree. Where's It Pushing Now?,https://news.google.com/rss/articles/CBMipwFBVV95cUxQN2FmczN1VW03WHZQRFZURE5PUV9QRGxOQ2duM3NUVDVFWVlNYWoxdU1XR1J3cTNhbHM2ODZzOWsxM2k4MHFtMWtnNEZuNTNJRUY5M2wwazRXa19tSXUtRkFxTmZoazdaZFMtaWlaR2hzVmtzZ1BUX081Z3pSc1NETzQxQkY1NTgwakdWbXB2TmFUQ3k5WVBYbUlNcXo5UXVQUUxqamlWZw?oc=5
2026-05-26 03:00,PR Newswire,prnewswire.com,Lilly announces three acquisitions to build infectious disease portfolio,https://news.google.com/rss/articles/CBMixwFBVV95cUxOTEI1MjBJeDJaWENkdzhUNkJjNUkyX2U5SGduRnZOZm1IQzh5ME92dGxjLXMwa1BoOC1idnZHVHB0UldhVXFzbTVKdkcxNFlhMW43UmVnZDg5RDljVUh1OXBVVnJzZ1RoRldqdlQwM2I4eDBhdjg2RXlRbUxwLXFLZzB4NUE4NGNaVVVPRmJ6Ukw4TXpZOEctSlNKVm1PZDRKQ2tHOUN0V0JucWprQUkxZm5NQ3ZoU2ZwVVNsUnZ2Y252b1o0Y2I4?oc=5
2026-05-26 03:00,Reuters,reuters.com,Lilly to buy three vaccine developers for nearly $4 billion in infectious disease push,https://news.google.com/rss/articles/CBMipwFBVV95cUxQbmlmeGFzb3BONVpqT2lKSlNLMHp0QUI2akpWd3daSkU0Y21jZkZyTjNIdGRLTzJ6Z2VidmswWW5iOFMtTGEyT0dGUDhfcDk5ZFZzQ1NOeUlUdW85Z0FJT0lzVFNYaDUxbHhIU0ZLcU9NN0N3RFZlQkNvMmNsLWMwSVdBcTZrUmJ6MnBVWDRmRTVyQzBFSzBJNzhOdEdWbFB5TW52RDBFYw?oc=5
2026-05-26 03:00,WSJ,wsj.com,Lilly Agrees to Buy Trio of Vaccine Developers,https://news.google.com/rss/articles/CBMiiwFBVV95cUxNZFJLckxwNzVVWmNzbWNDRXFjcktpVkIzbkRWYnhOOU5ES0VweHpBclN6VzNJWHUxMDVhTk9qazQzN0RkWVJfbjktMmtHZzU0c05JTmxxSlluTWZFblZhTG1JNlVTeElWTW9QQnNoLUhaTlBDanJnNG95RWxBR3lRQ3RmRXJPU1cxRGFV?oc=5
2026-05-26 03:00,Yahoo Finance,finance.yahoo.com,Here’s What the Street is Saying About Eli Lilly and Company (LLY),https://news.google.com/rss/articles/CBMiogFBVV95cUxOZGU0ZlBJZ1NxX2otTlVabDNQZjItWWRkVjI1bk1qaHZyRnBHQWZRM3hjRDc0WUFwOUp1ZmZwVjBtOV9mc0s3YkVIRHRUUzBGSWxJc2hhakZVQUNTZjRMT1BPZXpBbnVscC1KNlRiMDFWVldocmdOeTRYcTVsOXJHTXpjNFBVTF9Qd3dfWTlJWjUtcXZmejNRQlB4SnBoVkpjeUE?oc=5
2026-05-27 03:00,CNBC,cnbc.com,Healthy Returns: Eli Lilly makes a new push into vaccines — here’s what to know,https://news.google.com/rss/articles/CBMinAFBVV95cUxPcTZJT1lRYmR0c2lwMlA1cFM3NW1SWFBmOU1jeHVDOWhkeG5YSnRIR3g4NzRFNXVqbWNTaDh0dzJHSkRpckotbVNhbEFYUFZHY2JpSGxwdTNsSENBaFdrUHFCSGpvdEdGcXVlZ1Z4YUNDVTVscWI4LXVmRDlUbUNBT3dKRHBPNm1icEdtTThuV3NnRFFucEJkV2NiTXDSAaIBQVVfeXFMTloxWTdTbXpRWmtGRXNXT3djTkF6ejNSaXN6Wnh2YTFlNVpMUFRmVmR0X25PMGw2OEJKRlRPWFNzV3NOVU51X2lZdWxRVnMwdlR4SGJ6Y3dqdjV6cHpPVTVOOGQ4Mmh6WDFzYnVkdmV3ZjVsOUNkZ2JmS2p4clBtYTllY3NraFdqWWFPa0p3WUdhZlI5ZWVSUVdITHpGQlZSeHdR?oc=5
2026-05-27 03:00,FiercePharma,fiercepharma.com,Eli Lilly wins argument over Noom’s GLP-1 dosing claims,https://news.google.com/rss/articles/CBMimAFBVV95cUxNMjRfT2FySjRpVTdyQXlraDJJczN2dmo2TWdYN3VyM2ZDVEc5RkxZRHotZHl2LVNXZ0dVS3pKSUpjcnV6cldYY04yaDVhUDk4NU11dkJvWFp4WDJIeS15cnVqOTJOMncteThoNVd3cE5WVEtTSE9xbjEtemNiS01qSkVrZHlvMWlqbm96M1ZQdk9NdTIyTXB1WA?oc=5
2026-05-27 03:00,Forbes,forbes.com,Eli Lilly’s $4 Billion Vaccine Bet,https://news.google.com/rss/articles/CBMijgFBVV95cUxQNHNzQUFOM0Q5dXZDRnVmZm9ENGJFZU92MzZFMDVINzJpak5ubUVBaDFkMnU5R0Fjd0h2ZUxuSUI2aVlhTFJqVE5iY1dXU1VJekFnMl9xVWg1Y2t4Q3ZlamN1c1kzSWpaa1Rsckc5aFYtdGJCRm9sU0cycmJyVUVPdUFheG84NHExZTIxbUZR?oc=5
2026-05-27 03:00,The Motley Fool,fool.com,Novo Nordisk Is Beating Eli Lilly in the Obesity Pill Market. Should Lilly Investors Be Worried?,https://news.google.com/rss/articles/CBMimAFBVV95cUxNTnk3WDlqMjE5T2E3TnBMSzJPSmhfWDRFOVI2MmVJT2s4X0dVREE1eDM4aFBjd0hoUnowZlBjdGZmZUdzM0g2VGlmQTJ5bUJDTkdqN1ZLMEp2NFp4Xy1BRXNGcWRJblZOX2FLdm82UEk1REJrQXZubE5GNTdqN1ZmSjdvdkwwcHdMYVVhWFdnZkFYUmhDU3IySw?oc=5
2026-05-27 03:00,The Motley Fool,fool.com,President Trump Loaded Up on Eli Lilly in Q1. Should You Buy the Obesity Drug Stock Too?,https://news.google.com/rss/articles/CBMikgFBVV95cUxNVWI0ei1SdkgxMW9TeTV0XzlMT2Q5aVRjTFFkam5UdzVDb2FxVHN1WGYzcHZyamw1SVlsUzR6N1pBT2d2Sk5tR083N1NRYUl2ZmRqVXpNbFhTS1FHVlU4ZExHTGVhUXNzUFZRdWtzWTQ0dHY1Y2xaLWItT3g2VHpxcXJLR0hOeVcybzV4RW1oQ3JyQQ?oc=5
2026-05-27 03:00,Yahoo Finance,finance.yahoo.com,The $4 Billion Reason Eli Lilly Stock Is Up Today,https://news.google.com/rss/articles/CBMimwFBVV95cUxQX202Y2RjcG1tb2Z1NEFhTDJsNmlkTVFpU2psOEZHZjlkeWd3VGNkZk1yNldsWUhTUkMyVXpjX1NfN2RhMnFOTklhSmtjZ3A3a0JSWmx4NEpUM0JhU1hvWFJheU1EQy00eVBpS3Y5aHNNTnRubEhCdF9jVk5USlVYOXl5bGtIUWtlV2s0aFV2MW9DdWw4bTJoMEFGdw?oc=5
2026-05-27 03:00,Zacks,zacks.com,"Eli Lilly Stock Hits Record Highs, Becomes First Pharmaceutical Firm Worth $1 Trillion",https://news.google.com/rss/articles/CBMiwwFBVV95cUxQMFBNbVNvSVlFVDNWUHRtMG9VM3R5anFpY0l0R0JUUkc0TEk3NnFqTVRETlV1QWpmTHJsQVQ1MGtzcXpySXVjS0hHRi15ODZCNTNGMVQ2dGZaYnJVbkUtbDg1UTloNlhpeDJPZTdjOEpTNHd3emFDWFJEZkVYUlgzekVQRDJTR0pDdzdpTjRMck5XUkp2TEhIWTZSTDRlN1hCNXEtS1g4X0J2aXlDcmNmZDQwWTVUb0ZKNkFkZ25VSDJsRTA?oc=5
2026-05-27 03:00,Zacks,zacks.com,Eli Lilly to Expand Vaccine Pipeline With Three Biotech Buyouts,https://news.google.com/rss/articles/CBMipwFBVV95cUxOaGNWaW42NWJVV2tIbVA5MHJCLVdlb0xtd3E5UEhrTzlvQm1zNTlqUE9lOUkwLVZKQ09Ud2FaN1NTZlJtbEYtQmJjRXZyMi1ZaHZ6SDdEU181T29FNFJPUjRjNHdTWXlnV2NNNDZBZkZyaW8tQ052SlJlbS1jblRPbWVaZk1EWGFlSEJvem5jQ3hjdXpNUlRXa0RBeVB1WWlGQjZmRkVQZw?oc=5
2026-05-28 03:00,Barron's,barrons.com,Eli Lilly Stock Heads for Record Close. CVS Weight-Loss Drug Coverage Drives It Higher.,https://news.google.com/rss/articles/CBMihgFBVV95cUxPWWpMenVfdmdfeC1hd2dsSUFSRnNNS0JaR0N5YVBCUHFRTnZTYUFiMTBWcHBFUi1JbU8wdDRBZFlDOGJ1TExJbURkMVp3N2J3YnBNVnpWbWpEQWszNlhzUjlUMlRkX1dFRzZPcXBjTXlFVlE5bzVrU3RCWnVkdFA1QUhPQ2VTQQ?oc=5
2026-05-28 03:00,Benzinga,benzinga.com,Why Is Eli Lilly Stock Surging On Thursday? - Eli Lilly (NYSE:LLY),https://news.google.com/rss/articles/CBMipgFBVV95cUxOVkxhLU1ybWh6RXBub2JnM3hCS0U5RTQtZ2lnRmM5V3c4WHc0emdrSzhCQkxEWjN2TGM4QXVQZ1VWVE15aDd6S0ZlMkdOZGtnSTVkcnFZUWhWUk9DUjNhekJncmF0YTlnZWIybWM1XzBsRmtaeUx1UEZmZWt5SG4wUzhRQ2hpdUR6OFdDSU1hd0FOY3p6Nmh5cFZqTGFWRkd5Z2wxREFR?oc=5
2026-05-28 03:00,CNBC,cnbc.com,"CVS to restore coverage of Zepbound, add Eli Lilly's obesity pill to drug plans",https://news.google.com/rss/articles/CBMihwFBVV95cUxQY0VkTkxtaERMLTl3SG9ldTluREpDbUpya3pfd1lUNFlxbkNkdzA4Z3NONXZpWkVQLTRSMy1rSlNiUnd3dWhzU3AyVkNOZUJWY3BuUVRRbWxDemlmdV9uUGhGbm5CdC1Tc2QtelJiMHBMcG50ODRKTWNia0dsaWZ0ZEllQWtHa2fSAYwBQVVfeXFMTnpjbG9GZWo3cGIzNWRxRjAwSGhLOHdfbXZVUWdNUkIxZzg1UEJ6Nll0eUNPS2hXX2h5Z3l0WVRIQmNocWZUOGR5bWtTWWJzYmdraWhKTm9qWHVsVjE0T0N5ZG94eFJZUllEQWp1Tlc2Tld3VlpYcmg3VjBaUklUNWlLVnlWenltTWJGR3Q?oc=5
2026-05-28 03:00,Investing.com,in.investing.com,Eli Lilly stock gains after CVS adds Zepbound to drug list,https://news.google.com/rss/articles/CBMiuwFBVV95cUxPUTJhU1Fac0o5WUtwMXpCdnlNTWVWWWRoZkJrUEVzNmZfem5iODhIcEZsWnNCY1l5TUtTUlRoQldOZzJfNk0tbTdIRU14dFQ1bFM5WVBSdzVkcmh3Uzc2d0hhRmRyMXVZVU1rYzBPSW1OOXA1UVptbVhaU000VlhYSHhMeDJlUkZjSXczZTNDN3pQVGdvdE1PcUliOGNvVktoSHZ5VGN1ZzdQMW00bjd5Z1d1NWNZbl9hN0x3?oc=5
2026-05-28 03:00,Investing.com,investing.com,"Eli Lilly stock hits all-time high, reaching 1134.04 USD",https://news.google.com/rss/articles/CBMirwFBVV95cUxQbnhlYlprMlZaazRzUTNwdXlBbXYwRTJZeUFhWXgxWXNxd0MzQ2RZdjdnRFo0OU0wTjVycDBBdl9VUE5IOEFhajJFaWYtd0hobGhVU3NXTjF5SXNpMTZPVURpZXd6YldQa2IwNFg2bEN6VzdCMVVwbmVUemIzc1Y1Q2tvXzQ1Ym9mb0JldTF2WEV1bHoyZERXaU9XbFRiZ0labzh5cWlUcDRlNUJQMFU4?oc=5
2026-05-28 03:00,Investing.com,investing.com,Why is Eli Lilly stock surging today?,https://news.google.com/rss/articles/CBMinwFBVV95cUxPbWh4Z0tpOWdpYVJBbUZIa3hDc2luSnBkQ2YwQUhyVzFhTHFTcVZWQnZLak5qQVZIV1NjZmVfWFpwM0E4Zlc0Ni1fbF8wT3lfeDItS3hQVklDTnhldUs1NFdoNkFwS0NualZDWlRFSzZMc0xCRjcybVB4Vzk0MUFNTmFUcklrb3RuM2ZZSlVzMFpMalY1dDdycXJtWTcwUVk?oc=5
2026-05-28 03:00,Reuters,reuters.com,CVS brings back coverage for Lilly's obesity drug Zepbound,https://news.google.com/rss/articles/CBMiqgFBVV95cUxQZTdhWWRZVUhqQXMzUHJ4NTRybFBzdU84WmVQTHRZSHNwMjY5TkpKX0pZeHF4UGZiUVhrMExLSDN3Mmo5R0FOQmlnYkFoeDBDZUgyeGNOU3VpeFdSeVJ5R1FHb0tYdU5JaGhzaERLSzNqZmZyaGQ1eFVyc1Y2R0Q4SVM5VWpWM2M3d1dYekVSTzl2Qmo3UE84LWZQTVNaYzFvNEpZcklpREw2dw?oc=5
2026-05-28 03:00,Seeking Alpha,seekingalpha.com,"Eli Lilly Expands Into Infectious Diseases, Retatrutide Adds Another Phase 3 Win (NYSE:LLY)",https://news.google.com/rss/articles/CBMivAFBVV95cUxNZ0Jva2E4REZnelVlMnp2SmhtNnlMYWV6ZUgxbFozdlk2S0JJMmFBNVJISnZLR3Vrcy1reWpBdkxsQ1dPcHZ2eVVVV090bU80N3NFS1N4bVJRYnZKcUJSU2lfRVBtbU56am5pNGV1eWQxbnl6WUhEQ1YyVGQ4OC1URUVrc19CZzduTFJsdkxlMC0zWGk0NVdETU9JWGtvczNfcmdqaGZOT2FsbjQ5clctYUtCN0p2M1R3MkdIMg?oc=5
2026-05-28 03:00,Seeking Alpha,seekingalpha.com,Eli Lilly: Big Upside Likely (Rating Upgrade) (NYSE:LLY),https://news.google.com/rss/articles/CBMid0FVX3lxTE5oOEhfRkxIM0xUSFo5YVhMY195eW9IVzNjLUhfWTNLR2taak55VmI0ZXh1UzBUQjA0VHA1My1UWHNjXzJBMXpDaDI3enFDOC1GUHdzOTJYSi1Qd0tHckZQNk5JZ3l6eW03VVFVQnJqcHpqd3Fycmc4?oc=5
2026-05-28 03:00,Yahoo Finance,finance.yahoo.com,Contrarian Opinion: Novo Nordisk Is A Better Buy Than Eli Lilly Right Now,https://news.google.com/rss/articles/CBMiqwFBVV95cUxQR3pUVlBaMnBxalByM0c2bVhiaUtYaDkyeGRtUnM1aVFQUTlBSlQ2TktjLWRTdF8teEIzdFk3MFdaeUdfQk80STVjeUJHYVJINjJ6SU5PdTZ6cDBULW52RlJRdng1elQ0cXhfOUlCOWZ2cHJTY0o1cEFsb0dNUmhWOENzYzR1T3RmYTVXMzZIbGN3Z0VEbVpSWXJqSWlTT2k5UHd0U1d0cUc3UjQ?oc=5
2026-05-28 03:00,Yahoo Finance,finance.yahoo.com,Eli Lilly (LLY) – Among the 10 Safe Stocks to Buy for the Long Term in 2026,https://news.google.com/rss/articles/CBMikAFBVV95cUxPbTVKUjgxQW02S1c4LUVjcG1wQ0RjSVJxUlB6OXdidHJtSXN5Q2I3REc5aV9jeVNkTVJyemlGWUZaSWR2N0I1SUZfU3dqekdoZVR1c0FxTmZfR1BSZlVNSHgtZFM3cUxFS2NrcWppYXlXWGo0eWpBNmhFNkdCclIyaE5GemNkY19OamJjZ0xQcnU?oc=5
2026-05-28 03:00,Yahoo Finance,finance.yahoo.com,Eli Lilly Jumps as CVS Expands Weight-Loss Drug Coverage,https://news.google.com/rss/articles/CBMinAFBVV95cUxOaWtBQjhyRXFMSWN6ZmZ3cGJJX1phZXNFOXV3NEdRVzRrcDNXZUQwaFdQOUwwTmNVcFQ3akFYbEU4YzUyTVBHdFByZjJXeGFBcHN6Y1dIelh3ZEpKaVlYSFRzN21uTjN3RmFQSXV4VnM2X2xWelYzZHdBMkJyYVhuQkIzTGF3d0lsN2FDX0wtVG1xSDNUQjg4alFZMjU?oc=5
2026-05-28 03:00,Yahoo Finance,finance.yahoo.com,Eli Lilly shares edge higher after CVS expands coverage for Zepbound obesity drug (LLY),https://news.google.com/rss/articles/CBMingFBVV95cUxOUUluUURvdGlHQkNUeGZzSzg2TEstMy1rRGV6NGJuR1RuaC14R1NSNHZBaFgxUFc4WDlBQk9jSmdTV1NSV25fVGJjS1RQdTNmb0JCRV9BNVVfZW9QcExiMnRycHhIcXR5VzN3ZW40TUtmMVd6dkhaNTlUZzZxRzlvaUlDOVdVa3M5aHVFWXZoNHJtMXQ4WlJvd0JvWkZKdw?oc=5
2026-05-28 03:00,Yahoo Finance,finance.yahoo.com,Is Eli Lilly Stock Outperforming the Nasdaq?,https://news.google.com/rss/articles/CBMiowFBVV95cUxQNVNwZ3A3QUhBaXlvOHpDQ1E1NWF3VHFYUENucDNubXBqRVRNeU1SdWRLNV81Q2pWZk5JYXMtOTRrM2lsNDBpMV9PcFVPNDZnUWpiTlprMUZRM3RzY240dGpyNTNOQWlNZTk3Y0x6WlhXbE9mSG5MVWtQdWVVdF9wSlB1dTdmZ3JxaUZBTGhuQmFiR1Q5MDFYckRVam9oLXFQRkhR?oc=5
2026-05-28 03:00,Yahoo Finance,finance.yahoo.com,Why Eli Lilly (LLY) Stock Is Trading Up Today,https://news.google.com/rss/articles/CBMikgFBVV95cUxOVG9xa2s0OEFOMFJZcDlkVTZVeXVDdVBXN3pacnFIdlpmcVFtbE1lRGZxeW5NXzNvSEVpZDhXcTdmYkducF9nQ1dxaGZhODJVYWoySWtVZ0NwZUtwSkppdUk3TmRvdmowRC0wVWlZeFg2TDNhRGtyM20yakJCTmN5SGl1eXJQeDVSS1k5aU15TXZ3QQ?oc=5
2026-05-29 03:00,Investor's Business Daily,investors.com,Stock Market: Eli Lilly Breaks Out Amid Vaccine Push; Three More Stocks At Highs,https://news.google.com/rss/articles/CBMisgFBVV95cUxOY25uZUp1N0pMT2V5WHdES3VYMzZDSjh1dUR0VnZzREgyZVNpcVBpN0ZTSTAxT09ZdzRPbDdJZjhaa2pDZ0w0eE5yV1BEQUEwZUZjSWtLcTExbGhLN0RWNUozdUNhLUFyQXZPamc3WWlHUi1TSENDdEE2U25BSXJ1S3I3dkQwZG9BYkxRMTlhMGZsZTJBRDJzQlRFM0VIME9BOG5sVHBrbVhJcGhpenQ4SkZB?oc=5
2026-05-29 03:00,Yahoo Finance,finance.yahoo.com,Eli Lilly (LLY) Reports Positive Phase 1b Verve-102 Study Results,https://news.google.com/rss/articles/CBMioAFBVV95cUxOdmhMY3R0eVZPbVpyZ1ZQM2xRM3pFcnB6eHJ3RmRhbGpjUDFlQ05uVmhKMmZVdUFXUHFBMXZMZzY5NkFhZjd4b2hlTEEwU0UxUEUta3NBa0Z2dEI4ZWt0NnQxSE1zd3UyUm5BWExCZk5TTEZHVzBlcVZFd2xuWXp1NUcyam1YMkVLU3VTYV9nQ01mbk1kY0RlVXA3c1Y0T2p0?oc=5
2026-05-29 03:00,Yahoo Finance,finance.yahoo.com,Jim Cramer on Eli Lilly: “Brilliant Management”,https://news.google.com/rss/articles/CBMimwFBVV95cUxNWkdqdEdhSFdac3hQblc4WG5ZRzA4XzlENVJOQ2ZOcFZDOVBFUWF0bVNQX2xwQTI2WDA2U2ZFWEw1bWZ5eDZJb2R4THIwT1FrWXJIOHBJMXgzSEhKU1pnQjgya0dqVEZoRlEyM2c1amlKNTcxU3Nmd3RqcW02MTFyaVZ3ejJGWThxRVB5TTZ3MGxsWW5LMXFJVFBoMA?oc=5
2026-05-29 03:00,Yahoo Finance,finance.yahoo.com,Supreme Court Verdict Tests Eli Lilly Valuation And Legal Risk Outlook,https://news.google.com/rss/articles/CBMiogFBVV95cUxQbTVCX2g0bGhpSEgwQTJtc3gxdVF5RDMxdVVnc1BKS0xvWXljbnJKcEhSX3dRMmVPdzJXTTdxUTJGcV9qWGh6c0hqUS1UdFNkU2txS2daVjNPUjdKX04yYzZjaHMyTnhhUmNXNUZmRGdXbF91YWVYRW5WUWNObnRNTXpKZV9abUNvTklHNnMtY3YwZWpqbkhaZGJxdzZYMkVKQmc?oc=5
2026-05-30 03:00,Seeking Alpha,seekingalpha.com,Novo is slowly catching up with Lilly: Is Wegovy pill fueling the rally,https://news.google.com/rss/articles/CBMirAFBVV95cUxQTTZBZVdXOWoyV216Y2U3MTl4Z2NPZV9yel9OOVI2NHN2M3c1QVoxRHZDV0hZNE8xakhJTEVuR1ZxMllWQXdSc2lKREpFUmVpQ3p1dk1lX1FVbnA1S3c2ejJBeHd3dzlBU1NWWVVoZ1VYYV9NdGUzNUpMYU1ZTnhYVGFDZjVNZUJsZXNYcGFpRDktVEVpUmFoSDREdTVtdEE0VkRXYmd5MTUza25I?oc=5
2026-05-30 03:00,The Motley Fool,fool.com,Lilly's New Drug Just Delivered the Largest Weight Loss Ever Seen in a Clinical Trial -- Here's What It Means for Investors,https://news.google.com/rss/articles/CBMilwFBVV95cUxPaFpTU014Tm1jR2NkMkxrbXdfNW1GZlVtQlFmd05BRXhGRUFrMDdYRmVqWkVvdnBEckZ2NFpKZ1NSZktoeHk4elEzTjNDMnBONDQ5bzZYVk5hM1lobkFIRVZqeXYyc2xnTzZxYmRadDFTZnl6QW13NWw1ZWxWbGpIUmRNMFU5Y0NPV2JwRVBpSzZZZW5XeVdz?oc=5
2026-05-30 03:00,The Motley Fool,fool.com,Stock Split Watch: Is Eli Lilly Next?,https://news.google.com/rss/articles/CBMihAFBVV95cUxOWlFXV2llU0FXMUViVmtJc3JMbkl0eVIyRzV3aDBYU1VIdzZHN3gwTWU5dU5UY2s5dmZuSThqZ1JEV2M3WGNfd2hNaHYyMlFFMWtIb0FaSE0yd0pXTmpUOGJXRHlDak9wbHJWYmI5RWswa2VoU2lvQjJZenpSOTY1emFPSGw?oc=5
2026-05-30 03:00,Yahoo Finance,finance.yahoo.com,Eli Lilly and Company (LLY): A Long Term Stock to Buy,https://news.google.com/rss/articles/CBMilgFBVV95cUxNcl9TM094T0ZubzRrNmNidHZ2cU1iZDJTMWphUWFQaHI2NC1hR1JsUDhNckFZbEZBS2ZWSE5rZVhGc2RBNUphbXhYT1FsRXViaWVtVWw3Zlhkc1FmYlRYS3IwcEt0enAzRlVQRm02OGZ6R0RaSjU0U0U4Y2ZFcE9rR1hJdXNCdEpFdl96bE1xZEYzUTRBaUE?oc=5
2026-05-31 03:00,Yahoo Finance,finance.yahoo.com,A Look At Eli Lilly’s Valuation After Strong Momentum In Share Price And Earnings,https://news.google.com/rss/articles/CBMinAFBVV95cUxQdi15THZCcG5Semt0Q2V6ZFhzZWpfVHZyTElqNTlSQzJlWkJsLUJsMkJ2MFZUbXhxQ18wMFZZZVFpRmxuanF4czluZHA5cUZieHJKVHNwV0VpU09vWGJIdUZrVGFnMnNzdkozcVIzakFZNWRSNWJlSlRHbmpRWTZQZDNLeDZ2NEtJeHFqbnh4czM5M19ia3lFdnRsQWI?oc=5
2026-06-01 03:00,The Motley Fool,fool.com,Is Eli Lilly Starting an Nvidia-Style Run?,https://news.google.com/rss/articles/CBMijAFBVV95cUxOV3Z1QjhodktBSU4xcVNMbFZOSFVTaXQwTFUxZ0dtQWExekJZYXJqOFM3eVFONHZ6WUVaWlhSUFZSTFVLajhMS0tGV1ZQeGs2QmZOMXNqdENCQ1RSeFFpZVFsMkZLUlF5b3FRZW5sSGh2RWpaV1dYeHpITzdxSXNPLU9McTI4cUR0QXRvRg?oc=5
2026-06-01 03:00,The Motley Fool,fool.com,These 8 Words From Eli Lilly's CEO Have Wall Street Turning Bullish,https://news.google.com/rss/articles/CBMimAFBVV95cUxOVWRMSjRXb3JQUzUwN2d1LXNWUmJJbnJvNm9OdTZCT0k5RUpuSWcxRDhJajFRY1hBZ2ZQc2dSNWtuYXlSTHBMaXd0eFA0S3dsZ29KRVBZREtqOXNrU3pJWGdYSTZ5bHVEV0F2a2JnanlPQXkzclBJcmI5WTZJeWNKRnY5dDBvOWFJckQ5Y21jQjFVOGE4VF92UQ?oc=5
2026-06-01 03:00,TheStreet,thestreet.com,Eli Lilly scores a first in major pharma milestone,https://news.google.com/rss/articles/CBMimAFBVV95cUxNXzJZdUVab3h4TXhtamUzZy1faV9CWVlyNWN6d0JpZzFQZlBkZHRJcFBCaTJSM0FNSGpsZ3diS1FQdDktNk9YNlBYRnd0N2hfdVNOUkpsM2psU2tpRFhBcW42N2hpYmJxZ2c0YVZNZ1pGdHp5am1lMnJORE9SMUtXelo3dkQ3V2N2RkNqMXVxZm5fLUdBbEdURg?oc=5
2026-06-01 03:00,Yahoo Finance,finance.yahoo.com,Eli Lilly and Company (LLY): One of the Top Stocks to Buy Right Now According to AI,https://news.google.com/rss/articles/CBMilAFBVV95cUxOdGVuaDN5Rk5RQ0VwN0ZIaGRpdzQwa1QxejdYQ1JacWFubk1mSXVETV81VmtQQmgtX0FDWVhoYURoZzFreUxIdkRldmRCRXJieVI2UFM5YlAxMjl5TXkxVUZQeUZxbVJxYUhUX0ZwOVNHODJIOXBGSkRVUlFyd0xqVmtXeWFlNTlGQUQ3Q19XcXVxSThW?oc=5
2026-06-02 03:00,The Motley Fool,fool.com,Viking Therapeutics' Q3 Catalyst That Could Turn Eli Lilly's and Novo Nordisk's Daily Weight Loss Pill Strategy Upside Down,https://news.google.com/rss/articles/CBMikwFBVV95cUxQMkZqRGZUWkZQTE5pVFB2SkZtNWZjaG5oZE5sZGg3TUFEQ0wzSVNvWVZxeXpXTl92bG5OQzg2NnJzZVNKa0p2N1hJZlYwa0M4QU1jMmxuTnlON3FTVktJTlhwRkh2SnFLcmJwMkVyaE9COGpPQU84X21hWGRCakM1VU0zelVDbEtRRmZlMXZLXzVhdzg?oc=5
2026-06-02 03:00,Yahoo Finance,finance.yahoo.com,Eli Lilly and Company’s (LLY) Foundayo and Zepbound Set To Be Covered for Millions of Americans,https://news.google.com/rss/articles/CBMioAFBVV95cUxQZjVqVmZxRzFCaHAwN1JsR096cy10Ymtwci1hMW5HaF9fbllIQkFOZ3Nxenlvbml1a3RtSXYxa2lVbE9oNUpuVFE4bm9TV3VoYlBHcUZDelY5a0ZCNmV5Y1VzWkFId0Q1R1Q5VjNwZzBweVllS2pLVGc1eXh0Z0s2d3FGUXZuMHRMNWo2cEZocWZjMGt4WFh1ei1qdi1Wa0N0?oc=5
2026-06-03 03:00,FiercePharma,fiercepharma.com,"Lilly, Boehringer to slash at least $1B each from planned investments in Germany",https://news.google.com/rss/articles/CBMikwFBVV95cUxOYk9XcVNHTG5VV2J2TElaQjk5amJrZ0tqMEI3VjJiXzBfVkkyUDhpOWdXR0JoVnFtWWZvQmlOb0ZOVC03ckJsbDg1bjJnVEwyZjFvZFhsU2V2SmhfemlIcnpaaDU0NmxpM01ZT096aEV4UTZXeXJTUWh0d1B2LUxWQUpMbGVtWFAzb2xxVWJ5TGZGU1k?oc=5
2026-06-03 03:00,STAT,statnews.com,Legend Biotech emerged as a rare market winner,https://news.google.com/rss/articles/CBMimgFBVV95cUxNUEdCSk9sRUF6LW5tUTlPeld4WmFPbEhKV3d2LWZZdklsemw1ajBmTGxEc2JmeFpISFloUWpqbDFzaFVIQlVrSHAweFhFbFFOM3RsRUVFWVMxM2RKWVRxYlZlM0tSeVBKODlGa3I5MTMxSlA4SXFCd1FjSlpEOU0zcUxMRjU5SDNwaGhPNlZuVVpVTHp2bkR4c3RB?oc=5
2026-06-03 03:00,Seeking Alpha,seekingalpha.com,Lilly halving planned €2.3B investment in Germany: CEO,https://news.google.com/rss/articles/CBMijgFBVV95cUxQMS14eU9vVVg2NWQ3UFU1a0ZRclJ1Nms0LW9YRlNWV1l5R0szam9PV1lFOXBQYWwwRGVmZDlRREprbElhYkFZNkIxaXBuNWJfVG82RExLZk92MGFkRE1RY3NrR2ZYM1RaLUJMMDBUMnRiUUVCVmd6Z2lGYnMyTzh1dVRMdXhmN1ppdUhLNTBn?oc=5
2026-06-03 03:00,The Motley Fool,fool.com,Eli Lilly Just Proved Gene Editing Could Be Pharma's Next Gold Rush -- but CRISPR Therapeutics Investors Should Watch Out,https://news.google.com/rss/articles/CBMimAFBVV95cUxQa01IVUM0R3U2VFV3aVE2RnhTVmNYelI5MS1uOHJQUm5YM3g5dzdtWEVhWG5IT0Jsek96WXo5dEVxbjNGcmt6QUdqc2VjNVpVaExxd0Y0UWoyN0Z5Vjg2UndkZVZSZEUwNWJfMHloS0V0M3MzNV9TT2szUW1JbFpObG5LS0MtNDNGaFZVS2FDSlh1OG1QQzVtTQ?oc=5
2026-06-03 03:00,The Motley Fool,fool.com,"Meet the Biotech Stock That's Trouncing Lilly, Merck, and Pfizer in 2026",https://news.google.com/rss/articles/CBMimAFBVV95cUxQRzRaYk5Fa2YzREt0VGdGaDdMRExVX1BqUmtZSjROZkFhRktZMUNFb2xiRWRDWHNWSS1hWlRtajg2NS1MekpoZ0NPekVMWjhWd3ZLRlNwa1M1VWpubXpRWWV4Z0JFWDN5ZVlBTnhGZkFPd2J2YVlzUjg0dUd2MF9zNTlhV3lJMjVDbjdkWGQwaW1yR1gtQlpPYw?oc=5
2026-06-03 03:00,WSJ,wsj.com,"Eli Lilly, Ascidian Sign $1.9 Billion Kidney-Disease Treatment Deal",https://news.google.com/rss/articles/CBMiqwFBVV95cUxNTUJ1TGw2ZEhUWTJVeExpMThTckFSQk9sa1R1dTkzdkxRa3F3ZDcyZG9EbTFLN3NOOFdLNjhBVGJUdVZrOFFpbF9sU2Q2SXl4Yy1xOXNvYmdiMl9HclZvMlQzdHBHZmdvY2ZKM0RsWU5xT05td1hYUUhTLWxJQ0tZRXhFT2VvS0F6UTFsbTlocmJXNFpoa0s2R3daZnBJTE8xTndQZ0dMdkhELTg?oc=5
2026-06-03 03:00,Yahoo Finance,finance.yahoo.com,Prediction: Eli Lilly Will Be Worth More Than SpaceX in 2 Years,https://news.google.com/rss/articles/CBMinAFBVV95cUxNRFJ2SURvbEY3dkdBRXIwaEk3ZllEcEczN1ZFMmJKbWhvMGZSLWJqZGl3NHBOY0pDREN0T2xrYXBXYU15dGFUY0tRQUJkakItdURraGxZM1BuNW94cF9DY04zNGRQYi1Dcm8tNW5XVng2SzJrbGIyY3NUMy1Oai1URWN5M0l3RXVXYllfWjZIV29Ld2E5ajhaQW1OZlU?oc=5
2026-06-03 03:00,Yahoo Finance,finance.yahoo.com,Where Will Eli Lilly Stock be In 2028?,https://news.google.com/rss/articles/CBMilgFBVV95cUxPanh1N2lXRG5oNXFyM3NJbkVvV2FUZnQ5bU45Z0x1dWd4QkQtTGpXdmZwVC12dzg5RHRZdU5wSW54Mk5BRmtKQzhmVXZtLTlvV1R6M21VRXFmbU9GVDF4czd3Z2ItS2VfNkwwSDRsanhva0JOU090TmwtZDExUktOSXNFRmNqYmNLWExGVWljaXY0QWRLWXc?oc=5
2026-06-04 03:00,Forbes,forbes.com,Why Pfizer And Eli Lilly Are Betting On This $1.3 Billion AI Drug Discovery Startup,https://news.google.com/rss/articles/CBMizgFBVV95cUxQbU1Ja0lIbmZ6cEc4a0xkaDhuNW1xNGR5Z191NnJjbjllM2NYVFc3c0Fxa0JqdEtBaGJDS1J1eG40Z1hMMUljRGVuTDh6NW5DQUlNbGsyTDUwNlN0MEdZT0M2TmF6bmhNU0QyZHVRamRxYlIySk5POWtocUZTOFhlTXBGMHYzc1JBaWpKaHFvdHl5N1BzVnVDYVhoMDJPdDVvRFJ0UktPckoyUXlzN3h6SDBQdG1lRlIwd1pMdTRoby1JcnFOQU5YSHFadjJNdw?oc=5
2026-06-04 03:00,Investing.com,investing.com,Weight Watchers connects with Eli Lilly’s LillyDirect platform,https://news.google.com/rss/articles/CBMiugFBVV95cUxQRXFwM09MTzhwZHRUeEUxZVgwR0drdDQ1bjBILXNkalhFM3FoNHVxNW1oRHJfczQ3ajVXeE9JRTU5R2VIYS1HQjdhN0tVN21hOF93em9uWGlPZWR6OUFTV3JOMDd4V0JLNklaNGJOeGdBYlExbTZfQUZ2eXBYaTJnRDl4TmlpRHdvQWM1UWlkSTJjbk83QmI4ZE80YU8tMW83aTRsU2FKMlN4YjlzNVJRam9BcF96aF8wWXc?oc=5
2026-06-04 03:00,The Motley Fool,fool.com,3 Reasons Eli Lilly Remains a Buy,https://news.google.com/rss/articles/CBMihwFBVV95cUxPQnVjZTV3UFdFTGVVTkcwelhMbkhGTm52RzA0TDkzeUstU0FTUmlLR3dSYnFGOG5Oc2RyaGJFZ2RMeUprNW01c25ZNUJrLXpxRmJTZTk3UTY1eG5mTmpyUFBOVHF0cTBjanRCNG5aMklEeDlrUXV6S1pZWm5LaE1haXNmQm9xWEU?oc=5
2026-06-04 03:00,The Motley Fool,fool.com,Eli Lilly Sees More Dealmaking Ahead as Management Looks To Leverage Its GLP-1 Success,https://news.google.com/rss/articles/CBMiyAFBVV95cUxPWVYxbWowT0Jod2RkMlZCT0lEWGRHd0NuMm43MW9KNXBXbFJJWnljUmgzbDV4UE5JdFByNzBGMk1Tc3Y5Q0pJZ0hTRDB2M0hjMTdnalgxZmFLOENaMEZhcDEwSnVWaC1Va05nbjdKY1pzOC1YVWxCOXFWQVY5MnhmY3Bma1I1bWRpdTRyQmcxRTc4bWZIVW42MF9fWXJNeE82Q1VZcHVndlNReW02T2VkNUxFUXd2NXp6S2ZRNjVaVkZGR3RzUklOMw?oc=5
2026-06-04 03:00,Yahoo Finance,finance.yahoo.com,Eli Lilly Pressure And RNA Expansion Reframe CRISPR Therapeutics Outlook,https://news.google.com/rss/articles/CBMiowFBVV95cUxQRlJuUTMySzhNazRWNk5RVlRCOHpNT1lYbkphZjUxS0FxeTFoZnZUTWIzbFY3cUtPNTFOY2dZS3ZSZERJV0txd21lZzE0aDZ0V0lYY05BZlVUc21MMmg0N192WEJmQjlOeHByVHZtV2kwSndUQWMwNTRLcWlyRm1xdTRFdFBqRC1HZHpqQU9jWThWUzYwQU5scXhtYWh0S0hCeUU4?oc=5
2026-06-04 03:00,Yahoo Finance,finance.yahoo.com,Forget Weight Loss Drugs: Here Is Another Reason to Buy Eli Lilly Stock,https://news.google.com/rss/articles/CBMiowFBVV95cUxQOXVTeXZIRFdBd1R3TXhYcDFTc1dSM2JNcjBfTmV6ekNFUlA2bnd2WkpzVlhveGNYZUxTQ1BuaVhVUGI2ZkpZMWhOX1kyRkMzU09GQy1QdUg0UnprcHJ2QUtONkFDQ0VRMjB1dnUzcDY3d1NQaGN4TFYtUkxzREtZdEphT2lqR1h6NHI1a0wwRkZhM2tHQ2JOZVVlS2ZkUmRzcjU4?oc=5
2026-06-04 03:00,Yahoo Finance,finance.yahoo.com,"Top Analyst Reports for Berkshire Hathaway, Eli Lilly & Walmart",https://news.google.com/rss/articles/CBMipgFBVV95cUxNRzVuUnVmQmNCNzV5aE9tNnoxODMyVHoxVGZZTHZBMWYyOXhsWUNWd1VQSUcxcnpSR3lmbG9ielhVT18xOWR1Skh3RFNsbUszSExJNmJLUE8yY1FlUE1tZHlTRzE5ZDB4SXRIb3R3clRBMU5TcVhXcjloYTNRZUJiMTNzV21uZW54SEE3d0l5R3BtZFZvZW9hSE1fSHMtNnp0a3NzLWhB?oc=5
2026-06-05 03:00,Investing.com,investing.com,"Morgan Stanley reiterates Overweight on Eli Lilly stock, sees upside",https://news.google.com/rss/articles/CBMixgFBVV95cUxOT012RjZvc1I5Q3lUNktoZDVFZVRndnFMOFFlQlY0MHdoUFcyOEhqcVVaMlN2a1NaN2FOYU43WkF2a0tGVkNJSUpQZjVYd3FrSjBnTUJJaGJIdDktT0FKTWVldlItUXJZdGI5M0FCRF9tX1NNeWtGYkVMeEtHa0NtalZnSTgwWlVlelBYd3pGakdDalNPYmNjM2oyd2trbjhjUlFVUmxKWFpkZnhXaXlPRlctbnd6SjgzYnJhMmlHZEVKN2thN0E?oc=5
2026-06-05 03:00,Investor's Business Daily,investors.com,"No. 1 Rated Drugmaker Lilly Hits Record High, Leads 18 Onto Best Growth Stock Lists",https://news.google.com/rss/articles/CBMikwFBVV95cUxPcFBvbm5POEZHUWRRb2Y5X1FVTFBjNjk3MFFUN3BQNXMxTlZqZURnNm51b3FPX3hub3JURjhTMjV2WHc2Um9YM1M2eUs1ejhBQTYtdWJyS0FuT21oM0RiXzQxUXJPR1JMaEM4cEF4Y3BINzZ5NnBWVkhRVUIyVG5pOVNPNlhKdVoza1ctNFBVaXRYdEE?oc=5
2026-06-05 03:00,Yahoo Finance,finance.yahoo.com,CVS Health Just Announced Fantastic News to Eli Lilly Stock Investors,https://news.google.com/rss/articles/CBMiogFBVV95cUxON1FrclEybkNkNkl5cWJoNEctbTVpT0RYYWMtZlMzVXpfQWVZelpnUFkwbms5Q3NHeGtMMU9kdmxxUWYtenlqeG9wU1ExZFhUYVJlNmpaY3RfRy1wS3RkSHY4MGR0dDlBVWdsQ3RzUjNOYTFqNWIxdkU2cEJQcGxXNjY1bHV3SHVZWUdBMmlhUVc2V1J1Rl8xRWQzMGI0LUdqS2c?oc=5
2026-06-05 03:00,Yahoo Finance,finance.yahoo.com,Here’s Why Eli Lilly (LLY) is Among the 10 Best American Stocks to Buy and Hold for the Next Decade,https://news.google.com/rss/articles/CBMikgFBVV95cUxNUWNIMDczelJGX1VIVFdQY1JzTS1Bak9UcDFjeFZISEdnNHNGZk9pc0V0NEtsamFUVVZVbUt0UXZxZ0hVUEpCUzdGYzBtTVNqbnIwZ09PandIVGhqWDhTYmJXYXJLV0pBdWIyczFncmhGSTI1bGE5M1JoVS1BTjIwSXF6M0FyYmhUS0dQREgyWUYtUQ?oc=5
2026-06-05 03:00,Yahoo Finance,finance.yahoo.com,How Investors Are Reacting To Eli Lilly (LLY) Expanded GLP-1 Access And Digital Obesity Ecosystem,https://news.google.com/rss/articles/CBMiowFBVV95cUxOZEIwRF9IX0dSSHprWUxMUlpzYTFpNGVZUDlnWFFxSFlsNVczanBFYmtWWXdmMVpia2QyRmhDeGlXVVF3RFhuM1ZKN2lyTVhZaUszZV9hVExjX3ZIRFFNUjhtVC0wNDZ3NzZ6SDE4bzhsaGU3UGhWaU1wZEJPSmtaaGhiNWN3amFKd1loaV8zN2NnOGViNGtVQnBGVC04dURDTTdZ?oc=5
2026-06-05 03:00,Yahoo Finance,finance.yahoo.com,"UnitedHealth, Eli Lilly Lead Healthcare Rebound as Investors Seek Stability",https://news.google.com/rss/articles/CBMiqwFBVV95cUxOZ1cxSGFMd3JKZEtYLWgybThucjBzTkpXdnE5WGNOcDZmR0lHR2tVZFFmX2Z1Sk94TUpMNXB6aVlPOXJRSWw1Y2FBcmRfSjEtT2FEdDJkYlhyUHViMHNQNVdkRXh6eWVnVGtLSWtfRVpnVElqNnJlVlAzbWlWb0h6bUlMQnI4RnppTUxIVW5HVERaajFFSjJ4NE5tSXlJdDBYNkJTVE9KR1pTWm8?oc=5
2026-06-05 03:00,Zacks,zacks.com,Can Eli Lilly's 2026 Acquisition Spree Diversify Growth Beyond GLP-1s?,https://news.google.com/rss/articles/CBMirgFBVV95cUxObTRUNDJMeVl1NjVQODZkam15UlllaUpnQ0JmbGMxUHhYZ1VWT2p3Zk5RTFZuZFl4Z0l2V0hvaW9rdTZHTG1VeVlVX0tfdkN4VFpwYUtnRHFoOGV0MlNkT1djYi1SRzBNeGc1QWltZ3h6VTFYc0dUa21xQ1BUZnZ4MkJ2TVJselRxaTFIdjQzTWhZcDRpQVVlQlBteTU1d3hJb3diMWpRVmc2d3JvQ2c?oc=5
2026-06-06 03:00,Investor's Business Daily,investors.com,"Eli Lilly, Google Lead Five Stocks To Watch",https://news.google.com/rss/articles/CBMickFVX3lxTE1mRGhKdGczaFdiaWUtclEzYkM3VW5ZNF9IVVFFUkdjNGFVTG9FblZFd2dNR2dJTDMxT3kzcmI5OTBnaWxMWWktUlQzNkFoN3dxdmNiX2Zrd19hdFJDckxDYzhWRTJVQ3Z6bVVnc192YTZhUQ?oc=5
2026-06-06 03:00,STAT,statnews.com,"Lilly shares safety, tolerability data on its next-gen obesity drug | STAT",https://news.google.com/rss/articles/CBMinwFBVV95cUxQZl9JTUJIOF9UWEVzNlE0V2kxd2tNcWdLUnB0SDhkWlRPVjBiTjZLZmE1eGotWENpTFZ6TUxaazViUHVLMFluRGRnQXk1YmhVaVFxUVpBNGhLYmtfckhWa2gtYUhZMGpBWGk1Yzh3T0c4Qlp6YlhVTHhkSS1YbEpEdkdSRVFSUkNjaTl2NWRNUXdnNlBjTm1xZ3hISUhqSUk?oc=5
2026-06-06 03:00,Seeking Alpha,seekingalpha.com,Eli Lilly reports broad benefits for experimental obesity drug retatrutide (LLY:NYSE),https://news.google.com/rss/articles/CBMisgFBVV95cUxPaWJMR2xXRTBwbzVWVl9iRkVlQVMwUzM1SjBLd2IycDA2WUR1NnNKRVdLNXBPak15dDBJeDJRbzBXMnlBX09KVDhNQUFLdHFMcjNfUW0wQlVmMEhTZ3Bac0xpTjJPQ2ZiSEpiWTRPR3JFU2Z5Tkd3X01vUWxxRjZoWEk3cGZ4M1VnM0FlWS1STHhrZDluNU10Q0kzcll1bUpqanJieDIxNDN6T283THpSLWhR?oc=5
2026-06-06 03:00,The Motley Fool,fool.com,Novo's Wegovy Pill Isn't Just Beating Expectations -- It's Obliterating Them. Is the Beaten-Down Stock a Buy Now?,https://news.google.com/rss/articles/CBMimAFBVV95cUxQVFdPeHYyVU5kMjRadHUzR3ZiNzBid0hRSkNsWEpMS2hhMGY5UmlQMXNMZXB1TUMtZ1YwejRRVC13cUIzSFZzY2tnekNtNG9kbEIzX19ZT09hd0JGY2hrRlNPaHJBY2UtYXVUcE95NHk2YTAtVGlmYTRXVVBJbzMxT0NxNVB5MzAtZXZxY2FPMzdla2I2LWFQQw?oc=5
2026-06-06 03:00,TheStreet,thestreet.com,Eli Lilly makes surprising retreat from major market,https://news.google.com/rss/articles/CBMijgFBVV95cUxNcm9DaTktRFZ3d1hnY2Q2a19zcUV1SjMzMEFHUUpqdTZSaE1FNi1qaVBTdXhLb1NTeWswaHFJQnNNUkRJYVVtRkhKZ1JrVG1MdGt5VXY1V21fV0hMcEo4eGZjSDA1RkJzc2hvY1dmdVh5ZVhMZTE3eWtCOXh5YjkyT2dfQks3akJDNm92QzF3?oc=5
2026-06-06 03:00,Yahoo Finance,finance.yahoo.com,Eli Lilly Expands Beyond Obesity With US$4b Vaccine And Genetic Bets,https://news.google.com/rss/articles/CBMiowFBVV95cUxOUlNCaFJXdXdsMkI3czhORDVqWkdmU1VKMmY5NmJHQVg2ZVFiMHc3QVdlbngxUm9XR3czUHVCeTFGMXdwaUw3U0x2dXk0TlVXakN2Vk5XQVZScWE2M1RXbnVrTmc3eHJBTEV2SG4zWGRrNld3cE9xZHhmekFSMnotNWpTT3I4elo2VDlyUDk0SUZab1J5RGFycnRGclNiXzlTUDV3?oc=5
2026-06-06 03:00,Yahoo Finance,finance.yahoo.com,Eli Lilly's $3.8 Billion Vaccine Bets: Here's the Big Story Many Investors Are Missing,https://news.google.com/rss/articles/CBMilgFBVV95cUxNdkIyVDhWUU9kOE5zYkM2TE1QVGpVSHlEOE52TmFYYmxhelNDV3g4dGZDWXIxZ3gyeXduTURJWFdUTktQS2d2bGswQ2MwZmFRRXU0NU80RlpReXJXWGJJeWNtZlVubmNYaTZrOHA2S2dSWnVwck0zVl9heE43SER4Q2tmOWRmS2tHYkhrWTdLZnNkby04UFE?oc=5
2026-06-06 03:00,Yahoo Finance,finance.yahoo.com,"Elizabeth Warren Singles Out Micron, Dell And Eli Lilly As Just 3 Of The 3000+ Trades Trump Made: 'Looks Like An Absurd Level Of Corruption'",https://news.google.com/rss/articles/CBMiowFBVV95cUxPbEp0YldwRUdCYVd2ZnMzeGd1RDZsZ05CbVZUMnlLeWVtbmE2Nk1xbGNnQXNLd2RkS0FLWVRZQ3BGM2dpby1fV0NpLUs2NXd0czM2WFI3VEJRWEdqZFMzTGh5S0JzWnhPbUUwTHhHeVFkZnVadXVVc0F5eklfdGF2eGVULV9aVGkwYU53ZU1XSTZpN1BaVkRiZEdxSFhYTkcxQ3I4?oc=5
2026-06-06 03:00,Yahoo Finance,finance.yahoo.com,Is It Too Late To Consider Eli Lilly (LLY) After Its 48% One-Year Surge?,https://news.google.com/rss/articles/CBMilgFBVV95cUxQOERVb2J0QmVFZ2tvQWVYLVZwWElsRC1XNUc2ZTdfdHZla2tFdTVVdlJVaHNPYWRicTJtc2JnZV9XX25jQzRqRlUyWEdUR2xESXVZUi1jN2dtaE4wZEh5MTBzTy0waUxKVllJemVPWFVSNjM4a3BJOXhQSE5IVGk5QWUyV094QTdaR2FCb3RrYmZVaEU4V2c?oc=5
2026-06-06 03:00,Yahoo Finance,finance.yahoo.com,Jim Cramer Says Eli Lilly CEO Is a “Terrific Steward of His Shareholders’ Capital”,https://news.google.com/rss/articles/CBMilAFBVV95cUxNQ1BHUTFTcTZKSkV4b3dFYVU4dHpqazhQN3pjV2ZwUjd1UV9GZTdvWHhaY21CVGowYTRPak45Q3ZJdlJiU3k4bW80clBRSjlmaTBoTkpSbXdieDc4aEdGVWE1S2lRdTh0QmphQXBob3FfSnlrdnc0NVdRVVAydHpzTEZWREt0dWpwZFBLcDN1N0FtT0dS?oc=5
2026-06-06 03:00,Yahoo Finance,finance.yahoo.com,"Prediction: Eli Lilly Will Reach $1,200 in 2026",https://news.google.com/rss/articles/CBMimAFBVV95cUxPZ2h2cVdGMHA5Zkh4eEFNWTV1NU5OQnhzbkwtMzJJRF9meFFMUTVHT2VjQzYyZUUtNWZNSzMxenE4OEVXU3h2MFZOUDRVMUkxUmx5em5fdTB1MHRUeWNmLS1fX1V3NlRXOU9pUEYyenV1eG90ZGtRTWF0UEhXVGRvV1hSNEtpU1FrMFpPa183UFoyYlB4VmwwbQ?oc=5
2026-06-08 03:00,Barron's,barrons.com,"Eli Lilly, Novo Both Share Good News on Weight-Loss Drugs. Only One Stock Is Rising.",https://news.google.com/rss/articles/CBMiigFBVV95cUxOYlhtWEpiS1JKOV9aVUpYdnQyQTNYdDdEdU5ENEgyeDhtdGhaY1NBbTM2V1l1NU5ja3JSTEwwWEhXUHZmVGhtcEpJdEhSN1BSbHB3c2Q2aHRtcHNNcTJyNHY2RkJqVGhSRU4zNlFNaUlFbUpVbEdoQVR4X1lOUTd2MEhLRHZUb1FNeVE?oc=5
2026-06-08 03:00,Bloomberg,bloomberg.com,"US Premarket Movers for June 8, 2026",https://news.google.com/rss/articles/CBMirwFBVV95cUxOMkxpOWlmalFMVVdxNXdSVWNONlhuRDNwQkV6YktOZ09JbUM4TWplOUJ5NTZhWnBLM0c3N3VHZzItOWttLWlVSnFZb0hLaG5haWlLcVhJVmktUzZWeDktQ2tkSFRMdWR1TGMyZG1IU005anBEVGRmVVFSdThmblh1ZVdHMDZBcmNPTGtOMjhpdFk0LTNJNmJGajhhdHNCeFJSdXVBbFdkOUo2UlFhdmw4?oc=5
2026-06-08 03:00,Bloomberg,bloomberg.com,Watch Campbell's Earnings Beat; Eli Lilly Obesity Drug Results | Stock Movers,https://news.google.com/rss/articles/CBMirwFBVV95cUxQOVBuZW9zSllvdTBPUXpyVjNaYjVtVENMcHRYZEJScVllZ0k4b1pTNGZTQS11VGRMM28zU285RlZ2ekJKUmRYZmdIdUt3eXA0RkRvd0tiWHg0MG02c25FcjZMN1YxT3REV0I1Um8zeVI5RTBGWGlIbmIwRnZkNU5CaXlicGpyR21Ib2swNm9uQWtsNFBSaVZ3eGs4UTdNZlV1aWpaQzNfZ0p5Z0lGMHd3?oc=5
2026-06-08 03:00,CNBC,cnbc.com,Cramer’s Mad Dash: Eli Lilly,https://news.google.com/rss/articles/CBMiekFVX3lxTE5KejFZa3laVjRkbW9IakhfWTVfRm15RlJTN0ZPWXdXbkJoaUJQYkxITWdHTjBQVkJIc3pZRGMwQUFEOC1UWjh4RmdtV3RmVlRES0JsNEhzNEp2YnlUYTBiY1dlbTJVS21NRDhBeHJLM19fWXpUdF9RME9R?oc=5
2026-06-08 03:00,CNBC,cnbc.com,Jim Cramer says he can't sell Eli Lilly despite its massive run up. Here's why,https://news.google.com/rss/articles/CBMisgFBVV95cUxQc1BfYnZ6NlRndWFUb3Y0TzZFaGtQbGhqOE13YmNpV1dMWHdqWWV4VXhNZWhKNEVUSVZPRlhrU3pZMzRpZ1FKajloelBLbUhPRFNEbEhoMk16d25BUDMyeUxuV3QtSVhfQmVGVFMyNy15Zkw3VzRkMzVWZWd2TVF6ZTFhRXFRdWJHVF90RG5XVEk5VzNRTndQM0pKVFdlNU95R3RaRWpBOExSUHAwcEVuc0VR?oc=5
2026-06-08 03:00,CNBC,cnbc.com,Novo and Lilly are competing to win the GLP-1 pill market as they prepare for Medicare coverage,https://news.google.com/rss/articles/CBMilgFBVV95cUxNOHNNMUZkeXRIRm8tejJ4UG5zWFNXWWVWT1IxS3RvdXBVZlhlSHZYdlJUbktJaC1seVFlLVFJWEx5VlE3UnU0ZlRSTEpVZnFwNXRfaWM4SERVZzdnT2VxM0EyZzBmMDI1b18tWGxqLXdZM0FkSUxWYmQ5QUtwVERzSmNmM3AzYmRPN0F4eXdlMXZ0azFRTXfSAZsBQVVfeXFMT1pVbWNyWkE4dHNaRm51VGJtRFNna0hWemV3X3F0TWxSQzRuSjVoOExCUlYwTHFvLVhPNk40eW1SWUw3c3lpR2IzaDcxVXRWTDg5Z21LeGxxRV81UDd2VXppbVhONUV1U1M2SjFYLUN0QU5tMVdRejJUR0NOb0lYVUdPY2puSnU3Y05WaUFreHF0X0l0NC1LUXlIOGM?oc=5
2026-06-08 03:00,FiercePharma,fiercepharma.com,"With ADA in the books, analyst says Lilly is ‘widening its lead’ in the obesity race",https://news.google.com/rss/articles/CBMijAFBVV95cUxNUG1IVWlJenQ5bjdPTDRBS2dLX2o1ZkNmZ3pZbWVGVGI5bXBGTVNZR0xkcEF4QVNEc2R4QldYRHctU2h6YTZOQjdGOTVMX29SRWhxWmxENEZtX0MtMGJYZFQzT0xvbERVNFpPRUVsSFpZVjB3bHhsOUExdWtpR1ZRRlRaMUplTDVpMVJKTg?oc=5
2026-06-08 03:00,Investing.com,investing.com,Truist reiterates Eli Lilly stock rating on obesity drug data,https://news.google.com/rss/articles/CBMivgFBVV95cUxPYW1KbXdCdkJGTlFZSkhHQWVKS291NEp1Z25SbzhNblIwUHNldTZxMmZpaG1ZY1RsZm5rQlZXbEQ1SllMcHJBNTFsM2M4Z2RzRFZtYXJsMVFleUxjZ1R3TEt2dXd2T2YtR1NraGduOWlhOWtJR25Bb1VTWV9yd0tlcnAyeVdLMVJBTzdTN2RRM1E4b1ZuTFlBSk5hall6V3Y4RjVZWGFLSk1CRS1ST0V1Zmp5MXZfWElmWjR2R3Rn?oc=5
2026-06-08 03:00,Investing.com,ng.investing.com,Eli Lilly stock gains after obesity drug data at conference By Investing.com,https://news.google.com/rss/articles/CBMivAFBVV95cUxNNGJ5eVRNWGZJSnhLeXg1S2l4cnlRcXlBWDVjSXN2R3pnV3dIRFVDV0VpR0hUWGl4TW5fYWNBRzBPQmNmcl8yNng1a0htTzVXc3Q2LVJQaUR6Rjc3T1pJU0VCd0xfbnptRkxZcm9RV1c2eVF2OWZ0bzdLSXJleTZzRkRfX2lzWnhUekh0elBzY3hqU3ZteU1RT3JqcVlGZFk3NHBQUmtSamZVNkV4WG85RllqQklyd0pGT3NRSA?oc=5
2026-06-08 03:00,Investor's Business Daily,investors.com,"Why Eli Lilly, In A Buy Zone, Is Still The 'Clear Winner' Of The 'Weight Loss Olympics'",https://news.google.com/rss/articles/CBMilgFBVV95cUxObEhfYk1BdU5icUxHV2N1UnVESFoxMVdHU2JfcVdhaWFLTk01Y011S2VXQktjNDNBZk5QZ3oyN3ZsMjl4RUNKY09FZjU5RUwyNEtzekhHQkhWZVZDRkJ3NWI2TzNEM0dPRm5uYTBrVFZMaDdiRUhqTGo4U3VmRWlqWVdJWDM2dXdfSE1GSjVpbWNXNm5iQXc?oc=5
2026-06-08 03:00,MarketWatch,marketwatch.com,Eli Lilly stock rises after late-stage trial of next-generation weight-loss drug,https://news.google.com/rss/articles/CBMiwAFBVV95cUxPaWpCZDk3MVRzUEdCLVNEazNCRTdXa0J3WHNDMUZOM1k2dEpfZlpMQ1NQMGtKemYwMFQtMzFJeGtZMV9CLXRWcFlmc2t0UGRycm1UUXVleXl4UW91TXR1UHFlZTMtNDZvbWpwcGc0MEcxR1VnZm93R2Z6VFB2Z2VXVS15aFJLZmRIbWs1M3c2UG1PUjlUNkxvWHk4MG1Fc0pHMUlXY0RodmZGOGszR1RkV0UyWmJCbmxqQWtUNzFEcUo?oc=5
2026-06-08 03:00,Reuters,reuters.com,Lilly shares rise on hopes that next-gen drug will extend lead in weight-loss market,https://news.google.com/rss/articles/CBMiygFBVV95cUxQU0d1aWtzdkZ1cjVxczdERFgzcndmOGdwakZzZmJmNnloSWdZWno3ZmRzTEhpLUVMbWZKUEJMVVFhR0lIeFZCNEtrUm1CRHViQm1lOEdLbzdnRHBwRWFKUlctbGJNTGRmQU45RHRCX1I0ZUxyZWhJZktidDdCSGFVcl9XOW4tdnVnTllPYW5kaEt4SzV3NzNUUkE1RlNDUFFGRXVOZDhMaU9Rb1hHR0ZDUTZTMlVfTHA0RDlDZFdvbnBGcm5EU3h2M0Jn?oc=5
2026-06-08 03:00,Seeking Alpha,seekingalpha.com,Eli Lilly stock extends rally as ACHIEVE-3 trial boosts Foundayo outlook,https://news.google.com/rss/articles/CBMirwFBVV95cUxNcVhZYVVsZmZ0OGFNOTRsWU5SakJDS2VCeFlvd3lJRFNNSVV2YkpfSXlrUDVoVDdZdjh6bW5lT0tlTlZqbGV2dWliMW85TFRWc09qM2U3YWdUNHp6RnNsZW5FSlMtbDJNMGNDQkExbDFxWEhMVVZvU2x5alZIQ1FOeUIzZ1I2Vl9BaTNEakJYenI2RFREZ1VtUlU5WlBxUmxjeXVMN3BRUldnWHFLWk1F?oc=5
2026-06-08 03:00,The Motley Fool,fool.com,A Weight-Loss Rival Just Crashed 23%. Why That's Great News for Eli Lilly and Novo Nordisk.,https://news.google.com/rss/articles/CBMiywFBVV95cUxQY2xZMmozYzhaWTlfamE5N0E4Z2FfQ19uRHU1NXhGSzJjQTcxMWR5NE05S0c1SGxwd0hTTWFDWllNX1FSZUJycG1sU2RHZ05rbkd4b2lIODhQX2pjRXFvU3NRa29UdHg3QUEySWpSOWp6a0k4OUNtRzdYMlNwSk1iaS1XOWN2a3l2SWItdWVVMkJPRTlRVE5iTGNuWWxKVlNkRi1qMkN4SFFPTEpBeDR1X2JnWk5lcXdpOEZnNkkwbG9UcVgzNkJKbWZWUQ?oc=5
2026-06-08 03:00,The Motley Fool,fool.com,Lilly Just Announced 3 Infectious Disease Acquisitions in 1 Day. Is This the Beginning of Its Post-Obesity Growth Strategy?,https://news.google.com/rss/articles/CBMilwFBVV95cUxOQk1fYlcwZGdzaWMxNzZ3R2xRR0dFWWtrVTc3dV9zY1gwU2NmczNIdkJWdkZSWE5JcFBzVENaQ0hPU19pUWlabXd6Zl9JcTNRNW9JQzNxRklua1VGUmlFUGtlUVFMMkR2cVdkZDk0YmQ5Z284Z2RPQ0txM1hyY1MyQnkza3djYUtQeVRXNTVCQlpSbEZfalBV?oc=5
2026-06-08 03:00,The Motley Fool,fool.com,Prediction: The Trump Bull Market Will Soon End -- But These 2 Stocks Will Keep Winning Anyway,https://news.google.com/rss/articles/CBMimAFBVV95cUxQdGpMX3VRbklZMGd4dGladUVNUVloSWxnenRsdEM3eXpTa2ltYmt5NjVTSVVQZUdrSmdkV1VqMlZZWUFMVDcwdWxsOTBGVTljeGdpamloMndKaDVHZDczaHF0X19YM0xaaU1zWFR5cTJMcFNMYmJFTjBwYmpBWnhCZzk2U2o1bU5ya1U4X3pHZG05Ylc4QWxXNw?oc=5
2026-06-08 03:00,The Motley Fool,fool.com,Why Eli Lilly Stock Climbed to a New All-Time High Today,https://news.google.com/rss/articles/CBMilgFBVV95cUxQTkNkUmRPTFVJRVUxN0U1bHdoeWZmWi1SR0YtanVLeTJxeWwtS1BpRldwMmlyYXNPUG56UEp4eEN3cG0xRU0xSGxJbGY3YmZOQ3MwTGszX1lycFctekR2YWw4RTd2Mk5zQ0gxanJocnliWGV3QTZfakpwVFBYM2xEZUVmYU1ISmt1OVF0emI5cmFtZVlFa3c?oc=5
2026-06-08 03:00,TheStreet,thestreet.com,Eli Lilly’s $12.8 billion obesity bet faces new Medicare test,https://news.google.com/rss/articles/CBMijgFBVV95cUxOZldocDhFejV5SjFJRDdvTG0zVnp3STZKNk1iZ0ZYRHlCWmYzN2ZzdG1wRTg1WTN0MG1NTTFibS1GUmZrYWZVcTI4R29uaFprS3VfeUpKNzI2LUltWkRQRkdSQ2M0TjkxUkEzeXBHVnJJaWJTT2t6V3dxQk1INEJZZEJpNXpmTVlTaFJ3QmNn?oc=5
2026-06-08 03:00,Yahoo Finance,finance.yahoo.com,Eli Lilly shares climb after new obesity drug results impress at ADA conference (LLY),https://news.google.com/rss/articles/CBMioAFBVV95cUxNWklJcy1raDc5TVNWdTNsZmlwNDlKTFlubVFKSEhGY3pRZ3dpNHNLZGVETHo3ZEo4eWh1dEx6UUE2X093NUFCVlJncU1iLTExRGZ1LTVkbUxna3ZnMFdHalhEQUU3MVpkSUdjOExtenF5ZHNNVEVIc1BwamNBYTFWbC02S1FTdS1hRE0yaE10bFNPZHhuY3Z5bG5xa1ZYamI0?oc=5
2026-06-08 03:00,Yahoo Finance,finance.yahoo.com,Eli Lilly stock jumps on retatrutide Phase 3 weight loss results,https://news.google.com/rss/articles/CBMinwFBVV95cUxOQ3lSSEIyWkRIUHJSX1lZSFNPaHIyZllFSlpDNllaRnZXNElpWWVFa1luNkoyUTRUZnMwOTViVUtxUS1QeGk3ZURiWE9qYThrM0hFeFNGcUM1VXJYQ29rZ25ybGFhRVFlN2tfMUQzQzFmY0wzVDBEQ3VEQWotSm95ZzZUUFYxMXYtbmFpNVVjQ2ZJdFRYSS1BbUxnRVZON28?oc=5
2026-06-08 03:00,Yahoo Finance,finance.yahoo.com,Is Trending Stock Eli Lilly and Company (LLY) a Buy Now?,https://news.google.com/rss/articles/CBMingFBVV95cUxNRkJ3TWZ5VkFCYmVQbFVCZHpHSG9kakhnc0hyS29lN2NFV0tablpNeTdZTkEwd3U4N0MzVXMwYnZZZ1p2MTZKYjRYa2VfZUxUZ2V6WVNLZmJENXVnNFRLcDBKMWkxaG40anphVnp6RGtXRkhjcWJiYTlvZ0dLNUdHWFF4VVBadFU1QTRKTktqQXRNZGtPY01FTkd2Q1VDQQ?oc=5
2026-06-08 03:00,Yahoo Finance,finance.yahoo.com,Why Eli Lilly (LLY) Stock Is Up Today,https://news.google.com/rss/articles/CBMilwFBVV95cUxPVXd0bDdVRUFJRXEwYjFPcklfUUxPTmpha21zUXh0dWJzNHdtSS1BLThvbWpmUDY5T1BnZWRQeTZmQTR2UXpyUUJfbGJkSFNSR3YzWlI3LWVKTXo2MHFQR1pza3NDU1BkQTlldWtNMDJrUkpzMllVYjU5ckt3UU9ycGp0ZE14emRNNmMzcG5IeFczV1BDMHgw?oc=5
2026-06-08 05:37,WSJ,wsj.com,Eli Lilly Shares Rise Premarket on Late-Stage Weight Loss Trial Success,https://news.google.com/rss/articles/CBMitAFBVV95cUxNcUpPSVh3YnNZUEx2eWNSNHppY2JPVndGT3BiS1o1cHhjZDhpcWRvOUhWM3FfUGZ3dDMyYUR5c0psLUhqNGt2Mi1CZ3NnTHVldkRQNmJXNFN6Z1RyZy00T3FpMmpnSVBONHY3OVRTa1JHX3ludmxDdXk3MWo4dFRuYVBLbHMyM0hGTDVXcUdlOWk5bEVqc2pnZkJ5RlBOMjZwcmpFQXR1TFJDQVBZTUJhRm1uMi0?oc=5
2026-06-09 03:00,Forbes,forbes.com,Is It Too Late To Buy The Rally In Eli Lilly Stock?,https://news.google.com/rss/articles/CBMirgFBVV95cUxNZlZRTnV6bWRBaVBoampQMmIzYUJfbVMtLXVvV0NMcVU4UHBUQ3dmY29jRTRNV1J5U280V2FPRlpxX0I5aFF4TkloWjlQUFh5bWxBTXdIaUczX2pkM2RoTm9sQ281TTRQVmpZeTlmaGRQX0YxZ09RT3MxMEdLOS1udElxbGw2a1MyRjlLYm1PVEVBbWZJLTdVMnYzbE9pV2R4VEU1Q25JOWl3UmhwNlE?oc=5
2026-06-09 03:00,Investing.com,investing.com,FDA approves Lilly’s Ebglyss for eight-week dosing regimen,https://news.google.com/rss/articles/CBMiswFBVV95cUxNS2Zvc3JDVTM2NEZJTzlzdVI1Vk1YeWxDMlQyNm45UjhNbEZ2dWZwaFlLc2hsOTNXeHpwd2FqZHBFdTU5alNBaXdDOGxyVWlGbHcyTXdwY2FRWDhSNEZMdFphOWtabXJtNUR5U2pya2ZzOE9BdENsemFPaUdVbGNCZGNFTnhXMUluSXpCWjFuVGhqTFd5MVJfd09LM0owUHlwQlBUYlB4WGNOVEpFQnpIMS1LZw?oc=5
2026-06-09 03:00,Seeking Alpha,seekingalpha.com,Eli Lilly: Bears Are Missing The Underlying Thesis (NYSE:LLY),https://news.google.com/rss/articles/CBMilAFBVV95cUxOclNYNUZNeG5ab2NyYWhXNkJXTHhEd1B0eDBTU3ozNGkzVnFMU1BQRTUySU9GZHVjbVB2VHQtdjh5Z3FYSkVkOTZSajJXeGt4SFRWMkdhSXQ0NENvOXdWRDRldGlfdV80WmttSl9wR29pckFZYmdVa2xnVU1Cb1BMbUNUbU52c0FXTGlQMUF4Mlk4cTFZ?oc=5
2026-06-09 03:00,Seeking Alpha,seekingalpha.com,"Lilly, AlzeCure ink Alzheimer’s drug deal (LLY:NYSE)",https://news.google.com/rss/articles/CBMigwFBVV95cUxNRDRsNFBxNlFFbU4xZ2JCalE5WU4xWWtyWHF4RzJsdWc4NXpQUVVVUi1xVEw1cmhKeGlMQUp4dXhxMUVTWEJ5ejRnenlqUXZFY1Q5TWpWc3hYQXV6b19janNTWEczR1VmYzNzMlNfeVVFRnlMNkE3LUhxU0xMV19HLTM3RQ?oc=5
2026-06-09 03:00,Yahoo Finance,finance.yahoo.com,Can Eli Lilly's Clinical Momentum Keep the Stock at Record Highs?,https://news.google.com/rss/articles/CBMipAFBVV95cUxOVFZaOUMyUXBRVUJmSmM0WDRONTV3RWN4OUxESkdsQXpwZ3hlQ2NvOWR6YzFIUk42aE9rNzdVUzBsRmZoN25pQlp0NTFmcGxNNFBpZEdMdjV3VGV6R1FnSmthVFpqYVBqMlpXTXdET0c5dUd6b3A5cEVxcmxtZy1ac2RkSk92d0FUS1FXSF9HYkpEekhLOWtwVnR3R3lXaHFaSlJHTQ?oc=5
2026-06-09 03:00,Yahoo Finance,finance.yahoo.com,How The Eli Lilly (LLY) Investment Story Is Evolving With Recent Developments,https://news.google.com/rss/articles/CBMimwFBVV95cUxNWG9nV3prSlJDcWt0RUhCaktfQ0kyZW44VWVibmtGbjBMYUFnOVJlMGh3eDNDb2NNWkFxTkVtcXVESjR4YURqd3JMMW5WN09PVzB3QkVmNEhUN3c3alZkM3lZVktfSk1aYnJOalhua01TVXVGWDhGUDFHWk9OdmFfczRvWVd3SVJYVFlXTDVYa29wN3JqWXpacENBTQ?oc=5
2026-06-09 03:00,Yahoo Finance,finance.yahoo.com,Is Eli Lilly and Company (LLY) One of the 10 Best Dividend Stocks to Buy According to D. E. Shaw?,https://news.google.com/rss/articles/CBMilAFBVV95cUxPVUVvS09QSURwaVZlVFY3WldFR19pSzJBc18tN0UyWGZIS1I3V3lfMVNuV19VbE5WTmtNTU5DYVA5OG5aV2YydVhuNG54VTJvRjJTOVgzYkkzeWd0WTV4WTI2RUt6eGdQOWhibzZNMHU5Q0xrYUNkR2xlUXktLUpFWVJpY0VHMmtLN1U5OUQteXlfcks0?oc=5
2026-06-09 03:00,Yahoo Finance,finance.yahoo.com,Prediction: Eli Lilly Will Trade at This Price in a Year,https://news.google.com/rss/articles/CBMingFBVV95cUxQRVoyX3JPNjN0OTR0WFdnTlNReHNDR0dsbElEamtIWVpaa0NJcUl1eUhBUVM5b2Mtdm9UX2pfcWlZVnI2SmQzSkxzQ1VKZWNDQ3dIVTNvVHRZYTR6Q1ktNHpyN1FkY3I4cXdkOEtmemZYbkQ0eXZ6SlVGR0lOeG5jenJ2cnJtdVg4SzZid0g3d0d3SXBwUDdRckhrc05hQQ?oc=5
2026-06-10 03:00,Reuters,reuters.com,Lilly stays ahead of the pack as rivals jump on obesity drug bandwagon,https://news.google.com/rss/articles/CBMirwFBVV95cUxNc25UYnhyd1lpb2ZuM3l4RXo5ckYzLWhLUmdwUWZHZzR0S0ZENkE5OTVJYXJfSXhQb3VLN19BalliZFkwOWRwc3llOXVyVjB1UVRNN25yNldTcmNpclR5UUV6TURVNF9VY3VuTk93c0VUYVlHM2ZaRklHa2g2Y1d1QXlfaHRMdmdncEJERml0Y3ZSVTdaLUR0LWREeGFmeXJyb0xHMVFGbXJoYTM2eS1n?oc=5
2026-06-10 03:00,Seeking Alpha,seekingalpha.com,"As the GLP-1 race heats up, how can investors position themselves for the next wave of innovation? (LLY:NYSE)",https://news.google.com/rss/articles/CBMizwFBVV95cUxPci15U1hpdF9RN01fbXZtXzlzSVUzaEtKaFNYbmxwNThoLUxKdjFYMVczbGthNUJJV2x4YTRkU2J1VDhTazg4am5nMmVTYjBWbzVEanNTS2trandsaC1LYkF6MV9mdkxfRHZuR0hnS0RMTWVHNHdENWFDX2RVUUNXTHZzRFdPeVRGT21lbVlnUEkya3JKOUxmU0pkTzMzQkMxRVVSbjdQVHZVNFlMWk5aV2FhUV9RR1hYcHhfNXJlY0g3emJBQnNrXy1hMEZINWc?oc=5
2026-06-10 03:00,Seeking Alpha,seekingalpha.com,Eli Lilly wins FDA nod for new Ebglyss dosing (LLY:NYSE),https://news.google.com/rss/articles/CBMihgFBVV95cUxQUUg1TlNMMUdxWlVQbVVxU1ZBa1k1RnRBbEo1RW1xZVFTLS0ybC1rNWdidlhFblZXNC1TR1RsaFFIUTNfY2Yzd2szODNpa0NybkRXN056bjB2RmpqbWdHWnFGWmNPSnpKd3ZsM2RZckZGYlZpTGNsUjE2TTBQdjEyWGFxV3N2Zw?oc=5
2026-06-10 03:00,Yahoo Finance,finance.yahoo.com,"Zacks Investment Ideas feature highlights: Eli Lilly, Home Depot, Procter & Gamble and Starbucks",https://news.google.com/rss/articles/CBMiqgFBVV95cUxOTFBhMjNHaTJObnBuNlgxanRrMHlFMGhxSzlBRUdYM3I5TkhqZ280ZGJDQ2ZmRjN0dG9YVTZXTlNyNG1rQWEwVmZmVmRxTjZrRnBwalBvdkthRVlhNHpQNm05eHdWSWxNMkI1RTJhM29ycWpjUEZBVUlmbmw3OHdPUVZpQTFrOEdOb1FVT2dQaUduSU9fUW10R3N5OVU0Xy1YZWpiYnJpYkYxUQ?oc=5
2026-06-10 03:00,Zacks,zacks.com,Eli Lilly Wins FDA Nod for Extended Ebglyss Dosing in Eczema Care,https://news.google.com/rss/articles/CBMiqgFBVV95cUxNWXhFUFhKLVdsdlJQbEVKMWhpSm1TYjdZR1V5d2ZiQ3Ewd2pfQmFHcUtpR2ZsNkh6dzdzVy1Jd0tfNDEyVzlaTmJVMFJKSDZDOXhJckxQSmxTUWhnX3czRUpfT2tfdXBpbHhwMGVNVWZYZU1mTFhXLW9tSXdoQi03ZklKazhHOGJmVUZfbTRlTmJXOGthVEgyUG9HZVRvVFkxbnBJMEtDR1dJUQ?oc=5
2026-06-11 03:00,STAT,statnews.com,Abridge inks deals with Nvidia and Lilly,https://news.google.com/rss/articles/CBMigwFBVV95cUxPTjdadVhXTVBPMWJsRDJ4b1JtajlKTFJUZ1ZhMm1GcGxQa3RXOHZiUlpDXzk2ZERySklYT2Q2T0lwMGhBSmxXRWVSUnFCQXYyenlCeXcxaUNIQzlKUGpEMnZyS0ZVc2Noc3BoSFdpVGZRamRSZ0RKYVdJV0p1dG8tUjJSVQ?oc=5
2026-06-11 03:00,Yahoo Finance,finance.yahoo.com,Eli Lilly vs Novo Nordisk: The Battle for Obesity Drug Supremacy,https://news.google.com/rss/articles/CBMimgFBVV95cUxQZU55YWk5eW02eXRiNVUwcVZDa1BQcGRvWXE2YjhSM2NpVDJHZjBLWjU3WlVwVUVoeU5UbXZ2cVFVTUNyellwZ294Z2RqZURNZ3VXWTZrZGJnbm5tODluSGJRRFBhSlZiRGRLcFFrNnA3V05SUTljVFFCTUJNbHlncHR4N2RZVWJkR2J1QlVUSExuQ0c2RkRBeUx3?oc=5
2026-06-12 03:00,Benzinga,benzinga.com,"American Express, Eli Lilly, Live Nation: CNBC’s ‘Final Trades’ - American Express (NYSE:AXP), Eli Lilly",https://news.google.com/rss/articles/CBMi0gFBVV95cUxNOWJZMXllbTNIdm9MM3czSEFCRzhTUTlQUVhPZXZMb0pnUmdZVlJYZUFISThhOTE4VUFQVUJPd2Fvc1JKSGR1bHUtNGl2aVBlMktMODZtUjBPR2kwcmpSdHRjQkNaSUc0clZ5SGE4R0Y0QlZsS3A5TGZoTlBjdzgyWjF1OXNDZWRyb3JVMnJNS3c5ZWJncGVTTmh4ZlJiTXF2RlcxbTM2TGZRb28tU1N3SVZYWEp1UEQySmtabDcyd2tHeWllalJuc0psdkhSMXpkV1E?oc=5
2026-06-12 03:00,Investor's Business Daily,investors.com,Eli Lilly Stock Hits Buy Zone As Earnings Soar 156%. Funds Are Loading Up.,https://news.google.com/rss/articles/CBMizwFBVV95cUxOdmJTZWZ4Z21QYXFuRmNLWFdETzEyUUFXVERTSnVRTG81Q0k2WVoxSHlmZ1lFbFVZUk50U0xybW1VYU55UktfcENabUh2WFo2R2FMa2tpa1RmbGpqaXdlaF9Bbm1MU1BBVjdPVUJjQTVFaVNwcGJpYllmMGtISmp6TTVuVGFJb3MxVFlVLTJtQm9Cb252Z1R1ODhkdGJRMjNaN1NCTTBNdE40eVhUU3RQSVV1bEFYcVRCcXp2UTMwS1FDNlFkMDdEVkRuN2tEZjg?oc=5
2026-06-12 03:00,The Motley Fool,fool.com,AbbVie Reports Promising New Clinical Updates. Here's What It Means for the Company's Dividend.,https://news.google.com/rss/articles/CBMimAFBVV95cUxOQUQ0UlJnNzJNQ3BiWkhFMVoxcVNEUldZWkV3MXhmTl9WMWpCc0dtN1FGNlJvYUViaUNxUW1zdTBnam96VlpJdFJhVTFMR2ZKVWJMQThJUHZVVElfQm5HMlgzclFobjBfUmRNWXZxcmcyUUxsZDRybmMtX0xaUHVLdXlGR1dtdF9NRnQwYkU4cS1jeFhHeG9nMQ?oc=5
2026-06-12 03:00,The Motley Fool,fool.com,Pfizer's New Weight-Loss Data Just Gave Eli Lilly and Novo Nordisk Investors Something to Worry About,https://news.google.com/rss/articles/CBMilgFBVV95cUxNSkE3TnJlUzJ0MkwzYnFwV3A1TldGalg5SXNQSnN3cFJMbmRNNnFWeFd5RGxabEx4bkxWM3VURWVVQmZXTzMtU1Q4TFpwOTR4RmFwdmFzelYydi1SWU0wZ21ycDFaQzhfQ3lsWS1MM25MY3RsR3NSNkQ2N05yTkZRNWJacVF3YU04NDdBRmF1WHpFbll0cFE?oc=5
2026-06-12 03:00,The Motley Fool,fool.com,These 3 Stocks With Fast-Growing Dividends Can Help You Beat Inflation,https://news.google.com/rss/articles/CBMilwFBVV95cUxOUjRjaTJMcHExUWRWS3dzYnZHVXJha3ROc2dOX3J0ZE9BWWg5Q2NReUpTX01wNlIwank0OWhva1d6ZWtfNlFweGU1RHZjVzVUTlpkMzU2MzdKTXBSRlNnSHo3NWNlU1c0bmJfaWFISkZscndnQ0ZKTUFYUU9rV3JXOWFIcGx1QWJHQ3pwWXNjYzB5U3dqUmhz?oc=5
2026-06-12 03:00,Yahoo Finance,finance.yahoo.com,Eli Lilly (LLY) Stock Sinks As Market Gains: What You Should Know,https://news.google.com/rss/articles/CBMilAFBVV95cUxOcGRrVy1zS2JSaDR1aXUwM2xMMUFQUUMwR2dlaHVxd1MxQmhXVkw3X0FwVlJQNEc1RXFXNkVRcE9TMWxBN3l6SzgzNk5CdUtvMkljeE0ydzVYTnZTN0cwUEtRS0pKOTdPZmlGNlo5N0dZQkFKSmNudWlOZnJnVnlmTW5Qa3ZqN2VjSlhpUE5RZEpZX2xI?oc=5
2026-06-12 03:00,Yahoo Finance,finance.yahoo.com,"Forget Eli Lilly and Company: As June Volatility Rocks High-Flyers, This Stock Is a No-Brainer Buy",https://news.google.com/rss/articles/CBMimgFBVV95cUxQOHpKT1V2dzFWTW1EX2VYM09GVXUxZll5SDdvMm1LcDR2MFlhSW02SV92LWxMMUFrT1hoeUxmaUNfQlJURVJGX3VDOEV0RjVtUTZGQlRoaWc3am9Za2VvTlJlLWpmS3FSSS1hclVPeFQ4a19lVmc2WWdDNXRXUXRUcS15ZFhKVzFKYnh2M3FWanBEVmZtR3RSTW1n?oc=5
2026-06-12 03:00,Yahoo Finance,finance.yahoo.com,"Goldman Sachs Maintains a Buy Rating on Eli Lilly (LLY), Cites Encouraging Obesity Treatment Pipeline",https://news.google.com/rss/articles/CBMipgFBVV95cUxNbW80VjduTFlWOFB2dXBTa2tMTXdmV2tJN2hmdHBDOFM4R0hhdTlNVDN4dXk5X1NCMExTZFFDSF91UFVjV2xPOE14eW1XVUwxZUVqblpYQzhsRV85TWppOGRmbExoVG1iVjVURnl6SWNDc21oWG10QjdHdllPeUxxRUpLYVF0eFh4VUtnSDY0WnFLaS1jSFZRR19yVHdTcExKU1Z0V0l3?oc=5
2026-06-12 03:00,Yahoo Finance,finance.yahoo.com,The Catch Hiding In Eli Lilly Stock's Growth Story,https://news.google.com/rss/articles/CBMimgFBVV95cUxOSzNWdXhSMHJSY09ROHF0b2llX21HdzNXZVFTSGVZMjNYYnoxaXNBak5LLWRPZUZ4dGprZkI3aEpIdGtEbWczTGdzWml1TFBQOVg4Ykt6amxhZHhINUI3T24yT0NOZkJ0RTI5QjJpbzJDNmdVd0cwUUYxXzgyaDRQVlNBbm1NNFFhZW1yX1hMcDBVSlhka2Vkb1VB?oc=5
2026-06-13 03:00,CNBC,cnbc.com,Drugmakers race to find a place in the next wave of obesity drugs,https://news.google.com/rss/articles/CBMilgFBVV95cUxQZ004RmlsT2g1WWgyZWpxUDlWNC00dzdpTnNWd2pLWWs0QXlGWG4xa0J6QWxnNkYzZ1hGWXRzRHJuM1JLZWNKNklSU1NxeHVKZWhmWFB3b0ZYVm9zZUowN3V3cHp2QjRsS1AzTnI2MlB6Vlc4M3B0REhEUWlqQUJOdGVyUWNBM3NDbTMzMUFHcEp0cXRmTEHSAZsBQVVfeXFMUDJkbHFRa2tpWE5RN3YwY0I0dzE4RWNQQ3Iyc2lmZHlyaHlfSnRaV3ZCaEo0cGdlSHZBZWRSRExVbHkyX0NSNUh0V0Nfb3hCdG1mZ1lBV1VXZEtvZTVLVUYzc2ljOHdPa3p5aU14M2Q4WjRBS3BPWmJkeTJUb3JQZ3J1OUlNOGN0emRqV2d3bHFTb2JXcEhPRWY0MWM?oc=5
2026-06-13 03:00,Yahoo Finance,finance.yahoo.com,Jim Cramer Wasn’t Selling Eli Lilly (LLY),https://news.google.com/rss/articles/CBMilAFBVV95cUxQeE5qMDBIbTF6Q2FWZjRib0hWbG9rMjFUQVNzb2Nxek91c0lZMUlxNUpZSUdXWTdJdTk5NmQ5bUlZYU5LNElsNUZRdHQ3Vkw5WGlfeGg3RXV5NmhFLWw2MHJmVzQ5WEdyQXZaRExRUHVrOEFMalE3dkFkdFdnWTNkTEExcXRQZ2dBeHkxazYyVFhhVDJP?oc=5
2026-06-14 03:00,Seeking Alpha,seekingalpha.com,Eli Lilly: The Macro Health Crisis Is Still Undervalued (NYSE:LLY),https://news.google.com/rss/articles/CBMikgFBVV95cUxNWTdDQmIxQkg1LW9iUllKOVZCbGlBemFqQmhSQzdsVnNXcmRvYklyWTJqYzlhS05EdUhoZnQ2allTYTl3N2ZxRExEaTVxQlRjXzFZZ2t3TXh4bWw3bUxsZ0ZCbWJnaS11NDc1dENDdjNOeG5pM2FSN281dVBDbGVzSGZzRm9CUUtRRGRaMUdPLWRTUQ?oc=5
2026-06-14 03:00,The Motley Fool,fool.com,3 Reasons to Buy Eli Lilly Stock Like There's No Tomorrow,https://news.google.com/rss/articles/CBMimAFBVV95cUxQWm5sWlRfbE9ENFJBb3N3cGJoaTd6ZW5Wa29jenNCRmdNSFVkZVM1MDhJY2RqdXZUZllWWktrOElDYVBCNElSUi1URkZ2R2pDNFlkR1BIOGpQU2Z0RXZHTDFDR0VQQXk0SndPdXQ2RERHaGdMSWJmX0YyaE1TeTZMb290U2Q5dDFsZUY4VHl0VlVKS0MwVmVHUA?oc=5
2026-06-15 03:00,Investing.com,investing.com,"BMO reiterates Outperform on Eli Lilly stock, cites JAK2i data",https://news.google.com/rss/articles/CBMivgFBVV95cUxNUXphSWs2bF9IX0FtdmVtaVFnYWlES1lQd09LbkVGajdJN0RHTWRKbkplLUpHbUFyWWFZblMzV2FPZGg4VTd2RHhxaEFHVHFvOFNJLTE3NTUwQXktVnFLVHAxS0kxVHM5WEFkaHdGRG9veE56YlBLWDJQYXNadTVBMmlNMzZoRVpsazhWQTJwVm9GaUFkWjNmU1FoQkx3b1hpWjhxbVB0d01xNVNDQkxuUk9vXzVPZ1RKU3U3TDVn?oc=5
2026-06-15 03:00,The Motley Fool,fool.com,Should You Buy Eli Lilly Stock Now or Wait for a Dip?,https://news.google.com/rss/articles/CBMimAFBVV95cUxPcUc3VFRvMk1zZG9jRkdBMDBiMUt3RldpZ1M4aXVuZVdaMWlZYTNkV2NyMmdvWXA3d3BaS3d3UUlReFhQYlg2aWJGblBVT3E2c2c5a1YxU3dfTGc5T1JveG4ySmJpZXRZRGtmZ19Pdm91LS1DUEUyMkMwelk2aTFkbTl4ZDd5X2NZc3dxZVZnMmhBZ0c4VTJyTw?oc=5
2026-06-16 03:00,Barron's,barrons.com,Eli Lilly Is Hunting for a New Painkiller. Can It Finally Succeed?,https://news.google.com/rss/articles/CBMiiAFBVV95cUxNTUllSV93MExEZlJ3UmIybno3RXlfYlVBelp2dkR6TDlfenhTRmJwZEplMDE5UWNqUmZfTFJ2dEZLMHF0WVhNVkRvR3E0TV9mQmxVbWlqTktDSXZrZmdPU1JWeGp0QlMxNE9MLU5DaTQ2Z1R2UURfY3laYkNBU1BkWWM0XzNhYUFo?oc=5
2026-06-16 03:00,The Motley Fool,fool.com,Eli Lilly vs. Novo Nordisk: Better Obesity Drug Stock?,https://news.google.com/rss/articles/CBMimAFBVV95cUxNTlk4WElSMUpBT3lvTE9ybnVCazhfTUFrc20teU5tWGZESm43R2Z4eVl6dlpmNEJnN3RTYldLTkhuZWlabFJpaUdzRUlqT1FwdFA4Qi1TZHVaekRpaFFTUjBReXI3alR2VWVMODZwdG84U2NfNWZaRjB0SU1KVGo4aW00blFlc040LUstalhQanVLYlBnT1ZmWA?oc=5
2026-06-17 03:00,Investing.com,investing.com,"Cathie Wood’s ARK sells Robinhood and Roku stock, buys Eli Lilly",https://news.google.com/rss/articles/CBMiuwFBVV95cUxOZEtPbHVSczUzYnhXa0V2SE9mUFBCTk5TY0dyM0I3bGdJLU5jRjA0YV9PSkhsbTdiX3Rtb1pSRzZvdFFGbmtjMlNiNjN1WWROZk9sbWRzNlJBb1cwVmpBSWNqMEhiNWNsd2ZxTndLdW4yQ1dUbTFsSWUwOGpoRGxRX0tfM0s4RDJTS1hEMDVROElKemt5T1p2V1hvVUtzWFExcXczMVV5dTQwa2ppZEFrWklqcnlrN2JPanNV?oc=5
2026-06-17 03:00,Seeking Alpha,seekingalpha.com,Eli Lilly: Pharma With Unstoppable Momentum Targets Pain With Latest M&A Deal (NYSE:LLY),https://news.google.com/rss/articles/CBMivgFBVV95cUxOc1FOb0hwQ1dqcEFzSGozVm5WTUZJTTBuZ3ctY0NINVdsNEtkYlFObHI1bFBWSEJhNVVnZ2hFUEZUVXJqZnE2dVJyNmQ1aTROaWNuajE3QXdrXzZSdmZCaWRvWEhFTHVVb01raFg4QUgwRzhvb1RFcm9DVXp6MTY3QkNhcUFzd0RFN29mdldwVW0yYkFvaEhIYWZUVm9nLVFIdEJEZlZyWjJ1UTkwZXdJNnlsSWRET3hJZkR4STBR?oc=5
2026-06-17 03:00,The Motley Fool,fool.com,3 Underrated Dividend Stocks That Could Generate Reliable Cash Flow for Your Portfolio for Decades,https://news.google.com/rss/articles/CBMimAFBVV95cUxPd3lQWDNIakpEeHNGZlZ6d0NwSzNuVHRYSU1PanMwUlZOVWFWX2xXY3FhUEw4S3kyNXN5dTNsTy1CMnhGUHFvNFJNSUx4T2Q1LV9lUUpMdXZCbGp3WTBoZ25kUVpsejJKbGFLVERqa2lkdUdIU1oyM0ExcEY2YlVaTDFFdVlDWlp2aTVfYjU5eFdYbFJwNDZxTw?oc=5
2026-06-17 03:00,Yahoo Finance,finance.yahoo.com,Eli Lilly Stock's Trillion-Dollar Question,https://news.google.com/rss/articles/CBMingFBVV95cUxPTnBGbFkzR2xOZC12VjAzbHNmMExMZUJlSWRZZTNNMDlHVTJLWnJoZDFPTl94Zi1kbTZUdVkxMHc5YjMtZ3FoYU9KdWctV1hzMHQxcmJiRlhpVmh0NW05OXh6Ry1saGtiSm9UOGpDemxPbHFnemlvbVJ1djZZR0lqWDgxN1RFaTBRZzIyeklLMDNOUlZsc3d2U1RScVJZZw?oc=5
2026-06-18 03:00,Investor's Business Daily,investors.com,Booking A Quick Gain In Eli Lilly Avoided Market Turbulence,https://news.google.com/rss/articles/CBMirwFBVV95cUxOTVdHdkVkVVhrTGlYUG5ZN3dEUURxeWdVa3JHOUhrZlFiQXdMbUlPVHQybEMzN0Q4aGVlVlA4bk81QmtXTDZYaGtsVlRaR3Zhb2MwNllob0RwMEZrNERiczBUemJYRVNfMHJER1hsdFpJN1UtUUQ0T2UxVWh0U2NrYzIyemN0OTlLU2RIeExFWFZsa0RwMmZvaXhHVmUwTlNRRUxPSG5ZX2FLWjR2RU80?oc=5
2026-06-18 03:00,The Motley Fool,fool.com,Cathie Wood Goes Bargain Hunting: 3 Stocks She Just Bought,https://news.google.com/rss/articles/CBMiiwFBVV95cUxOLWE1Z2c1ZFhaR3FCempoTDZWRmFWcFYtUEVvQ1Q5NG1zTGZsMXhEbzdxVWZZQWtzbG1CQWtYcHlOM2JHWWxCRWJRVmFBdnE3cjhlbmRyc3NxY25HYWJubFl4RUlEaTVncjRQcmR2TFN3TWR2cWc2X0JROS1KWkVaZ2pHc291UDRtcVc4?oc=5
2026-06-18 03:00,Yahoo Finance,finance.yahoo.com,Eli Lilly (LLY) Stock Could Be 24.7% Undervalued on Its Growth Narrative,https://news.google.com/rss/articles/CBMilAFBVV95cUxNOU5NaDlrVkY5Vl9qaHZMTlFzT0ZETnNFbFFFOE5DLWVwZ3hmLWJHUTJmX0ItaHlyUWdob1pSMERLdmdhSktBcnhLbXM5Qi13U0pZNlh0cFZvQmpWc3Q4LS1oa0hERUFrSGl3TkhpdVVFeENYLUVMYXZxQU9MYlZwNXlMaEJFUTljbXJSN3RTWVpSWjhO?oc=5
2026-06-19 03:00,The Motley Fool,fool.com,The Next Wave of Medical AI Could Mint More Millionaires Than the First -- Here Are the Stocks to Own,https://news.google.com/rss/articles/CBMimAFBVV95cUxNcnoxRGptS1FrZEN2ZnRCMEVtcmNXdUZNWnZPMHVqMy1kclhQZHA0aXVKNnFKY3BXemsxdkIyWEU3ZHNrUmtXcjc3U0lDN2dubHMtWUZhbnZKNEd5MlVkNjZTdkMyY3V0cHJvNGJiRDFtNndhZHZlNFRtT0h2Wk9vVHNyNDBtNU0zblpOQ2pCbnRIUmpnSkYyVw?oc=5
2026-06-20 03:00,The Motley Fool,fool.com,Vertex Has a Head Start in Non-Opioid Pain. Eli Lilly Just Spent Billions to Catch Up. Here's What That Means for Both Stocks.,https://news.google.com/rss/articles/CBMimAFBVV95cUxPdUE3TFR6bE0xbnBuZnlvMzJqMzROcGNLZi1aZGppVVNhLWtRY1ducWhOUDVnVmpCYS1HdXZLWXZnTkdHd0Nkci1jZFRJcmM0MVVuXzlIZ0d2bEhndTRSUDVrQU8zck5hbnZrVzlsUWxJR2podHJpY3g5Y2IzcUY1WTUwdm1sVzdGMC1ETXFwcnQxd2RvZGhTSg?oc=5
2026-06-20 03:00,Yahoo Finance,finance.yahoo.com,3 Reasons to Buy Eli Lilly Stock,https://news.google.com/rss/articles/CBMikgFBVV95cUxPdVpXNUEtQ2RwUHlLeUk4ZFJBS2tSNVo3clhteVRfMm9wR0lwRmFfLXowMEhEQkxjVVotMGFnTWxuR0lTNF9HcnUySDM5eWtCU0MtRXNBTmh5NWJVbk13M19ldVRmV2JKZHhZTjd4SDdEeXlUUW90NnVkVHE2SGRtcFJnNU9TMEwySWVsdjhockZ6Zw?oc=5
2026-06-20 03:00,Yahoo Finance,finance.yahoo.com,Eli Lilly (LLY) Stock After 45% Yearly Gain Is The Valuation Still Justified,https://news.google.com/rss/articles/CBMikAFBVV95cUxNRjl5QkVNenBVVHhKU2g3MHh6OHlLOWFFS1FwSXV2dG9FOTNaRDNvYmN4VFBsWFE1bXBlYkNiWnlLZTRKcTR5UFg1cDdHQVVQamlVU2RIRjFuR2d5Y0JJMXlKQlZhRU9SenNteW1ZcThlNUZRUzlSSHdUYWMzLXl5RGVJR2Y1OWVkUHBFWmlCSFM?oc=5
2026-06-20 03:00,Yahoo Finance,finance.yahoo.com,Pfizer's Dividend Yield is 10X Bigger Than Eli Lilly's. Does That Make It the Better Stock for Income Investors?,https://news.google.com/rss/articles/CBMinwFBVV95cUxOYjZlVEF0ckxtOTNyc2NwbUgtNGVoUGtKdV82Y1dGZ0xrMW5HejVhMERXMC1UWUhLUHBfd0hhNnllVUlZbS1QMkRPd0xTd3o2aWNDVGh0QkpBcjFqVURvYnZaVjV5NVhuSEp4UW84aGRFX3BTT1pRbmJ1YnlTV0N0VmwwM2daTnRTZnVPendxOTdIczN3Q2FqNFU3d3BRRms?oc=5
2026-06-22 03:00,Bloomberg,bloomberg.com,How Eli Lilly Got Huge By Making Us Thin,https://news.google.com/rss/articles/CBMifEFVX3lxTFBQLS1tSnJXaVRTbVdmUjJxSFdtbUd6Y1M3aWtlbkN1R1V3eXZnNTBGdGFqdWZoZ0xvRVNEU3ppNUZ6cmUtTTM3Q09DU2loak1mLVJ3cThFaUJHYnpLajNpWlV1Tk5PQ3oxMkU5VFhtUTBuc2hGNmxjNVpXZ3U?oc=5
2026-06-22 03:00,Bloomberg,bloomberg.com,Watch How Eli Lilly Became a $1 Trillion Company,https://news.google.com/rss/articles/CBMinAFBVV95cUxOR1g2NUZCcUtvTnM2UmJ4Sk9aQlFtUm5fVE5OYnJwTTRYNUVPOXd6TlRidnBtOU1ud3FUTF9aVXVTY0toODFHVmZ0TFNUcUNYV0NZNjA1dldkVnhUaEE4d2JVTFphREQ2blBUVGctZVVmQXVTMnlnbzBLZmxFbEdPeFhKeWlwNmNYX04yMWszejZsbWRadlJqSTJsUzg?oc=5
2026-06-22 03:00,FiercePharma,fiercepharma.com,"Eli Lilly, Novo Nordisk top AI citation share as new report questions DTC spend culture",https://news.google.com/rss/articles/CBMivwFBVV95cUxQc3JtSE0xby1PR19jZ0JZQUxrci15eXhFREFsRE1QSGNQTVEwbVpWaEY5RjJmRUtpOWdUbDZodU1pQVlMVHBrdWRGeXBkVmtHS3pDZ3BRZnhkUE85bUpYektCM2pRaXliVGdTTUw3ODJ0Z082YW5EZTlNUDc0TWhTMzRGdDJOWElTczd1M3BCckVpYXJLbmxOempGZ0NYQ09TUUhtalNJVXVDbWpDazRsbjhWUnBvQ1NObWIwTEpTbw?oc=5
2026-06-22 03:00,Investing.com,investing.com,"Cantor Fitzgerald reiterates Eli Lilly stock Overweight rating at $1,230",https://news.google.com/rss/articles/CBMiygFBVV95cUxQaGtPMXZ2S0RnX2lFMDV6Qm5UWUZ0MDBsZ3FfYm0ybmh1YVNLeFJEQXpYV05JZ3R2LXFEMXhJMW00b3FVVXZQUFpWVllSZklUaFpIeE1Semp2TFItOUlOekk0YlhxWGRERWYxRWM2cEdWVWNiMXdQV1VrTG4tcUxEcnZWWnZEUjR2RXhyOTZFRWE4UVZ4dlpSRllWOWdSWElESDhXRVdiSEdOQVhWUklVYTdpNGlhNk5YdDVEMlRjZGotdVBKM3hHWnZn?oc=5
2026-06-22 03:00,PR Newswire,prnewswire.com,Lilly declares third-quarter 2026 dividend,https://news.google.com/rss/articles/CBMinwFBVV95cUxPZi1pc2x0clZNMnhBWUttZVYydDRVZ1pXRDcxS2Z5MzBWak0zMDk3MHVOY1pKREtrcXFKMENDQU16WjY2QjZ6TWE1VUNxU05tZ2VIZ29oS0NvUWZfMDBNanBwS1gxQW9yd0xibVdtU3R6dGpXbEE3dzJTbGNVMHpXSnZCMkEzSmx2SUlPZVp4Z1BncmhJLXlZQUVWQkFqam8?oc=5
2026-06-22 03:00,The Motley Fool,fool.com,Why This Mid-Cap Biotech Could Be the Dark-Horse Threat to Eli Lilly and Novo Nordisk,https://news.google.com/rss/articles/CBMimAFBVV95cUxQdXJPeVpyeHgtNk1qYVRyeVNuX3hJQzZueXgwb29vbjFVOERkbWg2V1VLYXk4TF9GMHNyVGU3aDBzNEk5eU9jcUlDTldCbTVIbGNyalh4c29FZEsweUo3MmxJLVo3Wk94TlVvLWVJV3BaVzMzajRBM2hrcXNZTEg5ODFYdEU2YXdVODBNZkh5VU9HTmdocVZ4VA?oc=5
2026-06-22 03:00,Yahoo Finance,finance.yahoo.com,"Eli Lilly vs Pfizer: One Owns the Obesity Market Today, The Other Paid to Compete Tomorrow",https://news.google.com/rss/articles/CBMijAFBVV95cUxPMTB2cWhuRERQX3oyOUEyRGlvUUVKaTNCVmg2WUtJMzNNb0dYMS1ibXY4V0V6MkVSMjA5dEI1WlI3ZG9JTC1UY1QtejJDOTdoRk5JTHlPQ1BseEFRYUpLZUtnd2lweE9vRWlvNmw1cno1V0JmTnN2UGRnVnZWMXpudE50NGhrOUY0OTU2cg?oc=5
2026-06-23 03:00,Benzinga,benzinga.com,"Sangamo Bankruptcy Puts Gene Therapy Platforms In Play, Eli Lilly And Astellas Circle",https://news.google.com/rss/articles/CBMixwFBVV95cUxPRXA3V1BTU2FBZ3Fob2tMMTRwUHNEVUtpb3Jadl9RbnRPeUxhTUNLOUttcTR4a1AzUXZndUVjUTU5Q3R5ckcwbE5hQjZxUWQxOFlIWnU3ci1vdTZ6WUl5a1kwVlU3dUhkd3F2b2I3b1pLNDJCUXFqU3hCVzlkNUo0MzRBeF9PX1FIeEdjY0tsaDBhd1UyNWpwLUdWaGNMWDhnZl92amdwQTBLQVlHbkgtSklIWHZOeTFqTG1NMUxaRVh1LVc2eXc4?oc=5
2026-06-23 03:00,Investing.com,investing.com,Illumina adds Eli Lilly executive to board of directors,https://news.google.com/rss/articles/CBMisgFBVV95cUxNd3VwQ0Z0VElCYWxrakRvdDJfQ21ySXZuNTBaNVhuNWZxaGc3NUlrSTItbHp0Y2c0Q3lvS3JuSFlveTR5NHA3VEluRW5naEFFMm9Pa1VIN1lrMVRsbmRDSGNtWVVMeF9DeTNOczM5ZzIweGJVb3Qwd3pMaWZJQWJHSjB2QWtkZmFwRWdkVG81ekowcjI4YW1rUzlibUc3OS1LbEptRjJjd0plam9odEJScDN3?oc=5
2026-06-23 03:00,STAT,statnews.com,Eli Lilly gave extraordinary obesity drug access to a 79-year-old patient. Who was it?,https://news.google.com/rss/articles/CBMiswFBVV95cUxOaW95MjB3ZHFsVEgyRlFhQzFnTUluQjFnT2YybzdyM2hucGxEVFAzcXBZbGdRODJ1dUN5OFZJd3FPNHk2ajRCaHhYejVydUNfaUJERU1kUkRFRENRcThkV01EQU5WZlFzM09lVGQwQk9fblIxS211bWt4eG9qdlNqOU00MEtQUTAzMXNEb3BGNUNGYUpHX05aVkNIUHRNN0RqOThnLUR0YnNRdTdZQmU0ZWduRQ?oc=5
2026-06-23 03:00,Seeking Alpha,seekingalpha.com,Lilly said to have allowed 79-year-old man to get special access to next-gen obesity drug,https://news.google.com/rss/articles/CBMilgFBVV95cUxORDBSTE0zdFcyODczWFZ2NWdkYUkzb3pnd0swTWVZdEliQ2ZTQ0tQVWJLTG9hU282WjZIZXR1bERYdHNpUGFpX3VyWGI4R0Y4LWQ4MkowLXNkZDg4LWlsY1lxMEVibTU4UXl4NW1UMTI3ejNtbjBWU3hUYkRfZFNCY0hNTmtCQ01zdlJGVFBxZVdMWjVWN0E?oc=5
2026-06-23 03:00,The Motley Fool,fool.com,2 Underrated Weight Loss Stocks to Buy and Hold,https://news.google.com/rss/articles/CBMilAFBVV95cUxNT0ZsYmlfR2RJa0ZDWWh3VmpOS2dtM3lwWi1wMUIzenpGa3hyM3JYeHNlT0ZWYXE5Mmk4QnZxMFplMl9qcTRkNEIzS1JyOE1tckxQeTFSYk1UVzNITHM3UEZvaUVHQmNkTXZQQzBqTGN3THBsMTVjeDVHYkdmMlNNaFlCS185QkhXOWlpWHo4Mm1nY2o0?oc=5
2026-06-23 03:00,The Motley Fool,fool.com,Eli Lilly vs Viking Therapeutics: Which GLP-1 Stock Is the Better Buy?,https://news.google.com/rss/articles/CBMimAFBVV95cUxNSkEtendFTElMWk1OUTVRSUNPM2xPLUtJTU4wdFYwdWl0V3Y4T2Zrek5XZ3ZqWk4zYlRPWUFXaGM3bU9GS0FjSUd2UU5mUkVxeFhRRTE2TUpwdzhEZHpjQ3NPZDRKYVBuaXdWaGtHRGdoSHdOQUotWXAxeFItYlo0R3ZLUS13dmlFSWYwM09GRXJUTTA3SUFJYQ?oc=5
2026-06-23 03:00,Yahoo Finance,finance.yahoo.com,Eli Lilly and Company (LLY) CEO on How GLP-1s Will Reshape America,https://news.google.com/rss/articles/CBMijwFBVV95cUxQMW52WDlDeTNyZFB3cEpRM2dHNm04Wm5TVHNtcFBCeUJEUnRWUzJ5TEFZQUxxdW9hbDVuS0psTTB0ckZ3Yjk3dkJhaV9mbXhjTl9tN2lZQ1gtYmJTSENFVFRhSklMWEhNZW9fTWxMNExlbE5lN2xKYlo1OC1hQ3hqRFlmMHNuVVAxNEV6a3pCNA?oc=5
2026-06-23 03:00,Yahoo Finance,finance.yahoo.com,Here is What to Know Beyond Why Eli Lilly and Company (LLY) is a Trending Stock,https://news.google.com/rss/articles/CBMilAFBVV95cUxNdElQZVlhekQzQTljNVJ0cTF3RUgzYXlqUFRXT3ExakRVU3lTQ0dmZUh1Wlc1MU5TbEtVaFNqUzNMV2N2SG9EOVVNak5hNnRoU0ZVdWxzWHFnMjNwSVlQd21CNEFKcy1mYWNLaGc2Yy1sT2NYNFliSEN4eUI0V1ZhNHl6cHFNamNWeWZ1WlNZTGpCcHBp?oc=5
2026-06-23 03:00,Yahoo Finance,finance.yahoo.com,LLY Stock Rides Trump Spotlight: President Touts Eli Lilly’s $3.5B Factory As Weight-Loss Pill Plans Go Global,https://news.google.com/rss/articles/CBMilwFBVV95cUxQbzRhc2tDQW5JVjkxR2VlSkxMVFBtd3B5YjdFSTA4a2dLQUJ0S3BkcVVfbTYwbmtiNnFQVW5PMER1TlJhRlY0cGxXY1hrVkNMdEstU1VrU3ZxNVotaFFNUTA5WmpmMWhqdHg5aEE3Z1hKeEVId21RWEZFek9QSVJjUUJ3LUlPOWxoclpHSUcwNWJSbGVlMXJr?oc=5
2026-06-24 03:00,Benzinga,benzinga.com,"Eli Lilly, Abbisko Expand Drug Hunt With $1.9 Billion Research Pact",https://news.google.com/rss/articles/CBMivwFBVV95cUxOUVRsZVA3SEE3enZJZEJKcWQyYUF4SGV6cDl0ZVBZVmRyZGRORUFhdElyVnF1em1qUmJ6YjZOZHdhU3BacVJsaURsRE5HTndQdEhkTnRtYXdjS3FlQlduOUZ1d2d2dlBjbWRLcVplcWpQZFRsY0R0Y3drM2tvVGVGVXdvLUI3N3JXLTdNWGpPV1BfWFh5TV90aEtpTXBsODBiMk1heXVkTkk1OEdLeFlSR2NhUkd2UTl0MlB1SzZGbw?oc=5
2026-06-24 03:00,PR Newswire,prnewswire.com,Lilly completes acquisition of Centessa Pharmaceuticals to advance treatments for sleep-wake disorders,https://news.google.com/rss/articles/CBMi7wFBVV95cUxOOEltNDVWbWVhMC1mUzJFVGthNXl3SkZ4eEFMV3lHWUxReGRjbFJXUUpPMHBWOFJxZHZYVkdGQ2pWYUxGdjhkRzdHLUpqeXU4OWhkdGNwTWtEN3lJbnJENGwzckg3U1lweXRzYnJ2d2EtTk9FZ2NoVngwbGhOTTFhOU9QVnE4RDhpbHRZZDZlOUxjSGdsRWJ3bXRKSHRGTTExdFZmaXk3UEZLdVpkdHdPTi0yd1JvVDlkaFRkX1F6RkdyQVZaMGJuM3FwNzR0bUwyREZBYVZ5Z2JTVnhiVTVoZk9OZ3JfOXZvd09WZERsbw?oc=5
2026-06-24 03:00,Reuters,reuters.com,Abbisko Therapeutics enters potential $1.9 billion R&D deal with Eli Lilly,https://news.google.com/rss/articles/CBMi2wFBVV95cUxNWGpRUVJraGx5RC0wMDBEOWptYnZWQ1BOQkNHVzhfUE9oVkZ4dW9BZDc3QS1uS1N1MF9uZFNud2cyZFdTNG5DR2FVVVhFSXhUSThvWlpoZHd3T2dHcEZrdzBLRUV5dk00bk9VbUVaQm9xSDFzZl9PZ2RJV1RRdGZRcjNJTURldmtraktNWWk2U01jSFdjUjVDNV9XRmYtbjI3SmJLQkQ5amF4ZmVnaUpYcWZOVm1uNEhkb2duQ3VFRmx1OGpLODlHTDNzbThiaWdWMnpHelduNENMSjA?oc=5
2026-06-24 03:00,STAT,statnews.com,Eli Lilly dives into hair loss treatments with investment in AI startup Absci | STAT,https://news.google.com/rss/articles/CBMifkFVX3lxTE8tX29TTTQ5X1E1ZDExSVpHLTFuMGtaV1o5NXlod0d6Zk5QNjZFN2U4Z3JJYnJvWVpuZnFnT1loTUVnV3lZTHBGdFZFTFhHSGZWOXdQUF83Wm9TVUFjWjk4LWZiRzBKUWZJSmVwMU5OQi1Tc2xra0RMc3V2NzJhQQ?oc=5
2026-06-24 03:00,Seeking Alpha,seekingalpha.com,"Absci: Eli Lilly Backs Alopecia Data With Funding, But Risks Remain (NASDAQ:ABSI)",https://news.google.com/rss/articles/CBMiqgFBVV95cUxPbmI4QmpwNTQ3cHJpcHhWRExqbW5xS2hISnI0ZEFNMGhaOXlPd0FDUXRGTXQ5NWVGSnNDWE90SVJRRjJFT2YweXAtLU0tbWV0ZllKN3BRd21uWEs1amdYRXZaZzRfRkJra3dYeXZLbmpKRV9fZmtqV3VoOFZFMms4X2Jqc1JJcEQ4RERqei1RM3ZrdnZ5NDM1NkVKeGNJZUZXcDAxaWxsUmZidw?oc=5
2026-06-24 03:00,Yahoo Finance,ca.finance.yahoo.com,Abbisko Teams Up With Lilly In Latest U.S.-China Pharma Collaboration,https://news.google.com/rss/articles/CBMigwFBVV95cUxPWV9abzFYM1ltbzFSSHBQMVh0SEtpcjJjSGZjSXp5bloxMzdDc21qd1dCM29hV1diSVFMeU9RY1J2SGFyY21jMmJicml0dDNpQjJoWXpRcmwtSVIxRTh5dlVCN3JZMzFwOS1KdGNudjV1OERwcndqSGVWRG1XaF9wU2lPWQ?oc=5
2026-06-24 03:00,Yahoo Finance,finance.yahoo.com,LLY or PFE: Which Drugmaker Offers the Stronger Growth Story?,https://news.google.com/rss/articles/CBMimgFBVV95cUxQTFlFVUszcFh0cG1EYjBJa19FZkRqNU1oQ2w0aElsUkcwRkF6aVAtNW50czZZbDc5TEpsdnNGUUZVV3Q5NUs5eXplSC1wMnNYbWswUUoyVGpkdFdfRmZ3TWhiZENvR056cmJoTFJoalhRMHVxTUxqMWRZa1d5SXd1cGxfbDIzcUpIVjY3M2pFWnU3Z0Q5Q202dDF3?oc=5
2026-06-25 03:00,Benzinga,benzinga.com,"Nancy Pelosi Stock Tracker Flags Eli Lilly, Nokia After Trump Praise: ‘Keep An Eye On These Two’",https://news.google.com/rss/articles/CBMi4wFBVV95cUxQaS0zcXk1V3pkZWpXNUNCSWYzYndYVUl4dWQ4bEUyZ1dOWkNja0tMQ3RSRE11V01rRHI0UnRzaVVRbjgwc2hQZWRzc0xQRjY0c1lWcUJkdWJPeUY2eHljMVBoeXhsT3gwbGR1MFJDTjJMajhUbjNnR01NaDhpR2pJXzBpMWtPdG00V2hhRWttZ2FLZ1ZGTjlpQUtiQzRQMW1zd1NwOFhuR2N0M3hzbjZEZlcxOHd0SDB4ZWpTUUk0RUpyaGRoVnZQaVdhRVJIUWt2NEsyR1pXVlFWeWtsTzdKV2lMNA?oc=5
2026-06-25 03:00,Reuters,reuters.com,Hims' obesity drug business may get boost as employers drop coverage,https://news.google.com/rss/articles/CBMiuAFBVV95cUxOTDFjWlB1UXFrd0JCNWZPZmZDaWpHNVlLZDBFSDA2MXpNOFJUS1Bhdll3LU91QmpjdUFPd09UWURpQ0t4Y2duOUk3NkNrZi1MLUUwYzFzSDNRU1NZV1pSREhkS1p1bkptVy0zcTBNbjR0RnJZTzRGWm5ITkxKUXZsWHBjZ05aa2k4eXI3UHVfUWVwVW83NmxQc2RMMGdpb3FWMzVNVHhPOGpid3hmWlRiS1FhMUlobHlu?oc=5
2026-06-25 03:00,The Motley Fool,fool.com,"An Analyst Just Declared Eli Lilly the ""Clear Winner"" of an American Diabetes Association Conference Focused on Weight-Loss Drugs. Novo's Chief Scientist Disagrees. Who's Right?",https://news.google.com/rss/articles/CBMimAFBVV95cUxOb21mMUxBaC0yeEhSbGxZOUFKd2poSVJkLUs2Uy1LN2FMUWtTNHpVUE9obW5RSUlBeXNESDI5bVNfRnppY2I1X1lVRW1zc2tqcVpZUWdpNXhxLUVBVFU3T2lzX09YY3Y3NTN4b1NCdmtUblJUUFhuQTg4bURZaU83bno4aEh2b2QxZHBjblpIQ25fMmpBYmQ4Sw?oc=5
2026-06-25 03:00,The Motley Fool,fool.com,The Artificial Intelligence Opportunity Beyond Big Tech: 3 Healthcare Stocks to Watch,https://news.google.com/rss/articles/CBMimAFBVV95cUxPSXFXbTB1eklwZ1laLTZfODNfckZxRVZobEZMNGo4SElRSFBsZ0R1X0Exc0ZlbnhHTWVxY29uSC1adHJNLVNfZW5aaTlQSVk2NW1aRkdTcDZSR1JnQkhHUW1xdnZ0RUZvOE9CQnV5V09fTmRqNXZqWHU0M2ozT3JGcV81Tll1TjV2UDRRaWpQOVdkb0xNR1dhUA?oc=5
2026-06-26 03:00,CNBC,cnbc.com,"Stocks making the biggest moves midday: Moderna, ON Semiconductor, Rocket Lab, Eli Lilly, Sandisk & more",https://news.google.com/rss/articles/CBMingFBVV95cUxNdEM3b0tmTzFUYlctY2NpaEcxSFBidFlXN05NZGVwV25oR0w4QWt6REZ0enc0SS1DNERzOUtZNXBKOElRU1BLN29zSlB1QTVpTnRJYzk2dlQ0alhjNmJ4LXNFZ0Uza013RHRUYTFsb0JKb0twMXF5c19qX2JYdkdpeDFKOWZXTklUZmlTTmU3ZG1ENDVjS3dsRHNmdXJGUQ?oc=5
2026-06-26 03:00,Investing.com,uk.investing.com,Why is Eli Lilly stock surging today? By Investing.com,https://news.google.com/rss/articles/CBMingFBVV95cUxPVDFPQmVKVjRWY0E0RzIxZmdmcHpVSDRjXzUwQzJDam4tLV9zQXNfSXQzQmVzYVZDWGhNTjhpbWRLVEZ4N1B2bTdrNUt1U0RrX0JwQmRnSlBhZGpZbVNIZFlENXpPeXU3M3lRb29hcG1jemFCYTlFdHd6R2k4NWp1MkwxbWJFZHhsbl9xaGNrdGhZcjlpSGUzeDFrV0tZUQ?oc=5
2026-06-26 03:00,Investor's Business Daily,investors.com,"How To Handle 'Tale Of Two Markets' As Nasdaq Weakens; Eli Lilly, Snowflake, Sphere In Focus",https://news.google.com/rss/articles/CBMiiAFBVV95cUxNd21oSWRQUXZvYklUSElrZl9zRXBxTVpuVVBiX2YydnpoN01SZU9WYjNFR2EwX0ZLdDF3UFZITGlJQ2JSTENEbGtrVUxwSnRFbEJjMTVORmxWT1pHamtSUEJFLUF5ckJkMHpkZkc2TWtsWmV2X2JkWnAtcEZwVzg2WmMwTGJpaXZW?oc=5
2026-06-26 03:00,Investor's Business Daily,investors.com,"Lilly Hits Record High Amid Massive Profit Growth, Leads 28 Just Added To Best Stock Lists",https://news.google.com/rss/articles/CBMiuwFBVV95cUxPVldDUWg4NlZSSFhsQ21WUVB0NzRPVnJTTnRXeVRqUl9EUGlNWUJjUDJmbGxkSjdkeDFHdzZBT09EeXdWYTE2TXJZazRYQTZhcDdScDI2NUI1UUVNY1RiSXo3VUxGSFYtZ1FlZXVBT1F2NmpINUpQZS1vRlV1eTg3MjF1YWExVUdUY2tuNmRuN2pIYks5RkQ3b0FQMGQ1akwtTEl5ZlpuUkVUUkZNN3FtNmNtSllRc2sxTzI4?oc=5
2026-06-26 03:00,Seeking Alpha,seekingalpha.com,"Eli Lilly: Exceptional Pipeline, Less Attractive Entry Point (Rating Downgrade) (NYSE:LLY)",https://news.google.com/rss/articles/CBMitwFBVV95cUxOWXh3S3llNE1QVUxZNlZsN2F0U1VJRDB6dkdzME5lM1JSdXNYNGVhSVBLZDBpZUFxT1VSUk5zN21IRWppLS1uNE0xWHpiaGVOOGtuTWdiX0VDWGJSOWxmelNZc3Q1cXBJVkpxVzBMaldDcVJvVU5JYTZEdi1jWkFadjE0Sk1OaVdrb0Z4al9sVUh5RnhmenVwNHBkR0FGSjNCQjUtcUpicXFKMXBVSEhUVE1pcmREcTA?oc=5
2026-06-26 03:00,Seeking Alpha,seekingalpha.com,"Lilly, J&J, AbbVie hit all-time highs as healthcare outperforms",https://news.google.com/rss/articles/CBMigAFBVV95cUxObFhnSTRMSW1UVG1jVjh2c1BscGhkcHpiWGFkLUc4WEcta0xSOC15SjJfTjM1djVvOTBMTDUtX0d3MV8zYXdkTE9jS1hQdDJ5b2hXOEVDUFV3YU04QXc5cnBzbzhXM1RuZEhwOTJUVjJxa1ZmWjk1b01fWFhyTHY0Rg?oc=5
2026-06-26 03:00,The Motley Fool,fool.com,Better Buy in the Obesity Drug Race: Novo Nordisk or Eli Lilly?,https://news.google.com/rss/articles/CBMimAFBVV95cUxPSXN5Q2h6WmlpczMza3BxRzlNMW1IcUk1VzdxWTRqVlNCbmVTNVBwRTRMd2U4aHhzZ2RnVE5ZUEpVdVlCT042NDQ0dnNyMFBfRVBlaWI1Q3lNWjBGMzVkZF9Md0tiNlh4TWttaEFYbXB3Sm9lZ0xIWms4MHpLVE1tWDQzWXhNSkthSzg2YVNINXNmamkxWHFQNA?oc=5
2026-06-26 03:00,The Motley Fool,fool.com,Is Eli Lilly Stock an Undervalued Healthcare Stock to Buy?,https://news.google.com/rss/articles/CBMimAFBVV95cUxOZEJyanZjUkZaS1pEYnlTSXhJSkcxN0VqNDN0M1U1NmtHeTJSemJMLUNCSUFkRFJFMWpzUjV1eW5ISHZpSGhMSVV4VnBUSzZUYUdvVVNMWGszRjFFbHZDT2g5d0hCZGM3TWZtUmViNzQtMUtkZXFuRHhOZGk1UEtSQ2xLY0lZWVNIWVdrMFQxSzEwWDBfWm1HMg?oc=5
2026-06-26 03:00,The Motley Fool,fool.com,Why Eli Lilly Stock Jumped to a New All-Time High Today,https://news.google.com/rss/articles/CBMilwFBVV95cUxQMnVNNmdTTWRhbVJGT09FMzhBaEx2aE16Y0ltTDY2SUcwRTg2amNfR2xwQTN6RWFkWkNoMmI0b1VWcGhSTDlBSVRxTHRqU1B0eTZvUXdFbjd3YndwcG5DVjJDbEFZamIzRG9vYnJQaVRrSWIyZExSVFZIR1FKeGtlb0pQM1V4b21sZk9sUVFjelI5VExBRzZF?oc=5
2026-06-26 03:00,Yahoo Finance,finance.yahoo.com,Trump name-dropped Nokia and Eli Lilly in a Pennsylvania speech. Here's what happened to 5 other stocks he singled out,https://news.google.com/rss/articles/CBMimAFBVV95cUxPcnVEdDl1MlM0cmc0YWd6ZFRSQ0kwQW5UaVkxWUMzMkNNM1dLU1A5MnNGempTeV9hMEpLd2N6WHlfNjYzYUlXRnlyMlJ1RUd5bU52Yks5V3lTLWdvZ1dQbm5NRXg3MjJ2bkJCOWMwcU1HRWp0ZFZZOFdfMjRkaVRzTU81VXBxdEFXbFhKa1o0emVhanRPVUtDaQ?oc=5
2026-06-26 03:00,Yahoo Finance,finance.yahoo.com,Why Is Eli Lilly (LLY) Stock Soaring Today,https://news.google.com/rss/articles/CBMijAFBVV95cUxPWEFSdmxTaXgxejNjdFFwZkdoZkFFWlp0T0FSNnVHWFhHN1hTdnRLZEJzbzJNMi1kSXRRUDhOMzJmMHdfeGttWXRnQ1RUUUZDSnhtV0lKRU1TZTZCUUVGTy1lN2hCZnNkellGUklqVDVhZFlsODFqVGxhbTJBcDJNZXFPSXdYRm5QRkZQbg?oc=5
2026-06-27 03:00,Investor's Business Daily,investors.com,Eli Lilly Leads 5 Stocks Near Buy Points As The Market Rally Rotates,https://news.google.com/rss/articles/CBMigwFBVV95cUxQVHhIQmtMM29iNmNXaVdEWHlZRW5mcVNKT3F5UFFKRVRFLVYzbnB4d0RtZm9DTFlGVU1kOEpreTZEejBiLThHbkxLQk5IVmR4U2RyWm81Vnc0OXpkdzRMZC1oLV9zZkV5amtleGVZbU9nX0FRNFhVX3FNbl9sRDliQlliYw?oc=5
2026-06-27 03:00,Yahoo Finance,finance.yahoo.com,Here’s What the Street Thinks About Eli Lilly and Company (LLY),https://news.google.com/rss/articles/CBMinAFBVV95cUxQNV9uUTFHaE5kNEc3M0xFb0FPQzZUak1SblRWNVl1NURuQmpUdUNxaVl1UVQtRm8tVldHRm5Bb0JMTExRODR0bnA4b1pqRFE1RUgwR0QzaFhoY1R3V2MwX1VaWl9xb051X2F5NHFLeUlhMG5LSHdBZVN2WkV6OFlEb3R0NWZjOGVZeE1wVDVJZEN3VlFYc3BzRGlxalg?oc=5
2026-06-28 03:00,Seeking Alpha,seekingalpha.com,Why Eli Lilly Gained 7% On Friday (NYSE:LLY),https://news.google.com/rss/articles/CBMiiAFBVV95cUxNVDFDXzN2WUpMRDFoYmIySXgzYVlLcUttcHpuUXJYMjFnYmRtamhFcHFTMHFVYm42OVlhMlNjeVlUQW9FTEF0eUdjQWNqVHg3ZDFLRzBfSThhNWxteVFlcWhLNTh3dXNpUXh6V09pRWZpczVyNzU2SG8wRVB2SDdmcWJ6NEJDdkk2?oc=5
2026-06-28 03:00,Yahoo Finance,finance.yahoo.com,Is Eli Lilly and Company (LLY) Among the Best AI-Powered Healthcare Stocks to Buy According to Hedge Funds?,https://news.google.com/rss/articles/CBMikgFBVV95cUxOLXVHa1Zscm9xcmQ1Q3p0RV83eWhrMVZ3QXdPVjEtY2ZES2cwT0tCdnpfZ0pLTWwwY2MyVVVvZDNBSkxVYmJrRFh3Y0prT1VQVU90akpLc0dtVThkSlNxU3ZWVGJzYThidFlza3lvUFZkRUFCTm1GMk8yNG1XdlBsS252Z05uTkxLN3d1NFhpZlJWUQ?oc=5
2026-06-29 03:00,CNBC,cnbc.com,"Eli Lilly, Regeneron among first companies selected for FDA initiative to speed review of new manufacturing facilities",https://news.google.com/rss/articles/CBMimgFBVV95cUxQVDhYOGZPSGdVZUEySGNlMW9xekNweVpFdzY4dm9lblFBbHRtWkRvRGZiRzVsT2N1ams3bEF0WEgzRTVucEFqcS1JVGJOZW5jWVFucGJEcXFfSnNZc29xQ0hOM1oyQ1o3WERYSlJtLWhINi0xdkJDbjYtNHZldTNNaHFaUDRLWWwyQy1FRTNSVy1mQnNaako2dTdB0gGfAUFVX3lxTE9BdVp0LW9vS3IyeTlIQWRmN1owblN2RUpKSFRxR01vVlk3SWM0WEJyZzc5RmRMak12RmZjZkw1UGZmaGpoa1h3bXllY21Nb0hpeUFTaW9BdHdwT2pvQmQyUnVZcUlRbXFQNEdMdTB0Q052SEpMSVlaaDJKMHpNM0ZiQjM3OUtJcFJYaWhfWHJJWmtnZjFHRF94SUtLU0tQSQ?oc=5
2026-06-29 03:00,Investor's Business Daily,investors.com,"Dow Jones Futures Rise On U.S.-Iran News, S&P 500 To Reclaim Key Level; Tesla, Jobs Report Loom.",https://news.google.com/rss/articles/CBMitAFBVV95cUxNWDNMaFJMX3hmdWRlMm9TaDBuSlRRa2hrUER5bC1EbnRuUkR3cTByR1h3TDlndDhfcUFETW5CZUlXaFVta09fZ3lheDJMNkJjdHV0cHlITG1Pb05jV1FYZV9vajUyYlRQRmlpb1MyUVRUVkJscjdKVjV6eGpXelV3WWR2X2RuNW9NZFFBNGxVeTAtSEJud0ktTlhnQnZYdURZeUdLQk1lZ2Y2MDVTQ0RFaHVlTVQ?oc=5
2026-06-29 03:00,The Motley Fool,fool.com,2 Top Growth Stocks to Buy Right Now Without Hesitation,https://news.google.com/rss/articles/CBMiigFBVV95cUxQWTVCWUxwNjdzVUJ5eEdWWkFoRmZQb2IteGRsa0NnX05oXzVWdVktWE9Gc1J0d0tGQ0ZWRkZYWGJxa0FWb3g0OXBucnFCb0dCN2l0YVUxaFVOY0ZUb0ZzQXJwNmFEMUdQcnRJZEtlbnk4QTNOazI1Zk5Fb095MEd6UDVrdll3akhraWc?oc=5
2026-06-29 03:00,Yahoo Finance,finance.yahoo.com,Eli Lilly (LLY) Outpaces Stock Market Gains: What You Should Know,https://news.google.com/rss/articles/CBMimAFBVV95cUxPRXpfTHZmX1J1RUJ2STR3T1pzS0hlTWtmNFl3a1o1UWZ3WDJESDJXam1RVDBWSEptSkhlVUM0eDRZS0d2YnlZOHYzYUdleGtIMWY5dldyb1RpYWZMMkszXzlMbjVvUHdCdWZzZElOWURDcWhVcFpBelltUlM3ZzhMQXdoTURuZEVvcEdiLTA5MHEwX2NxN2FMWQ?oc=5
2026-06-29 03:00,Yahoo Finance,finance.yahoo.com,"Eli Lilly and Company (LLY) Up More Than 6% Over the Past Month, Can it Move Higher?",https://news.google.com/rss/articles/CBMilgFBVV95cUxQZTdlMXVVa25CSGJycEZUN1RBWG1mSzVYXzBZWGt6ODI1dTN5YzlaelQ2TnpnUExZUlYyRV80UFE1Q19pczd0V0t5R2s5d0ZjeFVzdjhObzRKa1l5eEphYzQwaXY5aDlfenI5UUdSNGs5YWVEYkNXaWQ4UzQwTHlKcHJ4a0pfWG1qZVhKUldSQXlhaF9ENmc?oc=5
2026-06-29 03:00,Yahoo Finance,finance.yahoo.com,Here's How Much a $1000 Investment in Eli Lilly Made 10 Years Ago Would Be Worth Today,https://news.google.com/rss/articles/CBMimwFBVV95cUxPc1dNRU9aVEI0S1hEdUdGdEVYd0NHaHdmd3hQT0d0ams0ZWp0WTg5NXZ6WXJKZkFNcExmUEFiZXJGV0xCLUFXc1FaMU9LUTY1Zm5ZbzJtamFQWmdsaGYwbmdFU1RBWWY4SWZkekl0M2gzNmkzREVFUHlnTmh1bEJsdlc4VVJqc21YdjVtLUc3MFJXNlctb0NCcHBQcw?oc=5
2026-06-29 03:00,Yahoo Finance,finance.yahoo.com,Lilly (LLY) Moves 7.1% Higher: Will This Strength Last?,https://news.google.com/rss/articles/CBMijAFBVV95cUxPS3BnVnI1dmpRVjVRX0tybU5UemYycmZuQTBvaldJeC1leDlIRC14ZnFSVThjMWxrOFBCNGVVM282cXNTcTh6RE5sc0U4VnVjZFZyWUlNeF9pdmZxRnB3OTZOVFEwT1lsUU1GcVl3TjRwOGZhMkNaM2F4NndWTVBnQ014WkRGbUhTbmhYUA?oc=5
2026-06-30 03:00,Seeking Alpha,seekingalpha.com,Forget Weight Loss: Eli Lilly's Real Upside Is As An AI Compounder (NYSE:LLY),https://news.google.com/rss/articles/CBMisAFBVV95cUxNemlvT1oyNk5pYkZOaGIxMnFST2VPYmVhZXhfSUJBUkxQbjhHZklRRU9XWWpwcDMyZWNCUzN2MlY2LWJVMl9fZWNRbXJ1SmxrV09mQU5JV2RmNzg4eml3MWN2OEdxS0U2OUpqSkVSbGtrd2g0M3o5WURHMWRvb1cyS2F6dXU5a3JyZUtjc0tnOUZFbGw4NV9weTYtNHhNdWV5c2xadFFkaXg4cnZDUjNtaQ?oc=5
2026-06-30 03:00,The Motley Fool,fool.com,5 Reasons Eli Lilly Is a Better Stock to Buy Right Now Than SpaceX,https://news.google.com/rss/articles/CBMimAFBVV95cUxQT25jb1hvYlczRk04Q05TWW9ubmJ5OS14YmUxaFY0ZG1pcGZIUWNYTmRPTUVZM1BRQkxHN2JSNTltUGhGNFpZUU53MzlTZzZ0UE8yZ2dJMUpFTUdXTG9PZlJ3U2hSWkVqd2Y5YTBQREJEaEtzRTJidHVIT09makZXV2hhRzY2ZnpZVF9hV0tsdVR2Z2xTTzMwTw?oc=5
2026-06-30 03:00,Yahoo Finance,finance.yahoo.com,"Eli Lilly Is Dominating the GLP-1 Market: Here's What a $5,000 Investment Could Look Like in 5 Years",https://news.google.com/rss/articles/CBMikAFBVV95cUxORTJnbklaaG1rY29wVzRfeDQ0N3hfUmFOajl1NG5hdlR5M0RlcDV4ZTNzX0l5WHVHMXpjNldVM0RYVE9MV3hKSU9uRENXTE1WYjBDNXdmN1dYenJlODNsSV9XRW5TV3RwM09LaUsyenJiV3RSYlcyc29pSzYzamxxOUFuTk9NN0lUZlJ3MEJKbVA?oc=5
2026-07-01 03:00,Fortune,fortune.com,Eli Lilly just placed a $40 million bet on the next injectable boom,https://news.google.com/rss/articles/CBMingFBVV95cUxOOENqcDJoVjNKTFZtSTlydGQyNWxnNlFuelhmYlZLdF8wNExackNWVTB5OUlIMF9hbmJpSGN4eDlLbms4SHZRaWNpQ2tWUVRxcDk5YWtyYmxNUFNOODYwZjRMVU9kdFBNZ3BLV2pjWFN6T2dmQlgxbk1QS1Z1WENqeXBOeWxpYkZ6Yml1eE96ZzB0NUljOVBjVUhGQWJ4dw?oc=5
2026-07-01 03:00,Yahoo Finance,finance.yahoo.com,Eli Lilly (LLY) Among Major Drugmakers Facing U.S. Congressional Review on China Trials,https://news.google.com/rss/articles/CBMijwFBVV95cUxQTFVZV25lekVLWi1vRy1zMjQxTlBUZVI3SDdrSFNfZVJ0YTd0d3QzSzNGN2d2Skpjb0VheTBkWFlBdzVabHh2djJFTWhBRjZRNmlIUHNndDJDWThiY0NadUFKY1ZNOGV3Y1BicmpJYlZDSEF0WFlsWE9lLXFyZTE3ZERfSnhhMmdFMUF2cUtuYw?oc=5
2026-07-01 03:00,Yahoo Finance,finance.yahoo.com,Eli Lilly Price Prediction: The Case for Double-Digit Upside,https://news.google.com/rss/articles/CBMilwFBVV95cUxQX0t4Y3JtMTdjRDQyOWJXWXB6RVFJcjRKcUNxQkEwQmdqaHJUMG9uQU5HS1hjTTJ2REtRcFZ4MndEV2dJMTZ0WEd1QlZhWU5NVEsxLTJpZTBBcy1IaU9UcWdlMWU5dXFabUxNTEUxT012VFdYWWpnVTRXTXVKQXVmejA4SC15V3phS2M5Tjd1ZDdxS0xYNmxV?oc=5
2026-07-01 03:00,Yahoo Finance,finance.yahoo.com,Is Eli Lilly (LLY) One of Billionaire Cliff Asness’ Best Healthcare Stock Picks ?,https://news.google.com/rss/articles/CBMilAFBVV95cUxOWFA4V3dJendjeGZXTWJxaGtPTS1DWFZLM0RXLVN3bUhrUHM1dkQ4aDdJbzRYbk9ZY1E1bWtrWXA2Umg5SkVHY01sa2tfTHpYTTJaWmtkSkFyUW16dnBta2l5N3czeFVrbkdTb3hOUGhZbXpXTFd3VVhmS25QREJmazd6LW5WSlVUMVhsZDFLUVJkbHds?oc=5
2026-07-02 03:00,Yahoo Finance,finance.yahoo.com,"Lilly Up Around 7% in a Week: Should You Buy, Sell or Hold the Stock?",https://news.google.com/rss/articles/CBMijAFBVV95cUxPcnFIRnc3YllJWVZkMFl4U3haX1JpSWM3Vy1fcFVVYXlxM2NMMklyNXc1VXBJSVk4LVNGek5rMTZ3UVRLa0FnQktWZXZqMW8tcmZ3NW1JRzZhLURXLVcyM2tiaWtSUjM3SmFXTHlnckFMU1BNS0x4SXZXNXRjZnh1dHRJZmozZzEwcFN2bg?oc=5
2026-07-03 03:00,The Motley Fool,fool.com,Johnson & Johnson Is Walking Away From a $100 Billion Obesity Market. Could That Actually Make It the Better Long-Term Buy Than Eli Lilly?,https://news.google.com/rss/articles/CBMimAFBVV95cUxQeFh5MVl1VUtzT0poSTNQYkRPV2QwUjVzbVQ4c0FiN21fNmVkVW9oV0dLaUN6WHZLeVlGallRdGM1SE5iOU00VmVMQjRjeHF4Ujl2WGhGVThXZVhhT2JQdllKa3cwTEdrQ0RoNlFHbzNnTXo5TkNTbmFBZXhvYWdXVDJnRnFLTU5HSU1YNWRPeGVFeUlGSDRLMg?oc=5
2026-07-04 03:00,Yahoo Finance,finance.yahoo.com,Eli Lilly (LLY) Stock May Trade At A Cash Flow Discount But An Earnings Premium,https://news.google.com/rss/articles/CBMikgFBVV95cUxPNHU2OW5OSjF3UmRPNmNqcGg0Tm1LQmMzTDVkTFY0SGNsUDZKQ1FsUDFuaWZESFNSMlNMSHJxT0JhUkNGR3dfOFlKT3hEeDFsUHdfZnJsQXU4Y05VSmNGZWVUZkVJcXExZEcwVlh3MlhyTENlT2dwNUxDaDhtdV9ScXEtaHlFcFFobDZOOEpGVjU0QQ?oc=5
2026-07-05 03:00,The Motley Fool,fool.com,IHE vs. PJP: Which Pharmaceutical ETF Is the Better Buy for Investors?,https://news.google.com/rss/articles/CBMitAFBVV95cUxNSVk4Q1lHRHh2RmFJSHhPRDFmWGtkamVnQ1BIZkI5anp5NWtTb0JUMmIyX1llSXZraTV3N1NUYUJVYkJhN1U5cDZrU2hIOC1SQWhUNHhCc0tKVzk2RGlIOTlwMmpINERwUVVJcWNCSl93d3IyWDNNdUxySEViVWoxVzlObDZCR1VmWHpZRVVXOVYyZHpxbllHX0VxRDZqTV9fWjQxNU0zeXhTVkZocVNGSXc1NHI?oc=5
2026-07-06 03:00,Investing.com,investing.com,Cantor Fitzgerald raises Eli Lilly stock price target on strong outlook,https://news.google.com/rss/articles/CBMiywFBVV95cUxOeG50Zmllcjl6N1g3b3lUUlhwZTJKWDdYN1hDeE9RV19HVDRTRE80M01PWnRQSkw0dmM1dmY1LTlaYnhjeHVMSlduQnpTVE5KbDd3SThRb1UtSWMxWFNGSncwMnlPYnlaZnpBX0ZYTlZzVzBjMFpiLU9Jd1p3Z1VMUFFEN3VORC1iN0ZJNGRjU2FIb3VGLXE0cUlmNGg2NzFTTnhmVmx2U2Y1bXNCTzZybnJ5VEtyYktoeWdsYXY0Z1Y3anVkdGVmRE9hMA?oc=5
2026-07-06 03:00,Investor's Business Daily,investors.com,"Lilly, This IPO Leader Among Stocks To Watch In A Mischievous Market",https://news.google.com/rss/articles/CBMixgFBVV95cUxNWmtfMXpzSnlvaTlEVDNIemJIMnZ4NlAxMktTeXBhUHNnSWVUNnU0Zi15VGVUeVRRTGxCMDRBbXQ2WjFSS09mX2h5cVhTRHctSGRTeVJPc2lkcFZCSG9CMGhpZV8teU0yUWlwaTN6SDJEQjRJQXVIMlZ1Z0ZVbzRUZ0dGYzhtY0pkMU9aRDVlNk1GUmFaNC1tVmozY3ZCc3UtY3B4NVZzOWE0MHNNUng0bmwyOEVCZmlEQnduTlpRVmxJQkZxUFE?oc=5
2026-07-06 03:00,The Motley Fool,fool.com,Could Buying Eli Lilly Stock Today Set You Up for Life? (Hint: Yes.),https://news.google.com/rss/articles/CBMilwFBVV95cUxOVjhndHFRczlWLTkyZlJ1TURVbzBmWGVNWWlTZUpVWThidVpNX2hXTUJuUGZNQUotX0dBb0pVMGcxYzRWbEtBcTlES3QtMEpSMGtrdkRHaU1BYnNoSDBYOHhhUmpHQVlJdE5TcHQtcE05eGRGY09jT0dNUXZJZkhzOHNfN0VUTUYxazhmMFExcklTSHduYmlF?oc=5
2026-07-06 03:00,The Motley Fool,fool.com,Eli Lilly and vs. Teva: Which Pharmaceutical Stock Is a Better Buy in 2026?,https://news.google.com/rss/articles/CBMi4AFBVV95cUxQNngtZm5ORmd6b19hbVpHVl9ZeWRUVVJDbXhKel9vdURwN3pHZDFQdWJveVBjSlFCVmU0QTVwSGQtYUJ0WXoyZ0Z5TUZZdEhKNGMtZ1lFY2ZZV3hmdzU5Z0tPdmVlbFdKeUxXaldRaGZ0TjBaTDhDcW1nclFyYkZzcWxDckI0MmFlV2x3RWVhVld3aEVqc2g2UTlFSXhfbmQ1eUpIUUUzYWY0aUtHUUFEMnRoU3lQOU53bmd5WlBBTmpzejJBdFphdkktdl9xUjNQODRoZkFEa1U0Zk9ZLUItcQ?oc=5
2026-07-06 03:00,Yahoo Finance,finance.yahoo.com,Eli Lilly (LLY) Expands R And D Reach With Abbisko And China Drug Handover,https://news.google.com/rss/articles/CBMijAFBVV95cUxPS213WU5xZkJMUUFJNWs0cS1EMkVpSlVEWlNlWGg2MXE0UXZSWGQ3YXo4b3IxRklLOHptN3NjaVBISHBMVGdxbk9yYXFzN0ctLXJPb092U3I1cXBOVXJmWXk4dGtaWThoX0RxdlJrNnEwdnozbkFkT1lQSGJMMkxnOUczZGpMOVhMb0pkZg?oc=5
2026-07-06 03:00,Yahoo Finance,finance.yahoo.com,Eli Lilly (LLY) Stock Slides as Market Rises: Facts to Know Before You Trade,https://news.google.com/rss/articles/CBMilgFBVV95cUxQUlpxVUJfa292clBSdExvN25Wa241WjA4cGxxWUlVWUdhMHROdkhNRndNbEYzMFJXYnpLbER2NGpJNE5pMFRfUzNydFpsRWVrdFo1YVU3OXlNbHNUdUVSWm9NWHRwbmN5WGh3MHFBak9UdUZCdzdyRGZQeEJkbU9MYmdqZkNESnpkVnAtSWJtaEctdl93TGc?oc=5
2026-07-06 03:00,Yahoo Finance,finance.yahoo.com,Eli Lilly and Company (LLY) Fell on Regulatory And Pricing Policy Challenges,https://news.google.com/rss/articles/CBMikAFBVV95cUxQaUxVc1VXSl9oUFhHZUljRlJ3RzRpWjg5c1dqa01MMWpfS3hra3VDcmZlRkFOWVMydFNzZ2dFT2IycjRjOFNQdTYwM2E1LUJNWXd1OFhuNDlSSlhlWjVTY3NHZjBOei1ERWR5N2xwM3NRaEJIQ0FfajlOOHhFS0VJdnpXd1FUbHd2SEVTa3NGaUE?oc=5
2026-07-06 03:00,Yahoo Finance,finance.yahoo.com,Investors Heavily Search Eli Lilly and Company (LLY): Here is What You Need to Know,https://news.google.com/rss/articles/CBMioAFBVV95cUxOMjRTTXZhbnNvMWF4V0k5ejJ4YXE2SUZnQVB6SV82WWlFTW96YTVWVVl5eWdDZjZiNi1LSFBsc0U3alUwR3k1ek95eFpjUFNJMjdfVzFrQWFFYVBPMzY3dXhMWWI4RnBjYmtqTzJWSm1lbFRBclpBOF9ZWWZjZnd2dDdER1lpZjE2dDVtanBQRVRDRk5fVWRjYjhpYUwzVFkt?oc=5
2026-07-06 03:00,Yahoo Finance,finance.yahoo.com,"Top Stock Reports for Eli Lilly, HSBC & Palantir",https://news.google.com/rss/articles/CBMilwFBVV95cUxQVTktM3R2QzlfUFBJM09WbnZlTGF6VUQzUFpYalpWcDJTVW1yTDBKS3hnd3haUzl2RUJwTmJDcEROaU9ZeE12dHM5QlFfeTVPV3NmMHFiYkdVc2V0N1o1TGZYQ21nNnpPUEFTT1ltS0pQdUZnN2l1VlJhRTdCcmRNcWd1YjJvd05Xd1ZsYllSYkgwQXBPVS1v?oc=5
2026-07-06 03:00,Yahoo Finance,finance.yahoo.com,What Eli Lilly Stock Said When It Had Too Much Business,https://news.google.com/rss/articles/CBMikwFBVV95cUxPbE9sUEE3b2hoRWxoVk9XSm9wZ0s1YUVsVl9uZzZVQ1pkR0xmTlF3RmJXZkNEeGZiTVNiLUpKcEdGeHpFUmRLX1E2dUdxNVdnV3JraC1RUUNJbnlCQi0taUh6alBOOV9sdmZqcDlHUlJTbG9STVRkcVE0czE5WDdvSzVOeV84T01keXFGX2xDSklLUG8?oc=5
2026-07-07 03:00,CNBC,cnbc.com,Eli Lilly hits 52-week high,https://news.google.com/rss/articles/CBMiekFVX3lxTE9NRVZYYVk4NFpReW9MQ0VRMWJZUFYwWWZDVUZNSDRNTUJnVkp5Y3hQZ0d4aHRvdm5zaUtJLWgzd0lfdmhvQjhmWFhSa3RfdHpITS1NcHZKZGh2b1hMOTYwcmx6V2pQYUxBdndkbVhHTTlzcDZudG5oVkpn?oc=5
2026-07-07 03:00,Investing.com,investing.com,Eli Lilly stock hits all-time high at 1238.06 USD,https://news.google.com/rss/articles/CBMipwFBVV95cUxQVHUtdHZfd3RSVlNDMVc1b04wUUlZZlpVc0doSUMwUFFCYTRBNHMzb21DRmJ6el9LaGhSUld0SEUxRnFxOWFhYkRKMVQ2NHJoVW5SVk85Q2VaVlBBek1RcDN6ZVhZNjlLRDJrWURTbE9PSEZfNzNEdTZ3WHh4eUxqeXk2MlZtUnVmaERaOV95bkVYcWlZVEZUTG5KUUxrUllLUVhqRnJMYw?oc=5
2026-07-07 03:00,Investor's Business Daily,investors.com,"Eli Lilly's Market Cap Balloons, Again, On This IPO's Setback",https://news.google.com/rss/articles/CBMiogFBVV95cUxNR2Z3NFN1cmhGaDhYMHAxb1VUMEdCbDFzWTluYkE3bml6SjVmTHdiaXpVeWdxc2ZhRlBoZGlrS01tOHVkM0RnTmVlUjhmTTcwOU1vZ0dNQXhJdUxOSmptczJfSGlsbmVSOHY1bW1UM0xTU3JVakZnVVhMeW5EWEVmQlk1bnJKTDZQU1AwdU1FenZON0t4bkJlb2wyc1lYQnZLY0E?oc=5
2026-07-07 03:00,Reuters,reuters.com,Race to launch weight-loss pills heats up as smaller players advance,https://news.google.com/rss/articles/CBMi0AFBVV95cUxPdm56OHlqYzRQalVfX0U1TG9fR0N6OGxkVHY3cnlWUVRrcnlCajNQZUZkVnVSVE1XeGo4Q3p6YUFRYW1ib28weC04dnRHajlZUXZzVkJOQnNhZV94dG1IVHRHT0hqZVg1N3dlVHRRRVNVNWtRdG03b1BMRjU2Mkc1MEZKWGs1VGFjRFZOUUdRUjBCX1RHSzRHRHF0NVBNV1ZDekV5QnhoU25MSEdibC1MRFltSUJEajI0Ql92a1d4bDluWWtDRFozNDlhY0JlWFp3?oc=5
2026-07-07 03:00,The Motley Fool,fool.com,Eli Lilly Stock Hits a New All-Time High: Has It Gotten Too Expensive to Buy?,https://news.google.com/rss/articles/CBMimAFBVV95cUxOMmUzV0RKNklsUlI5UVA3WDBLWUthWC1fcWl0bzlERlFvNHVsSGhqbVJrWkpQZVk2TzVHWWppUkJsU0pIRjFaVkNONTEtTm9oYnFLWXVqZndCTkRyb3NmZnY5UE9XaDVVUURuOXg2eFczZE45MlA5ZHJzN2NNNFJITE9iUzhKS1hsdE5BM2E2V3VuMDRkUVRCMQ?oc=5
2026-07-07 03:00,The Motley Fool,fool.com,Eli Lilly and Novo Nordisk Are Fine -- but These 2 Stocks Could Be an Even Better Way to Invest in the GLP-1 Boom,https://news.google.com/rss/articles/CBMimAFBVV95cUxQTFB6cUc1TWQzWE5YSU10WjJpSjhKU3p5ZFlwT2pNVml6ZlluVUlQd3ZGNEVYUWRzZzZPNmZoRUtoY0x5MGhBUlJta0J5X180TUNsWVpWTk9JSW8tSXYyNlhvX2piN1gwdDBxTklQb0VnQlN3X3lRMzFXcjB0aWVQVjgtTTE2UDdlbWd1S2JidTB0Ukd1X2dweQ?oc=5
2026-07-07 03:00,The Motley Fool,fool.com,"Is It Too Late to Buy Eli Lilly Stock? Here's What $1,000 Invested Today Could Be Worth in 10 Years.",https://news.google.com/rss/articles/CBMimAFBVV95cUxPYnJrcjE3ZGVBOHRKRUZjaVF0R3ktRW9wNVV3YlZEc1FfX0E2XzRlTU10bEozVzE1MEthN3dfUnY2SlpSelVqanhuQmxZM2s1RXZGRXN0c0xlQWt4VnA5NkR3NS1ndXI5amQyVXpZdVl1R3NGd1VHZ242cE1US0RRNEdWWWE4RUpBa1ZMMHFlN0RrV05fSmo0aQ?oc=5
2026-07-07 03:00,The Motley Fool,fool.com,U.S. Healthcare Spending Just Hit $5.7 Trillion and Continues to Grow: 2 Stocks to Buy to Profit From the Trend,https://news.google.com/rss/articles/CBMimAFBVV95cUxOTUZCX2oyQXJndUtsekpRdnNhWGswZV9ZZjh1SlN0a0FhSnRsakZNN2huNmItWGZUdERlRHJFQTRIT0Vob29HZV94MWoyRWFiZUJfUzJHSzNKTm1tU2p1Q0ptamt0dXZMcGQ1dWplcnhWWFpTMFJPODc2bW81aXRmUzRscHZLdEFNZDNQRFNVZWtoYWE2MHRLeQ?oc=5
2026-07-07 03:00,The Motley Fool,fool.com,Why Eli Lilly Stock Climbed to a Record High Today,https://news.google.com/rss/articles/CBMimAFBVV95cUxNUXJ3YmowRnZKWkZZSHBmdVFydFJpT0NQSDhINEZiWlF0R19OLWJxLVF4QjFlVGtfUmRpYVdyQUpTRlM4NXBxZW5sbXp4RHRTNVVlYXZZS2lzMjROY3FnV2JRSjI3NlhKeHJsbHE0YjdmWDRYcmdVblpBU25mMkdHZ1RoVDdwX2RoRUtaSEpKMlRnM296UFNVMw?oc=5
2026-07-07 03:00,Yahoo Finance,finance.yahoo.com,AbbVie vs Eli Lilly: 1 Is Clearly the Better Dividend Stock to Buy and Hold for the Next 10 Years,https://news.google.com/rss/articles/CBMiigFBVV95cUxNeU83WlNyUldPMVNLc0huV0xfcjdvYkVZdGh4VzdCY1VYOVhKQ3NXMm9UN25TRUdudy1jVEVqcTg2Z3hqRk1zc0hqOTg0b1JiZmhmOXNrNnFnZFRQMVUxaXNRazZ4d3N5YlFvYjJYMzZ4TTcyRDJUOVJ3UDVkQ0pDem8zT2lIZ3ViRGc?oc=5
2026-07-07 03:00,Yahoo Finance,finance.yahoo.com,Eli Lilly (LLY) After The China Verzenios Shift And The Valuation Debate,https://news.google.com/rss/articles/CBMimgFBVV95cUxOUkZneE5mYWtSWXRrd2kzYXBUc20tMzBpWTg0MUExT0tKZmJiUGh3ZU82bWdPdklTZGZQc0ZtenRHQjFaazFmR085cVRWWV9IWEtqMlZuQjdGd2JaZ3ozLVZCdDRRYkV5VkxPSjR6dFpyS3RLdUFMckVxZTMxR3NBQlNWZElCWnJNWFM3d3ppeEh4TDMxQm1DRDFn?oc=5
2026-07-07 03:00,Yahoo Finance,finance.yahoo.com,"The Zacks Analyst Blog Highlights Eli Lilly, HSBC, Palantir and CBL & Associates",https://news.google.com/rss/articles/CBMinwFBVV95cUxPOURiWkNsaFRKNkRVTlRqdE53X2FZYnNnaWNvVW91RWlBdHZTVkt5N1hlbWNpU2tuNEhGa1NoVkQ2VFZNV2dPSXNpWG5lRERfWnU5SWplSVAtaE5NSEc0eUlURVNFLVp5a1BfYWFkOC1tZDNxdjRSRmdhdWxRQUNDZFNKcW5ZSG1hQ1pscC1pR2JGNmlKelI2dXNTdE0wLWs?oc=5
2026-07-08 03:00,TheStreet,thestreet.com,JPMorgan resets LLY stock target on drug demand,https://news.google.com/rss/articles/CBMilwFBVV95cUxPWktmLUFxZTBYYWkya3Y4QzcwMHZlODhfbUJhWjIyT19TTmd2YUE0Y0h4WGpWeVBUeFhicEJPSGZSZXBSSklQWE1yNFhBdlh0dWdrSGx5VlR6ZWVXX2FERTluQnQ5enNNTXRmT2Z3S25FaUZaLVB5eDR5SkxkZ3hWNDZaYlliek5lTFozMWsyQWhkVXBacVNB?oc=5
2026-07-08 03:00,Yahoo Finance,finance.yahoo.com,Is It Too Late to Buy Eli Lilly?,https://news.google.com/rss/articles/CBMiigFBVV95cUxPOTBHdzQ3MUFtQmhwMF9waUtjeFZ4WGdJZi1KOWR3SFRRQl90SWZyMm9tVF9EdzBCV3g3QXdpUWU3SXFWUWgxc1hlUFcxME5Ta0VaRlowNE1ZcEM5M2JhWEd5MUVyeC1yeVo3bXRZek5objdkdU5LdzBtdUpldnJDNnVVeVBXM011c1E?oc=5
2026-07-08 03:00,Yahoo Finance,finance.yahoo.com,Prediction: Eli Lilly Stock Will Hit This Price by the End of 2026,https://news.google.com/rss/articles/CBMimwFBVV95cUxOdVNxaHpUTzVQOFpBZGJ2cVNaMnBUYzJybjlaYmVkZEo3R1AxNmYtUm5YMzF2NEJ4REd0d1lZRlNxMll6SjQxajlWQXh0Y2xYOE1RbUpEaDBCWWhZRmZkN05od3NqYlptbzZHY2ZReEt2OWY2UTdXZ2tEcFdlYlhmX2pTTXJuQWgzc20tUldoNks4aU9uWnprZUZ4aw?oc=5
2026-07-08 03:00,Yahoo Finance,finance.yahoo.com,Wall Street Is Betting on Eli Lilly’s GLP-1 Portfolio — It’s Missing the $1 Trillion Opportunity,https://news.google.com/rss/articles/CBMilAFBVV95cUxQWlNSZmJ2U19DNlBsM1AwQnQwbnlpdTZ0SlhVcjZFRDc3UlZoX0UwSDZ0MTdJN2J3bTVuQ2JraG5nVmgxRmFLb1dlWWJyaDVuNW5VbHdQdl92ejl5YWs0SEV5eFl1aXhzUXhfcC1zdnJpcW5hYTFENVYyQURJWEZtR1dxb0FuUzlZUlkwNFdlOEExUEhr?oc=5
2026-07-09 03:00,CNBC,cnbc.com,Impressive growth of Eli Lilly's obesity business is coming from all over the world,https://news.google.com/rss/articles/CBMiuwFBVV95cUxQc0phS0RibGsxRXZQNHJHYXRiV2wwVFB0VWZjeGNNVUJOV1p2SGY1SmJLeWVTU2pib1JYY3dBcFFyazdwYjh5Tk0zRFhBV09lTUhwV25sbm1uNGZtQjRhWGFOSzBjaGdQZEhtWUJaRFpaZFdxdlNuaDM4Uk5GVTJUTTB2UWhuNDhvajFnN0dzS2F4cWFzeW0xNzIwRGpOWmdtSU5SbWJaSkFpb0U1Y1pHeVZkUC1oT0QwS2ww?oc=5
2026-07-09 03:00,Investing.com,investing.com,Lilly to present Alzheimer’s research at London conference,https://news.google.com/rss/articles/CBMitAFBVV95cUxNendOQlI0ZjA5cU1GSmlPVFNvLUdtWlRmSENndWd1WEdJZDh6TlV2dVRvdWkwYW9JZ2lxUDlTTHg4U016XzZCbU5Hb2NQeXgyd2VQaXZnVjR2c05JR2xDU2l2MklZY2FQSnFrRzNCa2R3MFVhX2l3b05URlhOeW1rdWJWWEVPZmtCY1Q1aEctOVZRSG5EQnpUb2xEdExBLXE1ZHctY2h5MUY5YlM5MzluMDJBTUE?oc=5
2026-07-09 03:00,PR Newswire,prnewswire.com,/C O R R E C T I O N -- Eli Lilly and Company/,https://news.google.com/rss/articles/CBMiuwJBVV95cUxNa2RTYlc1MDhEZjlGTWRtN21CUG9OVnZYTG5oUnUwVERvWlJrdEh6aWhEQzFtNEc0VGJ3dFlhSmE1SWpLYks3SkRual9OVmQ4clJuZGNZN1g5SU1YdmFOd3ZnOXctZWRKS3h4bmdwa3ZYbm0tRHJ6UWpPVllLZFpoQllxZ3VHX1NVYUNscHppbWdNamhGc1BRWHZ4RFhKcW14MGs5dGZ6NXUyWjYxUmVZSFZIUHJwNnRVMHpDTmRabHpDN05Sc3pvbHdwMDRYLWNsYkJwemk2WWp3aTh5dUxfWTkyamJkb2JLZllaVG1pZ0VJNGxZTlZaM25FS0s5X2RMd09CS1Zrdl9XT2FzRXptTjNzVTlUYUN6cDI3cjhVZE1TQ1pobkdnclUzaWRKdGtXWWxvb2hwWFJsc2c?oc=5
2026-07-09 03:00,Seeking Alpha,seekingalpha.com,Novo Nordisk's Wegovy Pill Escalates Eli Lilly Rivalry (NYSE:NVO),https://news.google.com/rss/articles/CBMimgFBVV95cUxQNHZWZVUtZjV2Q0JFWU8wcUozWU1iTzVneDBadFBGa1NaQVBZTVl5UGIyVW15X1dKS3R6UFdIaVBlczlUanFBbkFvWTBSZ3ptdGNYTWdYUGxET3BLVGFvRUQ1WHp4cDZzZ2JfVkNGQXZqXzBHSXJfRUZIaUZKWFNXdmNXYTdiN1U4SEpRWGZBWWJ0bXhUX2RVMHZB?oc=5
2026-07-09 03:00,The Motley Fool,fool.com,Record Numbers of Americans Are on GLP-1 Drugs. That's Great News for This Stock.,https://news.google.com/rss/articles/CBMilgFBVV95cUxNbWtYQVc2SU1jVVlIelV6QzRMTEQzVkNVcTk3UzB6OGpZS1p3a1JZWmVfUmFnYURiWG1XMEJMMlA3NzRKMWpiSGlRLWxtbkkzWFVUcmhKN1hLd2VQd2JTa05XUGowbTZGUGxwNnJWTnQyMTMtQ0xRM20yOVdFTnR1a1BlR3lrbmxtWXlOSmlBVHNXVmJGSFE?oc=5
2026-07-10 03:00,Yahoo Finance,finance.yahoo.com,Eli Lilly (LLY) To Share New Kisunla And Alzheimer’s Blood Test Data At AAIC,https://news.google.com/rss/articles/CBMikgFBVV95cUxNN0psekJXR2oyWnFmaDQ4THgxSktGNWxtM0hZbXdMM0IzZU5Kd3lUT21xLVptbmdsbDE1dlpxQWkyYTVnYjZnQ1ZoWm54X3ljZ3NTUEJEN0ZyUC04dnJSUEhzdVpXWjc0OFZWWnJfNFNXc3VCWTcyMHdyT2xEOGxCa245bFEzU1dEWTVCM3gyTDlGQQ?oc=5
2026-07-11 03:00,The Motley Fool,fool.com,3 Dividend Stocks That Are No-Brainer Buys Heading Into the Second Half of 2026,https://news.google.com/rss/articles/CBMimAFBVV95cUxNenRxQmlNdXB1TkxPWXdTVF94SFpHUVEycnRmeURyMUhzRmhFb2pCQVh1NWNCYVZ5dXlyY283dGlWbXVhNmRCQ29ySm9QbEMtNzVhMGlfLTl4dkxGTjZJTE5MTFhTU3plblpScEd0SVRFTDNBbE1YSUdITlZaLURaUmYzbVVCVHk5UVJoNmhiVldnLVhMZGViUg?oc=5
2026-07-11 03:00,The Motley Fool,fool.com,Should You Buy Eli Lilly Stock? Here's My Honest Take.,https://news.google.com/rss/articles/CBMimAFBVV95cUxNQldrNmZOMWdWM2ZaTGVLLU9wLXJSYkZEWFdaZ0pYU3RLWkJFT2dfYlhqcDRuNEprS2lvSGQxb0xmN1NHQTFadWtBeU5paXN6Y1dzV1dBWnRvYlNtekw1N0E0eWh0MWt0d0xmdmExZHBzandrdXI0WlhabHp0UVIzZW9OQlg4d2xPUnB5bFB2QmRTMHFmQS1xZw?oc=5
2026-07-13 03:00,Seeking Alpha,seekingalpha.com,"Cathie Wood reshuffles portfolio ahead of Q2 earnings, buys SpaceX, Eli Lilly, Meta; pares AMD, Roku",https://news.google.com/rss/articles/CBMiwgFBVV95cUxQcHVSM1QzSHVhcTJXZld4a1prbWl2X05BWUZrRG5UNzdfYVlQclVPc2NGTnB4WjNPa3k2TE5yVXg5WkIyUlJMYWwxMnBlLWVMUUpvNUR6VE5nOVlTSl9LQTU4TWcxRUlabFBoX2Z6NVhTYTVoLVBqUzdQTUFUd1pVTkJ0eGpXcE00NUt5a3dncTVMYzRwWmdvQUZXNGp5bFVWVVFCMENDcVJrT29rMngyMm5kZURBT3RVNlNqVWJhNXB5UQ?oc=5
2026-07-13 03:00,The Motley Fool,fool.com,Here's How Much Eli Lilly's Weight-Loss Drugs Are Worth to Investors,https://news.google.com/rss/articles/CBMimAFBVV95cUxPdlJQd1ZheTBzazJ4Y2pmSndXeW9NUTVQektRbTdvREZNa2pEZlJBT1FGS1RfenJDd0dJVVgya0JpY3V0bEJRckdOS0FpdS1CN1htVXlJVzhmNkJOdVMxUXpVN21DN3p3akhMRFpjS29SREdONktfcVpyT3paUVBlSDliTUFGY2pQbDZTVkVQRjNabFlyUjMyOA?oc=5
2026-07-14 03:00,Forbes,forbes.com,"Is Lilly Stock On Track To Hit $2,090?",https://news.google.com/rss/articles/CBMimgFBVV95cUxNUWNTSGpDSmR1MjdkSzd0VWpyaGdmWnBVYkt5T1R6dzYzdW1BdGtITHRkQUZseTNJRUFDdUYzcWdVVFpUcHVHal9lQmtlS3FhTG1CRURjVlhaOHdXM0RoRUhPRE5oLTFRVVRvVEg3ZjdGUTdaVUhaZ0lPSTVKR1c5M2ViTlNIbnNOQ1RESV9YRlN4STktNURfVWNB?oc=5
2026-07-14 03:00,Investing.com,investing.com,Bernstein raises Eli Lilly stock price target on beat potential,https://news.google.com/rss/articles/CBMiwAFBVV95cUxQUHFEazJXMF90MWYxYXQyNzZ3ZTdVUlprY2NtVk40QTRZMVFyZm03SGJRZU0wM2N4c3F1Nk16Ni1JZ3A5SVNtT3ZxLU9DTG81NDM1dmk0MGt3Y0Npczh6Zm5KX2lHTWMwYkF2S3hvc3JxUFgzWHo2aHdyVDV6aDNDejAxRkdia3V5OTJHNW5qYnhINEREQ293dnliQnp1M3lMTUJHaDVZUk52SWpLZ2w1SjhYQWhXc3VYYkxwc1FNLTk?oc=5
2026-07-14 03:00,STAT,statnews.com,"Pharmalittle: We're reading about a battle between Lilly and Teva, psychedelic drugs, and more",https://news.google.com/rss/articles/CBMiqwFBVV95cUxPTHVQM3FiNkM4OGxmQUtLdVgtTnpRMEV5X2gtZ0UzM19CbWNBc2ljSDhiNzU1S0Vjc3VPcmJoVktQclNYZUFaY1Z3Vm9fU3JaMGNMSHJUZjNGYzFqUnVndFZVdGJTcjdrUEkxVHpiZHp5VFZMVEpUTzM2WTJ0TmItX3d1OEFYNjJoSFpVb0tzYVl0aV9CMlBJSmNvT1pQcXdFb0JwZDVROUlfTEk?oc=5
2026-07-14 03:00,The Motley Fool,fool.com,Is This Disturbing Trend Bad News for Eli Lilly in the Billion-Dollar Obesity Drug Market?,https://news.google.com/rss/articles/CBMimAFBVV95cUxPSEd3LTl2TEpieXNUeW9qS2pZVFE5OEl5dEx6aEVKTG4zREZhZUdYOWQxNWlQeHZLMUhGZmlvcVhUR2xOemhBdWt3d2c4bjROWC1GdjgxeUxvSVEwSzNjSVpReHBUTGFKMHZwcHFKUjEtVVNYQm5PYi0xVWxmM1VlYmNJaFdTUmEyaFMzWnNTeFZfX1l4b2RlZw?oc=5
2026-07-14 03:00,Yahoo Finance,finance.yahoo.com,Eli Lilly (LLY) Stock Dips While Market Gains: Key Facts,https://news.google.com/rss/articles/CBMikwFBVV95cUxOZS1zc2tHVV9KeHJNTmk0R0JyN2t0enJFRmVLbjdVXy0tQVJVWkdhVV9nd2hlZ1pRZFVuc0doYngyb2RVSm1ENGNxNG1ZZEx1RTVETHZPZjBIY3JBNlZWejdlQW90Qi1samQ4LTNJOV9VY2dmS1F5Y09ZTzJVYmJ6QXQ0akZqMHVDbzNyXzRLYmpyWUU?oc=5
2026-07-15 03:00,Investing.com,investing.com,Eli Lilly in talks to buy psychedelic drugmaker AtaiBeckley - Bloomberg,https://news.google.com/rss/articles/CBMixgFBVV95cUxQa0tLcmNqZkpzUktwWGRRQWZvakhJbUdUQzludHlMTnVGUDRrUHQ3WmY5Rmw4cTBrZkYzMFNpUDVuekNKbWZyT0dxZWVVbC1SeHFKeGpVUFBFS0QtLXg2UUxMWHBZZVZUaWJqcVB5MEVyYTZLNVZOb2NwQnhfNGwxZ0pfYUVaN3paRTdVY21DOWZtanBoeDZWZGd0dTlISWpHbVhaVVYwRTJtVVBmNDBROWpVV082ZE9tb1g3Vkx4bmdUVEx6UEE?oc=5
2026-07-15 03:00,Reuters,reuters.com,"Eli Lilly nears deal to buy psychedelic drugmaker AtaiBeckley, Bloomberg News reports",https://news.google.com/rss/articles/CBMi3gFBVV95cUxQUkdBem1IX3AtekZzbllhUEZyTU9HQU1RY1AxRF9ZSnNoNlAybXNmcnFnTDZ3X3RJWDQ4bXNlNERLeWlUNy02dFNfQl9BbXBKZmRHVXRpdi1oMXltUF9qNVB2NEQ0WDJJbmdXSDJ6WGJDUzR2c0t6MDVycnhKOWRCckwySkc1SjN6d1FZNWpzZW5nSnRHRWl4M3dtaXNMeGN1d0RuMVJsTjR1R25EYWhsbmR5Rk9ndzdhTzJuVzN4QUg2SFR5cDZPbUxDVHhjVmhWaDlaTGI0Z1NwTUhGTlE?oc=5
2026-07-15 03:00,Seeking Alpha,seekingalpha.com,Eli Lilly’s obesity pill is said to trail Novo’s even three months after launch,https://news.google.com/rss/articles/CBMiiwFBVV95cUxQS1g0aENCVC10bW9MemVoaHRGRlJsOXRIRmpndzBxUEJUcjZuVGN5SzIzXzB5Y3NhWk1XNEVXM3lLMnpndmdVeHdZSy05dHBBS3F1LXE1dzNUbkxGLVdtcUIwdnlTZVhvQmlCTWcxblpLeV9NSDFFcVVJcWRBazlTWE5xNjNiclFhZVhz?oc=5
2026-07-15 03:00,The Economist,economist.com,Eli Lilly is reinventing the pharma business,https://news.google.com/rss/articles/CBMilAFBVV95cUxNSmpzam9xNTgya2IzaHZhSWswTmdNSTNlWlFHVEVaTHVvcDR5eGw2azJDZUFnYVRqUzV5am1BMzJvZXdSWGdmVVZaenp4OGRkenNObVVnRWxuRXJLRGRiRzYwSmk2M1FZeVNEVnBwS05KRk5JTFpfMU1fQUFuaG96R2FxVndabFhRLVFNSmg4MkNxLVQw?oc=5
2026-07-15 03:00,Yahoo Finance,finance.yahoo.com,VivoSim Receives $5M Milestone Payment from Eli Lilly; Provides Guidance That It Expects Revenue Growth of 500%+ in FY2027,https://news.google.com/rss/articles/CBMinwFBVV95cUxPU3BaaGJpd2hkM0dvR1dXTkNtNXJEeFFXU1QwVjNpZW4zMjkxTlgtdDJEUi1uVDNhZGxfNlIybEhhVXFPcmV5ZXJSQjh5S2pzaUlCaDEzSVEzMmdPd0ViOEhaT1RqSEpQV0tldDlUQ0o5NTRtcVRzcTk0TjJmbWNLQVpDU3c0dWtRYTJJZ3gwTDVTem15SnFLWE5qOFN2ZVk?oc=5
2026-07-16 03:00,Barron's,barrons.com,AtaiBeckley Stock Is Soaring 31% as Eli Lilly Agrees to Buy Psychedelic Drugmaker,https://news.google.com/rss/articles/CBMihwFBVV95cUxQMmlNS2lVdDVXSlRHYXF5NW1tU1BwQndxYWwzSGthSFdmckV1aU5rdnVFT0FzUXpVSUNzLU95OEpEOGNjYTVvelZmY3dib2NCZlp0RnpUUzc5ZG92NlM2Nm9QaGo4VlVFeW90Y0l6ZU1PNWlNOWx0dG9lQ1lJS1c1QXdqZXJIa0U?oc=5
2026-07-16 03:00,Benzinga,benzinga.com,AtaiBeckley (ATAI) Stock Skyrockets 65% After-Hours on Reported Eli Lilly Acquisition Talks (CORRECTED),https://news.google.com/rss/articles/CBMi0gFBVV95cUxPYmlWaDFULXhnWTdlQ0YxdWRubmNKLTJaRHA4VDg0ekQwQ3JaQ2JYYUgybXBKMkxES3psVk9VdWxYZEV3bzlaQnVWc0NxQlM1eFI3TGhqZjNnZjBvSGVFSi0xUFFZdlE1bk5VZ0RZY2NtaDdwcTByY2pObU1RcmthejNQRC1qa0MwV3VtSDhHMkplb1NNa3d6al81MkxEdFlsV2tvc0VnN2V1M094cVRzME13SDlZMy1pdUZfSG1XcHhoMUk3bS0zeERNRDZWekxDWHc?oc=5
2026-07-16 03:00,Bloomberg,bloomberg.com,Lilly Strikes $3.8 Billion Deal for Psychedelic Drugmaker,https://news.google.com/rss/articles/CBMitAFBVV95cUxNdldiRTNWVWdoTkJ5dW5RZldrV3JPZHo4Wm04OGVha0tWQktLcVd6NUVNanViOXp2TVN6ZkV1NWJlNmZHNEpSSGl0QmpORW10VkZxTjV0Z1VvdDZkQVhwLXNCMU40c2hIa2hOZFlRcmV4bGdNVFBBQ2lGa1BsT2g1MUpBb2EzaTh5TmVCT1IwYVF4X3hWSWZ2WkF0NlBUUlZGd3N2QWxSajhWRTZCelRpbU10Smo?oc=5
2026-07-16 03:00,Bloomberg,bloomberg.com,Watch United Airlines Falls on Earnings; Eli Lilly Moves on Acquisition | Stock Movers,https://news.google.com/rss/articles/CBMiqwFBVV95cUxNM1BaRG51QmQtN3Z2ZUUzbEMwX0ZnNzNWN1A0NTV1TmtqaXA2Uk9UMkFoTl9jd3lNSXRDaTZoWHY1QnkxUlM2Q0hPLTBoNUxncm43STdiZjBiUkwwcFlKZ3hLLXl2ekxjdG5wUUV4UHg2aTl6LVdwb1RWRnlHT1JTZW1qTkdDRzA2cDZ4YnJ6bnhrM1U4QkFsVm9sZHVqR2huSmQtNFYxSXJkNmc?oc=5
2026-07-16 03:00,CNBC,cnbc.com,Eli Lilly to buy psychedelics maker AtaiBeckley for $2.8 billion as experimental treatments gain traction,https://news.google.com/rss/articles/CBMiogFBVV95cUxPYmtnNzNheEZDZEFwLXY5UFBDc0FHeGc4OXZJUGgzeFNRVjE3RGtsOVhSMGFWRTRMNmpQdGRFZDNTWVhMcWR4MUNaOHB6X2g3LUloUE03NVZhZkxkeXFzeEV4ZnRYRWNaenBFZnAyT1BtNXNmU2NxS0VVcDU3SlZFLXFmYkRmOEZyRUdoQXltMkQyTmtLZ2tFejM1bHkxcDRmM1HSAacBQVVfeXFMUDYzb21fTEcxTXZjNWpnZ3IwT3VWclhOcXd3UkczSjdwTVozNDZ3RlpIZmxDVE5fYllfYURKT3dzLW1fWVNUdkc2M1dzUURiSHNKaEEzREljamltVDEwUVVNSG1WaUlnYVIxQzAybGF2LVJseE9nWnFYWkJnU0stZDM1Q3NiWXBhRTQtdWVLTElDaTNud09kQ2Nfa2wwaHF4UjE5SnkzNUk?oc=5
2026-07-16 03:00,Investing.com,investing.com,"Eli Lilly in talks to acquire AtaiBeckley, shares jump 53%",https://news.google.com/rss/articles/CBMiugFBVV95cUxQZ3psUkNBdEFfaVBBWF9NMEZaVXBtd1FMTWp3ZUVZZi11MHYzNmZ6OUZyTkl3a25ON09Ydy14WjNaUnJGVHBZRVVxYlpuM0tIWHFwYmttZ1dCY2x0RDEyMkVLUmtfT2ZoSkRWTTJDdUVha3A0dHM3dHNqSzVJby11NmZBVTFxYUhSOW0tYzhOS1oyeW8yQmpERUd4bTBReUxnTC1DSXNNaUtaeXZ0Y1ctc2NzTVdpYUU2eHc?oc=5
2026-07-16 03:00,Investing.com,investing.com,Lilly to acquire AtaiBeckley for $2.8 billion upfront,https://news.google.com/rss/articles/CBMirAFBVV95cUxQYXkxUHkyTE9kdlhVT01kZHFNYkJUOWJYN0lDOWZoNFBpQkY3cWxVUEZlOXZocjlRTnZHN2VHV3RZMm5weWhzcEowdUx6aG1PNTlLbkNFcmQxbF9qZS1lbTlDYzBZNjNqNDdBU0hXSE9oUXhQcWxGWE1NV1I0YlA4Q2djTkJ1bC1yTmlFcV9DU1VlWVRwaXNleVNFNTRmQUtXY2VnNzFQanYteXNM?oc=5
2026-07-16 03:00,Investor's Business Daily,investors.com,Eli Lilly Trips Into Red-Hot Psychedelics Space With A Big Takeover,https://news.google.com/rss/articles/CBMimgFBVV95cUxPNFhrNUVjR3ByRDJna3JBNDRZSktUcTFpYTM5VlZ5eWI3NzY1YXIzRWE0bmZqbjMxZFloOTlfTDBBdnRrdm1wdEEwVHRvQ1RydGlXVXoyNnRPWVdzWmRYZEw5aC1wWmtsT2xUTlB5X05JLXJCTGRma1pFUWNPMkRGSG50a0pvekM4R3p6c05qZ21QMW9reFhfYzl3?oc=5
2026-07-16 03:00,PR Newswire,prnewswire.com,Lilly to acquire AtaiBeckley to advance therapies for treatment-resistant depression and other mental health conditions,https://news.google.com/rss/articles/CBMihgJBVV95cUxPaFBnWWZZNFc0NjRKbll6YjVJazJ4RWtueG9EVzlFc3pUdk5PTndXQmNlZTlvaWNJNmNQMXBYWkt4bzg2anRoX2J1YjRHSjVJaDFidkMwM2ZVaUZfQkFBcGtkUzVjcE9famx1ZHNGall6bnIwaG9qbnE1MC1ONU5CeTVuSzdfd19XbHd5alRhejlCOWp0NEpZakpsQkt2cEtYSzVNM2pzOG8zOEZoNmY5alhZZE04Rzh6ajU0Y1NZc285ZDlJVEVMRTNkUUN1dzIwbmctanlOY3REdV8tcXp1dUxtODEyTEs2am8zcW9uZzJHX01IUGhVRTBIcEtSVlh6ejNIRDhR?oc=5
2026-07-16 03:00,Reuters,reuters.com,AtaiBeckley surges after report Lilly poised to buy psychedelic drug developer,https://news.google.com/rss/articles/CBMixwFBVV95cUxOZ0JvM2t0NFhicTZyRjV6TnpRN1RaQ2ZMUjdRbm1hbG1QQk1CY0U3dmd1RVBoOENLTTh4T2tYSWNqOTdpeDFpeFhtVjJITnRtaTRYQ0FaU0k4bWNDVFBwSmk4b2RpS0ZxU1BqbTBCZFk3ZHJGZG84NHlSRTF6Mi02R1Mxa21vcGdGZGxIdDMtSjNtX0VSWkF2TnVpMFVsb0E5dXNBdHNodk01cVhlY2FDUm81X2VkRTRENnZKUFZBRVFwLVpfdkxv?oc=5
2026-07-16 03:00,Reuters,reuters.com,Lilly enters psychedelic drug race with up to $3.8 billion AtaiBeckley deal,https://news.google.com/rss/articles/CBMi2gFBVV95cUxPWVA5S0ZmbVhzc0w3UkFDUUNIbUtEYUdWVDJiNFZZRTI5YS1XRDdtVmE4bXU2ZGVJYjlieGJWdF9TS0N0QUlUUkxiMDRmVllNTGVDbEltMDlodFdUaHBmcWdPdjlIdmVvTFNmMlNLRlctc1BtcVdIdFU4LUViNFRaY0NJdU9BQlVkdktrdHl0djBwZkZaSUR2NzByYjdrNTJqZ21GMjc3R05VbFBrM2F2dW1ZWjZ1U1dHRXI4c3lENndJQXFCRGZXOVFfQlAwX3FnSmtjNG04U3V2QQ?oc=5
2026-07-16 03:00,Seeking Alpha,seekingalpha.com,AtaiBeckley jumps 30% as Eli Lilly agrees to buy psychedelic firm for up to $3.8B (LLY:NYSE),https://news.google.com/rss/articles/CBMisgFBVV95cUxQSDFGTThvdFhxb2JLQkhkNndtR3piU1NMRkFTdE5DN211QllZbGR6M2JPZ1pKRm45Qld0a3pCaWc2MGo3dzdLNDNZT2dfLVVVWHVHdkVQMlJfeUZLcHpxX0tqTDBTcE9RcV8yTlRZS0NVem9oMDJGSlRUWV82Q252b3VwTHdYSGt0UDJnM05SRmhiZ280UUJaeVdNV2VEMWtUR1VGSFdyM2dISDBOUlBwZnpn?oc=5
2026-07-16 03:00,Seeking Alpha,seekingalpha.com,AtaiBeckley: 'Hold'; Eli Lilly Acquisition For $2.8 Billion Adds To Its Neuroscience Pipeline,https://news.google.com/rss/articles/CBMiwgFBVV95cUxQRzhoZ1BtRUpkNEtnbWJVdEtKWEg4U18wWXU2d0d3d3haeTVoX2xCT0RaMkVGTU5HU01oeC04TkxiSmZ4Z05qR25jZUtGdEtGWEU1VGRlc0pBSENWYU9xSXpZUUYteEt2Wno4Z3ZCVXBZTUp2MHVWN28zUllNYVM0RDhVTDcxVGZMTFNRRUhVbkNmUVk5bUpkMEZWcE1HdG1aWFFjbGU2OWdJd0d1TnhCSEJsSURwTG14RTVDUXBWbHV0QQ?oc=5
2026-07-16 03:00,Seeking Alpha,seekingalpha.com,Eli Lilly Acquires Psychedelics Specialist AtaiBeckley - What Investors Should Know (LLY),https://news.google.com/rss/articles/CBMivwFBVV95cUxPRHUxUUdHNC1JQ2xVUmU1UnNTTWtxeWVIWUs2eHZ3WEtTSVJVbHVZMWxlWjhsUU5XTHl5b1NZbjF2c0diRmR5eGtBM3BCT3RvbEJGWXNRYVQ4b0wwNDFmX1U4aVlteEoyekI5Y2hrMDRBQm5CVjhvQnFpalg2Vl82ekkyYTk0Nms4c2FCTVZHa3UxWjJPVkRMdVVYaEdyQVZJeTlpUl81Znp4MWprNFJramNDMzZ6SGhtSURLWEo4UQ?oc=5
2026-07-16 03:00,Seeking Alpha,seekingalpha.com,Eli Lilly deal to buy AtaiBeckley boosts psychedelic stocks,https://news.google.com/rss/articles/CBMijAFBVV95cUxNODMxdjFUOG5jekxyOGJBWFJORF9SVDdrNHlJalVERW9ONW5uUmxxZ1I2NVZaWW1MU3RqS2gxdXhJM0d3WHBNYUx1SWpRR2ozWFhCSDBqM3h6Qy1IZzdyTHlQeVpSYWZ2cUpCRThDTjZmTGd4N0h3b3RSUGZ6UE52OXhBenY2MHJHVXVEeQ?oc=5
2026-07-16 03:00,The Motley Fool,fool.com,Johnson & Johnson vs. Eli Lilly and: Which Pharma Giant Stock Is a Better Buy in 2026?,https://news.google.com/rss/articles/CBMi1AFBVV95cUxOWXFZVFJWcE03a1RCVXp2a2hmaGpWbkRsaExfSDFZT3c5bmhYdmwwY0tvVkRTWFBfaEkwS2M2X1Zud0pKak1PelJZZEVGSHFEOFJ3dWoyOG83QkZ4YUQxYmEzQ1N2cXpfcmJjektHbWRQUnl1MEJDS0pTSjdINXZrVzdxSm9hQ3p2clpmTmdjcWlsYkRKS1NiUkJsb28zaWdsMld5RkJqcVpHWFpYX0ppUnZ0eFVvVTNrcjdadjVvZmFtTlQ4eF9nRXF6bVg1LTdLV2VvVg?oc=5
2026-07-16 03:00,The Motley Fool,fool.com,"Stock Market Today, July 16: AtaiBeckley Surges on Eli Lilly Acquisition Worth Up To $3.8 Billion",https://news.google.com/rss/articles/CBMi7wFBVV95cUxOME5Ra3JkNjVEUEs3NU5vdXJrOC1Ea0h1VnpKUXVxSVZpX1J0OWF1UnRNY3plV1VyNEN1Q01RaEI3NmlIV0xhSktDYUs2MHlKUjdXMzRyZXZ5N1BWN1djT0hsV0pNVlR0aGhMakNGSHFFdVVvd0dINy03d2I4OGpWM2h4Y1Rwd202TklVTGtEdGYxSUxhQmlGM2RTeU4tV0RxbkI3UlpkVVdUamF4QTU3TGE1SFp5bEpMMzFUbTVLX0RKWUc2ZXFMa25nemJ2QmowZ21tVFpFS1U5a1lXd1QteEJDaS1JREZ5VTJOMFowMA?oc=5
2026-07-16 03:00,TheStreet,thestreet.com,UBS strongly resets Lilly stock target,https://news.google.com/rss/articles/CBMimgFBVV95cUxPZlRBMWhaMG1Gbjhib01xczVNWEptZXcwVEtDN1lHUXNjUENHVTIyT05TcndpZ19HZnhLTkZ0MTdBZzE0V1FfS2M3MmNVWW1hXzFYNVdOYXZ5eHVoeWxZTXlpRXZDV01OR3dKWUFkUWpOc1dReG1XVGpRMTJiY2UwSERwT0lZaGVhNDJ1dmszb0xLWTctX0VSUmhR?oc=5
2026-07-16 03:00,WSJ,wsj.com,Eli Lilly to Buy Psychedelic Firm AtaiBeckley for Initial $2.8 Billion,https://news.google.com/rss/articles/CBMimwFBVV95cUxONHFWcWFheDA5RFM1NWlLMUZEQVE4YUpWQm1BaGxNOHdUeHVnZy1GZE1zMzF0R1hNVU93UVRTczd5emNDUXBpZ3p4WlMxNXY5LXVuYXRwcGlGZzBCTklnWjNuRWExRjF2blJvSzBtMWNtV0JoTXVDTzZWTFVLcG9rQ2RUMHEzejFtcWdoNkY0cUVlSTdsQVVwRHVKWQ?oc=5
2026-07-16 03:00,Yahoo Finance,finance.yahoo.com,ATAI Stock Soars on Reports of Potential Acquisition by Eli Lilly,https://news.google.com/rss/articles/CBMimwFBVV95cUxONDFreGE0SEtZX25jSVhKVXRtdElCNWo2XzBWcjRHeGVQcEMwdEZOcFBtQl80S2lpQTZxX3V4VnQzc3ZuWGZTT2dLMkJHXzVCRjhIRkhCRjBxS3lkVHc5RjJvR1BhVHNvS2x3YzYzeHBtQnBrQ1UxQ3FCN2pSUmttUkxLeDhlVkJMMzhBTkpubGhheGNodVF5blYyOA?oc=5
2026-07-16 03:00,Yahoo Finance,finance.yahoo.com,AtaiBeckley (ATAI) Soars to 4-Year High on $3.8B Merger with Eli Lilly,https://news.google.com/rss/articles/CBMimgFBVV95cUxNcEhZSy03em1xbGp2UGhqRmR3cnJfRVcxWUJBS1h4X01SR294NDNQZnNrb1RYLUhJTkFnRldiUG1hRVJkaVVhZmRQZ05SSDllcU9OdlpFSlNtWC1GS3FLdXhWekdObXI0aEN5ZGo1TnF3RUdxSXpXMzJFMGN6ODhtS0IyVEhyWjRLdGVoRU5WOG9HakdsSmV6a2Jn?oc=5
2026-07-16 03:00,Yahoo Finance,finance.yahoo.com,AtaiBeckley Soars as Eli Lilly Agrees to $2.8 Billion Buyout,https://news.google.com/rss/articles/CBMimwFBVV95cUxPTE5VXzh4R3YwbEF2a05CcHVwS0IyTUw5bnRfdW1UZlJsWE1MQmJoSWM5UndzMklTckVQaENBaWdnSUFWT0FLUG4wRG5tM1pKRnlqMjUwS2VUdXlsOGNQTmdyYS1kX2stVzk2aVNBbzQwQVgyVGxTVVg2R2lNZkxoMFY2dG85RjhXb05RN3dsMDRSblk0YlNobk1kSQ?oc=5
2026-07-16 03:00,Yahoo Finance,finance.yahoo.com,AtaiBeckley to be acquired by Eli Lilly in deal valued at up to $3.8 billion,https://news.google.com/rss/articles/CBMioAFBVV95cUxQQ1NWOEdtblZjdFNMd1pkcWpOS08xY2ZIUDZjemd0Tjd3OGRGZHlNcTNOd1dOZVZVOGpJNElTUG5RXzM4LUxkd1cxbzFDSm1IdXFFaWZETXY2Nmk0MzJNTGxWVVgzSy1FSWJJQWdHczgybW1WTG8zNlI2dkpPakZqNWZFczBxakd4RmU0blZmb0c0cDh4SkNIckNhVjBtOGYw?oc=5
2026-07-16 03:00,Yahoo Finance,finance.yahoo.com,Eli Lilly to buy psychedelic drugmaker AtaiBeckley for up to $3.8 billion in bet on depression therapy,https://news.google.com/rss/articles/CBMi7gFBVV95cUxQOGQwdzgwUnlNMjVraGJpWVZMRmdxV3pIZU9KOGRBdExjUDVoNDR0aXl0Z1BlUWw5MFdxcjYwcGI4S3FsQ2tWTjE0dUs4d0ZqTzFqaVNjd0VxZUV4TjUwTUpHMmtmdDBMQ0hwY3c2YVByckpNb0RJaXY1dmxJOXBkOERSZjhvMnluMHdFbEJucjhkNUMxQTJ3amV2aWdIcGFiYmVFQ0V2amk3LV9rZldNZnh4aUVxVzliUWRYcHR4S0VlQTVNRE9XTjBDTlg0Q0VCUklUVDZCTEVYTC1lWnN1Nk9XSDFJbE5CRG0wZFF3?oc=5
2026-07-16 03:00,Yahoo Finance,finance.yahoo.com,GH Research gains on optimism surrounding potential Eli Lilly-Atai deal (GHRS),https://news.google.com/rss/articles/CBMioAFBVV95cUxQckJsZGVyZjJ4SDVsamZ5QnltVE1TMUFacUc1dUQ0bjdCR2ZpUmJtVktmaHhZWkEtWEtMSVJZWXBHTjJCX0phanFrMzAxa2s5NktvRl9zaHRjdVFBb0ZoMk9pdXNaR215ODdzWkVhM0ptSGdYRGtSOC1uSnBpNG9ZZ3gxa1VBUEtfUm1OZy1jRWZUS2puLVlCOW9fNHpFLWF0?oc=5
2026-07-17 03:00,Investing.com,investing.com,"Best GLP-1 stocks: Lilly leads, Novo offers value, Amgen is the wildcard",https://news.google.com/rss/articles/CBMiygFBVV95cUxNejhtUF9IdjZWZi1PeTVlaWJlWXhNcUF3cWFfS1hob0dRZHJ6S2gyVmI4M1Zlb3hfN04tT3BJZTFEeVVGOWE3aW5rN25EdHROeUIyRENHNHJUNFVvV2RIYWlSTHI1YnB0VmRqRXhQcWFLWXJMdUVVU1FBek5PSzVNT08zcHdvWDdvUE9IejNaMTd3ZE0xRFVOVFUzQnQzc3R2WWRsaVI5WFp3SnFwTEs4amFheE1rRk16bkFQUUg5UDctcU5oSDg1SUVn?oc=5
2026-07-17 03:00,Investing.com,investing.com,Jefferies downgrades Atai stock rating to hold on Lilly buyout,https://news.google.com/rss/articles/CBMivwFBVV95cUxNQTZnZmNFajhxT3h3TnFPTks1NUJ5TXNSUjl4VndXT0pDN2VOdkhtYzVKUWVmUzN2LUYydFRabDR5MFBlRnVleFhxdFlxbktWLWFFUU1TbDdkMmJERXVJRTVKblNwejRBbWRTOGMzdFhjN3RwR0VpUFBXdkpjMjlSVDhCbUlrdWRrZU1FM1QtUENYb0RwWlVja1ppUEx5T0s4TF9CakJkSzJvQnR3QllEdmh4dEhMOEQ3d2RkeS1qaw?oc=5
2026-07-17 03:00,Investing.com,investing.com,UBS reiterates Eli Lilly stock rating on ATAI acquisition,https://news.google.com/rss/articles/CBMiuAFBVV95cUxQMFRjS0ZuOEo2T0k5VC1MMHlhNExBSFFEMW0yZExSSFhHbmNJM3lPMk9yc2JjVzhpcDdoQ21Td2tKeHhYMXRPdzJ6Q1d3QVhFRWdXQnpxTTFsWVFCTHcxbHdVUnJiVlBkUWdxcjdma2t2VmFWcDRSNlJvTktabXBCU21VYTdQd3pmNXdJUF9XampvNlVlRGg2N09xaFExcThXMndXWms4V1htUVRZYXZXeldVcWhCQkN4?oc=5
2026-07-17 03:00,Investor's Business Daily,investors.com,"Eli Lilly Stock Hovers In Buy Zone, Finds Key Support Amid $3 Billion Deal",https://news.google.com/rss/articles/CBMiiAFBVV95cUxNS0FkNGdkYWFVNFJLTXJ1UjNlbDhGM3ZrSExtRzRjakEtMTNEY1F3WHU5c05veDBTVkxCcDg2X1c4QnVDWjB0ODhFc1NINmpWa1o2eEpKQ3pIUFdBV05qZ2hfUXktV09pSXVRakIteWlPOEE3Vzg3aW5Ddk5YZlp6bThkZE8zUHBN?oc=5
2026-07-17 03:00,Investor's Business Daily,investors.com,IPO Stock Of The Week: This Eli Lilly Partner Soars 118% In Three Months,https://news.google.com/rss/articles/CBMihAFBVV95cUxNZlhrUmtlaWJSQ0I5UVZfampucGEtclYzOGp0ekNkZzZfYnRuVzczRDAzSlR2UDFxTVFQRWZkandPNkt2ZE1ySk9vb3pxRGdkYnNQb2o0b0hMeHltdjJURE9CMWtOd0I5TEZ2ZFNMT1htMWMzX0o1a2l5NC1pM3M4aVR6R2Q?oc=5
2026-07-17 03:00,Investor's Business Daily,investors.com,"The Next Wave Of Peptides Could Be Here; What Does It Mean For Lilly, Novo?",https://news.google.com/rss/articles/CBMilgFBVV95cUxNczBaUW5YNGpNZ3lJaWlNM0RmWFY1QTBpX2wzOUoxSUpHNVdYYzBsSy1tcGZBbHpXd2NnM2tSZnZ1V3pmUFVVbjRPNGJnS2syYm5VZkFRcWtCaVN4Q1MzT0YzZ1o2OU14RVRDUWhLQXgwblhsamtFSDNhVTlHenNZZTgxdVdJSzJiX3BYVGlEM1YxLXliNGc?oc=5
2026-07-17 03:00,The Motley Fool,fool.com,The Most Overlooked Reason Eli Lilly Stock Keeps Surging -- and It Has Nothing to Do With Weight Loss,https://news.google.com/rss/articles/CBMimAFBVV95cUxPc2lybUhtY0FFSTJOdEtON0k5ZDNrTWstbVBiWV9iVnJTWjNwT3hUU2pYNmplT0RPZnlMQ3hnazBTSFJHMTVLU3prb2ZWelRNN3FKTXVjcF9zak4zcUc4Nm5CU3JwSnJCd1JDQ2lsUlZPSUhoT2dIVjVuZklCVEFzMmV1QkJoZTFnUWNra0xmcG5jS29NNkxYRA?oc=5
2026-07-17 03:00,The Motley Fool,fool.com,Wegovy Pill Just Changed the GLP-1 Market. Here's Why Eli Lilly Stock Could Still Win,https://news.google.com/rss/articles/CBMimAFBVV95cUxORlBxakljQlowRURQZVRDOXUtUmZBdkl6OWNxOFVKZExXeks0VjBIUGJNSzBXOTJvSmJ6YzJSbG5HZmFFUFQyNlpCTUY4a3lTOElCSmFmdC0xeWFPb3ZFUGxGb1hrQTZFOTdNRXpCOTF0Ry1McnNVekhTMDRwaWQzcHFETW8wTlc0bDF4cDVLbng3YVFPeUVZNQ?oc=5
2026-07-18 03:00,Seeking Alpha,seekingalpha.com,"Key deals this week: Eli Lilly, PayPal, Uber and more (DASTY:OTCMKTS)",https://news.google.com/rss/articles/CBMikgFBVV95cUxPV25RV290ZnhpUmVGMHFGZ0F4ek5QLTloRkZwMjZCY2pRS0UxRFNEYnl0WmdoRjcyVldlVVZFMVBsRXc2M0tMdkU1ZEluaVZFZll2MkYtODByYWgyVk9QTUxKYUN1UDBmOTREY0hmbjk3S1dXNXJTQ003QnliS0V6b1pqbG14ZXQzTFhZRkRneXBlQQ?oc=5
2026-07-18 03:00,The Motley Fool,fool.com,"Watch Out, Eli Lilly and Novo Nordisk: Viking Therapeutics Just Started Testing a Weight Loss Drug That Goes Beyond GLP-1",https://news.google.com/rss/articles/CBMilgFBVV95cUxPRFlhY2pkOEdLVnA2dlF0bUpRNTc1bE1Vcmdtdk9xM21HU3ZSZmtPLVhfUmFrMThBNnp6Q1VVTDhSWTQxQV9qblJDV0hCdUZDOUhWc2JtdmNPRGtoak5EMkdkQmkxajRnRDNQM19Xb1RVV0RlbzQyelVnaFhHQlBwTVd6eUNjNVVvT1VNbWt2SzkwWGdZemc?oc=5
2026-07-18 03:00,Yahoo Finance,finance.yahoo.com,Eli Lilly (LLY) Stock Looks Undervalued On Fair Value Yet Full On Earnings,https://news.google.com/rss/articles/CBMilAFBVV95cUxNb3QtcGtLYUZqNGZ1cEtqY1oyM2M1THBQaEVOSC01eVJsUnpCYlJkeXhTN3pHdVNRN2dNdmN0ZUctN3FVV1hrLVF6RUp5bkg4ZGxPM25RMXphMUlqVzRXMjc0elc2WFZlVU9YdXhpdzVaTmFWVV9SSVF0YVlQNDhBOVhmaDFObks4bVMtblpVMFFTTUxz?oc=5
2026-07-19 03:00,CNBC,cnbc.com,The market for psychedelic drugs to treat mental health conditions gets a big buy signal,https://news.google.com/rss/articles/CBMid0FVX3lxTE5LcVI2T2tZZk1ZOXJrMV9Ed19SeXNaMkhBbWRkaVVzR1gtVGk5dHpmSFBISzNrc3Z0QUNuZ09WYWZZSklkdnhaWFVoZWVELWUtWlkxU1pieEdVcTR0UjlsVE55dm1QVWYzRUZhcFVOSFk4bGszS2lZ0gF8QVVfeXFMTlBqd3lvQXVjbl9Ta2lMaFNkUmZ5ek96bjY3QlB6bzZDa2hLMlAwNUkwOGM4Z0hpeUtjd0NEZkwzNHZ5eDNGaGd5c29ZM2F3S0RxUHgyTG9pRWpTMWxaOFdidjYwSURJbGxOMTVwWmxzUWYwSEozMVJZZkZMbg?oc=5
2026-07-20 03:00,The Motley Fool,fool.com,Could Pfizer Ultimately Be the Biggest Winner in the $100 Billion Weight-Loss Market?,https://news.google.com/rss/articles/CBMimAFBVV95cUxQQldkSW9lNnMzbnJ4RHY2NlhWcFRTbXdESjhjLXh0RW85TDdhamx6Q1BmUUYwMjlHZ0FTSlBhTml1ZVVPVzRZcndsYnhhVGd2TzY1NzdHYUtDSnluQlA0Y05IZUlBd3AzMmRrdEdXcjdjNUZZN0padUVxamFLVDFWRXhRTWRIYUxuNTdwandLMTFlWURyTmF3eA?oc=5
2026-07-20 03:00,The Motley Fool,fool.com,"Now That Eli Lilly Trades Above $1,000, Is a Stock Split Finally on the Table?",https://news.google.com/rss/articles/CBMimAFBVV95cUxQWGVZbG5fMEdJTkVKbWV4aVE0UDMwVmhOWUw4ejdYSVFYVzVfcWNTSF95bVo5VFl0a2E2QXAxcnAxM3JuTjhpbGtDYzJOVWtwWWpKdEYwWmwwSE41eHpuSFNocWdtRzU0NWdZTWQtZzlUdS1iUVhYaW02ejlOOEtOZURJMGNja2RLZUFJNGEzX0R3azBQaG8wcg?oc=5
2026-07-20 03:00,Yahoo Finance,finance.yahoo.com,Eli Lilly (LLY) Joins Illumina Atlas To Map Disease With AI,https://news.google.com/rss/articles/CBMikwFBVV95cUxQeWI5bmQySlpTZGdFeUdZNlQyR0gycFZUX1VCTUR1RkVidnRmanBOdjh6NXphZWY5M3IxcU9HQTJuQnpYLWFhaG5zSDQ1UElpRC1wb21ISmpBa0h3U291U3owNVRTQXpRWU9UUTZGZVhjYWVPSXNNTnBRV1FyWEZ1TWRlNDZFWWdnMjI3MVJoU1dvM00?oc=5
2026-07-20 03:00,Yahoo Finance,finance.yahoo.com,Here's Why Eli Lilly (LLY) Fell More Than Broader Market,https://news.google.com/rss/articles/CBMikgFBVV95cUxPMkdiNGlPZDRTWU9mYm5jWHVaNk4yNE0wa3JkcFhuSGZudV9pMFRGbDVFd2xkN2RHSzhfemtTUzZpWVA0d1poTUJCYV9YZ3pQazFHS0dnOEJWSC11c0phLWsxUFFCbFZSUThsOVIyQnBLQzhXSUo5VGlRZ2pjaUVKX25yaTJUdmlCSUpEenVFcUpzdw?oc=5
2026-07-21 03:00,Axios,axios.com,"Novo accuses rival Eli Lilly of ""deceptive"" weight-loss drug ads",https://news.google.com/rss/articles/CBMicEFVX3lxTE0yWlY2LW0xUW9URjdTZjZQU2NXQXBrRVNCQVhvSHlDR1Mza3dvTVBJWHF6ckNLNmkxUi1nMjNJdEV2WG1HVC1ESE01R3diQ21vVEZCMVE5dktfRUg4VDhzTzJsbW5CRVktdkV2X21GV3M?oc=5
2026-07-21 03:00,Benzinga,benzinga.com,Novo Nordisk Sues Eli Lilly Over Alleged Deceptive Weight Loss Drug Advertising - Novo Nordisk (NYSE:NVO),https://news.google.com/rss/articles/CBMitwFBVV95cUxQYVdlU1FVWUE1RXNnMThhNVI0SXN3ZzRwYjRMcTQtTnpqVmZaeXJ5dnREeUtKZktQcnYtOUxmX2VHVnFMc0VBT1Q2QlEyVjNGMllCWnZjakJnRGJ0N1lUVFNvcmZ2VHlTcjE2d255cjNoci03QU9RMFhHc1d3bzBQVzFtXzFyZGdxWGR1bWp2Q1dvbGw5aFl0UGVPN1hQNF96S2pid1hkd0J6NC10d01Zd2lNYUVfcUk?oc=5
2026-07-21 03:00,Bloomberg,bloomberg.com,Novo Nordisk Says It’s Suing Eli Lilly Over Weight-Loss Ads,https://news.google.com/rss/articles/CBMirwFBVV95cUxQR0xubkFhdlMtY281SVRyeHYtR0JhX08xLWNiSmNKOVBrNmFzc053Vy1OUHAtRFlpYkp6NzB4X1pOLURlMV9OaDdJYmFxSUstZlUyVHhZUzZJM1RQV0RGNkl5d0ZNVHRRY1ZqSnR3ODJsSlN3QzhlbEhBWEJUUGlmRTNlNnFnb0ZYRlJUV2RjR3dISnRqVkRERGoyTFNqbTNDNUhnNkJ1YnNsOXJBalR3?oc=5
2026-07-21 03:00,CNBC,cnbc.com,"Committee stocks on the move: Eli Lilly, D.R. Horton, SpaceX and Live Nation",https://news.google.com/rss/articles/CBMitgFBVV95cUxQS25Ta2czNnBLSDRiTXY3WmVIUUt0SmNVaGEzcHRoQjlQeXpJcGJkUW1RY01UcDZMZ0dlM3dXWmhTTC1lVzlWVkV1djl1YWZNQUJvbWVRUU8tdGk1V1dDT1ZXRWdKaE9hcFh4ZEVnWmh2YVN2RExPRjUyZEJTbDI3OXQ5LXF0c0o3M1VvOFdSWHo3UzBqUnp1UTdvNlNQLVlUOXJVVWtEa2hNMTBmUXBteTVqV2Y3dw?oc=5
2026-07-21 03:00,Financial Times,ft.com,Novo Nordisk sues Eli Lilly over ‘deliberately false’ weight-loss drug ads,https://news.google.com/rss/articles/CBMihAFBVV95cUxOM0dRV1YzdkY3bDVwREFYUmJkV2N5SkJBYTliQjNMYUZPSmNzQ2gybVlXZVplWWROLVpWVVcyLWFndy1Ebk1aN0RiOFZ1WXJWSUsxSTUzUDlZUXk2U2VQT3ZPSTJJeGFVQm9Malhac1k5S1JFVnlBVWwxZXA1Q004bFVCLUc?oc=5
2026-07-21 03:00,Investing.com,investing.com,Novo Nordisk sues Eli Lilly over weight-loss drug ads,https://news.google.com/rss/articles/CBMitAFBVV95cUxQalB4LXRpdk5ZRjRYX0hHVlU0NTdvdVU0ZnRMdHNkdGdxc0JMWnRWNjBwa3hrQlFjSnlaaGZNUUNJQ0JTOURsdHdqTlBMLWdzNndLTzVsRFlJZjI3V1M3dU84UjFudDYtakRnQThoMzRvMlRwTDFCVHItbmxBc3BHOFB5TjRxMDBEWGNJVU9mYVUxQkZqY2hoYVF3dExya19MaHd1djdfLXZSYUdPOUdReDVjdG8?oc=5
2026-07-21 03:00,Los Angeles Times,latimes.com,Weight-loss drug wars escalate as Novo Nordisk targets Eli Lilly ads in lawsuit,https://news.google.com/rss/articles/CBMiyAFBVV95cUxQajA3eHJZaXhxNHBENUR2WUcyTXRxbTVYeEFTNmdocU5YWkVUMEZwWWlQaFc5R3BVdlpSMXBSSmpyYkNhcXBjOF8xTjN3cjlqRVlwRnNNazV1aUFmRkFRZHc5T05qSncyVjdvQ2xyTFJpTWtmX0R6UXJPZnJOQjlOOHIyemJrOFBNYjRtYnpQNmtRUkxfVm9UWVF1R2lZbDhoanRKZWdLUDY0THgtNF93VEZPRXBRWDBZY0xBa0tSdllWNk5IQVg0UQ?oc=5
2026-07-21 03:00,MarketWatch,marketwatch.com,Novo Nordisk’s lawsuit against Eli Lilly over ads highlights intense competition in GLP-1 market,https://news.google.com/rss/articles/CBMiqwFBVV95cUxPWDFmUEdITWdNTmUwb1hSQ3VDZWNxVU1pRnJqR29iWjk5R0diNWkyT3YwTTJtTkxkTWFYQkd2YS1xdzRTZldiczZvY0doWGJOdzB0bUczU3g2eGJMWWloV05Geld4aFVDOFV1SlFsM3BhVlVzTlFVUTI4d21GRUNYd21vS0RDRW5LRWlpWi1sVWt0ZmdmNWtOcF9wekNZMEQ3SXlqLXNUQy1qRTA?oc=5
2026-07-21 03:00,Morningstar,morningstar.com,Eli Lilly's Dominance in a Massive GLP-1 Market Provides Opportunity to Invest in Pipeline,https://news.google.com/rss/articles/CBMi2AFBVV95cUxQY1FGYlBmY0RPbDNKcGdTcDJscDdoUDgyZ2JDckllUHZJLThMRjM1R3FXTDN4WHlFRmxPWDBPWkIxXzgweFZRWEZFd2lBX2FHamFSRkJab3l6eTJfQnRKbVVtTVhXZkJZWnpCcUhjSkR0bXFBY1pGREZobWVkOWE5WnBLejlyMUNEOVFyV3NhN0xtOEYzX0ZHRU9USUN2ZlA1TzdZdUhWRlhrQk5ybUJvdEdjZTB1TjRnTW5zX3lGSkFNcm5rdUdjT2dqRWVuV1dYUjVwVzJCVkY?oc=5
2026-07-21 03:00,Reuters,reuters.com,"Novo sues Lilly, claiming misleading ads in weight-loss drug battle",https://news.google.com/rss/articles/CBMisAFBVV95cUxOcnJ0Q2x1Wmtoa1FXcjI1RjZwUU5FclB4Q0VST1NfVUZpdHFvUHF5UUpTRkhiclhBakRJY3VKRFhIclZFTnhLcUN3NFVCdm1BTlVBU2JNYVVLaERfYUJaOGFrVEtaTTdxSHFWRU5PX25WS0NjX0ZaRklIQktDbWVRLWNMTjdCbDJ5SEZFektfMDF6ci1aOGtZU3BmNFZMaDdyV1hrRjhYTXMtVTY4dE1KbQ?oc=5
2026-07-21 03:00,The Motley Fool,fool.com,"""Deceptive Advertising!"" Claims Novo Nordisk in Explosive New GLP-1 Lawsuit Against Eli Lilly. Here's What That Means for Both Stocks.",https://news.google.com/rss/articles/CBMi8gFBVV95cUxPSTNJdUtnRUFyQV9yUkUyQUlSenQyend1QkNwUFYzLVZnYjFndm5md3piWlFodXdtbXVfUWZPSDNuUE5mVWZNeTkxNEw4YnoyWVdpbjMyandzUF9NNHliYU00alF2Y1U2OVV1V2lFX2dTRHpBWWxuLUhyYVhmLWx2bTJsa3FPbWlnVTFYa3lSX1h2ekJpU1dZWU96SkVsOW5zTGkxOGNuQUZlNGt0TVFXY25hWU5UWnQ2d0drbDNoNnRCVUZLWnRZTWpXMTBRT05zbl9neHRWS2tlRklwUUlPaVJ5a0RVRkxrQUtFX0ZFaWRqdw?oc=5
2026-07-21 03:00,Yahoo Finance,au.finance.yahoo.com,Novo Nordisk sues Eli Lilly in high-stakes GLP-1 advertising feud,https://news.google.com/rss/articles/CBMiggFBVV95cUxOMVViQzZVVjVEMVBEYm13Y1NSRk51emxSOUtkWjlUd3MwQzBCenViN1ROeDNGaWpodnZGaVpXWFVsVnJwVGdtZTZXX1JhdnV1OHVOc0E4TEcwWDdFSnZCdXVPQU81ZE5LNzEzXzljdUlReUxSbmo4TmItVGpvS3A2a3dB?oc=5
2026-07-21 03:00,Yahoo Finance,finance.yahoo.com,"Eli Lilly (LLY): Buy, Sell, or Hold Post Q1 Earnings?",https://news.google.com/rss/articles/CBMikAFBVV95cUxQeWRlWlpGRzEzQzhzRjRmeGtKTXprUk9JS2xfQ05BQ21UaGlVRndzQ2c4LTAxWklHWnlXTWFWclRlaVEyVnRMRWZfelZaM0hCcTJBb2JBXy13WTFMYm9qUEhZTjgyZ3g2azVvNUR2T2lzUjl6Z2Q4XzJoS0Q0MUFkbXZmQ2ozb2RJZXMwb284NWI?oc=5
2026-07-21 03:00,Yahoo Finance,finance.yahoo.com,GLP-1 Titans Clash: Comparing Eli Lilly and Novo Nordisk,https://news.google.com/rss/articles/CBMikwFBVV95cUxQb2ttSXFDNkRWUkpXNS12ZEtQa1YyVkVkb2VaQ2d3V0FVQnVNcTdCWklzSXVnd3U4amVMOWNTQ29SX0h5VDBib2Q1WkhBaElvMGZSZTlDRXB4eVQ4LUJPUm9Xd1ZUVXNjQ1RWRzBhUDBZRTlOQ3VzakZ5eXpDQ2puVHh0bEhwdjRHYjlxS0VvcUk2Yzg?oc=5
2026-07-21 03:00,Yahoo Finance,finance.yahoo.com,Is Eli Lilly (LLY) Undervalued After Novo Nordisk’s GLP 1 Advertising Lawsuit?,https://news.google.com/rss/articles/CBMimwFBVV95cUxNVkpuNzdEbVRKT3VNRWlucWwxMF9hMmhJUXVsNVRlcXV2TWFWajVQazVMa3hpc0ZkZ0Y3Z09WXy1hMUtWaVMtdmRGTEpLZjdmSzhTdE9kZy12eUQ2YmRyMmpsY2tyQW9SLU9WOFVCNDJYYW1CZk9HVTYwZTBIZVk3Y0laLTJLQkVlSDZhcUFPbHA3cGdRbUdPcEpxYw?oc=5
2026-07-21 03:00,Yahoo Finance,finance.yahoo.com,"Top Research Reports for Eli Lilly, Costco & Morgan Stanley",https://news.google.com/rss/articles/CBMimwFBVV95cUxPRXAxUjI3MG1sV0h2X2tYS01KU0tCQVRTcFBxajZLb2l0ZzRjVEhRQUVXX0lMbnNnaVBXYTgtWThCZV9hQzN0eTlBV1pMc2xtaUV3c21KdDd6cFB4TF96aldrcEF2QTRTSXY5MU44OVc0MUZRS1V5aVoxdGdCWi1GN3NIQWoxb2Zxc3pMUkJhTW84MmNmOW14eXl3Yw?oc=5
2026-07-22 03:00,Investing.com,ca.investing.com,Form 4 Eli lilly For: 22 July By Investing.com,https://news.google.com/rss/articles/CBMikwFBVV95cUxNTVVOUUVLN21LRDdKVjVhdHR3V3VrNHE1YU5qdHZaLS1Da3VIYk5KajE3czBSaVlQUFRidlhCWE56dTJ6YlVaNDdnWk5YZENhdjlPcGZzTWF6ZEM3UDVQMjl1dVotZGIzUXdwemNpaV9wWXM2TkYwNTE2OGVpSGd1c3RrdkphSnhydi1INDdwaXVHUHM?oc=5
2026-07-22 03:00,Yahoo Finance,finance.yahoo.com,"The Zacks Analyst Blog Highlights Eli Lilly, Costco Wholesale, Morgan Stanley and Kewaunee Scientific",https://news.google.com/rss/articles/CBMinwFBVV95cUxNQ3Y5U3VNQTNzdkdZd2dEWGg4SmFHYkNDTF9tNjVTTzNqdk9GZnlZR2xxSE5zWEFLVUhYc1BTUGk3bERHdmwyeDlGclprSDhNRHNUQzFEd0l2N0g1VGEtNEpmWTZlaUNwOGE0cU9qdERuVXl6VjNhaXA0UkZvVzJEUnZCbDYwbFBzZjVZaHFtaWh6V0Zoa24tOTlHNEttV3c?oc=5
2026-07-22 03:00,Yahoo Finance,finance.yahoo.com,What You Need to Know Ahead of Eli Lilly's Earnings Release,https://news.google.com/rss/articles/CBMilgFBVV95cUxQc24zbi1BVlU4dG5hREVnSlIyTUw2SzNrc2thOVdQMGdSWGZ5dEM1czJxSzdCTm1kbl9ObnY2Q3AwVXV4dWI3T0hNMDE0Z2ctRjhSd2Jsc05JSVZGZmNNLTgxaW50U0d1bnZDdkhiTjFlM2huQ2JYenNqeUtIRXQwVUx4Tm9ZYkFFU0dxTnl2ZnBEZnl6b3c?oc=5
2026-07-23 03:00,Barron's,barrons.com,Lilly Stock Rises. It Plans to Seek Approval for Newest Weight-Loss Drug in 2027,https://news.google.com/rss/articles/CBMijAFBVV95cUxPWm9ha0Rya1gyNGNxc0RoM3dJQjBtdWNJS2ZMeXYtNkNES0Rzdmh4RWZhWV9EU0k5c29uNmFFMGZiVkhld3lRRDI5RlpuMmh6SXV0RTJkRW5kbnVBNkR6YXRBRDRRb2RhLVZqekdTczdjRzFsZ0djT1lwQkdJb0dOemdxLUNCTGZsbG9fdw?oc=5
2026-07-23 03:00,Benzinga,benzinga.com,"Eli Lilly Says Retatrutide Shows Cardiovascular, Diabetic Benefits",https://news.google.com/rss/articles/CBMivwFBVV95cUxPV1BmdlpMZUpRSTB0eGZsM19BUjlSdFpRcUg1VDByd1hfYnMwUVEzcXZwSk9zWW1NeXE4Sk9xUmJSbW4zM3poT1ZoLW8tQVRmQ3hoREUtRGhvQjRxWFFQWlRmVk1CcGRzZkpOVkRvYVBwY1gySDdBaGhaV09YT3FVdms3VEVIZWF3UktuLUM3NTZuaFh0bnV0Y05uc2szQy1iLXJlQTdEck5DekpyY1R4Q3JybDUwaTZURTJZR1VFUQ?oc=5
2026-07-23 03:00,CNBC,cnbc.com,BMO's Evan Seigerman: I prefer Eli Lilly over Novo Nordisk in the obesity trade,https://news.google.com/rss/articles/CBMivAFBVV95cUxNVm4tQ2laSEJibmJNN3BmMkJvdkItUDFublB1b2hCWEc3Rk5EX28wM1FYYWplS3FYT3R1OXZNc1VyekdxTXFaT1VJYU4yTURCeWpBS0dLUlh5dmgydWZ1Zkx1VWlQVFFYejFFNHBVMFpwUjJqQ3JJaF9KblVxbFBjZTc3MEMtdFdnMHVYampGa3lBYmVSUkZnT1NUc1lwOFpvVGhYUGZ5U1VEY0kwenNGSHlQNUduaTJSSlFKQg?oc=5
2026-07-23 03:00,CNBC,cnbc.com,"Wall Street stumbles as oil surges, and Lilly takes a new path on next-gen obesity drug",https://news.google.com/rss/articles/CBMiwAFBVV95cUxQbWJBa3VDemYzeEc0WDRVU1lOc1gyS0hZdTZGRXBmUlpyTzZXb1VvUFkxSjJqbE1Pa29FSjloOENDQkRjZExfS2xUSUUxM1hYYVhFZ1BQc1E5MVVhUXdfVTlrNWRGa1dpei02QlRFbERERTE1N09VbVFZLVNUVE5LSS1DQ1lfMmNKcXdmRXppaE1NQnZBNnRjc1lRSG5ONXNOX1hBbms3MFNDVHRrSTcxNDFzSGY2dTd5eXozU09UM1E?oc=5
2026-07-23 03:00,Investor's Business Daily,investors.com,This Hidden Gem From Eli Lilly Could Slam Reta Knockoffs,https://news.google.com/rss/articles/CBMilgFBVV95cUxOb1Vsakh0WkpjQzc2dDMyZUV0THlxdEY1TnRFQnhKRzN5dnlFbWN5T0pfemlfcnJDVE5HVWtEVUhpV3RwcGpCZ1A3MjlYc092b3FtUnB5SmtYb3F5QUxGV2hKdThEVkJqOUl5dFdLcmNhRFZybWdfZlBjRV9lWmZzeEVBX2tjcDBLdzNpbFdFQ1pzNWxmMWc?oc=5
2026-07-23 03:00,Reuters,reuters.com,West Pharma raises profit forecast on strong demand for injectable drug components,https://news.google.com/rss/articles/CBMizAFBVV95cUxNQk03QWtEVVA5d0hkTWF5eEJiN3VVLTRRbWxNWk0zZFljZm0yWmtHNDJpNVhBWUNGY3NyUnVneGF3cVY2dk9RVFJiTE5VLThna0NzWU9RMDhGRVpEWFRlZ2F3aFNlS3ZLRG5ZN1hzZFVkWnVpTHBpM0pQSEx5STBmWWpCejByRXd4aGFBaGN3MkdKWGc4ZW9fd3JhdFhwYURoaFJSUDFqck0yQUJJYmpjdUVQZEg2ZFdVd2hpblVzZ050QVVsdlZwbGY1UjA?oc=5
2026-07-23 03:00,Yahoo Finance,finance.yahoo.com,How Will Eli Lilly's GLP-1 Portfolio Sales Aid Upcoming Q2 Results?,https://news.google.com/rss/articles/CBMikAFBVV95cUxPVHdpblY5U2JYUEdaV3FweTRnTnpaU25IVlpzSGhMRDBxZjlFenpTSXVmejVwVl9fVUpCUV9aYTBPUGxVVWx6WDYwalNOMVhvbFh0UGlJWkMtYWtHd0RoUmo4UmltdjNKYWJJMjlBWlhNeC1Nb3o5dXdZcDFWNmxJaE1VSzNwbGx4VkxYS25ydXU?oc=5
2026-07-24 03:00,Barron's,barrons.com,Eli Lilly and Novo Nordisk Are Locked in a Legal War. Don’t Lose Sight of the Main Event.,https://news.google.com/rss/articles/CBMijAFBVV95cUxNUEpmcU04Ql9LeWVXeTlZU3pQYWJTMm01NjJJQXdSV2JqdTUyT3Ywd1dMVTFUaG1oODBwZHBiNVB0LWRPTW5BRWpoOXExSlgwYzU2VUFWQ0lhd3B0NDc1YkljQ25FeFl6aTl3alJINGw3aTNKLUxDRTR5Mm5aRS1VQlB6Z2plTWVha1dWSg?oc=5
2026-07-24 03:00,Forbes,forbes.com,This Billionaire Made $360 Million Selling His Psychedelic Company To Eli Lilly,https://news.google.com/rss/articles/CBMizAFBVV95cUxOR2ZzcXJOV0w5U0J4RkNxLTNZUTNRRmlkYnlyZG9lWC1mWHlKWGVKelNrczg3WVhnb0ZBOVR5UHRDaXZVMVJiV3JjeTFPcXdzb0lJd1BwMU9wV1JyNks5VHgwbDlLcWNYRkZxdjRKRXFEVV9EUm9tcUpVQXVVUkFfTGRMcDdfd1ZFSHFtQmowQldzYVBqTHVzNE1wcHFlaVl3TVFreUQxMk5SYWxHTXRZVFZTVHowbGFmMUtLZ3BkT0x2endpR0ZrNFhKTTA?oc=5
2026-07-24 03:00,Investor's Business Daily,investors.com,"Eli Lilly Stock In A Buy Zone, Set To Ride The Peptide Wave",https://news.google.com/rss/articles/CBMiywFBVV95cUxOTm10Z2FGUEZlcUx3RmJhZUxMWUNHdTlkUVcxQ2F1R1NvRXVXY2VVbXIzM2o5Z3ZGNUY0RDhSZktDLU9ZZDdZZjY0VUZQUFlZNXJzX1Y1SlpFSDFibUpvN0VvYVNzWjBQRGt2YUhFNmJhTG1WdlkzX0xSWTZ0TXJ0djVwRTVqYkRZZmJON0VRaWx6ek5ERlFVTFlyY1hLZDFyZUs4SElldi1zWTAzNF9vNUgyMkZoN3VwQ3FaTFc5Nkk4ZldpcExJU0dnOA?oc=5
2026-07-24 03:00,Reuters,reuters.com,"Lilly announces more next-gen obesity drug data, plans Q1 2027 FDA application",https://news.google.com/rss/articles/CBMiygFBVV95cUxOM2cxVXJKUk9HeTl6eEU4MEJxMGN2VEpYR0pHaDUyTFlFUWVvbk9NRG9taEdoMmVlRlJoN3cyemkxSFR6ZURHREhzZnYybkdfUHlYb0hPZU1FZ1V2ZE1aWHI5U2U3cXJIQW5fMFdGajNTYXlhX3Z6Q3V3d3ZReTlNVmt5czN4VnJmRnZnanQ3dGVCMTByaElySk9PVEFkXzEzbldtM254dFJmWDFRZkZNbi1hVDktWGR0RGdJcTFBZlF1U1hSQXdDdGx3?oc=5
2026-07-24 03:00,Reuters,reuters.com,Novo Nordisk pursues preliminary injunction to block Eli Lilly weight-loss drug ads,https://news.google.com/rss/articles/CBMiswFBVV95cUxOTUxDQlR4d2NyZW9Udl84bW9CaEhSemc5Q0s5VWgwbVpqM1piYlpYYjBHRDkyQ29USDg4M3Z1emNseXNMcVA5Y3ZzN2szUzNsdmc5eHV2aHJtZURBV01USTExU3BHLVZGWkhiX2F3Ql9kTjh2Z3Y3RGJfbG1GWWJmc1RXdjNhZG9xTk5SZTlxVHE4cmswejB0cC1HOTNvbWpZeHZ5YW9OcHpYb016SF9ybEhEcw?oc=5
2026-07-24 03:00,Seeking Alpha,seekingalpha.com,Eli Lilly and Sanofi-backed Scribe surges in public debut,https://news.google.com/rss/articles/CBMiigFBVV95cUxQNDgzLVZIdDRfWXg1YnFONWs5bURiQmhrTWEwelUwaTQ3MVZna21yTGJmd3FMR2h3cnN2YUg1c2syVUE0cDVRa09vNDI1cXB2ME5tcGNxelhlN2VuS3hJTUVpNFQ4NFJvdkRwa3Q1OGlHc1hEMHNxNW5oUlpPM0Q0SUxnRDJHZktSY3c?oc=5
2026-07-24 03:00,The Motley Fool,fool.com,2 Top Growth Stocks to Buy Right Now Without Any Hesitation,https://news.google.com/rss/articles/CBMimAFBVV95cUxPcjZSQU8zczdKeTJNRmdoNllid280WDNJY256MXRpTlZiR3c1al9YSHVBclRBNkJqckxTMzRBVEl4eTVVU1BVdGxOWEQ2bVV2dzFkXzcyRFNnQ2dfcFZMcTZ0NVdBcmVCVDZQOFVUWjJ2VUJZNV9GMF9iaUtqZ0IwLXFwV3BpcTlYTFNHT0ZXTmt2SVpfVUtnRA?oc=5
2026-07-24 03:00,The Motley Fool,fool.com,"Why Is Novo Nordisk Suing Eli Lilly, and What Does it Mean for Investors?",https://news.google.com/rss/articles/CBMilwFBVV95cUxNLWVlSENvdkNpMV85aWZBWWNWczB2UjB5R1BNejZyMXlTQzc4dDIyeUFyd3RLWllMNFk3VlEtZGlpamlhNTR5UHVIc0M2QjQ2TktfMEh1RVVpTFJQV2IyaDdnZ2E5d29Ga0hDUmxYMGoxcDJ3Yk5rbTdaT3hhaElTXzYweWxGZkdGbXlVTUFpN0JsYVNEVGpZ?oc=5
2026-07-24 03:00,Yahoo Finance,finance.yahoo.com,LLY's Retatrutide Nears 2027 Filing With Two More Phase III Wins,https://news.google.com/rss/articles/CBMimwFBVV95cUxNNXJWdzgySXktVTROZGlMdEhEaTh2U3ZHSGlIb1ZncXUyRHFTYnEydWowNjhfU2ZIMGNJaXh1N1lsbTRFOUFEQTJIb09EbUNUaXA1VTNkeGtZMzJzaW9NR2hrMGhKMXRnYTlUeDZIMVAzQVRzOVNFZlJ6WmpMWG5NRmUzdldST3VqemJ1Vl9Id1dUdGRmUHkxT0RLOA?oc=5
2026-07-25 03:00,Investor's Business Daily,investors.com,"Eli Lilly, Dell Lead Five Stocks To Watch As Leadership Shifts",https://news.google.com/rss/articles/CBMib0FVX3lxTE16WHBGV3FhT3E3QTVSaHhiZlJyRGljQWVoTGRtbUJ3NklJVEl2YmM3OWlKSEdrc2RfNklaLS14cjNLemZqS0ZFMjF0cHVFTGxTdk1STU8yWHoxSUkxZUw4OUp2WlJBUmk3cklzS0NKVQ?oc=5
2026-07-26 03:00,TheStreet,thestreet.com,Goldman Sachs sees writing on the wall for Eli Lilly stock,https://news.google.com/rss/articles/CBMipgFBVV95cUxNazZaTHdDSXlFbDNhWm8wcUJ6RU0xMElwZGlnQUZiUzZGWURNOXRzdWZqWUZzTjRVYkdRdWVOUVZHT1BvQ0lsMzNjOWNDVnh2ZXllRDM5SGR3Q0Zwa2k3Nnp5di1XWGFWbUJJQ0hKXzEzMzlDUnlmaHlNZnhKUWFXNXRwTTdYcGVpTzJvUmJvWkVDbnlGa0tjQW9ieXZEQ3hxTnQ4anJB?oc=5
2026-07-28 03:00,Reuters,reuters.com,Novo Nordisk must face US shareholder lawsuit over CagriSema weight loss trial,https://news.google.com/rss/articles/CBMiuAFBVV95cUxQdnV4amR4MmMtS1NKQmRNN2g5SmoyeWRtX0w5Vk5EUk1PS3ZxdkY2YzZETWI1andhVjc3SmlqZ1A4MGZxMlJyTTF0b2s5dmJ6Z2dCeVlRYXBYX2thQkpVMGYtbGhHNVZnR2ZKcjluZjFDbkpRT21PS3pvMWdaTG1pZFd2TmhTaU05N1ZpRHpueEg2b29YYkpkQXItYWt0dnoxSWF6bV9CUmNRSmFzcThEdldkZDE5eGVa?oc=5
2026-07-28 03:00,The Motley Fool,fool.com,Where Will Novo Nordisk Stock Be in 3 Years?,https://news.google.com/rss/articles/CBMijwFBVV95cUxQZzJxOFJud3B6QmZRTUoybXRYLVRGTXd0eVVqbmEyRzJ0Z1BlWU9fZG1fN2tSRE1aWTE4ZkhBOEtWa1RvQ1FyWTZsTFhnM1k2SUoyNUo1aVdoUzJRWHBOQ2RIN044TS1aMThOa2VPZk9kU2JsTlBUQXB6cDZXaE5wY1pOQVRLOE1lelJHeWdfNA?oc=5
2026-07-28 03:00,Yahoo Finance,finance.yahoo.com,Eli Lilly (LLY) Rises Higher Than Market: Key Facts,https://news.google.com/rss/articles/CBMilgFBVV95cUxQRGFDM1FVZmxvV3pQbVB1R1N3UWtkb3QwXzNBMjZTSk1BUW5GRkI0YlF6NEF5TkFoQldiNE8wRTNyelV3UXl2TjJYX3hfLU1HZDJJdS1UR2k5dU40Z014U3RXNVJpa181dk10MDdJTElXR3M2QmoyYmNhVnQ2aGJLY2pEaURhdDVUaENsTVRxNVRaOEZpQ0E?oc=5
2026-07-28 03:00,Yahoo Finance,finance.yahoo.com,Here's How LLY's Non-GLP-1 Portfolio Is Poised Ahead of Q2 Earnings,https://news.google.com/rss/articles/CBMiiAFBVV95cUxNSHR2UXZsNWRFRHRZYUxOaFVyYVk4YmFwRmNtc3c0QTRweGN2cGhGb2lnbHdNMTFtRzIteGhJcV9VRl9wNmFtRVczcC14RExKMGgxRU95T3h1T3FkRG14dXRScDAyUlc3Vk5jUGJJdGZRS2VWTF9FS1ZtZjl3RW9UdGIyU2o1VkJL?oc=5
2026-07-29 03:00,Investing.com,ca.investing.com,Eli Lilly stock may move 6.9% on Aug. 5 earnings report,https://news.google.com/rss/articles/CBMiswFBVV95cUxONHd5aHR1SW5QV0xTSGcySkNWWjFDc01Zemp5YjZhanBuYXVwNVdITzNkQXVmTlg3SzZva1lyRjMxSHZZUGd5Rk1jbWxiSl9fYXNkVU1VMnBaWFJDbEhHUk9fV3BJc19BcTNPcHNHMjVIY3Y4VUpuZzV2TFY0NFhITUcxdmpTbUMyN013M1RzWlhkaFJESjNrQUpRVk5YWjdHekctQnNjMjFGckhQN3YxWnFBZw?oc=5
2026-07-29 03:00,Morningstar,morningstar.com,"Ahead of Earnings, Is Eli Lilly Stock a Buy, a Sell, or Fairly Valued?",https://news.google.com/rss/articles/CBMinAFBVV95cUxQcl9Ba0UwX0dJOHBEUXNnZ0FLUkF5Z093a3I3QUFGUktRME1Gd25kZ0lZandDS3FIdnk5RmE4STlydjVUbXR4OVVPYjJpeG8tNUFSUEdJYlBYSXpreFN1MDlLZ1ItRkU0dTFPTlZKTTlKOWhrbDFPdUdkMnAzcW5TN2hXa0lfMURZdXZsUDVOT3J2dHhTcFVXeVQ0YjM?oc=5
2026-07-29 03:00,The Motley Fool,fool.com,Eli Lilly Is Acquiring AtaiBeckley for $2.8 Billion. Cathie Wood Thinks Another Psychedelic Drug Stock Is an Even Better Bet.,https://news.google.com/rss/articles/CBMilwFBVV95cUxOYndSUFBNOWV6U0F0SUJScGhqVkdORE1xOGJJWUpjeWUzaXdRa2JwYTVfYlpwcjhLeE5WS1ZnckhhbHduWWJhdUlnTVpKcURCMV9BZVgtWUJlTjY1VFZkS0NpRXljQWZtOTNoTUlQZk9ZYUZHcTk1TzlTaGxoak02cEhvak5nT3dSZWQ0NV9FSWxwYjE1V3N3?oc=5
2026-07-29 03:00,The Motley Fool,fool.com,Forget Weight Loss Drugs: Here's Another Reason to Buy Eli Lilly Stock,https://news.google.com/rss/articles/CBMimAFBVV95cUxPTGktWFQxUjNFTHZSOHljTmNfVldrV2hSRTRleG8wWEFUTXRQLW02bXdaLTB1YXB2cUY5OWVSRW5RY0JQdUJ2aVFwQ0k1aU1HbXlCUlFJYklpSUdPRngyY0lxbE0tUWdsc2xXbjctVkxBOEJCUWxfQ2x6TTBWU296TVQ0SmwyNExuZlBFbjFDcmlJb0hOSEFJVw?oc=5
2026-07-29 03:00,The Motley Fool,fool.com,Johnson & Johnson vs. Eli Lilly: Reliable Stability vs. Rapid Revenue Growth,https://news.google.com/rss/articles/CBMiwgFBVV95cUxOVWZyOFo3aXdKeGt2RVY3cnFlTFdQTzE1dXExaVdTTHRqUGo1MUstS1c0YUppMkpZNHpqMnU1TlUyZnR6RWpjdUwteUpyLUZobnJSazJLdFNuVl9sSklxNGFKU0dMVk5UWEVLOHZJaXFlNjNwVG1nYTJQUDR1RjhyNV9DTDRXMWppcTNqWUd1OFRRZExGTG11eVdBNGg4NDY3RFJkNFMtVk5tSXlDRmhSa1dNLXdGRFhfQVZpUHlEbjV3QQ?oc=5
2026-07-29 03:00,The Motley Fool,fool.com,"Meet the Stock That's Obliterating Eli Lilly, Johnson & Johnson, and AbbVie Right Now",https://news.google.com/rss/articles/CBMimAFBVV95cUxNdDcweG11NzQ5ZTI1VG1qRnR5SWFIeUxnZDhsVlE2SHc3MlhjZHcxbWtLcVJBc1ZaNHI1NGdEdldCaDZtTTR1QlZKdU55Sk9tVXowc0dBYkotNGNUXzk1T01kNzE3ZXRaVzZ5aGV6b1ZkbkxpemtOTVZoN3pIbmRYcUcxRVB1TjExdTFjZlBfZ0FGVFFFeVpNMA?oc=5
2026-07-29 03:00,The Motley Fool,fool.com,"Watch Out, Eli Lilly and Novo Nordisk: Amgen's Monthly Weight Loss Drug Has 6 Phase 3 Trials Running -- and It's Coming for Your Patients",https://news.google.com/rss/articles/CBMimAFBVV95cUxQdlA4NHZPT0JIbmZHb1JjSV9mV1pkM3FLb1ViMkp1cFdvbmVaYzlIOXBnbGxuSFRhWFNTaVRfaXJwcWYxeEtxX01aNzV2eXlCOWJQRk4yZTVvMExrSVk1cHJ6R1hoVXJQUHhSdXFUZzNZU0lWX3ZuVmw5dnZQUHV2c0tVZmFDOGFWV2pLbDBOeFlBQTJiemFuRQ?oc=5
2026-07-29 03:00,Yahoo Finance,finance.yahoo.com,Eli Lilly (LLY) Earnings Expected to Grow: Should You Buy?,https://news.google.com/rss/articles/CBMinAFBVV95cUxPOUNKQ1hfY09MZEp5VmZ1NWtPNkJqck1seWNRaWhFQTVtcXJLQXRxYUhRcjRWcjRPUGk5R0tHZEZKNjhIeEJNMDc2ZWxNNzNDbDNsMjhYWWU4M2ltal9JLUZydjFpbUtpaHZxeXRnSmIxWUJ4SWlfMU5yRjBrWlNrQ0ppVE9MOUlyTmNhVl9QaVJqTkRsanEyX281NWs?oc=5
2026-07-30 03:00,Benzinga,benzinga.com,"Jim Cramer: Eli Lilly Is A 'Good Company,' But Doesn't 'Really Care For' This Quantum Stock",https://news.google.com/rss/articles/CBMi4wFBVV95cUxQNVZJdU1qTmM3VVh2cURfeFY3RUtpZ25RMHZDazk0NUZnUEtFVEFFd0tGMXRoRkF5X2lYcVVJeFZ0QmItVl9DczVPUDR1Vjg2b05ENXVNN2Y1NmZpWlJJRzE2dWFudXJKcy10UUVxcXhhRU9BY3R5YmRVZ2NkM2diRkZYaXJGZy1EemE2Z3J2NnRWS1l5MkZ1VXZpNG1PSGZkbGVVcFAwNlA4Y1FSeU9mVXRWLTBvbU1QOFhqMXh3S0hwOXVyUVNIRGhBdHMtRUZ0d3p6a3pFQm8wdFRvakJtYVBwYw?oc=5
2026-07-30 03:00,FiercePharma,fiercepharma.com,"Lilly, Resilience commit $750M to boost US diabetes, obesity med production",https://news.google.com/rss/articles/CBMiswFBVV95cUxNWE1lSDFmX19UalJMR290MDhCSU5Denh1ellpT2JuNzJPV21hU0MzRDdrZXZUMFNPdHVpMm9MTHYya3VtNTJrRVFrb0owekZ5T01ocmdlNU5hY2dBWWQtNkUzVi1uYzZCNWM1eW9sVlVZQ1M2ck16dmdRMGRQcnZkQ0xob0F4ZW5NSm8yRFRxNHp1NElTcW9nZV8xODUwc0JtNzhxZjVSRjhVdUh5Y1hHNFpvTQ?oc=5
2026-07-30 03:00,Investing.com,ng.investing.com,Eli Lilly and Resilience to invest $750 million in US manufacturing By Investing.com,https://news.google.com/rss/articles/CBMixgFBVV95cUxOVVBzelY0LW4zWWdYaGxLZ3hCVDRwWnBTeWhzbDdweGhGQVVkQ1ZudHhscUxDc0lWSk1nNGQtWm5weU9QVFo5UFRiUkliMzQ5aVN0OUl4alREMzVtZnlBN3k4TUtuX1RwSnQ4S1dmTXdOdFI5UHZqTzBNZV9wMENnbGZCWS1JZmkxREdCS003bzI0VEJ5cUx4cVF1ZVVtb3ZnODQzc3RzZk8zTlFkNl9hUDNma2JTdHRtU1ZUVERkUVdnbk5xeEE?oc=5
2026-07-30 03:00,Yahoo Finance,finance.yahoo.com,Pfizer Inc. (PFE) vs. Eli Lilly and Company (LLY): The Growth vs. Value Play in Pharma,https://news.google.com/rss/articles/CBMiigFBVV95cUxPejdsX2pMaEI1S21oSWp1TVZJbXl0ZnQ4NTQtV2ltZVI3OF9GeFdNdTRhYXhqcDd4aWJYUkgyRW1jdm82S3FsUERVOWY1d2dfbXNTRUduN0RnMjZNVk1iTXJJaDZzYjZwWHdxZkVhZGgyS29rS3ZRNXBEajZsQTJJUjkza1paYVhpRnc?oc=5
2026-07-31 03:00,Barron's,barrons.com,Here Comes the Next Wave of GLP-1s. They’ll Treat a Lot More Than Obesity.,https://news.google.com/rss/articles/CBMilgFBVV95cUxQMVFNOWZ3dXpETl9lRWZ5MnNoRzlWcU5LNjlZalJXV1VERVRTdEN0OVI1QWZDdFpTVl9RTkxTcGhpejhtNWdkcmNjN1N5djNSajc4RXU2aGFpanhJaGZwMWhMRWE3eGZOUUk1TFhrS3JqWlFid0s2Mno4Z3BndTUwNDF3UGk3Q05SQUpTdHlZSUFPT1BReHc?oc=5
2026-07-31 03:00,Investor's Business Daily,investors.com,"Beyond The Megacaps: What To Watch In Eli Lilly, Sandisk, SpaceX Earnings",https://news.google.com/rss/articles/CBMilgFBVV95cUxQMHpaay1ZTjVZNXVwOWltekVvbElORk1laUN6ZlhPU0JjYzhGaWJ0eGFZQkt1V0E4UUotQVhrN1JBMlhRbVp2VUJ3eWxvYnVhOUxCcTM2eE9ienJMRXFWWUw5WXRlNTVkQVhRWDdETEtUd3I0OW1zb0h3OXcyNmhWMWJIZ3BTM1hTaG1TUGdaVmdIU3ZxeUE?oc=5
2026-07-31 03:00,Investor's Business Daily,investors.com,Weight Loss Drug Stocks Slump. What Ozempic Maker Novo Nordisk Said.,https://news.google.com/rss/articles/CBMiowFBVV95cUxORWhEbVhBY0haRVlRajNQZ0JpMVhUWEdHM1NkQTFQUEQySnpUa1hxbkczT1Y5VVhCT2hSUXY5dW5La3F2bE9xRWg0SGVJWDRPRmtaZ1lYV19ZYzlfM2Z2U2IzVTQ3MFpOYVYzTll6dkVQeDZBQ19uX1N5VV9UTEJRdldhTHl5V2s4TzhDOHFGa2FDcXlSa0xQdk1xOV9ZQU1ZVWNZ?oc=5
2026-07-31 03:00,Reuters,reuters.com,Breakingviews - COMMENTARY: Eli Lilly is pharma’s latest victim of success,https://news.google.com/rss/articles/CBMipgFBVV95cUxNQnRwWnVzTVNGbV9ybDhEYmJlMUV3M28wTVRNYzR3aUpKX3k2dGFLQ1dYREtnV2NQOTJYZnhYbS1aTzRCSldwSE5FcHRja3E2cnlfVnhnQkZ2a29RTm1heUlHYXJEb2ZMREFseFBNOFNZS3I3Vzh0SGRCeDdNb2lTNnN2RGdZNGRpUjFQMjFlVEF0OExiZmZMMHdXdTg2YjRBM1A0Tjh3?oc=5
2026-07-31 03:00,The Motley Fool,fool.com,Eli Lilly Stock Has Skyrocketed. Novo Nordisk Has Crashed. 1 Number Explains Why They're Not Even Close Anymore.,https://news.google.com/rss/articles/CBMilgFBVV95cUxQeWItd3VDV1dJVE5CNWtTaTViZnlFMi1XS3ItWmt3ejNnZ016NFhYc3dFaEJpb3hKTktVelQtMGhmM3JoRmY5ZURMX0dkOW10NlFMQ19wMzRpeWl2am5aUWtXbFlRS25nUzhBY3JjMEY5VDh2TE93SEVjN05YTVpwNl9yeElMZUJ5OHFTVUlQMlNQUTlBM3c?oc=5
2026-07-31 03:00,TheStreet,thestreet.com,"Jim Cramer says one popular stock is meant to be owned, not traded",https://news.google.com/rss/articles/CBMiqwFBVV95cUxNcFEwZmlMLWt4V1FnWExzS1k1NmpzVGVaUVdxRkdYc2FoZjMzOElHRERGbUd0MXlXZGhkemc5bmZSTEdPZ3hfWlVWanlYOUE1YTFmQlBsSE9DMExjT2ZkdmM0aGl3d1k1TmR2a1dRNWJzUThqaGJjbFVBVUdPZ3dSRjM0NmM3WU1ROTJNS0lwclZGMEZyeXJBUVJlWkw5QWNmZEZqeHlERkJCUDg?oc=5
2026-07-31 03:00,Yahoo Finance,finance.yahoo.com,Novo Nordisk vs Eli Lilly: The Better Buy Before Earnings,https://news.google.com/rss/articles/CBMijwFBVV95cUxOdzNJbnNBMDNLV2hhTUtWRGtrNjM5SVc2UllpcWp1bk5yc1g4cUx2VWJZZ0xuV3lKandycF9Fb3djeTdxZTVpOHJEdkRZT25meDFIUllxY0NoeUNJTG1zWDFfOXRaN1dGUG95WVozQkVyMk1iRHFTYlZYN25IRTFEdTJyQmlTYkFGQjBCRTRmSQ?oc=5
2026-08-01 03:00,The Motley Fool,fool.com,Prediction: Eli Lilly Will Be Worth $2 Trillion by 2031,https://news.google.com/rss/articles/CBMimAFBVV95cUxNdDZ0NGEwaGRyRmJuOWhybFRobXIyTmxicmZMcDN6YnpCYmFUQkVUM3g1dGkzajVnd0J2WF9CS2hpMHBqX3VuTVpzaDJ1MGU2TkdWdDhjT3MxRU1seGdpQ2hVRldETWV1MXpNcUFxVC1QTDZiVjRxQkM5cGt3UFlzbjdUU1ZLaElTaWZNVnJOQVpBWVB5SEV3Rw?oc=5
2026-08-02 03:00,Barron's,barrons.com,"Jobs Report, Palantir, AMD, SpaceX, Eli Lilly, and More to Watch This Week",https://news.google.com/rss/articles/CBMilAFBVV95cUxOVWx1RDdyb0gteWFqMEdGRjd6R1RqNmwtOW5tSnNoeGxjSGFmRFV2allabEVxbGVOUHlJR0dLQ3dnWmtZdzdCRDFkRkRmNTlpV1VEQklEakdzUGVDVjM5UFdpMjRiaVRaN3pyc0ZQYjhqMHA2M3J6bE96SXF4UC1ncVVVQ1JEcnZEczhGVVBneklvdmtJ?oc=5
2026-08-02 03:00,The Motley Fool,fool.com,Abbott Laboratories vs. Eli Lilly: Which Healthcare Stock Is a Better Buy in 2026?,https://news.google.com/rss/articles/CBMizAFBVV95cUxOaHdGY3RpNko3Y082YlFNR040S3Q0UHZpdW1kOXZDc1U1TF85RUswMlg5dHhYQ0tJZFFoaU1pVTJMeFVPX1pOTzBnMFdsWHZaeWFWSEpGVjcwck40cms3TGxOSE1HZEdxT21FUzg3SlJ0OWRnb2VIbU9iNWxqZ3k3OGwzNmEzYkptWktJUURFX2FaTlc4cmcwTnNkWG5xUTFNRWdIODFQYUlyRUZyNlFVSkJUcjhrSWtpZnFWam10REZRY3VhbVEyTzdJRGw?oc=5
2026-08-03 03:00,Benzinga,benzinga.com,Eli Lilly Could Swing Over $76 Billion In Value After Earnings,https://news.google.com/rss/articles/CBMitAFBVV95cUxOQ0MtSG9JUUYtNThBeWhON0NRcEN3MHlRVG9pTGpJTlBEakw3MkptQVE3NERSa1h6TTJncExOdlRlTW1rQlJycU44OUJDS3hHMXNNY1lyamRtX3V1cF9YczZudGxodEdUSElNWEhMbi1wa3dNcU9nUVlILUxJcWFxRlI1MmZ6Ni1LcEduU3ZZNUpJaGNXWXdkbHBGdlF3QTZVSW8wNjNHSFcxNWN1d2Fmb0lkNFo?oc=5
2026-08-03 03:00,Investor's Business Daily,investors.com,"Read Between These Lines As Eli Lilly, Hot IPO And More Face Key Test",https://news.google.com/rss/articles/CBMi5wFBVV95cUxPT0k4a1o3X1pVcTlMaFFvQVRxcTdyV3NVdXZXSXo0M3JJVXEtTjBRNm9fdVRqSjZnX2VEVnB5dlBKU1VFN2hRa1FaYXRQdHB2b0FUeE54eFVMUExVT1ZOWnROS0FBMU4xUzFCVF9FLTlIWGVrOEhIXzFiSmg4b25Xd0I3bVEtanlVYXhDenpaamdkalZhMUd1QzItV3BjNVZrZEE1X0lnVVp2UFQzdVQwRTk1RTFrbWZVTXBzNUNCbU10cDI3N1oxalVmRmZYQVkyZVVzLUlnSmk4SnlnbGk2MVJpUUhPZ3c?oc=5
2026-08-03 03:00,PR Newswire,prnewswire.com,Lilly's olomorasib receives U.S. FDA's Breakthrough Therapy designation for the treatment of previously treated KRAS G12C-mutant advanced pancreatic cancer,https://news.google.com/rss/articles/CBMisAJBVV95cUxOZmFGRndRRFZna09KMUs1NjZZeUJid3ZaNWFSZEN3T1A4bFNIWk5lQXFfOWN6QTBYR3pPOHJSb3BaNHZaQi0xV0tITmlBVUl1TkFTUVpJbGl4b091RFM5bGU4YU9oNUJsQloySGFhV2hWUjlicUJyaGhtSktVbHE2aEJ6OWVzWlJ2aFJDaUtGbUZoZUxKRXVhWmtjT21xZ3R1NWVxRWNCNHJGbUdjUG9SMUVmV0RZM1d1OG5sbXNzYjRaRG9JZ3o4cE9yc3NJMldFOHFMNmtXOEthNTc0TG4yOXBqclNjaXhBbDBJa054dk14bTNrVzRDNDIxNU5yR2hRVTdMNktoVEl6dktHSEhpd2NzVkQzNU5PMHlSZ0NSLVJXOHhTOGpUbnBwenZxdXpV?oc=5
2026-08-03 03:00,Reuters,reuters.com,Obesity battle heats up again as Novo claws way back into race with Lilly,https://news.google.com/rss/articles/CBMiwAFBVV95cUxQOFdYMERBcjBacXRBYmZhUllQVm05U2JzVDU5dGNveXE0dk10MmxSNWl3R0J4OVNmQlN2SjdtaGhSYXhfd3gtLVlTUkJ0NEFZRVJTMkFLTTB3TUVPaEpxdVI2bWMzaWtjbXhHczNCOXlwZTBvdUhVMHpQWDY5NXR6eU92SmN1dWw5YU8xTy1tb255TjR4ek1RMzJMUTdPbHRHQ3pwblRkbndQbUJCUWNZbUMyc1ZOZ0JKdy1wbkVDREM?oc=5
2026-08-03 03:00,Seeking Alpha,seekingalpha.com,"4 stocks to watch on Monday: MAR, LLY, TSN, and PTON (SP500:)",https://news.google.com/rss/articles/CBMijwFBVV95cUxPbS1tazdtZk9YckUyWkVYWWhsWUZIVXY5TXEyMzFCaWZzM1o3MVJ5OTBHenVYYW9sZHRVWmRsRkFNZnpydXluazA2YXBkY2F1a0RWS1BLbnJBX2JsVjFoSEZSdzllNkttV3F6QkxEZUlhLTdzRUpaTk11SlFLdnZseW5RZUd4cUNaSGZWWHl5TQ?oc=5
2026-08-03 03:00,Seeking Alpha,seekingalpha.com,Eli Lilly’s olomorasib gets FDA breakthrough therapy status for pancreatic cancer (LLY:NYSE),https://news.google.com/rss/articles/CBMiugFBVV95cUxOS0pUWlBFMTVybkVENHFVNTFELXNvWFBBbVBCR3RMT2o1bEVjYXJqaFY1alV3aHhVbFRJNUtjcExhcjRyVjJDWmsyTHRTOVhrVlB5UG1Xc3V0d25NbGtXVnNzTkRKOHNScUtyTFpPWVpEc0JrWThEaERNa0tONEhXTkRWU0JWVTJ5azEydnF5Ti1rZ2xERmwzdjRUNnNNQ2xsNW5IWW9EN2sxeWNkRzlsM01Gc09jR0RqcUE?oc=5
2026-08-03 03:00,The Motley Fool,fool.com,Is Eli Lilly Stock Running out of Steam?,https://news.google.com/rss/articles/CBMiigFBVV95cUxPN3loVGYyek1ndlIycXlMWnZhRF9rLTZCcjM0Z25STjdtSnVtVnhuZUhUbGt0NEhGVy00YVB2RVFGUFo5WVVTU2p4TnY3RXNxcjRLSWJoZmR0aEthWUpITVhMY21Jd2hWR2FvVVlVTmFmOTByNFMwSGRZUkZWR0g5dnRMS1BWQnUxRXc?oc=5
2026-08-03 03:00,Yahoo Finance,finance.yahoo.com,Eli Lilly (LLY) Stock Looks Below Fair Value On Cash Flow,https://news.google.com/rss/articles/CBMilAFBVV95cUxOalgtWkkzdFgyUFdXb1B5aDZETlY5eGpzSjZQTG12Q3ZYaUxhbE5PT25VNlBOWGw0Q1FWRVVkQnB5aFBvX282RDFFOENHU2JmVHd0Mm9uNVJDLXJGN1RZT0t4T0NwaHBvX1RHT1hUM2FyV0JmU0JTMXZJWUc2Und4VmhESUZEYjdIZHRrQ1p0YW45WG5v?oc=5
2026-08-04 03:00,Benzinga,benzinga.com,Eli Lilly Could Swing $65.9 Billion After Earnings,https://news.google.com/rss/articles/CBMirwFBVV95cUxQaEkxOHpQNFhkUW9NSTE3aHZsNXJlN3RwTENyTE8xdUxLUXYtM2I4Y3JEcUZEcFY2NlIxazh6TEVLSFc0aFBLTmxPMWowVHI2aXR1SWthOS1JTGJnR1VNRjZ3c2YxdHI4bUZBczUyUHZBZGNlanNkckZrN1E2RENlZkh4d0w0M01JY2M0VnJBcFpzX19hUTVSc3dMZWdnbVRWbEJHWS1BbDVndlRIbjhZ?oc=5
2026-08-04 03:00,Bloomberg,bloomberg.com,Eli Lilly Ripe for Stock Split After Obesity Drug-Fueled Rally,https://news.google.com/rss/articles/CBMiswFBVV95cUxQcDc5MVlDcXgydzEtTjQzNmdJbFJhWHpLcTQ0Wm5ibnVPQWYzZ1RaR3NFYXVFTHFZVnh4Q0MzdWxyMXdYRlZfNENaVHNTQTI0QjJkcTNzb1JFSkJHc0VybjI1Y1NXRDJWeThfa2lPYmtaSEdRd3VxWW9sYllWRlpkZ0lpeTJSMktqc3hPMXhvZV9mWmNhQjY2NHhVa2N0V2FPczlpUllUX3E3U2VqQkZMNzNSTQ?oc=5
2026-08-04 03:00,Seeking Alpha,seekingalpha.com,Eli Lilly's obesity momentum faces another earnings test (LLY:NYSE),https://news.google.com/rss/articles/CBMimAFBVV95cUxNNFhvQVlSOTlYSkRPb0RRakhKVllVWlA0bmpMNkFzX0oyZWhaRWd3SG5qZ1ZMbm1tN1RFRUVvMXhJeE1tMVhxb3dqbzFHX1NvRU81eC1RRjJXdi1PWFBuMnBFQXJKbFNNMTBEd0dBRzNKS1gzZ2ZSTlcxYWRSNWUxeVp5cTh0cjRCYnljTlpMR2ZWd09vdnZZNA?oc=5
2026-08-04 03:00,The Motley Fool,fool.com,Eli Lilly Is Up 7% in 2026 and Has Major Catalysts on the Way. Is the Rally Just Getting Started?,https://news.google.com/rss/articles/CBMilwFBVV95cUxOTzB4NW9rS0Fna3VJS2FqY1VNTHNEajZEZ3JSTmdmWHRyWmJNNmlvVm55SkZYUmJteHQtTm9iSVVlRnpPNl9ON2cwbUVkWXdpUGZ4cC13UEJoRl9wM2J0RjIyZFRzUC1fakJSYzVHdUVEQkxINjkydnZRem9QWG1jRm10X2pfZTRGNVJlLVhyc0pJaUFKVVM0?oc=5
2026-08-05 03:00,CNBC,cnbc.com,Eli Lilly CEO David Ricks on Q2 results: We're pleased but not satisfied,https://news.google.com/rss/articles/CBMiswFBVV95cUxPRDZHTlJPNnk2NHEzNnBPSUg5ZFhVVEY4cUQzajJJUmRXMUxvSm1JR2dmT215d0NZc0RWOXJySHdJMS1jNWpQX09WWU5lN1o4NTBDd1pSZDZOMEhIT2NjdWE0aWQ5UmxtcTZiU0x4c0V4UHIteWs5cVRicmlEWjNRQ3ROSjZPNjdvSUpGM1c3X1I2dkRvYmw1YWFvY1phOWVScG9YOHZfWGdHaGFNUjU4YVVrYw?oc=5
2026-08-05 03:00,CNBC,cnbc.com,"Eli Lilly easily tops quarterly estimates, raises outlook as Zepbound and Mounjaro sales surge",https://news.google.com/rss/articles/CBMidkFVX3lxTE4wT092aW9Jd0d1MTFTR0hmQzhRd0pnQVVheDRad1ZFMXhYZ0ZIZjMyWFRwUTQtSFdHMVdWOUlHa25ZRVdtQU5PclBJenBoU28zVFN3UWNGWFR0Z1hUcGF2NWdUcVpFOU9HQ1VxbDJxV1NkSVRNZ0HSAXtBVV95cUxNWG43amNEbmRBNjQwVjNVa0tRTzlwQTVZLUExeGhGZU1FLVBBUlRzR21YRHN3YWstVjgzNWhGVFpfTDIydEVXb1lUNS11d2ZBOUdTR0NoNmExOE5YMDVLeVo0TUR1b1dQSXBfTUFyQm5PU0FZM05TTm15Q1k?oc=5
2026-08-05 03:00,CNBC,cnbc.com,Eli Lilly rallies on earnings,https://news.google.com/rss/articles/CBMifEFVX3lxTE8yTUl5MllYaXJUclNiU2cwX0ZfT0x1Wl9SUm0xZHQ2UDRfWUkwa2dnWlJQaTR6WWMxM0o5Z1YtQV9FUzlRSVVpbHMya0ZoaUxrcV9Fd1FNdlpmWHZQdERubFhCaGJFZUswZzFDalZ0b1FKVHI5MGxOX3hXOFo?oc=5
2026-08-05 03:00,CNBC,cnbc.com,Novo Nordisk CEO defends economics of Wegovy pill as lower prices weigh on sales; shares fall 5%,https://news.google.com/rss/articles/CBMinwFBVV95cUxNNUFYak5TVTYzRkZJMk5mczh6WW9SVHByVkk0dkZIMkRsSkdDX1Mtb1plYXQ2Y0JzUHFNeU9zY1F2RmpiRVFJLVpnb2I3MTVIakpRaDlES3FXeHpuUzRCNTRHNnM1dnRad1dqVThuVXJ6RU1DamtfbVNRME5FUFJObnZ5cGhmbkhoWGJSSkFpaUYwMEZuR0xMUXo3VlA1RjTSAaQBQVVfeXFMUHc1RVp0Y25RcjN0VHhMZFZVd3hXaTBwVUJpWWRjNW5Pc0doV2cyS2Jtd2didU1JbTBvTXAyLTlQRk1xYlh6MFVpREMyTy1qWVZ6SUpCMEZidVR4elBLcHF3YUhRS1pmQk5oWmFfcFhTZWZPdXk5MjMxVFM3Q2NmWlA3ZEdHRTRGOTBkRDY4QjJFMnZXYlVGNElfNUV1T2VyaW5Rbmg?oc=5
2026-08-05 03:00,CNBC,cnbc.com,"Stocks making the biggest moves premarket: SpaceX, AMD, Eli Lilly, Disney & more",https://news.google.com/rss/articles/CBMiogFBVV95cUxOWU41WWlLZWdadUwxVEV4NXRwOERsN21tRkM3VWtlWElDNWYwU1JEN0tGX0I5cHRvZTExQ3FtTUxhNUJUcDI2YWNQakVTMGtSUldtRVlVSm9LeVRUOTlxN3dVd09YSnFES1BpbThiTDZyRHZyZFo2VHhfUEFhZEltc1U2LXZnWENOWXRETUlYZ3JIQkRlNkRJVW92Smlzdnpycmc?oc=5
2026-08-05 03:00,CNBC,cnbc.com,Watch CNBC’s full interview with Eli Lilly CEO David Ricks,https://news.google.com/rss/articles/CBMiowFBVV95cUxQU214c3o4c0RQMGRyWVdKN3ljWE5OZVJ3TEFxYktsZUlRMFZ2OS1OT3QyQWtGWEVzQ1NVYmc5cGZjSnVLZDVNbk1QUUhXLUJOZ1JNdzlVVFJpX2IweGVFWVhiSWZUZXNBMlRzOVh4dHktUTNBYkppSnB2YUdhUkxEUmFTM3dOa0czVjhjSmtRTGpxTzNSVGhld3FQbk1pR2diZkE4?oc=5
2026-08-05 03:00,FiercePharma,fiercepharma.com,"Lilly’s obesity pill Foundayo ‘disappointed’ in Q2, as injectables continue to boom",https://news.google.com/rss/articles/CBMirgFBVV95cUxPQVV4RlFrUEswVTJLWVdkNVRNTXI0ajU3ZUppMFhnN0ktdkdwT2lndXNQUWNXUzNVYnJ1alFxRWIzYlJiQVYxU2VjdlBTR2JlWFVLZ05ZMjlUR0xpb2NnbDNsT2xIZ1hTX0xHSC0tLXI0RGh4UFl5SDI0UkZ4bWk1U01DYXhRSF9OT0dFWFY5WHVNdGxuT2d4dzkxdy02a0ZPUVZpWlB0cHpvRHVLYXc?oc=5
2026-08-05 03:00,Forbes,forbes.com,Eli Lilly’s Obesity Drugs Drive Massive Revenue Growth,https://news.google.com/rss/articles/CBMiqwFBVV95cUxPdjMxWFgtNzF2Wi1obXBEUXlOMDBpQk9kbFdpQmIyS2dFVHg0S3FXWklTS1l6VkRBWDczTjM5MC1Hb2x6Q2tHb0RlOGJEVG16RmVXU0E1djU0WHVXRHMyN25QXzBjNGxubURJdmV5RTFHdFpqMlRscDcxenhrU2NlRlNBQ0lEYVd5VHFvNnJwRU83OVo4NFd4ZkdzZVBycFBNX3N6UW1pV0RIZmc?oc=5
2026-08-05 03:00,Fox Business,foxbusiness.com,Eli Lilly stock soars on GLP-1 weight loss drug demand as Kraft Heinz takes a hit,https://news.google.com/rss/articles/CBMiW0FVX3lxTE1jMUZaMDNmN01tX2M1bVk4MzNud2tpMWhGUElnbGF6SnJ5aEU3aGxxYWV4UENQRVYwRk1UTmdaOEctMmxCa3VSb1VyemJNeW9QOVVzb1pVempPcmM?oc=5
2026-08-05 03:00,Investing.com,investing.com,Earnings call transcript: Eli Lilly tops revenue forecasts in Q2 2026,https://news.google.com/rss/articles/CBMiwgFBVV95cUxOdWpJYkJ4eU0wUG9WMnFDUElib0pWMWpTWWxoOUNUMjVra183YUY1RDFQOGVlQmZidTRTVjk3aGRJbzZKbTNnaEN6Q3p5ZjF0SEx1LVo3alItUTcxdWlXbG5TaTB3QzZZdTNvRHFYeGs3VTZzdnFzRjVDMWU2Z0x4S1R6R2U3VkRjaWhwX2I0Q0NNdWdWUFgzQ0xWRjVLVGJpazlMN3hrNUlfLW16dVhBTWxLeTNqMVp5Q2JndHkyczhEQQ?oc=5
2026-08-05 03:00,Investor's Business Daily,investors.com,"Amphenol, Eli Lilly Among 21 New To Best Stock Lists",https://news.google.com/rss/articles/CBMikAFBVV95cUxOdFZ3LWY5NUNyQjR1NnVqZ1F1N0dhSXAxQ3RybGxGN09Nb0NIc1RST2tDVW9KN2pkVXprczBOdWdTalVmUjJ1cFRpSUgybVJrSVFmaHhYWVZHZkxYZW1XMEcyNXFrWGt6ODl6czd4LXlNZWo2WHhlcng5OVFxRGhiQndILXZWZk5qOHZrcHFHa3c?oc=5
2026-08-05 03:00,Investor's Business Daily,investors.com,Lilly's GLP-1 Drugs Just Blew Sales Expectations Out Of The Water,https://news.google.com/rss/articles/CBMijgFBVV95cUxOcGpDTDBYNjV5OGkzaDh6eDlVX1Fpd3ZtNmVZTUxqS3J2M0pzRjAwWGMwbi1LU1FPRDRydWVMcGFpNnVhLTRTVXo1UHpMeU1YbFJjcHh4RjJxR3N4cFh1WFlfaGk4cEJBVEJJdE84Z2MxLVZFOXZNdzZJRmNPRGNYLXg3SmtqcUl6UnVsNXp3?oc=5
2026-08-05 03:00,MarketWatch,marketwatch.com,"Lilly’s revenue soars 48%, driven by demand for its GLP-1s",https://news.google.com/rss/articles/CBMingFBVV95cUxQclZVWG9SZldaVFNvTzlZN3lhNmloUjFXeXR6ckpxQmJDT0dJTzZBX3VQblBHV290Z2tKeFBwMkJ4ZXlFY05iMkRTenBwbWtvLTVZa05pdE5aWjBVbjZZZldBUWtwMko0QjVjcHFnQUxYRlExN01KWHFnbDQxSVFyTGwtNFQ4RnhZV1VnamhRNXdMZUlyb2FibWR0dUVlZw?oc=5
2026-08-05 03:00,PR Newswire,prnewswire.com,"Lilly reports second-quarter 2026 financial results, raises full-year guidance, and highlights continued growth and pipeline progress",https://news.google.com/rss/articles/CBMilgJBVV95cUxQcm9kSGp0TFlxbzBVbGRnZVhXY2p6REhrTm9yWm9sWi1LQl8wcE1VdXFzSVV5dmRxc1BkS0FOOFpNRC1xTFJhakJOX2U4SjEtZEp5dTBCcFlyRHpvVkVOM3JkVXBGd2FSZ01DOWRJM25YcDR0NDJmZFgxRFMxb2lwSjZKbUlYWXl5LVZjY25tYWxjVUJ2bVo2a1kzVHRwWkswT19zV3lnaDc2RzF6OWROUFhCTkEyb0xNQmZIQXVId3V6NVNOZVNkNTVCSDYyRjR6YzdJR1ZKQjRER2RlRmJaLWw3Zm9qSWo3N0Q4RG1zN1o0SHRCZzh0UmhLNWt5ejBXeDVfZ0N0QkFlT19fd25RczNGNmRxQQ?oc=5
2026-08-05 03:00,Reuters,reuters.com,"Lilly beats estimates on resilient demand for injectable GLP-1 drugs, widens gap with Novo",https://news.google.com/rss/articles/CBMi3wFBVV95cUxNQUM2ak5mV1hSTDU0UzlDQVoxVERuOTNXT1p5OTJmbkdjaWFlVHBnLTVORDZkQmdBY0hFYlZCZzJsaV9lZTl5QXBFMUFLNDBkYmxoRi1CUXZncTVOZnE3NXFzb1dGdG93d2Q3MHpQelNsLV9jbzREblJEMmtOSTZBbTkwaGxzc3ItV0RPNGJHNk04Ti1kaEQ0UG04ekxRNk94SHBuUFprcl9kY2Y3dmxuTjh5RHBaQWdlR1Y4T0hTTjRZY1QwMnhjaXJzQTJNZjl1WlpPUFFmcVBCTkNBc253?oc=5
2026-08-05 03:00,Seeking Alpha,seekingalpha.com,Eli Lilly Q2 Earnings Review: Breath-Taking Results Mean Higher Ceiling On Stock Price Target,https://news.google.com/rss/articles/CBMiuwFBVV95cUxOVHJKQkVoLTVxNU5COHB0S2pUYkNyaHJJNmNXZ1hqbUxsaEZ0MVE5cDNCd1h3d0YtS21VeDhEeEpUVTlnRTlWZnByS1hpckVjZHFlMFA1UlgwMGlLclJUV25MNEJsUW1rempjR3lhWFFlTFQyNWgzVVNfWmw4RmhROHlMeHRnSkhyN1NDTUpvbVZhakdkcU42U25EdjlKNHcweno5U3A3LXFIU3pzVVBuRFNMa3M1Q2wydTNr?oc=5
2026-08-05 03:00,Seeking Alpha,seekingalpha.com,Eli Lilly stock jumps after Q2 beat driven by GLP-1s (LLY:NYSE),https://news.google.com/rss/articles/CBMikAFBVV95cUxPRHBmVlcyZU92WmJpYVJWZk00YlV2N01ramx4elBiaGpOdkZYWHhiVEZBUGFDRW1OTV9MYWpqdmJmMDdObkhZZkcxYkpjX0cxSm9wcVhMSGowYzgtWjR1TzIzUXNodGw5MENLbmFIZHk3eFJ5WlVOalJhWWtTZjY2a0t6a2NINUNZQkxqZHNXWUo?oc=5
2026-08-05 03:00,The Motley Fool,fool.com,"Stock Market Midday, Aug. 5: Eli Lilly Pops and AMD Drops in Mixed Morning Markets",https://news.google.com/rss/articles/CBMi1wFBVV95cUxNd0w4b0ZFOXh5NGZ0eV84QXZCV1VNTWNTOWxVOVJNTUs0b0NtY250RUhkX3NrdWh3RmJ3ZndheUN6SWIzbGFsd3UyNHYydzlBTjI3WjlRZ0JWcW5hRjNrNmVfT1FfRl9GbUtnajIwbkw3OHFmUGd2VTEwVW1nTlFjMEtIN3ZjWTlNaW9LeERNNEJuSXV0WkN6MHpTUnVQc1huR0FtclpXU2lmOW5ZVzVGV2s5NjV2S29LeFZ6Z0JPcUprNlQyRkVhMmJDS3lqSVdtWldIdGVNOA?oc=5
2026-08-05 03:00,The Motley Fool,fool.com,Why Eli Lilly Stock Climbed Today,https://news.google.com/rss/articles/CBMif0FVX3lxTE1ZWjVQUERhZkxuS0I5aVQ3cVFuaWJjMTF5bkRrZGlNYXhGa1pXNE9iNE1WOXg2SXZKNE1IdXRJbXZ0Ylg1VE9RTEtTaWl6blFPNlp6bkRwTVlHdXpDT3RMemJQZjRKbTNpWkg2aGl6X2dUb0Vya25wYXpnS3lVOU0?oc=5
2026-08-05 03:00,WSJ,wsj.com,"CVS Health Launches Eli Lilly GLP-1 Partnership, Lifts Outlook as Profit Increases",https://news.google.com/rss/articles/CBMixwFBVV95cUxPVGhlOTVHU0hmQi11Q1VEU0poUnQ4V2FLTnQ3VmxiRUNkOWpDQktJdFlNODY1dy1NZ0I1cjJRN1R4Q2dHbzJUTXhoU1Y3TVZPcVMzMmdUS0xvSS1JQ210NkVwRk5TZkxzaEpxMEdDeFA5Y0xGZ1IzbHNKZ0d3NEpHNHRMeVBJNk9RREp3ZHpPYTZ4MnhsTVA5dTNWcGZLWE1ldVhINmNrdkhoSHpsXzhFblJlTjh0SjV0TUg3U0I3YXppN1FySnlr?oc=5
2026-08-05 03:00,WSJ,wsj.com,Eli Lilly Posts Higher Revenue on Continued GLP-1 Demand,https://news.google.com/rss/articles/CBMioAFBVV95cUxPRTkwLURFV1Fod3ZIY0hBLXVoWkJrSHFkS2pCVGxNMW5UVlN5TFVLX1lrNVZiZDhuaWdtandWY0NCU3J3cFBtZGh1SkR1ZF9mTVpwb2lmRGxNd2Z1OXZfbmY0Z0R3VkcxWWdQMHhTdTB0ZFZacTNVZkJXOC1fWXVLaVp4YWxoWk14eGhFN19iZk80VUdqNnEwWTBWUU9kSThD?oc=5
2026-08-05 03:00,Yahoo Finance,ca.finance.yahoo.com,"Eli Lilly raises annual revenue forecast as obesity, diabetes drug demand stay strong",https://news.google.com/rss/articles/CBMihwFBVV95cUxNTnlFc3JXRk1PVEEyWmtyQlk2VkF3SFdHX0lPaklyOHFISGs0cU1MaU1LdWRxeGlpVGhQbDJJNi1HRmVrU1hWMGRUamZTSjlGZEx5eDNDSDQ0RTZfT0RMWUpnN0RUWGl0azdBM25pSkdodmM5MjV1RUNMeVlGdzRYMXpwNHpRVkE?oc=5
2026-08-05 03:00,Yahoo Finance,finance.yahoo.com,"ADP labor data; Earnings from Eli Lilly, Sandisk, & Disney: What to watch on Wednesday",https://news.google.com/rss/articles/CBMif0FVX3lxTE9DSHFWNUFfdi1pdlNlSXR4TUFjczhtekllZnBnb2FXQlprdVlLTkNKYmRIYzk4U2VGcXFvNjVmWDdJY0pWdEJnenhQNWJGVm9vazhMdlRLcUxlVUs3WU9NUWc5cE1pQzRrOFlSa1BkLVl2SWE5eGhyc0JBOW1OclU?oc=5
2026-08-05 03:00,Yahoo Finance,finance.yahoo.com,Eli Lilly (LLY) Q2 Earnings and Revenues Surpass Estimates,https://news.google.com/rss/articles/CBMilAFBVV95cUxOeFRaZlNwT3hvdXBOdWpSaDJCNlVMeUhsMEdVY2tOWkFTSUEwTEIzV1VWMFR3di02bU5xSnZEVWk0ZzhzZXlId3RTa3NZYnBGUHk1T2g5NzFUM2NLM0pjSmsxMTFlRkNuRmVFY1lHdEdjcGdVMFIwZExXOVdrc0V0QnJwbHJBYTduODlQVEYxbHdYbzV5?oc=5
2026-08-05 03:00,Yahoo Finance,finance.yahoo.com,Eli Lilly and Company Q2 2026 Earnings Call Summary,https://news.google.com/rss/articles/CBMilAFBVV95cUxOMjZhcFRyZGE4OHFRaVdTY1M0Z0V4WDNlRXlhNFNCZDd3MmRueW8tSlAza1NxanNxY3R5cjNZYVlKTnZSRzhTUDVnZXBjVlhzV1lqVjdwRThlb056QnNYMHZnY2ZYcXJPamlaTWpNZHFBOHRidnBWRFJpUnhQYnpIdGx3YjFvTHFFNHR5d0hWNllSRGky?oc=5
2026-08-05 03:00,Yahoo Finance,finance.yahoo.com,Eli Lilly shares jump as weight-loss drug demand fuels guidance hike,https://news.google.com/rss/articles/CBMikgFBVV95cUxPVTl3RFJFb1dwUkJ1OWJydXFqV0p6WVYyc3A5d1lUdXpvTUVMSWVwQzNqLVBMNXlBZmRJRjhtVTZtVjROazJHdWxOZjY2dnB1enF5T0V0bzZjZ1NjX3dRN3FtV3JkTklIZ0pNY05sZkdFMlVVdjhsNUlIU1ZEVkZRN3BRdjltZzdUYWsycmlmUXQ3Zw?oc=5
2026-08-05 03:00,Yahoo Finance,finance.yahoo.com,Eli Lilly stock jumps as GLP-1 sales widen Novo lead,https://news.google.com/rss/articles/CBMilAFBVV95cUxOUGo3QURhc2N0OEZnbVpXRUZNbDdsaUpOTVgyWFBGS21NQWt1Njg5cXhjOTBFdExhbWg4dk9IMFNVakRKWjBjR3F6Q2NZc2VaX1dmUGl5Yzh4ekZRRERzb1h2V3QzTkxieHE0MEdTV1UtZEFGcFZKLTlhR3RFaGhtb0xOR0w4NGduME04Q2prNlNpR3ZD?oc=5
2026-08-05 03:00,Yahoo Finance,finance.yahoo.com,Eli Lilly stock soars on strong demand for weight-loss drugs,https://news.google.com/rss/articles/CBMiwgFBVV95cUxPOFlETUJidnVsdkxvSHd1SUpIRWVxVXdVbFFVdWFtallxWE1rdno3eFg4MFIxVW1ibGVyWmNMb2VNR0poLUIzTTgybzl2ZC1pOVRza0ZOTUJwbEJlbDBqQW5pcktqXzZ1NmVmcWVibGNneEEzaENBT005QS1PN3RHTVJmN0d3TDJZc2Rod09sM0pxOGNvTmpQZUItdzh0clc5VGpRVVpzV1RKM2tKTmtQTXROT2M0dWh4eHY1QXlhck9VUQ?oc=5
2026-08-05 03:00,Yahoo Finance,finance.yahoo.com,Eli Lilly’s Weight-Loss Drug Demand Is Nearly Limitless. Here’s What Comes Next for the $1 Trillion Drugmaker,https://news.google.com/rss/articles/CBMikAFBVV95cUxNRnRucWh6TThqLWV4OE1Uc1dpREVOQWx5MVBzeTVIakx6YTU1bHB6dFNaR2ZKb2EwT2RFcDVxblMyVmlsb2RtMHFGS1NiSDBPODRad25zcGVETnZsUzg1Q1dNZXh6cHBIeUJsUjJCNE5mbDNrdENVRkw2SXhLTGUzcWpKelhyd0M4NTNVUEVQYU0?oc=5
2026-08-05 03:00,Yahoo Finance,finance.yahoo.com,How To Earn $500 A Month From Eli Lilly Stock Ahead Of Q2 Earnings,https://news.google.com/rss/articles/CBMikwFBVV95cUxPUmtQenBfWk9ORUtISElCSHdHYmZPU0Jxdy1MdmwyVi1vUEpBbFQ5X1FuQWh2UkpETG1qcjl0MGFUNVJDbGwwT1B2VTdNREd1eGNKUWdQb2owTkltbmZRTWE1QkZzakFCTENidEpEYkttenpLQUFXVDJYQ21xRkZIWnlvQzNiODF5Vy1uZzBTdElSOWM?oc=5
2026-08-05 03:00,Yahoo Finance,finance.yahoo.com,"LLY Q2 Earnings Top, GLP-1 Drugs Fuel Growth, Sales Guidance Raised",https://news.google.com/rss/articles/CBMijAFBVV95cUxNSTk2RUxvdFBkYm5vVFRKUjFqLWV0Z2xhNWs2elo2MXdnSXYxcVR6TXlpMWY0eXdtTWx2dGJQRHlaZEJWS2tnakZZb0VMSUxTSzlMcDZKTUw3T2dNdFlnNVlmRnV3ejZoU09tWm5zOWRBNFNGV3IyeE5DRlVyY3VILVhTSkVDOUlSR19XNw?oc=5
2026-08-05 03:00,Yahoo Finance,finance.yahoo.com,"Lilly's Mounjaro, Zepbound sales surge, widening lead over Novo Nordisk",https://news.google.com/rss/articles/CBMilwFBVV95cUxQWXo5V043Q0VPRXB1WFN5NmZIVEhSSV9tSUNwMDZGM1h3UGpLWFJaT0phNVJQSmpuMkJEQXBaNFRXdWxUSllmTlFzZUtKX29SNzduU0Zvc090MVZ6cHJOa0xJb2xaQUpEU3ZnUUJ0WWF2aXFrdUI4Wk12cmVlR3ZpTFViSk9Qb1pORW1PeHk3MHRId1NRRExz?oc=5
2026-08-05 03:00,Yahoo Finance,finance.yahoo.com,Lilly: Q2 Earnings Snapshot,https://news.google.com/rss/articles/CBMilgFBVV95cUxQUzBSc1BzTFpoalpWTmR2M3pfQjlTUGV4ekJFZVE4alJHWTBfengtdE9LUmFwSGl5ZlUzWDFjT3U5T0RIUmVaTGFCMndVM1pYTEc3Sl9CUkdYNXBOUUlOaGNqaV80bGVEcENRYVhXbzRBOUVVTW5PZl9SLU5SU1U0emlfSjVYclcyUlBjd2E3WjY3cld0LUE?oc=5
2026-08-06 03:00,CNBC,cnbc.com,The divide between Eli Lilly and Novo Nordisk is widening after their latest earnings,https://news.google.com/rss/articles/CBMihwFBVV95cUxOb2dUNGllTE5tVDhEbmFKRmdLbzBkOEVhZGczREdGVjVGRnhVRUVKZVV6aENnZ3F6ZEhaSG45YU1LRXhYMkdJeEpXZWN1TGx3VEhRWHJURUlPUmJ5R3JkN1l1TlhUVnNfRWtkWE9pZUxiR1RCTFY4ZlNtRDFUa285aDhkN21EUUnSAYwBQVVfeXFMT3dIY2swa1BIbmc3Qkk5UjFQU19OdGh4MDVkNndVU0JKRDFpd3ZxMWxLQWhCTDRTekhXdnd1RTdYcEZQRGpUNlhUM1M5SGJPLVpKNTBZTUxYYmpkVGluUHVWUG5xQlFqUkFydG9JY3p4VUtiZWlzd0MzY0VBVDVtUkFJYnN3Y3lxT0poWkk?oc=5
2026-08-06 03:00,Morningstar,morningstar.com,Eli Lilly Earnings: Strong Q2 and Higher Margin Expectations,https://news.google.com/rss/articles/CBMilAFBVV95cUxQZEZ4RTRWZTlUWTJpamlIRFA1RHhhOXdzc2RGeWoxUVpRQjZPcm12bGlwejhWblNMZVl1WU1xN1czTlhUd2ZZTWdVTzFWbnN3Uy1oa05qUmh1M296UUMxd21qYk9Tamp5bWhLRmFiRlNGWWcxR1pEVEMyQzRobzNkYzdJZUVwc05TSWg3aHNCM2JPR0c5?oc=5
2026-08-06 03:00,Seeking Alpha,seekingalpha.com,Eli Lilly Q2: Strong Results Further Strengthen The Investment Thesis (NYSE:LLY),https://news.google.com/rss/articles/CBMiqAFBVV95cUxNbXdoZkk5X0gyQWFCNVdYV183R21rS0U2NnJBLUw1QjdPU2pWTjVZZkxBbmxQY2t3MC1YVFA4VmpqOHpkamZ0MXhpd1dkR1dSTjk2THMwOWRLbjVWVUw1UEhSbkdwS19ENkVKbUlOY19VTzgxaXZsMy1oUWRBcklOdDdCWFNPS2tuX05UdUtsS1RxaWxJVWdYZkk4bFNnZXNvREQ3bEMzc08?oc=5
2026-08-06 03:00,Seeking Alpha,seekingalpha.com,"Eli Lilly: Fine Q2 2026 Results, But Alertness Required (NYSE:LLY)",https://news.google.com/rss/articles/CBMimgFBVV95cUxNNGRFVHUzekZpbThic3p5UURXSFJMUC1hLVRydkZFM2c2SXI2bDNTSnVIUU16NGJabWVYR2x0Y1c3dkhaV2ViVTRvOTJtTUg2UGtBZGJDb3dSTHRNeDRKbzR2TXAtUWl5d1RET3J1MmRHV2hnR19Sb1NsZU5pY3FmTDN6TkVaUTY5ZGFtZlJXY24yTnk5UWE3c1lB?oc=5
2026-08-06 03:00,Yahoo Finance,finance.yahoo.com,This Will be Eli Lilly’s Price in 2027 And Morgan Stanley Agrees,https://news.google.com/rss/articles/CBMikgFBVV95cUxOaHNGSWNqdGJaWWVqOWVxMHduY2ZweFFiakQ3a1BaT3NjdHduSGZfYjhTendJUVROLWh3V3BvUExYa3RxT2xhOGJ2UGdDMDZOQXZMVzB4VzVDc3g0U0hEYnJtdl93OWxhU2lTUm13ZFlMUzdNaEplMWRMRkhVN1F5dDZSS0pZRWdvcGFiQUdLbjZiQQ?oc=5
2026-08-07 03:00,Bloomberg,bloomberg.com,Novo Nordisk Receives Downbeat Diagnosis From Investors,https://news.google.com/rss/articles/CBMivAFBVV95cUxQN2V2Y01URW1zYlNCODE3c3Uta2hOSWcxcFp6VUFhSVhmTDdTdWJCTWVQb1ZkdU14eWlvUDBLNGhCTVhzdzFiWmllOWJYY3NjMUhaZ09oaXl2LWlFU1NNTkx5amlPMlRGbHg0bVptTG1paXFzZHV0ejkxWGlVVlNia1UxbUlEY3NZNnZFYmp4RmxDcnZnc2xMT2w4eEVYZ2hpTzlFRGlHbndSR3N1SEx4Z2hUb0FCSnc5YnZtNA?oc=5
2026-08-07 03:00,Fox Business,foxbusiness.com,"Disney, Eli Lilly deliver standout earnings",https://news.google.com/rss/articles/CBMiW0FVX3lxTE1NZTVUQi02UmwzSTZCUTQ0WDE1bnRlZHZySnRkODk4QUk0S29KLU82UHdPdWRlTVZjNHF5TkRTMnJubWxDM05fZTQzVnBfOTVhSDc1RjNzNVJaWjQ?oc=5
2026-08-07 03:00,Seeking Alpha,seekingalpha.com,Eli Lilly: 'Strong Buy' On Retatrutide Obesity Drug And EBGLYSS Maintenance Label Expansion,https://news.google.com/rss/articles/CBMixAFBVV95cUxQckJ1ME9ZV2d6aGJZTWkxX0ktMWs5Y2VFQnF3VFlkaVlDMWpqMl9TT2I1SV8xYzlPYUhqdVdyemtBQ29pMXJhRzZRQl9IbUNiSDNHSDhOQkZyTHg0VXoybU93RkVSOS1yTjJMd0t5Y3FEZnNYUVZZbTdOcm5tdjFIZXczRW9pLVhIRXpnSjIxZkJNRDdOVlBaZ2ZOV3ZMTzlRNEhLN2NqbzNsNi1QMXVGTEhmcV83M0hDTEpLZXdfcmc3MUMw?oc=5
2026-08-08 03:00,Yahoo Finance,finance.yahoo.com,Better GLP-1 Stock to Buy: Eli Lilly or Viking Therapeutics?,https://news.google.com/rss/articles/CBMiiwFBVV95cUxPSHktOTBwYXVETVhSX2RKcU9BRGt4eEx0MDNfeWZLSTlGcDRmTkthSnNoOWNlUXIxRXF1bHJPV1JlekQyVUROU0t1VUx4S1Z6QjlsVFUzSVBlM2o4WmFxZkZHTGczdGVZczFuM1BwLUdMUkhXVUdneXl1WmpzakNROGwtaTBGZVlYcXBz?oc=5
2026-08-08 03:00,Yahoo Finance,finance.yahoo.com,Eli Lilly and Company Q2 Earnings Call Highlights,https://news.google.com/rss/articles/CBMilAFBVV95cUxOblU5MzNxX0xrZC1YMXNqU0c4U0NMdDdyZGV1SmY1QnlPNGczX0V4V0x0QTZpSFF6UzJHYnl4X2s1VUd0SEJub1FPbGhEcm5ONmNNbHZGaHVGZUhPd3hyamZLbzUwZGduSnFReUphSUlHV2h3bWVwaHF4c3JLbV83S0dJU3prSEU5d0FqRG03SFBKalRp?oc=5
2026-08-10 03:00,Barron's,barrons.com,"Nvidia, Eli Lilly, and Disney Show It’s Time to Back the Top Dogs",https://news.google.com/rss/articles/CBMie0FVX3lxTE12MEN5Uk9HQnZRdVFHOVhhMUxzajk3Wi1fVGZUTTE3ZzVtLVhnSm5IaXBEZkRwOFMxRzdPLXJxbld5aEFrelUwZTlTaFFBSmFYUlI1S205ekI2TTI0WUJmYVpaVGItQkFuNXdMS3Z2OWpXdE1NMEd3Q0t0QQ?oc=5
2026-08-10 03:00,Investing.com,investing.com,UK approves Eli Lilly’s orforglipron for weight and diabetes,https://news.google.com/rss/articles/CBMivgFBVV95cUxNc3pyWEtNLUR5MGZWc1B6X1ZxQTBOdE1lejNIeUNSS283ZDlvN0FrcXNRaGdLMlFIMVYxSHplc0dKWjNuY1RaYk5fb290QmRwa2JaMTlvNE4yV3VWN0RSWDZ6amRCWG9oSHFIU081RElvNmNnV0toVDRJWnpoRG9WQTJVcV94d3pQVUJYcE9Qa2txejBvcG44M1ZtaFB5Z0xjWWJlN0s1Z2wxVzhDcmNkSzNZS2tCbkt5dWNVXzJR?oc=5
2026-08-10 03:00,The Motley Fool,fool.com,Why Eli Lilly Topped the Market Today,https://news.google.com/rss/articles/CBMihwFBVV95cUxOWVlOeEVQZzZNZ3FRRDRqckduWHVvX0hoZ3NqSVpLUWt2VXVLVUM0WFhUNW9URjFIMW81QVJfWmVPdEZGSHd2SFVpV2Rjem9kbFFkYVlOTmFpUHZZX05qdmlGdGtLTmJPaUxMVWNRNHpMYTh4cDE2TW1hbmhFalRlcUdIM1hra00?oc=5
2026-08-10 03:00,Yahoo Finance,finance.yahoo.com,Cramer’s Analyst Says Eli Lilly’s GLP-1 Stock Rally Has Years Left to Run,https://news.google.com/rss/articles/CBMimgFBVV95cUxNMW5pMVRyYUNmXzNKYzgwN1ZDZ0p0Z0tlelRIUndFMGRzZVcyNG9TYnBGWG5BVWgtVmRTdHp0ZzA4SE1EWW1VbXVWb1c1c21WS2JQc2d1MDVvQVZiNnZTUHh3Z2l2LVVqSHJsTVdtWmYyRHc4enZ0ZUcyZ3F1MVBaSmliNVJfQTRQSVdPNWNYUmhoNGNEcFNTWEln?oc=5
2026-08-10 03:00,Yahoo Finance,finance.yahoo.com,Eli Lilly (LLY) Stock Gets Fair Value Bump After GLP 1 Driven Analyst Revisions,https://news.google.com/rss/articles/CBMikwFBVV95cUxNQ1BjSUR3N0YwdHFQOGtiYm1Xdml0cjJDWUN1cUtPOUk2cVVHV2ozZ1N0WWRJaVVOdTBzS1FFdkFOZV9uODItYzF6MEJ6SS1oeHplOG1CZWFwQnZkR1Uyd3hsYjU5QkgtN3B1RE84UDhWdF9pYjZRc05JbVFUMEl3WUhISDF1X3hZem81OU9xZUc0Unc?oc=5
2026-08-10 03:00,Yahoo Finance,finance.yahoo.com,"Eli Lilly Insider Sold Shares Worth $5,950,000, According to a Recent SEC Filing",https://news.google.com/rss/articles/CBMimgFBVV95cUxORTA1Nk5KLVFuMFluVU10Wnhic1NXd194SHZKUUg4RWpHaXZnSmNaTXExMGt5WU9xTmVaYjlGS1BYWEkzcXA3Y1Y1cElPVHBsQW9JeHFXVURNUDJYWWJWb2ZQaGxqMlpmbWdjY25OdHFtd2pfcFhjbVBlYkVTVHBNT2FJc3QxTXNFTnU3eXhUNlNwdjBFMlJ0WHBn?oc=5
2026-08-10 03:00,Yahoo Finance,finance.yahoo.com,Eli Lilly Stock Rises 2.1% as UK Clears Obesity Pill,https://news.google.com/rss/articles/CBMijAFBVV95cUxNREpLVFZVdVNHODNrUnJCUlRzX21vb3FzVmk0QWV1RlU5ZFhyV0FILWY1OUNBVXJ6cEJxTEl5dEFHdzltQXI5eEdfWEtMTDBXajVoMkx2TmNMZEdhMzZaSXk5a0x4S3JDOHM1VnRhSVJCLWdrXzN0cTFzVS0zUm1wUEdrLV9KRFN3aTVrSg?oc=5
2026-08-10 03:00,Yahoo Finance,finance.yahoo.com,Eli Lilly vs. Novo Nordisk: Has GLP-1 Manufacturing Become the New Competitive Moat?,https://news.google.com/rss/articles/CBMijwFBVV95cUxOa21aWE8xNEM3R3lDbElzS1gtaWFCQ3BtQ25vcGJhY0lxSkJXU0FKaWNzXzFhV1lTU1FHVWNpLTk5LS1tSmdxNkE0ZS1ocDBFYlZMTHFIZTZmemhOa0gtRi0tXzh1MlAwczdDZE80UjlQUjZnd2NITTc0VXJOdFNSYnpDbmo0STEwZkQ5UmRPbw?oc=5
2026-08-10 03:00,Yahoo Finance,finance.yahoo.com,Eli Lilly vs. Novo Nordisk: Which Company Is Better Positioned for America’s New Drug Manufacturing Policies?,https://news.google.com/rss/articles/CBMijwFBVV95cUxONGNicUxnOW1FeW9tT0prRTFNeVJoSnQzYXBHRGhPS1kwTV9vX1FfUU52bWZzaFIzd3dkX0FKUURNV3JWOV9qLVR4dXppN09KdDdDT29RZ1BBMXg5QUxQZDhYWnhkbjNOUmh5MFZOSC1VT1M5TjNCdmhIOHpQQmY4NGtmTHdSWk9Ccm5XXzRITQ?oc=5
2026-08-10 03:00,Yahoo Finance,finance.yahoo.com,Eli Lilly’s GLP-1 Pill Secures First European Milestone – Here’s Everything To Know About UK MHRA’s Foundayo Approval,https://news.google.com/rss/articles/CBMiiAFBVV95cUxOYjBkYlAxY2VvTVBMdGFjM2dJTFhsQWJHNjlURXIzbVpuaXowVDByaHJsVnk2aGpkSHZCYnU3Ykx5Tk9WSWpMSXVqaFQ5ZmlSYVQ4TmQ0dkppMkNYT21pcHhham5KNWJjME8zQjlSNmloYUJEbjVvLXV5clctdWpJdWFFVGVucjl0?oc=5
2026-08-11 03:00,CNBC,cnbc.com,Eli Lilly takes weight-loss pill battle global with first Foundayo approval in Europe,https://news.google.com/rss/articles/CBMiekFVX3lxTFBQbXJ5aEpGZTBQWW15MUlmLUt5ekx6WmRoXzZYNm5BT0hlbnRCdUtXWllLSWoyaVFnejk2eEk4MnRtZEt6YkxSNlp5LUxJNTZjUkxWbFhidU9memo1RWs4UUcyLU5tSDNubWRSTXBUQk9rOF9TRHpDeXZ30gF_QVVfeXFMT1dtOGx6Ty16NXJablUyckRXU1lSNnRhRHFKMFF3MzhSNVlOa1ExaUxUOC12NWZiV1lDZDFnck5qZWlYOWhfTFlRei1OM1F5OWtzMFlranBTY0dfUmlJR3Y2d3pnc2h5VU9rc2pubmtUemppdHNzNnh6NGd2T2tVOA?oc=5
2026-08-11 03:00,CNBC,cnbc.com,"Eli Lilly's weight loss pill gets first European approval — plus, oil holds back stocks",https://news.google.com/rss/articles/CBMitwFBVV95cUxNRFVfYWJGU1UwU3BNRjNSWWlqRndoVnBPazBWbUpJbnlveks1aU9zd3dlRHBuazhvOTc2LTRsR0VlZm9RMGI2V05kODg4VnNWVGNsc1dQemNfTGV6a0JwX0hwM3RUVHJyb2FLZ0d5YkJwdzFPbVZpak50RWktdFUtWHY4bWpPbV9UdzlPMmxuQkVwcUxKQzN6OHFIWGdZRlMwUXRwUFg5aldtN0hoY2ZZWUI1Y0FZNkk?oc=5
2026-08-11 03:00,Investing.com,investing.com,BofA raises obesity market forecast on Lilly stock international strength,https://news.google.com/rss/articles/CBMi0AFBVV95cUxPUGVmSmxPUG4wNkdybHF3MFRyWXRnRzFKb280Szkzb2FNMzZkT0t6UU9xc2hZTHRpMnd5TnJoa2hOeWp0T1VYUlRsUXZJdVR5MmlmNHEtYVR1MUZwU2RoTUU3RjFUaTNkUGI0REdEcWNmNUZDbTlZSVVXM1lDUzZaUXpTdFRGZWJpYlROTmQzQzJ5eVNVb0xhOG9FMktKZ0Z2QjB6WkxHZGRQcGxFZklPaVpSOHdtTFBsMjJfLXZiNExoSHdob3lWS19LcjkyMFZ4?oc=5
2026-08-11 03:00,Investing.com,uk.investing.com,ATAI Beckley earnings on deck as investors eye Lilly deal By Investing.com,https://news.google.com/rss/articles/CBMirgFBVV95cUxQaXQ3RUxfMWQ1dmQtZlFiWXpiVzMyNC1HRFBWbzA2eVkzSjEtR2pYUkdlNWVVUGpQTWlzaVJCREIzMnVaeTk2ZjJDckpuOW9VYUNqQW8wME1nZzZfTWg5U01wOGZzSWtlQXRsLXZLUXBxX0RlVEtUUlhYMnRSS011ZWV5SEdUVGp1c2tjR2tkNHJVYVBobVFOX21wVUN2N0R5QVZKSDQ1Y1lUZDZQWXc?oc=5
2026-08-11 03:00,Seeking Alpha,seekingalpha.com,Eli Lilly’s weight-loss pill gets first European approval in U.K. (LLY:NYSE),https://news.google.com/rss/articles/CBMiogFBVV95cUxPcGhfWXYtSlZndXY4LUNtR21OYkpCck8yMFlzR0dIbjNyRXR3UnM1Uk9QRW1qZHhWT1VOZnZ2OHBfbGRBQUZMLVNFSnRXMndmVVBvZTB6M2JzS0p5dDhuYThRQXRvRXFtaXI4OFA3MFRVS01fQnAxQ3lkVnJGcGNmYzFZSGRNRnVWd0hNNzVpNkloOXVjZ1J2dlhld2RnVk9ENWc?oc=5
2026-08-11 03:00,The Motley Fool,fool.com,2 Stocks I Think Are Hands-Down Better Picks Than SpaceX Right Now,https://news.google.com/rss/articles/CBMilwFBVV95cUxQdzhDeGdzUHFzTF9sbEkxNVpBRU82Z1Eyc3dPX1pabTlYaGo4aHg2MUdlSmxNMXVyZ0J5VVZNRVkxSEpYbE9MWXRiYllsaXFtSHQ4MHJJMUVEenctbUtXWWtTbllOTDB1YkpFM2NOazYxTVpUTG1Nd2pNcEtTV1V4eF9DYjF6b1kwZS13U2FqbmZDQUVFVFow?oc=5
2026-08-11 03:00,The Motley Fool,fool.com,Better Buy: Eli Lilly vs. Novo Nordisk,https://news.google.com/rss/articles/CBMihgFBVV95cUxORTRsN2pTaWVxdEdOOG53cFdEdVFwRU5xd1RZOXpnOHlKNFhuVks0cUcxNkY0VDFaVDRfd2hPV1ZkdlIxM0tpenAtTkVpc0lDTXN5RE5YMndGb2VXVUw0MGFtVURfUEw1QVNqQzk3RGQ1UDNJQkthd1hQTG94b1lTUmltaTNpdw?oc=5
2026-08-11 03:00,Yahoo Finance,finance.yahoo.com,"Eli Lilly Insider Sold Shares Worth $2,370,020, According to a Recent SEC Filing",https://news.google.com/rss/articles/CBMimgFBVV95cUxPX1pfSDlwaEkyNzRzZUIxOVVpd0FRQTl6SXp4SEItX0FLZ0N4WFpLMWJKUnpSc3hCWkZxd3pBS2Q1MElaNmtHY2gzTEl5WTJLVC16YVc3VkJUQWpLVmtxbTd4bktkZTRMUzF0VS1UY19vN2pMZEpjZkdNQWJiTE44LVNUaUI5VXM0UEZ5OEs4RWZUZWlOc0RZSlNB?oc=5
2026-08-11 03:00,Yahoo Finance,finance.yahoo.com,Eli Lilly Scores Major Win in Weight-Loss Drug Race,https://news.google.com/rss/articles/CBMikAFBVV95cUxORWwxTDhEOUJBZ195a3kwTHFiRmgyS3J0M1JJdVlIRmJVaDhoN2N4YVBtdFJoSGZOdDgxaVBMeTRlcGJubERDb1ZKaG1JbmxGaFNWV25oNEtYclRjOFdjbWh3QTB0VkVjdmJDVi1DakYzVVlJQS13MXU5amRvN0kxc2FSRzBhVVppM3ZuV0ZlUkw?oc=5
2026-08-11 03:00,Yahoo Finance,finance.yahoo.com,Eli Lilly and Company (LLY) vs. Novo Nordisk A/S (NVO): Is Lilly Pulling Ahead in the $100 Billion Obesity Market?,https://news.google.com/rss/articles/CBMijgFBVV95cUxOT1JfRC1vcHhyMTV3QVRNSTl2WGNWN2VJQlR4RzdXSVJHWV85MkFvWDcwZ0R1YXJHcUd1NGVpckc0MV9WYm9rUUN4X1FrdndZT2RXUWNwUTJFYkdjOTZyYWo0RWRLbTBmMnRSV3ptX2pBalVzLURTT045UXZvczNFN0xubERLa1NMTXB2SHh3?oc=5
2026-08-11 03:00,Yahoo Finance,finance.yahoo.com,Eli Lilly's Foundayo weight-loss pill approved in the U.K.,https://news.google.com/rss/articles/CBMilwFBVV95cUxPRi10UGxaWFRVZ0ZkNV9GdFBJZFd0a21pOEthWGdjNVpoNXVGT09fcVlNeXFPUWtZb09IbWpFV21WbE9nYURIQVJ0a2h0cnhwelhZZXpsd3diaEw2UnBReUZzNEFMbEtsMzZNXzRVQlZkdDlHUmE3N0pCVG1PSTlaYjdBS1czS0otQ1MzNWxmWnBTamxLQjFZ?oc=5
2026-08-12 03:00,CNBC,cnbc.com,Novo Nordisk CEO defends lawsuit against Eli Lilly: 'Competition has to be fair',https://news.google.com/rss/articles/CBMikAFBVV95cUxOQUk1YTNrS200TmdDUl9lWlhCbTJkblJzcnpMVkthUmhhZjI2RVlxUGtUVmVpV051ODdXY3Vyb0NYQmdkSzdsNTFXS19xRkFLMlNJMDAxRm1VaVlyT3dDcGwxN0VMN1RqejdCbFVzWDBUVFlRd2t2VncxR3FtNkhBVXhXdjgyeHAweUpGUkNMTETSAZYBQVVfeXFMUHpVVldySm0xMmdMUU1BWjFJaENwQ05oRWRoQ2I0VDJxbTRfWktnZkRDUkhtZTlscUVCZkUwU2JuanViRDBhSlk5RW5CcDlrdkFJbkhVd3Q2TDRWYXdpYi15aDJuUEdVbkdIcjNDZzI5NnFVODBTSmJpTWxFOUZFRkxKQzQxMHA3RUI4UlFHNnA4SG4tUENn?oc=5
2026-08-12 03:00,Fortune,fortune.com,Lilly escalates its fight against black market weight-loss shots,https://news.google.com/rss/articles/CBMinAFBVV95cUxNUV9aQ21XX1I5Y0IzZUtjalBHTy1CQ1pVSmRoZWJpQk15ZXFabGpGdzBUVzJWemptOHhqU3ZWclNrNzdGOFFQcnFHTDNmX21mY3JSWExnNWRpQ1IwWVU1Q2dram02cjdnQ0lUUGgtODBJSFlnOFloZlFqbks2OTh5V1FGUG11ajdtUnJiREZibDBMeXlQTUN3T1k0Sjc?oc=5
2026-08-12 03:00,Investing.com,investing.com,Berenberg cuts Novo Nordisk as Lilly’s obesity dominance limits upside,https://news.google.com/rss/articles/CBMixAFBVV95cUxQWVJTMk9GdmNkbVFDeDByWG5oTXBWaTNNcDBjbEhJQ3dpdGMwR2F4SWc5VEJRYmdPWW9EbnhGVWt4UENXMnVnNVdpV2JDSjRmVTNoWlNacnNDWUpTSE5Ec2pabC1Idmo5M29EdDctaU1DbHhaOENFNzU4QnMybTRNUGVldjYwcHVMbUxIYmUxUW9JYW5TZ0dRQ1czNDNBcXpwNkhHZzlzYVRQU3hFZ28xZTNHaTFPdUJKS0U0MDBEM1BkOVAy?oc=5
2026-08-12 03:00,Investing.com,investing.com,Deutsche Bank cuts Atai stock rating on Lilly acquisition terms,https://news.google.com/rss/articles/CBMiwAFBVV95cUxQa0F5QUlDcmczaVlsMC11N0NTYVhwc05QbkduVFcyVWJIQkp3ay1wWWs4TklxVWZJZUIwLUFBclhtX2M0MVE5MFNveUdPWk1yMzZ3bTkzVkdKM0xhZUpHZm84M3JVbVgwb0VsWDJwckVTMTNCU3M1NUREcHVtVzVHcWtrcUFWT0tVQncyM1ZYYlNBUkFfTnZGcFpUeElrZnNzYUc2SjA4REszb1VHcVM5QkZWUjNubnA4dk5yUm5pT0g?oc=5
2026-08-12 03:00,Investing.com,investing.com,Top Large Cap Pharma Stock: Jefferies Highlights Eli Lilly,https://news.google.com/rss/articles/CBMiuwFBVV95cUxQUG50S2dmYzdDOE53UzR5LURiaUZXT3FPVUNVQmpfbUkxaThXNG4xMVlrdkRCcEh0d2I4NjktWFZiNERYSEktR2k4QWFPUExOa3ZhdWc4RkVDZ1Ezc2RCamNkYWRsdGN6V3hGbmJuQlJvRG1COGR5WlR4ejFEOEgzdDUtLVZzX1NoWWtYOUxQUUtuVVBLU0JjWF8xWlNUQzlJcjlSSUNJTThHNkpWSGhtaENxeUE0MDNFNTJz?oc=5
2026-08-12 03:00,Investor's Business Daily,investors.com,IBD 50 Stocks To Watch: Obesity Drug Giant Eli Lilly Offers New Buy Point,https://news.google.com/rss/articles/CBMic0FVX3lxTE9ycmN4TGJQMWtKaC1yR3BtTGt3em1TTHZOS0E2Y2NOa2VWQmp4Yk1vWDZaQWtQZGFLZTRWNlp3bGFmWUQ0eDlqR09qenUteEdmRGlHd0xVZFZLTkkwZTFTTng4UnZFcEE0VzVXTG9taVFicTg?oc=5
2026-08-12 03:00,Morningstar,morningstar.com,Why This Growth Stock Manager Likes Both the AI Trade and Eli Lilly,https://news.google.com/rss/articles/CBMimwFBVV95cUxQeUZ6QUtZVndpOXhrWkJlZlh2NlZXRmQ0VkNXWWtyZjRvWk8tNnVZam9BbEh5MlRIYXVxSEhTNWxub0tmeGZpaGdJd05IdFN4LXdZX3dIUXhPaXR4MGttREJCYUJpdzNadXJtc0xVeGZaMmhPMk5WX3R3S1VhZGVZa3d2eWF3RG1BaXBhSkFCUk5PVVhmaE1qZElRdw?oc=5
2026-08-12 03:00,PR Newswire,prnewswire.com,"Lilly calls on online platforms, payment companies and regulators to shut down the illegal retatrutide black market",https://news.google.com/rss/articles/CBMi_wFBVV95cUxPNkhRM1p0a1h3ZlVRSnlTSlEzUUExdDZiSXJnWmk4TUFIMlo1ZmVVQ3lCWWotZTJ1Vk5iQURiT0dSNmFISU1sSTdaMnVDaFVrT3l3MUg3ckRHQ2dGT2pia28tY183RzV5UVRmeFdoQndlb2V1dUVXR3R3cWs5UFVYMy1HUVNWNUZuZmQ1Q2hiMGJWYlVGLW5RNWdTMmdxdUNlMG5kWWIzOFd1cVkxX2lCaWhrZHoyak5tX0xDajFPdEkwME50Nlp0eG5tYnJ4dWJkNnR5TFlVOXZfT0dBSTE5SFJhMURJUl9wbUo2V3FsZVBxdEJrRUFBalotcnJCWEk?oc=5
2026-08-12 03:00,Seeking Alpha,seekingalpha.com,I Underestimated Eli Lilly: Retatrutide Changes The Risk/Reward (Rating Upgrade) (LLY),https://news.google.com/rss/articles/CBMitAFBVV95cUxNUGozNENjb0FPOVhYeFlIaHNNOTEwNmFqNF9iYlExb21PUHgyeHJzYy1iUmtfaUJfU1VldWVpenpfOEotcUhnQjZCVF9MbWpvTC1LeUgzN1cxQzRQd21OMUtFSDVRTHVwZG1zNTk1SDF0b29IUkotd0NobkI2T1l1SXhPQU5Fb05QX3I4X29yMWhXbmNQeXV5M2N2R0hXa1QxdTBuYVI1dXlFOXBERlh3RmFRalE?oc=5
2026-08-12 03:00,Seeking Alpha,seekingalpha.com,Lilly files six lawsuits to crack down on black market retatrutide weight-loss shots,https://news.google.com/rss/articles/CBMivwFBVV95cUxQT3ltSG5iZWIxWHlyUG02b0l2VllBV09XZU5iYUhrRFktQi0yaXc5LXY3YTZUWUhzektKWXdvRU40dlc1SHZ5OHdFeHlmYnl1YWRyMnZ0R0Y1SUZVR2x0eURmQjBycmpmc2hiQ0llQ3d4b0RfZVFnalRfQUFVQ0lXcVpmN3hUVzRnTDlvNDBHUGFDaWVGNlZ0Y1hWNWt2TjdWNGVLbm5NS192dmRoZHlGU0g1WFNTX0hFVFJzMENxVQ?oc=5
2026-08-12 03:00,Yahoo Finance,finance.yahoo.com,Eli Lilly Steps Up Retatrutide Crackdown With Six New Lawsuits – CMO Hyman Says Drug Sold In Black Market Is ‘Not A Medicine’,https://news.google.com/rss/articles/CBMinwFBVV95cUxQV3gtVVVwY3UzWmd1Z2lqMldTak11Vzc1cXZfYk5iUnpZaTJCYXF5b20yM19aQjZVb1VCNEJuYW9Hal9wNHVVNXRiYW1Ua283OHJyeXdEOElocnVLMjVKaTdBU3R0Y0EwRDdfTWN6UVpBdFVoTW5odEtVUmVBS05aQWVnT1hiZUd1RWJKdDg3VXlWUkhXQWJ0Mk5NNEVLSFU?oc=5
2026-08-12 03:00,Yahoo Finance,finance.yahoo.com,Eli Lilly Stock Falls While Retatrutide Lawsuits Expand,https://news.google.com/rss/articles/CBMikgFBVV95cUxPRlZ1MWZFWXJSZ1V0QTRiNGg3eEMxNTJpNlI4UVFWeEROUWFjM3JZbHYxQkF5MldTRjRwRFU4T2ZPenpLMTJ6ZXd4ZE8zU1RPdkFZUms2UXA2X1Z2NXo2T3dnbno1N3E1bTh4LXhOc3pKd1ZaUXlWVXBFSWRZNkVoWGlQdmNSVTBsa3lqM3k3NXdEZw?oc=5
2026-08-13 03:00,CNBC,cnbc.com,Cramer’s Stop Trading: Eli Lilly,https://news.google.com/rss/articles/CBMif0FVX3lxTE8tY25TQ0JhZXBrWndjS1BMSDNpZThnRDhVLW02NkRjRnBwb2NKR2JHMXVkWkNpeHZsM1U3dnI4cEFKeDNxcHViUU5nSVpISmx2NzZtZ09nTzk0OGxfNGszZVROSHhRdXRTOThUR19mbXNLc1RpQUJXZFo2WHdXbkE?oc=5
2026-08-13 03:00,Reuters,reuters.com,Novo CEO says obesity market won't be winner-take-all battle with Lilly,https://news.google.com/rss/articles/CBMiwAFBVV95cUxOTlNoUmF5ZWkzUTJQb3BzWVBBMENKTnBhUzAwWXowZkhYN3FONGFQVGRVYXhlRFB0SjhkdWdfSmNuUDB6VVMtZ2xNdnBBLTlYXzJILUZuZDZPd1hQV3VzTjd6cmlkQUNwQTU5b1NvNm1ONS15WmtVc3ZTNDNjNEZJWG1EaWR5bTFPM0UyOW54cElXNnZ1azUtWVlmTFFBS1A5M3l4OWcyT0pmMU1pemxFTmdwdk1idEFTSE9LeTdLRkw?oc=5
2026-08-13 03:00,Yahoo Finance,finance.yahoo.com,Eli Lilly cracks down on illicit weight loss drug trade with US lawsuits,https://news.google.com/rss/articles/CBMilAFBVV95cUxNd1JIWFFWYVE5NmlnUDZYNDRRVWdnQWhmNjM0d2pIZFBWQ21OdXZ2ZGl6cy1GcnctcTBzV1NpeWk4NmJqbGtNZ3dtdGtqM0F1WTAtY3o5NnppU3E1YXBjcTJOZ0xhN3N4S1FfUVFlNmdJbVktZXE0QTlENkRkTWFHUVJrNWxKU2M4UDU0MjJTRnJBM1N4?oc=5
2026-08-14 03:00,The Motley Fool,fool.com,4 Best Pharmaceutical Stocks for 2026 and How to Invest,https://news.google.com/rss/articles/CBMilwFBVV95cUxPZlFCRE0tR09IcFR6RXFhYmRTeTcyRTVrT3ByNHUzRXN4VFFBZExzMGtmNkNwa09NX0VFd3EzaUhSVmZpSTJkRFlqOFBuYVNpWHNBLWE3WjlkMjM2bWVhYS1zYTllbnRHb1JKV0l5ZlQzTEFaSmUzYW5pS2NiRkowZVZLU183Z0dsM2psTjZhVG5UNDdBTzM4?oc=5
2026-08-14 03:00,The Motley Fool,fool.com,Eli Lilly Just Scored a European Weight Loss Pill Approval -- and the Growth Story Keeps Getting Bigger,https://news.google.com/rss/articles/CBMilwFBVV95cUxQN3V6M21RX1VYWDlzRWVnRm12c2RDQnFCM0E2c1dvUDlNYkJXOHhMYnpURUdfZ3l4YVI2X3N6TFhTeU5OZjhGdEZkZWNuQ1JGWWFDeTZNZkxnUC1KYUVLNUZSRzU1WUZ4eUdIVm9yS3NtMVREOVRoeWUxREN5TDNTM3FvUDFZWFc0bEhyUnUwSXVHbGlDUEw4?oc=5
2026-08-14 03:00,The Motley Fool,fool.com,GLP-1 Demand Is Soaring. 2 Stocks That Could Benefit From This (Hint: Not Eli Lilly or Novo Nordisk),https://news.google.com/rss/articles/CBMimAFBVV95cUxQY0UxNFJHTEZjLUp2MFVCclJpQUNIN2t5b3dvWnBYSDdIanhuWV9fZ0xRZ1VRd011ZGpnUzRfQzJXNjlNMWxiaGNEOWpfU19zOGtpeXc4MTY0WlJxbkJJclhPUWMyZkJ4TjRRSUxQN1VOTnpXa281MzRCcFh0TklXSU9ZaXd6M0JCdzE1ZEJjQUtZNmR0cEFYZA?oc=5
2026-08-14 03:00,Yahoo Finance,finance.yahoo.com,Can Veeva Systems Inc. (VEEV)’s AI Platform Keep Pace With Eli Lilly and Company (LLY)’s Explosive Growth,https://news.google.com/rss/articles/CBMikwFBVV95cUxPR3F6Q2xxem9aNkNRTXpjNlBhVVIwNlp1em02RmZoeTdqRWJ3bUNhQndKenRqY1hoWjRKTnIzNDUxV3k5UkNnQUdoOTlmaThkSnRaQ1JEaVA3Tzc4Ry1BeGdOMkxtNXVzZXNfMXktb3ZFVXZGRHJlOEF0VnRGcm5lOTVQRkY3bS03NVJ6TkprYWh6QjA?oc=5
2026-08-14 03:00,Yahoo Finance,finance.yahoo.com,Eli Lilly (LLY) Steps Up Legal Fight Over Illegal Retatrutide Sales,https://news.google.com/rss/articles/CBMijwFBVV95cUxPUl8zQ0VHdnRWVV9nb2loYllyTHBDRnRxQU1VQVRndXdWX0lDR0hPTWVQSGppdVRMQS1WY3hsQTNDVVhaN0dPQVgtVzF5SDlnczc1ZGRkUTFlMWNESUV5MWgtNGVPSFlfTGMxX2Q1a3JWcTJUTGNDdTRHWHYyNm5fR3ZmWWFtS3JhTHlQTThMNA?oc=5
2026-08-17 03:00,Business Wire,businesswire.com,OmniAb Announces Global Collaboration and License Agreement for Ion Channel Program with Eli Lilly & Company,https://news.google.com/rss/articles/CBMi9gFBVV95cUxPNlU5OFk3UUszVXdtYnhQVXFuQmdrQ3FaMWVwQk42YkZjQ3d1TjhVTFIxZGNIbVBLRk5nZnUwZ3U2RHl3eGN3elZNYWxybElpVnpxUDBWcVllWGZ6SWplcXRVS0NTYXFxTnhYV2ctSjhlcUc0dTdvNzNhMFIxMlkzOFZpcGZBOTlfcTIxeGl2d3BpUDBUQ0U3R1ByX0l3cVBzNjJ2cXlMNE5qWWwzeGFqWXN4VjNHb2l5TU1fcjBuLURfbzF6ekVvRHNYcXd1RFA0Y09pTUVaaEdGajRZQ0dKcnlzaGctS0M1VmZ2WGlvbUxJUG9GTHc?oc=5
2026-08-17 03:00,Yahoo Finance,finance.yahoo.com,Can Eli Lilly (LLY) Stay Undervalued If Growth Keeps Delivering?,https://news.google.com/rss/articles/CBMimwFBVV95cUxNeTltTFA5YmxLR01HYXlDaG4xUmV5M25SQWtRekRxekJaRVZCY2U5dDl1RnhhLWFSbV9FY3ZhbDQ2b0s2RF91UnBmVndINFBYdEw5OHVSU2RncGdtbTBFUWozb3JRcndvMHVublpieDZyQmhkd1lWRjJNUVBVNTZicnl0S0FHWWk3QUpsaEszY3cxWFFGSW1iVE1Wcw?oc=5
2026-08-17 03:00,Yahoo Finance,finance.yahoo.com,"LLY Up Around 6% Post Robust Q2 Results: Buy, Sell or Hold the Stock?",https://news.google.com/rss/articles/CBMijgFBVV95cUxOQjBsWDJEaElQUkpRanVETkFaWWEtMDkxNGpzem9CbzlVNWYwbUR6a24weXlObU9RdWc0R3dUbGwzVGtNdE1SWnpZODUxT01WSG03NG9EQ1IwbFZld1JHQkt3a3Y1clJWM1laajBsZ3Ywb000M3VHc2hoOGRWcHBpX1NfUGpQdkU1cnlGOGJn?oc=5
2026-08-17 03:00,Yahoo Finance,finance.yahoo.com,"Zacks Industry Outlook Highlights Eli Lilly, Johnson & Johnson and Bayer",https://news.google.com/rss/articles/CBMinwFBVV95cUxPVXdiZVBkM0FtQnJMel9LM0RBckxBOEM2aFdJeEdVcFVFeFFUNWdDLXBrLXBTT3NESU5BWWU1YUlLZS1mVTNmYjJPM2llWDBYdTZLeE9pcnZSMklzT3JCVmpvVmt6Z1lVdzhHLTNkS1JTUTVHZEhyMDJqUDVYcWRVX1F0STZiQ0xMam1CM1ZYeXdMUFZXWVJJeUpveGpQNjA?oc=5
2026-08-18 03:00,CNBC,cnbc.com,"Final Trades: Elanco, Eli Lilly, Netflix and the INFL",https://news.google.com/rss/articles/CBMimAFBVV95cUxNX2REdTBIc20wNExtX0UzN2pwOWsxOGtpNkVwSEU1end6UkhkYjlxLVcxTzdMZDFFc21Eanh6OXR5ZGFiby1qNWlWaS1CUTVrc3kxMlJnS1FfNzBiRTZ0OWhfSDVxMDdXc0hxRlZtcXQ5VVE3YUktV1lOSTFlWmNyMkNMeExJbTVZQjZSRlBTNjJuNXo5SzFlWg?oc=5
2026-08-18 03:00,Seeking Alpha,seekingalpha.com,OmniAb: Lilly-Style Partners Paying Attention To This Early-Stage Biotech (NASDAQ:OABI),https://news.google.com/rss/articles/CBMitwFBVV95cUxQS3k3aVJlUjBUcjBoS1o4OFF5MWtfLU9jRG9QMkJDYkN3TDQzUW9qX0V4R1ZOdTFZbl8xcldKbkNRemJuWFdZbGdrRXAwTUxrTEhhZ3ZJMUpKd3VYaURKSUgxUHdfcDdTRkdtcmtKQllSMFJrdEFKeW91ZlBpM0JubVNWSm5PRWxfM2txMWNHUWJQZkgxV191b21CU0RoWUh2TGwtbFA1dU1iOU5jWnN3anlLWE9udk0?oc=5
2026-08-18 03:00,Yahoo Finance,finance.yahoo.com,Eli Lilly (LLY) Adds Neuroscience And Lung Cancer Research Deals,https://news.google.com/rss/articles/CBMilwFBVV95cUxObmxXcGJQeWdDdUt6ektTVjRWQlVORDluNk5QTGJyWm9fTTNlU1dTRHoxdjlySlRMUGQ5dV9sRWJLOXpUNVdsT0pzRTVhRTl2N1JBMThaeFdQc3dsVEk0UW5WVDlRUVFsM0F0UTFXWEFuLUJ3TTU3c05GRzdFMjZCOFIzalF5dnhZYmc5bTlBRmhvR19QbktJ?oc=5
2026-08-18 03:00,Yahoo Finance,finance.yahoo.com,Eli Lilly Stock Jumps 2.6% as Investors Flee Expensive Tech,https://news.google.com/rss/articles/CBMijAFBVV95cUxPOGM2a0k3a3k5TG5Tb0ZCbklsM2RneHVwb0I0YVp4YWhsMUFUZ1FQNzJSVEFfM004RUdDbkhEVlJGdmlOY0didnRsaURIeUVlNVc1OG5GOUVyUzFCWjlLQ2doSUprR1NWcW5mbE1QUDNaNDlYOEVSTHJoLVJ3RXVpQ1JVd3VlM2RDdW1ZQQ?oc=5
2026-08-18 03:00,Yahoo Finance,finance.yahoo.com,UnitedHealth Group (UNH) vs. Eli Lilly and Company (LLY): Which Healthcare Stock Offers the Better Dividend?,https://news.google.com/rss/articles/CBMilAFBVV95cUxPbkRUaTE4V1pzZmwxMGV3aklXdldzaUZseUM2cFp6M3VjR3RVNVVwNUVUSFNITml0U0kxSTFzaUVDS1FZWEhwdS15ZFNlWnFWbG1uZU5TUWpSWnZYZElwUmJXVFQ0bmZSM0p5U1pjWUhFd3dIV3YtY3hYVDlwdVJJemhtR1FPbV9JNFBlUkE2aF9QOE9S?oc=5
2026-08-19 03:00,The Motley Fool,fool.com,Could Eli Lilly Be Worth More Than SpaceX by the End of 2026?,https://news.google.com/rss/articles/CBMimAFBVV95cUxPaEdoc2xZTTV1MFFsRG9JZ28tbktpMU5Gd2hGTzVyRXQ3VzlQdkx3SzJoaEt5SWdBUlVhS25nWEtjdGQyeG5NRWlheEVORkV0RUtWVWtFZ1F4NkpzcWJ5bVJHckdPYVZsbE40Q0IxVHE2ZmF2VGo2aVhlWVdEVnJlV0RiTHVaaXFkVXZ2MUlfeGl6RE9MMHVkdw?oc=5
2026-08-19 03:00,Yahoo Finance,finance.yahoo.com,Can Eli Lilly Catch Novo Nordisk in the Oral GLP-1 Race?,https://news.google.com/rss/articles/CBMikwFBVV95cUxQNHJ2Y1RETzBRZXRTLXJWYWw2Y3dQT2hMU0tudW9HMjhXTE9SN21KeDhsZXhaX3BfdEczaXRCT09PVUYySVlVNUdUaDZwakFXb0t5MzhMRGhqYk1WUFdKaUQ2YlFGcUtWNFBjZldUQTFOYkhZMzBNV0lVNXlxRUR4YkNQcEItejh5TkpFZmtiWVNrZzA?oc=5
2026-08-19 03:00,Yahoo Finance,finance.yahoo.com,"Eli Lilly, Novo Nordisk and Merck: Buy, Sell or Hold?",https://news.google.com/rss/articles/CBMikwFBVV95cUxNRUl3bzZBbThkV2FlQ2EyVm9Oc1NnLVpNRklSLW9BQ2pNeEhpRWF2bXA4TWZldjh1cmM4OV9mU2MzbHBSOE1EN1N5TjlHRWxlZlRNTjNxUDhubGR1alZ5RkxOZ0hVN0IxZDItakhnVkItTzFMV1BLV0VObWM4TVV4WjRHQ2FHN29CdlU1T0VwNHJ3UGs?oc=5
2026-08-19 03:00,Yahoo Finance,finance.yahoo.com,How Does LLY's Q2 GLP-1 Portfolio Performance Stack Up Against NVO's?,https://news.google.com/rss/articles/CBMihgFBVV95cUxNcExCR3NkVlNoMVZtUmJzdThTdFZzbmNjSXNRUjVSYmhWVVVKOFh4akdhUEk3c3JLeEozMTdQUVE3VF8tZGxQVXNhSUYzREZiQkFiQTNhVV91MTFCMzNCX2dCSkhVd0xCbUVkREFxVEdHM3ZyOVU5Y1gxYXZHbDkweUlBcUoxQQ?oc=5
2026-08-20 03:00,Yahoo Finance,finance.yahoo.com,Eli Lilly Slips After Crossing $1.1 Trillion,https://news.google.com/rss/articles/CBMikAFBVV95cUxNdlgyTTBsSWU2Wi1OYWRvckh3a1FNTjJjdVoyQldJOHI1Y2ZGYjZRTjhRanJMSkZISmZBQW8yX1hxcDk4bHY3SWZZUTctWl9peWY0NUJ2S1pfTl96N3JuMDhHSFpxcVkzN1Y5WUVGWk56R29tWERXU2tQWm1tdnl6MS1Lb1hkeFFEd0ZiazVuTkw?oc=5
2026-08-20 03:00,Yahoo Finance,finance.yahoo.com,Is Eli Lilly (LLY) Undervalued On UK Foundayo Approval?,https://news.google.com/rss/articles/CBMimAFBVV95cUxNVWptTWZ6QUJJUEp2c0xVUFZrR2ZLdS1vbDVjY2RaU2hvbXNwbUh3d3B5UlZqWFgyYmRkeXBrand5UktUTE9YOXB3bmxkOE00U1c3bmt6cW8yZ2YwY00zT2tFT253V20zUVNRVkpBX0ZxN1dLVVBHYzNudFF6U0toT3FmZmxPNmhMbDhQMVdabWd4RHZ2OHNJcw?oc=5
2026-08-21 03:00,Yahoo Finance,finance.yahoo.com,Eli Lilly (LLY) Is Up 6.4% After UK Clears Foundayo and GLP‑1 Portfolio Advances - What's Changed,https://news.google.com/rss/articles/CBMihAFBVV95cUxOcEQ3Q2hCeHh6UlhUa25qTlRHbzV5akplbS1HSF84dWN4clIzbk9jcTFDMHprZ3lWczkyd1E1TFZVOF9RTGVyS2VsSUdPMXEyUEI0MWY3M3BVZ05mVjVpSkJzaDc2ejFkdnVUUjNJTjVJSEdXVktKQVFfdEE3b0ZHUjQyaG8?oc=5
2026-08-21 03:00,Yahoo Finance,finance.yahoo.com,Eli Lilly Jumps as Weight-Loss Leadership Drives Another Breakout,https://news.google.com/rss/articles/CBMikgFBVV95cUxQSkNmZkxSalA0VXBQcFdzVHZLcVhDZVFvS0lYZmdzX3ZnT3R6dndQUGIwTXRUT0FnMlV1SXN3dEFkX1FtNHhtenV4eEFsaXgyekNmOVVnM1BzZmJWWDRTaGpyeXV5REhOeGFGZjJqU0pwbzVVUE5Qdkx0R1Q3SlB6aHhOZHFQZHRxM1ZFV0xVY0kxQQ?oc=5
2026-08-21 03:00,Yahoo Finance,finance.yahoo.com,Stock Split Watch: Is Eli Lilly (LLY) Stock Next?,https://news.google.com/rss/articles/CBMilwFBVV95cUxQVDRENmlCb1RfbWprZ1Rzcl84cVh1dnJtZ185dG9mOFoyUTZOSXRBWjVRYlZtSzlSZzlsUzNDQ0k0dFdEOExnajNTY3NuQzhkbVhMcUQxSHIzUl9wU2pwaG8tWWcyQjY0d3dxd2ZJQml6X0JfempubVotRlBxc055bHg3a09aRC1jTndFZ2hjQWUwcXVpc2Zv?oc=5
2026-08-22 03:00,Seeking Alpha,seekingalpha.com,Eli Lilly: Shaking Off Competition From The Dethroned Novo Nordisk (NYSE:LLY),https://news.google.com/rss/articles/CBMipAFBVV95cUxQanBfYWRoWU44LUtnOVNZLWpRRk5QaVIxa1JtTy10YnY5di1SRGpoclc3SVpjT2pPLXJkQnNjZ0hEZ2F1VWo2NE1QSFJvMG50ekFKLUNTSkNfZ3kta2hGV01MQ3pvRWM5NTZiQkVvcEJhY1Ntd3VCTzR3OHNyc3Y0Qmo4U2FKY1lXQ2xtQmNsNTkyZDdWR05tMEhIMk9uNnExcHVpbg?oc=5
2026-08-22 03:00,Yahoo Finance,finance.yahoo.com,2 Biotech Stocks Shaping Up for Major Breakouts,https://news.google.com/rss/articles/CBMilgFBVV95cUxNUWRhdkFmUUpsOE81cEgyVXNRSm5lZDR3dEdObXhITzd3azdhZjBQWnB0Wjd3YWRGYS1NOTlFdUZFZHZuNk5mMC1abHFlamxsOGJ1OFhmdnZLLVhtVm1KaV9ad1pUNy1mdm5COXhJd1dXTDZtYWFqSXVYUEhHQUJxVS1ZeldpVlJjSDJNb2g5SzU5XzI0Mnc?oc=5
2026-08-22 03:00,Yahoo Finance,finance.yahoo.com,Will Eli Lilly’s Global Vault CRM Deal and Leadership Shift Change Veeva Systems’ (VEEV) Narrative?,https://news.google.com/rss/articles/CBMilgFBVV95cUxNMnVPb2FweVRYYlZRd3NrZjdKc1dveUg3ckJzalNQbHREV29XQWNaVWxMNU5RcU9tRVdUZkl4bl95a0lEamhlNUxLVDZwSm9QTDZYY2dnSjlqTmtmX2Vjbm50UUNwdjVWWlBKbW0zTm9oMlJYV2NzOFhzMmdJeHZDUV9GeDlJTzdLSllBazMwOGF6SnBxUHc?oc=5
2026-08-23 03:00,The Motley Fool,fool.com,3 Growth Stocks That Could Skyrocket in the Second Half of 2026,https://news.google.com/rss/articles/CBMimAFBVV95cUxPallLcWsxbm82dFVQSDVEblF6d0NwV1N6eF9LVkhhYUZUXzA0LVVSTUdPZUZpT2M3Rk82VHFkWnpJbU5wVm1ZVEc1YnhuNm90YUtKRGlXSEhVZXB2MEp2UHpieDdhU2pVbzdXaHp5SWxscU01bFY1aE52MGxvampoRmNKMGdKaHpQSHRzdzdLeF9RY21FeXdadg?oc=5
2026-08-23 03:00,The Motley Fool,fool.com,Billionaire Ken Griffin Just Loaded Up on Eli Lilly Stock. Should You?,https://news.google.com/rss/articles/CBMimAFBVV95cUxOMGh1NkFDSFZMc3BMSllSdUQ1WHhpMEh6MEFJdWFBRlI0V1ZNZkhMNXdfc2liNDRsSG5nRkFlcmtJTXQ1RDI0T2RTTGJab04xM29rcXhoVndlV0o3RklfV0VNcWszSWdIWlhOZHJhVGNsY1QteGI0WGVHaDNCVFl5NElSaVlhb2I1UFh4elpYU3E0dldPZTdNMw?oc=5
2026-08-23 03:00,The Motley Fool,fool.com,Eli Lilly and Novo Nordisk Can't Treat This Form of Obesity. Billionaire Stanley Druckenmiller Is Betting Rhythm Pharmaceuticals Can,https://news.google.com/rss/articles/CBMimAFBVV95cUxNTXZfcm1Kc3VNSU1jU2U4NlItQk5neExpZGFqQ2hDRW1yYUhncDdIM1pTZVdiQjdHQXJKaGxXeHBUck5ESnFKWTZVRGFXbUZ6QVdjX042X09FSG8xNmFDNy1mTDA2ZFJYMjA0QjF2dC1UV3c1U1dkanRMaFJBZXdFcWl2VWVkQWZRNi1lMWJRLWNKd2VpQmk2dQ?oc=5
2026-08-24 03:00,Yahoo Finance,finance.yahoo.com,Can Eli Lilly Keep The Margin You Are Now Paying For?,https://news.google.com/rss/articles/CBMilAFBVV95cUxORE1zRjRoUGpmUGI4RjZDUW1NMzk0MkhzNmhqd3dJRHM0SHBURlR1T1V2UWFvbW5FZ180RzZKWHVnRURZQnZ0Tm5kRFpfWmw5UnJ1Q2tjN2hneEJrUDI5bnJSVUhyMDNEd0k0UWlOT0ZwTXdiX0xJWHVRWW14VUxveUFtdjlnVXprb1JyeWlDcFg1em84?oc=5
2026-08-24 03:00,Yahoo Finance,finance.yahoo.com,Eli Lilly (LLY) Is Suing Six Companies Over an Unapproved Drug—Leaving Novo Nordisk (NVO) Clear in the GLP-1 Wars,https://news.google.com/rss/articles/CBMijAFBVV95cUxNSTZMSTFkSWZTQWplU2gzMGNweHBzNkJ1dVhVY2hyY2dmTHBmb1IxTGVnZWYxYzlvaXVmNDZjdXhEcGNYSmN0QzFrYjNrMmcyVkR6cFJyRTJkcDg3QUNRZ25MLWZFRlZ1Q2FDVnJMSmtkZzkyVHdqRk5oejhRQTAyTll6ZzVHWXlGT2ZMcw?oc=5
2026-08-24 03:00,Yahoo Finance,finance.yahoo.com,"Eli Lilly Has a $100 Billion Revenue Story in the Making, 18% Upside Ahead",https://news.google.com/rss/articles/CBMilAFBVV95cUxNTTBraU5tVHp1UXAyZ3RXRTB1VlM4M1pBTHh5elo1R2V2WW1MR191UnBTT0ZDSEFSNk9WSXN3NEZ5ZDAwX1JhbnV0RWpaWU50VUdBTkNJbG5jYjFYU2NHSm9iYVF0VGhaMkRkMFBNSVVpZnpqQW5GZFRJMGJ6N3JkR2FldXkxMGlFdkQxSEhZaEl4b0RT?oc=5
2026-08-24 03:00,Yahoo Finance,finance.yahoo.com,Eli Lilly Launches Foundayo Weight-Loss Pill in UK,https://news.google.com/rss/articles/CBMimwFBVV95cUxPVTA4RENyajVnY2Jmd1VaZUxCOVA2SjFyeC1IMHp1SktIUlFGTFhHYnEtdm5YdW9fSkJ2TjRoU3QyMUwtZDBZQU1XM3dDRDBjTHFjQ0pmSXZFWkVGLWEzTDU1VEJwMFlfM1U5OXhtSVdzTW5raHlBOHl0bzBXbkdFYlYwdlJfdGpQX3hmVzAyMUpjRk5lUmJsYlhvVQ?oc=5
2026-08-24 03:00,Yahoo Finance,finance.yahoo.com,Eli Lilly Slips as Its $1.1 Trillion Valuation Cools,https://news.google.com/rss/articles/CBMihwFBVV95cUxPSjZVOElrejJkTzE2M2ZUc09IYVdsTDB6YXEzTk1yb01zaExISS1qQ1cxOTZlcnNvS2QxOHhRNFRMNzR3XzQyZ3E2UUZIcHlJcXhBSnBHVGtucVFRN2UySk9UeTFkN01YM195ZVlOZm1EVldHcjdGVjlBT05rN0hrYkRSajVMaVE?oc=5
2026-08-24 03:00,Yahoo Finance,finance.yahoo.com,Is the Weight-Loss Drug Market Really a Winner-Take-All Fight Between Novo Nordisk (NVO) and Eli Lilly (LLY)?,https://news.google.com/rss/articles/CBMilgFBVV95cUxNU3U3NzhCcjc4bjhMWjNFTFFmZDF2RE4zSmhVRlljOU91UU9vTzF0Z1dvcG1QMmxtTkJ3S3l0bGFpUlM2R2c3NVdRb2cxaTBMMnJYWGp0d2RoT1FfbjJBWGVNYUlZWUxBYldKN0JIcTludU9CNFdYT1NsV04tckNJb3hOemZqT245M0N1ZW9rVHhWVUNhRGc?oc=5
2026-08-24 03:00,Yahoo Finance,finance.yahoo.com,Roche and Eli Lilly Win FDA Clearance for Alzheimer’s Blood Test,https://news.google.com/rss/articles/CBMijAFBVV95cUxPWlE3ajBFeGREMGFOX2dka1FyeE1mNDBuTEtabkpDRG43M0p2U3FEUE1mRk1IZW5WYUJ5Z2ROcEZuRF9SWFZJVWUtOUxvbG1IdHR4WV85UlJPNDM2ZmxyRW02b09vSWc3OUIycXBBSkY0eE9Yc1VfMjRMY3l3VXdLLVdxc2VOMWZQY1hJcQ?oc=5
2026-08-25 03:00,Yahoo Finance,finance.yahoo.com,Eli Lilly vs Novo Nordisk: One Winner in The Weight-Loss Drug Gold Rush,https://news.google.com/rss/articles/CBMijwFBVV95cUxOZ2lSLUhUTlg3VVl1d2lyN3pzdmg0bUxELWJWc2MwcUVwMzVRdWRyeEdSdXZZajYyUnBkZVE1WktKTGM0cWxUTEVmNXNRRW5pR2lfMEhOa3JmbkZaYlBWOVg2cmhlOGNlQ0hjZWtyb2lzYjB3bmJSRGdEWEE5Q2V5bENFT3RPc01sY0xKNVMtOA?oc=5
2026-08-25 03:00,Yahoo Finance,finance.yahoo.com,Lilly Gains as Foundayo Crosses the Atlantic Without a Needle,https://news.google.com/rss/articles/CBMinwFBVV95cUxPeGRQVmFnQTkycTh5ajdabTJtQjJFcDJRak5Cb2V3dnNXbVdIU3lQY2M2QWRrSTdYZTU5c2dqZDJSUmlLeWpBUWNCTnl2bzdGN25VMU5HZEFWYUtSYmVGSEZjbXhtZUZYS25obkp6WEUtcmp1NDJiOVM3M3RlbjNmMVZWeFJLNnRDMWtNeUFBOVc0aS1ScGc0akh3LVpFNXM?oc=5
2026-08-26 03:00,The Motley Fool,fool.com,Is It Too Late to Buy Eli Lilly? Billionaire Ken Griffin Doesn't Think So. He Nearly Quadrupled His Stake in the Pharma Stock in Q2.,https://news.google.com/rss/articles/CBMimAFBVV95cUxOLTdVbG1jOHpOV2RaQ0RTT1BuOHJ4U0xOVUZaTEFxYkk0R1FDU2lyRkV3cEF1bGNackVNV3o2ZkpBeU5adW5TYjZ0UHJKbkQwLW5ieVNsaWNnOGRQVk1JT0FaeEkwMjlaNlk1aUROZ202QTNKQUlteXNIUFBwNlNRTDNYZXg3dG5pcUF4bWVxU245bXlobzd1Rw?oc=5
2026-08-26 03:00,Yahoo Finance,finance.yahoo.com,Can Eli Lilly Stock Keep Surging As Drug Prices Fall?,https://news.google.com/rss/articles/CBMimAFBVV95cUxNVjdGVjJ1TzZsWE0tUjBfeWwyeGdxdXdNdHRJbzZDbFRmMURnMUNGMU12Q29WamhzTU1xYkw5cWhLb0V2bVhCa0dsamxERm1TMGFGMERoYnhaLUtfT0EwV0tFcmRIbzBWMHRYNGJmM0ZhZWUtRFM0UVBRcDJQRXpIVzI5b0RrQ05Wd0dVakpKWG9KUTY4dkhaMw?oc=5
2026-08-26 03:00,Yahoo Finance,finance.yahoo.com,Eli Lilly Clears Big Hurdle in Alzheimer's Fight,https://news.google.com/rss/articles/CBMikgFBVV95cUxNTW1jaV9nelB1anlQbmpHck1qWGZUV28tdXN1YlpYUFIyVHJnUkEyVFZ4dzQwZFA3WUJuS0YyWUJRa1E3RXR5ZkVWYWhhdXN3cnhwT3dpdG5vbFpwSXJoZWI0TjVabWIwdng3blQ0NV8yRVJFUkU5dThDZHNSUUtWNXhqcmVoTERYenk3cUxiSHdvZw?oc=5
2026-08-27 03:00,WSJ,wsj.com,Novo Nordisk Shares Drop as Bank Downgrade Reflects Growth Concerns,https://news.google.com/rss/articles/CBMirwFBVV95cUxOWGVSSGx6MHVIT1p4bllxSi1ueXdaUjlhYVo0TUZHNjZIMFJxLWtqNUoxQlFFVzh4YlJubmZLZVVwQWYtcEhheW1qckJzQ2NkQW8xWnlPeVczemtZZmFBdy1lTkZsaG9JdFdCbkhFYTBFdXdEMzlIQ001Q1pjeWY3UzdoYmNLUXZDc1FheF84dXBDRVdZNXhoY05WS0Z6Zkt6TU5WSUw4T2JPM1JVUENr?oc=5
2026-08-27 03:00,Yahoo Finance,finance.yahoo.com,Can Eli Lilly's Oncology Portfolio Drive Growth Beyond GLP-1 Drugs?,https://news.google.com/rss/articles/CBMinAFBVV95cUxONndtRkFHcDR5RThUMUk2TWlTWUlmZmJFUy02MGRuc1RfUVM1ZlVxdUltcE5VUGktQnI2U3k1SGVBYmdCTGtDT3BBX1lvRy1PUEVISEIyR3dLbEIwWVhMbkZxRW5uMEZubkszalF6Z2w1ZTdGTk5IUHgzeDNlMW5Ob0c5am5iQVhGNGJEdEsxTTc3SFF3QTBfN1RRdDU?oc=5
2026-08-27 03:00,Yahoo Finance,finance.yahoo.com,Eli Lilly Finds Bigger Weight-Loss Drug Opportunity,https://news.google.com/rss/articles/CBMilAFBVV95cUxQaTNEdzg4aGpsMGRRWEhOUVlKdzhRSU9Hd0dXMTJjUVZCVjlRT0VlWUdTelZQQmttTmFCSXNMOFhBSnpsTURFRDFYN3RiY1BwcGg1cjNIbV9ZTmRoTUp5RGEzb2Y1Z0tJZkVHdG1GdGRPWVVYelRuRENIMXlFd21jbGoteTQzRXZWdFlLQjMxb1ZqdDBm?oc=5
2026-08-28 03:00,Bloomberg,bloomberg.com,Lilly Diabetes Shot Mounjaro Wins US Approval for Heart Disease,https://news.google.com/rss/articles/CBMitAFBVV95cUxQWXRmQ1ZBODFYdDdpUEt2TVB4WXhxU0gxUGlMbWdPYUF5Z09BcW1QUmJGUFNVWTJVWVZzR3NUaUtlNDNMWjJyTnR4a1daeGRnaG5KOTJLS2Z0QURzTnZjUENyTHE5UVR2NWlfcVp5b2ZFX2Z5cGdaekE0dm5SYTJ1eThHY0NyTWJGSDlWaEFOWk5lLXhudzdsdE1EdmtzbjZyUlNOSVZ3WEo0WkdiaV96SndWNjA?oc=5
2026-08-28 03:00,PR Newswire,prnewswire.com,FDA approves Lilly's Mounjaro (tirzepatide) to reduce cardiovascular risk in adults with type 2 diabetes,https://news.google.com/rss/articles/CBMi7gFBVV95cUxQMFlqUktCaUhaYTFycV9FUFhuUTh1cmZnZFl0Z2o4R2o4UFNVRjNJNUlFR19Dd3g4MkRvY2tDT0JORUZTd2lsOV81RWlpQVE0Tlg0Vl9NcWVJRVJDb0tXZXB3VlVxaVl2b3M5dzgyYm5vTzJYdWlkRDV4ZTc3NlY0SjJQelhVOGY3TFE2QzFNU1prRkpnb2w4aTJ1bTFScEMtX0hBaDZVWDFReDVYbTJGLXZjYnI5WmV2UVFLd0wyYUFvTHJENEw2cndmTDExOGR2M01mOHFra08xZ0FTbzJUOG5sMTVncXE3dTM2SWt3?oc=5
2026-08-28 03:00,Seeking Alpha,seekingalpha.com,Lilly Mounjaro approved to cut cardiovascular risk (LLY:NYSE),https://news.google.com/rss/articles/CBMijgFBVV95cUxOVm5HRUdlRVpOZXFRUEZUcjVzYmlqRExRUXkyUTRrMHBNM0pRYjlNRENyeHo3enUtWWNoUVg2UnJETWhJSThQM21KakszVE1oYzV6cXpPNURMOVVLTVJIMHJTNUlNT0hCUXUzU2xWZXlzclpmTk5xdUktZWZpbTdMV3IxeXBUblQ5NnVSYkN3?oc=5
2026-08-28 03:00,Yahoo Finance,finance.yahoo.com,3 Big Reasons to Love Eli Lilly (LLY),https://news.google.com/rss/articles/CBMikAFBVV95cUxPX1ZLemowbmJpelZYQUU1RzV0OEM0dWJfdHNfck0xWUJkVnktV1dpWVJHWmxvbmVNTjRwZjhDQkVUWDVaSHRvNnVrMFh6eDNBbmZWZHEtU1JsWDVxZWVYM1lFSkdHQ0dTSUdlUlN2X2h6OFFyaXJsWTFDVzR5TExmRHZrUU1GdDA3SEdNWUFnTUk?oc=5
2026-08-28 03:00,Yahoo Finance,finance.yahoo.com,Eli Lilly Stock Gets a Fresh Catalyst as FDA Clears Mounjaro for Heart Risk,https://news.google.com/rss/articles/CBMikAFBVV95cUxPRUVCOFRPZWhRdkR3WU9Za1VKaTI2cURzV1FOOU5kVGxpRzV1OHJwNzlxOS1JM3VPbTJHb3dMVW9iWFZpQmV3QWtlNFI4ZGhDdWZ0aERBS1BidXFkbmJ6MUQ5bXF3V204Nk5JUEtwWElFNVdZNzdmV3hfWE4tQTg2QmduUlJCeHBCSlg1bV9RTkk?oc=5
2026-08-28 03:00,Yahoo Finance,finance.yahoo.com,GLP-1 Coverage Fell From 72% to 60%. Is Eli Lilly’s Weight-Loss Boom Hitting an Insurance Wall?,https://news.google.com/rss/articles/CBMiiwFBVV95cUxNc1llQVFmMTN3VTR6MlRzbXZEQWlvY1kzMm5FdUM2bFZKQUxnZXNLTk0zWE5sRmxYcFE0U2FzOGFRZ2Z0RTFzbmpFMGFRMFBiRzV0WFU0S0w5YmU3YVVkN2xud0hWZzJZTFR5S2FzWFROOXM1QUFTaDN0dDZwZDk0MHBaVWlDNF9tWHo0?oc=5
2026-08-28 03:00,Yahoo Finance,finance.yahoo.com,Is Eli Lilly Stock Outperforming the Dow?,https://news.google.com/rss/articles/CBMinwFBVV95cUxQYzAxNGpHRFpZYmt6bW13SnNOTkF0RkVTWmt4eDh0NGFRRWpkWlhIRXFEQzRmM2FXNVFpWi1jSGRFNTBrRmNscHpUNkdrMEZndXdEaUtZMFpqMFhJTkdVbkV6WWhHbURCWUI4Nkk3ZHpMS1VHdDZneVdGRzBNTTNlSWFoYUZ3QkFQNmltWFE4c2ZBR2dtcVVKaFJwZE51X3M?oc=5
2026-08-28 03:00,Yahoo Finance,finance.yahoo.com,Is OmniAb (OABI)’s Eli Lilly (LLY) Partnership a Game Changer for OABI?,https://news.google.com/rss/articles/CBMijwFBVV95cUxPZ2diVG1tSmoyLTNFamxDTXp6bnREOFlWZ0V4TWVwSVptT2RSNjBHVVpCU0ZsWDJPSVFSQWd4VDhzZlpZV1JobDd6UzZhU0tvTmRrdU9XVnBlRExlWUsxU05WRjF0a1BQbXRRb2w3VHNjak1zWXczSER1bHRlMzZaOFEzZFp1UXNVMW1seWtuVQ?oc=5
2026-08-29 03:00,The Motley Fool,fool.com,3 Things That Matter Most for Eli Lilly Now,https://news.google.com/rss/articles/CBMijwFBVV95cUxNR2ctNjlSckg5R004ajJZeEtOSDM4NTJSLTRfamFrQjhMeWlJWjZHWDVRcHdsX0FkelZ2aElaUVhzTVVpMkFFckRDcDFKZlN5eFBqUXlDS2JrbWZHVGFuclB5SGJYaGRiUGlrWTdQblJ5V2pSdmVtWnlJd24xQnBPam12OGlKU3V3WFI1QVJEWQ?oc=5
2026-08-29 03:00,The Motley Fool,fool.com,AbbVie vs. Eli Lilly and: Which Healthcare Stock Is a Better Buy in 2026?,https://news.google.com/rss/articles/CBMiwAFBVV95cUxNSW9hYUZZR3BvYnRnbF9qanNJNDhMUXRBazJLZmNkZTJOckxYWFZpR3RsNGFfUEotVlUwSVFDeWZwYmJhNFlfOTI0Y2oyOExvRENQM3RQSnc0cEVzeG5kbWNJWUxjOWs4bzhrV1dRU3hYcnczNHAxVTZVb3V2RW9lSlpZcFU1YW93eS1sdHVIcG9RaGI2VnRVQ2p3Q0VKOWxVN2x3dW4xZF9yRHhsaDltaFphLWxlS0F0MTZ1dHZJenQ?oc=5
2026-08-29 03:00,The Motley Fool,fool.com,Has Novo Nordisk Finally Found the Catalyst That Could Flip the Script on Eli Lilly?,https://news.google.com/rss/articles/CBMimAFBVV95cUxQdXNGWHZER0FSRFVnelJKZkdTYUZaVTBSblZTVk9JSEw0ZDI2d2VvYVdGaXpKYklxSTVkWmZneDJSdG43SWl3ZV9LMkJKbDg2NHpQWi1kWHFPQWpkYW9FQ1hVWUl6ZFVfSHRlNmNYcjdwZFc5akxnTElWUGh4MnJIcDZOTU5DV0JFdFZ4dERrdFoxMGpscmFQaA?oc=5
2026-08-30 03:00,The Motley Fool,fool.com,Can You Buy Mounjaro Stock? Everything You Need to Know,https://news.google.com/rss/articles/CBMijAFBVV95cUxONHN5NmYwV2JuS2llaG92a1lrdVd6OUtXRU9CRTFPSEo2WV9WdWVoMnEwckZGa3ZNZlNBR1dwd0N3U3BtQnRfcFViTWhRN29XbDdjdEF4ck1mdHVZbEk0QTdPQ2RvVG9NT1VpdV9JOGE0aXRMVTJOclRQWXdrYXJDdEQxSjBHUm82d1ZWbA?oc=5
2026-08-30 03:00,The Motley Fool,fool.com,Should Eli Lilly Investors Be Worried About a Threat From Amylyx?,https://news.google.com/rss/articles/CBMimAFBVV95cUxQbWhFZ2hSZmdJdDNJMTJjNTBlcm1VeFpLdHJrOEhuRWQ0WDRaM0F0RVZkS3RlQmtZcjh0c0FGYUtaTFdOY3ZDYXNLcno3b3pjQnhxLWItNEtmV002cE9laG5qUjZlTDR3SVVjeE55Njh6c2VBN1NUSHVrTEp6bXhjR1dsamg2V1hoUUowSXBzRzlTYWgxSkVINA?oc=5
2026-08-30 03:00,Yahoo Finance,finance.yahoo.com,Why Is Eli Lilly (LLY) Getting A Bigger Role For Mounjaro?,https://news.google.com/rss/articles/CBMijwFBVV95cUxOcFozejNfUGNFZTBDa2w0LTV3YW5IUjkzX3A1YmR0THM1NXlaYjVJRUtRMUphbjAzUVE2bkUzajFWalIxTGxZeXA4OWhBQWxDOVd0OWpGNEpmQmRyT0MwOEcwWVVjMkRMb01vM3dZdnZPcmdfU0FTRVowbkhEcFhpRVFVYjM4M0MyQXFBME5tbw?oc=5
2026-08-31 03:00,Barron's,barrons.com,Lilly (LLY): Pharma Giant Keeps Growing With $2.9 Billion Deal,https://news.google.com/rss/articles/CBMikgFBVV95cUxNQkRBMzhiLTlLOGpYZ2FEdFpYS1RUdnBHdWM5bnAwM3FSOUVPTGlYWVd6cWJTQXpYMHRlY3JERmNnXzYxMW5Uc001TTZ5WXdONHJPQXpFNXBmTkd3akNXMUFIbXk0VC10RXJrWUwtTzVnUWdqWUptaWVuRU42VHpzeUN3d2NYOVdKUGRTeVV4ZzJUUQ?oc=5
2026-08-31 03:00,Business Wire,businesswire.com,Harvest High Income Shares ETFs Announces August 2026 Distributions,https://news.google.com/rss/articles/CBMiwgFBVV95cUxOS2ludjByUDB0U2NNOGhaX2puczhSWUhUX19CTjdmMmFzNlVyYWc2QzNSN3ZyOVZXR3J4c29GSHljZzZIay1Zc2FZaFRxYnlVUjJkcnNHeUJMa1RhVXZtekRvYXJwZjNoWl9BbG82c2toUTZwX2x4YmZuMDc1MVlaWEN0QXR2dGZlVXhTd29pcTRadDJ4WmtWbkpjN0ZMLUUtWjUwR0tMV1N6c1ZvcmMxVTQ2WWk2UU5tTkh5VjJhRThkdw?oc=5
2026-08-31 03:00,CNBC,cnbc.com,"Stocks making the biggest moves midday: PG&E, Edison International, Apple, Howmet Aerospace, Eli Lilly & more",https://news.google.com/rss/articles/CBMinwFBVV95cUxQQjZXVVBNM0RxWlNmdlJ2ZG91QjhSeUhzYXh0N0lJOEV0X3hmSDMtNEVBa0lSSEd4ZHdRV3RZWXF3MWF6Q2xqTUloVnYyQjM2OW4zOHU3R2ZoaFNQNUVZcFFvYjl2QnMyeXBVZnNKVDl1UGktVF9Vd1BDa0FySWRGQllfbWwydl9GVDFZZ012QXRqMlZvMHZXc0k5NzFMQWc?oc=5
2026-08-31 03:00,PR Newswire,prnewswire.com,Lilly to acquire Merida Biosciences to advance treatments for serious autoimmune and allergic diseases,https://news.google.com/rss/articles/CBMi7wFBVV95cUxPQ3RNRXE2R3BKZU9VZ1NrcFVjWXZtNlY0Y0tIUWN2RHhlZ0ZmaDROZUV1aGdxT0lTT1RwaVlJZFh4VmVDc3pEMnVtUXhzS3pYRk9CazkyeTBWMmd1UU5DU3o0aEZ0Y3RUMjlBbUNXZURIa2hiY01iTHBmY21obTRPOFlMSlBKUVFCMjExLVFCUHdsSTAwSTVXTk9NR2pPeGE0Wktva2J2TF9ZbWhtM09BblJXNEJRZjE5TWxTTjJlSDNVM3ZfU1NPSXRiSVRORUp1bzNJbkd5NklYdG9QbUQ4NUh4YXVRQi16U3BIczJ1QQ?oc=5
2026-08-31 03:00,Reuters,reuters.com,Lilly to buy Merida Biosciences for up to $2.88 billion in autoimmune drug push,https://news.google.com/rss/articles/CBMipAFBVV95cUxOX0g4M0x4Zk1xRGRkS2ktTmo0SEJKZ3dSc2NWQzk2Zm83TkVTODZHaGVsdmtocHBJMEdaQTZKX3pTVnA1a0pweHBlZDZPVWJTWDMyM0l0OTROcnJFdGhCMURwUUtvQlh3OVBwRHQyZjd6cmJxVk1qdE9NUkVMeDY4S2JZQWtFMVc3NGlNbFM3T0s3dHZBVmxWeXdzN05OSUFvZ2xCYQ?oc=5
2026-08-31 03:00,Seeking Alpha,seekingalpha.com,Lilly to buy Merida Biosciences for up to $2.875B in cash (LLY:NYSE),https://news.google.com/rss/articles/CBMimAFBVV95cUxQY3k1aTlnT01WX0I4Z0hsUzJqYXlIaFZrbHdIZmVvLTlCdTI0U0N6NkJLa3FZQW55dWxGT3c4WlJPekV4TXZhMkg5NTJzRVp1YXl3NkI0bEtCYzhwUUVDdF9qSlpYQllqcWltRDcxdmhwa2NMRDF5MlJnV0x1X3FtTjdxM0dQbVhoMEdNdGV3UzhkdUhzY2gyRQ?oc=5
2026-08-31 03:00,The Motley Fool,fool.com,Eli Lilly Is Acquiring Merdia Biosciences for Up to $2.88 Billion. Here's What That Means for Investors.,https://news.google.com/rss/articles/CBMi2gFBVV95cUxQMmlEcXBIZXVOSHUxNm5xY0FIUFprSGl0bjhQaHRZc2JhQ3ZEVU5UNmlXTWg0clBQT2JfRlQ1bElEa3ZCOXhERTJpMmdYWkktek1iWTZDQzdCemtoWjBFV29JOVVoaWpJeFNPVkZDbHA4OFRqZEFzbGpPNEpadW1manNGR2dIWGxueVdvSXhNZjRoTU9mc0hmZ1NmX0tmejQzSnNDMU4zdFRoMkhsV0laVjc2X3d5ZXFyMXhVQzB2UXl1Zk1SWWt2X081ZkppOUxtVUZWaE41MFRVZw?oc=5
2026-08-31 03:00,Yahoo Finance,finance.yahoo.com,A $2.88 Billion Reason Why Eli Lilly Stock Is in Focus Today,https://news.google.com/rss/articles/CBMijAFBVV95cUxNYUcyV3N5MGxWZ3BqR3Rrb2lhNFNwNFo3aUhEWW9hRkJnVnByb0FMWjZiTU16eFA5WWpBdXRYN0VkckVnM3d0RFFQNHNZWXgzMUI3ZGstQzllbWtvcFJRbi1mcS00UmctRy1vLUZCX2xSMEJnN0NIbEtpbVFGaW9JNHpKdUM1cDdIVlM5bQ?oc=5
2026-08-31 03:00,Yahoo Finance,finance.yahoo.com,Eli Lilly (LLY) Makes a $2.88 Billion Autoimmune Bet. What Could Go Right or Wrong?,https://news.google.com/rss/articles/CBMiigFBVV95cUxOSnY3VFRGckN4ZzN6dHdsSXFuOGJaQXN3ZmlhTFJra296MTFzLTZ6MHhjNEt0bHZUc0Q4WUI5SzFDMWxyVFg1VEFJM29RcnpDbENrTUs3d0FhMkVOSjd2akJ2S0hHUTJhNmpnODZnX1VweXU1YkQ3RHM5cGNPSHM2TnJ6S05SVm1fTFE?oc=5
2026-08-31 03:00,Yahoo Finance,finance.yahoo.com,Eli Lilly (LLY) Stock May Be 30% Undervalued Despite Fresh FDA Approval,https://news.google.com/rss/articles/CBMikgFBVV95cUxPX3Rfb21tOVROdXQxZnhyRy1hVTJTZHhjZml1SFJ1T2Vsd012cThQUjRnSExqSzZYdENhckxSYTZtOXpDbDJRLVpSV3dGQ2ZDcS1FclYwOV81THoydm1YYVBHdVNpZF9yVU5FOUgtX1M0Qy1wUTR6RF85bk9GWUVhS2ZaRFRHTG1hNW9sLWkzSkMtUQ?oc=5
2026-08-31 03:00,Yahoo Finance,finance.yahoo.com,Eli Lilly Stock Falls After Pharma Giant Unveils $2.9 Billion Acquisition,https://news.google.com/rss/articles/CBMikwFBVV95cUxON1o4OUZjaUhsNThJNDlKRmVRSWxDSkx3bk90OFpVSGJNeEpGMGN5NUM4RFNRV1BNRWotcmlEeEstWXA5R0ZNa1pyVVQ1cDNJSDlMUnNGZ1hPaGxGYWtPX1RqaFFQSVdkY1pYLVdSdVA4WHFKSlBDM3RVQ1hZUnBGRGN6aEZySnBqUlJnZlVVWjh4NFk?oc=5
2026-08-31 03:00,Yahoo Finance,finance.yahoo.com,Eli Lilly Strikes $2.88 Billion Deal to Buy Merida Biosciences,https://news.google.com/rss/articles/CBMiiwFBVV95cUxOTkhpZ1p5emQxQVdBNGMwYmR0THc5dHBySThHVGVXQUc1YjdYZDZYV0NmT3UwYlFiR05FX2tKRmdFZXFiS2dkZ3ViOV9KckJyTHQxdWhoRXFRaW85UHdtSzlJZXBpNTJkN3owWmEzOXdhUDItZnBab3o3ZHBmbFlWb3pQNElwaldKYWtF?oc=5
2026-08-31 03:00,Yahoo Finance,finance.yahoo.com,Eli Lilly Strikes $2.9B Deal For Its 13th Acquisition This Year – As Fresh Zepbound Data Impresses,https://news.google.com/rss/articles/CBMiiwFBVV95cUxPakxHcS1xZThlWmdKeV9Yczg4SWlPZHk1UXpCZkJZSlZ2eHZLSXh1VGdpYWV3QVpPZnpRbHhUenJEOE9ZUEUxb0lleXRqRGFPQVNYcDVlOTY0eEJHZExkcEo3el9qTjBOeVlVbkdXdzJRbksxdXBxN1UtcHJpNDFHMmlEY1FodGI1RWhR?oc=5
2026-09-01 03:00,Yahoo Finance,finance.yahoo.com,Eli Lilly to Buy Immunology Biotech Merida Biosciences in $2.9B Deal,https://news.google.com/rss/articles/CBMimAFBVV95cUxOOWFmYm01N0tWcmEwd0d1X3V3RmJFUXMzX0p4eEdET0x6VXdfeEhpZlhxNnNTZWxoSW1uZW9CYTFuM2l4akZtYjRNWDlDbUJSM0xJRkREeTN0ZzNELVgyd3JiMElXd2FVTi1KMnBSczB1bDdiTVpScWlLdjl1cWxnSU5sOGJtektyNW9YWEdJdTVPT3ZfWE9QNw?oc=5
2026-09-01 03:00,Yahoo Finance,finance.yahoo.com,Insurers Are Pulling Back From GLP-1 Drugs. The FDA Just Handed Eli Lilly Its Best Weapon Yet,https://news.google.com/rss/articles/CBMikgFBVV95cUxPb3FVeldoRmZ1NUthc3FFUU9HTVEwMkxRUzRoalE4MVFmY01OVmtJQUhDZVRzS1FjdXQ0SmlTSWV4M0tGWTktN3VOMnJrYmQ5UGxlTS1CVkRmMnhSTjR4RUxSY1E3dS1WX096VjQ0TDBIbHpMMTFOcXBlb0RuanZWeEYyVXBqaEIxa1BOelV5ZUhXdw?oc=5
2026-09-01 03:00,Yahoo Finance,finance.yahoo.com,"SLS, IBRX Stocks Post August Gains: Eli Lilly’s Latest $2.9B Deal Has Retail Traders Bracing For An ‘M&A Rampage’",https://news.google.com/rss/articles/CBMilwFBVV95cUxNWUstY3daSlJIcXBKcnM0NkdWTExSX2NiUGYtSXRtRmROTTB1MEpqczN0X0plOXJIaEpndzF2OW1CZVhVLXYwdVV3RlMtVVNGeFd2aHZhTlYxYXpybXFZa3hUR1ZHM0hGNlhmaGZWYjh0RnBfMlhOa1RZSXltdkFQS05kTGQ5SkNqVUJLeTdDTTEwaFNEYlFB?oc=5
2026-09-01 03:00,Yahoo Finance,finance.yahoo.com,This New Zepbound Study Could Be Great News for Eli Lilly Investors,https://news.google.com/rss/articles/CBMilwFBVV95cUxOWGJYOV95amU4ZDVqQ0NlbHk5ZkplTV9LVFlacktWTGIwYlZQV3FLUDY2Q2tJd0JyT1VTS0VHSnNYSGduS2MxVG5JRXhmWDhUS0VCSHBMVWVtckctcy1JZks5Tlowd2N3TFRDOWM3Z0JSRjlPRE5udFhDdEh5WVgwVElCT3EyaUU0SjVOcnd5eWQ3RVVJcm1v?oc=5
2026-09-02 03:00,FiercePharma,fiercepharma.com,Trump GLP-1 update teases blockbuster annual sales for Lilly from Medicare program: analyst,https://news.google.com/rss/articles/CBMiuwFBVV95cUxQXzFkS3dsaU53U2U3VXBLTm9FWFFrRE5UOHBmcWdKX0p1Q005MEJEU2hDM0RUUi1QMTVmZWdkNVgwclUyZ3J3REVqdkV6U2VKS1c0TFJmMEVCVFN3WGFUTnVodDU5d002Sm9rV2tDS0xOWmNWR3RkX1FKcDEtLWE2V3RNSlUwbGV4d0RHd2pNOWZFQU1GMnVhSU5adFdMejVpTHlnaF91RlM3ci1VSVlIX3MxOUNKaGg0UWFJ?oc=5
2026-09-02 03:00,The Motley Fool,fool.com,Eli Lilly Just Announced a Major Acquisition. Here's What It Means.,https://news.google.com/rss/articles/CBMimAFBVV95cUxPcE1HOTNrNVV2bUlYUGFsOHh0QlZvUHBoSW5DTjlsTlVjb0NoQVJhSk1qWHdKRldhVklOS0lnVWk4WGhhNmFoOWVYeGx4ZFVuazdjSXZ3d0VGaWlRNDMzR1ZyYlYtNmhqbndpdTlub3VFTTVBbWJvZnJnd3g4VHVpNU4wOGhNWXhaVC1YVHR2WmpZcXJpSUkzNQ?oc=5
2026-09-03 03:00,Yahoo Finance,finance.yahoo.com,Great News for Eli Lilly Stock Investors,https://news.google.com/rss/articles/CBMilgFBVV95cUxQamhPeTJkM05MNURSajRYcXQzbTYtVU03aEFsTFA0eW56V2s3ZTIyY1FaeWhIa0hBb1lra3dLT2xRSVpsNjJnWG5lWFk4b2tjdG83cHRkQTlsTXJXTE9SUFltcWVfOTBDTDNUZFNtdDI3Vk5OWlhIc3VNaU11RVFOVDNMaDdHNG0yUlZpZWhwVk5teTk0UVE?oc=5
2026-09-03 03:00,Yahoo Finance,finance.yahoo.com,"Rothschild & Co Redburn Adjusts PT on Eli Lilly and Co. to $930 From $915, Keeps Neutral Rating",https://news.google.com/rss/articles/CBMingFBVV95cUxQSlNab0hadlQ0UFBKc1VwVjBmMFpKNDFWdWN2aDRnWXUtWE1Za1d1VkdCTkRRMlBKLWJUUkcycmF2SV9LMmRUcHdHQkxpU1BNamRVcFczaC1UNWVOa2RmLUp0dGFqUE9ldGVMWEpJSkFSX0hIN0FQVzk4RVJOREp3T1dGRGk3UnBJZXpqWndXbXF3Zk1fTDdxVUdmcEdMZw?oc=5
2026-09-03 03:00,Yahoo Finance,finance.yahoo.com,What Does Eli Lilly (LLY) Gain From Its $2.88 Billion Immunology Deal?,https://news.google.com/rss/articles/CBMijAFBVV95cUxOVmFTaFdIX2VLbFpqNlJXdnd3Y2FiOGNkWUJGN1E3YUlScngwWm1hNVE4anQxbVNhcW5KNWx6OENfNmtqSmduYndiNEJGeTg5dHloQXlYNkc4YUlpR0pLUXNHRFdTVEpZekxpN2RsZXNEdTQ3TjNqQTNhbkp2dXhvTklwUjBvUFItTDNqMg?oc=5
2026-09-04 03:00,Yahoo Finance,finance.yahoo.com,Lilly (LLY) Down 2.7% Since Last Earnings Report: Can It Rebound?,https://news.google.com/rss/articles/CBMiiwFBVV95cUxOUUlha09kWW1Dc3haMXk1VWZMSXdUS1NSeVhsVHVMNU1yZjdoeXdzRXVnVlhWSnBEdFl1MzItZVJ0ZnN2V0EyTXEtV01JOHlxR3FBeVdlbmlzY0tuaWZVR042SG9QMVRlRVpsXzhQSURwR1F1d3J1Y2JXWHUxSmRmRWJDUkM0TTV0NkJn?oc=5
2026-09-05 03:00,Seeking Alpha,seekingalpha.com,"Eli Lilly Stock Is Not Done Growing Yet, But It's Due For Compression (Rating Downgrade)",https://news.google.com/rss/articles/CBMiwwFBVV95cUxNTWxsUk82cVRJcjBFQ3BueXVnNFFjTUlNVGRMMl9LOGpldkRuaFJBT3Jqam1HTjhycElZTi10cWs2dkhzakI0dXc0Szl0cXBheXhxN0pnWDVxMVFIbnZrNVh4YW1rai11N1V3RlF5RUlnMUFSRUxiakRBaW1tMHFydEpobjFvUU1SajRua2VxNU90VTM2eHRlNWtNdTk5M3RnOFRUSlMyb01IQy1WcGFremFPYTJsTG5NSG0xTm5seWQ3cHc?oc=5
2026-09-05 03:00,The Motley Fool,fool.com,"Prediction: Here's What a $5,000 Investment in Eli Lilly Could Look Like in 5 Years",https://news.google.com/rss/articles/CBMikwFBVV95cUxQX1UyYkFzM3V5WDNSdlg5dDJZS3pEb1hTdTRQeEN2dlVJYVdXQlNtN3VWZTFIdlR6NVZUbDV3QzBVa3RkLXJVMV9qZldtUFJSWEN4a2J5ZGRMZFJCeTZTazZNWjVhdVhfaEVOb2QwY3FubHBxV2pjUnlKNE14aXRsbXBSU2g2SU96UGtqUGpwTjVINTg?oc=5
2026-09-05 03:00,The Motley Fool,fool.com,Will Eli Lilly Split Its Stock? Here's What History Says Will Happen If It Does.,https://news.google.com/rss/articles/CBMilgFBVV95cUxQSGJjbWE3RkllczQzTTJSS1VaOVZpSzNlX1RJZ2hWYWplQmMtcmE2dzctX1pkVEJONEM4Yy1KeEVYYjNiZ1RMZVdUM1JOY3FzR250V2t1b3h6LUZKbDhFUEplRlVuTGoxOHNEb3QxTE9yNGwwR29tVndOU2ZQTlFyQk0zUFY3X2tJbE1XM3FETnFGWG5FYmc?oc=5
2026-09-06 03:00,The Motley Fool,fool.com,Here's Why Billionaires Stanley Druckenmiller and Ken Griffin Are Loading Up on Eli Lilly Stock,https://news.google.com/rss/articles/CBMimAFBVV95cUxNV3BFQ2dHSG9pNXJKQzVObDNzZG0zcXZmVVlzTHFJbDNfOUhpdDdUNFJEVHVkM0V4Qjl5QU9COHFzQUFOUkU4WVBEaDRVTmRBcGJZYlJzS3Y1WHZzRWxoeWtJWHdWSnlUY2tUdFZzNHVTY2R5T2xlTG1hQWVEZkZ4cjlPUWtKbXozOUZnUlo1WG1ISkkweWJTNg?oc=5
2026-09-06 03:00,Yahoo Finance,finance.yahoo.com,Eli Lilly’s $100B incretin opportunity: Is more upside coming?,https://news.google.com/rss/articles/CBMinAFBVV95cUxOVHNNR2FvQ1RoZjhiWktubHJ1VkFmdEJYdGFfOXlvR0xBOS00SnVjdHlFdnJrQjRwenY3bExPanVtZjU1em9vWXBfZEFWR2NBN1NXR2gtOHdlNmFsNFFKVFg3N2hxS3A4bUFsNzhGRjZQa1FUcklsd0hfcEY5cW9QSlEyczl0TEVmVlBPYkIzS1JVUUNEeDZnZXhaLVU?oc=5
2026-09-07 03:00,The Motley Fool,fool.com,Eli Lilly Has Been on an Acquisition Spree. How Much Could Its Latest Deals Boost the Stock?,https://news.google.com/rss/articles/CBMimAFBVV95cUxPN3JrUFhhdTFjZlpkVlJZNzVNTm9qcTZfbWxwcW1XNGNRd0lIcy13OGxNRjhNb3FtUm1SdlJHY1FDekFCcjBseTR5Q003dzVTSUI4ajRsMnZQdlhsMVg3cUdfLUdPeVJNZlJpck1qZ3UzN016YkdyYzNxWEtFSEVnc1Z6NkhtUzJFSEUwVTEyNzZqczloUkhIdQ?oc=5
2026-09-07 03:00,The Motley Fool,fool.com,The Largest Healthcare Companies by Market Cap in September 2026,https://news.google.com/rss/articles/CBMia0FVX3lxTE5GRmdUdFBZQThSUHo5XzdpNEowb3ZNSHZIVkhld3YyR3RVaGt0MFRxYm1ielNvWHMzLVhxUzdSaGg1MS1ZWlYtWHNIOEhlSC1qOVljVjRhR2NscDExOFV4Z0JlOEt2S28wQmc0?oc=5
2026-09-07 03:00,Yahoo Finance,finance.yahoo.com,Eli Lilly vs. Novo Nordisk: One Has 39% Upside. I'm Picking the Other.,https://news.google.com/rss/articles/CBMijwFBVV95cUxNbzZvQ0Z4MHNjNlp5c0VuSjl2bWNfcmU5clBrUnZvZG9JVDZnOW43V3k2N25XYVk4NTB0Sks4TUd1OXcxVWViZkJjRDZwYldra25MdlZ2RTc3M0xHVHdQY1p3LVM1QkJnYWprLVM1SUQ4RXFJYnh5SnJubXR1MVlKR3kxSWlPSWYxVVZDWFJwMA?oc=5
2026-09-08 03:00,Business Wire,businesswire.com,Moonwalk Biosciences Announces $70 Million Series B Financing to Advance Adipose-Targeted RNAi Therapies for Obesity and Cardiometabolic Diseases,https://news.google.com/rss/articles/CBMirAJBVV95cUxQRkxYem54Q3dJNHRnaXNUellycS1mYmgxNWdGNGUyX1Bjb0c3V1JobmlyMGxsaUhROERLZTU4eDQ1MUFJLTVIWHlsX0p6ekNiQ2xtODJodWozR0J1Tk1kd2thdGJSTXRjUDU4Qk1fUEFqRHdoQ2c0cnJ3QWFmOHJSMEJuZGF5UWxGYXc0ZnRpaHo3cTg1Tzg4VjBHQTQ3cjZRd1FYNFVuamdDZnpORXZSazVGM1JmN0Y5QWlGRGUzaDhYaV9JR0swb3NzNzBYbmROaEZ4bVFZenIycmlHalVTQmhfSG1tdzNQS0Q1ZWJMV1RsSlJfekxUSDBaZGRpeV9OcnlMZ2kybTFDMW15RHVRNjVuRjhzRVBqZnp5Rk02SldNajQxcFVfcVZudU8?oc=5
2026-09-08 03:00,CNBC,cnbc.com,Cholesterol drug setback casts doubt over multibillion-dollar race,https://news.google.com/rss/articles/CBMilgFBVV95cUxONzY5UGlEQWY2S1VwcnpFeVZuMnNsb3k5NmI4SzBNUzM3Z0I5NnRTbmtkU01tMDktTjBvcTFPczgzcGFhRTdJekRHT1RLcXppbE90bFB4c0dsUm9VTHFnTkJPOGlYRHpXZkZiVHlxdWZYRDFzSWdoX2ozVVpCdTNoUVJQT1p1ZnIzQXNCZkZScUhtV3o3eEHSAZsBQVVfeXFMTjZKTzVJZ1JXaElEVmxyYjFkX3hfT2cyZ293cURFR2pIalJjRGEtejhHWF9yNUtPRXdlX3BnWTBkX04zMnEyX2hBTHNvSXdWNzdaVXRjWFVzdGx5TDZxdWJ2NGlMNzlhSF9IUXhEUWVvYVhuUnNTQlVsaWNqcWtCTmhXOEVCMElWeFZMbHEwdFVYd20xTmNXeHYtbzA?oc=5
2026-09-08 03:00,CNBC,cnbc.com,"Lilly perseveres in a bad day for drug stocks — plus, Boeing's mixed deliveries",https://news.google.com/rss/articles/CBMisgFBVV95cUxPY0d3Z3dHZkhrV256ckwwTC1NRTJyYk5qNmxYYlZJNU5TWWpqS05oZm9LZ2ZWalNtWUVldG1GdXVzYmJWOEhXalNyemhzY05kU0RoU0NEY280VDVBSzdSQkNvNE5tcVFpWXM5T3hCZ0ZaVTlHM1otZzdCUlQwSTlKODBIeWVtbkJLMU9GaGNhYkUzMldWZmtFcGdVSkMwNGJtbkJwR2xHS1hpUUViWThlaDRn?oc=5
2026-09-08 03:00,The Motley Fool,fool.com,Is Novo Nordisk Stock Still Too Cheap for Investors to Ignore?,https://news.google.com/rss/articles/CBMimAFBVV95cUxPc1JIcFRabzEzXzlNcENaRVdETHVuRDZhSWU3ckRMSUEweWY5aU1jMnBQOURUZDZmS2Rkci1fenFzWWJWbFpfSThUWVBLVUQ4Wm1jdDRoTzY2Nk1PZ3JlQWE3ZnkxQkdIMHFSZmpoaWZfTVpacUp1NUotVEo3NDhUdktWMmFfZDl6SE40V3FOTlk3NkFNZWprTQ?oc=5
2026-09-08 03:00,Yahoo Finance,finance.yahoo.com,Amgen Falls 10% as Novartis Trial Failure Clouds a Cholesterol Drug Class; NVS Stock Drops 14%,https://news.google.com/rss/articles/CBMilAFBVV95cUxON2dRTUV2d2ZLRHZGLWVFdG4ycWRzWE91VFlxVlN4OWQzTDEyeWxZbDhrOFVnTDI1SF9LTXFnVFpsWS16OXA4blh1T0hsOE1RbmJSZjRCZ04taVJxQlpmX2JNaWZ0Yl9MRzFhRHJ0NTVqWXdKU2FUUDQ3M0tnSXE2OHNxakc4WWg1VzlJM0xQbm1wbjhE?oc=5
2026-09-08 03:00,Yahoo Finance,finance.yahoo.com,Lilly Builds Neuroscience into a New Long-Term Growth Driver,https://news.google.com/rss/articles/CBMinAFBVV95cUxORnFqV1ctOWdfblJkaUZoS3BfQ1Z0NWVoaHBLa1BUNFNpTkloQ2FjRDBqenJmTXhIZDdFZFJibVhtY1NEeTR6UEg5VVppcVFlbkVlWVB4YS1MUWNUVzNvcGZjNElrU05hekV2Y2xmckZkalJyeTlTT0pTM0pXWldUM1VTVTJzT3dBYTk2aDNRY2lrUmQ2OW1EZ2Q1cDg?oc=5
2026-09-09 03:00,Investing.com,in.investing.com,BMO reiterates Eli Lilly stock rating on incretin growth outlook,https://news.google.com/rss/articles/CBMiwwFBVV95cUxNSVJCa1lSSnZjeVozUmpzQng5RVJuZXppSGJzQmljelVyaENxSVV2dDVDaGxBNkRzcllva3hybjNHTTNYV0UyOXdXTEw2alpSOEJPNHNjTmllVWtFU3J2bTMwZFppUEhESGRfWFJnZUNoVmlJemVrSDJrNVRpTWJGQjN6ZTVnM3R4bFRXeHo0Y3ZuZHNKc2tra0tJOFpEMUs1SmxpbjJCeGxlSmQxUVUyX2RaZFIydWFqUldDdG9mR1dERjg?oc=5
2026-09-09 03:00,Yahoo Finance,finance.yahoo.com,"Top Analyst Reports for Eli Lilly, Palo Alto Networks & Texas Instruments",https://news.google.com/rss/articles/CBMimgFBVV95cUxNMXZpR25MaGdnRzBxNGR5eFlmYzMzZmhNZEJWTE52SEk2LWV2WXZ0TFBjU3lXRFN3Y0k1aWp1X09iaWNqc3BjMC1jY01tckwxOWJVZGJKY2Zjam9FNUQ1S2VEZkIwZERXbVRBS3ZkbUpWT2xTNm9lYTdMSUc2OGprLTBHM19sd1k1d0F3WXdsRGZQcmpYWDNTbFhn?oc=5
2026-09-10 03:00,Yahoo Finance,finance.yahoo.com,Eli Lilly Stock Has Become a Trillion-Dollar Giant. Is It Too Late to Buy?,https://news.google.com/rss/articles/CBMinAFBVV95cUxQRkgyaGxlNDBoNVhCdExoVW1rekktcTZ6LVdaT29sQjNmSnZ0T2VuM0FIbmdUaXdDSThLUXRJbG5ZeTc3ZjIyTFlmU21NeWdRVWZSbHdvS1l3Rk5xRmxCeGRTb3d0akhMMHpCRUpsYVFlWHh0RVFqNnNtSWUyVFY2T3hobGgxU3hUNU1mMExhLWUtU190d253LXNhZVA?oc=5
2026-09-10 03:00,Yahoo Finance,finance.yahoo.com,"The Zacks Analyst Blog Highlights Eli Lilly, Palo Alto, Texas Instruments and Stratus Properties",https://news.google.com/rss/articles/CBMinwFBVV95cUxOcU5OM3I4a0VBaEdNVkFSOUF3SWN4bnZXa3FCSmVUZWJobDk4LWlHX3d6ejd4QmV0bGR3M3R2VGlBYkxyMjVHR1N3YXZBRDFGQVdTaTUzd3pfeFdtRFNyUnQ2WXhjODJpU0JKTzJ0ak05b2VSelpxV1UxZmlCYnE4M3NBeDNYWUtnWGU2U2lUYVFYLWpaWlJBcXhzc2V1bk0?oc=5
2026-09-11 03:00,Investing.com,investing.com,"Eli Lilly completes acquisition of AtaiBeckley, initiates delisting from Nasdaq",https://news.google.com/rss/articles/CBMizwFBVV95cUxPaElqU2ZtWWJOYkJRZEk3U1BUb2NXdlFZTF80cGZNeHNiN0M5bVpPVkdyNFIzSWFRSS12VF9NRHNrcmxDd3FlX1V6Z1VLcHhIYjRDdU1xaDh2MWpSYzdQVWhxUTVFdzJ5OURCWWItS243NWplNC1ZR0lSMmhOYnktV2prRkY2aFdNVlpvTTJVdGthY085UkwyMjhKcHRnamZObUtiTEV1bkt1Wk1fTzFfMHhFX2dUNWFSdFBiMGpfTVgzNzZsQVp5WHZvS0k0OUE?oc=5
2026-09-11 03:00,Yahoo Finance,finance.yahoo.com,Eli Lilly Completes Acquisition of AtaiBeckley,https://news.google.com/rss/articles/CBMipwFBVV95cUxQSXpTQUdrU3F0Rk5ieVRBT045QmlBNjg4bEFDNVBwaEJLeWFuRTJfbW1ZbHdvZ1BNbVVuMzBEcVB4RklLUWxOdWt1UFQ5NF9yVHE5NjhXd09ZcllVQ0pFczA0TUpZOXdyS1F5Q29uNmlCdlVjaWFKRXFEeDhKV0xKV2NMVlhVMDBFV0RDbDdUZHpjWG5Pamxld0Q5YUZsWmJNUm9XdHVLNA?oc=5
2026-09-11 03:00,Yahoo Finance,finance.yahoo.com,Eli Lilly's Immunology Push Builds New Growth Engines Beyond GLP-1s,https://news.google.com/rss/articles/CBMimgFBVV95cUxQTFllSUFIS2pMYVFiclNYbkxXejhORElMaE92ZU5HcUhpY3Y3NHJoS05qRzVXc0EwUW5KT1JxQXZUSGZKVWQxYWtkQk55SDdtZ3VoWXNnRjhmQzN5a1VvTWZmRk1VOWFZZ1FzTTNrcTd6TFNJbGdrSDM2bVNHS005d25UNkdLVDVJYjlQQ3JzdEZwbEg1Nll2ZDZR?oc=5
2026-09-12 03:00,Yahoo Finance,finance.yahoo.com,Eli Lilly’s (LLY) GLP-1 Growth Made It a Core “Running Back” Stock for Jim Cramer,https://news.google.com/rss/articles/CBMihwFBVV95cUxOM0I2LXVsblA5a0NMRHpkTkI3YTV1MXBPQTloa3BLNmltUUtRZVRfNnBOTXg1UjZJNlZPR1FURVUxTHNXSkpWY0dqck42OUFXWWdXVjhIU1VmemVwUy1FYXIydVkyYUoxUjNQenZaaDdPYi16Tno3bndUQVdpaENkQ0h4VElhZ0U?oc=5
2026-09-13 03:00,Yahoo Finance,finance.yahoo.com,Novo Nordisk May Be Poised to Outpace Eli Lilly With This Key Catalyst,https://news.google.com/rss/articles/CBMilwFBVV95cUxNX1ZLOFp1WXdHUlB6ZHFvZEV4Y004UkNvX0wxdHJEdTdvOXVCOVNpZUNyWUtyVllaLTlYQ1JmRW1KejF3Uzd1bUtDaWxCeUdrTUNzWGZQQ2RqTXQxS0lRWG1hRjE4Mjctbk1MVTk2WVc3RjhqOTlpWm1INlo1RkdQMzRhUGRrLWV6Z0dzbTdyM1Z6cEdFWWp3?oc=5
2026-09-14 03:00,FiercePharma,fiercepharma.com,No more Nordisk as Novo goes it alone amid rebranding push,https://news.google.com/rss/articles/CBMimgFBVV95cUxQZjdySjRNZ09ZOGZWenlzN1FSdC1CZjNkUGxGem41ZzRSUFFLYWNKUC1rWllsU09keUhQbjRBdzlnaVFfNUpPYVQwdV9JY0o3SXUtSzRYOExIQ2FBYmpvTW9hV2Q0WkNvYm81c29mLUxsT3c1SFVxQm5BSmJGMjdoTjRGeHRCTlVDQWpESDNLVllobkZUckRYTDhn?oc=5
2026-09-14 03:00,Seeking Alpha,seekingalpha.com,Eli Lilly has more than 30% of new patients on oral weight-loss meds: exec,https://news.google.com/rss/articles/CBMiqwFBVV95cUxOM0otYkJST25DaUxzck5Qa1pMNE5KeDJCM0dUSzAtcjJabzFHR0F0Wjh2NkdaQjRrQW5DbHVFaWJJdDgwSU93dXhWd0ZLMmtzOVRheEM5YjRkcWlmMC1OeWdjUUItYk5lSld3RkRsUmVMRlhSZTdBdTl5cW80V2Zwei1POWxSZHN6WDRFbEw5NFVqVDQzNmVQT0ZNOEdVY3IwQm9NbnZjM1FUcUU?oc=5
2026-09-14 03:00,The Motley Fool,fool.com,Novartis Just Shook Up a Multibillion-Dollar Drug Race. What It Means for Eli Lilly Stock.,https://news.google.com/rss/articles/CBMilwFBVV95cUxOVXl3dWtmak91YVBnMWJrd2VzcHB4LWh4VzlJTE9udzdwODJHZkFWSWYyOVdiX1k2bllOdm1XTWNpZkxJbFgteVozSnRiN2Q5QU1OWV9pRUF5aWRsUjI5c1dpRkFEbUxBS2ktZHppQVhHY0txZ0lDbzhOcHRGQUc4UVJvLVVRaWh1OVhRaHg2dThNT3lEMXQw?oc=5
2026-09-14 03:00,Yahoo Finance,finance.yahoo.com,Eli Lilly Fell Like a Rock Over the Last Month: This Big Bank Expects 45% Returns Over The Next Twelve,https://news.google.com/rss/articles/CBMikwFBVV95cUxPWGo2MmF3bmNGYVhJQlp2MDE1cV84TUNqdXY1TnJvSlIwcGQyNEROeVFrZzlnZkFPVDRUQ09BX1lpc013NkF0TnRPUzhQMW5zQ1VNTGloWkdlV0pFSmhKX2ZUcU9zd2tuaEd1amlEOFMzQnNEN3pVWTd5NXhDYzFMalUyQS15T1hYbDlLU08zUkdYaVk?oc=5
2026-09-14 03:00,Yahoo Finance,finance.yahoo.com,Is This LLY Stock Dip Big Enough To Be Worth Buying?,https://news.google.com/rss/articles/CBMikwFBVV95cUxQQ2Q0ZWJwcDBHcExHSkFjLVJGNHRvWmJOdWs2MGUtdXp1bTJrcHU5dlFMWTU0LV92NTNQcTZkLTQwcVVvejBSQ3hUUkR5bEFvZHZ6TzY5MzI2ckNGQ0pEVlA0aEJfWFI1UE8yX2hWSDAxbks4SGtkb0ZQNDFCT1l0bTZhY0p2ZHRmeGZaSkFIUFU1U1k?oc=5
2026-09-14 03:00,Yahoo Finance,finance.yahoo.com,Lilly says Foundayo has captured over 30% of new US patients on oral weight-loss drugs,https://news.google.com/rss/articles/CBMimgFBVV95cUxQcWh6SEZJQjFDMFZnWU5pNHlZdjBkdElBNjJ0UlZXY0NnVzNjdzNGNXQtaHh5cm5uZ2JPcFFlcmd4WjlraUJnSXBTMGJnRXN3RzhUTGJYVlJwbDUxeG96d0dZOTlKTnE5TVVGYWo2RHdQdU9veHVJZFMxdWRBU1hxOWlvS1hqbXZmbS1HS1BEZE80NFg3MU5nWEZB?oc=5
2026-09-14 03:00,Yahoo Finance,finance.yahoo.com,Lilly’s Obesity Access Push via Medicare Bridge Might Change The Case For Investing In Eli Lilly (LLY),https://news.google.com/rss/articles/CBMilAFBVV95cUxPbUVlWS1IZTZlOEIxUzJKOTJKU1lIY0F0dWZsdFN2UTVHT2VTY3dDOHBwbHA3VzlmX3hpcFZZU0k2YmFnaVRVT0lSQk84cHlSbmJ1S2tsa2FNaUllZVZRWk5yWnVneHJJbnBEaGE5bEhvVEFtbzJScHdITDlPOC1xVWdVN2hYeEdTNWZFT0c5Vi1iSjF0?oc=5
2026-09-14 03:00,Yahoo Finance,finance.yahoo.com,Why the Market Dipped But Eli Lilly (LLY) Gained Today,https://news.google.com/rss/articles/CBMilwFBVV95cUxNeXU4U1FNZzVnaENnM1NtMWFlVGx0cXNTU1hPV01fQnhXTGNwZWZIMkJVU05aMG5Bc0JDSnlHVFloRS1DbkJ4UkFsbGQ0OUtNekp5M1JLUnNZUC1UYTlodUZQa05KRy1TazBJVzFCZWd1UE1lOVZ0bUFuMEpfUGc2ajNlTTlZa3lKMmdsTzBQY2dtUmpVakR3?oc=5
2026-09-14 06:57,Benzinga,benzinga.com,Novo Nordisk Just Dropped ‘Nordisk’ From Its Name as Obesity Drug Battle With Eli Lilly Heats Up — Here’s,https://news.google.com/rss/articles/CBMi8wFBVV95cUxNUHo4NmIzV3NFZlRjQ1NVNlpvN0h1T3pxSWhrX3k0Ri1NZVFuVWxWLTc5QXYwT0t5RnNHN191dHJldWgzblN2WGhjREFJbTMxVTF5Z3RUVm5DMThkOVA4dVFOZlNnNElRODBLbTZXTUEzaFAwSXJZdmNQM0x0am5BN2pienVXLWsxYXRyXzhTZXdpSWpObmdqdVBxWWVIQWdBYk1vYmJ0YTZHeDRIYzF1S3RVQVcxcWN4ZkxkMHNWRnJUYVo4MDBicXlaSFVJQTk3NXlVMFRyY0hwTThiZk00NTVSYzhhcWZvSk9HZzl6azcxX3c?oc=5
2026-09-15 03:00,Barron's,barrons.com,Why One of the Last Eli Lilly Holdouts Just Upgraded the Stock to Buy,https://news.google.com/rss/articles/CBMiiwFBVV95cUxQUTRmZmMzeWpIdUxuY09nYmhzNlEtX2VrS1B5UU1yQTdaakhsU2l0VnNCaXNHSF9NWFJvSXF5SW4zeHI2TjhQbmZBSE9DbjU2ejFZSTRHWXVjZGlyYWFFSVpNa0RyYThRYTlhTzRqQTNZUEpGb3lFZmdNZ2psYW1tSjZIN1NyVjJaenhv?oc=5
2026-09-15 03:00,CNBC,cnbc.com,"Here are Tuesday's biggest analyst calls: Nvidia, Apple, AMD, Etsy, Eli Lilly, Samsara & more",https://news.google.com/rss/articles/CBMihwFBVV95cUxNSHFJV25tNmx1R211LURzSHRXSFdkNmpjcUhRSHlROElQeXVFNlhiMFh0TzBfOFVpNkpuaDlUVTlhVFo2b3VpMVUxSWRINnllVUhLMjJTX1hBRHJhUVBfMmJrTmNIeUowd1JEX2NCT2Q2LTNzTnBPV1lLS1plLUZ4ejhJejFlZ00?oc=5
2026-09-15 03:00,Investing.com,investing.com,Berenberg upgrades Eli Lilly stock rating on obesity drug strength,https://news.google.com/rss/articles/CBMixAFBVV95cUxNTFJDNlNlT3lWTGd4TVYwM2FnUTlZWmpKU1pxX0ZzRnJCTzByZTZTQ0hvYXhlQjVlT2dMdkVjYVNON09PT2lhM1JDclZCeFhLMVR4b2JwSFEyMmJuQjFrMnlpSVJrZmdVWnhyZlg5RWZfMS1GbFJHRjRDUEVsQmExYmdGdmNfdTRFWmZYenh0MnZXeHhETnhKZERIbDVGaWJBdmhYOWtKMjdKd2VISHphVWo3cTd5ZldQV2RKVlpEdDRSdWtQ?oc=5
2026-09-15 03:00,Seeking Alpha,seekingalpha.com,Lilly to invest in QurCan as part of genetic medicines deal,https://news.google.com/rss/articles/CBMikwFBVV95cUxQQmZLb3hlT3VuOUZxenBZOW12NEo1MDRVTkp0S3lGeWJPV0diNnpUSjN4WGNZSndfNktlLU1IQVV0WGdFcnFXWWtSNFdIVlNqSU9HUkVBZHV6UEhqR01ydGRiVnhSVDdqdmowdUd1NVVYeTRRQ0hzVjRXQk5OVUgwRXI4cTAwelhhRHhxN1RSc05kaGs?oc=5
2026-09-15 03:00,Yahoo Finance,finance.yahoo.com,Analyst Tweaks Eli Lilly Stock After Weight-Loss Surge,https://news.google.com/rss/articles/CBMilgFBVV95cUxNcUVWUGczZHg4YllBMFhRUU5SbjlYVUFOb3J1WUVteV9Ybjl6RGIxLVFkdEpGWldWS3hhZ1FkdFk1RWFidEZyNmpkeUMtUFZMRWZ6aEFacnlPc2ZNTzgycUFYR3RTRDhCc3ExZGVLal9rUXd1Z1NTYmpjOTY3NXp1anpWd3c3V2FxZ3pBeS1KTUJyUnhqcGc?oc=5
2026-09-15 03:00,Yahoo Finance,finance.yahoo.com,"Berenberg Lifts Lilly to Buy With a $1,400 Target",https://news.google.com/rss/articles/CBMilwFBVV95cUxPSWlpeGctMkJaU3F3RWhLWjdHNDhEcFlXdExFWDZpV01YS3FxcU9EcWw1QzNZcTBVeXZ1b0ZYREtBUm43VmdyaDdYaVczekJkWTlSWlNLYlVXOGYxZXBUQ0pDZldXb0h3WHNMd3lGQmc5OFgtaFBaMEJtc3NGcFR6U3NFNFctVTZUT3hpcG01NDZVeVlJRUJr?oc=5
2026-09-15 03:00,Yahoo Finance,finance.yahoo.com,"Berenberg bullish on Eli Lilly, sees nearly 25% upside",https://news.google.com/rss/articles/CBMimAFBVV95cUxPVE5iMnpDc1l5RDVYQ29vNjluZjNPMGVMZUItM3QyR0dNeXlNRG1FaVp6b1dCaGlZaXA2ZlcwVUE4WGU0VlAzUHFZT2dyMkVxQm5KbWU3NUxPa2lYMTdTYmJ4OVpqSFZGWGRVSzVBTWF5N3dJdGR4U3dabWNSUmVaaTZYcllpSW1QUXN2bHZuWHN2WUk5aFpCcw?oc=5
2026-09-15 03:00,Yahoo Finance,finance.yahoo.com,Eli Lilly Shares Rise 1.6% as Berenberg Upgrades Stock to Buy,https://news.google.com/rss/articles/CBMijAFBVV95cUxQX2pMeFE2dWxvWHJMZlV4TVNuQWp4eWpyaU5OeWpidjlDay14U3RFTGlOT1BmUjJIcjNSVVR1TGhxb2h5T3cweDhKVUJYaEtaejlXcEtUOS1Ldmd1elRRMGFkaGtPaFEwV0h4eEJNMG5SNkFMSnMxUnpKQ0ROX2p4dzlBY2s0WUNjTDJmTQ?oc=5
2026-09-15 03:00,Yahoo Finance,finance.yahoo.com,"Eli Lilly To Present Fresh Data On Foundayo, Retatrutide In Europe – Here’s Why Berenberg Sees A 21% Potential Upside In LLY Stock",https://news.google.com/rss/articles/CBMikwFBVV95cUxOTGwyS0N3VjJibTRzZTRESHljMlJhUDRUamtpY2xaUHZFQWZJVmtNZWtlR3A2eDRwUS1Ebi1TQ2s3bmU1ZUlSQVZTRlA4Y1dvemU0M29FRE9PSDNZRFF3elNVSUZxOHJOQ2xKN2dCWi00V1MwX3JZQlBuSVd4a2M5QjJhQkNpTThtSE9yTlUtSy1aYkk?oc=5
2026-09-15 03:00,Yahoo Finance,finance.yahoo.com,Eli Lilly Vs. Merck: One is a No-Brainer to Hold Through 2030,https://news.google.com/rss/articles/CBMiiwFBVV95cUxOVTlaSGdfNHlJZ203b29SSWt6ZjA2NG5aN3g2bUVnRkdIQWM2TmVHMUg3RzJSeW9iTGFPVUdnM2ZKR2JXRkotR1JnRzVYRnhaVWFRb0NFQmtpc3FIdDF4UUFPRU03LS1fY29SVkdiR3JqeVA2cS1kQWFRYnp5VVUtVmRGQjFLX1NtNE1F?oc=5
2026-09-15 03:00,Yahoo Finance,finance.yahoo.com,"Here Are Tuesday’s Top Wall Street Analyst Research Calls: Autodesk, Eli Lilly, Etsy, Lear, Netskope, Nokia, Northrop Grumman, Rapid7, Rivian Automotive, Ulta Beauty, and More",https://news.google.com/rss/articles/CBMinAFBVV95cUxQNlhrcWdiVUt6YS0wRS1fMUUwSk10UVdpbFVVSm1UVDhwS0xfdzRxd0xQcUVtdU14cW8yTXRYRmNCMDVzSDhGLUNENmtfWHNlNGpmVEJjMWRtWXh2dGxHS1pJdWEwQ0h6bVBLUkdtc2s2d3ZkNHU4VE9kYXpDQXkxWGNzZjZKd3hNZ185bDFqU3JCQVR5UXVvQ0I3SGo?oc=5
2026-09-15 03:00,Yahoo Finance,finance.yahoo.com,There Are Plenty of Eli Lilly Bulls: Here’s What They Aren’t Telling You,https://news.google.com/rss/articles/CBMilwFBVV95cUxNd2EwaWlRanFrN18zeERBaWlBWlRpU3Bwck03SExUTTRPbXNqdjFBZUJaMEZRVWgyM1lWX2tUbUZiY25iS25KMjRSQkxreDgwSVpUTU5MUllNTGpiNWl5dVoyam9UV19IQzM1eXhRSFJVWmlkRHh5amV6VFc2dm5RaWcySU5rdEZtakluNFZYMG0xS3Zzcy13?oc=5
2026-09-16 03:00,Yahoo Finance,finance.yahoo.com,Eli Lilly (LLY) Stock Could Be A Bargain At This Price,https://news.google.com/rss/articles/CBMilAFBVV95cUxPSnF5bjJRX25aVjF2NjVPbTY0a1NIbHFBSHM3bEl3VmluX2Q0QTA1cGVfM3o0REF5X0F1c0VXektXWGdycmljVW93Zmh0X1h4RWhGTTRmYVNzNF90cjdQOS1sZGlXcEtUdDFNSWt1QzMyOUpqSFJvMXNyeUV5ZzdlSjBqYkhMTVhodUZtSEFXeEFBd0Jh?oc=5
2026-09-16 03:00,Yahoo Finance,finance.yahoo.com,Update: Twist Bioscience Shares Rise After Eli Lilly Drug Discovery Deal,https://news.google.com/rss/articles/CBMimAFBVV95cUxNOGk4VldyRWY0VWxucFpnMktFaFF4SWxIWlRHOXRxTXR4T2ZnY0hsT2pFS09vOU9sNU1Ydm44NzZRV01idGRidW9nZ0JsVHRJRWJQYkU5M1I2MFlNVVB6WDRuYkI1UF9GT0R2N0p2MWFwclhxdUVudHVQYW15dEN3aUE3YjNUc0ZXZkNJMl9UQktMX0oyamJuTQ?oc=5
2026-09-16 13:58,Investing.com,investing.com,Twist Bioscience stock rises on Eli Lilly partnership deal,https://news.google.com/rss/articles/CBMivAFBVV95cUxNcEhCZkY3eUZsbEJCV0xPOElZRm1TOUdNWWEzMVc2RGE1R0lIVlhlS01vazBvQnlsaWplQ0EteHBhS0drRFVyb0hMYnMwWVRydTNLZUZxVHFheXdMTmkzNUFxLWNJUnZKX091ZmVTRktiUFN2OEt1QTJqdGVJVXVYQ2FQQmpQTXR4VXZDUVl4ZnQwMDFLQ2NWcGxzNk1ndkR5Z1VSVlhNd0J4T09SVjdKcjBrMkJpT05xZEk4SA?oc=5
2026-09-17 03:00,MarketWatch,marketwatch.com,Eli Lilly & Co. stock outperforms competitors on strong trading day,https://news.google.com/rss/articles/CBMi2gFBVV95cUxPOGl5ZUVqVFg4X1Q5VDc2bVpsZ3JJXzRNdk14ZjJjLVdpaDdteXBiNUJ2Ny1KWFdOYU9rQXdvdUw2eG0ybVdCdUVzX2plbVUxWmF5SVNxbFVKdlV0TjhHVFBqMXZHM2JfOXJhVzlfTkhTMFVXV2NJS04tLURSU3Utc0ZjcVNYU05kQ0FLX2ktMk85Rm9hRk5NcHlHSXUwZU9yVzlMdGM2c0ZiSDQtLUNhYURtbHJhbDV2d1F3YnQySl83TFFfbnYySHFleGtiYkYtREVjYUZnbURGdw?oc=5
2026-09-17 03:00,The Motley Fool,fool.com,This Trend is Excellent News for Eli Lilly and Its Investors,https://news.google.com/rss/articles/CBMipgFBVV95cUxNdUFQRVRxN1NuNExndUxGcF9rcUJMY3h4UnRCY19YUHotc1gtZ1R5aGFxT2pUd2FVNS1Sd1lmMUFhUXpUZGdyOVNYeUN1OUxkTnVqLVVWOXRfWnpwQmNvWUhfaFRVQ252SDVoWDhvVElaRS1KNjg2RjN3RXFaN01tcUEzckEtQTA4TVEzSG5uMEE2MXZUYVpDc1VVTmREbGN6RVN0ZWtn?oc=5
2026-09-17 03:00,Yahoo Finance,finance.yahoo.com,A Failed Cholesterol Drug Raises the Stakes for Amgen (AMGN) and Eli Lilly (LLY) Too,https://news.google.com/rss/articles/CBMinwFBVV95cUxNcEtDZWFWTWtMRTZVZkVZXzZDNVJmQ3ZlbVVTbXo1R0dkemhCUFZ5WDBtUXBuM24tcXk5dGRocFNpR3lZY3o5bk1lQ0JQQ1ZHRlRoR3VYcWRGS1FMYU0yVXFQVktqLUdMbVRURFU4TWxlNWxLR0xEc3ZvaXNDWXR0Q0V6NHZkalVoYnNVNTM5MmY2RUZPZXMxaVNIanAxazg?oc=5
2026-09-17 03:00,Yahoo Finance,finance.yahoo.com,Can Volume Keep Covering Eli Lilly's Price Cuts?,https://news.google.com/rss/articles/CBMilwFBVV95cUxQVnVmN3daaEF2aENmbmNzV2dnN3RhclhwR01FTnViMm5JVkwzVTVxc2R3Z2pwUEE5YmtvbjdrV2dkalk1SUMtc3hXWDRrN0lsMHZmXzFkamVPWTZBUUNBQXZyXzQzUHNzRmdrV1lZMEpvdW4wODJSM1YzUTlnbjJlYjljZEx4d1JuYmNWM3lzZTV6RkFwWVdB?oc=5
2026-09-17 03:00,Yahoo Finance,finance.yahoo.com,"Eli Lilly (LLY) Gets a Big Price Target Boost, Analysts See 20% Upside",https://news.google.com/rss/articles/CBMikAFBVV95cUxNc2NybFFSWnhkUXpwRjlNakctSXFUOWhsV0F6dE0xWkZ1NWZvRC1pQ0p6YjUzdkJ6c29hMHM3THdoMllEYXVDR20wX0QzWklDeHhDQ0xyb2xtNVJ1enA5LVdlMS1nNW9ubFdOVi1wN2ptMjBkaEprT01vZm9HS1pEekxyTlBjY2d0LWZoajR3WDQ?oc=5
2026-09-17 03:00,Yahoo Finance,finance.yahoo.com,"Novo Nordisk (NVO) and Eli Lilly (LLY)’s Weight-Loss Drugs Still Work at Smaller Doses, Study Finds",https://news.google.com/rss/articles/CBMikAFBVV95cUxQWmdWaXJfYmxjZ3BxQ2pIUVkxdXNNUXhxMEV6OXJsWlNzTFNQOXYwNElWM1ZqQXBZWXBkM0Z4MDY2VEJoMVlTWUlRdFMxNVBEa1NwaFF5SWpKZzluaEp5YkVyTGt3cUdqcjBhY3NMQnhEaDFUWWNETlBYdVhEWXBsMjVyLXhCT2tzUWJEYUlEdkk?oc=5
2026-09-17 03:00,Yahoo Finance,finance.yahoo.com,"TWST Stock Hits Multi-Year High, But ‘Pharma Bro’ Martin Shkreli Calls Twist A Short",https://news.google.com/rss/articles/CBMilgFBVV95cUxORnBEM3VGVERlVkVDaE5kZEZNLVpLX1lMYlRsaGRyNTJ2REhpQ3d3eFcxWmRiSVkwak9PVE94blYyMkdSa1RFZ2hUMUx3NF9QWG4tLVZNYi1ocHVGZDJZQmJzNWc2ekVLWlNsR3h3by1NaEI1ZTZhQWZKOFA5Z201RkphYmk5d2pqRFhaSXZWSUlucDZvWVE?oc=5
2026-09-18 03:00,Yahoo Finance,finance.yahoo.com,Better Buy for Cautious Investors: Eli Lilly vs Costco,https://news.google.com/rss/articles/CBMinwFBVV95cUxOYVgwZkhRNmhlV0JSSk9WZ3doMk1RR3d2TXRUM0FkSmkwclN4Tk83cXo5NEZfQU41d3hKdngyVk8yV2FSSUVfTTdSb3VmZlRNTkNMX0NDdmg4TU9nWWhvdDJidnhLVjJhRGRETUFEYzhaSXo1ZklkdWlDM1FaeXlqcWF6QzhwaC1CTkhqRy1SVDk4Z0hQX1JOb1ZpTnJWSmc?oc=5
2026-09-18 03:00,Yahoo Finance,finance.yahoo.com,Can Eli Lilly’s Two-Drug Obesity Treatment Justify Its $1 Trillion Valuation?,https://news.google.com/rss/articles/CBMilgFBVV95cUxNQkpTd1A1QWlEalRiZmlhUzBnY0FaTzJ5VDNCbFJubW9LR1JFWDJVdjVnMGN5LUltVTBOS3BncnVSeC1mN3FsS2x6YUc5QVpZRExmd1lzZExCNGJCSDVGWEFHQkRBNUlrWnk5Z3NHc2FVZlpkcVdPazlOZFNULTBCZG5hTUtoV0ptUk5FNWI4dzA3UHBkYmc?oc=5
2026-09-18 03:00,Yahoo Finance,finance.yahoo.com,"Guggenheim Adjusts Price Target on Eli Lilly and Co. to $1,284 From $1,273, Keeps Buy Rating",https://news.google.com/rss/articles/CBMiogFBVV95cUxPVlZYd1FLV01lcWt4RjRZbTdGMDQtU185RFhGZUkxb3ZDalhEblM5bW1qeGxDR3JMYXI0YzB1bXc5ck9ha1dOaDNtcER1LW1oSzNhZmVYZ3hOMHBNbmNINXFYRkpJb0VIeXpQM1NreG1hblk3RUVOS3YzcVJSUjFHMlJtdHg1VVl4eTBrbnEyWHVkbzZUOE1Dbjl4VVdxSWk4UFE?oc=5
2026-09-18 03:00,Yahoo Finance,finance.yahoo.com,Lilly’s Newest Bull Says Near 300% Rally Is Only the Beginning,https://news.google.com/rss/articles/CBMikgFBVV95cUxNWUxaQVJtaDBzelpoLTJvWlh3RmZwdGdGM1dkbjJ4Tl95enZpbFZmVndRX1ZuVTZSNzMyU1F1SmM1Z3ZseWdZWWhvU182SHNabWt1dVNCUXBWcG8tVTNScThlZm9RWXRKdXVoak5hdjVoa2VZRXFBbzZGbFZwX2RGTGZtUWV1WnV4dEhYNHBLbzhTUQ?oc=5
2026-09-18 03:00,Yahoo Finance,finance.yahoo.com,What Does Eli Lilly (LLY) Gain From Its New Genetic Medicine Partnership?,https://news.google.com/rss/articles/CBMijAFBVV95cUxQZTBQMVpZZUtmQUpHNTlTejFUS1h0MG15TnFYbUl6bGNlZ19nTXVNZlowYXdqc1QwZ3pVNVdGY0FTX0d2VjN3djdXeklDREg5TFZRODI0bTAybWJBN2Z3aTh5aXdFNlk3cDZHQkQxSTBBLUd3M2dwcktZUXFZNlJCQ3NGQWVHY2xZQUdvSw?oc=5
2026-09-18 07:46,Investing.com,in.investing.com,"Guggenheim raises Eli Lilly stock price target to $1,284 on drug growth",https://news.google.com/rss/articles/CBMiygFBVV95cUxOM0phemNvaF8wUXlCVkRYaGxfUzVrZ1lIR0xNOWstSjdVS3hGRXhDUXVjR3luZXBwZlA0X2lMTEFpRTFjcTR2Y0NSTDJlYi1OLWVyLU9Lb3I3OEliMEhEZlMzS2Z4NFJ4Ymh3UkJEaGhybFVUeTVEQ09BQ1BueUM4ZVFXMXY2NGRzVkhSV250bWMwMDg5UzlDMXM4VV9sT0kwMEFCeXhuazZMT3FJU2tQZG9jbkRsQURQNFRwR0xxVXhWd2Y2WkljTUNR?oc=5
2026-09-18 12:00,Benzinga,benzinga.com,"Eli Lilly Diabetes Drug Franchise Remains Strong, Analyst Praises Foundayo Trajectory",https://news.google.com/rss/articles/CBMi0gFBVV95cUxOVDRvX09DMFhIb0lxc2x5NXd4NlQtWlp1bmRpUFFBVFdJSjRhUGQ4XzFwcWlxSHExSmw2Q3JLWTA4WEFPMVJmYzdiLS1SSzBOY2lqZ3dSTC0xNEV5MlRGMkVRQWtNSHpZMGhSVi02ZzlVaHZkLUxjc3FaTFd5SmpNek5fNzhGM2ZBMHQxNzRldXZaQkppVWxnUnRYSm1QcjdZaWhDVE1OWGxSWmVpRnZPQUttRVBWTklPa3BKYVBrc0lGc0ZsTTluTWtQWGRTSGhVdFE?oc=5
2026-09-18 20:36,The Motley Fool,fool.com,Why Twist Bioscience Stock Skyrocketed This Week,https://news.google.com/rss/articles/CBMilgFBVV95cUxNcnNjWGdpMjYzVEh3cTBIcC13dGxUdFFCbFRvc3JmZWtELXRyd0NjVmtadHBlNzI5Ykd2aUNFR3lSUi1vLWU4d3NMVkppck8yNHZjZG5MSEVnMDMtYkhJR0pKRTUtSUlBSklJTjNRbzVlTFkxaVg0ZVNnYzh3NXJ2bXBUS21DOVFKUW1QR2kyX1ptaEQ0emc?oc=5
2026-09-19 03:00,Yahoo Finance,finance.yahoo.com,Eli Lilly (LLY) Stock Fair Value Edges Higher As Analysts Back GLP 1 Growth,https://news.google.com/rss/articles/CBMikwFBVV95cUxNTGZFdDF1MWdJZXFEWkpPTy04LWs4Uk4wNVBxNERyVmtIYUF4TElYcmZ2WDlURi1FRHBwODJZVEI2MjVtMUNTV0VyNXktSUZsX3FPN0lNREFXaXQ5Q0VpTHRHZDU0MWhRX2xPUVg0WWpaUmFEM1ZTQURRVV8xMGhiYURhQnVMUUcyVjlnWkdRM2RpQWc?oc=5
2026-09-20 20:00,Bloomberg,bloomberg.com,Watch Novo Nordisk Shares Plunge as Investors Seek More Robust Sales Targets,https://news.google.com/rss/articles/CBMisAFBVV95cUxNUjB6ZDJlSEI3NVJHaEhzbkdYTHgzTEVORER3ZUtyV1NuaVRqWGc2dUFQTzlVNXJzQXIxZ1NjVVNkQ3hYQUtYREtsLUZKNGNTaDZsLUlYbEtQNlM4NS1uaGY4aXF5X0ZSX3FHQWdQMUVmcWFrTTFlbVNrcjVNZ1A0LWtlSll3TkJBcnRKWV9Qb3o0elFDdGpzaDBsOUMyRDAxYjlHaVAwRlRmQS1wd3lrRA?oc=5
2026-09-21 03:18,Seeking Alpha,seekingalpha.com,Eli Lilly Vs. Novo Nordisk: Temporarily Cheap Or Correctly Cheap?,https://news.google.com/rss/articles/CBMipgFBVV95cUxPQTJsdVkyZFJVbUtsejM5WXBEWE1fTExoRy12am13Qm9tRTJXakJFOXVrRzdyQWlJZzNaOFF3WUFnaUNqdDZpYlM2XzNJTjlQb3piTE0xY293Z1NyUF9HdHN4VUxNclNUUTdqTGpsRm9BalgwMzFZRnNMdEtQNzFQZVJpUjA3NTQ0ZzVmU3FJN3ZEcV9zYThrYnIyQ2RmLWM4TEFRRXpB?oc=5
2026-09-21 12:53,CNBC,cnbc.com,"Eli Lilly CEO tells CNBC one-third of new GLP-1 pill patients are taking Foundayo, as drugmaker ramps up production",https://news.google.com/rss/articles/CBMipgFBVV95cUxOZVpJVElUSGlmVjB5YjdSLVlIaEdOVklnYlJJaENoNzBDWE5felRFRzJmWk1WbUd6bGxBQUViNW02WlhOLXZZaTJ2c0dZUndZRGcwVklRMjhNb0ZUd2V6UEh2QW4xU3k0VXE3TDFIRlVKRWJITEctdm9zbTluaUpSUjlpeXlEckhrQXl1SXVKN2NBd2Q3NDN0RzNaT2IxUV9hM2FnYThB0gGrAUFVX3lxTE5tRUxDWHFDSDRUMnJsUmFkaWJvMWhpZkNyRnlMSUtzc0MtN3lnSWFkaUV2MjRwQXU1MDZQSDVZV0RRUGRJWmExSHlBalpleXkxb0JuVmRoYmkxS0FSUENVaTBMRVEyNjZabS1DMnBtbWVmUnVZVFJDMzlVOEdreDlDa1RzNWZaQlFTM0pQQ3U0QmtCWkZLQ0F4N3A4ZHBPXzZNdXY1YUNCM3dWWQ?oc=5
2026-09-21 13:11,Yahoo Finance,finance.yahoo.com,Eli Lilly (LLY) Could Be 22% Undervalued On New Breast Cancer Approval,https://news.google.com/rss/articles/CBMiiwFBVV95cUxPZks1dW5GQ3ZDV0Zhd0RBcUdHWEZ3NzRvTGlPVXJhYWR0UzRHZ1ZTdGxYTXBLR0pvQm1fMXZtSXpCNVNPRU1MMnZVSlZUWEp2d0FKd2VXNXp5dVRuNGNzaTFWSFAyMHR1MENwQ2hvcGltYWRVNUg5OERFSUtqTW5pUXVBaDRLckc4UzY0?oc=5
2026-09-21 13:30,Yahoo Finance,finance.yahoo.com,The Next Chapter of Eli Lilly Could Be Bigger Than Investors Expect,https://news.google.com/rss/articles/CBMimAFBVV95cUxNTU4zN1otbDZsZU9CNjlRcGxoLXlCUktodG5BeUZMQ0lEaE1PV0h6NE1sSEszZVpiX0RrRjktUk9HQlE5NVNHUkhjMU41bnhwWmZFMjNhR0lycV91SF9taFBIS2V3aWFDOVhiZjRWOGV5Q1dvOFN5Slo5Rng4WGRtcjdxSUhPSmhoNG8yZFJKNUlUb2dzYVptMw?oc=5
2026-09-21 13:50,Yahoo Finance,finance.yahoo.com,Market Chatter: Eli Lilly CEO Says One-Third of New GLP-1 Pill Patients Starting on Foundayo,https://news.google.com/rss/articles/CBMimAFBVV95cUxPV0VBZURic200YU03VE9HTjJVWkFxbjE0X2xCdDFRZnhwbWZSOHZucXhVUTNrODhzTWR3c0NoSkk4UEtJSEMzbVlZSS1JaHhQcEVOQU5qM0JlXzAyb2RPMXU5dUZ3Ym5pQUpJVWN2MnlHdEN0dEJja25jUTBQakc4dnA3WlRRZXM2WDJvTDFCVUx0b05obm95dw?oc=5
2026-09-21 14:18,Seeking Alpha,seekingalpha.com,Eli Lilly CEO Ricks sees more Foundayo growth with foreign markets,https://news.google.com/rss/articles/CBMioAFBVV95cUxPZVNkemFOUlhYOGRTRTNod3ZwUU9vM1dycEJMbmhSMFM4MHlHZUFpMWZfQjdyWFZob3c3WVR1MXBuUENfTkpycTVQYkpUSzVrX09fMXVPd1NydEk2VG1NZy1lR3lBb2N2MG5GZ2tHYzhEMEdUNUp6VGNTcW8ySjVmWU9wNGh4LWJGRF9iaVhCbWtwSG5mZGxUYTZTRnhzdVRa?oc=5
2026-09-21 14:44,The Motley Fool,fool.com,Eli Lilly Stock Is On Track to Do Something It Hasn't Done Since 2016,https://news.google.com/rss/articles/CBMisgFBVV95cUxPQkt5YVl0N0JXNzNuWG9aemstcDB1RXZwbmpOcFZLemxoSjhsdWhET3phN3Fxd3FMbDgtREp2ZWVfNEhrY3FZd09TYnF0Rm51UnNPbGxZX2Nqek9UX1JPa0JWVE5tUEthVXFPN0QyRVlTc0ZnNGd1OGdEdmtmYzRxeXo4b1ZjemlfMUJSZU5mdWFzWURCSy0waENlSWdSVEZOR0JaUnVFSEg3cEZTSDJtUVNn?oc=5
2026-09-21 17:06,Yahoo Finance,finance.yahoo.com,Eli Lilly Starts Building Record $6.5B Houston Manufacturing Facility,https://news.google.com/rss/articles/CBMimAFBVV95cUxOdFQzWjBYTndPZkJaQkVndU1fQUlVWmU4YnRldXZ0SC1fSjVBeGpoeWM4VTQzWG44bmhwU1ZBS19hekd5UGF4Y3pnNHJ5M01kUG4yeE1sZkppVURJTXRMNUhFWXZTYTB3cGZOMk1PSl9CY0xpNDZDVmdKN1Nwb0J3M0tMaFdoNGdsTEUxRC1Kc1YwdWVTWExTcA?oc=5
2026-09-21 17:45,Yahoo Finance,finance.yahoo.com,Eli Lilly (LLY) Increases Yet Falls Behind Market: What Investors Need to Know,https://news.google.com/rss/articles/CBMilwFBVV95cUxOT0psMXJRS3R1RUNrSW5XbWRkSThRT0ZCeFVNUTdTLW04TDhnTXlwQ19wVUF4enBHNmVYam01NmtmdjZDcURpNTltS0JLQmpxSm9JbkZaYWNnV2JENXFQcHl2T0lyTEpMN0oyeXJCc0E5dzJTQUNLSnY4VTFEMVFOVjVnRE5JY3dtRGRJamh0RnRGN2RDZVpZ?oc=5
2026-09-21 17:52,CNBC,cnbc.com,Eli Lilly CEO offers investors 3 more reasons to stick with the stock,https://news.google.com/rss/articles/CBMiqgFBVV95cUxNaE5FeXFFMlpUTk5SSXJDc2Z0TkFfZ1hwNk51XzBCclhZSjV1UW9VUDA1d0dSQUplcVV1VFZwY0Zsb2dkZ1VNMEY1Tnc3TlZnRzZkR0ZxLUxISjg4RHRVSVFkM0lBRkJWRWQ5Qkg5a1NfMjA0Q2h2WkhzVDFfT09GNUczcnZuam5VcmNiM192RW92UkFsd01qdE5ySURWYzkzMFA4ejZtVE95QQ?oc=5
2026-09-21 17:55,Yahoo Finance,finance.yahoo.com,Eli Lilly and Company Breaks Ground on $6.5 Billion Houston Manufacturing Site,https://news.google.com/rss/articles/CBMilwFBVV95cUxOcUg5SEVudUllUlR1ZDB4dTdaVjRNOVF6UW1sNWFHdGozMU1MWXU3LVd1T3VTUGhSXzdIeklDQUplUUpQSHFKZzRZM1ItVXhVYlVPSE43ZzRmWDdiV2RFbTZxWURnd0NsNlY5X3ZWRVBLNDNYQTluTkpnN2Vua0lUbXdpNHdiSElpYjZkTnV5ejVoZjZhZ204?oc=5
2026-09-22 06:33,Investing.com,investing.com,"TD Cowen reiterates Buy on Eli Lilly stock, $1,250 target on approval",https://news.google.com/rss/articles/CBMixAFBVV95cUxOa3BjWERscDV6YWdMU1ZhbG0xVzNsemdkb2F4MGZWUGtJVlRqZ0JONUYwRTJNX0UyS2pwd3VvdUZzejBtSUdBU09YWEZYcS1BOFRaVVluUks0V0ZjM3A1ZTdwdVNpckw0d1BoTURDUjVnSkJ1cDVKYjVUUHNWN2hIcGQ5WFZPOXBEUGJoZTJQYWdVN0NXMEVwc041dXRQaTd3NEp4WUIyT3NqVXMwUFl2cFFxNHEyQzVBZkJWeks2SlhtcEdi?oc=5
2026-09-22 07:34,Yahoo Finance,finance.yahoo.com,Eli Lilly’s Tough Month: One of The Biggest Global Banks Says 37% Gains Begin Soon,https://news.google.com/rss/articles/CBMijwFBVV95cUxQQl9aNWhNUjJlZno0OVJyTVk5cGJPUkxjSXA0UHlRRlktbjhUSG5ObFdlSzM1RXpEM2lMNjIzaHZEU2g3WkRUUTZmcXFITGszZkk4cUpTM3JZS2hEOWx3Tzl2S3o2Y2dQbGpaeFhLNXhnNXQteXZ2NFo3UjFBa3BiVmRnb3M4U1lZZ21EbkF3NA?oc=5
2026-09-22 08:28,Yahoo Finance,finance.yahoo.com,Eli Lilly Just Got a Big Boost From Medicare's GLP-1 Expansion,https://news.google.com/rss/articles/CBMiiwFBVV95cUxOcHJ4dG43MHRGbVI5NHlhS2paRUMxN0RDTFFkRGhrUEpGVHpvQlRxT09xLU1UMFU1TWJoaGxvdkh3MHB0elJ0LVNiVzlueVpjSkl3SDVYLWZGM3RLbG9mNFNCRFR6bi1mRkxvRm0wVlR2TFR0MWhDa3RRWGhVWmZ3ZnA4a1JsOUZ2SXVr?oc=5
2026-09-22 08:41,CNBC,cnbc.com,"Ken Langone on Eli Lilly: Could be a $2,000 stock in the next 3-4 years",https://news.google.com/rss/articles/CBMisAFBVV95cUxPZDBvS2VWT3YxWF95V3BfMTVfemhDc05pMTdPa1RpcHg5T2FTWjdaTHJQakpLWEpubWdBWGpzNlRwbi1ENFJtRzBkS0RQYVpsOFNaXzJ3aEV4TGFiWGdYUk1SMmwxVWQ0R3pKeGpwbnJFSEI2cXpLS2c0NVRGUmt2OEhhcFhpek5MTWNwOHp4RHdBSnlrR2RXUVBpMnVyWnA5aVV0MnRqak1WWTJraTJkcw?oc=5
2026-09-22 08:49,Yahoo Finance,finance.yahoo.com,Eli Lilly CEO Delivers Urgent Message on the Company's Next Big Weight-Loss Pill,https://news.google.com/rss/articles/CBMilAFBVV95cUxQUlotdmg1VHRyTmRqeFRocHpHaFJiakFVZVRCeW4yX2IwSUJsZ184ZXRhMEU3TXByZXlBMkFjeU1rTktBZkw4WGdRUmQ5R2ppUDRfSmV1d3pvWTk0WFprSVhPSzgyQjk5MXlibkJGZHNTSWd5bGxqdDRyYWZhMHk5ODdjbFRuR1JpaXplVktOZVRlUUZa?oc=5
2026-09-22 10:09,Yahoo Finance,finance.yahoo.com,"His Bet On Home Depot Made Ken Langone A Billionaire. Now He Sees Eli Lilly Stock Hitting $2,000",https://news.google.com/rss/articles/CBMikgFBVV95cUxPeUsxQ01NeGtwYmpkdmNCaU5USXlxSEhmNVBPYmdsRnVta1pXTmo4bDg0c1Zyb2xhUDFzcHZMZ1kxQkxJUEFMTTZsN3RBZTVvdUFONzR1T0ZFS2ZLVUVzYzJjTkNoVG96NmM0eW00RXVnX2pFRUl4SzJ4cGtZZHl1LV9tSmxmcmQzZjJpMnppWFJ6UQ?oc=5
2026-09-22 10:47,Yahoo Finance,finance.yahoo.com,Eli Lilly Breaks Ground on $6.5B Generation Park Facility,https://news.google.com/rss/articles/CBMijwFBVV95cUxOZFVnRVZzMVQ2YThnSzctdXpRSjdUYkR5M3AwNHNpUXJNWktMeEVuWnR1MVB4YTIzalZyZUpQVlk4YkdJbWRqXzFhZXV6ZVFsLTJVUFRESVFNNFpmS01JU2xJa3AtcGtWQTJNelYtc2drZ1pxSkZGMFhaRThIUDBGYVdKdi1ydWxVbnRvZ2FVUQ?oc=5
2026-09-22 12:22,Yahoo Finance,finance.yahoo.com,Should Dividend Investors Buy Pfizer Stock for Its High Yield or Invest in Eli Lilly for Its Dividend Growth?,https://news.google.com/rss/articles/CBMiogFBVV95cUxPMG51b2pfTGd6STVqZ3BibXh1aEo0LXluVnNwdnFIMnVqSlpOa0hCeGcyTk00TWJsbUlqR3VsUEFvYzlNZGpIVkl6UmFNQVFvelIzSUNfb1l6cmhpQTJqWE5QUjRsSDBwVmdLZ05aYTlZbGVleVp6YXZDUkZCNTFHSEZjaHhROVdSUHlPeHNFby04UjF3SmpMZzR4aTBhaFBtRVE?oc=5
2026-09-22 15:17,TheStreet,thestreet.com,Eli Lilly CEO reveals astonishing shift in GLP-1 pill market,https://news.google.com/rss/articles/CBMirgFBVV95cUxQUGU0Z3RwY2ZJbXFIYmFrckNSdFA4YXFrdTI3ajNWazMwNW95U3kyRTd5QmlucWhBb29zTUhsRHJCdjZHLWEtTEphcm9rX0FsWE8yUU1FWkpDWlZ0OHVzVS14YklEU253WXFWX2ZHMGs1TV9md1dzVDJ0akFzeTUwY1RlcUdGUzlsSDBQdW5xT0d0VnM0eVNXX1BHNTh0dUtXZ2d4Y3lHOV9seDJ0aXc?oc=5
2026-09-22 16:11,Barron's,barrons.com,Novo and Lilly Challenged: Viking Stock Surges on Weight-Loss Drug Trial,https://news.google.com/rss/articles/CBMiowFBVV95cUxPSWtCTVl2c0ROQ3pTZU9YUmJEcHJGTl9ncFRFbkNlVnRUbWE2SXIteDRCN3dKSmxqbjlSVTlBRFNjTTZ2R1Q2SlpfaHNMVzEyVGxzSmpLWllXeTdvaXBHRGFibXU0SE9FMnNLYkZveVB5ejNDRkNZVk5IS3hEejdkbFlKT1d4UmxTbVZGMHRobHlrb3FiM0V4cjNOREJ6TWVySmtR?oc=5
2026-09-22 16:21,Investor's Business Daily,investors.com,Why Viking Stock Jumped On Obesity Data. Novo Falls.,https://news.google.com/rss/articles/CBMiwAFBVV95cUxOeDc4dEJJT1FxTy0yamdRX2plUGkydFZxYWpBQXVQMFZDWElzTUMyUktBUkwtQzcxdDNpMndXNW9lbVVGeEFRMmxmaU11Z3lORWo0SHBUUHRMMUVCR3VXcFd2Z050d2otRHpnemQzN09RNFJ4UGJWUWlQZm5LT2dVLXBFYUdCM19fWHoxdXZuZkVlcWV0emJLQzcxbHhsT050Q2ktSG8yQ3IxV1pzRm5aUmZIbEYyZ3J3blFtbGNHeEg?oc=5
2026-09-22 17:15,Yahoo Finance,finance.yahoo.com,Should Eli Lilly (LLY) Investors Watch Its $6.5 Billion Houston GLP 1 Buildout?,https://news.google.com/rss/articles/CBMilAFBVV95cUxQWUpCVG14V3hEcGxXcndQbkxXMXR1S3BUOWFrakE3S1M5ODhOREJkVDVsRFNQYk4xLTlXVS1CMHdIV0tMQ2lPaVZOQ1pzaS1sTmJfa3lkT21ZTFpSQnVxYkJHYlFEcWI0S0ZHYXFlemEyQkRNZy1mOExlVTB4LUpJbnFjdjRfWExuWjVJdVBScEFlTFIt?oc=5
2026-09-22 17:35,Yahoo Finance,finance.yahoo.com,Lilly Rises Higher as Viking Preserves Up to 90% Monthly,https://news.google.com/rss/articles/CBMiogFBVV95cUxNQ1p3YVlaT01fb3k5MjRDVXlKTHJtdXRLSnlkWG9ZLW5sdEQxT1VnOXNWbzZHSU5WRG4wM1B3VFVjSnYzUjJRbTRZUlhzRm1DZHhvT2VjY3Fwb1A0WEhrNkpCZGQ5OEtzUXRoazJNNTdsOUdDYVdNdXpnY2tRcXNncDA1a1A4dmlrVEpkellJZHE5QWstN05oNnZPTzk1aFJUV0E?oc=5
2026-09-22 18:57,Investor's Business Daily,investors.com,"Build Your List Of Stocks To Watch With Weight-Loss Giant Lilly, Others On These Top IBD Screens",https://news.google.com/rss/articles/CBMiywFBVV95cUxNQzF4VWhrYzlLTHBBZklack5Oc3N5V1RKYlNqa2tMRGVTQVRfb21VV1J6UjBQWnRlRjhLNGV4cXFXZUdyTktCYkc1YkthWWdUVVVCMEg2R1RCdXpZVFpqbHZGaXVmY2NNNmRjbnR4Q3YwZUpiek4tMTUtQzczcExfSW1MeUxrTURSMW9Ld1VEYXdDRVk5SzJKOGRpcG96S1FlNk9lcWJQMk85eThLNHBwekRYVkpkc2xDb1p5QXpBY0w4YTNyZk1qNTdOWQ?oc=5
2026-09-23 03:00,Fortune,fortune.com,"Eli Lilly (LLY): Company Profile, Stock Price, News, Rankings",https://news.google.com/rss/articles/CBMiT0FVX3lxTE9ZTDZxYVVldTdXUG5DT3l5TVZMa1NqdGVQR21sNGdrbnZUb1l5TDRaWnItdEZzTXhzTW1nUGhmR1JySnhwa3lBaFJEUGxUbVE?oc=5
2026-09-23 03:50,Benzinga,benzinga.com,"Eli Lilly Could Be a ‘$2,000 Stock’ in the Next 3 to 4 Years, Says Home Depot Co-Founder Ken Langone",https://news.google.com/rss/articles/CBMi5wFBVV95cUxNMVhOdG9Ma053M3dOWFlTWWFRLUJqNTlaSklRMHg1T0RfT01ZRU42QmJoQzRfLVhYazNwSHdaYWFmd2RiRVRKSEZDSTJRaHljaVB2ZDdXQXBXQTBTQTkwQVhiUWNHTGZxdFktcTQxVXpiVEMtVG5neHAtNXUyZi1zN1FxeVRLWER3V25fNmtLSU1wOW9rQzJNY1QwVzRiVWwyYV8zVjNfMHhtQmNOd0NfRVNvNUdoa05KWjM1SzJFdm4yaDVYUUREVXNNa0lKb01pRE9UVUQ4YW1iQjVwMTk1M2JnLVdXZDg?oc=5
2026-09-23 07:00,Yahoo Finance,finance.yahoo.com,Eli Lilly CEO Says Foundayo Wins One-Third of New Oral GLP-1 Patients as Company Captures 70% of New Seniors: 'Growing Week on Week',https://news.google.com/rss/articles/CBMikgFBVV95cUxPX0ZYUnZjYVRydGtsemhtTjZuLWRNMWdUQnJOb21PTVRIOWh1LTNHc1RWZFZ0UjJ1Zzk5cGE4bXpwdjM5VE9JbGx3ZHhlNXIzQW1FanE4MVFIT3NlSFlrb3lZODFRbHNmSzZseGszWHRQaEFybFJRLS1ueVJ6X2hQRnJ5ejVvaHV6NlFFOXdEMDFQQQ?oc=5
2026-09-23 09:15,Yahoo Finance,finance.yahoo.com,Eli Lilly Keeps Pulling Ahead—Can Novo Nordisk Catch Up?,https://news.google.com/rss/articles/CBMimgFBVV95cUxQck9qNkFVOXRXRm1tZ0NJMTU3SXdQM2xrYmRIOXdidFhWcnhYWEh4MXFyMUlDWVhqR3lPdmRDeTN0NGJPZWpxNE04RDZFUHl3T2N2TWVHcjVMVlRZTEU0WGMtZUlXdmlndV9ZQXFaMTJ5THBGcW5IeUVyVzdVbG5YMnRYY00xdU1oN3loQnlvMXpRZml0bjRRZ0ZB?oc=5
2026-09-23 10:55,FiercePharma,fiercepharma.com,Eli Lilly CEO touts 70% share as Medicare GLP-1 program reaches 700K seniors,https://news.google.com/rss/articles/CBMirAFBVV95cUxPN0hKalNXV2dRX0t2MV8zMEZaSEZLVVVNdmQ0TnRLeVg0ck5qaE1HS2cwbHZfZFFDZGRJQkpnSTlra3JodmNoZEpjR0VyNjYxamZCT2lERVlBVEYtcGh5UFBmSnZFalNVRjBqZXRuOHlMTVVXZWE3N2twd3U0SnNNYUR3dkQ2VU1mWFY0Y0p5UlpZR2l2RXZrUWVsY0xEWDl3R08wNWowdzNXUTFG?oc=5
2026-09-23 11:32,Yahoo Finance,finance.yahoo.com,Eli Lilly Vs. Pfizer in 2027: One Is a Much Better Place to Park Your Pharmaceutical Capital Next Year,https://news.google.com/rss/articles/CBMijgFBVV95cUxOUUNJWWFaZU9BZ2MySDhsSVFnVHhwVmhXNVAtbjRpUzV0NUhLemFwUmw5WHlIWGNTaS0zbExFR3JWUUtuRGVzT181RzNjczFNRmk1QzkxQWMwVENwRVFCRjBCYmVHUkZfN3JqTWxlNVMxbzdONzRGMXlKNFFIY0JFV1h4UXRhUEVpdFBxSnBB?oc=5
2026-09-23 14:05,Yahoo Finance,currently.att.yahoo.com,Could Retatrutide Be Worth $10 Billion to Eli Lilly?,https://news.google.com/rss/articles/CBMijgFBVV95cUxPcnhwRkNfMzZhQ0dzZTBEbEY3YmFSUTh1VEZldmlEbm9VZGxEVDJoX2NBV2NNN01ISFpkbXktbGJESFVRaEF2akFkbWF3RTQ1NUF5T1F6RThZOTd2SXR1bTZzVEJ6QWpjdTRCR2hFYVpGOEVoS01vdElfU2NRbTVSd1RtODJNeUVvRDBuUi13?oc=5
2026-09-23 16:31,MarketWatch,marketwatch.com,Eli Lilly & Co. stock underperforms Wednesday when compared to competitors,https://news.google.com/rss/articles/CBMiywFBVV95cUxPUjdYMGxpNmwzeEFacW9IZUhBUUtmbDdNUDI4UnJhLXZ6RV9CdkVyaDRaYkVhaXZhUlBqZy1aY3RDTkVKSGlBbmpVMG44RGs2TWRFUHZNMHItUjJGTThJVXhocm1IQk5kZ2ZRSy1rMGRpNUdUVmNZN2c4TG9fX2JPekxkWkVuZl9lSzZ0aEdKVjJ5N01KTHQ1allNZGRLWjY4N21vd0NOYzkxcXdjb29DTkk3dWx2UkZEUldDcFh3YkoxdXNWMEt6U1hwdw?oc=5
2026-09-24 14:58,Seeking Alpha,seekingalpha.com,TRex Bio Files For IPO As Collaboration With Eli Lilly Deepens (Pending:TRXB),https://news.google.com/rss/articles/CBMipgFBVV95cUxQZW9qZ185aHlHYUxFUVBPRlJfdXo2aktYU2JlU01oVTFsaWwwdy1YSmFseW1kSkRpU0xvTUN2dHZ3eVR3ZlJucjBGTkpqZlhBQ091YkhnYzA3TEFqenNJUXVCSzVMd1JDekdVRTRHZlpvYnRSUk04WEFmd2x0NFlYQV9pSHVIanFRNFJjbUEyMmNzQlY2NVZrX0R5RDI0SFlETUhMazBB?oc=5
2026-09-24 15:06,CNBC,cnbc.com,"Why we like Starbucks’ latest turnaround move — plus, two more wins for Eli Lilly",https://news.google.com/rss/articles/CBMitAFBVV95cUxPQXBPTllnaVNpUy1kbzl3b2VVeVJ0VzU5cjYzdW1JcnB4d0FLX1JBdS1Ic3pJVldEaFVFSkdST2NhQ1NHOFg4d0Z4Z1c4eGdGemd4Y0hqWXBwUnV0ZThMU2J0THJ5dUtMbkVJRDZBbU9ENElfVnN5b3N5dnoyNEV3LWI0Nl9kUTQzeVZYQUd3S0liY1pDQUhNYk02anF3NDRka0lGQWgzR2xXY05BMVVYcWtyQ0c?oc=5
2026-09-24 15:18,Yahoo Finance,finance.yahoo.com,Lilly Jumps 3.64% While a $100 Billion Obesity Race Crowds In,https://news.google.com/rss/articles/CBMikAFBVV95cUxOZE5YNjBCRG16ZW1qSUF0YXVTUERCZE41bWdENGdoWjRuMk9CUTNZczNJMzViMlBidXAwNzJXX2dnOGJFcjBlekVrM2RmODRPVmIwZHF4YzVESVdvdXpBUlliM084TFFyLXNXRXJaWE9YcXktd3kzdmtEU0JMRFFGb0JKRkVYaVFGNWlVZHVFVmw?oc=5
2026-09-24 15:37,Yahoo Finance,finance.yahoo.com,Medicare just handed Eli Lilly a massive weight-loss win,https://news.google.com/rss/articles/CBMilgFBVV95cUxOQzY0ZjRtNWFMWlJ6OXgybjVDUWpXWVIyeUoxYjl3Vnd0YTlvNmlURjY3V0o3Qi1kZjJ6NkZmeGtwNEtLNU13M1FhVFc3ME45Vkd4eU9yS3ZtekE3VFNZSF9VU1FmQUR2SEY5alFGdFdIaE9fQXdvWVQ0aVBaOXppTHh1ZVU0N0hMSXd1X0RUTVh3YlBXZGc?oc=5
2026-09-24 15:51,Yahoo Finance,finance.yahoo.com,Eli Lilly breaks ground on $6.5B Houston manufacturing plant,https://news.google.com/rss/articles/CBMijwFBVV95cUxQRzRWNGE5NDhOTUlzc19kMUg2VnUzNlJEMWwtOXd4aUUyY25UbWFkeUZRdkR3LXVqM3pMT3JSUkNlS0k0MzJYZ2UtTDItbFZwVV94T2p4SXJPWUh3ZEc2THVVdGRDeWljbUZQcTRsTGNHdkJISW9mVnMyQkw2dzctU3dlWnItLVdtNDlTVGxtaw?oc=5
2026-09-24 16:22,Yahoo Finance,finance.yahoo.com,AbbVie vs. Eli Lilly: Which Star Pharma Stock Is a Better Buy in 2026?,https://news.google.com/rss/articles/CBMijgFBVV95cUxQQWFHeHo3LUYtQlU2UmF1aU9YX081R3Y3S2p3ZGVNMURoWjBWbHJxMnVWMjBJRC1ncHcyeVJsZ0p6ZWhyTW1WSFI4Nnlqc2ZWQVRJNThiRFFKcFUyd3VwNFNmSXNacFVxdGRZeDZQTDk1emk3d2tMa3BtN2d0S1JCSkVmVTlVWk04djJXQlFR?oc=5
2026-09-24 17:52,Yahoo Finance,finance.yahoo.com,"Eli Lilly (LLY) Stock Is Up, What You Need To Know",https://news.google.com/rss/articles/CBMijgFBVV95cUxQY3h5M2lISTB4ZGl2dUJkcDJ3d1gybXNDaXVpdVFDQzZjdHRILVVHNmtKUXZsb1F0djVhRnRiVTdmV2d2Nms1a3FaNTNiSjZ6WDVrSE55Q3dDWmhyR21pMnpRc0dxWXo5NFdvVU1qRHE2cHo0YVdXSjZyVUhCTlZyU0QzUWlMVEdBOEw2RGZR?oc=5
2026-09-25 03:00,FiercePharma,fiercepharma.com,The Oral GLP-1 Tracker: Prescriptions bounce back from holiday lull,https://news.google.com/rss/articles/CBMiqgFBVV95cUxOVUl1anVGbWRDTnRCUVVGWkU3V1NLZkI4TVpVamVheHZEWV9DSksyZC11NHpRcGl4b2g3TG9LUjNqcUNGamJYVUxHMWVWNnJZUzJKWFpaMHdqZ01Fb0M3LTJCcHZHR2sxOElyNk0wNFgtOW45endMcjRFcmZNd2ItSUwwSVdsUEN1Tkt6SnNuNGVWeVNjMTM0WW5mYmpoTWxzaVNhdTNLT1RNQQ?oc=5
2026-09-25 04:03,TheStreet,thestreet.com,91-year-old investor sees healthcare titan doubling in 3 years,https://news.google.com/rss/articles/CBMi3AFBVV95cUxPWHg4S3E2NllpRXptWEd0VmFFRVRjTVMyV1ZURllwcFNtQ2ZxbjFzaEMybFpCSnVZMVlTNzB6R0l3cHpwQS0tZHR2MVV1OW1mSUVTQU5OekxTZjlma2NheXBxdU9pQnJjUGs2VVA4Nlgxc3MzYllwUHVZdGh5U0xWQWdJNDhHNnRTN1RWcDU1YnZPUWZ5NU8zVWIwa3ZUM044U3JUU3BEaExxY2tIS2dkWmxrR0RjZzFpbUxUcUNCUkYtbDZBMWhzOThWN2NTVmRBS011bnJBYjFYZnpF?oc=5
2026-09-25 07:00,CNBC,cnbc.com,Novo is betting on its next chapter as Eli Lilly gains more ground in GLP-1s,https://news.google.com/rss/articles/CBMic0FVX3lxTE9YNUFYTVFsQlVzbm1HMURxdmkxMzNmVnJTWGtpNGVWcTF1WkVyOFNwS25qNHlZQUl0SVdXcHotcVpCV2hYQTdGY2ZiUXk3ZXpyd0gwek51bmJRVEoxN0RmdDc1V2loU19EY1Mtek16RHZVOTDSAXhBVV95cUxOYU1LU1lDOEtyUVRWREpFSDRuWHFSU25QTm5DSjdIYmcwLWZIMHB4UkxidzlsY290cVpRQXo4Y2libENPUDJwaUtJeFNoWFZMeTI2LUJ2OVpsUVRMM3k2VGFGU1VvNzhUSVRMMWNBem1JOGJRZFEwY2Y?oc=5
2026-09-25 10:42,Yahoo Finance,finance.yahoo.com,"Eli Lilly Did Breach Implied Covenant of Good Faith With Nektar Therapeutics, Jury Funds",https://news.google.com/rss/articles/CBMimAFBVV95cUxOaC0wMl9MSG5TR3NhMDB6ajltUDNwcTdOTGFJSERfZnJvd1NLbkRtbVd5dk1lRHpIc2NlbXNoLXQ5bXNyX0F6ZThEMHFvX3dIZ2pSNEdJY29PeUV4M19wTzZlM2t6cmdaYWFuRWpnNVlwc2lHTFVZODAxdEt2T193X254N2E2cHd4MV9jZURMdEZIOFFXX3VLeg?oc=5
2026-09-25 12:05,Yahoo Finance,finance.yahoo.com,Top Midday Stories: Akamai's $11.6 Billion Anthropic Deal; Scholastic Q1 Loss Widens; Nektar Awarded $90 Million in Eli Lilly Case,https://news.google.com/rss/articles/CBMimwFBVV95cUxQZjBBdHM0Njk4UE9vcVJ0RmEtcm10ZVdZbDlyUFAzWldJNlNDOHhIcVRLWkQtM3M4YTNMVnVJTFVjUXNsejZFcVdnZXVWMFhXSF93cGVCX2RoemlRWXExU3FoUHBBVlhFYk8xZW5oU1AtSTRkRnROMTd3WG9aV0RxRFRHOGJrRzVCSVNGd2V1MW00a0ZpUk5vRks3MA?oc=5
2026-09-26 00:16,Yahoo Finance,finance.yahoo.com,Eli Lilly (LLY) Wins Two FDA Approvals And A $3.35 Billion Drug Alliance,https://news.google.com/rss/articles/CBMiiwFBVV95cUxQMU1rQkFQUGdNN2ZCZzVyQlNyYWJrZWs2ZE9QSmJVWGJIUjlhZkpvX2ZrcWt2cGV2bUtzMERyb09ta3BMcU1mSjJnS0g5WXhiTkpURDZ0WDAwSGZ0UHFRQjRIejhoUXNPemktZFI5SUtWWm9VWjFnYllLYXpGQ0FKNnVJVmpVWkh0czZR?oc=5
2026-09-26 01:16,Yahoo Finance,finance.yahoo.com,Eli Lilly (LLY) vs. Novo Nordisk (NVO): Has the GLP-1 Race Changed the Moat?,https://news.google.com/rss/articles/CBMiigFBVV95cUxQejJVc0p2LWhyR2Nvb3Jvb1hXTll3Wlk4Q0JZTnl4aUtfYWJfTWFxbVhPOHhGdzFTN2l0QjJ2MXJlOERNdVZzazEyWGZ6UlBLRl9DYnV6QVdiNFFjdGxkcXRyTEFIdjZQclhJM0JLVGIxSzR0LWUzMzlreEJxLTl4VzQ1emo4M09GdXc?oc=5
2026-09-26 03:59,Fortune,fortune.com,Eli Lilly (LLY) Q1 2026 Earnings Call Transcript,https://news.google.com/rss/articles/CBMiZkFVX3lxTE1yaXhhZ2lIdWFXcjBNRlhEQ01KT1QyM3FObU1vbUlBaHdwZDZiVEJyVW5FMnQtVlQwNVdJa3AtOVJfSmx1d0tuaUhJeURybXM1YUtDQnNCYks2N2NVcU04ZWlZQXpmdw?oc=5
2026-09-26 08:32,Yahoo Finance,finance.yahoo.com,A Jury Awarded Nektar $90 Million From Eli Lilly. Here’s Why the Stock Barely Moved,https://news.google.com/rss/articles/CBMimwFBVV95cUxOOUJaVzdnTF9ManF0M3BSNjlZQ1N3WWZ3aE5sM3h2ajNMVi1rdlRBbFc2WXJjcTRCVGRFa0F0YTI0LTlhTTIwTDgxZVBySThhM2Z2UkU3elp5U3E2aTMyck5DMmFOQXNnT250alhFNmwzWnlLSEp2OTA1Uk9PYXRwX1pvWE9WNTRpODJ1Wkl4ZFVSWm1UdzEwWmpLcw?oc=5
2026-09-26 12:35,Yahoo Finance,finance.yahoo.com,Lilly Cut an Obesity Drug -- but the Move Shows How High Its Bar Has Become,https://news.google.com/rss/articles/CBMikgFBVV95cUxPMUxpUllrWEdfRW03eDhaSE9ZSlBWdHBmMjdxUE9pM0RMZF9XYkFWS2RVeXBkY2ZWcTFBb0lObUZiUmp5X1pTU0ZXa1hycTFsZG5Kb21yWTdNUTcyWjNzazlFMmV4b3llblVWdlZhdk1oMlYxVGk4VWZzbW15NHBzc0FUUnJJMTd5RkdLelBoaDdpZw?oc=5
2026-09-26 13:32,The Motley Fool,fool.com,Here's Where Wall Street Analysts See Eli Lilly's Share Price Going,https://news.google.com/rss/articles/CBMijgFBVV95cUxPd2VmVmJ6amxXck9ubFZzSEVrVnczcTVPWTZpX0dzSnlyZVV5WmZZbndIUGtWaE1BWG5KeEZpLW5RbndiYVQtcXIyQnptNzNnU3JHb1NBLUQ4VVBPNjQ3T3NLTE84TC1YNGxkbmpNNzREb1FyLWpmc0xDam9JTXdxU3pvQm5PcUJIMWNlTHd3?oc=5
2026-09-26 15:45,Yahoo Finance,finance.yahoo.com,Foundayo’s Early Growth Is Raising Lilly (LLY)’s Revenue Expectations. But Can It Outrun Pricing Pressure?,https://news.google.com/rss/articles/CBMinAFBVV95cUxNZ3NLWEJodUxfdno3X3dCQTJrMTVSQzZxWUt2dWEwOVpsckNmU3liRlMzN25TVVY5MU04Uk16YlRXZG44WnpULW5oRWVkc1lYT2s0MGJvTTh0QlMzbFRiYWRpYnFUamhPU01oaWNBYnVMdXRoM2JUVUk0NmRnT0JIeHh6Ykw3amZjMm9xLVNUS3pyeEtHZ3RiWGZWNFk?oc=5
2026-09-27 14:47,Yahoo Finance,finance.yahoo.com,"Eli Lilly Just Won FDA Approval for a Once Weekly Insulin and the Stock Is Knocking on $1,200",https://news.google.com/rss/articles/CBMiiwFBVV95cUxNdHVVVFVmVWQtUWxpX0J2Mzl3Y19ua1lyUkxuMmJHcTVEaG5QR0pGM25NT2pyRi1EQWdROWFFX1pwSFFmaTRfTi1WbGpUR2ZCWTcxTTNvbk9UUmE1T0FQY0liUF9YRHpwWnJncEVFNWVIVWRJakVxZlpXMFU1T3lfMlExQUFDdHJiLVBB?oc=5
