Published,Source,Domain,Title,Url
2026-04-27 03:00,Morningstar,morningstar.com,3 Stocks to Buy Before Their Discounts Disappear Again,https://news.google.com/rss/articles/CBMiqwFBVV95cUxOeTNEWHFReEE2SEV1Ync4ZUttMUtUa3ljZjMzck5PZG1JZV9GNUQ3MG9Vc3JPb05nNVVvS0ZEbTBwdk9YODhvOUlWSUM2ZXVLNWR4TXFaYms4WmtLWndCTmI1NXBXTXlGQkpzLWFXdEtZMDFDeXdhYkpfUjZCVmlrdzMzemhRcmxNaVVwcm5famFxcTBZLWV4VE92VzNRU2YybHBEZXlvMzV6dDA?oc=5
2026-04-27 03:00,Seeking Alpha,seekingalpha.com,Meta's Stock May Plunge Following Results (NASDAQ:META),https://news.google.com/rss/articles/CBMihwFBVV95cUxQNXhiT3NjYzE3cC1PaUhaS3RocUdFS09jeXpkQ2hPMWowel81NGZwVHhKaUxrMlNoeGdPZWFuUU5tRHE0YkhsTlowb2lyX0NXbV8tNk5hSUk0RkRUZm11Mk5ub1F2Z0Rud2d6Y2xFR283ZGs0aEFONlM4RFJkZzBrQlNzX0JjSVE?oc=5
2026-04-27 03:00,Yahoo Finance,finance.yahoo.com,Jim Cramer Believes Meta Stock “Belongs Higher”,https://news.google.com/rss/articles/CBMimwFBVV95cUxOWFdrN2ZJak9Gc1dQQkhqWk1FV0RtN2pPRHVzWTlDRkRwQUl2azdwTnk2Q0ludWNOREt0ZmlkRVhRNElNQUZoSU5HeExSNmpzVUZabGRlMDY3eU5FQWtRSjRKSWx0VXF4NVgyRW5OQ3pxYm40V2RQUVh1UjJLa05hTHRiajRXcS1jcHN3VFVMQklfRlZJOFgxOHVkaw?oc=5
2026-04-27 03:00,Yahoo Finance,finance.yahoo.com,Meta Platforms Earnings Preview: What to Watch in Q1 2026 Report,https://news.google.com/rss/articles/CBMipAFBVV95cUxQVVgwSEFuclBfVmxFZ1BzbFlYRjFhQ2VCNkpVNVJ0TWFiM1JtbVAwa3JzU2NLb0FEZjNBS3RaOEotYmV0YnFVNWNhN1JNSHpmZTB4VjZPSU5rb2dYYURJRDdNRjdqOUJST0ZGbHhqaE9PU0tjM2tXTEQ5Z0Zyb3ZGVnMwTnNUVjdhWTZqMHJuYTViOFpERlFvdzBINl9MLUhOaFozdg?oc=5
2026-04-27 03:00,Yahoo Finance,finance.yahoo.com,"Meta Platforms, Inc. (META) a Strong Buy, Wall Street Sees 27% Upside",https://news.google.com/rss/articles/CBMimwFBVV95cUxPeFVHZ0dObWgwcFFTNFAyYkhaZzh5TzQ5WTNDb0ZINFZHbHdkM3VySHB4VV90aEVtUW91eE1lR21NOFo1VkUxUnRvRlpieFRYdUtXTk5nSGEzZUZqNmxjTHRLOVhlc1FhbmFER3d2dmFEbm9YWEtnYVJVYXByVXk4WWlvVGxienRNV2tIejRWTFVqZlhNVGU1S01LUQ?oc=5
2026-04-28 03:00,CNBC,cnbc.com,Meta shares look 'iffy' into earnings. How to trade it,https://news.google.com/rss/articles/CBMikgFBVV95cUxNN054bGpyN1BkbUVDZWtUTTYtc015VDZiRnpYc19YcFdwcVc5UFVhdjQ0M0RoX2xfOC1oX19DQUlpdHctU001MzU0ZzJ5OVpXdVhPdHYwUkFaZk5ubENIMUl0Z2JzTGZ6NkZJdHgyVHFTVjhZWE1PN3ZhNER3UzllRnRIaGgxMHAyNVUxS1lkdzlGd9IBlwFBVV95cUxQdk54VE9uYUUxZkw2S1BucFFKMzNzS18wRW05MEZmV3VJV056c05HRFRrd3JPRTJwdS1Jekx3eU5JOUliRVF6WEpKRGttU0haLTZXUXlQZnV3N1ZaUHdEZU1kRVN4SlJ1U0NhT0phRlJoS2Z3MVhOUk5sS3JBV19KM3dESm45cS1MZnljWnF5NXU4U0dyVnVV?oc=5
2026-04-28 03:00,CNBC,cnbc.com,"Meta's new AI model shows early promise, but investors want to see Zuckerberg's strategy",https://news.google.com/rss/articles/CBMiqAFBVV95cUxONnpIZGlVLUM0LTN0YjVLdGVwR0I2VVFLOEhoN3o1NjVVamJzdlJCS3FpYjh4TDhCMjZHbzVLM21fV1EzcEM0VkZWYjhaRDMtaFJpQVAyR3NhcTQybDdtSkdoZV90NUVqZWhHNVZVY0RjdGV2aUlhUk84eFFoT1FXMUFDdzM4dEpYdVZ4dHlYY0czUVNiR281b09TZ2JLaElwcnBlb19qSTPSAa4BQVVfeXFMTVVNRmp3c1pmZGFIZ2RNQzZYanRHcHBiUmVfNlJIbmw0aU1Eb016ZTZJYzBKWXdVckNhSGd4SlZoRXdkeXU4cmVfSHl4LWVNTWtyX2E4QUZwX3o2RHM1MmZUVk5kMkhSTW9qYzljYUxMQzFzSDZQMGxXX2FCMFJDVVB1bTVOam41dFJrUW93WjhGRFlpSGpBMTh4WUI3eFhCQm4taTZpWHpFX3hEa0hR?oc=5
2026-04-28 03:00,Fortune,fortune.com,Meta is paying top executives to hit a $9.5 trillion valuation—and no one’s ever done it before,https://news.google.com/rss/articles/CBMipwFBVV95cUxNRlZSc1czZy1lVHRadmVlanA5a3AtUXYwYXFJNE43Sk91LW1ULXdGNFFmUFFkNnJDT0EyODZSNk51THUxSXBKR3NCdHowXzM1c19FY2M5bURSMmJCbWxZRlI0OVdVa3FqTWdyM2cyZndlaXZMWkZWdUlXYk9NQ0JmNjR2VmhEc3l0bm5uTVZfUlY1R1JiU25aV3FtUDFuRDlfejVFRFFrcw?oc=5
2026-04-28 03:00,Morningstar,morningstar.com,Get Ready for Major Tech Earnings Starting April 29,https://news.google.com/rss/articles/CBMikAFBVV95cUxNdTZGZjNkaklSSVpTaXNPTnhGVUZ0dnM1U0ZIc0syeVI1WDFTRjdQTmJYbnpmR3pvNkl1c3FUMXlyRzdhd3JKcmN4VFNDOXp3b25FSmd6Mm54Vkt4dTljRVZEc0YtMEluanc0ZWgxT0VmaVdveVNlSlF0TEZld2g4ZHBPUHlYREo0SkxFM2Jyb3k?oc=5
2026-04-28 03:00,The Motley Fool,fool.com,What Most Investors Are Getting Wrong About Meta Platforms That Makes Right Now an Incredible Buying Opportunity,https://news.google.com/rss/articles/CBMimAFBVV95cUxNdlp3MDFPVlNHZTQ4ZmQweWZqUnNfZ002eEl3Z29KNDZNSEZqUHFGbEE5TUNTc1hGZFdhU1cyQjcxbzlDY0duWGpDTDduTHB0RXNKNU91ZUo0QzZJaFdnM1pPYXg5U01zaDJ3WFFnbGxwWFhZa19mVGx3WEhuWWtUNUNfNi1HN01xamVBTDQtX3d4TEEyenlvNw?oc=5
2026-04-28 03:00,Yahoo Finance,finance.yahoo.com,Will Higher Ad Revenues Aid Meta Platforms' Stock in Q1 Earnings?,https://news.google.com/rss/articles/CBMilwFBVV95cUxPT0lIZ2xSLWY5VXBrTnVHdGpPOV9DbEVINzNocnNZa0VHN0x0THRxbU85MG5DUktKUWV1WF9ZeU5NZld0WVVDWk5tOTg1NjBkZ213YW9HZ25pQVd2aHJ2bEhrQnVIZWtRSTc0d2R5aUZlUlctSjNOWW83RUJ6MjZxQ1E0cVllZzFoWDlrMWhsdGtyUVhIbTdr?oc=5
2026-04-29 03:00,Bloomberg,bloomberg.com,Meta Shares Plunge on Rising Concerns Over AI Spending Spree,https://news.google.com/rss/articles/CBMisgFBVV95cUxNSUNJQmE5M1JobzJMNDRwUWNMbjJLNmFDWlBJTmNtY1JoNjFlcEM1Wkp0UnNyZ1hzckdaa3oybWtxNldQUVpZVkJ0bmVTNFdhbElubF85eXF1SUN0UnJSZ1NwWTc0NS1JMUxhT2E5aFRLOTZCTWowQS1OWk9sNWQ2VTd2RHhIRFhDWjVUZlNrQ2NtemQtejhMd3FrWmRocVF2elMxc3dLUUFMaTB3N0pVU2RR?oc=5
2026-04-29 03:00,Business Insider,businessinsider.com,Meta says it doesn't know its ideal size as it prepares to lay off 10% of its staff,https://news.google.com/rss/articles/CBMimgFBVV95cUxNVS0xRFRzVk0wQldJMk16SVBCOEtlU29DUi1hSVQ1RGxhMElVc0Z3Y2stVTZFUnF4bURJdXVrbjZVNzZ4TGRfS0ROOFpMMnRhR1VkNEZRZDB5X3QwY21LanhNZG1Qd3FOZmFOTjYtek5xbzI4WXk1VkV3WV9XcmVsTkdCUnIwYjJNTGl0bE5DUGpmQzVKZzVOSzV3?oc=5
2026-04-29 03:00,CNBC,cnbc.com,"'Fast Money' traders talk Meta shares sliding after miss on Q1 DAP, increased capex spending",https://news.google.com/rss/articles/CBMizAFBVV95cUxPR3FqYzJab0diU2h1LVhodWoyejk4T0kzMzV2eERPTXpPakVZREFQalpnZ1dXZ2dWVlVRSGZ1YTlvTURwc2RaMnNjX0dVYzB6UzJuRk5yUnhKRFNWYUpzMGMwWmhHZTUtNU93U1RqeUNMcHprRWRxTEVyQjVWbzd5M0RyUFJzOFZHMkRGQ1BSN2diMEV4SVJ0OGpCQUhReEhBbGFIalhHY0htWnJpVEpxVm5SWWd6VGRaUndBTlNZXzg2VXhkM0VyaDViSlY?oc=5
2026-04-29 03:00,CNBC,cnbc.com,"Meta shares plummet despite beat on earnings and revenue, raises capex guidance",https://news.google.com/rss/articles/CBMivgFBVV95cUxNTXpEYTFNYnhNdThnNWlkZXFGMlNsamFaRHpEYUl4UXQ1TjVUQ2ZnU0ttZHZzdHFfR3RuQ0tEX0lteDBCNk5EVXZKbHk5bzNUbnZEa3JTZnpRV1QxOGRsUEJ6NVBSd0JjU3p0bFptNlo4am5lejI2OXhqMHVoVjV4N0NEWXJUQWxubnpiUmhCZHA2eE5zNVBJN0l0aDJuSGNzekJrYW1qUzNyYVQ5REZlbXhRaHFsaVl5WTZLbGd3?oc=5
2026-04-29 03:00,CNBC,cnbc.com,Meta stock drops on quarterly results as 'internet disruptions' in Iran drag down user numbers,https://news.google.com/rss/articles/CBMic0FVX3lxTE1PXzVmaXowWXhfa2FvamlaSXZzb2tLNkllbHZFOHFlVzZqLVdIaTg4X1dScnBkYWJ4ZnN5MXR3OGhTVmZnZWxqOWZ3N2luX2t0dUx2RGliWlNKNmxXdVhlR01WSUpleUprR2tuUXZfMUs4bE3SAXhBVV95cUxOREw4Vi0zZUtjc1VIWUdIYndacjM4ZldaeC1US25nRFU4NXhnTGwzS3VJWUZrLUw3WXVCNExDSzdxYnhFUmVQWDVaTnJMVWlITnpiRTZMcTN2X3ZnX1ZFOEtSZ3E4eE4tdnBMTm9BTzJ5eVlQLVhxVmY?oc=5
2026-04-29 03:00,Investing.com,investing.com,Earnings call transcript: Meta Platforms outpaces Q1 2026 earnings forecasts,https://news.google.com/rss/articles/CBMiywFBVV95cUxQYTRlTG02a0FOVnpPN3I3NnNQbWlVeGtLXzRCaExKemtFSkhicmlkMkhDSEo1RXdtRkJ1UW5kZFNOM2N5VmNtMGIySks5UXJEdUx3dU1uQzFUSWFvMW9BV0Y5UmlRanNEczdrNVR5em1oS1ktanhpZjhaM09IZ2ktdWpZTW8yY0paUlBJZVBoTVNnSmp4dzc5ckN6N2otQkNLVzdTQXlSNTMyZDdaQjNBX29Rc1BzTlhJN0h4V0NYRUwwSm5faEdFenpWMA?oc=5
2026-04-29 03:00,Investing.com,investing.com,"Meta stock slumps after JPM downgrade, rising capex outweighs solid results",https://news.google.com/rss/articles/CBMixgFBVV95cUxNLVpfbWxzODFwQVlZQUIxczNlcDNUSHVObVNJQzFhU2hWQ01LYVgybVJBMVhZVlZXRE0yb3FKUHVndEFSTnB3ZWhHZWVlNFpKZlpkRkMwT1MycWJHdWRwcmpORFJ0QU4tdXQzMnBjQUkyWmVVYTNBcVhYWnJaa2w3QVYyc01PUzQyV1M5VW5UYjhmYjQ2QmhRTmVJQmVTc2Nhc0NDb0NlYjlCLUVXQWVKTlZ2VU8xaUlNSUlfWTgyRWVsTHo4cWc?oc=5
2026-04-29 03:00,Investor's Business Daily,investors.com,Meta Stock Edges Lower With Q1 Results Due. Here Are 2 Earnings Numbers To Watch.,https://news.google.com/rss/articles/CBMihAFBVV95cUxQancwVnU5UXA4WjZ3QkFJZkFNcWs1TlhpVS1tYjAyaXF3RlVKQW1SVXF0ejhhMk1aTkZWZUJCMEdXMVRwMTcxd3FOMmFKejcxaExNQlh0WEpBM2thd19TaURTYThaYnlfTHZQaG95dmllQXB5cUs0emw4WjVEemlhTThreDY?oc=5
2026-04-29 03:00,Reuters,reuters.com,"Meta shares fall on concerns over AI spending, legal scrutiny",https://news.google.com/rss/articles/CBMiqgFBVV95cUxPNFNSQmtUam5teWJnNHNkcDVSSHVwbGl4d0luVzYwSUxaVnVpcVNmcW9LcXFGZ1IyWWxsZ1VPbmJ4N0FrR1ZXbkFfZG16cUJYQUFSdnhmdU95TUVXaUstaWF3M1drcXVDbHRjVlZVMTUwY3h0VnhhMVEycnRWbC1TNElfamZrNDlXQjNGbTg0dGN0MEN6ZDYwSDgtLUV6MW5HcXlDdlEtQmxJQQ?oc=5
2026-04-29 03:00,Seeking Alpha,seekingalpha.com,Meta Platforms options traders price ~7% earnings swing (META:NASDAQ),https://news.google.com/rss/articles/CBMilgFBVV95cUxQT0lfWDZWUTdWdEw3VHk3X3JTNDR0alRuM3R1UEtLMWpiTWRldVE4UDlHdDFmbnQtWHpDVUdRNlFPTTd3X0U0ZWV3WUJISVctZGxZM19mZ2UydE1KYl9IX1F3aGpYVF9zOW5mSHpSa3oxM3VFem91ZTdFTl92ZXhhZFdyWWtKRXBPS2d1dG1yM3Z1ck9EMVE?oc=5
2026-04-29 03:00,Washington Post,washingtonpost.com,"Meta beats revenue expectations, boosts capital spending forecast for 2026",https://news.google.com/rss/articles/CBMizgFBVV95cUxQNHpkZVdoeUxfbUJLYk9icFY2SjFmUmNsT3FOalJiSWpUZWdHd0xjZ0dkejdPbW1MRDczRS1KWHZrSzF0YVZnWlhrVEdoY0xVTjhvR1hHOEI4cFV6a3Y1MEdKZnRxZ2VUbFVaMzU2NkdMT0IwT0c0Q2t2TWhZU2FWcVhsQWgzWllEbnIzUEZXRzRQc0VRT0FQajQ0TjlDR3BxM2M2eWo3UzVoRnNObHE0cW1wdkJKOEMtRGQ4RnRseGR6SnFyZ2ZVZFpLUC1Ldw?oc=5
2026-04-29 03:00,Yahoo Finance,finance.yahoo.com,Meta Platforms (META) Q1 Earnings: How Key Metrics Compare to Wall Street Estimates,https://news.google.com/rss/articles/CBMinAFBVV95cUxQNzl0SFNOdXh2NnFHYVJ1QmNESlVXUkUzWDNfLVpzV094VmdGUDlfcDlvT0lRRTJPaDRMa0N5TFVpc3dicUdEd0Q1N1pyMXMyNWN3MWYwajdrM1RjRzk5TWVBTmRXWW11aEdpYnlpT0F3OXRGem11RDFxN2lzTlR3aUxIcE1jR3p5UjFCX1Y2NXpyS3Q0cnAxMWFIbHM?oc=5
2026-04-29 03:00,Yahoo Finance,finance.yahoo.com,Meta Shares Dip On Massive AI Spending; Q1 Daily Active Users Soften On Internet Disruptions In Iran,https://news.google.com/rss/articles/CBMilgFBVV95cUxNX1FnT0hMVWlLLTdfSkdVN0N5M182TUFUUk9hc2xYRFpGazNJYjBVNWY3MGhMNkVnNkIwY2VWYlNkMXBDQmVTT2dvX2Y5WEoxUC1VcW8yY0VvZzhqcmxhV01GTk5OWmdZeTBWdHhvdXkzM0drWlRTYmEyaVpfSFl4UU5sZ0loRGM3N2VnOXUwUzdYVm41Y0E?oc=5
2026-04-29 03:00,Yahoo Finance,finance.yahoo.com,Meta shares fall after higher capital spending outlook,https://news.google.com/rss/articles/CBMinAFBVV95cUxQWDRzbWRQZzIyZ2ZONGRwSjJ1STBUbUxUcVd5V09Dd3lLaUJIVkZFdXA5d2dzeTZ3Q3pyazh6VDd5S0V2VGlDSXBaOFpVelg3VldEc3dFXzNrQTVjMzE3OGo2QU1zYmZDdjk4Q2h2amNFZnIxc0NuRmhac0xJY3pmM0NDaGdRTzNJd0hlUGZFank2cnVNMnpxYWFIS2g?oc=5
2026-04-30 03:00,BBC,bbc.com,Meta shares slide as plan to spend billions more on AI spooks investors,https://news.google.com/rss/articles/CBMiWkFVX3lxTE80S2pwaUZHNFhLVzRtZDcwM3ZiT00yUFQ2cUF1NHdGTjE0S05aNW1OYllfdC1PNy1HQUxfbFhXMEFYeGN1eEM0WUFQbkdGZm1jSjJUbDNXbndHQQ?oc=5
2026-04-30 03:00,Barron's,barrons.com,Meta Stock Falls Sharply After Strong Earnings. What’s Dragging It Down.,https://news.google.com/rss/articles/CBMidkFVX3lxTFBYSlpZQVRHOVhuXzN0Rk4ybTRoYld2Nzh1SUV6QWxKRWJJUkhidFZLZmFra0k3M2hicVEtYlJLTWxuZkNaTjBsWExHeWZUWmVkc2NEWXpPdWd1Wk16aVFkOExCd0VLUWNaSlQ1MXZhQ1hPQ3BXQ2c?oc=5
2026-04-30 03:00,Benzinga,benzinga.com,Meta Stock Sees Heavy Selling Thursday — What's Going On? - Meta Platforms (NASDAQ:META),https://news.google.com/rss/articles/CBMitAFBVV95cUxOZ0FwTi0tN19HaVVGaWwyYjJuUmd6cDl2YllBc0JTRE8tUnNxV0twV3JnS0dnQzRZc0hWOENiUnVLV09YcHVmMDZaeVZraHp2c3RCWFNiUGxmU3FQblVzQmdhQXNNWmNYVm96ajZydlB3cmstRHNMUkVTNEpoMldvRXJxVEFZcGxpUUhfNXlja3VObVc2WVJoWExTcmZHcTY5S0hGLWc3VE16MUdWVEh6NTM4TnQ?oc=5
2026-04-30 03:00,Bloomberg,bloomberg.com,"If Zuckerberg’s Earnings Call Vagueness Was a Strategy, Investors Didn’t Like It",https://news.google.com/rss/articles/CBMiuAFBVV95cUxNazg1U3ExV0ZWdEdfTE9Jb0dtNEVrTXhqNS1ySEJWd1U0ZWFqUlBreFo2V3J4bGV4M2gwOVc1MC1zOTJlbXNDc3Jhd0psT0dyaUlHSlZMdFJvZ3VMZjR3UGtwc3gxUXkzaEN0eWlDSWUteTVKZzQzMndvcTFCbENDSnRaT0tOVXR3bm5MOHB2Sk1id1dsQ3B1MnNHb2xrdFRFMURNSi0yRy0xNnU3Z3JDUHZLa21NNnBI?oc=5
2026-04-30 03:00,Bloomberg,bloomberg.com,Meta’s AI Outlook Is Still Hazy to Investors,https://news.google.com/rss/articles/CBMiwgFBVV95cUxNWGN4ZmxCYWlBVkk0aU1SYmRpNk1BeU9lNG5BTFA3NFY2WUs5bkpGWmdmZGExblBpVFVVcmdmYkhxSWlTbEhPS1dvWWZkbGJiUmNQLW80djdTM25IdjNiYWMwNlpCb0l6WDJBMlpYaTgxUk4xQlpTcm1TTEtQRE5BRnRVb0t5VTRMSjV3Tkk0SFlUSmNUZm9pTnhnRHJfQ01iT3p0blFYMzZoX0xhLWt1SnpYZ1pNdXZCZkZSb19BRGp3Zw?oc=5
2026-04-30 03:00,CNBC,cnbc.com,Meta shares sink as capex grows: Here's what investors need to know,https://news.google.com/rss/articles/CBMirAFBVV95cUxPa1Riemh2dXd4NjlrLTlnbk9May05OGtTOVh1SnVjNi1DbElkdkswamxHd1UtUjBFblZxMGI1ZV9fakc3cGljWjhaMG42ZTVoSGU5OEtCYUZLZldiZ3RjZklkX28xM1RwUlBESjBORTB3SUFsOXJjNFVOb01sT2l3VDVObjItek5pRXJZNDUyNGN3a3BWSjFzVDc3aUNkMUhOWm1hYUU2YnNUbFdn?oc=5
2026-04-30 03:00,CNN,cnn.com,Why Meta stock is trending,https://news.google.com/rss/articles/CBMif0FVX3lxTE11RDJGa1VGbjV1ZmsyLUFMRXVEcjJ6YktIeUlHYlVuMzRHakhrNENzWllnM0pGc3l6UFRfTE9xcDlUUkQ4N1AyTHZkZ05tSHRRdy0tY3JBRmE3b2VLVFUzLWt3cUpDcUJiNGdQTWs4UWJtMnFXM2d5Rks5emtlS0k?oc=5
2026-04-30 03:00,Investing.com,investing.com,Evercore ISI raises Meta stock price target on AI deployment strength,https://news.google.com/rss/articles/CBMiyAFBVV95cUxQTVdvYVlFSmtWbFlOcXpYaWZWQzlEZTBIeDRBQWw0TWVreE9oNXozQkZibTd2TnJKVmdUbjhmYUc3bW5HV3Rac3YtSDVIS3lZTEFIMllUUlozYWpPVW1hYWk0c25GdnhwQTY4eW1DdWMzcHdESlhkWDlEQmxuaHc0WGliTjlZWGhBelpqVHo3aWc3clFKbWVLVllUUjhyRHNqUTVPb2RHNkU4UmEtQkJWdVpmUzlRUXNMZmJhRzM5TloyUnFHSkppOA?oc=5
2026-04-30 03:00,Investing.com,investing.com,Why is Meta Platforms stock dropping nearly 10% today?,https://news.google.com/rss/articles/CBMirgFBVV95cUxPeG1vdDJSRFBSNTN2NHV2S0xsMEpkTlg1aEk0T2VwX3g5NzBxbHJTb0x5S0FIbEdTQ3RmWVZTclNHSkhBZzJmaHpWS3lDNmxfZWdGMmxaS2otOG9TM2xaMUdSNXFJM3VPeWZHNDl4NjY4NmhXbFlLVjlBbWFvbWlnTWFhQUY0cnMxQU9tblRheXBQTmFHczlPSlV4a2ljaS12cjJXMmJLZWJxLXN2V1E?oc=5
2026-04-30 03:00,Morningstar,morningstar.com,Meta Earnings: Ad Sales Growth Continues to Accelerate Even as AI Costs Mount,https://news.google.com/rss/articles/CBMiqAFBVV95cUxQeDJzcjE1bUZ0OWs0REg1Q0cxMnJPek5FeFM3VW00ODh3c1J2V052ZVJxNlB4YjZFZW1tSEE4c09YdEJsa055UWNzRmg5SkhqVzBvcVR1UlhPc2JtTjQ0Z3dMRG9ZTHdCcHd2bW1fbGR0RkhNSk5UV0FfdHBJcGFncE5pdFNmZDF1RHpNV3pPenUwYUo0SUs4dEtEa3p5Q21BVW81TWhNNjY?oc=5
2026-04-30 03:00,Seeking Alpha,seekingalpha.com,Meta Platforms Trades At The Lowest Multiple Among Mag 7 Stocks (NASDAQ:META),https://news.google.com/rss/articles/CBMirAFBVV95cUxQdlNiZ2lSSXcyazZSSTJsOGljWjhqc1ZIcXptNGM4eUtNenBQbFpWM3E3bjJwRUUzT0MwOFBqNU03R1VLTUkyNFh3OElPNVl5ZElUdDFHTF9WOUFJalNWT3pLMEV3WWlRckNUSFJLN20xZnVqM25GNDdWSWNKazZsSGV6bTNKY2o5Y1NPZkMzNmNoanFyME5Na3hmUWsxaWFKNUpEVG1PcDdhc3RG?oc=5
2026-04-30 03:00,The Motley Fool,fool.com,Meta CEO Mark Zuckerberg Just Delivered Great News for Nvidia and Micron Investors,https://news.google.com/rss/articles/CBMimAFBVV95cUxPVkNLM1UyT3E0bFZ2T2tjTlpwVFhMb2NPLWNQTUNBNS1YUkRyTHdqT19pRHVjZ3lHal9DUlhjOU9SeFA5YUVPT2FDRHZPdnZQelNVeDJyUVMzekVSRUd2RnloN3h6bGE3SExNWVV3SWhBcnNMSzdmZHhDeTMzMmk3UnRSODBSNXBiWkxyREFoNEZCSHkxUjBCRw?oc=5
2026-04-30 03:00,Yahoo Finance,ca.finance.yahoo.com,Meta stock sinks after Q1 earnings as company raises 2026 AI spending forecast to $125 billion-$145 billion,https://news.google.com/rss/articles/CBMi1AFBVV95cUxPM3gtdTRXTFFDNV9fc1VUOHhzREhwckJEbEZvNDNQaU82OFJ3VVByajVIOWJJV2l2TFo0LXlCMV91ZE8wUFY4NjRqQUE1UVdMcmFxY19Ca21xekxROFhnYkNqbHdJaVRIVTZaYlFzd0pXYVlCSENhRFQ3bHBwazFMOWpObjdQNmZyN3J2Y2hILXMwMWhvaXBIYndTdy1YRDhZc0R2X2NzQnpleHo4aUxyZW1MVndCWUYyeE05OG5VXzBYbURtcDJFdGF0ODl1NjR3ejduWg?oc=5
2026-04-30 03:00,Yahoo Finance,finance.yahoo.com,Billionaire Philippe Laffont Loves Meta Platforms (META): Should You Buy Post-Earnings Dip?,https://news.google.com/rss/articles/CBMipwFBVV95cUxOTWpaV1BFdEZDaVN6T2h2bk43eU9TTW1rV0xmak1TQnY2MmFEV2pxUFRWTU1EeUIzWjZnUFpRaFlPSVd1dWQ3OHhLSFRpVVFwUjJpbzRaZVZZVzRyckVQX1o1UnZwWmZoMW5kV044aXE0bjNIRkhWZGt0N1FJUWNrREhUY1cwTFJrTk9jRU9CTlFOZjM0ZEs1elRTM1RzU0dGVXBvc0hTOA?oc=5
2026-04-30 03:00,Yahoo Finance,finance.yahoo.com,ETFs to Watch as META Shares Tumble Despite Q1 Earnings Beat,https://news.google.com/rss/articles/CBMimgFBVV95cUxPUi04R1VpZWhhOUdtRXFBUG52cWFvMlBDQWk0Ym9rTDJEUWxoQV9UYng3VUYwX3AwQjlWcHE0cmg4Unc5RzgteVdKSnEtcmt3dGItS3BkUzBibEhEbUVzbnBQeldISkhzU29JUnNmakFPMm5oQ1RmZ0UzR0pKSk1fWFhHaDJEZURSRVA0cEpfaXI3N0J6OW9MWE5B?oc=5
2026-04-30 03:00,Yahoo Finance,finance.yahoo.com,Meta Platforms Just Made a Brilliant Move the Market Will Likely Read Wrong,https://news.google.com/rss/articles/CBMioAFBVV95cUxNd3VHZTJlUG5jeUxGdlU0UWI2VUF3VExwNUd1Uzd6anF2T2d0VWIzVHdnSWNiemt6SERTZEhqRGJfcGVwVXJUTW9QT1dibWtMb1dzY1hRZjh5NTQ3c2lMMm5MbGtKNzBLVzJJTXR6dXNIN0Jjcl9weTNpZUdqaUFya1FCY01teVQ4bjZPREMtaUhic2Zud0dWTTRVdFdxMjc3?oc=5
2026-04-30 03:00,Yahoo Finance,finance.yahoo.com,Meta Stock Drops on Capex Increase. Should You Buy the Dip?,https://news.google.com/rss/articles/CBMinAFBVV95cUxOemNmME5YeHZvaWtURzh1bExFZ3BaX2VfRnFsMi1qWm9KOGFCTFJhTmdGSmtfMXNfY3hucEp6QVdudnNQQklTeDFzT1R2U2kyTS1neTdhQmEyckIzWmlFb1lsbl9NeVF4eHAzMnk4NG01Wm04WFR1ME95RWZvdGRoQ3BIZVRYdHVmSl9sTUpna05na0hBSzI0X2hTaFU?oc=5
2026-04-30 03:00,Yahoo Finance,finance.yahoo.com,Meta Stock Loses $175 Billion After AI Expense Estimate Shakes Shareholders,https://news.google.com/rss/articles/CBMimAFBVV95cUxOQTRkZFpSWUZVanlGeE1wZUk5SUNHT2xqeVZjVk83MFdQTlFwWkFfT1JMQU1tS0ZLSkh3Qk1UdkI0TFd5eUgwWEJ4Si1JWWtJT3ktOTRSNmRwSWE3MHppY3lpbDVJODBuMWVDZGx0Yzhjdzc5eUpfNTR5NElYQnhuUnVZdHY3NktfOVRqUjM5cmNFd3JuTk81WA?oc=5
2026-04-30 03:00,Yahoo Finance,finance.yahoo.com,Meta Stock: Is It Time for Investors to Buy the Dip?,https://news.google.com/rss/articles/CBMimgFBVV95cUxPM1k0NUxkVHVPY2ItcmIta0twcWZJam9nMTB0RTBZYWpfSFMxa0ZnZktoVTROcXVUNms3VUJMQVg0V0drMlA5MXYxaVhVcENQWWpnOTJ2Vlo0SWVRdWxjX2pzYkNHS1ppQ1hUS2k0OUJjNkFQbG02YTdrNjE1SElNYXhTOWcxMmZXMWZINGNwYWFSU1V1dnRPTlRR?oc=5
2026-04-30 03:00,Yahoo Finance,finance.yahoo.com,"UBS Highlights Generative AI as Key Revenue Driver for Meta Platforms, Inc. (META)",https://news.google.com/rss/articles/CBMingFBVV95cUxPenItTU1iQnZNbnozZXBMOEpXOTNtbGRnM0s0XzNFZnVxU0R2cklaYi1MYlZYTnJDMEVDd0xWUFREb0FoZDhBRmRGTEY5anpESUZncTc2dDdvRE1CSXpObVI2eHJROHdVelExd3B4d3c0eU1Cbmc2X09MV2hBOUtQUVd5dzJCOENVcFhlYV9UNzlNLVplTUliclVnRUp0QQ?oc=5
2026-05-01 03:00,Reuters,reuters.com,COMMENTARY: Meta's fall shows punters crave clearer AI payoff,https://news.google.com/rss/articles/CBMiowFBVV95cUxPVVFMdmpNWFo1NWZNQm11azk3OXlTVDB1NTRyVFFiSThmWE9sMmt6ZWlFS2NVYmdsaDFyV0xOc05iaGVLeUQxVXhKcDZVMDBSTnJyYzN2QS0wZEtKN1I1WVZ2blJ6UFBwYnRzMUt6SEx1OGZvWDVvU0dfclRXdHVYRXVhMm45aE1OUUxyZ0tDeWJ4dWVwMDBhRGZJS1BXNzFDTHNz?oc=5
2026-05-01 03:00,Seeking Alpha,seekingalpha.com,Meta Platforms: What You Buy For AI Technology Growth (NASDAQ:META),https://news.google.com/rss/articles/CBMimAFBVV95cUxQMG1yMWlZeDdhbVZHQzYtb2daeEVlZzNuZ2hzbVVXc2NmQUdNTnlaY2doTDh5eFMycnoxZ0IwXzRZTU5VRWRObVptanN2VTROdjJaRWRRaFI5OVFDcjF0THR6TnBha1EtdDlJSzJQTDJXTU16bTFYQzlBZ1RRMHM2M1V4VmNTUlItNndTZS0yZXJZQ1BpZDhYUw?oc=5
2026-05-01 03:00,The Motley Fool,fool.com,What's Going on With Meta Stock?,https://news.google.com/rss/articles/CBMifkFVX3lxTE1rTFNNeEJPQUtfUXFlZnRJeVM5T2JEalNNV1lQb20tT3lveGpTSkt3aU5GZkN3bVNHa2RSU3ExVFVWQVB4ejI1c2h4OWV3VDFCVElmb1kwZ3N5WXRlSU13cV9mMlp6dTBZX0QtRl91aUFEMVozZDNnSF9DQ2RlZw?oc=5
2026-05-01 03:00,The Motley Fool,fool.com,Worried About Meta's AI Spend? It's Already Paying Off.,https://news.google.com/rss/articles/CBMimAFBVV95cUxNN3VCbExOS0R0emcxdmpJd2psZzBhWW9IallqX1VoX0lRZk9oN3hnLVNEQUxrVE9ZalF2UEd0MkxDdmM4NGJLX2t4ZTc4VXpUdGpkdXBXM0FweU5FOTNHS0xEbEhnVnI1SUdxYnFSY0w4ckw5VlhaOWU1MzF3X19IamI4N1Z5T29zOUJHTjNjenpscEZvaFc0bA?oc=5
2026-05-01 03:00,TheStreet,thestreet.com,JPMorgan has stark message for investors on Meta stock,https://news.google.com/rss/articles/CBMingFBVV95cUxPQkJ5RlFUYXhSaDFGekVPTll5dkFtSFZTSERkUUFfNFRNRnFVUlhsS3o3MXprZzAyd1NlSUR3X0JmbzhDaTJfTGh4aUZaU3M3VEZ5MHQzbV9aTldBSEpRblBoSHhTTnpsam5lSm9HZHc5elFtOUYycURVSzd4MWQ1QVpiTmFNU3cwZUZSUHlmOEhfbmNFTjFQMlRPbV9sdw?oc=5
2026-05-01 03:00,Yahoo Finance,finance.yahoo.com,Can Meta Platforms (META) Become One of the Leading Superintelligence Companies?,https://news.google.com/rss/articles/CBMimwFBVV95cUxQTE5ldXh1ZlFJblVGTmZyOXVreDI1ekZ5M1I0RDZHUDR3YmNYdUh0b3FUMTBZM19ydVd4TGY5MHpOdEVkX24zVWRucXpIN1d6WWhHaWJISjlnM0NvaE40YjdkQU1rb0xPRWd4LXpMTEZNYmxJS3U2X2gwQXhaQkdSRmdtWEFpY2hnUFpqN2c4ZWE4TkZIODJtdXlmYw?oc=5
2026-05-01 03:00,Yahoo Finance,finance.yahoo.com,Meta Robotics Move Meets Undervalued View On Meta Platforms Stock,https://news.google.com/rss/articles/CBMiowFBVV95cUxNVm1MbUhYLWVXWkJuOTJKdEloSjNJbDFMQUUxNF92ZjNVVUJ4RENLX2JCa1pGU3BRaUVINTFDd0FPb2NzTEFzYTY4Ym1LWDFsaEpOaXdPTG1QRzluZmpuLUJRcV93bDFVdnFxVWJQQzNtOVg5Y0Ruck5Wa3F1N2JjS0txT3B6TmxMSEpJVU5fNzJUS2hnOVdWQm9TdWZlblIxR19R?oc=5
2026-05-01 03:00,Yahoo Finance,finance.yahoo.com,Meta Stock Just Dropped 9%: Is This the Dip to Buy?,https://news.google.com/rss/articles/CBMilAFBVV95cUxNaHF2OXpzYjZidlgycVFGem9nNmVUN3RKUzNneDNOOThSVHhSOEM1eFB5WHBTQ1dQVmU2RFRKRlBaZEhQZG5MYUtjYzFmczMxQkdhQkpXeEhGbm5kbUYzOWlwWmJqRlMzV0NJdWRyUklUY0RwTWJSdUE0Q3JSUlN4QlhKOEZlMkFzNHB5SWdEVmlyRmNK?oc=5
2026-05-01 03:00,Yahoo Finance,finance.yahoo.com,Why Meta (META) Shares Are Plunging Today,https://news.google.com/rss/articles/CBMimgFBVV95cUxNTl9lLVgwcGJNQ3RZZHdaVnNxeS1JMjVDQk5Kd09rbkhFZzJrWmtEWGpORF9iN1h0TG0zTWlhWkRMa1FMdUY3RE9RTFRSZGppTm1EdWNCekFLVVlmMUpqdURua0laQ1FKdDA3QlE2cUhXMHpsS1RBclBFa0stY2RoXzJiWWRFcjFwMDFQTVNHQzJpV2Y4bmhzc29B?oc=5
2026-05-03 03:00,The Motley Fool,fool.com,Why Meta Platforms Stock Plummeted This Week,https://news.google.com/rss/articles/CBMikAFBVV95cUxNY25BUmJxaUJpcUJWRThKT2ZIdXV2bFRzdTBkNkt3dzFXUHduSUJJeG1RWlhBQ2pCRU51emRrejljVVRmZUpaQVlqd3FWNU5kVlJGLUhXdTRCYUJtRXZGbTVmWDV0bVhlR21wdjc5cDVlN2FhaGQ5Qk5icUtZUkpwMm5YYkJ1WVNvOU9LcFZZRjM?oc=5
2026-05-03 03:00,Yahoo Finance,finance.yahoo.com,This Major Tech Stock Could Be the Biggest Loser From AI,https://news.google.com/rss/articles/CBMimwFBVV95cUxOdTJtRFhoVHlBU1lPSmYzUmh0Ri1oTkxJVzhSZ3FqVGtEaVlKSlVIVU4ycXNPVW1iSEdPMGNNN3JkNHVvSjAzN1pPZG9JaURhaFRYT2JoTWF2Wk9zZXNlUFh3VXI3Z0t3YjE0YllQRk9RLU9jdERnLTZnZnFoOHpGMGZiOFJmU3F0eWIyMzV2TVZkX01iNWpSVkZSMA?oc=5
2026-05-04 03:00,The Motley Fool,fool.com,Meta AI Capex (Up 7%) Is a Bad Surprise -- Could This Be the Next Metaverse?,https://news.google.com/rss/articles/CBMimAFBVV95cUxQelhnRGhYV01vR1FweHFvNlY4bS1qMEd2M2ZWSWw4bEt3Zi00cHlSblM4aTI3NXFyeUkxazJTZWc4UTc4eWxRMl9uV0ROcnlqN0tRd0FHOFBLZVVicFVLMUdhX0JlYWFYZFp3LUZXNzFnMkhQZUlucjFuRWh4eEVNMlpIaXhYV1hfclBndUFRaVNnZkI1TDVwZQ?oc=5
2026-05-04 03:00,The Motley Fool,fool.com,"Meta's Revenue Growth Is Impressive, but Its AI Budget Is Getting Harder to Ignore",https://news.google.com/rss/articles/CBMimAFBVV95cUxQdnY3czRuTm5kWGhIbmUxRWFJYzR2TjhrcWRqSU11c3VpQlpEY3BTUFNjSFhBcXJFY1pqLVFOcVRRLXlOdnhHUEd4Yk8wbFFoZ3pZMFNhZEstVGFKVkZXVVNRNDZUdF9XTFcycE5FOVI1cEo5Vl8xMHN2ekJkRDNBclhLUk1BY3ZaRkhpc3Q3cm9RdDlVc00xaw?oc=5
2026-05-04 03:00,The Motley Fool,fool.com,"Meta's Revenue Growth Is Impressive, but This Remains a Big Problem",https://news.google.com/rss/articles/CBMimAFBVV95cUxOMy00ZTlNOHFkUGQwOUVhaUFGWnNyYXBUQ0lxQjBiRWdQU2M1TnM0bUJZakhaWlJIZ2kzWHhmTlJsSWdBZWZ0OFBneFFxdDhSVTJXTWd2eWRPZzVDUWk5LTNnMDZYdE9vaHUtV25YVFRTOWxDTDlqTk9BbjBKTVNTdHNQMV9tZTM1ZXZEV001QURxdHRPZk1HVA?oc=5
2026-05-04 03:00,Yahoo Finance,finance.yahoo.com,Meta Platforms vs Snap: Who’s Really Winning Digital Ads?,https://news.google.com/rss/articles/CBMimgFBVV95cUxOWVZtQVRmUlNsR2hxbEh6LVFTRDFZU0dBOEVVTDU4Mms2emUzOFh0SElCZzJUaTdOUjFhZHFtLUQyN25CLUIxUGZ6NjhNRERoU2pSX3EwS3duaGE2ZXZkMFNlVmFNQS1LemNtWlVCajZ1SFpoODNSNk50ZFlva0NLQ0djakxwRTRLLXllOEJ5V1h0TUJMeUttS2Vn?oc=5
2026-05-04 03:00,Yahoo Finance,finance.yahoo.com,"Meta Platforms, Inc. (META) Is a Trending Stock: Facts to Know Before Betting on It",https://news.google.com/rss/articles/CBMingFBVV95cUxPV3UtalpabnZkUERRd1VOZ2xYUVh6dU1fdzdOV0g4czR0RFhNekFibS14MTJFdFZqd29pVE16bkhMVFZPaHlEdGNpQkhFR2ZmMHNiRmJyYVdydzZxQ0dMd3FrQXV4eDgtbmkzT1JmV243V2NmZ1F3eTZLMnJ3aUFRTFdZZmFUd19nZzRYS1ozVGMzZXViZEtJVGs4eEFnQQ?oc=5
2026-05-04 03:00,Yahoo Finance,finance.yahoo.com,Truist Reduces PT on Meta Platforms (META) Stock,https://news.google.com/rss/articles/CBMingFBVV95cUxQc2JsUEFpZzNqbXdldE5ub0Q1T1J1a3AyQlpSWGNiWllSRko2OE1vaGNpWHMzLWNtdkQtcUFMTWRPZDAzUEZETGZkOVM4YVJmOHY4bjEyZHBpMmJ0TTcxc1VVTmcwcU52RnNra2ZhcjQzRUVld0l1bHFKdmJTTGVxdDl1Y0hsbVN3RThWSG0zMWh4MzNnY3d1VFJEejZ4Zw?oc=5
2026-05-05 03:00,The Motley Fool,fool.com,"1 Unstoppable Stock to Buy Before It Joins Nvidia, Alphabet, Microsoft, and Apple in the $3 Trillion Club",https://news.google.com/rss/articles/CBMimAFBVV95cUxOVU5UVFhfeTJwa0hoMGI0ODJpZEJYNGRubWRmSWJxZ3pacVVqVzIwZ1hhTlh1Z1JYTno0eGJWcHN5WEVSZm9xand5NFJvRUY3Q3VEbnM2bFJUbkRVRU9EV1pwOGdzT25NbVBOMC1NeWtPYjFueUJXR25KUmo2cFF4TU9fVUROR2dOcmo3VkR1UzA4M0daQjhvSw?oc=5
2026-05-05 03:00,The Motley Fool,fool.com,Meta CEO Mark Zuckerberg Just Hinted at the Next Big Thing in AI -- and These 3 Stocks Will Likely Profit the Most,https://news.google.com/rss/articles/CBMimAFBVV95cUxPSjZ1ZWZkS3dzZXZfQXhNTFFsZjZSVFFwNF9ubEJaR0N0Q1J2UkpQN1lmZ2FKbG9fUDNLQy1BTkI0cWFiOEk4U2o0UW5raHdlYmdiYWg5NWxJbk10ejBQQ3lZazl0MG9Ha3dwdG1GNWhqMXh1NUJfd25xeGkzeDNwR09Jek5WVjlrcXk0bG5jWGFVdGZMQmxnMw?oc=5
2026-05-05 03:00,The Motley Fool,fool.com,"Why Is Meta Stock Crashing, and is it a Buying Opportunity?",https://news.google.com/rss/articles/CBMimAFBVV95cUxNYUwtTXJUVVJtNEtWNTRYQ2ZEX25pSkM1V0hlN1QxTEQ5UEtubk9nUUNLQVJ3d093Z0xyUXU5ZnRyNDAyNGg3TDRfNVFKZU1xUWJIeVVxUU1kOFo3bDJ5bWp3eVp1QnhRQWJVaGtTSnhsN2RFUXp0OENaM3BTYnJGTlpBRk5ib3RlblhwTUttV3oxcGZQb1AtWg?oc=5
2026-05-05 03:00,WSJ,wsj.com,Meta’s Cheap Stock Is an Investor Trap,https://news.google.com/rss/articles/CBMif0FVX3lxTE11WDNITWRORXdJZzNWcDJVZHhwUkFsYjBmcVlPMzRaVThBT3dHR2pKejJUX3B4Vm1GYkxXOWF3NUNxUlltTmFuNC1KaDgxclRubXdibFd5cl9iZmEyZU5vSE9yVHZmNjJZSTVHMVJrNEhEUDhnTW81N2V3M2hkN3c?oc=5
2026-05-06 03:00,Fortune,fortune.com,Mark Zuckerberg gave his engineer startup at advice 2 a.m. over chess—she quit and raised millions,https://news.google.com/rss/articles/CBMiuwFBVV95cUxOVkpUeHZ6MzZMZE9faXdFNGFQV21KWm1SMlVRaDBIZ0RITE1wMlRHemFpbGhDZkhZM0FlUkhQZWhPUEZyVHpoOG9BMkIzaDhGcVpDNFlZNjZOdDQzQkZYZXc4R2E2OE5PRDNDeEJueWYzMTdVcUxpNWdCYjA5RWJtYXZrSmR6bDAyMWRhQmFScEFiNG1VVkxvTUl5WlpELWpNeWVoX0dMLWFEcVVRMEpRTmJIYUxMREZZNjAw?oc=5
2026-05-06 03:00,Seeking Alpha,seekingalpha.com,Meta Platforms Stock: Don't Sweat The Spending (NASDAQ:META),https://news.google.com/rss/articles/CBMihgFBVV95cUxNQmQtcmtXaXRITHBtaXhHNVFwNEFiQTNYS2hWUXZvOTlkMjhULUpxbDV3emczMC1CZHI2ZGhrbzV3MVpVYzZhdnUzSGpURHU5dkpEbWxORnRLWGU5dC1CYm1GQ0s5STNIeE5oWDZINnpQQ1dIeVlMYndsNnhjUHprWEdyX05PZw?oc=5
2026-05-06 03:00,The Motley Fool,fool.com,The Best AI Stocks for Growth Investors to Buy in 2026,https://news.google.com/rss/articles/CBMijwFBVV95cUxPbWtQbmFtMm9DaGNpd1hDT2dwLWxKSnFMY0RGZklzbTVhWWdDRmdDTGlJVTJmUW9fZllHb3BrSm1QLU1NVnc5bkNqS0JZWnd5WU5IU2pjck9lcV9hSHozZEg3TTh5MFF5T3hmN0tVQm5hZ2JpS0lHeVV6VnY3djlnRzJfTExVWlo2d1dzaHFtTQ?oc=5
2026-05-06 03:00,The Motley Fool,fool.com,The Critical Numbers That Meta Stock Investors Need to Know,https://news.google.com/rss/articles/CBMimAFBVV95cUxPQjNwYjBTbXNxVDlDakcyeHRwVDIxTElUVF9lWkdxRUdvWFIzZklNTDhBMDRYUEZTb0xDTUU4X2JuelpNM3A4SGozWFFsbXV0eUlNYVdFMGg0bUdrMDNMMU1EeWFoZzRmTzRhVFMtdWRIaFNNMm1PdkdKV2Jyd1BjOHJYOFVsV2xRc3Faa3VsY0g3UHpnUFdsRg?oc=5
2026-05-06 03:00,Yahoo Finance,finance.yahoo.com,Is Meta Platforms (META) Still Attractive After Recent Share Price Volatility?,https://news.google.com/rss/articles/CBMiowFBVV95cUxPLVZNbUVzcG1tTmlZNFBiNUlBYXJaQjdwRC1hc0d2X1c2NjZIeFBuX1F5UDNDWVpkdEhUenpXbnJSOWRNZTVyNEtjYjV0YkVsZ0FCWTh5LUJubTJydXUxbmNpVjBVWTJKZGNYaGNPMF9TcHhJSTZxNkI1NUl2dlh4MUtpeEg1SDFRQklUbHlQUVlBZ0JYT0hLa3hqWlN2clJ1MDRR?oc=5
2026-05-06 03:00,Yahoo Finance,finance.yahoo.com,Meta Platforms (META) – Among the 10 Best Fortune 500 Stocks to Buy According to Analysts,https://news.google.com/rss/articles/CBMimAFBVV95cUxOVmV5c01PMkowQlBxTkYyTFRvMkVRcTdkSDgzYVdIRzFFd0hBdzlIVzFWdTE4NXpON19Nb1RUcThUcGhiYmpzNV90cUlmWlpWaG1OT2ZHSVNScW9CTXc2UWtOMDBWMnBiV0JEMjIwUHRDel9UVE1nczdhc0I4c2dCUTF1ODg3QUdmbnh0U1NjSTJiTVc4YlU3Qw?oc=5
2026-05-07 03:00,Seeking Alpha,seekingalpha.com,"Meta Is Undervalued, But Will Need A Second Growth Engine (Rating Upgrade) (NASDAQ:META)",https://news.google.com/rss/articles/CBMisgFBVV95cUxQSkhvZXdDbGd6V05NVUt5R2k5cmtZRjRvYUF6NWJfeTdyUTlJcm83eGVpQnhYMWpaVG9NVXMtN3QxU3p5dXlHRzl2S1NDNVpnQms0VjNEMkZWdjJiS0dCUTYwaXptT3RLU3o0SFlfa3lERlN6WU1tMjBuYXZRVzBmbzhJcEVXNGVPNHAySWt4UzZqNW1RR3YzemFOVlhpODJNQ0JxdHpwRVlfMURGWTBqTVJn?oc=5
2026-05-07 03:00,The Motley Fool,fool.com,2 Outstanding AI Stocks to Buy and Hold for the Next Decade,https://news.google.com/rss/articles/CBMimAFBVV95cUxOZXo3c2RSZ2lIUjlvSklnT3l3UHRZSEVMeXNPeGNCWGN2ZzFGM3JLbjNOcnBmbUtzQ01MZGNBQnNOamdpWFhlYnFhSzZhdnlPX3F0eWRNTjBHczY3czlBVUlCOWRtaEF5SHItYXRVWVZqUnBCTE9SMk1lM0VNYU05SGlrSTU5cUZZQnpuQzdVMURBa0tNOFJUeg?oc=5
2026-05-07 03:00,The Motley Fool,fool.com,Should You Buy Meta Stock on the Dip?,https://news.google.com/rss/articles/CBMihgFBVV95cUxPdXgzZFZIM0NXTzh3aHp0dkxSTUgxRXhicmp2cWx0bVJfYmNuRU51YU1aRVFhZHA5NXluR09jMUNhTExmVHFvSXlFTnFHNFhxSkNoZWhWaWI3dW4tS1o4VV9BSmNYWWpyQ3dFdENiWGFhNXI0cEJObU9zRWdkUzlHUGpFN2ltQQ?oc=5
2026-05-07 03:00,Yahoo Finance,finance.yahoo.com,Here’s Why Meta Platforms (META) Is Among the 10 Strong Buy S&P 500 Stocks to Invest In,https://news.google.com/rss/articles/CBMimgFBVV95cUxNYkxieXluSzd3MUROajVZQ1FRekMtSEVLbDY1NW56Sk0wMF90UUlaVUZWM0RZeVYwN25feU1BWUlpZFRJR3dVRk1uTi1jS2ItWUlFR2lZN0IzbjdZUkdmdlA2SzhTRV9xZ0ZQbzQyQU0ySXZ4SnRzNTBoTTBfbUp6OUpKN0ptY0VLU0hsZ19PRTExX0JQZ2VWdjdB?oc=5
2026-05-08 03:00,Morningstar,global.morningstar.com,"After Earnings, Is Meta Stock a Buy, a Sell, or Fairly Valued?",https://news.google.com/rss/articles/CBMiogFBVV95cUxQVlgyMThURHZxaE1uQ29FN3ZLbmU5cFFWa0hzM3B4ZmNxS1VoSmpDR241ZmszWWxFUERHbGNjZW15Q2pwTXlHaE1vZVVVaHNlTG8yc1VIdXhWRm9GaHZZa204dHduQ1lXb3V1OWdCTjEyLTJaajVQZlVoQWNFTDJyM2FoaGFYNEVHSHh4eUVRM2lsYWNfRDBQTFktbzNYeU1CREE?oc=5
2026-05-08 03:00,New York Times,nytimes.com,Opinion | Meta Is Dying. It’s About Time.,https://news.google.com/rss/articles/CBMifEFVX3lxTE1ueUVtdlhsclN0OFlDN0ZOdF95T18zNnpHVHE0MTR5b2FhVzB4LUJBZVdZQkhIMlZjc0ljeGo5c2xSQ1NtX0FSWmk5T282a1d5WjFOdDlGb09vTmRJdGhhYTNiSlAtdHBTVWZ1S21HY0xrVWVscVdFOU5feUo?oc=5
2026-05-08 03:00,The Motley Fool,fool.com,Why Are Some Investors Excited About Meta Platforms After Its Q1 Earnings?,https://news.google.com/rss/articles/CBMilAFBVV95cUxPSGhBWEozVjZKTVU0LUpOTlAybFJQRWdkZHFSOGJMNXppR1NVQTZGdE5iRjFNTHVYNlp2dG5ISlpqY2NuUXNLOHl4aVFDSlh0alVNaVJfRXh2QXN1b3VVX2o1dHN4Tmk3dEZnblNZS3JfbklYSjBvNGVtdlFqbm1BNEt3T0swSkNjcHdFTUpjSDJBbktL?oc=5
2026-05-10 03:00,The Motley Fool,fool.com,Is Meta Stock a Buy?,https://news.google.com/rss/articles/CBMib0FVX3lxTFBmSHUxNW1YNFlQdmVoRXYtdm9HMTF2VV9JeVdSTWFxZ2kzUm5QRmQ1UkQweTZ6QTNOQU1RRXZIMnVuSU1YVDhJWUc2NldhcGlWZDdydkQ2M0NHTDJTQ3NWTXcwMmZ6WV84ekZBaldUTQ?oc=5
2026-05-11 03:00,Yahoo Finance,finance.yahoo.com,Why Market is Wrong About Meta Platforms (META),https://news.google.com/rss/articles/CBMinAFBVV95cUxOWGJReGNCTUZXNHVaVy1mcWtOXzR0SFBHNDFUOXFTMzBYTFdOYndqZVFTeHkxUVozcDN6Zy1FNWFJR2Uxb0JUb05Bd3B0Y2FaSVBSWU0yNUVadXA5TUpXTVA2SGx2bDlGTmVUY3JpOTdGUllMbjBFMkwxMkFGWmU4VVVwb0VIU2FRdmhGLUtSUVY2OFQ0blVVRGVlQkw?oc=5
2026-05-12 03:00,Seeking Alpha,seekingalpha.com,Meta: Reiterating Strong Buy After The Post-Earnings Drawdown,https://news.google.com/rss/articles/CBMiswFBVV95cUxPMW05UGpHWnRWUXV4RU5IQU1hRmVfZnFYZVcwSUo0bklVS0lXQS1jZG9PbmRmWGdkci04dVVsMkc4b2JjZTl3bU96ZEF6X01sRzVvcnlIVFdWZC1xRV8tYzA4SDgybUtNUXhEMDF2akpuS0dOYkNWX1hXYjkzalVCb2RtVGNSQTdPNWZvZ2N4OUhZbDlhSVpzbFZmcTJ6VmVBci10SDFZUndoTGlxU3V1Q0ZDUQ?oc=5
2026-05-12 03:00,Seeking Alpha,seekingalpha.com,Why Meta Is My Top Pick: Priced For A Recession With Massive Upside (NASDAQ:META),https://news.google.com/rss/articles/CBMiqwFBVV95cUxQd1o2d3FWWFN6cDVjRExKeHhSN2F6eVp1eWNBSDR0MzdITkN1ZnZzVFB5NHh3aHA1WVYta3ZVZzQxU01ZWUtEQUFSQkhBWnBtaE5NUTI5R1VuQ0FPaGhHbTdFUlA4LXEtQUZGZ3kyeGdoZXFGVjFPbkF6WVBkNXBKOVEtdG01OG1kal8tNlNOeGdOTnpfczJLVldPMHBWa19scEFDUnNJclRKN2c?oc=5
2026-05-13 03:00,Seeking Alpha,seekingalpha.com,Meta Platforms Q1 Earnings Analysis: The Focus Remains On Serving Advertisers (META),https://news.google.com/rss/articles/CBMiuAFBVV95cUxPaGxRTDRoWUo4bDdoLWdoNW0wNW1yZ1F4MlFNWm5wUm0yQ0NnZk40TnlyR1A5SkJfYWVtX1JTNXAtSVNmZjRFaldXYUVzQnlzZDk5VzEwWVVtcTBVWGU0OC1Nakk1blZaZ09mOGFxR2lWSHNNTWZ6bGJxUnBEbnVlWENmc0VIN280WkR4SHo4LXVrWnJwMDhEaEVaZkpLOVRZb3BaNmhuWFdOclVzdXdweFg4VVFpa1ZW?oc=5
2026-05-13 03:00,Seeking Alpha,seekingalpha.com,Meta Platforms: Buy Call Options Amid Unusually Low Put-Call Ratios (NASDAQ:META),https://news.google.com/rss/articles/CBMiqwFBVV95cUxOQUpHVFk4VzI0bm9IYlBERWtUR2trY3U1OU9Pd2lYRHV1dGFJaW41UmNzWF9ScFo0SW9PSGZHbnVNeEpnaWRnUTVuYlhOVHdXaVRNcnBxUXNqRFJMQzVzbXh4VjVFUkdvc1ZjamdzYTBWMHVnRG90Xzh2SVQ0VDBMUGZUbHMyZkZjeDh3ZEljS0RsZXBPdVY3OGl2WGZkYmI2RWRNQ1pzQV9DdEk?oc=5
2026-05-13 03:00,The Motley Fool,fool.com,Better Stock to Buy: Alphabet vs. Meta Platforms,https://news.google.com/rss/articles/CBMikwFBVV95cUxNZzJLT0prNU1BbHNjNFVQQkVPbEJqT2Qxcm5GVjVnXy1nQXg4bHRQSG9rN3VJcTVvbHFIdV9hdzk1dmJoSEJfcjZLblFUU0hFekJyYmZqYWp2SUg4NUhJU25kaDBTTGdfMUlpTkl5aTBOaEFDMVJRTU54cWZuZWxXaWhaYzE1NEJPV2w3NHAtd216QTg?oc=5
2026-05-14 03:00,The Motley Fool,fool.com,3 Top Stocks That Growth Investors Should Buy Now,https://news.google.com/rss/articles/CBMilwFBVV95cUxPN2NzY1VUVXBEVjJSZmEtVWxyV2ZWNHpUS3Jid3pJSGtGeDNKRWJhWHJYaHFZMVp6TExtZGJfajZZcHlYV25SaWxBV0dpT0lhV2lLeV93aWMxSHhBYWp6R0hTTFpYOEExa1Bwa0pVVWV6NV9mQmMyaEtUd09mT2JldzBMSkl5dzV2UG5ZTW91WDE3T1U5d2w0?oc=5
2026-05-14 03:00,The Motley Fool,fool.com,Meta Platforms Looks Like a Bargain Right Now,https://news.google.com/rss/articles/CBMiiAFBVV95cUxPaGs2emY5Tzk2VlU4ejRNMnRubTRXRXRBbF9KaVZpZWczOVlHdkdsMmZJRlNLUzd5R0l6NVZJZlljS0wtcnNQVkZKaklOeEZwNUFYbU4ybUt2X3k4VVNtZndMOF80dlNyNUgySEEzaVQ4OThUUUxLbDQ4M25vRmVwV2hia1RuYWtz?oc=5
2026-05-15 03:00,The Motley Fool,fool.com,Meta vs. Snap: What Do Their Quarterly Revenue Trends Tell Investors?,https://news.google.com/rss/articles/CBMitgFBVV95cUxOaWVsMmNpSU9Za2JOZnNXX2lhM3ZqaW9iblo2aTRhc0VtcU95SDBnQjFrVHFGSFdYdWo5ak5XWkstaXVSWFpRV1FUV3BNMU5oMUxTS2loalVLaGZoUG95dzJpRTVCNlFYOWNVRm9LYXVMQmZPVWJRaldLTkNmYVFFaGVPaEtPR0s0bmlzZE9HbzNWeURrSFR3bzZjVW1XX3NJd1RzU21LYk5pcnFwWkxCbzctNVBKZw?oc=5
2026-05-15 03:00,TheStreet,thestreet.com,Mark Zuckerberg sends stunning message to Meta employees,https://news.google.com/rss/articles/CBMinAFBVV95cUxNbS1hRnVxZ28xY1hiMWZsZXAtUG80UDgzbC1ldDZ6WkIxTUdWS2ZYVFF6MzZReVEwUHlMVXowby1NUUtNU29XaG5oX1pGX2lRMkRVUTA5ZkZTQ29GakFqM2JoRF9TSmZRdFpIN0NBUTlaQ28tQ0RlTHZtb1BSMDlCS3ZDbjVVaG8wcFpvbFRrajY1MmFqUWNZaDFTbjg?oc=5
2026-05-15 03:00,Yahoo Finance,finance.yahoo.com,"Meta Platforms, Inc. (META) is Attracting Investor Attention: Here is What You Should Know",https://news.google.com/rss/articles/CBMioAFBVV95cUxQNkdjaS1IQXZSSGVpRjFKSEVZZDViUmtqNS1QazlNX19DLVFNbEI2bkljSHhmU3VVUDVaTVNGTG1IRWU3N1g5eVpnN3RVTFBBOXVpRDl0allFQkVRY2tSTkMxUnVmbFlST1RqVkw1Ylh1UG9LQVgxLWl3c3ZFeDN5Zm1aLXZjdjBYLW9KQU44a3VNcmVzZXFYU1NlWGxoTHFu?oc=5
2026-05-16 03:00,Seeking Alpha,seekingalpha.com,Meta: Still A Mag 7 Bargain,https://news.google.com/rss/articles/CBMidkFVX3lxTE5fNlZiZUhtQ2MxMlB0cHVnWEtjOUdHZ2NickpHRmlGSmdpenpmemxnbHAzWmR5U2JISTk2UWcxeU11WUc4bkN6OUJNOWVUQzdZMXVJT2Q0YzloT2YtSHNHampMdFFTT3hNTURRZVU3eFN2eXk5anc?oc=5
2026-05-18 03:00,Benzinga,benzinga.com,What Is Going On With Meta Stock On Monday?,https://news.google.com/rss/articles/CBMimwFBVV95cUxONjExd1AzRy1yZ1NLek9SLVoxbGFUUUhfZWgzR1ZoMUJUUG5PSWNvbm43dXNVd2g4S041UTNxWHpUSW5PWjVuai1rQWpCX3NPTzAwU3dEZjlvTzBwT2ttMF94NHVWSkZoT256UE5aVFJEMjJBTk5aQzBsZzRBT05yT2trQW1SQ0F2N3pIZ3NoRTA5UjUzSEJWQ2FQcw?oc=5
2026-05-18 03:00,The Motley Fool,fool.com,"Prediction: Meta Stock Will Reach $1,000 Per Share By the End of 2026",https://news.google.com/rss/articles/CBMimAFBVV95cUxNUWxIcTJqYng5a1hBUGtSbmlhRkdwajZjejVWT015MlhuR3BoQzBtOW9hRDBsNTNyYkwzMS0zbXIyMkhpcHdtQjN0V1hUd0hBNHlrZk1uWEhDTUFObURXeGtRQVE0cXR4X2p4bTF0UkU3UWg3SklPeEdXc0JISm9mM1ZfU3R6cEZzYVRJdTdBR2RySURGLXZtUg?oc=5
2026-05-18 03:00,The Motley Fool,fool.com,This Beaten-Down Tech Stock Presents a Generational Buying Opportunity,https://news.google.com/rss/articles/CBMimAFBVV95cUxNN05yTV81T2JpMEs2aWxWcThGUDRlYWNRQ0Jnd1FOVWoxa05pc3Y5QklBRWZiUElEODZzSWdYZXp2Q0RxMG42STVqSFM4UFJRZnJOWVdRYWFKRUhuZHpRY0ZCMkg1ZW4wbFlwZU9QRU1DRFkyQzJUS3Q3ZWNDZXF4WUl5dmhMNTJJOUIyam5FQ0dWTDRGUWo2cw?oc=5
2026-05-19 03:00,The Motley Fool,fool.com,Should Investors Buy Meta Stock Instead of Alphabet?,https://news.google.com/rss/articles/CBMimAFBVV95cUxNcjVvQWU2NXdNQlozQkI3ZEdXRmVtX2pyNzBBX2M2ZTNPeXBLSWFoc21POEdTc2dBSTZrRGltSThXVUl1UW9Bc1hYQ1VOZjEtdV91QTVCWEVVUjFaRmYySkJ0eDJZY25QOVhQU3dDVXJsSkl3N3VRV1JQRW5HSEh3MzhSTVRGVmhPdWZGQWViTVRncGZMa0Q1aQ?oc=5
2026-05-19 03:00,Yahoo Finance,finance.yahoo.com,Meta Platforms Restructures Workforce To Prioritize AI And Test Valuation Gap,https://news.google.com/rss/articles/CBMiswFBVV95cUxPMHR0dTk0eFZNM1BjQ1JZVlRDV2dmb1dJWVFRa3VMeEdIUnJCUkJNRm9IdDA5SWo4cEdfcWhFWGNpYWVJS2FIUWxvQ1lBMl9CRldXcUdyV2hydnFsZ082X1F1MDgtZFAyeFczUURDaFZOenZrVUM1NDFlVHBpQnZSR0ZZQ0Q5ZXdORUx6YkRfOFhlcUVFZFFxeGRrZVNRbUlVZDVlSzRFZm1pUFh5dDZZTzh6cw?oc=5
2026-05-19 03:00,Yahoo Finance,finance.yahoo.com,Meta Platforms Will Be a $3 Trillion Company By This Date,https://news.google.com/rss/articles/CBMinwFBVV95cUxOZktuZ3VaenU2VlNSdmMxWXRSUkJldUhmV29UVmNuM1d2SkN1Z3kwSTg0MElyRHJvUnJTSERLc3dVdmQxZXB2dmlpcVNNS3plcEl5T3FRdlBxV3NNcGVfMXlwQUYwUG9RMktPMGc5SVdYbkpyWjk4SExvRHh6R1UxdDhqNEdJUEhUOEplNW9fQ0Fkblg5MG9jRVAwMGlldHM?oc=5
2026-05-20 03:00,Seeking Alpha,seekingalpha.com,Meta Platforms: Deep-Value Buy For The Contrarian - Further Consolidation Likely (META),https://news.google.com/rss/articles/CBMirAFBVV95cUxNbzRCQjl3RXRBVFY4SXp2bnU0ZThYdmtUaDVLYnZCWGo5Szl0dl9wVDE1bVFQTUtGQTZsNzhnS3h1eXRxNUdCWlN4Nm1vTktPSGpDYV9VZmJmN05IRVNUZXZwenc4V0FoWldqU195bUE4WjlsdDk0WHdGaTJYTEJvcjRBQ3FHZFMwWHE1UU5TcWl6Q1FtcWJPNkF5dzJaRjBCM2h2QW1wWmwyOThD?oc=5
2026-05-20 03:00,Yahoo Finance,finance.yahoo.com,"How META Stock Rises To $1,000",https://news.google.com/rss/articles/CBMikAFBVV95cUxQd1BlLXh3ZExlMU4wRzlFVnUzWEloMXVGU0I1OU1CMzFLem9oWXpIejVoemZ3Y2M4OHNCQVdXZC1MNl9pZDF2SjA2ZFNPVGFKQVZ4emFHREVNQmRrRG4tLXk2RkgtcUFDWVcxV0IwU29XaGp1bDNkYWRaRXBvWTMzYnYzRmgwNmtFT1ZZQkQ2WG8?oc=5
2026-05-20 03:00,Yahoo Finance,finance.yahoo.com,Is It Time To Reassess Meta Platforms (META) After The Recent Share Price Pullback?,https://news.google.com/rss/articles/CBMinwFBVV95cUxQak0zRHV6bEw5UGJ0T1UtUFJyR0h5ZXJrWV9EQTlwcXRheHNCMXR5eE5hY2xDZVNqeFg4SE9kUEg1QmdVQVN5cFFGYXBQMmlWTFY5OHhHX0JnQ1ZsRWV1OUlpZDMxSURzajZFNmJ4eE8waEN1ZTNrYXR5ZGdoM3Q0TlBqMUNSbUY4cXFsWDFOcEctOWtVMTd1UkFaek90Y0k?oc=5
2026-05-20 03:00,Yahoo Finance,finance.yahoo.com,Meta Platforms (META) – Among the 11 Best Long Term US Stocks to Buy Right Now,https://news.google.com/rss/articles/CBMimAFBVV95cUxObFl4MDcxZVp1TG1LX2xqRFJoU3JFRVZDZXltNFN4LVdRenQycTU1dmFSRVZRaWN5c1pISUpUWmREMEpLdjBZanNVN3VaNUJfcE5nXzJIZ3V4R01HSzdudlltZXdXZ2FWNDUwQzllRHZub0MzeGNod2ZOd1poOXQ2c2JVRUg5RnhxMEVnQXA3WHNqZXdhU1hENA?oc=5
2026-05-20 03:00,Yahoo Finance,finance.yahoo.com,Wells Fargo Trims Meta Platforms Price Target to $765: Why the AI Infrastructure Bet Still Has Believers,https://news.google.com/rss/articles/CBMingFBVV95cUxNdnpHekNvS0l3LXY0ZU4yYkFia3dNbE0xamdQT3pZNGZXNU85MjVaYUk1SWhFLXh0NVVMR2tkQmpSeDBQRGZGNlRTRGd4Q0h2Q3Q4eWNXc0lCOHR2ZG9VRHYzWmh6YnNiSzlDVXlhYXRsQVdZS2NDb3VvWTdLYmlKbm43RW5FUU13UXRWdTNVSzhqX1JRX2liVURNWFEwQQ?oc=5
2026-05-21 03:00,Barron's,barrons.com,"Meta Stock Has Struggled, but a Recovery Is Taking Shape",https://news.google.com/rss/articles/CBMilAFBVV95cUxNVXJfckJQcktKRWZ2aVVkSFNzSkM0VlliQllRTFVKd3MwOU4zVDl2LThRT0ZnaFo5d0tnblBuSlJCTjN0akYyZ0FTV0dwR3UtQTJSUFlNTGNVc2o5U2FzbEplYlJGQ0VqRDRKVmdfLTlyVFBpQ1lfVkU4bzV5RWJUQmNOd1lSRWxJWldaS0pvRjRHbHBF?oc=5
2026-05-21 03:00,Forbes,forbes.com,"How META Stock Can Climb To $1,000",https://news.google.com/rss/articles/CBMilgFBVV95cUxNSVpQck5XcWlfQk1UMFBIY19FREdYV1VzSHdmZ01IeF9yTTZiaktfTTY3N2dZUDBaOTBnUklDMW5wMzIwYzl0c3pjaHU3TXFORGEyODZXYnkyLXBhemxXNDQ5Z1dvSldKbkI4eE1GeDdrbHZWOW9RTXVBNUl1bmxCblhzdTBwWk1jcGdZNDEtTXRxQlpjdWc?oc=5
2026-05-21 03:00,Fortune,fortune.com,Meta laid off 10% of its workforce as Mark Zuckerberg warns that in the AI race ‘success isn’t a given’,https://news.google.com/rss/articles/CBMizgFBVV95cUxQdUg4cjU5NS1mSmZSMkxndlF0VFFjYjg4bTN3V2xvWTBxbWltUHFfQ2xnSE5VMHVDdDlkZG1wTWo2LTJyVHpTLW9RZzdvZnFfRDhsZVkxcjlJeXUyQzVtUThLZlNMWjhIamg2SVgzMzlEZDdPN1l1T3h3MTZDU2NtODZOd1lRbml2V0U1akJndkpuVTZWdEk3QTRLWGdfdS04S2JjaFZxQmN5RDFwcUNKWWJVTUVBenE2ZVIxUjNRNGJ6dEJJSkV0Y2c1WlRhdw?oc=5
2026-05-21 03:00,Investing.com,investing.com,Meta Platforms’ 10% Layoff Raises a Bigger Question About AI Spending,https://news.google.com/rss/articles/CBMisgFBVV95cUxPWndxN0NQbXg3dDIzVGlBVHUwTFBfZUFYYk9ZQ1ZzOUlDc1JQZWt1Um1YQXkxVmFRRnZja0Q2Z2poa0E1dEhYODJVSkhhczM5WUJsU05zTWxuV0JtcWJNVVRoUjlsNUhoZjVWc2ZuMmU4OWdRWkRxUUVuTTl1cV9sQTVRQ2VpMEhUZE91UmtZbWxtQW54YjY5VFpKSnRVR2ZsbG5EUnN3alZnbWkycmY1eUZR?oc=5
2026-05-21 03:00,Investing.com,uk.investing.com,Wolfe Research reiterates Meta stock Outperform rating on valuation By Investing.com,https://news.google.com/rss/articles/CBMixwFBVV95cUxOU293dzR2QnBqQlRBZEFhb2RhZ2FsNkhVX1QtZVM4X0ZsZmMwY2RPLUNGOHgydk5hbEdPT3plbm5XUnNFbFo4TzJ4UTJLeVlNdk95aU1hTG9lOXFIWWFZVmlMU0Jkcms1QlBwX29QNUpKRTZKc0dHa2N5ZDN4eDZ1TE1sUVJoU0xIOWItTmRQUGRHM2J2NmYzUjZ4U3RwREVjNTlIX0c2MXZoRGxiUG5Fa0d5OF91eXFaS1BfMDVvVGpGOTQ2MXdN?oc=5
2026-05-21 03:00,Seeking Alpha,seekingalpha.com,Meta Platforms: A Call Option On The AI Race (NASDAQ:META),https://news.google.com/rss/articles/CBMijAFBVV95cUxNSWdkM2U1Y2oyTUEzVjIwbGhiR3ZFXzlWUUR3NTliRVFGSHRDMENyRmx3ZDV1UmFwb2FxdzlFUzdEQzEzV0hYQ1NDYzF5QkYyRmt3WmxnQUYxaXhTVjdadWpBb2VQdHNvSHJ1ZHo3bjA3Qk5MQ3JuYWdPZkhEWEdEa3ZVaGRUV1Y4WlA3Zg?oc=5
2026-05-22 03:00,The Motley Fool,fool.com,Is Microsoft or Meta Platforms the Greatest Value on the Market?,https://news.google.com/rss/articles/CBMilwFBVV95cUxNdGtKODhOa0ptZ2J2YUxaUFQ4eVJDcmM0ZnNKT2JDSktjeFJGeU53N3loUTd0V1VhdEN6WmZsR3NjZ0p4d1k4RExZYXVxWWk2akRZVG56TWpkWHY5MzlzREViSzlHTzBmSHk0bllNMmp3aHBCaVJvOG1OV3F4YURJcV9GdlJ4cEZJcnRMNnFrOGNKSmZTX2hj?oc=5
2026-05-24 03:00,Yahoo Finance,finance.yahoo.com,Meta Platforms Will Be a $2 Trillion Company On This Date,https://news.google.com/rss/articles/CBMinwFBVV95cUxPc21LNWJQcnNUYmd4LTZ3SG9tdHo1RGZnTVZIcXIxQnVUS1FjUWM3SmY1SmJ1QnhFSHY2YW9Vd3BqWm14NEp0UHVZY2lDUzFFQTVJRC1YemdoNEZRSlYwQnRvZWJRdU9DYW1nV3VDVkpuZWpJMUdwMnJSRWRSOWdOVnFCcFdxeEJKN3hNNEowa2dKeTdXSG9XYzNTNzh4WWs?oc=5
2026-05-25 03:00,TheStreet,thestreet.com,Mark Zuckerberg sends another message to Meta employees,https://news.google.com/rss/articles/CBMilwFBVV95cUxNa1BFLW0yTTJTeXJHbUhZYVN2S0RLRnZPUUszakoxcTA4bXFZSk1GQlFUWjAxU3pkS0pLbFZqcHQ3TEdRa2RhWVhDeVcxbTJuU1p2MGs4MjZLX2I1VThHdk1ZNHlzR3kyWjdnVUpMUWxXTGxBdTRCTXBJR0pYaWhaTG9PdFFudnBZSVVJNnBiSlFBNXByaDhR?oc=5
2026-05-26 03:00,Seeking Alpha,seekingalpha.com,"Meta Platforms Is Great, But It's Even Better Without Reality Labs (NASDAQ:META)",https://news.google.com/rss/articles/CBMiqAFBVV95cUxNLVJwSVlmYzE5VXloMnV5c1RnMVY4VUQyZXNBcjZJYmx6czhQXzFfRmw1Tm9MZDNfQVpaX3IzRTlGdmhvMjExd1Y1UHBXbUpyQkF0clR4S3pxSEZaVHRkeTlXT1phMFlqSzU0MERjcGRUa0ZhY0pvUnhNbVE3ZDlkbFd6ZTRTdEZCaGFYRWNBS2pUOTRscGVla0ZDWnZYdnBmRG1uTk9IbG8?oc=5
2026-05-26 03:00,The Motley Fool,fool.com,Meta Platforms May Be the Most Undervalued Big Tech Stock in the Market,https://news.google.com/rss/articles/CBMilAFBVV95cUxNeUxNcno3LWQ3RTZVVW8tVHFBNEktNXRXZHgwc05FT0M4V1BwVFgzWlFMNjZOQjNjVnFiMjg1cmNORXhyVFNNVnRLNFlWdmxaQXJ5VjhhNm1zTEQwZ0ZtU3ZWSEZiOVBmaG92R2ZFdFhrZElKdHVyZmh6ZUFHZUdLUUUyUXFCTHVaMll6LS0tdjNMWnpW?oc=5
2026-05-26 03:00,Yahoo Finance,finance.yahoo.com,"Is Trending Stock Meta Platforms, Inc. (META) a Buy Now?",https://news.google.com/rss/articles/CBMinwFBVV95cUxPZ25teUNadjZOcHd6b19LX1BtNEk4NHdoZnFlV3h3ZDMwNTJyTk1pRVdSVXAtRTZjYU9xOGVxdndGYkVhc0gzT1I1MWp4cElqMVJyZHN1WkVjdnhTLWowVzdKMm16M3VUWjdJVVVkUVE2dGVXUGt4QVltNDdaSHVlX0ZoeTYwNkM4RXh6Z3hLX09yQjAtdnhGRExlRm9oamM?oc=5
2026-05-26 03:00,Yahoo Finance,finance.yahoo.com,"Meta board member Dana White says Mark Zuckerberg is like Trump, Carl Icahn, and Michael Jordan in one key way",https://news.google.com/rss/articles/CBMiggJBVV95cUxNZkYtR1Z0Q2ZWMnQtTXJqcWZHRndhSXVZNE84c2pSWnZkUkNvMDlBbHdmSy1FVmxnWUxmQnBFc3NvdUFxRnpPMi14OHB4ZUFqNl9DcDhUNHNvN1RualFZZGN2SWJ5QmRET3VJczl0b3p5ak1QQlA4dXBDZFY0a21lZ1c1VnlKRnV2bzQ2amxJWHVuU3VRV1JySjVSWE9LalFqVmtFWGpiS3QyRlA1eUFnYkJSZDhpVE5HV0VOYkdZbXpUUWJDN0VHZXRUOHRqY0JsdURGZHNKdzRBZndBTG5vc3czY0gzUjJ2Si1GS3ZlSmdlcTJRdGt2SlhfUVp1UXlpeWc?oc=5
2026-05-26 03:00,Yahoo Finance,finance.yahoo.com,Wells Fargo revises Meta stock price target for rest of 2026,https://news.google.com/rss/articles/CBMimwFBVV95cUxQbzU5aDJOaXIweEgteTlNUU9XRUtCWHg4bnNyZkhscmZ2bFM1a0g1Mm9jM0lHOHBCbzh6VWh1d3JGMjBPb3FaUld4cUtOUXdEUHJpWVU3RndMbXhVbE5OUW0waGZERkxWY1Viem4tV05UTXl5bG15RTBxa005Mjh4cjNjMjFrdHhvOXJuR2Z6dThvSUVRdVV6R056VQ?oc=5
2026-05-27 03:00,Business Insider,businessinsider.com,"Meta wants some of that sweet, sweet recurring revenue",https://news.google.com/rss/articles/CBMiswFBVV95cUxNRjA5Y3pPaDdvRVVXMlBta3hrbXBPRVdYaGl1aVBRaElIcXpIUVI5d2ktUy1nVldsazdqN1NxLXFJVmNmQk5wNTFfem1PNmI4Wkw0YUdfVi1kQWYzTm9RSnJNbUVkalVGWjRDYzZ2TEhCc0ExdDRXZkRHNVRfNTBoYnZYcUxLNjZVbWNMSHZZX3l6WU13ZWRMOUlTbW5YT2pqU2JzNHVRMndpQnoyR2QxWWJ4WQ?oc=5
2026-05-27 03:00,CNBC,cnbc.com,'Fast Money' traders talk Meta's stock popping on subscription plans,https://news.google.com/rss/articles/CBMirAFBVV95cUxOSXotTGh3VjVDZnFOQXMtMlhOanh3R05UemgwNFJ6ck9rZlV6TzAwMkRmeDZLTjZSY0dTXzE3cWFGZHhHbUNVTVNmSFFUeDY4S0dCbnJIVGo1RlkyMlhJN0ROb3k4VEJDdzVoSS0tdHhZZHFpak5Od1EtcnVRUHJYeHY3dHlJMVlNSTlNajNIdVU5dmNVNXN1TXdkbWo3cVRVMFJIQkZYZnV3RE9u?oc=5
2026-05-27 03:00,CNBC,cnbc.com,Mark Zuckerberg says a Meta cloud computing business 'definitely on the table',https://news.google.com/rss/articles/CBMioAFBVV95cUxQMUkwTlNCTmRZa3pka1R4RS1HZ19URFh6cGVFRzhPeWt5R1lxT2ZXTEN5cjBIRGhtUVZxeWtuME9LWWZqYlI4R3hlT2JBSVhrQy0yNkF4TnlzSXZMSm8zdEs4T1AxREdacHpCN1BxN3ItSnBCYUJYd2ItVVdSTkpxTXNLU2tiUWtJeG1GWm9xbVFHYWVWci0zV3kxTmVCeWVM0gGmAUFVX3lxTE05aTVsRS01RTJtMVhqVGFXZktmTjFOX2IyV2dkWS1KdldTWWxKV1dpQjBlSXhmdF9lSm9iZzFpUDZyeXRBSU8tQlQ4SGptTjdHTENVTzdQRnhDX1hsOUJBNHJpd2VQZ1Z3NTZFd05OSU05SVBIR3FRZlFZTjRvdmVGMlVoUnZ0RFQ5ZnNkaEg2Rmh3dzJpMWtaeUhmQ2ppamw4bFRqcEE?oc=5
2026-05-27 03:00,CNBC,cnbc.com,"Meta's stock is not reflecting the revenue opportunities, says Wedbush Securities' Dan Ives",https://news.google.com/rss/articles/CBMiywFBVV95cUxNUEMydU1qdTQ1N3NHMFRleVltQW1pZmxxRU1EZzBDUGNxMXZ0Y1ljSHdMMGhjNUFPRHd1LWk1RTAxVUI4UnlUbFJXN3JOUDFpV1czZXlDcThzT1J0SjFpZEdpMzlZN281dWVZZV96RHFseTlWR1ZwLTNyN0RVN0JaeVcxSDBoT19QeF9KYlpRb0JYYjFIMVM5b2hkRXkxOG5fRmlaakYyX28zMUF0eTNoSkstOGRPNHhCN1BlS0w5UWZhenRxeTJ0SlJVZw?oc=5
2026-05-27 03:00,Forbes,forbes.com,"Meta Stock Jumps Nearly 4% As It Launches Premium Facebook, Instagram Subscriptions",https://news.google.com/rss/articles/CBMi4AFBVV95cUxOMnVHTU90Tjd6V3AyWlF5dWJ6amk1Tm4xMlB1RUREYVlpeWo0c3VvT0wtTmVkTmI0VWwzNjd5dDdUUU5RRnBLVU1LSHhmVTRsWXNNQS1EM255bkJaUHdGdThWblZJcnIzN0g2bEF4ejV3Y3dzakFFMDktS0t4WkxmTjBneGlfOEV5aWtmODl6YlVJVFg4bVJtWHU5X1RBNzFzdy1VRjZVVHBBYU5xaURRYVU2NDFCYmo1eHB0NEt5YUtoUE82RmhrM1QxWVZPVGttYld3NEJZaGt3c092ejdkXw?oc=5
2026-05-27 03:00,Investing.com,investing.com,Meta shares rise over on premium subscription rollout,https://news.google.com/rss/articles/CBMitgFBVV95cUxOMEtkSjA1bENLamhISGNXN2IzZDllWkZoYlc3cjNkWE5vR1JYajcwajZzN2xlcEYwU3NMTTVZMUpHRFZtMU50YXZmYmRSQV8tYXkyYkpuWU13MUZOYktObFhweEJ3aHg4eVhJZW8xWlZ3RmN5LVFlVzVVV0Y4SVgtc2tKQ0RldUtkS3BQUTdkcFg2X29pMERtamlHbk5SX2Ffc18yQkFwNDU4ZjMzcl9JZVlNbkJ3dw?oc=5
2026-05-27 03:00,Seeking Alpha,seekingalpha.com,Meta Platforms: A Tech Bargain To 'Buy' Now (NASDAQ:META),https://news.google.com/rss/articles/CBMiiAFBVV95cUxPYUJJY2ZEWDJoeGNEemZ6b1NOQVB2T29VcERCdG1sRWZJYk4xZzZTUXBSa0hFbGxLUXBJcmRYTjdpSHRxelczRWI2ci1Qd2tXc1prNThSZEE1NWM5M0hqNmdyZXl0dHdxRG1lb1JlUURHQnZaeDM5dFdZbkdVS0g1MGdDR0NyMHdP?oc=5
2026-05-27 03:00,The Motley Fool,fool.com,Why Meta Platforms Stock Was a Winner on Wednesday,https://news.google.com/rss/articles/CBMimAFBVV95cUxOQjhuSVhYVm1qbE8yTXMybnp6WjJXc0VtcGgzWjdWLUJ6cV9KNk1yZi13YmY3bVF6RElQTXUzeDV0RUJzMklXcVJoODYyZ1FQY0hZWENqZ28xV3g1ZGFxNk1hbjlhbk5TMVBXRHNfUXBhekVCSXZldG8tSDlqSnl0YjVTQjdqajlVdlNJZzdPSGtBbkFHTVpIYQ?oc=5
2026-05-27 03:00,Yahoo Finance,finance.yahoo.com,Meta Stock Is Rising Today — Is Its Reported New AI Subscription Push Driving Gains?,https://news.google.com/rss/articles/CBMingFBVV95cUxQZjVxSURvbFE3SEZ1cDcwM29TWGd2c2t0RWwza3RKUTBVSU90T09tVno4Wm0zblNkM2VHb1Q1US1PYnpKemk0VHpDNDk2V3RqeUZNVDgtX2tDYzQ3VHhnODlESzZGQ0tLNjFTYzVva1QtT0p0QjVYRklKV3RWOVV5dFZyamxrUnFBMkxJbDg2cHplaFFhU0dPdHN3S0E4dw?oc=5
2026-05-28 03:00,Benzinga,benzinga.com,"Meta Adds New Subscriptions, Zuckerberg Gets $7 Billion Richer - Meta Platforms (NASDAQ:META)",https://news.google.com/rss/articles/CBMiswFBVV95cUxNYmV5ckw2XzdMNGI1UTJ3cktmdEUtdzhXZ2pGNzNRUFpLTFdhUzBQWE5MTFF6THdMeFFYVENJOTNzaDRLTmRIYVY0TlVKUjY5YS1GRHFTeFRfNC1TNUsxOTVsRUtHNUtXaUUxdV81WXJkeS0tNjhZYkJSUG1BR1U1cHdKcExINXRsaE1lNnRhMmVUc3lHZWFPMERFLVVYb3dQR25ZQzRyVkgxNjZCdVJyV1ItWQ?oc=5
2026-05-28 03:00,Investing.com,au.investing.com,Why is Meta Platforms stock rallying today? By Investing.com,https://news.google.com/rss/articles/CBMipgFBVV95cUxNSkdOYVJRWldpdk4xQnBjczQ0QjFPNTlOek01Uy1zQk1UNFM0YUZsdnpJeGx4QWtIbEJ3T0NiZ0JsSVZ1YVVNSzh6RFUzblkzRHBySnVSdDZ3enhLbVlybU1Rc2poRnJ5OFdJSTBCTHB5Ym9TWjRqMzB6dGY1N0d4WjlmTU5KVkl3YzVoek1hMzJDZnZMOUNVRnR2OVByQzVyaklBYWZR?oc=5
2026-05-28 03:00,Investing.com,investing.com,"Meta Platforms COO Javier Olivan sells $892,764 of Meta stock",https://news.google.com/rss/articles/CBMiwgFBVV95cUxQWjBVMFZBRUhYdjhtNmFDOHN1RER1V3BRMkpncXNRbnFxZXg1RlBkUExBTVFwc0lHN2tOTHZSM3JLRy1ZcGczdWZKR0ZMT2JxeWJVNG9paDRVYkoybkJVVm9zek9ISXZlR0N4V3Vqa0dnSjJtWlVENnpQRFZPRlJTZzhwRVZnd0FwQ2xfVF9oeHdLWGJXOXJMQ2NXZ1JHRGNGVzh5dTU4STlTTkNVWnM2UHE5b0dxeUF4RExnLUg5dTVmUQ?oc=5
2026-05-28 03:00,The Motley Fool,fool.com,Meta Platforms: A Stock to Avoid or a Once-in-a-Decade Buying Opportunity?,https://news.google.com/rss/articles/CBMilwFBVV95cUxPS2RHTC1WUjhVQmlTSF9vZEx5ejVZX0RVM2R5NEhEMlk2NVZ4b2dJUHdhdTZfUk1sZUlTRVlSM0t6aXc5Qm5EV2dZZUFNbXBmVmRIOXpkV3RzdXZRZW5jcDd1QVRRTXNjblh0V09SandpYXNiWlpuQllNdHNjQnVYUnJfMGlfN0ZYWnJUOWhGcERsSEU2Vk04?oc=5
2026-05-28 03:00,Yahoo Finance,finance.yahoo.com,How Is Meta’s Stock Performance Compared to Other Internet Stocks?,https://news.google.com/rss/articles/CBMipAFBVV95cUxOMTByVEM1SnlwWHlndFM2UmdGamk5VzRySEdsa1JqU3lVZk9NYjVaS2s4djdOaDRnNl85VmtnTThaQmI4eWQ3UEFkVkxtNHRRZEg4Z0lPd3FLdTVxcE5yUXh4SW9BMHQxM3B5TWR5dGV5dGpxSWQ0TkZnV0FaNV9jcW9kRkhXajNvLUM0UC15V1FBYkVSNVNyQ3FZbnRMNmQtUExWcA?oc=5
2026-05-28 03:00,Yahoo Finance,finance.yahoo.com,"Mark Zuckerberg Celebrates Over 7,000 Meta Firings By Bringing His Superyacht To Seattle",https://news.google.com/rss/articles/CBMipAFBVV95cUxOWUstS1ZJUDRIaDdLY2dIRW12M3RWUGN0U0VFbWJCa3ZTWm5iY1ZnVUJXQV8xb3cxcmpuLW1oMmtOODlkOEdJYkp2VVJCZ0JVS0M2V1B0N0dpanFpdElxWV9MLThoVVNCbHFTRkpkZ2pMSnc5eXozY0FjTGt3MHBqZWhGWUhhYjNCMktmaXY1bmN4aG9VWlA1R3Z1dU42R1ZJV1pjSQ?oc=5
2026-05-29 03:00,Investing.com,investing.com,BofA reiterates Buy on Meta stock as enterprise AI push expands,https://news.google.com/rss/articles/CBMiwAFBVV95cUxQRFRwSTdweEZFYTlWaFU1cTBRR2YwTmRNQ3lqMEl0ZWdKdXRGSEgyTE1IUEQtRk15Vk52LVBrM1VnYWNMSjRlZVF0TUdhcFBxWmlGU3p1OGVKQzNpSngzWi1kTzcwR1NPYlctNW52dVplUWlfUTl1Q0R0aFNnNEhyRWp4cWk5YWZKUUY4OWEtcWx3My1GLXRIMGVrTk14M0xsR3FJZnAxWVpaQ05iTVQyYVFIODM3QUJBRHpNaDY0dDc?oc=5
2026-05-29 03:00,Investing.com,investing.com,Citizens reiterates Meta stock rating on Stripe checkout partnership,https://news.google.com/rss/articles/CBMixwFBVV95cUxQa2VoVmcySWw4SmRKSDY2OHRhNThRdW1KR3pkRVJZMUNqa05CeVp2a0dmdWYtRmtZTkRxN2FTQlFRWlVxNVhoMklJVFEyanNnYkowalk0RVN5bi05OW8zdFBFODd4RDBtX2FNUDN4QnF1UDJkc3hiVGZPMFU1SFhsbXlfZDZ4OUtlVzBwM09Pb1NPSE5qQkFXLTJmRGV1RzU5QUN1cDAycE5DZ3VrMG1XbnBMeUdfXzBLNnFOYWdLRXgtVGtoUWtZ?oc=5
2026-05-29 03:00,Investing.com,investing.com,Meta platforms chief legal officer Mahoney sells $1.27M stock,https://news.google.com/rss/articles/CBMiwgFBVV95cUxOeHZUYW91cGpMTUNfMDJQaDhZeVlXeHpfc1dHR3k2THRicEtPaUtCcWJjeDFmcUt4VnFCeGZNMncxcWlUc0RMVzZlOV9vZjZvSEw1d3FRMFVaZVg0ZVpKOW5SOGl5bDBDcEhOZ2t4NDJzR2pjMk1TU0hDVkV0NGxZWEhuNTF3RVpQZ0J0Ylp3aWxzQWVvcmtuQnpOelNoVFNFR0c3UTJaUkxUeHB1SkNSM3Q3ZGw5S2JEMEFMSHp0VnE3Zw?oc=5
2026-05-29 03:00,Investor's Business Daily,investors.com,A Strategy On Meta Stock Has A Large Profit Zone With Little Upside Risk,https://news.google.com/rss/articles/CBMiqgFBVV95cUxNLVdfVE1EcHdiZHlwU08zUDJDUE9heWprUlVxZ0NfaFQwWWlCMEFtZXF4X01hZHNDRjBZbGdhcDg0WThOX3pDcUFHTGdEQmthdldhMllTMlFmSUpzNzhKcmFoR3FBdHJoX0dQYi1QRmlxX2lwSmQ4OG40Mm5wbjNYOE9RczhMNjBhWl9PX09MMzVRRjlGc3R1REtGeVZ2ZzZZekU0akVwNFREdw?oc=5
2026-05-29 03:00,The Motley Fool,fool.com,2 Dirt Cheap Artificial Intelligence (AI) Stocks That It's Time to Buy the Dip On,https://news.google.com/rss/articles/CBMimAFBVV95cUxPOWV3blFRZjFPWmdIR0hZTTBLZGY5cGxlTVh0UnRkOVJKekgtOGdvU2pMMmFjZ1JORWZWZ3ctUE4wNWdOWUJMTDVFNWtPZUtXbS02STNfWTZVMDZMWkUtdzE1OE40Qk5NUzFLRXpOMFMxbkZOMUZMR1VpMHo5dDB0Zjloc2Vxc19qbHAtWUM0dHZZVGswZmw0cw?oc=5
2026-05-29 03:00,The Motley Fool,fool.com,Meta Platforms Could Open Up a Massive New Revenue Stream,https://news.google.com/rss/articles/CBMiogFBVV95cUxOMk9tUEpsRlYtQkhmSUVIOW4wWkhsRGpTLTdRbFFNTzlFY3VhNjVTWEszNmJaY3ZmZlhEWWV5UnV0Q2Vxcl9pTjY0MERSUlI3amRjWlQyZnFZamVtSlE2eGdPYndEQ2x6NEt6R0JxdnFwZ1dtREtmSlFySGxtVGp2X1N3VFd2X0x4aEJ6V2lTR3JpVk1Pc21pODZBMTdDakV5RkE?oc=5
2026-05-29 03:00,Yahoo Finance,finance.yahoo.com,Meta Platforms (META) Up 3.8% Since Last Earnings Report: Can It Continue?,https://news.google.com/rss/articles/CBMikgFBVV95cUxQT21sZVlsa0JTMGtCZXBZN2ZBZ2RvSlUtUmhjUVRNMVd5TU5uOGI4YkdCTlA5LW1hVXN1TTZlbVg1UENxQ0pxQWxTVm16bGZleExyRTdxMmR6TVEyd0VFS01GOC1BUnlLUmRsM3R2QmVkWFcxZmsxTmdiNWVDZS1kaHVrNXlwNlMwUmh5MkNOTGtfZw?oc=5
2026-05-29 03:00,Yahoo Finance,finance.yahoo.com,Should Meta’s New Meta One Subscriptions and AI Spending Shift Require Action From Meta Platforms (META) Investors?,https://news.google.com/rss/articles/CBMimwFBVV95cUxObElrMDFzR2dmOTI3b21lbW1YNnFLc1NLM0pTWDAtT0lFNlgtMk1vMGxVRWZUX1pkbGJvZXl2ZWJHaVc4QUN2UDEwT3NsaFFENjdJREpaVzJqc2ZPTlNEVWN6bTIxY2pTN3dNZzg5SnBsUmJVTG9oTkpES1hscEdmWkpWQkFKaDEwZnMwVVU3Ry1PeWQzdU1MR0JFRQ?oc=5
2026-05-29 03:00,Yahoo Finance,finance.yahoo.com,Will Meta Stock Hit $800 This Year?,https://news.google.com/rss/articles/CBMiiwFBVV95cUxQSzVhdUFwSGpyZkFBRjN2OGhZSG9fdzVaWVVsUzBqck42Y1RNV2k0Wl83TUZPQWhFTzEwNGE2bVNGN2dXeUhZRWQ2RVpYQWE0bF9lT3lWbE5ldVp3Qk5ubFJGVjExNUNuNFZkeDRSdVNSUkc3MlBQaThULUhrWXVqbzFydFpqNU1jQnFZ?oc=5
2026-05-30 03:00,The Motley Fool,fool.com,Is This AI Stock a Buy After Dropping 20% From Its All-Time High?,https://news.google.com/rss/articles/CBMilwFBVV95cUxPMkowNzFGc05XYU5CVVB4U3RoQkpzZFRmUEdKNHQxdjhCWVRvUUtrRmdjMUpIaHotS18yWmFhZmtQWE1JLVNGZ2VOeXFmaDI4RkhjYTc5TDVRdThTOExtdmFxaUZaTEFHX3pTc3VqUjBfTV9BWHlFSjctblc3czQ4eE9yNWNUejZUVVA2cXBSQ0tuTUVwcTQ0?oc=5
2026-05-30 03:00,TheStreet,thestreet.com,Bank of America has a stark message for Meta stock investors,https://news.google.com/rss/articles/CBMipgFBVV95cUxNcUhtZGg2NTBRQmNxYnBNbGlyWlV2VEtsdmNxSmRsZGpuT3RTZmNCcDkxbloyTWwtUjVjM29lbzhrQXlJeE5odEhLMG1hcFpkUEhfcExFR3Njd2tKdXdvYmFGZlpjN1dzN0JDbVNadS1tMVZDQUhXb2V2ejF0TW9yTXNLakc4QXhZZ2JIdnFCZXY0RWl6T3QzMWRncU5RNldqYjJ3RzVn?oc=5
2026-05-30 03:00,Yahoo Finance,finance.yahoo.com,"Is Meta Platforms, Inc. (META) In Trouble Over Financial Scams On Platforms?",https://news.google.com/rss/articles/CBMinAFBVV95cUxOR2k2SEQ4SE9DRVRDTVJfbnktbk1URTBzWWo2SzVrUjVhTVNQNklFSm5ycm85ZWJvSENXbEdCUk1vZTdIS1NNWndPd0hRUUthQjV2UVJneUZYR0tvc1NWdS1YNWdEbjlPNG50MkFHb1RlZFpyYjM5c19DS2FxajRZQ1FPUXdGMDdwcG5rNDF1RjZFcXlOWFVBVEhTS0E?oc=5
2026-05-31 03:00,Yahoo Finance,finance.yahoo.com,"Can Meta Stock Reach $1,500 by 2030?",https://news.google.com/rss/articles/CBMikAFBVV95cUxPcVlKLXdPakpwWTlfSm13SFhoN3Bwa2xZX01ydlJZbTlXOXFUZVBLZjU0OEJLS015RUFReFU0Z0NrWVAtenBRMGVqalB6YklYdXppNUc3UDE5VjFka3JoWnhiWGFRbGRQNzJYWDJaaHN1M0ZMak5lUkR3M2hsanpGYTZNM1VxUkpsRGxtcjBxdmc?oc=5
2026-06-01 03:00,Benzinga,benzinga.com,Meta Stock Is Dropping Today: What's Happening? - Meta Platforms (NASDAQ:META),https://news.google.com/rss/articles/CBMiqAFBVV95cUxPWFpGa3BHaDNHcUEyeGItNDA4RGdwNWJaWldxLVBhT2dUMEl3ejFHbEQwY0h4ODJVaE5uNTlsUlZuZzZHd0NoY0k1WkFFX3Y3dTVJRVc5aDBzU0FpMHR5bDhROVBsaU53TGN5SUNoREdvNWxhNGVyd1MzSG1UZ1kzOVpWM2FueDB2OXNodjVJZ0tYaENsTGhuWnM4RmZSYm9aT1duSjMyZzM?oc=5
2026-06-01 03:00,Investing.com,investing.com,RBC Capital reiterates Meta stock Outperform rating on AI opportunity,https://news.google.com/rss/articles/CBMiyAFBVV95cUxOVHp3S1padE5BQnUydjhTUEJBNkQ1V0taLTZ6YUYzOEF0anF2OFAxMDhmS0pXUVhsMjc3OWxBWGJLQnVpOGIybDhHbWpiRTVka3VvZFZMSzJnS1F5d3F1UWtqNFNyTUszVUVrMkQ3dDBFTTk0MXpCSFNfaVdDcG5nUWgxQnVsYXl6cTctcnhjNEFtMlh5UkZoY2phQ09UUWQ4V0JiUWFFT3lhRWlJekttLW1UaVkySHFleEtjdEZPMmFKd1hOeS1BaA?oc=5
2026-06-01 03:00,The Motley Fool,fool.com,3 Top AI Stocks to Buy in June,https://news.google.com/rss/articles/CBMifkFVX3lxTE9CaGF5cWZpMVIxcFdPLUU1OHk3RkZYM0VMU1hQbmdMZlRjV3hJRGpaZXYzaGlTaElRMDJicGdYU0JiZEVRcmEwd25nc3h0TlBFMWUxQmRIa04waU9BZnBMbEZwV3M4cERaUWwwMHR0ZEN3TjhJTEVNU2J0bXBvUQ?oc=5
2026-06-01 03:00,The Motley Fool,fool.com,Why Launching Subscription Services Could Be a Genius Move for Meta Platforms,https://news.google.com/rss/articles/CBMilwFBVV95cUxNMWo5c0RQOGNVMEZDR2R1U3o4SFRhOUEyT0txYmp0a2h6UGhPQUhxdEVXVzlmV18zSFdSaC1OVFIzZ2RUbFJGdW5jSGptQUs3Sk9ONFlSTExDUkZRdGF1VW9tS0JpZVNqYnZueVp6UmFJR3BnRFdvbjNOdkhQN2tBNW1VNU0xU2VsdXhFZXhPd3FPX0w5ZWV3?oc=5
2026-06-01 03:00,Yahoo Finance,finance.yahoo.com,"META Stock Still Trails Mag 7 Peers Even After New Subscriptions, Layoffs, Cloud Plans — Retail Sniffs Buying Opportunity",https://news.google.com/rss/articles/CBMilwFBVV95cUxQN0RtTHlyQ2QtRkhQTkRUaVNNV0dwWk1ELWxHUUdVQkU5cVFIcHo0cTlTaDVKa3ZqaWdzTmJnX184ZXd2SE4yVTFERy1ENzRsVlVOZzdzZzhGTU52ck5XdGRxQ0NJZXFuRU90eVd1RmNiSnJ3WDlOZElSazFZdER5Y0VicEJWNGtES2p2S1VrMUthMGotNWFN?oc=5
2026-06-01 03:00,Yahoo Finance,finance.yahoo.com,"META Valuation Remains Attractive, Says Wolfe",https://news.google.com/rss/articles/CBMipgFBVV95cUxNYkdLY1NXQUN0SWtoY215bzJBUnBEalE5RjMzNzBjYTRGS1pYSFdVczhYMW1reENaTFZuMVFuZ2FNVUtKYWtOY2RFWWU5VVFNVGxBb2VHT2VzRjY5aHNIM1M4V0h5YlE4TFAxTG9yTjBILTFPUnJWLVNPcWRadDVrc3ZaZnJRNXNjV1ZlWXp6bTNIOUpTU3Q5bDFGcGJEaUtDdTlfdGR3?oc=5
2026-06-02 03:00,Benzinga,benzinga.com,Meta Pushes AI And Subscription Revenue To Diversify Beyond Ads,https://news.google.com/rss/articles/CBMitwFBVV95cUxQUGVhZFhsUG1nUG83TGlmRWFZSmctYmx0Zm15RHlrc3pZcTZpNXduYmdpSDM3THBBSFZOMEdNc0Vtc29JV0JTX1E1MWZZSkg5b1Iwb2ozUVdNSThhQU95b0dKTk82b2NGX3FqSlFIZWZHemFNNW90ZzhoTExaTS1aQTFHR21LNldFeDlVMnFvQy1UeFlFLTVsMzgwb3VFa214MkIwT0IzOFdIWVNaSDlPdE1Qdm5icW8?oc=5
2026-06-02 03:00,The Motley Fool,fool.com,2 Growth Stocks to Buy and Hold for a Decade,https://news.google.com/rss/articles/CBMikAFBVV95cUxNb2k1dTZOc3lzb1VjUlNUcTlkbm05UVlhVGYyek53SG8tcjJIUXZNcFk5eFNzRWluTUVnNDFDTHJWQjJUb3pyNUh0Q0J0cWJQMGZjc2Q2Tm1aQ1pYakhQV1MtekVOaHhUNXdWRl9iUnAwUTJmcGlabHVURGkzZk50c25vRG5PYVNYT3NkNVlCcUU?oc=5
2026-06-02 03:00,Yahoo Finance,finance.yahoo.com,Is Meta Platforms (META) One of the Best Stocks to Buy Now for Long Term Growth?,https://news.google.com/rss/articles/CBMimAFBVV95cUxPdllweDJqaHk5N25QTG8wcFJnakhkYkxUZU9rVGhJZGV5VFZwN2FKZ1ZTSnhFVHBsTVN6YUMyWkpScy1DTm9Jay1ZNmdHWXhETXNFbEVxQWIxXy0tWjVkc085cDJTZ3d5bzhXV252NUprdFYycHZQLTFQWURSa0JhWmd0UHFpd3hheFYtaFJVSjBZaGU0VFFVLQ?oc=5
2026-06-03 03:00,Barron's,barrons.com,Morgan Stanley Says Meta Can Win AI. The Stock Still Has Something to Prove.,https://news.google.com/rss/articles/CBMigwFBVV95cUxOeURvNTBBMnF2ZXRTODBQTnBVMnh6TkhOakdlT3dDcGs0LWVMM0RoS3J6SWE1anUwbTU3SnFtalhNY1FWVjF3dHZhaGlpQV9NOXU5Z2M0bFljOThma3dZN05HdnNaU2tfRkM1MVU2ejNvc3RPSkduRG5xdUdtc0ZRS0kySQ?oc=5
2026-06-03 03:00,CNBC,cnbc.com,Meta shares defy tech weakness thanks to an update that fights the bear case,https://news.google.com/rss/articles/CBMiswFBVV95cUxPWXhSU3Q4UmdtaHJSc0FCUTJINm1YQm1Nd2F4UlFNbktnWl9RVXN2dG85S1V4ZXBVQ21ibXI2cWhsZWJmVTJpY0dkRjViVVl4YWNzV09weVViLVJSbGp5OURVbXVReEk1YjRoakFXXzFqbGRRMTNOanlWRlhza2FwQlZwLThYa1VlVzdieVpQUGZpSGoxaTAzVjR4cnRuZF83U28zTW85LUgyR3o0WTZKYXczNA?oc=5
2026-06-03 03:00,Investor's Business Daily,investors.com,Meta Stock Is Lagging Big Tech Peers. Here's What Could Return Its 'AI Winner' View.,https://news.google.com/rss/articles/CBMijgFBVV95cUxPT21SY094eTVQRG5HZnFwR2xXbzBHelBmWDZ1WjNpWWJHTV84VWthNXhBelpmRVpta29ITkRxQXktZ0luOTBKN3VycnpwSTVjdGVKWjNNeW5Ld3BYSV9LMHhtaXdmSXZJYXZhSE8wTlVkSThMR3pWbGVWOHdNWDVQeVJuRk1tSUdIRlQ3WHVR?oc=5
2026-06-03 03:00,Seeking Alpha,seekingalpha.com,Meta Platforms: The Market Is Missing What Nvidia Just Confirmed (NASDAQ:META),https://news.google.com/rss/articles/CBMipwFBVV95cUxQTEFKY3dpWWxKcEswQ0VxT0Z0c2w1MWR6bWVyc3lKcnoxMHh6UWV3bTZPOFF6V0hELVN2dF8zZkdzbTJLU3hpSUpCaGQ4clgyNlZIVHM5blZEYm5mVXhpem1PSVRacnFaZFF0QlFPQ0FYLUxjd2YyVU1wWURGaUdETWNBMXNUcFVqQ2RXUlh5cG5XNFIwSHBXdUoxNG5jSnNFUTdGNmd6MA?oc=5
2026-06-03 03:00,The Motley Fool,fool.com,Is Meta's AI Spending Spree Reckless or Genius?,https://news.google.com/rss/articles/CBMikgFBVV95cUxPaWFvVk5WaDRnSndIQlU2WTZlVlR6ejdfSUY1WWFuVDJ0QXRBSmlkeFA2ZUhmTDFkMDV2RnI3dVhESWlHZUwtZDllNU5BWW1BSTZQWnllM0diOTNjckhtb1lDZXllaldIa19IbHlia094TWFMTG42UzlzcDVCWFZQVTN0Q0lDb084U1RtSUZERjlmUQ?oc=5
2026-06-03 03:00,The Motley Fool,fool.com,Meta Platforms Just Hinted at a New Business Unit That Could Generate Billions,https://news.google.com/rss/articles/CBMilwFBVV95cUxNYXV0MlhpaUtjbE5seXdVRkRJdUVjeWt3dlVBcmxZUWY5cVlndlBKZ1N0cXE5MXJLZ2FwdmZGOVZqelZ3RzdxVzJhai1rUXNvbnNlaGZZQlhaVUFMSy1BSWJfODJTOG1IdkZ1RWUxbjZmWnpoWloyWDFvLWZzdTdyTGczQVJvZ3Z1UExFTzJtTHhpZXBwem5J?oc=5
2026-06-03 03:00,The Motley Fool,fool.com,Why Meta Platforms Stock Crushed the Market Today,https://news.google.com/rss/articles/CBMilwFBVV95cUxQSXRLbHFpcWdGeW1jWVdyLUNLbEVrVnlQLTNKcjUtaTZUMjZONTh6NWlESkMyd0p4bElndGpNdTZ5eE1IdUhiTGhwcTh0ZnN3ZFN0OXFEMmNjelNYUDktV0JDenZuT1Uxcm5QVzZxS0xPcEI0cjhEQ3g2M1EzeWRFOUJzbHhGdHVLa01YUldMMnIxek9QQUU0?oc=5
2026-06-03 03:00,Yahoo Finance,finance.yahoo.com,"Jensen Huang Praises Meta, Says ‘Nobody Uses AI Better’ – META Stock Rebounds In Premarket",https://news.google.com/rss/articles/CBMimwFBVV95cUxQTUFkWXpwV0gzdzFJQnplcFFySUJMRVNuN3BxVFlGMk5YR1lLa3dDc0F5ZlRTbk53dXJQWGJIUks3b0g3M0pfOUlxUnpBSU5lT1pweVpzX0Rub2Z6ajhtaVk5dm45T1JiNDZRajZTTVhWclZ2TUZDTUpBenpzYlRYRVlUZGczSDNYV3ljSC1IMVlIazd0MjhRWGtLVQ?oc=5
2026-06-03 03:00,Yahoo Finance,finance.yahoo.com,"Meta (META) Stock Trades Up, Here Is Why",https://news.google.com/rss/articles/CBMilgFBVV95cUxOSjZSdEVwQ3VlcVROZEF5V1VEbFZXU0xWUG0xTEdnWk51QWJEX2ZPYjhEVVFWRHFuVlpEcUFUa0NtYWF1NHVMbWg0MFlEbFprYlJ3Qm5TTFV5bmNtbFgzUDNaVUlvaTdNVnZPVmRHcW11MTJyMWQtaEFCRzZ2ejVaZU1wV3NMci0yOUdhNzFvWFNiTkhnSGc?oc=5
2026-06-04 03:00,BBC,bbc.com,"Mark Zuckerberg's longest-serving employee on AI, jobs - and her boss",https://news.google.com/rss/articles/CBMiWkFVX3lxTE8tYzFpdVZLdWdTRG1iWGMyNjRsZVA5SU13WTVISS1mWWxFcVNncEVrUkZQMi1laWkzN25wOXJ4dDRZdGdETjFOS3MtbE5ZVkhmSG90bFZDY0pvZw?oc=5
2026-06-04 03:00,Investing.com,in.investing.com,Mizuho reiterates Meta stock Outperform rating on AI monetization By Investing.com,https://news.google.com/rss/articles/CBMixAFBVV95cUxPSW5pRGdzNmpZVHh0U0tDXzlaS1VZdkh6TEFpNEUzTDJwVW5UQnh1SThMMWVLN2hjM3ByUk5FMFFock1uNkZRYUNWREFVdnNYeVhSTUxqZXRHNmJFRkdjR3AtSlpjWUdpNXNXLVFSNFBJdG5ZWVY4VHBJUmVESnpJdU9PQTA5bWRsdkFLc3FMYXM3cXFJS0h3bHVmMUtWLVBoSXl4dnpZQktrVm9xRTMzRkl4S2tCZEltN0lBbmlheVhtQkJt?oc=5
2026-06-04 03:00,Investing.com,investing.com,UBS reiterates Meta stock Buy rating on GenAI monetization progress,https://news.google.com/rss/articles/CBMixgFBVV95cUxOaUpUeDItT1RQSXJwX2ZZZkY3M2lTckRNbXlKU0FDUVhCeTFEeHVVU2wzZVItVmJ3NENCV25xYWoyY0NHbDFYcnZMYzNxZ0U2X3pfLXFmVHdmVmM4c01vbWRaVlEzdUlsaWpLTkp6bjZMLUZzVVY1OWtXYVU1aS12VTJzQkRZRjBVLWFvNTNTOUJ1OU40dHU3TmNScS1Mcm9YaUxlUGE1MXRrNkx1bkptcVpxY1o3OGRueFhWZ2FWQ2U5SFNSdXc?oc=5
2026-06-04 03:00,TheStreet,thestreet.com,Mark Zuckerberg gets real with Meta stock investors,https://news.google.com/rss/articles/CBMikwFBVV95cUxOZE84LUNXVVJ1amV4a0pwMnlENnU4dFhZcWU3d25teTczVzRuN3VMSjVvY2ZZX3QtcC0tSXhzX3FIQXFrczZXYkNIMmlDMllBRmZOWWJ4akNVMWxQUy1qTUIzdXUtSTN1bmhqdHlIeW85cUIxa3FHNjdzMHZIQ2ZlWTAxeHQxRnRObG13T2s1R3NUWTg?oc=5
2026-06-04 03:00,Yahoo Finance,finance.yahoo.com,1 Big Reason to Sell Meta Platforms Stock Above $650,https://news.google.com/rss/articles/CBMikAFBVV95cUxNN2VqLW9FTG1fTmxnN0c5dnNfQjViWktBTTFLUWU2ZElxMWdQenN1WlQ4N0xaUlpJbVVHeE5VdGVyaE93bTN1QTZIQUl5eXNjVjFVSFBsXzF3Z1pVeUNrX0JvclY1RFdhQ09lbnBMcWN1QjQ5di04UVNfb0NoMDF2ZWVtd3dyR3l5RjZwWHJJc2U?oc=5
2026-06-04 03:00,Yahoo Finance,finance.yahoo.com,RBC Capital Reiterates “Outperform” Rating and $810 PT On Meta Platforms (META) Amid Explosion In AI-Enabled Entrepreneurialism,https://news.google.com/rss/articles/CBMiqAFBVV95cUxOMG1ZYmZ1UjVfNGVoZno3UnRfQVVMQ0JTWmI4NDJxWnRMT2QxRkxWQ2tqbmVTUW45YVFVRUVXVTZ2VkpNT1RTLVN6aTNELVFEX1E5emh2cWxxYVB1dmYwZDZ6Q0RMV1BGOFlmODdiYmFLUHRQOVdRSFRpN21xMWJqR1A5VTFKSm1mUlRBMFRDaS1qbUU4dlZOZ1pHYWtnaVZKdVkzOXhxeHk?oc=5
2026-06-05 03:00,Barron's,barrons.com,Meta Stock Falls. Is the Facebook Parent Following Alphabet’s Playbook?,https://news.google.com/rss/articles/CBMifkFVX3lxTE5oRHlsS0dIVTR3MXJzeGZTNkFBQVdYeXpreThTNmNmNFFSSk9sLVZDamxtNXBaWjhCenZfb2VGNmU1Wi1KZkJNaEM2TXdQZTREYmJUVmViZTVwam5WM3RSaTFiU2hDNzNNRllmdUthRFFDNDJXZXBRYnI2TnFKZw?oc=5
2026-06-05 03:00,Bloomberg,bloomberg.com,"Meta Considers Raising Billions in Share Sale, FT Reports",https://news.google.com/rss/articles/CBMiqwFBVV95cUxNaFhZRkpXQnBRajRLWmNWQkFCZTU2T2UzVXZOS09NRjFycU4tcXhjc00wbEg5ZDZsOTk5azlhYTVZWU05ejVIMUJjM1FMRjNBU1Z6Sy1rck41Mk5JdWxKdjlwTWhid1pTRnNsbXlaWVBCYzJ5cWJlZFd4aDhCUjBPXzNnUkRERUI2R2xmbHp3bGJHeFk3bnY5LXdpdVNqUGotQWtfSlREUnZWT0k?oc=5
2026-06-05 03:00,CNBC,cnbc.com,Meta's stock sinks on report company could raise tens of billions of dollars to fund AI push,https://news.google.com/rss/articles/CBMiqwFBVV95cUxPODJGd2oyUG5fejVSWndYd2pmNkRheHVBa3p3SEhGVnlsQmtVREpFZl9DZG9Dem9rQVhhZFJUc0FKMzdnd2czTVBZQ1FJemd0aE1JQVFrdTJ3MXc4T0p2VjRZY1hoUVFzUjRJMW5zMnFRUTNkYlBweTc2UjliMjJPVHpRT0VvWVpaYWJveG5OaGFNVXRNWHoyMnFzQzhuSklRdmJKNGJadXU1alXSAbABQVVfeXFMTkdiaDVRa0VLS0gta2tQc1ZwVFBzSWZWT21UR3RUWS1FdzdqMnNHWnVhNzd1ZzJkdlhFZnB5MlFvMm1Yb0Jic2FSTWY0emF4SVByMVhLcnhSLXZxYmlzTmUxczBJT1lzRVhac2d2U0ljRkwyRUtOWUM0UVhtNVdkdzlLTkdZMGVRb0w5V3RGR0o0TUpGRVV5aVdCYnVkQU5NQ1RuQW1xbl91clhaNjZ1OUY?oc=5
2026-06-05 03:00,Investing.com,investing.com,Meta stock tumbles on report of potential equity raise,https://news.google.com/rss/articles/CBMisAFBVV95cUxNTXhUejZWYV94T3lMNmdfUUozXzRDRUlIdVExbWUtMlhjMkgtNGhLYmJtYUVObFJmbmd1aUpEdVNrMzZZZUNaSWtiQ0RFcVFKc1dGUmMtM2dKaVlmamZvMTNncGMwOTZBd3pKRHhCclE0LTJpMWgyaUREUlFtM0dxMXJOQ0N6QVFpamdqYzFvMnhBbExSekVMTjJVUnJSd2dhdFI5eG1qamRBUHYyZXhlMQ?oc=5
2026-06-05 03:00,Investing.com,uk.investing.com,Why is Meta Platforms stock sliding today? By Investing.com,https://news.google.com/rss/articles/CBMipAFBVV95cUxORU0yZzF5SWZjRjhjeVBoUWw0S2J0c1U1WVdXeUkyTl9XdWY5WS0yLUYwLWdUdGJUU3RmaGN3a1ZMclVidDVmdXFJeDZtZVF4aEhEamQyVnNWS1kxa0FXTlVnYnI5eDMyN2dITThqbWNMUDFCMTNEOWJ1QU1yVm1BeTdCYWlTSEpyTWxOanR5eE9xbFY2VnI5bklrVEplNU1ZTGE2VA?oc=5
2026-06-05 03:00,The Motley Fool,fool.com,Meta Platforms Is Down 21% From Its All-Time High: Here's What History Says Will Happen Next,https://news.google.com/rss/articles/CBMimAFBVV95cUxQdzFLX0I3TTdHWmd4anNMa3BwM2VFSk5WSGZqbDM1VlJFZDFTcXJ4cGVZR29XUUVkcEtjZDQ3MmtyUWR4NGFvWmZHUWRCX055X29DVVlaN2pEN05Mdk50NmJHbkVRSWZDR3pGa0haSnpQcVFNb09sX2VzQzBOUDVGSlBLV295REl3dU43QWJ1M0NCOWc4RjV5WA?oc=5
2026-06-05 03:00,The Motley Fool,fool.com,Meta Stock Fell After Strong Earnings: Is It a Rare Buying Opportunity?,https://news.google.com/rss/articles/CBMimAFBVV95cUxORDAxNkRjOWstREpLVi1zRF9TOGJ0R3FkQkxXN3loMHFXcjBsaHJPeHROdTdJazlaMElfY3JwM08wZUlfUERsZXhyNkVkYVV6NHl5ekJjZEtVbFVWM0M2UGNlV21saTEtM05wWXZCUWFTUk8tY28za0FwNzZfS2NaWnNEMml6eWRCV0MycnJ4M2FxN3NNdnZVaA?oc=5
2026-06-05 03:00,The Motley Fool,fool.com,Meta Stock Is Getting Hit Hard. But Where Will It Be in 3 Years?,https://news.google.com/rss/articles/CBMimAFBVV95cUxQWHk5ZWtXc0Nhb2NTMkp6aFk5WV9ndllkWDY3ckFDWTVWa3ZkTC1MMVBEUUVzY0VxWnh0UVNfTDRNQUswNGlqQ0hCTEdVX0Vyc3A4em9WcnlEWW9YejRNbVRsd0ZwT1duZkNRM3dfLVVibUFxUXRXWXpuMHZ2N2V5S3h4RDdhWE1oMHA4Z2FJTk9aN0M0M25heQ?oc=5
2026-06-05 03:00,Yahoo Finance,finance.yahoo.com,Analyst Sees Multi-Billion Dollar Potential In Meta Platforms’ Subscription Model,https://news.google.com/rss/articles/CBMinwFBVV95cUxOaDI0SEdSdjd2dXNKa3BXMl9DU01SNU55em9Db2liaHIydGtzOVd5OEVhTlllV1ZpSUZqV0p0U05TU0pNYU5LQVlpbnpoa05SdUhGa3lvbWdGVXliT2hBWi1DMF9RSmg4bFBuOEZlc1VTM0xVUldoQlE2Nmk0SUYwSzdvWHNEZ0ZJMk9rV0pobHotQTRaRGtGSlBDalBEWHM?oc=5
2026-06-05 03:00,Yahoo Finance,finance.yahoo.com,META Stock Drops Nearly 7% In Afternoon Trading — Here’s What’s Driving The Selloff,https://news.google.com/rss/articles/CBMilAFBVV95cUxNYkJpNGN1QkxkYWxMdGtxcF9mQmlXZWdMdFFaQkcxNmp2bmNIdkVZQmN0RE5KUmJDNDB4cktHNUdfYlZ0TloyTWZBU0JWSW9SMlp4empqY2tjTTl6d1daV2k2Rk9TQUR1ZXNvZ2p3a1NKei1UbUx1OVFGTThMYkJsWFdpaG84dTMtNmxrSkQ0cXFEQmYx?oc=5
2026-06-05 03:00,Yahoo Finance,finance.yahoo.com,"Meta Stock Turns $1,000 Into $5,300 in 10 Years But Did It Beat The S&P 500?",https://news.google.com/rss/articles/CBMikAFBVV95cUxOZ19DRlVaeEMtTmk4NzUxXzNoUExwaERBcUhMeC1mVlRwVFRJZ1Y0NlNGTi1jVHdGbVZjMFp5OUpOb0NGNTFCcnJWclZtaFpiVDk0VFlNMm5uQThmM2dmZE0wV0VBcUU0YzBycGdTX1pVRk9iTkNIRU5QMnM2eGc0V1JXN3JZbWtHR1dXZGR2WlM?oc=5
2026-06-05 03:00,Yahoo Finance,finance.yahoo.com,Meta stock sinks 6% on report of stock sale,https://news.google.com/rss/articles/CBMikgFBVV95cUxQeXBYTHRnWmk1YXRHbEJ2NS1QQzB4NHlYS0FabW55T19XT2c1RE1LU1o0a1p1N2R0M0RMTjVSYnE1VUVSaE1VNHFIb2FyNGJyU204OW5WemtNNEV0NzFEZ0Q3TzBlbTF1Y2cwXzdhSGpsNmoxX2RmY2NGVjBDT1lGc0xYQUxTUDk0YWozYmdoUHlydw?oc=5
2026-06-06 03:00,The Motley Fool,fool.com,Billionaire Daniel Loeb Was Buying 3 of My Favorite AI Stocks in Q1. Here's Why It's Not Too Late to Buy Them.,https://news.google.com/rss/articles/CBMimAFBVV95cUxOTno2NW14ZU5jd3kxbEdidWloV284OUYyM3JWOW5XcmhpdE9BOGZMUnhhWmpfa24walNjbjcyejB1N3VlMUE0cms2dWVXMEJaNWZYR2pjTll2cG9KNWRja0RYSnB6Vi1sSXdHbjdDaFFPOGd4RkJDQjF2bDBVVWdKalUxeWoyV1IzZk0zWi1WSWI1UHJtUFBJcg?oc=5
2026-06-06 03:00,The Motley Fool,fool.com,"The 4 Best ""Magnificent Seven"" Stocks to Buy Now",https://news.google.com/rss/articles/CBMikwFBVV95cUxPTkI0QWlkekZtYzhyZUFNdTlBbTU3S2JUWnEwT0laWVFMM3YxZXdvYnZNSDZyYUVqS25mTWM3d3VDSnpFWmZ6ZFZOT1o0Wkg0a1dVSXB3d21tWllmTm8zVXQ1ZVJIZ3NSYS1ac2tzM0NDMUxPalJCcGtsbVA5R21CaURqLS1pWFhTVmFyOTNtSlhPTmM?oc=5
2026-06-07 03:00,The Motley Fool,fool.com,"Got $1,000? Here's the Tech Stock I Think Has the Best Risk-Reward Setup in the Entire Market Right Now.",https://news.google.com/rss/articles/CBMimAFBVV95cUxNeXRZdlgzR3lRZmkxSGpNdlc1bm9ya3BQazJZZFNaRHZKeG1LMnlxYXFudi1HMGh1NzdZZk8ybGNRcjJnTVBSYXB2QWpiSzNWSjVpYVF0bWdYMGZnM0FSSHlYdVJ1bHRqam1JVGJINHd3YWJWWGctcFF1V1hYQUt5andrd2RtRHFtcFFtMmZVRDg4UXpsNTNZeg?oc=5
2026-06-07 03:00,The Motley Fool,fool.com,Huge News for Meta Stock Investors!,https://news.google.com/rss/articles/CBMigwFBVV95cUxQeWR5dUROTzVHNzhFSV9rOEpGTDdTWUNHNEpfUmVvcjRMTG1sVElsMUZHd3NBcHVPeEladThhOE85MUFjV2M0MjhMSU4xQTVmcUVDbVViTVQ3WW5fdEZWdUwwcmJMcVZvWTR5NE5nLXJaa0tHUXZLVEtoOVA0RnlxSjRKdw?oc=5
2026-06-07 03:00,The Motley Fool,fool.com,"If You Invested $10,000 in Meta Platforms Stock 10 Years Ago, Here's How Much You'd Have Today",https://news.google.com/rss/articles/CBMikwFBVV95cUxOMlN6NTlxZkc3SmdvaExaMXYtQ0l4M2ZRYnFkZGRYOVRjZUR0a3hEaTJWOHZ3MmM0RmwxaEdUbVlCb01WV01mLUZyWk9BbmF3ZlNQUWFJd3Q1MXN1bno1UWpMMXdybFJpdWgzcnFhVHZsYTJSTll3SmVlUldXSHdwVzR0VVp0UHFzR1E4NW4zdi1zb1k?oc=5
2026-06-07 03:00,TheStreet,thestreet.com,Mark Zuckerberg and Meta face first tough test after layoffs,https://news.google.com/rss/articles/CBMingFBVV95cUxPZFFXZzcxV202ajNEdG9NTnZaWW41cE9ETHNPSy02dWppd1RyMGQxTFhkM0xqbEVLazdFTjF3SG9iZXF4TUFIdTNsU3JHOUVBSU1xaWlaNzRmcngwY2V3M2dfMXdBNl9RRVdJUExRdU0yT2tmWmp4MlhqeVM4eWdLX29CT3RVUUNwTmJkcU9MVnVreE54OHd4NU83RzdEQQ?oc=5
2026-06-07 03:00,Yahoo Finance,finance.yahoo.com,"Here is why Meta Platforms, Inc. (META) is among the Top 10 Stocks That Members of Congress Own",https://news.google.com/rss/articles/CBMilwFBVV95cUxQZnFrU1VVTHBaUEZNamdqU3FCZXg4SDRmNWtBSHBCMG5Rbk9OSU9EVndJc3NxT29JNEN4RHlnV2J3bDQwTHVubnNiYWNCdHpwajZVSUp5MW1NaEduWnNjT0JtQXJHZVBvMzBSTlY1MS1QUkpuak9qSUNfYUxYMnhXYVk1TjJ0RmtaVG9RaGowX2t6VnMwZUdv?oc=5
2026-06-07 03:00,Yahoo Finance,finance.yahoo.com,"Why Meta Platforms Stock Is Worth Buying Despite It Being ""Speculative""",https://news.google.com/rss/articles/CBMimwFBVV95cUxQQ1pyUGxnVDV0X0Zydlp0OU54czhXMV9DbmVzNUhFeWZBUE4yMldXUE9RUlI4cWItUlBZSXJvT01Nem0tOVlvYlhOcUpjOW5BT3d1MFlFRTdWWnN6WlA1WFZ4ZFhFVnlhcEotTVp6SGRKZ2g4RTk1bUVZSTVPeGpxc2xndmFFdmp3SlVCTDlvY3owT3l3RUZ0dzQxbw?oc=5
2026-06-08 03:00,Benzinga,benzinga.com,Meta Platforms Stock Edges Lower Monday While The Nasdaq Rebounds: What's Going On?,https://news.google.com/rss/articles/CBMi2AFBVV95cUxON0ctczFpWXQxSmxmWGdpbm9WemRBZFRHalBic1FGUFNMUlZxYl84cG5mU1dHOVNScmQ1Sl9vS3JRWVlqNzVUU3NpdFBla1p3VEVSbVRCVUY0U2dsZ1I3bVZocU5xWjFNX0MxcWVWbzdCRTdFQ0JvWkxrd3lWNld1cVJaTnlvNi1WWEN5SXRESUNlUzhvUW0xdmFUS2twbHVTRDdDWWtfRU16U3hSeFNCV21nTVJwZjlBQV9QSVlTMU9mQ2l6TnFZcmVabFViTE9qT3lObjUzb1o?oc=5
2026-06-08 03:00,The Motley Fool,fool.com,Meta Is Reportedly Weighing a Multibillion-Dollar Stock Sale to Fund Its AI Build-Out. Here's What It Could Mean for Shareholders.,https://news.google.com/rss/articles/CBMilwFBVV95cUxQbXlPbVVreXhFZFplSTV6cy1HWG9temZuQmVxcUtGcG9QdEZDUm8yR3V0bXd4T01namRVUGc3bmhxQzRDNXBoQlVWR3k4TWR5UVltMkRpY3NCVVZ2bnE4OXV5OHFKZGpEZ2FoYVJMODQ2cE9yaVZkTDlEeVpzMVhvOE9zd2pPc1NTQ2EtTXZyT281TERCOFBB?oc=5
2026-06-08 03:00,The Motley Fool,fool.com,Meta Just Crushed Earnings. So Why Does Wall Street Keep Selling the Stock?,https://news.google.com/rss/articles/CBMimAFBVV95cUxObVoyc1JUdU5WRTZ0R2VjVVNKakpuRFRMN3Z5RloyekpPNGoySnQwejdmQmFQcWsyVzAyRDJjVzFuOTVVQlN1NDdjS2RXZV9HY2ZzWEc5ckZDd25FRmVzak5XU25uZEVSQ1BycFE3dTRxWmd5S0VWNTRlQXJOWkZjUHNuMTE1MDZ0aE15VWVRTGJsd0pfNF9uVw?oc=5
2026-06-08 03:00,Yahoo Finance,finance.yahoo.com,Prediction: Meta Will be Worth $2 Trillion on This Date,https://news.google.com/rss/articles/CBMingFBVV95cUxOblBkbEtnczRIcERnVnpIbmszajBxRV9pbGRHa2FXcklMczlYc2NpMVpKck9QYXhuTF9sc2Q2RVc3QjdCQ0RFREgxcDVsNGMzQmoyNDVoVGhkSzhVOVRpVS1LUXRlWDZHaDF3ajh3SzU5TFJaeUFEb0hrRUlUM3dYQ0ZzYk1fX0ZqTkRmVFNPWDl1RHgzbFI5bm9CcUJLQQ?oc=5
2026-06-09 03:00,Investing.com,investing.com,"Truist reiterates Buy on Meta stock, sees subscription growth",https://news.google.com/rss/articles/CBMivAFBVV95cUxOYkV1T1ZNSldFOXkyNnVsVU5Yd192bHZSUmxDUDFxNWZQY2NvYUJQeUZRWEpOYnBOQTgzMlZiMW9SVVF6N0lFWnRtaW9zVTJMUVA4R2Z0N1lxYXRsYnhTcUQxQ3lLS2twcnczXzhaMFBBWERTUURGOFA5MEFrRmlpbmd3aFlkVDJmYlVsd3pza2N6RUg4UUsxcHdWZ0FjOUJNUlVQR28ybGpDamRPaFBybkZReGdyaFltUzV2VA?oc=5
2026-06-09 03:00,Yahoo Finance,finance.yahoo.com,"Here is What to Know Beyond Why Meta Platforms, Inc. (META) is a Trending Stock",https://news.google.com/rss/articles/CBMimwFBVV95cUxPaVFzTnA1MHVaTTBmdGtCenN2b2hHcFpqT2NuOHJTMGxfUGUxbHNUN1paeEp3VVktWE9FejcteFRyeGtoQjRWTEhXTUhOQnpBeElTeTBac2FDellHTGpqM1lBaFZUZFQ2RWlVQzZnU0x4UEhkZ3ZqUEwtZmZGXzNFdnB4Nzh1UHhQQnJvU1AwMkpHMGdyNk9aUmNYbw?oc=5
2026-06-09 03:00,Yahoo Finance,finance.yahoo.com,META Stock Rebounds Overnight: Analyst Says Subscriptions Could Be $20B Business By 2030,https://news.google.com/rss/articles/CBMipAFBVV95cUxPZlNzYi11bVVNM0JvaFN3S3QtTm9QeUNORW1xT2MzemM5a042U0pMaXVkQ0xOMjI3MW5pdVhUZnFkOXIyZWpuc1EwLVNOYnZxbEtCbnJfNml0SWhkVmI2dkxORGc5eF9PeDVRNHVydDc1a1B0QjVCLUhvQVY1NGlqbHNnZGhEaDZ0c05DM0YyUU56cWozajRuZG1IX3VuWHE5NzdzdQ?oc=5
2026-06-09 03:00,Yahoo Finance,finance.yahoo.com,Meta Platforms (META) In Talks with CleanSpark for Data Center Facility Lease,https://news.google.com/rss/articles/CBMiowFBVV95cUxNRFR5VnF0VUJWeloxS3ZpYVVGY1Q2R2V3T01oMDJRT1I3LVRiTW9DQlJNRzBsd3cxR2k5MkVfcVcyT0d6Y3VqdmZOUEhSdGotV1pMNFM4WFJ4MENJc05yOWlFZzNZWGlacV9XUHZHRFR1dFBJeVFVU3RXNjFQTEd2MWNwNGtjamZ5SVJvWXlNNERqbUc5UU1zT1I2dFJsUURWMkRB?oc=5
2026-06-10 03:00,The Motley Fool,fool.com,2 Glorious Growth Stocks to Buy During the Latest Tech Sell-Off,https://news.google.com/rss/articles/CBMilwFBVV95cUxON0pGZjVKNTFETDlvSy1qRjYtcTlDRm1sQ2lyU3lwQlJvYW1EVklRVGRFRk9GaHYtZUdXYWQtdTBMSDh5a1RmWVd6cGxITmxRZmVMYzczM2U2MVFDQV9JZXN5Vkt6RkFzbGt5aGxDMGFOc3BQc1VycnZ6OXRCRUsya0l3a2t5V3VCTXF1MmRDSy0zZVFzRG9N?oc=5
2026-06-10 03:00,Yahoo Finance,finance.yahoo.com,Assessing Meta Platforms (META) Valuation After Recent Share Price Pullback And Reality Labs Investment Risks,https://news.google.com/rss/articles/CBMipwFBVV95cUxPRnZXbkNsRy1pbTlfR1JYYUdZdEpkVzFmbmxpbllyMnBRUm5FVGN5NmFaMWo4Z0RnSm9KclN0enFZUVJnZFNZb1NFS3NEUWo1OURXcDFYX2R2VHF0N0tZa0VxTlJKNWtMM3BvMEduSkdGRnZTaW9RekZPT0tuX2Q2Zy1ZM09wVWNXRU8wRkpFSk8wQ01wLV9HeEY3RHBoSGdqMXZINlpqQQ?oc=5
2026-06-10 03:00,Yahoo Finance,finance.yahoo.com,"Is Meta Platforms, Inc. (META) A Good Stock To Buy Now?",https://news.google.com/rss/articles/CBMimAFBVV95cUxOUExzWXpEREZZY1JOSHQyc2hTT1FrMk5YeVFfc2tTdzItZmtaazM0TURFalZaZ2FGSWlOdFRWbE5ybTVvRFM0bnRrSjJ3UW44blB6a1h5Z2dieFRiZllxaEJQMENiQjlxeFBITzZySnNfVFlranBVRTY4TUtJSGpJSHBvWHdCRExZTHZYMy1ibGpEMFBKenhQcA?oc=5
2026-06-11 03:00,Investing.com,investing.com,These 2 things are key for Meta stock re-rating: BofA,https://news.google.com/rss/articles/CBMirAFBVV95cUxNZHVzVWw5Smh5WUZtMVNnUkJncURQZXhfNUhvR1R6VTN4N3VYMDIweXpJNlplejlmQjZwZHN4RU4yeGp2WWVvN1J1ZWxndi1paXFoMzROWGM0NEJsQ3BIUTFJanVSdnp1aWtYUlc0TTJHc3ZMZHE4cjlUTW1RUlVQWnZ3RUxvcFJCb3ZidE82WmVqREUyWXZXdEhhS2gwZkVJOUVVMi16eW1YeUlh?oc=5
2026-06-11 03:00,Investor's Business Daily,investors.com,Meta Stock Slumps Further As Bulls And Bears Debate Tech Giant's AI 'Evolution',https://news.google.com/rss/articles/CBMifkFVX3lxTE1keXRGaTJaWTVORVI1VXVRdmpsX2g2NkNrNks3clZBR0t4YkVYemlmVkhDMEdwUzR3N3VXYkVlLWtMMVRVWmNpQnNldXZMUDJFNHI4elB3YXBIWjJyOXRXMWVfSGlEOGdYZDI2amVvTVE2dE5QRU1tdXJ3LV9BQQ?oc=5
2026-06-11 03:00,Investor's Business Daily,investors.com,Meta Stock: Slide Into A $370 Profit From Instagram's Owner Using A Spread Trade,https://news.google.com/rss/articles/CBMi0AFBVV95cUxNSkRVZjB5eHludnRiZV85M2FsanpZU2JiYng1enQ0dUdFcm5CbTl2eEpTZzVFNnFGSXNrUF9RSlExM3dZZkZaTkNSbEFXMFZGcmpKWERzUTNpMUhlUUNWWkxFeFZQNHFVX2lSWnNIV3RWV3o1X2w4MGl5VFduR0xTZGRTMUx2cC1sS2N4RUJOenU4OXFoS2RFZ2NWekdubk5lM2R6LTZNbVkxQXBBWnJoZkV6WjJGSHBjVU1JeWZkMUNCMU5INi1uUWgtc0xtemEy?oc=5
2026-06-11 03:00,The Motley Fool,fool.com,Should You Buy Meta Platforms Stock While It's Below $600?,https://news.google.com/rss/articles/CBMimAFBVV95cUxOWGNQV2haeUQ0RjE5aTVkYmY4aXd6WFVhNkd5VmNUNnppa1FjdGYtWDZsRk85cFVCWW9kLTc0OVhBeDdaVW1TeGkyODlEc2hmWHVtanRsbnhZYlVFXzdWd08xRGV4SzRsZFpYNzVvRUwydzdPclFFUHdSVkZGUFJZMXViOGVNTzA0TUdHYnZSU2RLb1ZCaXR1ag?oc=5
2026-06-11 03:00,The Motley Fool,fool.com,"This Dirt-Cheap ""Magnificent Seven"" Stock Is Priced Lower Than the S&P 500",https://news.google.com/rss/articles/CBMilwFBVV95cUxNbER1UEdNWDBnUVozWnlzTmloVktoTU1rRVhucnpQamE3Z3pKLVlGRVlpWl9GQ0g1VzEtWG1RcWJpUlIzb3Q4aXBLbFFOSE1uUERxSVkwbWhCZm80dktFOG8zMm5WREdwTzU1YzdDTTdDR3NQcXc4U2RwbklmempoY0diOHRkdUVuWk02QjNHTEJEM3NqN1Rr?oc=5
2026-06-11 03:00,Yahoo Finance,finance.yahoo.com,Mark Zuckerberg Says America Needs 'Hundreds Of Thousands' Of Skilled Tradespeople As Meta Launches Workforce Academy To Provide 'Free Training',https://news.google.com/rss/articles/CBMipgFBVV95cUxQazZKYlRDV1RJQ2NETFpoM1dUNk5TeDNZRnJSUnNJcXlITTFIcURoVkFPSHR1MkIzbVdLci1uc0JWdzVWdFkzMnBrX3FlcElVWkJldzVXZ1FxaFh4eGpZYUl0aWNBajMwQXhlQlRWaFptRzN6N0dscVVVTUNuX2t0c1JFdmo2Z2xEeHd2STRuSkFuQm80NTBOUkpCNnZUYW02TVQ3ZlBR?oc=5
2026-06-11 03:00,Yahoo Finance,finance.yahoo.com,Mark Zuckerberg Teams Up With India's Richest Man To Build Meta's Next AI Powerhouse,https://news.google.com/rss/articles/CBMiqAFBVV95cUxOSVBINXU4Ym9MVXdRTVdNZDhPdV9GVy1HTzFkZmJCM2VwaVhPdjJhcHMxaTRxYl9pWlBZVHQtVlc0VTZrZUtwWk5IaWZQNWF4UzN3RUJQa2FNNThaYUNmUDFGUTVITlR2UG9TS3FVM2NsaHE1RXJBVndoY3hybWFqNmlVNE5aM2Qyb0ctN2l0SVlUMmNmZ0ZNY3E0bUVITkNQN2N3VXBFX0Q?oc=5
2026-06-11 03:00,Yahoo Finance,finance.yahoo.com,"Meta Platforms, Inc. (META) Is A Top AI Stock In Ken Griffin’s Portfolio",https://news.google.com/rss/articles/CBMilwFBVV95cUxObktxUUVZUnNpMXFnWWxSSXdzTzE1a1pFT3lzbmdFX3BFVXYwQUlLYmh6RGh6QUt4RDFEWXAxaGFNNUtzUndDUnBXbzR3enY3MTJ2ZTVtTlMyQUJwN0ptNjlZYUdjd0NKbDR4bWplR3pOd2tQTF9pSE0wWWNvV1ZMRHpDampCOWNRd0dPcmhLbkNPdVkycFdN?oc=5
2026-06-11 03:00,Zacks,zacks.com,Are Investors Overlooking Meta Platforms Stock?,https://news.google.com/rss/articles/CBMikAFBVV95cUxOTW9oN01FTlR3aVFiYVVjS2dBaTlGR3RxVGI4VGhTYkRvY3J0cFVjbzRuSlNqQlhLbzZsMHRxeTg5cnBPU1ZncDVjSGMwSVhib1VaTXZ3TFJVVVV1allheERRaHNrc19mRXZ3VU5HbHZiejNNMWUwU0ZCcm9raEdiZWs3TVRBd1Z4YzBDdFFLZWo?oc=5
2026-06-12 03:00,Benzinga,benzinga.com,"Elizabeth Warren Slams Mark Zuckerberg Sailing Luxury Yacht Into Seattle As Meta Axes 1,400 Jobs: 'Nothin",https://news.google.com/rss/articles/CBMiwwFBVV95cUxNbnBEWS1Fb3VVRWhpd2RucjcxdlI5a00xTmJ0WGJxRy0ybzNEVTlGMjJOQklQMG1uMlo5V3BDWUdDQm9tbVJKWUVMODItSjVpY2FsZVBrY3RzajZ4N1dRaEVvNlJUZjlZRi1TU3dNLU1fVEFyd0pwaTFNZWh0bWJuUkk5NmNzSV9WeTYyZEtPRC0zYVZ3YVN0WkRUWEpmMkx2eElvOXlkelB5VkFTOURtMGFtOU5mejYzYTNFWVNLbXJ2NGM?oc=5
2026-06-12 03:00,Seeking Alpha,seekingalpha.com,Meta's AI Spending Looks Insane Until You See What It Is Building,https://news.google.com/rss/articles/CBMirwFBVV95cUxQNGRjb05LdTQtZmtBWmJWT09saHo2SnRRbXVlZndKV3BGUHlYcWVRbjZqZEhnZC05eldLWFo2ZTdleUl2NkNsUzJUUUtkQ1hZSENXdzV1MUZPTktYNEZhdVctNk5wbDBFN1h6Ny1ydVJYbkpHTnkxWFd0UFozcmN6VGpMSDJqLURsbWo3QUtRREtMUldvRFNTalppbF9FTzR5cnNDWGFZV1VZamJ2amo4?oc=5
2026-06-12 03:00,Yahoo Finance,finance.yahoo.com,Meta Platforms (META) Launches Instagram Plus Subscription Globally,https://news.google.com/rss/articles/CBMipgFBVV95cUxPd0xrTzl0RWFFcEs3NUJIR2NnWkFRaU1mb3ZoUDlQYVZTOHBLd2JXeVZqVU9XWWRiZk4zOTVTbVhIZmZBN1Z2SzBEUHJCM0Ftb0xlZVIzczQtbHU1UUpoTFljcXlSWkQtbW03N002UkpOaWlLZGJpNWtObXp0SjB6eVBjS2dMVFkwSEZRVTZuWFVaRTRodHJCbTJKMk0xekRYS1NWdlhB?oc=5
2026-06-12 03:00,Yahoo Finance,finance.yahoo.com,Prediction: Can Meta Stock Reach $700 by Year-End?,https://news.google.com/rss/articles/CBMinAFBVV95cUxPUU56LVNvZHRZVS0ydWlvcDdFTDlaZHlJSnctU0YwNGdJWXVpZnJWbU5QOHJKeGNwanZTeVNZdlFHeHJSa1lUV3ZwYlMxTXJkS0dNV29xMjNkOU5YNlVZWXpXNHlpTTlRNlN1d0VPZEw3clI2ZW8ya3pBMFZaUEZpWjZDc1N3ak5hR3ZNVTBFci1FMTB0NlVRcmdmdDg?oc=5
2026-06-13 03:00,Benzinga,benzinga.com,"Mark Zuckerberg’s Net Worth Crashes $31 Billion This Year, But Analysts Still Bullish on Meta Mark Zucker",https://news.google.com/rss/articles/CBMi4AFBVV95cUxPNGdPYlJydVo4cnlqZ2VCM3N3Q28xQXdVa2RTNFlhdGdhV2tKZTcwMlZrRjN0WVBTQ0ZGdjhJVlkxOWZTaUlQeFhiVFJTdUIxb0d2RWw0RzY4V2ZkU2ExSVdjaVR1YnFOSTBWaDYzU0NIWkdZdVhzTjJ1N2lNdGtNd21YakVfMHRBT3lOcXFtekl5eFlrV2ZqVmhoVnhzaUdXenVXc1ZHaTdhYVhaN3RPRkx6WWtZMXRVd01INVoyLUFZQ2FIUzhJT2ljODlCczBrWV9vWTRpYjVrc21HeEE3RA?oc=5
2026-06-13 03:00,Seeking Alpha,seekingalpha.com,"Meta Platforms: Great Business, But The Shareholder Story Is Getting Worse",https://news.google.com/rss/articles/CBMiswFBVV95cUxNWF83ZzFzVmk3VjVUbXlidlJjZVRRUU9rLWlFQThoQTVFWm0tOUotVmZlZW9QQ0xTMl94UkdHbmc5RWxqVzcycnFkaTd1ejBaVzJ6Ql9YbURCQndQbDd4OHlOdlJXN1lxTzF6N0FxTkhoSXVJaUpON1JMcDNVb2g0aEJ0OFl6ejZaTmd3bHNKOWtKSEV5TnB1cTNUZXhuZWxab05WdkFEN1JQc1V5TWszRWVsOA?oc=5
2026-06-13 03:00,The Motley Fool,fool.com,Why Meta Platforms Might Be a Good Buy Right Now,https://news.google.com/rss/articles/CBMilgFBVV95cUxPeC1rMjdhc0ZCdGJWWEFkVmZFNExIZ0d3MmQyVHNKWUJST3BsQlpleVFKYVpkQmhxRU5Ebzh1cjhTWFVTOC1VVXN4WUpOdG5qZ0Nsa1pfNEpKRUVJVlVndVRLLXotUkJMT1U5MWRFWkxvUzlJa1pjNF9EaW1zMTFpS04yZktIVU9hZE1aRUVKRF9Xc1pITVE?oc=5
2026-06-13 03:00,Yahoo Finance,finance.yahoo.com,Harvard University Likes Meta (META) Stock Despite AI CapEx Fears,https://news.google.com/rss/articles/CBMioAFBVV95cUxQQlFmaXhLS3p1SE4ySmxpc3U1aG1OeHIxTXVMQk1RQjRmb1E3NVVjRGZ6Z1VaVjdwRWt5aFZ1UEJhcFFBaThjS09HX3B3VDRRQmtSUkN6Z3NGZzR2cXljMGpibDFyMzdpWTFtSWpBNzNCRktDUnZSaUE1TFFyUVhEMHZGU3N6VDY1ZDhzc0c4SnRobnN5UUVncng2Q0hvWWlE?oc=5
2026-06-13 03:00,Yahoo Finance,finance.yahoo.com,Truist Reiterates “Buy” Rating On Meta Platforms (META) With $840 PT,https://news.google.com/rss/articles/CBMinwFBVV95cUxOd1lWRVEtRmwtMEc4cm9CeTdBNDVqM2NEUC1JbXRqV3FyaWF1bjBJNGlpWkpGVTh2d3MwSy1lNmtuWXVlOVBGWWlGREtmRlViNmQzQmpVZlhFbzlwTlUxZ0Y4T3FvdUlqdUFfTnQyeUU4RmtuNVBOeTdJTjBESTBjZGp2Tll4TGxnRGhJMTJtUlRxTWtELXFkTExqdFBMQXM?oc=5
2026-06-14 03:00,CNBC,cnbc.com,"A year after Meta tapped Alexandr Wang to build a new AI model, Zuckerberg has to sell it",https://news.google.com/rss/articles/CBMipwFBVV95cUxPM1N2TjhCLXhKUEVfUl9RUEYtWHRDUjk1VmY5U05GUXpKenczbThfSlUtNExrYkVTMkw2YlNhdlFpTFdKV01yUElsejZzc3RieWhOV0o3ZmRGdTRKYUhXSUgzTGxjeTBYSmM2WmV3MU9qVUVsb3dBVVgtajgtckpkSTdvQVlSQVg3YU1CbVhndW1tNFhjMHZnOEUzTXdqN1EzV2pXaUNGVdIBrAFBVV95cUxPUlZCb19ObnlKTTJubG9qMnhFR24ydk1ralZlNWt4VmNpYTlyLUozeUl0eUxaVi1SZzdOWVJ3WGw5TWg5WDFuV3NIM0RxV1VXdDhJbzYxSTl2cnhQS0hmdU1yYW9rbEw5ajE3NGJrb3hYYjFCUzFPa0t2c3pOY3NFWGlYYlJ5N3VZMHp5R0dBbWlEaUtNM205d2Y0elVxUzBSR1UwZ19Jc0s5a3Ux?oc=5
2026-06-14 03:00,Yahoo Finance,finance.yahoo.com,"Mark Zuckerberg's $115 Million Workforce Push Gets A Sunder Pichai Follow Up Act, Alphabet CEO Says Will Train 300,000 American Tradespeople",https://news.google.com/rss/articles/CBMiqwFBVV95cUxNUXZKdlZaOC1Ea0s1MTMxVkZ4T0ZpOW5vM3pBcWM5aEpkQkhVVTNrc0t0T2dMaFpWWFF3Yy1BYThlX2NMZFZydzRsNDJac1F6U0kteVZham9Ncmx6NXB6NnREY3JsNVQ3T2J1Vm5rTnlaazZhSlJZLU1fOHhKaEhUTF8zQWN1SUp6cVdfRUoyc3RTaE5wT1BSNTBRSUtxUUh0Ry1pcWpSV2RzQUE?oc=5
2026-06-15 03:00,Seeking Alpha,seekingalpha.com,Meta: Valuation Gap Is Hard To Ignore (NASDAQ:META),https://news.google.com/rss/articles/CBMiiwFBVV95cUxPRTg4ZjFJMDlzSjZVMVR0bXY1RlVyTnNwWWFDd2pKSFVfU0RNRGFtVnFJUlhpZENucnBrby1mN3RIQUhSek55SEpMRUg5U3J1cTBsUXJuUGRmYlpWMjVxeGdPMFEyMVNZR08wVDdfX2VNME5wcDBoNjZhNlNNYnlHODBXZF84M3RWUzJN?oc=5
2026-06-15 03:00,The Motley Fool,fool.com,"SpaceX Surpassed Broadcom, Meta Platforms, and Tesla in Market Cap on Its IPO Day. Can It Take on Amazon's Market Cap Next?",https://news.google.com/rss/articles/CBMimAFBVV95cUxORmQ1Smd2QWJlR29BTXUwVW52N0JJNng1aUhjODRLa3hrNjAwVGtMeEdhQUxMaG50OG9XXzV5Z3htUkZzMWotOFExaE1QTXlWOEl2OGRJUFNhYUp6eXJsc1ZfMWZuUHRKTkV1RGZ4d2RNa1VhSlBicERCUzJCb0oxcXJHV3VUQ3NJZ3ZVNGY5a3p4RDQxY0dyaQ?oc=5
2026-06-15 03:00,Yahoo Finance,finance.yahoo.com,Meta Platforms (META) Is An AI Stock In Bill Ackman’s Portfolio,https://news.google.com/rss/articles/CBMimAFBVV95cUxNeGducGFaQ2VDaFRGUnVzdWJsaGk2ZkVlbDNsb2NyX2xIYkN5MEJyRThJRFRwZ19iN0FZU2hhVjJXWXpDZzlUXzBVSldGWFBCdlRQbE5yMDQyX2xDQ3Q5SnY1NEt6WGhFQ1VDdjFseHdQdEJFYXU3WGJvRUtfTlF1aThhWGttYmFZdW1Bc3hUamlQOEpNTlhzNg?oc=5
2026-06-15 03:00,Yahoo Finance,finance.yahoo.com,Meta Platforms Is Quietly Becoming One of the Market's Best AI Stocks to Buy. Here Are 3 Reasons Why.,https://news.google.com/rss/articles/CBMiogFBVV95cUxNZVpaZ0JVQVRMZ2JZajR0aWZEUjV1OWlua0hwTDVYMGxZNElEMGZQc0Ywdmo2eUxXUExCNW1aZkluVHlqcEtXOVI0czNtVXFEd3N3NTA0cnpEMVBISjdqR2Rfb1pnQ0VOZm9SRUY2V09LN0hjT3RBMW1pU2Q0Vmp2V2ZXVGZmdTZrS2lBWWItTWFNTVFIQ2V6LTMwZGY0YnJwYXc?oc=5
2026-06-15 03:00,Yahoo Finance,finance.yahoo.com,"Meta Platforms, Inc. (META): Among Stocks ChatGPT Predicts Could Make You Wealthy in 3 Years",https://news.google.com/rss/articles/CBMimgFBVV95cUxOS3NTNkowZ2ctWC1wOXB0SlVlQTlXa1NYZFpKeG54cmRMLVpnUGRuaUJGT2RhN210QjdjRmNGSXY3UUdOaEptWEtPRVFrQUpna0dDVlVtRmNtMi1kcEdZbFVrT21CYWptLURMb09pbWZqdjZWRWdPRWEtYkZkX2xkQUF0TXp2cFBETzNwbFV4TEZPRXAtQjIydnln?oc=5
2026-06-16 03:00,Benzinga,benzinga.com,What Is Going On With Meta Stock On Tuesday?,https://news.google.com/rss/articles/CBMinAFBVV95cUxQSUZSZWJScW1xUlNsdDltNllBNld2R3pteGZjNkd4Y0R4eXBHT2xpWHZhWDJiZDZOTmdXMzdFRkFycEVnN096VUtvMkxxRE5hZ1hleWEzMlBaVGpxdXBCUXdWMjVYa3FFdUpzZGVmSFBhakxaMFFRWUZkcnhBc053M3VzX2tRakstWFcyRGRuOEQzRkRXcUtRWUdHQXM?oc=5
2026-06-16 03:00,Yahoo Finance,finance.yahoo.com,BofA Reiterates Buy Rating on Meta Platforms (META) Cites AI Strategy a Key Growth Catalyst,https://news.google.com/rss/articles/CBMinAFBVV95cUxNUnI5eHRCajA1ejVVUlUzR0VKbXI0ekdzdWQ0RlpTTzBjY013Y3JOQU5TN3RvNW9jaHk3RHhjRjRnckZvQUhCd1FPdy1DZk15YUlSQW1VMF9aOUhVZm5qc1BQRjZiSnNueFZucWp0S0hOdUhFUWVlSFJYamFlOUFpZngwRHc5LUVVZXZCS3hfQW82c1FVRWRrOW9sMXQ?oc=5
2026-06-17 03:00,Investing.com,investing.com,Why is Meta Platforms stock sliding today?,https://news.google.com/rss/articles/CBMipgFBVV95cUxOT191X05CSmFoaElyMzB6YVRWR0s1bDVKYlVFazhLM2JOSkgzM2V0ZTJfQUNVYjNZcklqdDVGZy03VzlES2ppOFlsTjVQcjNuMG5QNGxmTnNoU1c0UXpVRnBQSTdLdHpkS0NnMURzS1VwWXNxWUltRnBYZXBjUDhvU0FnekVpQVJlUmNpLVczeGxRZE9kS2Z1OE5QbVBULXJlTkJlbENn?oc=5
2026-06-17 03:00,The Motley Fool,fool.com,Why Meta Platforms Stock Plummeted by Over 5% on Wednesday,https://news.google.com/rss/articles/CBMimAFBVV95cUxQa3ZpNGhQVlNKWEg0eUVJMEtjUGZMX0xDOFhuNU1IbENXeXZwMFNtZXgwSGUyMThybWJJX0loMWNsamVaZkg4Nk9RbjZ1TWxvM1BneE1CZUU4aU10ZWYxRmdRYWw5MkpEeTRydjA3emZfVmEwb3ZDd0Uya3NvN3lUakVySmRmTnRDQTRmTGhBTExmVU9FbURXUg?oc=5
2026-06-19 03:00,The Motley Fool,fool.com,Prediction: Meta's AI Spending Will Pay Off Bigger Than Wall Street Expects,https://news.google.com/rss/articles/CBMimAFBVV95cUxOQUFkUllwUWFDSXA5cmUzQTNHR3hNSHl0NFhFNW1aVnMwS29RR0YxZDBwdEdqLXhkcTJCdnMybEdPN0xFeUtZeXp4QmUtQmJnQWVnamZ0MnJxeHlpY2owYjRVS05FR2lCQmUxcFFVTXA1OFpoT2pKbS1ENFZrS2U5am5hX3o2M2p6M20tUUhwVjBNNlIwRDE5NQ?oc=5
2026-06-20 03:00,Benzinga,benzinga.com,Meta Stock Hasn’t Been This Cheap in Years. Is It a Buy?,https://news.google.com/rss/articles/CBMirwFBVV95cUxOdTI2bXFUZEk1RFI1TFRuUlBBWWpBbGV1QThRRHlXMWdWUWNVNGVuU0p4cjUzbU9pVzdNVlg3eVY5cncwTUc3TjlYQTVPc2J2eU91V0gyYXgwbkgxSkd6T1NsZlRWbVJkdE82NmVmSmQ1dkJLUVBoSGxvb3VoZDhYWF85bW1BVnJ2RUJrMHBTamdVeUplTDJOUV9SMHZta3lHNFV3U3VqVEdKbW1uWHdN?oc=5
2026-06-21 03:00,The Motley Fool,fool.com,Meta Platforms Looks Unbelievably Cheap After the Tech Sell-Off. Is It Time to Load Up on Shares?,https://news.google.com/rss/articles/CBMilwFBVV95cUxPbDFfOUdFWkp1OXdETExac05wR0s2V1JfR3JHV2lmR3hVMjlLbW9kQVlaZjdrUjVaMTJJRzhHV3FBamJGVWEybTNGcTM4N1cxX2NQUVlycDJUQWloWHZPenB4SUJhZ0ZXbkctaF9hQWNwZ2VvaWo5MUlJT095RXRHNk9PT3FTYnpYb3p6VWlQU2JLOUhXc1VR?oc=5
2026-06-22 03:00,Yahoo Finance,finance.yahoo.com,"Investors Heavily Search Meta Platforms, Inc. (META): Here is What You Need to Know",https://news.google.com/rss/articles/CBMipwFBVV95cUxPVWlJVzBEY3o2d1JrM1FmWUhGOWF3TE4tSEdSSVdtZDllVW1JMlpYWVEtaE5wUDlFbFZXZU9rM3RWc19IWVFWbVAwZERlcFVjSnJSNHJIdlNyZEJMV3hYcWdic1dZSVFCSzNzWmh5Wk9DQ2M4V0tfclp5R0FtTFN1cEVKMHJfODd1RUFrcVBmMjRCa0NGbmlZZUd0OTgtZ19ZZk5rNEI0RQ?oc=5
2026-06-22 03:00,Yahoo Finance,finance.yahoo.com,Meta Platforms (META) Sees a More Significant Dip Than Broader Market: Some Facts to Know,https://news.google.com/rss/articles/CBMimgFBVV95cUxQUEJVTm51Um5WT2VfMmcxZm1aTjFra2RhZnFMWVlhZjFuVjhLZ3VDQ2R0UUhpU3BCVGFsWnM3VWlfaFJVRlREWTYzSG43QlFYZEd4S0JzcEtQaXZlTGNtX19fc2Q5R3NVY1ZpMjFHUThhYUdKRVNCbDNaTWdaVWhlQjM2MmhNNjVhRG1kNVN6WjRFS00xQ256d3pn?oc=5
2026-06-23 03:00,Benzinga,benzinga.com,Stock Market: Will S&P 500 Open Up Or Down Today?,https://news.google.com/rss/articles/CBMizwFBVV95cUxORzVZbDdsLTQxc2FueTJJU1VLdTFodk1ZV1k4S2luRlpMMS12Ul9qM0phYlhham9VZ2lzODIwdDdPVzRIMkhET081SDVKUmQ5ZFRTT0lQeGxpQmxZSFFmYnltVm1XZTIycVZ1SVVxRGhCLWRPTHdmY1BJb2x1eGJxZzdzWnBZNE5qNzhSbXZMSFk4Z3lQVVRGQmdCRGUzcFRWR0NublAzSUNSbzVoVS1KRnpsQWxSaEVzVW5XTGZ3Q1FoYWJpZDlVOTg1SlFnM00?oc=5
2026-06-23 03:00,Investor's Business Daily,investors.com,"Zuckerberg Wants Meta To Build Predictions Market Competitor To Kalshi, Polymarket: Report",https://news.google.com/rss/articles/CBMiigFBVV95cUxOWkJkTkxCdjFJRjVLdU1sU25ZN2VodE1lQ1VYd1lHZlUwekFGWmpIdzNSODFIVmtaZnFoNVVKTFB2Xy1GQXpCbl9YVVlhTnBmSGpwNnRXX2ZsZEZsbHNZNFN4S21RdEJicHBickktZGlwa3cwQlhCSGhjUW5Fa2lRM2VETGZUdzZYX2c?oc=5
2026-06-23 03:00,Seeking Alpha,seekingalpha.com,Meta Platforms: Monetizing AI Faster Than What The Market Gives Credit (NASDAQ:META),https://news.google.com/rss/articles/CBMiogFBVV95cUxONXgzdGNoNFhRdFFtUUZPQ0hyNjV6N3l3TURjMjg1UGNZeU0teTJEUGVaUC0ydlg3bkNudVNrYVdpNXp4VERXRW5tNzVfNmFGWmdWZDR2bEJvWjRrc3lkckozS1hsUnBwSnZrZUNsUDJWdXFBZE45YXduc1lvTlFzUjZRekNyZE9KcHNnZGZ3T1hpUk9KclZxT0RSc2lScjRHclE?oc=5
2026-06-23 03:00,The Motley Fool,fool.com,"Is SpaceX a Better Buy Than the 2 ""Magnificent Seven"" Stocks It Has Surpassed in Market Cap?",https://news.google.com/rss/articles/CBMiiAFBVV95cUxOQnNhWlZmTzhNNjdGckM2N05JTFNHazN0Nkc4Q2ZKUlQtempiY29RdlNvMlZYOU1DWDM5N3ZKZnBGcDlNV2RyUnMwdWdnZFRKdVFvY05xVWpCZ2M3NFFEQng3RHNGbVc4d2dZQ3kzVHplLWNPY1FSMTBBY1NmY1FGNmMwZUVoOVJw?oc=5
2026-06-24 03:00,Benzinga,benzinga.com,What's Going On With Meta Platforms Stock Wednesday?,https://news.google.com/rss/articles/CBMiswFBVV95cUxQR2l3QUdRbmVtcmI2TlRXMVpOS2p1c3RBaUlpNEo5a1FQRXd3NEhzVnVaaXlzNXBrNjVlcHVXSzd0eDhUX3BTUHZMcDlUdTlHLTdNNXVIelhPTzFvbUt1ZVYzMnN1WldOaElaMVBuRGMzRHhhQmViQjdTQjBWTjlfSnlreUZxOURXRnI2VjlXVFRIMWJmZV9SZ2w4a1BFWC1qcVVOa1ZsbmlWZ1Nqcnc5VldBQQ?oc=5
2026-06-25 03:00,Benzinga,benzinga.com,Meta Stock In Focus As AI Model Review Standoff And Surging Capex Dominate Headlines,https://news.google.com/rss/articles/CBMi3gFBVV95cUxNejNQaUU0d3hMU0ZWcVBBZmtwY0o4Z1V5VmNLbDlpUHhnQnl2NUVhalEzYnZ3UGZOVHh3eFMyYVVZR2dSYUFUTjhEa21BYTlIZ1lQZlkzczQwOW1yeThMYkdKakhUWnNfWUthZ0c1dE9FSzRuZGdrMXVjai1zMlgxbDFpaVp0UUQwcWNtYmJrTFdMSVc5Z0NTQTgwTW5wbWd3Z1J4dWllS2g3M1Jvb0xILWh2aEtXZUxLRVJGRk81VGFmOTZyU0thcFg3OTZoQmJKNjh4YmJicjVJTWFPN2c?oc=5
2026-06-25 03:00,The Motley Fool,fool.com,This Might Be the Cheapest Meta Platforms Trades in Years. Here's Why.,https://news.google.com/rss/articles/CBMilgFBVV95cUxPSWxDNS1pd0V4SFBCQkwycFVGWFNzQ01xcVFQNUVsZnY4Zm8zQ2ZkcmlsTmxDT2c4TlE0X1Q3eW5IYTF3TWxKQWhpamdhb2VjbUpDMVdJVjMxVGpFWklNZXgyeVUzZ1JwV0tCMTRsdkh4RjItRkg5S2VrbWpPZ0RDc3FNNHJEME01RDhMcGp3QmIxMEZzd1E?oc=5
2026-06-26 03:00,Yahoo Finance,finance.yahoo.com,Meta Stock Price Prediction: The Case for Nearly 50% Upside,https://news.google.com/rss/articles/CBMingFBVV95cUxOWjJoM3R4REJFb3hKdHFCLXZocnpJTnhORDBWOGVhSFJyR0NUUlBPdXNJUUg4bmJmeVdCWkhwTWRreXRVelI1RUg4N3c1RlR5THpPNUFuUVhoRThZRGc0NXZpd0dWWDB6emtzV3JxS0VBX0xuMElieXR6R3FCcWNZODZHTzZYSUxkTEJoMjZCc3hodnpzR3ZQRjh5dmxqUQ?oc=5
2026-06-28 03:00,The Motley Fool,fool.com,Meta Platforms vs. Snap: Comparing Revenue Scale and Recent Trajectories,https://news.google.com/rss/articles/CBMiuwFBVV95cUxQRDlycHQxcVBkYk12aURWcXlEUk00M3JkTUNtelFBS0NSNWozQVVVUWpqYlJsQXc1a3Z4S1EtcDA1NnAwVmdiYTA1YU1ua2g3T0w3ZlU0U2FEX1dNR3FGR0g3ZU5fMGVDcGFIZ3VNekY4VG9pSy0tZTh0eTRFN2JQS2ZPYUdCbnJkX2k4SG9pRzZpZXBWdW9uQ1hKTDA2WXZKQzZnX0xJUVdqeFpObGNHYTFCdXBqMXpwZWJj?oc=5
2026-06-29 03:00,The Motley Fool,fool.com,"Down About 29%, Is Meta Stock a Buy, Sell, or Hold?",https://news.google.com/rss/articles/CBMikwFBVV95cUxNZlBMbGhyTklJS2F5M2dmVHBPODlCR3R4aGEwUENjLXFsd2VXT1NrbzJRNGJjS0NhZDZxdHlhSjZpc2M2WWVWajNmSXVfdWdiZ2pmUlNIZGI2OHJwYlpza1I3WkZvLXRUVGJ5eklxQnVwOXlwNVNpRnQ2TzY0cjV2MWo5VjVLQWdob1duN0ZPM2ZXMVE?oc=5
2026-07-01 03:00,Axios,axios.com,Meta stock soars as Zuck explores cloud business,https://news.google.com/rss/articles/CBMia0FVX3lxTFByQVcwcWgxZ0ttUk5qbkZiWjZGU0ZiYzFpOUc5RzF4MWJIeWhaanJUTWdqdUttb1hDTUtuWFZGN25HbUlIT1NHNmpZYTB3MlNJTG14VG56WU55R1Fjc2JoQ0MzWFVoWEhBVXA4?oc=5
2026-07-01 03:00,Benzinga,benzinga.com,"MU, NBIS, RDDT, CRWV, META: 5 Trending Stocks Today - Meta Platforms (NASDAQ:META)",https://news.google.com/rss/articles/CBMi6wFBVV95cUxNTzhMZGZ2YjktV2VmdldPcHJSQmZJdnJuZlBadE5JVTFybDR3TXVlU2xvdXdNWnFOeV9fN1ExeW8tWkQxeWdtMmJ0RTZhamZEemozTUgwWE1kUTFPNmZkT2lBTTFqbUdGTXN6N0N1djN3UGYyaWZPMzlfMWEyM3VHQU1BSmtlMlhGVlZ0SFZqM3U3azRjRmJVTm5aNjZXM1l3QVhOOGFEcU9qRGJrWG8tb3dNYVRYYXRCdnVvOWFySDlQSWdjNTVrSjRZY1Q4UHpHUUxZc1V5U1ZwOXFMZmdZbnV3SmpCTUd0dGxZ?oc=5
2026-07-01 03:00,Benzinga,benzinga.com,Meta Stock Rises on Report the Company Is Building a Cloud Business to Sell Excess AI Compute - Meta Plat,https://news.google.com/rss/articles/CBMi6wFBVV95cUxQSW0zRlItTi0wTXliRlkyWnhDMTAyUko0RnQ2TkV0Y3ZQVnd4a3RYVms1cklXdVJ4clE2ak1lQnB3VHFGYVh3NkF1VHQ3Y1M0OVpCcEVuckVFQ3BNQUREQmhKVmJsazVHbWNDSlJKMFNJLXNkSXhBT3dQVVNkZEg5Z2tYMU12a3JMNVNEVXJlVDdfcWRRc0VFUWVIa29YNkNnWEo2UllzcERGN3dRbDYzd012MUNiMktJVWkzM2xka0JqMk9iRG5jeGZlZzVTdVdkaDRwbXlkY2JPWTY4dDYxWVJidUZuRXF5Z3Rz?oc=5
2026-07-01 03:00,Benzinga,benzinga.com,"Progress Software Posts Upbeat Q2 Earnings, Joins PowerFleet, Meta Platforms And Other Big Stocks Moving",https://news.google.com/rss/articles/CBMikAJBVV95cUxPQW9UTkdadmo4WTU1SW1NM2pIUkVEeWp2NFpVT2FjdVF1NF96dW5fUTVXUTdZTk5KMTlWNFRENjVycTFaOFdjTU9PWWZMQUtGOW95Q00zbkJUQ2NBVGJoV2wzNHBwYzAwUXhOdWtSblNmejlZVDVtZE92WjlZc3VnaWljMnU4c2NpUFhzamN4MWN3dTdkZU5xUnVxb1B3OUNzT2RybFVzbEhoX2hJVE9ZX2xHeW5QTU5ob3NkS2pIeThXV1dhckdsWGdkeVp5ZmRUNUJfZUR3aFlPYVpVS0M1MUxJMHhaWUFQQklsQW9wR2JBQVZOdXprMmJpMUdPV1N2SVBib09xbloxM1VyYlM1Tw?oc=5
2026-07-01 03:00,Business Insider,businessinsider.com,Meta stock spikes 10% on reports of a plan to sell excess AI compute,https://news.google.com/rss/articles/CBMiowFBVV95cUxPYXFIODRWNXg3Zkd2alVkS19YWVJLWlRENEFyNFU0RUc4NzVZMUh2ZlVYall0QnpPeDFDUl8xOEJqRHZ6S1ZIRUxydl8xUlNOdHVzZWowTHFURWxVeGJjVV9jY216eG41NXVab3Fwem9vdmk3WG4zeHhXOFBjWDFpd1VZejRicEVyNUFmcXJWMWQ0dm94RTlYQ0psQkIzMDJ3Y29j?oc=5
2026-07-01 03:00,CNBC,cnbc.com,Meta pops 9% as company makes cloud push to sell excess AI compute power capacity,https://news.google.com/rss/articles/CBMickFVX3lxTE92Y0tZOWFfR0o1YUdSSHhaWVhGbE9QN0FQa01WUkNyZFZqUDZoa0MwZUpFeWZzX2pHQ2YyZnhrWC1OTVhaU2owcHJlX19weW1nT1l1LU5TajUtQnVaN0k5b2ZoTHRCWDFfZ3NHeFJGM1I2Z9IBd0FVX3lxTE9BTkt2YUI0WDRRQnMtckF1aFlmM3FBTzZ4VTZ0SkFKckZnUzdwcEl6XzdYTHlVeUxRa3lCbUFHOXktWXhGRjV1aG9sRnRnVjh4M21Pa0VsZUtFelFBZ0JiN2d0V2tLZ3h3V2hJTVRqcHhzWFg0enRz?oc=5
2026-07-01 03:00,CNBC,cnbc.com,Meta shares jump after company announces new cloud infrastructure business,https://news.google.com/rss/articles/CBMiuAFBVV95cUxOQlZVNEwxMlJ3aWphX2xRWjRQbi1xd2tEaVFlenN5cFZvS1NnZUYzdnRpZXZWaFp6Uk9kN1VxUDN5V2pQTndVdGVqYjNVT21MV2tCeEVvVWlEb3k4QjBiYlNtbkxLRkhESUJ3VUlKTEtfWU4xOENGUWJuajNKMGw4WDR5Q0V0Ql9xYnNOY044NHNBeGlDZVdtOEN3MUdfQXVQOWF2M0xRWS1uN1RSZE1zZ3ZtY292YW9G?oc=5
2026-07-01 03:00,Investing.com,investing.com,BMO reiterates Meta stock rating on new cloud business plans,https://news.google.com/rss/articles/CBMivAFBVV95cUxQaXFPT1M4SWtiS3RCVGcxeVlZTjNrUXp1M0V4SzNYUnBFdFRjLVctOEZqcUsxdjVieFdyeE8ydlo2X0t1eUFiWXJzbkozajJMOWptbVRlandWWkhNVmF6VFo0eWZmRUxVajI2dXdkX2lEaUVhYXZ5MTU2ODhMMFFPS3IwVURGX2FTYmU3cUxnM1VGdml6WVM3cTFCNnc0Z1hIZk84MnN2MTlIc3dyMUNJRTZxbDY5MlNEOVM4QQ?oc=5
2026-07-01 03:00,Investing.com,investing.com,Meta Platforms stock closes 9% higher on cloud business plans,https://news.google.com/rss/articles/CBMirwFBVV95cUxPaFVNWnFGUFQxOUFJdHJQZ0h5TEY4YXBMTFM0MXB5SzR6VldPU05lbGNidUluRkF6Q29pMmltemxTZU5WcWx5WTZiUk93Mnk4MG1VTzBJcC1leElEOWhUVXpNRnZNanM2Z2FBVkljSlNHOG1GUDQ2ZVRxbENlalZweHFZM0xlN3A3WjkzNnNEQ3Jaa29XbTlGWUllckdfZmpGQmVNbjdCdGpndmVFa0pV?oc=5
2026-07-01 03:00,Investing.com,investing.com,Why is Meta Platforms stock surging today?,https://news.google.com/rss/articles/CBMipgFBVV95cUxPbDFsendISDVQejB1Tm1zWTcwb3lUVFh1ZnpUTzZ1OW9jMnQ4ai1PTnVQZjFsLUo4NHpWQTgzaDBJZG1CdzJKSTVIVERheGwwck51N2lVOTJpdmZaVV9HN25rb1lRbGE3VHAtZWxqb2stMldEV1RqWi1UQ0VVWHlTYXJFNVZRc25iS0tqekZDSjRrcWNHeTVzSVlESFRnMllBZmNvaGtR?oc=5
2026-07-01 03:00,Investor's Business Daily,investors.com,Meta Stock Rallies On Reported Plan For AI Cloud Business; CoreWeave Slides,https://news.google.com/rss/articles/CBMiiwFBVV95cUxQN3pudFM0NkMtRFdyTlM5dU04RVdXa1JoN2lfSVdSdm1sYzBiODdvdDJzTWMwSDAyR1FlcEM0RW1qRjlfNllaOWV4dWZ1U2x0N3FUanZIX0YwYU9XOGRqNWpPVjJIdzQtY0Vvb2xQNmV6aHdxT1dzeXVuSkpLNGNvZV8zZ1FjQzg2VGk0?oc=5
2026-07-01 03:00,Reuters,reuters.com,Wall Street ends choppy session lower as tech shares drop,https://news.google.com/rss/articles/CBMirwFBVV95cUxPUlRDSDhyZXpFd2lVaWQyUllERFNzcHA4T2ZZZzZhWGdGaDRRcDVKY202NmFRbGFwSnRZcmhOeTBIVG1kci1qc0Zld2lKX2Z0bW1reTRiZkJCV21UNW16dFd5cWFXVW9JbXI0R0RxWGhFa1NsWXB2NFJXZTM1dHI2cmY1NmVDRHFFTm9MZEJMSnlLZUxiSGtIb1pPM1NsdFliWlI0OWR2R0V4T2tneUkw?oc=5
2026-07-01 03:00,Seeking Alpha,seekingalpha.com,Meta Platforms AI Search Strategy: Why I Am Not Convinced (Rating Downgrade) (NASDAQ:META),https://news.google.com/rss/articles/CBMitAFBVV95cUxQb2ZQcVBWenJTV0Jlckd0UUpQRWlfR1JKY1lfSnpiMFhtVWE0MkJIQzVucDU3VzlrR2o1VE5uYlJ4MnNoQ21BeU03ZXU4Z0JPRmliaUxKakpzd3VFbFhhdjlUMUNkOFlucWFhNk10WmNaOFdYRENzXzFGX1AtVllma09PcTZUYlIwWTRISHVpTkE5WmVPZGpfb3B3Nl9SQ1pMZHczcDc0ZG81VXRUZHctT0M3czQ?oc=5
2026-07-01 03:00,Seeking Alpha,seekingalpha.com,Meta jumps on report it is building cloud business for excess AI compute (META:NASDAQ),https://news.google.com/rss/articles/CBMirwFBVV95cUxNellITklWWlF6SkpEZzN6TVlEQkZ2cmt5R3p3RzM1blB6ZnR3dVpmWjdXTlBKNWJpS3ZRZVlxUk5BcnVHR0k4aWJ2MDNKX2FfUTRpdUx5aFBHdkdLRmhHU2kyOG02WnNpb1p0eWd6YmJhbnhhR3RWcmJXakE0Z1BsbVFqdVladjNVUWREQXJUcEhvdFZ4Tjd4emF5TUVKV0dEQTF5YlZDemUwdklHOW5V?oc=5
2026-07-01 03:00,The Motley Fool,fool.com,"Stock Market Today, July 1: Meta Surges on Reported Plan for AI Cloud Business",https://news.google.com/rss/articles/CBMi0wFBVV95cUxNSnhVX0sxS0hpT2RXbjVOUnZUZU9CeTRTWmllYzRGRlFNV0liTDc0TG92Z3BMZ056Sk1yQ3NhNTE0NlVOLXp3VEc4cDU3d2dmNEsxVGRobGNwYmpDQm85dlpmWFhIN2xGSjh5Skt1dUQySUVpaXhLVk91SVEtMklRdTdYZDM3NThNcF8wT3lqZEpFYTdCTG9BOUg0M3JhaTJkRUpmb0Y2NndZWEJZLXRPTjFIeU1OS3U2TDlJaS1MSTJpaGRYaGl0OUdiOE9Id3U1TzlZ?oc=5
2026-07-01 03:00,The Motley Fool,fool.com,Why Meta Platforms Stock Surged Today,https://news.google.com/rss/articles/CBMihwFBVV95cUxNRDNqYV9qZkthVm9xWmJ5SjNGeHdOQlF5UW1DYUttOXFjTlBJY2xhd0hIeXVKQnQzSk1VdEtSNnAwTzdUV0RlSi1CS19hUHdwZDRVcUxxM2NxRURPQ0pSdEJ6cS1yMXl2YW9mT0RNa1ctdmpwZzIyZk5LYzVMX1IzYWFNVGZQeE0?oc=5
2026-07-01 03:00,Yahoo Finance,finance.yahoo.com,META Stock Pops on Reports of New Cloud Business,https://news.google.com/rss/articles/CBMimgFBVV95cUxPQUU2NkNudVZ4ZzhkYTN6Wk5YMWFMaUdjTlYzMWR5bTdLS1kxNkRPSTRPc3JoanUwOHNXdmx1LUtFSUViUmJTaU4tNlFfaTR2UHVndDZoWGZUN2tjbFpxcWlLTVNvaUlWQThLSEQ3aEhlYjFEUk9vUG93Q3A3Q0ZCWkdTUnprVXFJRGxmSHVwVllWbU9WcWl2RUNB?oc=5
2026-07-01 03:00,Yahoo Finance,finance.yahoo.com,Meta Stock Price Prediction: The Forecast Sees a Path to $800+,https://news.google.com/rss/articles/CBMiowFBVV95cUxOQ0dkODJ2blVOeHV2UnkxOHNhTDFYOXh6RzhNVWxJby1wU2tZWnNUOVZjWUFEbmk5dUtVS2dsZUhueTBxMzBPcW00MXJnWmFkd2dtd05hWmpfRWszc1dtSFdDRExpTzZiU3hvcnBtNUo2Q1RXNnZKU3FvTkpaV3VtbFlyYWNvYmFHc1AwcWR4UVMtYXN1ZFltOTFpU2lLRjRvU09n?oc=5
2026-07-01 03:00,Yahoo Finance,finance.yahoo.com,Meta stock pops on news it will reportedly start a cloud computing business,https://news.google.com/rss/articles/CBMi1gFBVV95cUxPZnFSV1Q2Y01ja3d4b01zVDQ3MHhWWWxJOENKWDVqLVJOTDBXUFA4ZVlxUGhRbmIxQXdPQUNTVWdDX2NRUF9GSUVHSTFEdzVuR3hKT3c3NWFwUXIzVnRMeGctZ2hrOThlbkZIM3hNNmszSHlRQUl0Vl9DX2ctRWIzTlhJQS1YSlNhNXctSWNONkViWGlnYU1pY2cyZmFvemJNdE1qT1RWc0NIdDhKLWZURHJBZUVRVzlnRF9BQ0M1aHd1QUxiM0hNN3Q0VjhDa0d4RkFma09B?oc=5
2026-07-01 03:00,Yahoo Finance,finance.yahoo.com,Why Is Meta (META) Stock Soaring Today,https://news.google.com/rss/articles/CBMilwFBVV95cUxOT2wyclZ4X1RLQ2tNVUxWM0g5Y2g4RnhwcENzcVlrTVg5elU5MnF4cG1UaHEtRkllUGtTOFBkYmZTbEp6TmhRWjZ5eXlqdFZxc2NIMXJDSHJnc2w4dVhsWlNUc25ud25qZWlCZVVQY3gyY3pNbld2OGhzMGE3Tk5JcjhhbGFvaFFDUVJLSGQxejZYd19KVnIw?oc=5
2026-07-02 03:00,Benzinga,benzinga.com,"Meta Could Crash the Neocloud Party, Analyst Says",https://news.google.com/rss/articles/CBMiwgFBVV95cUxPMmh0TVQ4aWhRYVl3OTFGY3hQenFaZjlCTXhZMk9fcTZMMkgwcjMtelNhRjBlTmkxOVFZWFFCX1VqY3NXelFFcVpBNGZkdzFIa2RiYWFMVF9abUI4QlFhcFlLUm9QRXJxaHVWeGF5LUhOVk9WNWVtQ2oxWmNBWlpzV2c5QTVJZEpVaFN1SUlGSUwxNkM2UlZtVzQ4bXAzSEEzcURXeWlPWHVMMld3MTlqT2g4dUFFZExzeXdlbF9Xa25mdw?oc=5
2026-07-02 03:00,Benzinga,benzinga.com,Meta Stock Surge: Why META Jumped 9% on Cloud Business - Meta Platforms (NASDAQ:META),https://news.google.com/rss/articles/CBMiogFBVV95cUxOYmhtRlc4dG9DVGdrY2tLbmoxbWdIbDFEUE8xUU9pZmx1dVJrNjd0SjRqd0g3VDlpeDhhZHdZa1VSNWNmc2NLVkRmOHVCa3ByUWRHLWFlUHRwOEtKWjZuRjN2SzdjWXBsa2dtMm4zcWVYZld0V0xlTmJxWEJQcWZTZlhfUUlKbklZRk5nQWozTzFROE1aZUxMRF8wemFuTkVkRXc?oc=5
2026-07-02 03:00,CNBC,cnbc.com,Meta’s push into cloud computing means Wall Street has to prepare for lower margins,https://news.google.com/rss/articles/CBMiogFBVV95cUxPN1IwU255bjdhZTZGQ2JLOGdmcDhvcDlzRkhBdWhFeUZTMEVGc3Jfa0g1dWRUODNGWGplSFNVcHU5VFRuWndZeldWOGdIR2dVSV9oTjFHYUJteUktVDJpVTVpS3RpRG53V0JydEg3Zk9ZTFUwM2ZkY3JlNGZ2YmlqZ2EyaVlLWkExZDhzN28wTkdSUUNwSHZDcjJVaFQ4VS1pbnfSAacBQVVfeXFMTVBmeVdadHNVRkRXLUdwMHpTREcxY2MxZTNyRGpPa25VMURqeHE0a3dVdVpDY2kySUhEWFZBUnJFZnFtWlVHem52eUVmMy1MeUkwRXJxU1A2R00xbGJPeDczRFBrNktsVnRsRi1mY0ZhYjZOYnFBX2ltMGd0em9YQUhveGpvZkNwd1JTMkVpMzBVbjk1QnUtWWVJdlJtWmFlYTBWQ2RiUnc?oc=5
2026-07-02 03:00,Investing.com,investing.com,Citizens reiterates Meta stock rating on compute capacity trends,https://news.google.com/rss/articles/CBMiwgFBVV95cUxQTmNLT2gtU2JCaXlDMTRueEhwcFUtM1JUc00ya1lDcmRnbjZqR21qdm1Bei1VVWt4ckJxTnpyWmFHQ1d0aVp5bDkzel9UaC1fMFRyQ2JjaHkyQlNjRkhrWlZNYU4ybHNiWGJEY203dVY5Q1hTQ3kydU94cnhVUXYteDVJLUNXeWpBOTF3SndvUGt2TTNKMGxaU0RNMHd4N0ZtYjQwOUd6eHJlOUM1QV9pUWxCbkxRUWhzYU51NmJiQ2o1UQ?oc=5
2026-07-02 03:00,Reuters,reuters.com,"Meta building cloud business to sell excess AI capacity, Bloomberg News reports",https://news.google.com/rss/articles/CBMiwwFBVV95cUxQRTFZdGllTTA5UmJ6WmxLYjRDUHJ4RWg1U3dCOEVGTElDMUJlNWQwOTg0VWZxTGUxSWVPaEJqTjJ0TTZsRHk5Ynh4RC15a0ZVQkdxQVVGdTl0UXRZZ3NBLVZWZVQxcWJQSEoyQ01LZ3F3V0FnWFZucTNibm9nTm9DZlVfNzAxaW14LXFYQXRxdmxFMXZBeDF0NEo1dnN0S2tFdTlpNVF3bjNoRVY2WjE2SkFBNXhzWkVHOFRFOVk3Q2ZZakk?oc=5
2026-07-02 03:00,The Motley Fool,fool.com,Meta Is Finally Entering This High-Margin $500 Billion Market. Is the Stock a No-Brainer Buy?,https://news.google.com/rss/articles/CBMimAFBVV95cUxNM3hWS2lweEZ5eWlhRk5PNTVIbVRjRURoVVVlTU1YdlY4dU5zajFRbGt1a0ZGb2tCcWZkZmxEUmJnT1NpYm1obmZualQtT2RPWmlGbmhmWEw4UmJGN1hBeWNRMkpTWkNDMVR2dHBuZE1LR2xiMzNFY2RZNjY3SXB5dnpyZGlnYkFpVkxLZU93OUt6TnBiaDI4bA?oc=5
2026-07-02 03:00,Yahoo Finance,finance.yahoo.com,Meta (META) Stock May Be 21% Undervalued Despite Meta Compute Launch,https://news.google.com/rss/articles/CBMikAFBVV95cUxOUUFzc0pWd3pNdnNtV1lELW01T0w1WlM4UnFTa0NCa0NKMEZBeFJUVG1NWjlHb0R3a3ZnZkxkYVhRVldTM1BlbDRuanN0UEtLUEJ5V1RwTDhLekJ1b3lrTWpVMm1YVDZ2cUo0MEN1dnZZcEJfZUxFd3M4c2dKcWptckVDeVp2NVBVQ0xZRlRLMVE?oc=5
2026-07-02 03:00,Yahoo Finance,finance.yahoo.com,Price Prediction: Meta Stock Will Hit $900 on This Date,https://news.google.com/rss/articles/CBMinAFBVV95cUxQUzNnTUI5MTFkU2xMM2IzWVUzT2xFcmhReFIzVkp5NVk4cVBRN3lyaGRrTVlVSDhLcEZYb194cm5vY3Y5VnY5cjk4VlVPeEVrbXNqT2VMZ3R1dkkybTlLOEsxRms5N3o3d2N2MFJMNnRVN3BVZksxVzhoRUZCeDRqTEluZ3NTSUhnMks0MEM0bFI2UC1NOEhRLUFwaDM?oc=5
2026-07-02 03:00,Yahoo Finance,finance.yahoo.com,Why Meta Platforms Stock Crashed Thursday Morning,https://news.google.com/rss/articles/CBMingFBVV95cUxQYVdzQnNyRmZVQzloeEZ1dTZ0X3gwd1ZUYWhJRzVhY2FuVk1sbWN5ZHQ0bjRnWVNmVnZTU1RNbW9feXExYm5FMHFfeWRNaE9wWlFiam40TTBrOVJSYU8yeEd4NUxIZWhyMjFmSVFSSGNocHFIQUxnX09sbVFoMTdMTmNiMkprc2NEbHd5b3V2cEpRNTJ2Y1pSLVplM3pOdw?oc=5
2026-07-03 03:00,Barron's,barrons.com,Meta Stock Rises as AI Fears Ease,https://news.google.com/rss/articles/CBMifkFVX3lxTE1fNndGUUxhc3pHRTlEcDZ4UzlBaFVVZGRfa0tuM2RJTXhjallpZkFtNVVndmlMTU9CQzUxcWZtWUt2UGxjSERIbXZiWWZ0engwZnVVcjgxRXVWZVJOeVB2cHBtOVdYS1pONmJ6N1JLMG1GaUNzajdQS1NmWkl4dw?oc=5
2026-07-03 03:00,The Motley Fool,fool.com,Massive News for Meta Stock Investors!,https://news.google.com/rss/articles/CBMihwFBVV95cUxOczk2aTlQcFNncHQ1SzVxZ0hTbDIzU09NY3pneTVDV2FwMnU2S09PbE9CcUhDS21IdjNTc3lXY2Jsbk9yOTRpUFBwRjczSW5seFEwTkJhdDRqT1Q4ZDM4SzJSQXlBLW93TFY1X2hYUDV5bkQ5U3B0d3dpYzR2RVgxTUhncEVqbFk?oc=5
2026-07-03 03:00,The Motley Fool,fool.com,Meta Platforms Will Spend $135 Billion on AI in 2026. There Might Only Be 1 Reason Why.,https://news.google.com/rss/articles/CBMijAFBVV95cUxPLXdOcjhZdHF4M1NIS2pCbFZfZHZzcTlQZ2V1OHR6dlZaVGY3U1RRMnlxN2NpUy1leUFQTFRrQUFmU2xTcWZyaGhOLUFmbFluam16SVRvV1p5Wl9ickUtUzJhQkVKTmNueHk4QjBnSkhSZHJlSHJNblVjenpzbE9fTFJZUURBYlhQRm15MQ?oc=5
2026-07-03 03:00,Yahoo Finance,finance.yahoo.com,These Investors Say Buy Meta Platforms (META) and Ignore SpaceX Hype,https://news.google.com/rss/articles/CBMinwFBVV95cUxOV014RnFVc1YwN0p0UW10aUhndE5tYWZFYm40dzhJYkRFZVl6NGVlYlo1UnVCSEpXeWJsZmFzMWhyTHFuQkptSWpuMVJBaEp4Q2c5dEp5c3lncngyekZzeTJ4MU1TYkdNRlNQY0ZxR3dwemdJU3FTQjR5U0V0SW5VSG5ZdmxLZlYxaWpGaWR4eGlXQkZWNVo0XzZic3hnMDQ?oc=5
2026-07-05 03:00,Benzinga,benzinga.com,"Meta Platforms, SpaceX, Micron Technology and More: 5 Stocks Investors Couldn't Stop Buzzing About This Week",https://news.google.com/rss/articles/CBMi8wFBVV95cUxQR2ZxemZqUGljRnR1LVpoRm1Xd0hpRzJOTkllQ0JORzNIZGZNSXVNd1padVBXd2dDZ2FfUC03aUNPdmxjbXI5M0JLdkEtODUtTjJYTTA0Q2xWd09EVHBfcGRxS3UzMzg4a3h5bFFrTjZUWTVZODVNZ3VyQ1ZCb1dIZzBWVWRLRUFDT1pSczNjc0R3aXU5d1NNY0pUamRLd3BvWWNmZ1gwQXhjSTlUeDFTT0lmQm41SlpZd1F2UEpJM2l5NXBaUjRsaFNKN2JSYjl1UU1idEdlaUlGZkRzcWxxQm1tdE1oQUY0U0JRbzVmbXhTVXM?oc=5
2026-07-05 03:00,Fortune,fortune.com,Mark Zuckerberg takes business calls on a jet ski wearing his $800 Meta glasses,https://news.google.com/rss/articles/CBMiogFBVV95cUxOTjJQM2VEYUNKZ1NLQnpLQnRtUnB3UnA1bll6U0cyY0ZhazQzNlJxSXF1TnNnR0E3Y2c3WVJoOFVlLWFCYnloUWIxdzdtYmVVeGVvRy1oYlRIQzNtZEZhWG1zTHFoZ21KRGVzNFU2Rm5DTUZfYTNzTXItZHM5MGJ1VC1NRUZOQks0WEZEYmUwb0Z6a0RkNU4wVlc5S0NDcWh0SGc?oc=5
2026-07-05 03:00,Yahoo Finance,finance.yahoo.com,1 Thing That Could Send Meta Platforms Stock Soaring in 2026,https://news.google.com/rss/articles/CBMikgFBVV95cUxPci1Od1J2VVBWcnJtYk1waXhGZ2lNc3V3N2dibkYwY2F3aUQ1dlhVanNYSVd6ejVwRVlQcG1xMVlOUG5FX0lQNnRNckwxMzRTc0NQZUJpSTFCV0I4cF9rYW5ZbzZ1eFNZTHZlZmNSTE84Tm42RnhiQWU2eG1WWHR6RXhfRURZcl95eGFaN2pvT2E3dw?oc=5
2026-07-06 03:00,Benzinga,benzinga.com,What's Going on With Meta Platforms Stock Monday? - Meta Platforms (NASDAQ:META),https://news.google.com/rss/articles/CBMirAFBVV95cUxPNDlNdXhWZWZRdy1jMEFLVFpzT3NqY2R0T3FnS2EwQWE2TlVOM01SODRkVmxZdE95dXJ6WFZmV21uLVNGeC1xTUlpYVZsRXRtOGNSVU11TTlZb1dpWlE0NkNCV3pSR0lQWUpIbUFHc0N5cFhYQmZ0bGJ5NzNuQjEyeDNqSUpBWUxyY29GaElnekxLOFh2dkdBOXhVaERseXNjZ1lpVXZ6QV9Wc3Nv?oc=5
2026-07-06 03:00,Investing.com,investing.com,Why is Meta Platforms stock climbing today?,https://news.google.com/rss/articles/CBMipwFBVV95cUxPaUlIZ0ZpZWhrekxndUpmcG9ibGtVdTZmN0RhLWJFMnJTamdIdnRCMHdfQkRXU1JrR2xoN1J5V2lRZ1RvcVNwczl1bXJBTWlIR3d3eVgtQWdaNlpoRERKZENGQXYwdTAyNWxFaThqYWdrSHJlNV93bXhqOExBQnloUkZ6cWhkaXF6aE5nTEs1ZXliTHdtcnhvYmpLNV9BS2RDZ2xyX3pVVQ?oc=5
2026-07-06 03:00,Seeking Alpha,seekingalpha.com,Meta Platforms: This Neocloud Pivot Could Be A Game Changer (NASDAQ:META),https://news.google.com/rss/articles/CBMioAFBVV95cUxOWXZKb3dIcWJ1cmF6c1BwV2dDa1V3dU5rcVJEYmJOR0FkUmlIZ2xTMEozTW94NG5CUUs0LXZjWFVLRlhwbjRJUXIxbTRHRFFGT1hEckU1LUU3X283Q2N0TGxMMEpuZlR3a1pHX182SUh0bmZiTHdQVUctOEw1eVVQMTcta196TWdTbkZvS0ZtTFhPaVpQZlppOExNWGpQaHky?oc=5
2026-07-06 03:00,The Motley Fool,fool.com,2 Genius Artificial Intelligence (AI) Stocks Trading at Irresistible Prices,https://news.google.com/rss/articles/CBMilwFBVV95cUxQSVk2YjIweXp5ZWlWMVRZUmNCYkVNdGI4angyVTZWa1lKVUE1cFBLaS1FQ3FyS0duQWZfUm53WGJJRTJDeEdtYlRQVXZXNGcyU01wQUFXZzd0VzBWU28yWTNCalBwek5KNGExY1JCdTgxRkZWbjJ4RHNwRFNCczVKSUFJQ21yWFlxY0VVWk9ZMWNPcG5qckRj?oc=5
2026-07-06 03:00,The Motley Fool,fool.com,Meta Platforms Is Entering the Neocloud Business. Here's Why CoreWeave Investors Should Not Worry.,https://news.google.com/rss/articles/CBMimAFBVV95cUxPT1o5aVhTblNUQVZCN2pJUVltQ0cxQXZBWnRxSjNLWkVPWTJwalpHRDM5ZGpLd2l1VHR0U05XR0t6eEVBVTIxcnk2UEUyN1ZzczJXRTNJeVBNMmE0YnJ5QzdNYVBSZzdEc1JWQW5wcDAwb1N4TDAwaTNDazJvWFFRbm5DWlJkUG0takhqVUNnVzhCWGtUdDdWeg?oc=5
2026-07-06 03:00,The Motley Fool,fool.com,Meta Platforms' New Cloud Business Could Be a Game Changer for Its Stock,https://news.google.com/rss/articles/CBMijgFBVV95cUxPSFY0dWs4S3k0VHNDU0s3SzZCM2Y5Z0J4TnlWNDdGQi1vbi1QT3JrelhmRjVIRkpKRTFpZzVZT2ZpaGtmcVdxQ3NiNGtBTkJMenV4d2JuZFlqdnZLbWRvLXZEek9reHExNkJGemRURGIzbTNBVzlYT3BSTnU5MS05YU9xTkN2TTFDMUdkM0ZR?oc=5
2026-07-06 03:00,The Motley Fool,fool.com,"Meta Stock Surged 9% to $612.91 on July 1 After Reports That Mark Zuckerberg Is Building a Cloud Business to Compete With Amazon, Microsoft, and Alphabet",https://news.google.com/rss/articles/CBMilgFBVV95cUxPaTdyMUVuNHBCR3N0WG9fSTVDNWRSdFN1ZzJOWk13cGJmZkNVb2pRWUdpVW1HbVVOZWRqTnFLaVdzaTNSaDFtTjhYX0RiSzFBY1lLVEp5MV96eENhQjVKM3FndWpkb0ViSnRvWnFMT3JNRC1TRVlHS1c3WkVkVHdHcVlLSGFUdlZWbGVtSkJYWHlGLWc0TUE?oc=5
2026-07-06 03:00,Yahoo Finance,finance.yahoo.com,Here's Yet Another Reason Why Investors Should Be Bullish on Meta Platforms,https://news.google.com/rss/articles/CBMimAFBVV95cUxQMlBRVE9xT0pqaEhVY0VJNVZMM1V4UWVUcXgtN3otTnJQNDZvSTJyekl0ejRFTS1sMGRmMXJqWUdSOWdzVGthUkVJSUQybG8zR0tOYmdMNmJDR3drS2pqOGFndnJsLXdKbHFIYnU3RHNfMFdFZmlVZFRvWUVvOUpGWkpjODZlUzZmSHU1bV9QNDZaQWhOV2VLMw?oc=5
2026-07-06 03:00,Yahoo Finance,finance.yahoo.com,Is Meta Platforms a Bargain or a Value Trap?,https://news.google.com/rss/articles/CBMinwFBVV95cUxPMmtROXJYVDZZQktXUTFFcjZKNy1fN0R6cGU3OU9KWFVrSE0tcDczWHZhSWg0WFVPWDZEREdWT0JySzFLLXl6U1hNNHhuY0QyX3lTLV9XQ2E2bWVFb2p3R2FKakR1SXp4OFJyaEFwTGlvUVdqMEVnMC1DeW5aSjhpa0ZmdngwVU02RUlIMl9vZXFGaC1sVVgxRmo0cGZPME0?oc=5
2026-07-06 03:00,Yahoo Finance,finance.yahoo.com,"Microsoft vs. Meta Platforms: What's the Better ""Magnificent Seven"" Stock to Buy for the Second Half of 2026?",https://news.google.com/rss/articles/CBMinwFBVV95cUxNUWJrT05GVFR1Sk45VkdTamVPTTZVQWFYUUhKTC16NU1RNVZFeXJscVN0U1RXaFhiT1Zvb3VGc0t6RURtb2tiajNGWkcwcXdNaXgxSTFhX2hqdHpESFZMdVJKSWh5cC1yVGw0V3FKUG9wYmVjSWxHOUx1djcwMFpHdTlSZ2FtNDM3ZHMyeXZPV2NHc0NQWE55OUNPTnBDb0k?oc=5
2026-07-06 03:00,Yahoo Finance,finance.yahoo.com,What You Need to Know Ahead of Meta Platforms' Earnings Release,https://news.google.com/rss/articles/CBMioAFBVV95cUxOY0VrRi0tYnBYUFY0TnVWTGZ6bF9fdHRXbk5nRTE5bEpSSjdWbTJnTENpRDNWU1pBMVpMTl96Y0EwTW16V0R3SlV2dzdFMVNIR3pzZ29uNGp2NnFlLXdhR3FBbnBnREJlOGo4VHhOZmRkaWFSVzkwTXNlMXF1aGczeGExNFFYZ1VfN1QzNFEzQWdHREZCVnVFZWNMZ0UtZWJB?oc=5
2026-07-06 03:00,Yahoo Finance,finance.yahoo.com,Why Wall Street Is Quietly Dumping Meta Stock for Google,https://news.google.com/rss/articles/CBMinAFBVV95cUxPUFZMQzd1Y3pXalMxM3lFWEc5dzlibUR2S1otak1yd0p2YW96SHlzdDVFMmdhcXBuQjFEVzhXakRZNVQwZ2NTS2NwTl9nWnZwc04ySFBhM042RURSRHNTOEdfN2VjYnhpQjBaQTdrWmZaN2U3Tk1QRERzRm9wRE0ySUFDZ3p0WXB5MXZwMm5EbTEzXzVGVURob3pyam8?oc=5
2026-07-07 03:00,Benzinga,benzinga.com,Muse Image Launch Puts Fresh Fuel Under Meta Stock,https://news.google.com/rss/articles/CBMisAFBVV95cUxOYXYzMzRHbHQ1SE56cklweW94d0x2X1FXSUNwN0FHS2pkNWJQZThvRWlJZlMtcnMyb2ZRSXQ5VTNTaDVLQ3VjWm56VnBDLW03ZExuOVFoYldKYVBmRENVS3lTOVVRZlc0TTA3d0h5OFREZU5KNk5lQ3VFMWdiOHBvWHNVbEFwQ3BfQThuS1pmdjY0OFYzS21IRWNQYWxPZ3ZHZl9tUjZ5Qy13cmZrSkc0cw?oc=5
2026-07-07 03:00,Benzinga,benzinga.com,This Meta Platforms Analyst Turns Bullish; Here Are Top 5 Upgrades For Tuesday,https://news.google.com/rss/articles/CBMi4gFBVV95cUxNZUZQZVBYcXhqaVNuSDBBbFBTc1Zob2MtWjlWR0VtNE4zeWc0aC0xT3NDV2RBQ196QUtJbkxyUlRyRC1zalB3LXQwMHFmcEZfTDhOdFBhYUxTQ3NJUHg5aDR1amtybVV5RW9DQUtISEJTOVBWazNCSXoyUy1KcDFncUpkQ00yeEdfOHRQQV92OFFxcmw4SWhCUmtla2RiLTdkcDhCamZJSDc4NUxVT3JVMkV4MGYzd0Z4alRhTnQ3NkVDcXlrOXc5d3hKM0EzMTFLNHktT3RFQ2NNY1hiMUhqdlZ3?oc=5
2026-07-07 03:00,Benzinga,benzinga.com,Why Is Meta Platforms Stock Gaining Tuesday?,https://news.google.com/rss/articles/CBMiuwFBVV95cUxPR3ZqekF5X0dXRzJ6SFRkS1lXN2tKcG9yQmMwbHBLZ1hzRXp2U2FHeXhXdDJMTUloUEttYTFfcjBiWHRHWDIwS3UzMDVHRWVqSXhtZ2d3bzRyNTNENGp6dDJ4V1RxUFBSMlFYSlpFTHV0NWdDVzlQelFiTmhQZ0ltR3ZsQzhWWHVhVlg5TXlLcDc2bnFaZWxEdW9lR1NYUHdaLXVNc3Y1WkoySmhKbnpXY09ISVVoVm5fTWUw?oc=5
2026-07-07 03:00,Investor's Business Daily,investors.com,Meta Stock Tests Key Technical Level As Wall Street Sizes Up Cloud Potential,https://news.google.com/rss/articles/CBMie0FVX3lxTE9VZm1CUlRHNG1qemU5QnZpUFpkR3IxTG00SFpkejBYZzdVbkF6ZFc3dEtVbTJrR2Z3SWMzbmREZTJnZjZkakZ4MHR2TEJnV202ejMyWUJFMkR5WXBicFpSXzRUc0VPMm9OeDVVTHdibjBfOTRXSG0zT3p4RQ?oc=5
2026-07-07 03:00,Seeking Alpha,seekingalpha.com,Meta Platforms: The Most Obvious Buy This Year,https://news.google.com/rss/articles/CBMijwFBVV95cUxNc0d4eFdRLVZ1NW5PLUo4YXRWNXBwVDBvNVJUVzcwZ2RiQ3JQbWpKX2pZY3JXc1FNR2VVaWRoMzUtNUZrc3ZkbmhhZHhMQnNZX2c1TVdFN0VWc29DWTBOdDQ0WjBYTDJMeG16NlphQlc5a1FCekZNVURibXFmM1h0Q3FzdEx6dC1Xd3dhRnRYQQ?oc=5
2026-07-07 03:00,The Motley Fool,fool.com,"AI Leaders Nvidia, Palantir, and Meta Platforms Are Shaking Wall Street's Foundation With This $15.6 Billion Warning",https://news.google.com/rss/articles/CBMilgFBVV95cUxQVEJYSUFTS1cwdWl1TFhoVDhpX1dGVzNBeEhyMTI5QmV3dWZxU2dkalNIbzI2UURydUpManM0ZHZ1Y0lNWmwxZUItb05WTEtQRVNFa0JKSkJCb1czUlZuSTIxSXc2ODNVNEU3TGsxdUZtRk9SYzlhQ0gyWnpld1I5ZV9JTDBPQmtoZnhiRUl2TTc4MXlka3c?oc=5
2026-07-07 03:00,The Motley Fool,fool.com,Why Meta Platforms Finished Down 11% in June,https://news.google.com/rss/articles/CBMijwFBVV95cUxPR1VvcXZ5Ri1nZ3YtdlQtVGdQZVRrNFlTeXZhN1ZZTUpaSTlzM2hTN1l6RDNKMU96MXpSVjVtV3dWNlVrY2t4LVpjSjFUdEJ6aVk5R2JpZHZob2VtTkR0TVowWDRockxVVG9ib0JsVmtnMXJGSEpwbHNVdFh1a1dzckVpQ3U3WGJmQ2pxQlBQaw?oc=5
2026-07-07 03:00,The Motley Fool,fool.com,Why Meta Platforms Stock Is Rising Today,https://news.google.com/rss/articles/CBMiiwFBVV95cUxNWjNfcllZdDhOYnh3bzdRRXFURW1NSVduSlVLXzNBY3NSUG9PZEhhdDZIVUJJWXEzb19Qa0Q3TFhfa1Z4QU5hWTFMZy0zdnVYcHFxRTBrX0xfRGdoelFma0NCdUVXR0RaZjVnZFlIN1hEVl9EY3RXYWZhcXJWbmgzVHlYb1lLM2xYOHp3?oc=5
2026-07-07 03:00,Yahoo Finance,finance.yahoo.com,"Meta Platforms (META) Reshuffles Leadership, Is The Stock Still A Bargain?",https://news.google.com/rss/articles/CBMiqgFBVV95cUxNZW85S0FybmMwSUFRRkN5Si12eWR5bGJITjM0RFM5dG1DZ0tmcWFBYVdRczlHa3NnREFZM3YzRlRzYmZEU2pZWjhfRWxlYTFabS1tTmMyNHVXY3pQd2UxT2M1ZWRYVzdaWDRMbGhhRjZzOFRJX0ZHdlJNTE8yUXFrbFlaZXBsd1hQNjBRYm02VzNKVFo5cGItZElNeFBCUFhRRm56ZGREVHVEQQ?oc=5
2026-07-07 03:00,Yahoo Finance,finance.yahoo.com,Meta Platforms (META) Rises As Market Takes a Dip: Key Facts,https://news.google.com/rss/articles/CBMingFBVV95cUxOT0RCMUF4TERicHRXazhnb052ZGZ4YlV1UzdnSmN5VHhyS0trd3VFNXBIVHpIN0lRV21vZEZ1cktEMWJpYmtiXy1FVHBXQ1drZjB5azNUWUJZWUdaYnBsWUdrZlhpVTdUZXk3V2RZRHFBcHNGNEdQQTBHbFR6VlI4TVQ1UWgtZFZ3OUJ5ODB4MmpFYVJnR1hpV0ZEYW9vUQ?oc=5
2026-07-07 03:00,Yahoo Finance,finance.yahoo.com,"Meta Platforms, Inc. (META)’s Shares Down Significantly Since Jim Cramer Said They Should Be Up",https://news.google.com/rss/articles/CBMimwFBVV95cUxNX0VSb2pJcWMxRzM3NlJTSjJZZGpmd05nbFl3NHU0dHk4bk94ajNfQ1BxZjdIWldpcTVoeWthUnQxUDBrUFF5TTMwcVZQNGR2c251a09WUFhhS2dzYzZveWtPLTI2NDhrNXp5RlR1TFlLeHJYUGlkb2JTWUNnOXQzLXZWNmRmeDc2dl9RTldqS3RwaVNXcXo2dDVZWQ?oc=5
2026-07-07 03:00,Yahoo Finance,finance.yahoo.com,Meta Stock Stumbles. Goldman Sachs Sees a Buying Opportunity Ahead of Earnings.,https://news.google.com/rss/articles/CBMinwFBVV95cUxOUzRDYklGWEo0MVhmQ0lfNTBSLTR1TWlzeE1JUDhjZWpweGhvay1fZVN4LWxNWGJoenFlYkxHRkR1SkRWQU5PVk5jTHpFUUduNFNJbUNmNFR1aERoWU1yYUlpS1IyT0Myc1dnSGxqRGVzVFEtR0ZPS2tkN3lNcHlzQU5vTTU5RXdBdTk4T2w1U0lBQjV2V2EwVjVqcHdsNGc?oc=5
2026-07-07 03:00,Yahoo Finance,finance.yahoo.com,Should You Buy Meta Platforms Inc. (META)’s Shares?,https://news.google.com/rss/articles/CBMilwFBVV95cUxQam9XWUIyMVRXSE1mZjFIMVAwa3JfQzFqR0tTU21tbEtQZElLN1VuRWVzTkVfaXJnNGhpVzZrOFFTbV90N0F2U0tMMVJTZ29FbTBkOGMtQzlOMEt6NER1U1l2MWtFR0VNVDdndTRpSHdjdFNOSlZvZnh1N3UxeldFTFFnYVJUNm5LOG1ha293TWd1YkI4Z2tB?oc=5
2026-07-08 03:00,The Motley Fool,fool.com,Can Meta Platforms Become a Neocloud? Don't Hold Your Breath.,https://news.google.com/rss/articles/CBMimAFBVV95cUxPXzhZM2dLbmlvajIxQVUtQ0R4dmVNNjUzang1al9DSUJhajVtalkyWVJicXNTTm1aQnNiR2FJbmkzOGZoOV9Ydjh4eFBJZ2hqOW9Oa19HTW1JYXhiYk9zX0VzMFdoc3J3SElvVW1kOVZQMGlERlpXRG43amtUZFBDOXlrWTRFYU0wLXJuTFRLU1hYUlAwcGN4aQ?oc=5
2026-07-08 03:00,The Motley Fool,fool.com,Does This News Make Meta Platforms Stock a Buy?,https://news.google.com/rss/articles/CBMikwFBVV95cUxPUVNodnA2bkJQZVdJQnluWGFacFpqRmFYdF9ucUp3MFJFM0E2b0N1TmFDc3FJWE5iSWxqR3pYcEZZa0s0WjY0YlhobjJob2RaQnh3MlQyaXdFUmpmRHpXNnY0RHpMNWw4WTZLLW9MQWRYYjI1QXVXM2kzc2xwbDhqTGhuRkNZSjZmWFFFQmFmMXZtRUE?oc=5
2026-07-08 03:00,The Motley Fool,fool.com,"Mark Zuckerberg Admitted AI Agents ""Hasn't Really Accelerated"" as Meta Stock Dropped 5%",https://news.google.com/rss/articles/CBMimAFBVV95cUxQOGRzOHNJMlhRdDhRWkFpcEVvbUFlZUVFcXFqUjZNRVJJUV9XcjVUTmg3UGpKU1FEc0pRU1QtcFAzbTJhWUFFcklKMnNnYTRLRno3dmQtX2V3Z3EzZ2V3aFE3bEZFbUhXR2xwZmJFYUhJSDNHOGxqak0xdVk0b2VpWEVLd29VQlZMQ1plaUVMM1N6bTFsY0tWaQ?oc=5
2026-07-08 03:00,The Motley Fool,fool.com,Mark Zuckerberg's Meta Is Entering What Could Be a $2 Trillion Cloud Market. CoreWeave Stock Fell 14% on the News.,https://news.google.com/rss/articles/CBMijgFBVV95cUxOUmQ2MmhBRmxyQWZUaXh4ZnF4ZWFoUnFuc3FZQ0dlSHM5cWt3NjlRQTRTd0NwUVgtRU11ZFNKR1B4dFF0SEo1X1Z0NnR6RVBXQUMtM0l2S05zLUp0alpVSVFTNXVKYjNZTDg2eGxONHdUU1hqNFZkVjd6MmZVb3picHI4ekR2VjZtVGZLejZR?oc=5
2026-07-08 03:00,The Motley Fool,fool.com,Mark Zuckerberg's Meta Stock Surged 9% on New Cloud Business Plan,https://news.google.com/rss/articles/CBMilwFBVV95cUxPLWFBWEVaWFhaWFlmX0wyZ0kwOU5Ma2owVWpzU0RRUGx3MG5oN0xvMElueG9SMEw2OFZURVVJWDJaeHNpMldqRkxXdV9DSEZvYm1iQTRUT0d2MG0zTTRuLTR2djlCZFdyQXNRS0xobnkyYTNMWi1fUk9aTG9WVldscHp3RUt0ZjU3cU5WaTNuUzVNMDBOSlFR?oc=5
2026-07-08 03:00,The Motley Fool,fool.com,Meta CEO Mark Zuckerberg Just Delivered Fantastic News for Investors,https://news.google.com/rss/articles/CBMilwFBVV95cUxQazlWSlNHb3ZuRzNlWDZIMUZZb3VfRmV3MTlrWmdXNVhrUkM4RWJOTXQ2Z3lwaHNLblBpR1hVTFpERFczSDBwMlBjOWUxWjBxVWNfZld2NXFhVDRaVTNqQjV0NjRtTnBZNFBDQm1laTlTMnVUS3N1ZF81SFYzQlVOSVh4WlRQQkxxdnd5aU1HQWVER3UtWVlV?oc=5
2026-07-08 03:00,Yahoo Finance,finance.yahoo.com,Meta Stock Gains After New AI Image Launch,https://news.google.com/rss/articles/CBMikwFBVV95cUxQOXRRVE9QRDVQZUVIanF5Z1ZKcGRiNEJaenI5QVpkMUJyV0hrdW9yb2FRMS1UVmhKZDhIREYwQ2dadmNKQWNhUzZHMHJyTkVLUVZFc1dHS05mOGtJWGF0NnBzRjNCZ3lHclhBVlpXbVQ5MUk5ZXRkY1NyMmVnTkxVVG92Nm51bXZMTWFPUDdGTFJ6T1U?oc=5
2026-07-09 03:00,Barron's,barrons.com,Meta Stock Rises on Muse Spark 1.1 Release and Broadcom AI Chip Partners,https://news.google.com/rss/articles/CBMikAFBVV95cUxNYURVZFA5NUZlYXhjaEpjbVhfVUtHaTNlaXZhS1JFYzk2ZmtkbVlOSi1oNnBCeENabk1FT1FyN0lfdG41ekFPSmhyenBvVXJuaWZBcWY1dmlLYmV0Yk1QRks4MjRad3JMdm1INHJHei1MejNab1NKU2ZDWlZuVXFJc0FCTTA5eGdGVmtFdTlhdlg?oc=5
2026-07-09 03:00,Business Insider,businessinsider.com,Meta's new AI model could spark a massive price war in the red-hot AI coding market,https://news.google.com/rss/articles/CBMijgFBVV95cUxQbnRnSGhvOUZOSllOdklUOFBHcGYyR1JKdFVXR2ZVLWhJcmdxTGFIa2tma01NNHBGWnVnNTNpTExMYUtWTTdvRmNjcW5qb0FHMGZnd0F2ZXNxRFU5U2VSeUJ1Y2FYX0hxVndsQVg3RGhwRWV4bEhySUtlS0d2RVpSREZSUXhKNmhsNEVmdm1R?oc=5
2026-07-09 03:00,Investor's Business Daily,investors.com,Meta Stock Jumps As AI Battle Heats Up. Zuckerberg Says Cloud Business 'Make Sense.',https://news.google.com/rss/articles/CBMiswFBVV95cUxNZlpKS1V0aXFSaXM0MUN3ZzN4eXNaaFpyUU9QbldRZjdzQ09xTkZaWHlDZzFfMmNpYmRXWmdhTG9oU2dIOExaYmFwblJ5TVkxWXdvTWIxMS1BVFNTUVllWFhDcUNzUS1oRkJuc2E3cUltWlg3V0JaeVp4OWJYTm5TWkpJcmpvTTJWVmpScVV2NHpoZnJmamJtYnBXWnJHOWJQRUdkSnoxNnUzTmpnLVljbzhkdw?oc=5
2026-07-09 03:00,MarketWatch,marketwatch.com,Meta’s stock rebounds as agentic AI coding and custom chips ease spending fears,https://news.google.com/rss/articles/CBMivgFBVV95cUxPeUowWmdPTEtYX0Y3MlFuSUtqSUh3TVl6ci1ZSXpzZjNYU2hyVFZ1US03YVhqMFk1T09kaWl4bVpKc1lEdEQ4NEZhTTNlVzNPb2FwS0x0aGw5cmQ3X1l1cy1rQ0tsM3U3Mmt6QlFpTS1fOGVvN2dTVmdtR1ZXLUg5a3A4QlEwQkpiQVI4QmhZRjVtVTA0RVR2SENzZFFqalRpRllQekdSMDhsN0RkWG9mMTA2ODdwemdVbFBxUjZR?oc=5
2026-07-09 03:00,The Motley Fool,fool.com,Why Meta Stock Dropped -- Then Bounced Back,https://news.google.com/rss/articles/CBMiiwFBVV95cUxNb1VJYlVXc1JpY2ktekFYU2RUS1lCWHpHbFlaNERPaGtfM0tIdlJRaUwzYzduWl9DQm4waVQweWNuTm9pM0c2SEFjMWpldFBOellxaVpIQ1ZUUGtmUmp1bWx2SjF5WHRoLVhocUliZlZQbkFsTHpkVmp2S1MyWmZyVTg4ZDNuRnA4ZVZv?oc=5
2026-07-10 03:00,Benzinga,benzinga.com,Bill Ackman’s Big Bet On Meta Stock Is Finally Paying Off: Here’s The 2026 Gain So Far - Meta Platforms,https://news.google.com/rss/articles/CBMi0gFBVV95cUxPemt6dy1pd0JFOTdEUmFxMm52aklJVU5ZeU1JSDNHYUNBalFOVV9XZG43azhlVmlkb1dJTnRKN201WVc0Z1FJc1N0UHhkTjZLdHBoQ25mcTBuU3A5ei1vWVF1QnROY2ljU09EbUNSa2JhMlM1UEtOekpYYUh1Q3lZeW1GY3cwLXAtalB3ZFlzYjBMTkhBWGZVV3BwM2NhVUdUQUxEcUU3NlVzNl9oWkZ4bVRmMlhEY1lCZVdCb0NvcXVubXNxV0NfRmxaMi12S09MUlE?oc=5
2026-07-10 03:00,Benzinga,benzinga.com,What's Going on With Meta Platforms Stock Friday?,https://news.google.com/rss/articles/CBMirAFBVV95cUxObl9VcF84b3NtM0ZKa0FnTEd1RnJoSF9kWUVndlpTRF92X1RGblNKOU8xUVZibnQ0dDJ5dklZZ1hJeUIteURuaEFzR0p5LUxNUEhxWWF3ME83VFN5M3pKT2VLaFppZkJwNkdVQ25XZ2Y3TGxyOUQ2dHIwWmwtcTJJTTNpVnlUWU05OUYwbHkxZjRCbXI3YzUzaHJWNi05UU5OWlNTSXQzUnZuTUxH?oc=5
2026-07-10 03:00,Bloomberg,bloomberg.com,Watch Meta Shares Gain Most Since April 2025 | Closing Bell,https://news.google.com/rss/articles/CBMiqgFBVV95cUxQQjlmdUFfT1VOcVBRdk9NNjdkZmRrRDFfbWVWdmlOdkdETjRtQ1c4bGFLbXYzLURzLWw5YVFVQ1Z6UDROdUVSR3d3dDgxaklHeUxUSEFfTkZDb2ZWc2lCY0NKZVE2Y3pxUXdZVjJQVUNBLXo5eDB0eTJKb1p0cTZyajBWbVJzY2JhZGJmcW5rSVkxT21PQmZXQTZZMzhMVTVRUGNjY1hRUVNIZw?oc=5
2026-07-10 03:00,CNBC,cnbc.com,Meta stock got the 18% pop Jim Cramer said it could on cloud news. What's next?,https://news.google.com/rss/articles/CBMisAFBVV95cUxOYUpoZEZOTU9LcVdhMm02UDRQWi1pT1l0ZlUyVXVJM09adXQ1ZkRmeFZBRjdHQy1XMG51alAzdHExSE5QQ1ZGWVFQSlBmMGU2N0JmcHJMb1NYM1FGTnNINFZyc2VjRzB6SmtNX25VNTB6aUh4Z2JEajdxeEZCNUI4bkhnM3ZhbF94dXF4VG5jUjk5UVJyTGN6VzVrb2xkZlNWaG1qaE5RQVQzUURPLW1PZw?oc=5
2026-07-10 03:00,CNBC,cnbc.com,Meta's stock has best week since early 2024 as optimism builds around AI strategy,https://news.google.com/rss/articles/CBMikAFBVV95cUxNQ2JLM2R4cGVHd2RPUnVLdlVFRFVYbUM5bGx4VDZCak9COHJjUk9NdmxfYm5Uakk3bzdvMThGX0cyaXNNT3pQenREUmt0T0lrV0J3V25WVWRqQXAwQzhTYW00YTdaYXpPLTZKd01uV0VqVmlYamdsQldjSjhNNllMRnphUzR0dkdyM2pxZkQydnbSAZYBQVVfeXFMTnNVbGJUM3lQZlNpYjh0MWFONWhqWkRmN2pPMGRwXzk4LUluWG9xSlhQSFlObmN6ZVFqM0ctaGg4S2FjNkc4RHBzbzY4RGNaekpoS04wOUlJd3hqVmRYcEdzLUNuOEt3Q0RzSDhyMkRPbjJuN0JZR3Fqa2tJQl9tMWJ1Z3JkdUhsUXBoQldiZ3BkMHpIaG1R?oc=5
2026-07-10 03:00,Investing.com,investing.com,Benchmark reiterates Hold on Meta stock after AI infrastructure memo,https://news.google.com/rss/articles/CBMixwFBVV95cUxPSTFQUkg2a1hfdjIzNVpQY0pMbFdCUHdWd2ZzbmZDR1piTkJMX25IY21qMEhxSVViUXE3dGk3dmNIdW94S2pPN19vX2RKeDRSd3B2QmxWaWpEQmQyWjdYOEhsTS1fTWRmMTBYM0ZJUUptekpEN3pwdzdjTS15N0JYcUlGYzVTNkdOOFBxcHF5NlBQa1pWNkEzcmNRWlczQ0oxaUpIamlNMWpYaU0xYlBwQTVva3Nwci1HUmNlNU9lR0Q3a0dJTnY4?oc=5
2026-07-10 03:00,Investing.com,investing.com,BofA Securities reiterates Buy on Meta stock on chip development,https://news.google.com/rss/articles/CBMiwgFBVV95cUxORTY2UjQ2SWRvaGltSkM5YTRvRlBkMHp2SGkyLTI5el9Qc1BrQmQzX0E3YXdPWGJGQm1ia2tXeFVCSFo2LXVCSFVTXzg4TUNtTXc4ck9meElSVTFHcnIzakZ2TXVrd2NhTmwzVHlaNU9LVDhhOHJYeVQxc2J6OXJLMk15ak9Mc0dENlN6Zk9KQkJVbUxDZFg3Q25RV3ZyMWpRQUJjSEpBLUhQRXl4eWw0MjJlUzJXNEQ3WFVwcjRHTU9YUQ?oc=5
2026-07-10 03:00,Investing.com,investing.com,Piper Sandler reiterates Meta stock Overweight rating at $800 target,https://news.google.com/rss/articles/CBMixgFBVV95cUxPS283SDlHaUdwMGxzWkd0RFcteXZQa3NLeW1jcm9iQnUzUnE5UTRYbGo5Ylg1REt4SkRDRHFLNWhNbHFkSkI1clM1MTNSUlhZcGZSSW1Qb29PWkRRb25WQnpuNjF6YldDOGxOazNUbXZ1NjhKbktKaEF5eGc2WDhxU1NqeDNVUzJPRFMtbjZnUzBndnc1bU4tYnBlSzdKSFBkQmhERl9vZTVSRkFNWWpTb0lZWmR5d1dCZ0dkc05pd0NBbWpiRXc?oc=5
2026-07-10 03:00,The Motley Fool,fool.com,3 Reasons I Think Meta Platforms is a Screaming Buy Right Now,https://news.google.com/rss/articles/CBMimAFBVV95cUxNc3lFckRxSXFVRFl3SU5VZTViU3VlZm9sVHFoOFVvaFV5TkMwX01VSnpnbGNOVkZFOFQ2dUNLV0w4S1dLeFlObzhQc3FCdTlXa2lWbUNIblZRS2RRdF9BSzBLck5mZ2ZDMXRnOHRZYzQ0LTZkelFDOTRLa2ZLYjdudldoVnNSZkRJUGdRcVdPWURiQkZRZ0Npaw?oc=5
2026-07-10 03:00,The Motley Fool,fool.com,Mark Zuckerberg Is Turning Meta Into a Bigger Chipmaker. Its Newest In-House AI Chip Enters Production in September.,https://news.google.com/rss/articles/CBMimAFBVV95cUxQVVFVajg0dFAxNFpxcmdwMVVndC1NSzB0cGxUV0tzanMwQS1MaXppWWNBWEpNRWVZdTFYQmhJYThYZHJ0Ums5RlR1d2xsUG8zQnVzSUltYVUySFRYLVZpei11M0dyOVlUY0dvZFpmUUhrWW1fTWNCU0ZTQ0RlZ2xPaERJb2dhamtYU1VIUFRGN0NmZzltRUNmZA?oc=5
2026-07-10 03:00,The Motley Fool,fool.com,Why Meta Platforms Stock Jumped on Friday,https://news.google.com/rss/articles/CBMijAFBVV95cUxNeXlyc2gyLWw2WmlXMFE5OHNFbkZmOEV5YUNOVXctalB3dkVkcmZPRjRKZ2dIWklmbVlvanZQeUhSdjUyREltaGkyZVA4SFFVSGMtUURwblhvb3JTaGJwWEN5Z214dzFSWEgwd2RCRHdNMXVvU2tlSkgzSVcyd3o5bjNPTkxIOHh4MGRmRA?oc=5
2026-07-10 03:00,Yahoo Finance,finance.yahoo.com,Meta Shares Rally as Infrastructure Efficiency Overshadows AI Model Launch (META),https://news.google.com/rss/articles/CBMiqwFBVV95cUxNa2JmR2dHMGRiampsYVUwemVrNXhYbWZ5eDFVM3dNdVQ5aUhRQzdtTk9weDZ0cThsaEFvZWJmMUwtRGNYOVpUekRWcUpmbXlvd0o5SkVBN1R6WC1BaFZnT1gtVXlDajNnUnd1SVpRd3FMN2VvcTdmdEFQM2ItM1pmZi0tTDRwM3dKV0M0YVN5SHVfV2Y5eFFaWXl3QTVjSVU0d0k0MWtJVUdSMFU?oc=5
2026-07-10 03:00,Yahoo Finance,finance.yahoo.com,Meta Stock Surges as Hidden AI Cost Breakthrough Stuns Wall Street,https://news.google.com/rss/articles/CBMilgFBVV95cUxQa2Y3Q3RnOTl1RERwRml2bVN6NHM2eEdBdEVja2NYejFvYlh3S014SUNVQ3oycnN6aGFlNjhHTVd1dVVwbW5DR1o4VEo4WWp5TFZOQnJXX0NVQ1luX2NwalNtdFYtM0xsX2NMSnJvUHV6WlczN0h3aEFxZU1ERkZOV0M5ZUhWYmpYeDBuZTZBOXBkajZiM3c?oc=5
2026-07-10 03:00,Yahoo Finance,finance.yahoo.com,"Meta stock turns positive on the year on data center plans, new AI model pricing",https://news.google.com/rss/articles/CBMi1gFBVV95cUxOSElyYzRBckhFMFRnSWZrU0dtY3A4TFB3aGdGSnFRQldybzNrendhQm9oSDJpWFo1TTJOcmltcy0tM0JiSUtuWFNXSVBDdmNaLTZmdFIwel83TnQzbWFKbU1kY2tRa0MxdkVoOVNZTTlKYVExM1l5elJtR0xzSk1RTERxYXVZNDdIaE1rTmJGeWdoNWVoRHJORENlZFZjSEZVR3M1UlRrN2Jtbnp3Z3FRemtsZHhXR09lNV9FRmNOeWdJWWdsUWk0RTAxUW5xT3YxLU5TWHVR?oc=5
2026-07-10 03:00,Yahoo Finance,finance.yahoo.com,The real reason Meta shares are surging has nothing to do with its new AI model,https://news.google.com/rss/articles/CBMinAFBVV95cUxNTE9qWm9YMW5LOEh0eEd2NjhGMWFUNTgwYkFUa29Fa2pVMVZLQWZhXzhoWldMaHFOdU8tUFBPejVLY3R1c0Zrb1NhVFpFdWc1Q0NwcG5uUVU4TXdvNzQxcnI5RUlrb0VmR2xHYU1aY2w3QlFMMnJrbklXVGNDN1J5VGxpNDNlbnRhbnNscGFsazJ2QVA3QjVDbGdLbUU?oc=5
2026-07-10 03:00,Yahoo Finance,sg.finance.yahoo.com,Has Meta ever had a stock split? What sets this ‘Mag 7’ stock apart,https://news.google.com/rss/articles/CBMif0FVX3lxTE1mTkgxV0VkSTFaUG1YdU1LaDVMZkZ1aXpJcjRlLTM0TWhES0lNNy1zNDZjSkJ5VjJWcS1ncl9PclpKMGhzWDRudmFkbkNtMnA5TVhjeTRKWlpDZ3h3dkhkeU1HNWZkN2o2ekJGSEFzNU1QVFJvNUpDU2VvM2Jtd1E?oc=5
2026-07-11 03:00,The Motley Fool,fool.com,CoreWeave Stock Sank 11% After Mark Zuckerberg's Meta Unveiled a Cloud Business Plan,https://news.google.com/rss/articles/CBMilwFBVV95cUxNX25XcVJGRXNfamlkZmQ2eXBrQ3RobWlhOHdIMno3NUd3UlJEQ19GU0IxTEtkUjBSMTFVRDFXcDJKMVdOOVdqMFZFU0VTdnZqZXA1dXdhQS1uTV8zM0VTMlJvcWEzTXpmaWF5UzhyTThOMVlPengwY3h0aFV6bHJyUW1ZSGhLcnBBNXRCRmdNbkJmSGMwZjBF?oc=5
2026-07-11 03:00,The Motley Fool,fool.com,Meta Platforms Just Unveiled a Shocking New Artificial Intelligence (AI) Strategy,https://news.google.com/rss/articles/CBMimAFBVV95cUxQdXdCN01lLW5nNHJsLUVpMlRCNWlqZ3FGZ21GVUQ2WVRObFF0bC1mZk9GMGhwMlRISS1lTF81M2h0UFpvQVFvLWJZVWhyclBqeFFrMGxRRHNwejhVVDMtanBnUmkteHJJN1NoZFA3alNwNGtuVTZ4NUxid2hWVXRYa212OFBnejZmSUkxMURHc0xxQzEyYUlfRw?oc=5
2026-07-12 03:00,The Motley Fool,fool.com,"$10,000 Invested in Mark Zuckerberg's Meta a Decade Ago Is Worth This Much Today",https://news.google.com/rss/articles/CBMimAFBVV95cUxNV044c0h1dmZoaTlXNmlfdDhkc09jU2Z1aGw5UEh1SDIzdEtpYWJHTXBhQ3oxZ1drcUZ5QXBGR3RyS2dFTExxVENvUjQwMERuR3lEdG9aN2tUZE5vck9hcE85VDlEaG0teVFVeHRzbDg4S2lJTXo2NmtZdVB2TDBSMVVwX0xLbkduSnM0T1AtNy1tUHhaSTZObQ?oc=5
2026-07-12 03:00,The Motley Fool,fool.com,"Mark Zuckerberg Said Meta's AI Bets ""Haven't Come to Fruition Yet"" as Shares Fell 5%",https://news.google.com/rss/articles/CBMimAFBVV95cUxOSnpINUdTaEI3Z25MaTE2VnBrd05iOUE5SXhacWMwZ1F1ODduY1hfRmdqclNGOGt1bjhsT192T0IxSmlLaWp0Q3A0b3g5LVh4SXN5YlhtWUpDSmxXcU9oYUlsMUdMVG5FYS1hQnR2MXdIajgzaHVBMFF0M3hoRFJHczlrRjZGemEtTU1aSW1DRXk2NGF1ZHFINg?oc=5
2026-07-12 03:00,The Motley Fool,fool.com,Meta Stock: A Cash-Gushing Ad Giant With a Powerful Moat but Limited Diversification,https://news.google.com/rss/articles/CBMimAFBVV95cUxQYkxGYXZBcHRZbHBRWFlZbE1fa3oyRW1LN0t3bi1kSnBBSVYweVpvWHhuVHdDR3NXZjc2NlJURl9RUlZBOV93WDBnVU5CM0hLZ0c5VzJTOHNnVlhWYmgyc25jeHNOdlBRNHBPTXA2czBEcFl6cVkyY2FGZXBhZXRkUUxXeFhBYXVSNDlrUDE4VXhQbnI1aXhUdg?oc=5
2026-07-12 03:00,The Motley Fool,fool.com,Why Meta Platforms Stock Surged This Week,https://news.google.com/rss/articles/CBMijAFBVV95cUxPYmhFXzhfQml6M3gzclg0QlpOZ1Blbmd4aVR3ZkViRVFnMGdUZktteEs1OVJoU19YUzFFc2ktNGJLbFdLVTdQU3lTWUNOMkdCZ0c1OUlPR1hIMTNiMEpDdUpGSG96VmxLVTRsT0NNdW5SSVZDZDBndVlwWjJLcWd5MndUUDNtYUp0cEVxcg?oc=5
2026-07-13 03:00,Barron's,barrons.com,Meta Spends $50 Billion More on AI. Is That a Good Thing?,https://news.google.com/rss/articles/CBMiekFVX3lxTE1GTkt6cU0tUnNvV0t0LTJUWkNESU1TUFZLTDJzRGs5TVVOeTF4RWhLTE9yVXRqYldlcG1Jb182N3N0ZllvRm9oTDdZVVJ3ek1rcW1FVjZLWWg2MVRsOUdEdllLZm5WTEl0WnFhZUpjZi1Ud3FKNFAtU0dn?oc=5
2026-07-13 03:00,Investing.com,investing.com,Citizens reiterates Meta stock rating on Instagram engagement growth,https://news.google.com/rss/articles/CBMixwFBVV95cUxPNE1oY3VsTmVhemZpVFpTRzFISWxTMkRwczBsRklMVW5fWFd3d0pXWFcwR2xoZmU5T3N1UlFSazFCQW5MQ1QwUGJtT05udktVVUEwWWZxNTBaOW4wRTgwRHQ1YWtGVDdyOTNlTGJNTnhKVGxVMGRxMldkc29OaktnY1NVVHR2V1RGWHU0ZHM4VGZwQjZyZWpVM3ZFbEMxamJCWlpGSTFvNkwxVFJpWFZJd1cwNmpLbnVYMnJkcXV1dldJU2tLb00w?oc=5
2026-07-13 03:00,Investor's Business Daily,investors.com,Meta Scales Up Louisiana Mega AI Data Center To $50 Billion,https://news.google.com/rss/articles/CBMinwFBVV95cUxOR0VTb080cnZLUkVPUkROUF9oeXE3ZGJ5cUNOakFTWWd3RmY5eWY4Tk5UZGZ6MlJEU3dCY0pick1KeEE2QXR6cEtwLWtSNEt3NkhLX2ktSE5nWE9iS205RGZLeVBRaXc0b2ZyTndKTDhnZUNRUVdfOWRpbVR2RjVnLWVyaExqdFhaNWpBaHRGSXR6ZUUtSUJGOFdXS3FGRlk?oc=5
2026-07-13 03:00,Yahoo Finance,finance.yahoo.com,Mark Zuckerberg’s Net Worth Jumps as Meta Stock Gains Momentum,https://news.google.com/rss/articles/CBMinAFBVV95cUxPRkM1MzhFNHdJRVZUaUFUaHpwdXpTRzVIZ2llZ0h3NnJrQzQ3eW5hTHlwZ3NBZmZ4ekZFeUhqMURlVEZMRzJKMUtzZnQ5ZmlKTkVpOENxdzRmRHY4QXB3dy04TkIzUXhJYkVuNk9zdG1KWTFqMVd3Y0VsZ0wxX29KMi1yb3JlRV9vb1dSeXR6dmhaOVVsM3pjZ2VXbDA?oc=5
2026-07-13 03:00,Yahoo Finance,finance.yahoo.com,Meta Platforms (META) Registers a Bigger Fall Than the Market: Important Facts to Note,https://news.google.com/rss/articles/CBMiowFBVV95cUxOYmpTcUl1VVRUNnlGOUFxbExNZ3NrT3RjTE5QWko3ajlrR3N4dzN1QjRLMjJLZHpvOUlra25YYk5UWWZybXVBVVhmNDJIYVlDaG9YaVY3Q1dpYzNjY0dpbU1GUzZvZ1c5ZjZtd3h1aHEweVZLdkIzWVhLQ0d1MXNVdzlRaHE2Ujh1anFId3RudEJXV1Fpc3dOWlh3bG9vV1lUWlZV?oc=5
2026-07-13 03:00,Yahoo Finance,finance.yahoo.com,This Is Why I Keep Buying Meta Stock,https://news.google.com/rss/articles/CBMilgFBVV95cUxNN3JaWWJGdTk1NFZLNWYwXzdsQ1FmaXRJZXh6d0JGbHJrVzBIdjI3NlYxa3dZa09LQVdwbHUwaldZRnB3OVpYdE81cUV2QzRYM0VEZmE5ZlRPVDRNR05YNGZBN2ltYzBtY21BT2ZlaVR2cHd5dVdiZnM4eHNxZ3k1MWRjN2FDcTNPcWRuNXVrQXRsUGZHbHc?oc=5
2026-07-14 03:00,Benzinga,benzinga.com,Shay Boloor Calls Meta 'Market's Latest Darling' Amid 21% Surge - Meta Platforms (NASDAQ:META),https://news.google.com/rss/articles/CBMiygFBVV95cUxPYUtUNzgzR2dtV3FlVng2Q2x1dzdRM2k5SnhibHlGZE1IRENlMmVyWGZPTDlTSW5lTFlod1JXOGlRbUEydGQ2OEczRDcxUEcxRW5OdEZUSlpabHZ4NkszUFJfWm9WdUpBNUJDXzhxTTV6VFRPM0ZSSGM4RkxiS2Q2NjFEZlUxNlRnbFd5d0otT1NYOE9IbzVpbVdBMjdtM0Q2UkE2WFRNZ1g1OG5TUVY0bFFFWndxWG9KZ1V1TzM0R3YySkJkRmpQdk93?oc=5
2026-07-14 03:00,The Motley Fool,fool.com,Meta Stock: Buy or Sell?,https://news.google.com/rss/articles/CBMic0FVX3lxTE9kOVRNWEhVVHFjOHZqRmdSRE82N2thTnF6ajk5WmdIZlkxM2R2UXpwQmFUTTFEckR0NUYyOW4yN0RFNVU0d01IcEEtS3dCYTlQQmdOWTVjMjZreHdtbUNWZUFhMkk0SG13Y0RyYkxabjZfZzg?oc=5
2026-07-14 03:00,The Motley Fool,fool.com,Tesla and Meta Are Worth Almost the Same. Which Stock Is the Better Buy?,https://news.google.com/rss/articles/CBMimAFBVV95cUxPcHlMOVBmc0xVZVpXc0U3R3RSVm1ac1l4b3lnOHdQb3otNnBuRVhWTmhtLUNNbmc4SjhHWFd2Smd4dnFGQV9Za1NUS2tXMFdYbnZUNVNtRlA2WFRXQkl5OUprd3BiR2I5endnVkdoMG9leGZ1ZzRza2VRUnFHRm50blU4WVkxOFYycEx3NUZOQjdRWVlfV1hpRg?oc=5
2026-07-14 03:00,TheStreet,thestreet.com,Meta layoffs take disturbing turn in new lawsuit,https://news.google.com/rss/articles/CBMijAFBVV95cUxOTzNiQkR6eVdPeHdoakVUU3pnZ0ZPUmE2RW00N25hUjBfMVVBVmtzQmdzZWZaOVdVS3hpaC1MZ0xhcWNMelZ5NEtHczRHX21tVEh1WXZrSFVXQmVLc0VRUFFzcEdQTFpZSl9kVlpZUE9pU3VFSFBZOXBWQm9aYmN4cGNudC0yLUY3ZU9mdA?oc=5
2026-07-14 03:00,Yahoo Finance,finance.yahoo.com,Bank of America Maintains Buy Rating on Meta Platforms (META) Stock,https://news.google.com/rss/articles/CBMinwFBVV95cUxOeEF2QmNUcU1LaFM3TjRJUVhqVHZ1ZkpSQVdiYnk3SThlblIwa3BjZlJzTkxsVXVKbVkzNUloY0ZiOFc1X2RiVFR2c0QybTlzVDZVdzRETXFfejdna3ZQX3pJUDk2aktUcGVXeExvSjQwbHp1enpDWHZqVHpIRkdoU1pnX1Vyd3F2Qkx3d1RMRlNTUDBqTVk2ZE5kemctVEE?oc=5
2026-07-14 03:00,Yahoo Finance,finance.yahoo.com,"Meta Platforms is Overvalued at 5.92X PS: Buy, Sell or Hold the Stock?",https://news.google.com/rss/articles/CBMinAFBVV95cUxNQWxwYUx3c0s5MWxTZjY1dzhRNmx0NkpyNTN5TXRNbVc3cnJuajY0UEdDenpPNUlHMl9iaG53S1d2dzRwWVJaV1gyOUhBdlQtZlBDNldzSjZqajR6ZGI1X3FucjBKWEgxSks0em9lcmR0NHRpNVFtN2Y4ZHE3Ul9TVWFwamd0bnhCMDZNUkNDc2VkYTBLdkt1NUhmNTY?oc=5
2026-07-14 03:00,Yahoo Finance,finance.yahoo.com,Why Meta stock suddenly broke out after a long slide,https://news.google.com/rss/articles/CBMitwFBVV95cUxORU9ybi12cnZFcW1VMjNra0N0V2poRnIwaFM2bG4wczJGUmZZMTBQY2ltVDJMTHM0Nndod2x6UVFSSzZES2lIbGhkV3BORG9zLWUzeFMzdVJabnRhTDdZb2k0OGlaV2dlTUZINl9zRW5ZVTRjclFKRGpkOXlFa2xZcHFUeXFFMlhQUE1yVmkwMW9WVkhPd3lsQTdtb1lHY0JQM3g5NzJMTXZPc0wtemxBZThtWFhtTXc?oc=5
2026-07-15 03:00,Benzinga,benzinga.com,Meta Stock is Extending its Rally: What's Going On? - Meta Platforms (NASDAQ:META),https://news.google.com/rss/articles/CBMirgFBVV95cUxQcnl2Mk1adUNmeGVnbVQ2WGJ0NVNvbVBHRXROSWRURnVXWFc1c050N2xUcHhjNkZaaUowcjVOeFZJOXcyaXVKZERrS2dwaUU2T3NiVng2bW96dHdPOFZUX256bFRXREtFR1M3b1Exa1lBbXhreWE5ZWV2SnNzWHRqdDBSeTQ0OEJNN0JodFVpSTUxVUt3SmlpcDlHV0hSVHVzWUVubDlCbHJwSERQa1E?oc=5
2026-07-15 03:00,Seeking Alpha,seekingalpha.com,Meta Q2 Preview: CAPEX And Free Cash Flow In Focus (NASDAQ:META),https://news.google.com/rss/articles/CBMilAFBVV95cUxObXlZUjBnLXdmTnpnZ1lDTzJGbmhLZU51eWZwMWdqLWcxTkZ5aWViamhua2xidXd3djBlT1JMMkFsckRyczFfTGViRXlfSWR5enFzcnVyZVU0UUdhWE0wQmNHdlNTbWZlSEtmOTZ4azEzY1IwdGQxTjdWVVkwNDlYOE9uR2plWmFuZWhtaldtUmNOUldk?oc=5
2026-07-15 03:00,The Motley Fool,fool.com,Better Artificial Intelligence (AI) Stock: Alphabet Versus Meta Platforms,https://news.google.com/rss/articles/CBMikwFBVV95cUxPZ3pyaVJNaFVoc3c1c0xnOGNZaXBDdUhTVFlKcUpJR3REbDd5SFgyQ2NaWVNLYWJocGF1STFWUDQxenF2V2RKdFVUQlNxR0w2UzZqcThZZTZJSGdHNU13N0NzQ3UyaHlkTDhONTV5QnpGNjRNcEo1ekFFV1I2N0Z1R3JnRVhLcXd6eGx0UlhwVDVfWDA?oc=5
2026-07-15 03:00,TheStreet,thestreet.com,Has Meta conducted a stock split? What sets this ‘Mag 7’ stock apart,https://news.google.com/rss/articles/CBMieEFVX3lxTFBKWkRjYXAzOU91VGd0LUIzdTVpMFpRMXh2TDh1eTBtT1ZHN0FPa09EcEJobVhKS3dsdW5Ia1d5SEVVRk5hUUtCTFFSVjBTYUpXUURwaUVrbk9fZ19DS3lzSEdlM2hOQUFGbnNEaXQ0MGVhQ0JybE0yeQ?oc=5
2026-07-15 03:00,TheStreet,thestreet.com,Is Meta a good long-term investment? Its buy-and-hold prospects explained,https://news.google.com/rss/articles/CBMikgFBVV95cUxOTTEyZDlHb0J5cVF6S3hsTklIU0ZUU0wzSHgxX3h5M0E0YVlvSTVNNmhOYzNSM0tBTkh2Q2hKREZUU1pDdWZhWGxHd2Y5WWNOZVpZWUtIX2Y2UkdZcEd1OWFsRE9NY1BkSThSX3VjeHRlWE9FVi1qR3ByYXo2MUxLeTNLSDFQd0V4NTRnZVVVdFFyZw?oc=5
2026-07-16 03:00,TheStreet,thestreet.com,Meta’s stock buybacks: How the company’s AI spending could affect shareholder returns,https://news.google.com/rss/articles/CBMib0FVX3lxTFA5cllrM25GWGtsa3BMZU5PSmpqLThzZWFJZU9pVEVvRlpmd05LMGdYTUptYlhPLUk1dkpLZEdSQ3NsUW5JN211RjZBVTRiczhOSmxmSUkxeG54d013V1VxU0wwTnotS0lKOUozWmFHQQ?oc=5
2026-07-17 03:00,Investor's Business Daily,investors.com,Meta Plans To Hire AWS Executive As It Explores Cloud Push: Report,https://news.google.com/rss/articles/CBMif0FVX3lxTE1FaFctaEk1Z3RTY3dNa1MtUkVuVU5hUDRPdFk0aGFuWG5jX09XNjU5LWdUV2gxLXlFbGVoU1dQUlFsNEVNYmg3X3E1eXZCT3A2QXFEQWxwVmhUdXpBeDRBZXlPcFdZZmpINTBTUEpPV2JJbkhvc2NjX2pqZ296QVE?oc=5
2026-07-17 03:00,Investor's Business Daily,investors.com,Meta Stock Trims Losses After Report Of Potential Anthropic Cloud Deal,https://news.google.com/rss/articles/CBMiiAFBVV95cUxNbmxnTFN2Vkc4a09INEVIbW82TFRFVGx5cHBBVV9ySTh5MDRUak9vbTRRMGRfdUI4c0NObHo1bmN5Sjl2WGpBZDhiZ3RLamxEcTZSVVlqVXVuTHBiblJmdzBFSGE2NVRQdUl3WVg1bzlTSHVVeFNhT1JQMVNfZ0JJSEQ2ekhNS19K?oc=5
2026-07-17 03:00,The Motley Fool,fool.com,"Mark Zuckerberg's Meta Launched a Cloud Business This Week. The Stock Had Its Best Week Since Early 2024, Surging 15%.",https://news.google.com/rss/articles/CBMimAFBVV95cUxNMGdTN3hXS3ViY0J5cGdwZE5Md1FGeThLWlhDeFNXNzBlM1ltZnY2RUpvaTRab2ZqYTFFaS1GR3ZBcWhpTnFjV2tQVVd1REhKa2FMako2dzlTZk94Vm5jYWFSLXVCY1pweHVJYklCWHJiYlZicUxLdC03aUFQRWtCd3NmaUFxVGV1XzVtS0NtMEdQNU02RFJ4ag?oc=5
2026-07-17 03:00,The Motley Fool,fool.com,Why Meta Stock Dropped on Friday,https://news.google.com/rss/articles/CBMigAFBVV95cUxNRzJxTnNQTTZ3MDhsSWd1aVdYbnJxVm5UaEwxOWFlS3ExYW1ESUxaVlNwaUFlZjNrb0EyRHRxNEItYlQzaFItem0wR3ltX3JyZ1BhbnZMY3pxY0JxR3dUelJzR245ekRDYlpzNUp6YklxTkxNWUlhMFpVQ3UxN3otdA?oc=5
2026-07-17 03:00,Yahoo Finance,finance.yahoo.com,Meta Platforms: AI Return on Invested Capital Is Uncertain (NASDAQ:META),https://news.google.com/rss/articles/CBMingFBVV95cUxNV21QOEl5UlRSVWlycEhlaHptTFpROXphdTI5cjJTcTRmZDFBcVJ5ZlhwWlNYeFNTcEljZnM2aDV2RzVqNDBFcXV2eUt2OFlFalhaQTJxUmh3YnBGQnRQLWRtMGJyT0hCR0doUGd5bkx4X21OYlFWTmd5VEZPODIzT3dLLTJMdVl2YWZFNmhSVlFwdVg4Yk5raXVEc2pXQQ?oc=5
2026-07-17 03:00,Yahoo Finance,finance.yahoo.com,Why Meta (META) Shares Are Trading Lower Today,https://news.google.com/rss/articles/CBMimAFBVV95cUxOdEdOOFBLQXFMYXlPQ2lEeEZVR1M4Y3dRYThaV19wcnB2bjF3UTUwcC1aSTRiQmNQbFNvMUpERVhJcHAtSW81Y29CWFdoYUkxTHhEcHNla2UtdGhGT1lReGEzdWNmVXViYm9sYkZNbW5JeEpDQjd5TmRnQUJkRUVZUkd6WTdXRl83LUN5elA4eW4tWmtXNW9iTA?oc=5
2026-07-18 03:00,The Motley Fool,fool.com,Mark Zuckerberg's Meta Is Putting Its In-House Iris AI Chip Into Production in September as Part of a Plan to Double Its Computing Capacity to 14 Gigawatts,https://news.google.com/rss/articles/CBMilgFBVV95cUxORmZORDVhdmdUS2tBeVBzRGpseFI1alNGX09NR3FxRWJUaE82N2s5MWVaMlBrX3dFT19OVy1OVmVFRXlNbUVCbmdwaEFid2laRnVicEdkUWpPX1dSSXdHSnpWaU5VaUdZaTdVZFRseGdka0IwLXk5NXFzLThadTF4Vkxub2IyRXdJbHVuZnpsTEprSE5KV1E?oc=5
2026-07-18 03:00,The Motley Fool,fool.com,Mark Zuckerberg's Meta and Other Hyperscalers Face a Major Bottleneck. Here Are 2 Industrial Stocks That Will Benefit.,https://news.google.com/rss/articles/CBMilwFBVV95cUxOZk5HUUo4RThvQ1duOVEwOGxSOXhiOVZUZ2hNVGFyVTBaQTV2OUF6OVJiRGZSWkUyQ285WjY5dV9YS2lReWExZjRKb2RfT2RDeGVlVFVlSnc4T3M5bnpGTGF0aGhJMWVzSFZOLWlMZXMya3dzdmN3R1JYWmpQQl9SaHYzZ3VtRDZ6bUR4TFkwaUlfZUhKNlUw?oc=5
2026-07-18 03:00,The Motley Fool,fool.com,"Meta Platforms Is Up 21% This Month, and Here Is What's Driving the Surge",https://news.google.com/rss/articles/CBMikgFBVV95cUxNbTNLRFVCcm9GY3Q1QWdRZGdPam1Qai1TM2pjaGUwQWw1a0F0TVdWQmNLbGhKMXRzV0RTRGthd0VEZ09RdGlEdERYM0xfYkdPZDdhQTBWNmlVY0s3R2xhM082LU82bEk3NHZ5WHpzcVZfZGVfUUlTNDRveThyX2xYN2ZMN0E2RUw4VzgyWWhTckVpZw?oc=5
2026-07-19 03:00,The Motley Fool,fool.com,Meta Platforms: Is This the Most Undervalued Stock in Big Tech? (NASDAQ: META),https://news.google.com/rss/articles/CBMilwFBVV95cUxOLWpyYUtXUUZYRXd4OUNaSE5qMm1OV1lEdHFIMnpfTzNhUHhYemJKREZnQ2VWMTZBWUVQOFNQcV9JVVhUWDRtcFgwZG1BMkhtRmFsZkxJTVVHWmxDUG9kNkFtbkE4VjVnR1Rid196R1NrRG9INlA4d1hfXy1LQmNsaXEyWFF0Ti1DNEZsUm1Dc2hjZ0F4bS1Z?oc=5
2026-07-20 03:00,Benzinga,benzinga.com,Why Is Meta Platforms Stock Gaining Monday? - Meta Platforms (NASDAQ:META),https://news.google.com/rss/articles/CBMixAFBVV95cUxQS19KRVRfRTNMVGdBdWY2SGxGOTBmRGdHR01VczJyS1l6OHR4d3k0Nk5uWHNubFBDU1MtUjVIeXgxLXZMeXJXWkdfdWdVcm1mMjI2RE9USk9GaUZFUlZtczdFQnBuTnUtMVpwREFEYTRONG1NdEt4WVFfR05sOVppdjNDNzdGMHk2LUdhSllzcHotNFg5Rm9GQnRMaXZPU3dMb3JDTVBiQnh5NFRRc3g5RHJySkhzNEZiMWVSMnpSYXVmTDJw?oc=5
2026-07-20 03:00,Investing.com,investing.com,BofA Securities raises Meta stock price target on AI revenue potential,https://news.google.com/rss/articles/CBMiygFBVV95cUxQNnpqTjVQUUN5VUV6cmh6RGYwaWJIajQ5Vi0ybjhGR0xCU3pqUzhRSFI5WTF1a1hMaVNncXQ1ekJ0YXBpVGg3RGRjOFlBZW8yNFFnRXVabXEwX05tY2xMVEpHVUFpSXdZN3NPYklJVkV6M29BdThuaXUzOTQwZlpnV1Q5MnlRY0hiYTI0N3NIZHFXdEUwbVJ6QkhsOVMxOFN0cmtSR1JsLVhuVVlOYm1zTHF1M3dueW5XYk1jWVBYTXZKU1hSLVBDTEtn?oc=5
2026-07-20 03:00,Seeking Alpha,seekingalpha.com,Meta Platforms added as a new long idea at Hedgeye (META:NASDAQ),https://news.google.com/rss/articles/CBMijwFBVV95cUxQVFhOZ1VWU0w0TEZOeUxldnhhY2EtRVBkZjNPQ3BHdDdneC1HTzRGa0NXN21JOWdoSEpZamthcU9IWUR0TU0xX0xQbUdwc2g0ck9tRTBtRGtWelR3MlA5dTFDOTZfMkhubEJZT0V0U2xYbzlrYXhYOUo4Skd4U1NQbnFZY3ozeWdOVHh2V2xHbw?oc=5
2026-07-20 03:00,Seeking Alpha,seekingalpha.com,Meta Platforms: Multiple Paths To Ride AI Boom (NASDAQ:META),https://news.google.com/rss/articles/CBMijwFBVV95cUxOeFVvWGl3cGZYdWJ2TjZwbGg3bFc1T1N2NHN0ejBZbm82eUtpYjFUbHJFMW9jMUx3RkFwWlFEMzRsajhsanYtRUlCdTBDNEZ2WEFxZVFLdktWQ2w4R2VkR05HSzhXbTRDV09iaGNWNkRPZXpXMVhfd3dUWi1xQjNIbXlUckdMTDNMNnBiZk1ZOA?oc=5
2026-07-20 03:00,The Motley Fool,fool.com,Broadcom Stock Has Jumped Just 7% in 2026. This Move by Meta Platforms Could Supercharge the Stock in the Second Half,https://news.google.com/rss/articles/CBMimAFBVV95cUxQYWM5bDNQTmdSQ2NUWkVjSnlYbXJyZ194Vk41RWtIWjZpcU5YcGhkTHJ5d3ByOUFBV0UzQ1dtalE1WlNGZWVoVWpjbE5IdWoyQ2JraU1QdjVnanRIZTdaMzJXdllIaG1qQ0hKQXdnbHh4VUc5UjAweEJUUFFFdXplTkFhdVhiOU03SzNTaVNkLWNCTEFZUU1NNA?oc=5
2026-07-20 03:00,The Motley Fool,fool.com,Meta Stock's Rebound Made Mark Zuckerberg the World's Fifth-Richest Person at $222 Billion,https://news.google.com/rss/articles/CBMimAFBVV95cUxNQkNTTURuZUttQU1VbVV3U0RiUEsxNkZ2NUxDa0JJZF9RY29DU1JRWTNCN3hqTkRnM3NrcmhUZVdvYmFjejJNQjVQV0VhOXo1UWs3WHNmWmw3eHM0bXlydUVsZ0pjX0RZMXlNb2E3OHZ4ejl4NTUzWUpWak5hRU1EQU1aNjA1dFkyWWVvcUJ2MFRsdTR4bjZHSw?oc=5
2026-07-20 03:00,Yahoo Finance,finance.yahoo.com,Meta Platforms Looks Set to Abandon a $174 Billion Investment to Fuel Its AI Ambitions,https://news.google.com/rss/articles/CBMinAFBVV95cUxOeFU1bDgtbjcycjhzSm0xSFo4VkpEQzlXQ2I4dzduYXp6WFJCTlFZZ3pUNUVpN0poNmttX3FKSVRtMkx4VWFPYWd4TFNEWE1fejk2YkdUU0c3S21HUmdOOHQ4clFtdjRkR0ZBQ3otcHljS2pNRnV2b213T2hUZ0xyRDB3b1ZHTlM3djBSOUFZSHdlU25IYjY1QkxUbVI?oc=5
2026-07-20 03:00,Yahoo Finance,uk.finance.yahoo.com,Mark Zuckerberg Overtakes Michael Dell As 5th Richest Amid Dell Selloff,https://news.google.com/rss/articles/CBMikAFBVV95cUxORlhTclQ5U0oxdXhSdkRKaTFTQ0ZnQjZjYk1VVnZFcFk3ZUtBQ2o4NTZiaDQ4bW1DU3lKQkwyejFxbkRvRDJ4N2NUSWVVOTMzOWQ3RWpWdkJHb0FTTllaTDZBSGI2UXYzQWZWT0JQOUhoMm9Jd0l5OWM0Mnc5UEk2N2t5WEtxWVgxQmZmalh3Z1U?oc=5
2026-07-21 03:00,Barron's,barrons.com,"Why This Analyst Just Put a $1,000 Price Tag on Meta Stock",https://news.google.com/rss/articles/CBMickFVX3lxTE9IQ3k2S1ZBczRuSXRMWmdQNEFLRi13WS1rU2FJSkU3VEp5eGtqVUwwa05kX2NlUE9OdHFjZi0wRFotekZxX3UxMjM2aWh3ZlNsWG5hWEZ0NnJHbjR3Z3llUFE4U0hEQkVXQktVdm80Mmg5dw?oc=5
2026-07-21 03:00,Investing.com,investing.com,Jefferies reiterates Meta stock rating on AI glasses opportunity,https://news.google.com/rss/articles/CBMiwgFBVV95cUxPZkRIX3F1aUhDa0xlUlRfczFNY3V1M0hmUkMzSnZDNjJlNm8wSWx4YkU2NHVjMlctdGxJSExFa0JGenRUOTNFaEFtNC1rakNySTM1Qm9PeGRfd29MdHp3YTdEWUNkS0Q3YzUyV3JNNUlXeFhqNEdUN1lvWE1EUjBGUGdhM1RvWjdyS3EtOEtjV01aSzRwYlJneVltZjRVX1l6SFNTZE40ZjJCazh2cWJNbTZsNlBDbVJsQVFjei1Vd2tiQQ?oc=5
2026-07-21 03:00,Investing.com,investing.com,Raymond James raises Meta stock price target to $850 on AI cloud potential,https://news.google.com/rss/articles/CBMizgFBVV95cUxQdzl5dlYxU2JKam85ZWFBdlJLcWJJS2ZYak5rM1hZTk05NDhBdkNYdjYwbUhpYkxRYVR4QWw4M09STzduYVhYblBOYzU3TUlXVnhvQ3ZDM2EzTHN1TVJRa1pkQ0tYb3loV3NNYTZxenliQUlRV1ZnTVU1amJQOEJvRnl5WUtnSDBfYjh1S1FCd0JwYmp6YzdHLWZHaFFmQ19SZl9LRWRiRmlqUXRMQjlFWWJIX2FtZ3ktSE13X2lKVmxHVzZSMXlSdElJYkt4dw?oc=5
2026-07-21 03:00,Investing.com,investing.com,Rothschild Redburn raises Meta stock price target on AI business shift,https://news.google.com/rss/articles/CBMiygFBVV95cUxNQ2pMOURfQUxJTzhQeDg0cFpyYml1bWNJTV90aXJvVkt1dGVZa3Y4VjllWHlWX01SanhDdlpyVkh3NVdIU09KNW0wY2FMR3UtaTg2VzdaQXB1ZU5JZzgtc05JVUZuSGFIakFJaG1pMTQtaHoxMk9KWEViY25BSWJ6YlFlWHFMZkRzOE11c29JUmYzYnJvRGRfMnFmQlBVR1NFSVlaS1NxTkFvQUg0ZkNRUkFvY1pwdGt3RWNUQ2RXWW1lQXZXdFprTENn?oc=5
2026-07-21 03:00,Seeking Alpha,seekingalpha.com,Meta Platforms: A Great Ad Business Funding A Questionable Frontier-AI Race (NASDAQ:META),https://news.google.com/rss/articles/CBMiuAFBVV95cUxPMEkxQ3NNcjMxckhJSHItLVdsUlJ6M0pTZUVrM0RFVF91NDRVY0ZNTW9kTjJXTWdMUHpmNWYyMnNja2YxTGItLXdZUUlxZDg1UlZmTDZmWjRab2p4dzhibWtnbS1XY0hBcWtHT2hXMzZOaHktQ3lWZHA3aWNXVW1kTEpTYVRLdnJiN1JQaUVMOWlFVFBOTkJqWjBKQ1JDWGJQZEwtblBmNnhVWFdPLVZuOW1HQlM1NGNN?oc=5
2026-07-21 03:00,Seeking Alpha,seekingalpha.com,Meta Platforms: Vertical Integration Is The Play - Reiterating Strong Buy (Earnings Preview),https://news.google.com/rss/articles/CBMixwFBVV95cUxOenRfRDAzY0tIYlNyQVE0NkNUV2pUblRUcVR3Vm9OQk5TMUlBOFBUSGRqVVhTVmVRbnNVUDZoXzdSdGlMZTV4N2s1bElLNWtLVHhLd2FrdG1vSFo4RmRGcXk3MlEyRk1GQ0JpXzNZSFJ6Z2pkSE9NTFNWaWpERTRoRzlKT2tlUW9QQmZUNDFZb01fU0RnM0JFSFk4ZWQ0U1I1eWdReko5ZXN5XzBySS02aTkzVFdxQ0ZVYkxmdHEwNml4R2dPZ1lB?oc=5
2026-07-21 03:00,The Motley Fool,fool.com,"Meta Just Got a Major Boost From Zuckerberg, and Investors Should Take Notice",https://news.google.com/rss/articles/CBMimAFBVV95cUxPVk1Jak52R0xtbGVNZjd2Q1JnajZudnhjQ29ETmFEc1FmUzNZMDBaRU1uR0ZKaWJmU1hYb1VCLUk2MjBBMTJ2MXE5eDhXQ3BSY0QtTExrd0N5SG8yTnZWN2c0V21jdFo3MDJqZVhPSERvdnVRc2Jycmc1LTIzdDNOVl9sUmRBTzREOUdzeEx3cng2ZzBzdWdlZg?oc=5
2026-07-21 03:00,The Motley Fool,fool.com,Prediction: Mark Zuckerberg Will Make an Announcement on July 29 That Sends Meta Stock Soaring,https://news.google.com/rss/articles/CBMimAFBVV95cUxNSkoycGdxeWRPdkZMdGgwUFlNRm1SVnJJNDN3LXJIaE02Uk5LNDdkb2tRaUJXQ1ptMkQ0RGV3XzF6S2ZYSTloZUliMmpNUEJnUzFOS2dldVpiVm9JcUpCMnB5MWRSdmwyUURGZk1wRHN6R0MyNXB3cEFkcUVGaXRDbjhyTmMzaUtKY2Rmb2g2NkRWNnVES3NJRQ?oc=5
2026-07-21 03:00,Yahoo Finance,finance.yahoo.com,"The bulls are circling Meta again, but investors should keep one thing in mind",https://news.google.com/rss/articles/CBMizwFBVV95cUxOOF9JT0JlMzdMMmxkT2FsaDliRmRDSVI0RWhETWNFUEJkMkRXNTliVFhiRGctZk01eGowSzBUaS1wNGVSbU5IbUlBRFFIS1JIVGVtYXlUVFdWTXpvWmI1bE9jdnFtV0I2VkI3VUxWc3FLOXJLSkd2TG82Snl2V0hyQlpISmNmYmlBcjBxeEVmV09QVUs0WTlzSFlJOUxkUWgwdWs2TkdhXzZWWDRaRUNFdXZ3REFMNVJVbFFUclBleHluWGxlVjdMeTBGdW5yM2s?oc=5
2026-07-22 03:00,Investing.com,investing.com,Bernstein reiterates Meta stock rating on AI optionality potential,https://news.google.com/rss/articles/CBMixAFBVV95cUxOb00xdVlhS0lHWWZldEN3dG9EYXNDcmJQRHduQ2dmcDlJV2dNT1ZneWt2LUtWLUhLYzVLSFVHeC1YX0tqV0hFaC1QTWF4bW9MRDE2RmY2c1Joa3lsejFZc0stTXpQSFIyTjJJbW5TM3dnY3c5eTl3WjlBRmVNNGZVeVplTF95WVRsaHYyREkwWncxSHpZU1NtUERKRjRFYXVXY0l1YlA0QnVTNnJuSlZKSjNsQ2NXNzFkQ0tvZjBoN0lqY3hq?oc=5
2026-07-22 03:00,Morningstar,global.morningstar.com,"Ahead of Earnings, Is Meta Stock a Buy, a Sell, or Fairly Valued?",https://news.google.com/rss/articles/CBMinwFBVV95cUxON2lub1N5OUlRTFJ4ZmR4ZzBJVjNBamlDR1dNX2NZMTdXek0xU3JYb1NOMWVNNmpadEVaV080UnhHa1E0NGxxVnp5Q1FXQWFuVmxIVVQ0SXFRV0VzYUF2b3V5VGRJWmFRdlZaeURWODQ1REZ5RDJWM0NMRXNjMDRDZ0ZNbjNLWmdSRFY5Yml4UG5Iak90SjFkUEp6ODFuUEk?oc=5
2026-07-22 03:00,The Motley Fool,fool.com,How the Potential $10 Billion Compute Lease Deal Between Meta Platforms and Anthropic Affects Neocloud Stocks,https://news.google.com/rss/articles/CBMimAFBVV95cUxOT3FMMmhzdl96THgyNUpWTHp5UVhQdE9kUkJYSnhoYkM1Q1hEMU5CQWlqNi1xYTlBTVZlckp2Tkg5bEFIWEJNY0hqNmtGUjJ1aVd2ZTRmdmNSMExGMUc2ZU1Gem1YYjktcEp4X3ZfTExyOUxUMllESURlNjdVdEIzVDA4QVBBMFRyT0R0QlZWRnl0N2JGT1hkbg?oc=5
2026-07-22 03:00,The Motley Fool,fool.com,"If Mark Zuckerberg Says These Words on July 29, Meta Platforms' Stock Could Skyrocket",https://news.google.com/rss/articles/CBMimAFBVV95cUxON1VwSkd2OHZCTjVJVk0zT0doSlVuS2wxcUhYazZ1c1hfMUJGVDhaQ0JINENBalRDUElhS29UN0RsOWpMT2FnOHhXaDZkYVBrdFhwSU1HSFlEMzE1c2UydFNvLURFM2NfLVpuMW9Fc2tZaXdDYWxpR01xaHlMazI4VnBUYzgyY19jRmJSMDBEcXJjR1RJMThEcA?oc=5
2026-07-22 03:00,The Motley Fool,fool.com,Mark Zuckerberg's Meta Is in Talks for a $10 Billion Anthropic Deal That Would Make Meta the Fourth Major Cloud Provider. Meta Stock Reports Q2 Earnings on July 29.,https://news.google.com/rss/articles/CBMimAFBVV95cUxNY2dLa0dKZGYwU3I5N2VpZU1ucTUtZ2tka2drMEg2anZzWktHUy1INGwyOFRhMElIVENUeUpqNUlWQXVWRzQ4dk04OTBJUnFIbzhBZXVtSDhHTHE5MVlxVjRpZHl5RjgwanZGUndsRWVTN2xfTDFDOVp4VU1hZFRKRDI5UnpzM2hqR0hUWkE1OUU3SXk5ZjhVYw?oc=5
2026-07-22 03:00,The Motley Fool,fool.com,"Meta Platforms Has $420 Billion in Hidden Debt, and It’s Growing",https://news.google.com/rss/articles/CBMipwFBVV95cUxQU2lZTGtfWE5GaGhGSFUzeGhYNmRRRjZHUWRQUXY3bExMUU0zUnRqM0ltTE14TVdOaHRfd19haUlucC01WGJWRmJsdTlhVEdEN1lqa05WdzVwQm1Ra3dvblJTeWg1OGlFZTd1WEh1M0lXU29YaWpCRzdnN3ZpNXE2SnF5MExTeS1QeHpmZGRKU2RMNGFvS3Fxb3hwSXR5YjBxanpFTFMtdw?oc=5
2026-07-22 03:00,The Motley Fool,fool.com,Meta Platforms vs. Reddit: Which Social Media Stock Is the Better Buy,https://news.google.com/rss/articles/CBMilwFBVV95cUxQbXNXSEEzUE5ySXJ6bkJzYkw5dE1pUm81NlE3eF92ZkZLcWJsaGY3czRRM2J2YzVjMHFTZGlvLXExQXhWdjRld2tFY0RXSDJJaUdfeUZlV2tTWVFHanZ1Z2tWZ0dMbk9kN3JadXoxTExuXzZRaHpiSkNvV002WkNEZklKaWJhbUt1clJZdkYwNzUyT2lQbXNV?oc=5
2026-07-22 03:00,The Motley Fool,fool.com,Prediction: Meta Platforms Will Soar on July 29 When It Makes This Announcement,https://news.google.com/rss/articles/CBMimAFBVV95cUxOSUtiekRleDJ6Z3JMeW5tZlJYRThRdWxMWi0xWi11OGd4SXBRSE5WWjkwXzZSeWRJUEtRbThUek54QS1uUk1jbV8tVlJDN05Od2U2VjhIRk1vcUdNNGxBdnFuVnZhS3RHU3dZa1ZZS0ZZdEJvT29Cck90UXdud2UwMThhU245V3BSdThiN2hkZVhYZ0F4cWcwdg?oc=5
2026-07-22 03:00,TheStreet,thestreet.com,Mark Zuckerberg backs Elon Musk Silicon Valley decision,https://news.google.com/rss/articles/CBMiqgFBVV95cUxNNE84NENPS05CaDgxa2RxVGxhVkNnZHdsLXY1c3ZucGZOMmVHdHc5WDJLZjlWQ0lDaENzUWlPa0k1am5jaVpCY21FUWhYMmY4eFlyb05qcnlRX2pLazJZZW5HaHdySHJUVlp3NmJtVWszMFVSZEo1OXRuOGg1WGFON1RvV2o4eXQxZjczbzQ4SW4tY1dOLU95WW45WGVHTTB6Vjl5TFZ0M3h3UQ?oc=5
2026-07-22 03:00,TheStreet,thestreet.com,Zuckerberg’s stock rebound made him world’s 5th richest at $222B,https://news.google.com/rss/articles/CBMiggFBVV95cUxQTTZqcGNjNXMyRnoySjlkcHFld2p1SElSbmFIekVmUFJPaGJDMXpJdUhGenFrZkc0XzFPZ2xwRkprSjVJRjRrUWhseUdqQzZMMC03TkV5TjVaLTVlS3Z0Mjd5NWtDdnZXUDlFUnVGcHpSSmZWeWZYVnZrTE11VmNud0xB?oc=5
2026-07-22 03:00,Yahoo Finance,finance.yahoo.com,Analysts Estimate Meta Platforms (META) to Report a Decline in Earnings: What to Look Out for,https://news.google.com/rss/articles/CBMipAFBVV95cUxPM3Y5WndQdUZ4a2RRdmZXcmtJa3FNSF9FSmZGLUNubWFzLVliMWkzRTNRekxkdzZORGZVZkR6MkRWVDVVVjFpMFhlZlljS2FBcVRNQ0F1MmU2eXo5bERTT18xOG5BT3BySDZqNTVia0lDZGgzTG9TNmRSdHZsU2pRNWdacGJmM3dES1R2V3FYcjJwTFZkMm5HZURETjRBc1Z0b0xwaA?oc=5
2026-07-22 03:00,Yahoo Finance,finance.yahoo.com,Meta Platforms (META): ‘Dead Money’ or Best Cheap AI Stock? – Retail Investors Debate,https://news.google.com/rss/articles/CBMimwFBVV95cUxPSWREVEo1S21MSmEyTEphN0hiOGxocDRtQUlYeGxnRHFobDd3bXVTLVhvVmZQOHk0dnRlSWVENXFpYnRLb3lOMlptRzZ2ejR5MWhHemlJdldtSkdqSVhNdVVxcTZGRmFiV2tGUnFxY2lDX3IyRWtOTThQX0lUSGlrdmlWMW1GSVRIWDRkb0hXU3dKU0xvakhnbXFkWQ?oc=5
2026-07-23 03:00,Benzinga,benzinga.com,Meta Stock Trades Below Three of Its Four Key Averages Ahead of Earnings,https://news.google.com/rss/articles/CBMizgFBVV95cUxQbFpxWmk0SWUxdWcyQk1mTjQxRWJNbUJEZVZicWszV1ZoMlVPOFJXenM2LVhPb1FwWE9rUlowV0E1TGZDaFp0N09Kbm52aS1ZUF9OdEY3cmZ4M2hmeDFvNEgwb3lfUlF4S0Zydy1GV09TWFM4Q3JURlM4a2VUV0dua1hPMU9qcGlWbEhVZUpYWUtuMmtxU1R3VElKbEFzRGlBWnJlMHV0VGRxMXpQUnRuUzBtb1gzRy1yZy1KU0dkdUZlejlhb3J6UFZ6aFVqZw?oc=5
2026-07-23 03:00,The Motley Fool,fool.com,"CrowdStrike Just Became Wall Street's Newest Stock-Split Stock, but Something More ""Magnificent"" May Be Next",https://news.google.com/rss/articles/CBMilAFBVV95cUxPSG4tV0hObG9WS0g4WnpvX3YyZEkyd21lc2N6TVhWRFctbGc1TlhDdkgzTlhLVkdhdGdUS19vQkcwSHc5em1LU2V3TzZBOWJpYVR3RGI5TFB1Qms1QnlQVXRaRDI4ODUzUFFvcEVZRXNFTVdZME5LeXlTOE1EWnJtbUc2eFBVV1NsMGJXaHNnMC1uNGdH?oc=5
2026-07-23 03:00,The Motley Fool,fool.com,Should You Buy Amazon and Meta Platforms Stocks Before July 29?,https://news.google.com/rss/articles/CBMimAFBVV95cUxOZWJFcDM4a2F1Zm8wT2x2YjZOYjNaTGR4b2dlWklHdE16MHZRbkx2ZWZ4MkhJWXNvZEh5amw4UDNEa1pJc2s0eFZRenY3Q0ZMSUpRdUpybzBmVVFRaDNxNk9vc2pzQTJPLVVhWFVsN0VmT1pHQTJabEVxb085RVkzc19tMVprd2JKLUZIalN6RVhPNjJfQXBwTA?oc=5
2026-07-23 03:00,Yahoo Finance,finance.yahoo.com,Mark Zuckerberg's Meta Is Expected to Report $60 Billion in Q2 Revenue on July 29. The Stock Has Recovered From a 20% Drawdown to Within 5% of Flat for the Year.,https://news.google.com/rss/articles/CBMipAFBVV95cUxOQ19qNElEbVE1WExOX2J0bEo0dUVKNVVUQVkteDRQNnVSVklUaGlZbndPQ0pTNDB6X3p0WjBHVmNQcHFYNlhBREY0ZGh4cUt0dERFcU5lanp1RG9rWnBNWWxuS3N0VzdqUENld1FxNUJVcGpGX2tON0ZkS1JmX0FsdXktNFRLclVpNElmY05LeXVOQUM3cHM3Zkk4Z2NwVFZZeEVsdQ?oc=5
2026-07-23 03:00,Yahoo Finance,finance.yahoo.com,Meta Platforms (META) Strengthens Ad Platform Through Heavy AI Investments,https://news.google.com/rss/articles/CBMinwFBVV95cUxQWDB0TGZTNnpTeHBPYVVYeGI4VjNVM204MjltbWp0d1E4TTk5LTNlTW1ON1ZNaEVpZ3VxWXJVWVEtVlkzRUpzTzR0RlZxQ2ViVEhhdW44ZWFuSDkwUUNJWHJJQjZaN0VPZ3JxRV8zQzBLUkFzT1N0WkM1VnR1Qk53a1UtRG4xNHg4bk1tYm9wenVkcVlzWTVVWlJsdmNRdU0?oc=5
2026-07-24 03:00,Investing.com,investing.com,Needham holds Meta stock rating citing strategy diffusion concerns,https://news.google.com/rss/articles/CBMixAFBVV95cUxPSEdRTU1ucVozNFBNWUROYlgyWVRtY1pxenlYcG5NVk5GaWlvcVJpU0dNRjRKWWdrYTA2QjVqLVdlTElCUmRDSENMYS1pTlpra2xJM3BKQlpiRVV2d204OHlwYkhfTzgzTDBPVHNtRHk1QmJVQWNqYmdhMDBzcnJQSDdrVXg1Wjl5TEtxY2dIV2lWN2R0NzhUMzEwbi0xZE1wbEYyR1A5VlkwWWFfVnRpV0Jfank5eV8wcTR6X3JHaVluaVEy?oc=5
2026-07-24 03:00,Investor's Business Daily,investors.com,Meta Launches Seller App To Boost Facebook Marketplace,https://news.google.com/rss/articles/CBMinAFBVV95cUxPanNuTER6dWduQ2dNNTNVUGpGaVFadjBJVWgxdGZDU3lFSmUtR0JGbVYwWXY2N1dVZ1N6alFNVVR1MkNkSE1FemNkMkdZQnhXUkhPR0lLaXdrYTNGTEM1TlA5TU1BR1VDT1BLcHZRZDlmY3VPbV9JWDN4TXlKdnJhV0JIdGVZdzFlSUVQNllVNG5qdjlPNmM1ZC16LXg?oc=5
2026-07-24 03:00,Seeking Alpha,seekingalpha.com,Meta Platforms continues losses for seven straight sessions (META:NASDAQ),https://news.google.com/rss/articles/CBMingFBVV95cUxPZXVIS3p3WkNsVnR0MUtRYWd3aE43bjlqeVlVTEI3V29jNG9SVS1OSXVUc0RXcHBTTk1tTG9pdk0yN0M4RlZ1R1dWdUU2Ym5GR3lHaXJvdlRFWFV6WGJ4Yjh2NEVOTEtmd0hMTnU1X2RHemRBcUJ3Nk53VFFad1l0eU55NjY4eHF5NElEaVg5S3R5anhNN1BrWUFfVEtWdw?oc=5
2026-07-24 03:00,The Motley Fool,fool.com,Meta Set Its AI Budget to as Much as $145 Billion. Investors Aren't Sure They Like It.,https://news.google.com/rss/articles/CBMimAFBVV95cUxQRmxOYkVxZW1kLVdJczRqelZQSXNNSm55VDdGdWtZOHA5WTZadTFfMVI0aTVUMHJ0QzJEQVRuWGNsQmlGVmdTcXVJaG1MOFJuZ01kYzR0OEhyNF9xeWt2WFlSUE92MjlXOTRFc3dMMEtmRlpMY3BrbF8xVXM1LTJkVEc3X3hwZ1BFZFBFcHMtNlVpbEVsXy00Zw?oc=5
2026-07-24 03:00,Yahoo Finance,finance.yahoo.com,Good News For Meta Stock Fans,https://news.google.com/rss/articles/CBMilAFBVV95cUxNOVhJczlZTmdxVE9hai1XLXlGd1lhLWVuVkhsd2M1NTRKSjJsNzQ0TF9fclcxQ05XY0tSYmJscFd6UVoxUG1ZdEZZQmNJd2RxY2V0TlQ0R2ZNdjdNY1plM3lfR2N2anA5bEZyOG1BV21RY1AxMlFveWJuUERfYkJtVFk1UzE1eGZFcDlpek05WFZ0VEMw?oc=5
2026-07-25 03:00,Yahoo Finance,finance.yahoo.com,Jim Cramer Discsusses Meta Platforms (META)’s “Brilliant Team of People” & Their Big Worry,https://news.google.com/rss/articles/CBMiowFBVV95cUxOZkdpdlFkcWJ3QXNRVVVmMVlnMzhUaDYxQi1md2pqUzZDT0pIeGRCOGhIeUZGQjVzb050M2toSUtvVG1mNE52WUJhemdHWk44NUd3bHc4M3hCMmpMVEJINEYzUTQ5N0wtRGdfRUctVHlxUlFRc280NzJZenpTaFM1a1BSMlZxbWh4ODdWOHF2MTVjQ1hibUcxZW5HMGtvX2ZnRndJ?oc=5
2026-07-25 03:00,Yahoo Finance,finance.yahoo.com,Meta Stock Is Down Nearly 10% in 2026. Should You Buy Before July 29 Q2 Earnings?,https://news.google.com/rss/articles/CBMilAFBVV95cUxOdXByU05PeEpkanR5b3oxUXBEcU1NandoZDZ1WjZmaWdxMV9KS0xYY2Y1aGdINDRYRERpcnE2Rms1NkViazEyb2ltcGJ3bjVSXzR0OWxVSDM3TnA2V3dXZ1NQX3ZHaXZoaVg1eldKcnRua0JnT21wa21yUGZaLWdKaDdOdGpFRXl3Q1htWnNMLUpYeXJz?oc=5
2026-07-26 03:00,The Motley Fool,fool.com,"Mark Zuckerberg's Meta Is Also One of CoreWeave's Biggest Customers, in a Deal Worth $35 Billion Through 2032. That Didn't Stop CoreWeave Shares From Sinking on Meta's Own Cloud News.",https://news.google.com/rss/articles/CBMimAFBVV95cUxORVZISUZieEtucVhMbl9JRjRWUWpjSDBuV0J4RmE5ZE1ZTFktUzZaOE5kSzZoS1FON1RNVkdNUkd5Rm9GUEFXYTYwNFpBVkpkVk51cWZPMWxJaTVNY1pyQzYxWHJUelZESU53cVR0TVRMZVRMbjF5QThIZWYxMXE3Tk9JOF9zLW9OTkNXQ1NVd09VN0ZFd19INQ?oc=5
2026-07-26 03:00,The Motley Fool,fool.com,Microsoft and Meta Platforms Are Negative in 2026. Here's My Favorite One to Buy Now.,https://news.google.com/rss/articles/CBMilwFBVV95cUxPQWc2a1NFNUY2eEFkWUl0QkZwUTBNelNpZnNqdkZqRl9rRVhZcUt3VldQa2FlNjVfRWxQX1Z3MUtuSTJMRUhGbnNuWmhCUzQtUjE2UVlyUkIyZ1V3OVlKeUdjNmREcjB0UkFTRFBQY01rMFk3ZGtlcjBJRVpacTBrSmVoUko3Q0puMzNTUlVxT2ZsanBKNWRj?oc=5
2026-07-27 03:00,Seeking Alpha,seekingalpha.com,Meta Platforms: Time To Be Greedy (NASDAQ:META),https://news.google.com/rss/articles/CBMifkFVX3lxTE1OWWxBWTZvNU1PeVkwY0I5dmJHaTBtbnY1eGh1X1hGcTdJZGQ4TmF1bjlKa2p1cWNkejlxcWlpSktodGFyUWNsWjEyMDZVUXR6N1F4bVlRTEdnTjZEYVRmTWJDNEFqNXBfczQ3Rk1FLU41MXBuUW9OY0wwZDNSUQ?oc=5
2026-07-27 03:00,The Motley Fool,fool.com,Is Meta Platforms' Stock a Buy Ahead of Its Q2 Earnings Report?,https://news.google.com/rss/articles/CBMipwFBVV95cUxNOE5XWldXdUFXSXhxLXZlNGJ5d2E4NFI0MHgzZ0I2LUt3bHFDLVJ0ekpueE5BMjRGRFVXVFJrdkc0LWtqbmZ3b3FGY29MTkt3WGtIMjA4NmxxbUxyeVdwWnI1MDhHQkRPQkx1SkpwTmU2UDNpdF94YVBxcEtXWlY1bU1MaElzTUtBY3dTcjhjUW02eHBtT3JyOC13VGI1OFc5ZEYwWmcwMA?oc=5
2026-07-27 03:00,The Motley Fool,fool.com,"Just 3 ""Magnificent Seven"" Stocks Remain Founder-Led. Should Investors Bet on Elon Musk, Mark Zuckerberg, or Jensen Huang for the Long Term?",https://news.google.com/rss/articles/CBMimAFBVV95cUxPSXFVUEV5MUZBVzBWNzl5X21UaklsQnBENkF6OHBONUI5R0NtcTkxOXRSSEE0QTA2SmZPSEFzS2F4Yjh3SnVHSTBIb3pnSVpHY1RlWDdpOVowWnNmZnFvVXJralNZQUtLV2tENUJWWUtoSTBURVBPQlVSMGpYSlpFUEMxeGdpNGx2dHlTd1VraVcxN2Q2WEVvRA?oc=5
2026-07-27 03:00,The Motley Fool,fool.com,Should Nebius and CoreWeave Investors Be Worried About Meta's Latest AI Infrastructure Plans?,https://news.google.com/rss/articles/CBMimAFBVV95cUxNZHhUaFJKT0RyUWE4Sm83REpRWEhHOXBoVFprUFNDRE9ueWl0MjJ5a3pPUkJNekxqLWhxVmpTdjVGQXhPd3IwOHdmd3ZGS3JFTV9BSTlVRThzQ3pzRlQ4MVNLZndZSU1XOUQ2S0pCRXBqTWZINzJJTmhKV0xuWUFDTlpRWW56Y3FWc1BUVlN2aXZucU9OVjJsbg?oc=5
2026-07-28 03:00,The Motley Fool,fool.com,Should You Buy Meta Platforms Stock Before July 29? Wall Street Has a Clear Answer for Investors.,https://news.google.com/rss/articles/CBMilgFBVV95cUxQVnMza2NOdzdNOGZ0WU1hcm1lNFhSanFhRXk2MEtyN2xWUjFkLXAxRW9VWjgzUXlPd2h0OHVacTNxcFdQUUpmTlh2T2dfaW95RHNBNkUzbEE3ejBLd0VHaGFlLXdzZ1oxcm42MFdZS0lRWlI2YkZHMl83LUJ4d1ZsVVJSTzlhdVdBOHhOZ2NKLVR6ZDhQVWc?oc=5
2026-07-28 03:00,Yahoo Finance,uk.finance.yahoo.com,Is Mark Zuckerberg Actually TRYING to Destroy Meta?,https://news.google.com/rss/articles/CBMikgFBVV95cUxPNy1wNThJV2pyTVVWQ3BsZXNwMGR1Zld2MV9peDNBREtMTEYwclRKdVZuZ05mTFFqX29yZzNyWFJ5S2RXR3lGRkdBR0IwaHUxYXowbnItNThobWJjVmxpdndocTlaUGo1Z0tRWjJQMUUyNlpqOEdJZVZwTVE1dXlSclhRUF9mMHU5LXRoa0c0VGlFZw?oc=5
2026-07-29 03:00,Business Insider,businessinsider.com,Mark Zuckerberg has launched a pro-AI PR campaign. Maybe he should hand out cash instead.,https://news.google.com/rss/articles/CBMikgFBVV95cUxPbFJHdVBUV1FyblFOQl9DLVRqTU1sUkdybGVMMUsyLS04YlNqbkpoQU1aaF9lcWNtU2R4cHdlY2VHZ1I3MHhYMG1SbEFSM2ZhQlJnWTg3TFpaaUJoMkhrb2V5ampKNUpRby1sT284MVRNcU1vaXgtMWVOaE5wZ0RZanc5WURjY0Z0QnhJN19TNVBDUQ?oc=5
2026-07-29 03:00,Business Insider,businessinsider.com,"Meta is 'throwing spaghetti at the wall' with its AI strategy, one analyst warns",https://news.google.com/rss/articles/CBMioAFBVV95cUxQSmlLZzMxd24zcDEzTEJGZFhWc2NpRm1iMnNsM3lJQnJVXzVfLTEzLWxFNnFqc1JiSldtZXh6TlIweHJIaWY2enVqWnpra2FhNUJsQ1hwSzhoMGZPQzFITnhjUTNORE8zQnhSRUdxOER4RlAwZnRYS0NYMHNrb09vZVYtTUhybXhyMkRTUTF2UjNsOTd5YnMxS29IbDFGZTZ6?oc=5
2026-07-29 03:00,CNBC,cnbc.com,"Meta's stock drops on disappointing guidance, dwindling free cash flow",https://news.google.com/rss/articles/CBMic0FVX3lxTFBpV01kYzlERkIwM0ZfUXBQTTQyS2FmaFZHRFpoUGFwMHpidjQxX1JzTmRpa3o5bUViMFM2eGk4UldVUE5NcGZ5TGZXRUlCX1JyVmc4bF8xY3haNkpnaG1xRDhhRUNHOEdGY0REUUY2UUVFN03SAXhBVV95cUxPUGJIU0dqamJ2M1gxbW9yQXFhOG9tQV9VTmdMbUxub1RvLUR0MGJGdlMzWUtaTWMzOWtVdFZZcS16azhZY21Gb01zXzlZZ2IteFhjNFpLSWFBS2IwS0ltQWt4VEstckItdUg3SF9LM0YyVGRndjdaWHM?oc=5
2026-07-29 03:00,Fortune,fortune.com,Meta stock drops 10% as free cash flow gets crushed—and Zuckerberg hints at cloud business,https://news.google.com/rss/articles/CBMinwFBVV95cUxPMVYtS1Q2M2ZZYVlIX3p0bUtwMXF6V0J3YlBGYUg0eW9lREozZmR0RnRxTDRQMEx4VHEwbTFOLTM2S29JMVk5LWR3YnhLQnVXUlhLWjhIQ0FDSnpUUE9Udjl0UHBoVldfckQwOFFEN1ExQ1FzSVU2aEc1bGNNczdWcm1sd2lfYTQ0WFcwT0t4MzRXQ0lxVklZWENPQmg5SVk?oc=5
2026-07-29 03:00,Investor's Business Daily,investors.com,AI Fears Send Meta Stock To Record Losing Streak Ahead Of Earnings,https://news.google.com/rss/articles/CBMikwFBVV95cUxQNDZEY1U4cWlrcjJaU0Rod1pLR215UVdYUjhnZE5kQklHUUIxdGp6ZEdJOUk1OUZhelJLdjFNTnNzTVBpSjhSaXBZRngwTHBWVzU4Q3d6V0U5Zm1iY3Y5dGRLNXYxUml3U1YybjNTcC13RjBkVFpsSU1UcGcydjhaSkNnbi1aSWNfRW9Wd1VlRkJ4ZDQ?oc=5
2026-07-29 03:00,Investor's Business Daily,investors.com,Meta Earnings Preview: This Is The Number To Watch,https://news.google.com/rss/articles/CBMikAFBVV95cUxQb21pT1hsWGlSV3VPZy1FTFNJSzAwU2ZNNm9jTU5lMWFxMklEOFpIQnJOYWEtRF81VTk3OGo5RjIzZktrTWo1M2N0Q2hiZXZURDk0UGFoWkU2d2FlUV9hYk1EZXNKeXFUdFFlWm5qa3hYTDczbzE1WXlUWVN0LS1yMmxhUVp1bDVuNEs4S0xXZFQ?oc=5
2026-07-29 03:00,Seeking Alpha,seekingalpha.com,"Meta Platforms Q2: The Market Sells, I Buy The Dip",https://news.google.com/rss/articles/CBMimgFBVV95cUxOdW5rd3h1XzQwZVdfWmNSM0IzY0ZraGxyZ1pTTnhYUHdyQ0Z0ODBxZjhvb0VOYXFKQTdaY2JWNGtzOGpjRVlHTXlFU0NZY1BNN1FEcERoRlVrX052aTVkeVMtc01IT1NKOHQ4elVnMkNqYnllcnl5Z3BlOWZubFV2VGRWSkZ5WGt1b0JCaldnRmV2UW5uOWUyZWx3?oc=5
2026-07-29 03:00,TechCrunch,techcrunch.com,Mark Zuckerberg predicts that billions of people will have personal AI agents in five years,https://news.google.com/rss/articles/CBMixAFBVV95cUxNV2FlcTM4S2JHVkw0Z1F6OGtSOVBPaFF3a1dqNFFtcF9raEtsV3BqZy1SOW01b0hmRGRiVFhvaXl3a2V2OE1SVEJNZFhuU01HREk2RE80VDFGZ1RsRlVfMkJOa3JCYlBXUElCTk5ic3BoYVpkeDNNUHRRTjE3alp6WkpoTjBOLWZCWGpiV0hWeGt2bUdnOHJKd05wR1V3MGVFMUhkYUJCT2NPZE01ZTh2Q3RqX0RPbDVBb3NYSEFBNnJsYllB?oc=5
2026-07-29 03:00,The Guardian,theguardian.com,Meta misses earnings forecasts after Zuckerberg media push to promote AI,https://news.google.com/rss/articles/CBMihwFBVV95cUxOZzhoelpiZ2lRWlVXMEFEZUZfTUgtcWMtVU1Ea3ZTRkxpM2VudHY0dDhLbmZ2VkNwRlpVOHV3MUhKX3JwT1JZTHktaHZsdGM5S2Nxb21CX0IyZER2Vl9yZ01UbXNRVjhpMy04Ni1kQld6TGFLQlhoaTBVS3RWRzI3dHZIaUhRUFU?oc=5
2026-07-29 03:00,The Motley Fool,fool.com,"Mark Zuckerberg's Meta Is in Early Talks to Lease $10 Billion of AI Compute to Anthropic, a Potential New Revenue Stream That Could Justify Its Massive AI Spending",https://news.google.com/rss/articles/CBMimAFBVV95cUxOWTduYUxrRW9RNkdFYUdOUVgtbWZpc1ZUZHBrNzlKdHhENE5mQ1lGN2pSOTNBOW5wN29NVU5UNm8xRHgxRU1RVnZUZndoOE8tWFdSd1pyU051b3R3M00xeHJRRkY2SEpZNl9OSHEweC1memdCTFVCRUJCMEk5ZU9rTXZFSkV5SkZ6MFZUeE5JaGdFeFRRV2ttbQ?oc=5
2026-07-29 03:00,The Motley Fool,fool.com,Prediction: Meta Stock Will Pop After Q2 Earnings. 3 Reasons Why,https://news.google.com/rss/articles/CBMimAFBVV95cUxPS1hvTlBya2d6NVdzY2NfeVEwRDF3VGdQZHpxdnNDdkZCRmdzZ2RSc0dqdEcyVlotNXFKUVdkZ3ZOMGtNbnljZTZnaFFobWh4OU1Bd3RvSUpIb1lURWNWWVJaNjB0ZHhkN3k1QUhxMWttQ0FjYkFkMFplN3EyS0psRG5rTUlqUGtSZWN3a1FSZHlnM0YyR0VSbQ?oc=5
2026-07-29 03:00,WSJ,wsj.com,"Meta Stock Drops 10% on Steeper AI Costs, Missed Forecast",https://news.google.com/rss/articles/CBMie0FVX3lxTE50ZmttOTNyTEl1LXZjY0d0d085WlJwQTl6M2ZqMUpRV2tsYTJXcWZSSzBDUXN5THFfTDE5cm5mX21pMEp3NWM2cF9HUmw1bmt1c1hJc1MyZHJyRTNrMUUxa2hSQUhyZVdWam5qSk1pQzZRSXhfLU42OFgySQ?oc=5
2026-07-29 03:00,Yahoo Finance,finance.yahoo.com,META Stock Falls On Tepid Q3 Forecast: CEO Mark Zuckerberg Tempers Expectations For AI Cloud Opportunity,https://news.google.com/rss/articles/CBMilAFBVV95cUxQeHZLb2EtQTZfZVVzcHlLZTFvLXNfbmhOVFA1blBxQ3BGQTNFSU9MakpMSXdTZXhHN2N1QXBtdjA2QlJ6YTNxeXBOOW1LdkpRWXdtbEtvbThiUnBSYWxoMy1HTGRNZUJWcDU3dGVNMXdFRGdZRHQzYklveF9FbUFidThpSW9Dc2tPY3U0RTFTLUkzRGxC?oc=5
2026-07-29 03:00,Yahoo Finance,finance.yahoo.com,META Stock On Longest Losing Streak In History – Will Q2 Earnings Report Reverse The Trend?,https://news.google.com/rss/articles/CBMingFBVV95cUxNeE5ldk5HakpiRkdjRGFfLWxpWXMzaUlhbjZ4Uk1hN3F1V3dkal9qeTlESUtuVUJ2Q3VfcWhQOEZYbXh3VEUxaTNqUlh1ZzFPcnVCaFNCQmMtTGlWRFlyQWt1WkRVQTRBZU84UExJckdKYTJHQzd1X204bXFhTmlybExIQlByaEZ6ZFFZbUhfMnlXSWJZTVIybWRQYXRQZw?oc=5
2026-07-29 03:00,Yahoo Finance,finance.yahoo.com,Meta Platforms (META) Lags Q2 Earnings Estimates,https://news.google.com/rss/articles/CBMilwFBVV95cUxPT0hVM1IzbU5NY1h6T2tCXzBseGE3eTNNNXpUdXpHOVE5cjZpNHdoMnhtTmIxUFQ3eHBpdVBhRFA3U2x1WWpxT1lXbkVnOGdXTVA1OW9uVm5fMnpyUDZZYWZOdzVGNkFYYlRHVWpBeHhwbjI0WWhCR2R3OFI1Mk5jdnFaVVc1N05lLS1FdDA3dEpLM3N3RUo0?oc=5
2026-07-29 03:00,Yahoo Finance,finance.yahoo.com,Why Meta Platforms (META) Is Down 6.6% After AI Costs Squeeze Q2 Profitability And What's Next,https://news.google.com/rss/articles/CBMimAFBVV95cUxQMk82dzdwa290T0JlUkU1WXhQQi1VNTNIS0Ricmx4WHdpNEtxOTZVVUJDQTdjUjctWVdUZnlLZGRUSmJxVV9lWDRKY2JZTmNFQ01YeVk4Tm5WSExFVXNvNW0ya2ZFWW5GQnlnTWFIeVJDVW5DTlM4S3gzWWpBbXV3U2FybDJZc3pQWkhBdXhvdEpVY3RzbHpLTQ?oc=5
2026-07-29 03:00,Yahoo Finance,finance.yahoo.com,"Zacks Investment Ideas feature highlights: Nasdaq 100 Index ETF, Microsoft, Meta Platforms, Tesla and Alphabet",https://news.google.com/rss/articles/CBMiqgFBVV95cUxQd3l5czFPTTNqSlFld1ZoSHBoV3NwRDY4c09kY0lvTUtWMExENUl0OHc5Sm14cG80U3A0MEQyWG40MmxXZjg2UVpQQ0tuRlBsSTFXOHdKVDEtY0hTT3BqVFJMX0hKZHFLcXFQLXQ5OHE3Rlc2Z0xmYjZrajNXTWNiT09xWDkwVEljWmU5UUdOa0VvQXVCTlhRa21VSXQyal9TY2otaFBxQ0JwZw?oc=5
2026-07-29 03:00,Yahoo Finance,finance.yahoo.com,Zuckerberg Loses $15 Billion As Meta Shares Plunge Following Earnings Disappointment,https://news.google.com/rss/articles/CBMingFBVV95cUxPeVRLdlBzRGpGVDh4VmZzcUFicmRDN3Fmclo5QUVGVDdXUFdHVXFBU0ZJekRKRDVZaXltVHN2V0htYUVvSm9WX1FHSzVYSlB2cHNxYkp4VzdSSDhJck5BS19mb1lycEl5bzQ4RVJDTlRVY2p6c1ZQQjk0RXlLTHh5RGhPeVB6dE9aZjZGaTJRazJub0llb1duSnpRYW5mdw?oc=5
2026-07-29 03:00,Zacks,zacks.com,Shopify vs. Meta Platforms: Which AI Commerce Stock Has the Edge?,https://news.google.com/rss/articles/CBMipgFBVV95cUxNbUE3QWl4dEY1N29sQXZLcVpmMVdQWFg3dm1FaHJJdWlIZlR3TTFhTlF0MHVfbkJUZFFxMlcwNlI4eDU3MHJvZS1BTjQ0MXhJTWlmUUN3UjlrcVEyLTZCczY3T2J0TWlLWUdxRmZGVVdPYU5kUkdnWFRtcmcwZ0F4b0puSDBRTGJlZ1NocXZFRHFWTlg3X1hzRnZjRzNDWUxhMUdiY0p3?oc=5
2026-07-30 03:00,Associated Press,apnews.com,Meta shares drop as Q2 profit declines due to legal expenses and severance costs,https://news.google.com/rss/articles/CBMipgFBVV95cUxQTFlmYXRyNDhLd29kZkNtYjNuMnEtS2t4SG1VNzJzakJqMlA0d3lsUzNaUUVMVnIxOV9MVWIxQkpfVTJfRHpCcUhKWWxSZWtNLXI1R0xOd3JSY1c3MTZCMThyNWFLbVh3a21ZcUJ3a2V6WF94X2UwWWdxYmtKZ1V4UFZJNW9aR2pRLXZ4RlFUSVdDUE84a2FHMEZOZUZ6UG1jNDV0Sk13?oc=5
2026-07-30 03:00,Barron's,barrons.com,Meta Stock Extends Historic Losing Streak After Weak Earnings Report,https://news.google.com/rss/articles/CBMigwFBVV95cUxPQXdKRmhyaTZVRVAwb1lwUEdzNXBmb3VzWVo1Q2JDUmFkUEh4X3E1M2lKeE03NUxETlVnT29saDJfTTRtUHFsbUY1LThZUnFCMkpfbGkwbjJmaGFkRVdmZnlfSm0zdkFiRlJkSUtCM1VTMHdUdmZUejg1TnEwTUhoYzUzdw?oc=5
2026-07-30 03:00,Benzinga,benzinga.com,Meta Stock Feels the Heat as Wall Street Says 'Skepticism is Rampant',https://news.google.com/rss/articles/CBMi2gFBVV95cUxPZEh2OWZOZTl1Vm9kMnRkNkM2ZHZNczdRRmJ5UVk2akdQYXF3bUpvZHZZOEU2bnZNVXVTMkh4RTNjNGdmR3RCM3VraVpBQ2Y2YW54Z0xPSTFXbzZEdFVKSVNFc1J5Q1g3cnFBUTFaRGRMNzdIakp1dGJGYkloNkxMT0hMYVktbG1LanlxblRjS1hBa1dvanRMUjQ3ODRaekM2dnRRMnFRMnZIaFA0Z1BSUm10YnREV19xYk1udGRZSDFqZFVzaWtBblRqUmk5d0J6NXpPVnl5X2JUQQ?oc=5
2026-07-30 03:00,Bloomberg,bloomberg.com,Mark Zuckerberg Finally Has a Dystopian-But-Lucrative AI Plan for Meta,https://news.google.com/rss/articles/CBMiwgFBVV95cUxOblN5VVFnbTlrSXRKSzVRYmpVdUFXdnBuMkFZZEVkTEJEX0wwSTFteFhLbFBhSndvOEVkTnBJSVhoLWE5QWVSMjNKMFF1VHRObGNIVmRMMGVOS1RrbnhXaEtMMllxRVB6d0htbFozbFdveENLUE9QdGdNaTRzS2RFN1lFZG1jQ2praXVPb1hXYUcxV0V2aVU5cjZDc1Vqc2xMaFBTckNhRXFKSm9yazVwRWVrdkd6RDM1cTRQQmpsU2VJQQ?oc=5
2026-07-30 03:00,CNBC,cnbc.com,"Meta's stock pullback is justified, says Needham's Laura Martin",https://news.google.com/rss/articles/CBMipgFBVV95cUxOWVBZUDhjYVJWLU51aFJ1emZNcnRwNkFramR0bm9WVTRfUkpqM2l2QnJwTnVTT3plSlpreXU0QTRsaHY5cEo1WVVYSWxvNVR0NndYdUExS19OWFlHUnVGZW5raUI0TXdGNE40X1dnZG1IaG1vQlZ2QzNWTkJZRHhJd0pGYkpuT2RCWGR4TEtyZjBEOG1sZlp6REk4ejlHNlR2ZlpjQmdR?oc=5
2026-07-30 03:00,Financial Times,ft.com,Mark Zuckerberg is becoming the king of the ‘side quest’,https://news.google.com/rss/articles/CBMihAFBVV95cUxObDYxVUpIZkNFeDVGNHBlSWliRmhiT01LeWZmMkstQlRkQjJqVlByMzJuSFBmOVQ5aGl3MHBHSXFzNmJybThldm5WWXBjeFhWWm5qei04Q3BIMlJoTjNKS1pmTmtVMUlNVF9HbmRpamE1NmpaRHFwUk5UVDE2SV9WcDhEa28?oc=5
2026-07-30 03:00,Forbes,forbes.com,Zuckerberg’s Net Worth Falls $18 Billion Amid Meta Stock Plunge—Wall Street Sours On AI Spending,https://news.google.com/rss/articles/CBMiygFBVV95cUxNaVpFdU16dDExYUlKWFZuMEJtcDVpQUl4T3JoSHY4V0N1SjJZbXpWQkZHY3pRX3p1eGVPY0dwbzN0TnVMdnd5Ym96ay1VZ2dMMlhhdk9fdUVMOFZCejBfbUo1TFRJdm1ncnU1MHpmNUp2MjNuQUU1VzFubC02dS1BREJpSU5zOFl6ZEdxQ2JQbDdqYnhnSDVKQUJYS0dvbFRiSHJvZml3Nndnel9fSHRhNGVmV2hKbk44UVRoUFdfN3NkNHcxaERYWllR?oc=5
2026-07-30 03:00,Investing.com,investing.com,Why is Meta Platforms stock tumbling today?,https://news.google.com/rss/articles/CBMipwFBVV95cUxOdmZPQzkwR1NzQl9RVkRWdVdqMUdFZzRxNTM4YWhwUTZMdXZpbzlJME9WaXRfNmJDTjlCSE4yQlpqMnZWOXlOS3pSXy03ejZTUURYN29adFFhNFlWVmZJM2FSU2o1bGVvRnJmOWk3WDNTOWNJdS1ZLVoyQWhQNHlnVWlBZjU4azgyOW1VNmhFelpESVZaUVNHNGswTS1nckVHR0lINXNtTQ?oc=5
2026-07-30 03:00,Investor's Business Daily,investors.com,Why Meta Stock Is Tumbling,https://news.google.com/rss/articles/CBMiiAFBVV95cUxNX3hUYjVIUm9uZWxvSlR1YnY4M0hJOEhxUTMwV2VaY3dBTmkyZkhleldwclp1WV9lamlRbVVSS3lCUmVfN20wc0tQR1J4QXlYd2YwTGkwQUhFRG43aFYxYUlCeG5vTVROcnRMUGVZV2VlcHZpX0FNckFOOTZqSjJpanhmSmRyU2hp?oc=5
2026-07-30 03:00,MarketWatch,marketwatch.com,Meta’s stock falls hard. Here’s why the company is in Wall Street’s doghouse.,https://news.google.com/rss/articles/CBMivAFBVV95cUxOT1V0TERPX1J2cDhwak1hc3JDajc1di1IekpLcFVQZS1rNkxzNHNiRmc5SEhDWG54Uldzb1N5dzZIMUFDbmdpMFBzMF9vbXBnMGFIek1xN3ozSlpyNmFXREdONUpKbEVfLXlsZzdUQl9tUVFkckZMN25MT0doVjdKcFpCRXZrZEJmbEpyczBrUU1qQ0ktU1psQ25pdGk0V1dHWWtEU0dCdGhybThOdmZEa2FkYlRiSWo3WVFpZA?oc=5
2026-07-30 03:00,The Motley Fool,fool.com,Is Meta Platforms a Buy After Its Latest Earnings Report?,https://news.google.com/rss/articles/CBMioAFBVV95cUxQNElTMnJLeTltUUlabUM2NkxvSWFuUHJKNHMtbzVqSTJLY0V5Q3VHbUZQS2h3QVRUQlQ5R1YzWDUyRDJqV0J6UmVyWEkwY2gxNXVzQzdQdG5SUVZkdGFGLTlYYUJRUXhQLUFFeGNzZ3h6bHdyUzVtMW5MUktHc3dqZ2x2ZnJ0cWJWREtIVUFvblVHZ0xBWUtwRzhWUHF1ZXF1?oc=5
2026-07-30 03:00,The Motley Fool,fool.com,Meta Platforms vs. Microsoft: What Recent Revenue Trends Tell Investors About These Artificial Intelligence Companies,https://news.google.com/rss/articles/CBMi9wFBVV95cUxNSmlGZFY4dnUwX2xpQy1ldEJqOHNDOE4wWEN3QXBNaktyWno3R0VXaVVOMmZIckNBOWhmaElLazVDVXgyOUplbkdrUFI4R3BXNXo3d1FqbjdZMS1PTEJUMjZHR3k4dVhodE95bl8xbWg1LXp6dXFweEJTaGl4YWxKUl9GalJOTlZ3UWNFazZFajYxYm5VaE90dGtCOTBYZHYybVV2cmhRY3ZIRTd2RV9EWEFrMEo3WGc4cU1iS2dhaFhPdFlFZ1dlMHdMRVJhYnpIaEpYd1hsV0Zwa1VoeHpIU0ZYUDRmbEJkMG9JRjJQeXFQQVktWHlz?oc=5
2026-07-30 03:00,The Motley Fool,fool.com,Prediction: Meta Stock Bounces Back After This Ugly Reaction,https://news.google.com/rss/articles/CBMimAFBVV95cUxPSThhREZONE5aZFVocXY2dDJJV3dZVGpNWmM3cjNXbGtaUEZUc1JVbTBCNU9FWlF3MDdCRzVtTGMzT3YwelRxSFVyS2M4UllJYTBNdTdLeVI0VGFqNDVzZHA1THlkSHNQcXFaVFJvaDVjRTlJSl8yaHczUWp0dm9iaFBUWFZ5VG53T1dyb3RBOV9hcndWeXBrTA?oc=5
2026-07-30 03:00,The Motley Fool,fool.com,Should You Buy the Dip in Meta Stock?,https://news.google.com/rss/articles/CBMihgFBVV95cUxNTXNDd1gwZVBOVy1HU3hObzNSRDVRMU9ZaUdFUkJNajdha01IQTNXWFU4aHlPX0NRaU0wVGp5WElPb0dCODFTdjVnRjhPSFRDbTJBMVJDQXhwWUhYdWhReE03RHVUSjhZeUlvZHotdGNSSDhJWUFHQTFHS2pyb050NUhjTUxoUQ?oc=5
2026-07-30 03:00,The Motley Fool,fool.com,Why Meta Platforms Stock Fell 10% Today,https://news.google.com/rss/articles/CBMiiAFBVV95cUxOYXVydkNmenN4cnQxenQyVms5dldGem9fUDMyQ0dMUHJjUmZ4NWRLYmlJSTc2c0FoYUNnOUxHZHRjMHh3eGJXamZzXzhxMllJYzV6WjZBVml5S1VtemVyd3dFQzFsTHJuQktONGVqNWx1dHRTNWdpaXlQM3J2N1lsN2k5czdYa3Zr?oc=5
2026-07-30 03:00,Yahoo Finance,finance.yahoo.com,"I Was Wrong About Meta Earnings, But the Stock Is Still a Buy",https://news.google.com/rss/articles/CBMinAFBVV95cUxNSDB5Z09tWHluOE9aTENlbEw1VFAxdTFvMzFuVkNhSVozRVJNeHhsY0hXOWJCNDg1Vi1yWUp1c3BDcWpaVHBhUDhyY0JSVEMxdEliN2ZoMlM0eWIxZXR4dkRFWkt0Ty1LQV95eDZRRDJUMW9PSWVESHlNVzY0ckRFMThxNGNQVTNVYzZwQzFyOGxDOWZfRlRsNHpvdGY?oc=5
2026-07-30 03:00,Yahoo Finance,finance.yahoo.com,Is Meta Platforms (META) Still Undervalued Despite Heavy AI Spending?,https://news.google.com/rss/articles/CBMipAFBVV95cUxNQUhRRWlqS1hxMkhuZzFjM3pvOFJqOE9QMVFxUHk2WV9rX2dLOUU5TUs0OG5oeUN4OExCcXZSMzlaZUF3RTBiN3ViZzRYdWpMT1F3M1RKMjlNMUF3ejhxR3YtaUY1cGx0d1BOOGZBd3dzWVlVLW5rbWFtUXRLRGpsMmNNbEk1VjFveEN1a2kzNTV1b3dMd2VWeUtyS3NFM1hjV1BkMw?oc=5
2026-07-30 03:00,Yahoo Finance,finance.yahoo.com,"META Stock Dips Premarket After Q2 Report: Meta’s Forecast Miss Has Investors Worried, Retail Turns More Bearish",https://news.google.com/rss/articles/CBMimAFBVV95cUxOMEtJN2FXdy1ILTlQY2g4UlRxZ19vem81bDU5NS1iNmh5RWUxa3psSWU2Z1V4bkJGdHhJN3Vqd2RvMzBGRkhmNW5LN2p0dFJGSEhCc2ZiZ2w1UWFLN3cwLVQzMzYya3dTUDctSVc3TDVHZTZ1MHRsSDNMN3J6WndabmpDNWh6dzlCenN4bXlOOU0zd0h6WVR0Sw?oc=5
2026-07-30 03:00,Yahoo Finance,finance.yahoo.com,Meta Stock Plunges 9.1% as Free Cash Flow Collapses 91%,https://news.google.com/rss/articles/CBMikAFBVV95cUxQMDFYdnBpRE9MblVRNERYWEllTnllenhiX2pQU2ZabU54eW1PVjh4elBqbFhzVFpQTWFyWENMamhlWUE5M2RvcGdyYUg1RHQxZ2NLcWFCWWM2am5iS2h0QzVjVWRQVzdGR3FOUk9iRTRxRWxPcVpkRlFOOHRVaEFQaV9YVjJfUjlweGI2NUdsYTM?oc=5
2026-07-31 03:00,The Motley Fool,fool.com,Everyone Just Missed a Major Announcement From Meta Platforms,https://news.google.com/rss/articles/CBMikwFBVV95cUxPTzY5SEtLR3NBQmhTd1V3cFNFYzR4TThGYTVUV3JvTUlWRGJJRTBNUG9HSEkwM2l6MWxnLWNfc1paWmNjWWZCUW15SFlhcnNnY1lIQ29PLThyQUpEczNQQzU1UzA4bkpYUGFFcEpzcXZhcm42Q3hyeFgtaEFLSDFMUnd5VUxoWnpsVC1vVnBWTlRiYTA?oc=5
2026-08-01 03:00,Seeking Alpha,seekingalpha.com,Meta: Now Is The Time To Double Down,https://news.google.com/rss/articles/CBMifEFVX3lxTE14V0hHRnpsS3hzRGhlNk1HMXNzcFp0TGVJaUU4aGd1b0J6d09nRmVtTHVval9waURRYlpJOEFhbS11dTI2cTdLN2t3YVc5T010bDJHYVRSZWxEUXpoQUFGTml4NDRPUFFBUFVZdFJJdTJwLWtLcGFPMWhmVE0?oc=5
2026-08-01 03:00,The Motley Fool,fool.com,Mark Zuckerberg Is Betting Up to $145 Billion on AI Infrastructure in 2026,https://news.google.com/rss/articles/CBMilwFBVV95cUxQbXAwalBtYnJNdjdRTVIzZkVSaWRxbkp1bGNSTkh3SzEyZzFiWGwwaHRFNzYwOFVhQ3FBWHhkTGhPY0NqcExEQ051M3ZoNlJrWWFySkljREpLbEdZRERmVmhRUWVaOGlqb2RmRGRlV0FZSzlXNnRGQWVEakc1WktyT3BzSXFNTURwWG9Jc2RLUEdQOUtPUlkw?oc=5
2026-08-01 03:00,Yahoo Finance,uk.finance.yahoo.com,"By mid-2027, analysts expect $5,000 in Meta stock to be worth…",https://news.google.com/rss/articles/CBMigAFBVV95cUxPcVRzakRxb3VGQk1fcFBpbVdrRm1pTzAyU1lmdjdZN0Z0RU1jeFltUGxnSHNFR0M5THZ2NGI4YTZLa3VnNE80SndfZGo2YXlNd0hsNHktc29yZ2kwNUJQZVEyLXVfZVE3QnhNaW1Xa2hPZ3FCTmdqVjhicmo3c2MxSQ?oc=5
2026-08-02 03:00,The Motley Fool,fool.com,"An Analyst Just Named Mark Zuckerberg's Meta a Top Large-Cap Long Idea, Citing AI-Driven Ad Momentum and an Attractive Valuation",https://news.google.com/rss/articles/CBMilwFBVV95cUxPTE9GTWs2dXljdWg0SWxMZnR1dU04VmZjZG5OUHhkeFhJUDNYblZOZ2JLOHB1QVpIRHFhQkdpVGVxQ1FlUzZLUHh1MEZTUk9OTjVJaHFsaFNoRVdnTzIzTTVKTktxeUhrY3FnTVMxdW1BUndaQjBLTVhTTmF6ZjdoLU5oSmdYa2hoZG1YRjRSdjhwLUZKYllv?oc=5
2026-08-02 03:00,The Motley Fool,fool.com,Mark Zuckerberg Says He's Betting Big on AI Compute Even as Meta's Free Cash Flow Craters. Here's What Investors Should Watch.,https://news.google.com/rss/articles/CBMimAFBVV95cUxOS0hyZUVyaUdrcTJBb3J0SElLemZwU0VoZkJOd2hCTTczT0lKeldRY2lPWkI2WllfdGZvUENZZFNIOTlVSHNYa0lkaXlTQV9WV2FNbHNfR2Nvc01NVVlDSGtVWmxSTzRUR2s3czg2ZGp5Vm40TjFsbG5BbmZPdjhtQkJpbUo3dm5pUXVfLW1WbTFjYUEwcU0tcw?oc=5
2026-08-02 03:00,Yahoo Finance,finance.yahoo.com,Is Meta Platforms Stock a Buy on the Dip as Revenue Surges?,https://news.google.com/rss/articles/CBMimAFBVV95cUxPYXNnRkpjTmxVanNpTkJkRHZfOUI1czJwWlRCTGFucnA2elk5dG1lUVNaOWZESzNOa0JCc1gzS3lHRUZoem4zWGR2MU95VlhlS3ZEWndCcTZhSkV0VGxiN3lvWV81b1owVlhaRXh0UVYzeHVTYW5YWWxsN2NYcjNuTFlOdEc4N2d3dUQ4Q3J6YS1DVTVHUU1mOQ?oc=5
2026-08-02 03:00,Yahoo Finance,finance.yahoo.com,Mark Zuckerberg Just Announced Great News for Meta's Shareholders,https://news.google.com/rss/articles/CBMiowFBVV95cUxPVUZyZURnVzM0bWF1S1ZvRGUyRDc4aWJ3ZVpTM2d0NHlhS2dmNnF1c2NsbVl2N2tEM0lRRzlxdV9LQzRxdFZpWC1RVEVLX0dUWGo4TmtvajdTYXlKNjVaZEVzcjlMal91YWw3UE5BTWdlc19zeU5pSVVPYmdSU3BJdDJxSWt5dGozQXN3RXFFU3JjLWtMYV93Vll1cXhjS1FiTzB3?oc=5
2026-08-02 03:00,Yahoo Finance,finance.yahoo.com,"Meta Trades at a Forward P/E of 17, Below Its 5-Year Average, Making the Stock a Potential Bargain as Zuckerberg's Net Worth Rebounds",https://news.google.com/rss/articles/CBMikgFBVV95cUxNNHA3Q2I2aldLdW1TZVVrRVZKX2QwRFVHUzhoRDhkOHBfQ09TSGZrVDdFV0U2TzEwVmFiVFZrb2ZrUGY1VTlqcVU1TzNBZUFla2RqVTZTclVxOHBqZV8zcEI5TnZQMk1keHlsS1l1WUxyXzR0a05naFRFZXo0dWctX25vNFpId2dTNUd5d1pZN2FvZw?oc=5
2026-08-02 03:00,Yahoo Finance,finance.yahoo.com,Microsoft vs. Meta Platforms: Which Is the Better Magnificent Seven Stock to Buy Right Now?,https://news.google.com/rss/articles/CBMioAFBVV95cUxNYU5TUnlEVTM4d3N2YS1OeFMtUGFKV2dvNjlaUXY4dHl3UUhtSDBwQ0Q5ZU9uekQ4ZDl5YkozcW9hdFUweWdNRzBRcG5LTC1VSk1nR2cxZUJLam1fT1VvenozRzNDcm00YTZrWUtDcFNUbV9RYW5aMW0xOUNSTzhPWUFYMkpMTGNKUlFmZGU1NWQxcTJQZGRzUFNvcm1pVzNP?oc=5
2026-08-03 03:00,Benzinga,benzinga.com,"AMD Options Price A 9% Earnings Move: What History Says - Meta Platforms (NASDAQ:META), Microsoft (NASDAQ",https://news.google.com/rss/articles/CBMipAFBVV95cUxOVFlIUXlTOXNkbC1ZTkJGQkVhNnVOLVk1WkhZQ28xSXVOUTZ2YTJPWFgtZmstaGphVllIV1JxejJiMUp0MmRRWTd6dUc3N0lXUDVfWVFqMkZ5NXQ2NFRnc3A3X2xmbEJYbFd5U2ZiYkNLMTRld0pLTEEtVUNXc3NlaHlJdEtwNURkTE53Y0JOYUQzc2FmMnZaNGk0NDlrWE9RWTlhNg?oc=5
2026-08-03 03:00,Benzinga,benzinga.com,Meta Platforms Stock Is Gaining Monday: What's Going On?,https://news.google.com/rss/articles/CBMitAFBVV95cUxQMjNLUkJXVDFueEQxamtGNGlZaFNpaWttVTFwWk1uVjdUOE93b21ZZlBoSDJRNUxPSjFKbjBaT3g5U0N5aUN5Z2JNMFJ6UnJ3Q0V5bFZfWi1ISHFCMDJkSVNnQVdSWjZlTEwwTGgtUnFxcFlfT0daYmdmbzNqNktpU2Q0YUpRRVB4ODIzWGRwZ3FJNU53UzFxM1Ywei02VzhmR1JyS2d2UnR3OWNmYXBGY1Y4c3E?oc=5
2026-08-03 03:00,The Motley Fool,fool.com,"1 Unstoppable Stock to Buy Before It Joins Nvidia, Alphabet, Apple, and Microsoft in the $3 Trillion Club",https://news.google.com/rss/articles/CBMilwFBVV95cUxNMnNNZDJtVVI5QzlIc3JzeFhZVmZzU0Z6bVpCblExV1paRGcxRVI0NlNiQUJsQmFPbGdUSi0zblNUTXhBbHFyZ0J6ZmRva0VKZWVSdTIxNVEzQVVmQkN4UUh2Z0g3NnpEbWlZMndISTZPakx1UDdyOVpXcTlncnlTRXVnNXhqQmVSd1ZOejNzVzhsZTZfV3Bv?oc=5
2026-08-03 03:00,The Motley Fool,fool.com,"Bill Ackman's Pershing Square Owns Amazon, Microsoft, and Meta Platforms. Here's the Best Buy of the Bunch in August.",https://news.google.com/rss/articles/CBMimAFBVV95cUxOSURENzdIR1R6X0F5d214MWgwSW5QWDdBZXZGWlZVdDJOZXVGdDNiVjZIM0NNR0FWVUtQMjhhRlhZUlgwa2QxbVNmWWNNWVdZcE5CMl9aNHZpdnN4bThpdTg5TlF1a25VTi14ZTJ6T0F1eEY0SEV1ejFkUTFFQ0NWeUtlRC1qMjdCT21aaG9nY0Z6QmJ5ZlRWOQ?oc=5
2026-08-03 03:00,The Motley Fool,fool.com,Mark Zuckerberg Just Explained Why Iren Has an Edge Over Other Neoclouds,https://news.google.com/rss/articles/CBMimAFBVV95cUxQZkJTWkp3T3JfcU85blF2RDdqbmlGRmpwekxIMjJSVTZ4Q3RULVdubGFzRWxHVmMzYWRfN0JfN1k0RzlqUHlKb05nbFFFWXBHeGlsMlNfM0JEMUZSdTdDNWVfXzZIUHN6ZlZUZFdSQ2hDaHVyU0Y3bEFQbHRUSkhqc2NESEs1T0FrZ1QxZ2dVWG92bEtUWllMcg?oc=5
2026-08-03 03:00,The Motley Fool,fool.com,Meta Stock Analysis: My Final Verdict (Buy or Sell),https://news.google.com/rss/articles/CBMilgFBVV95cUxOcThRUlVSekh2aDNjSkhxSTZ3Z280bC1HbzhBZjAyRkNCekxuU3VVM25Ub0x2ZGphMHRCTTlOcmwtdmlROFNXNlBUcEdHc1VCMjBMQ0I2UU9ha2lQd1RqRHg4ZVV4RjJYME9LLVlJVklIX2VlTkx2azFXSXNhbnpIN055bnBPTV9NZDBRNV9oSEprNDFtUHc?oc=5
2026-08-03 03:00,The Motley Fool,fool.com,Meta's New Cloud Ambitions: How Big Could This Business Actually Get?,https://news.google.com/rss/articles/CBMikAFBVV95cUxNaFR2dzc1NjkyMXN6enRKZU05WTJMRmxJUUJsMm5tUnFaODRNWTR4ck1LRkEtWXpFNEdBNVVRRk8yR0gyS1MyXzB3dXE4dGhDa00zSG9KLXhROHFpd3VWTG5IZXY0SmR1b2hnU0hZa0RlRFZNdVlrS01KTlpuWS1XbVdRaHR3WHc3blBNem1NbTY?oc=5
2026-08-03 03:00,The Motley Fool,fool.com,Why Meta Platforms Stock Popped Today,https://news.google.com/rss/articles/CBMihwFBVV95cUxNRWMzM1ZITFFCUnQzNW9VdkJTR0ROT0t2SmtfWlY0VHluY1lwS2tQRDBwNjdoNkpnUEp1WjllVVVjUFlUdW1QUTFMT0tEN1lMaG12aElqX3hselVuSE9fQjJJY0lTQ2gyQ2RHSHZXQTc0Smg1ckpINV9XVWVFOFNFakpnMjI4YUE?oc=5
2026-08-03 03:00,Yahoo Finance,finance.yahoo.com,"Buy the SOXX Down 23% From Its Highs? Amazon, Alphabet, Meta Platforms, Microsoft, and Oracle Just Gave Investors 830 Billion Reasons to Do So.",https://news.google.com/rss/articles/CBMikAFBVV95cUxOekg5THlfSGowbHBlazVqbVlvUEE5SGZIeW9kd3VLQU1fVDNOb3Zwdmt5RTlReGJhWTRWQmVtOTBwTnVUNUVKTHFyX3lad01nNjl1NjdmYkt4OE1mbXFwLUNOTmV0UEtwTGV3WFJheUNWbmt2VzFDSzg0VV84MHdpTnJfWXdmc2pseVZVaUx6YzY?oc=5
2026-08-03 03:00,Yahoo Finance,finance.yahoo.com,Meta Stock Surges 6.6% as AI Spending Fears Suddenly Ease,https://news.google.com/rss/articles/CBMijwFBVV95cUxPeWlGN1poVFV1cWpTNk9FNGFmMXZjbVZURTlEckdpcjZLbURSRFpXcWVMcFYwTF9SeFpaZm8tRFRVSTV4bkNMMjlMczhDb2hVYW1ZT2Z4a3VhVFFWZ3loOTdjRTlaZFJiWk5lQmo4SkRUeHp5U2MyTEtmbm9fUElDZnRsSTI1UVdINnhRb2NRVQ?oc=5
2026-08-03 03:00,Yahoo Finance,finance.yahoo.com,Rowan Street Capital: Meta Platforms’ (META) Fundamentals Outpace Its Stock Rally,https://news.google.com/rss/articles/CBMiogFBVV95cUxObDV3S05NWVNYSl9zV1FaR0RmcWZia0pjbGRjamJtWmo1MFB3R1hjMTQyOVJkbTJSVjYzUEtDOVhSUGJHRmVxbm90US1fczFEM1kxbmdSZGtpR1BSS0k2OFNHS2NnVml5U2tDb1Z1ZTM1TDdnRWcwcEV6WUg1clhDUXVfcjNUakZWdHFleGZSdUpVanoyNUhwQVBEUUlyVTFjVGc?oc=5
2026-08-04 03:00,Seeking Alpha,seekingalpha.com,Meta: The Earnings Miss That Wasn't (NASDAQ:META),https://news.google.com/rss/articles/CBMif0FVX3lxTE83cmxEUUdPOXprbnlfRG91b2dpQWVaS3hhYlNac1RyZ01tcnhFQXBXckxRZjJYRENZaFNCOXRXMUxnRlY4OGhwTzUxcVNYTG5xN2pXUG96NDg3dThucGJ0Si1pVmRrdzJKZWx3YWgtYVJ6bWtQRzV4WVpRbHlDRXM?oc=5
2026-08-04 03:00,The Motley Fool,fool.com,"Amazon and Microsoft Gained a Combined $1.04 Trillion in Market Cap in 2 Days, While Apple and Meta Platforms Lost $510 Billion. Meet the Vanguard ETF That's Built for This Exact Market.",https://news.google.com/rss/articles/CBMimAFBVV95cUxPSExUVHlqeE1RX2NScDlGNm4xb09PeklfR2cwMXRkUlRFa09vaW5KclRYZ09MUXNJREVkTEptUURvS0kzMW1ZaXN1UlZCdGFaZ0VDM1VUMFM1R3NiVDMtWkdLYkluWFYyR01pbnhtcm1DVTloV2ZEN1FWdldCUGpTNnZiT1hNVFl5UGdUNks5V09DQ3h6THFqbQ?oc=5
2026-08-04 03:00,The Motley Fool,fool.com,Donald Trump's Decision to Halt Iran Strikes Sent Meta Shares Up Nearly 7% in a Single Day. Here's Why Geopolitical Risk Is Still a Wildcard for Tech Stocks.,https://news.google.com/rss/articles/CBMimAFBVV95cUxNZHI2WXF3VXlhZTl0RXdBajA5N2xuZTdJNU41enZuX2F2cno1Q3V3NndfY2VtX0U0bnZfaVU4aXBkR0daVjM4OFRrWEVEelZfeFNwWThHLUxSXzE2QzVNa1JJc1VkUFZObElYTTgweExJbm9vT3NDOTI0cVhBWFUyYkxNY3RYMVVudERJbkpGUlZtYVgxZXliWA?oc=5
2026-08-04 03:00,The Motley Fool,fool.com,President Trump Buys 2 AI Stocks That Wall Street Says Are Undervalued,https://news.google.com/rss/articles/CBMimAFBVV95cUxNamVzcFVMN2Rld1VYaHZBb0RsYUxDcnRZb2tQY1hPel9Ud3dhdTBMb2hUWmo5Q09OR2Ztd2psVUZjSzdCdE0tcGxuUkowbGFzSjgxUkV3UlpjSHd2ZzhacWtpd2hOcDBSc0dRek1pYW8wZkZkNThtTG5fV1BCcVZSRXlCS09JUEQ0aXY0ZG16TlJJX3BfTGFTMA?oc=5
2026-08-04 03:00,TheStreet,thestreet.com,Mark Zuckerberg sends a strong message to Meta stock investors,https://news.google.com/rss/articles/CBMirAFBVV95cUxOT2RHU3p5N3gyTEUteUtHWUJPX2ZodXE0dklZOEs5MTlER3czNXZZdGpIS2swSlY4aWU3MGxOLU1TZTM4NjhhQ1IxdnV5OFB6VnpyTVZNV1VGY0JwNWIwSFFaNDEyM29pRjRYZDdyN3JJUTFVT0tweVdZcUgxOFQtVklPWVNpTVBXeUtCRlJ6ejVVOHlLZnlMajN2YVRWS2dRd1pmMkppYmgtVGI4?oc=5
2026-08-04 03:00,Yahoo Finance,finance.yahoo.com,Mark Zuckerberg tells investors why Meta is selling compute and still buying more — as capex guidance rises to $130B,https://news.google.com/rss/articles/CBMinAFBVV95cUxNV3p0d3ZxNmFtV1V0bkdfbkZXRG9JckJKdWxFc0pjanBTcU1pSTE0ZUh0UXllT1RoRnVCSGdNVmpxeml0bk9NWnBMMHE5ZHJpWkl1OHd3bGxCVlBETG1hdlZCaEdhQWJ0WHVWYldlTTBnek5oU0pRVWlhR3ItbC0wWHNvcnFsd0ZkNm5udmxqcVk1VmsxaFFsREhZSTQ?oc=5
2026-08-04 03:00,Yahoo Finance,finance.yahoo.com,Meta Platforms Stock Could Be Signaling a Quick Pop Above $600,https://news.google.com/rss/articles/CBMiowFBVV95cUxPZi1zZHc5d3pvZWRJYTZja2JtemdxZjU2dGppbjRHdjNZNG11SFhDQUdyVWxCcXVCdDU0a2FwSzZYbW4tZ3VjZGNsY1hHd253aG1xVWI2SWk1UTYxcmJpR0xrWloxV1pFZTMxWEVHbFJRdUxMLXhzTXNPM0JsZGZyMGd6LXBWSHlobnZZS0ZIRDJNbjA4M3BlQUk5RTlIclZyb1Fv?oc=5
2026-08-05 03:00,The Motley Fool,fool.com,"Mark Zuckerberg Wrote That AI May Soon Deliver ""Personal Superintelligence to Everyone"" Just Before Meta's Free Cash Flow Cratered 91%. Do Investors Buy the Vision?",https://news.google.com/rss/articles/CBMimAFBVV95cUxPTWx1MDA3NXp5WFJqVHdmS093c2VRWDBjdFZWdm5qa0ZrbEJ6U0JWVW84WkVTLTEyNUdpbE4wTEdPcjNTQTg1dnlFV3dsMkd2TnVQQjVsOTJFT1UyX2ZmWm9YRzg2RjduSl90X1NzYjlxTTBIT3Bsd1NEa195SGV3SmEzNUt2b05TbWtTeEJtTUpVUmFnNkhseQ?oc=5
2026-08-05 03:00,The Motley Fool,fool.com,Mark Zuckerberg's Meta Just Suffered an 11-Day Losing Streak That Erased $17.8 Billion From His Net Worth. Is the AI Bet Still Worth It?,https://news.google.com/rss/articles/CBMimAFBVV95cUxPN1ZPR2JrVms4OXVZMV9lZEhDbDlqU0Y1Zm1RZzVPUUp3ZlNualdFR0RIN211T2R2a1g3X0VaRVZ3QVNjYzZMZWswZHFvcnJmVV9iOFhtaXZVRkZVazZacnQya0c4MXNQU2cwM3VKamIxOWNmN1k4c3BoMTYzcW8zd1Z5UmFndUtIVUZQckNvOW54YkpfdU1VaQ?oc=5
2026-08-05 03:00,Yahoo Finance,finance.yahoo.com,Meta Platforms Stock Is Not a Top Pick at This Point. Here’s Why.,https://news.google.com/rss/articles/CBMimAFBVV95cUxPUEZaUVNzMnFQVDJaZUtXZVNCRVJhdkNqMGVaYkUzbVJ3UjgzeTc0dkZ1c0EzaldQeVFOTDN6d1NLVzEwdGN2b1oyYk8yU1FuNmE1d1NCMlBPbTkyNDV2c1BZN0hBOURDaGdrRmkyQnc2OUpvbE9JbkZaQmZ6ZHY5andOYXVsOTcxLXBTekZRZEs0M1FDUy1qTQ?oc=5
2026-08-06 03:00,The Motley Fool,fool.com,Mark Zuckerberg's Net Worth Dropped $18 Billion in a Single Day as Meta Stock Extended a Losing Streak. Is the Sell-Off Overdone?,https://news.google.com/rss/articles/CBMimAFBVV95cUxPNnhFOGExOENzZFJrNzdWXzJSczlwZUFLc3NlQjZITWdXWHJfOGdnWFpIZERRQUpfUVhSLUt2eHhVWndhQlkxTF9Na0pzUkpLNndMN0J1QkZLcnNWRF9Sczh5Y3prWlVwT1VQN2RLWXFONnZTU1RoWG5PbWR0dmdOTWg3bXlfTVBPYTVsZEpBWVNVYzJrVXNOMA?oc=5
2026-08-06 03:00,The Motley Fool,fool.com,Meta Platforms Saw Free Cash Flow Plunge 91% to Just $784 Million as Artificial Intelligence (AI) Spending Ballooned. Here's Why That Should Worry Investors.,https://news.google.com/rss/articles/CBMilgFBVV95cUxNSWVpcFdpTFBQUDRXZkZTbk5LTGMxRGZJc2JIOFFRNWg4Q2c4ZFRoZ3g3WnV5ZGhHdkZzWGstM0t1dG9OTXJoVmZDSTRhSk5ucEtFM3NHTW5mdzluUGRWTmtQa3h4c1Z5T0Z2WWlOZTVkWXVDd2xuNXlCSHlWTjZYclp4OUphRWFuMld3NmhnQ3lyZGZEeVE?oc=5
2026-08-07 03:00,Fortune,fortune.com,"Meta hit with half-billion fine, compared by judge to polluting factory. Its stock fell half a percent",https://news.google.com/rss/articles/CBMihwFBVV95cUxNZUZaNXFtTzNyV2FzNi1nZFctTkNwcHRXRlZQRF80ZkQ4XzN4OEZCOGQ4MlhfdThrNTZVQnBaRkpJNDZPVkZMQ0NudnNpYVgyck1QeW9FV0h3V25GREY0cDU4cnI4TjBuRktPa3JLeVNhVGZJSmVLVXZ6ZjloYjZIdWZZVy1lRDQ?oc=5
2026-08-07 03:00,Investing.com,investing.com,Facebook: The Leading Social Platform of Our Times,https://news.google.com/rss/articles/CBMic0FVX3lxTE9LaUpZQ1RDbGxxdUdjbU1nckZUTTdrQUhEWmVUa0Z6UHNJNEFZSUgzaHdSYXZ2ekp1WkRZbktyUy1Lejc0ZkVIR2pvVkdPSzBaN0U3c1pRSVZMYm9DRjdTdEJENXczWWdhTm5Yak1oV3NSbGc?oc=5
2026-08-07 03:00,Investing.com,ng.investing.com,"Director Marc Andreessen sells $250,907 of Meta Platforms stock By Investing.com",https://news.google.com/rss/articles/CBMivwFBVV95cUxQR1k4cExSY2FXdEtueFVnbGFIbzZOeVpxODhCdHNTN0JBWE00eEZkRnlKQS1ObHpVOXpsUkMzQnFVNU42clJDRmktaThVNWhHeloyc2NXQVJqZFF5S0FQLUZLVWlfQkQ2SWh0RlFqQVV1MFVkOUF0NzNneEx0clUtZGNzZ0J4Ulhlc2hQWXVVdUdsNnBfb3lranA1YU9QN2tEVjZ1RXFPblQ4WTVGaWtOMnJ1YWlSQkZTZkZUZkF0UQ?oc=5
2026-08-07 03:00,The Motley Fool,fool.com,Mark Zuckerberg's Net Worth Swung by Double-Digit Billions Twice This Summer as Meta's AI Spending Divides Wall Street. Here's What the Volatility Signals for Investors.,https://news.google.com/rss/articles/CBMikAFBVV95cUxNS1R3Uk1qenlBdjFGSF9NUVd2a3VzUFR3RThEdFZReHBUdFBVSjZnZ190M1NvUWNWcTlSemQ4RjZwT1FvQ2FqaUp3MHRHQ0Y5aHV6NWlET1h6Z2VmLW9ZRDU3cExvekVkTmRVMlBEVGVLczdOS2VDcFpRMW5XZ0pXV1RPeVVLcUVlRHppOW9GeDM?oc=5
2026-08-07 03:00,The Motley Fool,fool.com,Where Will Meta Platforms Stock Be in 5 Years?,https://news.google.com/rss/articles/CBMikgFBVV95cUxOY1U0S1pCVXZ4UnFQV0ZQM2hvcHo2MUdHX0RRT0g2T3p3bE1fNjYzelVoRHMzRFV2RXpCSTQ5WjJzREpDdHZHT2pDNDJlTWFVNC1fZ3JDLXdlLWFCNi1XYnpfeG9qaVdIVGgtaUFLMi1BcU9iVDBZUXJlZVVYOGphclRMbG9PS2lkdlJ5V2lMdS1LZw?oc=5
2026-08-07 03:00,Yahoo Finance,finance.yahoo.com,"Jim Cramer Believes Meta Platforms, Inc. (NASDAQ:META) Can Do Better",https://news.google.com/rss/articles/CBMioAFBVV95cUxOZ3ZlZElWZTZVTHZMaXk2Z1d4VDVVMDBUU3FjaTZhUlZPQzJybGVEXy1yWXplTThLWjl0bksyNkdjei0wTEJqVkg3V0pWbVRJN1FCU0RpTUMxYmN5TFlGa1k4QVFTbV96Sy00RVpkeGdnM3lPR0RBTmZYcTRDWGZ6SmZ2Uk5pSWFpb3RSTzRUNlBYUXB0TURZMmhraWhRRk9U?oc=5
2026-08-07 03:00,Yahoo Finance,finance.yahoo.com,"Mark Zuckerberg Says Buyers Are Offering Meta a 'Significant Premium' for Its Compute — But He Turned Them Down, Calls Selling 'Foolish'",https://news.google.com/rss/articles/CBMiogFBVV95cUxPVFpiSFFPV0ZXeHR0Uy13LS1IcjF2Q0tLeTh4bERydENMM1NTRG5fMzI4NUlIX1c3dmVpeV9udXFPOW5mUmFGeXlidmxFNmw1ODU2ZTRIRWI1ZjdwUmtlenkzMmliTmNhNy1uNUl5YVlUNVVkdDNqR2UtMGlqcTB5MVJiSFh5ZFc0Y1ZyU2tlbzFuRy1kWG1ObXltanVZYkdxakE?oc=5
2026-08-07 03:00,Yahoo Finance,finance.yahoo.com,Meta Stock Rises 1.2% Despite $942 Million Child-Safety Judgment,https://news.google.com/rss/articles/CBMijgFBVV95cUxPWENzZmtIcUYtV2xDN1Y0T0RqRUhFOEZndXpyTHNQSGllejduS25HVDVLU3BaUTdaOG9rRTBFMk5KT19kVWZmSnc4RWJaZGw2T2VGcGJDdzZ4THJhc0lhRi0wVHJNT0lOckIzOXdDczctam5lVWVvVnp3U2txSDFTUm9VUU9MZnRzdVRsVVJn?oc=5
2026-08-07 03:00,Yahoo Finance,finance.yahoo.com,Meta Stock in Focus -- Judge Orders $567 Million Child Safety Payment,https://news.google.com/rss/articles/CBMimgFBVV95cUxQc0RDSHVkdFF4SEIyaHFTVndCUmNkMWdma0tGTkY2Z1RKMHNGNGp5dlUwWWFYZGJlckJoOGlJcmNFMlJFVzF0Q2p3QWRsWmtjUEU3RC1HdkwwYjh6UWhuVGNsRm9ibkh5S25DUTFmaGpoR19CNWZ3N2lPV3J5c25keDlsVEI1LTNmUEFnOURwSG5PMWhKZFJaQ21n?oc=5
2026-08-08 03:00,The Motley Fool,fool.com,IonQ vs. Meta Platforms: Comparing Revenue Trends Between a Cutting-Edge Quantum Computing Company and an Artificial Intelligence Giant,https://news.google.com/rss/articles/CBMijwJBVV95cUxPMThxTmpjYWFvWWo1QUFxXzNkNFJrSV9pNnY4dEdVMmFmSzJTNWVuRHZGVEdOMm80MTBGbmlwUUludG95aUxXSkFmNi0wb0loUlBYS1phRk8xOGNjc2U5bUNsV0RfZmt3ZVlWdUhQM0lHUW9SNFVPWlNaQXUtbjhGc3hWWUVfNGhVRXpicVJFcUkwWkp3R0diZzdFNHNFTWZ0Y0JLWTNGd0U1Tml6NUFRRFVwYUZWN0RPai1SemVQc0NoTU85ODlseWNTWHdTYy1mMWcyaUNOUy1aZVhWSzRhazNmX2ZPVkt3bGljZEVYUUFMeE15bFZ4b1lMak1ualplOWN3TXpLWFBBUnU1V2l3?oc=5
2026-08-09 03:00,Benzinga,benzinga.com,Meta CTO Rejects Extra Vacation Days Despite AI Productivity Gains - Meta Platforms (NASDAQ:META),https://news.google.com/rss/articles/CBMisAFBVV95cUxQc19vNVFaWjFrSDRFRG9zc3NRSUh6aTgwMGQ2MTl4Y0ptQUh4QU9SVHNvRm1Tb01JVzJWWm1WSnctbzZNX0lIQUREd0dJeF94THNaVnZHNWNfVHFsaWgwVmxTbkZOVHFRWXV5M0duWklJM0pUVUtKNjVjNnNpQ1dPeEh4Vm02WjlITkpFc3dBbnRvenhUVTFZNHdkd092OEZ2MVJ4VnRlRmpQR2hfWDdIVQ?oc=5
2026-08-09 03:00,Seeking Alpha,seekingalpha.com,Meta Platforms: Why The Market's Reaction Is Justified This Time Around (Rating Downgrade),https://news.google.com/rss/articles/CBMiuAFBVV95cUxNVDhKXzdsdnBFVXQwQWhxaW9tV0JHTUpiSlB6aTZ4aUR2Wm4tRXlaTnpEV3Q2MkVpZ290bUN6T3lrbi1GZnBVYS1XMS16cThaWm1mT005LWFBYkxRR2VDLWhvZ3hPQjZ6dVYzRTl0dW5vWGgtaHJSeTN4cTRfMmg3MXJ4U2pqN1hwTTdoMHc3TFFQbUlsVGN4RVpVYVRMNnViS1FEOFNTTF9yTXlQaGt1VlFZN0x1MjJW?oc=5
2026-08-09 03:00,The Motley Fool,fool.com,"Here's Why Iren Has an Edge in the Neocloud Market, According to Meta's Mark Zuckerberg",https://news.google.com/rss/articles/CBMilwFBVV95cUxOMnB2NkVybnB0M3NRMXRYMllnbzJVRmQxa1gzeUtmNk1rZVZWN2ZvbTBQRGNQOG1veVgzdHlEVGszajVlanJoNFlBRk5YTjA0elpoa2F5TjZzcFdxUVhNaHlLOEQ4a0ZRejVnUE9OOE5WVTFQSTJWcDlMX0VUSjc0Wm5DN3hBakdVQXZ5MkhaNEZpdE9RdU5r?oc=5
2026-08-09 03:00,The Motley Fool,fool.com,SpaceX vs. Meta Platforms: Which Will Reach the $2 Trillion Club First?,https://news.google.com/rss/articles/CBMimAFBVV95cUxNOEs4Q1l1T3dOWmJLSi1TWU5mbWk3WGQ1d2EtR1VXZ190TnczTlRFTzlaZFplcl8xaEcwMmNNcVE3emlENFVqc0Z4c1Rkc1hNWXhubDV5S1BDamRwSWZKQ0VBYzZtTG91eWV1NnVPS3Q4V2FJYVlLR0hlZzkxbW0ySDRfNThNMk5KZXJOOTZaSFRacnhaOExtTg?oc=5
2026-08-09 03:00,TheStreet,thestreet.com,Mark Zuckerberg’s Meta lands in hot soup again,https://news.google.com/rss/articles/CBMitgFBVV95cUxOSHltWFJ4bzlnR09IN0NTTGdIV1FhOUk3UW5hMHNJTVlsMXFRLVJzSURaN080bGZicjVna0t3ZEluMmpBcnc1OERDc0psWm9veUM0RmV5Tl81NmYyUm5Ra3VpaEMxcUVFcmdWb0UxRkJoX1RoN0xJMDNhWE1yRzZ3RmdKS3l0bnlxZnBIdEdOUjl1VlpTMW9WeHpwOFhEUUNJMWxCRnFHV1ptM3J5b2lUUDNaVkg5dw?oc=5
2026-08-10 03:00,Benzinga,benzinga.com,What's Going On With Meta Platforms Stock Monday?,https://news.google.com/rss/articles/CBMirwFBVV95cUxPVlZzLW1YbG5YTDh4cERLVXB5YVRPRFBMQW9id1FqSHB1VWNZMEQtelZUdDJheXQ1ajUwb0lZczA1UmZIYVhPMEU2WVpEakIzcEczR3VQNnp3N0tQeVQtMFNiN0ZwWURqUENfelF6S0hlTzZFMVM0ODQ4OUtHNll6M3RyMThCcXRhTWRqRnZQUGRZR3c2eUd1VlJ6VTlaWUlzcU5NMXJMV2NxSENBcWhz?oc=5
2026-08-10 03:00,Business Insider,businessinsider.com,3 key details about what Mark Zuckerberg's vision of the AI future would look like for you,https://news.google.com/rss/articles/CBMipAFBVV95cUxQcVJhcF9ldGhrV1F6VXU3anFzb3VCS3NMcGdJZFVHSTYzN3lxWk1CX18tY1FkZmZobFVYbW8xQTVqQ1c4MWFIeW0waFZ1ZWVOS2dTYjY5d0tWellHY2dXV2RRREVxMG0xbDFrOGpOWDFSSnJZd0p6LWJyTV9OTm9KTFZaU2hkUXpCLUp6UUoyNEpJVV9zeFNmTGVjRFY5Zl9HSl9CZQ?oc=5
2026-08-10 03:00,CNBC,cnbc.com,"Meta to open source its most powerful AI model as it takes swipe at OpenAI, Anthropic",https://news.google.com/rss/articles/CBMieEFVX3lxTE94cE0tMnZmYVlZOXdtN3BtNTJPZGRNR1pHckM1OThqLUtveFBRbWhFNzZycl9ZVjJsLXZoMGUxbmQ0VC1kSFVSNk1RdkQ5NkN0bkJIaTVFX0FyVllDS2hwWlhNZ0FVLW1teW00VkMxbWx1TWpyRWNmLdIBfkFVX3lxTE1yT2pVb3pXZnpWRnVFeTliT2paa3NzNkNJX2FiS2ZMZXcxS2FtZ2wxdXhHYUlETVpocWFJTHZkZWJ6dEtzMW1rVF9sTTRkNWtDMWhEeHhYNVF6QVk3X29SU2xPQ3VxT21HX2tWaXN5Yi10OFhIUTVfUWltZ2dxZw?oc=5
2026-08-10 03:00,Investor's Business Daily,investors.com,Meta Stock Climbs On Open-Source Model Launch; Zuckerberg Criticizes AI Rivals,https://news.google.com/rss/articles/CBMihwFBVV95cUxPSjlpUS1vQTRaMU96cGlOX0JjVjBoSDJJcnlTdlJEUzJXMzd6OGZaSGJCQUZsZlBsbzhKc3Y3SHVVNzRjT3F2Q2NtSVRMYlptR0tvdDYyWkFiaE83NG1yYXlyTlNyT01yS3U4UFVWRWNVd2VrbEphLWZRM1RDeVVLLXA5eTRsQTg?oc=5
2026-08-10 03:00,The Motley Fool,fool.com,Mark Zuckerberg Is Borrowing Facebook's Old Playbook to Win the AI Race,https://news.google.com/rss/articles/CBMiswFBVV95cUxPOG8ydHY0bVZDSXFYS3V6b1lyWmFmVlN5ZHIzOG03QzVzSVppTk9sY0hzaWlIdGw5LUoxM0kzNF85T1VsMDZjOVYyTTZmb29PR1Z2VkEtbWdPRV9lS0xFWjQxcUREQmh0ZFJmeDhiLTZLcFFkdG9EdGFKRTl0UUl1TVY5b1YzZk1HMFJDSTBMNjM0c2hjMDhlYkZ1QURWZkdTZlR1RzNYcWgtN1NLUkl1MnZPZw?oc=5
2026-08-10 03:00,The Motley Fool,fool.com,"Meta CEO Mark Zuckerberg Just Published a 6,500 Word Essay Taking Direct Aim at OpenAI and Anthropic",https://news.google.com/rss/articles/CBMi2wFBVV95cUxNcEpuVUFCdDR1Slhjc3JQbXp6YU40T2lOeElxaVRKUDlwbFhHODBuOFhvdmhaN0g0QVk4eHFHd3UwNXdCZ1ZmVEpFS2VNNmZRdkstd1BGSTktb0FaQ1dxSjE1R1RwVzQ4NHlRRVdteHBIellDd3ZNcXZJTmN4SW9ZOVJkVzlOMkVfU19hUXJGRlY2RWd6U3poT18zdHNIQzJpZG9IRl9BZ3FadGNQTDBpU1lydy1uTFNIX1JWSHNTX19nMXhvQ2R0amdrbmZiRkMxUS1hR2h1UHRNbWs?oc=5
2026-08-10 03:00,Yahoo Finance,finance.yahoo.com,Another Bad News For Meta Stock Fans,https://news.google.com/rss/articles/CBMilwFBVV95cUxNWEVXTFBwYjhfc1gxR0FzNlZBRkFNWkJUZGdQYXBWT2UtYUlMclhwR01adnY3LVZDclo0LUtiT3g5ZVhkV2MwcDRBWFB1SEFYZG1nMGhIZXdXM2xXelFzVEJIZzFsREJsSjJJanJDcmJKRWRYVktBSWhXbC1zd0F2dVdpOUdUZEpndy1NNExQc2xFWkU0TXB3?oc=5
2026-08-10 03:00,Yahoo Finance,finance.yahoo.com,Meta Stock Rises as $1 Billion AI Strategy Unfolds,https://news.google.com/rss/articles/CBMilAFBVV95cUxOQVlkRE5jNk9LUmRhd0xFV25FbVBFRmc4eHNfRG0ydklLd2lZa21MRXhQMUlHZ3U4aW9jeTZ2dzU3RE9heE1EMF93VTdZYTVKeGFfM1BxQ2xfQ01aemEzMlFBbmhjcUZMWHhxVkVBVVU3OWdSMHdueS1lc3E4N1Vwa3lRTmtkNHQ0S2Q0NlNpV3JkT2Nz?oc=5
2026-08-10 03:00,Yahoo Finance,finance.yahoo.com,Meta shares gain as Muse Glimmer launch highlights broader AI ambitions,https://news.google.com/rss/articles/CBMimAFBVV95cUxQU093TnFwRmx4SXhiYUlxN2d0Zk1ySzhkbzF1OXlvMmZXT3dfN0pSbF93c3YwNmpJSEd3REIwdXQ1WU9QRkpCc1k4LTlaTFNZZGtTZ3lVY0dfbEdUMGUwMFJGS19zMXVlRTBVZkRYaVVyNFhoMGtZSmdlRmh1dDVpbS03ZHJVZnZfZGh2ekZLblpmNUUwYXRDOQ?oc=5
2026-08-10 03:00,Yahoo Finance,finance.yahoo.com,Meta shares rise on Muse Glimmer launch and a radical AI vision,https://news.google.com/rss/articles/CBMimAFBVV95cUxPdk51OEQ2QzZoRVMzY2Z0ZW5Xdmd4MWkwOTgxX0x1OE5JaUlWMTE1SXh4NWxDOTEwOUFsa3F6alA2YndvZTRiR2J6U082a0JRUnZwRkR3MTNRTUNpMHpwQjhLTS10a01FWjQycXR5aWNJYjhkRlk4a0pQTVhjX0ZPZXNqY29CM3FmaXRoODRiT2VRSkl2eU53dw?oc=5
2026-08-10 03:00,Yahoo Finance,finance.yahoo.com,"Meta's Zuckerberg reveals AI plans in lengthy manifesto, derides rivals for concentrating power",https://news.google.com/rss/articles/CBMi6AFBVV95cUxOc3k5VzRlMklXNzZLeDJLWWhwOGdTVmhxdm5WeDU0WndXZFV2OEdYYUJRRk9PM3k0M3hFbWJtcHZvbFAtNG1jcVRlZFBGT3FGNlhacXV0WW5CSnp0b05DSjFzSjFNbG1WTWpvSEhnVUZfdXZRRXBQMjBHQ0tqYXBkZEs3amhzem11T0x0NFZlZGpIeUNubEt6OW1ndjdfcW5CV1RVZHU2c1pnWGpsdnRVZWZkVFNWbWZPMEgyZnYtS1NGN3k0Q2NuTngtZG9rYk43MHRhSjA4b1Z6Si1YMGhCZ1FqQkZNVTg3?oc=5
2026-08-11 03:00,Benzinga,benzinga.com,"Zuckerberg Wants AI for All:CEO Says Open Models Making It Real - Meta Platforms (NASDAQ:META), DigitalOc",https://news.google.com/rss/articles/CBMirAFBVV95cUxQRHJadFNwNDE4bmJRYWpqVS1WX2lObjdOYmdVQUYxTUpzQ0Fuc2c0S0wyVlNDUFFJZThMay1rUHcwTXFkbDVMZnhIVWhjVk0wdy1McFFuUE5mbkdTSEgzalRRMGNrMHhtZ1J4NDZ5VlVna1JJR3o4Y1BOX2ZSUEUwZURidEd5ZU1zUktBOFo4ek9RSTNHUDhld3JiWjhNb0RubF92SXlRNEpQbER0?oc=5
2026-08-11 03:00,Fortune,fortune.com,"Mark Zuckerberg writes 6,500-word essay calling concentration the biggest AI risk, days after his model hacked another company",https://news.google.com/rss/articles/CBMimwFBVV95cUxOQmpqRkYzUWxRUDVpQUxrSXAzODFlYlZIQVY5SEgwa1hER0EwZUloX3VoSFZ2NVRrSExyN256STUtU3VyLXVBYlFOWVNlcTYyVjZ1cE1NcWhhSU9jVWg1RTluWTZ2QzRzTWV2NklfdFVjMlRRckpxeWlzejBjMGxhai0xWVJxVHR1c0ZxQ3JIQjlZanFkYVBCeUZyRQ?oc=5
2026-08-11 03:00,Seeking Alpha,seekingalpha.com,Meta Platforms: The Most Disrespected Name In Big Tech (NASDAQ:META),https://news.google.com/rss/articles/CBMimgFBVV95cUxNVXgxa3VncFNRenQtUVFOYnlzRXF3d0U1TndESDc1M21BNTB3dm1ua3VIcWRJZlZ2YmJLYkxWb3VzSXloQjRzSmp1YklWS2pIMFpoZ2liTWYyZTdCQ0hPS0dOcmdoaE5keTJUVm9ITG0wT2tValpLM1ZzX0tScGxpVVhFakRCRm1KU0FlbUN4Y3JSQnhZVkpRcjln?oc=5
2026-08-11 03:00,The Motley Fool,fool.com,2 Stocks I Think Are Hands-Down Better Picks Than SpaceX Right Now,https://news.google.com/rss/articles/CBMilwFBVV95cUxQdzhDeGdzUHFzTF9sbEkxNVpBRU82Z1Eyc3dPX1pabTlYaGo4aHg2MUdlSmxNMXVyZ0J5VVZNRVkxSEpYbE9MWXRiYllsaXFtSHQ4MHJJMUVEenctbUtXWWtTbllOTDB1YkpFM2NOazYxTVpUTG1Nd2pNcEtTV1V4eF9DYjF6b1kwZS13U2FqbmZDQUVFVFow?oc=5
2026-08-11 03:00,The Motley Fool,fool.com,Mark Zuckerberg Published His Superintelligence Manifesto Monday Morning. Meta Still Trades at 18 Times Forward Earnings.,https://news.google.com/rss/articles/CBMimAFBVV95cUxNXy1SeTcySVRFdWxZYXp1eklJWndaQnVZSE0wRmgxcjRHajhpM3JjTDgwcDJtZHZNaFAtbk5id1BlYnlLMzZjR0I5d3FEYk42aXUweWZjU01CdVFhRzFRa0c5VHRMdlNsazJBMW1fNWY1Skw4SUgzdzY3dXJkY28xM1RWbk5QbzdzRGo1akt1MElUaVRDZlg2ag?oc=5
2026-08-11 03:00,Yahoo Finance,finance.yahoo.com,Hedge Funds Favor Microsoft Corporation (MSFT) Over Meta Platforms Inc. (META),https://news.google.com/rss/articles/CBMipwFBVV95cUxPODV3d0tLa1ROSzhfNzBKYm82THppaVJGLU4teTRLbnZXeXJGQ294SlI3MzRwX2hQLUR0ZHJ0TXQ1Q1paWTg5R2RHQkpSUC1YRHpKQlc5SlVtOWFFQUxzeWlsdEl3SnlsVGJQbEZka2JsZ08xOFYxNlVXdEM0akNRSFl4YVVjNUN4dDgwXzJmVkNiYmtiM3NaYmk0NFJHZ3BUZlpaWnhNcw?oc=5
2026-08-12 03:00,Benzinga,benzinga.com,What's Going On with the Drop in Meta Stock?,https://news.google.com/rss/articles/CBMipgFBVV95cUxObWpQdTNLQ19tZTg2UlRYWWxJdzl2TGFnbGoxV1lvU2dVT0xlUFd0emdMdUxlZTlnX0RSTlRDVTdfWGFRNklnSmY4Nk96dWtGNVZZVG5RQVN5cldlZXpkdS1tbXQ0OWRWVHJMcXhwZHRITWFwS3E3N3pySkUtclFPVHFPTW5oTVVESE4xRHRKNDZJLU85N3lqZ1JCUHg3ZDhlN0FaZmJn?oc=5
2026-08-12 03:00,Seeking Alpha,seekingalpha.com,Meta's Open-Source Crusade Is Also A Fight For Control,https://news.google.com/rss/articles/CBMimgFBVV95cUxNX29HZlNFSHo3NF93ajVUMGFNUV9Cbk5ZWUhZVXNqYndOeGdHeGZjeVJfZXpqbGxhQXJsVjBSbnBnTGlWVll3UGJVaFhieVAySkQ5MTVvd3lfNTJ4VmJnRklWYlBRSjdla1VacG1pdkZMWFdJZFFnM0FMSVZyMEE5eUlLMC03SVhmWDdMN3FKdW5DSXNBekF0QXJn?oc=5
2026-08-12 03:00,The Motley Fool,fool.com,"Alphabet, Amazon, Meta Platforms, and Microsoft: One of These Stocks Looks Like It Has the Least Upside Over the Next 12 Months, but There's a Catch",https://news.google.com/rss/articles/CBMilwFBVV95cUxORERfSzU4VW5FNzdUQWVFLVNEQjdIUC1BaHVwZ1NFdFlCaUJvOW1aSTJVam1jdDRSUzJKMWhnRDYyS1h3MVJ6OElfeTJ4c0g5Q0lXVlpXR3RpQUFxSDdKNTZORDNpSVoyQURkVHpzLXFwQmVLcGRmWkl1dTRiOFlpQ0lZX21HbnJiRFJfWXB3VzFKdDl3UDFr?oc=5
2026-08-12 03:00,Yahoo Finance,finance.yahoo.com,Billionaire Mark Zuckerberg Details Plan for New AI to Have Data on 'Everything That is Going on in the Person’s Life' Through Big Glasses Push,https://news.google.com/rss/articles/CBMipwFBVV95cUxPQmxSRnkwUEVNODFjQ2dKcGRaNG8wSWdxc0lYbk14bndrZkZINk93cmlVczRCZDBRZ2EzWGd3X2FjMjAwOVZsN2dQV3BDSGViR2o5dFhHMFdDMzkxTWdPRFJsSlpsX191NVY3ckdGdVlZRG1oMkhZUDBVdVdVT1VXMVJFOTRVeFlnVWZIbXlSMmpLQU1zeEhyLWRXdHBMZWdxN2dQZGFhcw?oc=5
2026-08-12 03:00,Yahoo Finance,finance.yahoo.com,Meta Stock Drops While $1.4 Trillion Trial Opens,https://news.google.com/rss/articles/CBMikwFBVV95cUxOQWx3SmloTG1kWHhGVWk5T2tmbW51S1RUQTdrWTFacm1xTE1WNC1saW9nVVhPdmV2QklyZ0xPOXRHdWNMR19CRnhBSE9oWGJNY0xnbFNpSFRJNk1sSlFpeFVweXBvYloxeWVzSmlLTW5uZHBLbVBUUXhtM3RUVlI1Qng0V3hHMjJFNFk2dUx1a19ZQ1k?oc=5
2026-08-12 03:00,Yahoo Finance,finance.yahoo.com,"The Zacks Analyst Blog Highlights Meta Platforms, Texas Instruments, CrowdStrike and Weyco",https://news.google.com/rss/articles/CBMioAFBVV95cUxPaWlfLUtYckVoSk45TllFWkt4andvLWhRMmtvaGtQRmpVSWdhbV9CZHR1VUE5YW1GaEJTTU5xN204R0lMa0JxS3VWWXBjSnVzZTEtaHhOT01sSG1VZUFLdzlCUUEtNC0xdE1TNUcyTnc0NmFJNDRHN3M0NWR2XzdyaV96ZDNVWnFhbTlCU004R2pzNXZVenU4WGNvV1hTS3h0?oc=5
2026-08-13 03:00,Yahoo Finance,finance.yahoo.com,How Investors May Respond To Meta Platforms (META) Youth Trial Amid Expanding Open‑Weight AI Push,https://news.google.com/rss/articles/CBMiogFBVV95cUxPWnp0RmtGdThOdU9PTWNMVG9ycHZfbVRSSXdLVlppZ05CTmFRajY5ZUFVSFN0dEpnQlRrYXNtWUVNeHpiNDB6Ul9YVHdEMTItYko1ZGZfUzVmQS1LZ1MxaUFwTEttUFpqTnAyMGlwWTQtVF9fNks2RVk4dk9sTU91djVVM3ZtOUNadFJiS1JtMTlSVnc3QnFKX2ZyZUY0R0pOZHc?oc=5
2026-08-13 03:00,Yahoo Finance,finance.yahoo.com,"Meta Platforms Insider Sold Shares Worth $1,016,373, According to a Recent SEC Filing",https://news.google.com/rss/articles/CBMioAFBVV95cUxNdUY1bW9qSlkwOG9GNWtma2xiVWF5OWZRMDk5UE9KRHRjTU9IV2lhalMydzZLN2dHQ2YxSDEyVS15YkllcUxoeldNd2J2bE9oYzNxRXlJazRIRTU1c3hfREttVWlJYkROeVlGSTY0T0E0NExWY3RmVFByZ3ZEbWd3Uk0yYnNtTjVkYXA5TzBndHd6VktwMzVscHVOQTc3dm5V?oc=5
2026-08-13 03:00,Yahoo Finance,finance.yahoo.com,Renaissance Technologies' Top Q2 2026 Move: Meta Platforms Inc at a 1.37% Portfolio Impact,https://news.google.com/rss/articles/CBMiowFBVV95cUxOWlNxN2VvR2VURDhPRTNNTmE1ZEIwc3ZkaW1YWUpoMGJjdEpGdUZxR0JBVVR1c1JSXzhBUlBNQ2FQM3BnWGRVTURQeF9Gd1kzYzR0ai1yaTR2a3dVUVZyRXE2YXI2QUsxQ1hSSXRnY2RRZjZESXlKRTZVU2pEbThnOGg0WXZXRTdCY2hBdjFDT0V5b21BSERLcWNwRTlVS3habmNF?oc=5
2026-08-13 03:00,Yahoo Finance,yahoo.com,REPORT: Rep. Julia Letlow traded Meta stock after signing NDA with the company,https://news.google.com/rss/articles/CBMilAFBVV95cUxQcm9NRU55VFgwQkhhQi00eE04Z0NxQkNlc2VERElWc2hZQXg5b21ZOFRGM2lQeENOTHYxRUI2dUZpRHJIZFVydzNteDBfZ0hLMWltd0ttcEM3eElUZXdaVHF1UGJ2ek9SdXZmVVU5YnFDbmhlUGdWU1NBMEFPQTJ1ZDU5UDJITkdSVTJmZDFqS0dLR2Vz?oc=5
2026-08-14 03:00,The Motley Fool,fool.com,"Mark Zuckerberg Just Said That Everyone Will Have ""An Exceptionally Capable Personal Agent."" These 3 AI Stocks Will Benefit",https://news.google.com/rss/articles/CBMilwFBVV95cUxQVW5vV0l5TDU4VTlZMm8tb2xabXhrRU15alV5bWxzS1JNQlhsNXltaUtvd2VYakdkWDZaUVNQaEtRWUJyN2VUNWtmYU5Gcm02RzFKX3ZkUmlGUWFNTDNzcTZnUjR3dzQ1MVQwQmc0VFFxaHowQXdtVXhWelp1N1VPNXVPTWdoZ0lFUWhEWFNtbndGTkxXeE1B?oc=5
2026-08-14 03:00,The Motley Fool,fool.com,Meta Platforms Is Down 27% From Its Most Recent High. History Says This Could Happen Next,https://news.google.com/rss/articles/CBMimAFBVV95cUxOdDkxX1BFQW56VFJJVi01eTcwdzl2NE1rWHNKSjBHcUNzUzY2U2dLVXdDdWM3UGxWWU1kT3plNzZTcjU5cHZYanY4c0Vsd3hvYmhYYWVsc2JaNnlEdjlNX0d2ZWNUcHhqM3pPbzA5aF82aWJfVUR3UFJ3VHI0dmQ5MVREYlJ3cUI2cHhzb3RPYmJEeTlzV2lWYQ?oc=5
2026-08-14 03:00,Yahoo Finance,finance.yahoo.com,Meta (META) Stock Could Be 37% Undervalued On Teen Safety Ruling,https://news.google.com/rss/articles/CBMikwFBVV95cUxNa25zY3VXc3JnRjA3eldwTVBGVFFFUk1fdnZOdExmOHlubjVjcnAzWGRfRDlUdzhpWVNxaU5NcW5ERUltcmlJS2l3QWVPN3BUYUxkMFY2dEhwcXVkMV9mQzA2UWNaWnY0RURMNzZyaDlLMTRVeHhXdENwTVRUSHhQU2hieHd1cVhHSGVzTWI2NXlCYTA?oc=5
2026-08-14 03:00,Yahoo Finance,finance.yahoo.com,Meta (META) Stock Sees Fair Value Cut As AI Spending Raises Margin Questions,https://news.google.com/rss/articles/CBMilAFBVV95cUxOcmducUJ1Z3NKNHhDR0NHM195LTRnekhQMGZwXzJNdmQ2UXh0OFlwTnRnaGZBblYyMEt1QUJYTmNiWEVLUFc1SnREYjZjNWpvdmxIdHc3Z1R5M0ZvMVQ1X1o1bTlrWDB5MEw4ZC1GX0RwTk1fdmdWRTdBemVmTUVaMDFPOHBZd2ljM0VtQjl6ZHRmYTQx?oc=5
2026-08-15 03:00,The Motley Fool,fool.com,"Mark Zuckerberg Just Wrote a 6,500-Word Manifesto on the Future of AI, and Did Not Mention Crypto Once. Here's What He's Missing.",https://news.google.com/rss/articles/CBMimAFBVV95cUxPNmd6TXRkRmRVREZDelIwb0lyYlBNR2lfcFpGeDhySUhBenEycFFybDZZUGl4eTBGcDY1NXVsRTNxTG5qd2Q0Nk5WblpWV2x1dGl3RUhOaHhlcXFsZFZUOVFfdVZVWkZHUmZWVURSMy1lMGFVYThFS3VSbGw0ZDZ0Q0pMUU5tVTNXYk5HWGtLVk1KV1kwZzhxSg?oc=5
2026-08-16 03:00,The Motley Fool,fool.com,Should You Buy Meta Platforms Stock Below $600 Before Mark Zuckerberg Unveils Its AI Cloud Business? Here's My Honest Take,https://news.google.com/rss/articles/CBMiiwFBVV95cUxNZVluN2FPUGZFekk1QlktOWRRX3FVVnRqWklZTHprMVVaalViaFRMaWZFY1cxNkxiWUZCSUxfTW44YlBRc2tpTVNmbjE0cU5WUFh6aEgwRk1Td21IcVU1NF8wemFzRnNya3BLMFJ2TEVlbXdvVFFoTFNySzNjZ0RsRC1jLTMzVU9EenN3?oc=5
2026-08-17 03:00,The Motley Fool,fool.com,Why Meta Platforms Stock Is Falling Today,https://news.google.com/rss/articles/CBMif0FVX3lxTE8zSmEzRVdlclFVVURZMVhJRHRPc3lRYzJTTjBpZXF6Z29XdllHYngwalNPZk90WjRVYWlJclJHQ2JxMVVnY2wxeVlwdVFmMFZXQjRObFU0SmVkWmFNcmJYd04tQ3dYWno3ZUhpTV9rQkZCalNXMlhjb2FVeXZkbWs?oc=5
2026-08-17 03:00,Yahoo Finance,finance.yahoo.com,"Meta Platforms Drops 4%, Pinterest Falls 4% as Social Media Legal Risk Resurfaces",https://news.google.com/rss/articles/CBMingFBVV95cUxPYkUxSUk0MVhwWEFTS3k0Z1pBNEhoUXNaY0gyLU9IOG5HYkE1b2RWOEZkbnlrRWxlREpLNUVUYzMyclRzRHFrcUhaaFo2a2VpZGRvWHMzb2I4U2syYklHYjJ0YjNud01EcUlCMU84SmhKcjFJWVNJM1VwVTJkeWNQbm1NZkZQdHlhd1F5dzRLTDdSQ1lESllsVGVFX1k3dw?oc=5
2026-08-17 03:00,Yahoo Finance,finance.yahoo.com,Meta Shares Fall as $14 Billion Texas AI Data Center Faces Insurance Risks,https://news.google.com/rss/articles/CBMilgFBVV95cUxNZ1dxZlVsYmZyUHdneHJzd1VVcUs5UzFreTl6UlY3UUJfelprbXhVUlctSUk5a3B4R0RzVFRwaV80M3VFcXJvVVZvT3QzaHVBYkw2Y3hZZGFESjdtSDZZSkVrOE5wU0hSazlHVXU4SUNBWC1aUV9rMm84akJYdl9FWFJ3aWFDMW9abmYzU2ltald3SjctLXc?oc=5
2026-08-17 03:00,Yahoo Finance,finance.yahoo.com,What Could Meta Platforms (META) Off Balance Sheet AI Financing Mean For Investors?,https://news.google.com/rss/articles/CBMimgFBVV95cUxPS0trQ091UlVwbkZIWFlyODRsXzhsUGxaS2ZZdnpPT2x6NzhLUktLZFRCRnRLcnBLbVJRd3lsdDh0SHhwb3lyTXRTMXdyaDVKLWRDblowTWhxck5oUEpNQkRqYVRHR0xSWkVnMElRbTNMVTROcXdRNXc3N1BTQlA3SzFaXzFLZV9tTnhfSDlLeVJJcldJUHJtVzhR?oc=5
2026-08-18 03:00,The Motley Fool,fool.com,"After Skyrocketing 95% in 3 Years, Here Are the Bull and Bear Cases Investors Must Know About This Trillion-Dollar AI Stock",https://news.google.com/rss/articles/CBMikAFBVV95cUxNenh6SUUyLVJBVVMtaUNFTUJUbU43ZlRPdkQ2R016Zl9lQlUtMVpneG5wN0dtUW9HbmZLTDFfaWtUdUlWUnBLNEh1Z1JVUnFiWEcwQmNYQ2Vud0ZUNV9lcUtsSGRMWkZldEx5M3pJSUtNci1QR2J6ZllXX1RadGFaN3FEcXVxUkFURVZyNS11Snk?oc=5
2026-08-18 03:00,The Motley Fool,fool.com,Alphabet vs. Meta Platforms: Which Is the Better AI Advertising Stock to Own for the Next 5 Years?,https://news.google.com/rss/articles/CBMilwFBVV95cUxQM0htYV91QS1zQlp6djlwYXhNODRwOFlwSExCdTRZdEU2eWNkTmtYbHNxSEgyWVJ5endicDJxSk5BRzhSUnA2dklXT2c0eU5XLWdtNGdlOGNyMnhGNEJidmlKT0w5THg2X09sRS1PMGlJb0RWT0NKb2FVZUI2MjBwZXY3X2ZYTmV6SGxhWTRFQXVyUHJTZ0tj?oc=5
2026-08-18 03:00,The Motley Fool,fool.com,Why Meta Platforms Stock Crashed Today,https://news.google.com/rss/articles/CBMiiAFBVV95cUxQV1ZZWGlObzdjMXFvQVB1a2s4V19rWU9ZaXlHckRoNHl1TWtHZHdPUzBCUTFLUWNlVkRDWW5fTmd1RkY3STVERmVocnZTVldGMzJ2VXJhTXZEMTBnZ05nRy1IbXd2QkxkUVpEZFk5bnltMWdGUkN2U0l2WHltVjR6T21Sa1ZIQXVH?oc=5
2026-08-18 03:00,Yahoo Finance,finance.yahoo.com,Big Investors Send Conflicting Signal on Meta Platforms Stock,https://news.google.com/rss/articles/CBMipAFBVV95cUxOTENuaTJpRjFRamJINkc1c18wQUpXODFkLUpuRXBxTlVPWlJjT2dYZlVVcXZadmZCaFpRendSRHBBcm5aZHVkU09qaEhoV040a3p5NXo5enV4Rlg0d3laTGhhandlOE5ieFlYWklDN1BpOXpRdGZBdzBUVnpQemd6MGJybm55Y0ZMelYwZ25HTEN0aGJZM1dxNzV2MV9TRlZnNmpUbA?oc=5
2026-08-18 03:00,Yahoo Finance,finance.yahoo.com,"Meta Platforms (META) Heads To Trial, Is The Stock 44% Undervalued?",https://news.google.com/rss/articles/CBMinAFBVV95cUxPaDcwTG8xV2czdTMyMzQ1OTJ4M185LXpPYlFvQkdxSlNsS1NBVHdsMVM1VE94NDdoN3NPb1h0NUNTZEJBdXBZdFNJcGw0QTdrZHBYcjBZU1FQeVMtSmZMajhrRkNTNEQ0djdUa2V2MVJ1a1NxRHg3ZExhY0Viemgwekh2Smw5MV9aTGZ0R0xJR0RER3kzd1I3Y2JadGY?oc=5
2026-08-18 03:00,Yahoo Finance,finance.yahoo.com,"Meta Platforms Falls 4% on Trial Risk With Costs Up 55%, Free Cash Flow Down to $784M",https://news.google.com/rss/articles/CBMimAFBVV95cUxOaGx2T2hXYXVRRF9DV3BwZmpGd3JhOEppLWQ2UENEWTI3b3E2YmstaF9HR0lNTXB3dEZCY2cxMjlweE5OOEFsM2loY3lhVm5LbU91ZEFNVGZQbjRBb3ZLZTVwQ19qWmJYYXZidTh6cnZUVXQ1cUZ3WkMxWE9PSXJUWnRNbkhHVjZxck84UzJ6ZnZ1OGxQQjNkRw?oc=5
2026-08-18 03:00,Yahoo Finance,finance.yahoo.com,Meta Platforms’ (META) Strong Growth Backdrop Highlights Valuation Disconnect,https://news.google.com/rss/articles/CBMinwFBVV95cUxPSkJHNWk5eTZWZVR2RmFtSHVpY2FNTENRNmlySDkxaXg5Y3VoX3FLa3dFemdtbWlJREtobzNfSUtCZmNxMzR4UUR2TUN4RUMzb0FWeEVrM1VuTElaUHB0RHNXb2RuUUVxS20tMm5nV3NvbFZuSXI5WXJJbm1xNEFIVEJOdGFTel9XY2FUdzJQWDhHOGd6M29pOXN0Smd6dDQ?oc=5
2026-08-18 03:00,Yahoo Finance,finance.yahoo.com,Meta Stock Sinks 3.8% as Legal and AI Costs Collide,https://news.google.com/rss/articles/CBMijgFBVV95cUxNZnprNTFVY0pJZkF5bWtHRnRGX3VOa3lMWENiRmlLU0s2VWs1cDdmSXNaTWxJdUtIVmtpbFQ1czlRRmVCaGh3eEFDNEpQemtsbTJJQktxd0lTbXo5SXJUcFVzSDBiQldtTnBEaC1QX2NFbXd2WjUyN0tvQ1d0b3JoclhWekJlT3ktZ1RraThR?oc=5
2026-08-18 03:00,Yahoo Finance,finance.yahoo.com,Meta Stock: The Market Is Punishing AI Spending. Here’s Why I’m Still Bullish,https://news.google.com/rss/articles/CBMimwFBVV95cUxPVHZSVVNoSGtWTkVEWTUwQmpYMlBIUkZaZFdIN01KeE1aWkl0VG83ekt4Mzd2Q0NGSzNXSkE1MWNWeEt2VVByVzd1MmdIanIyeG1yVFY2VkdRUFB1X2dKejNIcERsbFg4WW1sTVJzRnp6ZkdUQVZuRkhndWRKR25tOUJvbDd5dHZnWVVmYTludnFYN21zTVRJdGtkSQ?oc=5
2026-08-19 03:00,CNBC,cnbc.com,Meta's legal troubles has options traders eyeing the 'jade lizard',https://news.google.com/rss/articles/CBMiogFBVV95cUxPYzA0V25WRFNCWmI5QWpaQlJ5c0c5cng5V3JPTHEtTU5HRUJxdlZQX09KVS1WdEdFak1RR2RhS0ZHcVc1elVqV0c0Y3NsZU5SRkppcUpuXy11M2FOVF9NN0p5YU5WNHZ2aFpaRjNBOXMzQmctdXZVYXAzTmZWNmJUcXNselZIWTNtdUQ0Szl1LTVUZ1dJWXpDTEYwN2JELUV1MUHSAacBQVVfeXFMUE0wNlVaY01PTEJWUW1aTEFTa3h4c2VxcHNOdUl4dFJ5YkxjQjVlQmQyOXNXemgxT0gzbzlrUm9fdE9DVnZWMk5taUFSUUVhaGFGam5SSXZaQkdldV9ZdmFHYVJKQVNvYXMtOFpma0dVZ2RMRFV2eENldDVDdW0tM252VkRnYTBzaXpwR1RZeHVwT2puSU1DWkhUTGRLRTZzQTV3dTNBMGs?oc=5
2026-08-19 03:00,Seeking Alpha,seekingalpha.com,Meta: The Drawdown Is An Opportunity,https://news.google.com/rss/articles/CBMiggFBVV95cUxPaEZsRlhRdk9nV1hXaERfeWp1T3M5NHN1RnJOdkNNMnNLNk03N0M2SFB2Q0hVTmtnbFpwelVuMl9ob1JldW9hQVZXMkd0UEJWZDYzWDBSRGR1WGx2VGNZdWJXdE5xRlNEdWJGYklxQWdFV0Q2bUcycEhYRWlUOGJOZjhn?oc=5
2026-08-19 03:00,Yahoo Finance,finance.yahoo.com,Meta Stock Rebounds as Investors Revisit 28% Revenue Growth,https://news.google.com/rss/articles/CBMipAFBVV95cUxQdjc5MGcyN0VDTjZzSGxoSXVMd0ZBaEYxNW16cDdtbmd2LVZwcDZ3T1FMWFZXZzNmX0d6NVJTMzZGcWh1SmZIamNZVFVKXy1mWlpPN25HZmtFeU1OVEc3bnY5RzlvSmlJaHhMR2U1aktBZ1lvYnlUeWJkLV9KLU1meFpza3Qxc0hWSG1kQXVrdmlFQmpPbFRJYmpNVVZacGgwcDZsdg?oc=5
2026-08-19 03:00,Yahoo Finance,finance.yahoo.com,Meta Stock Stumbles as Child Safety Trial Opens With Billions at Stake,https://news.google.com/rss/articles/CBMingFBVV95cUxQVVJTTEZhWnFqbzRieV9xdG1DYjRraEdNVlYyY3Aydm1ZU1BGcXJIU1FUOGdtbWpXT3E3cHplWVZLREVjNTE2dHEzRktlTnpPbFVGdmtjSjIySHl3OXJZR25vb1AxXzRNU0tyYTRra0UxdWUzcVNDY241aXFjNkFTVHMxYnZ1WENPbi1lV1hURDI1a2g0cnlaZ3pUckFDQQ?oc=5
2026-08-19 03:00,Yahoo Finance,finance.yahoo.com,Prediction: The Child Safety Trial Will Have Minimal Impact on Meta Platforms Stock in the Long Run. Here's Why,https://news.google.com/rss/articles/CBMipAFBVV95cUxNeE1kc0pnMXEzSkQ1WHFZenFtamtWVmhmNzFaaENuQ05DMWdhR2h5SFFvUUNaeW43TEFQelVFUFo5cHltbXotSjJuLUdUOGtSSFAxQjJXaGw0SnJBXzgtRXd4MWxVOEYyWXlUQV93eENKQkl5YzJObEc2OW1iRUt0dGxkbVJHR0k1c1U5QmtOZVhjRnhOZEwxWDFyZmJQaHRRTTJlbg?oc=5
2026-08-20 03:00,Los Angeles Times,latimes.com,Meta stock reels as trillion-dollar child addiction trial collides with its huge AI spending,https://news.google.com/rss/articles/CBMi2gFBVV95cUxQX25VWmFucVFNWjdyME5fY1BSUFBXNmJuVmV3aVhCUEQ0TnQ2Zmt2WlhGUXc0ekxlWVo3TzB5eUt2U1A3TGJEOEVvaGZaanp4aTJ5ZU81enBLX1pndTVEMDVPbkRXb29RWmF0MkY0V2FiLV9Lc2ptdmhIT040Q1dzcW1nZnYxQ18xYVg1Q1hFRTFKMWRwT3FOVzF4TWNteFc4TGV2ajRJQzRVbTBkYldjV1pzLVpybnpUSC1GR1RPbTZTUmp5TEVJZzJXZFRlTE1QZThTMkRGVnVOdw?oc=5
2026-08-20 03:00,The Motley Fool,fool.com,Billionaire Bill Ackman Just Sold 25% of His Stake in This Big Tech Giant for 2 AI Rivals,https://news.google.com/rss/articles/CBMilwFBVV95cUxNc0g2LTU4czVvWUlvOXl3X29fODNabHoybW5Ec1VhZ3N2X3hzMTVIQmdsakZ3VlBoWnBOdzREbV9yWWhLNUhodUVmT25xR3Q3WlFKRC1QVGxhcHF2TEJVV1NaWGRTV2pZSTZaWFRXa2VzbzMzc0ZxRXRONmhpQzNHTEQ4bjh1Z285aFZCM2RnTmdVdGhGVmJn?oc=5
2026-08-20 03:00,The Motley Fool,fool.com,Mark Zuckerberg's Meta Saw Free Cash Flow Plunge 91% to Just $784 Million as AI Spending Ballooned. Here's Why That Should Worry Investors.,https://news.google.com/rss/articles/CBMimAFBVV95cUxQZ3E2SjV0cGUxTTIwNnF4dE9GUlNqLUFtb1JaNW55ZUpjZERkZ2k5Y0ZVM3FaT3JaRnlnVllFQXk1b2pDbG8wUW5TSG9vU1JHMlFQOFEzMXZjckd5amg4c1M1TW9GcnRvc09aeUdJYzgyVElzUU1mbTY1b2xKS2l6Q3ZBMjI2RUxTUFpDQlZGQWtvdUFrMWZ5eA?oc=5
2026-08-20 03:00,Yahoo Finance,finance.yahoo.com,Anthropic CEO Borrowing a Page From Mark Zuckerberg and Elon Musk's Playbook? Dario Amodei Could Reportedly Get Super-Voting Shares Ahead of IPO,https://news.google.com/rss/articles/CBMingFBVV95cUxQRmxqWWgtUkx0U1F5cjk5OXAzOXhvV0FCOWx2R2dfdTdUQXBnYkRCZE9FRkZNSnI1ckExM3N1TlVNc1gzRy04NVVibUw1NzVtWnUzR3YyUmVKLUstRmg3V3VQWTV4YjVMZzBTYURxWHhISmV1dzR4M2pYdF9KTEFTQkVvdWg5ekZZN2ZtMks1dWMzVkU0MjhMSFJsMW5hdw?oc=5
2026-08-20 03:00,Yahoo Finance,finance.yahoo.com,BNP Paribas Delivers Bullish Message on Meta Stock,https://news.google.com/rss/articles/CBMiowFBVV95cUxPTDA4TGZVLV9Sdkg2TXpzOVdWaktBRVd4V2JydERtZDdxblBNOWhPcldiNGg4RGxaekdHUGg1WHNiT1pFc2h3cFJYLWpONDd4TjRVM0NERjU1VDhxWnJjdnB2Q0hQczhJZzQ5Y0xoVzIxeXY1ZzYzSFNiSXpaWTg1V0JSc25YOTZYWi0xcHJRcWxBbWtiWl8yTU5VRXMyQTU3dEgw?oc=5
2026-08-20 03:00,Yahoo Finance,finance.yahoo.com,BNP Paribas Has Surprising Message for Meta Stock Investors,https://news.google.com/rss/articles/CBMioAFBVV95cUxOZHQ5a1FfenNoX1Y4cUthZGdYaUZzSlFab2JtSENvbUZJdmU1dTFtTi01U2wxTTBFSUYzaVZYVjRaSDkxRFRyY210ai05czF1UVZqbk1VTU82amNKeERRY2JFVnRQbFBtUXNHSldLS3FicnBQU25SbE56dmpCcEY2aTh5Zm1XaW9OZjV2SHFPbk02RnlScHVDb19maWd4X2w2?oc=5
2026-08-20 03:00,Yahoo Finance,finance.yahoo.com,"Meta Stock Sinks 32%, but Analysts See a 38% Rebound",https://news.google.com/rss/articles/CBMimAFBVV95cUxQbEJ5SHhNUkNTRGFIb3NHVjA4dWphbFhYNU1mMTZoN0J5eWVPQ0JVek10WkRmWXUtaGpkX2FBckZGRF9veFh1WHpKV2psRG9vRmxiSktmR05TWmZ5UzNhdWZzMnBmbzBsblRZTng4dUhKWmxaNlNqLTc3SG1XNmIwbVJIbHpQMDR1dnpNM0ZzRWhZR2NWZjBJNQ?oc=5
2026-08-21 03:00,Investing.com,in.investing.com,Bernstein reiterates Meta stock rating on AI investment outlook By Investing.com,https://news.google.com/rss/articles/CBMiwgFBVV95cUxOVEFpWWcwTkd4RkNScno3Z1RyUXFrUkZZSG1zWXFvbGstUUV6TmFxZjRWSmhrbjFFaUk5NzFYTmtLVzVPRFFaMFhHZlZSVlRrNUpVeFpnQjhjclljenRMelh0bUJra3ZCdkdyYnU0T25tTm4xSHRBaFpPTHhtQ3pZbWJ3Ny1qX1lVZFRNZ2pELW1NdWxIeXNhSGNIVzBPMDNtcEswRElkWElmRnEtUU5BZU9FdmVWYm1iMlprUDh5S3BJdw?oc=5
2026-08-21 03:00,Yahoo Finance,finance.yahoo.com,Meta Platforms (META) Pitches AI for Everyone While Apple (AAPL) Quietly Turns to China,https://news.google.com/rss/articles/CBMimgFBVV95cUxPN1RXdmFjMC1faXdmaHNHelFOc2lXZWpzVjNmWUI1YkliUGNtbkoyT3gxcEt5TXB4ajFlSEgzWVNPaFVLSlFOdzlEcjhfb254eVlVcTc0cGxPZUJhQ2pBM1JIOUpfRUhod3Q5UG92NGFGTTZKaGp4TzRsTUZsNWNLUHJjemlSVEVKOVNNeVhJODNEWjR1dndJdC1R?oc=5
2026-08-21 03:00,Yahoo Finance,finance.yahoo.com,Meta Platforms (META) Undercuts Anthropic and OpenAI on Price With New Coding Agent,https://news.google.com/rss/articles/CBMipgFBVV95cUxPM3lJZHhnbnh1QzJvVHFncFJOWk1rOXh4Mk9PQXdZLVEtS0JkVE9vMnpMZEp5TVB3emlNc3VTUFJSNkFzdjVqYVdnNzdOdUJNLUozTVhoNERGSVZkbVFRVmJvTGwyeUFZYjAtMEdpdEkyWWJ4ckFtNHVjdmExQ0hlSXVTZEFFMnJua0hVajJkWC1xejZRWWZuNEFIeWZuWTJScFB2RzN3?oc=5
2026-08-21 03:00,Yahoo Finance,finance.yahoo.com,"Meta Platforms Insider Sold Shares Worth $4,379,184, According to a Recent SEC Filing",https://news.google.com/rss/articles/CBMioAFBVV95cUxNdHBpMER2LXUxMkNTZWZLUXVzaXlIMlBPNnI3N05CSnB1cGkwcHdxZUFYRkZiNmxJZldFTUU0dml5Qm94amFTU180TVFHTl9kVllDRmswNEtmQVJZUjNuUnVuN0R2cDF1TDdpVE1nZlo4d0pnRUlVdHlLV2F6Y3J5MGFrTUtHOHZoNG03QWRVSUJsVVpEZkNXQm54R1dIS2Zt?oc=5
2026-08-21 03:00,Yahoo Finance,finance.yahoo.com,"Meta Platforms Stock Drops 17% YTD: Should You Buy, Sell or Hold it?",https://news.google.com/rss/articles/CBMimgFBVV95cUxNRVhBMndiRlR5bnVsVllRSUVENHVLd24tZzBPR1ZnVW81clBRMWJ5WTFwM1NEbXJ6bVEwQTlEczRrVVRaaTFnclNKZFdrWVRxOWN2dHVTSnBYUEZkdXVRbTg0c1RVZGx0Zlc0b2R4NXRYNzRySS0zM0s4LWphbVlldmFfUEhyRU5HajNSUDYtWWVxbWlHY21Fb3hR?oc=5
2026-08-22 03:00,The Motley Fool,fool.com,"Apple vs. Meta Platforms: Which ""Magnificent Seven"" Giant Has the Stronger Artificial Intelligence (AI) Growth Engine?",https://news.google.com/rss/articles/CBMilAFBVV95cUxPQURfZENHc01vQVVDdFhDMW1ZR1lUMWN0ZlBZa1ZLYjYySDUyMm1FRlBfMnFlV3lYa2xpTkVmY2FNNGFtYm82WlVXSXhwdkN4VjNCUC1uQVBKUVRqWm1pQmtzRHVjaFNqdDBhVmdES21kT1NRN1piWVE5akpLSVlrUDRaTl9pOWxPZW1UeUdGN05jUC1J?oc=5
2026-08-23 03:00,The Motley Fool,fool.com,1 Reason Why Meta Might Be the Best Artificial Intelligence (AI) Stock to Buy and Hold for 5 Years and Beyond,https://news.google.com/rss/articles/CBMikAFBVV95cUxPcUdkTzRkcm1GTFVCdWF2X3ZrUlM2Qkx4UUZ3YVNfa2RySWQ4dnRCaTk4MGN1WmtHMUtrbW1VVFlBMmpZZi1vUDVFUmFsWjh5eFMyMjc5RVo0OXloanhyaU8xVjdFWGFtVHU2clVuM3JySkw0RWRaeDFaSGx1WWRacHFfY19FTVdGaTItdV9EWHg?oc=5
2026-08-23 03:00,The Motley Fool,fool.com,"Mark Zuckerberg Published a 6,500-Word AI Manifesto This Week Defending Meta's Unrestricted AI Buildout. Here's Why Investors Should Care.",https://news.google.com/rss/articles/CBMimAFBVV95cUxQNXdETldsdlROcFBkc0xseG9pY3lGZzBCMk9JU3dBaHFteFhwSXNscnlyWGVMOXlMbkFuOGNoTW9nVW56WTZCSVo1Zy1pMlFqNFdYNWpST00xX0o5V1JoR21nRFN2OHhJTkNIek1vbTlURG9KY013ZWhXQzhMQV9KS2pGSnFJYlFWcWhOcUl6SHNad2ctS0xiWA?oc=5
2026-08-24 03:00,CNBC,cnbc.com,Jim Cramer says don't sell Meta on litigation risk — the stock is worth the wait,https://news.google.com/rss/articles/CBMitAFBVV95cUxQQVhyNmk2M0Q1LWY4emNuUFpoTmNiYUpwaUJvMlJFQnNjd2pfdUhyYVJLRkdfNko3b2lqNEgzd0VZZHFEMXBfbk5LNFhkaUxaVlFiTmtXQXpicnhud3YxbTlOak1yMHVrSWdiTWl3aEVXWXE1Z0JoMmdSaE5CNjhvd19aRm5MVFZ4SDd1eHltd251QWU5S1J5WTVFeEJTc3hydWZpV3k0TlVVcDdjcW14LTAxbHg?oc=5
2026-08-24 03:00,The Motley Fool,fool.com,Prediction: This Artificial Intelligence (AI) Stock Will Be Worth More than SpaceX Before 2026 is Over,https://news.google.com/rss/articles/CBMimAFBVV95cUxQODNHQ3JQMjI3OVhJczhWT0ZuRXlSeXpiWmpHM2xKN1JHS0dseEE1OVZoZE1RUUVHenFwODdhOGM0VDRoUkpKQU5XQnJVay1IZEtpb09ObnNNb21iYTBUdm5LY3REU1NQdWJkODRLZWU4WnNrTV9sSjlfam1hMFY0YkJralpYZ0RHWm1MUXlmT0M1NkpqRmw4OQ?oc=5
2026-08-24 03:00,The Motley Fool,fool.com,Two Legendary Investors Just Bought Meta Platforms Stock. Is It Time for You to Buy?,https://news.google.com/rss/articles/CBMimAFBVV95cUxPUkRweDZIalc2MXMtZDU2M2pwY2IteW5xcGlwZDR2UHdubHdvdmxSc1JlOXQ3SkhNdDdtM2xWa3FtTkVURDNwZExyNjM5QjBwQlQyY0dGN1BIZ3NkdS1rMW5QUUw5RG5pOEQyUTFMRXFUNVpKb1ZVeUxLMUpxWGp1cUZXd0JZbnE4NnNRY19WeWFQWXJFalNVag?oc=5
2026-08-25 03:00,The Motley Fool,fool.com,Mark Zuckerberg Says Personal AI Will Be the Future. Here Are 2 Stocks That Could Benefit,https://news.google.com/rss/articles/CBMiywFBVV95cUxOVE1lR013WkV1bE5jSHFYYWItVFQwS2RNOXUtTmt0eGNIb0pnRUFfMnRuejVsMVhTaFljWWFXNk1ibFlCbno3TFQ4LVR0Tl9KYnRDMHZPU0ZIWF9rUFVqOF83ZDZiOG12OW1SLWIyM1B1MkxvQ04tTlo1dTZCMWphWm5DRlFsZ0g0LU1mQWpIUjBOWTVvYUNyeW1nM1lhTHAteFBMclk3WVBSQ0dHRFlsdDl0UkVqTFdYNF9DVHhYbWlZclphblhXQWxPSQ?oc=5
2026-08-25 03:00,Yahoo Finance,finance.yahoo.com,Coca-Cola's new CEO can boast about something that 'Magnificent 7' members Elon Musk and Mark Zuckerberg can't,https://news.google.com/rss/articles/CBMi_wFBVV95cUxQVXE0dVk0TUVzVmdCZzFKR3V0aHNXRkVvV1BENGpyQWFlZlEzc25BeWctQzhXM0JGNzZMVVVVaS1BbkRhTElHeUpUdGh5Q2dERHlnMlVPSjBrUUFnM2sza1pLT1U2YjNmQVI4cTlielVXcnFRblFabjd1dVNPT19QbTRMeUVfdmsxSGMyOEViQ0FpQ2tCNFNfMUJIaTZFMGlQN2hKWWRpX0JNcHRlS2N4VE43MzJuaWg2eV9wa3ZkNTZ4ZTFHUFBkZWpaMm1ZdHNtTm9lWDJ5Ti1MUk1mVTgwOHpZLWhVUXowZ1N1NTBNaXFEcy0yQnZuTF9JR2NnUE0?oc=5
2026-08-25 03:00,Yahoo Finance,finance.yahoo.com,Nvidia Vs. Meta Platforms: Why Wall Street Expects Their Q3 Performance to Lead The Magnificent Seven,https://news.google.com/rss/articles/CBMimAFBVV95cUxORk5pS3pUb3pVMmVtbldpRUlCakRkQkE3S2hxUnliMzV2Q0lWbUg3aGs3TE8za2NZMzlWYUJOMFlpcnBNWENZMm9xMHNfQVhHRDgtVlhVUURob01FTElQYi12aURpd1RnN1N3Sl8ybUcyQjRmNHpYZkFaM0U5Y2RpOXFxWkEzcXA4X2V2Nl9ST2M1d3Q3Q2huZA?oc=5
2026-08-25 03:00,Yahoo Finance,finance.yahoo.com,Why Meta Stock Is Up Today,https://news.google.com/rss/articles/CBMijgFBVV95cUxOMDJfSjAwUmEwOXNvZy05d0xLRTBkeGJHRU9LZWxOWTdOV09TaHhSeUlUSzNjN2d4MHFXcmpERm1ib2FDNjdaZC1HUXNRaTlvcXd4MTdkU2VNc0txVEN0WjU2S1dxYmstMFVTcFdUX0p4QzJ2QzNoa2UyOW95QUhLNkp3a1ZDU3J0NWNsaTNB?oc=5
2026-08-26 03:00,Barron's,barrons.com,Meta’s $18 Billion Settlement Is a Win—But Leaves a Lot of Questions Unanswered,https://news.google.com/rss/articles/CBMigAFBVV95cUxPZzh1VFE1eThWQXFFVHBTRnRaN0tLY29acW92QVdLYWZIZjdiNUpFT2Fray1XNXQ5Sy1uVVNLTHlNQlFOb2xaVFk3VjIzWUUxd3ljTW1JUmFKdG9BVXIyWjNOVl83d01OaU5nSUFFOS1XZ3ZPemRPMUVlNGRZZVpnbg?oc=5
2026-08-26 03:00,Business Insider,businessinsider.com,"Meta agrees to settle teen addiction lawsuit for up to $18 billion, sets time limits for teens",https://news.google.com/rss/articles/CBMiuAFBVV95cUxNdE9JWFlQRjlvV0N2OTlmbDFSSllqMVdBNTdocDNTY3BZU0JpcEpqRERVbmpHZkJLQU1Db1FEVnNqV01FVDZnWHkyNUNMbkNOTjA2U0t6V3pKeklrRUs5dkhQU2llVFRoX3JZbEcwMjVNU0wzcVNiOHRKWjQwd0YtNGQ2ZGZsMVdES2d0MU8yUC1qdXRZTWc1cGRUWmxGTVlpTEJrR0RZREk1WkNCMXFBM0FXeTRTTjZL?oc=5
2026-08-26 03:00,Seeking Alpha,seekingalpha.com,Meta Platforms: Time To Load Up On This Bargain (NASDAQ:META),https://news.google.com/rss/articles/CBMikAFBVV95cUxQNEJXZjQ5NlJsQmx5V243X1hHbjZsS2JVNk1BRGE0VnI0MUxZeExCUng5U1lqdW1tdFlfWUZuRi1wZ2RfSlhEWHk0aEl6UnN5UDYyT25JbmtQWUJJZGFCSmRFVDVjM3E2YlRMdV9LUXVucFBEQXJrcEItM2lzNUtnQ2xhMjhHUHU3S2RFelN3OTY?oc=5
2026-08-26 03:00,The Motley Fool,fool.com,5 Best Metaverse Stocks in 2026 and How to Invest,https://news.google.com/rss/articles/CBMioAFBVV95cUxOOVh5SmRGTmFjdFlDclZjS296WmpJUmdrWno2T0ZWeGZyRjhVMkYzZHRpM2t1eGdBNVA4MmQ5dWl1UEVrVGxKUzQyal84TDNhcGVPTEVuWjdBckczai1PeTRmSDU4Rjdob2JkVmd3TFBIWW41SWNVU1g3ZWFJbVF4NWlDcWZPVTItbmtycl9kbjlpVUhMLXhRRWJuWUwwVjZR?oc=5
2026-08-26 03:00,The Motley Fool,fool.com,Billionaire Bill Ackman Just Sold Alphabet and Bought These 2 Beaten-Down Artificial Intelligence (AI) Stocks,https://news.google.com/rss/articles/CBMi5AFBVV95cUxNZ0o0T0dpMnJRT2lqcXV5T1pDeV9tckFSd193ajUwako5NENmVjZrWkRRVmk4MTRxSXkxeklNa0RpQnVhWjlBYlJ4N0tkakgyencyZmZrSjdUX1h3eVA2bkxsM2tINTd1d21GMDRfT0NNaFgyenlHR3N5YWN2NXRieUhibklVQWNRRkpRNnNwQ0J0akhJRWhJWTgxd1lnWlFSZE9Td3hfLUhhdGZ5U0V4QmJwdXNLWThKUVlzWTdBS2NGckRBWDk1dkFfWTVBcWNXUHdHV3hVQzN3S1ZYUV9CeEtDVGI?oc=5
2026-08-26 03:00,Yahoo Finance,finance.yahoo.com,"Alphabet, Apple, and Meta Platforms Were Top Billionaire Investor Buys in Q2. Should Retail Investors Follow Suit?",https://news.google.com/rss/articles/CBMioAFBVV95cUxOOENyU0hRZlgyRlZUUEo3LVc1OTRoUVppaTdJMlk4aUpBSzNCdHFCbkIyVGRCblBqdmlXX3dXdjA5NXVpNXFqV2x6NDgzbDQ0eXZRaURNanRtVHgydU14Nnd3OE51WENRZENrWDZBRFFRYWN3bjJQOG9IQ3VNZVhXQUJKU21yM2FPNEtFdHZpczFLS0JmWncyRDdMRDhsYmRi?oc=5
2026-08-26 03:00,Yahoo Finance,finance.yahoo.com,How to Play Meta Platforms Stock Before It Launches a Consumer AI Agent,https://news.google.com/rss/articles/CBMinwFBVV95cUxOT2YxM0ViWlFLY3B2V09TNktxaDFjWnhYT1Y4ZDI1UUxidGxlZW5CRXZYaC1GS0Y4WjczSHZ4WS0zb2tCcS1pQkowSHRZYS1iTGdLQW1JSm5NZUJtMjlyWE5zeGhLUkpac1BJU0hGbDl4cmNlMUo0LVhheldJMDAzdHBRNDZJbjFQdy1MbmsyeU1hT1VIWVBMUGxOb25GaUE?oc=5
2026-08-26 03:00,Yahoo Finance,finance.yahoo.com,Meta Platforms Almost Slashed 60% of Jobs in AI Push. What Comes Next for META Stock.,https://news.google.com/rss/articles/CBMingFBVV95cUxNcnprUHljSTRSYmkySG9mVkZMT1hBRjZ5cE5lV3lfSnN6M0doZUNCMEZzNHV3U0dHdDM1dU1mRkVZUU4yLVBWamIzVWZYSkhSVFdJUTlXajc0Z01ZMmxwNTBXeXZMMG9jTHU3ZUdycVBuc2dwRDRtV2p6NW5WeUVvdDhVaTNWYXhULW1zYzMzSURRZ3NZYlVIaENWejFtQQ?oc=5
2026-08-26 03:00,Yahoo Finance,finance.yahoo.com,Meta Stock Rises After Reported $12.6 Billion Settlement Deal,https://news.google.com/rss/articles/CBMimAFBVV95cUxPRi1vMWtiZExsaG44cVpmNWZPWGdMNXg2a3VaQkNWbEI4VUhvWERSNmNfdE1uZ1lfSVNIY1hrNnNGQmNub1RGLWNoRlpJY1Q0bkFGRFJUUVBtQjBSMnRJZklaRHlwZW1oekZvS01XSDFCZlNGWkRMcTc3ZFliTjBiU1VyS0JiNk9GVmtpeFFfWmk4cklzem4xMw?oc=5
2026-08-26 09:49,Investing.com,in.investing.com,Why is Meta Platforms stock slipping today?,https://news.google.com/rss/articles/CBMipgFBVV95cUxPRDJQekx3TUNnOFJXdEwzUjdmaENlZE1mLWxHamdpRG8tLUE0MGk2M3ZvTlZLZ0dlMUtRdVJWblpYYkFDa1FqYUtkSXZhRjFGdnVJak00R2N0dzFWdFRGUXV4TkN1cE9NTE1vc0hlZlRxbDg1ZTNReDJDUVBnWUhRTTduVXI0cUFYQWJfWUs2QWs0SG9FVTJiOGNSMTVXUDBXcERpS1Bn?oc=5
2026-08-27 03:00,Investing.com,in.investing.com,UBS reiterates Meta stock buy rating after $18B teen safety settlement,https://news.google.com/rss/articles/CBMiygFBVV95cUxOLUJUWllwaTJXV3dodko1SmpKYTdFeXBFbmtIVjZ3eDROcFF5aWFiaXN5ZjlnaTJGcHpETFhMOUd4VUtNZGtoeUpqV2dMRGdKZHV0WlQwckUzT0pWWHMxTS10SHVtYS1kYVpKOVdtV0RxSHpSYXdQVUlVOUNSYnotQ3htSFBKb0lWNVJIc0h5OGdYeU1iZ2NJOVlmZzR0UnZnb0s4VXdXTFU0VnNyUFB0X2l4T2tuWFV1cF85Y1ZQRWlRdEhUNGpmTWZB?oc=5
2026-08-27 03:00,The Motley Fool,fool.com,AppLovin vs. Meta Platforms: Analyzing Quarterly Revenue Trajectories Between These High-Growth Digital Media Companies,https://news.google.com/rss/articles/CBMi-gFBVV95cUxNNEQ1cGoyV09mcG9uc0ZRU01peEZPOGZGYXhhT3Y0TVppZTF4V2dNd2pBZVdFbHY0MGx2aW1RX2hLQ3Z3c3dZSVRQNU1hSmQtUWVnNHVzNHZDSF9YNFJQczRCaks1MmNJU053d05oV2dSWkpuZWZYaTREWFgtMTFxanlFVXhSWXQzZnF6T0lGcjJKTGFSSk1sNFJja05sYzIxOUZaUVJGUHdWdzhjT0Z4dG5jX2t6emVUWGxlRGI2anhKWElUZml6Y2tMQ0w3S1l6OTBPVE5IcE0wQW1lMWtYczM0QzNfWWNCRWtOc2VVSTcwN2YtV09sck5B?oc=5
2026-08-27 03:00,The Motley Fool,fool.com,"Should SpaceX Join the ""Magnificent Seven""? Here's 1 Stock I'd Kick Out to Make Room.",https://news.google.com/rss/articles/CBMimAFBVV95cUxNd1JFMGFtTzRCSERIb1RiRWVLM0VtYjEzZzY1OEhRNEZidzg0aks0QnVfOFQwZXAzZ2xkTHNEb3BmSlZuNlhGZXYtMGdqOUlBTW9lcG1HcmNUZERRTnJUWmFCM0JnS2d6eUxaZlpLZG1KT1ZqR1UxTEw2V1V2SThNb3BEcl9JVmNxOGJ3N3l1OENZeVh1VWtBcA?oc=5
2026-08-27 03:00,Yahoo Finance,finance.yahoo.com,High-Probability Meta Platforms Iron Condor with 48% Return Potential,https://news.google.com/rss/articles/CBMipAFBVV95cUxQOEIzUE82QWZlMmRPdy1TNlQ5TzJaa3NrQkhYcW03eEFqanZNZ0N3WFBUUUpZSjNCTl9FdEdxcWFKMlBFMlpYMlVaTzJ6ZkhPV3RlWExRRGowaXNVa2lXMDZOOVI0bGJZdUdoTEVYRWFrT215U0ZDMDdYdG9XVGdabDByZ1dmSlJEY2lBd2sySkdyZFlyaTEyWkpIeTQ1RFBYR2JDbw?oc=5
2026-08-28 03:00,Seeking Alpha,seekingalpha.com,"Meta Platforms Beats The Man, Again - We Move To Accumulate Rating (NASDAQ:META)",https://news.google.com/rss/articles/CBMipwFBVV95cUxQSVBlRjRRenFSRkF0NFhucWUyX3ljVHkybVJfMm10QmRVcW5aVjl0V3JBaUh5X3h6SzlXeXZEbTdZOEdiQmthaktzNEJCY2UwLVY5MjcyUG02OVFiaHJpaTQzdjMtbmIyMzZuOU5RcWhMY29YdmZlRGYyWmEyekd4STdEcm9sUl9kalBuaFBTM3pYM21yMjlHbUJ2ZTlRWmt4eUhhMnZiMA?oc=5
2026-08-28 03:00,Yahoo Finance,finance.yahoo.com,Alibaba (BABA) Just Answered Meta Platforms (META)’s Open-Weight AI Challenge. The Download Numbers Aren’t Close,https://news.google.com/rss/articles/CBMimwFBVV95cUxQV0k2bkpUdC13NFNnRzEyMmVrRmloWVozcUFlbkFxbllid3pxZFZ5NGEycldzXzIyZ19TVHExR0RsVzdES3RFUm9iZHJTRGZoNUlYLXVPMjhPREZ1UTFNczA1OWktaWdxcWM3Y3B4OHV1TW5mSldiVmFqUmdveGhRcmxJM1BiaE4tYU04djgwckUzQmJEU3RtSmVWQQ?oc=5
2026-08-28 03:00,Yahoo Finance,finance.yahoo.com,Is Meta Platforms Stock Underperforming the S&P 500?,https://news.google.com/rss/articles/CBMipgFBVV95cUxOUFRTWjVVZkNCR25CT2xIQ19fZVl1b2xsSGhGOXlfVzFkUGktSU1RT0hVbFl0ZEYxSUQ3ZlRfQXNUTnBiVjNORW5mWlhlVFN6ZkJmUW9fYjJzLVRJVTZpM2VBbXF1TVZra2lodzdsYmxNQ3RBNkJ5SF9zNHI2TmZrUm1iN2QzWi1TaVp2YS1jQVVTbjZYRWVjYWpQRGRiWmRkT1pPQTRn?oc=5
2026-08-28 03:00,Yahoo Finance,finance.yahoo.com,"Jim Cramer Was Left Surprised By Movement In Meta Platforms, Inc. (NASDAQ:META)’s Shares",https://news.google.com/rss/articles/CBMioAFBVV95cUxQSTVEbEdLdjJVT1I1Y1hBcGpoWHJrbHRaS1czUm41cWh1aFphY2EzUnl6cWNBem42eDdOV3lUWlZaRHZhN0pobFIxS3FEODNJQTZHckxjRWp6cDBYcXU0LWQzeDFjX3VKWUdMSlNrNUxHMENxLVJicTUyUk1zWWx4by1kNHVScTBVN1JWUVh0Y3ZNT1k4R01KUFFITTVQYVh3?oc=5
2026-08-28 03:00,Yahoo Finance,finance.yahoo.com,Meta (META) Stock Still Looks Reasonable On Earnings With Cash Flow Support,https://news.google.com/rss/articles/CBMilwFBVV95cUxNYmhFaC1TSGZ3WnBGOXZRTWFNZURvTmZQMHMyUVZqQ0tFNWoxSkRkRjVUdEJyRmNMV1NfWDRjNmV3emd5R2xvWDJ5OHhZWGVZdVQza3VlX3V5empKMnpZMDVjRFdjTk5vNGVVc1ZlaWhxTmFhOTlkdXRZb0Z0dnR6MHpNUVpRYU95UWxYSHNMS0hpbVBGMHdR?oc=5
2026-08-28 03:00,Yahoo Finance,finance.yahoo.com,Meta Platforms (META) Just Called a Potential Loss “Astronomical.” Here’s What’s at Stake in California,https://news.google.com/rss/articles/CBMinAFBVV95cUxOZGlUczRmTVdTZVhqNmY3dDZFTlJXcm5OT3RqYU5QdmhjU05xVGRuWHhKUjFKb2JldGhsMksxNGxLTmFuR3BjQXhTOGNNVnVEaDFDU3d2aGZvN3hyVUZ6OHdsSlNzYVVZSnVsakJFa2hhTjZnMW1OUS1RbjlqMUltV2xhb2hHcGFGMWZzd2JCM3ZoaWVHWER2WllmRGg?oc=5
2026-08-28 03:00,Yahoo Finance,finance.yahoo.com,Meta Stock Could Have 50% Upside. Here’s the Bull Case,https://news.google.com/rss/articles/CBMilgFBVV95cUxNNUVQQlZoYkVXVzBzalBWbkFMVzMtd0NMa2E2b3lsMTNKTUxBSFhZMm9lbTBhWkRNTHdCT2lLcDIwRkxXWVZyZVhIZ2dUWVRnUmptcEd1RXlYM2hfUWdVSENLZXMxTkMxZVpEZWQxUjJvQXZqX1F4QXhuS2lrX0twbUg2bkRqUFlfTTV0T3l4enhHREFRRGc?oc=5
2026-08-28 03:00,Yahoo Finance,finance.yahoo.com,Why Is Meta Platforms (META) Up 6% Since Last Earnings Report?,https://news.google.com/rss/articles/CBMilAFBVV95cUxOaWRHeUJEeEJNUkdiTEVWWnFERFdLU21RMEtVTng4blhRNHZVb1piVlZBeVZROHI5QmRrSWl5X1M2Q3V2aGpJM0tQZFh4c015cG91dk5SZnlERXN6WTRianVsZ1d1TmtWT0NzUXExSGNydWY3MTNTRXBUeW5Kd2VvNHllcDVqcktEMk1DWDF1U0E2ZUlN?oc=5
2026-08-29 03:00,TheStreet,thestreet.com,Mark Zuckerberg sends shocking message to Meta employees,https://news.google.com/rss/articles/CBMitgFBVV95cUxNQzFJcXF0d1BYX2dBeUxUcjRnVjZFOUNCTUdnM3lTRVloTUthV1Y4b3V1YW5qYl9hQ3hjNEZhVzFVZlRyWkYweVBPN1MtMGx4UzhTR2RHWTk1WlFHUlhjemk3TjltTzRqdTRyLXFFaklTOGJFaVk4UVRHWG51SVNmbnN1dTFIcHJWWWdLMGpGNDlRX2FPUndLVlRyeGNJaklMa2JGU1RjQVRpMlpDZ085YnNhQ3BwUQ?oc=5
2026-08-29 03:00,Yahoo Finance,finance.yahoo.com,Mark Zuckerberg's Meta Just Open-Sourced Its Most Powerful AI Model to Take on OpenAI and Anthropic. Should Investors Watch Meta's AI Spending Closely?,https://news.google.com/rss/articles/CBMimwFBVV95cUxPQmY1dTFqbVdxaUpvam0xaTVGQ1RNbWFlRzQ4UTdYelJ2S3U3SF9aRjN5N0N1NWVhU0FicUZyYndHNFg1WVJsWnhvWnYwYjhvRnJBa3VyekNBb2hLcVo4ZXlGdkJqUF9Ca3RpSUVhai0xN09FRF83T3NqMGpQY0lfSXdRZmhtcm9qRm9ReF9iQ0FXYjFyX2VyNzVFMA?oc=5
2026-08-29 03:00,Yahoo Finance,finance.yahoo.com,Meta Stock And 2 Founder Led AI Picks For Higher Rates,https://news.google.com/rss/articles/CBMikwFBVV95cUxQUERwY3RkS3BPUk1VQTBwb3FZYngzaFo2M2pySk5iekw3TElaQkxzSlFubjRIWHRSajByR1VfM1pubk1vX2NkVnpTZDViblY3SWdZUUZHa1IyZGFvYzNJTWZ1c2lTdUFuOWpwaFY2eFNNcFhSYmU2R1d3MkRxb0J0dFI1dzdwRlBaVGwtSlFET3BYSWs?oc=5
2026-08-30 03:00,Seeking Alpha,seekingalpha.com,Meta's AI Strategy Is Misunderstood By The Market,https://news.google.com/rss/articles/CBMikwFBVV95cUxNQ2I2V1E1VVh5aklyQkNsYmVwVTM1T0prbmdfekFmNGRwMENpQWlvcjVkNVpzSnJaeDI2QXpNYlRKV1VPb3czSVZMWDgza2dSRmpOM0FJX19MV1lrbEFJU0pDeFFHdm8wcDlxNTIzdkJLd2VMeXQwc0stcU16VVBMOEpqZEZFdXEzYWZ6QXNkR2tTYzQ?oc=5
2026-08-30 03:00,The Motley Fool,fool.com,Meta Stock Looks Undervalued. Is the Market Missing Something?,https://news.google.com/rss/articles/CBMimAFBVV95cUxPZ21YcDFpMjktQkoxeTZra1Jya3FUQnF2LW5qVnJBdDhRV0xmcWdtdEg5T3hHTWVHZndjeDJyZVZnTndXanh4X2x2dmZqQU9ITWVYV2d6c241Sk1CaTJwQVA1TEZicVNPZkRwUkpIVEloWUVMcU1OVExRRlpWNFd0dXdBdHVmUXlkU3RkcGhvVGtHUWRqbjBGUA?oc=5
2026-08-30 03:00,Yahoo Finance,finance.yahoo.com,Meta Stock And Founder Led Peers Built For Higher Rates,https://news.google.com/rss/articles/CBMimAFBVV95cUxPRFpRc1VfSFdqdTNUdmNMeW5MTWkxY0Z5bm0wS3hUeC12THZZbF9EV2N0RVpPSVowYmF3dGhIUl9Fcm1GOVc3UTdQdHRtVndtalVhTFE2SE9WbU1JZjRxZkktVElHZVBXT1VOcU5EMWpXTDFhamhpbHhaeUljYWdjNzdBM2tjaTgxN0V5c1BIS0xFTXBwT1MyYg?oc=5
2026-08-31 03:00,Fortune,fortune.com,"Temu spent up to $962 million on ads that helped finance an army of fake creators on Meta platforms, research claims",https://news.google.com/rss/articles/CBMiiwFBVV95cUxPa2lVN3VsUVR2bnlldXRiR0FuX01qVXNyZnN0bURiQVhLWkNKdjhOUjN5QnJHLWFqUGhKT0hDU2IwTmtHYzlmYlNvLWpfNU1SenpMajV0bVJDcTloMWQxaU1DaUh2bEVRMGtKTkFRY3VJOFc3Y3ZoLVl3cjltcGpKN1JPdmtlNGpYa3Q4?oc=5
2026-08-31 03:00,Investor's Business Daily,investors.com,Meta Vs. Google: Analyst Says AI Boost Puts Facebook Parent On Track For Ad Crown,https://news.google.com/rss/articles/CBMikwFBVV95cUxOWlYxcXlmekJtSVE0bmhWRXhneDN4VGpjMFkwSUxFRHhmdUVOWnQ0RUxaQTZMWmxVZC16WDNxdHg4WVZsaEV2bmtxbGpncU10TDJxVl9yODRxRkowTUtQRDNWdC0waW9UVGlQUFQ4TEdXSzlROWc2NmsxU1RoX3ZCalJxUFh3LWhjZ24wTVJKQnVVYUU?oc=5
2026-08-31 03:00,The Motley Fool,fool.com,Prediction: Meta Stock Reclaims Its All-Time High Before 2029.,https://news.google.com/rss/articles/CBMipgFBVV95cUxORzI0VzhHT0hFVnAzay14cTNkX0p2VERPQi1HQzlKanhUUmJJWTR1ZXY1ckpZNzJOand0djIwbW1NWWczWFNnWG1YM1N0U1BCRHd2Yi1xaHRmMS1JT1k1RFgydm1xZk1oMzF3OG5WVkNDSW8tSGtDUm1WZG5KcF9haHRUNjV1Q01IdXBEeXF3S2pMRnFhUE5SNkNyUDRUQ1hZa0EyWjVn?oc=5
2026-08-31 03:00,Yahoo Finance,finance.yahoo.com,"Jensen Huang Passes Mark Zuckerberg, Larry Ellison: Here’s How Much Nvidia CEO is Worth",https://news.google.com/rss/articles/CBMiogFBVV95cUxOejZFZ2o1MzdrOF9TbzlhSGUtLWI0SV9wYkY1TkdpX2JNeVpQT2toOGw3N19BM08zSHVyWHFVZHJRUnJXbGJTSWtVNDBaUi1GWXQ1VDh3Rl9xWFFDS0FzaElsQ2ZwYUJPZ2VfbXJmbHIzQlViVkZpOUdvc1U2ekZ5T1BPeEVXck9Jdml6NjFjOWw4THhRVzZ2Q1piNHIzQnptT3c?oc=5
2026-08-31 03:00,Yahoo Finance,finance.yahoo.com,"Meta Could Overtake Google Search Ad Revenue In 2026, Bernstein Says: AI Is Driving The Shift",https://news.google.com/rss/articles/CBMiowFBVV95cUxOMjBNaDZwS3E1ZHRZWno0VkRCSGxaY0FVMzNPSHRwYVNuS2drdFFtdXdoWXZOM0plMVZsRUZyVGdQZXNDMVJqanBIanNOWjVPa3RzcG4xbjFaWnJWWjlDS3R1b1ZYUk5TczZUaEo2UUFWdUUxemdUR3QzcE9kTUhOc0sxWGtYSENqWlZ2RUZGUGI2WFlVbUpxck41SHhSam9ZUnow?oc=5
2026-08-31 06:20,Investing.com,in.investing.com,BofA reiterates Buy on Meta stock on AI agent launch plans,https://news.google.com/rss/articles/CBMiuwFBVV95cUxQVktHcXpCR2ZWcjRiS1A0YTFacVpkSjJwdG1NX3VVajN3UF9fR3ZIa0FKakp5YWVWREpBTjdKN0VROHFsWjJvVGhaTU1sbFNrd1B3dzRRZkNadlVsRmoxNEQzTFpzRFJFSHB6b1Vyd2gycERPOU9fVlRCWk8xVERva0V5QTRtd3ZPdC1qazNfdWJ2bnRja29RcUxYalZSSVIyR0NILTdhVG50SGR1Z3NtNWxkNW1SNDlDNmJF?oc=5
2026-09-01 03:00,Business Insider,businessinsider.com,Meta is switching to Slack because it says it's better for AI agents,https://news.google.com/rss/articles/CBMilAFBVV95cUxNN01JSWdVSmxDR1FUVVNLQlpxQUh5eGp4YjhWbVJkcGRtem1PeS1Yb3g2WG1zb1JSVWlXMDVTbTlPU0NYdGRXSnFKWmJfeG5qel9NaWpwUzc5ZW5NeTdrQlZPbkU1b3UyWVVObGhnQ092Umt2T1liZG9uT3haMjBuZlpGMUJ6SEpfaWptcXRUekhRUHNO?oc=5
2026-09-01 03:00,The Motley Fool,fool.com,Best AI Stocks to Buy in 2026: 10 Top Picks & How to Invest,https://news.google.com/rss/articles/CBMilwFBVV95cUxQcTN4SWRQbVZpY1lwSnJjN3YxWmY5LU5Qck5ia2psWWRwcWplZ0RGTFo3ZmJrZDZ1S1RQZFF2NUcwOTh0NXA3NlM0a25ieHhPWHprdTBmbWxzY2FtdHRIMlpSY1pzcTU5ZkhfN0wtcF9UeDg4WnZVYTZPSkRtcDNZaUJ1djdPQ1RVRkVQeVFUTnJrMFJ5VXdj?oc=5
2026-09-01 03:00,The Motley Fool,fool.com,Great News for Meta Stock Investors,https://news.google.com/rss/articles/CBMihAFBVV95cUxQT2R0N3NYQnhNNGhfamFYNGw3Yy1GcjBxckZnSW1EN1pLWnJiU2xwckE0TEhCMjNpNTBLS1JoR3FQU2xuWDltWm1FRjFLa1ktS1hfZG83RE1RNll4ZDROMlo5R3BtWDc1YzhoX1pnNWhDYW90anNnT3RkYTAyQUl6YVlMeE0?oc=5
2026-09-01 03:00,Yahoo Finance,finance.yahoo.com,"Meta Platforms' Teen Harm Settlement Clears Overhang, Engagement Concerns Remain, Wedbush Says",https://news.google.com/rss/articles/CBMimgFBVV95cUxPemg4Tmt5MVhIRGhtTHFkbkVvM0VvSlhLSTJjVkhlVmcxT0xteWozU3llbDRFelNQdDlaN1JwWFJxd3BCck1RTVp1NVFhdXZRNk9YR1lWRV9rbW1qVUhvNmQ2cWRDM2NUcXJzRkRVZEcyRzFBY1VuWGNuTVlyQTlPeTdyVDJVYk9LbmRocTJkTkw2ZGdTTi1CYTlR?oc=5
2026-09-01 03:00,Yahoo Finance,finance.yahoo.com,Meta Stock Rises as U.S. Backs Lighter AI Rules Amid $145 Billion Push,https://news.google.com/rss/articles/CBMikgFBVV95cUxNOVNZbjFwSHdwUVJ1UGI1MnNXOEttWnVSbk83cDg5dHFoOTZTRGgyRnpjamJBaUYzcDgtVGNyYXVuYXZhcmlOWTRjSnBUUF9lcFFXb0ZHTHVoRnlzdTBuLVFZQlBFMjlLMk9pcF9nVFZmd2xiQ2hSX1Rvbk5vSVVscWgyNGV0SEJhLUh4cHQwRnp4QQ?oc=5
2026-09-03 03:00,CNBC,cnbc.com,'Fast Money' traders talk Meta shares climbing on AI model news,https://news.google.com/rss/articles/CBMipwFBVV95cUxPRWNhbk5BUEcxWWtPUUJ4YWRURlhwR285WVl5SEZ2eFltamg3dmJ4d3cxS2REMXdCd3h6Tjd0ZHlUYnpCejFvRmpwelBDSktrbEhwNE5DNzlaZnRFUk91WGQ4OE5zZl9Nem1wREl6RFVvYkJTY0YyUmNwcmJRQ0wzQWFQY3NXcG1wSFo1NFBhYjJfbVRiNkc3WXhRNkJiOHlBRjZsc3Zsdw?oc=5
2026-09-03 03:00,Seeking Alpha,seekingalpha.com,"Meta Platforms: Teen-Safety Case Settled, But Legal Risks Remain Open-Ended (NASDAQ:META)",https://news.google.com/rss/articles/CBMitAFBVV95cUxNRTFWMG9EOTVTSGxKVFFTOVh5R3BqN21zc1VDcWhwNVdvWDM5a1A0eWJYWkNSMHF4c09nRGx3cXpQTjBMejFKTFZ1cW5SOTVCY3NmTlVTdXp5dENHRTVaWHEtSGNTMVJ1R1NSNmpPR01qRGMtX2NKM1MtaElROG4zUUUzVTBQa3Q5ekJMek9hRUQxQUNVbm9hODVpaEtqeF9lYU1abldmYnZweVBnbWxhVTlFYl8?oc=5
2026-09-03 03:00,The Motley Fool,fool.com,"Hyperscalers Are the Backbone of AI. Here's Why I Own Amazon, Alphabet, and Meta Platforms.",https://news.google.com/rss/articles/CBMimAFBVV95cUxQamxpQVZBQmFiWjNjal9xeWlic3dKTHRFcWJ0T3BIbzdnMXQ2dHo4bFp0VjVlR1ZuSG9tXzBKaUxnbjlyeHBhSUhXRTZPU2FUZl9acnlKOWNscFkwbVdnZmpHa2szX3hpUGdIcTRkVUl6V2hZcmhVa1BFUDVmMjZhNUozcC1CUEFFb3dCa3RjY05kczhJbWJtQw?oc=5
2026-09-03 03:00,The Motley Fool,fool.com,Meta Platforms May Have Escaped the Worst of a Landmark Teen-Safety Lawsuit. But the Ramifications Could Be Much Worse for Snap.,https://news.google.com/rss/articles/CBMimAFBVV95cUxNNEFsMS0tcTRBRGdWQm5NUmdra1pOM0VrNlhsbmVHRjlVWFNnSzdDeHAybzRrdVo3VHRBLUtTMlJpQzFBcDVidDY5ZHlqWVdSQnl4R05Hb2tJd083b3hMald2aEkxVVBNSENBdVdTc2F3M2FCaFdPaDgyWnlkdXl6Zzc1WFF2TnpmZFlYU282OXRJRGYxbEZPaw?oc=5
2026-09-03 03:00,The Motley Fool,fool.com,Why Is Meta Stock Up Today?,https://news.google.com/rss/articles/CBMieEFVX3lxTE0zMVBNVHpCTkJYUDNJZ0V5RUdHNWZEN3dNR0pyemlMdnRid0JxcWlXdXFOUU45eDlVU1V5QjJEaEt5RmlmeFdHNWVRQU1ocklDTENlWTJMdWxGLVFKbnVwc1Y5WVVoX1pWdk1rZmFsS1gwLTdxUUdFdQ?oc=5
2026-09-03 03:00,Yahoo Finance,finance.yahoo.com,Meta Rises 4% as Muse Spark 1.3 Claims Parity With Anthropic and OpenAI,https://news.google.com/rss/articles/CBMikgFBVV95cUxQYm1mUFFxWmxIM0F4WlJCeTM2cjJIdzN6VnVfTnhXUGIyX1pDeTAtcTk3NmNmNUdIeFZqam40VlZqYXdDVFdkTjRSVjNLWWw3U05NWHlCUXFlSnVTckgxV3F0V0l6aXFOemF3M1Y3ZjFUTTluaDJLZVBIMDNyQjNsWWFMRWJnR3l3QzFPUGl4NFFzZw?oc=5
2026-09-03 03:00,Yahoo Finance,finance.yahoo.com,Why Meta (META) Stock Is Trading Up Today,https://news.google.com/rss/articles/CBMilwFBVV95cUxQcktGUXVRWU9kTUMwc3duY0JuYVMyMTVpakZXUjNWNzlzejUxRVBNbGNHdl9EZWNrS1p0OTRTcFdjYWVRSXJMUzBaVnl1X1Bva3Bmd24tZk94c2hEaGdraW9IdVo0MjloekpRdVRyM3Y3Y3Z6SVRSdnBMeTgzeWNUQ0p4cnQwcGlNN2RsUU0yVTJXWEIzb1g4?oc=5
2026-09-04 03:00,Benzinga,benzinga.com,Mark Zuckerberg Opposes Federal AI Watchdog in Call With Trump: Report - Meta Platforms (NASDAQ:META),https://news.google.com/rss/articles/CBMitAFBVV95cUxPVzVWRVJVYWhnT1BaanE1YTBvNThzWUU4bFpscUlkYXZZUGo4NEh2ZVBrRk1LaFZkT0F1Mk9IZE5oRDdoandwb3ZLc0R0NHpQVjB6cUVSa3NLd2RHRndFdEx3a3lFSFBOMklweDJuQ0gtRGVRRmVhX01vUEtQUGxkNDR4dDFTMHpVb3R3dWZaUDBWOTlWcDdqbVk2Wm1rcGVLeVdRRl9xTU8yTGg1SEFFY2xzc1g?oc=5
2026-09-04 03:00,Benzinga,benzinga.com,Meta's AI Worker Replacement Plan Made Things Worse: Report - Meta Platforms (NASDAQ:META),https://news.google.com/rss/articles/CBMiqAFBVV95cUxOMlVtRVNxYko1cjdmVkRfVnhmdlowbFNXbUpOMFBLRG9uYzNteDNSaTd4R2RrYkFNVVllVDUtNUlwRHN6a2hMVXpOdTh4UEdrZjdTNjE5VUJpTkVQY3dGVjJadU5hRUlhT2VvUEl5UlFIaU9jbFlROVZ1M2R5UWVsTFpyYUhzQ2pwTlVTZWwzUmJUNXBNNWZNa1RkcThXTldRWnVCeGlNbmk?oc=5
2026-09-04 03:00,Seeking Alpha,seekingalpha.com,Meta Platforms: Muse Spark 1.3 Was The Warning Shot (NASDAQ:META),https://news.google.com/rss/articles/CBMilgFBVV95cUxQdU9hX1dydTJ2V1JhcWozdnlHamVVNWdPdWJERHFhSFduUWh0WE0wd3lqZml5VlIzTjBjZmxkQUNjT3poVUl0RWFWY0kzWXppc0FVcmEyQ2xEOW1tblpJSmNHeDYzTlNOLUZPZ2ZGQUkzRkdwZXR2enF4Y3RmSFZrWjhRRU9JTE9PU0tIZVgtVmhQVW95T0E?oc=5
2026-09-04 03:00,Yahoo Finance,finance.yahoo.com,Meta Platforms (META) Debuts Muse Spark 1.3 For Developers,https://news.google.com/rss/articles/CBMimwFBVV95cUxPc014aFFULXdZU0V1YV9DMENpRHFGY0pTUzhKM2t1VTJEb25Sc24tYjUtS0pxaGxWSVU4TlZBOUdkY3lCQmtfVXdNRkdwUWVhMTVpb0IzZXc3VjhzYnNwcWxQQUtJWDQ0aTRYdk9TTWdKc0tvVUFGM0N0cGliZDZHa0M1UTVyNjIzUWdiZ1JGUDFudGo1RW5ZbTZvbw?oc=5
2026-09-04 03:00,Yahoo Finance,finance.yahoo.com,Meta Stock Jumps After Unveiling New AI Coding Model,https://news.google.com/rss/articles/CBMimAFBVV95cUxNRXd6TVRoa3dla2w0bHA3cEI2UjdsbW1USy1STkQ3WXpDRHkxU0RYQ2VFTGVsVWRwLXMyT1M3OTA3UXBpbERVMHNsZjdXbk9SOFlUWGhtdlFHTXZPc213dVhnWl9BSE1iNTRqUEtZS3RUcXpnaVhlUE1rS20wZ2FKMC1tNlhfS1NoQTliLWV1Vm5waTFLSzJ1Uw?oc=5
2026-09-06 03:00,The Motley Fool,fool.com,The Largest Communications Services Companies by Market Cap in September 2026,https://news.google.com/rss/articles/CBMicEFVX3lxTE5vSTlaNVZqTHM2WWJzMV9Fdm1mNXBHNkY0UXVXM1ZBang2c0I5MnRNeEdNTmo1ZjRibk1RV1g4T0RpY3R0dURxbE1yOEhmOEJzS3NWUlBiTENiS1poNHNKdUM0anlUTFhXR1NwUUZyWE0?oc=5
2026-09-07 03:00,Investing.com,uk.investing.com,Meta platforms COO Javier Olivan sells $3.3m in shares By Investing.com,https://news.google.com/rss/articles/CBMiswFBVV95cUxPZDYzY3g4VWNob2R2bUxoZFUzYWRZSVZHcmw2QndmRk55OERXOXJOcWZ3a19mdFdUMnRDUVZUNGtnX0RWZm5ub2RWa0M2cWZVd3l3d3BxTllITV9LcmU1NXYxQUswdFN1WUhzRmduZ2NJYUhNR0NOUjh5bXJiVVZoUUtidnU5N0d0THZMZVRyMHdaZkYyMHdZRjNIdkRUeVpuRmQzVlRETkxXNEUwT1haWE1wdw?oc=5
2026-09-07 03:00,Yahoo Finance,finance.yahoo.com,Bank of America sends wake-up call to Meta stock investors,https://news.google.com/rss/articles/CBMimAFBVV95cUxOOHh6UzR2UGFZUXNVYUw3RE95U3JMdDlyYUxFcFRQY0MxbURHeS1lZ1p4enlPLWFDamNORVJtLXdzcURQRzV1R21Td05UYWI3ZFdTWDVRQ09MTlRzMFI3Y2htSXJNZ1M1U09PMWVDUTk1LXlnWXYwWlZPRFdYWlpBbmdic2ZvT2IxZEtHbHFSUHM5TzJsemNSWA?oc=5
2026-09-08 03:00,Seeking Alpha,seekingalpha.com,Meta Platforms Is Too Attractive To Ignore (NASDAQ:META),https://news.google.com/rss/articles/CBMiiwFBVV95cUxPV0luQmRpSE5GTzZmY1E3dGpMcHJlUkZFS1RBV0lrQ3NPRGdPcVp3R204SmNKY0lXMGdpMWFCV0ctR1pDLXF0alBGN0YxLXFPVmtJbEIwaTFWYnBwVVQ3U19BQVY0Yk1xaWlzT0ZFekNfMldEczZfbEl0cGZXUkFSaUZ1Sjk0cTRPYlJF?oc=5
2026-09-08 03:00,The Motley Fool,fool.com,10 Best Growth Stocks for 2026,https://news.google.com/rss/articles/CBMif0FVX3lxTE9pT09kTllPOXQ1TFdJSmJqN25TV040MENyNDR6V2k3X0pNakZOaFJwWXRsRUNZcmVNSUU3c1NvZ0hJRk1ZVkFWRXREZElkM05SN2dNdGFYWmNIbWNZOXZMcXdzVzdsVEtLUW1iTF94OXU0WExleGR2TDBIUmlJY28?oc=5
2026-09-08 03:00,The Motley Fool,fool.com,"Alphabet vs. Meta Platforms: Which ""Magnificent Seven"" Titan Has More Room to Run in September?",https://news.google.com/rss/articles/CBMimAFBVV95cUxQNlhWQXhOQ0RFX095RjNYSkVBOUpNeE5veW9HVXd0cjFzelZibUVTcllwSW1Ccm01SGxYYTI5a0oyWG1tSXpGY0c3Ym1zWmZEQV9FekRfY3FHamNDQ05TUkV1bkhSWmpQcTZFS2g1QVJ3WEFEbFctSVk2dGVaLTF5Wmt6eG04M0dEaWJINHBwZmtfVlpJb3c1MA?oc=5
2026-09-08 03:00,The Motley Fool,fool.com,"Meta Platforms Settles Major Lawsuit, Pays $18 Billion",https://news.google.com/rss/articles/CBMimwFBVV95cUxQSi1WUlRCblN6RklkVmZfbnE1dXQ0QWtlQVFjZXNnanNycFBtTjI0aFVCTXVCa2hTNnprZ3hleDkxZ0VmXzIyT2xMaTVNV3EwMFlBM2ZicDhicUR4a0dwRFM4Y1RkOThlVGZ6U2RfanZiVkVnZC00QXhyN21qSy1iem43d0p4c1VQQW8wUmltWFVSaDRndVZKNXRHOA?oc=5
2026-09-08 03:00,The Motley Fool,fool.com,"Nvidia, Palantir, and Meta Platforms Are Rattling Wall Street With This $18.6 Billion Warning",https://news.google.com/rss/articles/CBMiugFBVV95cUxQU2tVamYzNnlWcEcwcFIwa21nSWVYTkd2alBQbTBHYU9PNmx6Y2RSN0V4dFh4cHdMZWdWRXJjYUFlZkxYZGJPeldjcjZxX0UzZW5RMUdEMUFTZTVka0lpX3BtRzI2bEtWdlhQck1wMmlwcl9NeUtBQ1FIc3FRQUwtSWdwM0dycFRLUXlyR0dzS3dQemFUQWNVMmNkRHBLamwxTTROeVVtdzZubGk1czN4TkFGWjJTdHVPMkE?oc=5
2026-09-08 03:00,Yahoo Finance,finance.yahoo.com,Meta stock wavers as Zuckerberg unveils ‘Muse’ autonomous AI assistant,https://news.google.com/rss/articles/CBMiogFBVV95cUxOc081NFJYX0FZc1prNUNwMW5CWmhENEhBMWd2eGJMME1DSFpzeFFWUjlKYm5nWHBnRUpKUUZGQkQxSThZNkpfSDgyRVlVSWM2T3pGREI3c3d4VVF1aFlrbVFGaWpWbWxybFhJaENWYmRlVThEX3lWb2l2cVFwVkFUSW5NU0JFUHdVYTU4Z1dPYVBldnp3Q0lwNkF3eVpVMnJ0MHc?oc=5
2026-09-09 03:00,CNBC,cnbc.com,Meta shares pop on Muse AI agent reveal,https://news.google.com/rss/articles/CBMiigFBVV95cUxQLXRoWjVLSjRteDJCdmQ5WW9fd3k3VXduWjdPbXpteWw0dndFSXdIQVk1Z0FLUWI0ZVBMbkhuVnVEekhnT0lRTjZHajNTU0FBT2FIQXVrNEpoX1JWZS0tZkpDbVlPOEpUVFNBdE9QOEs1MDFaYnRLc1dpQW1Zc29JNTc5WW9ZLWhlN3c?oc=5
2026-09-09 03:00,Forbes,forbes.com,Why Meta’s Stock Is Rising After Muse AI Launch,https://news.google.com/rss/articles/CBMinwFBVV95cUxNemVjSTVpYVVybFJfYlpwLUozYjM3Q3ZCdzJYR3h1enM0bGp0THVOMWpLUzNndFAwMGRkd1JsNEV6c0t6Xy1VX3dIOUROWkhvWGkwQ09Rc2NCR3EtdGZmR1lvTEhoV0dsQmhCbTZZS0VGOEpHeUdpRzVxWS1xZkRYNjhYb3hxRHJhTk1HdmM3SWxmOEx5YXBCcXdadlEzRmM?oc=5
2026-09-09 03:00,MarketWatch,marketwatch.com,Meta’s stock jumps as new personal AI agent Muse addresses a major investor concern,https://news.google.com/rss/articles/CBMiwgFBVV95cUxOTk5wMjNDc21DN1A4eDdyOXdsVWVOUGd4YWQzSzhNNkVXbVJGakE3SVZqaFJkYmdaaXhHc1JDTnU0T2s5NWpIYkl4Szl1ZDJfQVlUdU8waTZRWEZvX1Z1NFdTNkJ0R2tOZFRtZXpwa0EyT2JOZW9lZkpybFJPMjByWVFfQkROdTc2aTU2RnZsOEdOenFWN2psazZGdy1WWExHSkpqTXZEUF90UzRqNE81TjRTSXNmS1Q3WXBwZW1NSmt1Zw?oc=5
2026-09-09 03:00,The Motley Fool,fool.com,Mark Zuckerberg's Net Worth Jumped $13 Billion in a Week as Meta Stock Extended Its Rally,https://news.google.com/rss/articles/CBMikwFBVV95cUxPVHdDNHl3Mk9oc2R6eGt0dHg5aXo0bG85Y0Y4TzhVYVpxMklNMlFfV21yRk0xd0JsbXRja2RfNG9sTzZVNjliZ3JUYjVXaDd2ZlpKVGlWZlA5TFU5b29rUFpjdkN1bnNPaV9lYVFCUkdYZWEyeHlzYko4S2VhWHU5NklaV1I3bjBOaEhicDRPMzJySHM?oc=5
2026-09-09 03:00,The Motley Fool,fool.com,"Stock Market Today, Sept. 9: Meta Surges Over 6.5% on Muse AI Agent Launch",https://news.google.com/rss/articles/CBMiywFBVV95cUxPRGhEQ1JlVzhfaXp0SmJGc0lDZ1BWSlhEXzRoYjF5eWRMY0NOeEJ1TlR5VGQwMVo5RFhjQlBfN1doSnh3ZGRnbTBVRUxJaU5fOE0yUF9WMHFWLVE0MWtYc2ZHRmlxSUpJV1QyWVdES2tQM1VIamFnRFZDM1ViTDEtTUE3eDk5WVpyX2hhcDN3NWhPRWpYeXJ0UGtWTnAwdU9lMndpVHdXcTFnNlBJTnJ2ZVRnRG5fMEVIMFhUejJ4eHlWSWFnNEN2N3pFMA?oc=5
2026-09-09 03:00,The Motley Fool,fool.com,Why Meta Platforms Stock Rallied Today,https://news.google.com/rss/articles/CBMiiAFBVV95cUxQS1FtOEozbDJUMnliV2J4ZGdBZTN4RzBlOGJVNFF3ZVpGbW5RUFN3UFo3OXBGUktjcUFOcUVDTkxZSVFpclRRR3ZvSnZRb2hvd1d2MDc1M05FRzh1Vmw5czh0MnMxRndEOWowZ3JYa0IwVTY4eVluc2hCelAzSFlWdlJpWEhhYklU?oc=5
2026-09-09 03:00,Yahoo Finance,finance.yahoo.com,"Meta Platforms Insider Sold Shares Worth $2,002,508, According to a Recent SEC Filing",https://news.google.com/rss/articles/CBMioAFBVV95cUxPRzVOdlEzejcxQml1dzhMNE1hdjZKdHdFRkV5YVZWZGlCbzNKZ1ExMUlnYjdzSDI3cHdVbnFmOC1STUx5QkFiaWVLNW1GUl9CLUxmNHJUYjYxcW54TGpGUWd6U2N2RnUyUTd6Y0JXV0hkc1hQZW9MVlNQS3FaWkZxeURVZllzcHVXVmN3UWFNRUgxMGhYbEg1MmVFUXVtbUxp?oc=5
2026-09-09 03:00,Yahoo Finance,finance.yahoo.com,Meta Rises 6% as Muse AI Agent Arrives With Paid Subscription Tiers; Alphabet Falls 2%,https://news.google.com/rss/articles/CBMijgFBVV95cUxQSV9VZ0sxb2IzTktBTVpja0Zpd01uLU1EZG5lNXJYMEUxVUtOU0pSTXBjWFQ0UTF4eUs5SS1KSjdLVG5FbVZ6ZUxOSUpYZVk5RkQ0d2o5djFzMmpkNWdBeFFBbDlBbW9jOU5QTmd4ZEk1V0pkbWFnUGlYMHFqZ0NiZ3lVRVpvcXN5UzBsa1h3?oc=5
2026-09-09 03:00,Yahoo Finance,finance.yahoo.com,Meta Stock Jumps 5% After New AI Agent Muse Takes Aim at Google,https://news.google.com/rss/articles/CBMijgFBVV95cUxOMERHUjJhSDJ2Y05JdUdDbHZONGVvVW1KZU50T0d6SENvRXdJSjhGV19qUmI4WUFwajlVZUZ3Qmk4T1U2OVpIRzNDanBzVDBWM3FLQmJZdFVQRXNSSVdmQlIyOEFSTjFHSjhjNWgtN3hWSVdJbS1BSHR4djRlYnQzMUxfeUFvV2xHZ0FxRTdn?oc=5
2026-09-09 03:00,Yahoo Finance,finance.yahoo.com,Meta shares jump 5% as analysts welcome new Muse AI agent,https://news.google.com/rss/articles/CBMilgFBVV95cUxQWUR3RWR0N0FabFdYQUxWdGo3VEI3bTFvSzdxcjJYNVQ3MjVIOFJYMVoxUW1pOXl2SjQxWjdxX3dvM0Nxa1NjZDRVYXIwdnBmeGNMekVPc1NTZEtEb2hKQTFoREk2STdWNFNySS1JbXNocHQtN2ZmT09rT2hKdEpNOUNnV0YwRDMyZ1NIbmVPWVI4TS1yd2c?oc=5
2026-09-09 03:00,Yahoo Finance,finance.yahoo.com,Meta stock jumps 7%: Analysts bullish on new Muse AI agent,https://news.google.com/rss/articles/CBMilwFBVV95cUxON0lGS3dvOVVReHk2NHVLTTNPOWNhZDl5b1VfOVZHWHhQdnlzaFFIZ1R4c2J5T3ZxVkNxOEQ3dEFlQnpmSlJhMXp3LWtvOVVMUWgzWnN5SWdVQVZicTZ5SEFiMVhRaDZVMG1JVDZjMndtbFo2Tkt2Mm5QLVppbkszRkdCcUlJMWVfcDFNX1pfZUcxMl9Cem5R?oc=5
2026-09-09 03:00,Yahoo Finance,finance.yahoo.com,Meta stock surges with Wall Street bullish on new AI agent,https://news.google.com/rss/articles/CBMivwFBVV95cUxPVU5VM2xXTTFmS0lWVkU4cmgtWFNvSU1EUDItZ3FwbmlaXzBiSnBJU1paVGpqNEl5TEJGc2lBNVE5QmN2c1FpMmVycjBOUm9sRzNxZ25yY0k0M2lBb3pLLTczMU1IX0t1NmFSY3dZTi1TVEdCZW5JYk1JNW1WenZsX3BrdmN1NUNFVm5wQ3M4dTdzaE9TSHlfYmVJZDljNGdMWEwxTHNCWU9DNExRakF0d2F6RkNodUIxb2Zpb1IzNA?oc=5
2026-09-09 03:00,Yahoo Finance,finance.yahoo.com,Why Are Meta (META) Shares Soaring Today,https://news.google.com/rss/articles/CBMimAFBVV95cUxNc1hoamg4VWlOUXcyUTQ3QzdQQVI3X1RfOEtQdy13SVFyZDQwRHFkN0pnQzRsMkg2RW9LUTk5c2d5S0t2RTNIZ2wtZ3lmR3dOVGljREZmbmZUbFFGWWgwTzlyaFE5aDlaQnBKblFvbGM0QW1rbXN1aWpRdHpGZk1iZzc1TzQtTkVCV1FuUG93Z3JYaFg4S3ZPQQ?oc=5
2026-09-10 03:00,Barron's,barrons.com,Meta’s Muse Hits Top 3 in App Store. Why Wall Street Is Split on the Stock.,https://news.google.com/rss/articles/CBMigAFBVV95cUxOaEF3eC0zLUItVU1DbnZ5ZDdyZXcwa3JKR2tWV2tFa1BZc2VqN2VrZW9uRU1iY0lYVHF4NXJCWXYyZ2dKcnlrczFLd1VYcDNYRkE0M2liT2d6YjhmLXA1RnJzT2Q0ckROaUZQS0ZHMl9FOFdRc3BNLTMxRHZFS2c0dQ?oc=5
2026-09-10 03:00,Investing.com,investing.com,Evercore ISI reiterates Meta stock rating on AI agent launch,https://news.google.com/rss/articles/CBMivAFBVV95cUxPTXdqSW9LbHByYjV1ekdZN29pbVpxR3cwYVNUSTU0emJHZzUxcDFXNlYwSzF4bkEwYTA3ZlEtMzd6Y1pJQS1OckluVnlrck9TYlVkWHZoVVUxLXYxR2V1TWRidE1TdUtJZ0Q0Zl9oRzFCdlBEb21OYS1pNzVGWUVPV2prRVZvYXh4SExxYWtpYlQ4cW1DRXY4RlgyLWlfS1UtOHV1RENKTnpKejVrb2gwM1VCVmdxM0NNOFFjZw?oc=5
2026-09-10 03:00,The Motley Fool,fool.com,2 Trillion-Dollar Companies Poised to Become Wall Street's Next Stock-Split Stocks,https://news.google.com/rss/articles/CBMiwAFBVV95cUxOejVta2E4cnVaaXZub3VZX21wMUo3WmItajVZMUFEX3oza2N1YWpfZUJ6V0hDb2VudnRnMkN6dThqemlUUFBOdnV4cThGbEZla2doSHdkenI2YzBDX2tndThfb1JRWU9yWjN5dzZ6RUVGQlZiSHRPSDdoc2pxUFc2TEJ4VHktR1Z2M2pGb1pFemNhS01zbVlzdHpXdVBYNVZwOFRDcEpWemJHZjdLQ1E0SmNCWWh0TVQ3TTJzSzRnYkw?oc=5
2026-09-10 03:00,The Motley Fool,fool.com,Meta Platforms Agreed to Pay Up to $18 Billion and Set Some Limits for Younger Users. Is the Stock a Buy?,https://news.google.com/rss/articles/CBMilwFBVV95cUxQZHBmVFVBRElDRTFwTWNlSHVsNVRfM09KUkVoaEsySWJEWURYc0JrUXhuZzV4bTFhZTBpaVpWWDlzVWJrVUZ4Wk8yY2FsbkUwVGJzMXhNMFB4cENyS3JIODl5VThJa3prZm5RR0ZySXEtZ2NwdmkzbUo5NTNVWnJ4WnQ1SzdiNnJPVlVmUVgyMm82bW8ybkxZ?oc=5
2026-09-10 03:00,The Motley Fool,fool.com,President Trump Sold 2 Popular Artificial Intelligence (AI) Stocks. Wall Street Says Investors Should Buy Both.,https://news.google.com/rss/articles/CBMinAFBVV95cUxQY2t1cUdFT1RBcEwzRHhkaV9senJUcHJDa080RHRyb0s3SlJrSld1N1RtSFNyTVhiMFU4aGdudDI5V3FraTN5eHkxbHJRRnpxN242QUxUVi1MdzlhN3VqVTJSZVp0ZlVFY0RrQXlrU2JVV19DVFZqQXlwMEJUTFYtR0ZobWlSc294NEN6X0VGRDNVZEg4WGQ4LWdWbDM?oc=5
2026-09-10 03:00,Yahoo Finance,finance.yahoo.com,"Here Are Thursday’s Top Wall Street Analyst Research Calls: Advanced Micro Devices, Amgen, AngloGold Ashanti, Caterpillar, Chewy, Meta Platforms, Novartis, NVIDIA, SK hynix, and More",https://news.google.com/rss/articles/CBMingFBVV95cUxQTmdzbVphZGhUUnJ6amxXU0ZaaEJ1V3o0RnQwWG5wUUg1emxUMFJWWTBBWnEzM3ppMm10Mjl2VnJPSVB6MWJkRlUwd214aTN5YnNjVWRNVEo3eTNjcmIwU3QyLTZyNlg5bEFVWnZfS2FLZFBxdjBDZWI2NkpXNS1yMWxrcHc0ekNDemduTFliT2FzengzQWJEVGRoSENvUQ?oc=5
2026-09-10 03:00,Yahoo Finance,finance.yahoo.com,Here's Why Meta Platforms (META) Fell More Than Broader Market,https://news.google.com/rss/articles/CBMimgFBVV95cUxQYUFQdzA1LXJXOEw3ak5EV3ZKakpadERtODlFc2NDaXdxMmFWNWVXM2dFSG5WWmlkMkRpbUhxOUh6OEczNTNZc3JRUmtkYkpidkVscHpjRGlHazZKUGp6bC1TeW96NmthdDZLLVh6TEI4WGRBTHgxRVV1ZTloMzJUZ2p0MVJOR0E1TE1PU09LVkdQNy1GNFY2NDZB?oc=5
2026-09-10 03:00,Yahoo Finance,finance.yahoo.com,JPMorgan resets Meta stock price target for the rest of 2026,https://news.google.com/rss/articles/CBMingFBVV95cUxNYm5pdlhpVXVqVnAwS0xfUXJqYVdvU3BWYVpZNDg2cVNyaW1pYjZYdll2RG5oMm9YY013WTI5cEp5X0VsTm1yNGlvYzh6VFlxbFVsWnJwYkJkVkZhOTJQV3JrRG42VHg3U3FEQXNRdkRpajRLTWdjU2lqWmsxNkM4bXpwMTBza0N5SWJQSHNXRWJfSm43OWY1ZTM4X3ZaUQ?oc=5
2026-09-10 03:00,Yahoo Finance,finance.yahoo.com,"META Stock On Track To Extend Gains After Hitting 1-Month High, But Wall Street Divided On When Muse AI Agent Will Be A 'Game Changer'",https://news.google.com/rss/articles/CBMimgFBVV95cUxOb1lFVk40NHNQRjd4cmxLTlB3TUt1VHZoUTJYZVlTTnZpRFR0dE5QRl96ZU5VZHYtelZLRUltRWZvZnRuLVVGUDJNLS12amd6S3JqRXNEY2c0UTZIeXZNTllyZ2NpYVZ0TmlFTl9JdGJEejBZT09pWlhLZzRoUUs2OUlIZ3B2ZENOM05HU3djbFJLUXZ2c0dXZ0t3?oc=5
2026-09-10 03:00,Yahoo Finance,finance.yahoo.com,Meta Announces Quarterly Cash Dividend,https://news.google.com/rss/articles/CBMipgFBVV95cUxPWE9rR29FYV91OEdaRHI5Tjh6eGxvMHlOMWxQVVBscFk3M1lzSk1RSld1N3FuTE42bTh6R1dfWVpjOW9XY3JBNGlGNDVuVE13bmxNbXM2N2JIQmhNQzVFaUc1X1VRay0xTEwzYnlFaENYSkVLMmVkRTdXZ3V6SU1abTExQUYxbGFTM2MzS0Z4eW5YdHVha0lXcUJtZHo3dUp6Ukd4MjR3?oc=5
2026-09-10 03:00,Yahoo Finance,finance.yahoo.com,Meta Buys Stilla.ai: What the Swedish AI Acquisition Means for META Stock,https://news.google.com/rss/articles/CBMilgFBVV95cUxNMzZxXzVnMHZhRmk1bzAxLXJNeExLSkdoTW0yVmtianIwaXZoNHFuekdDYklXT0RmRS1Ea2NjWGVocEVjcmE0MVo0V0dIV05WakNtQzY1SmNpdm9YUHR1dDJOdjdYb3ZUZDItMHR3Y0lPR1ZWS0thbHVHRGh2VVVHRmJrOFBpd0tGUkpvX195TUtSOHZsWEE?oc=5
2026-09-10 03:00,Yahoo Finance,finance.yahoo.com,Meta Shares Rise as Muse Cracks App Store's Top Three,https://news.google.com/rss/articles/CBMimAFBVV95cUxQWTI0Y1ZUOHNlcnBoRFpXQnZNQVp1eVNObGpXOE91cUdRa2tCb3ZrVDYzbzVqMFpWeTNOMWNYbERHUFJwVDc1T1dBLUQ1cGRwTFV6cmZTZjZXVG9BR0xVLVMzblBhNHRNSzU1Y1FWNXBON2cxVS1RZ2NwYXBpR0NyUnRMRGpIWDdjeElmRmNnSjBJdUJVX2VGYg?oc=5
2026-09-10 03:00,Yahoo Finance,finance.yahoo.com,Meta Stock Gets Stunning JPMorgan Upgrade on AI Growth,https://news.google.com/rss/articles/CBMingFBVV95cUxPX0lnMmV1akZhYUpxX0FmRWNsUVN2MWlwTXB1VGVSTGMtRTBDTXBnSzNTYkliSFd2SlJLczlWU2xNTEUwS3ZFdTNpWXhrNXE4LTlDUkxvSDBQeE5Rc2NiYlZzR1BpbklBcUVtSXItNUoxbmdyaGdiNlhyaGJaRUZNcUk0Skd6elZhV2ZIVmlHWVdWb0JXblNPcmp4OVhDZw?oc=5
2026-09-10 03:00,Yahoo Finance,finance.yahoo.com,"Meta upgraded, Nvidia initiated: Wall Street's top analyst calls",https://news.google.com/rss/articles/CBMipwFBVV95cUxQeWpzVFk2Ny1KbllvNzZnVEpqVnBoU1M4UUFzazlHeXRxNGppYXFzNGZjQUxEVWd2REpzXzNHZmRseUtiV0dwZ2gwbDhCY1hOREFLMkgzeU5KeDVHemNYSjdjMHVTdTY3Rk5LakRZWnJxcmNXWmVCWk51aDhOcDdVMF9KdzZfZEFSaENWQ1MzQ2N4RlJsa0hDWkRHTzBfYjRIVC1BejlDSQ?oc=5
2026-09-10 03:00,Yahoo Finance,finance.yahoo.com,Should You Buy Meta Stock For Cash Flow It Plans To Spend?,https://news.google.com/rss/articles/CBMikwFBVV95cUxNMGxkbHRhV21tOEhYVlNZTzdjSGJsZkdCTk52V0RiUDZDejJCYk9ySGduWWNYTE95MTd2QzY0X3FYUk9sc0I3LWZGdlFUMEJUM0wtV2ZSVmQ3TV9ZZWZsV3Y1OU5NSnlXZlZSQ3hxLUpXQU5SdWpOUGUwY2hhVDdudy1oeXpac2JudDFGSm52ZFN6bkE?oc=5
2026-09-10 04:52,Investing.com,investing.com,JPMorgan upgrades Meta stock rating on AI model progress,https://news.google.com/rss/articles/CBMitwFBVV95cUxPbWh3MkVFeHRBR2RLdDJkYjZYWV9qZ1JzYVlrZHc5VzB2bWhHcXRyQzh5c09hNUxTcm0tTUFZTTIxZHVYaldmTUgza25IUnc1NjJuSHdsVEZ0U0l5Q29xODBtM1ROdmtXQU16azM1NmtSMXhqZkVFY3BncEJmMGlVakRVZVA4M3l0aEVZYWVraVI5NERIUXFzNkdDX0dSaUlfck1YZG5BSWNON2pQLXhfeEpMc2VsWjg?oc=5
2026-09-11 03:00,Seeking Alpha,seekingalpha.com,"Dividend Roundup: Meta Platforms, Verizon, UnitedHealth Group, Coca-Cola, and more",https://news.google.com/rss/articles/CBMitgFBVV95cUxQX1M0TDk4Y2J3c0swa1lQN2hzdkZpbkhjM3NJdkVIT19GdjVRdkswRXA0bjFUUWdna2gxMlRXMlgzTXg1aHc5S2ROaFNNcFVpODJSaktralB6ZUxFUy1KWHVDX0Z4VjQ1c2l2Tzk0OUhoMkl4dkI4WE9qc1BISDQ1UWFpeWNCMEZ4UC1pNUY0UGJ2VUlmQ3plT0JGMXpkTDdWcDFJVmRSTDZwODRQNnJtWXNzN0w1dw?oc=5
2026-09-11 03:00,Seeking Alpha,seekingalpha.com,Meta: The Market Misunderstanding Of This Stock Is Quite Baffling (NASDAQ:META),https://news.google.com/rss/articles/CBMimwFBVV95cUxNRkhROFREZFNyQ1ZPRjN2SXUyWTcxWjZPQkxCT1ktSFZYV1F0UjZoVzBKdWw2OEZtcjF2VTJYNGwwcVNKY04zclpQeVpqU2RhMzhqb0thdU1aUHU2YXdxejNrMlR0TWY3STlFTU0wUUhIWU5GdFZiX3JfS2pLX3piUEpFaThxQ2Y1WTFQSExWel9FckFEbU9kUnBXNA?oc=5
2026-09-11 03:00,The Motley Fool,fool.com,Why Meta Platforms Stock Only Bumped Slightly Higher on Friday,https://news.google.com/rss/articles/CBMimAFBVV95cUxPdDFGWnhyd1poM24zMk1XMXo4YmFVZ3FsVkhYNTBwcE1KWU5FSkk4SGs4T2x6aTdLWkhrM3c1b0FQMkd2TGdTMmNmSDVkN29JbkNfbnl5WEpZaFFHQWlsRU9TRWZCUWRYNks4YmF4QXFHb1B6RTVUcXVXOEFVSGZfTjF3WkktVGR5U1R0TTg4SUNWcmJrZFI5cw?oc=5
2026-09-11 03:00,Yahoo Finance,finance.yahoo.com,A $30 Trillion Reason to Buy Meta Platforms Stock Now,https://news.google.com/rss/articles/CBMilwFBVV95cUxNeGE2MncxQk56MnRLU0hCczFYRkZJRnJmM1ZjQ2FyZFhfWTVISDRuNmxJdU1vZ2JsRnhONWlWSXRkQXBxNWg2a2VsdTBTd2M4WFRQUXdGcl96VDM2Q3FOYUJvODFvNjdQUnRjaEtjQWFDYUxYSmlrUTIxSzQxSFNLRmNLbVBDWHF1ZnJvSEtWdkN6d19kbGtN?oc=5
2026-09-11 03:00,Yahoo Finance,finance.yahoo.com,AppLovin vs. Meta Platforms: Which Technology Stock Is a Better Buy in 2026?,https://news.google.com/rss/articles/CBMipAFBVV95cUxPTW5reGFjdnIxcWxmY1hSZUFkUkp0VDZmT2UzWERtajdSaEtXRXY2VE1YYUtqT2dLUDhjWEZSZndkVUY5cWxlTXlaaFRCMXR3T3BtQjhQZ295UW0tU28wZWtsQWw5R3BYeDgzT1MzUWJoQUVESXVBM0hBVGFlVC0yTkpDME5IZE1zLS1rWnJhdm02WkxjNVh0ejhucVY1dzVvVzBuTw?oc=5
2026-09-11 03:00,Yahoo Finance,finance.yahoo.com,How Far Could Meta Stock Swing While Its Data Center Bill Climbs?,https://news.google.com/rss/articles/CBMilwFBVV95cUxPV2lqbDcwTFhOSURUajk3Q0pqUHk5d004aWJiaE5ZVUNsN3JDWjlGMUxxWnhxNGJnVXUtdVBpMEFtNFBiM3ktMjA5dXlFUUpfT0gyQXlQQmY2NFNUVGUxbGJxWjJ0Nm9zVVgxV212ODRrclVfTlFEbWVrTmd6UWRnSUZnZ0stSThHVHVJZ3hhT0hzSy02TVJN?oc=5
2026-09-11 03:00,Yahoo Finance,finance.yahoo.com,Mark Zuckerberg May Have Found Meta’s Next Hit. Would You Hand It Your Email and Passwords?,https://news.google.com/rss/articles/CBMimwFBVV95cUxNMHZwbllnYWl4NXg0UzZ5NktOa18xMXo4cFZiSXR2cjVWOG5iRDd1c1ViRjRaWFNmOGRjNFBHMnhZSlNDT25UamhuU2RLTTFSOHpOMzJ4TW9uTmt0Y1dfaG1qOERpWjNZbFlsZkRwSWRHTkp4b1ZzN2t6X2hid0FuVVQ4NXdKcWN5ZXh2ZHFBaVlzcTVUY2dBQjdqZw?oc=5
2026-09-11 03:00,Yahoo Finance,finance.yahoo.com,"Meta Platforms Insider Sold Shares Worth $3,301,175, According to a Recent SEC Filing",https://news.google.com/rss/articles/CBMioAFBVV95cUxNci1zZVJfdHlJbm0wc2J3T2p6d1dSaGJheVlTYUtTcWJLamQ4VXBaOWRUTV9lZ3NielJvdTJUWjNVRmVjSFp4SkVseGZXR3pLcEFmOE5PSldYM3podzA0UVZ4YVVNWng0WkZQWHRyQk5Fc0VIZjEyNms2bEtQWU1uRUdkU3JfMFJHQmVrM1VNSWpSVjVCd09HaWY2bnVNYmJW?oc=5
2026-09-11 03:00,Yahoo Finance,finance.yahoo.com,"Top Stock Reports for Meta Platforms, Marvell & Amphenol",https://news.google.com/rss/articles/CBMingFBVV95cUxQOE1kRUZPdzM5X0d5N3ZJVjhTcmlURWVNRElYYVhoZjJXWDdyRExUMXpsYTZVWDJVRUc4MHJVYlpPY00wNWpJN1RhTWg4YlZqWGRIMDRUdjFHMGJaenFVcXBkUnRienZKOWltam1ibE5rT01wY2U5VWI3Y2plSmd0d01zSHRha2VYUUNoWUpnR3JSblNyNE1fcW5TaDdaQQ?oc=5
2026-09-14 03:00,Barron's,barrons.com,Why Google and Meta Stocks Are the Big Winners From the Latest AI Concerns,https://news.google.com/rss/articles/CBMie0FVX3lxTE5RR3JsN0djU2JiMVZvbVduTm1wTk1KVGlUZHFvTVU5aEd3c1FqclFQUTI2eXloa1F1VVFJU3R6Q3R6NmFtQzhFMVBROFJ5TERITUFzeU1LV3Z1aGpWV1R0dUktd0EwSUV2WS1nZmRPTXFMUFZ4aE13bEtWUQ?oc=5
2026-09-14 03:00,Investing.com,investing.com,Goldman Sachs reiterates Meta stock Buy rating on AI agent launch,https://news.google.com/rss/articles/CBMiwwFBVV95cUxPeEpWMTlTWFB5RUt3UFV6dnZVbWxJRFhvXzFEVEtiRjB1ZmVkWFktZGtjYm5rbndNc19MSjIxSGQtcmsxcFpuZjU0Z0I0ZENMeWtNWk41LVVCX25YdnhESnVVdnd6Z2JUc21fWnpCd1o2X3huYmtiYmVTeEZBRHNLMGRTeG1SX09IbkJiUzExRTViNHhTV1NJd0k1ZkI3WEtLTko5YkUtZklLZ0ZybWhBc3Jsb2Joa01vXy1KT2pGcjlPQUk?oc=5
2026-09-14 03:00,Investing.com,investing.com,Why is Meta Platforms stock gaining today?,https://news.google.com/rss/articles/CBMipgFBVV95cUxQRkNEMC1Ta0ozdmpZQ3h0ZGJKdG5FMy1sWXY5VU9NQ3ltY1VwOVQzWjBMUVZMdkItS3ZLYkRTM0ZGUEJkWTFjWlFVNUpjNGY5RVYwTEY3ZjVlYXo3bTN0T1dQNDJsVElHRDc3cEFDeVZqZ3dtODlZV2RPeVdtaW9vVUpzMXBaZjZWNEQ4NnZXZTgxWHhRM0taV3o0ek1jbTJ4bHJNclpR?oc=5
2026-09-14 03:00,MarketWatch,marketwatch.com,Google and Meta Stocks Are the Big Winners From an AI Slowdown,https://news.google.com/rss/articles/CBMimwFBVV95cUxQSm1PcWxrc2N4TVM5YlRuWkU2WkgtRXF3MnBEaExSazlwbkY4Rnd3ck15eUtuNG9CaUZxUWttdXdaSjQ0Nm9iQ2l0NWtqbWpHSG1yZXdMd01LZkltODVQMENPb1F6VVJnTktPT0ZuOHYtTE5ER21YaGhnZmRqeWluUTlVcWN0VERTcFBGVGN4REdnczZTaUVLdi16aw?oc=5
2026-09-14 03:00,Seeking Alpha,seekingalpha.com,Meta Platforms: AI Spending Is Starting To Pay Off (NASDAQ:META),https://news.google.com/rss/articles/CBMihwFBVV95cUxQU0hqWUFaNl9ONWVmT0pVNm1PNkZqSjFfV05FZDRCam5PMzJZdzhZakt2WEpvTEx6Qkh2X3p1NUUwT1hZclVNMmdyWHNlRFJ1UGl1UWQwbXlSOF9HQzdtc0l3ZVFoWU80M2NUdlllVkpiNy1XX1QxakxrbG55Z2xXSUtLX0FQNlE?oc=5
2026-09-14 03:00,The Motley Fool,fool.com,History Suggests That You'll Regret Not Buying This Struggling Tech Stock,https://news.google.com/rss/articles/CBMimAFBVV95cUxOSjg1VHpwbUNPaVcwMUFfT0F0NG5HcDM1ckU4N2dnaFhibTBpWk5rak5xLVo2YTN6eHE5Tl82ZmJTbFUwckhlcVZoNjJIeC0zS2ZhaWo4UzFXaTZjMkF6R05xbGwwQnM5UFFKRDVlMGJQQm9jbVRXclZvMmFsUUVhb0VFM3d2Q0o1X1hsb2h4TVZZaXU0UHhRcw?oc=5
2026-09-14 03:00,Yahoo Finance,finance.yahoo.com,"GS now sees ""clearer catalyst path"" for Meta shares post settlement & Muse launch",https://news.google.com/rss/articles/CBMimAFBVV95cUxOMDRmazlsZWhTSVVmbzJUakg5Ul9tU2tDb3R2ZXNnajVVd2pNQnNuWDNSSjJwSndaRHBidHVBOTduNGxTakNKcDJvVGpfZmNEbENJQmpZd2dENV8tQnpVUXVNckhzazVUOVlNRnA4em1QWmZEMjJMYkw1d2hhdjdsTVJZdzV5bEpDcm5zc0NiT3A5SFljVDZ4Mg?oc=5
2026-09-14 03:00,Yahoo Finance,finance.yahoo.com,Is META Stock’s $130B AI Buildout Your Ticket to an 8.7% Yield?,https://news.google.com/rss/articles/CBMimAFBVV95cUxOSnJkZnpyTm1EQWNDV0xXbjhHSDRSREJwelZUcGY3dFB2amNGYXBLc216ZG9UeVV5eDZwOVN4UWFiX08yLXdZSFgyZHRsaGFEeVFDYU5ISGY4Q095YnFLTFFzaWRIaEswcmNRV0d4cFktWVQyWXVvOFRKOXJBZVVLNTA4ajhnNTY4X1Z2WEdoSXFYRFg4MGlseQ?oc=5
2026-09-14 03:00,Yahoo Finance,finance.yahoo.com,"Meta Platforms Insider Sold Shares Worth $13,005,575, According to a Recent SEC Filing",https://news.google.com/rss/articles/CBMioAFBVV95cUxQMzlmS19HdldROVM5cUNBcnl0VVhBS2w1Y1RxbW03ZEFqaW9fN1QxbUR2R3NKWUo1dFAwUWVsY2k0Vzl2VUVhNlQzbEwxS1NnNHNBa0dVR0ZDUHRwMnZvNUJSZFh5UGVubVdCekdNWnVsRXYyRU1mN1ZGNVNSRE9OVmhOMElDaExveFl1NHRLOHdyb3dzZFlZcFNFeWtXSlB2?oc=5
2026-09-14 03:00,Yahoo Finance,finance.yahoo.com,Prediction: Meta Stock Has More Upside Than Its Valuation Suggests,https://news.google.com/rss/articles/CBMinwFBVV95cUxPSVF5bW9zeFN1RGpUd1BJWXZERG40aGdGcHg4bUp1dkNNbk9NUjFGdTB6M1NyUnZ5dzc4NFVSaG1zdmRsNXhaUkhmTmJZT205aFVKVXFzb3lNTEE1MTVmelVpeDIzVEEzLVRFanh4cG4zbkxiRjFvMHZJZVM2Ymx5bnpSbHhRX3VHVjlXOHBhQWhyWVdEM2VBVURfb3dUZjg?oc=5
2026-09-15 03:00,Yahoo Finance,finance.yahoo.com,META Stock Alert: What to Know as Meta Platforms Plans Expanded Use of Proprietary Chips,https://news.google.com/rss/articles/CBMilAFBVV95cUxPNVR3SjNHOHkweF96SW15RFNzaGpyRmVPYm53aEtYME1wNmp1NmxySlJxLVpHSVh0QjlVU1NyYml1U3FHTlNBd3hXYTZPU3FEcHprTC1rZUNPY0NzZGZXbXJaRnFONG82TFJPUThkVC1UMmd4QzNBTkozd1hGMlZWYkxDcUptNjM4bmV0Q3NlYmNQUTVJ?oc=5
2026-09-15 03:00,Yahoo Finance,finance.yahoo.com,"Meta Platforms (META) Shares Just Moved, So What Is Going On?",https://news.google.com/rss/articles/CBMinAFBVV95cUxPT1RBa1JOSHctY2dLU1Y4aWpoVDFjalpwU29RRVlWTXp5dk5uUkcweXJPaG9ZVXZiWGtxaFF5ZWNqNWktekhidm9sWEhheFA1dVBOSTFsSVZYSVNGQjhhUy1EMW9qQWFHZU9rOW5UZUxtRzhPeXhIWnJDdGd2VHNiQ2VaX2REZGUzUVlJM0dzendMYW1IS1JPUGk3ajI?oc=5
2026-09-15 03:00,Yahoo Finance,finance.yahoo.com,"Meta Platforms Inc. (META) Stock Could Surge as AI Monetization Gains Momentum, Says JPMorgan",https://news.google.com/rss/articles/CBMimAFBVV95cUxPRnh3WGwzeDdMbHFIY1lQM3BQVmxfZ0lMa1RCQm1ZRmJjVFBVeElKdzNxODl2YlRmNzlMQWdNVmFMZWFNU1hXZFp5WlJNak9OZmxsbU91UDRuWWRDWnBiRjhodm1aTXZ1VnB5YjdZZnJuQ3U3dFF1Q3Z2cUR4WGh6U0hINGlaWE8zMkR6S3dMZ08tbUZoamVXaQ?oc=5
2026-09-15 03:00,Yahoo Finance,finance.yahoo.com,Meta stock rises on cost-saving AI chip deployment plans,https://news.google.com/rss/articles/CBMimAFBVV95cUxQekZDNi1qWXlMREdlLS1TdjlfWkFYYWFlSmxCMEVRcVlwOVM3SmdISWRMVGtmLVYtTXpJT0xoTE56TTJlUGlNQ2xYV1pud1dtQ3RySFNRRlhtaXRQeFZONUc4Q01mZExidVc0b1ZiZ2VxcTZuUVUwVHFIbXZRODNmdWNucVIwTWxDSjZEMFBURUFhY1JIMEhKUQ?oc=5
2026-09-15 03:00,Yahoo Finance,finance.yahoo.com,"Reddit Drops 4% Despite User Growth; Meta Platforms Holds Steady, Snap Rises 1%",https://news.google.com/rss/articles/CBMilwFBVV95cUxQeVJKZ3hlWWI5Q3VGS0hOcUxvMnVST1I5ei1aYUEzazg5enJGZlJnaGFhQkxiMUdVWnRuWnlGOUJWcVBWbElSTnRwaHRFUjQ3TGE0MVdHSklIbnB0ZXFGT3F3bTlHbzk0TVVwS0pVelZXM3prSGZIODVFTEVDdDVmckloQVFKNWZISVhPY1JkSmppQmEwbzI0?oc=5
2026-09-15 13:36,Benzinga,benzinga.com,What's Going On With Meta Platforms Stock Tuesday? - Meta Platforms (NASDAQ:META),https://news.google.com/rss/articles/CBMiqwFBVV95cUxOV0Rnb3JnaDFNOHBYbkRXbW9FSVlTUF9ka09Ed19ualZrRi1FYlAzYjFFbGRlMk5hTmNlSkcydUU4WU5xNEhFemp3OURvMjhzZW5GY0FFQjBQdDdZZVplNlhpMjlYamxEaHU2ZFFYQlNfcE5SUG5qT2pHVUtQTFpIWXVzdU5sT1hfeW0tQTdZcmhleVowak8zZ1pPUUhPOVhRZ0RHb2pZc28zbmc?oc=5
2026-09-16 03:00,Benzinga,benzinga.com,Why Is Meta Platforms Stock Gaining Wednesday?,https://news.google.com/rss/articles/CBMinwFBVV95cUxOX2VKYjhLeUlmT2tjTTFYQ3NmTFNRTzN0YmdtSkRKcm5TZEMxdWlnNVZQN01oYUlOVDJlSEhZaVV3SHc4V0JsT1BHcDBISGVIMmRsUWdUWTl2REQzck5rOWJtRlF3OXFwZjEwTlhyRk1Wb01PWmEwVHAwaDdIcEhZdnUyWlZmUHlNZkdRaFJwZHdSczEwY1dybS01NzFrZTQ?oc=5
2026-09-16 03:00,Investing.com,investing.com,Meta Platforms COO Javier Olivan sells $1.04 million in stock,https://news.google.com/rss/articles/CBMiwgFBVV95cUxNNC1OOFRnOG1QaHhCS2tEaW5tSk9Sd3EzT1RDUzB5QkM2WjNudk8xZTJmVVQ2WW5VWXdEVXNWM0ZJTWNicml5N2o1Q1c0VEhZclJfSGExeE1VeWJJb3ptQ2tsdEVqdWFtNHJOOXItdEFnSDctYkt1MHlYZGtaMWlaOUR1dnZjVGFOQnhEOVdpdW14N25NczZrNjJRVjdmN0ZLZ1dVQUxXMkVFOHQyODhLUXF1bjhfeDFzZTl0RGJSMGt2UQ?oc=5
2026-09-16 03:00,Investing.com,investing.com,"Rosenblatt reiterates Buy on Meta stock, cites subscription growth",https://news.google.com/rss/articles/CBMiwwFBVV95cUxOSkRPakRQZVc4RXczVmNOaXZkLXhWalFreG9vWjdTUVgyMWJ3dU5kS2VOM0R6elNqS0owY2VYZmJQZTNMQXVJYlhza3lqdXJwaEFNR0g3MDZCQkJ6Q29IT1RScFVoaVdERF8zZnQ5dkpnSjlTR3I3aGdXVFNaa0pIZ3piYlNReXFIVXJBODNfLWJxZFZUTFYzZnotcjREbkw4Z0lRZmdkY0pYaWhldkd3dzlBNXp0NGNxcWx1SXVablEybTA?oc=5
2026-09-16 03:00,The Motley Fool,fool.com,Bill Ackman’s Pershing Square Capital Management Sold Alphabet and Bought These 2 Beaten-Down Stocks,https://news.google.com/rss/articles/CBMiywFBVV95cUxPQTlDd2tUQlY1R1BZdjVVQ2Q0d0xJazVMNTNUTk1laHlGOFY3TlI4bVB5QUI3MVpTdkUxblBaVEktUDdvQ3p2WnFpb2F2ZmkyTHpLS1ByaUhpM280TTltM2hRTXZMMWFTOXpRZzhBRUpHUldyNzZFSWMyeVllRGZSeVRDbHoxTEFLbHdLRkNKUnlJM3NVUDg2blRJTGdiZGx0YUlFSUZnYlNPbkNodWVXRno3QUZmdmtFbV9oSUNDZ09nYldlMDk0S3BzUQ?oc=5
2026-09-16 03:00,Yahoo Finance,finance.yahoo.com,Citi Sees Bigger Opportunity Ahead for Meta Stock,https://news.google.com/rss/articles/CBMioAFBVV95cUxOWDJQUnRna2dJcGZYbE1ZaFFRQjRTX3hyYk1oMGk1QXB0a201YmRacm12bmtDbnlDcE1jY05LZ0FlLXRyQ3RPWGtfeXY1Qm9wZ1lNNDZuTmlNcC1nNnRBQmhXWGEzTzhZeUFuaWVUTVIwY01raDJOdUdVT3hlMzJoTmpuSkhSUGFJT3lZdk5TVEJuX3p0UHJWejFRdG54aDAt?oc=5
2026-09-17 03:00,Investing.com,investing.com,Meta platforms CPO Christopher Cox sells $13.5 million in shares,https://news.google.com/rss/articles/CBMixgFBVV95cUxQdHNtTml4ZjRCQl9obVZXOHlLc0Jrd01fd0I3eEc1Vkl6cWx2VUZCVnl0TXlLS3VIX0NnWElncWc1UDNPXzFUSFYwZV9EUGRHazlJc295aUR2ZlNBalMwX2ZyaVMwbV9ibE94Y251X3BUV1JncE1ETXZOUXlRWHZPcFVDRjJKSzRYNUI5N2dRUlRtWmZrTEp4NkpEOGJqVGtDNC0xdGJrN0l6VGlhd2tmSmtVYTY0VzlfRGs2S083QlNnRXlpbmc?oc=5
2026-09-17 03:00,Seeking Alpha,seekingalpha.com,Meta Platforms: Get In Before September 23 (NASDAQ:META),https://news.google.com/rss/articles/CBMiigFBVV95cUxNUFNPdkhsR0NXTG5XeHdzbXNmbWh1dUZkX3FxZThLbDkzTmhzZF91a25FYlllZk9ZekJnUUdDRmJHZTZ2LWdWZ2FCODRKM2oyS2JvT3BhUi1sT1hYMFpZOU9nX0N2VUE5QXdVR2tTSmFvYlNqSlBqeHZOZzktc1RqbHMzLUNrVTR0OFE?oc=5
2026-09-17 03:00,Yahoo Finance,finance.yahoo.com,"As Meta Launches New Meta One Subscription, Here’s How You Should Play META Stock",https://news.google.com/rss/articles/CBMiogFBVV95cUxPbDNkenhOcTJGYVJKSWRaWWhzMUNjRS1CS1pRVlItcjJRcFlEM3NjdmpaRW4walNnRlFoRlQxcHJvVTJFaV9ScTFEd0dsTGoteHN3LVViZHkzTUx4RVNFNWx6N3E2Y0ZPcUNCU29rNXlsTUtZNHVxVHNmNlRSeXpLdnA4Y3ZCSlFMUndBZTBjT0pHNURJZnFSQ1BtR1lvV2lNX2c?oc=5
2026-09-17 03:00,Yahoo Finance,finance.yahoo.com,"Meta Platforms Insider Sold Shares Worth $1,035,925, According to a Recent SEC Filing",https://news.google.com/rss/articles/CBMioAFBVV95cUxOMEM5cnNrN1NLWWFHaUJSeUFXYlBHTHdPYm5pQWZTMWpEVjN6c3lBeUFHWHhlSUl0S0gybzdyNEpQd0RxN09yMHdrTFlpQVFUQ1Z2b3BJdzZNT0dOVkIyMWxmQS1xTk5FZHhSUHpCb1R3Qnh2SWZxaVNuamNpTXNid3N2UXB4eEtSSmRkT3lqYW0yamVBaWQ3ZzhGSmtSU21K?oc=5
2026-09-17 03:00,Yahoo Finance,finance.yahoo.com,Why Meta Platforms (META) Outpaced the Stock Market Today,https://news.google.com/rss/articles/CBMingFBVV95cUxOZFYwM05zZ0hacG53OTNxTmhaZlEwZVhNam5tdS1uSHZSMUVYQkYzV2ZHd0ViTnBLR3FMZHhIV24ydnVKQkI4YlNwaXY2UjhpZ3hqaHBxbGRpeXBRVGFQN2g0U2t1RkFXWTZWTU1rR29ialppOVU4bS1nY1M4aEtsY21ncnhpSTVGUFhyU25QQmxlYVIwUXJ2LWZ2SnRJZw?oc=5
2026-09-17 17:27,Yahoo Finance,finance.yahoo.com,Meta shares holiday 2026 planning guides,https://news.google.com/rss/articles/CBMiowFBVV95cUxNdlZWWDB4c0xBaFdxa0hFeGFSd0lOZGotMS1WdFZhLWdjaGVxQXhzeUhhSzdENWhhTWl1T3M5RFo3aW0xUzNrZWUyQnd4alRhSXpPclE5QzZkVmhMVjdBa3JfajJjRmUzbTRsSm0xOXZpN2ViMVZIQ0Q5dWo0UjBFZE55SHJfbkJVSklrTEZyWTMxaXp3LTF4UWtGT1l0YVZGTXhj?oc=5
2026-09-18 03:00,The Motley Fool,fool.com,"Step Aside, Nvidia: 1 Reason Why Meta Platforms Could Be the Best AI Stock to Buy in 2026.",https://news.google.com/rss/articles/CBMikAFBVV95cUxQclFWZi12aDJNLS1HWGplbEY5RUVhckVSR2JKeXczRUQwRldwOWxtSVN4OEFmZ0E0cFh4ZW1fSWFYMHRZa2Vma0RrYkpPU0VtUGNhcjV4S3J2d1VRYWFIRDdnYW1vNGlyRDBxSHR5UUhzQUFTYTg1aVJUM0JNOW91cVNvX1dwYm90ekxSZTBFVmY?oc=5
2026-09-18 03:00,Yahoo Finance,finance.yahoo.com,Meta Faces French Smart-Glasses Scrutiny as Partnership Holds 76% of Global Market,https://news.google.com/rss/articles/CBMilwFBVV95cUxQd3E2UUdqZkFiWXFCMHFyMUxkSjdaZ3VYb3ByWm9nTXItVUpwdXRfN09hTWdtUWltZ0FBWHFaMmZ5UC1LdE1HUEUzUTdmbzg5MmpIUHlDXzVCc0hWSDhaWGk4ZWQtcFNVWmNaRkwzWkxsNGxodTE5aWRiQjdjcEQ4eHhTeE5BVWoyS1JvRF9ZWnM4ajlNbWU4?oc=5
2026-09-18 03:00,Yahoo Finance,finance.yahoo.com,Meta Platforms Has a Secret Weapon No One Is Talking About,https://news.google.com/rss/articles/CBMinAFBVV95cUxOUklxeGJ0V0gtRkhIM1ZWeng0aUdzSlJDOTBLR0kzWWlMbjc0bzltQ1l5RTVMQ2FKTUNvejN0VGl4bFI4cDNEcC1VYjctNWhGbnNHaEV3ck9DV1VYWjdCOWhuTjFnQWpjcVF4QVNodVlBRVAxd29KVHpreHVIVTB6dnFia0NKVWVSMFVKWDlsWk5TQXpJSVhoRDhuR28?oc=5
2026-09-18 03:00,Yahoo Finance,finance.yahoo.com,"Meta Platforms Just Ripped 23% in a Month: Take Profits, or Buy More?",https://news.google.com/rss/articles/CBMimgFBVV95cUxOQkszVlRLekRod0E5T2tDRVd3ejVPS2hmdGtzUS0tRnlEQXMwZ2tUMzh5TW5RaExNb3NrUVNmbFYySC1aLWZXaE1oUjRfTUc0WFlRZFlsSTBoeGJ3MFRCT0VCOF9pUXozd3Zpdml2VGdWWHVNSE1GcHhQa2NPWmZxRTFubGpGN2pJTnBMa0E2YVRyQWh1ZTU3UFRn?oc=5
2026-09-18 03:56,Yahoo Finance,finance.yahoo.com,"Meta Platforms Insider Sold Shares Worth $13,504,556, According to a Recent SEC Filing",https://news.google.com/rss/articles/CBMioAFBVV95cUxPNERWUjdOc1Z6T1dXM2JXdWZhbXp6bmtuZU96c1hidkgtYWRUS1NjVXNxMjZmQjJ1bXJSOUdvbnVPOHUySFNwRm9CRmtJeGw2ckgyc3ZaV0RUalQ5cUt6dTFjdWZiT0k4aHdRTUtxenlsWDFZZ3R5MkpJMlZLUlo4clVNR09xTUl0alZ3ZlZuSmdjanVTSEJDUHN4aUM5WlRJ?oc=5
2026-09-18 11:54,TheStreet,thestreet.com,Goldman Sachs analyst issues new Meta stock forecast,https://news.google.com/rss/articles/CBMinAFBVV95cUxOeldrSjhiYjJiZVhHYXdVQ2d2Ny1oYndPSEZwWUxDYW1DajVXWW1qRl9HMUJ1STFqR28tMTU1QXpQUHZVTnJodTA0NDY1Z3RzQ0NteFNRY1V2aTd6UjlXWmhvelEzWno5eXo5VGxSZUxVOUlQaFVqdlZ5TTRVUWNBSFhnNDhmNThWSVYtYUctLTlfTktRYUlxdkliWDU?oc=5
2026-09-19 09:17,TheStreet,thestreet.com,Meta stock delivers a bold case for a $900 target,https://news.google.com/rss/articles/CBMiggFBVV95cUxQSGg0Zy1hY2lRT2cwZUVPOWFLVDJja0N0SXZJNkY5a2Z2UmR1V1hoNmd3ZEVyTjdxNW5pdmtPSmhWUnd1UVJsWTVNWFM5NVViOGl1LTJnZXhFQTFHQ2FEejJsNTZyNlYtNGU2dDhfNlNPTDlJS1F6RkxRUmdQbElRVUJR?oc=5
2026-09-20 07:15,Yahoo Finance,finance.yahoo.com,"Dear Meta Platforms Stock Fans, Mark Your Calendars for Sept. 23",https://news.google.com/rss/articles/CBMimgFBVV95cUxNS3haZXFqdkhza2tOT3M1azc5bkFqQTdyTDlCMzVHOEdKQ0N5c3NkV0sydzRMcGJkQnhBSXpPTWdSSzZYTF9nVTJDcFYyZXN3T0lxT1dQbUdZYXBjdnVxaXllT0pDTmZTY25BaEdQSHVUZmJnTXFZa1c4emlkV3hQMVZldlg0QUJwRG5BdjExSnRpQjNUQ2prYVZ3?oc=5
2026-09-20 09:00,Yahoo Finance,finance.yahoo.com,Meta’s New AI Agent Could Be the Missing Piece for META Stock,https://news.google.com/rss/articles/CBMilgFBVV95cUxOamlsdVRyMnFnak1iWjZhZnA2X0p4M0NnUmdPaXNWQ0duS1ljOU5VbVNnSmVacll3NVdMX2lwYVhvYWNBY3Fxb2FhM1lHemVMR1RVcXV6V184MjFPY0lxSVhTMENCYkV6blNoR1hqeUx6VUNpOGEyTHFRakNJWURGMUhSUGJUejJ5YXVRVENiTXJ6V3pES3c?oc=5
2026-09-20 14:03,The Motley Fool,fool.com,Billionaire Bill Ackman Dumps Alphabet and Loads Up On a Mega-Cap Stock Down 15% From Its Peak,https://news.google.com/rss/articles/CBMilwFBVV95cUxOU2N1Q3NsSm0yTzlHT1d1bDljbXFWR3g1cDYxZWFneXlCOExqa09KRHVVa0ExX2s5aDdrQ1hJVDR4a1NSMnlrcWN3MzZaWG1QOG1UNGhkQlVvYTMwel9zOGlFSGFPdndOQUl0TFAtd3ZsS0pRNlpXWjF0ZE0tTWhpS1JLSW95R2Z5bGRQR1lCeEJMZWZqUTg0?oc=5
2026-09-20 22:51,Seeking Alpha,seekingalpha.com,Meta: Poised For Strong Long-Term Growth,https://news.google.com/rss/articles/CBMihwFBVV95cUxPRi00ajZ2eDVpaUhGbjNyUy1zUGlGYjRJQ1JkVHp6LTNfUW9FT2JHdEdyY1UyOERMM1pLQ3JhWGdxVkFrc0tnRldIYnRlYmVuN2M5eFlIdmlCR1FQTTJwUVFEZ25XSW9XMWtkZF8ybUNJNDRBTDJTNzV1a3pidjJiVGZiRHlKclU?oc=5
2026-09-21 07:16,Investing.com,investing.com,Wells Fargo raises Meta stock price target to $796 on AI progress,https://news.google.com/rss/articles/CBMiwgFBVV95cUxPMURpaHZWcHI3YVpiUTNhc3M0RVg3bU1QUFlVUFp2enQ4RUhVVVNMOEhaZWNNQVNWdzRxaDI4eVZqZVRyNGhOaDJYSG43OHdKNHh5NWtGbGE3b3p1b0N0a0tXaFF2Uklvc3ZyU3VZR3FnSnlEVk82cjVmWGtpX0xhRUZ1SEJKbGNoREVfQ0xDRVBScjlIRTlTVDJjbldSQzJlZGIxQXpsb3psRlRMWThFNHNCVFhkWXFzdDVuYXZmbklKUQ?oc=5
2026-09-21 10:58,Benzinga,benzinga.com,Meta Stock Is Surging: What's Happening Today?,https://news.google.com/rss/articles/CBMipwFBVV95cUxNa2wtRW5PV3dNTnM5YzhpemwySWwzekVXVGYyb1hhRHozWXd4aHFwU0tLcUF1ZVFkR1c2YnhiUVpIT2oxcExTekM0UzFkRzM1TUxHUDF5S3NrRFppTW1iNHRvSjhGcHBoUHFmRFlzNm5HNndMN0k1cTl3YTBRUE01dkdXdlBCQmhUZmtVb0xOZjZKNGx4S1J4UVhfeTdUdjJCNHZSbGJSNA?oc=5
2026-09-21 12:30,The Motley Fool,fool.com,Why Meta Platforms Stock Skyrocketed Today,https://news.google.com/rss/articles/CBMijgFBVV95cUxQdS1ROWZPNXVURnpCRlBnZXlCWWNRa0Y4RlllWWZvRzRWQ044T0RfOFhRV3NrYUlCZ0NpTmpWcjl0MndPMGd2U2ZOOUlLT3l2cVdMZ0FuaUhpSmE2ejAwM3BBYlR6ZVNBT2pqTm5zN2xocnhkM0JDYlRsdmhLa3Q3Ukx1MllZQzROcDRNZ1Rn?oc=5
2026-09-21 14:26,Yahoo Finance,finance.yahoo.com,Meta Stock Jumps as Wells Fargo Underwrites the AI Story,https://news.google.com/rss/articles/CBMilwFBVV95cUxOR25yWUJKX0VOYmJYTDlGQ1cwMXVoY0pfTVdNZEthY3hISGlmSHJLUTZEYVVMdEJUSHJEMXUyUWh6Y2ZzbzE2ZFhEak9CT1JaeXBqTXFpbDhYRzhidGh6OFYxcHNscVFjQmJFQm9udWhuUWtRRFc3bnhaWTg1bUEyRGNDMjZvQ1QzeGJrMGszbmlRdHNFM2lV?oc=5
2026-09-21 15:52,Yahoo Finance,finance.yahoo.com,Meta stock jumps as Wells Fargo raises price target,https://news.google.com/rss/articles/CBMigAFBVV95cUxQLWtPX3IxYlpidnpXUjBacnpza2YwMXhGTzRDNHJlSHdWcVU1Qy1haTRERjIyUk9Kb015b3ZaQUNvb2liSGkxUjdpR1NwamRJTlZ5NGg4b2hwbEhzMWVQTkRlOWNhbmF6THZOWnpudEVZa1IyMmZmY0NCUE0zcFJHNA?oc=5
2026-09-21 16:11,Yahoo Finance,finance.yahoo.com,"Meta stock soars 11% on price target increase, Muse AI downloads",https://news.google.com/rss/articles/CBMivwFBVV95cUxPU3JRd2ozbzl0VjdQODBPQlY0T3NVZWR1ZHdOc3NPaU4ybERnX2czVmwzc1dRQnYyUFR1b2NSN0M5Z1ZOdlRUWjYzNzhXUmFkemFqV1RlTkptSnNVX2JiNlZMOG5CY0paUnhrZkpldWZhcWphSHJZcmJaUTFJWFE1LUFoYlJXTmkteVpEMjY2VmxlanVyN2ZpQTVFVlBpSUdRTmxIVEd2MWd6ajl0V1B2VERDMzBjSklMcTBfZFFDaw?oc=5
2026-09-21 19:07,Zacks,zacks.com,Should Investors Chase the AI-Fueled Rally in AMD or META Stock?,https://news.google.com/rss/articles/CBMipwFBVV95cUxNbVhLMDh1OUYtOGI0Rkl2V0kzYkRQMG5sMjdfM2V1OUtjV1gteVdLUVl5NTRzWDdlQ3VXS2ptelN6dU1xdEVyelBsekNFTEdEWElGMV91M3NhMmZlbkE2Z0lPOGd0N1huNjB0RzBPREJsV3Z6Ml8tNTRMWC04U0ZZLVY5cGZOdmZPTnlwVjVEdzk3R0ljUWNJOXg1WWtvS3dRVjdoY3FKSQ?oc=5
2026-09-22 01:30,The Motley Fool,fool.com,Meta Stock Is Still Too Cheap,https://news.google.com/rss/articles/CBMifEFVX3lxTE1ZVkZ2NnN6V0hpckRaOExBRzJkaDUtSEhKNktjU1ctWU1CT2FfWTlwNjlTT0NCSllHOEhIdTBKOC1DZTRfTTZyNWpoZ08xQVowa0hrajRCNC1tWkdTNXlWc3JwenhOQjc0b1l0SmRPc0lldUowVzNXb0h6eU0?oc=5
2026-09-22 08:02,MarketWatch,marketwatch.com,Meta’s stock is enjoying its best month in 13 years thanks to the company’s hot new AI assistant,https://news.google.com/rss/articles/CBMi4gFBVV95cUxObFNROG1MUU1jdTRjSlBPRXBSWWJBbDhadmdWcFVYa1F2dDd1VWV4NkRnX1YyaUEzLXFNWEtlNm1EMmNlU1BmbmJwaDhsN1BjZXVRNzA1Z3lCSUZxa01qcXR2TTc0T2p4alVySWdFQWMxa0dpNldkd0ZTM1dDbVFUbXoxLVdocTUzRzluYlROMUtsUUxLNzZTMVdSUjBnSTY1VXlScDBCSEdqVk05U2E3TWNwQlBUZGVfT1pVT0tfVnl2MnNjQUpaWlBjekd0aVFXcURaN1Y4bmpqN1lHM2lDRkhR?oc=5
2026-09-22 09:06,Yahoo Finance,finance.yahoo.com,Meta Stock Soars After Jaw-Dropping Price Target Hike on AI Products,https://news.google.com/rss/articles/CBMimAFBVV95cUxNVUZWUnhNcmJ2Y0RaVm05N2xvYW8tczhPa0FSWVdWRkk3Rlhja05Fb2RRa2hVQzJGVDlYUHVCd1NiUE0xOVp3WGhLYlliQ2NoMDRlbkY5X0NUY3VRakVBOHpIYmh3cmZlU0F4ZjlyMmo5VXBBRzVJUU1oTXR1Z0pPMjFTQl82U094dWthbEwzOS0xQWtTWjUtbA?oc=5
2026-09-22 10:18,Investor's Business Daily,investors.com,Meta Stock Scores Price Target Hike. Analyst Says Muse 'Flips The Narrative' On AI Concerns.,https://news.google.com/rss/articles/CBMidkFVX3lxTE82dUJvWGYyRm8yazVQOWVLWTYxTnJqbTZCbTE5QVBFOFNibjNIcmgtT3VaZGFVUWFSNE0yNlZ4VnVUTTlkOXdhaEdRVmUyRmVRQkJzaldnU0xOeGp5UjhYRUljdGVSTFBEYXhiMEh0Wl9XV3I4Tmc?oc=5
2026-09-22 11:03,Yahoo Finance,finance.yahoo.com,Why Muse just added billions to Meta's market cap,https://news.google.com/rss/articles/CBMisgFBVV95cUxPYTZSRWtPanNkZG1Ya1JSWmxUZ0JlTTMxTVVENklNRDhyUVR1TlNpelBiRHFkakExNTdZemYzaUI1bWpDRmZ3Wml4dWg0b3d5WUJkWWYtZXFzMjNhVFFWRVJaM2o1U1lkM1VVdUJEWk1VMGhLbUVxbS15QWdPZzZ4a1BsempmbU1QcEdDWGdGbjNLbXdESXVkeG5kRmZOOEU5X1Vad05LdVFINWJ2SHhna0Rn?oc=5
2026-09-22 11:37,Yahoo Finance,finance.yahoo.com,Mizuho Sends Bullish Message on Meta Stock as Muse Hits No. 1,https://news.google.com/rss/articles/CBMikgFBVV95cUxOaVQtSWtKS3Z2SmZ1YldwR2RkbVBrU0F6Q3ZrTnlWb0lWS014ZmJYcEZLeTJWal9HMnNFUTdQTnpJTFhFUTFVZHk4OWVQcUtPZWxyTWZBRnltRlVvOUlqUlBrSTVJT095WWgtcHFFQnhLRTM5Qng2WmJVQVNkbDRlNlZjQUFvRDRDbUttWnNYNEx5dw?oc=5
2026-09-22 13:17,CNBC,cnbc.com,Investors discounted Mark Zuckerberg and Meta and now look at it: Yorkville Ives' Dan Ives,https://news.google.com/rss/articles/CBMiywFBVV95cUxNU043aENHRTM5T2ZJd3haY1hSVHRxWHBIOGZOLXlsTE9aMktnUTQyVFZTdGFNMU1GclJyOG8tZ2VtXzVMUkVCNTJpRUxnSmg4VHFidms2MTlfQWZranA5c0FNYmp4dXpnN1FiS1NrWGFlWkplRExET2FKamNaNGZRY2lidXdrT3VVZTFFMnlvbzk5MF9RNEx0Qjk3VkRPVDJFaGdLV0liZFdySTJqa2dQdkhEZF9LQWZNOG54S29fdS15TDRlY08tU2U1RQ?oc=5
2026-09-22 20:14,TheStreet,thestreet.com,Bank of America backs Meta stock after Muse surprise,https://news.google.com/rss/articles/CBMimwFBVV95cUxOVk84YnRzUTdvZGw3Snh2c29LZ1ExUDFhXzlNcW1SY2QyNnEtLXB0VnRseU9rbFBtc0RCV0x4Z3VqMGl4b1RFSXNWUFl6bXRDZ1JKUVliTi10UFR4RHJTLWxTNEd4R0xWdkxpRVJGSFc2TXc1eEdUSUNmcm16b0RSVzVXSi1xWVVyaGJNM1V4NW1FNXlFWEp6b0ZNcw?oc=5
2026-09-23 05:50,Business Insider,businessinsider.com,"Meta's Muse AI agent is reshuffling winners and losers across markets, from chipmakers to brokers",https://news.google.com/rss/articles/CBMipwFBVV95cUxNa3FETkNEamY3eFhwRV9wU3c0VGNLckNUY2FuMVpFUE9iTEdIbnFVdUtMTEhDVWRqMGZlemRFZ3M1cEkwQUg3RTMxNXZXUW1OVjA4aWtpY3BYcGItU3JDeHRpYVFPeVZ5WmFLQjVhMGxIM19EN0doaVFiNF9weVdUVlRMcVJ6VEZ1NUR4MllIWEVKZWJJa2R5SVdPTWthMnJXNHo0YWhDdw?oc=5
2026-09-23 07:30,Yahoo Finance,finance.yahoo.com,"Mark Zuckerberg Adds $27 Billion to Net Worth Monday, More Than Rest of Top 10 Combined",https://news.google.com/rss/articles/CBMinAFBVV95cUxONTd3YW5JV3RSMElrc1hpT0U1c1l0ZXlncEZ4N3VwOUZlZmNzaHZidW81SVkyMS10X2dhTEM5b2xObFBzN2JhT3lzUmNTMXdnVjRfakhRZlcxbGVmdE5lX0dKTndNNHVreUctc09ZWGVYbFc2bGZMWGxFUnFRSVBiN1hLNi1aTVlEenBqU0pRM3ZvYkQzLVcxVVFCSkg?oc=5
2026-09-23 10:57,Forbes,forbes.com,Meta Stock Added $200 Billion But Its New AI May Not Scale,https://news.google.com/rss/articles/CBMiqwFBVV95cUxPaWtvNTZoQm9kM2doVkNuSVpFV0xxbmpZQnZMNV92UHpYcVVYLUlwRGxHc1JfMG43dnZhYXotT2NMWWVuUFdtWGszdWVJZDhmNlo4UERLYlBScUl5THdwc2xZQXdGOHRqWTkxS2w5RU8wUW41aGJsVTd1MWx0TzJhcmRmX1lmamlna3RnTTZTb1JKdnI0RDRGc3VOcDFfWmx3U1FGWVpZd1VDMHc?oc=5
2026-09-23 14:04,Benzinga,benzinga.com,Meta Platforms: 4 Reasons Why This Analyst Is Bullish On Muse,https://news.google.com/rss/articles/CBMi0AFBVV95cUxPUmpHakRyZGQzTDNqcHlTTHlhbFo0YUR2UlM0eVNpMS16S2VST3NYN0tYU0hWMlNqVXJYZmoxQmVlTkRmeWhLcWEzNFNiOXR1bjQyVk51V1dzRjJRSGJYbFQwcDNMOGItWnJSUEdYSjhXVXBrVmZUeEpNYjh1ZGgtXzJVbHBCS0FoM3RxTFBQZjdIZEZRY2ZKeFJzaXlGQUloMUdsYV85NUZqOFpMcFczNGkxd0p0bTNfVmdpeml5aHRoR2h3YkJ6NUVrSFNDUFRs?oc=5
2026-09-23 15:32,Investor's Business Daily,investors.com,Meta Rallies Into Connect Conference. Why The Muse AI Agent Is Sending Some Stocks Lower.,https://news.google.com/rss/articles/CBMihwFBVV95cUxPNldHSHlZUjQ3STV3YU5VOEdjMnoxdnBfdWxlRndTc3E5cDcxZldXWmhVOFI0X1dYN0lZVVF1MTlwMnNqNEo0ZmhCX3dHU3d1enpuZmJzUWpoTk1rLUl6d05NaGRidXE1MXNwUWZib2lHdVExb1VPUGdrNllIdmx5STR6UkRLd2M?oc=5
2026-09-23 15:45,Benzinga,benzinga.com,Why Dan Ives Thinks Meta’s Muse Is ‘A Game Changer’ - Meta Platforms (NASDAQ:META),https://news.google.com/rss/articles/CBMi3gFBVV95cUxNdnFBV1dFT2dDZS1yTk5naFJDaWpSc3h0REUxMVlDTWVuNUFGdEFyYXdJUFhQb3lXakcxTWNwV1E0eEhwS2Rpd1pjMTg4ZkJZQktJRmw4TFRLMlI3UkpranllVl9TZ2lveFl1a0dwaGd6c0NIT2s1ZHdleUtTZFBRb0VrcnFySnJZTkgwTUlVdFp1NTFORFpfRnp4dklMSTA3dHJfQVUtQUh4NDQycXE5NVhScU5rY0FiRVI4QklFZ2NFb0JvakVpTXo4cjdxSlVsNkNqNHhkbF9xbXg2VVE?oc=5
2026-09-23 16:18,The Motley Fool,fool.com,Meta's Muse AI Agent Sees Fastest Adoption Since ChatGPT. Time to Buy Meta Stock?,https://news.google.com/rss/articles/CBMivwFBVV95cUxNRUtibFh5YVRvdElVWV9OVTRQOW1OUHppM1FseXpCRHVXbW9LRHNFS2NxTnFYaEJ1bjlSQmt6M09Xak5rLTh1eEpSZW44U0dqamZMeTJvdnBsOTBOUUtrcjVRN04tc0ZtSFhWcEIyaWtHeEFvTlFFcVR5MmMxUFJjVUR0b1BCaDhwUzFqNEhmWWZJMnk4ZmNjZnQ3OTdwXy1wcm5RS0Zic3lTMjB1d1hISGt5WmVlYW4xWkFjTlVDOA?oc=5
2026-09-23 16:25,Investor's Business Daily,investors.com,"Stock Market Today: Small Caps, Gold Miners Spanked Amid Sell-Off; Meta Makes A Bullish Move",https://news.google.com/rss/articles/CBMirAFBVV95cUxPQ1FiOVdEVEtTNHJ0OE1RQm5wXzJrbkg4cloxSmtreGtnR3Q3WlNNS1ZidDZwWjItSENaWXJpSDl1b3MySjVqUE9oTUxSd0lMY0ZxMDNiVGZtN3I2c2x5dzJvQ0NJdllKbjZva2VZQlpvV0hpb1JBbWxJVTdIclFLd2c5UE5UdUtBVHdQVklnWndnaVk0NmxYYkpSTG1NOXpWNG9yZDN2NDVLcjNC?oc=5
2026-09-24 08:00,Yahoo Finance,finance.yahoo.com,"Mark Zuckerberg Buying PayPal Could Save Meta '5-10 Years' in Super-App Race Against Elon Musk, Says Hedge Fund Manager",https://news.google.com/rss/articles/CBMiogFBVV95cUxOclhHMHFJcGFyLU9GcC00bFR0aHFtVmdTbUNMZWc0ODVVd1Rwb3RTa0ZOWkpiNWJJdk5tMVcwcl84MXhhNTBYR0ZzQ2RxOE8tOXNpN2RXaFZTWVhBWEhXUkhxWXZvcUd3b0k1TmF5eEo4Z2cwcnpfWUpzOGZYVFRPZjU3NXMyU2FaU0RrNVJ4aFhhcTdFNmhwY2hRTHl6RGItQmc?oc=5
2026-09-24 08:45,Yahoo Finance,finance.yahoo.com,Veteran Analyst Resets Meta Stock Price Target For 2027,https://news.google.com/rss/articles/CBMingFBVV95cUxNQ2dLeUs3QUt0XzhGZUVrY3FraDA1cmhpZi1mT29md3c1S2QyUmtqU2w0YUROVnBLMXFSZkhGSThqR19rd3V2NkNqdU56S20ya0toNXhfVnRBV0NIX3V1aUdCWXFpaUpKTkx5TUpPOU92OHBoMEhSd29tMXZDSWx0N2N5QTc1cjRQa2ljNDB5cWdHOU1UM1VLOGVCZFZEZw?oc=5
2026-09-24 09:15,Seeking Alpha,seekingalpha.com,Meta Platforms' Turn To Shine: History Suggests 40% Upside (NASDAQ:META),https://news.google.com/rss/articles/CBMipwFBVV95cUxPWXg1MWdPNV9HUkI2M2ZqaTJuYVBXdFlFaDVMaFVqMW9tWktjM1dPVHFRaWdOaF9ub3hQcVNFT1hlQlpBcGtqTGMxQ3haa0xkakJRRWFMNlJWNHdwMzA0cHIwZnY4aFRTa3R0dHlGbDBITS1Xa1hKYlo3VkNuVVo5S1h6N29tbEVoSTRpUGphVjZKV3NIVnRZQXp6VmdvSEhDZTdfa3BURQ?oc=5
2026-09-24 09:30,Yahoo Finance,yahoo.com,"Mark Zuckerberg Shares Vision for AI, How His Own Family Uses It",https://news.google.com/rss/articles/CBMiiAFBVV95cUxNUl9ESml3ZDc0VFdrQTBHWV9kVUY3eU5rSEZmQTZic1VzRm5iM0lHZXVYVnZ1S2ptMWtmVkNHSmc1QXZ6X3lJUUZPbXJQRjJBNWZHbTZhM0o3OWFjM0tJdlp6XzRJTURpbUFYdUQ0MjJfbEtON3hEVkI1TmRqc280OTB5S21OLTZL?oc=5
2026-09-24 11:13,Yahoo Finance,finance.yahoo.com,Meta Platforms (META) Gets Blocked From AI Shopping Access as Commerce Tensions Rise,https://news.google.com/rss/articles/CBMinAFBVV95cUxQVW56NEp1MThmYlR6aEdjeDZ4cmEyWEZRNm9sOGtiZnI4ckJQN1haNEdGTDRIa280cmtPOXlCdzlOajBzcWZhY2Z5eFNoNi1zaW0zMWpwWTNrN1R3QTV0YzN6bXI3RE9JVEtPajZWblN0WWtMRHNFT2xxenhCOUV3bktCRW5ZcWxGdTlzZmxrZXphcWZYYTJ2c05PcnY?oc=5
2026-09-24 12:57,The Motley Fool,fool.com,Why Meta Platforms Stock Keeps Going Up,https://news.google.com/rss/articles/CBMiigFBVV95cUxPNjEzS2VIb0FUT19zR29YRzZadXdhWFFKX2tFcFZneEJqdHIydXVrOThEcWJDMkJocmxYckZDTDRabjMtbjNHU0lSWGlKU3gwUFpldlNVRHBKYnBZWDBKMEo4Mi0xS3Q3S0NRbDNfc0w1RTg5V0hIdTBCVmFOU3l1TUtMWWR3NmY5M3c?oc=5
2026-09-24 13:32,The Motley Fool,fool.com,News About Muse Drove a 1-Day 11% Jump in Meta Stock. But the AI Agent Could Be Even More Valuable Than the Market Is Giving It Credit For.,https://news.google.com/rss/articles/CBMilwFBVV95cUxOTk5PT2JLbFQwU3dzeFMxbTd5RXczWUE2QkEyN2x6U2YxenBmUmF4X0pXZHMzeU9sMHdqOUl4XzBfdDJ5dE8xdTNNcWJCZG9JWUNGZ1Joam05ZThvQkF4bThtTjZLVTNvaVBkSW41czZLYlN3c0dMM05leVktOHdBUHhYUWIxcEdhblFhZjZYcUg1aDVvYWc0?oc=5
2026-09-24 15:40,Yahoo Finance,finance.yahoo.com,Meta's stock surges as it moves from AI laggard to leader,https://news.google.com/rss/articles/CBMif0FVX3lxTE9nSDQ4T2hzVFUxZk1kZWhjV0NVd09jYlI4b3BfNG5jVl84QjBPVko5ZURKZGdDa0U0LVJGaURjLXU5bkRWS0JLMHlDQ09uZW84bnUteFpneFhmVUpFby1DVDd0ZE44UW1rc1hYLXNRQ1ctSlBEbnVWemdCN2U5RGs?oc=5
2026-09-24 16:57,Yahoo Finance,finance.yahoo.com,Is Meta’s (META) Stock Still Cheap After Its AI-Fueled Rally?,https://news.google.com/rss/articles/CBMilwFBVV95cUxPSTh6blZLdlVveDVGZEdvZDU2b1QwR1pQS1ZCLU9SOElUZGhFUC1WZ2JDcGpPeWNqY05SUThZblFxLTd0Tk52dWFZZjk4czRfNUpEVkZ4ai1jb2pGcXFXX1U5V1Mwd19KX0M5QWJNQ2p2Q0NaTnBBNGlfNDExaTc5UG45dUx1YlBhRnNna1JhVDhvbE9IUEhz?oc=5
2026-09-24 17:17,CNBC,cnbc.com,"Meta gets to consumer AI device market before OpenAI, but Zuckerberg's strategy remains unproven",https://news.google.com/rss/articles/CBMiiAFBVV95cUxOZWFoS2dEa29qdy14MkFpekZ4aXdWME1URHhNZDlMNGVWUC1TQmMxUFZsTkJXbFF2WXdNeWc1U3Y4a2Ezd2JLZ282ME5JSDk2a2FXc0doUFkwM2F1V3laSFlwV2VfNEd4RFpQdWtXWm1odnZMZVpLeDhUZ1FLeHZwRHl6QjN2ZDhv0gGOAUFVX3lxTE43amNmdENubU9qV3NheHc5SzI5b1JsVkhURjZ5dTVUdi10eDlJaDh2aFg4TkhVY1VrVUY4ZkJ1cFM0MWF1LVA5b0pRVGZ4a1ppTHFwNHdneExRRFlSSnBWaUJadmdJWE41ZXhqLTFCTHhyQmhRajBLWFpiU1FjUHlYdUlrdjFfLVA4c2gwQ3c?oc=5
2026-09-24 17:42,Forbes,forbes.com,Mark Zuckerberg Overtakes Michael Dell As World’s Fourth-Wealthiest Person,https://news.google.com/rss/articles/CBMiywFBVV95cUxQanZiZTU0MGpCeThucGNKZFdxd2tCZHI1cHNyWFZ6eUpISXRJTWtFUVVmMHcweXlGWFhPUUJ0ZzRfdFRjYkMxTUNIMm5TMFl0THhEc1FPNnB2WV9iMVB6R1JtNmVNUXpJcDVBUTE5czc0Wk9SaUNvdmwweHprdkJ0YWJjSHk2dGgxWHBWZFhRQ25Wd2ZxRnpudVFycXk5RWtSRFJWaTFBbUlsUzdQOFM3ckJIcFBEWUhWaWc2SXBjeGlfQmw1SS1RWFlqNA?oc=5
2026-09-24 19:30,Zacks,zacks.com,Muse Powers META Shares Higher: A Closer Look,https://news.google.com/rss/articles/CBMijgFBVV95cUxOeGFiWk9HejJWenpROWhZSkc3dzAxdDl2WTRlZTVWSXpQVEtCSDItMVpCYndZQ1R0clJyOXZWR1ZOOUp1bEZmSTdxSXVqRFZOTjNfeUx6TlRGUVh6VTRXUVlJdGRNLWZLNC1aLV94LTZRQlZKZGJxMTl4bEp6RXZtY1JUc0o3QUhRWDFZc1pR?oc=5
2026-09-24 19:33,TheStreet,thestreet.com,JPMorgan sends strong message to Meta stock investors,https://news.google.com/rss/articles/CBMinAFBVV95cUxNYkh0Z3p6bkdVVnRhTEotWERLUEsyV24tRXBwNURGMlY4b3A0M3hVSHFMNUZPQTlQU3gxX0xjdHRiaHFzamRWekljNDlhek9GZTdzOUYzU2s5bHZCNFJZZW11UWJEbW8xZGVrMnB1aU14aFdVYUJ0WTRrRE5DdGU3YWpjM283WHhtNkNKSm9ZR05qRzhzUnVRc3ZpUXo?oc=5
2026-09-24 20:24,Yahoo Finance,finance.yahoo.com,"Meta (META) Stock Is Up, What You Need To Know",https://news.google.com/rss/articles/CBMijgFBVV95cUxOdjd5ZlBOeXJ3dE5yVmtJeGZMeVRrVHZmY0hTaEhJMDI5Y2FsbEdBWXZGUmtfTGhtVlY2Q1NwNmIxYUU1YkNnYTdueHVYbzhLRkhpYVBZZ0ZGNlg0QXVPVXRRX3RfMVIzWUFZajBWWWs1X2t6R1k1T2F2VjZoUVpPR2ZFVzlxcGFsRnpEQTZR?oc=5
2026-09-24 21:50,The Motley Fool,fool.com,Meta Stock Price Target Increased,https://news.google.com/rss/articles/CBMiggFBVV95cUxPUHZoTTNsRjJ6aXBFM2U3WjdEbk84bFdsNC1sWEJHQ0I5VDd0THFLbDNuNDJjNllJYWpOMjdxekdnSTdERkVlYk9KUlhxZVBVSmQ3TGhpaDZCd2ZXVmJSdFBnelgyS3VoQ2tUdjZoUk9iaGp2WEFBT08tMVI2YmNCZk5n?oc=5
2026-09-25 03:24,Benzinga,benzinga.com,Gene Munster Admits He Got Meta's Stock Rally Wrong - Meta Platforms (NASDAQ:META),https://news.google.com/rss/articles/CBMiwgFBVV95cUxNRk5zOFJpVTV0VVhQOFJiWWs5LXpQUy1DaV9UOVVuR3djRUJfcTdGYjRqSzE0dUtMaWhIRFlfbVJidlpLZU1iNFRVaHZxSXBGb21JT21adDhTdTg4cTBUZlZONzVZbmY1bFBfbkk5V0hZLVBuM1FCQXFHYWRPTmtCWkFwVkN3allvNWpnV2xpYjhEOVhmTmRaQVdTMWZIOGZCbVItdHE1cVVhSVdaR0xuZkhSdzFoVGdwUEhmUjRDRnpTQQ?oc=5
2026-09-25 04:39,Investing.com,investing.com,Oppenheimer maintains Perform rating on Meta stock amid Muse concerns,https://news.google.com/rss/articles/CBMiyAFBVV95cUxOWmVGNHVKcE5OYWYwZjhPUFkxbHhveDJtckx3T1dFdU5uTFJnWU1Qb3ZwQXhOUDNaTVk1NjlfRUNYWUMzUlhXV2xQeHJUMldaYmpVa3M0WWNKUl9oVmFGRFNEbXB1RmVDNGhNaFRZT1pVa05fU2lFbjNlakF3NVJxbUxabFJpTGxCTGJWUHFzeXJmRVk2ZVRHN1BHTC1Uc0I2Mm11WElOMXdjOVZRaDJ5MTVWcU9MTzZ1b3hhOEdRbndmSFNZVVVVTA?oc=5
2026-09-25 04:39,Investing.com,investing.com,Piper Sandler raises Meta stock price target to $875 on AI optimism,https://news.google.com/rss/articles/CBMixAFBVV95cUxPR3BGQjJGdWpMdFV6alU1RDBzRmNRYXlBcjlsekdXQWpUTDNRcVN0UHNtcXlzcVB5NGVWX0pJMXNEOENad3pqNXoyaWRuQXJ0LWVJUjRGRVlNQ2hSZjZtX1R6NWpZbkVaaFBHQ2JEV3JWMi1HVFdoRmE3YTdCUUg0MllMdjV4b0JjR0toM25kS2I3cklTNmUxWDdWS1gxZE1FdVRzNlFtNnpYUFlZWU9IMnNzRVJOcUlPZkZOalc5VnJXOVZO?oc=5
2026-09-25 07:05,Yahoo Finance,finance.yahoo.com,Can Meta Stock Keep Climbing After a 30% Month? JPMorgan Raises Its Price Target,https://news.google.com/rss/articles/CBMilwFBVV95cUxOc0FNMzR1TmRQam1hVHFwZHRZOEQ5UmVrSlNnblI3MTU5S3FMZC1GLVo0elQ4MU1tS2YtLXg3UkRlVk5EZmZxenJpdUFSWVYzYVk2NjdmQ2p0VGNRcGlja3FsYUxDYkwwQkRIdWNNZ194Tmtnb0dvbUYzam9FdDMwd1FVVjUyMUZlWjJYaTQ0dEk1Y1VPWDVv?oc=5
2026-09-25 07:11,Yahoo Finance,finance.yahoo.com,Meta (META) Stock Looks Cheap Enough To Back Its Cash Flow Story,https://news.google.com/rss/articles/CBMilwFBVV95cUxPdUsyRGZMTUdrYlhvYTd5WHZPRWVFYlRRcXNia2JJUVRWNzhnbVZyLWg3UWhzV3otZzhDemlkUVl6QmVwdFZ5Z0hCazB2Q1RoZFctX05ocmxsSV95bUI1T1NDbzQwSUlJcV9RZ0RDdmYtNDlFVkFxMDVwQUpYa2pfMVNPWTNZNWpHZ21tM0tlOFktd2lXUEJV?oc=5
2026-09-25 08:13,Yahoo Finance,finance.yahoo.com,'Meta is having its moment' as stock's monster rally vindicates the bulls: Chart of the Day,https://news.google.com/rss/articles/CBMi3AFBVV95cUxORlI5ZGR4VXY2UU41TmtZeVh1dHJlTzZTWU5yRmRIc3RJUUl6WjFHT05qWDA4UVlyRlZvcDhsc2RZa0RxaWtyZXZCcUsxZVZxblZsbDRHZThxVGstS0hES1U3LWNxOWNYUTNXa0syQ21heXNNQjh3aGo2MU56V016Nmh4M3plTTNPVldoQXRIOGtIRHRnc0NmUzFOSnR5UDljVmpFWUNTZXlfR1FvYWwtOUx6ZGhMMU9IemxjekdhN0tlYkJENXk4djRQb1IyNUNyNDdxVjBkdy0wY3pr?oc=5
2026-09-25 08:25,Seeking Alpha,seekingalpha.com,I'm Riding Meta Through This Run,https://news.google.com/rss/articles/CBMif0FVX3lxTE1DSEdLWk5HTTFQYV9Fckg4OXRuNktfbTY3YlMxTUwwRWxiOWpRcDVrRGExck9ERjR0S1pEUDc2QXpFUkNnazJ0M1dNQXFZSUp6WTg2UlRMQmVIdVZTSVItaDYwUzF0ZjFSVEJnSUhObF9EdUg4LXlBVGNjREw5MVU?oc=5
2026-09-25 09:10,Seeking Alpha,seekingalpha.com,Meta's Stock May Plunge As Credit Market Warns Against Massive Rally (NASDAQ:META),https://news.google.com/rss/articles/CBMiqwFBVV95cUxNUVhHUVVBZC00eVplbVh5WWtJdHdNNXd5RFVCZ3d2ZXVrVmg2N0toc3pOLXZZdGZsSVlnQm5lNk5LX3djYTVFYmxDcmVkRTkzeC1WUmlycVc2WUhiX1JPSVdPNFFpcElJUEtONVB1VXFNaXFIVFlITHNEY3ZlbFJfMVFDOGxkRGZHVnNBTXZvREd5Ulh0ak1qSHZ6MTViQXFqZW5zWVdCMXlkZms?oc=5
2026-09-25 10:12,Investor's Business Daily,investors.com,Meta's Muse Shakes Up The AI Battle. Here's What Investors Should Know.,https://news.google.com/rss/articles/CBMigwFBVV95cUxOdGhSYW9nSjJicHpKWk44bjlkYVZ6bl9lNkVlYTk3NmhCSGQ4SXJSTEUtNlcyQmpSelpzQUpubmVpRW1rSFRaS3NuSnZrYkxVa0dmQ08zUmxKRlZUcVYwLWoxUDk1VTJwVTRLQThzZVVhckpvQzRvTzRseWlTRW5TTlNLUQ?oc=5
2026-09-25 11:23,Yahoo Finance,finance.yahoo.com,Why Meta Platforms Stock Reversed Today,https://news.google.com/rss/articles/CBMinwFBVV95cUxOSDA0cGJmVlA2d0tpc0poeDBsT2tkVVBBY1p5VWhSNVVyVEZ2ZWVGWlNfeXBZTVR5U1Q0OC1ZbGdvUjBRWVdGS0wtckNNSjdnMzdoTmFkTFVSQ0hRNjFlRERveHZ2dnN6dVRDZ0tia2ZYNmh2dnFGdGFpOTh4dVpUVURsRERQY3pBM0U1VTgwSGVIMmlvd2NJNmhkOFVJSzQ?oc=5
2026-09-25 12:00,Yahoo Finance,finance.yahoo.com,This Meta stock stat doesn't make sense after the Muse mic drop,https://news.google.com/rss/articles/CBMivwFBVV95cUxNSFdHdTRUcEY3Q1I2enE0TWo2dG1OM1prV3RkVTcxSVVZMFpxVUtieEFZMjg4UkhKazdhYmRRVDdtUy1wUDE1eVhrZ216cDJHS0R0eWVXWE9fQW9GSExPaXFHRTVYdkZ6dHJlSWpZUUNqUWZHM0NZd2NVMWVMUktxdE02T0dDMElPOGMzWWxNY3pyZEV2RnpzOUlkS0lJRTluTGVsM0FnT1Vfdlg1RW9yNkhVMWFvQXpqbVZ1VDVBaw?oc=5
2026-09-25 13:13,Barron's,barrons.com,Why Meta Stock Could Spike if It Crosses This Price Target,https://news.google.com/rss/articles/CBMicEFVX3lxTE54VlAwN3FqWkVGbXROblBWNmticzEyU2FxdW9JTGRZY1VwU093aHpNMFVWczhRMG9UQkVocU9lNzE3NHZCWnQ5NmRYZm9yQ2hPeG9DWEVsclkyMXN1YjlsTDFTMENCMm5Jd3pEQW03SEM?oc=5
2026-09-25 13:14,Barron's,barrons.com,"Meta Stock Rally: Buy, Sell, or Hold? What to Do With Shares Now.",https://news.google.com/rss/articles/CBMigAFBVV95cUxOSUtNSk9lS0w0Z3BuYVRlOE5iSUVaZmVydE1mY3Y1MnhJVkdyLUtJNTRiM0xpaTZ0N1pPSUhVdWtLS2JxdnV6UzhzR0R4QVVWSHF4bDl1cF9hakFsOFhBLTd3Sm5DQlJzdFNYUi1FS0Ywck5QWXp5LURaNEQ0dU5LYQ?oc=5
2026-09-25 13:16,Yahoo Finance,finance.yahoo.com,"As Meta Platforms Launches New VR Glasses, This Is How You Should Play META Stock",https://news.google.com/rss/articles/CBMioAFBVV95cUxQbkotbWdaV2I0YnFUaFFJcy1NbWFOc0d2amFDejVpMF9RanN3Rk1YNG1PZjUtbEhHbENhV0JJbmlHaG1FR0JBSnBCdG9YY2lKWjh3SjNIZ0RNcnhDd2pSeVZXbmx3dGdwZC1ZTVhDaDJwcl9RLUNFUi14bHJCR2RrSk9DVTUzLXNwdURXc1RUNHlkankwNFFGcWdiTVF0S2FB?oc=5
2026-09-25 14:33,The Motley Fool,fool.com,Is Meta the Best Magnificent Seven Stock to Buy After Its AI Agent Topped the App Store?,https://news.google.com/rss/articles/CBMiygFBVV95cUxObVQ5ellVQlMtbWtjN1I5UE9UMThjYVY2U1JyczRQN3JBb3R6MmRsdWRmMEVjX19IOVhmbEQwaFlIUzI5cUtqUFJVUW44ZkZwUGlMRWRzQnY4UGc0eVhEZC1lY29wNk0teTI5b01DSEtvblhoZV8zYnFkVFdHSFN2YU1JYlFoTFFpbHEwTG9GWlNkVHM2c1Jsb0gwSjEybElLNnU5QUJUdjZ0cXpaenpxdGRubk0tVldvcTI0TXRYUC11TVg5al9vY0F3?oc=5
2026-09-25 15:11,Forbes,forbes.com,Mark Zuckerberg Loses $9 Billion In A Day Amid AI Overspending Fears,https://news.google.com/rss/articles/CBMi4gFBVV95cUxQenBiZUZDOHNVeDFmLTZQd2lUVEh2S25qWnkwY3BlTzdFYUNUT0c0N21tZUFwTUZvVU5fcGFvcGM1OEZxNUtnM3dFUWtrRDdPbUZRRXUwVXFoYnBIZUdaU3A3bVM0U0dGeWM2ZjJEOUctaHhjbnFtVmJ1cmhJYm1NY0thdl9xR1l4QTlmVUNMdG5lMHo2NkRsVEpESFdBaDJ2Yk1MeTVDbFJ2UFpmREhjTWhpV1RQejI0UERpS2FxUlBzcTl6aWFsOERYeEpzeWNZRXIwSkxTbjhKblZKQ05HMzJR?oc=5
2026-09-26 23:12,Yahoo Finance,finance.yahoo.com,Meta Stock Is Having Its Best Month Since 2013. History Says Every 20% Month Has Led to Gains a Year Later.,https://news.google.com/rss/articles/CBMimAFBVV95cUxPU3ZqdV9CSGpVeXFIZ2xnQjlUbTVpZlhaZ0RCYVFjLWwyZWV2M05BdXJuQ0ktZU9tVW0xQ2lId0xNRkJVSDh0LVUweWR1RHdoQTNtNEZNYjVPQlpGWXpVSEZvR1JrUkk1VGJ0NGlsVUxRQ3Vwa2xCd0t6dVpkeDZpWDFqQThJNUhvWVA5bHlkNE9WbkxQdzZfUQ?oc=5
2026-09-26 23:50,Benzinga,benzinga.com,Mark Zuckerberg Loses Nearly $9 Billion in One Day as Meta Stock Slides 4% After Goldman Questions AI Spe,https://news.google.com/rss/articles/CBMi_AFBVV95cUxOb2tqbFdpZ2NlNVlzcFBzcFczcURpYWRRaXh4bkZ3eTZjNTZVWEE0VXhiNmFmRFFRblpaU0xsdUFZNjh2UEd5VDgtMHpnbmZlQzk3TGxlT21QYmg5U3Vjd09LNGlETk9uakhnSGREd0VpSHVfSVVGRzBJcGxaRUc2Zm81ZEZicFg4VW5BbmdTQ0JsZHY2LUxmX19UU3doR1lqaWJfcGdVVDUzTHVPTDdLcGFzYmxBaHZJVU1rUTBJUXN4cXBvLUdsb0tYc3l6LS0wdE85NVN3MFpMZ1I4ZEQzTjMxX3pEc0JDeEpYZFl0YU5EWWo4OW03NDU5QjQ?oc=5
2026-09-27 00:58,TheStreet,thestreet.com,Piper Sandler revamps Meta stock price target after cutting it 3 weeks ago,https://news.google.com/rss/articles/CBMiuAFBVV95cUxPNXQzaTVuZUhPUnRMUFJja2tibXBPMWNzYjNRQVQxMXN6ZnU1eDF3S1hwWnlUUk5EcUZTNWFiVFBZdWRVSmc5Nm84aEpOcExiV0VBb3BVeDNFdWtoMDBkbWlldGFVWGJhOXcxNmdyck5CN21EYmowRU55YVpvWE03RmJkVVcwSEFVenZyY3hxTU83YXotVzBQWnpjZU9LNlI3Zm96QVZaemFGMENLbHNwVEt5eWVmV1lk?oc=5
2026-09-27 06:45,Yahoo Finance,finance.yahoo.com,Mark Zuckerberg's 'Wartime CEO Mode' Could Drive Meta Stock 'Re-Rating': Gene Munster Says He Missed Muse Becoming Company 'Centerpiece',https://news.google.com/rss/articles/CBMinwFBVV95cUxNZjUwd1BXTFJFM2xwdGdoTW4weGFMWE1VbkFNemNYVXBYa0dVVjV6alBRWmFvWmFJd1ZRLTA4Z3Q5NzgxRUxzTVpNalJnQW01clF2cU5nSVNDdnRFcXBkdGI5TTI0eWRiSktpSEV2SFY3TFNUNFlyU21BZ2J2eTlCd1d6TWRRanlxbF9TYlFFSUUwWUgzRjYyWkVPSkJTT2s?oc=5
2026-09-27 10:49,The Motley Fool,fool.com,Why Investors Should Be Bullish on Meta Platforms and Its AI Strategy,https://news.google.com/rss/articles/CBMimAFBVV95cUxONGZ2dGNnSE11S2ctTXRzUExGRm5PRkdBaDZValZnTjBaN2hVNWVpaklKeF9vUXp0eG5XWGVCR0JocnFTSnlfakZka05WMnI2Zzl1d0FObUZ2bHFpLU9rMFEwQzBCM3R6cHNmOF9kV3RLU1RycG54Rld1MlY4SUNaVkl2VGc1Mm90R3JyLTZ3bmJVU0ZpcjJhVA?oc=5
2026-09-27 16:29,The Motley Fool,fool.com,Why Meta Platforms Stock Jumped 13% This Week,https://news.google.com/rss/articles/CBMijAFBVV95cUxPeDF2d1Bqa2FzSEFobC1FVmlkQXQwQlBVS0JMMy0wVi1iRFBnLU9ZdHZTMjUyOGdTSDBmR0JGZWVSbFpRUlliQm9QWlhTaU5DcGJKNnBFU3ZCTXFSel82T3JwZTJDN0FjSXFvUUI4Zm16MjJPZXREVklBOXNlcVlRVzR3aDFaMVByQ09CeQ?oc=5
