Published,Source,Domain,Title,Url
2026-01-05 03:00,The Motley Fool,fool.com,10 Magnificent Stocks That Can Make You Richer in 2026,https://news.google.com/rss/articles/CBMikwFBVV95cUxNXzlFRGJEX2tPeUplTDhTNDRncUZ1Y3lkc05TZGRiUERhTk4wUWkwaGZNcmx1U0tldWY0dVhFVEN3ZUlGU0NDMmJrWC1xVVlPYUp3aUFGTlFrTEdjVjlTdm0tMERRZldGLTVTa3NGUC1iV1VzN1JCMEItU2dyMm5RSjJXaF9aR3BOVkY3ZG5ZQUxTbjg?oc=5
2026-01-07 03:00,Seeking Alpha,seekingalpha.com,IREN Stock: Why 2.8 GW Of Secured Power Implies Strong Upside (NASDAQ:IREN),https://news.google.com/rss/articles/CBMinwFBVV95cUxPTjc4cmtRRGNHb0J6YjBsUUVCbWtSbDc0X1F3MGFlU0x4ZzZ2V0dYQXZWSHZXYkRKTzNCalljbkZobEhBdXVnRmg2dnUyaVZDaVRENkEzS3hZelBmSDAwaXFOVzFVMHAzU2NwNWRSZlRfWHdxVkVLbWdsb3BLWjlhNGhfd1ZvUV9PYVY2WWJ6Nk5KVkVQUWxQTEQ4alZxYzg?oc=5
2026-01-07 03:00,Yahoo Finance,finance.yahoo.com,These 2 Dividend Payers Are Some of the Best Stocks to Buy for 2026,https://news.google.com/rss/articles/CBMigAFBVV95cUxPVVMxZlpyNzhnVVktSFNGdkV1Sml3Wm5RS1VhWTJxQlhPY3RCSkxCRU14V2E4eGdxQlN0T3RGWmpaaURXWG1RYVVfV1BWWFBKT2FFTXhUT3hQbFJaS1RETjl0MjZMb3VtaXQ2cTdYSkRJWkhpeU5IbVVvNUhvNDVQSA?oc=5
2026-01-08 03:00,The Motley Fool,fool.com,2 Top Vanguard Funds That Can Be Great Investments to Hang on to for the Long Haul,https://news.google.com/rss/articles/CBMimAFBVV95cUxQRk52c244bDdnWXhvNEpjS2xYME51bTZDSi1pRUtkbzhWUFRhYndxLWFrNEhYSUc3aTMtRFRIWnlXRnlMN0FYWFF2UlhVY19SLXU5c1dRN2xzNXZZUnpMLWM0bjBiQ21yUVNOR1ZlclhHQ0RjUkpFMnY0UjBpbWk3TnJMdlUxRWRSaGZTTkM5Qnoxc29lcHR1MA?oc=5
2026-01-11 03:00,The Motley Fool,fool.com,Applied Digital Just Solved AI's Biggest Bottleneck with Technology From the 1800s,https://news.google.com/rss/articles/CBMimAFBVV95cUxQNlhTejBRRDQ1MGM1aHRDMGJSa0NLYV95YmNBMXdUV0lFYkJnM3VHMVoyZWF2UUtxMW5Pd2V3TWZZS1NOaERJRlU3N0J4VnluNGh0RXJkbkI1V3FYclgtNzZWb1ZPTlpSWTBIMi1MYzdzTno5T2M0UG83Zk81M2IwNjJTQXJyY3kwMVp5WFE0VnNhTldOeDJPaA?oc=5
2026-01-12 03:00,Seeking Alpha,seekingalpha.com,NextEra Energy: Powering The AI Revolution With Google And Meta (NYSE:NEE),https://news.google.com/rss/articles/CBMiqAFBVV95cUxNZW9GX3lkakk2OVRBVl9SWFNHY3ludkhnZzlHVlVRdWw0TzBSWmNPcVlfLUE1YS1rOGpiZGNmZzFHZjNYc202b1Rlc2lQNUFfbC1xbjNMcGZPVHhSSzFUaV9uakpfQXhia1p5VW1lQlBSbTVfbktVVHIzc0pVdWxSYXdTSmNFejZNNjgzOUY4NWJPVTVxM1Z3VHdoaURkeHpheVdYT3VJYkk?oc=5
2026-01-13 03:00,PR Newswire,prnewswire.com,NextEra Energy announces date for release of fourth-quarter and full-year 2025 financial results,https://news.google.com/rss/articles/CBMi5wFBVV95cUxOeTltTlFVTDZzQUh1dTY2MGVVeWwtTHdrT0U0aXJXUkpmS2hfdERFVXRjcWtwNWx4WVhVc2I1aDdvbnBmVE9DN3ltS3otNllkSmRQUEtPRm9lcXgyMXFsVTNJVUpHWDlSbWtoS3ZtTGQwYmpIQnFBZDhEdGhKUC1Vay1VbzBnYWhQQ0Q0NFV3YzAwRFU0eEhiTjZDVE9pTjF5MFA0QUtOMFdCMV9QVGQwcUFEQVQwbWhZeUIzai1mR1hqdWhvVjJmUjN3QUExbWdiSTdhQzRObUQ1QWJGa1YyeGdiTUt6OVE?oc=5
2026-01-13 03:00,The Motley Fool,fool.com,"3 No-Brainer Stocks to Buy With $1,000 Right Now for the New Year",https://news.google.com/rss/articles/CBMikwFBVV95cUxOYkJDbTh4RGVnR0F0elZNM1JQSFhFNE96MFBaV056RS1pRXhhX1E3T2o0Y05MRFg2M0V5VThyS013Mk45UUFmQlhkMW9Fd2NDcnVrQWwwV3Zaa3dIbjFoN2JlRnNteFQ0NDhHbDZYN0lLQXNHeHlLa1ZoRW9SUUh6eFlSN1VSVTdsVUtJaXItM2NlVDA?oc=5
2026-01-14 03:00,The Motley Fool,fool.com,The Next Phase of the AI Boom May Not Come From Chipmakers,https://news.google.com/rss/articles/CBMijAFBVV95cUxPSmxVR0w4b2IwTnZaVjdSVDhqRkFQWmNEbVdxb3JlM0RUM2ZySkFxNmJBYzVxZEZQRkh3Y0pmWGs4NDRQRE9GeVdxUXc0X2lpUHJsOEQ5a3Q4VDY3TVYyQXlLMDdsYWxfa3A4WGdwVzRVeHdVb2x4Vk11STJWTHVPd2pjQ25iS3BLckhtQQ?oc=5
2026-01-18 03:00,The Motley Fool,fool.com,Google Continues Its Massive Power Grab,https://news.google.com/rss/articles/CBMiigFBVV95cUxOWGlLM0hJTFpYSl9jdUllb0pMbkJacGhlSGt4cVRodnR2aW5CWC1RR09lSm5fZjV6Qkc1UFpIOWpTMExpYTZfcVJrQVM2UjZUempVNGFndWhWSnkyZ1BFZVNMY3JJMjBWWThUTkMzU3RvSDYwYVhnZ1k0QS1UVEgxYmVxaFJDYm4wYmc?oc=5
2026-01-20 03:00,The Motley Fool,fool.com,The AI Gold Rush Needs Energy: 3 Stocks That Could Benefit Most,https://news.google.com/rss/articles/CBMilwFBVV95cUxNcUZHLTJ6ZjVsZHVnV3QwRC1XN1RaQlFndnB3M2JOT3FGQ0EwT1U3WkZYYXdTZW5pRWFWWnc2MHoySVFhV0F6R0thcjdtc191Z2lHbl9zRHZJU1B2Q1VrTm1KUDNzelgxZzJBNl9VMkFHcFpwNEFPTXlEZ1VocDlaTEp0dGQ5bzFJX2tMUGdnelhXUVJjVXdr?oc=5
2026-01-21 03:00,The Motley Fool,fool.com,"2 Energy Stocks to Buy With $1,000 and Hold Forever",https://news.google.com/rss/articles/CBMilwFBVV95cUxPOXdHSmI1VnRlc0dPWUVJZWxSNlpaaW1GZnpSYUdpNktWVUh0aDhGeGlQWEk5NTZPc200QmZ1cElSUmZITTlVdUcwVG8zVnBzdHZsNnlMVWZSZGxKcTdaOXh6Y085N2R1R0Z6TlJDVXRQaXI1OFNBdjlkcGQ2ZktQcGRuVnNxXzMxVDMwLTZBUDh1bTFjSjNr?oc=5
2026-01-22 03:00,Yahoo Finance,finance.yahoo.com,Is NextEra the Best AI Energy Stock to Buy Before Earnings?,https://news.google.com/rss/articles/CBMif0FVX3lxTE5DZF9hakpqYXl4emx3VFRBeGV3S292VXYtdzFnU3AyTFNuMGF3amFnMG5IVFBJNW1DYWJqU3ZuNzlkVlhpTjFIOG9VbHFFMndXVFFjdjJmbWlMQ09VZXczOXRadEp6bk10dEVCckVQcE45ZFNKMHRVTUVvVHp6eHM?oc=5
2026-01-24 03:00,The Motley Fool,fool.com,3 AI Energy Stocks That Could Power Both Growth and Future Dividends,https://news.google.com/rss/articles/CBMimAFBVV95cUxPTUU1VDRNZ3ppaks5bkpsc1FpZlhaNDNrTUExZ1ZFbUZ2R25obzFKeXNTWFpFbDFNazUtMU8tZ1loN09RaUJmc2pHUVkzUVFESFQ2RVVpSERXbE5lYVJySG1MMUV1d0J5akFNMVhNTHNadGxVS0JGQ2RpNlRfVGFoOGVrb05TVm5jM0lDTlBSYm41VV9oQ1pIaA?oc=5
2026-01-24 03:00,The Motley Fool,fool.com,My 6 Highest Conviction Stock Picks for 2026 and Beyond,https://news.google.com/rss/articles/CBMimAFBVV95cUxPeHFyODRjMkRIdDM1Y0EzdGNhVWtFeTRWa0ZRRUNXZHBnY08xSE9USXhIRVdCQU1jdjZzM0YzVC1FcU9Qa09saDVzZF9zZjZjYVhkTW9nMFdTZ2xJSDE4bTFJanRvdEkydXBDVHUyQXd4a1Z1X1JLYU9ic2xfQ3hRVDU4MGdyRi01SEt1cXlTVTZGSG9vR05uZw?oc=5
2026-01-27 03:00,Reuters,reuters.com,NextEra eyes nuclear power expansion as data center pipeline grows,https://news.google.com/rss/articles/CBMiugFBVV95cUxPUVNzbFNiZTNrb2F2Vnh6cENBM3p2UUtZcFJyTFhhVGlzQklSR1VPdDFZVkhMeHhuN1Foblg1Ti1jeWZPVWY4VzRUY290MThhM3VIb3F6Q3JGY2FGdEo4VlU2NjFKMW9ZWXVwUHpvWVl1REh2dHQydnBBN2piUjE0X09WTlI3WUFNdVVjYTI5OWJ2YjIwTkZYUG1MdmFEVmx0ZVFodzVZbU9YdzN4LXpPYnpFN1pVeHc3QWc?oc=5
2026-01-27 03:00,Yahoo Finance,ca.finance.yahoo.com,NextEra beats quarterly profit estimates on utility demand,https://news.google.com/rss/articles/CBMikwFBVV95cUxNX3NJa2J4Z0ljejRjaC1lX1ZvSnZlY0V1QTQ2eG5Jb2JGSzN3bzVkTExDam9kOV84QkJzMEhnWFdmREJnMUcxNWtfbTRkeVFFd1o3cy1lWGhHWWZTUFRaQXladURXLXhZY3Axai1SSWsxVFNvZXBzaERIZTZHRDJvS2h6NkpCdk9XRmxNenRMOFNLZ3c?oc=5
2026-01-27 03:00,Yahoo Finance,finance.yahoo.com,"NextEra Energy's Q4 Earnings Surpass Estimates, Revenues Lag",https://news.google.com/rss/articles/CBMiiAFBVV95cUxPM0pfa1lSbE1FOUliT0hQd01WVE15VmhYWWlmUXE5aENOdHRNblZ1d2lycVVTVDNGN045emtpaWdkOTNkWFZScHJkcGgtWlcyZFM3YUNVUGRYX24zY0o2Vl8xTTc1Zl9DWUNYT0dUTk5yemJ6cEc4bTc5Xzd5M1BVU3hMSldYNzVO?oc=5
2026-01-28 03:00,The Motley Fool,fool.com,The Largest Utilities Companies by Market Cap in September 2026,https://news.google.com/rss/articles/CBMiakFVX3lxTE5wRi0wSGVETTRPVGFBbTdWYnFoY2ViWVl4Y3AxSG1FTm1MX25fZlFVUHBTbHdhakV5d1RKQ2RCVHVUem9oN0ZtRFpLYzdwRUZjRlk1ZVp4aWdpbm1rTGJOQVZlNjRRcDFFQWc?oc=5
2026-01-29 03:00,Investor's Business Daily,investors.com,NextEra Energy Stock Offers Steady Growth And Stability,https://news.google.com/rss/articles/CBMiswFBVV95cUxOc3VWNHYwM2RqNzhYS1ZIRkd2bjZaOGw0ckJSaWRUMlQ4b0NQSlR0NUlHVlVZRDQ5TEVNWlFwOWVaMC1fWk1NNmtyckc4anJnR2dHREw5MThjV09yeVJGZlk4N2FHcTZvSWhDcU93Y3duZkxRQmFaRm9WdzBWSEZTOEs0cjlDVUhtVUdjNXRmRUZEXzBPX01pUVJRaUlDUDhrZ3A2UmlCTFZtZGdxalF4Zk90aw?oc=5
2026-01-29 03:00,The Motley Fool,fool.com,"3 Historically Cheap, Safe Stocks You Can Confidently Buy in an Expensive Stock Market",https://news.google.com/rss/articles/CBMilgFBVV95cUxOeVFHOW4zMDN1QVJpU1RmbFZxXzhBaU9FcTJiRTkxUm9Pb1RwQ0trV19pRFZUQno2OVcyM3h0b3p2T09DOWMzS3FxbXIyR25jNVZJNEhuLTZxaEVUd3I3YjVVZzVyekRSbTkzajZXT2liZzE5d3JGRGdldFJTcWpzMDRFY0ZqQjlNZ2pRM0VJNzBvN1M0Ync?oc=5
2026-01-29 03:00,The Motley Fool,fool.com,This High-Powered Energy Stock Delivered High-End Growth in 2025 with More to Come in 2026 and Beyond,https://news.google.com/rss/articles/CBMilwFBVV95cUxOZlFpaXdrMzBIdkxPaHduN1luX2ptaVozLWJ0Y2xEZldzSG5UT0wtZW1Hck1PTU1BY1VyUXNqVWs3RFNGeHhWMkliRjNZSTF3MmdSMGVWSmctV3lPZkRQRVlhQ2JBRjFESFlmY1VvNERPcFRfbm85UF9Ec2FIc2NBeHdiVnNqazZsZjZSTHc2Y2FLR09PLXVJ?oc=5
2026-01-30 03:00,The Motley Fool,fool.com,1 Stock I Plan to Load Up On in 2026,https://news.google.com/rss/articles/CBMihgFBVV95cUxOQXZ3ODcxaTlKX0hBWEE3WWs4TXpJaTd2S0RMZEx6bEFlajZTOXd5RjIzckU4R1AwbnhldlNmZ3ZQZTZsRDhuYVNSWlk1QnlVeDRnUFV3U1BVLWw4NnVLNmlNTHJaM3FUcXF0QlVhMGhZbXhFbGh2bFY4cXJhazhsWTBzQ2hqZw?oc=5
2026-01-30 03:00,The Motley Fool,fool.com,Forget Tech Stocks: The Energy Stock That's Fueling the Data Center Explosion,https://news.google.com/rss/articles/CBMilwFBVV95cUxQY045bnNXa2RUd3BIRkE4a2xmaUIwS21GZTF5dmRkYklrb3RXZEhqdVIzZDdJOXdjSnpyb01DOTZzZlE4a3pHaUdmS3Y1SnVrazRKUjZ2VkdvTy05b1VaeGM3NVpTWk03aXloamwwcDRiMy1Zb0FXWnY2eGo0elJBNUx3VUNKcTNrdjd3QkpHZDFxeUtCaEdR?oc=5
2026-01-30 03:00,Yahoo Finance,finance.yahoo.com,NextEra Energy Courts Data Center Giants With Nuclear And Grid Buildout,https://news.google.com/rss/articles/CBMihgFBVV95cUxOMFNwc1dPWHkzZldxTWY4eVNnRVc5UzEyZTZlZUp6ZWpMOVRxQ0RtbHc4dmkzQkR3VHZoRkxFV3hoam1SalFHZWpjbkNWSDdZelpYZ3FTd0RCSnppa0c2R2diSHFXYncxTmk1cEd6ZENsWlJSWXdyS212WklsZGR6c1NHcHlXUQ?oc=5
2026-02-02 03:00,The Motley Fool,fool.com,This Utility Stock Could Be the Next Big AI Winner,https://news.google.com/rss/articles/CBMilwFBVV95cUxPQlFKRERPR014NlpaeV9KQ2hrTlplTmd2QzRrNmYyQnllSC10UkJBVWxzQ3AzWEhOYkFmdHhLN001elRtcE1SY2hKWnVOU0c2VnkzZXk0SElPVEozVUtBMi1mZkROMEd3QkVkRk9XVUE3Q2VwNmxzZ25SSjZ1VmxyVmgxTHlMaEZkVWFWMThsMzBXT01hY3VZ?oc=5
2026-02-03 03:00,The Motley Fool,fool.com,3 Boring but Beautiful Dividend Stocks Perfect for Income-Focused Portfolios,https://news.google.com/rss/articles/CBMikwFBVV95cUxPTXV1UTNhb0ZSbDB5SUM5OVlNYzBsakNacmI2SXA5SzJNZmswSUhmYUh6SzJrbmNJZWlKMHVXeVJNTXR4VklkVlV3WFkwbnNURXVPMnNHWldZRG5STjZYUGozM3NTaldlMXdhVVR4RnUxeDdlR2ZMQlAxbHBFdFFPRWlmWTN4QnhheVVLQUllSDBWbEE?oc=5
2026-02-05 03:00,Seeking Alpha,seekingalpha.com,NextEra Energy - Back To Overvalued (NYSE:NEE),https://news.google.com/rss/articles/CBMif0FVX3lxTFB4cVJReUhGQTNpTnFvYllZRWdScFZfSEVrRmQyU3hLbWNjcndOTElneUx3QWZNVWZJOGxUNmdub2ZtTGNHQzQwcmNIRzdtRG5NdkdSQ0NfYnBiVGtCWWszTW4xQ3NIRUdSSl80bnRJQnNXSTdNMUVJQVhhUUw4dlE?oc=5
2026-02-05 03:00,The Motley Fool,fool.com,2 Utility Stocks to Buy in February,https://news.google.com/rss/articles/CBMihAFBVV95cUxOeGNNNGNDWlFmVE1JTkkxUmE2dUdoMGJiOWNoZjRKNG5jdnlOcVJ1VHhCeXBtRHgyZmFiOVpoOGlZQl9WM0FZRkI2Z0FXbG9wUk5mTVhmbHBlT0dVMy1fUnVSVW9ISFdQQnBVQjl4dEZ0Mmkxc1BDQm5kN3YzbFJUR2I5eHg?oc=5
2026-02-05 03:00,The Motley Fool,fool.com,Forget Tech Stocks: The Utility Play That Could Outperform Nvidia,https://news.google.com/rss/articles/CBMimAFBVV95cUxPVnBzZWdNdmVvRXVFUXFYbEw3TlFqa2N4cGpQdE5YTUYtemlSbTZtX0luUEp0RUFnOFZIdkVtdTFNRDF1aVZsTWg2U1RvOTBYR1ppZ2Q2dENlS3o5dy1VbmlPcHgzelVXdkc4ODJHOGRWT0VMcS0tQ19laGF3QmQ1ZGpnYy1hUjJJWElYejg2eVhPbWVFeGxGOQ?oc=5
2026-02-06 03:00,Yahoo Finance,finance.yahoo.com,How Xcel–NextEra Data Center Power Alliance At Xcel Energy (XEL) Has Changed Its Investment Story,https://news.google.com/rss/articles/CBMiggFBVV95cUxQcTVsSjNERGR3U3Y2QUhSMmF2NmhNMVQ5OHE0WVdreThmTktCc3BLLWdlWlJtYkZUWFB1aUVJalJzVzRIajN5SmZ3QnQwbFVJRFN0bm1tV25BZXlxR2ZncXYzNldVYWs5OW11NkNEWmQtdV9Na19YWWxFZ0U1NEJELWRR?oc=5
2026-02-10 03:00,The Motley Fool,fool.com,"The Smartest Dividend Stocks to Buy With $1,000 Right Now",https://news.google.com/rss/articles/CBMimAFBVV95cUxPalFuNDZMdDlZR280V0VWYWtrT284cGVYZjdyeWJqRnR6REc1cmZnYlpuRC1oVDdBbjQtM2lEMVFRODlwZTdodGkySm9Ydk9QNktSWWxVcjEtSHd3Q082TEg3blVxc29VQjNFY3E3US1IQmU5aTlpNU5qbGtHVnpkUDk4MF8xYjZ4RktwM21idjhxcU9mWTVueQ?oc=5
2026-02-11 03:00,Seeking Alpha,seekingalpha.com,"Duke Energy Beats Expectations, Continues To Be A Buy (NYSE:DUK)",https://news.google.com/rss/articles/CBMimAFBVV95cUxNVXlUd25fb0NKWmZ0Q2lKVjR1Y0xrX0w5SGFfTjBtSkIzQkVVOENEQXEzMWFTUHc3VWxIUVRRQWh0SWwxZHF4MEcxQVppNElRT2xDcGNCa3A3TlVyNWxvdUxncGNwSm1JSnZrZlp2cEUza1QyNzZIZFNSdzVNUGEzRVlvMEdEYUFPM1pzVGVWd1M1eG5HMS1Yaw?oc=5
2026-02-12 03:00,The Motley Fool,fool.com,3 Reasons NextEra Energy Shares Could Soar in 2026,https://news.google.com/rss/articles/CBMimAFBVV95cUxPeUFBXzczb09wX1Y0X2l6UW9OVF85a2V6dGthT3NFVXdxMDhpUFhZeHlzQnY2QjZwQjNseGVjVVZxVEk5T1BaODd0bnV0T084b1hUODNwdDR4cGpqejFkY3lweG9oVzYxZlBWZDluZmpERDdmR096REZvUC03d0lZMGVBZU40VkZscDdRX3VXa2JZdkhiVmdPeg?oc=5
2026-02-12 03:00,Yahoo Finance,finance.yahoo.com,How Euro Debentures And AI Data Center Deals At NextEra Energy (NEE) Have Changed Its Investment Story,https://news.google.com/rss/articles/CBMiggFBVV95cUxQOTJkdmJMREF6RkpTZFJ4MUJaOW9VRjVuTlFBTEFPb0pCLUIxY1ZXVzh5Q1U3eHNCQXl5aFF2eU4za2VxSFdRMHVoSDZSRHRuNW9BWVgwaUpHSnN0UV9EVmVQYXc2Vmczbm1iV0pBTVNyRW5ySzJtN3hHN0dQZWJpQVJB?oc=5
2026-02-13 03:00,PR Newswire,prnewswire.com,NextEra Energy board declares quarterly dividend,https://news.google.com/rss/articles/CBMipwFBVV95cUxOS1gxZWJYeXlIVXNIbWZ3cktDalVOblo0cXFfQTE1QXZOTFVCNE5YNDJLZjdSZ2dOeVlVVDJvRDJMbDAtdXZJa0FNUVJGQk50bGZlVWxNRUdhWW9FM1hNYUhCYV9mQmlKanJsWWNmZDQxU0U2YndqSXNpWkFlNFpvbWE4a0NGeEtYMmd0cVFLNkJPY2tVT0lJeEU4RXUzNWZWQURqLXBOZw?oc=5
2026-02-16 03:00,Yahoo Finance,finance.yahoo.com,"NEE Stock Outpaces Industry in a Month: Time to Buy, Hold or Sell?",https://news.google.com/rss/articles/CBMihgFBVV95cUxQSmhLWUp3Ym1UcklvTktVTXhhOGczNmRxLUg5WVdPWGVBajZ3cEx1N0lkZE01VGVzbHozeEdhdVlaMVI2SnZXWWVWUHZoMHlKcmw1dTVPSUFoOWJnWjk2Z00tY1NCVlRPRlA0TVYwT2NkcFNSNHhMZHVnNU9VMjFicC01aVN6QQ?oc=5
2026-02-17 03:00,The Motley Fool,fool.com,Beyond Tech Stocks: This Utility is Powering the Data Center Boom.,https://news.google.com/rss/articles/CBMimAFBVV95cUxNNnI3Uld5eHVMTTlHc2RscFlnN0NaVzBUeWtuNW1VZnYzeWFWb0hMcmRYUHltSVZtUkhaZnduZ3ExNmxodnVXYnJ3clFwamt2cjRONGtWaFFzSDE5cEFqcXdscjUtbkRMZ0wtU196TGdkMHVWbTRSbWFTRG9zVnktbG1VR3RDUWgxV2kwT1JPTVVCdUlwS3o3cw?oc=5
2026-02-21 03:00,The Motley Fool,fool.com,"The Smartest Dividend Stocks to Buy With $2,000 Right Now",https://news.google.com/rss/articles/CBMimAFBVV95cUxOTHNHVUVQb0RCNjk2Z0puTmJyU293aGVJX1ROT2hIT2dMUGJxU0QwSVBoNUp4cW5vdFlHRWIyRTJ0eGtxQzRtbU0yNU9mQ19Ddm93M29XNFhjUWlvd3UxaFUyMnY2NEF5LTNiVjdlOUdxT2s1OHcxUXVRNHFka1Rjc19EeGtkcE1NcWdxOG9MM0hhZlNzQkJUQw?oc=5
2026-02-23 03:00,CNBC,cnbc.com,"A look at the utility names on Josh Brown's Best Stocks list, including one nearing a multiyear breakout",https://news.google.com/rss/articles/CBMinAFBVV95cUxQaXBmZXhTcUpvdUR2TlhURWoyRUlVbU1KWmpYWjlGZ0pyelVoMUFKcEw5WGN5Mkg3OXNTVjJrbjlzSkJlM2pESGt2b2UxTHlJMzVNMkZaOWlTWHlyalI4dzF1WWxtUkY5NGYxaFdtWjY2Znl5eHRyc0ZRTFlvTXlEWmlmTWt6dlpRaFVJSzhTaEZaRDZDT093dHBuMGw?oc=5
2026-02-24 03:00,The Motley Fool,fool.com,These 2 Energy Stocks Are Helping Solve AI's Biggest Pressure Point,https://news.google.com/rss/articles/CBMimAFBVV95cUxQR2x0bDl2UWd6V1dDWkdwNGJOZV9VazFteWQwaFBVRi1JNVNKRG9JRWJyQmJMNzV0OGM3NmdDUkpRSnpVNnFmbVY0ZE1fTkNHUVlwdTdING9ncW8yZ0I1dzNQMUx1dUpxWnpDblNHMEtYUW1HQmtheUNxdnhmVGVIS1JTODlqQk9SN1hoUnY0aDR4SHpvXy1Oag?oc=5
2026-02-26 03:00,PR Newswire,prnewswire.com,NextEra Energy to sell equity units,https://news.google.com/rss/articles/CBMilgFBVV95cUxPMEc5blhMTEFDaDY1emVqRElHbUlhWlBwdnltSndMOVVOMm5nR0FCZi1DSjBzTjIwT0J3MHZ4aTVPbW9HdGZvcWF1ZHV6UWVKSTZtME5LR3ZOakZlTktsNG9ULTl4a09YVVJMS1ozd29hSnRtMVowOUNPTVpxRWlQUG9tSG1USjJxOGJ6emNia1dTNnk3bEE?oc=5
2026-02-26 03:00,Reuters,reuters.com,NextEra Energy to sell $2 billion of equity units to fund energy projects,https://news.google.com/rss/articles/CBMitgFBVV95cUxNbU1nYVBPTXNkZGRaX0h1SlpzSFJha21oVjA1SkxjUUU3cDdlTHhfMEVzeW1vUUszQ3RtUUJWdm9Kc2Nwb2t3aEpRUmN5dE1lYmVYakNkcnd4Rm5hY0NSVmxqdmN1cjladm1UT0VPU0xxcU1oeF9rX2dmMHRCN2Yta1NoSklkVTNOVk9Zd3gtQzZieEZKVlNYZmwyTG9KUDktbDhTbnBLaW9na3NQR0g2aU84VEdBUQ?oc=5
2026-02-27 03:00,Investing.com,investing.com,NextEra Energy shares rise following $2 billion capital raise,https://news.google.com/rss/articles/CBMivwFBVV95cUxONmNRU0V0dFg2S3l1ZnhzUnBsN3BiRWtSTUdqQVVmQk5mTVZ4cGlCLWxVc0d3RzB6VTVLMXhQbnZzS1JYQndwQWEzTjBCMmFwQjFwT044Sndlczc4SkVPUHNwLWZtOTRibUd3SWYzZDdkNWl6cnRVXzc3a2daT1FCTkEyVHEyTG55QnZmNTR3MTk5M1pQeVRuUUM0Y0x5R2ZpTFdyQjJVMHhZeVJTbDN6cjJJTEREN0cxdWYwMUd5NA?oc=5
2026-02-27 03:00,The Motley Fool,fool.com,Better Energy Stock: PlugPower vs. NextEra Energy,https://news.google.com/rss/articles/CBMilAFBVV95cUxOMzAtZERsME1RYmQwVnFENXlxUVRwaFFqa09oOE1iczRLUnZMSmIwM0ctUGx3Z0JLSFZLU2JpYmp1N2Y2cmRldktGU3A3ZTc5YnJvTHBtRVY2QUhsVmZQNDk1Q0IteWZOTHZGNnlNV2lnbDBMTHBLZ3JjQlEwYnRVbjlwMmZRamhFRDRIa3VrWnk2ZDNG?oc=5
2026-02-28 03:00,The Motley Fool,fool.com,The Biggest Bottleneck in AI Isn't Chips Anymore; It's Power. These 2 Stocks Could Soar in 2026.,https://news.google.com/rss/articles/CBMikwFBVV95cUxNNUJXVUhkSVNWZVd5bHJLMjNGNlFtOFJST196RTBndGJJcUtkMzBJZ2Y5MkZYQkdIV1lQNXoxMDFrSEFLZ3VqdGdCLXEzLW5BSWJNdktzaUxQT2oyX1FlNzBISkRwbzBmbmVoQjY3ZkFHelFWYks3YVB5VFA2Um85bzFZM3EwbVd2S0lUNS1kb2Z3VlE?oc=5
2026-03-02 03:00,The Motley Fool,fool.com,Want $1 Million In Retirement? Invest $100 a Month in These 3 Stocks and Don't Look Back.,https://news.google.com/rss/articles/CBMimAFBVV95cUxPN2wtalZUbUdEX0pFVnFqTDgtTTBqOHhaWmZvdmowZTA3LVZrVl9mdk5HYW5PRHFON2VIRlVsT2xKVWNDSWRGYkhKMHhBNGpyTTFZYkh5UzIta2N3TUlqRkJfUGhEY2VnMXlscGtsem9iLUJYUWlRN0FaUGRnVDY3Z2pMejJrX2FISEVtdkVzeTdIRzdGOGE2WA?oc=5
2026-03-02 03:00,Yahoo Finance,finance.yahoo.com,Is NextEra Energy (NEE) Fairly Priced After Strong One Year Share Price Gains?,https://news.google.com/rss/articles/CBMihAFBVV95cUxONXVnaVFfcFJfcGQ3MDhzejN5UWFVWHVyYkVOc0xXU0I0STlPMlhlZVpTakVXVWdvVS1PRHpJRjRIUkI3ZkJHVEVhWUllNGtEcHBkYmptUWhzSWVHOGN4eGZMeVNxUlFqNnF6RTdBbTRhSkxaX2RJUE1HYnJyd0NPamdveC0?oc=5
2026-03-03 03:00,PR Newswire,prnewswire.com,NextEra Energy to meet with investors throughout March,https://news.google.com/rss/articles/CBMirwFBVV95cUxNM3I0RW1SU3lUS1dBQTI5T0FZWEpPRUtWUXltSzRWUUpYekROTDRmUGF5aDJZcUZGZTFhM2pwb0R4dk00OHRlU1NocVFpX0g5anFYQ0xtZkQ0dUc1QkR5dlAtaXJONGdBeGZzU3RCSFBzMGR4UTFZdmQ1SUd3RE9ieUlJUUZRUkM5QlViOFZzMm14LTZ5R3FJSEotSzVrUnNIVVlQWEFwb2U5allDVmR3?oc=5
2026-03-04 03:00,The Motley Fool,fool.com,The AI Energy Crisis Is Real. Here Are 2 Stocks Positioned to Profit in 2026.,https://news.google.com/rss/articles/CBMimAFBVV95cUxOc0NKOUdWdnlHakVKektkQU5PNGstaFpUZGhhV1QyUkpvR05FRmFINU43QjVXMjZjeVBqMTBldUpEODJ1c3RmNFYzaDlHZHBVSGdIczR2Q2NESC1rVzdrc3p4czFnOTg2cmVSMy15RE94Rm1abmIzRDY1XzRyUkJsMXpoSDJ2S3hCSTdLS0oycHJLVjVDTkJ2cA?oc=5
2026-03-05 03:00,Investing.com,investing.com,UBS raises NextEra Energy stock price target on power demand outlook,https://news.google.com/rss/articles/CBMixwFBVV95cUxOc3pjeEVEX2JzMWZ0NGxTMFlVRXY5TE1CWnNubTVxcmZBa0k4bTZNd3o5aFpmWVFiQk8xU25wUTk2d2FONFdmTTFFVUVHR0ZDUE80c2k2dTlkN2QzeTJHQUJWV0E1dllHejE5TTNkaG52SkljNWtabTZld0NiWGhmY1lIUm1zSEFzMC11SDFOUWFYdHpyOWdjM2g2aFJ1S3owR0FBUVB1eks1Nlg4QUstekNWbkhDWHZfYjBIeTMzR25JRnNUT0Uw?oc=5
2026-03-06 03:00,Benzinga,benzinga.com,"Zoom, NextEra Energy And An Energy Stock: CNBC's 'Final Trades'",https://news.google.com/rss/articles/CBMiwAFBVV95cUxQWXhqZXM0VU42R1JLOHRDM3FFcERYdWYtVzZxREU0OTQwWC15bXp6MHBYUHhIRnhxZGg5NElBS3VfTlU1dFJrY04xZlBKenJPQ1hoeVNIRUlCcmRtYzU2Skd1c3RpRTlwckI3aXhQQW4tQ2ZpMnlMa0pqLV9uWV9BNW96UnEtQmJzVkdPM0ZyVWhfekVfLXFBanptMDIzSVNyTEpRVlVla203c3VGLWNfdk9naGdjNkpxYVBmdmFXUEI?oc=5
2026-03-06 03:00,Yahoo Finance,finance.yahoo.com,NextEra Energy Targets Data Center Growth With Gas Heavy Capacity Expansion,https://news.google.com/rss/articles/CBMihwFBVV95cUxQbXVkWnFmUGJITlIwWjRUZU5ZNU5pcFV4YnE4SFFNMUxUdl91M0dybnZ0SXAwb3FPRmxtdEZLR05PRGNheFdYd1lxNjRZV2NPMFBvN2IxOXJ0T2dxWGJIc1pXMk5EcTUtTkV6NVJWZlFxYTFlQ1dHbDJoZC1SSmF4YnMxTURXR1U?oc=5
2026-03-11 03:00,Seeking Alpha,seekingalpha.com,NextEra Energy: 5 Long-Term Positives (NYSE:NEE),https://news.google.com/rss/articles/CBMigwFBVV95cUxOYlZybmhacWw1V0E5cXkyUi1JTHdRMUpVZ3ktTVhJZXI0RldCam1Kck9MZ2R0bDFIREs4Wjh2Y0VYRk9PRUhXb0h6VDg1M2JLaTNYTk1HSXU1VTRRMkU4clVsUGxpdi1HYm1IdEl2RVhvR1VleVlPSDBNNW9ha096d0pVOA?oc=5
2026-03-11 03:00,The Motley Fool,fool.com,3 Brilliant Growth Stocks to Buy Now and Hold for the Long Term,https://news.google.com/rss/articles/CBMilwFBVV95cUxQS2NVQzVTbjRnd05uOFdRNzRaMmN0R2J2RTV3U0lKNXdiM3diNjc5eTVvcWNZVHdzVVZMb0RiaFlVTnRtZHdJM0k4b1JIN19KZV9ac0p2cGVSakI0dGlUc2tsUHoyaGIycGd1VjZZZExDT2FuSFhEMzM2cU5BeFI2RTNyYlBleWJsd1dFaTljZ1BXUW41bzFz?oc=5
2026-03-11 03:00,Yahoo Finance,finance.yahoo.com,NextEra Energy Faces Risk Oversight Questions As Chief Officer Plans Exit,https://news.google.com/rss/articles/CBMiiAFBVV95cUxOOG9JQlZRd0U2WU9hZk1HcjE3TVU3YXYxMlJpa2dqclQxbDJCRVJTdVpzWXM0SzVfRzE4VFRYZ1dNNTY1TGhldXIzZlg4dmlxLUVVMUhZQU44U29pSjYyVkNxZ1U4SXlDRDNWemVpNmNFUlJrdkRaOUVEX1RvRlpaYUFKbDJsZzFr?oc=5
2026-03-12 03:00,Yahoo Finance,finance.yahoo.com,NextEra (NEE) Anticipates Adding up to 30 Gigawatts of Power for Data Centers by 2035,https://news.google.com/rss/articles/CBMihgFBVV95cUxPcXdwN01EZHdxSDZzVVBNbHBkY2lVMmViZUJ0TFFaWVpnOTNDb09wOVlUWW5iRk54NGF0eXAxaFBxU1B0YXUta3pjdnY1dU9WcWxaM3pKMkZ6R01HOThXQm1SRGJ5UFFmcHdENVBDZ1FHTnRkTHJraHJEVHpCYUp1XzJfenpkUQ?oc=5
2026-03-13 03:00,The Motley Fool,fool.com,2 Monster Stocks to Hold for the Next 10 Years,https://news.google.com/rss/articles/CBMikwFBVV95cUxQMGthNE5zMTc1WmgxXzRYa2hTUUNzbm9zRFJSV2xWLXhyOXBpcHpfX3dpN1RsSjZ5cWNnbnpnVWM4X2RRTXB2Qi1iUTBfLVFLNFdHTi10Vm4wdjN5LUM1RURZdHdEUk1HMV90NnZXbTdGOHl5QUxrTktQR1dLQUpiNFJrekhRR2xmRWRfSWwzZmtickU?oc=5
2026-03-16 03:00,The Motley Fool,fool.com,Better Utility Stock: Constellation Energy vs. NextEra Energy,https://news.google.com/rss/articles/CBMikgFBVV95cUxQaTZKNTNLTWkzdUk4bTM4S3U3YXllN1hSYU1haGNyYkFjSU5WMnhzT3dwV2xzWDdrRGpnb1NqWmhRUVV2dHBtVjdjNU1FLWE4dTAwMzdPX0JoaUw4WEFVMHRUTk91VHJPTGpFVnFTTzdMcmozenhyQ2gzRFBvNEFrTWVlcU1jUDA0cFdGRnUtVGVUUQ?oc=5
2026-03-17 03:00,The Motley Fool,fool.com,4 Dividend Stocks to Double Up On Right Now,https://news.google.com/rss/articles/CBMijwFBVV95cUxNV1J1clU1SjU5LVRCYzRBd1Z4MHJjTjh1SkFuM09wcmN3Z2kycjlWMUlzZ1N4eXZiUThrUnJLLWpxdnl1OUw3djZJa1lPcVk5NU9ZWTFPMmJfVzRTRXhjNzhRZ0dvWEd6Y0tuWFI5c3BqajB1V0Jkb1A4dk1ldTgyMEZiWVQwMGZCMHZoZW1Zbw?oc=5
2026-03-18 03:00,The Motley Fool,fool.com,This Solar Energy Stock is Rising As Oil Tops $100 Per Barrel,https://news.google.com/rss/articles/CBMilwFBVV95cUxQYk1UV3haV2d6blMwdWdKX3A1dHlNd0tnUkFTTld4N21zZGh3VVZEUm5LYXE5M01LZVlBLXdhSTZwM3VsOUtnclJoTDFjdmd2UnBUcWxBNUZsRjA1dXZYMkZKZ2NmYW1BYXZfckZ4dHBBNzFUNFZjRWI2Q3dKeTY5dzVVQWQ0VGk1eXFaSXgxYWYwUFJlSTFJ?oc=5
2026-03-18 03:00,Yahoo Finance,finance.yahoo.com,"NextEra Energy, Inc. (NEE) Plans to Sell $2 billion in Equity Units to Fund Energy Projects",https://news.google.com/rss/articles/CBMimAFBVV95cUxOc2t0LVUzR2YwMDFNTEU0M2dZVUlwLVdubFQ1bkJITTAzd0c4OFAzeEJSWWtGWl9aTlB6ZWhTUFNuQTE1SUJNLThFY184V2JCUm8tVGVDck1UNnFWcjNFZ1pocDdjeWhKYnVEUUFWalRDWFlWSGRnd0p2OTJOQ0xFQU5wc29ud2ROUGQ4TVg1VnpldmszLTNhdw?oc=5
2026-03-19 03:00,The Motley Fool,fool.com,"This Nuclear Dividend Stock Could Turn $1,000 Into a Lifetime Income Stream",https://news.google.com/rss/articles/CBMimAFBVV95cUxQTG91cGlkM1R5YkNuZ01qYk5VS1hkOUxHMmprYUg4S3NnT1FNaEliUFZzQXltT1ZGQktTQVN2TjhLd2tRM1pYWTNZMG5na2ljOENGM3pzNGNRbjFudmE3UmpaOU1McDF4VFJDbE1CdC1hMi1zRjZGZWo0Qzl3U0JkdkhyYWdYR3hIQ1NvOU1VOE1BQ3pFTTlGYg?oc=5
2026-03-20 03:00,Investing.com,investing.com,NextEra Energy subsidiary sells $600 million in junior subordinated debentures,https://news.google.com/rss/articles/CBMizgFBVV95cUxQUDhIeHJHeV9oYlhGekFiX1dHUkxWU2t5Nml3cVZqLW5PdzNhbnFIYmZPc1BHMzl1UDNXdkZyaXMwQnUzd2FOZ1N1bmZpUjZodHNPcGlNckxqcHMtM0hBaFBMeEMzSTdsNFFBTExqVUp1YVZack12THdJYzF3dERGTlR2NGN5dElQT3k4bmhmaTB0UllpVF9WSElSc0FQVHdyRzRIM0hQQ1phc0w0TVBmYUtMR2gxc3RHa0NDQ01hbC16ZE1WTEhtVDJwZDlJUQ?oc=5
2026-03-20 03:00,PR Newswire,prnewswire.com,NextEra Energy receives approval from President Donald J. Trump to develop up to 10 GW of natural gas‑powered generation to meet nation's historic power demand,https://news.google.com/rss/articles/CBMitwJBVV95cUxPblQxa3dRWnZfVVFFaW1KM21Od0xjQ3JKdGF4ajR5RXgxSkQ1TEtPbGhHcXZXdnVHRW43TXJDRFZCR3VPLV9yajhxRWtQZi1oZE1jSTc2eEEzdHZGYjRHTkZWTFBXT0YzRkd0S0R4bVN5UWlUaUZqSnhHVGJ2aXI1YWw2V1FsUm93cXIySHJDUGdBWFlHRGhaT21LcGlNM3VKbktMZ1dFN0thdUI0S0E4d0hQbmwtMTE0bUZOOHZUMjRzUUdRU0VkUnlwMVRGT1NMOXplS0EyWVdnSHZ4MU9SVHNiTWxnb3JvT0VqclhWNEMyR3FxMnVoazlNeDJ1NHpGWU1pUnlMMzkwU0V2OTdscU1KaVMtTHFyTVgwRWFVWHF6RjlDX2FZaHNnQ0txUWw1Mkt0UDdiRQ?oc=5
2026-03-21 03:00,The Motley Fool,fool.com,This Nuclear Energy Trend Could Be Bigger Than Investors Think in 2026,https://news.google.com/rss/articles/CBMimAFBVV95cUxPVFB3UkI0bjZKbHByemlVMGJIMnBEUXBUSm1DUnJFVGFHeVlCSmNSMjN4ZEk2YXFRS0E2MjhHWFpocV9FVUd3ZXg1S0pQUTB3bDdOTFU1cFFZckpoODNaSndoaGJSY2RocnM0aWRhaWdoT3hVTHFDdmRnMXNfdzBma25rQjAzOXhibnhPODd0ZThrUlF0MjVKUA?oc=5
2026-03-21 03:00,Yahoo Finance,finance.yahoo.com,NextEra Energy’s 10GW Gas Plan Tests Clean Power Investment Story,https://news.google.com/rss/articles/CBMimAFBVV95cUxPbkxyQWJVX0o2WlVnVXNIbm0tYzd2YUlFcDZ1ZVpRTlpjQkh3d2hrZDJnOXQyVDBlMEN0SlBxUjRxUzVTdnh0dmJtYWg5UDBKT1N4dmZkQmpEaGRkVTI4RGVkd2trS0diRzJyNk9TbVN6TUJzY2FiS0FidmRWN0VBbjBseURhUy1CdEN2N0V4WHBpYmloWTBMRA?oc=5
2026-03-22 03:00,The Motley Fool,fool.com,2 Brilliant Energy Stocks to Buy Now and Hold for the Long Term,https://news.google.com/rss/articles/CBMilwFBVV95cUxNT29NUEstVXFxN29veXp3amo1MjBrWWRJQV9DcEFBczBHRERpUHlzdEVHTnJCOVptbGQ1dFUwVjFMOUQwT0xIZU1VcW9COVNmNWZZdXlpWV9hM283cEVRSExoV0JFWlBQWTBiUW92empRY0V2NXdaMVNJaWJzTS1VRjNVdDlPNmF3bUxqNVAzUUdBbmIzRmsw?oc=5
2026-03-22 03:00,The Motley Fool,fool.com,The Best 3 Renewable Energy Stocks to Buy and Hold for Decades,https://news.google.com/rss/articles/CBMimAFBVV95cUxPVDc2d09RUE42ZTJMVkx5WmRsOThRREh0OGtBLXh1ZXB2eUViS0VXZDNoS0tGb2VEX1BDZmdTT0dtZzVNWmNwdlVJV1Y3UHN4cEtHSnFXTW5xaTQycWdDX0lrVDVvZUJpZnlxUFkxXzBCYW9rRzB2cmZlYUk1aEhtWS1KeHNSVi1PZlBvLWJXQWlXU0xoMDhaYg?oc=5
2026-03-24 03:00,The Motley Fool,fool.com,Prediction: The Next Phase of Artificial Intelligence (AI) Won't Be About Chips. Here are the Stocks That Win in 2026.,https://news.google.com/rss/articles/CBMimAFBVV95cUxOazA1UHJ0Wmd3dE5ocjFybi0zQ09IUVdUUFdTQUMwU2IyRGsyRWZBbDdLUEFhYUJOcFdtQWl4RzRyVVhBYWVCZVJhZWcxWldkeW53VEJOQWMxRHN0OFlBMG9faWd0SDZUVHRkMGJqZ29nb2tpREVjVkZDRFQ1LU0wSElfZlF6cHpVc3VkeWR4ajNpbXVlazdNWA?oc=5
2026-03-24 03:00,Yahoo Finance,finance.yahoo.com,NextEra's Federal Energy Deal Could Power Its Stock to Higher Highs,https://news.google.com/rss/articles/CBMioAFBVV95cUxNM1pNS3lpd2tQdGI4Xzd1WDZ6SW1qcjhPTDN3bVlJdHctandxc1NJb1MzMmxYRG10dVVrbC1ldFZpZlIyOF9Fa0IxWGo5S0l0OEgtYkdjVWx0U2M5ZjVYVnRmT0RrT2ZmUWZTQ0ZyRi05eWxWWXk0a0ptZ0lCY05rZUxvcXU4TTdPM2RmS3oxYVJyZUg5TTZ2N3lzaVJFR3p1?oc=5
2026-03-26 03:00,The Motley Fool,fool.com,1 Energy Stock That Actually Benefits From $100 Oil (It's Not Who You Think),https://news.google.com/rss/articles/CBMimAFBVV95cUxNem1xeEh0UHBER3VLS0l2R1B4dGYycWNuQ3dDQzBCYnhPaVN4Skg3UGZaLXFQeE9Wb3VaemNNOU1jU0otSjNDTXBPN0NKM1JCc2NLWnVUR092eVJQNVd6SC1KUnFoUUhLM1hyRG9QU1pmSTl5V3oyNlpDcmRWX0dtV1F1eUo1STFyRV9MRW5vQlNFSjFSM01zRA?oc=5
2026-03-28 03:00,The Motley Fool,fool.com,Here's Why Nuclear Energy Stocks May Be the Smartest Buys of 2026,https://news.google.com/rss/articles/CBMimAFBVV95cUxPNWJIVG9XWms4SGd3bU9qM19XNjdoYWNsbmFIcjhSVXhveUxuUlBHV0RTUlQxM01sbnpHMFd1alRZdkR2bmViOE1OVEZzb09oWkdUTVF1dlIyeVJoUTNkRm1JMFdsRko0TGViejF6bGRNVHpyTkExQjhTdFlYYnNJRjJuVGw2LWFZMFVxdTFRbkdSdGF4UzhtZA?oc=5
2026-03-30 03:00,Yahoo Finance,finance.yahoo.com,Is It Too Late To Consider NextEra Energy (NEE) After A 34% One Year Rally?,https://news.google.com/rss/articles/CBMinAFBVV95cUxNSWNhQ21vVlpUcXMzaG5oZnRCcC1FQmNidFNGSmxXZWpnR3BwbUpoVUZnZWtReWdPeWRWM1FTa08taExKcW1VUVRyX094enJ5MW1ZUGNvalRkYWhmcHdrS2IzT08yaG45cm9YelRWd0NHN0FNSWp1OUhsVl8wb0JZX3pFaTZrMnl0eUc5MUF1VmwxYTRFOWRIOUpwWUg?oc=5
2026-04-01 03:00,The Motley Fool,fool.com,2 No-Brainer Dividend Stocks to Buy Right Now,https://news.google.com/rss/articles/CBMikgFBVV95cUxPUHBteVROb3RMbFJ1enRlX29aOFJfcHhIdmxfeFJXQW1RQU9zMG9mZmdRbmFlUTBPZTZfR0tENnB3S2s4ZnNGYWsxVjNubkxDMUQ4cTZtcWlaOUFwNGZYQklUbUlmYjJWVkZEOU5XREYxVjcxYlBLWWdXbjJZdUNXcXJfVjlCMTRwNDkyVUFOMWhJdw?oc=5
2026-04-02 03:00,The Motley Fool,fool.com,2 Green Energy Stocks to Buy in 2026,https://news.google.com/rss/articles/CBMihgFBVV95cUxQWkFCbi1QWkU4a3dqdmhOaUx0SDAzaDJWdjh4UE5jNmdNNHFFTFlMVXA5b0gwYkhDM1U4VTFsSTQzSVhjTGJPRGpOaVZUcTdHZktkWEpXU3I4VnNua0s5bU16VDVwWl93NWJ4eVBLUUVDM28wSkZQckRGYVpIV2kxdy12NS15QQ?oc=5
2026-04-05 03:00,Yahoo Finance,finance.yahoo.com,3 Utility Stocks With Strong Dividends and Room to Run Higher,https://news.google.com/rss/articles/CBMinwFBVV95cUxQU2lHclczbi1zTV9rVjFJZTZ5SzhJSHdqQjhpUFdzTGRQTHlWeHBzQ0Rkb3RHZ3B6cXdWcU1meW5ja1F6dHF2cXhYZWU4bW9sNmdIRXFzU21Sd1FTYkx1VDlCalpmQmQ4VVRQcWV0YW1naG5nRF9Cb1JLeUN2QW4tcmlrRzFqbnVmR0JZMVhaM2RLWnpWNll2bHNXVlF1VzA?oc=5
2026-04-08 03:00,Yahoo Finance,finance.yahoo.com,NEE Stock Surpasses Industry in 6 Months: What's Next for Investors?,https://news.google.com/rss/articles/CBMimwFBVV95cUxOTWJFYy1rWG00OEZ6TC1CUGFVelMyZ0J0a21PR0FNdG1LOGttSVlhbUIzOFJoSGxqUk83a1otZVZNOHVaRzVndm5vSHNMODFoR1c0Z1FQNGY0Y0hQSzhKdzNoLVdzU0FfNlR1cnlNUlYwQTh0Wm5TNzA3N0k1czNxSUNaSWdKaEV5bGdEZjJZTF9sMDdhaDFlZkw1TQ?oc=5
2026-04-11 03:00,The Motley Fool,fool.com,The Energy Transition Isn't Dead. Here Are 2 Green Stocks Worth Buying This Month.,https://news.google.com/rss/articles/CBMimAFBVV95cUxPQnVhZjd6MzI5ZENnMjFvRUI1UHZqeFB6bEhOZDdhQ2tpMlpyR2otVWE5UVE0b29hX3FUOHd0emdoMDRpX3pLb2d2MDRFZFBCT0tINl9kb3dPdmpYTmlzVnNpTG43WDZTSmQ5R0M2cVdHcE9ZNE5KOURHbjVENUFMc0RSN29rRjRDR2hKR29kU1ZMN2VPakRzRA?oc=5
2026-04-11 03:00,Yahoo Finance,finance.yahoo.com,Will Climate-report Pressure and Q1 Earnings Shape NextEra Energy's (NEE) Paris-aligned Transition Narrative?,https://news.google.com/rss/articles/CBMiogFBVV95cUxQcUxnUnhuc1otMkJGWkRXNG10Q1pSdnhuWEtXRmNPMDBJcWdzNzJfZjhqdjVEMGItRlVkTlVLOGVLaXpUZFVOb1duMl9UcUJEVDNkNVl3OFVHODNRb1BQNTZZY2plTjZ4TFl1VnBhdjZBcTNMSHhsbHRPNGZEeXBQXy1jdjFtMzNUV2RyY09TVVpfVWFLckpWTzBwX3pUNnQyVEE?oc=5
2026-04-14 03:00,The Motley Fool,fool.com,Trump's Team Says Don't Worry About Rising Inflation. Here Are 3 Stocks to Buy If They're Wrong.,https://news.google.com/rss/articles/CBMimAFBVV95cUxQN18yd0VYanA3bnJoSzUwLXgwU1dmQXpoUDJsa0VvTTYxTmllWUpMcXdoUTZWUlNjRUZzTF9rX1dINUZtYlg0S1dlOU5oMVBSZTlmX3V1a2hJRlMtVmJWVVJRV0gtMG5pcGpYMEhaMV9WdEc3dm1nRkN5SVU2djN6QmhKaHhJUkk0YWtReWlXa0JWMWxub3R5OA?oc=5
2026-04-14 03:00,The Motley Fool,fool.com,Why NextEra Energy Is a Safe Way to Invest in the Solar Energy Boom,https://news.google.com/rss/articles/CBMilwFBVV95cUxQZ0VZWmxJTW1zdEJLSmhzc3YweEIzRmE1MVJiSzlrM1prUUFYclJEemc1X0dvOUNmOENwcmVXRzFmcGdkelZ2MlBDOGZINEJuRHEwRlllRU90c1J0blExSHZxZllaZ0FYNXhpTFVMTjBYY3Q3bUNwVHJoME80QjJtaXV3VmdZZEdfbV9vNmd4d3l3djdoMlA4?oc=5
2026-04-14 03:00,Yahoo Finance,finance.yahoo.com,Is It Time To Reassess NextEra Energy (NEE) After Its 39% One-Year Rally?,https://news.google.com/rss/articles/CBMingFBVV95cUxPVzVhSjNqMWpiYzR0Um1vVDZKYUV5a19ZYlMtNkVLdU5tVk02YUU3RjQ4WUx4dnkxWjUzN2Vzbll2WTIySDJsbVZCWG1XWWl1MjBIQnJ4X0xWWm1aNDdNczlTLTg5WUctYWM0cjY2cWlYd1I4Q0ZJbEp4U004TEkwQnJyN1RTb1BuYnpqbkVMdlJPNmRkOEVLUEkxS0hqQQ?oc=5
2026-04-15 03:00,Investing.com,investing.com,Mizuho raises NextEra Energy stock price target on gas deal potential,https://news.google.com/rss/articles/CBMiyAFBVV95cUxObHdkRE9NUW81VTUtZE96NElxT3Zubk5QRG81ZGJLeVF4MnI4ZE40VDl0aWg1Z1RrWU53VGNRY1JnNk5sMFpqb0JjQW10YkZGc1ZRZXZRb3JEYThOQTFveDNPVlB0S1NkOGtlbXVidEZ4NVJIRV9KcjF2T0pXcVdFRDYtcnJDLXJWVUZXVGRZc2c2UE9ZRk1GSFI4cWo0YmwwQ1NMSTE1Y2FINTRLYVhxNjB2X1NWQWhBUU5LeXJxTUZENFNtd3hnTw?oc=5
2026-04-15 03:00,Yahoo Finance,finance.yahoo.com,NextEra (NEE): Jefferies Raises Target as Data Center Deals Come Into View,https://news.google.com/rss/articles/CBMiogFBVV95cUxOb3VXWXFnXzMxRUd6ekp3UWxfcW9ROEpKUGtzdldQV3NDazFzU2dfQTZMZGpRZFZ6MTg1ZFNlUFFYZk12aHVvNlV3NFl0eGtiVDh6STdwak1pXzhQQUk4XzlhaDczWVVjZXpaOTduYk8zU3ZMdDhKRTE0TWVTVURSa1I4bnRfVDk5LWU2SU44dTl1ZXpBNmxnN2g2b1NreWtNZVE?oc=5
2026-04-15 03:00,Yahoo Finance,finance.yahoo.com,"NextEra Energy, Inc. (NEE) is Attracting Investor Attention: Here is What You Should Know",https://news.google.com/rss/articles/CBMinwFBVV95cUxObDdlRVRDbEo1VTl0TUloMGwxZHRWb2RJRmUtVjFuWnNRRGlKMF8wQVdBUTY1V09NczRLZ0I0dWMzQUpianBLRl9XT2xjek9TRFhNQld1UEdHajFUd1pTVGRDVTVhQ3pqZU9GeEpKWlhzc0NXbFNPY3g1alFGXzVRTl9zTHIzOVRIZ1FkU016a1R4X2Z1ZFk1N051aVdUdnc?oc=5
2026-04-16 03:00,The Motley Fool,fool.com,"3 Dividend‑Rich Energy Stocks That Look Built for Long‑Term Investors, Beyond the Iran War",https://news.google.com/rss/articles/CBMikwFBVV95cUxPcS1Id0FTWk5Nbm9pYTFfRXNXMEc3MS1RNXZyZU42aThVamdEb0dURmNiZU1VVDgxSGpFanZ5MmkxdVUzM2czTVpfUENyWXJ1S0tQU3ZsSWZRYXAzQTljbEFSUW1Tdmt4TGxNTWJuX1VFYndVVU9JN25xNWxXTFFNMXpiUHp0MkhBdzB5YW9rUGRfcHM?oc=5
2026-04-16 03:00,Yahoo Finance,finance.yahoo.com,A Look At NextEra Energy (NEE) Valuation As Recent Returns Send Mixed Signals,https://news.google.com/rss/articles/CBMinwFBVV95cUxQZ25pNVRwbFlDVU43Ujd5THkwa25QaE5raFZRaGxXajRkcDlhc1FoeTF0cy1oM3N4ZnpsMVhpbXlqYXEzTG54SVlwY3FLQ2JtUm9WMDR2UHIySWd1SFFzcXR3bEhOM2J1Y1FkbzZPRFFWQkF5akhLMl9GWTUzNDRZYkFyZXRFeE1Zdmlta29DdE8zcWUtN0VkNzN4RkZjbUk?oc=5
2026-04-17 03:00,Seeking Alpha,seekingalpha.com,NextEra Energy: The Utility Story Just Changed (Rating Upgrade) (NYSE:NEE),https://news.google.com/rss/articles/CBMiowFBVV95cUxPZlRid1ZObFA1Z3U3MzFmRW5UM0drQWlrbGlaWE1WNnJrU05ZUEJCWDltVWdzc0ZqYWtBcFNIaG55X0Vac1ZoS3dYSjNzaHBlSnlEQjlpS05YbVBNRWhaQzltaGNGTnlaQVd1OE5VRmRvdmV2VkJKRDJ5V05qeTBDbDhuRVVRN0xhQXhlTnY5WXBzQ1NEaEtyaUh2SUR5MXAwY0lV?oc=5
2026-04-17 03:00,The Motley Fool,fool.com,Dividend Stock Showdown: NextEra Energy or Dominion Energy -- Which Should You Own?,https://news.google.com/rss/articles/CBMimAFBVV95cUxOQ2MyMklTakNUclgxSUNxT1RQODg0Ri1zcDNma3VCRTRZU241VFRlVWtvV080aUhLanlqQjVpMXpSdjZiRkZBb21OaVllbzlzcktPMThYT2dkZnhNTzJOMm1aLXZXeFlVclplbV9WY0hBQ0p5YjZsanFoRVNZS3FKN2p2aUhqZ0loT1MtUjdKX2Y2OWx4dHNHMA?oc=5
2026-04-17 03:00,The Motley Fool,fool.com,These 3 Dividend Stocks Are as Close to a Sure Thing as Investing Gets,https://news.google.com/rss/articles/CBMimAFBVV95cUxNN0JIYm01LTQ1enl4dVVVcFo3eHJidFk2LTg0SmtoMGF1Wkp3LU9XRDdDZ2ZTTHBEaFVpYWJnZzdUVDMyQzVrZTRJdlpCTXc0NjBBaGRiemRQVHctZmNLSjV6VExBUGVmdEtaZTFRQTBKa0tXY2Z1TDZpMXp6Z01fckZwMk5SYUJIQXJlR3gzZDBJNktnSXBRWA?oc=5
2026-04-17 03:00,The Motley Fool,fool.com,Utility Stock Showdown: Southern Company vs. NextEra Energy -- Which Is the Better Buy?,https://news.google.com/rss/articles/CBMimAFBVV95cUxQTzRaWjlaSmNiUC16UkN4YmtEN080bUlqQWtMOXQ5cnlqcko1SlU5dG9zdzhaUUtRZm5ZMmIwcXpsYlpIczFlZGF2YVlaeVBFVVdVVU1Ya1dVREVMTHRSYjJhVm45dEx1TkFkdmV6eE5IRXVBaGtCU1JGNk1JdGN0eThUWkVLcmhGdkxhZlExZ1NpWXhlU3EwbA?oc=5
2026-04-17 03:00,Zacks,zacks.com,NextEra Energy vs. Duke Energy: Which Utility Stock Has Better Upside?,https://news.google.com/rss/articles/CBMirAFBVV95cUxNYm9jVWM4aUdWbXpHeFRuSjg3M0c4RGNQUndxbHk1Y3Awck9EdHpBNkJUdDRzbW9PX0pHQzJ3QXlDYm00YVR5TnZRd2VsN2psOUY0UDB6dEY0d2lPMU9scXJBOGtmdXd5aXFfMlFGd1d2N2RxbVBiRmUxUEp4MUFvMy0yUkdncG5YRWZBTXpMT0d4aHUwNm1nMDhnbGJPcGptcGdsRmRzT0dtS25K?oc=5
2026-04-20 03:00,The Motley Fool,fool.com,Better Utility Stock: American Electric Power vs. NextEra Energy,https://news.google.com/rss/articles/CBMikwFBVV95cUxPYlRRYjU0UURRcmx1aWRRY2p0S0xsRFJCZ29POWpadW5QSHRabl9KTXZCazgyOUFnQWgzSE5TZnVtZ3RhakJuS2QtbzQ4a1dsd2VtVnU0UHFuNWZPa1pfTFhUbkp0MlZaYUlmUE95bFQ4SU5yT3QxXzdsTm5ETmlaZy1qcUw0aU4yeFBBbnJGZzhZX2s?oc=5
2026-04-20 03:00,Yahoo Finance,finance.yahoo.com,"Is NextEra Energy, Inc. (NEE) Among the Most Profitable Utility Stocks to Invest In Now?",https://news.google.com/rss/articles/CBMimAFBVV95cUxNaC1nRWk0MlBOR3RBOVYtWlJ4U09HRTJ0X2xJRFROM1JCeTZwVVVfS1J6SkRTNTdweDBuZy1yMzhSZTYzZkxaLVpDTjV6NzgwSXd2bGMwd0ZRODhWblpLMVY1TURPa3ZkdWl0c3FlOGQyR3Jkc2VmV3RaNThFc3l3aFM4TkxUaEpqY0s0R1RaTWdBUWZaaFNUbg?oc=5
2026-04-20 03:00,Yahoo Finance,finance.yahoo.com,NEE Likely to Beat Q1 Earnings Estimates: How to Play the Stock?,https://news.google.com/rss/articles/CBMilwFBVV95cUxPbEZncGFLbUpyeHJXYzlHSDhabXdKSEVZTS1YZlZzNktFNjJKeEpxZWJWSnFMTVNNczAtQVk3MGtocWp1aDRnRi1zODNMb0N4ZmhDTGw0VjNZeVowSDYxWnhzLVJuaDVpTWU0SVNOa3ZpMXZweGp2anpqbkhzR3ppUlJJMkQ1MHJLYTJaSFhCb0ZiS001dkNF?oc=5
2026-04-22 03:00,The Motley Fool,fool.com,3 Renewable Energy Stocks to Buy Now and Hold While the World Catches Up,https://news.google.com/rss/articles/CBMimAFBVV95cUxNb1M4Zm9fY3FTcWJpMXAtUlI5THBaMXMzck9YeTdQMHJ1M1E3d0dsbmdQc0lxamgtZ2N3aFYwOTRBYXFQRGNyX0lWeDRXNTFGX2Vpa01zd0ktalUxUkRTcXB2cm5sc2c3N2xrSzdVaFM4dlpfeHBQQzlGZ1dvN1o3RnBzdnl5cTlpRjZ1Zm4yajgwZzJ5RDJSWA?oc=5
2026-04-22 03:00,Yahoo Finance,finance.yahoo.com,NextEra Energy (NEE) Price Target Lowered by $2 at Morgan Stanley,https://news.google.com/rss/articles/CBMinAFBVV95cUxPUVBrc0pCUlFPVXdtV2ZBbVloQWtHeGxHaHRGcGRFdnBrVDJZNUV3U3JyaWV4SHd6RE4wTm1leThSeWY2NkFmcW93RnBVaEQ1UklFOHg1UGFjT2k5MXAwOVQ2SDVpQklFT3JUVlJkMUVnVkxOTDJWZzRhVDVMUE1uSmhtejhxdVVZVUJvSnlYempQQ0xPY1JFcVpMaGc?oc=5
2026-04-22 03:00,Zacks,zacks.com,"The Zacks Analyst Blog The Goldman Sachs, NextEra, Shopify, Landmark and ImmuCell",https://news.google.com/rss/articles/CBMiuwFBVV95cUxPb1ZPcDNKQXl6Q2FnZlhqenZ5Zy1CZG5Tbl93NmdTQVpBQ3VGcFF1RC1TbkpvSWxTTTRiVHlkOXRDQmJIN0k3bWFWYlRRcGZKeUlZOUxzNk0wZGtybTRTNWQ5RnVRSzJEUzlkUThYQUZZY1daRkF0Nll0VU4wN0h3VkdseHVQM3NXaEtkMHdZTXZ5M0JpaEJ2bnRCa3MtSHJxLUFSQUZXaFd3SzRMcFZVVXlKVUk4SFlVdlBz?oc=5
2026-04-23 03:00,Barron's,barrons.com,NextEra Energy on Track to Close at Record High. It’s in the Electricity Sweet Spot.,https://news.google.com/rss/articles/CBMinAFBVV95cUxPdmk4RkVvYldBRXQtTlZpOTMzSGdwMVQ2ZjMzTUZ4dE05UENXM0xXYk4wb21tNllITUtvOGVhYlA0Uy1mMFRDcnJRZ0V5Rm51Ql9vRWtMU0wxbXMwUXJBNkM2QXRUbS1kZEdDalFiQ21lOXFHdlRvVFFFWDQ0MXJmUmJTUzRFUnlFVzhkLU1nMWxIRUs4dnpFdmJGR1I?oc=5
2026-04-23 03:00,Morningstar,morningstar.com,NextEra Earnings: FP&L and NEER Positioned Well for Accelerating Data Center Demand,https://news.google.com/rss/articles/CBMirAFBVV95cUxNQ0hPZXNvblJnOVFETEh6Rk1oSUxIWDNPbkdxb3NNZWRVRE9lOEp6bVVscXZvR2pUb0RYMFVLYXdKU2l4amJKNEk1SFB2bll2R3M1NTZmWEZuVkRNMVBUZHV3ZVhZOXIyZVc2WVJ5VkJXZG1FSEhYVUZiU2thWk9ocHFobFpTNThmdXlKRW9Da0xpS2ZKRGZDN3BSVXE4VVM4aW9aazJST1o5d2x0?oc=5
2026-04-23 03:00,Reuters,reuters.com,NextEra expects agreements on Japan-backed gas-fired data center projects within three months,https://news.google.com/rss/articles/CBMipgFBVV95cUxPU21SWE9xeE1qRUhnNnhfUkQwb1E5czU2XzVLbHc5QkhhSzFJX3hCU0VMSHhfc1FQdDYyMThIZ0laV05SMTU1U1ljV0c5X1czZXlORF8tbThJcHVVZHBCb05TTURUQ0lRT2ZsRS1KQ3VPejRYSVlfYXF3SWRpbFg2WFBNS3pRZ3RoN1lZUkxlVU4xX0NxZThyQ1ZFbk81R2FGSDVqZ1hB?oc=5
2026-04-23 03:00,Seeking Alpha,seekingalpha.com,NextEra Energy soars to all-time high as Q1 profit more than doubled (NEE:NYSE),https://news.google.com/rss/articles/CBMiqgFBVV95cUxQUnJyMDd4TTlTdDFVUTVRWnEwSDd1WWNXYWNEYjNTcS1PVnNQZDVTNmFPSUc5QzZ4bTRaNjdWRUxFcHJrQkY5TlNaNHhIUnBaUEM0MWF6eDRmaGVhMmtzSjlkUUpVSU9SQW5JZGZsQ29xeHVhU2t3VEFSQTFvWGd2anVha25hd2JxdjRyQ1diMEsyamlsMVpBSnlOR2ZmWS00bTVKbnR4bC10QQ?oc=5
2026-04-23 03:00,Yahoo Finance,finance.yahoo.com,"Compared to Estimates, NextEra (NEE) Q1 Earnings: A Look at Key Metrics",https://news.google.com/rss/articles/CBMinwFBVV95cUxNcWNERG16N205Z1RySE5URzNRRHQ4OU8tZ3BTdHUtX3dEV1VPUEc1bGwzczZXVVhhUlAwdjFPbDd1Q3FERzZRS09WclB3cTZ6bkh0WDFHcVo2UnNzU2NlMU5MMUlJU1A0XzExM3hVaGlNNlk0MTNaVWVDOHZWdkdFaTVUTUtidTNyaWhxazlrRjVZRS1DMEFMVEZ1V3I4TjA?oc=5
2026-04-23 03:00,Yahoo Finance,finance.yahoo.com,"NextEra Energy Beats Q1 Earnings Estimates, Revenues Rise Y/Y",https://news.google.com/rss/articles/CBMingFBVV95cUxPZF9WMUZVSjBjVDJhQTkwdzdDZEpROTFkS0ttSzJWZW4xUEFVR05oeVRrdVlMQTVJb1Nxdk9lS2w0RmVBMjhwVEY0bU9mbGlROV9GaDFtV1l0ZG1Dc1dIUTJ1UVZfaUJVUHlnOVgtbzBRUURwRTRyZEZ1WkVKWlNobnlfTlRvSHlwd2VwRThoVlM5eWhTVXEwR1htbkFzUQ?oc=5
2026-04-23 03:00,Yahoo Finance,finance.yahoo.com,NextEra Energy Expands Gas And Nuclear Options After Earnings Beat,https://news.google.com/rss/articles/CBMioAFBVV95cUxNV3cxaVZ5d0c4UDM5dlVhUFY3Z1BUbkJMU0VzYmVxOENOTHVDdjg5ejlxUmZ0bFNDRGtkMmRjbzhHVDRMZlJ0NEZBTFlNZnN3RTdOMnpTQVJjVVFvZE51Yi16UElZeXZ5QVJzTmFraTdYN3RoMFF0WVJ5a0hIaVZJWUJ0U2dERG5yUklIUE1pbVQwUUs2V1ZCa3BtYTZ5Z2dM?oc=5
2026-04-24 03:00,Seeking Alpha,seekingalpha.com,NextEra Energy Stock: Just Delivered 10% EPS Growth As Benefit From AI Buildout (NYSE:NEE),https://news.google.com/rss/articles/CBMiuAFBVV95cUxOdFNWUlRibXhVWlhBNGgtR3d4VXVNOTRIMEhaYm5lZ1VYQUs3bnI0SndfMk05eEdkX1UybzUxWVBOajVPMHFZcHNPQUVvWk5udF9mS2Rwc1ZGUDZyYXJZaFU5ZlFqTFd2bHhoYjZzLUY4ZHk3aFJmb2pqdEI1dXZpWWhuMURpM2txTGJTUlh1X0V2bmk5T0RIeDVHYV9RTTk0eDlTbFVRaFBZT2RkZ29CSVRKZ3h6MHFY?oc=5
2026-04-24 03:00,Yahoo Finance,finance.yahoo.com,Constellation Energy vs. NextEra Energy: Which Utility Stock Wins Now?,https://news.google.com/rss/articles/CBMipgFBVV95cUxOWF9QWWZCYnhHYzVfb21DeFA5eF8ya1Y0eTVXdTBaRW9lUnYyUUk4NHc4RWE3RTNtZWI0MGpvSU1mSW1VMF9Qd3pfRVEzSjhRLWtzaERYSWQtakhWSzlCNkdnemdjTDdkdXM1S2pIZUVtMHZYb2x1aGFhT1VHMzVTOG5aOVl6ajd0MTNiUkFLUldZT21XVmxmSGRneUwwOWpRUTJXZGlR?oc=5
2026-04-24 03:00,Yahoo Finance,finance.yahoo.com,NextEra Energy (NEE): One of the Best Defensive Stocks Right Now,https://news.google.com/rss/articles/CBMilwFBVV95cUxPYnE3RUNzbC01N1dMcU0xZlZXSWNzdTFOWmpnU211alR3Zm1LaEpnbzhjRjdzSzFYX29FMGVuSU80Q2ZpZDdxZ1Bqb2J6Qk1RcE1GNWxjcDFraXlYUVVWRzV4NmhTSkR3aERNZ21IdDRSZFdmSnN0V2ZrQ1FINmExLTA2bWw1cmc5X2dFVGpPWG1XRl8weV93?oc=5
2026-04-24 03:00,Yahoo Finance,finance.yahoo.com,NextEra Energy Inc (NEE) Q1 2026 Earnings Call Highlights: Strong Financial Performance and ...,https://news.google.com/rss/articles/CBMilAFBVV95cUxNbWUzNHZMSmMtcFY3a3FrRW44SldWdklrRi13U0pCQXNYQnp5VTVJUGpZUXc1OVlwdXdiSmxWcTQ4MUd0VC10Mm9DNFc5V191VkZyN21IMTBhdk8yRWx0TGtuQ0tkN1VFcVYyQWVIVDBOTWY3SWlmeVRnZGtESHhPdTVnS29OZF93ZFJqeUJFNmNPcm1w?oc=5
2026-04-25 03:00,The Motley Fool,fool.com,The Oil Boom Won't Last Forever. Here Are 3 Green Energy Stocks to Own in 2026.,https://news.google.com/rss/articles/CBMimAFBVV95cUxNN0J6OXdLeG9FaEU0Tm1iX2E4WUc5VmluZ042N3ZkYU13U0lWQlFaU3p2eFpnR2Q3TUdFMlFuZ3hNM3lxaTZ4aHJRZ0FENjdVNEp4c3ZsbmtJenpBYXpHc19DZjNxMjEwVGQwV2FJWk9sbFR2YVhKVmk2a2dVbzg3QVB5RlNvVExzTEdLbnBfdVl5U1l0bUc4Mg?oc=5
2026-04-26 03:00,Yahoo Finance,finance.yahoo.com,NextEra Energy (NEE) Hits a New High Following Strong Q1 Report,https://news.google.com/rss/articles/CBMimAFBVV95cUxPdm9iejdRcnpWWHFEVUkwYnZjcTFmM3d3U0FRRWlMWmlicnA1TFNNLUJ6NXA4dU1QTHV5TUxuWi13RjRHSUdOV0hjUzk4SUVRX25aRjdGLUVsT0dudXJBeVpNOGFDT2NrWmV5S3QwQUVGVUp3WU5vaHVFa2tpQjYtS09SMlZPUVlZVGVCRllYckpDTm9MMWN2dw?oc=5
2026-04-26 03:00,Yahoo Finance,finance.yahoo.com,"NextEra Energy, Inc. Just Beat Earnings Expectations: Here's What Analysts Think Will Happen Next",https://news.google.com/rss/articles/CBMimAFBVV95cUxNUDdUaGhyQ1Bld2JKMTZ5c1FjUzRnTFB1ZDRUNnRkSWstdGwwRkVBRl9odVpST0N4a04yeUxuNVJoSGktc1F5ZWtGeHhPdXVHbElPejlILTlRTF9uN1FFbXRuejVyRnVFSlZ0Vmc1Nl81dTdRMU9HSmNrTkVNNkRGemRtZnY1clVDeEpqeXpkQnJZY05QMjFWRQ?oc=5
2026-04-29 03:00,The Motley Fool,fool.com,Best Blue Chip Dividend Stocks to Buy and Hold in 2026,https://news.google.com/rss/articles/CBMirAFBVV95cUxQb3RrYzhvTkQ3dlBYSTdMSDFtS29Mam9UVl96UUpMdXRqdUtDUmQ3YlJxQUdPdFh2UHE1S3ZabHpBM1NOZlpkV1VTNDBtbnk5NDA0YzNfTjlmRHBldklMV3ROcXAzaElZT0U3bmtjSzhVUDdMaTdSdlRaWDN0ZUNCQlpfVzU4OTJKTk0xbVNCSE1yMUJhS2dXd2ZsZGI0UEJZZUpHQjFKNDBWX0dx?oc=5
2026-04-29 03:00,The Motley Fool,fool.com,Energy Stock Showdown: NextEra or Duke Energy -- Which One Wins Right Now?,https://news.google.com/rss/articles/CBMimAFBVV95cUxPOW0xeDhaVFVhSUROa1BuRjBNRmZRRzMwbTVnclkteFN6SnFzWHdsN0FKSjVHTGdnS3NJeW8xYjNwWHdqMUlodDJORXQwMU9UVjBncTFnNkNISkZ0bGswX0ZCQVpfRElacTFudkpmdExmUXFXSlotZkRoai1PbGRUR0VXQ2VMN2J2aDAycjlEcVdCRWxjZzBGaQ?oc=5
2026-04-29 03:00,Yahoo Finance,finance.yahoo.com,Is It Too Late To Consider NextEra Energy (NEE) After A 48% One-Year Surge?,https://news.google.com/rss/articles/CBMinAFBVV95cUxOekhyNVZ0TVNVMnNFcGp1bG1jRWhQVG1LTFpQVmlKMjdmNTJtdUY1aFhlMjBxTVY2eU1kYU41Wmc3ZTBoYnVMOWd5eTFxMDJGaXdNN2p6bk1ITlZZajlUcFV1eENTNERJWmQ3ektiR2E2WVJwVlNTR1hFN3B2WnYtZHlSUUZQZHpjVTd6NlNnakE4eC1Nb0JIZC1KcEk?oc=5
2026-04-29 03:00,Yahoo Finance,finance.yahoo.com,Is Wall Street Bullish or Bearish on NextEra Energy Stock?,https://news.google.com/rss/articles/CBMiogFBVV95cUxQYnBHaW9uLUtTSDdCRkI3SVF0LTVCOC0tRnNSdktPbTRGaUJYdmkxQTZqUk44b0MzVFFabkdRMWZQNTFuLWJiUWtua3RCVU4yZEtkRVFRcHRpXzhmOHBWN2xFVFBYTldmblB3YmdPY3FFSlpFU3VsZTRwN016YkJPOEZSb0d4b2YyZjAzTW5YdHY1Mml0STh0YURPNFpmLVVJa1E?oc=5
2026-04-30 03:00,The Motley Fool,fool.com,The Best Utility Stocks of 2026,https://news.google.com/rss/articles/CBMif0FVX3lxTE54ZWcweGFlbXJQTkJWNlhWeTZzRGJNSGZ2VzZLam5LV2xLMkhWb2VBcEczbkMyVzJaMnQ3T3JvbDlpZlZMT3RXSURJTW5EUG9pTkhDR3o1eXVWaVl3TkgtT01GLUFITWloUF8welRPRE1PSXJwZjhGNm1YUGtBY0k?oc=5
2026-04-30 03:00,Yahoo Finance,finance.yahoo.com,FE vs. NEE: Which Stock Is the Better Value Option?,https://news.google.com/rss/articles/CBMikAFBVV95cUxQN1ZsUC0xN1VOaGVKSXd5NFRtN1NSM0UzR1BqaEkxajBYRDMxUzk1cnprTFN4akNKbklMYjN3OUhzYW9NM21RcFk2S1U0OUprZl9IbldURzFBLV8zc0Jsbk00OHJFNmlJWUR3TlItMS1OazMxTjNqc1RLdmtCVGxCTE9NUm1CS2MtdnZuOGNfRk4?oc=5
2026-05-01 03:00,The Motley Fool,fool.com,3 Multi-Energy Stocks to Consider for Powering the Future,https://news.google.com/rss/articles/CBMijAFBVV95cUxNQllJTXJzLVZqeWVXVmtLVnYyU1p0WWZpeDVFdmgwYWV6SThKV1JiYlBwNmR5aERWcGtzaTR6WGY0WFNWSjl6TVZIbGdPem9jblBmUEgwY2VqTm8xM3MwbHVXWjlOSHIxNVJjaE9aN2hDQ3hmNTdJSmt6VXVwLUctZnluVUYzZVdyUmg0VA?oc=5
2026-05-02 03:00,The Motley Fool,fool.com,NextEra Energy vs. Constellation Energy: Which Utility Stock Is Built for This Market?,https://news.google.com/rss/articles/CBMimAFBVV95cUxPc0RhNzlKTEhraWxnNUljbTdGcE5wSXBLMG1ER0lYV21UYm82MHg0aEVzY3JQRUoxRlh2eTBJOFVMWklqekUyR3pPM2pSNEt4cTE5UTlZZllPVC02OVgxemo0OHg0eW1jTXlRX2k0TmV3UExNSFliM1BQVWh5aFRRUXJETjZSQXpiN24wVVV1NHBDLU0tQVlGVg?oc=5
2026-05-02 03:00,The Motley Fool,fool.com,The Energy Transition Isn't Dead. These 3 Renewable Stocks Are Built to Last Decades.,https://news.google.com/rss/articles/CBMilwFBVV95cUxPeHlPUWN6dlR3dzAzeFJkOUlRVUktYlJfZ3Q1MkVkaFZ6bTdaR2ZTdzdpb2JoYTN1RnVsdE1GNV9jQ3VJYlVkNFlISGYyUmVWLTVhcnZYdnE0WGZ4YUM5Rlhnc0xMTG90Y2RoQUN6VVUxRE9rcDdETW5NWXZBWXNpamM3Y2NyVlJDb1pKeDlzWklLTnhrZmR3?oc=5
2026-05-03 03:00,The Motley Fool,fool.com,Better Dividend Stock: NextEra Energy vs. Black Hills,https://news.google.com/rss/articles/CBMimAFBVV95cUxPaU5uM3lrSVU0bFhrNmJoblc0aC1EcUlvaWF6QWh2RGJZc2g2RjVkYV85X012TWJ6VGg5dGlzelM2WkNqcEhLNXUzWmpzTEJRWUViaW9HVE1jWWdTMjFLWVVKQk1YZnlHdVo3VTM0R2NmYXZZRWJlY29Na2QxZEdDa1dkdlpIWDVVc0FYX2V4T001dXVOd3VlMQ?oc=5
2026-05-04 03:00,MarketWatch,marketwatch.com,NextEra Energy Inc. stock underperforms Monday when compared to competitors,https://news.google.com/rss/articles/CBMizwFBVV95cUxNZld6Wk82bTlicmRiSXUzZDJ5MlMwNy00UXd3cUM3eDZuWk5Rdk81TGVXU3JiWVY5cmRWSFhBekstNktkdDFISjJrYnlsRUdCNktYRG5ESG9yTnRsam5TZ2tBTHdFVWxIWW11ekVFcThydXlCNzlzejdudGNNTmhqRm5pM1BnbURwdXZvdVFVODJSd1cyNEhTbVVpWnlfX19RcGZRY1EySVRfQklscFduUGU3ZXY1ekxDN2FUd21BYUhrbVB1N0xmclF4RkduVnc?oc=5
2026-05-04 03:00,The Motley Fool,fool.com,2 Dividend Stocks I'd Buy Without Hesitation During a Market Crash,https://news.google.com/rss/articles/CBMimAFBVV95cUxQNVhHdmZ2OU9JczdDeGd0OF83N3Y0OGw4azFpZWw4OUFpaHJVZDdFRVpZSTdXa2pyaUlVakdMVGFwUlFvWDFyLXp3Vy1fT3k3dk1ZWkFKMWpFV0kzcXFrUUlscExkSjFVdjY3ZG0yZHNDMkoyY3ZDXzJDRjNvTnBHeDZWMmp4LUNVSnU2NlczVTF6TnBxNzJUWA?oc=5
2026-05-05 03:00,Yahoo Finance,finance.yahoo.com,"Why NextEra Energy (NEE) Is Betting on Gas, Nuclear, and Data Center Demand",https://news.google.com/rss/articles/CBMimwFBVV95cUxPNVRyUVdERXEtSGZaMnRldkowUk9kX1QzczNfZjF5OWx3bE84dzlJdVhjVEVpTGo0REptck5ZN1BPRXdtOEYyRFJaOG1YaUlyUDdfQlFGR1JSQWYxUFBsbVdabHFyNm1lMHllbEh1bnBRdWVwWGVmMlphems4WGRXVU9NYW9QcnJHRDVOeGtXNThqTGJfdnNSUExlWQ?oc=5
2026-05-08 03:00,Seeking Alpha,seekingalpha.com,NextEra Energy: The Utility Built For The Data Center Power Crunch,https://news.google.com/rss/articles/CBMiqgFBVV95cUxPSHFsSjhsRTNveFB2ZklhWG44YWRMbFZTRkhxdGZxZU00VkIzdzUwdE1LMmtQZ2h6QlVtWDlyQko1di1OY1NsZHlhLTMySEdDNEEtNmpLU3lpS3NYbjF4djQ0MTlRXzBvaVhTWXE5OTQ5Z0ZyeGg2c0F2cmN0U3docmczY3lweXZoSDFIaVdfdEFCOTd5R2ZtLVZsbkY5elBaLVJfTnBtR0J4dw?oc=5
2026-05-10 03:00,The Motley Fool,fool.com,Celebrate Earth With These 2 Unstoppable Green Energy Stocks,https://news.google.com/rss/articles/CBMimAFBVV95cUxOSnVVV1V1bjNxb003VXNhRlBDVHJqVnVfXy1ESGxOWUhQejZQdko4Ym1QeDE2Z1FBa1ZsZnc5eHcwdVpWN0R3NHJQbTFWcHFuOW5lY1M4NndKYW9LRlkyV3lTeHN6NWp4Q1AwR3VvSGxIeDAyZW42VVdmZkZVejdyLUV3SEFCMGNpRm0wbEV6RkNRVGR0YWQ2UA?oc=5
2026-05-15 03:00,Financial Times,ft.com,NextEra and Dominion in talks over tie-up to create $400bn US utility giant,https://news.google.com/rss/articles/CBMihAFBVV95cUxNTDEtXzlHZXo4ZkwtNmg0RWV4d29tN3ZzUk8xaXJtUEk2V1BHTlVma2kwbzBSQk5WODR0SnJQSWdheUFLRG0wU2w4TnpoSVcweEplV04wa0IydU13LV9GbzNMb2d6TG9NZVNSVlZ0NDNGM3pEY0xGLTF4WXg2TGNRV1Foajc?oc=5
2026-05-15 03:00,MarketWatch,marketwatch.com,NextEra Energy Inc. stock underperforms Friday when compared to competitors,https://news.google.com/rss/articles/CBMizwFBVV95cUxPLThzaEYtT3l4TThnLS10YURBN3V4WGZYcGdqR1dxeGZWLTZuSEVNZU5MRURVaDJTNEl3SzRBaldPcUJ4X1FTd3F0OFRLYll2OTJETE5XbzFVaU5GbUZjLXJ1V3J2ME80aFNCUkVTaEtmQTZWeXZQLVdIWm1aUVBiQzZldEotS1duQjdMYXQ4ajB4cmxjc2h4c0NBZ21KeUQ3Y2tTY1hDTVluV3JPemVpbDU0OVI4Rl90WVFMWmlleTlSM20wOGJ5VHZSSVFuMG8?oc=5
2026-05-15 03:00,Reuters,reuters.com,"NextEra, Dominion in talks to create $400 billion US utility, FT reports",https://news.google.com/rss/articles/CBMixAFBVV95cUxPUHVwVE5RakxpTTZDdXAtR0pGd3UwODdRNDJyakVQV2xrTVpWWXNoWE1ZT3BLQmJqanUxT3Z1MmRPTjVtZFU4aGdZdVVTWlBvYnRiV3YxdjRqMklIamdEUDNnOWkyRmFPTE9HTjBkczRaZFNqdlhVWmpZdXM1aVpZU0otVlNEMmU3c3dkSUU5MDl2VXBuX09BTklOeklGYzFLVU1teGJKTkg2VVo3UERuejliaVZEdnA3eTZKM1RSR014NHE1?oc=5
2026-05-16 03:00,Investing.com,investing.com,NextEra in talks to acquire utility rival Dominion- FT,https://news.google.com/rss/articles/CBMirwFBVV95cUxQaEE4bTU3UlJCZ1pST0U2Y2VXZlV2T1Z3dVlCS205ZEt2c2s1SjZBUmdvMlJUcmZUbHozbmEzYW5iRzdUY2RPOHZ6V0x5TDM1Z2N3LWNVV3N2blhiYVloVkg4NmJ3c3c1NWVxbGpKb19NajhFOEZkV0piZDNFYjExNnFHbVRhamxMbll4SGRKSFUyNjNHdEM5SC1ZSXlUek9LMkIxay1qN09aMWdwWExz?oc=5
2026-05-16 03:00,WSJ,wsj.com,NextEra Energy Near Deal for Rival Utility Dominion,https://news.google.com/rss/articles/CBMiogFBVV95cUxQdjJfSFJqbE13cDh3aGhVZE5mXzJDcGo5VE9HSjgyQ05lWGVEdXZ5eEtUWnhncUh3MkVzYmxfWldYSW1mNlpEYzNrSEI5bnVCanU2UDNOaDY2QlRGcDIxTy04aW1WSTlMdGlKZjRhN0RYWUpJMi1qYXJtTjJmNmpnQjBfUEZuMDhMWlBZdG1TV3h4M2dWelhUM19sd3BOMUc4TXc?oc=5
2026-05-17 03:00,New York Times,nytimes.com,"NextEra Energy to Acquire Dominion, Creating a Utility Giant",https://news.google.com/rss/articles/CBMiekFVX3lxTE1VNllENWc2ZVFtdUZHX3E3aGZRWTAzV1lnQXp4OXpZYzV4QUNBSE9LM2ZhZTR0VzAxU3lHOEdmR0hBSXBGUGVKMGxfWk15cmxpSi1NakJkdEMxX1R0SEhBMFV1ZDB5SnZTNWdoUldiM3d2bnJEaXRXT1VB?oc=5
2026-05-17 03:00,Reuters,reuters.com,"NextEra to discuss paying about $76 per share for Dominion, Bloomberg News reports",https://news.google.com/rss/articles/CBMiwwFBVV95cUxNaGJDRHV4N2FUam5FWG5URGZrMHd6Nk9fcUQzUl9ueGRab010QkxCM21GQnZxLWpRb0l2S29UdGJ3X0czNll2U2Y1R0hLbWZ0YUhWMFU3cWhUbEhIMnlJOG5VS0NNN0loSzUxUDlKaTJnNy1DTlRMNjZycmtmN0RfSzRlbnNUMGlWV0dCbS0wS2w1ajFLZVFmdzNOWEQ3S01WVzN4eHc4ZUJSV0p2UWNVQ2VYZnBMT2hNQ0ZOTDJ1WXFGSnM?oc=5
2026-05-18 03:00,Associated Press,apnews.com,"NextEra, Dominion want to create a massive power company as AI drives energy demand in the US",https://news.google.com/rss/articles/CBMioAFBVV95cUxQbU10Q0NnVHEwM3c0REpLYllLdHA5MDExTFBSR0VJNkNmLXMzNzN6TDJZSldIZUt4Y2tQMTBEb2g4dUh4WXNkSGZseDR4NmR4amNRUGxmZGVocEtCV2R1X1NlRjN3TVlpRVpEenpfVk1XNldWdE51MUp6T1dYendmSHpzS0xyVUJSOU9WcVkwSW1IaVV5MXNkT1VOQms5VlBV?oc=5
2026-05-18 03:00,Axios,axios.com,What the Dominion-NextEra merger could mean for Richmond,https://news.google.com/rss/articles/CBMikwFBVV95cUxQWkk4dklKUTZZb3gwcGN1OXlhbjRJNGI4NUVzd1N4d21fMFFTRVJTWGQxZ1ZkQTNFN0pSMXFKQTN1ZzJTbXhzMzc1M3VzdVJ6Z1NNRUpucUZHd2tEMF9hakZXcENubVctdzd2Q3I5WEk0VEdKTjBMbnRKUjhBN0VmcHpWbjhVMlFaT2MyRmJabll6S3c?oc=5
2026-05-18 03:00,Barron's,barrons.com,NextEra-Dominion Merger Creates a New Utility Giant for the AI Age,https://news.google.com/rss/articles/CBMigwFBVV95cUxQblViaUowOTR5WTJCTmpvOTEyWWdGQi1WTVc4X1hNZWxTTVlOcVBKdlFxS1gzQ21WNUdacnZJU0hiQkVLXzB6dWtNOFl0VWZLc3hMOF92bkV4RGdfT0FfTVh5NUhpWTAtbF9UT0Fsc2ZyNnpNa2JPZ3EtYVNJdkVWV2x6SQ?oc=5
2026-05-18 03:00,Benzinga,benzinga.com,Dominion Energy-NextEra Combine To Become World's Largest Electric Utility Business,https://news.google.com/rss/articles/CBMixAFBVV95cUxNemx3bTd0bWk1X2tEbU1ZLWZnNTd1V2dla2lMSWNhRVlsaXpxQ2FYbGc2V3FiU2hGVDI3WGJvZ1BiTkhKSmlndF83T1dkNTdha1JSZl9pbVlfa1F2NXoxTUU1RUFIT1BQWkVpOF9CaS1MWUZyMFRCM3g5bzBBRHAtS1BhYlpLZHYwLV9hOWVOVHlFbElQQ09TWUxjNklBcEwxWUlWVTlpMmFWNjNBRkZLandhdGYxNnQ5TmZFOTBBZzdMckl3?oc=5
2026-05-18 03:00,Bloomberg,bloomberg.com,NextEra Said to Discuss Deal Valuing Dominion at $66 Billion,https://news.google.com/rss/articles/CBMiswFBVV95cUxPSlF0SEZIWU9iVVRDZWFjbHFkcHZwTk1UTEFEYUltOFhPMmN6TWl4dlZrNzhRb1hIWkpLSklPY3hfbnF5Z1h3N2N3OTF6QnYxaHNBN0hvLUU0djBUUGJfNjNqMGpPQWJWWWhiWmVDdmdMQl9nWGZpTzg0dkFCNXZ1WnlSNWY4dW9adEJLbGlPUlpjc1E2dWpmVEY5OVBpT0drdnhTSUdEVHR5YTlsYWs5SHFGTQ?oc=5
2026-05-18 03:00,Bloomberg,bloomberg.com,NextEra to Buy Dominion for $67 Billion to Form Power Giant,https://news.google.com/rss/articles/CBMitAFBVV95cUxONXBZTW9sX05BcXZTa2pYVEM3M0JGWUUxd24tNG11STBOYi0wSWEyRzZDR2dpYlhPNExsem92R3J5d0QyRFNGRW5kNlhEWlVkRFQzWWdJdlAzby1yeWF3bndIbXhvZ01Ya1hVcGNLa1oxMXZmTmk1VGQzVEVaT19paTdfMkFvNHJreHJodXpzQkNVYU9GQUtGbk51bVJWS0tpZWpxdzhFazk0bXE4VmdQeU1DcGs?oc=5
2026-05-18 03:00,Business Insider,businessinsider.com,Dominion Energy stock surges on a deal with NextEra to make the world's biggest utility,https://news.google.com/rss/articles/CBMiqwFBVV95cUxQSjRxTWhSYTdNR3BNYVJuNUdWSmNzNVFvMUE4MkZsXzBabnRoN290LXkySlVVWTcyUHVUUnZDbW1zWldFakhQWWg1WWJBZ0tydExlaXZJSmN2M1d2bVlhRlk4VEVtbzl3clp4bS1JWGVXejMydlRmTEhyMDJiRGVoaWhUSjk1TnNNOEdRZFZicnJOZm5NWGIwRXZXZWpLZmlkTTJMbGpUTHI5Y2c?oc=5
2026-05-18 03:00,Business Wire,businesswire.com,"NEE Stock Alert: Halper Sadeh LLC is Investigating Whether NextEra Energy, Inc. is Obtaining a Fair Price for its Shareholders",https://news.google.com/rss/articles/CBMijgJBVV95cUxPaG43SlIyRkI1Vnk4VGM4TVpfVWFfYlc0N2tqOGt5TElyWl9JNEtjMVVqaUFYYlM5TjJhVWoxT0VJUjhxd0d3NnFOT1JZUTBvbGhxbXB2LWhCcFVpTi0tNjg2X2dGN2FSSThLR3B4QlM2M0hxMnFmeDFHSjFEZWllR3VxdnNzMnB0MWUyNkxEV1JLVzZ0emp1Q285bmVOUlRwQm9WM2F5YTE5QVZfUEdKbHhhNzEzQ0FlcWxzY21Lb0QxWU9zTzJCUS1EbC1PU0FzQnh4ejNBdFROLV92R1VUZklUVWdydjlBRXFwUFhKVkdmSkQ0cUJ1N2tiQUc1WnlYUThYZUhfYk5RbUt1eWc?oc=5
2026-05-18 03:00,CNBC,cnbc.com,NextEra Energy to buy Dominion in deal that unites two key players in race to power AI data centers,https://news.google.com/rss/articles/CBMiiAFBVV95cUxPMS1HSEhrTjM3VzItOGtDbXZOR1BVM2Rsemx4MnFmNTVqM1c0cTJ2WUZJMXBWTUc5bkF6aXpjUFYxU0xFemJhdGtINVdaUUhrZmF3SnJZQ2JUZjRoak83VkNaNHlWRXVRSEI0Q2RYeGRHQ0FDcjBZV3RYLWF5TlJfOXNUelRxN3Rw0gGOAUFVX3lxTE9Bck80aFdWNTVIMFR1aDdNNjZRMW0wZXA5NXQ1WkVIUEszZjM2cUZud0lHZUMzZk1LUmZlbTNFZ0J0dmRBUk9FTE5EWHF0MTZnRlpLTFd2ZkxyMUlWMTZ6VmEwTnQwQkZwSWpLOEFORUY0MGNvZEcxa1ZRVExTWS13MjlQNk5YRnVVeHBmdFE?oc=5
2026-05-18 03:00,Financial Times,ft.com,NextEra strikes mega deal with Dominion to create $420bn US utility,https://news.google.com/rss/articles/CBMihAFBVV95cUxOTHIta29iNlk2MVdkMGlrTW5zcHNDYlNTSnBZR1JiWXNlaXdMbl95bWpFVjhfaWxaODNVV3gzTTZUYmVoZkJsS2JmWjgyWGI1QXJuWmNFdE0ydkpnTHRnUndzMS1mOTVoZHJwelJfX1FLdFZvZ0plYkhPZGRQd1hCWW81Vk4?oc=5
2026-05-18 03:00,Forbes,forbes.com,NextEra Buys Dominion For $67 Billion: Consumers In These 3 States Could Get Money For Bills,https://news.google.com/rss/articles/CBMixAFBVV95cUxQS0doTmRzMDJOdlR4N3loUnE4bE9JZWVhbFNkS1FUemYxMVFudkRFLXR1eHZlWGszaWF0UlhSSTZSRndHbXpEaEdMUEZVMVNTRHZNYXB0NW9KYTRPZW1mYkFqMHZVSUxINmtmV3dOWFJKRzU3SDlrMm5HUmVsbThQdHFIcXkzR1F1bGxwODA1V2ZiY2gzbFZzZVBUNWhXNDZMS1c4SlY4WU40VEVqR1RENnJieFVzVGVBR1pqdTBjd1lBRjBT?oc=5
2026-05-18 03:00,Fortune,fortune.com,NextEra's $67 billion Dominion takeover creates world's largest utility—just in time to win the AI data center power surge,https://news.google.com/rss/articles/CBMipgFBVV95cUxQTlBuZGtXdXpRbzE5Vm53LWI2X0JXMkphVnVCTklWejVZdDg4eGtmaEI0eXM5RWJIa3RhZ2JVLVFxZXdpVGJYN2hfRW5PUWJOcUdrd05LQkNZVUoxa2xiS0d5M1p2VndaSVJvSmZyWjY5aG5VcDY0dnFnWVpCbXhWT3hVSzJLcFozQTQ0ajFRcUxPbU9VejdTb0dvNEpRRWlfRW5fNVRB?oc=5
2026-05-18 03:00,Fox Business,foxbusiness.com,NextEra bets $66.8B on AI power boom with Dominion Energy acquisition,https://news.google.com/rss/articles/CBMijwFBVV95cUxOTkNrYVJQVW5idjZ5V0FSdlRtbzdyZWlsWDVTbTFTemhjV0cwb05PaWNESzQxZFdRWWk1T21TMjc4dktqd0ExbDFCa3VvamJoc1psQ0RWR0dQY2hySmxKYlVzVS02LTBDZF9LN0JPVld4TGowMlByS05oWlQ0WmVVRko4eFdmMlIzaXJBX09Tc9IBlAFBVV95cUxQcXppOHZOZHlTSFFIZmJzYWMzNnVQWUhXX01rNmloNFZXZ3hNXy1aNGpTaHkwSnZJNDIwbml0eHVHMk8wYjdtdmt0N3g3Z2lOcjYwMHZINEppTmx0WnowcGNQODdsaEhmdWYxMWliSHdfT3VlaEFfZkxwYVhVRFRCeHVsQXkxUHRCRVQxYzRPT0V1cXlZ?oc=5
2026-05-18 03:00,Investing.com,investing.com,Why is Nextera Energy stock sliding today?,https://news.google.com/rss/articles/CBMipgFBVV95cUxOWWlVUWF6dG9qZllHTmdMTXlXM04xM3BReS1qbU1mZFpLS3RublRMXzk5OGFGUGRXVkU0dDNhOXk2cnY4SDA5X2ZzTTBqdDZTRWhZVDlQa3dQRmV1Zm5OYmFyZ2gxMjc1WWZxREhSN3dJQ3ZvWHFuWXRKTWFTT01uWGUwdEtvMV91b1lYaHY2QmVIWVhnQ0h2VlpkVmVrSlpvalA0NjRR?oc=5
2026-05-18 03:00,Investor's Business Daily,investors.com,"Deal Creates One Of World's Largest Utilities, Major Power Provider For AI Data Centers",https://news.google.com/rss/articles/CBMiiwFBVV95cUxQOHQ0QWE2OUszX2hwX2xhQXpBQkRUb0hEbEhoQnBBTGJVR0FJSlFReWp0YUtHeWxPZHVlMXFDT3h4b1Y3elJZbWhvNXpEMFhUR3kydGFTSlViNU9lVGtpYnlzQlF4VE82U2dROWpMQ3Rrckc2cWh4NWNLeGRLNXY1U2lkNGREWnJuVWhV?oc=5
2026-05-18 03:00,MarketWatch,marketwatch.com,What NextEra and Dominion’s giant utility merger means for your electric bill,https://news.google.com/rss/articles/CBMiuwFBVV95cUxOQ29nc1prWUd1VFJTRGRlMC1ubGw2cTBiR0pmNEU4VS1JRGlnRDJVNmtPdk9zbjIwTkVXMS15OHdjU2dOWk1MNGdqQW15NnZGLWtvWHFLMTZVRFpDSnpERGJPN3hSckZGeG9meHdyQXZZZkx3cFZqOHhaWXZ2aHVtMUplQjNqOERkSFEtM0U0ZW1aQzFNSmdyR3EzSkoyYnBlbk9SMGFvUklKWXVzTkN6Mnd4eWN0RTJNdWZV?oc=5
2026-05-18 03:00,Morningstar,morningstar.com,NextEra and Dominion to Combine in Largest-Ever Utilities Merger,https://news.google.com/rss/articles/CBMikwFBVV95cUxPRlVGSUtkVUVpelNabmo5eVJ6SmFEVG93SjluS2hJV3d1SnB4RjVoaG1UVVRHMUhxc1hYNnZqb1RhemtBRjkwbHZFSnRjdGYwSHE5amcwclVnMkZwMjdBTjhZaXpXWEktQzJJYS11bTdpQ3hBNFktSGFBVkl6Wjladno3cEJJZGpJd2oyQWY3MmJIVkU?oc=5
2026-05-18 03:00,Reuters,reuters.com,"NextEra plans to buy Dominion Energy for $66.8 billion, form biggest US power company as AI demand booms",https://news.google.com/rss/articles/CBMiqgFBVV95cUxNeVVIYTNmN0FtUHgyakFHYkFyTjNpQTJ5TDdzbHJILXl5cWxZU1AtSGF0eUt3VEN4TmlVSTdrRzQxT0twYUtzTnFmb2lNbEE3c292ek9uN1JERTI3b0RIeTN3T1M3X3VlUlVER1lWbUVxcDFfaGJrb2dxNHNyZk9zWlhZTk5MaGs1WHQ5WU14clVKcHdKTmFUSEhma0w4eGpJVWpaSjNIYXQtdw?oc=5
2026-05-18 03:00,Seeking Alpha,seekingalpha.com,"Midday Need to Know: Dominion-NextEra merger, oil prices slide & more (SPY:NYSEARCA)",https://news.google.com/rss/articles/CBMipgFBVV95cUxOTV92ODFyb3ZGV0trSDlYcGNveFJSSFJNSEc1cVlqNk1VSERtZU1CVHVnMVZucE5qX01ucGw5RmF0M25PdWhjUVFyazV3NnptYVZ5NV9ZbTVndnNBaDQxOF8yLXdCYVlTOW94T2NQbFRKcmpsVjB6R1AxQUg1UjJra2NOdF9zOGg5ZkVOZ29wZ2RJcU9mOVlaWlhTRndPZ3FrYTltLW93?oc=5
2026-05-18 03:00,Seeking Alpha,seekingalpha.com,NextEra Energy And Dominion Energy Are Surging Into The Future Together (NYSE:D),https://news.google.com/rss/articles/CBMisgFBVV95cUxPZUMtNjlhZnRBUUFiYW1TUDUyWmU2UTdoenlWQzlrN3ZUVkJkYW1jMC1sMWItV0RPTGxwRUcwTHY4TEk0NTVZc1NGa2VjX2MybGRkUzBxcHZjOUpIZUhGSE9vbTVOTTBPVUViald4SDZOYm1kbE1KYnlrQ1docnkxMkdTbHBHZ25Jalo3UkZuUkRUN2t6d3NJUlZ0bVVyS1dPcnJRaHhnb19VM2h0UjczMUFn?oc=5
2026-05-18 03:00,The Guardian,theguardian.com,NextEra to buy Dominion in $67bn deal creating US utility giant,https://news.google.com/rss/articles/CBMiigFBVV95cUxNZkJfaDgwZ1I4dU1NZDgwbGk5Zk01Xzh6SWRDQnMxQUdlZF9ZdUZ4Qkk4LThodmRnSkw0aHMwQ1B0YW90LUM1eTl3Rzk3dnpfSXZIRUZ0aUxEVlZfRGhXTlg1ZGFBRUZyWnlhQzVjdzdPRUdSUTBEVG5KSjJPb2JjeWhDdWtHUWFRMmc?oc=5
2026-05-18 03:00,The Motley Fool,fool.com,Did NextEra Energy Just Make a Massive $67 Billion Bet on AI Power Demand? Here's All You Need to Know,https://news.google.com/rss/articles/CBMilwFBVV95cUxNbXFWS2lWdldUVGI2TWd1cTFJRFQxeWNBQ1BfaldqM3Rkem5Qb3ZSZlJHUklCU29qYnVyU1lzd3V6NDdXQjlHU01mTDhpbHcxRHkxOUlpd1ZhbXJlR3ZtQ1Z4OEVNQ3NubjdxTU5wUEczWFM2Qy1RQnhfU0ZVQTNwd2RKbkhhNVdmem9oUEd6R1NQY01MR0Jz?oc=5
2026-05-18 03:00,The Motley Fool,fool.com,Why Dominion Energy Stock Jumped Today,https://news.google.com/rss/articles/CBMihwFBVV95cUxPUGY3VmFvRFk1anIwcGl2YWtySE9ja3lXNVpsYXpTd09acVM0QnRpQm5pd1FhX3hqSUFCUTN3Yzd3NEFuVjNrTnFRcnlDUGpsWmFsbXBvcFEzQW93RWlCbjhEaXV3RHFNcjU4cW9zbmNMX0YtXzN2Z3pSVjkzXzRwNTMzT01fbkU?oc=5
2026-05-18 03:00,TheStreet,thestreet.com,NextEra eyes $400B buyout of major utility stock,https://news.google.com/rss/articles/CBMilwFBVV95cUxQSzQ1cnpvdUZUdFVxZDQyVklUUnZzTnc4d3dGQWVjaWZreFpmZVhxSXBpdnh6QXVOR0hVMFNlRm1HZ0dRQTJlNGpqR1FFMWdfajI5NW8yTkdRSGJvaDRLUnRrZHVhaGZHS1lUOE4yQTlWeG1FQzFldzh4dzZYNTFFZFZKUmhONG56MlgzbWJoZC1tdktrUWhB?oc=5
2026-05-18 03:00,WSJ,wsj.com,NextEra to Buy Dominion Energy in $67 Billion Deal,https://news.google.com/rss/articles/CBMinwFBVV95cUxNLWNyN1NBZE00aXNYUkN1aVhNTkNJN2hXM3RKNV9la2wzNWx3cUxESTJBaEswMXRKNjRZbjZ6WGpzalN2TXpGQlNKQ0xZM01JOUpPaTR0Y2NObVVBOEoxMG5YT19EM0xqa2R3VFRIdUpudWl3MmUycXpmTlN0S0lYZVlidnMwcEFXSlk2WWtsVkpOb0VNeEtyRWRJOWhRb2s?oc=5
2026-05-18 03:00,Yahoo Finance,finance.yahoo.com,Dominion Energy Stock Soars on $67 Billion Deal to Be Acquired by NextEra,https://news.google.com/rss/articles/CBMimwFBVV95cUxQR0xXTGVIeU4wQks0YnZWcGtha1JTd054UTVsbF9BeXdEbXBxN3hmc0QzcmotVXpvcmNQS1lsaExPWTBLVE9MbHBuNkZrLVN3S3hJaXZmZzJCYk9TZW0xaXNoUTN2eVdrUXJOTExKMmtXdnVDLVlqRm5fdUIzNXVFVzdEZzM4dmZLc3pzUmpodm9HeU8zejJ4WERFUQ?oc=5
2026-05-18 03:00,Yahoo Finance,finance.yahoo.com,Dominion to be acquired by NextEra Energy in $66.8 billion deal,https://news.google.com/rss/articles/CBMiugFBVV95cUxOVzRyTVJEQk5ZYTdvdmNmVUx6MkVaT3BYN0FXNGVjcHFtUnp1VUJXUk5tQm9qRlRvOGJib3ZnNlUxZnIxWXpKNm5lSjBVSGxmYVpORlNqSXR3UnpsOU1yN1ZSaDVLLUxhUS1BM21RYWl2Y0Z6NUZyUkFvVllTdER2MFFqcGNpM2IwdzhSa1FDdk03alRnaWh6VjRQbWhReHdwM3FXZUlEV0RLbm5oLUxfaUczV1FRVURvc2c?oc=5
2026-05-18 03:00,Yahoo Finance,finance.yahoo.com,Is NextEra Energy (NEE) One of the Best Clean Energy Stocks to Buy Right Now?,https://news.google.com/rss/articles/CBMilwFBVV95cUxOMmxLZGpqdjVBamY2LXhOWlgxdHBMVU5NaS1lR3UtSnNxMXdSbzlUcFlaWks4ZGJiQ28zdkhWd2txX1FuRGVON0NaQWlPb2dKSldqQU14aHRYQ0FRQnZ5dXFiLWpQNHhaSlBwQnJqbVVPSU1zWDIxR3htNjhYRDRsS3p2ek5sa2hvY1dyYnAzVkJQS3lxVldV?oc=5
2026-05-18 03:00,Yahoo Finance,finance.yahoo.com,NextEra Energy to Buy Dominion in $67 Million Deal. What It Means for D Stock.,https://news.google.com/rss/articles/CBMimwFBVV95cUxOSTJZX3NVMUNSSHd2b0NUb01iWTBLaXNVNjBSMllSUzVkbHR2R0tRY2NjcVpiM3FZWEo3Zm9CUlRsbnpZdm85SUR6MXBEbDlna2k2VDBkVVlZUXlXdm93YVk2QkpRblhVWGpydElZY0JITjM4RWNrV0lfUGdKaG5iU2J0ZjVJbS0tYTlyQmFvem1xZGxkTVhOeVVWMA?oc=5
2026-05-18 03:00,Yahoo Finance,finance.yahoo.com,NextEra to Buy Dominion in Landmark U.S. Utility Mega-Merger,https://news.google.com/rss/articles/CBMinAFBVV95cUxPbkRYcng5WFdxT0UyLVlNR2c3T09yOS1hNlhlZi0yRkxCNG1heHlndWs2MVo2TDFFUWlXc04zSkZlaWRfRUtKVzVyZlBSZnBKRXVQZmdWajNXN2pGX1dLRzhJUjdLampBbnVSdWFKMTI5OVNjdVhkMFl4NEFIb0ZxMF8wM1FQQU9ZRW51aDI3bFFmVzdkVWFsSmxTY2Q?oc=5
2026-05-18 03:00,Yahoo Finance,finance.yahoo.com,Why NextEra Energy Stock Fell 5.4% Today,https://news.google.com/rss/articles/CBMimgFBVV95cUxOTThETnZpOUNtNTJBTm1wMGV6ZVh6bk9RbENXMC1XVVJTQjFUaEtEZm84LUhXeVRLZXBuaFhaaTI0QmNKTnY0aHlMN2lNUTBWSE1ibkNaOU1TNzE3MjdFWW5FMFF3WWFTN0RnYzNqQm1rQTNIUXoyZEdjU2kxT2prak44VXR4dWRVZjVHLWpWMFlaekgwZmFfZW93?oc=5
2026-05-18 03:00,Zacks,zacks.com,AI Boom Drives Power Consolidation as NextEra Buys Dominion,https://news.google.com/rss/articles/CBMiogFBVV95cUxQR3JQa3JLYngzV0swQTNMUld6NzlkdzBuNGNuSDFNbVkwS21hOUhHN1ZCTXJUZ09oV0NCX3VOdUJOVXNQb09TVmJHR0hEOVlVb1pkS3ZjSjJVR3lQXzBQUGV3N3hxS1p1RGpSeHBaS3RCdTA0MXdRcWZadEdLRmxFeDE3SUZvaEw3bG1QX1pmQ0VuRXItbGhRUUZfTVQ3eHhLd0E?oc=5
2026-05-19 03:00,Barron's,barrons.com,Dominion Failed to Capitalize on the AI Boom. NextEra Can Fix That.,https://news.google.com/rss/articles/CBMijwFBVV95cUxQV3pxdy1aRUQ4aExZcVFFMkludTZoc2U0dEJiSlBxMmxzQjZiWGVyNVBzN3hMUWl5ZmxzNXo4S2JYRHZHQ1EySWtHUFpVVUpsbG1Qcjk4UWY0UGwtUWllQi1FV1NObzljMkg4NG9sUndSZF9ZeXJwbzJkckJCaFVqS0JmX3dPUkVCMHdxWlJFSQ?oc=5
2026-05-19 03:00,Bloomberg,bloomberg.com,NextEra’s Mega-Deal Heralds the Age of the Battery,https://news.google.com/rss/articles/CBMipwFBVV95cUxOUFNOSElXN3hGQ05kUlVuamVWeHNoRWxlQmpIVWowSlZHd3luMFFwLTFZSkl5YVc2Y1ZzTjdzaXdCb1g5U2pvUlJiY21BX0l5V3RCNEgxTEw3VHJ3aDF1OXVRSVBXS19VbzE5YWRvamJDcnF0VVdmVEpCYjVPS1IwWUFzZkM1dFVsV2hZTUJPMjRtUzM5SklnVVMxaTFqSTNndTlVanRBRQ?oc=5
2026-05-19 03:00,CNBC,cnbc.com,NextEra Energy CEO John Ketchum on Dominion merger: This deal is all about affordability and scale,https://news.google.com/rss/articles/CBMi1wFBVV95cUxQRzRnZXVXc2N3QWs2ajgycUlkUkI0aWRBWU5CQmZzWGc3anlLckFTcHBLaFpkV29BRXdlb0tsSkFNR2YwYWJnMkd2bC1Ub0MzRFRzN3RITEo5U0hlTXpoY0N6NDhJbElKdEw1TFBaU3JQaVVLbzZkQzl4R3hKT2NlN3hqWThsNTNBZEhXNWVQeUFSaGdHSVNzcVFSdVcxY1JGWnlLVk9pZ0tHM1F6b094NHlHXzhGS2F0RFVGN01RWTV3bXlwMmYyZGdnbEtYQ0o5aG5QcjVvbw?oc=5
2026-05-19 03:00,Seeking Alpha,seekingalpha.com,NextEra Energy: An Industry Leader With Dominion (NYSE:NEE),https://news.google.com/rss/articles/CBMikgFBVV95cUxQbWJwNGdtZ3BYcE5CTWFpMktBWDBORUJPV1pJQmNZcXJfYlc5RDFQM1NsRHpYT0Mtbmt2d0oxc3ZYSzk5RGFMWjhXaWV6NUpOOW9BVDNLdVJGQ25NTDJka2NrWnU0M05faEZidkZYTlJPSC1ZV2VYSDFaUUhncElHR3l3cDd5a2tEenN4YVhxMGlwUQ?oc=5
2026-05-19 03:00,The Motley Fool,fool.com,NextEra Energy's $67 Billion Dominion Acquisition Will Make It the Dominant Power Player in the AI Era and a Must-Own Energy Stock,https://news.google.com/rss/articles/CBMimAFBVV95cUxQaENJRktZazUxbEFtQ29INjJqZGdLN1c2T0tFN2tNVHctRzJXVTZ3cktjNGJPNllNamlhUFdPSEF6VjFaWkhzQVd5Y2I5UGlYMmQwN3dRQlhTNkJGYTFKRlZXeVNOalB5d3lqX2oyRVVubGdnUVhNSkJsbEpJbTdmS3FvVzZZbThkNGZBM0RCNDNiVVZCcG40Nw?oc=5
2026-05-19 03:00,Washington Post,washingtonpost.com,Opinion | Who owns utilities matters less than who regulates them,https://news.google.com/rss/articles/CBMitwFBVV95cUxOSTkzb01tdkpCU29kMGRTTEVVTHgwcV9nd0Y1M2xvb2p0cmVHYXlmT3pyRHVNVjBPMnhtNHU5cF9VdEN1LVlFOVNXcVNEUVdheWtURnBVdGNSRTJxNU5XWWx0bVlGYTRYOXN5NzJFRWJJQVRSb2gxb0FpV0s5WFozajJTVVNtam40dW1UYnFEcnFYcHRQQjFNbTR0Q1pZc1otS3oxX3FqaHJYNVUxRXAyQ0ZSQWd2aWc?oc=5
2026-05-19 03:00,Yahoo Finance,finance.yahoo.com,NextEra Energy Buys Dominion in $66.8 Billion All-Stock Deal,https://news.google.com/rss/articles/CBMinAFBVV95cUxQcjNtVHZoRDdyODhLZVVWU0VpUEdOUTh1S1U1dWRfc2c1QlpXdmV6elBYLTE3aXFKX0d5ekRsRmIycUxxWnUyNTNiOVgzQ1l0NDJJR0xsX1NqbDhnV2ROaVBxQnUzY2w1SktlcUpEeXp1TEVOeVNwU3lNckdRY002OHVkZjRhRmR1dHNtaHI1ZHgyN1Z3MktxODdPc0Q?oc=5
2026-05-19 03:00,Yahoo Finance,finance.yahoo.com,US utilities NextEra and Dominion agree to $66.8bn all-share merger,https://news.google.com/rss/articles/CBMiogFBVV95cUxOaTRqLTVzdFRWX1YwS2xiT191VVZ3NTc1UVVXLW5QaTVycEgzSF9EWm5mY2V6NFRIRVNrbFpJVW5wSGZPemxNX2JVRlJLTmhKVEpqdHZ0b0oyTUxiVW80QTRSR0x3Y3A4MkV5NFBxLXh5NVplcXlYbTdsZS1FWlVzc3pSYmwtR1dtN0NNdzNibHFFY0VEeXJhSkZuVHdGVzBMWGc?oc=5
2026-05-19 03:00,Zacks,zacks.com,Can NextEra Energy & Dominion Merger Boost the Formers' Fortune?,https://news.google.com/rss/articles/CBMiowFBVV95cUxONzlvSldHYndGdGdmSUdkWFI2RVVPWjI1b3U1SHBvME1OS3pONlNYRDVjU3J0QzF1ekFEdVdva29mdHVTaU91dkZUa2JOU2tBa21YQmhqTkhzMEpjTVNjTFRxcF9DZGVHSi1WdkE0ZFE0OUlXbkNlNEJVbDdCWG1sSXFmMEczU0d3MGFsenBxT21tNVd0ZC1lcXhKV2s1UEdvQ0s4?oc=5
2026-05-20 03:00,Benzinga,benzinga.com,"Alibaba, NextEra Energy, Transocean And A Real Estate Stock On CNBC's 'Final Trades'",https://news.google.com/rss/articles/CBMi3AFBVV95cUxQZDJocjhZT0ctRWtXaWhWXzYyU2NRV0RDM2FPLVpSVFRvZEF6dmtzV2t5QURpRlRrZUNEVFZHVi1YR1RCLTFPejFEbFJuRzR5TC1Ic1ZjNWVEOEpCcEJ0NV9uOWVDUkNaZjdZcDBONlF0WEJEWWgxVXVWQ0RLYjNud0gyODQ3VFVreW9SaDdDQ1VPNnh2dXp0T3gyRTYteVJXOC1TWE1aWnN5NzJWWVE1X2FRbmhqYS1remFhc2xkZUQ3VGFQaWdydzdES1luSDV3NkRLNF9GdGd5OGVi?oc=5
2026-05-20 03:00,Morningstar,morningstar.com,NextEra/Dominion Combination Ushers in a New Era of Power and Utilities Consolidation,https://news.google.com/rss/articles/CBMiqwFBVV95cUxQczFuYUlaRHEwNXFlY1BraFFnczV1OFp0WTVFcnF4ZnNiam1FR1pHbnZUNUNYalVMX2diR3lWV1RtX2FDZEhhenJDZWpoZFRPNjF6M2NiOG16LTdSRm9xTi1JRy1LbWNFUjlfUmlKSVdDczBfRXEwZDh5Z2pVNV81aGZBREN2ZkJDUGUtS2otUWhxNEVUcm1YdzY3dk1QS042aWZrcUZURkxXYk0?oc=5
2026-05-20 03:00,TheStreet,thestreet.com,NextEra stock drops as Wall Street balks at Dominion share price,https://news.google.com/rss/articles/CBMikwFBVV95cUxOWFFNSEdrR3lRWnJBLWFBNFhvZDBGal80SnM3aTdxdUpfZ290NFIzdk90dWg3c05Ha3ZHejNKLWhmS01ueFg4MGZ5V096TkpKLUotUk5CamZuQ2g3RTV3azg3cm9GYmhEUDFtdWEwQ0JVV1ltMDAtR2QzR25BSDNYQndwaTBXanhlMkF1dkQwUU9URFU?oc=5
2026-05-20 03:00,Yahoo Finance,finance.yahoo.com,Utility ETFs to Buy as AI Powers $67B NextEra-Dominion Merger,https://news.google.com/rss/articles/CBMilgFBVV95cUxNYXZ0ZGJxRjdYbTgwZEVMdkNYcnJHRkl4MUZibktQdVBOQlZJWXZ2S0phRlBtZmJKWHp3SUtSQkpobDJDd3YwWGRjU3lkYWZRdWZTV25sTzVVTk5tTWllZ0lQaU45dmFPbWVPZ05icUNRSXBSS213SzdPU2E3dnIyYlBiSFJhaGlPcmNOOXkzWlBKX0FIOEE?oc=5
2026-05-21 03:00,Seeking Alpha,seekingalpha.com,Dominion Energy Is The Better Leg Of The Merger With NextEra,https://news.google.com/rss/articles/CBMilAFBVV95cUxNdHpsbFNQcWJlOWJxMFZ5NDhPS2E2MFFXUG9SWi1Ra1RiRWNPUGpCT1JvSE5QQ2dpUThCbTk4WnVzRXFfMnowMlRGZGE2dUlheGRmQW1GZG0wZGxIVkUtWHUyeC1VUV9jSGZYeFBsRHNETmdtZ3dQYVpsdFJib0FzY3oyUWlWZUZ4TWZkdlpXcVNhdjcy?oc=5
2026-05-21 03:00,The Motley Fool,fool.com,One Thing Investors Should Know About NextEra's Acquisition of Dominion,https://news.google.com/rss/articles/CBMijwFBVV95cUxNQ0VOUXh2VnAzSjJJTVV5MlpTLW4yQThPcXdQWXd5OVItVlRJRHZjbVN1akZWRnNHMENlRDZSRFRPZDdXYk05RmM0SDIwbUJ3Z0Z6aFdseS1LUFc2X3JQa1lnYnNQVHhxNFdETmREQy12Y1ZsTVR5MVlmYXNyS1ItOVBHNmozMmtYaDJLNEM3cw?oc=5
2026-05-21 03:00,Yahoo Finance,finance.yahoo.com,AI Data Centers Are About to Break the Grid. One Company Just Spent $67 Billion to Fix It,https://news.google.com/rss/articles/CBMilgFBVV95cUxNVWNDc3NQQzY4VmJ2OXliRmFVWTlkN0E2NlpWWWVZZGlmZWp2djc0RWMtdEo4b0RVUXEzVmh1Z0YxU1czU3JSUkhiQ3dtVFpKd0ZxNEZUTGxJQjBSb0dDOVp4MWdudmhHTjFERVlBSnFKa2EwZ01remo0SDRadHdIb3doRGRQX28wQ1BpTC1aWHRrUFZDMmc?oc=5
2026-05-22 03:00,Investing.com,investing.com,NextEra Energy’s SWOT analysis: stock valuation reflects growth outlook,https://news.google.com/rss/articles/CBMixgFBVV95cUxOLXlqSHVKaHUtdm0tMDhVdElCU1Jxb2pCU2dqVlMzMUlYSENDcTRIWGVIOGZINGlXYk9kaldPNEZyb3hwWDBwZDkwU3BXM09KZHNYWWR2dmJvUXNuVW1TWkN0TkJMYUhMSGdNdkk2N1I0WjVUTGFCb08yY1kyMk9nOEUwODNDN3gxTFdXVHdOUlFRVzN1bG53RDVVbzZ3Q2Y5R1gxRWFacnRXNWduaXQ5ckVtelVMa01aN0htcTZLamRQY2V4LVE?oc=5
2026-05-25 03:00,Seeking Alpha,seekingalpha.com,"NextEra + Dominion: Great Future, But Way Too Early To Buy (NYSE:NEE)",https://news.google.com/rss/articles/CBMiqgFBVV95cUxOaEpLczhpZ1pLaWxEZnhxa2NNYnprZXNmVW9GTVZfSV9MN00xODU1NkFIbnNZT1lEMVRIUXdKRVNGSWpSZ29YWHFERExrbHJKaGlQODJvRUhjRi1Ob1A5TnEyZHNjb2VXLVllTG1sczRwR2RiR1NHaWlTbmZtV1lsMGxQQmxLU2lUeFhjX2ROVG4yY2ZkRTJnendQMEtoOVR3UzRTX1hKRUxlUQ?oc=5
2026-05-25 03:00,The Motley Fool,fool.com,NextEra and Dominion Are About to Become the World's Largest Electric Utility. Here's What Investors Should Do Next.,https://news.google.com/rss/articles/CBMimAFBVV95cUxQbnpWSVdieVR6UXBYYWZRdS1XekQwSWluMnZWMUhVVk5wa1RvTDVZcjVjc25menBxWHBnN2xZc2tYM2ZoX0FsYl9iWFFwZVZLM3lManpkeXZvZ0xUV0hFei03b2NaVWFZWnA1cXY4bkN5RlBwZi1GeHNqMHFqUXRWM3k3dGMyZjFyZEM1dElraG5pRDJKS3YyaA?oc=5
2026-05-26 03:00,Zacks,zacks.com,NextEra Energy vs. Dominion Energy: Which Offers Better Upside?,https://news.google.com/rss/articles/CBMiowFBVV95cUxOV2JRTEdZZkFPYkdwcmpobUpQZ1A4c2JWa2xBaFZKczcxM0J2aEprNEtoYVFTdEFpc2s5RVZqV0NOM19IaFE1Wlp5UURUUVhFR0hOZ2ZiZE40RUZtUGpubW5EbS11X18tUzcxc0FnUXpwdjFJSEd4dmFMMnNkZkEyZjZVS3NDeWN2ZlBlS1J2Z3NLQmwwMVU5OGJQTXRNTUozaHNV?oc=5
2026-05-27 03:00,Seeking Alpha,seekingalpha.com,"Update: Dominion, NextEra To Merge In Massive All-Stock Deal",https://news.google.com/rss/articles/CBMijwFBVV95cUxQb0VVM2JUaGhMNlRnVEFjb0pseUtZYXJaRXRacEZUTm9PZ1p4VmF3ZFhaNk1EdEptb1dmcUdEMXpieEZOcWhVZkRTd2ZxcGlxT05SVS1IQVZBVDIxUV8zNHNwZGI2dGpWd0VPRUR5WTU0dGlsMUZ4eUlnbXVxRWVHRmhNMVdaX2pDNUNwRVl4bw?oc=5
2026-05-28 03:00,Seeking Alpha,seekingalpha.com,Dominion Energy raised to Buy at Jefferies as cheap way to play NextEra ahead of merger (D:NYSE),https://news.google.com/rss/articles/CBMiwwFBVV95cUxPUDY3VHpOdTZndFFyZXp0NWpLUC04RG9HUV96UktNblY4cXEzbHFjNnpmbloxWmlMOEphc1lKQVR5SkQzUWp0RGlvQlNCQlpyeEVGMzc4LXBUZHQ2OUVPR3NTRks5Yno3d1cyMHI2M3VJTzFITXNyU0g5UlEzeVJsX3k4SFRXWWg5cEhjeG1VR0FiaDJERGdKUnVBU1loM1ZDUTl3ejRPVnd6dWRfRm1iQWl0eWwwV0VHX3pSR0hmVVBFc1E?oc=5
2026-05-28 03:00,The Motley Fool,fool.com,2 Monster Energy Stocks to Hold for the Next 10 Years,https://news.google.com/rss/articles/CBMimAFBVV95cUxOeXNUQmNPc094d1ROS1JrQkZ1QnNiTkNZUFFhdVRXWFNUNExYYzZMVGtOSEZfUlVlTTd2T205QWRMRjY1UlZKM2FHM2NVWno4RW9nZmhwYlVvdFBDQXlOQ000RmNVelhGQzV1d3J1Vk1XeVE2QWV1T3kwN2VrNFhRdUpLbVhKdXVBRW5CbVdPeThEUHVPZGF0SQ?oc=5
2026-05-28 03:00,Yahoo Finance,finance.yahoo.com,"NextEra Energy, Inc. (NEE) Sets Sights on Growing Data Center Opportunity on Dominion Energy Acquisition",https://news.google.com/rss/articles/CBMilwFBVV95cUxQSHh2ajFvd3FFVXFWdGF4d3V3RzRlcERiaGN2NzVPYUZWU0Rkdi1kdWRsOG9EM0FrUWFFM0ZHd2d0eTZPQmktU3NUWjcyQlRSUjE4Zk1wSjI1UXMzMkh0N0FlSTI2THkyZnRxUTV2YUJUY3FuWWltbUZrc24wTWpQTkhYOTl3UTV3akpnUm05OTNfZEEzWTVj?oc=5
2026-05-29 03:00,New York Times,nytimes.com,How an Ambitious Energy Giant Wielded Political Power in Florida,https://news.google.com/rss/articles/CBMirAFBVV95cUxQenc3TDhfQmRwTjdBenpJTWt6cDRFYjNJekp3LVk5eEtOTzBtTmJyaDdwM1hzX0Jlbmg2WDBubVdfd2ZsZHBFVF81Q2xHSlM5c3BWcTBnNllUWGpib3J1dmZvV2kwVTU1MTVBRk96ZjBnU2xvcnBVbjdRUzNVVXpwY3VoZFVXOWgxUVk0bC1NLVpaRmltaEpXUGVDUE51WVIxRV93NElZb3Q4X2tI?oc=5
2026-05-29 03:00,The Motley Fool,fool.com,Want Decades of Passive Income? 3 Energy Stocks to Buy Right Now,https://news.google.com/rss/articles/CBMilwFBVV95cUxNa05Bb2V2UkpaQ2cxTWk2Z1BOU0tFMWhHY0plLURGVmxsaVdmTWVtUjN2cnJwbjh4NGg5VGxxdXNYbUlqcC1MZUo1MWN5TEVTRXBEbkdKNGpObUJnUTROU0pURS01eXgyUUFjenB0MEdWRm9BWXU1QTNwRnc2cjRQa0NJVHJHV09qYW9rNTFCeFdOVTE0RlNF?oc=5
2026-05-30 03:00,The Motley Fool,fool.com,The AI Infrastructure Play Hiding in Plain Sight That Could Be 2026's Biggest Surprise,https://news.google.com/rss/articles/CBMimAFBVV95cUxPYW9XS21TNFlmWFFQTVdCWjM2ZFUwY0xhaGFUSXJvRTRZNkdtZjFwZDFRMG1ldVdZRnQyRXNWWFdBbll0eHNwZHpzUXcxcFFLYjh4SDF4NTNQN243NWhnc0xqTjhnWHJjZ3RLOW1Vazg0ZnpBdHhCdWpDbW1yNW9GSkxvSDFIR0pRTVFIZmF5OXVwRDRMeGNReQ?oc=5
2026-05-30 03:00,Yahoo Finance,finance.yahoo.com,Is NextEra Energy Stock Outperforming the Dow?,https://news.google.com/rss/articles/CBMipgFBVV95cUxNd0Nxa2NONzhaNWN0UmZjN1NtWGkxcFFubVdpMURMNGRWTEQxVjVaTWktb2V5RVNTcnRQYlBKdjNvOHdUVE1lMWVhYkl3WjdsSUFUSjBTU1FDa28zemMwMHRRc295X0xhS2J6bU5UOVAzUjdaZXlSM0U5V3Y5blRxS25HNkRpVzVuRnRCbkxKN1ItRHIwUEttdTN3TmpMZFpPQUJRbnVn?oc=5
2026-05-30 03:00,Yahoo Finance,finance.yahoo.com,NextEra Energy (NEE) Price Target Raised by $1 at Barclays,https://news.google.com/rss/articles/CBMinAFBVV95cUxQTDQxS0M5WDhZNmJXc3RaS0JFM1dFdGQwRHNGUmhTWFRMakhBNGJIcG9yNkp5NXIxU0d6LTlIZURNdGVrODhCRUpMSnJjM3hONjdoczdkMHdCcTVIV0dTZUFuRE00U2k3WFZlMHVlblJUUkxkRHNEenpJRnJuVm9nZHRmRW9mcTJhaF93N2ZHVGtQWTA0Z1ctUEx1a0g?oc=5
2026-05-31 03:00,The Motley Fool,fool.com,This Is the First Energy Stock I Plan to Buy in June (Hint: It's Not ExxonMobil),https://news.google.com/rss/articles/CBMimAFBVV95cUxPM0h1eUJVU3lQTFBnbHR1QjE2bTdfZ25lVFBoNE1vN1pXbVVmMnNYcDZ2R0gyTmoxRkRmSmxfRUdZWXR2a3JZSEZidkNwS1BlQ1IyMXBETDdWUHYySExYSVY1Sjd5ZFgxUnhNREs5bE9YV0twaElYSlJsX0NCc3pUb1F1bXNlNUF4UVpWVlBfYzJ3cnhVdlhZZg?oc=5
2026-05-31 03:00,Yahoo Finance,finance.yahoo.com,NextEra Energy (NEE) Positions for the Next Decade of Utility Growth,https://news.google.com/rss/articles/CBMinwFBVV95cUxOLVNCcVZPSU9NdkplWXJybTVPa1ZvRGROMzRqbVZjQ2pxRWpqTUhmRW1velZUa1dFN3RjUUw4QUgxNEdUS1Y0ZndPQ0dVUE94Z052ZmlLdFJZbjYtRGtnbk01SktHWC1UU2pxNW9sZVZPZFZUNUFKQ2lDWGNjVjVWXzNtTE1fenVrOHZkakkzOThhZE5JcGJxVTIwXzRtQTA?oc=5
2026-06-01 03:00,Yahoo Finance,finance.yahoo.com,NextEra Energy (NEE) Stock Declines While Market Improves: Some Information for Investors,https://news.google.com/rss/articles/CBMinwFBVV95cUxONFpwMWR0QXl2aUdvR21XSjNPNXZBZ1ZIWHpwa01OajIyaUZ0NEQtaEU5VGdjVDYySERMOUNhZzZqVXkxSUZfMl9jVDFSVUZaNkxyUU5ZaFVuODAwNmNMd3lTbkIyU2JOOGgtYUd2SzNHaE9QQkdYVVp0dkdNcV9ZWXMwemxmeGUwV1R6WEN5bVFuVVA3NjlvdXF3bHRJTjQ?oc=5
2026-06-02 03:00,Yahoo Finance,finance.yahoo.com,Assessing NextEra Energy (NEE) Valuation After Recent Share Price Weakness And Mixed Return Signals,https://news.google.com/rss/articles/CBMipgFBVV95cUxOOW52Uk43T2F0U2lRMVNJYkhkdVRoUlJDSEx1UVF4SEx4TlNGY3dlTHBlNVFQbHN2TWRFM3ZFRkpza3p4UHJSQlVnbTRjSGI3eE9MYnVXWFV5OEY4TWNVRzFIN1N0T0NCeEFqdlF1SkZqc1N2eG1Wb2xWcHdZYmF2MjNBaTRkZVE4Ym8yS3FUdEREbjB0T3cxNHc0SkNMbS1fR3VvM3JR?oc=5
2026-06-04 03:00,Yahoo Finance,finance.yahoo.com,Analyst Upgrades Dominion Energy (D) Following NextEra Deal Announcement,https://news.google.com/rss/articles/CBMioAFBVV95cUxOZExRYVRDNlVLYnNfb185Yll2X1lKNWJBZ3BNdFRaNTVnQkpfQkdMbXdVTkdKQkhpdEVKdTUyS3BsX0FrbHdzV2dHYmhIUkE1bk4zOEZoS3V4TERPYl9BSHNxM2FXaW1CeDFOZ0JlR29YTXFLclVENFJEWmlWS25ZNEZ6YnZVZGlqd0RvQWE0ZXluV2ExZEhRYWoyZ2lnVzYt?oc=5
2026-06-04 03:00,Yahoo Finance,finance.yahoo.com,NextEra Energy (NEE) – Among the 10 Best Renewable Energy Stocks to Buy According to Billionaires,https://news.google.com/rss/articles/CBMilwFBVV95cUxNeEZUUW5COVR4UVNYelVHeEI4U2JXcjh3SnJuZ1p0YUpBanRYRDJIa1ZhVUs1ZnVOX2xFLWd6SWJKbHlFUXFyQ1c5TWRhT2c1TDFJdXpVV3lrRkVhdnZNRTVEMW4tTThPWUN6RjhNel90Y21wUjNmNnB1SUlYS0pmNFVGWEhTNG5NRVRLZ2lIWl80LXRqM0NN?oc=5
2026-06-04 03:00,Zacks,zacks.com,NextEra Energy Outpaces Industry in YTD: How to Play the Stock?,https://news.google.com/rss/articles/CBMipAFBVV95cUxNWnZtNkpIZ25idGFJY3hjZUdsZlZvc3loRG14c2ZHVmNoSUNDcTJfTWZzaGZXcWpJMXFrLUpQVkRkbXpwNWpmZkRMT1FfSnhhRTdSdlhSZmxDd2t1N2lPX2xjOXVYc2VBcW5QVHVaQ0NybmJkSVU5cmtJbnR5YTh3TlR6S0RiSmhheGRxbktsLXdFSjR5VkxKNFQyRHl5RU1fS2VxOA?oc=5
2026-06-05 03:00,Yahoo Finance,finance.yahoo.com,NextEra Dominion Deal Links Scale Employee Protections And Virginia Storage Goals,https://news.google.com/rss/articles/CBMinwFBVV95cUxPZjNzT0JWZGlEUWlKN3dISUVzaWoxQU9jYXh0TGxUVDlLcUtsR1VraTJZWTFpbG5UMHZYSkZqd1c3c3dqLWJ4c2xZNEhoSUctZlE1b1g1STdobk1rbWYwNDdkQVBCSHdvM0Y3QU1XOU96am05RU5JNUdKaU94QzBIWFBNZEwwNXFCLVVCcUs1WE1ZSUV1bGdqM0dyTkxJV28?oc=5
2026-06-07 03:00,The Motley Fool,fool.com,Want Income for Life? Here Are 3 Stocks to Buy Now and Never Sell.,https://news.google.com/rss/articles/CBMilwFBVV95cUxNaXlrNHl3VGxEX1FHRnlFQk40SEkzdVJZR1lCbER3SWprbG93bWg5a1Y5WDlGYlU2SXlLX05ZaktydGVpRFVVTXpscXlOV3hvYW5YNVpGdkU5eEtQREV2djU1bTlVbG5xSkhmYXIySFJ2d21QcnVtTWFTSFdTN1dtbFlhb29xdWI1MmdkdjA3WkxWMVIyRVQw?oc=5
2026-06-07 03:00,Yahoo Finance,finance.yahoo.com,NextEra Energy (NEE) Gets A Higher Target As A Key Deal Moves Closer,https://news.google.com/rss/articles/CBMimwFBVV95cUxPMzNsejdyRHZwdVFEVlNLYWV2RF9aNmNMRExYUXRsQnFUNEFhYzhEYVNVODNNY1dpWElZdlNqV0ZuVTFWUi1NbUVWdHYtTEp0MGE0cldiSVNtTWVlZUE2eXlkUUp1V3JsdFB0RDliTzk3THJ1OHBGVm1sOWhmLWJPei1GMDNyVC1LbzlLLTU3TnBQOWFwNUQwLVNGSQ?oc=5
2026-06-07 03:00,Yahoo Finance,finance.yahoo.com,NextEra Energy (NEE) Offers Potential Following Dominion Acquisition Announcement,https://news.google.com/rss/articles/CBMiogFBVV95cUxQUTZJa2lvMUoxMTY5WGxyV2szQzBiOEZ4Qi1mYXlVRk41MzlLaTI5Wmo3YlpwLXNPTHVDWnVnRnhqYnpLR29MR0tqaWFUYlJILXl1V1Brem1NTFl6cXhud1NyUGhFWDlzWGNkVzZlLUU0OGw5a1Q5dU1OMlJEb1Eza19NYWNaWmdNVy1YM002dlFENWk4LThuMzh2cjNlTjBJaWc?oc=5
2026-06-08 03:00,Yahoo Finance,finance.yahoo.com,3 Utility Stocks That’ll Pay Your Bills For Years,https://news.google.com/rss/articles/CBMikgFBVV95cUxPOWN0WEVlUDE2SVhKWExab2hZMnBZeVRJbEdLYTdjWUFPeFQxT0d6bi1mS1lvOHBicHNjeFAwRFE0bFJndzktQlptdzljLWtPeUdyalpVRjhDT0lvQ0JjNG9JOXVnTVVCSlBkZXd6czVBQ0JjV3M5YlJGUVM1MHZFSml0ekFOWi1YNkE4emlua3R4dw?oc=5
2026-06-08 03:00,Yahoo Finance,finance.yahoo.com,NextEra Energy (NEE) Stock Sinks As Market Gains: What You Should Know,https://news.google.com/rss/articles/CBMimwFBVV95cUxOdHlJOTNQMGRxNVR2YUlTSzZGSHp4NXlqcFdvVHZ6VTBlOGxRM0E2UXkyRkM2T1ZaNWpFNlZQR0dhcmJNTVVfbnc0RzEzWFM0M2ZVUUxiU09qV2VzNDFGVmwwdWQ3b3lZRmZwQkhRTU51WlhHbzlBMUlmSFAxckNIRlp2VHdkbWdoQmlYVlNwQ0txSnotT0U5OU1jMA?oc=5
2026-06-10 03:00,Seeking Alpha,seekingalpha.com,The Energy Grail Of AI: Math Of The Merger Of NextEra And Dominion Energy (NYSE:NEE),https://news.google.com/rss/articles/CBMiswFBVV95cUxNajVtMUhSYXlEMVVtalRzMk11NHU3VUNnZHN2dDhjalNTNXdLZnVrSFdDdVR4eVExamN2aWJDUEN2d296bXZVY2VYLVlrb3QwQjdOR0liWFBTZ19QLWxxMzRjY1FhVXBEV28tRTF0Y0ZET0xqc1hnNzFxbWE0WUFkWDR1U1plU3BTbFpsdHJLMlRJTFlmR2ZTcHQyZExiM2dYeWF0RUlEaXhzMFVlWjhLZW5WOA?oc=5
2026-06-10 03:00,WSJ,wsj.com,Now Is a Good Time to Buy Into America’s Mega Utility Merger,https://news.google.com/rss/articles/CBMirAFBVV95cUxNN05sbS1fbjR4RVJwS2pxY05aZ1pDNFRoRzFvYWxsOF9BU0tPMFhMSEZmeTVKRm91TDRfT3BNSXlodjVscUZBTzU0Q0FtRVNXc1NSOXNQYzc5d01rNnJxdnJTdGsxNFR1SkstaGVWT094U1dIY0dsbUNFWVNURkhuT1ZXWmEyT01mS3V3M1lkempxbERDdGJLM0ZIam1DTTU5aE1ldDBCYWNIanJB?oc=5
2026-06-10 03:00,Yahoo Finance,finance.yahoo.com,"NextEra Energy, Inc. (NEE) Is a Trending Stock: Facts to Know Before Betting on It",https://news.google.com/rss/articles/CBMinAFBVV95cUxNbGtaZmFGaUZxZ3ljMk9QX1FLdm1xRXRBVmZHQi01S1cxaWw0ZFJjN0VxLW9JSk8zOTBDRWJObjFIUnBYMkM1M0Q4VGE2THJoRHNXZU8wdnp0M0JMVkJ2aXAtSUFhMlNPVlF4QVNwX0wwTnhPNVZvTW1EbjMyQzhSTW1waTNJUVFWbFphdVEzMGE0V2N6QmFmOW5mVkQ?oc=5
2026-06-11 03:00,The Motley Fool,fool.com,Prediction: NextEra Energy's $67 Billion Dominion Acquisition Could Spur More Utility Deals. This Tie-Up Could be Next.,https://news.google.com/rss/articles/CBMilAFBVV95cUxQRjNPeHUwRG5nZ3RaM1dLSy10akVBYTdTcS15NVJDajRZSFgwelVCLWpTRlJzaUlwb2ozRndtanZwSklxZXhyU1U5WWNWbHdxOVlsTFJkcmFJSjFOYmlERzFJRkxrWmtodFJHQkRxdXZDN2hMYUdudV94clEtS0xQWGY5Z3M4QklKbnhhSS0zaUQ0cFd4?oc=5
2026-06-11 03:00,Yahoo Finance,finance.yahoo.com,"Is NextEra Energy, Inc. (NEE) A Good Stock To Buy Now?",https://news.google.com/rss/articles/CBMilwFBVV95cUxPQzlIbkZ2dF84NEtJNWtFQzhOSWNtNU85bnlJSHRXVjZKbHlXbG1GQ0JQTzBMSmhod1FVYklGdFowOTdSNVpjeTFYR2JNY1FtVU9iSHc3THliNklZMGlySm5HRlZyUTdpVjFMS24tbkMtMVpsRGFpMC1SNENnQUpubkJQQ0M1ekFiZVU2bWVUZ0IyZXAwWGRn?oc=5
2026-06-13 03:00,Yahoo Finance,finance.yahoo.com,NextEra Deal Recasts Dominion Energy As Data Center And Renewables Powerhouse,https://news.google.com/rss/articles/CBMiowFBVV95cUxPZW4xeU0xWlBVX09DcXhEcWxEQ2lVVS1BS3AxaV9wVmlrdmhoUUVzMW93bUVnM1l5c2ZSN2ZlY3k3VUQ3SzM0eXJBeW55YUxEaXI3UjJTMFpSTFlpajY5dnJKNHFhVW1aMmNBeFBOeDdjLTBYSGdZV0tmRHJEVEZjZkxJQmZIZWtvLUNrblRHRGUtbnNqZDNvZ3pSUGQzX2dEa0xN?oc=5
2026-06-15 03:00,Investing.com,investing.com,NextEra Energy files financial statements related to pending Dominion Energy merger,https://news.google.com/rss/articles/CBMi1gFBVV95cUxOYkhHbVlRY0thQ2FoUFdKdDhBSWFKT1hMbXA4MjB5UFFkWk44YVNXMzNVTy00d21CcDVoVWwyV2JuaVoxdHpqMDZubHhMOUxna0lsWjA0R2Jza3VPdjVGdmdVODg1NFpwN0s3NjU2TGRMcll3RE9kV0lqU3NMS0VlNDk5VERESktDT3oydF96YVU2Vk44RzVZakZMeXgzWE1kNGREb0ZsbVJXZkQzN25OcTdhQTFjV2lVaW41QVZJVjh2WnQzYXk2M1pzNFNVYUt2NHhabTJB?oc=5
2026-06-16 03:00,The Motley Fool,fool.com,2 Top Dividend Stocks to Load Up On Right Now,https://news.google.com/rss/articles/CBMikgFBVV95cUxOa2k3R0lsRXdLSzdxSngxajRoN0VFTXpPVC1pNHVycWJocWVjbmZxb1VWcjh4czBNWmVZT29vMGdVWlV2Z2hZRDhpY1ZuVDZmZkJGTjB2VFFYS2tsTzVZN1AzZW5aa0hJU193a3dOX1c1ZFY4NzdzOFF6Um1NWDhnVGRMZ1JmZHV5LUp1N0x5YVB0QQ?oc=5
2026-06-17 03:00,Yahoo Finance,finance.yahoo.com,NextEra Energy (NEE) Pays $150 Million To Settle Political Interference Claims,https://news.google.com/rss/articles/CBMijAFBVV95cUxNTnE3MnlnZWs2dUVBZ1MtRk1CS1VLR0hjZVdWMVZvZTd2cHhQS05RLTVTbFpRLUt2LVRLYkMyUGtjTE9HTUhkdmN0dFdtbi1NSldETGZaQ0tzNHB2M05MTGk5TGVIQUloWHRNZmVZWEc3ZmlZYUhtUVNxamo5QWxaSTQ3VFZ0Q0V3ZFlwSQ?oc=5
2026-06-18 03:00,Seeking Alpha,seekingalpha.com,NextEra Energy Has Substantial Upside Potential After Dominion Deal (NYSE:NEE),https://news.google.com/rss/articles/CBMirAFBVV95cUxPNHB6VU1Gc2RlS0E0NGR4YklJUVI0a2xNWjV2dmNLdGFGaU90ZENVZi14dlVuNkYzN1JPbmM1S1VsTTFZbHBmdkZodDRpdzhicWhzLUlpWnEzbk8tWlJBbkl0NmI3SEtMcjhwVGpqWE5ibnpEcGJsUEZOR3JiMDRKdVlfX3lkQkRLaVlfd0lNYWVPLXcyQS10NGxlZ3dZdFZEb1pzeElyeTktcWxQ?oc=5
2026-06-18 03:00,The Motley Fool,fool.com,"In 10 Years, Will You Wish You'd Bought NextEra Energy Right Now?",https://news.google.com/rss/articles/CBMilwFBVV95cUxNNkRZTGN5VnoxVnFnbzJUYl90NW50dmVybWJXbEdaRmE2cDE4SHpoU1E5Rk01WkNzdXlaMURjNnhiVmMxT2E3Q2hyMExaOWJUZkNUQ0xzNERQbGU1eWdmcXRhUmNfTW9zRmdzMndaeTlaUVJIMm1MNTZ2RW9scDJsNU15d3RIcFh4X0g1V2FYM0V2SW1reDgw?oc=5
2026-06-18 03:00,Yahoo Finance,finance.yahoo.com,NextEra Energy (NEE) Laps the Stock Market: Here's Why,https://news.google.com/rss/articles/CBMimgFBVV95cUxPMnBMNVRmTDZ6bTFMZ3o3NTRuWXJvQnBNSW85NnBIeG13Yk1KdnV3RXBWNVN2eEZkUnJxT0FGWktIclYwQkNlYzNvaGdFY0FBM3FlMUFQZ0NmXzBVMmRsdUVpbzM0NHByODBnZDNXclFOajRURTVtb0ppU0VzQ2hodDVfT2F4WUV6RmZJeHBlWGV5cHRCaENfcUpR?oc=5
2026-06-18 03:00,Yahoo Finance,finance.yahoo.com,NextEra Energy (NEE) Stock Could Be 8.5% Undervalued on Its Dominion Data Center Story,https://news.google.com/rss/articles/CBMimwFBVV95cUxQZ2xMWnFqNUdSNFpCa1hXVkV4QTc5ekNIYXg0bi1SX3VSZ3M3WHloTFVOTE9UaG11bk9RSTlXY0t5cE8tdVhkdXE0WFdieWhYU05ncVg3Z2VMTXY3OERFem81SlBXRXgzbzd6bGhnRzM4VV93R3RCb0R1Y0ZxWG04eWxNakR1ZFdjeGJta3lCaFFZR3RKd2k2b1hTVQ?oc=5
2026-06-18 03:00,Zacks,zacks.com,Will NextEra Gain by Generating Power From Multiple Clean Sources?,https://news.google.com/rss/articles/CBMiqgFBVV95cUxQSGZfRzhVU3V2a2xKQ0VLSVhJRDlzNGhRUXUxbVJNamFoQjhTdTRXM2hRV3FBWnFucGQ5R1gzNTNuZERtODVGbGgxSjFWZzVUZ2FuTWJPMjgwSlBDZzE1MkNaYjlDVGFfUFpHRlpSZWQwbmlZbGdlN240cnZDOVhWYXhsSnJGZDBjWF9rOWxWRmFxZ2pkWWhuZTBrMFlMV1M3WWpLZ0hhMFZwZw?oc=5
2026-06-22 03:00,Yahoo Finance,finance.yahoo.com,"1 Historically Cheap, Safe Stock You Can Confidently Buy Hand Over Fist in an Expensive Market",https://news.google.com/rss/articles/CBMinAFBVV95cUxNRDdSMXhsZmN4ZWJOT1Z3WHhvX3Z5ZmZ5SGt0djVwakFmUFh0WllrOGVxWnJHdXkxSVZ1VDRweVBuRWxwcHVwcFNOT0htb1lsbmRlM05lRlhTR1FqSmlFQlNaSG9sT2hXMUdXenFtUW56OGExYnVtT2tTWmh4blZPMm1WSnMtbVVYdVRMLVp1NkpSdWNYU0J6am1NQVU?oc=5
2026-06-22 03:00,Zacks,zacks.com,NEE and SO: Which Utility Stock Is Better Positioned for Growth?,https://news.google.com/rss/articles/CBMipgFBVV95cUxPbVdJR2Ytd01kVVhRSnhKVjNFTGdJYU9ZdkJ2WGdPMHRrTXdFMU44a3p1aEFEZUlrUEw1R21hYjBaTHhfNGE1Q0tBN0VhMDhydnZ4enBFemE0TnlwUVdZTnVNbTgwNFV5NnZ6UGxOeGtIa0hxUHhzU0MyMEdlaVVKWUI0OXhXRVJiTFlDYkhPSU9hVk8xRU5YMk5GdHJPZ1liSTJ6LXNB?oc=5
2026-06-23 03:00,Fortune,fortune.com,AI's power hunger is turning electric utilities into Wall Street growth stocks — and customers may pay the price,https://news.google.com/rss/articles/CBMiigFBVV95cUxPMk5ONm94YVc2SVF0am9LTWF3TXJtVkY1QXJZMzA4NWh5UF9nNDNHUmtFYUNMTnEza2hfWGpCUmkySTdQLW1ENkZyNnhzSXJLcm0yMXlMbTNHNHlENnJRM0tXLVBVX1RadWpYcG5hQjhCaXowSHk4QkJfU0JkZ1ItS3R0enBVdnBUQVE?oc=5
2026-06-23 03:00,The Motley Fool,fool.com,3 Dividend Stocks to Buy and Hold for the Next Decade,https://news.google.com/rss/articles/CBMimAFBVV95cUxONEpPV1NQSk9TcVlSeTVvMFNuWUVMMmF6X2tPalRaejNMX0Jyc0FOdHE2blNRQmJINHROek84RVdfTGsyTFFCMlFtQVF1a0JHbVhYQ1ZwekhGUU9nQzJtNlVibGZ4dTItbXR5Nk5MZk9nMDN0bHFaUjdRWWI2TXFZWmhVLTRNNzJRVWJUa0haNEhtWDBvUXY0TQ?oc=5
2026-06-24 03:00,Yahoo Finance,finance.yahoo.com,NextEra Energy (NEE) Increases Despite Market Slip: Here's What You Need to Know,https://news.google.com/rss/articles/CBMiowFBVV95cUxQbE4wLWtnVUJMaDV6TW1KQnloLWc5SG5fYVd2T2lHczNNNUJ1bktUSVZNQlNyUXRNN1JvMjNhSnVIR0FiUFR4Tm93SnNsSk1leFN0bWV1Q1BSRXItLVh3bVdjbHdYMnBtRGlMamJyS3VGZXF3MUU0bE9Vdmw5MmgxZm5Yb1cwR3Z0djZZX252ODU3ekJBWDB6SHFkWVhKYVlOY29z?oc=5
2026-06-27 03:00,The Motley Fool,fool.com,Dividend Stock Showdown: NextEra Energy vs. Dominion Energy -- Which Should You Own?,https://news.google.com/rss/articles/CBMimAFBVV95cUxOUndYaG5CZEZva1VYRFAwcGRqclRJcFZybTRYbUZDN0VfSEQ0M1lFSmdRTDJiRU40em51YkI1SVFfQ2xUYmxzXzYyV0d3bEk5X09tLVpFdEJwcjhUWkNhaWFBaDNMV3BuX2dYZGlkeFg2NFhrc01UaXJENU9Qd2lRMExnQVhWc1VqQTlKR080WWNaV3h5SThEVA?oc=5
2026-06-27 03:00,The Motley Fool,fool.com,Solar Beats Coal for the First Time: 3 Dividend Stocks to Buy Now,https://news.google.com/rss/articles/CBMimAFBVV95cUxOOC1CdHVWTTlMNnpXYXE0OWZNRHU1eWtrR202YVZnWE10OGpOeE10SExqdjAwOGJLVlgwbHV0UlcyWDdudWZNUzN2VnBBWkctS1VTc3hMOVdVZ0lCdTVKSGgzcllGQTZyLTRQTHJHNVVpeUFtNmJ4NHNpbUN5aTdCZVE3ZTBucElITHgxT21kSzhHLUJSYU15eA?oc=5
2026-06-28 03:00,The Motley Fool,fool.com,The Ultimate AI Power Supercycle Winner: NextEra Energy or Vistra Stock?,https://news.google.com/rss/articles/CBMiwAFBVV95cUxOWVBNRXoyUVRVTVFCUzZ5NnN1TU50MUlNeHlJcktnN0dOaUpKaUxaOFJCVDlWLVZSTVQ3VFZUNTFLUXdNS2lvZng5VTluOXlhUXpGUVJEMlR1azZEMjM0eXJFdzBiZUdmY285VXd1RWdtR0R0RFRJTENjYlJyTldJVmNSSjkxZWpnSTNMeDBJck9uSW1wQkNEMzgtcXcxTVBtWjNGdFdmYlh6c3AwalNfQ0hPYTRzSU5uMURSekdzUWE?oc=5
2026-06-29 03:00,CNBC,cnbc.com,Trade Tracker: Jenny Harrington buys NextEra and Comcast,https://news.google.com/rss/articles/CBMinwFBVV95cUxPRTE3T1VocExFeW5laEV2dlVaWHg4cWNyNU1YWnc0VzNCZ01kU2V6dFlNdzl1U2hWQmw5M01lb2prUVBhNVh1R0pTM3EtZU5zSUwwR0E2S3RpdU1EbzRTMVIxWUJPcklWZ280dTZfNFpiTEp1MHl2dldhdXNCN1lBb1JhV0tyaTJvc2dPNUZ5ZXBMZjZCRWVoZ2YyQkU3b0U?oc=5
2026-06-29 03:00,Yahoo Finance,finance.yahoo.com,Why Big Tech’s Demand for Uninterrupted AI Power Is a Major Reality Check for NextEra Energy Investors,https://news.google.com/rss/articles/CBMilAFBVV95cUxOVGdJcDFDbk9laldJeUNLUWhtbGY3WTl6YzJCdE53dGtpVXlwbVRIN2lGSVVJWUczMHRBT3AwU0lrN29JVHNGOWxIYmtXSmRjTkwyd3VCX1VPZm5Yb3Z0NmlnYWxFcnd2bnZoU1ZaRUdLc25OZUR3VHhNUGVQSGJ6aHhSMjVzWjByMGZPNVlyTEUwdFBD?oc=5
2026-06-30 03:00,Yahoo Finance,finance.yahoo.com,Earnings Preview: What To Expect From NextEra Energy’s Report,https://news.google.com/rss/articles/CBMimwFBVV95cUxNLThVUzd0c2lhZnVGWHFCY0hsV3NCOC1Mckp2eUgtdHA3a2pPUW85eWxRc3NKb1dLUVNPcWpiSjVPSGV4SGYtTy14dDI2WWpMSnUxcDl6RUFkcTRDZ0I0S1V1S3Y5TGRCdlNDeGV1V0NTQ1VGUkJ1QW81RjJpOFhVVEhqSXdYRVF4aWoweC02eUFwTF9mU0R2Tkpubw?oc=5
2026-07-01 03:00,Yahoo Finance,finance.yahoo.com,NextEra Energy (NEE) Is A Top Stock To Buy According To Billionaire Glenn Dubin’s Highbridge Capital,https://news.google.com/rss/articles/CBMimAFBVV95cUxQZnVMdWt4cDhGZGR0WU9RcEFPQ1otYmo1MXIzeGhMTlRtdlhUTDNabW1iVXU1d3pQbFRzOHNVanV1NjRLOEkyTlVMV0w2R0RLZ25ldnlwYzF3dnRyZTZxSUNhTXFkZGZlaW1pazU0a1VWcVlST3N0WEhQUkdOdFF2UkZHN1hlenBieGxEUWJqcEoxdHotM0xuZA?oc=5
2026-07-01 03:00,Yahoo Finance,finance.yahoo.com,NextEra’s $67 Billion Megamerger Proves Dominion Was the Real AI Infrastructure Prize All Along,https://news.google.com/rss/articles/CBMimAFBVV95cUxNZDdVcjQ2QjVCaTEtMEZJVFBUalRiMC00REI4YkVneG5BTEp0a0RXQXBFTk5JVVAwOHZZbVcxN2ptYXBQbEhmSWdjZGVqRUN5R2MzQkhacVpqRk5QVzhZQ0JDVHN2Y2xiOXhUMHFZTS1Zb0phYkRfdk1CWjd0bWFpaDNHVk94dXU0aFZJbmVLVE0zdkF6U0JoSg?oc=5
2026-07-02 03:00,Yahoo Finance,finance.yahoo.com,Brokers Suggest Investing in NextEra (NEE): Read This Before Placing a Bet,https://news.google.com/rss/articles/CBMipAFBVV95cUxOVWUzSmxBNlBtOXJlSUdUNkNrZ1lhQ3JNSlVBOEdJZDNSZWhUSUVpWmpMc1JKaktwendVQUc1QnI3Y2VDa3VEbXREUkZyMGI2MWtMV01kVWxCQzR5VlBkcUIyak0waGplUlFFaWJObDhjM1NNNzBvWmZwcEJiY2J1azNReUUzNllDSWVSSzVaSU9LUHdCRWZzeW93ZnQ4Q3hXQ2pFbA?oc=5
2026-07-02 03:00,Yahoo Finance,finance.yahoo.com,Can Partnerships and PPAs Continue to Power NextEra's Earnings Growth?,https://news.google.com/rss/articles/CBMinwFBVV95cUxPdkduT21SRmR4V0tVUHFLZElxeVFFR2FMMV9kZ0JwU0FTMnRHSUUzNkJIUEVXTDRxUERhQjZpdDFNVmZMY1lzamlGdlFGemVXWlpxRUd5clRBSHpWQ1VRVXFwTGFicWZoVWtUTnQ4TGphS0pTSFBaY0k4Y2JRQTZsSV9rWXFLdU5mWVc5WWp5eW1nYVh3NUZwdHFoenRpLUU?oc=5
2026-07-04 03:00,Yahoo Finance,finance.yahoo.com,Jim Cramer Says He Happens to “Like NextEra Very Much”,https://news.google.com/rss/articles/CBMinAFBVV95cUxOaUg3N0VPVUowaHhHdHh3blpPLThyYzYxZDNGQmpIeFdYSTRrLTBlWFRkQ3pkUDNEVkxBY01MclNZb0hlSWJpdF9IalNWM3NsT01nSFpMWlhRZnc1QkRUVHRmWEtfN3RSQjZsTExRUUVvVHdQek9sNThVd3pHdkFuNl9nZFZQX3czOTdDUlpoUUdVVGw2YTgwcUFzN2o?oc=5
2026-07-06 03:00,Yahoo Finance,finance.yahoo.com,NextEra Energy Lags Industry in the Past Month: Is It Still a Buy?,https://news.google.com/rss/articles/CBMilAFBVV95cUxQWFdKNUdJdTA5cGVqYXlWSmxKTUlIblBvUjM4WWl4TzVpb0xUUW9pVkhRdE9xOWxWRnRCZ1hkZjJnM3ZKSVJkeWFtR3k0VDdiZi0ybGJYWDFLSFV0YzhiMUtJUEp4RksyLThtZHB1Y3IyTzZORjkwcTFSVVB3UnhMb2sxcE9nU0tKSFFPbEtwUW9WZ21t?oc=5
2026-07-07 03:00,MarketWatch,marketwatch.com,NextEra Energy Inc. stock underperforms Tuesday when compared to competitors despite daily gains,https://news.google.com/rss/articles/CBMi6wFBVV95cUxOeUtDejdUVGV4Yi1icTJrbThnSVZlbW5QekNfNG0zcVRoRmZMeFp4bDFFbDF4YmRhRjk0UzU0cjcxZXBqQzVzWnpDck1KYTZqN0ZRNnlYYzFCaWRobDBaRjhTSlhXT21tbEoyRkJZNHptR0h1enNuek9lUmtuZEZvR3phZEUzcktnZHotM1luZTkwSUh2Wm5MLXZ5ODFZYWF3aGhQWnBIZS1tOW53bFhjSjYxR3VZdkdvMTZKSDU0VW4taDN6TmRHZDR6SXBsVHNGdV9fMmJIM0RFQlRLeUUyMlVNTVo0YjlPWHhz?oc=5
2026-07-07 03:00,Yahoo Finance,finance.yahoo.com,"Here is What to Know Beyond Why NextEra Energy, Inc. (NEE) is a Trending Stock",https://news.google.com/rss/articles/CBMimwFBVV95cUxPNm5CRDF6UGJrUHhDd1l5VXhtWE40QTh1OGJHQUVhSXJHWFkzRmVBMm5UMGd1Y1JpZUJ1QjRKZGEzY1ItTGNMTVpYOThtZXZ2YVMtYW5jX3ZMOEREZnd3TnpSSVJpSzdkUkR3MVFUdnlqSERibGUxZXBYNlRnUmpudlJHdk5SeFhKODIzWjFiYUxwSGptV3RSYWQ3RQ?oc=5
2026-07-08 03:00,MarketWatch,marketwatch.com,NextEra Energy Inc. stock underperforms Wednesday when compared to competitors,https://news.google.com/rss/articles/CBMi0wFBVV95cUxOYkRUVUJCXzNUMXJNZnc4RTRSUTRxMmpSX2dQcGpvUVdaRTlKRkxHU3JTcDAwVlFtVGFHZnItRDIwN1JhZk41S1dXbzRITWVFdEdKNkNJZGdnalpzVkVPSEdtc2hTZDR2ZEpKQ3hDMUNWcVpnc1p6cnVtakc5MGstTkh5REtjb2lpMVlQcmVtM2Q0U1l2OG1nQTJ0emJNc3hPdklNUzVNM2FENDNOX05DYVM3V3BlM19PWDdpOVU5UU50ODF2NzdXVHJIU1JNUGlYZjJj?oc=5
2026-07-09 03:00,Yahoo Finance,finance.yahoo.com,NextEra Energy (NEE) Stock Looks Stretched Despite Its 32% Five Year Run,https://news.google.com/rss/articles/CBMikAFBVV95cUxPektvN2REZHBWMmdXQVE4aF9RV3J3d1NtQWF2UWh4NTd6cGRzYmlhY0lIMUxxUnpPSHZaekg5bVhZSnVrLURiWWZRLUpZVTBsRVN1bzVzbnY1ejRXRmdoT2xGbkhPUkNWUVFOdlpGTkxMeGhaamdQRUhVQXlrcVVNTkNWcUpnUW55NTN6TkJFa3c?oc=5
2026-07-10 03:00,The Motley Fool,fool.com,NextEra Energy vs. Duke Energy: A $67 Billion Deal Could Change the Revenue Script,https://news.google.com/rss/articles/CBMizgFBVV95cUxQYzZWczFHbjI4dDh5SV9xX2dLaDc0blBrUzFBME11aXB2aWpSS3RQckg4SHpIdDlWaWh0UndaU1NmRnBZUGhFZGtCQ091WUtsVEhCWlRSNUtjbW9sNVByNFZUWW4xTUR6NndqYk9iOHV0ZzEtcjdIalJwT0tPUnNhc3V5eFBwdWtMbE16TFZ0clNfdVhqdzdvbnh4MDBhTzY2RWNiWFJ4ZVYtVTJPVVh0emFycWR4UjhmUkhJSEpZeHVHVk1uenBoZ3VmUnlFdw?oc=5
2026-07-11 03:00,Seeking Alpha,seekingalpha.com,NextEra Energy: Merger With Dominion Energy Introduces Risks (NYSE:NEE),https://news.google.com/rss/articles/CBMiogFBVV95cUxQMnYtOFFEeV9Kdm1wYlF0T3A0QWNnUnJ4ZXI1c1FkaDYzZkpramFnek5TNUpOWmtQeDIxTGwxdWp2cXRFV2xjTTN5bko5MEJfS28wbnNrVEt3MDRJYl9saWdXQmNpcVFndWJ2d1VrVmlMRUhHa2dndG5OQjdtU2lxRDIybFFKLU1NVjhFbTZwbTBLamx1Q0VtVHhTbmRNWXRZV2c?oc=5
2026-07-11 03:00,Seeking Alpha,seekingalpha.com,"NextEra: Dominion Deal Takes The Scene, But The Stock May Move On One Signal (Earnings Preview)",https://news.google.com/rss/articles/CBMiwgFBVV95cUxOY0lhT251VWpkOUxfV1VkLUg1UXdCcndRLV93dXR0NUdXY1JRU0pIQTR3VmIyeU41dWJKdEFuX3ZiLUtLekRkTWYxaEU0N2pwSElZNFpPc3NaSTFWYUExS0t4ZDE3LVVvdmZWSlJxbi1zcDlOSzhadGxYaS03YUI2eFFBUXVPLXZNRFZzRGhCYnloMzVhbW1IMWtyaVhKM3lxRWpLcGlrYXpIVGx1Y0dmZk50X0hPamhEVF9nT1o3UFI2dw?oc=5
2026-07-11 03:00,The Motley Fool,fool.com,Nobody Is Talking About This Dividend King Stock. Here's Why It's a Screaming Buy Right Now.,https://news.google.com/rss/articles/CBMimAFBVV95cUxNdU12aUN5NVktQ3gwVGpPa05sVEdkMmFWYTg3UHBHR1hiOFpnaVpNRUZXNXMtQzlIT2tEYThfczJFVW9HVjZlTGpGZG8wQkV3SmhsNjNIcFhBUE9KNDczRmpMTGJtWDVsR3hQcWhuY3dtYnJtaTJPbWRFVHRLMEpqUGVSQUxxbUhaSXhrXzF4S1VnZHc4aG4zZg?oc=5
2026-07-13 03:00,Yahoo Finance,finance.yahoo.com,NextEra Energy (NEE) Bylaw Change Lands As Fair Value Debate Splits The Stock,https://news.google.com/rss/articles/CBMinAFBVV95cUxNXy1HTGVpQ2ttMkdva21DYzZ1REwxTE84eGRxaTNEWW9BSERBYXZTVG5OSzlERWdyT3FuU1FjM3cxck1JdjBTQWxtN2VBRWVBWDRZNXpQQkJVcG1jM2xUNUdFUm1Eam9CY3BpSHIyWElyMHlNUzVsWEs4SlA5MFdyOXUzYTNzaVhPd2tWX2RYU1o1cWF0bmNxeXgtb0Q?oc=5
2026-07-13 03:00,Yahoo Finance,finance.yahoo.com,Will NextEra (NEE) Beat Estimates Again in Its Next Earnings Report?,https://news.google.com/rss/articles/CBMingFBVV95cUxNTmo3RHNaLU96ajhmb2M1aHhJVXNyX2JpcUNWRjZ2WkNnMkIta0NNV0RpeFZwLUQ4SnlYNHMwWHk0cFFrdzRsTnQ3UVJpZGM4dkw5Nk5McWdVRGZ6U2RVSFVoSjNPVEp3RUJ4Q1dfOEJZeWh5cmJLUUYta0QwdUpSRWNCTFFlTjktN0E0d05yQlVGdjlvbTNYRmRCMmU5QQ?oc=5
2026-07-14 03:00,MarketWatch,marketwatch.com,NextEra Energy Inc. stock outperforms competitors on strong trading day,https://news.google.com/rss/articles/CBMiygFBVV95cUxNdnVCTzE3Z3E0QVlzNWNlbXlGSm5YbG44bWRnclVTb0ZBOTVfcGc0akZtTk1WcHhlaGxOazZMRE1zYUMxVFp0Ykt4Slk2QU1qMVhQN0VReFp3SjdIZXJlakFRWWFFbnZTQXBBR3JyZmZXMzRBZnBaVno3QzdvMFdHd2IzYUpWQ253NFdLanVLVW0tcDhUalFjRFFES0hQcy1UbEkyN1ZYamdqYmQ0Ni1OSWFIR1F0RzJVcmJndUhpQ2J5dnpzZHJoaVZR?oc=5
2026-07-14 03:00,The Motley Fool,fool.com,The AI-Driven Rise in Power Bills Are Causing a $25 Billion Problem for Utility Stocks,https://news.google.com/rss/articles/CBMimAFBVV95cUxQQXo3LTBObi1RWVpKa2xaNTBZT1Bxc21pN3U5TVpLa2s4MnhPaHpNX0xFZlUzLW1ZdmJ1dHJlY1VoVU56VW9aMzVIUTcyMHc2ZTcxSG5RSXpnUy1LOVZnZGhMdmplcVhfS1kxT2FvWWlLNWdYTWtUU1ktUnZuYnFHVzM3MS1iU3lPT1Z3LTI3b1Q3NlZYRTE3bw?oc=5
2026-07-15 03:00,Barron's,barrons.com,Our Dominion Energy Pick Has Produced Returns. Time to Sell.,https://news.google.com/rss/articles/CBMipAFBVV95cUxPMm9LQlhfY3g0bUZ6NlR0akV4cVhyTENKbkNnM1lKa2gxV2JqajZKTHRZbGhpby1QczE4eDRrX1F5UVk4dU82VnhQZVFlNWtXQkJLTUhyNmJNT1h6eUtWS05FRzVYeUNtTWVnVFdHRFpUaTJkVzBDeDZGT0w4OG4tOUxUWjRJcVQyZmh5N1Z2N1JKa09KeEQzVWRtNWF6ejlkR2w4cg?oc=5
2026-07-15 03:00,New York Times,nytimes.com,NextEra and Dominion File to Form a Huge Power Company,https://news.google.com/rss/articles/CBMiiwFBVV95cUxNZnY5eF8yakF6Mjl4X2tzb0lTWWRlaGlXdXNCWXRwNVVNQTFMZjBuU0ZTSzVRSG1INzQycnM5SGdJTlFJUjhISXFZNV94Zjh4cjNsYXppZG1PdmNzeDlmTnExcG9CZnBRWm10c3dmUGJudDdSZ0FtZ3dIOEhwNnNia2lONDV3dmd4RmYw?oc=5
2026-07-15 03:00,PR Newswire,prnewswire.com,"NextEra Energy and Dominion Energy file to combine, building a stronger company to meet growing power demand across four of America's fastest-growing states while keeping energy affordable and reliable",https://news.google.com/rss/articles/CBMi8AJBVV95cUxQUnV4bktESWRlZU5XelZzbkZwcFB6dlVjUWRXNS1fYlBUUWwtVVA5Q1RTWHhIRzgwY2Q0TG9Tb005VkcyWlZSVGphT0doWmI4LWFHejE0MHRHNUZsS2UtbW01OXJIcXBoUWpBNVhDdkg3c1lOdVlWTm5WUGdtWGFBWmxfVXVydjF2aG10N0tMMFFNNDJhbmxBSHBsa2VYYTNETlBSbXhNdGFRMmdISkZXZ2w0anJoVU1BdWN3dkg3Zi1fWVlwTkQwLTVNZjIzaXlzN0VoSzIzRzFKY1NRMC03NmZnS0lNOEZhLTk5bTF3X055dFg5d2RmbGFMZ2hwRU0teDFpT3ZPN082Nm90ZFBMVW1vZ3k0T1VZV21xSGNuVE9mbk9jWEZqVHRjc25XUmt3ZEo2bVZub2tfNTM0X2tuZWdOVllhSVVMXy1kTUhqNXZkUGgtN0thdTVkZXhGaDNxS3hmdFpVQ251OGh6UDdrQg?oc=5
2026-07-16 03:00,Seeking Alpha,seekingalpha.com,"NextEra, Dominion file with regulators to approve giant merger (NEE:NYSE)",https://news.google.com/rss/articles/CBMioAFBVV95cUxNRWt0OEh1ZHlxRXNVSFRtUHdmdXZBUUdSbmxoSHB0a1pkclhXUkdPM2c1VVc5OG1pUGxRVEs5ZmdTVTZnQk9iYzRuYnNLaUZfbjl5azh4eUZRNy1SWXJwOGt5QkNFVllBMExRcWx1Y0ZEQjVmbWs1elh3UkZrQ1FobmRhV0lNUURVek1SY2U2QzFrM01sSFNjZFVNWl9fMnBw?oc=5
2026-07-16 03:00,Yahoo Finance,finance.yahoo.com,NextEra Energy (NEE) Files For Dominion Merger With $2.25 Billion In Bill Credits,https://news.google.com/rss/articles/CBMilAFBVV95cUxPUDlYckR1RVFtMUVJT3VnTGE3VFoxTk5kZ0ZHallVSE85SDcxbGhicXdPbjkyQkRyM0hKLXZVcGJLYkEtR3dyTXY3Nkg3VE15Q3l0UktnenJwQXZ6em1Fd1pOZmtwY3p6M2RlNUxRZlY1YnVPQkdWN2paRTBObU1zd2JuaFJXOGJoYnVpV1NyMWMydk03?oc=5
2026-07-16 03:00,Zacks,zacks.com,Can NextEra's Battery Storage Boost the Clean Energy Transition?,https://news.google.com/rss/articles/CBMipgFBVV95cUxNLTNneGhlaHVGOHdydEl6SmZyRmxHS2E1TnB3S21aR0tFeU1sWC1nWDVuVmdLUURUSFJhay1DRk9hVlh6XzBFVy1nbW4yTHFSYl9UTEYxcmpfMjlNZE5KamRMZkJNQVNocGpVUEpWQWlhbXVEYjBnQzJqdGN4UUk3R1ZPbUhtT2pyUEEzbWVzQmF1d1hxNWlPWlhJVHlsTzBBdE12SW5R?oc=5
2026-07-17 03:00,The Motley Fool,fool.com,3 Utility Stocks Built for the Coming AI Power Crunch,https://news.google.com/rss/articles/CBMilwFBVV95cUxOT3NxLVJ1dU1uSFlkRGZpeFZPR2dmcndKRkVZb0RRSGpyazhWbUt3aEVhLVNZTGhWMWpKZndHX1R1Q0R6WGMxNUF2R1hHWkxQRVVpUXBIM2REcFdESFpnbHdLMndjbVFocWR5RmxCMHdsNURPSHJEcExBdVVUcHZubmEzVWlldHR3a2xUa0gzZ013cVBKTy1Z?oc=5
2026-07-18 03:00,The Motley Fool,fool.com,NextEra Energy Plans to Spend $59 Billion in Annual Capex Through 2032. Will This Massive Capital Outlay Pay Dividends for Shareholders?,https://news.google.com/rss/articles/CBMimAFBVV95cUxOMzBmZllNVmhOLWxpMFE2d1RuenowNnVkbzhfQnZHbXJndk1EQ2RRaW9UQ2hJcEVoV1NtOFdxbHcwajhPRUVHc2JlYUN0ZUhQdy1STFMxTUdzSjRyczhuV18xTW5GOWxPT3BCN1JLRFpVeFNqbDNrdjdvZm13dTBpSC1nSWNua3FSTk9zaUlicVB2UnB2WjVBQQ?oc=5
2026-07-20 03:00,Yahoo Finance,finance.yahoo.com,Is NextEra Energy (NEE) Stock Outpacing Its Utilities Peers This Year?,https://news.google.com/rss/articles/CBMioAFBVV95cUxNS3VHRVF2ZElQNFZLR2ptaHQtQk1rUHF1T0FBQlYxMk1ud2NBUlFFR05uZ3pWN3djM3c2SnE4U2RmbTlNclFRbnJjdF9LbDRSNEJMeW02d3JtR0JwRDhIX194blc4bTVjelVjdnNYajFSb01tMGdnNGRYU0ZRLVRyM0t5Y0lxTVFoSGdqbjBKYm5ZakgxYVkwZ05xX0ZTRHRG?oc=5
2026-07-20 03:00,Yahoo Finance,finance.yahoo.com,Should You Add NextEra Energy to Your Portfolio Before Q2 Earnings?,https://news.google.com/rss/articles/CBMikgFBVV95cUxNb1g2bnNQVF9rTjhIclZSTWNZNVZOTDR4N1ZJeEZ5NDRKaDNMcV9ScVk5TWd4TWVhMXMwdXFvSjdPXzd2MFdCXzNsRXk4QTNkempmRi1YVkZDRE9kM0xtZ28zS1EwdExzNkZNRmY4ZlVpRGtIMTdBNDAteHUzZENxRDRINGgtT3o2ZTduR1JwaXFVUQ?oc=5
2026-07-21 03:00,The Motley Fool,fool.com,These 3 Energy Stocks Could Outpace the Market in the Next 12 Months,https://news.google.com/rss/articles/CBMikAFBVV95cUxQYWgzclRtWmF0UXdpX2NtX09ZQ3NaVm5zaEgyOXcxMFZCSnkwX1FuZmlPUzZfZzRONVkwamg1bGw4dXp4ZDQzMmlkNmxiWG1lQjNNNFk0VzNrYzh0S1N3emhPc3RPS01xSkNycEFxbTVGdjRjcXE1dHpBUVlwaDYwX0NoeVFXU19vYjhFQ3Vqa0M?oc=5
2026-07-21 03:00,Zacks,zacks.com,"Best Stocks to Buy in July and Hold Forever: GEV, NEE",https://news.google.com/rss/articles/CBMilwFBVV95cUxQVUZtakNCdDlJNlMxcFB0MmRQLW9SdmRjVXpvcXNHdTRlLTJzZndZWHNFYm1BZEpUTXhNd0l3VWJWZ2hhUjNYN0NMYS12MmxSOGx2Q2JEa0xuenNnUXNmU05jT2hHd0tleWFNYnF1MVpfWC1QazhlN0U5MGNqZzRYbUtFcFd2OFNwdEIyZnpGNjJOWFNTaWpn?oc=5
2026-07-22 03:00,The Motley Fool,fool.com,"3 Dividend Stocks That Could Turn $5,000 Apiece Into $1 Million by 2066",https://news.google.com/rss/articles/CBMimAFBVV95cUxQclFyc0VQaU1RRXE0UFdZUVpYbTYzQW9rb1FvcW9nZGREUmpVWG0yMVk5NFdwc0dZdVB5Q3JvUUFLeFlzNUdGSTVWLTM1d2I3TzRYLXBPZU45UnY3T1E3WTdGckF6SGJTYnVWTGRXMmtrUzg1NEIxaDZOWTZFZDc5RnRSZnN1aVhFeGtjSzZrWVF2c2lid2dvZQ?oc=5
2026-07-23 03:00,Seeking Alpha,seekingalpha.com,NextEra Energy Q2 earnings preview: Key checkpoint for backlog growth & capex (NEE:NYSE),https://news.google.com/rss/articles/CBMisgFBVV95cUxPNm83d1BQYUk2LUcxWDZyUURtWGZrUWZiRDJlc3g2X1V2eUZfdld2UTdzYkFjcEJhbWpNZVFKdTRwZGU3VXdXNHhwUWlKTXpvMThaN0duaS1XRFViVW8zNTliaFRkRHFoQmlrOWt0VXhrV0NQTmdOV0VGRUt5b3JFeU40aXZ6eUNEOEE3ejZHcmIxRVJzWEhpYlBUY1hta3hxYnJ1YkxQT0t1UXJpbUhpbU1R?oc=5
2026-07-24 03:00,Benzinga,benzinga.com,"NextEra Energy beats Q2 EPS estimates, Reaffirms 2026 Guidance - NextEra Energy (NYSE:NEE)",https://news.google.com/rss/articles/CBMizgFBVV95cUxOWmpnX2x1VkNuWUx6OGhXN3pkWk1RWEFLUHowejlSWVhTeTRpWWM5Q1FlMWlCbXYxb2oxb1FVSFlBMlVITkVRNjdzYmhpMlh3Yl9QbEJnRURLTXBGS3BfQWFKQWMzX2Q5cTBudVRlTExxeFZwWDRlaldyZHFEQ2pHWHpWaU9tR01zazNWdGJYWUhJNFdYbzk5N0lYN3FhRnpBNE4wUDg0OTdRYXJRY09CQXJvV2plWWxPUWtEeEJ6TlI2anJRTkxlSWtjZExHUQ?oc=5
2026-07-24 03:00,Investing.com,investing.com,"Earnings call transcript: NextEra Energy beats Q2 2026 EPS, misses on revenue",https://news.google.com/rss/articles/CBMiywFBVV95cUxQTjdlTkNVMFJSU3Z6a0dBSnY5ai1xM0pxUWR0VzlZMEEtZlZ1dEREWmFJVnFvczk0MTd4bU1qNTNySTZkWUlCS25uWmY4YU9rVTQ4NEU3d08tTHdmcGxvS2dPZDdDMkZQUGRacG15cXhDSXFzbFNrWmFZdXpfeUVtWENlU0RCVXQyTHhtaEZBb3l2eWRfSUlLbkhGVlB1WUs5a0pwc0MtSm93QnNVS2RRNkd3WEdTZElMZGVUQkRzUThGTzc2Wkp5dFJHcw?oc=5
2026-07-24 03:00,Investing.com,ng.investing.com,NextEra Energy beats earnings but misses on revenue By Investing.com,https://news.google.com/rss/articles/CBMisgFBVV95cUxOem5Mc2cyZ0VTUlpsTHFramxvVmVyNjAxcXhpcm52VlFYbzI1cXFYSENCX2MzRTVwZkVoR2xqR2pqcERweTdHcnF4dHVULXZrc0N0WXI0cjN5eDBMV0RKM3NvVE5MWDF1MmtlTjFkWVcwUmhZd0tqUG9mSzEyWWtEZDNMS1JrUDBoS29RZEl3b0JFbFgzb05haU56eG9Scl9PVVJLM2hDTDRNcEhxdUlxTjFR?oc=5
2026-07-24 03:00,PR Newswire,prnewswire.com,NextEra Energy second-quarter 2026 financial results available on company's website,https://news.google.com/rss/articles/CBMi1AFBVV95cUxPaVcwVUc2Njd6UVJvbmhnWE15QWhiMzBKcnI0U2FvMWVLLVEyVk1JaUZXX1dodTRPQ001eWVydHl5UE5nM3dQenpDenFDTzBialFMSWNqOENad29UQTdZY2pDTy1QSHNaYnNYT2czaUg1b1FOc2trVHZ1Ry0yRm5HbUdnVTN6ZmIxb2hwMEhUTWJWcEpURmFWeVNUNE8zTVZaY1dCaEdtSGJVaFZSSDJFa2E1d1J1SkY0ZkMwRi1oNlpFRzYxRWo0QWVPZ01xMHc0blp4dQ?oc=5
2026-07-24 03:00,Reuters,reuters.com,NextEra beats profit estimates as data center power demand lifts utility growth,https://news.google.com/rss/articles/CBMipwFBVV95cUxQUi1zZWVEUXhaYkxRbEhHZnNZTzFMNGNJV0ZPa2I2eG52VFhfelVDcVZ4aVNFcDdrd3AtVV83ZFE5VnBfS3czdUY2a1dPeW8wZnl2cXJNSUd5Nmlwdm9iQ0Z1V2hwYlBTLU1yMzRzVkRFWm1VczhQRW8zNjFoa0loc1RISTc2dU1kOU9YNENycm1TMEdYSGZxaTRid2NhTWJudHd4NUlpdw?oc=5
2026-07-24 03:00,The Motley Fool,fool.com,Is NextEra Energy Inc a Buy After Its Latest Earnings Report?,https://news.google.com/rss/articles/CBMipgFBVV95cUxNTWRiT2lTVUx6RWpRdEZuQzVWOEwtTjc0ejV1UWpxaTlYNWEzTzF2VXVneUhVeTVINGF3a0dDc0VLcGFYR092TlFpM19XMXAybTRlbXNMamU0Vi1vV2Y2Q0psOEZROXdIa2s2cVRrcjZqWnRxV3Z1TUcwcjlXMnFfUTNycERWS0F5NHppTThTYjFlYm14YkpfOHBldXFsS3o2YzBCTkFB?oc=5
2026-07-24 03:00,The Motley Fool,fool.com,Want to Be a Millionaire? Buy These 3 Stocks and Hold for 20 Years,https://news.google.com/rss/articles/CBMimAFBVV95cUxQUEhYVVZJcEdnRTFJSlViYWNhNmZ0WUJoUS0wSHROV25KMEU3T2ZJNEp1TWlQNjhydkdPSmlyQ0Vpa1FkVkNYdnhxYXhPTnE1X09TMjFyeVlXSW5zYzlGZS1icnBfd0UxbnVySUFxODBRVVE2a1YtLWJ0b1hTUEd1UHZEVC12ZjJjcFg1T3ZsOVpSbFZLTWU1Qg?oc=5
2026-07-24 03:00,Yahoo Finance,finance.yahoo.com,NextEra (NEE) Q2 Earnings: Taking a Look at Key Metrics Versus Estimates,https://news.google.com/rss/articles/CBMimwFBVV95cUxPeld0UEs3REhvd1NjV1E4Vlo3enVRNjJpcldnUm5CS0h6RGhpTHVXTExXQkFFQ1RDLS1ra1duQ1JFc2JNRWRPbFg4LVo3NkFySmc5RWx4OU1wLWZaZGlydVZSdmx2d1o2OWZPYjhydFowanFSR01wNkpaR0l5OVFpcE56WUlDd1YwclFfaV9fS0hBWUNoQWhWaXpZRQ?oc=5
2026-07-24 03:00,Yahoo Finance,finance.yahoo.com,NextEra Energy (NEE) Tops Q2 Earnings Estimates,https://news.google.com/rss/articles/CBMilgFBVV95cUxOVFNOMnJUaTIweW5RTGplTTYzY2xCWGgxdEgwdUFPUXFOY3p1a0NHeENNVmxZb09wUm5xZUZuZEpTZGxobWFZZ1RyRHBFRXVNdk1CY3ZYX09KTm41Ym5tak43dzY2bUE3VTlDQnE4TzZnc2wzR3BiTnlGeXhwMnVSMjdlaWtLd19jTWVQSF9xMS1obHpjcGc?oc=5
2026-07-24 03:00,Yahoo Finance,finance.yahoo.com,NextEra Energy Q2 Earnings Call Highlights,https://news.google.com/rss/articles/CBMikgFBVV95cUxPVmlYM19RSnNzMjNZaTg2MjNnbks4WEZFTXJUNFpXcTJWckFlQThtWlY0amxvczZDajNVeXdPOEh5cFozSkp6VC1GZTY5X3BncV9mQ1gwM0w0c3BVRUpjWWJDUWVmb20zZGlLZXRobWlMVE4tSmVnclRhdnMwYm01a1UtSnpzZTJ3V1FTVEpvOU9YZw?oc=5
2026-07-24 03:00,Yahoo Finance,finance.yahoo.com,"NextEra Energy Q2 Earnings Surpass Estimates, Revenues Miss",https://news.google.com/rss/articles/CBMilgFBVV95cUxQNGZWOU5NRW9SR0FkNUlXVlc0RDlHeGhPNG16Rnl5VXFYMnFiOVZfZmk4Y2NBU3BnR3d0SlZFTmZKdXhTUDcyRUJYdWZkNm94Q1F0Z2NGZHNEcWMtdTg3Y2dDWjdkQ1NkM2tYN0JRS1hqRkEtelFMbFo1ZW43TU1kd1ozMmQ1VXh2MHdUMmk2a3l3YjFNMEE?oc=5
2026-07-25 03:00,Seeking Alpha,seekingalpha.com,NextEra Energy Got Cheaper While The AI Buildout Pushed Its Backlog To 35.1 GW (NYSE:NEE),https://news.google.com/rss/articles/CBMiuwFBVV95cUxQT2hFNlNQMmRYeERLOTZoRXFrV0RIeWs3dHd0TlVVVWxZNlJpODhNWlBjZXRFQTk4dEVPOUZPV0t6WTMxS2JFVnZoVVVnUzhjdGFDeGNRZlB3eGdOek1ad082Skw0OUZQUXpLN2FLdmZTMGNUU2Y3bFFfV2JQS3hNMlNQYzBIMk9GSTJPcmpfdVRBaFlDQkJSWnRGN0lnSC1oV3NOV1NzWm5HT3djVS1kaHNDSDRDblk5UG5J?oc=5
2026-07-25 03:00,Yahoo Finance,finance.yahoo.com,NextEra Energy vs Brookfield Renewable: The Better Dividend Stock,https://news.google.com/rss/articles/CBMimwFBVV95cUxNVDRtLWJkcUR6MzRKX3ROV1pSbHpEMkFXYjJINlRNaUFMUjZlbzFRcm03M2REQWZvUXUyRXppaW9zUXBLcGhfc2VrLVVSZGxCQjJzTVZULVFNZWVJeTN1ZkdZdGRMNHRrUDlNQ1Zpc0phMWJ5cVFvSHdQNmxISTc0enZFQWRqdUJSbE5pUWVsSnVTYWdBMlVqejFyWQ?oc=5
2026-07-27 03:00,Yahoo Finance,finance.yahoo.com,AI Energy Bottleneck: Buy GE Vernova or NextEra Energy on AI Pivot?,https://news.google.com/rss/articles/CBMijAFBVV95cUxOVl8xU3M2eFA0NEdsMERrMkVVQXpZMF9vZkM5SHdMTXlnblhwdXNDWEIwQkV4Yl9OTTEwSF8yeUcxN1pQVDJRVmlTTjdfUzlBNW9nXzJWQlZmTUl0dHZDODJlUDN6OFdJRDhjMGxkWjhOaFZiUWVNQmFxTGtSM2UxOEZOVlNyaWFUdHU0VQ?oc=5
2026-07-28 03:00,The Motley Fool,fool.com,NextEra Energy Is Becoming the Utility Sector's Biggest AI Power Bet -- Here Are the Numbers That Prove It,https://news.google.com/rss/articles/CBMimAFBVV95cUxQTU9KVldlMVVFUVZxV2VWQ3lkLUlzcGxTYTRBdWtaYnJ3dHBDdV80UzZTd0VqRnNQUGU2WW1kVVBQVW1nTDl6ejAtaXh4aG5sM0taWXNlV09jZU8xRUxJQjdrMmxUZTlNT0xnTTMycG5OdmZ2ZXRZZXRqS2lwdnRGNXUzdFRvMktBMlhSNnBNM3pWdk9HaktpSg?oc=5
2026-07-28 03:00,Yahoo Finance,finance.yahoo.com,"Investors Heavily Search NextEra Energy, Inc. (NEE): Here is What You Need to Know",https://news.google.com/rss/articles/CBMipwFBVV95cUxOUmpYYklRTUo3bFYxbUV6ZE9pMzNma2ZSQkdlaXNOSHY2RHlLak83bVBrZVZYU2lxaUNWUmd2ZnJESEVBNU9wamxRc0NCUXNxNGEycUZKQXhZVGZFZzNZQlVTd2hOeEFVX0hlQTU1VXl0NHBZRVUtUFJYVU5DZFFsNHVoOUttcUlKUFJRd21lemdNN09WaHQ5WXFBUU51N0V0Y2JrYjJ5SQ?oc=5
2026-07-29 03:00,Barron's,barrons.com,One Sign the AI Power Trade Is Running Out of Juice,https://news.google.com/rss/articles/CBMiggFBVV95cUxNMzI2THFVTkZSNXpicWJEQWJ1Zm5MU0J1ZFNDcURJZkhyLU9vbjZ0MmIteGF2ai15R1paZkNrajhubEpZS0l5TUhIQlQzV3QyWUgzRUdfb0l4bTFRZzJObHBWTU1uU1AzNnlIc3lYa21XVjNzY1I3STVONUdMQ2ZoVEpn?oc=5
2026-07-29 03:00,Financial Times,ft.com,Brookfield and NextEra to build $100bn AI campus on ex-nuclear weapons site,https://news.google.com/rss/articles/CBMihAFBVV95cUxPc3NGckphOTNiSVpTOFlKZWE2OHUwVVFwSDZOeS00MFl4SjJNNHg2cWVIdHBnaExuVS1hVWV3UGpxZlFoLXlFNW1vMzNDekI2WFNkSUd3bndOS2lnMV8tNUpCSFczNXZLN3dsTXZab1kyV0w3dWwtOWNiOWpGTzZSUlYxQ0Q?oc=5
2026-07-29 03:00,Investing.com,investing.com,"Brookfield, NextEra to develop $100 billion data center campus in Kentucky, source says By Reuters",https://news.google.com/rss/articles/CBMi2AFBVV95cUxOdlVLQVNqWE9yRlZXdU9jSTliWWlMOS1uMTFQNzRKY2RiN3pJNG5ZUUxyUkdBcFZtd1BhNlF3Znp3OGVRblRGYWVidVJxSWhUSVVmTFhEc0VIekFHNDVhWlF0WnBGaEgwTUdDb1pGdjJQSnpjelBfYllhYndpTXNnQjRVdXF6N3dTUExRRnpPN3I1QVFTWGJNNmdDWmhkSjVaUVdRUlRmQUVaTmVuMm9GZVVpWUY5ZU9OYXRJQ2lwN2lMWi1MTXZUM2xLUEF4MlUzZWZTN3dtaVQ?oc=5
2026-07-29 03:00,PR Newswire,prnewswire.com,"DOE Site in Western Kentucky Revitalized with Data Center Campus and Dedicated Energy Project, Creating Jobs and Protecting Residents and Businesses from Costs",https://news.google.com/rss/articles/CBMiugJBVV95cUxNdnZ2NWNYaXR2em5mM0cxU05ra21sNERRZHJYUGZZZDVnMXVDSm5jTC1DYTY1MGIweHdsVzl0ZXZkQm42OTBSMFBWNE1CVTBhZ2Y4cDgtdlBETkdzUjRpbHcyb1lxTWhSZVZzRlo2YnNraU1DZlFtNV9nN2FJZXIxZkpkTlVhemFrVE85VG1XaEFQQ1pLd3dQdFFsdmRxRkZGODJ3QWl6eVhvQ1lNV3VCWkJzWTBsU3hQbVhUem9ZMG92enU5VWUyV3pMbkNyUFVUM25ndFFPVGlON19lVmUyQU5OUmRXTmFLTWE4OXd2aVllejRnNjdBUlpMRjNST3N4bFdfMndMQ0lJakZPUHVlZDlkSTNyNFFBNHVoeDI3c3BhcE56WU1Na2JVY3JKZmdhY0VFNl80Z3J2Zw?oc=5
2026-07-29 03:00,Seeking Alpha,seekingalpha.com,"NextEra, Brookfield to build $100B data center campus in Kentucky (NEE:NYSE)",https://news.google.com/rss/articles/CBMiswFBVV95cUxPbjE3MEZmVHFVaDNnRGxsMTdEYWQtUEZscUd3SjRJdExqc2paV3NXelVlOE5mQVF3cjRLb2pCV25NTVRBZVFfYnBHYWFoeTN2SUxfdExXUnBxdDhiV0ZrTElIeDc1ak13RHZDZkJhVzkxb0RUdmV5RWJOcjdhREozMXlkc1hFWWphUVEwWmZWMmhGeTdtdzYxTHQyaUR5akhhdkF6NTNuYnVkbC1sSHVNVTZ5VQ?oc=5
2026-07-29 03:00,The Motley Fool,fool.com,NextEra and Brookfield Are Building a $100 Billion Data Center Campus in Kentucky. Here's What Investors Need to Know.,https://news.google.com/rss/articles/CBMi7gFBVV95cUxPMllxeU1pYjVnOWpDMW1FRDRWN3cxVmxOb01VREEwRkVOZ05pTWx0NnBjU1VtMTV4MnRQbW1abmRBNEpHQWJvNDBKY0dlYWM4ZTVKM0FCYlV5U3Z6NEkzYlVQcE1VTmNhOTR2TFpobVJ1NmFXWk96dDhqSmI5Wm1pOUNDc2pUZ1Jza2lURGFBdmFLbVd1MWxjYVZubWFfS2ZiYnYyUGhYNlJQOVJtRk45eEpvWWk3T094b3RnczRRcTdFVjV0M21PaVN1dmVyM29kUlhKOWVCTGtSdHlfYk1uMUdjb0R3cm55anROVzhB?oc=5
2026-07-29 03:00,The Motley Fool,fool.com,Oklo Is Down Over 75% From Its High. It's Still Not the Best Nuclear Stock to Buy.,https://news.google.com/rss/articles/CBMimAFBVV95cUxPcDRFUmhoQk82MThlNDBLNTc2Q2tEY1NBQXRqcjRPWEJiYm8wRkViYWtzMEtLdUw5T01COGVYT1hNalVVdEVHUVhqSHA5RzBpNm43TmZUbWpaWHVPRGFiUXFpb3F1M1UxZVZRcDliX0J2blF0bWlIaS1jR0R0YlN5QWkxUEhpMzdpbktfNWpNMWlaUWhKTDVKZg?oc=5
2026-07-29 03:00,Yahoo Finance,finance.yahoo.com,$100 Billion AI Campus Fails to Lift NextEra Stock,https://news.google.com/rss/articles/CBMijAFBVV95cUxOZ09MZWM5TVB0VTVRMy11SjhXZ0dFdUxZbGIyckotWS0zSHA3eDRFb0psa2JKTVlDank5SlNVVHRmNFFQc1o3LWpfYkdGOVdOMXpuWkJ1S0ZHdl9fRnBiSnBNWDJPWXRSckRWbkNMcWs4QlY2VmxxMUF5WXdxcks2eHJWOXc0ZlZaWGdHaQ?oc=5
2026-07-29 03:00,Yahoo Finance,finance.yahoo.com,"NextEra, Brookfield plan $100 billion data center at US uranium site in Kentucky",https://news.google.com/rss/articles/CBMioAFBVV95cUxQWWl6c09KTWZMVFBYYkJqLTlpeVFOajZvU1lJTzUwYm5OX2JmWFYzYjZvVTdaUkFKSmZqX0pYNHc5b1N6alhZb3JSZ2xoOEd5Vi1UYnNPX2JZdnlYNnJZZXRmZmZPZE82UGY0Ym9aQjNtLUxkWk5EWVhfM0RwQVZfd0JXRFhGQ1g5NHdkUUJGamJsSmtKckFQLWs2M3hucDRJ?oc=5
2026-07-30 03:00,Barron's,barrons.com,Markets Ride a Roller Coaster of Fed Confusion and AI Hope After Savage Selloff,https://news.google.com/rss/articles/CBMikAFBVV95cUxQTGR0ZGNud0FvRElSNElfbm85b0RSaFlrc2hxYXhNUlRub2tPcElvSnhkYUd3S2xnNEpCZ2NxbHlHSXdhTWl1SnRUNTZzTGZiREJwNWItSVRteW1POHRSOWNnTEVJMEg1ZEZfVm96QURDdHUtZXhndmhOU3dVdUZJRk81clp1dU4zbmxuVmtFaXY?oc=5
2026-07-30 03:00,The Motley Fool,fool.com,Why NuScale Power Stock Is Soaring Today,https://news.google.com/rss/articles/CBMiiwFBVV95cUxPUGF6bXFORGhNM3d4TXFjV3ZVZll6NmtBakZZRlhLMGlZZjhEMU5ZbWxtbHBTWU5aQWFlOVJ4NTh4UjB4NjJRRGxVZTRPNGRCdEZlazZnR3VUdnFGaVZENHhnRXhMUjJXZWZTdnM4TzV0RjV6UDlmeVNLMktORFY1Qm1lVjczU1N3MXI4?oc=5
2026-07-31 03:00,Benzinga,benzinga.com,What's Going on With Dominion Energy Stock Friday? - Dominion Energy (NYSE:D),https://news.google.com/rss/articles/CBMi1gFBVV95cUxOcVVzck11VXpPeko3NDRFQnBiUUZNVU9wTUQtd3lKZXh2a3B4MDFrWi1jbHdmaEJpNEVxbGJ3Zjh1OXhnbEExYllNaWxSekJJRk0xcUxjRkRoYzcwSHRWQ3JfSlJYUURkUXpOLTBvX1VRNWlQZmlTY0FLQUo3LTRaZmw3dVNpbUx6cHdfVHp4My1kTjlGd3B5WE95azRjclNJNlVHQTZaSkdrelVuMUFha3J5aVd4M2Ryek5ZTnhldmpZR2RrS1VkVVU5UGpvNk9GUUFQV05R?oc=5
2026-07-31 03:00,Seeking Alpha,seekingalpha.com,Dominion Energy: Take Profits Ahead Of The Potential NextEra Merger (Downgrade) (NYSE:D),https://news.google.com/rss/articles/CBMiuAFBVV95cUxPUDRvMEo4dmptWVJiR0RhenVMZi1Za3R4b2dPVGRMdVNfM2NjWkF4UWI5elJRb0cxTk1YcWoxTFViMTBvT052dkJCVV9za0ZjTkxkcm04ank3QmJKZVR6Z21UMmUta3BDaTgwMEthV0ZMNVdvU2hvSzdQRk9SRkpvUDRuSkhsaGZybWpWZXFfLXhGQTVxN1ZlOXMtRnBZSmRZckM0MnBFODlMTjZsdXdlc0p6TkVqMGNw?oc=5
2026-07-31 03:00,The Motley Fool,fool.com,Bloom Energy vs. NextEra Energy: Is a Fuel Cell Upstart or Renewable Energy Titan the Better Buy in 2026?,https://news.google.com/rss/articles/CBMi6wFBVV95cUxPTmYxNmdvdDJpTVhNRFMyR3N0SllMTWJOX0RHdWQ0NnFpYU1FTTNCaUZxRTdEUFpYNl9sLWF4OFYybWdTWHQzQTM4d1BQblg1MGlNY1BzSXgtZ3dDdnBPZWJIVzNaRS1Kc2dEbUViWDNVMUVZMjZmRXBiREstYlpQN0E3OTFUckIzbFIzbDRVZ0RCZFZON2w5VDhwLUIydHBTVkJjNnBNY1hROXJucDE5Vl9sRDZGYnI3WUJKZFRlVlJzRDJPMVNLb0NLNXZkQ2IzWW5VcFZHNk5vNTExZTV1X0cxMnotbURCOERn?oc=5
2026-07-31 03:00,WSJ,wsj.com,"Brookfield, NextEra to Develop $100 Billion Data Center Campus in Kentucky",https://news.google.com/rss/articles/CBMivgFBVV95cUxOMktwU0pSNzZURFd2SkpnWmJRZFZ1V092ZWRIdUJtc2ZOYWxBbjlOeG9qNEtRVVk1YW5ZelFPOXNIdFhXU05Sb1hqZkFtaUtuUWdYUGxNNnctRFdPdTZra1cwT3g1b1J0MVhoWGl2ZFVYdnBERk00ZzhXVm1nNE05dVhjQzhpNmFVSmpQNTB2U1kzNlJzX2NRY3FWSGxCMVpzNkhaX1Bwc3RMSGFQUVhfV090V3FubFJlTWlFVEtn?oc=5
2026-07-31 03:00,Yahoo Finance,finance.yahoo.com,NextEra Just Raised Its Large-Load Forecast to 8 Gigawatts. Here's Why That Matters.,https://news.google.com/rss/articles/CBMikAFBVV95cUxOcmZlZUlYb0lDcFU0Nk1aNXRORGdkSXhyQU9HdWh3QU1tZERlcGR5Y2xPblNtT3NnOFdrREVKWm5aRWpfSkcwT1NKWVliUUZEcWNJU05ET0RfTHdjSVA5TlRBaDVtTXFQWTVyRGhxVWRjRTFhVGN4c2tzSmhybEd5Z3VSWnB5YW5kZXdyRGhQZG4?oc=5
2026-08-01 03:00,The Motley Fool,fool.com,"This Top Nuclear Energy Dividend Stock Could Turn $1,000 Into a Lifetime Income Stream",https://news.google.com/rss/articles/CBMilwFBVV95cUxPZExpUHBQemNSVjJLcWZRTU5MazlzN0N0TDJSS3otZ0xCdXdwcDJ3VzJoUS1qYk1HME9pMUo1QXhwV0Q1eU5XM1JKem0xWHVFdW1SZW5EVjdEUGNPNTJ1cHc1V1VvQ0cxYWQwX3dVczQ1UGx0aFp6d2Y0MzBSUC15RFo4WFVoTlU1S2hHUDRESmgzaHNSQWt3?oc=5
2026-08-06 03:00,Axios,axios.com,Spanberger intervenes in Dominion's $67B merger,https://news.google.com/rss/articles/CBMiogFBVV95cUxPZUVlZ0FxZUVqdjhHRmZQTUViZEpWRGw3Vk1vcm5CNWxiR18wNTk5UzR1ajMwaWN4X2dCbXNYbnJ3ZzduMWpobXlnZVNUdDEyRXhLT2YzRzZDOFl1Zzd2M2ppTnphRXh6ckozTW1XempTR0RfaDU1b0Ywd24wZ3RuOEx6TDkwc1RRLThfLVFyYXJqMGRYUy1OR3dGSzNrbk01Nnc?oc=5
2026-08-06 03:00,Barron's,barrons.com,Virginia Governor Is ‘Skeptical’ of NextEra Energy’s Dominion Acquisition,https://news.google.com/rss/articles/CBMijAFBVV95cUxNNWF1VFNuY3JKaEgtLXFwY29oQ0E3UDc5WnZyUnlRVHNpMC1rWW10c3c1UDBjQl9TOE9VSENyVmFOTzloRVFOeFd4OUR2NmpwZDZWYjJQMkRLTER0V0dvQnIzNFV0S0RhTUVqclh3THhwRGdpd0hXRmlMNDd2aG1POHk3enZSTHQ5aE1BYw?oc=5
2026-08-06 03:00,CNBC,cnbc.com,"Virginia governor to intervene in NextEra, Dominion merger over electricity price concerns",https://news.google.com/rss/articles/CBMikAFBVV95cUxPbkY4MUZyQ1V1TEJkbFVMMUZLeVVNMFpmSVVCNG1TZmZVM2NINzNqbzFIWHljWUFMT3hPa1U2ejlTSk9hQWZnWm1UbUVFbmdNbktzYXQxanJZTS0xYnJEMml0bkE1cHdaT0FsVWY0WWNQVnkzME1qcXp5SE04ZktMQ2VwYTEwemQ0LW15cE5qMUjSAZYBQVVfeXFMTWlHRi1NZS0tM1FhYXpaWFM2bTZTaHcxQ2RjT0ttSEJnbTJIT2YxQ1BPeFdwWHNhdEsyYWlFaDA4bFVEb3VZMkdOM1MtU0N4Qmg4RTUtdVBzYmxKRllubmVlcHZKLVZNR0FmNWozNHp1OWFLWkhRc05lWVBzOGhNd28zTWwtZTJiYWJoNFdKclpoRlZpWUFn?oc=5
2026-08-06 03:00,Seeking Alpha,seekingalpha.com,Virginia governor says she will 'intervene' in NextEra-Dominion merger (D:NYSE),https://news.google.com/rss/articles/CBMiqgFBVV95cUxPSkVhcmR1bDdJM2NmdWtKUnBOY3RPODZQTzlLZHE5cGZoTWt6MjhJVWF0cG9EY0g1OHBicm93RDBGTlRweGNob1dfVk1YeTJiaXZ3QWtrejVfOExzcmVxUE9obEVCMFRiaWdCVC1OeGN6VmFrWEotZ1dBbmtZeTN3S0t6Tm9pOGhZVl85elE4aUdxNjFPRWEyRGJfTFNuc2xHcmRFZmgwVHZtQQ?oc=5
2026-08-06 03:00,The Motley Fool,fool.com,Should You Ignore the Nuclear Hype and Buy This Instead?,https://news.google.com/rss/articles/CBMilAFBVV95cUxNWEhTZ2VBSk9JUlotVmNsbjVkcTJYX3A5ZVZXUFdMVkFQcHlqaTN4a0MtMDRRVTlDY2Ixa1dXWWVHNFEyNlZJZUdaRmk0ckdxOTlxTURNM1R2MWhLbzNTRThZU0pIUVpDRmk5V2VJNVRIZWxoaHIxVjdraFVfWFRleEdhMERzcmFJUkswSHhXMXAyRF9I?oc=5
2026-08-07 03:00,CNBC,cnbc.com,"Calls of the Day: Netflix, Dominion Energy, Nextera Energy, Quanta Services and Allstate",https://news.google.com/rss/articles/CBMixgFBVV95cUxPWFI5UFlIeGJMYVFUbllQaDdjR240aGlXa2FhSmNUUlQzSW8tdUM0MW10X1BxRno2bktpQThBYk0zbFItcXEwNk0zRlRVdXJOekdZbm1Ed0F2UE1tV0lITG5NbDB4RktWamtRRDVZeDUzUnpmSENaSW8wOHh6a2FUb0lVMzVEMjJ0NEZhMk5CQjItNlFxUmtwNWFxVmdSQXNzeEF5V2tIUGdVY2NWTUxqeVdPay1nYlozZ0lUMHdjSTc3TEtwd2c?oc=5
2026-08-07 03:00,The Motley Fool,fool.com,The Hidden Winners of the AI Power Crunch: 3 Utilities to Watch,https://news.google.com/rss/articles/CBMimAFBVV95cUxObzQ1cGJ1a2FCdXdRMzFIZkd3T2pDaE9jYkp2NG9weVppaXJuYlpSTFc2c3RmaC0tZTMycHdfM2g0WWtfM0hXVUlwZWctY2Z0VllGcDV4Smtwbld1MTN5UDVMM0pXQnB4djBtWUtmMmtPTEp5Ty1LWmZzdW9GMC1YdVQxdUgzb3pnV3JCRXRreTQzeWNQakNsXw?oc=5
2026-08-08 03:00,Yahoo Finance,finance.yahoo.com,NextEra Energy (NEE) Draws Governor Scrutiny In $67 Billion Utility Deal Review,https://news.google.com/rss/articles/CBMilAFBVV95cUxQTUdJSlBQamtCZWZndnJIaWhXRFc2MFBVRE1zR2tPakNjc09IaEhsN3NOVlEtVmhYM1ZfRW9wWHViUGhWQzdPYldVS0lXWDVkOVRSU2VwOGxYSGl5RXUydjA0cGJvSU1nVFhOSF9JcVA5STJxVHl2WjU0T3RselJQejFRUVFMT1FrdFBXc1N1TzJDWHJJ?oc=5
2026-08-08 03:00,Yahoo Finance,finance.yahoo.com,NextEra Energy (NEE) Stock Could Be 11% Overvalued Despite Fresh AI Data Center News,https://news.google.com/rss/articles/CBMimwFBVV95cUxNUTdEU0l2WVR0b3JFSm94S3JpeXQxMGZtMklfSGVsUWd1UGgtQjZFQ3FORnNDY2NEWENlQVhUbUxSb2hDS2MzX0JqUGt1MkpGZHliVWpVOHVzYUhWcjlidUNsRXYwR2h5X0RFMXNENE9GQWJhQ3pGQ2hiSFloOXhQT1g5LVRWZW1wbjNtT216Ql9wQWZqUEkwSHRoRQ?oc=5
2026-08-10 03:00,The Motley Fool,fool.com,Forget Chips: AI Is Now a Power Trade. These 2 Dividend-Paying Industrials Prove It.,https://news.google.com/rss/articles/CBMimAFBVV95cUxNZVV6ald1dWI3SWc2RzVLSjdqVmN5S3dzanpfRGZEdHd2TWt0c1VyNEk4VlhCN3VzTGM5YTgxZGpSVkhha2ZJcWRGWmd5UFVub2ZaeEl1NHBmbDdzdTBHVWRvc1ladFdoNkV5OXotWHdwS2FsdkFjY0dyWGpROUxtOGxMSEh3NU41UUZvNXZZd3k5VWhMMHZOVQ?oc=5
2026-08-11 03:00,The Motley Fool,fool.com,3 of the Best Dividend Stocks to Buy for Under $100 Right Now,https://news.google.com/rss/articles/CBMimAFBVV95cUxQT3Z2MTdDTWE1TTlYRVVfblRtZHhGWU1VVDdHNmN5QU5HdlNYOFJ2MzIxZF9pekMyZUhVQ1I0UGlHenVEZ0taNDcwU2M0LVN1ckFMaGE3amVueTlZYXlnek9sNFRkVDNZRnFqY0hhanFQMUJMc3Ftci1EMGhhMmg0eWU2bXppLTkwMV9sbHBSQXJpRmhONlNGaQ?oc=5
2026-08-12 03:00,Seeking Alpha,seekingalpha.com,"NextEra Energy: Paducah Adds Upside, But Dominion Adds Risk (NYSE:NEE)",https://news.google.com/rss/articles/CBMinwFBVV95cUxOQ1VRclRWTjBCckozY1piNkw4Z21CbE1XOG5YOGVjY05TeDU4dGtwMDdrQ3VtakliNE55cWNLb2hISmZXMXlkZExxMGlrQ3VmUU9vTE9saDM0Q3o0X0tSc09BTktrOExnSjNqd25JZmxjUnFVRDItU0J4dHRaYmF3bUlDazRUN3V4T0N2N3ZRTUxwdHVrWExCbFhrc3dhNVk?oc=5
2026-08-12 03:00,The Motley Fool,fool.com,5 Best Income Stocks to Buy in 2026,https://news.google.com/rss/articles/CBMif0FVX3lxTE9FWGlfTVBfNTFwaGpMZVJ2NkROMmVQbWtwZUkxU21OcWpjS2dnSDM2aDUwMWtvS0ZHa3hVdFV1MS1hQ3VUaXpBZlY5bDRMRmtVN2VWa2Q1VUMtRzhFNWV3VldEaHNRNDloeTY2dEdmSDFhSk1TNjItdllHSWdCUW8?oc=5
2026-08-12 03:00,Yahoo Finance,finance.yahoo.com,"NextEra Energy, U.S. Department of Commerce and Government of Japan finalize commercial terms; reach funding milestone for up to 10 GW of gas-powered generation",https://news.google.com/rss/articles/CBMimAFBVV95cUxPWHpXMi1RWkU0X095eTg1SzQyb2JwZndjU1o0QnAxemFoVHk1bWRhMXk4QjhYazhWQnA5Q0MwcTB1eHYtVm5sWnVyVmdKdjJQVGJwYlhqbk1mY08taGNLS1Y4SWpCU2ZJeGd5bkF5VV8xYWZfYURQaVpzS0dxQng2dnRXaEVMQ0g0YUdJbG9Sb3pyRWZvZTRyQg?oc=5
2026-08-13 03:00,The Motley Fool,fool.com,5 Best Renewable Energy Stocks for 2026 and How to Invest,https://news.google.com/rss/articles/CBMilAFBVV95cUxPQzcxYTdzalE0RmlrbDVUYXhaNVZEWXVzZURtWTZJS2hPWUFHS0E5N3p6M2ZXVkJ1Wm1aOVNySTQ4R191NmRZT2UtZFc5eVNtd1Z1R2RFLUt0RG5tdnlxcndEZ1FUSGVQdGFfbGhDcnpPWkxVNE83MVJNbnRhZ2FfUm9aaWp1OHRqbUd3UmgwMkg5cUlO?oc=5
2026-08-14 03:00,The Motley Fool,fool.com,3 Best Utility Stocks for 2026 and How to Invest,https://news.google.com/rss/articles/CBMieEFVX3lxTE0yRlRKWUdHWnJ0X183NW53aEpWN3BnVk9DOHNkRnBWYlU0cnFtbzFWMTQ2emk4RVpYRDlUNllpSE1hbU5BVDNUMTlnYXRFUmVNWmVkbS0zbGRPanZkbUpDRHk2ZVI2a1FYdFhaMDBsV3dHUm5YNjlKcQ?oc=5
2026-08-16 03:00,The Motley Fool,fool.com,5 Best Electric Utility Stocks for 2026 and How to Invest,https://news.google.com/rss/articles/CBMijgFBVV95cUxPM2w4eWJsalotNWpYMWlpZVZjVDlmaE1pVHV4ZnZoakE3cEFSb3VHcEtpUlAyOWtzdXhETFdaX2RkN1g5NlNTU0pSbHFKYVdScV8waTE5ZkpQZktPbEZPVlZISUxjYWF6VDl2Sno2UWVkMnJ1b0RHenkxcnV5VUNZNDFQRzVCenRrMTNzTVp3?oc=5
2026-08-16 03:00,The Motley Fool,fool.com,5 Best Solar Energy Stocks for 2026 and How to Invest,https://news.google.com/rss/articles/CBMijwFBVV95cUxONVg0OFNiNDQ4bTZtMjNSSlV2akt5UkQxN1NfWWgxdVFLWGIwa1NPWC1sQ3NYNE5pYzMyYTRpREg3NTZJcGo3TV95T0VOV0pPWXdnZU1nbU1GLURuaDNqNlhUQ1h0Z2NLZWhsbTZhUG5veTJyZGRVNGpVS0J1TTFtTnNaTXNyRDh2S1NzQzBXUQ?oc=5
2026-08-20 03:00,Seeking Alpha,seekingalpha.com,NextEra Energy: The Dip Is A Buying Opportunity,https://news.google.com/rss/articles/CBMijgFBVV95cUxNODg3eUtraTdXckM4OHVmYl8zNHJ3cHhEZWhqbGF2cHR6a1FCWlV6Q2tCbl9wMnRvX252bVRDby0yTnpSdnozR2N3MmJIejUtdEgyMDJKTWVmZmZ6U3NEOF83LXZ1T2NYeEF5LWNtSXlGdkUxdElocFFkTERxazVlb1FqWlIzc0lPNUZTeUJ3?oc=5
2026-08-20 03:00,Yahoo Finance,finance.yahoo.com,Gemini AI Stock Portfolio’s New Addition: NextEra Energy (NEE),https://news.google.com/rss/articles/CBMioAFBVV95cUxOY0l0Vkg2M1BKbmVHb3NzZFBNSnIwQUxoUE8tZzhiWWxYNVBuQmRTUXk2emJ4OXUtYkg1YjFuYUV0LWhYRmYwTFlpRGpEX1BtMmZJeTlfbUNicnhaM2lLc0lDR1dzTEN0dWFRMzNRb3FST25QMFAyTDhhY3VoNS0zQ1F3SU1taGV3YTRXYndOUDl4UE1PbEY1ZjNOdjI2eTA5?oc=5
2026-08-21 03:00,The Motley Fool,fool.com,3 Best Renewable Energy Dividend Stocks for 2026 and How to Invest,https://news.google.com/rss/articles/CBMioAFBVV95cUxNdHFIOWNVOUJHdUtVR1d6M0JEanJxbEdZZTRmYTE1enBhVUdoNHZKd3NjQmtvX3BtbUdja0FNMzBFcXVGSnZGVzRKTHVOUUpTUi1UN215dWFqeXozQzJWV3Q0N1Zjc3NVcllRQXZRU3ZjQTRZNVNFZFZnVm45R2cwWllybFZTNllXV21JaTNDUi1jZHFZMlhwT3lZN1Z5a2Fh?oc=5
2026-08-21 03:00,Yahoo Finance,finance.yahoo.com,NextEra Energy (NEE) Could Be 10% Undervalued After Merger Scrutiny Intensifies,https://news.google.com/rss/articles/CBMijAFBVV95cUxQcjRHMjZHZWhBVmJBVjU4b1FvVktYUjdlQ1lzRUhvbG8wcEctV2U2S0JZV1FnY1lTc01HNXpOcnMzRGhfaWZOZnNHVG8yVzh4Nml3LWZHNVdLSFFnaTBwV1B6aGN6WkRGVnpoWXpJVmp3bHhwNFlkSG5QNFQzZTcxNmNtQUpSYk9kN05IMg?oc=5
2026-08-25 03:00,The Motley Fool,fool.com,2 Dividend Stocks Compounding Quietly While Oil Headlines Distract Everyone,https://news.google.com/rss/articles/CBMimAFBVV95cUxPUkdmTmtjMzlaTUIySXhKdDN2b0tUcFRjV0ctdGg0dXhRcU9PZW03X2ZrWjBRa1lNeFBPbkdwWG5mSE4xNHZlVDhUcVRvMHQ4MlVJb2lzUGJqTzBmMlZnX3JJempya1dHRUs5LTFLbHotZUpsVE5abFYwcDg0VFgyX3ZMLWsyN1FaWVd1a25jS1RhMXZIMmk1dA?oc=5
2026-08-26 03:00,Yahoo Finance,finance.yahoo.com,NextEra Outperforms Industry in a Year: Should You Buy the Stock?,https://news.google.com/rss/articles/CBMipgFBVV95cUxNNDZRbmg1b1NHVnF3b2JVOFRyNFdiYkh2VlJpTl9tVmR3bC14UFd2SzdIVE1GaWZ3TWlQa2E5MVd0TXFLX3ZxaHltYVNlSHpQZXEzNlBjZVhtRVRMbG1aTy1LYmxfQjRXdnluYmJIN2xfcVlwZEFiMWJTZkhvUlZVOEQ0SmhDYXFzX2RjT0tNaDc0RnlTaTJnQW01azE3b2dmYzRXSEJn?oc=5
2026-08-26 03:00,Yahoo Finance,finance.yahoo.com,"OKLO's Aurora Reactor: New Design, Proven Nuclear Principles",https://news.google.com/rss/articles/CBMilgFBVV95cUxQaDAxcGJBOV80MUdEUzhSSWsweG00UGg1eHplLWtjaDFJaXBaUzk1VFAxUWZzTzYtM3VoTzFqOUlsZ2ppVEJDYTNhUnV0R21zX1FSZHEyX1Zvd0FFYndXQ1BuYTBHZEl1TUpuUDROaklOUFM3U3F5ZEFXUV9lLVlmMmF4TndTQXM5MmdOdTFHdVdzeWpOenc?oc=5
2026-08-28 03:00,Yahoo Finance,finance.yahoo.com,NextEra Energy vs. AEP: Which Electric Power Stock Has More Upside?,https://news.google.com/rss/articles/CBMikAFBVV95cUxQVlAzYUtrN09IX1JqTktmU0wxZmdUV0k4VEVmUnBQWTRqaUE5SHRwSDJDaWVhYkpaX0kwajRlZG5Fb1ZyVWZ4R2h6LXhoN01aelF1bjRQYnBPa25LSXlTdGVYVlJRTm91UEExUExZaWFYT1pSbmlSSngyTlhqMXdpUGV6Tm9qQWFqRkhwbjR4REI?oc=5
2026-08-29 03:00,The Motley Fool,fool.com,I'd Rather Bet on AI's Electric Bill Than Its Chips. Here's Why.,https://news.google.com/rss/articles/CBMilwFBVV95cUxOOC1GcGh6RHlZeVNFUFZjN0RIeW83ek9BUzhBVkRmaW42djF3bXdKZjF3RVVzeExUTk9zUTVraEZSVTZDandsSFlVT09yeHd2TnhpQ1hKcHg2Sk9pYjNSU0V3M1BQMENjOGlDVllKQkljZC1GOFpvVFJOeUVOXzcyUmVpVHRFS1V2VjgzV1psWDdPa1JxM0xz?oc=5
2026-08-31 03:00,The Motley Fool,fool.com,Constellation Energy vs. NextEra Energy: Which Utilities Stock Is a Better Investment in 2026?,https://news.google.com/rss/articles/CBMi3AFBVV95cUxNQW1EZEFfRHFQNncwcVN4RUdlaW53QUlzMEwxdVRQSnEtTnFVWER4b0d0TmRjYVYxZ19PMFlUemlsYlhYblUtUGF5NjJnOVNadTNQZnVUMWU0UWRQNG1aclh2b3BhV08taWQ0TWFiNThRTllKMzZxYjRnQXpzRFFPaWpmRnI5QnpkSEtkRWcxbHJ2MG5oRzk5SmNEUU5JUVdaQ21NR1d4MjdZSWd3NENMTDNJNG42X2ZmRkVsakxXNnRBV0pHemw4OHBIZHpfVzhyX3l1OFpNVzVfQmlJ?oc=5
2026-08-31 03:00,The Motley Fool,fool.com,"If a Stock Market Correction Is Coming, History Says This ETF Has Always Protected Long-Term Investors",https://news.google.com/rss/articles/CBMimAFBVV95cUxNaEdNOGhTekxSM3FYcjRZQzh5UjRjXzltcTVOYk1Nb2VtSHVGclZTNlRZbU5sOW9CRzc1SHVHbnFqdEt0U2FqNk5ZT2tleUJyMFNqRkVtZWU1ekxfazJIYmxxUUltWkRGaU9JcUprRkVleHRMV01pN0lPNGdlQU5qeUhCTVdPYk9aMWZhUlRzV1lwdGNKMS1veA?oc=5
2026-08-31 03:00,Yahoo Finance,finance.yahoo.com,NextEra Energy Stock: Is NEE Outperforming the Utilities Sector?,https://news.google.com/rss/articles/CBMipgFBVV95cUxQMFRmSm9VTkhaRGhrWm9Kek1HWS1wSFJhMTZ0VEFvajN1cUFTOUhublV5eWJMR0VUelNuXzVqZzhBYzF4cGpJZll5ZVcya1JXblZnam9rdnlHOGlxWUdXT25veGVjRjk4VzhIeC05QjlXaFhoYTdKZmg2dkpMTE1ST25wdWV6QkROdEROdkRBSTEydkNuM2VEc1ZTdllacE13NHUtc2FR?oc=5
2026-09-01 03:00,Seeking Alpha,seekingalpha.com,Chesapeake Utilities sells 49% stake in Florida gas project to NextEra Energy (CPK:NYSE),https://news.google.com/rss/articles/CBMivwFBVV95cUxQUkFnUFBKZGlZR2xKNlNHUmRsOGZ2WW5qREVGa3c1UkFRcWVNTkpIT2NPRHQyQU5ybVgyY0xfM2dHR2YxVjFtQmFJRjZsMndwZGk3aDJ1SVlTc3JQcmRKOGstWDlNemNqNHdfVDRYcEN2Z2ItUFJhRkhNdUFXaXg0d0NRNEZfU2dLWGhlZ2RWSE0xVjhTckxpcW5kVUN1MWw1WHQyZ0xEQ0FJb3JEOVJQWnpCekEzS0g4ZU8xSDM0aw?oc=5
2026-09-01 03:00,Yahoo Finance,finance.yahoo.com,NextEra Energy (NEE) Pushes Back On 60 Day Merger Review Delay,https://news.google.com/rss/articles/CBMikAFBVV95cUxOZTc4TG9UN0E1M3pONnpSVHVqRlBwZFM0YUs0c3B2YnJyWVd3MENvZFJhVFd2YVZBOUJWRnVmWS00dlRjS1YtcEVTcFIxRTkxM0ZFZ3ZzV0ZNUVBmNUhkaEJXQXV3NDhhWWRWc1RlOTRsNXBaMG14WWxxcjY1dzFmUEg2NjBfYlhsTzJFX2Ffclc?oc=5
2026-09-01 03:00,Yahoo Finance,finance.yahoo.com,NextEra Energy (NEE) Stock Looks Fully Priced for a Mature Utility,https://news.google.com/rss/articles/CBMimwFBVV95cUxNNlgzR0k4MTlqSnJrU2R5Y0dacENfbjFYMEhSX2d1eS1Ic2QtYzk4NEhNMGV6dXc4aUxMT1JVZ3QwQzQ0ajJrdWdRMUxlS3Jsd1VmR3F0cUtOdl9aeEY5TXBaZFRJZkZhWTdON2hINkJPbVVsWkZTRFMxc3daMy1nRGxWbVpBTlNNZTJuUUxQMmlPdWtGdHVNQUhMUQ?oc=5
2026-09-03 03:00,The Motley Fool,fool.com,Better Energy Play: NextEra vs. Constellation Energy,https://news.google.com/rss/articles/CBMimAFBVV95cUxNR0pfVy02VUpYUFpPMy1UZlZRNlZmbW1WRzNFUUVxTVVZTjBkYzFmUHVpcU1UZnQ2blQ2ZDVhbFRpNENWREpfNk03am5jaUZkN1F6eU00U2FfcHN2Q2VFRDFwUEVJLVhWYXpQU0czVExILVQtZzFnRDNuMDdDUUdvS2ptYXR3bHNidENxMENGajQzUlRRT1JRRw?oc=5
2026-09-03 03:00,Yahoo Finance,finance.yahoo.com,NextEra Energy (NEE) Surpasses Market Returns: Some Facts Worth Knowing,https://news.google.com/rss/articles/CBMiogFBVV95cUxOMU95Y1lnbjJHWWhoR3h3blhfUGZwWGxoQUVibzBIekx5V05BWElYUlZVZklxRnh2QnotOWhaT29nSm8xVk94RVZNRS1lNzhlQ3lGVmstd3dDUHpWamdQTWFyTWlGTk9uM1ZjV2ZnLUNrTDdabmc3LVVoQm1mSmotQ01kdmNsLWF2VmliekJ3S285WlMwME1QS0JlQllEdTh0MEE?oc=5
2026-09-04 03:00,Reuters,reuters.com,"Dominion Energy, NextEra secure shareholder approvals for merger deal",https://news.google.com/rss/articles/CBMiuAFBVV95cUxPa2NHV1ItX0l3TmMyX3ZQMGEwcHVrME1xMzRGN2prVVhIYmU0elRWSWZpUkstOXlhVWpVV2RCRVkxeHpsQU1OMWZQdjlIVHp1dmdvcXRIRXRVeGtLRzFIMmFBYUZNLXIwZTRybVFRSGlXbUdZN25CeVZueUVheFJmTjZYaDdmT3VmNDFod0U1eG50LVpxN2RSTUY1bU5fT2JSN2JzVTVjb0M0YXBUc3E4eWtweWJWSTh2?oc=5
2026-09-04 03:00,The Motley Fool,fool.com,5 Best Energy Stocks for 2026 and How to Invest,https://news.google.com/rss/articles/CBMidEFVX3lxTFB4dUpSeHdMcVY4cnJubW5KSl9yTjJtVGM1SG5XSVJ2UERLbU9oY2pNelpRQ2VRNF9wZFRRajRaWXhQS1VuQzA5RDZHMkgzZlhKbzdWWWVvR0tUem95bjR3SW9HMGRicW5tMDNDbThLQ1JtOWpD?oc=5
2026-09-07 03:00,Yahoo Finance,finance.yahoo.com,EXC vs. NEE: Which Stock Is the Better Value Option?,https://news.google.com/rss/articles/CBMikgFBVV95cUxPb2xmeV9FaVNRaGpoVmJvdmx5X0tnM2pIdjR4WkNjLXBPOGtkdWFCaHJqcXNSUGM3VWE0ZG4wdF9NQmNPYXJkTzM4QUJsOG51a0UtYlAzWXV6Wk5BN2pUY3BYcVM5SkcwZXR4MEtVVVpqMkU3Z2dmTmpPVkRNc0dQZXR6VUktZ3pwUlRudWZTc19PQQ?oc=5
2026-09-07 03:00,Yahoo Finance,finance.yahoo.com,NextEra-Dominion Merger Wins Shareholder Backing: What’s Next?,https://news.google.com/rss/articles/CBMingFBVV95cUxPRG03aGptRFdwN0I4cTVrSS1HNFpXNFFwb3NoLXowX3dWaThyNWZ0MzI0TVUzdUhDcjZMRUQ1R1BLcFJiXzlaY3htczVXQUpkVERIM0RtY1JtcjVYZktoS3c5RHl1cjlHTFBQb3d6TlpMbExLMUxVdzJlczhmZGZlZkt3dTdYeTFJSkNqbWZMcmdZb1lOMkE3Vk11aVZFdw?oc=5
2026-09-08 03:00,The Motley Fool,fool.com,NextEra Just Secured Up to $1.9 Billion to Restart Iowa's Only Nuclear Plant. Here's The Real Reason Why.,https://news.google.com/rss/articles/CBMi4gFBVV95cUxQLWZxT1lNbnRlb3pXV0s0dzhPNUVzcnQwaFRTQ0ZTQ0lCd3BXWlVWZDEtNHk2MDQweW4tMW5YajZZTUg0ZGpTU3MyeHdjN0xhYWx2cXdTRGZfM3JteFdQLXViV0xvSGZaYUdkZFc3SmNGZWw5QU1yYjE2TkE5akRMMFBqNm1GX3k1N0IzWDNrbHhuck85S2I0ZjVkTkZYaktnZVl2ZDdvUmozUjk1Q2E2THN3MTJVVzlUR0tTaTI2cU16c0ZJRzZqWGxiTVByTGNFOXlYMHk3cFdfUFNLSENTRkd3?oc=5
2026-09-09 03:00,Yahoo Finance,finance.yahoo.com,NEE Stock Rises Overnight: NextEra Energy Secures Up To $1.9B DOE Loan To Restart Iowa Nuclear Plant,https://news.google.com/rss/articles/CBMilAFBVV95cUxNd0VHb1pEZFZZUndTTHZiT2ZiVGdVMi1fTV9yYkltOGkzMXY4NndadHM4bGgzc0tVdzViSVJGY3lta25lR2VKeEdDN0RQZkdtdVFNOWwxVzQwSy1nRWVzVFNob2NIZDNTRmF6YWMtUzNiVXdIQ3Y2RnZ4OExFQ1RlYW9uV2JCc3c0VC1vNllfV0pwOGI1?oc=5
2026-09-09 03:00,Yahoo Finance,finance.yahoo.com,NextEra Energy (NEE) Falls More Steeply Than Broader Market: What Investors Need to Know,https://news.google.com/rss/articles/CBMimgFBVV95cUxNbmlkQ2tiVFZyZFF1MXNzUkNIYXhaOFpqR2sySkkxV1FrN1JHdXg4bWtxSVpWOTQzSENpNmE3SVppdExKSzQwWHg1TGlKQ3hqUXFKaE1JejJFMW1nUFhsRkMzRXppZkZ4UllYRXliMEVXOTNSNjZqTnpRb1VXQUJOUmFObTN6M2tzMVE3WVV1dFdQSUVZTkc3MnJR?oc=5
2026-09-10 03:00,Yahoo Finance,finance.yahoo.com,Wynson Securities Limited Announces Continued Progress on NextEra Energy and Dominion Energy Combination,https://news.google.com/rss/articles/CBMipAFBVV95cUxNVV91UU8yV1JGR08zNEpRNEhUMXZSVEIxLWxIeWhaVVpDclVOVzVDY0UzOEVub3hCMUNwLWVpVlBZR2lhZzE0Y21TT3BPSnFGMUZmSXR4VWRZQzc4dUllcTJTNEc0UWZrLXR4OUhPSVJJWkJvcmRUeVNDTERRU2phMEFlcWV1YlQxRW1YUGlPUXpiU25Zd2hBNEhxMGZXV2xUSS1rTw?oc=5
2026-09-14 03:00,Investing.com,investing.com,"NextEra Energy reaffirms 2026 earnings guidance, merger timeline",https://news.google.com/rss/articles/CBMivAFBVV95cUxNNU43YlV5Tk0yZ19jRmFxNmotelJPei1XVFV6UmR0b0Z1UUxRT2xXcUgxemRheXRQeUppNU95ZzRFU2FTNGNxeG9zXzVwTkd4YlA1cWZjOUVuMnZQTmVZRVBUQVc3d0pQRFdtM1dtdkdsNWl1TDkyTzFqV0EyUlZUdE1TeUl4cGxUVHpQbzZiRjBRRXBMaTZJb3VBSV91TF9OeWt5SkM5akM2cEpINDhWWXY3aERFa0U2WlJaWA?oc=5
2026-09-14 03:00,PR Newswire,prnewswire.com,NextEra Energy to meet with investors throughout September and in early October,https://news.google.com/rss/articles/CBMi0AFBVV95cUxNLWlxdFpFVFk3WkZnYm5SaTF3aFZ2Si1BZ0dHVkt6a0lSdFpvNC0wa1JDVVBfVGFvY0d0SzJYMVp6WUtxVkw4MTFHaUZCcENPRWc5VmhBQ2J1NGZ5dnBZZUtYVmxVSWxxVzI5UUJXNjJhRlNCZXdtZ3VMeGd0RWcyVzZkNGFnb1FVV0tIOVdNaHBSUlRnZU9YdllEYjZscHFtdndiRkFLNHNaU2tyMndfdDdRSUpMQzV6LWdCek9IRlNYckRZakRWVGhHTUNHcGJL?oc=5
2026-09-14 03:00,Seeking Alpha,seekingalpha.com,"NextEra Energy, Dominion propose Virginia benefits package to boost merger appeal (NEE:NYSE)",https://news.google.com/rss/articles/CBMiugFBVV95cUxNWDZPZlEtZDc4elJuNlcwZ0ktdjduSmlwdlVGTS13alE5VHhTbHFfYTNNamlnSmZqRXBpY0s4VmlNTHp0aW54dkF1ajFsVllzUnd1Q09EUjMyZ01IQ0pJNG44OW9iWkloUThpSy0xY3ZSNXhQbFc2ZVhZUVMwODNPVFZ5TDJvN3hfOXJNbXlPQkdZZ2RDaW1wNXYtMl9Da3lxY09teUl3T2pIbW5WeHZqWWVwekl4UHphRVE?oc=5
2026-09-14 03:00,WSJ,wsj.com,NextEra Energy Reaffirms 2026 Guidance at Top End of Range as $67 Billion Dominion Merger Progresses,https://news.google.com/rss/articles/CBMiyAFBVV95cUxQcjRwNXRlZ01uc1pyaUxFTGFUVFpQVFhlMHpZSERIQXpYcDF4TkYybHdyOFh6NjFzVzVqV0JEU0JwM3M2S0hlVEFpVnJkUGpyUjFmYVlPSTR5SE96QU8ycVRvZ3B1OFE2R1NCTENGVWR0Wk5JWEFVSHZOT1B2WURWQWtpZnlDN21RNDBkYVhRQnlzeV9WcHB2cEtxVVQxZWxpUzNrQVJVcldYcFVDbnRLcTFRdlFvdDZCcTJRdjBNbGVObW1VNlpxSQ?oc=5
2026-09-14 03:00,Yahoo Finance,finance.yahoo.com,"Dominion, NextEra propose $1 billion-a-year Virginia supplier program",https://news.google.com/rss/articles/CBMihwFBVV95cUxOb0hYME9QSWxzdFBiM0tMY2RqN2p0REVqcEdKcVRGSWtQOGd1QVQtbk00Mmp3ZmNUTVcyblNiMkhJT1o5aTdnbmVVX0lFcnFURFl6XzFIRVduLXFOMTNWbzlTZFpwa1drMHA3ZVN5N2o5dGRJTDQ0ZTZOcHZsREp6Vm5qWDB5M00?oc=5
2026-09-14 03:00,Yahoo Finance,finance.yahoo.com,NextEra Energy and Dominion Energy announce transformational Virginia benefits package that puts customers first and positions the Commonwealth as a global energy leader,https://news.google.com/rss/articles/CBMinAFBVV95cUxQSHctVVNwYjVOaDhocDFxd1NsU0Fvc2x2aE9VMmZYTnVCcW9wUFhFLVFBdUdydUdFNUQ0Wk5QZ0taM2JvZlNmWS1WeHJPWHBGSVJlcGNTMTJsNXJ3UTJYV2szb1hXaW1ISXZlSk5tY1p1M0s1U1Z0Q3NqUS1yeU80RHFxN3VodzlqQW4xWG1NZ1kxcm1JUWEtU01YUHU?oc=5
2026-09-14 03:00,Yahoo Finance,finance.yahoo.com,NextEra and Dominion Sweeten Merger Deal With Bill Credits and New Jobs,https://news.google.com/rss/articles/CBMimAFBVV95cUxPWk91UUVVTjhiR2pTQUlJQ3FMazM3R0FWSnBCejNZZ19FbzllOC1nSWhwMFptTFdMNjNyam9xS0JqVkR1V01QZG1ILUxwTUZwdWZpeThISnpud2J5OWRHYTRrbVVpRHBNNUhqQVU5NHBWdW14eDFfWW5sOGFFVzcwTmh5T2lwWG1hSjNZUm1hWjVJc1JrMEhVag?oc=5
2026-09-16 03:00,Seeking Alpha,seekingalpha.com,NextEra Energy: A Premium Worth Paying For (NYSE:NEE),https://news.google.com/rss/articles/CBMiigFBVV95cUxQZG5KS19mc1pfaUxrTjJXSkd6Y1hvQmJRUkthdW5SV0lJRVhsZWhMTE1QQkJwc2JzRUI0XzlubmtXMUNpenhQSU1tM0JtbzM5OVFVa05CXzZpSE1tQktXRzZhNm9pY3ZQZXFSay1qMk9sbXlZaWFoX3cxbjVORkFzcElobXVsR1pXZlE?oc=5
2026-09-16 03:00,Yahoo Finance,finance.yahoo.com,NextEra Energy (NEE) Stock Looks Fairly Priced As Merger Approval Looms Large,https://news.google.com/rss/articles/CBMimwFBVV95cUxQYTRybmxqb1lLY0FOME01X3R2cThfRXBuMTRfMEU0VEJzZDBrUHVJcTQ1N2w3ekR3dE1BRnJ0a1FEYkt0WklCTjhYSnVTTEgzSldwc3lMcUIwRF9yUU9vdTQ1VFhvQU52Tmt0UFB2T0c2OUs4X3FZMXl2Q3ljREptVmpXYlJKWW9nZ0owcWhPdXFndDI4RDYzLUJYdw?oc=5
2026-09-17 03:00,Seeking Alpha,seekingalpha.com,NextEra Energy: Why I See Limited Upside Despite Its Key Role In Energy Infrastructure,https://news.google.com/rss/articles/CBMixAFBVV95cUxOX09nWkZVYThncDJvc1BzS3ZaUXk4QWhwa2ZXY2h6LTlqZTJmOFFrbjZOYTZXc20xLWQ2Zkt5MVd6WnNYMjdEYlA5N0wzMkZhMGM2U056U3pfUFVaY1YwWkY0M2xmekJibV9PcWE2M0tRTEE4YkMzcjBtQWZBVnMyaTFBMTBVVlNzWWFveGdQYzZGc3RtSy1IalhncXFpd29UTjZXdXBCdHhTQ1hMeU0yYk9Oam9taThnRTA4VWloTGVpd2ZN?oc=5
2026-09-17 03:00,Yahoo Finance,finance.yahoo.com,NextEra Energy (NEE) Gains But Lags Market: What You Should Know,https://news.google.com/rss/articles/CBMimgFBVV95cUxObmczOU9IOTZ4cUtDOTNpRUxDXzZvYmd0U0stMF83ZF9UVE1hWjhnTGlVWlMxc0RtVk5NemtsNk1FelhtQ3d3S3BXSVAtVlRoYzJxOUx5bEFuZ285R1lpdUJrdHhwT0htVVhLc3ZSbU5rNEY1dm55VkNkUEpaZ2k2XzZsb3VEVmJ4TWxXNFJqZmZCaE5aZ0RqaFp3?oc=5
2026-09-17 16:35,MarketWatch,marketwatch.com,"NextEra Energy Inc. stock rises Thursday, still underperforms market",https://news.google.com/rss/articles/CBMixAFBVV95cUxQbk9TeHU3N0FnbVlpdmNKLW02Q0VlLUlTMXhTLVNER2hNYmc4ZFhmQ1g4bkpiclIyUkhHSi01dFhSaXpmcjl3WTFfUHRoaHQwSmtka094OGJXcTdkZk16UTlkdnRIamtwMHMxZkNEd1pQRTRMREFFSVcyRm9waEtLMFdNek5oN2VIbW95YXBUZlB2UU5OckFqZHM3VDJTVFhjcFlXVlNSM0VtTlMwRG5vb0FxMFJqTUhZWnAyV1ZlZmp4WWNq?oc=5
2026-09-18 03:00,TheStreet,thestreet.com,"Jim Cramer says ‘take the money and run’ on energy titan, up 18%",https://news.google.com/rss/articles/CBMipAFBVV95cUxQVERLU1E4Q1V2XzhSMUNRNmVIUDZQai1TZ2pCWEx0YlM5dGlabG0tZUUwb1BCVm16X3Vla0tBd3YxeXhsaU11RlE4Y1M5OXlqcVNPTWlKN0I5cW5wcUxxSHBKNzFiMFdBel9FWXhvdHFBNzk1V09iblZMbUs4bjFZWUFnN1I4ZGFVWG9IWmd2SDJKZVZ3U2g3U0dFVE54dGhyWW9oZQ?oc=5
2026-09-18 03:00,Yahoo Finance,finance.yahoo.com,GE Vernova vs. NextEra Energy: Which Industrials Stock Is a Better Buy in 2026?,https://news.google.com/rss/articles/CBMijgFBVV95cUxNTGVWbHc5NFAxeDh3d3NWanZQVGlub3B6cUNndTJpQ2NlbjNyaUVTVVZjbWh5OE9ZUnd4QTUyOExjLUkzbTNVMFNXQS1FYlVya2J5anJSaW5tNzV1VFl2UzBFSVotRldlVFBHYUxxOWpjZGU1UjZQYzkxZjgtLWlZbWpWY0R3OTBocV9QdHRR?oc=5
2026-09-18 07:52,Yahoo Finance,finance.yahoo.com,"Morgan Stanley Adjusts NextEra Energy PT to $111 From $114, Maintains Overweight Rating",https://news.google.com/rss/articles/CBMipAFBVV95cUxQQndKOGxMc2tleUVZZmdKMDk3dERpeUZGcUNmUEVyZUZWaFpQdFZxdmRpY1p5ZDFzQ0NtODhvcmhGSldIbkdnYnRqMk03aU82NW90eGhlRnNxQVBPWEo3RWFWakF3RGFrZnQzdlJIYzB5Y2tMQVJSQ0E5MWFNOGJrQTROTjRvdXpQMklWa3R4eVhRSlB1b2xpN2hQcGhvbERkWTE0Xw?oc=5
2026-09-19 03:00,Yahoo Finance,finance.yahoo.com,Jim Cramer Suggests Against Holding Dominion (D) Through the NextEra (NEE) Share Conversion,https://news.google.com/rss/articles/CBMiogFBVV95cUxNanA5WE1INVJfSGV3b2FTd0FZZTMwYU1QUmN1ZUdoTDFMQU5yZzQ3QVFxMTc4R3lIWmJGQjZSanpDaG0xaTdBdVZCSDA0ZkxhVE4tR1NLOWxtWTh5VXdXbGRzNFBJRjZ4aDl1cDF1OEx5Si1RUzRsallCOEtvbnJzOWdrUVM5Sy1zX2pyNndnZS01NWY1TWhxTE9sRzZVTmtHMUE?oc=5
2026-09-19 04:01,Yahoo Finance,finance.yahoo.com,Can NextEra (NEE) Preserve Its Earnings and Dividend Growth While Adding Dominion?,https://news.google.com/rss/articles/CBMimwFBVV95cUxPYWRGdVBDblpMSXpqOG4xTkFWS1ZXWk56aUtORTVScy1fOWF6bklvR0NDUWFfNUV0dTRla0lKb1hmcUtVS3dlajQxZTFhRkhFOE9jREljYlVIWTY5dXZ2eTI0M0hXOXd3ZnVxdEd2dFV5YlJDOFVZdVB5Q3BnVzdOZFNQeFNYVENDN2MtM282TjlaLW9YLWRYcGd1dw?oc=5
2026-09-20 11:24,Yahoo Finance,finance.yahoo.com,NextEra’s Nuclear Bet Just Got a $1.9 Billion Boost,https://news.google.com/rss/articles/CBMijgFBVV95cUxQRHhsc2ZfLTA1Q0ZJY1U5SVFvVGgtSF9kajB2UFdPM0hWbWtKektNckRyUDZyMjFQZnV3LTJudnpBc1MtMkk4dUFTVWVUZkdqeUs2WU1kLUwxcDcxLUVjYTZfOWRuQ2xCd1dkMWNvT2JMakJXRHZBdjgxdUsxMEJNSHBmUGw5NlFOd2tHZHdn?oc=5
2026-09-20 11:33,Yahoo Finance,finance.yahoo.com,NextEra (NEE) and Dominion (D) Unveil a Bigger Pitch for Virginia,https://news.google.com/rss/articles/CBMijwFBVV95cUxPYllhaVhLeXpQWGRyWWw0QkgtUjNyZ2ZrdzM4S1p6ZUVYUVFiZVJXaHlmdnp1OHE0VzhnUm1WR3I4aFZpYXc4dWNfNE5aS3NwTjNIV3J2NlRGQ0YxZERDV1I4eWFjRmpyNmNGbWM5UHRNcHAwOVcyX0dqM2dEWVMwb2pmX1h3T2swWTY0OUJzNA?oc=5
2026-09-22 03:36,Seeking Alpha,seekingalpha.com,"NextEra Energy: Undervalued, With A Dominion Energy Merger (Rating Upgrade) (NYSE:NEE)",https://news.google.com/rss/articles/CBMingFBVV95cUxNNkkwQkNxR2lTN0k0bkw3SThiWW5DYzRVb0d3NHNFcFdSMWR0eTNKenU2dVdFZ2lDc0FhbzNVYXFJUUxHcHBrenRCdEE0QUZJVG1VWjRSWDY1QVRybDBQWklacXNydzc4TUtKZ1BtT3lDaTJYdXR0QmZiWV9vZWNWNWJldVR3QjJscmZ2UTRQb01MN2U5RlhCVlBSM08tUQ?oc=5
2026-09-22 07:00,Seeking Alpha,seekingalpha.com,"AI Needs More Electricity, And NextEra Is Building Ahead Of Demand (NYSE:NEE)",https://news.google.com/rss/articles/CBMirgFBVV95cUxPTWl4dkJRUHFtRDR3TWhEaURaSE5ESFBxRWEzcU1meDkzUEkzMm5PUVB1VFpCUU5hUFBEQm04RDg5NGFXYUpkYld3UGRqZmJEVDFVNnMxeG95NktlV1J4SVp3X0J4Q3JvY0phTlN6RjRPQkxwWHBIYmNabFRySld3UjM2Z0l6YUVzTGk2RDh4V3hpTndpeEd0NTVxeURDdnozQjd1TW1wSzRlcmRJNmc?oc=5
2026-09-22 09:30,Yahoo Finance,finance.yahoo.com,Is It Worth Investing in NextEra (NEE) Based on Wall Street's Bullish Views?,https://news.google.com/rss/articles/CBMinwFBVV95cUxOd2lrTWRYQzlHLTBJTjdBQldVRWo0VmluREVZZEs4dEhKTTFzZUZwTFlCakdSNTg2cE81UHdmTl93RGVJdWUxS0xpaTZRTWZLUV9xVFJzMUdONTRWS0RxMS1GWkFsTzRHVV8tVDFmVV9hLUZXTjFJU2NreTNOWHViRjlZVGNOWHBMaThiYkFTTzY1Vm9FR1J3OE5FZXkyRjQ?oc=5
2026-09-22 10:13,Yahoo Finance,finance.yahoo.com,Should NextEra’s US$1.9 Billion Google-Backed Nuclear Restart Require Action From NextEra Energy (NEE) Investors?,https://news.google.com/rss/articles/CBMihgFBVV95cUxOc3c1d1VFRUR2T3ExSWMxQXFkWnJnTWdKYkU0Vkx0Q3VLcXE3NnRBcFRqaDVBLTVKMFBxcy1keFRkcWxCTWduZ0VmR2RKMk9INDNTVmZWa2R1NXZ4cUp6WmNtcENpc05icXV0US1GSlloSm5wN2xBNFhJRGdXVHlPVGx5eEFJUQ?oc=5
2026-09-22 18:18,The Motley Fool,fool.com,Bloom Energy vs. NextEra Energy: Which Renewable Energy Stock Is a Better Buy in 2026?,https://news.google.com/rss/articles/CBMi0gFBVV95cUxPR2ZRUXgxTXFPUUpOVXpodUxEdEdjWTBqZ085R0ltNDNoLWhOWFlya1RuY2R6ak5RYmtBWE9ncEthTklYa181WlN3VFBEWmF1eF9xRDhVM0pfbTZqTkpuMnhXX1BLRVlxUDBRRzkyRDQ5ODE4VHM3ekJLMi1rM3JUME1QWWZvVHJYMHhPOUVEbDBSVHZkMU9NZ1ZkTmRFUVIwSlZXdWZUYXJ6X2I3WGdibmJNeDVYNW53THdBMWJVdHJtVDVIdlFienV1ZFE5ZFhoNXc?oc=5
2026-09-23 20:25,Yahoo Finance,finance.yahoo.com,2 Monster Dividend Stocks to Buy Now and Hold for Decades,https://news.google.com/rss/articles/CBMimgFBVV95cUxQc2hyR3FIMkFlb0wwUEdLNGxyZzlxUEh3bDl4clFEckticzkzX0hsejFPNU5SbnB0YnlJZDUya2R4eExPanJnT2tHZ0NzbU5nbEtTcDJ0VkNoV0JpSFFrODktbngyY3lYVGF2dUVoM0M5cmlOS2lmSkJrRnZJV3FNSG14MVJtLURwVEpEY0JOR3o0dHpEV29ITzhn?oc=5
2026-09-24 09:53,Zacks,zacks.com,NextEra Energy vs. Duke Energy: Which Utility Stock Looks Stronger?,https://news.google.com/rss/articles/CBMiqAFBVV95cUxOc0w5NGNnWFE4YlcxMl81UVV0LTcyd2tNQU1yTE5nTkpzRXBybG4zLUxraDdIbE5VUjZBZExNNHJva0tUTHE3QnBldzdDVDgwUzF6emR0d1FKdlFjSEZUY0NiRi1xTHVGeWppLWNqSmwtcVdGdXRyRFg0dkc4OV9wdWNOaFhfU2Y1dnVPMnhRWDhhYU1GYVBOT25BRVdrQXJ0cXl0d2xJTmQ?oc=5
2026-09-24 16:45,Yahoo Finance,finance.yahoo.com,NextEra Energy (NEE) Dips More Than Broader Market: What You Should Know,https://news.google.com/rss/articles/CBMimAFBVV95cUxOX184dVRJLW9hZHJnTlRaSVVtQzljZDRXc1EyQTB3Z2NSRFVGSzdCMVVaTjZPb0FJZThKUEJ1YTQyOXYwR2lqMTRFdmNray0tSXRocmFsS0tQS2hvWUJRNkEwNlRpbmtlRk5fNFFRWEFnOHEteEM3c0hYZnkzci05cXBPR0lYMUdFRm40dktGbTBNMTBIczJVbg?oc=5
2026-09-25 00:14,Yahoo Finance,finance.yahoo.com,"NextEra Energy, Inc. (NEE) Stock Forecasts",https://news.google.com/rss/articles/CBMijAFBVV95cUxOaFJfT29McVhCX1lGdDhlS3BTdmF0cFdpcDl6ZlduU2s3MjA1MlE0SVB0cHFRZ3p5M0VFX2dhMnBfbF9VcV9NUDNGcnc0Z3EycWdxcGxPOTBaOE9XY3RmYUpyMTVJaksxbldjY2NMUnp6VXJwb3puM2s2U2JwOUsxeUNkcV9STE5hcVUxLQ?oc=5
2026-09-26 10:30,The Motley Fool,fool.com,Anthropic Needs Gigawatts of Power It Doesn't Have. This Dividend-Paying Industrial Sells It.,https://news.google.com/rss/articles/CBMimAFBVV95cUxPQ0gxdjFjMGF0S0NRY2hLMkh4VFFZS0x6YVJOXy05RGJjOF8wc2U0VWtwRGpqc0FuRUJDNTR6WlBDWEVWcTFSN1BCWEkwRnlraFlEbG9zVmtLQ28tYmhtX3AxckFvd0h4Umc2Z1JTeFZFUWxfUEhMejROOVBiY2sybHNiWmFEN2lzR193VEJHLWpDdlA1Qk56eQ?oc=5
2026-09-27 12:08,Yahoo Finance,finance.yahoo.com,"NextEra Energy (NEE), What Is Behind The Fresh Attention?",https://news.google.com/rss/articles/CBMinAFBVV95cUxPM01kZkM5ZDhWRUdxTUpDQkVEMjZKUG1JZ21QSmJfRTRuX2JXVUJjdFJ1UW5JcEVoUEp0V2llZ2gtV0E1X1NRb08xcFdwRVZtTXBZY2R1OFlmMWJKLXVMbG5fVWRrbjZCQTlUMGJwZF84Y2tacDN6SDJRSGpfLTZLT211VEpTT3QxNTAySWpnUjJWOW1MaEJHWU5VWHk?oc=5
