Published,Source,Domain,Title,Url
2026-04-27 03:00,Seeking Alpha,seekingalpha.com,Disney And Netflix: Both Names Look Attractive (NASDAQ:NFLX),https://news.google.com/rss/articles/CBMijwFBVV95cUxPQUNsdTdvZ05aaFdqUGNNaWZnbzFaUjlQVTZ2d1NaUzNRWDdqQjZzMmRoOHpXeDlobW1QMFJxRUJYUWFCQk5sMnJILWNRTzdWNHRlX0trQkV6MlhCdWY4ODlscEtTVkVkUUYyX0Q0RmhUSUhrckhscXdaWml5eDNJNXYtRDIxZk5wU2FKRWxHbw?oc=5
2026-04-27 03:00,The Motley Fool,fool.com,Netflix Co-Founder Reed Hastings Is Leaving the Company. What Does This Mean for the Stock?,https://news.google.com/rss/articles/CBMimAFBVV95cUxPNno2bWlGTjc1MzU4UUE1UVhTdk01bndoQ1dWOG1IR0RoLW43NEhsdmNZSF8xalNVeVFhWFpEN3c1M3ZyT3ZIWUw4VnVpMkh2N044MlllXzZNNXBwWTJGbFFDOFlKdkxzMUJldkhyZ0RJODdNMXduNm1kcDFmbXBOSXFieGRyMmJwYURTMEEwLXNKQjZ1aEtKSA?oc=5
2026-04-27 03:00,The Motley Fool,fool.com,Nvidia vs. Netflix: Wall Street Says This Large Tech Stock Will Make You Richer Over the Next 12 Months,https://news.google.com/rss/articles/CBMimAFBVV95cUxNRl9ab2RGNFZLdFE4Y1EzaTBlT1FKb1BacU9vRjBmX3NHMGZPUFFlVVlVVHFOZ0FRQlVmaUI4aHNsMzI4cjNRZmUzVGR1dEJkWEo0bUp5QzdqZ3g0ZThUUEsyQS1telJENjBBcjBpZ1IzdHg2SDF5VnRITUwtV1prWlVvSWE1UHVad3dxQVVEV0U4YU9welpPRg?oc=5
2026-04-27 03:00,Yahoo Finance,finance.yahoo.com,A $25 Billion Reason to Buy Netflix Stock in April 2026,https://news.google.com/rss/articles/CBMimgFBVV95cUxNWS1vVEthN2JFdGp5ZEJnOTBtX1RXZUx2eVVCS1Y1RTllbS0zYThTTmhYYUV0WGw1dHpMOUtSa2Y3cUVpblZZZV9BT19uU3BoTkI1c2Z5VUQ0bEpOY05fOFNkc3I4clc5cHp1anFXbl95NzRSWGVSdFpmdk5HaXZFM1ZBMFFSdkVGS1QwTjJZZzNGbzZ3dUw5R1ln?oc=5
2026-04-28 03:00,Seeking Alpha,seekingalpha.com,Don't Cancel Your Netflix Investment (NASDAQ:NFLX),https://news.google.com/rss/articles/CBMiggFBVV95cUxPX1ZEQm5RdTI1X0xsaV9fYWlTLUFwUWFPX1ItOXNtSVNiZEV4UDdNQkhodHpTTkJLdUxobnBSRWxzdWJnSWJXd0IxZy1weFQtZXowVnZBZXlLLXNncnJ3dU4zWHppTjVqc3RBV2lLN2pwNmtVZWdGQnRBMEhiaUxFZEpB?oc=5
2026-04-28 03:00,The Motley Fool,fool.com,Netflix Stock Is Down 32%. Here's Why It's a Screaming Buy.,https://news.google.com/rss/articles/CBMiiwFBVV95cUxPS2RSakJHUF9qQXlwOE5CNUxmMzFodG45MnZwWnZHQi1lcy1oMTRwenUzZDJ1bXFfVVlGenRfckMwblVjek5mTnZDXzd5RGZidG5iYVB2ZUJUV1BnMHNvWVVSMVRvZXBRVF9jamZXQXZwY1ZUNThPVzc2ZnpmVHRmcEY5TElTam83X2RJ?oc=5
2026-04-28 03:00,Yahoo Finance,finance.yahoo.com,"I Want to Buy Netflix Stock, Just Not at This Price",https://news.google.com/rss/articles/CBMilwFBVV95cUxPSk1FMDN1NmZhOF9fT2xiN3pZNTNsRW9TanQ0aDdscHhyNHBhUDBnbFllZ0VfcXhuRTM2TXJES0hhdDlGUkYwR1lIQmR2X1g3VWRlRzJaRExnYTNhWmNVbkc0YXFXMzdRRkRZQnFqSk9LVDZzS093ajZKTnhEMk52eFRhU3h3ZEthZk9aTkxPYVpjUnotMnlj?oc=5
2026-04-29 03:00,The Motley Fool,fool.com,25 Billion Reasons to Buy Netflix Stock Right Now,https://news.google.com/rss/articles/CBMilwFBVV95cUxPSE03c0l0VDZmUmZpQnZNTWhxcDJ2X2plcUlwN0FmYVJqazlYVDZ5bzVXS0tyQnZ5azhtaG5NZmJQTjZHS1FRU0RHczhMVXh6b296bFdsVmYwMTRUUmhhR1BKbDFULXJzRFVXdWRuellHc1RkWEJIajlfQU5Gb05XbzZ2U2FvRmZmN1JMWnNFTmRES3VZcTZJ?oc=5
2026-04-30 03:00,CNBC,cnbc.com,"Final Trades: Cisco Systems, Abbvie, Zoom and Netflix",https://news.google.com/rss/articles/CBMimAFBVV95cUxNTFVqWXN6YkxCUndPUG9ma29rU0RLdnZTR1NfdjR3bE5xOVNVN1p1cTlLd0Z1QjRocFdZN1dxRzVuVEhTUzQ1ckhqRDBGbVRVWS11eHV4VWY3dmdDTlRWYmxQc1F2U09HUENRb0pPdGdPSjdyNk9OQm5SZFhoSTF2MGFWdlNvRTBfenp6S3lpSVN0Ni1YbmNEaQ?oc=5
2026-04-30 03:00,The Motley Fool,fool.com,1 Reason Netflix's Sell-Off Is a Gift for Investors,https://news.google.com/rss/articles/CBMilgFBVV95cUxPWW55V19OeXdKLVRteHAtNl90Z0d2V1BpamNfTE44ODdqa0toc1JHVFp4YkNkRnU1OTBJb21XUFFQY2pnX1JieHVXUGN6eEtZTWQ5LXFVOGtCeGEtU0p5MVNVZG5IYXNvRkhjc0xlcnFiYXc2amFTRGVhM3FQajY0S3p4akxOZ0dEZTdpUVR4SXdCYm9TT1E?oc=5
2026-04-30 03:00,The Motley Fool,fool.com,Could Live Sports Be the Winning Play for Netflix's Future Revenue?,https://news.google.com/rss/articles/CBMimAFBVV95cUxQbDdKX0QtNk9CRk9raDNBZG5UTmhvWFVyNHZQU2oxb0h2Q3hFenBtVVRHMHUybU9DZnJUeTdYZHRHLVNtaG5sZkZ1aXFkZ0xNZERFVkdJWWZZVlJGbURVbkVjZ1hraUMyX084a1N1RWpJVG9GbUdzQXg2c19oVjNYbXlCVDljTTlhcXNQTUhlcTRTc20tUVlKZw?oc=5
2026-04-30 03:00,The Motley Fool,fool.com,What's the Upside for Netflix Stock Investors?,https://news.google.com/rss/articles/CBMikAFBVV95cUxOVTVtM09JZTFIUlNtOC1oeGN1WHYwZVBhQ0tEVDVDN3o3Q3drakpTSmlYM0pRd2JBbWZVQWtTVXViRXVXZTg2Sy1xT1ZVbFM5S0FJWVJXYTdqd2JwdmVEWklDTXVxanN3aW9WN3lHUTRXWTB6dWtIR011YWJIZ1A4cGQ1bWhubTktOUtVSlFoNWg?oc=5
2026-04-30 03:00,The Motley Fool,fool.com,Why Spotify Stock Plummeted This Week,https://news.google.com/rss/articles/CBMiiwFBVV95cUxQTWY1Ny1QSG1vdkhsdy1PRVYyeXBZTWZHYmZBZGhWU0F1V29jdVZhTW9EX2lXdDJYNzlHeUtoNGRLNF91UEJ4aVVPenRGcGdZVi0tN18tUTNqVnU2N0VBdDY5U055bFJpQVJNRW1SRTkxcnRkc3ZvZFFCQUYzRWE4cVNwSlpWRFlES3d3?oc=5
2026-04-30 03:00,Yahoo Finance,finance.yahoo.com,"Netflix, Inc. (NFLX) Expands Buyback Capacity with New $25B Authorization",https://news.google.com/rss/articles/CBMingFBVV95cUxQd2YwZWhQV0ZvRXJQTUk3Z2lGcEtzZVFUN185WklXa1Q1ZVlqTm1reURrWnFNc3lySUdPQUFxV3B5RzdkTllyMUZTVk9rb2xrYTBtRDNvdF9kbDY3UWtsVF94RHhMUlZJZXZUOXVkMG5TaGtKblVodGdHejlqZ3hGb3JFdWVYY0E0ZmgwbDNSS21YdjdGa0dZcFpHYlhYQQ?oc=5
2026-05-01 03:00,Benzinga,benzinga.com,"Netflix, Cisco, Zoom And A Health Care Stock On CNBC's 'Final Trades' - Cisco Systems (NASDAQ:CSCO)",https://news.google.com/rss/articles/CBMiyAFBVV95cUxQWUpicUphWXRTS1pfMEF5QjRreTRtS0M5eHJfVnMtQnF2bmdiTlBhSDJEUk90SktfNVlScjNmck1QMjNoXzFrWlNIa29veXNYaGdHVjhWTU1kR3FuTC0tQkpIeTR1ZUFOMzF3dG9fNC03bjcyQ09SSEE2TkZiQW4zaWpENlNDbkNpYWRhRF9CTm9Dd3ZsRWF2U1E3dEpGZE95MWtIVUlqdjIwUlBkWkktQ0NYcVgzS1RSaTg0NzhIR2VnMjlIWE5rbA?oc=5
2026-05-02 03:00,The Motley Fool,fool.com,Is This Acquisition a Game Changer for Netflix?,https://news.google.com/rss/articles/CBMikwFBVV95cUxPVDExS0x6c185S2tUTnRDdGY3R0NTd1lSV0hia2RXZ095dzR6UnZDM1FlTnVSRTkxYXF3SzdhNW12OWhtRlZlZVBRQjEyclJzNHNidWVuTU5JWjhfcGJPcjUzUzZXelNhOHJwdl9rdmpNUDVlU1dlRnQ1WnJZQ0Vrbk9NNGhEb0pDOTdFTlFlTjJkVWs?oc=5
2026-05-02 03:00,Yahoo Finance,finance.yahoo.com,Netflix Buys InterPositive As Investors Weigh AI Impact On Margins,https://news.google.com/rss/articles/CBMiqwFBVV95cUxQSjEzQ2RkRDV0RDhaMWY4Q0toRXpHOWlfMWxCRGhKY3JQQm9yVEw0NXVMY1BRMkpfbDFDSml2cUVFckRhdTd1U190bXNFaUlKTWVtOU9wSmhhSTFiS3FoQ3FFaHc3WERMN21rRlU0aWxPQnlFT1FyVkJsT3doU1hBa3BqR3BPN3F2d2xOUnhndGdGU2Fkd0UwU1J1RGxZZHhmUnN2NTk0dEhLU1U?oc=5
2026-05-03 03:00,Yahoo Finance,finance.yahoo.com,"Is Netflix, Inc. (NFLX) A Good Stock To Buy Now?",https://news.google.com/rss/articles/CBMilwFBVV95cUxOWmJVN1NQTmN0dk5UVkhBWGlkekZoZTEydGlyYzZxTGZESmJRQnBidXFEM19JODQ1V2JnMjltb3I1eWxHaHFwUDlfVVl2RlhzQzNaTTNVc1hEaHF6VHdvOGFXX2hLLWw2TVF1U2ZsT1JYX0VRTFN6U3dlUUk5R205N1lDZzBoR3IzbHE5TDM2cGw4R0l6QnFr?oc=5
2026-05-04 03:00,The Motley Fool,fool.com,3 AI Stocks to Buy to Shelter Your Wealth From Conflict in the Middle East,https://news.google.com/rss/articles/CBMilgFBVV95cUxPeTJkd2kzUEFHMXB0Y1ItUGV0YUwyTkJmY0VEN1NPazdGTVVHOXYtamxSTEZRWGpZRU5POW9LLVBtYVJUXzVocDNxQVpjZWs0NV9lTElHWjVUUWthcXV0Z2VZcUY3QjhMX0JiUWRJdmNEejVHZGRhLTlrQnplTWJRVUg4dXQ2cmF3R21xUWliTkNWSlhjSFE?oc=5
2026-05-04 03:00,The Motley Fool,fool.com,Cloud Computing Isn't the Only Exciting Catalyst for Amazon Stock. Here's One More.,https://news.google.com/rss/articles/CBMimAFBVV95cUxNTTRJdTJWb3RKeDBIdm5SUlRXelROOGhkM1lGbnhRdHg2RlN5UzR3dHRJMXY3T0U2bTJRUHZhWHp6cVNJZlRGRFJQcndJVjFuLU9RbXVLdE13TmhRYnN5RzFaMHg1alp3dVFPYVZIYkZHREtHRzJkSlF5cm90N3ZZalROU3pwdW82dVNFUkRpRXk5LThkZzJwaQ?oc=5
2026-05-05 03:00,Benzinga,benzinga.com,What's Going On With Netflix Stock Tuesday? - Netflix (NASDAQ:NFLX),https://news.google.com/rss/articles/CBMipwFBVV95cUxQZVpTUFhPbHV5T2t4R1JpODlQN0x5Y1lpUE5WN0dmdGxrQzFBeEpMQmdQdUdoU1NMejVuUGp3ZW1DbWFPeTVZSWNpU3FaR0FRYkxrMHhSdFpSREhiMlhqYmxvT1VtLVJic2Z1ejYtZHZBcHdvVjZHdmdlVlk3dV9ObVA5OFU2akVMMUVITlBnS3hqelRsTUZaTkF3Yk5NN3UzeHBmQU5lYw?oc=5
2026-05-05 03:00,Investing.com,investing.com,Netflix co-CEO Theodore Sarandos sells $2.4 million in common stock,https://news.google.com/rss/articles/CBMiyAFBVV95cUxNYjVRNzNoUlhMNFh3WGhCVTByZWMtMEN4UXYwWVRJU051XzdSSHlhVGRvVkxpdmREYTRzRnlOclRsc0poVm81THBhNHFVX2ZoTnREUlk5R0JaX2VHX2lvRzBKQTB0VTA3X1g4XzdHT2FkYWFuN1daaUZpcHZLaldfaHZ6bGR2bTJtNE1qTC1qaXZVcmRkOGpaZ0NWRXlGR2pRdUZvSGJfY3RzSUE3a043R1FETVlLV2Q5c05mVzktSktSNnhRTVJ3Mw?oc=5
2026-05-05 03:00,The Motley Fool,fool.com,What Did Netflix Learn From the Almost-Acquisition of a Major Rival?,https://news.google.com/rss/articles/CBMimAFBVV95cUxOa1JIdmlsTDhjOWFpR1lpTDJmbGMxZW15ZS1uaDVfT1U0QV9hVTBRZmJlM0JHZTFSS3dTMXZxZk5pTENTYTF3QU40emg3REdjMXlEcHpzc1phR3NFa0YtaFdWVGZrUFl0Q0JsU3cteEU4RVdNY19kNUYzbHJvSjAyeDhiaHdBb1NrTmdEQWRmTUhxRUJwdGJwaQ?oc=5
2026-05-05 03:00,Zacks,zacks.com,"The Zacks Analyst Blog Highlights Disney, Comcast, Netflix and Warner Bros",https://news.google.com/rss/articles/CBMiswFBVV95cUxQNGg1UGNadUpGZEJRR2lUNi1sSXpmTWNCU0FISjk4ZlRLQWVZc2ZSa0RPSy1qcERMcG5UNWo2Y1VDd3gyMXFlSzU4WENxRktPY09Mc3NHZ0pQT3N3X1J0dnVPRHFCYmNKLWZMTXljU2s0OURBZnpIM0dpOHotOVF5Z2YtdHpKWDNHVkh2SG81YkxnRW9HYzI3OUE3VllNejNCOUFKLXRHV0NFbW5aczNGSUI4NA?oc=5
2026-05-06 03:00,Yahoo Finance,finance.yahoo.com,Analyst Downgrades Netflix (NFLX) From ‘Buy’ to ‘Hold’,https://news.google.com/rss/articles/CBMiogFBVV95cUxQU3kxcXRmZmI4SmxzOTE4YTlUQTVHV3k2RjliRTRNdDJEWjg5TFM4R1pxdHdZcER5TDNhbF9zMmpBLVRSU21EaEFSMEhWX0tUeDBuYjNSc1oxRkVJOXFZVEU1LXVoOVVYUlI1ejhLQm5oYjMtMWMwV0gxQURhVWdHY3MwOFZQQnBsb01NMURUdlhac3cwZXZ0eDJxaExnaE5kTlE?oc=5
2026-05-07 03:00,Investing.com,investing.com,Netflix co-CEO Gregory Peters sells $2.42m in stock,https://news.google.com/rss/articles/CBMiswFBVV95cUxOX1hhMmNMdEFQc2JHQ1I5ak9UbU12Q3l3SlJQT2FfSEMyS0pHSVJoRzRsclY5TEdWME5qbGZVR3kyenM5WDNmTXNqSmlSSGlLOEVfdDNWeHZ3QWV4eHFRbHpEUU0zYThnRVF6T2IyNFhyeU15RUZvM3VpbTBWOHI5aDhtdHVWSkZnNDBVVmRUSUhrSnZkdHd2Vnl5NHdiTFVZQ1I2am15TDdtNnhsWDlrSFJ4aw?oc=5
2026-05-08 03:00,Yahoo Finance,finance.yahoo.com,Netflix (NFLX) Is Down 5.7% After Cautious Q2 Guide And $25 Billion Buyback Plan - Has The Bull Case Changed?,https://news.google.com/rss/articles/CBMijwFBVV95cUxPQ1QzQnNRdUJ5QzdqQnR1aXpuZ01EOHdaaGEwN2s2N3M4YklTVDZ2a3FWc3ZESTZwdlBVY2hfV3JjMnMxVW8yLWhQTzE0VlFDVnMxaDd0dU5reVhLV0tuREZnSUkySWpicXpadzlYdkd3UFM2Q09mYlFKa013WVR0aUtxOUFuSXV4c2ZqUFA5dw?oc=5
2026-05-08 03:00,Yahoo Finance,uk.news.yahoo.com,"Netflix shares first-look at Untold: Jamie Vardy, described as ""football's ultimate underdog story""",https://news.google.com/rss/articles/CBMifkFVX3lxTFBwdVN3WUNENUpBSnpaV2ExOXd5T3BUZTJXNjkxSHVCQ291dldLcDJ2RHZmUjFkMUJOUHZZMU10czVBcU5wSGpWSlhtSFhSZEE3UDFITmNMZm40b2JQdlRhY3dVSlF1UWNtLXhHNFNfeGYzUE51ZGstVzlPenh5UQ?oc=5
2026-05-08 03:00,Yahoo Finance,yahoo.com,Impressionist Matt Friend shares star-packed selfie from comedy brunch at Netflix CEO’s house,https://news.google.com/rss/articles/CBMiqgFBVV95cUxPTkdUbWpSd1I4dzEwNDZoRXFidmF3QzNaR0VwXzBBT0RFSlMyT3RIUlczYWUtRGlDRTB3dW1UZGdJVm9zNm9OQUtwYjB6cm5Wa0xEc1NoajAwVHlobjFfM3FxbDR5ZDc5X00zWkt1S3JwZnl0bXEweDQtOVlxNXpicjk1bDlkZW4xQ3I5WnFGTlZMYkdTdEtvNjBvS3VjWDVYWEplZUVWam4zZw?oc=5
2026-05-10 03:00,CNBC,cnbc.com,"With Netflix new ad-free standard plan at $20, streaming's tipping point into old TV is getting closer",https://news.google.com/rss/articles/CBMigAFBVV95cUxNOWVfVkRrZmlTemp4U1ZlYVVuOG1Ea2MyWUp4SEFKeXhCaUIzMEkzYzIxVnVUeU5qeFlUVXhUSURPczZIWGZDenVFeTd1MUNScmxkNC1GSGtuSGhVM0p5YzdHdlhPaHJGeVl4R3drVXVIVlI3MmxuYXhWUXpVckRRZdIBhgFBVV95cUxOZzZzTlRfV2Nib25Cck5tLWlSbFV4U0doS1lDQXZIeDl2X1lYaE1fVnE1cHNneS12bWJMSVRuQmFFNno5dXNmRTU0UkthUFpORmZjZzlzT2g1MDI4M2hSdkFDNURBRS1Mb0JNOW9fUnQ5YkdlaHpaUHpyTGxqMnY5Q3B5OS05UQ?oc=5
2026-05-10 03:00,The Motley Fool,fool.com,"Stock-Split Follow-Up: How Nvidia, Alphabet, Amazon, Netflix, and Tesla Have Performed Since Their Historic Splits",https://news.google.com/rss/articles/CBMilwFBVV95cUxOdkdZTGw1V2dIaFFsSWxmTlJXRXdpTy1jd0lvVGF5Q09lOVZvMnN3dExYd2pScHJWQmFmTlpOYk1nQUM0VzRIX2JRNzdLR1kwS05rZW9KT3pmbkVQT3ZHdkdnbVdrSVNfMWdvQ3Q0cTc5QWtzTlR4SVF3VTJNd0FkcXU2TUdncUI2WFJ3a0dQSS1fOFF1a2ZZ?oc=5
2026-05-11 03:00,The Motley Fool,fool.com,Stock Market Today (LIVE): Is Netflix Watching You Watching?; Airbnb CEO Eyes Amazon-Style Empire,https://news.google.com/rss/articles/CBMigAFBVV95cUxOQnVnTFZyNHJOaXdoYXpoXzhTMU42TktvNmQ2a3FHT1lRbDRNVllHNHlXSEZvaXMtc3Y1c1htNjRMYjlmaVQySDJkd1RZREsxNG5ESC1vbER1VmZjRXpNMXhZRHQxVEtiZUhGci15QnBBYU1tT1dRdksxaGp4NllGeQ?oc=5
2026-05-12 03:00,Benzinga,benzinga.com,What's Going On With Netflix Stock Tuesday?,https://news.google.com/rss/articles/CBMipwFBVV95cUxNbUVkOXZqZnRPVmhncTU3TlVveWRZVUwydGFJZ2lXUGFkZmRkZlBTTWM5T2FGSHB6Z0hiQWItWm13bkJoa3hNWlNnRVN0NDFMZzZhbklXSTFLS0Y2c0RQU0gyWVRRakdvQV9Pc3R1Vk43NWN5ejhqSWw2eGlCMWFUbk9ZMXZZMkxXSWJWTHY5d0VHbHVuNGhqWW5LdUFDOTJJOWl6VkVlSQ?oc=5
2026-05-12 03:00,TheStreet,pro.thestreet.com,We’re Adding to This Streaming Position for 4 Reasons,https://news.google.com/rss/articles/CBMikgFBVV95cUxOa3I5UGlhX2JmZW5lT1pXVFZtSFUxX2VOUGpvV0NFZDB6TGxPZU1xSndtTGRqMXpDLWNfMlhGRjZiaFFtS2o4OE9GT25XQjZ6a3FtUFdtbHFsZkQ3dHJxMzlQdnR5LWN2X0gyZ3JjTHRkdEJxWEswRkFtVlNDeE5JRHg0TVlNX29YZ1oxbUJmdXdaQQ?oc=5
2026-05-13 03:00,Barron's,barrons.com,"Checking In on Stock Picks Cactus, Netflix, Wabtec",https://news.google.com/rss/articles/CBMijgFBVV95cUxNLXZZUmJueThXVlZ0NTRjT2pJT3VTcU8wbjdrLW95LTh0QWZRcUhPVTBEYmNhMmV0U3hSWjRYdFp1YkFGVjlnMWxJcm1KM2I2eE5vLTdnbEJVWXc5dTQ1NGJ4dmFtc0o1bEhGbTcyOW9yWnRWbnBFMjRiRkxzVElVblVUaTBQVThiR2E4dkd3?oc=5
2026-05-13 03:00,Zacks,zacks.com,"3 Reasons to Hold Netflix Stock Despite 16% Drop in the Past Month - May 13, 2026",https://news.google.com/rss/articles/CBMiqgFBVV95cUxPbmxHMlZ1enJHWWEzRVZVWHFfOWNXVUlEVFZsbjhsVXJWY3F6YWRTcE1Lcm1US2pVbUJUcm5lX2tmQkl0N0xJX3FOalB0NUpqWTI4VHplMmgxOHRVdXY5WkxJaWVCOERGS1ZQc1o3WlFHek9kN0paOWd4Q3pkeUZUMXFOU3puczloY0FrV2lmZGo3dEVVd1ZiR3dPTXExS0J3MXhDWThONTAwdw?oc=5
2026-05-14 03:00,Benzinga,benzinga.com,What's Going On With Netflix Stock? - Netflix (NASDAQ:NFLX),https://news.google.com/rss/articles/CBMinAFBVV95cUxOajI0VEFuZXVoc01ackN2NktRV2NCSXpZb1ZUelI4UlZiY0pRVGt6WnpDX3Y3SUpBUlYxN1JUa09GX1pzQlJoWXBnalUya0VZM2huSmV5VTFyR0lSV2lSR3NFQl91QUlHVHhKY091bzdfM2RsZnZ3VjFYb2N3V1NLamJGNFZhZWtWSDk4MnNTMTBjV2lUdmlDVGlSNlo?oc=5
2026-05-14 03:00,CNBC,cnbc.com,Cramer’s Stop Trading: Netflix,https://news.google.com/rss/articles/CBMifEFVX3lxTE01TUZWRHdIYjZsbFVycjB2c2JZdjZILVMyWDd5Y3A4V3BSOG1aUEVsSXV5d0pENjNxbl96UWVHYVgtOEhxMTlKb0pDZElhbTBDMlI3b0Q1WF9KbVhORDdEX1FDZ01VSnZVak9XaDZCSkJVVEZvWGtEN0FrTkE?oc=5
2026-05-14 03:00,Seeking Alpha,seekingalpha.com,"Netflix, Disney, FuboTV, WBD, and the Streaming Media Landscape",https://news.google.com/rss/articles/CBMiogFBVV95cUxNYXZLd0FOSDNUN09Xa0FBcXhXMnB5OE9Zd05XMlJCSmpJbzN0QVJ6dEtLUVBoajVEemZzSnVfYVVFVlBNbjFXbnAwbXR0TnBLQUV2MmlqRTlITEVMcm5xYWJhdF9DTExPekMyUDlDVUpxR0FJT1RVbmhNODk1ZzA0dTVFczhSVjdaV2VuaUNidzdWNmIxcDVvY0Y2TlM1S21oX2c?oc=5
2026-05-14 03:00,Yahoo Finance,finance.yahoo.com,Netflix NFL Push And Ad Tier Expansion Reframe Long Term Upside,https://news.google.com/rss/articles/CBMikwFBVV95cUxNY3lzQU5yOUhGX0JFSVhjcWNPRTNueEFJQ3N6QjFaUnZUSTFTYUJzSWxyb21LM0U4bXJrYXo5YTBDcHhzOXhiVExuSjU1Qk9wOEFXZEhESmtVWnlVTktDN1k2Wm92SERjWmd3dWZxdDhWR1VNR2dXR2xaSmpzM0djX0JmVVlwUWZfdEJkQ2lENThjbFk?oc=5
2026-05-14 03:00,Yahoo Finance,sports.yahoo.com,Francis Ngannou shares honest reaction on Jon Jones joining MVP team for Netflix card,https://news.google.com/rss/articles/CBMikAFBVV95cUxNb3UyR2o3Z0xMTWRGcmpEdmZpa2c3Y2NWcXNMbGE1ZzNFeXo2cFVfdmNMSVZ2bk4xN0pQRjZiSm9vNW53RHo1b1BKQVF4bGJ1VnRwVS03LTFoajJadS1QTzd1djlfZlJOdFB5cV8wMFptb2p5UUZma1Z4akJOcjFVTlhMTHQyZ1k1d3JEUmwtMVY?oc=5
2026-05-15 03:00,Investing.com,investing.com,KeyBanc reiterates Netflix stock rating on ad tech progress,https://news.google.com/rss/articles/CBMiuwFBVV95cUxPNW9pTE5qRHpnV3BuZjFOd2RlVVZjcFozTENxRldUTVgtZ0ViN1RVNHh3eUROa2dpWGtiYmtrenRpc0QwUXFwQmtZQThkLWdGT2ZxMUlJODdIMUlBYlplcFNLUHE0emtQOE03a0xMSmFVbXVaWW1KdV9lcjdNQk9hRjlYWEQ0aGdjUTFfQjFyOVo2ekh5ajlDZy0tNVV0WmlZS3N4REo2bWVMNG04aWhhMHVrd1JQZXpDZEpv?oc=5
2026-05-15 03:00,Investor's Business Daily,investors.com,"Google's YouTube Revenue May Be Bigger Than Wall Street Thought, Topping Netflix",https://news.google.com/rss/articles/CBMilwFBVV95cUxNMktnbWV4eFhDUTkwbkoyM1E2cGQ3YTRwMXVPbGM5SHI1VUEyaW1ja2xvcF85TkV4Ym5QMFhZLXZjY1g1SFp6TGI0YzJtelN0T3JPaHNpN3BPOVBNOWV4UDM1a3d2S0lMMnZCcjNSNVlJbjNBR3NoRmk4LXBJQUFoeU9aX0N2ZFRJWlpibU9YS2VfWmJXVGRR?oc=5
2026-05-15 03:00,Morningstar,morningstar.com,10 Stocks the Best Fund Managers Have Been Buying in This Volatile Market,https://news.google.com/rss/articles/CBMikwFBVV95cUxPRkVVOFJEdHBQOWNmNXpOc0loazZDZjhXWTZfbXpYS29IVk5QRWZiUW5ZeEhEV3NfeHZ5VkcxWllqNmZzdjJMVGIya3djQ2ZJQk03RGdOSTdmT1g1RTBLSEJKV1pXUmZBT3dkLUtIVHBJd1JwdnRSdHNqcXNyUGZVdVhmZ1ZBN0lJSmtyRmJsYV9fRGM?oc=5
2026-05-15 03:00,Yahoo Finance,finance.yahoo.com,"Netflix (NFLX) Stock Is Up, What You Need To Know",https://news.google.com/rss/articles/CBMikgFBVV95cUxOQ2R2TnpLeHlPRlNIbWd3VEFGN21XTkxGTl9FZU80dGdMc3B3b1dUSmhrZzJsVWZFNEdVbVlmbXBPNHJZbGxCekJ3Q1c2dUJvOHVBczlDZzY5U3RJMEtHMTlweFBuN1paNERGd2k0Nk5GYk9wQWNuVXUzZnFtVTRyRUFmUUpINkd4cUJaWUxpZFRkQQ?oc=5
2026-05-16 03:00,Yahoo Finance,yahoo.com,Trump's Q1 Filing Shows He Bought Netflix and Warner Bros. Stock While His Administration Controlled Their Merger Decision,https://news.google.com/rss/articles/CBMijwJBVV95cUxOVHpENjFjelV1eC1zS05zcS0ya1ZVOEtOT3BlemhlX2N6U2h2V2Z6dnN2VjdBNHdBN3ZSVmE5dTJCN2NQM3JkYkRTUGs4YUNnY3lPVHJYLTAySV9fd2tRY0JodVFXWjFVVG5pVVBRUFNGaEFMcXFLSnd2TWZsYTd2d2RNQzlnM0loc1psMl9MWVd6azc0UHdwSS1GWnNPOEFrdHFuTjk4Zmdrb3RLbF9VN3dQTHZkenNKTktvbEN6UHduLUhNZVJCVmVLUnk4RVd1YlJLNk01dmVTa2FnbHlwdTQ0VEZhT2RqTmlvY24tQ21vdkNEeEtFOHZ5Q1UxTXdiSDdna2NMdmZlazhvdGFR?oc=5
2026-05-17 03:00,Yahoo Finance,finance.yahoo.com,A Look At Netflix (NFLX) Valuation As Long Term Gains Contrast With Recent Share Price Weakness,https://news.google.com/rss/articles/CBMingFBVV95cUxQS2JIUTBmMWI1VWhnelN4bUNRcHhvYkZGYkE3WnY4STBqV3FCRTRBYkcwZkl6YV9VUk13SmwyR0daWjF4dkdzejVMR3BBUmRudzUyZkp3YUVONV9WeW9JcE1iV3Zwam5BeXB2Xy1TRmItbTFEaGowTUlaSkJzUU9BV0NES0tMT0tyQkhHcDhMRmJ5UXNHTmhOTEgtdFNfUQ?oc=5
2026-05-18 03:00,Benzinga,benzinga.com,"Netflix Defies Market Sell-Off As BofA Reaffirms Bullish Outlook, NFL Streaming Slate Expands",https://news.google.com/rss/articles/CBMi6AFBVV95cUxPRUEyWWNKMmY2c09ObERzNFFoX3BBNkszc0dvTWdlRW5rbFNUZEpBeG5zNHl1ZTA4bmM2RlB3SnZuZGlzUnVCYnVIU0lIb3pZdzVneW9ZMXZLOWw1OFdYMEZra0QwbHg2X3FydjVDYlVOdFQzR1p2bFJLVEFjWUY3WmNHQ1JPdENoZDNkRzNwOXRFNzF5UlI4NkQ3NUNXVWxTQVFtYk9fUG9vQlBpbmhOanFyTUJQQ3dwU3l5eGI4Slo2UklmUmdaNVhGbDZpNHVlQlFBMU1EVm8wRkp3MXI2ZlhrNVFWUmZ0?oc=5
2026-05-18 03:00,CNBC,cnbc.com,"Here are Monday's biggest analyst calls: Nvidia, Netflix, Amazon, TJX Companies, Arm, Viking, Circle & more",https://news.google.com/rss/articles/CBMizwFBVV95cUxQZU93UUVJekE4SlEzUEpQc3pLMlljbmRjaFpsSkRybGJlV0UzZ05HYjREMnJyZVRLMkp6SFpEQXNOSlZEUmxBT2ZYVi02SlZvMlQ5dzNyeExiVnBaWnhLdXNtVzNnQWFEMVZ5VnEwMlV6cWhTME1icjFPcUtxa1V0TmJBX3Y4Nmo0VENFRWJ3d2NXS21ZMmZjb3JNTkIwTGs2NU5OcEM2dFo3YWJXelhHdGNaZnRfR1Q0UXZlZFdrd1BvazVRcGdSb25fT0xHWkk?oc=5
2026-05-18 03:00,The Motley Fool,fool.com,"3 Stocks That Have Turned $15,000 Into $4 Million in 20 Years",https://news.google.com/rss/articles/CBMilwFBVV95cUxPVWE4R0hOTF9keXY3cFlJeGhFd2Q3VHBqNUF4dnRuRWMyWkM2NzhpWTdJQkdKQzlmdzJzYmZTdldjLUxyWGNOckotWXZLVDc1WTNDZ2dDcGlVNUdKZ3BxWVo3RlVaYWtGaF93VU1OdjNBalJyUlROLVNkQ0NyQVJzNUw0bUVkM0VuOEtVMnhwdlZNY05OTXNZ?oc=5
2026-05-18 03:00,The Motley Fool,fool.com,Is Now the Time to Buy Forgotten FAANG Stock Netflix?,https://news.google.com/rss/articles/CBMikgFBVV95cUxPZ2d4MlFjVEpYampzOXdTM0VPX1dkQ05XODRfZEd6RWV2cktlQ3BQdEdUeEtucTJUSEp5UHB2ak5ZbWVBU1Y5Um9wOVVwWE9mTTMyWmc1R3NOdzhaRkxGQ0tzcW03LWhsQXlxMTVvT0Z0VkRKbU9HQ0ZPWDM2dnNUY202a3VVMGt1QXZtcjF1YVdYQQ?oc=5
2026-05-18 03:00,Yahoo Finance,finance.yahoo.com,"Jim Cramer Discusses Netflix (NFLX), JPMorgan & Risk-Reward",https://news.google.com/rss/articles/CBMinwFBVV95cUxQaHZFUGVablBTd0RvUVA5MmdxQ2ZIU1FkN0VERGU5YjJCUjlvWERYNGJ5azg4N21hWmtkc1FJZUhLTDdzd1RIOTFLS3BMenVib2thLUwzWk8wT00wRmY1N0hoc09wNUEtUVNqSFRyTzJaNndadllja0RjOUhPdFdTM3E4aHFrVmVNRWlkekxqVTNOZ2ZRTkttalBWMEgzbDQ?oc=5
2026-05-18 03:00,Yahoo Finance,finance.yahoo.com,Netflix Inc. (NFLX): One of the Best Stocks in the Mark Cuban Portfolio,https://news.google.com/rss/articles/CBMilAFBVV95cUxQbmcwNzJ6S2V0anZyb3JiZENDam9oaFpPQVl4UUxBQXlJcGdKZHlUanNJd1EyZGRZREtDQVJaTWpDelBJMlEwWWljajgxVG9EVl9ybVdxc2txQ19fYndLNEFSZ1YzUlJ4aFVTekVYMW5Db01qZldJMVFqaWEtRGlheVNEdXNuSGNDTzhwcmU5RktsNndW?oc=5
2026-05-18 03:00,Yahoo Finance,finance.yahoo.com,Netflix Price Prediction: Why a 270% Jump By The End of 2027 Is Possible,https://news.google.com/rss/articles/CBMingFBVV95cUxPVGxCQlp1ZGxDVkNqN1E1eG1LcFB0M2taSEx0RmFxMTlFUVE1WWlJbWZHYmFPYk5qcTBoS2puWDlJWC1KWjRNbHFtQVRiR19ZOU5YUk1ZTkZJR25UU09heDV2SVpHQ0E1U2JlQVFiTVBsN0JSZjM4TGtERE02NGdZQ0dDd05nczhYWmQ4VXc5Njh3cERSX2hBcU9wNlRiUQ?oc=5
2026-05-18 03:00,Yahoo Finance,sports.yahoo.com,Trump Vs. NFL: Netflix Lands More Games After President's Streaming Criticism,https://news.google.com/rss/articles/CBMigAFBVV95cUxOX3dGbnhGZzNORVBudTNYZjBDcGxsNmhsYng1azRyNElfcU9sSUgxYlNUNllRQW1ia3lEX0FYTXA2ampLQ1U4T0NTb3J1SDNnVm9QaUlkd0w1enlxaHQ5SkFfRU5qa1hPeXBiUGd0Qzd5QkNFXzN0Q2JZREM0dU9yeQ?oc=5
2026-05-18 03:00,Yahoo Finance,yahoo.com,Alix Earle Shares More About 'Earle Meets World' Netflix Reality Show on 'The Bossticks' Podcast,https://news.google.com/rss/articles/CBMilgFBVV95cUxPUjM0a2lBRnJmNUNFWGRkZ25BZnVQTloyR3Z1S1pubml1SktUcmlJVEtBMllkbUxESzNXeFhFaFhjZFZLbFZDYmt5SXJycmQ0Y1dueDBjVE9kelpNRGlsX3NuQkNrZ1U0eG5VRXVJOTVaYmRZR18zcE51VVNoNDBJVGwyZERtdzJfSzBSTURrQVJsMXBuOWc?oc=5
2026-05-19 03:00,Barron's,barrons.com,The Netflix Empire Is Expanding as It Makes ‘Major Moves’ Into Candy and Toys,https://news.google.com/rss/articles/CBMifEFVX3lxTFBOMlpyOHZVSy1adVJLZk1mY05KSkRjWUt5Q1BlQ2d0R0wyNWRqUWFrYnJqV2tBSVVSNUUxRndZa2JVU21KN0ZTTlBkTXJKX2I2X1ExdXNqWnRwUGU2bUZhc2E5NG9zRG1QY3VIc2UtWF9USktkcGNsU2doYXM?oc=5
2026-05-19 03:00,Investor's Business Daily,investors.com,Netflix Sentiment Improves After Video Streamer's Upfront Presentation,https://news.google.com/rss/articles/CBMipAFBVV95cUxQcDU5Y1dCVk1RclNhaTJNUC1TV2xzazFELTNVeFNEZFNJZmNGSnN2NkJwUWMyb2hWN2hfUHJWcE52dmFqZXlCTXF1cTNvZGtKQWQ2MlR6VU1RVUVRcWI0bTBfeXk5LVhodG83N2VFZ2dXY28yRnZqOGw5X19ib2U3NWlUeTlUMUFiT0x5NUU2a3VBUnYzZW1hWmg4azZRYmxNWWNTNQ?oc=5
2026-05-19 03:00,Yahoo Finance,finance.yahoo.com,Netflix Stock Prediction: Can It Hit $350 by 2027?,https://news.google.com/rss/articles/CBMingFBVV95cUxOZ2lXYXFjQ01ZNlE5UXNTdXh6MTMxTDFwdXEyMzQ1T25vQmpkd0duYlpFeUhVdFVmM3l5MlB1Vi0ybzQya2Jpa19xRzBVdnRfZzE0bXlOVlZIQ2lyUGR3LWZCUjA4cm5USXhpeWs0QTFpYU91c2k5TklUV2x5c0pVX3RNdTF5d2FGRVRDTzJpXzRtR1JRTDhUVWdDbl9VZw?oc=5
2026-05-20 03:00,The Motley Fool,fool.com,Is Netflix the Next Trillion-Dollar Company?,https://news.google.com/rss/articles/CBMijwFBVV95cUxOcnFDOGx0c0xYNjM5eWJrNzBDUk4xX1d6aGVLai1CeDRsZWEwZFlWWDFBTU9CZ0wyMU5GLTVOVWk5SDltYkxockxLTnJPdmVPNko1VHB4a2owUTFhTnVZemgwck96MlN3TlA3WFNlYjlKdGhlUDZENFdnNDlFX0Z1T3Z2UGxGNGlJeG1MWk82OA?oc=5
2026-05-20 03:00,The Motley Fool,fool.com,Why Netflix and the NFL Could Be a Perfect Match,https://news.google.com/rss/articles/CBMilgFBVV95cUxOOTRzTnVOZGtEQklDZVZBQWt6akpnQWdkbldOcTNPQmRlSXNwaGdOM0dXbEZBOVFWSUJTeXpoOFhHSUZoS2pMbzYxZzhRTlgyNVhjTHFfMlBHeFF3RjVrc3Q1Y1IwX0xtRmxjYXJKQWJEbEVVWmZuUVk2aWszM1M1OC1wc0Y0N1J5NjhZRk53UFAxcFNIU1E?oc=5
2026-05-20 03:00,Yahoo Finance,finance.yahoo.com,"Top Stock Reports for Johnson & Johnson, Oracle & Netflix",https://news.google.com/rss/articles/CBMinwFBVV95cUxOTWlZMGwyNnRmUHd4eENqX0lzaGhYbXNpZ1hTb2MybVhwbGs4bEljY2JjcWpDMThTNFh5STFOT3dodXEzTFRLY28wRnRnUS1ZcTJqVWJYeWloUWQ4SUZldW5adkRRZGltRW85R05WeVVpSVR1UkRTQXBvSjZ1TEhIMVFodFgxVG8zaWFPWWh4Z2Z1Wm00RVZEZU9rOHBVUUU?oc=5
2026-05-20 03:00,Yahoo Finance,finance.yahoo.com,"Trump acquired stock in companies like Walt Disney, JPMorgan, and Netflix, even as he threatened them publicly",https://news.google.com/rss/articles/CBMigAJBVV95cUxPZVFSNUljNkl6bk9vSlBhb1RKWE56QWVFY0RxRklEWnk3V0xwLTRZd1ljVnBwM2FBcUp3QXVubGVKb20wTEtBbE5PMUxnWk5BcURONUxsSE1VTjEtYWFMdklXT2FTUHF5SDR6Vms4YW5RQzlBRWl6R2xBSmVHVWlaWmFzOGpzTmN0TkZXV3o2SWZoLUt3cXJtcG95V3M4ME5UQzVucHpOV19qd3BDWk9EQm5pME42WU9uOVI4d3kwZUZhTmRVN0dLbk1UVGttOEU1ZmRQVnVmTDhobUszaGVCWnlvLXJQS0VlRWt0X1BGb2FESnRRYkYxN1VsWExOMFFk?oc=5
2026-05-20 03:00,Yahoo Finance,uk.finance.yahoo.com,Netflix ad-supported tier tops 250M monthly viewers as sports push deepens,https://news.google.com/rss/articles/CBMihgFBVV95cUxQZTBva1BJRW93OWVpZktKUVpCUzU5QkJQNW9iMndlOEpYTkNoeVFCYXlLMHNfT3NpX3gyNGR5Sl93MWZ4cG1aMHBRSmFBbjdxckRaNldHMk5NTEs4cE40SjVvcGhRVC1VbG1aREptR05rTnV6UTJKeVEyMGY2aU1nX3dRc1FXQQ?oc=5
2026-05-21 03:00,Bloomberg,bloomberg.com,"Netflix, Disney to Face Higher Costs Under New Canada Streaming Rules",https://news.google.com/rss/articles/CBMisgFBVV95cUxNc3ZsbDB2S3RYRWZ6ajhrTmx0ZUQwcHZLSzl4OHFZaVl6N1pFQXdiQ3BoY01vNFVINllHem5Od3BPUk9vM3VELWg4LW0wYzluS01vRVBPbnQzRl9BcFZjUTlHVXF6YzJ2OVpxS3ZHSUZiVXVIVktWeld1UkJZRnhEdHQySWxiSC14a254T2diQ2d0ZWh2VXNoaDVuNWlOSG1OZW9MbTNJRFdlY0ExSGRwcVBR?oc=5
2026-05-21 03:00,Investing.com,investing.com,"Netflix, peers face 15% spending mandate under new Canada rules",https://news.google.com/rss/articles/CBMixgFBVV95cUxQay1tdmFfVDNVYkhBY2drV05mMURSeGlwam01SHpLUXNnWjVzNVF6bUNTVmFpVHJZQ3RnVkVwaE5abmdIYk8zY3haS3JtSEJMVUdHMHdLRHJ3RGdCTThIX0djcGNHVnpmZkVjQVcwSDBLSXhJVHQ4QUlPSnNpdGlHeTFSa2VBU3BrMnhnaGJKRU56LXliZF83SlBrT0tqSHphUXVCS2oydzRJNjNXd3lsa3JXc2s1ZTlQZ09zOFZtc2RKSmJfZkE?oc=5
2026-05-21 03:00,Yahoo Finance,finance.yahoo.com,Is Netflix (NFLX) Now Pricing In Too Much Growth After Recent Share Price Slide,https://news.google.com/rss/articles/CBMimAFBVV95cUxQSl9jVXQ2cXBZYTZQZUU1TXhzdTQ5WlZqWXJvRGs2R0NaVG9mT0N3RGZwcGd2Z3BqRXVyZXBCVEdVM2Y1ZFBWNVdUWE1UOU8wQkRqSVlmRFZlSURiVjRtRlZVcTIzLTVFSUlYUGh5MkVISGRmR3h6aTZrY04teElBZ3M5bzVtelU3SHl1UUJzWVhzekR3X3d2bw?oc=5
2026-05-21 03:00,Yahoo Finance,finance.yahoo.com,Walt Disney vs. Netflix: What Recent Revenue Trends Reveal,https://news.google.com/rss/articles/CBMimgFBVV95cUxNR2hxdUdVTUVleXhWbUt4c01NdGR5S2N3dXVjY09fQ001aUdtT3JIQWYwMURzeUVVRDlnUWtXRFdTeTA1bllmWHZxQ2IyRThjbndmb3dRZDJYbUVTb0JHdm5WbHBTR295Q2o3djBzSnEzdkFzSEZ6WGp5S3BGZW1ESkx0Q29WNm5vTWdYd1ZualMyTUJndWFrUUh3?oc=5
2026-05-22 03:00,Benzinga,benzinga.com,"IBM, ServiceNow, Netflix And A Basic Materials Stock: CNBC's 'Final Trades'",https://news.google.com/rss/articles/CBMizwFBVV95cUxPa1FVNTFxNC1xYTV2VmQ1QnRVYXNGbjFqWWhnaUU0c3l1TVUxdEpkRnVuUXVlbUV4UUx2dk9iX25zaFM1ejZITWtkM2thTUpCT2hCSDhtZ2hiNVJqMDZsUDZwblA2VmtHS011dE51dlhvWHFuZHd4MGEtTFhDMnNjandtb2pKb01HalRzS3hWSTBMOWRnaWVMZENuTUNhVWZjV203d0VISHlZTFp1WGoyUHFqRWtXMDcwY1VONG5qaG9WTGdQcWhpU1pUNUQwT0U?oc=5
2026-05-22 03:00,Los Angeles Times,latimes.com,"Netflix, Disney face higher costs under new Canadian content rules",https://news.google.com/rss/articles/CBMitgFBVV95cUxQLTZjR3pkM2RmWi1HckpHSlczZ3RNVUR6LWM3VzcyNEkyLUwyeVNUU2Q0NUJGVHprRWl4UHF6ZUxlU29WbEtLUWZtclkzQ0dNUGFhNkdGcVhGcnQ2MjlITTgwdHB6bkFxc0hrMHFaNFRNY3duRWpGbzd6ZzNsdG1NcWVhcXNIYklwUlktZEtzbWhuaDliOVBNLWdfZV9XcGo1bmNLR291T1hkUF9NM2ttbUc5b1FKdw?oc=5
2026-05-22 03:00,Seeking Alpha,seekingalpha.com,Lionsgate Studios: Strong Quarter And Even Stronger Outlook - Remains A Top Takeout Candidate,https://news.google.com/rss/articles/CBMiywFBVV95cUxOdXRpeHVTZ2Flb0dXcU1SdjV4Z2lpZTlwQVRMTGhyekliTU9KLXlVWUI1M3B4Y2FjMFFTWngyM1JoSEFGblRmZjZQelVJblZpRFVwNWpsbWMtajZrWVllanpGbmJ5UTJja2dZSzVCczlmT0NGbElrVnB6R3NHdm5QY2ZzMGlDelRFQ0FJX0VBT1ZESmhUQWk3NHpqU3gyWUJmSzExQWNJelZ4d1RHNVZfRnVMX2tydFVuaEN5aE9xclp1azRHci0zcEpkNA?oc=5
2026-05-22 03:00,Yahoo Finance,finance.yahoo.com,"Could Apple, Amazon, Or Netflix Buy IMAX? This Analyst Sees Rising M&A Appeal For The Company",https://news.google.com/rss/articles/CBMimwFBVV95cUxNbk4tN29oa3Nta2U3dHlIcjJIQnlPODVKVDJFUFNXdEl6eHNHY3hnUnRFQXYteG5BV3pDbjBkdEMtQjRMbGthbUlxcE1Tc3BRM04zXzdpNDlfUVI3Zm9lVWFTVG1OSUgxQ2h6dVJNSEZRZjZTMVZfSVotbGhPeDZld2MxQ1pqbkZEc2tyM0FzdVRvUkF6UjljOEhFQQ?oc=5
2026-05-24 03:00,Yahoo Finance,finance.yahoo.com,Bank of America Reiterates Buy Rating on Netflix (NFLX) Stock,https://news.google.com/rss/articles/CBMioAFBVV95cUxNdExfczVmbWlqdDVYWnphZHFKYVdzSmFzeV8zQ1RCaDJDWTU1T2x2QUZRSVZrbjQtUks2MWhvWTdZSEcyOTktNnQ0XzZTNzZvMGVFMjF2dVl3ZjR3cUFSQ2piNFFta256V2hzeUVkczVraDZhQWVHWEJFbDVnV0E2RUdlM0NQV00taW03NUZYcElSQXduOFpaOWViSUwxNDFY?oc=5
2026-05-25 03:00,The Motley Fool,fool.com,3 Growth Stocks to Hold for the Next 20 Years,https://news.google.com/rss/articles/CBMikgFBVV95cUxNQmNLUEZBWWd0ZW5vS3NOdjZxSU92dVNSWXZZUUkwSjE2Rnd2WTdtZF8za1JlZ3hrdkNHQ0NNVTg1OHdvV3Z2cDJTaVpkOE12U2NhNXVTTVZKbXNSS25RMzgyUldHampLSG5tOS1Ld2pzZnN3WXJQeFdycHYtWWxSSGxYX0lNOThEaUlSVUlSUXlxZw?oc=5
2026-05-25 03:00,Yahoo Finance,finance.yahoo.com,How The Netflix (NFLX) Investment Story Is Shifting Around Ads Content And Deal Discipline,https://news.google.com/rss/articles/CBMipgFBVV95cUxNMk55eTRlQUF3cThJUnE5dERIRWE5ZnZNaWloMzRYelRNMUhzZWs4bG1MV0Q0SW1PN1h3d3dTRFpINlctS2ZLS2Q5emNvUWFWN1lPVVhwaUUxbUREeG5ORzB5Z0FodnFiNHI4RDU3TnpFel82VUFtSXJTcVBzdVlybXdWZ2R0SU5MRHpjLUIwOVlrVlRmWi1ROEhkNnYzOFRObi1BQ2lB?oc=5
2026-05-25 03:00,Yahoo Finance,finance.yahoo.com,NFLX Rides on Sports Content Engagement: New Revenue Growth Catalyst?,https://news.google.com/rss/articles/CBMiowFBVV95cUxQNmxYdFFld2NKR2t5Ujg2NXBCNEkzUjZLOFVYclR5Y2JtYjNwcHJwZzFMamxhajdOT1JHaE5NaDdoRG5MS0ZuQ2lqUUlvREpkaXhEU2xxbl9LQ0hmRGhidDZGSU54ZzNBNlFJVEx2Nl9kZWE4dnBWWTFiMFhMWXlFanVZQlRwbW1PSTJGWHlIWXpJUnBRMlloVlNzdUhoRmg2MEQw?oc=5
2026-05-25 03:00,Yahoo Finance,finance.yahoo.com,"Netflix, Inc. (NFLX) is Attracting Investor Attention: Here is What You Should Know",https://news.google.com/rss/articles/CBMiowFBVV95cUxPT1pfdlpuSGp1cWNYTGtnTGhyejZObUdQRnZEbDV1enYxNXV3RXViZEFkcHRGU1l3OUZLeVo3RXQ1YWdjUUZzWEk2UW9VdWE4dDd0UWVrdWZWQTFULTU1QnozZ0ZwUXJkTEJDY2pHRFFvbVdZQTkwbHlQTFVZN1VmN2x3VEhlY0dSZVNQbWtFWTB3Q0FabGpya2VEai1JN0F5Q08w?oc=5
2026-05-26 03:00,The Motley Fool,fool.com,Does Netflix Have the Widest Moat in Streaming?,https://news.google.com/rss/articles/CBMikwFBVV95cUxPUTlOajQzM01CVEx4S1lyaXc4aS0tQ2FNUkhmdG53TnI0cF9IdHplWnlReG1KVEhicERaSGJTN1hnUm42MkFFWDRtS3EtdnZGN1hDUnVTLXc5OUNJRWZjNnJtLUpEck1TaFhDbDhrY3M5LUlwbExidnNvUmxGc24zUHZ3VVdMbXE1SWd0QjRDbGJUUXc?oc=5
2026-05-26 03:00,Yahoo Finance,finance.yahoo.com,Netflix (NFLX) Stock Slides as Market Rises: Facts to Know Before You Trade,https://news.google.com/rss/articles/CBMingFBVV95cUxPNlZlXzhYZ0pma1pFWjM5LXVvcUtWZTlWYU1BV2V3VWFNSl93MlNqS2lET0p4a1BabXZ2SUJ4T0MxdXZTdjVUMXZCTF9GWm1NOVB6d3JKT0VENk0tT25QN1JDRjBJLXVtNkxHSWxVbWpad2VGelFxOVp6eGY0N3J2SHZXQ1UtQVVHdVdmMnU1T2pyWUJ5VEhaS3hVNzM2UQ?oc=5
2026-05-27 03:00,TheStreet,pro.thestreet.com,Chart of the Day: Netflix Is Stuck While the Market Rallies,https://news.google.com/rss/articles/CBMimgFBVV95cUxPWi04M09JQzJzMWw1alV1R1lCY3dMRWF6LVY4ZlJiSDRIMVljQkFYY1JNTFVqdWNZYU0tenMyQ1o1a0NZVVUzc3dKUm5XVVpqZFlXNzZpelZYWDVfazNfVEg2Q3BPOUNyd0VCY3pvTUNidE5XSC1WaUY3a053TmU0cUhBMGFlNm4xNHBTcDlvakFuNDFBMVNjV3ZR?oc=5
2026-05-27 03:00,Yahoo Finance,finance.yahoo.com,Netflix vs. Apple: Which Streaming Giant Is the Better Buy Right Now?,https://news.google.com/rss/articles/CBMingFBVV95cUxQVDlhY1A3RUZvZmMzYlFSMVJrU2M5TFdvOFVXeWI4emhldFRzNm1RQjlUWDh6ajJVRFZGakcxTDVDR0ZEZnRwLXhCR3ItdFNqVnJtMGFMenZaZGJUenJNdFM4SGdZRTRTNkpOV1VRQ2ZfR2R0V0xIX2pRaWNYSUQ1WU5WX09uVlFKX1FOOHJ3X25YRno4U0FBUGRmVzlFZw?oc=5
2026-05-28 03:00,Seeking Alpha,seekingalpha.com,Missing This Netflix Bottom Will Haunt Your Portfolio For Years (Upgrade) (NASDAQ:NFLX),https://news.google.com/rss/articles/CBMisgFBVV95cUxOZWIybUxxZmFiX3pWckplSlJzMkZ6RkZOOGVWVFJWRjB4dHJlbHA1WXdNaWhvMXNzTDNBQTBIUHNlaUlGOV9Vdk1pUkhBZUVXNzBCck1jWnlqWVdxYWRNNEpDS0ZuSm5uYTBSdW9hREJrZzBnZW05VGo2OHg1VTFuYVJ1MjZrTVJ6MzVJdG9Db2NSOGhpdDVsWERiVXNWZjgwUC05clotQkhvV0JzYjNlN2hn?oc=5
2026-05-28 03:00,Seeking Alpha,seekingalpha.com,Netflix Is Still In A Bear Market And I Think The Market Is Wrong (NASDAQ:NFLX),https://news.google.com/rss/articles/CBMiqgFBVV95cUxNenNWaDJITTYzTDFPUkNqOXB2c2tuNkdybmk3ZDl4d3hGVmQ3Wk1FaFA1aWdRTDRFMWNCTnhkeUx2dTlIVTQ3WGFnZ194ODZuMGgwejV3Y3dMS21ob1dFWjdtcWptT0NySUlZT2pkdy1BSmdlZ1hqT1duNUdlZUdFaklUWUJtUVJuUlpibXhfX2t4Y1lHTU9BTGw5d2hXR0lZRVRhYzdULWJmZw?oc=5
2026-05-28 03:00,Seeking Alpha,seekingalpha.com,Netflix: Ad Empire Story Is Too Good To Ignore,https://news.google.com/rss/articles/CBMikwFBVV95cUxON1lQNElFZzFtU3ZIZmkxMWEyU2pELUVoMmJjSUlzYm1HUnktNUZIQ0R1cEd4ZGdCcTRQVUpZd2MxQVJMMnNySF9mZ2ZtMW9zV21VLW5jdlJraUp6TVhPS3l3VllFUEIxcEUxTUswaVlYaG56LU80U3lsbXFRaHFCUmFFZHdPS3lhRkZTR0Fibk1NanM?oc=5
2026-05-28 03:00,Yahoo Finance,finance.yahoo.com,Netflix Could Be One of the Market’s Biggest Comebacks With 250% Upside,https://news.google.com/rss/articles/CBMingFBVV95cUxPSjN4bXlfZnZHZFdmQlhWbTV4UEt3LXVnZy1qZ3RiM1Y1QlZncE56YWJYVHlTdnU3YTJfZHp4UEMwZkQyaEFSaHNkRF9fVks2OGZRNWg3b3YxbENwMWgwc0JvdlhNZkRWTlZ6SkJncEM0bjB2MTJCSTRzMzZJMTZfWnB6R0ExdDFvZXg3NG16NE02OFZlRmtjcWRWeHdTUQ?oc=5
2026-05-28 03:00,Yahoo Finance,finance.yahoo.com,Netflix's Ad Business Expansion Continues: More Upside Ahead?,https://news.google.com/rss/articles/CBMiqAFBVV95cUxNVGs2ZnlwcF9GcTBDZGlJbDlJbzJvSlJwLVk2alBzVGZXY0EyQTFLQWw3dVNvYURLX3FjQnAwTG5qWlZCaGpPeXhuYlJadlNGOF9uYWROZTBfTkRTZDREclRVTDlZSGdjbjE4Q0x1amNaMkFzWTZKTHR6Slp4amhZU1FnaDhRWkhtemhBWHRDSG4xWjgyWFpfVnRsaWozNlJqbTdYTXZFRTA?oc=5
2026-05-28 03:00,Yahoo Finance,finance.yahoo.com,Where Will Netflix Stock Be Next Year?,https://news.google.com/rss/articles/CBMikwFBVV95cUxNSU1VY1F3T0xXVVQ5Yk1aM2ZLWkh2T0N4WVEwSVFrUU9iY1lsX0ZpSW1jUkszaHBEdVZHSWxrYkp3Z1RHOHB1eS1yd0RPczYxaG1mc2xFSm1Cam1ZNGttbndKdEhzbnVkbExyajd3dURiajJBY0F4WUpaOGM3YVZmdlpyb3hhb1FKSEVyNEEwMlYwNjg?oc=5
2026-05-29 03:00,The Motley Fool,fool.com,3 Reasons to Buy Netflix Stock in June,https://news.google.com/rss/articles/CBMiiAFBVV95cUxQdXctSGgyS1hZSjNaS1VqSmpvR0dFTzNHcFhDNkxLbjhnSk5PaVNsSEhyblNVOU5QX0x6T041U3lEVGMyMncyQ3IwMU5tMGY0T1lNVEs4SWtjWTF0NXJMNUNzdkJHc1M3OFBEQ1BGZi1qbXFyTGlMa0xLS20zZXFiYmFjRnlJNjZo?oc=5
2026-05-29 03:00,The Motley Fool,fool.com,Is Netflix Stock an Undervalued Stock to Buy?,https://news.google.com/rss/articles/CBMikAFBVV95cUxOWElVeWpEV29zeEw5UmVsLWVoUXlJcUxrek51UUtwbUtQbHlNNXhYRFpGeVFSaXpTMl9kdmxhQVFSV3k4bEJod2Y4bnNXUEhsU2dYUkxIdm5DbmxOU0tDS0w4dGlfdm8tWXc2cXBOZGpiLV9QLVdiUmpJM1o1SWFPWmEzanJCRnJYUjE1bk1scXM?oc=5
2026-05-29 03:00,Yahoo Finance,finance.yahoo.com,How Is Netflix’s Stock Performance Compared to Other Entertainment Stocks?,https://news.google.com/rss/articles/CBMiqAFBVV95cUxPOWNFaWFxXzdUMGplTUNsYXVmYW9LZERPWTY0NnpaMWk4R0R5VnUzbU1pZTQxZW9SNjU0VmpoTVkxM0JJZDIyT2xaZ01lay1uYWhrU0d2NlFvdjdHV25QNGN1QkJUdE0yWVkzMzJqVVVhRkRGQzVnbWg1SGZiWHVGRlZtNGNwSzhidV84QjhVY203U1RRUkk0cEpUSUR2N3BQajlMaUVRc20?oc=5
2026-05-29 03:00,Yahoo Finance,finance.yahoo.com,Netflix Buys Affleck AI Startup InterPositive To Reshape Content Economics,https://news.google.com/rss/articles/CBMinAFBVV95cUxPNV91YlFCeTFqV3A3WUVoU0liaFhVcUUzSDFzcFM3LU8xSm9jOFI1cjNzR0RmRjBjbUpCekNWT2t4b2pIbmhtSGJGbEF5WnlvNHJQckhGTXVsZUJ0WjRoR1M5eWRiVmtTVlVPdFBMSFVydkxQLTUtc0tmVzgyRzhaeVZDbzE4cF82VjJGQm03aUxkYW9TY2ZtNnEyOF8?oc=5
2026-05-30 03:00,Yahoo Finance,finance.yahoo.com,"Netflix, Inc. (NFLX) Expands Consumer Products With New Partnerships and Strong Growth Outlook",https://news.google.com/rss/articles/CBMinwFBVV95cUxQTk05RnNKMTlaZDcyOXVkcFd1YkZvcVRwR01Vem9tY2o2bHMxWjdGLUc3LXVmejlkTUF3VFB2S3JvcEdCZXF4MHM3TS1oYmNWVUx1UXhCRzd4SFlRdFBLZ05PTGxOQ3NGSzM3R21jTVlfZ3ZHczM1cE5WUm85bzlIdjdwTkZLaDZ5eGhIaE5kcHMxdVV6SDNTQTNuWnVLYXM?oc=5
2026-05-31 03:00,Yahoo Finance,finance.yahoo.com,Netflix Turns Wonka And Young MacDonald Into New Franchise Revenue Stream,https://news.google.com/rss/articles/CBMiogFBVV95cUxPNTU2dGFOZnc0enB1eDRUVlJBX1BuaXh3RmNOUkhCMGxlSEdzQWxnTWR5c1h1akJZUThVQXYybDNuVzJQSS1PU1JjVTdRSWxDYnh4dl9Kd1VpSmt5LS1Wa0toTkt6b2hPbzZYbnU3T1p2b1dSbnhWand4VllxcDlZTnIxZUN2a3JhVm53dWNtWjVpRU5ISjRJQUk3Tm9OX0dCUUE?oc=5
2026-06-01 03:00,Business Insider,businessinsider.com,10 stocks the 'smart money' has been buying while the Iran war rattles markets,https://news.google.com/rss/articles/CBMikwFBVV95cUxPelpnSTN2NjR5T2dqUXRGYWF6TjRGbVlyWFBYc181Y1RPdS1ERGxFMmt0bUFXN3V5eUR2LTZrQTNPR0x4MHNRRmdaUUprazZmOThiTERwMy1BZ3BjMHdVV2lHMGhuRWNpQ3A3eHdOOTRBcHBPZEh3YkhfUzdxQThORmptLXIyaTN0djJXdDdVYjdIa0k?oc=5
2026-06-01 03:00,Yahoo Finance,yahoo.com,Netflix Cancels Animated Series 'Strip Law' After One Season: Creator Shares Final Secrets,https://news.google.com/rss/articles/CBMiogFBVV95cUxNc09kVkJCUTJkX3o1dXU1Y3J6OWt2U2NyNVlsTk5LSElHQmJNa3VqeHNsbXRjUXRnSUJUTHFyQWdpcnZSODhfT3laUEFwOGNQdVd3QjVzWjlGMFVkQVZ3cjhyNzRJLU1PaUxQdXhmeEhyY3l0cXJJdWVCSGtpaWdLLTEzT2xEUWRFSUhTWEJpbV9ENUZnVEZ6bUhzNDVVb05KWVE?oc=5
2026-06-02 03:00,The Motley Fool,fool.com,Has Netflix Become More of a Value Stock Than a Growth Stock?,https://news.google.com/rss/articles/CBMimAFBVV95cUxNYjNWanlCODQ0djdWeW9yci0waERLN1lyVUVCM2lkQmNwaW9yLU14X2tkT3pqcEZiVDNGTkVVNlJpWUtPWEdqeXJZRUdRODNvNEpVVEZBeEdTMFdVcWdLb1NpeUFjZDNCRDNwUUZzc2JzZXRTUmQzWV8tNG9FMnpvUmdFY29MenFiNVJ4QUJ0LWhaQlVFN3pzOQ?oc=5
2026-06-02 03:00,The Motley Fool,fool.com,Why Did Netflix Stock Fall Even Though the Business Kept Growing?,https://news.google.com/rss/articles/CBMikgFBVV95cUxOSWdOb2lTTUdxZzBrSHhyWHU1N2FYaURJZ3J1Y2M5Q2JfRVdLQUFNTXZ2ZnFmOHNRVEVOSnJPdlpOVC1mM19DeU9XUEd5NDFYMWJ0N1ZWajVNRnh3QkI5QUZ2RTY4d1NhTUJhLVdVY2JKSnJXZHRvN3M3N1Z0QW54VzVGZXJOSlJCQV84Q0lXaDRaQQ?oc=5
2026-06-02 03:00,Yahoo Finance,finance.yahoo.com,A Look At Netflix (NFLX) Valuation As Live Content And Franchise Deals Broaden Its Business Model,https://news.google.com/rss/articles/CBMingFBVV95cUxNSWc5YVNCZmx1NGNFMzB1dnlzdlRiRXJvdEZxaEYxMUlrcUZmaUlLNWJ5WHk5SXVnYnlaRWY4YkxkeWNETWZTd0FlMTFHRFJUYmpvSl81aWY2VUZkOWZlM0RxSlJ2bkJsSENhSWxsZ3ZTd3dkdlhMN3dPZWxXT3J3a0NEbElOeVY4Z054SmQ5RmFYT0VsMGJidHpNU3VRdw?oc=5
2026-06-02 03:00,Yahoo Finance,finance.yahoo.com,Netflix (NFLX) Stock Falls Amid Market Uptick: What Investors Need to Know,https://news.google.com/rss/articles/CBMimgFBVV95cUxORGZPSzk4RnVxcGMwRGVsdUV5RG1CRmU5UkVhRzNWV1RIZklRR0gyMWZ0TGJEY0kxdjIyR2ZoWWNXY2NuNWY2dDhJejZFVVFWbnI0cVF3Nk40LVJrMWNJWmRqajNlV2Rsc01jUzNtZUwyZmdWd3ZFZUFvTEtydmpkeGxfQ0hXNm9TUG9OVFVUbThURWRkR0dqWU9n?oc=5
2026-06-02 03:00,Yahoo Finance,finance.yahoo.com,"Netflix Nearing 52-Week Low: Buy, Sell or Hold?",https://news.google.com/rss/articles/CBMilwFBVV95cUxOcWhzLUNETmM2aHRicndDU2JYWWJyZ2VhY2JSMWJnVmlOT1M2SVIzS2lkLUVZQWF3N0tlTnRnNTN6YUI1cGVXWlA1S0pxbC10VERlemFxbkNEX2VqT3hLQmZHV1gxMlgxa0NtYm1XdDFNc040NjBXLUttX3U5NENpUWpkVTlKNW5TWDRyZWQ3RE1LZUlsX2d3?oc=5
2026-06-03 03:00,Barron's,barrons.com,Netflix Stock Is on Pace for Its Longest Losing Streak Since 2022,https://news.google.com/rss/articles/CBMiggFBVV95cUxOUDF4eW9WRm1kVFVfUG5USW03bmpMekV6T0JNdXlkTl8yOWJKWVlZRzgyejczMVA3bTBhNlVOVVAzSUJTNmZrOXFCTFg5ZGpUcU1vdXJyQ2hONUozcUZjN3Z0U19KemhIV2wzdE5QUVNJZ0JKR3ducHZkRFVBNHJwa3J3?oc=5
2026-06-03 03:00,Bloomberg,bloomberg.com,"Canada Backs Off Plan to Force Netflix, Disney to Spend More",https://news.google.com/rss/articles/CBMirwFBVV95cUxPNmpfNXF0UWtCT2ZwdkNob0xwOFh0OWhSVmJzTkhrbG96YmczQ0pwQkxNVE9tS0UzLXJQX24yaE5KeXQzWHNTcnlpel8xb3RkUjMxZGZTNUs5UUxVSzZkanhQTzV1NGdCV2NCdDg4S25JMF9MSE9tTkdaWGxYTmhIT1FkSy1Mc3hNWWxhSWtmYnZ5MWN4eTdUQU5sczBYd0NGMTJOeGIweDRYQXM0U2pB?oc=5
2026-06-03 03:00,The Motley Fool,fool.com,"If You'd Invested $10,000 in Netflix Stock 10 Years Ago, Here's How Much You'd Have Today",https://news.google.com/rss/articles/CBMimAFBVV95cUxNRTgtM1AzLS1GTmxfejd1VEp6ZWdTNjhXYm5QQm1qOHQ5UXpGR2gyWlhUUkFBWmZLR1RuWGxFcXVXUFdNQWNKWGM1Y2hYTFoyNGVpZ3BXNUFnaVVVRFVsdlctbTc0N2dLM0NnOHFFMVBsTHYyOXRzUzAtSEUtd1czTTZoU2tCTWhDREd4SmM5aVl1X05mWXFMUg?oc=5
2026-06-03 03:00,Yahoo Finance,finance.yahoo.com,"Amid the Artificial Intelligence (AI) Bonanza, Investors Might be Overlooking a Big Opportunity to Buy Netflix Stock",https://news.google.com/rss/articles/CBMipwFBVV95cUxOcjRBcnNCUjVQV1FaamE5R0FnMUd0VEFHUGl3TGloUUcxeEk1bGZPczNjRGx0RE5SaVJjMjM2bmU3VUZIajJjRVZZNlc1QWZmSTRrRVZyaUhpa1dWUWNxWmI0OWswa1lQLU92VUtFdTFVdjJTQzZTVGFSeVhOQUd4RUF3aGNId05lc2Uzdk9neld4cEtpLXZ6MklwZXlzcVFaa0IwTFBnZw?oc=5
2026-06-03 03:00,Yahoo Finance,finance.yahoo.com,Meta vs. Netflix: Which One Deserves Your Retirement Capital Today?,https://news.google.com/rss/articles/CBMimAFBVV95cUxOcXpFa3FWdHYtcll2ZzBmdWl6YzVDbmJBSU03LWJpWTBfV1NodFpIeDBMQjhia0JJZFNmWDZMSkpoUm1NRG1qVE1uWmhBLTFyUmJFeEYzT21Lc3VmWWJiN2ZBVWh5T0RFX0tSem5ULXBHOERiM05wY3hzOGRNNlZNQVZobndEV3hKOE5xQ1hQcEktMG5RSGNOTw?oc=5
2026-06-04 03:00,Barron's,barrons.com,Netflix Stock Rises After Eight-Day Losing Streak. What’s Fueling the Move.,https://news.google.com/rss/articles/CBMid0FVX3lxTFB2TklKMDlxSGg3UWJma1NUUm1PTG9XdVZ4SHhnOFVCdDdzU1EtUXRHMllIWHl5TWRwd3dZeXNDVnZaZWZLdEM5bDBKOEc5LVBmSUgtMzVFOE5OYTE2akVUaXBJV3JVMERub3A1cjFlblp0OVllN3Jn?oc=5
2026-06-04 03:00,Investing.com,investing.com,Netflix stock rating maintained at Outperform by Bernstein on business model strength,https://news.google.com/rss/articles/CBMi3gFBVV95cUxNb0tZQnpDY3JhejVyLTdYSXRUQzZSS3BDTHAwNkdQU2x5YlRxblJQMUQwd1pibXIxSWdBdTZ6bFpvZUVIVUVScDhQXzhVWk9pMi1JZmNlbnlDdERKOTI5UUdPa1VKclZPd3dfdDk2aUFES0JKRnFzbHN5VGE1ZmJWbVRNNzNQWHg1WnBDb0JMd3dvM1lBSlRGRVVEdlgyQ25ieUUwTG9XbHhPbENzTjBpX09mS3RJTksxaHdUSGM1MHIxWHdRM2RzWFdmZHFHSDdkSkZoQjhFbmNyclZHaGc?oc=5
2026-06-04 03:00,Investor's Business Daily,investors.com,Netflix Stock Under Pressure Sets Up This Trade To Profit From Weakness,https://news.google.com/rss/articles/CBMiswFBVV95cUxQNUpsbXJFY2lfR2JsYy1uNk9jQnB5QVdQUkI2bzVEYl9XQ21wWTh4NktNWWhFZmgxTGs2SEpJZUlnaHBxZ1R0TFl4UU5Tazg5Y1Z2WlFzdUFEODZ0UGdiRlNZcjFkTVlYM2Y2OTRfc0N3TTM2Slh4Nk9EaXpUeVNodzFlUklXQmJ1MUc3VUxSbmFzZmRfcGVBdXZWRUpZaHMxT282WmxBX29iemV3RGpxZ1NmRQ?oc=5
2026-06-04 03:00,MarketWatch,marketwatch.com,Netflix investors are getting squeamish as Amazon makes inroads in the battle for streaming dominance,https://news.google.com/rss/articles/CBMi3AFBVV95cUxPcHNnSzFBaG1Wd0lMbzhLUUZkNkl5MnFmUVNJS0Z4VFlVcnJDSklPRnN1NFZXMFBNYkw4VE9zMl9XVjhYQ2dKeEljSFdnWUZvN0Z4XzhtMGJwQ1gtT0lLaFJqU1ZGUHFxVFBiRDdBeEVCazB5TDM3Z3dzM3YxdGt4WExJcUtkUlNqZFpIMEp2aDRxRHBEUDV3U3g1a0EzYnlnZ1phcTBVbnJwZHhqbG1zWVNaQVBZalJMQ0pUQ2hxTXJDYm9xMnVBY250SkVQcWQtQjFCWnRBV1hnMTJV?oc=5
2026-06-04 03:00,Yahoo Finance,finance.yahoo.com,Spotify vs. Netflix: Which Streaming Stock Deserves Your Retirement Capital?,https://news.google.com/rss/articles/CBMioAFBVV95cUxQRTgxSW94NlVhcTlZbXlMR1F3SmZnTVlKbW9sVk55anlCSlRBRzRaZTdkR3pXVlBPb2NrckpuWlFLQ1VaMFNwdm1WcGNRaFh5S3I0WjNGbnhkYjJ0VXdNdUF3ZW5RWkJWdzM4bkE5X1ZRXzdDdGNFeVNLZW1lT0xQc0xkcWFWLTltRV92YklpZGYwNVBZLTJvUHpYZFlrUzVO?oc=5
2026-06-05 03:00,The Motley Fool,fool.com,2 Growth Stocks to Invest $500 in Right Now,https://news.google.com/rss/articles/CBMijgFBVV95cUxNbVNQMlhEcnR6a1BfU2w3bVlrZUxlWmo1WXhpMkxmQWhySHFRQzI1OEh6cnJPTEVJeWc5NVBlMVp4ZWJGTWJQbENYckkzdThhUF9GaTgyZ3BvMDZyNGVIcklvVTF6Qk1EVUpJWDNtZlpVd2NNbmNrako0eWNlT2NyMllPaHZvTEV4a3pFeWZR?oc=5
2026-06-05 03:00,Yahoo Finance,finance.yahoo.com,Has Netflix (NFLX) Become A Potential Opportunity After Its Recent Share Price Slump?,https://news.google.com/rss/articles/CBMiqgFBVV95cUxNSjIzSWZtczhYV1J1VDRxTmxNYW0xUkw2NkljcnE5ZHNWNVNPUXgteWwzb2pnOGZhbzdLN1Y1WDRVTVZyc3dxLTdtVmFNcXVHYVNoa3FrYk5uaENaSEhxSTdSZzE0bFFBek1xM1pmanQ4T09nU3FsZFBpN3JnZWQ1ZzVXcURLSFJwM0kxVDRzb2VlVGtiRHV4Tmk5N3FhU2xKdjJCUmhqR194dw?oc=5
2026-06-05 03:00,Yahoo Finance,finance.yahoo.com,"Is Trending Stock Netflix, Inc. (NFLX) a Buy Now?",https://news.google.com/rss/articles/CBMinAFBVV95cUxNNzltckI2OGJ5bWJmOXQ3NGNGc1R4V3ZiQngxYi00N0dDdzNNU0JIYWZfaVBSNE5ld0F1b0lwLTRYNXYza2M1SUFYWWRyZkZmTXNYQkJSM01lS040Tm82b2JfNzlNdVU0WlN2RHZxMEY0MFJEYnk3NVU0aWVaQVhwYWRVdXVSd3B1MVJaS3V6VWNVeHl6emdBd0NZWkQ?oc=5
2026-06-05 03:00,Yahoo Finance,finance.yahoo.com,"Netflix names longtime director Jay Hoag as chairman, succeeding Reed Hastings",https://news.google.com/rss/articles/CBMiogFBVV95cUxPZnNqbk5aak1iRUhzTWZWM0Z4UFM2SEdoUF9LZFQyMFpSeEUtakN1MHpfc2VHQkE4Rk1UZVpZYXhWY3pEak9oNlNxTG51S2FlRkQ1WU8zV3Y5UU1odWw5OGVkVkRuRk56clNrcWJ6ZUhhbWgzVVFuWDRvOGNMTFVwU21oRExCSjlEYnA0WmNCTFpEMkxfYk02eGVXMGtVREFpSWc?oc=5
2026-06-05 03:00,Yahoo Finance,finance.yahoo.com,Netflix vs. Disney: Which Streaming Stock Is the Better Long-Term Hold?,https://news.google.com/rss/articles/CBMinwFBVV95cUxQOWVKaE1yM19uSjlncHhsSl9Ba0cybi1xM3lrcnJnVDBobU1Id1hDRXdsOFFGTWczVGF0Tmd2czgwdl9acnJjOTZIdFh6SDFzQUY2MGdNd2N3b2tNY3JvSnlqY3hLVURYMXVGUGRaeUQwMjR4LUlZMGswVTlHV1paNDhxc0ZyZGF3SWNLeFF0ZVNKQ3JMaDRsNXlTdGNVQ0k?oc=5
2026-06-05 03:00,Yahoo Finance,finance.yahoo.com,Wall Street Bulls Look Optimistic About Netflix (NFLX): Should You Buy?,https://news.google.com/rss/articles/CBMinwFBVV95cUxQYVhBcnFOVGthek5rRnlkQTlPaUZ1XzRKN0dSeHZCQ2JmUGFEaFF3Nnc5T0ZZcWJjcG82TzJqTEVKSnJlX2dsOHNOa3Zqa1ZJZmUyVGpNcmNIeGtsVXJ5dnpXem45Wkd3RDVac1gxVE9WeE5teVgxY0pGdy1JU2EtQjVkYUY1cnNIOHRBS080LWpBM3l1LVQxWVRpOUY1aEU?oc=5
2026-06-05 03:00,Yahoo Finance,sg.finance.yahoo.com,Netflix picks investor Jay Hoag as chairman after Hastings,https://news.google.com/rss/articles/CBMihwFBVV95cUxNdHNEWWhaaWdQaGE4NTdsX1A2SVJTZXBPZGJ2WUd6b2dHUDhrQUpZS2tHM0pXYVkwREtKVjI3MXZtaGJPVEJsMXlFa2xsOWdvVjE0bmRQcl9idDR4Vk0tc0VBb1pIbmNVdC1LalVBZDJ0QUc1cXhnTi1mMThGWHRVV2RCYnN5Mjg?oc=5
2026-06-05 03:00,Zacks,zacks.com,2 Non-AI Tech Stocks to Buy Now for 40%+ Upside as the Nasdaq Tanks,https://news.google.com/rss/articles/CBMiqgFBVV95cUxNM3FPYlhDb3FNd3AyZ215dWJDNGN4a1FNbDFRR1h6dlh1LVlFV2pRVjI2TVZqb01fUThqQU9vMWE4VlZlbGRNMHBqOXAxekZKR0swdWNkM3ZfVlhrX0o2Q1BEZF8tREJmZ05VSldpSk1hUHlLa3A3aW51eXdlV3VsdGk5TlBtSGpnV2dXUXVCYmVnTjFRekk2dnZGZUQ1dDJVUWFxVTNkWjNfQQ?oc=5
2026-06-06 03:00,Yahoo Finance,finance.yahoo.com,Is Netflix (NFLX) One of the Best Quality Growth Stocks to Buy?,https://news.google.com/rss/articles/CBMimgFBVV95cUxNb2VHTXQxYXFUUFJtV0xGN0NxQmw4UUUyU3ZPY0UxbGJIYndFMzFtMGRqVWJraDBoU2FoZXhmM1lWWVh6d3pKQVdBMk9YZDdMNGpPbWxaSTFfUE1MM0xHSmR0NThUal9kQU9ES0RGdXE0cXJwZ0g5d2lEQjRNRGtoakNBc3Z3TVVEWWtRU3FqSXVGSEIyRzRHV2V3?oc=5
2026-06-07 03:00,Yahoo Finance,finance.yahoo.com,Netflix’s Underperforming Stock Needs a New Story. It Can’t Be AI.,https://news.google.com/rss/articles/CBMiqgFBVV95cUxQNzlBQTFIaWhSN01Ga0VZTW85SnFIWmVaVEZpRHl0NUs4N0lLU2ttYWhrXzM1YkxNbEpQcEh6R1hzMDA5UkNMcmlTLTVpbG94SkRELU5SLW91OXlNT0xkSnluQXJVLW1qc0lfNWdOYVFpdEE0UDhOOUpTUjh3RTl6cDQyU3NObVFKenVuNV9ndllnUjRtZWR6TE9DdFFiMDNLcjN2ZEtFOUo5QQ?oc=5
2026-06-08 03:00,The Motley Fool,fool.com,Will Netflix Become a Trillion-Dollar Stock by 2030?,https://news.google.com/rss/articles/CBMilwFBVV95cUxPcnVPT0pHVG9DRmw3OUJYV1dyNzZkeFl0eE5wQTAtRGlnLWFzdDFzc2Zrejg4VkFILVluX0VPeVN6S2lvbHNsR2dTNkQ5RWJzYk1DNUFKaWF1RF9WNl9KVkpFRFU1UllrOGQyTUJoNldsbFNJanVEc1FKSXhxUGFqaFFrUlI5Vm5Yd0lyWXJIRndSWUZXV1lr?oc=5
2026-06-08 03:00,TheStreet,pro.thestreet.com,Netflix Shares Get Ready to Pop While Bond Prices Drop,https://news.google.com/rss/articles/CBMilwFBVV95cUxQN05hYnU0WlIzQnBkcXVfby1kdzE3T0RRMG01VUt2ejlBSFFqbXFYQmxKTXNncHp4dlk0dVVyRDZOMi15VG5fVE5mVlltbWhfa3hGR1JHUUNpV2pQT0VZVW1zUk0wNXkwZWRMa3BqVF9JR0hFQjJUYTY1OHczellINVZKRUFQOVpjdURCbGFGQzI5VDBkdGRn?oc=5
2026-06-08 03:00,Yahoo Finance,finance.yahoo.com,Here’s Why Netflix (NFLX) Is One of the Best Blue Chip Stocks Under $100 to Buy Now,https://news.google.com/rss/articles/CBMilAFBVV95cUxNOWszZV9WWDVNeF95Mmx6ZDdRaW4tYzhKWEhwSE92M3JUa2VsOVVQaHViN2lBYVV0RlFKU2JsS21xakdNa1NQQUJQVHdBNzBGdGV6Z1FQU0JqRVdMUkdUcVByZk10VkRncUw0cUVmYVUzX0tYOXZFNlVPbVhxYVYzYW10czZYbzRRRWtTaFBBczljWHdh?oc=5
2026-06-08 03:00,Yahoo Finance,finance.yahoo.com,Netflix Board Shift Puts Jay Hoag At Center Of Investor Oversight,https://news.google.com/rss/articles/CBMimAFBVV95cUxNdlU3eEY2dnNlZEhyWE1hRlhaaVNvc3YtSnNCcVZuY05jcS1MSGNhcnJJczlCaC1RV2I0STJWU29zWHM2dWJUcEt0cWNZaE5CWDl4Qno3WGlkcFVzT2lTaGFFaDRWZkVWQVNQTkd5WlZaMDlnMlk0TER3SlNKenhUbldTcVJOSHNGWjY2LVpWcmZjeURXTXUyRg?oc=5
2026-06-08 03:00,Yahoo Finance,uk.news.yahoo.com,'Lupin' Season 4: Netflix Shares Premiere Date for Popular Series,https://news.google.com/rss/articles/CBMiekFVX3lxTE5fV2dicGlibDQ0aHh2dmRBVEJCeTVVVVpXa0FrRVBGd25wUkhQYzNIRkZYeHl6bG5WVlVSZ0xOb3NzSFkyMjFCTmN3QVp2dS1UaGdTaTVidUhtM3NpVHdBdndZUTJTUEJadEtPRHFhREhLczg3YWktWWZ3?oc=5
2026-06-09 03:00,The Motley Fool,fool.com,Is The Trade Desk Still Investable as the Internet Closes?,https://news.google.com/rss/articles/CBMimAFBVV95cUxNZ3VZU3RQdi1kUExzbnFZdlllaE01T0VuV243T08xOEhIeWFWdEdvSi1wTVUxLUFIR3JBNG1yUXY4U2ZWd1p3b2pmemZyYmNZUmQ0NFN5RzZaQ01odzZSSFpsTXdWTWgzbFVhdlNqTEp6QVlVLVA3aGlpcWRrZDQzN1paTWIyWlFRZmZ1a3dFNlZQQ3djZV9lUw?oc=5
2026-06-09 03:00,TheStreet,pro.thestreet.com,Chart of the Day: Netflix Continues to ‘Stream’ Lower,https://news.google.com/rss/articles/CBMijwFBVV95cUxPUXpmMVlibWlUenVWZ2piWkdTWFQxbmxtU3VaUlloX3RVand5UFM4TDFXT1prc3dFMmFtek5DQmcyZUtEcWNHek94LTh6Z0tZQTkwTTJteS1pa1FSQU5vQU5yNFJUZHJCT2pwbi1tYUlMVEpxNFNMTS1lY3R2NUQ3dDBSRXd4cy1JMUdpdkp5aw?oc=5
2026-06-09 03:00,Yahoo Finance,finance.yahoo.com,Netflix (NFLX) Suffers a Larger Drop Than the General Market: Key Insights,https://news.google.com/rss/articles/CBMingFBVV95cUxQdEN1bW5lSGdMc1U2djNvNFRacjh6MnlKamxXNFlzNHhFRUZSVHBaLWFGQmNOeXp5XzNOZHB5b1NnWll2UVZYVlZIVmJiU29vUUdzTnV6eVdvRHNVcDVwNnl4OWFEbnZ6bEIwTzl5Nm53azhla1Vhcm1Tb25oUlRGZENucEZNbGJUQXJnaDJEdDdEdkxoaTdoaWtuZVRMdw?oc=5
2026-06-09 03:00,Yahoo Finance,finance.yahoo.com,Netflix Rewarded Patient Investors But the Last 12 Months Exposed Two Potential Outcomes,https://news.google.com/rss/articles/CBMipwFBVV95cUxQb2ljYk1NcEhqZnMteDNidksyOHRRd1RjY3Joa2JsV2dvNmxsTmU5cFNkbjl0alB6XzNQOVE2TDluWU5WQVduRjN0ZUpHal84c0lFci1ENnJxSFhKbkNuMVEyQ1I2ME9rdEZDbC05djNMdk1TWjZFOEdNTDUzVTduVXphVDRrTHlqRlRqa2dxRHQ0TkJwd1loSXhEdU9td290a05tbWdraw?oc=5
2026-06-09 03:00,Yahoo Finance,finance.yahoo.com,"Zacks Investment Ideas feature highlights: SOXX, Uber Technologies and Netflix",https://news.google.com/rss/articles/CBMiqgFBVV95cUxQMEpUd2ZIYWZxc3ZYMkNZRnpJRVpRVTl3cUJxVWRKOHVSTGMyUmhPelppOWM0Mk9xLTI3MzIwVFdBQzdlOTc3b21sWDFETDlXcDdmSnpLWHByRnRoSWdVZ1Bza3Baejc4cmczd1VSMmd2OUw3TlVmT0Jaa0wzaUM3TGV0Z2hvclNqY3JEWE9LSHlSZnZ1NFR4Z2JZMGRsV2xFbm9xc0hReVd5QQ?oc=5
2026-06-10 03:00,Barron's,barrons.com,Netflix Stock Has Been a Disappointment. Social Media Laws Can Help It Bounce Back.,https://news.google.com/rss/articles/CBMifkFVX3lxTFBTVTlmSlVjNVp0QkZVbl9iWkVPZkI3eEM3OUlpSWxlYTdOa3NDUGEyTzdETmtuVG1wSkVuVVI1cmd5SmNzRkNNd3Y1WDdUTy1odF9Qcy11TEh0V2hGSjBXUnNBZXRCR0EybXJKVlJra2RDcXJxQkdLZFFqbDdyZw?oc=5
2026-06-10 03:00,CNBC,cnbc.com,"Calls of the Day: Illumina, Netflix and REITs",https://news.google.com/rss/articles/CBMijwFBVV95cUxOVC1RX2E0SWVmMTFuN0xGOU9TTXFJd2hrS1lNMktvN1otQ1FTbXM0N25xaDZfZzhIYk1DZkZUT3E0VXdUM0VRdXlEVjBLN1J2RHlvbDRWU25neTE4cDZzMFdrbkhGVVdZLXVJc0VhWmlWRXZVUGVHNlRHU0hjOEYwZkdYeDN6bkhuaFMzLXlsRQ?oc=5
2026-06-10 03:00,CNBC,cnbc.com,"Here are Wednesday's biggest analyst calls: Nvidia, Tesla, Cava, Netflix, Chipotle, Pfizer, Nike, SharkNinja & more",https://news.google.com/rss/articles/CBMilAFBVV95cUxNalFlMTB2RGhkV2E3bDQtT2I2QWZ0ZzRfV281OTg5Ul93WEljWVNna3VXX1c3NThfOVVhbkl6cmRTT3l5cnEtWUdJUXpsY3ZuNUMtWjNBcm9VbDlRUm9FOXpyamUxaTQxOFV0anhaUWZtVFFBMUFqZjRiRVdOYW51ZFFiamtDU05IR05XUkVVRXd5d19T?oc=5
2026-06-11 03:00,Investing.com,investing.com,Netflix forecast to reach 400 million subscribers by 2031,https://news.google.com/rss/articles/CBMitAFBVV95cUxOM1I5Q0lVQUgtUFV2Uy1fQmJUX1J3MFhwd1loMk9NWWhPMHVhU2ZkSzA1N25FT2hHbEhDbElhOVVMVzJMMVdMNWVSSTdCQVNMR25MYmFsdmIwZ0wyUFVOejU1Y0FId2JuanJjUjNud2hCSnFYV3VJNExNZzMwV3lyYmh1Ny15WUUybnNMX29SRXdOMlMxUVJmdW1sRUJmYzhXMW8wMTRLVFhfOWMtcGFXUDkxNDI?oc=5
2026-06-11 03:00,The Motley Fool,fool.com,"Netflix Is Down 12% in 2026, While Roku Is Up 11%. Which Streaming Stock Is the Better Buy in June?",https://news.google.com/rss/articles/CBMikwFBVV95cUxNdm8xcEpXNUlvNWJVRVBBVjBPTGpESWZ4anR0bWFjWUxRcFpucUpOTmk1aTI5N1h6c2N0UVAxNlF6MzUySU5wOVVNR3FRdVpmbDBtaUtZNFVfRmpzX19qOE9CV2FVMllpak1WZXc0Q0NMdEhmdTR1SmFDdjFHOFFxQjRuQ1AxUnRCb0U3WDctbHMtMDA?oc=5
2026-06-11 03:00,Yahoo Finance,finance.yahoo.com,Netflix (NFLX): 10 Best Stocks to Buy Now For Next 3 Months,https://news.google.com/rss/articles/CBMilwFBVV95cUxNZHg4dWJzeGgtemtTajBaTkZXNURHREprbFM2WE50Sk1qSnpOcDNxR3kyeGwtYlE0aFRfbC15cmNyTUkzaHJYNnk0T2F5S2lTSzBYMHNLektuNjBoS2VGRkxpZXFPbDY1OE5nazBVbGZuMnNGdmdmWHFDNW4zR1p4WkllMjZNRFlKUk43cGdXQ3Q3WFoyTkNJ?oc=5
2026-06-12 03:00,Seeking Alpha,seekingalpha.com,Netflix: A High-Quality Compounder Back On Sale,https://news.google.com/rss/articles/CBMikAFBVV95cUxPSG5ZWkFqVS11NHg2WjVuWVhjZ3BPREFTLU5ZcVl1MENreWVGTUNOeE5jUnQ4cEZ0QmRZM1ozLTZsemFFb05YeDZ1OEFramttd3ZWR2trMS1rS3ZMVlM2Qk5QdnpZM3ItTzR3a0hHYkdMc1hMdVJDenYweGxDaGstZG5vSnBMSVNQVGZXMjdUeWQ?oc=5
2026-06-12 03:00,Yahoo Finance,finance.yahoo.com,Here’s What Dragging Netflix (NFLX) Down,https://news.google.com/rss/articles/CBMilgFBVV95cUxQSjBMeVNZMXJGZlBOSTFpcnJXbHRFaUpIR080RUliUm42MGhOQkpmRzd6MzdfUGMtVGhVTktZY1B2NkFRYnRQdVpPUlVSb0ZVT2Y3NmQzMUtvRTV4MnRoRXBCMnNBcU9BNDlmZ3pBZkNuemxjSTVDUS0yelowdGlFVndPNUlrWC1YVFhNbTFBVDRPQ0Zic0E?oc=5
2026-06-12 03:00,Yahoo Finance,finance.yahoo.com,Jim Cramer Says “I Want to Buy Netflix”,https://news.google.com/rss/articles/CBMikwFBVV95cUxQN1hmd3BiOUl2VnFEeEJnMGxVWGtEcG9RbTFjVV96LWJxWmxMcmxqRk16dGVlRmt2WGhtdjV4X3hfR2F4QXYyYlFqbzlkNlhXZlVjS0pMN3JUY2FkY1pIczNWb0NucmpVUDJzekw2UmxRbzBrOTFoNVdaS1laQkxBcTNPNElyWDhGbW5sQm1nQzh1ZDg?oc=5
2026-06-14 03:00,Yahoo Finance,finance.yahoo.com,NFLX Stock Is Down 40% From All-Time High: Are Retail Investors Buying The Dip Or Leaving Battered Streamer?,https://news.google.com/rss/articles/CBMikgFBVV95cUxNd0xvRlZOalB5Z19KMnREQzVkbjBzbTczUGZoT285XzFLWC1vU3ZoeWxzYkZCUnktRWtjVEg0VE5QTXZsd2tSZ3VGZVZaVXpVQWFVRFg4X3d1cnZqREpOaWRpSHM1c0RyalhNdDlzVk5OTHgtTkl0bHZlTjlOWDlxMVgzeW4yaHBtNHBSUlhoV25IUQ?oc=5
2026-06-15 03:00,Business Insider,businessinsider.com,This chart shows how Fox buying Roku could create a media giant with more US TV viewership than Netflix,https://news.google.com/rss/articles/CBMiqgFBVV95cUxNamVBbVREMHlnSFppdVY4NW9FZkY4cGpGQkNGc3c5VlBSbkM1cGJQVXIyTWtxeGxWY1JHVDV6WEk2NVY0YXlqNkhzRFpYQ3pVSHE3Tm9fV1I4aDlxNHl1RXp1MmdxWHhCZnhEMC1jWDNmcjFNck1hSlItSEZSR0NpWVh6ZjRoM2kwclB4ZWc3YW45THFUQ3dxdDhYbC1FTnJ3a0VKLWFVQUo4Zw?oc=5
2026-06-15 03:00,The Motley Fool,fool.com,5 Potential Buyers of Roku That Actually Make Sense,https://news.google.com/rss/articles/CBMimAFBVV95cUxPRU42VUVaZURBUVJEMUluaEhLYWR0MjBIemVyTHpJck4xd3VwQ09vNGJ4Z2NDNTdGRDZfSFl5OFNDTFJtdGEtNmdYUmxMZUhnWGphMllxdFQ3Uk5vMGV1SS01T1JtZVVIb2liSzBkX3ozWjJIY0lOWm90cmVVOHY2NVdjMy1rdTRlS3FjV2F5eUY2Um1nMlUyMw?oc=5
2026-06-15 03:00,Yahoo Finance,finance.yahoo.com,"Buy, Hold, or Sell: Dropping 39% From Its All-Time High Under a Hawkish New Fed, Is Netflix an Absolute Buy at $81?",https://news.google.com/rss/articles/CBMilAFBVV95cUxORXZrMHMtWktBTklYQTJiVGV6TWgwVXpFRUZyb0FyWEVaN09uT01JRGMwZVlEV3lHVzBKYV9MbUxQaWpRSnVUeWJOQUNKdlZINWJFeUUyMnJ6ZmlxT3cwMFpyNnczNXJValFtQkxGcFhYZHFtbHpfQVQ2Y3YxTGd0WGZfNFQ1Q0pDVkxmWXJwSnBkT0J6?oc=5
2026-06-15 03:00,Yahoo Finance,finance.yahoo.com,Netflix Leans Into Live Podcasts As Shares Trade Below Targets,https://news.google.com/rss/articles/CBMioAFBVV95cUxOblotUlRiMkhtZW9VcTJaaVZCUHVZdk85aDU3TFJYdzBHN0lUdjd3Y0F4V1FUVWxMQnkyaVllR05US2ZXX2FOekVGR2FNUVEybTV0dXlsdF9CZmdqTWVLbkVKUkVFdExTWkYzTlp4TC1ZeW45US11WnVialZELTlFdnFjSXViaURzM1JOQ0FPb2tLOVdldVlWTWRSUEhmSHBX?oc=5
2026-06-15 03:00,Yahoo Finance,finance.yahoo.com,Netflix to Announce Second Quarter 2026 Financial Results,https://news.google.com/rss/articles/CBMiowFBVV95cUxPUmZDZ3pvY1F2UmdZbG5LQTNtWVhvSEtRTWtMZHhXLTM4SlJHUndlUXNWTzZsa1RTSHdlUkExQ19YVkd4dlotMkp4Wk5NWmJjbEsyRzJoX3VaSE15LTFSajEwakx3anJ3eERIakpTN1oxMllNMVd1Wlk3bGY4S1RjZ1BPT2FVSFhOd3g4WGhSclhPbnVDd1Y3ZTVDR0RBNklnQjRv?oc=5
2026-06-15 03:00,Yahoo Finance,finance.yahoo.com,Wall Street Is Drifting Away From This Unstoppable Digital Monopoly: Here Is the 1 Stock I’m Loading Up on Over and Over,https://news.google.com/rss/articles/CBMipAFBVV95cUxOdjUxVEp5bFRkbV8xelNwS0RaYzE4bHY0M0JWUzZwZ0xFTnRmWGxpOGt0MzBBekJQM1d2SUVqdTZjaXJoRG5obEZ6RVJqbEtxNUZFVldZcUNfYkRCU2I3djd0VndNLUtMMk9DTlUwYzd0NXVJdERWd0Y2OWdmdmNDM19Ua0lpWEppTWN0TlVfdnNqQnRvTVY5RlRuWWxXS1RlUHVJcQ?oc=5
2026-06-15 03:00,Zacks,zacks.com,"The Zacks Analyst Blog Highlights Apple, Netflix and Disney",https://news.google.com/rss/articles/CBMioAFBVV95cUxNalZuQXRIY0dxREFEMWRRZk5CdF9jWW90cjVvazQ0QkY3RExUejdGOVZveDJPNml6OE5lUmVEZG4xSjBSNy04eXhwZzZoVWx1X0YtMHJwOHEzbG84MVhTV1Nsb3JfNGFWV28yWG8yZExQTEFoY1JubWVna2UxTWZRWTQ5cHVyMGI5cG95Q0hqa0FZdTk2c3ZFaTNmbmduTWdy?oc=5
2026-06-16 03:00,Benzinga,benzinga.com,"NFLX, SOFI, SNAP, MRNA,OBAI: 5 Trending Stocks Today - Netflix (NASDAQ:NFLX)",https://news.google.com/rss/articles/CBMi8gFBVV95cUxOWlF0cXdhSzhldlNzcWVZVmxLM1lxdFkybUZyZDcxYXczUC1XUkRVZVc5OXN1b1g5VXhrYzBTNlduYzRaMS1HbERaS2M2NFpfalNWUjNfSGp5RDdzeE9TQU5IR09LTnRtSGR3YTNIeXpyWDVsdnpoSUhyUzczRG9MaTZGbXBCemZBYnJtNEo1R0d5SzdOY3o0NFV6S3hROWY0d09tSHQ0S3JrcHNwbllYY014RTY5OWJGeVdqeERzVHd5U0Z3MTlRN1JiRFZxanlLQVlYVGtFaXI4YVhLTWt1WkZwSmVCd1g3ZXJlOE5KbzNKUQ?oc=5
2026-06-16 03:00,Investing.com,investing.com,Why is Netflix stock sliding today?,https://news.google.com/rss/articles/CBMinAFBVV95cUxQOXpLc0tpS184NzRRRmk4ZXdNSzBlSGFxQ1FkUG5GU3pBbm85QlR3Sks5NURXbGdYQ0VYaVVCRTJHNDlkYzJzelViallPUEVuNTZzVnNIU3JtcVQ3ek9tM3I2VHFObG5vS2RwS0lQdG9Ub2lkUDhRTFpHTzk0XzZKd0NDSVBUdFlSOU1ibGpZc3E4LXRnU0Nla3dwQjI?oc=5
2026-06-16 03:00,Investor's Business Daily,investors.com,Lionsgate Stock Jumps On Netflix Takeover Talk,https://news.google.com/rss/articles/CBMihwFBVV95cUxQUEc5Uzc0UF92eDExZ2xqa2pCNTNaVGpCeFktc29PdVUwYTJXS2NKMktaMHB3U3BPUDZmcDRlQnYxNWJIVUJtajJoRjVYdmZLSWJrWXlFaUZyZEwtMW5ocDRaTElyUjg2UlNzZXJJXzhTYlpFOTBuaExHUzUwOWFRQ0RodnJvMkE?oc=5
2026-06-16 03:00,Seeking Alpha,seekingalpha.com,Lionsgate Studios falls after hours on report Netflix isn't interested (LION:NYSE),https://news.google.com/rss/articles/CBMiqwFBVV95cUxOc3FueHB4aTRRV1VvODJMUUFZZWotX19PRXNRTjVLUWVrUVJEajlCY0JnMVZqcndRUmRYTEIxVmxWaXlnVkc4M1VmSm11MGZsVENZd3FTNU9oNTNYWjdGR2p5elY0d29MM2hsYmZ6Z2xCNl9zdndfR2NzOTg4WDl3N3ozczBDa1NDbEo1Y1J1SzZrNndzZmhGdWhPVGxlR0tPTXYxWXJMc0dTQzQ?oc=5
2026-06-16 03:00,The Motley Fool,fool.com,Netflix vs Disney: What's the Better Stock to Buy Right Now?,https://news.google.com/rss/articles/CBMimAFBVV95cUxNX3BwOUE5Y3dVeXhLV2RRVWFiOVVSQlJ2R3RCbmQtcXNFdnd4eVB1WndhTXZZWGdKQjd3NlNua2pqODNFQ1hJcGxBVkRvV0xRSTJLaGh1bDB2NE1fX1BRRm5TWWpKSDhHZFFYejZveGI5THJBdkc0a0RPcW1uM29ubTVoV2cyVHpQRmdUNnVuTmRsck5YMVBqWA?oc=5
2026-06-16 03:00,The Motley Fool,fool.com,"Stock Market Today, June 16: Netflix Falls After Missing Out on Another Media Acquisition",https://news.google.com/rss/articles/CBMi4gFBVV95cUxPbXB2STk1dWJRVERXdXdMYk01SHBrUjNQNXFScGxiOEJ4NWdxMWlUd1ZWV3BGelFMN2FOaW1Zd05Tdzc0Vk5icXFmZC1NTnhPR3EwRmNVeXhxZ194cTJQeTZBOVhCdFF1ZFdBQWY4TDMwMTNiZTNURnZGMEhSUXM1VWUwSjdpZVR6MXNQdHFleG04X3lrVWt2WW1CUGNEUlJyMGZUekgzSGxEREV5UmZHOVIyTGtwTnpBaXdvcEQ1blNGRmRrN3UxSU40TnprMkFOWFNyT1lIZXdCQjJYRmh2cUdB?oc=5
2026-06-16 03:00,The Motley Fool,fool.com,Why Netflix Stock Got Rocked Today,https://news.google.com/rss/articles/CBMigwFBVV95cUxPdnd3VWZSdk9fclRqNUVESTZHNl9RYmtDblFaUXNiMVJRSGQ2cHM5MDQ5aWVCc3pkYjFtRGlyaDdtZ05KM1o5dXdtNVJ1S3V5dXJ3U0ZYWm1lU3hJandrOFpNby1FLVV4SWJuYjE3NVV3VnhheU4zM3pBeElaRm94NDZ6MA?oc=5
2026-06-16 03:00,TheStreet,pro.thestreet.com,Is Netflix Is Shopping Again? Here’s What’s Happening With the Shares,https://news.google.com/rss/articles/CBMipAFBVV95cUxQcHI4R0liZXdtU2RnU2FpTmhIQzJTV2otTWNxNWZWdy1hMktUVWs1OGMzdG1zVWtUVUpZeUZrc2lCb3BxLVBZeUlfXzVfQi1xR3dyTEVLRmx0ZWY2a1ZoSEt4TWduSXBjdjRteXBHeUpSWjdTNDl5VFhSNk13cGtyQ0xOUnFTbHRfRS1IMUZzV1ZxcTFid24xQUduU1g5NENRNUU2UA?oc=5
2026-06-16 03:00,Yahoo Finance,finance.yahoo.com,The Real Engine Behind Netflix Stock Is Not Subscribers,https://news.google.com/rss/articles/CBMingFBVV95cUxNNFNfZllqX3A4V3daSzFKRXdScEpDSDFDbXJRTWJHb00yNjNUWGJCYUhpYzVMNVRsWmtuUUw1c3ZNTDY3akVheVRzTDJ5bU9Rd2JSQ1dDMVdzXzhkR1dadWhYRnUtTmNQWEhhZVBEY0ZxYjItQTRWZzFDd0M5QVNXUVpNejRfeTN5VFpUSUkyalBzeTVlSEtsMEhRcFdlZw?oc=5
2026-06-17 03:00,Seeking Alpha,seekingalpha.com,Netflix's 2023-Style Inflection Signals The Bottom Is In (NASDAQ:NFLX),https://news.google.com/rss/articles/CBMimwFBVV95cUxPemVpaWtYeXhSNmZTZ1FpdHlQRHduR1NxYWZlcmdQa0VET0pEaEtWV2EyYkJkSUI0SXpPRGVaZHZsQmVhNTBVQy1GRjB4bTcyVEVDN0wtMlE4WGZlVGNLMUgtcjlXVjIwSGxacU1aeG1iT05qWVpyYU5vbTA4QUhtcDk1MnhKOG5vV2NiNTBRc2V2MkcyTHM4enk3dw?oc=5
2026-06-17 03:00,The Motley Fool,fool.com,"Fox Is Buying Roku. Is It a Better Buy than Netflix, Disney, and Paramount Skydance?",https://news.google.com/rss/articles/CBMimAFBVV95cUxQWE13ckVWQS1nQlFkQ0dGLS1HSlBSbk8tbndPS3lUZE9uTnBPby1lbS1JSk0yZ3lfVUx0WXI4YUhqV1pVSWpDWkJWV0l2ZkVYdG5Gb1FiMm5mUUtKektMNjBwY0NkdGVGUElkUTZDV0tnSldnMDI0N1hheHJIa1FRVUhWZHpiZkZOR1h2aWtkRHdmVVNGbWZzbw?oc=5
2026-06-17 03:00,The Motley Fool,fool.com,Here's What Fox Buying Roku Means for Netflix Investors,https://news.google.com/rss/articles/CBMilgFBVV95cUxOSnI2Wjgwby01eElvckRuelJ2T3pSWmVoY0Z4ZVhla19NY1p2WWxmcWM1VzZacWlyX0tQS0Nrc2dodF9Ja2xJTTBEN0NDTzk2ZGEyX3p6R29xUFpBYzlHWGplNlN5c1dwdU9NdXFWLXZMQlVOOTBzY0FLbV9ENjJxR3JxYTNETDJRSUFaMjRPTUF0MnZhTGc?oc=5
2026-06-17 03:00,TheStreet,thestreet.com,Netflix’s Roku loss points to bigger streaming risk,https://news.google.com/rss/articles/CBMilAFBVV95cUxOWUJfcUNNWnpSS0xpeGdEV0I1ZHJHSWdhNUs1ZnhPTktpT0JyUkRtb25YMy1MUExZRUJubGR6dFZBN19pNWtQZjlfanlmbjVsV0RVSjFrZk96VzdLUGdDczFPeHBzVzQ0dXJQSHhta05HcEdvbGJycXZFUGhmc19CejNnZVYtbFhJNkN1eEw1ZTAybklj?oc=5
2026-06-17 03:00,Yahoo Finance,finance.yahoo.com,Netflix's stock slide is getting worse,https://news.google.com/rss/articles/CBMiowFBVV95cUxOQkdmbkNHRHotTHh3QUFMOFY2ZGVOdmdoTXowWjZZVm9KZVUyZFd4NXZiOTBFai1UcFVJMkNmZUZaS1dfNE9jeWt1SGlkN0ZIN2hpS1V3UHZzSVNWQWxUTUYxUmprS3U5WWIzcURaUWFpZFEtVGJGakF5OWVlNEU4WnlCY0xmeklScG10WXJ2V0NodDNpcElXWlVFZmV5d0hNeEdv?oc=5
2026-06-17 03:00,Yahoo Finance,yahoo.com,"Netflix shares Heartstopper Forever trailer, with new interactive feature",https://news.google.com/rss/articles/CBMirwFBVV95cUxPZUhfdm1hTkFGVTZOb2ZMcWh2eE9XVlg5RnZ1UVBFay1RbGhrWGIyZFRmRUo1T1RUcG5oTHVhbndtN0VBaFMzZTVFMVVvX1hkaWhQZThNQzNUZkNTZnU0WUR0S3R6UzNpVzVndDRrVjVxRTdUTEVIRjktcjNOYjBZdUdJaDV6ZktfRVRBVDlCaFFGZkxXN0MxdFkxbkEzT3RPMEtJWEs5YzdUTjBhcEZv?oc=5
2026-06-18 03:00,Investing.com,investing.com,Netflix stock rating held at Market Perform by Citizens on 2027 pricing concerns,https://news.google.com/rss/articles/CBMi1wFBVV95cUxQN0FieHhJOVhVS3ZIZ25iekp1a09WNHNoc1ZUR0Vzb1dtbEFheHZWWE9tWXZDY3ZudC14RVI4WERISVVqMzBOdHVSNXluSjh0cnUzRkpxSXM2TjNLLTZkWkxTWmtlSVJJOWRJeldtbjJxMmxuSEtOV2s1YWdrNG5mdW5seVhIeTUyMWVBU3ZVdzRBMEY1VlV6M1kwWkJEdmZDdjh0b0JqZnQ4Y1l2Ym9ZaS1qOFMxbkR3U1B6U1Y5bGVwaVdwWjB4NDR2ajk5WkxjaWpWSHpCUQ?oc=5
2026-06-18 03:00,Seeking Alpha,seekingalpha.com,You're Staring At Netflix Stock's Elite Entry Point (Rating Upgrade) (NASDAQ:NFLX),https://news.google.com/rss/articles/CBMioAFBVV95cUxQbmJMdWFxU0pZUlI3WEdyakp3RzNNUHI1aUZjTzBpYUNkejY4YjhnNzRVcDVDZC1vQ2dqY1diTlhpMGgtZDRZTHdyNXY1a3Qwb3dUMHdGM0wySlQ1YlV4b2stNkVGMTBvSGNwdkFpemxfU3BuWnM4aTlfVnEwQlhDUTdKVTZZdE82S2d5LUVlcW5Od1JEanlYWVU2bEFzTFBR?oc=5
2026-06-18 03:00,The Motley Fool,fool.com,"Stock Market Today, June 18: Netflix Edges Higher as Investors Weigh Pricing Upside Before Earnings",https://news.google.com/rss/articles/CBMi7wFBVV95cUxPeTYyQm9oaENaYVNMczJ6MFprOFoyM0dTVVd2T0loMzQ2d1dLTDhCYVVaQTYtbkRwUDM1YjJjRWtremVzTUtNRmF5a1VLZ25MNVJhb005UV9lUV9HZ0NreUpUNXlOaGw5YkMwaE9fc3ZiZU9LMG13MjVsOVl0RWlPX3gzUUNWLWRHWk40cnRVc2I3UzBqSVQ3RFB2WXdxaW16YzE5QmxYU2ZnZ3lxbFJmVUh0SUJMUHQ4Tml3TEpRR041Umx4Qm5iRjRqRHpMU1RoRGxVcURFNDhqSzlNZk1EdTB4ejlzaTJXUS1jNFBhcw?oc=5
2026-06-18 03:00,TheStreet,thestreet.com,Netflix stock shows recovery signs after bombshell takeover report,https://news.google.com/rss/articles/CBMiqgFBVV95cUxQMzBES3gzTFBUR0NxakUtSEFDdHF3c3F6aXp1WVFxN0tsb2pFTXpybGdzUDRPVktaVm5zSVo2Nll3MmRHQ1V5OUV2b1NkSDZwbFBxeWo5RVpNQXdCaDNMdkNvSmU0TTlxdXRCM2ZwaDd6akRFYzR2NGw1NFcyNTdaQjZmamloeVVXYk9SZ3V0Ymx0Sm9JR013eVpzdG5JRTVGbVNrMTRiT3RzZw?oc=5
2026-06-20 03:00,The Motley Fool,fool.com,Is Netflix Stock Cheap or Overvalued? Here's What Investors Need to Know.,https://news.google.com/rss/articles/CBMimAFBVV95cUxPSUlFUjJwTlU3b2owbXdiS3VZTGZhZnNjbGdZMTNGUHNZbzY2MnJzTEdCc29mdUxZalVWbklFTlFNT1JUcXo4bFhxRkdqVjdtQ1J4NVFTU0R5S1pmMFlwTkJMNW1GLU9wRXBFaDhKcmVFWE82a1h3XzVTLXNLUWFaVTA0T3RmZmxBWlVZQW9VM09zUl9FWVd5WQ?oc=5
2026-06-21 03:00,The Motley Fool,fool.com,3 Reasons Why Netflix Is Down 31% Since Completing Its 10-For-1 Stock Split,https://news.google.com/rss/articles/CBMilwFBVV95cUxNbGV2TkV2Mktzcm5vTElDa3BxZGZxenBvZFQyZTR5b0tNVE1ZR0pQLTFHcWt1OF9KSGJmc0V3SG5oeGY0UmpBWFFDbzVpbzJwLWZ3eHk3VGUxVkxlaUJBdkZTcnFaUWlEZDE5dHpsX0NOQkRTY1V5ZEFoT0tFeTVCRTU2T19Fc3BIWTZTcUF3SVowM05zQ3BF?oc=5
2026-06-21 03:00,The Motley Fool,fool.com,"Down 17%, Is Netflix a Buy After Walking Away From Warner Bros. and Roku?",https://news.google.com/rss/articles/CBMihwFBVV95cUxNWXBEWkVxSkx6aHFkQnhnVXRJc0F4ZWExUlRRWF9pQTFIQnp6RzgyLXhJWTI2M0FZTkktbEFPZ1JVNktUX3ZUblI1ekprckZLaUpXOXFnTUV6a3JlSkxpTGxGQ0Q0OEFKNGI5UlVIbFhRdU1JcDFudjJYcFg2UG9zV21HM2piZmc?oc=5
2026-06-21 03:00,The Motley Fool,fool.com,Netflix Finally Makes an Acquisition That Wall Street Actually Likes,https://news.google.com/rss/articles/CBMimAFBVV95cUxOOFJvYjBUUkdsaHVSQWlHZXZqT0xTNEtFMlFmdE16V0dXQjhPaUUxeVpod1piOVZjM2VURmxOU1gtZWNmSXFCRU5MdXdYY3J6SVptMDdFS1pKNXYxUVctbGlTY0tGb1hqeGMtNmZTRFgwMkxaTlJJenVBSFFZTXNBOG5ldG9fTm1LMTFJQlRPRHZkcDFuaFBSTA?oc=5
2026-06-22 03:00,Benzinga,benzinga.com,Netflix Stock Sinks To 52-Week Low — What's Going On? - Netflix (NASDAQ:NFLX),https://news.google.com/rss/articles/CBMirwFBVV95cUxPdHVPNWlGbUxuNjVSeU5DcTFhQm0ybG5sUWxxWTdSUVBIRHRFQmYwbENmRzM2QTh5TUdad3ZxNzN4T3RHSURpWDdvbWhESWRTLTR6YmRnS1o4azZrRDhLbmIxWlFxQzF2YUlfOVhFbnBPcTBVRjNBWUhCQ3J5R0ZDU2xEaWxETGNrUVRZTGUxMmVDLWZCMHMxcURoRXdPaU9sZ0NIc1ZWZFBESVRkc2JV?oc=5
2026-06-22 03:00,Investing.com,investing.com,Why is Netflix stock sliding to near 52-week lows today?,https://news.google.com/rss/articles/CBMitwFBVV95cUxQeGlPZ2hGcUgwNnoycmRYMjZxZmNxRDV0aGROMnFxU2JvTEowUkoxQWlsa05oNkFUUVdOcTI2SHdVNTduNWV1OEs5cnlWSzNaNzlHU0tKLTNsZEs3d0RrQnZ3YjF1ZzR2cHNqb2hfclV1bDYwU2VuUXAtTHotdDVUN0tEenQya2M1bG5lNHVRU1VBdnB4Zzh1c2kwYV9qeUZxRjB3cmdRZjlMdlJMVlduMlhRZkxBZEk?oc=5
2026-06-22 03:00,The Motley Fool,fool.com,2 Wide-Moat Stocks That Are Drop-Dead Bargains Right Now,https://news.google.com/rss/articles/CBMimAFBVV95cUxPTUtjMFYtWTJvcklhTGJXQW8xaUQxakstVFRsZndFeFR6cHNPY1RuVjgwekpKQkxQQ2o5SjVvT0lTRVR4c2NMTFBVX3ZEYkdqVjhhLTZpSkZUblNXTW5kVUhxQmZzemRYbk9DZTlXYUVWTGtqWXZRZ0Q3dmJRU2ptS3ptUzlCZkRxTzk4UXNyd2tGdWg5cVpIVw?oc=5
2026-06-22 03:00,The Motley Fool,fool.com,"After Missing Out on Roku, Netflix Claims It Won't Buy Lionsgate. Here's Why the Market Hates That Answer.",https://news.google.com/rss/articles/CBMimAFBVV95cUxORmUxOHF0SzBRRkd4ZlRfRDVwYXdNeFByUW5VckV0YjIzZC1xMVdUeE5pcXdaRmtJXzY0N0xLLWo4SVZDWVowRE43TW9DbkRFOFJBS19WWVVNWUFVT0tqNU5GbVZUQXR1MGJMenpONTZXdFdUenp3aFltWUNjZm9NYUNpdHFMZG9ydjhSM280RzdxWWdPNTh3Uw?oc=5
2026-06-22 03:00,The Motley Fool,fool.com,Why Netflix Stock Fell Today,https://news.google.com/rss/articles/CBMie0FVX3lxTE9OVHQ2aWEtSDRFNjVjWXh4dGxSRWtGT2xlNHFfak0xS291WF9fYWlWTzZkaFR0MDB1UTdJNjBXalBCa3FYOTNXVVZ3a1pzenJ5UFAxd0R6NFdmMWtIaE9YTTRaM3RlaGkxc0VaZTNSaUI5TGhxeVVWeGdZTQ?oc=5
2026-06-22 03:00,Yahoo Finance,finance.yahoo.com,"Buy, Hold, or Sell: Netflix Slipped Under $78. Is This Premium Streamer an Automatic Buy?",https://news.google.com/rss/articles/CBMimgFBVV95cUxOR0VjRzczMWZfZTYyZmJvSTZkZFhpRVlEekIzR20zMHJaRlNMXy1TVTJTaTlIMVVaeVNsS0poZGcydmt2bHRueS1UdndfTF9fNjNaVWJiVnVSd1JJZURpdjFqR0hwWXJnaXVSN2V2WXl3MExndmJzeVA1UGxaY2tlZ2hvSGNvOGFkTWZGbDAweHJiNkJONTY5d1lR?oc=5
2026-06-22 03:00,Yahoo Finance,finance.yahoo.com,NFLX Stock Sinks To Near 52-Week Low: Retail Traders Think It Is A Great Buying Opportunity,https://news.google.com/rss/articles/CBMikwFBVV95cUxPMkJTeEVKQmQwcVR1ZGZ6VFBXZ3EtN3U1N3FMbmYxZlVMQTQ5VUhlNUdyci1qQ1Q0T1hnVGJfaUsxZk45TFJJMFlvSUVIbThELWtsTkNPZGFIUG1WMG5faUY2NDBkaTlwVG5USlJjUDFsMVUyM1NNek80NFhTcGJsdHVoOUJpNUx6QUtnVkQ4VndwajQ?oc=5
2026-06-22 03:00,Yahoo Finance,finance.yahoo.com,"The Zacks Analyst Blog Highlights Netflix, Amazon, Disney and Apple",https://news.google.com/rss/articles/CBMipAFBVV95cUxNam1LUlhOOTc0M2tIUmVhdnNBRHhHTE1jZldUU3ZrXzlqN1BfcUs3S29faUlMMC03V2FGdTJNQ1N1N3pMMjV4WjNsNjVyUTJ0VVpSbWFyUDAtT2tEaW9uSFNUX3dpenJNOE1vUUREYU1DNFBZOFVXNHpOTEFRS1ZUeHN1YmNKUG1mODA1YVMtZ2N0UDNlX1FRSXZpT0pLSnNUR2dfMQ?oc=5
2026-06-23 03:00,Barron's,barrons.com,Netflix Struggles to Shift the Narrative After Warner Bros. Fiasco,https://news.google.com/rss/articles/CBMihAFBVV95cUxQX194Y0tVN3VLaGlaMnU0MnRRSENKclpCRVgtd0ExUDNUQjFKQTRMX0VrTjRfNmNBNkVVdmQ2cHRNSzVKMng0aXllcDAwa2hoTVgwTEJLUDRSTmhQVUFJQmRuSHkwM1BGOEd6Z3dFb25qeHZYaE1DdjhqSzA4ZHNuYXZ4Q08?oc=5
2026-06-23 03:00,Benzinga,benzinga.com,Netflix Stock Plunges To 20-Month Low: Can Live Sports Replace ‘Stranger Things’ And ‘Squid Game’?,https://news.google.com/rss/articles/CBMi7gFBVV95cUxQNWlrNEc3SW5BbDFfV3htcmx5UmJLNmdoVzUwOHhnbEtNcjdYczNMT2swU1A2V2ctc0xnVmppeGNDQ3hnMEtrT3hqaWFjdm8tREU4cmlwMVN1Zm5uN3JlV3oxWUJFSGJsQ2tXTnJDWXpxZk00Y3pVTTVQTWJXY2VmaEVscFh1NFdyb0Fmc0RHZ0ZQM2tNQml3T3ZETEFtbldqS1diT3pyMk5YNVpnRWRMeFZJVl9tSEtXcTVYMGNUQUZjaWM5NGhydVFTQ2liT09ZRXpiaDBDQkY3YkdMck41WndGaFdldU8xT3phbWxn?oc=5
2026-06-23 03:00,Seeking Alpha,seekingalpha.com,Netflix Looks Like An Incredible Deal Right Now (NASDAQ:NFLX),https://news.google.com/rss/articles/CBMijgFBVV95cUxQLWtPOVJMaGp0aThZYkRqMmlZanhxZnRfcmxFQTctcGtwY2hKV2tRemJNVktmVzlhMDdWUlpSMlNid3pjb29PbzNYUm5NcEJRUEpVWXNYYlY2SjU5cG0xYmlHM0RUeXZmYlZkMXo0U3lKRWFfRTQ1N2FiSW4zM2tvNE8xYW5UOFo0Q2ZFMDZB?oc=5
2026-06-23 03:00,The Motley Fool,fool.com,1 Screaming Buy Value Stock Hiding in Plain Sight,https://news.google.com/rss/articles/CBMilwFBVV95cUxONHZyOTFoOEpjY0dvQmI5MlpyOVJpeVg3eWMyWGs0cU5lV2JNVUNicEhZUl9GOTZfNXBHLXJpdERoN1V4NnVwLVVUaFRCRzJ5YlAzbzNEYy00SUxSb0h4TjlXaXAtQ25KQVhmRy05c0pveHhEVEZ1Y2ZwbDlPWXpSbG1KQ0dOYnAybGppRVVOc3g2a0FVQkhF?oc=5
2026-06-23 03:00,The Motley Fool,fool.com,Netflix Is Down 32% Since Reed Hastings Said He Was Leaving. Should You Buy the Dip or Is It a Red Flag?,https://news.google.com/rss/articles/CBMimAFBVV95cUxPQUh1S0hPV0pZYjZWSUNJd2lTbGpuMkZ6YnJlb1B0SkZoMk4ycl90OTNiSWYxRkRFSzIwd2tIWXdDVGtxZWdDWHg4QWdqRDU1UjN2ck5aLUVPNmIwQ3lxZ1VaUTVNM1lxQ3NRblJpMWJfOUtvUnZyVGlTUlZMUF95QlFkM3JxbDZlOVNaRlUtZ3Y2QWhELXNJWA?oc=5
2026-06-23 03:00,Yahoo Finance,finance.yahoo.com,This Could Be the Real Reason Netflix Stock Continues to Struggle,https://news.google.com/rss/articles/CBMinAFBVV95cUxPSm9sMm5TX0pERDV2OWkwV1J2MXBvNnJ1cEhXMTY0REtQb1BzUkRHZDJWamlPdUx2UlVxSWNBN1lKOHh1R3JNRW9YMGRaSW16dG02THVibXktYmJ4RjIwZDBwV3NCSHZVT1dUb3M4Sm5uRU0wRWxtZGwxdjdGaXF5cjRfR2JYZHVEUmYtdTlmRERpQmxiVHNZNjNDZUE?oc=5
2026-06-24 03:00,MarketWatch,marketwatch.com,"Netflix is growing but its stock price is shrinking, as the specter of M&A spooks investors",https://news.google.com/rss/articles/CBMizgFBVV95cUxNUUE2N0oxWUtVRkpuNG4tcWtXemlZdm1SQW5xYUhtdEJjNDh2YlVEdTRaTXA5dEd6UU1CeERVZ1VaMDRmbDFrbFdnLVp5bUtHeTJKaW1zVFRrcHVWVFNmM0lJUHhvSk43dFRWajNzMmwycGozbGxNRGRvU3o5QTNpbDBoMloyT1BTWVVDYkticTlOSzdqZnNKYXdmcExyOTBXRVBWak43YTUzQzRQb2JhV2U5S0VMTlEyLVNRMGhGX290LWdpX1E4Q0lNYlZ2QQ?oc=5
2026-06-24 03:00,The Motley Fool,fool.com,Netflix Stock Is Trading Near a 52-Week Low. Is It Finally a Buy?,https://news.google.com/rss/articles/CBMilwFBVV95cUxPb0hYa0tnSWRnMEszSENEdjdfbzFpWThJbzkyV0U5UDRweDgxcVhPZmNJS25QN1N5SW15WmJleFVwNXItVHlDVVN3Ym9YeFZYdHJTcGlYd0pLYVFUOEg5VG55N05CME5RU294Q1g0LU91ZTdhb1VweTg0Q3EzUExPWGlRcnQ2WFZRUkl4VDJYZzN5UXNIWVNB?oc=5
2026-06-25 03:00,CNBC,cnbc.com,Call of the Day: Netflix,https://news.google.com/rss/articles/CBMidEFVX3lxTE9zaVBFUHFtOVliQ3dzMnlDSnl1TzVfLWRPellDTU5IdWQydnVMS3luNDBwVXR0WWh0MWlVb1dhUWpNNjZkb2R6dEpMWmFDTzQzR3ZvSzZmME81UDNXWlZVbHl6NDJVUkJHTjdQYkxjZ2gteXpF?oc=5
2026-06-25 03:00,The Motley Fool,fool.com,"Meet the Growth Stock That's Cheaper Than 6 ""Magnificent Seven"" Stocks. Here's Why It's a No-Brainer Buy Before the End of June.",https://news.google.com/rss/articles/CBMimAFBVV95cUxNZ1dhTHNFV2s2WGRLU29kUWJZRG5HR2VzZkFEV2hpQXBwMlNoQWdoQ2ZLbE5FdUExR3NuLXBsWkFxbnV5YkJIbkdNTzZXSGFZREx5UWpkbzJhMDR6RzhSdFk2YkFLMzFwbXRvY1dzMHFJaEtCRjEtdUV2VEYxamxHTktLcUJUWlVDVnlDT3U2NXQ2TWpnOThyZQ?oc=5
2026-06-25 03:00,Yahoo Finance,finance.yahoo.com,"Down 46%, Is Netflix a Better Buy than SpaceX and the ""Magnificent Seven"" Stocks in July?",https://news.google.com/rss/articles/CBMilgFBVV95cUxQeFZ6bXRxQmVkN0hmaXdiTFpkSmh5cjVodmY2Y1c3UXp1TDVZQ2xIcXJpOU16LXQwdDF2TkJGcUFTN1VzQW5fLXctRlhmNWFwMnlXdjZ3dkdhMFItbG5ZS3dKREpFNGpBcWZsUFdOaDRpTTJSb3ZDZm4tSHJtalBFZW5PS1hPU2txcWhxQ29lTXNVOU5lU1E?oc=5
2026-06-25 03:00,Yahoo Finance,finance.yahoo.com,Netflix (NFLX) Stock Sees Modest Fair Value Cut As Analysts Weigh Ad Growth Risks,https://news.google.com/rss/articles/CBMimwFBVV95cUxQekdrX29jYlRPVzBJbEZhNUV4R2o5RktKVjM3djhUQ3daRDVnZlhVSE5LMnJJb1RtaFFzQ0xBQlZIdWhiRF9JQkVXNXVJUmFSMHFLdm5MV2J1eEtwVjZwTjgwRXdNNFJzZFBHLW9FVk9rOWRrUk5Ld1ZwYTRZYjFWRm8zR0xCVEJiMThUcDAwcTJQY2hrZVNXcUh4OA?oc=5
2026-06-25 03:00,Yahoo Finance,finance.yahoo.com,"Netflix’s Worst Slump In Years Has Retail Investors Seeing A Discount, Not A Warning Sign",https://news.google.com/rss/articles/CBMingFBVV95cUxQbXVId2VLc3VqRXY3Z0ZkdlFWM3ZlV0FJZ1JtUWN5by1YRGNRZGZpc0Z1d1prZm1pYnlYNnR4VnVRNF9jZmM4cjZPeElHVDR1aU9Mck0yYWh1dkhOSXBsRFZBNVltUlFuVlotX2Zad0IxaE1TcW10Zy10cVFva3BFYlk2NU5EbEplblFmZ05MWm4zbDlVdGNzd3lyMGxDdw?oc=5
2026-06-26 03:00,Benzinga,benzinga.com,Netflix Stock Edges Higher Friday: What's Driving The Move?,https://news.google.com/rss/articles/CBMiuAFBVV95cUxQbjdqNG9rVWV0MlpkQXBvZzhxT1lFMGxvcEEtVDFuWWk5SzFVZ3JxSk4yWVdkVzlGNjQzaWhKOTJXTlRBX3B5NmpVbkkyNkJ3UDBtX3NkaXdFT2RCeXBCODhaekU0dE9yNEhuTGVfSHRfYW0ydlN5eW4zOHE5U182UnQtbGREU2p3dHNKdFl2MHNpNXdidFpiN1ItTlVHNVBaNUxiYnA5a3JZVDZfeXhrbkEwZG1WZUZN?oc=5
2026-06-26 03:00,Investing.com,investing.com,Why is Netflix stock surging today?,https://news.google.com/rss/articles/CBMinAFBVV95cUxQV3lVdThiZ2xzN3VrQjZzUWhwQnI2N2FneHBHYnVvSktFcmRFS2ZycmVwZU8tRXVzZUpEdVM1cHFIMm1aUlJNU29PalVIMVRrUXdnQVZfT2dOLUZ2dmlZSzFWSTJhY0pVVW5HcTNJMlVxNl8xNkhVTXJ4eVdVRXRwZ21rSVNmRUlwMmpZMGpTNmtIOV9VRmQzci1ESWw?oc=5
2026-06-26 03:00,Seeking Alpha,seekingalpha.com,Netflix's 45% plunge: One-year slide sends shares to the largest 200-day MA gap in 4 years,https://news.google.com/rss/articles/CBMivgFBVV95cUxNNHNQbXFENmhqWG1qM2s1cl9HVFAzemVwQTEzUXhPTDBWanZ1UmduVGlpWm1DWUtNVFNDNmVyNHlTRkRaTnVqOEE1c3JnaXFHUXE3S25ud1htb3htVlNBQ2p5ZGl6aHhoY0tTb3pTQkxjLU1XLUY4UnBQUzJGTWw1eDZvUGFzWEt0cmpnQU5FWjBFOE8za0hJNzhNRlQwUl9jSGNqdVd4Z202MWRmNkVsQjhveEc4MjZFMnRzeDdB?oc=5
2026-06-26 03:00,Seeking Alpha,seekingalpha.com,"Netflix: WBD Termination, Buyback, Ad-Tech, Live-Event Edge, And Legacy Regression",https://news.google.com/rss/articles/CBMiugFBVV95cUxNUndrQ0ctRTZEODNUeUJLUW02WW5xbjZDcnNlbXM0TFpvaUxZaG1lSDZWZTU4Q3QyX20yNS04dzRCc2czUmcySUwtLW9YZk9EdTRTLTJpNE9HaWFNd1E0SmsxYUJkV0VoREVFQlZCTmttUExGa0JfTy1FYUkwOEJoSkhXWks2bEhua3A3WkJpN3ZoUVFVRU8zQjVuNHFoank4MFc4eXFoYkpCX1hYLVFFZC0yR1MtUm8xSGc?oc=5
2026-06-26 03:00,The Motley Fool,fool.com,2 Excellent Stocks to Buy on the Dip,https://news.google.com/rss/articles/CBMihgFBVV95cUxQTUNDSGNWaHZBcDJqNW1vTTNNazFHakhoY1hTTU1jZldVTXVXYVJLMDRwQWx0LUgxOW9iXzB1WTVRcWZYUlNmRl9WVnRPTmV2dVZEV3BLc2dtWXVIQnVYZ1UzbDJlZ3AzVkFmZjd2TnViOUYzcmRTUS1oQ0ZvZF9yRFZJTUZMUQ?oc=5
2026-06-26 03:00,The Motley Fool,fool.com,"Ranking the FAANG Stocks From Most to Least Attractive, Based on Future Cash Flow",https://news.google.com/rss/articles/CBMimAFBVV95cUxNVVQtWVVBS0loQ012M3RqM291eXlpY3NYNzJJSzN1UTNWMGtwOEZRc0pHczgwVW5Ec3VKWXk2ZFNxVGt2UzlRYUpBZ3Q1Tm1lYzd3OUJBZi1UQTgtaHh3bVhGdko5MU80Njd3YmFCcnhWMDR1LUF3MVBqLWwzUkNYUGxmSzZXS29VcXU1ODh0c2xuTGlfNGpaVA?oc=5
2026-06-26 03:00,The Motley Fool,fool.com,Revealed! 3 Undervalued Stocks I Just Bought,https://news.google.com/rss/articles/CBMijwFBVV95cUxQeTJfUVktS1puT19BdjFyY2tGM2xLVGVIemY3UG81TUlyWE8xdlZ2bXdfVkZnVHkzcWllMTlsUVhwY3Y2THVNbFNRUjc4UTFFT0I4OERWeG5aZnJ4ejJQLXV3d0RaNmVWRmdocDVCZFFkZTlfN1l4MkZkREEzR2hxeUdJQ3kxeHVxQjdLYm9Dcw?oc=5
2026-06-26 03:00,The Motley Fool,fool.com,Who Owns Spotify (SPOT) Now? Largest Shareholders,https://news.google.com/rss/articles/CBMieEFVX3lxTE9WektWUXNSR2djaUtCZ0lnZzdQcnIybDJPSnFrNHJISU92ZW53cl9QQzlpUlJENTdZMmdTaWh3YmhzZ2t2VW8zWHlzRHJFUGFJRlF0aXlkd2tuNWRRRktEODd5eGYya0FKYVl5VURMMHl3MHBmWWc0YQ?oc=5
2026-06-26 03:00,Yahoo Finance,finance.yahoo.com,What to Expect From Netflix's Next Quarterly Earnings Report,https://news.google.com/rss/articles/CBMipwFBVV95cUxPcHhiYUVpTjJvbGlOcjh0RXpsVDBhYUFac1AtemRSb3JBX1ItWF90WVd5Nm52QkI0NnNIV2xiNkdNS3Q1Y3VwMEZJbnJ3SHMwUm1sY21iY3A2VkFEUGk0ZzZIbC1qS2hVS2N3OEo1TmhySVZKR29rWDc2VkdiM0pMMFdQSUh3WGlBei1YVFhjTFRtak9WY3A0bE5YX0RGdkNZSmZZWDFUMA?oc=5
2026-06-26 03:00,Yahoo Finance,finance.yahoo.com,Why Netflix (NFLX) Stock Is Trading Up Today,https://news.google.com/rss/articles/CBMimwFBVV95cUxPenlIc2hDc1Q4QjlqUUlRUDlMbTVUTHBSZUF5Rlc4THdYUW55Si0xdi1FWVplOFdWNkwxeE5CR2RlNnZ5MjZ3LWpPemNPQ2YtdVdKT0l3SU5ZLURSMzk5ZjR2VS1VcEJTTkt5LXl5a19pOUFfWGRiM3I0U1EtckVJVk1aTWpZbVZKOFJtLTBKS0VXLTV1UV9TSW13SQ?oc=5
2026-06-29 03:00,Business Insider,businessinsider.com,Comcast is cutting NBCUniversal loose. It may not stay that way forever.,https://news.google.com/rss/articles/CBMijwFBVV95cUxPclNsN3dGWFZfdkVpQm1Xa2x2NWZSVzNKVC1oR3pWVHEyMDBnMC1zb3Z3QWJDa1JBWjNibDczUndOV1VLclpwRE5HOE1MQnp6a2ZZQmNVUnNhcWJFVWxZVmJDZTVQcXpyZkdNNmxTeEJubzlTTzJRQW12cVdRdEFuSVEzSGZRemRaeGFKMFBOZw?oc=5
2026-06-29 03:00,The Motley Fool,fool.com,Should You Buy Netflix Stock Before July 16?,https://news.google.com/rss/articles/CBMijwFBVV95cUxNc0tocUN3bjk2cm1HMWdOTXZLQ0hqQVNPY1MyNS1yU1BPdXUxTmVWUGdCNmUwdmF5U1A1Y25FLTc2ZER5U1lULWE4NVZOMGNYaDI0WXhSRlMyaUtoeXhEWUlCSFNJSnd6Ym03aTRzNmZWRVJKd3RJVlI1aEJuTHhiS1o3cGxsb1V5d3hyU2VNOA?oc=5
2026-06-29 03:00,Yahoo Finance,finance.yahoo.com,"Investors Heavily Search Netflix, Inc. (NFLX): Here is What You Need to Know",https://news.google.com/rss/articles/CBMiowFBVV95cUxOUWU2cjJiQVV2S25qWVFpNEE4ZmkzUElKeGplbVplWDZCOXRxVUtpcVZPenR3R1RSRGkybjN3dmtyMXJpQjRnM0dsQkQwYU5YSnNINmxfT0ZpRzNpMWI2QjJZS0lscUVoeVpZY0NqcXhKbkdIdEM0cWZUVWwtbldLN09sTjJRZlprSFVnU2dVYXB0N09lOTJrenBtQmdCdExWSTZv?oc=5
2026-06-30 03:00,CNBC,cnbc.com,"Here are Tuesday's biggest analyst calls: Nvidia, Netflix, Tesla, Alphabet, AMD, Sandisk, Block, Broadcom & more",https://news.google.com/rss/articles/CBMimwFBVV95cUxQWllpRTdiMDRmMmNYNXJLc1VpT1R1TWtDdGtiVUh2Q2l6bWI1VDNLTGpyam9KaklLelVGcG1vTXlUbC16YTQtNDdncS1hM2tHQ0xUMWdZaXBXdkpXTDAxZVl3SXhSNmpWZ0xsZmNRbEllNVhONWxXWFpGSWgyUUFwTmJzaXhIM25XZkR2eGJlbERlYkl6MjFURTNIYw?oc=5
2026-06-30 03:00,The Motley Fool,fool.com,"Fox Outbid Netflix to Buy Roku, So Why Are Both Stocks Falling?",https://news.google.com/rss/articles/CBMilAFBVV95cUxPekZzajRnNmt4U2ptVXFyaW9IU1o0OFpha2RqYzBTb0ZPWGpzbm5iWllURk9PNnNUUE40MTZsX212ZHF2STJnVWd1Q0EyYjhCMHpzVHJuTjZHbmVhamM3NUhYRXEteXE4X19qR1cyTjRWeVd1THlBVFY3cTFNM2RPZmdxYy01S2swX0N3YTRKS2V2d0Nu?oc=5
2026-06-30 03:00,The Motley Fool,fool.com,Should You Buy Netflix Stock Right Now?,https://news.google.com/rss/articles/CBMiiAFBVV95cUxQcHNDbGRIb3U0NjNubzlkS0tCZzJQMktxSUd4OXFzdGM0NjV0YWZDRUVaQ0JNME9ZRE9DZXBrRV9NWTh4Y3NZOTI5b3JaRHNFRmFfMG1Lc2RNb19aanZqM05FbF82Z1VCNExPRDU5TDRENW1KSkFvdWd0aFE4WjRNUDZsNS02R1Vw?oc=5
2026-07-01 03:00,The Motley Fool,fool.com,Should You Buy Netflix Stock Before the Huge Investor Update?,https://news.google.com/rss/articles/CBMimAFBVV95cUxNWWtVUTRLcTF5dW54Sk1aUk9QUFA5dy1TQlNUZGRMUXVyNng0MWZMWUgxbmlCT19qeFdFN1V2SXZ1XzNpNHVQc0dHT0ZXcktROWE5SnhlcTctOTZLaVVlWnQwcDBnR2dZaXcwd1YzMUlVMlpHQ3lEdmxUeldFcXNZbk5kYThnYUc5Tl9ZZTVCd2ROTmtrenFqTA?oc=5
2026-07-02 03:00,Benzinga,benzinga.com,Netflix Stock Defies Tech Sell-Off Thursday: What's Going On? - Netflix (NASDAQ:NFLX),https://news.google.com/rss/articles/CBMiuwFBVV95cUxOV3A3UExHcWtYMXdvNUUwMmQ5UHNTMXRzTlFGVjZhTTZpNk5YOEVBU2FscnYtbkxIN2pva2ZqMWlBNjc4WGJnVTVxX3dZSHUxOVpVb01aTnI4bkJNNkEyakRaNmNxYVl1bHdROExxMERUZklDYXZ0ZjFnemNBVkk5am56TjFfd21mQ193cEJrNlZBeTNSQVpxNTQ2akVQWF8xOWYzSTFpWWRzUVM5My1LOVRoQmpvNVo5TUJF?oc=5
2026-07-02 03:00,CNBC,cnbc.com,"Final Trades: Alphabet, Netflix, Target and Nike",https://news.google.com/rss/articles/CBMikgFBVV95cUxOOThyOVpxOWJPZ1E2LWZ2QlFfSUp4dkZpdDFWOFFvMzJ5TDZEZXhwOW1RZV9uU3FkUGZQbWpMTnU2MEZSM3VhREREQ3U2UmRPc2g4ZEY2ZlF2a1FjQWVodXN6SFFZLU5OS1oxclVfUGx5NHdoQjV3QVQ2cDFtYXNoZThRSDZNNVNsUnNVd2lFT1NkZw?oc=5
2026-07-02 03:00,Investing.com,investing.com,Why is Netflix stock rallying today?,https://news.google.com/rss/articles/CBMingFBVV95cUxOdS1iNVZDeFk2a0M3dkZTeVFzYzJadElEelN3N0NUb09vRllDS2ZmaEJ3ZEJXT0xHVldIWXhYeGlmRGdOUkg3a3FjRGkwTE16T0l0Q3BZeGk5N3ZhcFlGVWVHWHFNUzNwRnlNWUdXZUpJZGNMclMzb0pKQWZmX1ZEdVh0YmhfUDByYmhWV0YwVW01aVR3bVFWTmV1WjU4UQ?oc=5
2026-07-02 03:00,Seeking Alpha,seekingalpha.com,Netflix Is A Low-Risk Buying Opportunity With Upside Potential (NASDAQ:NFLX),https://news.google.com/rss/articles/CBMipgFBVV95cUxORF9TZUFINVoyWjk2a1kyQTBBcmhZeE9SY2tJT2g4dEVILUU5NlQ4NXAxUHRWNE90NHk0YnlSeWFyUFlWcDVkamxhODMzdFV6czRZbTRpUXZUeUFmZndHMEdQanlhbU1wdGlIRklZSUFYckRteGxXTmhsOXFkOXdRcFlSQnYtMFZPVHlBZy1BdVp1ZnpFaGdwNHhiZU1udHVTRmlnb1BR?oc=5
2026-07-02 03:00,Seeking Alpha,seekingalpha.com,Netflix: A Bull Trap? (NASDAQ:NFLX),https://news.google.com/rss/articles/CBMibEFVX3lxTE9iRkFKUHV5dTgybERqek5kaVNmczlyWVdIQUY2RGJSbGxsVVVDZUlMNmxDY0IxV0c3S2xaSEJra0x6V1ZrVHBaZDh0TW8zb054Szcxa1ExNXQwc3N4eGtWNG5aaUZxLUpNelFBaw?oc=5
2026-07-02 03:00,Yahoo Finance,finance.yahoo.com,"Netflix Stock Is Near 2021 Levels, and Bulls See 4 Reasons to Care",https://news.google.com/rss/articles/CBMimwFBVV95cUxPaWJHdTFkNzY1R2VWa3dPMWt3Skk1Wm40SlFnZEFJN2ppVXgzdkNqNi1OS291TFV1SmVrcHdRcEtVellkMnQ5NjIzV3o4UUhSYzljYjVKVV80bk1zZV83amIxYUc0RmcyTE5MNV9OV0ZZb2F2WFBEWmd4TmZyYk51QVZRM2ZFVURLRXNwXzBNdzZmajdWOG9OdEkzRQ?oc=5
2026-07-02 03:00,Yahoo Finance,finance.yahoo.com,Why Netflix (NFLX) Stock Is Up Today,https://news.google.com/rss/articles/CBMimAFBVV95cUxNVlNnN25BVzhkTXRkYzN6Smx5YUs0dkRaUWRQeE5zR3d4aS1xVjZTTnN2eUJHdlRvenZDWHpCME1fOTY2WkdtSWoybGlCd0MyTGd4bVdRM2VsS0RGNldkaXRKeGw2cXZIYWxvUHAzWnFUUDRIOU9JaGNlTHkwYlJEajVTMUFtdlRJWjVpdFF1NW1sVDF6MVNvQw?oc=5
2026-07-03 03:00,Yahoo Finance,finance.yahoo.com,Jim Cramer Believes the Market Is Wrong About Netflix,https://news.google.com/rss/articles/CBMingFBVV95cUxNQmRXRU1uUlpYdFEwdjhjRHhsMFlfWmk3X2JhaFNVVFE1LUJ2TXREbW5HbmZFd1F1dnp0dUtCRmtGMmJlSC1yZ2VxaUk5YXFxclJJemxqeDh1MkNack5mSkVDWVM2dFpPendnRGdvS25mTjVKQ1NxU08zWEFfVXhRT1lmME5RY2cxYVFPRENVTDdESE1NcjJzeWlPOWEwdw?oc=5
2026-07-03 03:00,Yahoo Finance,finance.yahoo.com,Netflix (NFLX): 3 Reasons We Love This Stock,https://news.google.com/rss/articles/CBMilwFBVV95cUxQMzl1eGFyYzdQdmJRY3pzaDl2TjhtWlpWWTZrOFAwZHhOTG5WU01FV2MxVXVHUXpYRE5XX1hRSWJpYnhMTExMQVZ0RW0zWjJpbXhBMUNoZlBWbkpEZ042RmVnemU5aXI4WDhzeWRhM2E3NllMb3U2dFc1aEt6ME1jY0x0cDd4RFNSc0tVRFYxdHdGdjAzYnQ4?oc=5
2026-07-03 03:00,Yahoo Finance,finance.yahoo.com,"Netflix Gears Up to Report Q2 Earnings: Buy, Sell or Hold the Stock?",https://news.google.com/rss/articles/CBMingFBVV95cUxNQXNaR0tVVVIycTF0S3hQTzhqc0pQb0JOcDZjaDVLdGRkaDdNV1RZZzktRnhZdU1LUWx1cVU5Q2xOT1R1MnhTaEppMmNpblJoUTBUZm5fME9KYVpDLTYwNU1ub1ZxQUx0SXdsMS1sdEh6ZEczcnVsTHZLb2xVT19BVXJlTnB1MUdvX04yOXU1cTZHbDhpeVVXcWVOSUpfdw?oc=5
2026-07-04 03:00,Seeking Alpha,seekingalpha.com,"Netflix: Forget Subscriber Growth, AI Is The New Investment Narrative (NASDAQ:NFLX)",https://news.google.com/rss/articles/CBMirAFBVV95cUxNMzU5dHNnbk9yR1JJMkxVdEhZWWw0eG5qUXVXbVZ1VU9lOVVhcnZCbGdtSUhBRWc4U1JjbjVLSzNwMWdWNG5EOU5FN2VZOV9vZlVHVEkzbVM1OEdmd2lnekpLcTJiNzNERFpxY2pVQUtZMVZuYnNMYkdpU3RFRFFraUhoR25HX2J4WXUzeS1FREdqVy13bWJ6T2NrdlBsNTdUOE5xWUxtNzZDVUFC?oc=5
2026-07-04 03:00,The Motley Fool,fool.com,Netflix Is Down 21% This Year. History Says This Is the Time to Buy.,https://news.google.com/rss/articles/CBMilwFBVV95cUxNNDNPOWxPZVg4S081LUF4MWM3TVNUTzNubHk0WmxTbmxvUzd1Y3NiVXRlZGs5MWlWSXBYREt1emlWc05tMDVTa3J6S2c1WGFxN09Wc0o5cVBoNnJqSjZFNThmZ2FEUVpqNkRPYVRQWkhKWVpJU2lzMExvSkdSTzZIUEU2ak1rMV9CLXFNOFlqNUhZY1JmNjRr?oc=5
2026-07-04 03:00,The Motley Fool,fool.com,Netflix Stock Is Flirting With $70. Once-in-a-Decade Opportunity or Value Trap?,https://news.google.com/rss/articles/CBMikAFBVV95cUxPTzQ5alpneFZJaWo3WUpfWDZiMzl3LU9ycTIxM0wyc3VQdjhFS3UyekhPUXVYbDJkRlpsYUhfb0M3OUp2Tno3Z3RwOG1DLThCTTA2NXM2b3JwWDViSFlWdnV6LVhPT0lYX2Q4NzcwemFReHJWN2UwYWVmQnJMeU9QcVBrS2NqYUV1UkVNREM0Q1Q?oc=5
2026-07-05 03:00,Bloomberg,bloomberg.com,Netflix Viewers Are Abandoning Shows After One Season,https://news.google.com/rss/articles/CBMiqwFBVV95cUxNNFhaQ0RWNUxCZjQ5MEMwTHF6aDZydnAxaVgyVTN6V2VEWGJNajhQSXo3ZnVnUXd2QWFoUkZCOUdEdDZ1VWRwMVdfNDdfaVVSZWV3UDEydzdrbFFqY3A5aFdNQ1ZieFRSZ2RlZmNiWFpmNHViYWdlNFp0UHNjeUZVRDFHOVpqWUxaa3VCWldzbWh2ZjVkUnpKN1pvSWNwTVpQVFNRNGItTUZKUjg?oc=5
2026-07-05 03:00,The Motley Fool,fool.com,3 Reasons to Load Up on Netflix Stock Before July 16,https://news.google.com/rss/articles/CBMilwFBVV95cUxOTVJQRnJqN3RWYmFQT2dqd25tZ3pFYUFoaHVCLUJfY1RfN3dCVkdfM04zeExnWTZKNVhXTTBxWF9WN1RVLUNvOEpkS1hER3pka2NyMFJCdzVUV2p4Sk9ZU3hKSjljNkFKYmxCaHVDUzN5VVZJcjNrU1ZZb3pOWHRtdmd1eGcxZGx2dUg1czFQaWl0enBXbFVF?oc=5
2026-07-05 03:00,Yahoo Finance,finance.yahoo.com,Prediction: Netflix Stock Is Going to Soar After July 16,https://news.google.com/rss/articles/CBMiogFBVV95cUxNV2xxWVAwU2s2YTE5QVprUjd0SWszOEV3WHdfc2ktZEd1MkN4QVpLZVlEcXhoRUVKdElUQk9wX2RaQUdVZTFEa1hkRzIzVU1FenFKU0hCMER5Mmw0a0E4Rnh2Ykk4NFNHYUkzVGhEZG13VTdMamExNXF3RzI2Z3pWcVdRTXVPYms0MUdYWlcxdDNpNjR0UEVOQzVRWU1kQmkyX2c?oc=5
2026-07-06 03:00,Benzinga,benzinga.com,"Netflix, Alphabet, Nike And A Consumer Defensive Stock On CNBC’s ‘Final Trades’",https://news.google.com/rss/articles/CBMi5AFBVV95cUxPQjdPcjFFclR2Um9YQ3g2cUQxdnRSSGF1VmQxellpMXpicUNJRHM5dTU4dVZpQlh3anpaQ3BsNjVIaUF0bmhaTGVyVkRoR0ZKbGRfYWRPLXl4MC1MeEZZRzVQN01heFZvbk92QnZVRHYyN2RnUzhhZlllMzRWZ09Dd1VEQkpTWUsxSnFOOUNIOWxRQzRRVUZ2RENJRVlMUkYyZEtQOE9ZNXliT2xGbVM0Zk9HNzd3Mmp5ZkpfaHZKemE4OUVRU1NiQnlKSlFrRGhqM3lJdEhHZEdQdGFtclo4dFJwUmE?oc=5
2026-07-06 03:00,The Motley Fool,fool.com,Netflix Has Crashed 42% in 12 Months. Is It Time to Buy the Streaming Giant?,https://news.google.com/rss/articles/CBMikAFBVV95cUxQWDVodGNMM1hQeVRYTVpJQTdYck1XZ1RUeWl4Uzd1QUxaS2V1eW0tN2R1Zi1iR2tHV0ZPMFRMS2lDaTkyQV83SF9LWXVjUmg5ZUxvQWFBN29DajJNWk9YdnB2ZEZTYXdsbC1HQm9WcDRvQkxCTVc1Vl9mZmRyVVhNbnAybk02MWlRMUtKdS1rbUs?oc=5
2026-07-06 03:00,Yahoo Finance,finance.yahoo.com,3 Unstoppable Stocks to Buy Before the Next Market Rally -- Including Netflix (NFLX) Stock,https://news.google.com/rss/articles/CBMimgFBVV95cUxNMGxfdnhqT1FYR0tFNlcwUG9fbWplTlI0QWRWb0tyaU1uTXJYQ1BncFltQlZTRWZfVVdvbXBHbzlKbmF0LVVobTlDeUlYMk9tOUVEQ00teTc3eVJPZ055a1B2bHllX3JEeVQwc1JlcEUtUV8zX2FJenNkcUV4Y2xEekdMMzBHcmp1WFBUeFdlTmt4YzcwUWg4T2tn?oc=5
2026-07-06 03:00,Yahoo Finance,finance.yahoo.com,Netflix (NFLX) Stock Sinks As Market Gains: Here's Why,https://news.google.com/rss/articles/CBMinAFBVV95cUxQN25BWWZkaVBHYmFLZXZVV0xVWHJLUl9OeHRmdWJ2bnRBM1hPV3ZOT1preHY5aGc5QnZWcVZOWjZuZUpVNVVGOEo0bnRuSF83ZXRteEF4dWtIdjJ2elcwZExTUGF4bUZTdlB5MnhlR3JrazBVcWFlejE4d3pFbTdpQkY5UU5WZXdGSGR4OWxUYnZ0d2F5eEtXV2tyVXQ?oc=5
2026-07-07 03:00,Benzinga,benzinga.com,Netflix Shares Edge Higher Tuesday Despite Persistent 'Death Cross' Resistance,https://news.google.com/rss/articles/CBMi0wFBVV95cUxNbzJTQjJUQVVZTEwyOVpXVmlwaEhGZ3VHaGRpdHBoTkxEeU9VdUdtSW1FcmczMThldk9ucDI5bk14YXdDb0VaU2JZbTMyeHAzUk1QVXlWYXpvektsNTZqaWszTlJ2ekRqN0ZGWDhYVXZFR3J5LTlHTHFBZlRtck9LaEZVTmIyMUYzSDBUa3k0TkdINUg2ejJKSnI3ajJuckFYUm1Sbnp6ZjViUzJYaGMydm9LX2FYYWlwaHd5ZTdIY2xvTVVvbTQycFFPa1Z0YkxkWlZ3?oc=5
2026-07-07 03:00,Seeking Alpha,seekingalpha.com,"Netflix Q2 Preview: Live Programming Presents Opportunity, Shares A Hold (NASDAQ:NFLX)",https://news.google.com/rss/articles/CBMisAFBVV95cUxOUVlBTHQ2aWlFU3JkbExPZFdrenBabXgyMnVMTGI0YXVCRjlJZE43Z3dCN0JzMmRVekpmejB5VUdkNHBIOVhIZHRrbmtvRDBQQWdwTEtHXzd6RUJkcHFjRnkwdmJqdjVRT0MtQjhyWnJ0ZFNGcEd3R1lDdWZVQjR2YURpOU1iLXR0RThfMUFyQ2FzNFpkWGE2LXRxUXlTSmVHYzEyc0xnakZjcktYQXBXUA?oc=5
2026-07-07 03:00,The Motley Fool,fool.com,3 Reasons to Buy Netflix Stock in July,https://news.google.com/rss/articles/CBMiiAFBVV95cUxNQXJRa0tYNW1iSjhWd3VXWDI1TGNWeWJaWTNGOWFBWkdGaGU4TENSdzFxNkltclQ2LXJJcWVOcmhvVVBrcDdZOVpQWHRrdDF6dzRKSjl6UGJtUGw4VS1ldmNYRmwyMWM2eGdaeUpnd01CWWtyYllOS1hZU043N2VTYUROV043OXRM?oc=5
2026-07-07 03:00,The Motley Fool,fool.com,Could This Be Netflix's Next Acquisition Target?,https://news.google.com/rss/articles/CBMikwFBVV95cUxQZk9RV082bHJ5UGNUZkl6bVNSLVNuTTJuR1Y2WjdwSUF3M0l3WXQ2dkhGamhVMENDMmpXM05jQ2VLcG5wQ3hlUjZfUE10STN5NkM4N3U1RG9lU1hSM25zM0V4ZXhvNVJ4WkpldG8tTmg4aUFjRk9FVTRsZ29YZ3MydVF5NXpXUnVqRVZaOUhtUVN5ZTg?oc=5
2026-07-07 03:00,The Motley Fool,fool.com,Netflix Stock Is Down 42% From Its High With Earnings Due July 16. Is It a Buy Before the Report?,https://news.google.com/rss/articles/CBMimAFBVV95cUxOczBjb1lvVFlvdVV4cER5dDdCd3A1eVhPSXNVaVRldlBmQkdqaklBdkFaMGJrbi1SalJNZEluUUpkaU52M0w3ZlZPRW1FT29yaUhPVFlLM3BMbE1pOXE3T2NBT0ZWQUd1a0lQZFFWZ2JWWEp6bjB2N0RleW5RaG1WNThDMWJla0V1Tm5QWTA4MENBaEZfTm9fQw?oc=5
2026-07-07 03:00,The Motley Fool,fool.com,Walt Disney vs. Netflix: What Their Revenue Trends Tell Investors,https://news.google.com/rss/articles/CBMisgFBVV95cUxQbnpLeFVDOFljOTROTHhqMW5tUkowSEc5QUhBNjZUaV85NWVjTmZybXFqNU9uWlJNcU0teC10TFFBR254V1IzRW9Sa3IyVmJPeHdzYXR5Mjl3T0JwSC1iTkNYaUpxOUxubkJHdUY1XzBXVVNJa3JnVDBVb0JzdHozMlVoN2dNUTNEaGNLME5BT0U1bjNTaVl6cnhFR1hMQ0lzNm12b3FQT1BrZW5yNndBNnd3?oc=5
2026-07-07 03:00,Yahoo Finance,finance.yahoo.com,Netflix (NFLX) Stock May Be Below Fair Value Despite Raised Cash Flow Guidance,https://news.google.com/rss/articles/CBMimAFBVV95cUxQM0h0a052V0NaR0RhWnRrQi03T1FFV1p2cWc1ZTFaZldCYzIzVVZoV0hCTHZ4UXUwaXFKdUhJb2l0NFdCNVlSWUZma1pQQ2YxUVNJRkNVUmRBMExjNkJpZ3Y1TEpvSDZwc0xXN1Q2WUh2My1BMUEwbmhSaXRyM3ZSMXhlQUl0QVRwdFhBc2hsdk85dXE1QTl4YQ?oc=5
2026-07-07 03:00,Yahoo Finance,finance.yahoo.com,Why Netflix Stock Lost 17% in June,https://news.google.com/rss/articles/CBMilAFBVV95cUxQNnRfOWJDXzVwTmVwdDNJSm1iYjk4YWl4M3FEcVQyUW9rWUFHZTJTOC1yZ2RPNVFSN0M5ZzZHMGFiYU8tNlI0blR4UU84YlpXMkFDanV3ZXl4MDRSMk5sa3g1X3NLelNSSnNoZHpsd1pxY0NqR0xmeDZTNGo5SXl5UXRmeUpWd1ZOMDdyMTZDN2g1ZnFO?oc=5
2026-07-08 03:00,Investing.com,investing.com,Bernstein SocGen lowers Netflix stock price target to $100 on subscriber pressure,https://news.google.com/rss/articles/CBMi1wFBVV95cUxPOGNqb054MnBKRlFPb21vX1l6UWdsN0RpaUZqc2t2QWwxc09tcnByemFoMVFwU1E1NkF6R2ZvUnNUdHdwQXBvQXY0cXg2TjVNWXl6OTZwYkJKaHNiVVBQNHhGRmFPTVNlTjZ3TUh2V25BNGVocW9SSkVsZnhZbTk4bTdXUHM0cTg4SnNkOU9OWkxxMm44cDlfaElyT2p4ZWtBbzhqbnJjYWdOVThCU01RNWY1RnlPTnlFRXhoMUttRkMtdEM3ci1ZdzF1OHRCZUd5VC0wZUlkVQ?oc=5
2026-07-08 03:00,Seeking Alpha,seekingalpha.com,Netflix: A Knife Actually Worth Catching (NASDAQ:NFLX),https://news.google.com/rss/articles/CBMihwFBVV95cUxPSGZvTFh0d04xQU5iUlNFZkZxRTlKSXBucFprak11NzdKS3NoZHlHM0xCa1hXbWczbklkSHhpSUF2Z0pNWWduNlFSVGpFSnNTREFwOEFad2cwZG9fVXNZNHRiR091LWY5MlhwTVg5bC1mSno4SEs5azdNd3ItMGcwU2FXNi00bmc?oc=5
2026-07-08 03:00,The Motley Fool,fool.com,Why July 16 Could Be a Turning Point for the Netflix Stock Price,https://news.google.com/rss/articles/CBMimAFBVV95cUxOdUZlRGNjdFB2SVdMZERtWkNtaTlDWktRcElYR0VzVzZDcnVveEQzdjJBLTRqQm5iNzUxbUUwZUlJV2UzbktFNFB6MTJJaGhIbFJCM0xtaGVxN2ozbFRqV1VRMmxFcFg1UjZLUGRHakJ3ODQwSzEwRVZtQkEyY2JXV2gtSnpxUTNyLU5oVG12SE43bzJTVlhnZg?oc=5
2026-07-08 03:00,The Motley Fool,fool.com,Why Netflix Stock Dropped 24% in the First Half of 2026,https://news.google.com/rss/articles/CBMilgFBVV95cUxNdHpKV2h0ZVRVR1pSQ2VrM1BPeFJQczFOeXN6dzZDMllWd2Q0a2c5Y2NSSkVlYm5fNkoxV2VvcG9rU0tMdkNKM2FjNUhTckhPYjdiVFp1SlNsQWl2TGJPQkR0WUN6OXZNbDg5dnEwWW5fVnpwZUVEeEQyLXBxS3picmkwNUYwbHJPNE42bzdoX1NpQkJEa1E?oc=5
2026-07-08 03:00,Yahoo Finance,finance.yahoo.com,Netflix Stock Slumps Ahead of Q2 Earnings. Staying on the Sidelines May Be the Smartest Move.,https://news.google.com/rss/articles/CBMimgFBVV95cUxOcjRCS0JhTW45RXllYV9sRUhqU2JTZjZCTGUwODZPRm9uSk9oYXBoQXV6RjBvb21sUC13TkE3dlJKaTZ6Zkdnc0U0U3lYS3MzMWNfUDNCdW5VMGktRmJPN1J0emlZOURVSU02a195V2Q3Umg5S0Y5a01MZ1psdHdpTWVubDd6QVA3bFVtN2QydkdmNHY2NWZ1T2JB?oc=5
2026-07-09 03:00,Benzinga,benzinga.com,Netflix Stock Slides After The Bell: Here's Why,https://news.google.com/rss/articles/CBMiqgFBVV95cUxOcUdDWDNTS1BVd2c3UnB3X2RBcllwM04tSHAybVVtZVVsWkY0QVN2RUs3djJEblZ5eUU0VFNxSkRyTmx2ZExCanNxLUNWaEd1RlFjNlZmbUN5dk5WbUY0YzJaWGN4SXhiLVBoLWtKc25xTF8xTEFtNEJzN2tTWVU3UVJTY3RoZndQdy15SE1XemRJMWRya2RRZHoyc2VUR2VXQUpDWVZIbnVTZw?oc=5
2026-07-09 03:00,Benzinga,benzinga.com,Netflix To $100? Here Are 10 Top Analyst Forecasts For Thursday,https://news.google.com/rss/articles/CBMiqgFBVV95cUxQUnpucDQ1bVg3cWluazZnWjRQUkNoV3ozWXdKamlhVzN6X2Vkam1XVVc2RElJWEd1TlE4Z0N4dVVYbjVPRHlXaEdxMzNUOXJLdmx6TTMyYk1vRUdXN29xUkxiVEpSZ0VnckgxbG9WdVZaSnowaDRnYW9WWXJKZTRzeGhsWERBb2Z0cEY1b1JpMEk0ODdSRGc4ZnY5WG5fNS1XWDY4cEt6bDRIUQ?oc=5
2026-07-09 03:00,Investing.com,investing.com,Bernstein reiterates Netflix stock rating on World Cup impact,https://news.google.com/rss/articles/CBMivgFBVV95cUxNcGZ3WjhvbDdOYlB1dFVSQXpCSHJWSzA2YXNjdFdLM0xaRTJtVGNfMjlfOFpxcEhkU0t6eGhrcmZSbGt2cC1uaVdYdFRHRHdFQnhwMmJwWVZQaElLRW5Ob2ZIOURrNjdiY21vanlEc1h0RC1FUlZNOGFnNmNOQlhJM0dWRklIZy1fb1pWUkN5LWNDa3pMTV9obFJDT1JTV3hNZGloeG1nTGJwWnFqYzRsaVR6RDJGT1hjYTVRcXJB?oc=5
2026-07-09 03:00,Investing.com,investing.com,Netflix options signal 7.3% move on July 16 earnings report,https://news.google.com/rss/articles/CBMiuwFBVV95cUxPY1dDbmtxeHRzT1pQS2hwV2JULVhIQ1o2NnM2SEp3R3prZTkydXdwVHlCUmMwT2h1MDdMRlA1NU0xSnFtaXVnc055bmh3NThjSjRHd0tEcTE3dUQwVloxUThmODVzZmhiQVpENjBlLTZqSkQ2Ym9kQ1I0YW5mUUVyejRxSHZjeVZtalUwdmxNcDN3Sm9RZURDNHRFZWduTXZRclktYS1vNHVxSGdEM1EyemIwdUpWYmplcExV?oc=5
2026-07-09 03:00,The Motley Fool,fool.com,2 Brilliant Growth Stocks to Buy Now and Hold for the Long Term,https://news.google.com/rss/articles/CBMilAFBVV95cUxPMmd3OUpXUzZvdHd5ZWVuVzdLaVBvazhuZWE3dzNZLVhtcE9yeFk4LWVMM1RKYVowb084UWMxS29tX3Z6VEpOeHdjVVFLLVZva2Z4TlR1YmNxbUJIOWIzQ3ZjTmtLNjd6d2VjZ0xXT0ZkeUpJVVZ1LUlLNFZFYVJsNlVIb2dHYmFLS2Fwdk0wdnJfXzZM?oc=5
2026-07-09 03:00,WSJ,wsj.com,Exclusive | Netflix Is Exploring Live TV and Bundles as It Struggles to Keep Viewers Hooked,https://news.google.com/rss/articles/CBMiwAFBVV95cUxOdkZJdDQwQ0tPWlp4bkR4T2kwWWkxQ1djRVBiV1pMaWZ3U01hUjdxX0VrYkU1MmtmRzlWay1iMy1aX1pOYjJtUVpWWmdWczhvUWVDeEtRWVg2clktSnV1bmIyWXJCYnlXbVlkdTM4aklWNGNXaU9idjVTQzdHdlVJU3B1REptaldkcGJfVy1ZZlVJNW5VaXBMRG9JMnM0MkVPYS1nZlIzZnliY181S2ZaVTdnU0J1WW5IUUNDN1B6SWc?oc=5
2026-07-09 03:00,Yahoo Finance,finance.yahoo.com,"Netflix (NFLX) Is Betting On Gaming Again, But Analysts Don’t Like The Move",https://news.google.com/rss/articles/CBMinwFBVV95cUxPbTdjYU5ZZkt4b2JtWlZ6QmNGRTFuUXBGWTdCY0V0dExvRjJDQU9PV1RDTzE3UDlLMUl3VVBYLW42cFVSamZyR3hzcTVkQnZlTFNMYWwxV1VpN1p0VF9CTlQ5OVJmelFmSkF0dldWS2xMYzZnd2hINDJpUmRZb2lvTFVtSFRVcmxtWm1NT2tOZC0yTWYtWC1ydm9JRmtqb28?oc=5
2026-07-09 03:00,Yahoo Finance,finance.yahoo.com,"Netflix vs Spotify: Two Streaming Giants, Two Paths, One Clear Winner",https://news.google.com/rss/articles/CBMiogFBVV95cUxQNTBEczRRLXhUNWo5ZXU5MWtwSWUwMi1vYjRWWGlNdEpWX1FQVFlIdTc5VDR0SXdSeDJNWk5BTlpQMWpSWjZPSm9nc3MzNjZ5a3ZtRklUQk0tT0MzdUhsa3U3X0tubVFpbVNKZkZnZHUyRWNCUUxnczRZOUFtRzc0cURXWnR4Y0NsLVlaeGtCU0VTZ0NVWF93NW1UcEljSGhxc1E?oc=5
2026-07-09 03:00,Yahoo Finance,uk.finance.yahoo.com,"Netflix weighs live channels, bundles as viewer engagement slips - WSJ",https://news.google.com/rss/articles/CBMijgFBVV95cUxQZ3NwbUFzMThZMHdlb3p4Yk5OQXZnWlRtZ1NYb3ZkM1ZRZGJYV3QtSlRJOGZtUW84dTBtbThNMnE3OXlUZTVGQUV2THBsemhBbU5BS0dha0RxSjRVS3FJbWk3N3Vhc1VtYldxb3ptRUlEWG9JVEMwTEI4SnM3bkRBeG5pZWluc3B3ci13NlJB?oc=5
2026-07-10 03:00,Barron's,barrons.com,Why Netflix’s Pivot to Live TV Is a Big Risk,https://news.google.com/rss/articles/CBMieEFVX3lxTE1qOVduLUg0NkVKRkd5RVRqRUx5c1V3OVFvMkNJcFFwNGhKSk82QmJnakVJZ0NhYTRKbWZJVkNaZ2hRWjUwdlZtTk9CNW1jdWhmRzVObmZwWHFaRVZxdG50OU5xSU9GZFd6R0RRZHl6Q0ZIdHE0VnJJcQ?oc=5
2026-07-10 03:00,CNBC,cnbc.com,Options Action: Netflix options signal choppy week ahead,https://news.google.com/rss/articles/CBMinwFBVV95cUxQM290S0JNTmlUdzNyMXJMX2xGZG1OSUlqU2diMG1RQjNnTW9sQVlQVHJSeTJxb1lUSnFFZEZxS1JXRVpKTHFuY2RVbW5SQkx2bmRYd2k2eFJaYW1TMXBnRFZaeG9nd2R3TkhORXUxQUh3QTdxa3lfSV94UnNfYWN1T2pfejgtdEluOTFJZm9jQ3ZSSlpLUmdFWWxHQzR6aW8?oc=5
2026-07-10 03:00,Investing.com,investing.com,Citizens reiterates Netflix stock rating on churn concerns,https://news.google.com/rss/articles/CBMiugFBVV95cUxOSkpmb2haRTc2YVFxZTVPZjAzbkpmWTFCdWNUS1ZVZEFJT1lIbW9taDRlOGZWMlluWU96RndwekFSVUI3UUlzME9lS2x3VFpHajNJRDQxUDhadnpBSXdhRGtsVjN4THZvNFRlTkJmemxjVldUczFBMlhaUXFjOHlLLTZtdXEtTmtrbmh4Vm5IaUNlMGxtdGpGa19oWlZpaTRMTUFrQUI3WmlfVVFraVh1eWVyS0RUMExPLVE?oc=5
2026-07-10 03:00,Seeking Alpha,seekingalpha.com,Netflix: Time To Pounce The Table (NASDAQ:NFLX),https://news.google.com/rss/articles/CBMifkFVX3lxTE5CWC1qRkNvZm1mWGlaSHJueVFnNTJFeEtZckxPTkczMC1MZi1ERXlzZVRxekFLSGZpNG5hTVdMZW9TZnVzRnQtejJMMjlVbWgyX3VCeC15elZaQjlob0NxS1U4M2w1bE1xazlCMlIwNWNIWGhaa3JoN3BwYkp1Zw?oc=5
2026-07-10 03:00,The Motley Fool,fool.com,Should You Buy Netflix Stock Before July 16? Here's My Honest Answer,https://news.google.com/rss/articles/CBMilwFBVV95cUxNUERsOWRkUDRnRGJSQWpRT1hnYkMtZ2ZTSEcyVVlsdzB2R1cwR01IT0hZNjY0eVkybVNvVlF5SlEzOXhXSTBvZFA1RXoyS1B2b3ZVdWpVSGwyMk94SWIwY20tNUZHNjU4eWUxRHR1M1BjTDc5Skk4M0lvc1h1VmVYRmVyMUlrMWFuVEtnc2NqcVc4VnhFTkhN?oc=5
2026-07-10 03:00,Yahoo Finance,ca.finance.yahoo.com,Netflix report flags concerns over subscriber engagement,https://news.google.com/rss/articles/CBMiiwFBVV95cUxPMHlmV1E1aTh1RW5WSXItYk1lSHFzcnEyb3VSWDh0c0x6b2tTLXJvQmhibWYyZlcyTnc0TVhqSWlUeU03YnozTzQwRlFwcWd0dVdiMjRpM3JVb2l3LVZhVVlhT3c5VkR1OXJ4LUdfaGtlbWkxYVAxX2pjWV9sTWZTOWZqU0JKYWRvcWRz?oc=5
2026-07-10 03:00,Yahoo Finance,finance.yahoo.com,Here Is the Main Reason to Buy Netflix Before July 16,https://news.google.com/rss/articles/CBMimAFBVV95cUxQZ1IzU1RpcUo1d28td0g1Szl2OGl6c01IVy1aXzhGUkZ1WEpCQzhLSV95YjQxelBPNlh0RFo5dlo1bzl0U1dVRHREWW93M0ctYTRUNzJrcHN6OVVNd05kYnExRnBOalptcTdFWVU2eFNrVWtqNXZVSGRGSXFrS1FJaUo4MUtsQ0hlcHB3S0V0UFhvWEY1OTZvcw?oc=5
2026-07-12 03:00,Benzinga,benzinga.com,Netflix Stock Hasn’t Been This Cheap In Four Years as Earnings Loom - Netflix (NASDAQ:NFLX),https://news.google.com/rss/articles/CBMiwAFBVV95cUxQUWJkalJtdDF1Z016d2gwOGU1SjBLQkp0Sm9TR25Dak92Z05haFJkTU4yb0tQdFlRQXdidFZTbkdHUmYyYVczbnd1TFoxd3BTS2lqZmdWck5iVzFOM1JwdHVoOVNQTWRyc0cwWVhXVFRiMHNYTjJsSnlMMjhmRFhacldNZ25zNk5MQ3hzUVMwNm1obG54RzJkdnhMbkhCREhpaWJJNnZxekZMal9xMUM4Ymd2NTBfX3k3T0J1a1NxN0k?oc=5
2026-07-12 03:00,Bloomberg,bloomberg.com,Netflix Combats Questions About Slowing Growth,https://news.google.com/rss/articles/CBMiogFBVV95cUxNaUpteGI1SlVVekZKYk1SNFpadjdnQTd2bHdaNGdxSTNmdV9xdGM2c1lDRzdleUhHMFY2ckNXZ1BnQmJNVWlER1hLMkF5bzg4eDJpOGpVU2FGOFR0TXpOalZXLWs3dnl2YVNRN3JZVzhJNW13Y3FmdWxyc0c5Z0xHRUxfSFAzeEdfYjRfR0c0d0tPclZDbjM3TkdTSWJNVXVYZWc?oc=5
2026-07-12 03:00,CNBC,cnbc.com,"Earnings playbook: Reporting season gets underway with JPMorgan Chase, Netflix on deck",https://news.google.com/rss/articles/CBMiqgFBVV95cUxPZWRRaF9sMVpPTGtPR3B0VzhTRjlHc205NjZRTUl6MHdaRUpoVkdTZnNpOGRwZjJYVG1jVWgwLXpaS29BTTJ2ZHN3UDhzbWR2dkI2N0tVT25uYUI5dUgyWXJDa2E1Sl9aWUtZdnJZN0hnZFlHR28xQXVJbFAzT00zZEtfNjlnZUc3aWNXWm5aaGVtR1h0MENxTHJuUlgwZEsxWGhWZGstVHYzdw?oc=5
2026-07-12 03:00,The Motley Fool,fool.com,3 Reasons Why Netflix Has a Lot to Prove on July 16,https://news.google.com/rss/articles/CBMilgFBVV95cUxNQ0FFMlg3ZjQtYTBHZFNIcTE0SThId1VjeVpkYVpXRWVxLVRXU0tZZEJZTnAyWHZfeXBnN1hIMFpXcDE3UlQ4bDdOWlhhdEF3d0thNWN3Nm4tdFR3aGtYRjYwTWtSN1Y3QVZqLTk2SnU2Wmw5TFl1MktTdmI4WThwTmFvRTA0U2NJR2ZGWEhadTdwX3N3MHc?oc=5
2026-07-12 03:00,The Motley Fool,fool.com,"Netflix Might Be Ready to Buy Something Again, but It's Not What You Think",https://news.google.com/rss/articles/CBMilwFBVV95cUxQNXg2WGNIVVA2WkdpbXVGSDU3SmZmZ3dOTGhFbDdhYmR1Q0tlSzE4aGZaQzdnUW1lcUJ2SXJBQ1pNb3NFOS1sbTBnSndXUWJqMjBqS0Nmb1VlOHpWTnVVNWlkRXd4aVF4emtBLXhVUFpaWllEdmU5Z2Q3Qk9jR0FEZmlscm9JOENpalJNMWlSeVNoaDJFNEhv?oc=5
2026-07-13 03:00,Benzinga,benzinga.com,Why Is Netflix Stock Gaining Monday?,https://news.google.com/rss/articles/CBMinAFBVV95cUxQeWo1QkRxOXJtekFRdWt2U0ZDV1hBR1RwSXJkQXBOWk1wNEpEQXNoWDBZVlAtSXBUV19MNVZGYTRGZ20xQmk5MHdHWExzYkE5RE9Od2lscmMtcFNwaUc4VER1MUlrd19sSmIwRmVKN3RSS1V3VTBtNUZNU2diSVFfZ2lkTjJwREpLSmpxb2VVLUhiTVg1ZU9ONFFZc1E?oc=5
2026-07-13 03:00,CNBC,cnbc.com,A streaming stock risks diving below its key support level this week. Here's what else Jay Woods is watching,https://news.google.com/rss/articles/CBMiqgFBVV95cUxOdl9TRVBtS1Z6d0ZjSUtZeEFkT1puRzdkVENrZC1VcVpyeVB6ampmRDNUTlJvTFgwNTdqNTBzWUx0TUtPaGhTUkJYcl8xamFRbUd0eXo2SFFZMmFYb2w4SWROVHhpXzJsZjdQdzhhUVJyZk9jQ0ZsdndvXzBRMkczdWZCV3laY1g4SkNDM2p4NlBfU1NLazdxSENUQi15Y1ZmWklNS0JQZjBQUQ?oc=5
2026-07-13 03:00,CNBC,cnbc.com,Traders are betting on a comeback quarter for Netflix,https://news.google.com/rss/articles/CBMilAFBVV95cUxNMGxLWGFqTW1zdW5FcXVTbmFGbElNZzB6aHJyaVVqRjFYb1lJZ01ER1ZPckljRC1leEFXOG8zRUhQaXBEX0p5WDZiNmdkX2ExVXE5U1pnR1BSUmJraWFvdUpMVk5YSVlWMkxZOG1NcmZWVkNxUnp4alNoM1FKNXVJWjlfc3ozb2VIdWIzOVhpUjFIaTFx0gGaAUFVX3lxTE9HUVBnQlVwQlo1eWNXTGozVWVmdHBLMG4wYnpYTmJKSVB4eW5FUGNhVFRpLU5SZDFwdFlXNnBGM0wtVVpFVmYtUGdqd0FnOHRWQnZnRU9TQnhocV9PV296MmZyWEJqVzJIV1RJYktSNEFDS0s5MXZMRzNBbVlkaGVzcWQzcV9TTHBKOUxhNzFEdlQwVThCalVvc0E?oc=5
2026-07-13 03:00,Investing.com,investing.com,Citizens reiterates Netflix stock rating on World Cup rights bid,https://news.google.com/rss/articles/CBMiwgFBVV95cUxOeGJUQlhTSVlDUG5DSXNqOWxjY1NPZXpyS1UydGN5U1YzVVNmYnVPOUtVcmc2Q3BFdWRjbkxnRGxFNzdiNWh1NFIxMms5TVMwN3BETDZJVVF1dUM5a1c5SndtbGNEQk5tVjBtQU9Bb0x4OHVBVFB0NW45QVZqZE9Tc2FBbDZMb09ialFKNnNQRzlIYzZCdlhQdWxSZVVtQXM4WGhxN0thbHdmMzBCbDlEXzd5LXVONXhja2dKUDNEcjZwZw?oc=5
2026-07-13 03:00,Investing.com,investing.com,KeyBanc lowers Netflix stock price target on engagement concerns,https://news.google.com/rss/articles/CBMiwgFBVV95cUxQVncwd01wczdlZWdYb0k1akJKX25Cc25rcTNkeVBVNE5GYnFuNEtDZ1hiYjRIMnhaYXJNNlJrSGtCdTRhM1FvdEV1RzFXSjBaMHE4eGhUd2prZWwwV0V0cXh5VENKWEJnZHFBYk5rd1Z5Wno1OF9zakdWSHoxREJyZ3diM19tZnliRnFJSUVXODRqbGhnTS1KSGpvTm96dzFLalhsNnBwTjk3UVctUW5PSWtpaTdZRkNDYVBpWFlWdEpldw?oc=5
2026-07-13 03:00,Morningstar,global.morningstar.com,"Going Into Earnings, Is Netflix Stock a Buy, a Sell, or Fairly Valued?",https://news.google.com/rss/articles/CBMirAFBVV95cUxOWE9qbjQ1WHQtbWNwUmZDNWZ2N3g3YVduS0VzaUt4akVnMHdoOVpsZzhMNEhLRFJITkwtelF1THFjbWUyM0M5TWNCT05CeVdMUkpOT2pyUDJJMnpxVGNDVWVLeVNPd1NDSmVKNktQakdqZVhISlBiU0R5eU12RG1KcVhfeS1lNG1ZdzJER0VCeDl2Q0JZQnFGMEtFU2ZSX0tlaHNTQloxS1VCVnBW?oc=5
2026-07-13 03:00,The Motley Fool,fool.com,Netflix Is Down 43% From Its Most Recent High. History Says This May Happen Next,https://news.google.com/rss/articles/CBMimAFBVV95cUxNT0xPWUFRM1VualhMZjRKNUVfQm9Va3ZlRFhnNnhlcF9vV3VQRHdsQkx3cUFKQzNQLXBDU0M1aTdYLUs3NVlISUhNQ2dUQkpwRnhoZmFJOTZ1bTJ6WUVkRDFWbU84aE1vQ0oyRVY1VFU2MWdqLUxMZ3Q1UDFCSDFMQ2xtTlA5MFZ0OE1ZWk0wQjhwaF9WT3pTRw?oc=5
2026-07-13 03:00,The Motley Fool,fool.com,Talk About Lousy Timing for a Netflix Analyst Price Target Downgrade,https://news.google.com/rss/articles/CBMimAFBVV95cUxQYTZqWGdCU2VkcWhjd2RqZzQ3UFQ2bG85ODFoTUhBaWhaRGZzXzV0b3lPQVJ0MVd3UEF2S3ZBMFVnNGdEQk0zOTBDRVB6cTRmYkk5MGhTLXBiY3hyT29pay1BSU8yNU9lQU1tY3dfNVB3Ti1Xa3ZlclRxSUpGX0RfZi0tVVF3R1dMQlN0UTB6Vmx0bmFtX3lrUA?oc=5
2026-07-13 03:00,The Motley Fool,fool.com,There Are Plenty of Reasons to Buy Netflix Stock. This Is the One Investors Shouldn't Overlook.,https://news.google.com/rss/articles/CBMilgFBVV95cUxPMG1yYnFnYUNYSEw1cXA4c0c5d3VkcE4wb1dJYU5iT2tBZ1J3UDlUanFlWlM2b2d3RmFYSTFyRFFTcGJjbkMzVFdnRTRMR19iVjNacV9BdjlXNVlNamk0QkdkbGVnUno0VTRZcDQ5REhqUUstbXBqTlRrUU5nNUk2RVlLUTJvemRRdFpERHl1RUhnZjJ6THc?oc=5
2026-07-13 03:00,Yahoo Finance,finance.yahoo.com,Netflix Q2 Earnings Preview: What To Expect From Upcoming Report,https://news.google.com/rss/articles/CBMioAFBVV95cUxPNFdkaHYzcVR2UWxpTGFOYjFoY0NFSERKRmpWQzNuMFNOYjAyc2hEbkgwa2NXU2h2TGhFOWpsT0dfT29NTkhpMklCcjlMUG0xR1ZMMEpMVFpKWjFLOE5rV0hwWjhvY3NwNWZ6c0FyLWU3eWRvMmlnVFRGWW1wdUxKQlBPUl9UWXBrZEE4SmttNU12el9BbnVRX203T3J6Z3dP?oc=5
2026-07-13 03:00,Yahoo Finance,finance.yahoo.com,"Netflix Stock is at New Lows, But Its FCF Is Strong - Is NFLX Too Cheap?",https://news.google.com/rss/articles/CBMimgFBVV95cUxPTEZwVFlIdVlsYTh6YjdBQmhmODhZcjItejZwdF9sb0N3bC1DNWRPcE5IUXEzZkNqQWo0bnF4YmNWYTZoZVhTWnpxRlYyY2NLam5RN1Qyb0RXNGtUcVI4dnlyRDFsdFhDbG5tRWZmcmRtbU4xT0J2dUVKSm9lNk1pbEdxUl8tZDhFMHNWMm0tczAxdmpoaUVrTWx3?oc=5
2026-07-13 03:00,Yahoo Finance,finance.yahoo.com,Netflix may be sitting on another tough quarter,https://news.google.com/rss/articles/CBMisAFBVV95cUxPM0JuM0dJZGJ6Z3VtX05hOVVPZWtrTi1XNno2SWdOZjNvMWUybEVYbVg4REt1TDlIWFlOX2NmNFZjbkFxZDN0OGFDVTJENDA5U051RXBuTVBLWVNnbXNBb2U0eXJGbUhXbW9yRHc3aGZ5eFhOSDM1dm5CVkhhM1c0U1BjYkExYTlWd0NSN1dFRlE1RUhXNk81blVsZHI5WUJ1UGx0Qk5JVkNtUk5tLVdnQw?oc=5
2026-07-13 03:00,Yahoo Finance,finance.yahoo.com,What Analyst Projections for Key Metrics Reveal About Netflix (NFLX) Q2 Earnings,https://news.google.com/rss/articles/CBMipgFBVV95cUxQZVlXdzNJUXFUU2xVY1pyUHVndTFIME5NeHdNUzJ0UWNwMU80a0x6YWdSaHpFSC00NTRSV21uNE9JRjZxVzJHbXo1d21LczRIMXNIRE5wRHhhbl9iWTFfYVNMTjlnWEhXOW5rSmFqbndpVnVLbVhsbUZWLW1kanBEVVVvX0dJOUlEc1p6WlV3WE5wdmNkdEdwWFdnWW5wSjF2TW5DeVBn?oc=5
2026-07-15 03:00,MarketWatch,marketwatch.com,Netflix earnings are coming. Here’s what’s needed to prop up the tumbling stock.,https://news.google.com/rss/articles/CBMiuwFBVV95cUxQbExTWEJ0VkRDUER5QXdtZUpsZmkwRXBvUUdTTVIxS3VpbkJoWjdzVEtQWEFTQS1YUWZ0Mzhyb3hxdEE1MldLcEdwemR5U0c1T2NEREdSSDBHWW94NEpCV0Y3bUE4ekJCZ2E2bndFcHEycy1qLXdrbGxTX21Fb1E4TElxS1oyRFVYaHdLVHRPNTJONUN2Ny1aRHl3MzRERnNUcFA4YUVrVUpaZ0l6VEpKZ2RFQnpKUEI2Vjhj?oc=5
2026-07-16 03:00,Bloomberg,bloomberg.com,Watch Netflix Earnings & Chipmaker Rout Hits Stocks on AI Worries | The Close 7/16/2026,https://news.google.com/rss/articles/CBMif0FVX3lxTE1kODBFRUlKMVZiU3c2TnVSeDZmUnRUWVBvTER0aWVFeTBRN3c5Q0NoSEhqaGlrMENvNnI2RWg0LU4xMVNHRWVRbnRFaFM1YlVUZGFaU1lUaW1STGVfbEF1QlhCUFUyVUhQc1JqckNBcllzLVN1bVA4akpCSGFFM2M?oc=5
2026-07-16 03:00,Bloomberg,bloomberg.com,Watch Netflix Pullback Is Opportunity: Ross Gerber,https://news.google.com/rss/articles/CBMiqgFBVV95cUxNTExrRHZUR21FTkhMUTBSVDM2M3U1ek1zLVFHeTFnU3M3T1VocURfd0ludlZkbTBsV25NUGdYVkdKdDR6OU5wQWNyUmxhT2hTZTVfYW5tS1VuY1lQbDdVYXVmT09OT3VXU1h4RmlsQmp2TGgySjZxekVuSzhveThBeHppeE5EMmlISy1CTThQOWthdm9FWE9KZmN0NDZkNGM4ZFowSzZzS2VDUQ?oc=5
2026-07-16 03:00,Business Insider,businessinsider.com,Netflix shares fell 8% after it turned in lukewarm earnings and cut back on how frequently it releases viewing data,https://news.google.com/rss/articles/CBMiqAFBVV95cUxPQWdVS1JuYUlUX2gxWGxDczgyVW9HYzFCWVhKeWljX0NYV2RMcWR2R2x3dVFaSzBaX1hTdG9ib09qMW84RHpndlNGRnVQZUM4dHJlbzdqb1JJb1F2c1ZXbUVJZU1GMEZBM2RHc2tyVjlYNHlfRG5tMXRsLWh6Q2JjeE5GWnk2UWJUVHN5RTF0X2M3SzJyLTZGOHVKLUR4QUFGZ19TbzNKWjk?oc=5
2026-07-16 03:00,CNBC,cnbc.com,'Fast Money' traders talk Netflix sinking on Q2 earnings,https://news.google.com/rss/articles/CBMingFBVV95cUxQQXFhVk96Q2FqSi1oTG41SWRVZlFmZy1Hc1hHYW1QLWFnbU5NeEV4TXV2Qm9yWHB5MWdtVDh0cU5abkZGTGJsa2E2THpzTW43M0p3MVgzV3ZmeGtzbl9RbUVSRjBCbUtPaV8wa0JhMGFlS3Y2dVpTS2ZjT3JhOS03TlBYRDVkR3o5Tl9YQ2pvNFppbm5GVnV6bkVOY2QyUQ?oc=5
2026-07-16 03:00,CNBC,cnbc.com,"Investors fear the Netflix flywheel is broken, warns Lightshed’s Rich Greenfield",https://news.google.com/rss/articles/CBMivwFBVV95cUxPUndoVHFKc29ROHpfc0xoTnFrbkJoYl9YZlJCa2FaY1VjODl6ODNkS2NaS1NCd3FlcjBuMXNzcWFndzMtaWJjc0Ffc3lmZG1IRmZRS1otVnlhY1FXckQ0NFRXQ1c5T2ltZEw0R0drWFZtcUFCRXo4amRKcDF2d3plOUlfeE1GS3RsUG5sSFlweHNPSEp0OWhhRTFSc3QzUzg1bFhhNm14VE1nQndtVE9EajRNNXUzcTdBZjNHNzhTQQ?oc=5
2026-07-16 03:00,CNBC,cnbc.com,Netflix earnings: Here's what to expect,https://news.google.com/rss/articles/CBMihwFBVV95cUxPbFhCeXJ0RkRwdmsxbVRGRGx3cm8xVEZ2MlQtSEhKeXBaM3lDVDdGVmsyNUM5WkI1SVUycF92V3FMcFBoMkhmVlk4MWJySEd4OWY2M1AtNEpYUzRxdDYtUktSeVVnYXZWWjU4aW9NbFVUanAzTXc1eWptck1KWXhBLVRhQTljVVU?oc=5
2026-07-16 03:00,CNBC,cnbc.com,"Netflix shares drop more than 5% on mixed Q2 results, Evercore ISI's Mahaney weighs in",https://news.google.com/rss/articles/CBMizwFBVV95cUxNZzNhZjdZaXlZczhCelRhLXBxWW5oRHJXZVVHMTZJZk9MbHFPYmlrbTJ2WkV5bHpwYWJaU18zVlR1RWt1X1VqSVdPdGRVcVN3YXY0SDQ2QVZicjFpNVN4cGNaNVBneENjT2xNVGRIaGJHY2gyV1pMSTA4RTlYUzVVdGhXMFJ4YmhEUEJKeGNWQ2hncFhLcG9raUtuamQ0TFpUZnc2VG52bG4zR3BjLS1RdUdlcVZZcXZ6eEkyZVNDOXZqcHR3NlFiMVNLRzctUTQ?oc=5
2026-07-16 03:00,CNBC,cnbc.com,"Netflix stock falls as earnings forecast disappoints, company says it will give fewer engagement updates",https://news.google.com/rss/articles/CBMidEFVX3lxTFBDTjQ2OUU0bnVvS29IVXdoVTFnR3R2TzN5WktIODMwcWU2QndfSnVXd3llZHN1NGo1RGlYZUsyd21RcVdxSU9wOHBhZ0RiM1dLYjl0WXM2ajJWSEk1QjZBal9DNk9MQll6VlZNb0FZS2ZIUWVE0gF6QVVfeXFMTUtCY0xLS3g4NndzeHJMNm42d0lqS1B6OUtKQTdsMmw5WWFQRlFMTGdwNHU4bnFTeUdjQ1VkM181dHdfYnlOMy0wUng1ak9jamhoLTNXUWZLcE5FcWhHbENNZXlKdEZudW02cFUxOGFPZEs5X2RvVXVndFE?oc=5
2026-07-16 03:00,Forbes,forbes.com,Netflix Q2 Earnings: Live Sports Are Crucial For Future Ad Growth,https://news.google.com/rss/articles/CBMirwFBVV95cUxOOVdZUVhFSl9uX0JOQm12M0w1cXFrNlhhdVJXcVFyYzh3VDJJRzhBejBnZ2ZONENRc3dtWDJDUDNGN21WSE41dll3T1dJRzNtMDVKWEpiTng2amdpN2ZMUWwxNkppVEZTN0UyVU1pdGx0MTFONjdOeExZTTAtZHJndFdmdGFCY2N0MHlMcU1EdEVqVnNrRnNQc01KN016NVFjNXhmcS00Xzctbks2TlJN?oc=5
2026-07-16 03:00,Investor's Business Daily,investors.com,"Netflix Stock Drops On Q2 Sales Miss, Weak Q3 Guidance",https://news.google.com/rss/articles/CBMihAFBVV95cUxPekQ2RFNvcC1iZms4RjZ1Q1RHZjluSFVlRFltY0piTVJQbW9KOFA0VzdFVW1fbnhrSzhPVHlweXB4eEt0WmlTbEJrekRCOTU2YU1pMk5LRkpLV2ZRUXZDck0zWXg2RHg0ZlNtNlpWTTBfV3IzbkRnWlZnWHVxaFRuUXVhRUk?oc=5
2026-07-16 03:00,Los Angeles Times,latimes.com,Netflix reports higher profits as investors worry about growth,https://news.google.com/rss/articles/CBMizAFBVV95cUxQMUFPV3huT1lnYVZvdlIwVnAwMG94S2R3a1dGaXdfaTNJUWE5Y29fUDluZU91TzRHMWFWLVBqdWppT1diM1h6RGw5WHpfZ2x3NEQzdXktUHp0RDZKbGtfVzAxTjJhOERiY2dwdWlPTGw0T0xiT1poQklpSmpCR3JsX1pDekZYdDBvb0xzNlJtQTMzeGs2RFdWQ1lzSzNYMmFvazI3VGRVRW5FTHhZLVZ3VHZlSTdBTC1DRVVDNUJjVmlRVmthbDE0dWtZbWI?oc=5
2026-07-16 03:00,New York Times,nytimes.com,Netflix Revenue Grows 13% to $12.6 Billion,https://news.google.com/rss/articles/CBMie0FVX3lxTFBBM0V1VVQ5MUN1R2d1eTJLM0ZLMkJ1NEQxd3FPMkYxYmVmYnRRQWE1S1g1R2Q5Z0NxRGoxc1ZwMTJYNXZrMFZuNWIzczhaRlRURGU2MF9OMTZiTjIxU0k2UEF2QnRoQlhrLTNYZ29fSUNuRHJSSVVFa0NHbw?oc=5
2026-07-16 03:00,Reuters,reuters.com,"Netflix earnings forecast disappoints Wall Street, shares tumble",https://news.google.com/rss/articles/CBMiZ0FVX3lxTE42aHJDcUVPNzEwbnFsZzN0V1VWLTh5Q2pOSmRwRmRlc3dLWlVKM0ppcjFjUDRVTzNHaDFldXRsRGozcGNBLW01Z2IzMzc3WWtoYkMzenhoeUVtczhQdzZ5S2NMZ1JnU00?oc=5
2026-07-16 03:00,WSJ,wsj.com,"Netflix Revenue and Profit Increase, but the Company Expects Growth to Slow",https://news.google.com/rss/articles/CBMivgFBVV95cUxOcExicUlTYmtqS2VRSVlubFF3dGtGRDY4Vkpxb21OcERaRnBrR2kzSUpMYVVnSWZDd2xicjVZYnUyOHQ2V2FYclB2bnFiWXk0Zl9YX2VzNktSbUZzMEFfbWlFdC1OM3hYd21taW1wSG01cUhrQlduNm5waEFSYU9zNXJKcFB2eUFoRkI1RlB6X3h1ZzEwNUZTdzlHT2FDcnZCTUM5cVBpamhPVVc3WEp4RUk1cnpaRU9sdjBuX1NR?oc=5
2026-07-16 03:00,Yahoo Finance,finance.yahoo.com,NFLX Stock Tumbles Overnight After Guidance Dismay – CFO Says Global Growth Story Is Far From Over,https://news.google.com/rss/articles/CBMipAFBVV95cUxNVnU4YkZRa05HbFF0SHRDdjVLc1gwc0pLNGtqTXpUNFJ2N2lETDhyZFRObWdLUVRPSWxJdmNDTWxrUFFla0xOeDVJSENWMHZxa1BaSzVyRkMtNTV5WlFCLWNWd0o4WkdtbDRVQW42eDE4UHMtZ3pNM1JZY0dMc0hYeGVqMjBuUENXZWV5ZmJYYlJoR0x0MXpiclFyU1pIdGhoc0tPbA?oc=5
2026-07-16 03:00,Yahoo Finance,finance.yahoo.com,The Real Engine Driving Netflix Stock Is Its Earnings Power,https://news.google.com/rss/articles/CBMinwFBVV95cUxOS1hhaVhWUlB5Rmt3RERITkxrVHp3MEZJaWNwYncxODVhZ0RQeUxZN09FQmVINDZ5cm1BNnhLclJNcTJscVFkVW9fUFBwZE5XQkpSbjc4MVlZbUFBY0pjR3BvdXZBNDRYOV9wT3lVMWFsTWRLOVVVNzRUeHdmX01CVnlaTVJhVVlnT0ktZ0NkdUtvdExpNWU0Nk5OZGpmLUU?oc=5
2026-07-17 03:00,Barron's,barrons.com,Why Netflix’s Move to Provide Less Information Is Backfiring,https://news.google.com/rss/articles/CBMiiAFBVV95cUxOM25KcU02ajJ0NWVHVUhTc3BHTnNmeUkyWXRmLU14TXRVcFRjdFhPdVpRa2I1UVpRWmhCakwwTmlRSHdYeHlwbkZXaUswYlVCUl9CTDVXYmZFTmpuWndnZGx2NmszeDNpYVkxbzRvamFpelF1TmhUdGJoSDJGdVZ5R3B4cWZYdEdt?oc=5
2026-07-17 03:00,Benzinga,benzinga.com,Netflix Stock At 52-Week Lows: Analysts Highlight ‘Significant’ Long-Term Opportunity,https://news.google.com/rss/articles/CBMi7wFBVV95cUxQNUpEZl9lLWdQNmtBVHE1MjhIQ3I3QU9MdzVMRDVWaFZXdktoRTMyRnhScGQ0QjBPbjA1a2xNMEtlaG1sNW9hek13cTY0cjVHYVFXQkt4VjZlMEo0aVh6YVFROGlYMGFhcVh2bTNwOS03WkUycG45eGozOFhyOVMxMnhVS1pENHVYbktRbnUwZGV4cnJDbkQ0QTRUUF9sMTRlQ2psMUxJdWszWjB0cXZMTWt1U1NuWXdtcVlMQTA0SXdkemV1Q0U1bVlSZUUzNzdTN2dQc1hJOWhXOTQzdUx0SzExR3Z6VV9BMm5PbllyQQ?oc=5
2026-07-17 03:00,Benzinga,benzinga.com,"Netflix Stock Slides on Revenue Miss and Soft Q3, FY26 Guidance - Netflix (NASDAQ:NFLX)",https://news.google.com/rss/articles/CBMiwAFBVV95cUxNNDRpNmV2QVFFYjU5ejRoZjVrT2h6LXRQZXlxVEs0RXZMV3FwdHlFUHVXN0lCN3NlME5GWDhUWm9kbExnRHlFNGtjWjNsMk94aFZ3Tzk3d0REcFFhYkNyaFZVWUpPZUFEZlJSSWRySV9JSkhBZ0EwZ0JwZERnX2xTUndEODJOdm9yeDNhem1FeGNqUXRpQXJBdExvMmh1MXBNTlhzeWJubTl3WUZKWmVSRThLZ0xTMlNLNHh2NDBNekQ?oc=5
2026-07-17 03:00,Benzinga,benzinga.com,Netflix Stock's Worst Day Since 2022 ― Now Down 50% From Peak - Netflix (NASDAQ:NFLX),https://news.google.com/rss/articles/CBMiswFBVV95cUxOUXUxTzg0WUpKVDJsNjYzQzJ5cjVUVmx2Qjg4cWlaNGZCX2VYWWFRb2tETlJja3FfMUV4aWE3YzJFYjBzN2J5SHBsOU54ZWI1b3FBMzZSQ2VHTzZwemJMcHc5VjZNd0o1bmtjVGYtdDJlTXFHMWVndC12WUpDVUs0b01fOEU1dHlkN2VkRmtmNTI5bGFVTlpOZldscm1ITTVuQ3ZlR2RuMS05MjRzMkJ3X28zaw?oc=5
2026-07-17 03:00,Bloomberg,bloomberg.com,Netflix Feeds Investor Anxiety With Disappointing Forecast,https://news.google.com/rss/articles/CBMirgFBVV95cUxNY0F2WXR6ektFNTVreVpPQVJTbkZYd2ZTTGxGN3ZwZTd0bHVyWE4zTGlqOXBJUy1IcEEzNklkNUE3bGlSSkVPQzBTS3E2a0Z6SFFMaWZ1cEZMM1poRl9ySDBaNy1UYUxCT3BlcEZCVVFoVHlHdEw1MGllcU1CREp6VGxwVE1FWF9Eb3BTMDZvajRYM1h6RmhYMkZtSktlX3dRZHRqeWR4WDJQbFA5TkE?oc=5
2026-07-17 03:00,CNBC,cnbc.com,"Chip stock sell-off, Netflix earnings, Trump's approval rating and more in Morning Squawk",https://news.google.com/rss/articles/CBMiiwFBVV95cUxQM0o4Tkl6TnJvWmQ1ejlQbWxQSUI1X0U5ejlrc242RFpDSWx0RUhfOVFLd0dZYXlTMFlYVG5IY2lrY3hJOE5LNEtPcnhTR1AzVEdBUC1vV3ZGOXRMMjd1UzE4N29EUTcwUU5oUXJublJNUkdVRURGc0JOcFU0TDlEdk81eUMwakwzd2Qw0gGQAUFVX3lxTE5oaUJXeUdCS0xhWllzSGdpRXVMRi1haHZobl9jbXZRWVRyVmlCSUlBU0hwNU41NHgtNU5tbkZlTXhZV1BMVmZsN1ZZMVVsVlZGTFI0QklyMTVOVlg0clVnUFBlemV0M1VuUWZCQXA1OTN4RTY0aWJBQjJGbDFVN0FyZGJlLVFpdXIxcDV5eUhyMw?oc=5
2026-07-17 03:00,CNBC,cnbc.com,"Netflix is a buying opportunity on weakness, says Needham's Laura Martin",https://news.google.com/rss/articles/CBMiswFBVV95cUxNMXJDTnFlMExWZVFUb19JdEF5NWVIUFd6eVBXRllGTDZMalo1dkRjQ3k0M0RqVXVaRTRLbjh0LW9XMTRsX194dmRUcHhIQkk3S0Fpb2c3bGJpd1pFa3JzVUVycFQ5djhPV2RESlYzT3hTUzhGU1R1SndQdUdpN0toc29TRGpEYWh4SlJRUXJiVWJfRlZ3RS0yLU13X2Q0Rm5XS0FNWGI2aVlLaE5mVjRoRmhPYw?oc=5
2026-07-17 03:00,CNBC,cnbc.com,Netflix seems to be pricing in the potential for a major acquisition: BofA's Jessica Reif Ehrlich,https://news.google.com/rss/articles/CBMi1AFBVV95cUxNX1lwb1V6U1BmYlRDVEJVYU42SzhjOGVRclpkNnFUSE54a2RSU05uNEI2c2M3NGZQWnhIQUdaQ0dRNkNpeThTclZUWTlBb3FDejczb05PYUxRYWI5ajdndVVadHVoWEZjeGFrazBEQWo1QXJVWEJkTGFNQjB4WmtqbXdPSDJ6aEJDTHNfVndJYVpBRS01UWxNOVhCbmstRWZhNUZRUTR5VHBxRFF6UEk5YnI4V2FxTU9JcGFNcXRhNlVRcWZmZTBXOWdHRzZaYXpWSW56Yg?oc=5
2026-07-17 03:00,Financial Times,ft.com,Netflix shares slide on disappointing growth forecasts,https://news.google.com/rss/articles/CBMihAFBVV95cUxOdExwNTE2cHF2WTRnY0kyT2pmNVI4Vnp2N09JMkRJX2NMTlBkNUtvcmpOUXYzZzlVQmd1ZkJOOXpsZEJGS2RNU0pEQWw4eWp2RWdZa0hpalpIcnB2T0xBWWx5UnhTNWJqQ0M2aC1TUklIc3RoMHpnc2R6U2RsN3BpWjY1RjM?oc=5
2026-07-17 03:00,Fortune,fortune.com,Netflix stock hits a 52-week low after earnings—but analysts say investors are missing the bigger picture,https://news.google.com/rss/articles/CBMiwAFBVV95cUxNdnQ2RlF2ZUhzaElZdXRnOFQ4ODY5TVBYRV9XQlZlX2hJRmN1X0JkenpLcEdHXzZ0RWNtZW96X2xQb2FjRk1QSW1LNUd1eUt3OFJDUjBjbllBbXZLajVFZ19PRkVqUWhvUVZKS3hzOTRjN3pORC10NVFuOGZocnJmbWs3S1hKYWlsdGRyX3pJVWV0UTZhMGhvWlRZQXc3Ul85amFNVmNzZ0RNZzNsajU1THZBOE1jWEFfWTQ1c2JxcE8?oc=5
2026-07-17 03:00,Fox Business,foxbusiness.com,Inside Netflix's performance and what investors should consider,https://news.google.com/rss/articles/CBMiW0FVX3lxTE9hc2RWZzZUSEdjWlJCVVM3eURSaDQyRDJIaWFsVklvLWZ5Q3JwdUlBbW9SbEg0NmJJVVdWb0tidGtySzZvbnlNdEVkZUdXNm9TUnU4R3NFZTVKV3M?oc=5
2026-07-17 03:00,Investing.com,investing.com,Rosenblatt cuts Netflix stock price target to $75 on revenue concerns,https://news.google.com/rss/articles/CBMixwFBVV95cUxOWS1GUnNQTHdXYVJBTHVlSFFJVUNaM3FvSmpEQ0JDa2lwNk9aX21QSjVBenFTQ0dQX1JZOUlGVE5UamowdTc4aFVtNDhZaVNIWm8zUzdkOU5XWjlQMzBHNG04N2NOVWFnUnQ2X0NMbU56SXA0Y2paWURFSzVSeTNfNl9Vc2F3Mm1yY2NCX3U4WVFoZ1NnVEphOTE1cG91emNWeDRhaDh0UC0xZWxnNmJubERLSkNWZ1h4Q3BoZFg4WDRCaVZISUtZ?oc=5
2026-07-17 03:00,Investor's Business Daily,investors.com,"Netflix Stock Falls Amid Slowing Growth, Less Transparency",https://news.google.com/rss/articles/CBMikwFBVV95cUxPMTQyTUx0V1BqSmljRjJxS1NURDRrWkJWa0UzMFk4YVBDVTdsSkh3aXFYdExZelZ2SV9tWThfZUdOU3dUcldqbFZOSjBoX1FPbjVmNUZJRlU1UXR4c2xYenF6Ry1QZlJZaEdUUjUtUXlFU1I1dkFlNHQydkVkMW5ybEVVYXU5R0ZweU41SWNTQVdESTQ?oc=5
2026-07-17 03:00,Los Angeles Times,latimes.com,Netflix stock plunges to 52-week low following mixed earnings report,https://news.google.com/rss/articles/CBMisAFBVV95cUxOTl9YRVR4aERlb1FISjdmOExlQmFtWk5Id3ZibUN4SVFKUmkxZTFUZnR1ejJXaDQtRDdFMGJWSnVIclp5eE9XSmNDYl8wb2RTeHA1M2FDbFlZS0pTX0piT0ZGUEVEZ3JqNGJTVXBmajBlSWFaOFVkcEJNVGNHRXZ2NWJraXNjSWlTS3V6Q0dWZUVZY2NGRFZTTjVqUXcyeTVIN09SaElSNFp0OF8tdXhtbA?oc=5
2026-07-17 03:00,Morningstar,global.morningstar.com,Netflix Earnings: Fine Results but No Excitement,https://news.google.com/rss/articles/CBMikAFBVV95cUxPa2Nlbld4ODFIb3FnQ2tRY0lQaUZOcFRiNnBLdk5MZU9idXpXaW9mb3pMeWdHLWdjQjBUWEMxaTRBWS1XVVBoMFFMTXRCOVA4dlc5bTF4QjNIQjJXT2JQQlJzYXpsWWtqRFlmSUZPZG1GQWtJSkN5NU5HUGdmbHdIWGhBdmlORjJYeDAtRVpQdTk?oc=5
2026-07-17 03:00,Reuters,reuters.com,"Netflix tumbles as slowing growth, less viewership data spook investors",https://news.google.com/rss/articles/CBMi0gFBVV95cUxQUl9BZ0N3WUtwNC1Zbjc0RFJZSElGWWNjWHR3dFJkbjU4Vm9HTFNnWjUyUnhVUlZMSzJjZExnYk5PWDlrdFdqSU9rOUFfbUw2RWY2QzNqNzlGNTJselBwQmFxR0RtbGR3S0hNY1YtckRoRTdMbGJ0Q2Jrbm4xd2R5TjlwNDVoZktLSHJaaS1Zb3hQdndBUVZTWndJbmtWblZiMUw1SGNqTUlLdXM5RXp0SmJJRDJBakxrLTBzTjBQV3M4c21mMzA0bm9jb1NxcGhhdnc?oc=5
2026-07-17 03:00,TheStreet,pro.thestreet.com,New Netflix Price Target Amid Mobile-First Transition,https://news.google.com/rss/articles/CBMikwFBVV95cUxOdUJqMl9qeXpPQkJLbmRlNXNxTllrdUtUamxoTmgxcDBZNnAwbTlrbGEzVzQyNjlqZGc2SXk0cUdVbVRPU2hSdzQ4R0Mtcjg2X3o5YVN2QmRtWkFDTG94cXZtMmJwSzZ3Y0l4Y1J0WXY0ZXpta241STBFSXlsUE9lZGJpNl80eDh4ZlNrVWo2djg4Tkk?oc=5
2026-07-17 03:00,Yahoo Finance,finance.yahoo.com,Netflix Beat Estimates Again; Why Did the Stock Drop 12% Anyway?,https://news.google.com/rss/articles/CBMingFBVV95cUxNeWR5X0xzT3YzUlV0ODJHNmFHLW9ObnRJUWgxZVBWLUxocFdGM2NFZnF1SmlSektwMlFGR3oyVGpPbEhxNFA0eEVyeEREOVJHUm42cVpicktfeVdOWlBwN0c2dVFGY2YwZnllRW5DXzUtTnJnN3lHelZUMWpRazBvMEVmRVpsTDZtajFTbmhlY1A0bnBPNXhIQ29UMFdadw?oc=5
2026-07-17 03:00,Yahoo Finance,finance.yahoo.com,Netflix Just Changed How Often It Reports Engagement. Should Investors Worry?,https://news.google.com/rss/articles/CBMioAFBVV95cUxOZTFqRUhBdVR2NWtQN1ZyRGI5bFJtdkdGbFgxNGVYTXdFdmt1WDZQYnR6NnZjZ1VGc0hMdm1OcGZ5N08yVmFyY2ZJMFk0akVQT1ZFQmFYOGVMeHQ5cENLN2pndHlRVWdJY0ctLU54RlAxSWxuLTdCcXJ0a1BPOWxJRUJKRGROcVZENW50MmNiSzVGREZnX1dqenhOMVBfYlRu?oc=5
2026-07-17 03:00,Yahoo Finance,finance.yahoo.com,Netflix Shares Sink 9% as Weak Outlook Overshadows Q2 Earnings Beat,https://news.google.com/rss/articles/CBMilgFBVV95cUxNTzRpOHRiNzJNalZCeDNhb21VTXZGcmx2RFM4aENnOGZxRjAwRHNXSkFiZWUwUmM4cW1fZUNaV2hOWWRsS2o2ZV9TMHBHMEhUdURqbTN2VGtIUm5rZlBLNEQ0X1gyYWVhTnpfZ1VnNXY4dHVqV0VlZ1Z4bldIcXpWRF95UWVQN2gxYzdlbkV2b0gyMExySkE?oc=5
2026-07-17 03:00,Yahoo Finance,finance.yahoo.com,Netflix shares fall after weaker-than-expected third-quarter guidance disappoints investors (NFLX),https://news.google.com/rss/articles/CBMiogFBVV95cUxQMWozV19lcXk3dXFvUlZ6WmduTURITnk4SkdCRnBIVUk4cFJ6bElXcmQyUjkwVDFILXVyazRLcjdhejRaQ1ZCc1JvbGc3MEE1ekFIV2NoNzBVdHFSNTc2czJCQUs4RmlxVGY2cXU4UkwteDRiTFZOUXFfckVtTWE5X3lMS2JDelg5blNKcTJQSm1JTkxHbVpSU2VvRTIyNktpS3c?oc=5
2026-07-17 03:00,Yahoo Finance,finance.yahoo.com,Netflix stock tanks as Q3 revenue falls short: 'Nothing here to get excited about',https://news.google.com/rss/articles/CBMi2wFBVV95cUxPdUJtMEMwX2lSZndmZW5WQTU0VEp5YThCbm5UTWRIVjB0dWhFY2RJTFFRZXBiMThqeW1maUU3dUhfM0lDQlpMb3h4V2ZBM0hWQ0pyekRCQVNYLThhQ3JPN1ZYdG5CMVhVdTlnSG00LVpSRGhQM0hDUXBNQTMzdFkxd0xvUmcyR3pzQkNRRnBSdDR3c2xDbDA1bl9pbjFUQ3AxT05JeUFMcnFybzF3WktTSzAtczlTeF9PVVJaV29yeU1oREp5Z3JqSFhHdzBndmdzbU12WlJIeVVEY1E?oc=5
2026-07-17 03:00,Yahoo Finance,finance.yahoo.com,"Netflix, Inc. (NFLX) Is Sinking After Earnings — Should You Buy the Dip?",https://news.google.com/rss/articles/CBMinwFBVV95cUxPREFsMUIxR0Z3RDYyMkhiaDhYRnVZc2d4ekFnR09HM3pXY0NobUNMLWFwbDhvU2JHRWF5Z2N2ekt4eXRONk55WE1ONVU3VUQ0cEJMSzA1SWROQWttbUp6a1UyUkJueU80OWpCTE9GZFRCR18wNDNGSXVKV3k4Zk5TTURhejlxLWpkWEw4MlVDN21IRk5GckxWRGp0TUx0X0U?oc=5
2026-07-17 03:00,Yahoo Finance,finance.yahoo.com,"Stock Market Today, July 17: Netflix Plunges, but Are Investors Missing the Point?",https://news.google.com/rss/articles/CBMilgFBVV95cUxOQmEyRXdYTzFtVThTcTJ1QTRjQ2hCV1FBTzJxU0ZiRU9xUEROaFpsRnBkUDdtempDUXpQWGJXQ3Y5RmlDTVBXZzlMZG1jbTlLU3RyMi1BRHJ0dzgtN01tcnF1MDdpQi1jTjM1LU9uRllNUnREN2ZKNWU1dTBwTnZlZy0xZXZiUkJnazFtcy1pN3RxMlpPWmc?oc=5
2026-07-17 03:00,Yahoo Finance,finance.yahoo.com,Why Netflix (NFLX) Shares Are Sliding Today,https://news.google.com/rss/articles/CBMinAFBVV95cUxNdWRRUjdLT1hqZzhacUc5NlJJNzRiTHNSanJSOGo4a29WMHJBdDR5VUJ4elN0Y1lCbFdUTlk2X19yWTdMNjVPQjVNT0pINnFzUkhHWmItMGxkXzcyZnNpQ3BfSHdoNGxwckdjUE4xU0hWdG54dEZkQ1ZMWGlnS1FsMG5HTGNSVXFqZUN2bVl0c2tyOTNQMmJPTl9pV0Y?oc=5
2026-07-18 03:00,The Motley Fool,fool.com,Netflix Stock's Last Decade Was Spectacular. But What Will the Next Decade Look Like?,https://news.google.com/rss/articles/CBMimAFBVV95cUxNWG9oSlpuWmw0LWdLNnJnVVFZd0Z5bkJCUGtPbHBSQV9ZZVZ6QkZNLWlEN2trdm5pUjdLUHhOZ0JZd056UU93bzl3MXg0Z0tnZjZyYV8yeTN4UUZmSFRGNG5TVnBITHpwVmxrTnhrQVBFNExWdGVsR1hSM2k5YU9KZVo4cUQ2b2RVSG1FTTRra0kxeFdTNVg3Yg?oc=5
2026-07-18 03:00,Yahoo Finance,finance.yahoo.com,2 Reasons to Buy Netflix Stock on the Dip,https://news.google.com/rss/articles/CBMilwFBVV95cUxPMmMzSl9OVDlOQVBSaVVaU2UzM0VVb1ZpSEVHV21DZzNRc3g0Q0ZaUWdzbkdnb0I1YWpGcno3MkhNR0pEZWVoU2tKMWJlQVY0Z2J3RW5rRWx6bXMzekpVZlgta3lySk1GdHBTRFZWNi1ZbkxGeVktMHgxNjF1QW1UUkItM19MSm1NMV9Pb0ItSkRwX01IWHBV?oc=5
2026-07-18 03:00,Yahoo Finance,finance.yahoo.com,Netflix May Be Cheap Enough to Tempt Buyers After Earnings Drop,https://news.google.com/rss/articles/CBMimwFBVV95cUxQVUF3dGR6YVRvT0s3Y0QtOWRwZUJ5eXlDU2ZWUGNOSWp2cGlNOU5JVDVJV0RuYlFqUkMtcVU0ZGNwTlJfNnlLWWtRWkktTXRIc1M4aWIzZEU5Y0xvakhodDV0S05KdWxnTUtZS3dQbDFoODM3LUliQkhnOTM5MFgwOTI3N1ZzQjNxaEhDd1VzUm5IQTFLdEZOVTc2WQ?oc=5
2026-07-19 03:00,CNBC,cnbc.com,Netflix revenue growth slows as viewing gains just 2%,https://news.google.com/rss/articles/CBMipAFBVV95cUxPTnMwZmlyaXdXY3Y2cEhrOGJESDZRcjFMUzJsWG5CREczbUkzbW9ld1RNZjRrWFNlQ2hZMXk0NU02MHNiX2oxMWo3YTA4QjFsS1BsaUMxZ09iVEJ1cHdRMXl0a21UazByLVRMMDUza3Y3NVhUUkFWal8zT3ZoWll1cExBenJLczVlcVFCWlRlTGV3VlJ0TzZOSVJHblphSmFKTlZvYw?oc=5
2026-07-19 03:00,Yahoo Finance,finance.yahoo.com,"Netflix: Down Nearly 50% Over the Past Year, Is the Stock a Buy on This Latest Dip? Here's the Real Issue Behind the Stock's Decline.",https://news.google.com/rss/articles/CBMilwFBVV95cUxOeEpkTDlCMHlZY3pZcVNpLVNMRjRsNy1oMk9ibFZxREpTWEROTmV3clkxRWViQzE5SEpobDVWTnMta1VEVGRQNU1CUWRWa0hqVklUSE56ZzUySVFqRmRRRDRtVkFfUHFyaFRzMUxyLXBkY0xnQ2l2OGI1bWRNQlNmNEZraU1rVVhmYTktTDZxOF9kakhIUVdB?oc=5
2026-07-19 03:00,Yahoo Finance,finance.yahoo.com,Why Netflix Stock Fell This Past Week,https://news.google.com/rss/articles/CBMilwFBVV95cUxPUlBnX2MxQ1FFS3dKc3hQTWU1eE5XdUFQVlplNlE0dTVCMExvQmR6RHV4NmRtZFVIODdRNEQxZXJBYUUtVnBTeU84SUZPZmJfWmg1QkgwbnFWQlVocGFGVU9KTFBZT0lSMUZsZHp4cXlLYk5ZZ2JWSmctdHYyYmZsbDMwc1pSVFlwOGg3dk1kUjlpTjdEZng4?oc=5
2026-07-20 03:00,Barron's,barrons.com,Netflix Stock: Why It Got an Upgrade After Earnings Slump,https://news.google.com/rss/articles/CBMifEFVX3lxTE5ybFg3WkcxN0FrTDdVcWpQSHRkMXRDVTJDTDNkdUZYUnZueE9xSElZeVc4MGNsSnBCRWlrMERpVUhKdktvMmVUYkJSN0ZKSXlIZG5sX2VYWXZyNVYzdGJkamVoT19nSjBSSGl2Qld4NTF6NTI0STQ4RnhhOWM?oc=5
2026-07-20 03:00,Benzinga,benzinga.com,Why Is Netflix Stock Falling Monday?,https://news.google.com/rss/articles/CBMimAFBVV95cUxOemlGZ1NnSkUyMlUzR3VfX3JURk5OMmtiVEtwcmV0U2F3V1lDNWo2T1M3TDlWOG1tMGpJYUxIZnQ3WlZFSzYxczQxM0JGRlZ2MnIxeXpmYkgwRVhzTTRoN1JydThCWXVqQkN3ZHR1djhxR3hYakhqMERtN2tJdm1TbXA2QWdMUnNhaUNHWHpXWDVEcXNhSVdfbA?oc=5
2026-07-20 03:00,Bloomberg,bloomberg.com,Netflix Returns to the High-Grade Bond Market After 2024 Debut,https://news.google.com/rss/articles/CBMiswFBVV95cUxQbHR5cnRXVHd4QlJ4RThhWm1ZcEhhMzQzT3lqY2FaNlNqUWladVQwTFljdFJRTXd4MGlQQU1EcXlTekhGSjZtb2RKOFpORzEwVzlBS1g3bzFjQ2szNkprWmFYVUVSSzMxR01YbFdDMTNWWmhkd2UteE5ydl95emFIZ01sSTgxMF9jbG5OZDEzUkU5OThkRTB1el9VMmJ0YmtMTjluazFrZlpkcWoyN01tQ3I3MA?oc=5
2026-07-20 03:00,Business Insider,businessinsider.com,"'Big Short' investor Michael Burry says Netflix makes milk, Disney makes wine",https://news.google.com/rss/articles/CBMirAFBVV95cUxOOW9PNFVMWW1yRm1hR0pRbFlGU2JOZjRKU01uU21md2hFUFl1eFdYRUhzYWZJZ3FZQndkS24wU3Q5THRjNUFBdWdfVUVmSG9fU1ctakI4dTBwV2lKNXBWUVk4c0xyWU1POG4ybHFPWWYzTjNiTlFTemxuSFBaVU16a2RydkowS2FNT0tJRzlVUVJIVlZHd01qYU8yUWxuamxFNDRHMzRQWnJsN1Mt?oc=5
2026-07-20 03:00,CNBC,cnbc.com,"I don't think Netflix is a broken company, says Jim Cramer",https://news.google.com/rss/articles/CBMioAFBVV95cUxOMEhUOXBrZzJlWjdwMFJyRmlUN1ZISTdHNVZTaTVUY1BtV240U0Zza1lUc1M3bDRSQTRhS1p3elJBUW1wR2RRZEF6WGdHR245b3JOYnlzYzUxR3FRMjNad2NnZzlkU0dMUElQQ3lyRlBSUU9SOU5kdVpBR0pfT04xUm4zeXVRMHJfaTdVV1NJNUpzdzhiVGdIU0Z4RnVSUFA5?oc=5
2026-07-20 03:00,CNBC,cnbc.com,"The last time Netflix was this cheap it ended up being a great buying opportunity, says Jim Cramer",https://news.google.com/rss/articles/CBMi1wFBVV95cUxNZHdzWm85bWJxcFUwbTY2TFVpZm9COWh1eXlyUnNRUG5WdkNPbE5zSWlkODg1Q2ZpMDJjNTZtZmcwMHEtRVVTMUwxbUphVGdFY0xWZ2VNQ3djRmwtb3ZjTnNYT3NnVGdtem9UWV9nQU5udTIzaEUzeVhBOEl1OUtvQnNHT3hYUFhKem9SM1hkWlVWN1ZnVElqdzBRQjFiSWZVVVA2alU1X2w2Wi00QzhEM2pRSDRRamJzSFlFdVNMYmo3anJPVUdORlREVFAzbnpRTzF0WnRRTQ?oc=5
2026-07-20 03:00,CNBC,cnbc.com,Time to buy Netflix? Here's where Jim Cramer stands on the struggling streaming stock,https://news.google.com/rss/articles/CBMidkFVX3lxTE9mZEVaMUJ1Q0RPN19ISDRoSy1yOTk1TXNReUV3Z2Vnbm1kRDdmYi1qNXhadTd3VlVnZ3RNbjlNUEY4cUdENGtic0xWcUZmMVNjOVpicWFBcGZZWVBNT3Y4Vy1KZnkzMWRmV1Z5dDhxT3FRSTRMWXc?oc=5
2026-07-20 03:00,Investing.com,investing.com,Phillip Securities upgrades Netflix stock rating on valuation,https://news.google.com/rss/articles/CBMivgFBVV95cUxNTG1VaGlFYXZYN09JSjVoc3J5WWFDUjQyY1RqR01vUGdlSU9XaEFndDhrYjNPaC1vZmhKcDNFTU1ob01mWFJkSlJMd0dOci1BaTNreE94RFZIN3hxdmMyTFh2cUVrT0psTnlNQ3FDdlNFRDBmS0RidThOM1hIY2hObDU5Uy1hajRXaGZTSWFGYVV2NTRfRElXdmdib0l6U2Z5QXdwMF9ZWHF6aVREcmZqOWVDWXdBMjZwRHFwalRB?oc=5
2026-07-20 03:00,Seeking Alpha,seekingalpha.com,"Netflix Stock: Wall Street Is Wrong, And I'm Buying (Rating Upgrade) (NASDAQ:NFLX)",https://news.google.com/rss/articles/CBMinwFBVV95cUxPMGplSHpyNEUwMXEwUF9Tb0poUEN4c0xUcVVaMHo2N3hjbHFiOWJTTXMySkZxNXVUUEU2cjR2cE5KT1RIZjNpYjg1TmM4X001d21uTkNXTmExTm5wSnhwTDNOMUxLcUlMQUt0N1dGMFIxdVdqbmNXMUM1TFkwTkVnM0hRaGhCZ0RlZWNoUUsta0NjMUk3SVVuTmpUeXFOR2s?oc=5
2026-07-20 03:00,Seeking Alpha,seekingalpha.com,Netflix: A Deep Correction Creates Compelling Upside (NASDAQ:NFLX),https://news.google.com/rss/articles/CBMingFBVV95cUxNRk9hS29EVkM4NGtCS0FCY3JiTUM4Q3lWMTJ1cUFqUmRSRzlEWVN1ZmV1RmVXTjBTQ3RrMjIxT1JSVVdEVHR1U2U0VFY0Z3h4VzAzTHVMY1JkYkprUjlXNnlYdEgwSWtDcUxIWGJPbzF0OGVUeEJfQUY2Ny1HeUJIT3pBLS00UkNTRlczMDlKMTNSQmY5UXJjcUZqaXdWUQ?oc=5
2026-07-20 03:00,Seeking Alpha,seekingalpha.com,Netflix: Concerns Are Being Priced In (NASDAQ:NFLX),https://news.google.com/rss/articles/CBMifkFVX3lxTE92VUNDbF8zd0trR0dIZjVHS0V5UGVQckt6dVg5aUZyWTBzT0hFcl85Mmk4MTM1UnNjME5McFNzXzRkTnVMbERCcWJHUWRjaGFjRzlleEVvVFVJVU90c0tkYVp5OGk4ZFFJNER1bFd6NWVuQmNlbHo1N2FqNU95UQ?oc=5
2026-07-20 03:00,Seeking Alpha,seekingalpha.com,Netflix: I Welcome The Post-Q2 Earnings Dip As A Buying Opportunity (NASDAQ:NFLX),https://news.google.com/rss/articles/CBMirwFBVV95cUxPYWZHZVctaWdhOEJiSk9oM0Y5MTM2Qjl4UWROVUR4MlAyNUxQTnpIME1mcExXMGtxSXV6MWZ3OG5pWWIzdy1KUUdiQnl4OUpER2dhNXNGcFhWVEdPcUpiLVBhbkx2UDgwNmxIdGJQUEUyT1BWRmJyZ25idzFKbUJRYjN5UDVfRm9keUpveGJxRjhsRTRrWnc2SGxQWUpIUk9CdGQ5c3JzaElyMFVzYTc0?oc=5
2026-07-20 03:00,Seeking Alpha,seekingalpha.com,"Netflix: Pricing Tailwinds Are Slowing, And Better Buys Exist (NASDAQ:NFLX)",https://news.google.com/rss/articles/CBMirwFBVV95cUxNbnFWdWhVTlEtTHhlcTlMcjh2bWZGNjlRZ3Z4eVV0V3paWVJPT2lIQk5aaVhMaGoybXVQTmp4RUtCc3hOS2tqS1ZiSGtDWjJyUlRlY3hVU0htamViZ05Da243T014WFBGTFoyeE5ZUHgwUlBkRWF0UUNRa0pIWGNVUkNYUHd1LW03ZFVMVjJ2RkhhWW9IS2dSNlBlUUVuTmt5RzlKSmREbFVKNnkydUNr?oc=5
2026-07-20 03:00,The Motley Fool,fool.com,"Netflix Has Plummeted Over the Past Year and Just Dropped Again on Earnings. At 22 Times Profits, Is It a Buy?",https://news.google.com/rss/articles/CBMimAFBVV95cUxOWXJaOFlqTlp4UDVka3FXbDhZY3o5SWRFUkdxXzJWRHNCSFpxZmFBRHpJbmdtb1N3QXNsa1BCZXFZcVF0R0NwRk9OckNNQ1lUQldTUGpxSDBQclhXWWJtaU8wRHI4ODJSX0NUZEtKaEJYdmdvbmlkUGxpcndUYVozckFRZ1ZQVl93UDhwQlhxbHlWblQ3RFlmdw?oc=5
2026-07-20 03:00,The Motley Fool,fool.com,Netflix Is on Track for Its Worst Year Since 2022. Is the Investment Thesis Still Intact After Its Latest Earnings Report?,https://news.google.com/rss/articles/CBMijwFBVV95cUxOSnRXd3F5STYtcnVqYkRTaEdwYmt1THVfSW5hMjJaT3ZoY0dyck5ucFRnV3UxMGtZR3kzWmE3WDZ2aWx6NFdMSlNkRnp2bHVoUTFXOHd2bEI2SllYemlaTm1ibm16d2xtOUZScmpJcDBHYUpGVTJmb1cyZ0VFOUZ5S25tT3otU1RDRHNya1N1bw?oc=5
2026-07-20 03:00,The Motley Fool,fool.com,Netflix's Post-Earnings Crash: Should You Buy the Stock While It's Below $70?,https://news.google.com/rss/articles/CBMimAFBVV95cUxNTEZ4OWxyMWVDd1FpUV9jejcyYkt5ZkhFM2xaUzZ0eFJTX2FseHZMRngtdXZNQjdUOF9ManBibmM5ZWtyQnZ2cS1SdENGUHpQM21mNF83RWduLWtZMnZ2SVdFNHhWdFhDU2VfUHFYcnlwd2xMcHg1T1VVN3IxaUo1RWhIWlJyVTI3Rk9Yb3BySF9vb3Q3SjZpSQ?oc=5
2026-07-20 03:00,The Motley Fool,fool.com,Plot Twist: Netflix Gets an Analyst Upgrade,https://news.google.com/rss/articles/CBMijgFBVV95cUxOeXNXTGJ2LXRsdktKdUM4d3p2UE1uQkI3b3JYOFJkZnpEcFJoUXYyRFZYSnJZVnk0MHlZLVVocTBFbDYydEtBVDgzSVdvdk1zLWNUU0pVczIwd0FYbU13dWxlOWlJUVVHMW5XSFgwTGZBamxWNndhcWtGNGR2bUZUZ1FEUG5kTzQ3MjQ1WEx3?oc=5
2026-07-20 03:00,TheStreet,thestreet.com,Bank of America sends strong Netflix stock verdict after earnings,https://news.google.com/rss/articles/CBMiqgFBVV95cUxNWUtuZ2t6Rm5tUmVUaW54Snc4VlU0LVdjNzRlVlhpX1ZBTEVpYl90UmdPSTVYZUp4eXRuSGhVZnN0ZHlsRXhpbHludjZQNzlFcWRhVlVDT1kxeldJTEtndHZ4UmVIT2pwX2VIN1BESndwYjhuUVhBc01NMmtxQjFmcGFVQkdCREVGMkxsZHRNOVJlaUZsbWpmcDh1U1EyRjVqNEdPZ2IyZ1U4UQ?oc=5
2026-07-20 03:00,Yahoo Finance,finance.yahoo.com,NFLX Stock Has Fallen 44% Over The Past Year — Why Jim Cramer Says It's Time To Take Another Look,https://news.google.com/rss/articles/CBMilAFBVV95cUxNTW83a1d3dFpEMnpLTWFpRXFfU3ZRY2pPSzJZWEs5cXdBbVBHejY0R2ZLcWpDU3N2N2FYUEp2YXJyRVBhS0hBMTVxZURHYU9jcDdYZGY4QnE3SzliWlIxR08walBaMkotR0NYZlQ3S19wUUhBTTg0ZnpTUEl1Qm9HQ28wQWZ2d2pMV3JnWmRGaGNiMEdI?oc=5
2026-07-20 03:00,Yahoo Finance,finance.yahoo.com,NFLX Stock Slips Overnight: Why This Analyst Sees 60% Upside Amid Post-Earnings Gloom,https://news.google.com/rss/articles/CBMimwFBVV95cUxONDFZeF9wdXRaTW9vZ09oZnFDQ2tsRnNiY2l3MUtxcWZSR1pWNXJBR01hcS1KcnBFbDN2c0NzcUFEdXM5N01GNUYwYjJCNDdkeHRCMldJMC1WbXNzUWNpME5VNENVbHpOVm1SNzhldmVKcGtkZjFyUHNWd2Mwb2k0RlZvNS1EVUV1VGtGR2hEUl9JWFV1dWdlM001NA?oc=5
2026-07-20 03:00,Yahoo Finance,finance.yahoo.com,Netflix Crashes to a 52-Week Low After Earnings. Why This Is the Best Time to Buy NFLX Stock.,https://news.google.com/rss/articles/CBMilwFBVV95cUxNUnBFU2I0UkVPeWswVHNwOEEzelhyMWJHVlVMemxtWXV5U0lscTExbzl5bHY0Q1dzMVl5aWFnX0o5X3R2Z2hMYnlrNWJoWXBnQUFac1JISkRCaUN3SWZsLWMxOG42VFF6WEdVVzU5aTJNWndGRzdqdHBrWDMtdkNNN2FFb05oVWl6dzl4Sm5LOUY2VWpjTFp3?oc=5
2026-07-20 03:00,Yahoo Finance,finance.yahoo.com,Netflix Just Reported Earnings. Here's Whether the Stock Is Finally a Buy.,https://news.google.com/rss/articles/CBMiowFBVV95cUxQdG9sOVhORGRsRGF2YkRhRTVycFQzUEN6NjlSRkhVb0FxVHBuMkFuSzJSNUlwR1VwTjlSeXNBTFkzcjBQQmtCYVZEMTY3UUhHTTNCTXFjN29ndjJfeExkTThoZ203NVpZNjVVVC1pRjc3THREdDhuRXI4UnJacm9FckFHYTRnZnZoVjJscF9HTk5FWVBtd0lkVlU2MDdXTG5JMGZJ?oc=5
2026-07-20 03:00,Yahoo Finance,finance.yahoo.com,Netflix's Weak Outlook Overshadows Q2 Earnings Beat: Time to Hold?,https://news.google.com/rss/articles/CBMiowFBVV95cUxOYWRQbVpZMUZYbXNOM3g2VU53aThfZTJiaC1ubUR1elpnZGw2Z0hvRFpvZTl3V0dZdGpkTjhoX0E3Y29xSjJURXVEZEg3UFJFNkRacXMzM0V2TjY5OVlGdWRHZndFS094Q3FISzdLa0dKeEZMYkVtU3YtMmVUSVpKOWtYVHY5amJJS3I2ZDl3RmhiX2NkdG9YSjA0U01yRF95TzZZ?oc=5
2026-07-20 03:00,Yahoo Finance,finance.yahoo.com,Netflix: Buy the Dip or Wait for Proof?,https://news.google.com/rss/articles/CBMilgFBVV95cUxOUGVxeDFZbDc4MHhlbmNIcGJxZF9MbjlNTVpPTFRSRC1JN1ptdjk1TDJpVWlfaDBIV3JQeGpTanh2eG9oX2Vod3l5RDdKemdhMHVZVGYtNXFLRkpXQ3ljVDcxZmVIQzlneTI2dnhpYUlLM0YyQ3R1eU1vaTFwSkotdEtYY2tkejRUYmV3dVFjaHh1N3FWQXc?oc=5
2026-07-20 03:00,Yahoo Finance,finance.yahoo.com,"Netflix’s Story Is Going From Bad to Worse, But Now Could Actually Be the Best Time to Buy NFLX Stock",https://news.google.com/rss/articles/CBMimgFBVV95cUxQcmFpWU9sRkxaSENhRXRrdTg4enVxMm5WRkhEYW1WRHIwUTRuZFpyU3FoMHMtS3RqRUJjcGZRYkJ6LXl4NXRDZXFpYXZBaDBtVU1sLXNmaU43M0tBMFJwMkpXSnVtYVVjMVBJNlE3WE11SlFTQWoyTmNqR0NBNzdwbEozcHhJeUNtUy11N1FTRzVLTEFZUmt1YUtR?oc=5
2026-07-21 03:00,Seeking Alpha,seekingalpha.com,Our Bearishness On Netflix Hasn't Ended (NASDAQ:NFLX),https://news.google.com/rss/articles/CBMihgFBVV95cUxPMHV1X0JmQ1g3dWxvUk8wZ3hRclVCeHhYY2NBdXh1d2k4MFdiR21ZLWk2RlJ5MG11bS0yQnQ4dFRXc01SU2x3aFhWZksxRzIxNG5Ta2RCcUJBWG1SdGEzYzVxd0tyNFJ6VnllNzMxN3ZPRGN3cW83YzVGelgyVXVSNjZlN3J6QQ?oc=5
2026-07-21 03:00,The Motley Fool,fool.com,5 Words From Netflix's Co-CEO Ted Sarandos That Suggest an Acquisition May Not Necessarily Be on the Horizon for the Streaming Giant,https://news.google.com/rss/articles/CBMimAFBVV95cUxNUGk0YjZ0bnVjSGdkNUUwU1A1M3lyc0xVZ3FYSWR5M19fUWZtZmE2ZkVhUEZmVldEVzYxWmEtZGpRaXJQZWRDNXUzTlR3OGpON1BGeDAzd1dLZW9pc09VREg4R0FJZHRrLU1RdW5hZ1pGQTIzX2h1bS02ek53WVZiNm9YRG9EMUpPR1hGYThXMDB0LVhQZnd4cA?oc=5
2026-07-21 03:00,The Motley Fool,fool.com,Fantastic News for Netflix Stock Investors!,https://news.google.com/rss/articles/CBMijgFBVV95cUxQYTFINmpGLXQyak15MXdMUC1RN2F3UmM5TXI5OHZsUDk2dGF0cFYyTURvREdacUlVMjVmb0kyN29OM29jdGtZWVpwbnE2WGpQcFg4aWhMd21IcW9QYzktaE16TUFTWlpuX09Wa1FGS3hxMWpxTDhUVmhRbGZjbVlMZ0RYSGs5VzRmOEdKVFRn?oc=5
2026-07-21 03:00,Yahoo Finance,finance.yahoo.com,Netflix (NFLX) Stock Still Looks Cheap On Cash Flow And Earnings,https://news.google.com/rss/articles/CBMimwFBVV95cUxPVTZRTW44a09WYTlvZVhWcTQybUxBTlVmQlpvYTRQM2N6bzAzXy1BTDE2ZjY4RUVZZEtXeEw3WG45U3kyRmNHQ2xMeTlCbDc4YnFIOVRLWXJKaE1FWFNhaE9HMkZCU2RIQl9zc3p0aFA2cjkybFJMbTU3dEtucnRxX1EzeXljanlGVGRQUnpwOVNpM1pPekNhemFFWQ?oc=5
2026-07-21 03:00,Yahoo Finance,finance.yahoo.com,Netflix Fell 45% Over 12 Months But This Ratings House Sees A Doubling Share Price,https://news.google.com/rss/articles/CBMikgFBVV95cUxNclFxVmtleHFJNE5teE1HX2s5dmZSZjJLUkxqYXc3akUtUlEyNjk2ckRndkI2a2E0MVVZNWJxanV3NGV5V0F4S2l2clYtTjZZbXJvR1BWRFhIRTA1WWJudlVIb0FwVjBwR0lNQkllc2hGOE9USTkyV3hKRDlCZnFBSWtReUFNSHpmTFd6UC1qLURxUQ?oc=5
2026-07-21 03:00,Yahoo Finance,finance.yahoo.com,"Netflix Stock Is Down 26% in 2026. Is This the Ultimate Buying Opportunity, or Is More Downside Ahead?",https://news.google.com/rss/articles/CBMilgFBVV95cUxNSVFpOTd0amNTUlBHRTNUWTR1X0hGQXBXX1JzZHp6WDJsNHZIZ3RIeDNZekVaV0VEQTZKU085ZzlabG5nU3RPUFV5WEFOWXNKSE14TEdPOTUzYnFwM19kODR5dmRyN2U2SndTcWk2MVpIVTJpYjRGTFJoQXJfWm43YURHbVNPU1l4N3FvVFM4LTctdmVlb3c?oc=5
2026-07-22 03:00,Investing.com,za.investing.com,Netflix stock analysis: No technical bottom yet despite solid fundamentals By Investing.com,https://news.google.com/rss/articles/CBMizwFBVV95cUxPc0FKcDRqbW5KYXBsdml5T2F0NFNtSHFuaG1SVGJuenp1aUhBcEF1TVhTcVFCRmhCWGpyNDlPbTBXR1NIRExuZ0JNZlNWeWh3cks2aF8tTGg4TndOcnhnTGQxTFhiaUN3bVlYajE2MUw3MGRJckgwU212NHZidy1FTHpUTGwwc0NSWTlnNUtXU1paVzhyR1ExRGVkWE9nMWpTam5ETWloWjc2T19MZWwxVFZEQjFIMG9FbnZocGk3bC02Y0U5cWg2akRlaDJZQk0?oc=5
2026-07-22 03:00,Seeking Alpha,seekingalpha.com,"Netflix Is The Definition Of A Fat Pitch Right Now, But Not For Long (NASDAQ:NFLX)",https://news.google.com/rss/articles/CBMirAFBVV95cUxOTXNuZmQ2elRvRDJVZzgxblU2RXNMOWNKZktBdG9JcWVmNW9Sek1GQWtkcUtBVEpzMzRoV04xMDNaMjBHQWQ1Sm95S2h4cGkzcDM1a1lKalZnMVJCY1hEaU8wSV83U1RmQU53NmN3VnpVM3R1WUl6ZHgzRjRNMFZRbTNlT3J1WTdzdGlERkpJdnRxMzhiRDlzaUdQM2VVVzdSQnJOaWUzVzdHZm1x?oc=5
2026-07-22 03:00,Seeking Alpha,seekingalpha.com,Netflix Stock Will See Sentiment Return (Buy) (NASDAQ:NFLX),https://news.google.com/rss/articles/CBMijAFBVV95cUxOVTZlcG5sQ294QzB4QktWcnFYMGg0eWVwUzNoa3JLQU1WMkxKVDhXZVJoZWhvUTZnSnhKckRGZWQtZXJjNjdZcWZEdzBjN2xQc2VIZXZvcE5WQkRGS19xZmw2M0UxTV9BdTJ5aWsyamYxWGZ5dDJrZWkwQ3pHZVV5Ul9adFBRS2NJS28zVw?oc=5
2026-07-22 03:00,Seeking Alpha,seekingalpha.com,"Netflix: The Sell-Off Is Understandable, But Not Enough For Me To Sell (NASDAQ:NFLX)",https://news.google.com/rss/articles/CBMinwFBVV95cUxNZjJBYkZmcU5aYzQ4RjB1RjhablNUZllxMER5eGtjOWFLb1BfWjlKSWlvb3lVUElMQmNpMTFacWR3ZE5hWjJoek5hbjVqSFNRUG9EOGdrVVFFTkRndWtKbGdFYmhjY0JLa2d4OTdIeW00dVJRVll0VFFpQmpzZlFhM3k1Q2dfTXpZdGc0UVZFUTVBT2h4VGJRTEtiQ0VtYU0?oc=5
2026-07-22 03:00,The Motley Fool,fool.com,"Prediction: In 5 Years, This Will Be Netflix's Biggest Rival",https://news.google.com/rss/articles/CBMimAFBVV95cUxQdGFuRXN1a3h4M3VkVDFmUk1PckxpWjRvRlNmMzJveXd2OUx1T0VYV3ptMl84VldadXBsWFlXNW5aakJzMUV1SlVyVzZkMkxuMDRIbjJIaFU3TW9YTExZQ3Rtb19Ka29pbWMtVWJTeFM3VC1tZmFrbTNPZ3ZiLWFDUlZtZWN1dWMteGFxVXIxWUJHVmlMMElpOA?oc=5
2026-07-22 03:00,The Motley Fool,fool.com,Should You Buy Netflix Stock After Its Recent 48% Plunge?,https://news.google.com/rss/articles/CBMikgFBVV95cUxPVUltbXREWkppUDB0ZE1pSVBIR3ZsaW9vQzEyY09WanU2cHhNdUlTU0VLb1BpbEZZcjlZWk81NW9fR1hRTE1Oa2g1dThkQ0FnQ0FuTzVNLWhJWTk0SnJhM2o3TklaZG94N1lYVjVUOWZNMGVfWDA3TmZPNnZtcDhuQVBLR2FsODh0YWJZNTczbDlDZw?oc=5
2026-07-22 03:00,The Motley Fool,fool.com,Warren Buffett Explained Why Netflix's AI Edge Won't Last -- 40 Years Ago,https://news.google.com/rss/articles/CBMimAFBVV95cUxOQ05DZHpMREh2cUF6eXV2XzdyeXludGlRME05aElHLWlicDR6TjFfbHh2azJ0aGZxdGpYdVhDZUFDdDAtQjJrRDhHZWdoVjA0Z05ub0V5Z1VhRzdBeWZYT25mQjI5anlkT2hxTThadVV2X3pJcUVUX0tHbXFjMW93ZGF5cnE1Rk85VXVwUHVGdG1kbHliMGFydw?oc=5
2026-07-22 03:00,The Motley Fool,fool.com,Why Is Walt Disney Stock So Much Cheaper Than Netflix? This Is the Only Answer I Can Think Of.,https://news.google.com/rss/articles/CBMikgFBVV95cUxOaUFwLWxnUE93Z1VadVpOeDhmdmU3UFlNTmZJcjR6bzNwZG1fTTdBNDNna00zbGNaNDRkM1dfU05mSzJaUmN0cWd2THQ4MVBydExrWTB0a3FGZFBjQTEweUZLUTdSTlREU1UwcElyM2wxSEZyeXVIbElPd1g2T281aTBPdWxsZ1QyZkNwTFJfTDJvQQ?oc=5
2026-07-23 03:00,Seeking Alpha,seekingalpha.com,Netflix: The Microdrama Challenge And The Case To Stay Neutral,https://news.google.com/rss/articles/CBMipAFBVV95cUxPZS1TYjlCejlsTzEwYTYyR0Z4aXhrblBhSjBlN0NvZ3Q1aUplTFlWNHZEMFdpQjcyU3lRaHBJRV9GSWtRdmdGemxxcURFN2NGY1N5VUM2SkRuN1Z2Ukc0VVJsQ0JfTlJxSlRSSzNtNlYweGk5ZG1nUGtidjlzb2ZWd2JVYm9ySVZybVMwOEc1Z1kwVnF0MGpBN3JyRFlBS0oxUW1vVw?oc=5
2026-07-23 03:00,TheStreet,thestreet.com,Netflix’s stock split history (& prospects) explained,https://news.google.com/rss/articles/CBMicEFVX3lxTE5pN253a3RTa2hvRFhFS0J1NmF6aGVydzM4WWNaazNQVnNHMDRvZnUyaEJRNzA5RlZDU3hVYnRHYzFCRzB1QktsaDFpLVE2b2wwNXZObDdxRENoNGJVOUZxTWtKTlRodzlPR0hpQ2ZOdVA?oc=5
2026-07-23 03:00,Yahoo Finance,finance.yahoo.com,The Big Question Hanging Over Netflix Stock,https://news.google.com/rss/articles/CBMimwFBVV95cUxNRHAzeGFEYnBDVkpRUXpvRlRuZVFnSWU4dEJEdWJ5ZkpEV09UNzdCMG1qbkQ2MEZOQ0tKcGwwTTc4N05RTlBqdWpBcFRkc0dIU0o4QW1TM3k1VkhfUHBDSXBOS3UzbHVoY01TemNhYWltSXk2XzN6QUNtR0RCVGxjU3p6LXFHbFd4SDBOM3h2Qi1oRWJnRUxCb2t2WQ?oc=5
2026-07-24 03:00,Forbes,forbes.com,Netflix's New Narrative Comes With A Catch,https://news.google.com/rss/articles/CBMiogFBVV95cUxNRF9GeVhqLUR1ZmtEQ1ZZX2pXTnF4RTVTaVJjT3I5UnZKSzc1cHgwWkhTdF9QQTh6dnVlWHZXazhic0FKeFF2MVNsaXNZVzBsYW5kX3lQdnRyMU5mSXMtQnhVTTdOdHN6QVlWbFpkeXBNSkNLZ3hQM0lLT0FEM3RzMVJTbVdrMmVzeXNsWWxENHR1YVZVQUI1NzRvcHNwbXFsWWc?oc=5
2026-07-24 03:00,Morningstar,morningstar.com,"After Earnings, Is Netflix Stock a Buy, a Sell, or Fairly Valued?",https://news.google.com/rss/articles/CBMimgFBVV95cUxOdGpGSEtuSWFKVjgwOXM2dEs0R3VMNVFhRmFISmo1dDZHVDJVR3EwbHo4VVhVb0paWEV3aDFQa3Rfa251TUhDY0hXUTBfT3FULXAxOFVYQ2k0ZTF3YzQzcHBNdXlHYzZsVEJPT1hlc1pXVnRURll0dHFJbEltWFEwRUhoUHRXX3U0dnhuUjUyM2tYVEhQVjNNQlR3?oc=5
2026-07-24 03:00,The Guardian,theguardian.com,‘Netflix has to evolve’: can the upstart survive the end of the binge-watch era?,https://news.google.com/rss/articles/CBMihwFBVV95cUxOSXE3azhXZkpaMHlqWElTMGt2NlV4Wkw5NmExRXdmMTJwWnhkQU9RZmZvd0VWMUJqN3lKVGsyeHc1b2ZuY1R0d2NkOER5SURDZEswSlptSkw0YmVQRGpPV2txNUF2MEE3QkRNR0twYWhQQVdLZkJVQjEzc0ZBaTNLa3Nfek1lSlE?oc=5
2026-07-24 03:00,The Motley Fool,fool.com,Alphabet-Owned YouTube Ad Sales Hit a Record $11.06 Billion. Is YouTube Dangerously Close to Surpassing Netflix in Revenue?,https://news.google.com/rss/articles/CBMi9AFBVV95cUxPSDlKVHRpQ0laTTBFa0JxUm1FNVItc0FXcV9EQ2RiT0ZlRm5WUDZOaEk3TzNxcWtNd3ItSmI5VV9hck5mcnY1ck9iNl9wOF9JZDNxcGE2VmswQnRkR3FBMnd5R2Z6R3Fuc3hmU01Vb2UtZjhWODV1NUpPaWZUa0xtMkN5OG0wT1ZfNGZ5ZWU1WThwQURlSWRsUkF0eGZaQWpBNWtrQm5qMEd6WDZKdTVpTExERWdVelZzRlFTR1c3UUk5bUdZV1VRcEppb2JsMi1vV2NoeFBJZkJldmFwRzdyY0w0S1ZRaW9uYXBoY0N4eFRxdElW?oc=5
2026-07-25 03:00,The Motley Fool,fool.com,Huge News for Netflix Stock Investors!,https://news.google.com/rss/articles/CBMihwFBVV95cUxOa0d5a0hkWVJjLWFCMV9HMUU1WXFST0V1THU1cVpXWDZsamlRb0F4MEswNW9YMHl5S21mWWxJZnRHamxZb2x3SDhhckZhTXdYWUx2UGFmVWFfMVBfV094cUNkNHJjTHVCZE1tVVp2U0NNdFRLY3cwZzRMVFh1cjMxU2NQd2lVOFk?oc=5
2026-07-26 03:00,Seeking Alpha,seekingalpha.com,SA Asks: Netflix hit a 52-week low this week. Is now the time to buy? (NFLX:NASDAQ),https://news.google.com/rss/articles/CBMipwFBVV95cUxPMWd1R25jZHpneUg1X1hHZXRKUkVQSG96ZmJ2YkRqTzVXbWxJSGUxU3o3OTYzRUo0VzhjaE43MGd5dVdSNWlZVFVTc2lRS1lZcnRDazgwaC1RcEl6eXlRUlFBZklTY3pUa2VYSl9aSTI5cnhkZW9sQXNBOVlOaG5CNV9mTTRyWmhKUWJENGc2TGgzMTFwdzJHODN4Wm44S1JzTHc5a2VoOA?oc=5
2026-07-26 03:00,The Motley Fool,fool.com,Netflix Stock Investors Need to Understand This Huge Risk,https://news.google.com/rss/articles/CBMimAFBVV95cUxOMG5pYmdTbnhtYUxLekRWbXhuOHFheWM0NnpWTXR6MGhUSUNNaFpRTWVXRkRYWGdvRGVlQlZzWVNsM2lySFRUb3R1N3E4WGJWSTJlSWhLWjJxVE9scEtsb0Z6blY3QUdJYmZLZzBWUkRDbHFKN09LX2d5cUFFN056M1lVNE5PMDQtcXpfZXRpSXdEMFVoakx2Ng?oc=5
2026-07-26 03:00,The Motley Fool,fool.com,"Netflix: Record Buybacks, Rising Margins, and a Slate in Need of a Refresh",https://news.google.com/rss/articles/CBMimAFBVV95cUxNc0FoWWM0ZkIwdmxNYTJPbGNfNVVySUt6ZkZEUjFRN0pJZnNJMFRIS00yY0ZUQzN6R0dxY1BJSHZSMWw3Y25IZ2E3OWRSSTVUVXlBZmVWTUtCY1pfYTBpT21WWHE4UFNPV3NXM21NNndLTXhGdUJUeGF2cDVjSW9rYWpldFlMRW1ES3FxeVVnVUM4UEFOQXk1Sw?oc=5
2026-07-26 03:00,The Motley Fool,fool.com,"Should You Avoid Netflix Stock, Even at a 52-Week Low?",https://news.google.com/rss/articles/CBMilAFBVV95cUxNTWRGRVdaZjZkRzJtd0RwZ0huTm56aEE2eFZkcy1iZW02d0w4QmNZdnBJSjJSajFuV2JwVkRNZ09WMmN5cnZ1UmJ2YTFycnRXemZ2WVhMY1BjLVU3aFVQWExSSHJTRFdnNjZQZVpEa0tVZXZYdElXSWZ1blM1c29FQl81a01MRDdzQ2J1dkRWMUQ3LUxi?oc=5
2026-07-27 03:00,CNBC,cnbc.com,"Netflix woes setting up for a Hollywood ending, says trader Mike Khouw",https://news.google.com/rss/articles/CBMiqgFBVV95cUxOSG9mT1VnYURLVUdjUEk4LVZxeXlwZnZHMnp5cXlrRHhKN24wSWptc191czhKdTRHbEN4LW9nUEhDWEhvSERjWkhOWjdUUzF0RG5uME5DeGluZmtpbFJ2YnZmZGQxZG8yYTI4Q1pKYkRQc2pSeXQwNDM3a29McDR1S2ZvMTVlUThsc05LaWd1SDBBclo2R0JwLVlCdllrYWw4WVFTY1FTTmNiZ9IBrwFBVV95cUxObXcwb3NqZWszdWxaS2c2V3BHbjRFNzZINWp2NmJBNUQ3a1ZValI3NXhBNUp3ZVI1cHk4MnlrUXIwcTkzaFZ3Wnp3YVZEV1VMQk0wNVpEMTUwU3ZGM3A3U2UzajlQNFdQMzgzWEZwdlp5dzhTc2p6WkFlSnpLVjRmTTNGazVXby1sOGc3Wk13al9XV1EzeUtLNGdfXzZySkV6TldRcGUtbXVlaVFkUDUw?oc=5
2026-07-27 03:00,Seeking Alpha,seekingalpha.com,Writing Netflix Stock Off Now Would Be A Mistake (NASDAQ:NFLX),https://news.google.com/rss/articles/CBMinwFBVV95cUxPd2RuNkprVFRac1YteE9UQXA3TWNfY2NuLTNFNFVwaWdJWEI3azJickFMMXdpN0dVZDlJWFgtQ0JDemx5aDNnR01TWXdsNW94dVY5QnAtcGkyeUJBVHRqT3d5RFVUU3FMUzNWcW5KQ25TRkF2QncxLTlqeUVvRURwVC0tMVpVaGh6LXZFSU4xSThmT21fUEdLSFFDc0hLSVE?oc=5
2026-07-27 03:00,The Motley Fool,fool.com,Netflix Is Down 41% in 1 Year. Could the Sell-Off Be Nearing an End?,https://news.google.com/rss/articles/CBMimAFBVV95cUxQTDRadzM3OGRwVHdCdDVsdUt0X2VlLUdvQXYtSkVScTkwV1BwRXRZTUlMSVBtSm5yVWZickU5Q3FUVGZEZFN5WXdNSFZlWW5vZUEtdkxGOGtXeGFUdGFxZ0JiNkhoNlNHNG9hZ0RpRnVoS3hXUmY4RHpBczRRY19mOUtiZ3NxdlhlUi1jTzFFRWFxRWl2V1drcg?oc=5
2026-07-27 03:00,The Motley Fool,fool.com,Netflix Stock: Buy or Sell? My Final Verdict,https://news.google.com/rss/articles/CBMijgFBVV95cUxPdnQ2QUxpMjR6cUxwbUNQMmE5UjlRX2p2UFhiazFUYmxiZ0o1QmVWWS15Q2g1MnU2LXl2UjMydTlTT1IzYkhGYTVmNXhweWsyTEpXX2hDTlE3UlFfdGhWUmltQXotTEwzd2wzNlJaVDlaSlpEN1hsWTNIQ3dESWhod0Q3REVfd1RfZGhjS0t3?oc=5
2026-07-27 03:00,Yahoo Finance,finance.yahoo.com,I Predicted Netflix Would Soar After July 16. The Stock Is Down 6% Instead. Here's Whether I'm Still a Buyer.,https://news.google.com/rss/articles/CBMimwFBVV95cUxQVldWMnpPcGJZR2EySjktdW1oMmtoWFpadkFNOFJ2eXd6NVl1eHl5SU1Ud1J4RDVVbEM3Z2J0SUR6cHBnLUxoRWE1RklWVExWN2hjUXJrajhuT0lRR012TXNQb1lZbVpxWHlNNkVNS2VsQXRuLTdCdDJmUmtPcGh3NUdsUC1pU1RQbmliNURtdXc2VmxodVI2NTNuQQ?oc=5
2026-07-28 03:00,Benzinga,benzinga.com,What's Going On With the Uptick in Netflix Stock Today? - Netflix (NASDAQ:NFLX),https://news.google.com/rss/articles/CBMitAFBVV95cUxQMWQ2cTJ5bDJCM1pUckd4amxlQlVON2ZacXBhak5qb3c3bmJyenl0ck9JMU53VzF3R0QzZTEwbUVzTVlid051TkZTcU93dDZrYTNiVzBIMHlHMktVazFpdTlPOThQOHh5LWFOU2tpTHVOR3A3RnB0THJiNFkteVVCUzBERWVJNnhTdnN6LTNaSmI3dEYtYTVaaW1lX0RFZGZRbjkwdGpRWHNRNGNDTFh6dDYtY3o?oc=5
2026-07-28 03:00,Business Insider,businessinsider.com,LVMH's Bernard Arnault says he regrets selling his early Netflix stake as he missed out on a monster gain,https://news.google.com/rss/articles/CBMiswFBVV95cUxQTGFwczlqZnE2aUxxV0dndm9kQmh2QmxsTjk1dWxvSUhjSFF5VEFWcFk2SEdrd29GVlVid3hPQmlIbHlXVFloUzV6TldpWm5WVGlqOERGaFVvZ0RjSXZES1pNbDBmMWdmQXR3Rmx4VS1xTFRDQlMySEhKWmVUdTY2aTVxNjVOVVBxSlZzbW9mLXZ5emYyRHkyODYxdTJJdE1rclRkV0dCckFmT2g5SXFnVDVOOA?oc=5
2026-07-28 03:00,Reuters,reuters.com,Report: Luke Kuechly named Netflix's lead NFL analyst,https://news.google.com/rss/articles/CBMioAFBVV95cUxQTmx1ZDVJSFllNi1aQTA2YzVOdTdRSEh4alJnY3hMYU5vUVZNMk5MNlluS0Rub2lKdml4a0F2QUJlOXVpUXc4U28wV3hQT0dRM2pBS1QybVZPMHRpVjBjRzBRMDAwZ0ZreU96anRWXzB0YnlLX1ozemIxZUwxOUhxbXZyMWRuT01xajREaG8tU0FaOTRUaW5JRWRKTnY3a2NV?oc=5
2026-07-28 03:00,Seeking Alpha,seekingalpha.com,Netflix Stock: The Market Still Isn't Pricing In The Ad Business (NASDAQ:NFLX),https://news.google.com/rss/articles/CBMiiwFBVV95cUxOVEFBaGtRYmQyRFFUQngwNi1LcG9pUFg3Qy1BdElJcnd5dG1KUTJpVGZRVkg0c3NZbDhQYUlfSWRsTVR1ZURHR3A2X05fdjBWMVJxTFd4WVBUZjh6dWI4aGhvZGIwVERNSHA5YmRWckYtWnU3WTEwa3VXSFh6WTZWU2FpMVpwaUJvdFQ0?oc=5
2026-07-28 03:00,Seeking Alpha,seekingalpha.com,Netflix: Too Many Tailwinds For The Stock To Stay Down Long-Term (NASDAQ:NFLX),https://news.google.com/rss/articles/CBMipwFBVV95cUxNOENITURvQXg2cjRuNTNnQXhTR2h6TW9telBGTkFZaWsxSS1rT3lwNTVIeEhlcDJIWEJ1b3ZyYkoySG9pYlhoU29pWGYtekVwOXhwc2p5M3MySFRmVGxPamNoNmY5QUs1U2xvTGtoRzRBby1tX3Z6Q3pPbUdneUJwcW05MXgtNGN6aEs1VzhNR0s2RHhTejJXLUJOeHgySWhCcjZmQjdTVQ?oc=5
2026-07-28 03:00,The Motley Fool,fool.com,"Down 25%, Is It Finally Time to Buy Netflix (NFLX) Stock?",https://news.google.com/rss/articles/CBMimAFBVV95cUxPeXZtbVNRYjNKOVh2OEZLVjZ2RGgzbVBHYjZ5ODF4REJYNTNIMHlJQjZSTEFzOHlIaWdZSi1pYUdjTkNVcFh5Tlh2Z0swUjQyWnVIUVE3TFR0U1I0WldTWlMtdTAwSldYcUlzaS1CSWFCWm1jTWNEdlhHRC13MFEtcVd0MG1hbFE0RGR5R000ekxRSnFDOVNweg?oc=5
2026-07-28 03:00,The Motley Fool,fool.com,Netflix: Time to Buy the Post-Earnings Dip?,https://news.google.com/rss/articles/CBMijAFBVV95cUxOd2VuTko5QWIyVXJWRTdsc21SMVh1bVkyVzg3cjNONzlBX01scUtxQ2E0Y3NhUGhOdGJidkpyYkVLVFZ2N2E2QTBCbUVocEdSYnc1cUJsVWtMUFdEcjNJVURhOUUzTlpYT3BybDBxQlFCb19XemlMTUJHQzZNMUtJVThlNkdWS1E2T2lBSg?oc=5
2026-07-28 03:00,Yahoo Finance,sports.yahoo.com,Luke Kuechly joins Netflix NFL coverage as lead game analyst,https://news.google.com/rss/articles/CBMihgFBVV95cUxNRHRWS1pISjV4dGhOM05vT0hNMVRfLUd0QTdhbGRvS1M0YkJmNmJDbXdmei12Z2xvdFFBYXl1OGNvVmIwLXdoM21QNXhmY3VCZnBtSmg1dzd5dHA4dTk4cEs1c2JrZFNXeVp2S3oyUXZMUFVoMTUyVk1qODJaZ3NQVHBZWVFZdw?oc=5
2026-07-28 03:00,Yahoo Finance,sports.yahoo.com,Netflix names former LB Luke Kuechly as No. 1 analyst for 2026 NFL season,https://news.google.com/rss/articles/CBMiwgFBVV95cUxPS1V5aE96d1NKRkRSYWZwOTVmbzJMd05kZmJENEwtMzZKVnUyNktpR0hJVGpuV1RzZkJiOWFpR0RIUldfZmJZQ2xXVlctbFVGYkNiMmFURW41Q3JpZEt3dEw5ODNXZnpPck9wRGx3TGNza2RwMjlyMmhuZC00MnJ2Smk5OXUwS0VrZHdGVVFuSGJEMlVRblFoeVF5dnJ1VWF5bEhFVzlfT1FzU093MmE0TVdXb21aSEFGam83eFIyd1FQUQ?oc=5
2026-07-28 03:00,Yahoo Finance,sports.yahoo.com,Netflix tabs Hall of Famer as No. 1 NFL analyst after ‘wow’ tryout,https://news.google.com/rss/articles/CBMigAFBVV95cUxQVUN1R09aZTJCTm1nVkdJeWM4bDEwMEpxaXU5SE1SWlk4RGlRN1pZaDhMbTg3ZmxhSU1MSi0yaWRPOTVEa0FzLWZNTkVEejJXcHFvOXl3MDVSMldmNVdISXRmMGhhOFNVSTBScy1VVS1CQk1TU2pZRG8xWkN5b2lLRQ?oc=5
2026-07-29 03:00,Benzinga,benzinga.com,"Netflix, Quanta Services And A Financial Stock Stock On CNBC’s ‘Final Trades’ - Netflix (NASDAQ:NFLX), Ra",https://news.google.com/rss/articles/CBMi1AFBVV95cUxQNUFoZHZFWGJXMkFlRzAtUE8zdzl5N0ZHeDl5eF9WR2R6azF3UUprT3F5M3U3b0RENEY1OFBnT0x3N20zZllaZE1kQnluZTRELVB1TjBKOWNVMHdOS0EwZ3Q1MEpCeFBiQTZqR21tc2VIZ25MaU40RThPZHVFM2YzQTF3V1VlazIxVHlDRUZkMFNhaXdCeERJSjNmT1lRRE0yZVlEMmtSNUJxdE82YU5Sb3FBaTVCYnRNTHd5aXRUSWNHa0VYLUljR1lrY2ZGcnRJa2RkZg?oc=5
2026-07-29 03:00,Fortune,fortune.com,"LVMH CEO Bernard Arnault reveals he owned nearly 20% of Netflix, but cashed out too early",https://news.google.com/rss/articles/CBMi0AFBVV95cUxNRGZoWnFBa2RsTGhUSzF3X3Y4cFNDQ2FmVGtKblFuLW5EUmdDZzgyYVg3OTJhU3hVSm5XTFJILTk1d0tZaHlkWmtDMVc3VUdGQzVCNkdpQTVwUE5MakpRTWtyRHl1Wk1lYmFBNm1rWml3QUIzeC10dG1URE5mQ19sYk83cGtpN1U2Y1RnNVpGN2JUUFRudGQtWkZuZmR1dDBnVml3Wk8yWDR4RUJ6YlJsSjF5VXpacEFKYUktNVlVazNaRkRjVTE2Qlk0ZHoxcVJR?oc=5
2026-07-29 03:00,Seeking Alpha,seekingalpha.com,Netflix Is Entering Its Most Powerful Phase Yet (NASDAQ:NFLX),https://news.google.com/rss/articles/CBMikgFBVV95cUxOYjRkRkFEaEd4RWJUM19qTjF0SUpmUTByNzlVdXQ3SmtHMHAyS3Q2d1ZJX1JSa2ZXVWg5RHpQRHM0VkRITXRudEEwYUtEelBFbTJXbV8xa09XQ3YwQ210YnBfc2g1bUQyQ1c2ZlhIMjF3N0RKWEo3OUFGQjZMYm1oQ2FFN05MckdHbktHb1JyUlRsdw?oc=5
2026-07-29 03:00,The Motley Fool,fool.com,Netflix: The Days of Rapid Growth Are Over,https://news.google.com/rss/articles/CBMihwFBVV95cUxQVUZvZW1zZHlKMm11dU5femNhMVE4ME1CZEZ5SGFVWEYwNHB5emVKa3ZucXRWU3U1NVFaNFdlSUxWRzJINU01bXBmaXR0ZVBiNjg4SlVDNnV1cG50UkU2dnAyS0Z5WlpvcDAzb1ZfVE5zYkFTM2NxX1EwZVhDOVQxSjlNNmtMdGM?oc=5
2026-07-29 03:00,Zacks,zacks.com,Netflix's Live Content Push: Can it Sustain Subscriber Growth?,https://news.google.com/rss/articles/CBMiogFBVV95cUxOaG9XRVlZZmZYVXNWOV9GWjZrZnQ3SDUzNHBaTUZTN1FmVkxISXZtbm92QTVYVkNid25ndDNXdXhlTEtqZmZURzdERlowZlJLTjJSSlNaeGgzb2pycVJWM3RYNlJDNGc1WTExNjlLVzc0VmU1REQ1eGZSSWtxSHpsRmljMFdKWG02M3hkUGxUWGdZbUEyNDVENk9PLURVZ0RaU3c?oc=5
2026-07-30 03:00,Seeking Alpha,seekingalpha.com,Netflix slides to 52-week low following Q2 earnings: What's next for the stock? (NFLX:NASDAQ),https://news.google.com/rss/articles/CBMitAFBVV95cUxNTXV5UXFoQkRtM1p1YkRGeXE3MGl3OF9ReS1oS1g5QXlZaDA2NWYwVTFVN3FSb2xuRWNsOUFucXhxYWloSUVJcndoMUQ5djNJY01QUzhGYjkzVjMzdDB3Tk92ZExKbU56RTZRSHJ0Qlk2ZlktMGF1NTRYMTktcDh2dVlvQ1lFQ19TTVoxZURoWVFzYlM4SnVtMkxNa0pXbzJRMmpyNE5EUGRVRkZibzg4TUR3RzM?oc=5
2026-07-30 03:00,Seeking Alpha,seekingalpha.com,Netflix: Rare Are Such Opportunities (NASDAQ:NFLX),https://news.google.com/rss/articles/CBMiggFBVV95cUxQTnI5UnRGd0c1NkFjamdlX0d4NGxBSzE2R0ZiNzItOEFvN1pUU1ByMDM0Z1ZBQ1JkY2VNdDZnMWtjc05INlIzSEV2eXRna1BqeldYZWphT3RTOFhaTk11UzRzVlc0bGhtQzk3bXYybUxkSW83aTB1ZEdSZndwLTBnWFRR?oc=5
2026-07-30 03:00,The Motley Fool,fool.com,Prediction: Netflix Stock Won't Double by 2031,https://news.google.com/rss/articles/CBMikAFBVV95cUxQcGkxeDNWakVTZ3dtTXNhZ0VrOVBhd3FpNS13MjA5THhpZjltZ1RMWGpBeHc1T2x2Q1cxX2EycG1FandOLTVQS3RKR09BTEpFdUhmaE9tWXdFTXJvZEx0X19hRTEwdWRRc19hMV8wYkRhcHE3ZTRxVXZUdXdHcEl2OUdoVzJyc1RaSV9hYnhLMGw?oc=5
2026-07-31 03:00,Los Angeles Times,latimes.com,"Netflix expands ‘The Walking Dead’ deal, but loses exclusive hold on zombie franchise",https://news.google.com/rss/articles/CBMi5gFBVV95cUxQWXFzZG8zRXIydVZWc2hwd0ExZm1PeEVqMjV1NFRKTHRReFduczUwckNySXhrVkpaNjI4X181WDNaeWdkb3JkTm9IMXlMRXR4eE10UmFyVWFHMWZyaXlPZDJ2X1dtMUozeTViRzk4OG1aclliN2N6WXR2SjRVU1FsTmtNbDYwc3ZrdFp4aU9qTWRsaGlkVnFJcW9lNUdibG9hRG5RS0FtNFpCejBWZDJEMDRYdllBcVBldnJCNUpRdW9YMDIzUTJITlJRZklwdnBVa2ExQXJmZUhwWjN6UG5Nak9oTlFrUQ?oc=5
2026-07-31 03:00,The Motley Fool,fool.com,Netflix Is Down 46% -- Here's Why I'm Buying More,https://news.google.com/rss/articles/CBMijwFBVV95cUxQLWxjc0E1ZEtpaE5RQ0dSQ290RnU4b2xtMUNWaGh0YlhVY3ZmMzEwZXc1OC1kMkxObjlNVzBOWXRBWWtXdU83dHh3OWhHQU1adFVhMTFISWtoSFlSTzRVOFBZU2R3b0dwaV9qODNNaTM1VU4yd1lLdjhVWTBqbXlnMEpMdzY0TVFhR2kxNHdMcw?oc=5
2026-08-01 03:00,The Motley Fool,fool.com,Netflix Is 43% Below Its 52-Week High at 20 Times Forward Earnings. Where Will the Stock Be in 3 Years?,https://news.google.com/rss/articles/CBMimAFBVV95cUxQT2dYZ2hERDJOZjZxNExIdDFSRGtGcFpfZnNXLV9NT09XVzE1WkVfcTBnWXJMQlFwU1hleU5KVkRwM3V1Zk5nYkJnRDhPbXkyQl80QUFuVUpRanVCWVVpem1LdTNvSERtV0RnMGhpTG8zMXBESzhHLTRsdmtRbTZjNTE3cURCRFlMMnNHV0VZT2NrVGRZbzF4MA?oc=5
2026-08-01 03:00,Yahoo Finance,finance.yahoo.com,"With Paramount's Acquisition of Warner Bros. on Hold and Netflix Down 38%, Is Netflix Stock Finally a Buy?",https://news.google.com/rss/articles/CBMipwFBVV95cUxONjYzc1BpQ09jZ0o5YTBjcFMtd0VRLUtMMDNJblp5aXJ4MTlMN08zRS1XTnhWNS1PMWlSeWIzNmQyT1g2OGFYdmJtRVNnSFA0aUFxcG5nSzdEeG5IOU12a3FpTVlNTGd0d0UtSl9relJlQjFOYkpHS0pJclVmbHdqUUJBNDFHSFJEU19ETElNLVhDQzRPVVZ4Wkd4XzZTWGdJdW9ZTTFIQQ?oc=5
2026-08-02 03:00,Yahoo Finance,finance.yahoo.com,Netflix's Big Sell-Off May Be Sending the Wrong Signal,https://news.google.com/rss/articles/CBMilAFBVV95cUxQVW1ScTh6VkNlZjN3NkY1elk4emJQNks1aVVYWE5FczRjZk5EVWs0VUxSeEdOLW1OaVBRcTE3blA5Rlc0SXQyM1dkV0Y0eWlJZFdoT1I4XzlWY2k5R0kyV1ZqR0FBenFsSDllUkhwdVVkWEU1X0F4djhEdkI2dm1rX3VkY3ZDQVpDVkU1MENzczBqa0ts?oc=5
2026-08-03 03:00,Business Insider,businessinsider.com,Free tiers are Hollywood’s next big idea in the streaming wars,https://news.google.com/rss/articles/CBMirwFBVV95cUxQWVNwanlMcTQwV01Qazd5aGdId1V2ZnhVUGQwRGR0Qk5TcGg0ckF3bUgwNERsVzBycU1PYXoyOEFtWmtTZ2VfX0dyWlpKY2hlQjFsUW4yVWtfRkFDckQ2bHFUQjdhbjNPUF9qU1JPbVQ2TnZtakxVSmZUV0ViUGFRUHlJVDlnRnJOTjlrVmlScDc2dnpMX25pQ0NCSnd4X2sybWZrTG9xNkV5d2NnNktJ?oc=5
2026-08-03 03:00,TheStreet,thestreet.com,Netflix’s stock buybacks: History & impact explained,https://news.google.com/rss/articles/CBMic0FVX3lxTE9xYTVTZFl6SXJ2VWltOHk3WUFWa2RDUklOb3ZJcTFMZERBYVBQeEdQbmVLem9MRk13SUFRMHFROENjRml6LTBKX1pha2w2aVZPNnZHSnRXbk1vMVFGNUx6WGhieU1ROUZCOE1Wbjg4U2Q1SHM?oc=5
2026-08-03 03:00,Yahoo Finance,finance.yahoo.com,3 Big Reasons to Love Netflix (NFLX),https://news.google.com/rss/articles/CBMilgFBVV95cUxNdV9BSUFfQ2RPZC1ScEVZTXFKQzJPeTRNa09nY2RZcnVVMF9NeVdjTzF0QnU5VVg0TXVPTUpReUQzVkl6MzJ4SHZWblUwaGwtcXhTLVFVZS1hNUg4SHpSS0ptSThNbUUzNmFXS2JLbW1ieDFDR1U0Ty1mQnF5WFhDOTQ0R3NpVk9wWTdVNUhCemktYkp2M3c?oc=5
2026-08-03 03:00,Yahoo Finance,finance.yahoo.com,Rivals’ Loss Signals Netflix’s (NFLX) Strong Moat,https://news.google.com/rss/articles/CBMingFBVV95cUxNSkJjZHkxOXhVZHpqeERiaE1KNFRyeGNxLU9fSjd2VVZmNlhGcXVjUUVJc21mNDFtU2ZWTkhxQTQzcG85ZE1id2Fjb3M0ekYtRlVXSUh3cDVRLS1va085cVcyZUpEN01CVUlsOHBBdVRiNWp3RzNuRE5MZF9BTGhjTlItcHlGTDkzY29SdXZZT2Y3RnVPaXI4ZlRHbTU2dw?oc=5
2026-08-03 03:00,Yahoo Finance,finance.yahoo.com,"Starbucks upgraded, eBay downgraded: Wall Street's top analyst calls",https://news.google.com/rss/articles/CBMikAFBVV95cUxNME9kQ0Y3RWE4N0VxTkE1WTFNQ2lCQXJ4T0JwRGM5UFVIVEVMNXQ2Y2NpM0dEREsyZ0pQaWloek9ZbU9uaVEwZWdTTEhtVzNaeTBwbDVjVllQYUJjbDRwOWU3alkydFFvbUUtaHVGR3VORlAyMk9LdDJHamNzUWJDR2ZMRnBkdndqX29oNTdaRC0?oc=5
2026-08-04 03:00,The Motley Fool,fool.com,Is YouTube Going After Netflix? This Could Be the Biggest Sign Yet,https://news.google.com/rss/articles/CBMimAFBVV95cUxQdDhfU1htWTFCZ19WQzV4YTU4WF9fVWx2UFFWUXA0cTB1M01uQmhNVmhvVV93R2JMbG5kcjFOa0lhR1ZiYUFiNjl2YVNlQlBmX2JUNmZEMG93X1RzT1N1eWlxQllWemM0ZGViQVZiSlJHT0xHMHJpcWRmWThsOGxIOTktZlV1UFlOblNNQXJZbnd2bm1XZjdjdw?oc=5
2026-08-04 03:00,Yahoo Finance,finance.yahoo.com,"Netflix (NFLX) Faces Tougher Streaming Competition, Is The Stock Still 10% Below Fair Value?",https://news.google.com/rss/articles/CBMiowFBVV95cUxPclhKY0JPdDZBRzU5bHBzYnFmUDFKS2hFOHdIVEVHTFprcVdiUlZnTWhrLU1CdGlXZk9tejZJZUN3LVdHdzJvVGFwWnZXclRpMGQ0UVVHZ2ZfUlhWMkdDcXBOXzVqaTBtdTJtWkpkMkdsbTBxbl9NS1FJc2ZzVENPazdodV9uQnFBS01GbmZhT1dRRy1DcFJoMkUxdGxDR2IwbWU0?oc=5
2026-08-04 03:00,Yahoo Finance,finance.yahoo.com,"Netflix Insider Sold Shares Worth $416,899, According to a Recent SEC Filing",https://news.google.com/rss/articles/CBMinwFBVV95cUxOdTRjdmE2QzZkSEVUZGlKbE16VVRhSktCWjJfX0pzR2NxY3p5VVBJX3FsOUtRRXVKWWh2d3luUlhTLXFKT1dCRVM0bWJjVGRBaVZmV0xScE92RDBxTEZnakpZRm5yQ3hjVHFCTi1BNHdMVFRnYXJlZllqQXVUNEVjRUtzVXRaM25QSFVhUExzQk05Q2MtRnh6RzZqaDBKLWs?oc=5
2026-08-05 03:00,Seeking Alpha,seekingalpha.com,AMC Global Media: Raised Guidance Keeps The Bull Thesis On Track (NASDAQ:AMCX),https://news.google.com/rss/articles/CBMipwFBVV95cUxOOTZRcU9ieDltclN2bzJVVUFsWW1YcDd2N0h0UkhxZ3BuR1E0ZmdzU1NTbVVrcWUzUHhaSXY5ZlNlMXZ3aFczSGNqQmh5MVJmd1dINHJKVm9URTNSOEU1YzN1MnI4MGQ0Qm1jMTVYWEc1b1hDVFZaM3ZncGptN3BWR0t2QkNISG13eTFoeXN5MlBIUEc4N3ZtUFdVUEl0YVpwdHAwZmJCTQ?oc=5
2026-08-05 03:00,The Motley Fool,fool.com,My 12 Top-Ranked Stocks to Buy Now in August (2026),https://news.google.com/rss/articles/CBMilwFBVV95cUxOaFVLdFR6bi1BVm8xZ2FFQk4zSzlPUkNrR0JTV3N1VDA5cnA5T24xb0Vwc1ZRbjR0V2hDSjNSTzVQNVc0YlpCblMtU29qM3dGTGZDODl4bFdYYW83VHNtSUQ1cnJRRjhBMV90Qzhld0x2XzlPazFIcmhhaUtkbkZlUkM5bVc5UkpEQVlaQVZXZUJfVWNVNGow?oc=5
2026-08-06 03:00,Bloomberg,bloomberg.com,‘India’s Top Gun’ Is Netflix’s Most Ambitious Local Production,https://news.google.com/rss/articles/CBMisgFBVV95cUxQRHBJeWxEYjAzcnpOVkRhN2ZNTDVQLWJvWUIxMmdzX2hjTlZCUjNGSUw5RGlob3pVZG1xdV9nWWlYMUFsakthNzl3UWdDQkcxWWEtOHlNVFV5dUVTb1gzQVg4QnZadkxmNnltblZWTmJrU0lfN25fVElJdnhNREFrSGVQbVJYRDUxMHhYdmRiQkd6NzNTbHZJUFpxT0ZEZmg2YWlVNmUtRllRSW1fdjdhdGd3?oc=5
2026-08-06 03:00,The Motley Fool,fool.com,Netflix and MercadoLibre Are Underperforming the S&P 500. Here's the 1 Stock I'd Buy in August.,https://news.google.com/rss/articles/CBMimAFBVV95cUxPV2pPODYzM1gzZ2J6NXdZdVJSbHktRGlqMjB3OXdlTVUtMGFwaVRqd0h5WmVJNWlWWkZycU5fWXhCU3ZZTXNZcnBBTGdTcF8tNFo2eFQ0dV9JWTYtcXVjZTIwY0ZpZUVON21qQUtLU2J1S1U1NmNZX01OSnV2TFdWSTVpa0JnNy1ZbkRieG5Sb0NsUW42YXlTZw?oc=5
2026-08-06 03:00,Yahoo Finance,finance.yahoo.com,Netflix (NFLX) Stock May Be 26% Undervalued Despite New Franchise Rights,https://news.google.com/rss/articles/CBMilAFBVV95cUxQNkdiSzNVSGxIbE9xTWUtc3JmOEpqTnpoSm9xbUVSWmZ6VTRxMGlIN00zbTE0RjA1OE9QMVY4bTE2UVo2LWJYX3lTYzFBblZSR1hqU1I1VGhmcXpaSzBaa0t3RTNDc21ZMHByMWdUYzcxVW4yUHdHNlJfMEk0NmZnNC1xQ2lmLUVwMHF5SXNkVmZZWGdo?oc=5
2026-08-06 03:00,Yahoo Finance,finance.yahoo.com,Netflix's Latest Insider Sale Looks Bigger Than It Is,https://news.google.com/rss/articles/CBMioAFBVV95cUxNbUU5MktfRldmdFl1ZXhVclNaWFNiaDdMbjZHLWRVQ1pIaVZpVEtMVnNiMFZkbGVHdl9hM09LU19VNWRqMW01cHNaX1pYVlVvNmcwSlgwQVdCaEE3LXlFTEd0UW1OS0ktY3RCMXoycDg2a0I0TndkUkh1bTVpeFJsNjNJZld3eVFydlpFTEQ2Tk05eHhqampHZ2IwZGJHRUst?oc=5
2026-08-06 03:00,Yahoo Finance,finance.yahoo.com,The Netflix Shock Reveals Which ETF Structure Protects You Better in a Downturn,https://news.google.com/rss/articles/CBMiogFBVV95cUxPWTBlZGNBcUp3RWhtVXVKdHd3UnVnM21oWlFiZ2dMTlNOMm1pMkU2MDI5RVdOY0tMNENPbDFDWF9QWEFFRmRpZ1NlNFNVdEg2TS1GeU9PNU9EU2h0RWVLWGZuQjhEeEwwZXJmeE0tV2IxQlpVQ3pYTXRJT1ZLNHQtNmhYZTNNUjI0X3JlWTlSRmVjcVdad3pfX2tFMklWY1Q2cVE?oc=5
2026-08-07 03:00,Seeking Alpha,seekingalpha.com,"Catalyst Watch: Inflation reads, AMAT earnings, Google Pixel event, and MLB on Netflix",https://news.google.com/rss/articles/CBMivAFBVV95cUxQVHJzZS1pWl94eE1pZWFQZzR5VTF5cU85WTZjTnVMX2xYOENzR2IxbHFZWjAtSnFoS2lrbG1wVjloZ0w3OWJFcWVWLWpqbDlfQ0NHWEhDMlU2QXRncS05OEhJY29JWkdKQlJhcmc5Q3k1eTRsU3ZrN2JVS0ZhVVRZemRGdmFkc2hHdDRPMFpucWU1TFN6VEtGTXR1cnpaN2tVZGlfeHQtUW5ZbUNEaUJ5OHJNRm5kdzMzZFZVeQ?oc=5
2026-08-07 03:00,Yahoo Finance,finance.yahoo.com,Are Wall Street Analysts Predicting Netflix Stock Will Climb or Sink?,https://news.google.com/rss/articles/CBMipwFBVV95cUxNSnI2NExjT3FqZmV1bk5uOUctRUVBOVk1SC1XQVhVQ2RfOUtibTc4UWJhTWVBOXRxSFhDbWlzSXUxSV9UMjJnM3VCb1pBUEVyR0VOekJ0RUJVQTItWVJtb0tKUVJSZDdNOU40N25RR3JIcUNYN0tRbWJmdWM1R3JCUDZqMkZsNjhGamVqVElnYVBnbXFYdkZ6UEhmb09ILVFjUUR6cm5Xcw?oc=5
2026-08-08 03:00,Yahoo Finance,finance.yahoo.com,Chipotle Mexican Grill vs. Walt Disney: Comparing Revenue Trends Between These Consumer Companies,https://news.google.com/rss/articles/CBMimwFBVV95cUxOZXFkc19hMXVDOW5FcFhBUWZpdmxmdFdSM2c3ckpVSXZBc1lKdVJ5cU9uLWVmQmROa2M5LV9kSEdncjUyLVVnUjJ3d0RPMkttN1RpSXBvcktISWg3N3V4bVVOQzNvT1dWZ0gwQlJEc1kyN2FzSXA4YzNyajlsZmJWZ2RnRHZWU25XY0pJQTU5UVdXeUZPWEIwTzF3Yw?oc=5
2026-08-10 03:00,Benzinga,benzinga.com,"Netflix, Amazon, Amcor And A Consumer Defensive Stock: CNBC’s ‘Final Trades’",https://news.google.com/rss/articles/CBMi1AFBVV95cUxQcUx3QzR2X0FGbnlXUFpoVFZCQUZXR2o3VG1rNUNkTXdUY0V4S1ViVXRCQmRHMFBhYldRcHc4bkdfT0Z5bkRsUVUxOW5UXzhnczl6eWZUbDExYmVRVGh0NEJqVGVkLTJtNDcyeFFQOTdFMHZlMjFwYlcxS1FIby1xUEFlemZLWGIxMHVHdlJsMkwzdlZaWUdvWjNSaDJYWXpQZ3ZaQ1RHaGd3cExYQXRZa0xmUW5RWDhGbVFnX01YWnMzQjA5b2hiTmExeWRaaVdHOGhtdQ?oc=5
2026-08-10 03:00,Investing.com,investing.com,TTWO stock investment analysis ahead of the GTA VI Netflix premiere By Investing.com,https://news.google.com/rss/articles/CBMiyAFBVV95cUxNYUIwQVJDcjlpVkpRUDRCVE1BNXVqTnRJbk9EekFVRmRwOThFWllMUk5XQzVvaVk2UklTSnRKNmtYam9scW1FRExkV2xESXBCRGp1MTZzS1k0M2hiczVodUtzNlNUV3dtWkpBRURRVWJqVzJOOG9VZF81Wm5OMWpPU1RWNUtWQnpEeTNDMXoyNmcxaXlJTkpvQl8yQzRhLUZwOVZoSkV1bW03RlIybXFSaHJZZzQwbERYcGFYSFd1WEhCcHVXU29pag?oc=5
2026-08-10 03:00,Seeking Alpha,seekingalpha.com,Netflix doubles ad commitments at 2026 Upfront presentation (NFLX:NASDAQ),https://news.google.com/rss/articles/CBMingFBVV95cUxPbTdmR1NPZTBRTWhHN1Y4R1h0Z0tBNlU0cUV1bExnN24wMU1ZNmtwUFNzamdRNVU1RXlTeGZ0UFc5OFRtMmZFREYzNzNHMUpZaHlUOGVaMUotUUEwM1lfNTBNcjN0bXVIMlBfXzRUNjBSOXRaLTR0UmZaajk3STZtNUV0VW5JTU5iZ3BTNEtlWDFBMExHQl9iMnFPcGlKdw?oc=5
2026-08-10 03:00,The Motley Fool,fool.com,Netflix Is Down 42% From Its High. Here's Why I'm Buying More.,https://news.google.com/rss/articles/CBMikwFBVV95cUxQSHZzMTVJb21nTTZQTTJ4c3lQUU5KeFZnemxVUWY1TG1XNkRhUzhFaVl3TXFFSzFzVjNLcTc0b043c1UyaEZwOFpvNS1SZjJnZDdGWmd3cmJneGZUZ2RYZ0dMODE5WmdZWVJkR19ia0NlaWlycm93NG9LbFRFNmdtS1BuTkp4eFhpMlpXMlJ0eDdrVkE?oc=5
2026-08-10 03:00,The Motley Fool,fool.com,"Warren Buffett Bought Alphabet Stock Last Year. He Might Buy This Megacap Stock Next, Says a Wall Street Expert.",https://news.google.com/rss/articles/CBMilwFBVV95cUxNNTIzc3hibGVpZ2tVc2QyZFNadkFIZDJpdmpRQVhxd2RkNFY5MENOUUFFcEFrN0hvNE5kSGl4VTAtRS1LRUQ2SDR6OE1MbjZhZVBHVTIteTJ3bWwzM25kTGNmanQyTTVZSUNGWHMtaEVpMjN5cUp1dllKSE13MzJrX1kzeWtVTmVrV2JhQ1QwZGg4YTRHNy04?oc=5
2026-08-10 03:00,The Motley Fool,fool.com,Why Is Disney So Much Cheaper Than Netflix? This Is the Only Answer I Can Think Of.,https://news.google.com/rss/articles/CBMimAFBVV95cUxOeS01aEFabTJ6ak5WZUpWUWs4Q1hlWjNPSUd4WUpHalJ2cUlhRVJWV1FNX2hUNWFhSzg2Ym94bHpmZG1ad0RPRWdkb0ZhUFRnWDJwb2JVcEVRZjk0OXNTbkFhUl9TN3lYbjF5dTZVUEF2ajQwcFFhdnRjOTFhaUZjcDM0bjFSU3lmVTRsaTFRVWNScFgtVTFsMQ?oc=5
2026-08-10 03:00,Yahoo Finance,finance.yahoo.com,Down but Not Out: Analysts See 40% Upside in Netflix After the Slide,https://news.google.com/rss/articles/CBMikwFBVV95cUxPS05CNFlZd2hVQlBvVF90RFFzNHZzZ1NsLXF1UDNPYzV6aE12VmNKMVVqdU9DamxKVmNxN2xFNjhURHA2OXB3bmFWRU9obUI0cURKRG42LUV6TUJ4MzhmQUNTbGVTZFFkcVlXYmE3aEJIakM2RFgzTzE2dlRmN0xUT3RBM05SVUl4cURfR2tQRTBmVVE?oc=5
2026-08-10 03:00,Yahoo Finance,finance.yahoo.com,Is Netflix’s (NFLX) Long-Term Dominance Under Threat?,https://news.google.com/rss/articles/CBMiogFBVV95cUxPdURNeU5yRml5bkVFZWo3N2ZFMVlHYUJOLTNFUE12bXhVMENteE5ad3M2UDV6ZVFYMnNBcFpKa1llNmlpMFRuNnptT1FMSXM0SVlMM0hiRGQwTWpsNHI2UmdsMTkzcXg4X3FycWxGMk1oVktJYUk5Vm1aWU1WbzJibGNZbi1nX2lnVm5NdjRzb2sxVE5VaExuR19SQ3V5YzREaEE?oc=5
2026-08-10 03:00,Yahoo Finance,finance.yahoo.com,Netflix (NFLX) Wraps Upfront Ad Sales With Commitments Nearly Doubling,https://news.google.com/rss/articles/CBMingFBVV95cUxPeVd0UnlJUTNQTGlMYVBxTkJKZlZkNndnVEFDT3VPaDc3a1BsVTdOamdJUkF3NWQxZEg3emkxbTVXbzFGSXJrTW1RM1hYdEowYnlwaU9aOU1xb0JwcVAtN1BGOE9DX0YtdG9FTnB5M0QzRTM1RlRxcEtMR0I4MjlsYlBMUTg2aUpjWldDd1FPbHJfR0t2SktuX1k3V2hnZw?oc=5
2026-08-10 03:00,Yahoo Finance,finance.yahoo.com,"Netflix Insider Sold Shares Worth $700,907, According to a Recent SEC Filing",https://news.google.com/rss/articles/CBMinwFBVV95cUxQa1M0QmxaRDVzc2p0UVhDbmxwN0JSdkdSUDRHREJpYlJrZVhTVkViVVNXbHdYU1cwcHUwQUVQVzVZVGZyZjdtQmhJVXBLWHpmZ2RENkRjdmsxbWUxeW9sSXNhQnFSYVhtZS1FRTh4dkhwVEhURDU5Z2ZwZjFPdUx0VDdzTmwtdEkzYlotWXlFU05yMFlFcDRLWk9vcDlMbE0?oc=5
2026-08-10 03:00,Yahoo Finance,finance.yahoo.com,Netflix's Ad Business Is Starting to Scale,https://news.google.com/rss/articles/CBMipgFBVV95cUxQZEpiakdlWThOMlZZNGl5V1E4Ti0wRkEzeF9fZW1zNC0td1dmdmtzZ1FSanhXeGdlRVN6VXhJLWswNTN4ODI0SXBUZWo5WDd0ZWd4NmJnU3NHcTc2ZldJMnNVcUZCTFpLUVAzb0sxdVJJRkFCNjNrNXdCM1A3bHpjaUpPN2dwbFYxeExzeDR0cE4xZnozclNFOFBYV2ptWVczdFBnb2NB?oc=5
2026-08-11 03:00,Seeking Alpha,seekingalpha.com,Netflix: I Underestimated The Sector Trend And Cannibalization Risk (Downgrade),https://news.google.com/rss/articles/CBMiuAFBVV95cUxNWS1jTEVtNkFsQU93UlFiVHNHdEVSalo0TmtNcDMzVGVPS1BaRlpqQmd5ZHVxRWNiMUhJak00WERxVFUwR1VDSldGbmxZaGp6UjRaVEk5NnZPbnJMZWtDN2lNWnVaUEFfbDdwUUlHMGhJaWw0V3RJSGRjTHdNMm94T1BJQ1ZTNUtteFdrT1BhdlJIQnZJZkhmVFowRlA4VG9icS1JV00wYlRxaEhhUUdUR2dBTkR1RTRP?oc=5
2026-08-11 03:00,The Motley Fool,fool.com,Where Will Netflix Stock Be in 5 Years?,https://news.google.com/rss/articles/CBMiiAFBVV95cUxOTEdKSlo4clNCSmFPNUNSQXMwNTRpUF9qRkk5WWRNYnBaSVd1d0xrQjVVdUZta3dQbFoxX3BwTWU3d0lXM1lhVEhLSkItaUZYVWFSOFBIOGNvNlZCTHloNXh5dkZPTTh4QXRtYU5QTTJ5TjVUTHdtUlRSTGo5dDJIRkxIMTZPNDZ2?oc=5
2026-08-11 03:00,Yahoo Finance,finance.yahoo.com,GTA 6 Owner Take-Two Is Not Interested In Selling To Netflix Or Anyone Right Now,https://news.google.com/rss/articles/CBMijAFBVV95cUxQVmJIS1dsQjVpOVhGcW5XUktRTjVZREFQTFd2Vm5sa0VyaDhLOVFFSk9TZlJiaXRIV0xnb0JnMEFQUnB2WHk5SF8yNEJ4UlhQd2NoUmQ3RTV4Njhxdno2S01tTUpVQ0E3QmE3WjBLUVo0N21KUlJwUlFTS1RZYzBEZk9FTkM3bkVTQWhYSg?oc=5
2026-08-12 03:00,Investing.com,investing.com,"Ackman’s Pershing Square takes new stake in Netflix, five more companies",https://news.google.com/rss/articles/CBMixgFBVV95cUxNZzJBUTA0YVQ0cXh2TkRpR0RwVXdOUW1zWnYwOTdKVllwUnQ4WHZTSDZKR1RWekR6cHlnTWQwaFo3VU5nUE1XVVNRMlYtbFFWd2Q2NFF2SXg4YkhLa1dmcGxpVHlPbS1oNmNfNEpoaHQ3MWlCQWRRczJyUVFqU0VrUGl4MlhsTjBrN2VRbWwyWmRsSHVSRTRxeGc0ekc2Wk9IREVIbjlzcVRoeHJaNklvSFJOdmFibmxONGpCWHE1RHJuWkUtQ1E?oc=5
2026-08-12 03:00,Seeking Alpha,seekingalpha.com,Netflix: Is Something Broken? (NASDAQ:NFLX),https://news.google.com/rss/articles/CBMiogFBVV95cUxONFZzMkg0LTg5TG9wV3h2bjhoZXNCcGs1THJwY2lGdWhKZm1fOHRTMjV5WTlFaHFSb3ZmMm52d0V4QUJTT2NReDBiVFJlNkFmU05JZUo1bmM0N2pCNXR4amoxNVg0LXZnQldmODVFRTRDN2ZqY0JZNWxrVUxodDdWZlhmcG5IazdxbENTYjhHU1ItS0IzcXBpRlVkU0gwWFo3cFE?oc=5
2026-08-12 03:00,The Motley Fool,fool.com,3 Best Streaming Service Stocks for 2026 and How to Invest,https://news.google.com/rss/articles/CBMisAFBVV95cUxNQnBaWGwzNVF6YWcyeEplT29aLWxBNjVackxoTWxmU1R0cWNjWnRMMEk0TWp3SWpCSE1wUW9kWFRZeGI3dXp4djg5Nk1qdHJ2R2oycEM3d1hUOE1YamJJRXBvRkdHSEZEcG1KUGMzdDlITEItdklWT0FacDlfVl9sWHhVbHJNT2NUcFJLdlJjeHhmMTlVODQ2VVd6S2t3aXYwTk9BRWVJUUU3dzh1SjJOZg?oc=5
2026-08-12 03:00,Yahoo Finance,finance.yahoo.com,GTN vs. NFLX: Which Stock Is the Better Value Option?,https://news.google.com/rss/articles/CBMikwFBVV95cUxNUGI4clhfa3lDT2N3OHdkNTgwN1BnQ2VleTJ6Z3B0YVloRjdPTlphdjdEMVpHMVV5eGFFYmtIQlEwSXBtWnNzYXdKS2RFM0RvWWxfX1pPZlljRnFmcUFIVE9IcXpoVlJSdmhVM0NRZW84WW5DRC14ekpkZU00OS1LUFQxU01EZVhuOWNTOUVCUnk3OTg?oc=5
2026-08-13 03:00,CNBC,cnbc.com,"Bill Ackman buys Netflix again four years after exit, says it has won the streaming wars",https://news.google.com/rss/articles/CBMiqgFBVV95cUxORDQ1dkdvSjQ2U2k1WEdEMzV4TVF5LWtIQk1mTmd2R3BIVEl4X2JSOENVa3llOWhFS1Qzemc5bWNZTW5nNXhUN2hwYkktbkhCMkIyR1JEaEtVY2hmcnJ0Y1YzSGdVZmlkVktpb3RocjNXLW9tUm5UcldRbTRiTlV0VUFtUjB5MVNRcFNYVHppeDFmeEhfZWZPdUZ4bDRUbEttS29ES3IyRWtwUQ?oc=5
2026-08-13 03:00,Reuters,reuters.com,"Ackman unveils six new investments including Netflix, Visa, Mastercard in portfolio overhaul",https://news.google.com/rss/articles/CBMi0AFBVV95cUxPZU9WMTB4MXdfdmM4Q0FKZURKUjVac0JERWZyTEZtOEZQa0FqNDBtY0JnQ1BMQnp1Q2JRZWY1Qko1V1B2OFBEdjkzTVdOSlFoWkZ4bnVocTE0aUlRbENkTldwbDVfcEhHUEhyYU9OZFVXdExuT0JnbU9qcnZGWnI1UWRNSzZFVlVSS0VYcDFxdHRwMHVFNUhyMGlnUEg2R3IyTUlhU3VTRnFyZ0F2TldyOTVFbmZpMDIweGlXOFNsaVRsenNrODdDUV9rdzNPbVJj?oc=5
2026-08-13 03:00,The Motley Fool,fool.com,Bill Ackman’s Pershing Square Just Bought Netflix and 5 Other Stocks. Here’s What Investors Need to Know.,https://news.google.com/rss/articles/CBMi3AFBVV95cUxPOE1ZVXlWWk5kWVlwTUdqUU1QODVpXzE3YVQxZjJQSm5EUndIZUVwcVFudlVrWnJyYVVJOEt3ekdhYWN3STZLWkZkeGF2VWJXZGNra0szaGRHQ3o3VTRNd0NpTDFyTUpmVnRuWC1jUFdKbkFFdVY1NkdDWDI0aVZwMmtlT3lmT0ZIQjhFcGNHejdPY0d1X1lMTVNnQlNJWkxpTFJBbTY0bDZwdFo5dVpBWUtHbHNVN3F4WWFBdEZScFh0NkhWc3B3TjA0cHp2X3VuQ2ppYnIzTjJxM2Fr?oc=5
2026-08-13 03:00,The Motley Fool,fool.com,Why Netflix Stock Rallied Today,https://news.google.com/rss/articles/CBMif0FVX3lxTE11UXU2SlFoWlBtYVhQSFFjMXVEdS1MV0hlYkpyUkNHb0JUS0NmRzJyaDd1alljLWVLRVlPN1hBSzAxb3B3Sl9yMU1oODVrX2YtY05qYzFKVTc2SXVBTHZWRk9FVXEtc3ZXMzZ6Sl9XR1F4V1NRdUVuUm53XzJWUGs?oc=5
2026-08-13 03:00,Yahoo Finance,finance.yahoo.com,Bill Ackman Bets Big on Stock After 50% Collapse,https://news.google.com/rss/articles/CBMilgFBVV95cUxQSlhIUHE4dExscXlvdUM5Ui1oUGQ0bXdlRWhITFRIcm5JR2wxd1YweEE0ZFp4R3Y0cl9rWFBad0hHMlE1Skx2RUZJQ2ZhU1RIekc2VWxmem9iaUIzU3dNaWpEWm9tNDZYZ1l2UW85bVRfTWJlZFY3RmdLWDd6c1VhQkw4b0FNVnlNaGh6cUpSY0g0OHI5aHc?oc=5
2026-08-13 03:00,Yahoo Finance,finance.yahoo.com,"Bill Ackman unveils 6 new investments including Netflix, Visa, Mastercard in major portfolio overhaul",https://news.google.com/rss/articles/CBMinwFBVV95cUxNcndacHg5RkVWVEotLUx2VFMwR2VrVjRqVGU4dmk5YUd5WWtYRFpVdXRYTG1EeFhEZS1zQmNKVWVsV1V4R3dtNENKbmRHU0JLSHJyTkkwRGlrM3RqcVZaUmtYRXE1VGs5QnBzZWpvSHdkNEl1UGVpelZsM1p4blNPS3RjSWZWaUtITTBhMDBPbU1MYm45RWtvcV8xUlo1Y1U?oc=5
2026-08-13 03:00,Yahoo Finance,finance.yahoo.com,"Bill Ackman's Pershing Square buys Netflix, 5 other stocks in 2026",https://news.google.com/rss/articles/CBMinwFBVV95cUxQd2FacnNBcVYtN0c1NE0zd1p0dlBPaF8tbW94eW5tT3dOeHYzcUdURTIxdEhpelJ2MHB2X1ZweGtURm8za1lXdEZTUmlsSDc3bWhPT29jYUN0MmZTZEVwM2lmRG5Ya1NwY0YzTV9NSlV6bXVvY1R1emswX3VDMUF6aTBMbklyQjBxMk0zQnJPczNjM0NFVVJ3SFFxWjNucUk?oc=5
2026-08-13 03:00,Yahoo Finance,finance.yahoo.com,Billionaire Bill Ackman Just Invested 5% of Pershing Square Capital Management's Portfolio in Netflix. Should Investors Follow Suit?,https://news.google.com/rss/articles/CBMipAFBVV95cUxQR1UtMVdsaHc4RHdmVURrRzhISFdNRXVvU1BqR1BKNG4zUXN6SFFoR3VIZDk0OU1ZRVlFYk9Db2tqMF9yY1FoNDh5aXRxMzJTQzk0UExqWGZ6S21xUlNGWmVWcXBVSEpnMXEwOWpjeGJycTFYS09FRnRNSE9LUVU0WWRCd3dMLTU1T1BCTE5oaHdWMTNpdzJGaXd1Yklicm1xeDF4TQ?oc=5
2026-08-13 03:00,Yahoo Finance,finance.yahoo.com,"Up Nearly 20% From Its 52-Week Low, Is Netflix Stock Set to Rally Even Higher?",https://news.google.com/rss/articles/CBMijwFBVV95cUxOSEhBWDVxOG94dHB5MU5IZVh0OTkyQkR0MkNfUHhkTkgzTmMzNDB2bFFORE80ZWNGRENPYlBOREpwelU5YVpQMHozQVM2T0o0dDl4aFNkSDVtVG4wMjliVnllZWtFRkppeW9BVk1oYmtFV3FfZFdGNHBlQlliSThkRUxkWVRtVXQ0ZW9oUkhsdw?oc=5
2026-08-13 03:00,Yahoo Finance,finance.yahoo.com,Why Netflix Stock Popped Today,https://news.google.com/rss/articles/CBMimwFBVV95cUxOZWVZcEttankwQkRtRG1pakxpaXpRM3BlcThNeUVuc0Y2SzJTeml2d2JKMUxTNFVrWlBsdWpsaE5JcDFFVmZoTzljcjlnT2Q3ZWdlSHVncERtZnRYRVA1VHdBQ3lYNTRuWkhDdGVkT1dDbV9Ic2pfUnltV3p6UEZsdDRjWTdYSEpkTHIzS1dLMWxRaXZkc3V4eGhSYw?oc=5
2026-08-13 03:00,Yahoo Finance,sports.yahoo.com,MLB Field of Dreams Game announcers: Meet Netflix's broadcast team for Phillies vs. Twins,https://news.google.com/rss/articles/CBMiiAFBVV95cUxOTmdvR2pBbTVUdUx5WW9NSTJsbG84Nm9ZclViVFBzbUZCSjNXenVPZG9UYlFjdFByaHExMHlvVk0wRGozZE90Ql81d2U5ckhNR1JkUFNmOWM3R05tYXZnSnZOY3lIS3BxWkFWM2xyTGljVlgwcUZUOTd0Qmw2azA3M1FIR2xjbS10?oc=5
2026-08-14 03:00,Forbes,forbes.com,Bill Ackman Lost $400 Million On Netflix. Now He’s Buying It Again,https://news.google.com/rss/articles/CBMiswFBVV95cUxQVi1YVGs3RkF1dFZiYVBIb01oUFgzZGg5VjZPaktpeE9RZmxnMzJQUE5MUmRwRkt1ZG1kUTlORzFFU051MHVvTUkwVVFXTHViNW96Q0t0TzB1bnYzMXIwVTMtcXVOQjRITjlSUXNSVzZsS1NiYUZxdmlnWlc0Ni10TGVudnJxY0xiWV9iODI0Wkhremo2TXBvWjJNRTJYSVFNdDFDM0JHYm5meEZISHo2NWUzZw?oc=5
2026-08-14 03:00,Los Angeles Times,latimes.com,"Netflix plans to close two gaming studios, including one in Hollywood",https://news.google.com/rss/articles/CBMiogFBVV95cUxOeGp4cFBaYXJONXNBSW9kQUVsRlNJbnRwcjhjWjc3OXdnbDNVcHdIUWRxVXlUVzB5LUd4WUtwVGllak5WMGZFX2VnaGtuWEdObHJBdk1mX3IzampXZjBZS0VBY0xGQllocEF0QmtZZURITUtfWU5iakZJUmMxQV9NVWNHa2JlcGg4eV8takZ3T3NNTmQ2c3c3M213akJxeS1FU3c?oc=5
2026-08-14 03:00,Seeking Alpha,seekingalpha.com,Netflix: Bill Ackman Came Back For A Reason (NASDAQ:NFLX),https://news.google.com/rss/articles/CBMiiwFBVV95cUxNRmN4OGNjcVo2dV8wc2JaamdrblpKRjFWdVZVOGt4cXNqZjZDcTZOdHpSdjk0SkdyWURwQjZEUlUtb2U4dS1hbGNVNGhjSkRfekZuUDBaSjBRa3M5VV95Z3BHakQtZ2RfMFc2YTh5d0lpT01HaENlQ0dBR0pLTmdBTjVVMEw2SkVfMG5V?oc=5
2026-08-14 03:00,Seeking Alpha,seekingalpha.com,Netflix: Current Valuation Multiple Represents A Substantial Discount (NFLX),https://news.google.com/rss/articles/CBMirgFBVV95cUxNd0JKenBCcDJXdk5UbndsVWJlU1NyQnhkeVoxRGJnblgxcEZMUmptS25SRDFiNDFwQVhnUE93R0ZVZWJfcHJuQkhDeG5iN2VJd1ptY1NMLTJVV3o4aHhZdzBpWkxXRVM3Y08tUm55VnB3ZE42VmNpQUlZQ2d2TjZrRms2WjVjQUdocWI0X29yRXp4WXB0RkJIOExEcVZ2VVpnQWNtV1NKTURiM1VHVlE?oc=5
2026-08-14 03:00,The Motley Fool,fool.com,4 Best Media Stocks for 2026 and How to Invest,https://news.google.com/rss/articles/CBMijwFBVV95cUxONjhldVV6VUZrNjlKMnYzcWk3Q0VibzRzalRMaEpHaWFvWUhqSFhXTVZjQkhScW9uRm5xbS1hWHVGRmZYUk0yUk9tTWVPdkxYeHBkSWZQMTZDdUl0Zk5EaHVtelFxUzlPdXNMLUpGZFhLWFc1UzB2TkpONC1lZ2lMeXI2R3hBSEVwWFZJVEJONA?oc=5
2026-08-14 03:00,The Motley Fool,fool.com,Solana Has Plans to Become 'The Netflix of Finance.' What Does That Mean for the Price of SOL?,https://news.google.com/rss/articles/CBMilwFBVV95cUxNVTdZWkZibUFCcFc5WGV1c3NzQzV0UVlTeThYRlJLNnprUVhySWliRGV6eDQ3X3QtV0gtbWhYQzhaY1FRcDFTbDQ1S0tuMFdqd0xlMkFtUWdtOXhtNXVpcnlQRndReGJtZHdfQ25ld3ZiZlhZM1dTLWo0eUlCMVlLeEhNZEhBM3E4ZHVydXZUeEhZLV9LakxB?oc=5
2026-08-14 03:00,The Motley Fool,fool.com,The Big 6 Largest Media Companies,https://news.google.com/rss/articles/CBMilwFBVV95cUxQMFhHUVA0OXljb1I1Yk9QYXJTUXk1Unc3dnowQjdaMVRubF9uNFN6dnBsbG5YWWhXS2E0cEpOVW9fZzkzWkplRDI4UkZCS0xzclpzbEktaHB1T3ZEelFhMllZSzNndndWMTdzVUx1YlRmaGEtcVpPMVdudmFDQ0JQOHJqYlpqaXF0UmMza0dQVmR3aVFrYVdv?oc=5
2026-08-14 03:00,Yahoo Finance,finance.yahoo.com,Bill Ackman Is Fixing His Blunder by Buying Netflix. You Should Buy NFLX Stock Too.,https://news.google.com/rss/articles/CBMinwFBVV95cUxOWGduLVpERENBZUxZTTVhVE1hTk5ET054dEI0dWI1ZUdySmlxc21mRFltc0d2Q2EtM3lwRE45cjd6UE9kSUNkb3hGWHRMNG80Q0ZaaXlSSTYxdFdtaUJRRS1tTkRiNWdtRmJqUllPaEw2OEZzWGZtR3U5bEphOHNkZEtxYldCcWcwcjJBX004TE02S2FDTE0xYlZSQUQzUk0?oc=5
2026-08-14 03:00,Yahoo Finance,finance.yahoo.com,NFLX Stock Alert: What to Know as Bill Ackman Takes Stake in Netflix,https://news.google.com/rss/articles/CBMilgFBVV95cUxONm5mQXB0Q3dlZFoyVlM0TFFISWdzN29LWVEyYUl6OWlVTUc2a1V4VVZiU0Z5SXkwbWlFemNXSTk2UzkwOGdnTDhZY3h2RXJyalY4Z3B4WVk4cExORDJLY3lyMDdEMzAtVGNKUFNFYV9Oeld0NGg1MnppbXhaM0F4SzhkMWVPTkpKS2I0ZktKVWJzekxObkE?oc=5
2026-08-14 03:00,Yahoo Finance,finance.yahoo.com,Netflix Stock Slips After 5% Jump After Bill Ackman Returns With New Bet,https://news.google.com/rss/articles/CBMilgFBVV95cUxObndxbXJtbVN2WUFYVnhreklfUFNPb05iS0hZNHlGMWVKcUdnVmNjRlppcGpVRFQ1Qk82dE1ZR1NRTXFXaUtlV2xOWkxZUnEzQS1UdEkzTWlScmVwYzQzVTNvY3JTeHo0eEZlaHFyVjVnMlBCQWN4TmNrWjFtdk5Kc0hVbndpM0NIMUVJZjB6NjIwRmE5T1E?oc=5
2026-08-14 03:00,Yahoo Finance,finance.yahoo.com,The Last Time Bill Ackman Bought Netflix He Lost $400 Million. Here’s Why He’s Back In For 3 Million Shares,https://news.google.com/rss/articles/CBMimAFBVV95cUxPMTJBWHVhSFROZm5yZTA2bjkxaDlIb2FXU0FSdmh6NTlmQURWN3hNeDVRZG53bmNjd3ZJbnBJVVFLTHZUQ0NEUDI5ZFo5ak9JNWRDbXhldnVMZlZYUFpvTmExYzR1TUJveFVMMFBEUGhta0NPNzZnMTk0VGRDTGlZSGhxTWdwZWlOYkMtNEdrTmpiN21SSEtyVg?oc=5
2026-08-14 03:00,Yahoo Finance,finance.yahoo.com,What Does Netflix (NFLX) Gain From Bill Ackman’s Return?,https://news.google.com/rss/articles/CBMilwFBVV95cUxPM2xqZHFBcEpmSWhSeHhNUFRuTW03VC1kdDhJZ2tiWW1qRVJPMmNRUEZVOUxBX3d1aGstRmlzcW8wVFBkU05maGFWZF9MWHFYdGRWQjFZa2JqVDUxdXg2R0wyaFh4VVNUN3c2eDJBVnVTYWRERWtPMU4zbkNoRDZudFIwbDZ2WXVFbWxwdWhhYzVjT2lDT3B3?oc=5
2026-08-14 03:00,Yahoo Finance,finance.yahoo.com,What's Going On With Netflix Stock Friday,https://news.google.com/rss/articles/CBMingFBVV95cUxPSVBNRG0xQ2VqVC1BT2Z1U0lvVWNmOUZjTThaUV9lSVM3TWFRX3djZ3h5ZEt5S3VZcmlnVkh4RVVzT25PTVB6OWNob2Yxb1pEUHp5N2Q2YXVkMEtObmhzWjBXbFRxTW5UQm5PODVLX3QxM0ppdWZTWUExOGlnYV9WdGY1ZFZQc2hOa0FGU3hjR3lRY0NnNEFWeW8wLXliQQ?oc=5
2026-08-15 03:00,The Motley Fool,fool.com,Bill Ackman Put 4.9% of Pershing Square USA Into the Netflix Trade That Cost Him $400 Million in 2022,https://news.google.com/rss/articles/CBMimAFBVV95cUxQcG43QlVBTk1EZHJXcFRUcFVYRmtlYW9neUR3MEk2Z1NOdGY5S3JmWC1oMXY2eEhqbFVIbFRsc2hfbU0wWTVCeGQ5cFdMcmlyWDN4a3BiZHlyZ0lwOFNyenQxZUQyazl0Q0VCRndYXy1sLTViNEQ0ZktzYTJianRDaU9zbFYtczBuaUhqZVhld1Ezbm92eFlXVQ?oc=5
2026-08-16 03:00,Seeking Alpha,seekingalpha.com,Bill Ackman Is Buying These 4 Stocks: I Ranked Their Moats,https://news.google.com/rss/articles/CBMimwFBVV95cUxQcWNuSXNmRkpwLXZ6LTU0djhwbWxGc1BjVFd5Z3Y5VWR0eDZtanRsQmZILXZiUVotNkVxVFNzZmZJT2tDQnVDczJtRTh0anFxXzRTMWNFak5sMDBjeHB1cjRaOGt0aFJ5NFA4NnJyVDQ5VmtZVDV0alZYNERWNEtFb1hjNDdYVm5RVW5TdHpkMnFNdnRTUVVVd284QQ?oc=5
2026-08-16 03:00,The Motley Fool,fool.com,Netflix Stock Is Down Nearly 40%. What's Going On?,https://news.google.com/rss/articles/CBMikwFBVV95cUxNUlo3QzNCSnkzTVdTN2k4ZHpPOVNhLVRuQ0xRQ2xFbzJVbTFQUFNrRlpVb08zRDZEcUx3a1ctMHg5UHF3SEFnUG85b0UxTUNndlRqU2xJRVdwd2ZzelZGVlMyTjVCTnhrYmNCa2tHV1dVaHV2Q3Bzckt3b3RCTGlraG1DU0VDQ1E0RW5NZGhHUjI2Nk0?oc=5
2026-08-16 03:00,Yahoo Finance,finance.yahoo.com,Jim Cramer Tells Caller to Average Down on Netflix (NFLX),https://news.google.com/rss/articles/CBMinAFBVV95cUxPWGZTSFpodlpZcmdCVHk0aWtPWUs2VmpTVmtnQlNmeEFRcVhxRU0xaHVCNGlsaGxXaXhDNWs4QmkyQllJclZKQVNkRDBZVGRaYXFtVEpfaXBSeGloeGFreThKLTRpWmFHYjZ5Y1pwY25oQ0pvZmFTRXpoWXREVnlzekJpUHRRdFlKdVBDdEMyclJVMUE1R21IN3UxQk4?oc=5
2026-08-16 03:00,Yahoo Finance,finance.yahoo.com,Netflix Stock Is Cheap and It Has More Than 70% Upside Potential Here,https://news.google.com/rss/articles/CBMilwFBVV95cUxQTmR0Tl90ZnM4Q1VmUjUxbENZem42RkZlUWFIeDZSblNfQ2NYejlFaTZmaHhUYmhuUi1WRXlXQ3hNQUUtLTRwSlZRcTc1WkhQWVJXUGhEcTJSbUY2Q05FQnV1VGNJSEkwMEE5eGNNMHNQcUIxQ3ZwdG14YlFyS210dGh1MjMzVEx2U3FFZFQ5SEZSaC1iN3ZF?oc=5
2026-08-17 03:00,The Motley Fool,fool.com,"Bill Ackman Is Buying Netflix. Should Investors Load Up, Too?",https://news.google.com/rss/articles/CBMikwFBVV95cUxNNE9LTmFUM3p2aUFVamJLTGRSaWEtZmJuMFllTGhlamQxazlYb2xsNDFHM1BWU3JoR2F3ZHREV1IzOGVFUTA0ZkllS21QOVlKdFJCWk8xWVNsa2I3SlRrdkhZdEpaaDFEcm01alBqSkN1S1lTdnRwSXVMQXFzLWY0aXA0NVVIbjhqc0dGSzFreE1aUWs?oc=5
2026-08-17 03:00,The Motley Fool,fool.com,Billionaire Bill Ackman Just Invested in Netflix Stock. Here's Why Investors Should Care.,https://news.google.com/rss/articles/CBMilAFBVV95cUxQQ1diQWVPSmw0RnlPTmV0bV9TWjNka2dWUVVLT3g2ZFJwbm9YTzVHNVlEMVBkVnBOY0dWajcxenVQUEpkS25IZGdUQzY3eEJmeTh6OEhhREFNTW1UQXMzcEdma3hRREE4M1hLcEZVUjUwSC12U0F3MERjMGEtYU1RUEVSYUxza2p4bGRaMjJtcW53eU5C?oc=5
2026-08-17 03:00,The Motley Fool,fool.com,Netflix Is Down 42% From Its High. History Says This Is the Setup to Watch.,https://news.google.com/rss/articles/CBMimAFBVV95cUxQTy1MNll1eXNEV01QYXBGOHlKQUJUMF8zc3RteVFFeHpzWHdTVHpHR1RQbmttaEI3WkJTMzhFOXZDaV9WNjFUdVFCUTYxbHpGUnZlQzRvSUdRcXRMVDF2d1M3X0hCc1hPY3VDdXl5VTU0TnVvV1k5ZC04cHp1RjJPNlRBa0lVMWhvTVJDb0l6STZLT2xLeXZzVA?oc=5
2026-08-17 03:00,TheStreet,thestreet.com,"Down 42%, is Netflix stock undervalued or a value trap?",https://news.google.com/rss/articles/CBMikAFBVV95cUxOZXc2TWJ0S28wS3VoemhlbG00U2VYNnpydDVWRjhPc2RmUlN6ZWdsUF9Nb2FCYTFfZnRZSnZLTTA4TWk2bjA0RV9vVmdTXzk4SUh2aGFiQU94N3J2elVOQ1otRGpuWkN4V0gzd1JqNlNoWGt1YW5wUTZWRnNac0UxLTdUMTZLXzVicnVWUTZwOFE?oc=5
2026-08-17 03:00,Yahoo Finance,finance.yahoo.com,AMC Global Media (AMCX) Stock Gets Fair Value Boost After Netflix Deal Reframes Analyst Views,https://news.google.com/rss/articles/CBMilwFBVV95cUxOSTRDem5iQjl2b0FGT0lvWUlPWXFSTTdSX212b3NySzNUbUNaYlRZNEpKNWI2Tm5oXzJJUHRickc4SWxsWC1jY1VEWWRvZGFnMm44cXQ5T3RtTi11b2pGTHA1YjVCUVVEeVJDenRTWDh0bDZBbzdseEhNV3Q4QjFUc0MwWjVnVmxwY1FuUElnZ3R2NHhtaFlV?oc=5
2026-08-17 03:00,Yahoo Finance,finance.yahoo.com,Ackman’s Biggest Portfolio Overhaul in Years Includes a Return to Netflix,https://news.google.com/rss/articles/CBMipwFBVV95cUxOamhrdDlwV2VMbGZGcGpkOXZHVEpaaVJDNnNHdTJTMFdPaWhsU1piVWxYS1h0MHJPQnFTc1MtVDB1QzZ2YjhRLW5mZzd2QXJpYnFGRjNpMDU4UWxlak5ZRmMtLXFtbjlsZy1uZ2NiUW5fRmtRTmlRTWJRalNVd2lfSi1rMzgtQXh0SUlvRVp4MnpYSC1PelpELUNrRVEwdkthXzF3ZkJENA?oc=5
2026-08-17 03:00,Yahoo Finance,finance.yahoo.com,Netflix CFO Dumps Nearly $5.6 Million in Stock,https://news.google.com/rss/articles/CBMilgFBVV95cUxPMFpjdG5nb3A0eXBaUEs3QmYxSmg5VzU4QVlRMUUxS1cxLXpYa0RyazkxVDkzZWU1YnVTVzU5Y2ZTM20zakwzRjJIZDZLNHFJTGRURHQxTDBnbGxDLUNNNmNLdkI3SGlOVzFTX1BXREdQSV85anZqbmI5aEN0Smt6dDNLSlZiemgyVWd4b2FSNXljR3RoaEE?oc=5
2026-08-17 03:00,Yahoo Finance,sports.yahoo.com,‘Masterclass in Professional Business’ — NFL Analyst Raises Major Dianna Russini Question After Tom Pelissero’s ‘Genius’ Netflix Move,https://news.google.com/rss/articles/CBMimgFBVV95cUxPQXphTFVzTkhHcGxybUNScGQxY1lDa2pzWkdVM2lqLXZlNVI4WE9RX1FxM3dDeXlIMmF6TGJyWFlSRDdVMlhxaE9lVnI1SGxqTVc4QkFNZ2pCYWhORFBpOGJxS04ySEowUEpqRWtNb0ZlTGZ0b283anNrWmh3dmd4MDdpQUowNml5SEF5S3RsbXIxWEo1ellEaVJ3?oc=5
2026-08-18 03:00,CNBC,cnbc.com,"Final Trades: Elanco, Eli Lilly, Netflix and the INFL",https://news.google.com/rss/articles/CBMimAFBVV95cUxNX2REdTBIc20wNExtX0UzN2pwOWsxOGtpNkVwSEU1end6UkhkYjlxLVcxTzdMZDFFc21Eanh6OXR5ZGFiby1qNWlWaS1CUTVrc3kxMlJnS1FfNzBiRTZ0OWhfSDVxMDdXc0hxRlZtcXQ5VVE3YUktV1lOSTFlWmNyMkNMeExJbTVZQjZSRlBTNjJuNXo5SzFlWg?oc=5
2026-08-18 03:00,The Motley Fool,fool.com,"Billionaire Investor Bill Ackman Just Sold Alphabet and Piled Into Another Tech Stock That's Up 65,100% Since Its IPO",https://news.google.com/rss/articles/CBMimAFBVV95cUxQdVpsTzJDaDZ3WkFxM0N0MW9KbExGMzVwdEtlc1Z0dF9FWWhnZ2NDaFFBQ0NXenpzQk80eXZUX056bzRIOFN1YTRyV1hyZFhmRUFFZHFKNURwd0pfZHR4OWdGT2M4WnRIemQ4R3RMUktER0tuVG1XQWxpNnRuZUNkbGphRTJfS0ZkX29zZktOWVdaRjhXekJ5Mg?oc=5
2026-08-18 03:00,Yahoo Finance,finance.yahoo.com,Bill Ackman is Back in Netflix Stock—Is This the Ultimate Signal That Shares are Too Cheap to Ignore?,https://news.google.com/rss/articles/CBMimwFBVV95cUxNSThHUHc2WTBZckpTQVptRExodmVQM0tIRmJnUzBkZF9DUTBXRDY1ekVILTFXdXZhTWtiSVVTNHlxdG9mTEx5LVpGZEVFTFpDdlFnRy1iN3ZHNHhOdHEwbGREMzR0NFBieHhDUGppOFhhbS0tQ0REZ3NGcDFrMlJ4SkJaaGZjaUNSMVNIS3FxdVpjM1lTM21yTWVyQQ?oc=5
2026-08-18 03:00,Yahoo Finance,finance.yahoo.com,Double Digit Revenue and Margin Expansion Drive Netflix’s (NFLX) Upside,https://news.google.com/rss/articles/CBMipAFBVV95cUxPU2VXcUZzSkFfSEswb1J6S3R5QTJiRFBJdUIwdkNER3EzTnlnbmc0Um9Xc0tjLWV0aDktY3dPdHE2TnZTZVY0SkpBS0hvNk1kc0dBQzRXYTUxUDRZOWs5bVZfYl9WY0Z0aHJmeEk0eGE0SjZJOXQ3RTFtUkJYMS0zRXctaGtTcGRaODB4X0VNUE9PUzE5WVI3MU1nMnJnbDAxbGFCTw?oc=5
2026-08-18 03:00,Yahoo Finance,finance.yahoo.com,Is It Worth Investing in Netflix (NFLX) Based on Wall Street's Bullish Views?,https://news.google.com/rss/articles/CBMioAFBVV95cUxNU3JHU2NFbTRldURfTG9RTS1sTHluTUkwbVRWUUtmZ0ZlbGE5MTREcjJNSEdmRFJWYVRMWVlSYUJZRkFYc1ZOdDJjV1RtV3lXTlhjWThfejNEMXljcDFEZkltQnlnbzY3UDFfSlM1ckh1dHBGTjBCemhwMHhCaDFScDB2a2x6NGlTNEdfME4wRVlSOXZzSlFta3lLeDliLTdT?oc=5
2026-08-18 03:00,Yahoo Finance,finance.yahoo.com,"Netflix (NFLX) Moved, What Is Drawing Attention Now?",https://news.google.com/rss/articles/CBMiowFBVV95cUxQVlB4RkhGYll3dzF3c2NSY1pyeGR4SzRscnlhQTJTTzVVaWZfQk9pUVhvVm80d3dnTkpqT3V5TUdmdTg2Y3VqRV9IMm5nVzdCZkhCel9SRHhmdXVwMnBGVzVuWkk2OF9hWUhiNFJ5ZktwT3RkLU5GSzM1UU14QVExT0h0NUJyTms3M3gyVXJnWXJmS29vYjdsOEh3dnE3eFJWcnMw?oc=5
2026-08-18 03:00,Yahoo Finance,finance.yahoo.com,"Netflix, Salesforce, and Adobe Rally as Investors Rotate Out of Semiconductors and Into Beaten Down Stocks",https://news.google.com/rss/articles/CBMiqAFBVV95cUxQYVJHN2NxRnhNSW4ydFJQQWh2SVZ5Mk53T3IxOUp4bk54blNGV0RzaDZQMVBxVUJtdWJFcS1oWmVFbGduN29lSGNZNkg5ZHRyTWV0Z3JOVVlMck1LZVAzbjQtTWo4b3lURGJfTW1wMVJFSGphY3FSWGpCNjBUeDFkbkt2VzlaSWUyMXM3ZXVyQWxXVU5NSTFSZUNZU0VXaGw3dE1KQk52VXc?oc=5
2026-08-18 03:00,Yahoo Finance,finance.yahoo.com,Reed Hastings says he learned why companies aren’t families after laying off one-third of Netflix: ‘You would never lay off two of your kids’,https://news.google.com/rss/articles/CBMimwFBVV95cUxQaDhrT2xaMWdUb1lVby1aUVZjc1cyeUZCWmVOS1ctcU9MR09ERkZNZjhtdjVoMnpGV19oOEhnaWpINEk3anRlZ0Jlc0NfaFp5NkdsYTdHanFmR0xjMXdha3Z3OEF4ZzNTYUNEblpsa3lBZW12aEs4ckUxd09FeVRhd0VxUVFXbGF1VEx2STZZZnRxTTNOVkU5R2xhQQ?oc=5
2026-08-19 03:00,The Motley Fool,fool.com,FAANG Stocks: What They Are and How to Invest,https://news.google.com/rss/articles/CBMimwFBVV95cUxNaElidUdYWEFTalByQmFsSlEwWU0zVFdwV2tQeXMzdTF6U180Y1ZwdWZyRmpOQTJVd1hSdDdKTlhPX3lQR3lvRTNWeFJKQXo0Yjh4MXc0c2RSOXRuR2U1dGFYdFVfYVRKOWplZnhGVVdEZVRLVDNBdWdXRWRuMjZpeGlCalBBdVUzWWdoTzNsc1k3aUdLb0VJT3ZLOA?oc=5
2026-08-19 03:00,Yahoo Finance,finance.yahoo.com,NFLX's Ad Business Focus: Can it Support Revenue Expansion?,https://news.google.com/rss/articles/CBMioAFBVV95cUxNWklSU0RVOGladk9vOWhSaTR5b0FWaGZTRFpKaU1fSW9CaGpURnhaemU1bWJMbEx3LVpDdUpnbEJ0dkI2dWFBYkFHcjJBSDRMZDlPbDNFQ1l5S0RFZzJQd0gySXl5S0FQSUtQNlQ1akh2TmZZMUd3T05mSWI5aGpjaUVGcmNydzBvOGNja2N4a1psZUVuSkphbWZtd0VUUVJN?oc=5
2026-08-19 03:00,Yahoo Finance,finance.yahoo.com,"Netflix Is Down, But One Billionaire Thinks the Stock Is a Buy",https://news.google.com/rss/articles/CBMiogFBVV95cUxORUYxRTYzT1E3dndaTWdVODhDZjZSTkFkajhTc0JCRTFCOENRb0cyVjRNSjQ0RmNoa3lGbTczdTJmbmkwdHVWNXZBOVFTRkdQc3FldEN2S0FydHVtaVVOVU4yREx0dFVuZ2QzWHpxUWN3RE96Vkd3TUx3aVkzVzFWeFVUZ0NXYV92dHF4LWpVZWNzUGw5dGlKMTFZWHlkVGFtaWc?oc=5
2026-08-19 03:00,Yahoo Finance,finance.yahoo.com,Netflix Trades at 21 Times Forward Earnings After Falling 43% From Its High. Here's How That Multiple Compares to Where the Stock Traded the Last 2 Times It Fell This Far.,https://news.google.com/rss/articles/CBMinAFBVV95cUxQel9zcm5WOXE5ZEU1YmZRa09hQ0FldGw1cW95dEFWX0NadWZUc25OcGxlOFhLcjF6eWtOR2luaDRKbGYwSGFuS3h0dnpudHd2UHIzYmtCaHE1Z1h5X3lqQ0NtT2NKOTdrSjJjbFhmN2NONGZQTVFxOWY0SEpnM1BjU25CREw3RlZEdVE2dHhiaHczM2lqcVk4XzY4OVQ?oc=5
2026-08-20 03:00,The Motley Fool,fool.com,SpaceX Is Up 25% in August. Meet the 7 Vanguard ETFs That Just Bought More Shares.,https://news.google.com/rss/articles/CBMimAFBVV95cUxOa2hHMm5EYWhvTkM0SENvRUlieVlQUEZMNEttYkxwZURNbFp0QUIyVzhGZjZWa05ta3JTR09kaDNObEIzTVp2cFZhZlNiWGpEalBhbE94akp4UHVhN255Zkc5UjludlFIOHJVT3NVRXZFQUg2dVhjQS00dlJia08yczdoYWVIRnlqSG01dHBLVHJzUjdnNG01Ug?oc=5
2026-08-20 03:00,The Motley Fool,fool.com,Which Streaming Stock Would Hold Up Better in a Recession: Netflix or Walt Disney?,https://news.google.com/rss/articles/CBMikwFBVV95cUxQZUYxVmlSR3M2aHdwRGRNanFDV3o2MzE3TW1nUlZKYkJzQmhveGhNeTFUUkZXMmNNNHBieUk2OE53MzhjaHZxdGVRVFA0a0xTYktjRHhEN3VLaUxxRUR1N0NPaGFJVkQ2Z3dvTmswdzE4QzdPM3ZTZEViVGJSSDlYaUEyQ3M2bzRyUmxlM0l6SE9BdmM?oc=5
2026-08-20 03:00,Yahoo Finance,finance.yahoo.com,Netflix (NFLX) Faces Fresh Creator Pressure As Rivals Offer Exclusive Incentives,https://news.google.com/rss/articles/CBMiogFBVV95cUxQSDhBTDAwcnRsTGxnLUt0bS1QZm5ieEpKdHdBWWRScWNGd0xEQk04LXhnQUJ2MF9xOU1rTDgyWVktUkpydHlMXzFxc0VLSEd6enRVdE9aVUhxSUJ4Vm9RZ1FNNVhKWFJNVHVIZFo4eU9adUQ0T014R2NyS1Bjdk1qMktpY0VnNUR0TlZ5dk5sTkJDU3c3bDBIRE9LN3J0Tl9rd2c?oc=5
2026-08-20 03:00,Yahoo Finance,finance.yahoo.com,Netflix Co-Founder Reed Hastings Says Companies Aren’t Families: ‘You Would Never Lay Off Two of Your Kids’,https://news.google.com/rss/articles/CBMinAFBVV95cUxNTUpaY3U2dWItWEI5bXJMNHRTcXJ1SjRUUWRmLU1lSzFRSzF1S0FZa1RJVHpRa3JuWnVTVjBBX3NaRTEyY1NZaXZoQzNGUy1vdFpEdVVtX2lDN2t5aVBhU3ctdlNnNFZ6REdKZk51S1dabW9XZEZtMHZwY3YzS0FXaGdQZUlFU2Q1cDFKLVNLQTBJUDh6bTZEdVRfNVc?oc=5
2026-08-21 03:00,The Motley Fool,fool.com,"Netflix Is Down 40% From Its All-Time High. With No More Subscriber Numbers to Hide Behind, Is the Stock Still a Good Value?",https://news.google.com/rss/articles/CBMilwFBVV95cUxOTEFaNlJRZTUtSUdiY3VaZHNSNGotUEprX0dfRnJuQW9sUE13TG4wZDFpc1oxbi1fX2tMaGIwMmI2VnVSa2c5RFhOSkRfSHAxUG96NkIxcWVUUFhUd1RBWTQwbHp4eW80WHFQS3RTSXFqWFYzNEpoVkxOQUZ5dlVhSnBvc0NabUtuVnRCYXFRVjRNSzBYMldj?oc=5
2026-08-21 03:00,Yahoo Finance,finance.yahoo.com,Consumer Subscription Stocks Q2 Results: Benchmarking Netflix (NASDAQ:NFLX),https://news.google.com/rss/articles/CBMipwFBVV95cUxNbnRYTjMtOVZ5M0E3RjI0ZmpVRl82VzVEUkNUZFRROE1OR2xEMnBZUlVBUGhWZTBwQnZzb1VIY09peVBUVFJ1X0tZVnlXSXpibWZZTEVNZmN4Sm1HVzRYR19NMWU1cXo3cmdHMFhlYUIyQi1NbE85bTVUUmZlcTN5Z2NUcUpwU1h6MWtnQUZBYTVfSWlzSi1uZTBIM1F4Zi1ONzJLekhCaw?oc=5
2026-08-21 03:00,Yahoo Finance,finance.yahoo.com,Take-Two Shed $2.83 Billion Over GTA 6 Leaks Ahead of Netflix Reveal,https://news.google.com/rss/articles/CBMijwFBVV95cUxNRzZrcUFzM0ZfTjhLcWwzNVFNU2dNU2l4MG4tRFZJcHk0TEl1bmM1a3NfaXFxaEctb0dOWGliMXRXVjcxWWhaZHgzOGFrcHJtc09MeVNmY0FPdW91akgtM3puU3dKN0JzQ3IwSjFFcllVamlQQTVpd3BDY3ZrSFZBRFhPVHhYRll3VVlJSjVUQQ?oc=5
2026-08-22 03:00,The Motley Fool,fool.com,"Could Investing $10,000 in Netflix Set You Up for Life?",https://news.google.com/rss/articles/CBMimAFBVV95cUxQRWVJX1lxc2xKVUcwWWZWQjhMOGdYQ0NTTHFCb2hQN0lLU0dkTzVSQjZMU1lwLWhXaWswTWhETnpKNjdmYmlJSUhfOG1sSzBoLWNseEZjSmZzZUVCcUxzZFNXbGVjS3hfMFpwN0EzamNKS1RheDFGMG9sd0g2d0Z4WmhVNF95LUFOY2UxeWtfcjhjbE80SXgybQ?oc=5
2026-08-23 03:00,The Motley Fool,fool.com,Does Billionaire Bill Ackman Know Something Wall Street Doesn’t? He Invested in These 2 Stocks That Have Dropped 33% and 18% Over the Past Year,https://news.google.com/rss/articles/CBMikAJBVV95cUxPWVNoblhrWjBqaVRmOUQ4SGJiZFVuNk1ObVJTb2x1enUxS2FqbDRpZldGM1FUT0JTRUVORHlNV3BnNWs3RExHV2lDQVdCWWdMZHU0LTZtTjVTekZ6dXBsTVJKTlhUV2lsTk9FS3BDdG5sWXUyYmhiYWs2UzB3S0ZJMklUVVI0ZDVUUEpYWXhjQ0RoMzZkTnlpcHY4Sk1LUkFhVm9GaExRM3dDMTNlQzV4NWxBNU9RRXBPWHpZc0xKd2RJdXJGeWpfLTNnZEZZX1lmSURIbk5MWlBoWUlweHdKUDRBOE5ZOFV5N1BiSTlTNTQtbWNralJJN2RzT2p3YlhNTkVxVHdRemNVbjlSSTgyQw?oc=5
2026-08-23 03:00,The Motley Fool,fool.com,"The Ultimate Growth Stock to Buy With $1,000 Right Now -- It's Been My Best Stock Performer by Far",https://news.google.com/rss/articles/CBMimAFBVV95cUxPSWt1X0p4Z0txc01nUzg1bE9ETkZMa2tUY0FwOUdRdUVLUWlHN0lXeW5WOEVIRlg5MGN4V0prZjlPV0E5eFdYUW51bkJkbnVQWmdubTFDZ1JNakNEOG9DV0dNZkFyQzlWSTFrSVBXcGhyLUtKU0pTcUdfdWdEWkNGUnJ4Y25hM0RMSWxUX3lHaVNOaVB4SXBoLQ?oc=5
2026-08-24 03:00,The Motley Fool,fool.com,5 Best Entertainment Stocks for 2026 and How to Invest,https://news.google.com/rss/articles/CBMimgFBVV95cUxNYlJxaWMxVzBCQnNuRGlLamc1NnZpbFhCdW1KT2NUbUN3MGhOVXlQZWFYSXlGNEJYUHdjaXVaR1VTV1BWZTFTZzV1TzhPQmFzNlNITlo0ekwwRXVqN1U4T2c5OHlxZ3RkMmJXR0FBV0hhZS11SGNWTnpteXFxS1M3ZkpjRVVWOHRzd29uUWRodDZ0RGNYODNxd2tR?oc=5
2026-08-24 03:00,Yahoo Finance,finance.yahoo.com,"How Investors May Respond To Netflix (NFLX) Ad Tier, Sports Push, and Pershing Square’s Bigger Bet",https://news.google.com/rss/articles/CBMioAFBVV95cUxQRldBSFZYajI1eGI2UlVyN3REangzWHk1d2h2QVF3MzZzYkhSajVVMHBqaFVDa3dEdWR0eDR5LVN6NE5sT3MweVpOcEpKNE9aSm8yeUlmX3c0OFRxcUVGekZXbEJmNmdabjVwMzQyRmhDbkI3R2FGdnc1ekRBVERiRldIb3I0TUlNLXFKSXppamp5MjdMUkstMExuMV9VdW1W?oc=5
2026-08-24 03:00,Yahoo Finance,finance.yahoo.com,Is Netflix (NFLX) Trading At A Discount Despite Strong Cash Flow?,https://news.google.com/rss/articles/CBMipAFBVV95cUxPM2x2WDE4Wi1OUVoxTnJlMnkxcnZIRl9VRjUwZ1hYdDc5ZWQzUWJLNjBrdGhRLURwQmFYdGRaSXo3dU4zWTJsLWYyZ1RqSFMxaHFYZjdfUy1kdnBSQ3B1OGFqcUdEMGZWc0tzVEFhWVZqLW1McFo1WktrU250WVlIMUF2MWI4STFqd1pLVjZ3OFdVSlpYWUxDYWxMUWtoNzdqQ1JrSg?oc=5
2026-08-24 03:00,Yahoo Finance,finance.yahoo.com,Is Netflix (NFLX) a Buying Opportunity After Its Sharp Selloff?,https://news.google.com/rss/articles/CBMipAFBVV95cUxQUEpnc3l4WTNDelZmUEIzZ1hIMklDQllTdGdmaUxmU1diRzliWXNfbFpzNGt0OGpyUHVWVm5vcklmMDg1dTM2Y01LN1k4VDVfNHZmQjRUSDJmQUVUZF91N3pDOTVaQXl0T2pLai1jS3Q1Wll4VGxqYzZQNjdvYzBWMnhaUGcxajZmYUtLbTV2cHAxOUVnUFM4MDJjaGIwTUdNYVFGRA?oc=5
2026-08-25 03:00,CNBC,cnbc.com,Cramer’s Mad Dash: Netflix,https://news.google.com/rss/articles/CBMid0FVX3lxTE5VSG1STU5kZ29jemxVOEdpRkxBUUJIVjVXQUROcTBMZ2x6RGNBZWJ6QV9xVVNBeXYzX2pmVEo4UmRkd1lvcVFlN1o0OFNfMnQyV1NWN3pZY2lzelRyQk9DLWgtbkpzVkNjdGtpTDZnSkVHOVc2ZnBj?oc=5
2026-08-25 03:00,CNBC,cnbc.com,"Netflix is primed to move higher as viewer engagement improves, Wolfe Research says",https://news.google.com/rss/articles/CBMiuwFBVV95cUxPNktKV3NnTDVlNUJfNnNMUjNIaXpnUHR1RGJGa3h1S1A4T3FrYXkzVHRGNkhlT25Ua2NMVXZ2NGFvR2Vwd1NOeUpMdjJIUS1YenQ2QjVoaG4tMmF3Wng2VGpWQnEwZXdUQU5McHNpVEF6RFB0YTFjb2QxUGdNU2xHdFg5QlQ2WHBnenRxSHM3UUpyWjJtNnU2b3ZSMTlaWlJWR3VGa0t1V2YzQ2dSd1hTdGJ4MjhwaFEwTDNF?oc=5
2026-08-25 03:00,The Motley Fool,fool.com,Netflix Stock Is Down Big-Time. Is This Finally a Buying Opportunity?,https://news.google.com/rss/articles/CBMilgFBVV95cUxNMEhlVWdhMnBBa3FSc1k3eHU3c0tyVXlpUDYyTW43ZEppd0hidGxfQzhmd05QRUVMbDJxLUJKQTBEMGhBbWxsQy1EamtyaXlqQ20zVzdpNkRUMGhfTERCVG5HeS00cGRWNUJLckxPNmV4OENXcHd0ckVQZS02R1VHSGR5UlNnN05xWFJkanFJTzhGUnk1Ymc?oc=5
2026-08-25 03:00,Yahoo Finance,finance.yahoo.com,Is Netflix Getting Its Groove Back?,https://news.google.com/rss/articles/CBMimwFBVV95cUxOaVpiU1ZpcWNwYV9oaktQSHBUb0RVLVp4dTdqLWlha0hFa1hXM1dUZzI3V3k4YkxLVFlQTUJ6T0hXZmpuSi00UVVUbHZaNkhZUU82WEdRV0J1TExEZEd0V0RDOEdoS2dINU0xUkVNSHlsRnRrUGVfNW1BUVNuR3dYZDJxQTQ3U3V6ZEhLUkpJUXNDeGRueWU4TjVWQQ?oc=5
2026-08-25 03:00,Yahoo Finance,finance.yahoo.com,"NFLX Stock Eyes Sixth Week Of Gains: Netflix Reportedly Mulls Adding Rival Streamers To Compete With YouTube, Roku",https://news.google.com/rss/articles/CBMilgFBVV95cUxPTXpLbDAxQTYwbU90cXRtSHRMS3p0OWloLU9YWi1vb01hdkdEV3AwR3d4SW5ZZ3RuUjM1NldZQ0ptZWZSdmxqMjRUSXpqczdNOVpscEVGdlBNTzZiUmRsTHpZc3RaZVBUTjBfN2c4WWFySVRJX2FtOXEtZHFXaVBvUlpOVDU4OVMyUXhmY2VhR2llekRQcGc?oc=5
2026-08-25 03:00,Yahoo Finance,finance.yahoo.com,"Netflix engagement data points to stronger results ahead, Wolfe says",https://news.google.com/rss/articles/CBMipwFBVV95cUxPaTVmLWxoMGlhM2w5YzMwdy1BWk9vX0ZtQ2xlVHB3cGdfWXp2SGJQRkx0a1JrcWlta0FUTGpxRUQ2SjVKcUF4ZThTa3ZoZ3Y2dXRRajlHSmVjN1dYLTlZVlk2Z3BfSExISzNKQ3hWTjRqS1p3XzFXMUFucEtzTFZndnQwV2JrUVlRaUxDbGtWRUpjU3lIRXdiSjVnSC0xMjV6M0pwQUY3QQ?oc=5
2026-08-26 03:00,Benzinga,benzinga.com,GTA 6 Netflix Special Could Come at Perfect Time With Leaks Out: Will Take-Two Stock Rebound?,https://news.google.com/rss/articles/CBMi7AFBVV95cUxQSXoybkMwZ1J1RXpFd0xtTlZzdUtJUk5jZWUzcmNWLUYzeW05YzBzRl8wa01MYVZMa2dxSVM4czRMQWJ2UU1UYm1UZFE1R2xOMndHNk12TjJxOERMWEdsWTVMXzliSXRSeC1iSVhfLXpjekpIOHJsOUtmY0Fsc2ZXYmpqazdSd3FWRWxGaUZXYndUbVZHQ24xYUoxTl80dTdRTUpRNFF1QWpUZG14aGtJOWdDRTVoNTQwaHA2ZVpEZlJrUmJDMTZxcTN4bnBCYXJlUm9uajJEZVpIc0pRb3BzUUVfZUFWeHFVcEZRaA?oc=5
2026-08-26 03:00,The Motley Fool,fool.com,"If I Had $5,000 to Invest Today, Here's the Growth Stock I'd Buy Instead of SpaceX",https://news.google.com/rss/articles/CBMimAFBVV95cUxNcjZqNDhFOWpQNkhMVGJlSEtqTHFfdlBOX0JiM1k5YXF3djJraVBNWWNaVEdlNkx2b3A0OGtzWVZnQWlfUkVXT1RfWUMxb0JzcEc4T1FsOGQwOFJCVXkxVXp3cEhWQi1NS1Qza09naTBUaHlCVDJiMjU4Z3VTUFNEaXJnN3BHa2l3V0lndUJSbmlvSUZjbjFNTw?oc=5
2026-08-26 03:00,Yahoo Finance,finance.yahoo.com,"Dear Netflix Stock Fans, Mark Your Calendars for August 27",https://news.google.com/rss/articles/CBMimAFBVV95cUxQNTR5MndQRmVobUxQMGVVMDZ5ZDE0Zm1jTVFBRjB6SzB2TE1uTHhfYk1IdFNPeXNlMnhPTEpJWTRCeHoyc0MwY3VXYmRDb2xEQ19xbURub0Qwdjd2ZUNuQkhBcnlYMUItcE1vYk5XSG1LNzlqYndlZkFvS3FGVUd3cE9YVmRjcm1idE9Db0VOenRBUVVVYUdtQQ?oc=5
2026-08-26 03:00,Yahoo Finance,finance.yahoo.com,Jim Cramer Says Netflix Worth the Risk as Wolfe Raises Price Target to $95,https://news.google.com/rss/articles/CBMimgFBVV95cUxPZ001WGFHMm90ZllMR0RjUlkzS0diZ1N0VzhTR0xZQXg2VWtBaGtUcXdKd1FTSm04cFJxUjRzdV85SGxyUE1aQnI2Z0tTbm1RbzlpUC1hNXQ3eXRvSEJ0cUpHZHRIS243X2dWZFdtVGZ0V18tOE1jUlVXSElLWUtmUG1wZFBkZ2puOUxCalR5NHk2NmZLRDY1aTdR?oc=5
2026-08-27 03:00,The Motley Fool,fool.com,My Forever Portfolio: 3 Undervalued Stocks to Buy Now and Hold Forever,https://news.google.com/rss/articles/CBMilwFBVV95cUxQaGJCcS1uVGZXeUctS0xQZFpCWWYwdlJHSGk1U0R2blpGWlM3WkVsT2hybjVZWHNfRVlkZlZRMUVCRlBzTHd6bEtrS092S2VySWlUNFFuaFVvUl9yLUxqd2xjOXliVG1BSE5SdHJKR25VcW1aSHdsLWRDMXNPdlBselpuSnhMSERjY201Zmx5NUN5NlhZRGlV?oc=5
2026-08-27 03:00,Yahoo Finance,finance.yahoo.com,"Bill Ackman Just Made His Biggest Portfolio Overhaul in Years, Adding Netflix, Visa, and Mastercard to Pershing Square. What's the Thesis Behind the Switch?",https://news.google.com/rss/articles/CBMimgFBVV95cUxQUE5iZEhMVjNwZ0Fnb2h2QnpNcjBtb1Btb3M0akF5R1V4Wmk0TS1BUTA2VDg3dk5mSlZwU0ViakNYY2l2X3dKWjZxdHA1QzZpMnVYcDQ0WXdnLUd1X2Y3eTUySnUzMkNmanFLeE1zWk1Ra3JmaUFhSmwyWkdWaHdZUVcxdmw0MGpydUJmZGdQb0hFeHZCZGZxRnFR?oc=5
2026-08-27 03:00,Yahoo Finance,finance.yahoo.com,NFLX vs. GOOGL: Which Streaming & Ad Stock Has an Edge Right Now?,https://news.google.com/rss/articles/CBMimgFBVV95cUxPclVjcURjc3JrSWg5eEpKZXljbzhBTEVmSWJOb1l5cjJPcDNvWTdQWk9NSkNLS0pzZnFwYndtRDR4dmc2OWpIby1mY3ZDTU1KcWgtd3doVElNWHg5ak00bWtfcHUwLVp6S3RmWUdpVTZLQ2pMY0hNMFRlamR5WGV1S05wTk4wR2RTekQ0VDNhMWNhYzI4aU1uZWNB?oc=5
2026-08-27 03:00,Yahoo Finance,finance.yahoo.com,Netflix Is Rallying: These 3 Catalysts Will Decide If That Continues,https://news.google.com/rss/articles/CBMiogFBVV95cUxOWlpqTk9vbHI1bDBRekVqTHpxblBXN0dkVDJNNjFhWmhhTGZfbGdhenRhRUlLbUhZQ3VBd0hVU3VZdTRzTTRVcVI3bnMzZkVDR3VCbjVqc19ERUVaOHlpUS1TRWUwTGN1QmNvZUl0YnV1QjRPbmE5b1Btd0VreTZVWUdWZFkxYzVkZ1F2NDNaQk03VVJGNV9ZTHRZdG5NYTVFbkE?oc=5
2026-08-27 03:00,Yahoo Finance,finance.yahoo.com,Take-Two Makes Unusual GTA 6 Move With Netflix,https://news.google.com/rss/articles/CBMikgFBVV95cUxQYmdUdy1NNTI4R1BvbGdRblpUbW9UUTdTRzdYdTZRaGphNHZxUjVSZWlBdFM4bktFTGNKV3NtTXpPN2N2VGU0bENSUzZpaUZ1TG1BWDhEZ09JSDdjQlFPZkl3U1BvdU1fQmtjWThwSWZUZmdtamRpbUJ2Sjc4M3FOVEl5UFU2a3lmNnR4R0dNTHpkZw?oc=5
2026-08-28 03:00,CNBC,cnbc.com,"'Grand Theft Auto 6' preview signals blockbuster demand, analysts say",https://news.google.com/rss/articles/CBMiakFVX3lxTE1nWC03TUJxN0xVQ0pmSmtFUlNLaUpmSlMtNlN2Nk5rcW9PeDBpSk5mSnhreGpGVlFXekdpbG53ZW5LY1F2SjY3Ull3VXcyTS1tWE11ek5BRTFtc1dGU05NcGlEQlpxYjI2VGfSAW9BVV95cUxPTHdzemRoRmliVFJ6cVpuZmo4MFhmS0dtSEwwUUlLUWF5MVlLZ2UwZU9yUXpmenZYZ21QQmlSclhyc1pQOC1rem1vSnp4aGN3SGtNTjBSTFFzTGt5SE9CWlU5M0NrZEd3QzNQa1JFUDQ?oc=5
2026-08-28 03:00,Yahoo Finance,finance.yahoo.com,3 Growth Stocks to Add to Your Roster,https://news.google.com/rss/articles/CBMilgFBVV95cUxOYm9NQUJ3OFhLeVB5dGthQW1sVVNFNTVfLTRXUU55LXZMNklrSTB0VDFmMXNJblFfUXNEQjFVTF9HVDd1N25na3E2SEhzNUVWMFFpLUExLXIxT0lQX292djVBODhJRWc5eS1hOXpRekt6U3ZrWnJac1hUa2FpUnhiZWg0WF9fdGFtalJCWmp2SHUxaVBwWmc?oc=5
2026-08-28 03:00,Yahoo Finance,finance.yahoo.com,Netflix Stock Price Prediction: The Road Back to $100,https://news.google.com/rss/articles/CBMiogFBVV95cUxQc0NSeC1jeUZST3lud0laekNHeGhLQUJtNWlDZzFqbzc1TE40NlVld0FmRFRSUnNZU3M4NVVxVndoYVk4d2ZXeVhScUhsWkE0TzV6UVFQdjRXV3FNb2s3Zi13S1ZmMzEySHYzR1Vncy1sbGdFUkl4cTN5ZzRDRUtNdl9sMFNlRmlDN0VrWl9FV2tmX0JUZWNlWld4T1k0NXVTQVE?oc=5
2026-08-28 03:00,Yahoo Finance,finance.yahoo.com,Walt Disney vs. Netflix: Evaluating Massive Overall Business Scale Versus Consistent Double-Digit Growth in Revenue,https://news.google.com/rss/articles/CBMinwFBVV95cUxQREVnZlJ5SWFxdm14NUZscXczTXo4M1FaY0xRUHlpZHU3aEdCVDBlT3RPWEtYRkZkUWx4bWJKT25rbjF2aGpiSDJEZFVPSlpGSnRWNm1qX3M0TjBNRmJBb3BSMi1kalkyejdVdU83cXRzSC1lWlNLTUVqM0JMNlFQOFBtQU5TQW92cGVvRU9BNHhIOXM2VGhkTnVTRGE4OFE?oc=5
2026-08-29 03:00,The Motley Fool,fool.com,Netflix's Profit Is at a Record and Its Stock Sits 35% Below Its High. Time to Buy the Stock?,https://news.google.com/rss/articles/CBMizgFBVV95cUxNc0RMQnctNjNhYVp0aHNaUnY0aEJjMFFCWFNpWUFna3N6U0g1MzRmUi1DeGpFVW51REI1Q09XbjFLZnplQVBGRklncjNabExNNWNmLUNXTVdJbXMxNTA3a3Zyd2p3QV9kRlRTanFJbXZtZjEwS3VjSWRvckVRWmxqNE5RS2dhLWNWUXp1WVRnV0xvN1hmU093UEtES1pld3l4c2FCNTRUU0VnQ1VkblItblFDR0pqRU1YcjNLd0RYdFgtbE1iNDdjSXFYYVFIdw?oc=5
2026-08-30 03:00,The Motley Fool,fool.com,Netflix Has Fallen More Than 40% 7 Times in Its History. Here's What Happened Next Each Time.,https://news.google.com/rss/articles/CBMilwFBVV95cUxNSEQzVFdtVlFIdHBReHAxbEowZ0hDbkhia3pwamNITWROZE5uR2JYMWFyQkFtNFBOT0NBNWtxY3d1UGZrTTV1Vm9LTFpvN0pVTUV4MVUxam9yVGxYT2Y3eG9QM0dyRzg4NzhYZnRJMkt2akR3Z29mUVo2NnMzcV85SjhzQTVqUDRZNG1ybzVWZjFoSFUtY00w?oc=5
2026-08-30 03:00,The Motley Fool,fool.com,The Most Obvious Buy in the Market Right Now,https://news.google.com/rss/articles/CBMikAFBVV95cUxQQXRsNVlrM1BhOENvd0Q1X1BVbUx1OHpkNHk4U2luOTRtMFNaUTM0d0tpcXBLWUtPUExUV0poYVc4cVpsVkllQVg5VDJVckpsRFJiWl80Q0Fma21xVWJIUE1rM2ZTMVFqQjRpVE5jTW1ES0owVFR5ZEEyRktXR2padDRwS2xGUHhNUVFRLUN2ZW8?oc=5
2026-08-30 03:00,Yahoo Finance,finance.yahoo.com,Is Netflix Stock Underperforming the S&P 500?,https://news.google.com/rss/articles/CBMiogFBVV95cUxQa25kRk9MLWE5b2JEX3ZxVUUwYWhrblRlcTYwZ0hOMHY4TGpVV2JEeWw5WjZoRnVSajAtcFV4bjVwakx4ZF9renQ5ajU2YldZellLcUtXdTJYb0luZ0ZHOEh0ZnJfRGYtT0F1My0wRFNTNkFoUDBveWxhZHFYQzBzTzU0cEtZMk9YSWZzV3FsQzBLTDllazhHT0RBS3d1Q0hWRUE?oc=5
2026-08-31 03:00,Barron's,barrons.com,Duolingo Stock Gets an Upgrade. This Analyst Sees a Netflix-Like Comeback.,https://news.google.com/rss/articles/CBMickFVX3lxTE8tblFGQ0pSaGg3QjFZd3JjR25sOXQxbnJKZHljNGNucURESWRzR1BlVVd6SEdRbGQtazNrN2l6LUlFUTFQWHg1bEVFQ3dQSWdWeDRBRkVTUENOeE8yQTNGTUhxVGJLVHVfN0Q1blVNRkxmZw?oc=5
2026-08-31 03:00,New York Times,nytimes.com,"Wagner Moura’s 5 Favorite Places in Salvador, Brazil",https://news.google.com/rss/articles/CBMigAFBVV95cUxPLThDVVpiVTdCc29KWkpwOHN4QlZocVREelBiRnFhM0Q3QzlWNWkycUx0RXB3X1dwd0ZYQzhyQnRMTGY3dXF4d2l1OE1JZGJWaEtkenh3cGhzRTF0MFllNlJDY2wwb3N4VUs1a2k0alY3b215eTNGbTFUaFh1OHQ2RQ?oc=5
2026-08-31 03:00,Yahoo Finance,finance.yahoo.com,Can Gaming Become the Next Revenue Pillar for Netflix Stock?,https://news.google.com/rss/articles/CBMiowFBVV95cUxPc3ZMNmdsdjVhZlA4RnBpZVhtWmUxYkhUUW1TbTRmMXo4N1hpMG9sdG0zY1pEejNYMHkzb0hQV1kyUGJ0WU5pSDlXSC1CbGJtMHNHRzRCaVhRcXhwRlVNZEVJSVk2U3d1NTBBNm9iTWstMGJtc0ZWdlJnNmtqRGZTUDFOcExtX2VMSDdhWHlFTlhoV0FNRDdiYzBUaW5hZkRaZERV?oc=5
2026-08-31 03:00,Yahoo Finance,finance.yahoo.com,The Bull Case for Netflix Stock Is Stronger Than You Think,https://news.google.com/rss/articles/CBMingFBVV95cUxPOWczUmtEaF82clI1eDBGMHBRY0txS0pqeGx0eWtmQ09pa0hUUzRIZEE1TWpBeFJyVGFBMWVOakRVYlhlRk96WFRTTWxWSEQ5UExDX1laTWRySml4R1MtMndZUjA0Tk1MRTE4cS1nSmpIS0NTVjJzYlFLSnNQWVhFQ1VVN3BnNHJuNGI4TEoyUWZudVZlbWpKZk1fLXN0QQ?oc=5
2026-09-01 03:00,Seeking Alpha,seekingalpha.com,Netflix: We're Near The Bottom - I'll Pounce On The Breakout Or Retrace (NASDAQ:NFLX),https://news.google.com/rss/articles/CBMiqwFBVV95cUxOUzRieVNraVFVa2pYY0kxdlRsWEtqZUNkSWlmTTVldjBxRnI4elhOVzI1V3BTMjlQUHVwSTlpTFpvLWlrQTRCOVFmSnF3UnRhUFcyeU5TbXV6d2cyTTExSkJoZkd6Zk5vQVZaOFZjSGhoRE1ZOEdlYXoxdFlvTk40SmJWSGtaZEF3QnBVLVpFNEVHUGxTYy14bTVqX052cTdVR0tmbW1meTR5dkU?oc=5
2026-09-01 03:00,The Motley Fool,fool.com,Does This News Make Netflix Stock a Buy?,https://news.google.com/rss/articles/CBMiigFBVV95cUxQVUIxT1NheFdNTnNhOUx4clc2bElrdDJFTW1DQmJDbm1CX1F1SURuakRuMzJUTGJPVVlWYjRpWFJSMmxScGcyNUFoREZpRXJNNU5lVHBURlZCbE4wWENMVVBTTXV3TnlENkN5YUN2NS05SGdWTmdSRHJ0dWZrQmo5S1JZUVpYNEJDWEE?oc=5
2026-09-01 03:00,Yahoo Finance,finance.yahoo.com,"DUOL Stock Rises Premarket: Analyst Sees ‘Netflix-Like’ Growth Scenario, Doubles Price Target",https://news.google.com/rss/articles/CBMioAFBVV95cUxOSks5eVpRcHV4NGh6Y0h4SEw3T1R0X3lVdy1HVno4dlZQS3NyX0NWemFVaGFxMDVFa050N1pRNG5aeVdNanVCUXBKc0tvdS02SGx4dG9FVVFadXVIODg1eXMyblV0bHhXTnpFeDVFTlRUMkpFcGlqWGV0M1pBc2xOMHRtdjhzWW1fbWRtZHMxemdfY2cxYm1VaW54YXFsNnRW?oc=5
2026-09-01 03:00,Yahoo Finance,finance.yahoo.com,EverPass Media Expands NFL Offering Through Multi-Year Agreement with Netflix,https://news.google.com/rss/articles/CBMipgFBVV95cUxNMW1NcjdxQzlRckhidUluMDRZZ1VxcTFRRllySGY2TE01SVM1eVRwRFBpdzRRd3ZjbkVnYlpBemw1Sy1rUnFrVk9ZaHdWWHFoYmp3M19wN1FuT2pPZm83X3Y5dnNHdWk4SGQ0ZHRwTDVkOU5rQ2paaTJCVTJuVXN4c0NjcDJYTWtUcFdDdld0SC1EYWJXS09pNVVTSTNRUkNqZFd0cVNR?oc=5
2026-09-01 03:00,Yahoo Finance,finance.yahoo.com,Evercore Sees Duolingo's 2022 Netflix Moment,https://news.google.com/rss/articles/CBMiowFBVV95cUxQSHJfVW9VSW85eDYzSnBwUFdXOEwxZWdoYUIxcnNUUnZHYU1aYm1ZMTRXYUtZM3V3aVVmd2JtSlYwS25HN2Z6bW5XSlludGZia0pRYldtMGlCaG5QOGVBZ0RjMndOUGZMZFN1SUtsS003WGR2d25sRlRZT3d1ZGU2UU42SlZlNHpxTjdkdFM0Ni1EdjNkR0wybnNJMUt0VHB3aHJB?oc=5
2026-09-01 03:00,Yahoo Finance,yahoo.com,Netflix shares gorgeous teaser for Cannes favorite La Bola Negra,https://news.google.com/rss/articles/CBMipwFBVV95cUxPRW5IaXZ3bnBHQUJ5Z2kyTzdkeFRGS0duUlZVQlUwOVlBN3ZfSUdwRzdsX0Q4TVFzS1lrWGV2alBFZFMyQ2IwM1ViY1RNM29lSndSRE5lLWJPRDF4MjNjR1lrekNFVy1hbm5JWFlfSVNFcHFiNFYteUt3X0wtcUVnR1loUmN2QWNvNVZLYTdNTnZ2UXNLcWhLU2s5Tk9kMndXb3hMck9faw?oc=5
2026-09-02 03:00,The Guardian,theguardian.com,Turning Point: Generation 9/11 review – nothing about that day has lost its power to shock or harrow the soul,https://news.google.com/rss/articles/CBMinAFBVV95cUxQZ3h1S1JRQWgxZWRzakdnM1NlaHdURzFyMXdhVWxFNDZhRFZXRU1KVElOTndzTlBHdFd0OWFTenk2V19ISUtsTUFFR09rZE1MSEU1cGEycDhUZExoMnV1T0V0eXFET1F0MEVmanY2OHBsbzRoM2FRNEpWQ1JtQUJiRkVFQlVIS2VXQk4zUzJuOU1JZVlNUHV0czNHdnY?oc=5
2026-09-02 03:00,The Motley Fool,fool.com,A Video Game Trailer Was Netflix's Most-Watched English Film Late Last Month. Here's Why This Matters for Investors.,https://news.google.com/rss/articles/CBMi7gFBVV95cUxPQ1pyYkpDTE4zZlpDY2Y2UUtYeFNJdmZOZHVvX2YzRXBhRzFkaEMyUmJsYWVoTjQzaE9CNnJIb0pFTjFPQ2JXbDFvaWd0eWNoY2p3WHoxTzcwSzl5aDFfYWpUZC1CTnhDZGFtc1BreGw1TTdEWExOMzBIeUFvZ3g1TC03QzJxX0wybG43bElGT3Z6ZTBYWEE1RHZ1M0RuWU9yZ1hOMlA1Y2lhSUV4b0x5MjNBUjlHMUJpQ05kSXFPSVNkaVVFcXExSllHemJieG5uaW1TZGlKZC1FNzBzN1JfdndHWmtkTnRDdTFvTEJn?oc=5
2026-09-02 03:00,The Motley Fool,fool.com,Netflix: A Streaming Giant at a Rare Discount?,https://news.google.com/rss/articles/CBMikAFBVV95cUxOZDczdWJXdm9mTUhfUXhiQWxtTkN5ZnF3RHdIclQ1Vll0Z1Nza01yV3YzMy1EUU5SMEtidlhtWkI1YzdWVExKYUE0ZFNxcGR2VHVSbVl2UWRMWUFQR0ZTTXRVejY4b2VyOWZQdHJiaTRxOTdfbmozQmxPRG0tbWRWU09jN1kwOTlXSXZSczlWa2g?oc=5
2026-09-02 03:00,The Motley Fool,fool.com,Where Will Netflix Stock Be in 3 Years?,https://news.google.com/rss/articles/CBMiiAFBVV95cUxPTzVQb3lyZUFxRWdMWnNIWW9KVnJsZXZ5N1hVYTNpUFJjNU1aZFFHcm1BM3BlTkdjaEJPNWxTVjVEQUdUM0pmMWppUEpycVkzekQ5aDZlR0U4OGdxNEpLYjdpZmtKN0dkUm1EUWhDMWV3QnhuQ3RqcmVHMHpMeHNOSVM4WW15U0NU?oc=5
2026-09-02 03:00,Yahoo Finance,finance.yahoo.com,Netflix (NFLX) Rises Higher Than Market: Key Facts,https://news.google.com/rss/articles/CBMingFBVV95cUxQUkpYVnAydC1wLV9zSGo0NXF4Ukh3T3RnbGVBZGFBUzA4ZFhBMU9sVjNQVUtwRVhuUm9EU2dGOG9qQlc2eHZkbVR2aE9pZ3poeURsV3pZelp0dnQ5TFVIQlFNa0RVNDFXdExBSU5ON3o4WHREV2RCbExGc192dVQtVXJEVG9NY1lmZ203NWdlMUVJMHJSQnJSNXVMOENkUQ?oc=5
2026-09-02 03:00,Yahoo Finance,finance.yahoo.com,"Netflix, MercadoLibre, and Tesla Are All Underperforming the S&P 500. Here's the 1 Stock I'd Buy in September.",https://news.google.com/rss/articles/CBMirgFBVV95cUxPVzJzWFhvMGNvZzNkUWpQdm1RX1dJUXFZRm5XQ1BGNVBPZ1Y0eGJqUWotUVQ1YjNvQ0g3TFBiaFBWRWxZdHdGTXNYaXhXbDZYNG15Qk5KREVtYk9WM0t6dzRIUTlINTdrejFVR0lSX3FxdnpkVDRxV2JyamQwRUtMdmhaUTN5aWVoWnpNV3N3dmVQazdpX20yRU1pMlFkbm5ld2Y0ektXVmRKMVFIblE?oc=5
2026-09-03 03:00,Seeking Alpha,seekingalpha.com,Netflix: A Second Monetization Cycle Is Just Getting Started (NASDAQ:NFLX),https://news.google.com/rss/articles/CBMiowFBVV95cUxONFJ3bzRCOVhyMC1iWHM0UWdEdEZhZmVNYWN2aHZ4Y3hyeEFoZkQyTDdQWHMzM0dfSWVUYW5MSjh6b2tWN1lzU1dWUlFYNTIwN2VLZ3htY0tIQVpCbU0wUkRtVXNPMkl0Sk9VNmdZSzkyYkwzOGxpQU83U2Y3VjVFbEVPTm9iLWZ1bzQyZDhlQjJqM2Z4WEx6LXRSMU1yWjlmajlv?oc=5
2026-09-03 03:00,Seeking Alpha,seekingalpha.com,"Vodafone debuts UK TV hub bundling Netflix, HBO Max, live channels (VOD:NASDAQ)",https://news.google.com/rss/articles/CBMipAFBVV95cUxPQ0x3RVFEVEpPU2pmbW1pYTNQOHI0MElSbVdheUJYQzVpS1RTTHM2ZlJBUVMzTTV1WENYTDhZWkRCazJuaVZCai1KSzJEajNEa1B4RGNhbzNpUGFGTUx0YWNEcWp1eGdGZ3YydENVSXpreGF4dGpNaGI4MUlkUkNFVlVNTElLWGVWVmhocEVwVHJNS2pRaVNOaWgyYW5OeUlZVTQ1Wg?oc=5
2026-09-03 03:00,The Motley Fool,fool.com,Why Netflix Stock Gained 13% in August,https://news.google.com/rss/articles/CBMihwFBVV95cUxNa2hWNWk0aXBOQXhFU2V1dm5Vd3JPNGZEUHEtVVBLVTFfS1RTVnY2YUVFMGNPWEoxSFhLaVd5Tk5XU3JYSGJKVzBMRGxvN1FPdGNvRGY5VU1CQ0tIYVo2M2k0VUw2ZDB5RWplMHNaS0l1ZHFjRFV5XzZoMUx0V1JiWHhQb1Y4cVU?oc=5
2026-09-03 03:00,Yahoo Finance,finance.yahoo.com,Netflix Stock Rebound Fuels Ad Growth Talk: A Sign of More Upside?,https://news.google.com/rss/articles/CBMimwFBVV95cUxOTUFrWFZkZWNWZXVTZFRXV2Z1aUFaajF3RlZNaHBNcnVuMXk2WndkenNnYzUzQlJlbzBHWTdmbnVIT240QzA1SXRPNlJfTGwwbVlENHJGRE1uNFNlYXJmWEc5elBSX00xaElNbTFReVNYWDNUaG4tZlI3MElMZmRQeEZTSWpFOExhcmhJVjROaU9FckZQYnlHVTJfYw?oc=5
2026-09-04 03:00,Seeking Alpha,seekingalpha.com,Netflix hikes UK prices for the second time in 2026 (NFLX:NASDAQ),https://news.google.com/rss/articles/CBMikwFBVV95cUxPVE5sZW95TWtkZzl6Rk1EM0psQ3UtLUZMWVZGSGpFYU9yMndYTjc1bWltYUVpQ0o2ZTZlQzNyNTAtbmdqZkdVeXJxdXlqeENZSEdWRnFsaXhXR0FwajZZbmtlaVY3SnllY0gxX2V5eDlQQ1ZROTJzMnRCTkd1LTRpU1AtdlQweEs2Q0Vka1lEVTFnUXM?oc=5
2026-09-04 03:00,The Motley Fool,fool.com,Walt Disney vs. Netflix: Which Media Stock Is a Better Buy in 2026?,https://news.google.com/rss/articles/CBMiuAFBVV95cUxNazhUVTRyRlpZM3UwbFRpOWNoWXVxVmRGb3FCeXhhUE1YMDRnamYtZUFLdjFFRkVaM2V1WEw0VnNKWnBLcnBiZy0xbl9DdkdJMW1sN01CcllZVmZVS0ZLMkloQmdhd0VsMEJKZ3d2d0d6M1FybFQ5eENxTVdVd05qSjY0Y2x6aHJTSkdfZk82MVpNM2NzaXN4X3JxX0lZM2thaDVxRVhKTzZHVWUzdWc4Z1JwWmxoZFVV?oc=5
2026-09-04 03:00,Yahoo Finance,finance.yahoo.com,Netflix (NFLX) Takes NFL Games To Bars And Restaurants Nationwide,https://news.google.com/rss/articles/CBMinAFBVV95cUxQMlVoNzlScVFZYmx3WVk1c1hHOVRYRFRVNDZUbzdtRWp4NVF5QXoyWVZTdXBJRzJvQXNnLTVSN2I3bl9YdVRPNG14WnRnWVljSXBBNjVhcGZfSi1SZU0wNC1QR1VyeWNJOHozYThEcHgyQlBoWDBKU19iRlM1OXlhc2gtMi0xaEZUYTBhalhMaDAybE5IWjNYcUdISjQ?oc=5
2026-09-04 03:00,Yahoo Finance,finance.yahoo.com,"Netflix Falls 4% as Rate Repricing Pressures Long-Duration Growth; Disney Dips, Warner Bros. Discovery Sits Tight",https://news.google.com/rss/articles/CBMimwFBVV95cUxQU1R2NlNUVDJsVWlaem03NUlKZlB1NWRVUFlHS1NuTTZianhKNFBGTTJmQ2UtTFh3WTExbW1EV3Frd3U5MFE0M2dJb0N6ZDZ1bUJaUVNxNHhKeGZBVmNSM1N1X1cxZC1SMDR1SlRwQnhTemtnMS0zRmVXX25DX0Y3WDR4aUJyZXA2YlM0Vnp2M1h6cFhmQnI4MElySQ?oc=5
2026-09-05 03:00,Seeking Alpha,seekingalpha.com,Netflix: Advertising Alone Won’t Justify A Higher Multiple (NASDAQ:NFLX),https://news.google.com/rss/articles/CBMingFBVV95cUxNaVBZc0UyNEZ0clZmS0tyY1JaNmpJS0FKZnJQUUVoSTQwR3lwN2MyT3NHdm0zdmo3TkhxczVPRkNvOW5GZUdJTkFnQ1RodHpKQWRpQW5mbkZpcGtvQTh6b3gwQTNFUlUyNWVqcWNsbzVWWjdXVUFaaDVCRHk4bFdvOHFqRURpMGVQWnlzTU11c3V4akktbjlycU9UMmxmdw?oc=5
2026-09-06 03:00,The Motley Fool,fool.com,Netflix Raised U.K. Prices Again. History Says a Netflix Price Increase Has Never Cost It a Year of Revenue Growth.,https://news.google.com/rss/articles/CBMi6wFBVV95cUxQR3JNMzVwWmxyVzM5d1RKNEw0VlIyc0FjMXMxaWJlTXFzOVRRWDNydV93MURXNmFESW9GSTlod043WXdKYnNVQTE2NTI1OHBBWmdzVHBWZ0tQZnJUYXRaQi05R2duRThUMEdKamNTU294ekpzbWFiX204R0ZPUktuOVEwSTYyU01jalUwUkt6NjY2VGFIenEzZzgwOC1UZTFuaE9qMFpBV09FTy1NQy1RWFZ6czdUYjFiODBmRGFfWnBXQjZFTDktYVNHQ3ctY0pCeGY4VHdWelBqR20yNjRyVHlrdlYxcWgzeXRn?oc=5
2026-09-06 03:00,The Motley Fool,fool.com,Netflix Stock Is Down 40%. Is It a Buy?,https://news.google.com/rss/articles/CBMihgFBVV95cUxNQzgzOFpjbjFPaU9aQWxEblQ0TVdvWlpYU0JCQTJLQVhfcXhXa3JnQnpmRXJINVpENWlmMmhwVzBHSU8tMVNKQkMyZkVqajJ4REoxQWdmN2pRNlkwMGNhWmVGOXFmWG1YU1BKczBJWDVLbXRWOGxfczZnX3hWSU4wbzRVc0J4Zw?oc=5
2026-09-07 03:00,The Motley Fool,fool.com,Billionaire Bill Ackman Sells Alphabet Stock and Buys a Mega-Cap Stock Down 42% From Its High,https://news.google.com/rss/articles/CBMimAFBVV95cUxNeVJJVTVQZmNJaVhuU21kYUl2N2cyaXJPZ2hYR0lLd241cUJHbnA4WVE4dmNXWmxIMGkza0xhSDMxcEtZS1dvd2JYVk53Ny1RQ3F2QlBKaU8wa3U1X0FtUGxtaDZLVXgzVGhjMXZoLTZ3ay1GVV9YcEJaOFBUVk8yNDNEd3hiZDg5NE5ST2dZaVUzTmphY3p1Vg?oc=5
2026-09-07 03:00,Yahoo Finance,finance.yahoo.com,Is Netflix Stock More Likely to Hit $100 or $60 by the End of 2026?,https://news.google.com/rss/articles/CBMimgFBVV95cUxQenUxSWNvREZ3VXdON29LMjJldERJMTBja0ZMRWtNdGgxakJlQXRrNVJDLTBqUmJBeUhZUzU5VW5va2hEQ0pSVG56VVhBa2RmZDJwNkZDQkF6eTRZSVUwaHFXc0RUczFCWlZ6amJqNWQ0Z2hqN3p4YUx2MS1NRkFjRmFIT0YtM3BoaTNDdXphQk1yQU5ldUljVENR?oc=5
2026-09-07 03:00,Yahoo Finance,finance.yahoo.com,Netflix Has Momentum Despite Being Down in 2026. One Analyst’s Price Target Implies 70% Upside,https://news.google.com/rss/articles/CBMiogFBVV95cUxOQUh3YklKUHRCdkRTczVQdXBPeGRmNG53QjRIeTlLUzM1SnpWLTZfVzNKREQ2bW5mMUh0R3AwZ0xxbmdOb181N2VfRjVISGlSUG1ENFE5MlZRcWMzTzAwVDVBN0JWUVRlY2pUa3VQeUtPcnR1ZUFFN1d0WlJqZXRTZDRqM1Q1OEFLWXdUWk5YdnVNd3ZGTEdyLWVvdFhGSUFXMVE?oc=5
2026-09-07 03:00,Yahoo Finance,finance.yahoo.com,Netflix Has No Dividend. Here's Why Long-Term Investors Should Own It Anyway.,https://news.google.com/rss/articles/CBMimgFBVV95cUxQYVpCbVg2enc2MTh1NkdXcUpaQ3Boa3pwdDFmWGVjWmxra29DcC1ubVhQeGVHTE45cHFZaTFua2NLbnM4aldiYlRGWVFTc0VBMVQzZ015UkFKam1VMUJmNVFiMS1NRHRndVFYQ0xLNUVtbzUyb0l3Zk5QUGRGM1FaYWphNkFEWkFjQllld3NCZTRmSmpnQnNQaWJB?oc=5
2026-09-08 03:00,Seeking Alpha,seekingalpha.com,Netflix: The Best Free Cash Flow Yield In A Decade (NASDAQ:NFLX),https://news.google.com/rss/articles/CBMijwFBVV95cUxPaDBwNEk2M1BwelREbVhNU0hZMG8xNW1FQmlOV1dOZU9JVGtob1F1RC1ucGtxNnFaWXlMN21iYzNNekVmejl4SXU5d3YxcE54NTE1OEk0dnVvMzFOUGx4RnNOdnBLLVUyOEllYXZLaWdSd18tN01GVTlrYWU3NHh6UGwtOHZSMHNxaWQxeUQ5aw?oc=5
2026-09-08 03:00,Seeking Alpha,seekingalpha.com,Netflix: The Buying Opportunity Of The Last Five Years (NASDAQ:NFLX),https://news.google.com/rss/articles/CBMiogFBVV95cUxOMGNOTlRpaU5Bby1kTzNGb21BSjVVS0tIT3l4ZlF3dHVoZ3dhSklSUXVMSjAzS1ptSHFMa2hRNWplNGw1SEd6SHVQSlRVckdHWl90V3p4eUgzRXRBcDVOVFdRYmRhbWtRUEUxb1hwYjk0dFRlNE1xUGZGUm1idVFNZ2luSWNuSzBvT1B4V0w3YlJUUDhkcDNaXzB2TDdXWGltTFE?oc=5
2026-09-08 03:00,The Motley Fool,fool.com,3 of the Best Growth Stocks to Buy for Less Than $100 Right Now,https://news.google.com/rss/articles/CBMiqAFBVV95cUxQQVFyS0hIdERwVHpnaDFiYmg2VTBHRDRYdUZxYjBfM0JJQlNpcUJzR2k3dkZGTzFQRXVtdGVfZ3VZbG1kS2RpLS1qbXVuRVBCVzVMQnVNSTc4WnhPakRjQVJTZHBrcUcxejFOUkEtRDNkRzAwOGtJVzZhUHY1SnUyWDlUZEtBcy15Zk1laHZPaGtoaF9qZjlxTDhKbGViMnVhSEZaWDlsZFE?oc=5
2026-09-08 03:00,Yahoo Finance,finance.yahoo.com,Bill Ackman Sold His Remaining Alphabet Shares and Bought This Streaming Stock,https://news.google.com/rss/articles/CBMiogFBVV95cUxQWTAxWDUzTE0xS0dFV1RQLWdvOUlHNGN4bE53dkZ3cnJYdTZ1bEJXXzBkeUllYmNyUy1FNk5YYWpVajA2WWkyRmVtMHRxUHlZb0pwRzVRZk1XbDlRNnpkLTF4S3VvY0pXUlZtQnFNYkVlLWRXMHJSYnAxelNHSXBlY2JkdkpEZlRHZVZTdzI2OVJLNF9yYWRuNVVrekM2SjRRdGc?oc=5
2026-09-08 03:00,Yahoo Finance,finance.yahoo.com,Prediction: Netflix's Advertising Business Passes $6 Billion in 2027,https://news.google.com/rss/articles/CBMitgFBVV95cUxOOFJEbDh0X2JreUpmVEFkYUwzY2pxcDEzdjd1TjNBY0l6blN6R0ZjSGJ3LW1pVVg4d1NUMnMzcUE1VERCai05Sk9mWTh5bUFWUnNURFJxa1hmUnpmaWZyeXBlb2F3cVVIRHROQmxtS1k0SVl3RG15R1VUbS1MZjdpYUlraEppaUE5OFkybnR3TW5vdER3ejhVT2lQUzBFMGNERTVpaldydFpqOTRhTjRXNVVOSnNMZw?oc=5
2026-09-08 03:00,Yahoo Finance,finance.yahoo.com,Why Wall Street’s Breakup Fantasy Doesn’t Work for Netflix,https://news.google.com/rss/articles/CBMinAFBVV95cUxOVGJpd1pyRnE0RmxqeWhERUJsSHg2QWY2RDJxTXdzaDdac2tJR0lfWXVfemk0WjJ2eGxiUUZOQkIwTVNpanFyblhPcWRsX1k0RlNGMC1ERTk3VHpUOWxFQUxlb1gwSHF0dmhKRmlIVTNTTHg1Z0tZRF9NM09JLVU3a1Fqc0dJZjU5R1Nsb1V6Q0t2UHFXVnYtc2h3cWc?oc=5
2026-09-09 03:00,The Motley Fool,fool.com,"Is Netflix a Good Buy? After 10 Years of Covering NFLX, Here's My Honest Answer.",https://news.google.com/rss/articles/CBMilwFBVV95cUxPb0lValMzNkdPeDhhNXJhTDFzUWxueDlCNEM2amU3ekd4OGN1b3NGbXRKOWF0QmtZV0V2Y1ZCd1ZWeGFrdVFRYlFxbXlyZWNNY21GMUk2MUhZNWgzZDBPcjNBay1yMUJoaW5TNDFReU51ekE2WWdFZm1TemxQOUZEaVZoQlpUYkk0MTJjaWQ3aTM2bVRWTzFB?oc=5
2026-09-09 03:00,Yahoo Finance,finance.yahoo.com,Grab Netflix Stock Now With Both Hands,https://news.google.com/rss/articles/CBMilwFBVV95cUxNSzJyNUVfbDN0VEVJX25vSlNNZUpfU3dkWXlUWDRsaFJKMkEtUmJDd0dNeXJZQklQVmhaR09obFZJdHMxSGlQUFI2ZXFNR1RFU19IVzhhUjhMS1BFMXJFUkZadTBHOXlyVmh4d0N1RFRJSzQxYjNncjhPeFEzSm5HZjk5Nzk0TXNUa3NZU0l3Z1ZLVzNzZlZv?oc=5
2026-09-10 03:00,The Motley Fool,fool.com,"If a Stock Market Crash Is Coming, Smart Investors Might Want to Buy This Growth Stock on the Dip",https://news.google.com/rss/articles/CBMimAFBVV95cUxNd21pVGtmLXdBVW5MYVZCTmRwN1ctSXBFdWtzQWdfdEt5bWxYWTcxMHZVcWpjeW16eVhBT2E5TGFmNDRpUVhPVXdfY3hEdVN5bGtOSjNtVlhlVzNUSjBXTGJfQ180RmlUZUZidzEtSllYSUtwT2tjSHdQYXZCczBtQXFLbFFHbWUxZHFPVEVDYmc3N3h0clNPSA?oc=5
2026-09-10 03:00,Yahoo Finance,finance.yahoo.com,Netflix (NFLX) Shares Pressured by Weak Q2 Outlook,https://news.google.com/rss/articles/CBMioAFBVV95cUxPV3ZtVjNCZ08wYWVsVjFhYTNrUWZIby1aa2VJcm1oTzE1YS1QSXhLTm5zT1ZJSC1POW5BdVVCVWtLYkhyQVlUQ053cnBmRVpJRVJsR1Z6NHI3aGNKYWhwZUVmWTlMSHFXaFd0VUlPLUhMWXVTUWxWV3ZTTl93ZHNzOG5sSXhkOWJCRlp3UkxvVXlMdUJ5b3hvQ0Y1Y3pJcC1S?oc=5
2026-09-10 03:00,Yahoo Finance,sports.yahoo.com,"Meet Netflix's star-studded NFL crew for 2026, from Luke Kuechly to Michael Irvin",https://news.google.com/rss/articles/CBMihgFBVV95cUxQbFBkcFdPcXdzWG14dFNKeW5LT1MwdW1BekdiLWgyMFloSHdORXE5SGRVV1dpWUREX2tGVGdBMC1jN1Q0Z1R0RHVHc051X3FFU0V1a2NHa1I2emwyOTJ3SkpSRGZ3OG1FWl93aFNkNGtfbDdnd2tGVWktajdHWXRsV0NURDdKQQ?oc=5
2026-09-11 03:00,Los Angeles Times,latimes.com,Meet the Netflix executive who helps decide what 325 million people watch next,https://news.google.com/rss/articles/CBMiyAFBVV95cUxOdU16Nll0SVQ2TXdvMWlNRmd2aUVMZU01cjV1NEFYX1JFYUlOQkZyY01hci13QXVwczJVUm8yMW51eG8xaFhYOFBnZi1sRW4yWFNvTmh6dTY0enBxTTBMRG1mc2ZYY3pZMkNRRThxNjVoTS02TG8zZzk1QWh6QTdvbEJVQnFnbm1fbXlSV0p0aE9YNExEeFdFN2pzTzlXT3pydUtOQlk1cEhobVRJdzdaOGhwYm1FZ3BLX0l4Vjl6T2lXY05EYzRCSQ?oc=5
2026-09-11 03:00,Zacks,zacks.com,Do Options Traders Know Something About Netflix Stock We Don't?,https://news.google.com/rss/articles/CBMipAFBVV95cUxOQlYyOGc0SmNqQnZ0UUdfV1lqSTNrTzhMamhRM2loaU5zeTktd1E5TlBwcU9VbkhPTE5WTUNvd3F5c3NIaEtpRnJDekp4SmpkNDJDeFFjd2thVnRpcGk4TlhEU19yUXM0VF9NbFJpMUVFN2JLU1ByUlNldm5ZUGJlUERTLVdLUF91RElVeE12REVpUWxsYjRxcXNsbkdnMldOVG01bQ?oc=5
2026-09-13 03:00,The Motley Fool,fool.com,Most Investors Think Netflix (NFLX) Is Too Expensive. I Think They're Wrong.,https://news.google.com/rss/articles/CBMimAFBVV95cUxNbGxyUU5pZXNGVElvM2N0MTloWUpsY1ZpMmxMN0ZvRHRsSmYxdG1hOGQ3dDljR3hFS2RKMFlpNjhCV2NoZnJDM3lnR2E0Ynk5bWNBMVdRUXhzT1dwemJvVF9rZTVYWDROLUxuNWdzRXVOc3lCaExDWGFkNFEzcDRocmN2bTA5R1F0czVPbW5heDdLWUpLMUJZcA?oc=5
2026-09-13 03:00,The Motley Fool,fool.com,Netflix Stock Will Be Worth More by 2028: My Case for Buying NFLX Now,https://news.google.com/rss/articles/CBMimAFBVV95cUxOdG92X21lVFNtUEZsa0R4MUZYSlVsQ2lya2hiQVlINHdNMFV4a3czWlNqVVZsNTJLR3hQZW1GRFZCV2RjbjBCdUR4T19jZmo4TFNNbDd6cDU3Wlh2Q0VSMDBqUE1peGRyRnVRcDl3NWxCVXMzdjExakszVkhlNkFicEFDZXZmdDVSMnpaTnFOUlowQ05mYmFjQg?oc=5
2026-09-14 03:00,Benzinga,benzinga.com,Netflix Stock is Trending Higher: What's Going On?,https://news.google.com/rss/articles/CBMirAFBVV95cUxPM3JjcTFwemN1ek5rSmNVcmR2dnY4MGZhWU90MmdiMVlEU1d3WlBKMlJiUWdWblQ3SUdoWUdBeHB5NXEzTlEwWVZTRHl4NExrWUhKaGdtbTRDM0lLMXF5ZGlBNTZqWGYxQkZ6VHQ0VUZncklnWVViTktKSmpVTm1GRmhOX0NPR05ybWZpano5NEVsNGV4MFJMQ0Nob2NFLURQdXk3elNkeUZ2SVRK?oc=5
2026-09-14 03:00,CNBC,cnbc.com,"Here are Monday's biggest analyst calls: Nvidia, SpaceX, Apple, GM, Netflix, Affirm, Caterpillar, Broadcom & more",https://news.google.com/rss/articles/CBMiiAFBVV95cUxPTmx0Q3VWMnF1Z0tnZ0doaUdvZU45bmIzWUp2R3BzaXVaMUNHdHRFU1haSUV6UmJlOXNkVWRFeXdtR04tNGVrb0RkbHV0Qy1ORGZxM2lGVy1oN3YxOUZOYWt6Q3B5WHZYd0h6d2lhY2pMTnk5dDkzOTVGMzVMblhvaTNlYWJWRmtX?oc=5
2026-09-14 03:00,Investing.com,investing.com,Evercore ISI raises Netflix stock price target on survey strength,https://news.google.com/rss/articles/CBMiwwFBVV95cUxPNWpiR1pCay1XWHVielpDWHV2OTNCSzJFSTJIWlBVSDBEVUsxbGdRNmRId19BM1NpbUcyMmxIdnRIZnhtSjdfZUJfdC1VSEM2dFBrRktVYjJ6RXJPaDV3THpuY25zOXByeFRpNGtCdm9RekRLMUdBdXhTRGVsbnB6SWVpdlpsa0YyZFdBSGZBX2hqM2FzZ3E2a01ZV0c4N092UGgtMkJiWWVsLTdTN0JOMXhXcy12N2d5ejhWalJOY1hfaWs?oc=5
2026-09-14 03:00,Investing.com,uk.investing.com,Why is Netflix stock rallying today? By Investing.com,https://news.google.com/rss/articles/CBMinAFBVV95cUxNNzZQV0RmazQwTzNCeGFhY0g0VFZCem9HdG9VNVM0a0hTUkRHUk9DbnF5QXo3aE5pNkliX0ZnRmJUNVRSU00yWkw0V0JlaXlpNmVZMWU5RHBFNHhuR3lmSnlUS0NNallpalU5Vm95TWJfTUJVaUhYeUN3T29xWV9kN0VfcmtTMEFFYmpacXJMYWR0QkJPSlY3ZEFJZjM?oc=5
2026-09-14 03:00,Seeking Alpha,seekingalpha.com,"Netflix price target raised to $110 by Evercore on survey gains, live-event opportunity (NFLX:NASDAQ)",https://news.google.com/rss/articles/CBMiwAFBVV95cUxPTkZsektyNTZYd0M1ekpldGU2VU45NUZibzQybU1ZMG9iblU3eWgxOF9ta05DTzc1MmhfRmlYTjN2Y1VlZ2NuS0R1UlJGdndDd0NXSHpjZGt6Y3l1UGtOeXkwUmRFdERyWTFvaDFtR0JkcElVY1N1QjdzVmd4VF96Z1BUekQyTlFOWGktN1RSUmZDTGRfYjNUaWN4QTUxNFI1LV9MYk1UU00yby1uWjFjTThaV0UxYU5oZll1YndxNXE?oc=5
2026-09-14 03:00,Seeking Alpha,seekingalpha.com,Paramount’s Warner Takeover Chaos Handed Netflix The Ultimate Moat (NASDAQ:NFLX),https://news.google.com/rss/articles/CBMiowFBVV95cUxQMWpSVTVRTHQ2MjN0bmw1M1dtcVB0T1FpVk54bklGYmg1QXh2ZFBxQTdoOGlYTk9nRmZaS1JZWjZJakI1X3BUdnY5T1M0OXhSRVllYW1LQjZOWm91emNZTzRmMFBzZy10NkpCNFJPVXNGdzlubFRTWlhCamlwTGZHTWhqZWRjYUNEajFOWmJSNEdjcmlZOGtuamM3ZlNRQkkzSDJZ?oc=5
2026-09-14 03:00,The Motley Fool,fool.com,Forget AI Stocks: This Tech Play Is the Real Winner,https://news.google.com/rss/articles/CBMimAFBVV95cUxNWnF5WE43aVdfaUFrNEY5OGE4OEdiSFloRnRtU054NWI2Z0M1TDRDMV84eHZGZ0JsZE9YMkJCdlU4VE96Z1J6aERRN09rMHZKLWxLbnl3cTBSX1htWU81a1UxNWlYT0ZyMlljZUN4UlpqYms0QlZpaWFIQkFUNzA1QTd1M1RmTXFRbTUyeVp5NGRTMDE0OE1lbg?oc=5
2026-09-14 03:00,The Motley Fool,fool.com,"Netflix Stock Rose 4% While the AI Trade Sold Off on Monday. Its Capital Goes Into Shows, Not Silicon.",https://news.google.com/rss/articles/CBMi2AFBVV95cUxQa2NYazhMSmpQWTdLbm5oUnlMSFo0OWN3WlZMTmNJRWJNZ0xxQUpVMndIOW41N0hoVVFnZEV3aXY2ZGpQbWxteTBrMEl3M01nSlE3Ri16a3FHSHFTa3BFU2xUeGQ5QlJCaFZpczZPTXNsMms5MW5ibVhrUExjekRiRzhwM2xLOEUybTgtTWtfSmhpSlZ1QkF3MG5zd09jYXpzdUxaVVpEbzRqY1ZBUkRNdE9KX1lSUDh1Q1RSblkxcU80NldKTGgwZ1lZQk1kMDhQdmRVUEFHSjc?oc=5
2026-09-14 03:00,Yahoo Finance,finance.yahoo.com,"Netflix Climbs 4%, Alphabet Ticks Up, Amazon Barely Budges as New Streaming Policy Alliance Launches",https://news.google.com/rss/articles/CBMioAFBVV95cUxPaTZvUDBKVnl4UGR3bmUxUVVVM0UtWDIzeFRoTjRqUFU1bVpHUWREdXBxejFzVDkxa3ctLUYxX3RkLXJiX25VS3FlNDFlWGtFSW9lTW5JUTdGUnFPMnNKTG43QkkzbWFfa29mdEt2cTJOUGd3Z244ZDJFZkl5eHQyRDRaNnFvUTliaFZQcTljY2FNSVd4ZnpvcHNkQVFSS2w3?oc=5
2026-09-14 03:00,Yahoo Finance,finance.yahoo.com,Netflix Shares Jump After Evercore Raises Price Target To $110,https://news.google.com/rss/articles/CBMipgFBVV95cUxPaTc4aWlQanZJZHJrX09nWFJNWFNTT2FLTUlYV2MzNFFfQjdLVlRWakhoSS0tR3JqNWFrcl84dHNjQjhSWWlmQ1pXNlMyczZ4SWtKTG1XcEd6NnQ1T0gyZ3luOU5UX1pWd3g5b2FOdm0xa0hqLWJYVEtIbHYxZ2J1SHZYQXE1dm5YTjAxVlFZbkRWRXlhTElQM3RLWTVZc2VpOVAwbkpB?oc=5
2026-09-14 03:00,Yahoo Finance,finance.yahoo.com,Netflix stock jumps as Wall Street sees a new growth engine,https://news.google.com/rss/articles/CBMioAFBVV95cUxPS3JqNjhpaFNpY3YxV1ZTRWNWV18yNmh2REhPTDE2bW1CT29DcTVGVzR6ajFkWExlemZsS19QVlRqT3dlQ0FDWDUxempDSkc1eExsOVVLNEZoZUFucklGV3BBRnFhT2ZIRWpBaTVVd0tSakY5UlJSZ1l3ajJBVHBIdk1ycDlhY3hSaDBuR0dFZnJ0Y2hPdlNKYjNWX0NUbExx?oc=5
2026-09-15 03:00,Benzinga,benzinga.com,Netflix Stock Edges Lower Tuesday: What's Happening?,https://news.google.com/rss/articles/CBMirwFBVV95cUxNSlBNT1doT1dJWW1TU1NhQjBEdDlMblNkNWo5dTE2VXVKU295TDlQNTgyb09obF8zRmYxb1dkZHl2elhWUE13STFhZmtPV1pHYWROaTVHRkFZTVNUeDFfRWtuTUM5MkNTNEg2a00tSV9OQTlUOTNBNXc5elJ6eXY0SXJnNUtkNGRjSUpsc0ZJSGZPQ1prYloxcE4zRGlHV012ZWQ1X2NIcGszUVNfSnlV?oc=5
2026-09-15 03:00,The Motley Fool,fool.com,"22 Prominent Investors Hold Netflix Stock, With 14 Increasing Their Stakes Recently -- Including Bill Ackman's Pershing Square. Should You Follow Their Example?",https://news.google.com/rss/articles/CBMijAFBVV95cUxQYkwycXgtSmw3S29nd2NvZmNWOUpOS2xCeFpkWS1CRDVNRHlwUUF0MTdOZkhGdlBLM0k4dUlpSGFpdGE0bG1RZ2Nwd2FVUDNKYlRuSXphaHJHdWh1SnNTYW5PTmNQWVZQclBaZV8xWlQwNF9GaUwwOTVWdU90M24tbDI4YVhfMlU2QzBpVQ?oc=5
2026-09-16 03:00,Yahoo Finance,finance.yahoo.com,Duolingo beats Netflix by 80 spots in new power ranking,https://news.google.com/rss/articles/CBMinAFBVV95cUxNTHZuMXQ1X3R3VVAxc2h2VjJEbU0zYUtkSE1wZXppRTRWWjktcllDRnppc0pSOEQxTEVMQ01PVW50dXdocS1OR18wcU9Dd0ptSHFKTTJvQkIwa2hxY09WUmg5eUtuWTNMTnhsODQyRzBmdTkwdjFBUE9HQXliMHV5YzJYNFUzVjRVMFJsRWhvaU5kM25WR0Fla2ZZUUw?oc=5
2026-09-16 03:00,Yahoo Finance,finance.yahoo.com,Here’s What Dragged Netflix (NFLX) in Q2,https://news.google.com/rss/articles/CBMikgFBVV95cUxNRjFWZ1l0bWNBYk1qU1pXZ3FRYXF2UVUyQnVNdkE0ZUU2SzQ3OGF3M3JNR25EUjA1VmZsbDRNeEY4T1ZpTnJ4NzN5dFQzdG8waGVUdkQtZURoSVVIbk5FSW1WTzNtSFo2bmZTZWhYREpoQkIwV1k2S05BcUpsT2phRlVVWllhY0pzd2VEd0FMd3lzZw?oc=5
2026-09-16 13:59,Yahoo Finance,finance.yahoo.com,Netflix's 'Grand Theft Auto' Promo Pulls High Subscription Sign-ups,https://news.google.com/rss/articles/CBMioAFBVV95cUxOUDJxZUhQX1VtRU9TbThZT0dGX0IwVXZBS2FfQ1FBaHFxeDlqMUw5TERCUGhKblZGX1hnNlpRQTZEaGRub3hnQkFWeVFZY2xIQm1yWlVtR21ReEs3SlRzOFA1N25pUXhiMUlWY1FrWEZjcGNHemI2WDhSOFcwZV9yWU85VUFZdHpHMlVNcU5NcE5DVDVJdVhRckNNZ2g4Mzh6?oc=5
2026-09-17 03:00,New York Times,nytimes.com,Netflix in talks with Megan Rapinoe and Marta over potential Women’s World Cup analyst roles - The Athletic,https://news.google.com/rss/articles/CBMilgFBVV95cUxOUTVrd3MxSUpoZHZYVTNGREU1c2psOTY1TjNoWXV3SnZTN0s1TjUyZlhSYkx0d194NTl2dEhPT2QxWjc4QlNxZXZHMGNXMTVSSmhFQ0M0RTF6LVFCWHhzRmJpNndhcUdhbEpoNUUtWmZxeml3cXJOREV4Z3A0bDllSVY1d0dHNUZIUkZBb3Raa1FUYWxvSHc?oc=5
2026-09-17 03:00,The Motley Fool,fool.com,2 Top Stocks That Can Double in 5 Years,https://news.google.com/rss/articles/CBMiigFBVV95cUxOX1BMZlBna2ZnTlBnTmdwNG8xemxNcFdyODFtMHNpM0xnYlFHWS1CSS0tNjZoWWx6cExWUDc1VFE5ZjBaRzhmcVNsOXlZVExiSFFFMkZHckJFaFpTdVlxNGxLYm1OdUJyU000Tms1Mm1UcTRWOXFBQU9zazVUMWVhblVGVWk4UzhPdlE?oc=5
2026-09-17 03:00,The Motley Fool,fool.com,"Bill Ackman's Pershing Square Took a New Stake in Netflix in 2026, Years After a Money-Losing Bet on the Stock. Why He Says This Time Is Different.",https://news.google.com/rss/articles/CBMimAFBVV95cUxQZG1qdEVkNUtqVkREb2w5RUVkUDZCbk9TemtycTI3bzNSWktuUUtsLUc3em0xY183T1cybkZzSHRtdTdrZW9FZXJ0VG42cjZYN1J1TWxVYjN2Y2FVZ0JIM2pFeXRESW5CVmp3N21xWXNuTjcxN0VMRDBGYkQ5NWxjWnh4TEZsal9pV1FIdXIySld1UVNDbWZJRA?oc=5
2026-09-17 03:00,The Motley Fool,fool.com,Netflix Stock Has Fallen 35% or More Before. History Says Every One of Those Drops Ended at a New High.,https://news.google.com/rss/articles/CBMi2wFBVV95cUxNMmVkMWFPMW1fZkpUcTVIaDVnMnpvdDdaTGp5Qm05U2hwMHVicVlLWEtoMXNIYklHUkd5VEtBbTBJaE1ETEJaaGl2NWp4YjQ3S01yZHhSRk1HNlNfTThmOVhxRDJNOGtIZmE2N3M4Nk1pZE5jTldEQXRfaVgxZklkbFdfS0pXdldGdUJ2T1R1RmhIdlhOSEM4ektCV1J4N0pXNVFOanlZbmpia3BpVlNmUkFNRlVud2laUkhvOWZ6VXVBbjhXYU5ZaVpmZy1wQ2JRSGJUNUxuY2o1SlU?oc=5
2026-09-17 10:30,Yahoo Finance,finance.yahoo.com,"The Next $100 Billion of Netflix’s Value Could Come From Here, 98% Upside Ahead",https://news.google.com/rss/articles/CBMimwFBVV95cUxNWGtWS0hYTDUzRlRRUjYxVjZwZmFwOHBFaEZlbkZoTUZ0Y0xNRTFvZUw2eVBXdjVwZXo0eV9VcDlRZURLZUtHWXpDODhGR2dfWG9lUXpUaFg3elAwUHlrUE9CVm1wMW12WlBLa09yRF9vVDBCY29OZU9CM0tUTl9PMjlmOEFGbXoxbXNvcTFpZkZKdjJzWjhRMHpTOA?oc=5
2026-09-18 03:00,Barron's,barrons.com,Netflix Stock Falls After Downgrade. Why It’s Losing the Streaming Wars to Disney.,https://news.google.com/rss/articles/CBMiigFBVV95cUxOOWNNM3A4bjhaTjB1YWtNMDU2Qk1GeHlCc1czd3loTXlmVXhPbHlpMHlaNnZMaFZUM0xPbDRmdmRLbnc5NlFfVjNxVVRnTFBTMUxVREtiTWlBR3dsRkMtTG4yemx3MmVsUXNPT2RmdlhvUDRwdFVpRV92RjB1N2NOLVFRSUFRTG96bkE?oc=5
2026-09-18 03:00,Barron's,barrons.com,"Netflix, Nucor, On Holding, Xenon, Accenture, Coinbase, and More Stocks That Explain Today’s Market",https://news.google.com/rss/articles/CBMiZEFVX3lxTE44NlhRaVVMNTlLOHByQVRxNlVIR19HQU95MF9KaWJyTmwtWXl2TnZUU2R2T2RVZV8zMENhV3I4UC1VMU5DOUQza3k2aExyaWdWdVJpZTBfUjM3ZlpscGdiRkZFZXo?oc=5
2026-09-18 03:00,Benzinga,benzinga.com,This Netflix Analyst Turns Bearish; Here Are Top 5 Downgrades For Friday,https://news.google.com/rss/articles/CBMi3AFBVV95cUxQX3ZXclZ5MjJhWGdrVUxJX1d6QmM3bEJqUUp0Q1MyZHdJRDR6OVp3NTB0RWxKbUpuckhBYnAybDJsWUlrMDE3dkh5TE43RHRWM0ZUeXkzZGUwbUNyZzNpMnVJelBnV1VaSUxZTUpjak04bndhS0o0RjFaQXVSdWx1bDVzN2E3eTZZeUw3OElkVHZjTDFOMVdGMTg5MG9tMDd1RWMtTEFoUnRWVllBaGtiRWdmbmQ5TkpvLWJOVWFIY244Sl94TkwzVFdfcFE2ZWZ3X2FfTGY2OHFuRFpf?oc=5
2026-09-18 03:00,Benzinga,benzinga.com,Why Is Netflix Stock Falling Friday?,https://news.google.com/rss/articles/CBMinAFBVV95cUxQc3NhNk5CQ3ZEanJKZWdWXzZjLUswaFZQVFNMUjhrM1BoaWRGcDVDVGtLV2VtUkdxTkFnWjJWQ2c3c0hWMVIyM3RZa2hLQlo3YkpDSEpyYmhLa0thakx3MzlaS0oyRHBZNmExaXBpWEU1U244NlJ6NDMtUEZiV21iS2hIbXpOWGQySVNSYURJNkR4THk4X05ERk9aQnc?oc=5
2026-09-18 03:00,Bloomberg,bloomberg.com,Watch On Holdings New Partner; Netflix Analyst Downgrade | Stock Movers,https://news.google.com/rss/articles/CBMipwFBVV95cUxPR0FWM3piTVJfYUJNUXlXb1BCM2VmTjVpM2xmcjlPbjFUcGtZRzVjbWtXTENNZk9jWHBUT2xJUG5VVUJMcXNUWUlpTWhNclNMZE1EeGsyWmNwY0ZwZUh1RWhHRjExa0swV2J0cWZNYjF6SWVWQ3VyeTZlTWxnSktuUm9BWmhlLXAtRWQ5SHFrR2xsd2xCZGZmbHdHWDlBS1FmdXZuQjQ2bw?oc=5
2026-09-18 03:00,CNBC,cnbc.com,Netflix is headed for its worst year since 2022. Wells Fargo thinks a comeback is unlikely,https://news.google.com/rss/articles/CBMipgFBVV95cUxOQ3JkTnZHZWZhOWs3ZVl5ZDQwQU5DcTFDQ1ZEX0pEbTFZNkZXX2s2YUFMMmU1VC10TTBESzltcWYwY0x1ZlhYTHN4dmhpUGpvelRxWUZ0R0IzWWNzZXYyV2pUd2JweWJxXzVwZXZybjBtSkpuTXhfNzBjY2p2UjMwOHZoTHY2bm95MWJaRUpzb0F6OVp5SDdmQjdndVhQbk13SFBfaU53?oc=5
2026-09-18 03:00,Investor's Business Daily,investors.com,Netflix Stock Downgraded To Sell As Viewer Engagement Wanes,https://news.google.com/rss/articles/CBMinAFBVV95cUxNZV85VkxMY0ZJMnZaR2xLa3BUMmVGOXgwemtwLWN4QlNjYmwyNlBGa09qVmtsdzJ5VTk4S3NpZ2JsSElrOWc0dkhKb2MzSlJCb1JQeVVRNFlmc2h2Tk1FcWltaGstTVFmYkRVV0piX1VDVi0tWWZ4cGRhRnpCTjAxRjFFcTJtY1hpRlVMMG15Y0VQWEdxSzNMY3ZOcUk?oc=5
2026-09-18 03:00,The Motley Fool,fool.com,Netflix Has $27 Billion Left to Buy Back Its Own Stock -- About 8% of the Whole Company,https://news.google.com/rss/articles/CBMixwFBVV95cUxQaEtnYWp0RHVaeGRnUGRGYlVzTFRpMTZRSzZsNUtPNGxhZ1pvTEpOWURBT0pQNkFIQXNaNWQzWndQMmNZcEtaR1Q2NFltQTl2bzhEREpwRjFTZ0g3ZWN1Nm5wWUphN05VaUpMYWxIN1I1UEJpU2hWdllFaURnQkQ1SmhHSlhjQTExX21rNUlIazJjRWNVcnppWFcyRXNhOUcyQUJWbnlLSlpremtVXzAtNWlvdnVmYmRvLVlHakZSbHJ2QTdlbW44?oc=5
2026-09-18 03:00,The Motley Fool,fool.com,Why Netflix Stock Dropped Today,https://news.google.com/rss/articles/CBMif0FVX3lxTFAyNDZzQjNsUEtmd05DcXBRRHlNV0JDd3BDajIxbmxiOERGTmJCb1dQMHp1MFFMT2ZuU0lUbWp4SVVGWVRPY25Icmh0SEF2SXJaWnBKalQxOXRTUWRScGJKVVh3aU5jSDN2UDVqc2xPT1EybDZUZlhCcDVDdU05Z2M?oc=5
2026-09-18 03:00,Yahoo Finance,finance.yahoo.com,"NFLX Stock Heads For 4-Day Slide, Extends September Losing Streak After Wells Fargo Flags “Worrying” Engagement In Downgrade",https://news.google.com/rss/articles/CBMikAFBVV95cUxQdTFucHluUW9yYUtEUnkxOTRmLXpKbmpCOUw2MGdyWlRYMmh3Wkp6OWtGaFl5YXR0bXlKMGtrYlB5YUQxRjRzbXpTSkk3QmpjV2w5VmRYcVNkejhRYXBaZlA4T0M4VDNDSEp6Yi1fM2pIOEdQVGhBWFljVVBtazRIRlRKcWxYaExPQjQxOGkteVg?oc=5
2026-09-18 03:00,Yahoo Finance,finance.yahoo.com,"Netflix (NFLX) Stock Trades Down, Here Is Why",https://news.google.com/rss/articles/CBMimwFBVV95cUxNMms1TUhoZnhhVUtiSVRJYWhEUUFzMkJ4N0paYlRNNFVqdTZBdGxmRExGMG5ZdnR2VFpiWHFTYVBnUWRkbkJFMFpVZnlHRVJDb1BGRkhwOGRnaXpEbExhWFI3R2ZHUHB4Zk9hU1RfMmFxZDEwcUFWa3F3MjJuRWhKT0UtX0VVUmQxMHRHMTJqSU8wTXFUSmtqdFJNZw?oc=5
2026-09-18 03:00,Yahoo Finance,finance.yahoo.com,Netflix Drops 4.8% as Wells Fargo Cuts Its Target to $57,https://news.google.com/rss/articles/CBMikgFBVV95cUxOY29aQUVyNmc5bnlMYkI3YS00cHEtTGZzUXlXcUk3ZkN6SVgwUGJKbDFiOFpCaGhrZk80WkZQNVFiaXBra2lGZTNoYWt3blJsUFdwZFZLaGh4eW5MZDhJZURSMUtRdWM2V3VmZjdoSDVjSzFFRk9ZWlpfWXJ6ZC0xakN4MkRaTEQtX0RBczJsNVJ6Zw?oc=5
2026-09-18 03:00,Yahoo Finance,finance.yahoo.com,Netflix Falls 4% as Wells Fargo Cuts Rating to Underweight With $57 Target; Disney Barely Budges,https://news.google.com/rss/articles/CBMilwFBVV95cUxNWHYwMjdnTmxHWmFmd1dwNlp6ZjltRWxoWTlxREoxNnpRcEowdWRVZG1zc0N6TGhvOURaMlJWbmhaZW50VjE3a1FKS0Q0U3VkcmswSVR2a3hOM2t5NUxJdEMxWlgzZHRPeW9FRGl5Q29aY1VDOGpQYmRRT0pnSWVxYVVNUFF1OFUyQVpPb2Q0di1SOGRnbzJB?oc=5
2026-09-18 03:00,Yahoo Finance,finance.yahoo.com,Netflix Shares Fall as Wells Fargo Turns Bearish,https://news.google.com/rss/articles/CBMinAFBVV95cUxOQ3Y2TTFNR2RQWG15Z0hDWkRjZzJLZHpDQlJKREtmeWtuUUttcGpYY0hmNHdWcF9EMnNlcmctR2htUk4xQzJ1UlQxbXRYYktNaEFSVWljYXprX2NpMW81ZC1mdTNKbEZ4QVJjandnNEFEZC1nU1RzbFREQi0zQ05mSnhETW9NX2RxYXA5UUlJTnlLLUdxZ3dMSk1IYUQ?oc=5
2026-09-18 03:00,Yahoo Finance,finance.yahoo.com,Netflix just got a warning that could change the growth story,https://news.google.com/rss/articles/CBMinwFBVV95cUxNaVlDdm9fTVhxMVJwZHV6alBfc2tpenZpWDMyZzFpLVl4MVhvNDZuMG9VU1BIdmIxNndsNG8yV3REb09jdkJqekZBd2RXZjVwMWJWWlZFbzJoZ0JIMUQ0dzlnZVU2dXBXX2VhTmg5aUxlLU1Qc3NZQ1BrWUJXYlIyY1V5YUV5NVhzTVJMem56UFNPNmMxRVd6dWdsR0lyekk?oc=5
2026-09-18 03:00,Yahoo Finance,finance.yahoo.com,Wells Fargo Brutally Revamps Netflix Stock Price Target,https://news.google.com/rss/articles/CBMiowFBVV95cUxNYVIzd1FFMnVubVp2LWVDYUpTei1yXzE1VnFxNjBCY012dlVBRXpDV1ZEenVSSG5hY3hMWkpuREJ1X0Q2VVNqSjNMYzdUZ3NraE5PSXpuUDBLMG9xQXJMU2J2SHkweGhIQkFGbUgxcjRaYW5NNzFrMzA5VGl3cURYVk1hRzB1dURMWlljVVNBdElMWDZmRWRVNVZWUGt5SUFlYjlr?oc=5
2026-09-18 03:00,Yahoo Finance,finance.yahoo.com,Wells Fargo Sends Stark Warning on Netflix Stock -- Sees 24% Downside,https://news.google.com/rss/articles/CBMinAFBVV95cUxONG5wYTl0QXBWOVd4cjRnRjJQNWZwZXN3VHlJY0ZPb0VzRkozeEN5eHdzTk90dzJUWU9zUnVjRkE2MFJ0eW1lZ2x1Q1lMaWx6QVVtcXVaTEJ6RW85RjZNLUlFRnVuOUdyZXd4YVlJeU9scGs3Vl94MThOOUhfRkpoTDZrS2hSMkZCVE5CVjRDN01raXJzbE5NTnJxR1g?oc=5
2026-09-18 03:00,Yahoo Finance,finance.yahoo.com,"Wells Fargo cuts Netflix rating on engagement risk, weak slate",https://news.google.com/rss/articles/CBMinAFBVV95cUxQcFJQTWxFekxoMWJPLXZhaDNneFZNandwT0Q5SXk5WE8tSC1PNG9Sb09ORmd1eTBvNEhHdWV2UWRoQ0FOYkpfSmkzbVNadXpITkVWSzU0UDlRQWJRdDNUbldYYTRrWWdrTHBFeUpUT0ZfZ2FCMXlVM29UQzRYZDZNYlZldVIzVHBKdzdtQ25QdU1uRGQ3cTJvZ0NGbzk?oc=5
2026-09-18 09:00,Yahoo Finance,finance.yahoo.com,"Netflix, Inc. (NFLX) Is a Trending Stock: Facts to Know Before Betting on It",https://news.google.com/rss/articles/CBMinAFBVV95cUxOTmdVUzFTZ0ZGc25oUkdIRkplbjNzZld2amRTXzR6VUdIOGpSZzVNbC1tWVRLRHFLbEZlaFhZamxyT3drSXJuZFY2UWxsX1pkd0FEN3dJR0Z3SnhYYi1zaHFqRlNBRmJZS3VkSVlaVkktQm5aN2dUb1pDd08tVUg5TWN3MFNfS0llcVh3ZlA0LWVwNnJwWU03YVdEUi0?oc=5
2026-09-18 12:23,MarketWatch,marketwatch.com,"Netflix is too focused on podcasts and not enough on good shows, analysts say",https://news.google.com/rss/articles/CBMiuwFBVV95cUxOLVhFMktmcjlrVVl6Q09sYWhJOUhTamVtS1FnLWFCZ01iQVNLaUp4M2tER2VTdnlteGkyTWJDYmVmY2hTb3NyWk4xZDVJTmFtWWRWM01SeHdyR1ZtbXQ2Rno0aGlFVG1uVm1DRDVrZTBFTDFrY1JIcnFNRlNIYTJYRmY2RVh2am1XNkhSQU9uVWc1eS1oaENhX2kzVGNEUGNxUG9FUnEtUzhhc3l2VENqQk16aXNCeHg1eFJj?oc=5
2026-09-18 13:01,Yahoo Finance,finance.yahoo.com,1 of Billionaire Investor Bill Ackman's Newest Positions Is Down Roughly 21% This Year. A Wall Street Analyst Thinks Another 21% Decline Is Coming. Should Investors Sell the Stock?,https://news.google.com/rss/articles/CBMiogFBVV95cUxPSVhmN01YTjJYR3RZRVpvRk1INC00NlhEQ0VUSUJVMUpvYVVNcWRQTVBwSFBsUEkzZGVmQkdKTUc4bUoxQVl5aFZsS09BeVMyUTcxLUU4dUYtMldFSkxmWW9pVlRDSm9UcThwUWpzS3hSTVV0ZEVUa3Z5QXNlZ3M2QUtTdHc1cHpOVnlvRU1OVDQ5aG8xdEYzXzc3Wm9jSEllX2c?oc=5
2026-09-18 13:05,Benzinga,benzinga.com,Netflix Viewer Trends 'Look Worrying': Wells Fargo Slashes Target on Stock,https://news.google.com/rss/articles/CBMizAFBVV95cUxQd1dLcGVYVlJlV0JVUlFTWHdLa2twRFBWM1p2WGtkalgyMXViSlN6OUVDYmVOdXVJNzRrRWh0SmNYSmhwOTBscU1weWVNQW13UWNGR2FDWW5YQjlHT3BZSnFNbWt6M3cxaU12azRWUXdGckc0VVZnWm1sNFlLcGpjb25HZ0YxYndCUEgwdU9RT3ZRb09EYUpjemRkajRpdHVaVFQxdVdBeHdocjhvaldtNjU1aWU0VGFkZ2VWUThmR0hWLXpETk9wbldJOWs?oc=5
2026-09-18 14:33,CNBC,cnbc.com,Evercore’s Mark Mahaney: Here's why Netflix's stock is underperforming,https://news.google.com/rss/articles/CBMirwFBVV95cUxNQm5EakZjbmJUTEEyTU5vZzM1N2JWZGk1aF9SWkRJUWs0ZWlnekt6YU50ME5raC1MS2VnRGFYeEYwb0ZJeXExWjI2UXN3M0F2OU9vZlNLczdSWGRfQlpkS0NlbDZEQWdac3lkR2dOR1JTMzRoa2pCQ2hRVV9qN0phUFVESWE2LW8wUGNMZjdqWW1KWDkzTklwMzNIVmxBYmlrdm95X3RTX1JNSGNVQVhR?oc=5
2026-09-18 17:36,Investor's Business Daily,investors.com,"Stock Market Mixed After Post-Fed Fightback, Netflix Dives; Trump-Xi Meeting Now Up Next",https://news.google.com/rss/articles/CBMizAFBVV95cUxQLW1iczZBQTI3S2VWcDZZeUFSdlEtdG5GS2x0N1ZQZWVfbTFTczNSem1ZaEZ0Ty1tcEN2aEJxZGdzZ1VnaE81V2hjbWJFd1BaTjRQem5TV2VNS0JwVi1HS0ZGQTBtUDlZLVp3RzQzZHVENTUwRGcwc2hTYWY0UTZhWkx1Z2Z0VC1vT0owTHhIdG92bE1meGZWZVNoRXBPZmlxdlRTN3ZBVW9IZDJDOGw3WlN2aWE1c3B4Z3ladkVzVmVYcWFmdGJFRktPZlI?oc=5
2026-09-18 17:54,The Motley Fool,fool.com,"Stock Market Today, Sept. 18: Netflix Falls on Analyst Downgrade and Slashed Price Target",https://news.google.com/rss/articles/CBMi4AFBVV95cUxNVHlaWnNqWFdURmxBeUgyVUhTWkltd2V6aW1kX19PWVhnV21hWDhIbXI3N194RGljeWJQZGp0NlNnMjY4ZnFGUkRrN3ROdWdzX3VpRmVBYzZldk9Lb0pyVnRxZnpWaDNiRGtCcXJ0TWI5ZWhoLXctVmdoNV9pSVlOaWJRUjRKRE4wZ1BvSUdZREtuUlJ2RjZEQ2drYVRmZkRMZjlNbk5CRzdiVXVlc1p5ckdMNW83cl9HX3lYMlJfbDRGZ3RFZEotVE1wZHMwdmNodWRQeWpaLUF3ZkhTOUlZNg?oc=5
2026-09-19 03:00,Yahoo Finance,finance.yahoo.com,Netflix Content Chief Shrugs Off YouTube Threat: ‘Young People Only Watch Short Things’ Isn’t True,https://news.google.com/rss/articles/CBMiogFBVV95cUxOdnpWZGRXRXVxWV9jSkVxVG41eDhWWm1Xc0pVU2g3Sk9obmNERzZWLWthQ1ppcU1Fc2xRSmFPX2llX0Mzd2RCV1oxOVVSNERRTjR4T2NGNGc0a1pEaUIzcnl4MTJCMF9yVUlpbmttUmVVZTRUaVdDbmliVVdZdUEySnJRRFRrd1hWdzFGd1BIdWU3UG5jOE0yck1SXzhzX0Zqa0E?oc=5
2026-09-21 08:00,Yahoo Finance,finance.yahoo.com,"Netflix, Viewers And Turning Off: What Turns Them On?",https://news.google.com/rss/articles/CBMiowFBVV95cUxQcFJBYVZGMUw4VGpLTC1PVDVTS0ZZeUZoMld5YTNsMjFReUlPODZsN0lGa24zOWU0SVZBb2cyZ3I0VVptLVZzS0puMnduUWdxVWgydGRtcVFKUWQ5WkxvTTk2ckFvOVZOOEdmVEEwTURGU1NhM1c5YVFxM3NqMnVDZGdvM1BHbVNKcGlJYlRxY2xVM2ZERGxtNVZwWDZ1WHRMam40?oc=5
2026-09-21 08:04,Yahoo Finance,finance.yahoo.com,Should You Buy Netflix Stock Before Oct. 20?,https://news.google.com/rss/articles/CBMikwFBVV95cUxPYU5uSUxLck9xXzN2Zl8xeXZlVV9qcHBlZFJlZEp4QTlqNXgwTU12REpVZTFXLTd0Q0N4LWI2ZWljRXk3M2dyWTRKT0t5bkFPemd2Y3dpblRNaWlLd1VvQThyV3E4RnFMc21jc3E0Nk5LVVlfVkk4amZyTU5adk5RQWJuTkZVUU5USTkxcVlJN3Nrb00?oc=5
2026-09-21 11:30,Yahoo Finance,finance.yahoo.com,Ackman Bets $1 Billion on Netflix Redemption After $400 Million 2022 Loss,https://news.google.com/rss/articles/CBMimgFBVV95cUxORm5QV2xTTXZfWndIYTFZUjVsUFRsVW1UeEVLbGo0UXRsNDRhYzlrQ2FDZE13eUotcENGN0daTERlYXpCbkE5V2hVdm1fU3BCOXI0NXM5QWs2VlBxS09mcC1Qa0IwUVVGUWxhY3N4d1laWTI2dnVOaDA4TE9IQmJBTFJUXzg5Q2h0azVsazQ4RlhaZUFtUVBCWmVR?oc=5
2026-09-21 12:20,Investor's Business Daily,investors.com,This Bearish Netflix Stock Trade Can Cash In On Video Streaming Giant's Woes,https://news.google.com/rss/articles/CBMijwFBVV95cUxPU3dGV1h4MzVuWlpEbHdER2h5Y3Y2MzVPTTViZXpxb1BfdnBNTU1kWWpNQl91dzM1UlVENWtEbTJUQ0kzLXIzc3JJak9yTExSTHlTUnBtaEdOSDBOc3RqOFI0ekFfcWIwRUZJTFlMMlhDRlJkZjI4UFhtbFIxZ3d5cGhQMjl1a1dmN1V1RnZoSQ?oc=5
2026-09-21 16:15,Yahoo Finance,finance.yahoo.com,Paramount Deal Approval Puts Netflix Stock And Media Merger Winners In Focus,https://news.google.com/rss/articles/CBMipwFBVV95cUxPRXc0S3lNaGxPY1JhVXFvSzA0NVY4bUFUejNnRzd4OENaYmZHSXNpekxoeHQtZ0h5bXNXWWxkVWlWdEZvZTZIazlJenN5VnVYZ3ZnWUd4OVV4QXJZcUJsMi1iYnhSZ2pmZV9tVzVTLXZuY3Q3UF81alZLMVFmbHNZd3BDZUJHZXBuZW9sd19CYTI2TFk2cjY4RzVsWXJWSTJoeUJrczZKSQ?oc=5
2026-09-21 16:53,Yahoo Finance,finance.yahoo.com,Wells Fargo Cuts Netflix (NFLX) to Underweight as its 2026 Slide Deepens,https://news.google.com/rss/articles/CBMimgFBVV95cUxPcW1qX05CVXpZTzIwY2xyVXRHekMyWk1DSlBhR0Y5dUlMVWpsdDVpTXh1X2hZcHQzZXVqUGxkdGZnbkFLVTVNZzN3R2h6ZjJiWGN0SmZLdG9feXJJUGxFUDluaDVQWnVjQ01qQldHLXN1Qk1EQ1cxR0doQWZZdkpCSF8xQ2puVlZUOFV3c1dlT0syMTEyYXctOE9R?oc=5
2026-09-21 17:45,Yahoo Finance,finance.yahoo.com,Netflix (NFLX) Laps the Stock Market: Here's Why,https://news.google.com/rss/articles/CBMimwFBVV95cUxNaUNFVFA4dXpsd0p4RHF1WjRnR21kaUdOUkVublBBVVlwV0R2ZzAzZjVCRk0zdW5IcVBLMmg5TnFYN0VxT3ZucFdiTXYtZjdNaXl1ZlEwS01vT1RmUUJ1WmM3ZTJ1WWlJbTYzUkhhb2xQNnd2am1rTXpmSzA5bzRCdnFxZ2FUbTJGMHZFamJQNTVGVjg0UWlCbnB1NA?oc=5
2026-09-21 21:43,Yahoo Finance,finance.yahoo.com,Paramount Could Acquire Warner Bros. Discovery Sooner Than Expected. Here’s What That Means for Netflix Investors.,https://news.google.com/rss/articles/CBMipgFBVV95cUxQei00Mk9ta1hsdzBTN3RsSGZ6ZXdpMEhIdXdjXzdVRDZfZkpFN1pQRVJ4eUdUMkF0eF9jbGlPb3NrTXE3S21zek1iMElDZWZUcTc2TXVzY0lNa1ZfMlNhdDllZ0RrV2t1azBoUUc3Yl9PeU9GWGRNa21LTzFlRG9fS3p4LXZOVmw1LWw2aENIS3RRa1NPeDZQQ3BuRmNnYlVRWnBMazNn?oc=5
2026-09-22 06:13,Investing.com,investing.com,BMO Capital reiterates Netflix stock rating on streaming survey,https://news.google.com/rss/articles/CBMiwAFBVV95cUxOOFZaYTRwaEZUbkFnUEMwSE9fbWhOZUlfd09FYXNhWmtiME9PbVRGdjEwS0M2Zm92R1JQV0RSeFF3VGN4MnE4aVdOOTZjakdQNHl4bWhFRnRhaE5NR3lNMnRmM0pjSl9POUx6ckNZYUtQS3ZiZUhKMnNfM2JQUzk2aHBRVmRleWJ4XzlFSlQzQ1RvYmZMRzNuWlNvamMzZHB2WmZQOS0xTHJhWkNnZmlabjRiN0JRdENQS3lQNmdWS1k?oc=5
2026-09-22 07:49,Yahoo Finance,finance.yahoo.com,Netflix Stock Valuations Seem Attractive Amidst Growth Deceleration Concerns,https://news.google.com/rss/articles/CBMiqAFBVV95cUxPRXIyeEQwdVdnd3NiS2RRN1dCVGVOQXdrdkJxdUZ2SjltbzdvNXJaOEFIWk5OZmxhYWItSlU4WWgwTE13M2p6WldfaVJvMVdTZkNTYUNBRzdoMFY0Tk95dXh2THphbm5lbmhEV1lyam9ZRkg1c1hyeTBHcnc2VEszNTBwT3dmVEFfVHNJODVvLXBfaFdVRFRyaXhoTGNxR2pzRDlROHRQMWw?oc=5
2026-09-22 08:03,CNBC,cnbc.com,"Here are Tuesday's biggest analyst calls: Nvidia, Netflix, Broadcom, SanDisk, Meta, CoreWeave & more",https://news.google.com/rss/articles/CBMif0FVX3lxTFBsWGU1NEhCZ2VJb3hUUTJQR1dGWFBJZ0VodlhCU0luQ09tNHNOcXFGVkFRTmdZRXBRXzZxVHI0OXBCYk8wNXh0X3c1LWxDMzZOWEg0YWZEd28zbTgtcW5wcnZGeThFWlF3Ym9VUmNjV2VnbjhPZDlrOVd1NHA1UmM?oc=5
2026-09-22 08:15,Yahoo Finance,finance.yahoo.com,Netflix Gets a $135 Bull Call Days After a $57 Cut,https://news.google.com/rss/articles/CBMilgFBVV95cUxPTVk0V1FLUDRiUU1Sb1JfZ2dFdHhlckdWdzdzWFdsZnZBdDEwOUR6NmZpSzVXNGw3N2dOakEyYjNSeC1VbTlVS0FxaWs1V0JaRHRiYnVieGtmNFdwTnZ5RVVwVnVDZ0dXTFM5SDBMOUVBV2RlcWEtcDVzSHc5QkdrZkdiZW53WWl0MkFoTzROTlR6V25Vd1E?oc=5
2026-09-22 09:12,Yahoo Finance,finance.yahoo.com,"HSBC Downgrades Netflix to Hold From Buy, Adjusts Price Target to $76 From $96",https://news.google.com/rss/articles/CBMingFBVV95cUxOTnhmQ0E2Qlh4eUVCVGdWMHlSWmN0cE5zVUJLNmI1SmYxRHVnME9PYXk5ZTlCUVZfVHJSRXFhVE8wdVpKVTRCLWp6NzBmaWJOT1RCWkdPMUVxWTVFM0c0Z0U3cWNOTEVRYUN2LXNWU3p1TXF3R3RZU1F6em85alczcGRzTEdOM2pjanZfdzRzSnpWekFnaWxUeUk3VTdoQQ?oc=5
2026-09-22 09:38,Fox Business,foxbusiness.com,Apple vs. Netflix stock trends and top investment picks on 'Barron's Roundtable',https://news.google.com/rss/articles/CBMiW0FVX3lxTE5qQ3ljZkhoQVRXTUdjckhfY3p2MDlHLXdhRGx2MWY4WTdjaWdkbHJjRnFRVDFpZkZSRTNjT2hPdDlDS3ZKbWFQWXdHT2laZGlVWnVXM2J2QzkyTFE?oc=5
2026-09-22 09:50,Yahoo Finance,finance.yahoo.com,"Netflix Faces Growing YouTube Threat As Viewer Share Hits Multi-Year Low, HSBC Says — Wells Fargo Flags Engagement Risk",https://news.google.com/rss/articles/CBMipwFBVV95cUxQREVGOENVQzRVVkdxdDhkLXhpOGdRYTVpREk1NXRwczVvWXprZUZKSGV0NUJERUI0TlYyMEVUSC1QRHp0aWt4dmxKWU5LRXBBS19iRHZaMHpveUhsOXBCZzBuTDA5OU9YdS1SZUppWUN2RTEwV0g3ZEJmU24tTzRtV2FDc0ZfQ3NGeG9Va0xUS3lnVi01dGdwN2dKbGw1QzctQk90MXd4Zw?oc=5
2026-09-22 10:27,Bloomberg,bloomberg.com,Netflix Gets Second Downgrade in a Week on Engagement Concerns,https://news.google.com/rss/articles/CBMixgFBVV95cUxNMkxIZlJ0QkNDYkpjemQ1cjJlaTVOdGRnb1gtU3k1Sm5wVU8wQTVhdlhfaDdNUnNQdFpVU3JzajNBYmkxY2ZoV012akRrd0pxMWozYU5FUEcwWmJ6c3NlUGdhNVptR25QcmFHdVRlbUxwM1pfVDF0M2NzSmhlR3VMX1d3RVQ1VV9LREJzR2hVdUFvbnBwLW9EdjVyaWpJSUdNQ0VyLVNzNXNUS2pWZklYQVh1SkM4U3M5QWJIWmpwdEUtUnRLM2c?oc=5
2026-09-22 11:06,Investing.com,ng.investing.com,Why is Netflix stock sliding today? By Investing.com,https://news.google.com/rss/articles/CBMimwFBVV95cUxNbU9oXzFoMVdWWjdQQk5rTm0tZ1BjVWhkRTd4Q04zaElLUHI1Wi1Tai01ajE5M290dzlkRTliTE03N2NMTy1ZYTNOcVRVWG1NaEkzQmNkZlVKVU10SXdBcDFwSlJVb2lZWGc3ZlZXOXhCQUN1RmZ5VkJQQkpoa3lTamhFamRyckRmVmh6UTNOSlVDZGFvOWJ6VFg5NA?oc=5
2026-09-22 11:18,TheStreet,thestreet.com,Netflix stock has a strange stock price target problem,https://news.google.com/rss/articles/CBMiqgFBVV95cUxPSVBXSHhjTWQxRmlMOUhBX3l6OE8yVTZSdWpjd050WGJuVzVJOWNYbWxhV2lXenlmenZjYlN6dHAwSGV4UVJkdVlnQmh5N0hpQjBwNTczVkc4aGliSlMtYlU4RjNJUWUwTEctMkM5RS1hTkVLOFN0NGJiNTR4SjhpQUFHczl6NGpmQUp3alFUa1RyQkJTU0VaREJqZkViYUxxNnhTYi1iX3FMdw?oc=5
2026-09-22 12:31,Benzinga,benzinga.com,"If You Invested $100 In Netflix Stock 10 Years Ago, You Would Have This Much Today",https://news.google.com/rss/articles/CBMiuAFBVV95cUxNWmdvZ0NlcXRrUlZEbHYyODlDRlQycUZ5V2c0TjVBUWx2QjY5Uk1iS3VBSU12SkIwWlZheW92eEItQTR0TzFxd3lueTU3bGhIZlQ1THUtN21tSW5ZS2wyZmx2aVc2bnB5SDFIM3BndjZTRGFQV0dBeHpkVmMzTjNHUURIa1JmN01sRFlsS0dRZ3hiNGtTVlpxQUVQNkdBdk55ZFNNZ0dtU3Bkbkh1MFhZSWZ1ZnAyT1ds?oc=5
2026-09-22 12:34,Yahoo Finance,finance.yahoo.com,"A Wells Fargo Analyst Noticed He Stopped Watching Netflix, Then Told Clients to Sell",https://news.google.com/rss/articles/CBMiogFBVV95cUxPVDl5VHlibmVEVGVnUTJKc0VVWnFGZmExOWRSR2UwdjdFbWtJdjJoQ0F2M3ZSSFd1VDRqN1hSZVRaX2F5V0pNWXlLTGx4MzhMdmZXM2wxSEszUGZkNGZ6M1FRelFDMF83RzdPYnNhNnpQNjdQRzVCYlpGM3Y2TGthaW44UUdFaGpHSkJoWUl1TGVyOTBpQ1NRVlRtZWlOM0xBV2c?oc=5
2026-09-22 13:36,Investor's Business Daily,investors.com,Paramount Settlement Triggers WBD Breakout. How It Compares To Past Media Mergers.,https://news.google.com/rss/articles/CBMiqAFBVV95cUxPdU9SdDZCVTR1Q3pLZkU0d1JCUXVfWDZXNzhmRGVKTVZRcC1CdnpPelF4U0dwNnBzdlZxWVpXaDg1ZGdzemZQeXR4Y0syU0dveU5kZTdLcGsyTHU3QTdQOG1yOHZHal9yQmZtRkhHX2JrdlZXak8tMG56ZlJwSlUxMTBMMlFwZlk3V0VqdXZ3ZXpXeEJneC1lVlZCVTFFUUlrNWpGaVRiNlE?oc=5
2026-09-22 14:16,Yahoo Finance,finance.yahoo.com,Netflix (NFLX) Is Down 8.7% After Wells Fargo Flags Engagement Risks From YouTube And Rivals,https://news.google.com/rss/articles/CBMijwFBVV95cUxOX29tdkVscnpwdFFzaG0yMWlkMnlBVDFnTXQ0SUVCaUhjdHhxbVdTb3RQZl82c3N3Q0NXRUl1SlVRWUNlbW9PODBPN1EwTEJwZXdPN3BQOGhVMFlLOGppajJVd1lvdEoyZDdRSzdGUnd4aUVXdWNKbTFTQjRGSmNGWFFfRXF1b3lXOHBCNkx2MA?oc=5
2026-09-22 15:07,Yahoo Finance,finance.yahoo.com,HSBC Resets Netflix Stock Target For 2026,https://news.google.com/rss/articles/CBMingFBVV95cUxNUGVyNTg4VlFHYzZiTVRZWHc4VFYwLWtMNE1NNGVxS1ZkSmlNU3kwSjBwalY1V1BXQmowdnoyRF9rQ0QzRE90LXozSUZ1Yl9fcHNKbjZkZGdzalFjQ0w4V0lLeEhET3lralo2LUpBZGlXSGJta2trejVPYTBpTTJjdkd1U1VhaHR1Sm5lQWNRLURQX2FVUHNXM2t2X2ZDdw?oc=5
2026-09-22 15:26,Benzinga,benzinga.com,Netflix Stock ‘High on the List’ for Former Hedge Fund Manager,https://news.google.com/rss/articles/CBMiwwFBVV95cUxQMlctRWwwTnJ1TzhabWdrMHVYVjJzNTdsTEN0Qkpva2hUcWRDdzhJRW1BeG1UQWh0ZUhXZUZCLTEtalBmTElzakJ1SXZUQUI1Y3A4OXZFZkV2SVY4dWZxWF82azhueUxxNGZSLTBVejNxS2FsaDRocUdCYnBlU3lxRmJxMnJBY0lXUGhleXZDYXFFTzgwUmNlTnJiSmpHQTJVTmE0VlBMNTJ6azljR2p3ZUlWRDV2YWZyb0ZPOXpzLVFXa0E?oc=5
2026-09-22 16:23,Investor's Business Daily,investors.com,Netflix Stock Downgraded As YouTube Swipes Viewers,https://news.google.com/rss/articles/CBMimAFBVV95cUxNd3laTXJpTy1rU09iQmZvY2VUamtaQmh4bTFDMjg2Q0pqWXJaT2FLMjZPZEMyc1ZuQVpRMjladFMxZ284Z2wzMGZLNnpOcjRJOVoteHJ3aW5SNTVNZDlsMDNud3c4VGVoM0cxSko3SFhiRGlhYmU5TG8za0QxN2VTblkzblc2R1ZpbF9XZGtuTnpLSndySEhKSQ?oc=5
2026-09-22 18:06,Yahoo Finance,finance.yahoo.com,"Netflix Stock Drops on HSBC Downgrade, Citing YouTube Threat",https://news.google.com/rss/articles/CBMioAFBVV95cUxQbUx3M2g4UlVwemFGUWVjM1VOZW1NU3lmSm1jMVdLRlZHM1kxd2FLRFg1LU9xTXkyUGVLelQ0YkZFQVJ5STNGb0ZRWjZXZmg1NVR0NFlkQjZoTWRZZkhyN3A2YUpVUENHb1VDRnZQRTRpMmtPb1lNSVcxT0RQYTJuRlZRcW04MVZXUkRlZ1I3eE81RWFWal9iTl84VkMza00y?oc=5
2026-09-23 08:30,Yahoo Finance,finance.yahoo.com,Netflix stock is getting shredded — and Google's YouTube may be the reason,https://news.google.com/rss/articles/CBMi0gFBVV95cUxOMEZGWjdqaTlEUV9iSE16UUdOT3BDa1ZOc1hvUU1fazdUbXUweXJkemRTSkRlUGk4MkZuVnRtOHhjbm01Y00xS1pMSndtQjFoNUM5ck5qcnI4OU9xSVpiU09xWVV3dWhhU2pYRjZPVDFRMlhIdVNaT1pFaW9RMkpGejljblphTTBzRU1EMEJ2c015YkpTWVF6QW56WUhBT2pEb3JXVGw4WDRGR3Zubm56TlBtMWVPN2FFd1ZMQ2pVYlhfVHFxeHBvZHBhcDhTT1BZOFE?oc=5
2026-09-23 08:34,Yahoo Finance,finance.yahoo.com,2 Growth Stocks That Could Double by 2030,https://news.google.com/rss/articles/CBMimAFBVV95cUxNWTNSaGdNckk2WHE1ZUxIZWJ3bDFtNkRrc2FGR0VpdTBTRjQ4UnJmQ0dsdWxQZnRTdXlTaEVJYUEzejVFbDBoSmZIT1gtV3FGcG1YeW1CcnFyaGNyb1JJRTJpRVRXWFYwWmkyMEstd2hERF9EbE9RMnE4aC13ZEQ3TmhrWEpjZlBSV0owR29YTDBRckxEclNFVA?oc=5
2026-09-23 10:30,Zacks,zacks.com,Are Netflix Shares Still Worth Watching?,https://news.google.com/rss/articles/CBMihwFBVV95cUxPVGpIcm1iNXMzSDNvZDBpOWNnNVpHMC1KSHVVOEtORGFJVGFiQ2ZwQjR1Mm9yRGFiWHdITlItV1ZsTFg2WjdDM0VPSkxrZmYzZk9Ea1FjcU5teGt5Q3h5THM1c3ZwVlhNeDFPLXVLNGF6YTc2MjZSb1B6ZlpkSmNZcnIxT0FLeEU?oc=5
2026-09-23 18:14,Yahoo Finance,finance.yahoo.com,Is Netflix (NFLX) Worth More Than Its Cash Flow Suggests?,https://news.google.com/rss/articles/CBMimAFBVV95cUxNTEdKcjllRDNMckJEeXhIX1VMb0NjVkVaRUpqZVFpSXJSNGxFNEhUMWJ4ZWJWWWxCZUJ2MVd3UTd1eVlYbGRhVU50Y1IwWF9YTExHX19mdUdsRnhTN016eTJLbTZ4dFpkV2tFQU93dnBOYk5DVTVwSlhwYUFCLVRXQlZpS1dybVpIRUlDRXgzMnNGUVMxcFpvVg?oc=5
2026-09-23 19:47,TheStreet,thestreet.com,HSBC sends blunt message to Netflix stock investors,https://news.google.com/rss/articles/CBMiekFVX3lxTE1sYjFSVVF5SElDdmFNb0tfOVR2YmM3TzVGSFFCQ1FaODRSaUNQbmtKLVdIYktjN2xMSURrakdiUndLU3ZmbnFEaHNoYThTVl9kYTJxc1lBcWxYMS0yR1BtSjN6VUR2SU5kVzByRWFKUlpHaFhNVlF6emlR?oc=5
2026-09-23 20:08,Yahoo Finance,finance.yahoo.com,Netflix Is Down 42% in a Year and the Investor Who Exited in June Just Bought Back In,https://news.google.com/rss/articles/CBMinAFBVV95cUxNZ0VZZWM5TXluVWE3a252NHFFdFJiMkZTQURBTFNXaEdPWDNxZFRhWmdzUWxUQlNuUWRVNVVGSXc4aTNtSHZYeGZlYWhuR3F4d1oyTERrTW9ZX2FLaWVibE1jNWhrTmJaaERjSGtNSklzWUZBMDhNaU0wT3ZVX0pNNWcxc1pPT1RqZDNyZWJOdU9zejdHcjlVZWt5TzY?oc=5
2026-09-24 12:59,Yahoo Finance,finance.yahoo.com,Netflix Lost 22% This Year After Its WBD Deal Collapsed. Is NFLX Stock Now a Buying Opportunity?,https://news.google.com/rss/articles/CBMikwFBVV95cUxNRk9GZmV4WkhOU0ZNYmxDbktHdkUwRDdhdzRNWVptMHZfVGQzb0RMTzBBbnhTTjlCVUp4V2JsbTF4TEJFVGZZUlBnYW84cGxhZnJSU0xQTi1SeTY3emxHUDc0QUJzRU9sV0JmNklENmFCQmNvTjlENnp2LVlTb0xFR2xSdEN2RF9qWG4tdnI2WUc2R0k?oc=5
2026-09-24 15:45,Yahoo Finance,finance.yahoo.com,Netflix Edges Higher Despite HSBC Engagement Expectations Cut,https://news.google.com/rss/articles/CBMiowFBVV95cUxPbmZtN1g2T1BNMUNTZTVoWnZBV2VDZ0FhYWhLekhMaHdWT0VDMkN0azN6SkxkZDR6NGY4cGlfUzJYMkI3Y1lUNWhMRndsYmZGdEVadUxfQXBOeGc2LUJFcGx3Ql9KWVdHOGc1dnVpdTl6c054WjA1VnZJajkwMXpuQWcxYVJTZHNRNDJyc05fdHJXR3JydnFWWFlZd0NZQnA1N2JN?oc=5
2026-09-24 19:21,The Motley Fool,fool.com,Netflix's Revenue Growth Has Slowed for 2 Straight Quarters. Should You Buy the Stock Anyway?,https://news.google.com/rss/articles/CBMizwFBVV95cUxQMmFlMHRjWko4RGs2NnRTZWR5Uy1BT0FtNHh3MV9rNEtMTkxWQmdiRnNudi1udUVJbzlWSWdBRy1kZU45QkJybkFPUlUzWW85ZTk4ckpTbXFmVnVqNm1NUVFhejV3N1M2NEZHVjB0NDZnd0p5S0VOcmhpWG5jaVNSLS0xT0sxM3hUVFBPckdTV2I3RXBwdEZBTXNEY3RRdUFvcEs5QmF6ejJJRGw2ZC14V2NYUy1vd282dG1ONzhZQzl1bFA1RFhUOGM5SDhhekE?oc=5
2026-09-25 06:02,Yahoo Finance,finance.yahoo.com,Jim Cramer Wants To Focus On The Fundamentals For This Major Streaming Stock,https://news.google.com/rss/articles/CBMipgFBVV95cUxOYlpYREhTcmZVRjY0NC1TY2F3TEpQQmZHTnZzWWhKZWpseEw1VjAyOV9Ya1drTXE0YURZNUxjS3lHQkJiRGJ1MTg3dEJSbVRrTTJLQWk0aVZySjJMQnRMYm9hXy1HZGRZOUtsODRPZ3FhNnR4QmdrWXZLcjRUejRHaEpMUEhab3dxTHdvTG5Va2ZYSDdpT3MxZEJCdmg5aV9keWp4SkpB?oc=5
2026-09-25 16:35,Yahoo Finance,finance.yahoo.com,1 Wall Street Analyst Just Called Netflix a Sell. Is It Time To Dump the Streaming Stock?,https://news.google.com/rss/articles/CBMilgFBVV95cUxPbXJHTHJQOXBhWjFiTHZmNmtvZURRTnUxbTRBelpPQWZkOXlLa2N4U05tc09ZMmxjZzlFdDk0RGQ5VTctdFI2bDROM1dlNUtKcTdxQm5nZ2czNjdDclBsdDZiWlV1Mm5vUlQteUliMnN6Y3JwS0k3dkNaMFlDeXJFTWNiQ2pwd0ZLWkZQN08xWHFOUno4MHc?oc=5
2026-09-25 18:23,The Motley Fool,fool.com,Walt Disney vs. Netflix: Which Stock Is a Better Buy in 2026?,https://news.google.com/rss/articles/CBMisAFBVV95cUxNUDY3LWJEa1hXN2p2c0NNRzFsaFNPSC01RXE3WG10U1AzZGVUaGNrZTR3QTBmWjV2dm4waHEwOWZCYTJKRmp3THQtejNnc1UzMWRlT2NESV92TEl2MTdQTlpGSlNRdnB5OWlTUm9seU5rZjlQUEZ1Z25BUlRYNGhWUkVQSWNic0lkRF9QaGhwajFOb0NfSXRkY1dfMFRRQkEwSjFfWjVjZHNfaF8ydl9ySA?oc=5
2026-09-25 19:07,Yahoo Finance,finance.yahoo.com,Netflix (NFLX)’s YouTube Problem Is Becoming Harder to Dismiss,https://news.google.com/rss/articles/CBMipAFBVV95cUxPRHQ3MnNhMWZCNjdPZ3Qxb2l4TFZFUFBabkN1OWdRRGN4TVVwR2oyZ3hNdnc0NE9oNFdPMmtPN29rdUk1akFsY2laVTd1RmZKa2VObUxFMzdkZmN5OTRQVmltVkpyYkR1clZlWnZ0ZTFoeVdsaE4yVjg5d0JsT2ZJXzRLZzcyOHQ2eE1SUTNzQlJLOENEN0U4WXQxUkdxVXNXYmd6ZQ?oc=5
2026-09-26 00:36,Yahoo Finance,finance.yahoo.com,Are Investors Too Worried About Netflix’s (NFLX) Growth?,https://news.google.com/rss/articles/CBMioAFBVV95cUxPb19TQnB2Zk5oT1M3clV1RHhUc21jelE1UEluajVLMmt0akJHRk9zYmxJMFRsRWVZWjJEVF9oWlBmdmZUeTJXWFVLa2pRQnZTSVY5N1hOZXREVEZWNWF3NU9xdmxyQ1doLXVaWnJSY2lmWkdTb3llSUR0dXhrNW5ETjFCVlpud0dnN1JyWVctblc4S1NuNkNxQ3U0ZUxKTlN5?oc=5
2026-09-26 09:22,Yahoo Finance,finance.yahoo.com,Netflix Set a Date for 9 New Ad Markets. Can Ads Offset Its Engagement Worries?,https://news.google.com/rss/articles/CBMikwFBVV95cUxQZGZDbzNtQjI1OGhSZFBGUlNxY0JoNVlYWkJTbnRPZGYzMHZGMlFrZTNmcUljRjdBMFBjRGtYUm1PS3BOcGNNaFp4Uk5xRXJTYkRyd1BuMTY0Z01FcDhRZnFQOFAweGVsc3N5SnczTWhncFh1NDMtN2haSmVVZDFZazJiUjVHY1RaVFlRbXhjZkFjcEU?oc=5
2026-09-26 10:57,Seeking Alpha,seekingalpha.com,Netflix: The Recent Sentiment Shift Creates An Opportunity (NASDAQ:NFLX),https://news.google.com/rss/articles/CBMinwFBVV95cUxOTDBzdThkZlFlNGlqcE5ETDVGVnh5SXRaeHY5MTVEemtkNldKR1BYcG80cDBteWxnMjhUVkNqS250RXFYd29DekRaaUVyYWZ5bmhHR1NabjFVd1hpM25ieGV2aWxoWHoxdm1CS1ZCbkQ5Y2h1ZTFFT0ttd0Q2bWFfWGtRcWlxcXhmdlVoc0tjZl9zOGZUV0x1dk05QlZmMDQ?oc=5
2026-09-26 20:35,Yahoo Finance,currently.att.yahoo.com,Will Netflix Stock Trade for $135 or $70 by September 2027? Here's the Most Likely Scenario.,https://news.google.com/rss/articles/CBMigwFBVV95cUxNYllDcndMdTNxYzB3NEQzMGxIbUJqUVJBZlh4R1l1Wm1FZVo0RnhjOWY5aHYtd3ZuZjZMVGhSeUZBYkRnSUliVkMzdEpzRjFwQmFITFRTT2p0SUlqMUIyOWR1T1pTejFsbGhEU2dYLUxpd1ZRemttWW1kSFU1WGF1c3BQNA?oc=5
2026-09-27 15:23,Yahoo Finance,finance.yahoo.com,"If You'd Invested $10,000 in Netflix (NFLX) 5 Years Ago, Here's How Much You'd Have Today",https://news.google.com/rss/articles/CBMimAFBVV95cUxPMVJmUzRkYmZ0Vjh5ZGZMTDduN0Fnb19wZHByYmU0MUd5SG4wZ2xZZzZ2b0lfRGlhajFhRzlRcThSNXhfZ203enBKYXhFd3FteUg1cndZVzh6ZS1xM0Nmd2JzSzl5dFFRUDZ3ZW4zT3FVeWpuSDBwWDR4X3A4aFVZeU5mTm95Zlp6OFByQjlaUzhtYzktWDBiWg?oc=5
