Published,Source,Domain,Title,Url
2026-01-05 03:00,The Motley Fool,fool.com,Can These 2025 Stock Market Losers Turn It Around?,https://news.google.com/rss/articles/CBMihgFBVV95cUxNS2o2LURWeTdteHFnUnBhMEZBX1I1VnNPWWJjMkRQODA0b1oxOHdNQ0dONzJfcUY3WXRPeXAzUmVBVEk3U1d1ZTMyampxVm1XYWdTcG5iSk8tUXRPY2w4SmRZU3dzSWQ4dHh4NExGYl84Sk1PWkxMZTZqQkFPbFZEcFZBOEpaUQ?oc=5
2026-01-05 03:00,Yahoo Finance,finance.yahoo.com,"Supermicro Announces Support for Upcoming NVIDIA Vera Rubin NVL72, HGX Rubin NVL8 and Expanded Rack-Scale Manufacturing Capacity for Liquid-Cooled AI Solutions",https://news.google.com/rss/articles/CBMilAFBVV95cUxNZU04SEYwcUliRnp0c2lxYzFuQkVLaVhIRnFqTEF4UTRPek1JVDBzZ1JBM29xdlQ0NjNJeXZpdVZ3cXBpQ0NNYnI1U0RDdXpQR3dHTFBwMkRYakhEMjVpQ3BVQ3dHcV9DcEkwMHVnSWFXZm5ZMDk3OUVQNU14clFFUDN0cWZIc1hmYmNWVERjcjNPQS11?oc=5
2026-01-06 03:00,Yahoo Finance,finance.yahoo.com,Why Super Micro Computer (SMCI) Outpaced the Stock Market Today,https://news.google.com/rss/articles/CBMigAFBVV95cUxNU3BLb1YyYnFYNE5YR0hEbmV3UUlKTTUyN0xIcnB6d0lWUGJScmZjRTlWWnBpS1B3LVF5NkFUMnplU0ZKSlVDN0pLbTFIS3VyOVRLVDEyMWlObW9Xa0lxLVlJMTNnaE80LTF6TUFMM09kajJZMk5WY3ItRjFqaE9ucQ?oc=5
2026-01-07 03:00,The Motley Fool,fool.com,2 Unstoppable Artificial Intelligence (AI) Stocks to Buy Hand Over Fist in 2026 and 1 to Avoid,https://news.google.com/rss/articles/CBMilwFBVV95cUxNNEJjOElSYWVnVnVzWHJhd0VHQkVoU2l1dzFGT2F2Rktycy1uenc2d0NYeVZVZDdKeVAxdlhRTzMwOVo2aE5xelhaenBQb2xXVW1KVm94ZnVYWng5UV9RcnlyQWkybFNhaFlHUmhYRHBKNDFOdVFacnhNekdIdWkwbHBYaFlIbDlwbl9VZ1pIZTdGTFFEejBz?oc=5
2026-01-07 03:00,The Motley Fool,fool.com,Why Super Micro Computer Stock Fell In December,https://news.google.com/rss/articles/CBMilAFBVV95cUxOWE9QNERCd1AzaUdibkpac3RlamFtWVVVS216MmlLeVFaUnc5LUJjMHU5ODk1cUpNZkt3SWtHd29zUHR0WTlsYTExRXI1RUJiek11VFBoUUNLcjQxNGFOUjNEYWR0ZTBpX05vdnY5dUtyN2luQ1BVMzVBeVJZRE9INVZvb3RPbW9QZkQ3bkFTM01tNEFF?oc=5
2026-01-10 03:00,Seeking Alpha,seekingalpha.com,Super Micro Computer: Commoditization Continues (NASDAQ:SMCI),https://news.google.com/rss/articles/CBMikAFBVV95cUxQYzRwS0ZiOVFDZkNYdVlqV0gxYzVtYzdxYWlCMlVQWnduZGNMVHUyaC01QzZwUnlNLVhPc3pyVzJOWUNrUTM1OWpMREd1T1M3Y0daMURBQVBKNUY3ZGdhNmQ1WndGbjdQem91M2JnNEk5bUQ4MGxUMGlqVnN3Q2k4NFhLcWVRUzdrb2sxVlc0RGw?oc=5
2026-01-11 03:00,Yahoo Finance,finance.yahoo.com,Mizuho Reduces PT on Super Micro Computer (SMCI) Stock,https://news.google.com/rss/articles/CBMigAFBVV95cUxOR3Z6VXdMX09GLXdQTWJiNkRnX2daZG03MFBqdU1GR0xrU0wxVkpWdG1GdTJob2hPaVhIa3FOR2VwbXhURjF4Z3ZTSjVjbDVlNHZJNndxMmxReERldFVhNGwwMWEwaVp2eUtTLTczdnBCVTByakhucEhlR1pOY054ZQ?oc=5
2026-01-12 03:00,Yahoo Finance,finance.yahoo.com,"SMCI Plunges 45% in 3 Months: Time to Buy, Sell or Hold the Stock?",https://news.google.com/rss/articles/CBMiekFVX3lxTFBBdWRUR0k1RkttYXRzaUF6YkI0bk45ekc1OVhpZVl1bWtjYnpINkNZOG1xUlV3TktzQjB5Z24yZk8xTUZaZWZGdTM5OGdSZzA2dWNTTzVnc293SHlIUjN1U1hseF8wMy1JeDJWY3F1VmdtZ3BsV2FqRVV3?oc=5
2026-01-13 03:00,Barron's,barrons.com,"Super Micro Computer Is an AI Winner. Sell the Stock Anyway, Goldman Sachs Says.",https://news.google.com/rss/articles/CBMihwFBVV95cUxPR3lWLU5sMjFkTHc2REcweC1vZ011ODJMSW93TmZTSWlWckVKMmRrXy12TFNpaHVfNkdGWUJ2Z1I5SWZ2YnhfU2dpTlNMbTZfaHJfU0xBLTAyMW8tRUJtM1d1VUI4UWhKNTZYSlVfbk9qdVpnX0JCUTg0R0FYSkJkYjJGTDhtWU0?oc=5
2026-01-13 03:00,Forbes,forbes.com,What To Expect From SMCI Stock In 2026?,https://news.google.com/rss/articles/CBMingFBVV95cUxOQ0xqTHdHckZ4dlAybVRESjhFQWZ3M1g0b3YyOFNTb2VlV21YdEQ3SGRIMDQyNWlXRmQ5U1BiQ3Z5emZ5Uy1UaWFyN3J3VnRBZDVrbTU0MUxjeXZNdzlMQnRRSTByYi1ZZWF4andBQW9MTmliSGdCVFFZblhpTkd0R1g2TWZId3VhNVZsVlNwNGVLejExdmxOMW0teXp1UQ?oc=5
2026-01-13 03:00,Yahoo Finance,finance.yahoo.com,"As Goldman Sachs Issues a Warning on Super Micro Computer Stock, Should You Risk Buying the Dip?",https://news.google.com/rss/articles/CBMihwFBVV95cUxPVG1VckJEZ1REdjBpMGZyaWJqRDhPUFpzeVBDU1c3cC1Cblg3MFVwV2xCYldOVnZqNV83VC1kUjFOT193VU1BU3o1blBCYjRrQUhSOE9GMEl0cFUyb0tmNFRiNzQ4OXB2d3J5TkRQV3FDbll3dkJENnFFWkhnbl9kNy1ydUl2elU?oc=5
2026-01-14 00:14,Yahoo Finance,ca.finance.yahoo.com,"Super Micro Computer, Inc. (ZSMC.NE) Stock Price, News, Quote & History",https://news.google.com/rss/articles/CBMiVkFVX3lxTFB3clBwZll6b2YyUUJ6YTZVbmlNRG56RjM4Z0FPRXFIa3lzbkNFTE10Y04tOVhvWENOV25saE83djFTVXlqN0E4em9WTzBNXzMydUNjMFVn?oc=5
2026-01-14 03:00,The Motley Fool,fool.com,Where Will Supermicro Stock Be in 5 Years?,https://news.google.com/rss/articles/CBMijAFBVV95cUxOVS02Qi1MNGR1TEZOYjZwZFVwTlVqS0ZrZ0hvT0wyZ1diM2Nhb245ZXpuVG1mSTV1N3F5OTNQakt4VmRYaE9aaFZfSUpWRk4zYTZGb0xiU2NVTGdST1A4YXplLUxGRHpsMnc4WVBVeExkU1FOWDUzTzFlRk94RnU5c0xiNld5WE40ZU9OcA?oc=5
2026-01-14 03:00,Yahoo Finance,finance.yahoo.com,Super Micro Computer (SMCI) Announces Collaboration with Technology Partners,https://news.google.com/rss/articles/CBMiiAFBVV95cUxPUDM2dk9CaUNsU01YWnQ5UWp4dkIxNnhadTVwQ1lZMjdsOVhDMmRxa0FHQmRGSGJpMHFOa0xEX2RRNXBUTUJvbjRTcGp1aXBPdjZUSGtHRGh3VVRxejV4RTlzU0I5a0hoUWl4UllzTEU1Z2tWMTVENG03WWNwMEpad3oyQVNFNDgw?oc=5
2026-01-15 03:00,Seeking Alpha,seekingalpha.com,"Super Micro Computer: Improving Business Mix, Dirt Cheap Valuation (NASDAQ:SMCI)",https://news.google.com/rss/articles/CBMiqAFBVV95cUxOTkN2QjV2Yk5aMC1zMlJqbDVBUkNKOGFIbjR3em5Delp5ZUppMW9lRnFnTGdObmU3Q2FVLTdOSUctRWNYU3QwODdWWXloZ0QzUVVHSEJOVkpFRXNscG1Ga28wNE9mc3VtVThWQlpaZG83ZEkyenF1Q0RBa19neWJWZHZtM3owODZKOEdsWlBJOUFjZ1k2aG9mcDNUNDRiQ1hYd2ZITWxyaGE?oc=5
2026-01-16 03:00,CNBC,cnbc.com,Cramer's Lightning Round: Sell Super Micro Computer,https://news.google.com/rss/articles/CBMijwFBVV95cUxNdFdXdVNfbDNTODRVWjB1NlJxZXkwNW5fSFhRdkpIcW1vNzRaLXNCLWI5Mnd0eTBkUElUdGIyRzFVRWpDYWJJWWlyQXVzcVlJalIyeXY5OVZyR2tHcl9na1ZRUE9VQU9lQWhMYmItUFB3NXU4Z2Zmd05WSGdUM2xPM0ZhQjRLYU9WWDR0bTlEQdIBlAFBVV95cUxQZnNta1BWTVNvYTlpYUprMWIybmlMYXBvMkhwQnBsNmk1Yzd6MElxRVVOSTBuUDRlcXQ1a2ItMmExenhKMHVTb3dySk1FdndldlotdnlHSXlqbE5vLUNheDJ3Z28tOThvRVE1VGdVejhZamlWclFETXkyTHNiYWtBbHZ3ZFJJWXdFM1FkcVNNZFo1M21B?oc=5
2026-01-16 03:00,Seeking Alpha,seekingalpha.com,Super Micro Computer: My Top AI Rebound Pick For 2026 (NASDAQ:SMCI),https://news.google.com/rss/articles/CBMimAFBVV95cUxPc1BIQW1wblV1Z3pxSTZzd2FNamN6cDAwTFRrZzYzRTFKcnMyQlI3czBEdk5XcDFqWXlfeE83RVI4bUNNS3pHSVJlRFlncExpVGRsazdsbGE1N0hGOXhEcUpoSnlGcVJzNDY0R3hxUGh2X3JxM0xrdlFlSUhJUnFQVjZlNFhfNzV1YWMzZnJSVjZ6YndzcWdzNA?oc=5
2026-01-16 03:00,Yahoo Finance,finance.yahoo.com,Super Micro Computer Is One of the Most Shorted Stocks. Could a Squeeze Take It Higher in 2026?,https://news.google.com/rss/articles/CBMigAFBVV95cUxPU0tfQnM1cTYtMC05WW5DZ1VHdXhKc3NualRfTHFTWXQ3WDVOVWo1cFRZd1Q0QThhQ0doaXg0aUgtVTE4ZnpjM0w1NzNVTEZ2TW1FcXZUdnhYQm1jdHN0SjU1MUsyYW1ZSkpnTlNFVDk4YkNOQWpXRk9qRVlmbE4yNw?oc=5
2026-01-18 03:00,Seeking Alpha,seekingalpha.com,Super Micro: Likely The Most Hated AI Stock (NASDAQ:SMCI),https://news.google.com/rss/articles/CBMiiwFBVV95cUxPNTBBOXZYcmtxalpRcExSVlBSYjBiM2VhZ2xzVGE1bHIwc2ZnTlJTU1ZnaUtmYnBpMktsTE1JdEVoOU16TzA3MTZxWlNmVkh4WU1RblhqWE81RGl0bjloZFFFS0E3WjNQT0VtVVdzNEEyXzBzOXNZNmRNd2RhX0VnUVBLYnZhTHZnekxJ?oc=5
2026-01-19 03:00,Seeking Alpha,seekingalpha.com,Super Micro: AI's Most Underrated Trade Of 2026 (NASDAQ:SMCI),https://news.google.com/rss/articles/CBMilgFBVV95cUxOdWlFcm85Yjk2VHRPbmlxN2NYSWprTHctR1pkSUxJYTlLSUtGcFlRNHhfQWhGNTNqYVZhTC1EZ3ZRU0hZWjNhMndPekZxTVRsVm96OTRYdVF5OVBIYWFLTXNIMTR5MXdIWGxQTGpNVkJHaVh0SnJuYV8zR0Q4OTRHaXNBNGhVQU1XTFJkZE80a201VlE2N1E?oc=5
2026-01-20 03:00,Yahoo Finance,finance.yahoo.com,2 Analysts Sour On Super Micro: Can SMCI Recover Amid +40% Fall?,https://news.google.com/rss/articles/CBMifkFVX3lxTFBjTEwwT1FiUnVYeThaTHRaVFdfSzNUMmxFU0FVaWpwaWZ0SW9wbUxoZFI5dlBMOUtSMkZnakNQakk3dHpvS2pOdWlGZGUwTmFMZmk0RFB6N1lyeHdpa0JVT2NQejBWekktZU1rbDJWaGZuUTQ2cUpnUkxSbHZGQQ?oc=5
2026-01-20 03:00,Yahoo Finance,finance.yahoo.com,Super Micro Computer’s Q2 2026 Earnings: What to Expect,https://news.google.com/rss/articles/CBMif0FVX3lxTE45cjQ0blVRSF9ZUHBPQ3Z3N3JSUGxQeC12dkh0VmY2UjBSaENsR2lZM1Y1aUowSDlLZmxGaDdpeVNGWGpsbnJtc1pSbzZQXzVTTEFuZnd5ZkI5TUV5X0RraEZmWUdUOFRya2JvSV9kZ1Jqa1RRRlRzMGRyaGFzWTg?oc=5
2026-01-21 03:00,The Motley Fool,fool.com,Super Micro Expands Its Role in Nvidia's AI Factories,https://news.google.com/rss/articles/CBMimAFBVV95cUxPd1pCaC1pNlJVbzNDemcyM2M4dkdxbm9CZ1BQcFZnN1JsOUZ0dUFSSHd2ZlRBTUF5NnZiY2NmZTF2X2VLNTlRa2E0R0REa1BQSFFfT3JXWmlyVjRTN252WUpMTWlDS2VreW9HMVJySUNyMFFKRnV3QXZqYUV5d2dsYXVYajFYOWwzMlMzZVZoMVp6elF5RWJSbQ?oc=5
2026-01-22 03:00,Seeking Alpha,seekingalpha.com,Super Micro Computer: I Think It Should Finally Explode On Earnings (Preview) (SMCI),https://news.google.com/rss/articles/CBMitgFBVV95cUxQWUtTVGV3UHFub2JYX3pnZTlaTXVMaTF6T25qUGE4V1RtYmRIeExEaF9KZ0kwNld4Y0tWaWZYcDRaUjloRV9PWnBQUzd0SHdlM3drMWF0WTJFNDh6Uk15WmNFVlZfUzdfV0lKYkpxYWJEeUNscVBSWFBZWThlUjRsQ3NVQUtwUDBkbnNDUGpwMHhLX2pnbVBBYlV3NXU2MUpINkJOdUtlM1ZxWGttR0xBb1JaS3JRUQ?oc=5
2026-01-26 03:00,The Motley Fool,fool.com,2 Cheap Tech Stocks to Buy Right Now,https://news.google.com/rss/articles/CBMihgFBVV95cUxPVVJEUXczQmE1WHRzWHZhRzdJYTd0anB0anlhR1VtNWgxbDNPN2pHTjlCd21yTlVnYUtxMUF5RkpNeU9pLVlqRXF1V1FXa3pNb2VzR194RzNjNHhfUmpnTWdnNlAtSTQxeWtFM0wwaGMwaWxLN1I1dGJ2cnoyTEtlY1NnMmszUQ?oc=5
2026-01-26 03:00,Yahoo Finance,finance.yahoo.com,Super Micro Computer (SMCI) Stock Sinks As Market Gains: Here's Why,https://news.google.com/rss/articles/CBMigwFBVV95cUxOMU5ud0dKNDhGN3lYV3FYMXNaSE1tM29kekEyOWl2c1BfYlIxSF9KY2hmOWUwNlNDbjdIQzZKMlZ6YTU2MExqb01UZ01SczZCa1A3V2d5X0lSLWxDRmFndUs3bUVqZ1NrNU5xUVR6Zmtyc2xEYkFXeG1JNTBhS0g2Z1Fadw?oc=5
2026-01-26 03:00,Yahoo Finance,finance.yahoo.com,"Super Micro Computer (SMCI): Hyperscaler Data Center Spending Is Robust, Says Citi",https://news.google.com/rss/articles/CBMiiwFBVV95cUxQc0Z4aVRTR2dkMTI2WWExQ0lQQ05ESVVEVTZ5WklxX2g5bEk0X3o1dXpYRWNBNGV4Y1BLR1lrdEVjLUNjQ05IZWQ5cU5qOFdsSmRGRDdmY0l6ckpmZE5zUDBjYXZza1lXRFVOUURRR0YzM3ZXNnZjbko5ZTVrMDhnZ0diT09pTjF5MXJV?oc=5
2026-01-27 03:00,The Motley Fool,fool.com,Prediction: Super Micro Could Join the $1 Trillion Club by 2035,https://news.google.com/rss/articles/CBMimAFBVV95cUxOTlBoT0V1SFNDakZKZ0RBQjdmakd6bGpwLVVvU1F6azlVYVZkTHhOWEJ6RVNHdXJ4cjhmT2RzZmdhajFERDNPamZtekhXb3JJUEhyUkhfbGI3N0pldFc2Q1FiNUdlYWpfdi1qajFNS3MyeEpoSEhxdnAwdlhNVWNVWTN4TURyVkQxUFk2UlZjWTdNQTNsNDVrMQ?oc=5
2026-01-28 03:00,Benzinga,benzinga.com,Why Are Super Micro Computer Stock Gaining Today?,https://news.google.com/rss/articles/CBMiowFBVV95cUxOaXA3R0FFelQ3WDZ4NnpNLXMySUVSQnBOdmpWV3dfc2ktbUVkbjFON1lSQzBZc1BSMFRYRlE0c0V3SUNMVnNHU19YVTJzUG5KN1NGbnpvRDJibmNVR1dUUklkSFVERkhhRWwxWkc5Ym1hRDYyT21HdVJJcE1JSmVnTE5CcnM4R3VmOUc5bGMtMDBUMDF3VG4zM3dSQmJvMjZqd1VB?oc=5
2026-01-29 03:00,The Motley Fool,fool.com,"Super Micro Computer Stock Looked Like It Could Be a Good Buy, Until I Saw This Number",https://news.google.com/rss/articles/CBMimAFBVV95cUxPdGVtMlh3czNYeW5xX1JwOWtKY1ZRZHBKVkh3RWxWRGtKZXgyLUtLXzdpTnZUVGc2bWQ5NHJqb0lGY2FUaHlPakY3RFFQN2Rlc3RWV0luTGNDNlI5Nm1hWkFyNDVZeENDb2duT2MzZjduSkVyM2lWMjZTeEZlLWg1ZVVQQW1iN3B2M1V2cU5QdkxldFNuRUxxSQ?oc=5
2026-01-29 03:00,Zacks,zacks.com,Should You Hold or Fold Super Micro Computer Stock Before Q2 Earnings?,https://news.google.com/rss/articles/CBMirwFBVV95cUxPT1lmZG12Zy16OUFMdGdJUkstRy1BOExLb1ItYW1VcVgxUnptdGNPWGtKVDl0Rm9OU2dqdHZlUE9wTTc3MWp2UFBmR0QyTk1BdDc3Tjk1ZHViTXlXTXBTV1VaMndNZjJiRW5WVm5UUUozUHlqaFNQRW85bFpyZHFpLVNleTJkVC16TlIzc1g2b0hqV1V4TGhod3BqQnhDN3gzcHRzWG10YmNtMUNyck9Z?oc=5
2026-02-02 03:00,Yahoo Finance,finance.yahoo.com,Do Wall Street Analysts Like Super Micro Computer Stock?,https://news.google.com/rss/articles/CBMihAFBVV95cUxPZjZFOGhORjZSdWg0Z004RTAtdzZYUldWNUpNZ1ZGRlhWcTNLRWZwWTNtYkVsRUg3ZUhaWGpYOEoxZ3BPWWdfTzRZWEdpSEZhY1FoQ0VRTEVVRDFKY2JsSm9SRHV5N3MtODhLOUlFSi1FT3E3UlpCMnVPeGRTTG1WemwwTmo?oc=5
2026-02-02 03:00,Yahoo Finance,finance.yahoo.com,"Super Micro Computer, Inc.'s (NASDAQ:SMCI) US$1.0b market value fall may be overlooked by institutional investors after a year of 8.4% returns",https://news.google.com/rss/articles/CBMigwFBVV95cUxQcTROOXVLQjFKTC1NOTZVT2RULVg1Rl9QSHBpd25EYTkwaGVpcEFfM0xYQ0NHQkZmN0pxX0dvcUhxcjlIcDhNUlU1dWZoUGhVNUVDZ1FNRVVjaUl0Y1h6bk1zOC1JN3pzNjJvNjNodnFMYUcyMmlwOTduMWRCMVN1cy00WQ?oc=5
2026-02-02 03:00,Yahoo Finance,finance.yahoo.com,Why Super Micro (SMCI) Stock Is Trading Up Today,https://news.google.com/rss/articles/CBMifEFVX3lxTFBRUnFRS1RDRUszR2JnbHBtVENvMEtjdGlzd2lEdGczbG5xOVZ4SGk1aUZjNWg5ZENRUFV2VF9kWHFva3hiSkctTmNEdTlvT3lWcXJtV1A5T0tmLTBwZWxVbzBXNi00NG50WUJYU1BaYzNxRk9FRGJ1V0RjM1Q?oc=5
2026-02-03 03:00,Benzinga,benzinga.com,"SMCI, CMG, PYPL, NVO, AMD: 5 Trending Stocks Today - Advanced Micro Devices (NASDAQ:AMD)",https://news.google.com/rss/articles/CBMiiAJBVV95cUxPWThQTmRMQTFkN19Oa0dDVGwxSUtqODdMc0xqdE1wM3k0MURuR0xWbFN4QzlVWXRnem0tSFVqeXhMUEhUbWpJY1hkVzU3aDVsN1U3OEhNWUFQRkw0Wi1IUmRySTg5eElkNm1zTnUwR3k4Q2VZc2E4cmdpekRnNmxkdkUzdzhiM2hJLU5qU25jS2o5cjZ3TE1HWHJmRzdkbWxpYUJHS2E2MW5vZlhjTG5GZ2pXWDRjclFpTlNjYzNpaC1FQkVxcnFpOG8wbHBpMkJxcVZjRlZPWGNDZFRSYVYxaXNnRVlrcl9rc1B2dEpORC15ZGhvWktrVWMxdzJtSmttYlNUUGRuaF8?oc=5
2026-02-03 03:00,Bloomberg,bloomberg.com,"Super Micro Boosts Sales Outlook, Easing Data Center Delay Fears",https://news.google.com/rss/articles/CBMiqgFBVV95cUxQQjNHbHRxRzdxR2hjSUZVRmd1NExzYVM5RGNYbFpiZEpkakEwX3RXYUpuYkl3RFlJRGNZTUkzS18zME0yOGtTR2pmTUJJMS1iZjk0QkhPMU1pX3J3SjRqNC14OU1BZllpV05GWHVjek54ZU5Fd0NrWjFjMjc5d3h6RUVnZmU3OGpxdHhZaDZDWTl4VVRJSkwyM3UtdWV3N2lyVEFFNWFTVXA2dw?oc=5
2026-02-03 03:00,MarketWatch,marketwatch.com,"Super Micro logs record revenue from AI demand, and the stock surges",https://news.google.com/rss/articles/CBMirwFBVV95cUxNX0pCUl9WVk90ajRPeWpBMWd6R2JoQ0JWbENmVVJ0RWs3c2tfU29pbzBiZTdFTTBuV0xUcmtDUUNubU0yQzFaUzJ4eXhwY2MwZ3MzOXMwS1dtZlBjX3N1dWZIeFZCMkNIUmpuYTRKSVpkX3R2MTZMWlkxMWVva2RhMW1ZQ0dkRlRGd2hDbGVTZ1dRU0EtSmFpZWRmaDRMcWVxRjJQRGpnbWthU1NYNllr?oc=5
2026-02-03 03:00,Reuters,reuters.com,Super Micro Computer raises annual revenue forecast amid strong demand for its servers,https://news.google.com/rss/articles/CBMinAFBVV95cUxQVlZwdXlBWFlRcTFTbzM3QXlVLVRQRkNycnpqQUVwZm5Bd3BzRS1RZ0NUYXRmWlExNTl3MV9hWVRXenVqY3Z4MUhBb2ZFTXYyZWU5QUZ1QnZpa0lWN3VvSVZCN2lwYm1GbGcyRk9fYmpiRG1SemdyNS1IaWp4OWJqaEttZTFwdHc3Sm4yMlMtRWpBWHdocERiQTBqYmY?oc=5
2026-02-03 03:00,WSJ,wsj.com,Super Micro Computer Posts Higher Second-Quarter Profit on Two-Fold Sales Boost,https://news.google.com/rss/articles/CBMixAFBVV95cUxPakRzV1NycndSc3RoNzI4YVR5QXoxRUVTWF9Zc3FWWXdFa1B1MHpYVUdXNTlfTTBndm5QVWJ3RzJMQlM4UjMxdm0zeVY2endtUlBPU1N5RmxxaU9iN182Qk5YcFJVNjlZamNacXVtdnlGRVQ2Qk1sVlp4ejd0M1dLcVBMbFd1SmNLTnc3bXZUdXA4eGpRU1hCYW5yTnZzXzIydThEeWJYaGl6VVhPRG55bUptUkZZVDhUclZkeW5fdExocG9s?oc=5
2026-02-03 03:00,Yahoo Finance,finance.yahoo.com,"Super Micro (NASDAQ:SMCI) Reports Bullish Q4 CY2025, Stock Soars",https://news.google.com/rss/articles/CBMigwFBVV95cUxPbms5eHFLVTRPcG9LMXhOTFFIdjRhRkJxaUp5Vkl4SFBGSHIySUk2dmdxNkc0YjNZNDQwUklEQmJyZ3dfMENDREJUcmMwUTVONGhLTFFVc21Xd2RrSi1QWDR5WEFneVZJelB3dFo0cllVYlNNY1pmUllva19WRV9aYVFYNA?oc=5
2026-02-03 03:00,Yahoo Finance,finance.yahoo.com,Super Micro Computer Inc (SMCI) Q2 2026 Earnings Call Highlights: Record Revenue Amidst Margin ...,https://news.google.com/rss/articles/CBMigAFBVV95cUxOTUJxczNPQTQ4ZVRpRW5LOXdmcGJTQjhMa2psQkhhNHRWR25KZC1FOWlpYnBiYzlRUGIxR2h0bTNTaV9uaUx0LURjRG5rUi05ekNKVDBkVWN2bWZuZF9aN0s0NmY5UE51cDVYVXBmMkFXN1d3NnRKSGFfRV9IZWdhbg?oc=5
2026-02-04 03:00,Barron's,barrons.com,SMCI Stock Rises as AI Boom Boosts Earnings. This Is a Worry for Super Micro.,https://news.google.com/rss/articles/CBMihgFBVV95cUxOMkhRamRyZGxfaHZTSWlEdzV6Y3hhYXRUTnNoVkMzd2oxcTJmTkVibUkxN0l4elFGTjVoU1JINHhadjMtS2pTbEJ5aHBBYmJkeHVfaEFzM2RMYWJKTWQwWVZuS2FHUGM2T0lKcGNLaVh2OEVGcl84dW5FQVdFM3BqazkzRV9jUQ?oc=5
2026-02-04 03:00,Investing.com,investing.com,Super Micro Computer stock price target maintained at $27 by Goldman Sachs,https://news.google.com/rss/articles/CBMizgFBVV95cUxPQVpRRlFQb0dqbURKWFN4RDBTRWNRZmF0YWlEdF9menB3NkJXeURKWm5hby1KdjJURWxmUDVoOXctOWFFWXBScFdUaVBrQkMzbjRSeklDaFZ0a2gwNmI1ZmNibGhJMVNYS3lncVZhNWtGSnBRYzEwX19DOVF3Tk9xb29oRGNfNXZxdWpXLV9fSjZqVnB4Qnh2bnFwOF9PSERweVRGbE1HR0IwQkl6VVBpRWt2bVVvUTY2YWJ1cUpYcWkxLUR6NTZRQmhTclJWdw?oc=5
2026-02-04 03:00,Seeking Alpha,seekingalpha.com,Super Micro Computer: Blowout Earnings Confirm Bullish Case (NASDAQ:SMCI),https://news.google.com/rss/articles/CBMipAFBVV95cUxQN0pQZmNQdVRtcWV3UFZST01JWTV4Q3lqUjBoY0FPZklRUkd0TzZaUjhTNl9NeGpzZE93SXNWVjJ0X0F6N3pVZ1dZRkRpVnVibVNOT1RxWGhfY1diamFNTlB2ZGtDb0dMakpzQXFTUmw3NnRNVkgxZ0tTb0ZJbmk1X0pJWktrX3JaV0Q4UHFhUmw0SmFBQ3Zab0ZfaldweTdGTW02WQ?oc=5
2026-02-04 03:00,Seeking Alpha,seekingalpha.com,Super Micro Computer: The Most Misunderstood AI Stock Today (NASDAQ:SMCI),https://news.google.com/rss/articles/CBMioAFBVV95cUxPRlgzR05WRWdOZEZmeU1GX09HVVR5R3FsY0VHWFBfWkpJVEkxWEpoNHJSbG5BdEZQbWdSSzY5T3hGcExrb1dPb1pCdFY4bzA3aWhPNzZwdmFvTHkyOHJGMmpPYm1yYjNhYWlOZXZqV1V4aFpKYWZ5LU00cVFTTUpTSDRNQlNwYmd4Y2dtSlB4Ym9xYVZZaTREbFVBNEZGQ1Vw?oc=5
2026-02-04 03:00,Seeking Alpha,seekingalpha.com,Super Micro: The $12B AI Illusion — A Record Beat Is A Major Red Flag (NASDAQ:SMCI),https://news.google.com/rss/articles/CBMiqgFBVV95cUxQdlhicU5QaTEyTERIS0lTNWNYOG5PNFA1elFaMkhJVTVqNk5qOVl2dGdNNmJYRi1FaUs0UEY5YW9FeFF6S3pnX1BHZ1ZaOE5TRVRnVkRsVEJ2aGh3RVo4T2NVUzR2WWlXRm44Rk5zTjhhRVNSTE02Z2ZReVZYdlZvdTZZVVJHOE13MkQzdnFxSE1STERxem9fcU1McnY0cGR6Ykw5cHlrVE1TZw?oc=5
2026-02-04 03:00,The Motley Fool,fool.com,Why Super Micro Computer Stock Jumped Today,https://news.google.com/rss/articles/CBMijgFBVV95cUxNTEdwWnFYdDBtSDVXaFY1MVJTb1Voem1DUzRwUmJCUVlMRGJrTU1DbzRaZHFqZUlBNGp0RFpoemwta2JxNnNyR2xPeG9GalFCMWt0OWhqUUZRQURqRE9mdGprbUVpWUN6TmhOYUhPT3RVemVhNjBlbWNhblA0bmxfY1ZQZ09KQ1VpdUJqQjRn?oc=5
2026-02-04 03:00,Yahoo Finance,finance.yahoo.com,"Super Micro Computer, Inc. (SMCI): A Bull Case Theory",https://news.google.com/rss/articles/CBMigAFBVV95cUxNRE5lT1hGR2hVZmlzZnJpRTRXbEEzd3BLdWhobDA1TjU3VHVEaWkxTU9GSG5UdS1fNUNmX0w5dDRVa244RkdJbnQ0UXQzb2d3ejlQZEFFcV9ySkZDNW9mMHM0d05mY04xQVdRRC1rTXBWcXAxS0psZXZ6c2hHb1pDcw?oc=5
2026-02-04 03:00,Yahoo Finance,uk.finance.yahoo.com,"Trending tickers: AMD, Super Micro Computer, Chipotle, Novo Nordisk and UBS",https://news.google.com/rss/articles/CBMitwFBVV95cUxPbEltb1BWMXFkYTFhSkdWRElRd2VZblBTZTlWUk1rakF6eEZYRTdvQmhfY20tclVWVmphdlRWLTdBU3VCcmpYclpNUTRsVDdsdFFsMzRmaEwxRldPcWNKUTBtUjJHR2Q2MVpqMlU5VmpBQ05VREg4Z0FaYUo5Z3g5eGI0UWpwdWlTdndYeXdCN3FnajgtbFRPbEJLZWRzQnNLSE5YNFhyMVhnQm5FakhTcy14WXZ2WGM?oc=5
2026-02-05 03:00,Yahoo Finance,finance.yahoo.com,Analysts See Super Micro Computer Finally Staging a Turnaround. Should You Buy SMCI Stock Now?,https://news.google.com/rss/articles/CBMihgFBVV95cUxQcDhfb2N1dnhaVERGNTZSMVdEdnAzbjlJVDIzRGp4Z2tIV3d5LU96eWdLNU1WU0xpTHlaYXlUVDYzMkNxYVYtNExtOVVjOVZSbHVHdlpkeGRZbEVUMjJnUTYxOHg3LWg0UHBFakRyYkFQY2YtUERYdV9MOW04bXNiamNoLTV0QQ?oc=5
2026-02-06 03:00,TheStreet,thestreet.com,Analysts revamp Super Micro stock price target after earnings,https://news.google.com/rss/articles/CBMipwFBVV95cUxQZWhUUDY4cTNGNnZDU0RYR0MwOS1JUU9mMVE1VDkzdm1PWTJxVlFTWkprQWtHbUtuamk2MkRUekl2M3BsUzg2bTBpdS1UUHEtR1JvTEhzcUZ0MWlaWEJKa0ZUZFlHNEdtVmY3UlFvcURvbnZiVnplLU1sd1RxQXNQSmRidWRjamtFNmNjbDRaRnVOTzVkNC04Vl85R3loSUlWUFdGVGVTNA?oc=5
2026-02-08 03:00,Seeking Alpha,seekingalpha.com,Super Micro's AI Boom Isn’t Translating Into Profits (Rating Downgrade) (NASDAQ:SMCI),https://news.google.com/rss/articles/CBMikwFBVV95cUxNWDNfOFJURDduOXNCSm5jamFvUmsydmhkOGVtajF1MlVGZjhySm45VGdRbFA1RVJFTTZQLWthSE5rYUJFZUhfbUhGSW5wNWFJd2xDYXlacEdrcGRBYjc4cDdMaWNQT0ZxcTBnNXF6SV85SWNQR3NfWTdyVGctcHhxZEtJbjFYaWoyem5vUjU4eEpZNlE?oc=5
2026-02-09 03:00,The Motley Fool,fool.com,Prediction: This Metric Is a Warning Sign Not to Buy Super Micro Computer Stock,https://news.google.com/rss/articles/CBMimAFBVV95cUxQUVJKelVBT1poWHhEX2RxVmprdTRYcHBzVWRLcE5ldmlYcDNmb25TU3pjdWNiNWtTcWFEMDlWTUxaa3UyT2ZCUWxkaERPcGxzbVBRdmdhX1VHdlZycnh4OThQbHpsNnp6and3LUpvbjdUVFdiV1V6VGNFd1QwZFBxb3VqcmUxeDhUcTJ5aDBGcGRuSWpjQW04VA?oc=5
2026-02-09 03:00,Yahoo Finance,finance.yahoo.com,Here's How Much a $1000 Investment in Super Micro Computer Made 10 Years Ago Would Be Worth Today,https://news.google.com/rss/articles/CBMihAFBVV95cUxNYS1OblUtVGY4eG9OT1pwa1pTMnlrbTlfUUNOUTR3S1pMRE9RSzR1T2Q2VUFVNUpQRzZuc0FtZ3BsN0xiazVYQ2VkSk1BRXk5YngtclBvMEI1alN3c0MwN3JJUzBIODQ5ZUpBWWJwT3VQRjR1Wk1Oal9nZTJrQmJrWFZ6Vy0?oc=5
2026-02-10 03:00,Seeking Alpha,seekingalpha.com,Super Micro Computer: Strong Growth Setup As Industry CapEx Soars (NASDAQ:SMCI),https://news.google.com/rss/articles/CBMinAFBVV95cUxPZHJCUnppRUdJWExoemtqUk9DMUZqa1pKUjJDa2U0VGhhU1k5bWg2eEVCMnE1Qnpoal8tenpYQmVid0Q0RTNKZF9iWUtEMXBJM1J5UkRtVlZDV2xPWWp6QlZZRlcxMFQ4c2h6T3dqN2JXR2p0QTBYX2RvckdjUkRNRkZTRlYwZW0yQmlKRXNsdDNsdTNZb1A2Q3JqRW8?oc=5
2026-02-10 03:00,Seeking Alpha,seekingalpha.com,Super Micro Computer: This Stock Is Still Dead Money (NASDAQ:SMCI),https://news.google.com/rss/articles/CBMilwFBVV95cUxNVVVnVmVqZTFhdFRUUkprWU4xZ1ZuVFRSMkZ5Tl9ZUXZjQTF1Rm9jS3pJWmdlT3d5U2d6Vm5jRFJxNXNCbktCcm5rRWpUNHc3Njc3aHlvWDhtZGtBRnVfRlF4SXZzbzI2ZUQtU0g5ZUxzVThncHVGcThNU0gwWnNwakZpa0VEYUZxX18yMFN5YjFfaG1EME1B?oc=5
2026-02-11 03:00,Yahoo Finance,finance.yahoo.com,Super Micro Computer (SMCI) Navigates Growth and Profitability Challenges,https://news.google.com/rss/articles/CBMiiAFBVV95cUxPQWVleHVHRUIwUk5kZy1iVFJ2cV9VOWd1OUp6S0NBRFlKTm9BTldUVTU4RVVDcTZ4bjNuQkQ5c3lqZGd3TDJnOWVwa1JBTHd1MFFRYUpwSnc2LTFTdTVSWTg2WXRhMjJyODkxSGtrbHVRR2NUYW5RS1pERkdVel94eFg4RGJCdDk2?oc=5
2026-02-13 03:00,Yahoo Finance,finance.yahoo.com,Super Micro Computer’s (SMCI) Increased Full year Outlook Still Conservative,https://news.google.com/rss/articles/CBMiiAFBVV95cUxOOEpMQzAxdlgyOWU5aXBLdVk3ek9jSEY3YjBTMHFTNndGeEVieDdQamg0OHVmRll0M0pFUGNBWWV4OUdxYmpOSktEaUN3N2NleG4yaTRpU0Q0WHEwQTZ1X2J3RUdKRXZtUThJRy1CaE1xMzMwdzJRaW9CbTl0dHRkWjhGaWdzM00t?oc=5
2026-02-15 03:00,Yahoo Finance,finance.yahoo.com,Super Micro Computer (SMCI) Week in Review: 11% Stock Drop Despite 123% Growth,https://news.google.com/rss/articles/CBMiggFBVV95cUxOUmkyRmZFQW82ZVlhRndRMVQ1YklQbXdVR3oydjh3d3JsUDhQR080VEhtTWI4RElGMU5lVHhuRDZRWG5sSElpbEdCbzNWWFdBTV9GWkp2WEpaMTRJRmxFOERKTklCM0F4eVRnaFp1VVg3TEc4R1VDV01hYjVrN01qbkln?oc=5
2026-02-16 03:00,Seeking Alpha,seekingalpha.com,Super Micro Stock: Record Revenue Won't Fix A Broken Margin Story (NASDAQ:SMCI),https://news.google.com/rss/articles/CBMinAFBVV95cUxQcG1UMUVPRkdpNjVkc1dEWWg4YW1EWnVzcVdMaVd4cjdKR1R4WGwtZ2xucEhOWVNhSHBMY2IxY1pQTEFpWUk1NlBnaDRmUFUwVGpfNHN3SU1zd0JqZG81UVMzai14S09SaGU5c003RlpPTmNfRjNPMGY2UGYwNy1zZlF6dDBjS29vZ0hiQ3p1UDVNVVVSSVRoY3NDTUs?oc=5
2026-02-17 03:00,Yahoo Finance,finance.yahoo.com,SMCI Declines 6% in a Month: Time to Hold or Fold the Stock?,https://news.google.com/rss/articles/CBMifEFVX3lxTE5DTU96c0JXcUZFY1YyeHNTd1FFcnl3MzVpUndncFRmVzAxal9YV3pYRXNfbTNDT1N2bEgta1ZadXZmbTZsbHhBY1EtOVIyYWFBcEt4LWZDUWxHY3E1RWZPeDhMSDVRb25COFJYWjNnYWZmNGszUnlPdmlnXzI?oc=5
2026-02-17 03:00,Yahoo Finance,finance.yahoo.com,Super Micro Computer (SMCI) Trading 35% Below Analyst Targets After 11% Weekly Drop,https://news.google.com/rss/articles/CBMihgFBVV95cUxQc3VVY3VWSFV6QWxoUlZRaVYyNWx3YVk0Qlk3YlpwLVktZVlaRjY5c3pfYks2aGFkSElfYmY0QTI2M2owbEFoaFhjMThpR1dLdG92MVJVeFRWY001NlhnQzFWdkFyMFA1ME1CckZyX24ta1B4blFISHllM2NlNGpvUnFlMWdjUQ?oc=5
2026-02-18 03:00,Benzinga,benzinga.com,Nvidia Partner Super Micro's Momentum Drops As Investors Shrug Off Earnings Surprise— Shares Approach 52,https://news.google.com/rss/articles/CBMi_AFBVV95cUxOZHhZalZDSlVlWFBNeXE2cUpoR0UwU3B6RjA2N2FqT1RjQXQxUnVMdWRaaHBrWmE0VW95ZWhFZFFDc1lXUE9WVHhpNXdIRHlCS3I4bjBzMXBLRU9fSWRoMEhPLVI1dUhpRmVKbUgzaFJLbXBQNjU1M19zTjNua0d6SEhUVW41bzl1Y3JYQ3l4dUF3RGZsNmpGbXM0eTlkTFl5LTIxUGo2VXl1Mzc5Z3JaYndnR1h4d1RVNUc2UGh2dWE3c3VFSHRvLVVHS0JnUnZnZk9obDJYRlAxVEsyVVpCMWdodGlPOVE3bVpiWmM3ZzR6ZXJmTXc3UVVOSUc?oc=5
2026-02-18 03:00,Yahoo Finance,finance.yahoo.com,Insider Buying At Super Micro Computer Versus Margin Pressure And Valuation,https://news.google.com/rss/articles/CBMiiAFBVV95cUxPYTJfLWV4bnpzM3JJQVZJSTM5YzJDblRoOGJGbmFFemVwcHAzUTlwS0RGWFY3YklZRTZ0c3hJX3NFQmRuaXdVMzZYTUFIS01JdWVaWGRkWGh3cGo3MnlKZ1J0T1VNVGxFNUdobzdxeE1ja05qOUkyUHZfSTYzZExmVk53cVBHelZ0?oc=5
2026-02-19 03:00,Seeking Alpha,seekingalpha.com,Super Micro Computer: Margins May Expand This Year (Rating Upgrade),https://news.google.com/rss/articles/CBMikwFBVV95cUxQeEZHVk9JeXdrODE0c2pKQ1UzQ01ZOWtMS1hITHFsQkN6bXJBQlJIdThhMHhVQkpMbng5dHNkakdCVnhZMV90b01VQ3Z4UU5ZaC1xcEZLN0FEUUlUZ05USnBRQ243TTBPRnVmODY3REdxbVN5YmZQZTFYVWlRbFNPWEhudzFfTUxxTlVIdFJXTjJZV0U?oc=5
2026-02-19 03:00,The Motley Fool,fool.com,Where Will Super Micro Computer Stock Be in 5 Years?,https://news.google.com/rss/articles/CBMijgFBVV95cUxPc2dqWm5HWE1IeWpuOG5xNEg2RnBOdWZMcnZ5d2I5TWpHM3BWMmdjNG1TcVpXWGpCQXdfSnFRbTFObDdSdWM2X3hWQnNfSmY5STVXb25GS193SUpJaFhXNm12UDJHRmNhYUI5MEVERjUyUTd6eXBLbDRwbmxRVWNyTTFfMXlKcXhSRTJvTHZR?oc=5
2026-02-19 03:00,Yahoo Finance,finance.yahoo.com,"Stock Market Today, Feb. 19: Super Micro Computer Surges After $40B Revenue Outlook Reignites AI Momentum",https://news.google.com/rss/articles/CBMie0FVX3lxTE1UVUVzd2JTcTRTRjdmaTE4ZWZMN2pIX3JIV0VmWnVYMHBHZVFKMjZFUEhxb3hqZWhuZWZyWlRZTnNNRTVmekt6XzVwanZVYmdidmtvSVlya05tRHRPenFRc0tpc0hYbHFVR2Rlem0waUJ1SzJ5ZXNOcVhEUQ?oc=5
2026-02-19 03:00,Yahoo Finance,finance.yahoo.com,Super Micro Computer Stock Is Pushing Above Its 50-Day Moving Average. Should You Buy SMCI Here?,https://news.google.com/rss/articles/CBMihwFBVV95cUxQdXA2TmF2ejFqV2tLbWhWc2FBbFQyTlZteDJTNEpObkx3d2xZMVUyblZhWjdQZWFlTWFuNlp4R05BOTU4bGNZN1k1ek5sU2NFeEZSS0dIWUtSMVBvWnNKdE9MdHJJUTdYUjcxT2ZVSUNfNkxSQlJUYmRvVVdmazdrZnhFM0hmUXM?oc=5
2026-02-20 03:00,Fortune,fortune.com,Troubled Nvidia ally Supermicro pledged to hire a new CFO ‘immediately.’ That was 14 months ago,https://news.google.com/rss/articles/CBMihgFBVV95cUxOdkVLU3lXUkN6Qk93SFlOMlY3Rzd5TmxCdTAxemhyVThDYWljTEdkR2hyRkdEMnJEYWZCcnFKWThDZGx5VWExVExyeV9CU1hQaUlyZkxPLXo2M0JQS0thMjI1VHRUQU5SUmtfdm5vVWJMN1A1a0ZQbkp5akk1SjVNRWlzS2ZLdw?oc=5
2026-02-21 03:00,The Motley Fool,fool.com,"Super Micro Computer Stock Could Double, But Only if Management Fixes This",https://news.google.com/rss/articles/CBMimAFBVV95cUxOeHp3TWNzTlRnREppbzhyQVhoZ1oxZm9TbEl0MXl2NkRJclN6Q3NzR0lqdnYySTlFV0xsbVU4YVVZOEtxb3Z4UW9IQ21EUjNCYmxKRlF3TUJDYzMtYlZpTzdLV1oyNWtuNDM4RHBMRzlXUWowUXhFMFRDT2NsRm9HTEhqSEU0dmU0SnVNSjVwOU5RWVlEUW1NLQ?oc=5
2026-02-22 03:00,Yahoo Finance,finance.yahoo.com,Assessing Super Micro Computer’s Valuation After Mixed Returns And Strong Growth Expectations,https://news.google.com/rss/articles/CBMijwFBVV95cUxNWmZtbnhkNnNLdTJHY3UyRm1LckVaSlU1QnZkMU1XOTJza0RJYWVEeU9KTi1ZWlNFMU42c2xvdEJWTW1SaldxME8zZjY0NGFTMjhrY2lETTctNTZVN2pKRDBfTzZQQmE3VC1YWWRZZEE4bmlFS3czMzNscllOOTBXb1l2b29ILUtpbC1JbVZndw?oc=5
2026-02-23 03:00,CNBC,cnbc.com,"Lightning Round: Super Micro Computer is my 'no fly zone', says Jim Cramer",https://news.google.com/rss/articles/CBMiswFBVV95cUxQdGpSNUwtQ1ZvNDhldjh2TG1PLXdyOTRoSnRrTkl2WHNzdlI2NWxCWENieDhMNWQ1NklLRGlQTWRES3NBcS1XdW1VM1E5U1pVb3Y3RjNyNTVOTkxSN203elNta1luNVZRbFpDSzVaYklnQnYwSFNGaWNzYXptYjYwcEZNSTVQTjdkRnFQTzgyM1ZHSXB6bkhVZWhXZEZRaTBJcm5KRENzMktWVlRHR3NHNEc2Yw?oc=5
2026-02-23 03:00,Yahoo Finance,finance.yahoo.com,Why Super Micro (SMCI) Shares Are Trading Lower Today,https://news.google.com/rss/articles/CBMifkFVX3lxTE9aXzRLSUNsMjdmTEdaQVRjc2l3SS1rc1ZKQlVxSmFPc0d3djdpRzNFTTdTZEJzMDFRU2I1cTJqakI2elE4SmRXRFBxOXNQMVBaMHk3UTU5RDhOYklyYkpZRG53MEpvTlRseUtON1pxZjJpSzdkQlQyNVpXRXBzQQ?oc=5
2026-02-24 03:00,Seeking Alpha,seekingalpha.com,Super Micro Computer Has A New Problem (NASDAQ:SMCI),https://news.google.com/rss/articles/CBMihgFBVV95cUxNYjA0YWJlUzNxUm5ua1ZRX3N6MkItUjd5aFJoOGlZeXRJUFBzRHZkQ1ZycVlIdkVRNGpRaDd0NDdmYlVJYTIyS2daNFJYMUJHYU5VWUVVY3pzTk1zUUw0QXRWV3RJemxNZFhyODFBRjZXcHdmYXgyaWFxN1FwUXF0cGtSeklVQQ?oc=5
2026-02-24 03:00,Yahoo Finance,finance.yahoo.com,How Investors May Respond To Super Micro Computer (SMCI) Lifting AI-Focused Revenue Outlook To US$40 Billion,https://news.google.com/rss/articles/CBMihgFBVV95cUxNZEN2QXowdF9EOEJVeklGcG9mTGtGcXZBNHB6cFl4dkdQcUZkdUUxZ0tJeVpCUFZvVVNqQ295Nzc4YUtxSHhLRzNFSHc3cm9TS2doNGYtZG5yRk1FU3AyeW5xdWNBaWd2azRfd3F2bEltTnlhVU5mQkhIeDJCVks2ZzFQd1lTZw?oc=5
2026-02-25 03:00,MarketWatch,marketwatch.com,Super Micro Computer Inc. stock outperforms competitors on strong trading day,https://news.google.com/rss/articles/CBMi0gFBVV95cUxQRVVOLUcyUkFxZjZieTJibmlKVkxfdWRqbTI5ZjB0dVVib0VhekNQVlNPOE5lZGc3blNWaTU0eU1NYmQyUUJvS2FQYk03SUNHRkNpbm95bnB4aEtPUFZNVjhtbEJIVVFKLThNSXRvNGhxOUs0M0FHWG9fUlpIXzh6RHppQ29HSUNTc05vTThBWVd2YzVQdWp5M1ZPZkhhUzhBYUxMc0oza2d6M1doSGsxM3lfRXNPS0tEeTlVNFczRU1ObEN3cWRTNXJGR2Fpb3Vzanc?oc=5
2026-02-26 03:00,Seeking Alpha,seekingalpha.com,Super Micro: Margin Compression Has Caused The Market To Misprice The Stock (NASDAQ:SMCI),https://news.google.com/rss/articles/CBMitgFBVV95cUxPRjAwdnhiN2VOV1NiMk9tVkdPMlRMeUdINDlRRWxHMWgzLU9UWm5IbWFUUk9wRE5YRTR4MnpiRTRfWW5hRDhDZS12MUtoTXFOT1JvMXNmY29fcTd0YUtaZl9tanBnQ3R5d09aSU5WdFpEVkdHaFktcW9yRThRR3dxNmp6MFpkUTB5VmxhN1hTRFJHX29rU2FMeG1ETzBUb2tvMUJHbVJSdlpxNzVIbnZET0ZtaEVqQQ?oc=5
2026-02-26 03:00,Seeking Alpha,seekingalpha.com,Super Micro’s Billion-Dollar Stress Test (NASDAQ:SMCI),https://news.google.com/rss/articles/CBMihwFBVV95cUxNYWVNMzVzRlFGOWFTT0lBZlFDYTNJR0laRGtUdVphMWNGYWFWbWFrTnZKakM1eUJXcGo3cGJJd2Y2OGE0aDc2M2s3US1iZVN0dzJlaFA0V1lSMzNtbC1iRzJiVGRTSEJiaW44cDVlTVhVMUlYUWhNOVhLRm9tOUVMNXQwTFRzTm8?oc=5
2026-02-26 03:00,Yahoo Finance,finance.yahoo.com,Jim Cramer Says “Super Micro Is in My No-Fly Zone”,https://news.google.com/rss/articles/CBMifkFVX3lxTE1GOTIxeHlOeVRUQktuRmdkWi02cHFYa3l4cnd5Q3AwM3lpa1pwMEZJN3cwcFNUR09Xc0hIbDF5c0xpZ096UnFvZGljQ0Vnbncxbk5neGhFSnVWUWlxYkVZM2YtSHRlXzF3bUd3bXhCT2RHR1RYQ2lUUi1QdGlKZw?oc=5
2026-02-27 03:00,Seeking Alpha,seekingalpha.com,Can Super Micro Flip The 2025 Script - Rise When Tech Is Faltering? (NASDAQ:SMCI),https://news.google.com/rss/articles/CBMiqAFBVV95cUxOZHMtTUVNVFNhMDZRVUpmaktUUnRSRk5iaFg3eDl0Mkc0cG53eWZsa1ZyNW9YMU1ELWRzMEhSN3JUUjZORmxscHg5YWFNNHhUbFNxR20weEM2X2pMdTB6dEVYbVI2TjFsM2ZMRm9aUFRpdGVCTnF0bGd0LS1EUmZGV1paRGV5MFJYZmhDRnkwQ3RaeWk3Ul90X19tX3ZTMWxuTHpIZV9uVFI?oc=5
2026-02-28 03:00,The Motley Fool,fool.com,"7 ""Rules"" to Improve Your Stock Investing in 2026 and Beyond: Using Nvidia, Palantir, Netflix, Peloton, and Super Micro Computer Stocks as Examples",https://news.google.com/rss/articles/CBMikwFBVV95cUxPRVV4Q08xSTdoUkMwU2ZEMFltV1pBajU3MHBpSjRQcEFfdDYtamQycUhlOWgxeUp2Z1hzeDZUQzVIVzhnQzdQU2Y0Ul9ZUUU1YVBwSnI1VndHblRnamlpVzhXWkdPWFpIVXVDNnNVbTZKbzJnY2NfMldZbGxYMFRERW1PNENtQW1laWhoT3BBc2prUTg?oc=5
2026-03-03 03:00,Seeking Alpha,seekingalpha.com,Unloved Super Micro Computer Is Due For A Rally (NASDAQ:SMCI),https://news.google.com/rss/articles/CBMikgFBVV95cUxQS1BfM2tMWk10V2pBdVluNHdrb0gxTDk2bnhIdFVIbGlvQ05MYWxqbFlaMnpVZWhKbXlTWGdVSnV1VmRJeWw5a3V1dFVFdTZJb3FtWlRYNlZVeXhmb1o5NGYzcTVPbFdkZGk3NEJLMnE4SDdIaTZZQThSMTQ0VXhCVlh0X0ZLWG9HTG11Vld6Y0Nqdw?oc=5
2026-03-03 03:00,The Motley Fool,fool.com,5 Artificial Intelligence (AI) Stocks That Could Make You a Millionaire.,https://news.google.com/rss/articles/CBMikgFBVV95cUxQeERKNVRwaDkyWmRIa3hKcDZBUWl5SVFWOUhvVkVWZUtmeHREY2V3V2d6Ymp2Mkp5T2N5a0NCbmVKek5mNFVpWUpLdlM2QjY4eVhiVEFTWUxMVjZSeGh3YkFsWnFIVGp0a0RDWXNNTXBFRVBJMkdORGpsMUwwRDQxWmQzczZZb1JoTEJoT0ZWR281dw?oc=5
2026-03-03 03:00,Yahoo Finance,finance.yahoo.com,"Super Micro Computer, Inc. (SMCI) is Attracting Investor Attention: Here is What You Should Know",https://news.google.com/rss/articles/CBMigAFBVV95cUxPcWJqbWFPQk1Yb05oVXNHbFpIWEtWM1Ffam5sVnpRTW4xSFF1YWdBTEtOaVF1cWtrZUxIa2RYTVRMbXpfRGNFSGwxdmM4WV9fcklNaGlycXNHaGZRM3IxYVJ6MG9JRVdSSnVHdkZUTW12enN6QTR0VXZhMEU1bEZybw?oc=5
2026-03-05 03:00,The Motley Fool,fool.com,Why Super Micro Computer Surged Double-Digits in February,https://news.google.com/rss/articles/CBMimAFBVV95cUxNMDU5OW5kU1RRR0dIeXFtZTNWSV9KTi1Vb0J1MEJUdXJBMGVwdThRU19FRGRTQUVtM1pVd1QzNE1NdEVZY0c5LWZiQzViZjZIR0ljWHBJeXhWSXd2RWl2ZWxMTDloRzhBbllYTXdyMUpHVGtEOVFBcFR0X0tyNDNIVHgyUW1kcWhNZElMRjFzNXp3YUxPQVNxNw?oc=5
2026-03-09 03:00,Yahoo Finance,finance.yahoo.com,Assessing Super Micro Computer (SMCI) Valuation After A Strong Multi Year Run And Recent Share Price Weakness,https://news.google.com/rss/articles/CBMiiAFBVV95cUxPV1d4dkxwS2c3UEcwdDlxdGVzVmQ5d2tUV1F5T284TU4yc3RnTGxhVTktcVhfZEw4NXozTldfSGtpU1YzREhJbk5KdTFYaTBLb1J6eXQ4RXFNNm1US0gtdFVxRmFNU1pIWjBiRjBySExDVkVZZTNvWXhrREFldDlfazdNRnl3TWxr?oc=5
2026-03-10 03:00,Yahoo Finance,finance.yahoo.com,"Super Micro Computer, Inc. (SMCI) Expands Support for Sovereign Artificial Intelligence Platforms",https://news.google.com/rss/articles/CBMigAFBVV95cUxPM1pLWk9CYlMtTURLRUEyby1VdUVmejNJZFNYeWRabUpWbEFjZWo1SXF6R0FTaWxEaFI1QzE0TDBJZjZmTno3b2RxSGxfLU94VkNLT3UzWlprRTV4UnVrWGhESWF0djRWLXE1c2J4c3lZV2p3WjYtVWZ5MGZ6Ml9HWQ?oc=5
2026-03-10 03:00,Yahoo Finance,finance.yahoo.com,Super Micro Stock Plunges 49%: Buy the Dip or Stay Away?,https://news.google.com/rss/articles/CBMif0FVX3lxTFA0blNCOU16aDhiLTUwTHctWE5jQzJCbVhTR2oyZjVwUlJLU05OaEFuMjhSZmdoeXNHdzNYLWtQSEVHeldkMUh3bHhvN3JENnQ2OHMyeGk0eWs5MGlGSk9FRnR2OHVNWUxJS0pIc1g4cHJRaTRqRDhkMzE3N0MwTVU?oc=5
2026-03-11 03:00,Yahoo Finance,finance.yahoo.com,SGN Announces BlockchAIn Has Established a Collaboration with Supermicro for AI Data Center Hardware,https://news.google.com/rss/articles/CBMinAFBVV95cUxPZ1Z0VzhZbzY0d2Jzc1l2MW03Sm1QQ0RaYXRoU0dhRm04dDk4Zkt3MWVINE00M3NpWkdqcTQzMVRjemxIXzVhZmJTcE00ZnJrM3FTT29NeWlVdThKVEh5OWY3cUdXM19XTUE0MERZcjZ1OG1JMC1ONDZpRkh3UER2UmNOZEI1bXlwdnBhdW9NR0ZhUVA5emxPSV9fRlc?oc=5
2026-03-12 03:00,Yahoo Finance,finance.yahoo.com,Is It Time To Reassess Super Micro Computer (SMCI) After Recent Share Price Pullback?,https://news.google.com/rss/articles/CBMihwFBVV95cUxONUFaaXFFYlBGalVSekVJU3lfb0h0c0I2LVlkS2Z0bV9QUzdsZ0VDTkZpbU5uS1JicEdxVnZ1QmR2Tmg0NHNSaFBtVExSbHNiZnJ4NEtQanFGeGRnR3IwanFWY0Jhd2hDcnUydjUzSTRqemxONzBsanE5SUVEcy1YczBiX0ZlQzA?oc=5
2026-03-12 03:00,Yahoo Finance,finance.yahoo.com,What Makes Super Micro Computer (SMCI) Appear So Good,https://news.google.com/rss/articles/CBMigwFBVV95cUxNNTliWFd1WGxPRzFKemw5QzJ2T2VLSlFuZlhERnNqXzN2RmpjcDFEbG9zN2IzZ0pjazZ3eVdEcm1PSjBnYXZYRnlLWG1yaFR1YjcwdmhLeTJUSEVobWdleVEycHlzZGhfMHZhZjNwYzA2bHFsTlNDWFdwT3B6ZEktODdUYw?oc=5
2026-03-14 03:00,Yahoo Finance,finance.yahoo.com,Super Micro CEO: We’re at the Center of the AI Infrastructure Buildout,https://news.google.com/rss/articles/CBMie0FVX3lxTE9uR0ZKbEd3eTA5NkJfQ1R2TldMSDJYSHV4akVueFo1bHRQa2ZWeG9nMVRIeGtLMi00LWxyYmc1bG8zQzdDV1V6SEl2ZGIzUVRJZEZSYWdxamlGOGxRR0VOS3RmVGlLb3kya0hNZjlaN0hTMGRyUnk2NWdVUQ?oc=5
2026-03-16 03:00,Investing.com,investing.com,Supermicro unveils systems for NVIDIA Vera Rubin platform,https://news.google.com/rss/articles/CBMitAFBVV95cUxPYzhvWi1YX0FJOWNhR0RCeVF1Q0U5NExiOExfX0lfUmhjeWpuR3lPTGZqXzVMZ1h3ZDNQNHpHakhEa2pSWHpHVjlBTjl6NTdtY1BWbUVoeURXR25LR19UUG5HUDIwUjQyN2VSTFJ4UVBWOHZoc0djUnhiRlJHdDNYZE1ra19Xd3BlNDlnYjd4Y01RRWNuTUd2cnBhc0R6bFBONGwwMkNKUF9BZkU2Qk4yWkQ1LTM?oc=5
2026-03-16 03:00,Seeking Alpha,seekingalpha.com,Super Micro Stock Looks Like A Real Gift On Upcoming Business Stabilization (NASDAQ:SMCI),https://news.google.com/rss/articles/CBMitwFBVV95cUxObHZ0UVVfSG9yaTBCa3NGMWZzdUVkTHdDRlNYSC1oU0hvQkJBel93LU9VS1dscUJrUGg0WkttMFdIWkQxNGpQQlBrM1lYY1NBUTZBdXFqZ3Y4MU1GMmNRNkpiQXNqYjU5ZjlTM2RDbGRlUVZZZDRicHRZTHJYZ3Q1eGlseWxxYzFiZ20taGpQbVVkckxiMnA1aEtBTFBpNnAxbWxkSjhZNGVYd1VnOEVVS0FOdkhsenM?oc=5
2026-03-16 03:00,Yahoo Finance,finance.yahoo.com,Super Micro Computer Deepens AI Data Center Role With New Alliances,https://news.google.com/rss/articles/CBMigwFBVV95cUxNUWtCOHF6Tl9qOUpjeDhUMVJKMHJaUEtVMTlKeWpxdUhRZ0ZMUHpoeDJJQjJxa0o3eXhuYVB6ZjNwT2dxR3drdGYwZWhxTTZ0WHVTTDA2ZGZGbS0wMkx5bEt1WkZlNVVKamVpMGZiTHlQMHBDQlpId18tT1lKLWdnRGNGQQ?oc=5
2026-03-18 03:00,Yahoo Finance,finance.yahoo.com,Super Micro Computer (SMCI) Declines More Than Market: Some Information for Investors,https://news.google.com/rss/articles/CBMioAFBVV95cUxPY0lzZlNQejFSRW9Fb2lVUXUzeTZ1cnVtWXI4QXRHNVQ2djQxei11ZW5NRTM3RG1xRTItN21LN1FNUEUwaVFaVVhCd0V2T1FXX0cxZkhUcm5hdzc1eFlpVkJJUmdjaE9iMElMZDRNQVFfUUNpQnBJTjV2TGFhLWZEYlNvbHJvYWRVTW11VVptVEs4N1FEZUhtdVNfX3RMemw2?oc=5
2026-03-19 03:00,Benzinga,benzinga.com,DOJ Charges Spark 12% After-Hours Plunge In Super Micro Stock (SMCI) Over Alleged Illegal AI Exports To China,https://news.google.com/rss/articles/CBMi8AFBVV95cUxNQ0c3aUNXSTFodzZhZ0VCajhZT0pZS0daWjF4UWkzQ2lvemVHdTVxalFCUE1JTVFRbmFtdTJmak9tY0N5NjVSTXdmQmZWRElzMG9CeXNvTVQ0ejBjYThpQTZrck5SVU0zdmNTdklxRV93N1d5QlJQYk5zWGhRQzBhT0toU2tCWEh1ZkhkQUdXd2IxZUJZMFVoS2hkcjNYNzVrZ3B6dUN6RDFJM09XTF83Ykc1dmVSa3k3UGRqd1c5ODZvd2k0ZVI1YmdkQkQyN0F3cWpBMWMwNjVEamJrSDVPRDh1RTFuNTNma2hiNE1oUmE?oc=5
2026-03-19 03:00,CNBC,cnbc.com,Super Micro shares tank 33% after employees charged with smuggling Nvidia chips to China,https://news.google.com/rss/articles/CBMingFBVV95cUxNd2EwNHBwMjJ0dkFmMFctSDJHVjQ3NkdSRWJJNU44WGkwVlNnb25CQ01hcDV4QWlOcENyY0dwUEZXYk4wMXVKbWVtcmpQelMzS1p0VG1pc09JNnNqTWRxdldUc1lMek83VU1PTnBEWS0xMkJXNXNERVhxak9wNk9lbi1tbkRWN1RlQ0Z4czlRcXdyV196VXAyZVlzSFNxUdIBowFBVV95cUxPTEdWbkdtMGZ4TGVaR0wwMDZ0VUZ4bHNBSjhrNGZrR3dKSEd6MS01eUI2bGEzdGdCNmRHMU8yVUVxeXo2bVR4anR3c1ZBS1RhZ0xqRUdVYXktY28yc3M2Uk1MR1hkWWdreERxeXU0cmZ2RGRnd1ViQWhzMklQMS1GcjFBd2hXMlZZcURzZzk3TnpyR2FCNXJjQ2hmNXRNekRZNEhR?oc=5
2026-03-19 03:00,Fortune,fortune.com,Supermicro’s cofounder was just arrested for allegedly smuggling $2.5 billion in GPUs to China,https://news.google.com/rss/articles/CBMihgFBVV95cUxPMGtxRHd0a000WnVWZHY4UjJRY19rdWVWOTczUnNqcTdDd1BHMC1SYmk2V0xkMW13cXJCNjlUQjVGNFF2NDB3SHRreWsxTFVITzhTMFA5Vm5hRm95VjNZOGtpdnlTVmRTSFEwcjJxYjdNVW9ySXVsNzR0Z1Y0LUQ4dFZVZHJtUQ?oc=5
2026-03-19 03:00,The Motley Fool,fool.com,3 No-Brainer Stocks to Buy With $300 Right Now,https://news.google.com/rss/articles/CBMikgFBVV95cUxPbWVVaUJsTGdzVUdGeEg0ak81VlJrMGxDQ2xNb1o5aElvUWpyYThKTHprNlVySi0xeWZWVU1NX3hoS25BR1l0THB6LWdzVDAxTDE3WlM3NnJ0ZFRSYTI3b0NFTTBsSF9vWjhfb1dKTXpkSk45cGRJSVRoY0RZc2pfSlpwVGU0eTVqS2w4U3FieF9rQQ?oc=5
2026-03-19 03:00,Yahoo Finance,finance.yahoo.com,"Jim Cramer Says “You’re Not Buying SMCI, You’re Buying Dell”",https://news.google.com/rss/articles/CBMilgFBVV95cUxOcVlYTGZ3cXF4U2dER0Z2c2xTbmRqQWtZY0VDTFhyUDJYZExpMW96X2lSM2RFaEFnZzRyNjVzY2JzNkw1S29VNE1HeEN0djJMN3J0TmhHM0g0VEdENzktc2dNdWRnWlNSMGNIQnRLMVlackF2U3pKUFotdTJpWWdNaHFTTGJMQklJaGQyajhJSVhnZEV4X0E?oc=5
2026-03-20 03:00,Barron's,barrons.com,Dell Stock Is a Big Winner in the Super Micro Scandal. Why That May Be Overblown.,https://news.google.com/rss/articles/CBMiekFVX3lxTE5MbGlBakRYYW5JLWNyTlJXeDhmSklpT1NtUkpWS0xoYXVxdy1EUkhVOElnSUx2eUR0WUIxZUZQQ2dMb0ZNUWk1cUN1VDBfb0lVeTJtOUJWQlFTZ3d0bWZEX3Y0Yjd0SWRNUnp1OWRJOHF5OXduRFdta3pR?oc=5
2026-03-20 03:00,Barron's,barrons.com,Super Micro Stock Plunges After Co-Founder Arrest in China Chip Case. What to Know.,https://news.google.com/rss/articles/CBMiiAFBVV95cUxNbENjUTRIZDZkUG5HNmNtaS1YblUtVGVzZWJXaWdYMVdOVk5sZkpmamc2UVFiaUhBZlhxT1NrcUlPbEJwSlRQUmlSNm0zYmFQbGhaU3FEWVdxeWJwZGZTenJpX1NIN3pPa1owcEw2aHFLUHJwMy1zNnVYNTZwSDEtMUpCZ0ZCY2E1?oc=5
2026-03-20 03:00,Barron's,barrons.com,U.S. Markets Declined Friday; Super Micro Computer Posted Biggest Loss,https://news.google.com/rss/articles/CBMirwFBVV95cUxPSm9KcF9KOTc3S1dBQVhGXzVOOHQ1SjIzZW9VMXRzblBMSHVmck93OENkT2NKUGlsZUxidnYtOVgzdE1kdlB4dDJURWhaMW1qZjRnMGZoYWZpNzVNc0FJOUc0dWpCRllFT2o2X04xdGE0WnZHUmxnckthT3RkQkFhRmttMlFBYUpXdUFlM0NvWl9GXzRSWXhZdUZad2phZ2didjJKV2NqVWhDNWN0NmxF?oc=5
2026-03-20 03:00,Business Insider,businessinsider.com,Super Micro Computer stock crashes after arrest of cofounder over scheme to smuggle chip tech to China,https://news.google.com/rss/articles/CBMioAFBVV95cUxQTXBMcnVzclVxVlMzVHR4MVJ1b2JuN0lRaG14MmhSZ2Z1V2RuYzNSUnA3Mko3aDZjTjdldUs2UTM4aFlfa3p2M054MWdKNWtFWThNdkxaOTN3a3BNVlRZd1ZMeGhOeERxX2VUYnppdENfUHhXRVFtcFFJMUJkYWtJbl92OHMwOXhSOTJNbWJMeE5FOENHeEpYdmtZSzM2WGMt?oc=5
2026-03-20 03:00,Business Wire,businesswire.com,"SMCI Investors Have Opportunity to Join Super Micro Computer, Inc. Fraud Investigation with the Schall Law Firm",https://news.google.com/rss/articles/CBMi-wFBVV95cUxNZ19sT3dYRGxDMDJfNV9aWnI4WDRzeERBNDRFdi1TbUNTX0RHUUNMUUgwcG5FcmdSNHZHaGEtd0JuZG0tcU91NEttZnF0Y0pIWTlzQkRFVzQ1YmRSTFBaeXRNMXV3bEJrR1dFbG1BZEI3T1hEZjJ4b2lTZ3gxSjVqeVNUNndWX1dUYXByZUdQWUFJN0c0SWZoT09EdjVYdXFxZGMwanM4QTdIb2JSRVFGM05QTkRSRFFidGF3LUY2T0JDRHdLQTBwanY2NVVmS09sRHNYeDIySGlBdTRzVkliQjlmY0Z0c25WNG1ERnppVGc0RWo0eFA0WU1WWQ?oc=5
2026-03-20 03:00,CNBC,cnbc.com,Chart of the Day: Super Micro Computer,https://news.google.com/rss/articles/CBMihwFBVV95cUxNOUw0bWQtdnhtSzA3cEItNm1rQkxTdGFGRWhySjNnVS13eEdRQWFjX1VfQnNBOW9xSlRWQy1kRlVtOHIzRU50eElCNko3aEpPOHkzZFdwMUIyTWVSQ3lyTFJIamJ4UFhyQVA0U2xEU2UxbEZNTnVJSHZDeUJmcm0yMnZ4aDNZR1E?oc=5
2026-03-20 03:00,CNBC,cnbc.com,"Stocks making the biggest moves midday: SolarEdge Technologies, Super Micro Computer, FedEx & more",https://news.google.com/rss/articles/CBMikwFBVV95cUxQaHVhbk0xLTBEZzBlQzFRODZ2OUdzZVFhQnd4Q2dQMzgzZi1PaHdaX1pRaHlzQ2xRVW83a0cyZW5ZSjY0U2VOZC0xSUtFSEJ6Rll0QVFJX3UwUm9BN2hBOXZUZllVc1ZnTXRaWEFlZTQ0LURucnVLaC1fc3BWOVJoNUQyUnZhSXF2RkV1aFdVQ0d1cUk?oc=5
2026-03-20 03:00,CNBC,cnbc.com,Super Micro co-founder indicted on Nvidia smuggling charges leaves board,https://news.google.com/rss/articles/CBMifEFVX3lxTE1kM01TMy0xdHlrdjI5WGZkd3FOV1JvdU9aQlBQTjVrQzNfYXFaR3N0aVJXY0ZXbmhOZ1pRODNITFU0M0VFaUszV1JzRjBvbnpBYmtHOTBaT2pEVUVGQUJ5bS0tMlRtLWVUejNXczhodzFLMnJSMktwSm82NkHSAYIBQVVfeXFMT3RHZmh4Z2pSWkowcks1RFFrZlhwbWdCWGxMMzZRYWlkQnlZa1RiT3ZXQkNzWmpWcFFvX2FpRnpiOG5BaUU3eEtJWHF2UXFzSTZtY0pKa1hUbTB5N3dFLWhMQ096NVdNamxvOWMzRUpuQ3hvemRNY1BEVkYzR0w1cGpZUQ?oc=5
2026-03-20 03:00,Financial Times,ft.com,Supermicro drops 33% after co-founder charged with smuggling Nvidia chips to China,https://news.google.com/rss/articles/CBMihAFBVV95cUxQcnFqVUFYYzF6bi1YNWo3WnJ6anhKZ0F2eS05TnVPUHNUR3NieDFQRVVoeGxPYWhMTXJXRllmRkIxckF3UjdDTmdKelh2cFBpQXBtcjJCTEpNV2t1UkwzcUJIcnBfbE1YWmxLcVBCN2ZMYjRDVlhoRHdsa2R6RWpxeHRFM04?oc=5
2026-03-20 03:00,Forbes,forbes.com,Super Micro Plunges 25% After Co-Founder Charged In AI Chip Smuggling Scheme,https://news.google.com/rss/articles/CBMi2gFBVV95cUxQNkxqNkxpTnRHSjM2cDhjUUxaS1hYR3oyZnI0MEJVckdPX2RpQWltWW9VZUZrSW9SaExnSXM3YkNYbVBRTElDeEhocktuaktzdy14aGM4d2d5RE5CTE05OTBhaWt2ako1RklUeTFlNnpBYzBaWkZaZmZRay05YUlwb0VDdTMxUXhLWFExTXRkdERiQjBwMHNLTE5xRlVDVmEya3BiclNjaUpudVhtY2tnTUI0ZEhLNzh1dnUxRnotUmZudDdZZ2UzUFFGRnUzUm84aUw1QUZNamdrdw?oc=5
2026-03-20 03:00,GlobeNewswire,globenewswire.com,SMCI INVESTIGATION ALERT: Investigation Launched into Super,https://news.google.com/rss/articles/CBMi0gJBVV95cUxPdmN5WElqdlcxcWN4WEgyLWJRTEZYZVgzYTZlOXltZzlLRTJ6bHBmWUgwTnJ5VExyWllXTktLamduQXFaZnc1ZFRuZFZjaWx4cVQydlZkYTNsa01GcDJJdU5PdXlPX0t3WG5UeEYzMXhQZThwVjI4OGdSMXV2S09wc3N3LW03UXRmak5pVWc1TFFCR2FLYk9FWk9Xb01QQUQ3RGFjWloyVVgwZmhzdDdCOFZaamlfaHNHUlljRDM1WUk2ODBCOEFpc3NQMFJaQzBwQ04yMkFmV2dINkVtdTZzaG9ZQlRjSHA4MGs3dlFHZWc1Q2g3SzBOel91R2YzUlF6MTM3ZlAyYVdfbnRkQW9hcEhfcU14aDJFUWl3XzVvckZCVVdEWHRZQUF0dWdpSElOV09mX0hxcE8xQWo0RnU3Y3NNcFVyNkVkcEpyMXpxV185QQ?oc=5
2026-03-20 03:00,Investing.com,investing.com,Bernstein reiterates Super Micro Computer stock rating amid indictment,https://news.google.com/rss/articles/CBMiygFBVV95cUxOeVFfeXllZElZLTU1VTE1aFhHWUlOWTYxLTdoWDVFSWM2V1BKOGtzMTFEU080eVFjdFFud2dKclRWQ1dHYkU5bEdxX1NZajZEZHhxb2FaWVY5N2dWaVdQVHpEZnllR0t6N21TSFNjV093eEJ3WnJuUm1QeEsyb2Q4WHZCSFhkUUZQb0REa2ZDUXRILUs3eDdDSXJ0eUxXVXRCQ21aek5zd240bXNlZlowU1JkUE5kb0hsS3cwQXd6Q0FTNlAyOE5nazJB?oc=5
2026-03-20 03:00,Investing.com,investing.com,FedEx surges premarket; Super Micro Computer slides,https://news.google.com/rss/articles/CBMiqwFBVV95cUxNV01fcUVkZEVqekMwajdrQlRxQWpfemNSYVgtbGFyczZwdXhFZ09VVUNMNjJrcmhDRmRvV0tHMy1qQ2gwVHFqcE9LbmRjMFV5dmZjNlVreFdaUkIxaEI5Rmd1NU83ZGFTZm1WbkdhM1NwVWNtRjA3SEdteU51NjIwdldUOVpxUUtENzZpN0J2VnFBa2dHaFNrZTBmRFdBX2NEanA3MGNwRWNkQW8?oc=5
2026-03-20 03:00,Investor's Business Daily,investors.com,Stock Market Dives As U.S. Sends Marines To Iran; Supermicro Crashes On China AI Claims,https://news.google.com/rss/articles/CBMi6wFBVV95cUxOcXJIUUlycjJDYVk1RmVFdnVVZzYyMHR5NDdaLV9FeU1LclFuTkhQdEZhLVZjbFdkNDd1VXByVHBXWTlMT0hTLUl5dmZlcmc1N1paUWZrZGc3ZHdXR2YxOEdxMHlhRHhrN0tTamZrN0tkY1F2Y3M2ZEJrd0dFeUlxUjNqQTk4U1ZjamI0ZHN4cGUzWTVIOE1Oa05OMERRZ0pXYTBvNWFmaFNFcGtVMFVxb1dPWGFVOGJWR0NockhLd2xBRWkzVElXYmYyNVNHSF8xZG04RnV1Z0w4OFRNTmtxMVA2RW1BeXdFUjBn?oc=5
2026-03-20 03:00,MarketWatch,marketwatch.com,Super Micro’s stock sinks 33% after co-founder’s indictment. Here are Wall Street’s biggest questions.,https://news.google.com/rss/articles/CBMi0gFBVV95cUxPZ2lrX1hBNWlQSDJ3Sy14blJoUHN4WS0yQkN5UzhhcXJZTDRlOFktLXNFbzdGVEVxbFYyUGpFeWllNFNCbzVCYlRBRFlNUFhxdW5tN2FzdlpWbkpfOFU4bXByS251RWJCTWJ0RjZzcHVWTDJQODZjU3pLVXRvcVJ5V3U1azd0ZVlEdVdHMm9RTGNUNkFuZWhTNElqbEtUcXk1eG0tYXRRdGZjV0hFQjR1TnBBclpmZFUza0sycmEzbFhkaG9ROXp1ZF9YdnAxd2k5VlE?oc=5
2026-03-20 03:00,Reuters,reuters.com,"Latest 'bad look' at Super Micro Computer batters stock, investor says",https://news.google.com/rss/articles/CBMiZ0FVX3lxTE1oVFNuNnlpcHRudURzRGdrVXVYTHpIS2VwT29zMjFMc1d3MlNZWUswOGxCVEZnVi0weXM0VmVtTUphV1ZRcFpRcGxpcFVyNEFEdEJ0cGVxMzVXVm1OcEpXdllZekktNmc?oc=5
2026-03-20 03:00,Reuters,reuters.com,"Super Micro shares plunge as US charges co-founder, 2 more for smuggling AI chips to China",https://news.google.com/rss/articles/CBMizAFBVV95cUxQQVg0ZUQwR2ROSnN4SElJeG5LTTBqVUFvTzh5X0VtekNhNGlZRGc4N3Y5S1h0ekp5WmpCRTJjZjRVRUN4RERUekc2MGt6S1NRTTRKczVhNmlueDJuWHE0VFpnSGR3S1NUenBkeVV2dm4ySEJoQVljejlCTm94aVg4Y05kZUNJMUVwMWFZVUtCMG1UYzNOa3EzUXpRdjJQb0VRVGo4ajd6ZjR2Y3hnUDhObmU2cVphUkYwTFFtNjg1Qi1oRXFPYU5temVMVEs?oc=5
2026-03-20 03:00,Reuters,reuters.com,US charges 3 tied to Super Micro Computer with helping smuggle billions of dollars of AI chips to China,https://news.google.com/rss/articles/CBMipAFBVV95cUxPZEFLYkdreFlDTjNjdVdvUjdwRnA3eWtxa3hXZTdIMW1WQUJ3VXVNaDY1emJFTEd2cXVaLWlJWG50cklxYW1YdDRpSVRfWkJJVXlNS01EWmoxaWZVaURhNmN6akRIYWtaWVg0TDZnMVNqNUtWUXpmbDI0cFItUERPbmtTVzcwdGtUTi1yTHJfdFE1Ui1CUGlOb1ZNazV6SDh4OGhGNw?oc=5
2026-03-20 03:00,Seeking Alpha,seekingalpha.com,"Super Micro Computer Stock: In The Wake Of Smuggling Allegations, It's Time To Exit (Rating Downgrade)",https://news.google.com/rss/articles/CBMiuwFBVV95cUxPQzJTNm9MOHVrS2c3YTlYamR2MzBrd2NuRG5iNGhpMXdHbmRJbUR0YUZRaUtsMjdzNDY2TG1YTXV3b19MNnJMUHdDZDdXZXlSdnF0SU5obUNJaUVhWEppOVlhbl9ja2pEcVlIZUF5LXJtSFZfdmFNLWdkUmhjUktNdnc2cFpvLUZlRE1zRG9ueF9yRnFMY3pIanViR1dfMnBrVmhCcUhDaDNnM1hoQ3g0NjkzX0RrTDZKQ3Vr?oc=5
2026-03-20 03:00,Seeking Alpha,seekingalpha.com,"Super Micro Computer: Shares Fall Amid New Charges, Eyeing Fundamentals And Technicals",https://news.google.com/rss/articles/CBMiwwFBVV95cUxOWjZkYVNsbHdLeVBXM04yLVBxR0lxVjI4RllUaTEwRzRuVVFXeGFXLUxqUjlGdjhFQUh0TTlPVVhuOFdVa1hndV9NZWkyU3lHMG9LSndXOGxqZF9wR2FtcDY5RFpmNzZqa1NKSmU0aFRGYWsxeG5lYkd4NDdINEtDR1VsQTRiY2lpTWpRV2tycHAwemp5N1QzZlpZT01aN2JoUnpLQUczMnU0SlVTVVpIUnhDYW83eVBhLWdUeDV2TUpzMTg?oc=5
2026-03-20 03:00,Seeking Alpha,seekingalpha.com,Super Micro: From Undervalued To Uninvestable (NASDAQ:SMCI),https://news.google.com/rss/articles/CBMijgFBVV95cUxNR2hTY2xycVRjZmJRTGVUZDJMbUlYb3VhLWpSTHdtblY4aHB3bjJJSnpCR3JhTTZXTkdlZkxGb1lFbmRBaWNBV3U1Nkw0dTRmNEd3ZXByeTMtS25hZkY2R2RKY2NVWjUzSjlvc3BHeVRIWmFFelRYT3RqYmlFalZMUWlST3J4Vm5vNC0wamt3?oc=5
2026-03-20 03:00,Seeking Alpha,seekingalpha.com,Super Micro: Third Time Is Not The Charm (Rating Downgrade) (NASDAQ:SMCI),https://news.google.com/rss/articles/CBMingFBVV95cUxQLUpRbnpTM0pJcHBCRUF1Z0pOUGFKOEltUi0zR0pvVmR5d3FaR3EydWlLem5GR3FkdnFLYzRiakotWFJJMVJBcXVoaURfRTFqRWNJUC11S0tmdTJva0JDUVBicFVIZ3JaQVg3dkhSbDJMSzBWNHdwOG5wYjRnMjlSa293U0Y0SUI3OERZMWU4LVBHaG1uMnRVLUF6ellDQQ?oc=5
2026-03-20 03:00,The Motley Fool,fool.com,"Super Micro Has Now Faced SEC Probes, Accounting Scandals, and Smuggling Charges -- Can This AI Stock Survive in 2026?",https://news.google.com/rss/articles/CBMimAFBVV95cUxOWThTTkNOLVdBeE1LWUtYSDJVS0NYVFZJZ3UwWWpHWUt6cjlPeXVUWWNxbUFuZDFnby1HMUpScFllRmt1YWtrMk41bE5OUVJqd05wOUpubVJNMDlmTjJwY0VBalowdmx1WC1NNEdubjRXZ25lT1dPUUdvdzhLTHFlckFsYTN1cEZ4V0dTT1p1NUJiTURRTTd1ZQ?oc=5
2026-03-20 03:00,The Motley Fool,fool.com,The Latest Super Micro Computer Scandal Sinks the Stock. Is This a Buying Opportunity or Should Investors Stay Away?,https://news.google.com/rss/articles/CBMilwFBVV95cUxQdDI5ZjRha2NvbXZZY1ZWbTBIUUNZaXdHTlNIUUYzMmlSX2lkZ2FHUnVEYkFrNE5GMTd2b3JZcDE3X3ZQWTA4bE1weHIzVVhLSC0zQ1FpODBKLThSaXlDUlFrYlRXQWpHQ2dZLXA5a1FYOVdSYnVodjZmX2pOYXNWOWxkZjZ1VUJZb2NaTTFEMXFHTXVqNEJn?oc=5
2026-03-20 03:00,The Motley Fool,fool.com,Why Dell Technologies Stock Just Jumped,https://news.google.com/rss/articles/CBMiigFBVV95cUxNUFotOXloUnVyWXFiQUNOME41ZzdQSTNsTklXMnR2bF9tOXZMRWhpdllvX3JyWW9TNVpaazBiYzR5bExFYmpDT3Z6RmRMTWNEcVB2NjlnOFJLMVV4WHF0emp3WDc5YXp5cUhEMzRQZ2p3VFNHRnlRT0FYOHBpYXdBMmJqd0pweHZaOHc?oc=5
2026-03-20 03:00,The Motley Fool,fool.com,Why Shares of Super Micro Computer Stock Collapsed This Week,https://news.google.com/rss/articles/CBMimAFBVV95cUxPM2dJcFRfWnpvMmNncEY4QTBXZlJGaExuUG9ZTEUxWkNJUEFJRmxPSkRMcVk1VC03YzZfcWVROWVya3ZLd2M2UDQycy1aLVpQZzFFVDYxcXR5M1hJTllYUm1Fdm1PV0pfaWlocXdvVDN5TGsxRDBBTWlNNkxaNkFTTkd1OC12RTlyVEdQbmhMbV9NSHNjOVprVA?oc=5
2026-03-20 03:00,The Motley Fool,fool.com,Why Super Miro Computer Stock Is Plummeting Today,https://news.google.com/rss/articles/CBMilwFBVV95cUxNcUZfLUdSYW5oZUxoYjh3NG8zT2hBMFlMU2hhcHhOMkR1TXlENDNYQnE5azc3SXBBZVJuLVdUOHMyb2RoRGxTMV9hS09LTWdwMTJTLXFmTUg5elV1LWJtbmFqZnZRSjVham5fOHFISTNtd01zU3d4aDlISjl4TWU1TVpmYWVrbHNkaGpaTVlBakh6dnBMandn?oc=5
2026-03-20 03:00,Yahoo Finance,finance.yahoo.com,Dell Stock Is Rising. Trouble at Super Micro Could Boost Demand,https://news.google.com/rss/articles/CBMinAFBVV95cUxNd3Z1WTJDWlZkTWdwdmdnWmVONWRISWM4UFd5QlYzdk02akNqY214b1prbV84a3c3dEd1bWpCaUtTU1ZxbXN5cnc4aGhLYXFKajVJMkxMZFpyMjFndU1nb1hIbHI2cGh2NDlJenZMMGk1TnZYUF9yY2NvejBqcVR5NldjYmdrLWVhNWVocjBKUHk0WnVhTjMwN3VTRmw?oc=5
2026-03-20 03:00,Yahoo Finance,finance.yahoo.com,Super Micro Computer Stock is Set for Its Worst Day Since 2024 on Nvidia Smuggling Charges,https://news.google.com/rss/articles/CBMimwFBVV95cUxOM21STFlwclJFdXBqYWdPU0E1UFN5a2RBS2Nhb25Eb3BkTzdfZ0h3SjJsNVpNRkhBR29qYmZMRkotTC1QOGZuNlRPLU42TC1naXk2STA2UkZNVVNPU2xBWk1EOHVvQmh3SkY0SFJ5ZVo1NXdpQnlkSlprTEJpdEE1QktFcFpYQkRrOHVEaDR3OWJFa1YzYWptamZ2VQ?oc=5
2026-03-20 03:00,Yahoo Finance,finance.yahoo.com,Supermicro stock plunges 33% after US charges co-founder with conspiracy to smuggle Nvidia chips to China,https://news.google.com/rss/articles/CBMi5AFBVV95cUxQWEVxMDdsc3VyV3ZoSERtLVh0YUpLM1Q4Y3ZhN1RidmVjOExLbExva0xHQnVtTlJMeHBDQ2hiNThlN29yUWZjbWFnSGlyVmNkcWdOdlhld3V0RGNneGdIQ1JaTWVCcjVZNklaemNzV1J6M19rUHZ3MmsyY1hZb1JiSm9NcmRBUHNsVGJVUll0bVRMQW4zSTlUa0VubGFOQmwyR2wwSzRLNWNZN1hHeVk4UmNoYkMxb3BxUzlGWlFISXZXMjdiY1U2dENlZlNuc0NvRjZkREF4OFIwRzdvTnd0cWk0Szc?oc=5
2026-03-21 03:00,Benzinga,benzinga.com,Super Micro Co-Founder Exits Board As Nvidia Chip Smuggling Indictment Batters Stock,https://news.google.com/rss/articles/CBMi2AFBVV95cUxPdHNtX0lVNVFkTWVrS3k1RDRyQlZ0TkYxdnhpOGF6Rlc0blNpdjJJU2FVUUhxSDdWczZXajFITDQwX2pqeUpVTTdoUWNSNVp5S2xFbmI0WUNFNXJOOHI0dndyU2J4SEo2elI4eUR0TTdlNUlLbllxLWJmU3E4eTdlaU5ud0sxa0VndGEzZFAwZFhYNHNJNTJNQWdBajlNNTVYRnRzQXotWGZlNDBPOWlxVWt1dG94TnBpT0NsTlZ3VFM3YU1mNzJub3JzZmhyVmNzQlY3b09HQ3k?oc=5
2026-03-21 03:00,Benzinga,benzinga.com,"Super Micro Computer, Micron Technology And More: 5 Stocks Investors Couldn't Stop Buzzing About This Week",https://news.google.com/rss/articles/CBMi8gFBVV95cUxQNXFmRDN4dGZQTzVWOVhXcFRUcTZKWFJueHUyOXMtcE94bjRhOWcyTlRZM2hzMHZCWGprTmVaQ0sweUpqTjRTVXZ4cXViSXZ1N3QwUngtcXhRMkdzdGRhdWRSWm4tb1hYQlNveThMTm9RVVlqbjQ5Qi1JYzNzem1CRFIzUklCRGFETlFhXzdySGJfOGV1OHpPRktEWW1uTVZ3anZGUkVxcTF3a2EwS0kweFZZcTE5TzdFYUFocEViTUhuTVBXWmhiZW5lWVZ1TkprZXJjQW5jOUU2eWJMVWFkdC1wRmpJNndlUk5wNVBxNXhoZw?oc=5
2026-03-21 03:00,Business Wire,businesswire.com,"Rosen Law Firm Encourages Super Micro Computer, Inc. Investors to Inquire About Securities Class Action Investigation – SMCI",https://news.google.com/rss/articles/CBMiigJBVV95cUxQRlY3Y1pTdm9ETFQ0OGxQbG1hT3hVM0JiTXVsajV1NHNhN2NjakNVcmNnLXg1TkZkXy1KcF9hSlBZa053X3lkeU5VLTA2bkxIbzAyQUVscUk5aFUtRDg5TE9kRzA4Rmp6T01ZVWZ4a1lFMmZteVlhNHE2MXBGZnMxZnV4czdoVERtOTBNYmowZXltX0xCamRUaU9tVUJDWHdxSk16dkNrbDhNUnZWZ2ZEVk9CSDlvLVpBamJlczdaTDNXVUFKSllvUjhFZnY5Q3EtelZQWVRSaE5HXzQzZjBHazdTMVdsM1ppbWpKRVVfOUMxMUJXX2FlY0licEVObWJINTJoTUs0SE1ZQQ?oc=5
2026-03-21 03:00,Seeking Alpha,seekingalpha.com,Super Micro: Another Perfect Storm (NASDAQ:SMCI),https://news.google.com/rss/articles/CBMif0FVX3lxTE5Ebk15ZUEzckZBWFNIc2xpbVlYZGZvbzNIMWt2bUd2Rk8wM0VXdjRxRTlhaF96VGhjTUlQb0ZvUzVCZWpiSndwTWlBS1RLRC10VFByNkxTVjhXQi1YLTZIMVJpc0JrWE5DeDcwdDRtX0txRncwZ2l4MldhRkdqOFk?oc=5
2026-03-21 03:00,Yahoo Finance,finance.yahoo.com,Is Dell Stock the Big Winner After Super Micro’s Stunning Implosion?,https://news.google.com/rss/articles/CBMilwFBVV95cUxQeVUyUHNkLXA1QmdCdDktT1ExXy1FYUUzU3JsOS10T0pZTjJpd0JEOFRWdGFBOExLbEpjaUFVTGowZE5GSVBRUXMwc01hSUxQZTdodjlCTmJ0ZEpVOWRmRnhHbU5vVWh6TXRCaEhJZ0ZsczdhVXdKQjFYamtYVkxCSVJEZmZ5QkNFbUg2TlNnM3JUdzl3QkJJ?oc=5
2026-03-21 03:00,Yahoo Finance,finance.yahoo.com,SuperMicro (SMCI) Nosedives 33% on Co-Founder Arrest,https://news.google.com/rss/articles/CBMinAFBVV95cUxQTmpKY3ljd1dyNnZmMl9QS1RmZzh4RDY0Mm1jMkJiUTZScDY1blNGRmdwQU5JMXhCZ3AwU1ZpNlduVXpnS1JNRHY1ZFRGMGRFVXJEOFd6WTFoekNzTm5wY3ZaOTdzazRPcnZ3X29Vcks2R1VqQm5zcXA1M1NHT19XX0ZTcXlFa3ZYTFVaWlFsY0dlQmlyd0RyVjJFU18?oc=5
2026-03-22 03:00,Seeking Alpha,seekingalpha.com,Super Micro: Ignore Bad Optics (NASDAQ:SMCI),https://news.google.com/rss/articles/CBMiekFVX3lxTE9NRlNyUXFIb250bGRrQVh0aTlEb0tWaEF5eVNIalJsczFVdS1GNDB3X1NXQW5oUjBOSU1UZzFneGlkbTBzRGVVNlo0eHc1dFRxQUstMTZRT1phYmRzekJrelFTSGRvYzhyVHQ0ZzdjbDZ6MDN0RjZtN21n?oc=5
2026-03-23 03:00,Barron's,barrons.com,Super Micro Stock Rises After Plunge. Why This Analyst Is Backing a Sustained Rally.,https://news.google.com/rss/articles/CBMiekFVX3lxTE1zZzVOOTRsWTI3cmhLTVlFS2FlVnd1TkVIQjNHSjdaamtCem9adjhRVGduaXNPQWVHcm4tMGJTajJRSUlHLTBLOFVwc2lLbWNfVWRuYUR6TkVWMzMtSnk3R0pLOVQ3MkI2VWdocnMwZ1ExLUlKSFB1TnFn?oc=5
2026-03-23 03:00,Fortune,fortune.com,"Supermicro—accused of smuggling $2.5 billion in Nvidia chips and servers to China—has been here before, with Iran",https://news.google.com/rss/articles/CBMiekFVX3lxTFBUVlN4QUVUODZRQkNBQVAwOHNfX0JLQXc0eHhVLU01Uy1TaWpuQXdjam9ZSGRnZGdxaGdnTjVzcHh0YzFOcjBjUFY4NXpMbUJYVDBEcTY0bHRZblFCSm4yR0ZRbUxJU2MxQ213aGxPV3ZyS3RPODZZSVZ3?oc=5
2026-03-23 03:00,Investing.com,investing.com,BofA cuts Super Micro Computer stock price target on export probe,https://news.google.com/rss/articles/CBMiwwFBVV95cUxOLUNQU2pEU2FFdHpqTG5jcGVFNmhnVER4OU1yak9XUzljVmU4bDYyU1llOVNvUVFRYUdab0FsYU0tUENHVE81eTJiNTVaa1lZa0Z6OEE1ZTRZM2FfdHVLUGpwUDRPaF9aOHpNbVdKcGhMNHZOX0RYbVVJNjFqdkdjRGRHbEJjVDVmeFRqeXVGX2FadF9JV085TjdrbHVJTTlHak9ZQUhGSWFkY0dxMWZMRXp1SlktRzhVcWRia1pvODFFNDg?oc=5
2026-03-23 03:00,MarketWatch,marketwatch.com,"Super Micro’s stock rises, but an analyst warns that ‘flattish’ growth may lie ahead after co-founder’s indictment",https://news.google.com/rss/articles/CBMi4wFBVV95cUxQN2RlTXhiZFBEX1BHMExONFFXcHRBZ3BkZkZWQUdia2xsR1hPVVZnQUxTN1ZGOEZITXhJYXlTTjZ4anJjMGFLMmtIWW0wNFRMTml4NHNyaXFjTmVFdEZYS040YXk2ZlYwcHdTOTJpRDNNek5rZWMzMFpTTkFkRXpqWFRDRjFXVHJQSkEwTEZDX292LWRwZlZ5a0VwdUVkdlpWWkxwNFhxWVZtMTNkenhJaDZ5RkZxUkFNZlVrSkVFOFNWRXR3VmF5c0hxWm1zLUNwRUZveGJ4c1Nnb29jT01GQjZzUQ?oc=5
2026-03-23 03:00,Seeking Alpha,seekingalpha.com,Super Micro Gifts Dell A Generational Opportunity (NASDAQ:SMCI),https://news.google.com/rss/articles/CBMilAFBVV95cUxONnB6Ym5falZNREV0Zk1pWnFPZzZwVG42N1FsWGZHT1hQVHdSN0NaM3hWX3dPY2lxZDIwZndWVkU2OUZGWHljakYyYXAwNUd4dVNMV0F3X2s0bDBvRm4wV2dWSEJVZkFDd2hXODRCWFFZUDBHQ25kSTZWZWc3VnRyaHJ3U19WRVpNRGZodUtYVGo2Qlhj?oc=5
2026-03-23 03:00,Seeking Alpha,seekingalpha.com,Super Micro: The Market's Faith Is Now Severely Eroded (Downgrade) (NASDAQ:SMCI),https://news.google.com/rss/articles/CBMipgFBVV95cUxPbnEwb2lFM0JUdG1fZ05Jb2pKalF2WWRTWEJmSkJ1ajA1THZVRjBHcnVtOEpyYVZjZC1KSUNDQmxPUHk2MkRaSVAyY0Jia1N3bXcwdDF2Z3NWRDhUeHRXcWJxSlYzLUN6aFhtS1FYWUNnRjJFRmoydW1TcDNZdkdWMVI3aTdwYzFuV3hpd2xhWGl0eGJtaFBRRFMzM3lHNVk5X1UtY3ZR?oc=5
2026-03-23 03:00,The Motley Fool,fool.com,"Why Is Super Micro Stock Crashing, and is it a Generational Buying Opportunity?",https://news.google.com/rss/articles/CBMimAFBVV95cUxOOWdCSGpTT09taGI2YmprV1dzb0RBWWIyMWV4S2swQVRfdHRETTB5STU2STBSVnB5NWE1cWZpNE1qZ3gxUmdXaFlfMFN1anB2d2wtMmVjejh4ZFZ3VFZuRk02VGxRTmpvQTlxNU5jZ3dPQkFKZTM1MUV2TDV4d3gzTXREU1F2a0JkRUthNkFSaU9JMzctb2pHNg?oc=5
2026-03-23 03:00,Yahoo Finance,finance.yahoo.com,Assessing Super Micro Computer (SMCI) Valuation After A Sharp Pullback In Recent Trading,https://news.google.com/rss/articles/CBMiogFBVV95cUxNU1haeTdGaDJiSWIyY1ZjVVdoSEZ3anlLcnpYWE9haDBTNUswTDdiTTFmeXF2b2NnNDhPMkVrc0xzUUY1VHZWRHlKMVlUV3JVM1I2TjJHYzQwcUdIekM3UUdFaEV2VWRqOVB1Rnp0QTBLZGk3eVRwWWRCWkd3akg3dGFrOXFQclNaTC1mcUtVTjktTnhhZnZLb2daUmtTYXg0S3c?oc=5
2026-03-23 03:00,Yahoo Finance,finance.yahoo.com,SMCI Plunges 33%: Smart Buy or a High-Risk Bet?,https://news.google.com/rss/articles/CBMilAFBVV95cUxNdWlIcWpqXzJ6dVM4bnlZSTlibGpVcUYzMWpBbTRMVmJoQ24yb3F3SXVLTzJCSzljbzFUMDB5WHhWejBDY2hkN3JSOHN6UThOemF1YkFDNTJ0bk5qOW0wN0l0eC0xdVpQel9LdkZsTUo2ZVp1clhUVUlLUi1WQzBqN1FUV3VhLXFEX3pGdFZQVV9XWnp2?oc=5
2026-03-23 03:00,Yahoo Finance,finance.yahoo.com,Super Micro Computer Jumps 5% Monday: What the Federal Charges Mean for SMCI Investors,https://news.google.com/rss/articles/CBMimAFBVV95cUxNNnplSXpTSUZzVExITFk4VVRPWXBUWjdFLUdaTFd0UnNXR3I2aTRmTHRhVHdEUFVvbUh6UFgyRVh6Slc5czkzaDJvTnR1TkRUcmwwSDNsVTZtcTBfR2N3c0NBRlBQdVh4UFVVQnpKbVBBbkNZZnktM05YSzJncjYyNmFxM0d3SEFpenBEWkU0SUdfQWxVZlVMeQ?oc=5
2026-03-23 03:00,Zacks,zacks.com,Super Micro Computer: More Issues Arise,https://news.google.com/rss/articles/CBMihgFBVV95cUxNTzhBei1RYmQ2dDN4eWlOdlJXOE0zeEdBVVdadURyaXFPR0RkTkdsdkNJd1RlbUVSWU1PRS15SzdIR3hWQ3NZX05hRDNEa2VpRUVfamZmYzhqNkVPTk8yVWdNdDZJQTNLZzAzeGg4bEtzTGtibHR0T052dkN5ZldnUHJnU0I2QQ?oc=5
2026-03-24 03:00,Barron's,barrons.com,"Why Super Micro Stock Just Had Its Its Price Target Slashed, and Why It’s Gaining",https://news.google.com/rss/articles/CBMikwFBVV95cUxNbmJOUlVmZXhfRHFZajYzSUoxVWMyVUJpWTJuY3U5eEFoSzY4UmJoX3U2c3cyWmJlVmFQa01aTGdOY0hWR1ZDaHREdEpvd09xa0drZjBzazFxbF9USG90R1hXMlcyeDZhMU9YdVNvb3JCbWtuWld2N0JGbFhOWGlnM3AzMi1uZ1BtX0RPT3Q1a0hDcnc?oc=5
2026-03-24 03:00,PR Newswire,prnewswire.com,"SMCI INVESTIGATION ALERT: Investigation Launched into Super Micro Computer, Inc., Attorneys Encourage Investors and Potential Witnesses to Contact Law Firm",https://news.google.com/rss/articles/CBMisAJBVV95cUxQMzZ1VGp1QjUyMUJfdUd2OWwtTi1OVzNkNjRtNXVnSmxpSmlQeEJOY1FPY1dpX3BnLUFPUjBWOXF0ZU83NGVUVzZ6VkQwWTZMM19rLVVlLXhGaURiVWN2SEVKZ29hSVVxY3lnSXN4SENHUUM2M3pKMkRmVDlDQUF0aS1jT3BGTXlXUkpaeGVNdk1vdlBqRzBUXzNvZzRvZ2JNMC1TcWRJNkhKUGliR25hZWpuQVB2NENicnZxLTQyMHZNWU8zZ0ZkVTUzdXlBcHRsOEdEbktUNlN6dVZPSlRzU1hfVDFMeVZJVGswZ0F0a1NpUDREZGZ3cy02c2R2cEh4UHl0RXZCWmd3RUUzN3ZRRWd1bHFHbzJJd3lQdGhpVm9HUU52Q3BEVF8tT2FCa2dI?oc=5
2026-03-24 03:00,Seeking Alpha,seekingalpha.com,Not All Hope Is Lost: Maintaining Super Micro Computer With A Strong Buy (NASDAQ:SMCI),https://news.google.com/rss/articles/CBMisgFBVV95cUxPNFVRSHhQR0hRRURTZzg5eVA1V2VRRWhvM21rWTZ5VllMS3Y5amgwaloweTVnVjZVbXBDTHJQRkJ3NFJaVmpLNkZDOGg3Q0M2RXlRLUEwNDlRQ3B5VmlLZmtPOW5tNnF5X012ZDRkaEtnaElBZ1Z6NDlubU1pTUg1eXlZNU5PcVlxWnFWTkp5OHk0VzY3VTkyTHZfX3h1UGZUdDBOOC1Dck8wT0tlbjg3ck9B?oc=5
2026-03-24 03:00,Seeking Alpha,seekingalpha.com,"SA analyst upgrades/downgrades: TSLA, SMCI, NVS, KLAC",https://news.google.com/rss/articles/CBMikAFBVV95cUxQTDNPb2lBWWtkU1BFMkJVME1XZV9KVWY1Z2E1VFdyQ0w4ZFlIRjhQWktaM2YtNHBvYVZzZ21YaEZmd2pabEtueks2Mm9OSUw0d0l2NUN6MHo5R3kzaG9Tc2lNSHNMcXdIaEo2Uk9SNFh4bFZhR1pHWE44eFBvWEt5YURXOFNDbTR4MTA5RjVlQzM?oc=5
2026-03-24 03:00,Seeking Alpha,seekingalpha.com,Super Micro: Here We Go Again (NASDAQ:SMCI),https://news.google.com/rss/articles/CBMieEFVX3lxTE90TDdzdDJlY1V5V3JCQlZZU1B0Z0dEUC10V3VzaFlYVmpGaVExMlhhYW8zWGRLNmktUWs0ZXJjdENvS01TS2dZbmdLZ0FYZDA0UDFreUE2d2s1TGltMWRXbjduX3RwSkk0NkszZmU1OVNVd2xHOE9zWg?oc=5
2026-03-24 03:00,Yahoo Finance,finance.yahoo.com,Citi Is the Latest Bank to Sour On Super Micro Computer Stock,https://news.google.com/rss/articles/CBMilwFBVV95cUxOa3EyMkV1NF9ldTFEalZ0aDJ3NkpYZTBORXFFZVNqTVF6MHFMbTU0cWJOQUVrS1UxVE1ldl9zREVaell6Ym9EMVA5Z3RYZWZGT21mNTRGdmRiR3pGRDA4Qk9neDRQb0NxR3ZpWXZCMDM5ZHhCbGtnZ1c5ZFJJNEtPRFR4c1JaMG9ubWtvS2N2V0tYVXZZRTRJ?oc=5
2026-03-24 03:00,Yahoo Finance,finance.yahoo.com,"Stock Market Today, March 24: Super Micro Computer Rises Despite Regulatory Scrutiny and Analyst Downgrades",https://news.google.com/rss/articles/CBMilwFBVV95cUxNb3VxNFV1RC02SVc5a2pwNm5mM21qcG5xaXhuN1ZuQmRwRmJQTjZoejNOR0xtdmJaaS1WRXpsMUFpNnFPdHBRTV9fZG9JZXBpRUs0NldmUTVwekYyYl9DWUFnX1FRbXdmN2VKdi1TRW5tbF9NdDJicWRmR3JIMXp0SjZidGt3LUVSQ3lmR1lNRGRYVU9TWVBF?oc=5
2026-03-25 03:00,Business Wire,businesswire.com,"Super Micro Computer, Inc. Notice of May 26, 2026 Application Deadline for Class Action Lawsuit - Contact Lewis Kahn, Esq. at Kahn Swick & Foti, LLC, Before Application Deadline",https://news.google.com/rss/articles/CBMiywJBVV95cUxNWGpxNVJpVWxCOWNkYVdoN1lnQm5KYjlaSHVUdWVzZUcwRkFtSkMyZHAyRkZJZkpRVUotbDN4TGlIRzRXTGJaSk5iVFFidWFjRXF6eVNxSWdaMDhYNThuemVJNmEtUmdra3hPbml5UjZMaDJGMHFOV21qU2RtWWFUWmM4alQ2ZnphVnNmcnA5dk1JaS1Nc095enQ0MkZiTlo3dDEySFJCdUZKMDg5SDlGRXFUQk1vanF4dkdpUkd2eW5LMWtORW5RQmE5bnZjTHRJcGpORF9NZkUycjNPczJCZE5rMXB1bHFUNTlzVFhRRmVxX2d2T2xDaF9iTGtyT2xPNjZhckZ3VmpkQXAyUFJqZVVsUVYwekdjNGRzRExUOFNBNW5OYkJPZFN5Qk5UbTVIcjYteU1zTE1TLURHZ3lCaDM5RFgzeGZFVnpR?oc=5
2026-03-25 03:00,Seeking Alpha,seekingalpha.com,"Super Micro: Cheap For A Reason, And Not Cheap Enough (NASDAQ:SMCI)",https://news.google.com/rss/articles/CBMilwFBVV95cUxPQkh1QXBjY3RmN1o5V1FEWjV0a0JFN3lRT3gwdFZJNHFLRlNfdEVEVUZOV0E0M0phbHE5SmxLSzlDOG94NnVzdmlJcUJ4d3VFcnk3OEU3RTFqcmpKT1FkLVpPWmhKcFFnOTZBSE0tMXJST2pXSEZqbEdrS1hGREJhRzNQbnRPR1pOdmZyRGV1SExCV2hBRTI4?oc=5
2026-03-25 03:00,Seeking Alpha,seekingalpha.com,Too Many AI Winners To Settle For Super Micro Computer (NASDAQ:SMCI),https://news.google.com/rss/articles/CBMimwFBVV95cUxQX1Y1TEhkTWlVMzRIbkI0NWhUcUppUTlNTXROMnBBWGRhSVFvc2lUaUdvTHJCVldaOGZ2d1czU0M4bFhBS3Y0azNiNDlMUGQ1cXlPZk5uMVRNeHlERmZ6S3FkS2tqSVNYSGE1ZXZ5X1FsVmlEQVB1QWxNeHlpTUk2NVdjQTJwSGJ6S3JHaE9ka0xjV1d3SEduVzdibw?oc=5
2026-03-25 03:00,The Motley Fool,fool.com,Can Super Micro Computer Recover From Its Latest Disaster?,https://news.google.com/rss/articles/CBMimAFBVV95cUxQMWk0M3VuRGgtMjRhQTB5eldjYmhHOWlKZzB1ejlUQUpWQ0FHRVdXNlpFdVZMbXpEbS1NdmtVNEctc3FmM01vb3hFVmRfWlFrRlM2X1BvQUFZVG5jYUVoc2tCeWtjQ05zbUJrX0tqQnVXN2lVRDV5MjNBT05WWFYyZzFON09lOWNXZHR3Y1h5VFJPSUQzd21pVA?oc=5
2026-03-25 03:00,The Motley Fool,fool.com,Could Supermicro's Latest Crisis Create a Buying Opportunity in 2026? Here's What the Evidence Says,https://news.google.com/rss/articles/CBMimAFBVV95cUxQcVZTMGFtZ0VmRjYxNXBrRlBCUU9ZWkVyZXJJMWtRdzdYQ3R6WHg0VGt1bGdHdkdzcnVzcjJSMUl5U3IzMVFZVVVTa1Fpa21UT29XR2NFS01fRXdMb1E4ZWM5cHYteld0NG9LczkwYjZUbm1jQlV0YjR1LTdBeFZkTUZkOVFkYk4teFpfTGg3aHVGVEVXTXFubQ?oc=5
2026-03-25 03:00,The Motley Fool,fool.com,Super Micro Computer Stock Sinks on Smuggling Scandal. Is the Market Overreacting?,https://news.google.com/rss/articles/CBMimAFBVV95cUxNRm4zcU1paEpzekpUU0loTFVhVTRnRC1iRW91X0ctYWU1Ym5nRlRndDF1QW5jdDcydWhzWHpqQUtHV1ctcFlUakx5bmlkeTB4elFaWXRva3JhMXd5Rmp5V0I2S2dXYWZSQVQ5QjRXQUI3dTVleVN2YWwydm5XazBpakg2bXZyU2M2WU1tRGxSZGlmZkhVRjdkag?oc=5
2026-03-25 03:00,The Motley Fool,fool.com,Why the Supermicro Smuggling Case Should Concern Every AI Investor in 2026,https://news.google.com/rss/articles/CBMilgFBVV95cUxOd3JwVXV3SnQ2VzR2Y0VSb0ZfNUtTaHIyYkpKTnNyWmJxSHlab1ZwRENxdXZUOUpFNFpxSUVqazVIN3d6aGtZZWZkZHF0U0FiOHdHRHp0R2RicmZ4QWJ2WE9qQmRXVTQzOVVsSGdJRG9Sb29LbUk3Vl9ndWVPR0UxZEs5OEoyREVzZU1RU1ZEN1ExR2h4MXc?oc=5
2026-03-25 03:00,Yahoo Finance,finance.yahoo.com,"Super Micro sued by shareholders over China-related criminal case against co-founder, others",https://news.google.com/rss/articles/CBMioAFBVV95cUxNeVR6Z052Zmx5TVVWUXVFSld6cmxvcGcyWmdIZ3dvMk02RzhTZ0Njc2JOcWVDMFBtR0ktV3c1eUtETEh6WWIxd0ZJNjEtVmU1dnlQaDhLVl9kVTJ3WkdNOGpoREg3MFFzMjhvd3Z2NUM0djdoYldtV2tXMjNpSGdlWEVuX09xWVhxSFQ2UW9Ud2JSQXRIOG1iX1liVjkxU1Ff?oc=5
2026-03-25 03:00,Yahoo Finance,finance.yahoo.com,Why Super Micro Computer (SMCI) Is Down 29.5% After Indictment Over Alleged China AI Server Exports And What's Next,https://news.google.com/rss/articles/CBMimgFBVV95cUxPVGc5Nm5MOVFMck5YRGpWVkcyaEhCZjU2TENWM2Z6RkxFdkF3R3pQQld4eEFzbjZvS2dVdC1rSDIyMnFoYThSN3FQeVZTRHlsUndhckRkNm9kYjBFN21Cd1hJZmJLbkxRWENNSnprVXd1b2tvbEdubkQ4UW9lWjBMam40YVhJLUVyMmo4TDE1Vl9LeWprQ3Q0QnlR?oc=5
2026-03-26 03:00,Barron's,barrons.com,Super Micro Faces a Securities Fraud Lawsuit. The Stock Market Is Taking It Seriously.,https://news.google.com/rss/articles/CBMiiAFBVV95cUxNYTdhNTZEb09PMmNOcUowbmNmNzNPYTM1ZlFnZ1pTdnFrbllxU1hSQ2kwQmxNT0NadWs4QjJXQzFwLU5zTTZsMUo0Z3ZrMy1DMVBGbFlINnUtUkFvZkZmSnJ6MFNHNDZOZ0M0ZTRkU2xyQ2Vpd01Yb2pYM3dhWHIwMHNKc2FyOEI1?oc=5
2026-03-26 03:00,Business Wire,businesswire.com,"INVESTOR ALERT: Securities Class Action Filed Against Super Micro Computer, Inc. – Investors Encouraged to Contact Kirby McInerney LLP",https://news.google.com/rss/articles/CBMilgJBVV95cUxNY0FTOHlzeTFseS05TXVHYkkza1RmSU05NEhXNjByeXNDSnZKdWpiaXRjRmJ6YTRXTm8zRERmUTMyelhURjZkS3lCRlI4bHpsT1F5R2p3ZEZ0Vnl0MEtwcXZsaUQxMEZac3R0SFVQQzByeDYzTl93LVZUYmpIZVhEVm1uMGtVRExIeERGX0xZbEo0b05pYWI1eUZaNFl6cUNyRk9sZVRSZU5lSVU1VFg0aHNIWWJTUzlUQ29Ib3A5Und2NThnODNsMkN5Ni1jUmpSRWY0N1R6LUpDam41dzk1b2tsalczMkF5YkxjaW9LNEVDOG1ibUxyVEJVSVFvWVkxblFfSkhRQU8yaDBWeW9NOW8xbTJlQQ?oc=5
2026-03-26 03:00,GlobeNewswire,globenewswire.com,"SUPER MICRO LAWSUIT ALERT: Bragar Eagel & Squire, P.C.",https://news.google.com/rss/articles/CBMi7AJBVV95cUxOYWk1bWlSZlB2WGtKYlFPOG14MVpkaU82V2YtcjVfUmxBN3dlYVlnX0RfQ1RVUkIxeGgwX3FxSXUtUy00N3VVMHN1aVI3eEU0Yk8yTnYyNi0zSXZVMzRRVUZLTllnRDFRWkNCVlhBWXctcUZMMTNWUG9PSVR5czdHaF9JVUJTYy1jV3FuZVdNMXpwOW9NeDBqYlRuWlkzUXhnQ0ZrVElKaUdvNmhjejRQM180SWpidVVJQ3Q0ekhVQUg0ajNyU3NITU9HYzU5Mi05aXhONjZjNzRaSnpkVHBKZTMwU3JZd0xEaVg5cmwxbTY4c0xXUllYQ1lVaGFpaEF5ZGRDMGM4ZGZISUtRTTFpYnF2aU9Xdm1ZN0l4RDcySVFULUQ2cWxqQi1PRFhEckJ6SkhkSmtSQW9WS2JPcG50VVNtdWdFRGUtdWlreU95VGU5bTdtTXRGVTYtVnNpdkVGbzJqTkYwT3FheXRI?oc=5
2026-03-26 03:00,PR Newswire,prnewswire.com,"INVESTOR ALERT: Pomerantz Law Firm Reminds Investors with Losses on their Investment in Super Micro Computer, Inc. Of Class Action Lawsuit and Upcoming Deadlines - SMCI",https://news.google.com/rss/articles/CBMiwgJBVV95cUxOTndTd2tqc0JWc2g2OWhybkpMS05yY2lYaGctS01SWFF2WHQ0UnZSdkpaSENUbkJEdjYyTXZTMFZxeU93SXBIWFA0M1lseHBPOE44eHNnR1kydzVTN25XU0hHaWNjRHdGV3FibVJ3M0IyT3JkcWVjbWZaZVFBYTd3MjBEX0JjZlYxR2xNZ2hfZ1VTYmptcG55TEJXXzNHbzQtaEpiam1LUnNKT0VUZDJSVkx4cURsOVBmUkZ2ZFQ2U1QzcGtERUdfZkQ5MVlMdDJwYl84emtESW5NTExHajhoNjZNT2NLUjhMLTFqbGJaU0pIMmF1V2lQSFJ1Tm05MjhWNjdKUlEtNDJESjltRUV0UjIwLTFBa1VRUnVabzFjdTFvTkFUellnbjdXajhlWVhsLXFWamMtQUh5RzZZdWRUWGh3?oc=5
2026-03-26 03:00,Yahoo Finance,finance.yahoo.com,Super Micro Computer Drops 7% as Legal Woes Deepen: Is SMCI’s AI Growth Story Still Intact?,https://news.google.com/rss/articles/CBMimAFBVV95cUxQcVhFaU9nNG5JX2FObmM5aG9OMWxpYnJ2VnpJM3BpUGcwTWNmT1R4dmdXOURTWHh4NU00VXFURUN3UjAzRjFoYTZFU21xSGFQdTR0bjlGcnVmUTY3bWRYNy10c1dtemM4ajg2bjlVcjNxRjhueHRVUFlzdTAxUHA3WkJhb3ZKcjRsNzNHQmt2OE9aalp6Q0I4Sg?oc=5
2026-03-26 03:00,Yahoo Finance,finance.yahoo.com,Supermicro Short Sellers Were Right. Is the Trade Over?,https://news.google.com/rss/articles/CBMiogFBVV95cUxQMFNxaGJKRkMzRGJ3bmlEUWpMMVQ5OTVlVGx6bThxQjE2c1pTR0hUWFFhTUtFb2pIek5kZGFuanJrQnd1UVcyeUQ5UFduQmxoODI2N3liSzFfMlRiU3ZOaHFkRC1WU2pMd0REZE56Z2dPRHNHNkdBRzlGRktfamROSVpPbjQ1aDZLLWZFbk93Zjh0MGNiU3FxQkdVcnVBYnlrd1E?oc=5
2026-03-27 03:00,Yahoo Finance,finance.yahoo.com,Reddit Sentiment on SMCI Collapsed From 82 to 12 in Three Weeks as Legal Crisis Deepens,https://news.google.com/rss/articles/CBMioAFBVV95cUxQMDlndm9heVViRkIzbjM4ZUYzWURrcWFqRXlyUk1lYUwwMFlLTTNYUlVzNVVBdllBX3JHNTJRR1FOajFDREhoNVpkREJDcUR1UWF2QkZubnpxa0hJWFJiRjdobWFqZWVxazJVaElSX0ZoS21IbUZsemdONmt5ZERwVl9wMzhXTWRsWmNMWjJoLW5IZmxVV2V2SGdUYm95ZldR?oc=5
2026-03-27 03:00,Yahoo Finance,finance.yahoo.com,Super Micro Computer Hit With Securities Fraud Lawsuit Amid Alleged China Sales Cover-Up And Nvidia Chip Smuggling Scandal,https://news.google.com/rss/articles/CBMiogFBVV95cUxNSzREeHJQRmZRaVlRbnZZdEpldWFGczZOMDlfM1V2d3ZmYUxBU3FqS3BtTW1TMElqd0NLWkppcFZ6MVE0VVlLOUVtdlliVDVfdWYxVk5CZi05eC1fWjQ1UnAtdnRJRFpiWS0zOF83a2pkSEU5WV9mQTY0WDM1SmpSRjgteEVmQWtZNmR1a05ubXBOX1JjNHhxNFNzYndaSGZraVE?oc=5
2026-03-28 03:00,The Motley Fool,fool.com,Which AI Infrastructure Stock May Be Better Positioned During Uncertainty?,https://news.google.com/rss/articles/CBMimAFBVV95cUxPLXZzNFd2dXhGVFBMcVdmMFlxS1hiLU5Ga2hLRVhsSllqeW1DMEp1WUxTeVVoemo2azRUWnpHcWpXSldIN2hnVlVKTXJ3YW14MWxTMWFkOUNIYUdtMjBPdzlrMEpTZ2hRM19sSkpYSW1pWUFJWlBfamNCNDJUYWxoVVk4bE9ic0tLcUFNd2JtcHJXc1Mzbm1Reg?oc=5
2026-03-29 03:00,Business Wire,businesswire.com,"SMCI Investors Have Opportunity to Lead Super Micro Computer, Inc. Securities Fraud Lawsuit with the Schall Law Firm",https://news.google.com/rss/articles/CBMiggJBVV95cUxPcGRjb3A3Y2JBY0dYOHRIVmxPR2NiNWxUY2dtcGJBTk0ybkZNaml0dlVxS0Nob1cyUnRaampHeXJZUk1jcEtabTU5SWtJN1pka0V4bC01a255eUhwQ3hnTVJ0SDJVOHhpbi0yRl9FWXR4MTNiMDNNTk5SWk1USEpmb3Y5NjNTUnFXVFJtUGFOelFpMHYzWnQwYXdodEdEVk9wbk83aFl5S0tSYzlURDBlWnNEWkNGTzlGZFZfNGFCdUNJUFV6S3IzMXZlNFMzbWYzZ3l0aWdlcm5pM3VFejRtTWg4VkJVZUxKYVdRbnVTODFja2lqQTNBLS1jS1dHWG1UMlE?oc=5
2026-03-29 03:00,Yahoo Finance,finance.yahoo.com,Is Super Micro Computer (SMCI) Pricing In AI Server Growth After Recent Share Price Pullback,https://news.google.com/rss/articles/CBMinwFBVV95cUxPMzBrc24wWjFfMXc3VElGY3Q1UkVObUVGaUJtR1g1MDVKY3lDSmR6SHBkWS1IUmU4ZXppYXdtZGZBUjlleWpoT2ZZcE5NdnlhTGlFaGRWQU55U1FydkpTeGVDaDRFSmRJbHdZQ0tyWHc2VURMbVREbnBmUWs2Y3lEd09EeHdiT0ZWa1hBaVFwdmduX1M2TlpyQVAxMmRnajQ?oc=5
2026-03-29 03:00,Yahoo Finance,finance.yahoo.com,Super Micro Computer Inc. (SMCI) Reputation and Operations on the Line: Barclays Warns,https://news.google.com/rss/articles/CBMimgFBVV95cUxOSXpVZFIzM0hxLUVPQ1lQUGhzWDFyaVh1ZU9JSHpxTmMtRGtteHJsU2dVaDI5VG9tRDFJZGhKSHdFRmRpQWQwWjNoNTVJWVkyRGZsd09aNTU4N0JBQk1UcVoxS2NFc25QTGJ0eFVIdlpoRWtFT0syUUNlM2ZfeXJFNnI3SFpDT3hac012UnkwRTFuTEhfVWF2Z1JR?oc=5
2026-03-30 03:00,Business Wire,businesswire.com,"INVESTOR ALERT: Robbins Geller Rudman & Dowd LLP Announces that Super Micro Computer, Inc. (SMCI) Investors with Substantial Losses Have Opportunity to Lead Class Action Lawsuit",https://news.google.com/rss/articles/CBMizAJBVV95cUxQTzVjNktOLWR0NWp4ekpxNV8tZlFWQ21ZQjl1Q3VZWjdScktPWTFhNnFCaEJrbjkxdnJsOTRpMlBaZVVfN1hRVzRCNkpsbExHRmwtS3RKemJrVWozMG5mWU5qQnBCTnpGT0Z4QmxjaVdETFhUWmdiRXdwRTdQa2RCUnhoVWFzWVpPc3VVZlNQbjdFUWs3N2NFWXlHOWJGV0NPeENONUplY0pnMWIxa2FsdDF4RkR2Q2R3cWVjVUJIeXcwS2NpSDJjRXBOYVgxbnBYLS1JaWYyb3RabTJ4akFBdjZVUmoxQl9mZ3c1TjgyRDY4cVh0cERocXpFd1p1d29VUWlkc09QTHo0eGh2LV9NNXFLbUx3cDdqbUl5ay1VUjVoOUhiSG5xcHV5YWxkRjQ2SjJveU9yeFdvUk9mQzd0cWtwV3BpOUZlOUczdw?oc=5
2026-03-30 03:00,Yahoo Finance,finance.yahoo.com,Could Super Micro Computer's Troubles Sink Nvidia's Stock?,https://news.google.com/rss/articles/CBMiowFBVV95cUxOMmhnUnF4cGd6bERVSGxBZlphcGNaOGFzTUlTeVdXVVEtLWo0bVk2SVlENlpxa1ZoNkhwaWxyZ0FqZkZjdzZtNnZ2Zi1tQnhGbzk5Z0FicWpjdm9scDQ4YkpiX2ViajE3NFZqQWxKNXJ6YTd0N2dMVUVRM01XVXpuNkQwZG4xdFNBbndlRUhlLTJEazQtcG03REhDdVBoTE01Ui1z?oc=5
2026-03-31 03:00,Benzinga,benzinga.com,Super Micro Computer Stock Rises On Middle East Conflict Optimism - Super Micro Computer (NASDAQ:SMCI),https://news.google.com/rss/articles/CBMixAFBVV95cUxOU3MtNThac1hSamFWQjdTQmFxOF8yYUpWWkdtNHZCa3VsVGVDWXFMMjN1eW95WlU3NzV4cXlLamZiOTQ5ZGtRRlEtaWx2TmUtaEZia1dlYjJUZ1FQZENBMW1qanhnRHFnRGVvckM5U3l6SjQ0bEl3dHNEaUxnbkpiUmw0SkVFUG1fSnh4ejFyRnhHZUhyVk5RSGhxQV9EbmxlMTN3RHhaUmtmM2JyWl9XZHZvVkpBbW5rQUZVYW01SWt3cFA2?oc=5
2026-03-31 03:00,Bloomberg,bloomberg.com,‘Uninvestable’ Super Micro Sends Investors Racing to the Exits,https://news.google.com/rss/articles/CBMisgFBVV95cUxNRG9WalF4YmVqUC1SQzBOMndnb05JTF9uQWdOeG5kTlU5OWFtYjM2NDZ2akZXanpvVnlqOERSR0ZlVzBZajc2c3dDakVMdUR5RjJWVFcwSjF6MVN5SHNCYkdyMy1RSjRYZEVFZnVhZEtvdGRrc3BIYWllRUVEZ1J4YmJuYVFzM1BXTDJoS0ZDazlfQkVCVHhhekZZZEhqWGFvSE1FbVlIazhZMWgzRk9USWp3?oc=5
2026-03-31 03:00,Business Wire,businesswire.com,SMCI Investor Alert: Super Micro Computer Securities Fraud Lawsuit - Investors With Losses May Seek to Lead the Class Action After Allegedly Diverting AI Servers Illegally: Levi & Korsinsky,https://news.google.com/rss/articles/CBMi3wJBVV95cUxNR08tT1V3RUdoUVI5MHNrYUZVWXByNXhULWM1ZHhDWTN3NmpadVU2S1dZV1VMVG9wbnpwbGZ5MnVJemJQX2VrR05zSUhfRVhNR0tBN1k5MTI1SXV0V0lMNnJOSjJJajV5bFVBVDdvdmMweWdHSTJKYUtUdVAwNThTQndBYzlKX1pNSXc0U0NRdGRuNkExQUlCZU8tbl9XUG1KcWcwVF95TlhFMWZSa2VMYnJwNzZBN1JyME1XbnBFcnNwMTE1TU9IZENHb0ZUd3lXaUVlRmZzSnIyRlZXNXo1TDhibXc4OVd6aU5IOGNYM0tLVVdwQW8zWXl0LTR1Q1hTZFd3eEpWdndqc1F0M0JoMDhrSDBnd2xBNEY0MUxrRnVTN1M1NUdTSkFsUnpoYTktVUVIQmdycUJkT01vdGtHTVpmb1JoNUk2R1lBbHNfQTJsbnQ5Z21rUllLNkNIbkk?oc=5
2026-03-31 03:00,Seeking Alpha,seekingalpha.com,Super Micro Computer: It Deserves To Be Cheap (NASDAQ:SMCI),https://news.google.com/rss/articles/CBMijgFBVV95cUxQWENzXzJpRy1zelVjVnhaamphY3lQQk91ckpYdUdMamU4aWdkZzRPMFRHLU5sQjFhU2Q4VDM4VWQ2RDYweVhCSVFybV8ydFZVelZXek1PSW1JQjkwR0JxV19na2hTQ1M4dXE3VE1TRFVvRkRCVXFSUUo0UHlRNHdVYnRsR2ZhT3BHNHZLdDNB?oc=5
2026-03-31 03:00,Yahoo Finance,finance.yahoo.com,"Is Super Micro Computer, Inc. (SMCI) Among the 7 Cheapest AI Data Center Stocks to Buy Now?",https://news.google.com/rss/articles/CBMimgFBVV95cUxORm9qbE9KRFZDU2w5amxwbkcxek1aaTJrbzY3NzBMZjlhUEhVNDVwMENTSkh5VE5Kdml4QW43WVRSWE83Nlhqb3N0ZWxjdlNrOFE2SVJZakNqRHZnYU00ZEpfRldQZGlVZUpTZ2JwWTlCMHoxc0d1Smp4TVlOc1A1U0hhR0xNR2FaZnpJSUp4RVhORmpUSmY1ZXB3?oc=5
2026-03-31 03:00,Yahoo Finance,finance.yahoo.com,Super Micro Computer Rises 5%: 3 Reasons Bulls Are Looking Past the Lawsuits,https://news.google.com/rss/articles/CBMimAFBVV95cUxOQksyTm1uLS1GUU5wbl8wSXA5SGh1eEVGcEdtMHhEd2dPUUdDZVltajFjdjUwWkstNUI5T1lRRmJxOUxTbjduRVcxcHN2dFJBbVZqekpTRzV5TzdpRmsyS0pjXzR4UFFwejl5WFdRZ1U1eFBaQzFOblJXRHZpZ1F4QXYtRTUxVXNFMDBtRl9xR2lOQWQtWC1fdA?oc=5
2026-04-01 03:00,PR Newswire,prnewswire.com,SMCI Investor Alert: Super Micro Computer Securities Fraud Lawsuit - Investors With Losses May Seek to Lead the Class Action After Allegedly Concealing Illegal Export Sales: Levi & Korsinsky,https://news.google.com/rss/articles/CBMi4AJBVV95cUxNTEoxTzZrUGdqcW5ndzVvSWdRYzNoc0x3UXFHcW82NFc0RXMxMGZRX19fSmJiVzJ6Y0s2N1FIX2w1ZGFlWjdIdm5ONkpGT0FuRlBjMFVJM0xzZ01aZUtNdXlFOXZ4MUhYTmtqQXJCT2gwTklKbXh3ZDhYWDhfWDEyNVN4bWlFbXlxYk40V2Y0YjZHTFFySl92dlRVeGY2SUMxN0kxLXJtT29QSW9lbW1ZVDVRVHZwbVNZUnJ1Q2xZeDlWTlpSbXRqUWV6dDMxanlxMEczb3RtUFFBRGRiaE1QWjNpVWV3Slctb09FMUZtcmNDUGdPT1JzQ1NqdnN5NkRSM04wcFVKMDEzdms3Sk1ERnpqc2ZtSTJZQ3FJRHpPVE43SUJnSlNiSHNHYlJBdXBnSlAzaUlTMFJjZHlVNDUzYlF3ZUdWbFZ3Y0pyMF9uRTI3TkZhdVNmTDVOWUtDU2pq?oc=5
2026-04-01 03:00,Yahoo Finance,finance.yahoo.com,Investors Are Losing Confidence in Super Micro Computer (SMCI) Stock: ‘It’s Uninvestable’,https://news.google.com/rss/articles/CBMipwFBVV95cUxOcjdSSmlDSTRVSDdpLWJ0Z3JrLWRhc2JpNDhhbjY3TmRiT0syc01ROVhUU25CcExfdFU3TG1fSGF0dk5LcVdJRVJnY3IwU0ZBc3NYOHpfSUZPX2RvdkcxdERZTzdmTzJHS3NJZDJQUXhrYlZqdXViNzBxWHpyb0RlV1JRZzd5M1RSbWJIVFYyMUlwX1dXRHZQbmo2Um0wRWx4S2tXQmJLdw?oc=5
2026-04-01 03:00,Yahoo Finance,finance.yahoo.com,Super Micro Computer (SMCI) Stock Declines While Market Improves: Some Information for Investors,https://news.google.com/rss/articles/CBMinAFBVV95cUxPakZiUHNqMEg2b3ZOZlBpZUEwUTE3S1VibXFualZmVS1yRFM1ZGJyWVBZTzMzOHdBaTZKYmthei1jMldhLUNpa0pweHFYUzBTNW1saTlaeTdONXVEWXBrWDNFSDAxbXlzU19FeW9WN3NrQjNHd2NIS3BOTXNjcjVxVnFPc2hQeFUxQVRNZmhnVXV0WWV0b3kzcjhJNmQ?oc=5
2026-04-02 03:00,Barron's,barrons.com,Super Micro Stock Rises as AI Chip-Smuggling Case Takes Another Twist,https://news.google.com/rss/articles/CBMiigFBVV95cUxPdGZSekZtc1phSXpOVW85a1psRjVrUFp1eHhMQU9Ic2ZtTVhOaFUwSlEwZmxELW8xbS1CaEJOVDYyUHl4V1JLUW9KVGN2NlJhNldabE1GSUhjV2l3SjJOQXhONXFGVGlpVlJnQkk4NHRDY2l6NnctSlJTd3lTeUtPbEVITDhEc2JGLUE?oc=5
2026-04-02 03:00,GlobeNewswire,globenewswire.com,"SUPER MICRO COMPUTER, INC. (SMCI) SHAREHOLDER ALERT",https://news.google.com/rss/articles/CBMirwJBVV95cUxNX0h4QS1UZjF2ZTN2anhrU2FPOTZLTEhRRW5iRUNuSzRFb05WSnNoVXdzZlM1eDJVR21QdlQzcm9oNktGc29MRVhkelR6b29qX3FTTkJMVmJubTVOSHA2cWgyQWdxdHRqbXRtbEZqN1JYWjREdlJCTHFuLUFNM1pubjZkRHc2MF9uaENzellYaG40Mk9QQmg1dC1IcV9uRWJLWmhGTC0tMDVXdEtvbFY2QzVxSzlReE0xVmFsLXFUemo1ekhOTTBEeVZ3eWJVVEo5dzFObG5HejNiSmo0V2J2S1ZsaTdtNlQyUENlWjc4ekNpRGRxZm5vdmJiTGhjY2pHSUdPcXpLTnVTVjc0R21hZnlTTmV3TGVzRXNacTVEWEJqR3ZZdHFvME1uZVFlWHM?oc=5
2026-04-02 03:00,Investor's Business Daily,investors.com,How Options Can Help Traders Wrangle SMCI Stock's Volatility,https://news.google.com/rss/articles/CBMidEFVX3lxTE9Wbm1ySXFmenc2c0FoRWlHR0NjN29xUkZlTDZtNU1OLTAya19FYVVjeUlPQ1NqUGYzMlgzMTAyZnVvNHRTSWhEZzJWUFl1bGdCc0oyZHpMZExlakxiZ3RWZk5VQjNXNDBaSDFRZjhVaUVsa3hN?oc=5
2026-04-02 03:00,Yahoo Finance,finance.yahoo.com,"Rosenblatt Lowers Super Micro Computer, Inc. (SMCI) Target, Cites Indictment Overshadowing Product Launch",https://news.google.com/rss/articles/CBMipgFBVV95cUxQQ0E3TzZwcHJ3ajI0X2g2amFHa0Y5aDNhcWZYcHJuMUt0Y2JITXdVRUhEOHRnTzNYYmxCcWx2NFppMnN6aU5HVE56V1hVUkRmaWVoQ2tzbTh2V0gxQzdFRzlmWmJUYVNDUkNlb0hQMGQtYS1FdExtVDVHMkUtSi1fVEJfX00wWHRjNW5kQnNXYmt1dmxvamRPRW9BNVVNOU50bjA4Rmdn?oc=5
2026-04-05 03:00,Seeking Alpha,seekingalpha.com,Super Micro Computer: Don’t Buy Into Lawsuit (Rating Downgrade) (NASDAQ:SMCI),https://news.google.com/rss/articles/CBMipAFBVV95cUxNSWR6VGt4MHFYZmJFTGR0bFhGU00wcHVLVTJPMzB1MWQ4TUx3LXpvTEt6VUVOOGNYakdCcUlJU0tZZF9GWUxiT05RRDItX1hVQmdjLXdPX0JudzFiOHNFWkhzREdaOUJQRWdJcjBOY3hMQWljV0pXQ20zRU5PbjJwbHdMNThRNVFOeHp2emxzV1pDVE85VXFtb2JRNEpZZjQ0aFFreA?oc=5
2026-04-06 03:00,Fortune,fortune.com,Supermicro soared because of $4 trillion Nvidia—and Jensen Huang can walk away anytime he wants,https://news.google.com/rss/articles/CBMikAFBVV95cUxQM0J6eDk1NzNrWG1tU1hSVG05Y1c4VUwxQWxYaWtuUHlJLU9YVkpmTjdWS24yVDZiRjZySzZ5OUpOTHhUeDFsNUpva3FiSi1fMGNsZ2dnNl9ubW91dE9OVDFISEdsZDVEUmIzN0dSUHM3OTdqYU00QkJJUGVyWTJhTHJGbERwb29fTnFlTmlORko?oc=5
2026-04-06 03:00,GlobeNewswire,globenewswire.com,"SMCI INVESTOR ALERT: Super Micro Computer, Inc. Investors",https://news.google.com/rss/articles/CBMi4AJBVV95cUxQYWJ3Zk53aEk0dmNBc0MxUGw2NFJuMXRYd3ZyYVIyQnpmYXJSQ1FILWg4LTA4bjUyaXZxRGd6UncyQVpMeHluaUpyZWhIdjRtWWcwbkNNNFhfNTdVYUZJcEgwS214ZDRsU2dONEJyc0c4WGFUOHdSU3VteHBQR0lXekk2YkRtOFJ2d3ZhR3k5d20tYjdGUGNKZTAyZkdtcHZWYUpuZDlURG5zQ0JWY3B6QnZIVnR6NlBsZVozcnhfMVVjLTh0QkZWR0hwWnZuSGxZWmNWTWlfYjdoZUxqSjZsNl8xSWI0ZmFKcDhMYm1OM1ZBTGhxcXNwMVRILXJpTUlrNko3OHJZYjMtVjVMbXdER0tqV3pRd2JvcVVva0lCeHVYNWZaSGlmMEwxYkhBYkczVngycHpLM2tOZVhoUFZvdkFCWFJPelh1V2xiLXoybTN5OWZxMWVjNXVxNXVOT0JY?oc=5
2026-04-06 03:00,PR Newswire,prnewswire.com,"SMCI Investors Have Opportunity to Lead Super Micro Computer, Inc. Securities Fraud Lawsuit",https://news.google.com/rss/articles/CBMi3gFBVV95cUxPSGNTU1BoZmttVnhNWWtOaW5Md0hFNjYzRkRZQng2ZVBhUWVVMVZNNXliS1JESjBHMW5QVWIxOXZ0M3FyN1FJdzZBYU05VHFaRHZybk9nUUJ5UTJvdjZaX0d5YldwTWZVTjlVc0JsOEFyeWFFeXlzVDFFcGlVRXp6cjhwdkRwMG9JMHBhcUpZVWtxLWh4SWZxWEY0VXpTNi01d0hvUHhJcWZUWGVpRzY3WXFFYkJDbHVRUkFXTVUxRDczNnc1emNyVmtkTi16R3JpQTVwc2VkSmY4RTZHa1E?oc=5
2026-04-07 03:00,Fortune,fortune.com,Supermicro launches internal probe after cofounder’s arrest on charges of $2.5 billion in chip smuggling,https://news.google.com/rss/articles/CBMiggFBVV95cUxONnQ5NnB3V3UtZ3h1VGtOTGs3MFRSUkxoSHY2eTUtQk5sTXk5VHhfSkZIQmFNQWp2bDVkNnpQRWN5bXVFRnpXOGJDU3VPU2FhMy1KcWhfVTJveEl6WlR1ZkNPTjZZSjU5dFA5RzdaQUk3OWo4aHVoUUN6bXNveF9KQTlR?oc=5
2026-04-07 03:00,Seeking Alpha,seekingalpha.com,Super Micro Computer: Compliance Crisis Raises Sell Question (NASDAQ:SMCI),https://news.google.com/rss/articles/CBMiogFBVV95cUxNczU4T3ZIcmFfclhXX2U0dS1rejloMFFTVXFheXpvcWJMRFktb0hnNm9sU2ZOd1RiUndEbUFzSVQ3X3RuQmx6SEU4VDdqT2U1UVU1Y1dIZlYzY2ZmaWoxZGZmUFNJRFE5WHlSQmdZdWRtRXoxSllwSExkbTlNZWtKbmhjOHRKdGlGUWwzZXJaRGNUbWQwMVhKZXZoUnk0VlNkMWc?oc=5
2026-04-07 03:00,Yahoo Finance,finance.yahoo.com,A Look At Super Micro Computer (SMCI) Valuation As Legal And Governance Scrutiny Intensifies,https://news.google.com/rss/articles/CBMimwFBVV95cUxPWTdOdGdlTXRqZkJMNENQcWJHTFJsSmpCQ2Q3LVZ0VkpQS0V3U0RZMUx4N29JT05CenlzeHY5SWFycEZGVWp3OUs1YVVZcXJiQ00zOG53UUtoREp6bWItdFU1MEhicmstblllT2hheGdSR1Nod0dXVEVSZEJ1akUxWXhBRmI4Y2Z1akx5NnpiVHlkNFRVLUlvbUM4MA?oc=5
2026-04-07 03:00,Yahoo Finance,finance.yahoo.com,Super Micro Computer (SMCI) Surpasses Market Returns: Some Facts Worth Knowing,https://news.google.com/rss/articles/CBMiogFBVV95cUxQTXFqSjRjaFBIR0RuenNUbDNCZGN1OEx0bHE1TXJzMGUyWXM5bzJ0VWhaWDF4MjcwN01TbUJVNklwMTFRTllsN0dsZl83OU5EMElHcDF4NDU5SDRLWm1vUjBhMHhkcDFIdTBTUHJCekF1S0JKQTY4Ri1TcEVpZHp4eGNGS1dfM2Y4dUl3cDNJb1dhaldyU19xaDFWNF9QOUFXWVE?oc=5
2026-04-07 03:00,Yahoo Finance,finance.yahoo.com,Will Super Micro Computer's Smuggling Scandal Hurt Its Critical Ties With Nvidia? One Expert Says The Fallout May Not Be So Simple,https://news.google.com/rss/articles/CBMipwFBVV95cUxNSHBmeGF5c3h3XzBfOGhkZkpJYzhjS240ak1ROGh5Sms4alB3QWpqMEFqQjNvazB3b3RhTDgtWllESTVQWDhJY094N1pPNDBaMkxTQmRCWmJ6UkozTWtIMEMtcTh6aTRzdGloWWNTQTZJVnJQaHowMUpRQlNLRTU4MHk5cFRQNk1Ea0h4ZDhWUzk1Z1Y3ZnR4RjF4YV9zTmZlcU9EZ1FiMA?oc=5
2026-04-07 03:00,Zacks,zacks.com,Super Micro Computer's Rack-Scale AI Push: A New Growth Catalyst?,https://news.google.com/rss/articles/CBMipgFBVV95cUxQODFDT1NiVVZnclFfRE14eGZTeHI4UlFJOUM0azFPVzk1U2dSMERGdG9aWDJaazlJbEE1NnhYaGFVdDZQMUhaa1BEbFF1ZUZrWGpsOHZtLWMwcVZ4VHNlV2diNVNEN3dXTjd5SzAyTGVUYzNIbTJ5NjFjT3VZT2VOS0pvR29FaDNxT0pLYlp2WE9BS1BhMnBKVUJVSWlyUDV3Y1BrUVJn?oc=5
2026-04-08 03:00,Barron's,barrons.com,Super Micro Stock Is Rising. How It Plans to Probe the China Server Scandal.,https://news.google.com/rss/articles/CBMioAFBVV95cUxQTEpvOWpwbkZnRW5tT1A1eHBWWGZVeGc2U19fd0owOTVsczk3UkFTUG9mU2xjNW9lMEQtWl8wb3Y2UmdNejJDR0FEZ1BCTlFwbjh1cmpscTJNQWFFc1NtTkYyYmZTTWV0cU9hcnN3U3p2SVNUSU9XNjQ5U1E2XzgzaDVfZmtoT1Q0bktkaWduRi16Mm43R2xacTR0WEhtbzdM?oc=5
2026-04-08 03:00,The Motley Fool,fool.com,Why Super Micro Computer Stock Crashed 29.7% in March But Is Moving Higher in April,https://news.google.com/rss/articles/CBMimAFBVV95cUxNZ2lLYjFRdlhMMDBKYmV5TXBRUDR6WGdUTUJOMExFTWVFMlltbWplR3lETnlsekhXOHN5ZHZlRlEtNWtPanM3alR3dWpiWkg5eUZpd2VmT0JqQUVVMmdRRFJhU2FlR0EzcWxEeFA3QkNuVUozdERTR3JfLWpxT0NoUktUelhKRnlaSkVkM2d3NFNLRjM4bmYtcw?oc=5
2026-04-08 03:00,Yahoo Finance,finance.yahoo.com,Alleged Illegal China Server Diversions And DOJ Probe Might Change The Case For Investing In Super Micro (SMCI),https://news.google.com/rss/articles/CBMipwFBVV95cUxNdnFCd0UyZDZUTXJNYWF0SVBfdzBNcmZfeldXOVNUNWdyYVhzTno1UXUzanIza3kyWnUtVXRxTTRRVmU5UE91WGp0SDNLU2xVaEdNZ3BEWGQ5X1RBc2FFWThnMUJhYzJiWFBiRjA1Z3Rfclh1TENGeHdUeS1GRG5odjN1XzJoNVhlVC0wd0FEalE4emNLTVBsZktha0V0clpmc3ItaTFWVQ?oc=5
2026-04-08 03:00,Yahoo Finance,finance.yahoo.com,Price Prediction: This Will Be SMCI’s Stock Price in 2027,https://news.google.com/rss/articles/CBMinwFBVV95cUxPdkpoNTRwSGkzRTJEbjRtSTZzbHI0N000TUtkX2JHNjdrZlBQa3hjSXVqeDVVWW1DZDQ3b1NDb1JURlJqdUFaOE9WdDRHUWZXbUNiUzhmWTdTTlhhX004LXBLWkRpdWdJVlpITHh2cDZmX3I5b0w0M1NEWkxtT2tnazl1OWVlT3lFYWVNMWF1c3Q1b3hhY2tvblh6ekctSlk?oc=5
2026-04-09 03:00,Investing.com,investing.com,Supermicro launches pre-configured Gold Series server line,https://news.google.com/rss/articles/CBMitAFBVV95cUxNRmZhc2docU9zOG5aLUZKSFBoeng3Qk1yMzdJdjFGaWRkRzM4MWxiem9YV04zS3psaE1jQnNEZU8tS2lTZ0RDLXVjRjZiT0JQd09jTlhmRlZQZ1lmZGt6TWhCckFYN2FmM0RZY0Y3R0F1RG96WDIwcG9YUTctOW9yWGpqRFlFblNUVmh3a0hGVGl6dVlEOU1taHdIWmVuTHNoY256WDc1bk1fVGgwc3d3SUdZXzQ?oc=5
2026-04-09 03:00,Yahoo Finance,finance.yahoo.com,Super Micro Computer Is Auditing China Allegations Itself. Does That Make SMCI Stock a Buy?,https://news.google.com/rss/articles/CBMiogFBVV95cUxPRnFUbUVRczBNRnI4SHVvOWJtTTBPOTVVU3dwZFZyVm42anpPa2tsQ1g3blV3d3dSZE9fVWdsWHdCYW56ZlFydG01ZWRoQkFselhLVjlqeEpJWjB4c1ZiVFg3Snh0bHNpbTduX1BUcnl3RW12MUE5dlJrSDBMenB1cWNtUEF5Q2YwcC1JcFF2T2FSd29RZXZKWmhwMlhwVllXb1E?oc=5
2026-04-09 03:00,Yahoo Finance,finance.yahoo.com,Supermicro or Trade Desk: Which Beaten-Down Stock Deserves Your Dip-Buy Money?,https://news.google.com/rss/articles/CBMinwFBVV95cUxQZVJMT1RldEtIMnVIRG8xLTZscVM4cGxCZGZHeklVNjdYdE4xeVhReWNBZ2t5cU92eXk2RzlOU05YenFEWERaSk9rVGtwUEJZOEh4NVRWZ1lzcnpJbHpPNE54VVZQUERBcl9mRzRCdW41U2FPN1h3U2s5TFhSWGdHOTFBY2tiWnU0ajRwS1dGNG94cVRoM0ZBQlRIdU9yWHc?oc=5
2026-04-10 03:00,Benzinga,benzinga.com,Supermicro Stock Rallies As 'Ready-To-Ship' AI Servers Aim To Slash Lead Times,https://news.google.com/rss/articles/CBMiyAFBVV95cUxOSU1tSkxBaVVwTHVWU285VWhEZHByRHR1eFlReUtjaWxHbkh3ZGcyNEtUZXFSRVlWQ29HcjBoSjdxaUFUVEJIVk01a2dBOUxydVA5VTJyT0VTZmdKNW5OOTV1Z1g4WVJRWDZWRlExczI0Nm5kdjZKRk1JbkdCWjBEZDNVd0o0Zm1FTFRFUi1wYTdUdUlVTkdGR1l1U2dQSlNJdVAyUXFhQk5rM1o2MXpEVExJNmNSNzZPTUdDakYyWEtJUlI3ZzBsVw?oc=5
2026-04-10 03:00,Seeking Alpha,seekingalpha.com,Super Micro Computer: Cheap For A Reason (NASDAQ:SMCI),https://news.google.com/rss/articles/CBMihwFBVV95cUxNZ3YzcFBOOWhlc1hvemlrRU94aVRMTmxvUXNoUEJ1bmltX2FVbzBGemw1UXkzekloemRuTHhtb1N5TUJPU2JXcjhELTkyeVlVMVRWUGg1RDRLRHVTV2VtS1FXLU5UX0ZBLTh1WDBTN25vWGNNcVhtR2N4ZjU3Y0IwQ29DSU4xM0E?oc=5
2026-04-10 03:00,Yahoo Finance,finance.yahoo.com,"Is Trending Stock Super Micro Computer, Inc. (SMCI) a Buy Now?",https://news.google.com/rss/articles/CBMiogFBVV95cUxNX1lxOFV2UEtlV3U2YkstbnphblFabFgwU0pFZ1pob0lvWVhPZjgxM0tLT0N3MFgySUk5WmUzWE1TU3Nwc3U5Ukd0S1NZRGtsNE5oNHloRjFoR3pXYlJ3NWxvZ2J6elY0V1BYZUVYV0NOMFhWOXhydW4ySVpySU5oMWl0Mzhra09saHZFQXRERk04NWxkSzR6bnp0NVRVTkJoeUE?oc=5
2026-04-10 03:00,Yahoo Finance,finance.yahoo.com,Why Are Super Micro (SMCI) Shares Soaring Today,https://news.google.com/rss/articles/CBMilwFBVV95cUxPOG9hbnIxNUtrbFBqWUdfQUtKdzdxTnpFcTNNeWU1cVBQRmZtNlcxRkV5OEF6c3puUzMyMWZMNkdPaTVzUmdVY183Y25VbHdDU3djaE5HYmFJZWhwakRWOENndjFoUzZMVkZSNjVmc3RfcU5KSVZ0YVFZV3VMb2ZESW1jVi15RXBtLTRPbUcyNzlSRTg0aVRr?oc=5
2026-04-12 03:00,Yahoo Finance,finance.yahoo.com,Is It Time To Reassess Super Micro Computer (SMCI) After The Hindenburg Short Seller Report,https://news.google.com/rss/articles/CBMioAFBVV95cUxPZHhBUi14VFR2STFfTjhrY1R6U0hDV2c1NFJVTE9wcTQ5R3FHdWlKTzcycndXazJmMnpuN081dDJIaWRFVUc5dXVkTG1NUHRuZlR2QjRSS2RDWFZfeHRzcC1lS3lnTVhvcVNieUxsU0NVZlJrZzY3MmF4blFzUXg5OXc2cWRIZGhNVW9BbkwySmUwbnFKcVJSWk5VbE1jd2Zy?oc=5
2026-04-13 03:00,Yahoo Finance,finance.yahoo.com,"As Super Micro Computer Unveils New Enterprise Solutions, Is SMCI Stock a Buy, Sell, or Hold?",https://news.google.com/rss/articles/CBMipwFBVV95cUxQVXJhNVc1UXNPYmFCT1ZtOE5tTHl2bXJUcWl1eks4cmp1cDRQNll4UGdqRmFvVm5DMjJKR2xzV0IyQjU3UUpIWFhPdGRjVHNUYm4tUnhUV3ZqT3RKQ0ZZWUlWTVA3VVo5WVFLRzItVDJkc2ZOekZzYUFILUl0ZWdIQ0FIamx2cWloQkM5d0JRaXJ5U1VwN0lZM3VKZ0NYS182c2VSX3oxbw?oc=5
2026-04-13 03:00,Yahoo Finance,finance.yahoo.com,Jim Cramer Was Right About Not Buying Super Micro’s (SMCI) Shares,https://news.google.com/rss/articles/CBMilwFBVV95cUxQeHM2MG9wN3JqeUg5ak1ldDZvZG1aS2hTczFOUjJjci1zQXM4dEhKdkI5V20ydjBzVkZZdkpRVEpNNzRETi1tMzMzRnhMai1ZcVNiT1ByV1Jjd1RBOW9Ka3A4NlM1Z0htdDJ0MTZ6VEg4R29wTFFxTzRpcVhvY3gxRVAxcnlYTkszQ21nd2NPNGNXWWxQZXow?oc=5
2026-04-13 03:00,Yahoo Finance,finance.yahoo.com,Super Micro Computer (SMCI) Beats Stock Market Upswing: What Investors Need to Know,https://news.google.com/rss/articles/CBMinAFBVV95cUxPbm9UQ2g0VzVqc1pVOHhhMkFhMl9vUTk3YldRdzlIdG82MWdDZjRFY1Jwbkw1MzJxS3hCUlhHR1lqTDRtSVFXS2VFeTNuMFZfdGdBWWFDdkV0TjY0NEpBckc1OHU1VkJ1cDRWbVY2d2F1RUJlaW9jSEpRWkJFTlZVVkgxRE1pY0ZuTFFJOFBQWC1qSlpaSXJkenlDcVc?oc=5
2026-04-13 03:00,Yahoo Finance,finance.yahoo.com,Super Micro Computer (SMCI): A Powerful AI Trend… But Something Is Clouding The Near-Term Outlook,https://news.google.com/rss/articles/CBMioAFBVV95cUxOSnk3aXZDUlhWWDZWRGpoMzhVVHBUcE5vUGxneHU5ZG5wTHVMbWJWWG96b0xiUUNOLWpPZ1JTUUp0VWhrRWtpVkwzXzVBS1J6VW9lZFBOSEFFYmFXRlAzejl1NnZlYm1QcG1mMXloR2h4WmxTLWxUd0J0UkhQZFhqRFdrLVV0UjcyRDhMWWZWX3FKcklGajI0a0ZtVWttSVlU?oc=5
2026-04-13 03:00,Yahoo Finance,finance.yahoo.com,Super Micro Extends Edge AI Reach With New AMD EPYC 4005 Systems,https://news.google.com/rss/articles/CBMilwFBVV95cUxOMHhscjBUcFFwM0txUzVOQTd3ZTcxTWxNMW1sTzEwd01rQ09RcVZXLXJRQUJWQXdyTTVQeGwwMHowWFFDejE5Wnl5T1BPZkxuTUxGZFptRVRQbzZ3X1VpNnRneV9WTXhzTU1DQy1GSDE2QTB1aTd1cnJHQWFWSWJhdHlaVDkxSUNDaGQ4LVVrYVQybGJYeEVr?oc=5
2026-04-14 03:00,Benzinga,benzinga.com,What's Going On With Super Micro Computer Stock Tuesday? - Super Micro Computer (NASDAQ:SMCI),https://news.google.com/rss/articles/CBMitAFBVV95cUxPSFpxZjN4NEx5aUlkRnNybC1LZFNNUXVreWMzRDhhYVJXbmhaQVdtanVMT1JrZlJURG5VZmd4OW1OOEN4aGgwc3QwcnZYdlhKX3BsZWx4eGNub2FLU2UzV0Z2djFuUkZhN2h4QS0wWFpaZFFhODQ4MFE5VDFIaTZtZmhXeVRRcjE3ZlExUUVsRmpYN2dqeHhGSUZ1bVFaNUozZllzM0hRZHZZdXZtWnJEUURnZDk?oc=5
2026-04-14 03:00,Yahoo Finance,finance.yahoo.com,Why Is Super Micro (SMCI) Stock Rocketing Higher Today,https://news.google.com/rss/articles/CBMilgFBVV95cUxPZWp3TkdzVlJ4ZllWV215SmhIU29SYjZ6OUJCX3dFZU9zT3JxbEtNRkdaOFdkWUpFbWtGOW45dk9wMG5nUHNndXdkTU94ZnlzM0hIa3ByN1cxWTI3U2U0bjh2Z2o5ZmMwU3ExY3B4c3l2aXZMb19OUUxKQl9xdl9jSElOc3NDdHFPb3VtYTBqOGpKb2FIbkE?oc=5
2026-04-15 03:00,PR Newswire,prnewswire.com,"INVESTOR ALERT: Super Micro Computer, Inc. (SMCI) Investors with Substantial Losses Have Opportunity to Lead Investor Class Action Lawsuit",https://news.google.com/rss/articles/CBMimAJBVV95cUxOY2kyZjdGdGF5X0JfOUJmQ0RMcHotcWNCTzd4MEkxWFItY2Y5S0VwOU9OSl9CbTMxNm40cU9QRXBSem96U29raGhacGoxb1J4bV9zRThQSGNVcU13Z2FWdkxXbGpuamlHVG0yNm1RTFJaQWV1SlVCX3ZkNF9VTzNENmtNWjJBb2Uyc1ZySDhRQ2JYbGdEb2VsWUlEVXBxdmhoSkpPd0pOek5NckRTVmhneFhkYXNjWDFZWmd1N0F6NkNUVnp1VkdiVHNfU252dFFaQm05V1E5TDl5YmFYQXlZQXQxbWVyZURGSmlHcXZlYW9QalJMQmpQdVJsLUVMT1NlaFNqdzdfeFBvblVXRnhPdmd0b0w3YkY0?oc=5
2026-04-15 03:00,Yahoo Finance,finance.yahoo.com,SMCI Launches Compact and Cost-Efficient Edge AI System: What's Ahead?,https://news.google.com/rss/articles/CBMiqAFBVV95cUxPRm11ZkhVaFhpdU9UZlVXLTdIeHdPbldBYXFBazZndXdqU2M0VGJORkJnLWRpbEVKQ2RQTDFqTVhuNkpxcmp5Und1QW53S1F5bXUzYnNqQ2Zwam84NEdwWG1rakZGTV9kVVRTSHNReG9hOE0zYXJwRnZSci11Z0ZLN0ZKRDF0bVBFU2FxVUZDTWlRdUZhSXdYR0hVNTF4R3hscGJzSHQ4ek8?oc=5
2026-04-16 03:00,PR Newswire,prnewswire.com,SMCI Lawsuit Alleges Allegedly Concealing Export Law Violations - Super Micro Computer Investors Face Losses Following Allegedly Concealing Export Law Violations: SueWallSt,https://news.google.com/rss/articles/CBMiywJBVV95cUxQMFNRaWpWTzliaVk4aVNqTk5hUlQtWHU4T1NPLXZTZ3ppM1N5YzVHZURZMTBtUy1XdUtqV0VwZ3ZXMVNWa2ZENDhpemxZMFZxQy1HVDNHMFFtbWNMc1FuTmhodW82TnptT241Q1ljOFNPOTdYdi13LTl1dFNBMGRVWDFOV0NjSmtaVExkV2h2TEY4ZUE2VlNybU5RVjU3SU9kU3dhVklMdzNyUENvMHRDZDFWNWdtRmctNmVxRXlWT3RmbTdUNEp1T2U5cVdJd21fTURWM3o4eFR4LXFsX0Nka0d3STYtQ3pRQWR1OE40U2tTVUdCajdHa29Xc2VtMC1SRi1VYVNQUThXS3lDelE1QW1PQThmcndfZVl2akJTcjBlQVZKeEhRRlE5ZnJUSmdjYms2eDBidnNTam5QU292X3Q1U21pTG9JWWZz?oc=5
2026-04-16 03:00,Yahoo Finance,finance.yahoo.com,"Down 55% From Its YTD High, Is Super Micro Computer Stock a Buy, Sell, or Hold?",https://news.google.com/rss/articles/CBMikAFBVV95cUxORHdWVWRwc0VXdEZqZGdKTFo2Y3pMT1B6UE9JQm5BNmp2cktraVVCeFNWZ2I1REFnTk1VbUJMTHpVMVBYczdoejE1dFFWSnNsSTJFWXhMXzd5Z2lBamx3VW02aW9mYjQ5cjVVUllGNk5kV3pSZ1NPOHNpUjR1VmJpNEs2RXdkcWZFSy1XSlprUzA?oc=5
2026-04-16 03:00,Yahoo Finance,finance.yahoo.com,Super Micro Computer's Quarterly Earnings Preview: What You Need to Know,https://news.google.com/rss/articles/CBMiqAFBVV95cUxPRnZLdlM3TW9WQUNzVHVKUzRHUjdNMDNOWnNFYllZZzdvZWl5V2lBRnZEdV9YUjdkUmlpQlN0UERfMnJYT2o3RmJoRjRHNmlHR1dWSU1lS254ckpTSkJjVnIwc2hoMko0dlBCM3ZaU25OeFhtSHdJNmRJdTNOMmI3ZWdkNFloNVV6Z0xGWkYwcWxFNk91OVFWWWk3UFZuZ2k5SWhSd2NkM0I?oc=5
2026-04-16 03:00,Yahoo Finance,finance.yahoo.com,"Super Micro Computer, Inc. (SMCI) Expands Edge and Enterprise Server Portfolio",https://news.google.com/rss/articles/CBMimgFBVV95cUxOYTQxTGVQWFcwMERkNWxYOUNjN09VbEZRWmdfZkl5aTJnTlg0Q0tBWVBpOUlZcklKcDRVVXJ2MDd4SHBCdjRmT1NCWXRPd2FUSVJLdF9LcDBTTnpzU0MxaFo1MGU2aU5UbGhYdHJlTks3NXg2N1hLeVY2WnhCeGpPaFRjbzBwYnJ6Q2x1UVpWVV8xTF9uZEFDU0x3?oc=5
2026-04-17 03:00,PR Newswire,prnewswire.com,"Super Micro Computer, Inc. (SMCI) Shareholders Who Lost Money Have Opportunity to Lead Securities Fraud Lawsuit",https://news.google.com/rss/articles/CBMi9gFBVV95cUxQSC0wU09rUDdwdlh6NktSMnVqbUdFNU9JUTRNZTc3dFBfRS15OVY5MDhEYXlFQm9vYjdFZE5uWEw0cEIzaVFXZ0paNlFSN2NGRXFVQ1AtaWNoVE9CaEVGT1Ezbmt5emV2VkdrV0NVVjBZTWQ1Y0hhekh2X0Jyb21EZ0JWa1l5bGtNdldDeERQVndGRmZpRDRMRS1fdWlfM2VBX2JEWVJNUWlPSjBnejVLeWY5dW52bHlkU3dSTjVWc1l5X25ieVIyRkhhMzVWNFcyQ2FwdTZKZDhEdXV1bmtNMmV0WWNqOW1oWUltQ3ZPRmJzVzdiY1E?oc=5
2026-04-18 03:00,Yahoo Finance,finance.yahoo.com,DOJ Case Adds Legal Risk To Super Micro Computer AI Growth Story,https://news.google.com/rss/articles/CBMikwFBVV95cUxQNVhacl9vMmZlclR5ekJqUkJpMl9Ca2pMNGdzTzdOLWpXeDE4bnpBcng0NmlXNGNmMEtEalhwenhRS25seTJvblVKbVp1NEpDQ3RJUy1TZnhnNUE5WXh5RGwyV3pJNFEzOXRORXNkV3VqZXNDX3prNkJvUmZiSG9JYV9sWG40VTk0OTFFdV9fV3Y4NWc?oc=5
2026-04-20 03:00,Yahoo Finance,finance.yahoo.com,"If You Invested $1000 in Super Micro Computer 10 Years Ago, This Is How Much You'd Have Now",https://news.google.com/rss/articles/CBMioAFBVV95cUxNeVFvUjc4STlEZHluNzZtV1NNNWdlQVVoZDZsaWxiVkkxZ0JvMVRuTkpLZmI3bDJjdE14Zkp5b0lBc1NiOVFvZXlOVm14NmlPQjRfb1pMRTdvSmE2UjNqQ05yckZwaGVBbV9NSFZpMXhGTjIxVlhsTnFnZHZUQk9lOFh5dU9melFodGhmSDROTXNYbGx5QkFwamthMWduZ3dH?oc=5
2026-04-21 03:00,Benzinga,benzinga.com,Super Micro Computer Stock Is Testing A Level That Could Define The Next Move,https://news.google.com/rss/articles/CBMi1AFBVV95cUxQeTJUU0tpOFRGLW40cXBPbXZNVFBCZlpGelMxLTFGbFN1N2huYWo2emhjSUZfOVdoZG9aWFJTTmtCeUNOOG1FdEpYamphd3NmOUFoSWhDMXRldi1WMVdsbzZrZUQ2eGFiVjg1NUwzX1BteVdzbzRodlhmQmRWQUd5STdPNXBpcTZNR2tjY2lrZG5WRndMRVN0bWp6TlQ3UjBJVWRWV1dNUkxFc1BLdHpUby1JVXEyQkR5TWx5QXFFQ2UwdUdmM0ZGYTRKZUtLeklJZHRYTQ?oc=5
2026-04-21 03:00,The Motley Fool,fool.com,Is Super Micro Stock Still Too Risky for Most Investors?,https://news.google.com/rss/articles/CBMimAFBVV95cUxNUlBEZXRJSFpFNmtpUlFqT0xCOGY3ekc5MnItdVVUYTFhZG9URVYybkhjcWVLU0FXRnBjTFhQeTByVDRlUk5WTWxjTFpmWnUyd2M3Rm44R0NtYnJlclhnSTZQZWRoUFgyUkZfY2dtTXlzeXJjcklfMHF5cTJZemJNRjNIWjZ6bVFqaHYzZjlUa1cxY1NlZzdXSw?oc=5
2026-04-21 03:00,Yahoo Finance,finance.yahoo.com,A Look At Super Micro Computer (SMCI) Valuation After A Recent Pullback And Long Term Gains,https://news.google.com/rss/articles/CBMimwFBVV95cUxPZGdSa2VyVWdjRGd0eF9UOG9icHNsTVoyc0RyT083VU5GNDdSTjFISUtwOWlXN2VwQ1lJZHJoYzNfTVZOazlXMGZ1dUJoSlpxTXZFS0pTUEE3YUc3Vi1UUWdWa2k5ZUF1V0QyUVlMQjh2OFlkOWVLN05kSEF4RlkxSW4xb05CV3NnaDVFTE4wZ1pXUmVFZWJDTDhRYw?oc=5
2026-04-21 03:00,Yahoo Finance,finance.yahoo.com,Is Super Micro (SMCI) One of the Top Hidden AI Stocks to Invest In?,https://news.google.com/rss/articles/CBMikwFBVV95cUxQR0JXbThsZXVMcjVIemRzUDRmN0wwQlZMMXFhNHdqdXoxd1hXcXY4VGFsSWNkMzIwU09VVjE3Rm15YmVoUHRIbmt2azRJZmZlTDRCTVBXYlNIVjNocG5LUXQ1UkxnbVl1MXdlVVEzSDlLSGhJYmpUMGZuTUhLbzVrLU5KQkNMbzI3b2E5UnNEZVo0ZE0?oc=5
2026-04-22 03:00,Benzinga,benzinga.com,Why Super Micro Computer Shares Are Climbing On Wednesday? - Super Micro Computer (NASDAQ:SMCI),https://news.google.com/rss/articles/CBMiugFBVV95cUxNdDZzSFUxODgzQ2ZLSVVpVlM3aUxRbnVhY2xqUEVacjJBZ2QxVEphczRVQ1NlVHZxWTlPLUhQWEtFOF9HbXd2ZjI4LUQtVDk1aDlnSXQ5Z2F1X2U3c01mZTVDNXZvQ2xnMWlmTzRxOGxNcEF2bE5ySjJZWTdJTlpnR1BhaC14TElTY3V4TjZpMTN2cWVDc2RYVDFZbVdpMTVHMlJoVkpXWDY5OGhnOFhpSEY4LV9zLTFsa2c?oc=5
2026-04-23 03:00,Benzinga,benzinga.com,Why Super Micro Computer Shares Are Falling On Thursday?,https://news.google.com/rss/articles/CBMitwFBVV95cUxNa05kSHItLWpnLUlmYVl3Ni1iTmlhcXlqa3JVd18tYzdBNVZtTkFubzJvU3hnaUxUNlpCYjh6azRpY2Y0OGs3dGpvcFF4Q0RnX0pDNS1PT1hBVllRa05idllkeC1Jc1VSdUVVYUktQ25fMV81QTBld2htbjBPU0J5dU0tckdXSjhIakZvUkJ5RUhTZkNJcEV4MmF4aGNIWlFJdW1lX2Z5MTRkb3BLN0ptaTJNdi04bnM?oc=5
2026-04-23 03:00,Investing.com,investing.com,Super Micro tumbles 10% on reported $1.4B Oracle contract loss,https://news.google.com/rss/articles/CBMitwFBVV95cUxPYlZCS0lCTEZNM09SMEMwVnY0dmY4S3g1U0N1ZllobnhYNDVKS0JCcHh2QXA5YUZRc19WZmxzZGVFMTlha2RvWVVJcnpvNkdSVEdCdXBYTzEwUGM4bUxubG9zZGVCXzJQYWM2Y2dFYzFaT1VWLTBGYWJNb0Fic0FBbzlsbENXeGw4RVFxMmNpREZEbEI3TUx0cnlxMTZycVVjdnV4am1yM0dvRmdmU29NLW9kV2xFWWM?oc=5
2026-04-23 03:00,MarketWatch,marketwatch.com,Super Micro Computer Inc. stock underperforms Thursday when compared to competitors,https://news.google.com/rss/articles/CBMi2gFBVV95cUxPQk1zYjdJVHUzOElwbGVwcE5NRzMtVG41U0U0VV85QzhqbldwNDFYNFMxR21yM29aem9yNlplWFZkcEF2LWZFaDlmbVlvYjZyaUxBbzhoQ19NSlRIQTR4R3FaSGZHVDRROVJ1MHB2WEVqNVRrMlRZSmZYTE8tMFYycWhNaW5QUDh5Sk9jOFE3ejl3bkJ0dDhvVEhJY1dtVkUxa2NKM0RpMEM3RHBhc0RrZF8zUVBRYmFTelhDRTduREhPR1h3alFMVHZqTXg3UHotaVU4RUY5c3FfQQ?oc=5
2026-04-23 03:00,PR Newswire,prnewswire.com,SMCI Lawsuit Alleges Allegedly Concealing Illegal China Sales - Super Micro Computer Investors Face Losses Following Allegedly Concealing Illegal China Sales: SueWallSt,https://news.google.com/rss/articles/CBMixgJBVV95cUxOdnlZN3I3M3JxUkRvYXhvNTBNempUWEtmZ3VkN0xjWGdsLXZlUUM4Vm14bTFKcnIzd3htdU9ESS1jSHhhSUpfclZSX1ZGdWpoclF1ZmZQX3RyZnVJU3NLd2xsY19jZk1ZOWxrT3pQMFU3NEVNTmNPaVhhS0Y0Mk9Bd3ZRUzNadUZ1SGphQWh2RWZVMW12bWZVTlN0Y19fVUFXbkl5clFJZHh0YWg4TmpJeFRHSzRkMUFHS3pjY252dU55ckNHWEQxT2xha2g5TklicGpNeG9VR2k1cGEzUF9zRUNTNGlDLTEzTDZfcXBzNTdtSmVzTUk5WXJWLXR6YkVMSXg3Zm83QjJHNkgyRjRZa1ZfakZwYUZEeXBIQ1ZiTlJZU2dqU3dhM3Vka290WTNMX3UyUXdoOTJYT0Y5Wm9XTWwyeEtGdw?oc=5
2026-04-23 03:00,Seeking Alpha,seekingalpha.com,Super Micro skids on reports it lost 'significant' contract with Oracle (SMCI:NASDAQ),https://news.google.com/rss/articles/CBMiqwFBVV95cUxNbjNEaEFkaXdvRDB0ZTU1R2NWS2QySHhDMHB3blNRODZ2d1JKT0ppZWRvLXVJS21lbnVmOHFibml5ODB4aktDT2hDRXN2eDFzR2hvRklaRHUtYkhYV2pjeERoaExfSE56QTdOaWZBQktTeThLYmxqclpCbUJwSmRDZ3NZSFY1RndCTmdqckpNc3RGcUpZcGtXeGV1aWxsWkhjRXRqYzNMbGM2WUk?oc=5
2026-04-23 03:00,The Motley Fool,fool.com,Why Oracle Stock Just Dropped,https://news.google.com/rss/articles/CBMifEFVX3lxTE85WnIyUmQ4Zjh6Z3NHNVY4WEtpVWhBSm9kNF9mVFp2UVFPN09HaXVkY3hpaE1NS0E0U01UbUs5c2RVMl9aQXB1WmgzRTJzZExUVVZ0ZXR0b0JaVEpKVEsxRGVVTm92d09WTUl3YkRCWkpCRERFQjhBUkxUMms?oc=5
2026-04-23 03:00,The Motley Fool,fool.com,Why Super Micro Stock Just Dropped,https://news.google.com/rss/articles/CBMigwFBVV95cUxNdWJHRGFxOVJSOTFhVTFmbllRNTVhSU1kVm9zV2RDSUV6UUlEZEY0U1RVVTZXZ0RVa0RkWkJHMHBLbUtUMTlRdlBHUHFvM21xTzFQOFZMSUtDdV9nR0ZocE9Tc3ZSUDMweW14UjhhaXNrcG1GaHBlUDk4T243NUttOE1rTQ?oc=5
2026-04-23 03:00,TheStreet,thestreet.com,Oracle just made Supermicro’s story a lot more complicated,https://news.google.com/rss/articles/CBMiogFBVV95cUxPVEVOc0tzTFJVLUlVN3VvWjVVOWxhekVZNGxCRVB3bUE4LWd6UUN1cWo1NkVodURkcVgtY0UxNE9tM2dLdmhSbWlJNVBkT19VelpnMmFrZXBfbEVDZktpUXJTQnpZLTBZUnBPWkphQXNDSnlvUi1lTDUwT01UNTRyRktOMzR0dHF2dWtpMkRGWnNsRU9tRTVNenFicjdRR0FOa0E?oc=5
2026-04-23 03:00,Yahoo Finance,finance.yahoo.com,"Super Micro Computer Stock Plunges on Lost Oracle Contract, but Supply Chain Excesses Could Be the Bigger Problem for SMCI",https://news.google.com/rss/articles/CBMioAFBVV95cUxNSW13UFBUZHJ4LXhkREQ5cWh0dnlJWGloeTFadGhRNHZoWGFyRDIwUXdEaGVYRldzMXkzeUZ4WVo3M2lRb1RsYkpodk1hZmFjYTZXZDBTdmRxd0VSZDhsaWdNZzJWaEdOX0UwaXZTR2NWVVZraEE2SkZ5cUxwRDJEQTBWY05hc2FCeFlnMUpGbzMzUGFVWGljNXJsN2RsT09X?oc=5
2026-04-23 03:00,Yahoo Finance,finance.yahoo.com,Super Micro drops 10% after reported loss of major Oracle contract,https://news.google.com/rss/articles/CBMimgFBVV95cUxNTElfbk11bzhvaHl5MDFaRjV1WmI0cVdDWjhaeGVNNEVwc1d2bHo5SGQ5NUo3ZU1vX0V1Y2tTbHN0WWIwUnpNc3pvN1lPYWpuaHVXMk5wdDVmWS1ZVVdzTWNUNDVyMlh1cTVBQU13NlY3Nk5wb1JKTnF3cXU0dTdZT0dCaGJKZlVkZlZUNUZMOHFBbUd0dGlfbmln?oc=5
2026-04-24 03:00,Seeking Alpha,seekingalpha.com,Get Out Of Super Micro Computer While You Can (NASDAQ:SMCI),https://news.google.com/rss/articles/CBMijwFBVV95cUxOTDFFNmI0NEJLZVcybHRPOXF6cmR0cGRSWXNSMUhJdXZUR2RnQ1l6NS1hckRxeTZYcUFJT0hYUkVTRUNrOTdxMXpIUDdYUWhBZEQxRFV1cmgtY3RPTWs5TkhJeTlnVjFtc3BDU01JYzM2Xy01b2lLcG9HaWk2amxYbjd2S0x5cmR3RTBFanN4UQ?oc=5
2026-04-24 03:00,Yahoo Finance,finance.yahoo.com,Oracle Setback And Legal Issues Test Super Micro Computer Valuation Story,https://news.google.com/rss/articles/CBMingFBVV95cUxOOXV0WWFOOERMVE9GTXpLZFRla2VRd2t5OWhzX0w4Y08xWEJpQk1wY2dxS0xVOXVjb3M2djJjY0tSMzZZS0lSd25FalNQeFhrdlB0WGdDdUo2VFNWTks1d05CSjRnV1BPaEVqc2t3MDlFWU5SUTMxalJOc2JyZ1ZGSXFBUkhfeGsyNGstdmk2ejRIazhDOENwYzNWQS0yUQ?oc=5
2026-04-24 03:00,Yahoo Finance,finance.yahoo.com,SMCI Stock Price Prediction: The Tech Stock Is Ready For A Strong Upside,https://news.google.com/rss/articles/CBMingFBVV95cUxPR3pXRnNSSlRTdGJBYkhyU0xDMm9lVmJCRllmdjdNbHNKck9pNlY4VzE5V1M2UERSR0xlVU9pUTl1MC04VWp1SFFBTWd5VEc3Q18ta1h0amdXV0ZpUnVkZEE4a2ROay1ZOEttbzgtbkJvb1BFMV9zV1d2Tnh5RjhEaV9TVmxDVzBTRXFPMEJuYWpJSFdHUWo2ZTJxSVMxUQ?oc=5
2026-04-24 03:00,Yahoo Finance,finance.yahoo.com,Super Micro Computer Stock Jumps 9% Despite Oracle Canceling $1.4B Contract: What’s Really Driving the Move?,https://news.google.com/rss/articles/CBMingFBVV95cUxPZXJVMW5yam9rYTJRdzROaFRUTFhxaDBmWE1vd1hCRWttdURHRFllS3A0V2ZCLUlXWXc5U2J6WHg4UlFkTWlBbzRNdTVFX3pPRFlUMkpWazRtZUE3REEzb2tpeHNPeExZMG93MDZfLWpFTUNOM09VR3cwNWRCYXVGSTJpYVBYUnFLRlMwMjE1ZllUQ1BaNmpQX29McU5tdw?oc=5
2026-04-24 03:00,Yahoo Finance,finance.yahoo.com,Why Super Micro (SMCI) Shares Are Getting Obliterated Today,https://news.google.com/rss/articles/CBMilwFBVV95cUxPQTdxcVRIQ1pkSW43UVlpWHUycEJUTjIxLVlMOXViNUQ5MXJ0VFNNMk5LQXRMQmlURjhhM0FYendXOTlGcEFWZlRDLWtGUVhiU1pKd0MzQ2U5X3k4LXpPXzNQazZBV0dOWURZUmYxZ3VZTG1CNlFDeXRPemVzcVRaTWtnZzB1TUxSVHNMZXU4X2lDVXdUTzd3?oc=5
2026-04-25 03:00,Yahoo Finance,finance.yahoo.com,How Oracle’s Canceled Nvidia Server Order At Supermicro (SMCI) Has Changed Its AI Infrastructure Investment Story,https://news.google.com/rss/articles/CBMipwFBVV95cUxPRlhVUGxkNFRjbG5OclRHU1RzWWZtVEdMb19MeldtcmZHd2QyMEpHWlh5N3d1T2hENzNMVVZqTkdieEJsVUIzRmhucF96MnBqSmxNazdmZVlIQlA1SDJ2NVo1bWhPNjJlVl9jTE1GeXB6Mm1CbGNOVXN0N1phVHZycEZ6cFlXM2tMTWdNaFk0WjZ6emFyczh6U3pSNkt4V3RDb2Q4NHF6OA?oc=5
2026-04-27 03:00,Investing.com,investing.com,Supermicro expands Silicon Valley operations with new campus,https://news.google.com/rss/articles/CBMiuAFBVV95cUxNQU9hTlJsNHFzV0dFRVdzQWRxNmNwOFN5R3VqTk5vQ29rMWlzc0dFRE9OVk52TUJBSl9tVTF1WkNOQWJGVE9VaE85cUt6Vm1saXVLZm1SVFRfb2oxSkdvMXc3NU9XTEl0RHZ4UXh4LXZOaFlzQndwUG1QM3BpQk9DNVNmLV8tZVFLMWViV1pVTUM0alczR2dNRVpyWDNmV05oN3VhWnBMMlI4Q1dVZGFhNUZzMkpzaWVk?oc=5
2026-04-27 03:00,Yahoo Finance,finance.yahoo.com,Super Micro Computer (SMCI) Stock Falls Amid Market Uptick: What Investors Need to Know,https://news.google.com/rss/articles/CBMinAFBVV95cUxOemZNLTJCV0F4QmlhdGZHY283ZWw4X0d2OVZrNGZEWW85N1VSY0xIdDBlUlJsZU9ITjloU3hmQXZObG1tTHJ2OWh3cklkQjF5SDRGREtwcW5ESkVhamd0eVJqam41T1RROXYyNWRJUE1LT0J1MG1IVVRRdDZmZWZtWTNiUUoybWJYZlVWN2VUXzBGR0tLbmpMekllUVU?oc=5
2026-04-28 03:00,Benzinga,benzinga.com,What's Going On With Super Micro Stock Tuesday?,https://news.google.com/rss/articles/CBMipgFBVV95cUxQSmprVHdsLXdkR3piV2hzU1BjeWw3TUxvNG1RbVVTUGNxeGlfdzQ0T0gyWDliM0pwZWFmZE9GQlB2Y2hVeXNNdnlzcFlYQWZYTDhqNU1QdWduanU4MEpsUzh5ZnZ0am4xanVobHR3bnd6X3dvNWxHQ2ZfWk4wYVlOaUJDM2N2bEVjWEVNQlNEclpVaGlISmZVUWNzV3prUmRaT1pMLUFR?oc=5
2026-04-28 03:00,Seeking Alpha,seekingalpha.com,Super Micro Computer: From Bad To Worse (NASDAQ:SMCI),https://news.google.com/rss/articles/CBMicEFVX3lxTE80aHRyNWowMmJJTkZvZk9MelJTV0JJVEExak56Qi1sSUhxMkhMT2xPdzVLSEFSSzFYX0MteHNtbTlNOTNLU3VYWTdzem40elEtaVFHQTdkV0xPRE1LUDNmSG8waWR1OEFzbmRzX0Y3eE8?oc=5
2026-04-29 03:00,Benzinga,benzinga.com,Why Is Super Micro Computer Stock Falling On Wednesday?,https://news.google.com/rss/articles/CBMitgFBVV95cUxQMzlKNzlvZmNNc3pfTU5GZUhzODV0cjZhODVPUUFoZzkyQUN6bmRBX2x4UkN5Z2JwSVF4XzlUcFFlc0Npc3JsY01tQkpwRjVCWk5fbnJSbUdrMjJ0a1dkV0VyeFUtRnNVcW9yUEg2OUd1eEpvcF9QeHY3V0xYRVd5dFhCM0ZKSmtfTFdjMHZSZnlseFdUTGxQQnBGeFcwQmFWMWZtbjZsZFlnaHBoMHVaclNUTk1zdw?oc=5
2026-04-29 03:00,PR Newswire,prnewswire.com,SMCI Investor Alert: Super Micro Computer Securities Fraud Lawsuit - Investors With Losses May Seek to Lead the Class Action After Allegedly Concealing Internal Control Weaknesses: Levi & Korsinsky,https://news.google.com/rss/articles/CBMi6gJBVV95cUxNUFgtV25uVlVyN2RxenRjMFJtU1lQOGhjOTFCY3hHRTlkc3N1YzBBdHBfRnRubXRtSV9SUDV2YkJ0S3VueTVtZVAxOGVmS01yXzFSVFVvZjI2OWRJdEdsM1hReDNvMFh3QVlrMmV6b1ZWUUl4OWtpd18wMHFfcmlfQ1BtbG95WlhNZ3RLMlkxSlc5aVU4b2tid1RkS1VoSFRYWndVZkxCN0JqTTN1NWFjcXQ4R3VxU0pGRU5XOW1kVkxIZjRNR1hzVU8xVmVwbndHc0t5c00zcXZwZ0VtS2FMWnZmeHBqZVg5WndYSk14UHhTUVowSGFudlVDOVI4MFgyWDZ0MlczOWN3Y01PM3dQZWRKY1BuT3RMOHlHeDVkQU9zbWF5X3laTzA4ZWoxS0M4T2VraTFsRF9icE50SWJOMnBOQ3VtWlBzLTljRE96aUFyX21EZkxYVFdVTUlTVEhsOWw2VGhxaEczZw?oc=5
2026-04-29 03:00,Yahoo Finance,finance.yahoo.com,Analysts Project 23% Upside On Super Micro Computer (SMCI) Amid Growing Presence In Edge AI Infrastructure,https://news.google.com/rss/articles/CBMingFBVV95cUxOVk5yYmEzNU5FSDFvV25pamhWeDdjRzdiMjhTY1VZU2RKemFfV0pKMmdDUTM1b3NMeGplbXlxTVZPbENlZnc4Q09UcUh0TUZsMlBPQUN2aDVBRXpncWh5YlR1cG9VWUlLR2pWNkwwbnlScl9RU1FHQ0c1MGRJSFh2QkRxeVlqVzQ5bWxiOWZtZ1BIYnVZZ2s3RjR5LVFldw?oc=5
2026-04-29 03:00,Yahoo Finance,finance.yahoo.com,"As Super Micro Computer Expands Its Data Center Offerings, Should You Buy, Sell, or Hold SMCI Stock?",https://news.google.com/rss/articles/CBMinwFBVV95cUxOVUpxa01qY0RZbVF1bFlSc3F3bURxbF94c0xkTy1HTGViSDZsX2RCbUREWWdKb3g5d0JJS2ZzWlhsVUJpVERzaXRvdUFtb1dXNGVERHJkQnFsM1BIdnVCWGpiOHpJeHAzWXRnd2JJZGs4dU13OHdlMG1PUC1lYVRjejdnSzZ6RkdVeDZmUENoWGc3X25CMlNRYThqaThXVW8?oc=5
2026-04-30 03:00,PR Newswire,prnewswire.com,SMCI Lawsuit Alleges Allegedly Concealing Material Information About Revenue Sources Tied to Export-Control Violations - Super Micro Computer Investors Face Losses Following Allegedly Concealing Material Information About Revenue Sources Tied to E,https://news.google.com/rss/articles/CBMimgNBVV95cUxPcFA4OXdBbTZ6UFV2cnJpS29XRFBBR3JaeWNiRVNoR1BOdEZhVGpEVjk0b1NaSV9oNWxsc25ab2gzRmgzcUN2NG5MLVBGUVBKaVVLSlRfVXdjUUszSTVTSGRIMVlhWTdkVHhPSEJ2S3pQT0ptRThDcXdDRm9EZ0NxR2hra25KdDdveUN1bzdZTWJORHNTeWhCV0lCSVQ5eTRmY3I3Vi1WanZZUGdrNjRRYnBnQTd1NFh5NDlvWnZnUC0tU3dSNkdBV1lWc1ZybVl4TmwyTno1NmhNUEZMdjNxMFpQWllSVnpjTkI2Y1FyT1JjMDloZzg5eTlMUDc2eG5WRFlLM3ZiQnBzY2hYaG0tNmJXTFZPbkxPT3FpeklOcVlnOVNkemlKZ0xJMUxQaE4tVHB4elJaUGIyb2hTeXV0WmxFb0NUQ0YwV3k1R1pSbG9nMzRScllxSWpTX05YY2FoWWpHdUZLZExQaGpYTHVkR2FDX2tlWVNKcHlnVkIzZXRwTVFrRHBtXzNHazh6dlRPUWRzRjg2QWNVdw?oc=5
2026-04-30 03:00,Yahoo Finance,finance.yahoo.com,Is It Time To Reconsider Super Micro Computer (SMCI) After Recent Share Price Swings?,https://news.google.com/rss/articles/CBMiowFBVV95cUxOUkYxOVRoSkFoNmhROHdKVjV4emlrc2Z5MWh1UXlsN2d2YmpaUVBuaS15RXZ6di1iZHAxbWFaVTEtcC1Sc3hrdG81SWh5aGtneGx3a096Vm9TOUM5LU1zRThFN01lcVlLVjN2Ull0RlF5bDBBZTI4dDliVkZsZFNyclVmSFdDY2Y5QmVyaU9kUDk2SFdqTVhpZ0xMeExKclhVTkdj?oc=5
2026-05-01 03:00,Yahoo Finance,finance.yahoo.com,Should You Hold or Fold Super Micro Computer Stock Before Q3 Earnings?,https://news.google.com/rss/articles/CBMimwFBVV95cUxQUENwVVRHR2pFNlFYdzZ0WDR1aDJjV2dUT0NxaXZWaFVXSGdoMUpSZUlSOHY0U1MzcDBxVU5VRFVLVVpqeHBpc1UtbURoeWN2NnRGM18yeFF2LXpyajhjWWNQNDBlN2k1VVU5cVFibG12Ymc5N3ZZX0NTREhycGdadW54ZFByYnllU0dmaWpaZlNTZmdKZ3BhZmxadw?oc=5
2026-05-02 03:00,The Motley Fool,fool.com,Missed Dell's Big Move? These AI Stocks Could Be Next.,https://news.google.com/rss/articles/CBMiiAFBVV95cUxOak5Ic01HUTFvZzZfSUM3NlRMLVlJSS1wcWNNVDF5YkE2TkIzejdQQWRfX3NBcE1sa2VVOFJ2STRtYzhzeDlYVEU1cDR3QVpVVHNIeEY0OXRKN2tEWU5rMW1aWDVjanRBSkw5QjJkeHEwOVBxdlNuWEJmY1Z0ZDg2WW02bTd4NWhG?oc=5
2026-05-04 03:00,Benzinga,benzinga.com,Supermicro Expands AI Lineup: New Liquid-Cooled Servers Drive Stock Gains,https://news.google.com/rss/articles/CBMiwwFBVV95cUxPVGloQVhhb1hkaXNiWVprS2xHNTZhR1Ezb2M4eW5BSWN6LWNRSW54QXV3RmZYQXF1RHZYcHdhb2ZjSDlyOFBfRmctbDNxYl83YkZpZkQ2NTI3VF9xdUdsNTVmVF9OcWx5N292eHlGMzVDOXF5SUg0YkJ5N01ITXc0VnNzazVoZlBNRXMtUGFhSVMzN3VHMDFGaGhocXJiR3gwMm1sOWdTa0lmWXhGYTZKazBQRUoxZEtLNHpKc3ZyTlQxcTA?oc=5
2026-05-04 03:00,Seeking Alpha,seekingalpha.com,Super Micro Computer: Get Out Before Earnings (NASDAQ:SMCI),https://news.google.com/rss/articles/CBMijgFBVV95cUxPdEtxUlVScVYwRjdKSjRIa3JjSVEzLTRyRDFiWWtPNEdPY3RIVjBZcXVjN3RORlJIaW5TbERkbkgxZFd2dUh3S2VmOFh5WW9pZDBsRzBISF93djMtOW54Mm8zMzRFVDBNLUlYck9xVEV2ODBRcjF6X0FTbWdudzh5YmxHQlpqU1JvUElmeG9n?oc=5
2026-05-05 03:00,Benzinga,benzinga.com,"AMD, SMCI, INTC, ANET, MU: 5 Trending Stocks Today - Advanced Micro Devices (NASDAQ:AMD)",https://news.google.com/rss/articles/CBMihAJBVV95cUxQRTJURnZMTi1qODl2MDNPTkhob2ZRMDBjTnVkVEhLOHc5dWtPTWFhT0djeXNYVWJGWXVDQ2F1NlgxZmQ2NDNDdDloMnV1Wm0zUWE3MjF1ekJ3bkZFS2NSQWZPMlNoX0E5RjZJX2Y3cWJqYnhaMTVtWXFWY0trMThTYzRGandFQVZTdEZBUHVQeVZiUXY1c0dNN1lPcEVOdzhScDhwWWtNemptTndRdGxpTVJTRzJNZ0VZcWRVbTdVU280TFQ4R1ZxN2x3TzNPaFQ3Y1o4dFFzWWxCei1kZ016cnd4UF9LYjhOLVY5TXhtcHlDM1poaktxT01aV2dQdHpCc05hVA?oc=5
2026-05-05 03:00,Benzinga,benzinga.com,Super Micro Computer Expands AI Infrastructure Lineup As Market Awaits Earnings,https://news.google.com/rss/articles/CBMi1wFBVV95cUxPdXpOaW5hY3dWMEVyYXN2RGV5RWo4U19yTkdiYnVidWttOHRZZEVRblJ1RGVWMGpUZHdMUk9xUUFDQ3I3d0pwam5DMGNFSHZWeFFSUkFGaGk2VGlmRkxncHRCZndUNV9qUnNyYUxOREFLNmJqdnBxYTFpem41czlZZWhYd3UxUjlxTnV1RklKWkhLU0k2cGczazRpaDhGZ09BQ19LMm9CZVJmMGx2bUxkS0huMWxaOUdlWXM1bjZkYU41Zk0zTGF4WDIzYmlqVUF3TFE0ei1kNA?oc=5
2026-05-05 03:00,CNBC,cnbc.com,Super Micro stock jumps 18% on guidance beat as revenue more than doubles,https://news.google.com/rss/articles/CBMigwFBVV95cUxOdGV3ckw3akxfcTBiUjhacnlUMm03SnNrNy1vQ2pFYXRKRlBDY3dNWjg3RWZaRVF2M2FnWXhuYlpUS0ZhRUlTanlNS1BSaUVtclgzdUF5eXZBRkZwYkVKRG44QlAtTlc3dWVQNS1tX0dVc2VzU0dSOTRtMWNtZ2lhQjBoSdIBiAFBVV95cUxQblRzQkJOUUZvcjVXekJjR3VmU2NaWm1EUUNaZGRHVEZKbnRQUjF0T2dJRWxESURNeHpuYThWaFZ0RTA4OXdJTGJGYjNiWi16REZUSk01ZmIzcVBHS1RIX3daU1k4X0JOdlJSb2xkUGNxT25Qc2ZOYUl2SzRHQ3hTMXRyUzJxa3Fj?oc=5
2026-05-05 03:00,Fortune,fortune.com,Supermicro CEO insists 'no one' beyond indicted employees were involved in alleged $2.5 billion smuggling scheme,https://news.google.com/rss/articles/CBMikgFBVV95cUxORjZXandKMW01Xy10RWJIRUNQUG5aZ2lGb1lBVTlieTNuUVpPc25VSmVreE84YzFJeTRqYmdHV1lZNHNnbVR5VHVzM3VXbVZidDVCTHoyWGsxWHdHYTdYc3lwbkNhYnZ2SG1nWGRlYXZQdUUtOGt2WndHTDJMS0tPRXg3OWpiVTE3bmZENUVkdk5idw?oc=5
2026-05-05 03:00,Fortune,fortune.com,Supermicro's cofounder allegedly sent $2.5 billion in servers to China—now there's a probe,https://news.google.com/rss/articles/CBMihgFBVV95cUxPaThDTGF1NURLMDcwSTVEV2xUZW1mcHBRWDFGYXMtX19hdWVhRlY2MF9La3dXV2JBaGlnTFoxblA2SUJqRjZFT3ZhSGFOSmRVLTBRSElxSVhGemJkOHo2Nk9jVjRabDdTekd4VVd1WUlrQ2N6emJFMHg1VVh5UWVmd0xPdTZvUQ?oc=5
2026-05-05 03:00,Fortune,fortune.com,Supermicro’s earnings call today takes place amid a probe that could be ‘fatal’ for the company,https://news.google.com/rss/articles/CBMigwFBVV95cUxOdDZ4ZWE1RU56OGM3V0tKTmZLbDF6UE9fVXdYZEZ3Z0Q2T2xFLWNUclRfSU03TUhEMVMyaGdQay1XZUZFamNXNURnb3BMcV9DVzdyaUtPcDYwRzFSSlZibURYc3UyWm9CRHFVcGM0MXRlN2Z4azNuYnhDWlVxMlhwYWJqVQ?oc=5
2026-05-05 03:00,GlobeNewswire,globenewswire.com,"Robbins LLP Encourages Super Micro Computer, Inc.",https://news.google.com/rss/articles/CBMi7gJBVV95cUxNaEJwbUhLV1QxN2oxNWo0aExxM0p2c2dCUGxqd21PZlJfOEE0VFF4Mm56SWtna3ZEX053d1d0NG5MNkxrc2JaVDBPWXExeTRtbEp1a3dUWk9QbzhvMHBYOEhEVUVEVkxXS0RZUlFPZTkwdXZvY0pQeXU0S2NwWE95ME9GcVhRZ195Y2xTc2pIU05MN3k3YU5xYmJURktFUWQ4LW9ETExjdkRLdDZSMGt3S0V3bUNpRTJSNGJyN3JMd1lMc18tODZZV0RPbUNoUkluQzNoLVZreFg0cmVnbHlBMVdmYkYwMmdLY18xZUJIQldLeWgwN1N1dWVSdGdlUWgwZDBheDQwa0RTaGVFSXlkcmlsNFVLQkQwTGpaSnBLVXRhcFVCM0VtckxDOWt3TVN0TTVMRUhjTHJHbkN3M2xDcE1DUUkteHRDS3Rlc1FHX3A1YTVRYjdaZkhXb3RhRjBELXBzYzdkTEJsa3NCU1E?oc=5
2026-05-05 03:00,MarketWatch,marketwatch.com,Super Micro’s stock surges as Wall Street cheers its margin recovery,https://news.google.com/rss/articles/CBMirAFBVV95cUxQOHI1bGtJZ1g3QTFYMnBPYjl6aGhmQk9OTGo3OUVqV3JvR3FVTGtIeTl3TWxXbERwSTF2UXRfeFhGdjJGYnlVeTJQc2tNQzRPeEZCSDRHRm4yb1o2ZUhPNUxNOFFEbmduQ3pESVhxcDJZNkk1Nk11TW55NEN0dExyMDVQZ3A3VkZXTG95blNreGlUNzhwWUdYYW9ia25qcUZwcmlaQXBjSlg1MExo?oc=5
2026-05-05 03:00,Reuters,reuters.com,"Super Micro bets on AI server demand to provide upbeat forecast, shares soar",https://news.google.com/rss/articles/CBMilgFBVV95cUxOeXF6c0FYM3pwdHlsMXJKMFF1QmZ6NWFEVGJaRE9FazdXS2RudWxZbTI5eHE5b0E4NkZ4ZG5GQy1RQ0R4bHU4YmIwWjBlM1dZUzRpQmNVSHBkMEZxTk9vVE1VUGlsREdqV2Fub29hc2QtSmZqTnRGUnQxQmFkU3lTRXhUOGxpZk9qc18za2xMeG1renEzZlE?oc=5
2026-05-05 03:00,Seeking Alpha,seekingalpha.com,"Super Micro Computer soars as Q3 results, guidance top estimates (SMCI:NASDAQ)",https://news.google.com/rss/articles/CBMiowFBVV95cUxOQnZUUF9PbzRBU1huT1drQnQ3OTMzMW9ibXlMQzFjYWlpM0JEcUpMT09pWUtCM0plNC00Z3JOS3pNZ2lrTkRtbG84dk8yVFBHLWp1eEY2bWtzUXlQZXBZSE5GeFM4MXZSY0FGWWl3RzFGaUJmV3Y2VFhoN2ZNRG5mNEtJUGctX1o4UlFuYkJscmJRRkpGM0lWOGNQTlhZajNrNU1J?oc=5
2026-05-05 03:00,Seeking Alpha,seekingalpha.com,Super Micro Computer: Market Has Completely Misunderstood Its Latest Earnings (SMCI),https://news.google.com/rss/articles/CBMiuAFBVV95cUxOdEVJdEFhOGptSVU1TzBmdGkzWEtjem9WbFBRTlNQdDlMUVBnWWdnMklwM1hsUVhJSE5vQ3o4bUZUWnlyXzY5Y2htZEJ5QWx3SVNvNUtaNWRhNWE0b0VTeTJ6RnR1dHRiSHN2Qkt1aXluVXZ3SEs0cEhxNlkxYTFvQ0JkemtEN3d2U3pIMkVnSkVLWFhFb1lSNXhvRnQwS2QtWnp1RGdCNjlIbFBmSlgwSlQ5dFpocnZx?oc=5
2026-05-05 03:00,Yahoo Finance,finance.yahoo.com,Assessing Super Micro Computer (SMCI) Valuation After A Recent Shift In Share Price Trends,https://news.google.com/rss/articles/CBMiogFBVV95cUxQR201aG9ueldvWkR5QkVoeVdZTTdiZGo3aGtaRWhjNGRiODVMNU9WN1prVVc2ZUdmQ1R3b29LdFZjaGR0bWxPSEh3QlJlWGNJRm1palBoa2lrNFVTbzd5c2NiTDRmT09ibXBzdmxjTG5FaFdJdHFKU3lHV29wUGo0blZzT3F0S1puOFVmWlQ1Z2xWX3RlZUNtZjQ1dmhsZWlHWWc?oc=5
2026-05-05 03:00,Yahoo Finance,finance.yahoo.com,Super Micro Computer (SMCI) Beats Q3 Earnings Estimates,https://news.google.com/rss/articles/CBMinAFBVV95cUxOSGJfU003SU1sV3ZDakFBQWV0Z1JWbmU5UTBHTzExRkJjNUNfcXVtcWpjcWcwWjB2c2dmT29uSjRoMUhCUy1NbmlwbEliQWk4NXFTMlZTTUpmYk1ic0M4RzhLWWpnRV9CUlhQTkMwSFdjbnFEVGVFLUNxMVNnM19EX3cxVWJaU04yUThUMm1LTEJJSWtoZnluaDc0eTI?oc=5
2026-05-05 03:00,Yahoo Finance,finance.yahoo.com,Super Micro Computer Stock: Analyst Estimates & Ratings,https://news.google.com/rss/articles/CBMioAFBVV95cUxPZGNkWUctNUl2cnVDa0x0WXNpNjBzQUt5SEVIWmJrbGRNZjFFZUdTd1lNVmFXRVBEdS1KOVJvd2Rvck53elJLLXJwWUtERkFmMWp1emJpY0ZNNmd5MjBzNlh2anVMQWRCWDRYZzdGYWlOVjIwckp2c0d2Wm1rUnpVdmhaME5aWVU1X3RiRmVITzEwLU9GVXJmUnpmVHZSUGJP?oc=5
2026-05-06 03:00,Barron's,barrons.com,Super Micro Stock Surges After Earnings. Why It's Shrugging Off a Chip Smuggling Scandal,https://news.google.com/rss/articles/CBMiiwFBVV95cUxNNHZ3NURnYXpXR3ZpMEEzMV9CUnkxMmhSaERnNjhQMjlMN3pyYXg5eEsyM2xYWnNXTTBWMWpQM3NiZnVsNVV3SEhzc3lLM1NTT0NBRktnOWlQU1hLQ2w3bkx4T2hjbld6RDIwVGdfMVhub1RxeGlfTk9SQTdpY0ZkdFdON2pYa2RoM3Yw?oc=5
2026-05-06 03:00,Benzinga,benzinga.com,"Stock Market Today: S&P 500, Dow, Nasdaq Futures Rise As Trump Pauses 'Project Freedom'— Super Micro Comp",https://news.google.com/rss/articles/CBMihAJBVV95cUxPcXN1ZmdmUmlrRXBNMW1HNXhscktLdm9hVHpMc0NjSVhLMjdHMTJkTF9PbjYwbTM3TFh4bDNnNllQRzg0MDNfbFUxMTVvUzJHWWYybWxzY3N6b2FwSTBNbjh6cVBXU1I0ZEpHdlZ3WFVBVDZLYTNHY0o0akZQQ0JERGtOd3pqcU42aWJHcF91MjBJRnRkYkRLdG9sWG9yNUpHRkNmQTh5ay1PSjdFUUJHaUpZS2VQWHo2bzQyamx0cV9iYkt1QkxhLVlHc3J3bUpaVGhVTWJGRkJ3dHpHYmdhQzMzbHhhd1NKSTlwaEdGVmpEdk9GMDhqc0VBaDEycTJlYmlBWg?oc=5
2026-05-06 03:00,Benzinga,benzinga.com,Super Micro Sales Surge On Upbeat Guidance Beat—But JPMorgan Warns Of Deep Risks,https://news.google.com/rss/articles/CBMi6gFBVV95cUxOWjAyNk5HdlU0WUxaQVBudzhXdHJpeE9VYmZabUJmSnpFR25yZEhsT0FLcG80SVZXRjliVUJmcmwxUUxKMEwtM25pNXZwMTU5UjZFWGk1b3ZWcExUeTBHbzVBZlpYTlk5UXNySWdMUWgyeFpPNC1ycVM3LXlGLXBkaHBvdTFpOGNIZEc2LTJPbHdteFY2OGlEbTcxQWNvMFR0NUU4d294RkUzcjRwODF2ckJveXRfc2x6c05FakJwR3RiZXpxUlJkNC03OF80Rm9mVXRndzMwUzlnNHdVME1wZTBjdjVoTU16UXc?oc=5
2026-05-06 03:00,Bloomberg,bloomberg.com,Super Micro Gives Profit Outlook Signaling Costs Under Control,https://news.google.com/rss/articles/CBMiswFBVV95cUxNeTl6WG8wZkdOQXJpNmNIVUdrVnl1cU1JZVlhdDl3MUlyV0ZCT0diUXMyallEVENOTURLdmxfOW9SMFB1ZDVaT1ZkNUpQYnBBZWZlUFhJamd5ZU1JXzl1SDl3TWJ4TVQxNy0zeGlYVUNkTE80LUhYUEJDZkJ3LWdVeEVsUWMzUjU4WjE1R2dXQm83aFA3TEpocFlXbVQxd2JJRExlNDFDS09ESjFpa0NiVXBFOA?oc=5
2026-05-06 03:00,CNBC,cnbc.com,"Stocks making the biggest moves premarket: AMD, Disney, Uber, Corning, Super Micro Computer & more",https://news.google.com/rss/articles/CBMiowFBVV95cUxNdFRLWnZXWndKUUpsS2VFbnU1ZVpWQktaNkdpSm8tLXR1WmVVSHRPblhNV1RZWmlzM2FscW1hVnVUZVZ6MXZMRHhlTTNVSkFWUW9TRHY4T09ERWRELXIxYmdSV0NPeXNndENIWHhRYXhQQ21aMmlRNWxqWElPOF9tZHB4MGRKOU0wNzM2ZTlzbDNzSmJQWFRvUzZCSVctbktldS1R?oc=5
2026-05-06 03:00,CNBC,cnbc.com,This AI stock was left for dead. Now traders are betting big on a comeback,https://news.google.com/rss/articles/CBMirwFBVV95cUxQdXJrSVUzbVNZbWE4UUR5N3ZBOHlpYnVRR3J6aUNJWHl4UE8yQWNrZDBBcXVKdnBXLVBKRXV5T0pOMFcweVRPcFlKMWV1NHZIZ0dCVjlmSTR6VGFCakZXcm9iOUpvbFdfZTBwSThENXp2QXVxbUFwYi1fMHlJd2N6RnpJa3d0T0JyVFBWcGpSdkh4S0xIUno3V2FDMGIwSUFfcVVwdnF5b0pQV2djMDVZ0gG0AUFVX3lxTFBnTHZkaDBESGcxdFZVczAxY0lHUjJ0elR0cUoyZHdpWGo4X3NBUXFoYkh3a0lKcW1kUjNCbEx3R3ltMlV6bXlBMlJ2T1V2TVQtWnJLbGZrcTNuNGxoOVM5ZnR4LTFuTmktMGVieVJWYUtEdTRMYU55dVAtT1pRQUJoOTdzckNKT09QdFFfUW52em9PeFJXQzc3ZUt1MC1kMlhabE84LTFJWFo1bHFMSU01V0FnTQ?oc=5
2026-05-06 03:00,Fortune,fortune.com,"Fortune Tech: Coinbase layoffs, Amodei’s AI narrative, Supermicro server scheme",https://news.google.com/rss/articles/CBMigAFBVV95cUxPa2R3YUlMWXc4VVg3cFF5ZUZ2MDNOTXV6X0NmZVJTbm9yZW8ta0FsclFhODBjazgzeEFfN2VvY1RXeTUtZzVCMml3ZlBTeC03bDhoZEpHamZxQnZGcnNNbDkybzBjQ0lnaHhDckQwNmtmTUpGTUdFYy1yVEVseWx1dg?oc=5
2026-05-06 03:00,GlobeNewswire,globenewswire.com,Super Micro Computer Shareholder Alert: ClaimsFiler Reminds,https://news.google.com/rss/articles/CBMi8gJBVV95cUxPVXZXQ3FYZU1CUnUzc0ZBS2l6azM1VEptdF9DdjFZV0JmR3hmVEZtV3Y4QkFRVXh2Ukhka21IdTIxMUd5X1lhWVdrcVRqRTdhNGJzTWFxN1B3TVJLTHZwSFlxNEFDaDBvWWI3XzVtS0dIZXg3THdrNzBGeXpQU0d0TGdmeUZweDJLeExWYUVhX0dYSGlEeDd6dUFaTnNUMHg4a2ZCeGx2LWlHWVBwRWFiUlVKdFJGUDFURUV0eHBnd1BnMHFzT05VSVl4NmhKZEU0QkJlQXNwcFlWVVpPRnVxZnMwU0JzdXZsbG9zZFFXVkoxNHczQ1ZTNXNCMzZRdGRaWXRXMVExU2RLUUZlMUVHVXVlN3FvUjkwTTVidWlOekwwTV9yZ2NiNGNabWlnSTJfUFk0WWI0Skxuck9mdGpyMnZ1UE5BTHFsVnpZaTc1cUo3SUhNTTI5YUg0RTJBYzBFM2NTbHBZOWJhajdlYzR3S1VR?oc=5
2026-05-06 03:00,Investing.com,investing.com,Mizuho raises Super Micro Computer stock price target on guidance,https://news.google.com/rss/articles/CBMiwwFBVV95cUxNN3ZQWHlEM1dJbW1qYndNalp0aG9RWkUwM21SNi11RWhld1FQYjhjQnluVzBLREwydS1YMDF6V01MR00zZWF6bE5pSzh6UXJueFlBam5BeTRVQXZSeDBuY2dtNlB6WnJZT3hNNXBOSFhIczRuYk5hd1ZCR19XWTVhRFlHVGE5ODRXMGprRlFBcjB1Y1VYckgzTlJ2aWItZFZKNEk0TXNreENaT3dkdHB1cDFnRTRlM25YdE54QmpQS0lsbjA?oc=5
2026-05-06 03:00,Investing.com,investing.com,Rosenblatt raises Super Micro Computer stock price target on margins,https://news.google.com/rss/articles/CBMixwFBVV95cUxPRW1WSUlCTkF2aW9OeTdLeWNTZndzQTVxSjkzbW1WMkdITFBnNnMxeURJY05Vanktd1pycHVrVkotYk9GczVha182eFVQaV85c1puR3pXN0ROZ2RLazBsek1DOUJGVE81T2lNWVRnRmlMZ1ZhVkhFSnlUVnhLdmx6dVdncjhkbVRzTXdIMUxGRGFRWDhZWHJvMXg2bDM4RDV4czZKSWxINlZ3cmZMNXNFakZkYlpadV9iSkUtelV3VzZIWTg3MGlV?oc=5
2026-05-06 03:00,Investing.com,ng.investing.com,NANO Nuclear stock surges 12% on Supermicro AI partnership By Investing.com,https://news.google.com/rss/articles/CBMiugFBVV95cUxObElsUFZrZTFVc3o3d0VNVU9jMUdaek9ibDlZRm5WVEtrMUJLNlI5NTJQM1ZZOEtyTHJMOFVZaUcxOGpyelF3QlFneDYwblpSU2dDbGNIZ283cGNSeWM4dHFEUEh2S0RtZXpZVUxlM1RVdWRkZmViR3pYT2MyUjBzQ2I3Wmdqbk9sc3Z3SkstVGpEUUpfT0lla0ZfSmt6aWxsLWU2NzRib0ZjamxLSUJjelRFNFNGR1k2T0E?oc=5
2026-05-06 03:00,Seeking Alpha,seekingalpha.com,"Biggest stock movers Wednesday: UBER, AMD, DIS, SMCI, and more (NASDAQ:LCID)",https://news.google.com/rss/articles/CBMijwFBVV95cUxPTjZzemVWZlhUUDBFVlZhbTRxN0hYalJ3d1BHNjREMHZVMTZuQU9WalpkVnpkNTBEd1JNTGh6N2l0WWlNVUk2eEd6X0k4eHpNVTdJRUZrZW5QRzRZSUtCUENpV2RZRHlXTzNkaXNPTkdBSUUxWUFraHRlSTU1RHJiaUE0ajY0U0F2ajYyTzFPNA?oc=5
2026-05-06 03:00,Seeking Alpha,seekingalpha.com,Super Micro Computer: Sell The Rip While You Can (NASDAQ:SMCI),https://news.google.com/rss/articles/CBMikgFBVV95cUxQYUN0d2t4M1FXQzVQMTc5bW9GclZCaWxXZlRhbXlSTUVabVZibXo0bGZ6VEhDdWM3VVptX2RfajhGdFRUN1pydGUtb1A5N0dpQzJiMlFVSXBGMWRxUkl2bTViSm16QUdWcVJBVTA3UmV1Z3ZPeFVKSkFVbU14WDJTMzJGY25MNzZIWk9wM0hQd1ZUdw?oc=5
2026-05-06 03:00,Seeking Alpha,seekingalpha.com,Super Micro Q3 Earnings Review: It's Just The Beginning (NASDAQ:SMCI),https://news.google.com/rss/articles/CBMilAFBVV95cUxPV0MwbUZKTFQ4R0VPTk1OcjBQcWk4YUFtOFFWQkFWRTFta1Z6UmlkUTJVU3FfUmNseUkxT0V0RVBGaHhmdmZ0RE1fY0piT2VRNlVqZHpWd0h0V0daUVFZMTUxcXlyMXd5SUJITmhyZGxhb0VGWVMyZExYLTZyQ19icUZoWUVFTm9LekRpNlhqUzI3RFhS?oc=5
2026-05-06 03:00,Seeking Alpha,seekingalpha.com,Super Micro rises after Q3; analysts remain neutral on governance woes,https://news.google.com/rss/articles/CBMixAFBVV95cUxOVWwtdkxmYkk2MzdhUkJlTV9zYUZJOUlEeExRUDI2YlpsR1pWSkFpTTI0ZXU0dkpFdWRNWE14dXpDVG1fOV9SM1RnMmRsbU9sb1IyWjlsdUpJT2RnOGdCWC1xX2Y3UUdIZHJkdFlYM05ScEZ1QkJYazR5ZERGYUJFLXJMUW9VYUJKX3JTU3NHNWx6cnQ4TnEyY2tTRVV6MXRvemtONXVQZmNzRFRhX0NhOXRSX09aZXJNMUpQRXR6S1lNM2hD?oc=5
2026-05-06 03:00,The Motley Fool,fool.com,"Stock Market Today, May 6: Super Micro Computer Surges After Earnings Beat and Strong AI Data Center Demand",https://news.google.com/rss/articles/CBMi-gFBVV95cUxQQnF0NHROdTlBYldUQ2VJYlFNUmdlRmZPR2RoVXVwMnhZQ3loMGpkTzlORE1ZbzF3QVJVeVU0U3V5NUc2d090T2lCWU9SY2VCNFJ5VTZadTNFcFN1dWpFRW45ZkZUbEoxUXpyYzZORDl5cVMwMUptdXRac0Nza1hDUXZoQ2NSREgtODhvWmV4Y1VxV3RPUXJlYWFhYmNEY3FGVFE1TVhyOS1iSkpyOEp6cUxzeHFEd0ZlTmszVnM1SXRBRDRER2l0ZVBXdC02dGMzblZpVjdMZTRqWjFZVjk0c3FEUlF4QTdZSkxMeUdlOFBsdktaRUozcXVB?oc=5
2026-05-06 03:00,The Motley Fool,fool.com,Why Nano Nuclear Energy Stock Soared Today,https://news.google.com/rss/articles/CBMijgFBVV95cUxQLTNRN0JucDg4Mkk2YUYtZk14N3dIMnVaVUdKMEM1c19NQ0NTWk82VVQtWVhrS0haX2RibDJWRjI3RjFxWldZOUtnT0wxbHlkN09mRUp0dUxtNTJGTnZXSHQzczFlU2REd2FZbTN5amMyTnhzZGdRUUpnMDlhenk4cGJmN3hYV3EyNGVSWVpB?oc=5
2026-05-06 03:00,Yahoo Finance,finance.yahoo.com,"Super Micro Computer Q3 Earnings Beat Estimates, Revenues Rise Y/Y",https://news.google.com/rss/articles/CBMingFBVV95cUxPNFN6bHJWNDdGMWdwRjU2aEl5VC1GTTljQkNydkhtM1dlZGwtMWhaUE90SW93T3l5OUNSVWlTQmlWZkVfOFBkYml6MjVBLTVzNnVaUzZsN1ZXRUljUEs2YWlJUURMaFloc0lzWExPakxIeUVSOUxkYUR3cDF6Qm5KNE5CYk12eVhGQjNRYkx0V0paeExjcER6NG9YYzJvUQ?oc=5
2026-05-06 03:00,Yahoo Finance,finance.yahoo.com,Super Micro Computer Soars on Earnings Beat. Here's What Comes Next for SMCI Stock.,https://news.google.com/rss/articles/CBMiogFBVV95cUxNc1ZnLXZHRzNKU0VRMWpiZTFnN2xBcXV0ODNGd3o0WnNxNWhaNmtsWkw1WDZsN1gwbFFqZHdDZ1UxUHNkNzB0c1VmZnF5cHljV2xkcEJTSXFRdGZuSWJVNVhSTXF0eU1pei0ySXZqMUU0Tl9QUl9OdW5RMGF6RzM4enpuTXRjR1N1RkJOcFdLelBOUFJQcjZoYm5HUmVhenNvWmc?oc=5
2026-05-06 03:00,Yahoo Finance,finance.yahoo.com,Super Micro Shares Jump 17% As Margin Recovery Beats Estimates,https://news.google.com/rss/articles/CBMilgFBVV95cUxOTkp5N2ttU2NMNXZMdklvVUJvV0hSYnpGOFBVU2FEa2Rwd0h0M0hJWmJNSThjZUtMeHpiZWtNbV80MkIxSlYxZmh6YTZtWWJhV0NpSjd6ZzU5Q0xfUzBRZm9CZHQxMzNfRkI0UnpFckI1eGtmU21adE56dlZ3R2MydkJSUTVTV2VvVUUxYmprYm1GYXNsNHc?oc=5
2026-05-06 03:00,Yahoo Finance,finance.yahoo.com,"Supermicro stock soars on strong margin, revenue forecast",https://news.google.com/rss/articles/CBMivAFBVV95cUxOQkw3ZTd5TjJIZHBtR1hmdGdXYTVmR2VObzZRN1JHVThySDdQZkFVUk1KZXlNbUVMTWUwX1NQdUdJZmU4MGVIcTQ1by1qQThfbEV2VXhMTDIySXVZQzdNTHRUakxuQk95a1liTmQyWm1DUnh5cTUydmI3NGpEZ2NkbDhXZ2VpcjF2WEYwM250djV0ZEduR095SEo2RHhvZlFRUldnUEtwSnRSQ090SklrZnRNa3J5R0RBR0dJQQ?oc=5
2026-05-07 03:00,Seeking Alpha,seekingalpha.com,Super Micro Is Getting Out Of Control (Rating Downgrade) (NASDAQ:SMCI),https://news.google.com/rss/articles/CBMimwFBVV95cUxOc29UMWlnMkdPeThmZXVRWHpLSk9CRUV6eW15a2RYTXBfd3dpNnpWNHZSdGFRcVdDZmhPWnhUbFFabFlGZlZNaEJqUHpXNW5MLTBWSjRKRld4eEszSzIzRGN2UE4xeU9KUlFYaGtaLVFQdlQtTnJfX3F4LWtGaTgzQzh4WHZOM3c2YlhzQnAtREJHeDBJVnk1Mmh4TQ?oc=5
2026-05-07 03:00,Seeking Alpha,seekingalpha.com,Super Micro: Exiting Survival Mode (NASDAQ:SMCI),https://news.google.com/rss/articles/CBMif0FVX3lxTE1CQjV0SE1obkljZzZlMExfaEdRR1BFUmlSQlpVZXNiOGJ3aC16MGRkTVBwZ3YtSjIwZmlhLUtyWEZack92MUVNRzIwVDBUcGtTb09yNkZua1d5RkRDcUNIYzktcW9wRVl4YXZzbnl4TUg5RlRSSGFtVUlxUVdWZm8?oc=5
2026-05-07 03:00,TheStreet,thestreet.com,Super Micro earnings put cash burn in focus,https://news.google.com/rss/articles/CBMijwFBVV95cUxPZWUxTGh6RkhNdHpXVXREMlBCYlpBRWdGOGk3R2wxSzRCRU1weDFubk54RGVBS29pWHhJaXppWF9QdFlwYkh3QjlQTXR2cW90MW5OaEs5MDY1UjdqNzVuRzZGdFJMM3pJMXByb1dwUHFxN0JoQW9scVZJUUJjWWR4X3NTcEE4NURoTUZSV1J1MA?oc=5
2026-05-07 03:00,Yahoo Finance,finance.yahoo.com,"Super Micro Computer, Inc. (SMCI): Influencers Outline Bear Case",https://news.google.com/rss/articles/CBMimgFBVV95cUxNNGNGVzJ0YVN3WV81UjZkSTlkRUkyaElWWkRaSU42YXFmamNIUTF0d1drTGl2TE5pZFpfWkp2VDJMbWZYNjFhWVFtaDJDNHdldWxLWkRsaVpDTVNGTmVJLTZnd2lUM1ZUZ0I0SkFqS1NXRjZJS0Q1bTdWMWJnbENRYlh6d2hsUTNTSWVIaTZJdFVUQVRubE4ySnpR?oc=5
2026-05-08 03:00,Investing.com,investing.com,Why is Super Micro Computer stock rallying today?,https://news.google.com/rss/articles/CBMiqAFBVV95cUxNTkF2dFJfcW9kQmlqb1pPdjJXRlhSRXJQMDBJaU9PVnctSnJUNHRxNVZFbnJvZEQ0SFBjaHh6YWRSRGZyYjNLZlpzaHU0Wm9uanF0WTY5MklSWFU4T2FtUDR3MHduM3lydFlCczhrMURzOHg2eUNTbTk3MGhzdVUtQmR6N3k1ZEp4d0xyR0NrMHgxTkctR3FDUkp3aFVTZGN6ZFFiNElreXE?oc=5
2026-05-08 03:00,The Motley Fool,fool.com,Why Super Micro Computer Stock Surged This Week,https://news.google.com/rss/articles/CBMilAFBVV95cUxOUGpfa2RJRk8ySjhrNV9FNUtscEs1X3dZcThOeWktbmRfVjJVMlNoelNtRHNJaWt0NFdnc0xsdEVhQmdQOXEzb0UzVW9RTEVvMEZPc0NUMDF0M0VTU0s3U1I1VExpb0kxNGFrdlIzMGQxR0hJTjRUYWFKRkhxSk1GXy02akNJU2hHNWVEaFpXMUw3b0M3?oc=5
2026-05-09 03:00,The Motley Fool,fool.com,Is It Too Late to Buy Super Micro Computer Stock After Shares Soar?,https://news.google.com/rss/articles/CBMikAFBVV95cUxPaWg0VlI2UFVYV2ZaU1M3X1JGTmhyY1BJSWFVQUlzZ0lYU21sdW95RG5oTUk1ZWZyblZWRXpXdWlRZHZwTlRabmRCenJ3TGp1VmJ4M3FMeWpFTTE3VW04QTZpU2Zrc3RWOEtjM3lubG5xQTBfUFFrTWlZUnA1NmpiQXd1bXlOUDZaZFowXzExZW0?oc=5
2026-05-11 03:00,GlobeNewswire,globenewswire.com,"SMCI Investors Should Contact Robbins LLP Before May 26,",https://news.google.com/rss/articles/CBMiuwJBVV95cUxOaVpwWVoyU0d4TGFzSWFqSjNDVXhrUFJDX2hwT0VrQlNPekJ5dkY1dVV4Z1R6b2xYdHdFdGRiS3oydG5PWjdjNWI3UjZQcHZZS05kU3BDSWRXWWplUVlUYzIyc0hNcEtRdWZPQjh1M2Q3MHNRN0l2ZmJjNXA4LTBaaC02ZjhRNDlWY0lkSHM4T0FSdC1zRmZjUnhCeWQ3cGU5czZHQlV0dER3UndxWEdyQWpENzlWYUdOdklhM1Y4R3JZaGZNMXNNbHYyaFRNV29MTy1menFjc2FqYURNQmxzZDBBemtiMjkxMU55N2dFRlcta2RuMDYtbnN4NWlpMVBtdEl6S2kwZXV2X2QtYTFXYVJ2TnNhM2ZDZFdBS0FjcWRldkFmbzJYajZiakJ4dzk5QmN3bjhHLVIzZDg?oc=5
2026-05-11 03:00,Investing.com,investing.com,Earnings call transcript: Super Micro Computer Q3 2026 results beat expectations,https://news.google.com/rss/articles/CBMi0AFBVV95cUxQMlk5eUxkejhqTlFLV3pDTzJsejJDZXlmcE9mNWxrS1hHUjF2SFljeW9JMEFFVkdWTDZ4UmpYWkVGUDRBTUk5cmJXdE9KRzVlck80R3I2b2w4TExzd21nRmpqQi1wOGw5R3dIOU1vRVYyREo0SlRTekN6Mmg4VkVPdF9aZjVTVXBId2QteEVkVFpPSkhMXzFvV0ZlZzVPSHN5T2hvUW1tVHJ6dE1yLUZ4Sy1CMEdHOGJGQXpLc3RSdjYzX1lnQTFVQXJBQm9LTG9B?oc=5
2026-05-11 03:00,Seeking Alpha,seekingalpha.com,"Super Micro Computer: Explosive Revenue Growth, Broken Business Model -- Why This Is A Strong Sell",https://news.google.com/rss/articles/CBMizwFBVV95cUxQc012OVZKVmlZMklMNnBLN08ybzVPUXZmbXpBenJobkVGbmdLcjAtcUxOLW9iR1J5d05GY1ZCYnBJRXRZbXk2ck12UVdxb0g0MzNiSFBNOFhjM2t4N3ZKN19ySDI2S0ZfWWtwaWxId3hxNkx4QXJ3OGk0ZzRzaGpoWHF6UTZoM3d6TzFvb0x2enU5X29aU1VwdGxoNFE5dWVpb3NuR3gtcVg5aG15MGl1Q3hNb2J6NDVrSkp3Wk5vTy1YMWlIbU5EU09sc2ZFRVU?oc=5
2026-05-11 03:00,Seeking Alpha,seekingalpha.com,Super Micro: The Risky AI Rebound (NASDAQ:SMCI),https://news.google.com/rss/articles/CBMifkFVX3lxTE5OVFVfbTFGTjd6S2l0d2FXOVp5UnI0WFY4eUtlMjZNa2NSSm5neTlZOWJZMEJCYU5SeVFuejBac3liR3I0VUlZVmNqaFVtaVVGam5YMzBNUEplZ0h3eDUtejdDYVBFdHZudnNDX2NqZG1maGI5cm5XVkVkYTB2Zw?oc=5
2026-05-11 03:00,Yahoo Finance,finance.yahoo.com,"Investors Heavily Search Super Micro Computer, Inc. (SMCI): Here is What You Need to Know",https://news.google.com/rss/articles/CBMiowFBVV95cUxQdS02bDNySU9PaGhzNzZMRFNBY3FEUlZXOGxNSzl1WktCMXc0b0g1QTk3TnRObllZTzZoZ3R1eWZvVmhEZGNDS20tMjQ0WmoxNEp2SGdQYlVTbm02eVBtcGstNWo3QUFGbjdVdkpsQjVxQzZZeS1XUFNGNVkySkV6Vkp4SG84VjhmX2NENmpBdFdXeTJJTWstaDgzbkFBSmhjX0ZJ?oc=5
2026-05-11 03:00,Yahoo Finance,finance.yahoo.com,"Super Micro Computer, Inc. Investors Have Until May 26th to Contact Bragar Eagel & Squire, P.C. To Seek Lead Plaintiff Role",https://news.google.com/rss/articles/CBMioAFBVV95cUxONklIWlROS3hqekNqZl9HR0FoYVg1LU9zMnMxaUJEbjQ4eHJyQnJQWm1PM2J4MVBCZ2NoVDM5bUtpYkU5UnFiaVNiZWFNSW9QUkNrajUxbWdfcWRWQ0h2Yk9xMXh3d2VOcTVONmhZNTEyN29XdkVkRTRCTDZYd3pmTzRzcC10N0ExdGVWR3JzUDYwa0syOUZZNU5pZmVuYjJP?oc=5
2026-05-12 03:00,Benzinga,benzinga.com,"Jim Cramer Said 'Smell' — AI Stocks Heard 'Sell' - Super Micro Computer (NASDAQ:SMCI), iShares PHLX SOX S",https://news.google.com/rss/articles/CBMipgFBVV95cUxQQnc4Z2FwaEFqTUtONzVpTXhUYWw1b3d1empyMHRFNGxCRlptSFNtUlctS0NYUTgyRjdlSDJqdXltUUVTalZiaGc4eUlPSUJtbG9jUVhjdDBaRXV4bzlHcFJfcDJvSGlQUTBtTzk0YjRJTzZtdFVVTGc5NUZaRkw5MC0xYlB0cmEzaktxQUh5SDVtMWxlbHFuVzhYUXF2T2Zackg5VENn?oc=5
2026-05-12 03:00,Benzinga,benzinga.com,What's Going On With Super Micro Stock Tuesday? - Super Micro Computer (NASDAQ:SMCI),https://news.google.com/rss/articles/CBMingFBVV95cUxQZnNYdVJ6Z2M1S0ZoNGd6dzk5T3FKbmxQZHJBRGhqN2M5bF9iWnZmZWxISkJZYUU2cUhsQnBPTTN4cGVXZ2phRzdyRUliWW9QbTVpT3B2cERoWDI3azRCOGZSRENBcV9HbXpZRzcxZ2JzMXRBU0otbTZBUnJnTXhpNnNNQjhXR1pyM0t5aS1ZVnhVX3p0NmFBQTVpd0xZdw?oc=5
2026-05-12 03:00,Yahoo Finance,finance.yahoo.com,Super Micro Computer's (NASDAQ:SMCI) Profits Appear To Have Quality Issues,https://news.google.com/rss/articles/CBMihgFBVV95cUxNOTUxVHhUeTZtUmJZMkJKd1BVRVNIRzJGbXZMQmFBNHFMWlJyblFvSDdlS0ZnR0xXRXVTcU9ucTBpdmxhdHA1cnlpcDlRSGtWQm1sSGpFRnBIc3hfQ0FzQmZqSU9FWGFzWkstMlMyamQ1YzlERTBRaDFTamk0YUtrSEw1V0Jhdw?oc=5
2026-05-13 03:00,PR Newswire,prnewswire.com,SMCI Investor Alert: Super Micro Computer Securities Fraud Lawsuit - Investors With Losses May Seek to Lead the Class Action After Senior Executives Allegedly Enabled Illegal Exports: Levi & Korsinsky,https://news.google.com/rss/articles/CBMi7gJBVV95cUxOblVtSWQ1d1kzUDFOOEJ5ZGZXYU84XzJ1MmNmZkR5NjlRbmU5a0U2RElVa3FiTzYyM1ZJM1VKMFE2d29CVnRMRjExN01vT2RoWk5jTjBueHpNOVQ3T29FSVZKWmd5Z05URGtlWHB0elRULVV1My1wekt3aWlHZGNZeGVjRmFLT2U2NkRTT3hOMk5NU0Frek1zRUNoUU4teUFDRm91M3lqaGxqdWpkYjZtdjBkazNnUUdBVkdrZFF3NzBRMkNFNmV0djRISlJrMUdFY3ZiWHc3eHJMcFptdDJPei1lbVVMYnJ4anVpcVUzRks2RUxUTUNYSlp0c1VuR2VybmJRUFJpNDQ3WS1lOHRtTFJDdnlaNEw4a296NVR1NWpuLXFtODIxYkxhVGdLXzdCbXJBLURWUUw4LVJkejF4WGxVMzNtNmRTb3B5VUd1bTV3eVJxeEFVdkkxYjAtWFYtV0RzamViaUUxRFJ6NHc?oc=5
2026-05-13 03:00,Yahoo Finance,finance.yahoo.com,Super Micro Computer Just Promoted a New Chief Business Officer as It Aims for a Turnaround,https://news.google.com/rss/articles/CBMioAFBVV95cUxOS2wxZVZ3Q2ZXb3hERGQ5amZwQ2hIT25odHRUWmdVZEJ6Tm9KZS1MOGNCTDM4ekQ0NkJHZ0xfT3FwZ3lUNG1GbmNpVkgyWEpUdGNuZFNjZlByVzJHU3hadWJkWG1DZ3ZRdnc0aEhnNlZQM210OWNDZ3N2OGFjcjRxWDk1WkVobGR4YmpibFVPaTg1UV9zT19la0ExXzA2RUdS?oc=5
2026-05-14 03:00,Investing.com,investing.com,Supermicro names Matthew Thauberger as chief revenue officer,https://news.google.com/rss/articles/CBMiuAFBVV95cUxNbUlQaGI3T1Z3Ti0wbTJVYUM5VVFFTTEyYWpLOVhOWTlSR2xqWk1iRVk1eENoOV93YWU5ZTJzZWZUcEFyRWRxczg3LU9YTUtoWl94elROZm9IT293Q1FzNDJyQUo3RTl3a1hla05YU0w2U0N2N2tiTnZXWGZBVVJ0RDJLYndUNURYdlctaTRQUUtFWG9NaHZHdmhWNnBjOTk0OHNCcXRyUGlNMjU0UEF5bkdidnlVM0t3?oc=5
2026-05-15 03:00,MarketWatch,marketwatch.com,Super Micro Computer Inc. stock underperforms Friday when compared to competitors,https://news.google.com/rss/articles/CBMi1wFBVV95cUxOdXNtR012TUY0X3UzRFZsREJQUnVVc1R6Y3p3M1NDUl9ONU5vUmczYmd6SkpPd0w2Q3VPRWZvTjlSMTJ3bVljRkVWX2lxTFk1c2ZqdnJmbGIwV01FVl9jenZGOHhjMVdYWHY3d1NvQWJKNE16S2RYaF9GejlRb3FFdlRiZUphTDd6RkZjYVgwRE5QckF5bmk5S0pWamVOdXhaYW5BREpnQ3U4YWVwQTc4cjJRcmV1ZnEtVFUyMnFxbG9Sb3dzNldiYWFzTUhmY1hfWDdoTjZGNA?oc=5
2026-05-15 03:00,Yahoo Finance,finance.yahoo.com,Why Super Micro (SMCI) Stock Is Down Today,https://news.google.com/rss/articles/CBMilgFBVV95cUxOZWp6M0F2bjlKYWVrcEJUSXhIZl9kVE5kaEYtUnExZTZSODdBMTB5TjNYV0N6RXJSRFNNcnVlRXpWTU0yRmZCU09RRC04ejJwTFV5Z0Q4SW1Zb1lGOF8wX19aUDRKdFU2bUlnTTVneGkwZFg2eFJ0anB5NHVya3FERUtJYUFPN3pfWUpjTDVqanhXbmlGMFE?oc=5
2026-05-17 03:00,The Motley Fool,fool.com,Should You Buy Supermicro Stock Right Now?,https://news.google.com/rss/articles/CBMijAFBVV95cUxPVTJ1R0d1SWM1bS1SczE5XzRvSlF6RmlSa3Mxb2xGVzZYZDFSZks4S3lqT1FWSU1mYzhXOXJMVGdWTmNhRXg2UElsQURfVXNFbEVOX0RuM2pkMkNTSnMyNmdLendoYWVIZHUydEVILWFjT2ZoRXhYTDZXclNlc1FySUR6SzVpbVh5U0pvRw?oc=5
2026-05-18 03:00,PR Newswire,prnewswire.com,SMCI 8-DAY DEADLINER ALERT: Super Micro Computer (SMCI) Investors with Substantial Losses Have Opportunity to Lead Investor Class Action- HBSS,https://news.google.com/rss/articles/CBMinwJBVV95cUxOUU9yeEhFcEctV0xhYWpRaXk0clZxeVJfNFVmRFFzQWVCMUJXWGctcnA2TTR5SkVwUU5Oek9lMG5mcnFheTN5eGVLeC1JWGxRZnBsWFl1Wm5uVE9HdUE1dmVoZkdMdXBuRTA4OVFtWEtMRXdLSGJEZ3Q5QXgzVlBSRlJDUy14bDRVWnFZNkVUdG5SVE16bTZENHg1T0s1Z0x2b3VlQXVTNDVOMzlRTXpMc0lvbndySGlpNFJzb0hNQTFkZTN2alJoRmJaVk5yN1dqQXR1WFg4c2tsTmdUckFvVTFrQ1h1Wml4bzVKTXd4STJXb1Z2NEVZdHVldHlGejJIZGdUcUNXUnJoQUxMTXY2LU9Fc2RHdVNJOHY5dzJvbw?oc=5
2026-05-19 03:00,Yahoo Finance,finance.yahoo.com,Is It Too Late To Revisit Super Micro Computer (SMCI) After Its Recent 31% Pullback?,https://news.google.com/rss/articles/CBMingFBVV95cUxORXZrc3VuUzc1blc5cmh6SFZma0dHMnZlTEZrczQxVmo3bzk0T2E0dUhZNXd4M1lJT0pDVkhDSnVJZDhXQUstdWMtd2NNeXBBc0p2Q0xMNXdWUTFvWkVkQlFLTnhXWVJ3cVNQMUxZaWZfTVY3S3VQd3NOZGR3TnU3ODNSZmQ1c1FtNi1pdUljWklIb1NVOUJQSDcwb2hKdw?oc=5
2026-05-19 03:00,Yahoo Finance,finance.yahoo.com,"Mizuho Maintains a Neutral Rating on Super Micro Computer, Inc. (SMCI)",https://news.google.com/rss/articles/CBMipAFBVV95cUxNZENXZ3VsM29vQ2JXdEpTQTN0Rk93NnUwSUlwWG5GV0tCMzlKT2FrWmdCZVNGQVN1cE9idTZkQWFyMWhIRDJVeFg1VVNfTmFqZ0l3Q0JlcHJnUEJxcUtUUkpDcGdTVGdxYWQzVTVKVXc0UWlxZXpyX1ZsMmVlUFBGMVYtaVY0cjZSdzVINWhsVXFGenRoQXpiOXRuMkJNamlxMkhZOQ?oc=5
2026-05-20 03:00,Benzinga,benzinga.com,What's Going On With Super Micro Stock On Wednesday?,https://news.google.com/rss/articles/CBMipgFBVV95cUxQV296QXN5ZWJiaEFmT1V2WjJkeEF1M1BWUmJIa29wVzBPMXhqZHBFOGo2NVlGS0FJM0V5eDNmUC1aZktUMDNoUFFKejYwUDNlVzY4bDRxc2sxOXVhcm9FbDUxeFhWOW9mbkM3T0taNUpPdDliYnVfdHktXzYwb0treDVaRk5WWU90Vi1HSEpnblhYbUhkdTFyd1FiemxoYks4cjNmaEhB?oc=5
2026-05-20 03:00,Yahoo Finance,finance.yahoo.com,A Look At Super Micro Computer (SMCI) Valuation As Short Term Momentum Starts To Improve,https://news.google.com/rss/articles/CBMimwFBVV95cUxNLXQ0OW1CcUtkRHB1bXoxbzV3VFNZWmhnM1VrUk1zMFl1bFpfNVhlNDVFSnB2cFk5LXZZRVJKWWktTW41aGxHdFlqMEpkZkpRSjQ2NFRlb2JlaERuVjRzN3otRkNGeGtBbnhLaEx4RTN4QzJ6ZFRIMkdLSnM3bGxWNUt5SGFrdTNDRVpqYzFPNTNkekRJNXBNQ0Y1aw?oc=5
2026-05-20 03:00,Yahoo Finance,finance.yahoo.com,Super Micro Computer Is Up 7% Today: Is It Outperforming Other AI Server Stocks Like Dell and Hewlett Packard Enterprise?,https://news.google.com/rss/articles/CBMimAFBVV95cUxQNW9UcUpWdGszY2x4WFQwUTRoZVVVczJUbUNyU3BXUTI2MkJlSTlmRjhJVllZX0U5bDhtMVVqYXI0SFpfdU5qSEg1R1J6WUN1QXpzYUFwejlvRk8wOWhJYUtZVkc4QVEzZ2NfSW9BblV3NUMyWi1FQ3RRNlFjZVQwVnFHTi1VRGY5S3MxeXV1d0dINGlDNGZMWA?oc=5
2026-05-21 03:00,Seeking Alpha,seekingalpha.com,Super Micro Computer: Back To Accounting Basics (NASDAQ:SMCI),https://news.google.com/rss/articles/CBMikAFBVV95cUxNenVlckE5bU1lTzVwMkhKU2s2LU1WQjgtZ0FnVVZOZzVvZ3VMNnViMlk4TGRvZThSMUNSQklsaS16N2pOOE14V0FkdkJaUWxJcDRlUk95Vjd4WkJMc1pMTUNxRVlUM1BZa05ORFRNRG45UWxIWWNMdG9SeFNWVkNzYkticktMMXRBbkVmUWV0WTQ?oc=5
2026-05-21 03:00,Yahoo Finance,finance.yahoo.com,Super Micro Faces Mounting Export Probes And Investor Questions On AI Growth,https://news.google.com/rss/articles/CBMinwFBVV95cUxONk1oMlpVbV9zN3A0WHlYNlRra0hsNjN1M2ZmWEIwQUxhNklBTzBneHlHU2J2TXdiT0hmb0ptZU5UdTV3QTZqaFhQdXZ2TkRyMmpoMjRDblJWeFRfalBuQmVCdjlSRzFQOGVtcEVzNkVGQlRld2RnaVY2TFJpNnRXZ1ZoYlBUZmUtUnk0ZVVzbnZnUTJ6YVA0N2FDSzNnOHM?oc=5
2026-05-22 03:00,Business Wire,businesswire.com,"Super Micro Computer 96 Hour Deadline Alert: Kahn Swick & Foti, LLC Remind Investors With Losses In Excess Of $100,000 of Deadline in Class Action Lawsuits Against Super Micro Computer, Inc. - SMCI",https://news.google.com/rss/articles/CBMi6gJBVV95cUxQeHdaczA2N05EYXJYUnBZd0pycWMyaWpSa3IydC1GVVc5NGxIa2h4MVliY3Z5WlNIUU5QQ3B6NmhhSEZrNzhza1RuTXVZVndZRGg4ZWMwWmVwRElNeDJUY21MZVRKS2VpcGRSNl9SbUNyZUFVRXNOejdmeWRZbkpCWVFFaE1NYl9YOFVOVnB4eXF6NUUxWkZKRl9fTjhhRUVWSVhKLUhuTzhCbTBSS0NrYXY2cVJpcUk2amJmWFBvVllxYkR6VXFhaGJuSHFGX2hDS1RhTUJrdnZyQWZkLTd3bnlIYkhBR1pIUmxFM3JtakhVanUyQmh6eU5hdU5aenhPMHdCckZyOGZIY29HUmxUaHU3ZFZ0eS1fbTNGeDFIMFowOHNvbGFIZjlGQXJqVUc2QU5nclY2U0lTeWt2WmlEdThnQkdoc0xEUW4yR2UwazE0czRjUjlXSHVBRW16ang4cUVSb2tDQ3ZBdw?oc=5
2026-05-22 03:00,GlobeNewswire,globenewswire.com,"SUPER MICRO DEADLINE TUESDAY: Super Micro Computer, Inc.",https://news.google.com/rss/articles/CBMivwJBVV95cUxPNkdLb3YzbVhWR21KRGtWSmR0Q21MaTNaVVlMYXdaZFdGeUo5QUJJYXFOckVsNnNDRFVOUU5Ja21vSENaVnl3NEhuODR0ejNFRk80bDI3X0d3aHdTWkJIRm5MTTJyd3FrUjBTdzNhU3dXcG5QR2ZqRHBobFJOTlBvRlg5RHBhVVNRUzVTNG85RVo2TUFlNjBDbjNqMjhjcDB5QUdSTFFablE4anhGdzhnS2VqM2s5MHg1SUZaRzY3NG9oWWdHWDNMeTBPRC1QVWhBWm1GUjBKZFhMazkxWmxjQ05FY2xCQ19laTdIVnR4SzVzSkxycE52V0ZsMG5oQjdSclZIT0ZseS1SZ1FhcFIxQ1d0dXc1ZlRYWmdYYjNldzlaRnFHU0liQTFRcDBKNXhVWWxFZlJSRF9uZlg4UXFZ?oc=5
2026-05-22 03:00,MarketWatch,marketwatch.com,Super Micro Computer Inc. stock underperforms Friday when compared to competitors despite daily gains,https://news.google.com/rss/articles/CBMi8gFBVV95cUxOWnBtOU15ME52bnlJMXlyRkdTRTEzVHZoR0h2WDVyc2E3NDVyazFhOU1oSFhKdERRLThpd3ZKTXViUVpoTmhScWdSRHFlTlotZUxXYVgyV25QSVZ1bkF1bVQzVHNyOUdRNFlCbWF5aTJsd0lrZ0lEWFlYdFdyVS11RXhJXy1GSGNybFlpQkJXOGdoOXBHVVd4WTI0cFhlVDFwV2liVEt6QWdGOUFCUXlzbHNPd1IyVW5Id2hOcFBMUWdnZFdpTTlJZmZBZ2VfV1d2SHZqOUJNZkh6WVlmWkkySUM5bFJnNmtIN1R3bnNlY2ZJZw?oc=5
2026-05-22 03:00,Yahoo Finance,finance.yahoo.com,"Super Micro Computer, Inc. (SMCI) Is a Trending Stock: Facts to Know Before Betting on It",https://news.google.com/rss/articles/CBMimgFBVV95cUxOVm9Ga2V4WFZmRWRPeGtmSDB4Q0w2MXJFMU5pTUg4MzBzOUxqZEFFcHBhcnBkaFZwNWFuWm1jcFJEdFdYN3lfcDAzWDU1UldTWW1IY3lXeUJlX2NHemZBMk16N0lxT1NnLW1BYjhDNWUzQjA3c1Q1dzFUd1NMenBKSTlKNzFOQnVMY1lVTGpZa2RjVmp0QnpNRjhn?oc=5
2026-05-23 03:00,Bloomberg,bloomberg.com,Nvidia CEO Urges Super Micro to Tighten Up Amid Taiwan Crackdown,https://news.google.com/rss/articles/CBMitgFBVV95cUxPbmJNYzJxZGpWdTU5RkllSDNIQzFGZlhsTFUzS2R4OVhZbzRQMUk4VnFnQmdfX2txWEhsSFU4aHlGQnhiakxoZjJXQzBrblA1VEVmbDlJUWNNRTNvWERzRGdfRUE4bzFlUUREbGU0dk84Y2I0ZWo5UXl5OHhBWFJKRW5Ea21MQmhxRldwQmJHZ0t1YjF0QjE0MTE0eDg1UXIzTFplVmdfMGdPM3EzMnlfLTVvczNkQQ?oc=5
2026-05-23 03:00,Seeking Alpha,seekingalpha.com,"Super Micro Computer Has Entered A New Growth Phase, Could Shake Recent Gloom (Rating Upgrade)",https://news.google.com/rss/articles/CBMiwwFBVV95cUxNejRtX212cGpuLWk4NmYwcTNhc1FRaUdQbmdqZXZEZHFPVjNDMnVkVzc4OVk3OHYtNnZLdEk5RmFJUDg2Tm1FNzZyckVUMWR5SEk0ckdmajd1ekU5b3BTTVJmdnU1eFpPWG9ka3VDRFVWUy1VTTdMX21MY0hPZldYZU41WU8za2pIVUVNbmtKQzAzTkE2LUZqVlBuZ3lHUVFSTHd1SkZoLUY5WFJuWEVqbWdrb3UwRWlSLTJ6QnVVVUNRTHc?oc=5
2026-05-24 03:00,Yahoo Finance,finance.yahoo.com,"After $2.5 billion Supermicro smuggling bust, Nvidia CEO urges company to fix export control compliance — Taiwan also begins to crack down on AI GPU chip smuggling to China",https://news.google.com/rss/articles/CBMiowFBVV95cUxONEQ5U2RNVmVpQXNhdzRaTTZhNmpDclJvM2RZZ0xjdmlwZEswQ2NDd2hlVnFEb2ZfYTdpT3o4WmtBX3h2eGhTdDNlanJ2QTJPRlluUThhNmJvTzZtOE5Gekx0Ylc5SWw3bEs0TXM4TFBqUG5IajV2RjY5eE1RdGlrUjZwZlNYZm9MVXRScl82bDFvQjBpTTZIZ3B2MG4xVzFKT0RN?oc=5
2026-05-25 03:00,The Motley Fool,fool.com,Super Micro Computer's Sales More Than Doubled Last Quarter. Here's Why I'd Still Stay Far Away From the Stock,https://news.google.com/rss/articles/CBMimAFBVV95cUxPY2EzRS0wNlpuaE9DcU9uNnk2dFVhRnFxMDMzNXBrZmZoakVwQk1oODF6bGFHVnlGTGJZcU9hWnNScDM0Y2gxRFdnNjJucmxzOTN5M3F3MG5xRlp6ckR5bm4wQU4tN2hzLTdMVnA0QTlNNGJuSUY3ZHhRVlF0aS1aRjgtVWxDblpRaTd1czhiM0R1dnFDTWh0cA?oc=5
2026-05-26 03:00,GlobeNewswire,globenewswire.com,"Bronstein, Gewirtz & Grossman LLC Urges Super Micro",https://news.google.com/rss/articles/CBMioAJBVV95cUxPdlhkQnEwcGw2c3p0RDhsUmM3TU4xajlPUVFoUjhSMHRwaVRkMGFyWmlyUzc5TG9aM3paRmd5Nk5YcTRPRHUxYnpOVk5JSHBnLW00ck56MHZHa0hSS0IzcERteVNPZGV3eFlkQkN0NFlVdlNmYlpwb3NEUXdBQXFYQUlHTGV5bklTR2IxWndndTZWNkUweHU4X1k5bld0Mll0LWxYMmF1RUYzemJVeHJrOUt6UDhlc3dIVG5vR002LXMxYkgycG5aRm52d3hIak5IQlozUWZSaHVDZTZDRTRGSUwyTGdJV2t6b3ZRRlBFcWxHOUR6SVBzY1dmal9pa0dKRmpWM1Vwd0F0cVRuYTdGU1p0STNoc1FGLUhMelpUaVA?oc=5
2026-05-26 03:00,PR Newswire,prnewswire.com,SMCI DEADLINER ALERT: Super Micro Computer (SMCI) Investors Alerted to Today's Lead Plaintiff Deadline in Securities Class Action- Hagens Berman,https://news.google.com/rss/articles/CBMioAJBVV95cUxPTmFwXzVrUHA5UjBkVElJalY4NExybUttQ2tNbUVINWkxRHY3SFJrUS1oVnBmX0VpSlZnVmtHVW5NcFczdUExYk1YSHZlb0NKSW1PbkJmdVAzY1l0cWlpdG95R3Ywdmsyd1V3Q3BtbGJnbl9JMVNkVTRKSHpFa2R6UGdBTnQtcVVqd3lnX2JISDZ2YUtJSjVsOVViUVZaWTVuMEp1ejVTc1lZbklOUHpLcWJIcDBTcWFMRm9RLUtJcngtNXIzVzBsN1BiT3RqNHl4di1pYjNjc2s5NzR4SzBWUTM5akhqUFc3cHozbGUwbnRKaHYxbWZrYmdWYkxnaHJQbHJ0OGZPdWRGQVRwanRicS1xSTNwUVF1STZWUTVXUkI?oc=5
2026-05-26 03:00,Seeking Alpha,seekingalpha.com,Super Micro Computer: Sell The Weakest Link (Rating Downgrade) (NASDAQ:SMCI),https://news.google.com/rss/articles/CBMijAFBVV95cUxQOGVRZGFRT3ZLenFxWWZIZndaQ1g3V19McXBfOXNBclVrNW1KaHlnYVRjRk9maXI4SkRVTjlFcmN1QklGdTAwSWR1OHVsZDhmYTFrWXhyMWhDU3V1M1laZHBIWjQtUlV1bF92NEZBdEV3Tno2cC1oMVcyd254RWhqNkhKQkltMFJuenM4aA?oc=5
2026-05-26 03:00,Seeking Alpha,seekingalpha.com,Super Micro Computer: The Next AI Bottleneck (Rating Upgrade) (NASDAQ:SMCI),https://news.google.com/rss/articles/CBMioAFBVV95cUxNYUNrb0t2WFhiMEtXa1pfZEx6TWdqQUhoaURnbnltRmU5SjZiRWFHV3BlMXViM0Y0LWZCX2RpUFYtM09CMUllZjdKWUJEQkRRZm9wT0x2b1haWEJlbFNNQk84ZWtJQXRoS0tSOTU5OVRVWVFYR2J0UnlRVER5UXJiWkVUcjFOam8zaDRPRUZMeUdtZzJscHRaZS15aFdCMHBO?oc=5
2026-05-27 03:00,Benzinga,benzinga.com,Supermicro Stock Rises On New AI Infrastructure Partnership In Europe,https://news.google.com/rss/articles/CBMixgFBVV95cUxPTFZETUFXcUZGMGh1WHR3QXdtWEVfekhDejg4enlpYVBTX2NvNGw5MEVkUWxFazR3UldFZVBZby02UDhsV0F3c2w1VGNKNENINDJOR1VfZEpFbVNONDEzZmhRR25DaG9GR1ZiNThwYzdyRUJsNGJFTC1Xa2V5UkJmWG16Z0ZRa2lpM2VKTGhQV3phaWx5bFNqanNGZ0NtRExMeXBiY0VPbWpianJHVTI5UUV3UzVDek9vUUQ4Sl9Tc2t6Q3RxMVE?oc=5
2026-05-27 03:00,Benzinga,benzinga.com,Why Super Micro Computer Stock Is Surging On Wednesday? - Super Micro Computer (NASDAQ:SMCI),https://news.google.com/rss/articles/CBMitgFBVV95cUxPcVNnZXJPOENCc1VhY2VxTFhsUmNOWDdneGNnREt1QWxYSXdIX1VCOG44N01qOXJuSVo3SzRvRkJVZTZwbFBIN25NQ2JOQzMzbWZmZHFFMU5UWW1JWEYtSEhZUWVsLXJ2ZGVlcW9sdGpWNjI1VjBaeURuZG5HR0NOM0FvaHkzdjl5ZHhJcHJsZFpvSTdCQ3hFNmM3VDNqNjZEX2x6eGdNV0tFWEFIZEdYYjRnTUx6dw?oc=5
2026-05-27 03:00,Investing.com,investing.com,Verda selects Supermicro systems for European AI cloud expansion,https://news.google.com/rss/articles/CBMivgFBVV95cUxPeHpHWDdRM1RBV3JydEM2WDBDNnJQdjRYX2hkLVFlNVpKbXRxODBUZ0plbnY5dGl5OUhOMGd3ZlVFY0JVQXN2MUJGRml3N0I5dlNncU9mSDlVMlo3TVdVc0pBOURHLTlBU2hIRmpRalN5cjB4WVUwRV8zaVozOTJLbkhEOFVXT0I3MW9JM0FJbXBjTnRhejFlWnFDWUItY3JoSU1WM2lkNHk5a0ZrbXhvV0hBb0RKNEF3ak5SZDhB?oc=5
2026-05-28 03:00,Benzinga,benzinga.com,"Dell, Super Micro Computer, Unusual Machines, Virgin Galactic And Costco: Why These 5 Stocks Are On Inves",https://news.google.com/rss/articles/CBMihgJBVV95cUxPY29LajRPaHF1OU40QjROTENLRTNMU2xPaFN2RV82Nk5QZ3U4NGdySzA0a1V3VVJaUlJHM09XbDc1OFNZZUlySWhaekIteFFMT2J6dUM1YWxXNHpVQ210bzVqTWIyd1E0N1d6VTRRNV9JMzZKeGtiYU1tQ2VIdlVXOTYzYlJVc05GNTN3N0ZEOEFuSWF3TWh5SkVjWElwd2l2NnN6N19LNFpXUjY0NzJtUHJ0ZG1FWmJhN3lfVWdXWDR5clVKWlRhWU9CN0RnSEdJNzh2M1YwalRaMlZ5NkNBYkRCMHVLTTVTM0I0Vi15Qm5LS2J5Q3I4NWFOU0kwdE4yRUxIcGZR?oc=5
2026-05-28 03:00,Investing.com,ca.investing.com,Supermicro aids Taiwan authorities in server diversion case By Investing.com,https://news.google.com/rss/articles/CBMivAFBVV95cUxPZG1yVnlrd2trb0h2bVgtV1ZxN0Vxejh4MTFPd1FKTHZMeVdaNmZ1SFRJUnNaRS1MbjNHRmVBZDBWQUh1aTh4MDZ0NGNiem0ya1hNUklrNUw1WVFuZnBva0J1UGd3YTdCYkI0cGYxcGY0d1MwZllXbXFhMUV3SlB0eFhUUjEzY0JYY1o5by1TRnlrYWQ4MHgtekM5NzUxd2VscXR0anNVTkZ3QnN1Y244ak44MDVGZmhFWS11aA?oc=5
2026-05-28 03:00,Investing.com,investing.com,Supermicro stock rises after Taiwan export control action,https://news.google.com/rss/articles/CBMiuwFBVV95cUxPUUh0NTV5enpOMnFyYWl5V2VKUUtYcWpsUFhCUWZsNEVhSnJSV2ZCY1lsamlTN244a09ZUFhrZmxTazlVcnB5ZEQtMnBFa2tMVVMxYUw4WFZneTBzNzdfVnBUSVNLYS00VEcwZ05ZSmo0Zk5ReDBWZXlSUmxab19XV0hLdXVHTTFqdnZoRVV3c1BxUXVSaW5UZ092cXNjZm0wbG91bXo1SW0yVGZWNUxPeC1uMzN6eTNrbW1n?oc=5
2026-05-28 03:00,Seeking Alpha,seekingalpha.com,Super Micro Computer: The Rebound Is Just Getting Started (NASDAQ:SMCI),https://news.google.com/rss/articles/CBMimAFBVV95cUxOLTFSVnJndjZpbTJ2R0dmdmloTHlnRFEtVlRKMHlFdzByeGN5eDIzQzhwQnhnN0ctaTF4UXlZZ2VKdmNJR0REYVFSckR2ZFUxNHR3cUlIb2hkR2oxR2owSXB6a1Q0c3pBZy1RNW9JeXRWZFplaTJQdmgwcm91VGtWV3dXM0F4c3pyeWdEQzh4WTVpc3Z5WHVtRA?oc=5
2026-05-28 03:00,The Motley Fool,fool.com,"Stock Market Today, May 28: Super Micro Computer Jumps After Collaboration With Taiwanese Authorities Thwarts Illegal Export Attempt",https://news.google.com/rss/articles/CBMimwJBVV95cUxQRHhTZXZIWXhWNkR4TDAzU3NPaHVBV1U5MFB0X0gwTmtLSG11WHR3dF8tS19BaXcwWnc1cmxaRElhSUJjbVFXSHpNaU11NUFuQVdUMFA2YXo3ajVQNWhSU3liSUs3MVI1Y0ZHQU5MN09mdEtfbU1pblJvMFp5bTZGbUJzZTdHRzZ1OGxONHEwMThlZDh3WE52Z2NTRXZadUJzcDFJX2JlWkRGTGNoaEdfbjhab1N3dzM2MEltbU5VN2tZY2pEampuSDNoNUJTNjBQODdkRVFRT1pKVnVnQWdsaW1wcm9pUEI1Z2V3VlJpQW9aS1EyTWxhYTZmTGV6ZVNiSU1ZWFRYRWZhTVlVMTNDMDgzYkpDQUFLelhz?oc=5
2026-05-28 03:00,The Motley Fool,fool.com,Why Super Micro Computer Rallied Today,https://news.google.com/rss/articles/CBMiiAFBVV95cUxQNERvTDdJSzlqRVZZQzFPOG16LXcyYWN0Z2NtWEItckVMWEdUclpmeXRpUVczczJHSEJxbUo0TU41MjY1RUtkVkd0UGZrcnBFelBIb0tpRWl4NWdKbzdVYlZRS0RXMWJTd1BNSnpNSlp1aFN1T0xZZUIteEZlTE5BQ3oyQ1BEbmYy?oc=5
2026-05-28 03:00,Yahoo Finance,finance.yahoo.com,Why Super Micro (SMCI) Stock Is Up Today,https://news.google.com/rss/articles/CBMilgFBVV95cUxPcUJLVWRVSWxNWTFJNkdqSXUzQzE5T2VoNFBsR1FiRXJvQ0VoVzNuSk8ybGlUaFkwdkpRbzB4QjFLY21qTF9VMjBnOVBTbnhzUjNIVEw2QXFnckNra08zX2tvWGdRWnVBQ3ZXeWNnM1hqWUh3bnlRVWhialIzVC1XOTNKUWI1cVZWUEdNd241NmJnSXhFT0E?oc=5
2026-05-29 03:00,Barron's,barrons.com,Super Micro Stock Rally Misses the Point From Dell Earnings,https://news.google.com/rss/articles/CBMiekFVX3lxTE56YXRuZUhOOVJoNlZrcGlRVE1Qb1MwNWkyN2JoQzZGcWN4SGVYdUV6WDdkOFhyblY0VmlRM21DTWVuQnJWSFR2eHQyYVN0V0k4UzZSOFFKZnU1X1c5SUVPMGRCZ1hSdTFpR3FoSEhTZWRnOXhYNkJlc2hR?oc=5
2026-05-29 03:00,Benzinga,benzinga.com,What Is SMCI Stock Worth Without The Scandal Discount?,https://news.google.com/rss/articles/CBMitAFBVV95cUxQRExYVzU4VG53UW1jcmpuYXlJNHFzR0gzOU5nbGc2NDBvVFk2VTN6bWdydkRzRks5bzZESEZQSlZTS2JHaEN0aFU5UzFxSTVlaEpJZ1JkTVY3WVdZcWx3UTh2b0g3UVFaWHNsSG11dzdkbmxLeWxIV2NKTEpyUkRoUmVTSTlqSHZfMTQ3ZDNOcG9RYUVqOWYyWmFhUUJFZkNPZkltQXMyMWFIV3Bsa1daS1JRazM?oc=5
2026-05-29 03:00,Investing.com,investing.com,Why is Super Micro Computer stock surging today?,https://news.google.com/rss/articles/CBMirgFBVV95cUxQUms0aHB5djhWZHNTN0YyRm5KSGM0RXByWFVzV1RVZTkyN2V0eUd6V2VpdWU0U2xjZnJ1S2lhcFZ4VVNOQWQ1Nk1oR0NjYUhpTHV3UGVzbE9VM2U2S0V1TVF0V25JQjk3U0pUNUxFb2MzdlUwUlUzMXpBVHJzSlF3UWFfQldyVlowRXpYSnVuN3NkMS05X3V5NFZvaFZNRkx6RzJCRDlhR044Vko3MGc?oc=5
2026-05-29 03:00,The Motley Fool,fool.com,Why Super Micro Computer Stock Popped Today,https://news.google.com/rss/articles/CBMijwFBVV95cUxNa3hEUzJrYXVPTU1Lc0ZDalpuckVYMGI4dnV6UEk0WFB0MURkVHpzUE5nZHVDRUJyUFBrc0JQQk1jV2k0VWxtUldXSkxraS1uWmJyYTc3aVlXVHpXZHZEVEFGWlZJYmtjVnVjemFrV3NzZzNNRDhWQW42T3ZLRDJybVZaYkw3eW15MEI1TERnNA?oc=5
2026-05-29 03:00,Yahoo Finance,finance.yahoo.com,"Stock Market Today, May 29: Super Micro Computer Jumps on European AI Cloud Partnership",https://news.google.com/rss/articles/CBMilAFBVV95cUxNMzQ3OTR4bTdETWdZQ24tSVU1ckdYMDRIRjhCUXl4aTE0ZHVxZ1BKUVJOZHpRdmd0VUVLUHBUTE1YeFFMZWFqeWxaRU0wYXpkQWxTbVN4SnljZ0NYOFJCMlZWcFo3ekZFZ1hJZVZWeUowNjNnOF9rdGozRUNrNGRyY1pIdzZhMThzdEVma3NYYVVvTkJV?oc=5
2026-05-30 03:00,Seeking Alpha,seekingalpha.com,Super Micro's Next Act Could Be Bigger Than AI Servers (NASDAQ:SMCI),https://news.google.com/rss/articles/CBMimgFBVV95cUxNREpwenJUZkhSQ2VZV1dQV2pnQ2IzcmVldUg3ajhQUnJReXV5eTlOX1hYcVc1VEFmWTItNVI4UFhBVmF4bkwzaWJic0ttTFdQZmk2Mk9FTWs4VXZPRTFFZ0lVVHFUbkYzdGt5SXJ3QmlFaFlTLU4yUS1wVUJhWnc2alFPc3ZXeDNmRUtkQXZwSzlXZ2EwYjB5OFd3?oc=5
2026-05-30 03:00,Yahoo Finance,finance.yahoo.com,Jensen Huang Has a Key Message for Super Micro Computer: It’s Time to ‘Enhance and Improve’ Regulation,https://news.google.com/rss/articles/CBMimwFBVV95cUxNZkFfRVZJdWtQekxYZUdrS1JnYkZnNHM4b1hlM2hGSzlYczZNSk9pZ2xzTXZ5WElDOGVqa0FXSjYxOHR0Vk5lSFpiOW04RnJwMlR4cHNzTUpBbVFfUVpwM005cloxY29ybHZtS0I1c3hROFNDVUtzTFBMUnJXelNpUU5aYkR0WVFIVWhTTHJoR19RV1pfMWdLUkdtbw?oc=5
2026-05-31 03:00,The Motley Fool,fool.com,Why Super Micro Computer Stock Skyrocketed This Week,https://news.google.com/rss/articles/CBMimAFBVV95cUxQNng5QkxELV93NUJyTGhHRmd5aTZYMUNtM3FvWU1MUk5JeW1qdUZYUVdMVVhZb3hHY2NTc1pFaXduUEZNVEttWlF5MDVzOWlyVmJmN2VackFUOUlzWDF0aV9WVENBY1hMRFo0S1pFalRzeFdmazNxU0xLQjY3Y3VZUWFURjFCRnFNakVwSlpVa1dGZUlTZnVTRA?oc=5
2026-06-01 03:00,Benzinga,benzinga.com,"AI, Bitcoin Volatility Power New SMCI, MARA ETFs - GraniteShares Autocallable MARA ETF (NASDAQ:MRA), Gran",https://news.google.com/rss/articles/CBMiygFBVV95cUxOTlBCLU04bVVyR1MzbV8ya09MWHc4SkRXRS1iaVFlU3lfS1ZjX3Z2LXd6LWh1Rnd1eXItLVB2bFJPOUJndGN5ZXNpUWhmWU5kWElzc3pLeDlKTEljemZ2eGwzemt0Y25fenJUTWtVUmVJOGlxeXdtdzhYcjdBclAzdkdxaTRyODloZ1NnMS15elF4X3k5VVFEVC1lRUdoQVNNaS0zeEstcnA1SUNsclI4TEQ3TWlpWTd0dlNtQ2I4M2VBLUd6SEtJTHhB?oc=5
2026-06-01 03:00,Benzinga,benzinga.com,"SMCI, Dell Catch A Bid After Hours As HPE Stock Soars After Q2 Report",https://news.google.com/rss/articles/CBMiyAFBVV95cUxNM1J2bWJMa0ZDVl95X19CU0VEckg2V2VHT3RTbGFTYWdLbU90WGJrZkZhM3htNkNWa2NVeFJZVkQ2V01VZWM4czBnMUZwRjFmOEhqN2F4a0d1QzN4M0ZrMnQ0Um5EQlBOM3BKTjJlRW1YM2NyWENaRHZJNl96WVJDUjI4X3h1WDhuV0JBdWJ6OWJNeXFvWWJZeUhoLWJuUHBvN2pfYXVNZ0tNMlBNTG1BUEE1Xzg2MlBZcWZ4Z29PVXd0TjZULVFQUA?oc=5
2026-06-01 03:00,Investing.com,uk.investing.com,Super Micro Computer stock gains on HPE AI server momentum By Investing.com,https://news.google.com/rss/articles/CBMiuwFBVV95cUxPZ0tXMzFuSTIyd19ZSWh2SFA1eGlzR2dKNllyUHNwblZCclVHd1FONjJJZE9FUHgxNkR3N3NzYjJjV3kwZnFEcHhyZEplRzNlY2FtaFFmdl9id0t0b3NreGVtdnd0MGowOUYzR21GMnowVGVGdldzWWV5eWF6bHNXV3VTcURxWUZRelcyd0c2UFU2MTVsV3pqSzB5MHNsOWN4TEFTQVNnSkFRa2dGUEhkTEloS252ZzluWDRB?oc=5
2026-06-01 03:00,Yahoo Finance,finance.yahoo.com,Is Super Micro Computer (SMCI) Among the Most Undervalued AI Stocks to Buy According to Hedge Funds?,https://news.google.com/rss/articles/CBMinAFBVV95cUxPQm5BZjhUb0M4amJwd3NGeGtrZFBNeTFVcFNtNzBUcGozVjdPbnI5allBVUtrQURrWGNoYTY3LWdmYXNkakJJN1AzbF9MRUFWZjZieVJ4UTc0WHhYWXJwcTRDME43V0xSZWE1MVBLYnhZbTJ0LXhJSXl6UENvUGVWQk93QVp2S2dWSUdvR2dLRlNZbE9fTVRzTktzZXQ?oc=5
2026-06-01 03:00,Yahoo Finance,finance.yahoo.com,Jim Cramer Predicts Super Micro (SMCI) Will Go Up,https://news.google.com/rss/articles/CBMinAFBVV95cUxQNTN2ZEVfNzB3V29ob1VPLTRUa1JhZElrRXZxaHNJNzZEb3dqZFNvd1huX1Q2OFZrTFF4UFE4VXZ5elhhMDdtUnVCUHRsWkhvMmhIdHp4YXNaeWRaSi10bzdVWHZnbFJia1doOWtNaUVQZnNqY2pjRTlORkgxbjZDV0xpVjE0MlJXUExqSklRZmxDQlpNbnA3QkR3X0Q?oc=5
2026-06-02 03:00,Seeking Alpha,seekingalpha.com,"""Super Micro Computer: The AI Trade That's Still Cheap""",https://news.google.com/rss/articles/CBMilwFBVV95cUxQZDl3SUhJenJpMXZDaVk3SURvNFI0NVF1RExvdTNZVmdxT0NoUVVnVnJYRGpyN1pmZ0dtUjdYQjM2dl9wYmNPUXZ6ZEJPNm1pUWxjd3NjQmE2M0VtbnVQN1NLdm5raU9qd1dxYnUtZXNtVVByVmRWTzlSTnFUWXN3MUdjbm9KQklBRkZGd0NTTERjWE1TZlY0?oc=5
2026-06-02 03:00,Seeking Alpha,seekingalpha.com,Super Micro's Next Chapter Is Bigger Than Servers (NASDAQ:SMCI),https://news.google.com/rss/articles/CBMikgFBVV95cUxNb3YzZGlqSjVnTVZNREpIVlZiVU5ZU3pwc2lRYXVvSHQ5T3BtLTRrRHZLbWlpS1ZHS0RrSWMtSUVKZTlqUG9CbkoyN1pYVmJCRjE0U3F6NllaMmJJaVhycWxYc2NUbjlKenZBYVJ5UFhjV1hpdDcwaE5NeHlpRWpvZmJJTTVQYm05b3FLZ3BScXNaZw?oc=5
2026-06-02 03:00,Yahoo Finance,finance.yahoo.com,"Hewlett Packard Enterprise Rockets 25%, Super Micro Computer Climbs 5% as AI Server Demand Lights Up Q2 Earnings",https://news.google.com/rss/articles/CBMipAFBVV95cUxNRFlOeVpHS1FUd0pTZzlOTDZCNy16aHhCLTNVTmZjR2IxMzNsYzdELV9ZNWYzTFczZk5lVF9ILWQ2ZlZ1ck5RNzY5XzMxdXNRWXdCVjFQcVI0S3lxMTlRdEMtTWpuNGNUQ2NDMFdfSUJiN1lUMmh2OGFIRzJoN2g4TGYtM1M4UWo4c29KTkZ0VlkwMGtOOTBNTU8xcUZ1MFJvVUg3Rg?oc=5
2026-06-02 03:00,Yahoo Finance,finance.yahoo.com,SMCI Stock Rises Premarket – What’s The AMD And Arm Connection?,https://news.google.com/rss/articles/CBMimwFBVV95cUxOTHZqLXBhNmd4Q01tUEZlUGxtMFNzcmw5VktyWmVOMjJGRDY2dzhBYk56SnFrQm1xNXNFTmZGaTV0cEVPcHc4V09ObjEycHVFelB6MTZ3SkZBQXhSUWNsc2pMWEtGYktib3Q5UzJKVWR6a3V5cTQyRmNBbFBsbkdTT05WU3d1d3pZY2xDczY1WTlCNUJWdXhMZ1FfZw?oc=5
2026-06-03 03:00,Benzinga,benzinga.com,Why Super Micro Computer Stock Is Falling On Wednesday?,https://news.google.com/rss/articles/CBMitgFBVV95cUxNSmNnYVEzcjNkYjRRYkFUd25sSnZfaV9ZeTdLaHAxaFkyMkpsVV9xTTI4Q3lNVUdIUDAwLUxhMS1JbEMyS0YwQUMxd3Z6cnV4TVRUaFJRUWJ1ckJPMUxpbmJDVEU3anAtU0pvOUtib084OG5na0hwZWFPQ2IzaE5ObzB5RkRUcnpYb3dmWmVGTkhmZnhqUFV1Q1hQZllnTEdqVmV5S1VJcEx5M3FOLWUtSXdLNEJidw?oc=5
2026-06-03 03:00,Fortune,fortune.com,"Super Micro Computer (SMCI): Company Profile, Stock Price, News, Rankings",https://news.google.com/rss/articles/CBMiXkFVX3lxTE85NWVCNWY2dF9LU3daZnE0UXhmaHdjckd2d0ZSd19yUk5Nb2VaNHZta2w5TFpmRTY4ZjRta0xyZG9udVZhangxMkFlMnBkU3dHVUl6VDdZRDhPYVUzNVE?oc=5
2026-06-03 03:00,The Motley Fool,fool.com,Why Super Micro Computer Stock Jumped 68% in May,https://news.google.com/rss/articles/CBMilAFBVV95cUxQY0xrRnNvY1kxS0pLUHI4TVFWRjZtLU9MNmF3YndvOHlKdlFKYmR3R0puMFQ1SE0wZU55WkdzWlVHV0JXMHUweU52d1Q2blFYSFFocm9vTTJNdlNuT2xXTTRSNGJlNXRPYkc3cktoNWd3eHVVdkpaUm5pcHFwSXg1LU9Odzl0OHNKNXpXMEpOZ1hqT00w?oc=5
2026-06-03 03:00,Yahoo Finance,finance.yahoo.com,"Super Micro Computer Sinks 9%, Gorilla Technology Tumbles 20% Despite $2 Billion India AI Infrastructure Deal",https://news.google.com/rss/articles/CBMimAFBVV95cUxPT3NrczlUVkl2NU5HOF9FSGdaZ3RxRkdJTnJ2Q0dGZVVLWkJja3NpZ3pjS19SV1pvR0tPS2M4RTNVeFhodE9tVFNjOGRfUEtYRUwtYXltMDBoLXNjQ0phYW9iVXFJZk5ITktUUWRLMWhSZDZSVjVlWk8tcUtRTDdkZ1VDd1JIMV81NVhlMjFEMmdaRFRWbS1SRw?oc=5
2026-06-03 03:00,Yahoo Finance,finance.yahoo.com,Super Micro Extends AI Factory Reach With Helios Launch And US$2b Deal,https://news.google.com/rss/articles/CBMimwFBVV95cUxPNDhGNHF5NmxuUzZtNzFpdGJINFFaMy1LM0xiaFVMT1lWZHNlUFZ0bmZpd25WOEhHclROczY5ck45d2hLcFlSRW1nWWZNOExEMVZieVl3d0t0dFozSkNDOTdCMXQydXotT1N4VGYyb0t4Ynp2dVBldlkyNFJIbTYya0lMZTRjdjJBRi0wUHYySnFBcEx0NkdLd1FkRQ?oc=5
2026-06-04 03:00,Benzinga,benzinga.com,Why Is Super Micro Stock Falling Thursday? - Super Micro Computer (NASDAQ:SMCI),https://news.google.com/rss/articles/CBMipAFBVV95cUxNNEV4NUo3eTI2Ry1pUzY4eHk2VFhNTS1WV1F0YUMxQldDWnpqLXR3TlFUYUx1cjEzbGd5OEtKbFZodllYa0hSektOOEloWF9Bbk9RWW9GaVhYaWFtNk1ESkoyeFJjUHNWQURpdV92WXd0RXNKUkstLWhlN25OTlVKcXYtY1F4UllqbkVsSVhVV09rYl94aGNBbXI3dERoZldBY1dlSg?oc=5
2026-06-05 03:00,Yahoo Finance,finance.yahoo.com,AI Server Earnings: Wall Street Sees One Clear Standout,https://news.google.com/rss/articles/CBMimwFBVV95cUxNelFOQnZUVnBkVS0ycHM0OVRacmNoS3RvZHh0VTRmMEZ5RmswMHc2Y2o5ajFybnhLTjdocGl3TVdxa09CZ3k2YzN0R1pHRFFqeTQwdVRFZWNISG9hOWhHYWJ1Tm1vVWw3VGdLejJ5V3B0b2xwbHZEWnd0TFJZQzJHcW1XZ1k4RnRDanIza0FwNHd3c21kdElMQ3N0OA?oc=5
2026-06-06 03:00,Yahoo Finance,finance.yahoo.com,Is It Too Late To Reassess Super Micro Computer (SMCI) After Recent AI Server Surge?,https://news.google.com/rss/articles/CBMinwFBVV95cUxQcE5JanNQS2hSMUxTMHVRNE5rMmFwYlA1RzYwRG1GemNUOGNfNGtXLXAxMGU5czIxVkZsM1QxVU8xQ0c4TVJMLURYT0hVTUtmYXZFenB3dURPMTN5WE5lNVZmWm5GTzhmV1doUVVQYXNvT3B2eW5fNml4Vmlnc013NUp5alJyWFR0S1FpQVo0LUxZQ0c4bUF0dTFRc2NlV1k?oc=5
2026-06-07 03:00,Yahoo Finance,finance.yahoo.com,Super Micro Computer (SMCI) Price Target Raised by $8 at Mizuho,https://news.google.com/rss/articles/CBMinAFBVV95cUxPVGdiTHdhUUgtOWFSS29lQVZBNTJTaWI2U0VZUDVNQ0dJOXRDaDZaUEV5SThxM2FxTGRhSFdZY1dBS09QNnc5N1hZaFFxWTJOWWZfdU1pQW5HZF9GOXA4VHlIakw4S3l3N1hyNkpGeW9hNGJsanNUU3dCdllGcHpRa3JBXzJfeUMyT3AyekdFTFhEYzdZTlZaZmgwWEg?oc=5
2026-06-08 03:00,The Motley Fool,fool.com,Supermicro Stock Is Up By More Than 70% in 30 Days. Is It a Buy?,https://news.google.com/rss/articles/CBMijgFBVV95cUxQWmNqc0NzbnlRX3R6OGdMSWVkVWhfQmRhWGpudnZwM0dETzU4ZWxaTUNpN3BMektIUTVxOE95UDlSMV9pYVNGTnM4WkJxWmxnblVRVU9sampid2NxdVotZXdhRGcyNDYwRjFGdi0zSDV5T3NEcDJuQzhPbG1ENUdkYWZ0YlVQUUNzeUxJZGhR?oc=5
2026-06-08 03:00,Yahoo Finance,finance.yahoo.com,Is Super Micro Computer Stock Outperforming the S&P 500?,https://news.google.com/rss/articles/CBMiqAFBVV95cUxOYjluZ3U4bU1WQWVhRnU3MzNfelQtaFBCZDMzcm83bTZEZXZKbGpTbTNSM0RhOHpyTUI5dk1zQjNZOGdWUzVPUlpDa0trbUdleHRLZ2RaOWRfR0gxdkZjYmQ1QlNHdmJNNGIwRGF1amoyaTZlUENUQVQ3S2pSRHFUM2RMZ2QyS0E5ZkFoRnlCTHgxRU81SmVKV0g5bmhGcFJVOUlBdjdqYkk?oc=5
2026-06-09 03:00,Benzinga,benzinga.com,"SMCI, DKNG, CBRL, NUVL, ORCL: 5 Trending Stocks Today - Oracle (NYSE:ORCL)",https://news.google.com/rss/articles/CBMiggJBVV95cUxOVTE4OTBPMGJHU0JKaXE1dWYtRXdBUFRDRUVfaklIZzFHdm1pcmE5bENGQWVDZ09pMmJZTldkaHd4X0RmYlh0RExuNHBsVlVnSTlHcmU5aGZINHA2a2hwTzBZU0FXSkdTRUJCellPdjlvNWxNWURqZGY0NFJ2WEtnM2NIYlhwR2JjVjlsU1R0dEs2TzlaTkw5RUpPMmpmQVhoS090c2tRYXR3YUt0TzNBeEFObEtpMkNnU2dJQm1kcFdXWmNDVXJmdTliTUtDYTJYMlVjVDhUNlExUGwxRld0NnNTcUxGVnU3LUNUWEFhTDl3bGVFek5wUGdDbjdIcWxIanc?oc=5
2026-06-09 03:00,Benzinga,benzinga.com,Super Micro Computer Stock Trades Lower Amid Market Weakness - Super Micro Computer (NASDAQ:SMCI),https://news.google.com/rss/articles/CBMivgFBVV95cUxNRzhtcm80Zm93N1g2NEt5WVM4cDhpemlBVU9qRm03UHNDWE9tNlVZRHBRQV9ESXVGMktqSWNmOVNGeGk5dmRaLVp0MzR1NjhWZ3NjOHZ1d3hRTUttWjZjWDJsdG5KUXhRWlpmdDZZWWNhMWF4WC1VdlRQa3FVYnVaXzU5MXVHSGxrVnRTQmc0d2F0aWhLRUhOeGRGbUxSdEpkcWNPaVBXWG5acjMtWUUtaEVGTi1XYUktTjRRNEdR?oc=5
2026-06-09 03:00,Benzinga,benzinga.com,Super Micro Stock Slides As Company Moves To Raise $7 Billion To Fulfill AI Orders,https://news.google.com/rss/articles/CBMi2gFBVV95cUxOUEM5b3pGUHFhaGRRZUpibnZmVWZ2RWltbVBGOUd2dlJMdEtfX3lGYmVGZjFCbHpCVThKYk5HaGdkY3AxUkRTTTZRSGtwNW9jOEg2Ny0yeVUzOW9IV3RzLWJuRFhCUDNMNHZGMnl0MXRmdFcyd2ttSmVmekI4N2QzakRGeWN1VEdmUXJlQW5CNGE5SkxVY3pqS2FUWVdvVUF4MkFxZ3Qyb21oTVRxX1NhOFZFa0Vod3Q3a2pzOHhIenVMT1NBaXFjbmdRQlVGY1g5QWZGMjZYbkN5dw?oc=5
2026-06-09 03:00,CNBC,cnbc.com,Super Micro stock falls 13% on $7 billion financing plans as company touts AI server orders,https://news.google.com/rss/articles/CBMilgFBVV95cUxNVmRwU1V2Qm5zOFZFV292eHEzQ1dhdHR4eDJneHowR0Y5YjhRTHZlRjVpX3VfVmFzNnJDenl4eTVSbnVUWE5feFRRX2VtM0VWME1ZWnRCVVFVY19nWHBsQUI0WDZrbGVWdHRucEtoOFZrdEY0WFZic0hvUFQ5Tkc4MXdDeVVWZTFia0pRQmdmR0xxdlhtZWfSAZsBQVVfeXFMTWdMeVVNMUlGUlZ3Q0JlYktYdmY3MWQtMUFHWHpyVGZBMDMtQUZEMmFkM0U3TFY5T0VtOWVqWHlOblhGYi1nU0ZJdU5SdjJEX0FMV21iYk9sUFdTRk90X0F0dTlXaW9rbVFDeW9RaGlKQnVTNGtLLWloWmVqM0h0djgwa1lOM3FsSzhiT2U2S0ktcXRfS3hTeXB4d28?oc=5
2026-06-09 03:00,MarketWatch,marketwatch.com,Super Micro stock plunges as $7 billion equity raise overshadows booming backlog,https://news.google.com/rss/articles/CBMivwFBVV95cUxPc0NnaFk4ejB3MlhHN1BZQUhFTnFoYWZWMHkwanM1NktmU2Q3VE1wOUJtdWtwZmNodzdCOS1DVl9qdm94MEx4VDRabTAxc0dTb3RBczh2aF83QWp3THNrTXo4MEdTOUpFd1NMdUROMWFEd1J4UnZGS3ZTR1RLZVJqdG8yeG5Kd2czZE5KRk1FbGVMS3ZEZ1JxRVdlaEVlV0VvWW9uQk03R19pbTNGb1ZHZUhpM0lwcTBPS085U0lNWQ?oc=5
2026-06-09 03:00,Reuters,reuters.com,Super Micro Computer to raise $7 billion in equity offerings to meet AI server demand,https://news.google.com/rss/articles/CBMitgFBVV95cUxQSUFWakJQM001b1R0WXZzQ0gzSjdoa2hkcG1TVW9WT0NMbVpEOXJXNDZPWWFHOFoycDlTYUU5c1J3c2dFZHNWamJ1NWtrMjdCbnJ4R1ZxRjltd1ZpSlJxWEk4dGc0cDlzRnB2b3lMNFZFd1lScDVhZmh3cHdFSTQza2dSWHNwdl9wSXMtLTJEbVYwWjhkTmRYOEFwQS05cHBDbENDU3pWMF8yN1pUMFM1MS15UFpHdw?oc=5
2026-06-09 03:00,Yahoo Finance,finance.yahoo.com,"From $1,000 to $17,070: How Super Micro Computer Became an AI Infrastructure Juggernaut in Ten Years",https://news.google.com/rss/articles/CBMiiwFBVV95cUxQWDcxZnNfLThzcDIyWEo1c21kOTFrU0NCa0RDZ2RlLTZVdThVa3NoZ0RTU1o5YmxMNk5acU1Tb0RwbjNrQmxaa2I0YTgxOHRZY3BRdlNMQnpqRG5PX0pmNW9mNFhFN2J0c0dPT1E5aVZQQ29LV1V6UVRRM2hFUVp5aWpiSzN6ZTluckxn?oc=5
2026-06-09 03:00,Yahoo Finance,finance.yahoo.com,SMCI Stock Tumbles After-Hours Following $7B Stock Offering To Fund $39B AI Order Backlog,https://news.google.com/rss/articles/CBMioAFBVV95cUxQa3JESzlEV1BuSGtkMXdOWUJYNXdxN1dyS0lDMEc0VXV4S0RZM2pGblVpRjEtSmw4bk9KZlB6UFV5VUdoSWhLRV9OWGJ0XzVUYk00SHJUZlRIMDBpWDJKZzBpUWVoMzB5c1F1Wm4zYXNaZ2pvZW9wRVFFblctTlkwVnF0bFNsaTZXQl9ZeTVmWXNodzZ2T3NJSFZSRnItcWZs?oc=5
2026-06-09 03:00,Yahoo Finance,finance.yahoo.com,"Super Micro Plunges 11%, Dell Sinks 9% as High-Beta AI Hardware Stocks Get Hit",https://news.google.com/rss/articles/CBMilwFBVV95cUxNOUtnRUdsc1dhNE44SEFZeUg4cDhwRlFMOTdraVJzQm9pZjItY1dYNTNNRmwtanlsdVpoOHQ2RUgxYjMwbEU5ZS0xbzFKSDVlV3FUUTVWM0ZQRXhYWmk5TjFYYjVsU1BuVlUzTFN2RVluQ1F4RXFCNmpqM3dlaHVZN0JTMUw1c2cwTnZLZERFcFhKM09UNFFv?oc=5
2026-06-09 03:00,Yahoo Finance,finance.yahoo.com,Supermicro stock plunges premarket on large capital raise to fund AI server surge,https://news.google.com/rss/articles/CBMipgFBVV95cUxOMndGVE1LSmRQWHFsNkx3dG9oMGlnTTZ4SEJGN3BmcEY2My1wOXhKb1ppYS1SbklEZFJONVhwVkpiSGY4ckY3VzBTQ2xnOUdCWW1uZFFzbkNoVW1uZGVzbEFzOHY0VFNzVnNpVzUyWjJ2VEY3T1FGM0lLaGFWTFRnYlNOSnQwMEk5WHZrbTJnZkdOcDgxalNZTnI0MnlZNTVtZVhNeV93?oc=5
2026-06-09 03:00,Yahoo Finance,finance.yahoo.com,Why Is SMCI Stock Tumbling Over 8% In Overnight Trading?,https://news.google.com/rss/articles/CBMimAFBVV95cUxOaHJJTkpwckJIYi1ETzBLZ0o0ZXpjRG1QSmFEek9DcUtmMEdRSk1lVDVDT19WYnlzLW04VG5VSDZXYWVmMXQ2Um9yWFRWYzBPTVlDazg2VkQzdjFpMUlNTW1ZNmpEbGZIbWNIRWxoaWRFbGxtRGRrRmtXUXdleE5UR2JJLWVmTkRxODR2X1V5cGo0SkEzSmNXaA?oc=5
2026-06-10 03:00,Barron's,barrons.com,Super Micro Stock Tanks. SMCI Equity Sale Shows the Market's AI Growing Pains.,https://news.google.com/rss/articles/CBMifEFVX3lxTE5JX1o0R1J3Zms3Xy1TZmlUX0Q3azdOSlBrS19fb3FPS3JBVGxoZVhrUlpzdWxfaW5jOV9iY205TzlqWEZnNkQ1Z2JUUDdiRHlvZ0ZaQW5VMkJNTG1JRG8wdlZjUUd3a0hVcncxbVc4S2MyZWV6TUw0bHZnbE8?oc=5
2026-06-10 03:00,Benzinga,benzinga.com,"SMCI Plummets, But This ETF Turned It Into A 40% Payday - Super Micro Computer (NASDAQ:SMCI), Defiance Da",https://news.google.com/rss/articles/CBMivAFBVV95cUxQSkpueUlLbnFIQVMyVVZfU3dub1JUbmdfdVVUX0FZUU5aWUNaYVNZcGx0UXJCQW5GNkxBM3YtSEdrdGFKVGhabWRGQUJCM1VxeTB4SnRaaDVLRkFxVlpyS01odXU2NlBJS215MDRibk1VNzZJQllIa2k1bnZ2cTBkWTNDX3kzeHliRVlhMjlSZDA2X1JRLVNual85Z0U3UUR3LUx1OWdnZTloTFRPcUZmTi1xek5Ld1RaSVh5Uw?oc=5
2026-06-10 03:00,CNBC,cnbc.com,"Stocks making the biggest moves premarket: Super Micro Computer, Cracker Barrel, Nike and more",https://news.google.com/rss/articles/CBMingFBVV95cUxNaUstT2tfeC1jVmJrMEg0bGFpNnc3SXJXd0JMMDBIalE5TWx1djQ3bWZmelE0NjVfWV84TGhJRGFfaGFKMm42VWhEbWl6NmRGN3NVdmdaY2tIZ1FrSU5PNGprME94NFZwVW9USlNwYnY2MnBmcndBaHRqUmV5NE5jcTlDaTlHTFNNXzhULUIyRnVpWmJnSkVVd1JyS1dFZw?oc=5
2026-06-10 03:00,Investing.com,investing.com,Why is Super Micro Computer stock sliding today?,https://news.google.com/rss/articles/CBMirgFBVV95cUxNY24yR1NkeGRPRXU2aFNOdTQwZGlQSG83STVLS1A4c3JDTG9vSHQ4TjZUdUt2OVNqNlplOHF1ZU9FR0Z3VWF2Ujh3aXJLdFFFR0xVUk9Oek9wYzU2VVZGS2xVM0NQS19yOW5fVnVSQ2FiU3BjY3JjaXB3b0tvTjU1aVJpc0JDc2VRY0JTcVFtSGxOQXo1emQ5MGRQUXdXQnJIbk01dW5pMjlyb0h1NVE?oc=5
2026-06-10 03:00,Investor's Business Daily,investors.com,Supermicro Stock Tumbles On Financing Deals To Fund AI Orders,https://news.google.com/rss/articles/CBMiowFBVV95cUxNZzR5MXBocXFxRllyRDkzQW0zUE5JR1AtMVUyOEk5R3R3OXZ0SEtQN0dPVG5UUHNuOXdQdk9NZXBxRzdMR3FDU0ZpTDlSN1RJSmFDa3hNV1F5SkFaVG5ta01JU1dMOUFQX19zdTR6amdWTTlVaDJ1d2NmSUdQQTlkMW5iQk1odHlrQnJjb1VtWlExNkxmeUJZbzJXWUVFTEJiU19F?oc=5
2026-06-10 03:00,Seeking Alpha,seekingalpha.com,Super Micro: Reputational Risks And Share Dilution Force A Sell (NASDAQ:SMCI),https://news.google.com/rss/articles/CBMipgFBVV95cUxOZmpCTHMyYjA3dzJBeGY3MUZBS2YzX1VYQVloSldQYW1ucHQ5dVVvSXQzeG5mdklZVlFlOEdORXhYNG5QaTd2eVR2aTdSSGRyQWRKbEk5OGtsN2V0S0ZhT3ROb1kwR0VTa2w3MjhLd2YzZVEwaXNiLVNQakhNcWVYaUxEQXlHTGdoTEhheHF6MzAtcVNZYXZER25JTVRnUmNtOE1VaVVB?oc=5
2026-06-10 03:00,The Motley Fool,fool.com,"Stock Market Today, June 10: Super Micro Computer Crashes After $7 Billion Equity Financing Plan",https://news.google.com/rss/articles/CBMi7gFBVV95cUxPQU5jMUJhbXZkVVpvRnhweUtFV3o2cVdRSDVOSkRFZ0Nuc3lxNmdwbkpreE00cXhFV2R3Qk5VNEo3VkRaRkdQNDYyYmQzUXpLVFRIaFJpMF8zNTJvN0d5US1iTHFTbnRmeERuRndiZTRpRGJRTHdTc05zZV9JTEM2dkdrcmdkNDVNc1RWcjRMWHN4R0RlNlhqRUhINS05ai1qMlg0YldjUzV0OGl1aU5jQ0NXMm4wVlRucENtalVuejBTM1BjUkpraXBleU9rcnJSbWd1dWUwemdQNkpsZXotSktSUXduS2cxNFlnOG5B?oc=5
2026-06-10 03:00,The Motley Fool,fool.com,"Stock Market Today, June 10: Super Micro Computer, Nvidia, Micron Fall as Risk-Off Mood Intensifies",https://news.google.com/rss/articles/CBMi7AFBVV95cUxNRk1kcGFocVBMc3FPeFZBS0JYOTlWYmdWcUNMQTloRGtYQWNPV3B1cUJPVDRpWGE5M1BFbkJzWnNuS3paVHJfcTBjU09Hbmp3ZGdYMWlsTzJzSnFUdjh6anh6aHAyU181aExWdXlfb1JINEtZSlVuOTVHYTJfd2tCSjdJM2dEMlJwRllHUVluWndtci12YVh2U0ViX2ZwbHp0MXg0Qmw3N3U2em00X2Z1NW9oSlBIaGQ4U3ZyR19KOXRCSWd2Mjhkbm5rYVpkOGdCaUcxZTZsS085MFhQSHMwZ1NvVDRtOGRiQ2VPTA?oc=5
2026-06-10 03:00,The Motley Fool,fool.com,Why Super Micro Computer Stock Got Crushed Today,https://news.google.com/rss/articles/CBMilgFBVV95cUxNWEFiNDRLakUtVFFibGxLd0VXbktzeGFzMElLaFNRdHB3cHZpOUdvTXZaY1lJbEl1bktNeG5ubnU5VHlaSGY2N0lZZ0I4Ri1EblJmX1RWNnN3RHA3ZmM4aVBoYWZleU5wVkNyUGdJQjFlNFJ1UXk3X3JYNmNROXpzSjdCRzJDVWdiajBVT3kzNlp0YlBSX2c?oc=5
2026-06-10 03:00,Yahoo Finance,finance.yahoo.com,SMCI Stock Rebounds Overnight After Worst Drop In 3 Months: Retail Traders Question $39B Orders,https://news.google.com/rss/articles/CBMiogFBVV95cUxNQm4yVTk4ZG15b2ZrbzEya3pKc0RvQklBWFNkZjJ2Zm5oMEgtUmxWX19qLU8wUE9keGpGNndPYUpyYXlhVE9tck1rUmRPV0RMR0h4Sk5hc0p3eDh3b0JYZ3NTS09LSHU5LXJ5bUVaYkNLbGhOQzBNSURJSDJRSWZRaERzZUR0S0gtSzAtMzBXLUdCc1NseFZYanB4OHMyaEl6NWc?oc=5
2026-06-10 03:00,Yahoo Finance,finance.yahoo.com,Super Micro Computer (SMCI) Suffers a Larger Drop Than the General Market: Key Insights,https://news.google.com/rss/articles/CBMinwFBVV95cUxNZGZLdjBpc185Wkp6ekNVQW1YQkhyU0QyNDY4NVlDUlJweTRPbmlwR2kxRmhWM09lU0MzN0t1a21WakVJeGhnV1ZORjFlWnNjOTV0dy1wdGxtT2haUUNJdm9MSDJENHE4SGdqdzJONnZIS1JydmxYYVBqRDJnY3V0WXN3U2JrWHB2amREU2lueGRMTHRLTkhFNGs2aE9MZjA?oc=5
2026-06-10 03:00,Yahoo Finance,finance.yahoo.com,Super Micro Computer vs Dell Technologies: The Better Stock For 2026,https://news.google.com/rss/articles/CBMimAFBVV95cUxNV0N3VVZObTNrTjA1aFNZSU1OalJSWE9rSWdWaFplcTVYM1pFRmg3V2pvRW9NWk1CSjdiX1h6NWxBdkVQckhPN1V4b25rUU9HOTljZ3lGeDBNZUsxaU9ZUjlNSnFKWlJsbVRwU0FwdWltVXFrSDRtQ0picWJHczZ3WGZfU0hUZ0dWbWx2RTJsS21weUloU0tjSQ?oc=5
2026-06-10 03:00,Yahoo Finance,finance.yahoo.com,Super Micro Shares Drop After $7 Billion AI Server Financing Plan,https://news.google.com/rss/articles/CBMilAFBVV95cUxPeUU2RnA2bXFNbzNkMV8yNFNnWTV3T3RSa2dQa1lvUGxLVTBFX1dGS3cyZnF0T2c4WjlTU3BjMmk5MXlWX3pOSGlnWXRaSEdENWp4eFFjajVmcHJsOHNYTGktcHFCQXFKNS1oS1FWTmlRTVVEVnJaWGNvV1pWdHo0QUV0dGJqVnYxbk12aEdaQ2dLRWRo?oc=5
2026-06-10 03:00,Yahoo Finance,finance.yahoo.com,Supermicro Computer stock sinks on $7 billion equity raise,https://news.google.com/rss/articles/CBMivgFBVV95cUxPRDVkUXpqNDdmdXI3WjZmUF9JTDZUeFB1T3lrT3NacUxheTBHWGVvaXRGbHFlbHFJbk9FaHhqcFR0MWV4bHNyeXl3eW91WS1mMUM3WHRWcDc1TzZxTHI1d3BqQV9qM2JxSzFoamZEdGZJUktzTzZkUTJWVlVGOVREODY4OXFUdE5oX2gyazdfeVJ3SUl3Xzk2MDlEdmt1OUZMWVpXTTU0aEFtVllEbVg1VUl4ZU94elVUWUZhSHVB?oc=5
2026-06-10 03:00,Yahoo Finance,finance.yahoo.com,Supermicro Shares Slide as Company Launches $7 Billion Fundraising to Support AI Demand (SMCI),https://news.google.com/rss/articles/CBMiqAFBVV95cUxPbW03SVhqb2RvRWk4N0FWeENrODhVcXRQZ2o4dm8zVEczMGFob2Jyc05SQV9TOEVaZHVXU3doZXVNNkwxNzd1eW0ya24zWnRQcDh1NUFmQk1nRTM0c3JCbEhMYkQ4Q1BXdXoxT0JCd1hWMFA0VW1nbHNYakhRc1lXLWw5VGpuMGUzRU9KZ0hOOVdrb2lJaHdaTGxZRncwbndGWVZXeXNpenQ?oc=5
2026-06-10 03:00,Yahoo Finance,finance.yahoo.com,Supermicro to raise $7bn for AI server order fulfilment,https://news.google.com/rss/articles/CBMimwFBVV95cUxNQ2dTQXZaSngwLWlEMTFkaWZVNzdNSjk2WnppVThob1hQZlNxMWFSRk9xNEZUZHl0ZWtFUmF6NkVKbzczOGxpaHg0bXdHakVHbk1Za05ndUNOOFYwQUgyOFBMWFg3dXhRT2U4Y1pRVmR0djZ5cjVZQkhhRUEyckJrVHc4elkzV1YxaGJhV2lKMktNbVdiMWk2cDd5Zw?oc=5
2026-06-11 03:00,Benzinga,benzinga.com,What's Going On With Super Micro Stock Thursday?,https://news.google.com/rss/articles/CBMioAFBVV95cUxNY2tnYS16U2lwM3EzWnNySXV4WlN2bE1vZ3Q1NUMyNXVPa0Q1a2dkZ2FPbGVLV0psSWdnbDdLc0gwUU4tTm9ST0h4akdoWTRRSmN1Mzh3M0N6X1JpbVZKcXlYXzlTRDRDN1pLQlh4YXJyQndHcWFGRXpjbUFWUV9tNm9hbTRRdm9wU0Rtd2lYMFIzbDBIbUE3ZENtalVrUWdq?oc=5
2026-06-11 03:00,Seeking Alpha,seekingalpha.com,"Big movers after hours on Thursday: MSCI, MU, AMD (SMCI:NASDAQ)",https://news.google.com/rss/articles/CBMijAFBVV95cUxQNzRNNHdIMnR1YU5FdkhaS21QMXdHRVQyVnVzY1VLRWo2UzEyaVlZLUZ0NDQwQTljT0Y4d2Q0QnhwX1MxMkxOMldWa1JETW5NbWh2bzkta0UydFBfazlhWHZWVS0ya3dZbDV4Z2VXa2x1ZlB0dGFmNHZ2bWMwRHJ6dlVrM00wSE5YVXBwZQ?oc=5
2026-06-11 03:00,Seeking Alpha,seekingalpha.com,Super Micro Computer's $7B Plan Is A Red Flag (NASDAQ:SMCI),https://news.google.com/rss/articles/CBMijAFBVV95cUxPeVJuMEhtREl4b3RKS21DdE1pZEJNdTBQN0ktNjFnWDBzMy1LR3c3YnJnZkEtQ1hnUS10dnJoV21oMzlzS3otMEJmRHFBTS1yQzVqMzdYVzN2dmFHT0xCaUNoQ0Qwd0tSYnBJYmxaRUZKalo3cUJ4QmprVW5pMlJkZi14QjFrTWdJRDZ2Mg?oc=5
2026-06-11 03:00,Seeking Alpha,seekingalpha.com,Super Micro: Hated Offering Ignores Positive AI Signals (NASDAQ:SMCI),https://news.google.com/rss/articles/CBMimwFBVV95cUxQWHA5Y0ZxLWg3OE1OSFFyYjRBckZxd2c2VmFKeHd1ejZiYUJfRU1sV2JSOTROYkkzUXpCTVlDQ3VOQ2hQdHJSLUsyTm9TX0R2Zm9WZkdUblVkS18xU1RSWi0xZGFFWGp3M2R5WGdQeEVRWFI0c3ZQN1hHVUpyNnozS2hGV2Y1cktQUGcwSFE1UU9ZNF8ybWNGbzdrbw?oc=5
2026-06-11 03:00,The Motley Fool,fool.com,"Stock Market Today, June 11: Super Micro Rises as $7 Billion Financing Shifts Focus to AI Order Fulfillment",https://news.google.com/rss/articles/CBMi_AFBVV95cUxNTWVsRXBvUXBGYVNVa25BRmZxMWRnN1NXVXZleG1NWU1xcUN4LW9iWUkxMzBDNFFsVkFYM2RKQnZYZklfWGp4N0lPLTV2MmV5eC1Da08ycW00alhQd2VzTGJ3XzZNWXczcVlidE5QSUhRZWhGWVpVaV81U1pPZXZ2ZjUteF9QWk0xNmlrYnllRnB1MXo3dl96R1pBREJWeTlPbFA0NE9DLXgxazk0LXlGS1FscmE0WWlXVVJNN1R1dU9oZno1QWh6LWhoSGFkbk42R3lTcEFKM01Ba085YlV0TGZXVl9mTHVTekpLNXVLWVhmS0V5a05rbXlMc20?oc=5
2026-06-11 03:00,The Motley Fool,fool.com,"Super Micro Has $39 Billion in AI Server Orders, Yet Shares Fell on the News. Time to Buy the Stock?",https://news.google.com/rss/articles/CBMimAFBVV95cUxQSEZUOUJJbS02ZExFbXF3QWVERHhHSVVoV3E2V1duQ25LUzktajMyaGE3TlVIcklRbTVRMWZHU1FqRWVfdDB6WDVucnJpdWVaTFJCejhBRXhpQTNlTUJqNEZpSW02bkcxRXZaQzc4aXhMUkpPNFl2LWNWdGhKTG8yNk1fcy1ZcmZfa3lVRGpoeE1uVWkwcXV6OA?oc=5
2026-06-11 03:00,The Motley Fool,fool.com,"Why Is Super Micro Stock Crashing, and is it a Buying Opportunity?",https://news.google.com/rss/articles/CBMimAFBVV95cUxPQXlXOWVnSjY1REpfVVpuWUtuendfa1UwSjRzem5GZ0ZQWW1ZUU5Pd2loYk5LRDFIQVBycnNTblFnRXhHSkw3STBxLXBCd0lnZGtKYUk4bDMzMmxwMnp3R1NGUUlxQUFLb1pHaElQeHZSUHp0OGlwN0JqaEJ4blVpSkRCTmd3Q09HTWRycUdIMGhKLVpsRVVfWA?oc=5
2026-06-11 03:00,TheStreet,pro.thestreet.com,Charting Super Micro After Stunning $7 Billion Update,https://news.google.com/rss/articles/CBMilAFBVV95cUxObGRQeDZUZ3Y0YzdmQWVISzBrbWd4TE9pRUszZWM2UWI0VVNESVA5dzVoSmJlMEQwbHQ4U3ZlU05rUU5laW5GUFNsNjJDWjhtVFJIeFZ2WjhJTEhTcmpGalpkX0o1U011TExzckppQkd4azBjQWNObi1qWWl1YUFZZXh3WlpzU1d6SlpqcUNhVXFOZG5P?oc=5
2026-06-11 03:00,Yahoo Finance,finance.yahoo.com,Super Micro Computer (SMCI) Is Down 38.3% After Massive US$7 Billion Equity and Preferred Offering,https://news.google.com/rss/articles/CBMimwFBVV95cUxNYU5PMjN0TGlYRWxPRXpTWkl5bjlqNlpucVAxY3IxOGdYS0xIa25NZXBvMW5xY1pEMXpDUnFYRWNpRW1VX0F2RGNYZ1puYXZ5NmpzRElXNnNLZldEd0Y0dkQ1WXZiUzV6QlpBaGlSaVJ4blpIWDZrVWJUWmpHa1dES1J0a3lHV0hlRG5NSkVtWnRxVHduSm14X3QySQ?oc=5
2026-06-11 03:00,Yahoo Finance,finance.yahoo.com,Super Micro Prices $7 Billion AI Server Financing Package to Support $39 Billion Order Backlog (SMCI),https://news.google.com/rss/articles/CBMimAFBVV95cUxPbXB6VkNUc1lIM3BLRC0tRmFtOUJNTTE2ejRZTEVrbnI3dUp6WUNMeEVLX1EyNXpnMmhTM194d3lOTk12bHVFWGFMSVB6SV91bEY1ZmF6MjhVOUF6cnFyWldwdVIweVdJMnlNUVlIa1A2UGdkZ2p5V3U1UHk1MW1Vczl6bWwzRjYwTEdPNHdDczI4emVjQW41TA?oc=5
2026-06-11 03:00,Yahoo Finance,finance.yahoo.com,Super Micro risks massive dilution for uncommitted AI orders,https://news.google.com/rss/articles/CBMioAFBVV95cUxNOS05akJzTXphQUtPazlIUWxoTFZWRWVMUFZSYWhWejVIRV9VUGU0dVJlM1VOVkRIcHUxNl9uUjMybXM1YVR2ckRtbnA5YW92U2NNT2ExVDJfWkdtSlBBdU10eUVaSC1tMUF0SjFvOGtMOTdTcktMMW9vSC1IZGQ0aFQ0MzRXSDJUWldjUXpNU25LZm9ReEZzU3lGbTFCOHNm?oc=5
2026-06-12 03:00,Benzinga,benzinga.com,Super Micro Computer Technical Analysis: Is This The Bottom? - Super Micro Computer (NASDAQ:SMCI),https://news.google.com/rss/articles/CBMiwwFBVV95cUxQVE5jWjY2aTNJTk1yTHVtTk1CNldDQmZtYl81Wk9obnB0SENhY3lhdTVJWGVHT1pTR2VvRGdZV1pqeDVETGUzQjNDTDFTMzFUUFRobDZLbVJQUm1CSFF1S01NdkFfWlJWbkFZQTg5cERBMmY2VC1weHNpc21oT3MySmlzUzRpUWVEamp1UHF1OXhUVzZQSk9DQk5tRE5QT0M5anZpVGcxZ2J0QllZMVl3cUROdGxyS1d5U0JLSEFKWkFsRjQ?oc=5
2026-06-12 03:00,Benzinga,benzinga.com,What's Going On With Super Micro Stock Friday? - Super Micro Computer (NASDAQ:SMCI),https://news.google.com/rss/articles/CBMiqAFBVV95cUxPdk1kMmo3aHc3WVJPbnFQUE1FVEVTSkg0SEpkS0d1ZU5iSFY3Q0tCNXZGbmItNVNkSnl2WUJPbWt3UGFGaUlKNGJSSHpWaUV6X3dlTTFWV0xIUlV1cTlLQUdwS2N5TDJlR016SFlvWjFYSUxSNnBtNTZ1NEtzazNWenFyZmExN19va1hMSzBaYlgzUHo0MkJMZzZmcVpfMVB0WTdNRUNubHQ?oc=5
2026-06-12 03:00,Seeking Alpha,seekingalpha.com,Super Micro Computer: $7 Billion Financing Plan Overshadows $39 Billion AI Order,https://news.google.com/rss/articles/CBMiugFBVV95cUxNWVEtNUlXWU9CcEFELWk3UkhOMHpIYmxPcjd0dmFnc1hNemFnUUFYX3ZJc3BvNDhhd2hXbl9ZZU1telctUEFCSFhoMmt4Umc3Rkp4RDgzYlpnaWNxNkdZZFZsRjNUMGZvR3NKeXNJVnQ5MzlHMXZJaUtIREVWcUlndE1yNDMzUHNFdjlPYnQ5VWZYYzltaE9rMWFSSjN6blBUQWE5ZjdPWjlzeUQ2bzh0OXdVcUM2RGY2Unc?oc=5
2026-06-12 03:00,Seeking Alpha,seekingalpha.com,Super Micro Computer: A High-Risk Balancing Act (NASDAQ:SMCI),https://news.google.com/rss/articles/CBMikAFBVV95cUxOa29wWDl3MDYxSFBnWXhxQ3RXQnp1N3IxdHltWHlrSUlyWGRNUzVNaTB3WURGQkxsQUFzWW5EVEI2d0tkWG9MXzlmbmxfSEtoeDR2VlF4Zm5rX3F2SU1MWTg5QnBZcmhpRER3YVlQbG53cU55UWJBcG05SWVLaXlseGtDTHBFVFFnVFVoVHlHU24?oc=5
2026-06-13 03:00,Benzinga,benzinga.com,"SpaceX, Super Micro Computer, Micron And More: 5 Stocks Investors Couldn't Stop Buzzing About This Week",https://news.google.com/rss/articles/CBMi7AFBVV95cUxPcGJVRGdIUlh3dWd0NVZET01PMFMwa0VmSEU1QWZZRW5wVThUaXRINE9rNFc4bFUxUC0zeEcxUEpyelNpSWMySGk0d0hnaHpnYkI5UHpuQnR3VE54R216a2FJQi0taWk1U0lGcmhEZ29UajYtY2UybmZ3UGF4b1FBVmJZZVF4cHR1dE9QcWtuTlJnNU1DYlYzVjhJSTNaUDNqNVhYVjZqNDE5NV9pRDloTHhSMUZuckhuVC1zV1czX3VGUG12ZGJoX0dVdXNKRzJCYTJfYUw4V3VSb2FiTjR4dXBiZW10aG8wUmJoMw?oc=5
2026-06-14 03:00,Seeking Alpha,seekingalpha.com,Super Micro Computer: Financing Pressure Meets Undeniable AI Demand (Rating Downgrade),https://news.google.com/rss/articles/CBMiwgFBVV95cUxNNm02QXRRSG5Ib21GMk9QQnFWNG5QZm5mU0hkVDY1ckpRWFR1aFhyTTBpdUxCRkgxYURaOHFUamg4TnpQYTlMWWVFOVVha0xNckpTdHAtTTRzeDlFcVVESnRnTmI4VGUyMmtZZDM0aWFUaC0yMGpvMUlia2szajVIZ1N4TklqQTdOcTF3U0JQbjVOcmJwY0ZZSkZJZVNncWhuNHJPS1VVLUhlV3p1NXZyd3d3Zm1ZZ2Z6SFFoU29SYTE0UQ?oc=5
2026-06-15 03:00,Benzinga,benzinga.com,Super Micro Computer Stock In The Spotlight As $7 Billion Capital Raise Officially Closes,https://news.google.com/rss/articles/CBMi4wFBVV95cUxQRkF4YnRQdWRmcHR0U0F6RU41OFo4d04yRmJlOHBlQWNpU2NSQWctRm4yNU5wYmNmTS1la1ZqRWJNUThJeUNyeGJaX0hXdkp1Z3pFUWRwc3V3SVhLVHdnZVlnNmxQMWNTQUYzUmxKQVhHRU1BMGRRa0RvNGZuWlhYT2gyTl93blBmcVZTbklLUTRGa3FUeDhNamJ6cjdrRzh2d1I2Z1FLVkVPRk5xbEJoN0YyNnRfNm1mdFNKRWRSdUR1RGlKX2ROWlFzX1lDcWI5OHpkWll6MEtoaFkyanJPQkljTQ?oc=5
2026-06-15 03:00,Investing.com,investing.com,Super Micro Computer completes offering of $7.00 Series A preferred stock depositary shares,https://news.google.com/rss/articles/CBMi3gFBVV95cUxQbm1ELTdJd2lsUTdMWWU3TjFTMlRsR2ZJanZJLUdkWmhDN3FYMlhVeHFQcEVhQjg3UkNkb1dYNEhFVnlqSHZ2YnVuUkN4Y29nNlpQMkdBWlhrWVV1Tm9EWHVHWGRKYmh2YTBLMXhzUHFXS25iNTIwNGdKRC0wTzMzT0ZkeElCWXNINWxtb3JlYXdudGczcUtNemRtb1h6aDZtU1A3ZjY4a3IwNV9LR1RmUzZjYTF3T1dvY0NSSklZdUstVzNGRHZrU0ZYcVJQUUQzeHVCT2VmNmM0c3RJeUE?oc=5
2026-06-15 03:00,Seeking Alpha,seekingalpha.com,SMCIP: A 7.0% Mandatory Convertible Preferred From Super Micro Computer,https://news.google.com/rss/articles/CBMiugFBVV95cUxOTkFseUY3NDdIOFBobnk0Rmp1TVNFRGtiNHpkMUZ0WFBtQ3BiZXM5ai00anN0YnZCVmREWDM4eTV5c096eUp1OUZQN3FiaXFod3JjRVRoOGdqVFhBSDdtbDNJSlNqRmlrVHFfM3hYZUFGMmZxZ1o3VDBzdWNHVDEyZkNlVkV3RERGVEVDaVAzZ0hURGZFbTl5dk5fRkN6SUotbWN3aDhGRVozbXBVc1JKc0c3M0Z4ZGl1S2c?oc=5
2026-06-15 03:00,Yahoo Finance,finance.yahoo.com,Stay Away from Super Micro Computer Stock. It’s Hostage to Its Own Mistakes.,https://news.google.com/rss/articles/CBMimwFBVV95cUxPTWxQRlV2OGNjREJGTFFlRlhrU3Q5bnZZeFk3VjZqend6WFdTcHF6LUptMEw2dDlBWGJiQkl2X2lTbGZHRGd6ZGVFYk1FeUlfX1pxTXF5QXFHUERCUUZSQ2k2Rkp2RDB0ZTI1SkpLVWFPTXZzS3lDTEZPTEozWW1jS21JRkFQNVdyelQ0NFRTcEE1MUNDNkg4T014TQ?oc=5
2026-06-15 03:00,Yahoo Finance,finance.yahoo.com,VRT vs. SMCI: Which Data Center Infrastructure Stock Is a Better Buy?,https://news.google.com/rss/articles/CBMikgFBVV95cUxOT1JOM2dPU3FqdmJxRmhWcFRkYmJfbFd2R3Y0bkN4T1NkNVotcVJkU2E3Y1hldnBlQ0YwV0JzZkYwWWx2RkFwOUt5S2ZQbVJTX3dNRHZIclZqMmhBUDNJRWNicGpncEl4TXFRR1NIMXQyUHZqdThjUWVmNjFkdmUtMFdVMDJoN29YN09rd01KV0dMQQ?oc=5
2026-06-16 03:00,MarketWatch,marketwatch.com,Super Micro Computer Inc. stock underperforms Tuesday when compared to competitors,https://news.google.com/rss/articles/CBMi2AFBVV95cUxPLS1UVkJLNjhmR3ZOUkNtSjRvQVJETTFEdXJRMnlzbGlfU3dPNHQ1VnNwRS1YZm12VUtCU002Z21PRnBQTG4tS2xGNlYzZ0o0M0pwM1BSYjN5dE5zQVVfd3hzMzdvbkFiTFI2SjhNOTIyU29rejJ3SkJKSS1aSnRVRGhsOGJhQTNSYjBOV2lodnJ0aTNjc0l1R0EwdXZySGxERkFka2xkdHpHZXg0STZ6TFVsTmwtVXgtQk9hQzQ0SVRQbTQzX3pYNTFFeVZ0SGJoaTNWSXk0cE4?oc=5
2026-06-16 03:00,Yahoo Finance,finance.yahoo.com,Wolfe Research Initiates Coverage of Super Micro Computer (SMCI) Stock,https://news.google.com/rss/articles/CBMipwFBVV95cUxQYTVzdTZ2bGVzM3czQ3llVGl3UTk3NHRaeVY4VEotY215SVhwMU90RG4xZmF6bER5N0FOQk1GNFAzblUyY3ZSdmw1ZnFxRlpuX3VnZVZYY2Z2RVFXQi1DMFNlUjc0NHhsaWl2UWtCdEt1dWQ3Rmp5MmUyaThyTjZHUkxRV25pb3d0eDM2RGg2aWd4S19GU3VqZ3hCTjFJTEFOOGhqQ3VGbw?oc=5
2026-06-17 03:00,Seeking Alpha,seekingalpha.com,Do Not Hold Super Micro Through The Significant Dilution,https://news.google.com/rss/articles/CBMingFBVV95cUxQTjJXX1lnMzc0Rk96TzJOSHRNekF5d1VNeUIwdF8wZ3pSRURVaU1RRS02c3dVOFhZRldQSEJtSjN6UUFXa0gtWVpsaFo1bWJZeGpudnRkb2MxUE1GNUdJdlNsM2VmazF2ZV9CQWNIYk1HcHNIV3JhNjgwemtfbklvSVFxd3JFSTV5SjFzM3E1MXVhQ3BDQzlzdkVpM25Ndw?oc=5
2026-06-18 03:00,Benzinga,benzinga.com,Super Micro Computer Stock Is Surging Thursday: What's Driving The Action?,https://news.google.com/rss/articles/CBMizAFBVV95cUxPR3czZDlLcHRoOVFZUnFXd3p1Q3BnSEJKQTRCR2pnd2xjczdNdk1rTU54ZXlmUHRZcFhETVJrbktaOFVBNDhMNHpLNzZTbHljTFVMNTQ4QlVncnJ6eDBRU2htTzZtVExUNk1MdXVUdjZBc1ZLdlMyX1FsRFk0RWZhZTRVOWQtWEpMUzJEa2lDSWxUOGd0UVY5T0F1NEZTR2dmV1pWY19uTWhKTC1tMFRfZXpQMTB4VUJuOU5TcjROTm81VVlZWkhxY3k3UzI?oc=5
2026-06-18 03:00,Seeking Alpha,seekingalpha.com,"Super Micro Computer: Super Messy Dilution, But Still A Buy (NASDAQ:SMCI)",https://news.google.com/rss/articles/CBMinwFBVV95cUxPRmplcURPamhES2VxNURFMnQ1OHBYdG1VWGpkLVgxNGFtZi1qbUFqVnJWM3NKSE01eEN0WllQSlRUc3c3WUFLYVJaZGhvSGYwcW5wRUs0ZGRQMTI5dTJlUEVHTUVacmtuWUVDSkd4QVV0U010M1Y0MGtMQXUydkFGUkNEVV90Zl94cmVNSjQyTml3dWVVVW03UWNZaXRUVW8?oc=5
2026-06-19 03:00,Yahoo Finance,finance.yahoo.com,Why Super Micro Computer (SMCI) Needs Fresh Capital to Support Its AI Server Order Surge,https://news.google.com/rss/articles/CBMimgFBVV95cUxNaFdrSWFXcXZrdWJta0hqc3pSR3o0OUlsTnlWdXZlTDFnSjVxdXcxN0RuOWZndmk5WEp3WVZzclVZQVlQRWI0akt2d3J5YlhQNy1wUk5KLW5CN2UwTldQbF80c2FwSFp0dzRVSzVfVXlGM2Z1dFJ1UXFPaS1UYXFQTnlHTlduWTRoSVJWSHUwOW5KNzQwWFFPQVlR?oc=5
2026-06-20 03:00,The Motley Fool,fool.com,Super Micro Jumped More Than 10%. Is the AI Server Maker Finally Turning a Corner?,https://news.google.com/rss/articles/CBMimAFBVV95cUxNM3hqVW5RVGUxZGZzNEQ4cE9keFVXNEhQUkRHVUZWa0ZCbWdmUks5bjMxSTUtYXJTUWtoSWNkeTc5aE1tR25NUjZEM2Vpbi1Xc1RaN0tFc0hLNUtOejVHMzB6Q2ZNc25oSVRlVmd6LVl3YnB5bmZzYjlBNnJZMnNLTXNyTWVYRkJXWThpLUlVaHowb2ZFU0VvbQ?oc=5
2026-06-22 03:00,Benzinga,benzinga.com,Why Is Super Micro Computer Stock Soaring Monday? - Super Micro Computer (NASDAQ:SMCI),https://news.google.com/rss/articles/CBMiowFBVV95cUxQRENLUXFJYjNQd3ZlOUQxaUp4VUE1UjdnOU1ka2t5T2c0NDV2cWtyelItU0hFc2RiQkpxZlhXcUo4VHFMLXh4LWhNNjhzQkctTzZrUU1QWElRVWEyTzFzVlNHZ3FocTg3cGdhWVg2UDZDTWVpcWtNS1ZfWHFvVU90SUlROEpnZVZqdkYxT1hPYUhsRmVuWkx3bUExLXlfbnZtY2FF?oc=5
2026-06-22 03:00,Investing.com,investing.com,Supermicro launches data center blueprint for HPC and AI systems,https://news.google.com/rss/articles/CBMivgFBVV95cUxPMGZ6WDlsUGlKN1V2X1o5U1BleVoxdlpWV3p0X1hMV3MxLUtCVUlxbnM5TkhqT0ZVQlJ1Zl9hODVyNi1MenlKbHczREQ2TmRpTzhUUW40Nm1OdXYwdEpIbERWN2swNTE1N2psS3FGbzRjdUxkMXVhU2swR1pITDlIZVVPbWFkS25YNmc2czRIdFNtZWJPMjJOQ25JRXVLSjZuR1IyeE5iS0wtNElhb3lLRjgwQjBsTUxkMTI4TkpB?oc=5
2026-06-22 03:00,Investing.com,investing.com,Supermicro stock rises 8% on new Nvidia AI infrastructure blueprint,https://news.google.com/rss/articles/CBMixwFBVV95cUxPZjVUQUJxNmVMM216YUNHb2Y4Y2J6ZGxiNWVtc28ySEhiaGJ0UjVCRUpnOHBCY1VKSFR2bDlha3hNRVBQU0tGTm5UUGpjT3o4MmNQZ2MzM3dxeDR6UWRJTlM3bDNXQ2NFLWlnclVXcC1iX3BXVmExQXRtSEJCQmMyTUt3Mkx2X09GWHA4TXZuREc4Ty0tcXkzY0l2bS1NX2tFWUU1M3RGaFh4NUhQRFFVSFRLRnp1d1JJYl9NZ19fUU5TdGZ6SWJF?oc=5
2026-06-22 03:00,MarketWatch,marketwatch.com,Super Micro’s stock is seeing its best run in a year thanks to Nvidia partnership,https://news.google.com/rss/articles/CBMiwAFBVV95cUxOUHlsZUJXQUdXSWQyMjZMclQyQWE0V2FQVDdKUUJiYXVHQi10bExFQjMwRnUzWTJTeTFUNEJwTFpOM0s3bG9hN0FpSnc0Rll5NXEtbW9aWnVQSlg5bF9rYmRPNXNFRE1MaVpvRnA3d3luY3I1N0xYMmZSenAxanFWay05UUtaMi1MN1dqb3hWTGtDUWpTMnlDVVc4a2FZb1lvN2JhVnJhbmRjTDQ1WWh4cnB2b3NxdUFBaUJUZldEdzQ?oc=5
2026-06-22 03:00,Seeking Alpha,seekingalpha.com,Super Micro rises on back of GF Securities upgrade (SMCI:NASDAQ),https://news.google.com/rss/articles/CBMikgFBVV95cUxNQkt1Z3VaVTJNay1MZW5NOHdMSzl1NzBKQktBenJpZ0xLeGJEWkltX2pmNlJTX0JFVDlSZ1Bhd2NLZktJWGlwUEtfWjQ4Y3VHU3dOVTFLb3A1V0NyTzZYQmg4ems0dUM4c0FYcFRMVlh3eC1vQUVDa1IxR1UxMi1mRV8wM3hRYjkzSGo0TmxiWU9LQQ?oc=5
2026-06-22 03:00,Seeking Alpha,seekingalpha.com,Top ETF holders of Super Micro watch the stock surge 15%,https://news.google.com/rss/articles/CBMimAFBVV95cUxNOVVxZjk5V2hCRlo0cFRQcF8xbHdVTS1tV2pmNDkweU5kS2EwZWJLaUNKSm8tMm92emo5QUtZN2tXQXVyZjFLWndCVFExYlE2dmE4RkgxYVg0clF3MG1lUTdHbU5ERC1ZTDdlQzlsaDdRYVFGZ2lTaW11R1p3WnZTMWp4VjdTRE9sZzNaSVNORXNURDFKTVlJaQ?oc=5
2026-06-22 03:00,The Motley Fool,fool.com,"Stock Market Today, June 22: Super Micro Computer Jumps After Introducing New Platform Accelerating AI Server Backlog Growth",https://news.google.com/rss/articles/CBMikAJBVV95cUxQYXNJUjFYb294Mk1zeWtlaDBNaWQ0M3FZamRBNzBTVVBKUl93am52Z0VfY0d6aFYzRzR2M1c0N0hCWG04X2p6alFQbURYdm5UMmh1bFJVajEzcmI5RnBObkRuajFLRjZNSkp3NHVKVVRSNG1TeDk2T1A2eGZGeDFWUWl3VmNFcHZ2UXpja24xTjVjcHBOd000QzYzZTJCNWhIcnBFTkNWeTFDR1lsX1lrMDlkLXFUVk1EcGNVWFFESkVwYldNSlA5MFNoT3VtVHRjeExpZmRHQUpFekNxVi1wZU5wM0FSaVBGZ1ItM3VNY2NjRk9YbHl5eWg1M2RITzdrcnN2elBRZzlDY05xQkZNOA?oc=5
2026-06-22 03:00,The Motley Fool,fool.com,Why Super Micro Computer Stock Is Skyrocketing Today,https://news.google.com/rss/articles/CBMimAFBVV95cUxOVEpxTHNEcUJWLUJISWhqZ0pDVXRQN1VVT0RqOXBvZmtUMExKVXo2aHVjc0I3dDd5T203SThzVUlkUGZHZk5DOExPaWdIV25qTFptbWFGYndEVC1MOUtUODM4RW83WDNjOEVpcUlUTnZzdGRndXlrbEpjV25NdHpoTlJJck4wNFJZQnJUY2x2Rmt0ZGpubUJ6bQ?oc=5
2026-06-22 03:00,Yahoo Finance,finance.yahoo.com,"SMCI Stock Gains Most In Nearly 2 Months On New Vera Rubin Racks, Analyst Upgrade",https://news.google.com/rss/articles/CBMimAFBVV95cUxQRXNQM1ZSV09Ma1hoYnU1TXhoNURMeEU4akUzZ19vSDRRMzRVeDkweEpEUlZKU3UyWGNXNmtJVnhQc3lvWTdXLTdjbTl4cHd2R2dXeXhEYllYWXZNVjhyaWlpU1Z0NDhXUXZhaTRBQi13a3pSd0pRNWU2cXBZTWlDNnV5amhpQkZkTVY3VENhTmxYdDJaZUdFeQ?oc=5
2026-06-22 03:00,Yahoo Finance,finance.yahoo.com,Super Micro Computer (SMCI) A Data Center Stock Cheaper Than the S&P,https://news.google.com/rss/articles/CBMimwFBVV95cUxPYjl2cFZMUWw0N29wckxmQTNvMGZkSnhvMzlHOG9Sc2owSG8tVk5EeFBxVFI5emhQOXlzM3VpdEdIaVlvLUxFY0JCSVctZWlnNFdMQ0lmQXBQejZCTW9HakdiSWtyYjcweDh3enZ6c3lrWldhSFhGUUZiQlVYRG1XM2J0ZlNWSVVtb1RXVzBkV2FHZE5QOE9wU1BFbw?oc=5
2026-06-22 03:00,Yahoo Finance,finance.yahoo.com,Super Micro Stock Soars on Forecast of Explosive AI Server Growth,https://news.google.com/rss/articles/CBMingFBVV95cUxORGJqZUJnRmZOYzhvWE96OGUtRjBYV2R6OEpvdTJJcTZidFNtZmpUVEtzaFVFVkRXRW1JSG55b0NNcmNaUnBZaFA4djlaTlJMTm9QNHhRQmVSbjJ0SEpaM256SURsTWU2MG1OdWtUakcxVkRJVUNEcUMwYTBrNEtsckxVWkpuSWpQRjZEaE1sSHFaLWFHNUJpWVJzOTREUQ?oc=5
2026-06-23 03:00,Benzinga,benzinga.com,What Is Going On With Super Micro Stock On Tuesday?,https://news.google.com/rss/articles/CBMipgFBVV95cUxNUjBvY3FKYkZtZE9RWWltT1FOR3B0SUhzcUxnYndaem83ME1QX3dxcHVlRUtBTWNBckd0VFpNcE1xZm9HdUU0aGJhby1QY3UwR0Q2djZVMFpMaHJMNUZsbUdiNjNhVzl0LTZVMkMtY3AwUDFQSGQ3a0hlbnA2cWRmNEJwNGNHV0VKcUxfcDJDVzBaTnEtRTRmLWZiQmRjTnlSY1RYMGV3?oc=5
2026-06-23 03:00,Investing.com,investing.com,Supermicro expands edge AI systems with Intel processors,https://news.google.com/rss/articles/CBMiswFBVV95cUxNa0Zabmtxd0JoQm1aT09La2JzaFdJdlB0N0NMUW5kQmxPc195SG9fV2pzTnp5VFhSa2dycDNsRkdvd1JmTEJiZ0tJS3h2MHdIMHVVRWt0VmJ6aU01Ykltd0dBVFQ2bFJwU3RVX18tcGduWU9wRDN1YjBLS2NwRENFYnlnZWxfWEdoWExval8wckFCQkk4NXVoYU9jSHVPdTE5VWthdVRLRjd3TFhHYUFOSHlHNA?oc=5
2026-06-23 03:00,The Motley Fool,fool.com,"Down Nearly 50% From Its High, Is Super Micro Computer Stock a Bargain Buy?",https://news.google.com/rss/articles/CBMimAFBVV95cUxOSHEyYmFkRVExd0xTZGpRS01UdHk4NzE3aElRT1FfZFQxY2hXcllwakZEaUZEcnRPZHNoeUJIMWJRTElNMmVGM1MtSzdNM2ZBQWhkRXVQOGR6TG96VW5oTWRNbTVnWnNHX2xpZEFaaS1aSlNlNGRGVEpGRWplYVFtX1VzM1lGT1ptUXRaUWdIdERoZzlzcFZZaQ?oc=5
2026-06-23 03:00,The Motley Fool,fool.com,Super Micro Computer Is Trading at Its Best Valuation in 18 Months. Should You Buy the Dip?,https://news.google.com/rss/articles/CBMimAFBVV95cUxNTUV3bEkzMmhudTdrc29STlZQZ3o0R2JXRmQ1ZWdEOXN5TnBRRjZ5RURoRWYxMUJsdERHSFdPanBhOF9lb3NTWVA1MWFFUXlacmtSX0ExSTE3aUxIa1VNYW1mZjAxd1g4cXUwc2tXckVPZmd1OWZqRTBwVTE4bHRHUmE2di1VaVNtRldNSnBzUGRlZE9FLWc3RQ?oc=5
2026-06-23 03:00,Yahoo Finance,finance.yahoo.com,Forget Super Micro Computer: 1 Unstoppable AI Hardware Powerhouse to Buy Hand Over Fist After the Pullback,https://news.google.com/rss/articles/CBMimAFBVV95cUxNTnY5OXozdDMwclR4OGwtZWR6ZlA5RFBlc0I2c0NLb0x6ajlIRGU4RWF2ZFljV09sY0dHYnhYYXJhcXgtMDhjMXh2QnJwNk9EUE03dFlpa0ZnaER5bHpEVEdTQzFSNGFRSmgzaTZnYmdOX2pJYTZlSldPT0J2dElUVU5TWVNZZUtVR1ZTSC0yWVFFU0pJTDhGVA?oc=5
2026-06-23 03:00,Yahoo Finance,finance.yahoo.com,Super Micro Computer (SMCI) Stock After Volatile AI Server Rally Is It Still Attractive,https://news.google.com/rss/articles/CBMinAFBVV95cUxNWHY2SFZHSjdLS0M2Q2ctb1hnQmJ5SnNZRTlNT3Q5dVNnbHJzbWg0cGo0a2FnTWM5TlI1TDNyTDBfODhJdW9UcFo5Rm9mOW16d3cyM0l2Wm9PRnc2aERNT252bG1rREpVWXZNa25oSElEekhvQUhGOFpuX1BDeG9ZcTRFMDBZTGNUb0c3Y0Fub0JFb3UtOHVmYjhZX1Q?oc=5
2026-06-23 03:00,Zacks,zacks.com,"SMCI Stock Soars 15% on NVIDIA AI Tailwind: Buy, Sell, or Hold?",https://news.google.com/rss/articles/CBMioAFBVV95cUxQNl9rdHBJeTdiQjdSNXpaNDR4aXdHUFctajZlVEF3dWx4ZWRDMzYwQmN4S3JJQXVwbXlKWFBzNGJ5dWEybnc0NFhRZ3VjMmJPSXB6M2xJTHdUWkNlZ3VKSHFpb1oyb1dWWGUwanZDZHhxdXhrNVFyMlp4UHRrSmw4djBUNlhHTmdlZXVZZGlWcFR0VWRycXBOXzZQQVVoMkVI?oc=5
2026-06-24 03:00,Investing.com,investing.com,"Supermicro, StorMagic partner on edge virtualization solutions",https://news.google.com/rss/articles/CBMiugFBVV95cUxPOVF4TlpXQ0VueHlFbmFMbjFNbW1JYlliXzdoRzA0LUJWVkdjZ0VsWXVqak1GZnZXVVh4XzBHUjBZbnB5cnhER2Q2dHd2MVZ0c0JsdU1kd29xcER6bDJYdW1pNG1IcWl2d2hHYll4VEFTODVMVF83eERHTkpwYm9TbUcxQW1lNWtZX2MyN0ZXNWpjME9Ja0J6TmlnekNuYTNJNVdFV3h0SDZ6X0xacjdIWm1qTDB4Y1ZmWkE?oc=5
2026-06-24 03:00,Seeking Alpha,seekingalpha.com,Super Micro Stock's Hidden Transformation (NASDAQ:SMCI),https://news.google.com/rss/articles/CBMigAFBVV95cUxQdGtVZG5ZYkRBQWw3eGtCS1lzc3ExT01vcmMzUy1xRS1yRDdaeHBpYzVYdlhITlRneUlHTm5ndUhpOGZXT1RFcXJuTUtsSWVWSFdYdmw3N1hyUnJqcEx5Znp4bVF3RFpKdDBoUkVBTURlUVlycUtoZE14TmhzZjVnWg?oc=5
2026-06-24 03:00,The Motley Fool,fool.com,"SpaceX Is Becoming a ""Neocloud."" Here's the Beaten-Down AI Stock 75% Off Its Highs That Could Benefit the Most.",https://news.google.com/rss/articles/CBMilwFBVV95cUxQdUt0emxRV0RXZW9BcXA3MDZySzBaVmNsRUx2ZF93N3N2aVo1X3VoamFzZ2pPREFXcHlpbTVRNE5GdTE4LV9wTVpicWxGajB0b2R1amZGWG95Z1BDT1FKSWFUaUNwV0VOWHNxaUJ5VTRVaFFaUUxMZXZheU85QWZ6R2hkcU9iTHpnRnpadWRtd2gzSjYwTHp3?oc=5
2026-06-24 03:00,The Motley Fool,fool.com,Warning: Supermicro Stock Faces a Critical Trust Test,https://news.google.com/rss/articles/CBMimAFBVV95cUxNVHlBb2dVaGVfdHNyWEJlbGhYcTB3dnJmR3A5cmZwYktoakphMWlvV0wxRTFzVUZiaUpGNXFyOFFXQ2t0RWY2OWRGaUFabkF0blpkVU9vbkNPQkQ5bHZvSGtxU19xcWE5SW9NQThQS0VscWM2VkVFSmhfbGlDazR4Nkp6TVFjMElBWG9EWURzQkU1WHNBTlZvQw?oc=5
2026-06-25 03:00,Yahoo Finance,finance.yahoo.com,GF Securities Upgrades Super Micro Computer (SMCI) Stock to Buy,https://news.google.com/rss/articles/CBMioAFBVV95cUxQNmQ2dFkwVzMtaEJhODhvZVAtUDRRbTQxSExtdkp6eXJGMkRBM00yZmpkVkJSdkVHcy1UbVhDUW1TRG9hN0Y0ajNnTTZ2UEZqcmRIU281R3RPSDQ2SDJQVmZHQjA0dTJRVHdnZ3VLYWpOTDJGQlVsdlZhTjJrU3dSWkQ4XzFFdF9QT0RxQjFIMmQ2Rkg5dHVnNlRZc1laX21m?oc=5
2026-06-25 03:00,Yahoo Finance,finance.yahoo.com,Super Micro Computer (SMCI) Is Up 5.8% After New Edge AI And Sovereign Infrastructure Push,https://news.google.com/rss/articles/CBMilgFBVV95cUxOTnBVcll1VlRHNVNhQ3BNdk9lWHRnT2JxWXBrakxhMFg2UUNLcXRoSFlCR3RZRlVHRm1xZHNwLXhNUHRxQmYtNGwxZ0J1bC0xeW0xdU40eHd0TWhuSnh0Y3QzUHNHYXZXSXZVMXltME53Y0dZRFJfTzh1eWdYTDZ6U0JwN1JMdkI1MURMYkh4VVlUMF9zRUE?oc=5
2026-06-25 03:00,Yahoo Finance,finance.yahoo.com,Supermicro Stock Jumps on Wall Street Upgrade. The Real Test Is Still Ahead.,https://news.google.com/rss/articles/CBMioAFBVV95cUxOSkJMLVRINldGOGl4bzlFNlJqcXl0RDFoUmc2MktfcXlJVVZKYWVxOTNEclZfQnZOS2JsZVhYYS1ObkF1MXlNS2g1dE9TMzVrX1dMYWhkcndLaV9fcl9aTHUzNkhoZDkyLTExUkY0ODRSNEZuelkta014VURJejAwMy1WTlFBdGhkT0dnVTBFb0lBemY4eGh2VnJORmk1bGhI?oc=5
2026-06-26 03:00,Yahoo Finance,finance.yahoo.com,Stock Price Prediction: Super Micro Computer Set for 10% Climb After Repricing,https://news.google.com/rss/articles/CBMioAFBVV95cUxQZ0t5b2RMVTNDQXI1VHl5Z19tcHlyWTV6N0xGRDVsZDlNR3h5bEZkaTRCU21jUUZSTlpXOGV0blZhUkVsbmowUGFwMmFyUkVDS21mM0F3cjBJRFl4QXZPZHNZVDhEVllISTl3Zy1KUlUtblpxUHltOTJjeG9Kc1MySXpzS1hBeTExMkF5RWR6T1B4Z1RJM24yMjFWZmxQT05i?oc=5
2026-06-28 03:00,Yahoo Finance,finance.yahoo.com,Odine Partners with Supermicro (SMCI) to Accelerate AI Infrastructure Development in Türkiye,https://news.google.com/rss/articles/CBMiqAFBVV95cUxNYzFYLWVoSkxsTFZDcWtoNV9yeWVsWnNzT1VLV2RYXzgycVJhMTFXQUx5Zm50emdnbEwyY1ZiTzJzNUlMWkMyMlpqbm5PZUhvaWlXSnNNWkVYYVN2YzRoUGF4T3ZPdjllMzhJM0xjYk1faUdjTHFOXzdzV0NfSlBBbXQwRGtCZ1cyUTBTMWxfMFZfaGFGRnZCSGY4aGNtYVFnSHZsLVVuaHM?oc=5
2026-06-29 03:00,Benzinga,benzinga.com,"AVAV, RKLB, ASTS, SMCI, TSLA: 5 Trending Stocks Today - Rocket Lab (NASDAQ:RKLB)",https://news.google.com/rss/articles/CBMiiAJBVV95cUxOZEZRNU1ZMTFzQTFOeFJWbmMta1RXTmtqUHFuenVCbm04MS1IUHkwVWlmdHNrQ2taNXlfTFJxcDBOeWdzVDFyN0x4SmJ0akRHTzdWZDFoZFVIdnVNNG55bDRMcmRFcXE4TThVcnprTkFpc09aR2NOU3dhX290ZTJyN0VORFVuS3pHSEtGLUtPc3kzMnZxM2Q3QklCaDZ5Tm9raHpOeldVc3UzM1ZHWXRXRXFYektGUUpKY1ZLZ051NlVUaTN0OTZJS0lGVVo1WUFtTVppbElrLTFhVkVmWEpVUlV4Nm5nTmdpNmpsMGt3XzVkbkJQaDNRSU9WZVhpRUhwbzdEam42RXg?oc=5
2026-06-29 03:00,Benzinga,benzinga.com,"Super Micro Taiwan Offices Raided — Stock Takes Another Hit - NVIDIA (NASDAQ:NVDA), Super Micro Computer",https://news.google.com/rss/articles/CBMiugFBVV95cUxOQXJfX0ZiWWZNektMOWJvOEpzcURPSUlrcE5tUTUtV0Z2ajNYemdwV0lrTjhZb1Bkck9WbTRsTUVxaVBWSDFHT0Z0b1YtTF9NRUhCZ3VkejdiWVVNVlVfMnVKVW94aE9lMTRCNnA1cHlobGM4cnBmcHdrcDdOMDl4RzNGZWd4RVVxRXV4QWlRLUtKVVIxR0VQY3pWcUpQTU83YTVzRnFqbjRwRXQxZlVWMWQtZUdXZzB2VVE?oc=5
2026-06-29 03:00,Benzinga,benzinga.com,What Is Going On With Super Micro Stock On Monday? - Super Micro Computer (NASDAQ:SMCI),https://news.google.com/rss/articles/CBMipAFBVV95cUxOZHRQV1E1OUVma2hUNWViZ1hZM2hLaTNOelNmakxudjh1eEs5Rl9MVDVzbVNkWWUycDVTWkZpYThyUXM5aGdZbHVYTVpjb1VrcUNUWnlDR2tnM2pSaWtDeGdnSUtqUEFUWmoyaDV2UEp0MDNiOS1SaEROeWpOZTBhcUQyZHB0OVdiSFJQdlZSeV9BQ2ZyY1NPVU85OE1LdThVY3lkXw?oc=5
2026-06-29 03:00,Financial Times,ft.com,Supermicro Taiwan offices raided in chip smuggling probe,https://news.google.com/rss/articles/CBMihAFBVV95cUxQc01jbHBHLS1BaUYyOHdzVVJ1eUhtRXdZUzhMTlJBTURKbmVHZUVhQWtQNHlzejh1R21rWHVhNWFjNW5YY3ZoNTBvU3V2cWZsX2lnaHMyZlRMUXF1SGdrdVZKd2ZKUTE1aERZb29BdG94QTkxQnZNamszSFI1OWNQTXVhU2s?oc=5
2026-06-29 03:00,MarketWatch,marketwatch.com,Super Micro Computer Inc. stock underperforms Monday when compared to competitors,https://news.google.com/rss/articles/CBMi1wFBVV95cUxNeWt4dk1lRDJPaXB2ZlcxRnNEcEF1WlZQV0tzdjZuUVZkZzJPWVVzeVhGRHlpZmVHc05ldm5RUGRmWkhOUS1LRlNMUVFKdlRfaGRQYzM2blR1M2xsTUhYSHZ2VzQtNEdQYXRWWlVOTTVJcmlTYUdFVERYaE9ISnJYTXdWV1l0c2hYYi1QWVFVZE1kQzUxY2VRM2dLVl9QdENNMGZZNUo2azV1QTVzTVJ2TXJTUzhPQWFFZ3g2N01BbHdpWmlVWFptQjgwZkNhY01ENHdxMWtKYw?oc=5
2026-06-29 03:00,Seeking Alpha,seekingalpha.com,Supermicro shares falls as Taiwan office raided due to chip smuggling investigation: report,https://news.google.com/rss/articles/CBMixwFBVV95cUxQVTF2ZGF1VTdoYWY3S0ZYS2dRVGw2RG8tQVFEX3ZLN01lTWtFbmtkc0h6T3lJUzFjcmJFTzdVMEd4ZmVBa3NWbV9JNUswZmZmZVd2T29xaVF2bnp6V211NGhyVEFteTRGSXIyOGhrajB4R1RaWEdsLVlYWldzU05oWThkYXJqeXhHN3RORkd3RUJuRXYtcHdEblh6ZnpRZWl3aTN2ODhNQ3ZMLUNtNngwZzBEM3kxb0JLR3R6WnpVdzV2YkJaQTVv?oc=5
2026-06-29 03:00,Yahoo Finance,finance.yahoo.com,"SMCI Stock Slides 7% — Taiwan Authorities Raid Super Micro Offices In AI Chip Export Probe, Says Report",https://news.google.com/rss/articles/CBMilgFBVV95cUxQRjhfSjNhR0M1TVZMNk5sWUowaElLeDZ2TVp1VlJhR1Z0WXgydFNpVm5nQnJWY0FXcXBuanBfbzNwa00ydjUzM0RWUHdHNG5JU0JJX253QmdKd3JCZGFqS0M5YXo1OGtIYkhXa3pZRGlaMWh6RnZkMEpRb0psU1pSaVRYVDdQN3QzdGJQR1VlR1BIS2VrU1E?oc=5
2026-06-29 03:00,Yahoo Finance,finance.yahoo.com,Super Micro Computer (SMCI) Stock Dips While Market Gains: Key Facts,https://news.google.com/rss/articles/CBMinAFBVV95cUxONjB0dzVJYzE3MjkwQ1hqY1NpMW1QUEhVTXZTSjFCZWNVeS1DYlhTTGU1eWEyWWlHWloxcTVpeV8wME1vZFBoTDFIVDVScTRBaUtzbjE3YXJkTUV5QkY1a0JPUHByWC1wN2QxVVZFdkd2WVRXeWRtWkxWbVZuSGhHOF83eXU3ZjRWOVp5SkdBZ2xuVGVraUNfUU10dTM?oc=5
2026-06-29 03:00,Yahoo Finance,finance.yahoo.com,Super Micro Plunges 8% as Taiwan Raids Its Offices in NVIDIA AI Chip Smuggling Probe,https://news.google.com/rss/articles/CBMimAFBVV95cUxQdTJsOS1YNmZ3VFU5M0MteE5BemoxQkdRdUlSSE5BNVF4V0ZfZHQ3MzhMaURrZHVvSHBYSHhDZV82Y0VrYWppeWZFY1lPT3BwcnNjbUw0NERYTkVjbFNCaVZOUlVyc0NOVUtFOHBEVWV5ZjNoeEFacG5sMnNKa3pENzVGY3F2S2x2VWNyLW1kenRhR2pDSWdWZw?oc=5
2026-06-29 03:00,Yahoo Finance,finance.yahoo.com,Supermicro (SMCI) Faces Taiwan Raids In Nvidia Chip Smuggling Probe,https://news.google.com/rss/articles/CBMinwFBVV95cUxPTzBvTkUxSmVfeHVub0QyVVBTeGZBem1oS05oR0FBeE9JRDQ3dkF5UGthOWlzd2ZHYUVlUDRYaEU0YVp3U09sRGpHVnZhcnl1Q0I5MGM5NGhtdHpzaE1QNFh5T2RKNm1Bc21oc3FtZnIwamhERmZvcHkwWGVQN0lZcmk3dDVMMHhDVERrWWNLcTNZWXd2cXZ0TllqYVZVa2s?oc=5
2026-06-29 03:00,Yahoo Finance,finance.yahoo.com,"Taiwan Raid Hits Super Micro Office, Slamming SMCI Shares",https://news.google.com/rss/articles/CBMilwFBVV95cUxOMlRiMUxJSHpvU1VkV0tPR2tkNFdFd3NNd2ZRU1ZRS0FMYkZHMUt5TTU0REkwTFpqZlRhTERrNHNkZkUxTUZzYS1oZmw1WEhZVm56YkVwVVhEMlhqVGFwQmMzV0laeGQ5YWFNR1o3dmR0MGFIaFZ4NlRsb1p3cmkwYkt3QjZYc05neElNWF8wSDRrOFVRT3pR?oc=5
2026-06-30 03:00,Barron's,barrons.com,SMCI Stock: Dell Could Get a Boost From Latest Super Micro Raid,https://news.google.com/rss/articles/CBMif0FVX3lxTFB4Z19FNV9FVHBJWkp5VkdXTUF0M0VyNHU3alhocGREbG9sWjg3WDdjQ0J2bWNHN01lMjNCbkVRaFNqWEp2X0pCRzhsUExvTVh5WWw3dzZKQjNrLWl1WHJscnR2ZmFtbm50bFV5blM2NkZ1S2h4dUZjM0QtMWdNMDQ?oc=5
2026-07-01 03:00,Benzinga,benzinga.com,Super Micro Stock Falls After Taiwan Detains Employees in Nvidia Chip Smuggling Probe,https://news.google.com/rss/articles/CBMi3wFBVV95cUxNbm1FWXk5SzRSZk5iaEhHZzZYSTcwOGVPUFVJVkJUZ0FTMFB4VXJqVnBrOEtpSEIyOVppd1FlNVdBSFJrT0VXSzBrazFab1A1RUdqenloNEd4cUQxbFpDZFlwVUh3N1Rac1N6cENwcjJxT2FLRXR0Wi05bWRVWTkzRm5ScTlVQUc2R2MxMWFURC15LVZMN2VFVG9QUkpnVm14LTVTRWc4QnVJRlFQdEpCd2NLWE5nVTZJUHpzSDhpQVh2MHFwaWg2TzAwcnRWbW81TEtacERHb3JseGhSYkxV?oc=5
2026-07-01 03:00,Yahoo Finance,finance.yahoo.com,Super Micro Computer Is a Massive Catalyst for Meta Platforms,https://news.google.com/rss/articles/CBMipAFBVV95cUxPRFRxb3RFd3paVXlRY3lhSWc0MkxTM0hVYXRGbkdYZUVPcU5lZHYxVE9FU0ViSzZxcjE4VXcyTi1nU0FlRmpNb2NQU0Y1VV9FTHZ5M0FjSlZlems2Q3Jic1p4eFlWUzF4bnRzRjJDdjRvX1dGY0FxVFZiVXp1bHcwdjhYcm1ZYXpkN3dmNHpfN1E5Q3lEQlZSenF1WnVRUGZ5N2lWeg?oc=5
2026-07-02 03:00,Barron's,barrons.com,Super Micro’s Comments on Chip Smuggling Inquiry Lift the Stock,https://news.google.com/rss/articles/CBMif0FVX3lxTE10Vmx0eGVOUVNISVlzX29YVUxFVHZGY0pSRnRGVDBVZ0diR2o1T1pfYWFDTVFueU1Td3k4Y01YR1QwZmc1bEhFQ0NDaGFOQlBWV25JSlNKUEFEMjhGd2xfNmllaGUzeFE2TWRmNzFQcnVyZm9tbnpib09UazU4dzA?oc=5
2026-07-02 03:00,Benzinga,benzinga.com,What's Going on With Super Micro Computer Stock Thursday? - Super Micro Computer (NASDAQ:SMCI),https://news.google.com/rss/articles/CBMirwFBVV95cUxPWWltcVdMTl9HMFJhd01jc1VWSnAtaFlCN3B4TlhwbkctbDlKdHhsU1BuZWo4U3VvR3RoYnZpbTR4eXZmaEF4UUNmNDQzNkZhc2RXMy0yU1piMS1CUllCdHV0bEI2WklFemZTMjFrV3Y0QVN2Y1ljMnNkYk9IdC1JbkhkZmE5c1cza2JUN1FJNVhxWUFRWDJIWDRRcldCSkwtZUptQ3dPSUxCbUtoYXFJ?oc=5
2026-07-02 03:00,Yahoo Finance,finance.yahoo.com,Forget Super Micro Computer: Google Wins as AI Infrastructure Rotation Gains Momentum in July,https://news.google.com/rss/articles/CBMinwFBVV95cUxNUXoxaEJ5TWp0N2pwRUJWTGtlVWxLX3l2bXAtM0FqT0tuTGpvRUU4VzIwWDlxR1IyVkVuSFNyYmxiSmpqblRDSnpnNnp0UWVhSlhXQUp5VEpfUEZpRmtiNFdtejdBMVZ5Mk9zcDVuVHhDR25IaDRFY2FsaVVuYXk5MWNJYnpxYnpQeWU1SXlYUHFiZ19qRF9iSE9GUTl1UWc?oc=5
2026-07-02 03:00,Yahoo Finance,finance.yahoo.com,SMCI Stock Rises Premarket: Four Taiwan Staff Detained In Illegal Nvidia Chip Export Case,https://news.google.com/rss/articles/CBMinAFBVV95cUxQdFpPSjFzMHBvcVpLbHJhQ2ZTbkM4RUctNS1rN0hwc2FaVGt2MFhidFBxSEs0dFJTVHFvVUl0VDZqMVczZlJ1b3MyWXlxM2o5R2o1ZkxaZDVnZEFsbXJDcVFEOEZCVE5obDRUdTdQTWdCaU5PVDNJQVUyRkM0dEFIM0xTRnkxSUhMcTlsQ2pBRUcwUlRtVFpSYjRueks?oc=5
2026-07-03 03:00,Yahoo Finance,finance.yahoo.com,Supermicro (SMCI) Expands AI Reach With StorMagic And Odine Partnerships,https://news.google.com/rss/articles/CBMinAFBVV95cUxPV2luenR5SUM5SGE2QlE0MEJTZklpbDJMZ2htRTlGQnVVWVNBd3Y2dWFvYUVJN3NWWUh1eEJsWUdFal8xTG1oU2FldmtOdXVibVdTUDFidjRLeGVWbzBiQlNLY1dLeGpta0pKWmxxUXdCV2tIOFN2ZG9YcHRoUmlYWUp3cTlwTVEzc1d0ZUJjblU5akItUVVwZjkxZWI?oc=5
2026-07-05 03:00,Yahoo Finance,finance.yahoo.com,Super Micro Computer (SMCI) Expands Its Edge AI Computing Hardware Offerings,https://news.google.com/rss/articles/CBMingFBVV95cUxQWkdPdm9zYjRXUU5pY0o0QWQ3ZGxqaDl1elo2Z2FjTmpQMXZRMy1RZDBaV05HM19KTl8tcll0UWFmVmYxUUk1dllkRVFGaW1aeGZydlhsa3FBMkxhcUZYaTUtdHZsMDBSMnNUc2d6N1Rsa2dmbHdRUmE5ZWwtc0Y1SVVlWjhKREdFbUs2UGttc0p5bC16MFBuN3Y5RHkzdw?oc=5
2026-07-06 03:00,Yahoo Finance,finance.yahoo.com,Short Sellers and Underperformance Have Generated An Opportunity In Super Micro Computer (SMCI) Stock,https://news.google.com/rss/articles/CBMiuAFBVV95cUxQekp0MFg1VVM0ZWZkTDZyS1pJeFFZbTZwWGQyT29UMnp0clBYSlZJQ3BHRGRwdzBUejM4aGtfQk1fWEl1Ym1JS0Q5R2N6TlR1dTV2TDRnSll1bFhVbmRtZS1FLVFfbnc2czJUQ182Y21JdUEzcUJpRU84a253bEZlUnptZ2pQTWF0VkdOeVkySTdFcWxYLU1hMlA1aDlqSEY3NFNmcGxOVnZuU19GaWNsY3NHM05ITXFD?oc=5
2026-07-07 03:00,Benzinga,benzinga.com,Why Is Super Micro Computer Stock Falling on Tuesday?,https://news.google.com/rss/articles/CBMiswFBVV95cUxQODJIcXVPSHlWcG92V2dsVEtxZEY2VkRJQlJDcUp3VlZ0blpkS1VjNU1GWjJtX2NmUVg2VmlqY1NhUmRjaXNKQWhkNnhfOExQTllVUWg0VGdQbnQxT01LeU1ZVFdrR29SWDVoRHdHRXN5NEsyNC1maWpmbHpnUUVrTlhyc0FWRU14TndmczVyd2wxRnpUUlR4VW1DRE1rZjM2U29CWFpDTlp4UmtNbHRjeUZ6MA?oc=5
2026-07-07 03:00,Investing.com,investing.com,Super Micro Computer’s SWOT analysis: stock faces AI boom amid governance storm,https://news.google.com/rss/articles/CBMi0AFBVV95cUxNX2NkWHVQSG55NXpYRXRlX0djal9CWFdxNTNTaXVQZ3p0TU5KX2JyUHhNTlN5UHE5dEdZUV9TaDNrNUtGRnlCeEhTdnpCT254TUE4OWpDRlhkMU8tUXd1SkVfSEFyZHN1MGZadUlTNy15UDlabWxEYjlfQ0VtbjNTTzY4RnROR3dzZUNuR2d5Q1llTEhOaTV6THVfRXVhcjJvdE1EVE1rTVZ3S1B1aHVxZUptNU8xZkFPVFQyQXc2RTBqamV4X0Y2cWNoTDlna0ZW?oc=5
2026-07-07 03:00,Yahoo Finance,finance.yahoo.com,Super Micro Computer (SMCI) Registers a Bigger Fall Than the Market: Important Facts to Note,https://news.google.com/rss/articles/CBMiogFBVV95cUxOOVZEeUJjMkpRNkZNemdfYThvbUdLOXBGZGlzbVRmLXZXeURfQVNNN3Q1S3huenRPckdwSkNVTUduUEVTVmhaYzctNUJFX0wtdFpqd3V5UU5ETlNDbXVPMFA0cE5kc2NiaU5zZXNPUlJlLUdQcjVnamR4SDVYdnlpTmxpVzJnV2VRQ2ZlQkxZYVhiTjhjTVljZy1lSmtmZ1luaEE?oc=5
2026-07-07 03:00,Yahoo Finance,finance.yahoo.com,Why SOXX Surged 93.3% YTD While Avoiding Super Micro Computer,https://news.google.com/rss/articles/CBMijgFBVV95cUxPZ3RPMlM1bzlxeXZ2cFFPbXhmenVXWUllTlc5QkpmMWNhTmthaFZNRnlSdmJpS1ZEclM4cThzc0pXTzZZMmFQaHdRWjBYaHhRdmNmQ05wNUlGQ2JaZmE4NWotZnhOU0JYT3dHUHhKS21Ndm5EOUFoa1U4U2dZQktLY3NGc2lPbWRQUjE1YkVB?oc=5
2026-07-08 03:00,Benzinga,benzinga.com,Why Is Super Micro Computer Stock Surging On Wednesday? - Super Micro Computer (NASDAQ:SMCI),https://news.google.com/rss/articles/CBMiuAFBVV95cUxNNmV4YW8wbG9TN0NPeFlval9kUVViNHg2S0lrVV8xQlhKUV9JZ2w1WnNlV3doSjlMWGQtX2d5NXhoaGtyWnplaTJ4RzdKN1ZNV0lDVVFZZmpXeS12cjMzN1hCckMwZ1lmSnduQlFNZ3R2RUJYa0ZVV25sRVV2VEFWWG54LUd0cXRoZG9WUWNzcENBQ2pJcmlVZjJQRU5qN2xMbFlFQmpEaGJhM3hxQ0VJQnhKWXhGd2Nk?oc=5
2026-07-08 03:00,Investing.com,investing.com,Supermicro launches Kubernetes edge AI appliances with Red Hat,https://news.google.com/rss/articles/CBMiuwFBVV95cUxOcXluT19lQnNVUDdGNllJZ3htLW5pYlBRRTNNNGMwWGhvT3ZfTDFXZ0dVV3E4VmFmT2NnZHdJWWdFSThvLWl0NlF5UW0wVzFlSHMzaTJhZHU4TjFPYWNXV2c0SU1aQzJMOE9lLU05SldrX3A0WnlldWtPXzNNYmJaeG11RnpEak5PVXNuUkN4TktqLVZremFpd0d6MDV2a1ZwZlR6aVE2bUlNWF9OWWdrS3N0c3REdGRiTTlV?oc=5
2026-07-08 03:00,Investing.com,investing.com,Supermicro stock rises on Kubernetes Edge AI appliance launch,https://news.google.com/rss/articles/CBMiwAFBVV95cUxNWGR3dV9KdnlFVWFraXF4TXEzS3l4emcyVzVtSTA5NEtNT3VpbXduMnQxcDFhSW5obGRyOHBLTjdvelhRNFZhcnktLTBZNThpYkxwNEJXcVNnWmZQaUJJT193OU5oNDV2NGppUTJHUkpxUU5Ic2J3c2FwSEFxZkhjMC1tMlNlbHZ6OU1JREVQTzFLMlNBRE5MQ01PcHNNLXo0WGZaU0xFQTZVa3NkOUNOdnJ4d1lEZnhibXZEMTRCS3k?oc=5
2026-07-08 03:00,The Motley Fool,fool.com,Why Super Micro Computer Fell Over 36% in June,https://news.google.com/rss/articles/CBMikgFBVV95cUxQNVJJR29BM3VDc1Q1VFZtYy1OdEVUeTBOUGxTb0YwVGFGSzhtWGdSemEzczdUNFlzZm5UdS12T1B5Y3Rabjd6a0lZZkhuOVlmTmNjWS01MFpuMFd5VFdCb3VWRDNyeFFkNHlmbWI1aFF5MndjbFZPNFFqeC1yTF95V2JDb3dGLTFDR1hmMUwtUzgxQQ?oc=5
2026-07-08 03:00,Yahoo Finance,finance.yahoo.com,Super Micro Computer (SMCI) Launches Kubernetes Edge AI Appliances With Red Hat And Everpure,https://news.google.com/rss/articles/CBMinwFBVV95cUxNR2Y1YVNTb1NuZEgzS0M2d3RTUEZWLWF6QkJVMzFiYURoUldTNXpuTE5IQzNCdERNb3A2dkdsYVNxcmU1ZmtzaXR3aGt4X05nSFlxS0dMdXVhbUh6bEwxMHhBR2t3MW5sZkVSUC1vR1g1bENySmZqUk55STJ2N2doQ0lwUXN2bk92QVdlWVZJRjBqSzhlZU91NjhaT1hCZFE?oc=5
2026-07-08 03:00,Yahoo Finance,finance.yahoo.com,Supermicro Shares Gain Following Launch of Kubernetes Edge AI Appliance (SMCI),https://news.google.com/rss/articles/CBMipgFBVV95cUxNRW1IeGdXU2VXN2xuZC1TNWZVR1hIdi1uc3VXYWFPWXhSYVZGUW1aVGhoaFFuUkptYVkyNXVOUkxRTEdBUThRaUNJeXBicEFmMk9icmlqQThvWXlOZ0hqSDVqUndyc1VoUDBlNGlONEo1NTZTYlRlRjFUUkhnUTNWSU9leGlZLXB5SjZMd25SX1NoLWZVdXhIQThmOTNfcVRrNDZSRmRR?oc=5
2026-07-08 03:00,Yahoo Finance,finance.yahoo.com,Supermicro Simplifies Edge AI Deployments with Validated Kubernetes Appliances with Red Hat and Everpure,https://news.google.com/rss/articles/CBMiqAFBVV95cUxQWEV6d2dOSUFvaG0zdTd6dktrU1BQWjBBMTc1endWckZFOS1wbk9BUXdyVDJOVWdzNjV5aGdZQjV4aHBwQWd6b1BWZjF1ZmFiTy1ieW9tUGg5a0xGRHRMamV3em1YSVZSS3J0N3hiaGlxbjRrZkwwZUZyZm10TUlCaVl3bXFrSTNzb0p1YjhlZEptUjJzMWV3UjRUN2xFcTZkVlF6cDh6d0o?oc=5
2026-07-09 03:00,GlobeNewswire,globenewswire.com,INVESTOR ACTION NOTICE: Moore Law PLLC Encourages Investors,https://news.google.com/rss/articles/CBMiigJBVV95cUxOUUprUWhpLXVhamtuc2VwSFpwMDAwd2Nod2d5WWc0ZGxlRG5PblRUVWdqdHBLcml0TGFWLTd6dTJiVlh3RGkxaEZSTUtoYzBVY2tKZEcyc05WTERMR1dLZEo0Zll6djhxVVJWaVFNM0V3UFFCR1kxRmM4TnRKQXdvd292dFRFcThnZzd5NnBsNHVxMEZyQUJTS0hHTDJKdnJKQWQxY3U0dmViTmR4OFJ1cm9sMmRScG84UnZ0amFZN3JLbTU5dklzcDhLczdNNXluMUJqVkhELU1SODRFb2hPUVR3d0Y0akZjbnhkb3BVUDhVbXJ5S1V6cFVKdXBKOFVkeF9NSlNSSXZIQQ?oc=5
2026-07-09 03:00,Yahoo Finance,finance.yahoo.com,Super Micro Stock Just Collapsed 29% in a Month: Is It Time to Switch to Dell or Hewlett Packard Enterprise?,https://news.google.com/rss/articles/CBMingFBVV95cUxOQmFCWjJVSW1tOHNYVm9yVUEtN2Zqa09KX1hqSDVibzhPME9QN1UwN3VFbk9XcTZDM3l4Z0lBMWtXcVF1U3Rha2xQVWUtN0tlVC1DajVlY1gwamV6amJKRndud0xCcWN6bURWSV9BN0phRVYtSS1UaUQzYWlYUE1wZEdSUGQySllRYUNFb3dsU1RQOTVMMjB6dGJ2V2Yxdw?oc=5
2026-07-11 03:00,Yahoo Finance,finance.yahoo.com,Pushing the Edge: Super Micro Computer Reboots the AI Landscape,https://news.google.com/rss/articles/CBMingFBVV95cUxQUXpacXVhRzdZclV4TUZtMC1Oc3ZKVkFfMmVDaXlhQVVZalBxVzd6TWFXQ0tPMlJFVWF6d21vQ0ZJczZYQUR2bWVoSVl6MlNHN0hJV2NQcVFKS1JfT1pUcXp2Tkl3RXRKUnFGX3lPbUlxYmdhdkJ2blVxTjFHUjEyOUFXSHF6Rmh5NTlOTlJyQlkxYjJrUC0zV2xCa0Ywdw?oc=5
2026-07-11 03:00,Yahoo Finance,finance.yahoo.com,Super Micro Computer (SMCI) Introduces DCBBS Blueprint for HPC,https://news.google.com/rss/articles/CBMiowFBVV95cUxONDlpU0pNT2E1WDYyWW03ZGpRRmJHY1dmeFp0NEdtWndwVlVQU0lSWHRWTjFfVHRkam5hdG5MaVJWV1ZpTkJTWlNZY2dvUVRnT0NFbHpaN0cwbFBJQVFTMlVDMDZVN3hvVkZ3ZUZnajRGQ2V0NGRDY0NuT2I1ZXBWZE1UWlVDNXhUcXhlNTlBOThEWlRDaW85bnNuZ1JFd3pqUjdJ?oc=5
2026-07-13 03:00,Yahoo Finance,finance.yahoo.com,Super Micro Computer (SMCI) Launches Vera Rubin NVL4 Blueprint For AI Infrastructure,https://news.google.com/rss/articles/CBMinwFBVV95cUxPYjZSa3Y0U1dqWkZibzJDOFlqRE16S2FyNmh1eXNHYlRNRjVTTFpINkZDTzA3clh4VHZSYUpKeGpKek9Jd2pzai1SdE9sa3FBaFI0eTN2N091ZG1LSGs1akwyTllRa25ZcV9Ga2RWZjVKalhPNVJjb2N3TkN2TmYwWU9XMFM5U1pBaFFvSV95dEpzc2YwZFpvWVRreHZXZEE?oc=5
2026-07-13 03:00,Yahoo Finance,finance.yahoo.com,Why Super Micro Computer (SMCI) Dipped More Than Broader Market Today,https://news.google.com/rss/articles/CBMimgFBVV95cUxOME9MTGE3WkhlZTBxMl9KVC1iY1k4ejRnb3NZZklxRUxaNFZGU2FjYU1zV0U5eGlpOElySDRnZzd2T1R6dlJEM1cwck80ZW5TSGJfOVJ5ZktWN1Z5UzBtRVItUUQ4NFBOREU5bmt1V3U2R0lmckNZcGM4cmlDOHdSOS10NUd3VEs1THhsSUhNWDlkajB0LVBGakVB?oc=5
2026-07-14 03:00,Seeking Alpha,seekingalpha.com,Super Micro Stock: A Value Trap (NASDAQ:SMCI),https://news.google.com/rss/articles/CBMic0FVX3lxTE95STZqTkNuY2cyMVFEeTFad012cF9fNTM3TmxRZm9WUnVOVHg4TFk2YjRaM1EzM3BZZWdZSFI0MTZFWHpPQXFUYVY2UnlqVTFHUkJnOXhWeUVvVDN6QzdZbktHVGowa3pZQk1XdlljU2tmSTg?oc=5
2026-07-14 03:00,Yahoo Finance,finance.yahoo.com,Super Micro (SMCI) Expands AI Infrastructure Portfolio With New Edge AI and HPC Platforms,https://news.google.com/rss/articles/CBMilgFBVV95cUxOOFBhZXV6VEJfR3VkWkNmM0d3aFpMZm5oaGpVeFBMV2FzXzVOcENEZ2pfbkh3S3pJbFRKN1NnblZ1RzNueG5rN28wYVc3cjZ4ZnlZNzdHcjk0blZZRDRvczZhT2h2WVpOMEttc0k3eURETlZrWmk5OEp2dW1iem5YNzlVRldjeHpNV2x0T0lmWE9uUS1tWHc?oc=5
2026-07-15 03:00,Benzinga,benzinga.com,"Jim Cramer: Buy This Industrial Stock, EquipmentShare Is ‘Disappointing’",https://news.google.com/rss/articles/CBMizgFBVV95cUxQOFkzSWxhLWoySkQtRTFvUVlqVzN0al9na09aR1BkYzlZVUVHVHZ1ZHlJeUdveElWNVdLbEpQbElNaUR2SXB5TEVyenMxbFFRUUM1c1BXYkVtOWRvYjh2QnhpajZhQW9QRWMxTUhoRGhzeDBDdTVMMjlySG1IWEJDcUZyVVlLZElSWkdvRnJZd19pSGQ5M1FKeVlmY0RmTi1Ea2xnNmlWRW41ODM2clB3ZmRUd0hKX3RxUVlMX1JnMmMzSWMyNWdNZ1RyY2NEUQ?oc=5
2026-07-15 03:00,Investing.com,investing.com,Supermicro expands liquid cooling portfolio for AI data centers,https://news.google.com/rss/articles/CBMivAFBVV95cUxQbjZ5bWtPNXUyTUgxb1VTb2pUMVFSWkgwTkJGV2pSTlhWNFZWV3BLRE83dGF4aXlyeTdBUVFMLVZvZ25xLVVHdkp6R3hJclNTX2c1RWZmNXcyZ1pNZlViN3ViaW1VUFpVWVE4a1YtdWJYeVNubEtJVGNEaGFRclZrbEV1YWhqWVNNMng3aEJHRGw0aG5pVVlGb0d2azZuek1Eb1ZHVmhJajV4Qm5wY28yTVNqWGxjQmktTGFMTg?oc=5
2026-07-15 03:00,Yahoo Finance,finance.yahoo.com,3 Reasons Investors Love Super Micro (SMCI),https://news.google.com/rss/articles/CBMimwFBVV95cUxONTEzd2libmdjNm9nOHduNGhLRHM5MzBZTnVMOGJEOFRRMjZJc1JRLVlhTlVNSHJNX3V2clp0aVJmZnhUYUdKZ1hNYm41Vm5sSXU3QXlxRGpvZ3VjcXBpNFpORDlIUzlLRWpUUVBJYm5MeUpFdXpYMmMwZi0tZHV2VFIyN2QtU3NvMDhwTzJvMHd4Z2IybDUwb1R5WQ?oc=5
2026-07-16 03:00,Benzinga,benzinga.com,Supermicro Stock Drops as AI Hardware Correction Triggers Massive Server Selloff - Super Micro Computer,https://news.google.com/rss/articles/CBMi2AFBVV95cUxNV0dvNW84LXV2SW9qanRIZ2pidmlvWk42ekE1aThaejB0Q1dreGJ3aGwwUXEyenc2d2FQaFRON2VRTy1CSU1weVN2ZDMxb1A0THN1MndnVEZxWUxQNl92UzNBc3gySGc2azF6ZEFLdmt0X29SNmZzeUcyYW12cEtwdERRb3pBVDRLZXNVN25kdXAxRENCSkdTeThfa3dXdmNZdWRPS0dwNTZUYy12SlQ4eHdaRkl6MW81VWlDOFM4X3pmUmJZV2U0YmVWQWEtQVFlbjR4RHdPa3E?oc=5
2026-07-16 03:00,Yahoo Finance,finance.yahoo.com,Can Super Micro Computer's RDHx Expansion Fuel AI Data Center Demand?,https://news.google.com/rss/articles/CBMiogFBVV95cUxQVExQVVUxcFZrZTRPaVRFZzZhdkJuX0Q5MzJycXBuempKN3BBZjFqMTczdU01blVVRE4zaXc5QzFmYW16cnNKZ05EeUJyVjZ2VmVleERVb3p5M0lYTjBWUVc2dTJ1QkNackw2cEhmZnlCR3JWTXJHVXlZRnBxV2VRVmtYOXNTYVNxalU0Y0lsOW8wM2NERHpkVHRNbWRhOXduTGc?oc=5
2026-07-16 03:00,Yahoo Finance,finance.yahoo.com,Is Super Micro Computer (SMCI) Fairly Valued On AI Cooling Expansion And Legal Risk?,https://news.google.com/rss/articles/CBMingFBVV95cUxPUWJUR051YVN5WE9FUUhnZU85X1Rwd1JYYUJ1THlFRVVzbjJpX1hJT1kwNTVDdWppMkwzUWZ3VEtzX1hOZHZ0RHB5SHI5dGR6ZGNTckU5SUs5MXFWc0xIYTBvZGNOMnNSYXdQX2s5LVpFbzlwN0htZDBwTzM4MVoyWV9ITmZWa3hEcGE4UlpsS2JNeWlpaldaNFRwa2wyZw?oc=5
2026-07-20 03:00,Yahoo Finance,finance.yahoo.com,"Dell, Super Micro Stocks Rise Premarket After Elon Musk Denies Report Of $52B AI Server Deal With Foxconn",https://news.google.com/rss/articles/CBMimAFBVV95cUxPcHhPbmZlY2xoRG1iYWZRLV90UTRHUHFuVHlESmR1RHdvV2gwb2ViZ01FdlFfS2tEUExRUjhNU1lxa3RpRnZuMERLTVJ0NnN3bDNjaXFsa0hoSTJIVUpfTTZucFJHT050UDl6OTZpYU1NMy1mcm1acm0yY0pMajVoS3VxbzZLOHNkZEM4eGxCZ2RRSTdxTDVFdA?oc=5
2026-07-21 03:00,Benzinga,benzinga.com,"SMCI, RKLB, DELL, COF, OKLO: 5 Trending Stocks Today - Super Micro Computer (NASDAQ:SMCI)",https://news.google.com/rss/articles/CBMi9gFBVV95cUxPZlRQUUxSMXZicGdaQUdWT3Fjc3B6aDNXMjdlb3cxOU9JMTlYQ0thZ2lhbmFZT056VzZRb1RsaFF0ano0UGt3VnVjdFM1V0FsNU9OMDc1ZGNWdktiQXFwc0czV2JPSklaYTRXTDFTR2lqcFF0ZnpRZEpBd0tpbFQwLUttU2VrQzNWdTh4cjRwOTk5YUFrSWlnYjRxZGg5VG51WjB1YmowSC1GOHFTd3gxZHg2aWVFN0dxQlV4WER4S3lCcENWaDZBMjdFS3pDLVNTRFVhZ1ZjekxjbFpVT3kxV0hWdUlsVTNWTS1md09KU0t4LXpXaUE?oc=5
2026-07-21 03:00,Benzinga,benzinga.com,Super Micro Stock Soars After the Close: Here's Why - Super Micro Computer (NASDAQ:SMCI),https://news.google.com/rss/articles/CBMirwFBVV95cUxOUnZtM3VkWVBqMjV0MzdPaTlWNk5kTzBjekRjV2xfeFJaSnh0b2ZkT09ONWMtbG5Ld0M2Sl9UMjZmWGhjWGcxX29TT3l2RDJzRXZ3by1QSU9LUmJWN01heHFYUHFQWnlUd2FHeDVuYU5hdHFNNTVmZUNNcm5nYS01Nk1QZ1hqV1NuMlBkRGY0TWdvYmRfbVVFT3BGRDJOSGptTEdKczJveHhMMHkxcmlF?oc=5
2026-07-21 03:00,CNBC,cnbc.com,Super Micro surges 15% on new order and margin disclosure after SpaceX announcement,https://news.google.com/rss/articles/CBMif0FVX3lxTFBnNTFCOUNXTE9qaVZmNUJGTlZ1VjZISDBrMTVld21ZWTFkenlObm41YnVHdk45VDRUZ1JOdWlwOVVGVVd6RVRjQTZMS1BCTEJ0aXZtalY0OHZZTFN6N3ZZRFVJRVVkdXJJUEZjdHdvUHN3R1k4WDAxQTNiYmdqdEXSAYQBQVVfeXFMTzdSQ1d0emZBajhJYUVWT1BORWJUN2FDYXpKVzQ2eTdmRDYzOFNsM2JaZVVlWGNnTjI1ekIzYU1CUnFVMUhZdTdVUzZGZkhSZ1RPNUNlTGZjaHRSUnNDVWxrSHVQYzAwaVdhMzhKQUJpS1FHYmxWbmo1UWV0OE1JRFR3QzA2?oc=5
2026-07-21 03:00,MarketWatch,marketwatch.com,Super Micro’s stock soars as its margins unexpectedly double,https://news.google.com/rss/articles/CBMipAFBVV95cUxOS093X09adC1sUDJiU0QzWWg4bWlCbVYzWnpJOFVFdGVXcXRYNlVNN2JJVzluVWJlR2tfeUs3bzNITzBkVjR1WG5fd1FPOVQxcWRVbS12ZVhGTGZldVlfU0tDNWl1MlRiNnZyQmR0Tm42eVdkSDdVbTY3a0VnSWZWNGF2UG42anRQcE5hU1N0b0tPZ0Rkd2FqSkw5aFR3Y1I0S3BVbg?oc=5
2026-07-21 03:00,Reuters,reuters.com,"Super Micro sees strong margins, books $60 billion in orders; shares jump",https://news.google.com/rss/articles/CBMipgFBVV95cUxOWjJqS2h4N3J4Q0FHRUxCYURuby00QUtJY3Z6RkdKSDY4Ump2U0xjWDJ4enN0VWt5VU11VkcycDk2QXdHRjhOSlpmV3NmMkFONDYyNlZHWnRSVTFrTi1kLWNKTVZ5cHFxRTdwMDhyUW5Od0pUS2xvVEJVNExpWmtDeE9aZzBWU0tkYVlXekg4bTgwUk1zejYzVkRsV1g4STFKbHU4RU5n?oc=5
2026-07-21 03:00,Seeking Alpha,seekingalpha.com,"Stocks to watch on Tuesday after hours: COF, SMCI, CB, and PEGA",https://news.google.com/rss/articles/CBMingFBVV95cUxOZTByOTk4YU1sVmJLZjZOOVViN0NKZklfTlFCallXYjl2LXlrcm5hZHVQV0I4ekgzZldHZE1iNXhiLTRXVXE0QkxMY0o1b21KSTkwQU9mVFNnZUVOWEZTT2xpVG14OGFpbVdxbnJISnhlY2xnZ1NVczVpa3p1WVdhc0RXVWlPWnl4aHpneFlJVUJWbG1vNGRuNG53dGd6dw?oc=5
2026-07-21 03:00,WSJ,wsj.com,Super Micro Computer Says Fourth-Quarter Margins Will Be Twice as High as Expected,https://news.google.com/rss/articles/CBMivAFBVV95cUxNQWxzczd1SVhVaElLQmYySEpRdGNTSF9ZUW0wWkMyd2YwNXg2cF82OUcxcjlTXzdGMUc1ZXN5aHZTeFg0QlI2Z2dMY1VqUG9CRVM2MGlveVAtS204aVU4ckJIWm9CNmJmZ2pUOVpYTkYtMDBzRjBnazc1VzNSVGFUSVJsblJ4MkUwMHlKelNRSnlJS2E3WV9ITDBwa1A1djRpZHhDVUFubHZDYXB5cU9fTXhPQnRDVEZlZ0NRcg?oc=5
2026-07-21 03:00,Yahoo Finance,finance.yahoo.com,Supermicro (SMCI) Faces ITC Patent Probe Over Memory Imports,https://news.google.com/rss/articles/CBMingFBVV95cUxPd3ItZEloQ0o4bkMxUGFfWFk3OGdTemN2Y0gtb2FicmlYZUlqZkE5ZUhqOUFnZVU2SzhuZVZETDlQbWo3bGJRWm52NW1xd2lEa2ZHNDB6VUwxaHI0amxvMm5nSzdxTkhPSlo2SGhEb2FoclpiWlA1WU5sVjl4eEp2amxXTGlHV1REMWxIcVl3X3dqZjBMVUVoTlhLNUEyZw?oc=5
2026-07-21 03:00,Yahoo Finance,finance.yahoo.com,Supermicro (SMCI) Stock Still Looks Undervalued Despite Legal Risks,https://news.google.com/rss/articles/CBMinwFBVV95cUxQblFlLUVucUdQQUk3TEhabXEyQlROOXJ3eWh1d2F1QVpqVlc0eDhpUXNrdHJ2cVZjRHBpbDVJOXFrMXRCY0FwRmYyZE1MVU1hOTh2M19TYllWdHZoU296SXF3V25fNF9MTnZCRjFpOENpZTRKejduOVNsc2lEVXpyR0lBSjExWHJrbTZlVTM4blVrSkw3S2x1WFBZX0p2LXM?oc=5
2026-07-21 03:00,Yahoo Finance,finance.yahoo.com,"Supermicro gains 15% after strong margins, backlog; analysts urge caution",https://news.google.com/rss/articles/CBMinwFBVV95cUxNVUxZVjkxWVFiVjRzcmx6dzE4ZTFKdVI4QjlYSmtiWmthcWFsSXB0WW84UW5TUmhTYlB6enZ0bW1hcTI3ek9UakFwMkxJQXF1bkxYUWR5UnVTdmMxTXMtWmhoenhMV2ZVTTFTeDl1Z21nVmc2WTJPY2xDeDcwaUcyZUNpLWNQVnBoZm5jNjFrd1RSZ014b2VFWk9ZM1BFWjg?oc=5
2026-07-21 03:00,Yahoo Finance,finance.yahoo.com,Why SMCI Stock Rocketed Over 25% After-Hours — A $60B Backlog Has Retail Buzzing,https://news.google.com/rss/articles/CBMimAFBVV95cUxPcXlDcGVJVWRUQjZsbDM5NktQcFNmTGVlTjRxMm5IMF9xMUlfY2hoQjBycDRjY0U2MlVkbTVHZkhSdkJRRXZqS011TDNQQ3ZLMlRfak5PT25zcDY4MUo2dVZpWGZ2Y1ByT2tNbU51eTUtQUZUMGF5M05yTDhSZUF2Mzh1aEc0QW9fTEJBM3RCZUg5TW1BRUo4LQ?oc=5
2026-07-22 03:00,Benzinga,benzinga.com,"SMCX Pops 50% As Super Micro Boasts AI Margin Windfall - Super Micro Computer (NASDAQ:SMCI), Defiance Dai",https://news.google.com/rss/articles/CBMiygFBVV95cUxNaU82Z19vMTJ4YUlRVlJTUVB2TnU5a1dLYlQ0dlNsS3ZqbHAyNl8tWjdrSENCUXhuU2owaUxuR0VTRTRzN3pnMGVJR1lycGkyUnVYaWFkRFpzdlFDQTVzMmdWX0ZqXzJ1YWthX1R5eVlNR2pBU3dPMTNTaVFjNTZ3MHI4S1d1QnNWcmwzLVM1LVNEckdjdUxRQTl2aGVzcUdKaFlFdEJuY3F6NTA3S1NySmtJTzBKREdVaWNkMi1MRnhkMEs1cWkzcS13?oc=5
2026-07-22 03:00,Benzinga,benzinga.com,Why Is Super Micro Computer Stock Soaring Wednesday? - Super Micro Computer (NASDAQ:SMCI),https://news.google.com/rss/articles/CBMipwFBVV95cUxOaU9EUG9GUEFzY1pwY2JmMjdQR184dFlpbjJZZml1WmJUTFFqdnZ3REs1Y0p4aWNyMXQ4VG45NkIwYnpZeHotQk5fUGR3S3NZTmpTQ2R4cFVLVWQzTDc1NFNxVVBjXzVZa1Y5SW8yTXFrak1sZDNFd01DNXo5aFdudHpfTEU1dFB5RjdqZk9LVkRrR1h5eGU4WHB0OUpMUVFsRkNDeUNpbw?oc=5
2026-07-22 03:00,Benzinga,benzinga.com,Why Super Micro Computer Shares Are Trading Higher By Over 15%; Here Are 20 Stocks Moving Premarket,https://news.google.com/rss/articles/CBMi2gFBVV95cUxPQVdCcnRJQnowRHRzNkFwZXhucUx0UzBheDNKUjI5YTZES3lWakxqV0hmZDdHejE3ZGw0OWpRZDdieFNtM0FFVVRRTklyV2NQYzI5R3JmZXVhdEktRXRDTWFjQm11dFVmdjNlX1V1aDhFQlMtS3l2d0JBbHNYc3hxWVlDb1pXUFQ3T09NWmFtSkVqR2FGcEsxY1pvQ1Rsd0dBNE01bUw3d2hQdVNYVEJWYnZiM3BKSEZqclQyV1JVZmRDZVFMdzU4U2otZEwwZDBSVlVXSTB3SFNOQQ?oc=5
2026-07-22 03:00,Bloomberg,bloomberg.com,Super Micro Jumps After Preliminary Outlook Shows Rising Backlog,https://news.google.com/rss/articles/CBMitgFBVV95cUxQemlPanV6S1hzUm1fODJtUWt2aEpzaVZqYldjamk4LXdUWmFRY2doV3dmQjhiZWFIWVR2RlNOYURaWkJjMjVxSFowMEtGVGVQQ2trY1hLdDZfX2lvT2VZT1VIQnZCRHNPN3JRY2Y1b0wzc0hMcGFCZHdMb0RsR0pzYjdjWjE5LTQxTy1oSmFsVjdWcTdXdHJZVmtvajk1TTNub2hleEtOT2RYdEkxbVhmUU9jbGdjQQ?oc=5
2026-07-22 03:00,CNBC,cnbc.com,"Stocks making the biggest moves midday: Super Micro Computer, EQT, AAR, Chubb, Pegasystems & more",https://news.google.com/rss/articles/CBMinAFBVV95cUxOcXlDTF9XUnBmUEhTWGpMczBSMEVGTEt6X1ZaNFJJVl9nYUI0SklJcmFLWEpKbXlxaUt4WWx4QnNZbDRkZ21hSG5HNlhiLThPdHNsdFpDejN4ejZrM1hBaHFYRVBlVlNLdFcxOG4wdWtCTkpzOUw1VkcycVFrZGhtQVJ6bGFhaV9Ua0NTMHpDamphbDFLNlM3aVFzcEE?oc=5
2026-07-22 03:00,Investing.com,investing.com,Needham raises Super Micro Computer stock price target on margins,https://news.google.com/rss/articles/CBMiwwFBVV95cUxQdm5EdWJpTEEzWGJtYTdYbGI0c01EMk43Zm9KVXE2TnM0TXU5WGc2STlILVlUVnZsaTU5UzEwS3lnWXczbC1GVnpvYUo4eWNLM3BxWTdZUFBMOGRIUmtERHNLamxMLXRXNGFkbGRZYkxZQmdDQ0xsNnlWVER2VW5lMUh0YkZwd3lfdXIzVm9lRm1sWlNiRVFGTDhnMkhNNndFSGhmdUFSMUVUWTFydGNxejVRdFoyXzFLNkZHdDYxRkVIQUk?oc=5
2026-07-22 03:00,Investing.com,investing.com,Super Micro Computer stock: AI boom meets governance risk after 16% pre-market surge,https://news.google.com/rss/articles/CBMi2wFBVV95cUxQdjFKaHc3Y0hQNVowbkc5dnZWUkhWemN4UVdxWlgydGFCMGRpc0lLX0c5VTlqbjVSRDBMcGQ4XzdGdlBvbUptV0xpdzhrb0lteGR1X3p1TlI1d1hKRGhlMnJteHcxbHJjcThXakxLZVRVYm41ZDJJVF8tWi1DUHZpbFB6TE9kdFdIYUhCTWxGSWozUG1vMzlyVHNxYUFQRGpkdFdNc1Rac004LUpYa05XWXR4UWF5STdORUxZUWJkZGNUdFowV3RrekxyakNSNHBjcVpzYVF2LXN1QW8?oc=5
2026-07-22 03:00,Investing.com,uk.investing.com,Rosenblatt raises Super Micro Computer stock price target on capital raise By Investing.com,https://news.google.com/rss/articles/CBMi0AFBVV95cUxQWE5xSE8wdGpKN1dLNm91RFludEhRSlRqMExvcUJyYVZFbHdoNUw0RE4yeENXQjM0WFMyZ2lBNFhnRDBjbXprWWtrc1hFd1JuNVBPc1pKUkMtSDZXLXRPVE9wVkIybmQyYXBTTkFLeHNibjBVMTZNRVZjdThjQUpkcE1IaEJKczNNaTcxTUVfa0tucUlUVEZXV3hWWVpKOGhpbUJRUFlhc1FITFVwNDRSZUtSVXJPYWhkZlNaTDJyZEI2NnV1ZG96MjFvVkZCZTNK?oc=5
2026-07-22 03:00,Investor's Business Daily,investors.com,"Super Micro Soars On Booming Margins, Orders; Dell, HP Enterprise Also Rally",https://news.google.com/rss/articles/CBMipAFBVV95cUxOTmlrSkg2TzhNeGYtVHRubWRYSHZGQ29pZW9abXJ1SHpzTndxTFpUYkFhcmd2MWF0OFZpbU0tLWx5X3p3TWdnMFZReG4wOVo3V21SMWdrRXdmUmctdHZxalpGaVJ2NldPajJVWDFnZ3N6MWNJYU9nT2lzT3lRdUxMWGlIbWlwT3NTS1BfakFORG9aNV82TzRlZ2J1emxoSjZWaVBNQQ?oc=5
2026-07-22 03:00,Seeking Alpha,seekingalpha.com,"Biggest stock movers Wednesday: SMCI, DYN, GEV, T, and more",https://news.google.com/rss/articles/CBMilgFBVV95cUxOTjBMR3doLUZsZ01ueHhpOV9aR3p1NXlGNDA4RVBSbnVfS3QzUjh1NFY2QThoQVBnYlgwdGN5Ny1TTi1NYWlYT1JLTjJMZXQ5a2hzbjVHQmYweG9yQW5paWF0cG56aExLalltMnhONlcwWTJsTjZraEJjaG4xVUZVbWdmd0psY2VRT013bE5jQndRWTBQcFE?oc=5
2026-07-22 03:00,Seeking Alpha,seekingalpha.com,Super Micro Computer: Preliminary Results Show Promise (NASDAQ:SMCI),https://news.google.com/rss/articles/CBMimgFBVV95cUxPQl9GQnV2anBRczJUdDNlc3NlLWpJc3k4dDdYMVp2c24wUkplNGx3MTlnZFBPM1I5V0R3amNmNmNfVnYtODJtYTUyN0NRRDZSaVEyVC03ak5TZkVzWllHTTlwT1lBc19VTTJteTFuVXpoUnVoUjhUbldObEZKU2Y1ZnhjWUZPbFc2MGh3aHhKMzdIS0tsS0pkNVRB?oc=5
2026-07-22 03:00,Seeking Alpha,seekingalpha.com,Super Micro Computer: Why The Bullish Preliminary Is Just Part Of The Story (NASDAQ:SMCI),https://news.google.com/rss/articles/CBMitgFBVV95cUxOVjJKVzR0WXo3eW5GRGM5MWh0VVBqbS0wOHpkVTg1ZGVackpkQWFaRUs1UGQ2SFBNbURVRDFxMGdkTVFRMjRNTndvUUJ0TWNwaFFCMmpiWXV1dmViSXF2M0tPWWI5RXU2bXhOMjc5U2lFd3ByTXVIWWl0bEFCUklDTFoxTVVmN3BLNUZ2LVRITVFRN0RCUzZoMzhqRWxUZVYxUzJGdXpRdUxPd1gwbEFCTENfeXNoUQ?oc=5
2026-07-22 03:00,Seeking Alpha,seekingalpha.com,"Super Micro's strong gross margins highlight prelim results, positives for Nvidia, Dell: Wedbush",https://news.google.com/rss/articles/CBMiygFBVV95cUxNYmN5WlRrX2VROGFYbWk0RllXdDludlhrV1F6bUczTUVYVWxsU3czWEJpanU2aGFneG5ZV1UzUzhYMWc1VXZadnRncms3Wll1QVNOQTRSaDZ5YWlhQTRoM2lUb2VvNkVwMFk1YTJYNHJVeGpsV215QWp0ZUFFeTJpQ1NTdDVwQlI2QUN1cXlyRW5JT3FMODd1SDA3dW9iS0I2WThRVHZBdFJQb2FGcHRHNXJWYV9zcjU3QXFNU0lRUDA4M2c4WVc5d0N3?oc=5
2026-07-22 03:00,The Motley Fool,fool.com,"Stock Market Today, July 22: Super Micro Computer Surges on Record Q4 Orders and Surprise Margin Beat",https://news.google.com/rss/articles/CBMi8gFBVV95cUxQTmRpODlUTVdETXdZOU9vZlMwWWxkMGNZeVF0dmlxQXAyMkFuSXZEbHktRWZOVE9fc3Bvc01EN1ROR3QzSUR0cTdGczFEVjNndEpaMU9WMHZBY0F5OUdjeEs5aXBLZFdmQnh5dFlheEdoWGJYbG51VnFSdGRVU1BUZ09scGFfZTF5STQ2b3VxV054Smt6dDI2MmUtbHI5b0t4MXljNGd0N1hGTk1HNWhJR25DbTR0b3VmV3lvUEFRR0w1bFhwWlhjSkJ6UjVHdUlfWVg1OFFCMmxPNlQxMDBHOVhFWm9OSEVTS2N3Z2RsX01ZZw?oc=5
2026-07-22 03:00,The Motley Fool,fool.com,Why Did Super Micro Computer Stock Soar Today?,https://news.google.com/rss/articles/CBMikgFBVV95cUxQSmZ1X2dDUmZKd1pBdjNGMHd1UTZuSHFBZzcxUERXQXA0NTdHTlpPLTRIbDlETXNOYjVXa2ZjT2V0dkRwblViamhGM1BhNURoOXBpbEt2R0wtb2lVWWExQlMxa3VLRVB4b1BwenZRNUtrTHYwNGZ1VWpjNklKRm9wT1lKQzZDVkwwRHNQUnpHTVRMUQ?oc=5
2026-07-22 03:00,Yahoo Finance,finance.yahoo.com,Price Prediction: SMCI Will Double on This Date,https://news.google.com/rss/articles/CBMinwFBVV95cUxNcURZVF9wNG1xOWs4N3dDS0hzZ25zbm0yRHlKT0dUT3V6S2JwaERybnA5YXV5UktKMDR1aFdiNXY5VkJTb0E5U29KbUZxbjI2b2NIWnc5M1EyM1RmblA2cm1ycEFUN20wbFZyMlE0Ync3d0dQUHlQRWlvN0R5bll6ajlHelRZWVItWmZEeTAzd0J6ZlpGVW5fcVlUVlJ4WVE?oc=5
2026-07-22 03:00,Yahoo Finance,finance.yahoo.com,SMCI Stock Soars as Super Micro Computer's Backlog Surpasses $60 Billion,https://news.google.com/rss/articles/CBMimAFBVV95cUxOeDdfdXVsd1dDLUJid0FsT2lLN1Y4LUJycU5JR3BBaHd1bWFsTGZ0aVFhZVJpZi1Rem9vSFlLQzVBb1puQ3RVcVAteFY0em1kM3RCaHc0UzNDeUE1Mm9oSmZZTjFNWmJIczZhVzlCWVJwVHBPU1pDOXNpaUNhSDJnbmZ4SEpieEs4b3NzbjRfajN3LUhrS1Rhdg?oc=5
2026-07-22 03:00,Yahoo Finance,finance.yahoo.com,Super Micro (SMCI) Climbs 27% as Orders Surge to $60B; More Hedge Funds Buy In,https://news.google.com/rss/articles/CBMilgFBVV95cUxPSWw1c3UySC00d1ltVlhQSko3cld0Q0JJRGRSVExNMks5UHFlSGtsSTNDWC0yNFVKa0wtUmdBOUdjeFVGTVAtVnhOQ1cyc011Q3FvanFZNEdNQWJDbElXY3ZVaHNFUUJLdkpHblpWamV5Q0FkZVpQZDJHY1ZNSkxXZjNQY0ZfTnk0N1l2RFAwQS1mcUtXUWc?oc=5
2026-07-22 03:00,Yahoo Finance,finance.yahoo.com,"Super Micro Jumps 13% on Record $60B Order Backlog; Dell, HPE Rally on AI Server Read-Through",https://news.google.com/rss/articles/CBMilwFBVV95cUxNRGd2djEtblN5R1BqanFFM0U2dnExdzFJeWxONmlGSjFKZ19sTlNDYW1zaGhEczBnWWEzRW5EYy1HaWhVNGlYRHd4Wm03OFR2SWpSUkRiYTRRNUYxaHR0VTNTNjRQRVpWYWJXYXZWUmZ6SEk4SDJsRm9wVHA3N3Q5MTg2Q3pCWnZDLXVuQTJRX01UaFJYSFVv?oc=5
2026-07-22 03:00,Yahoo Finance,finance.yahoo.com,Super Micro Just Disclosed $60 Billion in New Orders and a Massive Margin Beat,https://news.google.com/rss/articles/CBMimgFBVV95cUxQRmpNYTBWUU4tdGt5RE5MWTFNREQ4QWx2X25Ldm1zX3N6WG1ZdG93Skx2VzhlSkszTnZ4d1hkZ01tQjZVUThfNkItaUxXdVh5d2VFX09PbmVEUkd5OHAzUUtEcFVhMlBoNlR5V0k0dXF2ZWgtQXZXNGdXeTl3VFBHNGVjaGxUel9sTlRhYklrcF9jUkhsN1ZlQWlB?oc=5
2026-07-22 03:00,Yahoo Finance,finance.yahoo.com,Supermicro shares jump as margin outlook and record backlog impress investors (NASDAQ:SMCI),https://news.google.com/rss/articles/CBMipAFBVV95cUxOOTVpRE1ZVmRQY2NyWnlLUDRKYl94OEdsSFQwMTFGNFhEZFVGcTV6Z0xKVnhwTjRpbnhwVVYybGJWdUtaWUR2Zkk0QVcxWm9BN3BJZFhjN1h3ajZfMnRpdHh1a3h1RzhVdTVKMFRDUjN1WjdnZnhFYzMzTXgtRXgyRDRIV2pOSVR5VXZSXzBHYlVfMmR5aHRwZ0NBMjZZSmVKa0tzeg?oc=5
2026-07-22 03:00,Yahoo Finance,finance.yahoo.com,Supermicro stock jumps on gross margin raise amid record $60 billion backlog,https://news.google.com/rss/articles/CBMizAFBVV95cUxPai05cGt1NGNPSU56dnRoZzM2S1JSNWdObTQ3WGNfQlNaOHJqcXh5UUo3ZmIxRVFUUVFuNHA2WS15Y1lpcjczQVhyMGVBajJ2ZkdNMDdGS3ZXSGtDVlVTcHdLeGRsQVdLcjFjdXhKYWFrSkprejJWSnJNZ3ptUFAxY3dOT3hGemowZVNHUldkamdVSWFzdnBCSEt4MUFGb1NXZ0g2SFFRai1EazVkS0dpZUpqMzl1OVRxYWllZWpsMXlHdlViV3dMdXZpcjY?oc=5
2026-07-22 03:00,Yahoo Finance,finance.yahoo.com,Why Supermicro Stock Is Soaring Today,https://news.google.com/rss/articles/CBMioAFBVV95cUxNN0FIVHBhZWRKY0lBSElxN1JQTU1fazIzak8xZExUeU5wQkRYVXVPQURoc1hhdVN3UGVCVFdQQ3A2TzJIbXpLZ2ZjNm92dU9oY2hQQjR0ZzdoemphVUgwUl92TXctazZfZm80eGlDWEV2T2lUNjlZOXVUa2VCTTZFd05nZDU0MTFoaDRYNlZuRWRsQ1BkQTNud1BfYUhlUmJG?oc=5
2026-07-22 03:00,Yahoo Finance,finance.yahoo.com,Why Supermicro Stock Is Surging Even as Revenue Falls Short,https://news.google.com/rss/articles/CBMinwFBVV95cUxNS2JDb09HbG9Qd0UtUFJsOU5GNlhlQzZFUl9EN3htZ1ZITXZieFdzcGVGamN5dEZnME13NWExQ290NkVIQ3FPcGRYUV9NdTAzZS0xNHRSRTAwdnRuVWZ6dHl5M0tpQ1ZxS2IwVEt6cGZqWGpkX3NGTlFyU3hFQ1hRUXVldjlTd3V0ZFk2U21ucjlHNldMOGpuZlNwVWd6OXM?oc=5
2026-07-23 03:00,Benzinga,benzinga.com,Super Micro Just Doubled Its Margins: Rewriting the AI Playbook? - Super Micro Computer (NASDAQ:SMCI),https://news.google.com/rss/articles/CBMi6wFBVV95cUxNcDNiSnVteDRvSllPZUVkdzFXRTJid2pVMjZGRE9fellzSklOOGhlQlFnX3M2TDRfd18zbU12b3lSQlBSZXZZam40cHpib3hra1JZTjZma1BLQ3l4UGtNLXNRWS1UUHV6SGJiS01Temtmdnh6cUJvSlhtVUVya3R0Y0lvUDYwWFNlek90QXJ5UmNSNGZ5Z281RDFiOXV1OFRTWFNST2RYQjZWYWNkNUFmX2JyRzRFaUxhd2ZDeGM1UDBDeEdCTXVZc3l4ZHJBZDluUUdXLWRaUGZWY3ZWUERyNTlubC1SYkRVVG5Z?oc=5
2026-07-23 03:00,Benzinga,benzinga.com,Why Is Super Micro Computer Stock Surging on Thursday?,https://news.google.com/rss/articles/CBMitAFBVV95cUxPdGhpUElYOElqek5VSVBGc2c3RUo1VGY2bm96VjhyTE8xRTBnN2gwMWNFaDd1djFpaHUwYm1VWFBBYnJiN1NLZWYxRmlEblNsOUg2Nmh4UGhnUEVBWDJsQXZ6S195VTd5Q1htSHBoNkNkMUxmWmZIWmc0VXJnV21oUFJWOEZaWjRhZWNfYWxBSHNSWmp1czZjNDV4TXpobnRBSG85SWtXR0hlWXkxb1lPZk9fLVQ?oc=5
2026-07-23 03:00,Seeking Alpha,seekingalpha.com,"Super Micro Computer Stock: Mispriced Risk, Underpriced AI Exposure (NASDAQ:SMCI)",https://news.google.com/rss/articles/CBMiogFBVV95cUxOV3JvZmxZQ09TaThKc2c2NU1tMDF1ckV3Tmx1b1I0VDBRb2d1Zmh3dktwRGx2cWVVZmhhUUxfeDItcjhfUVc0UkRnajQwbVdZOGFTcFNqR3ZNeXVoWFVwVkltWEdIOHZ4UmJyVEFBdURmTHktSU5lWUQ4dU1hVWVMZ3llTDVJQXJvM2xDVFJKaWlfZXg2aFR5MEZVZG1lZXE2OGc?oc=5
2026-07-23 03:00,Seeking Alpha,seekingalpha.com,Super Micro Computer: The Margin Shock Matters (Rating Downgrade) (NASDAQ:SMCI),https://news.google.com/rss/articles/CBMipgFBVV95cUxPZ2FSTnNVbGJzeVE3MlBQTWpBSHh6dnJCbTRubjFiWWdlMmN2YXRXaTgtSnpYdGV0eC0wQ0R1emxUUzFTRHpLWlh2aHhpNWthUDNFNDB0SVJZa20tNTN3TjdYSC0wY1JnQmtvRjhPT0J4ci10T3hYMHNycGtFMFg2VDE4RW83bjVYUzN3SVVtWXg4aDBsYklfVUZpbG9IcW5HT3NTbmZB?oc=5
2026-07-23 03:00,Seeking Alpha,seekingalpha.com,Super Micro Stock: The AI Boom Is Coming Back Home (Upgrade) (NASDAQ:SMCI),https://news.google.com/rss/articles/CBMilwFBVV95cUxQVFdHWFJEXzR2WXJ6VzdrNl9VUVNPVVJDVlRwZXRSNnRSMEpRMXQ3RDhJOGt5a0UwX24weGNMX3d2RUZ4SFZaOFVfbnBHRkhDRG9TLUZrTEo2NHBVRnpKZ1dBeEt2NWFyZ093U1lCRnVxcngtNHU1SkNoWFVLY2paLTdMMTdUSWo1YlE0QUVXX0tCLW5hSTlz?oc=5
2026-07-23 03:00,Seeking Alpha,seekingalpha.com,Super Micro: Market Remains Far Too Pessimistic (NASDAQ:SMCI),https://news.google.com/rss/articles/CBMikAFBVV95cUxNOFBJVzhrOGxKZnpabWR3MlFQdVhERW5BNV8xb3ZvUWdzRC1xbVlPQzAwbzF1T2VQS3J5emxDMEpBUlpJR2ZRdGU4SkR3UDkwWDZwd185MDBsMjdtRHZJcDJFd2dtR3lzVHotT3RaVjhfQnNkbkJBeC1UOGk4NzVLOXp5bTFLcF9FVnRfNW5fWlY?oc=5
2026-07-23 03:00,Seeking Alpha,seekingalpha.com,Supermicro's massive $60B backlog likely requires financing: Mizuho,https://news.google.com/rss/articles/CBMipAFBVV95cUxOT0MtNkJ5OHBrbDdvU3lqWEpFVkk0OW9sNXBidy1PdmtGX3licWlaY3oydXg4SkVXbFVxUlNkS2g4dEtHdTJXT0Y3YTFyZkJ5WGxQSVhSZmFQZk5pZ3dBT0NWam5JUkpvMkk4UWZiOFBUQ2ZDdUNRWkdGNFVNaEdXU21PcXVBa0c2MVVKZTctYVNqQ3RzMHZyR1JQWUtBaVo2VmpEZg?oc=5
2026-07-23 03:00,TheStreet,thestreet.com,Super Micro’s 20% surge reveals what AI investors want,https://news.google.com/rss/articles/CBMiigFBVV95cUxPakp3SEdBVmEtREZDcWxIbkZ5OTRuZ0ZnVU4xTV9nSk03UnA4dU1LSkdLMHVLOUlfSGRXeUNFczhGSS1kalNMa2l4NlZUZ2xhQkpuT3dtOGxDYTRGZEJma3FhaUpQTzZTak1VZzV3U1dJZkpydkNFVWt3UldkUGMzbWRMdmNxZmFMeEE?oc=5
2026-07-23 03:00,Yahoo Finance,finance.yahoo.com,SMCI Stock Jumps Over 6% — But Supermicro's $60B Backlog Could Require Fresh Capital,https://news.google.com/rss/articles/CBMikgFBVV95cUxPRlp2Y2tVQm5YVU01SVFuZU0wY0J4YXV0SXFtS2c0dFRiTHZoTEtCMFBONG1mLVpBYWhDZkNLQU1OLTd1Sjl4Wk9BYjdMWDJ2ZHF6c2w4ZWdQelN5ancwTlltMF9TVWxLOEd2Ul85M2xsbExOR0JhS0lCVGNKeUg5RUUzSDlJeHBZVGFIZEktZGtmdw?oc=5
2026-07-23 03:00,Yahoo Finance,finance.yahoo.com,"Zacks Investment Ideas feature highlights: NVIDIA, Google, Palantir, ServiceNow and Super Micro Computer",https://news.google.com/rss/articles/CBMiqgFBVV95cUxQbTk2RkduVzBlbWNrVDdaM3FhaGNxc3hZUkVTcHJ1bVJVOXowSUE0bkJBajB6S1dyRk95WFRyOEdPcTQ3UXdLZG4zb25UUmUtNXBOVGlzNzNqOHBGRGhNOTNXRVYwS2t3Qm5GQ3dhOEM3MDRWRWlaWldYc2x5UFlwaU9FZTNxUHVWNGs4aUN4Ujd3RUVCUDQyU3pISDZfMG90M2FzcmFRMGg2UQ?oc=5
2026-07-24 03:00,Benzinga,benzinga.com,What's Going on With Super Micro Computer Stock Friday?,https://news.google.com/rss/articles/CBMitwFBVV95cUxNaERObzlQN2psQy1CTGx3MjNUYlg4NERraEY5YnNoTlk3SkRxWUZnOWR0cy1YZVcxMVZuX2taWmVzeTFJaFdsXzhaSmxKZHJrQWhqdHhVUWRBR2VYY3FVbGRBTzJGaEV2YjU0Rk1WdzRVRTNrVVN5YTBLQkFUd1ZqSGJuQ1B1dV82amhxUzJHemtPdHp0bnZURUxia0pyVzRIVUxhM0xrTnBZWjVOQ3ZmYTliYU5aWk0?oc=5
2026-07-24 03:00,The Motley Fool,fool.com,Super Micro Just Reported $60 Billion of New Orders -- Here's Why Smart Investors Should Buy Dell Stock Now,https://news.google.com/rss/articles/CBMikgFBVV95cUxPUmpITUplRXZCNGhrcDhxTGhRTEh2c3dOam1qX0F4UEV6WklsWXgwMXJnc3NwZ2NSNkc3T2FEeUJwdS14MzNMam1LdzlXaGV1eDlhazl5eDNULUlEc1ROdzc4WkhTQl9FZ1VqWC1IdnJvZUVQUkc0TXJpWEVyWllIbzh0TnQ0RTFuOHRZSUhwZEtOUQ?oc=5
2026-07-24 03:00,Yahoo Finance,finance.yahoo.com,Super Micro Just Delivered Fantastic News to Nvidia Investors,https://news.google.com/rss/articles/CBMiowFBVV95cUxQeldYRng0cGQzTGFQbmhHTlZITzJuZWtpc1E2NkJxRlk3WWpEOVlOS0RVYWo5bHd0UlItNjJOTE5tYVIyekZWbm9sOTFXWWpsUkZ2RUpjcTdWRlRBTzk3Y3pfREpNRVo1dEZHRkhFSm54bmp1ZkVzRUZQUFdzZmNTeGFzZjFDQnBiWHZtOXJYczFOTVlJLWdqU25NendHZFY3bXU0?oc=5
2026-07-25 03:00,The Motley Fool,fool.com,Supermicro Stock Just Jumped 20%. Why I'm Passing and Buying This AI Leader Instead.,https://news.google.com/rss/articles/CBMimAFBVV95cUxOLW13VWNRc3hmSF90NURwQjE3cXBhVUhDcW1zdlNsNGEwYlQtbm93WmpqdHF0X0xwbHdZeDMwTXFwU0p6VnNLa3ZKdzd6Q2pwT0xXQUFLZjFsUm9IODlRWXpkV2c3aVBJSEh2NC1ReWJ4bERiemF3YWJ4T2UtdTZtTm45bW04T3lNYWRTRENZUlpfdDdtSWNuSw?oc=5
2026-07-26 03:00,Seeking Alpha,seekingalpha.com,I Was Wrong About Super Micro Computer (Rating Upgrade),https://news.google.com/rss/articles/CBMihgFBVV95cUxOczNKUjU5SVhzUDBFMWFmX05US0JoVEUyZjZoS29HLU5fTkV4NHppU05lX1hfeWFrZFl2bG9zdDRldDBta3VKc1Zta3RqX2NwaFdxTHpaNlFNVV9RR1lvRlMyRDFxdFhGeHZLWWlxNWpvRWxBUEg1U19GZWxoYmpnUTNuV1J3dw?oc=5
2026-07-27 03:00,Benzinga,benzinga.com,What's Behind the Super Micro Stock Pullback Following Q4 Revenue Guidance?,https://news.google.com/rss/articles/CBMizwFBVV95cUxPY3BLeUN6Q2Zxb000a3VpdmxOQWx6YmItM19zSURHSGNlSy1LRVpLcWNvT1JleFJvWm5QdWNad05fUmdaWUtJM0xyeUx4cUM3RUFZUk5pS1FNNzUzNUxNOG1yS0k1dVdkMkVGbmZJeDJGM0FLcVJONTBFLTZ1aEZ5MTdlMXFiTG1fbjNyd19vQ3ZaXzlOSW5tZTd2SkRIcGNHTXJEZ09oblpGbmg1Nno3WE9BUHdVU1pYNGJScnpYb0haU3BqQ3NMZGNmSzB1VjQ?oc=5
2026-07-27 03:00,Seeking Alpha,seekingalpha.com,Super Micro Computer: Great Guidance Doesn't Offset Concerns - Still At Strong Sell (SMCI),https://news.google.com/rss/articles/CBMivAFBVV95cUxQcC1jTnRZcW1XRTh2Z0NNQjZvYXZRMU56SUt6SkVmcDZkVWc0R3dFaGo5aS1KSUlwVmloWGFjcFpVNmduX3BZNUkwYnJ5YUlGOGFQanlOUk9ETGlVYThDa1Q0aTNtdDNfSXljaU1MUUVVamdJbTJKNGRPQ2VCVkNMa010eEZrVTBTelR6QU1ZSE45VmlXV0lFQllTLWhna29kZmdaY3dEV1hPcm05UVMwUzQ0d25sN05jcjhmQQ?oc=5
2026-07-27 03:00,Seeking Alpha,seekingalpha.com,Super Micro: A Phantom Backlog And Unearned Hype (NASDAQ:SMCI),https://news.google.com/rss/articles/CBMikgFBVV95cUxPeTlyY1dRYmdwQ0UySW1qUHVCNHlkbjdwNklUNThWNDROMWQ3eVlTSUZjdnUtWk5JcWpYOTVGdHNPS2gybzBYOFpQNDJLcHZJZHNHWks5Y3lnOURscXR3V25SSHRCQmswaXBzaFhLMEg4T1lpTkdCYTllcWlFaG5lcWxnTXNXeHVDUG0tTEIxSEgzZw?oc=5
2026-07-27 03:00,Yahoo Finance,finance.yahoo.com,Should You Buy Super Micro Computer Stock Before Aug. 11?,https://news.google.com/rss/articles/CBMimwFBVV95cUxQeGdBX25xYW1LWnNmalBjeUFxMUh3eUhCZENXc3ZLSVlFeThDLXdQSkVhaVRyTERhRGo4Vm54dm9rRzVvdGpvUU1UTlNkVVVKWUtsUjNDdzNnV1YzSmRIeDhqcEVETzQyS3J6VzQwdjBDUy1pbGxmdGZfbjZkM1hselpKSkRtWXRSZW9xMWN2VElPUXlsODB4WDRnWQ?oc=5
2026-07-27 03:00,Yahoo Finance,finance.yahoo.com,Super Micro’s Margin Beat Is Genuine. And So Is The ‘Value Trap’ Thesis,https://news.google.com/rss/articles/CBMinAFBVV95cUxOTms5WmxvN011SkRZelpXWEtIc21MdkplV0xTaVlZbkNFbWF5TWJSUU1lR3U3al9OWkMxTkNNZHc2UXMtSUM0d0Jlb3FDUXpFckt0Q19ucG5yV3NuX3dPbTRGS1hIeFFxcnNxUld2V0g4YW4ySDhtcWxDYnpGeDdGQWktWUQ1QklKY1dDVG5BTnFrZVpERks2cE1CYWo?oc=5
2026-07-28 03:00,Benzinga,benzinga.com,Super Micro Computer Stock Tumbles Amid Widening AI Chip Smuggling Probe,https://news.google.com/rss/articles/CBMizgFBVV95cUxPbFZPeURrd05OMXdiZUZLdFltOWlaZ0NudEY2ME96ejlQSlFHRHhaR0hyZFR3Y0lfOUx2TTJ5Z3o1eFplV3N0aWdzU3BULW5kUld5cUZ5QjljNUxYWmhOSzkxRU81WFNZVEUwOFdpTHZpRE9UVUExdF9VcVo1eHpEZXJqVTJUOFBsUGZ4RDRGYXRzMENOUzFfUFVFME1YRDhyTmlhMDZoWHRZemNIU0pqSE4yNnhOOHRqdWZYUWprdzVrRURYUjRkbTlxNUNYdw?oc=5
2026-07-28 03:00,The Motley Fool,fool.com,"After Giving Investors Great News, Is Super Micro Computer Stock Headed Back to $50?",https://news.google.com/rss/articles/CBMimAFBVV95cUxNMkJXSS1JU1lnRkxfTy1hOF9OOGJqLXBQeVpSWkVhWnAzc0pINTg5bElhQno0U0VfNV9vSTZkckNzbWJMWncyaXpGc3Z6SFFyVmhIdnF5bG0yWXBGWjJzOFVvbF9lNWVxU2RtaU04aFYydDV2LWtUcEVkSllRQUFZelFWbHVOM3Q4SC1WaTd1djFqM09EREhUQw?oc=5
2026-07-28 03:00,The Motley Fool,fool.com,Super Micro Computer Booked More Than $60 Billion of Orders Last Quarter. The Entire Company Is Worth $19 Billion.,https://news.google.com/rss/articles/CBMimAFBVV95cUxNT0hJVUo2WGpTQ0ZwbGZVRTJrX3U4RENUN045RHJMRG1iWWd5ek5PNTBLY2RMa1Z1Y1JNZ1RWWGpaaUhtbUxFb3Zwb2RFU2lyZWM3OW5ZRktsRVJka0RXamtBX2NpUlNEdUhPOGc3RmNDc1NQOEIzVG51MGtWVGY2alBaV0JhdWdkOW5DXzBQMWJ0cjV1dTV5bg?oc=5
2026-07-29 03:00,Benzinga,benzinga.com,Super Micro Stock Falls Wednesday: AI Chip Probe Brings Support Test Into Play,https://news.google.com/rss/articles/CBMi1AFBVV95cUxQcE43MzJjQTY4YXY2cmZaQUQwR0ZDWC1vNVhxZ3pzUWFUMXUwaHlGSVNwNEctU212WDdKUWk3amktVjFSNWVwTDEzOW9wXzd6U2twWXFZWWFXaWNQbWRWM1E1c1BIaGtDSGtselBleFJVU1NwcnJGbGNiUVNuMk1sOVNCM1JUc0RLRDhfYmNMVklxYkpUYXRETWJDOGg3LVctTGdxOUpBLXJ3OTFHS3BWUVFvQVRqZThZbkFMVGRKVFY1UlZxUUpseFpEVkh6ZUJyZTAzUg?oc=5
2026-07-29 03:00,MarketWatch,marketwatch.com,Super Micro Computer Inc. stock underperforms Wednesday when compared to competitors,https://news.google.com/rss/articles/CBMi2wFBVV95cUxNdUZvX29COWJlX1lKTS1ocUxFZjkxYTlMWjUyNDRvTGlyaUNOa2NNX1l6T1VGaGVGVGVWUU5sdUM5QXg5RV85dXdGZTlKZUVBMWlyVHJzRndxLWQ1RHczMndvUEw4M2lfcGpQRUpWV01LbkdTYnpwX1dtdXoxbU0xOW1xUVhWenFFRWpaUXNuYmpzNDU4MkY4dzM3UXNpSjU5X1NoNGhxS0tTMjZiYlQzUFJ1TGtlRmxMU2VUWEhicVFUeUdmR19hWi1HU3EySWJRaVY5bkxvUEw5Wm8?oc=5
2026-07-29 03:00,The Motley Fool,fool.com,Should Investors Buy SuperMicro Stock Before Aug. 11?,https://news.google.com/rss/articles/CBMimAFBVV95cUxNV2ZLclhNb1J4ZjA2R1BQbF9oRXF0QVU1bmgtMnRobVVvaDdiblNpNG1sY3pNaFFCT05JMFJjeEpIaDA3VE1FOE9kTzN1Mkh2NjBpekJIcTFULUJyMUxkNE1ESU9XbFBzdkZsX1BYZi1fdDlEUDEyVG0tdHQ5SzcyOUtCTDVzT195RURVbU14WGhrZGVPZ2wtbQ?oc=5
2026-07-29 03:00,Yahoo Finance,finance.yahoo.com,Super Micro (SMCI) Faces ITC Patent Investigation Over Netlist Memory Tech,https://news.google.com/rss/articles/CBMilgFBVV95cUxPYzJ1N0daRU5pVXl0SWF5QVJ3YmEtZ1hPN1BMcElXVVVQaE5BZ3VCcTJaMUd6RFFBckJfcWdTWEQ2ZUZOZEo3TTFNLTdsM25tb1hielZoRmR3NzhZVWpxNVh3YjM1QVcwSEh0aE8xU3F5dUUxRjBDM3BXcVVQVTJva0lteTJVdEdxQ1otNWlmbkx5a25CYmc?oc=5
2026-07-30 03:00,Benzinga,benzinga.com,Super Micro Stock Rises Thursday: What's Happening?,https://news.google.com/rss/articles/CBMirgFBVV95cUxNLVNFT3V1cTZhb2Y3R2ZXZTRFNjE0eEc3cnB5ZXVEb09pS2o1UXkxV2xlVnpEOVEweUtpMXhnaGVZR3VFcUUwLXM2S3Y3Q09SRG1IZDlKY2poTGVxZjBJalphNVZ1QW9seGp1ZjVqU1pvd19vZThubmJtVmJ4VEV5ZlVJcEtzRGhXVHBZblBBYnpJaVlKaGRFMm4zUGdZS0U5SzJlVG9IU0VPRzcxM3c?oc=5
2026-07-31 03:00,Benzinga,benzinga.com,Super Micro Computer Stock Is Gaining Friday: What's Going On? - Super Micro Computer (NASDAQ:SMCI),https://news.google.com/rss/articles/CBMisgFBVV95cUxQcnVTTGdMX19ISkZsM1dIbEZITDg1VXoxY3Y0SzZla3BEQWx3TEd0ZzA5eVk0RDgySnRDU0c5bmtnbUp2NHZqaFpYdzN2YW5UdWN4MzZmNllITTM2RF9mWkxTbExDY05WNkotWG5EcGxsVW1sTGdYcnk5RUFTSzJBejQ2bDUtSWg1aWoxOFJ2MUplQ2EyS3RqZ2xwWWRsaXJkWWZicmxxY1VURGEzc0lZc2Z3?oc=5
2026-08-04 03:00,Investing.com,ng.investing.com,Super Micro Computer stock may move 12% on earnings report By Investing.com,https://news.google.com/rss/articles/CBMiugFBVV95cUxOWHV3bGQ1dEcxNTM1RlJfdWhPTU9oclVtSWh4SGxPV010eWNVX3JHR29Vb1Z6M1lVU3Q2dENLRFZLYjF3ZlNaNzdWazVXRHdyZzFQbndndzFoVnMtTmRjYUZYVlRvcWRWWGFJVDVSQ0VmOFVXaFJPUDJDZ0lCOEEtTmJGbk5TdWZDVmlHUC1udlJia3FmbzhrMlowN0t3ejY0N1FJVWJxRlJWUk1EVDB2N2tmY0JfYzhnREE?oc=5
2026-08-04 03:00,Seeking Alpha,seekingalpha.com,Super Micro: The Market Is Unbothered By The Margin News For Good Reason (NASDAQ:SMCI),https://news.google.com/rss/articles/CBMisgFBVV95cUxPbGZRU0MtTERxVkdvelpNS3RXblNzaUJ3a1FsQXJKRzkwMnBBZC05em41WXpHV2pGQVFvQ1hJRHExOHZXTW1mQVA1dDdYNm9HR0lWbUF3MVNJQmhCQXNOOU9XOTdJNDIxSU92WnZTT0F1cDh5RE5jLXczNnhTQzAtWjhhci0xcHZSd0dFTElaQ3RuUjEtalU0ckpxdEV3aEpVcE5BX1FvYjlXWkpkdDJIY1hB?oc=5
2026-08-04 03:00,Yahoo Finance,finance.yahoo.com,"Dell and Super Micro Rally 10%, Hewlett Packard Enterprise Climbs 6% as AI Server Stocks Surge",https://news.google.com/rss/articles/CBMilAFBVV95cUxPTy1jMGsyVll0WVNlN2NsS3RDbXNITWVwalpmbmVhVkVjczFQV2ZSWlFsWk8yZmdsWVJqbWg2S21XQzlycFYwZ01xc1dabUZpSGVrNEh1MjU1YWhnXy1Wb3N2ellRZldNMUpUU05YTUl1MXFSdWg3UUxmdXd5STdhWXZQVl9sS2VYQVBtWjlaVUZCelEx?oc=5
2026-08-04 03:00,Yahoo Finance,finance.yahoo.com,Super Micro Computer (SMCI) Earnings Expected to Grow: What to Know Ahead of Next Week's Release,https://news.google.com/rss/articles/CBMioAFBVV95cUxNdVctMzVfTGhpLUhuU2tkOFQtaE0wbFBQbzl4eFl6Q1FweXN0VzFscXlVRXRTVFZwd2ZucDl6T3FmMkVsQnBuMlB6T1FMX3dYdWJTWmtuVDkwSGJURFE3Q0I5dHF6TFpDUzVoTUR1emZESHJITUhQWGkyZnhpQWhxZlgwajJGMTduVTJCQWtzSVlFdzBIR0FFeEY2ckxPZU1X?oc=5
2026-08-04 03:00,Yahoo Finance,finance.yahoo.com,Super Micro Computer Stock: Is Wall Street Bullish or Bearish?,https://news.google.com/rss/articles/CBMinAFBVV95cUxPSUN6V3IxSEl1dUxGMmZiX3pLeE01YzdmYzB2MDNNSFU3aS1ma0lfTXd3WDdvcEpKR09YekxQOGNPTWlEblFZb09SLVRkNEJVSi1hVlg5VDBzYTU3eERBYXVRY3BJZVVaSHQwRllPbEZyZGt0QkdXVm03WTUySUVLS2RIQm12Yy1PVEZ2UFU4aWlESTk4dzNRczJJcHA?oc=5
2026-08-05 03:00,Benzinga,benzinga.com,What's Going on With Super Micro Computer Stock Wednesday? - Super Micro Computer (NASDAQ:SMCI),https://news.google.com/rss/articles/CBMisAFBVV95cUxON2M4Nm8tNWNrbGpvR2l4Q3ZCVmlNckNoOHdMaGFGZ2g4Q2MtSktmb2ZWMWRpdlpTaTBBNW1VdU40NUNNM29PS1ZVajdpS2wyVzcyc3JQdlh4aDJ0VHlsZDk0NUFKWDQ1SW5LNXJUTV9SQVpqMHpWZl9FaTl1UHNWOXBaS2hiN2ZydVlsNFB1VFhORGdpRkRXMHExV0pjSm5HYmRqUjZmc3VKRV83NHg3aA?oc=5
2026-08-05 03:00,The Motley Fool,fool.com,2 Heavily Shorted Stocks to Buy and 1 to Avoid,https://news.google.com/rss/articles/CBMikwFBVV95cUxPY2V0MWYzVXNtMTMwTjVINW1pNmlVV293Vkt1eWJmRENCZjltUGp1ODB1a1BvUDZOV3MzVXJmcFI3TDBVNFNnS0RrUjhfc3BCZHNOMjhfd1NMUS1Ib19PamY0VjRiTmNVeHV0WHFfUUNxQXBRdlpPLXhIMjdIaTIwWloyZ2EtVkd1eGUtVjRiX2lwY1U?oc=5
2026-08-05 03:00,Yahoo Finance,finance.yahoo.com,"Dear Super Micro Computer Stock Fans, Mark Your Calendars for August 11",https://news.google.com/rss/articles/CBMinAFBVV95cUxPTXRMMEE0ekxZdkJtdVlRdjJhR0V1YzdYRW9mUWZDVWp4SXBLdGJmelp2YU9fX1lzeVZfeTJTU1JSNWlwazBOTVRibUcxT2dPc1RNOVVJVzFxcWZSYnZ6bnVxTE1oNVFDRWhUa2F4S2Z3QURWSDJPU01wNlc5dGVVMC10Z1U0ZTF0UE01TXhOc2pMSEZPRWNXM3VnTG8?oc=5
2026-08-05 03:00,Yahoo Finance,finance.yahoo.com,Is Super Micro Computer (SMCI) Fully Valued On Its New AI Server Push?,https://news.google.com/rss/articles/CBMinAFBVV95cUxNUmRrZ243X3BSdDZWR0licUFodVdYQjlMMWF1aDhUQTRINzBsdHN6Nmo3bkhZakY2S0FubUdLcWUxcFJDWTVGaGNmN0pzczdCYVI4Ri1nbkRWT2ZDelAwNUJGdnhac0hOY1o0QzZ4UDBYZUNrVHVEaVBmTWxHUklsZ015MXNHa3QwRUdWcUhJcWsxMURrQ0hVc2xWdGw?oc=5
2026-08-07 03:00,Seeking Alpha,seekingalpha.com,Super Micro Computer Is A Bargain Heading Into Q4 Earnings (NASDAQ:SMCI),https://news.google.com/rss/articles/CBMioAFBVV95cUxOdVJqd1EwOExSS0xTaWNPT1FJQVBqTDhuaGh0Mi1fZmFNcUlIWktBWlBDRVV5Nll1OXBvdHVvVm1Wa0Y0YnNWQ3VqazB6amhvV1IzaC1DajdzOHU5YjZ6aGhVSWl1cWd4Tlh4LVBIQWoxazZqRXJsSjFFdTB4Q2N1dk5JWGFYcVFOLXZDb3ZUR1EzREdjdW9QWjZtNExDcGN6?oc=5
2026-08-07 03:00,Yahoo Finance,finance.yahoo.com,"Should You Buy, Sell or Hold SMCI Stock Before Q4 Earnings?",https://news.google.com/rss/articles/CBMikwFBVV95cUxQLWRhV0RNTENfUnpBZnQ0dk9CS3JrYTFMTEdUcWM1dE4yMnZucVl2QTBRTkRsS2lqdmJ0RWFIVjNNbU5OSlhmc1Q3bWc2ZkM2bUdwdGxLS3NXVzlEd2w0VFVEYjNCT21Camw4eXVLTXFtMGoxRDh1X1JUQVBfV0FSMF9uZGUxWDRXXzcwUklwWVE4QXM?oc=5
2026-08-07 03:00,Yahoo Finance,finance.yahoo.com,Super Micro Q4 Earnings Preview: What To Expect From Upcoming Report,https://news.google.com/rss/articles/CBMinAFBVV95cUxQS2FncG1uU29GVWl1ZFViQ1ozb2ZGZnp5Q2l5MDZyOXJGdlUtQ0FJUFByNFUwWU0xZmlYWVhwTUNvbDlJaXBrQ2phWVNzSnFsQlpBYU1hR185TThia2I0a3NCQVktaGRYVzlVZWtfRkh4VUtfYTVBTDZzZ0l0d2c4c3EtajByVDBOWUd6a1R5Nk5Kc2YxcGRJYm1XQnc?oc=5
2026-08-07 03:00,Yahoo Finance,finance.yahoo.com,Supermicro (SMCI) Stock Looks Like A Bargain At This Price,https://news.google.com/rss/articles/CBMiogFBVV95cUxPc3VsSWJ6Z2ppblZxNW5vUEZTdVE4WE5FNnZNV1FCVjYxTDdJdnJ1Q0JqZUUtMWRLNlNvZnMwWlVjdzV5WVZGaUhaTDByWUxwemotU0U0czhaUjZnVExOWFNObVNvSUVHYnpXbUJzUDZnMHM2SW1hdkJNTXRQbnEweU9uMlJXR0Vub0Vxd3RKRXhZb3A2Ykp2SHhSRDd6dllFQUE?oc=5
2026-08-07 03:00,Yahoo Finance,finance.yahoo.com,Why Super Micro (SMCI) Is Up 6.0% After AI Rack Expansion And AMD Instinct Coder Role,https://news.google.com/rss/articles/CBMijwFBVV95cUxPS0x2MXRGZUFfTElFTFQ4bnU2QjlfbVZlWENxTy04YkRZaU1DS0xnUlJQMnlqWlYyZ2VGVnc3VE45UlBqVjdiaEtBR2JMMXB6MGN1Z2FnVnNoNVRyZVFtYWdyR29jOXBJR3dORV9PaTg1RnFwdlRkbWEybldFODN2NnJLTHlhckY5UjdhLTcxSQ?oc=5
2026-08-09 03:00,Benzinga,benzinga.com,"SMCI Trades at Bargain Price Ahead of Earnings - NVIDIA (NASDAQ:NVDA), Super Micro Computer (NASDAQ:SMCI)",https://news.google.com/rss/articles/CBMiwwFBVV95cUxOVFVFTDBKaUJ5SnhOallRVGVadWxUNW5mY1hRQ3JTd2J2c1ZDaDNKNjNfVGJMa19uM0k1RVpTYmw3VE5jOW5OZWo3TzFpZGxrbXBtbGdtZXFYb1A0MGVjQzJmbXRJZ1FJcG1jN2FvNEhNcm1TZ3RTUEFtWEhsS1FpM2dPdzVhRDFDWDU2Q0xEUWMtU3h1czBVN1RJd1BBNng0VGtZRHozRnhkZXNJWWRqSmdkcWpkalZhanpnNUpxSjR0YTQ?oc=5
2026-08-09 03:00,Seeking Alpha,seekingalpha.com,"Earnings Week Ahead: SMCI, CSCO, JD, PLUG, and more (NASDAQ:SMCI)",https://news.google.com/rss/articles/CBMijAFBVV95cUxNTnk4T1VDZThqX1pDdVZGOC02bnVpS1htbDdZMmIxSFZQYjNxY0JVTGlCTWxxRjg2aF9tY040VVh6ZW5Ib21UTi13bmFuV01qU3IxTEZKa3BRNl9PVFFxQzZ0aFJhdUhPWlFRc0xUTkFiRlRoSUtMeS1ndUZXYk52OFRtWG9mRENuV01Hdw?oc=5
2026-08-09 03:00,The Motley Fool,fool.com,"Super Micro Computer Landed $60 Billion in Orders Last Quarter, but Trades at Just $30",https://news.google.com/rss/articles/CBMilgFBVV95cUxQNlBXc3hmNEdQTDFud2F0WWJnOVcxTlQ1OG1oSUhyS0ZPMmpnRjlpR2FKMEQ4ZlhWdHFaWi11OEZjSEdoT2FaN0ZWQTdac2t6cEEwaTlvcGZXSzh2WTNuT2VIYXYxZFBKMjg3MjMtX1ItWUpIek1DQ1BDUFJfNW9xZXZ5UVNvNWtud1hwZG11OTlaU040a1E?oc=5
2026-08-10 03:00,Investing.com,investing.com,Super Micro Computer stock outlook into tomorrow’s earnings,https://news.google.com/rss/articles/CBMivAFBVV95cUxOYnlCLVdremhwbnd4OTRHTTNFUXpTSlozT0pnS0x2Wmp3LXlidHRnR3NsMENLb21hTWF4emJZRVlwSXgwaFh6V3JxZG5SSURMY2M0VzR6RFNaSkVRWmU3bWNiS3dJYWY5cTdRRlBNR212amdKUU5UVjlxT2NKeHlfLUlHLWJiMjJteE1HQ2ZMOExkU3pZc1lsVUVlMW1rTGloSFZJNGd5bUxBbVpwaHl2TDQ3YUt2YWxPWE9aVg?oc=5
2026-08-10 03:00,Seeking Alpha,seekingalpha.com,"Super Micro Computer Q4 earnings preview: Order backlog, margin expansion and cash flow in focus",https://news.google.com/rss/articles/CBMizAFBVV95cUxQZ3BQUzhwTklkNWF2YkQ2NGVXSFNXTkswZm1HTC1HeVQzX1A0b1RsU0l0Sm5FN2p4UXgwQlc5dXdUQzZ4Wk16cXdUS2dlQTdWdnFnU01BN3ppTWY4anJCXzNCd0ZIbU1CWnQtQWdxd1FkeGRiMTlKSm1zQXVZOGtVN0xWaFJqSE5aekZEM0IyMXhiSkU4dWI4VlRzNXBxejJLRFZxdjU2V1pjcGNzWFlkTGxZWTJTNjNqOU9fMXhyN0pYbFA5dXV3N3IwdVQ?oc=5
2026-08-10 03:00,Seeking Alpha,seekingalpha.com,Super Micro Computer options traders go big on calls ahead of earnings (SMCI:NASDAQ),https://news.google.com/rss/articles/CBMirAFBVV95cUxOWVZRU0pBRk82UGZPQjBKZEVFVFBDekctTWs0WFIyTVJUMVVDWUF3bjB5cU9jSzdZMVBwMnN0UUtWc2RUcnp3TkU2WFpnZ3BWZTVGTm5RSEpzb0FwSGZsRU9nbjI1Wko5V0RSSTVYdS1vQzFrWEo5a2Z5a0xwRlZGbDRJT3pxUHhuUVRPSlpvZklZYnJFR3dQNlRHY1JZcDdtVDJmV0hCbEtUeHo1?oc=5
2026-08-10 03:00,The Motley Fool,fool.com,"Super Micro Already Told Us Its Revenue, Its Margins, and Its Orders. Tuesday's Report Has One Number Left.",https://news.google.com/rss/articles/CBMimAFBVV95cUxPZTJOaUktbDFxaG55am1GUlZ4QXd4eFVUa0V6VjZsVi1wSkRsVzhDUU9EdFJSS093YU0wNFMxVHotajFlT3JYQnpSazFHV2pGbjl2RVN1Vm1jZXFfaTJDWG5uTFNHRzlDcVlfSnZNQ2ZtTHRUWllmUGpKZmNCRC10ajgwSVJFTDFLYjFncS1tUXJrQjZUMnhPSA?oc=5
2026-08-10 03:00,Yahoo Finance,finance.yahoo.com,Super Micro Computer Continues Its 3-Month Fall: One Wall Street Bull’s Thesis Predicts 55% Upside From Here,https://news.google.com/rss/articles/CBMingFBVV95cUxOdTJmQ3pfTEJzY2k2V2xKQjM0NnZUWDRZVzBER1NVcUNCc0RaRmFVQnUxQlpaclZKSzExZHZiZmszTEVYVUw5bGM4RDYzNnlWMk0ydnFvTWprSGozWUxfUVpvTGc0YzI5aERQYmNETGh3YlhUaHl0NHpRdE1OTW11T2NVNjFJQTg3ZGdZUDJOMXFoSkoycmZOekdmMVdBdw?oc=5
2026-08-10 03:00,Yahoo Finance,finance.yahoo.com,Super Micro Faces a $60 Billion Earnings Test,https://news.google.com/rss/articles/CBMimAFBVV95cUxNbUdybGtfOHE5ZTFfeG1iVUxaWjRpUU42djNNXzk2dmRKcVRRSndsaXdkWHdLNzdtU3YtNGl1NExKUWwwRU5CX2tlcF9Ra3QydjE2NW1tbXNkMGk1YzFhcUY4NTBhSTZoNDRHZy1CMVpvLWRtR05hanlxbjlBRGJFN3VBZTI3Z1N0WFpROEh0c3NCbE5IM3hFbw?oc=5
2026-08-10 03:00,Yahoo Finance,finance.yahoo.com,"Super Micro Rises 4% Ahead of Earnings; HPE Gains 4%, Dell Climbs 3% as AI Server Stocks Advance",https://news.google.com/rss/articles/CBMilAFBVV95cUxPQmtQMjJIT1F3YWhBRjZ6MFFGZW96MGlzTEJWN0l3ZWpkUWppcnhJVlpzb3lIOGhJRnAtZnJMYzdFM0lROXJZbTY2b3prTHhqeXFpNFo4N0R5cGp2d1NBTWVGVHM1UTJYLTViaWRTYXh2dlhiX0tob1RtaDRWeG82QmdmQWs3NjNoX01BeWxaaEpwWU8t?oc=5
2026-08-10 03:00,Yahoo Finance,finance.yahoo.com,What Does Super Micro Computer (SMCI) Winning A Gigawatt AI Data Center Mean?,https://news.google.com/rss/articles/CBMimgFBVV95cUxNbTY2MGhfZDQyOGtYQjJMb3oxRnIzVy1UTjhiclA5TEpZai0yV2R1Q1o5YndXVVF1UnhxYWtsSTFHNXY3eHd2QkhOUVpQMUdGOEQ3blc4aURBTXpLTElKejR5Y0Q1aFF6UnZ1NlB1RDJQcXlRbXpMemxCZmktSk14QnVJS2xTaHU4NGhSVHI1YUZvSUpHTzVhMHpB?oc=5
2026-08-11 03:00,Benzinga,benzinga.com,Super Micro Computer Earnings Are Imminent; These Most Accurate Analysts Revise Forecasts Ahead Of Earnings Call,https://news.google.com/rss/articles/CBMilwJBVV95cUxOZ3RFQlkzZVlLaDljb09LNnlzaDBsSWJwN1RIX3BFY2hxVkxmclMxV3FHdTRLZkNBQmZua0p0dTRBcng3Smt3dXR5NlozNnRrSUNjYjhzRXJQYWxrSXdZTl8yVFVsQ0xzZmZ4MzdBeVVlRTFaTXhQamhhb3NKa0pYWjBTbDM4SUw4N2dMVnRSaU5obFdjQXZJaVVtQXRKUHNkMlB0eDZVdWlCVDJFVnVyTWVsRUlwc3ZNemdubVljWVo1VE5HWkxFbkNkM3ZzdGFaamxVcWh6c2FxVnlHQUJHTjRwVE1Zc2d2ZlpncTZvNGZNT2xjQ2EyQmxWbG5VdDktRVBwbUhOQWJMTTd1N1UzMU5GU01maTA?oc=5
2026-08-11 03:00,Benzinga,benzinga.com,What's Going On With Super Micro Stock Today?,https://news.google.com/rss/articles/CBMipwFBVV95cUxOWjZpLXREQXJqVzRGTUFtVFd1NkJIWWk3WndfNEt1SXlRRmRleVh1Y0V2Vm5zU2g2NHJfanMtLUFGOGxMQy1jejhvR19pbWtPT1FtaDUxMTRsR0pHclJmR3Azc0VZYzhDbGpkN3NCcVUzTjVpdE1OVEd6WVFnNmRlREFuY25jbGVFaHVGY2Z5N1ZRbEtQWFlGWGhRZWY3MnByTEpvb2I0bw?oc=5
2026-08-11 03:00,CNBC,cnbc.com,"Stocks making the biggest moves after hours: Super Micro Computer, CoreWeave, H&R Block and more",https://news.google.com/rss/articles/CBMimgFBVV95cUxNdVpBYkpZM2NoX05LMjlLbVFkZFBwTlh3NHdwVEZSWGdwZ1NPbVpnVmhGbldPNHY1ODBuQkdWbk5iQmlHU1g1amJ1cExXSXhZOEFNby0xaWROeEZ3OFh1OXFvMjRMdm42OXRQWUdsdEhpdmFSRzdSWExRelI0bFA5aEtsM2xZTy1XUXhLMzVsZy1aNGc5Y1VPSnF3?oc=5
2026-08-11 03:00,CNBC,cnbc.com,Super Micro Computer shares pop more than 10% on Q1 EPS guidance,https://news.google.com/rss/articles/CBMitAFBVV95cUxONWhWV293UTVydl9yVGpEUDNrYzFIT1QzVjFnRWZ3RjRmUThEanBsY3BYLWxlaU5SMjVsWU1CbUlLNlpDRkpvOUwwaW1nUjhFMUlxY2paN25SOGxteEdsSUZna2wwZWR2eTAxSFlKdTNBZXJrMjVTbl9xeTRDdkFweHAwclQyeFJ6Ti1sbEFWUGFaTExVX2ZMbTBKYy1sdzhKb0R2Y0FpblNHQ1VvbktlTElWaFE?oc=5
2026-08-11 03:00,Investing.com,investing.com,"CRWV, LITE, SMCI: Which earnings is most important to watch tonight?",https://news.google.com/rss/articles/CBMixAFBVV95cUxQQ3NVWlpDVEJ2OWluRG9MWGZKTmkxR1FiVzVEUENhZjY2cU9YaDJzSmpLejR1X2N0S05wYVVPakZuMThiZF81UFJ5ZzI2cmloSVFFakF6QmI4cXRHUXh0TnZFSjJTN3BQV2tHQnQwRzl6WG5GSWhKR2M2bTAtRlhpeGpoMm9mcW1YUUwtZXRNVkNEVFJseGg3azBXYjVJOWNFcEZJWkdxUEpGRGxja2d5YlVqR1QwMWJxbGZ4QlhsdVp2RFh6?oc=5
2026-08-11 03:00,Investing.com,investing.com,"Super Micro Computer earnings beat by $0.99, revenue fell short of estimates",https://news.google.com/rss/articles/CBMivgFBVV95cUxNZjg4bE5VdG9NTzRkQWhVaUg3U3VEMXlfV24tbDJYWkYxNV96WmtvSFU1Y044XzRJQjdCMHl6c2RNSUp6NzhkRFJzRUdxZlNvaWhoUWxKUUZ3ZUw5eGxQZlgxSjhtOW14clQ2TGdicm9XSFFWZTFkUTZNeGNDQWN6aXEtdmxWaEc0eXFTcm84Xy00RW0xdUgyVGtJLVc1MnZreUlrTlQ0aUhndGhDbU9wanBoMEp5RmRWcUZVRGpB?oc=5
2026-08-11 03:00,Investing.com,investing.com,Super Micro Computer earnings on deck: Can margins offset revenue miss?,https://news.google.com/rss/articles/CBMivwFBVV95cUxOLW5mZkk4al9GRlNkUUk0QjdhaFdoalRhUjZJcURwR2tQQVY5cjRwWXhpVWM3bHJ3ZkJmejhWTWdjeWEtbXY2d2RYaTdCaUp2aExJbV9zLTNCS0dYTVNTQXVuMnZCaDZPQl9tU2FKMVN5YWkyTEZvZWtyQldIOHduQURDeTgxb1gxMmN5OVk2NTFKYkFTRGQwWWhseVhnVGNMd3FUVl9DaUlON0pFVnJXa1N1UVRnZVF3dzcxc1BRQQ?oc=5
2026-08-11 03:00,MarketWatch,marketwatch.com,"Super Micro’s earnings report brings more good news, and the stock is climbing",https://news.google.com/rss/articles/CBMiuwFBVV95cUxOemhxV0tsaGk1SUh4eFJIeXp2Qzl5OGgxOWs2bzE3R1RGTDFkcHg2eUhheWg4dnJ1YVJRZS1SVEtBZVJRZno4R25VYW5Hb0FCODlHTGtlbHVwMGpERjNOM1U1UUh0UVVYMWZyYUR3Zmg3R0ZjS0ZKaDJaVzhzX0FFTlZaWEJ3SXA4c0xseXRCWGZPbHYxRG8yMlZxaDV0UkgtZTczZnphaWNwRHVBSlkwNW5MeWR3UkRDN0tj?oc=5
2026-08-11 03:00,Reuters,reuters.com,Super Micro forecasts upbeat annual revenue on data center adoption,https://news.google.com/rss/articles/CBMikgFBVV95cUxNemJyeGtwLU1oZUFlRktXdmpLWGc5bEZHcEdBQjVxRUFlY1pueGt1WWYtVXQ2dDRhbldWRUhmSzFmVzRPZlcyVVROQnZFN3dEemRvOGRwcHpldHFJS3ZMR0toUS0xVi1NUnFYbll4WWpHendSU1paWTc2NGJuR09sdXVibzdLTERnSWN1anFKMDJVZw?oc=5
2026-08-11 03:00,Seeking Alpha,seekingalpha.com,Super Micro Computer pops on strong outlook (SMCI:NASDAQ),https://news.google.com/rss/articles/CBMiiAFBVV95cUxPLWlNNDJOc0pxalljbVh1Q1g4SFVGX09fcDJhOGJLcVdJM0l0b25zSktEMWFsZUtWaGV2TldxbVFZODZ0bzlVMTlxX1Ztc1ZVNnR5MGF2X3VUMkVfVVlHRy1UZmp4blU5Z0xQM0RZaDNhWVVHaVh6Y0diWGNpa2d1QmRYRGd3dUVp?oc=5
2026-08-11 03:00,WSJ,wsj.com,Super Micro Computer Fourth-Quarter Profit Surges as Gross Margin Improves,https://news.google.com/rss/articles/CBMitwFBVV95cUxQS1QzSUJOUktfdEhySC1NcUNlZVZ0SEFndEhRT1ItZ2R6Z0JlcTZ3VlJiNUk4N05udUYzdTFTWkFkbE5yNUo5clVLNEk0Qy1JalR6Y1hsX0FOYkt1dFotM1RFMG83WnNOb3dOTDdEZnpEWHpndVkyWTJ0NjNVRzJsY1hMSEF5SVJkRkdrVTdZXzN5cWk3NzZmbGFIOUFtRy0ySnNrbUY4NWJSWDlVSFl0TzVBMFlRMEU?oc=5
2026-08-11 03:00,Yahoo Finance,finance.yahoo.com,SMCI Stock Soars After-Hours — Supermicro’s Q1 And FY27 Revenue Outlook Blasts Past Estimates As AI Spending Marches On,https://news.google.com/rss/articles/CBMinwFBVV95cUxQUjVXUGlaSkRsRUpEVWRoZGhVcUpxRG5KRXJhZzFKYTZqdXlRQ0hpVXZfZkVNdW1QZVdfeFdYRDdKVWxMbXpaZWdESWNmaG5wNkczVVhqWjQ4Uk5kR3Mxby1mSXoyR3lSamNwRTlZeVkyRFRmZTlvZkZrWU9EOVZHWXE3bldCaG9rVHk1c0tvNE5Sd2c5cEgxekNtMnRWTms?oc=5
2026-08-11 03:00,Yahoo Finance,finance.yahoo.com,SUPER MICRO COMPUTER INC (SMCI.MX) Q4 FY2026 earnings call transcript,https://news.google.com/rss/articles/CBMilAFBVV95cUxQOHlUUGhSWWkxRzJLQVAtTjlKVGcxaE9IaEI0dzBlWXAzZHctZ0t5aFpyMTNQbjZiUF9GTENFbEdYbThDVk16ckVRclAwaXlFWkVRNXNiaDVxcEhQV2FBRHpIQk9PbHJQVjJSSFdKdHlDTWJ3UHlOMTNBcm9LY1dBZUF0c0wyM3lxX0ZDdEpwWjRaUVRv?oc=5
2026-08-11 03:00,Yahoo Finance,finance.yahoo.com,"Super Micro (NASDAQ:SMCI) Beats Q2 CY2026 Non-GAAP EPS Estimates, Stock Soars 9.7%",https://news.google.com/rss/articles/CBMimgFBVV95cUxQdUNmZ05YV3RXdHNEN1ZlS1VMTllfaGdVZkdtSjJHYjQ3dXREM0cyYm1fR2dMMGZoeWJZdVBUdlBUaXB5SGM3b1M4eVZYUlA5dlROM194b29fSGZ4dm5RTi1UQVJpVVRLMk5ocGdKZXE0ektFbFpDek52b092SkxWbTNSMkNYNUJKZk5zXy1Qb0owOXBqQlJ4T2JR?oc=5
2026-08-11 03:00,Yahoo Finance,finance.yahoo.com,Super Micro Computer (SMCI) Q4 Earnings and Revenues Top Estimates,https://news.google.com/rss/articles/CBMimAFBVV95cUxOd3llVGJhdDNsY1VieFJMLV9GaTdjc2wzT0pTVjlKTUtZaWFPRkpZWFhUd2FyR1dmZnZmcXEwMEhXWERfQjBMYkhhQy1yWW9MVkF4WW4wODBzT1lpVGtuaG0yRWVROUszT2hmWk52cS1UblBSWnVRbW83RnlDQUpsY1VIZ0pmQXhHTkxReU9Iai0ycDhXZTBWcw?oc=5
2026-08-11 03:00,Yahoo Finance,finance.yahoo.com,"Super Micro Computer Fiscal Q4 Adjusted Earnings, Revenue Rise; Q1 Guidance Set",https://news.google.com/rss/articles/CBMimwFBVV95cUxNNUJpeVVZZGJXVjVWWWJkamJhbFFwV0dGMEl1UmR1VG1QMTVjVHVfRWliSUJOQ01tM2R1ZzFTYTNTVWgxX2UyYjdPYzVUeFZhcWt0SURZSF93MVNsRW5pMkZYSmp0M2Q0c0wzWjJvMUtHV2JfV1R1YnFrMVY0RWJmU21wNXNNaDNFRnBZcldzQlN3cEwxOGMyTWlCUQ?oc=5
2026-08-11 03:00,Yahoo Finance,finance.yahoo.com,Super Micro Computer Q4 Earnings Call Highlights,https://news.google.com/rss/articles/CBMinAFBVV95cUxNVU5sdF9KcDR5N3duZ3NqLUp4N3lJY2toZDhRX1J2akVaSTJvQkxCeGFQV3JpU3JaZEszTU1DQjNsVGZFRWJEcm96djNnVVBSTTZjNmJMSWZVX29XeDJBWUZqOUY3aDg2SUV5SlJka1FVTWpuaFF4UTNJOExRTTB0aFJ6QUczSmNxY2VUczcyaWZlZzBnWGR6RXpZeEo?oc=5
2026-08-11 03:00,Yahoo Finance,finance.yahoo.com,"Supermicro Q4 FY2026 earnings: margins surge, fiscal 2027 guidance tops estimates",https://news.google.com/rss/articles/CBMipAFBVV95cUxNeXdOOUpZLTRmMFo0NGVic3VtbHZnY3c0Tjh6dVR1Uy1wNjFVUk9zRUVKVFhNT3NaQ2VWNU0zN0VncC1LbWtTTEJUOE9rU0tpbUlOZ21zWVFBWlJnelFvdTV3Njh2Qm9jU1NXQmVQX1pWV294WDBVWkpFWVRwbjVtajBLYmkySmNpQzdhNUphU1ZRX09xQVo4OXJwSURLeV9WR1BzZQ?oc=5
2026-08-11 03:00,Yahoo Finance,finance.yahoo.com,"Supermicro reported its fourth quarter results after the bell on Tuesday, topping expectations on earnings but falling short on revenue. Still, an upbeat Q1 forecast sent shares higher by more than 8%. 📈",https://news.google.com/rss/articles/CBMijwFBVV95cUxPMUhVeG1nVzJhX2lLeHlkWTZwRDJwb0Y5Mnh5ZFU0QS1xYkF0ZVlTNl9tUHRBdWZKR1I5Ujh6ZkFLUXFLRVhfcGdRMVFJMlF3UHlNYTEtbG9mRHNZRy1NQkhRajB0cjYwcm1FMEd5VlRKRTlVR1JnOThnQ2ZXZ1NkaHMtaDFCQjVPZkJiSGZiTQ?oc=5
2026-08-11 03:00,Yahoo Finance,uk.finance.yahoo.com,Super Micro Computer surges 9% premarket as annual guidance exceeds forecasts,https://news.google.com/rss/articles/CBMiigFBVV95cUxNNmlZaFhvZDRFQXV5SWFEYlRLNGp5MXh0UXFNdUpkZnk0dWFTbnIyd1Y3NTFnb2dKRkJfclU5Qjk0ZDI3UUJvbDJvdHM3SnIwWFJfRmlSUzNwZFB1bnhYbGEtdFg3bmNPTXNMTXVmWDdYOF9LclREdEJ5WmVQY0FjVThUd0NTempiR1E?oc=5
2026-08-12 03:00,Barron's,barrons.com,Super Micro Stock Surges as Earnings Smash Expectations and Revive AI Hope,https://news.google.com/rss/articles/CBMiiwFBVV95cUxQNXp6ejc3MVlDc2VWNXZSSVVHZy1mUVItX3pJRlhreFdfZWlPOHg3czlZNDJRTTlOUWVQUW5SWlQyWUFuNkgzUVhZcUNvOWFtX05WeG54aHo1NDREVzZsVDlqMERWNFQyMUR2RHN0bzBhZzI3UFkxNGM4dVlUZ0xCWVN5SE9scDdIZGRR?oc=5
2026-08-12 03:00,Benzinga,benzinga.com,"Performance Food Group, Super Micro Computer and 3 Stocks to Watch Heading Into Wednesday",https://news.google.com/rss/articles/CBMi6AFBVV95cUxNb1hPLXdNaElQU0FfUGQzaElNWm0wT3ZvZjYtTGRlcUVHdHBUUmJXU0xUYU5UdkpFZm5rOEV6Q3BNWGZrZGd1OGQ2X3NpTzFCX0h1MjZ5cmRqM3Q2RDhPVmdUOTFrRjE2U1RTbG94anhBcXROaC11czJST1lSOTRmRTlHTERoc0hHVnhMUzQ5M3dwdDVXZDBKTE5UTGQtZmh1SzVNaFJPdWs3Wk92OUtlMWhYZVg3T09WZVRnMzJLbWpqUUtONE5mbEl3VTdLVHBEeUl0dXk0YjBpWDE5MDl4WUxyWXZmakl0?oc=5
2026-08-12 03:00,Benzinga,benzinga.com,These Analysts Boost Their Forecasts On Super Micro Computer Following Upbeat Q4 Earnings,https://news.google.com/rss/articles/CBMi9wFBVV95cUxOT2xsc0RCcEp1Nl9ldEhIdFFUYW1XUTc5eEZERkVST2JTWEo2aHJvenF2R2xQVUVBSFgyWmZJbVpXTUw5SW5VX2Z4c0dJR0EzSDdKQ19QWER0OV9tSTJFUmtvUHVxcS04N1V2cjRwN3UxeWhJcVcza3JydVU2QTZlQTMzVlJoRl9ZamktZWtHVTBMb3hZMlFWaXR1NThBQ0ZpTHBkRkFTRHNDR1k2RTJqbmdHVFJkNEU4ajRsX2FTN1dZZi1CLTFSOUZmcFVBZXdQS2dqVTFSTEZBVllmcEpYZFBHMkZLR3dpbUpTMmRoXzZMbGRHTFJz?oc=5
2026-08-12 03:00,Bloomberg,bloomberg.com,Super Micro Gives Sales Outlook That Tops Rosiest Projection,https://news.google.com/rss/articles/CBMiswFBVV95cUxQTl9hajRCOE8wSzhqcHdtNlRVWHBlZzNjUWJiMEh5ZUJjUkFjYzN2T0ZlcEt3d1ZrRzdVODdEUVNJV0lsVFFLOWt4eUZPclpNUmpTeG5NUkx2NG9PREtiSDlORllBQmxKQ0tNTHRmRnpLaDNkNXA0MlB6WU1HNi1ERnNwOUpkMFl4anJuUXRyRTBKVjd2T09NbF9ISkNabTNFek9HbjJSU3U5VzlQVE0yR2NHcw?oc=5
2026-08-12 03:00,Bloomberg,bloomberg.com,"Watch CoreWeave, Supermicro Lead Tech Stocks Higher on Results | Bloomberg Tech 8/12/2026",https://news.google.com/rss/articles/CBMihgFBVV95cUxOWUx6MW9TRkJoWjZ2TEREb0o2YlZ3Z21sRGZua1Fnd1VGazJLQlRFZnZ1X1RmZTZkZHNpZjAtTkFLUWRieGNRSzdBaVpDMXpKREkwR19pTktPbjdUcy1Oc3hCNHdqai1hZkNrTlV6NkkyQzNYYkVZNmxHc2NsbGFfZUVSOWpEdw?oc=5
2026-08-12 03:00,Bloomberg,bloomberg.com,"Watch Coreweave, Super Micro Computer Earnings Fuel Global Tech Rally | Daybreak Europe 8/12/2026",https://news.google.com/rss/articles/CBMihwFBVV95cUxPd2FTQm9xLVA3aFdySjFIa1BuSnlWTE1RSlVqSVVpZ3ZVdmMtanpaNzBuZWxjRFBtdUdhQ3dERzdoN1pMelVGTUJ1YUowdnZHcDNOZjFZM2NmLUR0TDF0UUU4bnYzMDJoV3hlZ0RCYUlmdDROZVIzMEdBTnM5R25VaDRWaWFqa1k?oc=5
2026-08-12 03:00,CNBC,cnbc.com,"Stocks making the biggest moves premarket: CoreWeave, Super Micro Computer, Nebius, Cava & more",https://news.google.com/rss/articles/CBMimAFBVV95cUxOZE91dkw0MEVnczhDdFFVSGlUc250T0VjSXl1ZHdFeEM2ek9jQmUwLTl6R3REUjhjYVRVbllWTS10WDFLWUhaSUUyVWxIaFpCZEJEVmFiT0liRzN4X3NEdHJrbkt6dmo4dUN1QWJIQmFZUmV1Snc5QWZUQVpXUHFqSE9TTXI3aF9rNnpnZG1RZlBXc25yTnhMZw?oc=5
2026-08-12 03:00,Investing.com,investing.com,Bernstein raises Super Micro Computer stock price target on margin beat,https://news.google.com/rss/articles/CBMiywFBVV95cUxNOW1UdFZqVGZVYWw4cVhsTjE0Rk9zcWYwZWpldGhJa2VKTkxBWXVDaXc4OGpUam5TNVZLUkxUSm5NY1dvaHhaWXluYkl6TUEtb1pKMmRBR1hZSDZQNXM3bDRBdVB1SThZM1ZmZV9wV1NtNmY4THhHR3hfTnpZM1E2VDBvUE9ycHF6aWJ1d3JGVUtRMlpkTk9fNHN2cW90eGRIY1ZHWVF3Njlzd1AteFB0SDI5MHNDcmgyNUI3VXhDWFZkUDFnUzRQeENfSQ?oc=5
2026-08-12 03:00,Investing.com,investing.com,Mizuho raises Super Micro Computer stock price target on orders,https://news.google.com/rss/articles/CBMiwAFBVV95cUxQSXh1dVZFSVM1c0UydHlsOV9zc1MzM3o0TkJyTnJfYWY5dG1rU2JiRGpVcS1ZM0tSZzE3aWhjeTRtNmpEcEs0dGJueWVKMXR4NEFYdnFmeV9nM2RrSEo0ZWNGbUJfV21vVEV5WWFqa0xnUms2MVZETTltQmFuNnNPM2tTdFR2SEZiUS1qZDdQV0ZRTzFURkFDM0VlWHNjb1Q5a3JldEpHMnpJRGZXWVJkX1ZWd3NTZGJxT25wQzZxZDc?oc=5
2026-08-12 03:00,Investing.com,investing.com,Needham reiterates Super Micro Computer stock rating on revenue guidance,https://news.google.com/rss/articles/CBMizAFBVV95cUxNVDVUOFhKU20wRzQzdmNUNjNYQzE3M0FTcFJxSTB2b0llcUR3SkZSbk9lZFU4WnhfdmZtcVVtR3FkcXl3V0lfNTFndlc3M0IwZFN1SFhhUjJfUGZ4VTRtTkJXbnJOZmRqbXhQZWRpc01RNEszSU1sOEJsaXh0NWxnVVBBT0gyS0NDVThXckdIZnNGUDRBZW16dDM5cFluVk1DdWxzVDdYd1lSOVpNWmhkNmp6dmdDeXBkNGFKTkU1WWFSd1lyTm1Oc0N6UGI?oc=5
2026-08-12 03:00,Investing.com,investing.com,Rosenblatt raises Super Micro Computer price target on guidance beat,https://news.google.com/rss/articles/CBMixwFBVV95cUxOblJLUzhDdUFHRkItSzlnSGQyWmlkdVZ6bnVHYlE4bDNiNm9ac19ZYkhtNzIwRGl3blFqZEIyenNqcmV3UzRGMkNXbFVUWE13OWF5cjRJZUlXQjJzMEs3dnQtaHBoMU5QWmRTOWpma3JCRmpBcGZtSGtUc1YwbEJPU3A1UmJVWE1jbmgyWDdxZFhlYlR0ZnhCbDZ1a0V5V2Z1NkR1dXNDS1lFa0JLdjBRU1hsV25wNnhuRGJHVVRlZ3VpbF93WW80?oc=5
2026-08-12 03:00,Investing.com,investing.com,Super Micro Computer earnings analysis: questions answered and next catalysts,https://news.google.com/rss/articles/CBMi1AFBVV95cUxONHpQUGVaanV0dktjTU8tTDY1Mlo4ZUZVNWVXMWJlbXhnZzU5SVZaWXhZQUIwUk9IM1NzcTE0aVJsWXpIUkhnWkFQWVhaMEFzUUZfeE4tUWlzd0hWVWNSdC1HY0NnVEg2a2JsdEhnelRFOHNqVjNicDUyVUtvS1hrZGR0X0YtbWdWSkJTT0ZXelVtUmNfeFJQQmNqejNDcHJCWUJVZzFoR2tZSks3ck95XzY5Snk4Q0Y3WlE0R0x3d05HTHY3UVRRdkRwVHNTZGlmOFNJSA?oc=5
2026-08-12 03:00,Investor's Business Daily,investors.com,Supermicro Soars On Report. Why Nvidia Is Also Rallying.,https://news.google.com/rss/articles/CBMinwFBVV95cUxNOG5FSDJ2TFhyRUxFU2VTWjBFUWFKY04wZnQ0Uy1TVlAyTlBRWTI2VlB0QU90UjVyVWdILVoxTHRjSGMtazZrYS1Sa3p2OFBpVU5JQVhUbDh2RlZOaElEc01tc191dDZXYWwzS1dDcUZSRGlrdHBhSndjSm5sY2ZFdkdQbUNrVVZMZ2trVC1NN3hQaHJjVUhDdkhDa2lyNW8?oc=5
2026-08-12 03:00,Reuters,reuters.com,"CoreWeave, Super Micro surge on signs of sustained AI buildout",https://news.google.com/rss/articles/CBMiogFBVV95cUxQN1NWQ1duSk1Sa2xQVHlVZjFyUUVmUDJleTJkOG9vM05LUjk4aWtsaUZoUTY2eWdWY2ZKcGNjaVd5Z0lULTFMNlBEeDhTWl84Q05vb0kzMjB6RjVtRkNTYmIyRkFOLWhDLWdHU2loU2ZTY0o5TURxTUFpb0hWejN6NG9VNE5RTTFTMmJzTVBYa3Q4RjhCRXpjek9LOTdnV01RRHc?oc=5
2026-08-12 03:00,Seeking Alpha,seekingalpha.com,"Super Micro Computer: A Good Quarter, But The Same Turbulent Margins (NASDAQ:SMCI)",https://news.google.com/rss/articles/CBMiqwFBVV95cUxQNHRIUWg0aDd5MFFLanhrXzVRX1F5M0IzM3FUMkZjdXF1VnV5YmNaSlNHNEZTcnZ4VU9EQ21jeTZtQ01TNUptbzBzNVlTZlUxZ05CX2hJbUNYN09hWUhyeXB3V2lvbG5wSnd5Q18ySF8xLWFaYkNRZEJzcnRIUXE2UzBnWHJfUHBTcnptcDNvZmY5MW05bmpOZzIwd1ZBLUJMcXBsdm1mcjZUV0E?oc=5
2026-08-12 03:00,Seeking Alpha,seekingalpha.com,Super Micro Computer: A Stronger Margin Outlook (NASDAQ:SMCI),https://news.google.com/rss/articles/CBMikAFBVV95cUxOT2VYVGJVM25ScnItcm5RaGMzZ3g5dEszTnlDSldMWDNISF90Rms5dEpwUmdJbDJXSm16a0NDUGxPMlNZaWdPSjlEQmp5aHBHUXVXeTVKVlZBREtMR19wbHlKOHJuQU1xY2JMd2hSRktlRmxsNDlIMDZNMFpZQVFXYk12OUlkaWc2d1dIR20xRWs?oc=5
2026-08-12 03:00,Seeking Alpha,seekingalpha.com,Super Micro Computer: Selling To Someone Other Than The Hyperscalers Finally Paid (SMCI),https://news.google.com/rss/articles/CBMivgFBVV95cUxPeWlNTTFoal9ZQkxoQ2RpT0VOMldaZjZqTUlsOXlSZkg1ZEpaMTdIUGtObkNQVmNjYTV1RmNoeTJReU1WakQxSFBsX0hLcnNoOG1CbmRZODVCcHdFTTBXTGYwZmk4WGxpa1NURHl6N2dCM0F6MUZzSHZJQnIxMWxPbU1ueTRINGV4UDhQSlIySEZ5ak1kdEt6NDRLeWxnMW5weWJhZDkwODJTZVVrZklnMEFCRVpGT3dJdmZHTkNR?oc=5
2026-08-12 03:00,Seeking Alpha,seekingalpha.com,Super Micro Earnings Review: Q4 Results Strengthen The Bull Case (NASDAQ:SMCI),https://news.google.com/rss/articles/CBMiogFBVV95cUxNT0lDakxjNWxfc2lnY2N5QUJ4d3dpUmhFNFp3QmR6OTFZMjRrNDJOY01RV0FldkJUWFNqMjlKYzFXUmY4cnZpdHo3Y2dxcE54Y3dha3F4TDJ3SU5pVTVQTmVER3Z3MzBCVFBiZ0w3cjJtcXVUOWJzM1RmRy1lcVhCQ1dxMm10aDlNbWh4RHZSOEVpWFNJZDB4b3p0ME0yajY3MEE?oc=5
2026-08-12 03:00,The Motley Fool,fool.com,Is Super Micro Stock a No-Brainer Buy After Posting Incredible Q4 Numbers?,https://news.google.com/rss/articles/CBMimAFBVV95cUxNWFpOVnJMN0ozdXhhLWxqV0xkUm9qTmw0bThLdHdDc0JDaW5tVFZTYS1uZ1RsU0stX1NYem0yZERTS0VnTWtQcWxxVjI3ZnViLUFScWVWX21CUjBsaHAtU0trdkFIa1FNalh0WnZQOFZnSlJRTUh5ZE1WMVJDUFNLSTAtdVBxanhGSVEwTkYyWmc3NmpNQ1pHTA?oc=5
2026-08-12 03:00,The Motley Fool,fool.com,Super Micro Guided Fiscal 2027 Revenue $16 Billion Above Wall Street and Missed the Quarter Anyway,https://news.google.com/rss/articles/CBMilwFBVV95cUxNdkZqaWhwd0hUN0NOS2x2ZDRFT08tX2UyZ1h5ZDFZZk95clRFVTcxaThYQjNjWE9fbWxtU2NMTmU0VktzOVdCbTUtLS0wc0xFNm9CRnBFRWF4U3BMYjc0Zk5NaE8zSDNnenFQSkxnRHMzSjQyTE5hc0VwZHYtV2hrZ20wWEhwMVpVRjVNN29sU0R4elhwYktz?oc=5
2026-08-12 03:00,Yahoo Finance,finance.yahoo.com,"AI infrastructure stocks surge after strong earnings from CoreWeave, Supermicro",https://news.google.com/rss/articles/CBMi0AFBVV95cUxONFZLVHp0eGgyWkFkU0dIcTcycXE5RWhfM0JMbHY4OWo2eG5ibk5qM19DYmdWVFhXYjk3MTE4NjYwVmFacVdWanlPeTZVbGxJZWNMQ0VXNlRqdV9halNKVmF5N3R6ZFVOUWEtMVM5cTIwdFUyWEhUelFIaTFOemx0cmg3UnFvVVVfQnVlOVFwRlliX251Tm50Zl90RndQOVF4X2lrMkxsZ3ViMkNsUExJaE5aeWNPRGkyLWJhdXdtTlNfR3IxTGt5RmJyMVJrNllP?oc=5
2026-08-12 03:00,Yahoo Finance,finance.yahoo.com,Dell Stock Rises on AI Boom. Super Micro Forecast Is the Catalyst,https://news.google.com/rss/articles/CBMikwFBVV95cUxPbmR6Ui1qeGNpaktBV1lMdE9ZYzlyYVpQNGRuWW9zM1BlU2RLem85QkxzdkJPN1lNSjdTUDR6Q0dzcWFoejUtTEtrX1Jnckoxc3Y1ZnFIYzlocHVaeFNIWTRYek14QzR2dTVfQ2N0M0FWQkFGMDNuY0h0R0V1aWJVQXVhRnBDUmFNdElEWFdVWUZkNnc?oc=5
2026-08-12 03:00,Yahoo Finance,finance.yahoo.com,Intel Did Much Worse Than Super Micro Computer But Both Got Punished,https://news.google.com/rss/articles/CBMilgFBVV95cUxNNWZTazU3STllbmg1Z2Y0Z2NEQ1pXczNIcnkyNm82MnI5a1Q2WXRCT0RmT2J5czBYbFl5djIwRjJUaTF5MTBjX1luakozdkFYQy01X3hfYmJ3LWZCLUwwWkQtZ0pOUXJ4a0RndXEzcnlOaGVkTkg0WTdJblRVam9NamhRNFZreXIzVnlUeEZCVFduTVp5MGc?oc=5
2026-08-12 03:00,Yahoo Finance,finance.yahoo.com,"Oracle vs SMCI: Two AI Buildout Bets, One Big Catch",https://news.google.com/rss/articles/CBMijgFBVV95cUxQZjhwYW5TN1Z2Y0dxU1ZlZlRRR0p5SmJ3SmpGR2NVMXkzRVVVbUdSRXM4Y3YxNlJmYk5vaUdJeGViRjJJZUNFTW1pSEdPdFVfMFZzYlExY0RtMllzZTJKWkVSTEtlS3FqY2w0Uk81ZUlld1FGMDc3YVhWWHNtdEJjR3N2RlBzSDRodlBrVENn?oc=5
2026-08-12 03:00,Yahoo Finance,finance.yahoo.com,SMCI Q4 Earnings Call Highlights Margin Mix and Record Backlog,https://news.google.com/rss/articles/CBMingFBVV95cUxPcXFYOHlWbkNTTEpJaVNqTnBfbXFPM1ZheVBWTHFiUzh4R1hkSGhqZmZSeHpmNWE1TjFzcEJtai1QN2tSYkowTTVmdmJUZUdTU3ZFSjB6UU5qWWU0WjVkeDB3eE1jdW9FQXg2ZXRaZWJFVkJoM0xiOXpFeDJEQ2laUDlYeW1LbFQ1RzR1c3laTVc5YkxfbFJNYjBGWjBaUQ?oc=5
2026-08-12 03:00,Yahoo Finance,finance.yahoo.com,"Super Micro Computer Q4 Earnings Beat Estimates, Revenues Rise Y/Y",https://news.google.com/rss/articles/CBMingFBVV95cUxNLXFDaU80U29ZY1V6dkFsWHhCallhcFVQSGYzUld3OFVGY3NZUkpBdjBaSUJzVWxmTjJmUFFZcmJVeXA3U1RnSjIxTk1BQ2kxdGNfZ0VxcGpMME5iQzNwSWthdTFZZ2ZaVlNxM0tIOFhVbDRBQjVBRGJnVWhkWnhfWnNidmYxOXFEM1p5T3NSRFRucS12RVpBZllmTEVlUQ?oc=5
2026-08-12 03:00,Yahoo Finance,finance.yahoo.com,Super Micro Computer shares surge after earnings beat and strong 2027 outlook,https://news.google.com/rss/articles/CBMinwFBVV95cUxQRUdaYU02cUtseHBCbmZrczdvRmRMMDRITlhmSnpSeEl5WEdhZDE4WUJsTHJSYTIyYzF4ckJoRy1DUm43WWJ5VEdJT1BlVzE5UExZeUNyamVURy1hcjN1OHhQbmZPSjZPR2owTzhFWjRLLUZOTFl1UWtQbzgwMkpVRXkwQnhDTnkybFJJaGY2Q1MtMU5sZy1ldDBxaXF6VnM?oc=5
2026-08-12 03:00,Yahoo Finance,finance.yahoo.com,"Super Micro Computer, Inc. Q4 2026 Earnings Call Summary",https://news.google.com/rss/articles/CBMilwFBVV95cUxPZ2FKY3hRd0U2NmRsZm1mMkt4RTJRNWhucWhuWEtWamlqb2xjb0dHNUdrSV9TQzljSDU4RHNIVzE3YndvdzdHQ1FKZ2N3MEhLc3pPV2tSQzloSVFoS3F5QzZmeXdkRGJ0VmpkOWwyZGcxT2FZRXg0U1hMaURrZXI0WlZWMmo5MXJKeFR5VjBYdk5YY3J3MFE4?oc=5
2026-08-12 03:00,Yahoo Finance,finance.yahoo.com,Super Micro Jumps 9% on $72 Billion Revenue Target,https://news.google.com/rss/articles/CBMikAFBVV95cUxNcXpkNGkxWWpiRmZrS0VBZHA4OXpuVGZncDkxS3JxWkNPeGRxcDV0d0c2XzJtcUR0TXI1Ynctd2JXbE1RS2F4WEFNT295SE02OF9ZXzU2YTRyZ3VCcHBWY1NHbzVWdW45Ul9CWWg2bmZaa0ZmTkhpRUg0Y3RkZ2Q2ZnVTOFhPN3RONjRNS2JnZ2k?oc=5
2026-08-12 03:00,Yahoo Finance,finance.yahoo.com,Super Micro Stock Jumps 13.6% on Stunning $72 Billion Outlook,https://news.google.com/rss/articles/CBMilgFBVV95cUxQTnEwUWllZUJwNDJZRFpBbE9fbkZmellrS20wZWd1TFpZdDhfekkxblRrUzJaM1lNZUFuLXFiQXFyZlNTcXB6amNoWDcxTEJQazRwTU00VG5TbF82T1h2OGxPbEhvdEN4Z2JFLTVlM19RYmhMUFIwa25qQ0tBZS1QZ0l1Ry0ybVlxWm9UR1RNa0F5MkQ0Z1E?oc=5
2026-08-12 03:00,Yahoo Finance,finance.yahoo.com,"Supermicro stock jumps on Q4 results, strong Q1 outlook",https://news.google.com/rss/articles/CBMitAFBVV95cUxPaFpVUFEybjgzN0ZKdEs2cTc5RTRDNFBQYVZyYXlDNlk2NlVCUi1HODBTRzdtaFotcFVETUtRVTR3dUcycjdIN0tCdDRRdnlXa08tZHFqZHZQakVqOE9UVjJETzdkTGZpNmp0Sk40TUQwcEEtWFZtWVFkb05CclRWSzl5cmpZcjFnZ2l4NnZLVjM2bGJjYVlldzJhVGJoV1ZLRGZBa29ZN2NFeDBYVVMxWlFWcXM?oc=5
2026-08-12 03:00,Yahoo Finance,finance.yahoo.com,"The Zacks Analyst Blog Highlights Dell Technologies, Super Micro Computer, Hewlett Packard and HP",https://news.google.com/rss/articles/CBMioAFBVV95cUxQNXp3RllsTWVJQm13TmtDQTlsb1lVSXBPbGtVT3R6OGR5SjlKR0Z5emdWWFVLQTBUSzk0Q3V5OVNjOUJpcXNSa3RRLVRYQ2pZTHdWZ3dqQkU1M1RxeUlybVdhbDYxeWh2d0xvczhFTUh6MGdrUEtDR0xWcWxHcm02UktkemFDWWRfYVNJQ0N4VHJCenZIVFdmNVBBa2liT0tI?oc=5
2026-08-14 03:00,Seeking Alpha,seekingalpha.com,Super Micro: Market's High Pessimism Suggests Bottom Is In (NASDAQ:SMCI),https://news.google.com/rss/articles/CBMingFBVV95cUxOYmNPOVB1bm96M1VhV0NlYlRuSG0xaHVnY2tGOGgtekpiamRhTjJNOWdPd0F5d3p3cXAzWEZxU3duam0wQWx1b19tOFlwd2sxR0xncmprSGVnLVBMeWVkUnlJdm5hTVg2RTZSUDF0WDgxQTA0aXZkbkVUeGVRTXJSNEY3Vjd6Z1ZwS0FlOExJeWxwWmJQTVNBUVpxQ3ltQQ?oc=5
2026-08-14 03:00,Yahoo Finance,finance.yahoo.com,Super Micro Computer (SMCI) Stock Gets Fair Value Boost After Analysts Lift Targets,https://news.google.com/rss/articles/CBMinAFBVV95cUxQSHZFbldlcHFOalAxRmpJcFJtMUg5eXpfNGhIcVdZM3pZSmVQR3NxTFdSQjhNTW1BV2otVnlBdUg3Tm1sbE9KbWxERWlIMHM0ZU14MkdFV2IwajhONlJ2d1R6aHRtUzBQcjBLZzQ1VmFCUVd4cXN4REJSb09lVm1wUFc2MWZLS2JSTXQ3NlFEOURaWkhxZGtvUFd5VnM?oc=5
2026-08-15 03:00,The Motley Fool,fool.com,Super Micro Computer Stock is Soaring!,https://news.google.com/rss/articles/CBMihwFBVV95cUxNczNWU2plLUdRQjJ0RjVvTU9MN2FXQk1JRjFJcmZYQUR5RmxvU21zXzk0ckU2THFXcmZFWVd1TG1fUUdmUzFIMF9xZFJiQmYtNGkxS2RIVzFhM1lOVjRqalFiT21DYWNhaFYzUE5YLUJhUlJTdWpHN21qR2ItT1pxak5sRlVDR28?oc=5
2026-08-17 03:00,Seeking Alpha,seekingalpha.com,Super Micro: A Massive Safety Margin Is Priced In,https://news.google.com/rss/articles/CBMikwFBVV95cUxNb05OelM2NmJMbEE5R2lTREQ2aXdmSmlrak9mSnc5Z0p1aDI4N280TU84TTl4MEJmc01lTS1SMnY4RGwyejlVNjlicW5udC0ySVpXM2NRclpXQWtoZXVCVUY2aG9mYlo0SFpnQkQwME5JUFB6UlJ6VEJUV2ZaVjRyMGRwck0yTE9vS2toVEpHWUpEVzA?oc=5
2026-08-17 03:00,Yahoo Finance,finance.yahoo.com,AI Infrastructure Boom: Who Should Buy Vertiv and Who Should Buy Super Micro Computer,https://news.google.com/rss/articles/CBMingFBVV95cUxPcGxBcHRqOEJmRF9PeV9xbk5jSkQyRUlCUFd6Q3JfTUd6RTFzTFpqRFdBWU1pOFlSamhXYmJQRzZ6c2lNQzBBcXpzeWR3dTV4a2p4bHhXMVhTQ0locGRsaDRoQ0V6bHRqOGk3RGR0NTdLZVgxNFZWTUw5SEhVbXNLMGVILUNlNGxzMXBub25nblpSejdJeXRBVTQ3czdudw?oc=5
2026-08-17 03:00,Yahoo Finance,finance.yahoo.com,SMCI Surges 67% in a Month: Time to Hold or Fold the Stock?,https://news.google.com/rss/articles/CBMilAFBVV95cUxQaFpNZUJKdUc2eFRLYWo5Tm9saUwtcTR4QlZTZVJ1dThra3pETDdfSVJaLTFmWTdfTGY3aXlkTmN6bXlMOFhXSmtZai15VDBkbXhOemR3MFVwREZYMUczMVY1M19peG9ldG1fMnNRdlJ0SkJFckNtOXVhVVp2V0JzbGZCXzdGN3lWc1JEUndyT0NLOFVv?oc=5
2026-08-17 03:00,Yahoo Finance,finance.yahoo.com,"Super Micro Computer Pulls Back 4%, Dell Falls 3% as DDR5 Patent Fight Hits AI Server Makers",https://news.google.com/rss/articles/CBMinAFBVV95cUxNdjFvc0VHTzB4VzVGbzdLU0hVWHFobjhwdy1HbUlZZXdCZnlNaFd0Y0xyVTZ1VDNLRC1ubnE0S3ZGZnJSVTBBRU8xYnVEbm0zZzJ2RFB5Z0VSNVh5b2lFazBQZXFUdFA3UHhEV2JzMU1KRVBfY0xSdldMOURGelBocS13MHlFR2RGY1dBeTktaWwyM0NUcldoN1hxSFA?oc=5
2026-08-18 03:00,Seeking Alpha,seekingalpha.com,"Netlist: Samsung Bends The Knee, Micron, Alphabet And Super Micro Computer Could Be Next",https://news.google.com/rss/articles/CBMixAFBVV95cUxPaFZzaC01LWlEY3AwYXpoRzZwdVZra2pPM1F1WGJObGdVWWlPV2sxc1VTQVY1RnhSWkhmczVsQmU5aHVwdmRFSHJiank3cnBqQXZvd2ViQ1NPb0lKTWR5UFU4OVVIRjJZaEM2OGY2NXAxd2pSRl9zaGRKY1JTMHR5eUlkQnJkOVl1UmlHVmNyZXJKSjc0ODYxMXVpOF83Y2dRY1QwSG93N3VPQ1MwOUswYzYwSFlkZXZtTmloUHdmYm1iNjZJ?oc=5
2026-08-18 03:00,Yahoo Finance,finance.yahoo.com,NVT vs. SMCI: Which Data Center Infrastructure Stock is a Better Buy?,https://news.google.com/rss/articles/CBMikgFBVV95cUxNSzBHb0lTblAzYi1jRmthZlV5NGV0YUV5YjJFSHJockJaaUNibFMtOXl5OEljM0dYekpHUDUzZzFJZjBBRU43LW1EN0IzdjZXOEtndXl3Q1FYSXZsbk9aeHE0SGxEbXpXQnllbzlkQU1kUmswRFMyLU9JSEhkbHBRQUxGbnRQTGRSTDhpaktSVnBrZw?oc=5
2026-08-18 03:00,Yahoo Finance,finance.yahoo.com,Super Micro’s Q2 Earnings Call: Our Top 5 Analyst Questions,https://news.google.com/rss/articles/CBMimAFBVV95cUxPamE1Yno4OWpOQm9CaDZ0T1ltZi1nT21fU1NXclZVMW1FVnB6Qzl0eHVmREI3SWJTTElOU0NKWjZ2UXhobS1jSWQxeHlQS1FfcVlVTGE1eDhLeEo5Q1JibFVBX1llbkxGdFFhYW1fdnJGZkx6NEFwNGpjekpCeFFIN3drRHJLWUV2V2JvMmE0TmZsalM4OHpVYg?oc=5
2026-08-20 03:00,Fortune,fortune.com,Supermicro investigation clears CEO in $2.5 billion alleged smuggling scheme,https://news.google.com/rss/articles/CBMigwFBVV95cUxOWno3ek1XdzdLa3J3bzVRU1VrcVNDZjcxSlpYWWI2T2F3TkZYS0J3NXJwckVzTkw1bHZFbzdBb2VHVk5QVURnTlExTzJLdjdxdEZFVEQxQnoyOXNfU1Z5RkhEMDhCTnlEZ01TLXppeEpCTjFzMkNnQ3B1TDVwdFFEZXgxYw?oc=5
2026-08-20 03:00,Seeking Alpha,seekingalpha.com,Super Micro Computer: A Strong Quarter Doesn't Fix What Broke The Stock (NASDAQ:SMCI),https://news.google.com/rss/articles/CBMirwFBVV95cUxORkNqSGJ0RXBBeEJFOGhzRU9sNG5aeHZGS0ZCajhTeENLQUJnTVdNM0xRMzVRQmljVzdKb1luYmh2ZmR1LXIzcUV3VVZTYXpiZTluVjB1QU91a2pZcWZEcHhxR3AtWGR4bUpack55ZlFacms0V2lmTlVENml0TWlOY0JkSzFNUVRHUEFCUGVmMzhwM0JyVTZHbF9NcmhkdjVMMXJyWXFoODZsblhCc3Fz?oc=5
2026-08-20 03:00,Seeking Alpha,seekingalpha.com,Super Micro completes fraud investigation; senior management unaware of scheme (SMCI:NASDAQ),https://news.google.com/rss/articles/CBMivgFBVV95cUxPbXM4RmVGeG9FMGZ0d2hQTFFwV0YxR0pURHp0Z19DRlc1WTE1ZXpPUjJ5ZFMxOG1CM2xnWVdORGhFTUE0VHFRZ2ZYQS1OLWlPREFwQVlKSllMTlc5OUUtMEcySTBBT0RycmJzMzV0NGFhYlhFMklKeWxVUy00MHZHXzhNRmpNQTFOMnZENzFjUko0ZDBwS1VVcVVUVURXV1RGMzFuc19wZFlZSVltV1ZRdjNlbm5ZQ3lONEU0NGpn?oc=5
2026-08-20 03:00,Yahoo Finance,finance.yahoo.com,Is Super Micro Computer (SMCI) Fairly Valued As Legal Risks Cloud Its AI Growth Story?,https://news.google.com/rss/articles/CBMingFBVV95cUxNNm15MEZqWmw0ZExsYzJfb080TDdWSnFMM3lUNzNJalZMRWlqaTNBeDlQemNlMjg4d1hiNEt0czAyWVUxV1d4VFJXcXNRUDR6c204dGctV0R4WUVjQk1WWU5kY1JrZjNJU0htRUpFeGFxOUk0Y2dObHhGTTVYVkJlRWVYdTlzQnE4YTlyc2ZJM25SSEV5bmtvRGxlcVE0dw?oc=5
2026-08-20 03:00,Yahoo Finance,finance.yahoo.com,"SMCI Clears Senior Management In Export Control Investigation, Finds No Evidence Of Wrongdoing",https://news.google.com/rss/articles/CBMiowFBVV95cUxPaGt1UTVtN2pkSEhrUUpEd0ZEOGNEZWl1ZlNPV3gycXRIc1Y2azNDaUFyaXhzMTItVWhiZXNEMHByMnBIXzljT01SYXlRVzJsLUtlZWM5TXBESFBzSDBUaHcyQ2xkc1dPQ2NXeWxaUmhrNjVCaHoxVmQtX3hZWlBydU0wTzdEYUQyekllMXJkNmtvd0lQeERyMWpKeVU5MzdRLWNZ?oc=5
2026-08-20 03:00,Yahoo Finance,finance.yahoo.com,SMCI Stock Alert: What to Know as Super Micro Computer Wraps Investigation,https://news.google.com/rss/articles/CBMilwFBVV95cUxPYTFiSHYwaFU0NmRjc2g2Y3BjMkRZZVVFN040NURLWDRVUTJTcFRURDRPdkZ0ZG0tQ1JUVnRuZWJjZ0dBZkxqV1Flc2xsU3Z2T3l1SUFQMlBrT05iaUtpamRqek0zaU4zYkNHMDZDc2dWbENhUUx3ZmJ3UlRvZi11UURFVVFLWkMwbG45WUxIZkgwYUhiR2Q0?oc=5
2026-08-20 03:00,Yahoo Finance,finance.yahoo.com,Super Micro Computer and Western Digital: Analyzing Recent Revenue Trends and Business Scale,https://news.google.com/rss/articles/CBMiowFBVV95cUxOZ2l5OEk0cTFtMUJyZHdaRTJ3T1Vqa0F2Rl9uSzRhclgyMU45NnZaMjZrU19RTEdpeVRIV2pZS2sxaWVReUtYSGZxNVFVZnBiX2trLUxVeG9EaDFHZEFxODdTenEyXy1Fai1MdTZzT1N6cHZuMEY0Sk44emdDTVNaWHRoWHNZWDBMd0xPMlZJeWJDOHhienY1Q252LTVXN2xmQU5F?oc=5
2026-08-21 03:00,Yahoo Finance,finance.yahoo.com,Earnings Estimates Moving Higher for Super Micro (SMCI): Time to Buy?,https://news.google.com/rss/articles/CBMipgFBVV95cUxOODdlRnlnN2d1Q05DQmZjbHZnU1ZIdUNpaGNya2hHeGg0bzd0bk1SNC1ONmdpSTJKMEJ0bko0ZVRiZDVoZExuLXVfUGpEZkladjVVMGFKYTNPWm9aeXh5WTc1dFFndFpuN2k2UHF4WFFOT2UzVllBSUpuNS11ekk5QnMteDhnVENzbDFhR0xkSzc2eUZvT1BqcGJfVGxQSENqSk5pRTRn?oc=5
2026-08-21 03:00,Yahoo Finance,finance.yahoo.com,"If You Invested $1000 in Super Micro Computer a Decade Ago, This is How Much It'd Be Worth Now",https://news.google.com/rss/articles/CBMioAFBVV95cUxOUGRURzhpOW5XdjVmZDBjNEVwUkJEV0xMdXRjM09sVUVjOWJ2Q2M3d0xxc09hal9RR2dTMGsyQ3laZ245VGJ4dmlIRkwyajRWUmdNeVdkMGRaSEExOWdROTJrenhuamprd0diaHBGMklBc3VROXVwamo0bkRkZWpKUlJ6bmtWOHdRUVQxX0pGZFd0N1BiYnFFUGV4QzlMS0Jf?oc=5
2026-08-24 03:00,Investing.com,in.investing.com,Why is Super Micro Computer stock sliding today? By Investing.com,https://news.google.com/rss/articles/CBMirAFBVV95cUxPVkZWNmdzX05sT2V3Z1V0MWdSdUNUYTRnZXJERFVOUDZUdUs0YVBMVWMyeWNNXzBTeUYwcVpOZXZ2eHU0SGJiN1FwbWI2b1dWZWVnel84SVZhYUpDQWdJZ0xURlpuNnNtNUE1QTNHTHQ4S1o3LTJzZFQ0LU9pNVQwQ1hGaENfa3JoVTdGd3pqT2NHMXU0NHlsRUo3cmZWMmt4ZkJHX3BCRXlFWDY0?oc=5
2026-08-24 03:00,Yahoo Finance,finance.yahoo.com,AI Infrastructure Stocks Surge: How Long Can CoreWeave (CRWV) and Super Micro Computer (SMCI) Keep It Up?,https://news.google.com/rss/articles/CBMioAFBVV95cUxNMUZfLW5aV2FJdEI1UXhiel90a2o4VEtfX1d6MTVKWG1WaXRZcHY1SDVYZjExRFlGVTZaODFMVFI2ZkVZRXF6SlZVUUxVb3d0Z181eDdqaVI0cEs5SUtla1NNRFloOUFOVm4yQV9sODZWa1pUWnhCdTlTaTNqRFY4NHFVbm5pS0ZKbXVVdkdWRzliNlJJUklBV2tweUR6dldS?oc=5
2026-08-24 03:00,Yahoo Finance,finance.yahoo.com,Case Closed: How to Play Super Micro Computer Stock as Smuggling Investigation Ends,https://news.google.com/rss/articles/CBMimAFBVV95cUxOOUxuQ2FKQTFWdFk0YklQRkRmalZrdjhGYzNuTzdrdUlOVUVVZzVhd2NUNnZVY1NoZlFwVjhNblJQNGpfa3pFbWFxWHJnUmNxd2RTRFBZbHlCaHp6VUZBVUc2eGpxVi0zbUtPdnlqTHNKMWVEcENPRmN0cXlHLVExNUFNVlgtbnUwUXVURzNDcXZ2ZTJWakdjaw?oc=5
2026-08-24 03:00,Yahoo Finance,finance.yahoo.com,Super Micro Computer (SMCI)’s Guidance Just Crushed Estimates. Can it Outrun its Legal Troubles?,https://news.google.com/rss/articles/CBMioAFBVV95cUxOaTUxbUlsWDV5bjlNcEt6NmtVYzZxWk9tdVBTN3JLY0x2aE9abVc0ejVRX0xod2xBRzFQbVNyVFhVWGhUSjg1T0JBY050TmRRREJRa3BGd2ZXZldqVG9FLXRpdkw2U2ZBbWFBaXRqSXF4Nm9HY2xnRHR0QTYzdzlGbWJ5ZlFKcWR0YzJsSkdmTTJZeE1SX2VfSGRIdExLS19h?oc=5
2026-08-24 03:00,Yahoo Finance,finance.yahoo.com,Super Micro Computer stock plunges. Why the post-earnings rally is losing steam,https://news.google.com/rss/articles/CBMioAFBVV95cUxQemZQRjllRTMyOWdoRGxOWlhVanc4TS1lbWxCZUdfTkhNSmFWRUZ5cVFVdkxIc2thQlBtZHhPS0x4VkJhZmp4bWlFRWxvZnk1R2lEeXZZbVBiM1ZYdXdYVWF1aVFnMDRXRGZablBJcEpPS0YwMjJObVdLb1U3RzFkelJrb05vbWJWNWswNDZncXJFRzctZ3ZUUDhwdGFJR2Vw?oc=5
2026-08-24 03:00,Yahoo Finance,finance.yahoo.com,Supermicro (SMCI) Stock Looks Cheap Even As AI Demand Stays Strong,https://news.google.com/rss/articles/CBMinwFBVV95cUxOSHlsSDFVTHZvM19UQjVlQ3JkS0owT3VDMGNOMFMyRFV0a2lvWm1jY0VrTExyc1gzQ2xDYWd3UGJRcE9iUnYtSkpWWWJWX2RPU3dhRWFYQktpT0toMGJMaldNR2dzdXJCaURnX1MzMFpOR3o5TUx0UnYySVBMNWJvTl95b2ZLeWtIMkFSeGNqQzcxZURjSzBxWXE4eDgtdms?oc=5
2026-08-24 03:00,Yahoo Finance,finance.yahoo.com,Supermicro's 60% Rally Is Starting to Unwind,https://news.google.com/rss/articles/CBMiowFBVV95cUxNZXhyM0E5ay1IdnI3VURhWVVnNVBDTnZibllDWjd3dUk5bE8xRFR3LU1HMlU0TzBKR1dOcllfSEt4VjB2aWJWZWxZeXJtM1AzeFFmSVRPd0VnSFdxMFpvX1R0N3hFcWpsazhnVnljaGJhWTFmZUpQMmtaZkJoVXpGNWcxMnRycXoycVBieU04cnhNNW5wTFhtWFctS3ktUFNJcElj?oc=5
2026-08-24 03:00,Yahoo Finance,finance.yahoo.com,The Bull Case For Super Micro Computer (SMCI) Could Change Following New Legal And Export-Control Challenges - Learn Why,https://news.google.com/rss/articles/CBMimwFBVV95cUxPelpPSk44SlM2bmZQVVI1RGlHZ1VtWUVzbVdUN29MdUh3dXYwdFFEOGlDN1AtcGhZendyZG5uSDBOR2E2cWJ2QWlKcXo1eFhVUjdtTEo0MC1zd0pacjMwcktKZXJKUWZhd2lPQUp1MnBXZFVSVElncmNZeFFIcXp0VFRPc0FqN2JFaFh0NTF4OVhPd3dGYTZUUWhlcw?oc=5
2026-08-25 03:00,CNBC,cnbc.com,Cramer's lightning round: Buy SpaceX and 'give it to your kids',https://news.google.com/rss/articles/CBMinAFBVV95cUxPTE9nSDlkUTdfSnRMWG1iT203XzFZMlk2Rl9OeFlVeWhSbHR2UDgzeUJBak40SXdydGN1ZlZTMmtBUDBwVmlQWU9HYjB6bmY5dkJrNUY4M0xtZi1MQmRGWUFZQThkRTRYN0hjX3F0VW1KeXVjRDlyRldkbVdtbk9WV3BaZVJMZW05Ql9NdGRpRmJ5ZVFFcWZFR0RyYWfSAaIBQVVfeXFMUDAySTFBMjAyNHBjZDZNZGZMWENjT01mcmFmT2hYNk9fajZ5Mm50OW1CbXZ3c2IyY1lLeC1YWFU5c1J6ZXVuWGo3WDcxVDRyWVhrUHBIcnlZTTJ4ZVNtUmpzMENWb3A3NEZVQVhPVmF5TVlvMEZ1czhIVi1rNVVLbzR6RC1TTlZHelJhQXdjdzYyVjg2NEFDY1BjOFlWQUU2Skp3?oc=5
2026-08-25 03:00,Seeking Alpha,seekingalpha.com,Super Micro Computer: Current Margins Unlikely To Sustain (NASDAQ:SMCI),https://news.google.com/rss/articles/CBMingFBVV95cUxQcGhYUm1DOFlXUThWalZWTlNQVmM3UlZDbkVJcEw3Q3Z6UkVfbnRkSXplT3NONllPdU9CbVRyT3VCODB1MTVwNDkxN2JvbHJGcUxLM0xhTWg1QXp2V0VKd2xtamhELXVOSWxlMWdnX0Z6VE05YVk1VHhuYWZfUG4xN2Y4dXJBS3pYWlVOUXZaejNveVlTd3loUEIxbjIzQQ?oc=5
2026-08-25 03:00,Yahoo Finance,finance.yahoo.com,SMCI's Backlogs are Growing at a Record Pace: What's Ahead?,https://news.google.com/rss/articles/CBMinwFBVV95cUxQUXZDa3VrVF9TTDF1SVFKVk9HdXhVcXhCM3J1UTlsdFlHZzRwVEN3THloZjRUM2tONEJtUHQ3YjFCTjEyNmlfdXJsRGd0MDJiWU12RDNISURrV2lNcHZvSjViN203MTA2VVNkSVE3ZTZ4VEZmUFFYUFBKTV9TdjFDaFJmb1JjMFBnQVRVSnI3LWVjQVdOV3hTaGVHQlYtdEk?oc=5
2026-08-25 03:00,Yahoo Finance,finance.yahoo.com,"Super Micro Surges 8% as Taiwan Indicts Employees but Not the Company, Dell Climbs 4%",https://news.google.com/rss/articles/CBMilwFBVV95cUxNRko2QzRHdmVYQlJUNzF5a0NSVjVCSFVPbUtvRmFrMjNRQWx3dnlablVHRXViRy1oZjQxTXRiWlQ3MXhBS19EUHhUSWcxcHhjdTktS3k2TFFXN19KdkVnWTdaa3V4WWYzd3B2ZnNVbkZFLWZPWnFFV0xkbXRDQWFtY2EtUzdLVDNrQ1FZdkxIWGFyVmwzUHg0?oc=5
2026-08-26 03:00,TheStreet,thestreet.com,Cisco just broke its biggest hardware rule to chase the AI boom,https://news.google.com/rss/articles/CBMijwFBVV95cUxNZURVc1hvem96MWw3bXhaUnowci1QYmY3ZzFGR3RpNjgwU1o5eG1iMzItb3gydkwyNUNHMlo5Zi00NHNLVnlzS1lBZEtLQmh4LWtXaTU3b2I2OG54QkpHcHlUbTI2U0ltZTNzNjlDT1RrVmFnM2J1Nkc2SnY5QzFzNy1VUVJtaGdjdHpoVU9qNA?oc=5
2026-08-26 03:00,Yahoo Finance,finance.yahoo.com,Prediction: SMCI Stock Will Hit $60 on This Date,https://news.google.com/rss/articles/CBMimAFBVV95cUxPZWkyaUV5MFF2Z0hFOWw1LTNEVGhyNmViMXZsNm1LMVB1QXdoN1BJMnB5bWtnSmVjWkFITTNPRy1qdUw4TmNiRzFPbVhFQzNSVWZCaG9DeGdtYkZtWGxZZUpzSml3eDFkc0RhU0hzNTZsX2hrZ3V3WDg5aDNfY3BSUlpwXzdMTzhDNnV0TEtZX0pMVUdEcHJoLQ?oc=5
2026-08-26 03:00,Yahoo Finance,finance.yahoo.com,What Could Super Micro Computer (SMCI) Gain From This AI Infrastructure Partnership?,https://news.google.com/rss/articles/CBMimwFBVV95cUxNMnl4WVFBc3Nlc2tPM1JVbEpBM2JQdmV1ZFptQ0pWcS13X19xNXcxckFhTmx4dzFIcHRwVEI5eVBUdlVJOHRlS1haMm1sakNxWWtnZDRuNFVmenQtNV9VZHhqaEdWeF8zbk9yWHJnNWxacjdTVlQ5dXBUUl9MT1cwWmJfTjJ4WHlZVUlVWEVmdGk2cGpYZ2I4dHZfbw?oc=5
2026-08-26 03:00,Yahoo Finance,finance.yahoo.com,"Zacks.com featured highlights Super Micro Computer, State Street and Pinnacle West Capital",https://news.google.com/rss/articles/CBMiogFBVV95cUxNempPcGViaTF5bk5yRE9xQkpSaW5jUWFib3VFNzBzel9mMF9BSDVrdjhZeUxscGxyNzVrVVRmS0hLaWxyWTVRMnl5ZkdkV2tfMDJVbTRfTzBWOWlwMUxpLU4wVktCUVJyeGRueXZDaGxxMnlIUHEtckFneHExWS1FaDlYVmR6NDRrQXRENlY3aGt5N2xTQ0NUdGVFeWpvSTFwdlE?oc=5
2026-08-27 03:00,Seeking Alpha,seekingalpha.com,Super Micro Computer: A Buy With A Cash Flow Problem,https://news.google.com/rss/articles/CBMilwFBVV95cUxNZjBTd3hXVjJ2cXNfRl9PRFE1eWVPWUdoVklIRk5RYlB0ZXplNGVyTU9wdHUzSzBoeTczYjZNNm56YkdLS0lPNklLN1FWWDFreC12bVFvNXB0a0ZDYXBsdHJsaElmYXNvTGF0X2c0TjNWR1NUalFxMU1reTcxSy1UWEtkeDZyUVZFMkxzdXNyQm1QOWh6QXB3?oc=5
2026-08-27 03:00,Yahoo Finance,finance.yahoo.com,Super Micro Stock And 2 AI Infrastructure Names Trading Below Fair Value,https://news.google.com/rss/articles/CBMikAFBVV95cUxQb2p6WFNSaDU2ZW9WRF85VXBzT1dlbFlMSHJuT0ZTbWdDVmpIUkxBaG0zUmFnaExxejllbGFiMHN5b08wdEREZUpiZmtRemRJeVZwTXZ0Z0dPX3cyQWUwTlEtSC1FLTJsRGMyS3FqNHZYazVSckk3RlZmRHdObVFBRXVxUEJSZ0JBR2s4cG4wVDI?oc=5
2026-08-28 03:00,Yahoo Finance,finance.yahoo.com,"Zacks Industry Outlook Western Digital, Sandisk and Super Micro Computer",https://news.google.com/rss/articles/CBMipgFBVV95cUxPX2ZwMThrNWhIeVdpWjBoZkdDR1FWaG9oUFNxSkgxSm9vTG56Zy1fOWNLa0pIT2RYelVCazlPNDhfbU5qM3RVdjFYbGJEWVBFTE0xLTNpNEVoUWg2MWl3aFprVkdiSTJxdENwRGpSTnVJX25zOEI0N2NoX2tGWHF6UEo5OFNFcGlzc2s2SFpEYTluYks5VjY3eVFqSzN0dmcwdVNYRmRn?oc=5
2026-08-31 03:00,Yahoo Finance,finance.yahoo.com,Cisco and Supermicro Are Joining Forces in the AI Data Center Boom. How to Play Their Stocks Now.,https://news.google.com/rss/articles/CBMinwFBVV95cUxNWllfYktaM3pNY2ZVSWFzd013NDROMDNIMXdfamE0MzhyY2NnTWktMGFETm9OZXZyamtwSVItR0EyaWZFaUtWb2IxN0lpZ3lMQ1VBR3c1ZGhLNFRrdnN4cEJTRnVZTEFfdWJmTUsyeFJNVFpxdk94Unlhc2J1V0J4WFBzNTNWbFhpNHZlNVFpckI0NDdWaVdiM1pZTVA2cjA?oc=5
2026-08-31 03:00,Yahoo Finance,finance.yahoo.com,Should You Buy Super Micro Computer (SMCI) After Golden Cross?,https://news.google.com/rss/articles/CBMimgFBVV95cUxQRHFNYXhIWDNIdkNIVnNLakZrMHJyQWdxdDZXZDcxZDlscW03TTJDT2JvbGRLYks0aGljenlMWWdQeEJPVmlEWGFCTVZMZXdmTFJxNU13RzVIRkVaaXBvYzVTYXVjcUkzb2NtcTlSdjh1WGVuU0ttalBobVI1ODlUNlc3d1FwSFFtdlZ1UXhOaWlwUjBnaGpZRXN3?oc=5
2026-09-01 03:00,Yahoo Finance,finance.yahoo.com,Bull of the Day: Super Micro Computer (SMCI),https://news.google.com/rss/articles/CBMimgFBVV95cUxQelF4bVF1VVkzcHNVZEFibUhWZmZqaWtjMk54ejNYWnpBa3NaLVJTTG84OWhNdjVjcU0wOEF3YUFqcjBobmlFTHYzQnpfNEEycHZIeW92b0dRZ2RYZjdiX2xvUTFSUnZLMXpYZFJTQ05GVDJXdEZvLTE3bmpzUzdSNjN5RUxjUDd4akpmS1JyamFVYzBDRnJwd1NR?oc=5
2026-09-01 03:00,Yahoo Finance,finance.yahoo.com,"DELL, HPE Stocks Draw Focus Ahead Of Earnings This Week — And SMCI Bulls Are Watching Closely",https://news.google.com/rss/articles/CBMilgFBVV95cUxQZlQ3bjNFbEZqZFBubXZpN1JleHZMREpGc3FiVDRGVU1abzV4MlVSQzhmV0RQdWM3UnJieENIa0pQSUJBUV9LM3NLNElkaFNoRE9vYksxT1JYRUlaYldmdEJXd3JRa2dhQkRNZmdPQVF6Vmd1bkEySjNyc1hyc0hiVUoxS3hSV3FBT1JOX1NEWFVXNl96Snc?oc=5
2026-09-01 03:00,Yahoo Finance,finance.yahoo.com,Super Micro Computer and Albertsons Companies have been highlighted as Zacks Bull and Bear of the Day,https://news.google.com/rss/articles/CBMiqgFBVV95cUxNQ0xXay1QU0h6NVVnV3ZTNVF6dEtlTTl6YW1wMEJ3cHB4TVItQnkwcUlUQXU2dGxKZmVWaFZoWkQ0R0N1U1dnRlJEV25mUWUxMnk2MkpQN0dRYjNUM3RWM3U1TGhpeHlldElsdEhLdjZJVU5SV3ZWWFprUkU3azFiMkRGbURlVnhmZGtBNU1kVFkwQ2ZzcjY1bU9RUTAwcG00V2drNnNmOU9sQQ?oc=5
2026-09-01 03:00,Yahoo Finance,finance.yahoo.com,"Zacks Investment Ideas feature highlights: Dell, Nvidia, Hewlett Packard, Super Micro Computer and Lenovo",https://news.google.com/rss/articles/CBMiqgFBVV95cUxQSnhFV3Y1QzJzRjVDVmZ0cGtmNHJpU19xQ0ltUUhSVWMxMnpYeTFtSEpoZTl5UlFyX2E2aUZFWFZtZEFaWUxDSWVYLVZiVDhXTkJTeGNyTmpXNEd3SDRKYnVLN2p5UGdNd0pKaEV0WU5nQV9TX09wWlZmR05peS1qcDZTT2NGNGZSamw0RnpDM3pNV1lfMWJJVVMyaTJPNTNBb0MzN21ZcEhJUQ?oc=5
2026-09-02 03:00,Yahoo Finance,finance.yahoo.com,Jim Cramer Rejected This AI Stock Before It Rose Over 30% in August,https://news.google.com/rss/articles/CBMimAFBVV95cUxNYUpzenhpUnN2ZXdwcDRjRVFGc1UzZjJZRmNRYmZwSHRRVERSMURMTGZkeTRoYUhCQzBDZndNa1NpVktxcHZZVXdPNHgwNHlNVVR6RE1PTTl1ZXhvanRrTnRXRi1WWTlEekt4WDRpYm9yd0doQTIxQmxaTk50LWdseTJKQlUzRDlJU3MzeDJrVU9hWUQ3d0hVMw?oc=5
2026-09-02 03:00,Yahoo Finance,finance.yahoo.com,Super Micro Computer (SMCI) Joins A Major Enterprise AI Infrastructure Build,https://news.google.com/rss/articles/CBMimwFBVV95cUxQYUdNM2lwNHE2WFp2MDJic3pLRjZONGRtY1Z6cjJnWkxsWjh0NHN5QW1wbGY3WDlXZ3ZtaklVYlhpR2gwbEFvaWlIZTU5Yk1qR0lLT3hKQW1WRURhNEdLYlZyeE9KXzN4T3h6UXB1ZGJlQlF3UWpCTkl5WHJ1SUdvT3FTV2h3dlptek83SW85TUtyWVdVb3BfOXJvRQ?oc=5
2026-09-02 03:00,Yahoo Finance,finance.yahoo.com,"The Zacks Analyst Blog Highlights NVIDIA, Super Micro Computer, Semtech, SiTime and Keysight Technologies",https://news.google.com/rss/articles/CBMiowFBVV95cUxOeUtiWGwtekNpQmNwMHlFZEtrYmc0Qk13VXdTTE0xME1yODl2NVpPemN2cm9fWkp2SGREdG10YXIxc25mYndQMko3cEx5Q0daWHNOb3NtUGRNWTFKLWtodGo0U1ByTEhEMnpiYVNMYUpoLUFiMXpkMHVqNTFBRml0ZHY0VjZaZXVzU3Y2N3p5emZXVmhkcXUzaWgwTVpsZ3U0VDJN?oc=5
2026-09-03 03:00,The Motley Fool,fool.com,Why Super Micro Computer Stock Took Off in August,https://news.google.com/rss/articles/CBMilwFBVV95cUxNVUU3WjRZUVpxcEg4a0g5MGhBM2E3YkstemV2OVNvZFgzcW80dnFHRWR3RGpTQVIzNnF1MERnWld4djdENFpCMHJIZ0FxdFRPeWZIbUczUHI3dDlqNzNpQ0JVRnZabzYwTEZjRWZtdFA2U2R2R2ZKQlE3SlVtRHR4Ymt2Qlp3ZXpqNlp0MmI4Q2JnOUlFWERN?oc=5
2026-09-03 03:00,Yahoo Finance,finance.yahoo.com,Fast-paced Momentum Stock Super Micro (SMCI) Is Still Trading at a Bargain,https://news.google.com/rss/articles/CBMinAFBVV95cUxQZHJkdERwam9KS2JCVE5rcllzano2a0tFc2FTV09VVHR5VlIwM1F6VlVIa3NQc3ZOMlJ2czAyUWJlSi1SWnZnT3lncmt4MjJtc3hfdEVwV1lmTF9LN2VPVThDZnduTTFLeHhHRmJaa1hUNzlLSi0xZFoyaUNhQ2hOMGVwVjkzZTBuUGJhMHNkQkpzYmtDV2xtNE9ObDE?oc=5
2026-09-03 03:00,Yahoo Finance,finance.yahoo.com,"Hewlett Packard Enterprise Falls 5% as Supply Constraints Overshadow Raised Guidance, Super Micro Slips, Dell Holds Steady",https://news.google.com/rss/articles/CBMioAFBVV95cUxQNm5yN202eWNsajRjbEgtUGtEVzRJYUdNOUlfTTJJZ3RsRVJPbGs3SEdNRXU1RzJ6aW5HWUw4aEVKYmVhLTQwRUZtMmpOMWxJd0hPdzBzdW9BMS1RT2cyY3V5NDFiVWdHOTY2azBpVGd1Yk02Z0E4M1Zsc19HVnk4bDVXZm9YNnVfTkx4UmJ1SUZhR1VZbkJRMDFiSl9tczFJ?oc=5
2026-09-04 03:00,Yahoo Finance,finance.yahoo.com,"SMCI Rises 29% Year to Date: Time to Buy, Sell or Hold the Stock?",https://news.google.com/rss/articles/CBMikgFBVV95cUxQSHpzbzUySks1RTVWWlRxaV80SS1zV1BESXpiZWZUNkRlWXk3OWJkWHdmZzlBTVlBZjJjSlZ6VlppcktSc0tpc3JrZTlNcE9JajVlX2d4elZ2ZC1iaUxvc1BhNFVCaXQxaWxETEY2OTV5YlZnZV9XZUtia0NXNjN4MU02TzZHdWpsVTRvSmFsRlUwdw?oc=5
2026-09-04 03:00,Yahoo Finance,finance.yahoo.com,Supermicro's Revenue Boom Just Ran Into a Profit Test,https://news.google.com/rss/articles/CBMinwFBVV95cUxNWmFzZlRiNnFhQmRhMmZyNEdZY0NtTGlxQWJaT1NsenY1M3RkbGtuRHZwREd1a2ZHNUhhRXFZVXlhcmNwM3JPcFRxS1otS1g4clFoRmV1YkwtZkFRdUx6aDhOUGlVM1BVVFhZWEtCQzd5V0E1QW0wT0dsdExYSnUxSVVLQURzM3c2UW9uMGhpaXhVV25SNWhXSTVGSG1KWEU?oc=5
2026-09-07 03:00,Yahoo Finance,finance.yahoo.com,Here's How Much You'd Have If You Invested $1000 in Super Micro Computer a Decade Ago,https://news.google.com/rss/articles/CBMimgFBVV95cUxQcHJhcFFpZFdQa2RRMWx0Z05pVWJ5cWFTOHEwMEpVd1RHaDBBM21Hb1IxeHo5ZDhxZUNycmhhSWpRRUZGZk54NjEtVU9TMkRDT1BFbzRTNGVqaThuUG0zVDFHVU1ndURxUkgyWU5ONTF4UjlMSUxoWWFfV1p0bjBJMkxmR1NSUzZJc0FSenQtVV90OUtTRWNJYzFR?oc=5
2026-09-08 03:00,Investing.com,investing.com,Super Micro Computer president & ceo Charles Liang’s spouse sells $7.7m.,https://news.google.com/rss/articles/CBMizAFBVV95cUxOclVobTlBYXNYN1VjbjJNSHNQZnFXeXlxbXR1djVic3lsazJiNjAxQmxLQkJhN1ZXTkFZMHhNQlE2YlJ6MW02VjlNNGdJOThWcVRidmhqVU53ZHhaaF91MFJYV1pFVTd6OWM4bmJHOTZEdm9TYkgtckFiT3F1aG5WejR3VDlBUGtlaWQxWTM5cUVjU1hVbkJqY19UanVZN1M5ZkxLcVROSjZCVkgyT0ZySW5DaE5heTNEM21xLUhsU2ZXb1diVXZ6S0lTNEI?oc=5
2026-09-08 03:00,Investing.com,investing.com,Super Micro director Sara Liu sells $7.7m in SMCI stock,https://news.google.com/rss/articles/CBMiugFBVV95cUxOWV93d1lMWXRWRGk0aGVLUnRTbEIweDUyS1NGT3JvbUJoYm5GVkRmSHNLd2ZNYzg3QVFoaFFmM3BhcUZrdXRUX3dwcVM0SWhNZjhKbFM2OXZYcXZyV0VtT3VYY3c3UjB4ZVVHN1RWdExoQ3otUTdVYkplcE9YVnRMMENHU2JFNzBkYUlwM3NtZlpxeElqSTZjeXpXd09vX3lTdV9GYWR4aEFfZmZodXRmSlBtVktBSEdKUmc?oc=5
2026-09-08 03:00,Yahoo Finance,finance.yahoo.com,"Super Micro Climbs 4%, Hewlett Packard Enterprise Advances 5%: Is the Margin Beat Already Guided Away?",https://news.google.com/rss/articles/CBMimAFBVV95cUxQQnNqZk81OWJ2RExKcDlFWEhtRjU3b3dfTmJPRjhrSU9YenpXQVB3RWduYTJYbWdUS3d4ZmZQRENHM0VfNFRYSlV4Z3ZuUEl5Q2FCZHFLM2RnU3RZbE9IYTRXZ0FkMnVPRUlnUnd0bEdpYlhtS0hTT1Nwbms0Y0tHMzc3ZjJZZ2V4cHhxOXZWNUxHZXRObzBNTA?oc=5
2026-09-08 03:00,Yahoo Finance,finance.yahoo.com,Wall Street Is Getting Much More Bullish on Supermicro,https://news.google.com/rss/articles/CBMimgFBVV95cUxQalYxejEzMXZjcngyb1FuZDRxZUt6cGp6akdta3hXdThLRDFIcGFkWU5pRlNzSFNBYlBoQ0F3Ylh5c2E5enE1cWxuV3E3S1FkSmNWX0txNUZpV3pOSERaNWZUN25LeElOWHdVZFppeTRJVFhIUXJRZHZpV1JrN290dHJBNmt2ZlRTeE9RY0FJVzljbWpkbFJFNmJR?oc=5
2026-09-09 03:00,The Motley Fool,fool.com,Better Artificial Intelligence Stock: Applied Digital vs. Super Micro Computer,https://news.google.com/rss/articles/CBMiyAFBVV95cUxQS2xiRm9MT0sxTjZDX2NweXdKcEo5WXJrQWJUdzVKdDRNQkU4cWxmd1VFbjZ6OVJoX2dDb3duRlB3MWZkdGZLbjJ0RzJ0Z0tyNHB0aTY2UG1CQTdQNl83Ti0ybVcxZi1rQklFdkFEb2YyS1FIYTRpYm9HdXhMSUh2SFR3czlVQV9kVHN4WjZDUUZqUzcycG10aGFadGlBTkljT1NTbEpoSmN0TkJIVlNoeVVNSWdSYXZIZTAtVVI2Z0J5N2g0cEYtUw?oc=5
2026-09-09 03:00,Yahoo Finance,finance.yahoo.com,Super Micro Computer (SMCI) Dips More Than Broader Market: What You Should Know,https://news.google.com/rss/articles/CBMimwFBVV95cUxPcUc5V0tVMlNhajVLMWZ4YUhFTGZnT2NwalVtSFFjWlJxdlFwZU5GZ05oOXU1Zkl2NzVvVS1vcUFWVmQ5S3hnMEtCNzY3TTVlbjRmem82SHoxT3BQbjlGUmFDYW5kS3JldFRIUV96a2Y4Um9RV29OeHR6end0N2tfM1M1RFgwS09vRERJT3NXMmpDNTU1dG5kOG1odw?oc=5
2026-09-09 03:00,Yahoo Finance,finance.yahoo.com,"Super Micro Computer Insider Sold Shares Worth $7,718,584, According to a Recent SEC Filing",https://news.google.com/rss/articles/CBMinwFBVV95cUxQMUhfbkN1QTRWeXZXMHkySlN2RTFBTTc0SUw4RWZkSHJLTFRZSGFJWk5PSTBGWE5tbVk2V3RvWTNXV3lxd2NXZi1qZFR6U19sMWQ3U0FxQ0hhNG1xUjVocjJEY0x0QTRzVTVLOWc1QkFZRzF2Q1hua29ERXNPMlo1bkMwRExKdDFtOWZLRjMtLXhVTkZVMnZmd2RZRGt5UWs?oc=5
2026-09-09 03:00,Yahoo Finance,finance.yahoo.com,Super Micro Computer Reports an Insider Sale of Company Shares Worth $7.7 Million,https://news.google.com/rss/articles/CBMiowFBVV95cUxQS3h5U1RyMmJKZ2MtRzRRb0Zqa1VQLVNIQ0wyVnF3NjU4RGEzRXJGNHBDRzdWNl9UeHFYb2xCUVB2UE5PQkxZcmduUXF6SmFhYW93QWthckpOcEluQi10WnBqS0hIX1dkLU8xQXg3dHlOV3hmeG53S0FYYmo5Z2NySDkxeW82Y1AzdkFPQ0VuUlotVWdFUVFyMHo5S3N3UDRQdVNz?oc=5
2026-09-10 03:00,Seeking Alpha,seekingalpha.com,SMCY: Weekly Income From Super Micro Computer's AI Data Center Runway (NYSEARCA:SMCY),https://news.google.com/rss/articles/CBMilwFBVV95cUxNVFl4QjRaS3hxTlUwWjBYZUgxOTc4U2Q0aWcyQUdmOHBpSkE0c0swdU8zd21VYnZua1M0ZFVqeWRLNlo5TUp6RW9vVVl5SDhtTUJwYjlvRGI2T2ExZXV4MWtkUGczcXJPTHV3U3ZRc0d0WWQyQVlHNTV5SkJjV0ZUemRyWENYMEdSbDM3MU04WHVhTHJFbGpN?oc=5
2026-09-10 03:00,Yahoo Finance,finance.yahoo.com,2 Reasons to Buy Super Micro Stock — And 1 Reason to Be Cautious,https://news.google.com/rss/articles/CBMilAFBVV95cUxNM1NuOUhaTDVXRXBrZmlwb1JaTnh2NGMzZG5NcTlpQmdJMzNUUEFSMkMwSC1mM1RPc3EyN2RVX1NVUXJBUS1XcFhYTjc0cWNsQVdlQy0yNDZINS1SS2RMdGxndjRMTmRmMERMSHg5LXBwelo0d1prYUlub1BZTVFnaGVvQXkxektZaHVYa21lWjUzbnct?oc=5
2026-09-10 03:00,Yahoo Finance,finance.yahoo.com,"Dear Super Micro Stock Fans, Here's What August's Rally Means for SMCI",https://news.google.com/rss/articles/CBMilwFBVV95cUxPeEw1TmltRUFNYlh0Q0ZicWhndks3UnA2MUNQT1prS3ZKbVhQWXFNUDk1U0trOXdsMy1ZVXlDWl9GMU1DT09fa0hPU0VmNVdudHNZUzhfWUdHcXJXd0lITTJpNW1STEZyaDVoRXp5RXRNVkFCWm9sTmhGeERaRTVNZUlSNVBJOXdyekxYd1djS3pCTE9FNnVj?oc=5
2026-09-10 03:00,Yahoo Finance,finance.yahoo.com,Super Micro (SMCI) Up 3.5% Since Last Earnings Report: Can It Continue?,https://news.google.com/rss/articles/CBMijgFBVV95cUxOcUJRcmkyYTJuUUV1d1VuUGdBNGZkWnpkN191U3RMcFFQVUF6dHFDTjQtMUdaMkotVGgxbUp1cmxTWFFGUkNDTFc2bGZuOHB5U0NWdnZjbXJDYzZkbUZTVzE5QUxrazdfYW1MdjZzUkFZTFhrWXdrRG5XeXJReFQ2SmVwZnVoa1pFWk5RYm53?oc=5
2026-09-10 03:00,Yahoo Finance,finance.yahoo.com,Super Micro Computer Sees $60B AI Order Book Powering Fiscal 2027 Outlook,https://news.google.com/rss/articles/CBMimAFBVV95cUxPek5zT0lqNWhRRFZ2Vzg5el9FejdOOUpxdHlfaTBqZGFCYXFqUk4taHRQY3FiQVNRdlRFZWVybTVkZUdyWUNaTWdfUF9adjlwczZoZngxb0VsOGh0TTB3TEhpNlJuandLTHNkem1telFfZEg3WkZZZ0hDSWhwNWhSWGZmUzVLcXdYSlhXOUxPZWotMTV1cHp1dQ?oc=5
2026-09-11 03:00,Seeking Alpha,seekingalpha.com,Super Micro’s $60 Billion Rerating (NASDAQ:SMCI),https://news.google.com/rss/articles/CBMifkFVX3lxTE5QVlhXUUNfdnVXa0pseG9WWGk1cHc5cEMwcjhKdFltd2VsNmFOOVdzdXVlS3I4MkxESlFHaUNKazViN3R4N2VHRTRyZ09mN3BwcE1wMG5RSWdZNzF5c3ZuMFV3cUhfWEYxTU5mYXMxTE9oWWxfWG9lSzNhNmRjUQ?oc=5
2026-09-11 03:00,Yahoo Finance,finance.yahoo.com,SMCI or NTAP: Which Is the Better Value Stock Right Now?,https://news.google.com/rss/articles/CBMimAFBVV95cUxOWnVlTTFCcnE4RjJDMjVLUWtYV2R1UExYdkJTdjhCUHkyNVN4VmU5dE1yRnV3ekM3ZjdCTWVsSUVFemwyWE5MSkpFUHBnRFgwS0gtVTZleml4TVhnWUZhOVl5QnpoeWl4SHN5UEdIV1A1WGlJZFFuQ1pnSEN6V0ExeWFEU2hsOGhVTDN1bmNzMlhNb0hfZ3NLbg?oc=5
2026-09-11 03:00,Yahoo Finance,finance.yahoo.com,Super Micro Has $60B in Orders. What Comes Next?,https://news.google.com/rss/articles/CBMimAFBVV95cUxPc1hqY2JPVS1GcVVZbDJsYWRSOTh0TmlBVGFqX255bHYwck5lQ2JXakxDSGdtTHoyTVNGbGxISFRXTXc0WlUzTWhpZ01mUEM5TVQ3QndVUVRuTGxuZGJ4YnJUWVp5S3BrOVZ4bVdqbGItTHZCaG5Md0xJRmJ0ZzQyX2F3ZVhudWctWlVKTmh5dHd0enhtRU1UUA?oc=5
2026-09-14 03:00,Benzinga,benzinga.com,Why Is Super Micro Computer Stock Falling Monday?,https://news.google.com/rss/articles/CBMiowFBVV95cUxNWjZWa3lqdnJiNTVDQVZ2bXJnbmpTV1RINmtwblJEMUM2eURXNm1KUl8xb0JqVnZiLURmaUpSMm5oank1N2xnbmI3Tm9GSExTVjREMjZpcDFmNmdUUXdaMFpMWmpkSVFOWkFJNXU4SnMxbU1WdXBJekhRQUhmQnBHY2gxUE9sdUltaENkQ3YtaEJkT0ZIckNnMFJmQ1ZibjN6R2M0?oc=5
2026-09-15 03:00,The Motley Fool,fool.com,"3 Artificial Intelligence (AI) Stocks That Turned $10,000 Into More Than $100,000 in 5 Years (Hint: They've All Outperformed Nvidia)",https://news.google.com/rss/articles/CBMi_AFBVV95cUxNWVJfd2w3cWlTMW5hLXhxOENQLTFldUJUamtuMWhkV0pfMGJuUW9KZGJmelB3UXd2ckNqWnV4akdHdFZkWWhBV0VfcjJRRXZEXzlERVljNW94Z0YweFlrNG1lc0JyUGxRYTdsX1VoZ2VYTUpLMVJyQVQtX2pBQXk3UEYxNm1EZ3VSQ0xkdlQ0OGlMR2RzLTFRd2RjYUs1QzZ6N0JyVThXZjNRbVFlR3BudU5feGpSaGpjTjdLWmM2OTRTSlJfMkRpMzN4dVZBdzZfa2l4RVVON0oxYnpEbzdvQWxSX2FYVWJnQWRIbTVEeWpBZjdpd05fZF93Z1k?oc=5
2026-09-15 03:00,Yahoo Finance,finance.yahoo.com,"Super Micro Computer (SMCI) Reports Remediation Progress, With IT Control Weakness Remaining",https://news.google.com/rss/articles/CBMimwFBVV95cUxNdjc0MkhXS3c2VURBMk9GYkZXMzZrV2FwSlFCb0UtbjNlRERQQzRCVEtXY0R3OFZjOFpoT3BBazc1Yk40ZmZqaEpZTnduV0RRQ0ZTSkhxeWlBbENZUFJPVHQyLXNRYzlkTVNWUUhkbFFoRUxPbnNzYTNRc1FINWZEMWlLMWE0OUhicDVUSVNFWUxTSm10U3FaOVBySQ?oc=5
2026-09-15 03:00,Yahoo Finance,finance.yahoo.com,Super Micro Stock Tumbles on AI Spending Fears,https://news.google.com/rss/articles/CBMimAFBVV95cUxQQnI4Z1FiYzFvOHlzWFc0MWFuWkpTT0E2YlFZaWl2QkpKSkY1cHJheVluSzJxYXhMU0ZYUGRYTTFjaTB2Ym5Vck5zTVNtZ253TjlmTXM2aWtKUFdZODA3cTdzcHoxTWhnUlduRXlyTDhMZnFBLW9SZnpjN282SmtFZDg3ZEFqMXY4RC1GejZNZmhGbC1WQk0wcQ?oc=5
2026-09-16 03:00,Yahoo Finance,finance.yahoo.com,Super Micro stock slips as investors look past massive growth estimates,https://news.google.com/rss/articles/CBMinwFBVV95cUxQU3NVbmVIczR4MTRHTUJzb1RUWDZ2bjNTQXViZDRJSGx1TEQzcUEyMmFiUndvYV9taWJFTzNmbzRDdl8yV2FnOU9zLWpyR01lTkFwVEFzYXo0eEpXRG5mdkF0SW9QemdTT3pXWElZdlUtVDJnWlNmZ1FtTFQxa29oeGNvNUxaamc5cGVjeWI2MHJIVGp1cFZQTEU4SE1Jb2c?oc=5
2026-09-16 11:53,Benzinga,benzinga.com,Super Micro Rebounds 3% After This Week's AI Infrastructure Selloff,https://news.google.com/rss/articles/CBMiugFBVV95cUxNQlhDUHRyMm0tS2ZId1pDUGVaTGhUZUNvMW5CTVFRd3dMSnh1OGVMcFV4VG5YZzU3dlhOaS10UlZWREc4NTYtaW9UNzdLNVZ6RC0xcWh2S1NWMWhNNXM4SnJaRU83QmdiekZvSlNzR21FZGtkRHg3R1FWLUljWVo5cGkwTHFuQTlaZTMwTVU5WVlreGk0TVlzMTdYQ3RKcUdZZVJPRFcwdUZNcTJrU1hSVGQ3NlVlTUw3d3c?oc=5
2026-09-17 03:00,Investing.com,in.investing.com,Why is Super Micro Computer stock rallying today? By Investing.com,https://news.google.com/rss/articles/CBMirgFBVV95cUxPM3htU2FJZC1DOXlWaFBwNlJ6d1h0RFJMTU0wMUtsTlVhaHJxVWFLOTJibDRhZjV1NkZySE5HY3lvVjZ5dEJscXFYOXRJRGlSb0gxNHRuRWNRZTg2VU5TZS1FeDR3aGxLd0FPRnh1eEs2OVJyUlg3Ulh4Y2FLbEhmMTJSVklwSVVpYVg2ekJWbUNRcXN5a3JnQXcyZ0dBdi1FX2JfWmptc0VRVUc0UXc?oc=5
2026-09-17 03:00,Yahoo Finance,finance.yahoo.com,Super Micro Computer Stock Soars -- $1.3 Trillion AI Server Boom Lifts Shares,https://news.google.com/rss/articles/CBMingFBVV95cUxQbExvZmxUaDRYWG5sY1hMNF90WWFWeXFxZTgxd3pWd2lrWlhCbEVmMFB5eURsaTBJV25pbFVyd29lSDZxOXdtUDB5cFExNUtCcGhiVlFBTFhsUWRyX0FMWVhqRXp5a3hrd296VzhRZERqMzh2N0FmamIxWTRaQmswTjV6Z1dITW9FY0xfM2ppYmNuTnItcTU5YmRGZmxNdw?oc=5
2026-09-17 16:16,Seeking Alpha,seekingalpha.com,Super Micro Computer climbs 9% amid tech-sector rally (SMCI:NASDAQ),https://news.google.com/rss/articles/CBMinwFBVV95cUxNdG5KcDhTYTVFWkRPWVdmRVR2dlZ2UlVhN243cE93cWdoc0VxaGQ0UFRfcWNsNmlXTUdVbmZOMHdUMjdVWU9uZEM1Nk1hMmxFVkZyYTN1RzBkSzJUU0NQQlFua1BjUTJYMHFpODFVMlhPZVhaRXBvOFN3N192b0JsUXU5TFR5bFktWXVMTHlISkZuV2NEaXU2MDVUVWVVcG8?oc=5
2026-09-17 18:20,Morningstar,morningstar.com,"Kuehn Law Encourages Investors of Super Micro Computer, Inc. to Contact Law Firm",https://news.google.com/rss/articles/CBMi1gFBVV95cUxNTTBSY0xGYjRGVFlrWTBwdUdLczZ2SWc2TmxvTDFmZVo3UWZIZGJ4c2ZtN0ZoUmdOMVdYTmZQdTZyb1lqaVo4WFpBamZvNWxmZWgtd1JNMVAyX2EzNUVxdHdkTnBnTFloRkFma2ViZDdpeF8zd3Jvb2ZRc0l3eWZVSWFRTlVpbkZsaGJKbHVrLUVlN21MVFBfYU1wRXh6YXA2bFFJZWdGdm9qUFhQLUtQbjVSdnRqM05JMl9GYXpHREJuZGc3LWc0cTVaX0hwaGhjN1RNbFpR?oc=5
2026-09-18 03:00,The Motley Fool,fool.com,Better Artificial Intelligence Stock: Aehr Test Systems vs. Super Micro Computer,https://news.google.com/rss/articles/CBMiywFBVV95cUxQdHZTYmduMmowNnpSVVdtbWUzWTFBcW1felBwSUVCWGhuODVGZHpJNjVaR3FvREltUThIRS15SkRteHJGQlNhQ2tPY01EUHBtV3EzdGoyRUloR2JvTmItWGNsTGxmdHYxa2U1aWh4RjI0STBtb09nUlpKNmszc2tab21uV1MtQ19MMy1tN1pTeXBPdU9NZmRQNTJmVGYtMkxKeTR2eXZCdk45NVkwZjBCTkd0SG94NlEyR2tyNGJ4VFFQNGk4MHgtVWU3bw?oc=5
2026-09-18 03:00,Yahoo Finance,finance.yahoo.com,Did SMCI Stock Just Rise For The Wrong Reason?,https://news.google.com/rss/articles/CBMikwFBVV95cUxQOE96eW9DNFhjZHFkUk95aWVCV2lISG1WTDU0ZVhTMkJadWg4TzhScnBEUk1SVklic1VidjNxcURNY25valVXY0RraXNjT0xXRUVBTDRGd3U2Ylktbkk5MWFNV2JEcjVtZDZtcWV3VEVOTDhKMmFPekJfT255ZTQ2SWE2b0lUSTJublVRSll3VGVENGc?oc=5
2026-09-18 03:00,Yahoo Finance,finance.yahoo.com,"Zacks Investment Ideas feature highlights: NVIDIA, Advanced Micro Devices, Tempus, Moderna, Super Micro Computer and Aya Gold & Silver",https://news.google.com/rss/articles/CBMiqgFBVV95cUxOYU1mVkVFaEFYV081ZElUMDFvQlJoOENleV9yVkZtdF85ak8zNUxpRUh0TGpoNGdhZlNIa2RSMWNQY1JLV0gzTk0zWlVZeXAxUGJnYlpBU0VpUzBnMjVwMndzSGhySk5yd1pYNDNjQ0h1WjljX25QOVlaR3FLM0hiNUZ2RDBUVFRvN1h5R2tOeWw2dGNmM0ZlbXZTRmw1T2pXaTdzWXRtQkphQQ?oc=5
2026-09-18 18:01,Seeking Alpha,seekingalpha.com,"Super Micro Computer And SMCX: Impressive AI Growth, Yet Far From A Smooth Ride (SMCI)",https://news.google.com/rss/articles/CBMiugFBVV95cUxNczhVeUo1NS1ycDVGTndlUzBueVRRbzQxUmNrSWQ1NlhUeXYzRmFvMklaOFUzcFh0VVhwQkpUS25zWkVPM2paY3FvTDlyZlpoQ3lpNmV0SmlxTEFXMmp5ZTdhallZQTBGcEVSbUctZlA3LWRvUDQ5blhOeHZXRjBuS3hLTzdUWFE2dU1MV1I0V1QxaXVsVERDbldrd1kyTWNXWWpsZDE2dDdxSzJDMHJLS0FOR2x1Q1B5R0E?oc=5
2026-09-21 09:47,Benzinga,benzinga.com,What's Going On With Super Micro Computer Stock Monday? - Super Micro Computer (NASDAQ:SMCI),https://news.google.com/rss/articles/CBMixAFBVV95cUxONXkyc01UdXlUd19nUnpXQmo0NUZtQXFHNU9yRUNYZFVHVXVRZlVvMl85eFRUM09OM3BVSFpkLUhLOGJ4Ulo1MUZFblpHeDhWOEFtNWtQanNLWEM4TWR6eVRBSmtYenFoVEVMQVF4WmdMWmZSSEREWTNqelBaUWwxX19kZlg4RmhneDZfMDVzTlhIRlg2ZUdjNmZtaG10dEMzM2psU3pDRDhDclBGRERsR3RCRkZUY0dpRmVMSEhjRnpkZ1c2?oc=5
2026-09-21 11:00,Yahoo Finance,finance.yahoo.com,Super Micro Computer Looks Very Intriguing Right Now,https://news.google.com/rss/articles/CBMinAFBVV95cUxOQjQ4dkNiZGFSak50M3owY21sekRxNjc2R3dWNW5KVEhrTjVzak5JVldoRjlrOHhqdEJ6ZXhNeGctd1VGM2VRYzNWeGRBUGQwU283aWJFWUFuZWZHQV90TkMxSUJ2SHdQdlBzdk5YemplOWxEOUkyZ0VMT3dndmFzYUZ1QTFCOEJkR2NVT3Y3N1REYWRreGZLb1kwNzc?oc=5
2026-09-21 18:18,Yahoo Finance,finance.yahoo.com,Super Micro Computer (SMCI) Is Up 12.1% After Record AI Backlog Sparks Major Capacity Expansion,https://news.google.com/rss/articles/CBMilwFBVV95cUxQZ01TUFRkdkxxVkVob01FaE9pWThKNDdFZzRub1kzSkpNQXlkbEhQMUxkTVFiOWgtV0Y4ck1YeHJBZWhBeWdmRFFLWGFTdUU0cmlwaWZtSkh2WmRuQ1ZucjRuQ2pMQUpSMkVHYlBPVXp0MUsxVno3UW9QS3l1NUxfYm5PRk1FellKX3RtMEJaajROcUg0Q3Rv?oc=5
2026-09-22 17:45,Yahoo Finance,finance.yahoo.com,Super Micro Computer (SMCI) Stock Moves 1.07%: What You Should Know,https://news.google.com/rss/articles/CBMinAFBVV95cUxOaS16a2paMEFubWxJZ0I1ek1IYk5sSXJoR2tuS1UtS0x5bjI2VDE0bnNrTWpOZjB4a0xqMlNmUXplNkU3OGlhMzhCZ0ZBS0g2LUQ3Nm55V0FnaUpTZWFNMEQ2YWxrLXlnUnY1UmNWek9qVC1iamJFWVBJbjRjTmhuZzBCMy1QNHEzcHN0SDJrSk9ZTTNlVW9FUkNydks?oc=5
2026-09-23 06:24,Benzinga,benzinga.com,What's Going On With Super Micro Computer Stock Wednesday?,https://news.google.com/rss/articles/CBMisAFBVV95cUxPSWhuN05fYjZ4LUpPaXROeFhrSjlnd1RPYXpyTXlUdUJpRGcyUlVpNllfb1JSdmw3UmlqcnJ0RnY0Z2FvNXlBeVlEdkw1cUFTWERqX3NJWDdQWlFQcnc1OXFPV19QNThmVGl0M1JVR29yT1BxXzNieTR2ZWp4MVp1SDJQRWlQRmFpMUxFbUx1YjlJTmRyaWRuMFFKT21RVnZDeVNHYmR1aGJ5dVBuZHVUYg?oc=5
2026-09-23 09:24,Investing.com,investing.com,Supermicro stock rises on Nvidia Vera Rubin rack shipments,https://news.google.com/rss/articles/CBMivAFBVV95cUxOX05UalRNT0tRbE1BdWxpU0FReF85cGRPSlc0M0FpanVkazRzV242NENxNEZiQ2p3alg2VkpsVi12V3VzR1N6ZW1zUkd4N0wwRnh4MlIwMEhxLTRoNzB0TnVIRHh0aTNyWlRnNkgxSEpWQ2NybGdVYWdlNFVVd0htSEpjU0hIMzFOTW8tVm8yeDVVQ0NZYXUyaF94OTM0VERpMEV6MVhVWHpfdEFOTjJBbVYxZGNBTG9HejJMSw?oc=5
2026-09-24 09:41,Benzinga,benzinga.com,What's Going On With Super Micro Computer Stock Thursday?,https://news.google.com/rss/articles/CBMiugFBVV95cUxQd1FFX0x5ZnZtWTdPWmVlT2FuSmxUZzQ5YkR0cGVremEwYXBFNm9jS3MtMkt2cVIzakNLN0ZuZHZGNDZrb2Q3Sy04VDhvb3p4Tl9ZNzBoQmVWN0toNFFkYW9qZFdaVDl1T1NsZGVrMVIyZjUzT2xIUUo4Y2VwS3UzRUw0V3puRHRid3pvak51WW9mbnNXc082NzBqNGpHa2x4US1ENXlReHRzVDV4OVc3NnRXWll5bHAxTHc?oc=5
2026-09-24 11:30,Yahoo Finance,finance.yahoo.com,"Micron, SuperMicro, HPE Face ITC Investigation Over Netlist Patent Infringement Claims",https://news.google.com/rss/articles/CBMimwFBVV95cUxOaVlSUkNGa2lDWmpMUEpESGxIQ3JQTVRxOGREeUR2QW82VEp4T1Zkb2oxdW1GdFpRckZ1TWFTYXZ5QlFJWnNaMlRLaTNCMFRfMzJYUVBoWmNwNTd5Q3dleGk4QkJuemxpT0pEVmctLTdmdHhtNE5SVHQ1VlZPbllVNjBlNE9GMVh3SUdTMXJSemNVOFhIOHBuNzIwNA?oc=5
2026-09-24 13:46,Yahoo Finance,finance.yahoo.com,Super Micro Stock Slips as New NVIDIA AI Systems Enter the Market,https://news.google.com/rss/articles/CBMimwFBVV95cUxOLVJ5d2xhbUlaTEFNNC1kZjIxNGw1TXJzZzhzSi0wcXdqUWJTdUNkZl9nSlhVQnA3RnZ2MXkzVXdiUnUwTmVsYmk3U251RkpPcW00N19laENjY2pnd01YM1cwMTd2UnBmR1pubFNOdWwtTVRmT0cwSW1WLW5odVpDRk50bXRtczZmSjNJcXgwY1ZsUEY2YW93ZHlIOA?oc=5
2026-09-25 09:29,Benzinga,benzinga.com,"VanEck Preferred Securities ex Financials ETF (PFXF) Stock Price, Quote, News & History",https://news.google.com/rss/articles/CBMiS0FVX3lxTFAwUkdnR0R5ZlkwMzVabGVDZ3FvWV9hZW9VN2ktQlVhOWtNaU13Rlo1X0piOGFVdGZhVno3WjVUeHRpMEhhWUZrbHF1UQ?oc=5
2026-09-25 11:57,Investing.com,investing.com,Why is Super Micro Computer stock climbing today?,https://news.google.com/rss/articles/CBMirwFBVV95cUxNYllXSE5sb0ViVktURTFWd1RCcEdZQmppaVdPTDN1cFpuRFNwcDVqUEk5ZzlKN19DYUJvZVYxZ0xCeWJqTXo2NkJ1UDdNTVpyUFh2aDh6WFg3bGlLY3FyOUEwdThGbE9wdkNHUDdnNXZzZEdMLV9ueloycjdxT2tEbVdwWGtCazVtZUU2WVMweU5SU1FpMzFuM0pPbW1MdDZ0RTBBTWpHVlZZWGM4NW1n?oc=5
2026-09-25 19:20,Yahoo Finance,finance.yahoo.com,Is Super Micro Computer a Buy?,https://news.google.com/rss/articles/CBMikwFBVV95cUxPMmJoZXNNR3dlN1AxMVJXTDRXdFZWUlBiZTdLaE9kUmlzWFVzMUZLV0syb2V6eW9MVEdmLVpBM1A4SmRFZG9nZ0xtb3hCT29jbXhiMElzTnZkaFlZdGI1OUxPM3hhcFc1RUMtOHBFSnRGM3NjTXpLVHFQdnVTajEzV3hxUlhSWkd0bm9FUXNxUFh4WVk?oc=5
2026-09-28 08:26,Yahoo Finance,ca.finance.yahoo.com,Snowflake shares slide as $3.5B debt offering sparks dilution jitters,https://news.google.com/rss/articles/CBMiggFBVV95cUxPcWpFVFY1R2FEekpLWURIbjhDUVN6NjlxMWtXbFFZbFRRSmNUMXFuM1luSmpfbGktVmtYUDFpNnQ4aHVpUEJSc3Y5aFdjczJqWktjcmFYeEFjVzNpY1dwTkVabVlBMDhOYXZ6MlNtbWpCTVp3X0ZTV1dNQ3owYlJQSXZR?oc=5
2026-09-28 08:32,Yahoo Finance,finance.yahoo.com,Super Micro Burned $6.8 Billion Last Year. Here’s What Changed in June,https://news.google.com/rss/articles/CBMikAFBVV95cUxQZGJJTVFEY3UwaWVnWWNsbGNSbE0tYXd0elNLemlIeFktTDhmNnZYbEJZLVhCMExSd2xORmhQa1c1SXF1ZXhmNE5nd1hVMXo2MW5GajgycjEtWElTMDkyWXowT1FaWk96QjlEazZIcGJIdG4xZ0hJbGFmSWczQXhqRFpwbjJIRlhLNFhYMFp4OTE?oc=5
2026-09-28 12:18,Business Wire,businesswire.com,"Super Micro Computer Investigation Initiated: Kahn Swick & Foti, LLC Investigates the Officers and Directors of Super Micro Computer, Inc. - SMCI",https://news.google.com/rss/articles/CBMiowJBVV95cUxNZHFERXhBWnUzWVZhSUl5aGxvSFJWM0JfdUtqVWFZd2FfY05jZWdtWE83bGxSNFpKUzB1QmN3dkFtbHktV3g3TUJnY0VoUlpfUWZLeEI5Y2Z2cTgyVlNjSWpUZ2piTE4tdDNDNFl6aEJ5X0N5NkR1Nk9CcmNiQlowaUFmOW1JczFDNnBRUXRlVWhZaGttZGRlRC1PYzlIajlVU2M0ODFub2xtanBXZjZVTHpPTzgxUnpLVzA0YXRjMENfTzVZVG1wWUF1MldOQjRBYlNQSTNoaHMwZ24tYi15V1R2M0EwRW1tc2NYazhMZ25HUGQ1QmlWa001U0xWemg5SXo0THJvZ3ZCN1JDM1ROU1JJSmhFUTJ1OU93Smw5UmlqNlk?oc=5
2026-09-28 13:52,Benzinga,benzinga.com,What's Going On With Super Micro Computer Stock Monday?,https://news.google.com/rss/articles/CBMitAFBVV95cUxPeWJvSHNhbzFyVEpJek44bk9URXpzX0NqWGtpcTZWc2oxamRtd3RoVkJxNXJ5MlFmdXEwRnJWa3U3VktzamI3dlhYN2NhSTl4Y0g1S0UycUhZalBaNW1xNEtJUmdtMng3MkJwYllhOTNzVi1ieDJHeG04cXl3eC1leTcyczNtRjdFTjhTZ1BSOHdpd09lSFp3bHpUVEszUzVSY0RYWUNEd3pwa3JNbWRrSVRyUkg?oc=5
2026-09-28 16:09,Seeking Alpha,seekingalpha.com,Rating Upgrade: Super Micro Computer Presents A Rare Value Opportunity (NASDAQ:SMCI),https://news.google.com/rss/articles/CBMirwFBVV95cUxNcnI5QmotOWkxYWFpMTh1ZV94OTVIdU5RTDFIWXdpdmtiR3FTcEZNTWtmbVJzYU1RRE04eXh6VzVzc0tfelphVGQwcERZZkp5ejlsU3Y1VjZUZHZrM0NIQ3VfRENfanpjR1JwU0dkSDF5Zm5KUmdqR1dzOW85ZnhDZDJwMXVlNDVOV3FhaUoxMklENzNxcV9uR3M2VVV3RG84Q0VDeDZMN1E4d0tmVXVn?oc=5
2026-09-28 16:45,Yahoo Finance,sg.finance.yahoo.com,Super Micro Computer (SMCI) Falls More Steeply Than Broader Market: What Investors Need to Know,https://news.google.com/rss/articles/CBMihwFBVV95cUxPTi1vVEtQSFFFSEwzZ3BGWkpqSDdYM1hoTjhOWDA2OFc4a1RZaGFfZHlPQzJKUzZhVm9rZVN4YmE3cHdtZ0RJNzVZU2Uwcm54SGUya2lsdDdtMjBYQzYwSkFweG5mNVJZY2VoR0hObk1vTGotUXVLRmJlV0J6N2d4VlpFdHRNVmM?oc=5
2026-09-28 18:55,CNBC,cnbc.com,Cramer's lightning round: 'I happen to like Forgent Power Solutions very much',https://news.google.com/rss/articles/CBMitgFBVV95cUxOTW1veWpuNWZabTEyQTQ3c29YSUJpMFpYdlJ3UGg0RW13Rnh6WjE0TFR4ZjJPcUhfMWJ0UVRyc3Z5U21DZW1lMDNMMVF5VGpXSXZFT2piVi14WEZ4dXRNc0tZSzc1VmM2VE5fMmFXMTg4dllRTEF6Tl9kaF9XbTNIMUxBYTV6MC01SVBfcWpLZDJTSDZDNlhMX0tCOXpFNFZucXVsaVhiWjFkZkpPUkNPa1ctdnQ5d9IBtgFBVV95cUxOTW1veWpuNWZabTEyQTQ3c29YSUJpMFpYdlJ3UGg0RW13Rnh6WjE0TFR4ZjJPcUhfMWJ0UVRyc3Z5U21DZW1lMDNMMVF5VGpXSXZFT2piVi14WEZ4dXRNc0tZSzc1VmM2VE5fMmFXMTg4dllRTEF6Tl9kaF9XbTNIMUxBYTV6MC01SVBfcWpLZDJTSDZDNlhMX0tCOXpFNFZucXVsaVhiWjFkZkpPUkNPa1ctdnQ5dw?oc=5
