Published,Source,Domain,Title,Url
2026-01-06 03:00,Yahoo Finance,finance.yahoo.com,Is SoundHound AI Stock a Buy In 2026?,https://news.google.com/rss/articles/CBMif0FVX3lxTE1iYUZPS2hhdHZLNlV2MVNFQmQ4WnNWYjJKR01ZSC1pSkhuX2l2N2hna2h2ZzFmLUhYZjBHeGsySlVKQjNiRFZ6Qm5VcHZfSTk4X0k5ak9PRzVDTDljbmdDOUd5Y0IwVzdlWEFKZ1VTTTRFV1IxWTcxdmttakw3b1E?oc=5
2026-01-07 03:00,Seeking Alpha,seekingalpha.com,SoundHound: An Opportunity For The Brave (Rating Upgrade) (NASDAQ:SOUN),https://news.google.com/rss/articles/CBMimwFBVV95cUxQajVnV2ZlQVZ5RzNpalV2bTRRLTB5dG9jc1FaT2ZRelpxZUhXTkxWaTQxYUtNUkt2SEVFWlRHQUpjeTViMnhFMWhlMDBSbzFqeHdoYmtWd0VKNTNUUUFtWmJ4TFp4VzJHd2NNZ0hMOTRXMTdJMGpveVpRTDl6aWtmcFk1QVRZdy0yTFVJeW11bjNFazVTU1NYMnFCVQ?oc=5
2026-01-07 03:00,The Motley Fool,fool.com,Is SoundHound AI Stock a Buy Now?,https://news.google.com/rss/articles/CBMigAFBVV95cUxOUVkycm04ZXFMWF9JbW9GbWt0OXRVaEo2S3A3ZXNkRzBnWENKSkExU2Mzc0dIM1J1THZnYnFROUs2OEhJR3JsU2pmRUt5R1FpZjQwdGJmUHJCRW5HWDNOR1FQR1ZNX3V3eHBoYjFXTnNpcmJyX1ZvWFVTV2J6WVkwWQ?oc=5
2026-01-07 03:00,The Motley Fool,fool.com,Why SoundHound AI Stock Lost 39% Last Month,https://news.google.com/rss/articles/CBMijgFBVV95cUxPSFpCWHpocDRUVHV5bjhRaDhTN0RtQkVDTFhFMmRyZGlZUGdtbi1QNmZseDlxM3h4eGJaYWVDaUtiVklNMVJ4UHJVbTZYdXpkVkZhdHJ0MmFwUTYtc1NqdFZ0YXNxM2NaaWxjblBWdmVkei16elZYeHpkYng0b3F0SmdpUE9HUXVPZ2VWNUl3?oc=5
2026-01-07 03:00,Zacks,zacks.com,SoundHound Trades at a Premium Value: How to Play the Stock?,https://news.google.com/rss/articles/CBMioAFBVV95cUxPbnUyYmxOSEhMY2lvNnFpdEowYnRBRXZCWlREVGdRazJfMEpwdHlJT0FOWnlZbGV6b0R6RDhzY2ZHSnVNZE5OcDBuMEhQT2FkekM2UzlSS2M2bWFudlBxbzE5amhhUEJGOTNrU2Ywd1BDTy0zVVZLUFI0bEZNeGxaMHpyb1FpN1YxNGtGRmJMVTJnQnVzZEM2d2tsUGlGby0w?oc=5
2026-01-09 03:00,The Motley Fool,fool.com,3 Brilliant AI Stocks That Could Double in 2026,https://news.google.com/rss/articles/CBMilAFBVV95cUxPWkRxNDI3MllMbHhzdlpXc3dPN3lGSVF4NTgwallsWV9vSXdHVTB1LTRnVWFEZVdoV09SazE3Q1RBMm96YWcyVTBqSW5pcnc2VFdReU43cWtvOHM4OFVwRTN4QVgwQmhJMXNhQmF0Z20yWVRRYURpc0c3ZEZMM3M1M2pfOEZhRGUtcVR0dlV3RTV5a19G?oc=5
2026-01-10 03:00,The Motley Fool,fool.com,Why SoundHound AI Stock Collapsed In 2025,https://news.google.com/rss/articles/CBMijAFBVV95cUxORGM2WnJ0VDZEMHRkTWRjRXN6ZFNBR1hZcVZBeF9obHhJLXFEdVJGT3YtQW5JRHVyMUQzUDE1dzN0cVlULXVyNXFRX1RDeXJxal9TdzU5UzEwcFJNamg3WnQ0Q3k4Y0JyOGF6MUp6NFhUNl9rMDl3NWhYMVVvVXBBdU9BWGkta3IxUlAtXw?oc=5
2026-01-11 03:00,The Motley Fool,fool.com,3 Artificial Intelligence (AI) Stocks That Could Go Parabolic in 2026,https://news.google.com/rss/articles/CBMilwFBVV95cUxQVzVSTWtJbjIxOUhsSkdwNGVwaFJEeWtvOXhJVkNhc2JuX1hRcnNoX1dfX2JBMk9NSkJUSkU3U3VVUHBmZXhzYUhWQ2NYeWpwdDkwMDBoYk1JeS1MbUJVZVh1SXRMd1VEQnA3N0pmSzlwZGpxMm4zQXpvb0V1X3dON1hFZ1BwRldHNWpMWlI1aTNFdnl4YzdR?oc=5
2026-01-11 03:00,The Motley Fool,fool.com,3 Millionaire-Maker Technology Stocks Worth a Look,https://news.google.com/rss/articles/CBMilAFBVV95cUxQYk5DTEtrUzU2SnlzS2RJX1FaenNaQXFyTEJORzJwWExKWVI4Z3FOXy1oVkhtellaYVRvOGc0WkE1UjBoU3R3VW9oaXJ4REVuLW5aRUZnd2VtRTVienBINzVidGhhUGJ5SDFPZmU3OGFETEVnV3Bob19qY1h3Q1pZVEx2d3VPQUY0LWtFb2VQbk4wOWI4?oc=5
2026-01-11 03:00,The Motley Fool,fool.com,SoundHound AI: Buy or Sell in 2026?,https://news.google.com/rss/articles/CBMiggFBVV95cUxNcmc4REo5RDV2dUhQVnZ5THVLcUNfZXRybE1ZYWpyOXVLdDdKR2xIM05zSFZhb2ZKeERfYkVSN3FqLU5HY3RaX01sYjdXVUgzUHNNR1RpQnYzeHY3OFhJd3dUOUdtdklUajFiT3plRDFBZFNnczNJei1pbk13Q0dNWUFR?oc=5
2026-01-12 03:00,Investing.com,investing.com,H.C. Wainwright reiterates Buy rating on SoundHound AI stock with $26 target,https://news.google.com/rss/articles/CBMizgFBVV95cUxPcGJBYXFRckZxcnN1Z295WGxRSE5LaVk2ZGptUHBlS3EteWRuN2J4MmNSZl9mNWhIS25nbnZpXzRrLS02elBxSHE4LU85b01HTkVzTGZJaUd1Y1dtckFkNE1FblFVV1EtSkx3bGNkUGpyYmJBOXUtVDhqb0NRRnJFSWtMTG9uUkFKeU01WkVVU2VtbE5uc1dhdzRrdGNWQTYwelhBaXFHRm9tbVdzbTFwNlRCRFA2RnZOd0NlRG9lLTFDMmZYODdFaFE5UUwyQQ?oc=5
2026-01-13 03:00,Yahoo Finance,finance.yahoo.com,"SoundHound AI (SOUN) Seen as Long-Term Winner in Voice AI, H.C. Wainwright Says",https://news.google.com/rss/articles/CBMif0FVX3lxTE1KQk42Q291c0wtQ0JBY2dNejl5ZFdCSDVrdm9lcXJqbHFHdUlzR3dVLVRyb0xWM1Q0cm1aSWFSdkRQNkRreGFYR1laZmQ2cXdhSDU3MTBLQnpqLU9qNjF5T2JmTkU2eGhZZVBQdXktaWxZa05RVDZqY2lFMnNsMzQ?oc=5
2026-01-14 03:00,Investor's Business Daily,investors.com,SoundHound Stock In Doghouse As Sales Growth Slows,https://news.google.com/rss/articles/CBMilwFBVV95cUxQbGVwYWtoQnV4S0h2WUU1TTFDT29peFNrUzZrTEtvWGJESFUwOUZoSTFPMzIzbmpocUJXbVhCVXV1Ykw4WGRzSEhYZ3dLNFd0VThYMEh0d3EwQ1NaWm45WjgtTjQ4NmRydXcwMlZMckVJODBhQXZlTGNldWxmME5MMXRmZDhCMUhnMHV4d3FCTGpPRGZpYy1z?oc=5
2026-01-14 03:00,Seeking Alpha,seekingalpha.com,SoundHound AI Stock: Lot Of Growth Opportunity Despite Apparent Risks (NASDAQ:SOUN),https://news.google.com/rss/articles/CBMirgFBVV95cUxQY3RvM29rNk1hZ0M1aEw1VldhUUhHU0dRR2k4RzFtZzQtWlJMdFJXckVWeUNDaHB0QkVzRWdFMDhaaC04YUNQM0tNZjV1VktvMWg3dzB4aElyODEyTjU4TnhMR0xPQmxSdzRoaEh2MEpFcHA2WVY1SEtMUlNYWjlDeWQwTkdMdFlSZWs0cUQ0d2V0Ukt6LWVvX1dwY1FiMTlzcXlBVmptR2Q4UllFTVE?oc=5
2026-01-15 03:00,The Motley Fool,fool.com,My Top 2 Artificial Intelligence Stocks for 2026,https://news.google.com/rss/articles/CBMilgFBVV95cUxPVjNZUEZCTmE2ZDYyXzJteWNRLUxNTkpmTWNSMWlqam5DT3ZTZVB5Tkt4WDUwZ0dRajhBUW9BNy1BQng0dzRDTXZia2ctWVVfcVZRdEI4bXVfM2xCUmxRX0NGWjFZZzVNSmlLVzhxWWRDYkM4aEVtajVpeTRUdDFFVU1oUWltX2hoNnkzUGI2TjBEM2psekE?oc=5
2026-01-15 03:00,Yahoo Finance,finance.yahoo.com,Could This Be the Catalyst That Sends SoundHound AI Stock Skyrocketing?,https://news.google.com/rss/articles/CBMihwFBVV95cUxQckx0WjdveWQ3Y2dlenZ1RDlkTkd0cC1YM0I4TU1QM2REelNlUUoydFlLTXQ2WE83ZDd2dzNXcl9hRkkyTUVZclBrZGNOZjJQSUdNODJQMnQwbllxdGZ1dTgwUDNBdG43NE9scFFycWJkWWc1dUhOLW9IYnBQc0R4X2hMdHgydGM?oc=5
2026-01-16 03:00,Yahoo Finance,finance.yahoo.com,Analysts Optimistic on SoundHound’s (SOUN) Penetration Into Multiple Industries,https://news.google.com/rss/articles/CBMimAFBVV95cUxOUHM1SmJ0MUpNUlluMWwzaV9fdEVRN1liWG0zOHV6Zi1aQjByMEFkamRKN0VfbFM2azhHU2pyNENaS1BiUGZYSkQtMzBUMTF6WUhPZEx2blBma0pISXR1Q2Z5VU1ib09PQTBVLThIT2dGUjMwUU10TXhEQXlEbDQ3U1lOYWlXcXhrVlJlcDllY0pLb1o2MjMzVQ?oc=5
2026-01-19 03:00,The Motley Fool,fool.com,3 Artificial Intelligence (AI) Stocks With More Potential Than Any Cryptocurrency,https://news.google.com/rss/articles/CBMimAFBVV95cUxOb3pJTnhCS0RGV3dwMExic0ExOXVoOVR1bFZ6TmhrQjJ0RWRRRTN5SHdMQnBjNThkNVNCV056cnN0aDFNcVZnX2FVTjFVMzNqZjlsTGZ1RnNuOWdfRTdGZ0NyQVd1ZXl3dWFVbS1TVGpPN0VscWVUQ0RFenpfaUZhaktmck1Wd1JMcGFZZGt3RUZwUE1CWUw5dg?oc=5
2026-01-19 03:00,The Motley Fool,fool.com,Prediction: SoundHound AI Could Soar in 2026,https://news.google.com/rss/articles/CBMijwFBVV95cUxPTEZYNEJqclBYMXluSHRhOXVZRUdTdXZRWUl5YXVGdlA3ZmVhQldGSzlfa3B6cG5MeGdXM1Eyc2MxLVRBbGxTeWpwZXZDTld2d0F4MjZ1U2sxNGxZMGdEYzZBTTB3bElQWC1sR1NBbm5yX3BQVW1LLVZLeWJPbERBeTlPYmhuc3kyTXdld2tSbw?oc=5
2026-01-20 03:00,Investing.com,investing.com,SoundHound AI drops 38% after InvestingPro’s overvaluation alert By Investing.com,https://news.google.com/rss/articles/CBMiwAFBVV95cUxOMnN6cE9wTmpTaGpWRkxoYUpTbVROY2pXN0FueWVDMXh3OWY3ZFpWUmxPVnljM1VTZXRJS3J0X0EyMno3bHJJYVVGVWdpQkUyQ2FXazdubWtYSzI3TXRpYmZSSnQwcFp6NTJUbWdMcEczMjV3MWVrcHYtX09qdFZZekM3dmpfd0dQdmpmazhTUDdPRS11ZGQ0THYtTzdxSDl1QmZ5anA0SHdUYmhkQmNkb3o4Umc1NkwwSnBLOTlwdWs?oc=5
2026-01-21 03:00,Yahoo Finance,finance.yahoo.com,SoundHound AI (SOUN) Valuation Check As New Bridgepointe Partnership Expands Enterprise Reach,https://news.google.com/rss/articles/CBMihwFBVV95cUxPaVJ5LWhuemhYR3VRenh3OXdVa1pmRmV5bGcxZUtJREkwWjNXeWdhZUx0b25OSnRZYkQtWjNOSjlPbDhRbW0xVkVfSGk5aTUtNGV0VmdZRUNCSWhCTlpjVDlpZmFsbEJsdXBBd3BLMW82QUc3RHR3M3p3cUhzV0ZWbWVmZXZFa3c?oc=5
2026-01-21 03:00,Yahoo Finance,finance.yahoo.com,SoundHound vs. Microsoft: Can the Small Voice AI Player Beat the Tech Giant?,https://news.google.com/rss/articles/CBMiiAFBVV95cUxPUFBGbUp1eGNXcHZqUzJpNXdXMDlJcDRnelg1UjdTc1VfU2FWQ0YwZEFNc0s3d3NOeDVZNHltVVR0YlNEUVJpUVdkaEpodktEcnYtdjRMQlVKNGoyTmY3M3RPR19yNmk5RG1udFUtM1dkRXBjOEhqTE10RmJJbjFUbVdwQl95LWVX?oc=5
2026-01-22 03:00,The Motley Fool,fool.com,Is Soundhound AI Stock Going To $0?,https://news.google.com/rss/articles/CBMiggFBVV95cUxOU01HR3RnbDlwR2EyU1l3eDVBQ2J5MGZJeVJnc3p6T0p0RlFDdVhFOWtreHNZVjgwZGR5b3pNMnB4ZkhWRGJoQTFpZmMzREpvS01nRDNfNVRtenFPQ2F6d3R1YWdMLVo3T3Bac2NyZ0hOckExUWJxTm9ubnprcUhGNzdn?oc=5
2026-01-23 03:00,Yahoo Finance,finance.yahoo.com,Is SoundHound AI (SOUN) a Buy as Wall Street Analysts Look Optimistic?,https://news.google.com/rss/articles/CBMifkFVX3lxTFBZUTJPTTRIcFFiYzFvcE00SksxQklPS1dhSlQ3bEJyVC00bzdlSEJGaEg4UjZfQndMWkxLUTZqdk1IX1NFckZRd1JWd01Xa1pIdllobUZfSGdwSDcxTmdlV01vSXVCaW5pLU11akNGOUx5TGJ5eHJVZkhuSU9UUQ?oc=5
2026-01-23 03:00,Yahoo Finance,finance.yahoo.com,Is SoundHound Redefining the In-Car Assistant Experience?,https://news.google.com/rss/articles/CBMilwFBVV95cUxNaXhidndKNTkxd0FfeU5HQjZEQ3dubzVUOUItWEh0ZThQRXBOQXNSTmxDbjZVdGZLaXliQTIwY0R4eUNPNTlEcHNDeWlyOXYxYVV2UEVMbjZiX0FZbHJxRTlkcHc3cXRkVmtTMVhnVU5xVVR4MGltV2MxUmtyc0l1MXdqUGNXWjBEYXgtV1oySUx6TFZiVmpF?oc=5
2026-01-24 03:00,The Motley Fool,fool.com,"3 Growth Stocks to Invest $1,000 in Right Now",https://news.google.com/rss/articles/CBMijwFBVV95cUxPTzVVUnpQX0k0d2g0Vm1jOHk3VTRQdEl1ZHZYNVFtWkxpdDZiS0t3LU1ZWEtIWmJsYVFKZlpOZ0R2M3RZaUtTVHF3OGN0V2pNRmd6bElKclg4aUw5dTlBWW1JcHNZWElBRzk4M0p1dVp6TTV4b0VIaWJLNmQ4Mk5vcDZYVmlpdmZnaldzQW1JWQ?oc=5
2026-01-24 03:00,The Motley Fool,fool.com,Better Agentic AI Stock: SoundHound AI vs. Salesforce,https://news.google.com/rss/articles/CBMimAFBVV95cUxQazFTQzdDaEF6NHNBcHZZMV9NLXY2UG9SSFB5WmFFZTlrZ1VDbWlHS0QxZWd2LXFtUWlva2tPVjU1aDJQT21WVnNaSXFEZ2ptSzlTMlNKUkVLQ2N3cjgtNmdyZmJSTUdnWXdOcjFqTVpsQjlzV1h1NnBPMF9FY3J0VEpiMllYVVZwNHVIaV9LVEJVN01WWUJHcA?oc=5
2026-01-25 03:00,The Motley Fool,fool.com,Is SoundHound AI Stock a Buy?,https://news.google.com/rss/articles/CBMie0FVX3lxTE5KdWRVbEZIcVJNRU9hVk9DamRacUR6VlRrQWV5SUt2QzBfY1NBbWdQQldWTzRIU1NZX0lxNFIyZG1ENkJGM3Y2OURsWGNLeVpndzExRXZveGZ4Snh4TmphUGNEbjJIb3M0UUJEakM5b2NyWjdqNzM5c3V0UQ?oc=5
2026-01-26 03:00,Yahoo Finance,finance.yahoo.com,Here's Why I Wouldn't Touch SoundHound AI With a 10-Foot Pole,https://news.google.com/rss/articles/CBMihwFBVV95cUxPTnFCR3UyT1cxZmV0Q1gyV0U3Q2VZaE13c1JucVlpQk1udWpPLVppRjlLSjFyazd6MUczZWtzTW9jZ0RXQnlEMWVKemlwRm9uVkFVeXhnY1dqSUREeW1zRnBNeXRHdVlWaXVsZjA4cHpnbXNHdndCNk5GMjFibFZ4ZDJoelZmUEk?oc=5
2026-01-27 03:00,The Motley Fool,fool.com,Better Artificial Intelligence Stock: SoundHound AI vs. Navitas Semiconductor,https://news.google.com/rss/articles/CBMimAFBVV95cUxQM2ppOEVRYWF3STdMRVd0RVRwcXNpMzNzR2dWa21taDVmSk85Rl9UTGdTLXJoZkIwVG5LR2pmdjJOM1dYT2hIbzJTeDVBdUxwZmVicGdRc1o2TzVtRkFIQ2ZsT09Sem80OU1IcG03Ty1LbU9mQUVqWWozUm8yM0lsSjZXRlY2V1d6WWtEVXZ1VDlmUkIza2sycg?oc=5
2026-01-27 03:00,The Motley Fool,fool.com,Forget SoundHound AI: This Tech King Is the Real Voice-and-AI Cash Cow Worth Betting On,https://news.google.com/rss/articles/CBMimAFBVV95cUxOQ0w3TkFNbWgyeEF2TnNiWktHLUdMLVVuZzJvc2QweE8xS09EZ2h6RlloWnRwdTNMZXFKalBPLXZiUnV2eklxcmd3MnQ0d29jQmtNVlBBNlpqNUtQRjQtTnhGLWZEOTQ0czctRU5mSHd5bnN6SV9tVUQwY1kwVHkzdko5dGNQMW5WM0QyMUdfeDZoRUxoYzRfbg?oc=5
2026-01-27 03:00,The Motley Fool,fool.com,Where Will SoundHound AI Stock Be in 5 Years?,https://news.google.com/rss/articles/CBMikAFBVV95cUxQel9nQzNxQzlBZDdRQ0stU3NwZ2RyQUE3Mll0S3J2blA3ejlyblZIVnRGa01oS2daeXRCdUpkUGRZVVNRX3U3WjB3SlVVZTRKTnktUTc2c2dxSnZTUXVWMkdZWHM5bXhLR1hnLXpia2U2WEtySEdWdXB1NUlMZWJNWUdOZ2JEc0pSdjlNVy1DQ1Y?oc=5
2026-01-27 03:00,Yahoo Finance,finance.yahoo.com,"Why SoundHound AI, Inc. (SOUN) Outpaced the Stock Market Today",https://news.google.com/rss/articles/CBMifEFVX3lxTFBzclN1RlZTSENvUXBmWUhBWUVXUDktYnpwckRIS3JfWEZuZE5HeF9ZRV9xNjBDWlVLRVg3OGVnSnlaelBYM3dsR2RZVWNXZVJtVUhRVUdiSlNKRlBvcExDbXo2NVhNZDAtTFgyWlhva3pOVGZzTEFqS2RYQzc?oc=5
2026-01-28 03:00,The Motley Fool,fool.com,"Forget SoundHound AI: This Walled‑Garden Superpower Is the Safer, Smarter Way to Profit From Voice AI",https://news.google.com/rss/articles/CBMilwFBVV95cUxPLUxvUUFrU1VZOWVHV2J6NVpPbF9FaFhPNE1DaFZ0YlhVaC1XVFU4R0I4bzgtQ1dDUHdhbllPNUp6ZW9DQVRxUFpGNXlQbFc1SGRERUhyeHYwWDJpeUs4R1pRQUtQalc2dERqdjcwSzVJR1hleVdpTENYMHlDR0ZscDJLOC1Zdl9OTXFCdlk4YzhCNU1Hb0hF?oc=5
2026-01-28 03:00,The Motley Fool,fool.com,Massive News: SoundHound Shifts Gears With Agentic AI,https://news.google.com/rss/articles/CBMilwFBVV95cUxNa0VRd3pRem1sVW5kSWhQcWVQa1JqejhNNXZOUlBoZ2hxZGhUNEhSX1lKeW1uNmdCRENUNFZlaHBINi1veTgweEtlUkNIOXk3dTdQcEUtc201UERBMEx6NjJXcWJJb1ZfZUR4bzZnSm9ydl9hNVZfVWVESDhCdWtQd1g2MmJNdUsydWxwUlQ5VlY2WlB4ejBn?oc=5
2026-01-29 03:00,The Motley Fool,fool.com,"Forget SoundHound AI: This ""Magnificent Seven"" Beast Is the Real Winner From Voice Commerce",https://news.google.com/rss/articles/CBMikwFBVV95cUxNSHlwSUwzNW9kY2haOTFKZVhteWNqOXdhOEJjdF92S3kyX1liLXYxZUVhRXhMdlprSFozSm1Vc2lpWk5pTXZha2Q5TDVjSUtkSFl6OUtQRmNpdWhhZmlicElVbmxVemNxckZRVE5ZbW1wT3IxUk1ldF9zdnBTdHphT3VjM0Zlcm93djV0WHBsTUZpNGc?oc=5
2026-01-29 03:00,The Motley Fool,fool.com,This Popular Artificial Intelligence (AI) Stock Plunged by 49% in 2025. Here's What Could Happen Next.,https://news.google.com/rss/articles/CBMilwFBVV95cUxQQjdHNXZlb1hxSjJmQ2N0TFczRDNDYnVvMmt0ZVA5MUVXa2FtZjhQLUFHd3JOVm1GTXR0eVJKQ29jYWQwVjJNbU1WNXQxTF8ycjZ6UHhzeVl6b19oUWtYY3MwX29SdUdfYjZzX3ZldTlITkVGdVZqNzROSVlQSUh4eHYySHdJUUdadEtGSVNPSXRyYTdQT09r?oc=5
2026-01-30 03:00,Yahoo Finance,finance.yahoo.com,SoundHound AI Partnerships Test Real World And Enterprise Growth Potential,https://news.google.com/rss/articles/CBMiigFBVV95cUxNTTFZVUpNWnlmS29ydzctLVB4ZF92aUJUMEN0Z2E3VGhnM2FoWjEwbUkzNDNyOUdsNFpLU2VqaHlXdVJEaWNQVlJveVJHM0RNcG8wQlBoU2F3eWtRUUZEUlVpeDZuYXk3LTB3RlRaWUJBeTRiNGZsRmV2TlJMVTVjbkI1Wi1HTm9HcWc?oc=5
2026-02-02 03:00,The Motley Fool,fool.com,Forget SoundHound AI: This Enterprise AI Name With Deep Government Roots Is the Safer 10X Shot,https://news.google.com/rss/articles/CBMilwFBVV95cUxOU2Qtb0pobXBVdkVWbldGSkRNeHVJYXhmR01UdEM2d3JCd05Ic005enZuYVdwTTVJa2o0OFpHTEtmV1U0c2M2c1JmX1pWbkFZdTR2MHNXWHFnblJKUlBnV0p3OWRPVjlfSDh2T19wRnAtRzhjcjRXZ2wxd29iSE13RWtiTmI1N20yZlBORmNRNU9aYzEtTWJz?oc=5
2026-02-02 03:00,Yahoo Finance,finance.yahoo.com,SoundHound AI Looks Primed to Deliver Supercharged Returns in 2026,https://news.google.com/rss/articles/CBMihwFBVV95cUxQTnkwZTB5Q3Mxaks3aUdTNVUyclY5SkZFd1RrNEJGSjdTYVl2NExWbkFQQ3dzUzNKa29TcHExQkZBTHk2WExoLXlrNVB0NzBUeGQ3LWIxZEFKc1V5ZDR6QWNjOEN6c3BBQWxFcDQ2Qkk2cV9nWnMtaVpsSlplZkZFR2Jxak4yOVU?oc=5
2026-02-02 03:00,Yahoo Finance,finance.yahoo.com,"SoundHound AI, Inc. (SOUN): A Bull Case Theory",https://news.google.com/rss/articles/CBMifkFVX3lxTE5Fd2VJa0VuUHphcFc5STRDZ2ktcWVScUc1VnRiRzQ3dnBEcnhTVWJiS0s1Vm1RV3M1dWRrX0ZYWkFkam5Tc3hhVzI1MzZVbGppWWItYy1ydWh0QW1STVlGME52dm9HNjBXR3VsZm4yM0dmejJrQmpMWUowLUw2QQ?oc=5
2026-02-03 03:00,The Motley Fool,fool.com,This Overlooked Artificial Intelligence (AI) Stock Could Be the Surprise Winner of 2026,https://news.google.com/rss/articles/CBMimAFBVV95cUxOS0k0c2V1SEJoUmJ4TkxjRHBSMWVXQnowampxZ1RST0ZPVkl2aVhNZ1RLTXkwUzBmSkNDdUZ4LTY5U3ktandrRUc0WVgybnRJMl9BZEpyUEh3a0NhSWY1MTY0cDBYWHZUV3lZNkZqaFMzZDA1aGpLZXBXd3FBUHdiamw2V3VwVXNZeXV3ODNfQnRTNFRiRzlYUg?oc=5
2026-02-04 03:00,Yahoo Finance,finance.yahoo.com,SoundHound AI Expands Enterprise Reach As Shares Trade Below Targets,https://news.google.com/rss/articles/CBMijAFBVV95cUxNTGVVdkNKVnJaRExVTWhtakFHSFk4aWp6MmJGRHZsUFhNTEE3NzI1UmJYX2RSNFdCYnI4bDk4SzN3dHRwTEoyMU95Sl83X2ltNm8yTXF6NHhZMDFmZVZYYkVGRUV4TFBJWWpuWFdiaF91dFdUOFotYUNYWWRFY3dhMnBOYl9tT2hvMlJBdQ?oc=5
2026-02-05 03:00,Yahoo Finance,finance.yahoo.com,Will SoundHound Stock Gain From AI Recognition and Rankings?,https://news.google.com/rss/articles/CBMiigFBVV95cUxNeGt5Rkw1ODNER1dYa3MzQnNOcTRaUk53QXpuenJXbW1pTC04dkd3SDI5anVzUDRfT1E4YkZ1bUNXdm1RVGp1dmJYaGp2OThBOGdheXdZc0I5X1hBc191eUxMZnVCd0RZQUNYc1pURi1kOUlhM285ZXl4OHhLdkJzMklLWHhseDlVWHc?oc=5
2026-02-06 03:00,Yahoo Finance,finance.yahoo.com,"SoundHound AI, (SOUN) Bridgepointe Tech Partner to Accelerate Adoption of Amelia 7 and Autonomics",https://news.google.com/rss/articles/CBMiigFBVV95cUxOanhwRHowX05zQk41UEEwTm5yS0pOTThxd01ybFBOSzRlcnJ2bDQ0RGJiamxaanRhZDhlRnVzMzlkdkdncU1lWUpJalh1MnFLZFNfZ2pPZlNoNW5EYWtFUVQ0R0c4LXFrT2Y4WHpZNndpQ29UX2FuNnlMQS1MUVc5OGF3Z2xMRk91amc?oc=5
2026-02-08 03:00,The Motley Fool,fool.com,Forget SoundHound AI: This Colossus AI Stock Is the Only Player That Truly Owns the Data,https://news.google.com/rss/articles/CBMijAFBVV95cUxOaGFOZjAtdnRnZWNWUzU0Z0hkd2R3Y3VHcndYTy03Wmc4a0tkb3hCaFpUX09Tc2JYYkh3b09CTlR2SGR4a2VMUm00YmdLQlMtVVRVb0ZvUE9oX2xqMzRsYkJwM3VUSEFEaEtoX1ZRenVkNy1xamd2Mm9wOFlFY0FYY1hJb0xQWjlvSUM0aQ?oc=5
2026-02-09 03:00,Yahoo Finance,finance.yahoo.com,SoundHound AI (SOUN) Valuation Check After Mixed Short And Long Term Share Returns,https://news.google.com/rss/articles/CBMihwFBVV95cUxNUkhXOS1NOVhneXBTam1FN2taLV9RNmdDVkFpcDN5dm13bFkwTHJveVVXVGVIVzRlS3dUcDNOMEhwUFZrSDdjMHVFUWMyUDNEWEVFZ2ZtQUE4a0ZVc3ItSi14SWRuTTd3YjVsRW5SR180QWxGSEo4WlBjc3FIY1pFUU1YNkJaVTQ?oc=5
2026-02-10 03:00,Seeking Alpha,seekingalpha.com,SoundHound AI: The Software Selloff Hasn't Made This A Bargain Yet (NASDAQ:SOUN),https://news.google.com/rss/articles/CBMiqAFBVV95cUxNR0xvLWtBZlNTVlU0UU5YYko3OGNyVU90aGd3cFV1ZURTV2dzWXIwcjVlQzN2NkNDUjBJRW9UbEttNzFxOXNWem1NS01ZdjhDTlZUeG1DZHRLdzZMQkRMVkphS1dOT2R1WHhOTTVrZTJkeHFaVUNjdFZlUVpabWwzRXdBZWZXeVZaUnZuc0tzQVI1VThNdU8tbl82YVhELTBwX0NGb2pQYTY?oc=5
2026-02-11 03:00,The Motley Fool,fool.com,"Down 65% From Its All-Time High, Is SoundHound AI a Buy Now?",https://news.google.com/rss/articles/CBMilwFBVV95cUxQWG1XOU5oa1BfbVp2Y285NFZOclFxaG93blRrd0ZQYjJfcDVxaDVObHNhZ0N1djVWc1NMTE10TEdIZ3hHWjBsUW84QUZUeExRUTIxYnFsOTQ2S1NzUkdZa015WWlqa21LbE1abDJzNmlCY21IQVBjQkZ6Sk5zbHVBYmlMWFRNZi11dFdCanF0TkZ1R3pLeERz?oc=5
2026-02-11 03:00,The Motley Fool,fool.com,Forget SoundHound AI: This Enterprise AI Stock Is Turning Government Contracts Into a Cash Machine,https://news.google.com/rss/articles/CBMimAFBVV95cUxQUkd4MWNZcDJ5cHdtV1VlQnVxRlZuWE5EODExdTFkbW5mcnNMdmVSd2JmNmt4WEVISzF6dkc4bTFRa2pXYjVyQ3hGS3B4cUVYa2Uza21kTVdZYVNBajNoa1ZuTEVPcDNCNnJKeTE4VTdhTndDcWp3WFhYR2ktUnFDYTVueWl4TjY1M2Z5Tk84RWE3TldESEtLZA?oc=5
2026-02-11 03:00,Zacks,zacks.com,SoundHound Stock Down 29% in a Month: Buy the Dip or Avoid Premium?,https://news.google.com/rss/articles/CBMiqAFBVV95cUxPbGFkUTAtNkRtZVFSZlVZWU94TDktS1ZxXzN0N2s3UFhFcV9rclB0SE1fdWExUFIyRUFKNEU2ZWJkMG9DRGE5NGdWZHA0V1ZLcHprV3MwaVBTLUpGT3lTTGp1eVlLQk5tbGx2MU90VU0wT2hxNFEwVkFwQ2JzcnlnZnRodVgzUFppNTVjMDBmOVVtQkVmaEdrVElBTHlfR0ZWRDBVQTIxNDY?oc=5
2026-02-12 03:00,Yahoo Finance,finance.yahoo.com,SoundHound's $140B Total Addressable Market: How Much Is Reachable?,https://news.google.com/rss/articles/CBMikAFBVV95cUxQLTV1aGZsbFVFVTlYNl9yN01pazJvU1pNbGhJcWVJbEV5SHlGLVN2bC11cFVLR2x6VWZTTU51eVFZRkdQWW41SDlvRVlRS1hoMmVXSEVvdjZIeFpzTmEzdlJWeU1hMDc2dXVPVk1KaTZENFV4MUw0SU5aNTRqb2JLR1pOU1hOUkpaQUtXX0MxTEo?oc=5
2026-02-14 03:00,The Motley Fool,fool.com,Is SoundHound AI Stock Your Ticket to Becoming a Millionaire?,https://news.google.com/rss/articles/CBMimAFBVV95cUxOMjRieXJKT21xZFg0VWlsVG5kVlY5YXZkMzBLYU1pV2lmNHJQdHZPeTFubkd5NEw4VE83WkFOOHByNS1Uckc1ZHFyR3JWMDRpMXRjQjlELWdDVEs2eERPS1owd0U0T01uVFJieGR0X3JjSVRNZmZQT3VJZmRQT2hEOXgyQ05OSGUzb1hzR3FuUWs4bkM4akFtVQ?oc=5
2026-02-15 03:00,The Motley Fool,fool.com,Should You Buy SoundHound AI Stock While It's Under $8?,https://news.google.com/rss/articles/CBMimAFBVV95cUxNSkpMWVZCdUpGUHlzbEs3SDFrbUhTZ05oNVcyOWFuYlRXUEFDVk9QeWt2bXpPWWlGcUJJeWszVkdQYVp0NE40LVlyYW9zajRCbDU0MGJlYlVuZHFfd1puOVB0R09LUFBFcm1PSDdwVll6OTBqTGY2LVJFeDF3UDBiakoyTFFYcXpWM19IczJ6T0R1czBka1d2aQ?oc=5
2026-02-15 03:00,Yahoo Finance,finance.yahoo.com,SoundHound AI Voice Commerce Launch Tests Growth Story And Short Seller Doubts,https://news.google.com/rss/articles/CBMiiAFBVV95cUxOV2phcEU1d2NjbzRKMFlpN1dBRXhYLTdjWU9wS2ZQTlpzZ29hLTZlSmZ4dUtQM0dVd3pnZDBBZExlOWloSG9Rc1gtcjUxZk55dU5uWXNIR0l4Z1VPaTJIbi1JSFEweENjSkxBMzg3OExac3FvV0tfX2xtU2MyQks1ZHNISDdFRVQy?oc=5
2026-02-15 03:00,Yahoo Finance,finance.yahoo.com,SoundHound’s Week in Review: Earnings Uncertainty & Valuation Questions,https://news.google.com/rss/articles/CBMikwFBVV95cUxQRWZlSWJoQWlac29FSUdxb2tyc2JGZy16Y0VCRDZraWhiN2x5eEFheVhabjFTS09xY1EyUEZXRGlFLUFUWDBYSE0wcFFZOXo5eWctRnBwU1RvdFRhQ1h4c1BXUUx4Wk1ocEZfVGZweGNRM2dFZ1JfMmwyNXZBX1JTbXFVVDhNRHhSYWRHTlFEMFVEbDA?oc=5
2026-02-17 03:00,The Motley Fool,fool.com,"1 AI Stock That Could Turn $100 Per Month Into $27,675",https://news.google.com/rss/articles/CBMikwFBVV95cUxNS2UwVlF2d2duUHdoQ1ZtaG9COF80eDhrTFA2R0VsOGNlVFBqUUFrLWY2TEJ4bENrakY0T1Bub25vd1dLcTJnbHBReDcydUZ2akZ3MnRGTnF2T1EyWWhIVC1GaGpKODROcGtOdWRCZ1RzYjZqRmxXVVE3bVJ1RjBHREVwWWRTS1NCVF9wMUx2UnUyc0U?oc=5
2026-02-17 03:00,Yahoo Finance,finance.yahoo.com,"SoundHound AI, Inc. (SOUN) Stock Declines While Market Improves: Some Information for Investors",https://news.google.com/rss/articles/CBMif0FVX3lxTFBpYkVTaDkxZndkTExLcy1sVXRESzBmNFBYUl9jN1h1M2lPM2NzY1ZWLURHZ3RXMHktUlF6b3JSWmxSZXVRdDlKYlFZOHJwbWpIM0xvX3B6R1dvc0J2QlJsV1dVU1p4V3Mya0RwYV82bjgwd25zSWwweU5oeVRISzQ?oc=5
2026-02-18 03:00,The Motley Fool,fool.com,3 Long-Shot AI Stocks That Could Make You a Millionaire,https://news.google.com/rss/articles/CBMimAFBVV95cUxNOXFvLTJyay1odHRFVkxaSXB2SkpwZkFZYkZiY00zMEM4YUJQOEpReWFmLUIxZFUxLTdJdExqVjlfSkNoRG10cHlKaTVuVUFJejA1MzN0YlRITzRrdFJxS3RRck1pYVA3QnJiUTg4UU5ZMXlkSWJQdmdHNVZmYkZKaHJiclVVcW81NlFRcEZaXy04NlJzR3VXRQ?oc=5
2026-02-19 03:00,The Motley Fool,fool.com,"2 AI Stocks to Buy Before They Soar 37% and 108%, According to Wall Street Analysts",https://news.google.com/rss/articles/CBMijwFBVV95cUxNQ2taNTZEMEt2RkIxdXRSQndIQXVMdUVDQmZUWmdBSFdfeDZ1UjRhQ243cXhxREpMenAzcjgzanZSUThNVi0tWDNxUGhZWXNZWEJacDFydU9TdFF0bmtjRkJ6bDh5VzFEcVJPWWxOZTdoeXdETGlKUmVDdi1hdjBrTGlmM3AxNWlPWi1ZOGdSOA?oc=5
2026-02-19 03:00,The Motley Fool,fool.com,Prediction: SoundHound AI Could Triple if Execution Improves,https://news.google.com/rss/articles/CBMimAFBVV95cUxOeFF4MF91RkpFNS04cWlyWTVheDZldDJaQTlNQklMUW4ybFd2TFZwWDhYT3l3eGZtUzhUQ3FldGx1UHhOMldRZnc5QUhSZ0JqbEFuS0QxZTZMMFI3RHRMQUh2NFJlRFBvTmktYlpOVkFmY08zdndoMWxvUC00WFVUMklMbjJmbE03NFA0emN4OHBlZDlVVzV2MQ?oc=5
2026-02-20 03:00,The Motley Fool,fool.com,Prediction: These 2 Artificial Intelligence (AI) Stocks Will Soar After Feb. 26 (Hint: Not Nvidia),https://news.google.com/rss/articles/CBMilwFBVV95cUxPMlZCTnpvTFgydGNRM0NiOWZXVE5qdlpvWS1YVVEwVElweUI4QlkzbTFFb3daTGNGZk5Pc3p3Tkc3LVRacVpiMEt6QWs0VUswR2FLaXRLZ3hpNDhLWGpTR3VFc181OEVkZjlyRk9WUmdOUzhudXFwWGJmY0Jpb1l3ODc3ZjZNTlNsMDNwWVgyYkhXdUNoZ0kw?oc=5
2026-02-20 03:00,Yahoo Finance,finance.yahoo.com,Do Expanding Gross Margins Signal a Turning Point for SOUN Stock?,https://news.google.com/rss/articles/CBMijAFBVV95cUxOSVFkd1RQTHJOQ1BMUUZUSGotcGloemJaTmc3VFJ2R1BacmJmMGEwNktPWmFVTTZLYjZrb2Z6ZTFFaUJ1a1lTYi1saU5KMjE5Rm1neDlESFB5LTZkekMtQnJqaUU5TEpaVlFCS3lha0pORmJvdFFBY2M1ZFV3X3FzWlhnM3RSdERtYkNNMA?oc=5
2026-02-23 03:00,The Motley Fool,fool.com,Don't Buy SoundHound AI (SOUN) Until This Happens,https://news.google.com/rss/articles/CBMigAFBVV95cUxQQW9YdXdaUmxqdFRrZElzNGtDWUpXb3YwZm9HVHA3TWNCMGxjQXdoZlZnSU9sNTJ4OVM0NkJxMEtWbjVpUC02YUtuNDVvUUhOd19LMnk0bl95bnBkZFhhLW9PbzJEdUVyQ3BvYUhOSjY1aGxZeG5yYloya1lMNVFINQ?oc=5
2026-02-23 03:00,Yahoo Finance,finance.yahoo.com,Will Another Strong Quarter Push This Under-$10 AI Stock Up 225%?,https://news.google.com/rss/articles/CBMihgFBVV95cUxNM3ZyQ3JlaC1JcUptZFYzVHV2NlNGZHgzS3VscmtHWTloZG1maEF2OEdaWng0ODNZY2pzODFPOWowNndSeTUybnFiSkxBYWZfd0Y1ZW9tMTYzVEFjaFJIS25zanh5djNRYU4zWDFZU0pKbEFuUEZUaVliTFpYMnlDVWlObUp3UQ?oc=5
2026-02-24 03:00,The Motley Fool,fool.com,"2 Unstoppable Growth Stocks That Could Soar 117% and 125% in 2026, According to Wall Street Analysts",https://news.google.com/rss/articles/CBMimAFBVV95cUxNcEJuZzFCWk44QWpkN1ZsdDN5VkZkLUpTWkliUHZxMU91WDdLTTZ3SjBpR3lPMzZRQWYzWndEWURVdEdUdm1XWWJZeURWYjVSTzVyRU5QbjZxR2k2bktpblNqbGhrY3JEYXNfMGFKVXpzaWIyU3RpczdvM3VuaG9wRFlSRlNFQ205RWxsaWQ2U0VqblpZakVtVg?oc=5
2026-02-24 03:00,Yahoo Finance,finance.yahoo.com,"Amplitude, Freshworks, SoundHound AI, Unity, and GoDaddy Stocks Trade Up, What You Need To Know",https://news.google.com/rss/articles/CBMijwFBVV95cUxOak81R0oyUHV6T0FpQUNUSGZNXzl3TzNqQ01XSGJrd1pTa1FHaWZQUE1vMjl0RVhqS2pzUnU3ckQ1cl9EYWh4ek1Na1VycnpTVk1seGhTNHB6dVdPVm43QzRMemhSWUZKclpTRWRHUUxBVVllT1ZLWG9JOHFndExkbThHLWJpN1dYU2llallPWQ?oc=5
2026-02-24 03:00,Yahoo Finance,finance.yahoo.com,Prediction: SoundHound AI Stock Will Soar in 2026,https://news.google.com/rss/articles/CBMiiAFBVV95cUxQMGJGUUU3SDVLM2pZdnFBWU1YdDkwSG1sV2NodDBMUHlOU3hCVEJaSXdldXBFc19Cem92a25ZaVdZUWlXa1lTaHJGb2VmX1lYVjF2c091MmdNQ3E5Q25CaS0tUTREcVV1UG13T3czZlpSbmRQd1JDT0dpVVRkSVRYUHJNVWNBY25E?oc=5
2026-02-24 03:00,Yahoo Finance,finance.yahoo.com,SoundHound AI (SOUN) Q4 Earnings Report Preview: What To Look For,https://news.google.com/rss/articles/CBMiggFBVV95cUxNWWdsdGhUQWdVYTlscWF0RjJQT0dkVEpNZTVpM01wekNvb3B3Y2VNTmg2UVphNE8xbFFnanp5RENRZ3FnaWdYNFZqSEVHTVhMTl8tbHV2TTlGaWZuTlBqOXo1RHZxZlJ6bkQ0SGxhZ1pIY2ROOGJLVnNNQ3JMbko2Wmpn?oc=5
2026-02-24 03:00,Yahoo Finance,finance.yahoo.com,"SoundHound to Post Q4 Earnings: Buy, Sell or Hold the Stock?",https://news.google.com/rss/articles/CBMigwFBVV95cUxQY2NVdUlpdDAzMHkxNG80Wk9YNWlWNng5SmhlOXBRVFpYZmJkTnc0eVBrODVhWWFsbjJ0TXZwcGVsMFVGU1hTYURFMDdNZ3d2eGtxNDlacTJ0Y2VxR0ZzZl9uUXRRNUtnQTB1a0Ewb0l1X1laako5a1lMS3MtTVFoXzBZcw?oc=5
2026-02-25 03:00,The Motley Fool,fool.com,Prediction: SoundHound AI Could Triple by 2027,https://news.google.com/rss/articles/CBMikgFBVV95cUxNLUJKcEprSkt2bGtxdEJqTjNtQ181T3h0bUxJeFFtYVZ0OWNFLXhubGt5ODk5N3FxUHZCcnViVkt3S2RxQkFrZzhSQXM1MEstV0E0SG1KRWJJNU95VDBRUHE3LWR4WHVxY1lIcHd0OUZ2WWNCdmRqcTBBN0toRVAwNDNDSExRQ3ZyM2ZCWk1FcGFTUQ?oc=5
2026-02-25 03:00,Zacks,zacks.com,Can Sales Assist Supercharge SoundHound's Retail AI Growth?,https://news.google.com/rss/articles/CBMinwFBVV95cUxONzFMT0xlaEJFRFJ0T29WLTBPWFBFQU4xOVRROXlWZDlrMzdrUGJuaTdXY2h0YmJGVnRLRWx4Q3puc2FHck40UFRyTHBZSnJNYW9ZazRnc2w1VTNxVjJlSXM1bmFsWEM1VXA1MDNJR1ZET0NlcG81V0xrNzFHclF2R1NUQVJwazdTWkZ4YUVWREtoNkpDZ3gxMC1hM0ZDVmc?oc=5
2026-02-26 03:00,GlobeNewswire,globenewswire.com,"SoundHound AI Reports Record Annual Revenue of $169 Million, Up Nearly 100%, Forecasts Strong Growth",https://news.google.com/rss/articles/CBMi_AFBVV95cUxQSjBUSUp3QjhWOFdMNm92NWFhWTBkRlkzd3pPWmF0LUxZZnF1dVFhLW9tWEgzazRta0t5cXVRbF8xaDdHY2lCd0ctRzdnOUI4bFZSa3JHSWgxMGdNWGJqWEpfb0lTYTVLdFJtLXBjc1lBQnAwOTFYMlJlWVd0MU1mWmdXcmxESXJ0cmZUelV1RkJYZ0U1SzgwSnI4alFZMlZfYmxHaEpwOVZhalJIOUR3a1MzVkE4VEROTVM3VmlLNzFKLVFzWGg2SG1zd182WEQ4bjI0U1ZPRkpPc1NFX3Z1alhhRzA1RjFTT2l5dE0wUFZieWdEbFRLcU5wUGo?oc=5
2026-02-26 03:00,Investing.com,investing.com,"Earnings call transcript: SoundHound AI beats Q4 2025 EPS forecast, stock rises",https://news.google.com/rss/articles/CBMizgFBVV95cUxNeW1DRnlVbmtGaUsyS3ZHdERmdVE4V05PQnY3VDBadTFpOHBqcS1Mekl5eC1TcEdfZTNZOGFNZlN4d3AzYW50LVNpSmYyaXZ5ZDlIdWYtdUYwVFpzd0VGeHRhRzVhRC1zTlRsSUJDWkdHV0VYeU5LTTA0TzBHNzB4OThzdGcxdC10V0R5N3l1TnpZZTRVUmRyMEZyQl9rb2d0YkdXREhrWi1lRzdLNkFoaGV3alVycWJWaHIyWnJtY0FKTkUwLWliYVhoZ19mQQ?oc=5
2026-02-26 03:00,Yahoo Finance,finance.yahoo.com,"SoundHound AI, Inc. (SOUN) Reports Q4 Loss, Beats Revenue Estimates",https://news.google.com/rss/articles/CBMiggFBVV95cUxQdkYyaDY3TFRZb1hCbEJxdjM3enBSc1VBQ3pUTzhZV1RfZE00UDJXY0s4UktiZW5OQWZUNkNqMUtYUmNGX0w5NDZwdXpYUGZNSHVWM0tHQ0RQZ1BGbUotTHRDYlVOS3pRT2tBRk9MQS1rRFdYcDJjaGR0MTFyQ3JJSmFn?oc=5
2026-02-26 03:00,Yahoo Finance,finance.yahoo.com,"SoundHound AI, Paychex, LiveRamp, Palo Alto Networks, and Q2 Holdings Shares Skyrocket, What You Need To Know",https://news.google.com/rss/articles/CBMiiAFBVV95cUxQOTZNY3BYR3RRRERGdFl6bm52LWZySkFVanBvQldJM09MdUdncy1fX3NSamtLcDZZbDBuQjJkUHRWT2xDY240eER5aHNIOXROeEl2d3cwT1VrZ0NSV2E1N0tuRDd2NjNUMU5sVlZPNFFTVkw2MC1pZ2w4ckg1R0E5czRRR0ZSN3lK?oc=5
2026-02-26 03:00,Zacks,zacks.com,Can SoundHound's Bengaluru Hub Accelerate Global Agentic AI Growth?,https://news.google.com/rss/articles/CBMiqgFBVV95cUxOVXV0WExxcEpxWW5YLWVHXzFrQ0ZDZmdvdHd0aWtCTUo0NkdaSDIxMkgta19xSGZHdjRycHdyWk9WdWJIaXhWcmF2R2loYmU2SFBZVWhPblpxSktjWVUtX0tCLS1IekVQVTA4UmJYbHQ2d0dTS2xQOE8xVVZLNGY3X2lycWQ1QkJwZEh6NFZMeVYyTk9USnNpQUNjMUVEMEJ2YlJtcWFzblNaZw?oc=5
2026-02-27 03:00,Yahoo Finance,finance.yahoo.com,"SOUN Posts In-Line Earnings, Strong Revenue Growth in Q4, Stock Up",https://news.google.com/rss/articles/CBMigwFBVV95cUxOc3k0UG9RNWk2M1RfMmhGOE43V0xuMEVPV0lYTndvSjljdEdMZzNXZ0p4Mm9SNVlzSm90ZHdCNExJSDkzbEVYVDR5NjE3Nl9jX1hUeWRseVNLY2JfQTdRcm1jdTBCZEptRnE5TTg2RW9MVEVNNW44RmtraXpocHIxMlBmQQ?oc=5
2026-03-02 03:00,Investing.com,investing.com,H.C. Wainwright cuts SoundHound AI stock price target to $20 on valuation pressure,https://news.google.com/rss/articles/CBMi1gFBVV95cUxNbVFaVS16RWN0T0NuTDZkTE1YZkpud3FRZ1Q3RVdYSnlVRExWU01aa3gwLURVcndZUHVHT1RodjQwVmc0aUNTWkNyUUhZdzhETVhnMVVBdGYwSVJUZ19RMXBxUEQyQWF6WGtYa2FWalM3LUV0SndSZVhGUVRoekNySTBqc0doUlZmOVB1ZHVQd2F5enBsWVE3VnlzaVg3SXpkZ2ZqdmRqWGtvSW9rekN2R3A0U3B5a2NpdW5HTTVBM21CUnZHZmNHd09xZkt0T2NqME1TVWFR?oc=5
2026-03-03 03:00,The Motley Fool,fool.com,3 Red-Hot Growth Stocks to Buy in 2026,https://news.google.com/rss/articles/CBMiiAFBVV95cUxOUFYwTXJDSEJ3X3ZSN2l2dkJaQi1IMVVLOHRWNF9IT3YtbEp2bkFLaHRtWlhzWHRJZ29TRmo4cURLSHVHMU5WSFd1c2JLZlc3UXN2SnhUckRrdGZOUng2ZnNtMFJWMGZ5VG4xLWNVbi1zcmlDUHVBdTc2a3F2NnlhZjVmcVBQa2ZZ?oc=5
2026-03-03 03:00,The Motley Fool,fool.com,Battle Royale: BigBear.ai vs. SoundHound AI. Only One Can Make You Rich.,https://news.google.com/rss/articles/CBMikgFBVV95cUxPQzJRNnhfbUUwN0NlMW1kWWs1ek05T2JsQzlTUWQ0bC1PYkh0VXFRVTk4MlFNRmowMy1RMk43REZIOWpEYzNFWEl6YzZZdF9oXy1ZU3VpcHl6LWlhVko1WFgxQ2hjdHdnTkg0bTlHbUlSYmN3ckJ4dC1JVk8ydU9fM3JxSi0wcFN1bDN5ZVVoRk9TQQ?oc=5
2026-03-03 03:00,Yahoo Finance,finance.yahoo.com,"SoundHound AI, Inc. (SOUN) Is a Trending Stock: Facts to Know Before Betting on It",https://news.google.com/rss/articles/CBMigwFBVV95cUxOc2FzdkVYVzVyVDRKWW5CUndqOExxM3ItX0NYR1cxN1M4a3hvOWRzVkp3U00yTEx0ODdOTy1UOHg2Tm5EejBYU2hmbmhNN0tQTERnSFFVSUNKN2lxeGdiX3Ric181ejlDd1FYRmpkZEE1Z1VWYS1IM3UyQ1R0UW5sdlAtTQ?oc=5
2026-03-04 03:00,Yahoo Finance,finance.yahoo.com,"Analysts Split After SoundHound AI, Inc. (SOUN) Reports Q4 Results",https://news.google.com/rss/articles/CBMihAFBVV95cUxOOUptcVN6MWdsVjNfSzEwOEdCeTZsOTBra2Q1SHlVZGRlM1dWc0ZJVmdBOUNVel9ZMFZ5UVNrT0RSYVF1UGdGOTNSYlI1U2FxZ3JQVV9SMU5rZmVWR25XWmVoU2hCbzduU0dQZVktaEdXc0FwT0VGektYLXh3TXBPRjlwaGs?oc=5
2026-03-04 03:00,Yahoo Finance,finance.yahoo.com,"As Revenue Continues to Surge, Is SoundHound Stock a Buy?",https://news.google.com/rss/articles/CBMijwFBVV95cUxQbFZxcWp6TFJOdkpsV0kyRXFudU90VW5oWTJCemd3aURSZW52LVJRb01QWVFjTmd2bmo1ODlsQlk3M1Q2LTg3VUlEano0OU9IUjRfUUx6OVJJbEpxMUZGVlRCREFidTFhc0xkZmNqbEY2WEdNNHpteDNnTVByNVlhaTJfeHZmZVQ5MllHNm1DSQ?oc=5
2026-03-05 03:00,The Motley Fool,fool.com,Is SoundHound AI the Ultimate AI Play for 2026?,https://news.google.com/rss/articles/CBMikwFBVV95cUxQTTBLTHN5anBidFpoV0JqcG1rWktpaVhnNEhsU2RDS1hiRlhncGFqT25ydHZFZTIyT2R3bWc3emExalRzd2xKR3h2WVhWX1p5dlJxZTRuSFlxY1RpcEdpWi0xRGYwM3lTRmMzUXRtZ3ljcHNpOWZGeEJmNmlyM2tkRWVaWDVNMVhTTVZSQ3dPdV92VVE?oc=5
2026-03-05 03:00,The Motley Fool,fool.com,This Popular Artificial Intelligence (AI) Stock Is Down 19% in 2026. Here's What Could Happen Next.,https://news.google.com/rss/articles/CBMilwFBVV95cUxNb0kxVlhhc2MxTlFRa0ZKemM1R0NQd3A0c0FFMVY1NVB5SHAyeEVjMnJkQk5SUTBjVGhuemFrUkQ2Z21KUmFaYmd4NHA3U0ItakJjdWtmd3N6bm5Lek16LVlzVEk5RVBhdlM0cW5GNmhXeDFEQUVkNmZWN1VmcldMQjljMmkzTTRzbGdFeGNPdnZnemZ3WjBB?oc=5
2026-03-06 03:00,The Motley Fool,fool.com,"Agentic AI Is Rising Fast, and SoundHound AI Might Be Better Positioned Than You Think",https://news.google.com/rss/articles/CBMilwFBVV95cUxQSkU1ajVlSU1pTTJZd2ZmV1pDMDB2d1R4eHl4amZhN2doaHRVYkZuRFVqX2ZoamRPUkswTVNYZE1wM01WeHYtOVp4OUJpampKRGd5R2JjR3hvb2NkSWo5UWhfdEdKbG5NOGlqeE00dW5MWnNpTGpVV2xCV09CYTljbXQtbHNWYW9CMVBpWVVOeVFnbUp3eUVN?oc=5
2026-03-06 03:00,Yahoo Finance,finance.yahoo.com,"H.C. Wainwright Lowered Its Price Target on SoundHound AI, Inc. (SOUN) to $20 and Maintains a Buy Rating",https://news.google.com/rss/articles/CBMif0FVX3lxTFBJN1BUbjdJQlpXdVVfSUYwVGRmVGJITzlUakZYWDUyUTFsOTVqblpBTTFMM28zN2FuVTg3OUJJSXM2ZVFESEx4RmRIV0pkQm1sWU9RR00tckczNF85VXM2UHh3OEdGaThOOER2QlpfZDJSWUZIaVFtZGFZOEZRTmM?oc=5
2026-03-06 03:00,Yahoo Finance,finance.yahoo.com,"Should You Buy, Sell or Hold SoundHound Stock Post Q4 Earnings?",https://news.google.com/rss/articles/CBMiggFBVV95cUxQNXFESUlHSXl3UXJiNXdZVUVILXFLV1dRUnQ1QW1nMGsyYjdTaWJVR2VNNnUxLWw4MThtR2pkdl9Lbkp6VGI3Mk1Uc0Q2bHM2WjlGeDhsS1hiQnhiQ0hDaS1ZY283TmhXQWpNUkkzSHVvZ3F6andhcFduaV9hSml6LS1R?oc=5
2026-03-06 03:00,Yahoo Finance,finance.yahoo.com,"SoundHound AI (SOUN) Reports 2025 Revenue of $168.9M, 100% YoY Growth",https://news.google.com/rss/articles/CBMigwFBVV95cUxPa2NkWlc2M1hqVDNwZVI2ZGo4bU11bV9yOEw3U1hscUpsUEdDYm5fM291ZmpGQVVEY3pNWmNGelFwaGNVd0lFMWJ6NS1oNmMyNEZKaFhiRnN0T0pZME1DWmkwTFNGWkpoZGxBUGJZUjZfbkU0TlY1ZXBLNG1DUDVQN2ZQSQ?oc=5
2026-03-06 03:00,Yahoo Finance,finance.yahoo.com,"SoundHound CEO discusses AI use cases for cars, restaurants",https://news.google.com/rss/articles/CBMihwFBVV95cUxOZnJWc3E5VDMteHBxeFU4SzdMelJCNDVYUXZSWW41U1BlTnQtaGd6R09jOFkzTjQ4UDVyZTZxZnFyR016RWd3VjZkWHRWWThjMXpBZ3dkaWd3eEdyc19MTGdQd0FOUDRaYnRTQVI3bUFaaXRzTjhIVFdaM1AzRm5fY2FZMHZPMHc?oc=5
2026-03-09 03:00,Yahoo Finance,finance.yahoo.com,Why SoundHound AI Stock Isn't Taking Off Despite Doubling Its Revenue Last Year,https://news.google.com/rss/articles/CBMif0FVX3lxTE84ZG52c05jRkxRSXQ0a1FYMUtSejNXZTdnbGVHeE9PazZGdDBfMHVIUzF3ZTE5S3pNUHhfY3IxQjQwcmxOYnF2aEdUTUxhVTlpcnh4LW81d0phVUZvajluTFdmS1R6SmlNNWRqX1h0TklnS0E3dUFCWmNyb3BWWGs?oc=5
2026-03-10 03:00,The Motley Fool,fool.com,Consider This AI Agent Stock Over C3.ai,https://news.google.com/rss/articles/CBMiiAFBVV95cUxNZm1sSGZLNDFRUnJSQnJSM3I5akxOS0RjNkp2ZXIxVENqajk3QUtSTDB1WHJPUlRabGNjV2NRc2lmNkhTNGRjZndGVVZ4TDgtSzhqbFI1LUJDUTlhRmp0WWtvRDJ6bTQtZ3Qta3g0YU5nc1Z4SF9YMzZPcFp2Q1VUWTUwZTgzZU43?oc=5
2026-03-10 03:00,The Motley Fool,fool.com,"Prediction: This Artificial Intelligence (AI) Stock Could Deliver 75% Upside From Here, According to Wall Street",https://news.google.com/rss/articles/CBMiggFBVV95cUxONG5uYk1ia0VXZldxTmtnUURaTzNsWUk4TURkSW1QeDNGVkZuRXdmQmRqZGhqZ04yZlFIVTZEVFgwMWd1cE5meXpxemtOVTJaRzZmNnRYVDl6OENzOV9iLWppTU5taG9MQVlkZTZEeWFadmd4NDRQczUtRmMtdnFIRkNn?oc=5
2026-03-11 03:00,The Motley Fool,fool.com,Is SoundHound AI Stock Going to $15?,https://news.google.com/rss/articles/CBMigwFBVV95cUxNdG5rMi13Q0Rwb1VkdEZJS3BsbURPRXVfbnVtTm1DWDNmb1k4Q0NxT3h1VzAyWkpNODVSZ01PSW5ZRzg4Um96cEN4elE0cTVKT3I2MUlUUXlNblVtWFRMcFRqVWo0MmQzaGM3NUt1dHR3N3gtOUpYcTZnT1RsN3NmSWFzVQ?oc=5
2026-03-12 03:00,Yahoo Finance,finance.yahoo.com,Down 66% From Its High: Is SoundHound AI Finally a Screaming Buy?,https://news.google.com/rss/articles/CBMifEFVX3lxTE1aQVE2RzdpQ2dfa2YzN2lHdzJVTEtUejd3Y0FWcFRVY1ZtTHB6dEVob3hheUNRb1Y5cC1Tc0JWc0NTLVZxcWRQZFJyZ0hZVHlWUTFYQm9ONDBWRWFVU21INFpSSHpoSi1Ib3N5c2pvSmdmTzZlY19JRzBSQVY?oc=5
2026-03-12 03:00,Yahoo Finance,finance.yahoo.com,SoundHound AI (SOUN) Valuation Check After Record 2025 Results Strong 2026 Guidance And New Partnerships,https://news.google.com/rss/articles/CBMihwFBVV95cUxQTG10MUpnd05fOUppeWt6MDNCMmRKOWxoSzFsa1g1a0VSYjBnc2xPLXVRNnBWc0Q5Y1lfLWR4dzM5VFhiT29oQmJSNzhWUHpSaU05ZjdYOU9TUDJZZ0liZE44OXJuNFNlelRkNnI0WndjbjhRSFhMNDZSUUFoQldNSjdqem80Wkk?oc=5
2026-03-12 03:00,Yahoo Finance,finance.yahoo.com,SoundHound AI: Could the Stock 10X by 2030?,https://news.google.com/rss/articles/CBMigAFBVV95cUxNWS1nTF9JR0JxTFFydEpULUZaQnVJc01PTzllVlZSWkpQa0pobGRaTFQxT2VMQjc2RE4zek0zbjlLZHpWSVpldUY2dmlsMVc0eWpLYW5va3RxOWtlTlZqcldtdFdkZHpzaDRZaTFuMGRmbmtJd05lVEZCWkNNSEMwYQ?oc=5
2026-03-13 03:00,Seeking Alpha,seekingalpha.com,SoundHound: Meltdown's A Gift - Voice AI SaaS Leader Is Cheap Now (NASDAQ:SOUN),https://news.google.com/rss/articles/CBMipAFBVV95cUxOMkFRQUhuUWVraDIycG9GVHBPWFp1SFN3b2VZWDNUVml5S0FjRlpMSTdueXlFcjZ0UWpNZjdYNkcxYy1nb211NW5fUnU2QU9aUE5FWGYyLWZNSXFaYlphT3g3LXhjTDZDRkgwd0ZFRXRQaWtWRXV2OFZ6RnNjSjFuZExEVVVtSnVZbnBMZ2RKMS1wXzlKTWE4VlFFTFhqbWV2MmFIYg?oc=5
2026-03-13 03:00,Seeking Alpha,seekingalpha.com,SoundHound: Wading In After The Crash (Upgrade) (NASDAQ:SOUN),https://news.google.com/rss/articles/CBMijgFBVV95cUxONzRLV1ZsXzJ3cUVnLTdvMjVSN2NXWV9fLVZRbkN1OWNMd0tlbllCcjdDN2thbFA1Qm5mT2pOVDFCei1JajNVR0oxX01QUDVoUkRlR29vbHN5cXVOdFJXTTEtOW1aekl1eEU4X2pYdWpTZ1MwUDdYa01LWWx2U014QUlqSldCcFFhOXBDT2VB?oc=5
2026-03-13 03:00,Yahoo Finance,finance.yahoo.com,Jim Cramer on SoundHound AI: “This Is One of Those Companies That Is a Meme Stock”,https://news.google.com/rss/articles/CBMif0FVX3lxTE02R1EyTTdFYmVUMTQ2UkJQWHFRNHJyaXdqWl94b0dOdC1LUFYxdW50LUpWdGJUVDJEOUZJTkZ3UnpBX0d6T0JGSzBpMDJaUGMxS0xzVjEzdE0xb1RqdzdrTHZTbFk5YkdHMTd2MTdYaTdPRWV6UXN5WXZJN3p4Tlk?oc=5
2026-03-15 03:00,The Motley Fool,fool.com,My Top 5 AI Stocks to Buy Amid the Market Pullback,https://news.google.com/rss/articles/CBMimAFBVV95cUxPV2hwLXZfY0NaMFplS3E4RjhKZ3JsSDJleVFvNUxOdkJUejBaamxPY0ZoM2ZwZl9xQ3d5UzlHaTFaZ2t4N3VpY2Y4aHVmZFZ3UXEzeEZrS1FLcnZaUE5VeGwxcGpnNTZKTlBNenhFZ2hxcmxtWFJRVUIzcUV6VE1FVTRTMk4zZXRvYmRPcDRSekN3X01FRzRDUw?oc=5
2026-03-16 03:00,The Motley Fool,fool.com,"Stock Market Today, March 16: SoundHound AI Rises After Debuting On-Device Car Assistant at Nvidia GTC",https://news.google.com/rss/articles/CBMi8wFBVV95cUxNUF9QWTNHYkRCNmNGM20yRmNxc1JLQmptVXREZ3k3WDBNa1M1QWc0a2UxOGhhV1lEaWVMZk1rdVVGMlh6aElYSEdPY0NEcnUwa0tDTEFPb0JlRWpSUzRGWlZpX1lseGNVTjlGdFFHeGxqcTJWTjNqTHI1U3BiNk1aWG4xb0hpcy0xbFZJQWRRZ1ZDa0xYeFFSS09aZXpBTVpZWHNLdDZCck1ldjd6OFdRSlV0cjNNa1YySFpWYnRFci13eXJzSkhBd3BiZEZzWUNFbE9uTGc0TjdhV0tVTnlsTTRiQjBKdE91eUpnRlE2R1JLdTA?oc=5
2026-03-16 03:00,Yahoo Finance,finance.yahoo.com,SoundHound AI Expands Voice Platform Raises Questions On Core Infrastructure Role,https://news.google.com/rss/articles/CBMiigFBVV95cUxOQW1QR2g3OExrZVg4RHMxblBUSGtRRHpwZmVJYVJSUmpFN0ExWUJkMldMa3o2cmFXNHF1cGRrS0JBbkd3VXM3LU9IdFdZbDZnWHM1QnBJMnFLaFlaR0MyZmhHMkZYY25Jc3Q5WGhjYm1GdTQ4ZFQtM3VGQ09tS2ttaXVkM3RBN2JVS3c?oc=5
2026-03-16 03:00,Yahoo Finance,finance.yahoo.com,SoundHound AI Unveils World’s First Multimodal Agentic+ AI Completely on the Edge at NVIDIA GTC 2026,https://news.google.com/rss/articles/CBMihgFBVV95cUxNcklIOWxMbkViRW9QMnlfVTFmVEw5anVxMUxEMW4ydm5QZ1poNmpxcndRc1MwVGxmUkpqTm1QQ1J5X29ZMkU1bHhvRTVPNGgzYUJ0dmZpVVhkby1OMXR4OEUzOGhrVVNXRFV6NHFzNjR3ZXNOMGFoOXg2WURLN2ozX1NWT3lfdw?oc=5
2026-03-16 03:00,Yahoo Finance,finance.yahoo.com,"SoundHound AI, Inc. (SOUN) is Attracting Investor Attention: Here is What You Should Know",https://news.google.com/rss/articles/CBMihgFBVV95cUxQaDktZ1R0RmVFZmhvcW5kZkdKU0d2OHFRVlZ4aHdZMnkxYWhmb2JsNG1iVF9iaWQ0TFVSUV9SU2NWYVFnOExQektSVGlXRUhmaDBZUEQzcjJEMlVJU1lvbTBGWnFiS25Ya0daeTFKQ1M0TzB4eXJqMkdDOXlwS05JOVJCTmdSZw?oc=5
2026-03-17 03:00,Investing.com,investing.com,SoundHound AI partners with Experis on enterprise AI deployment,https://news.google.com/rss/articles/CBMivAFBVV95cUxNbEhNb3AyR09YMXRDMHFKdFJ4M29mTXA3cVZqcGY4b29tRnk4OVp5S1UxQndoN2pDek1qWEsyeVZ6bkFoZE5TWk41TzNOUXd0STFlU2FDTlpFVS1ZM2NEWEtnWXNFVnZZZ1JqaWtfMFZIN0phZjlSRVFjcm9CekUwWDY5Q19uUnhRXzZ5WjZfQXQ1aUI0NGpjZ2hGejMzMGpqeFQ4VTkzaFY1UHAwVnotcjBRMVhDRG1Jb2VLLQ?oc=5
2026-03-17 03:00,The Motley Fool,fool.com,2 Millionaire-Maker Technology Stocks,https://news.google.com/rss/articles/CBMihwFBVV95cUxNWWxlWEhFY3J4TGJDc0FjTkxndlFIcnRvU2ZLVGhXaTdXdUlPVXY5RFF1dG9oZXl3TktHVGhOcGRhT0dMSDc5cFc0UUpUTlR0clk4aXpKVTlCUEViWmdMbVRpNm5wMUtKdnkyY1REQU10ckRWLVpvbUd3TndPZ3JNdmNydlRhcUE?oc=5
2026-03-17 03:00,Yahoo Finance,finance.yahoo.com,How Investors May Respond To SoundHound AI (SOUN) Unveiling On-Device Multimodal Agentic Car Assistant Platform,https://news.google.com/rss/articles/CBMiiAFBVV95cUxPNThmejJNN3ZBLVRCTVQxeXllTjQ1bnBIZTZpNzhNWTExdUxuR3JhUjRVS3J6WXZyYjBuUTgyLS1Rb0prVlR1Ull3bVNUeUFSYW5PNHBNbklxWUlucUxyN2JLak40b3Y1U3JNazhYM21fVTlmNkFuWjZyWE96eDliNEhuNzlHTFdB?oc=5
2026-03-17 03:00,Yahoo Finance,finance.yahoo.com,SOUN's AI-Driven Automation: The Future of Customer Service?,https://news.google.com/rss/articles/CBMihgFBVV95cUxNM3Nwb2RTbWFLbmxETTBZRDZMVnFQNmUxSTNQWXQ2dHdCN0ZSN0VFNmxQeTZ1VFg5M0pXNTd1TGhWdGxHY0tZc1JCeTJOUnlsOTdjekZTMW1wQnlTNEdFOHl4ckFtUnBGY3Z2Rk5UXzFLcDNjTEZyenJ5UUhLdXYzT2w2Z0U5QQ?oc=5
2026-03-18 03:00,Yahoo Finance,finance.yahoo.com,Experis and SoundHound AI partner to advance enterprise AI adoption,https://news.google.com/rss/articles/CBMiiwFBVV95cUxNMGR5MWExVUhSclV5WTZ5VTdJdUFmUnplNXBTMjlpaHRQTHVVTWtxVlFjVnFyN1ZBbG0yYTNieDB4bzhSOVYwWkVPZDFBeUEzZDVRdlFJQnRaZlh1S2szNjk5cFFFczFjWlVDMmc0UDExX0xhR2NXclhObDBBZWpfaUdyZkVXSXBuaFBZ?oc=5
2026-03-19 03:00,Benzinga,benzinga.com,Why Is SoundHound AI Stock Tumbling Today?,https://news.google.com/rss/articles/CBMipAFBVV95cUxNQ0lBSTVTc1VoaEJkRHZZdjhHTXp5Nk9tT2R5d3dCcmktekNWMEgtMU5fbWthMC1JX1VXUURsX011eE1oY1FEMzBOSHgzazJvUHBqeWlOaXdBV1ZlcVpRYU1zOWpfRjZJUGZlc2cxQ1REMllmX1RVaHdELVVpSW01VDVfeXF0LVFiczVRQnRYSGhpWHU5N2pwS0ZkV1BqR3pobDdobw?oc=5
2026-03-19 03:00,Investing.com,investing.com,DA Davidson reiterates SoundHound AI stock buy rating at $14 target,https://news.google.com/rss/articles/CBMixAFBVV95cUxPZHNfYkoyR09UMkpjMS1VRHlnc29NVm5sZ3dXZEUxd1FlTTdIV2FzcDN6TktGUnBGMDlocnUxVDJwSTNzNV9yc2xmMVk4Y1NCY1RrSWs1VHQ5VmRYSGF2V0V3a21EMHhVZDE5T0pzbVRqY1JUQjRvdHVlZk1WamlsUzRKaXpIQzhhMlpxWTkxTHJPZFIzbmlYc1VaaGpXcl9JMUlub293c2NQVGpUZzVqdjA4cG03ODQ5NWlEQ1E5MmFla1ZH?oc=5
2026-03-19 03:00,Seeking Alpha,seekingalpha.com,"SoundHound AI: Moats Are Resonating, But The Premium Is Deafening (Downgrade) (SOUN)",https://news.google.com/rss/articles/CBMitAFBVV95cUxOdnQwaEs1b3ZtZTNTa19fSUpuMUNaWm94MWtpVnR6RS1MdVA3cVV4aGc1M284MjljOHNodXctSjFnUmVhQ19kRVhNbFR0eHlYQkZoOHRFOXpnd2xtdWlRSi1RQkU3cGVNT3gydzBHN1hiSHEtYTd1TjhsWjJwYmljUXI5RkhWVDRpa09uR1dPdFpBbDFkMDNBOWpsajhrSFBjdGo2UDhYX1JQTXFDUmo4Rk1IMlA?oc=5
2026-03-19 03:00,The Motley Fool,fool.com,Prediction: These 3 Under-the-Radar Artificial Intelligence (AI) Stocks Could Be Multibaggers by End of 2026,https://news.google.com/rss/articles/CBMimAFBVV95cUxOek42VERVWTV3cEY2aUEzQ2JTejFGa3dpUk1sdGZaRjBqSjF4VnJESWRlV01IQlVBYzZMbHVEakJPanNiaDhtNVNoc1drenhKXzlzc3ZFVTdqX3RFTU1DcUVDQzc1UEY0dzUyVUJYdjhna1VXaFM2VDNIeDhBTEpFOWdBV2ZJbnhFeUUySG9Xd0xWeUIwOWVvZA?oc=5
2026-03-19 03:00,The Motley Fool,fool.com,Why SoundHound AI Stock Took it on the Chin Today,https://news.google.com/rss/articles/CBMilwFBVV95cUxNQWI0TjNPWUduSG5WcWhiVm9namNZeHlVdERwRGdvcUFRQUt4WDJkVGkxQ2ZzNy1VLUNTTDh1M2oxWVJOZm1RcWd4dmZSMGxxNk05X2xMT2JNb3h6b19JaFdZbTVWVDFkYmZYMWFyQUpiSnVKSFVQbFcwTDRNekhoMTRVVjlDc0Y0YmVZaVVHd0ZwVlFHTHFr?oc=5
2026-03-19 03:00,Yahoo Finance,finance.yahoo.com,Should You Buy the SoundHound Stock Dip as CFO Exits?,https://news.google.com/rss/articles/CBMimAFBVV95cUxNTkQ5UENxdC1WQ2V4TmM4bXBna2twOS00cUNjTnpyZnFzanpLczJZUFdKcUlFYXFJeUxuNEhFeExZZUxrX25mb3lmRUpJOVI0S3RRUjl1Y2JUaTFucDdNaUxHQXprMXZPdWp3eHJZSVZwOGlEMzFCRWZ2M2ZMZGJCUXJCS2xXWkh6STlxREJ6WFpGMzYwNW5oOA?oc=5
2026-03-19 03:00,Yahoo Finance,finance.yahoo.com,SoundHound AI Sinks 6%: What NVIDIA’s Voice AI Bet Says About the Broader Market,https://news.google.com/rss/articles/CBMimAFBVV95cUxPTTZJY3RxbnFERDZVQnJIbnhDRGJMM3V5MU05bDVURkZoUnA0cGVVaERmektiTkIzMmIyNDY4c0JrRFhfV2h1UHozVklNQ1BqaFotdU9FWHZKVndXT0FObjM0b29qQ2VUN0xkOHlTeG40QzdyLTBmX3lheWdHa0lFVUhYWTRHVzh1TTdCZmlXNkVPaGVxUmdoMw?oc=5
2026-03-20 03:00,The Motley Fool,fool.com,2 Millionaire-Maker Artificial Intelligence (AI) Stocks,https://news.google.com/rss/articles/CBMimAFBVV95cUxPQXdnUUUwV1JzejhvSDBhejhqWWF0clZnbmhpLUhYZWNPcm9DVjFsM0hPU1FSZVFKSkxLR1dqS080T1FtVHp6WDRHZTJDWWhBZ3lteVcyZUdzZTE1N0N0amkyTmVnS0c5YzNyOUZ4dXNfeWxvM1R2ajI2RTFHV3ZjSE5SNGxYdVJmTUVCRnhPdFJOa1Fxbkh4OQ?oc=5
2026-03-20 03:00,The Motley Fool,fool.com,Nvidia Made Millionaires. This Artificial Intelligence (AI) Stock Could Be Next.,https://news.google.com/rss/articles/CBMilgFBVV95cUxNVmhmTWRMTmhGX3lFUWVIUzYwNHpDM19uS1ZhQjBvOC0zb2QyZmFGV0prMkhWQU1ZTGJEWm55eVpKd1MtbEF4ZWNmUjRiMmFZLXJZN1NTOEVieElJSmpHUWN4cERwLWpuNEdLXzNxa0dfb0Z1WHdVRm4yb09PZ09jUGpFMzNNZE5vV0hHYUlkeVhDOFEzc0E?oc=5
2026-03-20 03:00,The Motley Fool,fool.com,Where Will SoundHound AI Be in 5 Years?,https://news.google.com/rss/articles/CBMiiAFBVV95cUxPT1g5ZjVaWlYzUzlCWkFlRFpwbHBWenNxWk50TlAxMDIzU2poVU00WHlQV2c1N2d0bXBhODBGcW9qcXhXSkxfSHFkaTdSUzRHWUZ5YmhSVUpyNlhYN0xEZHZ0WmRzdUEyY3dqQTVqS2lWWW9SSVUxR2hXeW4wUFVIM3czTjNLUkVt?oc=5
2026-03-20 03:00,Yahoo Finance,finance.yahoo.com,SoundHound AI (SOUN) Highlights Multimodal AI Innovation at NVIDIA GTC,https://news.google.com/rss/articles/CBMirgFBVV95cUxOTHRfVGNGeUx4VU55VnBVSmtxeDJvM01TS3hTd1RlUEp1cTJYQlBjM3RCQlFCaDFaekFMeXJFeC1EX1dDaXRZV1puUEl6U0k5Q2NnMGphR1dUZlk0VzRmUlZzTGhnSG9rZFBSZUlibEJVRS1qTWlQR19zbnByTHh2dHNnU2s5VVRaQ3JOVEJsUl94MWFxOTBUbUZnaXEtN2NLVnBNNWVidV9RUlhVS1E?oc=5
2026-03-20 03:00,Yahoo Finance,finance.yahoo.com,"SoundHound AI, Inc. (SOUN) Suffers a Larger Drop Than the General Market: Key Insights",https://news.google.com/rss/articles/CBMimwFBVV95cUxNOFhRU2E3NlZxY0kzeTd6RUFRT05DaExFWXItNFBGMTBheEFTU1pzOXJZM3Z6aGNMRV9ILTcxaUk5dTljS0dENnlRTGczQXRydDRZX3cyZ3I2MnBLQmZTc3p5bXNvNTBna2xLQWJObjJDSk1lTktzTk5zTUx1dHZ5LW9IaUVuRExyY2c0bVdaalZGSS0weTREendVQQ?oc=5
2026-03-21 03:00,The Motley Fool,fool.com,Top 2 AI Growth Stocks to Buy After Nvidia's Latest Sell-Off,https://news.google.com/rss/articles/CBMimAFBVV95cUxPbXdoQ2tNeHRkVkhfWUxoM0lnMGdlYUIzQ2tWQkFkSFNCOUdMUmVaQk1yeWVNNVhDWnhTRmtpTkQ1dTdNQ1dFeG5kWmJHQmxLdEZvemFoOE9aaW1vR2tGRGN1YjFvY0tRRVlCRzJyeElXdlprQWxwTjFOWm5oYWYwLTN2Y0xJTjVvZUE2dU5EV1E0VVdJZFQ2ag?oc=5
2026-03-21 03:00,Yahoo Finance,finance.yahoo.com,What Does the Future Hold for SoundHound (SOUN),https://news.google.com/rss/articles/CBMingFBVV95cUxOMEZwSWczTzdwZnRVb2d6UTdJOHhQaEYtQWxCb0xpbHFDMzBWd0dvY0hDREdiU3h0S19KakVORldTUVFoazFlQ3pzcEtZQ1NqdGlMNER1LVllcXR6TE1FalRGZmdCQ194cUJMaEN4ZHg1RHh3LVpXdjdBMVJwUXQzTUFMMUdnTnY0UFRKQVBKWmJsYjBHYzh3cTJxaVJxQQ?oc=5
2026-03-22 03:00,Yahoo Finance,finance.yahoo.com,Is ManpowerGroup’s AI Hiring Push and SoundHound Tie-Up Reshaping the Investment Case for MAN?,https://news.google.com/rss/articles/CBMipwFBVV95cUxPYnBSMmZDTjFsSDFSRG0yaXNqQ3RmZllVNjNaQW1kak9GR1doLVA0SzgxMjB4X3hEQ0RwcE5TUV9hNTJKdGpGczlISElhMmhSYi1fRU40MGVuUUNUM2wxdHNWM0I0cG16dmxoam8wcDA3cF9aa1ZnM1R2YkZFX3ZZWUpNRXRMQTMySDFxc19KeTNxdXZnbURDNE1SbGlsZjRGYXJGUG14cw?oc=5
2026-03-23 03:00,Yahoo Finance,finance.yahoo.com,SoundHound's Enterprise AI Momentum: A Major Revenue Engine?,https://news.google.com/rss/articles/CBMiqAFBVV95cUxPazF3TG50WUVSa21VZkZBMEItNW9fLU5MSHIzSFdWalNDRFdMWHRmUjBxUVN5YnBIOGI3NjhLMmFmMG1HeFpsSDdLdFctVGV6U3hYSi1wTjh6elFSbEktN1ZpSThIdmtQRTFBWlBFVmtGbmI0ZmhIZlBfYWZ5QXhyZWxodU1ZZlQxS0xQUmRxcnJRN0YtdWdKZ0pBSGVnYTM1OVdtYXNGeVE?oc=5
2026-03-23 03:00,Yahoo Finance,finance.yahoo.com,"Upland Software, Upstart, RingCentral, SoundHound AI, and MongoDB Stocks Trade Up, What You Need To Know",https://news.google.com/rss/articles/CBMisAFBVV95cUxOYW9sUFM1T1JHZmJmbDJUSnZ6QnhjOGNsOGQ2UzBvb21TSHBvSTNoVWhLcV9ieTNfREdYc1Nub0d6Ulk0WlBtaENhWU5LcTlwdVRLeE1JWnk5RzhMTGhPOHBKcTB3NVVPVS1pdmdENXVOSWtnWjVsbXA4VzAyd0YyWHpSaTRIRnZaQmhYVGhDelNxNUNVN0dBNUJRelhfZlNiaDB2NHBrbTVDdnFkOU5hSg?oc=5
2026-03-24 03:00,Investing.com,investing.com,"Sroka Diana, Soundhound AI director, sells $9k in shares",https://news.google.com/rss/articles/CBMiugFBVV95cUxNeVkyTDV2VFk2MU93YS1mdmp2R05hM3JGaURrN1lsajNZdmpoRE5wMHZva0cwbHRqMDZoN0JxVkhHZXVCRGFHRC1LNXlSZ09sSmtqOGZLY2NOWWZQVTVQVWQyVFNKRTAydHczNXBZc3dJOFBmcTFvRzd4UUFFNGVaNHY5NFRPa2NMZ2NFcU1mMXotcGhvVmJscXp6R3lXWHFjWEdhNlRHMWJyWXZXd2hYdVlPTk1RbHp2UFE?oc=5
2026-03-24 03:00,The Motley Fool,fool.com,BigBear.ai vs. SoundHound AI: One Is Surviving the AI Sell-Off. The Other Isn't.,https://news.google.com/rss/articles/CBMilgFBVV95cUxOZjJzUDJDSmd6VEJDSW5JSE9meHA4NzFoUUF4MGFOUEQyMWhJeVVoLVh3d084Qm1rS2NEdVF3amIteng2dG5NRXVHQ3JWMnZfMUFkdkJGQlVRMVF1OVVYa0Fna2RPdlVtVjFPRFZUNWlRRXFtdnd2U0FNdTlJM21HN29icFIzbzdZYmhqcldSOHcyY29QZEE?oc=5
2026-03-25 03:00,The Motley Fool,fool.com,2 Tech Stocks Most Investors Haven't Heard of That Could Go Parabolic,https://news.google.com/rss/articles/CBMilwFBVV95cUxPQzlWVkQ0Z1NPcFdOVXlKY0hGMjlSbHlDa2ZXNTB5dHhnQzJRWmJjY0hJX2ZOMlRweWJreDQ3TTV2LUdzTVdnM095ekZNLXNuNzNnUk1FNHh6WUJWbXFJc2haMVJvNzlYZ1pDUDNLeUdBb0ZER1VpaVc4MmNORDRMUXdaYlJzZ1pLekxhbnJQZk1XQ3VWaHY4?oc=5
2026-03-25 03:00,Yahoo Finance,finance.yahoo.com,SoundHound AI Partnerships Test Real World Revenue Potential Across Sectors,https://news.google.com/rss/articles/CBMiowFBVV95cUxQSnYwZXNsSHJjeUljSjl0VE1wblY4UTJ5V2hvX2VNbjFuMzdrdDAxOUZyX2tDUUVCX3hyNERsaUFMSERNQTNDNGtzbmE2aFpqZG9ocVFRajliNTR4QnlhT0hWckpTRjhyZjBnb0lGbEw3QXdGUTZ1TkFnM0FEaFkxSmZCTmFRNHJnVU9tYTZ6MUFyWUl3ZDhXWW56dHMxV2Q5Sklj?oc=5
2026-03-26 03:00,Yahoo Finance,finance.yahoo.com,"SoundHound AI, Inc. (SOUN) Registers a Bigger Fall Than the Market: Important Facts to Note",https://news.google.com/rss/articles/CBMingFBVV95cUxNYjhLRjBFNnZnOFoxQkZKdFNvYzVwaW9kLTdaLUk1d0VzRDdHSXpGRW8yQ3ZuT2YzRWRaTWFnZ0tzeHlmWkFsOGJLRGNiM05jZmk1dDd0eFJVakdScGZQeEp3Y0JLbEJkQUt3X2VpZFNYdVBEdU5iWEZ4aVBSQU5JSE5hd1VNWk5XQkZVMGR4TnFhZ29FUmVDaHo4S01xUQ?oc=5
2026-03-27 03:00,The Motley Fool,fool.com,"While the S&P 500 Falls, This $7 Stock Quietly Looks Like a Steal",https://news.google.com/rss/articles/CBMiigFBVV95cUxOVWg1ZEFPQl9rLUxRZ2JtXzJyanAzZjk0cG5QQlR1TndQaHJPblBlWm14V2lxSEtjQV9ucWdhckczenpnTFZFY0tPX21KNHBYbjBsNUFhWEtMa016bTM4RW5iWDh0WXItUXVPak1lTTgtX0hOUjduOFdqTFZvbUpvQUVEeHpRMnplR3c?oc=5
2026-03-28 03:00,The Motley Fool,fool.com,10 AI Stocks I'm Buying Right Now,https://news.google.com/rss/articles/CBMigAFBVV95cUxPMnE4X3ZVMDk3LUsyRk0zR3NTTUNmR3k2MzlDMDEzLWRpTGtYZEMwV1AwQnprYmVhSUtrc0g3MWVCeWJyMHVBS1REc1FyMFJOSXY3WUFzYWlfT0tZUXR3QVhKUnNBSmtMbk5JY28xT0xUTVF5X3dYNi1HLVhRQllqWg?oc=5
2026-03-28 03:00,Yahoo Finance,finance.yahoo.com,SoundHound AI (SOUN) Stock Down After Jim Cramer Said It Was “a Little Elevated”,https://news.google.com/rss/articles/CBMimgFBVV95cUxQX2Fka0Q1bDBxRGRFdWQ4czNySUxmOUJrV2VrekozWXdUWkJHLWhhOE5PWU1LR05WbnlZdVJMLXUtYXFmNGFYanJnb0VhV3djRW1ZSlZLVlcxWEx2aTE1aTNXakFNUDd0VS1hcWd2NVJlaUtDRjduRmZQR2x6ZGJhM3JsUG9Ya1FjOFRJVzVBQndpdVlVeDNyRjJB?oc=5
2026-03-29 03:00,The Motley Fool,fool.com,"1 Unstoppable AI Stock to Buy Before It Soars More Than 141%, According to Wall Street",https://news.google.com/rss/articles/CBMimAFBVV95cUxOcFBOSUJubGZINTF4VmpmZzBZMmhTeTAtcFp4SkdUTUZCUVB2cnFoaHIySzBNMjFNQXM3Wm9fcnVBbHVLTXRZaG82LWJody1lWmlrYVlmajBkalNGd19VTV9xV3V2Mkl5TVJLeGVDYnlvMkl3bW0xQWhoNmxVYkl5YWUtbjVmNWY1NnE4VUNGSGxVZk9VNzRwQw?oc=5
2026-03-30 03:00,Investing.com,investing.com,SoundHound AI stock hits 52-week low at $5.86,https://news.google.com/rss/articles/CBMioAFBVV95cUxPV2hLbm5hVmNxa0hKTWtwNVZvTUZTZEFTekMtS0FIY1ZpaGpOZnNncDZidzZ4d01fdVBEUVNJOGlVUVhvVGdCaUtNdEhOWFRtNlJaZWNhZEhZUURzWmtnQVJBNG40U05qV0VfRkRMdVNmWEpuR0VYNUdNaWVxSjZHUE5QUUpyN3YxTnFlMzRLR2d4ekVud0dHSDk4VTN1NWFQ?oc=5
2026-03-30 03:00,The Motley Fool,fool.com,What Are 2 Great Tech Stocks Flying Under the Radar Right Now?,https://news.google.com/rss/articles/CBMikwFBVV95cUxNb0JMVnJ0TWl2QjNMMXVZY2d6Vy1ObF9RemJGaF82OE11S2NsbVJYd3BLSUNDZUg5Mi1ZREl2a0tJWWR2NldqdUVKTnpabTh5Q0M3XzQ4RmtudEpMY3NzRW1zYkZWWmp3ZmxncHEzS1l1SG4wNE91aTJsS0pxVHpZWXIwcHRZZjVvN3N5NzF3dHhraGM?oc=5
2026-03-30 03:00,Yahoo Finance,finance.yahoo.com,"Is Most-Watched Stock SoundHound AI, Inc. (SOUN) Worth Betting on Now?",https://news.google.com/rss/articles/CBMingFBVV95cUxNWExXVlRGT3A4Y1c2Nkk4UUpoSmdHdXg0alNtUUE1UmxaMTFfMl9lLXJlUUhGSE5maGN5X2hyY1kwMDBXT0tjQ1otTGh6VnlFMzNhWGM2UDJTb0t6Q0xuNlVLd1NjV01SZ0t6SVRkYWh6X2RpRlhZaXFzelBYaXFubThWQWp5endiUDJRX2xtOTVBajFCbzhFUHpOak9kZw?oc=5
2026-04-01 03:00,The Motley Fool,fool.com,How SoundHound AI Stock Lost 20% Last Month,https://news.google.com/rss/articles/CBMijgFBVV95cUxPbkljZ0dtMzFjVjlBRFFnMkF2YVctVVZOeEVTTUpRZVJzQVBvMVN5aXo3NUtvR3dJUmZoMDJLeWFnYkI4V2tkMFM4a2M2TmhXalVmTV9JVHVDS2ZhMmVHcHI4SzZYZklXYlN3MGp0V0NpM3g4cm5mbW1rd21Ta0FVY2t4QnNmS0VTRGZkTExn?oc=5
2026-04-01 03:00,The Motley Fool,fool.com,"Is SoundHound a Buy, Sell, or Hold After This AI Reveal?",https://news.google.com/rss/articles/CBMimAFBVV95cUxPTEtNYnllTm5taXFTWlhzdUJqTFlyS0R3ZUpzbHplQWwtQjN2ZWQ1aGI0RmVmRUNueG5KQUluUmYyZmNkN3FJMG1Fd05YNm1xdjZkc3ZPQWZJcHBtWTJNX1dDZUNuMVhTWk1ncUpzMFRDc1Zucmp0cmtMc0N0bDZyeVItZnU1T1JWM2Q1YkVIeE51TnpCcFA3OA?oc=5
2026-04-02 03:00,The Motley Fool,fool.com,Where Will SoundHound AI Stock Be in 3 Years?,https://news.google.com/rss/articles/CBMikAFBVV95cUxQYzB4bk1wSllmcmFQTHEzSmJMOGd3cTRKMlB2RTRERGZtVkhXRlZ1VTBJUHRpTUpfZTlpODlEdjN6bEpGVktDZmxNYXcxYkhCUzYzVlUzY2QyRHRQeXlIRUdMZXNUeFBpdk5aUG5jU19keFJnWUFrVklPRS1NWXZpMVVOQXBaM3VEQ0pNUUs1YmI?oc=5
2026-04-02 03:00,Zacks,zacks.com,"SoundHound vs Big Tech: Can Its Voice AI Maintain an Edge? - April 2, 2026",https://news.google.com/rss/articles/CBMingFBVV95cUxObnlhRjFOUEQ2V1dHQ1N0QnAwQXl1T1VzZFdfRENPR3pObzhFVGR4RW05czZPR0xlTFlqb1pyQ05IeFFqenR2b19WTFYtX2J5cHNIT21OQkZ3MXdfdGtidlktTU9lMWFwM3pnaUhyY0N3U0tBU2h6YnRWdHRMdzlhbGFqdFZNRC1PYkFmcTJxSWkteXB1aFNpd2hhbFVhdw?oc=5
2026-04-05 03:00,The Motley Fool,fool.com,1 Tiny Artificial Intelligence (AI) Stock That Could Make You a Millionaire,https://news.google.com/rss/articles/CBMimAFBVV95cUxNVTNLVzA3TVY3Z0kzQ3pxOFZVeFA0OXZocjdiVDdoaS1iYTFCRU1QdFZUQVlobnZCZlFuajlxMmJ0Z1BmVXFlaDBudWhDd3kxZ2pWRjM3VmVnNTlmMzNZX04zT0JBV0hVYlcteFQwUkRqR3RINVdDU3JzOUxaLTg3dGNXdE42M0ZuQU9xZl9lcjNLd1RiSW5LWQ?oc=5
2026-04-06 03:00,Yahoo Finance,finance.yahoo.com,SoundHound AI (SOUN): Quálitas Expansion Shows the Company’s Push Beyond Voice Into Claims Workflows,https://news.google.com/rss/articles/CBMilwFBVV95cUxQc29kVzc3dlhRV2w3V2VXR0FCUjYxdm1lSk1vUm5RVUJ0dGtONGhuVmp5dzVRNDRFSHAtRG9lR09Bdjh5T0R5ZmFQWGNzUDhfc1hqb19HdXgzbFZFRFdXWk0tYklEX0lnV0lTQVNKOVNqTlBSRloyOEdVdzdOQ19LS2dqSEpjdm1tc1hPa1RsU0t2ak11ams4?oc=5
2026-04-07 03:00,Seeking Alpha,seekingalpha.com,SoundHound AI: Good Times Are Likely Long Over (NASDAQ:SOUN),https://news.google.com/rss/articles/CBMiigFBVV95cUxNZEp2OXN2X3hsZjJiY0tWVmNrQVpNTF9TZHBTOXNlODZoZEY4ZGl3TVNIQ214NGxhdGNwaGpaT0Fwb0Ftd3ZDQzJVZlFWRU5FLU9NNzVtR0N3bFRub0xaZWRfUS1TTFlOSGNkSzgyakxVaXBLSW5aaFBIMkdHd2hrWDEzdENGd2pCdVE?oc=5
2026-04-07 03:00,Seeking Alpha,seekingalpha.com,SoundHound AI: Path To Profitability (Rating Upgrade) (NASDAQ:SOUN),https://news.google.com/rss/articles/CBMilgFBVV95cUxPVFVJTGY3MEZweU8wOVU4ZzNCXy1vQ25hTklxVFgyck50SzU4Ylo2WVlMSW1UOEFnaHM4SFRUSWhyRHNDM3lQYTBUSWdyQ3A3TXVGakduQ3VjekQzbGMtbklyWS1CeGVpdmxPWFVZTWVJaUl1VjVkVkNVSHBrMUVjRlNWZlVva3NnbFo3dGtkTkU4dGlJMUE?oc=5
2026-04-07 03:00,The Motley Fool,fool.com,SoundHound AI Has an Underrated Catalyst Investors Are Missing,https://news.google.com/rss/articles/CBMimAFBVV95cUxNRzZGV2dYOFZuaHJ1eGs5cGVDS0lRSm5NdGVpVXQ4YnZDSEtWS2otUXY1aFRvRGU3Qi1hUTJxcXZXRWtzQTl1S09PSHRNdjREZHAxTXRmYlhWYWhxWlFPR1RldWdNaUh6dFlzT3hXcGFDMDBqbmpzdHhBOHg0NHNockRXcThTUTlad1dacmdpRFhtOVVuOFBGeA?oc=5
2026-04-08 03:00,Zacks,zacks.com,SoundHound Stock Plunges 43% in 3 Months: Buy the Dip or Wait Longer?,https://news.google.com/rss/articles/CBMiqwFBVV95cUxNVjhtekNtMFR5c1RBWUd4aS1ZcjBjVkkwSndEa3lCSWV4NjdsYkdUQUV4bHRQb2hnZjlPSGhudEpDTkgzaTY0ZE1PT0MzbDJhSnEyT3RWOWZJZlRDeHNQZG9tcktHa2tSYm5MSkprTFgyMVY1d0JONVR1YjVNaWxEZTBMb0VXN1owTFRnNTM1aUNQQnZyY1FwelNJUHlzTm5fMzJrZG5xbnJ1eE0?oc=5
2026-04-09 03:00,Investing.com,investing.com,SoundHound AI partners with carrier group for AI services,https://news.google.com/rss/articles/CBMitAFBVV95cUxNRmMtY1k1RHNyd0l2bXA4RHRpSHB6UWxfRUZ5RlZxaDFqRl9NNTdjZXE0S3Fya2phMnhwVU1aY2tOX3RLUG0xT2xpbTlnbGVYLWhjcFpPQktlb3ZoNXRyZjYxZVFPUy1JVV9KYU55aUlDdk9sSGc5bk9SdEpLT3h3Q05DcUxrWko2TEVpa2E3ZDFFR3RWWTd1SmZsSXZkcktjSDZCa0VNS1ZEcW5wcmFXU1NSVW4?oc=5
2026-04-09 03:00,The Motley Fool,fool.com,Best AI Stocks to Buy: BigBear.ai Stock vs. Soundhoundai Stock,https://news.google.com/rss/articles/CBMimAFBVV95cUxPaDlKWmpYWjRadThDeUlsRS1haVVzMGNZclVuWWpLNUktVW9JT01RX0ppckhCQThra2wyNmdWSmpBalkyeUFybTV2NnAyazlFMW5taExCdWRQcEREY1RFTXNLSTNfcDJZTVFaRzVQcEhFUVF2UndFaFVSN2VDWkk5dHhIam00a1RiZGNHd0xZV0pKME9ZcWlvaw?oc=5
2026-04-09 03:00,Yahoo Finance,finance.yahoo.com,"PubMatic, Braze, Alarm.com, American Express Global Business Travel, and SoundHound AI Shares Plummet, What You Need To Know",https://news.google.com/rss/articles/CBMinwFBVV95cUxPVDFYTzNOa1puRzFTaEVTY2x1UWxvMzFDTXA1ZzdMR0c2RzlLRENnc3hPaWpVQ0tZNC15bHhtOEF4b0pOZnNDSElNZ3pjTDJ2bXhiaTZtTmtZaEViYktKbk8tQWk0aVVHblJGUHZyVDFIS3VQeFFPT2VDRjNrMDg4bDg3eGhOSW8wT0g3UkNBbVFFVHZXWEtLSVpya2dpTFk?oc=5
2026-04-10 03:00,The Motley Fool,fool.com,5 Genius AI Stock Picks (Hint: Nvidia Is One of Them),https://news.google.com/rss/articles/CBMimAFBVV95cUxQRTlKOGN2Y2MyNkZldE5TZ3Rkc0h0bEE5TjlPeEM3ZGRoUWdJTy1TQkw5SXNiamVPRWZ4NG9MUGRMbzV2TEdKWWN2MnVlR0sySEFkdGRZV3pUQmJWX2FYQUdnZUxrSUpjanQ4bk1ZMERoeUwxdmF0MEM4S3BkaHFLek55UHBXVWE1MHNUTlJJNV9IczhSb0QtQQ?oc=5
2026-04-10 03:00,The Motley Fool,fool.com,The Nasdaq Has Made a Solid Recovery. Here Are 2 Incredibly Attractive Stocks to Buy Before It's Too Late.,https://news.google.com/rss/articles/CBMimAFBVV95cUxOdXAzRy14SzA2RmwwT1dHM1RtZmRiMU8tX3Z1Q2NSMkJfMGlNbEQtbDVOTXM3TXlOdzFMVTBsa0JGRm1GZDZoUzNMRExKQVBHZ2psOUctUjVVY2F1ME13YUI2UGhNRVZhUUl5UTU3c2pfZXB2YWNvZUxNS2hDaUp3SlVfaU92NlpLN1JHdEt3X2xGYUdvdE1VMg?oc=5
2026-04-10 03:00,The Motley Fool,fool.com,What Is One of the Best Growth Stocks to Buy With $500 Today?,https://news.google.com/rss/articles/CBMimAFBVV95cUxNaGczOHBnbHNaVENZTXNvY0FjMFYzbkxSNnlyYjR5bXRSZUNvcmYxTXNXWDZVejN4bHVaeFQ3NF9zV3lmUTlPWS1mN3gydk1wanNCcFppQnRLb1ZSaUpMdUpOTDNvLTZqTy0zWVMwRUo2QWVZZ1RreS15dC02OG53MDJBWk05VEs3dFRLODhTRkFrblRtWW5XVA?oc=5
2026-04-10 03:00,Yahoo Finance,finance.yahoo.com,"Is Trending Stock SoundHound AI, Inc. (SOUN) a Buy Now?",https://news.google.com/rss/articles/CBMingFBVV95cUxPakdjakxMeG5ralQ1c0FjWDNJcktrbW5wNlpzQUl5TUZjY1A2MFQ0aFdVQTN0NTV2RUhqcUhLVG5GY2UwcEtscWtvbkNRcTFyOGtHWnU0aldySzJTY2J1RDNKeUU2YnF0dVNFbkcwd21WLUxYVll6bkNXOWszaGtzMXZDN2I5UzYxOGtZMU1GZGthTVEweTZqWWR3ZmJEZw?oc=5
2026-04-10 03:00,Zacks,zacks.com,SoundHound Brings Agentic AI to Telecom Operators: What it Means,https://news.google.com/rss/articles/CBMipwFBVV95cUxQU1ZiSWtLUXZFSVlLSDNRX2lnNThsdmpYeWJ4VHFqNEdKcWlPVXRoYlpWRDhCQkhlY3NPOEdURW9qNjd4WE9ZSDhrUTlBcWRKdGZyX2t4RVpSWDhSVV9iSVpSUGZxbmJrc3phMENqcmd6Q0pDREhaQ1NwXzY1Sy13eWxLRTZlajN1dXVuVUpDZ1gxbTh4eUtSQnhBd1cwQWgyUGNFN0hIWQ?oc=5
2026-04-11 03:00,Yahoo Finance,finance.yahoo.com,How SoundHound AI (SOUN) Is Expanding Its Agentic AI Platform Across New Verticals,https://news.google.com/rss/articles/CBMiqAFBVV95cUxOb2xQRGZCYUlUb1AteDFsQXhjcFBOMnlXcnZnam9TV09BNFNOcDdETHV3NUZYN3ZhU1VPX1d2VHZ0M2EtVHpPMk5MYmRjUWVtSmRmLTBvazdvSTJvMnlpaUFJbWpGTVZhVGxfMm9IM25YRmxPNENPdVVHM3ltbXc5MFZ1NUF0R0dHZTM3R3FIREZnR0lhMzgzM3ZoSk5LcW0ycm1WLTNmc1A?oc=5
2026-04-11 03:00,Yahoo Finance,finance.yahoo.com,SoundHound AI (SOUN) Is A Stock That Jim Cramer Was Right In Advising To Sell,https://news.google.com/rss/articles/CBMimAFBVV95cUxQYmhVUXFUQU1lRDZIcllBbmZCLUtWV0pzRDVDRnFXbFd6MXo0TnhBcUhyMjZ5Z3FlcV9zZUhUcDZyZV80dUNQVTBrQ19QRFdSUm1PVnBDTnpEVTZPM1pmc0tNczRBdkl3Z2NzT3lGRmxJc09pZ21Vb3V5LUdFODVpYV9Uak4ycjlHVlZyTDNwUUpRcFBXMUdteg?oc=5
2026-04-12 03:00,Yahoo Finance,finance.yahoo.com,Assessing SoundHound AI (SOUN) Valuation After New Telecom And Insurance Partnerships,https://news.google.com/rss/articles/CBMipgFBVV95cUxPOFFHOUtCenVHU0xVTmhWZDZUS3NNc0FiT0VEY2taMVd6LVV1ZmRWa1ROV0NPc0xLMTF1OGZPaWtZX2VsS0RjWnRoeGl4dWpxeDFsYUc4VHRPUTFZZW50STBabVBxX3dKSXpDQTFwc25ETE5NSGJMQzFaTWhHRi0wd0dvYWQyRmNKY1J0UjByWk5XMy00eldpeDlpdjlXbVFyS0w0bURn?oc=5
2026-04-13 03:00,The Motley Fool,fool.com,3 Under-the-Radar AI Stock Picks That Could Be Incredible Buys,https://news.google.com/rss/articles/CBMimAFBVV95cUxPZ1FsQzV1dUZTVDNWaWVYb2pvRVJ5VXNHX3VUMG13YWkwa3RidmtBLUg0STNVMnBuU3F5Yno5Z0RKYWtubUpyZzRXa2d4ak1mdTZKSXZkc2NpeEdTT1ZoMDM2T0VpWTNyWTMydkxuTHh4NW4yUlpxSUdVR2tGVkEwTUtkZGJmdVdEWnRoSjd3djlXX3VPN1l2WA?oc=5
2026-04-14 03:00,Yahoo Finance,finance.yahoo.com,Jim Cramer on SoundHound: “I’m a No Go on That One”,https://news.google.com/rss/articles/CBMilgFBVV95cUxOUzNiREJaQTRweXVFVGNqRHotaXZDM29PWk95a0tPQ25yakp6UV94Vm5CaEJscGFJQmpNMjlfNFZvNFBaNzc4T0ZXTjlMWEFjdHh2cjZKVGUyalRfNy04Wi1xWmdyMjcwN3F5bWVSQVlNS1N2RHFlcWNIM2JFNkRCcGEtdUdreGZuaXF0N2pWOUI1MVNVbXc?oc=5
2026-04-14 03:00,Yahoo Finance,finance.yahoo.com,"SoundHound AI, Inc. (SOUN) Rises Higher Than Market: Key Facts",https://news.google.com/rss/articles/CBMimAFBVV95cUxQQVJmX0F3SDIzNmh6THBWYVY0NU45WnZpVmE1X2x4cTVyMlZzbm5JaFpUUVBxalhfeU5PQmp3bHlKdHVvQzUycTdCWkJYMklvNE5OYzQwMkczYThPOEVsRl9OY09oNVU3OUNMT2VhZ0NTTTVBMjJTNVJKY2x4RVp2a3RwVk5Nc0phalJaSWxLM3FTNmo2NTdMOQ?oc=5
2026-04-15 03:00,The Motley Fool,fool.com,5 Stocks to Buy if AI Investing Comes Back Into Style,https://news.google.com/rss/articles/CBMikwFBVV95cUxQLV9TWm1UM1c1SWJfZ1o3aE1xaFgyR0hzSkN2bWZ2cXhLcmJyQ1VFYnBpSVRIbkl2SThLTGtPTGVsem50WWFUNHlDNkZjaXc5enZGWlduSUJmaTRSc2JZNkxHdEtSNzZIODE1djRORTF5R3g0TzQteE0wRTJNUmNwWnc5YWZsSVY2OHRjRlFTaHcxNlU?oc=5
2026-04-15 03:00,Yahoo Finance,finance.yahoo.com,SoundHound AI Platform Expands: Is Automation the Catalyst?,https://news.google.com/rss/articles/CBMirwFBVV95cUxQOVBTNld2RVczMXRqYmZLbTJJQTdGTmZrR2hGMFJ2QXVNdDhLRE5oTE5ZX2lqOGhieDNkQ0V2MzBfR3ZBT1NSTjhuQ1I2Ums0b2lvTDJMUDZjQVBiUnhId3YtN2xINGt6bUxfdW1CY0FxOVdDSTgxVnVQOUtSWm9TaENUYUF6b0lvanF5dFV4Z0pFN1J5cU1hQnVYX3RMblVBbHVKc3g2YzF4MzZrWjk0?oc=5
2026-04-16 03:00,The Motley Fool,fool.com,"Want $1 Million in Retirement? This 1 AI Growth Stock Could Help Get You There From $25,000.",https://news.google.com/rss/articles/CBMimAFBVV95cUxQQXJrdlJGZDhpSG9WTEFxdkR4S0wwSnBTXzZEZU5oVWp2a0hiTnJEcEk1cXhvSVh1X2ptRzBKYXJKVzFMaXM2bzFUMVlYaU1VaWYwdXMwOG5ZQ3FlcFlTU0NmbWlhM0I4OW5xMHFvX2dYVEc0TWN2WHdlenFHWGNZcHJpc29rc0ZwUDBxdWpUa2VGQWFDOWpJeg?oc=5
2026-04-16 03:00,The Motley Fool,fool.com,What Is the Biggest Risk for SoundHound AI?,https://news.google.com/rss/articles/CBMijgFBVV95cUxPcXRROWpkRGpGbk5LSlF0SmhIT2MxNk1hQzVxUy1FMjJ5VXEyWXY0TXZjLUlyelpJTDl0QnJITEczUEpHekhRY3kzVDJ3cHdMVjM1Tkp5aFczd1lvdVRlUC1VbC1MNmotMnFuZnJtMF9RTUEyXzc3SXpnSHpWX1cxUzB2SVhoUHhqLVdjV1lB?oc=5
2026-04-17 03:00,The Motley Fool,fool.com,Is SoundHound AI the Ultimate AI Stock for Maximum Upside?,https://news.google.com/rss/articles/CBMimAFBVV95cUxOZzAwZGk0eC1qSU1uR1h1WTh4U2RrN3BtQ1NaalIzaloyX3laY2Q4LUdPYW5ReHNMOVJsZVNCSThCdlBnQVRKREZGcUNtQTFFSVJFakQwNE1acFZaUkVYSW5xblUweEdNVHVva25MX2FhSGJNb2tPVVRpdV94WGtwcUtkWHh4UXNYbXNpTS1SQ2dBOXBvSnl3Mg?oc=5
2026-04-18 03:00,The Motley Fool,fool.com,"3 Red-Hot Growth Stocks That Could Turn $5,000 Into $50,000 by 2030",https://news.google.com/rss/articles/CBMilwFBVV95cUxOUTlCU0xrb1ZkeEF4RlU1NDdpNGQyMVVkOGRrTUE2NzZrVWlMUTBncTV5VVJEb3NQSlhoZmpEa0FCdGVZVjZNcEVuVlQ1Nm85MVgzQTVfU2dtMWJZWFJyRV8yUWNJellwOFNscy1SZTNvTVQ4NzdtTmRtMlFQWThfZ210WGNBLTNkQU16bHVrTW1HVk5Mbmxr?oc=5
2026-04-18 03:00,The Motley Fool,fool.com,Top 5 AI Stocks Under $200,https://news.google.com/rss/articles/CBMid0FVX3lxTE13ZU9xYmxvNHhjVTRLV3dIVDFqM1ZNVmMzTjJpSUxLeDEya3BKYUVkeDRVN2NrNGoxNjFPZzdKaFZhOE5rOWRMWEdINXdhejI1c2xLZ0lSVFhodVNGelN6X29va3NMWGZONm9qVzNEVk5Xa1ZrcU9J?oc=5
2026-04-20 03:00,Yahoo Finance,finance.yahoo.com,Wall Street Analysts Think SoundHound AI (SOUN) Is a Good Investment: Is It?,https://news.google.com/rss/articles/CBMipAFBVV95cUxQNUg2U3JjNHZSaUswQ2J4U3ZnT2F3bWd0dDlpeFRXTWhZdjdJWHVubEZfekdqOHZaaHRlaTZUMGZocGEyU0dHYnpRLXRhR09kR2ozY1VXMERNYnFFdkZPZTY4UTRoNzMyTTJWeHpOODhLU0l5eTNJemVDM0dEWnJXZ2NkLWUtbEJoQmdicjQ0SFpfV2M5amVmbnJJY25qZ2RhRUR3Wg?oc=5
2026-04-21 03:00,Investing.com,investing.com,SoundHound to acquire LivePerson for $43M in stock deal,https://news.google.com/rss/articles/CBMisAFBVV95cUxOblVXWWtsdF9aYXFONEp3RmxtR29VZ3U1S3otTkhQMGJRRXBxU0RHUjBXcDBXRFhiczM3NFgwUmExYkNKMUtDWnU4cXNaOXlxLVF5dXBFMjVpY1JBVHZHN3pDd2RpWmZNSW9vRFA1REVXWGZWeTZwN28zdHhOeERmQ3lVYWtEcW1LbkhHV1huTzNvM2RsUEx6OHI5RDkwR2VyWUFyZ1BwcW1JSk1oMVZwNA?oc=5
2026-04-21 03:00,Seeking Alpha,seekingalpha.com,SoundHound AI to buy LivePerson for $43M (LPSN:NASDAQ),https://news.google.com/rss/articles/CBMigwFBVV95cUxNSEtwMmFnZDcyUWJnVFRULWZ4Y0h5S280c01DeDhIQlFEaF96X2k1dTVGT19xTTc3dElNVW84T3lxZFFqbWxPZ3JhRDluVkJHRjZpM0pqdU5fbUlxa002NG9pSGVXeDl2RGVRMEdyZGVmQmFOc3pEZ2RQc0FqZWFlelJVcw?oc=5
2026-04-21 03:00,The Motley Fool,fool.com,"Stock Market Today, April 21: SoundHound AI Falls After Announcing All-Stock LivePerson Acquisition",https://news.google.com/rss/articles/CBMi7wFBVV95cUxNTlB1SXMyd3ROel9jcE51NjlaSXJKeWV4RmdxN2dBVkFlWUdSTnRNbnQ4akViLWZ2M2tKNDdZYnZ3UDNvaTFnZ2RXTGktV2hqaS1mQWFHcDNtWU53SWdqdDZQRS1GWnFTejd4MnJGZEpEVEhQZjZSeUpsdGFhZUx1eV9aOEU2b2VSX2xhRElvMGdZeE13VEUxNV9LYzktU01ud0VVZ1lCLTdEVml1VFg4Qjh3SHlWTXhXdXlJemdXYTJZVnd4b0hSZjFseXFSWV9MTTB6MDdvdzNPOXdGNVFWUTk3TnRxcEU5Zng5VmUtRQ?oc=5
2026-04-21 03:00,Yahoo Finance,finance.yahoo.com,Can SoundHound AI (SOUN) Maintain Its Robust Growth?,https://news.google.com/rss/articles/CBMioAFBVV95cUxPWmg5ZzM4WnFDaWVKVWhYai11NW5qTDlDb2tyUXBIRUM1WXVPZk1vX2k0Wl9Oc1l0OE9VRGV3aDZpRDI1R3pjS2VuelJVMzR4Z1MzR0VUTFJ0WEhhcXc4bWdNZ004TW92elYyWUgxYmdkSVF3cnVvZnZwXzQ1UWNhWmRDcXBLZ3ppN2N0U3RWWEcxODBoM0pBakxUNnR0RHdv?oc=5
2026-04-21 03:00,Yahoo Finance,finance.yahoo.com,"Here is What to Know Beyond Why SoundHound AI, Inc. (SOUN) is a Trending Stock",https://news.google.com/rss/articles/CBMimgFBVV95cUxNVDBoSml3UGlfS0tvcXhQdmNXUXJqNWNiSUh1QWZxZ0t0dzRfMjE3Z2gxSGpNX295ZHNtdUR4eFFaYk9HVjR2QXRBLWY5WDY4SUFsdVRBUDFjN0c5bFlnS1IyamZrdFRjUHllV2NwTml0eVU1dmNPemx0aS1wMTZGcTRzYXZNdV85aFBWWmJkN2pVOFMwcEYyaTFn?oc=5
2026-04-21 03:00,Yahoo Finance,finance.yahoo.com,"SoundHound AI, Inc. (SOUN) Declines More Than Market: Some Information for Investors",https://news.google.com/rss/articles/CBMinAFBVV95cUxQem1FbzR5dDFycjhndTgwUDRPVWdFY09Xc3FIbzBvMG0xU254cmJ4eWVMZDRpa2NSaDZxOVRDSTZNSlNMaHpZSll0M2dBRktoSXNsQlZnT3IwNDRaRXVPdzVaZDBEbDE4NDJRN2VoM2N5Q1UyeTE3LWk1QWR6RmlKYUJITHdKaGVVWlhnNUJLS2t5RzhNdHh5aUZFTUY?oc=5
2026-04-22 03:00,GlobeNewswire,globenewswire.com,"SoundHound AI To Report 2026 First Quarter Financial Results, Host Conference Call and Webcast on May 7",https://news.google.com/rss/articles/CBMihAJBVV95cUxQUUhoYVY2MWlYYmpXV09MaUliWVZtRlR3RG1qN2M4STR4azR2U29FTGF1b0VpMmJGR0VSSW1EekxnZ0xpczd1bjhCOEwzMlRZamluODFDOENrSjRYT1dyMXQ1WFcwdnpGVHhEbUhpUkNUdGtHVHIzcTdKalZpUDJfZmNvcGNXNTN5a1FUMzZwcE5uWUk1RHVlNTFTVDhXWkVMMDhkN0dFeXp0SktFeGpNNDlkOHZtVWF3ZmtYc3M3UUE0UEctSVhyRHhoaFJ0RzJYZDJrNl91dDYxS0NFNmg1YkZfaTliY3NQV1daV1ZzMzZ2Y1hGN1pEeXEyWVZDRU9UY2JOdQ?oc=5
2026-04-22 03:00,Investing.com,investing.com,D.A. Davidson reiterates SoundHound stock rating on LivePerson deal,https://news.google.com/rss/articles/CBMiwwFBVV95cUxOUG5BWG9XdndJN3J2UHBfZmxhcEJMTVdZOE5zLW5yb0x0eDhZNUJ6dU9hYWN1NHpGNHBJYlVwdDZyYnNjNHkxSlZkbUJpeGE5eWlQZ2x1c2lBRHB3bnFwb1c2MWR3aTREd1V0R2pkOG9zWUlMTGw0SlNDYmRhRkNfQW1pbHk3cm0yNGQ5OXktbnp1NkJoajVaVWx6ZmtJdDdVMG9ZN1VGZ0Y2Y1RGMEMtWVJYUTNQcFpyOGJ5am0taHpLcEU?oc=5
2026-04-22 03:00,Seeking Alpha,seekingalpha.com,"SoundHound AI's LivePerson deal to expand customers, better position company: Wedbush",https://news.google.com/rss/articles/CBMivAFBVV95cUxNLUQxcGdzTGxSSkViNzVWLTVCTXBXWUl0OThvZDh2NDRuTndfQVBhajZvZE1RX0cwV1p3Y1hNOWNuOU9KLWNka3BNekhFWUFoWGJXbTJjVEtfVVNHR3g5YU8ya0ZYV2V0andhZFpfeXdyX3NNV0pJUUFGMEhFN1VUTUE3d3VqajlKb2NLQzNCRy1BV0NTeXcxVFcwRVJraEk1TUdHdFRiRFI0TnNtWFJoSXFrdl9UbXQ2LVJEVQ?oc=5
2026-04-22 03:00,The Motley Fool,fool.com,"The Best Artificial Intelligence (AI) Stocks to Buy With $1,000 Right Now",https://news.google.com/rss/articles/CBMilAFBVV95cUxQQzNLTlJSNHNVN21Ta2IzV3N4WTZqSTVjT3pkcF8zZmF0bDY5SzR6R09Fd2FwcjYxYmVIcVg5dDlkWTEzYnc5MG5icXpyc0dXMk5rSUFub2hmRjJZYnE5bEZfbUE0Y09fWl9wZF95MlV3YXFxNUtzb2FzdHNzOEhKYmQtREN6YzFfZ3U1UjRkVUJCc0gt?oc=5
2026-04-22 03:00,Yahoo Finance,finance.yahoo.com,"SoundHound AI strengthens position with LivePerson acquisition, says Wedbush",https://news.google.com/rss/articles/CBMitAFBVV95cUxQZHRXUXY1ZkNyVFNqWnZPMHVvZFhJQWpTcjN6T2lsR3RSdEhOdmVQd0t6X1BUR1dGMjVyWnduU3c3MUpGY3hpZmpET3hzb3g3UndCVUVxSjdhcFBBUVNBaGVKdmxscDhoMExoUjZQb1VEX3VKSEFsNThYLVEycTNCZHFPT1NwcEo2b2xMNlNRQmVxREJ3RnREa0p6ajlieU05QWd0Nkpia3dMSmcwZFQ2bUFzTlo?oc=5
2026-04-22 03:00,Yahoo Finance,finance.yahoo.com,SoundHound to buy LivePerson to expand conversational AI,https://news.google.com/rss/articles/CBMitwFBVV95cUxQQmR3enpXZ1BLM3h1R0NkT3k2YUlyTDAwS2JSOGc4aFJ6MVRTMGh5N0h6aVhyWXNOM0ZvQm05dWJxYnlXd3BpeHVCWXZaVVZJRHlZWXpJRnpOQjhqVEQtYnJVN2dPY1FYVWRjVFBNNnd5Y21ERXQxQ3NiYkpBN1E3bmRJTmFMZGlXZFVvampyLWFPSEpOYmplNzZOOUlSNWwzRTl5UlNxTUZ5T3d4OVJGMVZfLXVlTE0?oc=5
2026-04-23 03:00,CNBC,cnbc.com,Cramer's lightning round: 'We cannot be in SoundHound',https://news.google.com/rss/articles/CBMikAFBVV95cUxOWldQX1h1dzVxV01mWUx0c25pR3ZqWEdvSEJrb0k2MGpqblRWemtrTkJNQ0xnUGg1a0FyWHdsZm0zM3hrbmhpVXJTUVR3NlNUbFo3SHZYZF9rM21meEQ1d1dCR3NDVkkyQXA4ZlhGbnNDV3c1VW5BQ0NTZ0xIbmFfZmRHVlFMVlhNNW92QWh3ZWPSAZYBQVVfeXFMTjkwZDJpS3d4SjhscDZfZU9UMVdqU3JIb3dCYUJmcDFwc0NFMWxqb1c0UER3Zm10S2RqeUJxYTdkZXVuY2JWekViQkJ5enVmTE5wdjRLWGFjQ19MT3psQjNUNzVwVkM2Q2h0YVJpNGVTMlcyUkgyWjhiT1lRNVJzOTJTVE1WYVpydFpNRktRc0RGeHVSN29R?oc=5
2026-04-23 03:00,CNBC,cnbc.com,"Lightning Round: 'We cannot be in SoundHound', says Jim Cramer",https://news.google.com/rss/articles/CBMiowFBVV95cUxQMlhtbHU5UTVUQlVwMms4UWYydkpGYXMway1SZmpUaUktcGZkWF9seG5RRU5YRzd5bC1Pa2ZXTkppT05zN1QxYlVsdWFnY0NBd3pXMWtCRnlva2hidE91VDVaajZCTjZXU3VZdzRPYTFKd3BYNW9fTVo4djNhSW1SLW12X09MZWViaEtQNGxYQTZraWdSSEEzeHlqWjhseS1FWlBn?oc=5
2026-04-23 03:00,Investing.com,investing.com,SoundHound AI expands Casey’s partnership for voice ordering,https://news.google.com/rss/articles/CBMitwFBVV95cUxNakFiaThDMHhhSU9scmVyY0N4NWFNcWg5c1ZHRDlvc0VtM0xFcXZ4ck9WYU1oRU9Fb1Z3TFpNMU9icjQwckxnQkF1WU1kTEY3YnVXNlNJV2ZVWV9mQS1KM0phQjRLRlN3MGltVGQ0SHRGNm9PWC1LeW84TjRfOTk1bFFzSVBoSzQ0azBUclpXUUZWdC14ZnZDTjlKQk13Q3p1MjBidVNlS19rZ3l2aWhKOVAtRjNlUms?oc=5
2026-04-23 03:00,TheStreet,thestreet.com,Wedbush has blunt message for SoundHound AI stock investors,https://news.google.com/rss/articles/CBMipAFBVV95cUxQRnVJRUwwYkMxQ2VYQUZYTWdtQTJ4dVNDRVduX1dxTXpUNmprTVE0M05mMGw2RWJBX2tCckFlUWZ4c216RHh2dlo0SmdMM2UzN0wtbVcwQ3I0ZnU4dG5fanZNblhybjMweHRGNFFpUDlwRHk0ckFabmJ2bUdiVTNBbzhWS2FGeEhMMHY2cHR5OG9zUHV6UXZCNEhKYTZEZDhMSW10Nw?oc=5
2026-04-23 03:00,Yahoo Finance,finance.yahoo.com,"SoundHound AI (SOUN) Expands Platform With LivePerson Deal, Analyst Maintains Buy Rating",https://news.google.com/rss/articles/CBMiogFBVV95cUxPSENfRHVBT0hUOXJXNFhRRnZ2cWF3SW9RU3R0YTNYMndxeTNnSnRBUHg1OUJ5WWhLN0pxVWUtWjR3WE9ScWlNTUdtYzV0UUpRQTBncnVORnBpdFVPTnhBVU5TdG1PT25Vb1ViU3hyY29LTDB1N0duR05mbEswZU40bDFGVHFLejhlZkFtTWpuY3cwZk54ZFlTdW9fMWtiUmtUWEE?oc=5
2026-04-23 03:00,Yahoo Finance,finance.yahoo.com,SoundHound AI Acquisition Of LivePerson Reshapes Omnichannel AI And Valuation,https://news.google.com/rss/articles/CBMirwFBVV95cUxQVUdmZU9wbjlFR3QyMGFjVUdickNzSU9COTJlS19uX3hfd3pLR0dlVmh2NV81NFVGdHJXNVJ1OWhVbkx0MzlxaF9QTEZVM2cyNGVqQl9TME1ONDk3MmhkZWFENU1FNG1PdU01Qk4tNGoxaXhFM3c3R0tYTFROOXJHWEFNZUtXRWZJMkNQTDU3cFlfVFZFOW01NnlaX1VGd1dsTnk5Q3haWUl1Ty1Tdm9j?oc=5
2026-04-23 03:00,Yahoo Finance,finance.yahoo.com,SoundHound vs. Cerence: Which Voice AI Stock Has Stronger Potential?,https://news.google.com/rss/articles/CBMimwFBVV95cUxQaGhpcEFrLXFiaFZ0TUtuSmhKSXk4YjlaR0pSRVpuWXJqWDJmMVctUS0wZWVHSlQ1cl9RSy1BZEtqMXhQOTY3NzhlRmIwcFhlcWlBOFNjRzEwRl95SHhFTGFkM2hVNTFrUnpnc3QwQXNYRXRZa1RseHVtTE9pNG9oUFU0Q1NVTmQ3MDNSdGNTSncyWUNUa0VoNndLWQ?oc=5
2026-04-24 03:00,Yahoo Finance,finance.yahoo.com,Is SoundHound AI's Latest Acquisition a Game Changer for the Stock?,https://news.google.com/rss/articles/CBMipgFBVV95cUxQZHdEVng5ejU2TDIzNUR2Tm9QY0U2LThLUjRyZUtUaVlCbkNYalJSOXI5QW1jd0g4ZWx1MGZXa0ZrNXZ4S3lFNXoyZ1cxNENTOFNUdWtoVXJqWE5SVnlSSFRHUzJtYTBmQ01QOWViMFRIV3RwQlJkOUI4RFNzbmRlUV9LYm5VSHg5aHFtSWpuRDZtNE1xR3ZtWkc5Q3FHc29TT0FiRF9B?oc=5
2026-04-25 03:00,Yahoo Finance,finance.yahoo.com,"SoundHound AI (SOUN) Expands Partnership With Casey’s Across 2,600 Locations",https://news.google.com/rss/articles/CBMipgFBVV95cUxNLWVXVlVFVUhxcnQ3ZTZQU3ZWUkR4aG1nNHA1VzBZSmZoU2tIcF9tbUpnUnRURmg4YTdPVzNhbVAzeEM3djZGbnBXUlRQSzAyNEJmX2hJQkJGSzd6U2NLVS1vazFtZjZRT0NGc2xYUmNCc0xGVkdIWURMcXRkT0RBb0pTQmtOMEVvQW1YRnZxREMtdHJmTjNoV1dfck8tYzQ0cWFUaDJR?oc=5
2026-04-26 03:00,Yahoo Finance,finance.yahoo.com,Jim Cramer Has A Clear Take On Rivian's Future — And A Warning About An AI Name,https://news.google.com/rss/articles/CBMinAFBVV95cUxQLVRHVFZ0S2FkMkdybGF0ZGF2RkRncWQzTi1VQUpXTHh3Ujd1cFYyTzB3QkYwUHp4WVhZYVdnZEh0YmF4OVhDYkVUZTlNVzVoQVVVaVZhWmYwdjZoWWV3S01xX1RpSWpIVjVHMFRiR2FrclBJZVhIV3B0aEFwU0xhU2lJRFlIQkdrWTdCM0c4YmNCd0Z1M3NnZk8weFU?oc=5
2026-04-26 03:00,Yahoo Finance,finance.yahoo.com,Jim Cramer Says “We Cannot Be in SoundHound”,https://news.google.com/rss/articles/CBMinwFBVV95cUxPVlUya0VVXzE2N0M5QTJHbmdRcnNpd1BzUDR1N3ZaenFrSFFQWjdLR3ozd05ZZ1BmVk5TSWFZUXlJXzEzckdaLVVkRGs1cXNHUE5STDFfTHVsRWRWVXV6VFljdXNGYXZSQzBnQnhxQ3RnUWZoX2JSVldLY0tpTGZ3cFVaV3dYeThUYXpvampQSnVGeEktSjhuSEgyel95dEE?oc=5
2026-04-26 03:00,Yahoo Finance,finance.yahoo.com,SoundHound AI (SOUN) Valuation Check After Recent Share Price Momentum,https://news.google.com/rss/articles/CBMioAFBVV95cUxPOWctVGU1RllZLVdxQzdUbnFhSHJyY0dwSURVdkd2YUNuTFFGamdHMmRlRGZHcnNxMG84Nm5kcjVCOExGMHlxUU5pU2hJb04tSEFwM1dDblJpc0o1LUpxRl95a2FpbGxpX1Z6c1RwTWN6RzFTVndlcTBWM21JVHgyODdSWHBfMTI4eHJWY2dfc0NMZUlSYzhreHI2VElraG90?oc=5
2026-04-28 03:00,The Motley Fool,fool.com,Should You Buy SoundHound AI Stock Before May 7? The Answer Might Surprise You.,https://news.google.com/rss/articles/CBMilwFBVV95cUxNbGg5SDF1eHZOcTkzbl9abWw2eVZLc0hmWVhMLUlMV0ZreU00cTRIYnlIbE9ib3lXWUJVMG5LWlRJZGZzQkNZeEd0bXpqb1E5ZnRsQVdYcjhZOFBnVUhvOElnVUx1bXRnOVhaNmxfRzJHNjlQb3lseFk2T2tlaFBDWjNlR1VYbFdXNndIQ2o3Mkk2dGt5TWdj?oc=5
2026-04-28 03:00,The Motley Fool,fool.com,SoundHound AI Stock Down 66% From Its High -- Is It Finally a Screaming Buy?,https://news.google.com/rss/articles/CBMimAFBVV95cUxPYXZENTRkOTJCUzNaVXBxc1RNS2ZhdUt6NzZHTXNUNzdiU3J5NmNvWjBrZ0ZSVS1XVGxUNjcxWXZWcFZnQmFiNFZFWWhxdjQ1cDMwSF8tUTlXNExWb1NPbzJxcUJaY1prUTVoVVpEQjRWR01HMjZZUHpDYk9hOVU4RUxqbGNGc0ZtbHZmRlFNVFhub2ctTS1PSg?oc=5
2026-04-28 03:00,The Motley Fool,fool.com,"Why the ""Great Repricing"" of AI Software Stocks Is a Gift for Long-Term Investors",https://news.google.com/rss/articles/CBMilAFBVV95cUxPM3Q1TWJNZkl1OHl5QW1VSE5HQ2E2RFN2WXkzMUhsNzd4RmJOdEg5a1dub2dxMFkxR203NGo4MFU2QVJ1a1pUVm15WkJ4MTJUclpYOTlZUkY0QXBZdHI5WWpVbEVKbWItZ2VJdnlNckl3N01tbXVrb3hkQnhWNk90amlodkMxSUR5OXFKWEo5bHN1NmZa?oc=5
2026-04-29 03:00,The Motley Fool,fool.com,Should You Buy SoundHound AI Stock Before May 7?,https://news.google.com/rss/articles/CBMilAFBVV95cUxOcWU0MU9NWFhOcXNGX2cwN2pFN3NhN0hwa3FMODRjS3d1ZnQwcnZZWnViRS1XdGRJZWltR203WUtIQ1QzY1NRMUc3QjRQcnBFRXhvSXQtekRjRWNlTUtWUEZDcVRzYXF2NDZyRmFvMEtWaGFQNExobEk5OUZTYU9ITUtwaThibnQ4VDNDdG5BUEhKU1Fl?oc=5
2026-04-30 03:00,Yahoo Finance,finance.yahoo.com,1 Genius AI Stock That Wall Street Thinks Could Double Your Money Within a Year,https://news.google.com/rss/articles/CBMikAFBVV95cUxNQ3pTNVRjaTdCemt5dFFXUWppRXRNckNrLXNKbmlEUHJIbm5acWY1eVBGeXJRZVZIX1lxYU9ySEMxZmhTV3NFYzd3ZWE1R1RtYVFQZThFdFZCMzhuQ2htMFpCNUxvbG1tTkljR25QWkFKaVN2ZXIzZFFPWlFhbFJBaVI1dk1hR3JqM2h0cTlma3I?oc=5
2026-05-01 03:00,Investing.com,investing.com,SoundHound AI stock jumps 18% amid short squeeze speculation,https://news.google.com/rss/articles/CBMivgFBVV95cUxOWVoxd2c0akU3NkRybTloZUVxN3l1c2NYVEZfcWlROWp0WUJhc3V3SVJqS2tJWkJwWURtMWJSYzZFZm5uS0hCQ1lTQnFJNXdGajVEYjRtOWdWTmJvMlpiTHJsd2QzQkNTT3VtVGNvSm1NcUxNam9LLUYzQW5xb2ROSEItWnVkWHU0Z2JabjNJNTdYNHZkc29hcU1CWUV0V1loMV9ORm1EdHpiUE5mTnFxbnk1Ym9hZlA0ZVlTdzZB?oc=5
2026-05-01 03:00,Investing.com,uk.investing.com,SoundHound AI stock jumps 18% amid short squeeze speculation By Investing.com,https://news.google.com/rss/articles/CBMivAFBVV95cUxQbEw5YVNHWHNUOGYtc0tNcWMzZnNTR3RqdW5Iak1SUHUzT2E2TmdtQkoxWl9qNG1SdGRHVDhvTVBrZmU2X3ZoOUd5RW5ONWkyVVFBa3JBc09GanB4OXQ3MlJ2VEJMeUhxMmdLYjZoZFVCaDNEalVsRklTbHlMd2g0TW53NXAzWjhvUkxYRVJHMnI2eFJWVEM1VXhGb1R6Y016NFlPZXA5SmlBUTRBZjM0VVR4WDRhc2haQU05ZA?oc=5
2026-05-01 03:00,The Motley Fool,fool.com,Why SoundHound AI Stock Jumped 17% Today,https://news.google.com/rss/articles/CBMiigFBVV95cUxPNV95c1JUUHBOSzVrNzMzVUdiUGJaTzRkR0pYa0FWZE9ZSGpzMHFoS1QtTVdSbjZhWlROU1lzMWZHcEZwNVRIVjA3eGtWeXlZZUd3NWNOdGhrZHFJdjRYZ2lGcjRuTTJtTU0tdlYtOGt2enRCU0dfTzNmOFg1bWJDaEZVX0VpXzVLZXc?oc=5
2026-05-01 03:00,Yahoo Finance,finance.yahoo.com,"SoundHound AI (SOUN) Climbs 20% Ahead of Q1 Earnings, Outlook in Focus",https://news.google.com/rss/articles/CBMimAFBVV95cUxNcjBpWlFuekNFSDNoN0Rfdm5kRUpqQmVTRmVSR1c4cmhCaGFaeG5XcDJoY3lrZHVIUFJHR3otczN1UWNrUVZQWU5fcjNmdWZZX2dqa3NKTEpBQTQ2cFFnZlB5Mk9zWlJncjk1ZUlMcldRR2cxN1hHajBnbEpjd3Y1QkdrWUtGYTRfNkxScnRhc1REREhLTHZMeA?oc=5
2026-05-01 03:00,Yahoo Finance,finance.yahoo.com,The Bull Case For SoundHound AI (SOUN) Could Change Following Expanded Casey’s Rollout And LivePerson Deal,https://news.google.com/rss/articles/CBMimAFBVV95cUxPWXVzSDVCRWVYOC1TdXM5d0duU3JYRlVCVkJfdEUzaDRKV2drYTdVaXZTRWZJWjhGSGdVNFF4VUlEUE5CRUlJTUNYVG01RHJSM2JOd2JRZC1vckY5V19qdmpONUNSRml3am1jcmlETDV0Y3Y0N0FIZExuSnRHaVQ4aEExUkw0a0NqU0IwajRIVjRzU2JrcnlZVQ?oc=5
2026-05-02 03:00,Benzinga,benzinga.com,Voice AI Is Heating Up—SoundHound Is Back On Investors' Radar,https://news.google.com/rss/articles/CBMiuAFBVV95cUxPWmg2X2xLMDhDbThLVU9GYkNYRHhrYjY4bm5jbFdLM05CMDNQaFYwMlVjdTRSSVE2aENOeF9lOUlYUFJLUXl3VnM5VDZQdFRmTEtGSEctQmtRajZGdEtldjJWTWI2Q0I4aGNnUXRkQzVJbExYZC16bFpIOFdQQmdRSXY0M2l6X2VUa0lGSzdLSVRqZUNqZGJaeXpTcXRRVEtZaWFiYjVWVlI5ekFuNDBUSF9SQi1XeDNH?oc=5
2026-05-04 03:00,Benzinga,benzinga.com,SoundHound Stock Is Moving Today — Here's What The Chart Is Signaling - SoundHound AI (NASDAQ:SOUN),https://news.google.com/rss/articles/CBMixgFBVV95cUxNYUM4RGprM1dsVDMzYkFNNTZMQnRCN3p5czM1Ym9zN1NQTXlrWlF1eFZvYkN0NUNEUWtYZzVFVEVDTFVKSUZOOGZiMkZGVy1iVlBXbldSVlhyVU9qem5ZOEtjMExFVmgyVG42ME5PbGsxWUdlLUFQTndrYkdXV1g4Tzg2SFptcy1zaThoV19oc3NmYV9jbGhuMzl2UXE0YkZFVWQtSHAydUVUV3M0WUg4aVlHTXN4ZEhYMVR3djY1Sm5mVUs1ZXc?oc=5
2026-05-04 03:00,Yahoo Finance,finance.yahoo.com,SoundHound AI (SOUN) Moves 20.1% Higher: Will This Strength Last?,https://news.google.com/rss/articles/CBMilwFBVV95cUxOMnoyZ3o0enRpMzlvR2JKeUNhZFJyODI4WHR0ZVZCRjlud0ZzZnVVanhmWnhheGdJMVFNc2ExWHVuZllDbkVEaWxHMmJ3Y3UxVFFPenVCcEdJeW0zbDRiVjVuaDc2a2NOUlRFQXJOUGFLSGhHZFRMNng0SEpUOFdlV0NsVGJxRVlvcEdBdnZjdUxXTGFjV3A4?oc=5
2026-05-05 03:00,Investing.com,investing.com,SoundHound AI stock gains after unveiling self-learning AI platform,https://news.google.com/rss/articles/CBMixwFBVV95cUxNTzVWU0tER2hXbGx6NEZCTl95eXktVnVhNENULUwtVEJiUDFzUXVPRUJUQ1lWTU9LdHNGODdLRlBSRkYySHBZN2E3U1JDOHZmc01feEdPMEZaV2RBZDJvZWc4S1UyV05EWU5QT0ZOT2RKSTZMOThSbng2VTZneExjU2twcDdGem16OVF0MEJBVlRVZjdlZjR5X0tNeTltWG5wUVVRU3ZUOWNRTDJJOHpDRjhnV2tVdHIzVTVMTFZCZWpkdzd4RHdv?oc=5
2026-05-05 03:00,The Motley Fool,fool.com,3 AI Stocks Under $50 That Could Be This Year's Biggest Surprises,https://news.google.com/rss/articles/CBMimAFBVV95cUxQY1dKUEhUR0VtU3dmQ3JQUGZ4NU9xMkFiZE9jSHFjcjJtS0Y3bUU1THJVaVp6QkYxeVNmclpaTW5TemNMU0ZPQ2NDNXRra1QzeHRRYzFQeW84YTZjSVlZeE5KeC02ZUsxdE55RFBlNkk4MjRZNEFhN0g2VFFNcExEU3Q4NWFKZm44bzk0YXBsX2VhSllYMkVKcg?oc=5
2026-05-06 03:00,Yahoo Finance,finance.yahoo.com,SoundHound AI Unveils OASYS Platform As New Enterprise Agent Hub,https://news.google.com/rss/articles/CBMiowFBVV95cUxNaURjYUZCT0Z3TEpSbUx5a0xBUjQtMEhuWXVOQ1hqdllFRkhDOEJLZktsVHJYeDBtYWVCMTVCaWRqdWozaDZvTF95LWZVNWt4Q0lMdHJlNzZRYzBqWVowREhUMDZPY3JsZDhzSGtZd1BrYVM2dFBXakZOd19jY3BiZWQ1T0pMak1BaWhIWEF6ZXBQLTZLWkNOdm1KX0Y1WUlSWnM0?oc=5
2026-05-07 03:00,Benzinga,benzinga.com,"IREN, CoreWeave, Cloudflare, Rocket Lab And SoundHound AI: Why These 5 Stocks Are On Investors' Radars To",https://news.google.com/rss/articles/CBMi4gFBVV95cUxPR2VodUpsb1NRU0pYMVlJS2RoWW04TTN2WXhtR0ZtVEYxbU5DWmVqSnpmNmZYMUlIcmNyYTF6QjNybjRManhiQlYwN1hDUjlQOXYwZ0doZXdwNUJJdThLQlNuc0JhSjQzMTRRVnAyZ3Qzdk5pTUFvYmFHTE5WVEQyZXhJV05EZjlNcEVQSWtnVEVOSFlCc09MUTVvbzBtR3padzRySEhkeHFhU2RjM0RWUTljY25yZ29HTzFMZmRjZDQzTFpNMTIwYTRraVozRjAyeHIzNDVjQXNhaFNwR2JoODV3?oc=5
2026-05-07 03:00,Benzinga,benzinga.com,What's Going On With SoundHound AI Stock On Thursday?,https://news.google.com/rss/articles/CBMisgFBVV95cUxQdkViVlVSYURJYW13VlA0Ti04dno3WTFrS3pMajd6eVpmVFpPT1QzV0FMeXdqYU9HSVdjMl91ekdHdVdlT1liS1NvSjZiVVdxUTdGYVRjX0dHTnhETkJKMlRUdFJmTkk2TWJBVEE1TlZ6aGt5RmtBM3duS09JQkdydG1jU2VRS1NHckU1U0F2Q2dKUjhmVTI3OTRiaTlLT0tadDNLd2M4dnB1M1NsTUh6X1J3?oc=5
2026-05-07 03:00,Investing.com,investing.com,"Earnings call transcript: SoundHound AI Q1 2026 beats EPS forecast, stock edges up",https://news.google.com/rss/articles/CBMi0gFBVV95cUxOUkdzMnZ6RHdyRGJId0xpUFlYb2JoOTZ1cnVmWDYtUEJhakpKUVpyc2tvWFU3S0p4YllqWnR3UnFwZEdSaU15UVAzbHQzbXppc29UdExoRTVLQi15ekU3VURwOGluTER0ZnZVYUlBdld6SDJVa3EzUzBOZE9VSFVxdHZnbTVhVTdSS2gxRDRpWUNSemJHZTRpX0Q4ZXhVcjk1eTVrREtEQ21pSUIwYnBOR3htYXVwSnpEdDNDZ05PM3JCVUJCY0JWT1NCMHQ1eHB3VEE?oc=5
2026-05-07 03:00,MarketWatch,marketwatch.com,SoundHound’s stock falls as acquisitions weigh on earnings results,https://news.google.com/rss/articles/CBMirAFBVV95cUxQeUJyTVY2UWVVLTUyLVMtYlJpbjFWSWZ6UnF6SzN1NXZNMjdvUXRha2JMYlIxaGVHdVpIWEs4d2VuVzRRRnh1bmpLQ3VOTDdFUUZRX0daRS1nN2RaREhXcXotcjJyc05LVDJjNXVSS05reExOcnN0OUFZZTBQOFZVeFdlWHBMcEJ6dUtaY3lWcTVTdW1qN0V4SG1MVWVsRWhxcW56VDR5UkpqaWZl?oc=5
2026-05-07 03:00,Yahoo Finance,finance.yahoo.com,"SoundHound AI, Inc. (SOUN) Reports Q1 Loss, Beats Revenue Estimates",https://news.google.com/rss/articles/CBMimwFBVV95cUxOeDlnUWNWN2J6Y0o4LWlwRXhDZF9SWWh6V0FsNXAxcHMwUnVLd290MGVoUUtKc0k3YXA0TU90a3hYbG8wVWNLNHY5OWhlcHREWW9XTFdvQnF4eTA3YWRTR1dIZDF6c1FHaTlja3h6TXhiSHdLaUJha2lJYjRMUkVwUGxsWXBhb0dUOXBrV0ZQdHF4YmV5WUZJLVRXYw?oc=5
2026-05-08 03:00,Benzinga,benzinga.com,SoundHound Stock Pulls Back As Traders Assess Mixed Earnings Report - SoundHound AI (NASDAQ:SOUN),https://news.google.com/rss/articles/CBMixwFBVV95cUxPU3dzVGNKRXB1cEs5cjRscGZYeG1ORWh4aHRvNmRONXQ0TGg5QThSOXpoTHE4QmlsZnZLbTctNmY4RE1hbmRiLUFWSGtWZzE1QUFFOHpRLVp1ZEUxT0FfVFpQZWxaeDJncERyZ3hBUFFEbGo3dlpCVkpfZTBzRnFySDFoOGF1V2d5bndreXBFNFV6eTNqemNIa2V4blhpSTN1alZEOXB4ZFhDYUFSamhJRUhvZG9xTEphOVlwdHlBVWJ0TXpUcUE4?oc=5
2026-05-08 03:00,Investing.com,au.investing.com,SoundHound AI earnings: Can acquisitions reverse revenue slide? By Investing.com,https://news.google.com/rss/articles/CBMiswFBVV95cUxNWi0xaklIU2Z0WG9ncFZWNGVxdjRia2RJblRUNnBYWVdEd0Zzakx0UTNiT1FfYzZJLUE3OWRqb0NtREMtbFVvMER5VGpKOTZMT2RQTElKbXg1R1ZOYllHcDI4UnBnUFN0aGVnVjBlV2ZTeHZkcFpLclNrN09nVzVMdzZ0SmxYLVpVYU1kcmZiTE5YUDRkal9KWmJMSWp2NUJiX0gxM3YwRG9vUUhrbjdXTVhaWQ?oc=5
2026-05-08 03:00,Investing.com,investing.com,Why is SoundHound AI stock sliding today?,https://news.google.com/rss/articles/CBMipAFBVV95cUxQSm1LVUJBaGVBa3lVVjU3UmFWUjNKOERCMi1sdkZ6NUNLeWZPa3lLR0prX1RwZW5kbl9CSHVFSWk2eFdrU2M3ZGEtSmhoQnBKUndPNTF2cUZtaW9oNG1iMGpUa0cxY3MtbXEyX1RVaUw2VVA0blYzZlNnYkJVbEFHVzBlV05jX05fbTdja2ZyX3JqV3lMMGhiSEtmT1pZVnRQS0tGYg?oc=5
2026-05-08 03:00,Seeking Alpha,seekingalpha.com,SoundHound AI: Buying Opportunity In The Slide As New Products Ramp Up (Upgrade) (SOUN),https://news.google.com/rss/articles/CBMitgFBVV95cUxQT2F2RC05U21RdDFnUk4xNFVMam43QlJ4Z2VYQU54UTQ2bXZOc0JkOVZCUUJjTkx4cW1JUUZ1bWxNNU5KZkV6VHk5X0hLd1c5ZUNULTNtWGtCQ3Q3ODVxTzRSbVVhRmpja0kxbHIwemFiS29YVHdjOGE4N2hPME1vcUc3bWtSd3Jma1JVRkYwSFlrVUdWT2lTQWtWZWlFdDBUMHc5MVUyd0w1ZHE1SUlxRUhmQUJGdw?oc=5
2026-05-08 03:00,The Motley Fool,fool.com,My Top 2 AI Stocks Coming off a Brutal Sell-Off for May 2026,https://news.google.com/rss/articles/CBMimAFBVV95cUxPZFEzcENTM0IxSEU0Uk1UcWl6YzEtdGRjbEswMXJtNks2UUhDLVZBeUhpV2E4Rm1XdTBpZFJLLXVpbS1qS3VZYjkyeW5MRldBNGZSOTF4QWdKM044SXpuTmlfeGszWkdheGVtOHpVUkhvb2RzemtkRldSSV9RaFJyOUg2dG1XRTRuVkE0N0hvbjU1TnowcXhfUA?oc=5
2026-05-08 03:00,Yahoo Finance,finance.yahoo.com,"SOUN Q1 Earnings Miss on Higher Costs, Revenue Beat, Stock Down",https://news.google.com/rss/articles/CBMimAFBVV95cUxONG5pNXRHM1FLQU81SERnNEdWb1A3NEo4UFBfRjVTSmdMNUdwUDl0cXp3U3NDeU9HRXBYbjRhdFliWTg2ZjIxWG5ibE80emJoOVFROGN2aUVQVEtoNnRlcUsyV0hWWC1sblI4MVFVQ3k2bzdMcU1ZdDZEc0ozbUhUZ2tlZWF1SGVnR3lGOV94WWM4QTFkTGQzRQ?oc=5
2026-05-08 03:00,Yahoo Finance,finance.yahoo.com,SoundHound Stock Is Down 13% Today – Is It Outperforming Other AI Stocks Like Palantir and C3.ai?,https://news.google.com/rss/articles/CBMimwFBVV95cUxPNHZ3SXBqZUJnY0dka3BXcEEyOW5TbmdqT0dVeEViaWRDVWtXeXUwVUFlSF9Fb0JlSXRCR2dlUXh4VzIwNnBrSmZwdUpRdnZWTjl0bThRMHhMT280SWdtcDVMQ3hRNnJ4Wl9MM04xLTVObS1kZXVFWWJvS1BvOHk4TFRLTWxuOHdyWXZnNWctNVNwX2lWUzFzT2haUQ?oc=5
2026-05-08 03:00,Yahoo Finance,finance.yahoo.com,Why SoundHound AI Stock Is Down 11.5% Today,https://news.google.com/rss/articles/CBMimAFBVV95cUxPcHdETndCenE3RnFaTE5JY0hYTnViX1JxcjNwQzJUc0dtTXpNNWFMOGdIRk9iOXFxOUJ2UzB3NTZTSzBZM2RWQnZWYTZyWjI3M3d1cERRZ0hadGN1Ym50M2Uwdk0wMTBmSkJxM2xhcm41OEhWRW0zT2Nuc0ZZdmo2Szlab0xQY2dSTjBSdU9ialFybjF1ZGZaMA?oc=5
2026-05-09 03:00,The Motley Fool,fool.com,Is SoundHound Stock a Buy Based on Its $140 Billion Total Addressable Market?,https://news.google.com/rss/articles/CBMimAFBVV95cUxPMGc1S2V0bFQyVUhJUi1LRm94cWk4OWduUm1oekdFMC05dEJFbXhuVmVnYnM5UzhxcFprOUQzS0FjTFlHZXp3ZUdwVnQtYms4ckRHS1V1UkdXMGZsVkpVb1BUN29QaUlfaDRrYlpfRkVWc2FxdHFVTzFSZWdrd1BxSU1wejRSb0NXeEdNaW9TNDNYMVEwUXlnUg?oc=5
2026-05-11 03:00,Seeking Alpha,seekingalpha.com,SoundHound AI: Unprofitable Start-Up Stage With Massive Growth Opportunities - Reiterate Buy,https://news.google.com/rss/articles/CBMizgFBVV95cUxPZTEwVk1IaUgzZWxzSjEtZ2IzM2Y4bF9ZQjZfaVozNUlsa2M3aHZtMjE0QmFaME5VUUpkMTltaHl4cllDYU0yV2VNeG5EYTdXUG5wbzdUZUs2LVVDVHJ2T2k1aWQ0TWs3aUxKc21GWE44ZEVXQjgzbkMydVE0cEh3M1RwTU90SU5kY293c25hdGlLeFU2dzA3UUtuaHBvSFljQ3AwMlViWmt0anczQkczQWlCTXIxOHdyM3BwdDNkVl9vb0hqYlhQUWIyWmY4QQ?oc=5
2026-05-11 03:00,The Motley Fool,fool.com,SoundHound AI Stock Falls After Earnings: Should You Buy the Dip?,https://news.google.com/rss/articles/CBMimAFBVV95cUxOR2NYYUNFcUF1dGNqdHV4cUhkb2tkS0FIVWZOWHE2THJLdUlab0pnaUU2WXd2SGVaTjROcmMyc0w2UGdTdWc1MkoyZ1VCSURYM2NvdTYyZXpHaDIxVlVsWVpOYlN1cVVVblZYNl92VTRtVng4UzE5WEtGZU1Na1hfQWZSNXQ4aE9YWU9FeXB1Rzg1RlRlb2NQVA?oc=5
2026-05-11 03:00,Zacks,zacks.com,Can SoundHound's OASYS Platform Redefine Agentic AI Worldwide?,https://news.google.com/rss/articles/CBMiowFBVV95cUxNMGc4bEw2SEdqeF9nM2Jpb1EwTFFrYXRCMkxKZ2U5c1pfSFpyLVNEcTJURkNFZW1SV18xbmZsQjQxcFFoVWxXQ1VZMWRHTlZvMjBRM3VJYVM2M1FKemd4aEcydlA5TVBPMmlxcGU1aXFUMnJGYTJEam03bE9RUUpqUUVDaXQ1OUdLUW51T3h4MmpRdml4akI4a1V1bUk0YTAwZ3lr?oc=5
2026-05-12 03:00,Yahoo Finance,finance.yahoo.com,Assessing SoundHound AI (SOUN) Valuation After A Volatile Share Price Performance,https://news.google.com/rss/articles/CBMipgFBVV95cUxQd2gxanVWejZ2dTFEbC1KTVRKWVZocGRqS01rVDBuSHJuVzlQdk92Tl9yT2lJcTJ5b3p2OVBFSnZDZ3ZKUEwwSmpvMmlBOGtyeE9RcV9TWWhjOVdiQzhCOV96bHhRVUM0SWpyVk1xTWpBYVh4TlA5Yi12TnFfSENHUVQ4Tk5RYy1zb2tuZTV4UnpoU2ZQVm9CeGEyMVVTRWE5LUxoenJ3?oc=5
2026-05-12 03:00,Yahoo Finance,finance.yahoo.com,"Investors Heavily Search SoundHound AI, Inc. (SOUN): Here is What You Need to Know",https://news.google.com/rss/articles/CBMipgFBVV95cUxQbVZZLWFIeEdkLUh3UFVxN1hGQ3pjQnR5MG1zNENsajlZRDYyUlBiY0d5T0V4WEx2SHFBLU5kajlQdTZRT0ZfOGVISnctNGF2cHJWMjZnM1gxU21zeXU1b1NTWHpDMzNoZGk4cHFZNENlck8wM3FMWFZSYzdDYXN2YTdHbXpDSXRSQ2dvVmF1WWZoVS1QRmtTTTQtSXEzd3M3dEpDemdR?oc=5
2026-05-12 03:00,Yahoo Finance,finance.yahoo.com,Why SoundHound AI (SOUN) Shares Are Getting Obliterated Today,https://news.google.com/rss/articles/CBMigAFBVV95cUxNdU1uLWRia3psQVZkb01QVnU0akE4dVhjU2FCekd0Q3F5QTNGeXF3SE1PR3h2R1JrNmNiLWdvYTFiOHBJQ041UUVpaENVUmc5bmx2YkZRYVdKUm5IdVdLTklFcElySC1jMDlxQ3NfYVZsaW1wMFdmSTVVTXdDc2Y2RQ?oc=5
2026-05-13 03:00,The Motley Fool,fool.com,Is SoundHound AI Stock a Buy on the Dip as Revenue Continues to Soar?,https://news.google.com/rss/articles/CBMijwFBVV95cUxOUDh0NnpUOWVVNXpwdzZlWTc2cUdRRVFqZ3RDNlhKUXlQc1RfWTRnMDNqQkx4d1prZUJESnY0NmtBbFRIR08wRFpCV1BzLTRSVXQ2azNLeHM3OFNlaVU4MXU5eENHaURVNmZtZm5SQjRId3JnTFlGVF82MkxGZmhWQ1QzRHRmMnVSc2k0R3RtMA?oc=5
2026-05-13 03:00,Yahoo Finance,finance.yahoo.com,Is SoundHound Stock Still a Strong AI Play After the Q1 Selloff?,https://news.google.com/rss/articles/CBMihAFBVV95cUxPN0hJNXNJTS16RHA0LXNWZ0Z6V0dacDZjZzZVUm9tVU16bzRiRUNPSmJHX1drcWhxamZjVUl6aDZzSy1XUnh3VEU1Y3FYbHFNejB1NzZ5akdYS2l1cVBTakFVSWpmd3pBTHgxY1FwVWZ4Y3BYbGxjM2puMWkyN2xnSzNrd3M?oc=5
2026-05-15 03:00,Yahoo Finance,finance.yahoo.com,"SoundHound AI, HubSpot, Asana, Zoom, and Akamai Shares Plummet, What You Need To Know",https://news.google.com/rss/articles/CBMingFBVV95cUxOM0RRbXZfc004QU5CejlmX09qV3diQWV6WC1BbzA3NTdEVGQxVzRjMmZXM0RQTWFCVndOaGdQaVRWLVJmT1I0UUQ2QVZmQTVYUUY2Nl9TQkw2MU9kcDNyWE5jVEp3akxodzl1UmNFVy1UMUVCOW0xVkJKUE1mQ21vZUI1dUszekcxSHJuYkZWQkpacm1MR0hIYmNpcjdHZw?oc=5
2026-05-16 03:00,Yahoo Finance,finance.yahoo.com,Risky Integration or Rewarding Returns? The Stakes of SoundHound's LivePerson Acquisition.,https://news.google.com/rss/articles/CBMiqwFBVV95cUxNb1U3TDNrX1loeDRCYzJYUHQzWXBVdE1ZalFldEhydEZWVWd4U2tFMEszQUNZVEl6WG1GZkNQTVZOd01vRm1qWFlfcWtqVzNMODM2Y19maklobkNoVmJyNWQxZzZzQ1ROZklYSzNyeXFTelJDWjBCQTM5aTg5ZUhqV3JRQVdnb3Y1ZEM4RENUd0Y1bUx0aXdacnFoaFVoZzcxVzRnYWFPQUZKbW8?oc=5
2026-05-17 03:00,Yahoo Finance,finance.yahoo.com,"SoundHound AI (SOUN) Is Down 5.3% After $300 Million ATM, OASYS Launch, M&A Push – What's Changed",https://news.google.com/rss/articles/CBMilAFBVV95cUxOV2ZqbkV0X3R0OVZZUFBsanBQNkJuN1c0TzR0RVlFWGczR2NZbFpMSjdrNmdNXzVJeldaaFpySjA2RHRFSGMzUWxTRmtDdWprekQtRXF1dWpVUWNVWHhEUXRZaHgxdGdyTVpxMTVOeEwtZl9TeU5odEM0X29ETVNtc1IxeUtUQi0ydHZMWDlab0NwTTJR?oc=5
2026-05-18 03:00,The Motley Fool,fool.com,2 AI Stocks Under $10 That Could Lead to Long-Term Gains,https://news.google.com/rss/articles/CBMilwFBVV95cUxNZE42N1NpSm16VHZ6ZnBuT0tiNTNZM2dYUXNDcU9HbHRTbklwWTlkeUdKNWdzM3U5N0ZtTjVwT1pnaE1fMm1peFgtVmNNSmhrOHB3S1VoTUhvbVdnWThUOGZwdXBWcU0wa2hCeEt1dVd5S3N0QXk1MGVnVkdQMjVLdkpNY29lMC01b21tSnQ2YmlkYUxxajlF?oc=5
2026-05-18 03:00,The Motley Fool,fool.com,SoundHound AI Just Announced Major News for Shareholders,https://news.google.com/rss/articles/CBMiigFBVV95cUxQVDNqMFltektCNjMtNG9jRTdhV3M4QXM3QWZIbTBEMURxQVpaNTN6SlJVRjVmVV94WW9mbElUSFhGTGVNamNhYXlTeGpzOFBiY1hFVWljWnUtZ3Ezam92SmpiQ05NbURaOXI4eXZUZlRLaW5MdldUcjBzdWlKM0M2MnY2SjhXN3NNQlE?oc=5
2026-05-18 03:00,The Motley Fool,fool.com,SoundHoundAI Stock Analysis: Buy or Sell This AI Stock?,https://news.google.com/rss/articles/CBMimAFBVV95cUxPUVBJbW8tc2ZGeUU3bGtaMTMxYjV0NDZiVmxpRzQ4QmprVDNKaDF5UXRrNHNwVmNxLWVhQmVLdWxUd3VSNmI0NHljMUdnVDJVcVMyN2xtbnJuSnNaXzNEaHlKXzRvMlFfZ2hzVjI2N1NxQ01uSkFqMlZuanBZMlpyZU40aW1jb2E3X0hyVUdYTzBtSmRVai1OUw?oc=5
2026-05-18 03:00,The Motley Fool,fool.com,The Bull and Bear Cases for Investing in SoundHound AI Stock,https://news.google.com/rss/articles/CBMimAFBVV95cUxNSFM5UnhfRmR0bS10YVpzMTZlV3hvMUdPcENVM25NRFl2djA0Ry01cGhVdTYtekZQWktPQ2tONFB3aW5OX0NlenQtVzlvRnBrRmdBM3RRb0thZTYwaGZHTG5XN0sxaWhEZzVHekFyMkR1NkExa3NycHJJTkJ6eTVtN1hkN1VDNGxNM09UTXFRSExTdUZ1TnJZVQ?oc=5
2026-05-19 03:00,The Motley Fool,fool.com,"SoundHound AI Stock Is Down 16% in 2026. Is This the Ultimate Buying Opportunity, or Is More Downside Ahead?",https://news.google.com/rss/articles/CBMimAFBVV95cUxQM01UVmQ5dWlHU0o1T3YwTnFCUU9oUHBJVWg2MGF5R3pkZU1feU1nWFczV3pUQVNLbDlORVJrMUdPWkh1Vl9MTnhJS01MS21tNFk0WlFtX0RYYkNlamtlUEN2Rl9ySG56Qi1NbWpURE1XR0xSYUdZanFLZmE2ZFZ0V1pmdl9NV3gxVDJKaTN2QndzZjM0eUZFNQ?oc=5
2026-05-21 03:00,Yahoo Finance,finance.yahoo.com,"Northland Lowers SoundHound (SOUN) Price Target, Keeps Outperform Rating",https://news.google.com/rss/articles/CBMipgFBVV95cUxOZzYyOUhUSHhvMVpmdmhqU3RyV0hXbU14ek9oTGJjNXRKVG9PVlU1cVl0ellIeUVuWHM3SUs4LXZWaXVWVXRLaTZVd21nTi1zMi1pdlJnWmVYTnlncGgyM19KcUUzZjhSZGxQT3J6SDRaZzRsVi1NQ2NYNmdlaTloNGZRZUxLYWJJYWtMc0RhZ1QxYjd2SjExX1YtbUl5MHM5WktCNmNB?oc=5
2026-05-22 03:00,The Motley Fool,fool.com,"The Agentic AI Era Will Supercharge SoundHound AI's Growth. Buy It Before It Surges 60%, According to Wall Street Analysts",https://news.google.com/rss/articles/CBMimAFBVV95cUxNTWZBRjFoTEJoc3NnZ3Q1LWozMUtqMlA1cFBaSGVzcTJwU3RkMXVqRGtMMTgzQTFDQW9vTEZ4ejBNalY3ZDFJWlQ0MmNPdWg2TmJJcGlzbktYY2I0UzZPVUx0bkhKYWpReWZEZUU5UXRHRUtmekczNnRkbUFmS3pHY29fbjlCWlo4QUdwb0F1azhTUmo0VFI1Ug?oc=5
2026-05-22 03:00,Yahoo Finance,finance.yahoo.com,Why SoundHound's Pipeline Growth Matters for the SOUN Stock,https://news.google.com/rss/articles/CBMipwFBVV95cUxQT0RMa0Y1LXBuWHRhcTFMYWNIMDBWRG1tS3doOXkwa214eUR1SE9KdlZJSHhLbUxsTDg2SjRyT2FZOV9fRjdrQ3NlQUJuNWtqUEFzeERLT0tTMWk0M3M2ZXhkUEJKN1JLeld5NEN2c0pvTC1GejcwTWF6MXRRWGNReHNROENhTENpbklDSm9pUHRVOWdXWlgwcnR3S1ozU1VFSGZaVHlHMA?oc=5
2026-05-24 03:00,The Motley Fool,fool.com,SoundHound Stock Sold Off After Record Revenue. Is This AI Stock a Buy?,https://news.google.com/rss/articles/CBMilwFBVV95cUxQR3doc0ktWWlqLUxRY0pyMW5GOGZ5eDdqeGJ2a1c1Q3ZXNWtlY2pyR21Ya2paY1VhVEJvaTcxNExMV0lrbUlKUzhaZzg4SEJUQWdJb3Y3bGNLWTVmaUlxSUdQZVRYOFFpT2Z5UktfZnoyNTBHVDVrZ2owRkpqTVBhM3NSV0QzWjRabmFZVUc1RFlMU2NKeEE4?oc=5
2026-05-24 03:00,The Motley Fool,fool.com,The 1 Number in This AI Company's Earnings Report That Changes Everything,https://news.google.com/rss/articles/CBMimAFBVV95cUxNaFVUY0ZPNDM5SmRWYjYtaVVRVDVIZWpVdzRLZS0yeW5paFY5NnFkWjZTTjRvN0JscVhWQWZ1dHBmeEFZUm5sem5meXQyNW16QkpzREV3bG5XS1dybUxsQllobktmTkg3MTVzMklmYmNLNXpPU0RkR3oyRE1tb0JSTUt4b0ZhbnhuYWJUN2Q1UlB3cnlpQ3F3Mg?oc=5
2026-05-24 03:00,Yahoo Finance,finance.yahoo.com,This $8 Stock Could Be Your Ticket to Millionaire Status,https://news.google.com/rss/articles/CBMingFBVV95cUxQbUxJODdXYkIzb0l1c2NDS0d0Q24wUTJkQVVQTEgyaHRUTzhQeXlVbjlHd0NXX1AtV09RX1dLWGhNUklDWkJjbTBFcUNTNzBkYkFXcTdZRnZHbHpCbl9mRVhFY21wZWZUNVU1ZXh5NG5FWERIbk5Nbnc1X0hqMTVFWi1pakRubjVFTmpUa256YTEwX3pLVGtYNXcwRHdodw?oc=5
2026-05-25 03:00,Yahoo Finance,finance.yahoo.com,Brokers Suggest Investing in SoundHound AI (SOUN): Read This Before Placing a Bet,https://news.google.com/rss/articles/CBMipwFBVV95cUxONklmcmI4WnlkVHFnSEdXbDB5WEZnX0R3T2Y3SGdSRTRmSk1YdWhFNldadWVYODVfeW5PQlhLWWk1X1BuUlM0TVplSE9kQ0VRRjhQZ3oxalFmeG9UWlFOc1lUWEFpV3pHdTFGQ09jcDNUak9yVFlid2FWdmpuUG55bmhqRVZjTGRpSjQyaDB3bHJtT2RCdjk5OWJ4REJCaGl6eV8tQU1zNA?oc=5
2026-05-25 03:00,Yahoo Finance,finance.yahoo.com,SoundHound AI Pursues End To End Conversational Platform As Valuation Tested,https://news.google.com/rss/articles/CBMimgFBVV95cUxNTy0xaEh1b3FLbmY3eXZkZjdhSWtrRjNGcGFBSVdjOE5GcU1tR1l1a183U0Q2eWRNR0JFd05jY1JUUllzZjE5eEhhVnpGWHBJX1VQUVF6aDJ3YnRUNDJ6MzRnZEZQRGltWWNtVU10NDY4ek9yS2ZIYWdQTXFQOXFXS1M4VDhsaW1KZDB1dElJUGdjNTg5UjBHR0dn?oc=5
2026-05-25 03:00,Yahoo Finance,finance.yahoo.com,Why SoundHound's Oasys Platform Could Be a Game Changer for Its Business,https://news.google.com/rss/articles/CBMiowFBVV95cUxOM2N2dV8zT2JoX0FyenFNY3hpWmZDYTljTHU4dHpYeV9UMEtCd2c3UTR3WmlveWJGeGV5X1czYzRZUWFxbmlMdDdUV1Q5dHdhb2V6UGVkZF96cW1Xbi03VnRuaGhiRXVYdkxiVlJNTm5QTVdYRmItaFdqZElyYkZKZFRBR0VYaVNHNGVJZmFiQURicHFWZl9wVU5KQ1pkUmlaclFF?oc=5
2026-05-27 03:00,Yahoo Finance,finance.yahoo.com,SoundHound's Automotive & IoT Business Jump 88%: Is Momentum Building?,https://news.google.com/rss/articles/CBMiqAFBVV95cUxONVFpMVlCZjQxOC1mVlNURWY1VXBranNVU0NEQkpmZk5kR245M0k0QjhvclBUeHBiWjVsSndHUVptV2lyYV9aTG9lZFlQTmJFcXBSZTdaU0R1R1B5WklJNXhXNmQ3VFBWY0NlMFl6a2twNEl4aUE4cmtfX1RsN0Q5YUFvSWZHcWtVY2RIVzg5OFZNNGRXYWViZm9lM2l0dnBCc24yTXM4X0o?oc=5
2026-05-28 03:00,Yahoo Finance,finance.yahoo.com,Automation Software Stocks Q1 In Review: SoundHound AI (NASDAQ:SOUN) Vs Peers,https://news.google.com/rss/articles/CBMiowFBVV95cUxNd19UVDR2SEM3SGJsV2podWFEN1dRZENwWEJua3BhYTJtdTNiZnBXYVJxWGRNRWpzb2wxdjJialBnN3Jfd1p2c0dnTm1zLUh5SkdNME9KT3pOU09NRWZNTlUyY0VvVkNYbHFXYTdKckdDRkZQX2V1U0dQZENNOEF1Z0J5Q1VTbnY4cTNoYW5OS2ZTM1FNVFN2QVZuckNXM1E3Ry1N?oc=5
2026-05-29 03:00,Yahoo Finance,finance.yahoo.com,Why SoundHound AI (SOUN) Stock Is Up Today,https://news.google.com/rss/articles/CBMimAFBVV95cUxONS04VW8xWDFKcUlsOU5xSkZqZTR2dUFLd3p5dXcycGRmVFBMSUYtU2RjY01nOXFUSFFmdHVOUklBWHYxcV85eXU3WnR0X2NqMHhVUnEySnRSTTZvcVRrZ3I1V2I4cl96bVhUZlViUjJwOWIxTm9QZXItdk5qa1VyNXZFeF9Sa0F2ZnM2X0pkejdXTFI0VnVESA?oc=5
2026-05-30 03:00,The Motley Fool,fool.com,Wall Street Analysts Think This AI Stock Could Soar Nearly 57% in a Year,https://news.google.com/rss/articles/CBMikgFBVV95cUxOVHh5YzhqZEwyZzdaZ0FqXzl3aUJjTTJiMjBZNUdxNXBfbW1ybi03RHVndDZYTVhXdjVDdzBTZG9mS2pBQjJ6TlRJam5kbHdOZnI1ZjFqN1k1SXctQ2VBdDJ1cHBNZ2xsbno3YXA3YzgybFBhbUZHZHJpaEt3MFBsSHRXc25UeXFxNFdMTzRuN2pKZw?oc=5
2026-05-31 03:00,The Motley Fool,fool.com,SoundHound AI's Stock Price Is Down 29% in the Last 6 Months -- Here's Why It Still Could Be a Long-Term Buy,https://news.google.com/rss/articles/CBMilwFBVV95cUxPYXE5RzBQWmZHM2VER0NhM2x3anlpbnZIRTc3aFR1czcyeHVlc1pDMmtMaDBkLV9mcFR0MlFhTmEzRF9hUlhtcXlGQ1ZmQVl4YlNVVDZLVjU4d1RXNE9STTN4QV96M2hPUDY5MmRGdmNVZ08xRjlwZ2Y2ZGlPLTBrblAxRlRyWTlnZjRtU2RyUDVDMEdNUHFJ?oc=5
2026-06-01 03:00,The Motley Fool,fool.com,SoundHound AI vs. NICE: Which AI Technology Stock Is a Better Buy in 2026?,https://news.google.com/rss/articles/CBMiwgFBVV95cUxNRWExZU1ocVI3MHp1ZXRYTkltTHpBRV8zSlhmb3pxeXh0SkliM0FJUVVkN0tFdXNnMVZWM2huMzlNYlpkdXlMMGItQXV3UWd3bHgyTXRPQk5xOGUzc2hNcTZxQjUyQ3RuTXJIZV9uVUJWMEI4VnBNWGNidTk2b29aVFNQODBuSEp5UC1OZWM3WU5GY1BlZzZWYkh1eUJBdTlfSVdpMGRmdGRmWk9kR1dsNG5pSTgyOHFhSVlucE5kOHo2dw?oc=5
2026-06-01 03:00,The Motley Fool,fool.com,Why SoundHound AI's CEO Says the Company Doesn't Need to Spend Excessively on AI Like Big Tech Giants,https://news.google.com/rss/articles/CBMimAFBVV95cUxQQTh4MzlFd1FqeTZBY19DY1dOYVd3dmJIYUJkcTJJQUZ6TF9maXNDSTNZM0paX2NrQUhsM1NxdVB3cnhCcHUxRUVzQkxoZVBJajg1NjVneU0yN1dMSVZmeWNldmVjNkM4cGh3VnpZUHdfZnV5cGtEV3VTM1MwSjQ0Q0hYQnFFR0pfblBvaFNpQy1XU1oybmpqRQ?oc=5
2026-06-02 03:00,PR Newswire,prnewswire.com,"Did SoundHound AI, Inc. Insiders Breach their Fiduciary Duties to Shareholders?",https://news.google.com/rss/articles/CBMizAFBVV95cUxQZHhRb01NeUhpdEFyOTdaR213dzJYMDgxMTlFcUVsTGdsbmFJbU10UEJXYWFrTnZtZHZ5S2ZRSkstU3FidVRBMUp0X0s3Rmp1VkJxLUstZXpsQXE0ZUE3MndrSVF3TnRCMkx1X2RsZkNMazBCQ0FLOC0tZEE1SktoMnZKdXJnOVFadnhCQ05PRHIxMnJ4UXZ5c2FKdW00clpNZHJ4T1JQWjFybDhIZEEzREFLaE9saV9ET0o5d1RhY0MzMVVXUDhmYzY5VDE?oc=5
2026-06-02 03:00,The Motley Fool,fool.com,This $8 Stock Could Be Your Ticket to Becoming a Millionaire,https://news.google.com/rss/articles/CBMilAFBVV95cUxPTU04ZUc1VXhzX3pmazRHNUYzcDZHRS1qaGdxMGgzSElwQzQ4Y2RMd1F6aF96dWUzbGF2bXRhdDRqTGwzNzNMRXdyekY5LTBnalhvZTZMZXpvVG10d0hwLUYxNzZUT1JFVzhXTEFMMS1UdXVHc0FCZThaV05qTl82ZE4xTHFoVWRPSS1GZXMyZ0xjdHFF?oc=5
2026-06-02 03:00,Yahoo Finance,finance.yahoo.com,SoundHound AI (SOUN) Valuation In Focus As Snowflake Sentiment And LivePerson Deal Shape Growth Story,https://news.google.com/rss/articles/CBMioAFBVV95cUxPYjkxUW44REt5bVctM2dmMHdlQ250UXdfRERTRWZ3VWhnYjE0S09RZzVTMzNqWXhxV1pBRVQyVGRPRHBKamY0N0xXbmd5ZGVBRlFvOEN1eVBnTmlQMDNsTjBLZzg0Qy1hY2F5VHhjb1J6QVZ0WDk1Vy0ySFlLMm5PMWFsVk5VSExWMGRKdE1USlRvYlBHTlN5Tk4zN0c4MDJK?oc=5
2026-06-02 03:00,Zacks,zacks.com,Why SoundHound Is Investing Heavily in Proprietary AI Models,https://news.google.com/rss/articles/CBMiowFBVV95cUxQbHlRUEktWWhRajliLXF5MFRpT0dnM05ULUZWa2lIaHVWVTBYVDVpZ0RHS0RWTW50d0Z6aWMwX2tPcWNVaTE2SHR6T2V5SEZ1SWJiVWUwQXRYWTkwN0xHdGFEN01kU3RPQ1BzOEM0TzJxMzVoSmtxOVcxenZUVjFFeTI2UW1LOGY1czdJU21zN3dzTVdIRXFDeWp6Q1lYYUNRT3BF?oc=5
2026-06-03 03:00,Zacks,zacks.com,"The Zacks Analyst Blog Highlights SoundHound, NICE and Five9 - June 3, 2026",https://news.google.com/rss/articles/CBMiogFBVV95cUxOblJacXRkc29jQWlpNVhJN04xWlVheE9OS2tRVkFTZVVUWnA4a1c2RHVEOGFqdTRQRTduUE5BdGVXdE02RjJ4VUx5SGFKOHExLUhlTExMTVJ0VXl4LTRXNlFyWGhxZU9LTDdLS3I0VmhicDNBZGVuUUkyZlgxa1g1cFp2TjhoQTZhMU44YzczVVdqaUJ4dnlfOW16YW9FYktMWnc?oc=5
2026-06-04 03:00,The Motley Fool,fool.com,3 Artificial Intelligence (AI) Stocks That Could Make You a Millionaire,https://news.google.com/rss/articles/CBMimAFBVV95cUxNWGt4VzRYTEpBNjJ1SVpyMi02WGRNZm1qSUJrMHZWci1RR3ZzU2twbzNoVVg2Q1pVXzhjZDBRX0g0cjBHQjUxNGlOZUZzbnoxalp5cmc5b293cDNDSFpsME85dTBoTjNjcW5vaUd5ajJiYWlON2tDeUxNR1lsMHBwVE5YallSdXhFdWJoRHhBQVlITDFXZmJGWQ?oc=5
2026-06-05 03:00,Yahoo Finance,finance.yahoo.com,"Upstart and SoundHound AI Stocks Trade Down, What You Need To Know",https://news.google.com/rss/articles/CBMioAFBVV95cUxQUDhKVENNbWZFMXJPdXFSaWRuTk9GcloyX0tCR1FQdDgxZVVXVXhLVEUxX3RKZEo2Z0xEek1QUU96WFR1WGtHclc2aHpWWVh3UmExeVpQRG40LXJ2a2lrazZHdzFPRGIwNFgzQXdoRFJlVk1Vck8tQWx5a2ZOMERGNnFHcWwwTF9Uc29ZR29RdGxpZ1J0SW1RYVc2Tl9oRGJm?oc=5
2026-06-07 03:00,Yahoo Finance,finance.yahoo.com,"Is SoundHound AI, Inc. (SOUN) A Good Stock To Buy Now?",https://news.google.com/rss/articles/CBMilwFBVV95cUxOUDJkbDNxd3dBT19ma3lmT0trV0ZYSmZDTFlZYTBwQlgwY1g5UEt0QlN2WHd4aTkyVHNod29ORmMyY1d0UWtWZU9fRzVCNWNRRkk0VFJuV0d2ZnFaQy0wRGxJZHFmSDVTeF9pWmRQZG5XNW1oNGVyNzI5NDQxZENCa2dKUDhmTVFvOHV0QVdUMldjNDczNHhv?oc=5
2026-06-07 03:00,Yahoo Finance,finance.yahoo.com,SoundHound AI Legal Probes And Stock Offering Weigh On Valuation Outlook,https://news.google.com/rss/articles/CBMingFBVV95cUxNa0xvRUpFb09xTm5PWGRtTjJtcjdvenJCUU9FT3prM2VZMkRBQWd0TFlFM3ZMOFh4Q0VvUjhfeVItUHNoSWdRUnBFMjUwMFV1MXAzclZhVl9sbzdGLTdXMHJYZDlKaTlsSEs0RVVrSVh0eFp4MGluOW5WazRwZUh1NzZsOGkxdUVjYV9JamRvUy1UcllzN2hvT04xSGtYZw?oc=5
2026-06-08 03:00,The Motley Fool,fool.com,Nebius Group vs. SoundHound AI: Which AI Stock Is a Better Buy in 2026?,https://news.google.com/rss/articles/CBMivgFBVV95cUxOQTRtTTlMLVZYWnRJQldXdW4ycU1fYVlSeldGMnk2NXVkZmhCRW1FUUJScDJBTFU5c0x3cG5RRWNsd3hMMUVwUnE1aXg2LS1GYnY5VWdrWDkyN21hZHNPQUxQS2dOQWVCMnNKNU1BWm82QThmb0JjZVJDZzRVTHRSbjJGQVhUMUtiR01sZmdkLVdnYktkMTBJMnN4S0RhN1Q1VEZRTDZtdWpKa0ZnS3JibXFJNmNPY01wV3B2NFF3?oc=5
2026-06-08 03:00,The Motley Fool,fool.com,"SoundHound AI's CEO Says the Company Has a ""Proven Track Record When it Comes to M&A."" But Do the Numbers Really Back That Up?",https://news.google.com/rss/articles/CBMimAFBVV95cUxOM3VaRG04QXBWRXRLdGNjenZnTHdGV3ktMlo5N0t6QndfZmJ2bGM5QkxqTVFqajgybk5lcTZzb2xyUDFPTGQ1V2ZVM0llMENvV01sVm5YSWhVYndxOVJ6Nm80aWhzWjZraXU5ZHJwbHRxRlgwOS1FMmZWTE8wMkVkV1pPTWRXLWhnSjdIWjV1ZllyMmNXSEd2cQ?oc=5
2026-06-08 03:00,Yahoo Finance,finance.yahoo.com,Is SoundHound (SOUN) an AI Bubble Stocks to Short Now?,https://news.google.com/rss/articles/CBMingFBVV95cUxPN2s1enhXUjlEOVVLbkdURUF1UDY1VGlwLUx1RC1sdk00THB1bXp0T0MydWE5aVU0Vm42N0NaVFlGQlluZ2xOZVJicVdDTDJXbVFFZG8zbjktZFNHc0tGV3E5R3g1THhkMVBJdmkxZVlmZkFydExCcDdHR0Vrc2RkVUNxb0NvNy16c3FValZYMXI1bDZGU2FzMXZHTnlwZw?oc=5
2026-06-09 03:00,Seeking Alpha,seekingalpha.com,SoundHound: A Speculative Buy With Real Risks (NASDAQ:SOUN),https://news.google.com/rss/articles/CBMikwFBVV95cUxObXAyYVRvZ3B4Zmx4elJuY3I0bFBvRm5MeWp5RGZfNXdRdmRJNWxGVzNQMUFyRmR6Z0N6dHJYYWVLQ3lBVzd3d1ZYNXlxR21ZM1VVNl9lY3MxOTkyOFd4bzFkUWplVnphQXJ0Q2Y1VzRpdFVJbXNBQ0NoZ0d3eUZJRzdQNlU3bjFUVy1DSUc5bDlmREU?oc=5
2026-06-09 03:00,Yahoo Finance,finance.yahoo.com,Is SoundHound AI (SOUN) Quietly Rewriting Its Governance To Shift The Investor-Litigation Balance?,https://news.google.com/rss/articles/CBMiowFBVV95cUxPajRmUy1ScGR5aUxnbkUtbGV1M0dvenZDZC0zMUdXbGpETDI2cUFrOG1jMmo2d3ZtWXp3MVJLM0hXVEs5TWlmRmdkTE5tS1dUcWJodHZtenhYLUJGVWo0R1R1N2dyWVVQUXNCWndHZXQ3WTloSjRsc3VmaHdLRXpYdkNaTDNzMF9NMjF3UWhzUTRPSWVUcTY5TXJZZTN1QXVyME9B?oc=5
2026-06-10 03:00,The Motley Fool,fool.com,2 Hypergrowth Pure-Play AI Stocks to Buy and Hold for the Next Decade,https://news.google.com/rss/articles/CBMilwFBVV95cUxNLTFLNnN2T3VnaGFDTXNlR3NJVEdVM09IeWdvLUtBSDdHOUpzaW55QnRKVi13eVBMWThwcUZUT0dYYjk0VmJCR012ZTZLaENFUHJKdG5aYldCTXJObEJyZ0wzdEJUbWZCM0llRm5CQTF4R3lVN1B1ektVOTJqRDFiOTR3cS1FcjlmV2JGc3VXVm9TUzR4a0lB?oc=5
2026-06-10 03:00,The Motley Fool,fool.com,Why I'm Rethinking My Bearish Outlook on SoundHound AI: The Stock Could Be a Long-Term Winner,https://news.google.com/rss/articles/CBMimAFBVV95cUxOSWV5X2ZjZl9zNk9KSEFKTmY0Z0dvRWNqam1kNkV6Q0Z4dEFvMThnYmlCVWRkRFhwWDZBd0dwQWFrVUZkOFNvNGJGWTlSWDBzaENnT3hZVC1Zd3pOVFd1ckVvdVNVUXFycWRMMlgwUW1VT2NtS3huMzctc2o2ZWxScFRkbnpZRHNJTWVDMlVTVEVTekhKYzFsSA?oc=5
2026-06-10 03:00,Yahoo Finance,finance.yahoo.com,Wall Street Thinks This beaten Down AI Stock Could Easily Double From Here,https://news.google.com/rss/articles/CBMimwFBVV95cUxOdm9BT1I5U2tKWGRRYzFycDlwMXRxUXNrVTVEZEZxcVNMOWJTMkd1dHlScFBSTmJnY2FQaW9vUVUwdWRGT05ISUpVVXlVSmkzXzE2cTBHUGZPa3hUTkZlQmJFQWFlOHVQOHlYZVQ2cVpIZnp4MnN2ZXFMYjJpY2dwczM5ZE5maG54Qzlza3JpVDRsekwxcDU2Z0tubw?oc=5
2026-06-11 03:00,Yahoo Finance,finance.yahoo.com,SoundHound AI Extends ISG Leadership With LivePerson Deal And Rapid Growth,https://news.google.com/rss/articles/CBMiowFBVV95cUxOT1FqSXExcjZ1aDFYMGJ3ZjVQYUt6a3N6S3Z5RDBZS0hmV29NbHRZaUlpOTdSSTR5SHVRMkVtQ2ZhWWdHWkx0aVZTbnMyS2k5QnJEZmJiaXNIWkNWUXJ0d3hZNzlHa1FuN2F1cUxtVkRRbHhXTkdMTGxEdDFWSGI1U1VxTE1pbm5rZ3hrSTViSHVocEZjWXM5alFGeUtIajFXTXhB?oc=5
2026-06-12 03:00,Yahoo Finance,sg.finance.yahoo.com,"SoundHound AI, Inc. (SOUN) Stock Slides as Market Rises: Facts to Know Before You Trade",https://news.google.com/rss/articles/CBMigwFBVV95cUxNcDJnek4wTm5KS1NIYWlzMHJ0VHhXU25VQWVBbEhpYlN4dEQ1NG5jazBPLXppTVRuSjhiMzNPbnByR042NEhSMDIzVFVNeGVVcjZnb1V1R2hOTmZHc3NzOE0wT2MtOGw4elJKRV9ZaUttVzJuSUdRcUpxUThhUHdZandHUQ?oc=5
2026-06-13 03:00,The Motley Fool,fool.com,Can SoundHound Stock Reach $20 Again? Here's the Answer.,https://news.google.com/rss/articles/CBMikgFBVV95cUxQTlhIUHdCYXAzU3F2ZjVZNDFvT192MklIcG43UVNWMjhCUnF5Tms3YS1MXzdPc3c3dENSdWtJNGt1V21ibGhiWUJHU1VCWm9zOXZLMHpKOGp4LUFXeEotdm5aLVd6aGx4aFpvdGRWU185OGxGN3MtQ3RGa2I5bzNFckRxU3RSVFlsTldMcTNaWHAxUQ?oc=5
2026-06-14 03:00,The Motley Fool,fool.com,"Down 72%, Should You Buy the Dip in SoundHound AI?",https://news.google.com/rss/articles/CBMiiwFBVV95cUxOa0Rzb1loVE4yVGJqSkNVZ1QzRXRuOWxuUVliNXc4cXZ6UVI3TDZzd1BfX2t0Zmp6cllPQkhacU1NZXZBbURyM1lwOXAtdzNfcXBBcXFwZkRqWDBoUXZ3UXpTQnQyUU9XMmgzc2hsTUZ4SEs1Mkdzc2hoZFVVeWRkenV3U1hjdUNVbms4?oc=5
2026-06-15 03:00,Benzinga,benzinga.com,SoundHound AI Stock Surges Amid Broader Tech Rally,https://news.google.com/rss/articles/CBMisAFBVV95cUxPanFlU0xZTnJ5eEppeUNOV25mV0pzZmtUZ3hCYzExeU9Sd3ZULW5LY1dfdnhXSVNrOVdPYnMxeEpDbUZZVXlHUEJfLUh6M0dmSFVHM2pzcmp4c1ZoZHN0OHB1RFdFR2paaWYwbE82RXZuNWZfdzkwXzBCLUpIV093aVFOVFBYMkt6TnJBTFdYMUhvMW5HRVk2UXRuWlA0V2Ita0ZmN1QteDZ1V25fak85SQ?oc=5
2026-06-16 03:00,Seeking Alpha,seekingalpha.com,"SoundHound AI: A Real Business, But Not A Real Bargain",https://news.google.com/rss/articles/CBMimAFBVV95cUxPZG5rVThXZWdkNTEySlhfOEMxcEpRMUJObk1oZXhYX2NhU283bzhRcXFvSGI3clNVVDhfRWpORXI5cnI5TzZ5d2w2bm9yM092SDl3YXhjaEtQOXVhTnd1MjQwQUFyWHB0VjNaX29BVS0tLUN5eTVXOVFIbVNfVmhYdWNTSzhRM2FqTjRSYWJMdkZsOFBFdHY3LQ?oc=5
2026-06-16 03:00,Seeking Alpha,seekingalpha.com,SoundHound AI: Why A $500 Million Revenue Target Makes This A 'Strong Buy' (NASDAQ:SOUN),https://news.google.com/rss/articles/CBMisAFBVV95cUxPcC15MFVIbDRqTmVselkzV0FlbTBTa3dIeW9yVnpaY3lQN2FIMzU2dEJSUzZibi1nMlJuaEhrVXpVdjNMUlFvWlJjbVZmaHk5aEd5UjkxRlZrbDZidkJlSFhWYmRZRDZJbVNaTkZJYklhTXkxTUxqRWlPRm45OXFza2FGdlFaQ1ZtNWthVWpFSTJMVGw1Y1lITXlWTXZ6Q1R2N25yZ251MlkxX0swSXNLMw?oc=5
2026-06-16 03:00,The Motley Fool,fool.com,"SoundHound AI Reveals Its Strategy for Finding a Potential Acquisition Target, and It's Risky",https://news.google.com/rss/articles/CBMimAFBVV95cUxNQ1NhNzJoNUtSUUxOanFYNzFON2REVWd1UXFjR3E2ODlnbmlwMEZKMU82bTBuQVJGcVhaLXBCNXFGaF9EV0JNajBkZ3ZIdnBia1hXQlBKRktwX2tjUTMzeFVrUkZTSHZRQldiYjF6ODRNeDlNdGFiSjhfNXJMSC1MWHJSZU1peHlhbG9EUDc3V3JpaGlRbUptQg?oc=5
2026-06-16 03:00,Yahoo Finance,finance.yahoo.com,"Buy, Hold, or Sell: SoundHound AI Slid 20% in June Despite a Massive $100 Million Acquisition. Is SOUN a Buy at $7.35?",https://news.google.com/rss/articles/CBMilwFBVV95cUxOX0hycGZUUkxMTkp0VVFmYWZiTDg5R1FlUFVqOWNTbENObjJGTWdEY25HUnZ2RF9TdFNFSnEwSV9MckExLWJWd1pIdXFUX3A1TWdBa2Jqb2U1OUhrUDZBLWdPRlI1T2dQUGVlMHVQYWdNdXRGY1BjQXhtS1VkU0VWMllyUW1WSHY1bjRmVTdXNXgyQlJzVzBz?oc=5
2026-06-16 03:00,Yahoo Finance,finance.yahoo.com,"Twilio, Atlassian, and SoundHound AI Shares Are Falling, What You Need To Know",https://news.google.com/rss/articles/CBMipAFBVV95cUxQRVlTUHNLUG5fUDd3T0RYYzJtLVVQR1B3QWpGR1RLMTR2S1FMaFNtVFRTc3JianhYeHV3RDdJUlloZktwb00wVHBxZklYaC1lYkw0VkFqZG9yMEsyOTVNRFlzUW5QRG5mQU0wVE5hS1hMXzdNbi1BbmxRUmxhZTktMExXODBBOHQ0WEZXWjNUTVNMZ0x0SFJjMTBQa0RqZUd3YXZZVA?oc=5
2026-06-16 03:00,Zacks,zacks.com,SoundHound Trades at a Premium to the Industry: How to Play the Stock?,https://news.google.com/rss/articles/CBMirgFBVV95cUxOR3QzSVJpTk1GczF4eFlhN3BBa2R6dkVtRmo4VnMxQU5RdnAwM01YRW84MkI5NVRMVFNvaEVCenhoY2c4c0FhRzlTV0FBNU14RjVBalktYWJwaGRsXzdvY1FPeFZFYzE4MGozXzdXclZwUHhMNlcyeVRZc0JYMXhKeGxXQWxjX1RvSUxXT2RfdzRlb0NYbTBVUTZ4QU56S2ZYUWd3cWpnbWRXXzNWMEE?oc=5
2026-06-17 03:00,Investing.com,investing.com,"Soundhound AI COO Michael Zagorsek sells $484,712 in stock.",https://news.google.com/rss/articles/CBMivgFBVV95cUxNcFUxQ3VVRVBqc2VyNXBweDFpZFZxelB2SmNxT1AyZjJnUmFfV05zdWlVU1gzMkdQSXdKUWItQ3ZtUTVLQlJENkFuWlNlSVVKNXdjcVdXQnNPaDM5ZGhVSEpIaGI3cm8tZmg3STVUa3FQY194cUxVc1NoNk5kMUZYNmJGMk44bmxoQzYwZW9JQ2hBaDBWREE5WXM3Q1dHamp1UHRiVWxvdFIyekozbllWcTE2MXlJNXhZV1hHR2R3?oc=5
2026-06-17 03:00,Investing.com,investing.com,"Soundhound AI CSO Emami sells $215,105 in shares",https://news.google.com/rss/articles/CBMisAFBVV95cUxNU1dhRFBGVGR2QU9hNjlhbXRGUW5IM2VNdWhOLXlySU5XcDhhQ3ZCU0dWU1M2NVRNQ2xzS0FVdC1FVGJlTGUxVmp2WURiSHhYS1FIVy1MTG13N3RZZm9rRUNrUlB1LWl0MUdUc1BlRGNqWVZVVjlIQm12RHpTS0hIc003RHpSQTYxRk1JT09faTNrOW83bnVhd09MYkhkSHpDX19vdzhkS0VIQ09QZmpOeA?oc=5
2026-06-17 03:00,Investing.com,investing.com,"Soundhound AI CTO Timothy Stonehocker sells $140,221 of shares.",https://news.google.com/rss/articles/CBMiwwFBVV95cUxNWlAxdXRDUXREcXRFNXhkSlFsQUt2WmNPVnJtQndCQ2FIb2xCVUhKUGtwZzdlT0VoRm84Mmh4QW5HaFd0SHI2b0lYd0F3S0w3VTc3Wk00bU1FX3pxZV95cVJnVjhydllFSWFGMEJfVWVxejJmUVVKVUhMYmVYaE1RZUlHWDVQVzVVbVVQUkh3dmQyUDNLaTIxMEp6Q0h6eTRuR0pXVjl5N2w2cGFqaE5Jb3A3UjROT3VxdnV3LW4xUUd3Q3c?oc=5
2026-06-18 03:00,Yahoo Finance,finance.yahoo.com,SOUN Stock Eyes Worst Month This Year: Insider Share Disposals At SoundHound AI Draw Retail Attention,https://news.google.com/rss/articles/CBMilwFBVV95cUxPMkk0bEtEdDN2bDQxd3hleWNUbUlmb0xHMUJKZ0xTdjFQcEFxSXJRb1hMa0dkbmt1ZzFUdUtkenhwQ245RnFkUHlIaUxvVVhiZ0t3LU1yYzRxSEVqWE1uWDM2UWFiRTlybjc4NVEtelhtRFB6TFRqWEZmb0ZoV2FROVlURnIwMkJVRjdMdWVicURNVEVaQWgw?oc=5
2026-06-18 03:00,Yahoo Finance,finance.yahoo.com,SoundHound AI (SOUN) Buys LivePerson For $100 Million And Launches OASYS,https://news.google.com/rss/articles/CBMinwFBVV95cUxPd0tEM1JVWTlJSURxblNyR0RmTVdCbjhDUExGMWxMc3NUVXktSjdHU3JCZW9ZVk5TdDdGV0x4a0hubEQyekhRVjBlWnpGeEc4MU5UQTgtTHRITXFXZUE2MWZJdXZXNXhYcWlBLTE0ejNiX2VZTklTT3piRnJHenJ2TWVoV1BJVW53QWVZakVUMXh4N3N5SlJRdmFQLTQ3bUU?oc=5
2026-06-18 03:00,Yahoo Finance,finance.yahoo.com,SoundHound AI (SOUN) Stock Could Be 50.3% Undervalued Despite Its Recent Share Price Slide,https://news.google.com/rss/articles/CBMimwFBVV95cUxOS252ejBVbjkwN0tEZ1Zla3hmdk8zSzNwOWUwZXd5bXg2TFpHQzVSOEFpLThJbjRENVhvNkpmUl80V2JlUlltdWE4aUpfeHdhVGw5bENneGN3ajVoSHdrZXhfdFVqWUk1UkFhWmUtVVdkVE9XV2ljVXVzLVlzaTJ3dEFFc3Z4cVhCSmFOQVJwUF9aYWwwRXlKQTNsbw?oc=5
2026-06-18 03:00,Yahoo Finance,finance.yahoo.com,"SoundHound AI, Inc. (SOUN) Outpaces Stock Market Gains: What You Should Know",https://news.google.com/rss/articles/CBMinAFBVV95cUxNZTU0eU5sVndTUDljUGJ4Zl81cGtTTUFxeVZaY0VJT2ZQaUttemVsZDRXajVzdU5oZ3ptWU1YRWwwX2pyU0R5V2hqVGFXTTlRR2w2djN0Q3hfR0t5Q1JXSjRtYzVFRnZMQkFtbFA3RDBmRmxFYktvLU1OODB1UE94ZUhRdVBfcjg1YTFKUkUwUXhMT1FyQTVvWDhnN0o?oc=5
2026-06-19 03:00,Seeking Alpha,seekingalpha.com,SoundHound AI: Why This One Needs More Time (NASDAQ:SOUN),https://news.google.com/rss/articles/CBMiiwFBVV95cUxNYUtjREp6YUNrd2xIQ1dLTk1aTDZtY1ZuX1N0b3dEdDJtSUZIbmRMRTE4UGlwd0NONnV6cXBuOTBDVHlMdlNKTWFiWHRvTk9rLUJkbE1NbUZsX2IwZ082NEJ6WUZtaEpqM2dqc3ZPMWJaM1g4YUI3MzFqMWNEdFVsTGFld2x4S2t0bTlN?oc=5
2026-06-22 03:00,Benzinga,benzinga.com,Cramer Passes On NioCorp And SoundHound — But Says One Stock Is 'Time To Buy',https://news.google.com/rss/articles/CBMi1AFBVV95cUxNMWt2Z1hYSlBMc28zZFBMd1I3WTZNcHpTajFpcWtqZ1hZRk52UWZ3ci1pMjJncWllNDBqQk05OEtuNHZEbU1MQmcwanRuY28tLVM4RFY3clE5b20wb2NZRDZ6RjZXQmFSWVdMbHBxa2dkYnZDaS1qQ3lndjhUcGNDRElnTUFsUlhuRndRNzRhYm5tNXBRQVU2ZWEyaGJCS0xEcm9qckRjbzNQM1o3bjExd0FGZ01NN0VSdzN3TFFib1VOazZhRlRlYnNyZ0ctb01GZzRkbQ?oc=5
2026-06-22 03:00,The Motley Fool,fool.com,Can SoundHound AI Stock Bounce Back After Falling 30% This Year?,https://news.google.com/rss/articles/CBMilwFBVV95cUxPcW5mU2N4ZU9BbTFiY3ZRLS1VaDZtZ0JNRUlHWnpDcW5jTExvTkFuQ19mUFExT0Jvbm1sWVRyXzF2cnVid3NJdGhjQ3dJX01vOVdIc0JpbENWUWtvZk9XLXhDTDFxSVRxSlJvWGgyT1h4RmtmQVBGd3hsd0lBNlVMX0lYX0hFb2RjVlNBN0ktQXVFN28tSXJn?oc=5
2026-06-23 03:00,The Motley Fool,fool.com,SoundHound AI's COO Sells 65K Shares,https://news.google.com/rss/articles/CBMiigFBVV95cUxNREFYMFdBNTZwRG1CeUZ4OHFmLWJHa1dyUldfdmlhOGV2djZpeVRjUEx0S0Q2NnFxRE5LVVVFVlJKNnBkSF8yTWEtRWFORGEzODZXSU9CQjZpNk5jbWRyOVdGX2xiS1pNeFZEMVptZTE1RzlFdlZxT2M4bGg3ejN2VXYtWjlBbkpBdHc?oc=5
2026-06-23 03:00,Yahoo Finance,finance.yahoo.com,Jim Cramer on SoundHound: “I Just Think It’s a $4 Stock Masquerading as a $7 Stock”,https://news.google.com/rss/articles/CBMingFBVV95cUxPYkxwNEFrQm92YXRXMEhpWWRhUzVoV0lyelNKNTNQSERuMmlTaEtMOHRheGloUzZmOGJtdXhBNW5ITTUyM1NldXZ0M2xyMDhQTTJaai1fOU5yZjJqcHpGQ3Ffd09jOTNoVmsxb2Z2X3ByczFYbFVjbGdqaEhBdkt1VnBIRkROc2xyRlBsVzZwR1pKUmxBUFl5ZXdoUlF3dw?oc=5
2026-06-25 03:00,GlobeNewswire,globenewswire.com,SoundHound AI Named “Overall Agentic AI Company of the Year” in 2026 AI Breakthrough Awards Program,https://news.google.com/rss/articles/CBMi_gFBVV95cUxNdTR0QWUwYlNhU1k0bEQzNXh2R0xQeEctMVJ4Z1k3Y1VFYmkyNS01ckgwZURyMlFOeVJWaXV3eHFVZi1aUlhyVl81TGQ0aTF6NWkyWjk3dmV2dkZNRHJMejFlRkIya0pZZ2VLRzJ3ZGFmamhBbGREWVk3YzRNN2pVeUhINFBHTkhodXlFdXdMOTByZmRZS1dpRWtKdmtoN2FwRDMyWm85WjhBUG5kellhX1l2WXA5OFc1NTRqdzlRWXR1eHpfd0kxMHdjeWRVNUlmTE16cl93U2JWMlFLdF9Qd0t6VWNwbE1OdDRXS2M2OEVYZ21FQlJEYkMzNWpqdw?oc=5
2026-06-25 03:00,Yahoo Finance,finance.yahoo.com,"SoundHound AI (SOUN): Buy, Sell, or Hold Post Q1 Earnings?",https://news.google.com/rss/articles/CBMilwFBVV95cUxQbDM5amVqU0k3eEZjcThveGd0Y0c4MWNrMGh1S0RHdWFJdE45eTJCV0JmaUFXQmt4UUFiQVhCZUZSeXl2cFhwZU5KU3JXNTNHZ2dtWmduQXBiOEI4XzItbmpVOW8yUU52bDZCbHI5cUc1N2dyeHB4bm02NFhuVVJBdkFPLXktbl9EcldzVmZsbU9DR0VxMTB3?oc=5
2026-06-26 03:00,The Motley Fool,fool.com,SoundHound AI Stock Is Down 70% From Its 52-Week High. Time to Buy?,https://news.google.com/rss/articles/CBMimAFBVV95cUxQZjQwckp6eUZ5SkpDX0huV285UDBrTnNzTFlRbmFtQlFZcFlrT2t5d0ZKb2JrUUxxa0kzbFJFajRmWVYwNGU2b1VwSTFuQVNFSmVWZE5jeGRISC1RRW1wYndFd0dVM3Z2eFpCQUJYYkNyb3BKaHNnWFBObjNBVHJ5akJMUzNoMjZMR1NPdEFxNjc5TWlDODFDYQ?oc=5
2026-06-26 03:00,Yahoo Finance,finance.yahoo.com,SoundHound AI vs. C3.ai: Which AI Stock Is the Better Buy Now?,https://news.google.com/rss/articles/CBMijwFBVV95cUxNOHdCYTBhZWUxb2JLTEI0YXNjOHNBMFUtOG1teW9GdHAxQWkxblUtMHp1NHc1ZlBVd0JLV0trM3JnUGhJQ3c5UklPTENJX25JendFckZEQWZkTlhmU3lBdkxfYUg0RmJPNk5YcnhydlROd01UbTFHanNwVUlRS0MteG9STDEtODNDOTlXY25Obw?oc=5
2026-06-30 03:00,Yahoo Finance,finance.yahoo.com,SoundHound AI (SOUN) Plans LivePerson Deal And Launches OASYS For Enterprise Growth,https://news.google.com/rss/articles/CBMioAFBVV95cUxOMkR1QTRubWhXSkxBREpueHh3a3hnLWdQMFMxOXhxT2RQNktiTG1INEZYQ1FjNUUtZDhVRkNDMHZLODJXLUczYnZ5dGs2YkpibEZ5Tmo3aHpBZU12cmtHODV2Vm1Pdkdza3FSbXdfTjV5WGZ0anZEU2pBSTFiYjFrTVpLbVlsRjdPTW1acFQyTWVPNzVBUkZ5RXZCUnE2MG5R?oc=5
2026-06-30 03:00,Yahoo Finance,finance.yahoo.com,"SoundHound AI, Inc. (SOUN) Beats Stock Market Upswing: What Investors Need to Know",https://news.google.com/rss/articles/CBMimAFBVV95cUxNeG1wemp6dTQ3d0h5YzJBLURBU3JmMkotbHFydlFtRHpfQVQ1MnVyVFdfVUVTZjBadW1qX2RoOWZLSEJBb1FIYVBBZmJ0WHgxWS10QnNaQ1ZGZ1YxRTk3QlJiVDEwV210TnFTemt1V0V5SUZTV0Y5X1N1bWIwMGN5NGw5emRuMjBDR0hFajcwRkxvNEN3aFdQNQ?oc=5
2026-07-01 03:00,The Motley Fool,fool.com,BigBear.ai vs. SoundHound AI: Which AI Stock Is a Better Buy in 2026?,https://news.google.com/rss/articles/CBMiuwFBVV95cUxQTDZoVHJYRFpMUHNNTFJJRmtPMGxOUExhdDBmV2ttVjNXZGRneG45S0hNQjNkVXQ2NkNYckFHTGw1YkJpRTcxOWFWa0k4MTFWWW5tOTlRWldYQ2JyXzhVMWxiYnhPYzRyQ1BzYVFwbXk4b3dGU0k5UHQ4YVcwNzZ6a2p1SGVCdGdHcExOWDVRekdyWGh4VHhKN1h4cVUwTGpkX1B2eDhvN2RwdlpxYXlXZ2NaZGlINXY3akJN?oc=5
2026-07-01 03:00,Yahoo Finance,finance.yahoo.com,"Bentley Systems, Qualys, and SoundHound AI Stocks Trade Up, What You Need To Know",https://news.google.com/rss/articles/CBMiowFBVV95cUxNWUVfb2NHRXVBTzVaM1RIVU83MmNTMmJ5N29nX0tpT0ZTQzlHb0tERFNNZjVLU0VxVUNmeDh3RUhObzgwM3hkR3dqSjhiVjNlOEVzVWl5YzJlenF0OWpkWHVZUU9FLUE2ZzlPVkQzdktFV3dhR1ZEMkUtcGNTc0s1YXpBaXZSRUtDcWg3V3RNb1pfMTRkZVVabTNib1djLXRMcFVN?oc=5
2026-07-01 03:00,Yahoo Finance,finance.yahoo.com,SoundHound AI (SOUN) Stock Looks Strong On Returns But Overvalued On Sales,https://news.google.com/rss/articles/CBMimwFBVV95cUxNWEFpSjl2Y2xCa2ZkeHI3MDRuc2tUd1FGbXlsTUZGOHNpRjNZZUpGYjI1M01UeTZqNENFbUsxRF8zSGhia1ZJUF93V1dkZlZUWVVUb2JTVC10bE1SU1FaaHB0TEZWY01fWG5Tc0xHRmxmSEt5blNObGlpLVlHTUFDQlNNMzBORkVEMnBTZ2gwRVZDdkFqaXFwT1pwWQ?oc=5
2026-07-01 03:00,Zacks,zacks.com,How Is SoundHound Expanding Across Telecom and Energy Markets?,https://news.google.com/rss/articles/CBMipAFBVV95cUxPR0xDaWVwdTcwM3VnSThKQ0NRX3c4VUtEdndydjhvVURMVVk2QTFSWXNONkZJdndkWUxycmtYYkktSm5zT0JDci1pRzF6aUd0bGlrbEsybDJsVHdkR1RXX2MwSklkLWpwS0N1T1VUOEs5ZG10ZHVPNUsxM1N5WHVSSGtKcV9XZUpkem43Y2p2M3RxWk5GOGQ3QnViQzNMS0EzbGJsOQ?oc=5
2026-07-06 03:00,Yahoo Finance,finance.yahoo.com,"A $5,000 Investment in SoundHound AI Made at the Start of the Year Doesn't Look Good Now. Can It Rebound in the Second Half?",https://news.google.com/rss/articles/CBMimwFBVV95cUxPRDhEaTEyTU85a0NKNFhSREVtd0MtUXU1SzI4TkRpWUNMcl80S3UzQ1hIY3hIQWstMlN6YWRlTFRmRzBRWi02TzVGUUcxNGd0a1RUVG1mRnhRNko1VW8yZ3FXYlRLNnJFUlY2TzdwSkNOd2RTc1pYTjNDd3JRVkdSZTFkaHNwTTBlOHF2TElUM2k3QzZmZUJmUm1Maw?oc=5
2026-07-06 03:00,Yahoo Finance,finance.yahoo.com,SOUN's Q1 Auto & IoT AI Business Jumps 88% YoY: Can Momentum Hold?,https://news.google.com/rss/articles/CBMijAFBVV95cUxNRjZOTTdhaHpKcG9zZVVSa2w2Y2Q4VnBMWUpKOTZDU3UwTUVWV1U3UDVxYWszSjQ3UTY1blNLRWppRzNieGE0UFhPb042enU1SnRJeFozZFp2dkxXSFRwZlV6MDRVOEtMdkhYM1A3aE5jTlJvNjhMMkpPVTRJOXRIN0lqU04xc2Q3U3gwcA?oc=5
2026-07-06 03:00,Yahoo Finance,finance.yahoo.com,SoundHound Is One of the Most Highly Shorted Stocks on Wall Street Right Now,https://news.google.com/rss/articles/CBMioAFBVV95cUxNc3dPc1htdkdIaDZoaFk0MzFLRjl4UnRGa1pIbFBYbDBoOGtFZzNlTFVEWkdlUFVzUmRMV1F2V3BYLWtwQ002YWVJSXM1Snd1bE0tQS1uaGJQSDlEd3QtM2FoSWc2X0tNZ3FGLWVEUGdhWmR4Wk5hWUh4M1BCUXNIejljalMtQ2hlaHVCenp6Qk1kODUxMlNRYTRyNzhmQkZj?oc=5
2026-07-08 03:00,The Motley Fool,fool.com,3 Better Moonshot Stocks to Buy Instead of SpaceX,https://news.google.com/rss/articles/CBMilwFBVV95cUxPTVZqU3BSLWc1UEF3VU5RZWdfX184ZGlic0RqeW9ySm9WLXE1OGQxN2R5TzQ2RUZvN2FnRDRLLW85VjZXdGtVS0NRdlMxMGQ2dHF2MGZaZ01RYzlyM3E3TWVUY3ZQZkM0UHhKLUR1eXIzRWdzQV9CQVlCdFhQNl80SnMyV19WV2JXY2tteTVMMTZDWngtOGRn?oc=5
2026-07-10 03:00,The Motley Fool,fool.com,BigBear.ai vs. SoundHound AI: Which Artificial Intelligence Stock Is a Better Buy in 2026?,https://news.google.com/rss/articles/CBMi1wFBVV95cUxQd2NYMnJfV0VweE5tUG9acXdVU3ZoeHJuaUFxRU9DTENBdC1Fb3VIZ1F1YjRMSmdnRzl6bFlqZmdjMlFCV2ZBUUpHNm55clVpekVxdVZTLUpPcGdSbnhJNUgxcm9Od0h1ZW5ka3B5Nl9zLW5wbEEwX2M2VlYzN01RNF9SMlVWN1hSVTk1R3NoRFRHOHU5RDNpekFJT2JIUzhldTFmaHFnTFNhNFBKQnRxQmRvZ25CMUNCZ090MDFxSTV0ZjNOT3dHaW1VVVE3VDN2RWg5VWx0Yw?oc=5
2026-07-10 03:00,Yahoo Finance,finance.yahoo.com,Is SOUN Stock a Buy After Revenue Growth and Ongoing Losses in 2026?,https://news.google.com/rss/articles/CBMimgFBVV95cUxQZWd1WlBuTGt5WTFfUDV3LWpid09UdXB6OC0zZUoyNlZOc1laM3RJcEpaNWtIcElsMVNhV1NiQ2Fka09JNWwzTWxLNmdwQzhJYXR6OXE2M1lSNllHRUJnNmdJeVJUbHJySV8tTTctYnpZOHluUGtBaFI4bDVWX3MyOW05bDFoR0VETWplUm9GVWIzSWVFSHJJSzVB?oc=5
2026-07-10 03:00,Yahoo Finance,finance.yahoo.com,SoundHound Stock Outlook as Enterprise AI Adoption Accelerates in 2026,https://news.google.com/rss/articles/CBMipAFBVV95cUxNZnM5Yms1SFZsTFQ4LW9hYk9PTXRULUNQejhsY3E3UVBpQmxobzVYaTVnZFRicFo2bFNUYVd0RUxUdkNWcW50NjNicENVQVV2N0w4bDB0SlpHRUR6X09Qa2tPWGczRmFjSWRoV042T2ZGUlVudEp6TzFoazhjNGlfdVRqMGx6M3BBN21vSFJxT3V2MnB3eEFfVXpGbER3NWtfUDFRZg?oc=5
2026-07-10 03:00,Yahoo Finance,finance.yahoo.com,"SoundHound Trends in Voice AI, OASYS and Rising Agentic Demand Today",https://news.google.com/rss/articles/CBMinAFBVV95cUxQZ0xSNkJsdHFqNFJhNGk4akFTWF9ycnoxSHNTdGk5UTRPUlppelpwOGhsSFZIU3RCNUVjM3FUQUVzQnlXY0FVRUhzV2QzdmpsUVhoTnZaZlFNUHhvc19KMDIzMllpTi10U3lMUTNETkh2VFlxUWFPdWp4WEZjMnB3dW81VTFBOG5uOEZHQ2JOckVhZFhQWHA3Uy1JMzk?oc=5
2026-07-11 03:00,Yahoo Finance,finance.yahoo.com,SoundHound AI (SOUN) Files Effective S 4 As Enterprise Expansion Takes Shape,https://news.google.com/rss/articles/CBMinwFBVV95cUxNRS1DaGZxMm9yRXZTQ19Bb0JsM185dHVteGhPTFFpYlJ2UGNPZmpBVHZObGVoak93bGVpZ0xxbXRnYnF6QjJjeUsxVjA4eWo3X2dXUkRuLXI2X1FfOGtHLTlEZmZIOWI3bXVsVFNycFcwZ0dCNWtqTkFZTjNIcWhibTBJQ0U4VUh2QkNmMGp3YnJZQWJCWFpaV0F0ckRzVUk?oc=5
2026-07-11 03:00,Yahoo Finance,finance.yahoo.com,What SoundHound AI (SOUN)'s S-4 Business Combination and Platform Expansion Means For Shareholders,https://news.google.com/rss/articles/CBMimgFBVV95cUxPSmpIUWYwSWFDNVotaFpSb1d6Z2FWQWxkdUh4VUg2dXN3WFd3emVMYmh5dlpzNUl6N1FyTE9KS3d0UjBaQnlXLVA5S3YzQTVQQ3FNUkkxVTdUeG15RVI0aXhaY0tlZjJucTJzX1ZyZXBnamFBOVhOQkwtZGt4cXcxaFBwUHBlMVhMQkE2Q1JRUS1jbnlYdHo3Q2hR?oc=5
2026-07-12 03:00,The Motley Fool,fool.com,3 Reasons SoundHound AI Stock Could Keep Climbing,https://news.google.com/rss/articles/CBMilwFBVV95cUxQUVFiQmFzbl9ZZzdKYVlpd0Y4eF9MdlNjNklYMGpTU0c2RlBVR285UlBERzZ4VU5uQmM1YXFvekZjb3pkc01vRXlMTElmYUpBRVEydTAzclpUTkJHUU90R2FjY0RPeFdMRnBpSDdZdkxmdUNVeUx1cC02WExfVGFLeUtRY0NWclBlNHdsanZPd2p6YkJXTURv?oc=5
2026-07-13 03:00,Benzinga,benzinga.com,Squeeze Watch: 10 Stocks Bears Love to Hate Most Right Now,https://news.google.com/rss/articles/CBMiugFBVV95cUxOQ09JY19ieG9zTjhlUDJQajdscGZJQXBrZHFTUEhSZ3pzeFFwc0xZcXAtMUdlbTczalJRMURNTkdUZnpYNnlzTXdfc2NjYzJoOThWUFZDXzVoQW1ZQlZfa3ZLVzNqSk1BamNwdk1OSmc2SGNvNEhLZDBiZjdMenNfYVJhYmdISXBUNGY3cTVtZDV1YzQ0UXFlVG8zMzhsMHVQSnlCWXVqNXpKc2d3NVZ6cmxSNlR0clRoMVE?oc=5
2026-07-13 03:00,Yahoo Finance,finance.yahoo.com,SoundHound AI Named a Leader in the 2026 Gartner® Magic Quadrant™ for Conversational AI Platforms,https://news.google.com/rss/articles/CBMimwFBVV95cUxNVEVSQXJkRFM1TDJUaHRPajNXYlNvU2VreHVhT1RwaWlWWmxOQmhDWEI4dzVpRjBmY2pYZThWT0ZsZHdQWmtMSXljUHhmT2ZtX295R3llMUxkMEV1SzdjcTltQjRSVVFnQllaUzgzbW9TUGY2clVmTG5naWpsdXpmT1pBTENwRVotdWdJUFV1WEVjZmplRk1LY1RtRQ?oc=5
2026-07-14 03:00,The Motley Fool,fool.com,"SoundHound AI Stock Is Down 37% in 2026. Is This the Ultimate Buying Opportunity, or Is More Downside Ahead?",https://news.google.com/rss/articles/CBMimAFBVV95cUxPalh5MDRSdlNfTmhQcW1nUVluSmhqTXIyZlhGaWxtVFV0SmdrMXRFZXI2R2V4enJWaVlPanZTemRmOU1XNjZWZEc0ZHFmWERfdHdrLU4zRWFiVjVnM3lnOW5ZeFo2OXNUQ25OT2YyTTJxRTl5R1hYcXlxV09BbE5NQko3Rk9vQjhlZE5pWTd1YXY0MERycVRzQw?oc=5
2026-07-14 03:00,Yahoo Finance,finance.yahoo.com,SoundHound AI (SOUN) and LivePerson Sign Amended Merger Agreement,https://news.google.com/rss/articles/CBMinwFBVV95cUxOZXhxSktSamtpZGYya3l2X0UtcWZEdjRHS2dzVTk5TXl5Njk2dmNTMzN1UC03Yy1OZGFZNlN2VnY2d0p6QmxkdkIzSFVyR0Q0MmVfQl9KTjZpXzhxN1B1QlQxT1RDUTlwcko1cWtVNE9BMTM2eS1neUJMZWxqZTRLZGhoXzZXRFdIa1hkeTc4cVdhM2Uwek50M1p0OFN2WmM?oc=5
2026-07-14 03:00,Yahoo Finance,finance.yahoo.com,"SoundHound Plunges 35% YTD: Should You Buy, Hold or Sell the Stock?",https://news.google.com/rss/articles/CBMimgFBVV95cUxQbWxfdG84MzMtd1F5UHlFMUQtQTdRQUlrTlh2MWtaMk1BeFIwNWM2M0R3Vk5ZSkh3R2hPb0x3bHczWGxGTEFTQ0FjLW9JX21KUnNIeDRNT0U5dXROamxHdEtqcGl2LW15MWx2VGdOQ3hjZlQ1OGRQLWotNHozaEhtS0dsUXBjSnBNWHhJRXFDUVIwSHVOb1F4cnN3?oc=5
2026-07-17 03:00,Seeking Alpha,seekingalpha.com,SoundHound AI: The Stock Is Finally Catching Down To Its Fundamentals (NASDAQ:SOUN),https://news.google.com/rss/articles/CBMinwFBVV95cUxNcGp3dlRNM21nakJ5Yk5GT1NzeVFTb1o5dk1lVUlPMkZhVkRrMUdNaVJrZGV2LXV1TmFXMHlfWHRHRHU2dTYzQXhuQjRIWEZTNUdBUjJraVBPVHZBYTFBeXIwcDlISWh2eHJGd05zaUQ3WVNtV1RFUUg2NGtXRW10T0JqRHpvN09wdzRYdU1qSFZsTlc5M3g2MHJ3cHBxb2M?oc=5
2026-07-20 03:00,The Motley Fool,fool.com,Can Investing in SoundHound AI Stock Double Your Money?,https://news.google.com/rss/articles/CBMimAFBVV95cUxQTzFRclJUZW5xY0RpVFA1NWdxS0VON0NyZ0wwQ3owc2l3S2x5VGtzSVFFRF9SVlloTmcwWWNXMEdvS3plazVVaWtjLVBVUFI4R2xyUi1xUkZBM1k1SkExeG5iZVU4S3VGc1E0a0R2NVhKeUl5MmliSnhkejBQRFpJaUo5V1NCN2ItY2t6MURrUlYxLWxIelVKWA?oc=5
2026-07-20 03:00,Yahoo Finance,finance.yahoo.com,3 Cash-Burning Stocks with Questionable Fundamentals,https://news.google.com/rss/articles/CBMioAFBVV95cUxQeUFpQUtBN0NUaWhtR1pJbWphMlh5SlhGRmIzVGViVkYwN0xfbG9FcXA0dUNtZTRPTElqeUtqenNjOXhnd3hBbkdBWnFvU3J1bm1QSmdVZnZpZ3dyYk9jVjdHQ2kteVBfSHJVSUFtZV9lb3F2LUJBYnpTMWZBZlBJaF9lWDB2djJlenl6dTUySFNWTGxJZXRPeUVBWHRaQjJn?oc=5
2026-07-21 03:00,The Motley Fool,fool.com,SoundHound AI Could Be a Great Long-Term Buy. Here's the Bull Case.,https://news.google.com/rss/articles/CBMimAFBVV95cUxNaWloNF9WazB0RkRYOHBXRmo3cWRPV0Yza3Y0c1JRRUVSdDQ2ZGtYaVRKQjJBYTVMRmJGNk1RZEI2UDllVHNpUHZ2NEh3eS0ybjN6OGs4VExoVFZQTkVieHFEZmFOSDQzZ0QyUlJTbW5laWMwT1JySFZiRk85SXkzVkhPaUMyRE90VVAybGNFb2k2M2ZNek9KSA?oc=5
2026-07-21 03:00,Yahoo Finance,finance.yahoo.com,Is It Worth Investing in SoundHound AI (SOUN) Based on Wall Street's Bullish Views?,https://news.google.com/rss/articles/CBMioAFBVV95cUxNOWhOS1V1YXljT2FBNU0zTjhYS21nXzhzbmwybThETmt4Mk9hUk05bUgtTXpydF9hbEQweG51VURkcTdHWU1xYTliSUNWQVl2dDZiQ1JCNWEyNWNpQVhERVpMM0JEa3lPZGY0SlVhYTJ3THhxOWR5b2R4WTVhbXdqZjFMNXkzcF9PaXhOT1Bua1lSTFpvaWJOQ3VTN3E5RG9m?oc=5
2026-07-22 03:00,Yahoo Finance,finance.yahoo.com,Can SoundHound Disrupt Restaurant Automation in 2026 and Beyond?,https://news.google.com/rss/articles/CBMirgFBVV95cUxNa2ZTdXdRS0MydVFOeV9vTUZUQ2t4QUEwTXg4bDlad3pJd1ZKa05KVUN6bThmeElrSnNlMWoybWtNOFpQRGx6TVJ6UEtzTjRyR1hZQWVDSlhBbXZWMFdLVVl2cGlOc0pYb2pscWZqZWh0N2FxQ2V4SFpxeG5vT1U0VjdORDV5SWJNNXpwb252Y2dhdWRTbjZSM0puU2xFNlM1dVh1Sk44T0lJZkVMM0E?oc=5
2026-07-22 03:00,Yahoo Finance,finance.yahoo.com,"Here's Why SoundHound AI, Inc. (SOUN) Fell More Than Broader Market",https://news.google.com/rss/articles/CBMilwFBVV95cUxPUlBYaUZmZ05NQllReWdpcWhfN0dmbkZBcG8ySWFIakctbnJleEJSWldYQXFyTVYxOW1MYzEzZERjYkxxazBEU3NZSjNWRndTNi10VGpaUWE2Xy1oLVBGc3dHTnctNVhSc1BaYTVON2JkUEtQNVhTMTI0aUpMcFpEWFY2RWwwVVFYZjJKb2tGTmhlRVJadXlr?oc=5
2026-07-22 03:00,Yahoo Finance,finance.yahoo.com,"SoundHound AI To Report 2026 Second Quarter Financial Results, Host Conference Call and Webcast on August 5",https://news.google.com/rss/articles/CBMinAFBVV95cUxQMWZhUTAtMmpneUJKTnlId0pGZ1VjYnFjVjhTeFdqSFdQenNON3lkMHhGWHZ3YXBySDMtZDNTZlVWUC1BaWZZbFpMMFB2SGxuZGpDRF9hUFctR3hSSU91YjdwNmFOTVlfV29SU0VxdXRoMDRfbUhEVExFaVExNmdTUVVXYmZ2ekIyT2VLdGIyMzhScV8yUVlHbjM5VEE?oc=5
2026-07-23 03:00,Investing.com,investing.com,LivePerson urges shareholders to approve SoundHound acquisition,https://news.google.com/rss/articles/CBMivAFBVV95cUxOdHJZaG5xdU5qWlg0YktfZ0xmLXh3VG83ZGtMY3lYR1dueElxVFpjcmMtQTd0b3lVZEpYM1plbnREQmVxQlMzLWI0Mzl4OEUwLVlPRHRXTXR5dVZ3S0Y4Y0tqNHAtcnYxMWJiMkpNaVB1bkhFYTdnbXhKcTFfd0VQeWhHSHV3WkJQcUJlZUtZUFZrTWFqUzJGbHJ2Yl9PeEdZSlhhYUhYd0pvVUR4amdpQ2lscUFTY3JHSUFTbw?oc=5
2026-07-23 03:00,PR Newswire,prnewswire.com,LivePerson Sends Letter to Stockholders Highlighting Benefits of Pending Transaction with SoundHound AI,https://news.google.com/rss/articles/CBMi8AFBVV95cUxQV2ZYdXBPaWFqMnFvVTc1ZDZROS1iN3VWbVRLUi1VV0dSemlHT25jdjRZTXlxNzdYYThQYzJFZldkZ2JKbThULU9GcmJRSDRFTmotU2dvLXEyamNDYlFicGx6cU4zWVNETnhrcmxJTGxMbjB6MmdqQzNGbDVKZlFZaUVVSFJqMkdWXzdMMlJBSlY1eWY5MXhXbjJNVmdCTElqdDlVSjdQUndrNGVtd01LQW1ReWc4cVhCeWtlWnB0X2s0RTY4Z3JtcHZUT1M0aTRWWnJZQUhoTWhfS2FlUHRIZWJRcGlXZDQ3N3psTks0ckQ?oc=5
2026-07-23 03:00,Yahoo Finance,finance.yahoo.com,SoundHound AI (SOUN) Stock Could Trade At A Premium Despite Gartner Recognition,https://news.google.com/rss/articles/CBMimwFBVV95cUxOMkEwU3N0R3dpV3ZvMHhaTkg3ODRmdkROYXhSazNKdEdPWmNNekQwY1ZVNEdobVFjdVNmTUpubk5XMXU4WmpHRl9iOUNEM3RXbEpSYk1LSTJCSG0yQVZZTjM1c2ZaUTR1blNkQkR5dVVrR3NMdmNVcDNVcmU4TjJHQUhneVZYbmljU0VmcE1STFp0NE5uOFJPOXgxTQ?oc=5
2026-07-27 03:00,The Motley Fool,fool.com,Should You Buy SoundHound AI Stock Before Aug. 5?,https://news.google.com/rss/articles/CBMilAFBVV95cUxQNWxLSU5YUHFPa3V6bVZvbm5IaGd5SmhISklFVlRJLTRuLUdHWExuTkM0Sk42Vkhmdld3Vkx6T0dpb1JqX0hyZ1phek9hR3p2MmxFcEx4cVFpcnJ1al9KZnJFaWpPZUlEOTg5Qi11bm51MXpIaHlRREVQS3dteUlPaGZzNGZCeG1aWnZvcDNoSjFqSzRG?oc=5
2026-07-27 03:00,Yahoo Finance,finance.yahoo.com,SoundHound vs. Five9: Which Customer AI Stock Offers Better Growth?,https://news.google.com/rss/articles/CBMimwFBVV95cUxNT1A4Rm9BUXdlZnlXaWVCZUxPdTQ5V2JJX0dBbWgzTG9fcXBDeGp1N2wzMm0xSnJYVVprRVh4SGtoVmFPSnlZelVzS0xJdWo1MHd0NVctTjV2VGE0MEZkbGhRZ1RrWDF5UnZSdmZ0emMtREVNbGt1WDBsTG9Cckh6QlJfcmE2MlIxOHk5Qkk3X3cxUHpMbzV2V2swZw?oc=5
2026-07-28 03:00,PR Newswire,prnewswire.com,LivePerson Stockholders: Vote Today FOR Transaction with SoundHound AI,https://news.google.com/rss/articles/CBMiwwFBVV95cUxQcy1oMVZJSVc2ZGdsQy15dkFvQ2dtTWhVNUVHWmRTd1ZsLWN2Xy15UTZCM1lQOHZsUXJyRGlqVXhCTERPNExOVXI4eU80S051Y2R0bEc1WFMtR2tqTTdXUWNRdy1kVkJpNWZIdmg1eXlOazlLNGxHb0J5N3picHJrQy1iR1lHbWxDQWFPSGlhUVZ3OEk5Ukg1S3VPdV9TV3RGemQxN2tTbXp3S3VRUFdGTXNHZnBzVGYxeG5ScEpnQnY0MWM?oc=5
2026-07-28 03:00,The Motley Fool,fool.com,"Prediction: $1,000 Invested in SoundHound AI Stock Will Be Worth This Much in 1 Year",https://news.google.com/rss/articles/CBMimAFBVV95cUxQeXZ6a2I5b1IyWG1UTEtabFFmNHBkbWlaMVhrYWwxQU9oTUlJQk9tblNBWkw5aHJIajRLNVROOHFCYm5rQmpfbGl2Y0U3anAzaHZfOVQ0OV9JWElrOHNmYTZtdGZoOXd0TWtZTURjWHl4VUpvODQ4UVlWMEkwUDU1VjE0ejE3dFAycVdNSHVUOExxZUdlY1BiYQ?oc=5
2026-07-29 03:00,Investing.com,investing.com,SoundHound AI stock hits 52-week low at $5.83,https://news.google.com/rss/articles/CBMioAFBVV95cUxOaDNraEdRdG14SW1sa2tmb1o5V3FaQy1mVWZZekJVcUtfS2RrY21MWVJVMUlyWkdOaGlvZG5PZmhCTnI2UHZhZW9YaFZ2LVZXSW1mZjBSbDE3VThhaV9EaVpzbTlBaTk3eTZONUcwbmFSbXpBRXJRZlQxbkR3UUxqZWtwWDJNU3VqNjRiTGpqcXVTRjBIN2lDSnotSjFwcndr?oc=5
2026-07-29 03:00,Seeking Alpha,seekingalpha.com,SoundHound AI: A $47.5 Billion Voice AI Market Shows Great Potential (NASDAQ:SOUN),https://news.google.com/rss/articles/CBMiqwFBVV95cUxPTVRVSnBNY3RrTlZ6VjVuUXBWTnE4N29yajRFQ3N5alRDNE5WSmFSMTExNVV0clJUS0ZQLU80WUxhZ0NqR05lWDA2Ynh5NDRqdWtqa2FPdXdVTEhLNDR0bUdXd1ZCalFpMEFiU3Vva2NxcWtVYllCN2tWeEN5eHNwUGZfX2tZM3gxeGZwTENxazVoNWNnaEJBNTRSSVRtMlJzX3ZLLTFaamRwQ3M?oc=5
2026-08-02 03:00,Yahoo Finance,finance.yahoo.com,SoundHound AI's Next Earnings Report on Aug. 5 Could Send the Stock Soaring. Here's Why.,https://news.google.com/rss/articles/CBMiogFBVV95cUxPUHNKeG40MkwtR3FVdkRlTGZGclc0cVRleWtCdGpPejdQTHFwc0pqSElhMXlIY2NuZmY2eHc2MVF2emRheXBtb2pLcWRGVExNcmJIMmp2QzFXT3dpb3lHb2h6RlZ4YWtqMWJrVDRZSW9jYTk2S25VREZuNGxTZ1E5TlNnVzFoZGtFcUc1c3JQbm91OTFicUFVb2FDd00xVFlVLXc?oc=5
2026-08-03 03:00,Yahoo Finance,finance.yahoo.com,Is SoundHound AI in Play? The Acquisition Case for This Voice-AI Specialist,https://news.google.com/rss/articles/CBMioAFBVV95cUxPR2Q4a2ExOTF0a3h2OFlib0NiN3hGMU14UFVpdjBLcFQxNmdpTlFydW1qYjFoTTJ3Ni1TdjhobWhia0Q3bWxpNFBXV09WeTZhRzlFMkFvenp5WG12OFlNNlVrTmNDRlc2Vk96RDVBc1dLZEpwTmp1WDZRZmk3NkVpLVhKLUhaZVh1bGVmSWltNUNzTHczM0VDNzI5N3pfMHdB?oc=5
2026-08-03 03:00,Zacks,zacks.com,"SoundHound to Post Q2 Earnings: Should You Buy, Sell or Hold the Stock?",https://news.google.com/rss/articles/CBMirgFBVV95cUxQNmpCYkhldEdzZUFoWFQzaXdzeGg2NkpPNmNnNlluNjgtalFKQzFyUTBILTBPb1hRcnE2dU1BNl9oOHZXUXNzclAzLUVHdWQzQm82akFoMUU5UWtwenc3SWs0OHNhNm1mRVpiMWxJb2g0YWRaVVVEamhvazRUeElzUllzRG9MYnFUeUpPcXJQMEswUEZ6N3FZWDZMRzFTSmswcEdObUN0SndfMzRwTlE?oc=5
2026-08-04 03:00,Yahoo Finance,finance.yahoo.com,Earnings To Watch: SoundHound AI Inc (SOUN) Q2 2026 -- GF Value Sees 144% Upside,https://news.google.com/rss/articles/CBMingFBVV95cUxOVzNJek1GN2NZaThib0RWR0I4d3NreXFtWXBib184N0pqT1Y0OTliRjV4Mms4Tm5TY2pxZzBqMjlISUp0YUZYVGVKSkdvVHRqbHZZU1JpbDFPa0VlUzhjWm91cVdJdjdjamJMbHJnUDB0MTJxX21yeTg5Q1BNSHN2X045aXB5Wjg5QTdKSjdnbVhYVm94NlNVU2F6Sjc4Zw?oc=5
2026-08-04 03:00,Yahoo Finance,finance.yahoo.com,Is SoundHound AI (SOUN) A Bargain On Its MUSC Health Voice AI Expansion?,https://news.google.com/rss/articles/CBMinAFBVV95cUxPY1pDTlhVV2dZTDBWMWMweDMwS29fdGJIWXJ1SVY4SVNEVlNPcFNLNWU1YmVrZTFJMEIySmNjMW1hbFpuVnJzOFpzWTAwLS1xRVlIT3ZQdVVjR3U2V0o4UUtfWTlFcWtzR0FkVGpydzZ1TUM3bDZkM3ZXVC00VDNncTZwYnROc1pLekpOWUwxeGc5emoyd3JPVzRyWUc?oc=5
2026-08-05 03:00,Benzinga,benzinga.com,"SNDK, WDC, APP, SOUN, FIG: 5 Trending Stocks Today - SanDisk (NASDAQ:SNDK)",https://news.google.com/rss/articles/CBMi-wFBVV95cUxPbjlkS0djY3BNc3EwdlN6Tkxza2VqcS1DeGVvZkcwYWtkVktLYUFNaVV2ajU1ekFoSVJ5d1FFVDJQWm5nZ3lOa1FtMDFYSVNEbEo2eVBremxqZG1VNEU4SWZKMkVLWk9kQW5yeGtGLXJxcnVmVXlvVlNDRmFYNERsblkyeVIyNjZ1aTdYNU9YeThTX2lqelZTWFJpRVpJVE1KbTFZZEhZOS0waE1wRzl2UDVNb3RCMkpDNkFoTV9Gb1RaRGNRMDRXeGpCZGpDU3E3UzhqZXExSEpmaVdPRHpTRnY5NFNZNlgxY1FacFp4WFRTRGpTZS1qZFBadw?oc=5
2026-08-05 03:00,Benzinga,benzinga.com,SoundHound AI Stock Surges on Better-Than-Expected Q2 Earnings,https://news.google.com/rss/articles/CBMiuwFBVV95cUxOSEdHWHhobWJLMjlxVDRTUUNlWG9MbmN5U0NfTVRzNnNfWW5LNXFGZlNwNXZfbldNR0pQSXF1dG52RFc5VjZfQ0dOVXZEWkx3OHJ1VFdtQl8yRFdZdW84a0VJOFBoSEFLSGRzVkZUZkxEOU51ekM4WmpIUkRtQ3gxcG02dGQyZWlSZ1FhWnBEdS1kR19PamNySlNUSEw1Uk12NDZYckNTcG9Ja3ZIcVQ5MmhQTlQwVy1rTFhv?oc=5
2026-08-05 03:00,Investing.com,investing.com,Earnings call transcript: SoundHound AI tops Q2 2026 estimates as stock jumps,https://news.google.com/rss/articles/CBMizAFBVV95cUxNMVRKa0h0TzdDYndtUFRCYVhtYllVdHM2Mlc4WTZ6X3A3Nzg5VVJfdUF2Q1d2WkwwMWR2TUZIUnZsclI4bWF4eEgxcTd2Smc5RG1Uc1pKSzZVX1BFbkswS3QxVUF4TnJxeXk5bmctV3MzYzhwLWM1NVUtR3FDUjA4NTZkQURaWnJ0VzJmcHlnMktiM3lVNlUtNWpLZWZNMVdHZ2xZZFhfVG83bGNDZVhGeDRwd1JVOHFQOF8zbXQ5WWxLWks3LWdSdjdSNG4?oc=5
2026-08-05 03:00,Investing.com,ng.investing.com,SoundHound AI faces earnings test as losses expected to widen By Investing.com,https://news.google.com/rss/articles/CBMiswFBVV95cUxQb0M5UFpwV01JRDZmaUI2NS1Yd25BVUJvNThQZzRoRXBiU1M4OWp3VE9rNi1kYVdlMGYyRHZUTkhVcEk5ZHAtUjdVbGFhV1U1WW1BV00yMTZLd0l1T1Y0eFJRTEZxRktCM1ZnamxJWmFJWGhET3h2UU1sZDRNOGVkVFB6bEJhbk1rZ2pBdjY1dWhPc0RRTVBLaVJrR1IxNC1hWkxCbEJsYkxXYkk0aGdtQlVLTQ?oc=5
2026-08-05 03:00,Seeking Alpha,seekingalpha.com,"SoundHound AI jumps as Q2 results, guidance top estimates (SOUN:NASDAQ)",https://news.google.com/rss/articles/CBMimgFBVV95cUxOaWZkTmZsSTJzU21FTkV3ajU4WGd5S1RrNlNra3pmeG1YMXVSQ1lRQ19UTHJjbF9NR29IQnpWYXl4UjdsX0NISndHS2N4WmtrTm4zdDNmemF1RDJISXZfNklLcnpyZDFRaEFKSmVERkg5Ukx1V09GMjh3YXp0X0poWEJ1My1vcU9MV2kyZE5nOGtOWVAycEVvYmZR?oc=5
2026-08-05 03:00,The Motley Fool,fool.com,"2 AI Stocks to Buy Before They Surge 218% or More, According to Wall Street",https://news.google.com/rss/articles/CBMijwFBVV95cUxPMldnX2hqb2xfY2lHSVFKd2ZwQUVtUm0wX3dCYVJpVldmMWU3bjNhX2hnSWtPN0xhaTg4Umpfb3huN3dWYlFzM0JacExsZGlWTkV2azVZNDRUejgwNW1mMjhBVFdXTDg3WHgzOVpsWXJISU13MkU2SWxRYjBGeGFHWjNtdkJNWjdmN0xkMkp2OA?oc=5
2026-08-05 03:00,Yahoo Finance,finance.yahoo.com,2 Heavily Shorted Stocks to Buy and 1 to Avoid,https://news.google.com/rss/articles/CBMimAFBVV95cUxPUFNjVVRhLUo0aUQxWWFiS1BZR1NrTGxoTDFoemprZEZZZEhya3ZPRlhyTDNnM1Q1NkRBaVhmVGpIbEN4MXNJbHpETmtuamJjZGVnMkotMDhYTW1kMnRlZmZOSWtXc0dtNlhYLUpaTHdMSWkzMXAtcmVQWm1MUmswNGF3dXl5Nm4tc25GanhSbUM4VHNsQ2hDQw?oc=5
2026-08-05 03:00,Yahoo Finance,finance.yahoo.com,"SoundHound AI (NASDAQ:SOUN) Reports Bullish Q2 CY2026, Stock Jumps 23.4%",https://news.google.com/rss/articles/CBMinwFBVV95cUxOYjlBWHhxODZ1SGh3T0VILXJaSVF3ejNCOEFzOFNTdVFXR1lLa25yMi1zclU5bnlITXh3aTQ4WjVjNUZGWjBWMnIyb2g3MXdfUnZGMkxjYjlaYlY2RmFISHR5T2NoYTJocWNKYzhqeUFIOTloZUpJUVNVbG9pWUNSUFFpMEFhLU5JaE1La1I1Y3U2Qy05NlU3d041eHdOdFk?oc=5
2026-08-05 03:00,Yahoo Finance,finance.yahoo.com,SoundHound AI (SOUN) Pushes LivePerson Deal As Investor Town Hall Nears,https://news.google.com/rss/articles/CBMiowFBVV95cUxNR011cTAxWEJGTWJ0R0NLZ2YxcTlpaU1TWWtjWmxoWWNqU21NNHJtMVdjMXpKS0hSclVSYm5YSWdUZmJjemt5NUpEN3Z3bmtCUFdCdnliNXVUaEM4Y2M4eUtpNFBXUWx5dkstRUZaelVTZmVBbUd3emNmSjE3MDE5WjZUQ1FFUGlKaVJRLUNWYmpXX3VucGhKSUV4S2hDTnlaME9J?oc=5
2026-08-05 03:00,Yahoo Finance,finance.yahoo.com,SoundHound AI Inc (SOUN) (Q2 2026) Earnings Call Highlights: Record Revenue and Strategic Momentum,https://news.google.com/rss/articles/CBMilAFBVV95cUxNQXUxSGZSYnVTcWhEVlc5cU1TLVl1Y2hydVQ1Sm55S3ZqcFlWVndqSFNPOWctNnpreGwyRHRmTk5SZlJTZjNua1FxZkgxMWVObC1hZm54ZHUwWVREYUFsaE9zZUVESnczc3d5UzN6M2JkM1JxbmlFMVFBN2tvdEVGOWE4UExYdWNHQ0pka0t3WW5fRG1i?oc=5
2026-08-05 03:00,Yahoo Finance,finance.yahoo.com,SoundHound AI Leads Wall Street's Most Shorted Stocks at 42%,https://news.google.com/rss/articles/CBMingFBVV95cUxQMkdaOG9VNVdGY296eWt5Z1kySzk2d2dzcXlKbWZzSTVaQnlXd3dLaFQ5WXl1RFdRMmJvSExXUVllTFB2Nm9CN005czJMMnhaendSQXl2bWJkZVotcDRqVWlKREh5ZUR3QnQtRHpMY0NVdFZuS2V1enIzRm02dUVFVDJuSFF5dlF1eTZTU3l3RGdDemU3RjFVX0doblcxZw?oc=5
2026-08-05 03:00,Yahoo Finance,finance.yahoo.com,"SoundHound AI Reports Record Q2 and All Time High Revenue of $61.9 Million, Up 45%, Raises Full Year Outlook",https://news.google.com/rss/articles/CBMimwFBVV95cUxQMUxBOEM0ZzBORnd3RFExTDdpRTVVTXFrTGFla19VTUpWdmctT3llUzBhQ0FBSERZdzBURVlvS255MUQxZVZ3YTFVVWhSXzktOUxYc3ZUaktVbm1JUHVFbDlQQkpOUnJiR1hvX2FXZkxlalNOMFl1MWZrazhQZzhHX09JOFdUekhHQ0F5WTVRMHctV0d5R19Dd1ZmTQ?oc=5
2026-08-06 03:00,Benzinga,benzinga.com,Why SoundHound AI Stock Is Skyrocketing Thursday - SoundHound AI (NASDAQ:SOUN),https://news.google.com/rss/articles/CBMixgFBVV95cUxNenBVd0o2b3dzYndGU2pnTlNPbmlLelpNa0w0cllPWUJ5RkNrUF95RWwtSVNUd2J0ampzcC1GYTZ3ak9yczlITXBIYW43VXJaNEhWSjBqNmxTR2NHdVpUREZMa1RUNTJYTHFjQmxfallrUUxScVhnLU5EQVJBYUZBV2Iwa3VJTXQ2WHgxUTEyS2VieV9vcXRSWjZoTG9WbFI3b1RoU0ZiQnRhd2RtSkc0TE1LcFRaeVVVX2NTeHhudjdyZVk4V2c?oc=5
2026-08-06 03:00,CNBC,cnbc.com,SoundHound AI CEO: Next breakthrough in AI models will be through architectural innovation,https://news.google.com/rss/articles/CBMizAFBVV95cUxOYmJwUlpSdjdLb0xzeWRHSzNydWkzNXo2c09OZFR6VTdGaGp1cHF5NHd0YWE2d2x4X2JLNWFUWjlCWEN2S29iOHUyMTI3Tng0Z3Z3QUhaUjBNLVh1VUg0dmVGdGI5OGF1R21Hc2ZoM0p0REVuSVByc1V2UkJ3MTRGNFJnODBoTTFVMWp0RElJeDdOdFR5NXlfYXg0ZlVnRWMyaWVLbkNqdWJFRllMU2M5b3lJMFpOa3M2VGxhNjRESjJNZGFSRTQ5YzZjVGk?oc=5
2026-08-06 03:00,Seeking Alpha,seekingalpha.com,"Biggest stock movers Thursday: APP, CLS, DDOG, SNDK, and more",https://news.google.com/rss/articles/CBMiiwFBVV95cUxQSW5sV3pFM1FLalZOZmZRaWs5YlQ3U1IyX094X2MxS2MySVREbkZpeGNxRW55aHJ1MUtkRW11QklzQzdSUW1MMGdEZmRwaDJqT3ZyU185anpnaTdBM08xQnowQnhrSkI3a09WalBGY1g4MTlBOVptUUVDOXNsclluNEg1THUtV19VQU5Z?oc=5
2026-08-06 03:00,Seeking Alpha,seekingalpha.com,"SoundHound AI soars as Wall Street praises results, guidance (SOUN:NASDAQ)",https://news.google.com/rss/articles/CBMingFBVV95cUxQNW5DMkpxTEJxNzNMakVHOTEtLTZPZzJ2SWdHYmdtcTBDd1VtMml2TERmcVZkVkstZ0tRTjlOUGRJWG5VQVFGa3VpMWQ3VkFVNHJxaUN4VW01OXh3aXJjWk13R216SmlCQjlfanBRaDN3OXFqMkEzeUlfQUZSYUdCUThsYU5MVlMweVVKcFhpbjNpZjZ3M3Jsc28yUzQ4QQ?oc=5
2026-08-06 03:00,The Motley Fool,fool.com,"Stock Market Today, Aug. 6: SoundHound AI Surges 10% on Record Q2 Revenue and Raised 2026 Guidance",https://news.google.com/rss/articles/CBMi6wFBVV95cUxNeVBhR1hOZHM5T1ExVkNXR1RvUTRCUVF4b29ZR2ZVMldRN1lZSWVxb01vV3AyS2trTERXV2E1emlRaUFvVm4tQjBFcEZYQXZ3MUstMGo5WFNBOGFWeXBnWHQ4bFo3UVZwOEdsaVpXdU1jZmJ6ZEdUTXlqU0JQQlRCLWxlSzd2eWJ3c2d1X2t3S0V3Ql9xVG92cVpmdkhUN0pXeXA2Q0dfX0lrV0M4d1V6RW12TEMyYktGaGdRRGZOb3dKdGdaQWZkSDdmMWVha1N5U3ZGZ3dBLXBYNXZFcUVDT2NkQTI2eWlXMl9B?oc=5
2026-08-06 03:00,Yahoo Finance,finance.yahoo.com,"SOUN Stock Hits 2-Month High, Rallying Toward Biggest Gain in 3 Months Despite Analyst Target Cuts",https://news.google.com/rss/articles/CBMikgFBVV95cUxPTzVHcmNoMldpdEhfN3ZMaU5UbGlxRFpWQThVdE1pbFF0N2JEM3JOY3dmekpUSUtUSm1tWlZFdEhZR1N5b2xDM001elhIWWpjRVFhNHdUcVJuRmhNM3NSbDZ1eDhKUndrWDFnLTZkR3NSN3NxY3NEVE8yUXJCV0dNWWNyc21MaUlqRVZ4dWVrN1lKUQ?oc=5
2026-08-06 03:00,Yahoo Finance,finance.yahoo.com,SOUN Stock Surges as SoundHound AI Posts Record Revenue,https://news.google.com/rss/articles/CBMimwFBVV95cUxOOUxOLUptME1MLW0wWHRabmlUaU5CMjhhWENfTUQzQTdxMzZvR1RwY3dvTjVJSUl5WlU2aGNKYzJtM1E3YmFnOHpsRDRSbGstVkMxclV0RTNSX2N4NXZFcVUzSlN1cDhTYUljWlZYX2R0bldjWU0zV2pqNWRFRnAxY0dDSWlKV3doeU1IS3NhOVhmbVFkOHdGYlpOVQ?oc=5
2026-08-06 03:00,Yahoo Finance,finance.yahoo.com,SoundHound AI (SOUN) Is Up 12.8% After Raising 2026 Revenue Outlook On OASYS Momentum,https://news.google.com/rss/articles/CBMikAFBVV95cUxOY1htRmxQbnlWc2doUmxib0FxWV9pNTVvbFNEeGhFWERONzkxNkhYQXBLZDZRQkEwenkydDFCTU5oa2ViZlJTdE5PTm4zZVVOUFM4Q1VtMC1vUFdVRTJXd0dtaFFzSXFlcGZMbG5IVm9QWW92bzd5WjdUaGY0bWQ4aU5kaDNnRVltckRQd00tQVg?oc=5
2026-08-06 03:00,Yahoo Finance,finance.yahoo.com,"SoundHound AI Delivers Record Quarter, Sends Stock Soaring 20%",https://news.google.com/rss/articles/CBMipAFBVV95cUxNY2NNSW9WMDhZeEp2TUg3Mkp5WHB5akJLbHJHU1RlVDVvcTN5eWZYUHIycjdsZm1rTkRQbU1SNmZQNDlhNU1nWFZqYThtc3Nic3B2aXpEUDVTZWotQVVHNndENU1Mb3VZS3B5M3lVbGd0RHVWSEFqZVdwbjNiZlppMVEwb0czVzUzRDVPbWVBTmdlOUtiREVkYnQxdEkyVG5Ibk9hcg?oc=5
2026-08-06 03:00,Yahoo Finance,finance.yahoo.com,"SoundHound AI Rallies 12%, Unity Software Rises 11%, Datadog Sinks 15% as Traders Separate Software Winners From Losers",https://news.google.com/rss/articles/CBMimwFBVV95cUxPbnduQVMxT3o5MktTa20ybU9nQ0FmcVg0UGRMSzdYWGIxeG8zNDlXVnAxVEJYMjBRVS0xN2pOazBSOUltOVhnUXljZmFFMHJmVGpMTDZ5Ymk0Z0x4WWk2Q01Xck10bXRadk9VVVV4d3ZwQndIX3AwcTBjeHBUUGk1c3ZrbTVYSmpZbmpFSFpYTlNLSFpVNHFzWHlrVQ?oc=5
2026-08-06 03:00,Yahoo Finance,finance.yahoo.com,SoundHound AI Reports Record Q2 Revenue and Raises Full-Year Outlook on Enterprise AI Demand,https://news.google.com/rss/articles/CBMimwFBVV95cUxPb2d1TE1WUi1zM0Q3c2xldXRYWTJaQWQ3dTBLVWdoMnFacTBqcWptY2hDTE03X0pZQXR6NXJtX2RyQ3pNMjJsNEZfQXdSQVVqTHUweTRrLWxPSGJBc2d1d3piOTA1dHYxSlRDc0xLUUhFMlV2YVl5OGoyUUdWaFNEV08wN3luR1RZd3c0NmpfLUh5dmxBbGNKTHdMUQ?oc=5
2026-08-06 03:00,Yahoo Finance,finance.yahoo.com,"SoundHound Q2 Earnings Beat on OASYS Demand, Revenues Top, Stock Up",https://news.google.com/rss/articles/CBMinwFBVV95cUxQN0U4XzJ1QlR1MjZuSE9RbUdMeGx4N1FZSE9RSUhLVllhVEZ2N2dUbXBTM1NjOFl1QUxrWmRzX1U3eWc0a3lSLWlLaDRyVHNBeTBCVFZzZ2dPNFFmYU5uM05ybi1BWEdTTmgxVllCUU9meFZId1dFNGI2eHZtd1ZXNXJVU3NTZGc1WjVPQ2lDZXhzeV9tem04alp1aENqaEE?oc=5
2026-08-06 03:00,Yahoo Finance,finance.yahoo.com,Why SoundHound AI Stock Surged Today,https://news.google.com/rss/articles/CBMimwFBVV95cUxQNkRMWTJkYnB2dlpIOVYwVkZRanpxX1JyWTRXZDl0U29pZDJ2TTlFQy1BYnNoc01oY3ZDTnhCTXBUdm1GVGtQVXk3VE1NdzhXc2JhNWxHQjQtMGNXTjhmckJEcVRlVDR0Z3o0a215aWdmTjlWYWItMXNFckQ2WVZra2hJNmlkUDFvYnl4S2IzNG9hMlMzc1NzelJUOA?oc=5
2026-08-07 03:00,Investing.com,investing.com,LivePerson urges stockholder vote on SoundHound AI deal,https://news.google.com/rss/articles/CBMisgFBVV95cUxQdnRqaXBlSEMyLVRYSUlpRXZPRlplS0owcDhiR1NYZ2Fla2FIY3JXZktfa2U2MmJWcjV4SEJMOVotYUxnZ0hSQ1JHMllqS3hCVVY5YlVXX19XYV9MempDS1RsRTdNSV9qYlBqQ3N2RmcxdW1VMEhPX05kaVFDZWxwRW5GdXUxNUFpcmJJZTBVU04xdWJIdjQ3bVFNZ25KYWNwc2dEQXhValFwUE5FbmhCMkVR?oc=5
2026-08-07 03:00,PR Newswire,prnewswire.com,"Leading Independent Proxy Advisory Firm Glass Lewis Recommends LivePerson Stockholders Vote ""FOR"" SoundHound AI Transaction",https://news.google.com/rss/articles/CBMiiAJBVV95cUxOSWYyWUdDVVQyQ1NzU3lmSGsxTUItSmVMSEF2LU1qY3pVZ3Z2dG5RdEswM08wWG0zME0tVXRMdzhzOHZMR09rNXowRXAtS2QxYjlEZDFmSFVSdW9Nb04tYmYtUjdUYS04ajIxYWJQVVowb0l6X0N4S1VoSVdRUC03NW96VW1DVUVmUGhpdV8yVjF1ZVFTOHVBSl9UT3VUeHMtNmNvNXBsRzdIMjJiMnZ3QllPRVMtY0hfVWJWY1c2ZXhVMF9VMWFFdjVfVV9ELVM0c3dmTUdWa1llZHRjMW5nNG5tcElrUGFQWG9fSTJybkVUQUVBX29CUmNPVVZOWHJBZGlTSzhzYWE?oc=5
2026-08-07 03:00,Yahoo Finance,finance.yahoo.com,SOUN Q2 Earnings Call Focuses on OASYS and Higher Outlook,https://news.google.com/rss/articles/CBMimgFBVV95cUxQcUFlTVRTTXo0bG4zeVRUUWdqV0tGOW5NZS01bmxVNllmNi1JNzF3cVItVmswSUJucV9oSmlEQ1JDM2RQa1F1VUozNzZLUzNJRkE1VmVQdi1KaTA3LUdnTlhURlppUFlha0hYV19wZ0U1RThLSGJxSFVnMEw4OFNodnhhdmJQWnI1MWg1anpIY1I3MmZFOWprLWtn?oc=5
2026-08-07 03:00,Yahoo Finance,finance.yahoo.com,SOUN Raises 2026 Revenue Outlook After OASYS Drives Record Q2 Sales,https://news.google.com/rss/articles/CBMingFBVV95cUxPd2RUYUU2WTVWbW8xenFrVzM2elBySmd6RmVVY1NxVEQzVFVIN2wyQzFKdmhYcGlOZXF2WklJQUVZMDd2NURSb3FtZnYyRE9md19BYVFUYU5uWVlBdzJGNEF3R1pLY3dGMktqWUtZdUVrczdaSFUyTjl5bVZ6XzhTd2g3UUUxYTlkb1VJZFdzWTdUUU9id3BubVNLQ1otZw?oc=5
2026-08-10 03:00,The Motley Fool,fool.com,Is SoundHound AI Stock a Buy After Posting Massive Growth in Q2?,https://news.google.com/rss/articles/CBMimAFBVV95cUxORGNyYVhxMzNJaEo2dzgtT2s3UTkxMElkd3RCS01xa2RSOHE3ekZTdDVtREktLXBWSzUtOE5uSlBxY2w3bFRnZlRWNDA2cnhYVEx1Wkk1VDdDdmUwWHp2MWFOZzJWOHlGVzlZYnBQMXFGRzFTcmE5Rm9ZZHJ2OWpkbEJyYkhzTTEyRGNDYlpUdDBqZkZWeDFMeQ?oc=5
2026-08-10 03:00,The Motley Fool,fool.com,"The Next Phase of Voice AI Is Here, and One Stock Stands to Benefit the Most",https://news.google.com/rss/articles/CBMimAFBVV95cUxQMmFiWnJTTTBfY3A0TzdKSkxGT21EQ1hlREtnSjhXb2ZOUHhENXUzZ2cyMDh6cDdmWldDSWRFb2FnUjZmaFplbGxQVWpzSzFvNHQ2eW1tbk93M25tX3pYbTg2YnliaF8xOXF2amJnWUktU0xBWXR0ay1nWkJ6U2RoVVJKMC13M2l0bWJhYk9YUWs4c0FzaWFVeA?oc=5
2026-08-11 03:00,PR Newswire,prnewswire.com,"/C O R R E C T I O N -- LivePerson, Inc./",https://news.google.com/rss/articles/CBMi8wFBVV95cUxPY1NVSXRfZVozNTJ6TlRkVDVkRXBCTkJaTFA0MXd4ZWJkX0tqZWRzNkNhZlg3QUZuMVg4SmlRbHczR2ZPNXdXaVJSSlNoUjVVaU9FZ21fbWNEb2hKQXc0TUVTakpHQ0NOM25pRVMwRnFoSHNfSWhnUDh3MUFaNGdRTk45QmJaMkJ2UER5WWg3UTVrRDM4ckRpMDJjX2FVWEptendoNmxHMk5yaG5XNXR0cmVoeXUxQUxMYThGVHdUOGhyWFk4TlM4akZ5MmdtNEVYSTFDZVRRMXVnR2RwZ1JqeDBnTEx4Qy1NdVl1aTZpVTRVOXc?oc=5
2026-08-12 03:00,The Motley Fool,fool.com,Should You Buy SoundHound AI Stock After Its 67% Plunge? The Answer Might Surprise You.,https://news.google.com/rss/articles/CBMilwFBVV95cUxOamszTVRycF9mRkNva2N5dmVjczJubTdNcWE1clhJMWc2OUF1Um9hcGhNSlhqY1RWNGJNcm1pMEc1RFI3SWZ3bjBUWENZVWhDNkJoMld1Rktzb0FPQ054bzRXTEE1SXhIbF9PeGtmZ1RaNlMzdGlaeTl2eE1DOWh3bWhXdFB6SWdaNnpjQWVrN1d0S3pjcTBz?oc=5
2026-08-12 03:00,The Motley Fool,fool.com,SoundhoundAI Stock: Buy or Sell?,https://news.google.com/rss/articles/CBMifkFVX3lxTE94RHdnRnJMMUxJcG5USlliRjRWQ2xkWFhKRzBSM1lmakRMbnRvZlpZYzJOemdFT0szUUFUYVYxYkpVNjQ3RTVGVl9TWW1WblhNa2ZjN01VTkNyeE9tSmh3ekdLS3JpZHlmRmEtWktRek9jNHZ6b1hnYXhvOFZIZw?oc=5
2026-08-17 03:00,Yahoo Finance,finance.yahoo.com,SoundHound Narrows Q2 Non-GAAP Loss: Is Profitable Growth in Sight?,https://news.google.com/rss/articles/CBMimwFBVV95cUxPM0xwNDgtYzQ1VktoeFlla2lZM3FlQnlPaFYxcHNscFF0WVNER3RzMzdGQUtPMVFCeHZEUS03VmpoWVdRZFNjdWZReG1EaEJ3VEFFTDJPX1h0QVRrMU5zckdpeUFUaHZfdmVaaXVXUGJDMmJvTkpjT25kOGVoUUI4NDVZZkQwd25nQ2tLUW9MYy1jZkVfVEsxLVdERQ?oc=5
2026-08-17 03:00,Yahoo Finance,finance.yahoo.com,"Upland Software, The Trade Desk, and SoundHound AI Shares Are Falling, What You Need To Know",https://news.google.com/rss/articles/CBMipAFBVV95cUxOSF9HOXJmZzB6dTBLQzNYNm10cThzcGNPVEZrQVRGZFRfMkhHWnZTeHNGbl9YdWw3OGVBZ3gzc3diZi11SUZfM2FhSzJ4YXZxaDdMZ2lNOC1Xck5iWmZaeEVKUDQ4VE4tSTlsaXFzSDdSYzZQNm9iTVpHTHNfcDJRVzZsRzUtLVNwUGJtVGN0WW9oNnhmOVJLQlh5NG5obUpobUVOYQ?oc=5
2026-08-18 03:00,Investing.com,in.investing.com,LivePerson urges stockholders to vote on SoundHound merger,https://news.google.com/rss/articles/CBMiuwFBVV95cUxPZkJIajkxLWFZRWV2d01mOW9OcERJYVd4eU5JNm5Kc2VQUnBYQXZCX1dMdTl3VVhXVG5DWFR4bzZXLU9pZ2hYMFNkcW1iUTB1bWR0a2VyOVlUTnZHdGQwS1czOTQwbjVqYmctcHlIcEp2THpoeVM1cFJxOFFuMzlabVp6N2l6dWgwejcxRENrVjZSU1BFWjUtRDlob3k1ZC0wN3lPOUZxcXF1dnpqaGFVYlFmb1ZpYTZoZFZZ?oc=5
2026-08-18 03:00,PR Newswire,prnewswire.com,LivePerson Stockholders: The Time to Vote for the SoundHound Transaction is NOW,https://news.google.com/rss/articles/CBMizwFBVV95cUxONnF3aHVoemxNZmluOXI5bjB6a29CekhZdzVxSGsxQnpjYTJCdVRkWWhXcEZzMkpUZEtpVmgwNnRKbVJ5eVVHdEZtaHI2dEhWcXhNVEt4V2ZieDRMVm5obVB3T3ZqV2gwb1RTV211ZHVCRlRzOFlJNUt0cjU1TG9YMXh6cUU2M1hMZ085MW4tT1owR0puU3NXZl80Tm5IWm0wR0NTLTdOQWRYLWhUX0E1bk02aW5OTUtjM0dBbTJzc2NuNUpsM1dabktQdmswXzA?oc=5
2026-08-19 03:00,The Motley Fool,fool.com,SoundHound AI vs. Taiwan Semiconductor Manufacturing: Which Technology Stock Is a Better Buy in 2026?,https://news.google.com/rss/articles/CBMi5gFBVV95cUxPeUdHRE1DZ3B6eEtZQ3BqRlRMeU5tU3dBRHpha0lwSlo1QVAwS2Q2a3NpbEZsWTlJV3N3LTRRWkRydkVCLW96cUtra0w0MjVQS0xtTkZNRC1YYjNWWWhHVWtkbzlUdFdhQTJ4dy04bThJSjlpSEowLXdCME1MMVFwR0hKem1rZ2JLalFBOXdBdDdyREFvdUUtSVp3SWVxQkdmN3hnQWNCUWJqZ1lVWWFzSmt4NUJhY1JUTTZYTURWYmJZOHBjSzRRUHBQbWl5WEx5ZkJQQm01REtqN2tiTnVaRWFhNWF3UQ?oc=5
2026-08-19 03:00,Yahoo Finance,finance.yahoo.com,Buy 2 AI-Led Mid-Cap Laggards of 2026 That Have Solid Upside Potential,https://news.google.com/rss/articles/CBMiiAFBVV95cUxPbGFSSjhUNXB0TGdzeXBFeENaTlM5dk9HVWVPNF9mcko1TkQ3V3dqX1pmQ0w4NWhOdFdsNjFyWnNmMFNYWWl3S2pENXZ5bm5oeHg5WGZ1eWR2bi10RkR6M3E1UVNGcmtsVkFzYXBDU2dGQVh1SzJRdW1qcF9IY3F3Z3RuYTZfbkdZ?oc=5
2026-08-19 03:00,Yahoo Finance,finance.yahoo.com,SoundHound AI (SOUN) Shareholders Are About To Vote On Its Merger Deal,https://news.google.com/rss/articles/CBMiowFBVV95cUxQVnp2bkRNcmotMF9mTU1TR1dVRzZhRmUzaHQxQk1LRUdBbTd0YnFEVG5BU3BGUnRwZ3AxMGVZTlRVcFlhT181dnlDdG9ONm9VT3RvSnlWR2hhdG9QX0UydmZxU3U5NVVjWm5XRm9uWkQ0dWJoOG53dUZ3R2dDdS0weGpJdUpNRHV1T0Q4Zy1RWVE0SkFJckZLbC1oLWVGbDdCNmFz?oc=5
2026-08-19 03:00,Yahoo Finance,finance.yahoo.com,Why SoundHound AI (SOUN) Is Back In Focus After Its Latest Update,https://news.google.com/rss/articles/CBMilwFBVV95cUxPNVhaRVpyb0draDMxeGsxN1VOclRKNm1NLXMzUmlocGVQOFItYTcxOHFrUkljY01uRWpER1FqZ2lLODhySEVUUjl6d0hLMlVjbVNsdV80VDJJTzl6T3diY1pET3V1T211MzBxLUlQUU1QZEdjZkkwZjkyWXhtQlhtcWVHOVFMMGFjR05fSnc0S0p4Yjg1R1Zr?oc=5
2026-08-20 03:00,Investing.com,uk.investing.com,LivePerson adjourns shareholder vote on SoundHound merger By Investing.com,https://news.google.com/rss/articles/CBMiugFBVV95cUxORUowM29ZUllndEJWamczMlhzMElxV1hfWmJzLWE3bFozUzhMcS1FSWtMVkhCRDk1Zm1yWEx5ZFZBNC16SUlNak9WQ3AzaWZ1Y29rdFRHcWFfYTRsaXM4OFBBRkV0SUpDbTZqMC1vd3JsWFN1T1lBWmNZek5ZNUpoZlhWbWJXY3o4RkxSOE8zRkN3Qm4yNktubDg4N1J5VEY2cHdJSkIxY214NlpaVXVWNHdOb0NUdFAxWGc?oc=5
2026-08-21 03:00,PR Newswire,prnewswire.com,LivePerson Reminds Stockholders of Additional Time to Vote FOR SoundHound AI Transaction,https://news.google.com/rss/articles/CBMi3AFBVV95cUxQSWd3Wm1KbWtaaHktNU9fVXRneEdLcU81SzNqaXJhVEpZSThaYm5xWUdpVno0dEt2NXZFRlM4Z1pzcjVmTWltMVZvY2VaWGYxRzltYU9PODVabFpaMmFsZVRGalM5UHNabUJKSDZmLWE4Zmg2Nmp1M1Qyb3YwYTBYYWZHdTFMb0txSi1GallQUFlHLVVieDFPVjdwbEUyV3p4UTh5SmRHWXlZUmU2eWxUdkp3UUhtb1hxYmNCYlR4ZlBfYnJwWnJJTTVEZ0daSjQ2VGh6V0hWZTgxbHI2?oc=5
2026-08-21 03:00,The Motley Fool,fool.com,Is SoundHound AI Stock a Buy Right Now?,https://news.google.com/rss/articles/CBMiiAFBVV95cUxNXzd6RTZHS0d1c0xNQXRtMjc5SDBjQXU1YmVjQ1dzM1ZtUm1OLXZ2NjNZb2ltWDRsZzA4Wkg4eS1Cb0FTRVpJUDNsWW5Ea3NueEZ3V28tS0dnQjZVRC14TlRldGoycFpvaUFsYnN6Wms5cWZQb3ljejN0cG9lMzgtWVlZSFhPeGRz?oc=5
2026-08-23 03:00,The Motley Fool,fool.com,Is This $7 Stock Your Ticket to Becoming a Millionaire?,https://news.google.com/rss/articles/CBMimAFBVV95cUxNWHRiU09JbXBFRVk2WmMyTVQ1d0RlWVdlLUFBQjFQNEJzR0RQMnZFdjl2TTBQR2xLSFIyMnc4c3V0RkIzNnVuOC1VOU1lN2NUZHNTb05XQ2N6WDhIRElNNlNXek90LS10Q3RsZlBnSE5jMUlOY2ktdVpfRzFPUUVfNnJkN0Q2ZUhvdVZYVDhxQU9YNGxjWTZXRg?oc=5
2026-08-23 03:00,Yahoo Finance,finance.yahoo.com,SoundHound Is Making a Big AI Bet That Could Be a Margin Game Changer,https://news.google.com/rss/articles/CBMilwFBVV95cUxPVEJSRVdHamd4eGNQQzhxOFZHLXZheVFraHdqOFlET1pQNE9kcWdtUjNQREFQcENqVFVxeGUyMkdMbkh4MEFHdlVIWmZRVVZoWUlDVkJuTUhkN2ZnVWk1ZWtqMkZQUU9FRWR3eFI5eDQ5MmVNLVFBTDZpcnZYYTJPd0FXTVZDcTI3dXJBMFVDMjNTZ093RWVn?oc=5
2026-08-25 03:00,The Motley Fool,fool.com,Nebius Group N.V. vs. SoundHound AI: Which AI Stock Will Bring You Profits in 2026 and Beyond?,https://news.google.com/rss/articles/CBMi2wFBVV95cUxPMzQ1MzB0RUstZEhkWlZIR1ZVanhrRnkwVDZLR2pvdVRuam1jWmM5ckNDT3NNZHVPVFNoU2NHMk9qS2xkNDdTT004eXotVFJ0WnRmbFVkUkNsRlZpUXFYdlF2WXNuY0x4Mm5LandPeHFSWnNScjJXMUR0UVFraWNCeHNVLXZ3MjJPaFhOeHlvODdEYjRVcDlQZEFiLVQwR1d3NXJBb3JmRVhqNmxOR1IwZnppUTUtWUZnVWdTR3VLclVBMWI2emwzNVJaUlJ5S3JTd2hWQ0JLMUNoTE0?oc=5
2026-08-25 03:00,The Motley Fool,fool.com,SoundHound's Powerful No-Screen AI Opportunity Faces a High-Stakes Fight,https://news.google.com/rss/articles/CBMimAFBVV95cUxQbEF4V1JnZUh4dW0yTFMwOEdVVllXTzVkOWFXdEtiV3FuazBBSDYydG80X1k4T3g0NjUyT2Nwd3NUSUxQX1g0UkpOVmhsY0VUUUVrVTc2UElaU09mSVBHMWJUUi1KQ3RpdDVubFh6bG9PR3Vxa0VEVWhpV1hJdnBaNldsZEkxNk5hMDNwTUN1d2VkbF9kRkR6dQ?oc=5
2026-08-25 03:00,Yahoo Finance,finance.yahoo.com,Prediction: SoundHound AI Stock Could Be Worth $20 in 2030. Here’s the Math,https://news.google.com/rss/articles/CBMiowFBVV95cUxNWDkyOWpuN1pWeS01Q1pIYm9mWjE1R1prc0ZxWHk3NHBlbUk1ZEJGRUhmOWw1ZWpwbDdZMlI2T2ZSSFlSSTlONEMtVXE4Q0xtNGVvZWtGTVVWZnZRV3ZuYWFCamlpY0lKVlVER3VjS3o5UUhLaHV2Ykc2cl9yMmYtRWQ3cEE1NFRWdGRpOERub1pSQy0wRkFBd0FoUlJSVVk2a1l3?oc=5
2026-08-25 03:00,Yahoo Finance,finance.yahoo.com,SoundHound vs. Cerence: Which Voice AI Stock Is a Buy Now?,https://news.google.com/rss/articles/CBMimgFBVV95cUxQV1FpQW9zdjVNWTAtdnFScjVnR2lNcFdlcDFRVDBLNmsybWQtSGlJaUtCUnkyYlNielNHNGl0cnJhTG1FVDloeTNETEhtV1VELTV2MnFUUk94c09SNVYxbkpWQl9EXzdBN0JlQURQbE40WFVLM1UyaUR1aFItSGY3ektmVHhCaTBDWlNvczF2RkZqNHVERmJiNHdR?oc=5
2026-08-26 03:00,Benzinga,benzinga.com,"Short Sellers Are All-In on These 10 Stocks — Squeeze Watch List Inside - SoundHound AI (NASDAQ:SOUN), Cl",https://news.google.com/rss/articles/CBMiygFBVV95cUxOVWVGTS15Rmo1X3dGVzNTekpGMFlRSlh4WXBKMWdvSUJobzVlYU04bUN0Y19uZ19BVmZEMnFyVmFZb2ZDOERVVlFSLXFxVm9xWnZ1eWdHVFZHRmFpUlVLU3hBbGZjN0xxdUx3TzJqWnNzYTEzMmh3WDZSYmlmT1ctWmJWTUFvYi16WXhPZDdEbnU5cVVZanNkOGpSOXNUS3VqTFRIZlhadkJhQjdZNDJuUDdvSGYxM1dJcmh0M0xzdF92eENYVkdnRFRB?oc=5
2026-08-26 03:00,The Motley Fool,fool.com,Not Palantir. Not SoundHound AI. This Software Specialist Could Be the Biggest Winner of the AI Productivity Boom,https://news.google.com/rss/articles/CBMi6gFBVV95cUxNYk1pYkxXYmxCT2pCQTNyei16YXNXUHJpQTA4Q3NiSmlldktWd0ZPUDRZV0RtWUNnZGtwLWNYRTQ3Z2hTTEhYOUVMUThpN0w4VXhIWEJqS1JTOW9KajFsOVJPZV9RT2k2MkJreUtTRzZGODV0ODhDRGZoTkcwVGIwTjIyT3VCdzFrVVgtQWJGN2dOYUNvbVZaRTlKVndYcXFwMjdlaFVDcGlHOHlZTkV0TEdRNkZ1MGs3NGxnX0N1WkN6WmRsVEZxVHRNUXJ5ZjA2M0UyaGVrMmJja2dzYU51Wk5tQW00YXdRX0E?oc=5
2026-08-27 03:00,Yahoo Finance,finance.yahoo.com,"SoundHound AI (SOUN) Stock Trades Up, Here Is Why",https://news.google.com/rss/articles/CBMinAFBVV95cUxOY2xCYjV2SXNUMjJzdll4VlhjQlFxUTVMTXNTbUtyLWtyX1dYVjQyUFB4WHljQ1R2dmVZclMzcVRQRlNJRDdIdFluaGlPcGZ0SkdOSkk2SmZfSlFvU0FmTFNVNHlub0YxUVpTUGxvb3VSa2g5Uml2ckQ3OXhlWmlLMVhZQ25KbzFrMTBqbVRLc05UTnNIckZ5a2pTLVM?oc=5
2026-08-28 03:00,Yahoo Finance,finance.yahoo.com,Wall Street Analysts Think SoundHound AI (SOUN) Could Surge 60.25%: Read This Before Placing a Bet,https://news.google.com/rss/articles/CBMipAFBVV95cUxQZkdhdGxCUlNud3d4WFN3cFhmMklKcXVfTHJkcEppcUtsZDZnOUR5UV91RWJqOW1FUU1fZ0NKZWpfdUxUMERobENNbU9GS29WdHg2Z2M1eDJzYkd1R1EyTHZrWlB6djRBZ0VYZkpMcWFuMEdqU0gzRVVBUTM3NUVzUzFDQkQ5NXB6Y2ZqalVtblZrTVJXN1JpbTVoX2ZLMUx2bm9xWQ?oc=5
2026-08-31 03:00,Yahoo Finance,finance.yahoo.com,SoundHound Healthcare Deals Surge: Is This Its Next Growth Engine?,https://news.google.com/rss/articles/CBMioAFBVV95cUxQN2I1b3JzOFNoc0Y3dzRsbWdBNWl5c05NaWwyNTJsZkxPZW1wUkcxeUg3S0c4ZEo4SW9GQTZXWHhVODVHTnVydzJ0ZXRzUDYzRFBHWWhCd3NIeFpzOEt0OGlJZmlFZmVyQ0ZUMGwwaVpvQ0oyU2Z0R2ZFNjdURHdPN3BWWjNBeXZyV3BEdUtOeTBKQlZ1NUlROUh2U1dqNzQx?oc=5
2026-09-01 03:00,Yahoo Finance,finance.yahoo.com,"SoundHound AI, Fastly, and Oracle Shares Plummet, What You Need To Know",https://news.google.com/rss/articles/CBMioAFBVV95cUxQZEU1aXMwVE0wYXZSNmhJZmQzTjZWNENPbHlENE9oWkdSRGdwSnBON0lCY0dXaHZPRXlnZUJMTlR0M0JaRVZlYVduVXMxR21Fd2MxdHVUbmZSazZXbFRyZTBRamRGWURObklJR3pIdDk5VG0tNVZheEJWQnU1UFhVVDM4bW1fOXF6OW1IcEhCbm5DcHdYaXNQR2MtejlIMXha?oc=5
2026-09-02 03:00,Yahoo Finance,finance.yahoo.com,LivePerson Stockholders Approve Acquisition by SoundHound AI,https://news.google.com/rss/articles/CBMiuwFBVV95cUxQc1NwN2prVmk1eTMwZTlvUmRmamZBUmpKcVYyaTJ6bEl6d282blFhdzEzY08yMWUyNmIxa2hscVE3d1gtcm9GcTduMUJnVF95V0R1djRKd0FnOUhKN3FyRjh1RmRqeHV6aERrQTNQQkJHREoyZjJrc2s2Ul9rbEF5MXAwdEJSNmVROGNxQkpMX1ByczktMEhxWWtqNFVtUWRrSlozVXRUUU5RcHhlWkpvWjk5TGw4Skd4SV9N?oc=5
2026-09-02 03:00,Yahoo Finance,finance.yahoo.com,Where Will SoundHound AI Stock Be in 1 Year?,https://news.google.com/rss/articles/CBMilwFBVV95cUxPcmtRX1E5WmJnRlF1TldyLVc4WVBJb3dQQzFYNmJyQmN0a1ZOSVNHQkZ3WVhqeDhtOUQwdl9fazVhYmdxWGJXRW9SU0lLdW1Eam9HMnk2bkJJeHJ0NTJxTHdKVTdJelgxNVk1bFhhd0xwVERvdkpZdXRhOEVvUjlrYUw1SnNyNzJLNFJTbERQQ0o0RlhISkFj?oc=5
2026-09-03 03:00,The Motley Fool,fool.com,"With Nearly 40% Short Interest, Is SoundHound Stock a Buy or Sell?",https://news.google.com/rss/articles/CBMilwFBVV95cUxQZERYeVNSNHNNQk4yMTlxbEVfbjd5OXpCYjZVdHJJaTBjelFGT2xvalk1dkV4X2VRMGRMWFVpZXNEU2VkeU0wZlI1b2MwRkhmSklhTGRkMjU4VHZhMVllVC1YUng4bFNDWmVwd29Ha0txOG1VUlNBeWpqUHZubHZ2MUVHSF9CaDB0Z0N0dDhXNGlNZ3ZNdkNr?oc=5
2026-09-03 03:00,Yahoo Finance,finance.yahoo.com,Is SoundHound AI (SOUN) Getting Too Rich After Its 188% Run?,https://news.google.com/rss/articles/CBMimwFBVV95cUxNanZyLXdObG9yMlJEZ0V2b0tDLUZEckptZDlZclB1WnBLZkFjUHBkenZFVlR5Znc1Z08wejdvRDY3M0l0UGZJN2JQU0dQT1F2aVZ2UzZSZjczeXhjajEyY2pYOTBidHZjZEh2dTRMNWZicDctdjM4SlZoZ05MY0RYZW1vYkczcnI0ZlFqZDRKRnI1cnRIQzltNVZxTQ?oc=5
2026-09-03 03:00,Yahoo Finance,finance.yahoo.com,LivePerson Shareholders Approved SoundHound’s Deal. Does Closing Solve the Hard Part?,https://news.google.com/rss/articles/CBMiswFBVV95cUxQVVpaT0tQUFlYcG9obl9KRXdxTXNFTHMtQzhEYmk3dDd6elRTWGlkYUF5TXRDRDJZdEJmV2Y2a19vWERudGp1NkZVY2sxV21CMnp1NWFNR0d6MHVvZUkwbWNLVXFSbTQ2d3U5bjhYdWRiQTY4d253aGw1M0J3MzhWeFpyenh0WXFvbjlwanNybWdmQTFSYjZkNzEzemluWDhZakpWSWpVdm0tcF9nOG9lcnpONA?oc=5
2026-09-03 03:00,Yahoo Finance,finance.yahoo.com,SoundHound AI (SOUN) Wins Stockholder Approval For Its Planned Acquisition,https://news.google.com/rss/articles/CBMiogFBVV95cUxPZldQX0RxMjRpRFdCaDQ4blpNa213SkFibW5ZbnVvS0ptOTVReTlTUFkzVmFtSDB4ZXVGWkZjWlQ1bWQxdno4VjRjeUpiYnNVMUR0aXJ3RjJNTlNQR2g2aFJCTHAza0dOTDhCT1hjWV9ibUxOQjE3XzBpak1lRVNia0ZlYm4wcVFMbE5GSWFENkdYNi1rNzdqbHd4eDctTzZNOUE?oc=5
2026-09-04 03:00,The Motley Fool,fool.com,SoundHound's Business Is Booming. Can the $7 Stock Double by September 2027?,https://news.google.com/rss/articles/CBMimAFBVV95cUxPRUJQT0JaYTNBaFhndXpZRDl2V09oVmhmZjdCQkpJc24wdlQ0ZkEwYmRrMzFQblU3X29WUVhtRDRTTFZrR3FtS2VieWlxSFpyckJjSVZPdFJjYlI5WnBtQ2NIeDJqZ1JDR0M2QXJIVWEtRFV0WFRkaERsc3BRZUExNF9mTDZZeHhRNHU4VXltbVJIY2hKVnZRTg?oc=5
2026-09-04 03:00,Yahoo Finance,finance.yahoo.com,3 Reasons SOUN is Risky and 1 Stock to Buy Instead,https://news.google.com/rss/articles/CBMikAFBVV95cUxPU0hkWS1LRkEtSzlMd1U5bG1WcFBuMkNac3lkWHQ5R1lyZ2RYLU1tY25NbWhJanczaGVSQ1pTbGtWbUFXRk0tcmM2S1BNREFJVFJyb3ZOU0NXdXdFMlN2alJGNWlQN2JHcHRCcXQxMFltVThuVlBYbThDMER5bVFVNUpRYTVHR0Q2NlFfcE9rVjc?oc=5
2026-09-04 03:00,Yahoo Finance,finance.yahoo.com,Why Is SoundHound AI (SOUN) Down 4.8% Since Last Earnings Report?,https://news.google.com/rss/articles/CBMilwFBVV95cUxQNGpCZWFCaTRFdjBhQWduWG5tYjNvNzc5NDAwaERKZUNOazBuWWNfVVkzVUI5ZER3aVhtMWhqUFN4empWeE9kUGs1MXZ3aEJuUGduS1lpQXV5bVdKbnpxaU1GSnFiMWZPSVQ2bEROWTRkRGdmQ1BlUUN4UDMtb0tpVFFrSlR0STZKcTl4UFNkMzhaWDhHWkVV?oc=5
2026-09-05 03:00,Yahoo Finance,finance.yahoo.com,Prediction: SoundHound Passes $500 Million in Revenue Before It Turns a Profit,https://news.google.com/rss/articles/CBMiqAFBVV95cUxQeTlRUTlTQUhtNFAzM2NTd296OTZfTXFMZUpDWXZMVlhCSDVxc2ZJVmRsemVMZXluQlJ0cVZPNF82NUZwM2J2bTZtanI2S3YtZnk3Snd1YlNhLWtzeXdVd0hqX3NfVlltTnp0TWN1TmlUallXYUd6NHJEQmlkUWN3TXJUSUstVW1jTWcxWVhTR3R0NUl2ZWZkdmFhcEE5cDNDWURkMUNnNGE?oc=5
2026-09-05 03:00,Yahoo Finance,finance.yahoo.com,SoundHound AI Closed Its LivePerson Deal. Does the Acquisition Fix SOUN’s Scale Problem or Import LPSN’s Weaknesses?,https://news.google.com/rss/articles/CBMiogFBVV95cUxPVXpyZUMtbWN6LTJkbVd5b0lpdjB4RzZ3SWVWU1pKWnhUTWlOWklvQ2lqbS1qV1l0bl9VZTZlRXhjM01OUWVNN2Jzb0VaLVptTldfRkE5U2syQW1wN1Z4b19QbjM3WEtEcDNFYUNwaXJoclg2NVpCU0dZZkdMaFJNaDNYd2V0SmEwY2lEeGRRaEdiSnVyNHRheXQxWFh5NVdPYlE?oc=5
2026-09-06 03:00,The Motley Fool,fool.com,Why SoundHound AI Stock Rocketed 16.8% Higher in August,https://news.google.com/rss/articles/CBMimAFBVV95cUxQWjFZV1BiNzVxakNObE84NUJJVUpsZlVpQkZlWHRzbk51c21vdU4zYk13czhXRUx6WmpJeW5iaktHTE5lNVFqZTc0MF9vTG93ZTE0ZXV1dF9VVHVRRGVBc2hZa25MVXNfaWpOcEhaeVhzUHhfSTUyTEY5X19wSlpnV0FUaXZIUWx0b0FFZEtFVlROUWFrT2t0Tw?oc=5
2026-09-07 03:00,Yahoo Finance,finance.yahoo.com,SoundHound's OASYS Converts Pilots Faster: Can Enterprise AI Scale?,https://news.google.com/rss/articles/CBMipwFBVV95cUxOLU9jUWs0SlB1MzRha3FPbHJoOVNiUkFMb3dGbFV2M3FaYzQzeE5SUVZ4NGFlRW5ydTdZSzByaFQyV2NldmZNSE0yWFJkVHpVSWVrZnZ2V29sMjJ4d1NkWldTQTVLNFZleGZGUmQyTDNzTklZb0ppVlRpZFBreTdzQVBYemNpUk1wSVBxOHY2ODRfUTgwY2lYU1UtbzBzMW9OQ2lYV0puYw?oc=5
2026-09-08 03:00,Yahoo Finance,finance.yahoo.com,"Zacks Industry Outlook Highlights SoundHound AI, Grid Dynamics and Telos",https://news.google.com/rss/articles/CBMirAFBVV95cUxNRHdvNHlLLVVUU2NXSXhMbFFhUjdycmpfR2dzS1ZLTVllQlFYMkRQaUxaQWZjUmN2Q19IZ2JJMEQwNDAxMWdpVlF3T21OWUdIN2s3TEp2QzBJNVF2dXMxOURTbDNZTHctZ0Vfd2tlQzBwYU9hWFNQcWVsSlhUZjA0dnNCcmFVWDdGc2YzS05rZFZOem5vNGRsLWRTSlk2eGZ5VTgtOXZHY0t3M2Fl?oc=5
2026-09-11 03:00,Yahoo Finance,finance.yahoo.com,SoundHound Stock Plunges 15% in a Month: Should You Buy the Dip?,https://news.google.com/rss/articles/CBMinwFBVV95cUxNTWFxN01HemsyTUVvU0w0aWVWOTU1WmlYX0xIeV9Va19BVEVBYVREZDFseG5GbGIwbUdtQkVlZldWUjFfSDRkcnN2Mm9xWFBBSUZoekVyUjlyTnIwUk1FbjE3X2ZYLUpsTUwtbzM1X0J5a3c5VGNSQzZvMnd0NU1DRGxMODgtMHdxbzVsY0huVG04dmlicWtycFBEb05PbEk?oc=5
2026-09-12 03:00,The Motley Fool,fool.com,This Artificial Intelligence Stock Is Down 71% and Could Be a Screaming Buy,https://news.google.com/rss/articles/CBMilwFBVV95cUxQaDM1NVFEZGk5SGdfWGQtaXdsNWtSX0prU21xTkxCX05KN3BnWmh3a2hMcmxKNnRSa1pVT1BLLVBGMmhqTDFscy05M3ptQWxQbm9zRkhlcENJMjFRNXpuYjlMT1BaUTVjNk1jbzRoUHgwdWtoLXdGdG1WWG5NcE5GTWZCdWFiNXc3dXdWM1MtMjRYZ2cwYXN3?oc=5
2026-09-14 03:00,The Motley Fool,fool.com,This Is the Biggest Problem With SoundHound AI Stock,https://news.google.com/rss/articles/CBMimwFBVV95cUxQNXB3UVFoaHJpcnRtWmFNUXlkc29xUHVWLUNrdnlNTnVTSEl4bGg3TEFzNWNMaHNydkxYeDhDcnlVTjVJcWFSUGN1d0NkSHFBV01heUNPNEQ4VDZtZ0J6cUU3dmg3Z2sxaUZMejlaUDhqWWhZcUdIaU94Wk5ZLVVUdncyQzFXcW5IY2hEZTZjc1l0VThPQ3p0V1h0aw?oc=5
2026-09-14 03:00,Yahoo Finance,finance.yahoo.com,"C3.ai Jumps 7% as Software Rally Lifts Beaten-Down AI Names; UiPath Climbs 8%, SoundHound AI Gains 5%",https://news.google.com/rss/articles/CBMijwFBVV95cUxPTVlHQkJYR213ZU1SUV85N3EtMWQybHZTLW90REZSaHV1ZkdydUs1OGdFNzNOQ2ZBUEE3WUVFcTAzVmw5RTY4d1NyR0wzRGsyTEdXRHZKb3dxWmZIbWhTbkJlQnR4dG5hdF9UclIxU2tnanRDcHVjaDZBTXpPZnF0eFZwYnFrMHE2ZHpQX1Q5TQ?oc=5
2026-09-15 03:00,Yahoo Finance,finance.yahoo.com,"SoundHound AI, Inc. (SOUN) Falls More Steeply Than Broader Market: What Investors Need to Know",https://news.google.com/rss/articles/CBMimAFBVV95cUxQc01IYWNJMDVBVTVxU3F6UTNZdUpGR2ZKOEtzQU9Tc20yM0hiMm1qREFQQWdTMERycDVmNVJnT0tJWGJMVHNFSC1KRWVrN0FSZk9YSFFnMjVlVzNrNXBWN1BVU1NrZzRkNUhOTUlNR3l2ODNwLWZWbU1BNUZSRXNTLTFRQVFpQjdEekR4eXhQMEM4QWVyczBkZA?oc=5
2026-09-16 03:00,Yahoo Finance,finance.yahoo.com,SoundHound Asia Growth Extends to 5 Quarters: Can Momentum Persist?,https://news.google.com/rss/articles/CBMinAFBVV95cUxNb1pZbXdDTUNSV3JtckdTal9aalhrSEgxZ2xpSWp0RnQ0cWxMcUlneXBZQnQ5cURGTkxVdUsxak1xQkJVdmJDT1ZYbGF3NHRtMnloc0dBU1RHSklZTW9YZk1BTEcwalZDZzk0OU9FZEpRTV9KeERNOGVMaFJxdHVORVJadG41Y3lYSVZyUXUwYnF3WWJzQ1c2eVVfOXU?oc=5
2026-09-16 03:00,Yahoo Finance,finance.yahoo.com,SoundHound vs. NVIDIA After Earnings: Which AI Stock to Buy Now?,https://news.google.com/rss/articles/CBMingFBVV95cUxPU2w5Nkk5Tml3c08yT2NCd2Y0V1dfOGVvZmJjcUxpR0FRSi1kaU5rU1hzcTA2MzJDdlJDN2tjVGdtQkE0MmZtSWU4NzdhR3h2NGVzZ2pLc1FZby1pRG42cUVSY1dtNHFxTkFuVTdyRW1HRzlmV0NMaW1lcTlDX21jODg0U3dKY3pMQ1QxbFpXVDhsMVdJbkRmaGtscGlXUQ?oc=5
2026-09-17 03:00,Yahoo Finance,finance.yahoo.com,Will SoundHound AI's (SOUN) LivePerson Deal and New CFO Shift Its Profitability Narrative?,https://news.google.com/rss/articles/CBMioAFBVV95cUxPQVI3NkZTenN0d200LWFBZmFEZnAxa3VhYlZRSkktOXBnbEYyY1hhUlh2MkVOUXF2V1prVWNGdHJYSXBBQzQ0MmFqVndoNXN6ay0zdTI4ZlFyV0d6bFBEbS1UbnlGaUVhU1k4ZDd1R2FsVUVJYWlJNmpyYVBsN2VVdTZfaXoyQnlDZ19yRjctY19FS2ozd0xxRDlvcktmU0oy?oc=5
2026-09-17 03:35,Yahoo Finance,finance.yahoo.com,The Zacks Analyst Blog Highlights SoundHound AI,https://news.google.com/rss/articles/CBMipwFBVV95cUxNRVZaVUc4QWtfcmZjVTNMNkVOT2hwZDF6amFCRENObXkwSVVqT0xyMW51bUg2OS1raU4zWVlBb0pITkd5aVpzQUxCQmEzT1R1RFQ0NmhkRExQeUhkNnpEOEFCTFRfQy04WlM0R0dKWDJPay1NSGRFV0JmYUhWWUEzMzhzUzVqS0dZOEFrTVBHTUhMcG9wSF9CR2FlZ3dWb2NrT2oxOWlEVQ?oc=5
2026-09-21 07:00,Seeking Alpha,seekingalpha.com,"SoundHound AI: Better Results, But The Valuation Looks Too High (NASDAQ:SOUN)",https://news.google.com/rss/articles/CBMipAFBVV95cUxOWUFyVTFaamJ2bUtBY0U3TmNIX1FJSU9aSF9oZml6S3ZTNmZiMXN1SlUwT3lhaTJIZkN1YkJYZ1l2QkFjZGhxNDNEM0p1dkN6emM1VkhqRzF1Z3EyYUtPbG5RVjgwaV9VZjZzbEdQU0dndU1CYmpzRWU4VWlKb2dDZjZhZjdURjBjOWJ0ODlrb3V5TVF0VWY4ZU1RNktsMTBkaVNqSA?oc=5
2026-09-22 05:07,Investing.com,au.investing.com,"Soundhound AI director Sroka sells $9,482 in shares By Investing.com",https://news.google.com/rss/articles/CBMirwFBVV95cUxQbFh0Z1hpMlhfcE1Qb2EwemZTLUtBeEthNzVhZ2lRNGltV0p0UFV6UjBvSXFqWFk2UkJIU3Z4aEtuQng0QXE1dGhrU0tQMFRoa1c5cjFGNGVHVW00d2s1TWppLXVqc1ZUanJqRjNRcWVYTGp2NjdqNE1hdElzS2ZkR1czWWxYQzdsVlNLWDFIWEFtM0ZFb0RRX2VjNGhaYkZrV2ROTE5DUDRFQUpDV0ZR?oc=5
2026-09-23 13:14,Yahoo Finance,finance.yahoo.com,SoundHound Expands in Banking: Can AI Agents Win Regulated Markets?,https://news.google.com/rss/articles/CBMiogFBVV95cUxQZzNIMDhUM29XNnVFWjl0X2dtTlE2WUlHUERZNXYyWU1kMEd5MEV3ZnpTVmNhX0FzbWNCdkZSZXV3ZU1TcjNGemUtMGtDTDFRcHVvYjB1eFcwcGd0UENFanpmaU1tZkpMaFZKWk5WV3lScFk3TlNvTjlqTnNwaU9QOTZsbXE5M1lzcTFtVnVzR2czRlhzOWR2a2w0Ynd6ZkJTUmc?oc=5
2026-09-24 08:09,Yahoo Finance,au.finance.yahoo.com,"LivePerson, Inc. (LPSN) stock price, news, quote and history",https://news.google.com/rss/articles/CBMiUkFVX3lxTE5yTjVNTEtvUnZpY3pOOWxsUUtsaDRfSGE5bXhWVThnR18tcDRNa1J3RWVTZXI2cjl6SVVqeVZpb1FqTkNDVXdtQmZoNHY5V0F3VVE?oc=5
2026-09-24 17:30,The Motley Fool,fool.com,Cerebras vs. SoundHound: Which AI Tech Stock Is a Better Buy in 2026?,https://news.google.com/rss/articles/CBMiuwFBVV95cUxPMXluRFN1THhuSy1wbU5OMVNkenpKQ0ZrN2h4ZXRNcmllb3prNlZTcmZybUIzYzdBd1hEUlpUYktYbGpydGR1Y3RxRUlzcU9HeEZWSzNqV1BlUXFYXzRJclYxVmhsbGxMdnNreUQ1cTZ2WHRMQUY0UXZncGhrVThSVUJDR0doMzA0QXZkSUFsT3l0eDdrTl9QeHRnWl93MW5RYVVlaEpzWG5femp6azdQblpoTUVXcjlpOVZr?oc=5
2026-09-25 09:45,Yahoo Finance,finance.yahoo.com,Will SoundHound's OASYS Edge Expand Its Embedded AI Opportunity?,https://news.google.com/rss/articles/CBMipAFBVV95cUxNR05tMVdlM2xZbkZYdE84RmhEUVA2UWN5QmkybkZLUGRzWnZ5VDJQUFU2TTVwc0syNi1DMHZXUkZxbklkaDNHLTNGQnd5VHY4U3ZQUnVlU0lHZHFrRkJpZzVPdXpuZXdLTTczWFhZQk5RY1pVUlZNSXZCNWtfNTZ3b0RzaE9QMjlTc1ZLN2pzd203U2NlTlQ2SWw3YWNUM3dEUGZCMA?oc=5
2026-09-25 22:00,PR Newswire,prnewswire.com,"SoundHound AI Investigation Initiated: Kahn Swick & Foti, LLC Investigates the Officers and Directors of SoundHound AI, Inc. - SOUN",https://news.google.com/rss/articles/CBMijwJBVV95cUxQdW1xUE43MUVwTVRfNFphM1V4YmhILWN2aC1vMHc2S3YxNzRuMmFfcndUX18wbXhvckVYMUJtQU9MNS11U3dsc1I1d25DV1FWR3NzaDZTVzc1ZlRDcWF1NTg3VWVGUjJNU19UM3ZCMWg2SzdpWG8waWFXc2RBNUVrZnNteFF4aTVDVDJOeTlXMWtzZktjaUlJbDM4bDV3Z2VveEtzUVRKZzh6Sm0xZG5Ba3lfZGt6TVpvcTVVV0k1dzh4a21QS21YYnRzZUF2UVZ2WDUxMW5kTUIxT0sza1lMRWRiYjVqb1kyQ01DbXRLY2VvUm1nS0VtdFRkNzViaVBLSVoySGN2S3U4a180ZTFn?oc=5
2026-09-25 22:42,Yahoo Finance,ca.finance.yahoo.com,"SoundHound AI, Inc. (SOUN) Stock Price, News, Quote & History",https://news.google.com/rss/articles/CBMiUkFVX3lxTFBoM2hMeTVwekhibkZGZDRNWWllUnlVQi1Tc084b0xudUhWVzY0M1JpOW51OWNWTWx5ZGxiR2wzcTlqMHhRM0pRZXFkSjB2ZzZPRHc?oc=5
2026-09-27 20:55,The Motley Fool,fool.com,SoundHound AI vs. BigBear.ai: Revenue Trends Reveal Key Insights About These Artificial Intelligence Companies,https://news.google.com/rss/articles/CBMi7gFBVV95cUxPSU5VMklYak1RZ3Z1cWxxcFhQQ2FHbFNqNV9qYjE2Tlk1NWVwTU5VcVNQSHBnbko0b2FkYlo3YVlVZVNqZldkNkhFNjlhbjcwY0dBZzhzNG9KdjI4czUxRzlIQkptR2NJQTZ3eFZqRk5zdm94ampVMGJMc2FyRWhzR2o2Y2JWMUpsS2tTSXZZOGNyVFZCYU80ckwzRzdUXzJOdHRWSnF6RG4tcnpPRF9uZG94Skw5MkFPRWdGbkNrZHIxNl9PQlpHSU84dkhWTWlGVl9EanVvVlVrVjl6OFc5NllJVEJkS085TG5DUEZn?oc=5
2026-09-28 17:27,The Motley Fool,fool.com,Innodata vs. SoundHound AI: Which Technology Stock Is a Better Buy in 2026?,https://news.google.com/rss/articles/CBMiwwFBVV95cUxOWFpxSnNoc0V5Q1RnVTRxTUo3cE9CbERBbWRGRUpDXzM0ZE5hcXlVNGVmaWJaay1ETktMRDY0cXl6Vm5zVEFmNnoxNnVleXVWYUJSMlc5Z0swLXpTaGpuYTBGQUZoWXdQTVZSenFoNGpBZkkta0Y2c3AzYTc1TFRYNWdxb3loOVZ2RzMxNWd0T0QxbkJrUHEyXzhidVBvcGR1STVaV25Yakd3c0E4eVJVMi1wNWlhOWRVVkFTd1ZoRWZsanc?oc=5
