Published,Source,Domain,Title,Url
2026-04-27 03:00,Benzinga,benzinga.com,Tesla Shares Rise 4% After Key Trading Signal,https://news.google.com/rss/articles/CBMiogFBVV95cUxPaEozRkNOVnlyTk9OT25tV2EtbzRnTlZyZURsb2ZoLUx6UEFYdWY4V0FuLW13a0VfcS0tZklGa1Q2dmdvT1Z4RTNPVzhYbzVLamwzSEM4VHVBSXBzUG41UEYyeDN5OVF2YUswUUM4VFNZalA4TklHdlR0MTgwVTR5cGV5cXQ4dUt2QkF5SFE5cDVhajBMNFkzQVBrVE5IQUo4Y2c?oc=5
2026-04-27 03:00,Business Insider,businessinsider.com,4 Tesla owners react to their FSD dreams getting crushed: 'It feels like a bait and switch',https://news.google.com/rss/articles/CBMimwFBVV95cUxOVVp3ZGptcnY0NVpPSm05Mml5WURYSy13UVFxVEdnT1dnd3Y1OHdsOGNMUEJqQmoxb3hjX0JuVjRwOEJjdEJQdGFzUExNdm14Wmh6OGRTM2RGWkdfc1FpYnZpSXZYd0dUb1BHZ3M4Wm9HM3UzOENGRGk5ekxETVZydlJrNFBlb3FtMWV1Ykt2VEJZV1hPMXVnQVladw?oc=5
2026-04-27 03:00,CNBC,cnbc.com,"Here are Monday's biggest analyst calls: Nvidia, Apple, Tesla, Micron, AMD, DoorDash, CrowdStrike & more",https://news.google.com/rss/articles/CBMigwFBVV95cUxNdmU3Z0ktd0xvUzdVYXhsUUVKTU1VSWpiSXFNMi1NT2pSdXBtQjMtVFczYTN1MVE3TWpXSEswTGZycnRhRlVYR2UtUjA1M0tNS01ET1N3YzlObGN4bmR2cFpnTmdLUUxhNnVhcmZTMm9sTDVoVmVJdHJuYVpqNHN5aER2UQ?oc=5
2026-04-27 03:00,Investor's Business Daily,investors.com,Elon Musk Registers 304 Million Tesla Shares. Stock Sinks.,https://news.google.com/rss/articles/CBMib0FVX3lxTE8yMXVWRGQyc3k4QTAxVGpXS2Z3Y1NsRHVrTERCU0dwaV9MUWkzY0ZfRjdOWmlCckF6eWw1R0pSOV9QQ1hJOWRCOFM0REdDcmZmeUx0bW5jQWtjWEhBeElYanI0REhzbzhDcl9sS2R2NA?oc=5
2026-04-27 03:00,Seeking Alpha,seekingalpha.com,"""Tesla: AI And Robotics Shift Is The Real Story""",https://news.google.com/rss/articles/CBMilwFBVV95cUxPZlJlQVhKNzRrMFNoVXJLcHhsT2tDMmpPcUVwVDhuWkFsc0pqcjJzSlphaXd6MjhENlJHaU1NUTlDMV9DTnZ0dnhvdDVXRDVCcl9RTWtCNWVqMWZLdnMwMk9xaTdDNnEyMzJ2cDBqRGd3SnNWemVOdDdqdHZ1YU1zakdHVTNnNEhHdy1abjRLWkZNRWt4S0s4?oc=5
2026-04-27 03:00,Seeking Alpha,seekingalpha.com,"""Tesla: Why Q1 Results Were A Disappointment""",https://news.google.com/rss/articles/CBMiiwFBVV95cUxOTzR2TndWOEx3c2NBZXlmREFJYnZGdHBhY1htM09HVFZaaGdVb1VncHZoR0xmOEcxdVNSZzVpaVhpMzVLZmNrZ1RBQVgwLUE3aHZIeUp5dTY5YU1KelAwWTFfN05VNncxMkQ3Q0k2ZWh4SFFhenNNV0lma2hSRGx1dl8zTE9YVzdMX0Rv?oc=5
2026-04-27 03:00,Seeking Alpha,seekingalpha.com,Tesla Q1 Earnings: Catalysts Galore (Rating Upgrade) (NASDAQ:TSLA),https://news.google.com/rss/articles/CBMilAFBVV95cUxNeWdNQ2FmSTNEeHcyQUE1bDVQd2dxRXRRT2p1R0ZfWFZiSTQzT1A1WHkwbzFNYXZUQlhXbS1GYWJNNW1fRHQ0R0JhTmNPc3BUWG9xa2cwTHFTMUxYb2JHaFhPUnhiMi1JWTFObElSTVhBMTE2cVRjUWUzd2FRbmljbXlBUjZQMkV2TmMwM0tTZUppLWRk?oc=5
2026-04-27 03:00,Seeking Alpha,seekingalpha.com,"Tesla: Recovering Car Sales, Plus Non-Car Catalysts To Drive The Stock (Upgrade) (TSLA)",https://news.google.com/rss/articles/CBMiuAFBVV95cUxNektaWGZfVGMySE5Fa2pPLVZFOEZodGo1MnY5RkNQX2YzVm5Lb3Z5Qjg2blpqMmI1WTBMRDhPNjd4NXBmUm11dXFzVmNVdDhwRTdramZ0b1haN0xTa0I3ZFM2UEcwendZMGF1NzZ0YUF2bUxiaXYteWUxdWt2OU5teThJMVRuU0dCOXBfOFNBRVVNRndRclhjUDFMSzhXMHVlbDUxbVZhRFJMb3FUWGlzRVJoaGxDX2lE?oc=5
2026-04-27 03:00,The Motley Fool,fool.com,"Elon Musk Just Delivered Great News for Tesla, but Don't Rush to Buy the Stock",https://news.google.com/rss/articles/CBMijAFBVV95cUxPYy1BVkxOMEFBUTdERURlOTJMZC1Na2RZem9RcGRxNWZUSW1MRXZCMUctR1RyMlpiMmNBX0QwR29XWlItLVRkSTRHTXBCMnpzN2NJZVNTQlM3a05WWllULUYzbDBEZ3kzblg2Skc2allSTlVxamFQdHQ2aEtTVmhIVzNSNXBOTWNETjUyNA?oc=5
2026-04-27 03:00,The Motley Fool,fool.com,Tesla's Earnings Were Underwhelming. Here's Why They're Not Likely to Weigh Down the Stock,https://news.google.com/rss/articles/CBMimAFBVV95cUxPSEgyRU9SaWlEQmgwU3lsV2dndkVwQ1RGZ2pxdjl5OEhUaWl4UUFzYVlFd01Db1FMZlE1SmFJdEpCU2ZkaHhreVZGWjdyYzlTWUlpVGg0V2p0cVJtVjl6MzhvM3ZxYnJqaVMxVVJ5WmlxQXdzT0cxQldkT2o1emRRMnJXTzVoU2VhbW0waG1RS21uM01meFVTNw?oc=5
2026-04-27 03:00,Yahoo Finance,finance.yahoo.com,Tesla Stock: Is Wall Street Bullish or Bearish?,https://news.google.com/rss/articles/CBMinAFBVV95cUxQOTVMZnBUa2MtUmNmRk9RSi12NXlCa1pvY3BQdThCcXA0aGliZ2ZyOE9RMG5KZ1BCYm1mbll2S2lfZWFyZlk5QmNycmpUYnBlSTljYVVMWVlvaUlsRmF6a1AzTC1Uek5JYm95WXRvanVybkVEQUhjTzhjWUNvaXRGMHVKN1BTaGtFcEpVQklFZTRxdkZIcmMwMlZDLUc?oc=5
2026-04-27 03:00,Yahoo Finance,finance.yahoo.com,This Will Be Tesla’s Stock Price In 2027,https://news.google.com/rss/articles/CBMikAFBVV95cUxQb2N4VFpiYmZGVk1kaHFrWVl6NndjenNpYmlONk1iMWNEWG1WaUZpVU9GSGpYci03aF8zU1RtNjV4OHRqNGVPazZOdGRJMGJDN0lWdldfZkRLbUt4b29FaFNoeUl1bmJYbDlFTEtWN0VWYWdLX1l0R1U4cFJfeF9GZXVQU05yUE9pc1pFMVRPMnA?oc=5
2026-04-28 03:00,Barron's,barrons.com,Tesla Officially Registers Elon Musk’s Stock: What Investors Need to Know,https://news.google.com/rss/articles/CBMijAFBVV95cUxQRmJTQXlTS2xGQnFQQ1dGMVJWSlRvWnQ3OEtvUWpIdm9ZcmFLYU9xWWUzdHR4WXlEQ0VOd3ktNVB5ekpjdXVGdW9tUE9fYW9UQmkzcXB1TlhubWRLTlozQVMxWUF2SFA5SDg1TUQ5ZHBNV21rNklTd3YxdFdDbmhpV0pzU3lxRG1WSmFSLQ?oc=5
2026-04-28 03:00,Benzinga,benzinga.com,Tesla Stock Is On The Move: The Chart Tells An Interesting Story,https://news.google.com/rss/articles/CBMiwgFBVV95cUxOTFEydFJyRUV0S1otQV96Q2FKNVJHdkYwQkhIZXRqMF82UmZvRG5YNDVlU1AtNXA2MGJOd3o0NHFZQUdPdEsxb2ZSdXZuSVBuMW9OZWMzSlg3SVU1UVlIN3ppOWJnbElSbDZjUUowNTNTWkxHYmVfSVVGcnY4MERXZXdzYmt5RTM1eXh5dkpLaERMaG9hUVMzbVM1Q0ZOY1d6VWtYTURpQkcyTHdBdVFPV0UtTzBLbjN4VDV4YVZQM2M3dw?oc=5
2026-04-28 03:00,Investing.com,investing.com,Barclays reiterates Equalweight on Tesla stock as Musk pay plan filed,https://news.google.com/rss/articles/CBMiyAFBVV95cUxOTF9Nd1ZKN3BoeXJuektWVm9HbEJhbG15RnFqUzE1cm15VG9ST0dXNTVEZXpVOV9xd3c4R3JnOGkxdW1Bb3poV0xQSTQ0c3BiUlBSUnhZUnliZVR3TGxvTGh4aTFiM25xSkZwS0NtMWo3a0NXZGotb3ZHeEY5N2tZNmtEWUZhTXpqSVEtVVJSWXJzRVpCa0YtSDNMWmVBbGd5YVlRWklYYkxOQWVoR2gtcmcwdDR5aGd1MkliT3htSVltXzRkd2h4cg?oc=5
2026-04-28 03:00,Investor's Business Daily,investors.com,"Report: SpaceX Ties Elon Musk's Pay To Mars Colony, Space Data Centers",https://news.google.com/rss/articles/CBMilgFBVV95cUxQc1REREExYURyMmpjR1J5ZlBqd0VObTNuOHllVUpoZ0hUTEFqdkR2SGpOelZGaXNSeVc4b1MyZVc3emRiNlRaeUR5T2xlTGlZVENRVmtORkF4dGF4MG1rMEJGeDZ0NnBmRkJQanRJLW9uY1c1c0gwRGFCel80c2hOeElFTE9wN19JVWFFNURIYXRBZ1VqUkE?oc=5
2026-04-28 03:00,Investor's Business Daily,investors.com,Tesla Rival BYD's Earnings Dive. Flash Recovery Coming?,https://news.google.com/rss/articles/CBMie0FVX3lxTFBYUW9JTzBuYXJSNEV0M1hUaDJoTzNvOU82Z2stUlR4YzZjb2R2bVVIUVRBQUd5TVotVTVPU0YtOE5EMDRRTXBNbnNDQ3JfY1otV2ExQTdzMmdYQ3A5N2p1UU9mWU0xSVB5c0hSRzhaTTJRX21OaWFMa21iWQ?oc=5
2026-04-28 03:00,MarketWatch,marketwatch.com,Tesla and Amazon prove investors aren’t trapped in the short-term thinking the SEC fears,https://news.google.com/rss/articles/CBMi3AFBVV95cUxNb1h5UHZ4YWFhMjdJVElfQXB2cjBRaGRYQWxTX0JFeVlsVEZ0WEVRQnB5d3lpMHd3WXZScHBNWjJNMkhaM0hrMTYxMHgxTHRQaXFfRGdaUEgtRWEwNFhRdVhXbVpUMjNoOXN3R2ZsX3JyTGtRM0dvSWxGb05YVEw2S2FURjdUOWdvQ0J3b200WTJXRmJjLXlwSmY1N3NEa0JIa1NYMWhlTFQ0OW8wYW9VV1IteUxSWjdyX29MVE5xU3RaZW8wZXJkOEdjLXVTa0MxU3I4dDVtYTRsZlRu?oc=5
2026-04-28 03:00,The Motley Fool,fool.com,Great News for Tesla Stock Investors,https://news.google.com/rss/articles/CBMihgFBVV95cUxQVENlTnBUZi12aHZCMi05bDEzSFVOYUlTa2I1RFgxTWlONEk1bUFOZElBVTdENkF4QWJOaW9OWGJZMUswSU93TjkxNmM3WUliS25BakowbC1nWjh1Q2Z1aGtJMjVtTjVkUEtOV1VETE9NMDc0YmZSdWYxSEtQSXZHZ3NEZnVBUQ?oc=5
2026-04-28 03:00,Yahoo Finance,finance.yahoo.com,Possible Tesla SpaceX Merger Reshapes AI Story And Rich Valuation,https://news.google.com/rss/articles/CBMipAFBVV95cUxQUXRZRUwxWE9ZeERhbHVEWkpzUE1jSVFqM1g1UVdJaFhMczAxeFZjV1VieGhOUHJUU19pQi1aU0Z3YXBaODA5V0lOSk9Ba3NtV3dfT3lqZWlXajUyejNsTlVmaEpjX3JCWHdlNDUxaVNsQ2tCaWEwQ2hkcWUwdFE1aWQxVUI1Tjl5M0NTbWduOXlfOW9zRTRJNm9YdHNjRldoMWNaRg?oc=5
2026-04-29 03:00,Barron's,barrons.com,Tesla Stock Falls. Elon Musk Talks Up ‘Special’ Optimus 3 Robot.,https://news.google.com/rss/articles/CBMigwFBVV95cUxPTXhCYkFLLVI4S3BFTnhBVy13RWZBQTBFa0dvdW1hdzZsZUY4NFJGMl81RXlTQTJHQVM0dnhHNTEtcjdvODdtVHRjTF9LUVBKakhoeTJmZFZCY1Q3b2pBUmdVbVhwMnJEWEhlVGxIc2xKYXdlYk44dC1jVkFwQnZSNVFpWQ?oc=5
2026-04-29 03:00,Reuters,reuters.com,First Tesla Semi rolls off high volume production line,https://news.google.com/rss/articles/CBMivAFBVV95cUxPMnlPRGdvV3FjZ2tkNjZ5akdGZkdLX1FUWnl1R25LdjRlTDhpU2JXc0NPVFFNekNmbGhWRjVndGtrUmt3Y2dxQkhOOGhMbGhBUjZVOURicFh5bEh0NzBla01tLXlwaHUxdjZHTnNBRzQxWGtyLUEzbmtIdWw1V0trS3Q2eTBnU0RzOXZGY3J1TWphVUJRT3RQSk81eGpHUFdQZnJBUXI2VnU3eFE1NW9QemVlMEd0NUxDT3EwWg?oc=5
2026-04-29 03:00,The Motley Fool,fool.com,Tesla Stock Investors Need to Know These Details,https://news.google.com/rss/articles/CBMilgFBVV95cUxQQl9CSnJoN0Z2VUlLTHRWcTloaF9idWhpckxvMF84OGVCYlgyeHJ4LVNZTTdScE5ZTS05UUdjTks0U1lWbFdqYy1MLU9mSzVpaWR5WjVpTU54YW5QZ2s5WTNlT0lzZVExQ2ExbjNzMGdnTDBoWmt1aUd2ZXRJWVkwMnQwRC1tLUlOY3ZxRi1kd3FxQkR1Q0E?oc=5
2026-04-30 03:00,Barron's,barrons.com,How SoftBank Can Give Tesla Stock a Boost,https://news.google.com/rss/articles/CBMiiwFBVV95cUxOLXhhM0t3LWdJSWw4R3ZVUXJOQ1BIRkZjX1JPZ3dSVTg0dC0tYk9mV1h2Njc3em9oWTZJX0tUeHBYM2t6N3pwYmFtdmZpQmlfaGhZZEw5Zy1UWm16Q2JnVGpWb0h2WlZXZmc5LXRkQkxON0Q5dE5FalJ3NUlJMjZKWG9GcC1SQUU0M2Y0?oc=5
2026-04-30 03:00,Benzinga,benzinga.com,Tesla Shares Rise Over 3% After Key Trading Signal - Tesla (NASDAQ:TSLA),https://news.google.com/rss/articles/CBMiqAFBVV95cUxPeXJaR3BRZzE5cjdBSW44VkhxV0lKTVljMGJHbkZwRmM2dDJCNkxhMTBFd3liMXFyazZKc2FrUkxMMV9VWDdxcENlaXIxUUtjd09fSWRtWmk0MndaWDU5NjNXSmREUDFhdE5xVkNiUnh3VjhJSGJsNTdQbzJtUS1VaVlkSkZpOWQ0ZjZ0bEpOMkhKaXlnbm13djhrMXpTOVQ0eHhQeTM4dWE?oc=5
2026-04-30 03:00,Bloomberg,bloomberg.com,Tesla Made $573 Million in Sales From SpaceX and xAI Last Year,https://news.google.com/rss/articles/CBMiswFBVV95cUxNUjQyemNDeEZFdE9vNlBKYjQ0MUxpX3NLZlcwQlNtbkdsTnJWTWQycFhpckwxVmd4d2VOUWMzWmtmZHNaaDlBb0dBUDB2VHRQZ0xsaUdJYzRCd0tPTkhzY0tYRExXZ2J4cWVLMkdoSVlNU2k3bjFVUUlveV9jeDFHeGhMck5WUWlqREV6V3Z6cGF5bXVwVEpMVllBZ3JJaWFHOGJQWUl5V2xBSzFiLTNCT0dnZw?oc=5
2026-04-30 03:00,Investor's Business Daily,investors.com,Tesla Begins Mass Producing Semi Trucks. Stock Rises.,https://news.google.com/rss/articles/CBMiggFBVV95cUxQWFVYcHBDYWF3b3BremZJeUx0eGU5MUZILUdxRmRZNE9CWjAzY2xkeEl2UHRiOG96eGJyN2IydnhvUFJkcFhIcXZOcmZVV3BRbWpzb2NlOVdTNnpfdE8weEZpUzFhdFVHLTc4SnBERC01RG1uSjRibmpNS3pBUmZreE1n?oc=5
2026-04-30 03:00,Morningstar,morningstar.com,"After Earnings, Is Tesla Stock a Buy, a Sell, or Fairly Valued?",https://news.google.com/rss/articles/CBMimAFBVV95cUxQdFpqYjNWcnJmWWszSDNrQjRfZHVDdE53ZGhsb3M3S29Dc3FDZENQMGRpZzB1WHZ1MmJYbm8zaUV0RFR4NVhlQllrTy1ZYXJDaUxfX0doYjlqdDNacV81RWtaQkZJQXlZbFljOTNNRWFjTld3ZU1JVktPclpCUFZ1dVFTUHRVVHd0VTdPSU1wd0pRUVFqQXQ2QQ?oc=5
2026-04-30 03:00,The Motley Fool,fool.com,Tesla Stock Is Outrageously Cheap. Here's Why There Could Be Another 100% in Upside Potential.,https://news.google.com/rss/articles/CBMilwFBVV95cUxQS3k2QkZHdnF2ZFFTX2UtWHRaQWRiOW81aGZqS3JpT3hjT2RZRXBlajRsd0EwcXR5OFZxQVZhTS1NSmt1eFF2am1MWk5NWjJJSHNORDc0ZnFmSUNQS3FOaGFZU2VYakExRkN2dkF3czFxNkxMT1g4U3F4eVhhRnotRlFYQ2pya3drUlVrZExiTzZFYXE4SmxR?oc=5
2026-04-30 03:00,The Motley Fool,fool.com,Where Will Tesla Be in 10 Years?,https://news.google.com/rss/articles/CBMif0FVX3lxTFB3VG5RbFI0bGNaVWs1Y0hPZl96R1N0TFNYVUxKY1l4SE0xVGtNd3hvX1lqaER0UlgwdEJqU1ViY0Q3cFR2N3BjRzJKdlR2R2RpR1J4b1NWaUJnMnhjdEhNcFpuNk1WSE1xbmR2RkVRdEJLRllzNUlVY0xCRTllWGc?oc=5
2026-04-30 03:00,Yahoo Finance,finance.yahoo.com,"The Zacks Analyst Blog Highlights Tesla, ConocoPhillips, Parker-Hannifin and Coffee",https://news.google.com/rss/articles/CBMiogFBVV95cUxPVlRxZENZcnZNOFhaSmh3QUM5dkVKZTNjb25KWEw0NENINGRNOUxwSFY1V2pvaGFEdU1DcktCek5ORVNiVHFrZGp2M3hWLU9BTUYyYnNVWnpBcGpENE5LWlMtTXI4cF9ZOHQyYWRIZWxWV3RvWElYb0lmSW1ZY1ZOcERDYThTbzBSVjNwSWRNVGFYYU1kNTJNOWVzUmFKOFBGRVE?oc=5
2026-05-01 03:00,BBC,bbc.com,Elon Musk's latest Tesla pay valued at $158bn - but he can't pocket it,https://news.google.com/rss/articles/CBMiWkFVX3lxTE9VSlJIUmhvSUktZG14dUREcjE5OG1qSjI5ZUthaThvdjJwSHlVVnB6MUxiXy1nVGZ3bmloaTh3cWV1Vmg2OWtYQ29FbldhX2o4aTNFV0tQSUNlZw?oc=5
2026-05-01 03:00,Barron's,barrons.com,The Reason GM Stock Is Beating Ford and Tesla. (It Has Nothing to Do With Cars or Tariffs.),https://news.google.com/rss/articles/CBMikwFBVV95cUxOTlZkZzJDa2NCcl9kcENFc0VhZ1R2NWc0Znh3TWlVZzV6bUw0TkI2OHM3VVRqSGhJT3ZaTUE5S3FkNkpOMVR3WkdrMXZROHdSamtUQ1ZibzlMNVAzbkc4eUt2cm1BNHBCaHdtZ0NRNWJpc1JDZng3TFcxaGN6US1mMnY1SFlhUG81bFB0eDJTakM2UFE?oc=5
2026-05-01 03:00,Bloomberg,bloomberg.com,Elon Musk’s Tesla Compensation Totals $158 Billion for 2025,https://news.google.com/rss/articles/CBMirgFBVV95cUxNU3prVjM1NUZaVG5BTHJUVHB5Ymg1UVg0Wi1iaF9lWFUtVVhSUXFwb2U0VVctZlhseG94WE1DNFgxbERNbXZWX1dTd0dfNThMMF90SnNGdDd4VldwZV8yZUw5TTh4bE1LWW40aGl6YTh3eHMxSThkblZoMFdFNy03WFZ0RDl5c1VORUpvTUtYcnl3Qnctdl9hNl9EUUhUcUN0Ui1XZWF6WEt4UlVLbnc?oc=5
2026-05-01 03:00,Bloomberg,bloomberg.com,Musk’s Payday Is a Lot Like Tesla Stock: Full of Hot Air,https://news.google.com/rss/articles/CBMixAFBVV95cUxNUG56UGdsN05FTE5iSmxUTzNDXzNySFFvaTFZZTREM3RMenY3RmE1UDl1cHo0eFBLS1FkNHZhY2V3MXZFa2pCZDVtVXpmaDZjZ0RmX0FGX0d4Mi1VVEZSb05VNXV0WThSeXhEb1dWRHlJSG9oMkp5WllFN3c1blhYTjRGRkRDWFBmZldxMEpnZ2FuYTY5cXdXTExYaXhyOHY0TEZNSnRqbmVDeUpHTHhlZ1VTYWdPb2xoTW52dWRyOVhaeUpH?oc=5
2026-05-01 03:00,Investor's Business Daily,investors.com,"Tesla Rivals BYD, Geely, Xiaomi See Sales Bump. These China EV Makers Decline.",https://news.google.com/rss/articles/CBMikAFBVV95cUxOXzByTzMxS2Q3dTBCczlhY3hza3hwaVBGa200QTc4a3hhcnExUVhBWEIteFA3NTlRcVVYdzB1ellfcndkVmxEcW9LT1FJZ3JYQkFWRXN4VjZ5cUNrUDUtRldlLUZZOGNtbC1lbzhRM2dvNWhyWU93d1d2MkQyRi01UUJ0bjBhLUV1RUlxOTF2Q1A?oc=5
2026-05-01 03:00,Investor's Business Daily,investors.com,Tesla Sold SpaceX $143 Million Worth Of Cars: SEC Filing,https://news.google.com/rss/articles/CBMihAFBVV95cUxQRFZWbkxlR3d1OHlhblp0cDVCUVFaRHFPWEUyZjhFQk82M0p3aHpyNWZWRXhyZ2FnS2c0OGtpRjVkeUhaWXQwd2lYRjQ2cDB2eHlFWFFrMXhDWXFuR3RmUWJrV2pBQUNINjBSaWctbkNVT1RwYWJsUXRHZ2NCSnVEUG9jOV8?oc=5
2026-05-01 03:00,WSJ,wsj.com,Elon Musk’s Tesla Pay Package Valued at $158 Billion for 2025,https://news.google.com/rss/articles/CBMiqAFBVV95cUxQZkh0YktUYjljNHNRbjk2bjlYLXVydV96eXpGaHFseXJuUHNFNTVBRGVVM2dRVnVIaC0yQkd4VjJsbmR3ZlpsMGtwUHpkdW91N01sS0szVnphbHV5MXVIZi1QYmdKMlF0Q193em1ZRDF1MUwxUVVKRFc3SDhMY0RZOE5KV1FUZG0tRUtEOWRyWm1VUGdZOGRLSE5IcVR4VGhsaFBuX19teVI?oc=5
2026-05-01 03:00,Yahoo Finance,finance.yahoo.com,"Tesla stock higher for week as Semi starts production, company nets $573M in sales from SpaceX, xAI last year",https://news.google.com/rss/articles/CBMi_wFBVV95cUxQODYyNjYzTHZLNzAyM3hJMG9vX0MyeW9teVFaR192WWJRM2ZycExNbldqVEZjV2FFZ2dWNHJkUkJCS2h0MW9KZkVJbjNob0NNTUVMamxyZmJuM08zRmhidmtURVVSazljenltX2duZy0xemc5N2paNGRwMkVzRXdLLXJCZFRzX2dSdURWS3NWekZJcGdydHlEVF8zSzItRHZIYXFRSHIwbllhZlhmTF9yUllTZml5VGFZdlg4XzRPdm1lbTd4akFjdDJ0TU1icm91dHA2YlFfVGptLWwtZ1RSRzAtWXYxM3hEY2NSZFBoaG0yRlZ1bjJTSF9wZWJ1Ujg?oc=5
2026-05-02 03:00,The Motley Fool,fool.com,Elon Musk Just Announced Fantastic News to Nvidia Stock Investors,https://news.google.com/rss/articles/CBMimAFBVV95cUxNWWFEbUFjQ3hpbmRIWG5TMFlxb3E2REQtWUdOUjNUY1gzRkRnbW8tc1o4dzVLTDNlNC13OFphaVNyNy0zLURxOEhNbWpmeFdjemowbjVDX183c1l6ME1ZQmFydy1tZHdqS1FwVUJud3RhSEVqYTNhOXM1bHE3d19FQmh2Ylowd2lsUTBJd1FWZmtUNE4yT2MwQQ?oc=5
2026-05-03 03:00,The Motley Fool,fool.com,"Finally, Some Good News for Tesla Investors",https://news.google.com/rss/articles/CBMijgFBVV95cUxOVUIyLUE0aUpQLXhXdmQ5d1phZVJHLXdncDZEMDBRT3N5dk0yWWlyRzFJMXc3Y2tHREhHai1DMGlQbUZVd1RMSGlFY3A3RThMUlRTX2FQLVlVcExXMjU1M0x4MDRwOEh1Mkw4cDBtbElPZlR6bnZRbmVhdElwSnZsSFVObTE5akh6V3hsR2ln?oc=5
2026-05-03 03:00,Yahoo Finance,finance.yahoo.com,"Is Tesla, Inc. (TSLA) A Good Stock To Buy Now?",https://news.google.com/rss/articles/CBMilAFBVV95cUxNNW5TUkY3Ti15U2hsVjhlY1ozZVpxVHRjY2JjaXFhMmhJcHA3OEVOOXV4ZC1tN2w5RGJ4eTF2UDgzbS1oZmRTYjBtYzhvNEVnWjRzMFRucFFjVlNLYzlXeWRXSjZGMVFxakVpZVExWFFPRk9nR1hVeW1EYjZFX1pJNm5uLS1WSGdsQjhUQWdBVzVXUU1Z?oc=5
2026-05-03 03:00,Yahoo Finance,uk.finance.yahoo.com,Tesla registrations in Norway fall 61% year-on-year in April,https://news.google.com/rss/articles/CBMiiwFBVV95cUxNRHpPemQweUFNNTVkOHhtWHFOd29GTTFkWVZKbGNuQnNMUWM5WDBjbTRZcGZwWEpvbVNtZm8yYzRxSHoxSnE1UW9EdEpyN0RqNjFVVE1Cc1ZNYWFybjJUYy15d28xY3JfT2lVR1dHcm5EUVRva0FtT2d0bGFQNmVUUkVuTTBValpILTU4?oc=5
2026-05-04 03:00,Barron's,barrons.com,Tesla Drivers Face a New Problem With Full Self-Driving,https://news.google.com/rss/articles/CBMifEFVX3lxTE02WDdYMXZYUzBOYnIxNnJmS0hwX0VEOEhuazZvRFJZVnZzR09LaEJ6Z2xLTDdWOHVheFdZMmtrMDE2emJUcElqajRDZlJNN3BaaUNNcDEzdnFDUG56cDdHNXE1eFh6M2EzaldUMkRNS3p0ZkxtMjhtelJoWDM?oc=5
2026-05-04 03:00,Investing.com,investing.com,Tesla director Wilson-Thompson sells $9.98m in TSLA shares,https://news.google.com/rss/articles/CBMivAFBVV95cUxOSU53d3k5MFA4SXVZa1JCVGRoeXR2VjFxSkxTQWNsUXRTcUFBMFB4TF9PNEdhWFdkMDdPRnZmQUJKQTlSaTlDNFd3NlJOd1lBSUpfZFJPWFpEeVVpdExXU09mZ0JhXzl1TW5DOXd0dXRCeHJQcVdfYmZlck1DUzJGNGJkOW1hSGxNdWpFazI0ZHFhRjd3VmdRUC01Q1BtMVdfeWs3Y0RWbjNaYzlTODB0aUVwZzJZYnJmNUNMSw?oc=5
2026-05-04 03:00,Investor's Business Daily,investors.com,Tesla Rival Jumps On Strong Orders For Updated Model 3 Competitor,https://news.google.com/rss/articles/CBMieEFVX3lxTE9EUGgxTE9feUJyU2l1eWZlODJabEh2dzBGNVhWN25IY2MzcHdfU2tCMlFBal8yczFENzNMR3FObkprN0luUFV3MGFGUUFweWlwS0VYMTZubVoxU01EOU13VEhteUg1WTZuQVdqZGJsMXZMNHZrcllEeA?oc=5
2026-05-04 03:00,TheStreet,thestreet.com,Elon Musk’s Tesla drops huge news for its customers,https://news.google.com/rss/articles/CBMipwFBVV95cUxQZWlGV1k2TUhWSkxuYjQ2anhUdjdoUThnS0VhQ0kxeUhwVXA0Y0NBWi04bW93Ym5EZ05lSGlvTklTbEsyNWdFbXpqd3lOUDRUdXFKWGRKNml1ZE45b3lQdGdjSVZLRXB4OXJJazA4WlRqWHg2bmpQOGFhaXhQTEZveTI0MlZ1dk9ZZER0dXN1d2RRZDJZSG96YUhWQmY0VFdSVkVpdTA1OA?oc=5
2026-05-04 03:00,Washington Post,washingtonpost.com,Elon Musk will pay $1.5 million to settle with SEC over late paperwork,https://news.google.com/rss/articles/CBMihAFBVV95cUxNWDc4MXcyQjVaYXc0R1h5c3NaeXJPM3BPWFVCMUNUY2taOHpCd29mTEU0VG1IZnM2eW85ci1iTFQzeW1GZFpJTXNOVzN6Mi1mdnYtLWRWakszZTlaT2RDUEpMMzZWcC1Ea2h2NzgzLWhiOF9wTlZiejAxd09peFpvcHpGaXg?oc=5
2026-05-05 03:00,Investor's Business Daily,investors.com,Tesla Registrations In The UK Up 62% In April; Still Short Of BYD,https://news.google.com/rss/articles/CBMilwFBVV95cUxQNVo5OHczc0pQMnh4TWU0OVFhZ2RZemw5QUJRRTlickt5VlBoZzd1bkN6ZkVKOU1UZkNoQnBUQjZ6VU9hRzhYTF82a2dQQV9JMURLZW1qdXMwemNRZU11UWJRQk8wTUFVOGdJVU9IcmhWX1FiM2FGWGZRdzNCNnJMNmE2M2lJNGNERkFrZkRwR3FYbks2WEpB?oc=5
2026-05-05 03:00,Los Angeles Times,latimes.com,Commentary: How many Cybertrucks has Tesla sold to the public? Fewer than you might think,https://news.google.com/rss/articles/CBMixAFBVV95cUxQdUdsUldLdlBablhwQW0wdXdLeENQbEQ2ZWRGMjJnSnZYNlhNVXY4MkdJNlJfOU9LZlM0WWUtTG5WVy1rcUhtcVYwQmU5bUoxTFFwTU1LQnZ4czJPTUo3VDNZNE5LeXZEbkNKNnF1VzZCS3ZhUXpEOS1zTmZsMnh6eDhtSk5WU1YyaTUtckE3bVY3ZFIzYWdBOTdSRzN2Wlg0aUJ2bU9IQV90c3RabURVRWpCUkFVYk00M1lrMGN6Q1FIS3Rj?oc=5
2026-05-06 03:00,Benzinga,benzinga.com,What's Going On With Tesla Stock Wednesday?,https://news.google.com/rss/articles/CBMiowFBVV95cUxNU3hucVJMWlYzWG5vYVZ2VkpiemZEbEFHOG5QSlFCZGpuYU5JbEcyOXU4MXFDUWpNS1ZBTzRrX3JldFcwaEJXMmlSR0E0N0ZmMzdza19rRFVXcy1xQmJpb0ZqckhIZmxsdWNpTjdKYzIzREFPYjRXRlBPanBUbWRqR2pLb0ttSnIxZTNPMDJlU0RhRVNqemp6aGtRcUM3V2RDQy1F?oc=5
2026-05-06 03:00,CNBC,cnbc.com,"Elon Musk's Terafab chip factory in Texas could cost up to $119 billion, filing shows",https://news.google.com/rss/articles/CBMinwFBVV95cUxNc2ZYWHEyOXJmWDJUZVpMTEF1a3F4QXBOVVZDdWgzT19CWkZUbFFqdDdST203b0pVOS1JaHhjb3pESkt2MG96dS00M2hTRlVGX25jUUZ0R1djZV9XeFNNcUtocHVCSWhmMEpKNlFMQzlLRkhaUnVIREZVbWFBQ3FwbndQWnc1UmZ6VW5qbUFkMU9obTVxU1FzNzYwMUJLNk3SAaQBQVVfeXFMTlp1MVkyclhCVUlIWUFFVUxxVUstT3BJbGIybEhpeHBpN3VuWjJtLXN0c0J6bFhXa29ORnZMY1ZUX28yWWhySGJKaEo0VEotb2hFVmwxNlBXeEU0cnZLUDQyRGhzU3pkblVIR3FhU0ViUklSM3dNM3pKSFhDYlRieGw0RENnOWREa0hWLWk4ZWYzaElzZExUelFrSTFkOWpXQUJBSEM?oc=5
2026-05-06 03:00,Investor's Business Daily,investors.com,Tesla-SpaceX Peg $55 Bil For Terafab. Ultimate Cost Could Be Double.,https://news.google.com/rss/articles/CBMikwFBVV95cUxQbVZmMFFGbUthdTQyb3FacnVqT05NV0VhaU1fSmxGdU50NWFMc0pPRHF5Y2todk5xVjRoWlpfR2hfUVZhSWxuWk4xZlM3VXZPbC1DZXd1VVVxWFlwWlZURFpHbXFlUnljd2xLenZxMk1pSFJ3Sy1RX2V4YlZSeFE2bUV2SmVGZzA1VTc0RmJJdy0zVUE?oc=5
2026-05-06 03:00,Reuters,reuters.com,Elon Musk lays out Terafab AI chip project plan,https://news.google.com/rss/articles/CBMiswFBVV95cUxQYUwzTlFpQVZoay1Gd0NDZ3lPbFAtVTNZZ0dfWWN3OElWVEJVVWZfbmRhd0xJNVZmdXlRdlc2Y0N5OFl6NDltWFBjSHJ4c2xRM0YxM3NBRVM1dG9rYVJWRk5QZEg1Y3JkM1FrUVlLT3l4bWZMX0I3WjRqRDl1YW0wSlFQM0dST3ZwV1NmUnp0RTBmdGxfMWR1TkMtREVzTmtSYWhNX1BEM0VoYnJoNmN0anI1bw?oc=5
2026-05-06 03:00,The Motley Fool,fool.com,Prediction: Tesla Stock Is a Buy Before 2029 Due to This $10 Trillion Opportunity,https://news.google.com/rss/articles/CBMimAFBVV95cUxPbmJkQnNXRHZNdWhPYWFqUTJNYThBaU94ZzB4bGJHUkI4czEzUHdJbFFNTml5RDhNV01SOXpwbnlZSUZ3OTdRWVRyVVFOZGVqU2dlTHNaRGZvMW5tbWljdEV0eHJIRFV6S3FhU0ZuV1JzY3NhOEMxbmNGNWF3S3RqRlYxbGxyNHJta1dEU1luVi0tMmdQYzViMw?oc=5
2026-05-07 03:00,Barron's,barrons.com,Tesla Stock Cracks $410. China Is Helping.,https://news.google.com/rss/articles/CBMigAFBVV95cUxOckZIWjNHR3ZoU25TblkyeXhrNENKbFhlOUpRdEQ0YmxFaFhkSGR5Z2Q0TDNnSVVJTnlUUUYzOWx1UUdoLUZEY1F0SDNtUlpsNUJSc0dsS2RtQ1lydFl5bEc1WnlJeWgzQmJvRTlLSFpSOUN4T2xmUUdhVUJ4Y21Rag?oc=5
2026-05-07 03:00,Investor's Business Daily,investors.com,Tesla China Sales Spike 36%. The Stock Nears An Early Buy Point.,https://news.google.com/rss/articles/CBMie0FVX3lxTE1INWZNQnptbnpWdU04YjJ0WFJTMEd4aVpzMnEyWHZxZWlFMC1mMjNLZGZzUUJmV056YWtsT3VFT2ZSSUh3SjlaNHB1WDhycEtIVDN0YU5sRVFiSVJfQUlPX00tbTltVGZQTDZ1dWZyV0EwQVQ4MGd4VVRPWQ?oc=5
2026-05-07 03:00,Investor's Business Daily,investors.com,Tesla Model Y Using FSD Wins New 'Driver Assistance' Certification,https://news.google.com/rss/articles/CBMib0FVX3lxTFBMZnVQbVFnWEY4Sy1MQ29SeW9kWTZYZUpKT1IwZ0ZlaEdfNkNKMGl2aDFZejBJd2ZUZlpzcVVzY3pIVGRWQXp3c180MWpIX20wZ0ZnTkpzbVVlM2t0R2J1X1pjYjNPMk1CRXIzcmhZZw?oc=5
2026-05-07 03:00,MarketWatch,marketwatch.com,Tesla’s stock rises as investors get a fresh sign that high gas prices are driving EV sales,https://news.google.com/rss/articles/CBMizgFBVV95cUxQYmZESG9ubE55T3A4aXRoRHN5Um1YNmVmSmF4b080LTRDOTRlVlJfbGNJM0ZmaWFCNjRxMlZWaVFJaUY4Wm0xbEgzWGVDNXJXMnp5ZXRzMkZJN01EVFAtNHBFYnhHblYzcUNzZnRmV21WTVM4c3hQam52ZzNVYzVZQTREM0pfMmRjTklVOVRDcHNVMXlNQTBzLW43U1M5Nm1BeTNFSDRfaWh3Um9BQkt2VWZYbG8zaXJwS01KMTc3OGV4aGc2dlNwZzc0cGk3Zw?oc=5
2026-05-07 03:00,Seeking Alpha,seekingalpha.com,Sell Tesla Because It Is An Unlikely Comeback Story,https://news.google.com/rss/articles/CBMilwFBVV95cUxNekdTN3BjRlZEX0ZIc2ZoWkwwZHhMUmNqTTNQR0lPZ3gyV05ockR3Q1BxMzZDUW5vVVpCTW1vMmEwSVN6VEprWF9OOTBWaHFHVENhNHR4YzFXSlVMTFBCeGN5SDBSNXQ2SC04T2lKb1lJRGNjX3ljOWlnMXFaN1ltelhQNjMxa184UXhtY3BFLXcxUlNCaUFr?oc=5
2026-05-07 03:00,Seeking Alpha,seekingalpha.com,Tesla: Musk's Vision Is Finally Becoming Reality (NASDAQ:TSLA),https://news.google.com/rss/articles/CBMikAFBVV95cUxPb1o3cXVsb0NtZnB3YzFQajY1d3dWcGJXRzZfaXJNN0VRWTVRN19RdjNxaHliczhFeE51eFBRaGZka184SmpzUlhGSkY3dUtzYUF2THVQc2FzU0ZEOGpVeUc3UmpQcDBaRVFKY1AzeGJWLTZpdFpMTFI5N0I2SllxM0tyVWg5TDNhel9aZFVjelk?oc=5
2026-05-07 03:00,The Motley Fool,fool.com,Tesla: Is Wall Street Underestimating its Autonomy Story?,https://news.google.com/rss/articles/CBMilwFBVV95cUxOeUdvOFZUck9RSmxfekp4bUNEaFJCUnVBVXlrSFEwWEhaRy0zcDR6T2tkYWpXMWYzTjFDbEhzbnJJS2ltMTNUMTVtaUZqZmpKZXd5T0JWY2VDOFRjNzhNeUxZYlBBNXRmVXVLdElIcFNoek1iZFNJdXNDMXhtZGoybHlucEpZbkwwcnRQdUdjY29IRzF0cWJv?oc=5
2026-05-07 03:00,The Motley Fool,fool.com,What's the Better Artificial Intelligence (AI) Stock: Palantir Technologies or Tesla?,https://news.google.com/rss/articles/CBMilwFBVV95cUxOM3lhbHBXYnlpUGd1SF9kemZUdHlVczlaR21SazJ2cmJXZXlBbTBGUkgtSW1HZ2IxdHp3dUZJdExTeUFnNGpLVmFkd29UX2p6WnZiVXgyLWNDZXpkR2pyLXJwMFcyczFtd1Qyb3JiRkRMTDA0SUp0TkF5RDl3dlVzMlltbHlqSW9ucGp6Mkt2ZmcycXBaSUlj?oc=5
2026-05-08 03:00,Barron's,barrons.com,What Toyota’s Earnings Say About Tesla Stock,https://news.google.com/rss/articles/CBMihAFBVV95cUxOTTBEanFRbUJiRUxhSFRocng4ejlMYU1BYUxPbnBpanJNeWtoWF9kTmpvMmhNVjZZaFI3ZW5IYTJWNEJRYzQwcmRqREpZcmxWbTVFRzNnSUJfR2lQNEc0VEQxOFlYM3lVYy1UWkt0dlA1Uk5OQmJLWlhZVS02M2F0bkxUeVA?oc=5
2026-05-08 03:00,Investing.com,investing.com,Why is Tesla stock rallying today?,https://news.google.com/rss/articles/CBMilAFBVV95cUxPMW15LTNCMDZqb2lKSlZYU1l4elFlMEV6RmNWbUpidm5wVTZXblVuaExreDlSUEExTFltZURtR0Q2ZDlBOEdETWZjN0EtOC0xdmpDbUZ1WlJCOVVEYlN0RndqdmRlaTZVbkltZThOdE5pRERsVmtvM19ZVDdKQTlHT3ItSklZVmRkU1RGWE5aRVZmQV81?oc=5
2026-05-08 03:00,The Motley Fool,fool.com,Is It Too Late to Buy Tesla Stock?,https://news.google.com/rss/articles/CBMiggFBVV95cUxPa3RMMmRoaTIxNlhTMUo5MlRxb2xlbmZZOGNpVWhiMVZnVnRuaTQ1ZUlhMVA4SnFFaEJTQnBMdC1GR3BkLTNfRnNOaTJqelZXQk1KWm05YmkwaUdEMC14MGhfS2tQbklVeFNTTEpoYkdVM25JQWVEZUlaclZ0YlVKYm1B?oc=5
2026-05-08 03:00,Zacks,zacks.com,Tesla Lands Record $100M Deal for 370 Semi Trucks in California,https://news.google.com/rss/articles/CBMipgFBVV95cUxNblhWaGN0VFpKSW8wSWFmNGp6WEFXSTk4X2ZUYmQ3SnQ4NnRHNVZEZl9UeXl0X1RIZ0gzTmE0TG1oTHZNVVVuVmdnbWthNFc2TzAzNG81aTc3ZzRpell5VVJwQjFBOGdCNjA4VkJ1NF84NWFoeXF0amhxM0NadU9nUHF2TzRrbHBuWXpnUU1Pc0s1OEdIbC1MY1hRaEpVWXVObXNNOUR3?oc=5
2026-05-10 03:00,The Motley Fool,fool.com,"Forget Tesla, Investors Should Buy Alphabet Stock Instead",https://news.google.com/rss/articles/CBMimAFBVV95cUxQTWd5SHdYN0duVWExSHplN2JiQXRjZ3UzWmJ6dlhkc0MtOVl1eURDdXhIazRacktFQW1udGVqeWtYQ1hQajRLdlhxOWdBX2hUaFcyYnlMdVJ0bm52cVBQNW5OdGFPbVo3bmNLZWlBYnJKc3BiRG1SenNybUxQUXNySGxPeVlhWlN5cmtzOG1qNWNCeG1RWVg2eQ?oc=5
2026-05-11 03:00,Barron's,barrons.com,Tesla Stock Is Starting a Run Higher. Thank China AI.,https://news.google.com/rss/articles/CBMid0FVX3lxTE5QbDJodmFyelFLMzk0bU1YMFNQUHpwdXVWNTh2c2JBR0hCVWtiRGlveHUtYXJlUUYxMHFfRlFRUjNBQjF4OGF1QzQ3c0RXUWU1LWhjOEdzdGxpZU9wclNOUmFpN1V2QnNPTmU4WUdjX0tXaE5uaTN3?oc=5
2026-05-11 03:00,Investing.com,investing.com,Piper Sandler reiterates Tesla stock rating on robot potential,https://news.google.com/rss/articles/CBMivwFBVV95cUxQTGRHSC1PNmZJT3lUVkFRZi1TaElsVGcyc1VTZUlfWkw1QVV5ZnFOa0JqRVRxSFA4UkJFYmttTkhMcUZHQjlROU9lQ3pUZzU4VXB2aC1qMzhlcC1pVC03bU81VE4yLVJFY0V0UGViS1BYWEctSXhFcHZvbDZvQmRhTlc4b3VjVWl1ci11RS04SnJlV1ZpZGFDck5QRmJpa3dTcEJIZ3hWRkp3dFZPbFNLcFFLem5fV3F1T0F1SE1OTQ?oc=5
2026-05-11 03:00,Investing.com,investing.com,"Tesla investors are getting Optimus ’for free’ at current valuation, Piper says By Investing.com",https://news.google.com/rss/articles/CBMizgFBVV95cUxNOXpMX1lKNTdNeVhEOGlEZVRTVm9neTVjM2pQVUtpbVFXYnZTZGlWNVRPLXdYYzk5U1hoTEhxeVhrTmJ2Vnhjd09jbm1xbHlvbFlyRmpVd2dObVNfZHhodEk0NVpDdjJxRFZPQzRCR1lwSVJ2SGlSVVliZVZOMl9YWkVrYkJYQjRfdUVydXFZNmEtbjFCR2pHeldLOGhLVmM5NHcyckI0ZDAxZjAwbWZmRm5JOWpvNUhZanB1UnA5aU1ud1VmbEJ1MUtYTE42dw?oc=5
2026-05-11 03:00,Investor's Business Daily,investors.com,"S&P 500: This AI Stock Is Now Worth More Than Tesla, Meta And Walmart",https://news.google.com/rss/articles/CBMirwFBVV95cUxOVFJXblAxVXlvN0h6NDZOSGtEZ1NWamFpUm5GaXBaRjRqQ0Y3NGhBV0VVNUdEelNFenItU0JiQ0h4TURIRVZ2SlJ5QklaY0dOT0tURTBuV3dhUFpMSDdCT2Zfd1pJb1p6bXFlQkt3UXI1ckRJTlo2MUZIQUpLMlExRmdIQjlNZEhUU0tkZS1CMVR2eGhlX0htcXoxQVJheU5zZUJyU0xCMEsyTXZxR3pN?oc=5
2026-05-11 03:00,Investor's Business Daily,investors.com,"Tesla Stock: China Sales, Cybertruck Recall Threaten Turnaround",https://news.google.com/rss/articles/CBMipgFBVV95cUxOSFVtY3FnNk5RSE9Nc21DWUJ4ZTVVUTZ4UUdfZ1pud3hVVDAxRUJrbW5WZVlkc3FsQkEtbUEtSkdIb0g0clRMYmp1LUNUSnNtQXQ4UWZtZWgyUGZNUTgzeDlfeUdhWHdJX3NaczJVM0JpczJLZVl2MGlTUlV1UXJDbWpHajFTQXMxRGJnTkJkZkV3a3p6MWp0aDhIejZxeVhtUlg4WVBR?oc=5
2026-05-11 03:00,Yahoo Finance,finance.yahoo.com,"Tesla: Buying at these levels means you get Optimus for 'free', Piper Sandler says",https://news.google.com/rss/articles/CBMi3wFBVV95cUxOdHFtM1VCeDFLLUt5NUhUaEdMYkdHVnZsSi1RUTFJeVdLREVuRi0taEM4X2VtMFNoQXZickpRSXlUVlp2NWQ1UGhHM25BRTF0MGdEVm03VUNfTzNyM3FPeE8tc0hqS3R0NEUzeWtRcWN3Rl96SXZET2xCUTdCYXZSYjFmOTllLXc4YTJuWUJiX1Z0ell5WkE5WkRnQmZYaEtBUjdtdjBVMkJkRERxMXFWZE5ibW9zcXp4TkxLaTFuX1hfVGxlTEJDU2ZaSUpkd1NMVEE1enJxVndocWdRRHEw?oc=5
2026-05-12 03:00,Barron's,barrons.com,Elon Musk Is Expected to Join Trump in China. What It Means for Tesla Stock.,https://news.google.com/rss/articles/CBMigAFBVV95cUxQanpoSEhSZ3RFSURDeXZKSmRzMnc1cUpTRGdRMDRpZnhScGhBdGhqYW80bmxTRFpmcTJkbDlWanhiU0NDaUw5M2duVVUzSHY5MkhoMkp3c0Z2Tm5PTUdKbEYtWkMzSElINExicW15b2FFRUYtZUJWX2tVb21oS2phYQ?oc=5
2026-05-12 03:00,Benzinga,benzinga.com,Elon Musk Sees $15 Trillion Optimus Upside — Tesla Investors Could Get A Piece For 'Free',https://news.google.com/rss/articles/CBMi8gFBVV95cUxQTWpkOW11eDFmV0I5cDZvaDlYMEJxZkJpcHVFOVdJbW9QeWQ4Sjh1OV95Tlh2bE1KcVNXSUhYTXctVXA4dWJvbHI4dkdETllZcmllaUI5cWdlal9uOUZocWpsV29kV0V5TnRacjM0M1Fxd3lOaXhSQXF5MXYyLUlzd1V6T1ZEYkUwdmh4cndnLWF0QW1UUXdOMU9kSnlnb21LcHZ2czdBbFQtRWtfMlhRMC1FTUlJeU9oemdBODg4bDJURjl6U3owUjI0d0pBQmpsREtpSi1iZVNuaXhSNzRPRkU4RGozZDBqM0x1RWFWS2R6UQ?oc=5
2026-05-12 03:00,Benzinga,benzinga.com,What's Going On With Tesla Stock Tuesday?,https://news.google.com/rss/articles/CBMipAFBVV95cUxPX0l3NmM5YlFmemhlRmZSWnltM3R3TjBwdzZSbG9qejNIYWk4OEFzTXdHQ2IxTzYxNTY1N1hoeWtLc0dkeFF4LWZ4bzZCOUpFV002UEVBOVVabXQ4aVJMTlRzZFE1UjVULWhDQ2JER05BM1l3eEg0QTRBcXZyNWVGVng1eXAzOGhLa1FDZlFERjczLTV1MTJES29wQ2NHUWxSUDNUQw?oc=5
2026-05-12 03:00,Investor's Business Daily,investors.com,Elon Musk To Join Trump On China State Visit. Tesla Stock Sinks.,https://news.google.com/rss/articles/CBMilgFBVV95cUxPemdxNzRNcEFfaHBMQzA3ZW13SENIcGpQdkFQc2tSR3ZQZXgySGpsZU4ydEd2a2pyN1UtZUZXUnFWRkxtN1lHM0R1YjV5dmNKeDdYcXRhWGIwTFVYUnJSSWxuZ2t4OHViQzd0OWtPMldPN2NXSzRTWVJoZXB2QUlhcU9aYTk0VHAxVGY2UkJLY3VoU2llenc?oc=5
2026-05-12 03:00,The Motley Fool,fool.com,Bad News for Tesla Shareholders: Should You Sell the Stock?,https://news.google.com/rss/articles/CBMimAFBVV95cUxNVVRxWWRjOEpFVzh2a0xNTl9qQzVpcWhsZDQwVWNyLURaWFNpbVA3NWJhYmtjekZEa0J2UktSZ1puX1RFOGd4SnhWZUNoUWRPNGVpOG92bGVtbGxIVWRaS3JPZnNHb3hDZU94Rm0wQ3lEdUttWnl5LWZuQVNqajlSTkp2THM1NkFZOFlJU1pGNUxvb3l2N0tsRA?oc=5
2026-05-12 03:00,TheStreet,thestreet.com,Tesla’s plans for Robotaxi dominance hit major snag in Austin,https://news.google.com/rss/articles/CBMikgFBVV95cUxOSkduaXBYT212ZWotVERrZFZtZmNPSUFfdFU2ckNQMDZHTS1wWk9JM29YNTFqNHJ4ODN3dElxMENWUWtFdE1tYUk0VU4zY0dkX01mRThxNFcxaXQ3X2tvN2F5Y1UzVmNRa1VKOHdZQXFMcFRFaHhrSTRLV2JDekV2djZSQTdEeTgzY0x3bDdXN0VYZw?oc=5
2026-05-13 03:00,Barron's,barrons.com,How Elon Musk’s Visit to China Could Unlock Tesla’s Next Big Growth Driver,https://news.google.com/rss/articles/CBMifkFVX3lxTE9iUnp2aXp4Z0F3SnNNRGVNOWxpM3BkZS1TNC1DU3lCRm1EMW42aEprZEF1Ny1zb0VfM2NWbXNpMHV6R0oyX21NQjFvMy11b1FsV182WjBfb25GWkU2VW5mY1dEeTl1amR4NlRBQjdUbnBuVS0xVU5FRUZSUmFGdw?oc=5
2026-05-13 03:00,Investor's Business Daily,investors.com,"Tesla, BYD Pump Money Into Europe; Chinese EVs On Trump-Xi Agenda?",https://news.google.com/rss/articles/CBMiiwFBVV95cUxORV81MmNQZl9XbTFhM2dmb2YwbTdjSHZDMzRNdTVLMm5RR0JueGZyd0ZSRFBhQUw2d2xWOVMxcm15SmppaTFPbkQ1YnROeWlNdExsVTBGV3F5aHJDZjBDck80ODk4R1h1c1paSWJZckhSbTBOMVp4ZGlLM05MRVdpU3dJb0RWd1NkQkt3?oc=5
2026-05-13 03:00,Seeking Alpha,seekingalpha.com,Tesla: It's All Downhill From Here (NASDAQ:TSLA),https://news.google.com/rss/articles/CBMifkFVX3lxTE04T3kwUDNjWWxZMHVwSnEzX0hNRzc0WVdWWWRkVjVabnI2NUMwTnRIb1lDN3V2c1UzaXFzUW9DNXV3THA4R212LVNheVU1T1FScGJWNVVsWlpfUV9iR1NsZFkxQWg0aWlhaVg0Sk9XalJfMjM2NThoODE2TUNodw?oc=5
2026-05-13 03:00,The Motley Fool,fool.com,Here's Why Tesla Stock Is a Buy Before 2031,https://news.google.com/rss/articles/CBMihgFBVV95cUxObkVnUnRBNDlSY2J5RXJNbVo3ejVteC10ay1pY29mdlIwTjFNUXJlaGtKbFFBaGplNVZRazZwWlc0UFFmTjhSb2RrdGYweWt0d1pSa1ZaaWFmQ2Jxb0ZycGowMXR0UzJMLWp3SWN2dHdOZlIxNVc3SHBjS0hSdjV1N0E1VUN4Zw?oc=5
2026-05-13 03:00,TheStreet,thestreet.com,Tesla gets a China win that comes with a warning,https://news.google.com/rss/articles/CBMijgFBVV95cUxNTmI5amRYS0tNTy1oQWw2WjlINFdLNDA5Z2dOVlc1UlFfN0NxU0o5MmZJdWFpYzh3X29TMGZid0tkTVZ0M1JneEE5ZThJVXFPWU14bjdVancwbWdTS0NuTDJDREpPeG5CaDNXODhaVFY0TXRKdjBOdzZHNEYwZUR1YTdlZ25LMWlUeTBFUEZB?oc=5
2026-05-13 03:00,Yahoo Finance,uk.finance.yahoo.com,"Tesla capex outlook climbs as company deepens AI investments, UBS says",https://news.google.com/rss/articles/CBMiiwFBVV95cUxOT0NYNktadEE0VnVTZXBGSmVCb1hyNGZpQlJPa3JJZmdGSnJuWUc0M3p4VHh1QkJwTDZYVkt0dWFYdjBXVTJsU1NscThkVEFuYVV5bnZwczlBZ3had0ZQQWpHbFZZTDlFd0RfX0lvampZX2tOS0tLYWIxdVE4VUdlaGpRbDZsbXNsa1dJ?oc=5
2026-05-14 03:00,Barron's,barrons.com,Tesla Stock Wobbles. Full Self-Driving in China Is a Hot Topic.,https://news.google.com/rss/articles/CBMieEFVX3lxTE1XdVVwQ1FiTmFkX2tRVmZfdEVPQUZXcHNTMmhDTWtoVUtZaDRMWW50ODNJVHVqbklfOG13NmZkS05VMmx0TjM4RnJVQkxPNjNZUjJSMDhrZEhZeVMzM2YxekpXeEh6amFZSVNHR2pzTUU2bjItLUJRSg?oc=5
2026-05-14 03:00,Investor's Business Daily,investors.com,Dow Jones Futures Rise As Cisco Soars On AI Orders; Trump-Xi Summit Begins,https://news.google.com/rss/articles/CBMi2wFBVV95cUxNT3ZEV0h4N2g1d2NuUWJzLThhOGZ0dC0xQU5BY1AwdndYU05xQTh1N084R3V2aTZNWERFSG0zckh4dnBDUVJZSzZmZ3dSZmJiRDhYQjZWTFNCWUotek1fM1U0MW9UZHBndGR0TUppbm5nUEhYLUZ4bmthY0VqTkNnaEpsSzZBU2J3eUZOeDdadmY1RXlWcHloZGlhUjBnOHNTOTQ3NUttZlJjWXBRcmg0cHJBUkV1SzhzRTBHS0FjWlVrV2ZtdDFVUlp2ZDhueTZjSGtDY09Ddi0ybUE?oc=5
2026-05-14 03:00,Investor's Business Daily,investors.com,Panasonic Raises EV Battery Outlook Based On Tesla's Sales Bounce,https://news.google.com/rss/articles/CBMinAFBVV95cUxPTW9oaldyMkxUTmFtYlI0MXhnYW41SGRQaWczOHZMZTFOS2Z4VElUTncxUTlDWm5WMjJ4OU1KYzVNaEh2MTQ0OHNQaWJPM3ZMMjRnX1hmYnlGb1FQTmRtcFRNSjA5WjNMTGp4ZlprRTBBczVSckhMb1J1RVRsVVlIZTU4bVE5ZXdTMFVnRFdsR0xPemxoNjhQcFlCVHA?oc=5
2026-05-14 03:00,Reuters,reuters.com,"China's view on Elon Musk? Visionary, occasional villain",https://news.google.com/rss/articles/CBMitwFBVV95cUxOMlFYb0xwbi1jTy05MGFSYkxGREhXdnMtX0hDMmxVUks2eDk3WVhSS3lZOEhxU05OV1d2bFdxYWhUOXdpdzllNnRXNl9CSnkwd3FVTWl6a25rdTJDUW1tbWs3WDNzd0kwZHpzYS1Id2xORDhRdWR6TlRVeWllUnlSZ0d2bWJBd2tNeGs1bWVOY2x6QnF6ZHRGVjBibG5lVTAxaV9HN1c4cG9GWnowREExME5kRWJIZ28?oc=5
2026-05-14 03:00,The Motley Fool,fool.com,Here's When Tesla's Robotaxi Rollout Will Really Ramp Up,https://news.google.com/rss/articles/CBMimAFBVV95cUxOYkc5RExjUGVDYTV2X0NyNVkyTVI0T1hwUWxYY08xeEdnS0ZkZWM5ZS1ZZUw1MEQ3S2NqSWxkUS1iZ2hTSXZqYlNsekN3NVRyYmRVYW5JWDZiY3BJODM3Sy1MRmtZenN6XzQ5b0ltTVM3QmhqNnd5T1M0b3JPRTNDbXpyNFRiMDBwbXVyYTh5WVRQa3V5bThNNQ?oc=5
2026-05-14 03:00,TheStreet,thestreet.com,"Tesla, Toyota expose surprising auto industry truth",https://news.google.com/rss/articles/CBMikAFBVV95cUxPX2dlVDIyd1FmOVhST2xheXRWMGRROXY5UjJmS3hEQzNvVDhRcERrLUQwaFRJclRrYmxXNWhZYlVsay1BVzBuUzFKaTlsRi1kdlBuM0ZXM2NDcFhWcVZhell2N0tYNndvRHhhY1RCMkluOG1PVnowQXlqOExPTjdFTnM0ZG1ubzFfMWhfeExXem0?oc=5
2026-05-15 03:00,Barron's,barrons.com,Tesla Stock Aims For 3 Weekly Gains. Trump’s China Trip Could Stop It.,https://news.google.com/rss/articles/CBMiekFVX3lxTE5iS2F2V29xMjRUcGNJcmE2X1IwN1I4VFRvZUpibjY0UUU0bVhPTWpNdHJWSTZZc0g2Z3Fic2hsN0o0X2d3aEdsNDRQSFBGYXpZYUNSQWcxMmRvdVZZTWczMFZCNGxJd2RLTVlMQnpkTXA5TklvelJ6NUFn?oc=5
2026-05-15 03:00,Benzinga,benzinga.com,Tesla Stock Down 6% YTD As Wall Street Mood Shifts From Promises To Performance,https://news.google.com/rss/articles/CBMixAFBVV95cUxPak0yQlNCLWFrQ3duSnZyWVduTDF0RDRqMHk4aWVaSlNJMTZxaE9LZWluemdQMUNac3FlMXJ4ckhkWXd0cW8ya0JHVnFmdnpjZXowOXlGOS03Sk12VUtlMmIxWXYyQVoyZlVpazB1RmNtUUtyUmtPLTh5NFZGNEl3RE44Y29qT2hnU05RMU41dWJzTWx6TDVaTkRoaU5DU3VDZ3VRY1hzb0VhbmV0Zk96dzFmTDVieUpQT1llcnJVeUtRS0Zl?oc=5
2026-05-15 03:00,Yahoo Finance,finance.yahoo.com,Tesla Robotaxi Concerns Grow: Is TSLA Stock Still Worth Holding?,https://news.google.com/rss/articles/CBMinwFBVV95cUxPVGRHQXBYVXVBeThLOHEzc216U2d4T0x3SnB3WnhEVzNJZ0JGUTB6UFFOWG5zQVQydE10aHNoemxvYnN0QkZ0X1c4MmlrbDY3Qmd4ZWYtdGZzU2I4bzZrS3ExTG5fX2E0VmgwYmZMWEVWU2tfRDBwdk1tSkNNOHBKSVNFbzRld2hQaTN0WTFhRG1ObEo4LXUtMUFKbG44bms?oc=5
2026-05-16 03:00,Yahoo Finance,autos.yahoo.com,Tesla driver shares footage of dangerous encounter on road: 'Feel like I'm driving on eggshells',https://news.google.com/rss/articles/CBMipwFBVV95cUxPX0U3clJRS3pHS0ZscWFMUUViaS1jMEFSNWRKdWVNSG1BU1lCNWphLTRSSXBnQUN3eExrU29NbFJqTzJ6bUhqMHl6MjZmMTlrc25zMFR4YXVRWHpSNElmcFZrcmtOVVhWdlhqdUl3N093ZnhWdTV3ZC1ETUpNQWdURUk0RXdPQk9TVHNWZ2NzeEFJMkt2eC1uNkpTdUFKTVRuOGhFNDlaNA?oc=5
2026-05-18 03:00,Business Insider,businessinsider.com,This Tech Exec Sued Tesla Over Its Full Self-Driving Promises — and Won,https://news.google.com/rss/articles/CBMimgFBVV95cUxNUTV2ckNVYzVRcWVPVW9Xb3JDS0pNR1ZsOWplT3g3RkJVWkZ6QVdSSkFkcW83SUV3QUJXOHNRZTBLR3VIZnhHaHF5V042ZTY4cHpjckRiMlptR3FrckhPalU2a1RDeUZLcWFwRTRSWE9LYVVwUmkyRWlXd2JfYnVROHdnUTIwM1A0WlVOTHJBVlBNdlBtUzFJOWxn?oc=5
2026-05-18 03:00,Forbes,forbes.com,SpaceX Speeds Up IPO Listing: Analyst Warns Of ‘Elon Musk Effect’,https://news.google.com/rss/articles/CBMivwFBVV95cUxONE5vN0dzekVZX2loNk1PY1BrbEtMc1QzQTl6bEhNSW5RbEJ6SDFCVkJ4cXdIU0xaTDA0Qi0yWF95ZHBZZmNFYUw5b1BCWmkxMHFaQk9NLUNEekZZSHFjWktrV29GS0FTTmhuREItRWRMYk5wOWtURFNqLXhRR2luVWlxOHVsYzZIWUNXcmRBV3AwWG1WSzNLRF9CS3B6N2RnMXhvSVlkMVJMRzFrcWpOd05FYzBsRW5oTG9KcE5pUQ?oc=5
2026-05-18 03:00,Investing.com,investing.com,Why Tesla stock is falling: SpaceX IPO threatens the ’Muskonomy’ premium,https://news.google.com/rss/articles/CBMixAFBVV95cUxPYkZCS25DTFRLRFYzT2hwVDRobmF4WElkQmctcklTTTdJU0xUWTFSRVNINDUxTlhRYnZuYXlyYXY3OVBYUjg2UGdDRnBvVXhwMVVtTEh5cmJ5UlJkbFJFR0FwTGRubk85RHNXQUVtcnJjaERQb3ZSbmdoR0M4THFFRmRVOEFqZUo5a3ViN3ZJV1pmNExRT1Z0aGFvLW9GcFNjanh1MEIxVkd1WmhEcUhoQUtVeFRaQ2owMllXTXd1MWlFemZ5?oc=5
2026-05-18 03:00,Investor's Business Daily,investors.com,Elon Musk Provides New Timeline For Tesla Robotaxi Expansion,https://news.google.com/rss/articles/CBMiowFBVV95cUxNckMtQVpPMUlidjBodXgzSWlUb3pWMnMwNFNXR2F6c1ZRWVYtdDVlTG5hblRDMGZXa2dvMDFvUE5LNXowLWxfMzhQUlYyVkU1RmNOSjFMa3NER2pGR1NxdUZrRGdyaU1VZXVyWVBMeHduZGZTYTZhZzNqUEx5OEJPbVFmUzFybDZKRkpWZ1UtY3RRcjVBd0M4NkVaXzJYUmpSaTlr?oc=5
2026-05-18 03:00,Investor's Business Daily,investors.com,Tesla Raises U.S. Model Y Prices — And Forges A Lower Buy Point,https://news.google.com/rss/articles/CBMihgFBVV95cUxNMnpFNVFJS0J0RExXRzQ2MklLa3Npa2RNTHNMdHg2b0ZHNVJ5OFFBZnhNUzJtMC1HMGpGN0ZaaGwxay1XTkpqTnV2cW1ya3kyeTRyNFNXSlRCSkRYY1VZQWNpa3FSaHJFZ1lSaXNWZVpUUnZlcjlXYnpNalJWN3REMkVvZjA2dw?oc=5
2026-05-18 03:00,Investor's Business Daily,investors.com,Tesla Rival Validates Musk's Self-Driving Path But Poses Threat,https://news.google.com/rss/articles/CBMifEFVX3lxTE9pVXpPcmFqWXllM1hUcDNyUm9FWlJhV2t5N3U0X2V5NTVJWWlPZU1OVC1LaHpKYVFWYjZNT0xsZ3pUZ2IxZklLOWpaMTRiS0lweUZZWnVFMlFQUlk5Ym9Zck9MT0FsUTFvUXFxb21rck8wUXkwRndEYVdrVXU?oc=5
2026-05-18 03:00,Los Angeles Times,latimes.com,Elon Musk’s $2-trillion SpaceX IPO tests how far investors will go for FOMO,https://news.google.com/rss/articles/CBMiwAFBVV95cUxOLWdFaFBfVTBZUjZZQTZWWXJSVmVoMUt3a0NiU1dpTy1qT1pVTWtHMnY4LU5KMkhsUkJjVng4dFpwMkpGZTBrQ09xNm1UZHJoVk5sd1Vhcm45T2NaWGJzcDJSNDkyM0dZdFhTUzRScGFHTmZ4T01Fd0F4TmZkM3RUUV96akRUU1hLUU8wMmotMGIzX243dlJvTmIyRUZmNUlvYmUwcnItTTliNXRMWjhsMGpKRndBWGdGTDJxaXAwOXc?oc=5
2026-05-18 03:00,The Motley Fool,fool.com,Tesla Just Hiked Model Y Prices for the First Time Since 2024. Time to Buy the Stock?,https://news.google.com/rss/articles/CBMimAFBVV95cUxOODhHMWJBcmhxeG1QcXQ0R2dBYXQ5RFI3QkJISi1pZkE0OG1HSzlYN0VYcG5YYVZSeHlTOGNjLTNTakk0WUE2ZG9zaWgyT0lpMjdsM2ZxSHVWUktqWU1yN2lUNWNzOW5aMFh5aG9lUzdUZEdfVWtvZ1VsckU3ZWpFcWRVa0NKLUhzcjFRdzlxRk1ITEVCUWtBeA?oc=5
2026-05-18 07:07,Barron's,barrons.com,Tesla Stock Drops as CFO Sells Shares. Can It Hold Above $400?,https://news.google.com/rss/articles/CBMiggFBVV95cUxQSkcxUFROZ3BtRFR4STU3RnhVMkJkSWVyWnVkWFYtemNvcm5NM1kxWjRzTkM0SXlTdERnNUFqYWxoR2x5eFY2UUFuUDdLc1hjeGQ1cm1BSzcwRGFqZC1JVVVlNlRIZGkzNVgtU1RzOXUtVm5BWWU1OUVEZW5JM0NwV2dB?oc=5
2026-05-19 03:00,Barron's,barrons.com,"Tesla Hikes Prices, and the Stock Takes a Hit",https://news.google.com/rss/articles/CBMiggFBVV95cUxPME9IQXE3NEVwVDRlVnEyS3d5UHJpMlA1VlVhekF6UGtENHdhb0dJakZoM1pVUUkxSFFxWElBUXBEVkcyZk5KdjlaSmJpeTJybEhUUnI3TGpCMHQxcFo4bFgxNWViZmlXSGJaLThNWFlCVnVXWTFncDAwdTlSYzROcHR3?oc=5
2026-05-19 03:00,Bloomberg,bloomberg.com,SpaceX IPO Will Add Another Musk Stock. It’s a Problem for Tesla,https://news.google.com/rss/articles/CBMitAFBVV95cUxPNTFjZzdXTWQ5YkVBSVdCcWRmdDFRVkVCckxsM2pSLXlLTFZjUUZUeTJReG1ZTzZ1UE95U0lnU0lLUHFrTVhPZ2IyX1JHeENMdHBtN2NuZlAtdmJTMFRJWHFjTzdjbm5IQ3M3TWZpcXdqS3JNUkV6Z2hwQzlXb3Z0amdjMExKTlRNQVVlTTl1RXZsdzRPQkJOVFJ4ZXhFN1BWdEFrRFF1a3QyOU5VTVRPbkdaSkc?oc=5
2026-05-19 03:00,Investing.com,investing.com,Why is Tesla stock sliding today?,https://news.google.com/rss/articles/CBMimgFBVV95cUxONDE5M21pYTZyVmF1cUF4UGpUOUVMT0RSNmMyaEdzWDJSTmVNcGtuYUt6V3RkVnZDbkw3THFHUWd6UzViQzJ4MEdWTEhuOFFwajVHbl9wdlY3czZCYUszMmxxR01acldXRnJHLUo2NURKUDMxZmtVVDdUS3lyelRkeHpXMjhPb0VNY25uZFIzdFNaR1ZxNkNpOThB?oc=5
2026-05-19 03:00,Investor's Business Daily,investors.com,"Nissan To Follow Tesla By Possibly Exporting EVs From China To Canada, Report",https://news.google.com/rss/articles/CBMingFBVV95cUxPbHVvZTI3Z1BreDg4VUg0ZkttSno0dlZRdE0yZFdfb0dTOTc5c2Q5dUNESktJZlE0N3FLcWV6M0dfUU90ZzItS2w2cnl2WUg1Y1p6U1JuNE5ScWxmbXpYM3JaVm5HemxWOG8tZmJjV0ZIZHpWTGI2Sy14dUFSR0tGMjQtenltSHk5ZUNaQUx1TWxDUkxlNkdOZmdwRmRYdw?oc=5
2026-05-19 03:00,Los Angeles Times,latimes.com,SpaceX IPO sucks Musk fans and market value from Tesla,https://news.google.com/rss/articles/CBMiogFBVV95cUxNQ2E1Wk5vU0VuOUxRbTJQZG9FUTBuZmMxeWxGa3R1bl8tUDVoRzV2MThkNTB0ZVI3OHlqM0NtNGhkaGpadm0xR3ZLR3QyYkVpOHdFaHpqQWR1SlY3bXBKbEY5bzlwam1SbEF1NWp5ZmVGbE1SUDZxUUZKN1FvSHJkSzVKWm9sdWE1MW5SMktkMjZidmxQcmN1UXpTUl9FSWgtVlE?oc=5
2026-05-19 03:00,New York Times,nytimes.com,Tesla’s Newest Electric Vehicle Could Jolt the Trucking Industry,https://news.google.com/rss/articles/CBMijgFBVV95cUxNaVlhUDhMS0lfOVd2ZU9wYTdweFpFNWRJTjNLbzJ1dHQ0Mkw3RXFBOTVQVFkteFRXVDJyTTZQTlZmRk9tVlFmUFAyZ1g5cWxOcEFIcXdfeTFqTXhuMHE1TTB6RjV1M0U5aVhEMzZEUnN5VnBCWFRkc3RhVEh5Z0NpdU1ILXZNdzJHN3dIUVl3?oc=5
2026-05-19 03:00,The Motley Fool,fool.com,"This EV Stock Could Soar By 79%, According to a Wall Street Analyst (Hint: Not Tesla)",https://news.google.com/rss/articles/CBMimAFBVV95cUxQTjBWeWVQYnJGS1FqbUl5eElEMXJqLWFwcTJhT0wzTVBGS2V0Z0JRblhzakpVWDBHUG9pZHhpOG5EaXFHYUlROGpFdG1mTlJaOFYwU1NpUzlxRXJZLUIwWTJBMHpmWk5kZjdYSWZqNDFzSTlZcjN5OXIyZWJvdEJWZTlOdHlaUVRMYm1sWjZZNWoyYUgweUN2Tw?oc=5
2026-05-20 03:00,Barron's,barrons.com,Tesla Stock Rises. This Rival Wants to Fill Its Model S Void.,https://news.google.com/rss/articles/CBMiggFBVV95cUxOQ1kwa0ZmYlVHeGpSdVl5cm16bFlkM0FLX0MtODhWYnBvZzlqalN3MlBZLXQxTlF4bTJJWmZMN3ZQX3pIWEtjT0xkUE1UU3N6NV9Va2NaOGdDS3dmUGJEWmVEOVRubWkzY1hvbTB2alpVU25HRG9oMjRCemd5T3h0ZEd3?oc=5
2026-05-20 03:00,Benzinga,benzinga.com,"Tesla Faces Double Whammy As Oil Hits $110 And Bond Yields Climb, Gary Black Says Fundamentals Unchanged",https://news.google.com/rss/articles/CBMiqwFBVV95cUxOQlF1SWxMejB0N05sM2FJZWJfNXhJaWtXd21hcDdYcmxuNE4tdnFCVXNVZW9MeUNqRGhYTlVHLTNZeXEzb082VUtMUkFjQWFUWEszc0Q3ZGk4TjZ5MXE5TkhsR2d6Mi1meUFtS2g2MEFWdGM0U0lnWDN4ejZQQ3FBdUJPQ3VlSi1VSFJOeHFVRFE3UHBfZTg4NnZvb25DdWhoc2tOMENIQXNpSGM?oc=5
2026-05-20 03:00,Bloomberg,bloomberg.com,Tesla Has Sold Around $890 Million of EVs and Batteries to SpaceX,https://news.google.com/rss/articles/CBMitgFBVV95cUxQcHUyTjlISlhpWUMyRGFVVkI3ZXFIYTVtSzRQMTNkMkdOSjB0RVVnXzF0WU45Yi1ldDFxR09iTmtQbHFMMzVua3YzNVo0OG14aU1tY0NORU1PRktJLVJ5U0JYMlZKZG03dlFTSngtVkd5M1NrcHpiSEJzbTFkSThpWDJWOFRGVng1T3dVUXYyRzdTUWdoLVdTY0VrZTBrOFBaa0JaU1JlV0ZEZGp4ak5RMHNpUC1vUQ?oc=5
2026-05-20 03:00,Business Insider,businessinsider.com,Elon Musk's plan to keep complete control of SpaceX even after it goes public,https://news.google.com/rss/articles/CBMinwFBVV95cUxONnVsbVFZeG9YdzB0T3JTc0M0MXpzN3hHZTRTSUpqTTNmdVFzNy00T2h5RTl2RkxEWm9SOGhYbTB3VmM1T2dGZWJkc2FrRl84ZmRNUG16RGlvNmJFdUpNMURKdlgwNkRCaTBoTnYyMUFjbHFYc1BpbGhkRzFWeEp4ZHZvd2N3eUJpWGFwSU1Jay12bVpaMjgxOHhyb29ScEU?oc=5
2026-05-20 03:00,Yahoo Finance,finance.yahoo.com,Everyone’s Turning Bearish on Tesla Ahead of SpaceX IPO. Be a Contrarian and Buy TSLA Stock Instead.,https://news.google.com/rss/articles/CBMiowFBVV95cUxNemhQeVI2bE9xQnpXTHhuZ1NkeTBEel9HMnFGMXBxMlBaQmZjdGJxQWVrck93c3JRVGc2SVE4NjZoaVlrNEpodFU1YjR3NEhwVHdVdGFwYVN6cjJFVFd3VVozLTB0WHBFY2lfbWpTSHB5QzNicHozdHZvSFhQSWg4ckJ2Z1h4aE9TYzJ5SWZIa25oRzk4b2ZNdzNWQlpzRjk4N2FR?oc=5
2026-05-20 03:00,Yahoo Finance,finance.yahoo.com,Prediction: Tesla Stock Could Go Parabolic After June 12. Here's Why.,https://news.google.com/rss/articles/CBMipgFBVV95cUxNTXFfYjVEbzRKcDA0VWk2M19uNkVwMVlvejMyY3FQaW9xNm90U09BOU9HTEVyaHRScENXVUNGRjdiNUtwOUkyRkpCT3BZZU5pcTFnOTg2THRJbnlqUUhtYnhlbUUxNUtGdHBpNjVpZ292WFYzZktVVGtVTzUwbDdMZmpvZWw5X3M3TUNCd2EyMzgzMEVHNmpVcV9tMV81NnhWd0xBdHJn?oc=5
2026-05-20 03:00,Yahoo Finance,finance.yahoo.com,Tesla Owns Nearly 19 Million Shares of SpaceX: What TSLA Investors Need to Know Before the IPO,https://news.google.com/rss/articles/CBMimAFBVV95cUxPTU9ZNmlKbTQ2XzJoZHVkWUlNZlJfVlpWWlhHd0hPM3pBVEtacHphS01rRElBQXRBdU1mQkNQWVRNa1BGNDNWcW5ZTmtieWs0OWFpTTJTYld1d3VrRDYyNnRKekFVeDBNc3ZOMlg5dDZOOHJhdFZVSUFTZ25KbVNwTWIzSzFadEFaS01GY0RCbkRqNTVrbk56Nw?oc=5
2026-05-20 03:00,Yahoo Finance,finance.yahoo.com,This Will Be Tesla’s Stock Price in 2030,https://news.google.com/rss/articles/CBMikAFBVV95cUxPVlVHV0hnWkhaTHJnRjlhdDE0WEJGLVB5T09pRndTZjN4ZExtdzdlQTJOVlNQY0d1NUV6cGo3bUlNWDRMakdrdW52Y2t4U0NLcFlESXF1d2wtY0ZTNkZfVHJqbWtPM3FnTnBLZDJjSk1KQmo1dVR0aE1zRGtiS2ZYVzhmZzFZbzZuSDg4R25XR2I?oc=5
2026-05-21 03:00,Benzinga,benzinga.com,Tesla Model S Curtain Call: Here's How Much The Stock Gained Since Launch - Tesla (NASDAQ:TSLA),https://news.google.com/rss/articles/CBMixAFBVV95cUxPQ0ZRU2VxT2U0WXlJTk5QUi1RaDhrVzNybHdfaHZsWEZBVS11Tlh6NEgyQU9fc1ZSbmJ3M3RnUE5sLVEwNEdycXZBV0U0NnMzZlNlNm9Rcm56V21hOWlwSm1kT2FXTHZ2Wk4wSHZ4SlFZMl9LbE15eDhmWTlVaG5rSEQ0aHFvYnhVQ2FRbE9OVndDaFQxdDJwbVBOUlQ0eDFKUnRDN2NoMXdkTzV4S05ja2VFa05BM1NaMkRMdFJQYmRwcXh6?oc=5
2026-05-21 03:00,Bloomberg,bloomberg.com,"US Premarket Movers for May 21, 2026",https://news.google.com/rss/articles/CBMisgFBVV95cUxPZEZyYzlnVkg0TFlvX0dGcUJxcU92MFZORUVDSjVKd1QxQ2dlTWQtY2NQOGZUSHpNQzJGQnhEdTJoNWhOQ3pOUGdmTl9iaE5hQmNZM1J1a0NLaUlMRUx6bS1fZGZnQTdnV1E4QkE4cFYtWktBT284R0xuSjdJSzdZenZnZldrS1VXS09lUWh4cEhSOEhJM3FScDhHdElOWlBhM2xIZmZLY0hMcTFkenpKMWh3?oc=5
2026-05-21 03:00,Business Insider,businessinsider.com,What SpaceX's filing shows about Elon Musk's web of companies,https://news.google.com/rss/articles/CBMipAFBVV95cUxQY2otbHVmZlVGOXZla25kLVY2QjM3UDM4R09TMkFRajhIM2NqSXZxbFUtejlpT3NJRUNsZ0VJNzR0bTZZVFJYQ3JKVXNibXppVnBOQ1pkczVfX1BKaTE3aGZ1QlNXd3dxbjJaTFE0QVlYUjIxMWdlczJ3ZnlvdWU3YkF1RktUODVmWnE5NGhQUWVXeFBpZy1RZlZLSXhlMUptRVNsVg?oc=5
2026-05-21 03:00,CNBC,cnbc.com,Retail investors will get access to SpaceX's IPO—here's what to know before buying,https://news.google.com/rss/articles/CBMipgFBVV95cUxNNXJFdEVmbmFhbGF3emRqYWFSdWhuUE1mdXVNZDlZTmdxY3lENXBlMEFYd3ZHSjRvZ2ZWMF82VFpWNXNEX2FYUDVLMkFqbFhXeTloWllQS0h3VjlFUkpmUTFXa1lSTTRab0doYjlxQ0lLR1BOOTh5MnNJUHJNS3UtRWlON3RQRFdRYmpSZWVwU1p3czdUTnM0V3doUlJPT0lfOU15NlJR0gGrAUFVX3lxTE5wUUFMRXRBeHpIQmhuQVFLZFZqWTU1QmlwcjJ0eEZkdzNKR09EVHR4bi1OcEkxYVRmVjlKWkFJOS1SQjQ0NzJTMDhsWUNEU1JpMEhqSDg3aWF4bmtJQ3ptcGRQMWdyYkxTYnIxSDRCbVZoSnNyM2VteWR6eVl1Qmg2TUdTNEptd09IY0VvdHY1MTlodUtLYVk5WVNNYU4yekNxXzRQazRkQW5ycw?oc=5
2026-05-21 03:00,CNBC,cnbc.com,Tesla brings 'Full Self-Driving (Supervised)' to China after years of delays as local EV rivals race ahead,https://news.google.com/rss/articles/CBMigwFBVV95cUxQVURkazVCTE10QjJFaVJGazQzMjczOXZJTTNNVmxkZFA1SURvNXZ6cFBoVlpaZ1k5ckhJdzNlS2FudUp6MnJhMWFvVjVUS0xjdF9xR2JhN0ZmMWg5aWllZGZyQlBXSWtfZ05kVXZtbW5vSHk5VnRUZVFZMG9sVFRBVHlXONIBiAFBVV95cUxPVEQ3VVFuV2FoR2V1cWhTYUNYNFRQclBpTDdkVnBDTXdWMks0V2xlcFhKZGpEZnFzTWl3SUxLNDB5RTdBRnJ3aDJoMGV2MW5sUGRPMW93c2hHZC04alBsbm9rWW5YV3A4YnEzbEJISUVzaVJNeVhpZHJfT1FJdkQ1Mkc5djd0NlFq?oc=5
2026-05-21 03:00,CNBC,cnbc.com,Will Elon Musk eventually merge SpaceX with Tesla? Speculation is building,https://news.google.com/rss/articles/CBMiqAFBVV95cUxPcUhKckpmZWlyamE4cTJaMlUtMzZud1hBTEZOVlh5ckJVZmRlN0htMnAxbHotUW93QTZZMi1IWGpNMnptUFBkM2tsdlRjLXZmUjE0UzFreGRsS3QydEVPelEySmpGUlhnY2ZmWVJKZmdoRkYtOVNrUnloMzlQdXVXT0RxalFzUEJYX3hjY1F1NzlCekY4Y2pYeUcyd3V6b0tMazNxNGVhQ1jSAa4BQVVfeXFMUHBDdWdPWk90UFdiRU14LTBzRnNRa2dFUko4UG1Mam5mMmQwaE41aWx1MGdJVlBUZkFSSF9XSUt5dGdGWkpBbzhxMjRhdm5CWHlJakNiTGpucHZUN0J0UUxseEdfQ3Z6VnI4WDZYRC16S1EyWXp1a0RiRS00cXZ0dzdzNURmZHFZbzQ0dWQyVDBqdjhDdWRFWjJ5aUhEREduUjhIcmczT1lLaTVWd2Fn?oc=5
2026-05-21 03:00,Fortune,fortune.com,"'SpaceX is his new baby at the expense of Tesla': Elon Musk’s IPO could be bad news for his EV maker, investors warns",https://news.google.com/rss/articles/CBMiekFVX3lxTE94RG5JUEhfSnNVdjFfSGdLcGlHMVhuemRYRFpzLWhGQnhUazQyaFI1STNKUTlEdVVmdWdqbWZjaXpuSEkyek1EcnplVzJmTzMzSlZxTWxFVVJCSHJ6a3lIalR0aFZGbDdmMjNKdm5nRnpmdnEyWlNJeTdB?oc=5
2026-05-21 03:00,Investor's Business Daily,investors.com,"SpaceX IPO Filing Shows There Is No Finalized Terafab Deal With Tesla, Intel",https://news.google.com/rss/articles/CBMilwFBVV95cUxNczFHRk9BUmd1aklYdi1nN0RyVFFBZEo4a1JQYnJPOF9Tdk1YYW9BbV9wMXJIcV83a1FzZWlRb2JBVTlSWE9LZy1pVDRfUjlNRFdVcGYyanR6TmtzV29PTGVPdEpqVzgwZGY3ZzlGRWNDYWZyRHh3eldsdzhZWkV1OGhwcnl6VzhxcWFuT0J3M1cwZEdIU1E0?oc=5
2026-05-21 03:00,Investor's Business Daily,investors.com,Tesla Confirms FSD Supervised Available In China. The Stock Is Rising.,https://news.google.com/rss/articles/CBMiiwFBVV95cUxOMmItX2VMQTBaSEVuamhFdGNVLUxJZW5wVnlaSTZQaHFtYTZuYmRIUER4NThwUXhBQldaM2tBbkdpQWVDOThjLTFJa3ZVT25mczYtdUhQUkpHUXUteGY1eXJ3ZHJvNXFvUUNid0pRYVhkYXB6ZnlqaC1pSWF6UUxzSFNNa05aaDlKZlo0?oc=5
2026-05-21 03:00,The Motley Fool,fool.com,Better Buy: Uber Stock vs. Tesla Stock?,https://news.google.com/rss/articles/CBMihgFBVV95cUxPckpaNkx0U1pfNXZ2Rm1Tb09FNlhhUkFOdW5EaTYxTmVfQlZGbmxpTXl0LUpha2JPMW1Pb3lpeXkxV3k5QnZEcElMMURtRHNnM3hZampYd2FOTjdlT29aRERHQkhwMWVzdUFnV3dXRHRJMXd4VHpaTTRsTVptSk02cnFiTXFLUQ?oc=5
2026-05-21 03:00,Yahoo Finance,finance.yahoo.com,"Tesla Investors Beware? SpaceX IPO Could Pull Cash, Attention And Musk Away From EV Giant",https://news.google.com/rss/articles/CBMinwFBVV95cUxQX0ZwMkFiUnFPbnRlTG8tcWYzSG4wZmxxeWt0RUJibjJtTmxDczRSMC00S3dlRnpMSnd1UV9ucVhpQml1NDUxZ05oTFVqczRPZGdaRV82Tnd0anA2MnBqOGF4QXRWSHBhTURQek9FeXVtOFVic2xvVUJ1TjdweXpPLWVMeEJ5S3hUemtsMDRBaVhSNnlhbXh0bGVwRHpXeGM?oc=5
2026-05-21 03:00,Yahoo Finance,finance.yahoo.com,Tesla Stock Continues to Be Dramatically Overvalued Amid Company Struggles,https://news.google.com/rss/articles/CBMirwFBVV95cUxPOTRMNUZEZ0ozbWw5cW04XzVhUkM4b0t1dmNWOTNuUXhJcE00aDNnSG9CRm90MzEzNllGb2szOUFUWU1MTFlSRXZzUFNIU3FFeWZZRnFERUxveFBOVmM5ZjdueTVXRW9DN3piUHFlcHB4NnliS0tVWnQ5QWhGYkMyeXcxUkRnREY1TVZ2MXRVQUoyZzJrSDhncDNzTzhMekJIbGl3QjJ2Z0NHMTdpMFhn?oc=5
2026-05-21 03:00,Yahoo Finance,finance.yahoo.com,Tesla Stock Rises as China Finally Gets Musk's Self-Driving Push,https://news.google.com/rss/articles/CBMinAFBVV95cUxNdUQ3YXh3VW1DQ1NfNzJNa25Mc2Jscm0xQklldVdSSXFKZldweE5KdnRheXlOVDB3MkxEUXRMRFpEMjhkNV9HX1pYOXJfQk93bXV4Q1FzRGxCTEdjOWxxMTI2Z3BzU3BOMUF1UXlLdG15Qi14N2ZidjhYNDRTMkhtOUI5NUpTNmNzZjhSRFJBQXVCRmp4QkJoYmVzT24?oc=5
2026-05-21 03:00,Yahoo Finance,finance.yahoo.com,Tesla’s Stock Price Problem Refuses To Go Away,https://news.google.com/rss/articles/CBMinwFBVV95cUxNa0dFSUdydEJ1YUk1N21GMWkzZG5kZEJWaTR0UGZpQV9BcXZLc2xRZEFoNWhDbTIyQmotN2NFeG9TS3ZVQmoxZHJvTWV6cmo2Z0MxWkxfN2R1T2pwX0NzdFBMOUhKM25jRWRqS0QydDhHZVMwRHhBczlKWHdSRGpjdkZLWjA4eFdnZF9TT3dWUGdteDU2RkNubGZBOTBHZFU?oc=5
2026-05-22 03:00,Barron's,barrons.com,Why the SpaceX Hype Isn’t Boosting Tesla Stock,https://news.google.com/rss/articles/CBMiekFVX3lxTE9RVTdkU0NfVVlzWWM3XzhMMmtNbF9ZVXhNM21vV1drMEMyRWVRTU9NZU9yYXpTNzJtQVFmVDN2WW5takVxa3N5ckZEcFR2Sy1pdFV0czNIaFF5V0xUdXV2SE5hV2FudHZadUYzcG9pRnh6Rmh3VG1RRjNR?oc=5
2026-05-22 03:00,Business Insider,businessinsider.com,This Wall Street tech bull says he expects SpaceX and Tesla to merge in 2027,https://news.google.com/rss/articles/CBMikwFBVV95cUxNRzBJVHlyZHhvZGpKeWo3R2YzVkFFWmR4YTdydEkyYWdjUFRZWEw0MmlnZVZZc05LLXJxYUpmUFdLRU5FY1dzWlROemNJRlhFMmlvLXgyYVhxU0RXMFVuVVFpUFpBSnJwY3h2WThxWVNqVXNBRklObkJuWl8tckFQVWxzUlJ1NUlwRjkxbFBJT3JSV0E?oc=5
2026-05-22 03:00,Fortune,fortune.com,Musk may already be a trillionaire. SpaceX staff and investors will hit multibillion-dollar jackpots,https://news.google.com/rss/articles/CBMitwFBVV95cUxOLVo4SDdUenJpS2FxdEZIa1FZeVhxcERQSi1HMUdDa3RyTmdjdmwybEtXVXFwTEY3bjMxT1lsR0NRY056c0ZTV1JZSmhKYTZscmJwQ2JlZjMyRlFSbU9TaHZtRWRpcUpTaVN6eXJ0NG5ob0dOTDY1WVFxSm84M2lPc3pWYm1fTnBJUDhRVVVaV1J4cFF5V09MTEhNZGhzQjc0RFNTMU5BelF3cldkTDFoeUZUcDVEd0k?oc=5
2026-05-22 03:00,The Motley Fool,fool.com,Prediction: 1 Stock That Will Be Worth More Than Tesla and SpaceX Combined by Next Year,https://news.google.com/rss/articles/CBMikAFBVV95cUxQdFd6SHc3TkhGNkVVcmd5QUkxT2xBekRiWExXb01nM1Awal9BVEN5eHNPaUhuUkc3MTc2cFVVWG40bVhsa1hOdzl6T3ZNMTk1S0V4aTNkM1BOUllqcFZpQWR4N0FiZVJ3bnFzNXIxeTR3WkJ0RkxyU2RSWW1TendROXk3MlpuM09yU05pS0JxeUw?oc=5
2026-05-22 03:00,The Motley Fool,fool.com,Should You Wait to Buy Tesla Stock After June 12?,https://news.google.com/rss/articles/CBMilgFBVV95cUxNZWRhTG1TQXhub2xQaDZoT0tnWW5GUl9UOUs3MTZ3UGlvY0lBQ0M5bUp2ZUI1ZzJSZHJEOWFOSUFoVGZkTUd0UGdxTmlwd292VlQxODM3TkpKZkd5VUZWNm9YZXRSQUhxNXYyNWdJWTUtV1IyYnl5ZmxXZmVUWERFeGY1ZnNBNU5WczBnNV9oeG1yV1B5TUE?oc=5
2026-05-22 03:00,Yahoo Finance,finance.yahoo.com,Tesla (TSLA) Up 11.8% Since Last Earnings Report: Can It Continue?,https://news.google.com/rss/articles/CBMijwFBVV95cUxQT0gxQnJ2TWprTGpNMk5uXzA0d3RyaFJId1FEd1V3RDdHWjJTWnRyZW5DM1dfZVlaUDlHTEZCRV9VNFBWaVkxVGFGZUs4VmZTY3NnM2dVcWVYSXFROHBUTlBrU214emtmcS1CRWhDSUR1TXlIUEw3NGJsRGxhV2JDOW5jZHg3eExuT2ROenpDdw?oc=5
2026-05-22 03:00,Yahoo Finance,finance.yahoo.com,Tesla FSD Expansion And Musk Ecosystem Ties Reshape Investor Questions,https://news.google.com/rss/articles/CBMioAFBVV95cUxPbWFxQ1RLajlyMXJoZDZXV1I0cW16bHp6VE9XZ0hUaVl4ZUMyenhpREhQeDJ1UHhQVkU1R1NZODA5SmpqajF3bUNtU1VvbWRKYWZDbGV4VXUyVndob2sxZ0RuUHk0Unl6dlQxdHJqb254cEJjRkI0YXJVNWtEVjlTZkEwSkl1WDlrRXFFWkw0VUlQT0JlaVY1VU9lZHNqS3pv?oc=5
2026-05-22 03:00,Yahoo Finance,finance.yahoo.com,Tesla Is Chasing the Future of Driving. Its Stock Is Stuck in a 350x Earnings Trap,https://news.google.com/rss/articles/CBMioAFBVV95cUxQV1FWeFBmajBPMjdIazVFMW9UOTlmRjBlZFdwY0ZobHVHbFBFWDhTUi1GeGY3Y0R1dEhYUXhQakEyR0ZmYnJvTFBoSENjNGt5OEFfOF9hNTB6eWFnZUdYWEZpaTdvOE0yRUVjbkFmSnhWLUJGa0lhTW5VUW0zVkI0MDA2QWFYTm54bHNfMm5LX3ktS3VVczBMRU01SVRVZkJ3?oc=5
2026-05-23 03:00,Fortune,fortune.com,Ex-Tesla president shares Elon Musk's secret to success: 'only work with world-class talent,https://news.google.com/rss/articles/CBMivAFBVV95cUxOQ1p3TmZSenNIai1fUVQzNlVlUFF1N2Zma0ViVkljdVBUeGhSak5PSnRCZVQtMGNRdzg4RFRvUkRKMG9PZ1ZOLVMxTzJDS2JCaUNEcWk5bXZVVFN2WnpURE5lVjZSYzk4WVkxY3VqQnpIdVRETFlyajFENjk2cGZEN3JHTURFUzI0V3pkZURhSjBvTV9HWTNSeFc2VmVqWmNJVmVmV1p3ZHIyV3lCWkdHanQ0d0l1dUcxdVQ0Mw?oc=5
2026-05-23 03:00,The Motley Fool,fool.com,Ford Motor vs. Tesla: What Their Revenue Trends Tell Investors,https://news.google.com/rss/articles/CBMirgFBVV95cUxOOGJCNFA0N3VnU2VFdzBSbkZwbGhRU1Q1VXhjWU1MUXFPbGVacUlvVTNtNDVpUC0zM2IxSHB6U1FzT3ZyUHVuTWc5NHI0LTA0d3lTM3BCSVNjUTJ4ZWw4UDltOHRzdzBLQS11VUtuc0k4S2dTbW9ZcXZKcDRoNjgtTVREQ3FrZ3U1UUdadF85bUI2cUZ4X1ZsalFHMWlfNWdGZWVnQmNwYmxZaXA0emc?oc=5
2026-05-23 03:00,The Motley Fool,fool.com,Tesla Robotaxi Problems in Texas: What Could It Mean for TSLA Stock?,https://news.google.com/rss/articles/CBMimAFBVV95cUxPQ2cwQVF1MGUtNFlRSlhCMklQT0ZIUmRYb253Wm1sMEFHQ1FydHJDbGpuNGZFZGNSeXJGeUM1cktaaWR6cjJBLVp3blE2YnBfb2Jia1FWdmNNNUtVMWFZaW1zVXM2ZWdweng5bnE1TEJsRFdKMlQ0UmE0bXBOUW44V3RMUG9wU05hUUVEanFuQkhFYmtteURNSA?oc=5
2026-05-25 03:00,Investor's Business Daily,investors.com,"Futures Rise On Iran Hopes, Pare Gains After U.S. Strikes",https://news.google.com/rss/articles/CBMisgFBVV95cUxNZUNENE00Wng2TVMzQnhmVmZQTmg4T2dkZklIMXF4NWxYN29tZm5FUm56VzJwNENHSF9UODh5UUQ3MWFMZG9iMDdzYzdiR21Wdjl2alZHclRpQ25OWXpOQ3ZvUkc1UHVBSHhfTnByQ2FNekUzSUoyMVk1WnRKTmtUb3VVVnM5TDh5c3dhRDZaMzFiMzZNMjJjN1JHdUZoZlQ2Z1I4WHNGUzc2TW5FZW1LYzdn?oc=5
2026-05-26 03:00,Barron's,barrons.com,Elon Musk’s Bugs Bunny Moment: Will SpaceX IPO Tank Tesla Stock?,https://news.google.com/rss/articles/CBMif0FVX3lxTFBTQlFZbjZWbW50VHAyckpOOE1UdDNFNWZqRm9ZbV9xcGNsUVd0S01jRjBPaWl5cGV1VEppN05JNVhWS2c2TEtCVWVOVUREaml4cVhadUxUdFhuZk15RG8zSXQ2VU1rZzFJbFFTV244WXhlSWljZ3dQTDZHRkpNQmM?oc=5
2026-05-26 03:00,Barron's,barrons.com,Tesla Stock Trades Higher as Investors Remain Focused on SpaceX,https://news.google.com/rss/articles/CBMif0FVX3lxTE40cExtblFRQndlbVpQTmNoTXJFLXNhTXZJS0RwT205QWVoTmtMZjFXUU5mN1c3VVBFa1A0LTBuOXR6OXFoODJkV2xGbmtTSmxmT0VsYjk3dllhWkNxSFcwU1BPWGNqTU1JaUg5VEU0NDV3TExjeWhFdDQyU3p4MW8?oc=5
2026-05-26 03:00,CNBC,cnbc.com,SpaceX-Tesla merger chatter reignites as Musk pushes rocket company toward Nasdaq,https://news.google.com/rss/articles/CBMiqwFBVV95cUxQSkpQX1FVYzRWVi0yM0pKbjRPOHVIbjhmMlRXVHhxRXBPQ0tZMk5rZ3oxS0JtQjRGTFc2VlE2Yy1rSXFEQTVlV1FaZnRPQzQ2ZFV6ekF4VkMyZGc1Tjh3el9jZkIySjdFWUJDakdreG1SLVl1d2tyeFZnUVlaT0tzcE1mNWpYcUlvRUtLWjRRNjViNlM5MVJET0VKa2dCcl9WNjh4VHlDWGlCMGPSAbABQVVfeXFMTzVSZkN0Q0tjRHBpT2ZEMFJUVjZ1eFlRNjBDSHFrN0JvWFZKQ21BNV9zOTNablNkZ1l3UG0zSmpZRHc4Qi1mR3Y0SnBHdVNxamFKcG1KQkZmcmRxbEhWSy1uTU9IT3NsWVY4MFUtYWFTUUJRSklpb0pRS0pnTUNLZjBGR2w5X0xfZTFWdEpwb1dGTENrYndSUkZRSEkzbnVzcDhmNTNEUm9wVDRVdG5sSTI?oc=5
2026-05-26 03:00,Investing.com,investing.com,Musk mulled combining Tesla and SpaceX - report,https://news.google.com/rss/articles/CBMipgFBVV95cUxOZTRiY2Rab251djBvekpsa0lnc0dLR0o2cl9aTi1vU09hVnA5aXduSmo1WG9jbmFCZUd2MEdUU3dlcWp0cHRYTVNlUkR6Y0xoRk01Sk9sTnY5Z2xEVE80eTZONkpsS09hb3dVWnd0ZmlCWWRfY1BnVjlYUHpOYnpoek5jbDdINWlZd2dnUmFSY0FaMnRhLXBwTXh3MVI3SXJoMjRUeUtn?oc=5
2026-05-26 03:00,Investor's Business Daily,investors.com,"Tesla Stock Is In A Three-Weeks-Tight, Continues Its Recovery From A Deep Slump",https://news.google.com/rss/articles/CBMikwFBVV95cUxOUGhhRll3OUtkQkp1UXk1eTFFRHVac1pUdW9JZHZWWVhTLWlPVFM4WXZKRk5WZlpfY043TkdmMEVRVEVQcXRHeDhKc2NXd0xZdTduRTdXNGtjTnlIYmJRVVc1OXdVTmg5RHhSOGhWVkFtWlh6Q00yRmtoUDhHWEx0VnNPbFlEMXBHWnBkWU1tT25fY1E?oc=5
2026-05-26 03:00,The Motley Fool,fool.com,Meet the Company Taking on SpaceX and Tesla -- It Could Be Worth More Than Both Combined by 2027,https://news.google.com/rss/articles/CBMimAFBVV95cUxOeUdGVHdwUDFNYV82a3lsampCSldnd2hFN19fX2VMUUFEZldVeVVveWZhMzh2bTZHMFBkNXc2d0pIZG5YS1lHdjQwZHFqSC1qNE1iZ3ZwUFJrZ2xrWktlSjBLNkVuSWllaEdpT2pJdkVuakJqUlZTOW5pZHlBbTZSSlk4a2V2SlhVTTZoWUVjWlRna0R2N3ZmZA?oc=5
2026-05-26 03:00,The Motley Fool,fool.com,The SpaceX IPO Could Be a Huge Event for Tesla Stock Investors,https://news.google.com/rss/articles/CBMimAFBVV95cUxNQ3dDQ2o4THViVjJjVWpEZ19GQ1RBaXE4bS1EanRTUGVWaExseDlVS2pHUXFwX0NFdWxTdVh0VjBncC1qcXJORXRjMUtPVnJpejl4eW1hak9LdWI2NnJ0Qi13N2pOczZMaXZWSExXMkFrZXlLSjdkdW90QVMzLWY0QTh4Si1QTWxRWW1WNGRPQlVJTTZMWWZRQQ?oc=5
2026-05-26 03:00,Yahoo Finance,finance.yahoo.com,"Elon Musk Hits Back At Tesla Brand Damage Critics, Reaffirms Model Y's Sales Dominance",https://news.google.com/rss/articles/CBMilAFBVV95cUxOcUhMaDdkVk5aT3p0b3NkblFzaDQzN0xDd1ZlMzRnLWlhbC15SjlCdzR4WVU4NkNCa3ZEa3VBRU1HSUEwODd2S25URnk2N1JVR0ZxMWdoQWdJZkpPREhhemUtSldHS3ZDSFg5YVFZSXZ5N1BEUllOVGdwOEo3SFhhWWtveEtZeFZELU14aXB2Nm5tbUFC?oc=5
2026-05-26 03:00,Yahoo Finance,finance.yahoo.com,"Tesla Investor Shares How Retail Investors Can Participate In Blockbuster SpaceX IPO Via Robinhood, Sofi",https://news.google.com/rss/articles/CBMipgFBVV95cUxOeldoZWdRaWwzRXpmRU9VXzRfSW0tXy1JaWxvNDBxTjRqSmk0a2lNaTBkU0QzTk5KMl8xMzNTMTRhVXBab3prSk5FWlNZQXdOZUxYMzZsM0dzYVBRdzE5ZUQ5akNJcjJEaFQ3TGdIR0xUZXRDQlV5Z1l1MERHaWtVOURzNGs1UDgwbmd0UVpGTTNtaUM2X2Ixb0IwMGJhQWJXbWU5LThB?oc=5
2026-05-27 03:00,Barron's,barrons.com,"Tesla Stock Could Be Setting Up for a Major Breakout, Charts Show",https://news.google.com/rss/articles/CBMikAFBVV95cUxOelpwUWpNaHVaMVNOQ0JyLW84YjRwVjFFeXFZYTNXY0owRnNYR29lMTRIRG1KS2JmeXAzU2NtbHpPTjItcVJBSGJkTkt5NGltdmJNRVhjeDFIOVNmTm9IUVdEbUVoczZ1U2dXZDRSNE1vRWV5OEZoRUFsUWQ4M1J3MEhSbkZza2M3VTVaajdIMUk?oc=5
2026-05-27 03:00,Benzinga,benzinga.com,Rivian Stock Flashes Death Cross As Tesla Model Y Rival Nears Launch,https://news.google.com/rss/articles/CBMizgFBVV95cUxOX1JQS0xiR25hc0U3dVRIQnJrcGVfREp6bG5sOVpnVDQ3T0NDeWo3emZ1NS1CU2JPVDFrWjhtQTVMWnUxUi1udmplRmtaaUQ1RUJtcXRaeWVxTWRWZHFJZXBzY3V1N1dwZ2MwVWstRHA5YktzVmxrRk1NWVFHeDdOV3RMS25uVWV3RkRSQnhRaXBfSHpfTllQM3pfSk8wcksxUDdlYnNVZkkzMC1RWmFNejV4ZWxZdTE2RVl6V1pBcWprRDNsT21QZHNWQ2dNQQ?oc=5
2026-05-27 03:00,Benzinga,benzinga.com,"Why Tesla’s Lens Cleaning Patent Matters For Optimus, Robotaxi - Tesla (NASDAQ:TSLA)",https://news.google.com/rss/articles/CBMi7AFBVV95cUxPSHRMSVJQcXVKTHRPM0d4aXg5c3FtNExQN0syS0lxaWZURHEzUkZCa1dKMzE5cUdXa2dIclF2WkhsV3lna2ItSnhNT3RZZnBFTUE5Zmh1LWdrS25JcmZocDgwOHdlSnh1bG51OUpzMnVUcUxpM0hYakVuWUJiTUc4VTk2aENCWXVHOURna2s5VzV4aW9EeHZ0cFUtMVNpUVFVMm81OG1ScnJmSE1ma09jNmpsOVotUHdhTFZ1YXFlVFJSOEJUc29HUW9TTG9Ed1J1dllocUl0UmRQODR0NDJFcFdRY1RUNV9kWFhIYg?oc=5
2026-05-27 03:00,Forbes,forbes.com,SpaceX And Tesla Merger? How They Could Become ‘One Ball Of Elon',https://news.google.com/rss/articles/CBMiyAFBVV95cUxQWmItdVp3SU9Qc2JfWC1tZnNsc21EVy1NdDVLaHhHalRlVlFGR3k2WUN1WGk3dE9EaW5UNC13LVhJMFlPUU5ZOVpqNDBYTnFGT3R4LWZYeElabUp0bWVkQXdVdThHSUlZWHBTQnBUcGNwZFlSazRqUEdxQ2gzeFo4TWozY2tmZ0xZbFhhaTlkTXBjc0dnY1dqdVVWSGZpUDM0OUJibnB5WWU3VDNyX1M0NTgzUjlTcU4zVEU2WlVOSW8xT2llSEtETQ?oc=5
2026-05-27 03:00,Investor's Business Daily,investors.com,Tesla EV Sales Jump In Europe. The Stock Is Nearing A Buy Point.,https://news.google.com/rss/articles/CBMiggFBVV95cUxOTktOS1N5N1NuQXlFZ2dZVGczcFdPcXpiV2lwRWhDY0NEbXFsa010MFZKd3M1WDRDQVhwYlZIU2E1c1g0Q2dZRVFNOHo2S3lvblNVMWlJUFUyWlJkYi1YWmNiRXZhU1N6Uk05S2pNdEZQNGdITzJHdno1X1JhZFFEVmx3?oc=5
2026-05-27 03:00,The Motley Fool,fool.com,"Billionaire Phillipe Laffont Recently Sold Oracle, Tesla, and Nvidia and Purchased a Stock Down 94% Since Its IPO in 2020",https://news.google.com/rss/articles/CBMilwFBVV95cUxQbGlTZHVmZ29iRGNYV252NnlkQ1JFTkpDUXl5U2lUZlNGdXdTUHdSZGVQLTJsNzR0YnZmNU5ZZjRTcVdWcGZtWGxEVExEQjFPYmVaNzBvM3hhT1FBUjBHcHpYdkg0YmNGMXdFNGpHRGh6SEZyZ3ZDMG16WEhLR3BicENzaFJmVlRBanBUY0k5bEpTWWcwSXpV?oc=5
2026-05-27 03:00,The Motley Fool,fool.com,SpaceX Could Be Worth More Than Tesla the Moment It Goes Public. Here's Why.,https://news.google.com/rss/articles/CBMimAFBVV95cUxPZC1nNVIxQlp4YVdQeFgzajd6cFVYMGszQ1RlTk4xeFJuT09KSnlWMkNrQUl2UEljTXptbmFEVlRONXZsMWVHUmFPS0pOUzN0ZXZseWRKSHpmdjhuSXN1ZlZvS3dxV2ZZMHgzc3pwSlRlVTVuNlE0UTFjQTVyc3BPZW5HdjluRFZwNkRwWm1jcFF4M2dXTFpfZg?oc=5
2026-05-27 03:00,The Motley Fool,fool.com,Tesla Stock Gets Wall Street Upgrade on Robotaxi Potential,https://news.google.com/rss/articles/CBMimAFBVV95cUxPY3ZDRndEMEhxZWhzU1gwckpTZUY2QnNQZlpXSGJLbF90R183eFdiRFVOdGxPbGhwVmoyRHZqRFozcmd0X29GY18zVVNmMngyNVZNMXQ5eWpQNEhlTHNUaUNYdTZPRmNXVFZTZTlheTZ6YW5LSUNBS1lwaWRZNVRtdEpxLTkxVjd5cW5XMXpwb043a3dQdXNxRA?oc=5
2026-05-27 03:00,Yahoo Finance,finance.yahoo.com,"Tesla Stock Rides SpaceX Hype: Trump Floats $20B Lunar Push, Musk Eyes 'Major' Moon Base",https://news.google.com/rss/articles/CBMigAFBVV95cUxOamc3S21JbjZjaGp2dXhqUWFaeHkxUmR4U1hTZ0QwSUVxZWdKOWlHR1JkVU5nUGtUVVREamZteTBHREU0a3B1cTNFSENfRVBOYjNzd2d2M1lkVGRQaU9XQXY0MkRsVnBPT2twQlhoOTFkMTE3VmgyN2FmbVhVSi1VTQ?oc=5
2026-05-27 03:00,Yahoo Finance,sg.finance.yahoo.com,"SpaceX-Tesla merger a matter of when, early investor says",https://news.google.com/rss/articles/CBMiiAFBVV95cUxNT0xTMEN5emR2QW95bUFKMlE5ZHdCX0szMHNDaWFRNkVla2ZBZzdXYzQ5WUJ3NHdXeDE1emZXdDJKZDNTVjUySEtZblN3Wmo5T1NUZlBEQXM4TFp0RDh0alRldUJlaTNiT0hnSEpwVkktd1ZMcHlVaF85YXAtaVBwWnpSSnFEZklI?oc=5
2026-05-27 03:00,Zacks,zacks.com,Ford vs. Tesla: Which Stock Looks Better After Strong 1-Month Gains?,https://news.google.com/rss/articles/CBMiqgFBVV95cUxPRjVodHdkLWNDWnZ0aWRlRjdmZkZuVVVoem1SRi1qcDhkZlBhMG10RGZvUzJTZmJTemVwTXdNZGltWG1hTlJEajY4eE9nOUhybXNkVmIzMnVnZWpIUmRsM1laNE1kenlMcUNVU185dFdabW1Rb0tJVi1QTmxNNkRNSTE2YUttckZfSGpjcEhydmsyblhSU1ozX3ZpVFExbG5QdFdQQzM1Z29WZw?oc=5
2026-05-28 03:00,Morningstar,morningstar.com,"For SpaceX IPO Investors, a Long List of Unfriendly Shareholder Policies",https://news.google.com/rss/articles/CBMingFBVV95cUxNbmZfS3dEa3I2R2c0RmZaUjltYjkzRm9tZVV5RklqdVEwREhkWFZIRUlWZzdKY2JfRjh3cUk5dkg3Y3hraThlTzE5Nzd0SENDVi1TdWM4MWJVM1gxZVJFM1FIYjhMRDNaR0ZlMjhVWHJjSmd6azlTNmJOMThCZnJGT1VNXzZaMjlvVlZaZWtpMmdCWjNrcy1CMFFUbDVCUQ?oc=5
2026-05-28 03:00,Reuters,reuters.com,Why Tesla’s AI trainers don’t trust its self-driving tech – or its safety stats,https://news.google.com/rss/articles/CBMixAFBVV95cUxOazNhNXZBel83QzMtdXhOcE40QTlmUWZUX2tjbmlvXzNRODJVOHhqWFUxdHc4UzBsUkNXNUVfdURHWUVvOEJOWUFhWXFjQ3AwalBtQjVrVGpuZHVHTENhQkVXR2ltdFNGUmQzM056U19mMTJXbWlSTWZaT0Z3NGVtTGFtN09aS2V6TVNHZkNhQ2JWX1V4aXFvcXNwUm51VlljUk1taWtITm9oY0pRUVRUcnZBT2FjNzdHOFEwS1N6Q3gyYk8z?oc=5
2026-05-28 03:00,The Motley Fool,fool.com,Could a SpaceX-Tesla Merger Happen Earlier Than Expected?,https://news.google.com/rss/articles/CBMimAFBVV95cUxPa2JiSDIwZUlfMWV0cGM0RHhsR0RVY1oxbXVmSVV2SmlSM0o2SkZYeTVhQjh5bzhwV2doR3FhT2ozVDd1eG5wZWltamVRWm9CMi16VUtMTkZCdHRXU2RGOFpsci1NMTVuOFVNdGdPMU9aZWNCS05jRDMtV1hDdHlTaTB4UWpnSTNIdDFhLU9TSjcxTWxVWmRyQQ?oc=5
2026-05-28 03:00,Yahoo Finance,finance.yahoo.com,Assessing Tesla (TSLA) Valuation After Recent Share Price Strength And Bold Growth Narratives,https://news.google.com/rss/articles/CBMipAFBVV95cUxPUjZpX002UFNjOHU4MW1mRklWRlJqTzFVNVZWeTgtZ3p4TWVtNk9kMmtETFhQbFdDZ1RTQURweFpWcHc2emdXd3hrU1VSXzVhYkp4M0lRREV1MGxsaTZaZ2JpQjUtRGxWV0JQbllQQWs2ckdvT2Y1cjRyaXp3YzhGekx4UlR2anZ2ald5a01zeV9WUURXVXJtaHNMZnhDNENhRDN2SA?oc=5
2026-05-28 03:00,Yahoo Finance,finance.yahoo.com,"Will SpaceX Merge With Tesla? Elon Musk’s Combined Company Would Own Over 30,000 BTC",https://news.google.com/rss/articles/CBMimAFBVV95cUxQbTAzQTZnZmNyUWZ5Y2Z6cTJkeWNxWG5hM0FISldRNk03QnpWcXhZYlZXQmpYS2hlQnB4WjN3eF9tUnhTYl9aRURjNkNzdW5FWlJMUENVM3cwSXJ5Nm1uNlpZTkRtYy1FRENDUFJrNGVJdWxfRFk5QnJReFNPd2h4X091ZkItSVVYZzJYTjdUWU45a0FDNXdlWg?oc=5
2026-05-28 03:00,Yahoo Finance,finance.yahoo.com,Will Tesla Stock Hit $600 This Year?,https://news.google.com/rss/articles/CBMijAFBVV95cUxPMFRweHVXbnhESW5oV3p0a3B5bVZYLURYR1BjdkpoeXZoM3Q0dV9OZDlGRHhHT3pMWlJfbHltTFhyR1c2eFFZVVA0d3h0X3VXTlhDMmprWktUUlRKMTBOUGpQLUNGblBuZGdWUXByck9nMTh2TXl2dmE4cWpwdzhNZ3phQThUUnlHLTVsTg?oc=5
2026-05-29 03:00,Investor's Business Daily,investors.com,Tesla Prepares To Use Cybercabs As Robotaxis. Here's How Big Its Fleet Is.,https://news.google.com/rss/articles/CBMisAFBVV95cUxOWU41bmpVSm9CbnRvbV84UzJUeC03b0dtVW9JWDd0TGRKOEM3ekY2UW00c2REcmRCX1dtUHFmNlFFd0Nka0V4SmluVzAyM29yaEhWakJab0RZUkFJN2M5N0cxeC1obHIxX1BOX3kyVnRFSlUxVnZVOHVveHRFd0pkMHJmNG9SdHZDc2Rad0REcGVUZTRBYzc1M1Q1WF9weTFRRUR6MmdGeENOTjUyTUNtZA?oc=5
2026-05-29 03:00,Investor's Business Daily,investors.com,Why GM Stock Is Rising Even Though The Car Industry Is Shrinking,https://news.google.com/rss/articles/CBMijwFBVV95cUxPWTk4WnFJZmhyakhzVEVQTkIyQndoVGlmeE5uMDVBUXdoVkN1c21fWHRBX3h5UGNJb3FOSDdrUFMwMENiSWVOaXVITlRhendMdXg0akdhR285R1lGc0IySkFyY2kwQ19Cd2Q0RjdLaUdqUkc3YWhfRzNTempTdWlvZm45VU9nNldSd0ZEOUJJQQ?oc=5
2026-05-29 03:00,The Motley Fool,fool.com,Tesla Stock Could Soar in the Second Half of 2026. Here's Why.,https://news.google.com/rss/articles/CBMilwFBVV95cUxQNVpPZU5Lc0dVcDducWNCdEtRbW1YNXhWRmZFbk1TN054aDQ4dlpWTkVCVGtlQndyWVhtTlR4bDF5b0l6cWsyb0hDV003d0gwWjNHNnk4ZHp4SUlEd1l4eTVfQzg1dFdVR3REclNpVlNuZnVma1g3aHdJNVRJa2xSeGV3Mkt2QmVoUVBuM0xUOVpzVHN3M25R?oc=5
2026-05-29 03:00,Yahoo Finance,finance.yahoo.com,Tesla (TSLA) Stock Declines While Market Improves: Some Information for Investors,https://news.google.com/rss/articles/CBMinAFBVV95cUxOSDNHMzVJc0tzcEFhenRIUWxYTGRpbm1LTnBtU2NsbG5xRjYtdGR1Tk9EWURpeTF0RGFGWGdBeXVPcEVEWm90M0RDMDZmbjZ1aEswdUlYQjNGSExPMEdPMFJ6Qm9zV1U2eEhCd3E4eWY2VEwzd2Fnc3FPNkdpc011WEJtalJvdlpEZlZSUHpzRXk3UGpSRWJrYnpyVGI?oc=5
2026-05-29 03:00,Yahoo Finance,finance.yahoo.com,Tesla Investors Weigh SpaceX Merger Talk Governance Shifts And AI Impact,https://news.google.com/rss/articles/CBMiogFBVV95cUxNYVhvUlR4QUZEUnk3SlIwZ2dtYVBDbmdwZWtuSVo5bXFSb1E1Wm9lQk9HdnRaR2t4Tmd1SzhzSFRicHFwQThTXzdWbmU3OFF2Zi1iTzM5dmREbVBnQ2JKV0M1Y2ZFV21kU0lybm1oeF9lejJRQWZDMXg0ZmdNM3UzelZUM1I1eHpGTHExUnFGa3pOekMtVkhNc0ttUGc4RFZIT2c?oc=5
2026-05-30 03:00,The Motley Fool,fool.com,"Meet This Pick-and-Shovel AI Stock That Just Joined Meta, Tesla, and Broadcom as the Newest Member of the $1 Trillion Club",https://news.google.com/rss/articles/CBMikAFBVV95cUxQRE53VERzcnBmZkl3MlJKQ3JOUS01djk0QmJrNFNfMzVaMm4zaVR2QlhONE5wZEd5TUd2bXFZODRDa1lDWU9kZzNjNUFWd0ZhV2xNdlh4NEVWZlR4blo1T1A2WF9wS0wxUkxybXdFWEV4WHVjVlYtTFd0dVBqbGt6WmFZb0VENmRtSE1QR1UxS1A?oc=5
2026-05-30 03:00,The Motley Fool,fool.com,"This AI Chip Giant Quietly Became Worth More Than Tesla, and Many Investors Still Overlook It",https://news.google.com/rss/articles/CBMilwFBVV95cUxNb3R5ZG00Tzg1WjJVRENiQzhUMTR1NHlHQUFPQWNJT01RN2Nvd0hLeFdqWjBaWlF2NnRDVnlVWVV6WFJMUlgyU3I1RW1FZGRmaUxRVms5bEV4VlB2R1RKLUFYaEthc0lyZ2NGMkJMeFFUY0Jxbjg3dlVRSTVKOC11YnBaTmZ0SVB3T1EwR1JBTFJKT29Pa1hn?oc=5
2026-05-30 03:00,The Motley Fool,fool.com,Why 2026 Is a Year of Foundational Growth for Tesla,https://news.google.com/rss/articles/CBMimAFBVV95cUxNVzlhRmJ0LVMwRlhWM2R0cmJ4SmVkeGQzal9ZekptaEtsam43RzFNN0NwMVEtMWduRXZYYUlMdl9VYlZId2g2V1NqZzZGcEdLMVp5TGd2aGEwSkZlYW81NUdPU3JwZVF2VkNEZFdzdTZnYVBGTnRtQVR0Nkh2TVo4aE1XbE9tdDUzbDdwZjZ4U25TSFNBMXZsNw?oc=5
2026-05-30 03:00,Yahoo Finance,autos.yahoo.com,Tesla driver shares how to take advantage of off-peak EV charging,https://news.google.com/rss/articles/CBMiogFBVV95cUxPV1ZlU0p3MUtjNUV4VDNNU3pVbmlfb2ljMUZXY2lBWG01TjZJVTluckw2MEJaeUFaT0dEUkdwTzQ5ZHhZTUQ3c2xTS2lueVpRNDhyWFZQa21ucHBRSUQwWlc1TEFUVDljX2NzZUtDVElUT1hBbmNUNWk1YjZ3dFRIcG5QTlZWTXFlVnFpdGo2dkk3WmoyY1JqMUUzbTZOcEJuRHc?oc=5
2026-05-30 03:00,Yahoo Finance,finance.yahoo.com,Why a merger with SpaceX could be bad for Tesla shareholders,https://news.google.com/rss/articles/CBMixwFBVV95cUxQbGlPVFJJblJLSUtpTkM5amt0eHJVTWZ3blVEV3ZDQWdIa0NkLTNFZFp5MHlQYS0waFVxcWpCMVRkUFMyT1NsMGhBWlJWWHBCbl9zT29aUEpqZGpKbGJtTGpVQmpzUzB0SFhZSGoxd01sQ3Rpam9UaFhiZWQ3eVAxaDVLTjRhZVJtc1VQSldzLUpnU1VUeC1OWFB3YkdGUFhmdzNWZ1VjQk82LWt5Mm1lMTNWQkExdWp4VWxtTzd5UzF0Y2pSNlRN?oc=5
2026-05-30 03:00,Yahoo Finance,uk.finance.yahoo.com,Tesla and SpaceX: Could Musk’s Empire Be Heading Toward a Historic Combination?,https://news.google.com/rss/articles/CBMihgFBVV95cUxNMXMxTWZyNFhCbG40RF8zVHlHSFBoN1NVc1VZSjBNOFEzUFRKSVFHU2RTelJjZ2xOdU50bGp0OEI5Q1FMbUhNblkyaUpiMHlucjZrQTFuMDNaYWkzSGZnbUdwZkFXVHd4LW01aXYzemxsenhYRmQ0V2dNclgtYkRDME1ON0lpUQ?oc=5
2026-05-31 03:00,Fortune,fortune.com,Elon Musk wants to merge SpaceX and Tesla into a $3.4 trillion giant. The problem: it would lose money from day one,https://news.google.com/rss/articles/CBMiggFBVV95cUxOZTB2dnN2R0tRbklzT0dkSUxKVkZpcHdtN0ZqSkIyTURCTjhOOS0wVlJnMHF2anJZUHpoU3F3dGwzZmpHNWg4TVJSQ05kREZMTUZLUXBwT1QzbFdYTTY5aFJjMllRNE9tWjdkb0pmNlY2Umd2UlpNQ3FMN2hFWGJpbDl3?oc=5
2026-05-31 03:00,Reuters,reuters.com,Tesla drops threat to scrap graphite supply deal with Australia's Syrah,https://news.google.com/rss/articles/CBMi2wFBVV95cUxQcFZMTy1wd0lzMFAxR1NLM3gzcjR6XzdDRXdvMFRqdFZsOTBJLXhSbGNwSVUzQmhnOVgxZE1UaGtyVEdUY3lTSXhJbVBQVHRGN3ViZ0VCbEEzVVlBTVhyNF9obnljd0l2bEFzQUZ5a2VJVkVFTlgyYXROVXRLNlRJT1hIbGkzT0JnbjVDMXVmQlpNRURnX0EzR1NXbnpQdHhuSnJGQVEzWm1RUVVnS1lLYnBiN2hPbGt3NkpEWS1IS3lCYzl4LTFjQVloTEZUWUI4eUlVU3Nqb2JUWjQ?oc=5
2026-05-31 03:00,The Motley Fool,fool.com,Is Tesla Stock Your Ticket to Becoming a Millionaire?,https://news.google.com/rss/articles/CBMilwFBVV95cUxPb3hJWDVZalFlNkhDRVpnLUhuMUYzVGliSE5zS2VoeGQ1NVNXTGM5Sk1Ub0toVFk4elNSWUZRQlBQWWt6SGRsQ1ctSDRhVDFLdnF3cjlnV1ZqMnp2UFVWVlNNMlVzSndkdXBCUDN0aF9KQVpMMDQtUDNQbjc5LXRRX0lXUzc5US10RmM1ZzlrZXI2S050NnUw?oc=5
2026-06-01 03:00,Barron's,barrons.com,Tesla Stock Drops. OpenAI Is Coming for One Line of Its Business.,https://news.google.com/rss/articles/CBMidkFVX3lxTFBaOS1FUFI3eTNadGlNWWppcGpFU3dtbXRYVUdxMTRfdXJWT3dLV3B1UXFoSFRrMTZQRndhUkVDRXZJQlkxZUZtS3F5aGUyUThvMHBuT1d3R0lWSWNiMWVTM3BBU3d6YjRER05pLVR6dWRSaTlFcHc?oc=5
2026-06-01 03:00,Benzinga,benzinga.com,Tesla Stock Tests Short-Term Moving Averages Amid Surging Scandinavian Demand,https://news.google.com/rss/articles/CBMiygFBVV95cUxNZmY2U294NW5RY2kwTVd4MFpvWVFqMHhTZkFuNXBNU19oVE95S1UtS3JWbWxmT1dZQ0xvQW9zdndncUp3akpyY3FBY1RoWUhqUm9KU1NQQjdCdklaUC1qTXhzajU0OExFV3FPTVRuODhJb2lXZ3hkc2NRamY0Y1E0M0h0U2F0ay1KelFDa01mWFFmTFNLLVdFN3RVYnA3VHJ4TWpqVndFbmdtVHJDVHFsNVU5d2JhTjVQaUt4MHJnMHQ2enJDNXNkY3Bn?oc=5
2026-06-01 03:00,Fortune,fortune.com,A SpaceX-Tesla merger would be valued at $3.4 trillion—and still not make a dime,https://news.google.com/rss/articles/CBMifEFVX3lxTE5ZbDFSQ29fWGFacTd6Y0FpSEF2ZUMyeFJDMUozLW5JMnYxTUN3ZFpZc0x2RlJTLTV4WHFoenFOci01UmJ0THUwbWNmaS1QallqNlVtV09UZmhWVVhWMzBPRVJacjdBY3pPd3BWS051T2FDX0ZKZE1hWllxRDA?oc=5
2026-06-01 03:00,Investing.com,investing.com,Cantor Fitzgerald reiterates Tesla stock rating on Optimus ramp,https://news.google.com/rss/articles/CBMiwAFBVV95cUxNbXd6QnBwYmtSRTk5YlpTN1FlTlZxWnh5ZW9GUmdGVVQ5ZGVMOEJENGd0dWxRVjlTbGZkZzl2SjZ3a3NDeGp6Y2FUOVBSSFJxa1F0Wm5hcTF5ZFlxN3RScVpMSkVwT19BaU9mNzQwb25MSVdQR1BuQXowbHE3X2FabjFwRm5MbXF3T1gtVzJTWVJPX290MnNESGh1eUtKOWJZMjFoZVRZZlBnZlcyLXYxa2pJQTYwRURLUUxJYjhDSjY?oc=5
2026-06-01 03:00,Investor's Business Daily,investors.com,"China EV Makers Report Monthly Sales. BYD Barely Grows, XPeng Slumps.",https://news.google.com/rss/articles/CBMipAFBVV95cUxNdkJmcVIweTJJUWpxOG9sbEVnSWY1d2Vpc2Rqb2dUd0owOXFuUDMyX054a0FTYlh1c3V4d09uM3EwSEtGeTk2eXJDZWxVbmpqUUx3N0p6bTNNN0VZOElGOXh0Q28tWHgtTnhFUDgzNFY3YkY0aUxnai1wbHplY0o5bmlCdG5iaE5wNzhSMGNXRVNjZGVFZ2tKcnRTLUYxYVViSnhsUA?oc=5
2026-06-01 03:00,Investor's Business Daily,investors.com,Futures Rise; Trump Said To Make Iran Move,https://news.google.com/rss/articles/CBMiwAFBVV95cUxORUVCc2tlM0JGTGlqV0dmY3ZPU0x3R0w1bGVqd3JCbEFpNHNiX1NmUHE2TTZuakxKQ2c2ZG02ZEJXSWVVbFZlWDB3NzRBODRWMXlrTUxsOXBsdDIxYkRFUlFKR3JsbEp4akxTQ2wyVWNPN1V4dUI3aWpxWjJ6REdsRjgtS1Rfd2hIeEkwTFNNYmRNRF8tZC00dFY5aEtsQjl0V0t6QTh0MjNQYjlKQnZya0Zhd3F4VmlLeDVXUXRVRG8?oc=5
2026-06-01 03:00,Seeking Alpha,seekingalpha.com,Tesla's Major Growth Engine Just Took A Hit (NASDAQ:TSLA),https://news.google.com/rss/articles/CBMiiwFBVV95cUxNYWd5ZUg3UlU2RS1pZ0FCRUQ0dVhFblFTRWJVZ0ZuVi00UlkyRXVwcDFCZGx2dW9nbTZiNHNVWklYZmxYME13TE1JeElXMlpfNkctdEhjM1JzVW9qMXZUN0EtTzhRWXMzQ1V0NU1PNFhQRXFNcmJNZHNxTDRwQjd2ckgtNU8xSGNFTDBr?oc=5
2026-06-01 03:00,TechCrunch,techcrunch.com,"SpaceX warns investors of future dilution, adding fuel to Tesla merger rumors",https://news.google.com/rss/articles/CBMiowFBVV95cUxNZUI3RWhSRjJJZlVLTl9QVEZVQXgxTjlBTkhEVVhnRC1reGZDWlNfck9XYkxkNWRpSTV2UjdJNy1KSkxSZVBDS0VBUGF3OFU5RWEwckM3LWgxNGlHY3JCazlUTlVWTnd4LVpjMXJmYmphMTlLcUg2V293a2NoMF90ai1DRzJDRzhaaGc1U0NnQXlxeElzMml1N2NYQUZVdGs2U0dr?oc=5
2026-06-01 03:00,The Motley Fool,fool.com,Could SpaceX IPO Be Bad News for Tesla Investors?,https://news.google.com/rss/articles/CBMilgFBVV95cUxNTnJaSnR1N3ZtWmlyY2R5bU90M2NHMUZXZGdIZzQyTjZ2b3J5dHhqdkF3WTZ3N0twNFg1a0x5YVdyTEd5ZGg2cUI4RGdMQlBWZWZ1V2dqd1FjQVR2RUp3LUJxcXR2TzJIc2VubHBQalNKVDR1LWpqWkw1TU1WRjhmUE8teXZRSjZ3UGQ1d0w0VkdxX1lua3c?oc=5
2026-06-01 03:00,WSJ,wsj.com,This 83-Year-Old Investor Is Elon Musk’s Biggest Fanboy,https://news.google.com/rss/articles/CBMiowFBVV95cUxQMXJwS0otM29CQlc5YklOemZ3QVB0aGpYM0NaR0MyVkpKUW91eHZaV1d3WlVWcExHdWhicjZBM2toVFBCTlRkTWQ4NVpwNHZwTkY4c2hOM2xqNV9nSTcwRmNVRzVUa2d1ZnhURHJfYmNRczdsdm9HQkstQ0xHM19hTndBSDZLRDZhc0hHcG45T1F3UHdzX21GbnlHdURfemdkN2M0?oc=5
2026-06-01 03:00,Yahoo Finance,finance.yahoo.com,Reports of a Future SpaceX-Tesla Merger Are Picking Up Steam. But Is Such a Complex Deal Actually Feasible?,https://news.google.com/rss/articles/CBMioAFBVV95cUxPZTJQMXBsVVZtck1pQnQ0cTgxLWdkVXdxaW4wMXB5V0FqN3hodkZUT01NbnE2ck1oNUtVTjN0NS1JS3dJb0hlYTRCTGJKaE1LNFRDVkFNb0RNM1BIS0NEWnlHaHY0bzVnYXRPazAybTlNaHMxd2NDallBc2ZfSTZtT0FDQjdPUUFySk45Wk9ybnJlMU9wS1VjQUdSdzE4Y3FW?oc=5
2026-06-01 03:00,Yahoo Finance,finance.yahoo.com,Why a Tesla and SpaceX Merger Would Not Be Great News for Tesla Shareholders,https://news.google.com/rss/articles/CBMilwFBVV95cUxOTGtZdm5jMGxSMnphei0yT2Jlc2p1VVhRQ2ZXalVqb0hFMWp2azdKbG8xdmpTQ0JOOGhrUHdEY3pHUUVLa0tGVUMtZEgyZ3M5cFNBQkFtNjhDTG04Zl9tX1h2Tm4zZmdEVjhHYXJ4SVhQUVlKS2VXVG0yM2lzSTUwMFZLWU4zWTI5OU1wd1NwUFFMczBGdnNR?oc=5
2026-06-02 03:00,Barron's,barrons.com,Tesla’s IPO Was One of the Greatest Ever. Why SpaceX Can’t Hope to Repeat Its Success.,https://news.google.com/rss/articles/CBMiekFVX3lxTE83dGFNTmtZd2lyWUF3NVFnMlB0WHhMd2xEMTNMSjFQMm10VWZqd0V2d0FnMWJ5N3VDUmZaTDNrbWZ0elRjSHJhNG8yUnV3NTNGUEtyTmVzSUlGcGFjMXNXVkszSENYUUpwMlBoWk1QeE9KTjh5cFJ6a0tR?oc=5
2026-06-02 03:00,The Motley Fool,fool.com,Here's Why Tesla Stock Soared in May (And What the SpaceX IPO Means to Tesla Investors),https://news.google.com/rss/articles/CBMiigFBVV95cUxPV24zaFcxeDJxTG5iLUZJRjNlbmFNSXJiWGViTFc4ZXpSemNkTE5YRXZqc2VxMnVGOThJbTNKWjV0M1pLNFpkT1l0N0h4cURQSFFPZWM2cE8tR21iaDdIaC1vcDFBdTN0NE1LQ1B5V2N4SFhwQkQ0cFZGMG5jMkh6QzZFcUtHM0tCSEE?oc=5
2026-06-02 03:00,The Motley Fool,fool.com,How to Buy Tesla Stock (TSLA) in 2026,https://news.google.com/rss/articles/CBMiiAFBVV95cUxNRVQ3cFhfMkZDUzRXTGxpdG9QLU5ZMzdoOWt3YnMxOFZLQnUxeC05ZnFPOHd4aTRScDFMVUlXZ2U0dGdyUTV4OG52QWl3aFNGZEVsa3BIQ3o0NmEyT3lta1Q1SE9LdzZIM05YZFNtcHRVSUlqUUs1cC11VmdvdTRzcFV5TjN4Rmx3?oc=5
2026-06-02 03:00,The Motley Fool,fool.com,Who Owns Tesla? Major Tesla Shareholders,https://news.google.com/rss/articles/CBMidkFVX3lxTE9XLVNuT3Y5X1UtMVlPc0hnZmJuZS0zZE1TN2VWZnlYaGNzZG5BVEpJQ0ZmUm4wajBlNGpYQnRSRENTaE1CSi1VTzJfei0ybmRqaGh6YURhR01CS3NUUGpKTUhVODRUUUpqSk55RVMyZlRWeTJiMnc?oc=5
2026-06-02 03:00,The Motley Fool,fool.com,Will SpaceX and Tesla Merge? I'm Predicting a Megamerger for 1 Surprising Reason,https://news.google.com/rss/articles/CBMimAFBVV95cUxOanZGS2kwVFFtNzdBMUE0WUJGTFFRZTQ0RmxIQ19RMjZJNkhVWXlFUjBTLVRiRHBJOGxfXy01ZmpITnl3Q0dFMFlDQThsYjVrMFVfeFVTNlI0SGczS1FNN1l0d0xTaHhOWnYtWmtXQmUxdm9sZ0tWTUVEWURvNUJtcF9qYUdSTm5HY3p6dlZZbWFmZ3d1T3ZRZQ?oc=5
2026-06-02 03:00,Yahoo Finance,finance.yahoo.com,TSLA Stock Climbs Premarket: Elon Musk Revives Tesla's IPO-Era Bull Case To Defend SpaceX's $1.8 Trillion Valuation,https://news.google.com/rss/articles/CBMingFBVV95cUxPc1FyOHFHaGRINDRzNUx4c2QzUnM0SXpaa2RBbmxyU1BtM1phT1l0dEVMdEI0b0h0M3VQMWpCRHVXMTdSZF9qNGxuRGtIcVM0blV0WVJHRDV4XzR1eTJGVzg0SGdaTFo2ZUZfcmZKRzkyUkFhZjZMUVpFeFpQQzhqLThLWFRVSW52cHdVWFp5WHlKbC01eUdZeVg5RzUzdw?oc=5
2026-06-03 03:00,Barron's,barrons.com,"Used Cybertrucks Are Selling Fast, But This Is Tesla’s Most Important Model",https://news.google.com/rss/articles/CBMiekFVX3lxTE1qU3p4U1VORkgtOG96M0E0azlndE9KQmYwa1U1eHJfZGFfbFlCQmpGZVBQVGhiRnNKS0FOTGJiZGxLcmVSUllfSVJ6bFZNdmZ6bHEwMmk4R25SYjdmVjZKZTc0VGtabU1WRnZMajhvZkJOSE9PRWtsc1d3?oc=5
2026-06-03 03:00,CNBC,cnbc.com,Elon Musk's net worth poised to sail past $1 trillion in SpaceX IPO,https://news.google.com/rss/articles/CBMipAFBVV95cUxOd3diYnF5MGl4MmdVWllWM2d5a1B0cmlkb0k4eEFpZ2RnYjVJeWhfS3NBeThRU3hmMmRqVWYwajBRZmNiRGlJRzBvU21YOFNMbmRsNFZSMm1NVkF6NFZVejRGSHpLd3NqTTBrelFTcFREaklPSVJIVXN6dnpPU3pIcTVfcy1IZkdqSXdQZUEtMDJGQXpZMDMzU1pFMktYeFl6V0VCWNIBqgFBVV95cUxQSUdxZEhwNzA5Q2VjbWlZcTdKS2E0bnN0Uk12M0FfcDRUQVpPYU9iSXhYSVAzdTI4NG9udm5YZjhFTms3dEYxaW9HTWhETVU2MFdBMDY5NTJ3MFNrVGpqZ05TejZoRkM1cXFQZEVqS0hmeERsMEk2aFRQTDFGZVZNaURYbzNuT1o3ZFdRSVlLYnV4eGxScWFtYUVpbEpJLXNsTmk1VUh1YVptZw?oc=5
2026-06-03 03:00,CNBC,cnbc.com,SpaceX targets $135 IPO price at valuation of $1.77 trillion,https://news.google.com/rss/articles/CBMifkFVX3lxTE5CcXV1RmJIWVpjMUdZam81WkNrNEdSLTB3UTNtcm1YM0V1cjZ5MFdLSFdlWnhtR09wMDZNbmVSelgwZGJvY2s1c2daSDRTa2FHbnZ0YVZXa2pYWGMzeWpnd0NWX3Rub0hzOGhRV3h0VjctdjNUSEJKTnEwbE1rUdIBgwFBVV95cUxPTU5ja2gzSVlFWlYwRWJfQUVVX3IzazkxcnpGTmFld2Q0YnpHMmNMc1hkMGtqSVVpa3FhSWNUZDFiNHc1R3ZBVjF1QXpuaEU0S2FZMEpMYnZjd0dCY2ZyelhPSHNBVVZ1cGVqcUdnanhRUlk1c29yV3BZRnhnV2dJQ1ZJQQ?oc=5
2026-06-03 03:00,Investor's Business Daily,investors.com,Here Are The Latest Odds That Elon Musk Will Merge Tesla And SpaceX,https://news.google.com/rss/articles/CBMidEFVX3lxTE1IQ3QtXy1sLWZOMkdNd3dTNldVYjlOMmxCejZ2d2wyckJmUHROalQtQVhXSWx2elo2anJtSjQzNWljSUNvb0NER2dKVVNJd09wdnRiYmltMnRNVERVRElwUTlNYjdqZjQ4a1Q0RnRiZFhnWC1R?oc=5
2026-06-03 03:00,Investor's Business Daily,investors.com,"Tesla Gets A Rival To Its Robotics Business, As Sales In China Eye A Recovery",https://news.google.com/rss/articles/CBMisAFBVV95cUxQa0pKcjlvemtuNkNTbHlWWXUyeUlBS241U1FSbWZ5ZmV2U1JaRmUyMWNXZ0loUEsyLWlvUTE1bmJSSWFDOGEyeUM0V0gxX0Z6bnREQ3ZQQ0xqclpOcTBJWGwtQUFCZi13ZkhhaHJXRjNYWnJHLTJfNlF6ZXUxZWJ1b2hieURJcnZZSlNEZ2RvWDdDXzYzVmVqclVnQV9rZDFzc2FOU3lNel9pV2xTSHNCeA?oc=5
2026-06-03 03:00,The Motley Fool,fool.com,More Unfortunate News for Tesla Stock Investors,https://news.google.com/rss/articles/CBMilAFBVV95cUxOd3BqOWVwdW11aVpEWS1jQlVSWEJJdC1xekZMQWh6YmFwYkU0U2V3SXQ1WXdScWU3M0dhSEt1MnNwVml1YVM0R19tM1VsS2tCaTcwcjVEY1RhaG1mLV92ZmFQMTdtRURtZU5Fd1dUNWlhdW5qZFlKUWNGMTFmdXRrNy1jUHA2MmllajZ6QkNCYzE2Y2xL?oc=5
2026-06-03 03:00,The Motley Fool,fool.com,SpaceX Is Chasing a Tesla-Level Valuation. Do the Numbers Add Up for Investors?,https://news.google.com/rss/articles/CBMimAFBVV95cUxOaHlVMmRaWF9HbnpyVzUxdmtKN0FlazctcDI3ZWFFcXluX05DTUoyRUpGeTFLSWlLM2VxSTljS3pBNktxeXozUGpaRGpGS18tSE5sUWtkcFZLYnhJa21wYXdzRlpTNkZLbjJtdjJYS1FUdW80ek1nazRIdUVoeng4aG1uY3lTZGlTcldsRk05ZDZucjNRUnpYNw?oc=5
2026-06-03 03:00,The Motley Fool,fool.com,SpaceX or Tesla: What Will Be the Better Buy on June 12?,https://news.google.com/rss/articles/CBMimAFBVV95cUxQQ0JtZmo1YkU3Z1hlYmxCX1o2ZmFLSkZta2d0S0ZvNjlzTGtuRFJkRmh0N0V1UEctS2U1NWZZUmhzUW9zcGZpOHBsc3VrUkdPSmZtWmFBam1LSVJMMFMtNDJTRXl0ZV9zbHdqN1dvUlE1dEFadm9CZ2dEWDNYWm9pLS1haVVaSmZTZVFwNXY4MWczOFlTclRrMw?oc=5
2026-06-03 03:00,The Motley Fool,fool.com,"Tesla Has Been Selling the World's Most Efficient EVs for Years, But Rivian May Have Just Unseated It",https://news.google.com/rss/articles/CBMi2gFBVV95cUxNbDJyY0RFYlM2Q1FvNGthNmwxM2lIRERjak5ESjRpT3VQY2llQnNyZjFSdFZuUHNMcnFHZ2tZR0JFZEkzVVp5ZDFpNERLcEdhRXNxUEVNYkZEclpsb095S1l4VUJkZVBrQzRQZ3Q4Z0FJTU1XUTRoNVBmTXBlQ3puM1V5a2d3ZkZKVU1ESE9ONmxsSTFJVHZHS0h0bmxMbmVKU3dPV3FrSTROUHBsVXhsblNVSldwa0wyUHBTeEU0aDJWYkZBa1ZuRWpqQ29YblB1aE1WdG5rSjVfZw?oc=5
2026-06-03 03:00,The Motley Fool,fool.com,Will Tesla Merge With SpaceX?,https://news.google.com/rss/articles/CBMie0FVX3lxTE01OTU0SHJINUpxQ2NpVnNVTzJnYmFXMTNKbEc5aC1xS0o0OEJHd1FXdC1XOExxMy1aNHUzbTc5cEZlLUNVTm80ZWtMUWRYV01KS0hQc0N4VFpQYU9CTy1zRlhlMXNwTTA3WjJJMU9RQUFJOEJGWDRkaGtpWQ?oc=5
2026-06-03 03:00,Yahoo Finance,finance.yahoo.com,Tesla Investors Finally Get A Benchmark For The Musk Premium,https://news.google.com/rss/articles/CBMipgFBVV95cUxQT1paaW1aN3MzclJYR01fRktaMzczU2JPLVBlZ2MxQjVySXItRU1HbE1keWlRQWhOWDhpOFhEdU5tSGtLbzFtMjZ5cGZGazdndXQtcXN6Z1ViTTJZa1EwTFlmeDR1NFFwZXpzZUdWVGVYeklhLWNwa2FZc2xnQ1RneUZVQmJPa1BJUF9ObU54a1hyaEFtZHRfbFZhQ1FOSnNJOTNBNDJn?oc=5
2026-06-03 03:00,Zacks,zacks.com,"Does Tesla's Improving Europe Story Change the Investment Thesis? - June 3, 2026",https://news.google.com/rss/articles/CBMipwFBVV95cUxQRU44RXEwOE1fWkZFaVlIVm5ZUjUtbVFTTy1EV0VSNnhvTnk3M3gwczVZMG9kVXlCaXdYTHd4Vno4dGhocDBHQkpVVFJ0Zlp6bHJqYzNKS0laV1JmQ01DbGNLOGhDVk12a0NlRHlRXzNLdWducjcyTUhZMW1OYzBUUElyai1rNUQzaWdYemxaX3UtSWpXb2o3eUNrdmNFNExfbXhodF9aYw?oc=5
2026-06-04 03:00,Barron's,barrons.com,Tesla’s Robo-Taxis Are Finally Driving Themselves—but Not the Stock,https://news.google.com/rss/articles/CBMieEFVX3lxTFB6SVJmaUpNUElQNDVsSnlkMmxPY3Fxc19fSWVKcXJnZkJpb1VfT0JaYWx2SWgtMVRlY2NzMjlfbmpQdG1NY2NYM2tUWGYzWDRDSThvaGtXSjdrUjVRUmw4Y3MyWk1qellQTUlraXZzY1drWmtHR1dqZQ?oc=5
2026-06-04 03:00,Fortune,fortune.com,A single new sentence in SpaceX's amended IPO filing could signal the biggest merger in history,https://news.google.com/rss/articles/CBMie0FVX3lxTE9OU0FXd0NRWG5hX0RZWE1TUmYxTmpubHhFTWdEUlZzLXRPVkszQWo5STJxdWRwdTcwSHhBQWpaNHFTbEhfS1ptQU1VOFkzS1Z2ZEFxeF9ZU0NLdFlSNVdDRGluRUZ4emdjckYxdEd6VjdGWWU1cU5nd1AwQQ?oc=5
2026-06-04 03:00,Fortune,fortune.com,Buried in SpaceX's IPO: a Tesla merger clue and a $3.75 billion insider windfall for friends and family,https://news.google.com/rss/articles/CBMikAFBVV95cUxPWHJ6MXVRMWZPN0xlUVRrYzRXMkUzRklaWlJ3bzVvNVpvTThFZTlxaV9ZdFJGU0RIQU5qSFhCV1NhT3JCWmVjczFSRnJUM21zdm9mclJTUnNZUVNkZnVhdEc4TWR1LUl2aTdKODFiaDVTcGl3ZzgxUzZWWUtPLXU1cnUwT2EtbzhpOXpFaEFXUzA?oc=5
2026-06-04 03:00,Investing.com,investing.com,TD Cowen reiterates Tesla stock Buy rating on Model Y potential,https://news.google.com/rss/articles/CBMiwAFBVV95cUxPNU1pbzhHU255QkZSYWJibHYwRVgxMGtqRHJTOHloX05nTjRyQlFlV0xRZlFpd1pOQ1VxSlVvT1BQM3FmeHVneUdhLUdtMUJkbENKWURadFptMlRqb2xKMjVBOVN0N1ZBMTZManZmN1VxMEpXQTBRLUNOMUR5MFlsRnR1ejZ4QlVwRHBkQktIaWc1SWt1YXVYOF9fNEk3R0RXcnU1MzlNR0ZzbjRfa21qYURYQ3dtNXBTU1BIQzVDZXI?oc=5
2026-06-04 03:00,Reuters,reuters.com,Breakingviews - COMMENTARY: A SpaceX-Tesla merger may be too big to stop,https://news.google.com/rss/articles/CBMiogFBVV95cUxOdkdybHliSDZuY3BxVzdQOEUwdTAwY1hIZ1dNOGV2WVI3WEhUWEFUekNRZGZ5UktWaGJpR2h6TUxWaGRYaWU2bElVUWRackdQVnZHM013VlFRbHdmclUtaTVNLWV4bFYzLVBnTEs5QXRkclJCZ0VqQnd0RDdiR0NYU1Y2TThjNVd5YTRKcWIxM3BRUHlHVVRNQ3M2RGI1YndNcEE?oc=5
2026-06-04 03:00,The Motley Fool,fool.com,Where Will Tesla Stock Be in 3 Years?,https://news.google.com/rss/articles/CBMihgFBVV95cUxOUWpSV1JnRzhrS01NSUs2clEyWU9EeVd2djlnV1pwUGFyNTFfLTAxT2k1eC1QTUJSakRzQnRRMFZDaXNCYWpOZWRodW5vLV9jTjljNGVwVWJrUTdNQUhSNEdsVVh2R3lVNE5uWEZKRzhYMTRxOHdQYUZBYWIyUnZhUlNrOHZKZw?oc=5
2026-06-04 03:00,Yahoo Finance,finance.yahoo.com,Can Tesla Bulls Strike Gold Twice? SpaceX IPO Puts The Elon Musk Premium To The Test,https://news.google.com/rss/articles/CBMimgFBVV95cUxPUlNrYXNnRVhjd2o5Y1M2eE04YzNCMHJKTG8tQjVvNVduQWlERmtuc2FSTlN4NktRamdJTFdLTVpQRGZWVDNya1dPRXhuTFBHMjJDZ2I1a3IzUGpDUy1MZXl0b2IwVFpHR1F4SWJRbGFzUDRsdWdUTEh6RW9fbU9ackludlNTblB2R0lkNkJYbFU5R0R5YUt3R0NB?oc=5
2026-06-04 03:00,Yahoo Finance,finance.yahoo.com,Tesla (TSLA) Stock Sinks As Market Gains: What You Should Know,https://news.google.com/rss/articles/CBMimgFBVV95cUxNTzV0bEMwZFE4X3k5TUJyVVBqU3g5TEVld0Eyb1ZCcVJ3TkVXUFRHcGJYQUIwSTdLSkNrQjFEY2NlZVpxOFFPRUptbmQ0TmV4OXJBREhnNzRiZmx3T1h0N25FX09tbEtfWWlySWNpbkpxeVY0NWJ3OHRscV9qb1B3VFpKN2R2NTVkaW95SENFMFVGT3lCdGVIYXpR?oc=5
2026-06-04 03:00,Yahoo Finance,uk.finance.yahoo.com,Is OpenAI coming for Tesla's robotics business?,https://news.google.com/rss/articles/CBMimwFBVV95cUxNeVNfeGdkMXBqVEhVaTRqbmJHendmZVRVanlxMkM5S1gtem83dF9mWC1ydjNOMFBuc1Q1YzN5eTVtRks4MU5TamtWMW4yckZzdmtXVkYtSTlCV2lQVHhlZDgwVGJiY2g0MWVlZ1hzcmVJWWp5dEtVMjAza2pmSVV6cU1UQzN2TkhvODhOcUQ5VjdtcDYzZ1lEZ194VQ?oc=5
2026-06-05 03:00,Barron's,barrons.com,Tesla Stock Has One Less Sell Rating. J.P. Morgan Raises Its Price Target by 228%.,https://news.google.com/rss/articles/CBMiggFBVV95cUxONU1aSEo4VzlGS19SM3IyNmlMUTBKOXVUd2s1ZWd3SUQwYUpKVy0wbXdSSWRUb0EzaGN3RW5uUVQ0T1JzeGtUblF2RWdXTlM2YjZRcGFzZ2ZzejlQdnZrRFI0YmpId1JMQjQ2MmFEdUNHVjBVVmdkSEE3ckN1WjE4djF3?oc=5
2026-06-05 03:00,Bloomberg,bloomberg.com,JPMorgan Turns Upbeat on Tesla After Replacing Bearish Analyst,https://news.google.com/rss/articles/CBMiswFBVV95cUxNejR0SHA4Z0staGlVcVk2c3VRT00zckZJem5QM3N2Q093ZWlVS3hKSllacWJFTDB4cmZMa2xPUHNmYl9KM3JLNTlrMlZPM3g2ZnRNMGRnZWRxMW5oZy10THlyZTNacFZkQy1DMkhXTlA5M2NXS2pMUlZjZWFjZVFwSHl3TjNER1VyOXN1Y0dWT2JpR1ZKR3RDVl9yLWNkSHZxYWM4Z1N3ZE83Wm9VLVdoYl9Cbw?oc=5
2026-06-05 03:00,Investing.com,investing.com,"JPMorgan upgrades Tesla stock rating to neutral, raises target to $475",https://news.google.com/rss/articles/CBMixwFBVV95cUxOX2gwRXd3VXY2NGZVTjFONklEYWZvRG51cTZndl9WZTlLdUNpbVlOZllrY1hIX1hsam1mRFpidFQ0M2tPVHh2RnJXSFhoM1JRVU5jQWtuWmdVaHJxZTdnZzE0bVhzcTQ4MnBreTBMb0J5WWoxWFVZQmc4TFBKUkpoQkZ0SEdpUFdYVzNPN09HZzUtODhlSVJQVmtQV0l1ZTF1aHMyUWFIMWowTnNKWEpnemh3NTRia2R0YmFTRDliakI1NjB4TGdr?oc=5
2026-06-05 03:00,Investor's Business Daily,investors.com,JPMorgan Upgrades Tesla With A Major Price Target Hike,https://news.google.com/rss/articles/CBMirgFBVV95cUxPRll0M1gwZDdMWl81RkJBLUw1TnRfZm5STXR0aHVCTmxrUDVXcS1XR3hOOFRZNU5FRWVKbUY2TloyUWJhbGo0bzVIZGZGSEo2SzNzTGNZaTVPVkhCeGZxcS1CVXB4UUtJUHhPNkIzSGVuS2tURDZ3MDBkWGhwenVJOGsxTXptYkJLTm9GTy1fVlBkajY2N0VSSDFaM3JNTTBfS0RCaGRUSFBIM19hV2c?oc=5
2026-06-05 03:00,MarketWatch,marketwatch.com,J.P. Morgan ends bearish Tesla call that was predicting a 65% stock drop,https://news.google.com/rss/articles/CBMiswFBVV95cUxNTmNuSGlHYVFBY3dDWWZyeVdLanNkbzhZbEM1YmplUy1QTzZCbWl0OU9mZWhtNFZTTUxPaEZ2Wko3RGxpOEd1MFFsWDk4RTFqcGxPNXZiSnR4MUhtSm9tbzJpb1dEQWw2MWJMYTFPOUJsd0VHeUxaZ2hySWZsX2dBdElHMzhNcGdLZWJUbzRXMkp2WUY0TGJQY2Y1T1V1ZzRpMU9sZUdKNWpNR2ZyUEZQZDVEUQ?oc=5
2026-06-05 03:00,Reuters,reuters.com,"JP Morgan upgrades Tesla to 'neutral', sees robotics driving long-term growth",https://news.google.com/rss/articles/CBMiygFBVV95cUxPaTNXdkRReDg0U3Bjc2JrS0VZbHVVd19zOElyVEF3a1lyRThUUm1OblhIaFVaUDZaN09SY044ZXJpX2wyR0pSRzg5MzQxdWtQV0ROTUVDVkYwMnVUMnVXdXc5ZE5UUC1ZcnNvekIzSWNtaVA3MWJHVmNpM1J0Wmw1cGlYd0FHNEs3YV9EZG5zeW9Vb2FwOGFvVGR3ZFhQOTRZT253c1AydzFEZmlEQjJXNEJzdHlrcF9sUnBjWUJ4VXI0WmtBS1RpRzB3?oc=5
2026-06-05 03:00,Yahoo Finance,finance.yahoo.com,JP Morgan Triples Tesla's Price Target,https://news.google.com/rss/articles/CBMimwFBVV95cUxNRHVLWENqSVpxVi1wREFIdmdFdXdSaUZCX1FTY3FYVmFRdnBCN1NzdDgtSzBDQ1k2Y2NsNGpkRkd2cjdkck1EbGZBamFZQlpKOUJFdTItTFJva3NLQmFPNmZkQXBTd3VOMVVIRlFXSG9xT3QyRkVKVlJ2R2Fmb3VQZU1ON2RWbm4yR2VqQkJCZy1raFJCZk85cks2SQ?oc=5
2026-06-05 03:00,Yahoo Finance,finance.yahoo.com,"JP Morgan upgrades Tesla to neutral, raises price target to $475",https://news.google.com/rss/articles/CBMingFBVV95cUxOenZoczloX21PM2NWT1hjRzFrRmhtSmI1ZC1mS29FRlRodnJKOEV5UkItUXlfcEt3LWM2LWZnSmZiQ2x6akdmdmZ5VlJMeGYtZDlIcUI1NXJoXy14aDBPVXB4Y1ZoUlN2bFIwdUxfMUxhcjJJdkhWY21iVHVrbEF1enp0MzJFQ090MlRLRkNIc0VZMzVJSk44aks5MEpfQQ?oc=5
2026-06-05 03:00,Yahoo Finance,finance.yahoo.com,JPMorgan Turns Neutral on Tesla,https://news.google.com/rss/articles/CBMimAFBVV95cUxObk5GSzk4VUpCUE5XaVRta0hFMkRhWDVMTHB6TlpNM2FIUUQxOTRqOVlfUHVsaGVXSVBjTG1MdjZPX21WX1RTcVNsOUpqdDBHZFdVdWhrS0NHV0pHS01GUEE2VFhOY3lVTkRSeDM1RFdBdjNHZlpFWmxSRTY0MFJxS2d5TkY1TjVuTTFFaHpHcEZXRk9CNnp4NA?oc=5
2026-06-05 03:00,Yahoo Finance,finance.yahoo.com,Why Tesla (TSLA) Shares Are Trading Lower Today,https://news.google.com/rss/articles/CBMimgFBVV95cUxPYkZtT0IxblhhRDc1Rm9mcHhxdzA2NWZwcUJWZWxqN3hRUHgzQ1EtNmYxa2xtNjY3SVl6TENLczhFenlYems5aU42dm4tVEtJMFRNanZITWpUa2dISTJGU09wZnppbXBSeTFTNWd3dFM5QVAxTHJXUjlNNnVzRHRpMEllYkJITHpTdkF0VEQ5c3lEd0h2U1Fnc3RB?oc=5
2026-06-05 03:00,Zacks,zacks.com,Can AI and Robotics Revive Tesla? ETFs Worth Considering,https://news.google.com/rss/articles/CBMinAFBVV95cUxPczFEUFh0RG9pTEhYSzZmXzhiSkRsc0d6OFVUTi1RTkR3TzMzM1lQLXlaQUF5aWNsTi05UE9DQU9iYXNfX2hlQjVNSjI0ZFVHQlNlTWozZjBoZjJ4Q2Y3N1cyb2pmaW96NlBVeUpTQjNlUWZkSVozNzVwb25rc0dRbVlhU0l4MWpvZVRvdXNWUjhYR1AzendKaVhrM0o?oc=5
2026-06-06 03:00,Fortune,fortune.com,Elon Musk bullet-proofed his $1 trillion ‘Mars-shot’ pay at SpaceX after the pay brawl at Tesla,https://news.google.com/rss/articles/CBMifEFVX3lxTE9tUU1SenRPc3BtNnVxS1p6Q1dGRVBHOXRBSThWQTA4RUdxN3JrbEhXYlREV3FuMFhEdHlzeFhqTE10dFFCU0lEZXBkQnZWTUVjTDlrTW5FUF8zTWc5UHctdGpMREE2ZGlzSjFuUTZWVFJqc2V1RktOMTB6aGk?oc=5
2026-06-06 03:00,Investing.com,investing.com,5 big analyst AI moves: Tesla upgraded as Mag 7 seen with more room to run,https://news.google.com/rss/articles/CBMiygFBVV95cUxNV0xQUEFBOFhSOFVmOVB5ZmZYRzBIcFQ4SjRGbkxWU212cXNKT1V4RGFyVF9OV1BFMG5RbmQxaXVrNEtTaHF1a0JJR25HWEppeVhqS0ltUHhIN1ozaGdFUi1qZklDb2Q3TzFySTFZRUVQY0w3cnY3RlNWMkc5WHpwa2szVTdXREdhUm51Y2wxdGwzaG5OcU5Pa2d0ZmpjbF9UTzZNeDVoWTR2SmJabC0yYjJXM1NWVWJoZkd6NDdLc0o2M1I2VzRzOFlR?oc=5
2026-06-06 03:00,The Motley Fool,fool.com,Should Investors Sell Tesla Stock to Buy SpaceX?,https://news.google.com/rss/articles/CBMilAFBVV95cUxOclBSZzVFWkJRb24yRFJuOVZvaDAxMjg5MTFtbUoxeDNvZVRZZmhEWnhfb1I1dloxUTFqZGYyV0NnUVBBQV9DZGZuZXhWYlNNMzBDV09XRnpfd1hLalJMSTRxYU5mRERVRm1uZm1Jd0dRMXpJcHlHZkZpT2hMamt5bk8wOWw5a0g3ZXVkM3dnQmhmOGxT?oc=5
2026-06-07 03:00,Seeking Alpha,seekingalpha.com,SA Asks: Will Tesla merge with SpaceX? (SPCX:Pending),https://news.google.com/rss/articles/CBMif0FVX3lxTE5iN0R3OS1UWDRsRUZ1bHUtNWJtVWd5R3YteHhsUmpZVmMxcV9rR3pPTlp1cGk0eW9zWWM5TEVjUDVQcjU2aS0yak84X0s1ZnZkYU5DT2JtYy1hUmt4N0J2bEtMeVJZMEZwQV9LeWlzWkxEcGczUThHczZwcFd0UWM?oc=5
2026-06-08 03:00,Axios,axios.com,SpaceX IPO to test Elon Musk's market magic,https://news.google.com/rss/articles/CBMiZkFVX3lxTE5EdTdwUEpLcjlFWmxtZ3FCNnNpcGZoZFM2ajRDeXJnUTBNT0ZzbFM2TG9qVXgxS1Z0eUNnM3dkdTVCbkFCU201NDBQbzZQdXdqUEhUSTE1alEwNVp2bTNheG03V3FZdw?oc=5
2026-06-08 03:00,Investor's Business Daily,investors.com,Tesla China Retail Sales Jump 22%. The Stock Is Bouncing.,https://news.google.com/rss/articles/CBMid0FVX3lxTE93TnZBVEU3alBaQi1lb2RVU20ybGhUb1NVWVFMVHdhLWd6QldZbGhydGZQUG5IZUlRXzJQdnpVdnFtaGtNZE1oa29XUzR4ODVieU82RURqNjdYRzR4Y05pMTFWR2loSndmTllJbnJIS3FSczdpbmFj?oc=5
2026-06-08 03:00,Investor's Business Daily,investors.com,"With SpaceX IPO Imminent, This Strategy In Options Trading Bets On Rotation Out Of Tesla Stock",https://news.google.com/rss/articles/CBMimAFBVV95cUxNZ1ZORFRLMHhfT0h4UU80X21mbG9sZDdIbEJHZlViTURfcDVjNm9kZlVac01RN19paTBJQzhVX251ODNYcEtGYmZFeDdMbnJ3QThnRWtqYnJoMnFyQlp2Y1FSdHpSSnRuenZMODFIV0hETlp2ODNPSkF4aWRaRjZoWkI4RElZS3J2alZ5TXpMa1Z5UWFscHpxeg?oc=5
2026-06-08 03:00,Seeking Alpha,seekingalpha.com,Tesla: 190x P/E Ratio Reexamined (NASDAQ:TSLA),https://news.google.com/rss/articles/CBMie0FVX3lxTFBTbnlzVDNGSTdJdFdLRHNzbm5ON1FDWkd2a0hsYmptNHoxdHpUZU5Rd25nODh3RUM0QVNJTTdFMGx1NGhVaEZ2czVGT1lnLVJQVHd2eUNEV1B1RHU1RzNocHFQWHU3bVVhRzFEYWM0dWVmSEZYTVFwVXBDbw?oc=5
2026-06-08 03:00,The Motley Fool,fool.com,Will SpaceX Merge With Tesla? The Answer Might Be Hiding in Plain Sight.,https://news.google.com/rss/articles/CBMimAFBVV95cUxOSE5wV3VVdHBlQWUtblB0OXNEc0ZQYk9EMzdTd3N0TmNMek1zRFM5ek9FX3ZYbm44YWNTTWFhNzVpWGR4SW1SSjJjWkVrY1ZyLThwUkZKRGhHZDNZTTFOT2FVeE9OTmFIa2dzOE1meE5veVIzYXEzRFBnSkpHQnBaSlgyOVRIdEVSNUE4Y1pyQXlYUkxNTUVHTw?oc=5
2026-06-08 03:00,Yahoo Finance,finance.yahoo.com,"At a $1.2 Trillion Market Cap, Is Tesla Stock Overvalued or Undervalued Right Now?",https://news.google.com/rss/articles/CBMikgFBVV95cUxNVmZrZzJiRVFpNXE4a3VFeWRHZEU1RGd5Zy1BWlR1YnY2YWZBQ0lRQ2xxTi1QQ2F2WWhtUmNHMzBTakJPZUtHNDF6UVdFOGFocEk1bEpGWXpteGIyWVp0d1daWVBNSS1RYkpGeExjeVBmVkUtTnRJdEpSNFJUd1dvZW1vdG1uNXNGdURHM0dadmZJdw?oc=5
2026-06-08 03:00,Yahoo Finance,finance.yahoo.com,JPMorgan Just Dramatically Reversed Course on Tesla Because TSLA Stock Has Massive Physical AI Potential,https://news.google.com/rss/articles/CBMiqwFBVV95cUxOcWZQNmJlMnY2Uk1WZWJINndELWRNeVl3bmhCTnhROGN5WFgwR0YxWVJzTkNZSWRNd0dTT0tLUGxIakRHOWxVWGhfMnVOb2k5UDZVUFRsX25KMWlNX1c2WE4wTDFkX19jNkx4MFFSQmxFei1JeTRRNlRlc1FYZGxzWmxqOURCVXVzVUpiV2c4OW5WbVpXZ2llR0RfNXc0d2dlQTYtM21oSXNGQVE?oc=5
2026-06-09 03:00,Barron's,barrons.com,"Tesla Stock: Cathie Wood’s First Robo-Taxi Ride, Dutch Safety Data Provide a Lift",https://news.google.com/rss/articles/CBMimAFBVV95cUxQNEhVbTZuS2V4djNVWTU0LU1MSkczYlhNZEpfMXJjWDdycDd6Z3RIT054bzBmeVAzUUV1RWRWeHAtWVUyM3REVTJOM0wzUVdPTHpzSGRfZjh5SU1OTThudGlKN2VjV201dTRXd2ZING80c0lVdFdacFkySmtPUEk4SmFRbTBiZDc0eW44Y29mM1laRkItQ2xnRw?oc=5
2026-06-09 03:00,Benzinga,benzinga.com,Tesla Stock Is Under Pressure Today: What's Going On?,https://news.google.com/rss/articles/CBMisAFBVV95cUxNQ3VHbTFtejlQZklTWTFNTGNEU2ticHBtVUREa1o4ZEZPLTk3clpINUNLdlFnMURFVmZGTnFSMHBJNXVnMkN5Q2s0TWw4dHRRQ2tKaHBtNXROTl9qZzE1NUVHM09aeWxtUk5FUVM1VWptSnhHclhiQ3hTcEt6ZDEyaWNva3VxYnJsNS1NOHdnSFNIeWhmVHVHTUtDQ21fR2NBWV9zbEdFbWJvX2RWT2ZEZw?oc=5
2026-06-09 03:00,Benzinga,benzinga.com,Tesla Stock Wobbles As Elon Musk Lines Up The SpaceX IPO,https://news.google.com/rss/articles/CBMiuAFBVV95cUxONWRac0hmMUw1QXlxV0xjMnFUa3M1ZUhRY3QtYWZCNDJJWVdRcGd6b2lFY2x1QnAyaUlha2N4UFV5cFlKLV9PbTVkUXNMb3hBTGN4OUtDbTRtc1Q5QnNfVV9zQ0NkVjVaOWFrMHdBeS05cDBxN05lYjdXME1XZWtYMVFEVVIwQVhDblQ2UFd1VFpHVjJRTklDQ2dpVjJzMVRZLVlWdkhWT0w0dHhEeUdKRFVPd1Vpdlp6?oc=5
2026-06-09 03:00,Investing.com,investing.com,Wolfe Research reiterates Peerperform on Tesla stock amid catalysts,https://news.google.com/rss/articles/CBMixgFBVV95cUxQWE03Mk9oVFlRcWlERGE0TXdRYXpENjg2MXlPNjNKQURJVGZodHdyWktRSzVtNlBET0tGWndiOGVZZXAteFhhUWhUbkVfQTV5ekFWbjFvQmgtQzlSMG81eWRpZkdFT3VWRXllcFRCZEFYdlJTZ0VhV1N0MWdUU0drdk5JZFZXU3lpMEFkVS1feUhVSlVwZXdScC1JMXdFUTFMT3pjeWNoTHYyQ1RUVVEwbFlXc05acTZxSzRBMXU0bTVWRHVWS2c?oc=5
2026-06-09 03:00,Investing.com,za.investing.com,Why is Tesla stock sliding today? By Investing.com,https://news.google.com/rss/articles/CBMimAFBVV95cUxPdGtOYkRfVGtVWXRWWE54ZEZOT21YUWdHenEtTTZtV05iUDloQVZFZ1NPa2xJZ212NDVPVTR5MllwQ05QcUVLeUFaanZhbGNKT21IZnN3Y0dEdTB4Tk12dG1mRDJ0TWpmdndMb1Z4Wkd6eXRDZmZISlBCalRFdzFTaW9iTFBOSVgzS19FMDBaYjU1TmdQT2hCbA?oc=5
2026-06-09 03:00,Morningstar,morningstar.com,What Happens If Tesla and SpaceX Merge?,https://news.google.com/rss/articles/CBMieEFVX3lxTFBiY0NnbDdVQ3JlLS1vR1pud3EyQl9fV3Y5NkEybF9JNnNkNHhab1V2RlI5Wl9KRWRPdTh3VE9GUHBoOWNwTGZ1Rm9TTVgyNnF2dGlkY1NfZkY4N0VmeXctcmRUSTA5S0lKSVRrOEN4QU9ZdHpPbDlFSQ?oc=5
2026-06-09 03:00,The Motley Fool,fool.com,5 Reasons SpaceX and Tesla Will Merge,https://news.google.com/rss/articles/CBMihwFBVV95cUxNcTVyRDV2Uy1yblQydzdnbXJZUXhRVHNoTlBVVmRpc044WkRHblZEcDFNRXdGVHZDQ19scUZ3bHJLN3FFdGEwOHJRYnlfNXJEdWljSHdHZENzdmZXQTNDRDQ3X0dJN2p4STRtRzdVQXlNRGxXZmVVQS1vU1Q0SVpnRmFGY1NPMW8?oc=5
2026-06-09 03:00,The Motley Fool,fool.com,"Tesla Just Lost One of Its Biggest Bears, but Is the Stock a Buy?",https://news.google.com/rss/articles/CBMihwFBVV95cUxNcUxFZFlXZG5Qa0otbXZNejF1TmJLWnhUMldHbkYtaDN3MzhEczl2YXYzYWVQYXVwSXJNZG1CQmZ1OGRiemttaVZCVDQ0NWo5V0ZheFlrU2tDdmtMZ0ZPUVhxVUtxdzl6S2l2d0tBWWVOYXhBMWd4eENwU3c4ZU5qdGo2ZDBsNjQ?oc=5
2026-06-09 03:00,The Motley Fool,fool.com,Tesla's China Sales Just Snapped a 2-Month Slump With a 22% Jump. Is the Turnaround Real?,https://news.google.com/rss/articles/CBMimAFBVV95cUxQUjl3MnJZQ3h3N1ZEY1RUb09FLXpGQUNJTFVlSkttcmlwUmg5ci1BRFQ2eGNhOFE3cWluTm5kTjJnZ1VIa0JSU2dsSlFhWV9PNFQyOGdEVXRFeXExY1cyTGpCU0Jjd0dobjRxRWJGeVpQUTM4S1U3ajZBa0szUi1RbWM3TUY0eDVDX0s4aUk1dTFjM2Y5NDg5dA?oc=5
2026-06-09 03:00,Yahoo Finance,finance.yahoo.com,Potential implications from SpaceX IPO for Tesla?,https://news.google.com/rss/articles/CBMipwFBVV95cUxQRFo5LWp0b0ZjczRzLUpUS2IydHJvQUl1c0IzWW8tVktyWEN6WXR0S2ZCcHUyOC1iQndYV0h3VVZab1F2Q2tGZ0FpYXNvVUJ2MUlBMVBQQl80ZzIxMWgzLVh2RFd0V2dQYWtLcmdTRHpkTDJhU2RHRTJpZzlrSFkyUmdxZklOY2tiYnV5ZnZaRV9YLXVIWmx5dEJDS041ZXh1Nk9pSGtSUQ?oc=5
2026-06-09 03:00,Yahoo Finance,finance.yahoo.com,Tesla Stock Falls as SpaceX IPO Buzz Sparks Capital Rotation Fears,https://news.google.com/rss/articles/CBMimAFBVV95cUxNMVlXRlB5dFBqS2t6YjhoNVdfMEJxZWh6MXRXd09JaV9wdXk5cXkxQXN6R0gxNGItanNnQXBWVHE1eURKbTg1Qk1FY2JQa1N6RzJSNElsS19tdWFFZ0dMZVdEN3VZODZMNVlBNXVzbncyR0o3TnBWQndZTVpEeVc1UXhTTDdkU0VsYVoxUDhZWkRTZDRhWXdUdw?oc=5
2026-06-10 03:00,Barron's,barrons.com,3 Reasons Tesla Stock Is So Volatile This Week,https://news.google.com/rss/articles/CBMic0FVX3lxTFBBdm9zMTBkY3J4VlJwbUJERTJzQ3AyNF8wV1ZMV0xtbUlHMTZrZlpET2xTN01lV2pTa3ZRekJSS0RCNG9QNm95UUVvM3pHQjNNSVVycXhfMTBLUFJEdExsd1RKRks1MGhva1EtR3FPbzhwUWs?oc=5
2026-06-10 03:00,Investing.com,investing.com,Piper Sandler reiterates Tesla stock rating on FSD progress,https://news.google.com/rss/articles/CBMiuwFBVV95cUxNejd2WnVfTlQxMHlmNHgzZjhXb3ZycUJMUXhGMEp2VG5NczZzSHV5SWxWUnBuSkxwQTcyemNRZ1UzQ2JwaEotdl9uNnkwTk9jbGR6Z21uSVJPX1YtYTB3YUY3SmQzaUFpQW9IUm42Ukx5ajRBZHdIVkx6RG9YUUR3ZVNUTXRBWmNQTUJIeTV6Y0RKRHBSNlpHaEZkV1RWN2xqaVlIV3dSdFB0X2EtbkZlbVp4WGlfY3c1cnR3?oc=5
2026-06-10 03:00,Investor's Business Daily,investors.com,Tesla Stock: FSD Approved In Denmark; Elon Musk Says This About AI Chips,https://news.google.com/rss/articles/CBMipAFBVV95cUxOWDR2SFdFYVJoUGJOZnBOc25IUmlRblgwSUxQdGs2T0Q4alRRcnctaTJaOUdxWFBGQkp3dVhtM3dLSjBuNUxKeEc4UC1hejlDM0hnWVhJM0JuM01xZXNqeEhWNEd6NTF1N3B2a2N0QVYxM19PTnM4YzJ2RzN2bC1DaVNoV2ZvNHhqUC0zV2lyaURXcEdNLTZ3UTFCTXNmOU5uMXBGVg?oc=5
2026-06-10 03:00,Reuters,reuters.com,Short-sellers to tread carefully as Musk's SpaceX debuts,https://news.google.com/rss/articles/CBMipAFBVV95cUxORUdFbm9ZdS1Wb0RreVY5Y0duemp6ck56RHVlRWw0YjBlcTJNUXczaEk1X0IwNmdfbkR4Rmw2TlZ4d0RPN0I0N01VX3JBN205Y1dfeEo5RVJUU1dmT0JFTDhjVDlhZjNjc093OTRjWmIzV180TTAtOWdYWjZhNVNxY2NhZWR6T3dyU0ZLejRybDhBOWpZTUI4aG1VN0ZGWndaS2ZpaA?oc=5
2026-06-10 03:00,Reuters,reuters.com,SpaceX's lofty valuation set to put 'Elon premium' to test,https://news.google.com/rss/articles/CBMiqAFBVV95cUxQeUN2Nl9wRkNreWMwSDRId1ZpUjgtT2g3UDc2TjBUcHZ0T0MxRkpBM0tlNXV4NUN1M2ZJQ1h2Z2RBREpjX21oMzdLTU1zNTJrMWtmZWR6OVBFTHdKUkZtRnAySDF0YjYtcEhfZ3VUZFJndGt2OUYxUXV0Z2NSajZyM1hneHdhNXRFVkV3WUpRVGlvQjltYkNMSUJHTl9TQjZTLVlybzFXZ0s?oc=5
2026-06-10 03:00,Seeking Alpha,seekingalpha.com,On Tesla Becoming X (NASDAQ:TSLA),https://news.google.com/rss/articles/CBMibEFVX3lxTE55ODE1UWVBQnhBa05UVWtVcXpUZVRHMnVsYXRrY3hyT2wyblRkYlpFa3VMb3N3T0xGSUhpTlRIRnMyM0ZoTnhrT2RiT2tYdVZXcndDQTJJaUY2X3h3a2pxQnJ4aXRkVnRNYTRBbA?oc=5
2026-06-10 03:00,Yahoo Finance,finance.yahoo.com,Prediction: Tesla Stock Will Hit $500 on This Date,https://news.google.com/rss/articles/CBMimwFBVV95cUxOTmRvdkJ6TlQwaEpkRmswNEFJRElHeGdjVVU3R0hEZ3NCc05nWEVaTlBucnliT0ZDdE8waGNXT0pBQldJejR3Uk9BRjZkeFEtLWNFbDJXVzZNSTJWXzVoaUNYOF9JRkVFQVhJMjNtWmNiSTlyelYzUlhrcERzV1U5MUVocWhxNnpabnBTT25pbVlNb09sSXlQd1ZnOA?oc=5
2026-06-10 03:00,Yahoo Finance,finance.yahoo.com,"Tesla Has 'Effectively' Achieved Level 4 Autonomy, Says Piper Sandler Analyst – How A Trip To Minneapolis Strengthened His Conviction",https://news.google.com/rss/articles/CBMioAFBVV95cUxPOE9tTE50MHZWYUdCcWdiM1hQYjJlbk0yUEdvR1FnSE11SHFHb0VMcDM4VnJ0enNkcEctNy11SVRUY2s4dDd6aUkyZ2tkUUpVM2NjbUpMSGtiby1JZlc2SER4bGFBN1RkS1dSOWVhZzFUSWxGUU9McG5GNFZWRUd0amUyV3huaWxTRlIxZF94MGRDTHUwRTJmeUFpdnhHOVZG?oc=5
2026-06-11 03:00,CNBC,cnbc.com,"Here are Thursday's biggest analyst calls: SpaceX, Nvidia, Tesla, Intel, Micron, Oracle, Meta, AMD & more",https://news.google.com/rss/articles/CBMiowFBVV95cUxQM2tyRVZtV1otM29GUVdKN1RzOWxzeWh3SXJaSVVDSEJIVkVjN0FzMVdRaDYtSnlVMjd5ZmNfNnEwM194NnNSYmpVVjRQRkJfS0NOb0RnaGdUdUZsQ3hUTGdSQzNHOWNpNTFKZkZrcFFES29jZjk2QVFvQmNYWnNvVTVnWUdzbV9JZmFrT2g3ekRZcWJtUjlya1JTM1U0OGZIR0c0?oc=5
2026-06-11 03:00,Forbes,forbes.com,Musk’s Net Worth Down More Than $50 Billion Ahead Of SpaceX IPO,https://news.google.com/rss/articles/CBMizwFBVV95cUxNWERPTzVoRzRia21HQWtfNktqb1NXT1BnOU5JYlFOLTh3VkFWT0FGSW1ZVy04dHVhb1RIcFQwLWhaa3UyZm1HclVyeVBpNFBjQXNIRWRKYVJHYVRmOF9LN3AzOW84bUlrYUs0NHBtbG1iRlNueVJydFZVRHJ3Rnhycmk5d1ZPUXNDN29xWEY0RkRTaWRrU0FTdEdIbElwaGFuMzFkR1Y0Z3JYMms2N0RpdHZUWlExMXJndHNHLThsY1lnVTNScFhWeTIxbXFtNnM?oc=5
2026-06-11 03:00,Fortune,fortune.com,SpaceX’s record IPO has Wall Street torn between a Musk ‘holy grail’ and a $135-per-share leap of faith,https://news.google.com/rss/articles/CBMipAFBVV95cUxNMm5LVWZhMVNkS1FkUElLVjVSVmVrakFYN3NUX0ZMc0VjdnUwY3p3RFdoQUlVT3BwT0d1ZTlXdmRUUTdubDh3WGo4MXh2X2dZRFVNVU9hUUZ4UnMxNWlaLUptemZNWHFhQXc0SnNyRXA4cDFsUWMwWWN0Rk53RWh2cFJJcGNGOEVUWlJNRW1meURMUGtMeGhneXRnWU1mMGI1cWJ6WA?oc=5
2026-06-11 03:00,Investing.com,investing.com,Oppenheimer raises Tesla stock price target on storage demand,https://news.google.com/rss/articles/CBMivgFBVV95cUxNdVZVS2FiWGNab2NaZVdSTmxiNWtrWWR6Yy1nRTcxTTN1dE45WmFoaDAzZlNTS0lNckR4SGZDajdCQXYzNDd6SktFLXh6TkhsSnRoZG5GWmNXUkY0LXhXZXJld3V5TnBzcWFCTUx3ak5MVlZrUkdreEtXR2xONWxWdk1xa2JTX1Jzb2dPbGFXcmYwYm02X205RnlSei1yZFg3UklTMWkyeWhESFlHOUdfOWpIUDN5NlJvZGRjNWp3?oc=5
2026-06-11 03:00,Investing.com,investing.com,Oppenheimer reiterates Tesla stock rating on storage demand,https://news.google.com/rss/articles/CBMiuwFBVV95cUxPRHRjMl9wWUQteWNJZVhTc1lYZlNJd1h4N1pvX3FkLW9YSUxzWFpuNFdfcTNiQ1lFOUpwek1GYUYxZmoyZWdGQUxNaDlwckRGRlVGcDdPZDBUcl9Bb21xbG16Z1VNOW50aUN6aExocmVfR1M4aS1EdkM4RDR3T0xsclRhbDMzcGJhaVNOTmR6eDMtY0FLOTNzWnFuSGVEUFdTeElMbUduazYxR0tYcXZZcUdfRml3aW1vWkZV?oc=5
2026-06-11 03:00,Investor's Business Daily,investors.com,Musk To Pitch Terafab Semiconductor Factory To ASML Ahead Of SpaceX IPO,https://news.google.com/rss/articles/CBMilAFBVV95cUxNMWdhcGdaYlZWdmNBd0I0bTVFbXBUZk9JWExiWlpHejIzLUlGNVBTUVlBZVJNaEdHSmlfY2pTMjJmVlZqTkQ1Y3ZYeGlMcnhXMFlpSWVWdlNYbDVIcGxHT2djZE9iX19JaWE4UmVhb2hwbFA4SWN5UGJOejhRSUVBWG93SXNnX1RmUGFJbVFTa3Y2WjZa?oc=5
2026-06-11 03:00,Los Angeles Times,latimes.com,SpaceX is poised to make history with record $75-billion stock IPO,https://news.google.com/rss/articles/CBMitgFBVV95cUxNeHRTTEpIeHktYXRra09wQXJrdWF0aHRGdVRzNWVDMU5OYmgxQklZVlZMQjdSQ0c2X2hVaFJGUnRHeGxnV3N0VmlBYW1JYWZQZEZLR3o0aktEV3lBYVUwRUFveGkxYTdLZGktWHg4ak5jRG1wQzQwdXlITDBqM2lNT3JGNlN0Q041V2RhWnRTVUthUDR6MllzOW9teDExQjZkQ210M3pmTTZNRmJ3cnhzU1FHeklpdw?oc=5
2026-06-11 03:00,MarketWatch,marketwatch.com,SpaceX’s stock could follow the same path as Tesla’s — not always trading on fundamentals,https://news.google.com/rss/articles/CBMixgFBVV95cUxNV0ZDcDJXaTlOLU5DMWw0UkZXeDFmR1VWVnpJWjhWU3hfUmFYd3BITG1OMmpJSVloNnNjR3lRU2w1dmNBc29td2lxVGxFSm5YMkhXVzJVX3BtNjUwbTJYRnpLU0hiMlFtZjFpYzh5eEV1ZW5XQlhrVUtqNl9KaGxNdVhDU3haOEFmd2tva2FsZnplMG1rb3dWS3Nuay01UXJ1bmJsUzNMU2NvUVV4RWhvc0JiSmg1R3JUT0JTd2I0ams1TVRJTXc?oc=5
2026-06-11 03:00,New York Times,nytimes.com,How Tesla’s Stock Listing in 2010 Enabled SpaceX’s I.P.O.,https://news.google.com/rss/articles/CBMigAFBVV95cUxQR1lqc1c1ME05N1l1QW5fWV9VWi1KNEJ6VDljUkJBMWZfYUFjV191Zjl4UzZ6S2JQZ3U3eGJpTVhqQ1B1TU1KTVVmc3VUVkpmRDE3bnp3NG1yUlJJMUFZZ2xuN0NIWjhSOFFDWmw2YkhoendzUFlTcXZaN3VUQW45LQ?oc=5
2026-06-11 03:00,The Motley Fool,fool.com,Prediction: Here's When SpaceX Will Merge With Tesla,https://news.google.com/rss/articles/CBMimAFBVV95cUxOandZUS1paTNQRkhsMC1xTjY5YnpoWHl4QWtzRVBuSVpXV3Y5cTdaNl9JNEsxTVlFaDVGU2tpS1ZWejNjalFsbjU2Y1k5ckk1TVN3MDlLZnk1d20wYVdRMllDbUtDTlNQenVhVWcxNzhteElXaHY3YUlHelNYNHpPSDZpQnVuM1lNQlB6WGxGdE5lSG9fUHBtRQ?oc=5
2026-06-11 03:00,Yahoo Finance,finance.yahoo.com,Tesla Is Worth More Than The Next 10 Car Companies Combined,https://news.google.com/rss/articles/CBMikwFBVV95cUxQMEdZMFVNWUVfeWRwaXk4dmZaX21GX29hS1cxMUQtdkdyQlR1QmxVSTZLblVEWXBVcTFuYWlUNnNOYnhzOUxtZmJMX2RtU2JnMVJBSFBlZ0VHelMweGk5emlsRkFMdW5lTGE2SDNDdU5fUjlfeUZvOTYtMHZlZVd1ZXJaQmM1Q0VjclRlUV94TkxyMDg?oc=5
2026-06-12 03:00,BBC,bbc.com,Elon Musk becomes world's first trillionaire as SpaceX soars in stock market debut,https://news.google.com/rss/articles/CBMiWkFVX3lxTFBXU3A1ZEtDbHhYenRtOXZRX2NzbUhpRUMyX3V4Mk10Vzk4U2VxV0FjNGxvY19lVUZtY3MyUlBYUG8yNFFScGhVcWJ2LTZHTEtCRTZLbi0yY01NUQ?oc=5
2026-06-12 03:00,BBC,bbc.com,Who is Elon Musk and what is his net worth?,https://news.google.com/rss/articles/CBMiWkFVX3lxTE1Zdk5aUklFM0lGNnRUUEpRUHQxbHlvTzRZWnluYzlaNFZUbjFCWVBpcVpIclVFM3dsYVFQSkpMT0ZjejZXLVB6dnlMYU5yTExyaTJ1U3VRTWdLQQ?oc=5
2026-06-12 03:00,Bloomberg,bloomberg.com,"Watch SpaceX, Tesla Merger A 'Forgone Conclusion,' Says Ross Gerber",https://news.google.com/rss/articles/CBMiqwFBVV95cUxOd3hzM0tjczdJQjJSMmV2RkVFWkhxNk9kMktnczB3bnhVMzRwZmZsMTdMNWlVUXBrdmxJcFZiVEFFbEQwZnRyZEpILXNhcGFYS1BVMmFKeXZTUzhLVEZycFBLTUJoRTlqbl9icVJtNFQ2bmxlaEJnOVVseW9TamVOTzlRX1Yxb2FDSXh1VmlZNlVleURhOXg4bFlTTEJ1SS1PTlVJbEZOQzllRWc?oc=5
2026-06-12 03:00,CNBC,cnbc.com,Elon Musk becomes world's first trillionaire as SpaceX begins trading on the Nasdaq,https://news.google.com/rss/articles/CBMidEFVX3lxTFA4VW9oaERsWVZrTlpOVjlmODhmejZwdWVYcnQza0YtRkZKSTZIX0FSOEFTeHpxR1dsZDZ0Z3E2Y2V4enNzSFhOVnhUb00tV0xBOV9VRTRyWXluRDVPMTBjaGJYVFVKVzROZFIyeVlaMlEzc1N40gF6QVVfeXFMTUE4aXBYc19nTnRYUzZSNDByZlpwQTBfbjNtaF9UTU5IbTRpT0xqaVNSeDN4c3ROS055MTJsTGwzRUlMOWkxR1BGbDM2bVZra0FoT3dRWktBMlRXa1NSMkV4T1JjaC1yQ1FEcnBSaW41VnF2SDZvRWlHQmc?oc=5
2026-06-12 03:00,CNBC,cnbc.com,"Small investors scrambled to get in on the SpaceX IPO, even as some believe the valuation is 'stupid'",https://news.google.com/rss/articles/CBMi0AFBVV95cUxOMFkzNXU1SGtaTy1sVTd1REhTbFJqOXlVLXBOVW4xUVJWT05jVkM4d2hYMzFicnJNVm11Ym9ObDR4RFU3WmxWM20xOFBpZHB0Z291NHJ1MjhXa2lVbGVYSWpVV1FSd0pNN2dMV3ltT2Y1dUQ2UUIwY0VqbEZTWVNYRXVxWjE4WXZtZlBPUW9iTW1sWDhFeFRjdUVtV200MFY1aEZPU3BNOUYzSEltVXVzUFI0VjhKVUFaMEZXNDBHZ0F2eDBZdnlaWnBBZVByUmlN0gHWAUFVX3lxTE9DUjFzS2ppai12TW83SS1uWkQzaDZKeHdRRVRLcURsdTZnR0JKQUtITFBqZXMydGhwdm5IWjlIOFRMM2V1QV9EdjVWZXUzdmRvSXFQWk5JbVpDcWdLRkFOcUM3RjI1WWltdFFSUFdKOFFXY2YtbzFadVlGMkRxdlZGeWhibXZ2OGcxNmVxNFVsM1ZNOXdCMDljQlNNOW9JTFNHYm9oTnhYYjVkeG8tZmx6SmJ4OG1wbmF1cEVZYTgwZG85ZEJLU19RMVpscjJtWnA5NU53YlE?oc=5
2026-06-12 03:00,CNBC,cnbc.com,SpaceX COO Shotwell says Tesla tie-up ‘might make Elon’s life a little easier’,https://news.google.com/rss/articles/CBMiogFBVV95cUxNcklnZk9SZFhjc19KNEUwcXhsZVZuaVdPbnlRWmdBdXh1eTAtNG94aVNDNE1QcFBNei1RME9WZE9VWmFUM2UwM2NfdXQxUXFhcS1EZUdKV183Y2g0TURiVEZwOW0wYmc0T0wyZU9WLTBreEs4dlFEYVFSdmtZZUlTLVhFUUtwVWowb0NuOVZXWkVQTm9KeU90NnpldWZnWWUyV2fSAacBQVVfeXFMUHJfOGhpQUVObG0yM01MTHk5RUVjV0diQ1U3anBleUVvV3YtWmVUSVFPWFlaT2FGUER4bkxOVEtVX3NXejJheVF6MVhOTlNBMVRvVEphWjVtbTQ2ZUNnT3pIMHdwaGRySkNvTXFNQkc0SV9tX0R3d0RDc0JRNENkZHhlVXhlU0pWUmhyZHdzc1BhTnNuMzBobDJ6emdUdXc3YldEODhZcTA?oc=5
2026-06-12 03:00,Fortune,fortune.com,SpaceX president hints at Tesla merger post-IPO: ‘That might make Elon Musk’s life a little easier’,https://news.google.com/rss/articles/CBMikAFBVV95cUxQRkVadXNzN25vMFNaQ1ZDek9xMEpfTlNsZkdUdGpMTndWX0x3VWJSR19QdER0RThWOHlobzM3cko3YnZSZ3E5UjZwZ3piT2JKT011eUtPUXJBU3J3VkZNVmtOZGd6MnlUa0NadXNCNmFycjBUOUNGQUliYnFGalhtWTBkSGVKT0N0dmlIODRGQjQ?oc=5
2026-06-12 03:00,Investing.com,investing.com,GLJ Research maintains Tesla stock sell rating on inventory concerns,https://news.google.com/rss/articles/CBMixwFBVV95cUxQOFQzOEdvREtLUDRKTVdTUnRDLVJ0clBNTVZ4Y3V5R0lfbno2eWxVWE52OWFMZnFFWkhtN2h2b2RNSWtLcElwaHp2ZjhPTTlJM05HN2NrX2hJQk5qR2luLVJPcEpIQ2hLZlpscnkxdkl6RFNpQWRURWVhbk1OaEF0dlNBZUdmaUhoU3dVZ04wSHdnZ1BnTURkZGphZVM1ZUFObU50VnJDeEozMlJpRjhfb3BlSXVRU2RvTXB5WXgwSXZwcXJod1Br?oc=5
2026-06-12 03:00,Investor's Business Daily,investors.com,Cathie Wood Liquidates $279 Million Worth Of Stock This Week,https://news.google.com/rss/articles/CBMigwFBVV95cUxPTjNVMWJtay1yWWFTOGpMYnpfU3lHTFB4NEpSSElSQ19IVXNQTHZPcVFUb3lJNTZjTk9ONF9faXBnUVFyWlIyRzhoU3dLX0czdFp5dGh4dElSNUJXYmJSV3hXQWZnR0I2Q0luczNjUlJHT1dLSXZSNnF2MnpJOTJiRkpaWQ?oc=5
2026-06-12 03:00,MarketWatch,marketwatch.com,Is it too late to buy SpaceX’s stock? Here’s how Tesla’s did after one day — and five years.,https://news.google.com/rss/articles/CBMixwFBVV95cUxQWWR5OHlLWk1UeHJWbVIxejdrc1piNFZmbU12ZnA3MWhoUzdKNFFHci1nRHpIaXpoVUJNYm45aFd4b0drRm4wVllGMzVMeVVGeEJkNjh6QklLRWN6UE1BOW94ejgwYXQ0QTFFRjR6Q0lLaHhpd0NhcXhwSFoybVM5dTFwcjFvUUhuQkxadDhwSU9laTY2Z3V1RHp5UWdxUHpSb243bU5hMlJmTmVpUEhlcFBRV2V0V0NTZ1BnSGtVdTY4U3ZXRUVN?oc=5
2026-06-12 03:00,Reuters,reuters.com,How Musk's tactics left investors clamoring for SpaceX stock and ignoring risks,https://news.google.com/rss/articles/CBMixAFBVV95cUxQUjlReXFGblprSHU0OUpzM2tXNWRGSG9DVFJBQkFCbDBoWThhVmpIeWN4cFJ0bllRRVpYWFNJb3lZcVJoMXZxd2dzbUpmYWxxRTFLXzJXVG1sMjBHRkdfa1JBSGVSQ3JkMjRuSlVuR0Z4SWV4QVhudzNub0Q0TXpaa1lSVHcwZ2R0b0dyOWlBd1JUVmVGaHhkaEduamxOX2lKSWhMX0w2c0M2MFJWajV5ZTFsVEIwM2VlbVpiNWUwZkFWSGN2?oc=5
2026-06-12 03:00,Yahoo Finance,finance.yahoo.com,"Elon Musk May Be a Trillionaire, but Tesla Is Still Down 11% in 2026. Is TSLA Stock Dead Weight Now?",https://news.google.com/rss/articles/CBMingFBVV95cUxNWXpFbWU4YV92cVkycXl3UHpoSDFkV0xaVlA0eEhQX3lON0VHMDcxdEgtNG4wNDlySGdVRjB4aWJSOGJyZzdOU0VtZmt3VjVrZ01LNGdMakVWY2w3aTgyVThRLURON3ZFelFsUHBfZU51UnFEbTNiQU9TRkhmVnRHV21Cd1dHb19yT0NWUXNHRkt4NnB4QnhkYVJXRzhPUQ?oc=5
2026-06-12 03:00,Yahoo Finance,finance.yahoo.com,No One Cares About Tesla Anymore,https://news.google.com/rss/articles/CBMilgFBVV95cUxNUWN0VzFsUy1IOEhEdTRPZ2dyWFlzWExDeWd1dUtidTNEVDhvMW8ydDlKa1lFU2oxRnF2MXhXRUFydGZJMm1KUXZZb1VBSkdVTWUtRXpnVTUtcUt5bV90OXpoeHNaVV9Ya2Q1NTRqMlZMRUo0eFFOS0dFOFB0SkF3dGE4MGNWRExIQVYtMnFwd0lmbHpiTlE?oc=5
2026-06-12 03:00,Yahoo Finance,finance.yahoo.com,"Tesla May See Double-Digit Growth In Q2 Deliveries, Says Analyst – But ‘It’s Not Evidence That Demand Has Re-Accelerated’",https://news.google.com/rss/articles/CBMilgFBVV95cUxPNkhXbzd6dG5icUlfN0w0NzFZYl9zRWRpVklFeVNuNXdiUDRpTnN5STdsdEF2eVJMYzl5OFF2TzhkdnRvYi1hQVZhNTYxWXFteVZaQS1acXlXUVhxLWFOaHBNd1pOdGIyZWVUMWNSNXcybkkzY1hwc3lHNHlpbTVGSUJiWlplZERJa3ByM0dZbTF1WHJYbnc?oc=5
2026-06-12 03:00,Yahoo Finance,finance.yahoo.com,Tesla stock slides as investors turn to Musk’s crown jewel SpaceX,https://news.google.com/rss/articles/CBMinwFBVV95cUxPMm1KUC1UX05kS0VoRFFHYWhjVm0tU0NmS1lHR1d3UDduNl9jTHFrOFlmYjVhZWpYLUpWVVVRaFJnTW5EZTNkelZ3UTlmR0FncVRwWjZYUmtPNGdQTkxLcTY5MzdaaFpYNFlpNHMyUE9Hc255TDFNTWg3Z2tQaHZ2bEdyUDVZcVV2OHlpUkVkLUdTeS1YR2xsWlYyV2NNZVk?oc=5
2026-06-12 03:00,Yahoo Finance,finance.yahoo.com,What's Going On With Tesla Stock Friday,https://news.google.com/rss/articles/CBMimwFBVV95cUxPRGFiWDdBNnpjS2NOaU1YU0ZSLTFwQ1g4YWtNRGl1UndYNzk2WFVGT291VVB2Qk53RXNwTjVUVDh5RmF6NmkwUkFEcmU5WjFYQjdVbW5GRXhPSzJyYkJRZWJGOVkyR3dNWUxmdnlnZjM3YWNFUjdFS053ZmkxQklFbGJ5RWpsMmNrY2ZHbmQ4bUR1cWpoNVcwd3Eydw?oc=5
2026-06-13 03:00,CNN,cnn.com,How much of Musk’s wealth comes from government help? Virtually all of it,https://news.google.com/rss/articles/CBMiiAFBVV95cUxNNjJQb05teXFhYkZvbnNKS082aUJrRWJXOEo5Wk1VOG9YMWVFaTg3S19OT0IzbDE2WkpMdWQyeVpYbk9meUQ3UXNaaU5lNi12b1dyTm5XUmk1MGlrcG1jcVQxeENZN0h2Ti1QeUVRTk1LUng5S0xfTFV1QTh0YlBiQWhxLUt4UDR1?oc=5
2026-06-13 03:00,Investor's Business Daily,investors.com,Cathie Wood Buys 3.3 Million SpaceX Shares On IPO Day,https://news.google.com/rss/articles/CBMiiAFBVV95cUxNNnlvSVBPaE9RNk5iNlA1WlJlak5WSzdDZUQ5T3l0eTFkc0JNV3FYN0JPUkpWYk5ZSUFsM1NhakRWcTd6dmRjSVktY3BuUTlUNTVkN29Xa20xcnNvM3h6VzhrU09xWXRyZTBBaGhUd25wV2xhX0hVa1o5QzBUS3pEQ1BvUEZ2a0tt?oc=5
2026-06-13 03:00,The Motley Fool,fool.com,"Huge News for GM Stock, Tesla Stock, and Ford Stock Investors",https://news.google.com/rss/articles/CBMilwFBVV95cUxNdXY3bVluTV9PZFVjTERsQndZOGtVWm9zaGNEMTNBT1RoRzNIWEpCZlFxVXhRTnBTbmE0b1ZVNXN5X29BMGNRR1FGcW1OVE1xeVVFbmRodW96OXl2c1dHeEljWG1wQWJRQ04zbWxNOF9DajA1V3lPelAwTmRHeENHZF9ZZXlOdHFXZHNPLTR2SFhDSUJnLU9N?oc=5
2026-06-13 03:00,Yahoo Finance,finance.yahoo.com,"Elon Musk Is Now the World's First Trillionaire. For Tesla Shareholders, the More Important Question Is What Comes Next.",https://news.google.com/rss/articles/CBMilgFBVV95cUxQOG1fSzdVdGN2d0ExaHl2UDZsaHdJcWNzcnp3TmRqajhBQ1k4QWZhdFA3THMyVWdQR0h1OXBnQjBxa3E5ZHhYUndnYkw5bUhMX2ZuYU9GMWctXzB3aG1ZVXI5RUxrNUJkSVpHV2RlQXRHc0FERFNZT3V3NXJnSXlWVWV0MWM5ZTY5TTdFWkZPaUV6N1FnOWc?oc=5
2026-06-15 03:00,Benzinga,benzinga.com,Anthony Pompliano Wants Elon Musk To Merge Tesla And SpaceX: 'Give Us One Company To Bet On',https://news.google.com/rss/articles/CBMi3wFBVV95cUxNY0NGWlpFNEVsX3dDMmV5SGtudWZQcXA0T1lRMFVjZHRrWHRYaHRVdEVudjlZSVNoeG5EZlU2V0pNdW43RTgtY1pyamVTSzY1dENpQW9jT2hneG1IeWRhaV83c29GdHZxajRXQTVFY2E2MGViRXNnalhMX280c3VIaS1CODY2aW1oNmxhSG94Yl9CR2FnT05rcGhZYmlsbzdtVkpMZWh2RXRQVG1qeUNwYXVDaEJUb3lWQlExdEJYNl84ckpmZWJoN1ZqaUgzdDAxYmstQ2hXMm1Jdkp0SHRv?oc=5
2026-06-15 03:00,Benzinga,benzinga.com,Why Is Tesla Stock Surging On Monday? - Tesla (NASDAQ:TSLA),https://news.google.com/rss/articles/CBMisAJBVV95cUxQczU4QzdXZ2xrYW1RX0p6ODkyVTVlMk82ZzZrZXdUTmVkRVZaeF85WmdWSlFXZlNkX1hkSHNFSkJRU2prT2FEdlc0N3ZBOUxtalFQanVMdmRTRkZIMU44cUR6QklWTHVRVmNfdEtUbmF4YzNhb2VzNWprdUE0dF9JV19NcVlWUnYxbEN4RlBONVR4N3FPZXVQdUxMUkFDSlFNWW1uQVRzbUp3azkxNng3VHhzQlhDUHZjYkV4eE5aTFhGZzFEdG9ENUh5YXJoX0VjOXc2T0NWal9CaUhoNDRqN1pyZ2RRNXQzRHBkeDBjX0h6TGFrckFuV0xlMjJRbFNVOTJBaEw0b1RCaXBTcjZ0b191cWlLYTF4S3ZORThIRVJCVXJsZ3hERmRrRHRyOTA5?oc=5
2026-06-15 03:00,Forbes,forbes.com,Elon Musk’s Wealth Rests On A Fragile Market Foundation,https://news.google.com/rss/articles/CBMiuwFBVV95cUxQMU1SWTU2c1hZU3hpdXNiVFkzckFINEl0SlpBWjJqUWZuYmpzLThRN1o3MDVzbUthaGF4bmRnMVBYNGNqaGp1b01RZHpsRUV0dTFfOVJVMWE4dlg0Nm5DbzFSdTBIMTNXUkVrS3dJV3FvWXFNSzVxSl9RZVpQYS1xQWJMSjQ3eGZlNEROYUc5MlNPTlN4eEpRdnlSS0xUemFYY3hqS1RQd2d0aXlncUc5R3VEZWRWa2U0RHpN?oc=5
2026-06-15 03:00,The Motley Fool,fool.com,Why Tesla Might Need to Merge With SpaceX Sooner Rather Than Later,https://news.google.com/rss/articles/CBMimAFBVV95cUxNWEpqNGd3SkF5MloxOHNsNE4talV1QWlDTlU2bFVHMHNLV21QengwVlg0cXpjQlJ0am9lQk0zTFNfelVTd21qNk14VEJCeGRFT24xYUNlQnFjaDBHcEZxWm9VSmo2X2V3N3RiLVlYbXpPb0VvRDJZMHg2bXdzT0JWZzQzTHlDUDBZY1ZkNGhNbE9ZMmk0WWQtWQ?oc=5
2026-06-15 03:00,Yahoo Finance,finance.yahoo.com,NIO & TSLA See Fresh Tailwinds But Only One Stock Is Worth Owning,https://news.google.com/rss/articles/CBMimAFBVV95cUxPd25xMS0wbGw2em9sdmhYTy0zMFBPSmEzN3dBUXpseks1Wi1UUjNxYTZpZW51NFpCbUgtSG12UXdrcXRrbWxxc2NJdGhPdnlxQW1tdFlyOXVyeXNtQ3RxME1NV1F2dEZzc0FSdTAwRlNENnJJc2JPanJqZTFPWm91NkxPVnNCbnF2Y2lWN0VQZ2lmdVg1ZFJpYQ?oc=5
2026-06-16 03:00,Barron's,barrons.com,Tesla Stock Can’t Escape SpaceX’s Gravity,https://news.google.com/rss/articles/CBMie0FVX3lxTE42TnU5UDJQSmxKRk9JUWtSUTdiZ0dKUzB4c1JNYUZEX3ViZDhfb2lRVUtuQko3NVBtaTVGYUFlcmJHdTg5NVM2X0pWdWxWdjljTXFBNFl6OVdNM0NsQl9GckIyeWNpR09Ndk1zRktGajN1VkVBS0hmT09RNA?oc=5
2026-06-16 03:00,CNBC,cnbc.com,"Here are Tuesday's biggest analyst calls: Apple, Tesla, Oracle, Palantir, CoreWeave, ExxonMobil, Flutter & more",https://news.google.com/rss/articles/CBMimAFBVV95cUxNbU1ZNjM1ckh6NFVmY0ZfX1BsOXV2WVVEdnBSSnJBLUFydDdPQktXdjNuWk9NSUpKdzh3WVhYMVhMRkNRQmZyRl9ZWll2bm5tcnRpNnpORVRKSUZ4NEtMMTh3R0JYWHdhM2d2U1p4TFVQSnZsdEFIVUF1QThZNENjY2ZXYlpTbC1SVWJHaHFJVUZzY1NfelNBdA?oc=5
2026-06-16 03:00,Seeking Alpha,seekingalpha.com,Tesla: The SpaceX Optionality (NASDAQ:TSLA),https://news.google.com/rss/articles/CBMieEFVX3lxTE1tMUJXMWJ6UjJwZUY3MHRiaG5sd3N0UTRIR1k1OXZMN0hhOURWUXl4emFPanJZMUtWVldNZGVBd1Nhb2wwTU41OWV5VGJXbWJNT0gtMzhmYmxDNFBtVmJLdEh4TmZQZVI0RE9wenN3Qm9iMGQzWGJkLQ?oc=5
2026-06-16 03:00,The Motley Fool,fool.com,1 Analyst Puts the Odds of a Tesla and SpaceX Merger at 80%. Here's What That Would Mean for Tesla Investors.,https://news.google.com/rss/articles/CBMilwFBVV95cUxOcVZxbG5ZMUNrRlllbEQ1RGJaUkJJSVUzV0NJY0VBdFlsY1JqRExKWDl2RkNXcnVFQkxPZkpSTGdPSjdCWmViRUxHcEd2anRubk4ybXNITmZoR25wUWJia0h1V19CTExBcVpNakRqR2szNWYxdVRib0RxLUo2ZFcyTmV0dVg0QWZieWxiWmw3amNLWXNFTFZN?oc=5
2026-06-16 03:00,The Motley Fool,fool.com,Elon Musk Just Delivered Fantastic News for ASML Stock Investors,https://news.google.com/rss/articles/CBMikgFBVV95cUxOYTRSQzhMd3dtQS14YXpaZ0pqb1hBYXFvTW5kYkF4dExkbjNKbGNsQVhqZHk4TFk3R0V2YWZyM1VMN3BQWGJJMDVoTDBVY3FVbjdSYm0zcGZwRG1oeVN2WnVPeVYxTGdoY3ZjSDY0UEpuYTc3dnh4bkZzUGJwTnppUnl6SldFZy16SDZRT20xQkNxQQ?oc=5
2026-06-16 03:00,The Motley Fool,fool.com,It Took SpaceX Just 1 Day to Reach a Milestone Tesla Has Never Achieved. Which Elon Musk-Led Stock Is the Better Buy in June?,https://news.google.com/rss/articles/CBMihwFBVV95cUxOZmM3QVVwQVd3ZnFYZVE2S2RwbTA5QUh2eW9vanpHR1lrUmNZbFJFX3EzMlRIc1JCUjFaZ1ZWM3dLeUI4Wk5BZXZ4M0o1ME9RTEh0X1h2UjlFUUR2dER4TUd0MTk4YThiYXktZmdRQWt0SVBOVXFVazdYdVhETG5Hc2VlU0ZldFU?oc=5
2026-06-16 03:00,Yahoo Finance,finance.yahoo.com,Tesla (TSLA) Declines More Than Market: Some Information for Investors,https://news.google.com/rss/articles/CBMinAFBVV95cUxQaHl6aHNqZkRmN08zYjg4UGVQLXZ2ZmFNSmM3aU5Qd3FYV1VaN21EdEhJV0pQeXVES2N6Snk4SzFPQjZ3VEZjTDVHR1B3bzd3enFRZ0Rwc1dCSUJiM0MtYTU3eFAyVDltYmFGUWJFaEZvX1dFRUdBczhkb0lhaVFVeWl2VF9YcHNNYldhYWs5allFYl9YdnhXa2NvcDI?oc=5
2026-06-17 03:00,Barron's,barrons.com,Tesla Stock Is Down. An Argentina Charger Deal Won’t Help.,https://news.google.com/rss/articles/CBMif0FVX3lxTE9BWDhxRWRuWUVGZTJlaE5oUlVGVjRQbVBvZy0xWVpnVkY1cWR4dThGYzRCbXNZbHJZcmtGTkFMN3dxVFFoYUhwRVpGbmRfVTdKU2JHZmhfQ3RoczlhdEJlWVhzS2loXzR5clg5RUR1WndqRmV0OGIzM24tWWM2Nnc?oc=5
2026-06-17 03:00,New York Times,nytimes.com,Musk’s Next Move May Be a Megamerger of SpaceX and Tesla,https://news.google.com/rss/articles/CBMihAFBVV95cUxPT2VlenBYNDlFYnNXTjRFdHJ6dlZOU0NhQ0dFVHdqdEZEU2pWUEZpT3NTeWJKS2tSYUd3YjJaek5YZGxNWnZ6STlUalBjVkFQSVhlYXNlREQtRHRMV0dNZGlUbTNmenktd21JM2hhdXkxVU5QdUNVNGJHU0NtQXpzWGdqTEU?oc=5
2026-06-17 03:00,Yahoo Finance,uk.finance.yahoo.com,Tesla needs to deliver on Robotaxi milestones for shares to find momentum: analyst,https://news.google.com/rss/articles/CBMikgFBVV95cUxQa25LRlFVWDFVOXF3dTNJYS1KTGhmZnREcnM5UWUyS0lkZkFtTlRwREMzN1ZDQkVzazczVnROc3dOd01ndDNSZlM0a0JjNHY5MGFuTzNQa1VVOUYyRnAyLWtoUFp6V3pZWmMtQ1JneXlmclpYQmNXdVRSOTNSMkxyd2xkM2hWaUt6Qll3ZUJpeW1YQQ?oc=5
2026-06-17 03:00,Zacks,zacks.com,SpaceX vs. Tesla Stock: Which Elon Musk Company Is the Better Investment?,https://news.google.com/rss/articles/CBMisAFBVV95cUxOcGdjUkVGOEozSHBkMVJYRk9zdjdaMndkZlc1N3k4a3dNQlItR1VUbHB4dzROMDdPUmh4ZmJ2MGhtM1NuWVVKQUJNSnZUektlRmZzYzA3Q0ljTy1qQTBHYzlkRzdNdDIxM05TUlBuYUNqWTZfX3RXNDI5RTRpMjhSeGJJWUpXbHBDRjNjaDJNTFBmSjdvSVJpWTZDdnc3RGxNRkZHNkRHaHJBdlVSM1JCRw?oc=5
2026-06-18 03:00,Bloomberg,bloomberg.com,Tesla Stock Underperforms SpaceX in First Week After IPO,https://news.google.com/rss/articles/CBMiqwFBVV95cUxPR1dSMGVHZTlzZG0td2V0Q0JUeTVwbHlLSmhUYkU3MDUyVFA2bWtGUEpNTXh6cnhEc0NWQTlFRzhxQ0FZV1NsZlUxallfRnUwQUtVTzg5c3RPUk1zNWNsTXZzMW5HVVBvNzB4TDg3bWo5T0I4Rk9GTjNtWE5CbXRHMHRtcEhrMEF4MUdYSExBVUd2RXUybk5xTGhBTTR5OGU2RFBMeEN3Zi1td1E?oc=5
2026-06-18 03:00,Business Insider,businessinsider.com,Does a SpaceX-Tesla merger make sense?,https://news.google.com/rss/articles/CBMikwFBVV95cUxNMDR4UUhxc0g5RkRYY1NnNnJxUmFqSkxMbXFjUTRvcDZXOHZBNzdpZmVSZmYyLVFDYlRXcF82SllidXNLMHZmNXhoeTNpdENqdkJQQlVuQzZkV1lyUWFSSG02OG1mcWpyQkg5NExob1Q4V1dDNFVFbUVwUUh0Y2N1SmxnTlNZV0tqZTJNcDBYQ2w3cHc?oc=5
2026-06-18 03:00,Financial Times,ft.com,Is Tesla destined to be folded into SpaceX?,https://news.google.com/rss/articles/CBMihAFBVV95cUxNeFpaVDNaNU9UT0xDdUFwb1VQeXR0aXNoaHBPRFNCRVlEWklYU1NpM2VyamF2SjFhX3RuNldncmNubEg0VVRwMTdVSVBmd0tmTUlEN2w5cjEweUo3Vi1abTM3Ui1aS25oVjNsNjN3dWItY1hCaXIxQXJEQVhCd3BGeEJON28?oc=5
2026-06-18 03:00,Investing.com,investing.com,"Oppenheimer reiterates Tesla stock rating, raises capex estimates",https://news.google.com/rss/articles/CBMiwgFBVV95cUxNRzFCNnVjTUtLV29pN3VIY2tMVXEwUDMtTGkxaE4xVExJT0dyU01OcXJPSGpMN0lqRFVQb1lFUktuYTVkNmd1VTlhSlpVZF9mUWdJMXRRUkdmU0hmd091SXJGbTc2VDhReTVaVGdRNGt2WDdEV1pLd2FyQ0FOa2NGNThFbHUxSHZ5VmpQX2VnR0lFa1FQajZOS1d1ZURGbmIxVW1nS3dNc0pRel9jOGRhRHQ5R1FFTjNUWFZjWEFva0JVQQ?oc=5
2026-06-18 03:00,Seeking Alpha,seekingalpha.com,Tesla And SpaceX Are Converging - And The Market Hasn't Caught Up (NASDAQ:TSLA),https://news.google.com/rss/articles/CBMioAFBVV95cUxNZFpqWEtGcTlYNy1KQjM4bVh1ejh1aTdqYlBHcHJPSnBYRmJiZ2dWdGJjdXI4THpoUjBwWEluVXUzTnJRSTd5RGtWSFJJMFJUY2lMTEhBLUxxOHBBQ2VhejFhOXpkbDdGVURZeTk4U2ZKZ1QwNDNhc2huTEpybkk4c0RQRTBadjlRalVHZER0eE5heEE1WHBjS01oQmNDVHBU?oc=5
2026-06-18 03:00,The Motley Fool,fool.com,Does a SpaceX and Tesla Merger Make Sense? Here's What Investors Should Know,https://news.google.com/rss/articles/CBMimAFBVV95cUxNQWluV2JRVGd3dGVlakVHSEFQSUM3U1d5TXQ2YkR6cERzNFpBRHdYSVFNY29sal9QaDhhRFp3Unp6SmI3cTRlczU3S1UtUTlTdjF2SkZidTh4SkZ4U1lmZG15WmVEcXhVcHVtdzZVMVE2QkJ3M1dYQ0J0ckFJZWQxOFFhLThUTEtvOWh1aXJadjl6Tm5wemQ2bg?oc=5
2026-06-18 03:00,The Motley Fool,fool.com,Goldman Sachs Just Upgraded Its Tesla EV Delivery Forecast: Here's What Really Matters,https://news.google.com/rss/articles/CBMilwFBVV95cUxOV1JUTTVDLUsyaTFoOHRvdnBLMUhHMHlvMzBaejhXcGNiSDhkdVk3a0VCNHhCbWR1RjdoS0k4alVEX2lKbktjSktPY016b3NFN1lKOXFpNU51QlNwaUZpMTdlSTZLRnBEM1A0ckZPSHUxZ3o1QjNPbnZvZmhvLW9aUVpSTjYyeVVLdnM3MHJ6dU45LWV6Unk4?oc=5
2026-06-18 03:00,The Motley Fool,fool.com,Will Tesla Be Acquired by SpaceX? And Does That Make Tesla Stock a Buy?,https://news.google.com/rss/articles/CBMiigFBVV95cUxNTldjSmtSaVhBb2RiNi1oMHVKaVlaVVA4aG5UbV9zZ3l5Q2I5RVcySmVYYTNWQWdqYVNQZmQtcVRRNk9ES1BNclF2RGxoUlhlN2dyYmJ6cTVsMWh3aUJrU3dERFlXWUdXcG4yYWRtUXhoeHF0U3lidnNJNWtyWGs3WGdXdnEyb01vWFE?oc=5
2026-06-19 03:00,The Motley Fool,fool.com,"If You'd Invested $10,000 in Tesla 10 Years Ago, Here's How Much You'd Have Today",https://news.google.com/rss/articles/CBMikAFBVV95cUxNcUlSYkFJY2ZZbm1FREc1TkpGTTNFU25SeFRHNUdQUERlZW5rbFZ1SExyQzdBcjNvMFJvUUNfcWRkbm9QcnVmUzlNN0E1LXFGNFlfbDc0N25hQTZvaGpQNDBSOURUbUdwUTVxUGh0YUhndlh3WjlsSWp0cVQtQi1qd1lxaXdlNWhVWERwZVNnSVc?oc=5
2026-06-20 03:00,Fortune,fortune.com,Why odds of SpaceX merger with Tesla keep climbing every time the stock shoots up,https://news.google.com/rss/articles/CBMidEFVX3lxTE12YTNDWkRjNDVRcmpNV1ByZmJtcGFmVzNvaTZiSXpfT3htR0VTVjFCQ25WQVk1SkFsUDlua0tCNVhLRXpqRE40YWFhZWZQUEx2aFdadnVNNDJ2ZWl2bHVaQXRvUVNvV0dabG1TLUIxN2pNOUJJ?oc=5
2026-06-22 03:00,CNBC,cnbc.com,"Here are Monday's biggest analyst calls: SpaceX, Tesla, Apple, Micron, Estee Lauder, Pinterest, Visteon & more",https://news.google.com/rss/articles/CBMilgFBVV95cUxObVZrYUxLckY4WWpYaDJ6Slh1ckdGemtldm93T3hvekNGMVp0OTBIWWxhc1dwbzAtYXBxOEVYMTlQX3VjVW92Z2UtMlR1Z2YyYmZITFJMb0l0WXlCc2hOY3cwTGV4X3lHeVlRbHZDdnpFN2x3M2pTbk95WWVTa3k3bmVST0c0Qm95aXJXa0RHRzVsNDlKWWc?oc=5
2026-06-22 03:00,CNBC,cnbc.com,"Tesla faces federal probe after Model 3 slams into Texas home, killing 76-year-old",https://news.google.com/rss/articles/CBMiiwFBVV95cUxPbVMtRFNEUlFsWUczSTItSW1BSk1sYnF4elloZTl3WGFhRnpOZjVqUVRuUGNFYU80aVZwMmhQaEVHZzh6ZDhwdVhUTHlPRjZWRWNJY211NTFzb1kyMEIwTkVlSGtxQkZyUTJpdkd6SDZieUJ0bnNYR1l4emNIYWxiM1VpS1Z5RmR0TVVn0gGQAUFVX3lxTE9SSFhnaHQtdTZwOFd6eGNJNHZ1YjFsbDJJVWdSd3hPNDhESXUzRVQ3dzdRakczcDRYeDhoREhOdEd2R0ZDNV9xaHhydXFOMllhZEhJZXJUeW5iWUtTQ05yWmdTY1lhUkwyNlR6djl0V1VvQ1IzU2pwR0hCaW05dFV3RFc2ZjRNUVlYNThzLUUyZw?oc=5
2026-06-22 03:00,Investor's Business Daily,investors.com,SpaceX-Tesla Merger Buzz Poses Risk To EV Maker's Stock,https://news.google.com/rss/articles/CBMijAFBVV95cUxQSlNRNWpnaVRQaDJ5T0dva1VIQktGNjFhWnpYdHdPUmNyWXFlM1liMWZQTFBKM3F5bG9vRWJGaHMzaUR4LUNGM3FoaDd0QW45emFtbC03SlppMTJxN2x4VVZUX21JWVJISGVLNllVQnNudDhpRVpHSWJ2bWVzMHUxVUw5cnJlbVVJSkJhSg?oc=5
2026-06-22 03:00,Seeking Alpha,seekingalpha.com,What Happens If SpaceX Merges With Tesla (NASDAQ:SPCX),https://news.google.com/rss/articles/CBMiiAFBVV95cUxOWVRuV2RVNGpUYzcwNVNpYU5jTkxaSGlsOEtSQjFidEVfTGVnaFZ5RUdac1N5RmFuU2RnNW03V3QwZ3c3NmpxaWxyTkp2MVQ4UGx2Y3NNUFZ1dkoydVRTMXY4TVd6OGlfQk5BMTB6UFAxTlItUERkSnJJU2NVRzY4Z19jZTBaRm92?oc=5
2026-06-22 03:00,The Motley Fool,fool.com,Buying SpaceX Stock Isn't the Same as Buying Tesla's IPO Back in 2010. There's One Massive Difference,https://news.google.com/rss/articles/CBMimAFBVV95cUxPZEplMVNBcTg0T2ZiNEp2d2wwdWg1eXlVdll2LUFLYS1ZT1MwbWZVNWp6T01sUWNvNXpXeFBBZ0dkYk1aS0RBTWRSaU9OZkdOeHF0ZlFvTWdyWUpNd1h5eUpIUVo4YlgzQWVHanVmYUlCeUNpTngyZm9raUF6SnVKTER4THFPTVYteXlGVkFlSlMxcENVd0ZuaQ?oc=5
2026-06-22 03:00,The Motley Fool,fool.com,Is a Tesla-SpaceX Merger Imminent?,https://news.google.com/rss/articles/CBMiggFBVV95cUxOYmE1TVBacnUySmxSWmlkTXpFUk1ZZk9naGo0ZzhSRktHUDlRSXZRWDROY3JZZTcwR2swOXh4Nmk3UjJ6dC1kWnh0Y3FlZUQyRDhwZmhYYVdRVW9Xb3RZbVZReVY2REI2VzlQME53emNHNU5LaVdLUk5fb0tLZzVJbV9R?oc=5
2026-06-22 03:00,The Motley Fool,fool.com,Should You Buy Tesla Stock Before July 2?,https://news.google.com/rss/articles/CBMiiwFBVV95cUxNSkR4MzhiVXA3NjZ3Rms5bVhjSG9ESDd3ai1KVldJWTdYWVVhS05nWDJ5ZGpUUTN0bTk4Wl8ybWEzc2ZkXzNUb3cxYWhWaTR0TU9HSEJkVVBSZEFaQXNrcHZUTmVTMXMxVW5YbHRwamNfVGhiZC1kSlpYd21IOF9BcjFTRkFxMUlsZEtF?oc=5
2026-06-22 03:00,Yahoo Finance,ca.finance.yahoo.com,Billionaires Are Dumping Tesla and Loading Up on This TSX Stock,https://news.google.com/rss/articles/CBMikAFBVV95cUxQY2ppNFVPX21PUWhqamhyQzRNN1FvT2VhMFpvaGlhVk5uNDB5ZlhZWDJKVGNRNGVna3lON0FXd0tsTzBmREdwaW9maWx4OThpb1NUNmxHMnphbE4tWkJPWUszOHItWHZJblctR2xtU3FBdng0emRRRk1hZ1EzdnZUVlBUblVINjZpYng3LXRQSGs?oc=5
2026-06-22 03:00,Yahoo Finance,finance.yahoo.com,How Tesla Investors Are Generating Weekly Income With TSLW Without Selling a Share of TSLA,https://news.google.com/rss/articles/CBMiqAFBVV95cUxNamh3a3pFSlc2MnJUZkhjdk1FM0hQU2VIbzRFZ0xNS3JxdUxDLVZpazlaQnNnT1NaSVBVNnIzMjhPMW1mQmU5RndhcHZGVkNrN05GMlZZaWRES0ZvMEZSRkw1RV9ocmlpc016dGR0M3dFalR4MGRVaF9LdjZGT0FsMGlVVG5CRGw5dWI2Q3NyaVoxMndXVGhudmh0ZTk3ZzJUbnliM3ctVUU?oc=5
2026-06-22 03:00,Yahoo Finance,finance.yahoo.com,"Jefferies sees downside risk for Tesla stock, warns of SpaceX tracker risk",https://news.google.com/rss/articles/CBMioAFBVV95cUxOMHNrYjhZRHh4NWNBUnhSZXc1c3BaLWdsa1BtejVDeThoMmJ5Mmg1czduaGF1bmxuRDFUaEM2SERtQTVrY2lRanBzem4wai15TWNaWmtPMGgzZjFPNDlGdGVMUmdMMm5Yd0p2dk5NUmUxekdzTzdPbEl4Uy1qMXpuQlZkUlYxRVg0UkgzM21lcG9xS1l0ZXRzb3VVZzlxM25C?oc=5
2026-06-22 03:00,Yahoo Finance,uk.finance.yahoo.com,Tesla's operational gains obscured by widening robotaxi lag and valuation disconnect,https://news.google.com/rss/articles/CBMilgFBVV95cUxQZ2Zyb0JmZS15NjA5WGh1QnBJc3h0X29jTXAwZ2JLYVBhNnhVc1RUbjNkN3RNM1FhU1p4M3p5TE1yNHdWMUx2OVZodjF5RUozQzdaUWh2T3hhdW1JalhDWS1GWnV4bjBWZjF2anNFb1FiaW1DeWEzQkh5cmlaazU4MDJQaHdJQ0dxT3g4N01UM0JqT2dqZlE?oc=5
2026-06-23 03:00,Barron's,barrons.com,"Tesla Stock Hit by Fatal Crash Investigation, SpaceX Slide",https://news.google.com/rss/articles/CBMihAFBVV95cUxPWUxFaS0xQVM5MVVOTHJyRGJlRmxRSThkTzNiTWRSNldxODltanBhRy1UZWVvSGU1blF3UXd3VXhzWmR3VlZBQWctT2M1cThpeWxCXy1FejdpOWZMbngxZVhhOHhNSE1qOW5NVWhHMldmbmptY3EyZVJvZWxFbm1JWDNYRTY?oc=5
2026-06-23 03:00,Bloomberg,bloomberg.com,Tesla Holders Bet on SpaceX Merger as Musk’s Real Endgame,https://news.google.com/rss/articles/CBMiswFBVV95cUxPSUNNR2VtTGxLeFR6MmNacXpKNEFWbkhEQWlBUkRvTzBUU2twNkdyTllQZzJIaHZKTTRSSmtOVUdaZWlMNHJjWms1c3pwa25vT0J6ZXg4aEgyazJ4cWNjWU96TXZwVVZHRWdUMUNlcFNFU1pnS3BIY0VKQWpiZDYyT2Fvbjh5eXdXeXpCWFZTNUJuRGVPWkRLR2FoS1NJZko2bERrdU5RLU9OTXZJVWdnR3EwOA?oc=5
2026-06-23 03:00,Investing.com,investing.com,Baird reiterates Tesla stock rating ahead of Q2 deliveries,https://news.google.com/rss/articles/CBMiugFBVV95cUxQN3Y5RHcyUUhOUHJYcWtlVlhzaDNFRzVNR1FWWTdFb1F1U18tZzRidEViR1FUeTJ4TVJsZWxVbjZYY3p4dThzRXUxSTA4Z0Z6VUcyTkI1ZmJ6Q2ZZY0lhVWNLMjM1WmZ5S1pYdzdqWGNXVGdMQkx5RmkwSUF4QUN0QWt3dlN1LWtkejIybzZLV204dmhaQXBCbnpVdzkzaklXc0k1VnhBbGlfRi1rWGlZZ1AxcjE1YmNFY0E?oc=5
2026-06-23 03:00,Reuters,reuters.com,"NatPower, Tesla reach deal on first phase of $5 billion battery storage plan",https://news.google.com/rss/articles/CBMiwAFBVV95cUxQUDRuZTMwQzFDWVQ0YmM3UTEtN3lTUUplQkFWcEM5QXBrUkFDY1p1cGE2UFZYVmNTaER4a1BsaGZwNHJCNjdaVEcxc2dRck5PSXR1ZkF1NnNCajlpVEt6STA5R2xpc2tia0VNaTJ5ZnpBSFp2TUFseGZSc093ZWV6aV9UTjhIbl90clhlWnFCcGJIaHhNY0plZmNwMTZaaWoyOUVpN19LUUFYQVR4Yk8tYW4wMVhzc2JzZVBHRjFrTVc?oc=5
2026-06-23 03:00,Seeking Alpha,seekingalpha.com,Peak-Elon Euphoria Makes Tesla A Strong Sell (NASDAQ:TSLA),https://news.google.com/rss/articles/CBMijgFBVV95cUxQbHduZm4xa09sSnd6OVRDSVp0Tk9mNDZ4QXlGTGhub1FYTFg5UGVyZEpmZVdWMUNHZUdxblN1Wm1peFBkc3NoNlg4Ul96TVBZSlZzSkN0WC1fVUE5cllFaEFOaXZDV1dsQmt4aEdDaXhlS09iZG1pVi1aakt1ZUkydG5FWVZtVmFqUTRXdXR3?oc=5
2026-06-23 03:00,Seeking Alpha,seekingalpha.com,Tesla: An Optimistic Or Unrealistic Forecast May Not Sustain Shares Forever (NASDAQ:TSLA),https://news.google.com/rss/articles/CBMitgFBVV95cUxOeFhJZXdsOHJER0xWei1ZVmFoRG5RSzJ3MFd2TndtSXVpUTNvR1paRmg3OEExSTlPMzZZaWFsM1lkZGwtUFBCclJKeUZ3bVcwTVhNMHBqU3BpamwyQXBQaUEzZUNNYkExYXdJZEZsSFVRM3pqNmRvMTF4UmRrOUZCb1FGTFd1VmhWNm5KdHlrNUZNcUZ1YzBsUm5xSndFREt1LTlQRE1zenFGSXhWRVdDWVlhOFBEUQ?oc=5
2026-06-23 03:00,The Guardian,theguardian.com,Top auto regulator investigates deadly Tesla crash into Texas home,https://news.google.com/rss/articles/CBMiigFBVV95cUxPT2pCSEJ4VEx5Sm1WeVo1UUV0MXAwN3pMTExlTnN6RmhKZ0NsRUFSSVprcWlSQVVxZzduaGZBdVp4NF9Udl9xaGZETUZrQTBUM2h1a2VnQTB6dVFUQzNseEVQa2tiTUFncFp1R0NsQk84MXM0NXBkamhyYjhSOV9zRUJYdTVPUzVlZUE?oc=5
2026-06-23 03:00,Yahoo Finance,finance.yahoo.com,"Right After Becoming a Trillionaire, Elon Musk ""Sold"" 17.5 Million Tesla Shares. Here's Why This Isn't a Big Deal.",https://news.google.com/rss/articles/CBMiowFBVV95cUxPNE1RQ2pVX09UVEt2dzRhdkMxOVZ2SUN5NnJoWUR0eWpGeEFvZjkwSm8weXdOMVo1X0dDdE1pZVJmTlFiWkpwbndwMHRHbGFTeVNQOFRhNmVSUmRLZ1Nwa011dzdadnNSOW1Wc01QMHlUZWgtNHpPd2JLYzlkTVhoRXBkenhIZ080UWdZNUw0MlJ6VC1xUzZiLVBZaktOd2JBdGJj?oc=5
2026-06-23 03:00,Yahoo Finance,finance.yahoo.com,Why Tesla Stock Dropped on Tuesday,https://news.google.com/rss/articles/CBMinAFBVV95cUxOaEhfY2s3T1JRZFo3eDJTODF4YUt5emlBc3lTUEsyMXRxMk1iNC1rWGFtSGRhbU9fcW53X3RzRGpkWlJFTTVrYkdtN1ZKYVVVU2JEOVEtZXpBSVN0Q2trcXZnZDc5ZGEwSWJEWDVDa1VOTm5zM3pMZTEyZ2JvUjIybW5Hb1FfYkFzdmNYREZDbGEyNG1ZQmY2RVV4UWM?oc=5
2026-06-24 03:00,BBC,bbc.com,Elon Musk loses trillionaire status as global tech rout hits SpaceX,https://news.google.com/rss/articles/CBMiWkFVX3lxTE9MbHEwMnZ4Y1M3aXlPUkdSQlA5QlVHZVlTMm05dVJWVS05NGpsODBGbnlFbHYyWDBpT1ZmODJGdUlDeGEtUks1V3o2M0FDUTZIalNJeHZEYWRQUQ?oc=5
2026-06-24 03:00,Benzinga,benzinga.com,"Tesla Deliveries Are In Focus, But Energy Revenue May Be The Bigger Story - Tesla (NASDAQ:TSLA)",https://news.google.com/rss/articles/CBMizgFBVV95cUxPeWJzMzlzTk5RN2RFRU1MTWhJLXppYUpLcnBmcHMzaE5jdHpjWWo4d3lyZGFrQzFnMURTRWhoUTlXOWxIX0xsRzdNTUZUc3h5LW9RTE03dHNvT2lLalo4Z29xamNhdGo3WUNYQWN2YTcybzc1YTc0U1ZyNXdtQmhVVW84VkdiaUFzQ0N6V1NjYklpOUY3ZkZtYXdQbzZybk94dkNfR1hEa2Rkc2Z2aDJiVEhyUVBjTExxVXQ2QnFaOGRlWXpmRTRpTWhscE9JZw?oc=5
2026-06-24 03:00,Forbes,forbes.com,Elon Musk Just Lost His Trillionaire Status,https://news.google.com/rss/articles/CBMikgFBVV95cUxPTHRKbURXcGQ0UHVHMTJ5bzY0UWE0YmtpMHNnMnVDdEFnZnlMWVRxcVFhTmVRbHY3V01oQkd1WHNwaDRjSkxkbGc5cWdzSm5vZWNWQUQ0VHZDM2x6VEFZME9uSTAzV3g3RjExU1JncTh1SGhCcWpWV0g0ckw1M0dBX0l6Y0c4Z3dnY2F2djVnTzRCZw?oc=5
2026-06-24 03:00,Fox Business,foxbusiness.com,Elon Musk loses trillionaire status after tech sell-off erases billions from fortune,https://news.google.com/rss/articles/CBMivAFBVV95cUxObHJaOWNwMUg1R2txOEM4RHpXX28zdHhKSDNlNThnZ3VpSHhRcmZlRFRsTGY4NWtudWRsZDRaQ3dhbjBzR2hyNm0tQWRfaElYUElmWVZLN3h1cFFjdWxiWmxLaEJjVXpJY0t2SFZrMDJscVBzRXdSSU9kVFZWbUNHZ3F4V1VsQ2tHT2xvMXhNSXhOV3hNclViZkdUZWc3RDNfbGt5bWRqdUxhM0hPdGhBOTctcWw3c3hqcXlxX9IBwgFBVV95cUxQcG1Pd2JqYnlhUlR0VHNvSzUxd2RHMkxqeVZzLTFOa0pfaWRReFk3Z1dac2dxOU1VV3B1WXJ5R2c0bVk2Uk1EQlkyMzRUbThOcnJSRUtDRlI2dFZPMjYxYjFFMGFCSDdIbjNFTG5KeGs0NjZFS2FwSEFNT3JuZkdTaDNpZWVBM0EwVlp2eEFBWWRvdUtJVWppVFg5RjBQenBUWnF6UFNMSTFrNFZJR0lMbXJLbEx3eFBQMEVwQWJzZlZPUQ?oc=5
2026-06-24 03:00,Investor's Business Daily,investors.com,"Cathie Wood Loads Up On Palantir, Cerebras, These Mag 7 Players",https://news.google.com/rss/articles/CBMiswFBVV95cUxNSXRjOHNFbUhRQlg0LUU3Z3FKSl9zcFpxd1JLVVBzN1UyNTVzQ29Fd1U5aDQ1bjZDM0htejNaUkpoVG8zUGM0Uy1LbnlyaHpPanZBQ1FSbEpkVzRZcjY4Q1hFa0xpeTYwcUtWdXFKOU1EUGMyNjMxQTB0Q0lGN2pncmdTNTFWc1kyRkRIbzVJSUhxVnNQRnlrRmpPWnBnNENrZ2JxRHdXUDhsa3N6LS1pZGplMA?oc=5
2026-06-24 03:00,Investor's Business Daily,investors.com,Solar Stock Soars On Power Pact With Tesla For AI Data Centers,https://news.google.com/rss/articles/CBMifEFVX3lxTFA3NWhCaldMckEzZDZMMWlFUWN4U1BocnVQb0VGaDk5WWlhU0xkMUs4czZpVkFLSnBoM28zRWlseTNCVW82SnhaWHl6LVpraVlKdDdnLVVTdmtMT1Rmd05TZFRMWERFak5ZRlRNZUYtTFBIaXBOVDFnbWFmdHk?oc=5
2026-06-24 03:00,The Guardian,theguardian.com,Elon Musk loses trillionaire status as SpaceX and Tesla stock drops,https://news.google.com/rss/articles/CBMihwFBVV95cUxQa1MzYTc3djA3UUNJOHhEejFzcEZoQVpLYkFLaTVFandYQkdXcENFeTB6WWNwdFlVWENUaGF4NGIyMXhrMnVZZktvRDBZSzhnc0t4c1pCcFJxWVdNTFgwdkFqTUxJNjhtblpaeGFTd2MybHhQS3I5dTEyRGQ5THAwb3ItNWNBQjA?oc=5
2026-06-24 03:00,The Motley Fool,fool.com,Is Tesla Stock Better Than SpaceX? The Answer Might Surprise You.,https://news.google.com/rss/articles/CBMigwFBVV95cUxNMG5uWWtaVlFCbW85M2hBWVB2NGRlX0I0LWc0NllESDRLSjJDMXJidENUZHBBVUlMNFc5MnNVN2lBc2hjcEp0enN6NThIdy1HWWhnSlJ5Ql91LTZ5OG1mRWpQVHdSLXJEUXg2eU9qbF9SS29oYTQ5Wndab3ZqZUpzbTVLbw?oc=5
2026-06-24 03:00,The Motley Fool,fool.com,Should You Forget Tesla and Buy SpaceX Instead?,https://news.google.com/rss/articles/CBMikwFBVV95cUxQRElXRVdLbTFibndCbHk2aWdKMjBiWVlieUNtVGxtS24zX2loMkZfeHkwYmlJeXdpNjZfajAwYUxSVy04MHFzMGFwLXBWVHA2dFhSZkVFc2Z1THVSWmJwZlJfcmM3QWdYb0kzN3Mzc0Nad2hMOG4zOFFGNGpWcTJQa2owM2I5cW5nYTd2MmhDZ1JMSUU?oc=5
2026-06-24 03:00,The Motley Fool,fool.com,SpaceX Is Down 32% From Its High. 4 Reasons Why a Merger with Tesla Would Make SpaceX a Better Long-Term Buy.,https://news.google.com/rss/articles/CBMimAFBVV95cUxNRWljMzdNZS1MM0lCWWdiaWRnMVNzRHpqMmxyZTE0MlA3S21fNXpueWlTZnVTaElPWm05eEREclRwc3B5V2pxTFhqR21VNVN5Y2xjNzdYeDI4Nk8tUW96a1lxdVExd0pGNmt6MS04eXpKNFBoSXVkbFB2NjFEUWJPMTBmbHZ1T3FmcDFmZmVycnc1ZVdTZkpWUg?oc=5
2026-06-24 03:00,TheStreet,thestreet.com,Why a fatal crash threatens Tesla’s stock,https://news.google.com/rss/articles/CBMiggFBVV95cUxPUzNBaWpYbktQUnJtR01mSnFTZVdoZmtIVV9wMkp3dFBFeDFGSzExS2NrNHBFUnN3eGpGRENTQXNKcG9mblBtWHpsZm9vNVY2N2lWMUVlWm5DRmNRSkFNcjdhR2Q5YTR4VzB5bHJWU29uSGw3ZlZQSERJV2hOcjl1ZHhR?oc=5
2026-06-24 03:00,Yahoo Finance,finance.yahoo.com,"Now That SpaceX Is Public, Should You Ditch Tesla Stock?",https://news.google.com/rss/articles/CBMimgFBVV95cUxPeWVPRjFQZ3BoS0twUFhYdU9XNHQzTkd6SHBiYTF2MnJuYzU5bnJPUW9YSDFNbkJGbW9RajBfT2NIaTJsaFhmUlhwWkVGLTlqVHBBQmJfT0duT2t0QUluZDROZVUwVnlnNXRuem9MZndXZ1NDSjh1TlR1cXdCSjBmZk12d0MzS3hWV09VcXV3dFRPVnJ3LWhLQXJR?oc=5
2026-06-24 03:00,Zacks,zacks.com,Tesla Under Pressure Again: Is the Bear Case Getting Overplayed?,https://news.google.com/rss/articles/CBMipgFBVV95cUxNdjEtZUt4UWdMOF9sRm9pT3ktUldkNHNPUGtpYmItSXRFU2NtV0J1SXhwWFBKNDdzY2o5QVdCS3NER3NfY2Z1TV9ReVIyYnVtYlVEc2tEdzNZUW5pS25LNlRWSHFpWjVydThoLWRTandvQmRUZThJWVhZR05mblhEZmlNTHJzalNfeTdYb3lXWFhrWmkxdGRabUZkRmMwd05tZDZkbnRR?oc=5
2026-06-25 03:00,Investing.com,investing.com,"Barclays reiterates Tesla stock rating, sees Q2 delivery beat",https://news.google.com/rss/articles/CBMivAFBVV95cUxPUHp2ZlByQ29JZl8xeUJnZGJUQ3hseTN5V080Q0xxTTRVaGM1TktqRnRmdVpJT3QzTUw3cWY1VEZpanV4X1JtX210V1R4ZjBwUl9xSktmaDRnWXhwVE1fcW9vN0VRVG9jX01zeDh5d19XczJ1NUs5M29pdk5HT0twTE1LZVo2b3UxVE04d2h1aFBhLVdveWpHSFRzb1lDUHl1VnFFZXRkY3BtdHlYS1NGV1loMDFHbUJUaUZRVA?oc=5
2026-06-25 03:00,The Guardian,theguardian.com,US opens second federal investigation of deadly Tesla crash into Texas home,https://news.google.com/rss/articles/CBMijwFBVV95cUxNc0tiUW1ZNlExNndvOEtHYzlQYm85eFNRbWtDNWZleGtfS2E2ak9GaDJUM1BDT24zUDA5bUU1cVc2MnVYUTNhOUlNZXExWTBRX0dTWHlkZHJTY3NSM2E0QUROSGhaTU9mU3Y3Q0tiYTFkRlRjQ3RfakxGcGpwaDl4c1JyUHR4NGRNZ3VIa2k2bw?oc=5
2026-06-25 03:00,The Motley Fool,fool.com,"Down 14%, Is Tesla a Good Buy Now?",https://news.google.com/rss/articles/CBMif0FVX3lxTFA4R19JeUsyMnFEZjVNUGE4MHNSQzVlTnJjeHo5ZV9PNEVUV3FhaXd2cDZmdktTVG9UbGgzcVRRMUpNUVR4MFMxbU1aOGFrcW41LVgtTXFBa0g0VVFVdl9MQUJrSDU5aG1FX1U2X18xdkN6aTdYZFprTzN2RlZVQUk?oc=5
2026-06-25 03:00,The Motley Fool,fool.com,"Elon Musk Just Lost His Trillionaire Status, as SpaceX and Tesla Stocks Plummet. Should Investors Buy the Dip?",https://news.google.com/rss/articles/CBMi5AFBVV95cUxNYkNJbmNmZDNLeEE1MUpiaWRkazFHTmtVZUhoUUJWZkM1RXJWYy1haXNHMUc0M2Mxcnc5Vlctd2ZocHpsOVptZVZIVW9wa3JYSGJpeWEtUUs1SWVVdDVhSzFvQ25OSnoyaURUVmg1OWxELUtteV9zbWliX2tpd2NyTlFtdEFuMHpVV1dPR2ZaSHFReFh3V3pmNGtublZ1MU9oZWI1eV9MSHcyWkNFM1RsVUFtdWRoUmVKazRjYllHelNCMmJOa2VrVEJRNXRNVFJzTWNXSjFjNWF4MnQ4VGJ6S0pOQjg?oc=5
2026-06-25 03:00,The Motley Fool,fool.com,Is What Trillionaire Elon Musk Said Enough of a Reason to Buy Tesla Stock?,https://news.google.com/rss/articles/CBMimAFBVV95cUxPVDAzYkVCSXBVNk1xdnk1cU90NTZFY0pyRzFocTJQNDY5NW5GaFNfNXVTb3ZhZ1dWblVZWGJLM2xzME5majMxeXl2UGlmdlYwQ0ZhV2hrRURkM2M1aldRd1ozUW51am1TSFlOaXFsTlNlMy1UN2ZPNWZCMUp6RnY2VkJkRFZZQjk3ZDdlQXhvYVQxU1ZEMmxrdg?oc=5
2026-06-25 03:00,The Motley Fool,fool.com,"You Already Own Tesla. Should You Add SpaceX to Your Portfolio, Too?",https://news.google.com/rss/articles/CBMikAFBVV95cUxQbkhPZTZYY0F3a3JORlR5Mkp1VkVfdVVJYzBiRDFXSl9Fa0tLdENGeTMwQWVSRks5NjIxT25KaU5LTzZzUWNnTWtJNHlVbW82d0U3VERhMk1nb0NSLVpCYmRlWDlhNnVxOEMyaDNwT3hGUWQ2a3VDWVhMNlZqTU5oR0YtbmRKTjBsUWg4WmdlZU0?oc=5
2026-06-25 03:00,Yahoo Finance,finance.yahoo.com,Tesla Stock Price Prediction: Why The EV Maker Is Sitting Right at Fair Value,https://news.google.com/rss/articles/CBMingFBVV95cUxNUE1maVpKQTVfNlhYcy1nbVZzVjNXaVNlOTN2WEdHdHpZRTRFNXRFa0VTTktjLVZ0WHJzS25yeTVTeU1IZlZKSmdsZWRsY3NCSnIxU0lWNVppS2Joc3dEbWFtTlc5NGtFZjJlRW1pcmFDcndvUlk5eWVBVFY5SUhUQ0c0anMtYlN4bXZBWjFZTGVLekVHSUM4X21LX1paQQ?oc=5
2026-06-26 03:00,Barron's,barrons.com,Tesla Stock Is Having a Bad Week and an Even Worse Month,https://news.google.com/rss/articles/CBMic0FVX3lxTE85UXAtdjlqZHdqZ0VRbmhKVC1ZMjQyVlowU3dKOFF2amRMWTcxWXBoVHh0ODhHOXdrOXk4c3ZOUV9fcVQtZG16bkljMVdpU0JIQXNndlRhRWI0X3VfSDg4TWRwbE9VaXhXNEp5b0dPTzNWdTA?oc=5
2026-06-26 03:00,Investor's Business Daily,investors.com,"Tesla Expands Production In Germany, As VW Cuts 100,000 Jobs",https://news.google.com/rss/articles/CBMilAFBVV95cUxPcEJXNXBPOWZVaUtfRmlZeUxFZG9ZVGdBWkJlSzBxdWtoUnJDVEhjcUk3UnBYX191Z05MQzRxMnVOMW93WDlFUG9qUEo1NzhrOWh0dVotR0cyenkydlVLQ2NSQXFfcnVFLTh6TGx0N1pTYWpfaXFEQnB1NmFwbHF4cjdVUTM1SFNwUTJnd1g4Y1JaY0Ex?oc=5
2026-06-26 03:00,Investor's Business Daily,investors.com,"This Regulatory Rollback For Robotaxis Is Set To Help Tesla, Amazon, Google",https://news.google.com/rss/articles/CBMikwFBVV95cUxNbkI5WS1fZ0s1S0FUWFp2OEYxaW9yTDRMNVdPUk5LeVJzX1JjcF84RjFiRG1OaXZVQVc0ZUZUTmljYTNTYUFIMXBHVzcwcXA3WlNPYXNUaDJSWXRoRHIwblVYQmVXSjQ0NjlwWWF5ek5zcGg3eHZtNTFqYlRtZjNEQl9QMGdHVlVlMUkwRGdyWm42MEU?oc=5
2026-06-26 03:00,The Motley Fool,fool.com,"After Issuing Its First Stock Split in 2020, Tesla Took Just 2 Years to Issue Its Second Split. Could a Third Stock Split Come in 2026?",https://news.google.com/rss/articles/CBMilwFBVV95cUxOaElnckl6Vm43ZDZhMEpLZUdFMEtURzVLZ1BnUnN5OTh4SEFnbURCdl9IWm5IN0FXN1lmbFZaSlFPa1lqV0ItQWVnc2toMGM4ODVNTHpKNExRUldSS0pzbUMydUFNa2hJaHJTM2hrZ0pXZ1dkS3FFRExkVk80TXN2ZW5OWkZnem5KYU9KRTZGOERZWFY0dnE0?oc=5
2026-06-26 03:00,The Motley Fool,fool.com,"Here's How Much You'd Have Today If You Had Invested $10,000 in Tesla the Day Before It Completed Its Last 3-for-1 Stock Split.",https://news.google.com/rss/articles/CBMimAFBVV95cUxQcTdrbTFYXzFWeXJaaW55VnlpSU94eXJMOVBNSGIxcmVEcnVwYjFiU2FBbEZ0LUpyNS1SQXhNbVc3U3I4WVBSSXoyWlFyRTBOVVZGZE1qSndyVnNxQ1FIZGhwRksxZnpHV1lfQVEzZFNwV2ZQNlYxcHR2UWlFSHBsR2hROWpoanhoYXlPU3FJYVNjeGhZQlBTTA?oc=5
2026-06-26 03:00,Yahoo Finance,finance.yahoo.com,"Tesla Stock Is Down This Year, and SpaceX Is Volatile. Are Either Worth Owning Right Now?",https://news.google.com/rss/articles/CBMingFBVV95cUxOU0ZEQWRPRkxwS1l4VFY0YmZydUd1QzUydTZ0VzhnWTlEV0xFYUU0WHFVbENuM0NTdGhGczNib0RIMXdqU0FEQlpDa1c2akVGbXNKZWVMdFBsa2dIWVE2OWhXaUtDa3E2VWFvZ21MQi1fcEVMdVhoZHZlX2FScl9yaVVzTlJxNVdCaWRuRlZ0cUFCdmNSY1N2U1ZKeGdLUQ?oc=5
2026-06-27 03:00,MarketWatch,marketwatch.com,Tesla and Waymo duel in the robotaxi race — but the company spending the most builds no cars at all,https://news.google.com/rss/articles/CBMi5wFBVV95cUxQRV9ELXNQRHRGaFVKcVBlb0NITFRhSkZJTlpodlJRV0NLbXBzM2lxc2tPdmZiRDZLYWo2SWFkcGJyOXZIRXFYNmxIdWliR1dxR1FQSGQ3cHNSVGVuTmpETHVvUlV0RzBsNGE3VkZReEY0SFo5WWtSRlBPS1M5OTJiYkVLZC01TVRyal9yU2hDNnRkR0h6Zlc3YmZ4S0tqZlIzTjZEUHRWV0VpVHRjLTA3MDFFdjZXRVVUVkJ5RHdGTHUzMFV6U1BUR1pkT21WTDR4VEM4dEExUnIyWTVtM0tuME5tQ1k2MUk?oc=5
2026-06-27 03:00,The Motley Fool,fool.com,SpaceX vs. Tesla: Here's Which Elon Musk Stock I'd Buy Right Now,https://news.google.com/rss/articles/CBMimAFBVV95cUxQRUFXU0luWTgxb2htNWhFdlNiTkV4UHNtV3ZqVmVNQTRNNmdkSWtReVd1UDNIRVdlVHVXYm1fWWQxMTJ3X1VBN1JZUlRvX1N3cjNKMUFZZjhPQXZCNTIxZkhYaW8xNVlJWnFEM2R2dF9rRFhUVm9PMzlhNmFnbldIZDRTV09ZYUVPZkZ2RWk4bzhQbkYyOGkwNw?oc=5
2026-06-28 03:00,The Motley Fool,fool.com,"SpaceX, Tesla, and Alphabet All Fall in a Broad Tech Rout. Should You Rebalance Your Portfolio?",https://news.google.com/rss/articles/CBMikwFBVV95cUxQcTEwSUJOSzhBMjVjX2F1LWttVGgzRFBaZUhWaG45T1BKX1ZWeFhuUUxaTUdMNVAwMWZsNUpqSXpYUXlwTzVlUUFUaG9RUkJYbV9sWUNLOUo4S3RkVHVDMFcwaVl3NUxWbzVBRVVnUV85VmEwVlVreHBOVWpKb1hiNVZLMjJDdW5LTjNLdVBncWY4OFk?oc=5
2026-06-28 03:00,The Motley Fool,fool.com,Tesla Reports Q2 Deliveries in a Matter of Days. Here's the Number That Matters.,https://news.google.com/rss/articles/CBMimAFBVV95cUxQRFM1bmpUVm1YNTB5Nml2VGJnWmEwR1NQMWtDQ0F2RGlxRjZyTVh5ZUVGMXd2MFJScVRTV2ZSbFNyRWJRTC0yM2R0SzVMcmZtSnBGRkYyYkNhQ0w1M0dNdHJpQjRhUWlGOU1UMlhoUEtjN29hcnptTEZjV1RtVEdtQUpRdTg3cV95WWhrYkNvcE9BWGUtUUI5Zw?oc=5
2026-06-29 03:00,Barron's,barrons.com,Tesla Stock Rises as Musk’s EV Maker Deepens Ties With SpaceX,https://news.google.com/rss/articles/CBMie0FVX3lxTFB0MVdWV3oxOHJzalZmMjlMQUhJOWVFbHotMl9aZ25kZDJaeEdFa2ZVcjZWOTQzVVAtbDd4WE1XbzZLVkR3azlXNTRkOGtKS3BHZ25Xc1BkMGllcTN6NkF5Sl80TUVGOFV5VnZyNXNVVksxWGdaa1NlVlFicw?oc=5
2026-06-29 03:00,Benzinga,benzinga.com,"If You Invested $1,000 In Tesla Stock At IPO, Here's How Much You'd Have Today - Tesla (NASDAQ:TSLA)",https://news.google.com/rss/articles/CBMi1AFBVV95cUxQSnBYOVZrVUY2RDIwUmJXRTBtLXFDVkU1UE9iRi01QVI4aDk1S0dqWXBUcXpleWRubkgzLS0tcUdhSVZwWFNLRUUxVm1YRzJLa29tVWpGdTdBV2ZoRkVHckxGMjdDN0RYdEdMTWY2ck9iZ3RJbE1VV1dIWXRUVEhrbm83MDIyWXRKZVlzb25LSzJ4R2dFVHlBTl9vSjI2UU00QVFmR1I3TG5iZ19YVmtYREkxTGl4N0laYmdVS0xRM1VGU3hTWm40N0tndmN4T1d6dnFQbw?oc=5
2026-06-29 03:00,Investing.com,investing.com,TD Cowen reiterates Tesla stock buy rating on delivery outlook,https://news.google.com/rss/articles/CBMivwFBVV95cUxPT2piWTVHZEpQUFZLa05PczMzMXRBT196N0otUXlSUnVHN3lIWVBRQUVoZkd3a19IWDJRNlpyUUJSWmRKTndtX0M4UG9kR2UxckMyVi1WTi1ZSlVqM3BOV0M4OFl6Z1ZTc0t3clJISXNtV1d5QWIwazE2d01Jd2I4NklkdU4ydzhJR0ZqelhIM1FfMUU5WkZrQ0h0UGdYb0hxR2JPQ1pfWW15SXpWOHptX3VnU0lQdjhqSFFtX1Zjdw?oc=5
2026-06-29 03:00,Investor's Business Daily,investors.com,"Tesla Leads Magnificent Seven Recovery, Analysts Chime In On Deliveries",https://news.google.com/rss/articles/CBMiogFBVV95cUxPSTZGUHVrUXlVYnlIN3RlOFg5aFRuTUx0V3EtSmlHNUM0MUR2U3dzOVZ5LVZZUTQ3WWkzRkYyREd3Ym15TWU2azFGcDlDWUVvaGFpY0ZiV0Y5V01jTHk4bUVHM0hWRWZSVUFzdm9kbDJ3NU9KUlNWME10dzg2VEdpR2ZqSkpOcGYtX1ZGQjNneG93Wms2Ykp6aV9FTG01eTV6OEE?oc=5
2026-06-29 03:00,MarketWatch,marketwatch.com,Tesla’s stock rips higher after a long-awaited update to self-driving technology,https://news.google.com/rss/articles/CBMivwFBVV95cUxPMDdWZnhLREJEZkx2ZXBtTTVweXh0dGlnSE01YndXUnNMaTlzSS04cjVINURpeUR2OFVzYWFqQWpxRXJ0X0xmWHJ2VlZvQkVNQkRtQ1pfUWpEQ3lHQS1lTDZYdkJLOGRkLWR3X09FNHFYUXRXQlI1U25ZNVZ2M3ZZcWVDemJzR1pKeWFOTWwwWEJzWDdaUzNTdXhGb0FBOHR3QmctbDJDdHgxNXg1WHQ0TFc0OFRCSVNEMmxFdUFnUQ?oc=5
2026-06-29 03:00,The Motley Fool,fool.com,These 2 Industrial Giants Have Crushed Tesla's Returns Over the Last 12 Months. Will The Party Continue?,https://news.google.com/rss/articles/CBMimAFBVV95cUxQQ2kzcU5IUWF5OTR6X240U0Eyb3pBVHJDQUh0TWhYNmhjMFR2ZkpxY3Q2bEliZU1XMm85azgwQTljeEUwNkVSOFlDYlhHR0N3LVNaalNIeW9OaDZZa2RMbjR3REFlMl9iVjE5V05CUWRMQkFpXzVpNnFJT2JTSXFxaEI4RDBfeWpDVHFqUjBQc18tWE4yZ3VKWA?oc=5
2026-06-29 03:00,Yahoo Finance,ca.finance.yahoo.com,Tesla Q2 deliveries: What to expect from the critical report,https://news.google.com/rss/articles/CBMijAFBVV95cUxOMFVHNmQzc1drbERVbDZ2aUh2VXdzSGVkdnRkY3VEeHF1WFJaakhUNjQ1dnc3THh2X25KUXViWUFPX1llNlVlRDZEWXZsOURyZ2JsYXdaQUhFMXVoSERnMGhSM1owdmJ0VlAwT3lMX0c5dGtiVlo1aXVQckpZRnZNVnkyWEtHSEMxSUpOcw?oc=5
2026-06-30 03:00,Barron's,barrons.com,Tesla Stock Falls After Big Gains as Auto Industry Wrestles With Copper Prices,https://news.google.com/rss/articles/CBMifEFVX3lxTE9ldC0zS3pFM2xwSjlmOHYwNzdQZ19XVnFVd1ktZ0VhWDBIRWVVX245UnExQm5iY2Z3WXRjR3J4V3dRU0hCc1o3c3NIQ2R0aXRpT21xaERPZnk4NkNqenhGUUVfdHB3bmZQWmlSdUo3d2RWMkYzRFNRRW5leWM?oc=5
2026-06-30 03:00,Benzinga,benzinga.com,Tesla Stock: 73% Of Benzinga Viewers Have Owned It. Here's How Many Still Do. - Tesla (NASDAQ:TSLA),https://news.google.com/rss/articles/CBMi0wFBVV95cUxOY0FDS3JKVTYzQ1BNZ1RVNTlfNjYtcFQyMnBidWRTbkNfV1FMUGRyWHIwZFJOZThTOVNycXRTQVE3QW1qV0swbjQyYUdPQXYtSFFfNllobjVuMldIeGNxcnhKYkl0SG53QkNKZS04Tm5EZ2pGSFhBOUNyOVprMmFhS0x1Z3RqdjJLQmxBWGVpd185cDBabWFJbl8yNko0V25VODIySmdhQnNtakZaek5KRzBZdFRaMnk4ZWdBWHlqa3YxWmNfOXB4RFhXTFp3d3hVSjhz?oc=5
2026-06-30 03:00,Investor's Business Daily,investors.com,"Tesla Defies Auto Industry Sales Slump, Goldman Raises Q2 Delivery Forecast",https://news.google.com/rss/articles/CBMilAFBVV95cUxQVnlBZnFJSmJ4TnlYY0N2RFAzdkU5VzhPcHR3MlpVODFvQWNTR25pTXhtSU5OWHYzcGlhdk8yU1FzMFF5enpzejZxekNGZmpZd2tPSEJqZ2dDeE5LZjVFaFhnM25xMVRvYnlBS1JvS0NuWkVwY2JteEk4TzBoVkNmMDFsOGQxVzhPaHpQQy1BQnNGNEps?oc=5
2026-06-30 03:00,Investor's Business Daily,investors.com,Tesla Q2 Deliveries Due Later This Week. Stock Gains On Newest FSD Update.,https://news.google.com/rss/articles/CBMingFBVV95cUxPaXpMOVlqV0N2Z3JfUUZsYVk5VWFvTnlTOEFJWXRVOUJ5MUdiNGNiRmtOSndaYUMwTDFKUGo3VWQtR21ySDRIV3VuU3NXb3gwdkNnQjd3bklndDRfMkVpMTBXb19PQTE5WUVsODVOSGVKS1R1OUVUU3dSRC1lNExmWWt6WVVHa3FqRUNoaGVabi1veVAyRzdjMldtQnpfUQ?oc=5
2026-06-30 03:00,The Motley Fool,fool.com,Prediction: Tesla Stock Could Go Parabolic After July 2,https://news.google.com/rss/articles/CBMimAFBVV95cUxPb1BiM05pU0tsT1JrTHg0WWtmT0p5UlljdHpCTjV4WjFpcEZTY3NXRENBUTA2Q0cxUnh0Rm9QU3h4S3V6OHd2Z2w0NzRXWk9KLWhsamRaNTktNkZiSmdkR3FfNTBMQVNFa1pJZndzVk41MjNZYU4zcm1BRVE2Ynd5Wldxdm1pWE0yVmtKd2x4RXJld3F6VVFERg?oc=5
2026-06-30 03:00,The Motley Fool,fool.com,Where Will Tesla Stock Be in 5 Years?,https://news.google.com/rss/articles/CBMihgFBVV95cUxOLTN0RTc3OFNzS19IX2hJLW5KQ1gyWlF5OHVDMl91Um9vem8zcFVpbUJoRXh1WlpjQlZDMkQ4QzZkcVFvWlRqZGJkOGkzVjlyNmtubVZaQ2M5cjA1Tk0wajlhRG1VMXRlbnVGZXJ6Ty1wRGlFbkRiYTBvdkNndnltclk0UVRUdw?oc=5
2026-06-30 03:00,Yahoo Finance,finance.yahoo.com,"Michael Burry bets against Tesla, Nvidia in new AI bubble short positions",https://news.google.com/rss/articles/CBMingFBVV95cUxPQ3NSYVZYeXF2MnBpeEdjTUcwRW9RMWxxSDc3ZjF4RXdWMEczUloxZjVNOWNtLV9PWHhtMVdVeXllbndvWnMzTURJQm00WXNzRUVyRGk1ekVIZ0hLQWprOEdKMnZ4cWQ2and6M0tZWUNXcFJGVy1wTXpaWUlRcnZ3N3hWR0NyQUJseTFqeHYzdDU5WkEtS29vZHF2akhqQQ?oc=5
2026-06-30 03:00,Yahoo Finance,finance.yahoo.com,Tesla (TSLA) Stock May Be Overvalued After Merger Speculation Grows,https://news.google.com/rss/articles/CBMinAFBVV95cUxNMW9taXBWbTNOVDN0ZWFZRGxJTklRRzBURno4N0xZUnRtZEFyR1NXM3BwY19LRXc1MXBGQ2xuUTlERXRIT1pPR05TZFhYUjhfdzl4MEJoWjQzV2plSHFtc1lHSzVWZnFDa0dCN0JocFhTMkQwbGRHLUx6UEZkOXhibU82dllhR2tGQ1Nzd1p2OXJoMFM5TFpQajFiV1Q?oc=5
2026-06-30 03:00,Yahoo Finance,finance.yahoo.com,Why Tesla Stock Just Went Parabolic,https://news.google.com/rss/articles/CBMilAFBVV95cUxPaWRFN2pTdGZGTUU4QUgzd21zSXlVV1h5UWJOaUdmZVNDUjZIZDZBVG9RVmJUbjlheTVMTllzRE5WdFBDdllabl9RRlU5bzdMRVBmMlRTNDdYazZCWEUydjdBNW9wQ2JRTnFtRUZHdDhqWlRfQ2ZZVjZaWi1NVFJNMkEtLV9XWGhsX2dfclRJcWtJcmJs?oc=5
2026-07-01 03:00,Bloomberg,bloomberg.com,Musk Meme Traders Rush Back Into Tesla When the Stock Hits $420,https://news.google.com/rss/articles/CBMitAFBVV95cUxQWTMwYU1FSGtpZXZfTDFZNVFWS2hyaDVQdzgzNTYwcnJyZzYzaWZpR2VHZ1gxREdfOE80eGVrbVBUX2s2SnE0eVJxX1gyQ2JVM2hkMVhDTHpERzMwMnR3M0RvaGE0Y0tDVWdfRTlSMFJLNEJqallzUVp6RDRFdHhIY2lacC1WOVkyZkNmSG8yYUJBMnlVSldTRVBtbEl0Y2ZwZUxQWjFhU0ktNmUtX2FWNk9hMkU?oc=5
2026-07-01 03:00,Business Insider,businessinsider.com,"'Big Short' Michael Burry revealed fresh bets against Tesla, Nvidia, Caterpillar, and a chip index",https://news.google.com/rss/articles/CBMirAFBVV95cUxNTWFGeDRqOENXY1VCMy1ZVUZOTGVISmpPTVRZeWc0MTBmV1FKdG5tSHhSYmJ2SC0xSloxZjRvTEktcXNKNjBFal9rVWhsOW5Ob2Z1WElEMW1QdWdtbHlJX3BkU1JBaFlEeUIyT1BZNUp6OUtRcnZJNnc1Y2tjMk9RLXNOcjNlbDBJWTd0Vmc1U1Z5aXZhdldwSERXVVVuU2NWVkNjR3NZUlJEazFy?oc=5
2026-07-01 03:00,The Motley Fool,fool.com,It Took Tesla 10 Years to Perform Its First Stock Split. Here's Why a SpaceX Stock Split Could Come Much Sooner.,https://news.google.com/rss/articles/CBMijgFBVV95cUxNdVNsZ1JMcEdZek9zbDUzVzA4ZlFkZ1hzVjdkczUzMzNoN29lXzdkeExwcnpvV2dwMEdOX0hjYTk4UG1pTWhVR3hTRVFnT0t1TE9ucmZvX1o3SlhwN3pZWEh3NG5haFBIRlpnSzZRNDI3TWd3b1l5WE5SRmFRZElhZHBxWW11VHJpcnlFY2RB?oc=5
2026-07-02 03:00,Bloomberg,bloomberg.com,"(TSLA) Tesla Vehicle Sales Climb 25%, Far Exceeding Analyst Estimates",https://news.google.com/rss/articles/CBMisAFBVV95cUxOS1ZyOVdIUmVUOWpXck45Uk1lakkzUTZxeXJXdVFSeVc4WHVkemFyQWhJSnNnRnB0SzJmcy1nb2tMd2lCWGlpM1dTWU9odU1LV0VjYTBqeXhsRTBQUWN5RVIzVEhJM3dRNDhuU05ZZUtNVDVLR0x2ZEhiZTFMdHlfc0J6dHEzemJRNFpTcEFiMVgyN2lLbXR4MEhFSlo3bjlpZC1lb25NOGhZWEFza0R0Tg?oc=5
2026-07-02 03:00,Business Insider,businessinsider.com,Tesla's reward for crushing sales estimates: Its worst stock drop in a year,https://news.google.com/rss/articles/CBMidkFVX3lxTE5FZGNQQmZrREYxakdiUjM1RTZQOVJXNmp5aDF1R29VQzlUcmFyS2t6blFfQ1FyU0xRWjl0RHNUeV9kWnl0Ni1CdUhTNGE4aGhuaXNnUDYyN1oyWTFHR1REYWxLSkhENU9GVkVXOHNOWkNCeVpneUE?oc=5
2026-07-02 03:00,CNBC,cnbc.com,"Stocks making the biggest moves midday: Rivian, Tesla, Sandisk, Blue Owl, AeroVironment & more",https://news.google.com/rss/articles/CBMioAFBVV95cUxOVVJuRkw3VGxNQWJpeDhYc2hxTThBaThlWks5eG9zYUJpbWtwR2Zwbi1xc1I0VEFFX1NPNXdYbE5vUUx3b3J3RzJZSGFJRHlBREU3QlkzaDBlSUtPRTNQdzVzVkN3cGN5STRua1JTVXJPOV9zdlpzVGk5ZVBtbzdQSUR3cUhyRVJVODR0WU5Wb0VZbmRfZzB5R3V0aU9SX3ll?oc=5
2026-07-02 03:00,CNBC,cnbc.com,"Tesla reports 480,126 vehicle deliveries for second quarter, topping expectation",https://news.google.com/rss/articles/CBMivgFBVV95cUxPWUxZeURybDFGTVBhRlRfd2RvUzl5ejNJSEhqMTE2LUwyYjloRS0tcFBTbG1paE9LYXIycWg3aVp1NGlvSG0tVzBsTEY1ZVRKRjVVNlh6Rmo2aElSWXo5VzNQenctaC1uVmlLTzItNTVDUmlCX295bzQxQVFZOFgtX2hkMUpTWWVhV0NfQUNrM21Ea1NmbGc4OUFQSUtyM3l6V2JpRDJ4cmRyS0RsZnRJVmFUWHN3V0hfRjhHNlZn?oc=5
2026-07-02 03:00,CNBC,cnbc.com,"Tesla stock sinks 7% despite strong deliveries report, posting worst day in nearly a year",https://news.google.com/rss/articles/CBMiiwFBVV95cUxOT044bTJHejN0Tm0zUjZZcW93S2FxZENnYVktMjJyM21pYlVXaWZXVW9FS1Q5a2lvNllERzdpNGVvQmQ5dVRXUTRmM1Y2Y0JUWlJkZGV4OUMzUlAyVWFSRGJoQ1Fyc2lNWUdTSjVBMGJQRkpQNHhORVFwMWdjb2NPMEg4UWc5V0VMVWw00gGQAUFVX3lxTE1wdmE0UDk0cWRISzdyVXhuMHNWcVQyZDd0ZGZ1ZmVuNHJsSEhBdGtTTU9GSG9pejVyMmtQV1hvZ2lfMjR4c2RMVTM2Q3cxUTJVOUZPOEk3cTFsdDRDMXhTRzlPQUdJc2lrZ2xBMThPRlNydDRadXB6cTNUNFpZMURDaXAwMlVmUlBnWVVfd0ZlZA?oc=5
2026-07-02 03:00,Forbes,forbes.com,Tesla’s Stock Tanks Despite Growing Deliveries,https://news.google.com/rss/articles/CBMivAFBVV95cUxNVTNWdkZINGVsWU53Qzh5c1ZpcmR3NGdvS3lwS1ZOekpwVkhyMGpHbkhtRmswd3pRMjI1YjBjVGhrVlB6bEZIUk9HWi04VEh5dGVyeVU0clRWQTdRR2x2VjJlXzhmU3ZEanJSNVc3YmNLMU1VUV84amFoUkVDQzZoSEhEZDgyT29CZUVHWUxJTkFqNTc2Q2VnZURGcWdoallwR2dMbGNpR3dQS1lfT19GeHU2OVJNNUVJclBDVg?oc=5
2026-07-02 03:00,Investor's Business Daily,investors.com,"Dow Jones Futures Rise With Tesla, Jobs Report Ahead",https://news.google.com/rss/articles/CBMiygFBVV95cUxNdG5JNTNXZUR2SlRQVW1FeTEyRTlqTXA5dTNaSXRQblJ4N2FSVDVqQURmb3ZtOFF1b1paNXNrMll0aENPREJFU1hkWFNYUDFHVjVDZjdvNHA5R1hqQmpBV01aZ1V4MG5kWjI3MFV6TXhtT1JsSjA2LTl6OHZUTXlyNHdycXRCY3duVG90dEs0dE9UblRoWElURDl5Vmo5b241SE1HZGpfbHNHMFctX0hYamV3U0dQVmtWSHlzcTJURDdnYl9mamtRZTlR?oc=5
2026-07-02 03:00,Investor's Business Daily,investors.com,"Stock Market Rebounds, But AI Falters; Meta, Tesla, Jobs Report In Focus: Weekly Review",https://news.google.com/rss/articles/CBMikAFBVV95cUxPWjVlVGRaTFJiaWpfUnllTEt2b2FhcVAwRGVyLXVSV08zT1RXY2M4dk52ekRzMGowTnVrMThYYlJVb2JHbDg0MV95d1BoVFZQbUJFOWY3OGNjalZ3RjZ6aWx6QjZHOGdDcWNyMkNZdVc2ZUJZbVVpLVBsbW1UUzJxclhNYXBSa2U3MGZHSXU4NjA?oc=5
2026-07-02 03:00,Investor's Business Daily,investors.com,"Tesla Deliveries Soar To 480,126 In Q2, But EV Giant's Stock Tumbles",https://news.google.com/rss/articles/CBMipAFBVV95cUxQM3ZGTmxTeW1DYklqYy15MklERF9iZlljNUpSYXVfWnhMZDFfcWVRdkpwVTJDSE45VkthTHl1S25fbWl3MlYxLWF4QVlLZ2ZpOEVzWlNCSzRtSUlER2dTODBUSEZwYmpXaEtCQW94RVMzYXo0VGRkaERXMGpmRVNjV3UzZnVlRUplbGVnSlVqckhwWThERXRRSmlFSXdlWkdNbFhWdw?oc=5
2026-07-02 03:00,MarketWatch,marketwatch.com,Why Tesla’s stock sank to its worst day in a year despite blowout delivery numbers,https://news.google.com/rss/articles/CBMiogFBVV95cUxORmtZbUsxaGxLU25meURMbHo1aEVkNkNaNGpyRC1aZjZSc25YMDJsTjZ0YWx0REFLUVVKc2lhWE93bHJ0Z1BSbkVpU0Y3Q1FUT1I1SnJiZko4Y3MwMXBNX1RhVmZQalZMbG05RFdGSjZIUFRUcjBIMV9DSlJFMktuVy1rOXZqVU5GZ1NtTE9VeVowQVhDb01FZDR3eld1azY3Z3c?oc=5
2026-07-02 03:00,The Motley Fool,fool.com,Tesla's Q2 Delivery Report Just Landed. Here Are 3 Key Takeaways for Investors.,https://news.google.com/rss/articles/CBMiuwFBVV95cUxObG5xNkdwcElWaTN2b3ZJQkhaMFJqT2VVYS1CN1A4Sml2MlhsamJYMTQxQlZSNmhJTGJDRm1WaDBLUXdqVUVuZUVGQUJGMlVUQ0l2SnQ0VUN0X0dwWS1Md29BeGpzeWJuemNFNFlpS0czYmJTTjN1M0JTbzl4UHd6c1BvZUlXdkxVMW5IbU9Qa1dBREhOMjlnRnNlUEtsTGxraGpVOFhvTnEyX1F4ekdRUlBlWEhXRU5hY3lv?oc=5
2026-07-02 03:00,WSJ,wsj.com,Tesla Sales Jumped in Second Quarter,https://news.google.com/rss/articles/CBMihwFBVV95cUxQeHFoMnczV0NTdlRyaW5YV2ZYV3VQVEpoTVFrUTRBaGFiZUplNGRKcUtVWlUyUXV2bWd5LXNUNTJwcVE5cTZNeE1xN2FQdWNiSWUyaXNqaDcydkFSd2MtYTFqSDFKeTRQZkUzSXRCREVncG5pWkd2RnNGMmk2YWp1RzB3QlR4VFk?oc=5
2026-07-02 03:00,Yahoo Finance,finance.yahoo.com,Tesla Quarterly Deliveries Jump 25%. Here’s Why the Stock Fell Anyway.,https://news.google.com/rss/articles/CBMioAFBVV95cUxOZU1sOG9IZUJlUEZyOE9iNHB5SXlRLUYtVXZaZFZ2ZnN5emFKMkQzcnpOY1JnU3hYVXpXNUpNSnF4ZVYzUVlnLWc1MC1na1NBSE4tMFhLV0NYdVU3WE5XTkFYb1RtT1hzMmhjMVNZcENSRC1zQ2JtbEVYcGdfWHFZbWgwOWtFejdLX0pUelQ3RHdKYnVkWGMyQUM4blRwdVJ2?oc=5
2026-07-02 03:00,Yahoo Finance,uk.finance.yahoo.com,"Tesla Q2 deliveries crush forecasts at 480,126, erasing backlog concerns",https://news.google.com/rss/articles/CBMijAFBVV95cUxPRi1Vek05cmd6d1dha1pudGxOaWo4QmZvdmJoeHJ1Rm01SW9OU1dNYld6aVdwaW9ZWVA1RE1Md2lDakE5YTFuRjlWSHFUWlJ5Vnc3cmFHc0JmTGNLTXpGSkJRQ3pnZmQwaC14YzBOZ244WVlmM29KalpTemxza042OHdhd2JnRkk2NVpHZA?oc=5
2026-07-03 03:00,Benzinga,benzinga.com,Ross Gerber Says Tesla's Stock Decline Renews Focus on Other Challenges for Elon Musk: 'They Make Just 3 Models',https://news.google.com/rss/articles/CBMikgJBVV95cUxPLWRJblZsV3RmQmVCd01rZE1KRVlOU2hpQndIU0xsQnNsVlBlWXpJdVlWODc0MFVrZXpYZ1A4Zl95UDA3SWU3X0drN2pQb0JqTHdweHpfVGlUeFNpalpZamdGOW42TnJQNEFyX0pMLVJDaUxScWZ4YWtzVzFBcjNSeFk0LXJxRkdELVluV0JRWVA4ME5nLU9tamR6SnhSYVBiX3c4Zm1MUE14SElfWE5SM09TRG80VE9QTTdvajRHUkxra2RXaGxuelFKMENtWjNUQk5na3dOWmRPZWljNS1XeF95dklST1Z0T1ZQbldzY0R0dTdhbjAxYm5QTWI1WExRY25keUtEbkJURkFtOFZRTEFR?oc=5
2026-07-03 03:00,Los Angeles Times,latimes.com,Tesla sales surge past expectations even as BYD keeps the global EV crown,https://news.google.com/rss/articles/CBMiuwFBVV95cUxPQXZsLVlOSHJiTHdINHBYVllmcFc3dFk4VVcyaV9Wa0d1T3VLa1l1b1dlbmIwaTZMVFhickV1SzRpY0dOX19ubzNTUEV3a2tkNlNDbllYbXBCeUFrOWEyZ1JRUG5FNGFJeURjREx0Z1BSNEcxWTNESGJmNm1JSFJvazkwZFd1RGJRY2JaWHZIWW9KcjFLZnJnNV9abXNETjJiVzFGY0Izd3F3SzV1S2VnTE1WRVJ3cGVTQS1z?oc=5
2026-07-03 03:00,Morningstar,global.morningstar.com,Tesla: Shares Fall Despite Strong Second-Quarter Deliveries Growth,https://news.google.com/rss/articles/CBMirgFBVV95cUxOVG1ZcDBqeHM5Y19NR1dMM1lFNE9oNUFOcExWQTg2WkhaUlRvOTEwZlBkZlFDdnhEQ2h5T1ZuTVJnc2xzSUtsRnpJbWlHUGNpOE1BekVWY3FaeGRqa284RGVLbWo1ZTlWclJON2NJaFJ4RWJib0M1bjdXcDQ1c0xDSTBHdVZ5N09hbzk5eUlFU3dTbTdiWFZrWHF2d1pGTTAtOU9hWDdockVWNk9NR3c?oc=5
2026-07-03 03:00,The Motley Fool,fool.com,"If You'd Invested $10,000 in Tesla Stock 10 Years Ago, Here's How Much You'd Have Today",https://news.google.com/rss/articles/CBMikwFBVV95cUxQN2Q0SGhxeXdDbENIbHlRR1llVnZ5MU1tNkJtZkJfUldINVRBZVNpdV9ETHFiTldHN0prYy1nczJCMjF6SFp5SnAyb21VLUROZkFJVmpBREg4a2ZzY1hCb2ZkUkpham1rcHh1aEl3S0dTbms5TkdyeEt5Wkh1Q0FjUnlCR1V4MU5QVzlzSG1IY1pUcDg?oc=5
2026-07-03 03:00,The Motley Fool,fool.com,"Tesla Beat Delivery Estimates by 74,000 Vehicles -- and the Stock Had Its Worst Day in Nearly a Year. Here's Why.",https://news.google.com/rss/articles/CBMimAFBVV95cUxQNHR0MXFXT1VWRHRieDlWZ3BYZkRzN1ZPVnNjWG5QZ25GQkxKZC15YzcyMmRpc1dZbnp2d2xVekRoZjRxSEhPZ056TU51VGVwUlVFYUN4ZXhydjk3b3VRcW9LWjZnek90UkVRTVFMWUtLZGZQaXBia3FlVE80UDNyT2JFN0dpeTZpTnJHVXJmYTBGTzVkOWNDcA?oc=5
2026-07-04 03:00,The Motley Fool,fool.com,Rivian Just Raised Its 2026 Outlook While Tesla Stock Stumbled. Is the Electric Vehicle Underdog Finally a Buy?,https://news.google.com/rss/articles/CBMimAFBVV95cUxOb19ZVVBud1BhTEpXaFBTR0F5TEtmanYtazVaWXZsbnpTeTVqMk1uQkhtOGMydXh3QmtXTUdIUUxoYTNJUmJNV0prQmJGVnFjbld3d0pnZU1wQzRTSTZULVV2SWRPbVlCSWlpTzR2NGszNmJiV1REbERjUHN0eU1sZ0gwUjhFbEVobDdFNS04NHpwT1ZYQ09wbw?oc=5
2026-07-05 03:00,The Motley Fool,fool.com,A More Than 80% Chance of a Tesla and SpaceX Merger? It Could Be a Game Changer.,https://news.google.com/rss/articles/CBMilwFBVV95cUxQbnprZlBUSUVEdXRPQm9lMFREekhFdU9wYWNlaXNKdmFtNURjZ3g5czVyN0FKQjJQNE1ubklSMmJzbklsNkRyTEJIRHljUjAtZjM4RVpZZk5JZ0NGMC1yZGZ2LWlXdkZpQno0V3NjMk1NbmwyVHFmQmlRX1N0M3o2NjZoTDhEdUM1Z21FQkF4T3dvNkc5RXlr?oc=5
2026-07-05 03:00,The Motley Fool,fool.com,Meta and Tesla Are Suddenly Worth the Same $1.48 Trillion. Which Stock Wins from Here?,https://news.google.com/rss/articles/CBMimAFBVV95cUxNUEEzZFZPOTRuM1MzTVd0cFJlSTNydEU0MjJtVkxTNGoxM2R3UzFUdjUwblV5ZWR1b1JkNVNOSzVLcVNJX2ZlWEtqTktBby1tNHFkUUN6Wks0RFJlVjZqUGhyNkVwakVYeWZzQXJnOUpLNU5vZkkxZldaTG51dzdRMHBsOGo2WDJXeUdFR1h6d3hpMThhY0JQaA?oc=5
2026-07-06 03:00,Benzinga,benzinga.com,Gary Black Expects Tesla Stock Rebound as Sell-Side Raises Earnings Targets,https://news.google.com/rss/articles/CBMi0gFBVV95cUxPTWNqRTc5TmFrbUFJZlQ3bjZ3cEJUcTlYV3RNZWh5RmE0ZjV0ek1vREFBSmtvdzJYYTBkeURVckl5b096UUc0QzFYX3JKc2hlQmc5X295bS1aLU9xUjVrUmF0NXBPWTJybHh2SEJPQUViRWUyQVF5SDY5RFRDLVd6MVBNZEZoc1BxSFpWbjFUMERjX1lMdmp2ck9qbWlvSG1MUkQ3Z3czQl9hT1JpcVNTSlZCSm9KU3l4MHE1RnB5WUZiandlTGZ5LUIyRktwVFdJN2c?oc=5
2026-07-06 03:00,Bloomberg,bloomberg.com,Are SpaceX and Tesla Hurtling Toward a Merger?,https://news.google.com/rss/articles/CBMiugFBVV95cUxPMXRTSzJzLWlHZm5TU0NIZk8ta3Bld1ZYWVpOcnktUDU2MWFSX3NfWGVlSHNsb21fa1NRaGMwSjlDX0hjNVBPRlA0c09VR0ZCOTluSENPT19zS2JwRmVPRjJmd3ZEam4wazRsOTlMRkcxVXMtRzN5T3A3TkZCTWtIcDdDWXh5TUNhMlM2UDJNR2Y1cWkyV19Ub21ZSTgwOHFScFNkOW0zVXNwal9FLWxwRzlPeHY1TWZCclE?oc=5
2026-07-06 03:00,Investing.com,investing.com,Baird reiterates Tesla stock Outperform on strong Q2 deliveries,https://news.google.com/rss/articles/CBMiwAFBVV95cUxObUQ5RUpsbW9EcUs4RUJYNW01YzZYS1RxeE1ManJXNUhrZUdCR3pYeHZlTHg1WGJOVHJmT3laZklBRDg1RFViX3FrSkRLNnN4Q1dybDRTZTJzRFFuQzBieS1lZGVFUFdQUzBuS1pHNUxCNUpEXzNjekUyd0VPeGdaeE83cnA3MGxXeFItZExqdFljdlY5bkdzMHVHTS14TFlNaDN6dmltWUJmai1zLXo5ZnFDVUNoc0taQnpaTTdDQXM?oc=5
2026-07-06 03:00,Investing.com,investing.com,"Morgan Stanley reiterates Equalweight on Tesla stock, $415 target",https://news.google.com/rss/articles/CBMiwAFBVV95cUxNYktrVTB1RnBfZDd5eGVtcU5XNktYeHVfckw2Tk5idEp3OENxR1NQNjAtZ1JTUl8xblMzZ25PUlY2V25OcmY4X0xrVl9YMndHNlhfbEV0THp5c2Z6U3ZvSHhKb1pBOU1OQWQ3Q1NnUGFNTG1rZXJHbkZHWkJVc3hTM0FJdGVDSTNoRDM0NjhaUTdZcVpGejdLNUZYb2pidmxqUXg2UUFqRnAzWHNTaG5DSGpMWlQtdDgtZFVsTWFXSHE?oc=5
2026-07-06 03:00,Investor's Business Daily,investors.com,Tesla Robotaxi Expands To Miami As Slow Rollout Continues. Stock Ticks Up.,https://news.google.com/rss/articles/CBMif0FVX3lxTE5uRUpCSUZYd2ktb01mNVpqMkF4ekRKaEhVNXhlM2ZFODdHemJOUDhoMlh1ZGtMMklhZzEySDQ1ZlNFWjg4aEs4d2RGWVZScnMxSjhrNEV6ZFhldHpSUzNIYnJndEFvNXRzMlJGMlM1alBoTDhXM3dYMHh2Q0FHSUU?oc=5
2026-07-06 03:00,Seeking Alpha,seekingalpha.com,Tesla: Only Priced For Bad News (NASDAQ:TSLA),https://news.google.com/rss/articles/CBMie0FVX3lxTE5aNXp4ZkR5OWxsdktjSzhkM3pfZGFSNGlCR2VGa2dQSThRZEZDMkZSaTVoWEFNSExvWWNpbHYyY0VRVlRETy1Ud2hSVjU3akEyQmdUZF8wRjlBRGVQM2ZOT0tQWkEycXJ5RU5QMVZLTG5TbExCR3pIRElGSQ?oc=5
2026-07-06 03:00,The Motley Fool,fool.com,Rivian vs Tesla: Which EV Stock Is the Better Buy Right Now?,https://news.google.com/rss/articles/CBMimAFBVV95cUxPc3czZmZYX2hfZWVVa3JmS1JvUmJ1S0VXUzZTZUhpWW56MWx4OThVcVBZTzhBNzV1Ynd0VHVFOXFUSEZjb1F4VWRoNTBzSzVBWkRQandidjIzMXpRb09EYklfLWhNM1A0RlBpZWpzR0FsQkNYYUNLTTM1T2RRTGhfNlBzS2tvUGM5UDlBaDAtQjNidmdjLXFIYQ?oc=5
2026-07-06 03:00,The Motley Fool,fool.com,"Tesla Just Delivered Fantastic News for Investors, but Don't Rush Out and Buy the Stock",https://news.google.com/rss/articles/CBMimAFBVV95cUxNcUd1Sk1SUDNaS0ZYZjRUTFRnWDd4bGZqTndXMUROamhPMmpDNFpob2d6OGdPa0ttTFc3cVZIanhLSDlMUnBZQVQ3SzBWM3p5QUpGS2wzNG1UdUdWd3BOSDBoRWloTkZObUxMNDhJdGR0cjJKVWMwZHYxQUdUb3A0VGhoOGk4bXc4WmwtQURaV1IwQ2haaDZVUw?oc=5
2026-07-06 03:00,The Motley Fool,fool.com,Why Did Tesla Stock Jump Today?,https://news.google.com/rss/articles/CBMifkFVX3lxTE9OQm00TnBNLVdTRk9OaGJkOEJQdXdyS21Gb214ajZxUDVyLXRPdnYwb3VyMUVNYXNlRFpZZE5yenQwb2VVVTY3c05VZ3c3OFNySmpaSEFjcEVMdEZ4enlRcWFvYjNJb2xubzNMa0pneE1yVGZ3bWZuNzljUmVRdw?oc=5
2026-07-06 03:00,Yahoo Finance,finance.yahoo.com,Tesla's Solid Q2 Delivery Report Sent Elon Musk's Stock Down 6%. What Happened?,https://news.google.com/rss/articles/CBMinAFBVV95cUxNd0pGb2FvdW5KSllrZ256MTZFamx3Xy1ibEJDd2pmUWpyTTlrNE1jVnh4RzRNWXh1X0syUDRDblpsaWdYMlJwbFc3dTE2dkRRUjZUV0ZEbnpRcVRuVGhpUDV5R2hqZlpDeDJ3UWxvTW9fMlFwX3hwWHVkTmNIYm85VmZRTzgybkxIczF1REd2OUxUSDZ5eUc4WGxxOXQ?oc=5
2026-07-07 03:00,Barron's,barrons.com,"When It Comes to Analyst Ratings, Tesla Stock Is No SpaceX",https://news.google.com/rss/articles/CBMiggFBVV95cUxPa1VRUnNlMlpGblVmTnlnZHBodW1zYWdGSGVRZVZDZTdkNWtZZ3htaWNrV1FOeE9NRzJDZkRqa2V3RjFJQ2NqcW9CaFdNNVFhcnA0LUZncG9ldG5iTzlMall2WnVHOVFMRC1KZHhXaFZGY0Z2MDNjRXJiT0RRMld4bkFR?oc=5
2026-07-07 03:00,Investing.com,investing.com,RBC Capital raises Tesla stock price target to $500 on SpaceX potential,https://news.google.com/rss/articles/CBMiygFBVV95cUxQa3RtYmV4cFpvX01HcHRJc0VIUk56ZGtJSEs5dWMxTllRN2ktMlFBaTI4YnFlT19yNGw2VG1kcGZFUlVLVmstRHg2U3NGTGlVYWRQTWRueUV4VnFWVmtVajY0WkJsZUZRM1BmNGZJUjg0RGhReG4ybVJwa0xxQm9sRWRXZVlpLTZxZ2pKcGdZNWZOb19zbHZlNm5NRFhKRFhkQmJaNkMzWlc3dFpsVTdBZ3F3OTJlQXFBQmpSMmlQcW5XZzNoM0NaTHh3?oc=5
2026-07-07 03:00,MarketWatch,marketwatch.com,"Tesla’s stock could rise 20% thanks to the potential for a SpaceX merger, analyst says",https://news.google.com/rss/articles/CBMixAFBVV95cUxNT2xBV01od1hfY0ZDTldOaFVGUW1LalctQ29DRjlTWGNLRG1CMTNLcmtudVJFZUhYSzJGa0xIRGtLQ1lna2hXQTlDN184NFNRWVdFejA0ZzNidUlKc1NxNTBHRmE2bjB3TlNNQ3V4Qk1fWUtaTE1KR1FwS2xoNDZ5YWkxaFpTR095aDhUT2o5Q1dJNWdCcFVoRC1rS0Fjd0xuSDZVd2trTGxMSVBVTWNRWW5oOGhqa0x1Q3B5WlozaEd3U1hD?oc=5
2026-07-07 03:00,Seeking Alpha,seekingalpha.com,Tesla's Delivery Results Support Continued Pessimism (NASDAQ:TSLA),https://news.google.com/rss/articles/CBMilgFBVV95cUxOOHhQS094Q09fOFBWelo5RjhVUTBHbUhtRTJvYTlDR2ltdUNPSlJSN3JaZ2d4SGc2RmowWVZtTlFmVS1JcU9pbTN6YXVabmdkWC1LRS1UTmMtMVJWOGlnV1B6WHNJdUxodFJUYnN2VjNQU0VWdFRRdnNUblJ2ZXNfdzdQY01GUDlWcHJzWE5BSmtqOGwtbVE?oc=5
2026-07-07 03:00,The Motley Fool,fool.com,Massive News for Tesla Stock Investors!,https://news.google.com/rss/articles/CBMiiAFBVV95cUxOYmZNM0oyeG5CM0JVZGZRMldWSnd2UVh4RURhRWUyOGVEdVcwVDVWME5uMjVqa3NzMGhSOTVzSUZtdE9MNkw5VWluTjhEbjRSd19BazJHSVBsVi1abjMxZk83dFlkdDBYOThvQkdRcmlWRTQzYjlBNEFINllZWEhMd2VmSy1NN2lE?oc=5
2026-07-07 03:00,The Motley Fool,fool.com,Tesla's Delivery Numbers Blew Past Estimates. So Why Isn't the Stock Rallying?,https://news.google.com/rss/articles/CBMimAFBVV95cUxQZ3A5UEExeURNZmFIdHFweUc1ODZ6WkpQT245Q3ZXZ3ZtaktOTXpEU0JPdGxKUWMxcEtHa2hZRFplTTA3dlVwVWVYejRmOGFyZkgzMGJqOU5JV2VjamNHbElQVC0yeHVYdDNqMlZUYVBfZWlTVEM1NUVkWm1wQUptSkp3M256UGNRMVF6WUc3WG1DR2xaSk9JZQ?oc=5
2026-07-07 03:00,The Motley Fool,fool.com,Tesla's Robotaxi Just Launched in Miami -- Its First City Outside Texas and California. Can It Rescue the Stock?,https://news.google.com/rss/articles/CBMimAFBVV95cUxQTy1fNml6aE9WM3hzZXFjSXhacWlCd0FSRjN3ckJ6b2JBbWpvdkc5ZWhhNGZodjFsb2hRcTZUdzI2a1JHcnhDcnEzTEY0ZFVmRE9NdmZyaG93blZXZzdQOGJnMW1LQzE5YXpUMFg2VDA0Rmkwb1RKaGxuMFRJZjJjSlkyTk1RNTVqdXhIZ21mR2V1OHQ5SDhEMQ?oc=5
2026-07-07 03:00,Yahoo Finance,ca.finance.yahoo.com,JPMorgan on SpaceX-Tesla merger: strategically sound but overly complex,https://news.google.com/rss/articles/CBMilgFBVV95cUxQV0IxQXlxdVdsZUY3Rkt2OElkeEMtRVVIX09WdXBQNTNMUEtiNTltdEVxLUFjRFBtUC11Ul90NGItaC03OXptcmNwSHFkUEV3Nnp0Sk84RzQtckRIQVdRX0NUUWowaUdUU0ZqYl8tTHFxaW5zbVZwU1B0WGozTk5MQTBOck9xVWpFRWZZdEtNWE1BZHU1UFE?oc=5
2026-07-07 03:00,Yahoo Finance,finance.yahoo.com,"Dear TSLA Stock Investors, Don’t Count on Tesla’s Latest Robotaxi Win Driving Share Price Growth Anytime Soon",https://news.google.com/rss/articles/CBMimgFBVV95cUxOdXJGS1RMSUtQUE4zWk5HdmwtOGFZZjF4OFFWdVgtT2lPSG81Zm1CMUZ4NGNKVTlWaGpiajBtMjFETm13Ynp1T0o5WWFRWUVNQzZFbUtrNDg1TTlPekxYazlUNVI5cVBfWUtUMjIzMGJENTAwWTVoV2JJSDlCYkt4dFNwdWJrM2ZXa2d6QWdhRmpGYVdJeVlWR3BB?oc=5
2026-07-07 03:00,Yahoo Finance,finance.yahoo.com,RBC raises Tesla price target on potential SpaceX deal speculation (TSLA),https://news.google.com/rss/articles/CBMimgFBVV95cUxOQ2ZwV1dldnZTWTVONUd4QTJ3dTExdnBXWFl0RFNac0UyVkpFbnZ4dndqbkloaVRzVGdWQ3BoQnJOVUI0R3ZfMXRKOE45bHJHczJZREUzb1NuZ0Z4T2liSXBkczdfVGdGSzVRZkMzMTAzNW44V29TMU9IZktGNzVZMFVDTHM3ajFmcGhyTXpnYTVRTFpWZVYzWU1B?oc=5
2026-07-07 03:00,Yahoo Finance,finance.yahoo.com,Should You Buy Tesla Stock Before July 22?,https://news.google.com/rss/articles/CBMikgFBVV95cUxQcE1vZVBESGt4S3pUM3BicjRfb0lHYVZoLUtwV05mOVVSNHJYNVlIYTc3b1diaTdHeTdlWEh5UV9yMzB0dlRadXV5cGMwZ1RDUXRGVU9hUWRpeUxCY3F1dWNvNXdzS0VoRXplMVJ3WmJjSTQtVENmeDREZWprQ2FHZVdyYW9TeTFsZURBRWdwcVRydw?oc=5
2026-07-07 03:00,Yahoo Finance,finance.yahoo.com,Tesla stock target lifted at RBC on potential SpaceX merger,https://news.google.com/rss/articles/CBMimgFBVV95cUxQMjlGZkJveXRNaFhJelNCNUdlWkxseV9HNnY3QWs0dm55azhSWXBTcWN2RGhlNDlTUERHWC1oemFZeTItaTZ4SDBfV0NycmhaZ3Y5bGpXOHkzNXNqdXZiTnZtU1oyUUZTRzdPdzJVQWNZVmlRUEk0bGd5bVhraFNxNnIybFRxUEtkR1FLeTFvRDVRM0F1R0RVdmdB?oc=5
2026-07-08 03:00,Benzinga,benzinga.com,"Tesla's Stock Could Command a 20-30% Premium in a SpaceX Merger, Analysts Say — But Major Obstacles Remain",https://news.google.com/rss/articles/CBMi3gFBVV95cUxPd2NaLUVlU29EQWsxcS1vVVQ1N1ZjVHZFaFJfWER1anhoWUVuY3NuSVdEZ2RwaUw1bjM2NWs2MDhrX01Bd19vQTBILVA1T0N5aGd6ck93ZmdQVndsaEIwek9LaXJEeTVaV09aMTNXSDUxMVZaM2lFTVBZc0M2V1F0Snp6Z29RX3BpWEJGdDRmdGdyeTZELTdLaHJ1VGJHNnZIbHpuUFpJcmc4Q1VLdkJhcUEwS2ZVZDA5UnMxSHlXSnFUcHQ3My1uREs1S1pDQjNmY2UwSGo3VGpTMTBXUnc?oc=5
2026-07-08 03:00,CNBC,cnbc.com,JPMorgan calls the possibility of a SpaceX-Tesla merger 'strategically coherent',https://news.google.com/rss/articles/CBMitwFBVV95cUxNX0VtNzBPZFJkVDBDZWZDV09HbHZUMnIzU0pDX3pGUWZDWWN4TkN0OVJiNXhmWmtORlktMjVNYWlFWWJOX19pSkp2OUtxbkhZSDNaVTd4bUFDcUlCVkM0NUN6Rm1kNXNRd1VsbFpvTF9uOUFnWUFVUFNzNmRsbFVlU1Bzc1FNcE5MaXFYZmgwUnJhRmtTRm4wZDFaeHpQLUsyMnVXNHdHS0hHc1ExM2Qtd2p2T0ZCSk0?oc=5
2026-07-08 03:00,Forbes,forbes.com,Meta’s Market Value Passes Tesla’s—But Both Stocks Are Still Tanking,https://news.google.com/rss/articles/CBMizwFBVV95cUxPd2tnR3ZjcnN5ZzRuWEc5Nk1xb1RHTFNJSW05dktNUzZtcFpPRENpa25abGtQNHk0X0l1THh1ZFM1NGxLbVlRbDJhel8tNE10Z2dYakNjWHpoX1lNQzlxZjd2c1VUM0ZMSDdnRmp4VVdueHJiRnBwOWtHalZTLUFVcVlDcV9FeE04ZFdMdHRhcVEycHRpM1BIa3R4TkM4ajlfS0pvUUt6Z3hockFIVTQwajNqdHpGcjctQWxkTXpwTG1fLVhmQmZHZjdfUFlLbVk?oc=5
2026-07-08 03:00,Investor's Business Daily,investors.com,"Tesla, GM And Ford Converge On The BESS Market. Here's What That Means.",https://news.google.com/rss/articles/CBMiowFBVV95cUxNSXBseWJJckxzX2huc2NEN29LMDlQTVJ2d19KUkRsNWdrVHQzZl83RnBHOUVKYVduNDZZWDZGaXV6T3FMNHJzSDV4S2JKZXVmcm5VSXRVdU9vU1B1MTVKZU5BU3VDOGpNeGVIRHVNdVREeDNsdDRwV1NBMzM3alRBUmROeThXd3dOcnpjbUZJQm1rYVZFN280Q1BXdGt1MHZPMkJz?oc=5
2026-07-08 03:00,Seeking Alpha,seekingalpha.com,Tesla: Delivery Boom Is A Game-Changer (Rating Upgrade) (NASDAQ:TSLA),https://news.google.com/rss/articles/CBMimAFBVV95cUxPa2dzTU1MZElrVHNIcGV2VVNoLTlNeFdQRER6akpVYV9fc3ZBUTdEZDZ5c0QtSVpYMDJMZEItanR2TDd4dWJjdUlMZHRSYWRoTEF2YnZJSVlUWEZ4MUxtd05nYnFsU0dNbzh4QWU5LU85ZE9Yc1preGVjMWxGN0MyR1k5bU1fdjZCbHMwWXRScDJFOTVyYk94OA?oc=5
2026-07-08 03:00,The Motley Fool,fool.com,Is Tesla Stock a Buy as Deliveries Come in Ahead of Expectations and Its Robotaxis Launch in Miami?,https://news.google.com/rss/articles/CBMimAFBVV95cUxNOUFGeHZjWXdzLUJ4RVIwX1dFZHV0Z1RtYVhjQWlibUhDek1kSzB1TnNrLUNycGY2b2lsclhUT3F1bmFvX2FsVVNxbVcwcUtMUm1Sb2w1bmVvLVNQTFBmbHNiYzZ6bUpJelRmbzlaSG43ZE1zbVdxdXV6SGYzVkd4ZlpkNGFFVVFBR0xndVBJTW1zTGRMQW4tdA?oc=5
2026-07-08 03:00,The Motley Fool,fool.com,Tesla Stock Sank 7% Despite Record Deliveries,https://news.google.com/rss/articles/CBMikAFBVV95cUxNb3BoSEhXZ1JOMjdBQjYxdDdIbWMwdkdSYXRWRUNrLU1mQ3ctYzZSS3VHNlZRMkdvTkROQmNIR1oyS2dEVW12S0FIaTBfeHZXQU9lbzVlazAyQzZWN1VoZk5vSDZhZmVEWmQzRlpKUHB2WjB5VzlkaU5TU3QtbWZJbE9iXzU1ZDdvSTdzRmZJSXQ?oc=5
2026-07-08 03:00,Yahoo Finance,finance.yahoo.com,Prediction: Tesla Stock Will Reach This Price in July (Hint: It's Going to Plummet),https://news.google.com/rss/articles/CBMioAFBVV95cUxPRE94MGtCNWNoY0xrYy0wTEZ1bFVsOFJTYUhJV1d4aUQ2UWFqVkVXLXBFUU9pZW9mcTN1dnFOMEZSVGJGWXBuZ240dThpOWFvM3pVeExFYkNDdUVGMnBWMXV4dzAtczRIMW9nRUVLdG0xLTRvRm1rbGpneTF0REJheGNEaWl6QzFuRnNpWjlRNWtZNXlrRW1GZEtWUGExMUZB?oc=5
2026-07-09 03:00,Barron's,barrons.com,"Don’t Buy Tesla Stock, Analyst Says, Despite ‘Immense’ Potential",https://news.google.com/rss/articles/CBMiggFBVV95cUxNdVlqbDRGY3VPM1k3bkZpYkpza192Wmp2djlTdnZWWmFZZWVXQzNMaXR2eUlkSTMxdG1Bcmt4Ym9IUDNpMDNHd2ctQjJtZTlvXy1jZkZZNzFvYzlpYmVvbzdPd2ZUNUlEUFBsRTFFUGUyd1F1R2IzQWVLa2thRjJudzBn?oc=5
2026-07-09 03:00,Benzinga,benzinga.com,Gary Black Says Tesla's Valuation Is So 'Stretched' That Most Institutional Investors Won't Touch the Sto,https://news.google.com/rss/articles/CBMipwJBVV95cUxOSW44M2s0cnVhZmpuQjkyZkl3Qy1Ub0lDMWxaZUNfRVRDYjg5MExwVi1JeGR4aTQ4cVlnN2J1MUtIajZSeTh2bHFVWGdCYUY3Wmd2UkF5Ny1UVzVudGxmVUtZUC11Vm5hMmw0SW5QMnVzU2hSRXprZ1Z0QnpVY2NDd2JzaXZzcFcxbmM3R2hnTk9NWVA1RmdtNndGT1pqMUdfNkZwenVEWWc5UW54NF83RHFFZWZDOW5PdWt3UmdjZUEwNkV5M2FQRm5PcExUbzZuVzM4T3pJQ2hqMUdUNmVDU1BmTmFPa3RhYjE3TVFHNVI2UEhUZERfUG1BWERRS2dUa3NsYmtzSDJZeDJSTHkzam1BeXhqbDlNNy1BaWpUSDctRTFDNXFZ?oc=5
2026-07-09 03:00,Investor's Business Daily,investors.com,Why Tesla's 'Immense' Opportunity In AI Will Disappoint Investors … For Now,https://news.google.com/rss/articles/CBMinwFBVV95cUxNZ00tYzlfZS1HQ1Nxbm94XzlzVXhVX3NNWGFSOXNuYmNwUGROUUNTUk1mdlBxV3YyVFpRUGU2LVhnRGlUU3JDZmJSQzl3bXBYRzZLLW82NnE4RDZSdnFFODRrWEUzem50Q29jYml6cnd6TnVocTFjb2pxR1A2dXdzR0dtSmZEZkhDUGpnMThtNHctZ2duVWFCbWZBSEsxdE0?oc=5
2026-07-09 03:00,Seeking Alpha,seekingalpha.com,Tesla: Why A Big Earnings Beat Is Likely (NASDAQ:TSLA),https://news.google.com/rss/articles/CBMihwFBVV95cUxOblNkcDN2NEx2ZEI0NXNwekNCcjYyTGN6cmlPTUZiZGxwQVdhak5JWkMtYUpzUDNLUDU5QUxBc2hQZUhOdUQtN0Qzb0czdVlwTWdwZTNjaWxkQjlVOWx0YV93QzNwVzg5TzkwUThiV0tLc1VtUWFCU1FIblBhWUFybkt5aFRGSzQ?oc=5
2026-07-09 03:00,The Motley Fool,fool.com,"$1,000 Invested in Tesla 10 Years Ago Is Worth Over $27,000 Today. Can SpaceX Follow That Same Path Over the Next Decade?",https://news.google.com/rss/articles/CBMilwFBVV95cUxOTm53a2xHNzBmQTFzMU13ay1jcHpxcDR4cXhvYzVNWFRTSzZPWWFEcDBqNGowaUtGd1k4QUMtZHpobVRUNkc4R2hmOVFvQlk1WXJMckxPUzRqQTBaai01MElrY1RLT0F2TnNuclVFOVU0OFdha01WcURGUzh2NG1qeURvS1NHaEc3bWNVWldRTHg1b2VMRGFB?oc=5
2026-07-09 03:00,The Motley Fool,fool.com,"Before You Buy Tesla, Consider This Under-the-Radar AI Infrastructure Stock",https://news.google.com/rss/articles/CBMimAFBVV95cUxPRm1SMjhaNDNYdUVuZHY3a0pvUGhCUWVzeVBFSXhQYmk1bE9WTFd0OWJQaV9FMWhMVDhGZkhCLThFMkE0X0FrSlZDOTdoRnFqckNUeV9Kc0c5eUJmYW5qN3RaOFRWNFJUeklyeFdSUDd2SkxLalJyQ3FVdDBxMjZnSDZLZ05yRnBfeHRGaG5oRGNtTGUzQ3VjTQ?oc=5
2026-07-09 03:00,The Motley Fool,fool.com,CME Group Is Launching Elon Musk's Tesla and SpaceX Futures Contracts on July 27. Here's the Investment Case.,https://news.google.com/rss/articles/CBMilAFBVV95cUxNbzUzNDU1RkowMlFuRjlFVnpEOENsaWtwZl9qWVJjS09LQ18xUzNOY2tNZlZtWXVacUxma1lCNDFGS0VVRmU4ekp5NFhHNnlDeVFFSFUwaXVlajZCRElobEFnbFYzWjU0UEdXdnNwenZxS2dIc1hqMC1HMzJqR3gzVG1acXdYbm01TGZEV1NCVlg3Tm5B?oc=5
2026-07-09 03:00,Yahoo Finance,finance.yahoo.com,Some Good and Bad News for Tesla Investors,https://news.google.com/rss/articles/CBMimgFBVV95cUxQYU5IQllGbnZMNVZoOHZGcFl5bkZPd0hWQ2xjR3RBS2JIbTFObEduSFBLZENEYjRRRkpYeDhtVkQ3cDBlT2dBMy00V0VFYU9LclozYm5hcksyWHVhQW0yc2JOUXZwVmJjTHlwVXlVaVNPNUQwNWRpanNmZTZpbE9lT21udENxTjJ4MHNRR0VDWWNEOWM2ekJiMl93?oc=5
2026-07-09 03:00,Yahoo Finance,finance.yahoo.com,Tesla Stock Gets Stunning Price Target Hike From UBS on AI Boom,https://news.google.com/rss/articles/CBMimwFBVV95cUxQRjhrX1JWc19iX3RDZ1RoSDlsQW1BOGk0d2NOa0RZclJiVFJVaFEzTkRSc3ZoQk12UW5lcnJvNDJ5OVlfbVl1Mmk2eGRtenBJMUFJclRyOXhxNFd1SEZqTThkNXRoZXNJU2xQYUhsZTFCTTlaVnd1QTE0MjBfR05uYVFKWG1OeV9PdHJfaE1xV2FlZVRSWDQ4VzVKNA?oc=5
2026-07-10 03:00,Barron's,barrons.com,Tesla Stock: Why Its Valuation Is Weighing on It Like an Anchor,https://news.google.com/rss/articles/CBMieEFVX3lxTFBmMDhWS05pRzdQclNBNVAzcDNfVGowcE1YbnZJaWFzX1VOc3BMNHc3TkhCSUZIeE1ESDlSLVB5amVvVTJCbzRMWXduUjRMbHFaeXQtMVZjbzg2T1VXaWZ0aHFKTkRBdGIxYXBpdktRUDJuLTJkbHpiXw?oc=5
2026-07-10 03:00,Benzinga,benzinga.com,Tesla Shares Close 3% Higher After Key Trading Signal,https://news.google.com/rss/articles/CBMirAFBVV95cUxNTFFkYjBaUUVNSzFYaDJQeWFPNWV1T3E3eHNJRTQzdlo1ZDNGNVV6U3NuUl9RVVNuNEVpVnAzeTBEYzlPWVpuRXh5MjRiSDB6TEFBaG1ZUHF3Q29jNVNDSVpRMG8yOTJWcGQ4N3lyUkxfMURtclZKelRVdmVKWkw4M2ZiWUhLS191VEZ1WWtNb0o3YV9nbVVtMG9fNlozeDRhZDNpT1V5ejQzbU9Q?oc=5
2026-07-10 03:00,Bloomberg,bloomberg.com,"A Month After SpaceX IPO, Tesla’s Stock Keeps Holding Its Ground",https://news.google.com/rss/articles/CBMitAFBVV95cUxOOENYaVZ2S0I1a3czekFFLUw5S1VsQWFlN0RReGlnR2tJSWIzTXEweGpkNjB4YW9qRC1EZGVELU1uaFBSbG85RnpzYjJ6VmRhTEQ1RVFkd2cwMEx2MjdySkQwWmRFZUlrTVk0bmdPZUVyWHU5VFQ2VURuQURfR09ISEpxdTd4UEY1eDc5cHQyWjEydTdETE1nMnQtaFFmVWg2NG52X05tSk5QSGhrZnVDNnluMzU?oc=5
2026-07-10 03:00,Investor's Business Daily,investors.com,"Tesla Faces Possible Robotaxi Ban In New Jersey, But It Gains Market Share In China",https://news.google.com/rss/articles/CBMilgFBVV95cUxONjNwQ1VvUEFGSC1zbDJqZGhXbW1HT2F3bHdjcXhYOW1NRWdUVjNOXzhFSkxjU0pzQ0dOZmJHQW42R1RBSlBSLUM5Uk51SGh2Q1h2eXQ4YXNqN3FWS3REdlZLd0FFRUM5c1gzbHNWZVlUU192dUE4M3dfTkZjOVZrX0dBbF9ra2NaMkZOWnRTdW1zQThBZ1E?oc=5
2026-07-10 03:00,Seeking Alpha,seekingalpha.com,Tesla Q2 Preview: Time Only Makes This Company Finer (NASDAQ:TSLA),https://news.google.com/rss/articles/CBMilwFBVV95cUxPSTQ4cThHZWltN0pjVGUtYW5CaWRkaHJkQ1RGdGJqZnpYVU9Rd1pNSDBFdW1Eei12WTgySTBxN2QzYzFtbU1BRUtQUkF3Y2IyRnRfZTJVMUhyUWRoZ3lnMHhEemhfVHpOY29MNThLbnJTbkY4OU05N3pNbV9TTFE2Wm10QzlaemVQZFBibVJzN2J1MmlreHZJ?oc=5
2026-07-10 03:00,The Motley Fool,fool.com,Rivian Automotive vs. Tesla: What Their Revenue Trends Tell Investors,https://news.google.com/rss/articles/CBMitwFBVV95cUxNMnZCeVVhenB5ajV3M3hoamdrRWp4ejVjS0xpT3dQdTU5eXd0NjVjNWpMZ0t3R1Bxdk52dXEtUmMzSU8zbGx6dk9hclFFRGpaMjRWWnA0SkY3UExNRHRHYVYybGhuUUNLeUtscDR4dVh6dTBPcmhRX25mTzRHWGFhbGh2OEI4N1hyTU1GTDdjck5YbVZsRjlHOUZ2WU1xQkg4eWNrMWdDMHh3Z2RfNEQ1OC1uQlI5TUk?oc=5
2026-07-10 03:00,Yahoo Finance,finance.yahoo.com,Gary Black Says Tesla's Valuation Is So 'Stretched' That Most Institutional Investors Won't Touch the Stock— and FSD Isn't Helping,https://news.google.com/rss/articles/CBMingFBVV95cUxONnAwZ1JENEQyeTFlUmFxeklUZzlvQUd2bGxBZml3UWp6SFFhUzJ2U2JYTFRzY2tEak90c1pteFpNUUJ1WGRlZ0s3azBGZTB4X2JteGVBZGVibUkxdEZaenJCaG9sOVZqb0pGMldxajJ5TVMyR2xFWEJSSldGUmlDUDVYLUEtRHVIb0tMUUZLTmVWQUl1aUF3Q1dxOWxTZw?oc=5
2026-07-10 03:00,Yahoo Finance,finance.yahoo.com,Prediction: Tesla Stock Will Surprise Investors Over the Next 5 Years,https://news.google.com/rss/articles/CBMiqgFBVV95cUxOMXdQTW5QYlFaZE02UmQ2UnBBNDlsdmtKcTFSRm5FNEVpZXFGREpfTEhXalFBSUpxbzJXRXJfZVBrWUNWNTZFMm9RNjE1alQ0d2tGWFZncGtsX2pqMnM0anVvcnZrS29ma29aU1hSUHlLM0MxUlJuY0pPNXFzV0Y5a3NsOXpPX0R5ZzZNSXhCQ0o2SWdlUVR1S2ZVZW9MekRLcVNxczUyYUhqUQ?oc=5
2026-07-12 03:00,Seeking Alpha,seekingalpha.com,Tesla And The Emperor's New Clothes (NASDAQ:TSLA),https://news.google.com/rss/articles/CBMigAFBVV95cUxPSTd5b2xRZzBzWVZkemh3T3JUVEFURmZ2REZrZ2kyN0hrTmdrWEk4a3ozdkZGYThPRDdyVHNOSE9sbEYwZElrVnJ0clZScVBzdkxVUkRLWjdrcHNHTEtHQWF0a2NhUTJnTlRVSGk2SE9HMExCX0hlNEtNZ0VJUFZCQg?oc=5
2026-07-12 03:00,The Motley Fool,fool.com,"J.P. Morgan Called a Potential Elon Musk SpaceX-Tesla Merger ""Strategically Coherent""",https://news.google.com/rss/articles/CBMimAFBVV95cUxOc2pLVXNESVduRUtSMXYyblFoRDdOZVNVdWFMZDk3ZzFDbFpyU290VV9USnpwMkYxbTdSbE9LZlhELTlWTUlYd3A3cVFZUGlaalBNOHktTFl5RU5tVEZYQU9ybGI1Y0RueFdEU1lNemdyZ3J0M2tyVnZYWG5uTjJQemZQQWVrU19rSDE0MFFHdXJQdzRYem4zQw?oc=5
2026-07-12 03:00,TheStreet,thestreet.com,"Tesla merger with SpaceX won’t save investors, top analyst says",https://news.google.com/rss/articles/CBMikAFBVV95cUxPckZ3bkN4QTNMZjg3STY4bEJaOXNfd0xtd3RHVDV1QjJwRTZ1R181a3RrVXlOUTJnZ0JXLWV4VUJsNFVMbTh4V1dRc3o4bHBMUEZjVzNMeGR4cDVocl9uSGNVQV94N18wdHRoUkxoN2Nzc2oyRk5TTy1QcjVaVXh4U082UVdUNUl1MHE1UDdYbU8?oc=5
2026-07-13 03:00,Barron's,barrons.com,Tesla Stock Is Falling. Can Robots Arrive Soon Enough to Save It?,https://news.google.com/rss/articles/CBMidEFVX3lxTE1NREh2Mm41bTlyYWZOUU5fbnVHaUFoVXdYVlFodVVITEVhZ3dyeGdKRFpUc3ZubEVhdG50ZmM4dE12VVg3V05abXdfUmQ4S3loZTlEbmVHVDBKV05Oa0VXMlRFbVEtUXZwRmtXVkNCbkdBMGNa?oc=5
2026-07-13 03:00,Bloomberg,bloomberg.com,Huawei's $11 Billion Clean Energy Empire Is Opening New Markets,https://news.google.com/rss/articles/CBMixgFBVV95cUxQVm43UWhybXd4Y19admdmS2p3a2RCWXNSUjFaOUFBamVicWhPbjhDNnhJSm1XeENKUXR2Uk9fdGQ4NnpiTF9oUW5kdVhUUFExNHBlakpDOTR4MnFhQUVmVXVlYW90dEtERUtTSXVfU2RMOENlUUstV3IzQm8wLTdpVUdUc3RWMi1CX1JUTlhfSEtrQmRDUkRvbl9hcHpPZ1J5RXRibWdjYUlmOElKTlFYcFNsQUdWMVRLaUhQRzlKQVI4NmpLVGc?oc=5
2026-07-13 03:00,Business Insider,businessinsider.com,Retail traders are 'a different beast' in 2026 as they flee tech winners and rush to take profits,https://news.google.com/rss/articles/CBMinwFBVV95cUxPOVllTWlROWhyeW5EVXItM3hZdEZacW9xR3c5bVpqWXRIY29GcTN0S0k3Y3JMN1hjeHN2a3FmWUlESmNwMkc0aVVKMWd0VzBaRHdvQzJLWmpVNXZIOHZWdE9lbjROaXpRZjV2RnFoS2JqY3FWdUxjZXI4STRSSWRjWGgzQWxfX01ZbVlYMXhjR1E5YXhHTVVsMkNtYzdWRXM?oc=5
2026-07-13 03:00,Investing.com,investing.com,Jefferies raises Tesla stock price target to $400 on Q2 volume beat,https://news.google.com/rss/articles/CBMixAFBVV95cUxQQ0MyWFNzSzFETzFrWGV5NDFwRzhGSkxGYmFReWF4ODVySE9aTkkwWlgtai1DeGZXV05lYldwSEFMcXY5Y281eGd5el90a09scTlYdnM5U3ppSjU4NVYtN1pRUGUxNXRJc2puTS1qdlpWaG5mUV80czBzbTJtc3p6NTVJTHlxMXVGQkFsVGdEeFNjQlFzR21na3JpaTFiM2JmQ0VQN3lhOE5XSE41ZXZjekFURU5SbFd1eVVqZFVYWkczNlNF?oc=5
2026-07-13 03:00,Seeking Alpha,seekingalpha.com,Tesla's Earnings Setup Just Changed (NASDAQ:TSLA),https://news.google.com/rss/articles/CBMif0FVX3lxTE1Dd3hrU2dMZHNkY3NPYnRPMUk5Tmc1c2F3b21nTlZ4NWFXUkV2V0E0Sk1RRW43eF9ybm9oNWZLY2VqRURneEVhaFpsSEFQdjZGRHdjYk03Z3dxOEliZmVsMEVVM0twR3NmbnJ0QkpnRFZacWlUelI2Qm9MWi1VazQ?oc=5
2026-07-13 03:00,The Motley Fool,fool.com,Prediction: This Is How Tesla Stock Will Do After July 22,https://news.google.com/rss/articles/CBMimAFBVV95cUxPUjVVZS0zRWRibWZtM3QybGFpTDFpQzV4MkxXTldRT191UVUwREFZemhBTHpUY1dLc1E5VjhsQ0M0WjlaZVBzVldmLS16MDZTYk1UTlR6UFQyRVpEdm5YY1pzUHM1N0VyTTZ4ak95NmxTSnkxWFNLV2VudHZmRk4yUnYwdHFXdUpicV9wdU1ndDJtMkNDdWt4Yg?oc=5
2026-07-13 03:00,Yahoo Finance,finance.yahoo.com,"Retail investors are cashing out of Apple, Tesla, and chip stocks: Chart of the Day",https://news.google.com/rss/articles/CBMi0wFBVV95cUxNemRxd1RUVi1SV3h1emxpc1d0NW9oZ0FESEFUVHJ4dFR4NGxPdk9vcGR1OXVMSVJOWEdxWTd0U3dTTlJpaGJwSUlLOVpyM21GeXJGcEFGeUx6RlB4bEdpYkdBR3BSQkwtQm96bGk5N0hqQ0Q1YUNwcXlwckFiWFhqdERRQnZjeGg1WGZXQ2RLVk9pa2NPOFdsTi1LanZSbzFWekgyemRFOW5hcW1UU1hCSmU1ZW92eTd3RGxwUFgyalBQenpwTGQ1aGo0RUIzdzZieFh3?oc=5
2026-07-13 03:00,Zacks,zacks.com,The Burst Phenomenon: Why Tesla's Stock Stagnation Will Soon End,https://news.google.com/rss/articles/CBMipgFBVV95cUxQZG5sUVhpdVhLc1dWMnFYaWVtRkRtYUN6SDJ4Q2hIWTRsMEpOaTdhckZQY1R1QmRQamtXY1BlcDdwRzRWdFFaU3B5MVE0QTU3V3FxTXFveUNCamdMbWFhTk81dFZ2UFNzU2N6am1XYXlsWFVlMmRBNkJ0NS1aUUFCMDVJR3lvVFhsSjBWbUpBcG9GRU0zVWRnblRiWXFzY3hMZ3M0V1Z3?oc=5
2026-07-14 03:00,Barron's,barrons.com,Three Price Target Boosts Can’t Help Tesla Stock,https://news.google.com/rss/articles/CBMidEFVX3lxTFB2R2p2UVEya2ZoSHNFZmpKdTQ0QW5BQ2RGWmxtYlR2aldBM0g1akRSSkJGTVFDWWhnMTNheTllcHhoTVoxR183bEswaE5yd3Bqcl9laFJZRXB3RFQ2V3RxV2VMOEhTcHNackJYc2dhQ1VQUnF5?oc=5
2026-07-14 03:00,Investor's Business Daily,investors.com,Tesla Stock Gains After Four Price-Target Hikes Ahead Of Q2 Earnings,https://news.google.com/rss/articles/CBMid0FVX3lxTE1zTEJxZHkxNkZ5ekJCZWNPZXdzMzNMTXlndlRGeHpERGZSS0dxeWV4MWttMExIdlBGRV96b1JjeHliTVBLWmtTVTQyd1RhYS1Dc29IbUZzVnVSREtnU2RoQ0hxZzl5VXYtY3BKaXEyZE5nTlVsMHFZ?oc=5
2026-07-14 03:00,MarketWatch,marketwatch.com,"Why SpaceX and Tesla are ‘value’ stocks, according to this fund manager",https://news.google.com/rss/articles/CBMisAFBVV95cUxOOWNoMUpCWlUxNXdxbHhRRmtXNGExcGpCZFctNlNlUE1rdWpxTk1OTmtpYUR2VTU2bjNHU2psUDhPSldmeG5XSGdvNUVlUkt1Zk8xTUF4SDdEcnpCbTh3dW54UE1zTV9ReHJWU3JYaUcxN3BmVUJEVmdVMDFUb1BpSS0wYXRxV1E2QWYyQzZyY3BnaWNwc21OVGZTeGxIbkVvdzY3alcweGdOQmVWZmhRMQ?oc=5
2026-07-14 03:00,The Motley Fool,fool.com,Tesla and Meta Are Worth Almost the Same. Which Stock Is the Better Buy?,https://news.google.com/rss/articles/CBMimAFBVV95cUxPcHlMOVBmc0xVZVpXc0U3R3RSVm1ac1l4b3lnOHdQb3otNnBuRVhWTmhtLUNNbmc4SjhHWFd2Smd4dnFGQV9Za1NUS2tXMFdYbnZUNVNtRlA2WFRXQkl5OUprd3BiR2I5endnVkdoMG9leGZ1ZzRza2VRUnFHRm50blU4WVkxOFYycEx3NUZOQjdRWVlfV1hpRg?oc=5
2026-07-14 03:00,Yahoo Finance,finance.yahoo.com,Tesla (TSLA) Stock Looks Expensive Following Its 81% Five Year Gain,https://news.google.com/rss/articles/CBMingFBVV95cUxPY05KOS0zWWpLSFFaYjNjNTl2dzE2V0ZGeVV2RDZzeUZxVXFqTVM5RXdHOHFEdzNhd2VhS3E3bmxXeTdwNURuNVRzcUdTakdGU2hyT1JPN0dEYjZNVUJ4S3Zmdkd6TXdsNk5MTXRlaUZNWUdrdDZhVXZSVUF3UmdkR2pLaUpBYzB4czNZdEp3elFoMjJEMUExdi1PanpIdw?oc=5
2026-07-15 03:00,Barron's,barrons.com,Tesla Stock Is in the Calm Before the Storm,https://news.google.com/rss/articles/CBMihgFBVV95cUxNb0dQYWIzcTJqTjQ1Y3JFdHVsUGNWNngwMVFiODE0NFRMTEpKSXRhSHJoNzF4SHZ2SFdxX3lkTVJPcVhaZDhYS1ZWU1RZS3MyN2xRUW5tTVM2RVljTHk3MkNLSXhETXJUOHR6ZUVpaDZoaUFlOXY5QTk3eEdJSFZrMmJNMmpqZw?oc=5
2026-07-15 03:00,The Motley Fool,fool.com,Want to Buy Tesla? 3 Reasons to Buy This Luxury Automaker's Stock Instead.,https://news.google.com/rss/articles/CBMimAFBVV95cUxQank5bmx3Ym5XYzYyelJEbTR6TWxNXy0yU1hUNzNtM00xVUhKUTRXcmoxcWlGQUQ5UUpVSVBrbkt1bU5reGVoVjZ4NXQxanJkczN6YlA4SWJ0VU5ZbzA5MmwwWXFGUG5oSEdfTjBLQmRhS1pCNVNId3hJMDFGWVlLOXlkZXBjX3dLeVFaNDBjUVZmQ0pRd3VFTg?oc=5
2026-07-16 03:00,Benzinga,benzinga.com,What's Going On With the Drop in Tesla Stock?,https://news.google.com/rss/articles/CBMipwFBVV95cUxPeTc3TG8tM1VnTjY0bTlfX2RRNTFKekE0dUdCOTRhV3A0Z1lLUU1yMm9qZVJSMlVJS0hLQ3I1QWtZMy1qQXoyOTVYZkdKdEtZM1JaRWVNcFBVU25KUnRuT21XNVJRUWdPQmdBR2ZkSHJ0T2c4QUZNQUlyeEREMlh3cngtQUNJS2RxMnkwZFZxWGExY0t3Tm5ucUdvMnJLRkhtZTQteFdHOA?oc=5
2026-07-16 03:00,Forbes,forbes.com,Tesla (TSLA) Stock Could Sink In The Last Half Of 2026. Here’s Why | September Edition,https://news.google.com/rss/articles/CBMigwFBVV95cUxPSlVOdUE0UkZhaVQ1amxlT0xoZUlhc2xzTkNrNFR4Y29udDhHbTZfSndCLUQ4MVRHZ2xzZkczUFROc2kyTFJLTGVzd1p3MDN1VVNlZC1KTzhLTEpkWjhqQjNOLVZiOEpTZ0VCMUZ4RzM5VXkzLXdRWEhrS0pIZnZnVDFHOA?oc=5
2026-07-16 03:00,Fortune,fortune.com,"Runaway Tesla that crashed into a grandmother's living room was actually being steered by a human, investigators find",https://news.google.com/rss/articles/CBMif0FVX3lxTFB1T19nZzdYR1gwV2hsUC1QdkFLSEJBd1JpUHV5YXNHZmFSTVBTYlNlN1RhMjVZS004SG8ycF9rTFZqMXVLNmpTM014YWhtOGtsaFN6Q05xRmVvX2IxWGZSZEYwYzNUZEgyZGxjNEdUeGhFWUtDXzZLbTNkX1l6bnM?oc=5
2026-07-16 03:00,Investor's Business Daily,investors.com,Tesla Stock: Here's What Retail Investors Want To Know Ahead Of Earnings,https://news.google.com/rss/articles/CBMingFBVV95cUxNLUNibUpVbTdEZGpaTWk4NzR1QzRXdnlGVnYxRFgxajB6WmxxUTJMUzY5UXdEdnhibWpsMHhSS3ltWFBjb1V6N3BmcHg1NGZDM0xPWXRQdExzTmJOVFdiZkpCQXRoRGNHQ3cwXzV0RWpwMm9IYUJKY0Y0TkRJRmRnQTA3aGpBM002MG5GUTBOWGUxbkwyMGVxbTJQRHM1QQ?oc=5
2026-07-16 03:00,Morningstar,global.morningstar.com,"Going Into Earnings, Is Tesla Stock a Buy, a Sell, or Fairly Valued?",https://news.google.com/rss/articles/CBMiqgFBVV95cUxPLVU2cHZfVDFwTGIyYWh6RGFEQVIycjFKd3dRTFFZWUdlQ3VXeFhaRThhTGtfNnBpdEktTE5sQ0pKS2tHSElsLWFRRWNqTjNia1B0Si14UFhiSmVDZC03X0ZFRVhsemxmbG9pRS03MnJmZ0V5YXVpd1REdEVnUVNqMU1wdlNCMFh6VGxqUFp4aGk0QzlHcm9veDc4LXZPSlM5V2hKcHMySzJVdw?oc=5
2026-07-16 03:00,Seeking Alpha,seekingalpha.com,Tesla: The Bull Case Is Falling Apart (NASDAQ:TSLA),https://news.google.com/rss/articles/CBMilwFBVV95cUxQV2h0NTRPUzFMWE95aDNFNjQ1MGpwYUoxdkN4bGpOZTZyb1dBU1dmeDZ2SHNpbEJCbFFhaXFyOXBDNmlKa3QzeU9qVGlxcWtYbFYycjA0SnZ2blUxeEVyN1c5NTFfMk9HQVNhdlNQNG80N2NGUnJNTmY0TGlWUDJkVk9jVWYxaGNXWGZxaVNSeHlQRkJycEc4?oc=5
2026-07-16 03:00,The Motley Fool,fool.com,"Tesla Delivered 480,126 Vehicles Last Quarter. Here's Why the Stock Didn't Rally.",https://news.google.com/rss/articles/CBMikgFBVV95cUxPN1JrSTNiTTQwT0VXd3pydzdtRVpER05QQ1F4ZmxubmJCN3RDWi1Ed0xKb2RVWjZSNE5kbER4blQ0Sm5TTjUxMGFqMUdza0pOY3RXMmhGeVNwdV9oNEpORHhYTHNVazZNNGhELWxHV3Q4N3AxVmhxa2hlbnBqOVo4bDgtS3o5WGc0TU1BVTFqamhTZw?oc=5
2026-07-16 03:00,Yahoo Finance,ca.finance.yahoo.com,Traders cool on Tesla-SpaceX merger as Polymarket odds slide,https://news.google.com/rss/articles/CBMiiAFBVV95cUxQVHNsb3JXUHlJcnpucHg5dnNwa3k2Ti1xbmRwQTJVM3dqX3JlZ2dxemJXX3FQdkE4SHhPUXZrQi1qaVgzQlpOOW1wSmE2SUZlQjF5UVI2eEdtLTdQUEE2X1U3WjlfQ0VKZmlBeW1sWFU5SXF3TmFnSktOcldQVm54RktDMmdnSS1F?oc=5
2026-07-16 03:00,Yahoo Finance,finance.yahoo.com,Tesla (TSLA) Faces Fresh Questions As SpaceX Merger Talk Gains Traction,https://news.google.com/rss/articles/CBMingFBVV95cUxPbjdXLTVLdHhfbF9xdUNYMTZlUGZBM0s0Z18tMTlGY2tCOHRscGVmSGVzSmJwZHZYU1dZczJRUkR1cFhlRkFNRDlaLWxRaHZ1YXFDMzBJS2poTHRMLVRlcU9Xazc0VW5PdU9weFhCSG5WcWVIMEZZU1R4Y3Boelp1OGRCMTVBUy02MWFHeXg3N2JWWER3N1laWHp3QlV0QQ?oc=5
2026-07-16 03:00,Yahoo Finance,finance.yahoo.com,Tesla Earnings Loom After Surprise Delivery Beat Stuns Wall Street,https://news.google.com/rss/articles/CBMipAFBVV95cUxOcXZzbzZFVmlDdDZlRmhuUmN0YzVxUEU0SnJiRmdvSnNtRFBUVEtGcEdjTlRodGR0VUNRVnpmVGVxdnpCTUdBdDFQOFRFQU1RX3VGQXhvdkNyZGF5WVFGSW15SWwtUk1TeEFvV095NkZhcGFKU1V5U0lDN295ODdfNE9xcjNCZDBma090VE1yT2RqalVjY0RERXJtT0ZfM090ckRyRQ?oc=5
2026-07-17 03:00,Benzinga,benzinga.com,"Tesla Stock in the Spotlight: A Look at Upcoming Earnings, Analyst Activity, Technical Picture",https://news.google.com/rss/articles/CBMi5wFBVV95cUxQQ1RxaTkzZG9QbnVfeG9yTFFMVnVNbGlrQWZTTUxrNEowU3VLc09aclNTNHZzRFMzdGZlTXJaLUJkcTdnYkE3NHhqcnhkb0JscEhRM0RWVkE5TEJOVUZKOE8yanNwNHN3MEhxSENhdE1kbE4zNHdjeU1GNnA1b0lLNENsOVhIYkxPRHd3bzZ5TXRhZ0RTUHh3MDZwYWNWOERuMVJmU29KN01WTlMzNnplX255ZUJsaG9TM1dKOWpGbmNWeDE5bm5nYkNtUk5xUnUxM3BkZlQ3NndLVnd4UEhfTjVqVU9NRkk?oc=5
2026-07-17 03:00,CNBC,cnbc.com,"Here are Friday's biggest analyst calls: Nvidia, SpaceX, Netflix, Apple, Tesla, Alphabet, 3M, Moody's & more",https://news.google.com/rss/articles/CBMilwFBVV95cUxOUmxMM0s4dzItMmJfUUtBNktya0NTOTZQOVVMSkl1S0tzSjhlY1d5Uzg1OHZ4Tnp6NFFEalVjLW1GNGhveDlKRDktRzdONjB2TDVUY2dCRnZPNXNMVEwyUF9KaDFPaGpMLVNydDBnV0g0Qk5mQlRhUXJBNENGVi16M21iZXRZdG1meHY4UWdBSnZ6ZllPb1pR?oc=5
2026-07-17 03:00,CNBC,cnbc.com,Options Actions: Tesla options traders are split ahead of earnings,https://news.google.com/rss/articles/CBMirAFBVV95cUxOekxOMWVsNG1MbFVBQ2c5Z0pPNE5vbU8wUEhYOFY4eU1MQVlYNE13M2huUlNjdzZ4Q2pTbVBCcmRUaVFCRWVFUU5ERXF6LWxSV1lWaTBxY3M3azZ5Q2JvN3VLYktiNWJhaFpHYzRXazBENjBGNmJCWnhTdTRmVmlNTFRSaE10Z3B2Mm55TDljY0lMZkdhcVYwY1FTYkxLY0l0WkdGeFhOQzhpdmZ4?oc=5
2026-07-17 03:00,The Motley Fool,fool.com,Should You Buy Tesla Stock Before Earnings on July 22?,https://news.google.com/rss/articles/CBMimAFBVV95cUxPVkRQOUlMNlBRU3BZd3U4MWw2anlxSU1IaldseEx0TWJpeXpjZFhoX25CckhQaHdZYUVTSnNzc0Q0YVJmSkk0c1dtM0Q0b0tDdE5POXFYYXp2dXFHbXp6SnBIVnFIeHpxVk5pYmVpMWFKOGl2SF9JWHRjU1hNeVA0SWhsbmRKOW5aVlN0dWhCanppNzlhV2FuaQ?oc=5
2026-07-17 03:00,Yahoo Finance,finance.yahoo.com,"Kevin O’Leary Says Tesla Stock Doesn’t Just Move With Earnings, It Moves With ‘Elon’s Tweets’ — One Post Swings It 10%. ‘Price You Pay For Growth’",https://news.google.com/rss/articles/CBMikwFBVV95cUxNNjlsaG5veHloS1dtNFA5a05aMmRTeWduNTZucF9LWGZMMUdOSVFKVG1sOW5YaWUxeUJZSWUyV210M1hsYWxvd3VES0hyMGsyZ3BPSVRtV3RFOXFQSUI3YzhMMGhZOWp2RFNMckk0Z25ocVlPRXphN2V3cXJhQjIzZDFoa082SnBVejVzQnM2b191S1k?oc=5
2026-07-17 03:00,Zacks,zacks.com,Tesla and Alphabet Earnings: The Metrics That Matter Most,https://news.google.com/rss/articles/CBMingFBVV95cUxQVUthc2dnWkJMN2JaNDhfS1NoUHJXeGFLNWY1bmNieDJoMjZUOHZFaGQ3cnJsNFZnYkxIcWVRRnVGaTR4d1JBSzdXRkI3NjFrTUtKSk44VzI0Q0tRVTJRR0dWX19Henp6dTdXZURvMHZEdm90Nmlfd3BDWmREVUozc2tncktsMGxxb25kY2ZIalRiXzRrcUUyU2FzYjNYQQ?oc=5
2026-07-18 03:00,Morningstar,morningstar.com,"Smart Investor: Top Sector Stock Picks, What to Watch in Tesla and Alphabet Earnings, and the AI Debt Wave",https://news.google.com/rss/articles/CBMivgFBVV95cUxObEUyd2NtMU8tdkpBSlN4WllrUTJoTy1kM3dtSF9hcV84OXBQTDNDNFlsdUVQVGQwbGgtSnpFbEgwM0VwVjBKck9ZZXBacmtIR1l5TWNFR1lNazR5bEdJYTVTbUpDTkc2dW1heHRtanVuWlhIS3d6OTdvQ05Ld0FLZ0VBdEtNNTU5Q1hzZHFpRGdqQ1hlOERROUVwS056TmxLdG14T0Z1YXZkb2JqX05XcmlFYW1IMkFwaXEzSU1R?oc=5
2026-07-18 03:00,Seeking Alpha,seekingalpha.com,"Tesla Q2 Earnings Preview: The Numbers Will Beat, The Narrative May Not (NASDAQ:TSLA)",https://news.google.com/rss/articles/CBMirwFBVV95cUxNeFZXVkJGTUhSeHRlMGp5eDYwZF9qR1VROFNBMUFfOUx4OHVldGNnRnpzR1JyVFpwX29GdFpxSTZ3dzRMbGFRODE5bzRUemlLc0pfOGxXYjRsTUh0TGRzUngtX1pjUzJhSGtCX09CXzJxV3BKNmJOSGQ2RFdvUHhBWnJod0R4aF9YRGFfRUFyVFZXRXZtTlFvZ0llOUdPVzI1T2xfc2YydHV4YU9ocFJv?oc=5
2026-07-18 03:00,The Motley Fool,fool.com,Tesla Just Posted Its Best Second Quarter Deliveries Ever. Here's the 1 Number That Will Actually Move the Stock on July 22.,https://news.google.com/rss/articles/CBMimAFBVV95cUxQOE5oZy1EcGdJOV9WWnFZQWVScjVFSkVrMTlnMEVDLUd0SkNvbVpMRHpaemJLZzVWOWJSbEtRZjdINUs5S2ZfOVk5LTVOc3didlNLaTJEa2w0eDJuN2puNFVBM1k4dEJybFRjRm83cGo4cUwyWHo1VEN5aktoX3lQZV8tOVdZV3NLdXkwUHlRbXA2MXZzOUU1dg?oc=5
2026-07-19 03:00,CNBC,cnbc.com,Earnings playbook: Alphabet and Tesla are among the big companies set to report this week,https://news.google.com/rss/articles/CBMiowFBVV95cUxNd1Y5OE5WYkozaWRBNjFSdEU5UVBqYUozaThkS2ZWSGlYMW9rSk9ydHlDLXBrQ0h6WmJpMVg3WGF1YzBGazB2RTVaRzl1bkxZU0xkTlhFR2c5OEhRWjJNcGlXaGFhbHdDRkk0TVVOU0xINURSNktMWE40YktpdEpvVVhrbXVPUTF6Q0VlUFhKeUxvS0t3ejgwSjZQWjFQMnRvQUc0?oc=5
2026-07-19 03:00,Forbes,forbes.com,Tesla And Alphabet Set The Tone For A Pivotal S&P 500 Earnings Week,https://news.google.com/rss/articles/CBMiqgFBVV95cUxPMnYzR3lrZ3pzbUNvSEpSckdGZGQzSG9nbDAxVmpCZG5CblY5Ukloc2hYbDlYR0l2ZEl4eW5qTklaeHhJR0V1ZXVXOUNUWXpDX2JnVzRsN3A4WUdZN3JHUGhSUnFpVTIyckdsb0g0dGw1bTd1WHZsRkZoSEtzc0FZR01DZ2dIcXBBZHp1emFHZl9mcTRCdHlnazdWYzdaWTRLaW45VnBBbHJRZw?oc=5
2026-07-19 03:00,Seeking Alpha,seekingalpha.com,Tesla earnings preview: Time for robotaxis and Optimus to shine? (TSLA:NASDAQ),https://news.google.com/rss/articles/CBMiogFBVV95cUxNQWpCTTNiZkUyS0RoSllyckZSSk5SVUlKUnJSNko2VmNUS0x5SjJqVlBXUFpZUEdyWTVFcmIzTnlqd1VhU2JUNWQxMGdTUjB1ZzlraHM3TmUxX001MlU4Q0ZmeEU0UmY5cUc0dkxLUnNydDdaUW85SVR3WkJXT29FTmpaa09PQjFCYjZTYVZ6dHpoZkVFMWJKM053Qk0yU0d6SHc?oc=5
2026-07-19 03:00,The Motley Fool,fool.com,"Even With Tesla Under $400, I'd Still Rather Buy This Unstoppable Growth Stock in July",https://news.google.com/rss/articles/CBMimAFBVV95cUxNNm05SzN3QS1ORG1abnltemh4U3BJaUhURWRfVnBmN2wtWmx3VFRGaUVsZW1tb1J1QXRINC01Z00tbG92QXhyeGJ6ZzBKcDVHN0pMbEVvdUxGajUtRG1CZzVwN0NxMnEyREg4aW1vWUR4bmlEdTN4ME5oRHRjYWtLdXdXQzNxbVpibG4xeHcxYjRHdEJpRWZsNQ?oc=5
2026-07-19 03:00,The Motley Fool,fool.com,"Tesla Heads Into Its July 22 Earnings Down 22%, and One Firm Sees a 67% Plunge From Here. Who's Right?",https://news.google.com/rss/articles/CBMilwFBVV95cUxNaE9GVE9SbG5wVTFMbF9uZkxxV3RIWER2TFJlNC1CM3JSYUNqbVBqMXZZc1dUazBsTFF6SkExdmliYVV2dzkzMXVGcDlpeFFzUWNWWWlZUkd4TVN0QXR2b0NLTjNyajBsOGc0c3RGU0NFM3pmZi1sc3lGTG9HRkhvRXB4aXNlc3otS2lNaTh5S0hKZGlIWEFV?oc=5
2026-07-20 03:00,CNBC,cnbc.com,"Here are Monday's biggest analyst calls: Nvidia, Apple, Tesla, Yeti, Harley-Davidson, Broadcom & more",https://news.google.com/rss/articles/CBMijgFBVV95cUxPYnhxQlB2RmNBNVB1MlpETkVJU1hkWkJ0ZDhTdWtZS2s5SlVOOV9JbUhSUGpqYzNNQ3JucXNZWk1uVlVJLUVOSklLUy1taFNtemJwUFJORTFrN193RXp4Yk9iSkVhLVJZYWNLcXdPN1Y5RktXaGlrSklxODJNZEpqWW9RRVJCdVotNEt2elVB?oc=5
2026-07-20 03:00,CNBC,cnbc.com,The bar for Tesla earnings is sky-high. Here's why and how options traders can capitalize,https://news.google.com/rss/articles/CBMiwgFBVV95cUxNVXVGbVh1NDc5TFIzeVRseUZRVTVBV1ZpWFJ3cXdIaWFXSFZOaXJkckF2dEg2Z0h3Z0x2OVNWeExMejVBU1hPdU4tcUQ3Y2tzOUY5TWl0dzBEOFRzb1czdzR2eTd5NnZKdk4zX1BmTHFkZURsb1hra1ZHSHppV1FsYWd0TkswTGJOMDR6eUx2clZDakZzMmRGUEI0ZDRFSV9WM2pMZ2V4VzloaGpRNll0bnotRTBRdnVCYW1pYWs5UXRXQdIBxwFBVV95cUxNbGdKTFJBWm41VThEZzhRUmJGWFFJQ1VEX3dSc2h2bURCSTVZeW13aDk2WnJidTZwc0x5YjZ6dkxkSVEwdk1NOHBCTTNXcWFvZWFVQTVwLXZNWFY4NEdwQkUybGxTRUxhTGFEZEFNTjRnSXRhZ2l6czJwWUctRzB6VHFUTXBEQzZSN1NrLVhZUFJycXBTQm41aVRmR2o2WXdUQ1NSQnN5NWFjX3VPMXJ0U1lTbDZrdUsyVDRYTkE4NDM5QjRtVW53?oc=5
2026-07-20 03:00,Investor's Business Daily,investors.com,"Dow Jones Futures Rise, Oil Prices Swing On Iran News; Google, Tesla Earnings Ahead",https://news.google.com/rss/articles/CBMivgFBVV95cUxOay15SVFtNmJpekhoY2gxVk5ZaFh5YkMzYmY4NWtkM3ZtVVN6b2lrQ3NBUW5fQUhuUVYzY00xNjJIblREbVpNUmVwV3V0SVpMaElYdHJKUnp1bGFjWDkwMTB3WDlRd1hueVJ3OTdQWDZrU1lMT2h4LW1nNDlOZHhUQWdvbnRRRWhiNGo4WGtEbmxXb09MZ2tsYkpjT05pMmJCWExvSndRb1I4VGdWNmVjRHdNR0lBaDFLWXlRZ2JR?oc=5
2026-07-20 03:00,Investor's Business Daily,investors.com,"Dow Jones Futures: Trump Comments Spark Stock Market Losses; Elon Musk-Led SpaceX, Tesla Tumble",https://news.google.com/rss/articles/CBMiqAFBVV95cUxNS3g2ajZFa0ZDZVM2allnQmQ0Z1ZZZHNkbHJLOUZXczhaT1NXUUh3MmpETmg0eHNaNkFPY0dzeHJ6WUR5Zk1EM3Bjam1NNXZMZDBqR3B2eXV5SU9CZmt5SThydGtuMFJaSDhxdFB3QVl4TWVNRFN4RUlDTXJLZEFDRnpuNWZYXy1Mc3pwUlVacE9ibzJwdk5pN25FSEdMZDlJdXVOZWxWS0M?oc=5
2026-07-20 03:00,Investor's Business Daily,investors.com,"Tesla Earnings: Wall Street Wants Proof AI, Robotaxi, Optimus Spending 'Strengthening' Company",https://news.google.com/rss/articles/CBMilAFBVV95cUxQV0V5UXo2SWxNcWd6WXd0cFNXTHpwT2poaThPelF3SlNDMHlvbkVRUnAya0FjUTJKYjBZY21idHdaYzBlZElITzdxSFc1a1U1VmYwZkxHUmcxU0hyTWpaR1ZweHZiR2dwczM1NlZrYXhsTTZoMW5nTUY1bU1QUVNUVE5EMDh1cU0zSnY2a3FvUGE4MWhq?oc=5
2026-07-20 03:00,Investor's Business Daily,investors.com,"What Will Elon Musk Say About Robotaxis, Optimus?",https://news.google.com/rss/articles/CBMijgFBVV95cUxNQ1ZRdmZPdkFuc2luT2E2WVdOUGgyMkVPVm81V1N0NmpyUGlPMmozdzVCd3U1UzBnUjBjV2NzY3haYVdMeElXSjY1UG8ybjZWUkRDM2tZRmpyZDlydEJBZUMwX1NqY2FDdHdRanhWb1NoZnFUYTFad24waUhYLWpnMktsZG5ldEpBenRkWjln?oc=5
2026-07-20 03:00,Yahoo Finance,finance.yahoo.com,"Ahead of Tesla Earnings, Gary Black Says Cybercab Fleet Milestone Is 'Irrelevant' Until This Critical FSD Goal Is Achieved: 'Just for Show'",https://news.google.com/rss/articles/CBMinAFBVV95cUxOMGFMNGdldHI4NXdtSFIxZURpVXgyWWFXNnJHMkJVZWdMbFlndFpTN0dqcW84QWlqcE0xVkhYXzhpNDYtbnBvdmFlTEtGOFBBYnVmbzRGZmRuNVZfNVZGVk53ZkpxclRwWC1aZlpjaF9rN2RkbUNIMlBIWnA4cDVJbDhzaDRuWWZkTGdPYUZmQ0xFTk43RTBISG40dFA?oc=5
2026-07-20 03:00,Yahoo Finance,finance.yahoo.com,"Buy Tesla Stock Before Q2 Earnings, or Wait for the Results?",https://news.google.com/rss/articles/CBMilwFBVV95cUxNUlNSNjA4UDNFSWFnenByMVBsTFBoSjFLb202T3NESDdmcGpZYnBxRWM0STRxV193b1NaX21lc0l5Yl91RjFVZDNvaHdQSG5uQnNJZnFzUEowMWllNTZBUGhWVjhxV3l2dGtzb1RLLXFPS3NRbTBBVVE0NlhfN2Z4WHpodjNsRjBFSUtmZktYaUZYY3hQRGE4?oc=5
2026-07-20 03:00,Yahoo Finance,finance.yahoo.com,Elon Musk's Tesla Releases Wall Street Estimates Ahead of Q2 Earnings: Here's What Analysts Expect,https://news.google.com/rss/articles/CBMimwFBVV95cUxORzEwRkJWcURCUDhIV2JDME5rYldrSzcwQzdDUlEzaXAyN0h4QnpobVctNWpVWnpZN1NGZGtaOWJuMkQ0aGE4eEI1SWszS0p1Z09TdzVLSUNNd3ZodDZfZVdNek50dmFpWjVOTUEwZXlJbjlkVTFrWWlmcnJQMzZyS1l2LVdldXhhT3puS1pLd255c0N1djZmbWhCTQ?oc=5
2026-07-20 03:00,Yahoo Finance,finance.yahoo.com,Tesla Is Still Down 17% in 2026. Can Wednesday’s Earnings Event Get TSLA Stock Back on Track?,https://news.google.com/rss/articles/CBMikwFBVV95cUxOcS1GR25va3QzUlZmcTNDZ0RBa1hjWHVxNzZDVURmR253WDE0ZWp4am43aHlpa0U3MFNmdTZ3NV9tWDFkb2d5cVFLOTFudURIbHNEdUFkMzFvZVFneEhvVGZBaFhsSExqSC1yNXhuVnExRE82bFp4d29OTlc4eXVpVlFKcFFSOGUtcXRkejZDVDM0YUU?oc=5
2026-07-20 03:00,Yahoo Finance,finance.yahoo.com,Tesla Stock And The Price Of Its Ambition,https://news.google.com/rss/articles/CBMilgFBVV95cUxPeTFIR3ZFX3FyQVdEdkpoX2ZHd0daMkk4VWdwY0RPWTVvMkNmQkdLc1FmSlBRZ3hPSXJja1FDVmM1a3JULUxBcWVISzFqTlJ3cFQ4RGdLMkdTYU4wb3E3dk9RX2E2bXRCT3ZRbXJObFBiTC1CaUUzS2xqQk1aZ2k1SGN2cWI5UDJBb3FzNW1EcndpMmxVTnc?oc=5
2026-07-20 03:00,Yahoo Finance,uk.finance.yahoo.com,Tesla Stock Rises After 20% Berlin Factory Production Boost Plan,https://news.google.com/rss/articles/CBMiggFBVV95cUxPNEtwQU9nVGtMZm1ranBtMGU1eS12WmNmSFJ0UlJMamJDakVlbkxIYl9HTDBac3pzVURNcmF3QkpZR0RSai1GTTJQMHhIMVlfWlZJZTVUZmRTRGJITjRCNHBsRUVBRHJKbXEtTGVWei0tWGxTWHpsNUlmU184SC1XZl93?oc=5
2026-07-21 03:00,CNBC,cnbc.com,Tesla shares poised for biggest earnings move in a year,https://news.google.com/rss/articles/CBMilwFBVV95cUxPM0pOYm11WDFobnctTlBLck1ySjFsa3dldFVaVHktS2stTmp5djlDbXltQWRJeEZHMVVxZ0dxM0tRbGtDV3pORWpQQWIySlBjZE1ZdFFnck53M095QjV4M0YzbXd4VEQ5RW9oLS1kenFaczdSRmk4dl9XRVo2WEU0aWpMTlFYQWZHSjU5VzF2eEFNcGk3aTl30gGcAUFVX3lxTE5kbEdOUkpOcmVkZk9aSXlDQXBZZE12ZGZ5TWVFZ291bW42RWlrU2x2TU44VDN1Q0NxNExFNVZPQnhhM2lyTS1nUjBhSDduRkZkQUVqR19BdGZKR3lJSmhVeFlsVVVOX3ZoQTREUGdDckVYb25mVnBQTWVwWTJ3UWUweDZuWWJObVdHdVF6c1d1U3BqQlpGNWdNS282VQ?oc=5
2026-07-21 03:00,Yahoo Finance,finance.yahoo.com,A Tesla-SpaceX Merger Brewing? Here's What Investors Need to Know,https://news.google.com/rss/articles/CBMinwFBVV95cUxNalBxQnlsN1lNQ2dncHFBNUtyYVNLSlhmUDZOZjlReS1hMTQ0TlNkX1RpWTN4X3dkMGRITml5eG9MWThFR0t6X3J2U3NQRmY1UWEwNU4yYVYxQzhWRUxNaXRzdDI2cFgzRm11T2kxaE54MXBZa2YtSFlfeVM5ZjhLcDliYXAtLTYtM3U0LXI2RUIta1hFZ3ExcDh5ZFBaZG8?oc=5
2026-07-21 03:00,Yahoo Finance,finance.yahoo.com,Tesla Earnings Today: What to Expect as Investors Eye Profit Margins Over Deliveries,https://news.google.com/rss/articles/CBMipAFBVV95cUxPRUZOSGgyMWdDNTRxMThFSXRHNUhIRzZ2UlByZ0w4VWJsY0ZXVkUtdmtpSzFmdDdycEg0ckhoSGlHT2pwZEZIdERTejRUblpBSGR5NVpaTnJVVmFWTjZYRm5oREg2eUhBWEFDUUJtSnpoa3YxVFRxMGZmMExfSUdTZjYyQUtjVlFlVUNRSGVCUFp1ZlZ3RnF1QlpOSXlhMWUzcldYNA?oc=5
2026-07-21 03:00,Yahoo Finance,uk.finance.yahoo.com,"Tesla’s Q2 preview: the numbers will beat, but will the narrative?",https://news.google.com/rss/articles/CBMihAFBVV95cUxQd0tWWkIxQ3BramdqV0xFQ2huVG9HdElCQjZzdzNFdVZxRmxzYkxUbXM3aFU2QWpLbHA1QU1JbjlZN3VJUGN4SERxalgwSkE2WlZvakU1NHRjckdpcjZva2xTdlRHTVFEN09fcWVRY3pDZ3Y5Z3V3Uy15amNtc0ZKdEplWmI?oc=5
2026-07-22 03:00,Associated Press,apnews.com,Earnings at Musk’s car company fall as research spending cuts into profit from selling cars,https://news.google.com/rss/articles/CBMiqAFBVV95cUxPTF9mTjBoa2xrVnNkcGhJemRoX0VsM0pDRHA3U1lMM0xPdjhwNDcxQ2EwT2M5bHEwN1RtY2lReFROTkQ4LWJXYktxUlhiQmpmdzNJS185ZTE4QmJPWmMwcVp3akl5U1B3THQ3TXB5VHFUMGIwb2F5OTQ4ZExUNWdoc3k0XzFFYW9pUG1IZUVPaEY1TVZHQVUxamgwUTY0TUtqR0UxQ1dmTHE?oc=5
2026-07-22 03:00,Axios,axios.com,Tesla earnings train spotlight on SpaceX plans and AI investments,https://news.google.com/rss/articles/CBMifEFVX3lxTE5CSzlmUE82VkZCS0pKbDd5ZVM2SWw5WW05aE1Jd0dTRTFOTFE5LTNBVHRnZzlOMWtfN3Ewd3phWWgzMWxwUi1zZEpjR2YySEZrdTdCanR5YzdFTkcxQUQ5c0FnVl9zUTRlMXdJa3c3YldubXZtdXRobklxV2Q?oc=5
2026-07-22 03:00,CNBC,cnbc.com,Alphabet and Tesla test Wall Street's patience as AI spending overshadows growth,https://news.google.com/rss/articles/CBMiqAFBVV95cUxPdFFJWjMyZUtSSU1nVWg5dVZpYTJNbkw4aGUxSWl6Q1VrWjJSS3JacmthLXhiYTdYeHRrbmpIV19tQktJaVZ5VFhfMU8yWVVCM1BjLVRBb0xFalAyLXRBQXNQQ01IQTdGY25RNlFKRUl3UllmWFM1N1hVUlJDUnpSUXFJVXRwWl8wc2xqMm52cXhsMVZoSGJEa0FKaHluWGRSdk0tRy1Pb1nSAa4BQVVfeXFMTV9VdEpIU1BZUVJvREpIQlk3ZWxjd21zS19GVXdVcVB3YjNDYldFeGJjREZrb3huWVBscXg0emZpeWsxQ2tRc2c0aFdFbkdOdThkZlNTcW9nTTdaVnlTYjNCZnM3REZ5aUdEVVBHV0dpc3VLX1dDQlkyb3dyaHgtUEd0WWs3UWN2WTJEUENBbGNoSnlkeTZDUlBicllCUVFkNUpNUE5LRDlqR0RRUDlR?oc=5
2026-07-22 03:00,CNBC,cnbc.com,Options Action: Split bets ahead of Tesla earnings,https://news.google.com/rss/articles/CBMilwFBVV95cUxPWnFYcElLUW5nYWVlbjEyQUdheU5ORTdpeWk4QTZxeWxoeWZXYmlwVjJFQ19HNWNzVWdURzc2bHlxcE5JZXk4YnBqUVpTMnZlbUNEZTB0ZzAxcTJvOExyU0oweUdmaU0xT2M3MV9oRjJfX3pqWmpvSE1yRTJ6cG1lT3NudjZXZmV1Tk5ZY0hRRmpaNFE0YU1V?oc=5
2026-07-22 03:00,CNBC,cnbc.com,"Tesla misses on earnings, as free cash flow turns negative and margins slide",https://news.google.com/rss/articles/CBMie0FVX3lxTE01YUI4bnRzTWNFcFNkV0t4aXZpV1NiSkpkb2RDa0FPaE10cHd2anViVTY1azdqQVNPN2N1eWJoalhZSjd6MmxCSTVmNHpUZTRjZ2ozSG5DR0o4Wkc0VzdhcDhFeEtCbTc1bUU3UnE1em9CNURubDFpQkJfONIBgAFBVV95cUxNWG5oWG9wRWpjZERicThsN1dIQUZTSlo2bE5qQlZMcXpLY2VZNXRRWmhDdnFObm5RdmF3c2hRN1lmUmlSWFF6WnFHWW9sc1VoM3lfcUJwWjNIaU55RU9ycy1iTm9zWmtIUTZEY0dpT1pkLTVEMnhrUWpGQ1I5NkZHXw?oc=5
2026-07-22 03:00,CNBC,cnbc.com,Tesla set to report Q2 results: Barclays' Dan Levy on what to expect,https://news.google.com/rss/articles/CBMirgFBVV95cUxNN0NyTTlOdmg2YU1PU3BkR1pKMFVxQkxwWHU0RDJEVzM1NE9CM1M2dnJqTzlkVHNyU3Rtb0ZicjZzRlFmbFZodWJuTEtQZlpDTlhFLS1Ra2tiN0N6b2x4YU5OcGlKTUE3TTI5ZlVJUE5hVlB0c1lqVDBtLWYtelhWclZlUXhSTHdFdWF6eS0yUVlnVnBMMC11cnhiLXAyQ21IZTFlSGFubVlGbXpRQVE?oc=5
2026-07-22 03:00,CNBC,cnbc.com,Tesla shareholders 'are holding the short end of the stick' if no SpaceX merger: Ross Gerber,https://news.google.com/rss/articles/CBMipgFBVV95cUxNMHRkMk5hYnFLbkpoU2Rkc2VJaGljaVQ5QUFpMHhVSFFIbWtxVGM2UzhHTWJRclJ3UjRTZllsalBXOTdpbVNrYVNzc0tMQjRHdFd1UnFSdVpqNjZaNG1vM01KWDVFQzc3YTVrdHd1ZU5wSVRNOFFfaldZanpPZ0Y4N2QyRDduOEFoZk5WS3pINWQtQm5taXNRZDQ1R1RsRjIyaTRTVVBn?oc=5
2026-07-22 03:00,CNBC,cnbc.com,Tesla shares slide on mixed Q2 results,https://news.google.com/rss/articles/CBMiiAFBVV95cUxNQTZOM2lRMld5Ulhka3dGMjNoVm5Qa0gzSXd6b0hHaUdzb243TW5DcXg0dkRWNnE3WlpWMHlhVzluMVU3SEFENDNzUjN2RzVSdTNKZ3NmeVNHV1M2dHVlaDJqcmhqRHNuek83ZHBsdk9NMHhmd0Q2cFFJc1BtMHNsOXJpSXhUTGYz?oc=5
2026-07-22 03:00,Investing.com,investing.com,Tesla slumps 10% after earnings miss on softer automotive margins,https://news.google.com/rss/articles/CBMitAFBVV95cUxNTWdWYkYxTDN5ZnN0enRad3UxcFJPanVEdFU3cm1ROEZDV1lRNTEydXFXQ1VDWkFpU0l6SXRVWVg1ajlLT3lKSlZPTHpfWDZPSWdMYWNQN1M5MnlRY0dPMGVpX1RVMXhwNnZGZnpsd1dhREZwMTNFdjRfVzlLb3FZc0hTLUpSTWhLZENlczM4UUN5bnB2TnlTX2d3cVpUZWFvcmJyaTlhV2tOS0JFWklnMUJaQWo?oc=5
2026-07-22 03:00,Investor's Business Daily,investors.com,Tesla Earnings Miss Despite Strong EV Sales; Elon Musk Preaches Robotaxi Caution,https://news.google.com/rss/articles/CBMimgFBVV95cUxNR2F6UGZwZllxS3FUZ0lia18yM2JRLTdETUlWOFNwcjVqUXpwY0E0Nmw2VTVlMlR4ZlhYTm9obGV3UFVWTUJGZlluc0gyMzg4V0F2SXozdnJvRm91RzBOaVdsOTh2aExLb01pYTFVZ0szNXFoNjVQQW9tZlJOb2d4dll6S2JsbUMzeVJ6bkFqcGxQcEFPeDJDX1RR?oc=5
2026-07-22 03:00,New York Times,nytimes.com,Tesla Profit Falls Even as Car Sales Rebound,https://news.google.com/rss/articles/CBMifkFVX3lxTE1lMWkxdjBWOUgzMnlUbnZFZ0pCQjBxOTV0NGVYclJ1SHg0X1U4OENUMUZPX2hBTEZtSHUtNEhhVWQtUDU3RFYyZU51TG9GTW8takRzU2VlcGxJNGNMeWpubktKdG9NY0ZxTFhCbTFMRXUtUmxDbGJBQnBWeDJxQQ?oc=5
2026-07-22 03:00,Reuters,reuters.com,"Shanghai holds compliance guidance meeting with automakers including Tesla, BYD",https://news.google.com/rss/articles/CBMiywFBVV95cUxQT080UDI5ekJFdGtVRDB5VlJTS0lTYkpzR2hVci1TWjB3dHVFWWhiSThZT1hoaHdBejRCRUVRYUYyYXExY3JSZFVzV082em85V0ZVN25vZnExbDFHMzR5VmNnRzEwX3JscVhoTmJkbGtia0F2MlVVTUptSXBwaE1YWHZqVm1pS0poYzl1b3dldWZ3Wjk4OEc2bkFSTlZaNjNQbkRHdk5yUy1KQkdpcXBsa0tRRjR0M09IUkdJRUxZOWJWanlJaWpMMktaWQ?oc=5
2026-07-22 03:00,The Guardian,theguardian.com,Tesla’s profits slide despite growing revenue as it pivots to robotics and AI,https://news.google.com/rss/articles/CBMifkFVX3lxTFB0VWduT0M1S3QyWU80WEpvQTZ5Y2M3MC1YVVVRZGx1dm92RnYtdHp0RkVlRGdqOUdVdEFIRXlCcERNZW1BQ09xOGpLZlZ2VFgyREtPLW91S25UWWtBOUJJS1JYZFo1YnF5dXJVaWg3NXBTalpRa1F6dE13ZUxUZw?oc=5
2026-07-22 03:00,Yahoo Finance,finance.yahoo.com,Prediction: Tesla Earnings Today Could Send TSLA Stock to This Price,https://news.google.com/rss/articles/CBMipAFBVV95cUxOUVlQOUxOeFlWYlRtUDJVMHo4UDBvV1lqRzR6b0hlWWh5TTlNWVNQYnR3eFBPb3Y1Zk9CSTIyU0hCYUJXUmZBcjZEYlZXZUVuaWJTeW5yR0pNVnlNV1U2b1JhdjFvdjlSUC1zeXF2YWdhLUo0OWZjMkZkVFd4aEVrd1hlTHV2SF9oSUxjRVpfZ3E1NE11OUhUX0xKQ0IyeWtUUGNuRg?oc=5
2026-07-22 03:00,Yahoo Finance,finance.yahoo.com,Tesla earnings are coming — here's how investors can protect against the downside: Alpha Options Playbook,https://news.google.com/rss/articles/CBMi8AFBVV95cUxObWgxVHkwU0JjSlFGck9RUXpXZTBNUVhZMFp2MDFLTzRsWldUXzhIUW82U3lJM3JpU19RbGFIaVduNnc0aW9paHphYWcxSzdxUDdsRkw3LXZKeHJGQThydGVjbmVMb0p3ZUEybHotZ0pOV09ScGZkOXhOMjd5dGhEWXRxTVFNZlp3Z05Xbl95c0RBdHVtRjA3clpxTUJSd0dEUmtnejFYMEpRcEk2YXU2aXp0M1M0TjBDU2hTSndiVUtXdk1pVktaNC05b3NvSzdlTjY4NlFSMmNuTWlVdUUyU0FzVEFRT2FOWlNpMlJ0UHc?oc=5
2026-07-22 03:00,Yahoo Finance,finance.yahoo.com,"Tesla, Inc. (TSLA) Q2 FY2026 earnings call transcript",https://news.google.com/rss/articles/CBMijgFBVV95cUxQdkxxN2hqUjhiUkNyX0V3SFQ1Sjh3aVYweWhuY0JtOFdtM0FIWThFWG83TGtGUzk2TzNyVENsUkNUNTZaWnl4dXJwbVc3SHE1bEpBeDlhQVZoaU1LalZyY09yc2ExWklUQURWMFl6VDd2RnVyXzNzV2dXVkJiZHVKeE1zNlpnU0drSEJ6bEp3?oc=5
2026-07-22 03:00,Yahoo Finance,sg.finance.yahoo.com,Tesla (TSLA) Misses Q2 Earnings Estimates,https://news.google.com/rss/articles/CBMihAFBVV95cUxQRXBhOWdsQ0EtTmtRRDNxREtfaGwyU1B5QXpYR2ZMSHR6SGZFVTdDQ2REQUFRcFZrOXRIN2NqY0xLd0E3dm92bDg2dW1sNG93TE1ZTmQzd0Q2eURHMzBLeVlnZWtYcllzNVM2dGNMNVlCTjlZa1NQY3QtWndGZW8zdlduZFk?oc=5
2026-07-22 03:00,Yahoo Finance,uk.finance.yahoo.com,"Alphabet, Texas Instruments and Tesla earnings take centre stage as oil prices climb: Dow Jones, S&P, Nasdaq, Wall Street Futures",https://news.google.com/rss/articles/CBMilAFBVV95cUxOOEU5WFB3N1FZSzJYSmlnMElCaWY4ZE5qeXpuWUdwa3lYTjRNQUhUNVA0RzZKTDNGTjVRb3BlcDl0TXFtOVFOR3ZtM0R0MTd2bE1wUWtxUk1aVlVEN09LWDhscTM3cDlRX2VsQXlza25Wd01EZzlram1id2I2anV5T01KM3lqaWlSaDF0aUh5TkFJbHVP?oc=5
2026-07-23 03:00,Benzinga,benzinga.com,"Tesla Hits 11-Month Low: 'Patience Required,' Says Analyst",https://news.google.com/rss/articles/CBMiygFBVV95cUxNYU1MQnR5T0hQNkc3Ty1sXzkzVUNXeXBUak85SlVZZXB3ZkRnWFNiYVhpdDNvaEJqd3VuRmFSN0hwMl8xeXdVQmZBZlZwNWJJalF1dldXRzEyby01eTNqX2NRWnRwaWVPaV8tWjZYbEVqTkpGSThtMnIzY1JpM0VGQ1BKSElPczh3WTlzeXp1cU5Kc2hKVkdMSDlrOFl2WWUwYjhjcTg4Ry1nMzh5dnRvd2lfdl9pTnNETGFwTmtXSEVnNlhfN1VoNDNR?oc=5
2026-07-23 03:00,Business Insider,businessinsider.com,Tesla and Alphabet stocks are tumbling after Q2 earnings and lofty capex-spending forecasts,https://news.google.com/rss/articles/CBMiogFBVV95cUxNUlZfTDJRd3lUc2FpaVhqRE5LV3NiN19LM3I2ZGNKQURFSGhhc2lLR2M5SlFiWEhqVjRHcmFFbV9leEtQcnc1UThOM2JqSjhmVDdnN2ZPYTNHZjhyZTZaMVpnVWRRTkJqSUFoaDNaWGU2OEp0SnhGY1NJQk1NOHRDSlc5cm9RTkZGWkRRT2pBX0hKTC1iOEFad2hoNzdnXzdxNUE?oc=5
2026-07-23 03:00,CNBC,cnbc.com,Alphabet and Tesla shares slide in extended trading following results,https://news.google.com/rss/articles/CBMisgFBVV95cUxPeXMxSHJSbXRRUVB2ZjJGOW96bGZ1TWpGOWxtRkhNYjNqd1FIWmpVTlZ0ZDhKRG5tUFV1WlBhUE1KRmJEUjdqbVBBVEhjYUtRS1dyM3ZkWXJFN2JuMG5PQ1FYUzBaUXhxS1VJejJUbGUzY21sV28wU1Q4NU9yRkFmV2hTQ2haVVJhaFNSRlROWUwxNFEwOVNwOThSX2UydVFmZ1Z4RlhERTBlaEU1TnBSMUt3?oc=5
2026-07-23 03:00,CNBC,cnbc.com,"Investor patience is wearing thin with Tesla, says tech analyst Dan Ives",https://news.google.com/rss/articles/CBMitAFBVV95cUxPcFRkUEVQcF8zeElfLTVKV0lCTXFTRXpMNkpxNWdLT1NsbVRfY2ZrdTdQN191ZlhEbF9iMXluNGpFNkVCNXJ3OUFzYnpGYXF5dXpqTHBBMGR1Y1pxMTdKSVk1LS1yTVFCZDc1NDhMZ0s5YkZSMHV1bF9ZN2ZoSnE3eG45YzRZc1M4ZTZoMjItU2ktcVlkMGEtM190anNFVWx0RmNZWW56aThDVXlZWVNtSmk4bWc?oc=5
2026-07-23 03:00,CNBC,cnbc.com,Oppenheimer's Colin Rusch on Tesla's Q2 results: Not seeing results from the shift to physical AI,https://news.google.com/rss/articles/CBMi0wFBVV95cUxQeUwtSkRJZjVvWnNnQnVsd19PdzlwX3VKZ3VWMVg3N3NkMnU0QUQtUGtVTnJuWmdlajJmQ2xSS01tZFAwNVRaTVZXQl84VV9nRlZEcTdXNjFFYkFvcnN6TjV0VWVFeFA1WnRQSHZpclluc1ZUNEdDLUdLa1VXMHNoay1TX0NBZW00T21DY2FGSGU1c3BiaVV5M2l5aGE4dFE4RV9yMmZSRDNFa2otSHJVSU53c3J6UlV1TWlwSHJmaTMyWVctbFlvM2h0TWxDSnBic2JF?oc=5
2026-07-23 03:00,CNBC,cnbc.com,"Tesla earnings, Amazon layoffs, Kevin Warsh's favorite phrases and more in Morning Squawk",https://news.google.com/rss/articles/CBMiiwFBVV95cUxOVGlrR1k5Qm5aeFBTa1pOQkNSV1lpWHg0dUN1bmZoeklfOHREc25LVXNtMkRoODVUTmZNWWdhUHRmX1VFSm01Ym44cGdCTFhnNGkySzQwclRFbV83aThDT19VZU9SUTBnanhKbW0zSXJ6dHcxaHZvQ0hrYTVibGpneUQtVGQ3ZHRPWWNr0gGQAUFVX3lxTE9UbndYbVhKeFdQRmFQSGtLclRCMEdVcHhtaVk0dC1sUzV3Rk10NkVtNDFDVmF0TU1Bb3RQRTJZYm5vTmd3RFVwTW9adUJSR3lweG9LMkkwY01heEVkNTEwdEFPclVxa1BONFQ1TVZOSEtDU1I5RGNzTUlNcTFiWmdielNnTklLenVEUk5mNjdXag?oc=5
2026-07-23 03:00,CNBC,cnbc.com,Tesla stock stumbles after latest earnings report,https://news.google.com/rss/articles/CBMilwFBVV95cUxNMGRKNEdUSWpKa1lDamtWMWNCT2JIcTExRzEwcnpWdTIxODhIejhvNjZ5MlI3aHFucG5SVXMxTUx3dnd1ZU8wNGJTeEowVURCSmpQOHFfNnA4dXRHY244TXBQYjdzZWVCZlc2Z3JDRnd5aTRGTEp6dHhDNlJ3QTJ6TDZnajJZUzZBTjFzdVhHR2dSOGdSLXlZ?oc=5
2026-07-23 03:00,CNBC,cnbc.com,"Tesla, Alphabet lose hundreds of billions in value in post-earnings stock plunge",https://news.google.com/rss/articles/CBMif0FVX3lxTE9OYTJ6UVVqeUZ4Y041NlUtOUdGbkVlRkdCZVlVQWI5WXBqaWpITFpYcUxFNjdaWHFwbG5MU25seGtDS0M5YW42aHBUXzJhSGI2Z0UybWt4Z2o1U1JSNHpnY3BDcnNyeTVDOWNmMFRYZFdKekQyVVBVNUo3eW8wN2vSAYQBQVVfeXFMUDRiSjU2XzJhdG91Q1RDOEppaldaeXFvbGxLZkN6cEZfdFRnYW5hdEY3akpzUXg1aXNHN3F0ZFpDb21CZ0VSa21ZUjhNTGczRU02a0VWX240YU80SXhaeVZHRDJzejZKeVZ6dDJsbGtfWkowMGF1Z3VnYTFqb2dPamcyMGpp?oc=5
2026-07-23 03:00,Financial Times,ft.com,Tesla shares tumble 11% after discounts hit profits,https://news.google.com/rss/articles/CBMihAFBVV95cUxOYUhDMmlSTXd4ZnJNcHUxNHRfSTEtSUtZYm1ZU2gzdTdWUlZiVWQzMm1GVzdXQm4zd0VVWnZQZG5fMzdjblJfSkJnd0pDZ0xIWDhfZ25kbS1ScTRSakN1bklJVWZuLTFEeWcwSjJMdDFVaWZQSFh1SUJGNFF6ZWtZc210UkU?oc=5
2026-07-23 03:00,Investor's Business Daily,investors.com,"Dow Jones Futures Fall As Oil Prices Top $90; Google, Tesla Skid On Earnings, Capital Spending",https://news.google.com/rss/articles/CBMinwFBVV95cUxNNlAweGpTejZLSld4UHh1WklPcHF5aXcybHJRN1dLVk1QaDJ1eEFEdndiallicDduZjV2OVFOWEYwUWxsZzVweHBYNjlnVldUSUNpcTNxcWd1cFM2MXFFQ21tVm00cFdLZ1Y4enpaX1hQOEhxMnNsUm5JOUVBa2s2OWh3ckx6QW5fVTRHZXFsRWNTLUJSVjhuYzN4VUV6eW8?oc=5
2026-07-23 03:00,Investor's Business Daily,investors.com,"Elon Musk Preaches Patience On Robotaxi, Optimus Rollout. Tesla Stock Plummets.",https://news.google.com/rss/articles/CBMiigFBVV95cUxQcXM4bnRjS1JRSkY2NG9nTWVCcjVlOWxhOE42RmpZLXBEbDRMMmVIVXNWUlliRjNiMEtBS1JwOG9meHJxaFNlb294SVBYa0t4YkFUcDUyQVdaQ3RMTmtFZUh6aTZiYlp0Yzk2ZVdOYkgyUG5WRjI0Y2Y0elh2VmFQRzFIYUI3V0FWeUE?oc=5
2026-07-23 03:00,Morningstar,morningstar.com,Tesla Earnings: Shares Fall on Capital Expenditure Growth and Delayed Optimus,https://news.google.com/rss/articles/CBMipwFBVV95cUxPRTNyZnBmM3hmdmt5ejRKRzJrak9lcWR0Z3h2RUl4Qm5Yb0s2YUFUY0tmS1YzRDRrdnFpMHg5MDV6VXluR1oyTlZWbTdYSGNqS2NoNXhfTEstMWNUT1hWcUptQk1TYjFHc1lWRFoyTHBHSXVlal9Rb1VneUhGZ1BUdzBoeUJGYUU3NHp6S0hWSVFvek9RYjByWlVhY3doNm11V0J2OEgyUQ?oc=5
2026-07-23 03:00,Reuters,reuters.com,"Musk keeps Tesla-SpaceX merger speculation alive, cites growing overlap",https://news.google.com/rss/articles/CBMixAFBVV95cUxPLUNadzdGd1U1QzFkUTNhbFhvT1QtNFREV0phUjY0ZG9vZWFVR3JPVU1iR1JrUVM1T1M0ZDdEeGtCUW5YUTlqbnZwUk5HdnB0MDNBWkRwZWpMLXN3RDdkOVhvdUJkQXMxMnloY0t5RFdKY0NjRl9sTjFDZ2dscl82ZEVTRHVZT3JyeXQyNDRzLVRHMlBKY05hamY2UUNVM3F2ZTdlTmdkR0FlaVdhd2E5b0k5NG1KeUhfQkVJMnZYR0hrSE9f?oc=5
2026-07-23 03:00,The Motley Fool,fool.com,Why Tesla Stock Crashed Today,https://news.google.com/rss/articles/CBMifEFVX3lxTE1FaTlEekR1bDFCS2cwR3pSUTNfQmtDNkhoVy1BaUdhNWN3ZWpnZnJiYkVqS1FENXk2NlFBYldRblhMZWZQcGhtT21BcUVMbkp0eEZjRVI5RUJ0elhWUk5JM2l5blhza0ZFMjFTbE45UXkteHM1X3RPYlBwdFE?oc=5
2026-07-23 03:00,Yahoo Finance,finance.yahoo.com,Here's Why This Tesla-Focused ETF Crashed Today,https://news.google.com/rss/articles/CBMimAFBVV95cUxNaVMtSzJXeW1iTXYtQkNacEY1ZWZZT3laVUlnczJydXpvWHRJNlMwUTY1YmlpNVUxT3lOTjhGNDdGX25GZ1l3MHd3SWRyMGROWENLTWY3RWhDYnJRaFNMenRSTDdIVTlUQ2JtclhWbGlQLVNkRU5GRHl6d2VQQ2dHRzVDQW9ROEcwcldlYy04TndmV2pVdnJrWQ?oc=5
2026-07-23 03:00,Yahoo Finance,finance.yahoo.com,Historic Tesla and SpaceX Merger Looks More Likely. Is This Sell-Off Your Best Buying Opportunity Yet?,https://news.google.com/rss/articles/CBMioAFBVV95cUxNUlNvRnRSb0Q5eGRCdDQ5c3NuVnpEZmh3b05LQUVNVmE2b1hUdlFpSUtWMUxfck5QTkNMQmJZaEs3VWx3amNpX2lVOFVmbDNZb2RQVFhjekMwV3pIV0ZpMHpCVXFoWkZvcnRsZHpfWlJnNlZfcW1RdDFTSEZlTEcyYmZrUDRkQzhYeEQySEo5RFJJVkNVU1F4aDhCUU9IYm9O?oc=5
2026-07-23 03:00,Yahoo Finance,finance.yahoo.com,Is Tesla’s Earnings Miss and Negative Free Cash Flow a Red Flag for Rivian and Lucid Investors?,https://news.google.com/rss/articles/CBMinwFBVV95cUxPVk5ZZHNxclE4UlVjRHpaZnQxVW1EalIyRHJHVk9Xbmh5WGRXeS1fYmxMYTlDeWVZYkRULTZtUHpKQlRQZ3pZd0E3a1R4ajFPSjhOR0h6U005Y3NQMUdmUFRiVWdBZWhiOGRFQmhNUnBJRWtic0xBY2R5YS1mbG11WDlhUEFkaGh2d2MwQ3ZtX1otdlV0aTZYdHNmekdzMDQ?oc=5
2026-07-23 03:00,Yahoo Finance,finance.yahoo.com,"Tesla Stock Sinks After Earnings Miss, AI Spending Soars",https://news.google.com/rss/articles/CBMinAFBVV95cUxOQzdVTC1INHBycGp6SW1lWEF4cEJiRTJpWVdKMmlqMjhFSkhiSThwR25Fc2l6VGxMN1dtODlhRHlSRnlnS3VvQ2tVWXBLWG4tZjlYbVY5RlppZThXT19sVE5hbFJRVUE2UG9Vd0lzb0xFVVZpdFV1ZGswNzUtdmllQ1lCdTFBUERGRHEtV0dKb0V5ZGo4alJmUXZhSVo?oc=5
2026-07-23 03:00,Yahoo Finance,finance.yahoo.com,Tesla shares fall after earnings miss despite record deliveries and AI investment (NASDAQ:TSLA),https://news.google.com/rss/articles/CBMinAFBVV95cUxORkZDc1otUnlVbVZMdmtMTHh5bE5CR1prNDJNX2xYTTY4S2EtRlBWX3pLak9NU2JRT3d1VkYxRXdMdm40THJyaWtQb20zbzh0QVhINEtMOEFpZXBZeXNPNm1RTjE2clhROERMSlozcE94YkthXzkxa1NKMXhYY1JlVFBtQ1YtQkIwekFFamYzS090VkQyTHhtenRiWGQ?oc=5
2026-07-23 03:00,Yahoo Finance,finance.yahoo.com,"Tesla tumbles 14% to 11-month low as profit miss, capex spending outlook weighs on stock",https://news.google.com/rss/articles/CBMi5AFBVV95cUxNSlVmVzFpOHkyUTk5RldkcTdQQWJ4bFpydE9xWHBmNVFLR1M5Y0kyUXh1aFROLU02bTRtRXAxMS11VFZyTEZsZVRlUzAyX19lT3NmNHh2ejRtY2pfVVFXa2tlX01zWU91NnEwci00VWh1RElCR1pyREc4UTZLc1VJSlpiMzgtWFRLSE1ZTVJmN2FjTDBacU5oM0dlc3FuMmJKTXp0TVVvRlFZSndjbUVCbTV2QkE5NUNTSG1QaGp3TzBPYk51UWVobU56WHB6UDc3bTg1cGJ3RXBCb0RjeDRJYzA5bko?oc=5
2026-07-24 03:00,CNBC,cnbc.com,"Musk's bad week: Tesla suffers worst slump since 2022, SpaceX drops ahead of Starship test flight",https://news.google.com/rss/articles/CBMiogFBVV95cUxNVElsTnpTSUg5Y05mTmFTRk5ucDZPMU5RTHQtZk96MTIyT21TUXE0cWkweTZtcnUtQTc5S3A1Zm1oTUM2akJGWnFKaWc0LXpwODV6anpSVHFyd2FtSVBBQWo2dmVwRnBWYzdZTjlTOG5uaEFtLWVsZG9PVlFmdzNoQTZQTW9ab0ZQWXNldU45NURYdkdIeFBjZ0Z6SjVxQlBtVXfSAacBQVVfeXFMUGYzSUJVNTFxSm50ckhkWFVPZTdmU1hBLWRHRUpaTWdfMjRkWmQ4YXdlUEQ5NzFxUDVfQVJWX3cwYzBmQ3Aya0dRNUlHaWgyOU5ZdHpOOTRKSGMwWmZXU0FmZkk0aGlmaEJKeUZMMlk4T1NTdzlta0ZiZkctZnhtbUVNY0tBZXNJUFNCTUh4ZGRaRjJ0RHRwV3Q5UGVVTXdTMVpZVGNUUnc?oc=5
2026-07-24 03:00,CNBC,cnbc.com,Trader who successfully shorted Tesla into earnings now sets sights on this high flyer,https://news.google.com/rss/articles/CBMiwgFBVV95cUxNQUN6bHIyMWpLeE5OT0MyOGZMaTNwQWZfamd6NGt1X2w3WjdGSzlmOHJsWV95RG5qT254MnhwcDF6QUJWOHgtbFVOYzZ2RWJJMzR3WXY4VWhPYk9DcXE3Ti1zMDM3UnMwRHpnSl82cWxkTlU1YS1DOEszdTNyOFBVUVFtZE9SWmtSdjFJZ2VhTlVuTGRtRDdxYzh0SEpyUExpU0hOU1NERS1FeWdjZy1XWVpOQjRSMy1sWWp0Z0J0V3dyZ9IBxwFBVV95cUxQd09Jano0MjdRb2VFWWFGblp3QzFsbFp3aWxCbzU1X3M0bWx5VnZCTG0zMkpQS2l4bWtpSVFVRG9qSkh0RGJ5RWYxcEMtd1g5cVAwcjE0alphX2JtTHB4SGl5SzRQLXJldFdmY2NqTzRla2REWmdEdlN0dnl5ZGo0eENNdFI4d2JiSFdkSUxUZ1pWZi16U3BWQTV5X3BGOXJtSjRVRjlrWkIxNVJrNWxtT2J3M00yLW1HZVIzXy1YU3NTbE56bTA0?oc=5
2026-07-24 03:00,Investor's Business Daily,investors.com,Cathie Wood Adds $50 Million Of Tesla Stock After 15% Drop,https://news.google.com/rss/articles/CBMikgFBVV95cUxNSXZzOWllWlc4Vk10czY5a3FkdmhoZDg5MUw1V3VabUF5NkNqOHFranR1WEFmZWFfZTFlR0pXdU05UUFUUDlIcTJBaDlEX3JPdWI0aGprRGFsRm5HZzJpbXdfR2NtTzIxM2lkaUVpX3hzV2FnSDVaTnV4OHJxQW0wWVpabzVFLXlrVWtIN2JCVUtOZw?oc=5
2026-07-24 03:00,Investor's Business Daily,investors.com,"Stock Market: Nasdaq Skids As Oil Prices Jump, Google And Tesla Plunge: Weekly Review",https://news.google.com/rss/articles/CBMimAFBVV95cUxNM2ZocHZPZUpHNDRydjY3NVNKbzhhb1lJcnRWcG5KWllMN0xPeEFQLWEtQ1VlWWtCaFc2N2MxeFpkUzJveTJscGsyTFd0S1NLWnQ1Vm9jRW1XQ1BkZzlZV1JSdEZ3OE9TRkJPY0kycWpsQ1kyZlVWZlFZUnJIX1B4MXl6ZjhfUFMtMWNnNEM2dGlfWS14bnZ1bQ?oc=5
2026-07-24 03:00,The Guardian,theguardian.com,Tesla stock suffers double-digit drop on carmaker’s worst day in years,https://news.google.com/rss/articles/CBMihAFBVV95cUxOSnVqZXgzTXJ3akhvQWd0eU5jT2ZsaWQyMVNOOTN3UE9CTmhRSDB1Z0xXUlpxUHdBalVfb0xoalo3LXprTHlNMHVocTRhT3NRM2xSRk50MmxuUTJSdG9YbGp3LWxPZFh3aW44TXRuZGc2RVlwMTVDcXhaMWZ6bTA3UkVIT0E?oc=5
2026-07-24 03:00,The Motley Fool,fool.com,Are Tesla Stock Investors Finally Losing Patience?,https://news.google.com/rss/articles/CBMilwFBVV95cUxQSldRZTBhemFKZXR6X29FVElaX2QyejlHVlpXYXNHYzVINWxjV1VjNXRoLWNJc2x3V2N0OUlfRFVob3N6UktVVTZSemw1bE1fTVBsdnBRTExCRkh0dWZ2X2VGR2xaMFRWbUJ3TkxfSkZTTGhkdm5iU3NUOGJuYS1hNEF6alpXR0RYQlJ4eGsxVXpoX3oyTUhz?oc=5
2026-07-24 03:00,Yahoo Finance,finance.yahoo.com,Buy Tesla After 15% Correction? Only If You Like Burning Your Money,https://news.google.com/rss/articles/CBMimAFBVV95cUxNSHJ1d3dzR2JBd2RuenZXRFo5OFpoRjRXUVBQZXB4U29JNW95OFR3aW55a1g1aG9jRlNxb25EcXI4bzAxWDFWZktpdGMzYkV3dzBhLW94TTRzTEFfa01TdWNEcVp3N0E0bjNxdGZlMFU0cGJON081TmRyNzBGaVZZNGstWkFvNzJQT3FqUUpUZ0pxWUxaTnR0Sg?oc=5
2026-07-24 03:00,Yahoo Finance,finance.yahoo.com,Tesla Just Delivered Record Sales—So Why Did the Stock Sell Off?,https://news.google.com/rss/articles/CBMinwFBVV95cUxQdDZpQTNSRHU0MTBzc3dvZE1zbGQ2NHFpb0E3TU9XRnY4Y1dNdk1GYy1VZDB4S0FiZmhNNGxLMWY0R0tibHFFZnJiZkRfMm51OGJuM2w3bmNCdThBMlk3YVA1Z0xTTy1rT1ZOczM5YURpdWRIM2thMkhZUm1ZQkQyR0JoTHNvYTdVcVZtQzJxeVRoZ3FyQ3oxbWc5d3pUd0E?oc=5
2026-07-24 03:00,Yahoo Finance,finance.yahoo.com,Tesla Selloff Hands Bears Big Gains,https://news.google.com/rss/articles/CBMimgFBVV95cUxPb0hjRk5GY2tSdTdBY1Bvekd2dmhpdkY5NVViRGQxak5QQVhDZjBvMExQNlNWcEs2NkFtajloYTJ5ZGoydENvTHNyNGR0QzJRemp4eUFzeFdER2RyRk5KalZTLWoySVRSbW9UdjdKdTIxaERtUVRWN2JNOGJublE4aEtfenlYb1otMklSU3p3Z1hHOXFGV3RrT3pR?oc=5
2026-07-24 03:00,Yahoo Finance,finance.yahoo.com,Tesla Short Sellers Gain $9 Billion as Shares Tumble,https://news.google.com/rss/articles/CBMilgFBVV95cUxOSnJXakU1Ym5YNmRmY1BtS0NWM1owMFlPN0tDQ0tYYTN4U0FwVEdtRU5NaXBwMFBTeWdyNndTWGFpTW5ILTBtRnN0SlJjbDFCUjlWN0RBOWpRWjhTZ2x1dlJXWFllNDRGalMxejVLbk8waFBZMFZidHBfaTB6eGtXakc3aHhGN0twWXdtV2Nmb0FOT3dnanc?oc=5
2026-07-24 03:00,Yahoo Finance,finance.yahoo.com,"Tesla Stock Tumbles on Weak Q2 Earnings: Buy the Dip, Hold or Exit?",https://news.google.com/rss/articles/CBMilwFBVV95cUxONTFObTdnXzFuNDJBNnI5NXU1cG1iaERDc09CcnF4RmZHZ1BlR3BTRUhpa2paX1hPUEN1TFFEWTl4XzlBWTZzM0FncEpxMTZtNlBBR3hwX0dxc2duNF9FejZua1p5YU1DNXZOdl9Yb0JGenF1RksxSTFWTUxMejZ0clRWVzZSV19FMEdKMG44TGJxbF9qcTRB?oc=5
2026-07-25 03:00,Reuters,reuters.com,Tesla and Alphabet spook investors as earnings season kicks off,https://news.google.com/rss/articles/CBMipgFBVV95cUxQRXZLQkJtcDQ3ZkZFWE5mVEc4WjNuR0dPY2hpOGtqWnA4TkNuYnAxUkFpZE9tdS1nbVNibzBBMWVBdUNFQl9pbzNjM29BbHBIOVBJYTFCMHBZOHA4NHByM0NUU2RfTjR5M1JzN3FEQzQ2TWc5d2NGRGdFVFV3SHBpcFdfT3VZcmJOTENWenIybW94dGhsV1ZTM1pqT2wzcndXUjdNRWtB?oc=5
2026-07-26 03:00,The Motley Fool,fool.com,Tesla Stock is Crashing! (If only there were someone to caution investors about the overvaluation),https://news.google.com/rss/articles/CBMimAFBVV95cUxQdE1aVzRnZ2ZiSmV5MU9hWWdjTGR4VGIzUGNIb1VyV2xsY1g2UHl6aF9yOGh2OV9TQlRBR2FjUExDS2VlT0pGaF8wLThJUDFnUWtZUzZiN1M2eERmY2o2cEU3QnNHQnYyNWVJSk1zUURaMTA1eVFndlp0NEQ4cmRJdE8tZ3AxT1V5bHBmd1RyemtSZTFOUFlGQQ?oc=5
2026-07-26 03:00,Yahoo Finance,finance.yahoo.com,"Down 30% on the Year, Is Tesla Stock a Buy On This Latest Dip?",https://news.google.com/rss/articles/CBMikgFBVV95cUxNLVlzLWNkYm1Mem9uLTBCQXBFOGZNc2d1UG1FNHVOejZ0dzVuaHhEeGZ1NFYyZmFmbjdCSDFEVjZvSzlCOUdScnRud1dfLTZCRGVEZVpMQnpDenNWaGFKNUsySHhHSUZmUFllRlZkZElGQzN5ZGMyNVRHckc2QU1MNEhxUGxZcGd0MjNUWHVUQ2FDUQ?oc=5
2026-07-26 03:00,Yahoo Finance,finance.yahoo.com,Ford Motor vs. Tesla: What The Revenue Trends of These Automotive Giants Tell Investors,https://news.google.com/rss/articles/CBMilwFBVV95cUxOaE5lOGUzQTBrQlRSTEZsNDRRZEQ2NjJJaHE3WXVQeEhRWWlTb0tRSTdWV1dGb0xvV2xtaDc5Z0hDeHlUcklYbV9uTVlrTS15NUg5Qmt2VEFRNzNXV1djMnJiUUFqMVJURVd4Z1ZiNzVRckJ6RXg0Q0RkZllkN2hyRDFDNVQ2RjZqbFlkVmtJR1hVYWEwV3ow?oc=5
2026-07-26 03:00,Yahoo Finance,finance.yahoo.com,Tesla Is Still Overvalued After Its 14% Post-Earnings Drop,https://news.google.com/rss/articles/CBMimwFBVV95cUxNRDYtQkZfMmJ4a0dPSkEybGJDTjRPWnE4T05CNlJJSzZZb016Z21MR2g0cG5YWC11UjRYelJtRzRmR2tqajQxdVBpX1BWOHdQM0VUR3lzZFlWMnFieG85WFJTQkdpZF9IX2tYMGlRWTE2UVFrWm9Cd1RacGVDdDFidDhYenRRQThrd0M1Q0JNTXpCclhhbFlnS3Y0Zw?oc=5
2026-07-27 03:00,Barron's,barrons.com,Tesla Stock Just Erased a Year of Gains. Why It’s Suffering Under Expectations.,https://news.google.com/rss/articles/CBMiggFBVV95cUxOa0dBQmk5YlhOMUlMMFpkNjFzdkxjN2h6UXNxQldOSXlfTlVxeFdhX01Zd1lNeFR0Yi1VRU9xVmZjYU9XU3YzTzFYZUVha0QzS1hOTTVwRktTelRtcmZ5amJVUkR6UWdPWmV4MERac040NDlmejZwak9pWm5RNlpDdHpR?oc=5
2026-07-27 03:00,CNBC,cnbc.com,SpaceX has now lost the equivalent of a full Tesla in market capitalization,https://news.google.com/rss/articles/CBMisgFBVV95cUxNakxKM191QXV3RU1SbzRORXNIcUJtT25QTXlOa01ZMGVhWHF4XzJDOGlLOHlmSU15ZXFSQUQ4clhzc0l5bGxLTTVOSTRlQ3NfUG83UzJnaTRHZlNQQ0VWaktQWUJfbjFzMFgzaDRudTNKUDNkUTJIVm1vaThVWHB0clFNZGlDTzZwQkhZTndxSmdTRzJ3YW9vemR3TDE5LVktdUJVelpILVBDdERiM2dqTU5n0gG3AUFVX3lxTE11d2RabHd6OE9zZmU2SUlLREQ1WjBmbFZuM2pNb3h2UVQ2cHMxVFB3NG05YzhZVWo1TXo5ZGpGZERFT1NPeEdGUnhTbXlwVmExWEFaNDMwSnJqQTVEcEFYUVFjVGp1eDdtM195elRNUW9uV2FSQV95dTZVaUNYM1FYczRYNkhka09uc3pmT3JXYnlXaEZNaWxxM1pkSF9aT2p0c3FWUk1abFhQNWV3Q3VmUXRhVHMtMA?oc=5
2026-07-27 03:00,Investing.com,investing.com,"Tesla-SpaceX merger odds rise as Musk cites ""growing overlap"" and analysts call deal inevitable",https://news.google.com/rss/articles/CBMi6gFBVV95cUxPY2pjV0s2N2R1cGM5QjBwZmF5VU45dzNvWXBEYlc0aHlxNjdpcEZkWnNvYk00b19CTTN5TGJDR2Q2T2VESEwyeVAyTkFWSnhOTG1aSm9veU5XdzN3b3A2aFZRNm1xVHRuXzAzLWZCSTBxZUVBQldjWXF1UDZmNVF6UXhfNmVGSGk2c2w0djVsWUNZaGtKcDBMcnZnN2NXVERJOVhSVlVFeWlXblZUNkU0QmZRWUFWTmtlNFpoLWpDSzFHcmtEUHlhWXhyRC1sSWlFLUpXS0h3QnhHZWpCcXJ2aWRPekJZdHZuVEE?oc=5
2026-07-27 03:00,Investor's Business Daily,investors.com,"As Elon Musk Promises The Future, Tesla Stock Slides Into The Past",https://news.google.com/rss/articles/CBMilwFBVV95cUxOYlkxTTcxOThRajVaYkw5MXNCUnoyck0wZlpOSEd5TEpiQmNRbzBDSzQydWhtQ3ZsRllYbHk5Z1dMQUY5eGJhU25uUERSVXV1cGhaUjdCWGhnbXlmZUpJT2pxeUctbVpETFFRelVtMWJBNFRUTENWZzZSQnJ4bGpBeHRiVU1JUFVCNnpZNVBvbzNxWjhjQ2lr?oc=5
2026-07-27 03:00,Investor's Business Daily,investors.com,This Bearish Put Spread Can Cash In On Tesla Stock's Bleak Outlook,https://news.google.com/rss/articles/CBMivgFBVV95cUxOb1VzLTNGU1dITm16NXM0OWhiYWpuOGhjbjlLZkhfN1IzdjlXLTIzU1NFdUlTeWhmbUtYcWtOaWhfMXRiN0lnM1RmbkJzWUVjZS1ob2RvOEN5VHpPd0FUVUpnejlkbmlYSWIyMmYyNmp1MG5KS2FJZnp4YzNfbWhRZmo0eWhENUlldXg3ZFk0dWVmdXd2ZHpLZFZWOXotSWJpR1J5WlZqYzlZRnBrdG43eUVtVktIZnJtcUMwbnVn?oc=5
2026-07-27 03:00,Morningstar,morningstar.com,5 Stocks to Buy While They’re Still Reasonably Priced,https://news.google.com/rss/articles/CBMiqAFBVV95cUxNNUMwNjU5dG5JQzFfRXJsTXdDUURQUTNwTHB6QW9MU0NqNlcwNEhyYUFtRm5jNmRUaGtPQWFPclVlU1pwZFJxTWlpcWwxQm10M2VEWnA3aGllR3NPeDktcnBFUi14NFNOVkRHd2FKZ28ybElKcmRWVi1XX2FSN0hGYnBjdTNpcUlzakhoX3RZSWlOeWVGdC04ZnA2NXZVMERlcnF4cEhzbm8?oc=5
2026-07-27 03:00,The Motley Fool,fool.com,Prediction: Tesla Stock Will Plunge to $100 If the Nasdaq Enters a Bear Market,https://news.google.com/rss/articles/CBMimAFBVV95cUxQY2hSVEQ0eGJMZkZCWV9ObDVzUHdtTHIxSnpTSm5OU01KWHFDVEpFQ21HMnZTQWw2ZVYyQkdNdzdBNWFIdkNNWUxkZm53YmlGQjZPMmcyc3RRYmZiQUNCam1kRWpXMDcwcWtTWWhEa3pzYmZNbkdZYmtrMzIxci16Mks5Q1hFZzFoQTloUFJSalJjMC1JWnJ6WQ?oc=5
2026-07-27 03:00,Washington Post,washingtonpost.com,"Musk’s SpaceX tumbles back to Earth, dragging Tesla stock down with it",https://news.google.com/rss/articles/CBMiswFBVV95cUxPZkJfY0FBNmJmbzBmRDBMN3JLLTB6VTczVEc5TEc1dHk3M3k1bThZTDZLTmVTNGRpSHVKQlByU21oN3N4aFZldEZhVGRDVDVtYmlzNExIVUpkV2VMajZPRFpCdUxXRkFvQkVyZVlnakdoTkNVZDBudUprLU03RUxzRHRvYUh0V0lSVC1aWGNMaG5hWVNTVks4bkJPZWRxTDZNY3RlOGxZYUhoTHczRy1KTFR2WQ?oc=5
2026-07-27 03:00,Yahoo Finance,finance.yahoo.com,"Cybertruck Called the Biggest Flop in Automotive History, as Tesla Shares Plummet",https://news.google.com/rss/articles/CBMiqgFBVV95cUxPajBKZjBXa19fanE0amZid3ZyRXdGRW9FZlNTUzBKLWVuWU5iNjBwUFhUVVlzUXUzdWVSU3ZhR3NvTHRXM3dxTE9WdFNoZlBaNDc4T0VwQS0wZkllQ29nSXF4UjRTaDViMVA4WVBJazZKWmNPS1pKOGM3Rjl4bUM2Q3NUTDZhajl5RWh0SkxhSS1QMTMtd3ZUdTM4OUlYQmFaVjdHR1pyWWw1QQ?oc=5
2026-07-27 03:00,Yahoo Finance,finance.yahoo.com,Is Tesla a Buy After Its Latest Earnings Report?,https://news.google.com/rss/articles/CBMingFBVV95cUxNUjJLX3B4UU5wUkE0Y21POWFsNjl6MjJPMEhtcWdXS0J5aTNGTzVvaHJpekFpWW9sWXk4azQzWG5yVk41MUhXUjFCdUxUQ3hTa3IteXF6X1FBcWltTXlLUTk0N3VlM1BVM3k4Y0JJMHNfeXQ4bDhSaDJnbjZpLTNoaGtGMVNUb285WXpnSUhQRDdEOEJRUkZlQ2U5WXZHdw?oc=5
2026-07-27 03:00,Yahoo Finance,finance.yahoo.com,Should You Buy Tesla Stock After Its Post-Earnings Dip?,https://news.google.com/rss/articles/CBMimgFBVV95cUxNZmQyZ1pwQlV6a0tnMWFpQ3V2ZDAxdnpja1NuczhWdUFuOUVIVDY0TzVfQXNvZ0t3ZW96b0lBMlNrbEJVa0JBZGFzejVpdzJ4TFpEVGprLW16NGpsdnhQa29IcHVfeHlUYjZOVThyRHFkM0o5WTlvSGVVLVN3RWRMbU9VVlR0OG1pdzhHRmVkRjlaTmRnN0xlQ01R?oc=5
2026-07-27 03:00,Yahoo Finance,finance.yahoo.com,Tesla Is Down 30% This Year. Here's Why I'm Still Waiting on the Sidelines.,https://news.google.com/rss/articles/CBMikgFBVV95cUxQMEo4R3RDNDQzRTFwVmZ3R2hzc0lQSTZiODR0YXBfWEhobUsxQjZfT2F5N3B2OXJWbkRET05LZURqVnpvTmFGVnh4U1EzaFZPbWE1QUZ2RjdhZDZ1OEZFS1d1NksxNG9KRlM2OF9sY1Zkel95VjVrbTVkbTZNRi1pZzBLU0lxX0NrcU5OYjdra1lUZw?oc=5
2026-07-28 03:00,Investor's Business Daily,investors.com,"Cathie Wood Keeps The Faith; Rakes In Diving Tesla, SpaceX Shares",https://news.google.com/rss/articles/CBMiiAFBVV95cUxQUG5McndDeXB3YjRPMldKZm1vRFJrS0JuMmJwTWtBV1ZoVWdaWEtjcVNwbXVIREVGaVczVXpyd0ZDbUhhZzF6X0JYSndKN2ZBVFJrMnYwR01BMDE2Q0I1eGxoNERmQk1sQUllU2VGU3lWSDYzV0lxMUxxNzJXZTJtRmNyVE1EWkhC?oc=5
2026-07-28 03:00,Investor's Business Daily,investors.com,Tesla Signs Agreement To Purchase Energy From KKR-Backed Solar Plant,https://news.google.com/rss/articles/CBMiggFBVV95cUxONnA0UldWS1pTcFR0ZE1vdWxxYWl4NzZqbnEySUl1U0dOa3dfTjJxYUJfRjVDcWQ4YzgzS3M1V29Ec2xTV2FNZC0xWW9QaWtrU2V2MmI0YjdQMzIwMnFqX1RZRjhiOXQ4TnpIZUFrODdzcl9qRS1CRjVRc215V0YxNzBB?oc=5
2026-07-28 03:00,Seeking Alpha,seekingalpha.com,Tesla Stock: More Room Likely On The Downside (NASDAQ:TSLA),https://news.google.com/rss/articles/CBMijgFBVV95cUxNbkloMlBpTFRuMzVXTjRhaXRhaTZGWTJrSHF5d0RKQXRVQzJ6YkJuakVrVlY2eXJrTlVQZ29xWDdKZC1FTExFZFN4VjByZG05X29CbDhXNzlpaHpDZ1pPMU9FSHZDdmZVdjA1MllRNmloUXQ4ZXNJUkh0cFhNaldULUY0TU13WjdXd2NReVF3?oc=5
2026-07-28 03:00,Seeking Alpha,seekingalpha.com,Tesla's Abysmal Q2 Results Point To A Bleak Future (NASDAQ:TSLA),https://news.google.com/rss/articles/CBMikwFBVV95cUxPSWVISXA0M2sxYUhFZDIzV0xhV1JRYkRwYnNyNG11bzA5S2lFMHVDN2FJZ3dxcDRXc3pTZmlNSG1zZVF2bDZwOWFOLXNzdzhjdGxXaWdXTG9nbmR3TzMxc0R0bElyaEkwSUxSZ2M0aFpLYlZUU2ZPQ3dWMEZXV2RCWl83UldpQ2tFbER6ZXNVZUw2ajg?oc=5
2026-07-28 03:00,Seeking Alpha,seekingalpha.com,Tesla: Time To Pull The Plug (NASDAQ:TSLA),https://news.google.com/rss/articles/CBMid0FVX3lxTE9GUVh5VWhUN2Y2eHV0bV84Wk1fT2I3dHZ6dEdSTU1FWV96RVZZUVFsSlNYMEMxaVEteXlDbEswYWpKX0QtcFUzQS1IdmwwRmtEZ2w0b2k0cHJGLVpGbFdPRUhrX0ZLTXctWU5ieXBaRHRTMUkzWF9v?oc=5
2026-07-28 03:00,The Motley Fool,fool.com,Cathie Wood Doubles Down on Tesla Stock. Should Investors Follow?,https://news.google.com/rss/articles/CBMimAFBVV95cUxQZHNBZkIwcjNtcVlCN0VPR0U0Q1RoNDhnMDd6WW51TUc2QXhja1NEbzJYOGlQTWx4LTZkR0N5eVAtekRVLVYtYWo3YnpWRmRfS3d0M2dqUTZrNktHSW5jY2pNaGpmeE1yUTlQR0FGR00zT3BOaFZTeUVjbmdiQ1h6SkpCYlRBSE81MjYyRHo3dklONzFLRzB4Vg?oc=5
2026-07-28 03:00,TheStreet,pro.thestreet.com,Is Tesla Finally Cheap Enough to Buy? This Week on TheStreet Pro Survey.,https://news.google.com/rss/articles/CBMirAFBVV95cUxNUVFzbWVadVlwekJOVG5yNUtON0FQeE1pNTdoY1dsNUdiSzQ0WDFRazhpZ05tUG85SUp6ZXBWZkYwd1VIQjNlOWRwWXRzX0dLSm5mYUJpOW1mdjBJRkFOeVdHVVRNRVJ5dkR4dmZySzBqc1FLZHp3eVFPQkJLMFNBSklIc1drdlBKRk1fNG5zYUNtYWVHZE8yVFdVQ2c4OW1ybDdOa1FpRHFLVGt2?oc=5
2026-07-28 03:00,Yahoo Finance,finance.yahoo.com,"Gary Black Warns Tesla Stock Could Break Below $300, SpaceX Below $100 As AI Valuations Come Under Pressure",https://news.google.com/rss/articles/CBMimAFBVV95cUxPNVdXU1g3NnV3aWdhX3p5ZkNNcDMwMGY4UF9UOFI2cEx6TEFRN0VENXcxS3VKck9NakFoQWxKbTdaRjY5QXdHSUJNQS1xamNjYnBIM1JrY0JWczdRUGxkNVl3S3hEMUNFVXJKb210bnQ1MFZCdXJpZmlpOWxBY3pBY0tnV0lFOVZvV2Vzc1dfRmRpbktmanNFVQ?oc=5
2026-07-28 03:00,Yahoo Finance,finance.yahoo.com,Tesla stock hasn't been this oversold in more than a year,https://news.google.com/rss/articles/CBMivAFBVV95cUxPa29LeUlEV09Yb2trbl9GNnhTQTV4eVFCQVpPZUxPakFMVzJPelNPeDM3LWl6Q21HLUMxX0ZIdUxUd2ltdFloR212R0x5OUdhWWtMNXFxdHZLTmJOZV9sMVE3MDMxMkFsbTJEM1dpOTJ5SVdGY3ZKZGFwbUU4RU80eDU0OEdCYzE4MXp1MVlOTjN0RVl2WHFQMmhpcWdfLUwtUjVzMlNVeXZJWUl5cmtlWnEwNGs5dFdSVndtZA?oc=5
2026-07-29 03:00,The Motley Fool,fool.com,Ford Just Delivered Bad News for Tesla Investors,https://news.google.com/rss/articles/CBMilgFBVV95cUxOcU5KdFpWdmx2STBWTTN1a2hEWGkyQ21tenJleGZQWG5uRVlvZ2FvUFRtSTQtc2tnWFh5dzQ2ZkIyNkJudGJ5ZnZYQVZhaVl2WVdIaVZnMkNJeTl2bEZoNVZhZlJfM2szeThFSkJraExkREVUaXdDZzI0NlN4VG16ZXJUeXgzNWJ2dERTNjhGNG51emhwb2c?oc=5
2026-07-29 03:00,The Motley Fool,fool.com,Tesla Closed Tuesday 3% Above Its 52-Week Low. Here's What Happened the Last 3 Times It Got This Close.,https://news.google.com/rss/articles/CBMimAFBVV95cUxQVS1fVjk3X0xxb05ZRVVVQVl2bjJUSmhHSEVsMmFVN1ZlMXhJcjRxcXYzdmllWXFKMlRtZFVFYzliOXVkZ2pBTUhtLW5UdjlLTmk2WkU0cDVmTTlvckZJaWRuaVY3QlpRaFFlaEFHejVUMlB3MW8tSGl2QTlDU1ZKcm12ZVRWSlhQNGhSa1NhMzkyX18zc0dLcw?oc=5
2026-07-29 03:00,The Motley Fool,fool.com,"Tesla Delivered 480,126 Vehicles in a Quarter and Still Missed on Profit. Here's Where the Money Went.",https://news.google.com/rss/articles/CBMimAFBVV95cUxQMGJhYXF0ZXFZMFZwa2dkXzJ6MUppUVBKWHdzSDNvSjV6M1FRZHNpTXA1M3k5dUVITEZDaURpZjlLN1o4S1dzelRQOTBSQmVnNmhmREhfVmY1anlrbVRaQW1CdkU2cW5JQTFfVDNYcEQ1UUR0RHkxRlp3NXlnbGlSOVFheldPekNZenluR192Vm5GZURISzJ4Zw?oc=5
2026-07-29 03:00,The Motley Fool,fool.com,"Tesla Stock Suffered Its Worst Week Since 2022, Falling 18% as Investors Balked at Elon Musk's Robotaxi and AI Spending Plans",https://news.google.com/rss/articles/CBMimAFBVV95cUxPbm1qckdrQ25mZ3d1MFZOak5pbWlJOUZ2VzAzRDNGTVFsOHl4MDN1ZTkycUE2LW9MUDZ6X0tqSEhjcVZFelJ1am4xVTQ2X1BZWGJLVGREbWkxN2V2SXZMRjFtN1JXdjRvYnBFaHI0Y3QwR0FkanBGdmNTNmtxdkpoWXEzRFJRYW5fMzgxQzJxWFNWbk9pd2owag?oc=5
2026-07-29 03:00,Yahoo Finance,finance.yahoo.com,Tesla Stock Eyes Mag 7’s Worst July — Gordon Johnson Says Q2 Numbers Expose FSD’s ‘Ridiculous’ Valuation,https://news.google.com/rss/articles/CBMikAFBVV95cUxPaDZEYW1XUkxFNnlOb3Rlck9qamgxbC1sZ0g2c0s0RzVLdTN1MjVPLTNUS3duWFZnVGxFQnVMekgySTI4Vmgtb0hXLTVRVUU1ZFI1RkIwMkdQanlTQzQyZFVuV0UxdXJ6dm1LYUZCU2dvbkhocm5VYUlGNTliTVB0emJybWVHOFQ5emlBTTMtUVg?oc=5
2026-07-30 03:00,Benzinga,benzinga.com,Tesla Stock is Climbing Today: What's Going On?,https://news.google.com/rss/articles/CBMiqAFBVV95cUxOSThLR1Bqbzk1cEU0MDJfajNmNGcyOFNlanlyRjVWZFJQNWsxdmo4dlE3MVRMcmZZaG1OTFdMWUZNQUdDNGpGVHJSS2E5UHNSekNuRmwyc0hsVnJ6UlljSzU0bzM3ZU5URDBKVjNYWndSZGhpQ2RtTnpQaUZ1N1hBUGJfME81QUxCdkt5YXVoOGdkbWVBZnVIZW8zcVdTMDVoMUVodUR5bzU?oc=5
2026-07-30 03:00,Investing.com,investing.com,Why is Tesla stock climbing after-hours?,https://news.google.com/rss/articles/CBMiogFBVV95cUxQaURGdXNiYUNXREh4eURHTXpoQmhYR2dvWGV1aWNucnlRMHd0clIwODdFVWlwRThncTRVMHktTzlaak4wMjg0MkotMXdJeWdBOHo0d3ZNODh5WndSWEtoT3czdnE0aE5yMXJ5bGZtc3IyQ1FUYVVnVkV3OHlud3hmYi1Majk2LU14bHVBQUJ1VUtyZDYteTBwdEdEMFB3amdZY2c?oc=5
2026-07-30 03:00,Investor's Business Daily,investors.com,Goldman Upgrades Chinese Tesla Rival. New Releases Spur 'Successful Turnaround.',https://news.google.com/rss/articles/CBMimAFBVV95cUxNSWNNSWJOaU1sM0RkTXdXMk1lV1NrdlVsWmt1cFBDSnhZS3ZnSFptZk9Ec1ppNjhLSENSc3RtdVdTX3prbWlKRlJUNVl2N2x2dGpEYV9oMTRmNV9KbW0xeVV6VmhMUFphckl3NWFoUHRYQi1VU2trTlNkRkdSbGM1UXZBTllvVFBaYXZNNzVkV245RlRzbi05VQ?oc=5
2026-07-30 03:00,The Motley Fool,fool.com,25 Billion Reasons Why Tesla Fell 15% After Earnings,https://news.google.com/rss/articles/CBMimAFBVV95cUxQS0ZZQ2dsX2JqZ2Y4cUh2a3BpN2pXZTNQUVRuZ1BmMlQ3VUtZTU11N2swbkRDbmN3T2ZLRkZLYWx1SFcybkkxN1FHWFVxdVZVZzNMcmlucVdDcnl0TGdieDJvT0k5ejB4NzAzcnY2MnFYSTVoSzd2bE1BN1FRYU1oRlg1RWlRVVhWZ0I5WjhWNjJxQjB4MzVuSA?oc=5
2026-07-30 03:00,The Motley Fool,fool.com,Cathie Wood Bought $53.5 Million of Tesla Stock Right After Elon Musk's Post-Earnings Sell-Off. Is a Rebound Coming?,https://news.google.com/rss/articles/CBMimAFBVV95cUxOZWtGTFlIeDF3WFBveUF5RVRHa1huMmxLQ2dZeHlNWFpKRURMWDN2RThSWUszSEhSQVkxRmwzUXZ5aGl5ZS1TRW5XZ194YWJsQk1ZWFZqTTJjMDFiVDBudHhFMEJGWlBqdDNSb1cyNl9fODVVZWJpdlNJSGRTeUl0X2plTmItbDVrMTRtWTVCSlJGM2QwRjlzVw?oc=5
2026-07-30 03:00,The Motley Fool,fool.com,Prediction: Tesla Will Lose Its Trillion-Dollar Market Cap Before 2027.,https://news.google.com/rss/articles/CBMimAFBVV95cUxPbnB5akczcXoxRUxiTm1ZV2YyaFpzTWhBazE5b2ZWdEVWYWN6d3hlRmxNeG4yN0t0RmFoQWhxZmllNVpKZUhiWkVJRlNRY205WXl4VUt6Q2M1Q0NYRURGX0ZMVVBQRzhCbVJLajhQZjJyaGFUYnFkZ0hnMGNZQzFPckRoYWVEZU5odWpKT1o1SmZwSGRNVE9DYw?oc=5
2026-07-30 03:00,Yahoo Finance,ca.finance.yahoo.com,"Tesla weighs sale of China business to pave way for potential SpaceX merger, WSJ reports",https://news.google.com/rss/articles/CBMiiAFBVV95cUxNSDhQLVFocXBtN3NUWWxwUnZnb1VUM2xBWjVRYnBTQ0pxYktrMEVfNEZsVDhOeE1EU1AxNmI3aGRjdGtVRDJzOEZCdHZqZEZGQXhaTWhXd01JX0Z6QzMzRF9YVnNERG5IRlVKaVcwZnd2eWx6dkltc1gzZmM5UWpRQTJORHNOQjZs?oc=5
2026-07-31 03:00,Bloomberg,bloomberg.com,"Tesla Without China Would Help Musk, Not Its Investors",https://news.google.com/rss/articles/CBMiqwFBVV95cUxPSU1WRDdZRXpTaEdYdDN1R2dzeG94cVZSNE1lOWNwM25uVnJPVHpGN2JoT3d1bjByNEd1Qk9RY1R2X3F1RTFRQjI2RlpLT1U1anFsLWNHZmJZZVY1MmtSeEtvcURmX1dYbVllUU41ZHFhbGJZTVlwUHZjbG02NTc1RHVteGtJRTZQXzAtdnhSeVNzVW5MYjhBOHpma0ctQUFWV3JmbGYxbGVQLXc?oc=5
2026-07-31 03:00,Investor's Business Daily,investors.com,Elon Musk Dismisses Tesla China Unit Sale Report As 'Fake News',https://news.google.com/rss/articles/CBMinAFBVV95cUxQX3EzdnJ0bUpqMlVGcGZEU0wta2R3M1h2RmYydjljS0ZOMGlhbXh4bE9yRm56TUluNnJfeWtKLUdZMXRDbG45TVhQM0dBdHNtVkY0YUNIRFJ6MnFhQ1hkbjBUSjNRWDdWMWtnY0NIbk5BZXFLaTRXbERjQUNaT1BMYVllOVFHdXp0MVJQMVd1YTNfOXQ4bktQdGdCVDI?oc=5
2026-07-31 03:00,Investor's Business Daily,investors.com,Tesla Snaps Losing Streak. Can It Start To Rebuild Momentum?,https://news.google.com/rss/articles/CBMitgFBVV95cUxPY05XVEV6akFYeVdWaWs1ZVU2MWxabXR1RjI0ckpFdnhSVGlSSXY5cFI3WlJJcGlvZUtfMGtodi1OVDVZVHdodFB0OFpXX3ZPcFZEcmZFVGljcDZKMkd2YlFFUF82SHl3V3VNaFUzZ3FTd1VvZnIyNlRzMWV0T0JpSDItQklxcXhlSnN6VFdiaTNqbFc1WFNzd1duN01sU1NSeDVWbndtdTVubmJKbFY0VmFrSERpZw?oc=5
2026-07-31 03:00,Morningstar,global.morningstar.com,Tesla: Media Reports China Business Divestiture Being Considered,https://news.google.com/rss/articles/CBMiqwFBVV95cUxOTmhkZDY1OGJ5WFdRQm5ST29kczM3TEhwWW1BZjI4U3FRbER1YW51NGYxRG55NXZHLVdUMnQ2RUxrS1NpOXVLN190WWlfcExpaFdNUEo4QVJBbTFRRlRlZGRod1B5Zjk0eFZsZlFsTThNN19PMjAtVUxEektMWXByLUhRNzZDSnlZZ1JRbUpBa1VieFRQRHVZckdBZ1BiSldzWHkxQmRqNG9CSG8?oc=5
2026-07-31 03:00,Morningstar,morningstar.com,Tesla: Reported China Divestiture Plan Could Clear Path for SpaceX Merger,https://news.google.com/rss/articles/CBMipgFBVV95cUxQMjU3bkNqY0RTVjdaTVdpYi1OVzlfZ3FYb0Y0X096RmVUbS1PbXR4MXNsY2NJMjNmdnlRMy0tQkdSSWdOV1QtbFp4ZFQzYm1MVXVNRmxETldZNnNTQ3hpYVo3SU9uME9oMnl4cFR0U1huRTFZcEtqdDAtdTRYN0kwVTFOSWt1VU9VbkcwYWR4TmFHS3FvYkc5UThueTJjTnY5S1lnZzNB?oc=5
2026-07-31 03:00,The Motley Fool,fool.com,Is This EV Stock The Next Tesla?,https://news.google.com/rss/articles/CBMifkFVX3lxTE9meWhFeWRRV3RKTDg4SHYwc0pLYkl5Vk9JMkM5dWhjWWx4ZVBUVEtvNGxlN1JtVnJvRnR0LUh0ZHgtd2ZUQTBnNVdPaWt6aW4zbXNhbmJ0MTN2eEdVWUhFSkFZS2Jzd3lIUlVsMFdwNjJNNFlJVUZhWWI4ZUZlQQ?oc=5
2026-07-31 03:00,The Motley Fool,fool.com,SpaceX and Tesla Are Considering a Mega Merger -- Here's What Investors Need to Know,https://news.google.com/rss/articles/CBMiwgFBVV95cUxNZUhQRGJ6dTU2NFZlYm9WbzFZdm51NEpWMHk2YU5rczJJbkNzN2FRc1ItMDhJcU1HVjNUaU1qX0dKbFhJSVlNSVdGSGtzdDlPd05ObFptZ1MybjBGTk1GRElwdHFWMk12WWhrcUp3MUotZDJlZHN1YXRtVENacEZwYV9pSDRHdHVVOXFxSEFyXzMzaUtxbmg0QlkxeDlwWFBldUJYODQ2VnJzN0p1SV9xX2hFS3p5bmVrZzRiMzhpVEU3dw?oc=5
2026-07-31 03:00,WSJ,wsj.com,Exclusive | Tesla Weighs Sale of China Business to Pave Way for Potential SpaceX Merger,https://news.google.com/rss/articles/CBMiuwFBVV95cUxQY1djcjZKN3NFSzREcmVFdFFLSGtwU2FvNzZNQ3NuX09aVDB5RFluaVpYWUdsN2FHMWxMdl9aNG90SEFSSi11T2ttbW5lS1FObDZSRnlJQ1lMLXVLR1FOcnpNWGVHQ0VvOFNHYW5wYWhhSEw5QUxlWkl2SmJVdnNsN3hucUdvT1RtcHhCR2RvNmtHNUxyZGpxYzVaR29CcUpWTHlKTkpTNFlaUFVxdjZha1VsUzBVNHZXM3h3?oc=5
2026-07-31 03:00,Yahoo Finance,finance.yahoo.com,TSLL: How Tesla Investors Lose Money Even When the Stock Goes Up,https://news.google.com/rss/articles/CBMinAFBVV95cUxOek1iU1huRWlDaDZXNTd5TzlDbW9QU2Y5MzdDYjZUUTFya0xXUm43Q2ZNcG5GaFI4SUVwRm5CdkhsTWtRUFk4Rm5leVdqX1h1aFFqUmVrd0ZjTDJqVXVxU2drYXN3ZWxWamRCMHhvSXVRN2ZlMXRoZFNZMS10SzcxNnZ2U1BEUUdrenR3OXJBZ2dONk5zTkt5cWI2eXQ?oc=5
2026-07-31 03:00,Yahoo Finance,uk.finance.yahoo.com,I asked ChatGPT if Tesla stock will crash again. It said…,https://news.google.com/rss/articles/CBMihwFBVV95cUxOeVV4aFIyeHhhWnJDZ0t2czFKUnIyN04wYWFnUnFxakxpRmxSNWtsakNJQ04zYnp4V2FhcHVjb0dRUUpWVGV3b1B3Y0hYSmJHOFRNTVVDZ0lOTTRKTnpFX2ItX2ZiVmtwanhrT0pqNlNYUzVVUnhaVkVwYl9nMHNsZTNyX0tiNXM?oc=5
2026-08-01 03:00,Fortune,fortune.com,Elon Musk’s fortune slumps to pre-SpaceX IPO levels after rout,https://news.google.com/rss/articles/CBMikAFBVV95cUxOSHlIaW1OTzBCbzFMZW9vSXpHQndBSzRtTmxqbEFqZm1fR3RSTWRxSWpjby1Ybk02aFY2R0E4X09WSzkwckR5QVBjOWdnMWttYVVsNTFZbmI2SHpCOENRZGhrWkwwY0RvcGRsVkJQd2VxU0NTbzRJN1hTaXctdzI2VGZsTzlOY01HTkY1cWNvc1A?oc=5
2026-08-01 03:00,The Motley Fool,fool.com,Should You Buy Tesla While It's Below $350?,https://news.google.com/rss/articles/CBMiiwFBVV95cUxQQ1BINFZzYVB6b1JRd2hCNndDWHFmbXU3aEpEbEFHRGRGeGtRSTFERjh3OWJTWHRWZGZoaVFXZFMzVDFIVlRNS2YtUzZBT3JQdmNvVHJCaWtwYWJsai1kLTFqeURqQVIzbmRXUDZmVGZoRjVXQzV6SG92UUNHa2hKUi1wS2x2bFBlSXYw?oc=5
2026-08-01 03:00,The Motley Fool,fool.com,SpaceX Is Down 19% From Its IPO Price. Tesla's History Suggests This May Happen Next,https://news.google.com/rss/articles/CBMimAFBVV95cUxPOGRFNkxBVE5SOEtWVHBkNm1xdUY4S0w4YTFkSUgtSWFJUTMyaVAyVzVFNjhZbHZ2Q2tSVFB4OXVVV0ZwdnNJSEp6TGhKVzJtNFBVaGVIOEwydDV0alRXM1poWlB3YnFXSGs3MTN6Z1JBeVRRODd2MDJtM0l3My1VX1FoVzJIVFJUWDhmekE5WWcwaWpZQ0xwYQ?oc=5
2026-08-01 03:00,Yahoo Finance,uk.finance.yahoo.com,"Down 31% this year, can Tesla stock bounce back?",https://news.google.com/rss/articles/CBMigAFBVV95cUxNNGgzMHoyT2ppVnIxQkE2TzV1QU1ZdWFBdjdfRzZjcGhmbWl2OWxZcC1nUVJsREp6QnZfUWM2UzRfUFFOcWZzZE9WQkhiSTNIOHVuejNjMksxV3o1MzJ1NnJxTU12UVp5cDl3T09vY2NsYkx6RkY1bXZXd0lqeDNCRw?oc=5
2026-08-03 03:00,CNBC,cnbc.com,"Here are Monday's biggest analyst calls: SpaceX, Nvidia, Tesla, Applied Materials, Circle, Corning, GE Vernova & more",https://news.google.com/rss/articles/CBMijgFBVV95cUxOWlRNcTNraVN0Mk1nU01TOXZYdGdRZGY4Y052c1ZEYkJwZ1JQYU9JeHI0X0dsZjdaYzYzUDFlM3pUczEwTjFsRjVsbEo5RmljTmE1NEYxWEZjLXpEd18wNkw2N3V6TF9PbldjYUQ4cUZTUVhpMVRCRGdjVVdqTkxvZGRCbXV5ZlNwbXVpN2FR?oc=5
2026-08-03 03:00,CNBC,cnbc.com,"SpaceX short interest overtakes Tesla ahead of earnings, lockup expiration",https://news.google.com/rss/articles/CBMirwFBVV95cUxPZFhiaEFUd1lFWVBJckxCZTE1MjQyX1FRQUxMNWpBRnc4dU9VWGFkVnI2YWlockY4azFzdDBWZGJ1UTVyMHFzbG5oQS11M3I4eWMtV1R0OXFnLWVNWklpTk44OFBuN2VIQ2pmVGVOQ3hFaGlGQm9RUTVvQlNGdjB3d0FCRjNCbUN2T0ZwMk5DWXplSVZXc3VfTDk0SHIwN1oxN0RxRF9KN3NZZGFieE5N?oc=5
2026-08-03 03:00,Investor's Business Daily,investors.com,"Tesla Stock Climbs, Brushing Off Safety Probe And Class Action Settlement",https://news.google.com/rss/articles/CBMigAFBVV95cUxQUEdWaHJKSFlrRzVWV25FOE93SktHQ1dDaHBsLTczN19CRDZUY3BXeUs5aGVaWjBLYmRjMTVlS0JsNzduMEpXaWxQcS1TNmh4Q1hHTWs1RE9oWEJaNC12RW8yZ05Rbm1PZ0gteEFMNkVTR3QwRlBJaFgzS3g0VEtzYQ?oc=5
2026-08-03 03:00,Seeking Alpha,seekingalpha.com,"Cathie Wood loads up SpaceX ahead of earnings debut, buys CoreWeave, Tesla, trims Shopify (ARKK:BATS)",https://news.google.com/rss/articles/CBMiwwFBVV95cUxPa2prdXBVd09EQVQ1aEFXcktkRVQ4STl0WmQtY2JPanFHWEVKWFZiYmxUSmx6eXI1VTIyS2g0eFVqai1ENnlGcGVXQ1RWNnpGNFZoNU5DM1ZxRWNxTThxeUxrLXoyTmpRSUxKenc5RnpfVHk4U2tpUjAycGxEVXFremotOVM0SzB6dklVaFZzRTBWTVdJakVfNFl5VTZTSWo5VkRWOXRZbjhvclloQUdacGhURmJ1eGd3VzM0NXlua2tLTjQ?oc=5
2026-08-03 03:00,The Motley Fool,fool.com,"Tesla Missed Earnings by 38%, but Elon Musk Isn't Worried. Here's What Investors Should Make of That.",https://news.google.com/rss/articles/CBMimAFBVV95cUxQZ2hJN1FQNEFzZlFQVzVmRjd3cER0eHNrcEh2QmZzaFpFNTlFdVI0QS1SaWJQcjFnTmZzNERGc3M5TWZiaTlQVmZpUmtXSEU4YVZEcGFCZThmSl9MeGh4UnBOY1JIX1l5cGZya3BGa0F0V3pHY0JHbk5HMnFZYUVvRnAzRHRpTWprSlVKeWhCSkxNVjROWlk2RQ?oc=5
2026-08-03 03:00,Yahoo Finance,finance.yahoo.com,"Elon Musk's Net Worth Down Nearly $700 Billion Amid Tesla, SpaceX Merger Rumors",https://news.google.com/rss/articles/CBMilAFBVV95cUxNQVI3Q2JqSElZM21INEViUkppSk5Dd3NNTGtzc1FPbzJYX0t1amdwYUxES3ZkYU1NWnIzVVg3bmc1eW5jRGlDVGFIcGQ3VVJSOHZsTFpNOEs5MDVDV2czeFdBcXVsVFJJaEhKdUlla1JOQjliWVU0Ukc2VE5zYkJUa1BPclREWWpuZTlJRkQ0UWtQQ2pm?oc=5
2026-08-03 03:00,Yahoo Finance,uk.finance.yahoo.com,"Down 37%+, does SpaceX or Tesla stock look attractive today?",https://news.google.com/rss/articles/CBMif0FVX3lxTE5mRTZCZzhISEljdHduSlN0MVVvQVI1Rk4xSmlpLWpwUm8yS19CdHZXb1FqRTBZaHBJc2NJSFhaREpMVG9UcFc5MXhPTXNSTlVNZmZtMEpjaHRxcU12WGhKZWtvVXU1MHFyZVV1WjdIM0JnRE51M0UwZ0RHNk0wVVk?oc=5
2026-08-04 03:00,Barron's,barrons.com,How Tesla Stock Could Get a Boost From SpaceX Earnings,https://news.google.com/rss/articles/CBMigAFBVV95cUxQaDM3T2hjek1xWnptek5xSjFPVDY1U25MWHlacjJVUm54SGdseS1MSEpkbTZlS3ZyTmw4U2s1cHNLN0NSUTcyRWk4ZHNmS3lvM1RENEYwTTRaY1RlN0JIVjB6WDVvN29qZjQxWkZVSW16a05pUFJ0d3I3STBFVXpvMw?oc=5
2026-08-04 03:00,Investor's Business Daily,investors.com,Tesla's Wholesale Sales In China Grow For Ninth Month In A Row,https://news.google.com/rss/articles/CBMihwFBVV95cUxQVjZtemUtbnZLc0ZXbXRLSWZuYW9aS1lzM0JlOWRqWVA2WkJPbHJLOVViRnFCNVpJbEJTZElla2JBamZucWRIUkF5TWp6cm12ajZnWUFWbXg4aEJXYWVkSVpMNVBBSEQ3UzQyM3NjM2NWTXpCLW02dU02cEFFcU5vQ0xLMGlBN0k?oc=5
2026-08-04 03:00,Reuters,reuters.com,"Market Talk: Tesla, SpaceX merger 'makes sense'",https://news.google.com/rss/articles/CBMiZ0FVX3lxTFBDTGhVdDY3WHhHZFRPcy1vNGRoX2xvQXZic0lxVnk0QURwMm1ncnNaODROa2kxd0VvMWpPeU9McElDRVFfRE0wN0ZZbGl1MEw0U3Q2azVkT0xTaUFIMlpqWi1USFFodjg?oc=5
2026-08-04 03:00,Seeking Alpha,seekingalpha.com,Tesla: This Could Easily Fall 30% (NASDAQ:TSLA),https://news.google.com/rss/articles/CBMihwFBVV95cUxOSVpiYkFKMlhKdldnRS04Qk5QUEN1V25xX1N0d0dCeDE0X3ZBTnpHUGNVelZvalR0M1pZSlN6OE14UU1MQ09iaHJrak9JbTdnWDdxWXFFUDJEMm5GSUhlTkZuQkdsS29LMDZ4X2JPLUUyQkVvQ1F1QkdoQWYtN05hX2ZfVTRNMTg?oc=5
2026-08-04 03:00,Seeking Alpha,seekingalpha.com,Why I Increased My Tesla Position By 50% (NASDAQ:TSLA),https://news.google.com/rss/articles/CBMikgFBVV95cUxOckdYOVhRMDRSWVVYU21sNVpTb2VpOVBIRXZvenVFTFd5M1EzeEd4b2V5dEo4NkNaUnAwX0tUUWZ3UXZNVEhkSHZ4dDJuUnpUSnFNdUhyWDE3dHRBT1VwUFFPRUlEdXVnSnhoN1hxT3lUajlGQVNSVHBSaXRCTGNSeXVTWTNXUC1hMW0yUEFqNEtRZw?oc=5
2026-08-04 03:00,TechCrunch,techcrunch.com,Elon Musk spends half his time talking robots and AI on Tesla earnings calls,https://news.google.com/rss/articles/CBMisAFBVV95cUxQUnRZNjk2dnhpdVNDajZEVG1ybWhWYXlVTmhYNWFDZFRWaGVTNEF2Tm40VmNwczZMemZOa3NGekdhd1dZM2JHdEtfc3JiVEJwMUhtNU4yRUNkVkU4TnJpT0ZCOHVlbmVQLWZNV29aQll3STFNa1FHWnMxSURwaGVMMFpBQWkwSGx1Wm1BVUNWZEp4MS00SDQ4R0FYdjZwRnBPZlcxSGdhN3Fic0h5UHFzcA?oc=5
2026-08-04 03:00,The Motley Fool,fool.com,Better Robotics Stock: Tesla vs. Nvidia,https://news.google.com/rss/articles/CBMihwFBVV95cUxNWlBCWWJjZWJJd2ZsbVlsRTc2VkVxRFlDMFVRSFB2WVo0cUxsTFNRZ2VIZDZETDhad2pGX29Eb2o2WUhodEQ4MjJEMEFDOGZFbDFrRVVFOEREVzJnRVBnQ243Mm5YTHNXcm5kcHZ4V3FLOUQ3ejhVdjk3RTZPNW92M2dZQzhhczQ?oc=5
2026-08-04 03:00,The Motley Fool,fool.com,Tesla vs SpaceX: What's the Better Growth Stock to Buy Right Now?,https://news.google.com/rss/articles/CBMimAFBVV95cUxNal91VU13NlduTWdsbnVpOFk3X0hOVHQ3SUVNNHRuYUd6ZU5NMEJuNG13TXZvNHZmaW1TYmNZaW12X0tqeV9MRVVtV19zc1lQb1NlZHM4dDE5dDNILWc1bkRHU25OTWRIV3A3VU1yY0dCbm9IeHNGTUtwdkxRZnZuc1R2ZGFKQUk4RzMzamxjRjBPOUhwbmVnaQ?oc=5
2026-08-04 03:00,Yahoo Finance,finance.yahoo.com,"Gary Black Says Investors Shouldn't 'Fall in Love' With TSLA Stock, Calls Out 'Cult' Mentality for Attacking Those Who Questions Elon Musk-Led Company",https://news.google.com/rss/articles/CBMioAFBVV95cUxPTEE0VXNLTTVLVXJBR2FDdDVfbmVrY0ltV0h6aVA0WGxZRTJUWWFXTnFWSWl3c0pHcGRaanBKVXNPQldJaExzcE1kUThaZEdKTWJBcWRIWEhUMGtQeHc1c1BrWkV1aTFjdUYzLVhRcUdablpqTUpZa2tZYXRtSW9nX2MwTE1HanZpT1g4QmJGSVh0S01GWlpCaGZWYS1MM2VG?oc=5
2026-08-04 03:00,Yahoo Finance,finance.yahoo.com,How Concerned Should Tesla Investors Be About Its Multibillion-Dollar Legal Exposure?,https://news.google.com/rss/articles/CBMirwFBVV95cUxOM3h0WHg4aGUzRC01cDczWGNtTC1tbXZMZnpMSzZELUkyUXo3NzYtSjB5RWpVdjNTTkRtMDJqa3NNX19fQlpJeERUdVdiTnA3VUUxc3RGZlJPMTVYSUNxajhVYm1TWUt1US1ncFh6LUx3cWdKWDlNZk1MWldiQkFBRmYyZzBBS2o5Qmd3cGFtRUFyaVBnc0FtYXdaeUIzbXVCdnJIQzh6d2VoMmo3YURn?oc=5
2026-08-04 03:00,Yahoo Finance,finance.yahoo.com,Tesla Trades at 140 Times Forward Earnings. Here's What Has to Go Right to Justify This Valuation,https://news.google.com/rss/articles/CBMimwFBVV95cUxOREU5UUtVaWhoajJTMnhSOXNrek0xUEpDZHgyODcycXd4T0dOUW1ZcGZyQUg5ZXNNM0Ziam1wUnFXNnF4Rk45NWVYS0U4OVF4LVBqYUlSQlQtSjNwWkxBdVZJX2ZQT0k1VnBNMWU2Q2FDMFZjNE13LW1fbkh4RFNLRmdPcUsxa1VDeXZmMzBjTExsMTREYmxjU1dobw?oc=5
2026-08-04 03:00,Yahoo Finance,finance.yahoo.com,Why Bank of America Remains Bullish on Tesla Despite Weaker Q2 Profitability,https://news.google.com/rss/articles/CBMingFBVV95cUxPblRsYVhKUEFyRUJ1SGhaaWNkTERxT1VhOVljd3Z2OHhMX185eXdCNlJLaEc4aU1VRXlpdk5ELUE0WWpMWF9yX25ONXFWQ1RIcWNZRXlEUlZqUENRdGtDOEpyd1VWVXEzME5mNDRldmxJY0JqTUR2ZjdfR2JnaEFSb1B1VUVzelp1bFBxb2JfWG9FYnJzTjVtNEphLTUydw?oc=5
2026-08-04 03:00,Yahoo Finance,finance.yahoo.com,Why Tesla Might Be the Better Elon Musk Stock to Buy on the Way Down,https://news.google.com/rss/articles/CBMilwFBVV95cUxOSTZXZ3Z4NHdsSUo1V0ltdmNVOTRaZHJvSFZmRURKQ2JzbkVLMjlCTnJycFhGbFUyb1o1eFdLQlJqUGg5XzJ1X2dvbnJNTWsyTHpUWE8yZmNqbEZmMFhINktKNDltakItT1ZsNUQ0Z3F4ZmtIaW5kOTdpMWJkaWdTcktDeEtSYlk2QU9oRnJNMWhhZ0ozdkFJ?oc=5
2026-08-04 03:00,Yahoo Finance,uk.finance.yahoo.com,Here’s where the SpaceX share price could be in 16 years if it performs like Tesla!,https://news.google.com/rss/articles/CBMihgFBVV95cUxNalVrbFI2dzJ4Z2FKT0tmQjNFU25SUzQzVXE0MExrNmJDSE54N2tFUzlldFUxazgxS25nbTNkWVctTWduOUVnRncxMDBEaWJHTTRYMVNpOExPUnRCMkpWU1FPSlBXOW5oSmFWVXUwRlFDQ3hVdEdKMTh3cU1mSUlWSjd5Rzg3Zw?oc=5
2026-08-05 03:00,CNBC,cnbc.com,SpaceX ramps up Tesla Megapack purchases in Q2 to power its AI data centers,https://news.google.com/rss/articles/CBMif0FVX3lxTE1HUG9NNXlkckZyZGl0MzVqVVpXVV9XLThkdkZQOWRMaVJYT3RhYk1Tck1rZlVxVnJmZnJzbGt6M2pIVDNOTEtvaE9TaE1OblBfelR5aWx5TUdta2FvXzN2Xzd3QjVjc3lsTWZfSFVuMUhOR2x6OWp3Mm5VUjNBZmvSAYQBQVVfeXFMTVU1alVxT1pDZTd2eldJSkNpQVdPMEljVE5yVnl4a1o3bTlMMTZJMWJEc2FPOUgyeTNQdkkwcTJzUm9QcmFCdjhRVkZRZENJUEFWNjZ5SmpPSklLazNqLUhQTkc1eThMS0FpdkdWU0NweVBocVp2TnZCb3FJU1dhWTVsZk5j?oc=5
2026-08-05 03:00,Investor's Business Daily,investors.com,Musk Says These Tesla Products Will 'Dramatically' Increase Starlink Demand,https://news.google.com/rss/articles/CBMifEFVX3lxTE5LOWQ1N29mN2htdTMwa25ZcVNGWE1GV0h4NndxTUotNUtWQ1Nhcl8yT3YtTWNZZG1ROEliNExiUXp6ZnFLUDEyWVVFalp5RzBTUU1yVG5xbzBEaWk4NnZ6N1JndXcxOUF4emxWUU5jV0lrWGNDZlNrOHA1VzI?oc=5
2026-08-05 03:00,Investor's Business Daily,investors.com,SpaceX And Tesla Earnings Have A Similar Theme: Capex Spending,https://news.google.com/rss/articles/CBMif0FVX3lxTE5NaFdibHhaMFo2Rk5GcWRnTS13V2VOUHpmOWxYaWxEQllqZkJTcEZVTjRreHlYQk5Nci1CcEFMcHd5MkJLMkxmNV9nWWFyYWdGYWpOX08ySGJJOENqQVl2REQzZ2kzcURNS0R2VlpGQXQ5bGVpbmZjeHpnR3oyVUE?oc=5
2026-08-05 03:00,The Motley Fool,fool.com,Cathie Wood's Ark Invest Has Built an $870 Million Tesla Position. Here's the Thesis Keeping Her In.,https://news.google.com/rss/articles/CBMimAFBVV95cUxON1VfMUNoRC1UVjVPTzU2ckRpQmFodHdDS1Q2MW1yLUlsN2xzWDFWQmVxVlVxVzNoNXFodURMUzhaQ2tjR0d5MkZLMnNQSFBQajgyV1RBZnJUWkU5VzgzbVFpaTBBaTVFZFVYZ2I2RGpQU2tkN01pdlZsM3ljNDVPaHk3c2pCc2tMMmdudkVyZG5NWklPX0ZaVA?oc=5
2026-08-05 03:00,The Motley Fool,fool.com,Should You Forget Tesla Stock Near a 52-Week Low?,https://news.google.com/rss/articles/CBMilgFBVV95cUxNYzNUTlg2eVd4NDdJZWlCaTZSbktEcmFnT0ozRE1yTXNNTEZHN3U4T0s4Y2g2UlFSOXd3d0ZCZGxEeE1pODhzQlBQT2pGLVNvQlNOM1NKV25fUFEzazBxUC1LU2JOUWc5ZUVWaDhfM0tFX1QyYVE4M3RMZmxUaTB2TlAySGZwSzVGZUhzaVVJZEYtbnNRSFE?oc=5
2026-08-05 03:00,The Motley Fool,fool.com,Tesla vs. Rocket Lab: Which Is the Better Innovation Stock to Own for the Next 10 Years?,https://news.google.com/rss/articles/CBMimAFBVV95cUxNVC1XWGJnNFdFbG5tbDJfNm9Jc0p1LTJZQkhZbExYRm1PQmFDMGdiTUNtODhUUWE5SjdqMXB3TmRGM2J5T21TbGF1dnZSZG4yMFNvMUdzLXBnZVpTelpZbV9hVmZxbk1IX0M1M0VzSllJcEtCUW1QMlFmcUt5aWMzbm5fOG5RdENOZXpfTEFaYmpCRFZZSTJDTg?oc=5
2026-08-05 03:00,Yahoo Finance,finance.yahoo.com,"SpaceX Stock Slides Premarket As Nvidia Deal Clouds Tesla Chip Plans — Musk Backs $10 Trillion Bull Case, Taunts Crowded Shorts",https://news.google.com/rss/articles/CBMiowFBVV95cUxPaEJwalJhVTdsOHpNVThWSWU1dTZvQURrUmN0OWRpcm5mY1FKblh0LVNnSGFWa1hfMS1ma0c5WkF1REhrOTE2MUZQZFZPNWlHU2d6LWJ6YVREWGJFODhxR09fdHFEUmNQYXl2RDBSaDhvMUdidEtGTkxKUUdmM0lkRVBlay1ZUWs1VkZLS0tRYUd5VXoyVnAwbzBTU2RxVzVHMEt3?oc=5
2026-08-05 03:00,Yahoo Finance,finance.yahoo.com,Tesla (TSLA) Targets 1 Million Optimus Robots A Year,https://news.google.com/rss/articles/CBMimAFBVV95cUxNUi1RWmJvMXZCY0pJWUl6RjU2cWN4amhNSjlkT2xNN2RIcTIyenBJenhZTTEyXzl4Q3NfVkw1Y1RJVW1DV1BzaWg3QmwwRHBXaDF5YXctSVFmRC1wNXBMN0U1MW1jaFhNZEx2YWVYeTBjOEZhM3J2QWJtQVhuZTF5SFlzVEhHN2Vja3REdzZ1eEFtc0lXMElLNg?oc=5
2026-08-05 03:00,Yahoo Finance,finance.yahoo.com,Tesla May Ditch China for SpaceX. What Would That Mean for TSLA Stock?,https://news.google.com/rss/articles/CBMimAFBVV95cUxNQ2tEQVRRb0RWR29wYzAwY0ozOHI4NnhlVkpSaW9xTTlnNVNCMWNxUmFhRVk5X2ZBRG9ySzR1a2tfS1BnSGJxRC1BNHJyMTZzdm0zbGtfdzVCckdpaHQ3LTRyYV9lOTU3MENlQ0ZPTzBoWVRMSXZlMWdtWGxucmE5TjExVUdmaWlzLURzSTkwdjVwN042RDdGdg?oc=5
2026-08-05 03:00,Yahoo Finance,finance.yahoo.com,Tesla vs BYD: Only One Leader in The EV Race,https://news.google.com/rss/articles/CBMijwFBVV95cUxNUGk0WHczMDZ1X0J1aTctejI1N01sTDd1bzdQb3lLRVRHU1J1eDBrQjJhQUpDdzV2UGQtYm9LcTFJeTBMM1lCa2syYXc5eUQwbFlHUWpCbm1aYkZyX2xCRjJ1bUs0NlhLN2lJMzk1R2R0MDZ0bnRPQ3N3aV90T19WS3Q2cDBYWmtIc1NCMVF1cw?oc=5
2026-08-05 03:00,Yahoo Finance,finance.yahoo.com,What New Tesla Vehicle Tests Mean for Alibaba Stock,https://news.google.com/rss/articles/CBMingFBVV95cUxObnAzWDdqOWE5R09ndGpoV2hieHFtaVBEYXpDQkExR0FQV0VPUmpEaG02WmpHYVdkQ1JsVzVTbHNxVUlUMzhoTGtFMDYzVV82UUh0SE9KVk9xOWROTXZJdWN5N3hHLXh1cUpMLXZscEdsZFZvbzBPRVR4d0tENkY3RnlUWjVMaGJMSFRBcHN6MEk0SEgtbTdrMUxMRlNwUQ?oc=5
2026-08-06 03:00,Investing.com,investing.com,Tesla stock is down 30% this year: Bargain Buy or Value Trap?,https://news.google.com/rss/articles/CBMivAFBVV95cUxQZEJOQ3VMZktlWjdNcE9fc1dkd25WSUE0RV8zVmVJdEQ1YXZURUh4RWZ5b3pJZHZLVjdDNXhPclYzdE93UnpEb0RIS3o1MmdmRHJ3aDR5RXEwRTVFU2ZhaDAtc2FSTWRIelFSNXpjZlp2dEl5QTNLNy0wNVNqSWpCNmI4M0U5X1c2RUN3TVdlS3VfUU9ySkJvWndxbWhxVHRmY09PbUdEWExQQjkwMlVZZVdpN3dDR2M5U3JWMg?oc=5
2026-08-06 03:00,Investor's Business Daily,investors.com,SpaceX Bought $295 Million Worth Of Tesla Megapacks In Q2,https://news.google.com/rss/articles/CBMiqwFBVV95cUxONG5PQUpNTzhsNENldFQ3SFZpZ2pDRTlZRmYyRWNoTlNYeWlqaGptYXFHaHZvZTdEZTQ1WGNHc3Eyd1N3eWNMSkRWZEs2QlJtaHE1ZlpTaDlZSWZXVUhDSEFYTEJBb0FFWkEzRGtmeVUxRlhmaUZOQXV1WmE0VWNEM3hPUGREdmI5UnhKcWlrcTFNX0F6cFRFWDRvSG9COTRFQkZEVGNRM0VwXzA?oc=5
2026-08-06 03:00,Seeking Alpha,seekingalpha.com,Tesla Is Still Far Too Pricey (NASDAQ:TSLA),https://news.google.com/rss/articles/CBMiekFVX3lxTE1DYnlKREE2cktsM3JLSldweVd1dXpoTG8yMzVPR3lsQ0FCaDdxR0s4ejA0X1RVOGVVMldEcmZ3NmhJcGVhZlE5SWt2RzVTcy1iT3owWEVGUzc4R0JuaGV0YjhwOWtteUREdlU4ODBJN3cyM2pIQno5VW1n?oc=5
2026-08-06 03:00,Seeking Alpha,seekingalpha.com,"Tesla Stock: Premium Valuation, Compelling Long-Term Upside (NASDAQ:TSLA)",https://news.google.com/rss/articles/CBMilwFBVV95cUxNaUlVelI3MDNrRnFwX1BhUS13T0VCZDRyeDE1cXp5Mjdfd3N3X0NaamJvTmwzM2pidGdMLUt1ZW5PcUZGanBJVU1nTHhWMkEybHBnV1hsRGtiaVdFSWpBRjFMT0JzSVdGVkZOTkNEamd4OHZ3bTh3ZVNHZGU0WmdmSG5JT3MtLURUZGRDdjVfdVhwLVRVVGk4?oc=5
2026-08-06 03:00,The Motley Fool,fool.com,"Elon Musk's Tesla Suffered Its Worst Week Since 2022, Wiping Out $130 Billion of His Fortune. Is the Stock Still a Buy?",https://news.google.com/rss/articles/CBMihgFBVV95cUxNamhlamdPV1RDMHZlcE12dDR0ZWVCQlVUQnV5bEI5OWFLZGJXTXZyNGJDeXJHcmhVUGlFaDFidWJhYVVlZWIwNmdPaXBfR19jdGlMdmtyTVNrU2pxbkM4T2xkbmh1UFRmRTY3NmZ4eDBrcGk2Q2ctb2g5NG10bi1oYmE5YnhBQQ?oc=5
2026-08-06 03:00,The Motley Fool,fool.com,Prediction: Tesla's Share Price Dip Will Prove an Excellent Buying Opportunity,https://news.google.com/rss/articles/CBMimAFBVV95cUxOY1RNRDB2aE41b1JBZXpCOUNlT0pHYnBkdWREcXlqR3dVeTVaTVEwSDFIS05fU1RoeXNCclRyak9yVE5NUjh1Y012RUMzQXZvNmJSV3RiUEhBcFFsVEZ4YXRBNjBxQVNuLUR6dzlOY0d4UVd1SjN0bFNxU1ZhaVdtRF9yYVMtZjBNMmE4ODNUZEtfVF9memJLRw?oc=5
2026-08-06 03:00,The Motley Fool,fool.com,SpaceX and Tesla Merger Talks Are Heating Up. Here's Why Investors Should Pay Attention.,https://news.google.com/rss/articles/CBMimAFBVV95cUxOX1ZyUVNJV19pQmE2cTV6MW1sQXVKTVc3ZWswM1hkQ0xBSTNLWWF3bXdsUGpvbmJONmotWFEzLXlmZDNEdFB2MEVKR2t0M3NMYkN5bFJPeUg3cUdwZVE5NnFUaGNvMUJHUmJZUUlzdXlTLS1jdUhqSmhaSTRodEZzVVBGUEl2Qm5HWFdfb2dEOHJ0UHZJVFE2Qg?oc=5
2026-08-06 03:00,The Motley Fool,fool.com,Thinking of Buying Tesla Stock on the Dip? Here's One Green Flag and One Red Flag.,https://news.google.com/rss/articles/CBMimAFBVV95cUxOdERFbmNIanpxUkxyOHBZT3dWaHItcWZ2bXEySjdWRnoxejFiZkI1UU8zVGh6d0R3OFJHM2ExNWR2WjFBc3NSbzV2V3pnbkNici04RW1ONUpZbUlRbDJhLTd1cGRWdkdSdmRXOEZaYU1BbVhMLVZfVmxkdkEtWVNFMkpjczhJSTd1a0R2M21KS2hncHRKREVuQg?oc=5
2026-08-06 03:00,The Motley Fool,fool.com,Why Tesla Stock Plunged 26% in July,https://news.google.com/rss/articles/CBMigwFBVV95cUxPbUI4UDRPUzBoaTBJd0Y4a2w2RDVFVGt1NmJaT1p2Szc3TVJVQ29TMUNhUGRMUWp1bVhFQVZ2ZFpXelk2aUFrX3ZQcjdBT3A2ZkQwVUpjWlFYbHRSeHVlSDR1T3MzYWlYdjlyWHlMTFl1RllVeXV5M1lIU2VMVlFMWUV5NA?oc=5
2026-08-06 03:00,TheStreet,pro.thestreet.com,The Surprising Tesla-SpaceX Correlation Investors Can’t Ignore,https://news.google.com/rss/articles/CBMioAFBVV95cUxNazVzUThwYmtFMUltNjJJSExXTGpSWnUzdG1lbkMyRkVKMi1UbUY2OTRHd1NOQW9vcloySmt2SlZsQmpIUTM3ei1FZHVPYlhGVDZBXzFuOFY1SmVuaEswbWN0c2RlMlhqSkgwVnN6c3VRdFA1eUhBX25TSkdTa3JWbEZ3Q1ZWMWRfMC03NDBsdHRvdEdfU2JSekg3WjVEcTJh?oc=5
2026-08-06 03:00,Yahoo Finance,finance.yahoo.com,"Gary Black Says Uber, Not Tesla or Waymo, Has the Best Shot at Bringing Robotaxis to the Masses",https://news.google.com/rss/articles/CBMikwFBVV95cUxPNzhjdzI0bzJsYjBHWmlrQjBvVWRTeXA5LUlwaHpQQl9pdmV6aVVmX2lJb0lCQUNKalk3YlJ3bXRneWY5TFlMSWxqM0RudG5NSHduUGc2NUZzaERYVGlPd1FWSG5wM1FLQ2g3Yk1zVEltd081RW8yYzE4SFlBLVpITGVYZ0FOSG9zTkYwTUs4Ukk2UlE?oc=5
2026-08-06 03:00,Yahoo Finance,finance.yahoo.com,Huge News For Tesla Stock Fans,https://news.google.com/rss/articles/CBMilAFBVV95cUxNRUJsQUxVcHk4QXFQc3FFZGFkU1VDU1NHZDhYOTlUQm8zVlV2ZXFxNldCY1BCd3dGeTAwN1lXMVJ4UDFBNXJZajJvSGxUbE9ZRXJIVDg1ekNWZUZxd0lIenFEUzFaNFV3UG1zYjI2NkszNEJsNWVBRDgwZkxneWVVZ3RrTEN2eDRKVDZNRzJVWHZtZTNG?oc=5
2026-08-06 03:00,Yahoo Finance,finance.yahoo.com,Tesla Continues to Crater in 2026: Why One of Wall Street’s Most Controversial Pros Expects 100% Gains,https://news.google.com/rss/articles/CBMinAFBVV95cUxNZzVnc2ZEb29iYjJ6NlBSZWpzVHV2Vi12S0JVbGxpUEdsYW1QdWJKajZ2UzZvWmt6bmpZdXdjdlJnVzNtUHhxN0FTSkk4ampnWGxfTllEREUwdkJCY2lMdERnbTVORXYyV3VZNnQ2ODZKblBHal9ROXdfUnhjdEpyNWo1X3pRenFodDVYTHJ0SjdXRGFIQnlIU1hsOFg?oc=5
2026-08-06 03:00,Yahoo Finance,finance.yahoo.com,Tesla or SpaceX: Which Musk-Led Company is a Better Investment Now?,https://news.google.com/rss/articles/CBMimgFBVV95cUxNbS1FQkFKU3VXLW5ZYzhvcE1EdUpza2hsVm4tT09yek8yUHN4M1ZfSXlXUVR2djIySG5qbExCMkdGQ1pxUk5JWDZ5MjVhUEthRmc0ZWxRenp4Ty1GQktuSGxwWTNiVnBWT0V2QU8tTTdFWXBxYnozcEhEbm9taWdqa2htdVI4REZHdm12am4zdWFkMXhyVzZpcDZ3?oc=5
2026-08-06 03:00,Yahoo Finance,finance.yahoo.com,"Tesla, Nvidia or Meta: What Would Kenneth Griffin Do?",https://news.google.com/rss/articles/CBMinwFBVV95cUxOUlV3bHB0QmhpbzY5eDIwOGV5WWFPV0hMLXdRbTBISGotbmhhTmFRSHAtMDFVZDFVcmNTcjVWQTVJWGl1Nlp4LVJkbDBvNTdDUGNYZFpfOHVoMGg3ZTFXdC04Rk5keDBlSjZ0Ny12cXZOZzBPOGlaRFpEUkNRMlhvS2ZIZnNVdHV2eU95YkZCM0hMWDF5TFF3UEdzUS1ZM0E?oc=5
2026-08-06 03:00,Yahoo Finance,uk.finance.yahoo.com,Here’s what £20k put into Tesla stock just one month ago is worth now!,https://news.google.com/rss/articles/CBMifkFVX3lxTFBZT0dGU05yRURFazJvTlhPbWtrMkc0Ulo5TmtrOW1xN0JEU2ZjdVpCbWx1WElSRGpTcUR0WlhGQ1hMOHZzVXk1aWtyVDZWVnM0aTB6d2VqNWFHUWZUWUh4dlo4SEYwODZUWjU1SUNWOGZXdlluemRPTUJYaUNFQQ?oc=5
2026-08-06 03:00,Yahoo Finance,uk.finance.yahoo.com,I asked ChatGPT if the Tesla share price could crash like SpaceX. Here’s what it said.,https://news.google.com/rss/articles/CBMihwFBVV95cUxOenVrR3NRdk9Pa3hUUktUSDZCOW90T3JUNFJhSThuMmdNTkJMMnUyVktjanpfWWlxcTBqUEVING9fLUMzcHdOS2p5MVo3VHdzc1hoLXJCbzZyZXhtSGpXallTbThfSG9Kb1NSVnI4VV9EcVZkaVZFRUNJQ29rQ0RwcmQ4OUtMRlE?oc=5
2026-08-07 03:00,Barron's,barrons.com,Tesla Stock Rises to End Good Week. Thank the Usual Suspects.,https://news.google.com/rss/articles/CBMickFVX3lxTE94ZWM1ZmE2cVVPdXNrZ3BRMXJfVXNYbkpYMUU4VDk0ZDlraEdGRzk2VVlsT1hBY0psbm5aaE0yR1dWdG5NTkNRNTltSlM4WUdRS3d1VnJNWUttaHZPYS1lX0o5VUU2RlRKSTNMN0ZBZy1EQQ?oc=5
2026-08-07 03:00,The Motley Fool,fool.com,2 Reasons Tesla Could Monopolize the U.S. Robotaxi Market,https://news.google.com/rss/articles/CBMimAFBVV95cUxOalk4RFV3Z0VKQkJpNzJGTEJQTkpZMU4yNEJkNWdmM1lCYzdkeVpiSVYzS1FlMmViamthODRxOFktT3VUZzdsZW50T2RCeU80dnFHUTdRWmJRb3lqdFI3TkpuUlF1VGxldjhWUkRZY0tOODZYa0E0QkhfZVZpb1NyVlhuUkNOazdVNldnUl9TcHR3aWZ5d2ZGYw?oc=5
2026-08-07 03:00,Yahoo Finance,finance.yahoo.com,Tesla Jumps as Rate Fears Ease,https://news.google.com/rss/articles/CBMilwFBVV95cUxObDUtWW01TnB4dWwtNFFsMW4wVG5Cak9sczFHZ0pKeGxybXJ4QXd5OTBXUGNrVTFuYk8ybjlDdzAwc214S3ZQMXQ2OTBwbENoWVhrUlF1dmZBYWhsMTNMVVRKdWV6RU05ZWhGX0NKSHdVbVdnOWNXVFM1b1RVTGlvVFBLRHdGM2E1WUpobVZtSlJPekJsNEg0?oc=5
2026-08-07 03:00,Yahoo Finance,finance.yahoo.com,Tesla Stock Jumps Nearly 4% as $16.8 Billion Terafab Breaks Ground,https://news.google.com/rss/articles/CBMilgFBVV95cUxOcEpScTZERE9oclpOcHZWeWE3QVhSakdxbEYtUWo2X1c0TFk1cVlSLUpvdnlwSFFSTVozNGZoYjl1QWxSZnVqMjN6M0w4WW9DQVA3YllKYlVlNTJSdERQLWpoU29mVXVxUWFIUFBpTWd5X1J6cVRkVGM4bVVBMmpPcHJWUUcxTS1rNkM1S3I5clBRWGJKNkE?oc=5
2026-08-07 03:00,Yahoo Finance,finance.yahoo.com,Tesla-SpaceX Terafab Bet: 4 Chip Equipment Stocks That Could Benefit,https://news.google.com/rss/articles/CBMilAFBVV95cUxPTXJIdFFuUi1PMlRlZHNKbk4yZ2RSU092T05rUFZqLU4tcUd6NHNtR0RDY3QxZlpJNHBST0JycFZVZVFveVVmYTlEYk5fRmxSV3JzcUZ2YTFmUzhFLWZqWEUwbFJBcThyWnFWVWNMTVRUUG94RGd4eGRuU0pVekhEaWJ3TExmZlNNWWFQdnNCSGcyYVNQ?oc=5
2026-08-08 03:00,The Motley Fool,fool.com,Prediction for Tesla Stock in 3 Years: The Bear Case,https://news.google.com/rss/articles/CBMimAFBVV95cUxPc0pvWVJ0MnpKdENFT3h0WjZEcW1SdGc1RE5ZUE5RTjdNYzEyV1RqSkNMTTFSMUQxX0hHVWZzQXlkZlowYTEwMzlEUks1cF80elloV3VkWWgxa3paeVBYSFI0NG4tRm83cG9heEZjWHQ2MFRUd3MzbktTTHUxa1ZSamNLQTVzLTZqRDlJelloaTI2aHZxX1RPcA?oc=5
2026-08-08 03:00,Yahoo Finance,finance.yahoo.com,"Elon Musk Owns 20% of Tesla, a Stake Worth Roughly $200 Billion. Here's Why His Ownership Level Matters for Shareholders.",https://news.google.com/rss/articles/CBMikgFBVV95cUxPZzh4b3BSMUxYc1B6bTF6N3BjV3A4LWl5cXZGaTUzSkxKaUg2NGdCVjVxc0N5LUk5WVVubVR4bnpYX1haT3VXbWNkZGQwb1hIT1Z3ODRNSl9Ca3JTNnZaTmRfYmNpRzVKanZCQTlHSGVlNy16eVE0M1huazBzMkQzc0U0TlBONmRDSUFJeWJ1MFV2dw?oc=5
2026-08-10 03:00,Barron's,barrons.com,Tesla Stock Slips as Army of Fans Fails to Help It Claw Back Losses,https://news.google.com/rss/articles/CBMif0FVX3lxTE1BLXRSQ1VOQjZ6RHJpUGZqcmZJc0xVRHpIaXBFbnQ5VWJ1RnE0MjdwRTVDUHdsVDdTUUM1cXVOaFB2X0YzLUlSbEV4cTJVTTZhY2dkTy1tLWlWeXJHbFN6TjJvWlFMRGZ1Q2ZQbjNJcXhfcmhxak9pQW5wTHR4Q1E?oc=5
2026-08-10 03:00,The Motley Fool,fool.com,"If You'd Invested $10,000 in Tesla a Decade Ago, Here's How Much You'd Have Today",https://news.google.com/rss/articles/CBMikAFBVV95cUxPN2dydFoxVDJVZDRqREktOFIxTGw2RmU0dUpFMGw0b3hfZkRESDN5S05keDlWRmtOVkxKTmNsbENNSkRDeTMta2hkVVRLT2t5Ul9MNTBZY0VrVEtwTHJkd3B5Yko2Y1ltOXRtTFRUTzhDSGhoY2J2cnN4YWxvUVFsNlNHVDVocHlsdGQzMHZKam0?oc=5
2026-08-10 03:00,Yahoo Finance,finance.yahoo.com,"Cathie Wood's ARK Bought $40 Million of Nvidia, Tesla, and SpaceX During Last Month's AI Sell-Off. Was She Right to Buy the Dip?",https://news.google.com/rss/articles/CBMilgFBVV95cUxOa0I0YzFob1NNY0FBaW1CNmRqLVBWbnhYRUJrTFVSZ2htaUZJdTA2NGQ1TGtxXzNiWndKVHlvUVBOTWJqazNyMFZteWNhSGVGMnp6NUxRd1M2T1dEMHR1SERUbHhJOUd5RHBJX01LdXlycENsWXZoV0thMGUyRVlURDA2QThkV2ZBYUF3dl9IdTJkcXJRNkE?oc=5
2026-08-10 03:00,Yahoo Finance,finance.yahoo.com,Tesla (TSLA) Rumors Swirl Over China Split Ahead Of Possible Merger,https://news.google.com/rss/articles/CBMimAFBVV95cUxNc25XU3VvR3BLZXdKa3VlY2UtMi0yMDQ0cl9iRDY4endPWC1oUGdMM3l6UDdWNG9PY2N2M2x2Z0RFSDFKZnRJZl83bnhOZ2Z5Sk5ZTTZSdXBoeHNkMFNWVmVwdE5ZMG1TWmxOcmVKbG5jRWFqa3J2anN0c0pNOF9zZ0hSTWJick9TRnFZQm9rcE5SU3BCLXNrZQ?oc=5
2026-08-10 03:00,Yahoo Finance,finance.yahoo.com,"Tesla And SpaceX Are ‘Net Better Off’ Together, Cathie Wood’s ARK Says As It Predicts Merger Reveal This Year",https://news.google.com/rss/articles/CBMilwFBVV95cUxOeWlIV0tGNTZ1WVhJaXF3cVNwcGRJS2VqR3A2UXJnNHJsTDQ2dV96OXhDclhndXoxUG9ZLWRwYWtOLUhuenFXTG5xUzhCZVVjVFcxdURETm9fcmpLTjE3OFBCejNuWDNEclB5V1VwQTZiRlFmWnBBczJ5NEJ1eE1tbm9GdFl6Y2JDMWNaVHRFTXQyM0Zjb0U4?oc=5
2026-08-10 03:00,Yahoo Finance,finance.yahoo.com,"Tesla Has More to Prove Than Ever, But the Upside Could Be Huge",https://news.google.com/rss/articles/CBMimAFBVV95cUxPSzRoNTdCU3p1NGRwMHpJbDJKbzFfeDdycFMwUjZzdEJBRW8wdy1EY0k5cDI0LTI5SlJsMV81ZkZPNGpPeW5tbTA0M1VEU1RUaHBjOUJFSGs4U0ZvUmJqb3BISU95Y19LU2RpbHZmUWkwcVRPR1JqUEdrakFzaTB6clFGZVRQX3Jwa1R0cmJrZnRmdXl1RXptXw?oc=5
2026-08-10 03:00,Yahoo Finance,finance.yahoo.com,Tesla in the spotlight as NFL's 49ers head coach says Autopilot may have been engaged during accident,https://news.google.com/rss/articles/CBMi9wFBVV95cUxOd3ljb0pOSnc1TXhxMHNHNkhBMTQ0Nm9OUk8xUGJXRUNBQ29LNENHb3RDdkR4Z0ZMVFlNNXVFc1pGTmkzeUV4TnVxVlp3TVZHa2R4X2ZfbDljUUJ2X1F1X1VMbThReDYyRmJjVnFabXRaQzh1ZnRKdG1iNmpGanA4Z1d5TnJwQXhwUl9HdW1QX1ZhVVM2eHh0clBDbVFoLW9BM3B5YWVNa1lJdHliVExCSWVJSWs4NS10WEctQWZhX093eXdxdnltc1F2S3JjOVFkbGZwQ2oxdlE5LWtZbFpkbFhzMjBBdEtCWjhtczlXUFJRdG1EMnJN?oc=5
2026-08-10 03:00,Yahoo Finance,finance.yahoo.com,Tesla or SpaceX: Who Benefits More From Terafab and How,https://news.google.com/rss/articles/CBMioAFBVV95cUxQODFzUnZfVjRuUGJUeGxHdVRDMTkxUmdOR2tEVlF2VF9fdWhxUE0yUlo0LVA4WkpIZTA1MWdCNEJFaXNIOFRYdWdJcnlFQWlDOVN5Rmxta3RabTRvM0QwNUZGb1VyZ2FmOU1falVrUWYyVEJjakNpSHFMVFlUZUhzVGhuMFNjbmJvRmZOQjdjVURiRVhfMXNua0lRWGJsZGFv?oc=5
2026-08-10 03:00,Yahoo Finance,finance.yahoo.com,"The Zacks Analyst Blog Highlights SpaceX, Tesla KLA Corp, Onto Innovation, Applied Materials and Lam Research",https://news.google.com/rss/articles/CBMiowFBVV95cUxONEVqNGJRQVByR1hXQVJZb0MzUmJJTWxVYng1bGYwS2dnYUhiZlJEaWMzbVQwSks3M2drSzAyYWNuRmhkeUtOdEUxelRQRHkycGxLOGNISDhsbFhtMVREWDlISHcyZS1fVU1fcWE1TGVzcXgxczhXd3QwdzhaYXE3N1VQNU9yUHM3MHFXbE5RcENhQXd0dlh2elNFMUI5TjhCbTg0?oc=5
2026-08-10 03:00,Yahoo Finance,uk.finance.yahoo.com,Time to buy Tesla shares at 32% off?,https://news.google.com/rss/articles/CBMifkFVX3lxTE9haEtBZ0MzQmRVZWstQUVnQTRrZzlPVTZrVjFBTFdLeFNpSVJxMkhFNVNiaTVKb1gtTVh1VDgwWXpJT2wyQ05wQV82Yk9JSGhRcjJfTDhpM3lRZDJpRFNReXREMS1aNEhMbjUwS0ZfMWFlZXI5QXRVaUpWaDl2Zw?oc=5
2026-08-11 03:00,Barron's,barrons.com,2 Things That Will Reignite Tesla’s Stock Rally,https://news.google.com/rss/articles/CBMic0FVX3lxTE1RTi1BSmQxUzFuZy1LR0k0Tnl6ZWhQZzNPYkpvU1RVRHdXTHpfczdkR0ZRR1NMRDJqSkZhcXhUaVBPSm9fQmp4RjJ5RTZ5WFV1THZENlZ2NURyTTNYZTR2MC1zWUh2aG53azRjcWJET1pZRUE?oc=5
2026-08-11 03:00,CNBC,cnbc.com,"Here are Tuesday's biggest analyst calls: SpaceX, Nvidia, Tesla, Apple, Best Buy, Boeing, First Solar & more",https://news.google.com/rss/articles/CBMijAFBVV95cUxPVjdRR0NWTF9aVGl6bGxpaXlCLUtraElRMVJmc3p0UTM4WHllUDhwTFJxOUVUZk9qRWczZ2dZeU80UGhwSnVqU0RDczBXVjZsV19mTE11ckt5bTNpYjVUbEZhbGdzaGhJZUNtOS0tYVUya1JNVEpNQ2JvMWY2ekxOUVF6REJ0cmNxalM5Mw?oc=5
2026-08-11 03:00,Investing.com,investing.com,Tesla needs Robotaxi flywheel proof to boost investor conviction: Morgan Stanley By Investing.com,https://news.google.com/rss/articles/CBMi0gFBVV95cUxQZXZIRVhWc0xrVEQwMGNrRnktNDZyZmZSNDdrS3d4VnRxRVljdXFpaHpVOHVEb1ExZUZnUXgybDd6RlJpenlkMnExbUNOUk85WU5rQVUtY2xMY3JWMmtybFFwVURnRkFFamVXS2RSNkhQU3hfYTNxcHJ2MFNQaXhreDVpN3F2SlY3OVcxQ3VkZXI3WlFKcUQ2aWF3LURWNzBaYk52dms2RDAwcjFEUXd6RGR1SFkzWTFJaG1EakdlRDVqQUdHeWQzbzdlWGhZN09NRFE?oc=5
2026-08-11 03:00,Investor's Business Daily,investors.com,"Tesla Retail Sales In China Drop 32%, Even As The Battery EV Market Gains",https://news.google.com/rss/articles/CBMikwFBVV95cUxNWHBWRUJYV0gyZGNqZTlScXgtMnpZbC1nZ2M4MkNSM09TakdKRXN1UldhZzR2M2NaN3g0ajctdnZoLUhZVzh0WXZwQ19kMzIwTHRFdTVLUWI4VHNaVkNOWU9IcHdjSWx1UWp3bEZWUTU1aFdHd3dOUFRKZXhsbktuSzh1R1MyVzlIRThjZHpmV2pwX0U?oc=5
2026-08-11 03:00,Seeking Alpha,seekingalpha.com,"""SpaceX Vs. Tesla: Let's See Which Musk Stock Wins""",https://news.google.com/rss/articles/CBMikAFBVV95cUxQQ3lEeXBQWTZwVUYyVmMyenU0cktJTU1HMWU1ZjQ4Q2wzcE5zRmtrQ1FRWXpzUzBvNjdBUTRhYmhLU2NGR296QjhCVzJoQjRQemxxR3N6a3FsbkREQzFKRVBfZXM3aG50N29kTUEzbmwySjVUN3d5ak1mb1JudTdvZUo5RlVwT0tTV0FBQVZhdGw?oc=5
2026-08-11 03:00,Seeking Alpha,seekingalpha.com,SpaceX takeover could ease Musk’s path to massive Tesla pay award: WSJ (SPCX:NASDAQ),https://news.google.com/rss/articles/CBMiqwFBVV95cUxQNjlQR0VULWZReEliVjV4Si1DOGpKM1poQVVrLVlxZEpxU3hyRDJqV2RVTVhNcndiWlNZdjZ6Ti1IcUdPRms4Y180S2N3SGhLNVBuUllpM09IOWhBNWpGOGdoUHJmTkxTbUM5WjlLX1lMZ3JtM25ENlBuODFCUXRDc0w3dGtudG0tWFpETTNJZ1dGUHVKSDFua1ozelF1ZHg4VE9PcjZIUi1GZEU?oc=5
2026-08-11 03:00,The Motley Fool,fool.com,2 Core Reasons Tesla Investors Should Be Getting Nervous,https://news.google.com/rss/articles/CBMimAFBVV95cUxNSGlVVFljSGc5RzRqenFJQjJqX2hWZy1WTWFCc29ZZWxnTDlOVHp4UWNaMnpaYWhfamRxYUE2eVBOM1F5cWx6ZEc4NXZaOHhKSWVzdEp3T3RGNlNrcVVwWG51QVdvaDRlb2J4c3JJaFNpbTE2M0daYXBrM2NpSVRZZzdobHl0TW9RaWlUazJJYUFtc2ZVM3hzTA?oc=5
2026-08-11 03:00,Yahoo Finance,finance.yahoo.com,Buy SpaceX or Tesla? 3 Stocks With Better Potential,https://news.google.com/rss/articles/CBMifEFVX3lxTE54UkZmaUJJSnJqWVRlY1EyN0I0SENtLUhWMmY3SzRwbXNSa0t3V0pyek1ZcG1EUk9BZmNwLTdzdTlhMzAzZUdUS040clptSGtnTTR0dEt3VUc3SzZkU25lalVpVXk3bWhXNTJMOHRPVEwycGk0U0o5VG9UQzI?oc=5
2026-08-11 03:00,Yahoo Finance,finance.yahoo.com,Elon Musk could get his near-$1 trillion payday a lot sooner if SpaceX buys Tesla,https://news.google.com/rss/articles/CBMikAFBVV95cUxON0kyUkd3QXkwQlVuNnh0eGh0MHJpblVZZHRCOHBGdU16b2pMNUpGNGtscjFJTkxCMXZiZlhvTFRXaVcxb0I3UDNwUVU0VFg5UTdERC1PSzhBQ3IySnlqVUV3bktXbHd5SENUWmhWWWRuRTdxbE1aYmIwTXpySEptV2Z4aXZKMzdUbjhYeVhzZHA?oc=5
2026-08-11 03:00,Yahoo Finance,finance.yahoo.com,Gary Black Says Investors ‘Losing Faith’ That Tesla Can Scale Autonomy—Blames Elon Musk’s Vision-Only Approach,https://news.google.com/rss/articles/CBMingFBVV95cUxNRUJHdENYazY5QlFwSUZHcDhBeDI5S3ZYT3YtUURoWFVBaUhUQThXMGxDdVRZeGJ3bG90eVFDNkZxangwZTJQak5uQ1hCOWNYVUxRTVVnWWhSaWtSMi1YUmpUS0xwUlU2R1NxRDZTR0RUYWctd3QydXNUemxHYkRBN0l1VzhTQ3dXR3ZWMDdMYVBqU1lneGlQUDY5OGhzZw?oc=5
2026-08-11 03:00,Yahoo Finance,finance.yahoo.com,"NIO Drops 5% on Disclosed BlackRock Stake Cut While Tesla, Lucid, Rivian Hold Steady",https://news.google.com/rss/articles/CBMinAFBVV95cUxOTUc1VnlWalBpcDd0ZU51QXhSR3lDQTk4TG53bjgtM1Z4aHJzd0NZYzlLQjRNSWFpX0JYQTJQMW03a0FCaDFNSm4wZ1BXUFkxNU1BbFRVbHktTU9QNlhlZkhIdGNSMDNGd0N1Q2Q0MU5zVkdvMEhhOU1kbm5OQVRMS0ZFX05pZlNtbHNOZm56YTN0Vzl0OGpIREtaRlY?oc=5
2026-08-11 03:00,Yahoo Finance,finance.yahoo.com,SpaceX and Tesla choose Texas for massive AI chip plant billed as world's largest building,https://news.google.com/rss/articles/CBMingFBVV95cUxNYkpBVUZvY2VaTG1fREhpbnNqbGpRWW05bHFfRENJbGl6eUo0UEVTVndiQTFNRFZCZVRub3RMel9PQU1jb0NTdlFRN0RUZnNzUzRxSWhLWXBzQkU4LXNVMGZweEZPQ3g5bDZwUW1UUFFWaUg1Mng4bHNKVDNfTm83Wld2TnJHQ2FNS3Q5dDBkMXZ4VW9xUzZwU1NjcnV6dw?oc=5
2026-08-11 03:00,Yahoo Finance,finance.yahoo.com,"Tesla Faces 20,000-Vehicle Recall Just Weeks After Regulatory Probe On Suspension Failure — Retail Flags Asymmetric Risk In Near Term",https://news.google.com/rss/articles/CBMilgFBVV95cUxPWkVublZJd0w1QkJjZzNvN25MTVB5ZTZENFUtNldtSXQtQktGbUo2LU16ZjBpSHBONnFTTV83aFVlNVU5VjE0MlB3ajdzZzBoTjZicHlueGUtNzFWdlcyNU05VkhndlZHbkZ5XzIxbEVJeTdfenBsX0ptcm50TzM2VTlvaW0tbE9NTEVReUE3Nm4yLTJldEE?oc=5
2026-08-11 03:00,Yahoo Finance,finance.yahoo.com,Tesla Stock Rises as China EV Sales Slide for Seventh Straight Month,https://news.google.com/rss/articles/CBMilgFBVV95cUxNY3VBNC1yVXhXeUFlZWplUHRDbWFUR3JNZWlXMU94LXBhYnNoX2xoY3hhbVc4Uy1KOVVQLWk0VkprY3h0X1pKeEZPa0JRTHRDYXlPa1JIdjIxUXdyTUpkWVdFdEFMSkJEZmRGdmNLeU1SX05IWS1JNGFvbTJvSlpTN2ZFZmlCNG9rWFpnVlJ2SkZXYVY3MlE?oc=5
2026-08-11 03:00,Yahoo Finance,finance.yahoo.com,Tesla Stock Surged 40% From Here Last Year. Here's How to Play TSLA Stock in 2026.,https://news.google.com/rss/articles/CBMilgFBVV95cUxPQ1NrN0JUaXZ1TWRVRFhIMlk3RUFTYk4zbXoxQmpfSkVKaW8yYmN5MU9DWXNvVXMxUWtvZjlINVlIa1cyNTdYZjRLTE0yWjF5QUxmb3dUV1hDbTBrcXRuSjdJdV9pX3VTU0hWeVh2NFJ4bmJYR0N0bkhwY05KUlVaMlE0amFfcmxiaHZtblFlRWdKVzhibVE?oc=5
2026-08-11 03:00,Yahoo Finance,finance.yahoo.com,"Tesla investors need more Robotaxi scaling evidence, Morgan Stanley says",https://news.google.com/rss/articles/CBMiowFBVV95cUxQc2F6cTFEcS1QbmppWWFOWmt2cy1UVVU3UFh6b1gyWVNFQ1dIX2p6T1hhYTBaTHhockFWczBIcnhueC03dTlCR3k0R3RsM1hUTW95WncwbHhzVmRPVERTRjRJRWRaNTUwaVBKdDJtRmFuQTZXSklZT1BkOXVteWV6aXM5U3JaNWtjY3VUSnpBWmpQSU5SX1p2eU9QNWRiTUgtNmVj?oc=5
2026-08-12 03:00,Barron's,barrons.com,Tesla Stock Slides—and a 5-Day Win Streak Would Mask Risks,https://news.google.com/rss/articles/CBMihwFBVV95cUxPb3V5X1NfM2V0bW1jUzhkdHpDSk8tUTNZdnI5QnFUUGsxeHJsMXAzdTI0aW5UZUhGRWk4UzRlYVJJU3Y3RUlwRUVTdGhnMWxlYUMtYU44TXRXRXdIblpvRHdmSDdadFVKMDJPM01aVUZtdU90WE0ycVlkOUVyOFl6VkRKNUplWVk?oc=5
2026-08-12 03:00,CNBC,cnbc.com,"Here are Wednesday's biggest analyst calls: Nvidia, SpaceX, Tesla, CoreWeave, Dell, Intel & more",https://news.google.com/rss/articles/CBMiiAFBVV95cUxQOUsxMkVyb29ONGx1czZiaHBWd1Y5SWdHaDFUb1JSbFJjYUd0XzRBU2wxNk8wbTdtN0lod0FoWU1IQTZJRzRqUVRMT19MNmxUSUNrZG5rQjBTRFV4UVl5ajdScm5TcUE3V2hqZkd3bFlCT2R3LVFLVWRyMzl2LS1FZ1JfV1VuNHp3?oc=5
2026-08-12 03:00,Fox Business,foxbusiness.com,Tesla files plans for proposed $10.1B Texas solar manufacturing plant,https://news.google.com/rss/articles/CBMipgFBVV95cUxNbTRJLU5sMndPcS10Ukk5QkpEU3dNRFU2VGlka3V4ZGJTQnFqd1ZmR3ZwbC05WmR2SGlJMlp0cm83aDd1NW14Q0FWOTlNT2tiV1FCVGU0aFR2WWQ4dFVUZVN6c1kxcWZiY0oyTUx3VGt5QVlLbDBQTGFLdXNSVFI5Q3RPNkJfNWtpekI1S3F4aFJZMlpqRFBvSFBjMFNSWUplejJJM1ZR?oc=5
2026-08-12 03:00,Seeking Alpha,seekingalpha.com,Tesla's iTruck Moment (NASDAQ:TSLA),https://news.google.com/rss/articles/CBMibEFVX3lxTE1FOWJ5dFRiMGJOM3R6dlExSUpJaHp4X0VUU2w4ZFVHa3otTGF6ZFRCWHE0ZGVlcS1KX2diVUtZNGFYQ0FfeFM3RmYxTklnT1pRN1pOSm1RdmJoQmxieGpUVkF1R3lVN3Q2d21sNw?oc=5
2026-08-12 03:00,Yahoo Finance,finance.yahoo.com,Great News For Tesla Stock Fans,https://news.google.com/rss/articles/CBMilwFBVV95cUxNV3NKeDlCZG14OXk0eWtDLXU0WFZBdFVmZ1ZsSWtKeC1NZFdueXY5cGRrMEd4dEJVQzZEME4xdFM5RWlsM3lHczBZTkQwX1BZM1VhTEpNcWJQVmdRc21PZjlDYlRUWFlDb0lENU9FMVp3LW5WOGd5VXptU29PZ1RuNllDSnVGRW9oV1Q4b0NQeTl5Y1dKdFhB?oc=5
2026-08-12 03:00,Yahoo Finance,finance.yahoo.com,"Most Analysts Still Aren’t Bullish on Tesla Stock, Even After Recent Selloff. Here's Why.",https://news.google.com/rss/articles/CBMilgFBVV95cUxNZThQeU02QWNOQnJGWWk5Z1lWZFlxWlBYUFpBSHJFTUVPOXhlTlVpMFhLUjdCSEVXOEl4OHhxRWc2aVc0VXVuczVwd3FQNEtTZ2J5Qm5VZHpfdi1hWE9LYzVGVEhZUWg0OTdyTEZtVUpfNWZYbWx1d2cwY3VodFZSRU1KZ1lzem5VOW9fX3BYVGdZVTNlTWc?oc=5
2026-08-12 03:00,Yahoo Finance,finance.yahoo.com,Tesla And BYD Are Reframing An Age Old Stock Market Question,https://news.google.com/rss/articles/CBMilwFBVV95cUxPS25lNTRuM1h2ZkV1dlQtWjY5LWJHRElvVVZMazFWdjFRSFpOV0pWODQzQ0tnOWJxYU40eUM5cnBGRHJ2M1g3c0JmRjQ5TS1PaGVTQ3hIU0o3bHRzMEVCd0JMWkx0a05JZDc4ZDN0Mk15dGlIVnhjekc5elZJNF96bHFaU0FUaEpTbGg2aFBQZVVacUZqaHJN?oc=5
2026-08-12 03:00,Yahoo Finance,finance.yahoo.com,"Tesla Just Isn’t Worth It, Even Now at $333",https://news.google.com/rss/articles/CBMikAFBVV95cUxQajY3ZUoyZFQzZ1VoU3ktYTloaG5XZ3p6amZpNmRrY3RYSTJwVmJmT096SDJ4c21mdkEtczdqUG9oS1dBaV94WmF0Z1VXNmV3WkVPbXJKSWt6b2FRMFROTFZRU0x4VDJBbFdyZWVmM01CU3d0VldTQnZXT3dqYk5qenl1OHB1clJ2bXVOc19iNzQ?oc=5
2026-08-12 03:00,Yahoo Finance,finance.yahoo.com,Tesla Just Keeps Crashing: One of Wall Street’s Most Outspoken Names Sees 80% Gains Anyway,https://news.google.com/rss/articles/CBMimgFBVV95cUxNSkpueWJSb1VheHpramVFbUEzcHNrWFpwWGtHMlBPTzJJNkpVVlpLbk1ZVFNRa3owOTdqdVM1Q3hwbnFGdE5fbDdNckVacFptVmFmODR0V3RWeFlkVUlFTXpkbTl6Ty1rZ3pTUXBTQlZzUlRnWmx0cTNadHJsWnFqX0tXTm1KaDBGanIyeC1ZNjlHVVZ2dUQ0dDFB?oc=5
2026-08-12 03:00,Yahoo Finance,finance.yahoo.com,Tesla's AI Future Is Starting to Look a Lot Less Electric,https://news.google.com/rss/articles/CBMimgFBVV95cUxPdjlIQVYyV3ltdFI2ZWU5cXZpMkFWYzc5aWZhZXNQbjZnZ2tUV2ZWUzhJVkloZDV5QnBPVlZ0NUtheGhOSmJCellSRklBQnBpVHRjRHVxMWhpZHU0ZEdFT01yekJKY0duLUVlNFpGd3BsbS1yQVBwT2M3WWtiR1FhTmV6cFlmU0JmT3U2Wk41U1NSVGdUMXlBc1hR?oc=5
2026-08-12 03:00,Yahoo Finance,finance.yahoo.com,Tesla’s China Numbers Show It Is On The Road To Comeback,https://news.google.com/rss/articles/CBMimgFBVV95cUxPbExiRWQwNlRkT2pXMzFfMWFSWWtZclB1NXI5Q0VCQ001dUpOYm1lQ2JRX1pTYWk1eGVCNk1taWxUNE5lWUdXNFFwdDY1MlRtbFB6VU9UVWdKU09QR21TeUlkemk0Nm9uU1paQ1BWcWk5MkJfcHhDb09rTWNzVGVhLXh4MFF5S0pEZW42UmdnbHpPRmpMSmxQMGln?oc=5
2026-08-12 03:00,Yahoo Finance,finance.yahoo.com,Wall Street’s Favorite Tesla Rumor Could Unlock $824 Billion Pay Day For Elon Musk,https://news.google.com/rss/articles/CBMingFBVV95cUxQVGQ5YXhyUGg1Mjh4M1ozYWloOXNGeEFkaWMwaHlLZlI3YXlaQTZyVThoRXJnSEc5dmVnbHhMLUJqZEkyUS1Kd3JMSnhIX1ctNS10Q3hERjhjX0VYSlpSZkdLbmU0RFh0aTFHYkFudVRvbTV4VU9Eb3YxdTB5WDZ3U01LLXRlOHhjTmpycWY1alBOaHJxV29jYnB4VXV2UQ?oc=5
2026-08-13 03:00,Barron's,barrons.com,Why Tesla Stock Is Struggling—and What Could Revive It,https://news.google.com/rss/articles/CBMic0FVX3lxTE55TGkta2Zsc2hlOEJHRk96d2x1SGt3ZUZyNU5ocFljU0FvX1ZjcVpVRVhoVzJhY3p4cXplbjBFVXhSei1LX2QtQzhvVjA0amhvZjUwUU83dFVnLUtMSkYtQnlaOW9JM0E0Q09WUklyYVc4U0E?oc=5
2026-08-13 03:00,Reuters,reuters.com,EXCLUSIVE: S&P 500 CEO pay jumps to record as Musk-inspired compensation plans spread,https://news.google.com/rss/articles/CBMixAFBVV95cUxQOUJTTzhvYWR4dlFwd3NWQ1VLVEdxVGRKc0ZtSlhOTFFwTUFTUE5xMTQ3VFp5ZVdnNktGeFViZlBHbTNtaC13TjNtOEI4UUwzVm1UTVd1VlM1OTlGajctZVQxb3Nlb09CMXJONWhRS0c5YWZHdWhydlVWVXd5MjVaOTk1RUota3Z6LWxjWkg5UkpOZnlBd2VUOXl4bjVTWkdqLWlKYnN2VFhPM1Q2UDJndWdYLS1wSVJzVWI4cWs5cmQzTXRp?oc=5
2026-08-13 03:00,The Guardian,theguardian.com,Tesla paid Elon Musk 2.5m times more as CEO than its average worker in 2025,https://news.google.com/rss/articles/CBMiggFBVV95cUxOdGQxNlc1Z21UXzZjMWZZeUpjQVFTUzZwUmxxQ3VjeTktMlMtdE9aUGx0M09KVXgtS01iVkR1VTRBa3BteW93X2pNb3lWYkpvZk1POTd2R1Y3RjE1U1hKMnpsQVRKcUwyaFg5U1g5QXBYX2t3OTVPY1FOaDhuSUloUDZ3?oc=5
2026-08-13 03:00,The Motley Fool,fool.com,"Microsoft and Tesla Share a Common Concern, but Here's Why One Is Much More Justified",https://news.google.com/rss/articles/CBMimAFBVV95cUxNY203MHhpWmpSMmhlbmdEWHFOSnIzUXZlMncxU3B4Z2RVR3BWNi1Sa1V3c2VJTDVuVmQyczdHVm1VN1J0QVVMcmVnNlNsZ0dyOTlCaHZJUm5RbVpJUzFsdFl0aHBfNnJkbjROZEU5bF9VeHBsLVk0X0p3YmJJM2ZTS3UtckJCbU5VazJST1Z4bjFXMnZiWUFoaA?oc=5
2026-08-13 03:00,Yahoo Finance,finance.yahoo.com,"Gary Black Says Tesla Needs to Work on Branding: ‘Without Great Marketing, Apple Would Not Be a $4.4T Market Cap Company’",https://news.google.com/rss/articles/CBMilwFBVV95cUxQSlhKNk5WLUNQakV3VHFUVWtQUkVyc0k2Y3JvSHJLZVQyZUV0WDU2a29mekFnOFpoQ2xuaW0yY0l6WFFkbUJDd3E3V3phd3Bveng4WWJ4LUkza2o2Sm9rYTlIdkc1T1l6RGVPaVVZbXQxazdEY2h4alFHdHNERlR1SGpKbVNvcS1Wa2czRDJrcHFUSGVfWW1j?oc=5
2026-08-13 03:00,Yahoo Finance,finance.yahoo.com,More Analysts Say Hold Than Buy on Tesla. The Price Target Went Up Anyway.,https://news.google.com/rss/articles/CBMimAFBVV95cUxQVU9kX1JjR2ZMVXJETU5jR05CYXpxVDM3MXVHcFlnVEFZbjhCRHBIOXNHMzc1X3pWNGNGSVJWQTBEWnQwd0t3QTdPaC14d01mUTlUVU5MMFRzN2hkV1hBRE9ncUtJbGphRUp5WUFYbDVLUHd1UjJMMWloSHlzaGd2eFJjTUJBVVN2bG5QdGhlSGpNN2RFbF9JNg?oc=5
2026-08-13 03:00,Yahoo Finance,finance.yahoo.com,TSLA Stock Climbs Premarket: Chamath Says Tesla Is Going ‘All In On Nuclear’ As $10B Texas Solar Plan Emerges,https://news.google.com/rss/articles/CBMiogFBVV95cUxNM0dLZWN2dDNMS1E5YzFCdlBfa2lWVUkyejFNbUxQbmJCcDFFa3hJRlhhbnd6eTczY1E0TTE3dmFrdkZKQXQtUTVXdHMwUU5GY3I2djdXR0VqSjZZWFhXY3Q5TC1qOHd2YjB5N0EyOGF3QXVaZnBSUHFaMnBVSzNDT1hhclNWTVN4WjlzbXVKUk1IWVp0TFhWUk1tZVEzdjlkeEE?oc=5
2026-08-14 03:00,Fortune,fortune.com,Elon Musk’s $158 billion Tesla pay was 2.5 million times his workers’ salary last year,https://news.google.com/rss/articles/CBMi8wFBVV95cUxPd0lCTW1nOThlX0E2SEdCQ2Itd3FzUTJQQ2pKX2wzNUpVTy1LNzVYLTZUeUtYUmIxem5xb1U2dFk3Q2tqWlBPVUFXTnBRaWE5TlZNelc0Y09tV0xIazNyc0o5Qm1FS0lKTm5abXBqWFpjdE14djlPb0E4ZFcxWTZJcmc4VG1vNlBDdllNS0dvRXBNcy1VQWkxVFpmeG5WeDlsaTRFUTFDajRlSm16eEluU1BreElGX2dwWFZUMW9icVNHd0l5R2xjU1pwU3V5M3ZuUWdRUU5SZjUwazUybU9NNi0tZmRBb3lhT213Q0FWUmY0MWc?oc=5
2026-08-14 03:00,Investor's Business Daily,investors.com,Tesla Reportedly Will Demo Flying Roadster,https://news.google.com/rss/articles/CBMif0FVX3lxTE8zMnc1Q21PTWFOTlZza2Fjc3FyYnJpV2E3ZjlVS0pVaTFCSXc4a1ZkckJWVDFUaU8wMDhHTUZBaVFuLWdWcVl5RlcyTFdVaHdfSVRVTV92MmJyYlB4RXF5RmlONnUwbEpzWUctU3lnNlpEY256dzVqLUtVaWRlcDQ?oc=5
2026-08-14 03:00,The Motley Fool,fool.com,1 Market-Beating Auto Stock Up 746% in the Past 10 Years That Warren Buffett Would Agree Is a Compounder (Hint: It's Not Tesla),https://news.google.com/rss/articles/CBMilAFBVV95cUxOOWZ1YlNyMUdhak9QdWZYWnpaM1JyNy1MZ0wzeUlhakFnMkRjQVlWNElFQ3d2U1lHVGVBc1E5VFhLcUdsZlJILVZmSEVhYUZHZWFFQW51eHgxX3g3Wk5kbFVIMEZETHRoREluZENISkV5ZjVGVGpWM0VjdFJJVlRxZTl1Y1dsOEZ0YzcxOFNsZlZrb2Zy?oc=5
2026-08-14 03:00,Yahoo Finance,finance.yahoo.com,Could a Tesla (TSLA)-Space Exploration Technologies (SPCX) Merger Help Elon Musk Unlock his Massive Tesla Pay Package?,https://news.google.com/rss/articles/CBMioAFBVV95cUxNTmJKc2tEM2Y0YW1SbkRrZEMxZ29nRXpNbUp2TFBVQ2FLZ1JqWUZiS1FvYmZORlV0am03Y1hjcEtNUXhDRkQ0TGJEMU9KX2RjN0hjRnRJSm9WcmUxVWs5THdzWF9PaDVXSU9lV2VUU25MekNWcFRDTkxpWXZobWpHY3RIOUNvTGVlNzEwaGJRdFBPanF6UmJkNU9HanlXYlpT?oc=5
2026-08-14 03:00,Yahoo Finance,finance.yahoo.com,Elon Musk Rumored to Unveil ‘Flying’ Car Soon as Tesla Stock Is Down 24% YTD,https://news.google.com/rss/articles/CBMinAFBVV95cUxPVmdnM0J0NTZnS05sbnhhNFgzT3VjYXcyZkFyOG9EdTZBRUJEM1cxQTRUVER6aUdsc1dLUVVzZTI1RmVqd3Ftd3BNN3VNREY5QndKQTNxb0JGQ3cySVhLNW9GTmJzemJkXzIwa2l0cDNTbEFWLTdST1pMYm04Sk8tMFpyMXJvWVFxZU9RWWpvbkVhT2IyRTl5RVZZVVU?oc=5
2026-08-14 03:00,Yahoo Finance,finance.yahoo.com,Elon Musk Tesla pay ratio hit 2.5 million to 1 in 2025,https://news.google.com/rss/articles/CBMilAFBVV95cUxPSXBFVnduQk1CZmpSWnFndHVLQ1drYnZMOFk2T3pWQ3htUTVIcDE4aml2RTN1X1h2dThyUVd5WkpPTDBrQkdSR3dRaU15T3R6WkRZQmw1eGNIR0pNQXhqajU0OERJenNXQjNSenp6Vlg0X3ZNRTJXVUV3a1JJZkdobHdPb1dubkdqd1ExcGg4MnNrSDlk?oc=5
2026-08-14 03:00,Yahoo Finance,finance.yahoo.com,Gary Black Warns Elon Musk: Tesla Can’t Match Apple's Marketing Relying Only on ‘Word-of-Mouth and the CEO’s Posts on X’,https://news.google.com/rss/articles/CBMilgFBVV95cUxNQk1DeG9KbHQzaXFVMF8zWTNfT1VhZ01uV094UUt3T3BuUUpnaW5Bck5ZRjdmZDBLdzNxOFRIbmRwMVdzVDdXdFhBQmU0UmJreTNXQXBTUEUwd0VvZlpON2g3U2hoWWlpbUFVOXFZNnVHWTlIQU5ocHVYRWZOS1htRlFpZmRRMzZ1OUZ5MzZhWXBlemNtMnc?oc=5
2026-08-14 03:00,Yahoo Finance,finance.yahoo.com,"Stock Market Today, Aug. 14: Tesla Gains on TD Cowen Buy Reiteration and $460 Target",https://news.google.com/rss/articles/CBMilAFBVV95cUxPazd5azcwQWJMNnRJeGY3YURNeVZWSDNFNG51LTNtQzR6RU5uWFk4X0JHemdoMW82MVoyNF81Rm5LdlM0ZVQxNkNFQXpZcW9mZGt3RjlrUGRYUUVtMVQtT0NLbXhTQU9hZW9iOXFGVnhIWVMwRDRFWndaTmxNbDhwQUZNX0J1V3BsbVZEVTNCR004ZFR2?oc=5
2026-08-14 03:00,Yahoo Finance,finance.yahoo.com,Tesla (TSLA) Puts $10.1 Billion Into Texas Solar While Eyeing Satellite Internet Cars,https://news.google.com/rss/articles/CBMigwFBVV95cUxPdVJhY05kUXBvdHFJM0lLLTQtY1hQc2tYRlppNmkxTWxISXZqbC1faE5QWWdkOFZaZ0Nla0ZwY0s5SFViTjRvUWl0YVdheVkzNng1T2NKSFEyN3RFanpidmV1ZWFrZXBPYkRUQ2xFand3bVJPWE5GWnJqYVBOSlV6UmtWWQ?oc=5
2026-08-14 03:00,Yahoo Finance,finance.yahoo.com,Tesla Stock Jumps 2.7% After Fresh Roadster Reveal Signal,https://news.google.com/rss/articles/CBMijwFBVV95cUxPS1g4SVJBcTVVVE95LWcxN1VvNDBOVm1GeWhsMEM1cjNIcFNTbjZoS0tPMm1WaG1QVlpBalpCV2o2UWEzNkpLRmpzbnJrUTNDY0xrRnByTWhveUxlR1hKcmhMOVNXRWJsNmQ5TzlXZnQwOGRmTUtpZE1LU254OGd4R2Y2X2FzZ0JGN1c5RDFnWQ?oc=5
2026-08-14 03:00,Yahoo Finance,finance.yahoo.com,Tesla vs. Alphabet: The Better Investment May Surprise You,https://news.google.com/rss/articles/CBMiogFBVV95cUxOQm9OSDJXQ05teUs1UmJqeE5fWThkVXVhd3UtRE5rWlBlV2tHM2I5b2lFcTBpa2xHVWR4Q2pVVW5Vb2RaeVQ1WHRqQjk5OFBIbTc4N0NOd1RVX3RmUzFtNndQT2lOdHRSdUhWQ1ktV2RRNDIyMWF6ZlBUNFNUcUUyWXAzOFRPb1ZWZWs0YWY3aWJWMXhrb3N0cWVIMFJuOE1rN2c?oc=5
2026-08-15 03:00,CNBC,cnbc.com,"I drove Tesla FSD, Rivian Autonomy+ ‘hands-free’ driving systems. Here’s how they compare",https://news.google.com/rss/articles/CBMie0FVX3lxTE1KbVhOZTdMZ3JvdEtrVHJ3cFJub0hZYUxSaFV1VG1SRWE4TDk4QU5rLWhZalRBbVE2OVAzU2lNUTl0NGRIM1NleWZSb1h5ZnJjbzZuclZGRE1SOXZaaUVYYnpxYldCSjRkVmxrcE5JV0FFNlliLWRucW5Pa9IBgAFBVV95cUxOOTEwc2xkYktsR3Q3XzMzMV9QdHZsUmFkTXNaSlNuU21NalpMU185UW5hNmtCWWt5RGdCUHJaR0Z2cVREak1jdGpJY2F5RV9wSUp5ZWZ4RXIyRVNPZjQtWGZ6SlZsX1FEa2FkS2k1Tmp0bjlWZTNIRUdGSDVKMWFDOA?oc=5
2026-08-15 03:00,The Motley Fool,fool.com,Elon Musk's Tesla Is Ending Sweden's Longest Strike by Buying Out Every Worker Still on It,https://news.google.com/rss/articles/CBMilwFBVV95cUxNbktSdXhOTGNtU21OdGwtM1lyV3pqSW9QcTQwd1QyTUprVUprNmV1QVdwblQ1djdTYmVRRHVpdFR0MUFpVmljMzRObXFodUtmZEZpWlVqcXRvT1ZBUkhBM3c4VGtwNkVCUzJJMmdsdGVGV254M05OZkE2UzhXVkpOU1diZU40Xy1jQnplMzBaTnpHc1o5TmFr?oc=5
2026-08-15 03:00,Yahoo Finance,finance.yahoo.com,Elon Musk's $1 Trillion Pay Package Needs Tesla to Hit an $8.5 Trillion Market Cap. Here's What That Means for Shareholders.,https://news.google.com/rss/articles/CBMilAFBVV95cUxOSXpOY1dualVnN3I1UjVNd1g4T0YyS3pfd05HWWQxbHRrSmFHVDJCMG1HNTZvYXRxNXR6NXUxdzVQQ0hjMHRhQ3FIcE9uSUJNbHBGNGRkWXdBYWNaYmgwVDk2NFZST0dGbHZtcjljMTZ3VjVxQktYZmJIQk5tN2hyUDctUW5USkRZLU5SRjhmRk94SlI1?oc=5
2026-08-15 03:00,Yahoo Finance,finance.yahoo.com,Tesla Stock Is Recovering. The 3 Problems Underneath It Are Not.,https://news.google.com/rss/articles/CBMinwFBVV95cUxNMEluUHF4NzU3UE9FMHhIc19IVXE0MlRXS3R0RUU5ZjJNQlBjbUtyR1Yxb1Y2anNIUlQxeGkwWGo0Zm16bHJwQ1pYOVMwLW42eC1ZcVo4TE1QYURidXdXUlZQdHhPaTVzRFZ0ajV2d1NtMlBleGdKWDRDRlVEOC1QVndJdDZuRVA0QTRKNEVWdUZqSG5RR2NQSUl0RzVUX1E?oc=5
2026-08-16 03:00,Business Insider,businessinsider.com,Why a veteran fund manager sees more trouble ahead for SpaceX as its post-IPO roller coaster continues,https://news.google.com/rss/articles/CBMimgFBVV95cUxQSzljVjB0dlhXOWJIN2RzLTRyM0ZFeE9vbm11aENLSU4wMHc1N1U4ZHl6d2lSWktEVHZGNmJzc1RNVDFVVHdDYTJiVjNmYXgtejRQeEJsU0F3OVJZb3hQSUx4NFRDUTJ3WVRpOUlDdVZCclk4dlZsZ1R0aDA4UEV6cV9ZNkxjX0pUWENaZmp3NGQxWXBwRW5kLUVR?oc=5
2026-08-16 03:00,The Motley Fool,fool.com,Rival Shows the Drawback in Tesla's Driverless Tech Strategy. Are They Right?,https://news.google.com/rss/articles/CBMimAFBVV95cUxQMzRmMEZLSDd2MDhRU1VuS2xuVE1ZSFgycTVLMHRoeFAxMW1xTldqbzB0emZ4YUZyWW55Q3dPb0NmNk5SMTYyNkFnWWcxTURxQnlwZUVLakYzbzFReVRNVmxERkJmWEdFMEhwVXJ0M3VDWUtDZzVEVXRqUnpvYzhjWkdHU056dkFseUhqbEhTUjE0M01jOEpyUQ?oc=5
2026-08-16 03:00,The Motley Fool,fool.com,Tesla Stock Faces a High Stakes Reality Check After Its Record Quarter,https://news.google.com/rss/articles/CBMimAFBVV95cUxOUG1LbXpMNXZ1a1lYX3ZlMjJ5YWpaWGtLbTZJbW0yd2FCSUVaR0ZTdGpTenVBbUt4M21GNVFSNVRkQkt1QU5FX2JWNFhZSmQ5V3g0cUJxWUF0ZjVPdnR1X0U1QktBbDR4ZkxkVlBYT3lYenZBbVkxUDlWaWhkazZzY28xWUpjSUpRdjR3NlpYMlNlcHQwY2Y1UQ?oc=5
2026-08-16 03:00,Yahoo Finance,finance.yahoo.com,"EXCLUSIVE: Ross Gerber Says Tesla Could ‘Double’ Sales Without Elon Musk, Warns Investors on SpaceX Merger",https://news.google.com/rss/articles/CBMingFBVV95cUxQRDZ0cWlYaHVJX2wwUmVyTnk1d2tIc01pT0hmZDBaMzNsM01rOWJzSFYtMFRqa2xEOHF4S2daOTZxaUxPTFFxODR1ckE2ZWt0aUMzbFcybVA1ZGFhRWM0RHcyMl9jRGZ3NDdNaGVGRDlsQ1hwbVdSM0xsTTludllwd0pMT3ZhS0FWbVZsa21KNjJ4ZXRnR1RkanYtUGJ5Zw?oc=5
2026-08-16 03:00,Yahoo Finance,finance.yahoo.com,Elon Musk Has Said He Wants 25% Voting Control of Tesla to Feel Comfortable Leading Its AI Push. Here's What That Threshold Means for Shareholders.,https://news.google.com/rss/articles/CBMikgFBVV95cUxOdEtlNEQtRnZTTnB3T19oZGlCazl6YjNVY0t1allnY3dWTHNKSHdsTHdFS1lyNGdra0JwMWVnenREYmRTVE1zMlN2cVRENjBDNlplRXZHTW1Bang3ZVhNT0FTWWJjR3ZiQ1FzSGdHZ0xVODBuVmRyZjQyczNlYlR6ZWlhOFY2NXBod1hjUG5LV0U5QQ?oc=5
2026-08-16 03:00,Yahoo Finance,finance.yahoo.com,Meta and Tesla Are Rebounding From Oversold Levels—Now What?,https://news.google.com/rss/articles/CBMipAFBVV95cUxNZFkzYzBna0R2a3g4MjlnU3RHSGRrYXE4X1IxU0JVbHNUVG56a0RjUWVHdDRxVXlFWFJibFlVRTluci1teHlpQmJfLWZkbHpoeXhxNGljUjRHZ0tUTGtuS01yZTNFRUtlQnBSZlNabm5fTXM3NURyVng5aEpQdmJpNHppM25FdWhOakItWlJvZmhVaS05akFNQUFPWU80XzZwWW4yYQ?oc=5
2026-08-17 03:00,Barron's,barrons.com,Why SpaceX Matters More for Tesla Stock Than Cybercab These Days,https://news.google.com/rss/articles/CBMifEFVX3lxTE16cHRDc0pJZlBCSmVrZVJGb3dFTjZOYVR2U0Jid3UtOGdaMWhDWk43aHA0elROVVJaZ3gzOG40OV9PZkRRUEthRVhxZlB6T0FFRWFxT3ZFX2xZcTlFbTJiRXhfZ2JkNHVlQ3N6NWVUekZ2clAwVU9RZUR0NzI?oc=5
2026-08-17 03:00,Yahoo Finance,finance.yahoo.com,"Cathie Wood Pouring Cash Into Least Loved Mag 7 Stock, Buying An Estimated 450,000 Shares In 45 Days",https://news.google.com/rss/articles/CBMimwFBVV95cUxPVThLVGlCelpvamJKajRHZ21pZUJmZnVKdGZuSHpfSUR3NmlDWE9Md2VJbnRNU1A5YktEZWZpa0F4dlpLT2tHMEVzTGR4N2ZGYjJiN1NFNjluRUdYdHhDZURSdTdRdm05UXhBcDFOdTFVaTh6M3FEWlo4MVN0N0VjcGVYTEg3ZWxXbE54VWdJV0lqTjlES1ZUVEI2Yw?oc=5
2026-08-17 03:00,Yahoo Finance,finance.yahoo.com,TSLA Stock In Focus As Tesla Reportedly Preps Cybercab Public Launch In Austin This Month,https://news.google.com/rss/articles/CBMinwFBVV95cUxPUklOb3dxb0JsNnJOemdFV0V2RDJzUWlKeV9QZC1qb1pEUS1UdGxkTnhoWkk1bmZhZzZvaGFtRTBOZDhBT1VCQnlfNWxVbnJnRlN3djdPRW03UERNMUJURlk1M09VaUtQRktOcFF4eWZsUWp1Zmx6QUxrRVhETTluVmxrZ1dWQnFuYUVXV01NZndlbDdQVm1rRHNOekR3bDQ?oc=5
2026-08-17 03:00,Yahoo Finance,finance.yahoo.com,Tesla Is Finally Getting Ready to Demo a Flying Roadster. It May Not Stop the Sell-Off in TSLA Stock.,https://news.google.com/rss/articles/CBMingFBVV95cUxOc0hjWnhlenVOSG96eDVCLWFTb3VVQUM3N1d2ZXFkTk5lcjYtQXVyQk1MQ0NDeURFek84ODlpb1VlSlBNNW9vLUY1ZkVSX0xtVlR4MUxCNEVMTEl5MWhzMzU3ZV9xZlhOZmIxNERvU2o0SEg2Ulo1VnJNcndYM1Q4X1BId05ETnJvR3RpaXVQU05ydjhUUWY1N2hETG5Tdw?oc=5
2026-08-17 03:00,Yahoo Finance,finance.yahoo.com,Tesla Stock Is Climbing Again and These 6 Catalysts Could Push It Higher,https://news.google.com/rss/articles/CBMimAFBVV95cUxNeXdmaW9LVmJfTk15T0o1dnUwYmNQc2lCZWZvMWhFdGQ3NFhxUGN6OUNQSks1cktMWUFOdVpRQlZaUE51LXFabHJaWjZYUVp1c2hMeEhuLVlWWE91bEVPVjBzcldadUJHZkQyQWc1WmVnTEhROHFld3VXVndwNkxITTNrQThCLTJTRmg1TDVMOEVyT1U3TWQyOA?oc=5
2026-08-17 03:00,Yahoo Finance,finance.yahoo.com,"Wall Street Is Divided on Tesla’s Next Move: Buy, Sell or Hold?",https://news.google.com/rss/articles/CBMimwFBVV95cUxPWHV5Tm9kY2gzSlAxOUFaU0J0Vl90UXE3NmthRlgzSHF6eUs0eDBydEtMOUIyd0p6aFhKSDZwNzlaM2RHaTlqOHJFTDk0SG84U3VBaV93dTNsZmJMV093ZkNISlVVRzdIcjBXTTVWZ0xvcVJVSk8xTVREWjlmZm0wSHU4NnFDTU9KTEpOeDVFQnBVVHR3eUVMRkZabw?oc=5
2026-08-18 03:00,Barron's,barrons.com,‘Highly Contentious’ Tesla Stock Drops Despite Cybercab Hope,https://news.google.com/rss/articles/CBMif0FVX3lxTE02eHRHUWVHR1VqOHY2S3hDLVl6NFRiNE1oQUJKd09XU1RvR1Q2V3VBU3huWDVqS3NibTdiNmxncmZhOHVZdGRYQzB3RTl3UDdJbnM4OF8yLTJpZ2FzS21nbDRheXc5ODB5ckpUNFgwSEpNYmZQSWRwSV9xUkoyUEU?oc=5
2026-08-18 03:00,CNBC,cnbc.com,"Stocks making the biggest moves premarket: Home Depot, Tesla, Fabrinet, Duolingo & more",https://news.google.com/rss/articles/CBMimgFBVV95cUxNZlIyZmZPaW5XTlRVUkJSVjJlenpTZU5lTTZUOEttYkRNRXpOcU1tV3QySmN6TThodUJDUFZpQnVRUndOZUVnOUZRYXZmaTR5b0NxSnBhVDJtVUt3NjBjQklKcjJoREF4TEdIRF9wVDcyYnBTaXM0YWcxak9GYzRyLVN3WWxwMnNnNzZTRDJaTGtjMjl0ZkZzektR?oc=5
2026-08-18 03:00,Investor's Business Daily,investors.com,Swedish Trucking Company Inks Deal For Tesla Semi Truck Rollout,https://news.google.com/rss/articles/CBMimwFBVV95cUxOX0lLQUpVXzBrR2ZNVHYxeFJrX2U3eGhVRTJjMGVkYUJ1eS1ENmJfbFlMaTh3YngtUjVMMVg1VWV0Z0w1VDVkdFFocVZUMjNZWmY0YkN2SGJxVGRITFVHMVJSZ3pYcFdRU3k4aDJTaW1icHVxcWdVN1BUV09vWF9tVG9vNlFvc09oaGo2RDB0MmVXWThZUGZsSnpucw?oc=5
2026-08-18 03:00,Morningstar,global.morningstar.com,Tesla: Media Reports Cybercab Will Join Robotaxi Fleet in Near Term,https://news.google.com/rss/articles/CBMiqwFBVV95cUxOMkxBNFRvUFkzd05IUlpHM21URi1TeEc4SExmcUlZaDc1VFpSUlVla0xlbjlFUlBybmtDcU1VLW1hejM5eWNCcmw0MGxCWWtUMEdVZUZjWld2cE1IMEJJMXRKVUNDX1Q4SXJ0bTRIOHI3bnA2VE9xUVhURDBleVNOa2gwczhPbDFCaFpUZWxWejlOSlU2aE9aZmxVV2Y4ZGVsU2tlTWhNUUwtZFU?oc=5
2026-08-18 03:00,Reuters,reuters.com,"Einride forecasts faster growth, adds 500 Tesla Semi trucks to fleet",https://news.google.com/rss/articles/CBMixgFBVV95cUxQejZ4TmhsY1IxWFBZZDJBb3ZJSUhBU2w5ejNOZ3dEU252d1VCVldZWmg5LW83UDZCRUZENlp0MVF3LU1abXJGRjkwN2xVU1VmaHZJUkU5bElVbmtrRTRiSVRFb3BLc1p4akhOZXhrNW8xWm4zaHkxZkd4SVo2ZlYzUllVMHJmLVR2dmlqQ25FNlNoRExvVTQ4ZThDSEU0RTBsVGdqbndaanFObTFhY0dHckIxTjhiV3k2cks0UnlOel9iemthamc?oc=5
2026-08-18 03:00,The Motley Fool,fool.com,Better Buy: Palantir at 108 Times Forward Earnings or Tesla at 190 Times?,https://news.google.com/rss/articles/CBMimAFBVV95cUxNSC1BTlBzV0NOWGFTT1UyUUhqbzJGYW5kMFdPYnNkMXhVRUdrQkxGTmJiRjN4X3ZadHFHWkdMa3hva2ZYbUQwSmNMZ3NlYnB6N2tfcjFuc2hRaU0yMXJzNXZGMGlRcjlpQ3M3cmZXb2VTT2ZvTW4zd29hQ3c4UVd6ZVdYX05lUDAwN1FSdDg2dVRhYjViQ2pWQg?oc=5
2026-08-18 03:00,The Motley Fool,fool.com,"Move Over, Tesla: This Stock Could Be the Real Winner of the Robotaxi Race",https://news.google.com/rss/articles/CBMilAFBVV95cUxQSzdaUGpRc0ZuTTBXVzdYUS1aVldFVzZNNm53Q2Y0TTl1NEt0U2VvaF9adlEtU0RVU1RQMldCVkxMeGVJUjlLV3Y5NEh3ZTNFd3h4eVo3UkY1XzFWSnRjNlRLcGFNV0J2RXluQUowU0JPUmVsN1dTRkdCbGszN3NneEhJaWFLVFpVbUR4d0lKTXg3OFMw?oc=5
2026-08-18 03:00,Washington Post,washingtonpost.com,Tesla’s true believers are starting to question their faith in Elon Musk,https://news.google.com/rss/articles/CBMiuwFBVV95cUxNNVpvQkFlV1lBUC1XYjVZeGVMdVNFMlVXVUFpaERhWW8ybFd4amtsc3JweTRGQnNuRDZGeXZlMVNzLTJWeVlCd2xmNktCbUxaTV9DZnBVc0pnMGxZeENuemI5ZHdCcWo0eXc5dlFaTk1obUpOMkdHYlNLMi1yR01ZNEJ3U1hndW9xWVItTzlPOFFyNFNHdmxXNU9NZ3p5UUR0eXFyZVR0M0d0N0ZzeGgydE9aYjlLMk1DMVBn?oc=5
2026-08-18 03:00,Yahoo Finance,finance.yahoo.com,Analyst Drops Stark Tesla Stock Price Target,https://news.google.com/rss/articles/CBMinAFBVV95cUxQaHBGeWN2aWtnZGNrSGt2bm1uMko2eHo2Uzl2WVVtdlZ5b0xSZ1Nrckk2WERlM3BCNGZMM3dLWHZiaGZxOVFrVDZTZ1laaFVhaE03TTFHTHM2ZklkdWxlN3g4eVhibXpzTTdEYWpyN0lkZzdQX0ZnMUlCM2RuTW04SGM2Ukstc1EyNnVnS09ib2pDcXNjQVcxbHJZbE4?oc=5
2026-08-18 03:00,Yahoo Finance,finance.yahoo.com,Gary Black Says Tesla Stock Will Remain ‘Moribund’ Until Musk Deploys Unsupervised Cybercabs At Scale,https://news.google.com/rss/articles/CBMilwFBVV95cUxQLW15N0d3NEVmUGlMcjBKNDNBaVRnR2ttQmJzYUtuSWI0a3NkUVFubFl1Y21aMk90dHBfODQ5ekcwQ2NkdDBqcXItdXFyRWZYZ0EwSzFkQ0JYSFROVDJXRWhKamRscGZCMTMxdlpiY095RUVBUlZySm13aFhtN1ZsOENEVU45Z09Cdi0yUkxPYUo1UXVWakhz?oc=5
2026-08-18 03:00,Yahoo Finance,finance.yahoo.com,"Musk Calls It “Absurdly Fake News,” But Signs Suggest That Tesla Execs Are Already Preparing To Walk Away From China",https://news.google.com/rss/articles/CBMimgFBVV95cUxORm41RFJfNGt1ZnQzQUNDRU1fM3E4V2s4VldqMmVvZVNMQU51by1DTm9IRHVqS0RaekY5cmZ0dU5zdk1lZWFSaWE4N0xjWHRNZWJ5X2MwX2pRbEt4QUt6SnJtQjVuc3lWZWU4MnVVMXdKOHRBaUpLWmttWkFNTW1IV21SNlJZaDZFLXJtSE05b1VLb2VybGhuWmJB?oc=5
2026-08-18 03:00,Yahoo Finance,finance.yahoo.com,TSLA Stock Slips On Bear Warning That Upcoming Cybercab Event Is No Milestone,https://news.google.com/rss/articles/CBMimgFBVV95cUxOekk3dHIwOGZaS1Njc1hrZlI3eFV0ak5TcEZkdE9KQ1YzankxbGYwWHZwdkJvc1I2dG1RRURkaFRwN3BBM1YyT0JzTmxyazEydFFHNlJjS2xRZk13LTVWQW80RV96SGNaTUx6cFdWZzZHZDZMVnVZWURWVWxXQmdKR1dZODdsQjFnTEtiU05XamoxeVgtWDJObmxB?oc=5
2026-08-18 03:00,Yahoo Finance,finance.yahoo.com,"Tesla Is Down 25% in 2026: How Does It Compare to EV Competitors Like Rivian, Lucid, and General Motors?",https://news.google.com/rss/articles/CBMikgFBVV95cUxNdUJhSHZDSEJMRTJQbDNZc19yMkgwQ25NOE5kSm1EVEcyTmRjdmI4VE13amV6ZXRvcnRTNkkxNWgwWWR4VkxUV3M1RlVndzJtczhoc25rX2h5UWlMRDg5ZmoyT1psNm5BZ25iX1RVOHd5ZWVZeUlmWGpCN1VCSzRYRkNONEpuT3JDRU44bHo5WmpZUQ?oc=5
2026-08-18 03:00,Yahoo Finance,finance.yahoo.com,Tesla Just Landed a Major Win for Long-Delayed Semi,https://news.google.com/rss/articles/CBMilwFBVV95cUxNNmdzeXRFYUZyUVhmal9xQWdxZkVZOEtuUS0ycUZneE9vaVA4NEFoZGQ3bXpwcjVLNmlaRUljNUpjVm80RmlrZWZacUk3ekRkLXI1WUZWOWx6OWlMaHFVQmtUcHdSRnZ1LXhtaVlHTTVCR0c3ZUI1MTNWZmh0VWxabDFTVDg4VEpHbjg0d1k1ODljRE91OHlj?oc=5
2026-08-18 03:00,Yahoo Finance,finance.yahoo.com,Tesla Stock Slips as 312-Times Valuation Faces Yield Shock,https://news.google.com/rss/articles/CBMilwFBVV95cUxPOE5DNWZNb0FPdGtVekQxbkNZS1NCeEFVelp3V2xYRFpfY0pITk9acHE0aS1NdHNuVElfRF9ZTUZtSEdqSHdhM3A1c0xpUFRsNWxoemFTYkk3TUJ4S3NXNUpjQzhPOXV1V180R0hTejkzZ2JtTXVjVXlnSVRpU2lEZnB0MC04ampBTmdsNVpDNVRpTksxUms4?oc=5
2026-08-18 03:00,Yahoo Finance,finance.yahoo.com,Tesla Tests Cybercab on Employees First in Austin Rollout,https://news.google.com/rss/articles/CBMingFBVV95cUxPZ0xoUXd3V01xdUo0YV9Ea183cHhySUZVdnFIcTNmT0VWRktORUIzMVJfeUhIYURBZlNQNXlBUzBhQlVZWVZOb3drUWo3YjM4NWRpSy1ZNThsYVZaMkVmckpMQXJmN1BUZ2xqX21TN2JZMHNyczVZODNqT0w2Wl9QbkczQVk2UnhMYjRtVW40VWxacHNrT213X1ZTM1VkZw?oc=5
2026-08-18 03:00,Yahoo Finance,finance.yahoo.com,Tesla’s Steering-Wheel-Free Cybercab Could Hit Austin Streets This Month as Elon Musk Ramps Up Robotaxi Push: TSLA Stock Down 1.38% (UPDATED),https://news.google.com/rss/articles/CBMimgFBVV95cUxPMWNuMmp4YWFMRHVqa2R3eUJ0NW54ZnZDWE1scVVROGQtNGZMQ2NFcmM3WW1BWWNhdE16dHhoZFl6WlppR0ZxWXVzVzduZHVKOUdxbzI5SS0ySW1rU3k0cTdFNjc1ZE1qUHg3X1ZGTjk2Zlk4X2FRUWUzVDRDNzVkVjdZZjFaRC05bjVLMnVBMGFwQ2pIQTlJOUZB?oc=5
2026-08-18 03:00,Yahoo Finance,finance.yahoo.com,Veteran Analyst Firm Just Calls Tesla Stock a 'Sell' on Robotaxi Risks,https://news.google.com/rss/articles/CBMinAFBVV95cUxNNEM2bEVXbV9qd015R2tlMWMyTEhZdU5URXJ0bm5GY3RaMHdBZnVZMlQ4WkVVYUF1dDdOakM0cHFNLVp4UFRzOVlzeTYwaXdkZU5OTk43VjliMHlDNDVQMzBTdFcyMTBnbTJ3WS1YODBGTjFYeDNNT2tRRWVkQmVfWTVxV25aTHRfY3ZmYURtdHo5aml5cTUxV0tiSGc?oc=5
2026-08-19 03:00,Business Insider,businessinsider.com,Elon Musk finally has Warren Buffett as a shareholder — sort of,https://news.google.com/rss/articles/CBMisgFBVV95cUxQNGxKZVdPaDdBT2lCRFJJZFpkZHhELUhxTzYxbVRwenhSZU1JSE00dzEyLW1FYjk4RHZ2TXA3VExGeHA4TDV1bXNxTERoc0pnTzJTMmpDTHhxSGZxUDYxNEpwQjFaakNIUGFZWnJPV3NaLTNGV2NGeENRbTdYLVZvWWkxVW93NGR6VzljMEFSLTBKakl1WUFGSGxmVkJLNXlzUDFjRWlqVVpxWkRTTWxsOHR3?oc=5
2026-08-19 03:00,Seeking Alpha,seekingalpha.com,Tesla: No One Is Paying Attention (NASDAQ:TSLA),https://news.google.com/rss/articles/CBMifkFVX3lxTE43eC1Xc0ZlTzR1T3VYNi1RbTJvMld5TkQxTzBISndOWWY2ekV1YThYd3g3QzBBU0JwS0NVaWY5NzBvOW1EVXo4S2lLd2s4V2tGb0I0bldKRGNpQ0U1SGRRT3NoYzVOUTdBd1I2c1JKZml5c2x1Ym15Xy1uN09qZw?oc=5
2026-08-19 03:00,The Motley Fool,fool.com,Einride AB Will Deploy 500 Tesla Semi Trucks This Year. Here's What That Means for Tesla Stock.,https://news.google.com/rss/articles/CBMi0gFBVV95cUxNQjVUSW1rN25sd09TOFhvZW1IWlRYRnI1UFlqc0UwRGhQMEJOMHF0U0pUSnRXNEFXbjYyRXIwcmoydkoxc2ZReV9nanFtSjFhTDR6cUw0U2pwNVhzNFc2QXJaQ0dpTXBQSnhUVWJIQzdYXzhraVRWb2sycDB2aUJLTnE0MzYyWTNwcWtOVVZVM05YYm1salZwNi1ia3d4YTRlVURDdG54Y1AzZG5kUkVWcl8xUlBzTW5WQ2dpTm9Pbm1JaGtVMVpvTUZrVmp6eUQtaFE?oc=5
2026-08-19 03:00,The Motley Fool,fool.com,Tesla's Model Y L Is Coming to America. Will It Reignite Sales Growth?,https://news.google.com/rss/articles/CBMimAFBVV95cUxPNzZRMVpZWFF2ZVJkVkhvQ21hbzBLYVE3b1I2bTMxMnBnakxUNWRaUkMtTEFLYVFHaGJCNE1JOTNPMjJ5Z0dxMHhvRFNqNU9pbGdPbFJYa1dIVHIwdS04Vy1XcjBWbXlSU3pJcF81YWpueVBodkFpeklxb0l4VEd3Tll2TVpYQ0E0MGNNbnE1UE9CNFpqR1JxUQ?oc=5
2026-08-19 03:00,Yahoo Finance,finance.yahoo.com,"Buy, Hold or Sell Tesla Stock Ahead of Cybercab Launch?",https://news.google.com/rss/articles/CBMilAFBVV95cUxOQUpsU2JpQW13YkV4NEl6YUhoeWROSXBDX1hFWFRMZ0pPS3hJcF9NcEN1UXo0VDNmRDNYQnBCOWdVdUJ0MFJvQUpOWXAwN08wanBENkhUb0N6LUhwbXpHUzZIM2M0enh1Uk9fQ2w1amtWN0lCMXNsaXFybWp4NXdkMkdFZ3FkekpFbW5tRU4xenRYQWQ5?oc=5
2026-08-19 03:00,Yahoo Finance,finance.yahoo.com,Here Is How to Play Tesla Stock After Its Robotaxi Breakthrough,https://news.google.com/rss/articles/CBMipgFBVV95cUxNNHNkN3pSSmRkYTJjZGJXcHFNWTNKR290V1VvbHFfOU9iY1RfZkpldWViRzlsd1VoN1pHQUx6QzBUR1pzZWNlRVJVQ1RialhDNF9IOHlmLVA4ME5vQ1NLc0R5NS1oUUVfU1Yzd0J4UmlGbVVRVmZ1czJnOWpSUHhPMWI5dGtCbWg4eWlYQlE4Y3piUEN1UGxGZmxYRzlNOHNPejd0azlB?oc=5
2026-08-19 03:00,Yahoo Finance,finance.yahoo.com,Should You Buy Tesla Stock While It's Trading Below $400?,https://news.google.com/rss/articles/CBMimgFBVV95cUxPTHcwQXFCLUN5UWxsTkZENm5ycmJkNW9kQURjRlFNd0xFVXdiYWVVZW50bGhPSzJibnNVenViVVRSaE9VMEk1LUdpQWRPcjNvanVCM2lpYjVaMlNqSklXT0ZJR3dpWjFfY0NKZGJQRzRzeDh2WWZiMmxPR1YxVXM3RDlIRy1wLVQ2YWtha1E3RHNlX2o4WDJOZXhn?oc=5
2026-08-19 03:00,Yahoo Finance,finance.yahoo.com,"Tesla (TSLA) Stock Is Up, What You Need To Know",https://news.google.com/rss/articles/CBMijwFBVV95cUxNQ0tWMmxIS0YwWEJua0ZlRGdPVVBhaWwyYk9yNlJLY2ZIUnJLZU94UGJZSXFndWotSWhreWc2Z0JQelBWZVlveVNVSXRRaUtPYlQxdFZWMkh3VWs1YUFlNHlNTVgtUWhpcE1Vc0w2OUZsaXlVclJiaGtBaExsTjZIYlktNjBKM0FiZWp5UDRxTQ?oc=5
2026-08-19 03:00,Yahoo Finance,finance.yahoo.com,"Tesla Climbs 3%, Rivian Jumps 4%: Why Are These EV Stocks Outperforming Ford and General Motors Today?",https://news.google.com/rss/articles/CBMilwFBVV95cUxORzVxcWhPcW5zY3JDSkMtNFJPN1ZqZDlOUkl6NUhQejZ2SnE0dU5heXZLVmd4RFJUWUNRNFRHM01xWW5qQ0VCWUxDNjN5aG11VkJVbkVVQWx2SDl3ZmxJNU1zNmtfMUxHWmxVNU9pLWtUeC1OR2JDZmhjSmRteXlXNUpWbU15S0NYd2VhLVRiS0R6dG1ZYUs4?oc=5
2026-08-19 03:00,Yahoo Finance,finance.yahoo.com,Tesla Stock Jumps as Cybercab Launch Puts Robotaxi Plans in Focus,https://news.google.com/rss/articles/CBMinwFBVV95cUxPRFNnc0ItalZYT25qY2FobTc2RG5wQVdmZDI3NEZUd3dsV1k1TUlvVVo4YjdlZGRXcjNPaXd3WHZvbk1RUHVESlJvQnFGZy1ZNWZJajdYbEF1aDFTSDlzUUtHajlwZkFiSnpLZGJvUW41Y3hfR3FRRFIzWFZhVW52em1VaW9XZlZJWlFMemt5TlF1UXl1WVlKWGtocFVIRUk?oc=5
2026-08-19 03:00,Yahoo Finance,finance.yahoo.com,Tesla Stock Revs Up On Cybercab Buzz: Analyst Sees ‘Good Entry Point’ As Robotaxis Drive 30% Of Bull Case,https://news.google.com/rss/articles/CBMimwFBVV95cUxPcGc3NXg4T3hydWNUVjNaVVJ4Y2ljcHVMRzVRVGpLWDlHekZhUTNQeXd4a0NtQlJZVklhWnZTYnNpS1NFOUFYeEJLUkxDTndkcnplNXlCNFdqYks1VlpoRDVtMzFKN3NLdi1vNVZ2Q3FhV3ZlSndqYnBHOUJuVzBrRTJOMFpQZkhqbEQ1Ql93T2tFWHRnMW81cDBiSQ?oc=5
2026-08-19 03:00,Yahoo Finance,finance.yahoo.com,Tesla Stock Surges 2.9% Despite Its 321-Times Earnings Valuation,https://news.google.com/rss/articles/CBMikAFBVV95cUxOQURwSGEzVEFSYWx1VHdyMlFTNHRnaW9oOEtlMEtMa0xnNjNWZEVkTnowNmFvSkRvQThtX3NvVWJGSlAzWHpCLTFMT3E5eVRtV29JQXYwT25BZEhfSnNuRzhYaWF2bXZpQXQ5bjBqcU0xLWlNd0N2SXJsdDltZHFQSEZ1enNYLWpkbEluRXFfN2c?oc=5
2026-08-19 03:00,Yahoo Finance,finance.yahoo.com,Tesla’s Biggest Opportunity May Have Nothing to Do With Cars,https://news.google.com/rss/articles/CBMipAFBVV95cUxQVEE5X1lyS1N2SW41elFwNkJHaEdVZXZ0SE9nTU5nWnd4MnlSemQzcUVIdWowVnd4XzRwMUV4TGRXMUgwcVBrTFpIeXd2cTdubGh3TnpzV3ZmU256bTkxdVJlWUdqci1KbFZycnhaaG5zRU9oUWNYcmhYZ3dpNWlXeEU4OEhNYU5ldnRQREJNWWJocGNyT0IzNWlRYTFxUHlvdG44NQ?oc=5
2026-08-20 03:00,Barron's,barrons.com,Tesla Stock Is at a ‘Major Inflection’ Point. Here’s What Could Drive It.,https://news.google.com/rss/articles/CBMiggFBVV95cUxQdVFjZnAzOEZ0N05PWUk0U1VsVjAtTUZZVWNBczFzYW0tOUF1c2RUUHh1TE1mQ1pORHZaa3JsSVRjellIa0x4d2RmdW1kTjJaQ29xaE12aWxvSW5fWGx1dlhNa2VTc25yRnF1OGh0REMwRVJjYVRhUlBGQ3VGem04QzBB?oc=5
2026-08-20 03:00,Investor's Business Daily,investors.com,JPMorgan Hints At Another Delay For Tesla Optimus Release,https://news.google.com/rss/articles/CBMif0FVX3lxTE1GeEtSem03alY1bmgwMG5lMEZNQzF4S2ZMZENRd09NemlKM1I0QlU5LWRCRHdEeWlZOHU4VktRSHF3WVdFa1VaYTg2TkFnUm4tWlU1NTNRUWxLSEs0RzdBQktBZlBCd0ExMVkxd3hROHRBN1lEUkRDN2hQWEphRlU?oc=5
2026-08-20 03:00,The Motley Fool,fool.com,Prediction: Cybercab Adds Less Than 5% to Tesla's Revenue in Its First Full Year,https://news.google.com/rss/articles/CBMivgFBVV95cUxQeXhZOUp0bXRsR2UybTlHUzlxOHZOcFp1NWRBNkJXcDFhQ3FpTWRNcG8zSk9ELWZjSFk1b1ZrRExVd1RGZjlfNnRDTUZhN3ZjSEI5VWp5ZnQwMDZnYVh3LUt5N3pCTVIzVVJ3SHpmcFU4WUhqSkNBWExnNS1lQ1Fubi1tM1ZvQTRwZVJRQkN6a21YUFNqQ25jcVJ6aFNZb002dnU1Sl9XM3JlbkkwekRyZXZjbkJUbEEtVXNMZ1ln?oc=5
2026-08-20 03:00,Yahoo Finance,finance.yahoo.com,Gary Black Says Tesla Bulls On Social Media Are Like College Students Doing 'Tequila Shots',https://news.google.com/rss/articles/CBMilwFBVV95cUxQUFlGQ2tYc2VNRkRTZktuZG1LMTZJV1VEcl9ZelphTy16SUUyMWY5SUI2TGlQZkhzN0diUnlJUk1STVVHTmJUUURyNzlGQll0UzNTclFaXzBWV3VwNVVKNC16c2RmenIxLW1LSVltMmtydVRXcmVydElZclcwdFRnVHBwVlprQzlrUFdLS2czVkkxQURtcmZn?oc=5
2026-08-20 03:00,Yahoo Finance,finance.yahoo.com,"TSLA Stock Eyes Another Winning Week: Nevada Clears Up To 5,000 Robotaxis, Musk Sees ‘Crazy’ Tesla Growth",https://news.google.com/rss/articles/CBMinAFBVV95cUxQYndCN0VvQWdwMzBVZjY4QmFkY2ZFN1I4aklnY1hPNlJCTmpDSG1RMXFTd3E2Z2FDa0ZvUnlkcDFjTzBrTU1XNkMycUlPTWw5VF8yOHNISG52MlRhN1JyLVd5VGgyQlNqU0VUMzhFVURHQmFNRXpPUG9PRUc3NHQ3UUhwTU1MdlRYa2J0aXdsdHZrY0R4Vk1CR3ByVTQ?oc=5
2026-08-20 03:00,Yahoo Finance,finance.yahoo.com,TSLA-Einride Deal for Tesla Semis: Should You Get Too Optimistic?,https://news.google.com/rss/articles/CBMimgFBVV95cUxQTVhnV0RrVzNEbWtaZ292VUpVb19mSkNybHNHVW5DdkVVNFdOQkRBNmJsMDZqa1F6ejRuODBCTmZuTkZhTXk0ODdteVZEM2hWVU1TOVBJV3lhT2RCc2Q4UjE5TkN4UmhMU0ZpQ2p2ZmFDcVU4eXJORXY5OGVLTENJWk9rbEJVREVxZkZibEJSdGVscVhTZG9TN2d3?oc=5
2026-08-20 03:00,Yahoo Finance,finance.yahoo.com,Tesla Looks 30% Overvalued as Earnings Keep Shrinking,https://news.google.com/rss/articles/CBMioAFBVV95cUxQMFlQWWNERjBPTmFQRHhnTkV2Tnd4Zlp1Y1Q4YUotZW5XQTFES2p5NHRlbnF4Z2tWY0l0WkFyeGVCQl9PQWhxdmpYbzNLU3V3UGc4VHhhUzM0MU9mRWNabDRLRVpKSVFoOWlGNEdqeTBDYUFDUC11Q1RLUGlmckRnalNCN0stdUxPQzlQY21rcjNqeE9DZzh5VG0wMXBGRWpx?oc=5
2026-08-20 03:00,Yahoo Finance,finance.yahoo.com,Tesla Tumbles 3.1% Despite Fresh Driverless Robotaxi Progress,https://news.google.com/rss/articles/CBMilAFBVV95cUxOOHZ1T0M2dk5lZlg4VmtBQ3ZPNGJxaFdIR2NraDZQRzBVTmJxNDByd2JSQ01sUkE1VE44V3ZEblM0WTJ4MktIZU5hM2QwTXljQl9Tbk9kV2ZLRVgwTlVVMHZQcl9vSnFSMDcxdzhsWlFORnFQaU4tcW5lVmFtUTA0U19sekJlWlgwLWxvUVduYWY3aDIt?oc=5
2026-08-21 03:00,Barron's,barrons.com,Tesla Is Ready to Launch Its EV Semi Truck—and the Stock Is Rising,https://news.google.com/rss/articles/CBMifkFVX3lxTE1YQmZxb1h1bXF5cnVNWU5OcTVMd19DeXU0ZjRhaUlIR2JaT1U1bVhSNjEyN1NwQVhqcEtFd1pXSVpJSklHQlg1eWpRcGd0YzJJb2JLRDVfZ2FhdGxNR3NVbGlfRWJaa2dnU1c5MFlPNE1fZWo2cU1LdGh2UEMwZw?oc=5
2026-08-21 03:00,The Motley Fool,fool.com,"Cathie Wood's Ark Invest Held $1.16 Billion of Tesla Stock as of the End of the Second Quarter, Even as It Trails Every Other ""Magnificent Seven"" Stock in 2026. Is Her Conviction Still Justified?",https://news.google.com/rss/articles/CBMilwFBVV95cUxQM2xNZldram9FS00xSHdMelBva3lCV0I2VG5SMHVjY1MzRTVza3dLSkI1LVFMeW01cWpuSFJrZERYZlktU2pXZ2cteWJUVkJwZFJYcVNqZTNBYW5RT3IyR0dBWDdLNDgtc2xIQlJ1WDZEdEtVYWtMWThDMmhCYjBqZTVhQTFtdUNCX180VFlsT1NzMjdUUFV3?oc=5
2026-08-21 03:00,The Motley Fool,fool.com,Tesla Controls 59% of the U.S. EV Market -- Its Highest Share Since 2023,https://news.google.com/rss/articles/CBMilwFBVV95cUxOcUdJWEJTNU5mUlczZzVBWklUdDM4bmFCalJLMmVQQ05yY3FWdVVSNjI3M2xWNDJldGFrMkRRcFhBcGRnQ3pKdVpkTEJ5SjJkN2FEZVFwRHBXVkZDMzBGbnRvT1dMR1dJTVFTTG83MmxoTjdfRUFvc3ZzTTFINVdrZkJ2UXk2SXJuUnowUGRZR3pWcWpSNFhr?oc=5
2026-08-21 03:00,The Motley Fool,fool.com,Why Is Tesla Stock Up Today?,https://news.google.com/rss/articles/CBMiekFVX3lxTE9ua2UzRGk2Z09kcS16OFZUak1NaUJobUxRN1lscmppeHgwY3JkVjZtV1ZkRzduUUdsOXVKRDF1NUxycXRYTlV2THYtblJXTTVOdUxSajJldTJ6VU5iQlhVRWFsUHRVZG4zRkYtdEpJMHRpSEhuMWo5WG13?oc=5
2026-08-21 03:00,Yahoo Finance,finance.yahoo.com,Forget Robotaxi and Optimus: Billionaire Stanley Druckenmiller May Have Invested in Tesla for a Very Different Reason,https://news.google.com/rss/articles/CBMirAFBVV95cUxOR3otOTFtMWlGRnlUazhNcmZfMTNfanQ2R01IdC0wM1FxbEJzU2ZZbU5Rd1RiRzNrcDFYaWtCQXlfUXhNdVh6Vy0zUlBhM2tGeUNiSXNMVFpDSklBVmxFSzNGOHEzWUh6WXRHcEhYTm10Y19RZEs1aE5QNHBKaXRQUnRjUThyYXVUNmxUbTQzdnhkOGFBR2hxd25pUWU1Rl9RSXNxTkVMZElPX2hy?oc=5
2026-08-21 03:00,Yahoo Finance,finance.yahoo.com,"Stock Market Today, Aug. 21: Tesla Gains on Nevada Robotaxi Permit Approval",https://news.google.com/rss/articles/CBMilAFBVV95cUxPcXR1Rm9hYThwc3FwaHFRSUlfWkhmWlNwYUdWUlM1Sk8waWlzenlGanJGdEVTMlR2OFdRS3hmeWF1ZE9SdzJLWnZyLTE2MktKa3dWaWtaYm1QWC1Gbl9GNDRSQzUyV0J0eFdnVWNPRG82SmNXcWJFWU9taV9FNGc3b2RHTXpkb3J6bW9MUU9UUVlEQk1s?oc=5
2026-08-21 03:00,Yahoo Finance,finance.yahoo.com,Tesla (TSLA) Up 8% Since Last Earnings Report: Can It Continue?,https://news.google.com/rss/articles/CBMikgFBVV95cUxPQlJSTy14V19GbUJfLXhSSUF1S2pLZkwzWEpVWmN0dS1RdUlJbk9QaXM3NTVpVEhIM0tsSWVDX1lOR2JhemFQUWwzeDRnWjZQSWJhV2RudkR6ekdkc2xBbkh4Z2VPOTRBYjFnWGZ1V05LeUs1ZzRZRVVjVEhYY0JZeGFaeUQzenRqRXdZaHFIdHQ0UQ?oc=5
2026-08-21 03:00,Yahoo Finance,finance.yahoo.com,Tesla Jumps 3.6% as Semi Launch and Robotaxi Expansion Accelerate,https://news.google.com/rss/articles/CBMijgFBVV95cUxQc3B2OVBTRzR6bndvemdmZ3g4cjVuYXFybDNGOG9vS1ZDWlAwclVTZXdBeGVFZHktaW81Q2Z6T2xxM0RnQTR2TWhuNXBUU1lpRzR5eUFqamtWR3RmSWtZT2xkR3VmajFoRnp0djk4QnNDa0U5ZnEzZmdrZXQ1RHVJTGczb21la2hDaTR1RE5B?oc=5
2026-08-21 03:00,Yahoo Finance,finance.yahoo.com,"Tesla Rallies 4% on Europe Semi Launch and Las Vegas Robotaxi Permits, Uber Ticks Up",https://news.google.com/rss/articles/CBMilwFBVV95cUxPZVNhdXhOOHIxYWJzdElOYlA4VDVJZTdXblAxRWJISk9aVGkzQXY3dXpNa3A1S1V6eDc3UUtseU9yNkthXzBHekl6dW1nSU1SbTQ3N1h4eG9nb3FpM2ZZM2tQc0k1eFJ4SFRfYmZEYlphRkNxWWZRWUtIYnQwLTh5RGdNcVJfRzlqYjRkcTRvS3F0S09KcVNn?oc=5
2026-08-21 03:00,Yahoo Finance,finance.yahoo.com,"Tesla Stock Jumps as $300,000 Semi Truck Targets Europe",https://news.google.com/rss/articles/CBMilAFBVV95cUxOYUlpbDNyQ3JDQjJYcmdzQ0tOSHpMNllkSjBkbjFmMHhybGdSOHFyRzNLQTkwUGgxZUdha0tGMGJGRFEwMHRnY0pUSDBBaDVjUkF2RUt0UEFRMG14bThQejdieHR5VXFvNFFZVWhxLTFwOVZBWVd5Sk1pbzlmS2tTZlB6ekpKR0NEelBhVWMyUDZNUmdL?oc=5
2026-08-21 03:00,Yahoo Finance,finance.yahoo.com,Tesla vs. SpaceX: Which Musk Stock Offers the Better Bet on the Future?,https://news.google.com/rss/articles/CBMilgFBVV95cUxOTS04dWFtT1lQOF85SHhja1ItRTl0OUNJRTNQS3RDTmNFaHdvU2FpQmdYc1Bwa0d1SXg3NlNWRXI3LXM1UzlGUld1NUp3X01yd0J5UkZodk5TNG92MDZSN2h0TWFYTVQ5T1hlM2NkUnFucXVkSGRoR09YOU9Sejljb2k0ZGxlcWV5ZWFzN3AzR2FzQ3lkakE?oc=5
2026-08-22 03:00,Yahoo Finance,finance.yahoo.com,"JPMorgan Says Tesla Is Confident of Scaling Cybercab Operations, Touts Future Models Based on Platform—FSD V15 a ‘Step-Change’ From Previous Versions",https://news.google.com/rss/articles/CBMiowFBVV95cUxPX25PaFJacnoxUnJ1LU5fXzkteXEwd3lQQzdmcFZjSVdaMTdoM09NNEhzMzVmb1ZiT05YVGxJeFVaRnZsOHd3RVBROGdMRU5wTEZEY1F1cFVIdGJHeGZZR05ic1F5Vk9UbmExdEhMREUtS0tTbWZ2UXRIZzJfcFUwMVp4UmtLSlJYbnpOdWNPaU1yTHdyVGdCcjczZ2g0ZGlDbGw4?oc=5
2026-08-22 03:00,Yahoo Finance,finance.yahoo.com,Tesla (TSLA) Is Recalling Nearly 3 Million Vehicles In China,https://news.google.com/rss/articles/CBMimgFBVV95cUxORHlOSl9aYXpWbUtkTnB3SGRsd2NvR2Rqdl9WcTU1TG9qaGVBQlBaUXlPTndZSWF1X2VYZm14ZnpuYTVveGVQbXJiempJNUVmTE8xckVkU2lERXpJbGxIZ2hiNzFLXzE1TDl1VTk1eGdLOGN0VmFWcXRGTk44eFRRbWtqRTBaZG5TQm44VmRKOFlSY0NHZHhOVDRn?oc=5
2026-08-22 03:00,Yahoo Finance,finance.yahoo.com,Tesla Recalls Nearly 3 Million EVs in China Over Door Releases That Could Trap Occupants,https://news.google.com/rss/articles/CBMimwFBVV95cUxOaUswTWF1azRiRHlMNWkxUlFISnMtbTBMbUNxX1Z6b0FCY0EybjBHeWhEQ2RkNmNmMlhuODhyVlJaME9RMG5YNVBUOWMxZkd5QmFsOEh2Sk8xY28wYjg4dm0xNlExLWNkYUJSbzh6MFV3aWdYajBQTk93UjdCb1piYkhobzNkVktNckZ0cW9oUWVVNlMtNDB6TVMtOA?oc=5
2026-08-23 03:00,The Motley Fool,fool.com,A New SEC Filing Reveals Exactly How Many Shares of SpaceX Elon Musk Owns. Here's Why It Matters.,https://news.google.com/rss/articles/CBMimAFBVV95cUxQQnVrSTFfeEtDTUJGUnduY0dNLVp2SFR4eEF4NEQ1dXR0NmhTSlMtblMtSU5oMno4cGx1YXk0RXZHdEdrbTVZeUtXMGpUNXU0Y0hQT3YzMGhyekduM2N6SDliYkhjNzFSTTBJN3NDdExnYlFEVmd3TVE1d1g3bUFQU2VXMVNQWlBqelNLcWlCbHdlRVo5dVlKbw?oc=5
2026-08-23 03:00,The Motley Fool,fool.com,"Tesla Maintained Its Majority of the U.S. EV Market in Q2, but That's Not All You Need to Know",https://news.google.com/rss/articles/CBMilwFBVV95cUxQVGNNY0c5RW8zYjIzZ2NZRFYtZ0JQMllJZFdQaVRQblZ3azhNQ1FQQXM0U1VqQ0lOWG5tdjRTSzR0RkVQazhtSndkQ2NDWG4wR3Z5dVJVYUFIMGJqQVlESVQ5ZEtRamtmdkIydVlUZVR4Q1FwOEJsdEdJSjI0aE9yaEh4YVVqejd1eFUwbVJSaTJOQThac0RV?oc=5
2026-08-23 03:00,The Motley Fool,fool.com,Tesla Stock in 2027: Why I Think It Still Has Room to Run,https://news.google.com/rss/articles/CBMimAFBVV95cUxNMDFUTmJFbEFXdUx2XzNMQWwzX2xEekNwY0FfOFVpZ0VINE1RdEdQWDNwN1JiaVJvWVhyNlBLMlJkSi00VkVhd3FHWmFGMlBiUzdtQjdsRjJPdnVpZkV0ME9hQlcxOEdGVkdScWpCZ1hJX3FHXzAteFBKXzljY2ZDT3NSd2QxSk1qb2pNQTZDazFISnBXSTVIZg?oc=5
2026-08-23 03:00,Yahoo Finance,finance.yahoo.com,Forget the Headlines: Tesla (TSLA) Is Still a Hold Based on What the Data Shows,https://news.google.com/rss/articles/CBMinwFBVV95cUxOQW43M2NOSjBXa2tpbnhIRGQ1MHZ4T1NXY0hBWVBiX0RNZnpEMzJpbU4tRUkzN1BpRUlZbDNKUl96U0UxXzdKQkNLUlliUDJhSHZSVkdVclRKTk53aC1uaVpyRzZyb0JzU3dCM1o2bUczMUpNYkIwaGFpZUh1dnZnTHc5UmtwV21RLWRkNzJKemRtRWkyajhMY1pReHFoRHc?oc=5
2026-08-23 03:00,Yahoo Finance,finance.yahoo.com,The $1.7 Trillion Job Apocalypse: Why Investors Can’t Ignore Humanoid Robots,https://news.google.com/rss/articles/CBMilgFBVV95cUxQb2hhOFZ1bFYwcDBJYUExcTlfQ2R6SldKZ1JILXpITnVrRDV5VmlhcV8weTVNd1RQck9QNEl2XzgyaVZJcTBGVURScnIzU1lWWmVXR3VDLWYyUTdXSlQ5dE9LMW5KV2NEQmg5NTM1T2ZCQUNMUk9YMXg0aGlmSTU3UHFrdDlCblp6aUNHd3NQRHpIekptQWc?oc=5
2026-08-24 03:00,Seeking Alpha,seekingalpha.com,Tesla: SpaceX Is The Only Hope (NASDAQ:TSLA),https://news.google.com/rss/articles/CBMiekFVX3lxTFA4OUZsV2d4am9scnlYTzhMdmhBT25rX015d1l2WFJRZzJ6bmlmMDNkQjJYdXgwU2tVa0tTeDY0TGFyMVc0d2xFaGwyc3RkZEFwaERiQl9JYmlyUHg5MUVtWENqcExoZGdJdGhlXy1SRWhlRXJ5eEgtcXZR?oc=5
2026-08-24 03:00,The Motley Fool,fool.com,Amazon Could Be Worth More Than Tesla and SpaceX Combined by 2030. Here's the Math.,https://news.google.com/rss/articles/CBMimAFBVV95cUxOY19uTkxsRy1MU2Z6ck1UWDFKaXp5RDltY2NzRkVKSllya0tzVjdZRDd0LU5RemUtcE40cWR5N2htWjVEdHBOSUREZm11ZVFTMHdLdW82RmpKeHRyNUxSWHZ3d1NWakMtNU42RE9Kak11czlJZkZoV2FnREZ6bnJxdEhqb0dYOThVLUpiZ2xQT3ZyRnBNcHVsNQ?oc=5
2026-08-24 03:00,Yahoo Finance,finance.yahoo.com,Tesla Cybercab to launch Sept. 3 as robotaxi bet ramps up,https://news.google.com/rss/articles/CBMivAFBVV95cUxPd3pKSW1aX2QwSmxvejhTTXFLWXE4aG5KQlkxeS1xM3EzUG9POHlZYWtja2FGYVlQLVlLNFU2eVpGRTFFZjNSRTBQUUdZQ1dkM1Y3ZExYLWJqdlVsZzdFamlKMUJGNlBFejVEeV9RWmU5Z2lpazA1cjYtTVBoS3RSYVJIeEQ3SlhmZ2tRN2IyNmdnZDRySGxwU1Vlb2dfSlNjMmNoLXRLVUZRNUxOUVZxWkxNTW14ejMtUG1lTQ?oc=5
2026-08-24 03:00,Yahoo Finance,finance.yahoo.com,Why Tesla (TSLA) Is Up 6.9% After Robotaxi Approvals And 500 Semi Deal News - And What's Next,https://news.google.com/rss/articles/CBMiiwFBVV95cUxQRVJXWC10MWtsWjJfOVBoOVR4eWYzVEFUWm9JVTl0OFpMbXJ3ay03S3hHN1lIekg0Y3BPZlhUNURqeGRkYkhqdWg3TzBEdlJsYlVibHdlWG0yX1BrVlhUWWpneEZHMXRtLTRKb2FtUmxMWnB1Tk1hRHNudzFXMHV1QzBNUjBJR2pidDlr?oc=5
2026-08-25 03:00,Yahoo Finance,finance.yahoo.com,Forget EV Sales: This Is the Number That Could Decide Tesla’s Future,https://news.google.com/rss/articles/CBMimAFBVV95cUxORVFoZ3NXeWlaUTFSRlo1a3ZxVGhFcVpaNlJvLXBaeXc4VFdiWHlGbTdKSWlnRk9iTmItMS03eHd3WGVsMXI5Zll1N2Fxbm9YQU4tQnFFUXdkZ2NyQkl1bHBuRHhMNEpPNmF3U3VSajBKN3dib05VSjU5eWxkUEtHazktX25kQlZvaUZDSVhuNjZUd1NUQ0s5SQ?oc=5
2026-08-25 03:00,Yahoo Finance,finance.yahoo.com,Massive Options in Tesla Shows Investors Placing Huge Bets on TSLA Stock,https://news.google.com/rss/articles/CBMipgFBVV95cUxPamJuV3hFcFdJRC1QakU4UUJoRC1sbUtqdGNiVE44OGh0NENiODlRV0lIMFFCLXNhVURiY1UwQTktYjUwbmZGdGE4WXQ5S01heW12enJZdmtsZUhydmpLNmxlSm90cllmZXJXMzd4dWNwV2ZJWmdtRm1mU09tYTBNbmFKYW1ndHk4N1NiV2s4YlRKUjdLLXVyX0R4UXBwMzlfb3BYSmpR?oc=5
2026-08-25 03:00,Yahoo Finance,finance.yahoo.com,TSLA Competitor? Xiaomi Joins NIO in Race to Build In-House Chips for Self-Driving Cars,https://news.google.com/rss/articles/CBMinAFBVV95cUxPWG1WUXc4UmRVWTlhS1dHNldNYmM5dlR3ZTY5d2dMMUUyU2RTQzNBX0lGT01uaGxWMjBhQVY4UnFtV2FhUkE2bVpHd19rTFVzYUljNmxFeXVZa1RTbzNOSDZNRjItdlU4UDhPbUN5bE1OVEhmT25HTks3aGNQRUdKZFh5OGtHcXJ6U2QwamMwaTdHX0xncU5rcWw1UXQ?oc=5
2026-08-25 03:00,Yahoo Finance,finance.yahoo.com,Tesla Raises Prices on Cybertruck Almost No One Will Buy,https://news.google.com/rss/articles/CBMipAFBVV95cUxOdmRnTnpZVXM5dElGS05ieWpJdklkMlMwcHdVUGhzS3pRNnB0Y0RZN19BTGZzZUM2aWFXYkcyX2Z6bVlBRkFjcFVtUW82TlgyMHE4S0tlNWJBaVRKSDRSSXZ0TnF0dlhadGxWeFVrLXU2bnhydF9taS1EaXRiQ3lFU3FOS0JnMFZlbmxobEpKSVR2X2E1SUg1YTJkOFNLMk9wOWlsbA?oc=5
2026-08-25 03:00,Yahoo Finance,finance.yahoo.com,"Tesla’s $5,000 Cybertruck Price Hike Sparks A Bigger Question: Is Demand Really Strong?",https://news.google.com/rss/articles/CBMimAFBVV95cUxQc0hkOEV5X1pIbjB0LUFfMnkwSG5sREszQ0RidENEMF9XQnpkbVR5UG9weWdvejFzVVhrRnJaNW5sOTg4c3hoOWszN01ZYzN1ZVh2dEN4MDU5YXl2UFV4RXFmOW9sSDNnaUZteDNPSDlfZXk1bG1rTjRQRXBoaGN2d2trb3QwUkFYbTZFcEU3SU8xV29FVzNSRA?oc=5
2026-08-26 03:00,Barron's,barrons.com,Waymo Heads to Germany as the Global Robo-Taxi War with Tesla Heats Up,https://news.google.com/rss/articles/CBMilgFBVV95cUxQeUhIeFBxZVVKTkJRMV93ekZwQXRybnRyTWw1dzNRdkRzQm9TQWRZMUs1MFRiQjZWelBPRV9tM19HQnZxbFV2d2NhRXVfal91Mk1pN3UzMDA0bEJxMmlDeWhHcm1hUGxoM0I0T1puLXN0VGpyaXJRY0Q1YjdXYlMyenI2cElFdGhKOUVxZzhVT1hnTkFDVWc?oc=5
2026-08-26 03:00,Business Insider,businessinsider.com,"Tesla is raising Cybertruck prices by $5,000 as it settles into a luxury niche",https://news.google.com/rss/articles/CBMif0FVX3lxTE8yN3NGQmxTMzk3NEJHaVpXZVo2Vm5uTnRUWU1SWk9vRTl6TWw3UXNEdERTbW5MWUk5RU5yQUUxTDRyOXhBSndGOUotcFFzWk9mUnlJcXRxV3YyNDQwSUdiQldLZjQ5eHdTdXZxRS1sUWliVDhnWUI5cDV5U19IUnM?oc=5
2026-08-26 03:00,The Motley Fool,fool.com,Forget Tesla: 2 AI Robotics Stocks to Buy and Hold Instead,https://news.google.com/rss/articles/CBMilwFBVV95cUxQOUhIYURkbmhDNk1Zc1pCNTdqdHA0cVlIRHhKM2xFemVlZnZINW51N2t0Rk5ndlRucWllNmxuOURNaGp4ZEVuRDI5WVRxZE1lMFhnQUpZTGRORGNlbEloSWZ5b05pSFd3OUFzZWV6bXhDTnlOVWkza2R0ZkloaU1aUXVUNEpiU3dUS1lhdnBrV1UwVWpvcUtZ?oc=5
2026-08-26 03:00,Yahoo Finance,finance.yahoo.com,Can Tesla’s Flying Roadster Distract From Its Real Risks?,https://news.google.com/rss/articles/CBMiogFBVV95cUxQZzdzWHdRY1c4RTNmQ1NwdjJqemc2RUtvX2gtOUxDVE1kcU9GeDhJUWc5NDNBY1RJTjZWV1VLWXVfMGd2c1RQOVdETWg2TWFjU2VrTEFucmJDOFViOUhHNHY3cndldFNtWGY5VElVQThHUkJTTC1YUWU3eXZCaHFkY0NQX1JWLUtIdlhxQWM3SzB6ZU9taFVMRldLR3JjNkRoYmc?oc=5
2026-08-26 03:00,Yahoo Finance,finance.yahoo.com,"EXCLUSIVE: Tesla's Biggest Robotics Advantage Isn't AI, RoboStrategy CEO Says",https://news.google.com/rss/articles/CBMiqwFBVV95cUxNRWNOMUlCUkVUMnEwalJQQlprRnU1WDRVOHRYQzB4SlR4VjNGSGMtb2RuNzF1UjJYckcyd1cyWGtTQkNDVVJ6V3poeE5nczZKOEFkZTBHWW56YUJlWGdfWTlZQ2U1UnFZSFN1WGl0dWVMV205OXB0RmM0VlNsTHdBekc4a25NVThsYmN0MG94aENmUmgyUUg1RDVGbFBqMHlSUkhPNG9zUFJwZXM?oc=5
2026-08-26 03:00,Yahoo Finance,finance.yahoo.com,Rivian Automotive vs. Tesla: Which Electric Vehicle Stock Is a Better Investment in 2026?,https://news.google.com/rss/articles/CBMiogFBVV95cUxOZmc1ajE4S084NEw3Q1Y0OGdqYjNWRXR6T3dyaGNHMVRtRHlEbTBGeVo3cGNabGJqbFUwSVotMEh6Zi1VSTVBblMtdHIyVnBzdS05eVg0RnM4LXJOTEhYRWxQaXBRWHVNMWJFTnI5UGtQQUQ0YndaZE16MUJSWmI2UXVrSDQxdXdCVVdDcHJySnQ5TmlQVXdWSHBDdDFBazlBckE?oc=5
2026-08-26 03:00,Yahoo Finance,finance.yahoo.com,Tesla (TSLA) Stock Looks Overvalued Following Its 41% Five Year Gain,https://news.google.com/rss/articles/CBMinwFBVV95cUxPS09iRkhDQVdYdGFpdW85NUg5YW5vTzBnWEFDSXoyQ0hxR21GanJ0SDJXMFh5d3JKRmRkaXZUZkdjYXJMeWwteDA2OW10cTdESi1UdHFGWHNBbGliR1RQNjZHQWIzNUUyMndYeXRSSWZ1WjAtS3JtVUdsY1B6MlZLbDdrb1E3ODkyVFNXT0JkMGpOTEhIaWFucmU1UkZ2bGc?oc=5
2026-08-26 03:00,Yahoo Finance,finance.yahoo.com,Tesla Is Worth Twenty-Five Times More Than Ford,https://news.google.com/rss/articles/CBMimgFBVV95cUxOc2pGdkZCVjZQa1luM1dCM3dyLUwydXRCR1NISzBKSTJ5WmhvQUJCZXhVVHM5Q0ZDVlhiWHRLa0tnVFlHTnBTN2JpSm0zeEFvZVVNUzRxRlpDb25kb3E3b2lRMlRCWTM0UktodXRkbTNRWnN6di03SUE3Wnp5X1VFbWk3bWFxbklsdTZ5cnl2eE1GY2tHMnlIMUNB?oc=5
2026-08-26 03:00,Yahoo Finance,finance.yahoo.com,Tesla Reportedly Says China FSD Work Continues After Website Omission Sparks Shutdown Claims — TSLA Stock Slips,https://news.google.com/rss/articles/CBMinAFBVV95cUxQaWNQZVA5YUdDV1I4alUwTXgyTFZfN1BTVjV5THl0OEhBUUctYy1yOVh6bUJGaVhpSEc3dWkwamIxVWFGYjBIYWVaNnhtMU9iV1d4UTFZbUpYa3FvbF9fT2J1VzctSHlEZDFtTTFJQlktMUlEdU4xeWQtOHRwOHVOeHVZclpQZURYXzd4Z3J6anB6VnFaT1BKRXhGTzc?oc=5
2026-08-27 03:00,Barron's,barrons.com,Why Nvidia Earnings Matter for Tesla Stock: AI Compute and FSD Training,https://news.google.com/rss/articles/CBMilgFBVV95cUxOTF9tVTUtTXQ0VUw1Q2lfa21iY3NRUFdPaXdtQTBOZm9iTUxnVDNtaWRPODVlbEJGLXdZbXE4bE00LTl0eTlKV3o3ZWxCNElQQnBNM2MwTUFyRlVQSjFEdWVvYklnNEVnNWU0ZVhHQ2FneGhYbmJ0ZE1IMHZDV0NPRjNmS0dkbFozZWlsOWlfMHVJUHpTZ2c?oc=5
2026-08-27 03:00,CNBC,cnbc.com,"Here are Thursday's biggest analyst calls: Nvidia, SpaceX, Tesla, Alphabet, Meta, Salesforce, CrowdStrike & more",https://news.google.com/rss/articles/CBMiiwFBVV95cUxNU1pwQnBjMDF0TlktZGVEeERiWGFBZ2hrVkx1YlBOcFY5Y0J3QzdQaFNhelJQSk1lYTdIcXY0cWNtNHVLTzNlNnFOZDg0NjFwelZTLUFYUmpkejdEcHdsZ1BfQjVxbFdMTTNUZ2VHdDc0eG5fRHNxbFpQT0lNRmJmbVZkbVZMRmpyWVdV?oc=5
2026-08-27 03:00,The Motley Fool,fool.com,"Despite Its Flaws, Tesla Still Dominates the World in This Index. Is the Stock a Buy Now?",https://news.google.com/rss/articles/CBMilwFBVV95cUxPNlpqRUJSNFYzX01Pd2NQVUR0ZWlmMDRGV3V5WmtTakJLTVUwX0NBZW9ROGdSQl9ja2RlWEdVQjduYUp4OVJJc0lKWlFZOVdkNm9WaG1odWIyaE0wc09ra1VIaFlyVk9vQ29jenVMTUV6QU0xdXBySWtkY0JUMHc1MXlCRmx6b3NKYmk1LVg3dW5WQTUyY2hR?oc=5
2026-08-27 03:00,The Motley Fool,fool.com,Elon Musk Is Expanding Tesla's Robotaxi Network Beyond Austin and Miami. Here's Why That's Important for the Future Success of the Stock.,https://news.google.com/rss/articles/CBMimAFBVV95cUxQUGZZaFFDczFWcThoS3pxMGxDX2lmVnRkZVZhSUNEaEY2YXhWTk5hbDFUal9VVnNYVGJqeUNoekdld3NKVDdTVnJidldCT3dCNlZrOVlTdFFZNjF5UDBqNnRXSWVleTc5anBWMDJ6WlQyR0pXS2VNbW53bmNxQi1Sb09uNXl3Qy1ZWGxkLWNaS0pOSmNwMWlGbw?oc=5
2026-08-27 03:00,The Motley Fool,fool.com,Tesla Announces Semi Event for Sept. 24. Here's What Investors Need to Know.,https://news.google.com/rss/articles/CBMivgFBVV95cUxORUpxN2JEWXdkWkhLQ3oxbkU3WUZIM0t6LVZ0blRLZmZ0cWlEaWx6d1hsd2J0OWYyeGNxQkZVV0N6ZENFQm9pcWlYLVFHZ3FpRUNjVTM2aUV4cnpJc3JUSDBrNmFlQV9sNkdJa3hueXl5Q3ZVRnBQX0ZrdXQtNlc0YTRxOGtRc1VzTkRGRTM4QWt4dnkyYW9RUEY2ZEd5VldqUk43SjJKS3BBdlNvMUR3YnQ5Z25TZUtvYVFVSU5R?oc=5
2026-08-27 03:00,Yahoo Finance,finance.yahoo.com,Ford Motor vs. Tesla: Analyzing Revenue Trends Between These Automotive Giants,https://news.google.com/rss/articles/CBMimgFBVV95cUxPWno1dkdtd21uajBxS01jMnN2akh0a1doRlhtRTVxbS1zS2V1a1FhbEpaQnZpWWM1ZzVnVEUzTi1nVWFjcmxoRGQ3dFpaOWctYnl2Qmg0QUZCbFdFeUxXTEhReXJrWmlPQzZjWW1HbWRXbE9ZRWtZTFNzS3lHS3d2RmFneFlaR0NfVl9CRDFOcmRpNHBRWC1VU0hR?oc=5
2026-08-27 03:00,Yahoo Finance,finance.yahoo.com,I Sold My Tesla Stock: Here Are 3 Stocks I Bought With the Payout,https://news.google.com/rss/articles/CBMilAFBVV95cUxOMkdoN2d3YzRCaTBTcFlvRUV4MGlqZnRqUmlSbVFKeEN0WkRFTG1QaTNiSFRyY3VMSjJIRE1nUlM0SndtQTFIaDliczkxQ0VUemFITzlZOG82SDVGeV9LT0tOckl6ZnEybTFGczlFcEt4TllSbkJDbWtlcHFoUnY5ajF2NFUzT2JkLUhNNjFYY0VVLXdt?oc=5
2026-08-27 03:00,Yahoo Finance,finance.yahoo.com,Optimus Just Entered Production at Fremont. Here's What Changes for Tesla Investors.,https://news.google.com/rss/articles/CBMipwFBVV95cUxOOHVJYkIzVWxKbkc5N3BOaEtPZXBQanRFRnhWaFljWklBVUJoZVBfZGJ5cFgyU0VCYkEwbGx6QmRZOVdGYzYxdk1BMU9BWGxkNEpYRU9PSDVRbzVFMVRvT09sdl85cG1XZlM0ZG9PaDdvNURjOGRvY0laSk1ialYxMGVucHlRRk9xS1ZXdF91VTYtYWMtdFlFNFJNUTI3eTMwX1RQNmtEWQ?oc=5
2026-08-27 03:00,Yahoo Finance,finance.yahoo.com,Tesla Stock Sits Nearly 30% Below Its High and Still Trades at 330 Times Earnings,https://news.google.com/rss/articles/CBMilgFBVV95cUxOQVMzWUpHU3BHMHdUalloVEZtS3RxTWRNR1hkN3pNS0dsZVB3NWZRTWNrQzVGeXRkZk5KSGl4UndIVkc0UmhYTzJ3R2xQQ0VmTXBwVDd2V2k4MXJmU25JSm9NTHptQ2EtQkNLdjF4cGpIWWFXRVJkU2haMTlvT0xIeG84SzNOQjIzTGJiVGc3RHdySEY4QUE?oc=5
2026-08-27 03:00,Yahoo Finance,finance.yahoo.com,The Demand Signal Underneath Tesla Stock's Cash-Burn Debate,https://news.google.com/rss/articles/CBMipAFBVV95cUxPSjNPcTJLRU50VERsMVJtaXRwQkNTQ25rZ2NmV2w5eGRHaHg2REkzeG1PSnZFbHotb1dzeXM5YUYxUFV3N1ZXTUphX0R1blNSNG4xdHktZnBSY3BCLTJJcEJqaXFrcGJhUGtuQmlieHYxa1NGYWx2TzNUZTRIQ1VMZU00V0hTYVRNTmxCYzFWYmNMZHdtdFVNUUZidVVDYWt0a0JFdA?oc=5
2026-08-27 03:00,Yahoo Finance,finance.yahoo.com,What Is Tesla (TSLA) Really Building With Optimus Robots And Its New Starbase?,https://news.google.com/rss/articles/CBMimwFBVV95cUxQOXJjMlZfRTBGcGUxcUdqeTlUWEhrVmN5Nlc3QVRTazEwUElQcEVycElxeERRb2h1MXZ1UTkwZnk4SkxRaEFkN0ZPbTNTOUJRVU8tcmVmSzFBZ2tZaF9saDZLbE1GYk1qSnRqYmUzSkxzM3l6WW12WFhlblc0RDl2LWRNSlFaTXhoVWpTcnFCTkc5dlBwb2E0YVF5QQ?oc=5
2026-08-28 03:00,Barron's,barrons.com,Tesla Stock: 3 Reasons It Hasn’t Kept Up With the S&P 500 Over the Past 5 Years,https://news.google.com/rss/articles/CBMif0FVX3lxTFB0ZGxVVUxxTGlmRFVDWmZwTlJZXzBNaTk1YUozYmlIcG8wV0wydENUelNMZjJ2N05RRTQ5Z1R5YUZGRy1NX1J1Z0hKZVpzNjNqWFpyUEZpSjBRazQ5WllhdUJ0c1NfWFl1eWV2ektHS19KZnQtN2ZsbFY3Xy1EUGM?oc=5
2026-08-28 03:00,Seeking Alpha,seekingalpha.com,"""Tesla: Autonomous Monetization Begins, But Not Priced In Yet""",https://news.google.com/rss/articles/CBMioAFBVV95cUxQWHlObjNWNmwzZFJHUXJ1LWFWRWZIT1p3SGxxZWJoWmFKMHctSHRzZURqODdUR1RlRTVzTkFqZ1lTY1dja2VJQk9GVFhJRG1sbFozSVdhajVEZTdKejlyQWFiN1B5R1JqcTllemEyV01XOFpZRGFaNlpQQVlJTVVlcHJkeWtRbnlRWk1CSjd3WkotRTNJOW1mM3BheHBUTExf?oc=5
2026-08-28 03:00,The Motley Fool,fool.com,"2 Premier Artificial Intelligence (AI) Stocks That Can Plunge Up to 63%, According to Select Wall Street Analysts",https://news.google.com/rss/articles/CBMilgFBVV95cUxQTzdTMzBmWFVlTlNHLTRBTUlDdF9UT0pWd1hQc0VTdFp0NXBpZmFlT0pZUGphZlNfdmlXdlpvZ201NGF3TlJnM1NKSGhyQ0QtX2dzUVUyZ3FWa1RocXdZU3pPT0lFSF8zWk1lOHRZVWp1T19XaGEzZDExTzRwUlNUQ0Y0UGlHVHNYWnAwX1h0anR5a2RCYVE?oc=5
2026-08-28 03:00,Yahoo Finance,finance.yahoo.com,Is Tesla Stock Underperforming the S&P 500?,https://news.google.com/rss/articles/CBMinwFBVV95cUxPVWZwc1NBOEw2bFpuNDQySV9KTU1fQkYxaE1VUGJyVzZEakMtSzlsMWtwM2lpeTlxRVZmYWptNnM2cE5weW5nYVRpVnAyNGV5dk53MUdfdnBBUEQ2Q1Ria0RBUGhVT2c3VThJSlBBdEdEVFJfa1A0MkFyVUppb0tfa1lBWGFIUDNLbEp6bHN2SFp3XzBZNHRPUnY1U1ZENWM?oc=5
2026-08-28 03:00,Yahoo Finance,finance.yahoo.com,Tesla Stock Has a Huge Catalyst Ahead. Here’s How High It Could Go,https://news.google.com/rss/articles/CBMinAFBVV95cUxPQngzQUR3bzFPaGUxa3AyMGNPRE5tU056TWoxbkp6TjByc1pyRF9UbjRSTUZwY3Z2aHQyZXFzZzBPQkZZNWRuYzFKYzZia1FtWlZ5RDdqR3EycV9nZE5DMjRVT19iaWJyUWRDNnl1eURFc3VWZU5hOTF2bkJUNmxCcjN3ZFlxdENpMnhVM0JPNGZOU0ZSeTJ5U2VJUWM?oc=5
2026-08-29 03:00,The Motley Fool,fool.com,Most Investors Want to Dump Tesla. I'm Not One of Them.,https://news.google.com/rss/articles/CBMimAFBVV95cUxPbFdSR3hDT1l0XzdGSEczaTJyY3ZRVVdocnV3M21pSzB6ZXRyUW54aENEdElsa3QyT041d2hKSkRZampISmR4LXpZQ0xsNmlla2tHS2F5SVd0UlFzQ29zcHJIR0NCZXh3V29lTHBucnRJWVRob01icWIzVFFGbktlbWY5aFlUbDVVdFd4TDR5SmlQQ21tc0E0Uw?oc=5
2026-08-29 03:00,Yahoo Finance,finance.yahoo.com,Prediction: Tesla Stock Will Plummet Below $100 if the S&P 500 Enters a Bear Market,https://news.google.com/rss/articles/CBMiowFBVV95cUxPSmN6SzJ1SlQ0WGtGZmVUOHlZNjF3d2YzZF84MFhyUjlBa1Rzai1GeDdneE9NWElVYUstTWhwQ2VycVU5YngtSG1zRFowb1NRN1I5YlZZc1JYMWIzVTVUWDdNVzRYVXdxeXFOdEQyYWpoWVZsYndyM3JOeUg5N2xNY2NNT1FWamFERnl2NUlQMF9yWE5ieFZ6SFlVWjYxdE1sWGg4?oc=5
2026-08-29 03:00,Yahoo Finance,finance.yahoo.com,Tesla Stock in 2027: Why I Think TSLA Still Has Room to Run,https://news.google.com/rss/articles/CBMilgFBVV95cUxNZVU0XzV3cEhfSjlYLVBDNmhsc2ZVZlVDa0JhRGZ3eEJvUV9yenFQdW1FT0U4aUJtdmtUWVUxaG00alVFcy1iMTQzZGVkUFJadV9aU3J5YXRlX3phVHlHaUhndUVVUWdBZy1xSURoSFM2Y2ZwZkpMMktxMUdiTHhyZ09lSlhHNEROX2pyRHR3OEpuYXI2V2c?oc=5
2026-08-29 03:00,Yahoo Finance,finance.yahoo.com,"Why Tesla's Optimus Robot Might Have a Hollywood ""Problem""",https://news.google.com/rss/articles/CBMimgFBVV95cUxQQzBRckk0N0dIZ1ZUTFVGdXY4UnlyT0JYMWtpOWlvVnJRMmY0V2lNMnA2amxmeUQyVEFReHRQeUxsdkVqMzRfQTNrY0NLMmNPT2NsUDV2QkVheHd0YldEVkNEWmpMT2N2MnZlTVB4c3RYdlFWN0dwWFFwTkFHNmVZaEdmZWdld2p1WmZLVVR6XzR0Ml9EZDN6ZVpB?oc=5
2026-08-30 03:00,Benzinga,benzinga.com,Gary Black Says Tesla Robotaxi Skepticism Comes Down To Market Share - Tesla (NASDAQ:TSLA),https://news.google.com/rss/articles/CBMirwFBVV95cUxOV09pY0ZTS3pITmFCTHJTbE1uTHZMd0xBWGc3cXdWc1NjTjJUTTdvbDdpVUZHMUk3TjY1VFJwb2dQSDBzbUFYaW5fLWE0UGtpZWVTRXZOVUV2ZzN3NTBpMjlyLW54TjdzOXdETmxrdkF2Q2dsTWQ1WnJ3ZDVaVnp0WVZrY3JuSS1rSi1hc0ZtTjN0eWhRWkRWUUZMTWtPbG15WUdsazNUaTdOYjVRWG4w?oc=5
2026-08-30 03:00,The Motley Fool,fool.com,"Tesla's 2026 Capital Budget Skyrocketed to $25 Billion, With a Lot Going to Scaling Up Optimus",https://news.google.com/rss/articles/CBMimAFBVV95cUxNbUk0TXZpbldFS0FhWEZqaXF2TGdNXzd3UlBOSUVHSzdKMzhVSEhZRTRKcU94YlQwRm82WXJKeUFEQTVsU2RRdEV1blhFZGRoUVp6cUlHandGaUVDWHVxQ3JFUHAwT25RcXppZ1AzQXRtUWw4RThOMVpSQnl5cjh1blF4eGtxOU9Jbjc0VzZiSlY0UlEtT19OZQ?oc=5
2026-08-30 03:00,The Motley Fool,fool.com,"The Most Active Stocks Today Include Tesla, Nvidia, and Apple: Here's My Contrarian Take on All Three",https://news.google.com/rss/articles/CBMilwFBVV95cUxQd3FqaWZMTWxvMGtwdFlkV2xaZENBd3JvdFdCbUZLaGlmQ05nenVpb1BYY2NfeUNvWjZfSGt1RDFmNXhIbEJLSkU1YWFEWFNrOGtmUjAyUGxRamZjSXFiWVYwNkdmQnJwSXdaeUNFWHY5cGJDRldyNG83bFRkSUk2cFJGdkQ4ZUlVVXllNjIwS0t0Q0k0eXZr?oc=5
2026-08-30 03:00,Yahoo Finance,finance.yahoo.com,Tesla Just Killed Its Solar Roof After Years of Struggling to Scale. What It Means for TSLA Stock.,https://news.google.com/rss/articles/CBMijgFBVV95cUxONDlybEJ0U1VaNVUtTk5lRW8wQzQ0ZW1pcHZidmh0OHpKOV9IWW12VGpMb0s0T3BRcUVIWU5ONXJxelBIcVY3STJrY1k3R2x4azJYNS1HdURLZ0lYaUE4OXhkU1ViekVuSFBOUVlvOXpjbEd4TmhRNEVFa2VxZFpfbkdqNkdCR1ZuMlE1bmpR?oc=5
2026-08-30 03:00,Yahoo Finance,finance.yahoo.com,The Biggest Risk Facing Tesla Stock Right Now,https://news.google.com/rss/articles/CBMinAFBVV95cUxNSnNrdDZILUYxWWVmeUVQNGozQm9tTFZLNzVxVkpLMGVpZDJ6VDZTSWZqeWZEWE9DSnZncWVkTU5vUEZfRXpRdDBweEhVTk50UUZ3d28tWkNaOXdTdUhSVnJhSUFWNW1pTjVyaVd2OG9SYS1fT1VWU00zX3FiVXBTaXFvOVVQSTVmSGE1WHYwZW5iZVlPX01GakJxYzk?oc=5
2026-08-31 03:00,Barron's,barrons.com,Tesla Stock Rises. Next Up for Musk’s Self-Driving Tech—Potholes.,https://news.google.com/rss/articles/CBMiiAFBVV95cUxNVW9Ba1Q3UTRBclBUeGZST2ZEQVRhQ2VZU2toaFZhUXNnM2RLZjZnUUpxZXpaZ0Z6Q3QtbG1RZFNmOUpzQmdrUjlndGRkNmdnLWN5UERLQ3ltOFBVSkpzNm5TbWd4cmE5VWEydndHWTBvbVM1RnlObDBXTkl0M2hTcV9MZWQtZVZK?oc=5
2026-08-31 03:00,Barron's,barrons.com,"Tesla, PG&E, Nvidia, SLB, Pinterest, and More Stocks That Explain Today’s Market",https://news.google.com/rss/articles/CBMiZEFVX3lxTE9CM1Z4ZXJzWnZUZU9Nam5TaXpmV0tYV3ZwbU1yMmJUWUFrX09kS0dScGloQU5DR2NLbG9kVXZ6TTgzaFlYcGMzZFF3MUlwUUsySjFmbG55c1lHQVNlQzRWLTVMU2g?oc=5
2026-08-31 03:00,Bloomberg,bloomberg.com,Ather Energy’s 130% Stock Surge Leaves Tesla and BYD Behind in 2026,https://news.google.com/rss/articles/CBMiswFBVV95cUxNMFZXajJPN01WY29Ya3hNMnJ2djluZUxwREtmNFJMNFlISDBSWnhrSmlaVGd5YXdTamt1emQxWW85a0ZGZ2ZKc3ZCdmVjalpGeWlOSWZubUFyR0oxTmcwMVVYRzltNEVDNTZTQ3RQallEeE5TWTg3NEptS3kyR2pzUDdTbTk3bEdqUlF4ZzRwX19MSTZjaFBBYWg3X3dnWUdhTnROR2s0bEQzRENRYkViRVh3Yw?oc=5
2026-08-31 03:00,CNBC,cnbc.com,Options traders bet on Tesla volatility,https://news.google.com/rss/articles/CBMiigFBVV95cUxONTV6UVFwUkU4NlpwOVdPbTdCTTNQSEY0YndXcURzVmhXRGVGb0VFZHdINUtYNmVNeUVGU3pWS3RmODdaRFlJYVVlZjdaQ1FHY3VFdUJGT3VDVEUwTHFQWDVJV1hiYVA3WFBwNHdLTjQxaGpweUVONnJSUjZCWGZ6Y0V5bFJ5WE94Rnc?oc=5
2026-08-31 03:00,CNBC,cnbc.com,Tesla sees $1.5 billion in option premium traded intraday,https://news.google.com/rss/articles/CBMiqAFBVV95cUxPTHI3RXNEWWdCY0V3bWY2Y2o0dUgyZDlGbmlHWkNXY3ZvNHhFWGpadFRuSW9fMk8yaFh3clBSSlRrOGhLM092eEJyR0FDNklDTTB3YUlpZlJISjRfaTFmV1VlZnp4cHpqLThBZU13WnZZcUxGRE02UHFDa1Z1ZjBjOWluTi1ocENsb2Iyb2RDdEhrSllaaTZfeEJ2ZlJUY3VYdUpfYXV5V0Q?oc=5
2026-08-31 03:00,CNBC,cnbc.com,Trade Tracker: Bryn Talkington buys more Tesla,https://news.google.com/rss/articles/CBMikgFBVV95cUxOOW8yRk1ieFVodGt5eEFEb1RqTDBFN2lKZVE3M1JVTkdVTGpTQk9Xck9rQW9IQnpndE15LThkemh0MkJMOC01d3NMdWdhSmxiUzNEZ1ZNV2hRUzd1eHc5cVcxWmItWngyLU9zWWZDTmhNRS1ORzlPd1k4Sk5KdnZqYTFRREFKRjE2YWZjanBMWnBOdw?oc=5
2026-08-31 03:00,Investing.com,investing.com,Tesla and Alibaba among market cap stock movers on Monday,https://news.google.com/rss/articles/CBMiuwFBVV95cUxOSWZkQU1NcDhuTFIzWVFtd3lMeXg2WW13S1hmWWNqQ0RSUlVvOHF4WXJsQ04yQnJpdEJEM2xJR2lJMU1rSlh1bUcxT1BUNXFFVTA0QV8yX2dZdGVOR2lqRWpRb3Y5dDRiVk9uUHloSTZlTHFESFBHU01rbTlBUHZTV2ZDdmtmNFFPWjJJaHJCNWhMbFhjcVVJOXcxMERETUxQdTdzZGJ5U3lMS3NfQzR5N2pzTDFRa1hXeTl3?oc=5
2026-08-31 03:00,Investing.com,investing.com,Tesla trapped at $350-$365 after $381 rejection: Hourly,https://news.google.com/rss/articles/CBMipwFBVV95cUxQc1JvYUoxbFJjTmZadHNXaHBIbEloZWxzeDN3c3FHR2NxTzZxQ1Q4ZFJfaHBQelBaTkluT3phRFcwYWpPZURXbFFQVmpqUmc3MVBrMjMzWUxiSWdXN2pkdG9XbWlQLUV0UXdPMzdFWElJTzkwazBYV1l3X3VkRjJ1MXM0NFhvWmwxWlFycTdHWllrRGUyNHRBT2tpQ1hzZG56eXo4T0FkVQ?oc=5
2026-08-31 03:00,Investor's Business Daily,investors.com,"Dow Jones Futures: Trump's Iran Warning Sparks Stock Market Losses; Elon Musk-Led SpaceX, Tesla Rally",https://news.google.com/rss/articles/CBMiywFBVV95cUxQbkJVODJkNkdsUHJtNWV4Vy02aEJxeTFwMmtZSEp6RS1KWDRKN0l2Zy04ZU9Hd1ZVZDJnTHlrakhINmJzaFczajJHYmFJcUl0V24zeWZ1UVdBbWdJREYweHo1RDkzVGlqWmJDZnZhRjRzNS05OXJHdE9scUhKNXcwU3M4UmtXZEIxYWotaWg2Um81OU15bUVNaklPWnNRZ0pzY0J6RExPZnU1V3d5WW1HQXNsNVJwcFBlMklNYkNROVR0NEhJVWlQbW9PWQ?oc=5
2026-08-31 03:00,The Motley Fool,fool.com,Why Tesla Stock Stepped on the Gas Monday Morning,https://news.google.com/rss/articles/CBMilwFBVV95cUxOWW5jbWlyYjNIQU9LS1Z3ams2QWpQTGJWLXBqd0NrYzhGbENHMzV1bXJxQkpDUzg5QkhKTXpBWXJVQndnYjk4WUpxRllvSF85ZFktNEh3RUN5bTZYYkR3NGVkRzIzQU5pRi1HZDNiRTBXNXIyN3FUbGFSS0Y1SU9ORWUtU0s5MGxZSHdmQlZaOU91QnRSYzdV?oc=5
2026-08-31 03:00,Yahoo Finance,finance.yahoo.com,"Dear Tesla Stock Fans, Mark Your Calendars for September 3",https://news.google.com/rss/articles/CBMilgFBVV95cUxNa1RNVVN3dGFBOGVocFg5YWx0Y29jNGlHaHhzczBMWExlTmVCMUJLSFRZOUNBQjQ0RnJKcGdoZ3dQMHBjSzluTVBXVURPdFdCZGFydVd0a1VnSDVybF9YSGwwR1QyY0RrU1NmejZYQU5DWFFPX0VuVU03eTRSV0RaTHBYeS15cWEwdjcyOFZGNnZ6M3FUU1E?oc=5
2026-08-31 03:00,Yahoo Finance,finance.yahoo.com,General Motors vs. Tesla: Comparing Revenue Growth Trajectories Between These Automotive Giants,https://news.google.com/rss/articles/CBMinwFBVV95cUxOeFU1c2VNM0NzMHduQ1BjT1dVSnIzaGg5MDgtVGx4VWp1UGR0TjRGX3Z5U3ZocTdtRU44eW1URkdJT0xJaHcwbGs0UmZEOE1STHZTaXdydTlzU3Zva29sUGd5X1FPNzlZXzQ0eU8wQ1I5ZTYxOUV4Uk5uRE9QSm1ncU43SE11cVIyaGVLM0lMcnNiVFlfVkJST19JVjAtRkk?oc=5
2026-08-31 03:00,Yahoo Finance,finance.yahoo.com,"Stock Market Today, Aug. 31: Tesla Stock Surges on Cybercab Event Anticipation",https://news.google.com/rss/articles/CBMilAFBVV95cUxQeWl5ZUhHQ0FXbDJfQzBUZlBPdm5vVUhBQ0paeDJaZ3BJT1pERGpLaHZJSDdYaUVLRGNhXzEtUTlVRGlDbWlkVDJJOE12U01ZOE8yTE4ydzNyZFpMTXFLT3hiYnFlcHY2QjJxZHRvMk5vcmxsbmhfbTllNl9iMnVTUy1LRkRtcktnVk5BY2hBQ3dpRDJn?oc=5
2026-08-31 03:00,Yahoo Finance,finance.yahoo.com,TSLA Stock Jumps As Cybercabs Hit Texas Robotaxi Roster Ahead Of Launch Event,https://news.google.com/rss/articles/CBMimwFBVV95cUxOcGVJRHZqc2Vub2NpWlcwNGFmWjgwZlJpR0RBUnM5RXhUV09kYjJEanlZQ0x2dUpIOE54czU2LVkyZk9Ka3BORkVRWGgwdExiOUNXLXhvREttcEc4azRtbVphbmdxVHNYM1FEbXFmUjljWE5GSDZFTGZod0JtcWFHRUxIYUd3Q1kyWXhESjJEd3p3UXFHTngtU0VRZw?oc=5
2026-08-31 03:00,Yahoo Finance,finance.yahoo.com,TSLW Pays Tesla Investors Every Week. Its Share Price Is Down 29% This Year.,https://news.google.com/rss/articles/CBMinAFBVV95cUxNYm9OVHlkaXhKcFhqNlVfN0pGSmdiMFdQc2JSb29iNFp6ZFFnV3JGVmN2V2VsWGlwZV9zNm5lWnZoNE1vQjNMQThPcmlMWTFkTzV6ZTUzS2N1aHZXS09NYlZzSVRjSDVDVVAtN0xXYV94VTUyMC04RkZ4WDU2aDlmYVRSVVBWTElwbFpJUGI5SzhYTWoxdDhGREZPQkw?oc=5
2026-08-31 03:00,Yahoo Finance,finance.yahoo.com,"Tesla Cybercab Hype Builds: Cathie Wood, Chamath Cheer Musk’s AI, Energy Push — But One Analyst Calls The Bull Case ‘Absurd’",https://news.google.com/rss/articles/CBMinwFBVV95cUxPOHJOZ2lpTUdOdDc0SWlNd3BpVXNmUFdmaEFYTUtBYVd5UDltQzhPckJVOFdUbE1rSS1PNXVrcERleC1NcXhVN1pFbUpSWjZwRDU3SUpSakJPM0M0N3o1MFkyb2pxczdzV1BPZkU2cVZaUHY0Zl94dWwtb1czeEN5WWtGZFNCR3ctRkIyWmVBSnltdW1way1ZWVhYVFF5Vm8?oc=5
2026-08-31 03:00,Yahoo Finance,finance.yahoo.com,"Tesla Is Raising Cybertruck Prices in the U.S. by $5,000. What This Means for TSLA Stock.",https://news.google.com/rss/articles/CBMinwFBVV95cUxQNG5yZ2xtWnpiWldRdnJkVHd0MzZ3a3J5NmhCT3hPWkJJZFpISndiZzZTS1hOblN5UlJwTTB3Q0Z4OUs4QnBJTWxsWF9DMkZmR2ZkVFZpNmJJWm9ueE1TTGFSV0xOX2E1emdZdkhOMHJkY2tGMDBNdkJqcGdqSk4zMS1zQkhFWUVLSllPOWF3S2M5REk0SERzRkJYbjBHREE?oc=5
2026-08-31 03:00,Yahoo Finance,finance.yahoo.com,Tesla Jumps 4% as Oil Climbs to $86: Is the Gas-Price Trade Back?,https://news.google.com/rss/articles/CBMikwFBVV95cUxQaWlCaU5pbzhNeFFNaVQ1ZHdIcXZidVFvcVpKOTJoSUxpM0o2dlJwUGdldks0NHB6Q3FWY2RDemtVSmtSVHpKMDlhazNTUDhiYUR5Slhpb0pTdmwwR1U4QlhLSmt4akktM0lpQkFuRnRuSjczcW1Zdk9zbWlGVV9vRzRoZEZTd0xkSzdXV0xIN0NPUHM?oc=5
2026-08-31 03:00,Yahoo Finance,finance.yahoo.com,"Tesla Stock Crushes Rivian, Chinese EV Rivals In August — Wall Street Sees More Upside Before Cybercab Event",https://news.google.com/rss/articles/CBMioAFBVV95cUxNWDUtY0VMRTk3NjV4Zk16dFV4c1VpYnlONi10Zy0yS21MbUJma0IzQW9TdVhWOHdUeXczdDRwTG5DY1VZb3NFSjVyUzZ3aEpJYzBRN3kwUXBBekxOdjl6NXJyZVZVMW1MM2lOci00b3BfN21kSkVFQ1dBX1p4UkJCZXNpNHl4TFJjcV9SVjdMR21GLWFuV3ZFVHRCeXhRV2M0?oc=5
2026-08-31 03:00,Yahoo Finance,finance.yahoo.com,Why Tesla (TSLA) Stock Is Up Today,https://news.google.com/rss/articles/CBMilgFBVV95cUxQQmRoYzFzYllTTjB2Z1V1ZUVLY1RCTVYzZTdvNE1uMlJoZ1VQVHFDM3ZfdUZTQWJjQnE4dFRtTVY2ems3emtKbUJseFo1RF8zMFRYMGRFejJVUzNqazlxSVY4R2ExX1cxOHlVY1lfMGxmRWZIR3psVzk1MlFQU24ySU5ncXZlNTFVUDIyTWYyd2ZfNzNVd3c?oc=5
2026-09-01 03:00,Fox Business,foxbusiness.com,"Elon Musk is the 'Thomas Edison of our day' but Tesla stock is priced for perfection, says Tom Hayes",https://news.google.com/rss/articles/CBMiW0FVX3lxTE1HczdvZFlkb0hIdUpBeFozSE9MZU1jbnA1UXdhVXEzUzRJbV82dk1CbTh1aTJjQVc1LWFNaWo2R1ZUSlFQM2ZrSEF2UVRQdWhMT2lqdWJsdWs0UjQ?oc=5
2026-09-02 03:00,CNN,cnn.com,SpaceX investors may be overlooking a major risk: There’s no replacing Elon Musk,https://news.google.com/rss/articles/CBMihAFBVV95cUxPUjgyLTU0N1pHNjIzNUMycXlyeU8talJXcmQ3bWpvSFU0WHlMWEhxSk80NmoxUXZKdndIdG8yalpnNzYyZlV2N1R5cGtHdTgxYUIxcUgyWk5sRjNoRFpPMms4ZW81MVl2OUVybXZkTjJ1TC0weDVmTU9RLWJrdDV6VFVLNXE?oc=5
2026-09-03 03:00,Barron's,barrons.com,Tesla Has a Cybercab Event. The Stock Needs More Than Demo Rides.,https://news.google.com/rss/articles/CBMijAFBVV95cUxOSGhacnlXMndGcUtpV0VqWmpZeG41bGZPVHZxNDhMZEZzVks5bHE0aUY1SzFmSmZHNlE4dUJoQl9hTm5XZHptbVVLb1F0MkpjYjlNNGR2SmdEUUhmUnM5eDc3T1hBMWxRdFFVNHJQTGQ1bUxYMWJ4VFBhRnhDZHpBUzV4RHVpOFdwTksyeg?oc=5
2026-09-03 03:00,CNBC,cnbc.com,"100% Tesla and SpaceX will merge, the combined entity will be must-have for investors: Ross Gerber",https://news.google.com/rss/articles/CBMipAFBVV95cUxOVk9MY1RWd2JMTjc1VnBhcXFXOVJWazZ2aVh2ZENSNDlBU3FPVzVYTkZQRmhyU3lvLXRBNDMtQzMyV2F4VzJYSHVOMldQTlh6NWtBd1dubDlTSHp6Rlh5VU5mX2xVWE5zMGcxMGd5OFlwSzQxNzlKTER0eXk1dXhudnVpSjE2Q2xhXzF5bnZkR3ZxMmJEYXhrQnlqZlhDWktaYnVQTQ?oc=5
2026-09-03 03:00,CNBC,cnbc.com,"Options volume erupts in retail trading favorites as Robinhood, Tesla surge",https://news.google.com/rss/articles/CBMisAFBVV95cUxNdjFnU1V4UzFIUmsycm0tbkd5RVVITU1kODVPem51UTViN1VhUHc5ekFRZkFoRkd1QzlfaThNOEw1LWluaHk5ZDJxUzg2TzNpZk54ZlJNUlpvRGs1U012X1pBbGhBZ0pESDlKYUVqUHBmeHFVdGRQWHJ4aXpXZGl3eW0wdERFQUxjUThCUTh6TDQ1V1duQUhQX0ZjVkNXXzVQQ1oweTBCM2hlS3U1a2twWtIBtgFBVV95cUxQNEtfX05PUTBjTVpQdHQ1Z3dOM3hsSW1VaVhEV3N1a1ZFaHRLZDIwTVQxV096VzkwUGNtbDhfbWh1VmF1Y2xhOUVqdFJaX2VhQng2OEFIa1JmV05oXzB2Vk9tVHU2S2FkbmFMT01OblA3dzhtR0ROR09OSl9JZ1Z5NkVlNl9VT0RVYlFDdFVxLVozUGtlZk1SRGtiUTJ3cnl2REpSU3ktNzdFelZTeElSTVFsR1BwZw?oc=5
2026-09-03 03:00,CNBC,cnbc.com,"Stocks making the biggest moves midday: Tesla, Ciena, Meta, Snowflake, Ultragenyx Pharmaceutical & more",https://news.google.com/rss/articles/CBMiogFBVV95cUxNWHVmaFpkMEFGVHFrUVdaSUE2T2RHYnZ4TXVLekJDVUl3U08wbmJlWlFUYTE0dURsUGlDUEtTMHVmbHd0UGhTaE1qWDdXV25oQkNZc0ZSS2hGOWVpdDBxeXBpbThOQy1nU2dPVld0UVg5bFZDM2JfMDhqRDNsZllaczctTU5FMlR2c3ZkU2VCbFQ1NkJtWndsQTNDa01ZbFRaZ0E?oc=5
2026-09-03 03:00,CNBC,cnbc.com,Tesla shares jump ahead of CyberCab event,https://news.google.com/rss/articles/CBMijAFBVV95cUxQR3JxRnBkWjFWZWNybnpNREVXZlZDQ1hQUWZVTVp4VmcyaUM2UkthcVVJcl9SSi1qeUo1SmJPb29FZkFJbjA1aE5VbUJrUWd0V042YWRSMlYxREhCZFNsMUdKSWRmNFNua1ZuNVZELUtIS0tXUzFXZmJsWkwwcmF2bzhXcGZqRkJ2NXdkNw?oc=5
2026-09-03 03:00,Forbes,forbes.com,Here’s Why Tesla Stock Is Up 7% Today—Its Best Day In Months,https://news.google.com/rss/articles/CBMiugFBVV95cUxQaE5jVkd4Uk0xTzNEanBIX1ZKcUViT1lrSGFjMGlSU3A3ZFl1c0lka2hSRWJ3ZmtEVVNwRDdLeG1Lc3ByVGpHM0RMNjVyckx2SFlmYkJvMl9kYm42dWZHVjZ0Z3llRm1sZ3dSeUV0NWRBT0otMktaMDB1QmNmbnBZdzhYUXhKQXVENzNBYVMtcFFrMzU1VlRSWksxcUZfU1NMWU1QMXpiblNPTnVNNmtsRVNDanVRcGV2cHc?oc=5
2026-09-03 03:00,New York Times,nytimes.com,Tesla Begins Offering Rides in a Car Without a Steering Wheel,https://news.google.com/rss/articles/CBMihAFBVV95cUxPS01TSXFBUUJqY0FrUThBTlJFNWhTam5DRWRyeUJNLXJiZ1J1V2lMVEVhWDVHajN5UWtfdWZnUVFNZVpMUFBneGVEYVNqWGdJQ2dXODYyenpNRnRudU41QS1zZ2VjLUZyWkNVVDZSQjlMdlNQaWNhbWR3cjJ0bnRqMTktel8?oc=5
2026-09-03 03:00,Seeking Alpha,seekingalpha.com,Will Tesla's Cybercab event be a breakout catalyst or disappoint investors? (TSLA:NASDAQ),https://news.google.com/rss/articles/CBMisAFBVV95cUxPNXE4Mnl1MWh5ZWJJQXlDY1RFUGplazMtWWRpc1VPTVZrYjVUQTc3U3V2RDJjajJnNW9KMU5CX3pYaXl6cnhsLTdiM3pVbTR4T005THMxQjlDSDZDU3l1M19yaXBLbnl2Q2lBajRXeE8telYtRkRpeHRJZmFJMVdvMmhRV3ptTENuZFNMcTBObjJ5NXUwMWFDS243ZzlZdENCbVhKM1ZSUmpscjlHMTRkdg?oc=5
2026-09-03 03:00,TechCrunch,techcrunch.com,Tesla is asking people if they want to buy and run Cybercab fleets,https://news.google.com/rss/articles/CBMiowFBVV95cUxPdkFBMHlfb2lidkZzaGZLYjhCOXRiZXA2YVZGV1drbVdJaHBsX3ZMV0dIWVlWTDlTcmZKeHplQXBZcm9ER21LUFB6SUg3aThCMEdhZC1IUi1WdVo5QzN5Q29WVS1RSmZmNUhZYksxUjdTUk45T0RGU2FGSFRDbVl2SUtGZ3JMYmotXzVBOGpidlJGTDN5UWlaQ1NxTU92ODdvbDE4?oc=5
2026-09-03 03:00,The Motley Fool,fool.com,Bull vs. Bear: Here's My Take on Tesla's Robotaxi Rollout,https://news.google.com/rss/articles/CBMilwFBVV95cUxQR2EwRl9XUlVCdTcxZWNQMmtWaWFNQkR3dGZhUWMzUWVETHFsMmlxNWYzb2hsZ2c1cFg0a3RObERQVkFSczZ5M2ZJdUdUZTlYSV9XWXFzVlprVl9IQWgtUWtLMW5nWXdjVklXVEFTY05jYk85NGUzUEJWQkFhTTBVREttZnRCVjY2bEJnLXhBODJpc1FITkpN?oc=5
2026-09-03 03:00,The Motley Fool,fool.com,Is Tesla About to Finally Launch the Robotaxi Fleet That Will Justify Its Valuation?,https://news.google.com/rss/articles/CBMixAFBVV95cUxQbTQza1VHUzN5NDZ3bENpV2k5aGptTHhKOFFyenhaSnh6YlJoOHY3QmQyamdUSVVTNjMtX1pHenZUMWU2Q2owR0FsSlNScDUxd2hZbm5KOGZ2d0ZGTDdiR1VNOWgtNjhuRVlBSnZtNGhtNERvalNpMFRKOW1pUy1ZT3ltN2N3U2ZhYV9rc1YxQzBSMVZEd2ltZ1gzSmF5U1lBVDNUV3lxM0tRSTFjVXFVcVhmMGl3bW1KNzN2M3ZsRllnY0o3?oc=5
2026-09-03 03:00,The Motley Fool,fool.com,Tesla Officially Launches the Cybercab -- 2 Things Investors Need to Know,https://news.google.com/rss/articles/CBMiswFBVV95cUxQVkVWS2VBZjRXOHVLVzFyZ1lkSHJHU3hib2JQTjJtbkxEVFpwWXZYN1BLU1VNeFhDVjFWb1ZrZThUd2RobzdDVlNYdmtoekptMi1hUTByTS1VTVN3ZldsY2ZLM0lFcXZoWWM3MGVKSHZLb2x5cEpfem81cXA1dDdXSXFNdmNZZFhSdEl2cGZIajkwNzA2cktYeUNGc1BLRjFRRExpRG1JWHFfVU1aazRUNUVDUQ?oc=5
2026-09-03 03:00,The Motley Fool,fool.com,Why Tesla Stock Surged 18% in August -- and Why the Robotaxi Story Is Just Getting Started,https://news.google.com/rss/articles/CBMimAFBVV95cUxOX3p6TDVhQnlWZzVZYlRYR0lWTlR2eGxNS1VQanJLWGtEaW5qYzN2Y1pSSmJWUlJubndacmhFQnp1TkdYMllhcFZxS196RGVITUdSLUNyenFPUHJiN2RVQVNEc0Z2YmdOTXlkUGxNdkhMdDhEb05UMm1OWnNUSTV5cDNRckhWc2RhRUdXWWlXRHBTejBLSGFvcA?oc=5
2026-09-03 03:00,TheStreet,thestreet.com,Elon Musk sends a strong message to Tesla and SpaceX investors,https://news.google.com/rss/articles/CBMiqAFBVV95cUxQZ1JXdXF2d3Z6VkRfSDk5VlZ1aFBjSUdfUklsTjZTNDBKTkpMa1BFU0E1czJaTmtRU0JxUk9oQWY0aDN4My0yM2JFWnhoQjVuMlRlVHVEbVp4c2FpR19teC1vdm44a1lwVE1UTko2UTVSSzY2WjliQTQxVUFOR1RtT045eWVDLVRpQWQtc2hOY0hOR0NNcHlHYWZKellLaTJGQ0VJT1JueVU?oc=5
2026-09-03 03:00,WSJ,wsj.com,Tesla Cybercabs Hit Austin Streets in Expansion of Robotaxi Service,https://news.google.com/rss/articles/CBMisAFBVV95cUxQVUZrTXBINDdfdFV1Nm0zN0NobTd6Vm1RYmJUa21lT3hJYkk1YXVRSjhvRTY4bkswRDZTQ2pOS0FIYWJwS3RTUlBPc09zQTBOYzNVWTJGa3M5OExQT0haTlVtdndFYjZ5UC0xQUpXY1plcElxMHhSMnRYdkVxT1JoVS1SX3RBTldzM0N3QkNERkFya0dSYVpGdGVPckNROGtLQ194dlM3dTQxTjJOUHI0bg?oc=5
2026-09-03 03:00,Yahoo Finance,finance.yahoo.com,Gary Black Warns Tesla Risks Falling Behind in the Self-Driving Race: ‘Unsupervised Autonomy Is Becoming Table Stakes’,https://news.google.com/rss/articles/CBMimAFBVV95cUxQeVJONzFQWHpTMVpWWTRWSmU0anRBYTVQYmtOSUR0ZjVPN29TSDdnY1ZweFh4SjZOTzgtMEU0N3lDZ1M3MHpKVmEteE5Nb2dvUS1LLXdjYnRvOEQ1cWNCdUYxTVpDV2J1MjRfZHlLaDAxenpHNS12N0p1bWh0NDVqWE9vbWVhWFRoNEUyR0tkU0x1Vmc4LU5xeA?oc=5
2026-09-03 03:00,Yahoo Finance,finance.yahoo.com,"SpaceX Rises 7% as Starship Test 14 Approaches, Tesla Jumps 7%, Rocket Lab Ticks Up",https://news.google.com/rss/articles/CBMimAFBVV95cUxQbmZiZUJ4a19ub2hfdzBkZTBFVG1EaGxQTmhTUElKeWlHRllSeFMzcDRreU90V2gyUnZrSFhvNVBXdG1aRnNSSEZXNEZreHB5RzIxbnFjREF0Qk94YnFlanBSa3Y5aXB4VTJBX2hpd0dEZTlzaVFBd05fUG5nUnpXcDJHeFQ1Y2YzemZHV21LOXFhTnhTaE54UA?oc=5
2026-09-03 03:00,Yahoo Finance,finance.yahoo.com,"Tesla Advances 6% as Traders Await Cybercab Event, Lucid Rises 3%, Rivian Ticks Up",https://news.google.com/rss/articles/CBMimwFBVV95cUxOa25Gak5iZThvZGY5TzJYSUNjd0JvNlZ3aWNIekhZSjdxYzFzSW9NNlhCcnpDX0lCSFFsT2NaYktsMTc5NjAyQjR3Unc5ZUU0cHdlY1l3RkZteFprNVJ1YW1hU050b1NfaGE4VFVCY3prdTJSelExUDhFSkdfV1pRRU5acmVRRkJfbHlMSmpqMEYxb0NseWlpU3poTQ?oc=5
2026-09-03 03:00,Yahoo Finance,finance.yahoo.com,"Tesla Cybercab Prediction Market Preview: Will Musk Repeat the $30,000 Promise?",https://news.google.com/rss/articles/CBMiqAFBVV95cUxNQ243SXNmeU5idG5HYXRSaEZKSlp0OTBaUXBJYVpaVFlqLUplZzdPTVJSeElpbjJnX2FWSDdULV9sZy1JWVd3SktlUUVSM0Qtd2dVUGJoX3ZndWswNFRCQk9pZFlQamExeWo2Nml2TVZBVnRKY2ZLcGJzQmFQOUdSNzd1bXk5YU5WeUQ5VFR0RXVuTzNfbGNlVFRVSzBubjEyR3NuU0RrR0s?oc=5
2026-09-03 03:00,Yahoo Finance,finance.yahoo.com,Tesla Gets Fresh Model Y Win as Shares Jump,https://news.google.com/rss/articles/CBMikwFBVV95cUxPUHR0MjZpY1UyMFE0MFlJWXRyOHJMeFg0WlplU3VuQklmd3FmdnVrQkxJSmVYaXV0MHBuMWpGcW1nY0E2cHdyT0pKcV9jTXNxdUhmM1ZGNkhrQjR1bUMzaWJjcTQ5Ukg4VGlsWWpXdDY2Nl9TWVdWb3BfZHZKTWdidW00MFA5cEtBaU9vUmZYOXMwQjA?oc=5
2026-09-03 03:00,Yahoo Finance,finance.yahoo.com,"Tesla Is Now Up 18% in a Month: Take Profits, or Buy More?",https://news.google.com/rss/articles/CBMilgFBVV95cUxONFRsWGR5N0ozMHYwenlvYVA0STZQa3F5U3hSd2lsekxBS2l1bC0tRldDY0ZnV0ozcXhYYmxnSlVWRms3V3RZcnZSNlpGNk55a25XXzg3aDB4MkpYMmo1eHBNTFAyNTNReGx6Snp5ME1uSVEzNzhEcndFZGc0ZEwxNUlwSlIzbzZuaEFKZWs0ZkVrajJUS2c?oc=5
2026-09-03 03:00,Yahoo Finance,finance.yahoo.com,Tesla Just Hit $355 and Investors Are Split on What Comes Next,https://news.google.com/rss/articles/CBMimAFBVV95cUxPdEJVc1dxYWt2ckVXVFNCNnlqb0NjYzZmT2xjaDhzT1hPUzFpdWg2Z1NUWkFaTm41cTJsSjFlOTZuTHNTOExQaGNLQ3hOQkJqVFpHczRNR3EtTmdsbWpuU3ZoX3BqLWhUTWRLSDlWRS01Vmx1dndNM05uNlh2NmF0MFI5MkdoaTVZeTRBRUZyc3ZfMlo5UzEyag?oc=5
2026-09-03 03:00,Yahoo Finance,finance.yahoo.com,Tesla Stock Soars Ahead of Cybercab Launch,https://news.google.com/rss/articles/CBMingFBVV95cUxQVUpOY3UtemJzVDVkbHVocUQ0QVl6eGhvQldXajZHV0tCQzItbWZtWXhmaUZvbGFhcHhhT3dkQVJ3UWlzNnF2alAwbE1DOU52dWQtV1B4cFR1c1N1RjZyYm15anVjSUg2VHFZelBPYkgxWWpnTUhvN2hmel9oc1dxZXpKRVl6VFVzZ3FKczVjMDY3dkh4Uk9EZ1NydTludw?oc=5
2026-09-03 03:00,Yahoo Finance,finance.yahoo.com,Tesla's 45 Cybercabs Face a $1.3 Trillion Reality Check,https://news.google.com/rss/articles/CBMilgFBVV95cUxQMGEwbjdDQWNqV256QWhQOHptNmtiWXdFVkRDSFJ4VVdFb0tsLUtUSlA5eU5ob0lmRDdCMHcxYXE3NXFkbVdSZlJMcHI4TEZWNDltN3RWaTUyMlhqbnE4YUpWTExvSmUxNUxfdmplaHhvN3c4bWtuNFprX2FKS2N1TU83eFdFWWszMGdrWjY4TTVLakgtOFE?oc=5
2026-09-03 03:00,Yahoo Finance,finance.yahoo.com,Tesla's Next Big Test Is Here and Investors Are Watching One Thing,https://news.google.com/rss/articles/CBMimwFBVV95cUxPeFNteHlvU3BmY1BUMDJ4bDRMU3dGU2FONmdKZGU1UDdOckxnaURtWnRWdXIzWG5MUk5YX1BjSzVLRzJQRjVqdTZMOUxKdWdfMXJGS1k2eG0xcE52N1k4M0J3ampTUWZzQmZzdFBCOVZ5OU5WSGZNclFWM0doNWpVSnpPVXdCTnRCNkE1ZWoweUdDelVGNnFqdklXUQ?oc=5
2026-09-03 03:00,Yahoo Finance,finance.yahoo.com,Tesla’s Impossible Comeback,https://news.google.com/rss/articles/CBMilAFBVV95cUxQbnVlY1RmSmFvYWtlWDB1UUJCb3lGWFJqNTVpOGFpel9oWGVnUVpid0pGbjF6cVNNSFFXWjAwaVBIZTJoNTdSTlhrNmsxbmhUckkwS2J3M3hKZmpob0FGUzVPZXFiUEduSFhpVTRscUdmaVRlR2dNMVpocWpiY1RPSFFDQ3YzZWtDUjRwSjIwZGZkV0E1?oc=5
2026-09-03 03:00,Yahoo Finance,finance.yahoo.com,Why Are Tesla (TSLA) Shares Soaring Today,https://news.google.com/rss/articles/CBMimgFBVV95cUxQb3FPeWFabmVJMmpoT2RkcFdFX3ZCd3VOZmVWUDhucVI3cVZfRUtiaGk4eXloVnFBQ3V0UHFWbTlQUDNVYTItZGpZc3B3cXlsUWR2enJVUHJHNGdvYXI3ZHRTb2VoMG5DcnJFaGNYd2RlMUZrS1VwVm94cldEZG1CSEdPVVpTc1lHRDYwOERSUkFiVzZfZWhmRGt3?oc=5
2026-09-04 03:00,Bloomberg,bloomberg.com,Watch Lululemon Falls on China Business; Tesla Cybercab Service | Stock Movers,https://news.google.com/rss/articles/CBMipgFBVV95cUxPQ0U3X080ckhVNllCSFZHZi1fQ3ZHeWZRd1ZLREtsZVVlZWcxcjJJU0Y2NV9NUWVuOG9nSFR0OFJsLXF2a3Fab1N5NHBzQkRDNEdReUlTM0Q0UDU1TFU0QVJlU2tSa0QtVF9yTnlxUEFPbk9KeEFSTlZRS0tBOWFrT05NTTBUeGNQcE1ueE1mbDJOdEJCQ0NBYWVMRVlqUnlOVkRNVXFB?oc=5
2026-09-04 03:00,Business Insider,businessinsider.com,MKBHD is feeling confident that he won't have to shave his head after Cybercab event,https://news.google.com/rss/articles/CBMijgFBVV95cUxOakRhNmRsUlNzQ3l2eU1GTDlvZHJLVktKaE0wbWw3UTlwSllJOTVJclpNa0NhQzVSSUlaRmtxbGpnZWxHRjN0UzNqNFRJM2hScDQ2czZteTJtNW9VcDZEV25FSVRvaW9KSXNTRGVjMTZkRG9uV2RDcDMwc3NURmNyR1ZqRjBqUHR2b0tOMjBn?oc=5
2026-09-04 03:00,CNBC,cnbc.com,"Here are Friday's biggest analyst calls: Nvidia, Tesla, Apple, Robinhood, Oracle, PulteGroup & more",https://news.google.com/rss/articles/CBMijAFBVV95cUxNbzByUjRGMmdZRm5FUFNITU5HN0FvZnEtaUlIMXBCM3UyY0ZKUDdrTGEwNDl3QnB3a1dOMFdTd0l0eHZtZHBiUEFVN2NsVFNEZXRXY1Q2Q1pxOXpueU9ETHZ0QlhBYUo2am5Ca3ZwQzZjNXFfd2lqWDFEODNQdkdjNDJHQ2VfN3gxd3hwWg?oc=5
2026-09-04 03:00,CNBC,cnbc.com,Tesla's stock drops 6% as Cybercab update 'underwhelms' Wall Street,https://news.google.com/rss/articles/CBMinwFBVV95cUxOR0t5RzhPYWdIZ3hPSzBuN2dVTGdnRFhrUzRBd2RLM1NHUXNvUFlTWjYzdXE2UzlGc3lETkM5Tm9FMDFhOGJNSnVudnZqYXNmdG9NaWl3T1NwcjhkVWcxZ3pROGxmbXZSMFBGODVURzJNV0h6Nm1hRFdhNENmUTlZelFQZnRSTm9iZDhGc190WlBYdmRvTTVVUGNKOEhLVVXSAaQBQVVfeXFMT1FHblZwckdBTVFmY1BSSklTdW9ZdGw4RmNheHRRTFphZkVZZWRjdGd2LVpXU1NzZ0N6Yi1HVFdYWW1rWk11Z0htRDBIcGdqbk5fVXVncC0wTGZqcXdsUW04cVNvUnBwRmhhODFTTEtkUjlScW5Vc0p3SmpHNnBZQ2RuUVBNek1hc3lKVVFTMFkyOUdEdHZBOWJrVVFTS0JETlR5Ni0?oc=5
2026-09-04 03:00,Investor's Business Daily,investors.com,"Dow Jones Futures Fall, Techs Rise After Market Rally; Tesla Cybercab, Jobs Report In Focus",https://news.google.com/rss/articles/CBMitAFBVV95cUxPR0M3ZTZtdEdVYUFxdzNzM0N5cGR1Tm1EdWlwdmF4ZDAtVk1BZklrRERfR3I1b0syUUh5TkNQSUIyLURTVURBNWhnNHdnOWR2UmltNkw5R0EyemFuWExZekFOaTBQQ0xnWnVvREZhbEdTa3VyQjI4V1BicHItUzhGTDJTbEgzNk5XZHBZSHFwZmd2SnYwN0NKMnJZYUw1TG91X1ZJR2UxakxReDhKSjdoOWF4a28?oc=5
2026-09-04 03:00,MarketWatch,marketwatch.com,Tesla’s stock falls as Cybercab launch lands with a thud,https://news.google.com/rss/articles/CBMinwFBVV95cUxNcjVfZ0pSV3ZXbENpLTByRW5DY1VhTXFBOE9pRzZ5czJSYjVWd1JpOGRwb0EySzBSTGRwcnl2eTRGM2h1R29Cdk5WV0MxMmdZSnRRWG51d21XYU9Va0l0M0l6a29lTGx1WGhURk9DTDFxVlJmOVRZUlN6X04wVWc4ZTE4VnFtYVVBTmFmelB2YmFTaFA1TVFhNG1hc28xMWM?oc=5
2026-09-04 03:00,New York Times,nytimes.com,Tesla’s Cybercab Is Being Investigated by Federal Regulators,https://news.google.com/rss/articles/CBMiiwFBVV95cUxQYXFZbVU5OFBQWWFsX0pRdWVzdnFNa0ZyU1lUNFVzcTd5ZjZlOGw3SjQxcndOVGdaLXBLWmcwWUZqZU5UX2VrY3l2YkhkTzZtOHNzRHpWZU1OZWFBc1JxRVpEQmFHMTIxd1B3NGhMckhSeHRzWjVPenZNOW8zelVrN0VNbVlTY2JBQlVn?oc=5
2026-09-04 03:00,The Motley Fool,fool.com,"Stock Market Today, Sept. 4: Tesla Falls After Cybercab Launch Disappoints Investors",https://news.google.com/rss/articles/CBMi2gFBVV95cUxORlR0TTRpT2s3dXNZX2NzS2hsdlFlRFE1R3BtSm9MSVUtSm1wd0RIMUZwbUpvUVllMS1sTi13M3lyVVB2UzN5bDlqbENMN1FrWHRUX3o0YU5YMXY5cE1wMnE2VTNYeHFra19BNmRzOGR3am5mSF9MTjQxTEhHUk1HUi1vaFZSVmRjTjVJOFRUQmQwSmpSSHgwUTlrWUFtOXZEbnV0SmM1TkotZnRJYUdRRThJeWQyOEcwR0h6QmxQdHM0YmdvOFhhZDIyTUdzclp4X3VRUU1IS0o3UQ?oc=5
2026-09-04 03:00,The Motley Fool,fool.com,Why Did Tesla Stock Fall Today?,https://news.google.com/rss/articles/CBMifkFVX3lxTE5lejVYZ1Z3UDBHcVZXby02NVd3aW1hR3pDQzFNcnQ0VlNTbE9zWjNmUmFrbS1UUU11emFKTEtjTTFQNWpNeUlXT0dfNWI3d0I5NEZTajBpMzZZUmdYbWM3NzE3Tm1ORk9JRWMwV1NiXzM3ZDl1QlkwSV8yM2FwQQ?oc=5
2026-09-04 03:00,Yahoo Finance,finance.yahoo.com,"SCHG Owns More Apple Than Tesla, Meta and Palantir Combined. Is That Why Growth Investors Are Falling Behind?",https://news.google.com/rss/articles/CBMilgFBVV95cUxQOVdya29OdnhjQmNZdG1hWjhVQ1hGZThtSUYzeS01VnRCYWx1YnlMclJPY3ZJSHphcmp0eUIwaGJMalltVnE2OGZQS2xVZTJDd3ViZXdpQTIyUlF4eGhVQXAtbndiTzJIa1Z0VGloU085ZmptLU8yWXVzRGNpMkYya1JycFdVRHpPbWhNWGV3TjhqYi1GaUE?oc=5
2026-09-04 03:00,Yahoo Finance,finance.yahoo.com,TSLA Stock Slides 6% — Wells Fargo Says Cybercab Launch Likely Fell Short Of Investor Expectations,https://news.google.com/rss/articles/CBMilAFBVV95cUxNdTNkZndueXRQUmVfVERIR0tKRWRTVm1RNE9mdWRoX2Y5VXpJZy1HY3BrNE5xQi1mSlhTcUNVOTFzNmtVTTJ2Ym9rRENtX01MQXlNd3VGS21lX2F1X0VZaUlxbjBMX2xfQ1d4Mm4tblFqRW5OMWYzcEVNNkc1eFFWRVhRSXMzY0o5UXFLbHU0Uk9tUG1D?oc=5
2026-09-04 03:00,Yahoo Finance,finance.yahoo.com,Tesla (TSLA) Falls More Steeply Than Broader Market: What Investors Need to Know,https://news.google.com/rss/articles/CBMimgFBVV95cUxPclJiX0xMLTdMSHQzOG80c1JhcDJaaVBOS3VRVnFEcXZvWng2b1RHMHRFV2Q0b010VGVFMmlOWWdUaXpDQVZfVFFTX0NNNXAtblRmUkwteFZtNWxrT1JiRGhFb21UZnhmeDJYTjZ6WVdRQ1p5ZnRfbW9CRlRLN1pVdVhONWRFOGdhWDc2S2haOFZ3dks3OHB4cjRB?oc=5
2026-09-04 03:00,Yahoo Finance,finance.yahoo.com,"Tesla (TSLA) Stock Trades Down, Here Is Why",https://news.google.com/rss/articles/CBMimAFBVV95cUxQUXhReEc3UlFsdnk1S1JaSnpaVmVLN0NETy12M1JZem9DNl9ibm42Q2JBY1hLTk5NakxrOG1ITmZaeHltWXcyQVlwVWV2bGdZVU9kTXFxMmxzQlFPZTl3SzZkRlBIRWVEb0xmY3c0ZlU2NkE1UFIwSjJNaDBWVHlqV054NU1feXA2UGdiakw5VHFiSDlHek0weA?oc=5
2026-09-04 03:00,Yahoo Finance,finance.yahoo.com,"Tesla Drops Over 4.6% as 1,000 Cybercabs Enter Federal Audit",https://news.google.com/rss/articles/CBMijgFBVV95cUxPalUtZmpnNGdHSWxSajREd1dPYU1PNTV6SF8zazFuRUEwOHo3NTdXU1M3NkFZNUdfN1ZQU2J4UHlHR3lmYTVrME16bW8yaGxSNFItaEFJb0RvVS0zakdLYkNWc1NpN3pxcW5aVU05eTBDcGpzVG5aLVl0THBEajJqUHhqWVlUbkVLMzZHM1l3?oc=5
2026-09-04 03:00,Yahoo Finance,finance.yahoo.com,Tesla Falls 3% as Cybercab Launch Leaves Deployment Questions Unanswered,https://news.google.com/rss/articles/CBMimgFBVV95cUxQZkRYWkxuNS1WMHNmcnptWUQ3dTNHMkt0R0UwTExLWGFzdkNxbGsxNC1vV2FDb09fbngxOFpveG03TFVfa2RJZVYxR01JZ3M3cjRQVnFpbHpRS1VlOGZ0MnFkTXN4a2RIZzBFNFFNelM0NjdTR0dvUEZvaXN0YmQ3NkdSSVFvMS15c00yM3EzQUVNanE5SEFFcDlB?oc=5
2026-09-04 03:00,Yahoo Finance,finance.yahoo.com,Tesla Stock Falls 6% as NHTSA Probes Its Cybercabs,https://news.google.com/rss/articles/CBMilAFBVV95cUxNUWtOTnBtWjVHVWxZem0zSWVfX2I3MVpkRVFNdjZKYldBSEhiV2l1dXlDamwyNm5Jdk9FdkJRUHZ2aVdCNnJSTXpKdm1PTU83aC1LZ0dMd0xxSmtQcktXSThWSngyRG5lRXRVREJVUURZNTBPT3hrd21lVFh1M2I2TEhnQjBNN0EyM3dteVNDQlJKOFFx?oc=5
2026-09-04 03:00,Yahoo Finance,finance.yahoo.com,What Investors Learned From The Cybercab Launch Event,https://news.google.com/rss/articles/CBMipwFBVV95cUxQcFJCNk1va2lLT1RMb193am03OUp0MXBTbDBoWUE2aGRWX1NHME1ieldHcVk5RGsxTldnMF80eFFfVGNXU0VvQWJVaXAxTjU4UEZteXlib080UUlzZUtibHo1Z1QtTWVUckl4UUZET2plbm02bHEycjRWX1h4NEFnTkZyZ25XS0NoNmlMTGpneFRjNExPT0FadUx1NlNsMXJ1OGU3eEZUdw?oc=5
2026-09-04 03:00,Yahoo Finance,finance.yahoo.com,Why Tesla Stock Is Crashing Today,https://news.google.com/rss/articles/CBMimwFBVV95cUxPOVgxSEpVNU9jUk1jNUNsZGFQbU90WHdUU0NrcFBTRnNWYUl6NVp3THpWNVFrRXlIcy1ZcEtUdjUwUm1nZnk3Nll3TElfc3ZkdzRER1ZKUmpjNUgtWklIWmNTVFBqUGM2bkV3WjRjN2FEZHVPS2tOZUFYNTJxVEZaYk9rWEFMTHpELWdkcE5BZGV1VmlUNFQtNlZVSQ?oc=5
2026-09-05 03:00,Fortune,fortune.com,Federal regulators are investigating Musk's new steering-wheel-free Cybercabs a day after launch,https://news.google.com/rss/articles/CBMiwgFBVV95cUxQUEpENzd2OWstS0JrdUhETTY3VXBWcEh2S3pFSUlnb09NWFN2ZVVvSlM3YVlIUGFQLXNjYmNRQkZzOWg0R3ZWcnhKTjdONDllNFZJVWFkZzVxNFBhWmRLbW9UdkVLaWVTMzVPRTZDUVdHU0syaWRTcnc3R3A4SkxyYjdGbWVQcWIxb3F0dXRaRFdwdjg3ZTNMNDZJRUMtblJTa3NqcEtEOEFqMGJsQUdVZU94U1RVTFNIOTVGdXc4V2pDZw?oc=5
2026-09-05 03:00,Yahoo Finance,finance.yahoo.com,Elon Musk Says Tesla Cybercab’s Rare-Earth-Free Motor Was ‘Extremely Hard’ To Achieve — Gary Black Calls TSLA Launch ‘Largely A Bust’,https://news.google.com/rss/articles/CBMilAFBVV95cUxPY2JXNGRZaHIxRWw3SEVTanMxc2wtRWJSUElwLTJ6SEtCZm5FOU9NRWlFRDd6Yjg1d1EybXh5YWhLXzR2NGNhYXhyaXV3NVRVRzkxYmYzNTJ3RFB1UDlIdXIzQ0JYWjFXa0NoYXAwVWNtS0tCRzZNNHFLbXZJN05md1Y3LWRmcVc2TVVyZVNSWGMzWTR6?oc=5
2026-09-06 03:00,The Motley Fool,fool.com,Cathie Wood's 2 Biggest Positions Are Both Elon Musk Companies. Together They Are 16% of the Fund.,https://news.google.com/rss/articles/CBMi1AFBVV95cUxOSFRGdkJlR1A2MmRlOFc1VlZMZVV6M1VPOE44alQzT0dZNzRqczdaclVSbkN5WXM1VllpUlUyQUwxc3hHTFFGMFRkc09jQ2s5WjlRWEFEa1RHS1BQb0pjYmJRbkE3RnJaRDl1MTM2cE1WMS1ZVEpJQVpvR1p1RnlRcnpuMngycy1PWVIzRzJLeXhxXzJNZm9Mck02b1dQYlJHM1ZSSEVtSDZSdV9ueGR6TUxGaWhKYU1sMXFrN1BFUUJleFJmZ3g3OF9GMHc0MTcxcGNDcQ?oc=5
2026-09-06 03:00,Yahoo Finance,finance.yahoo.com,Goldman sees Cybercab giving Tesla a cost advantage in robotaxis,https://news.google.com/rss/articles/CBMinwFBVV95cUxOLVhRdmtTZUJncmpQTjNEMXBKa05Fc3hWWVoxdlZCb1BSTHBJYzVkc3RpaERVOGtGNUw3VDB5OHMzVkZfaWVYcVhnT0UwT2RyQVo4VWlCbHJhenlYXzVTaUY1a20zVGxaX3JKOUpZc2YwSGw0cXEzMjJmUmpGLURaTXkzRmhjQnQxYzRIbGhVbWZpaV9zTl9ka2p3RW0tZXM?oc=5
2026-09-07 03:00,Morningstar,morningstar.com,Tesla: Shares Fall as Market Disappointed With Cybercab Launch Event,https://news.google.com/rss/articles/CBMioAFBVV95cUxQc0hjazJSUWt2QkRDRDJYUE9VUDhYem1reGdfdU8wc2pnMDVXakZkRzdRdjVuLUlQdFZNVGFPTzBrdUc0X3FFbFZqOTFhNFNkaTdBSC0wQVpYbnFwakhObjVjRDFvN0JCTnhxS1pyQ244V1hiNC1ZNVFMZVZtNHVwZHcxcnc3MWZhUGV6Ri1aZTlNSjRvV3ZLdW85SVp5UXZP?oc=5
2026-09-07 03:00,The Motley Fool,fool.com,Cathie Wood Has Stuck With Tesla Through Repeated Missed Robotaxi Deadlines. Here's Why She's Still Buying.,https://news.google.com/rss/articles/CBMilwFBVV95cUxQajJuS0pBZGtfdzJLcHhvWUlQSzNRY01wZVVmTUwyY3poSHZRT3R6ZjlmelJZYTBNQ01BQjMtLW5FRFVlWXMzdU56TXFmTmZJYlVFYzQ1Z3lPS1VtUjFxdlVMem5SVVlFa3FhN2JnU1BYQmpQUExGVGFBdWtseVFUb0lDSFVidUs0aE9DWXJVVV9WSkEtRUxv?oc=5
2026-09-07 03:00,The Motley Fool,fool.com,"Elon Musk Owns 28% of Tesla, a Stake Worth Nearly $350 Billion. Here's Why His Ownership Level Matters for Shareholders.",https://news.google.com/rss/articles/CBMikwFBVV95cUxPZk9ybDllMnF3T3hTZEswa0RoSnVBMzBZcW1DNFFuUjZIb0VfVDlSLTk0OW5Ha0h3eHBsV3JrN09NOGVnSnM1cVZIT05IQU5xNjhhaDJMR3MtVUhHRm9WeEgtdVJPWnFCZk02ckNLZnJ2NzA4RUlCOFo4QzI0M1h4UUlDWVN1dy1zNzBmczRYODBCV1k?oc=5
2026-09-07 03:00,The Motley Fool,fool.com,Is Tesla Stock Under $360 a Share an Obvious Buy in September?,https://news.google.com/rss/articles/CBMimAFBVV95cUxNc0ZBdXZQQnhpQ1ZLSmk2amZIaEJycDV4dVI4NXhqR0xfZUg0VUJuQnFJRDB3SUN4aE9BZW5xRk1aVzFCem5VSjhoMjFNeVBsZ2lrZ3l5MUNySXJSMWJaYmJtaVdaZXY5V3R2VkxXbzExcE40U1ZwWldfSUVzRUVTeTBfSU5iNUhEQi1heXE0dWF1NUNlVGY2bA?oc=5
2026-09-07 03:00,The Motley Fool,fool.com,Where Will Tesla Be in 5 Years?,https://news.google.com/rss/articles/CBMifkFVX3lxTE9BVGZWVmlZX29FaXM0UjdpZmVNV25nOFU1V2RQSFA5MVowQVF5cVVxa1NEbHM0U1B4aHhKUXBzNXR4bE5DSE1kYWctdUhaVXZ3bGxwUW9aX3pkYjA2OXRwSkxZMWhkd05aVUF4NGF3MWQ2MUpKMEtxaERHcW43Zw?oc=5
2026-09-07 03:00,Yahoo Finance,finance.yahoo.com,Goldman Sachs Delivers Stark Message on Tesla Stock,https://news.google.com/rss/articles/CBMiowFBVV95cUxPejRycHVZemJlVjY5MjYwVl8tUGtmRzRqWW4tTFYxUFpsclU4NU9kV0s1WGVJSVNEblU1anJtQ3dtXzdKelJqS09IS3U1Smwxdm42QnZFZHVHWUowdFIwLTJGM0lHd0gyZFloQ1BCSWROcGlReXJWa3lsQzd5OFQteWNBUE1TTWdtdElVS0U3T0k1T21qeGRZMHdGN0ZfX2dpS01B?oc=5
2026-09-07 03:00,Yahoo Finance,finance.yahoo.com,How to Play Tesla Stock After Its Exclusive Cybercab Launch Event,https://news.google.com/rss/articles/CBMiogFBVV95cUxQOEEySEtncVpOc0tIYUZEUmRpbGZ0dnFEdkVwcXR3VVF1MW5Ubi1mY0YwTl8zYkZRZUtfUVN3R1RVZVlVUGMwOHNocXhDTk1JeVFMZGt3S000c1N4M1g0akxKNWVrS21NblBRQjg5NjZTYWs2NjBPM1E2T3BNUTlIazdLR3h4UjFmbzU1OHp4aEtfV1BXUGV6eGoyMWl5X2E4aXc?oc=5
2026-09-07 03:00,Yahoo Finance,finance.yahoo.com,Meta Is Underperforming Every Trillion-Dollar Stock but Tesla. This Trade Pays You While Wall Street Waits It Out.,https://news.google.com/rss/articles/CBMirAFBVV95cUxQNHVqdjFWNnV5SXZHV3Z6RzJxNnhLTnJjTERfb2czMGY1V2xPV2Y2LXdnbWtvczl3NGFtbE41WUI1bGlsQVlBUWZkcF91b0VLdmY4MjA0UW9Hd0RRWlk0NjMtejVhQjVYZlczdFI3M1B1Q2dKSjE2T1pkc05lNmJnb3R5YlhuRUp0aTM0anNFOVV4VkFMaWpaa2xLa2h6aTgxZmh1ZmVrU2tIdmxX?oc=5
2026-09-07 03:00,Yahoo Finance,finance.yahoo.com,"Tesla Optimus, Grok, and TSLA Stock: Inside the Physical-AI Bet That Now Defines Tesla",https://news.google.com/rss/articles/CBMimAFBVV95cUxQNFJ3bEZfWWlXUmREd09sQTdQeFBMSkFFaEktNDl1U2VrX0RzQW16UXpRR2N1a296MW1mQXpoQ0ZETnR1NklUSmpWQTNLOHA3VHRSWS1lZjQxZWljVExFampkZmt5RVZmUjF6VHVDalJ6YkpfV3ZLeGJXRktHd0JYRFhDd0NCa18wZEx6b0JaWXU5QVJObGxETQ?oc=5
2026-09-07 03:00,Yahoo Finance,finance.yahoo.com,"Tesla Plus SpaceX Could Become a ‘Must-Have’ Investment, Ross Gerber Says",https://news.google.com/rss/articles/CBMimwFBVV95cUxQbF8zdm5uYUVUOUJXUXB5ZFh2Y0ZQN3VkWUk4cE1fdFNhcG9nREVrcmk5V3ZhWFBUaXVEeU85NFJ2NFhlTFJGc1NYUS1VVUl0aDBTOUZoN29jbEl4R0c0czlsYXpNTjJaSjVCRlJxVWJNS0Q3YlkzYUJQWEw5bW0zWVNYMXpRUS04cmJWckozS0hhZXlHci1TRVllWQ?oc=5
2026-09-07 03:00,Yahoo Finance,finance.yahoo.com,Tesla Says This Time Is Different. Wall Street Is Split on Whether to Believe It,https://news.google.com/rss/articles/CBMimwFBVV95cUxOSVFmWlBNenBYMTUybWNfQW95LTlibFdDR2VqVUNaWjlGZDlvWnRVMVRZdnR5Q0c3emMwWm1NWFBCclNmUzRLN2RRNDd5RGUzb0toQ0dyckZRZnRSdlhjZzZUdHpTTklqNGR2R19ZQ041eEY3QzJfMUhSTVlSMDhNcWJwdUNtMlpZV2VEejZVamtjc3RILWFmVDFFRQ?oc=5
2026-09-07 03:00,Yahoo Finance,finance.yahoo.com,Tesla Stock Is Tumbling -- Robotaxi Hopes Hit a Major Roadblock,https://news.google.com/rss/articles/CBMiogFBVV95cUxQSFIxVXhFQjZYaTZKWDFacWQ1TXVOVWNfTEt1UVp6YndBWno4SW5BeXlKdGZ6NXJfRUo4b213SlNYMlNZb2JYSjM3Y2hINWZRdU41bUFWbmw0ZGllZk5oVGNSNlItOS02bDZnQlhsNHh6MlNUeFBmdk5xMkpQa0hpa29weHB3SkdRX1hacFpuRXpHYjIwRngxLVh6T0ZKMXNxSWc?oc=5
2026-09-07 03:00,Yahoo Finance,finance.yahoo.com,Tesla Stock May Have A European Catalyst Investors Are Missing,https://news.google.com/rss/articles/CBMinwFBVV95cUxQY1Y1NV8zMm1vMkMtc2VEYmVPVTlVZ2dEcnZrdHZ0TFBXMkFrMDA5QlhaMzdITzJXYU5xQmNFWnE4WGJpNld4RmgxNC1WNUUzT1JjUGdNTUwxTHVtM19nem84a2piOXEwWmNYWENpbGdqbkowTWdVRFRYZE5QZVZ1LXdObV9zekNkcjlpZW9KX3Ytb2JwWDdmMFdReXQwVnM?oc=5
2026-09-07 03:00,Yahoo Finance,finance.yahoo.com,We Asked ChatGPT To Pick Between Tesla and Apple Stock — Here's What It Chose,https://news.google.com/rss/articles/CBMingFBVV95cUxPTUJlN2ZCTjdOdlVjdFN4ZEtPeDhJM3dVWmcybWEzTlM5YTRTWHNjTzUtb0d3MmQwZnFMUlJLZTFvQ2hRWlJ0RWh0S1RnT3JOQks2MEZtNmZqN0JDUXFSOTNZZmpZQjNGSzR3YVBjY1VCWjZpUk1tNHRjUXV0ODdFNDF1RzdGSnhheVpnSEV1RUVkeXc1RUtQN2ZiX2JXUQ?oc=5
2026-09-08 03:00,Seeking Alpha,seekingalpha.com,"If The Macro Market Wasn't Overvalued, I'd Be All-In On Tesla (Rating Downgrade) (TSLA)",https://news.google.com/rss/articles/CBMitwFBVV95cUxOeU90WHAzWW1TNTFJaXFjbUVDX3RTcE5TN1BsWWQtZ0l4NzJ1NHNVUEpSSWVwOV9rVXIwODZPRHQwT3RkRFpuZHRiUVNvYkR2cldDMG1BZnZfaXBKSVMtbXFObGVhdFFNWHd5QzdjVlh5ZmNtSFpJQUcwZzRETWg4ZGxLV2w2Si16cURudU1PQmhTcGh5SHpOYU1XZzNsOXBsVnItWWpsYzM2M2NwQi1NdHZaSE1URWs?oc=5
2026-09-08 03:00,Seeking Alpha,seekingalpha.com,Tesla: Elon Is Going For The Robotaxi Moonshot,https://news.google.com/rss/articles/CBMijwFBVV95cUxPVTR5N28ycndVcDczUnBuTTVFMFEzY1gtcVRCVkt1OTNDVGthTkV1R0RvRzJ6UmNHb3NicU9WeENEMmo5cE1GQVRjWGpVc0RpZHMyYUZYaWNWWXZSUm5RLVlIX2JkaFdpbUYxQXpSMmdQSFl4U0MyakZ0NFNTa19iZGtlSWlTUllSLXEtdlI2VQ?oc=5
2026-09-08 03:00,Seeking Alpha,seekingalpha.com,Tesla: My Thesis Could Make Or Break In October (Rating Upgrade) (NASDAQ:TSLA),https://news.google.com/rss/articles/CBMipAFBVV95cUxQVnluU3cxVWEzYUs0dzhfMU9DaGczUlRkUlk0bC1GODNybGNHdlh3THUyNUxfN0RMX1l3UGZuWXowU0s5cUFGay1hSlRHUElpc3UwVDlRdVNybk5nSjR1ZXFZbFZvTHF2enFNdjdOcjNUZEdxYWpNd2NEOE5EMUZfX1RxbUlFUTVfQjRnZnpaRDFrYS10QmtTZ25xTGRkUm5GMEJTMQ?oc=5
2026-09-08 03:00,The Motley Fool,fool.com,Fantastic News for Tesla Stock Investors!,https://news.google.com/rss/articles/CBMiiwFBVV95cUxQTTBUaUFlM3VoaG0zV2dYUVAzLTFHMDVsNFItalh0WXk4M2FiNWhQcU9kR2tnVnBhcnVjMXU2NmlkQ1VUUG1MMVlUcjZaT2tYN0cyMER3WDRmZ2JKUTJ0bklWQ2VhclkxTXFFT3kteElyU0dKRGtIS0hRRk05Z1BSTnJCM1lWb2VSRmVr?oc=5
2026-09-08 03:00,Yahoo Finance,finance.yahoo.com,Can Tesla Overcome Mixed August Registration Trends Across Europe?,https://news.google.com/rss/articles/CBMiqAFBVV95cUxQYUZvaEtncnAySUM0RHlFMjZnTFVpNDlyVlUtM0VtUTEwTmV5RGg1dk9mTVBHSEowX3A4VkpadmQ5VmpTUGF5VWpMbXhPLXd3NHloRmRVTGRFWi15bU5fNlBVZ19ITzZ4UnRYa0lfYUpocG9UNnFKM1hyS05vWXgxUlF2czhiRl9pcGg2RVFrN3NzdHZ1YkVWbTh1WEotczd4NjFQSTU5cS0?oc=5
2026-09-08 03:00,Yahoo Finance,finance.yahoo.com,Ross Gerber Recommends Tesla Owners Let TSLA ‘Take The Risk’ In Elon Musk’s Airbnb-Like Robotaxi Program,https://news.google.com/rss/articles/CBMiogFBVV95cUxOdk56SzJ0MGt6YWZRU0ZtWjZTblhrUGZYbkpVVHB5cXFZNXpMLU5HSVg4ajdja2hKU1RZbnpVQW91MVpaaW1MeDlTMzJWbl9vYnhXNjE4MUYzMGhVYm93UHNXV3ZyX3VlZ25HWmQtRFpDYkFaZXJSUFExdFlIZGIwVGVweUtLeWdCa2NJdnVxNXRHSXhJSlBGR3k3aVk4ODNIOUE?oc=5
2026-09-08 03:00,Yahoo Finance,finance.yahoo.com,"SpaceX, Tesla, SMCI Forecast: Bulls Test Key Technical Levels",https://news.google.com/rss/articles/CBMingFBVV95cUxNYXBNeEk1bG5ZZHRfbTh2S00zbFV5N1dXN285ODJjbmZGUnYwNGt4RjFieExoOWVFaWhIVVllWEVGNzRSTi1NYXl6aGs0c2Rqek95aFgzcEZOZmhwZFdBazRfaU5XQU1SLVk5Tzc1ZlgzQ3htOE13cUQyYUpkQk84cE1xZk01bWQxZmxWZXZTSWJZUU1iZGR0cFdFMG9JQQ?oc=5
2026-09-08 03:00,Yahoo Finance,finance.yahoo.com,Tesla Stock Slips as Cybercab Event in Austin Disappoints. How to Play TSLA From Here.,https://news.google.com/rss/articles/CBMingFBVV95cUxNeE5IaHU3QVE4RUd4ZUx0MTYtblNsSmo2eHJSLTNOMzVDcUdUWFRXekx1Zk5qWWxWOGtlSEpaVWFCYTlXNlZQWHIteno2b29CNFc3OWotS1dOUWZMLWNNU1h4UEo0LWVuem9NLWZZNUJvX01FT1cxeW5fb0pvbExsU2RzUUMtUURQSjdlUWwyb1gtS2R1RnVQUm9GQ2I4Zw?oc=5
2026-09-08 03:00,Yahoo Finance,finance.yahoo.com,Tesla’s Robotaxi Launch Wasn’t the Moment Investors Expected,https://news.google.com/rss/articles/CBMimAFBVV95cUxQMnFzU0NSVFFIUzFHQ0lzUC1BdUtGc3BRVW9FS251bjl4aFAtakZqR2RGVXdTYXk3bkJOZUhVYmlfa0dQNEVGNk8xQlBqWkZEd0hvaXdwSE9pNkpmOENJbExoTGlBWEZhM01ZN0hyUkRCNDBoNHdaMi0wU05KTDNlNUttd3laQ2hfdWFlSnUxdVV0MHU1MC1GNQ?oc=5
2026-09-08 03:00,Yahoo Finance,finance.yahoo.com,Uber Falls 4% on Tesla Cybercab Threat as Slovenia Clears Full Self-Driving; TSLA Stock Rises 4%,https://news.google.com/rss/articles/CBMilwFBVV95cUxPWXZaeThsSnV2TEQxeWtwY29VelgwTC0yM0I1RlZwN1FIWUx4ZVNPazBFMWtQV1FjZW9WUi0tVXAybXVWRTFpV0JPYWZoWU02dF9XTC1HWUl2QW4zNEhILTVsQ2tjR2F0QjAxNXhudUc4eW9TUW15blN1QmZkSHlJZWpKaUdwM3ZLNWE0cUNLV3M1MDJSQkFr?oc=5
2026-09-09 03:00,Investing.com,investing.com,"Tesla CFO Vaibhav Taneja sells $938,419 in shares",https://news.google.com/rss/articles/CBMisgFBVV95cUxOcWdrZEVNVVlONGhCSlNNN1RpWG1KVHAya1hfeVFxSGlHNFRkTUVXd29RZWNzWm5WemVaX0FSa0lvdGItRHdYX21TNXgwV18xcHppWnd5bFlwUVVrbkw4NFRyaGwycnBRSmE0aFp1V0pyWHJzdnU1VEh1VFdjR3FGQjBQSUMwbFRBTjVyeEpmT0hBS1FyZkdKNEY4NUlSQy1IdnEtdWNSN0lDMDI0SmJHMEh3?oc=5
2026-09-09 03:00,Seeking Alpha,seekingalpha.com,Tesla: Continue Shorting Such A Poor Investment (NASDAQ:TSLA),https://news.google.com/rss/articles/CBMikAFBVV95cUxNcmZjV0VmLVpIZEJHN2ZfdFNkVFl5R0ZFb0FaREFDb1RyVWo5aDhQVnBDX0I3bDFaX0pNNm1rdlFpUlU5STNfQk1rTmhYWnpXM3poWlUzV2FDSDVEb3lDeERleU1VWHhvcUhoWEo0WnZfQzhHam9YbWtJUWxYa0hBU2gtX1h6dmpfYVB6UFpGLWE?oc=5
2026-09-09 03:00,The Motley Fool,fool.com,Palantir vs. Tesla: Which AI Stock Should You Buy?,https://news.google.com/rss/articles/CBMilAFBVV95cUxNYXpvVDRlRmczVGh3czNBVVlfelBwa0hnNy1KYTV0RXozOXpNNnBIcG0tay13TmMtUTVzVVFPQXg3U2hmeW9rNnRrTzhzcjA3YWx3RlFwVzY1R2NYVjQ0eEYyNEl5ODM2dVJFTGJ1bmNKTTJIbThhMG1jRjZjVDZ3UkQ5OUt5Z1Baa3ktcGI4eDlaazVR?oc=5
2026-09-09 03:00,TheStreet,thestreet.com,Goldman Sachs sends stark message to Tesla investors,https://news.google.com/rss/articles/CBMijAFBVV95cUxPR3RNTE9Wd3g3MzF3X3ZTN0lTSjNaSVJCUHJta3pvVmdDeUdqTzBRbF9aVHBkTmk0Tk8wbWZ5ekxyb2R1NmRfSUhVSWlmN2o1YUhwaTlfOEpYa0lrZDlnQTBVY2VEZVpJX2hJWG9fc0ItamtESjhpX1RxcGNQU2h0MEZVYzRURTJRU1E4Qg?oc=5
2026-09-09 03:00,Yahoo Finance,finance.yahoo.com,Could Tesla’s (TSLA) Cybercab Unlock a New Growth Driver?,https://news.google.com/rss/articles/CBMinAFBVV95cUxOZlhwZGotd3NId1AyNVNaR1dLUlF0S0E5NEJ2SUltMVlEa2FpVFg3ZGxWdTRoaHBKTThxcEQ2OUhjYWV4T3YzY1hVeXAxMmFEWmd3NzZWZmJtNmt4Y2VTZkdxUGM1eldTcTFpdDdvV2lTR0pkYTF3QkQwVHUyRlJZY2FwUzdaR3hKVzIxNHNFVzRERzZpdjNETVpfRnk?oc=5
2026-09-09 03:00,Yahoo Finance,finance.yahoo.com,Does Slovenia's FSD Approval Bring Tesla Closer to EU-Wide Approval?,https://news.google.com/rss/articles/CBMingFBVV95cUxQQ0VQS0drZjRUNlN2b1JHMEhBODZ0UjhhbVFBMTdOdFJvLTVTM0tiSHA1VVBteUVvUUJuN1liSWpGeHVVQ2RGMV9mbkd0SzRYZXBuNmt0d3BKSURZRnp6Ujc0Y0c3TFJLLWkzRHh2WDVST1FNUGhXczRCYXRPZEVieGRxbjI5NFowT0JqWEdfVjUwelB0bDIwdGZ3Ym5idw?oc=5
2026-09-09 03:00,Yahoo Finance,finance.yahoo.com,Is Tesla Stock a Buy in September 2026?,https://news.google.com/rss/articles/CBMimwFBVV95cUxPX0JXZEpxSmM1RzVFZTdnYWpXRDMtcGRPQnFtM0t4dEo4dFdSUnpndWNWeUphYWNWdWVTcnUtcnIzLVVIUlVRYTNNR0lIUW9KVGFKd3hwU2E0dDRIaW1KXzdPMDNudDVKSkIyT3VnVkNxb01IY1d2ZlZGbXBDRTRlZmtuZmRSdEkxTFlRRkFOeVU3UGMwTTFvUElFQQ?oc=5
2026-09-09 03:00,Yahoo Finance,finance.yahoo.com,Tesla Cybercab Strength Comes with Weakness in China: A Tale of Two Growth Stories,https://news.google.com/rss/articles/CBMipgFBVV95cUxQc1pmR2pEUWRwWllNTjVEcGdPQnlWekpQc2pIYk5KM0dCZjI1aGxHbS1OSGhUY1pDeDZxclBWbm14WGxzZm1LWmNaSmtDcWFHSTVIQWZfVDlDeWNLUE0zbzhOMld4X3Q4OEZYdl8tWHNYRGN6aF9hc0NZMWJFbVpfMklQWGhZVjR3ZERTR1dYSjd5RXVaRjJlQUlSMWNhUkZYR210SGh3?oc=5
2026-09-10 03:00,Barron's,barrons.com,China’s Auto Threat Isn’t Just About EVs. Tesla Is Caught in the Middle.,https://news.google.com/rss/articles/CBMifEFVX3lxTFBiTG9YbnZtY0hMRUFuY3BRMWJpMkllYXhYYlNxT0M3amtSMFkzS25DTmd5NUpiMnJLRi1ULXpETXpuMUwwRzN0a0lVX3RLdloxQWZ0eDVWS2FQSV8xUl91c1NKVWJXX0pDdmxvWThNdG9IZ19fUHh1R0xJQXo?oc=5
2026-09-10 03:00,Yahoo Finance,finance.yahoo.com,Tesla Slips as China Turns Factory Surplus Into a Global Threat,https://news.google.com/rss/articles/CBMinAFBVV95cUxOTFJnT0k5ZlNNN05SMk5kWFVtLXVTdVlZV1lIeGVtTWNGSDI1OEhRTWJVQm1LaFItWHR4dzFYdXU1UnlieFllczFnYURpNFlyckI2c1NGRHdiYk5vTTZUNHdWbGxMUjVINFRWZkplLUg5RExqMXpMaGRlay1mNUMyQkdKR2ZQMy1pMXFPNUJDNE5SdmVZU08wTm1aNnA?oc=5
2026-09-10 03:00,Yahoo Finance,finance.yahoo.com,Tesla Stock Slips as China's Auto Attack Expands Beyond EVs,https://news.google.com/rss/articles/CBMimgFBVV95cUxPVDNUUnF5Mm5RVXZmbW5oVzFJbURnRjdrU0hfY3JUa0hMSkVYQ2lySXB5Q0FvRTZWYVhuanFpUDhwWl8zUHdSaUpKRFhoVmNQcXZJWTNycEtILTlWS01VRUJJejdGclpxNFZ6RG82U0Raek9wdnMzX1B2TUFQb0hqMUJQVG9XRDkwQ3lzUm00U2w2VGVYdnE0RUl3?oc=5
2026-09-10 03:00,Yahoo Finance,finance.yahoo.com,Will Tesla's China Discounts Lift Q3 Sales or Hurt Margins Further?,https://news.google.com/rss/articles/CBMimwFBVV95cUxOT2tzVmNHbVlWMlFURkVpakZKajQtZHkxY1pMZkJMUWMwMWplemJRRG95TGtqUjFzakhFVS1ldjVOOUxRcUJiaEtHdjBNZzAzV1ZzeWF5SWNrWGRDVk5mbWs0ek9yWkx0TGN5RVNzOE5wazJIZGFtMzJjamJDUzhIcTdUb2ZaZVBfQUJKRFpLQk9DcGt4X2hySWxwbw?oc=5
2026-09-11 03:00,Bloomberg,bloomberg.com,"Tesla Shares Suffer Slow Summer After SpaceX IPO, Earnings Rout",https://news.google.com/rss/articles/CBMiswFBVV95cUxQSUNSdDdROUtRU3lNUE1xY3Frb2NrTTVZQ1ZWSk5WQWpfQTBHWllyd1B5S2UxM2R1T1lWcU1RZi13TXNTTkdpRG1RMmJDbzRWZFZBUkh1ZXQ1VEI0YVdtUFc2NlRiTk42WnNodFphSzR4ZkpaZDc5aUh4N3dnT1VwNk40aGRONGtqa0FRWE13SmNFSDAxRGd1MDFSeGxNUWxwUG8yUmdMd2N6aWhraGZlTFdyNA?oc=5
2026-09-11 03:00,CNBC,cnbc.com,"Here are Friday's biggest analyst calls: Nvidia, SpaceX, Tesla, Palantir, Shopify, Oracle, Dell, Rocket Lab & more",https://news.google.com/rss/articles/CBMigwFBVV95cUxOVWlpLWxLV01MLUI4ai1aUlUwQ3RLVVdYLWp5ZFhaNjBYTWtUYVdxeHpsTlZFZXBYSG4xNnZhamhTQWV4YzhUYXFETlRmbW05bUh3eW9oWXY2LVJjOElnUks3OF84YTI5dkF2WERrN3dqanZMdFhuZGY1U1BvX2x2NTNBQQ?oc=5
2026-09-11 03:00,Investing.com,investing.com,Kalshi stock futures plan targets Tesla and Apple shares - Bloomberg,https://news.google.com/rss/articles/CBMiyAFBVV95cUxOREtxQmk2NDdERWVJZFR0cThKU1g1MjR0NVp1V3FibnBnbnA5UldTbFZkX3l2ZlJWZUFyc1ZXczFaX0F3TXNkS0QySm1NSF85MWZ6YW5QUVd6UGxyR2JmOWJBcjRGVXlUX1FERVU1ZnNxNlBrN3lxXzNpYTUzNE9CYWhpRlkxV2tiM0VTQU5VTGY5S0pYMHY1RmdhMGppbHRPMF9mUUdUckxRTV9kVUdrYXl2TjIzMEpKVEZxOXBkTzVNSUswRERiTg?oc=5
2026-09-11 03:00,Investing.com,investing.com,Morgan Stanley reiterates Tesla stock Equalweight on trucking outlook,https://news.google.com/rss/articles/CBMiyAFBVV95cUxQYzk2UmxBMkZhcld5b2JoR3JWclIyMXRETTNMR2RhQnI1WlZIUVlTbE42VWdhN0NibE5jaV9SMXRSUW9FYmJCSmlhRG9QTzQtSTNxZ2hvLXhjR1doMUh5WWVfcGd0a0J4X3k3a3dSWVVYYm9kUWJPMXpqM19mMm1KbDNpdzNSRWpWekRaRzVDaE1QNHNDUXNGdEpMbUVSUGFHNHVRT3ZqVmZnWVN4ZXJEVFhkLS1Edjh5dFBmOXdTemtDZ3c1TnVJUA?oc=5
2026-09-11 03:00,Investor's Business Daily,investors.com,"In A SpaceX-Tesla Merger, Elon Musk May Be The Big Winner. What It May Mean For Other Investors.",https://news.google.com/rss/articles/CBMiigFBVV95cUxNVWlDMmg1T1RVMWxhQklIRWZZTFFWcmNTcy1sZ1dFdGJGVmlJU0xqalN1RFkzdURZZmZfVEctcldzd0hXRHhCTVp3N1MtQTFQeEJIM0EyWnFYR09YdVF2NE0tOHhneE9ETVNzN0cxVHpDcW9rbEZzU1B2MklzQ3I1X09DcDNURE96M1E?oc=5
2026-09-11 03:00,Investor's Business Daily,investors.com,Tesla Semi Gets Boost From $6 Diesel; Morgan Stanley Says Earnings Potential 'Underappreciated',https://news.google.com/rss/articles/CBMilAFBVV95cUxPU2ZqUUpucmdCa0pRemNyMzRvWWc0UExTbklkbkpzN1dIRDI1bnh2OHI2dzNvVDJlWHVsN2hfeDBOZWQxdUtoV2N2STAxbWVEWHNZU1BtV2VrQWxXMTdaU0FKc29GOWNPdmhCOWl0bDU1WmZrNURiTEQ0WlVNX1ZxTDg1MlU2UEJMb2ZTMG5MYTMzNHNa?oc=5
2026-09-11 03:00,Seeking Alpha,seekingalpha.com,Tesla unveils European Semi specs (TSLA:NASDAQ),https://news.google.com/rss/articles/CBMie0FVX3lxTFBjenFLNVJUN0pWcVBxODZ4NkZ3QnBjU1NoUHJCbFVJVTdaUFB1RTFlOUQ5Y3RISHNQdHUyYnhnZXNyMjZ4N1U5dFA5clZKclYyVTdxYkpXRl9NOGo3VlFyMHhXQmZMUzVWcm9EUGd6QWNvUW0xdF9SdVFUWQ?oc=5
2026-09-11 03:00,Yahoo Finance,finance.yahoo.com,"BYD Outsold Tesla by Roughly 77,000 EVs Again in Q2. Can Tesla Close the Gap?",https://news.google.com/rss/articles/CBMimAFBVV95cUxQVGhyVFAzRW9CRmNBQlFRUEQ1T3lEXzF6QV90eWhGbU5SZzhoRHVDbFZOVVF6dHZoenNlWGFnQ3hVcTJnSWZ6T21tM1hZblY2VWZpaTlGNW9iVFEzWm85NVVObFRVMVdMRVI1a2gwMGxHWG1lQW5feWc1amxWb2lwdjN0VEh3ank4b3NGbG1MRlFTcmVPUmRVag?oc=5
2026-09-11 03:00,Yahoo Finance,finance.yahoo.com,BYD Takes 35.4% of China's NEV Exports as Tesla Loses Ground,https://news.google.com/rss/articles/CBMijwFBVV95cUxPSTBqTzB1RUcwem1nWmIwbjBrbVRIRklUdGxqUjdKamZpSzhMUEN4ZXNDbktDZWNoNklubmFieGZoNUJaXzZtQ0hpa2JiYkQ0WFdFTEltVHh5b0F3Y3NzcXZFNE1kenF1Rjd4VnFaNHctT01yT2dkZm1QSVo5U0Uyc2xZMEZ6UGR0WVh2RGhFNA?oc=5
2026-09-11 03:00,Yahoo Finance,finance.yahoo.com,California Tesla drivers can score cash from giant settlement,https://news.google.com/rss/articles/CBMiogFBVV95cUxPS0tEMTNYa25VVG5wbWpOT1JoTENNVEJaTGtrbUFsMl9nQmQxTERvd3BrVTVkdmVaOUpPS3JYRWxjSTI0ZGJkWHhmeWV5LW9wamZlblMzNXpXcDBrY2xabGE2YmVWdXFyNWQzRDdEajJNOS1zc0JwUmFROXRFTS1ELThadm9zMl9nTEdZWnJjTVh3RlVyLUdidVk5eTZHYTNhTmc?oc=5
2026-09-11 03:00,Yahoo Finance,finance.yahoo.com,Is Tesla Stock Priced For Its Earnings Or Its Robots?,https://news.google.com/rss/articles/CBMioAFBVV95cUxOQTRMaFlxUzlzSXlZd19RVnRFY1J4VFNLMjJabmtMRnJ5WlpSTW5TQ2tuNUNKLVRzWkdOSzhoZXI4MnNlU3RBN0haS1BscTNiN0xHMEptcWVtT1RzRTdSaVktaURtbU5KaDFkeno0aFRCbWFfdnpmLWhORjRCR25QaXE4WnZaVnprRlRjUVNYZlI0WUJibzFHdWg3RjlUMVlI?oc=5
2026-09-11 03:00,Yahoo Finance,finance.yahoo.com,"TSLA Stock Rises Premarket On Global Blitz — Cybercab In Japan, Hotter Model Y In China, Powershare In US",https://news.google.com/rss/articles/CBMinwFBVV95cUxNNW1hblNhdEp4VGVWWmMzWVF4a0VZQmVxTzRUX3F3dzFwb1hURTBmdEhsTVlNVWlGczY4ZHEtR1A2bGNuTThrblRIb1lldGQwY2lvTDVjRmQwempEV2lZMWx5Y3dVQ01oUEtlVEV1RXpyV0QyTUhzbGd1cUFMUHk3QnlBaXRNU0V4VjB5Y0pOM2xWMDd6d1ptbEVyUkRScEU?oc=5
2026-09-11 03:00,Yahoo Finance,finance.yahoo.com,"Tesla (TSLA)’s China Growth Streak Hits Double Digits, But Barely",https://news.google.com/rss/articles/CBMimwFBVV95cUxPRDBFYXBVVDRXSDNnM1dJZG82cVlvLU1zUTdQZi0yYkY1VmJ6N3ZiZW1IVXpsQmY3bmtFY2dGXzgteC1jYWdscGRjQmlvdDMwWUlQcHNZdnV4bEVib0NLdHZwaGxHUlJjSVppbGQzTjRjVXVmZFk4UTE4c3dXX05vWEFnZ0ZLcGZCYU9IaWIzMUMxUDh3YllybjdCNA?oc=5
2026-09-11 03:00,Yahoo Finance,finance.yahoo.com,Tesla Gains as Semi Opens a $17 Billion Software Door,https://news.google.com/rss/articles/CBMilAFBVV95cUxNRUJpanRnZDUyNEZQRzBGS3pBWmRUSjRkUEN4RGJ6Mmg2Tl9JVDBxNjFaa19MSlpjYlAyU2dzdjN5azR5V3h6M2tWTmxJQzZ0ZWVoOEQyQjhUd0VtRzFUM01GZHRDY1hkVGtVQmVVem5rc2ZFZ1I5QUg0N2hPSG83Q3lTUUtpNXp2U1pLTThoYXBvdWxD?oc=5
2026-09-11 03:00,Yahoo Finance,finance.yahoo.com,Tesla's Semi Truck Slated for Deliveries in Europe From 2027,https://news.google.com/rss/articles/CBMijgFBVV95cUxPOUYyRzVSbW5PNDA5dmJRU2pfUnNTaTBHbnNTWDNycnB0X3ZQWm1LcFFzZWZ1SUdEeUJIelc4Sm9LSUY1bTBQX2VkR2JKRVZsT29BMnBpSkQxZVF5b25Fd0hOWm1uM1liZmRJZGJOZXhVVmh4cHNfU2FWNzRsY1hKUzd0Q3NvNV8zZWwtSVF3?oc=5
2026-09-11 03:00,Yahoo Finance,finance.yahoo.com,"The Zacks Analyst Blog Highlights Tesla, BYD and NIO",https://news.google.com/rss/articles/CBMiogFBVV95cUxQdnZPMFJNaVNLQzEzTjRqWGpPVk1fZ054dy1ycW8wWkVwTWlwRmVrRnRHZGltdEdWTFZ4QXZjbzZMeHp2OWlGWDFFUVRxVVFCZ2QtRjBQTHpVWXpmWWlMZDZNRTU2a3ViSkF3bWtpaDBrNDduLTNBMGpEVnk4elZITllDajVwMVRnRV84S0JnVzVuaEJ2MnRRZmdjenRXX1VQUXc?oc=5
2026-09-12 03:00,Seeking Alpha,seekingalpha.com,"Insider trades: Nvidia, Tesla, Uber among notable names (O:NYSE)",https://news.google.com/rss/articles/CBMilAFBVV95cUxQMU9icG8tRUpmcXhRVHE5cUt1Y1o5UGdRRmZaYnhtM0k2YzdtUmVLMTVacHZCYnQ4VkEweDVQaGw3Qkk5WE5rT09ld0NXMUxRXzZ6NWZvZDB4c1NhalB5dEEtTE9ieGxZVXhBRmFtb3ZIZFNacnJNVVJQTnZKT2tMU1JIa01jbGxxb185LWhkSkRVZmN1?oc=5
2026-09-12 03:00,The Motley Fool,fool.com,"Michael Burry Is Staying Short Nvidia, Palantir, and Tesla, Warning of a Possible ""1987-Type Fall"" for AI Stocks. Should Investors Take the Bet Seriously?",https://news.google.com/rss/articles/CBMimAFBVV95cUxORF9XSEdlbE5wYlZQS1JzTE9xNmhBeUtiY1hXN3NseEt4SXhaY0htUGRxYjBPSGU5M0hDRTZjQmQ5b2VpbFJhV04zN0JqNzljYllzM2VKUnBIQkNZN0dXX2xYb1hHN0ZrMzJ4Mm5qdmZfNWNibjVQaTJQVG9QSkFxbk4yeF9zOWdtV1k3MXhnNVpDNVZKZ05GeQ?oc=5
2026-09-12 03:00,Yahoo Finance,finance.yahoo.com,"$10,000 in Tesla When It Joined the S&P 500 Would Be About $15,700 Today. An Index Fund Would Have Done Better.",https://news.google.com/rss/articles/CBMijwFBVV95cUxNZEFxY3dfdzZsem8zU1J3QnZKbmFBTUFTV3VlZ1BTUE53VElxVGYyM1dka1dsNkduS0l5ZmdZX242VWhnbjJmWVV5am9DX3RrRHdPdU1PbGtxbFg5QnB3ajZuTmhMakxQRy0yc0VELWlrNXdOdjJiMHQxYk9pdVcyRERtazRlekktZXQzTmpQVQ?oc=5
2026-09-12 03:00,Yahoo Finance,finance.yahoo.com,Elon Musk Needs Tesla to Reach a $8.5 Trillion Market Cap to Cash In. Here's How Tesla Can Reach That Valuation.,https://news.google.com/rss/articles/CBMilwFBVV95cUxOb0l3MmUzdWkzLXZwUzI3TUlKZUJmZlJzMjczc0RjVkJwakxkVElQaXhWQXdRMmY5cUFYbGdFYjR4eDhEbXlzOGpoMU5ObWF4RUp6Y2JGR3RfVUVYNTVmY0RYbVhQel9hSWZKNU0xdDQ4NldyR0cxdk01SmNmQnJTbzBjazY5RWVabWhfaGhEODQxV3JlLUNZ?oc=5
2026-09-12 03:03,Morningstar,global.morningstar.com,"Investor Focus: Trusts That Own Anthropic, Autumn Budget Previews, Tesla Shares Sell Off on Cybercab Release",https://news.google.com/rss/articles/CBMi4AFBVV95cUxPVWp0SnROa3cwdHd3YjFYTU1sMjI1NHV6b05faUl2cWtnUU5ONlpPWGE0aElscTZJVXNnVkFwQVhENVNKWWdMM3IzY1Fya2VvZXN2bDdRQ0dMdnY5bFpEa0VhMHNRSEdaRlFjdHdZb3F3NVNJNFhnbEV0UEZsci1Md20zTzViYndrUDBqZlRKVms2LU5IekFyd3B0cVBuLVZ1eEJTblJIbF9adkxLUE1jOF9FQzZjZi16UDZ3elZIQS1qYkhhb2lDMDdoSVpUR0RLNU1lNmVSdEV5LXNrY1l6bQ?oc=5
2026-09-13 03:00,Yahoo Finance,finance.yahoo.com,New Tesla Roadster Uses SpaceX Tech. Will It Impact the Stock Price?,https://news.google.com/rss/articles/CBMinAFBVV95cUxQMzEzOGp3angtNUFEeXJudF9Xd24tZ0Vlb3RvZWFUVjFBb0oxd09GM2R0cGF3LUhwQW90Xzd2akZNNGw0cEpEVHFZckFwUFlmUllISFpibEVGajlnQXh3LXRBYzJRZ2ZxN3FBUDRVNWlKSTB4OTBlRkNVb1ZDazNEZkIxeXZ3VU5EaExpMzR0STVUUS1PSFFMSnVzWi0?oc=5
2026-09-13 03:00,Yahoo Finance,finance.yahoo.com,"The Tesla Network Is Dead: JPMorgan’s Bombshell Note Reveals Nearly All Robotaxi Billions Flow to TSLA, Not You",https://news.google.com/rss/articles/CBMipAFBVV95cUxNQ2RaSnlBYjl3b0l1VHJuc2hDVWppOTloQm90WndrM2VzMU1fcmNCaUJsTmVVWVhBRjlwb1MyMS1WMlVqTHloR1VyVlZJRmRvUkQwdEQ1M1lENnp2T3J2cmRnd2tyZmNfNkE2U01EN1c2X2RfWmVWMHh1U0JtTTBKdFQ4VDNQdlZpVllIOXBjNEw2U1dVZVRLZE81dGNTRWFmWFdLeA?oc=5
2026-09-13 03:00,Yahoo Finance,finance.yahoo.com,Uber stock took a hit it didn't earn over Tesla Cybercab,https://news.google.com/rss/articles/CBMilAFBVV95cUxOUC1ydEg3NG1kZVE1ZFZYZXFiTFFVcTZnWm10bGFwX05LOUlCd1V2elFIZXhLV0psbDFDRV9zclJnMWlnaWp0d2FsaWl3ZnA0eHlrYnZjLXA0b1dSa2hTbVN6aW02MFVUZUpEYzZxLUk1eGdEUWd3c05fQ0FUNXZGVGx1SEUyb2ExUVVZTHVyT0tvdjFO?oc=5
2026-09-14 03:00,Investor's Business Daily,investors.com,Elon Musk Plans New Tesla Roadster Unveiling In October; The Stock Slips,https://news.google.com/rss/articles/CBMif0FVX3lxTE1yUU1peWVXdlFieFFBTFRzUnBwcnZYU18xd3cwTTdha25kUlhrVlR3QmxiRGJFTzBOdjZiX0JFZWhXWDI0cXpxZU1hTDREUk5ZTzQ3Sk5oMUU3RkRmdFZyOWpJUjJLZGhjaUdMMHYyMGkyWTVMOW9vM0RXblVLUE0?oc=5
2026-09-14 03:00,Morningstar,global.morningstar.com,Tesla: Luxury Sports Car Launch Provides New Halo Vehicle; Maintaining Valuation,https://news.google.com/rss/articles/CBMivwFBVV95cUxPWEg5cTBDVFZwakk2R3VFTnpzSndVQXkyblE5VVZhLVpfVTFQaFExQ0hxYXo4TzYyVzNxT2xMZFA0RjZXMkpoQTlSb1pGdmZ3X2E3UjlMb2RDVEhLWWdRYmVtV3ptN054RE02UVlQdXpYNEloVHFpaENmWE5pSHJxMDdxQmlkVng3anJIMjNHYnVGMlUxWWxnUlV3c0xzMjBEdFJ5blNXNUJkQmg0ZlRfZTZ2QlkzaWVlZkQwSXU3WQ?oc=5
2026-09-14 03:00,Seeking Alpha,seekingalpha.com,Tesla: The Cybercab Failure Is Worse Than You Think (NASDAQ:TSLA),https://news.google.com/rss/articles/CBMilgFBVV95cUxPbmNoU1FUM01HdFVpdEU3alU4aFdpS3NCLTFaZExqOURHQlByVzc4TUhCd1RqeU5tdjJWM2J5NkJ1cUpmOUJSUnNVTS11cUNZakp2emxZakxYeTVycFp2R0VNblNwaHdnc21NUTRoVVU1M3RnR2RhMTF3Wlp2VmZOcHM4RE9GcnpFNXBtdUJHRDlneHJtMXc?oc=5
2026-09-14 03:00,The Motley Fool,fool.com,Elon Musk Says Optimus Will Ship to Customers in 2027. Here's How Much Revenue That Could Actually Generate.,https://news.google.com/rss/articles/CBMimAFBVV95cUxPVzFwakRhdVdVNmZuRUFvbHgwQzRxbHhGZ1lVTUJWX3V0U2JNbW9fRXFpbWR1UmVRTDdXVDloNGxsMHRycng0Y0kweS1BQ2VhTUFBMUdHUXBFWmhIUllhS3JfTTIzZjV5LWdpTlp2WWNCUkczTGZkUnBLcXhoRWRleWZhdXV0T245SDcyRVUzN3dzN0ptU2ZiSg?oc=5
2026-09-14 03:00,The Motley Fool,fool.com,Ford Motor vs. Tesla: Which Automotive Stock Is a Better Buy in 2026?,https://news.google.com/rss/articles/CBMiuwFBVV95cUxOMU5fNDNDMm9fRm02RUxXOUF1UVBoU3FBQmktdGt5WnFqbURWckFrWnowWk0xUkc0bl9GTm1XOTFxbFBCQk9UQUhCd2pXOEVsUE11Vy12Y1RWekIxM0kydUNFeG1tMEJtekFtZXloYVBNOV9YSmE2YXF4aHNsNk00ZTRQY004cE9KRmJyZzloSEpXUUFXZnNSdFQ3eVZ6YmZPd25SX2ZXQm50d0pxNHd4YjA2RmlMamZZbFYw?oc=5
2026-09-14 03:00,The Motley Fool,fool.com,"If You'd Invested $1,000 in Tesla Stock 1 Year Ago, Here's How Much You'd Have Today",https://news.google.com/rss/articles/CBMimAFBVV95cUxObWFpenpvWTBYMmhkdGVUM0tfaXJ4bEtNWF9aTWdfdTZZUTZibWl6QjYxUVRGZFRwMkhZVmNQWkFkZ3N1YnpfSE5mOENtcVpJOVhuTnB5RWtzVjNlNUUtSWdRamRzeWZ4T0RsTkx1QW5SQUZ4ZEpSSHdTcl8zcGtuYW1YbkhUUG5fbjRmdEltMGkxX3JRWU9Tdw?oc=5
2026-09-14 03:00,Yahoo Finance,finance.yahoo.com,3 AI Robotics Stocks Worth Owning Over Tesla Right Now,https://news.google.com/rss/articles/CBMilgFBVV95cUxOMWNVS1AzcXA2TUVVLXN4bkdhS3Y5WWZ4djJwcXZmaFBTSUcwbl94QkZWUm4wb0xPclFaRENnb0R5VlBoekU4Z0luTDc2LVdlU1VmUTJHMkI0bUxpTHJoenZXX1ExN0RsM25QekZnQnRiOWlrT1F2bmxwSklwMndxWTFEQm84VVRiSXpRZUdKY21OX0kxV3c?oc=5
2026-09-14 03:00,Yahoo Finance,finance.yahoo.com,Fantastic News For Tesla Stock Fans,https://news.google.com/rss/articles/CBMinAFBVV95cUxPNkFjR0I0LVJ1aS11UE1sWldxWk5NZzR3dndyTUJnbS1QeTBBdWhOUlIzSEJFS1RyNzJVREE5bmZ1b3hwU1kxdGpycV9fX3NZeXVjYUx6ZjIyalJISlhpaUNuZjZhdUNTQTlsN0gtM0ZOczlkdC1UMWRCMHVKT21jSTBmU0hpcHlWbzdhX25SZE1mMDlETlhXNW9DOVI?oc=5
2026-09-14 03:00,Yahoo Finance,finance.yahoo.com,Market Chatter: Tesla Regains US EV Market Share as Rivals Pull Back,https://news.google.com/rss/articles/CBMinAFBVV95cUxOQ181S2NhTENxNk5OQmJualdScUtNVGZPdU9hblRoMXdndkwxalRHUktTX3hvMFI0THhYUGJSYWR5andXd3ZYem1tRnhsR2UxMkZkanB0Rk9zT19QVzZwRjdwdWlKUmZnWHRZR044enhfOXlSUXY0VEFfUl8ycHF3cWFGS3g1RWI1M2psdXQ5LVJ0UEhtR0tHZWtsckE?oc=5
2026-09-14 03:00,Yahoo Finance,finance.yahoo.com,NIO vs. Tesla: Which EV Stock Has the Better Investment Case?,https://news.google.com/rss/articles/CBMijwFBVV95cUxQSlBDU3N2RjNNWVVEejV4WEVtc1E4Z0JhWlQ1TmZaZjlWOWVncHhTNTJzXzcyYUZhWjY2VXJLWno1dk9kYTRTX25RY0k5MEZhZFYzTEV1eTFGSVMwZGJmZXVLemtEdU5WM3UyS1FzRGZHYVkyY0VqWVFYMWxsLWtHbnpMbjJKc1R0MGZkYTZvYw?oc=5
2026-09-14 03:00,Yahoo Finance,finance.yahoo.com,Tesla Files to Enter Vietnam's EV Market,https://news.google.com/rss/articles/CBMimgFBVV95cUxQQTBiaTlMZHV2RU5FZFBBTWM1NW1hTEFaTjRyVDRFWEdOQXRNUjdrNjN5N3VpMmwtcmU2NW9aYmkyNXVHWHpMUUFxWmVKdzhfZ2E5MzY1T3BtT2VZQ25CeGMxZHhSamVodnpzZFhrVC11bDlPOWRXX2FJWVJ4VXdwZUh0SDlHYkZZenEzWWs0Wmo1WTdNQTZkTklR?oc=5
2026-09-14 03:00,Yahoo Finance,finance.yahoo.com,Tesla Slips Nearly 2% as Musk's AI Caution Complicates the Autonomy Story,https://news.google.com/rss/articles/CBMilAFBVV95cUxPZU1aYWtiM0NkQUFkNGp5TmF1Tk10S3VfNVNHbFluVHR6VnNTb3VTR2VwTU00VTR3bnBjTVc1YzYyRUJoR09fVmtjZFc4aHlNOTNJVlAtclNObVdxb0RIdHdFUF9FVDJqazBPeU45blppTUQzbW41SEFyQ0NzQUhCWHVjMkNrTXpRRlFpcHhmcmVjdldv?oc=5
2026-09-14 03:00,Yahoo Finance,finance.yahoo.com,"Tesla, Inc. (TSLA) is Attracting Investor Attention: Here is What You Should Know",https://news.google.com/rss/articles/CBMioAFBVV95cUxNeDZ3ZkJmQTQ2RllUSEhTTGZhTzloZFZKQlNBTUNTNDMzNl9Xcnl4MkFIb29IcUpCR2FVd3FPN0ZHWnVKTVlJUGkyYkQ3ajZWdjloSll4NjJWYkFnRWdFSjZnNUEzaUctRXlQMEVfTzVBYmZDMVg4Z2dyU0dwdm05bV93R2szbGV2SUZQQlFIdEJLcGhMM2VyT21EbTFmRnhm?oc=5
2026-09-15 03:00,Barron's,barrons.com,The Tesla Roadster Will ‘Blow People’s Minds’,https://news.google.com/rss/articles/CBMid0FVX3lxTE1PWUJDdGFoSDFhTjdWNzBuUmVBMmxWWnprMWY1Q2RPOE82bmItdzU4SzhLRWg0cWJqTTRiTlFWWnAtNFk3Nk5tbmhMcXE3RUIyNldmM1NtTWRWRENyVXFzMTBpcURtSTJLcWpvYUcwQkQybDVGUXhv?oc=5
2026-09-15 03:00,Business Insider,businessinsider.com,I took Elon Musk's 'golden robot' for a test drive — and saw the Cybercab's strengths and weaknesses first-hand,https://news.google.com/rss/articles/CBMickFVX3lxTE5vMTBTSmxHSUhEVEZFTlh5ZTNMYXZOUUtfVE1nN3hZOUUzRXZZQWlBSGcteFdtVjhrWkxtTUtZX2l2UHprRnRMYnNOY2hWbU14MlZ6YVY0SnNLUXh4LVhIRmJtdWxwV09hRkRrdnpwVHdGQQ?oc=5
2026-09-15 03:00,Investor's Business Daily,investors.com,Elon Musk Reveals Details On The New Tesla Roadster; Shares Slip,https://news.google.com/rss/articles/CBMinAFBVV95cUxQRDA1ZVEwZ29BTzk0MnNaZDhHNFd6LWZyNndoY3BoRm5BdHpRYnRnNEdUWVJwdTVwb0xWc19kcW92bWlsSmN4blAwWmVQaDBPcFBRYXJ5UUhqaTl1VUV1QXItYm1RSFlZYnZoajg2QVVtaDlEV2N4MnI0dzZGS2c3bE1vNTB0M0JHNUdZbzhMa2sydWUtMTFYdi0wNXo?oc=5
2026-09-15 03:00,The Motley Fool,fool.com,SpaceX or Tesla: Which Elon Musk Stock Should Investors Buy?,https://news.google.com/rss/articles/CBMimAFBVV95cUxPak51SXJVNDVGM3ZERnhOZjdYb2hBMFhYRXNzbV9YVzdtN3dCbjktSjFFSmtYdWtWV3dKRDUzR1RmRFlWbWVDOWdsSWRDLTdRN1FvelY3R21iRHo2R1ZLTkoxX2JZYnJ5QUtVa0hRR1NqZjFGVkZiVnVKQzVIQXdzbXJWSmloeE15alhNUjVsT010VTh0aFVheQ?oc=5
2026-09-15 03:00,The Motley Fool,fool.com,Tesla Launches the Cybercab: 2 Key Takeaways for Investors,https://news.google.com/rss/articles/CBMimAFBVV95cUxPS1RDQTIzWTdLY2dsaV9kaXhaekpYa0xhMmpZdml5YlBnSnMxUEVFVXhlU3BqT0pjMjUyUVItcWVQZjhtSTZMOHFRcVFFZVU2WEMyeW9kRW1CbnpJRk1kZ3ZZOFF0dDZMUC1rdmZBZDNTMjlhbXZpY0tKRi1DVFpzN2hqM0l6OGlVNC1SeEJuSHl0a2taRGxvaA?oc=5
2026-09-15 03:00,The Motley Fool,fool.com,Where Tesla's Robotaxi Rollout Stands Today and What Investors Should Know,https://news.google.com/rss/articles/CBMimAFBVV95cUxPbnhNWnRDM2FMNk5UbXdibnBoNElVb09kOXlCVXB6NDJvZkFsOWNBalJpOTV1NFZvQkszMWlzN3p6Z1ZBVTBlM1ZlV3R5am5WdkNFNVpQR2d6cE03ZEZvRXBpLUttR1NuVHhEb0kxRkJ5RE5FdzVZTWdBb0lrOF9VRDlVaVo5eUZ5YllQN0lvMkdFc1BGVUdFVg?oc=5
2026-09-15 03:00,Yahoo Finance,finance.yahoo.com,"Nine Years Later: Can Tesla Finally Deliver on Its $250,000 Roadster Promise?",https://news.google.com/rss/articles/CBMimwFBVV95cUxPSjM3VlAyMU90QVpycGxLNXNONm5FMFkyTFJIVWF3ZzZnejdCX21MQzhlQmd6bE9NXzFsZzdxVFp3dnZyckZmWThNb1p3YTExT01sQUZhcWFPX29TeDZPVnAzdVhCaWE4LVFkVVNJOUpQR3ZDSG0xenR4ZC0yalQzWVc4dHRIei10OFNNb2N2UFZoY0hWWFUxSUxrcw?oc=5
2026-09-15 03:00,Yahoo Finance,finance.yahoo.com,Tesla (TSLA) Lands PGandE Grid Deal But Is The Stock Already Fully Valued,https://news.google.com/rss/articles/CBMimAFBVV95cUxPUjVkbU9vYzZ3ZndMNndyZTlTMXNkNGlZS05JQ0k0Qm1LajhIVHhtOXZsVjFGSGd2UkFGeWI4Y0x6bHhUckZTZGRGLTFUWkFmRy1TRVJYc21SQnpsVnBBS2NNb1ZyZVlwOTlnRHZUMU9FTUFYd3JxOUxuRHNONE9Sa2UzUTR6d0lqRzhUTEpxREtTYlRrTjZjTA?oc=5
2026-09-15 03:00,Yahoo Finance,finance.yahoo.com,Tesla Takes Back America,https://news.google.com/rss/articles/CBMikwFBVV95cUxORnpTeTh0TElMeFV2WWhuNkd3eFpLNjAwZFpSb2Frc1ROMkwzVG1RM2owQTBMTzN4YzVoT2NMZldLTkhZQWZ1R0p0UTFOYm1VY2RRZFFOVEZUV3p0R3JpendEak82ZWQ2WGVjVFFXUjNjNmlsc2M4UlVhVTJOdGwwam9RQ20wajRxc0paSkFjZXlJdGM?oc=5
2026-09-16 03:00,Barron's,barrons.com,Tesla’s Cybercab Faces Safety Inquiry. What That Means for the Stock.,https://news.google.com/rss/articles/CBMiiwFBVV95cUxNTVprVXJSem9PMDB4cVdLQ1RzeExXNE1xcFVORUlEcFVWdy13TUFYLWRpQ0Z5a0x0aWo4UGZlRGsxS040cFM2enNTZUJ6ZG5oajFsbmtuVU9VM21QTDBzYnp1akJkMGZkMlFyOGJUa2NhS1Y4QVNBUXRicXVJT2ctZWpCZnJicDJXVnJZ?oc=5
2026-09-16 03:00,CNBC,cnbc.com,Billionaire investor Ron Baron on Tesla: The time to buy the stock is now,https://news.google.com/rss/articles/CBMitgFBVV95cUxNcXdjclkybTJNMW5zRDNndHAxcmgyaHBOWWJ2UXk2RmRfank5VkJnOWRnOVpYMXBHTUc2V1pvVkpqdHZZT2I0T3ZxUVRMbFVPMVFYZkxFM09UWnhFRXFQcUQ4b2hYQmdQdWxVdXBIYXN6d1E5R2ZBaXdXQkVXbV9ZdmJWRm1tLUd1dlpJUktBUDhhdml5NHdfbzdnNWJ4OGlmaUg0bjZaX0RTaE1aeUpmdkc1QVFtUQ?oc=5
2026-09-16 03:00,Yahoo Finance,finance.yahoo.com,"Billionaire Investor Ron Baron Says, “The Time To Buy Tesla Stock Is Now,” On Predicted Rapid FSD Growth",https://news.google.com/rss/articles/CBMiogFBVV95cUxNSW91cXVHejJMSTdkNHNxMEx6Zm9fMXhaOWtIMi1xV3dacURSVng0eWN3SXM2d1ZFQ0gzTGpIc091N3JrUEwtc3BwZ29jVnh3c0p6TWR5djlQX3dNX3ZqUC1fdmEwYjNFOHRoQi1KcEpPV1ZJSDljT1RTbkk2N2diamtXRWFMRnc0YzNIMGVNazNJS19SQ0FwMTBiVTNpRVJLYXc?oc=5
2026-09-16 03:00,Yahoo Finance,finance.yahoo.com,"Dear Tesla Stock Fans, Mark Your Calendars for October 1",https://news.google.com/rss/articles/CBMilgFBVV95cUxNLUhiSFp3QkdodHdYZUFWbUlKbUx1Z3ByTXF5eHhpNFBVWlRpT3YtRTZKLXFOMmtMMWZZYUE1bGxSVWs5SXE0amZ3OW1HTW00aW40aFVfZjNUM1M0WVAwdnJ3Q0NRdjU3M1NWaW42VVdpcW5GRUxMZnBnTFhKaFQ4UFJLLVVSYnVfRDJlUEs0Y0YxMEVVNnc?oc=5
2026-09-16 03:00,Yahoo Finance,finance.yahoo.com,Elon Musk Says 'Excitement’ is Guaranteed at Tesla Roadster Reveal in October: Audience Would Need to ‘Vouch’ That 'This Is Not AI',https://news.google.com/rss/articles/CBMingFBVV95cUxQbl90MHg3ZTZjTjllVHJaM0xUU19zMTJUZ0lBS1ZUZlp4c2RyWVFneWY1b3I1aUxqU3k1R2o2X3hDdThUTHAtYWhjZWtybGZxQXl6V3B4dVdSR05qb0hOWnNvb2RONEJONW5tWkxoUTBQZ2VORDFjRUZnaHhINjZvalNyNzRGel9faXg0eFRodEZCaEQtQkYxbEd3Mzdfdw?oc=5
2026-09-16 03:00,Yahoo Finance,finance.yahoo.com,Goldman Slashes Tesla’s Q3 Delivery Forecast — Says Weaker Sales Across Largest Markets May Offset Export Strength,https://news.google.com/rss/articles/CBMinwFBVV95cUxNbUU5RWVrZE5pUEVtWXhWQXAtZkZzYngyYldiNDUyV0dSQUNoSGJILWVYM014cWpwVTA5NFNCOUlXNGxKNTZFZVl0bDA0S1JCdmxWcUhJaXl5bDd0R0xYY2ZtRVJuSVY5RkdSWGR4Vi1QVTFTSW53cFZROGxaZDlGMWw3WllOT0FJU0RjUjJWZHB6WUo2SVNMOVVpSnNHOG8?oc=5
2026-09-16 03:00,Yahoo Finance,finance.yahoo.com,Tesla Gains Over 2% as Cybercab Faces a September 30 Compliance Test,https://news.google.com/rss/articles/CBMilwFBVV95cUxOWW1ybUY3eHlTVHphUXhDR2ZzVTVaTDBld1pBZ1hEYU4wQWRfQlV6dWQ3MW5XNnlOU2RqU2EtVml6dHBfUGpPTERtNEE3OEZYNFZwbFhXZHJkYzRNTEVueDZSZXA2NFpKcTE2UXpWdlI2RE1ubWtnQ3FZTjFlcTdCNDlUNGtqaFpTaldjZ2tVR2pDcXMtSDVF?oc=5
2026-09-16 03:00,Yahoo Finance,finance.yahoo.com,Tesla Is Expanding Into Vietnam to Capture Growing EV Demand. What This Actually Means for TSLA Stock.,https://news.google.com/rss/articles/CBMipwFBVV95cUxPUGZjelNOcm5hNlVfYUxoVnZhU1liSlhJLU5mY3djWEVkVi1vdzZhOHgwdzZIZVg2TTh0dzROVDFIb0RFRlg2UEhrR014bTZ6cmg1R1FERGNQUFBtbTFObWNTbjdpcmJNXy1kWGowYi1xRkg1azNBcHFCalo3dklQWE5PaElVNkw0OEVFT3F2MGFnZXJ5amE0d2tjNXVqUGhlZzRGa2RCOA?oc=5
2026-09-16 03:00,Yahoo Finance,finance.yahoo.com,Tesla Tanked This Year: One Of Tech’s Biggest Bulls Says 70% Are On The Horizon,https://news.google.com/rss/articles/CBMimgFBVV95cUxQZTNmekhBSWJJUWtrUkEwVFBkZS1CUDYyQXJkOEEyYzhNdU91VTIxcXRfMWhrWU9iQWd0QVRCMHRfSUt2b0tXYmd4MWdabkpuSHJXMmNhNXRhQnhSWnlqZjZ1T0xzenYyUmItZC00UktnUi1QUkNUc0Q1LW9EY0E2ZHlnRGtIY2l1TlFDcTBnMERaWVJiTHpVWTZn?oc=5
2026-09-16 03:00,Yahoo Finance,finance.yahoo.com,"Tesla-SpaceX Merger: Not If, But When Musk Makes It Official",https://news.google.com/rss/articles/CBMimAFBVV95cUxOd25kaG5uOThQYnVZT21Ec2UtWUE2Mi00Q3MyOTR6YWVPTGpnNy1rOW1sRndiallJeFp4SzBiOXdhVGZMODIwMUpNUFEyQ2RUU01TRkxBRUJTX3FSeDVNaUVkWDZNX281T0xRTnc3UUt0MmV2X2liRWcwWDRweFpjYjAtelhFOXRQWkc3ZFZjdG9QdVBfNEN6WQ?oc=5
2026-09-16 03:00,Yahoo Finance,finance.yahoo.com,"What Will $5,000 Invested in Tesla Stock Be Worth in 5 Years?",https://news.google.com/rss/articles/CBMilgFBVV95cUxNSHlucTRKeU4tbkxSZVFpeklHZU13V3otb3RtN2czVkxOelRpTFR5aEM3UGJGSW5kLXFpbG1nVkxKRFRqUXFJaHIwa3NKMkRQNUkxdW1JOFJzTU9JdTV5SzlRM3REaWt3elZpQ2pYcHYxLUNHbmJtaXE4MHZWd2FYZ1hYTnctVFh0NUt3bVVvSUpNcFZhSUE?oc=5
2026-09-16 06:47,Investing.com,investing.com,Citizens maintains Tesla stock rating on autonomous vehicle skepticism,https://news.google.com/rss/articles/CBMiygFBVV95cUxQU0JPVTlDRVllZDJEVlJKSXRUNlBuYXlhVGdvZVZmM2tnTUZTZzdjUk95T2pNU1I3bXdUUGxzdG1tU013SG1ucklJRTdyTkZ4NU51X0VpWC1SdzJnQUtJQUJMci1jZ1BiS0U0ZzUxakE3TVI5M3daWE1RTVdXZmtpQlZYZzMwbTYwM1B1dWdwem5LVmVIRTlMQzhOR2dRTTRCMXl1cTFfWDBLS1luZGF4d2x2YkRBWVN5RllmbzlpNkJva2dWUWpfNTFR?oc=5
2026-09-16 13:58,Benzinga,benzinga.com,Tesla Gets Love From Ron Baron for Not Hitting Ducks: ‘Time to Buy The Stock is Now’,https://news.google.com/rss/articles/CBMi3wFBVV95cUxOVUJISUZ3VE1WbFo2VVFYSjd1ZE4yUnhKYUI1ZXJ1b1FFNmw1Y3Z2Z1Fsb1RSODVhNVZaMDQ4aDFtbXNJb00wNUtEcVJyOHo0bm9WTzJ4cHlZRVQ4azk5eGt2MUZ0dWQxa0lmdWwxRWRDSkNNZDJqLXAxNDdqekh1X1NHWjZTVHIyZGw1dmNZbE5VOFpyaC1SNWZVQ1VzZkNPVTRFdkN3V2ZQYXNRaFhZS2tEYjNSNDZLYlgzaW9oNnhBaWtWVThPSnFGcWYwM2ZoQ0NhcmhBb213aHZjNldZ?oc=5
2026-09-17 03:00,Barron's,barrons.com,Why Falling EV Deliveries Aren’t a Problem for Tesla Stock,https://news.google.com/rss/articles/CBMifkFVX3lxTFB0NU85TzBPS2N2R3JnUFA2UnRnbWh3WVAyQjlybGhiN1AtN1RjdWZQejBfdTh4bW1Gak0xamJrMk9leVN0QUNsdkJRLUVueVJsTlVEWHF2UXZqTkp4MzdkWkd4Sm1HZXI0cG1vTGJvdzM3dFN6U0RWY1dNbUQ0QQ?oc=5
2026-09-17 03:00,CNBC,cnbc.com,"Here are Thursday's biggest analyst calls: Apple, Nvidia, Tesla, Alphabet, Kraft Heinz, Lyft, Palo Alto & more",https://news.google.com/rss/articles/CBMidkFVX3lxTE1QZS03NVMzLUlnVE96S3RvOEtRMkdQSDBWcWxoQ2VHRmg3cFpMUGl4ZUdacHRscndqbXluQ2o3cGxmTlc0NnBMSmppQlRpZXV5N1pPN2JCZ2JxeThaU2FxV0xTdGl0MWRtV1BVMUIwLXJPaTh1QWc?oc=5
2026-09-17 03:00,The Motley Fool,fool.com,BYD Just Reported Record Monthly Sales. Here's What That Means for Tesla Stock.,https://news.google.com/rss/articles/CBMilwFBVV95cUxPMHJfaHpZY3R0bGdJX3J6NnhFcVdDdDQzLWlmeENtWWh6bHc3MC1XSnlCSG1FZ1RLcWhjakc4ZEw4M0ZnZVVnMUNaWG9POHZ2LW1kbHZyR19OOUstWkpicldzVUtjQU85MGRreVVORlJfRzNjUU9ESUdBVkdISlVBVVFKR0VLbVgtdU1lV0QxUm5CZTBBZlpv?oc=5
2026-09-17 03:00,The Motley Fool,fool.com,Prediction: Tesla Stock Will Be Worth This Much in 2031,https://news.google.com/rss/articles/CBMingFBVV95cUxPM0pWb1M3d2FNSWJBX3RxYVF4QlJkN1VaZk5veFExTks1Tkc1V3hraG9TYzNvMnRjSDJEckJmcjVuYlg4MTVUVndJbEVNaWVzUllIblVMYTVrekRuQV9qN1NZOThBeDFoMWRDWmVuRGhpUEIxRGxneThITXdud3JwOUlSVE83YnZXY1VyTm93VVdET1JsLUxUaW9rbzRKZw?oc=5
2026-09-17 03:00,The Motley Fool,fool.com,Tesla Posted Negative $1.1 Billion in Free Cash Flow Last Quarter as Elon Musk Ramps Up Spending on Robotaxis and Optimus. Here's Why the Company's $43.5 Billion Cash Cushion Still Matters.,https://news.google.com/rss/articles/CBMimAFBVV95cUxNNlRJenNtQWFCdlR1ZGN4Sm5SdnpENTVOYk1yWmJhSU9aQmxpeEFsN2JjXzNabEI1bWdFTzBOYVRiblFjRUlkNEY2SzlkOEIySWNDeXpmbXZrREJRNDl4dWxWR2hCd05GdnQ4TnBJaDZoWDluQ2s4cnc1RmxDNVlsOWxqQ0xOSlRmbzFCck1vSHFWNTAzN3pfVg?oc=5
2026-09-17 03:00,TheStreet,thestreet.com,Elon Musk sends strong message to SpaceX and Tesla investors,https://news.google.com/rss/articles/CBMiqAFBVV95cUxNZ3Ric0RVQ25TZWlnaUtPWl8ta0FhVVdGVXBscTRIUHNjSldCc1F0ckRnMmVtbFVROEhfX3JxR0pvX1dEM0drRThXVnl6YlV2ZXF1bEkxYm56VTRwTnBNZTlfQ05YWFNrNzlvc1owUF9FSUFTb2JWcmlnLWZRS1NIeTA4ald0X25OTTItVlhIQ255UE9ZbkpmdXdnZ2RQNXFfQXpXbGFxdE4?oc=5
2026-09-17 03:00,Yahoo Finance,finance.yahoo.com,A Struggling Rival Shows Just How Hard it is to Challenge Tesla (TSLA)’s Semi Truck,https://news.google.com/rss/articles/CBMingFBVV95cUxPWGV0XzlQUExpU1pFdDFuQTRVNW1ETVozdHN0VDFPMHNnYTlDRGRBOVhMaE5mbnVBNFpBR0xwMjN1Tk1ocXFmQU9sZ3ZnODM0RXVCbl9vTmxfWVlORjFHekxEelJMYllsaUZyVkx5V0ZfcTA5RVdMOWZhV2VpZ2pqQlRoSm1ULWxxN18wSXF6eFU5eTRTZmlIT05wX3JEUQ?oc=5
2026-09-17 03:00,Yahoo Finance,finance.yahoo.com,Jim Cramer on Tesla (TSLA): “My Only Solution to It Is That SpaceX Has to Buy It”,https://news.google.com/rss/articles/CBMilgFBVV95cUxPUm13YUw3bWttWlN0bV9WLVVuWFlHaDZmX1o5c2hDX2J0MFBYMU5jVVdhcjRxY2d1V1p3WG8wMzFyeVY5WTJleU54ckE3SkgwTVhhRXhOZklYUkREdURpcEJTal91TnpVSXFTTHcxeXdZLVlXdVVveUctclFuNXlRTmo3TWJyX3ZSaUw1dld1cGFScFNWNEE?oc=5
2026-09-17 03:00,Yahoo Finance,finance.yahoo.com,TSLA Stock Eyes Red Week: Ross Gerber Spots ‘Secret’ Waymo Army As Cybercab ‘Wastes Time’ Amid NHTSA Scrutiny,https://news.google.com/rss/articles/CBMikwFBVV95cUxNZTRibDBYbFVjdUItVzZ4YkFGMDhsbGNSVEU0QUNudDNadkI3bjZacGpMTUxmVks0eFJjM3dLTFI2b1VCdDlvYnI2M0tQZG5QcXA4YUlfMngwNUhhRWZKQ1hKN2RjS2tyeVVJcnVqZnFXREZmeDNuejVtMVdYX0V5em1GV2VwRmgyQnR1RDFMZUk4aWs?oc=5
2026-09-17 03:00,Yahoo Finance,finance.yahoo.com,Tesla (TSLA) Exceeds Market Returns: Some Facts to Consider,https://news.google.com/rss/articles/CBMinwFBVV95cUxOa0NEaFk3NENscnh2NW1uT25MNWFjbXp3SlFQOGdKZ2VYTGw1XzdYMDFBRkQyb01hM1ZVRGNKSFM5U1REWExzUGJYOXExc3B5R201dUx5Z3hiZW82SlRQclh1ZW9PaC1DRi1CdlRkTVVsM3VIQ1lXVFJmU09NeTJESTUyVndCelFVdDFkZVc5MUUxNGFqSzBINkMxaUYzWlU?oc=5
2026-09-17 03:00,Yahoo Finance,finance.yahoo.com,Tesla Gets Sucked Further Into China's Price War -- Here's Why It Will Succeed Anyway,https://news.google.com/rss/articles/CBMingFBVV95cUxOMEgtZEluNjV1UWcyNE52N09YWDl0aVR3a0pWRWt2TDVYSnpIaHdMMG9leG5hSDlBeThReWVSR3FkZUJGNTZZVllJa3BleGV1UW82d0FFcHlmd3ZtSjVwdmRpRVpxMUNONnJfdVNzdy1rbjVjZUZwQ1Z5VUJjb2x6VGt5TVg4cnlqOTd3ZmprTmxLT2R5c3FhM2VhS25oZw?oc=5
2026-09-17 03:00,Yahoo Finance,finance.yahoo.com,Tesla Jumps 2% as 30 Megawatts Build a Semi Beachhead,https://news.google.com/rss/articles/CBMilgFBVV95cUxORnZ1OVRvaWhGcmdHQXNYdnpFcEVmdDlCUnVVOGQ2ZjJPOHhEZmY5QWlzem5WTlpnNGhkRDNheklsWVZNRHdod19nYWxGYy16ZC1YTW5zdlZjYi1taGtsZl9hdG03UUVWZWc3VGhWd3ZuWGhGZ2xVU2EzaVhFVmpIUS1SdEdNRWpydmRLS3BvWHJ0QVhBZ0E?oc=5
2026-09-17 03:00,Yahoo Finance,finance.yahoo.com,Tesla Stock Has a Potential Catalyst Wall Street Can’t Ignore,https://news.google.com/rss/articles/CBMiogFBVV95cUxNUUl0TkVMNXczWGNrdjJZQkY0a1Q4bFRiMm1vbGc0LVhEcUN6UXI0TkdhcFZPS1lfQkdDZnFfYTc5aVlaZkUzMTNwU3VGcFVmc0FjN1JDRFJMcjEyd1Zzd3F5SlJSREtLdFpxUkpZQ2Ytd21TSmp0OWdhRVl0Ul9jSkF2cXQyb1JTQWtCRGtsNkhZVXpiUU9URlE5WWlpS1hJVmc?oc=5
2026-09-17 03:00,Yahoo Finance,finance.yahoo.com,Tesla vs SpaceX: Which Is the Better Elon Musk-Backed Stock to Buy?,https://news.google.com/rss/articles/CBMilwFBVV95cUxQdThhNEdoTmxKSGhhYnlVMjA2QlRwYVNXWHh4UTdOTU1jejNiNVFlNnJfNnJxa0lBLTF4WkRCWTkwaHh4NWd2ZzRMM0lNTWV5dUtjZ1NTZGtOenNyeXpvMzZxeVBhTnNmM3RCMERvZEtTMHIwSnpZdFZlaElEckFWdkNiUHJndFVkYnIyeXJmSkh1alBFdjln?oc=5
2026-09-17 03:00,Yahoo Finance,finance.yahoo.com,"Tesla, NVIDIA and Microsoft Forecast: Big Tech Buyers Return",https://news.google.com/rss/articles/CBMiogFBVV95cUxNbzZvcjFCdkFxY0J3azd4eDNZOU1xbW1iZ3RPZE51WUx0U2VDUHB1dWxFZDB0WG9oSXFlYlYtVFAtbllGakpUeU5SM2Zfek5NTUh5aGo1Z2tLSDVSRXljSVNHTDZodm5taTZSVjFFNU0xdVpxdlVpRl9GX3VRU193dXdDYU9vZnJMdnh2WmpCZS1jVzhvaUFWdThOWGZVeUt6WkE?oc=5
2026-09-17 03:00,Yahoo Finance,finance.yahoo.com,"With a Strong Product Pipeline, Tesla Stock Is Positioned for Growth Acceleration",https://news.google.com/rss/articles/CBMiogFBVV95cUxNZjJ5Y0lVcmlOdFZldU5vMElYbzRCX25zQWhpQlo4aWFvblFRM1pmcUE4NnFzODQzU1E3MHY4ek5JUWQtejlseWhPajEycVdTTGx0OGRHal9wcHluam5uTkkzOGo2UVZYcG1sYkdUemU1cXBqM1lPNmtCUVdkWGthR2lfQ2dLaENDNUhuSWk5cDkzQWNIR2ZDa28za2lvdS13cGc?oc=5
2026-09-17 03:00,Yahoo Finance,finance.yahoo.com,Zacks Investment Ideas feature highlights: SpaceX's and Tesla,https://news.google.com/rss/articles/CBMiqgFBVV95cUxPZTYtRDhWNWhLR3VvdFBSRGJ4R2xTa1daUkZxcnNPckU3eUQ4NElrQk9aamZ6UjZhUXZvTDJOenlxa2ttd0FXSmwtRzJSSnNEdFZsU2xzYk95M2FOT3JFemVRQXFhdXNtMWRld21OTV9ybE1QanJUcUhLSHFscFNRQ3lub28wN3N5aHpYUHBJc1FCQXRpN2ZpdWhVYzBuUUxtMjBqWWZqZU1iUQ?oc=5
2026-09-18 03:00,Barron's,barrons.com,Tesla Stock: Inside the EV Maker's Shanghai Gigafactory.,https://news.google.com/rss/articles/CBMif0FVX3lxTE1yVkZGY0RRRnBKVm9GOUF0TGNESjlTbFBEbGotQmUwa1BybmY0c29LYnI1WXRHMzgzNllNbVdTWGV0UkI1REx6dWd3X3pNMVJUbERQN0Z3b3k1VVZ0OWRxRkdqQW5KRWJXMXJRY1kyajJJWEgzY2tLd3pxMFAtcm8?oc=5
2026-09-18 03:00,Seeking Alpha,seekingalpha.com,Tesla: To FSD And Beyond (NASDAQ:TSLA),https://news.google.com/rss/articles/CBMickFVX3lxTE43QTRVeDFndHE0TmpOU0ZHMW1QN3RnQUt2M0RhUTJsTGNsX1pFT2tVNHdhcnA1emxjVHNqSHJaUk9vaGRkLTJ0dEVObEU3UlZNUTVPczNEQTZna3RGTm9pSGxCVktEOGNyWTk4ejJOU18yZw?oc=5
2026-09-18 03:00,The Motley Fool,fool.com,"Tesla Stock Fell After Its Last 4 Delivery Reports, Even a Big Beat. Here's What History Says to Expect in October.",https://news.google.com/rss/articles/CBMi6wFBVV95cUxOOXk4WTd3eDlVQ09yMnJBUTJsNmlyTk5LTVlGT3VENjM0UEJFUTQ3dXJzXzZURFFhX2xqMmszTTF1Mm5KQmJQRTZScTQ4ampiWEJoUXREZkwySzNFLTB6LVVvRkJSY1N5dmU5c1REd1JrTkhUNXM0ak9URjVPaFRFS0lKMEo0TV9KN084eV9GTFIydmFyS2tyWGZCLWpUdFVPV3dKS2dHbUR5WDZGUEdpWXBzR2ptUDRHckRHUEdsQkZoY1dCN3NvSUpfUGdwMFB4N3B2QVJiU2g0SUUtZGJNUjVlZUtvckpNUGM0?oc=5
2026-09-18 03:00,Yahoo Finance,finance.yahoo.com,3 Reasons to Avoid TSLA and 1 Stock to Buy Instead,https://news.google.com/rss/articles/CBMikAFBVV95cUxQMG9lbjZnVk1odkJreDlrU2o1ZFdmRThpcnlaZWRCZjIydTJDcHRWV2E3U19FVUNYeUYxU1AyQjVDdFVrUXY4MDRTU1ZUblAtUmMtQlpiNW5nZ0FmOS1qYWU4RDR2cUtEdTJFV1dmMENIcVJwcWlzd00ySmpqQnhnRFhsMm1vOWxPRy10Wi1ZVWk?oc=5
2026-09-18 03:00,Yahoo Finance,finance.yahoo.com,Eisman: Tesla’s Multiple Is Crazy Unless You “Believe that Tesla’s Robotaxi Business will Conquer the World.” “Count Me As a Skeptic”,https://news.google.com/rss/articles/CBMioAFBVV95cUxOdmZheV9vZl9jVksxVTMyejYzSk9KRHJsZXJiN3VsTl9Cb1FRRnVGLU5sbm5ITlpLdk83cHNKdWZXeERSZmZQcDE3b0NrVzc2ZFhiMy1FVjAyWmliZ0hLcXNPMW9Nb0xwZHFUak1DajRRMk1PeVJqLXRveXZ5UDlJZGgzYTVTYXdxN0JQRE9tbHFJVkt1V05BamdZQkppaXNM?oc=5
2026-09-18 03:00,Yahoo Finance,finance.yahoo.com,Tesla Slips 1% as $16.8 Billion AI Fab Meets a Naming Fight,https://news.google.com/rss/articles/CBMiigFBVV95cUxPSURTeDhQYzA5Ym03TC1xeVM4LVNKdHJjRmNWZDFIcjhtc2RJdHhweWV1TG5sLV9qSld4OFlNLVhYX29BZ0pORXNMSlhldVBPMWppQ2F6R0czRlFkSnlMem1CN1hQTmRGckc4QVlMQURUdEJTTGRGWG8wZHJ3TWwyZUpORGRoVEI5YlE?oc=5
2026-09-18 03:00,Yahoo Finance,finance.yahoo.com,"Tesla, Inc. (TSLA) Eyes Europe’s Electric Truck Boom With Semi Expansion",https://news.google.com/rss/articles/CBMikAFBVV95cUxOcUlNRXRQcWlrNkJRaElhN2c2NURDMjlMOEY5dFAzM2dSamhEZHVFZ0l2TzJOQ1FxeEFPeVlLb2NTYlJTbTJfN2pEQTM1bVdvdkwwU3NnQkw3N2hfRFdfYzcyREt5X2x3eGgyOE9QVGFqYWFoVURPYUljUkVpbXZvRjhUbXkxaUF2UWxSTm96cmc?oc=5
2026-09-18 06:23,The Motley Fool,fool.com,Tesla Gets 50% Tax Break for $10 Billion Texas Solar Factory. Here's Why That Benefits Tesla's Robotaxi Growth,https://news.google.com/rss/articles/CBMi6AFBVV95cUxPOV9sc3hUVzNXSkpoYjdYMG9LT1B3dnFvTGNqMnZzNHMyM21qTFFVTlRiUHp5M004em1sOHNZRFRjNHBoLTg2VEhZUzEySzZyTGR6bjBMd1pyYTNKWmhjQmJ6TkdQemktTzg4Z0pNVkxySFlGR1NpX0RTU0laT1NkMmRTUW9SVHVMMFVrbUVvRzR2aXZ0dEM4SDVYWHlnWXZ5MlAxRmxNV0pxQURNVENlRmVTS0VDTlUzc3poWlJ0eHZJYWZLN3F1X0ZhWERyZkc3emMzcU5vSm1uZzdJdThyRF8ydTRGU2Vj?oc=5
2026-09-18 07:45,The Motley Fool,fool.com,Tesla Trades at 331 Times Trailing Earnings While Facing Growing Competition From China's BYD. Is Elon Musk's Premium Valuation Still Justified?,https://news.google.com/rss/articles/CBMijwFBVV95cUxPR1BmLUdIR0Z3MXFUMmE2bTFFdERpdFRzdGxmei0yWnYyVU56cjFUUk1Cd2IzeGowVHdINkZiTVV6dmk0bnV6QWU5VXl1NDAzSHdRSWd6UHZCbUlDNW55QmtNOVphV3Y4X1RqQzUtakY4VlNkTERyZmhTRTVydG1TQlg3M1JRdGtGN21oTF9Iaw?oc=5
2026-09-19 03:00,The Motley Fool,fool.com,Cathie Wood Never Sold Ark's Core Stake in Tesla Despite the Stock Trailing Every Other Magnificent Seven Name in 2026. Here's Why Her Multi-Year Conviction Hasn't Wavered.,https://news.google.com/rss/articles/CBMimAFBVV95cUxPaXNQMS0tcGhNMzh5RFZ5ajlhYnQ5cnM2WVNRZkhXc1gyS0ZkRVphNEZCQk92YzZUX0R3eHktZzVYTk51Sk51ZzNUdVRIeVppVTZ6a3BtYzJtaXVPUVg5eXRxak1UcE43Ui0wRjNDZzAzRERKUkt2aEVKNHVscFRXclJOWW0yX3lOYWUwb20wOHRZS19FYkdzaw?oc=5
2026-09-19 03:00,The Motley Fool,fool.com,Why Tesla's Robotaxi/Cybercab Bet Just Got Complicated. What It Means to Investors.,https://news.google.com/rss/articles/CBMimAFBVV95cUxQclBlV1Z2bEdxQVFuQnphWU9kUUVxaENwVnB1Qlc1UXNBVmMtLWZQWjhOelBaSUJOb3ppQ2ltQUhFWGVyRW1Bb0FnNnF6Ui1VUk9zNjhHcWZqazZQUkw0eTRwcXNVcWREb1RUNUtVV0NlX0d1Rk9pTUNqNFpMMF9RNE9CVk9wUkt2MXBYTTRqTU1sRk5NLUQ5QQ?oc=5
2026-09-19 03:00,Yahoo Finance,finance.yahoo.com,Delivery Outlook Shows Tesla (TSLA)’s Core Business Under Pressure. Its Next Growth Engine Must Deliver,https://news.google.com/rss/articles/CBMinwFBVV95cUxPalIxdFRlWXJtU2hrZ1JVNnpPalJDVTJJd2VuaTVpR2I0MW01QkozSXNIUl9nM1dRVVR3cEQ0bGxsdktLdkMtZHRDU1R3MkFpa2JTQlFyX1JnV3RyR3A1eVpOZTFfWWYyOHFLbDE1bnNpczRqR0dKM2p1aGlTNkZTb2wzWTRfQ29ZcEM5VjlaejdTWnV0VUNUWmNSb19YcWs?oc=5
2026-09-19 03:00,Yahoo Finance,finance.yahoo.com,"Prediction: Here's What a $1,000 Investment in Tesla (TSLA) Stock Could Be Worth By 2036",https://news.google.com/rss/articles/CBMinwFBVV95cUxPdm95SnBXM1ZCcWF0cHRVZ2IxdWFKX1lIZ0g3UWZoZGVpWExFSzJ4NjgtRE0zYmRvUHlHZy0yNVlnQy15eFFOV2ZMSmlvNERMZVluZXZ5ZzFaZ291MFlaUjlwVVBsOG1HRV9YZ3B0S25CWmhmdWU1SWxZZXBPV2FnU0QzOF9DaVJhaEZ3ZFgtbmtmVHNlMm1oYlNwQ1NnMU0?oc=5
2026-09-19 03:00,Yahoo Finance,finance.yahoo.com,SpaceX-Tesla Merger: Ron Baron Told Elon Musk 'Whatever You Decide... Is What I'm Going to Support',https://news.google.com/rss/articles/CBMimgFBVV95cUxNLTRpdVNoclNWelY2cXRIV1dXanJyakpWQ2hxYjRTcVc0aGdkVUI0bnkxTlBfZjRnUGJLT2NDaHJRZV96NmRaLXgzRWFTWmpOY21rMl9JTm9raVVrRmlKMjZaUGlSRDNtQ2ljQ1VUa3JnZjF1WlZLYU9aUE1kWWI3eWJ2M1NXck1ObDB6Y09seU9ONGVlbkZySEtB?oc=5
2026-09-19 03:00,Yahoo Finance,finance.yahoo.com,Tesla Killed Its Solar Roof. Now Elon Musk Wants 100 GW of Solar,https://news.google.com/rss/articles/CBMijAFBVV95cUxPSE5pN0Q5S3RZR2tJaF9RQ0gyVktzSkhZX0ltQklRVHNOOTdNYkt0N0owYTlQeUdaaHRBZENFekNJNW9FQU4za1MtSG5zQ0dzT09PTlFPRDB3YnZVY21IdGprX05RdnRabEtGZktpblZsSjFDUzByOXJwTXlSMThodUNrRmJUNEhDMTMxaQ?oc=5
2026-09-20 17:43,Yahoo Finance,finance.yahoo.com,Tesla (TSLA)’s Autopilot Software Wins Over a Sixth European Country,https://news.google.com/rss/articles/CBMinwFBVV95cUxNOEtVd0gtRUNiQ1dtank3eDRKNjlia3U1cjdIdENRXzFSMkh0ODdka05PeWdfNlFFM2xoVDdQQnpxME90cUdMQ0ZoX0piWTRNdW9qYTF6UFg0bFBhWklXdW8xbmRyeGJVckw3a1RxVG5Rc1NjdVdaelRSZ1dvYWs5YmU0UUtMd2tSajJaNnd6RHE0S0NPNXpieFRfQjNnOFU?oc=5
2026-09-20 23:01,Yahoo Finance,finance.yahoo.com,TSLA Stock Looks ‘Slightly Undervalued’ To This Analyst — But The Roadster Is Barely Part Of The Bull Case,https://news.google.com/rss/articles/CBMipAFBVV95cUxNOFBoWW50YVdXUlVyTnpFNFowVWR6VFlGUHhnc1ZYbk1vbTg2X29aRUNMN2VSV0RHWXdtX3E2Y0JaNksycHZnd3RmNWt4ci1UTC1GWjJTQkFBR1ZvZHhydzRia19GTXg3UjhIZ0VaTXBELV8wOC1xSERNU1RhUktLbGZsOUN4WlNSV2JMd250OFZHdjZwejRiZEtnZDNTZ2hkUy1vZw?oc=5
2026-09-21 01:20,Yahoo Finance,finance.yahoo.com,Tesla's Free Cash Flow Went Negative. It Still Has a $43.5 Billion Cash Cushion.,https://news.google.com/rss/articles/CBMilgFBVV95cUxQN29CVGhWaTg4aVhlWVNHOVVPUi0xMFIyOEFiTEJMMTliSk1DQkdCOWhJNm04alEzc0dHV2pSbzlzbVprY3N2dG84MFlnVHlReWItWERONDdDcW9UMFM3RW44bXg2UWVOVF9FUnFfMEp6SkRzejhpZUd0Y05FZ2F1aFl1WV8tOEh2LVJNSDcwb3pqblBRQmc?oc=5
2026-09-21 02:27,Yahoo Finance,finance.yahoo.com,Dan Ives Puts Tesla-SpaceX Merger at 80% Odds: Will It Become the World's Biggest Company?,https://news.google.com/rss/articles/CBMilgFBVV95cUxOdldzUWcxQVBxQjVNM1Z0Zk01RlNsamhpVVdCdFBXMnRJTG1NMk1sSHFTbEEtSGhOdnRLMVhaNzVsMDVJZmV5TzM0RFNfaEljZG9IYkQtaXFlQ3NPb1kzd0V0SllyUmx0eVp4X0ZhUUZlYVJiY1NBLW5FS19nSjU3ZGpRaE8yWGdtd1ljSWNFQ0R6aHp5ZGc?oc=5
2026-09-21 07:35,Yahoo Finance,finance.yahoo.com,“Who Can Imagine What Action One Might Take”: Musk’s Latest Non-Answer Sends Tesla and SpaceX Higher,https://news.google.com/rss/articles/CBMimgFBVV95cUxNNEF6WlBEVmNDcVA5NVo5SUlYc29wdTdSY3dXVEVGWTVEb3F1eEVOUm8wVk83dDVKQkJRWHlCRGJ6dmtXTEFHSm1VVWQ2MlR2YnkzMXVSWkdHX3lZWlJTYXdKckc5eGJMVndCb1BidzNRSjdQeF9mQUdEUF9xQ3pBamQyZG5uNEJWY2pHMGlGVjB0QUtSUHo0LWpR?oc=5
2026-09-21 10:35,Yahoo Finance,finance.yahoo.com,"Tesla Optimus sales revenue unlikely before 2029, Oppenheimer says",https://news.google.com/rss/articles/CBMiowFBVV95cUxOaWZSZWxETjF2UG9QUktyM3RzS2wtajV1MkRweHRkanpxZlBFUVZVaG5LTUZKRHpCSWRyZWVKSzNxbF9QZU5IQUJWcWl1U0R0cmNNelNqeWRkVnByRXdjLXNUWjM5ZUp3cHV4bUZZNUlrbTNXVTVHNDJsYzhaUHBuUEppRGJsbGdScXFYa1Z6TW9HVGQ2NUdQa2RkQTh5VkhacmJV?oc=5
2026-09-21 10:36,Yahoo Finance,finance.yahoo.com,Did Elon Musk Just Drop a Big Hint About a Possible SpaceX-Tesla Merger?,https://news.google.com/rss/articles/CBMikgFBVV95cUxQWnN4WXRIYXowM1Q3NUJrcU5MbkR1LUZUNEduNmpKVFlZWGpDRGFWQVY0S0g1ZDVYTE5QSVlNcGVxYUsxR2Q3N1Z6UXkwTTE5aTNUZzcxekpmSXJrUmRoYUFVdzVKMWRfQUk4c2hwYmdud0Y1X0dvRS1fN1RvZ2pvaGo5Qm14cU1LcXNiT0xkWVlxdw?oc=5
2026-09-21 12:26,Yahoo Finance,finance.yahoo.com,Tesla stock jumps ahead of highly anticipated Roadster event,https://news.google.com/rss/articles/CBMiwgFBVV95cUxNVjgtVzVBc2Ewa2k3aDVHdm5kU1VCLV9NdkphTEpGeWZMM2JnR0RPZGxCU2ZsR1ZwLW9SSVNIUjFKTVY3UWVHSG5DVE9GWDlNc2dhdGlwZGR1eTFLUWZJVUdibmZTYktZdE1mVjREbElLN3V4WnhRdUIzeHJXYU1fZlRwX3Q0bUNPc3RSVWI4aEliRWh5dG41dkp5d0R3cW1tVF9yOE92WEpnMDBoOFp5UEtpTTJDSkZPLUdlVzVSRHNhdw?oc=5
2026-09-21 12:53,Investor's Business Daily,investors.com,Tesla Opens Roadster Preorders; More SpaceX Merger Talks Surface,https://news.google.com/rss/articles/CBMipAFBVV95cUxNVnlLV2xBV0dwaXhWU21zaERnbTJodU00dzR1aWZGTnhlMjlaNUFkeno3a1V0LUpOSVBtR2FkdEoyNGY5dU9vckxJZVhXV0pjQmhtWWZzTjkxWHh3bFcweXIzZGZLTlN3QmNKWkpnYWg5YzJBYmlaNFJ6WkhaS1d5ekV6dnJHSktQdzQzcXJxZkFiVXRLcVlRSElhQnpLZFB2MmI3WA?oc=5
2026-09-21 14:39,Barron's,barrons.com,Tesla’s Roadster Is 1 Reason Why October Could Be a Different Story for the Stock,https://news.google.com/rss/articles/CBMigAFBVV95cUxQREpfY2hJWHdKX1FXU2tJcHVHVExyNnI2b016TUJvSDg4LWVwTXBjVzZzdGtMYzBIc3FzT3NEQjlyaExFZERsdEQ4aFp3S2hyOFFidnV2RTFYWThwenJKNFJuQWducThWN2MzSWlfNE1RNDR0dWd4Y2hDaVpHSzdMcQ?oc=5
2026-09-21 14:50,Yahoo Finance,finance.yahoo.com,Tesla Stock Rises After Major Self-Driving Win in Europe,https://news.google.com/rss/articles/CBMimAFBVV95cUxNOWxLS3BGalFUWkR5bUZYS25vR2FsXzR1bzZ1MWxsclNkX1FtbWtPaU5nRTdwUzRJSy0tbkszM3g1MlE0ZVpsLWx5dXRyZEdYNWF4MGI5REpUZWJwN2NjQXhIT3lEby1qd3FfYVozME9YWGVWSUVBSVFoZFlnUEoyQURmbF9kcEVrNk9PODlueV9DWUJSS0RfXw?oc=5
2026-09-21 16:01,Morningstar,morningstar.com,4 Stocks to Buy Before They Bounce Back,https://news.google.com/rss/articles/CBMilwFBVV95cUxPR28yYUxGU2dYY292b0RXaTBxb09lblM1Yjcwc3NpTmRzY2ZIQmtaOFdCMTVqN29XS0txMURSckNXM2hOdDYxN3QtaTRvWEhUR2dXVTBKOU83MmF2X3llMURRbFdTY3pfZkh5M2o0Z3JhQ3gzdThRZ01obXMyb0xuT3VkUzZzNXlzaXVvYUsxeTVwSF9pWkxj?oc=5
2026-09-21 17:30,Yahoo Finance,finance.yahoo.com,Tesla Audits Chinese Suppliers as Elon Musk’s Optimus Robot Moves Closer to Mass Production: Report,https://news.google.com/rss/articles/CBMioAFBVV95cUxPVmNEMDU1OVVNUG1lazJ5bkl1NEN5WDRVZ05hc2RUd01iam1wLXJUSTN3SzBmTEx1MWFrbzhzT1l3V0VudjFsbFhheVdQSUxweXZXd2FURDlkbm1fVEstTGN6Rk84Wms0a2M5RWJ5MTY2X0gzWlFvQVhHWVRfUS01WUplUEpjWmlsN2hkcmxvUDAyd3pwNFZPRGViZU5RdmZG?oc=5
2026-09-22 01:21,Yahoo Finance,finance.yahoo.com,"SPCX Stock Climbs Overnight: Analysts Tout SpaceX-Tesla ‘Physical AI’ Flywheel, Musk ‘Effectively’ Ships Grok 4.7 On Time",https://news.google.com/rss/articles/CBMiogFBVV95cUxPT3p6T2prM042UURnTkJQd21jWWVxUXU2VWR4UTlSSEdUdU1uRWl2YnZlazhrYjh4aFZzUWJkZGFvc0hNM05MVVZMamFhUlRvbjJ6eGhzd0tPNTAwMzdjZW1IaXRDQXhoSm14WlBndEduMHBwX1F6eFh2SFoxNUdPZkJfTnV6bXd5ZnBhbmlQblI1eUktRGdkVEYwTmhIV3kwTGc?oc=5
2026-09-22 08:09,Yahoo Finance,finance.yahoo.com,"Move Over, Tesla: This Robotics Stock Already Has Paying Customers",https://news.google.com/rss/articles/CBMimwFBVV95cUxPTXlmMTRsam9oTUFjT1pvMlhoQmpXbFFMempLaFFxZnlqcXpiQVVRUUVyMVZ6R1pNM01pa0t3QXF5akhGaVdFeFlySlBKeGZkc1I0QUl5X1dwYjhiUWNnMVplOFpid3FFVHozaVNLX2c3dlpHZUxqVUhIWDdJZko5ajQ5dE5md3RDQVVKTENuX1FKUjBzNlh3MUtrZw?oc=5
2026-09-22 10:00,Barron's,barrons.com,Tesla Stock Is Up. Elon Musk’s EV Maker Is Investment Grade.,https://news.google.com/rss/articles/CBMiiwFBVV95cUxQU2Vsa3N1aG5Sd3RFRVNURzJHWkFvLWtqMUVab29WWk1DOTE5eUxMbHQ5eExTTU5Qa0dBd2FuV3ZzUlllc0xxTk4yZHlFRDdjN3BrcUNBelBFN1VpV1lCQXF1MjcwNXZaZF9fZWp3OFhZdUZpTHhrM2xhWlJzUDh6Ty0tc215RlFoUFZv?oc=5
2026-09-23 01:11,Yahoo Finance,finance.yahoo.com,"Gary Black Says Legacy Automakers Will Not License Tesla FSD, Instead Bet on In-House Self-Driving Efforts: ‘Inclined to Build’",https://news.google.com/rss/articles/CBMinwFBVV95cUxPM05reG0wTHppSi1vdkYyOF9kNlBBSTIzdjNaZ2d4cmRpNWJJUEQ4TGhBbkJlT1lyUjZNZ0hidkVWeFpMclA1dlRKbGJNMXl4X0UxYThib0VvbTNJNF9COWN3VzBDaWV5SGZfbTNFOFVPd1NDYkJ0czcySTJXNXNqSlEwdXFNaXZCSmFjT1ppQl9qc2EtLVh4ZlBENTRFU0k?oc=5
2026-09-23 07:18,Yahoo Finance,finance.yahoo.com,Elon Musk Is Teasing a Tesla-SpaceX Merger Again. Terafab Shows Why AI Could Be the Logic,https://news.google.com/rss/articles/CBMimgFBVV95cUxOTnNmY2xqMVI1a1FVaVJpNlo1TEFia3ZNSDg3d3VobXZRQWlWaU1iNjRPNlBBMVJFTzA1bFQ4VGhjWVhJbnlPYWVycFhkN1RuV1hfbU4wZGJqd0tTM1dwcVVPV0NtT0d0SVYxQzRnbVJNWVBWd1Q4NkhKMUZMVTBvNXpfM2o1VHBFWlRyX0o5QVNPWkVkTEhtcjV3?oc=5
2026-09-23 09:30,Yahoo Finance,finance.yahoo.com,"Elon Musk Says Tesla Has Offered FSD to Legacy Automakers, but ‘None’ Have Accepted So Far",https://news.google.com/rss/articles/CBMilwFBVV95cUxNdnBidl80R3dLSGVvRGV4aFdUV0Fxd1VqR0dpcmVNbjU3SHNETXRGRS1Jb2ZHb3dRcXI4bkJvb0VTeFJBRzRLd0lKTGh1VmR2X0RBdzdPNzNicnJ4WTYweHFvMWVQMEpyTHo3SlEtR0ZqVmg5RV9QTFVmTnNWczgycUdVcXZzeGx6OURqVzQxSk5kRVVibmtZ?oc=5
2026-09-23 10:11,Barron's,barrons.com,Tesla CEO Elon Musk Confronts China Tariffs at Xi-Trump Dinner,https://news.google.com/rss/articles/CBMifEFVX3lxTFBVN3ZBU1ZBZlF6clRpM1hxLVQyTzFhN2UxWV9tUjZQZTBfa00tLWZNM3NLMDFJd3JVWVF3eEdHVWk2UEdSUVRTdkZPTE94QUxCZl9yX280OUc3S0NiOW9CclA3WHNBN3VNMjdPRUgxTDRyTmRjU244STllM3g?oc=5
2026-09-23 12:27,Yahoo Finance,finance.yahoo.com,I Speculated That Stanley Druckenmiller's Tesla Buy Was About FSD. Billionaire Investor Ron Baron Just Confirmed My Thesis.,https://news.google.com/rss/articles/CBMirAFBVV95cUxPVGk2NDluWWpIa1paMzhIYUFoaWM2UFdzVjJIZW9aRFBPNzc3alRtLUE0TXMwQlJuR3dSR2RHNW9QeHRKY2gwRElKajBseGljdWZibGdRZXh0QVVXVlgyZnhIQXVia1ZzVE1DWWllWjlBTlN1WXZuZVhpRS1pYXlqaTAzTmVQM0pzNW4zeHQzWXlzalZBbFhPU2tueWY0WG5GdXliS1ZSLXJRZUxT?oc=5
2026-09-23 12:30,Benzinga,benzinga.com,"If You Invested $1000 In Tesla Stock 10 Years Ago, You Would Have This Much Today",https://news.google.com/rss/articles/CBMitwFBVV95cUxOT3NBLUwwWS1mclhOQk40QkJIQ0cyeGYwT3RuSVhSWkZacm5icVRXLTFWSVFHYjJPcFp5aXNKNHhxMHBET05rRGMtSXZvU0NwRk8wQ2VMcXZrMFg1eENHbzZDem9sQVZlelhzY1E1TFpnWDJqZEtTT2dJN0RnSGNzX3V0WE1BNDc0cXV5UkU3QVI1LXMyMHBPODFXQjFFOEUxSUNTMHBCY2d2LS1QY2dXQjhpTTQtVms?oc=5
2026-09-23 14:34,Yahoo Finance,finance.yahoo.com,Tesla Rises as BBB Rating Meets a $25 Billion Buildout,https://news.google.com/rss/articles/CBMimAFBVV95cUxQMEptUkhMdk1PcWd4NGpfQmZxMGR2SWVINHBGUEVUa3ZqQUJnbmNLczJkWmxMcUZpWl92eWRUb25YX2lTaEhmX0hDMndSZ18zRTVTNnBzZUdobGxHYVpwb2k2QTJZLWFScnpULVIyVWlHQ1Z2dTBObzF3MEpkUlJTalJjOFFxVDRTQ0FvblpRRXl4VnZxQXZ6OQ?oc=5
2026-09-23 14:52,CNBC,cnbc.com,"Tesla Roadster reveal is creating a unique options opportunity, says Mike Khouw",https://news.google.com/rss/articles/CBMitgFBVV95cUxQQmt1UEhObWN2eFRJV2xaRXJVT3ktQ1czQTlpVkxJVngtSjBaSlZOR0JiaE1wQnIzVkRhNkVpVXpmbHgzRk9FSWdnOTNSbzdUUTlfcEc5VXVrNktzeTZ1SERpWkZEc1NWYXZoaVlwQzVDSDU0cnBacW10NXEza3dnUGljMmpDTHVUVlBKUXBvV19mSy1QWFc2SHJETGgyV2tzcDJLdGduNklfbHRpbE41dVRSTlVKUdIBuwFBVV95cUxNbmNPcDREdjdmU1ZtekZLTUlCanRkSFdiWGVHYkUtVzY3c3Q4cTJuMm5Kb0I1eVFrZFRxeTdtV3djWGxXa3RvOVJUTXYyVGpfb1dvMkRXTXM2SUl0dUlHU3RTVS1OZVlzN0Z3NWlnc0w1ZVo1aGU4eFoyNVFfckxiN1oyck96T0s0NXlFZk80bUxZM3I0bFhYWmlUQWs0S3AxYndMRTJOcEpBa2tDU3JJSF82T2szMldzT1Bz?oc=5
2026-09-23 15:25,Yahoo Finance,finance.yahoo.com,3 Things You Need to Know Before Buying Tesla,https://news.google.com/rss/articles/CBMilgFBVV95cUxPSVIyN3hrcUpWYjlEOV9YRWx6eGRwTW9MMG1JU1owelI4QnRCazJkQnBGQjExN0JMN094Mm9GZTVPaVdKTGpINHN3QUtBZ2NmM1dWaml6U1NLREtrTmxsbXhCV013VHhOcG1ZOGplME52R3JuNV92emFNcTlWd1Bldzc1OERrMkVoZDhhUU41OEZ5TkYwUEE?oc=5
2026-09-23 19:14,Yahoo Finance,finance.yahoo.com,Is Tesla (TSLA) Quietly Shifting From Automaker To Physical AI Platform With FSD Subscriptions?,https://news.google.com/rss/articles/CBMiowFBVV95cUxOSG1PaF9kVkhHTXd0cHd3TWIzSVhZSTl5MGhxeDdIdElPVkdvZ1V3REdkdklqU29GS21pVjFzcG9BN0s3TzdUY05CclNYSlUwLVF4YkZYUTJISnpabW9RTlI1UXFGZkdScTNtc3E1WnlLZ3RZU1lEeVJVS3JHT0NjbUhqZHFxTktBVmxOT2lablBrd3MxTHRfNU9DQWpaZHlFRlBJ?oc=5
2026-09-23 21:25,Yahoo Finance,finance.yahoo.com,Tesla Makes Brilliant Supercharger Move but BYD Is Closer in the Mirror Than It Appears,https://news.google.com/rss/articles/CBMinAFBVV95cUxNU3pES2xLSUJkSEhiSzJLbXgwbXlEWWNCWHZMbVZybkU3LXZiaElLT1IyVFRyQXhhZ2J1WEl1djZXY3Z0YUROekhVOEZIQ21ZXzJBc3dzNlJaOWlkY0lkZXBJSE5tQzZxYU1uNV9YNzlSVU5qbTk2bTVkVi1sX2tSb25IU1dUTUlIell0Z0hJU2o0Y280VDBSVElUQV8?oc=5
2026-09-24 07:55,Yahoo Finance,finance.yahoo.com,Tesla’s EU Registrations Jump Nearly 53% In August – But Chinese EV Rivals Grow Much Faster,https://news.google.com/rss/articles/CBMioAFBVV95cUxQNzhKRW1kb002ZGVaai13TnhodGVManByYkNiY1JSR0NNdGpOaksxLUc1dzV2VmI4S3VGTGhOUTZEcUV4Y1JqaVJwOHRyaTJQMmNocVpMc3lGblhBX1hoZUZKVmMxQ0RZU096RHRlbkhJMU5OV09nOGRwQUk5VjBiV1B4YWRZNTQwTVllR0htZnhMbldCSmphWXk1ejBVSEdj?oc=5
2026-09-24 08:21,CNBC,cnbc.com,"Here are Thursday's biggest analyst calls of the day: Nvidia, SpaceX, Imax, Meta, CoreWeave, Tesla & more",https://news.google.com/rss/articles/CBMihgFBVV95cUxOeTZ5SDh1YmtTR2pZN3JGVjA1endELWYyQTJrbFlLdkN3Z1B5SzFqVW1MWnFGQm1lX21saDJLbnUzOUpsRDFEd2pOX3ZDbW4xZmNKTGpfM29aVnQ3YThscjMzQ3AwbFdfQlZNVkR6dV83YU9Wd2ZwNkR3WDdlZk1HWWdDVVExUQ?oc=5
2026-09-24 10:02,Yahoo Finance,uk.finance.yahoo.com,Is this growth stock under $7 the next Tesla?,https://news.google.com/rss/articles/CBMif0FVX3lxTE9iV0k4YTBVcDQ2ak02QXdkWUlVUlRnU0tpWko4aDllR0dXX2NQRjA4dm02Z0FGVW1LRmJBUmJtRVYyNllKeDMyQVI1bGU0VUI1SVFNRnVSbGtmbzdTenpaLXI0enNsOGRKRi1JN2x2SW9JVjFINXZhUTZlMjYwbDg?oc=5
2026-09-24 10:39,Yahoo Finance,finance.yahoo.com,Tesla's Biggest Semi Deal Yet: Is TSLA Stock a Buy Now?,https://news.google.com/rss/articles/CBMimAFBVV95cUxNTEF5OXlYLVNueXZpeGlHOU1yWl9yUWlJLUZRVjhBeUFtcTc4d3lQa0pHVEo4aS1kVHo0R2prRUtrM2lvTnFzUmtHcGtYRmlfN3VKNVVhc2xZVlBpUF9ZX01NTkpUMzVQN1RXbTItRy1fT3p4eVRTSmpuZUJqOEdMVkhIRVllNjdNVWFlOWhmNTg3c3RRT1NaZA?oc=5
2026-09-24 10:41,Investing.com,investing.com,UBS maintains Tesla stock neutral rating ahead of Q3 deliveries,https://news.google.com/rss/articles/CBMiwAFBVV95cUxOZzB1a0tibFZUZGtvWTNjSlc5T0MxRVdNVXlIVk1sTnhjeVgwbTVaV2ZoOXJ0em1PeVBnY1JRc28wcVY3Ykx0bVdyRl9adWhVV2lKZzVVRTkyOTNfWmhLTzEteFd6bjlSRDU5WkFaU1pYb3E5TEF6NkJxOWVRWFZsYU1la3NXUmx4aFk4d2RDZkNXeWNvNS1SeDhxSndrVmpxTUVzUWVCSlZuNmJRelNQY3RwT1pKMVNvd1I2UGFJZlU?oc=5
2026-09-24 11:12,Investor's Business Daily,investors.com,Tesla Semi Joins Parade Of New Model Showcases; Stock Falls,https://news.google.com/rss/articles/CBMiqwFBVV95cUxOR0xlOFlwdXk3Zld0NUhtNnI4ekJadFRDSjZOSV9CcUw3bUlxbkt6UzdIdXlXUDgzLTIyWFJYRnBhbHpRc2tzejdrcnlWNjNZajdiZ0o2aFgtWHBlZnJZUWNnLVpnbVpDY3h4MGtHdmZPR1J0SjF2RUVZQVdQaVNaWUxCbG9jVVZ2XzJqUlVlMUhVNVE4azdlSURYSVVvd3NBWjlmUGFHYy1ibDQ?oc=5
2026-09-24 11:51,Yahoo Finance,finance.yahoo.com,"Tesla Expected to Deliver 470,000 Vehicles in Q3, UBS Says",https://news.google.com/rss/articles/CBMimwFBVV95cUxNODdNQnV4U1BTbWtEZ1VwcEp4c0JkZnNpVkwwWVpXeHNXeEZCNnZobUNkaW53SHE1OGpXVURVeHhhOERrc0dQZGJDdXY4VDQtMkRVb2otUW9IeEJPbV8wUkdEMzFQTVlfYWgzRF9ZeXNKS0x5TGdpTDMxSjZhWW1kU1pEb2lmVlptVHFTUVRWNjduRnktaWhWN25oMA?oc=5
2026-09-24 11:54,MarketWatch,marketwatch.com,"As diesel prices surge, Tesla makes its big play for the trucking market",https://news.google.com/rss/articles/CBMitAFBVV95cUxQWHp5NmxZel9kUDNEMWVZVXpTbktyNFdzb2tVOW1kMVFDVFkyTnByMGxUSUNBZGhhRDRQOWh6S2MtUUhmcHRkcFdDMTZ1YjJ5d18xUzhlSVgtdXlOa0dZMVhEQzZvR3E3TS1KWEpWNzJ2aVg2bkZ6ODhaWWZBaGV5cHg5cWdXR2YwQjVsT0hXSzA0LU41ckdRWDJuN3plUERxWkZRbTlhSjVWeHROUzhaVl9rRlM?oc=5
2026-09-24 12:30,Yahoo Finance,finance.yahoo.com,Prediction: The Biggest Opportunity for Tesla Stock May Be Just Ahead,https://news.google.com/rss/articles/CBMiqwFBVV95cUxQY2c0b2h5WXlsQndCRm4zangzclRmTmJlSm9WRXFYNDhHZy1aTnQwRk8wOXIwUzJ2RTBBZmNGMGJIenYtT1pQOE5lNGdiVVBvV1U4MWdra3BLNVgxT2pZNWc0aDVWUU01TWlDbmpBdkthajliWWtNdVVWTzMyZHR2Y25TNkUzX083bnp4VTVPWndZSGQ0bFZVTmxEcElISVNjejdkOEdNUDdBNjQ?oc=5
2026-09-24 13:26,Yahoo Finance,finance.yahoo.com,Tesla is calling on China-based robotics suppliers for its Optimus robot,https://news.google.com/rss/articles/CBMinwFBVV95cUxOQUxQclBWSXJucjJLTi1uOVFBU1VzbWItOURIYVlkUV9yVmtKSWt1OHNIWEZmbU81aV9MN0ZYZGJqcDBybV9mYkEzeFU1YVRuTC1vajBrT04ybVA2aVlzTU9GQTZaY29PNzNfN1FQRmlrbWJSd0FvaGZyaE1yRGJ5c2cxUWxnTjhqandxSXJPYlJLMkJmYTRXZVF0UFpkekk?oc=5
2026-09-24 13:56,Yahoo Finance,finance.yahoo.com,Tesla's Q3 Sales Report Comes Out Oct. 2. Here Are 2 Surprises It Might Reveal.,https://news.google.com/rss/articles/CBMimAFBVV95cUxQS2lnX1BwNGw0VHZZeXI1OFVKSk9lVWhlQWRaZ0xSUFphamVVeHB6bVk0OEZpWF9sdi1vTzF1aWJUVmp4LU9zYXc1WTNfYmJqYm9WU1NYbUJpc1J2bnNOUGVoS215SWdkRHJ1Q3c2eU4yNTlxbFFVOUdYMzZpbmNFU05GZTRuZ09veWhHQXlrMU45djVMNklvVA?oc=5
2026-09-24 14:10,Yahoo Finance,finance.yahoo.com,UBS Has a Stark Message for Tesla Stock Ahead of Oct. 2,https://news.google.com/rss/articles/CBMimgFBVV95cUxObmxVVFJFS2xNSmVMZW9yVU45NlFOc1J4aDctVTJRcVY1OTYta01lN0xjX1IwMGpTUmxkM2REWmM2dGYwV2k2Nk5WbUlzWXVXbkQtSWFCbUlBWFlOOTlnbWNNUlNoTmpTcGdxME9idElqdGV2V2xBUGdjNnNRZjJOdmtfdllYV2FFS0xjbGsyVHhTWGtuNU12TWZn?oc=5
2026-09-24 15:05,Yahoo Finance,finance.yahoo.com,Elon Musk Has Left the Door Open to a Tesla-SpaceX Merger. Here's What Shareholders of Both Stocks Should Do.,https://news.google.com/rss/articles/CBMikwFBVV95cUxQSmxwLXNPb2UxaFIzdWY0eVFQaTZ4NExNeGpseEdwRjZEXzdZNWNnczFFX0pIellBeXg3V0twSjU5ajcta1lJNDV5TWpYWmJPQkJOR3hQbUpWSDNtZDZjSENaRjZtbjJhWVozUXZtTWVUMXBKRTFWeGFtX3R2ckFtRW43NDlqY0pNSXFoNDM2cFNjeFE?oc=5
2026-09-24 15:11,Yahoo Finance,finance.yahoo.com,Is Tesla (TSLA) Priced For Too Much Sales Growth After Recent Expansion Bets?,https://news.google.com/rss/articles/CBMilgFBVV95cUxNYTZpdHkwNjd3SUtlZERBdDUzbGJpY1otVTZ2aERmQzJwZDFVa1g1a1hxN0FWODJycXVhTmx5a0Etc3RMQ0h0a3A3SG1KTzVaVGZKLWhqU2VURXEwS3ZwbkF1eEFlemsyZ2E5d3BScGRPVDloNVRtQThndVdSSG4yd0hveEpUS05hLVozeElTcFZhNW5qR2c?oc=5
2026-09-24 17:20,Yahoo Finance,finance.yahoo.com,Tesla's Roadster Reveal Is Oct. 1. The Real Story Is Optimus.,https://news.google.com/rss/articles/CBMilwFBVV95cUxQUzdTdXV0d1hnazVoWnRTX2VYUWNvUWZEMHI3MzNhNS1OOHhob1VfNFVFa2JDOFNBMHBZSm0xeXEzVHB5S25mdEVuWlNtTW9LQkdpdmtpbDNDZWd0Y0F0bnV2RnhFSmwwbVJqVWJ4dG9QRHoxWExKSFJNanNKcDE0OFZrOVNnMXRnX3BfQzdaSzZtdFA4U3pr?oc=5
2026-09-24 18:41,CNBC,cnbc.com,Tesla poised to scale production of heavy-duty Semi trucks with opening of Nevada factory,https://news.google.com/rss/articles/CBMiqgFBVV95cUxOREZDVjNoODlrTTBOZ1lxWmw5VERBTE9Xb0ZjUWljc3NMaFlEeTdqUzZBMGVCSFFXV2o3enV0VWZDWVlLdkNPYlppZ05IcnlhNFRfY3daSm85aEZlMWI0cFNzUk05RllFelZOME5XN1ZiT2Rjc1lpQVg3Vk12X201cGVXR1l1R3hRX0NQRTBiYi14c1U3VXRQRXZJRlJYUEpTYXllNGpiUnR0Z9IBrwFBVV95cUxPdS1hdkJMTkUyZklzSExXTi1GNWU4YjE0LVZDMjUzQnNxTUNTb0tqRmZpVklFemNNQmI5bWRVeGVRbVI2eWU1Mm9JRUpwcVlNcF94LUhkbEFWZjZDR3pKQk0zRjBZZVNUeG9mYjQxYnZRQ1VrV1NCajBJbmFJLTdoMWYxb2plWnpCeC04clhmU1BobnU2RE4ybV9aSGtMelRURnJCNzkweVVCY1ppSU84?oc=5
2026-09-24 19:08,Yahoo Finance,sg.finance.yahoo.com,Tesla set to formally roll out Semi electric trucks at Nevada event,https://news.google.com/rss/articles/CBMigwFBVV95cUxQOVJLQWRBOV9PMTFZMk10ZWtUTDNPZ1QtWEljc1JHd0NxbThlX2JiTzN0cWZCa2JyYk43b1JSX1BtRXRqTzNhTTBxQXQzSWFQdElMVGpnZ0Izc0txY3JERzJZVnd4bUtiY0R4SXhIQlVlNEtmNmtUTDJVQS1YS0NEUXNYOA?oc=5
2026-09-24 19:25,Yahoo Finance,finance.yahoo.com,SpaceX Stock-Split Watch: Here's When It Should Happen,https://news.google.com/rss/articles/CBMimwFBVV95cUxPblE1Z1A2dmhIUlBFWS1ranhnei1ScHgxd0pRMC1NRFJQaktYSmF5SDBWYlY3b09hMjAydENCLWhfbFE5V0g1eGtPb2tKVWxZYU9tNkVCNGpRd1E1N3lkR3BxbG9tcjNZVktvMzd3c1dISFBxaGt4bDQ0QlRsdjRHNWdiX0hDekpDWVFySUVCMHdKWWFMTHBzdk1rRQ?oc=5
2026-09-24 19:53,Yahoo Finance,finance.yahoo.com,Tesla (TSLA) vs Rivian (RIVN): Which is a Better EV Stock to Buy,https://news.google.com/rss/articles/CBMilAFBVV95cUxOMVBic1EwRGVKaC1BWkZzd2Z4c3VnUjE1MXc5ZDZPbWRQNE9zTE9SNG5YZXVDa1EtZC1UNl9LRERwRTVmVkxqNWZNdDNnUGc3VW5uVENMdjFZa3d2T0lBNng3cGhJbWo3aGdxUUxyYk9DWHhSakE5SmhCZEU0UXlnejQ2S0VsbFVBdmQ0TU1iWlZ2QlRM?oc=5
2026-09-24 23:12,Yahoo Finance,sg.finance.yahoo.com,"Tesla has begun ‘high volume’ production of semi truck, Musk says",https://news.google.com/rss/articles/CBMiiwFBVV95cUxPQ3FVejlqWk9KRDJEbXI4MHZGOFF1RlgtdXdNZDBiSDhPOXhUa2FCZjZQcWFzVWVsc3lodFFISTd6QWNhOFZNcC1mT3lSdEpRQlhRY2ZudTJxaVJPOWF5Zm5IRmM4Qmtudm5qZkxCd05ieVhLekl1MFkxT2R3OXFOUjZtOWl0RFdUUTR3?oc=5
2026-09-25 01:45,Yahoo Finance,finance.yahoo.com,TSLA Stock Climbs Overnight: Roadster Teaser Stokes SpaceX Buzz — Musk Calls New Semi A ‘Game-Changer’,https://news.google.com/rss/articles/CBMiowFBVV95cUxONnNCWE9sTTVSal9UVmttRnU4RU9jNUMtWnZxX2VjU2w2T2dLamJDU2N2QjhiUGxWU3pCamszaXVVYmlJeU9kVVhZZUdodC1CVjFTWmpCOExJRUM1VFNmZURIQmlfVjFZOHFXV1Q3SGZVX0ZlZm5mNEtVa2ZDUkRoRENuZjJBOE5BTVhia05fRFpQZ2E4aDJWSU5sVnoxbW5DbG9B?oc=5
2026-09-25 04:21,Yahoo Finance,finance.yahoo.com,"The Zacks Analyst Blog Highlights Tesla, Bank of America, Coca-Cola and Texas Community Bancshares",https://news.google.com/rss/articles/CBMiogFBVV95cUxNQlU3RjJOZFRjbzRlNWNqdTd2RFc0VkdRaWlMOHVER0xfMUt1YmdvQmg5bFp1cGxRa2l5VkU2YXczVTlYd1NSYkNJWGtXSURjY3B3TEI3LVdjNmw5NHpsT3VQSU5KV0xKWENGN1RrT3VDaEQ3UU1Rd1ZDYTFOd3BLRjVBcXZEUDhuR2VhUHNISS1JNTRWMDB5SmY4VWdueF9GSVE?oc=5
2026-09-25 06:20,Yahoo Finance,finance.yahoo.com,"Tesla Begins High-Volume Semi Production at Nevada Factory, Musk Says",https://news.google.com/rss/articles/CBMimgFBVV95cUxPdTh1VENaMHBWcXAtd19sMHhJUVF2QkUwSWVFdkYyN0g2WHNJdG8tSVdNZjk1WjlyUEZ3U0xZT09ScHNfdWs4dDB4LTlhVXZ6R2pQOU1VVEhBUnNfQ1Vyam5LVFRpMllfeUcyQy1qRTZRWENxMDhaSjVoeVBQd2t6bjhUdk1HaUhlblVCYlp6UHltZXNJZHdUb1lB?oc=5
2026-09-25 07:38,Barron's,barrons.com,Tesla Stock Rises With Semi Truck Launch. The New Roadster Is Up Next.,https://news.google.com/rss/articles/CBMiqAFBVV95cUxQMHBQRVRtNEJiMVotcHRRRUY1YmlTcE5YRmFaaExoMDRDN0FQRkVzS0lKaVVrd2gxZS1nUllyd1FSNkNncG9IYk1RMTFqTmdzOGxBR2I0ZjhEWDdOcWJ6a3luXzBTaTR4elFXSTRqS3JRN0Q2S0ZfakFxRVUxTlVKQVd2cGszY3VQcmtNTUhzWklLOVpYekROcnFyWU9PaTMxUzdfeDFCSkw?oc=5
2026-09-25 08:00,Yahoo Finance,uk.finance.yahoo.com,"Is Trending Stock Tesla, Inc. (TSLA) a Buy Now?",https://news.google.com/rss/articles/CBMihAFBVV95cUxNbDRLY2lZQ1pLbDluZWtwbTNsWVNYVUlNdjdYYzZWeHRabVE5QU5CbzVqR0NsZ3Ricm1LWXYwTUxhcldPMmhvSTdBdUc0S0k4LW9qeGdKR29LSEpZSXZOQlRKU0NOblNCQkhDWEctemxxRDQwb1R4aWp0WnhVdjUyaGRTYzE?oc=5
2026-09-25 08:04,Investor's Business Daily,investors.com,Futures Signal Market Bounce; Three Stocks In Buy Areas,https://news.google.com/rss/articles/CBMi2AFBVV95cUxQY09ackRnZ3JMUXNMcndsMHotX2VRMmMyU0pnU1loUVhoVU5uME9NNWU4T0N1U0x5UTY3cmpwTmtibzZJTm1taVByR1ZQOVVHVlEtUmRyV2F3M0NsZVRMZkp0eVVKLUxibWkxNE1ZazNCRC1VZ1NFTXVuWmVfUG5BRl9TLV95QkRZU2dYU1RqQWJhZkpfRXhGZHZUeG1VYjhkVVowcmN1NG9oZU5RT2tfQ1QwMzA2RE9obVJEMl9DWThzdEJUMjBxa0dMOEs0bWNtd2ZyT1c3N00?oc=5
2026-09-25 08:10,Yahoo Finance,finance.yahoo.com,Elon Musk Pushes Tesla Semi Into Its Biggest Phase Yet,https://news.google.com/rss/articles/CBMilwFBVV95cUxOYW5aU0xFcFJVMkRNQXhBVEF3U1pNeTFzbk5EMGV4WnhJak5xOGhfRWVpYTlISk5la1Iwend6bFZ0ejdvQVBfam51UWNFMUlISERNQ1NLV0lIVnIzSEVxWHBwVGt1UlRIRnBFeDRpN1NabV83S0pnZWszQVk2NXpJYVlEUkFuRWk2U0lQVVJYNF81Wm8yeGxj?oc=5
2026-09-25 09:57,Yahoo Finance,finance.yahoo.com,Tesla Starts Semi Deliveries Nearly Nine Years After Unveiling,https://news.google.com/rss/articles/CBMiogFBVV95cUxQUjhWT0FkbkFpTldpQ3pQSlh3M0wzeWxzSzljZUJZYm5rX09Qc3B4ZUk4ZnE0RWdSTVhtbHMxdjAzVmdWbEFRV1VoN0dfOC1LUEJXWk1lT2luUUFpc3lMYkwxdVlRZkRfN0xtd2NxSkhpcHloZl9JRjNyeC1acU14TnEzdlo5MGkwNFBDajdYMk5CekRBY0Vsa1daSlJ2WFhXekE?oc=5
2026-09-25 10:21,The Motley Fool,fool.com,Tesla vs. Nvidia: Which Physical AI Stock Has the Bigger Robotics Payoff by 2030?,https://news.google.com/rss/articles/CBMimAFBVV95cUxOdU5DaHM3ekRFekZ5aWNKbDVia1RTU21jM1dnX1dERDVJLUZKMkhsT0RsM0VhRUJQVW1rWFVDeU1GY1pmWXNyemVlTUFCUU4xOW5pWVEtZHB6ajVrZVZaZ19DZEx2cEF4SzFBb2FQTFp4VFFNV3Fhd1JpM0xDN3laWTNhQmFDejJTcWZoaGJNVEViNW5LRlRNOA?oc=5
2026-09-25 11:35,Yahoo Finance,finance.yahoo.com,Tesla’s Optimus Reportedly Hits Production Snags — StoneX Stays Bullish Ahead Of Q3 Vehicle Deliveries,https://news.google.com/rss/articles/CBMiqAFBVV95cUxOdjBQY2ZuRlBjZXVHcnVIUjNnXzNpaWFjRlVQYnluUEdNaFRydkUwc1lEVkFMNVlxUm5oOHBDNHM3S05MOUR4anhKeXdTbnBhaGY3ZVZ5d19GSFB0bktMRDNyYU5FUnozbVl6YjBQZnM3M19qMmxudkE3MzJyaEVJMnk0V0tfNGlyN0k4ZHhQRGlUTFZneDRjSGh6cFZzbnczWDA5MUJwRFA?oc=5
2026-09-25 11:38,Yahoo Finance,uk.finance.yahoo.com,Tesla's Semi Is Finally Moving Into a Bigger Test,https://news.google.com/rss/articles/CBMiigFBVV95cUxPaG0wQXlZbUo3U3p1dTZrZGo1MlN2QjN6T3hLRk83ZGx0cHMyY1kzUml1NUZ5NEQ1VzZVSTVfdUg5Nk5QcjJOeXlLdXV1ZWl4LTlwb3hwV0dFcjRZY0hRWDRhX0VhTUpxekxkaGZ3ZF9kcmlwWUNPMEJ6VkpESzFNelZJN2pZdUwxV3c?oc=5
2026-09-25 12:39,Yahoo Finance,finance.yahoo.com,Tesla Stock Drops as Europe Delays FSD Scale,https://news.google.com/rss/articles/CBMinAFBVV95cUxPbjZLN3hhcmlDT1JhX0xaMEpYdmdpYlc1QlN3MUFjYndIUWRqSTVpaE5kU2ZKdVFNQ1U1Q2NsV1N4TWlGcXVjam9fV0d4OWNxdlBxSjNIa0NTWUhfUmhuWlQ2a0FScmpUZHFieUk1THdGbUFyQmVSZ0lrcE04QTg4U2l4SkpqVFRmQXB4OS15MW00Zzktci0xcXZzM1Q?oc=5
2026-09-25 12:44,Yahoo Finance,finance.yahoo.com,Whether You Buy Tesla Depends On The Chances That Tesla Actually Becomes an AI Firm,https://news.google.com/rss/articles/CBMingFBVV95cUxOWkJ0N3VhUW1na0pjcDNRYnByeE5YcTBaR1VEWk1MS01pdm45NGw5OHB5NUt0Vy1iWU1keVRoQ2NfdzRodmN3Ym1tQjU1WWdMLXVueWx2VmE2a2cxQ1U1bGVIT0E4bmpKOFJpTExlSzZCNHVrcVBSSlpHLVA2X0ZFQzVRdFpUem4zZG9mb1llUDM4OExaRmw5aHlOYkdwUQ?oc=5
2026-09-25 13:19,Investor's Business Daily,investors.com,Tesla Semi Hits The Road As $6 Diesel Bites Trucking Industry,https://news.google.com/rss/articles/CBMijgFBVV95cUxPc1ZnT3hoejZHbTIwT2xKVzVuRmxMc0dLU2pWbktodmh1eklkclNhaFRsWVlxOXVJRGJGcFRqWkZqNXJ0SzFiRTZkbjlYLWRrZVhpU2dCbDBfdjVtM056d1owWUZwME9jY2tmVEx0bnBaZGpLdkk4TFBISnlxdklTWWYzMnY0ZjVhWEhzZ1pR?oc=5
2026-09-25 16:05,Yahoo Finance,currently.att.yahoo.com,Wall Street Loves This EV Stock. Here's Why I'm Not Buying,https://news.google.com/rss/articles/CBMigwFBVV95cUxPVmUtSXNVYURPSjZHdWV1bUFVSFJrZVdmNXkzWGU2WEl0Njl2a24zUTBCbEJJYzBQam1yWUtTZGprRDBiRFJ0Y0wzbGJiUU5taHhOVVo4V0ZUSElmdUN2Z2hKQTF4WnR2UTAwZDFIXzdCMHhhZ1JwRFgwcm51ZlJNamFMaw?oc=5
2026-09-25 16:34,MarketWatch,marketwatch.com,Tesla’s stock falls as launch of Semi truck fails to excite investors,https://news.google.com/rss/articles/CBMipAFBVV95cUxQRFR3VGlTaWt1dVBiNXh2TkZpM3RhTFBkdzNIVHFsNlJIOFJIbklublQ0ZHMwSFd5dTF5V01NenNOUGZLVDNwYU8zeWNPZEJCb2ZqYVV4TjlwQnkxb3U3ejJUUmJwUXdaZnBzd3VucjN2Q2pKS0dZb29lSWJnSjM5aWNfeUFvU2pzRFpSRlkwOEJsQzVUQno3WGxjRWpMeU82bmJnbA?oc=5
2026-09-25 16:45,Yahoo Finance,finance.yahoo.com,Tesla (TSLA) Stock Falls Amid Market Uptick: What Investors Need to Know,https://news.google.com/rss/articles/CBMilwFBVV95cUxNYWNLWkZTbUZYbHRZNWlpWDg2LTJCTXh4UnBZN21uNHo2OVhDdE9qNDJfMDRINU4xZGxaUW01UXk3bXRlSmdZdG02dTk2ZzVUTjBSUURrblUwT01Ha05RVWpaVXRyNjR2amNoYTB1V0pZNDVFdGJUekFxdTVnSjhBSldzUWlwMWE1Szd3ZHdJQUVkbE90ek8w?oc=5
2026-09-25 17:07,The Motley Fool,fool.com,"Stock Market Today, Sept. 25: Tesla Stock Under Pressure Despite Plans to Ramp Semi Truck Production",https://news.google.com/rss/articles/CBMi7wFBVV95cUxPMkw0RzkxcGJ1MnV6M1pfQ05hV19QYUZPYVVyYkVWaGxLLWZfOHNKWWdKNjBHZ04wVmk0cGUyOFlvWVpvSU9YZjhfbHcxakV3Q1pPRV9zQ0c0Q3pvUFB0SkFWaGlwNlAtOVY0WVAtT3V1SHBidnVzclJvY3BXRlJ1V3NTaC1fNWNlSjVneHlFZHhkTEh1TnNCOFo1eGZGcmpaYU5mVUVYUmVwaUZlQWxqX2h1enVnSEZyLW1xa2loMWFVZTFrdlNOeDEzQnlRMzVsbTVDQlNiR1kxbGp5OTd2MmJ1TzBmeXJ0M1g4Rm1CVQ?oc=5
2026-09-25 23:12,Yahoo Finance,finance.yahoo.com,Tesla (TSLA) Gains U.S. EV Share as its Sales Fall. Can it Protect Automotive Margins?,https://news.google.com/rss/articles/CBMijwFBVV95cUxQd3pwNkY4dkZDMzBSdFRvS0dicHJpcVV0OEttbHRZR1BaOFI5UTRhMHJTazVKenhPVU1XeVc0Y0FzVzVPa0tTQzFqUjZKWGYtMmg3Skl2NG1zWExWN2hRUlBtcmRNR2VyWlN2c2dJXzNHcUxVRkkycWpobU04ZnREZE0tZUx3Y0tzZnZzeVV5QQ?oc=5
2026-09-25 23:18,Yahoo Finance,finance.yahoo.com,Tesla (TSLA) Sets an October 1 Roadster Unveiling. Can the Long-Delayed Car Restore Confidence?,https://news.google.com/rss/articles/CBMilAFBVV95cUxNNFlQd1pHWE1XWUREbktlenBQd2k1Q0pkM2xXZ0tGUDZkVnA4RFdvNlVyWUc5RzFuMjZVcm1fVHJEVThlbjNqTTROcDRLM3VKZG0tMThRaktTX0JScnRJOTI5UENnR3l1OHE5bVByYXZqaXEtVXFsUnFHRndCa2VkLWxHRl81UEVMWWFuT2tZaUpOWFEt?oc=5
2026-09-26 00:10,Reuters,reuters.com,"Tesla pullback a buying opportunity, expert says",https://news.google.com/rss/articles/CBMiZ0FVX3lxTFBGR1ZxRno4dmFzc2oyTzhPNllxYlFMbVNqZ1dUY2FfYVFvbU4weGprMzVLNlFxNmNraWZNZ0N4SHJ0bmpqdi1kUzlhU3laa19Qd2M4SllwOXRBYkZyVlhZTTllOXg5SXc?oc=5
2026-09-26 01:03,Yahoo Finance,finance.yahoo.com,Is Tesla’s (TSLA) Stock Really Priced Like a Car Company?,https://news.google.com/rss/articles/CBMimwFBVV95cUxNcGk5ZDFnUXhZVm1ja3VlenBTTE41SVZzUW01SWpHeE5qMnVFQmJDcno1Y040QlBDUUMwX0MxcEVwR3hFN2NPUjhMSU1SODRNTjNPV21CbWM1OUozOW5iQV9QTWZZTnNlVWIxRmVlQVdFbUlPZjVyZXZ6Y0pRM0xmTFBKQkU2RkVGc19PN2JWZkhFVktKdW9KTjRRbw?oc=5
2026-09-26 06:09,Yahoo Finance,finance.yahoo.com,What Do Tesla (TSLA) Tunnel And Grid Plans Mean For Investors?,https://news.google.com/rss/articles/CBMijgFBVV95cUxQMEhnWDhRZU5kQ1ExQlF1SFhWRnpvSjA1OGFYbFFQWDAxdkN5Tjl6YXdyMzdCTi02bVpINlh1cEhWSnhlb1VHWGFGdEc4clU0bTYzNnVkZTNRWUFZSDdrRkVOakU5bTJOZm9VNjhEZ3ZvYkxPR3MxenBCZWp6SU9iZU1FYWxXXy1pM1I2amNR?oc=5
2026-09-26 07:18,Yahoo Finance,finance.yahoo.com,Tesla Stock Sits 25% Below Its High as Semi Deliveries Begin,https://news.google.com/rss/articles/CBMilAFBVV95cUxQRnRxTV9ISkdmZmpVZ1pYOXU3ZEg5ZHIzX1JZbGliOXg5R3pyOUtZb0ZoMHBCVDRLOGdhaU5icGdXaHI3Qm5PclRLRGxDcEZlV3VIbzZqN3lyMHR6bGtUU3J2T0M2Ri1nRk5BZUVkX28zT2laQUwwSGE1ZFRXcXI4X1J6ZUxSTFNEUWdfVnVjam5Tc1Ft?oc=5
2026-09-26 08:23,Yahoo Finance,finance.yahoo.com,"Tesla Says Its Semi Is Finally in Volume Production. So, Why Did the Stock Fall?",https://news.google.com/rss/articles/CBMimwFBVV95cUxNblQ4UTZBbUtVTVZGWHRTTTlQc1lIZGM0b0k3N0NHc29kRkEyWmd1NXJwTWZmTXcwSGFmS1JiMEk0NVhYUGZnelJrbXhhakw2MWhDQUtXU040c3FCaC13RWY3MTU2cF9heXVOelVvMHBQdmFtYlprbGdKWU9IOGF4X3d4QUtEWWszbDNUcWprRjRpb2VqdU1SaE1iTQ?oc=5
2026-09-26 09:05,Yahoo Finance,finance.yahoo.com,Groundbreaking Developments Every Tesla Investor Needs to Know,https://news.google.com/rss/articles/CBMiswFBVV95cUxOQ2pNb2JDenloNjNKS1BTY2gzUEREcUZ3SDA4R0tncmxERTZzUW12ZTRwSzlLRHBuUE50V2VTc2dxeG1KdWt2RlpzT1dMVmRMNXl5eUdSRnRPblJNOVFha3dyeVBxWUdLOVV5U2FTSmlodlJUMURhOFVieE1Da2lEQy1Pb0ZvQjdaS1FxRE1hMTJpTHlibVBsZDdHWDAwal9Dd1NrQXp0Wmx5cm5jQVpKRFNISQ?oc=5
2026-09-26 10:05,Yahoo Finance,finance.yahoo.com,"Move Over, Tesla: This $140 Billion Company Looks Like a Superior Robotaxi Investment",https://news.google.com/rss/articles/CBMilwFBVV95cUxObU9ZOG9BWk9FR1dPT2duQWtPN0JsV2tYaW9vR3VKc1lwcjU3dXpfYThCTXFWR29KNVhyb2hYQmdSd0MzOUFUeWlhVlZzZXhTU2wtcHdYVkpTck11NFhPNGhQM3JMM05UOUZyRDZibF9JbFJVOVRDS0VaT3l4bi1HeXNkTHhaZzlDcGhHdnhHdEJVUV8zeVVR?oc=5
2026-09-27 02:37,Yahoo Finance,uk.finance.yahoo.com,"After the SpaceX frenzy, have investors forgotten why they loved Tesla shares?",https://news.google.com/rss/articles/CBMijwFBVV95cUxPY3VLdm5rMVVKZVluVTRtQkRuVVM2OWFNcC16TXlDcDRUcTFXa2tLbU9jOXJfaFAzX0xhQlhacFJVM0FDUHFkVG9Ya0FTZFhxSXJDXzlXRzNFT0k1Wk9mS1RLZ05MYjUxaFFlWlRRTTB2RzIyYUptaXJOLWhPd2VtRlpjNVZwQkFtUG1Da2xkYw?oc=5
2026-09-27 04:59,Investor's Business Daily,investors.com,Futures Ahead After Trump's Iran Decision,https://news.google.com/rss/articles/CBMi4wFBVV95cUxPOTU3UGZCWl9OYy1CTDNNM3BDWHF6cEVkNmhjX2dQSTBqb0pIZlhobTc4eFBKSzlhUHk4ZW9PZ0puY1B2cC14N0owTmNqR0VYR1A3LXNUOHhhWndhMmd2bkRXaUxhN3JaeXJab1QyMmlfeDZJNnJDaTl2V0RBYUJyaGstTlJaY3VRbmV5UlN6aGREeHdzMlVoWHFqRUplUnJSdDl5UzlQa1NLRmxJOG9xSjVjR1hNdGJZNHh5SDZCUFN1a2wwRUtuMjJpQ1lFZl9pWG1NWTBZSHYxUVhyamhLN3NGZw?oc=5
2026-09-27 09:44,Yahoo Finance,finance.yahoo.com,Tesla Reports Q3 Deliveries in Early October. Here's the Number That Would Send the Stock Soaring.,https://news.google.com/rss/articles/CBMinwFBVV95cUxNSndmS0FFM2oyRzdVbmJzdVpzRGNNdGlJbWZaUFBQcFNxaHNGZVRvd1dvNC1STWw3S0wtd2ZrSU5uSjZDZ21fTDZ4aFRkd0s3OV9LN0RXbXVkVXFGMUxvX0VwUHNodkZ1RjkzUWI1cGY5c1pCU2llTDU5WjdQbXRoQnlpems3YmdMdGNFOFItYkxKU0lpclhIbU1Wb0RFLWc?oc=5
2026-09-27 14:41,Investor's Business Daily,investors.com,"Dow Jones Futures Due Amid Trump Iran Comments; Micron, SpaceX, Tesla Eye Buy Points",https://news.google.com/rss/articles/CBMiygFBVV95cUxPQ0huZkZtNEszTkRUY1NtZDBtZGR4NDdNbXpHSzg5UHdCMVNJS3NQTnQ4RGdvd1oxeGtwdGNNQng1cjJ1OUc2b2FZT2t3MldWd1hXV0tOMDB3NjJfeS1IRUtoNFF2NkpvTWdCbjRIRVB3NmVfVGtxbDNBYnNmMVhNb2pfN3RHby1walpzclpqODFKOF8tSThIRUNhYlduYXRpLVdLWllCN0w3ZG9GWEpiamJqYXAzVlAwX0c5RVJWWWRPbElldkdja0JR?oc=5
2026-09-27 14:42,Yahoo Finance,finance.yahoo.com,Ford Motor vs. Tesla: What Revenue Trends Reveal About These Automotive Titans,https://news.google.com/rss/articles/CBMilwFBVV95cUxPYU1yendUNHZzN2xEQUp3a2p3eURHYU5zNDZmNW5qcmV4MGFJMGs4TGpVSzVWR1hDbHJ6d3A0a2ZXc2VhWXlLNmk4U1Y2TF9yVVBxNlF1Q3gzcHlNRzFYTGswbE1wZ2Z0SVhzWmdHbWhjeE5LSmswb2tpUkthZzB4bFI0WWJOM2JTZUR0eHA0eDh6by1VYWc4?oc=5
