Published,Source,Domain,Title,Url
2026-01-05 03:00,Barron's,barrons.com,"TSMC Stock Is a Buy, Says Goldman Sachs. Why It Can Climb 46% in 2026.",https://news.google.com/rss/articles/CBMiekFVX3lxTE9ackRLVF9OZWtvTGJwa0JqRWZiQ0RGSHZOUjIxQ1Jvc3FTb1gwV09qLVNuME05VVZxOU5peV9sazRnQ3Z2U3ZDank2NUNBclg1X3BaSEQ0emhnLUhod2JjYzBkOVM4cVNHbEVrM1dRN3RKekpfUnhIQk13?oc=5
2026-01-05 03:00,Bloomberg,bloomberg.com,TSMC Shares Jump Most Since April After Goldman Lifts Target 35%,https://news.google.com/rss/articles/CBMitAFBVV95cUxNMkltVVM3T3Y2RWtaYzJERUlnVUlfcmRhMVN1a1h2RkF0d3R0Ykp0WHJtMlJLVDEtZ3lDOEo4aTRhZ1E3ZExER2hIQlk5Mi1kaDF2NXJiS2lhNDU1blBqS2tXbmVzU29wT2hMRnJQN0ZEajZxT09wcXdrTkZMQy1pRVM1Tlp0X3NPVjQxX1dYRXJvRWl5NXIzRGFhNmxzNFRKSmxPeFp1VnNZZTVVc2VTTWs4aUY?oc=5
2026-01-05 03:00,MarketWatch,marketwatch.com,Intel’s stock is so cheap compared to TSMC’s — and this analyst now says ‘buy’,https://news.google.com/rss/articles/CBMitgFBVV95cUxQZUdBS2N3Q0x6a3Z2cng1Q01nVDhDSmhCbXhGOEVtaUc4OTJaaUM4R0NXMV9FRDB5ZVl3ZkNBY1pZQUdRenNoRVVmcXA1d3FaeFZxNWNJUjhpejVYbExoOTNMVy12eE9oQWdZSHBIMUFST2tubi1xMDhZMWJ5Mk5tenpDRG5ubU0xb2xheWlJbmlUQ3hod2RPamhSblN1V2Mya0tGV18tNWN6YUgtSjlsOXRMNC14UQ?oc=5
2026-01-05 03:00,TheStreet,thestreet.com,Goldman Sachs stuns with Taiwan Semiconductor stock price target,https://news.google.com/rss/articles/CBMiqwFBVV95cUxORVVldlBNNnFoMmtkeHVoUDhHTnA0NE1DMEtya2FaN01JamwzRUw5OWp4V0I3MXpuUEtJdUlSVU5fWFdxM0hjOEFEbXcydFBJSU5RZmhFY3NzLUhtM2NsUEE5eE1hbktXYzJOaHhaZEp5ZHFPeXVlaXFieDJwUmJETzlOcVBzemY3ckhpR0ZsS1d3am9fUndQdzZIRHRGTFJBdndhbmduMmNFUnM?oc=5
2026-01-05 03:00,Yahoo Finance,uk.finance.yahoo.com,"Trending tickers: latest investor updates on Chevron, TSMC, ASML and Auction Technology",https://news.google.com/rss/articles/CBMipAFBVV95cUxNNmNWckJvdTIzbVM2NVh0SDN6dFNZbDNXbnhDNUJKOTgteWs1bm9hX1VsRDZqc3o4M2lQZ3doLUhxSF9EZDU5aF9IQ1hCbXljXzNsWEowSVlRNHhxLTgyWTdUSU5uR29pR25CTl9RcUJ4aVFtMFA0dWpJZ3l4NTJBV0x6VDFxSy1KWnZXcDNuTUVQN0gzaXFVaFc3M1dqbTdxSWRYbw?oc=5
2026-01-06 03:00,Bloomberg,bloomberg.com,TSMC’s Record Stock Rally Spurs Wall Street Rush to Hike Targets,https://news.google.com/rss/articles/CBMitgFBVV95cUxPenNwRzdMb082c1daUVlBeGU4Um80WTNHS1NyMzFTWTlCSnBoRjJGWjF0RFhlb0liLU8tSGZpbGxPX29MN1lNVk5rcTR3UjVZREpXN3VfVGw2NmV2aHFyaGxVbHZEZU04TUZMNC01QnZNMGQtaFZjdDJIS3lEaU9iUC1Ec05zT1FFM3NZcWJDUTFQUVJGeF9iM0ZOaG9aWWt0TDhZRFNEbmRVQklHZDVLanVhbHgzUQ?oc=5
2026-01-06 03:00,CNBC,cnbc.com,Memory chip giants spark global semiconductor rally as shortages stoke price hikes,https://news.google.com/rss/articles/CBMikgFBVV95cUxQeEE1Mm5ESzRwVThWckRwMXp0MVpBMWhGeVBNWm05WFdVd3JnbnU0SUdESnVBXzZ1NFJobkVrTXZuTGZZZ1NBQXNCNzZJT2o4Z05pYlNGSTkwVHM5NGZ2WjJpaVFFNUw2REVMUFN4dHhhU3ZGLUJTSkNUTUYwbTkwTlFveGlzSzBTNk81dU1xZklDUdIBlwFBVV95cUxPemlVY2l1ejVKUWZNM0dmYktZYWF2Y0x1WVhfanJVcURYRHpadGtKbnJpUVFiWUhZWUxmQ29wUE5RRDBrR0Etak1Rdy1wWUhQRUtyRFlEV1k5M0NWb1ZVSG02MEw4LUxsTG43cE5ISE9zc0plRTBoOGFITzRQTEZrX2xHaXM0TWVXWG5BbFA0d044MXlXR3Fr?oc=5
2026-01-06 03:00,Forbes,forbes.com,TSMC Starts 2026 Up Around 100% YOY,https://news.google.com/rss/articles/CBMijwFBVV95cUxOeXhDWVRVZkFqbDZTQUlpV1kxN3kxOFVubWJxVk5HNGpOaHdpck1mNHE4aFpEWUk0WWNldUtoUjFSTy0zYU5mcGlaUHZlYkljbkxMYUQ5Tnd5LWt0RjNILTF2SGx0OF9lZ1BiZkZSU3M5TlRGV3M4ZmRVbkxpNlQ5X0JfZHNDUWpoUFhQU3FoNA?oc=5
2026-01-06 03:00,Seeking Alpha,seekingalpha.com,"Taiwan Semiconductor: The Ultimate AI Infrastructure Play, A $358 Target And +18% Upside",https://news.google.com/rss/articles/CBMi2gFBVV95cUxQTUljaXV1T1U0aFFUNzRydmpfbzFEYllhLWV3TWd6aU1JdklKeDR1NVJUQXdHOGpGYW1iemp3cGRiYlEwTkFwZ0wwaXpyd3Q4RFNWdEwxTkdadDZXSWpHYU5fcjZnQ3A2cnZ3R0s4VlBMajhSQ2xJenFRQ0FWSmNSek9pWFluWmk1X2NJQVM1YlgxZTcxUU9qamhQbi13OVZJOWwwTFNuWUVvcW00bGtsZkpyNUUyWk5UYVlqWU9YMWhUSFJ6TlBnRFFuQ1drRUdHX1FENG10TTBLZw?oc=5
2026-01-07 03:00,Barron's,barrons.com,"TSMC Stock Can Keep Winning From AI, J.P. Morgan Says. It’s Not Good for Intel.",https://news.google.com/rss/articles/CBMigwFBVV95cUxNc3c1N2JoZzg0MW00SWI2LTA0aVRlSE44TW9Vd01JREFFbnhOZ2NzTnlHLXBmYVZVMC1xaDZCelJXajcwNUVUd1JiOFJSOHhkLW9mNHhJWHgtX19wa0dqaHUzSXBLcW1IdHlqam1xcHN6U0lIRTJnUGRrY2s0U2pJZXRaOA?oc=5
2026-01-07 03:00,Investing.com,investing.com,"JPMorgan raises TSMC stock price target to NT$2,100 on AI growth outlook",https://news.google.com/rss/articles/CBMiygFBVV95cUxPM1ZZU2piZ3hic2xyR1ZSTGVyeUlwWjZoeUJ2Vi1hRUtkTWJRY0syaERHRlE4VjFNa3ZyUWo4b2w1NVRCVVVTem9pZ2pSRENpSDdZLXZHOWd0VGVVTkw2ZzRKc0g5ZUs0Vk5NR3lfa2NERmdWVlhEWTB1elZCcG43V3NGMk5WQVZzejNleHlQb3FobV9ZWHVETy10Mm1UVmtDblFqLUM5OWpJWE1Sb3E2MHhudWtZT2RKVTVEUDdQREFzdl9tWVM0Ymt3?oc=5
2026-01-07 03:00,The Motley Fool,fool.com,"If I Could Only Buy and Hold a Single Stock in 2026, This Would Be It",https://news.google.com/rss/articles/CBMilAFBVV95cUxNTVZlLUdIcGFXWS0yMHlxTVZkSFF6UHM2emxqZ0FiUFNxZmI4bVZUaDctRGhKeUZMMGd3TFRZNGVFc203MnB1Q1NDLUpUQUozOWl1RHRsS2s0ZUdQaFphdlJQYURzdmdjSDdsMGhTOExEUkVwTzBucXJISHI3ZnR2b1FrLWlWVFJZejU1QTFmU3JJV2w1?oc=5
2026-01-07 03:00,The Motley Fool,fool.com,Is Taiwan Semiconductor the Smartest Investment You Can Make Today?,https://news.google.com/rss/articles/CBMijgFBVV95cUxPamxUQXRPSmVFVEVxV3pmeWdESkc3cTl1ZVhZcGM0TnZsVVY3R3RlMm56Rmt2NjhSeVlGVVZWbWIxdlVnVi1IeU5TSUs3OW5QUS1lM2trVDNseVlvTjdLX1ZSU3daZjVTZG1ORHo5NWF5dlBJdVM4S3BfVi1rcmtweHcwamZsV3pTVjVWZTRB?oc=5
2026-01-07 03:00,Yahoo Finance,finance.yahoo.com,TSM Hits 52-Week High: Should You Hold the Stock or Book Profits?,https://news.google.com/rss/articles/CBMidkFVX3lxTE5UV1pCZjh0SnFlanFGanoxNnZ5RUhnaU9STG42bW8xbldoSm9TdElWNTBmb3NxcGUzaEhEeGJ2bDlwZE40eVA2NUtPSDlCWmtMMUtLMzgwdENIdHdUcUtKQ1pMRkkyU1ppLWRSWWozdVpwOHVXRWc?oc=5
2026-01-08 03:00,Morningstar,global.morningstar.com,"ASML: TSMC Expansions, Memory Shortages, and Intel as a Wild Card",https://news.google.com/rss/articles/CBMingFBVV95cUxPdmNySkQxYXJfNHNaRmE1bHNKSDJ2d0hrSGs2YzVEZUZSTC1ybWFjSUh4aVhnV0M5LW1rOFVqbWhtWW85dDIwalllVi1KUUVvRkJqdFVNVnoyQjlYdGlPR0xPUlJXZ1c0UFdydllJbjVBc0NTR3REZzJNN0VBUGR3NUN4amQ0NlM5OVlqSGg3V0JiWnBqb1kwTGY0NDIwZw?oc=5
2026-01-08 03:00,Reuters,reuters.com,"TSMC fourth-quarter revenue jumps 20%, beats forecasts",https://news.google.com/rss/articles/CBMiqwFBVV95cUxQMjl3S01kenhUNTl1MDJxZDNnM0RUWnBxbE81SXNKMW8xUDJJcUZnSVpReGwyNU11OWRpUFNXZEc0TkNTV3o5N0JJMzVscE5xbkFPSEZ6X0ZhNm5NT3dEY1FBWFZTVzVsLUdXTUpzN0JVdWFzSzQzSWJTdDhGNmRMSjVLVXBFeTNBbVg1OWJ4ZDNLMWNOMy1scWFSNEpTZjEwN1NkX25uazg2Mnc?oc=5
2026-01-08 03:00,The Motley Fool,fool.com,History Says the Stock Market Could Soar in 2026. Here Is 1 Cheap Artificial Intelligence Semiconductor Stock to Buy Right Now,https://news.google.com/rss/articles/CBMilgFBVV95cUxQMVM5TDJhZE5QUjVyT3BOTzBTYkRIVmFVTGp3allTY1VhZjhIVFI1MUlLYzhCNnJIYWgweWtFRUpwRmFhclFfNVMta3BabDRpcWZ5TVcyVGx2NEFYWG9vdHVBRnN2dGFoTllOZm95dkwzdm1CcThHcW9VRXVrc3V5WTkyb1NZdUY2MmM1cW8ta0laV0NZZGc?oc=5
2026-01-08 03:00,The Motley Fool,fool.com,"The Smartest Artificial Intelligence (AI) Stock to Buy With $1,000 Right Now",https://news.google.com/rss/articles/CBMilwFBVV95cUxQWWZTUkktUjJtSl95MGxkWFlmSDctTjhhbkpYdDdMOHpZUTd0LTFlSmhUUHJNMXFrWkQ2Yzd0aVZMenZhY21lUnFNZ2lrLWM2TDBmdVhLeExUOHNlVS1GbkFSR0FPM0EtV3dST21fSE1pcVRGZUtmemhWNFJmd2U2b3VQUTFsRzVsQThXLVdacFhHUWU4NG5F?oc=5
2026-01-08 03:00,Yahoo Finance,ca.finance.yahoo.com,"Company Diary: Persimmon, Vistry, TSMC",https://news.google.com/rss/articles/CBMijAFBVV95cUxQN0ZYNUNtNFI5MUpKWVZxR1VQZm4wWHhwMGZZN2Y0VFM0RDJXeXZ5UG1lTFllR09lZVVLWE9zanNLeDlRR05rT3Q0Yy0yN1dId1IxWF9BeW1RaXF0MXZDQWI3U19TSFhyUlBicm80Uy1kQVBUYzZKamdnX3YycWRNWUdfVUQ1ckY3aW83Yw?oc=5
2026-01-08 03:00,Yahoo Finance,finance.yahoo.com,Is TSMC the Best AI Stock to Buy in 2026?,https://news.google.com/rss/articles/CBMid0FVX3lxTE0wTWNCU01hQXhnRHRMZ09qT3hjcDh0LTNwcVVnTGlJSVMxb3pvQ0l5YkxPSGhuT3ZucmFMdWZiaVdXMkV1U25GVG5iZlBRLUhZYWpHQ3ZSZkZIUlpGeng5UDRNN1lWakFoSHRMbHc5N0c1QmFIXzhN?oc=5
2026-01-08 03:00,Yahoo Finance,finance.yahoo.com,LRCX vs. TSM: Which Semiconductor Powerhouse Is the Better Buy?,https://news.google.com/rss/articles/CBMiigFBVV95cUxPQzJUc25VSHh2eXc0d3JBWnYwRDVLaU9zdnBwMDQ2Mm5FejJCOERjV3BSMEpEcWMyVHA5QnlQWnNLdmxEWDlQYUlFZ09SOVZUcDZ1cWVvanh4RWNSeWR1cnR4Ni1pN1ZKR296dTd0Tl9PNGFhaDlyUmswRlB2Zko2UmJxcmdkZW00RHc?oc=5
2026-01-08 03:00,Yahoo Finance,finance.yahoo.com,Taiwan Semiconductor: The $1.65 Trillion Gatekeeper of the AI Boom,https://news.google.com/rss/articles/CBMihwFBVV95cUxOM3c2aHdwQTRiRGpXQzVoRFpaZ0xPaUJTS3RBbGdjQ1hDelFiQ0Z4dkZ3cUFuN3ctT2xzMXJVT1pUZ0RIQUdCRThDSEJldmw4c0dBMTQ0cUdyWWIzSmpGSUhjYU9aMk1ZaVBvX0s4TElsSnJUZl85UVRoSEdCb0dFWFVLZmlOOUE?oc=5
2026-01-09 03:00,Barron's,barrons.com,TSMC Stock Rises After Bumper Sales. What That Says About a Potential AI Bubble.,https://news.google.com/rss/articles/CBMijgFBVV95cUxNSTk4eFo1OWdvZnBXcW5ZSndGclFKc3FBVHN2WTNPQUlIUEhFcmxtV0RGX1VremF0Rzc5RlBpNk1vRlU1Rmh2T01aaUhGQnJtRGN4SVdZT0I1V04xRk9nZTg0TnpFODZ5QjBGbkpqa1ZxaDlwWXFzTF8wS3J5VWxkZnlneFBsRWgzX3U1UEx3?oc=5
2026-01-09 03:00,Bloomberg,bloomberg.com,Nvidia’s Go-To Chipmaker TSMC Sees Revenue Top Estimates,https://news.google.com/rss/articles/CBMiswFBVV95cUxNMnFmd0RObHJBbWlaS0NDLWRTTWo0NEt1cmdxb2tsTlhkdjlNU2RUeWhGUVBNRTNVemFTLXZfSkhIeXR6US1uZmZKTC16cVlMQ1pwcVBlanZIZ1Y1WkVaMlIxTXZZSHNsXzI2NEpyekJFZ2w4dGdkQVZxNmxhcDFxMG52LUNRZVZ4RjhtMi1WaVBwRG9IUTQyd1VyQmNVSWJDSUpqRVdGRDdkN1d4cHhJUEZKcw?oc=5
2026-01-09 03:00,The Motley Fool,fool.com,"Have $5,000? These 3 Stocks Could Be Bargain Buys for 2026 and Beyond",https://news.google.com/rss/articles/CBMimAFBVV95cUxPbi1Ma2RIS0VrZi0xaHlyN3M1UFEtdGdQSUlOOTBOZ2dSX0tZLTFvN2VLanRUT0RlWVJGbUs4NzhxYXhielAxazZSSUd6c29LYVRuTklUNGZHSmZRZk9GX1Ewb1c1N0cwNC16XzVCaFZ5LU5fQ3VnNWRkandRREtDeGt2UDB4Ujh1MGV6Wm5kRHFjZHY5dDZFVg?oc=5
2026-01-09 03:00,Yahoo Finance,uk.finance.yahoo.com,"Stocks to watch this week: JPMorgan, Goldman Sachs, TSMC, Persimmon and Vistry",https://news.google.com/rss/articles/CBMirgFBVV95cUxQd0lQLVRHbk5iN2U5NDdWOW04RVdIMkkza19ndWtnTEFnbUFiSTZVc00yZnllamN1QjJwWVJrUkt6WmVMM04wSFl2aVlYZTBCeGVaN3dGblVsR1BNaEV0Wk9mZHdvOUxQSC1VRmtFalBRVlUzMlRPMXlWOHhpQ2JqZ1l1d0JOTzl6VUY2RWpsRFJyYzJFbmhyRGRCWTh5eS10dzRRbU5rTVAwNXdkT3c?oc=5
2026-01-09 03:00,Yahoo Finance,uk.finance.yahoo.com,"Trending tickers: latest investor updates on Rio Tinto, Ford, TSMC, MiniMax and Sainsbury’s",https://news.google.com/rss/articles/CBMipgFBVV95cUxQZW9zOWxESThHM3NXRnJ2VUJKYzhSZlZpLWJoY2kwU2s0TWY2a25tNkNRbmQ1ZUJfdENETVBrUXFVR1VOX09GUksyWEI3U0lKd0VLdUpYTWNnRWF5X0RIek1SaFI1QlBTcUpuNjdtcWxmdEw4SHVfT2Nsa3Z2RHAwMzVnNThVekNyaW1uVGdFRGpuUVdtdU8ydk9ydEp3aEJ0elIxZjln?oc=5
2026-01-10 03:00,The Motley Fool,fool.com,"The ""Safest"" Trillion-Dollar Artificial Intelligence (AI) Stock to Invest $50,000 In Right Now",https://news.google.com/rss/articles/CBMimAFBVV95cUxOSnhQemQzVVlhc0pVSTF1amN0VlIwWTJncjZycHNaLTR6TGdTMmFGRWpKcG53dVlSNVFDQk43d2lHSE5tcjEtZ1YxU1ZjMGpsdER6UlEyeGZLZXVUNE9MZnc4MmZUZUhYNHgtSlRUSzdaSGhkajBtNVNuYjNSb1hEVlZmaWNTcU5Xb08wVHd5WFU2UllpTllzTw?oc=5
2026-01-10 03:00,The Motley Fool,fool.com,"The Smartest Growth Stock to Buy With $1,000 Right Now",https://news.google.com/rss/articles/CBMimAFBVV95cUxOaTc3Qjg4ZmpSajIyVlMwQWRmZjJkdzYxLWFLMXZFRmU5dFNqWTZYVUk2ZGgyLW5TSGpiNFNzb1B3NmRpaW4zeFZGY2trZnZIVWRkSFo2TFY5NkprcU9SSXgyNTY4T2tzRThTN1VhaGlIbDJmUV9US2dXcm9RWEx1ZTVld2RmMlF1czdTbWtZNG1teWQySmNJbA?oc=5
2026-01-11 03:00,Seeking Alpha,seekingalpha.com,Taiwan Semiconductor Quietly Turns The AI Choke Point Into Pricing Power (NYSE:TSM),https://news.google.com/rss/articles/CBMitAFBVV95cUxOVGZTTnotR0J2NjgxbWxTRHRWbXE1XzJMOXBuU3U3anVEZmFXTTNJem5LNzAyNEdDdE1JQUVxbjk5SHNDSnd3MWhKdjhHX01WZjQ4bGdKMHlCQThOX2VWOTBKam1nbnM5M1hsdXJWR3N6bTFURjBkSk1hdHA0MXFOcEVFNUdOemkwVGhfaXVKQXphSkk2UURTMVRXWVFsQ195SXJRUTdLSXh4X3ZnendWOXNwd0M?oc=5
2026-01-11 03:00,The Motley Fool,fool.com,Should You Buy Taiwan Semiconductor Manufacturing Stock Before Jan. 15?,https://news.google.com/rss/articles/CBMilwFBVV95cUxQam9kWTJEcFE4XzdaMUc0QWhfLVdwY1A5UVVsVjZ6Q3UwZXAzM2lKTC1Mb2tRMHBVV1ZVLTJFc1JjbkRCNXNlX3BVVkdoTldmLTVEUEIzVGFIanRBNlZLU1RTeG9YZ1JRUGlUQzh0d05BT3ZpX0N5a0l6WDZGdUJLRzhjZnhnbFNuWFVGU2o3c1JGbERKTjhr?oc=5
2026-01-11 03:00,TheStreet,thestreet.com,Nvidia CEO sends strong message on Taiwan Semiconductor,https://news.google.com/rss/articles/CBMilwFBVV95cUxPaGw3SjNKdWdKZzhfYXpfUE5Ta0t2QTZDdGh4TWN4TkpiUVdETE9Da3RjaHJYakVlSi11ZDBlTmJZTmladGhSTnZEMm5jTDdiSVZHU2xfRmowd09jQ3pCek45MlU5ZFktdDZnMlA0Vm9jNThlRU91UmRwSFdqdm1CQ1dfUGt3N0gzWkpfWDAxSGNCTXFRS2dN?oc=5
2026-01-11 03:00,Yahoo Finance,finance.yahoo.com,TSMC Q4 profit poised to soar 27% as AI demand drives growth,https://news.google.com/rss/articles/CBMifEFVX3lxTFBGM1FEbWM4VkxiNzZWVWNhSjBjdEI4M3JqTUV0X0ZydDNCNEVMVkowR2ZxLVM1QkhJblcxMG9nQlNuSWRKdlEyVElseTVkOElNeEpTRWdSLUF0T0pZY3lmRTBDR2RmM2RlVmFpaEZEZFlHdTVwbFFpOGtxbEM?oc=5
2026-01-12 03:00,Barron's,barrons.com,"TSMC’s Revenue Outlook ‘May Disappoint,’ Says Analyst. There’s a Silver Lining.",https://news.google.com/rss/articles/CBMid0FVX3lxTE1KN1JhSXl0YVhOLUVwR2YtVUFxUU54emZkQVN1NzNCOTJDUERMS2JrYndoZndqZ09nY1UyVlluQjd3WURHUXcyZDZVYTFzbEFad3FkNmNuS0lpZUhRdzFGWTlMTUkzcGVWdWpxaV82MVlwVV9sN2cw?oc=5
2026-01-12 03:00,WSJ,wsj.com,TSMC Plans U.S. Expansion in Proposed Taiwan Tariff-Relief Deal,https://news.google.com/rss/articles/CBMinAFBVV95cUxPeFlkMVdxRVFlZk4wQjhVVXExWkJXQUVVZ1d0NGtrb0dXaUg2ZnF3VkhBUVBaVk9CaXZEUUFhLWNrek5ROURrVjZaT3Nmd0ZZQ01jZHFDb0VpUHZnQ2V6S2lmOWYzNV9vaGt3TEFIM245cnVNTEo2VmJtWEowYUFxX1VPZDVIaG5CQkRRdlQ0amR5RkxxVl93WmZyVUI?oc=5
2026-01-13 03:00,Yahoo Finance,finance.yahoo.com,Revenue Keeps Growing at Taiwan Semi. Should You Load Up on TSM Stock for 2026?,https://news.google.com/rss/articles/CBMihgFBVV95cUxPSXlRaXMzWWZPOXJyVV9paDEwbXRhZ3d5V2pfek1vWkdkaUpFMmdWeE1RaEFJRWVSRkJ1LVFhR1hmYlVHVWFva0hRV3dodVp3bkxWemJWMWxGMGJkcG9PWUxiem82bldJSkMyZ2JscTl5WHpRZkYwcE5FTEx2SUFnZ1JjQW5nQQ?oc=5
2026-01-13 03:00,Yahoo Finance,finance.yahoo.com,TSMC (TSM) Gets Price Target Hike as JPMorgan Sees Strong AI-Led Growth,https://news.google.com/rss/articles/CBMifEFVX3lxTE9mQ042TVhUREtDZnlLWVRiNnViaHpJYjVjbE00YXU0N0Z5dkVvblRkMWgxdklEcEM4MFN4bXgwVVFHTHRuOTkwcWZJN2xmeVFOcmdPanRYMWpPWm5LaHpsRlU0NU9vdVhrbVBGVG5YcGx1d0JzX2ZtSzZwS3E?oc=5
2026-01-14 03:00,Bloomberg,bloomberg.com,TSMC’s Surge Forces Traders to Look for New Ways to Bet on Stock,https://news.google.com/rss/articles/CBMitgFBVV95cUxNcHRXZ19RZGd5aTc1X2ZLamJ5NFo1MFhDQ05mYnprbUN0WUJ4bXozOEV1c2FZNVVfRkpNVzlKYzJlcFRqeFZ3b0kwcWIycUJmS3B4alFmenZfbWhzLTFYUzhwcHpibkc5VTFWaHRaN25YV2JIbVl5QVl0X3dvSjdUNS02NzBzYnhQcXhGQmdkaS1IVEQyZGJ1Rm95ZHdSX0syVWFEczdBZTJKVmFENVZXZkFiMEh1dw?oc=5
2026-01-14 03:00,Financial Times,ft.com,TSMC to boost capital spending as demand for AI chips surges,https://news.google.com/rss/articles/CBMihAFBVV95cUxOMlhESm14cGR5dlJzTGVwck9YWEtEUVFjVWdOMzluOFlPekxOS3dHZ01vdUpWVFhXQklrRXlpUENVMnRjNkZIRVJ4YzZXZGJRRFNnTC0wNVJMRFRkVEdEUGlJZDJFOTRmUDFwaUk4VVdQcWZ1T01xb0pSVjg2RUU1TVZ0QmY?oc=5
2026-01-14 03:00,Investing.com,investing.com,Stock market today: S&P 500 rebounds as investors buy recent dip in chip stocks By Investing.com,https://news.google.com/rss/articles/CBMitwFBVV95cUxNcFprT3BrNFRvaVZYWGFvdVR5X2RPR1dVVFFhc3ZqaTVTVjQ4YjRBVTNXbVNZSzNzcFVVaGIwQnJxN0ZzTVJSZEhldEFOVW1pSm5Cbm9rYVRWSEhMRWZfSGRUVFVEY2lmcEZJT19JWkhvelZidXpqWmkyR25oWm1LWHI2Z1dVSWRfempBVUxQLVpZMVQxOEt6aTJxdTBvejYyRW16MXNjUjQ4ckhaTFlNbHhPbzJIX0E?oc=5
2026-01-14 03:00,Investor's Business Daily,investors.com,Nvidia Clears Key Level On Taiwan Semiconductor's Earnings Beat; Is Nvidia A Buy Or Sell Now?,https://news.google.com/rss/articles/CBMibEFVX3lxTE1BMGwwbFR1cEdQbExRc0hTV2FkWFg0VVI4bEtjTXZKLV8yQVc4NEFyVTUwdGtmbDkybU0zU1dDeDgzYjE0all4eVpIZF9FU3FNUjduay16S1VzZzk1N0hULTFwbG94Wk9PYzNCMQ?oc=5
2026-01-14 03:00,Reuters,reuters.com,"TSMC Q4 profit jumps 35% to record, beats expectations",https://news.google.com/rss/articles/CBMingFBVV95cUxPTFZXT0Vid3oyeTI0Q2h6bW44WC1PbERKTWxtYzZLVmw1NTBVLW9JMVI0dGtwVmZvbmFxNy1GX0dmczJiT29WNTNLMC1rUlRoMEFRT3JlTFZmSGE4YWRFemJBWDc5c1lLeFBwb2RlVU5qQy1VeFN3T2lmN0dnbjVSa0lQY1p3RFJMNXNMVjdMcUllTE8tWGd2bUgxbGhIUQ?oc=5
2026-01-14 03:00,Reuters,reuters.com,"TSMC smashes forecasts with record profit, flags more US factories",https://news.google.com/rss/articles/CBMirgFBVV95cUxPWDNpMVA5YzY4MUNySUJleXpOUmVfeU9TMjdLa1NTbFMtczZtMGQyd1pYXzZqNXg2WXBaTnFKd2ZkVmZSak42Mm16YUh0ZEJDb2xmdTZPRVZ6OWxnUGRQaDlFVGhkQkZxX3g3Rk1uWW8tWFdNejBBa1RxTnBOTHRKVGlrREQ5NGtPQjJoQXJoNXpKRWtkZ2xJcUVWaEl4TXVIQk5JVmFOSnhBcGhCbEE?oc=5
2026-01-14 03:00,Yahoo Finance,ca.finance.yahoo.com,TSMC likely to post fourth-quarter profit leap driven by AI boom,https://news.google.com/rss/articles/CBMihwFBVV95cUxQQ2ZDZHRaV05zbkIwVmNraW1YMFJNN3JNVTdiZnUyNHlwbDMyVUlLeHVwTzNVc2N2cTkxVG5td05vUm5OMjFfMHE1OTBZbF9sOVR1cDczbjUyb21Za0RBYjdUbnR2cDhHZWNMWldwYXdOdXNiLVJTdUZVcXpTaHJNOURCRWl1R2s?oc=5
2026-01-15 03:00,Axios,axios.com,TSMC fast-tracks Phoenix fab after record profits,https://news.google.com/rss/articles/CBMiiAFBVV95cUxPWkNoOGR3dlR6U0ZsaFo4XzR2bi1MU2I4Q3IyWUN2Y0hDSUxrTC1ZaEhCbEVvUkc3VXJrWVJsd0Z5N1E4LVpWTEhtOHBxVUJubzdXT0RJOFVzbVc4VThuaUpZekdfS0c3aDIyN3JuYjVOakdndkY2UGVhRTNvMkwyWjFsZWRIT0E0?oc=5
2026-01-15 03:00,Barron's,barrons.com,"Nvidia Stock Pops. Trump, TSMC Earnings Are Boosting the AI Chip Maker's Shares.",https://news.google.com/rss/articles/CBMif0FVX3lxTFBRa0QwSjZQaFVqSEZhZWNzLWRlWWdsNVI0M09iVlh5WUtfY2J3YUd3RjByaUV5QVFRWERUXzhZTEM2MzJ4WGRjanpiQ1pMVlZ3T2hJU2lqdERZS3hDakNjV1hta2hjR0l6eXhUc3NsOTRHOWFTTGdJYVF4SzN1RVk?oc=5
2026-01-15 03:00,Barron's,barrons.com,TSMC Earnings Don’t Tell What You Really Need to Know About the AI Boom,https://news.google.com/rss/articles/CBMic0FVX3lxTE5sWW4zZHFadERiTXZ0elB5Z3JJdFFMMmxwTGlQMG1ZMjJLQXhpNlFXeEpWbG9LdXI2VUowMkp4U2FId3pldDZHQTdDbndVczRoNk05NmtRbjR2RTJreWxzbkktb2pOX2xic3hRVjN0TGFkSDA?oc=5
2026-01-15 03:00,Barron's,barrons.com,TSMC Stock Surges After Earnings Beat. What It Means for the Market's AI Boom.,https://news.google.com/rss/articles/CBMihgFBVV95cUxNTFNrMXVJNk1zZUlaNGFKN2gyY0lSdThvc1RRdG9FN0EwdnhLcjVBU0Y1YkZQeVNkaWdNZnBnRV9QTTdUMGVVRlRRVGVyU09Qc3Q4ZUVwMHJTNDhuLWtVb2o3bkhBaWFfZ2pBSjJ0alNXODZMeVUtczhjUkUzYm05TXAyanFsUQ?oc=5
2026-01-15 03:00,Barron's,barrons.com,"These Stocks Are Today’s Movers: TSMC, ASML, Goldman, Morgan Stanley, BlackRock, Coinbase, Sandisk, and More",https://news.google.com/rss/articles/CBMiZEFVX3lxTE80VEJQTnNvMExYZzNudWZKaXluX285LW0xR3RhWXNYX3JraTFJTGRIQjBJcXV0N25VbDViV1BwVHZwRHh0cTZLeDF2Mi1wNklCNE5iVlplR25kUDZ6NTUzUk1RUFE?oc=5
2026-01-15 03:00,Bloomberg,bloomberg.com,ASML Soars Above $500 Billion Value on TSMC’s Upbeat Outlook,https://news.google.com/rss/articles/CBMitAFBVV95cUxNT0NnNm8xa3hjWHpRZkFaaE9CY1lCYzVRQ3FQQkVsQ3piTWlGN25fQ0J6UnNSM1dCaFBqcUVOWDF0b0NsZXdFRVg2N2dhRWwzTC0ybEtteUtBUFRtS2Z4amJ1ZkROaEZpdXZUb2lvR2JWTXUwSXhOS2lMM0VpNWN6YzJFWlhwNkktcjZRRnljajBaUjItVWdBM2E1SnJWSENjeTZ6Vk9UZUhoX2xOM0RBc0FrZjE?oc=5
2026-01-15 03:00,Bloomberg,bloomberg.com,Emerging Stocks Steady as TSMC Plans Whet Investor Appetite,https://news.google.com/rss/articles/CBMirwFBVV95cUxNdGd6TGdWNWloUDh3Y0ZGTWV0VXhEZEliNU1JTFRwUW1YbklqUGlMVERUN1J1UW1DRk4ybmdGempmTXplOTZSWnlCOVcwdUNOalc0RlhPTm80bnQyakl5TkRhY1NGQVRQLVlQRW9KX3VweVFmT3hadlFrVFdPYlZLSjBFNUlZU2JFSTl5UVpRVWxnNnZOWDZFdk1IbWc3U2xwREgyVXBPZDZHWFhWVHJZ?oc=5
2026-01-15 03:00,Bloomberg,bloomberg.com,TSMC’s Huang Says Key to Managing FX Risk Is Keep It Simple,https://news.google.com/rss/articles/CBMitAFBVV95cUxOOVlNYml0TldZSVJjcTB5MmtWQ0UxTWE5UHBkcURHYno1UDdRcW1WU3dZSHZhVDY3R0E4emVHSE9pRFpKRGhndXhETUJzRW5IdC1VSFdsVlBnUzVHY3cydjQtdHNUT2J3Nzh2WjlSNzZTZ0hJNGxOUUptZmZSVDlIM3o4c3AxSFJMZ2FLWU9sbXlyM0FmV1ZLQ3NaV05udE5uTXFIM3lKbWtHdXphOWtNZDJWZ3k?oc=5
2026-01-15 03:00,Bloomberg,bloomberg.com,TSMC’s Strong Outlook Fires Up Hopes of Sustained AI Boom,https://news.google.com/rss/articles/CBMitAFBVV95cUxPcjNGeFdSTHBIMHpkX2Q2WWV6Y05vaEdhYm1wZEhHLXA5RFBRN1hnVlZPUDRGODJMRU51a2UzVXpPZHlydml2QkVkZUNQLTd6RXVZc05RZzBnWW9DUzhIdmJYNVZwT0lwNlltQ1dwUExCWUFYbm1KWUlFV1dHbVpjWl9VZkwyVE5YcmktdURtOTk2Z3hqdUEyU3VoeDk1LWFLTENyWFJaTmFhMHVnZ0I5QWNJaWc?oc=5
2026-01-15 03:00,Bloomberg,bloomberg.com,US Stocks Rally as TSMC Earnings Renew Faith in AI Trade,https://news.google.com/rss/articles/CBMiqwFBVV95cUxQUGJjWlIwNmpmQk5IUElqYVdMdHMtR2dKNVhyckJuLUxqSlJXWlF5VENEcUZhTUNDWEZqSDlQbklpX3Bxa0xwYVFfUHZMN1hIMEJGeUViQ2VEaU4wOGsybUk1NEJJY3p5cHNkTGtIZWdDOVA2YmoxaURpUjd1eGFUakgtSXZJOFNRcGppaFdQVTRKTk9lTExWWTQzOXZEZVc3UXdkREN6MHByS3c?oc=5
2026-01-15 03:00,Business Insider,businessinsider.com,TSMC's record quarterly profit is giving a fresh boost to the whole chip sector,https://news.google.com/rss/articles/CBMingFBVV95cUxPSDZmQ0lBdDQ5djdpcXFjVzFvcE5ITlRjTEhDUDNHQWFzV1NCSExnV0VaZEJnOWxhRVYzb2lMRHNmYXNHYjY4NkZOaTFkQ2V0d3FFdV9lVG9JTGZmNktGTHQ5RDFVaGNUeEdPUEhXeFY2OGFRcUdDcU9iX0dfOVZSZWVMTlluY3lrcFNIYlJoay1iMXBYRllCZzVjU0RGZw?oc=5
2026-01-15 03:00,CNBC,cnbc.com,Chip stocks pop after TSMC's earnings beat boosts confidence in industrywide demand,https://news.google.com/rss/articles/CBMiqgFBVV95cUxNUDc4cFNXbjczTkhZbEVydl9qREdPaC10T1NrTzFVZ3pRZTBiYTFDZk53V0FJb0JQcDdXSjdCWW05Sk5vVUNmWHF1Ri10alN4WlFBVS1sWVhlcnh5QlBuV3dJT3hqVkZERF8xWnFUZFlpVlE4bWRRMEhCWnZEa0l2RV9QdUh3bkUtTlhlNlIxNHVCVHpuR2VqQ2J6cjFzRTdGSWlVQml3N01WQdIBrwFBVV95cUxOWU9YQmRIYVRIdmExaEVsVU1COTBmcDdpR3c0WUVYbGNwVWhhSy1aRXNRdlRiUEpkWndqbi1JdU8tWEdaeVRSb29SX2JpUmZ6bWtQRGF3ZDZzWDRlNEx0TFl4ZlV6amdYYVNodksyb3hwZWFhOUROaXFEb2MtZjZDSXJxanUyUGw5QUlpRm5lQk42dW9xNGVNdEJSeFhvUFc4bWRuQzNMdmE0TEZOdHBn?oc=5
2026-01-15 03:00,CNBC,cnbc.com,European stocks close higher as region's chip stocks surge,https://news.google.com/rss/articles/CBMikwFBVV95cUxPSnhYU1NrSWltaWtjRDFaU0phUFhFNm93WUVCQTdVSkFuNjR2U2xBOTFjc3c3dXpJcHBwTk1weXNNZHV5SkdxMGxhblhlNkJqd1kzY2RTazJOdUNLSEJSbnAwZUNkcDBIeHVaMVUtenVvc0hXS21aRGkyaVVBczFvMndiMWtPckhrajBobF9GUW5EX03SAZgBQVVfeXFMUFZNS1FNdDlRSGd6a04wX2EyeTk2eGRCS194Y0Nza3hVLWd0MUxwNTNrNTV6RDVlTG0zcFFCeXdGM29QektES3NNQjRXSTAxTUZobWpqazB3c3JpU3oySkxDdVVhenY3OWtHR0VvSnM4bm1JaDNQaDFXMkg4aVpPWDRFdk9zTHk0VTA5UWxMM21IRFhPUDVFUUs?oc=5
2026-01-15 03:00,CNBC,cnbc.com,TSMC delivers another record quarter as profit jumps 35% fueled by robust AI chip demand,https://news.google.com/rss/articles/CBMijwFBVV95cUxOZUJBVURjbmxmSlRIWUVKMzU0T0hiS25uMi1Ha2wxaXdSX1RnbWR3S0c4c1RVQmZ3VXBweVY3SGE5cVJ4YlRSalotb3VjcVZaZzJRZU5VWnh3NV9iQjd2LVlRRXpLZXd2a1ZYSTZoQmdsbFR6Z1BfS3lSM1hlR1R4YVYwUU4telc5UHFvQXRjTdIBlAFBVV95cUxQTTRtRHRxVEJiYm1PYXNtSmNrclN5alN4U05LT1dsN0VqM0FwbUx5S1F2NFFZdVN3ZnFiRmZLTW1sYUk5bWQ2aG53UG5BWDBENFNpMFBlV2tVSW1GaTM1Y2pKWmZGS3JYTTU2WVlYcVlqQUlzYlNsU2MyM1hiMkctQWhUdmgyZ2VPS2tDc2ExV08tbFE2?oc=5
2026-01-15 03:00,CNBC,cnbc.com,TSMC is set to expand its $165 billion U.S. investment — here’s what we know,https://news.google.com/rss/articles/CBMioAFBVV95cUxPbE5EenBOeTVJczRrbkR1QmFEODBGWDVUSzhHN203dFUtSXZzU2xKZDU3X3pNcUhYeTkxbjhvWU1JZDhfZThLSkk2ZW5fSDZGczJFVXRSNHFrLVhnWFFTMnhGc2N1b1ZnbERwdHNUc0dzYkd6TVRFaTljYmVtNktacEM4VW1PYnNsWGV3b0pHYjA3RGV4N0dBaXN6ME4tb1lX0gGmAUFVX3lxTE52NUxrbWJaMGZWOTJWMkZHTmJEUW5yMWxRUGNUTmVqM1ltQWhaTVllcUVGYnY2VzQ3bTI1cHNPaTZnanZVeXh6OXhpZVlPejVUeHJXb0pDVkc1RUwtM0V4VGJNT0VKZzZoSXpxNnYzTU1pWGltejR5SnZxNFhGX1BjUjBKZmdfWHVfQkFWY0VUdU54akI5ZHFLcUxtQUlJOWtjcHQ2eEE?oc=5
2026-01-15 03:00,CNBC,cnbc.com,TSMC pops on Q4 earnings beat,https://news.google.com/rss/articles/CBMifEFVX3lxTFBSekV1bzBNRGs4M2pGeFlvXzVudXdCdGZRUS03cDBoaHczRHFPMDRRSi12OFp2aGJFOGFOeHBOanNWU0ZhTEN5ZVlDdlRkZmRhWGljSUxDeWFIZ2RkYWJ3Tk5fb0ZmN2NpWUIzRFJJSWlCUXlUMURLNm5WbWQ?oc=5
2026-01-15 03:00,CNBC,cnbc.com,"Taiwan Semiconductor's record quarter renewed investors' faith in AI stocks, Jim Cramer says",https://news.google.com/rss/articles/CBMihgFBVV95cUxPX1NESXlrN3dWc2FBc0pER2RiajhUVmUyUnNaNnk3dUxySVRMRExDeVJROWxkeW5JUjJScFRfTTdaa1VuTldZeDNTWWFwT3BaMlE1dHRUd09WSWJwZDd5cEJnd3lGamRqZ19WallsM2RucXBBWkdaam9GejZmeXY2MWt6UHR0Z9IBiwFBVV95cUxQWjhzQXpCZ0xZZkJmOERqcS15Zk44emY1N2k2cXd4MHREanBpSnhXYndmMnh6WmxmeU83WFpzMjlrWXB1dzUxOFhTa0drY1hPM2xkQ1BFbjR0UFBuakZNM3hUN2N5UzdnSzQ4NVZsenpiRjNWU0QtNi1YSWNTR09mV0ZaWVFXWWZsRS1j?oc=5
2026-01-15 03:00,Investing.com,investing.com,Earnings call transcript: Taiwan Semiconductor’s Q4 2025 results show strong growth,https://news.google.com/rss/articles/CBMi0wFBVV95cUxPaEF6anBBMUNGSnlLdFhIX2ZIb0t1QVRpTVo5bEExUk9mUW13a0pWY3pEZGNWb3JDcjNER2hJSmdjcTBFbC0zNEZkTlJ4TFFRR0JybnlFd2NObXhxdll3SmhYYVdpLTd4eGRHUWpxaEhNVUphRnZzS1VlczQzeGl2dGNnaUZWcG5RVVoyXzR5MXg3RmpSdksza3IyWnl1N3IxaUZFWURtY25RN3M5LWdlNzBuNFpTRmJzNnV2cDltTTlIZElBODNvd0ZzQThUWjlhSWY4?oc=5
2026-01-15 03:00,Investor's Business Daily,investors.com,"AMD, IBD Stock Of The Day, Jumps Into Buy Area On TSMC Results",https://news.google.com/rss/articles/CBMikgFBVV95cUxOTC1ibjB2TFZ1VVVqb3E0OG9TajItRU8yTlMxcEFPeUY1TFoxdTk5bWFnOVZGRHhaTUJWeEg2b0JsWF9zb0pyaDFvSHJ6NFlLeHlzaGI4ZlJkS1l2NTlXcEFCVFQwdDFMX2pZS2h0RFR1NEVPbXE4cXpsbTBQWXBhbE1YbFBLYWxyNDBSbWVBa3IxZw?oc=5
2026-01-15 03:00,Investor's Business Daily,investors.com,"Semis Lift Futures As AI Giant Jumps On Earnings, Outlook",https://news.google.com/rss/articles/CBMi8wFBVV95cUxOVWJlXzRkZEFueDFqTHdNcjJBUmkwWWJ3VDRLYVAtelNwZi1NVC04RzBQQTdULXZQOHo4amJOZXdGOTdiRS1wRV9RR25kMXUzeVE0Y1VUdmxRbkVTbmlPMDFZMnRKS0wzbHhyOEplOG8ySWlQSFVDZC03VENlT01kelRTZTh5VU1RSk5NX1l3RkV2TkdubkdjTjRNZXAxcGktRVZaTERWVVM4WDZNVG12MVQzcjVsQ01lRmtZS0VpcGlLM2xNY2NzX2lJZVBweXZxaDNsODN3c0RrNU1wTGU2UktjdDAxN1VCZVJGVmtkVjBFZzQ?oc=5
2026-01-15 03:00,MarketWatch,marketwatch.com,These stocks are the biggest winners as TSMC earnings supercharge the AI trade,https://news.google.com/rss/articles/CBMi5wFBVV95cUxPbjBkaklsRUFhRDdJdjlPd2M4OHcyMEZuMHB3VkFwWUxKYkY4Rm5PVldUTkRmUlEwSEl6cFpfZVl4QnBJTHR6SW91RE5ya1k5WU4zQ1JqOGU4X0daTWlBM2JGbGRwaGpqZDVTS0NUT0FxdHg1Y1ZFZkVmeHJaV21wNVFPM0RJeGM0YU9jS2hCS0VLMFEya2JmakhGbU9WR1FxNnJFNGxYbm5nYnRPeXZzX2tCcW1udUxjYUtVTWxHUDl6RWtfbUhscXdlSEdKZ3E1dDBlaFFmcE9wWVl1d2R0MGR4N2hZMEk?oc=5
2026-01-15 03:00,Reuters,reuters.com,ASML tops $500 billion market cap as TSMC plans to spend more,https://news.google.com/rss/articles/CBMirgFBVV95cUxQSGNrckhXUUlsWThRVjJ1M0lQRklla3lrb3RTTm5GdkZodlh1T1lua0RQSlVZd29XN0VxNDJyV2dLek9YallwZlpJeHhCeWZuSExMVkIwdm1Ca0FmS1RVY3VOMEV3ejVhU2FDZFk5S1o5ZHZKQkZCeU1md2ZTLWdMOW5TUFlwaGx1ZzQxU2VYbEVDZEZRa3ZqVnRoVHpyWXdNeDNObEluMzUtNGpIYmc?oc=5
2026-01-15 03:00,Reuters,reuters.com,TSX notches another record high as sector participation broadens,https://news.google.com/rss/articles/CBMirgFBVV95cUxPNVNWTGpYblFwa0dvTDJmN3JUOFdoOTdpNEFUWDNNMmxOdU1xZVh1aFRrVXdabEtDMlhua0ZKVF85TjhONEhBb3N5ZVdfMWJ3aDJMdTNqbmJnWHZFRUZYQXN3bEpfZmlRdHJPT3E0WmJtNzJOV1BhQmVrUUl5eHU5b1B4bTVFcDBHcFVZVTlJekpJNmprWDhJS1VCY1YtS2YzcGlBSFdpSjdLVWo4Z0E?oc=5
2026-01-15 03:00,Reuters,reuters.com,"Wall Street ends higher; banks gain following results, chips rally with TSMC",https://news.google.com/rss/articles/CBMivgFBVV95cUxNakhqVDRBVHdGbS1vQ0NDX1E4TF9pNU1sZk9nUm14YWxOR2dFcHZlUWU2S0pBX1J0cEFaSl9Hd3hVbTNhQl81dEtmamVCT3JLS1phSUNSWTNxU0xtZEM1TzdoSjN4NVJhVnZJV3FBU3BLYjlFUEFqZ0FpS09CMjBRdWdvb1p1azBweUNodFB4a2syZERzY0ZaUE5JdXI3MmJraWNLWUIwb0E3dmdLejd6cVF5LTJHako2Nnc0ckNB?oc=5
2026-01-15 03:00,Seeking Alpha,seekingalpha.com,Taiwan Semiconductor rises after AI boom-led profit surge; plans more US factories (TSM:NYSE),https://news.google.com/rss/articles/CBMiqwFBVV95cUxPSXotT1E0a1JsVjJ6UFFlZnIyVndvZDlqUTVJcmZXdjlPRkRHSHZXRVB3aFlHb3Z2WjZ3WV84YnhIUUdDZ1lMSENVWGtscF9XYmphbFY5NGRiUDZTMFFzWHZfOXdhaWtJVlFxeElVOUlsajhCUWx2ajVvLVVVOXhfU2VjZTEyTXVfM1FRTzVrM1kyckFnVGgwbUI1RmlBb3hpenJBNDJ5T0pUR3M?oc=5
2026-01-15 03:00,The Motley Fool,fool.com,Prediction: TSMC Stock Will Soar After Jan. 15,https://news.google.com/rss/articles/CBMikAFBVV95cUxQaEplOGZQZ0xWN2ZTdmJQWGFYZnY3MWdncjdHTzdOemhuM2lfd0dJS0llZFd6eEF0NlI2eHJtbzNJa1k5MnN6VGxNVzhkSnY5SF81WGFHMXdRVVRSSjlQYk5FTUpESThxS0I3bG03eGlzNUtwZ3l4Qzg5UGhmZm9PNUNCZFFBMENQaG9MMTc3M3A?oc=5
2026-01-15 03:00,The Motley Fool,fool.com,Why Taiwan Semiconductor Stock Surged Today,https://news.google.com/rss/articles/CBMijwFBVV95cUxPOFhjTHhrQXBPb1NnTW1faHdEYXRPT2hjZzRZUWc3UHVETUJfOVluTjFadzZka1JUMWR5YVd6UlBWN2V6YkkzVmlOSHp2bG5UVEMxQ19OeU1xYVVBTUlTTVN1bU9Fbll1NlZuY0VDYlBEZERoM0UwZzFTZEdkM1BOOEx0SmpPM2JkZnJHUEY5Yw?oc=5
2026-01-15 03:00,TheStreet,pro.thestreet.com,TSMC Is the Safest Bet in AI After Record Earnings,https://news.google.com/rss/articles/CBMijwFBVV95cUxPd19kZlh0RTE3WlF6TG51eHN3cHZWYjg5LUJOdUFQcm1tTTV0cVVnY3lzRTAwX2hiRFp0Mi1ja0VrbGJzLUFkLUY4QjZqaGd0YTNhQjhHT19neUlySjBtbXgxRFY5c0ktRjJxVWhja1cybzRyNFFwMlNUdlNzMVc4UmZaSTYwb2VJTFA2N1R0NA?oc=5
2026-01-15 03:00,WSJ,wsj.com,ASML Exceeds $500 Billion in Market Value on TSMC’s Blockbuster Spending Plans,https://news.google.com/rss/articles/CBMirwFBVV95cUxORFhteldjLUhrdnNpamthd21pMzZTUFhzeXV3T09nSFFLWk9JUC1VTllOTGVOVW9mYVdQb0JPLXpxVXpSeElCNS1oZ01yU1VVOEg2Yzl6Q1hIc3dZUElGNWt4bE1nYzFsLTlYa0h0bDFXdDVkSHIyUG1lVTlUTFE1RTFTeEpUclFXZXVGbjJzTXdSTlJuaUFJczhycWdlZWgtUms5ZVU5ZVRvak5Ud3Zz?oc=5
2026-01-15 03:00,WSJ,wsj.com,"TSMC’s Blockbuster Spending Plans, Results Herald Continued AI Boom",https://news.google.com/rss/articles/CBMipAFBVV95cUxNa0piVHJGSjNXT1EwQXI3NFkwZUVHMV9OZWR1bHVuYXN6NTQyRTdZMURUX1U3X1RuelRwU0lDMVQ0VGZObTR0RWlYSHJxdEk4RUFPZ1MyWnkzSVpfSDdYQ1p6dy1EOWVaNEp2ZTZaNlpGYzAwMGltTlFUWlVNckNJdVVCalZ4aVN6eTN3bjZCQUVPdGNUaFJfYy12VEtFNFBoeHBTdw?oc=5
2026-01-15 03:00,Yahoo Finance,finance.yahoo.com,4 semiconductor stocks giving the AI boom 'more legs',https://news.google.com/rss/articles/CBMingFBVV95cUxNYUpqb2tSdDdqUEFSSTQwbmNNNGpfYXJ0cDBoblNGOEZremlYZnBuVUJ4VnpDcHlfWlB5cVNPdE9XbFBpWU9oMUVEcDVzZzRxc244MHNGcFZNNXBqLW5UR2lVdlpEZ1Q5cFlFQzkzNGtGNXNRRkFpdG1GaU0waDNyN1pScVBuUXpuQm1EZWJ4dUdYUkxlM1hWUUlQX3pjZw?oc=5
2026-01-15 03:00,Yahoo Finance,finance.yahoo.com,Chip stocks jump as Nvidia supplier TSMC dismisses bubble fears: 'AI is real',https://news.google.com/rss/articles/CBMivAFBVV95cUxOa19fT2dITHVRS0tWZEZmd19RWmttS3picmJaamFNTktFalBoSWxBSkJqWWtzRS1iSjNXQ2JGaURlZWszeldFWkdCN1ZPaWxUR0ZycEdZVW4xQUprZXE4VGNYWXVwcC1nMjFDNUhlNGRfLVd6WGt3TEhnWFRkVHZLRVJYYzZBRWF4MEUwR3NhQTRaR2t6bEI1ZXJ4MUs4bGFJVm52dGI5X2F6ZTZ3LWV6T09veEtIdGF6alJWaw?oc=5
2026-01-15 03:00,Yahoo Finance,finance.yahoo.com,TSMC Lifts 2026 Capex Outlook as AI Demand Stays Strong,https://news.google.com/rss/articles/CBMigAFBVV95cUxNZkdqeGc1T1hEX1BSd2dtWll0d0lSdkFIdEl1YWs0Nm9nT2UwQWVNd2Q3NlBYdlMyWGJnV256M3BqSGRuS3lubHR6bVhxX3B1RWl2VVdQcFE3ZjZoSTc5MFhZRlNZNGI3NThXRGVQSWstaG1LbldrX2R6UGxiU0RQQw?oc=5
2026-01-15 03:00,Yahoo Finance,uk.finance.yahoo.com,"Trending tickers: TSMC, Google, Airbnb, Schroders, BP",https://news.google.com/rss/articles/CBMingFBVV95cUxPdmxNNHRiZEZUNTdSV19PRHFBUnR3WWZTVHgybDAyTWhqWkJMZ0VGclJfMHF4c01yeXZ6U3VkWlZTT2hzZWlUeW1nWmlMSFpOUFk0Q1hzdFZPQkY1eG54U1QxSmVZd0d3VHlZdm1lUk02ZktydVBvR1oyTXB6dTFoTWJlMzFkdUlDQy1zNG9UazVfbjVUY0xuQjR6ejVSZw?oc=5
2026-01-15 03:00,Zacks,zacks.com,"AI Stocks Gain as TSMC Posts Another Strong Quarter (LRCX, ASML)",https://news.google.com/rss/articles/CBMipAFBVV95cUxPcGc1R1FHZklibTEzQjNLZjBBbEhjejliYnRzTl93QWpDUGNjcU1ieThNMGVEdUNneTk4clhyOEtfNGV2X0ZXTS15WE1CYW92VTNTX0lUYm1QNThSeXVYaGpBYkVpN3JJdy1hSjl3cWYzQW1XTjc3SWU3ZDRSamlNTkduV1BnNlJ0TkVWUlpFc1gtT3hXSVpPckZQU1preUl3M0dyZA?oc=5
2026-01-15 03:00,Zacks,zacks.com,Best AI Stocks to Buy Now Before they Soar like TSMC,https://news.google.com/rss/articles/CBMimAFBVV95cUxQMnA0S0ExOXVIRFY2dlNhRzhMLWZ2bjBnSFRkbjdoZURFd2d5NU16bjF5cno2V1RPUFg5SVR0SVFWZDBUaHY0aGRMNk5ZcGZtMEtyeUtLYzBRa2w0X3ppMEJzMjlaSTh5VVFnT01zZWdTMWZaeGh2TzVMblV4dTljTGxVOGVhNV9rQ2p5WmhyMzR0cUlMYnEyeA?oc=5
2026-01-16 03:00,Barron's,barrons.com,TSMC Stock Rises as It Plans $56 Billion Splurge on AI Chip Making. What Really Matters.,https://news.google.com/rss/articles/CBMihwFBVV95cUxOY24wSVhHNW04NmxqNDl6cjRoUUs4YUtNeks3aFcweUx0Z2hzckg2MzBRQUlNNFJuM3RudTdUek1FdERPQnlkV2JyUmdOeE1lUmVGaFlpeEtfal9qaFVXb2dYQmtOQ2RzTDJCV2FLeWJIUllkYjlmbjN3OTZDbHg1RG1KcmY2ME0?oc=5
2026-01-16 03:00,CNBC,cnbc.com,ASML hits record high on AI boost — and analysts see plenty of room to run,https://news.google.com/rss/articles/CBMifkFVX3lxTE4wSTBjYWItOEZSczhoMWlEQ1FYbVZDanNnbHhkaFRvUV9iRjVoY0M0Sl9pMHM5eUdYX1Q4WHBGR0pBMmVlNGJETWxQWjNzVzZtd0NOamZtU0VrVUtYcVNUV01GN1p0aVRJYVhWekhiZGdvN1BkSGtsV2tqNThhd9IBgwFBVV95cUxNaU9HYmxPVkM0Y3VRWGhMbVUtVHNRQk0zTzh2SkRJajJ6cVhVT1Zzc2tYNHF3UlRrb0dONU83SFp0cEFVNnMxRnpYSDRNQUVjS0N2QWpvdy04d1B2WG9PS21RNS1FdzBWSk5vNWtfVmtoZWZFc05xOVRFRFdWWDlsSzZIVQ?oc=5
2026-01-16 03:00,CNBC,cnbc.com,CNBC Daily Open: AI trade reignited by TSMC earnings blowout,https://news.google.com/rss/articles/CBMinAFBVV95cUxPaFdtdGU0M1BqSy1xVTQ1LTRuWEI3c2JoYUtHc0RQcWk1bV81ZnhxS2lJajg5VlFHY3ZqSW9hb0ZxMTFkdnpxUVFRNHh6d0djWDRnNTZoYWtYOE1DeTQ4Nk82RFlMbDZodzEtUHZ4MXNuU3Zuc2NjLVRXTUhaQlJuU2VoVnpoaXU0c0w4MXdLd3A1NFFiWi01eVJqN0XSAaIBQVVfeXFMUDY2LUQ2ZFk1UXAtR0pfdmJTT2pvb1BJdmJwYnc5TzUxcVVWRDZlZUl2aGxyY19fVFkxMFBHdWl6M1RRT2NaallZb21sM1BkaVlMRkhfV1FaNjBBcm5yX1lEdXBYLWpqZ2xFWnBkTUNfVGNZVmFnSk9WUmplNnpQU191TmljbjFzUnFNcEppcnhKZXJ6eFJfQjBKdTZWN2ExNTVn?oc=5
2026-01-16 03:00,CNBC,cnbc.com,TSMC CFO on staying profitable in a cost-heavy AI-driven market,https://news.google.com/rss/articles/CBMirgFBVV95cUxOWUt2SkNUYi1mR3V1VHVnRHN0RWlZZll4S0ZKQUwxWWcyY3QtV0NsSzFYUVMxRHpWdGhVbERrSzFQSVI3ck1zS0NRMGhuYnFtTE4tYVJqMW1SQjJDU3p5Z3RXRVFMZW5IM1RoZXAwdmJSNURHOFkyNldXSFNrTi1fUnRKbXAyMjBiNUJMU1NkUW0xVU9odzU0RW9XSjlpTmItVzhQbElTVXpSSk1zOHc?oc=5
2026-01-16 03:00,Investor's Business Daily,investors.com,"Small Caps, Chips Lead Stock Market; JPMorgan, Goldman Delta, Taiwan Semiconductor In Focus: Weekly Review",https://news.google.com/rss/articles/CBMioAFBVV95cUxORlJZQ0htdUJhSWN2WExueHFQQzZDWGtvcXUwZkRkOHl0bGY4dGRfSHlCWXhuNWltT3FWRVZVWXBGTjB5Q0ZjU3gzeENVaTNuV3JnTHdra3lvTWkyN3FJMzctRDE5RzBJbE9QYTJtaXg2RkMxdjV6OVAwUzk2WDRvSWdMTlQtRmM1cU1HUTJNcFRUZFhKTkRYMnB3X0ZaNkxU?oc=5
2026-01-16 03:00,Reuters,reuters.com,Breakingviews - COMMENTARY: AI bull case gets its biggest booster,https://news.google.com/rss/articles/CBMinwFBVV95cUxNU3F6T0NjTldpalgzZy1Ua0xhdVVDVWd3aXNJTldBajREZW1fZlhpTnNtMExpRjZKSzdJMXJGR2diclZQSE03YkpxX2owa082R2V2VFhCUVR6VVE0NkVQM184NkIxTEZQWmFyUHpieVBFNmRWLWluX3JheGZTQ2NvVVZQek5WMWxoTzRNbnBockwwYl9hTVozY0JDcnk2dUE?oc=5
2026-01-16 03:00,Seeking Alpha,seekingalpha.com,TSMC: Why I'm Downgrading After The Company's Best Quarter Ever (NYSE:TSM),https://news.google.com/rss/articles/CBMiowFBVV95cUxPZWxyVkllNHNJQURwNmZNVEVCMldSTGRuYkZCX2dVYUNMdE9IOUpCSTNianhzdDVGamFUSkFESWthZzVIak5qR0FxNGs4ajRFQTJ2LVF5c3dWT2pyN1BEZTRvdWdKZnU5el9zTTFOZzE0b1UweWI3alJpVm1mTURGNE1Jc0pMc1RIMWxuTmdkMldzOFl6Wjc1ZGkyQWJnRUQ0ZnU0?oc=5
2026-01-16 03:00,The Motley Fool,fool.com,TSMC Just Gave Investors a Glimpse of What's Ahead for Nvidia in 2026,https://news.google.com/rss/articles/CBMilwFBVV95cUxNc0dCTGlsbGRXV1NNREtGVVBZd3FkVDAtOWlDYVhyaGZ6U3RFWng3UTJHTThoa1M5TDZJUnpta1RJa2lVTTRtakJsS0V3bFdFdWRmMXN0Y0c0M29yeWtRTm9LaTJITkt6aVd6M05wcGtUMHZ4QlR2b3lWaGZJUXdXN1BiV0dyVUloMWJULUZwbUk5R0RtWHdZ?oc=5
2026-01-16 03:00,The Motley Fool,fool.com,Taiwan Semiconductor Manufacturing Just Delivered Fantastic News for Nvidia and Broadcom Stock Investors,https://news.google.com/rss/articles/CBMilwFBVV95cUxPMmFuTkxQMUFUeXQ0TlJyYWVaZEh5MU5idkctV1c5YkszZmVEM2RBVkE4cGJhNmh0NGZpeTZhMGUxTW5vTTRKYk5uckdINjZGUDE0S1lFbUlTSDltOFQ5cWJFcGJrMXY2Uk5Zd3VuZVFmUkVJelNUX0dYU0tKb3BONHVHNHRldWZ0cHFfU0g4c1N1QkdBYTFF?oc=5
2026-01-16 03:00,Yahoo Finance,finance.yahoo.com,TSMC’s $56B AI Bet Just Made These 3 Stocks Millionaire Makers,https://news.google.com/rss/articles/CBMidEFVX3lxTFBaT3dXMkd3Yldsd3M3YnJRdC1PVnlyQ1ZYSlJWSE4xcFhHc0k3aEo0Tm01cGdVYUhvYlNjTDY4RFdPWG52dTZTNmpTWWJURDJ4cVIzMXhqRVVrVEkxUURpbFphUkJpaWFUb1RvQkRrVld2aXNT?oc=5
2026-01-16 03:00,Yahoo Finance,uk.finance.yahoo.com,TSMC stock target raised at Morgan Stanley on margins strength,https://news.google.com/rss/articles/CBMihwFBVV95cUxNWHlObE5menQ1amdtWGZZTmoyc1Q5V0Z5TTlaVHJzWVUxR2s4SURKZDZVa1FLZFNydVNpTWpGLWFNN1QtYUVacjIxYW9EMTZwcHdXbzRjSnhvU3J3cXpaM3FSXy1oMFZaV25yUFRNb3VkWVVDSzlDbEZYOTdaSVlseWNNdDBBZzA?oc=5
2026-01-17 03:00,Yahoo Finance,finance.yahoo.com,TSMC Says 'No More' To Nvidia: Why That Is Intel's Golden Ticket,https://news.google.com/rss/articles/CBMiekFVX3lxTE9GZUViQWFZQnlPcjktbEZOMXlPaUc3VVEwajVjXy1ITTh0YjBKd3YtbnZlRlJxeFNLVXlEUmg3RGNZZkgxQTFJeU9HRnNkYmFtUnliTnMxQ2NseDhYNG9FdnBBNllRZXpYSVl5T0MyWnZTdkZsZ1NCb3d3?oc=5
2026-01-17 03:00,Yahoo Finance,finance.yahoo.com,This Chipmaker Is One of the Largest Companies by Market Cap. But Is Its Stock a Buy?,https://news.google.com/rss/articles/CBMijAFBVV95cUxOV0RhamZJVmxoeUJRVUNkSndmNWo4b3RNQ2dNUXBGT0IyVDRyU2d0RFhURXRkNDVXNnV2UDBnYXNFTWJuUVNDU21TMm5lT1FlZGNVdmVFX3dBWjlTQVRtdExwM2U3RUdCVy1XQk9TeFUzZGhzeHlQNHdSYTVTNWMxMjF4Vm1TV1pVazJfSA?oc=5
2026-01-18 03:00,The Motley Fool,fool.com,1 Dirt Cheap Artificial Intelligence (AI) Semiconductor Stock to Buy Hand Over Fist Before It Joins the $2 Trillion Club in 2026,https://news.google.com/rss/articles/CBMimAFBVV95cUxQVEUyLUFVZGxTQ2RzYnRSa25SLUhtajh1RnlZTlRXZHhZNlpUTWwzTDVJLTNtQ29zN0dLVUM0TlBqTzhfVHBJdS1HX295RFNzVmVsaUtrc3N1MWw0bGdQLUNlT3NwankzZlhyTVRjOUNDTDZpV0FzY3FPNGsyMFRJNjVzckItQUd2LW5hMDczN0ViV1F6ZEtEQg?oc=5
2026-01-19 03:00,The Motley Fool,fool.com,2 Stocks to Buy in 2026 and Hold Forever,https://news.google.com/rss/articles/CBMiiwFBVV95cUxOczFpVUdPRjFfUGpjc0drSFlPY1NPaVFfTnU4Y1A1RFRYRWJlNWViTDFSbUVkY0gyQzRTTF9ldkZhclEtTjJOel9QWU9zdGhKMVNkWEVkZ1dQMkpKaDhCdzk0RkZyZUNIeXBVakpJdG55eHpOcVlrbkkzbGdKVkpTOEdTTmZycVFTUWxV?oc=5
2026-01-19 03:00,The Motley Fool,fool.com,Is Taiwan Semiconductor a Better Buy Than Intel for 2026?,https://news.google.com/rss/articles/CBMimAFBVV95cUxPUWxoRlg5Uk5tQkdtMzZzeE84WlZCQ3N1OU1oN3M2d3Bpbm1HTWtjTEdFeFBLMUxaZDdmak95V29DcnJrN28yalEwd2dvODVHVnFTQXBiVDZ0LUQ1ejE1TmpCa2NXMUt6eWdta0dRNmJNMzJLSzg1RDI4SjRteUR6dDBrQno5NDB5eFNjT3NyYUxUbERjSDd1MQ?oc=5
2026-01-19 03:00,Yahoo Finance,finance.yahoo.com,Cathie Wood Goes Shopping: 3 Stocks She Just Bought,https://news.google.com/rss/articles/CBMifkFVX3lxTE1LTjNWYjc4SlFIRUlSZ2tiR1ExTkRCbWx3N3dYMk9aQTV5Z2xoa205MnQ5VlBDX2VZMk15NGwxanhSeEtrN2x3TEt2UXVmM0FCNmhQejFuSnNxRzBETzZzNG5qQjFCUXh3akJJSmZpa3Y4NHdMWGZGWG52SHhEZw?oc=5
2026-01-19 03:00,Yahoo Finance,finance.yahoo.com,"Zacks Investment Ideas feature highlights: Taiwan Semiconductor, Cameco, Energy Fuels, Centrus Energy, Uranium Energy and GE Vernova",https://news.google.com/rss/articles/CBMikAFBVV95cUxOM19hek1FeUEzaTM4T3FzNDJrWHgwN3p1VzhmWXd6NU1RVWpHUllBbnhkbl9zV1djdUJsVHBBN2xkUEpid1VIQTFTQUNqenBKTTdCVHdiZk9vSm1iSTZwbXkxM1Fqa3pWSGphYUt3aHFibU1PQWZTZ2VLcEZNQ2txMWJvRjNFck1BcGF3V3hQVWg?oc=5
2026-01-20 03:00,Seeking Alpha,seekingalpha.com,Taiwan Semiconductor: AI Value Stock Hiding In Plain Sight (NYSE:TSM),https://news.google.com/rss/articles/CBMinwFBVV95cUxPcTR6bDdDYVo5c3JpNmdhWnNBQ0ZtOVc2M3lEMFBqcDZFVU12Y1o0SUhQeXg0LUtnYjYtQnlJbWxtZ0NnNjZuWGZSajkyV0ZuUnRwMTd0NGh2eVhZWTdJcDJJTEdIaWd4ZHhWUDBteDMtSHZmUzUyMVpUZEVXVWZTeUpsaHNVeWh4aThnNHpkUG43QlZaeDMwUnZmQTFaVlE?oc=5
2026-01-20 03:00,The Motley Fool,fool.com,2 Clear AI Winners Investors Should Buy for 2026,https://news.google.com/rss/articles/CBMilgFBVV95cUxNLUFTdVRLeTd4cGJHNzF1ZWpGUkVMR196cU5iNmlKQTN4djdzVFBQWVg4bFliTmczX2lBT2RnTk9qN3dkZEcwaWFfMWFVWWNIRUZhVW42eXZCeFMxSVpoRGU1YnJnTFNqZzRlX01KMS0taDlXeEZfTW9RcDIwZlAtcmF3LXVrMDUwVktwRnd2VlFPckdBOHc?oc=5
2026-01-20 03:00,The Motley Fool,fool.com,"A Once-in-a-Decade Investment Opportunity: 1 Artificial Intelligence (AI) Semiconductor Stock to Buy Hand Over Fist Before It Soars Up to 32%, According to a Wall Street Analyst",https://news.google.com/rss/articles/CBMimAFBVV95cUxNYk9nZEw3WHFQSXk3akdFYXhwc0JiQ1NYMXdzY01vTHhWZDNKZGdyRk1xM3g3SVB6RDR2eC00bzNTMDlab29nSnBTclhra1ZzMmRqX0dhX3B3SFZNZHRwelpTaUNSS0MtNlh5NE1UTW1CWV9aU3lnQ3VCQmg0WHRwYzc3UlQwTUVaSWsyYmV2WlBJNnZERTR6cA?oc=5
2026-01-20 03:00,The Motley Fool,fool.com,Taiwan Semiconductor Manufacturing Gave Amazing News to Nvidia Stock Investors,https://news.google.com/rss/articles/CBMimAFBVV95cUxNV0wtenZXbGF4ZUJWUjNTb21rbFRNY0F1bE1qQ3NWSmpBN0k3NkdwX1BRRDMwMk04OE96VFlSazVkNkUwTU1BRG1LcGhBeXBRRzIxYXkya2xFbmlNSGdaTHlGYmNHQkhHRnoxYWdNWFBVTFJfUE96bW1CYm9zSUpDcDlxaGU3QmhCRHh2QUxWUEozQ011eW80aA?oc=5
2026-01-20 03:00,The Motley Fool,fool.com,Taiwan Semiconductor Manufacturing Stock Jumps On Robust AI Chip Demand. Is It Time to Sell or Double Up on the Stock?,https://news.google.com/rss/articles/CBMilwFBVV95cUxQMy1KQldzdnQyaUYwM1Y4NVYzOTY2aF81Z0YzNVNsWkIzVDN5QUhTeWpqR2pEdGVEcFVtMlBfZTJVM215UXh5UEdSSXJadHc5UnBLMXFRZVRyV2wxUEEyOWhfVkEycnM0VFB6TURldEVXRGNaTnE4T1Z2XzZvZ0kzSEVLQXBDOGNKTy01VEF6QTlPTVItbjQw?oc=5
2026-01-20 03:00,The Motley Fool,fool.com,This $2 Trillion Opportunity Could Send These Top Stocks Soaring,https://news.google.com/rss/articles/CBMilgFBVV95cUxPeHJ4SmhoTzlOV2loNXd5eFFaTkdSc2l1ZU42ZmpNX3lOeDh4N1JuMHVhaUhEejFVeU5UUlBRM3pULU12ME9ERlF6a0pidHNPLWxhTE92dGJxZFdmdzNGXzN2NWQ4anowSjljakF2MUpwYVpWSGVkb2ZwQlVFZ0dId3hPZnBOWE41UFR1OGt0d3dJWGNLX1E?oc=5
2026-01-20 03:00,Yahoo Finance,finance.yahoo.com,AI-Driven Demand Fuels TSM's Growth: Will It Meet 2026 Revenue Target?,https://news.google.com/rss/articles/CBMifkFVX3lxTE81RThwTDdhY0xKYUhaT0pXcE96MERRd3hXdkxtS0FaVHQ1WU1lTFR3N3VoMmJ0TEM2N0xtNlZERTl6cF9TZ0h6Ukl2Zk05OUtndUpBZzI2Q0dCYzJDUjdCSDdaeHpJSHRPb3BsV1JwWDhaSGxwMGNIZzVaUFllZw?oc=5
2026-01-20 03:00,Yahoo Finance,finance.yahoo.com,"Cathie Wood Sells Tesla, Boosts AMD, Broadcom, and TSMC Bets",https://news.google.com/rss/articles/CBMiggFBVV95cUxOdi15aUI4dFY1LVZzT0tEMWpWYXFkNGF1WkVORXduMkVmaFJIYTgtYXNXcW94NU9acnNpM0padTJLcUtzRWxkc3liQ2dWQTBOS2EwSjFZdldSWTFodzFJNTVNQmNLZHpSM0xTdWE2NHBxQzFhYjhmaUw0UVdoS1NLdTVB?oc=5
2026-01-20 03:00,Yahoo Finance,finance.yahoo.com,‘I’m Also Very Nervous’ TSMC CEO C.C. Wei says on AI Demand. Here’s the $56 Billion ‘Disaster’ Taiwan Semi Wants to Avoid in 2026.,https://news.google.com/rss/articles/CBMieEFVX3lxTE8wbTJiRDdNdjdFcWEzOFJRWGtQX3NIOEI2YmNHS21UTENYSloycGRBS2VDZGdGMVFheURrcXhtMmsyYnNVRzVJMklwRkdCdngxeGRUX0xFUmpKZTQzdjE0MjhYaTZnSzMwSklWcTlobndyWWFfYzBnUA?oc=5
2026-01-21 03:00,The Motley Fool,fool.com,The Chip Technology That Finally Gives Intel an Edge Over TSMC,https://news.google.com/rss/articles/CBMimAFBVV95cUxQUlBRdTBldmF4LXJBVDRXV3FSSGhvVkJMMjRYSzl1LTIyNGRpN1U2TkxKTlMxSnVoNVBndUZvR3lDenJnZnpvZmtIMURIZE5TeHJweXJkLXlmU2x0SVI0c0J3S2dBWThjUDZjUENKUmRpM0hnZ1I4WG9IeG1lRnNySGlTSlY0ekNZaEdhSmlJMDVFMEFpU2JGdw?oc=5
2026-01-21 03:00,The Motley Fool,fool.com,Where Will TSMC Stock Be in 1 Year?,https://news.google.com/rss/articles/CBMigwFBVV95cUxOaHZ3RWxoenR5WGN3UkUtbnVGOERrdXJ4REpyZEk3NUVQN3F4bzc5MXdGMzhqSXJCZC1aY0JHenlaTTRIb2ljSGhqZzhNYmQwOGUycnN1VVR1OHpoNEVfVjhNRTRVaGZUNmVDNm1KbjVBbG1iTTFOVjJvZ19tMXVqVVVaMA?oc=5
2026-01-21 03:00,TheStreet,thestreet.com,Veteran analyst revisits key semiconductor stock amid tech earnings season,https://news.google.com/rss/articles/CBMipgFBVV95cUxOSlYtdlptMW9pb09DWmQxck55WGg3ZHRSXzRZOVZ1TDJ5R3hyTC1XRS1KcEJhT05qZk93Y2piWmgtMENhOER3ZjR6WUNER09JS19ZRDY3ZGlfYnoxTy1Fd204NVJnUDhhZDc5b0RPbV82RzJzeWtDenJMdFZfOVZOWnBseGxtUk1RdmhhT3pGbGl5WWtIOUpZSldLY1Q4V1plX19aR0h3?oc=5
2026-01-21 03:00,Yahoo Finance,finance.yahoo.com,"As Taiwan Semi Hikes Its Dividend 20%, Should You Buy TSM Stock?",https://news.google.com/rss/articles/CBMigAFBVV95cUxOem5ST1A0RzdCS0NoQmdRV3VVVkFsMFhRa2VsSm5LM2d5LTFJQW9PM0RDNWxVNlZUMWV2eFhiSk9Ca1ctd3JMMlU4NnRjWmtWRm9MWWFOZXBZRVpoUzk4bHhTUmg3MUwwNGQxQVJVZmdEbmF6NzFDVmt3T0tjZVhRUA?oc=5
2026-01-22 03:00,Seeking Alpha,seekingalpha.com,Taiwan Semiconductor: Capex Guidance Raise Suggests AI Buildout Cycle Thru 2028 (NYSE:TSM),https://news.google.com/rss/articles/CBMiuwFBVV95cUxQOE5fLWNzazlMSHZGZ2FGelM4VXlhaS1Fb1FIREpuQlFkaTk0V3hnYXVsenVTYXc2S0FQQmJrWkRSS1diQVZMR0FMeGJGRjd5WURlUFEtTGNuOVZFenl2Sm1OOEY4dUIwVjh1Y1hWamNqbjdZeXN5QVZhallQd0VUd2REWi02ZnQ1alhObE9DUGhjbDdnaFZYRGpkMnVKNGxTUWdWT3RlZG5LdHZHM3RqU2Y1dWFzTlhVcXU0?oc=5
2026-01-22 03:00,The Motley Fool,fool.com,"Have $10,000? These 3 Stocks Could Be Bargain Buys for 2026 and Beyond.",https://news.google.com/rss/articles/CBMijAFBVV95cUxQU0lzbGU3bWFTdmVxMU43TWE3cHNkVXhUdXJSdFhJbTJUUU1BaWlVbXVqaWstd1lYcDV2M3BqYXpZU2hGMUJIWnlwcG1lbzNWWkxETHJacWRaWkRncTZ1M1diXzdtd3hSa0tqODJQeXU1bF91NUYzQmpFczFhTkhTNkgyeGhvX0RYUGtnVA?oc=5
2026-01-22 03:00,The Motley Fool,fool.com,TSMC Just Delivered Incredible News for ASML Investors,https://news.google.com/rss/articles/CBMikwFBVV95cUxQenp6RDJtQ3ZyZkJiWVhOaFh6TmgxWGpsay1nT3hJSlB6MmhVYkxEX0dsLWRLQkFSVUxWNWdHY245WWphOXA0aDRLaGVlVVdFMHQ0d3YwbXRUUkxLX0FteW9aTEppMnlKQmlXYjNpTzQwdTF0ZHJ5UEloTDE2THNGLUZiMllGYzUyMWFIZHhxVVFpZjA?oc=5
2026-01-22 03:00,The Motley Fool,fool.com,Taiwan Semiconductor Just Delivered Great News for Nvidia Shareholders,https://news.google.com/rss/articles/CBMimAFBVV95cUxPa1o3U0RqVkswQmFiQ1RfZXhJYS1DX000MzQ5TzB2NDNFel9vRWFpSXFTQlVHTWRoWmdIWExKa3VuMU0yQ1IwaGE2YzF1dWZ2TkdPN3NHMUlsbURnYU1fNHFBMHdWc2JzSGRmR25fWGIyWXNzUExCSTdpU3loNE5ZVF9ISTlPbXRPX2JwVTJHREJqV1dLamtLWg?oc=5
2026-01-22 03:00,The Motley Fool,fool.com,Taiwan Semiconductor Manufacturing Just Delivered Fantastic News to Nvidia and Broadcom Investors,https://news.google.com/rss/articles/CBMilwFBVV95cUxPQ1JOTEFyc3pjbHNNaHVjMVU3VWZpRTdUOHBHR3JTTkhYTDFFc05FMnplRU1IWUlJZm5Mb2pMVTVvcXkySngwLXZoWDBVR0c2TW1QM3doUm9hY1JfaTBJakRUNDBkZ3dHcDNJR1o2dXhDYnQzZDFuYkVjY0hLUk9IUjVwUzc5RVd4MTRUMGRZQkpZcUgxQ09r?oc=5
2026-01-22 03:00,The Motley Fool,fool.com,Taiwan Semiconductor's 2026 Outlook Is a Clear Sign to Buy the Stock Now,https://news.google.com/rss/articles/CBMimAFBVV95cUxOVUFDZ0M2cFI5ZkI5QkVhMlFtTDF3UEpJZXIxa3lzd2YySjJOZVpIeWlWOG1JLVV4X0Q1RkFUR2Z5dHhLTHhIQlVfNFd4a3M5UXFpVE9QRXNtS2NuNXBWN1pUWm5fOFRFNHFTQUJvcl9XWjd0WVNRc2hiSHphQ2hqMkgxNWl0TDNJdENiMXhKQ1Jzek0wM1NQRQ?oc=5
2026-01-22 03:00,Yahoo Finance,finance.yahoo.com,Prediction: 2 Stocks That'll Be Worth More Than Amazon 3 Years From Now,https://news.google.com/rss/articles/CBMihAFBVV95cUxQSGZnNlVIX0lOY0lLOUwyUlFpamROdnRuXzZNa0VxUVVRUjVLSDg1aW9veUJFZHZWVnNJTjFCQ0F4aDJWbTVUNG5sRVdpM3JfVWJycDdTOTd5MkVUeEtLM2JJZjdua0QwYkd2VkNMc0tySW9zY0FhOE1wNFFwZDhWMkNaN2M?oc=5
2026-01-23 03:00,Morningstar,morningstar.com,"Ahead of Earnings, Is ASML Stock a Buy, a Sell, or Fairly Valued?",https://news.google.com/rss/articles/CBMib0FVX3lxTE1sNXdobEtBYVJUdzV1WHhEVUNDSTZiRHJHQ1pEa0lxQmVmYnJHMzg1TGY2OVJZQmc2VFZYNkJ4d0hkTXVaV19XeVh1SjhQSWtxcFN1eFdxdjRUcDdJS0ZVcl9Lb3BieDdVc2tNZUsycw?oc=5
2026-01-23 03:00,The Motley Fool,fool.com,6 of My Top 10 Stocks for 2025 Increased by More Than 25%. Are They Still Buys Now?,https://news.google.com/rss/articles/CBMimAFBVV95cUxQcGdKekdLckR6bXVZeW5lS2J2NlVNMTcyQ0hzdjViSFM3enpXV1Z1dWc4RlVCTm9fYWVSMWFqRklqdzlYaFBZaVBVVV9mV1E1b05iR2xRd2xUOHdtRENZZURnQnRjblpwSkh6Yy1jdlFiUXktWkNuOGVPZkh6UXBPNnVaaUxsalh1V3dIaUljOV90QWxaY3FnSQ?oc=5
2026-01-23 03:00,The Motley Fool,fool.com,Is Artificial Intelligence (AI) Still in a Bubble? This Stock Suggests Otherwise.,https://news.google.com/rss/articles/CBMimAFBVV95cUxPc0xMREZ3ODV3eF9pNnVUX0gteEs5alh4VmdKMEVtUWh0VjVwRFZqdlFWZ0E5bUV2aTlJSXBqVnBWMUVwR3ZyNmRQVlZhLXVhc1R4ckdReThnQ3J1WWFRWUtlVFl4VnFVSkM0akpsUDFXTGtFeHpNVDhhSlgyX3RZNDJmQmJVNnZrTE1vU0FJYmVrTzdQZEMwYg?oc=5
2026-01-23 03:00,The Motley Fool,fool.com,Prediction: 4 Stocks That'll Be Worth More Than Apple 5 Years From Now,https://news.google.com/rss/articles/CBMimAFBVV95cUxQb3EteDdRVnVNZ09rUXNqczEyQjNWUEFXaGpDV2JWTGxJZjVrTGYxekJ2MFg0QllWSUtuWEJCRHI1UGxxYi0xTGpUTlFMSkdPaEhCZk43MTRGcnl0MVVTWVlxMFBxNjJYQTU2U1Rsdm1KQkxUUjROM1lobHNUU3JjVW9ya2RCTllwd0tnSHhNbG5DekRUQjVnMQ?oc=5
2026-01-23 03:00,Yahoo Finance,finance.yahoo.com,Intel vs. TSMC: Can Intel Close the Gap?,https://news.google.com/rss/articles/CBMie0FVX3lxTE42cWRCN015MHhHalM5aXBSRGZyT2tUUWxHS2wzakl4bmtIZ3ROYXZndmltSEgtSXNwMGoxampRaDFnN0pYVUgyNlpxdkl1QnA4aWYyMTFJY1JUOGxyTmwwUEh4dVpNbC1LNUpSOVdpb3NXREx4SVZral9zYw?oc=5
2026-01-23 03:00,Yahoo Finance,finance.yahoo.com,Nvidia Dethrones Apple As Taiwan Semiconductor's Largest Customer,https://news.google.com/rss/articles/CBMilAFBVV95cUxPT0xMU0s1LTNXX3JCYkZoZkxsOVRhMTBsbjFvVklVODJKd1hRenFSdy10TE1CSkgzZG5YeFk1ZzRnd2d5MUlKZGJ3ZGl2VW4yYmNWY3pMcVdVRzJrcTBxQmEzNlFXN2JFX1hUN2Y4a2NWQ0NnaV9SSXptVWxJOFRFNUNZaVgwcWpueGlxaHlrWkR6b1I3?oc=5
2026-01-24 03:00,The Motley Fool,fool.com,3 Reasons to Buy TSMC Stock Like There's No Tomorrow,https://news.google.com/rss/articles/CBMijgFBVV95cUxObEc0RzF3a0JhRWo2S21xSUl5dklVczJSZW5xZUxLUThqc2R3LXI1dURycko3dmd1cWRuY0tCNFMtSnpCVFFVM3gwbTlsRXV3SnkteVlIQlBjR1RWRW5rZGlYR0w0UEJNUnFHOWs5NzB6bEZlVXBiLXk0eERpSVU5SmRuUElYVV9Vd2N0MjZB?oc=5
2026-01-24 03:00,The Motley Fool,fool.com,I Predicted TSMC Would Be a Must-Own Stock in 2025. I Still Think It's a Fantastic Buy in 2026,https://news.google.com/rss/articles/CBMikgFBVV95cUxOQm5ySEhCeVJYUHZDMjlDYXZCamgtQk9VcXVLME5paS1Hc3l1cmJiNUREVXhaX1NXY0FiMHNXX19ZdjN6ZHpIRUQ5eW4zZ1pEZHYtQ2s0NV9kNEl3ejM3SkJKOUlSbjkzdDhkTnRTRk0tM0pFNVkyUVlMekZ0Zks0TmNxWUdZbE4wSzhPclgwNWpGZw?oc=5
2026-01-24 03:00,The Motley Fool,fool.com,"This Tech Stock Could Turn $1,000 Into $16,000",https://news.google.com/rss/articles/CBMijgFBVV95cUxOYkZiSXVXbkJQLU5SSXh2Z0R6bVk0NlJKNWdDTmZ5NDBFQ2ljWlQyQVRWa01PR1BjUVoyTFlsSHJ4LVBISE9PdWR0TFVUMVBDS0NLNl9RQlBocnhRY3d0ZURBcnBIV3JUSFRhcmRTbXpOLUtKQU94MHltbG12MzNPcmNOc2FEQjRaLXlGS05B?oc=5
2026-01-25 03:00,The Motley Fool,fool.com,Every Stock in This Index Group Is Up Double-Digits in 2026,https://news.google.com/rss/articles/CBMimAFBVV95cUxOLXlUWEJ5blR0dWFVclJ3cDR1NzBid3hxbGFXWEdyNGphdklPTWZUOTQzNE9oTTl4ODNBRUpvcUUyT3JIMXdOak15cnZyNVVpZFNrLUE0REhGNzVFY1FqM3F1akRVWVBkNy13LU0zZ0x4NHBqRGs1NXhuc1E1V3l2N0kySF8tZWpjMWtUREhwdURaam5tcFFMUQ?oc=5
2026-01-25 03:00,The Motley Fool,fool.com,"Prediction: This Will Be the Next Artificial Intelligence (AI) Chip Stock to Join Nvidia, Taiwan Semiconductor, and Broadcom in the Trillion-Dollar Club (Hint: It's Not AMD)",https://news.google.com/rss/articles/CBMimAFBVV95cUxNcHp0MUlWa3FYdHRUbkJjRFhVYk5sYWpxTGdFSTNiempNSWQyRXZEWDB0NjdLbTA4REt6SENoNUM0cGNFT040SGt1VWZ6VERWYnFQaGozOXJVWGFTQVp3bTBaU0dkQ2RPaWpsa1VaM19wUFBfZ1BnYmV2LVdiQW80djdjNDliSndpNktXZVhJMmNrcTcwTVptSg?oc=5
2026-01-25 03:00,The Motley Fool,fool.com,Taiwan Semiconductor Just Gave Investors 56 Billion Reasons Why AI Demand Is Real,https://news.google.com/rss/articles/CBMilwFBVV95cUxOLU02MEthcHpxMF9Lb3NlY2wwZlI5dFZVZXNHVWkwLUVmZnV6TGt1U19TSTBoYy00YlFsSWdQTmVPeThmSEVTSjRVMmlLZXB6Uzh1QzVWV2owTFVoWi1pWDdJWFViRDRiOVBFMDlNMUlCQWEySElsU253UXUzQ1AyQlZRM3JnQjVKd0ViTU1ET0xWeFF4TEJ3?oc=5
2026-01-25 03:00,The Motley Fool,fool.com,Why Wall Street Is Wrong About Taiwan Semiconductor Manufacturing Stock,https://news.google.com/rss/articles/CBMimAFBVV95cUxQRGg1M1VkWlJVRHZkdWI3cjdPS0FJSklEcTUxN3g3Qjh0SUZ2cy1hOGR6ak9YLXpCRzRKZTF5VGxMUWZxS1BvXzVITXlfUDlvUXl6UlczS3FkaUpla2Z5eUoycHk0X2U4ZzNBUVk5b0Q0eTVYZGIyWWJLb2ZxV1lDV3QxZHNNTi1QSjNmaDNuTG5zWXN3bTktWA?oc=5
2026-01-25 03:00,Yahoo Finance,sg.finance.yahoo.com,MediaTek shares surge 19% in two days on Google AI chip tie-up,https://news.google.com/rss/articles/CBMigwFBVV95cUxNZUgyYUgzRHFQeFhmbGRieGVEandoMjFVbjNfbXY2LUZmNGpQOV9PNE5oOWNOWFU5ek1kbjZGY1BqeldONVNPT2lwQU5KRXZyclJ6RHM1alpjX0Z5WEdGWThrZjFwWHV4aGRxMUNkdmdYZF80TXREeUpEaW8tREdHd1cxTQ?oc=5
2026-01-26 03:00,CNBC,cnbc.com,"Nvidia set to supplant Apple as TSMC's top customer, signaling chip industry's 'changing dynamic'",https://news.google.com/rss/articles/CBMilgFBVV95cUxPREZPaXJnWl80dC0xb21CbGNmdWpmOWhnSFpReTh0LXR3VU1lczBZVk9DTThQMTJURTR2Y2RjcmNuOG54LUtKTTlDVkdST3gwZTFybno5TnUzRWpqb2c3UXpIaU5NTlRLZVJrR3NhSGNtZi1MekJHM0pnSHdERGpYRVdRekx0MmdnT2dwS0NCRHBDV3BESHfSAZsBQVVfeXFMUGxOajdtVEdxN0pObFZnWkFvczFxUjBKZ1QyeGpuMGoyLTN2dTFGdmc2UUhhY2ZGbERtcEcxYWdRRVNudDZwOHBIZ1hMdzR1cG9VSlVCTl9Pd1Z1bTNlVjAtaXRxczNCYXZNdlh1VzdzNjZvbndJa2FhUUpwdGpVT19fbllxemRKVzM3anRxWTdlVXNlT0E3SzFEZFU?oc=5
2026-01-26 03:00,Morningstar,global.morningstar.com,10 Best Blue-Chip Stocks to Buy for the Long Term,https://news.google.com/rss/articles/CBMiigFBVV95cUxPZ1hmT2ZxTlpydGNLdHVuQ1g1Rk1wajBBUGdjcGtyN2R4dW9ZZDhCVjI2RXNvTEtCNXpGWTZzc0pyMkdvYmo0NENydE0xMFZuMm1EMjd1VFY0bDljNVo5SEdFSmt3anc5MmxqbGMtcUtyb1BvR0JycjQ1VmQ1aUFRT1NHWFpZN1k5VUE?oc=5
2026-01-26 03:00,Morningstar,global.morningstar.com,TSMC: A Top Stock to Buy After a Big Change in Its Forecast,https://news.google.com/rss/articles/CBMilwFBVV95cUxPb1lfM05DOWVkeEM3d0Y3Z1dRV1AzWWJpa1RBYW10cHhwZVpYOWZKem1xbF9PYmFjZmg1OXFReGhBWWl6d3pTSVZvSzNrUjJXdWdqMDhyXzFKQWRjeVZTQ1NQQTFQcGZMaGlzbTFyTTZJS1JTZndFZ2lFVGltQnpIZGdrNlp0M2xwajZ1VjIyME1KMTUya0lz?oc=5
2026-01-26 03:00,The Motley Fool,fool.com,"If You'd Invested $10,000 in Taiwan Semiconductor Stock a Year Ago, This Is How Much You'd Have Today",https://news.google.com/rss/articles/CBMimAFBVV95cUxNNWdPYkg3ZEV4bVhlQWlDYUthQXFDQktMNWRCVXFwXy1kUEljNGdtYnA0NmtTaDBYNTBTRUFBNVFEU3dueE5rb2I5dVZvbWYxNVVtMUkzczE3LTBRQVFlQ3VtTE5QXy1lbTNDcXFhV0NMb0s2SElEdDVLamxoSndqRERoMkQwb1lYNlFDd1llWktKc2RWbUVyYw?oc=5
2026-01-26 03:00,The Motley Fool,fool.com,This Artificial Intelligence (AI) Stock Is Trading at a Massive Discount Despite Red-Hot Growth,https://news.google.com/rss/articles/CBMimAFBVV95cUxQSWJ3V1VmMFdvQm9NUXFvTENGUEFJcTE2SU9na3Roc3FlbFljTHdDNUdORHZBTVEtQUZmaWt6R3FneTljNmxJckYyUi1yR1hKZWFraEpyeGh0Mkk0NEdyYzg5NnZQdkY5RXp5ODY2bkxyUHBqeWdfWGFTakdwUUNielNmRFQtbXQtdzFhZDR2SmI1bUZPQy1weg?oc=5
2026-01-26 03:00,Yahoo Finance,ca.finance.yahoo.com,Missed Out on NVIDIA? My Best AI Stocks to Buy and Hold,https://news.google.com/rss/articles/CBMigwFBVV95cUxOaG9jUFdvdmw5NTVlUTJaSTE0eXZDdG1hQ24wakxtYzlaRXE3UkxEQ0RXQTY2QVNuVjk3M3k1S1VxT0EyQW5yOVNPRW9NNnhVTFhBUFNFcjBrSm5YRVJpRUY1X2luaDFfZVpsS0dFOEF0UmowQjJVZ2VzVVFUcFNrR29OSQ?oc=5
2026-01-27 03:00,Yahoo Finance,finance.yahoo.com,Chip sector shifts: Nvidia to beat Apple as TSMC's top customer,https://news.google.com/rss/articles/CBMirAFBVV95cUxOTDFvVVVCMElCakh6anVkdmJNSHVuaEdVdF8tMENzX3BORmM5TV9tLVBMLVdzckZBZlFBQllzNUZZQXdXYVY1TG1zbnRZMzlWTDhsYjdFZ0hSQU41YUVmSm5JUWRiZE5yUWF3bG1lZ0p2enlLMU80ZjlXcFhQN2hySGxRZ1J4WTBreFZoNUhMcHFDby1PWGhfQ0M2UlpjMVJyV2JtV2VWdGRuX1Fn?oc=5
2026-01-27 03:00,Yahoo Finance,sg.finance.yahoo.com,"Follow the AI Money: ASML, Microsoft and Meta Report Tonight",https://news.google.com/rss/articles/CBMigwFBVV95cUxNeUc4QXRPM1k0bEk4eGVPYTc1UW0yZHoxVzRpZXdCb2ZDV0xxbTg3a1JjVE03UFFxaGp6NkxkTWh4eURNeGdGRHhwYTRhbVFPb1EzVm42V1g2OW8xNTNBTkJ4Xzlmd2pieThfOENybndrN0VReXYwM28wendWeFdnWUxtRQ?oc=5
2026-01-28 03:00,Seeking Alpha,seekingalpha.com,Taiwan Semiconductor: The AI Boom Is Coming To An End (TSM),https://news.google.com/rss/articles/CBMigwFBVV95cUxNUEpoblc0X0JhekFyci1PeE1XRzhGUHM2ZnctMC1NWEw1dk04NDBwS0tDa3N5cGNWQmZQQjlQdWk2Q0FxOGNQeG1MbEZZSXRMMjhrZUdSdDVJdWFCeV9Xd05ETDRPLTZTSHozdWNXSjR5N2lYbzJWLVVzMElhX2UtRnJNSQ?oc=5
2026-01-28 03:00,The Motley Fool,fool.com,Forget Intel: This AI Infrastructure Stock is a Better Bet for 2026,https://news.google.com/rss/articles/CBMimAFBVV95cUxOWHJEeDNCYUhtSllLQy14ZzZjemIwUVRXR25Lb1RPcVFyM0x1UmlDN3dhUmtDc3QxeWk4RllUQWo3V0tvMVBybmJ4TEV5d0haY2EyNXpnc0Fvc1FlNDBhZkYxUkhXRzdaVWlmdkRLM2drOEZ0M3FzQTNkelJpSlM3c1JfVlJlNEsxazdwbWUtYldCcnoycDI5aQ?oc=5
2026-01-28 03:00,The Motley Fool,fool.com,"The Top 3 Artificial Intelligence (AI) Chip Stocks to Buy With $50,000 in 2026",https://news.google.com/rss/articles/CBMimAFBVV95cUxQMHh0VFZzX0JNN0dRNXVkQWJXTXJQTUpnOEwzeVpzeUR6RjFRNEZScGlMd2p3VjdhQjhNWkdhNENaUXJZejhZZ1NNRk5vWE43SWs3SzhseWtQNUxRbE9vbWJrak9GZ0lMektkSDBtMTlTTnVOWDdYemtMNDZJLXEwbHpXUmZaaU9OLTFGRmpJMi0wRTRCWHI0QQ?oc=5
2026-01-29 03:00,The Motley Fool,fool.com,2 Brilliant Growth Stocks to Buy Now and Hold for the Long Term,https://news.google.com/rss/articles/CBMilwFBVV95cUxPeFFEZTlEMUZ2b3hhSW42Z2gyTUdtaF9fYVhsMlFNOUZ3Nzd3LS1iWHZ5U1JiOFNVMXFIS1M3LWt2YzhHUkIzM0NqSWF2T2F3cktqd3M1RDE1dFY0WnFVUE13Z1BobDNRaER1VVo3NjlyemVEYTZvM1J3OFh0dWMwT0NIUlZCOVZlOS04X19PXzJXOGNJUUtr?oc=5
2026-01-29 03:00,The Motley Fool,fool.com,3 Reasons ASML Stock Could Soar in 2026,https://news.google.com/rss/articles/CBMiigFBVV95cUxOVEJXUGgxMEVUWlV2emRpaUdaZngxblFBYlhZeEZPaTVGR3QtZGpIclVJa3NCYnVvV0VHYTdNbEQ3dGo1blZiMFZFZnBhOUpCSEdGX1lTQktaTzZHeXFmRWx6QThfY2cwcW5HQjd6NldqY0dPZDE3S3RXMUxETjlIR01CNmEzZXNuY0E?oc=5
2026-01-29 03:00,The Motley Fool,fool.com,3 Top AI Stocks for Gen Z Investors to Consider Buying Now,https://news.google.com/rss/articles/CBMimAFBVV95cUxPTTNxbUhhU3k1dm1WUGF0ei1hMHlvTG5RMm5RR19rVTR5VzA4YnVWWTh2QkZwZjJpbFRjdWxMOUNscXYtRldWVVB3VFAyT1haWVpRM284U2daVjd0bTN2M3dGc0JqM0t3T2UtdzJvdW9aMkF1aFlRVkNSNldmczRGSXBXZkE4eWpSVFE4eHh3SWJsTFhMNlRBag?oc=5
2026-01-29 03:00,The Motley Fool,fool.com,Prediction: These 2 AI Stocks Will Be the Biggest Winners From $1.4 Trillion Infrastructure Spending,https://news.google.com/rss/articles/CBMijwFBVV95cUxPckpiNFBqeldWN19vckxIRzNUbXlvaTVBckpXNDBYX3FZSzVDaThrTWRLaFJQWEJ6ckNIN0VpNWFrTnZ6WS1adDhjeDY2dDNqdGgwTmFGeXBxZlBka1N4R051R3p6TlBiR255MjlEMVJuY2w4cFZnOS1WeWF6TEhLdnpFdExhWGpTMUI5LUVMSQ?oc=5
2026-01-29 03:00,The Motley Fool,fool.com,Taiwan Semiconductor's Stock Hits an All-Time High: Is It Too Late to Invest?,https://news.google.com/rss/articles/CBMilwFBVV95cUxNQXVMWFVVOGViaFBEbUxVVDVuY3ExVi1KLWw5U1RBYlVyMTFXRlNxdjQweFVBSFJIME1lZWdiZDE3S0VZRURKZGkxbjYtODhsV2pIVlhVX1oxcDNxYnkzWU5LdG9tM18wRllya0Nlb2FHbUFqcGFMZHVtTGd1R25CcUI4WmQ5NlcxSmpHZlVTQVZHeHlXRlRR?oc=5
2026-01-29 03:00,The Motley Fool,fool.com,This Major Chipmaker Is the Hidden Winner for 2026,https://news.google.com/rss/articles/CBMimAFBVV95cUxPdjlMY3pQR0c0YXNiZUNTdXVpeFJHWXl4YUpPSE80elFQYmljMHZ6VjEzQkZnRzRTdlU2bVJUcDJnel9sLW85dEdhRzJPei1yQUZySWlkVDBMMlpaSWY2V09EdHRpbXktQnF3a3JYbF9PWWtPcWR2SEU3T2ZmNnlNSnItZDU4b1Z5bm91MmV4bXdCZU1tdE5VYg?oc=5
2026-01-29 03:00,The Motley Fool,fool.com,Why Taiwan Semiconductor Manufacturing Stock Could Be the Best AI Value on the Market,https://news.google.com/rss/articles/CBMimAFBVV95cUxPREx1NEZGdkRUd011eE5HRGEtclJCRzBCTmktLVhGWXc3WFZYSGFCUnRlTlBRbEJoblQxWjhFRkxIa0RRQTdDT3pMWllYQnY4d0VmU2JuQlVVbHowRjRqZzdHSnpnWkJjOTFVRlBlVnhIcE91TVRCb3l5VHMzSlJyUHhxVTRDcWFvN0xiUEVpZzlWYmZNVWNLVA?oc=5
2026-01-30 03:00,The Motley Fool,fool.com,2 Trillion-Dollar Artificial Intelligence (AI) Stocks To Double Up on Right Now,https://news.google.com/rss/articles/CBMimAFBVV95cUxQSld0OE9rbEZTLU5FMTNuTkt4UGN0U05MakloazY5d1dtV1BReEhTaHB2b0hMWV91YlNtVk5nb1V2TFZSYWp5ZGJBbXJPS0Z3UUN3QWY3ZVlIZmhiU2pzeXNEYnJmNnJwY3ZjaVUxYXVTOHNSbHRLZzlwQzBxUEdMX3plUDdkaWtVQ21fQXRTTzVfdU1JdmR5LQ?oc=5
2026-01-30 03:00,The Motley Fool,fool.com,Intel Just Made a Big Bet on ASML's Next-Gen Technology. Here's Why It Matters in 2026.,https://news.google.com/rss/articles/CBMimAFBVV95cUxNWHdJMEdjWWhSNmZxZmNoeHNFcVVQZnltNmxRR3RObUZjckFUazA1RlNWS2dsekM0M0YzQ3RWdzMybWFsc0pPNUNpNnphUmpSZTN6OGJjNVhneUNjS18xYVc2MGhrQ3ZNYVFGM0NvanFOOHJKUUZkTnFiczBYNHpHNU1yeWlsVXV6anlfcjZBTmhnclpzLXg1Uw?oc=5
2026-01-30 03:00,The Motley Fool,fool.com,The 5 Best Stocks to Buy for 2026,https://news.google.com/rss/articles/CBMiggFBVV95cUxOTU1xaHlZeTJseEhOLWNIXzVUNnZDUFo3SVpqbXhwMFlYNmcycGY0Ql9IYU51a2R6SHRZVFNBVF9nM3J6dTZ0T1B6VzRER05kamJ2ck9sTjg4N3RUazFNT3RVWlFuaXd0SllxbmhReFRRM2R4THBZWnJ6Yy1iSWQ0c1ln?oc=5
2026-01-30 03:00,The Motley Fool,fool.com,"Warren Buffett Broke One of His Most Important Investing Rules, and It's Cost Berkshire Hathaway $16 Billion (and Counting)",https://news.google.com/rss/articles/CBMimAFBVV95cUxNbERNVV80ekVFZkZWMDNvM0pOVUR5Qk1yRHg1c0NsRGtuZkZtMUxHVGlfNk0wWXlWUVVwb0c4TFFaZFFBbTFnV0VXTW5wcS14aDI3R3l2RnQ4SDZWVkM5UExqbnVmWkVBcnBsTHJwU3pkRDdxQ2xkTnU5aUJETHphbVFiRWFwa1dXWXBBbTBCekNxWkQzZ3FaUg?oc=5
2026-01-30 03:00,Yahoo Finance,finance.yahoo.com,Already Up Over 50% - These 2 AI Chip Stocks Are Just Getting Started,https://news.google.com/rss/articles/CBMidEFVX3lxTE9HbXIzWmEtVm5rRF82VmJmbTgwUnhOei1UVzFyMUp6bTJIQlFhNnZNOHV0WjJETUZsYlBjNzRUdHFFLTFuLTAxYkZUYldkQW5TSjZqTWFqcTJ3N2hrQUpTbndTUGJkOHJoZTZDVVVHeTNVd3hP?oc=5
2026-01-31 03:00,The Motley Fool,fool.com,"Got $5,000? 3 Stocks That Are No-Brainer Buys Now.",https://news.google.com/rss/articles/CBMikwFBVV95cUxPcG5lb3JmRmxyQm9ab0ZKdlY3YjlHMTRUWHNuWVEtWUY2WnBmLTBfRVdyWkVEQnQzX0czR0x1SVRqSmtVYXdYM29hdlVpWFF1VWxPVW83WG9TNGlKT3pXVkV3OWl0RHBzUVkwU3Z1N2hEOTM5cm15cG1fMUxpMGlEb0ZIOURaRzJ5VFJIeHZSOTRJNm8?oc=5
2026-01-31 03:00,The Motley Fool,fool.com,Is It Too Late to Buy TSMC Stock After Its Run?,https://news.google.com/rss/articles/CBMikwFBVV95cUxNeFNMTDB4b3d5bWp6eEx6SjhoSWNfZTkxLTlzR0dBZU8taDR4UnFlMURMelhKTTYxcWJMYlVVN3J5dmJYWmNrWGlPaDBwRk1oa2VINDN5M2Fud1g2X1pJcmhNeWZFclB1TGJ0N0hmOERYYTA4R3hQME8xU2ZSRXdUUktXaEFZaS05VldXY2l0MVJRNG8?oc=5
2026-01-31 03:00,The Motley Fool,fool.com,"This Artificial Intelligence (AI) Giant Is Up 72% Since the Start of 2025, and It Looks Even More Attractive in 2026 (Hint: Not Nvidia)",https://news.google.com/rss/articles/CBMimAFBVV95cUxPN29mU0ZoMGhIaEx0dzdvNTZQTWZMR0QxZDRCcWg3S3pmUnBucDNic2NOUXpmTTBfQk84T2hCSTMza29yLVlKc1B5YzluSkxJNlE5aEdvRGtWbXp4ek1YQ19lblZXMW14SWhxbjd2TkpMS0tzeUNOc25rTFA4VFZxWlVzYnYxWDktVHRNY0pSNllyaFVSMVhSWA?oc=5
2026-01-31 03:00,Yahoo Finance,finance.yahoo.com,"Nvidia CEO Jensen Huang Says AI Memory Needs Are Rising During Taiwan Trip, Backs TSMC's Global Expansion, Dismisses China H200 Rumors",https://news.google.com/rss/articles/CBMif0FVX3lxTE5xaUpvMVhWcUYyb09VS2RjRm1BYU1sVk1HQ1ZFTV9tZ1c5aE1Rb1o1Y0pGMFdROGd0V05CS0lNZlppTk1TdXgydlRyVGhfTlFQRXBBVTEzNnRmNklmN2t2VHVTUGl5X2xKUXFrNWhlSlhyRXhRcUZ0Um9wMzM3ZVE?oc=5
2026-02-01 03:00,The Motley Fool,fool.com,Apple Admitted Something on Its Earnings Call That Intel Investors Need to Hear,https://news.google.com/rss/articles/CBMiggFBVV95cUxORElLN2IwMk5uaFp4TUIwc3VGZVl2cms5UTFEaDRRNTBINGxUTGFHMklpZG1iRERuZk1rNHNGZ09ab2ZKVkpHNzdnTWsxUkp1NXloVnRZSmlBazhvUkdzUlM1d3ZDNlJTdlZWTUJua01jSXYzUkJIRjA0RjhpMFByTEZn?oc=5
2026-02-02 03:00,The Motley Fool,fool.com,Better AI Stock: Taiwan Semiconductor Manufacturing or AMD,https://news.google.com/rss/articles/CBMimAFBVV95cUxPVk5JNWlXWFhzeGY4TXFUcUptR25jUHZtck5fTkUtNHAzTlZTcFdlelQ1dDUzYkdrRlRERGs2OU0yQTZva0dNWHEwQkRLbGNsLUlhb2FLX2VobTg5MTdjR2ZZSm5pclFSRmNnNXNFZDA2aVNic1B1N2VTVkRySXl6NC1zQkNYcTZwOF9EcU53cGRQT09QUHlUdw?oc=5
2026-02-02 03:00,The Motley Fool,fool.com,This Stock Is Vital to the Tech Industry and Could Be a Huge Winner This Year,https://news.google.com/rss/articles/CBMimAFBVV95cUxPNG1kemFjSVZTZjVSUWZhM1BXNVRlcEFidHlXc05xeFJNeFBzX3IxMTZzTmNDZUJMUmtrSjhRV3NmdVRRZnRtYWJ6bU5TOFpmM3FldlJRTHluZllCUGI2SGZQa1pMV3NjUHRBUEZ3REFuWFdhY3dnYklGV3ZaWjRoZDcza3lVbHFNRXZsaEVKeHJWXzBLT3hVWQ?oc=5
2026-02-02 03:00,Yahoo Finance,finance.yahoo.com,Broadcom and TSMC to emerge as big winners in the custom AI chip boom,https://news.google.com/rss/articles/CBMitgFBVV95cUxQYW0tUGYzX24wc2g4MEJSSVBOTWxCRG9JdTU0TVpCeTRmbXdIQkJYdlN3UHNPalRSdGdwS0hiNmFpOVRUd0gyWVc5VFlnWDRWcHBjdHU3djNsT1RIMFNmSlhlY1JDY0t4M0thcFZrcmtNdzJPOHdTUWJqWFptUDlWUi1iclV4WmxBZVgzZnp1ZHlrLWpHZV9CQlJ0OUdZOUdKT3hNVHYyNUpNSHM5NnpCQ2FRb2JtUQ?oc=5
2026-02-02 03:00,Yahoo Finance,finance.yahoo.com,"TSMC Founder Morris Chang Makes First Public Appearance In A Year, Meets Nvidia CEO Jensen Huang For Dinner In Taipei",https://news.google.com/rss/articles/CBMigwFBVV95cUxNN1BQUFA5VTRJUVVMREQxdFNob3FkZ01qbUxqUWc1ZXdDekNaTUpVZEJBelRmZ0otVGh0OTRlTVVpd3NoUk1RY1hqcnp5TjZJeTdmenFlZV9GWW9nRTZueXdBNUUtdC1KRnBOTEg2Q1RsczJ0OFBabUFNZkdVbndFdGYwbw?oc=5
2026-02-02 03:00,Yahoo Finance,finance.yahoo.com,Taiwan Semiconductor Manufacturing Company Limited (TSM)’s Positive Outlook Sparks Expectations of a Long-Term AI Boom,https://news.google.com/rss/articles/CBMinAFBVV95cUxQOVdBcENCV3BOTUh5dmEzWHp5bVY3dUwwZ2Q3RDA3cTdhUkkwZGhOQnVmeFFGWjZsU0xTZWtWNjE3d1JwYjFDRkF1aUV2RmdqYkxyWW5XWjFpRDRzc3ZsRkk2T3RaVEZZMFphMnRlQUVsLS02NWpvaVNDOUliSGVfZEJhZzVreF9sODVxb3RGZTJ0N195aG9ySkFjUjA?oc=5
2026-02-03 03:00,Benzinga,benzinga.com,TSM Stock Closes Higher After Key Trading Signal,https://news.google.com/rss/articles/CBMinAFBVV95cUxNbU5raU9fUWlva0EwZ0VSVC0wZmJZNjhFU1BHRTBKQXZiOWp3ZUc5cmVVZVVYUWxEMDRMSFNRY2hoUHdkRDVPelhXd2ltWkt0OXFabzExa2ZJR192ZEZxMDVpbzhnVnk2ZGxnWTBxR3Rsd3Nya0hqY1R5dkVUUHdXQnBub1lZX1hhTDJfd1FzMXlSN0Uwb3hrZWN5cFM?oc=5
2026-02-03 03:00,Seeking Alpha,seekingalpha.com,Taiwan Semiconductor: Winner Of AI Boom As The Critical Foundry Supplier (NYSE:TSM),https://news.google.com/rss/articles/CBMisgFBVV95cUxNTDFyZXl6ek93a1pYX3luMzdwQW04RmNsT0JKbDliN0tYWFBLUFdWRUUwQTdsUkJEbnJTa2g5dXBNQ3cxX2N3cHFnYWpRc1BBdU9Wd2ZKMDFGek9lZTMya3dvVnk2UUN3TzNGaDNNV0dPYjFEeHRoaUVmQjFIb2plRGpqVmNPRGlJamJ6R25oaGZHRzQ1Zko4WF9qeFBuSXI2eURwMDdWUnQ1b0FTVUZsWDJ3?oc=5
2026-02-03 03:00,The Motley Fool,fool.com,A Once-in-a-Decade Opportunity: This Chip Stock Is Set to Skyrocket,https://news.google.com/rss/articles/CBMilwFBVV95cUxOakFLNnJpVWZkSUtzc1hWVEhTa1E1cmY5LTJZYktvTVA0VUo2UlZURDBnN3dQZVQ4djBIS0prV09vWUxCaWh5eDJ5dXpvbmZpMzE0cnVHRV9pWjhDbzc3UzZWOVo0Yk44OG1Ya2lEb1RXbDMwZngwMldOVE1FRU50T3JOSzdHUmF6emc1ckVzRGNLLXFtMnhN?oc=5
2026-02-03 03:00,The Motley Fool,fool.com,My 3 Best Stocks to Buy In February,https://news.google.com/rss/articles/CBMihAFBVV95cUxNSVIzbkNrX1h6ZC03UHlnRFlZMmZxcjgyNDN6NFJjSm9kcFF0Wkw4Q21UVDhmNlRndE12VlpOMmVUSURlZVZRX0pSZzNqcHhiRHBOM3FBanVqMjk0bWU5SXRMYlNzWXMxVDBjbjhMeHJHT1NDTVRlc2VWbWN1VkhvLXBuNmM?oc=5
2026-02-04 03:00,The Motley Fool,fool.com,"The Best Stocks to Invest $1,000 in Right Now",https://news.google.com/rss/articles/CBMijwFBVV95cUxQQ012akNBUUFTTGRNZDYwS0M2MDhuemxNZkRWbUl2Nk9STElwRjY5Yjhub2x4R2loSjgtX2p6T2tQS1JNYlY0Vm5sUDlkeDF3LVI1cXd2ekRFUXZnUG5EOXJlc3FUMWFtWFVmNXJZRlpvZmR2TlRYTkNPV1JlUFFkVXRmbUxtYmgwdERBczEzWQ?oc=5
2026-02-04 03:00,Yahoo Finance,finance.yahoo.com,Taiwan Semiconductor or Broadcom? You Should Only Own One of Them,https://news.google.com/rss/articles/CBMijAFBVV95cUxNdUZzcUNkNEhyVHJRcktMUHRkOVdsZTlzalRZRksxYXZOSHBqQkZ5TDdZbGVZc1RmbTVsVXRDcktybldUeHJkbXhmWHBHSEFYWHZQZXVIZnU5dXItVXZWMmNwYm1uSDJHZW5TN1dyOVNVd01zNEc2OG9jbWtkUUhuVThPR0R3YjdwWmpfdg?oc=5
2026-02-05 03:00,Barron's,barrons.com,TSMC Needs to Make More Advanced Chips. Why It’s Turning to Japan.,https://news.google.com/rss/articles/CBMijgFBVV95cUxOMHA5Z0xZXzVFWmlROWlTcFUyNTk5a1piV1lyM1lOOGd4Z2F5NDRMSDNENmhUMjNGUC1CVWI1eGhFQmM2Nms0cUhFWHpEQWpscXhjQ25LOEh2WnJ1bjNEMnNoOE0tdzhaeW9QbFoxaGh0OEdlWFkyX05DMTZEb3g1UVpQMkhBRndtLTFxc0dB?oc=5
2026-02-05 03:00,Reuters,reuters.com,"TSMC CEO flags 3-nanometre chip production in Japan, investment reported at $17 billion",https://news.google.com/rss/articles/CBMizwFBVV95cUxPd0RRMkRsbmtLOFkwSFpsZ3B0RGozVGdzNjlkTmNfa1J0OF82VVprWmtCZEVnYzFDMEhob2ljbFRWX0lQd2JYaHIyd1pIRGVsS1pOYjFfTmw2M0dnY3hmY1dpVTRmODFaU3pqSWQzYm5zQmlDNG1LU3BoMmJfSzZmYXpBSndMTDVPQVdGYURZMWJ2WDA2cTBpc1MzQzVvejRsT3g2bWlGeEpkUnBRVjd0WVJLS01feU16Q1A4UndTSFdEQm44dEYxVHI1dExVR1U?oc=5
2026-02-05 03:00,The Motley Fool,fool.com,2 Monster Stocks to Hold for the Next 5 Years,https://news.google.com/rss/articles/CBMikgFBVV95cUxQd3ZWZnRqZXNTQWN4cE8xdFdQNFFZcnE4SzVZejFVNmVTUGNma1VNRTNudkhwNWcxSEVuSFAySU5JNFgybnJqNTJPM1ZmNTZCSmpXcmo1c1pOMm04WGs5WWd6WDVyZXk1TFJFdDZ6Y01Sa2toUVZkOGs1MEFDREZKRzV4OWROalFuSVB6di1TU2lCQQ?oc=5
2026-02-05 03:00,The Motley Fool,fool.com,"If I Could Only Buy and Hold a Single Stock, This Would Be It",https://news.google.com/rss/articles/CBMilgFBVV95cUxNX2NzTGJnbDlZSHZnOEhrcWZDLW5FYWxobXdiQXprSVNNcU1PWndXTktzLURrWGtwaW1ET1g2YXA2Y0ZyZzdUYnI2RkFLSFR5aGlZd09jQ0FpOU1aQ1lqX0FfODFmcFN6TW5vZDdJNTF6VVNmb0Ytc1VmZ3FNcHBud08wT1Y2Rm9CdkdmS2VLUm5VZU1Qa0E?oc=5
2026-02-06 03:00,Yahoo Finance,finance.yahoo.com,Is It Too Late To Consider Taiwan Semiconductor Manufacturing (NYSE:TSM) After Its 59% Rally?,https://news.google.com/rss/articles/CBMimAFBVV95cUxNdlRWQ1pGVTJvTGR1YVFGN0gxLWI2a1JYWGtUNnM1MnE3UnltU0NTS1AycEtPSl8yVnNVSjl2dG1idGpRN2U1QS0yZGxKdVMyMkZYSExEV1VDdm9pZzhWRkVzVjdVNnRyc0FHeExNaE9Jdk9rQk5nMG5VVFdoeVd0bF9UeEhQZzBKWjhVMGhoZjBfTHRKSWtOQw?oc=5
2026-02-06 03:00,Yahoo Finance,finance.yahoo.com,The Smartest Growth Stocks to Buy With $500 Right Now,https://news.google.com/rss/articles/CBMiggFBVV95cUxNckF6TzBKQzJTSVpodVVXS2NIaXliZzExQVhrNU1aNHJTMmNMMUdsaUIzeE5KSE50Qlg3eDl6TjhKV0drdHZxNk9ldkhOVlNBbEJBaEstVGlzRlRkR0tJQ2FscEJucUp2U1hHRmszTjZLTnpQOTJENVMtSk5fZ0VoUzRB?oc=5
2026-02-07 03:00,Investing.com,investing.com,Is Intel closing the AI packaging gap with TSMC - and who wins?,https://news.google.com/rss/articles/CBMiugFBVV95cUxQRllHZjVXTDNPalU5QzJzUS13aWNMS1d6V196Wnk2Yml4NDZPQ1A1X2Y2cjVkNjl2dDBrdnVPczlhTndUVy1JNzVMS1ZkbFg2NUdGQkVMWGJ1X3R2WVZNOWp1clVqaXdqLVJ5Y0R3Yi1aM2Ewam1LX09RMFdFejc4aFZ2WGRCOVZpZHVPVjFkcVB3cWlaSC1qU01uTlVUZkJnblV5d0xEU3VxUEwxcXd6WFBmZi1PaFk5bXc?oc=5
2026-02-07 03:00,The Motley Fool,fool.com,"3 Growth Stocks to Invest $1,000 in Right Now",https://news.google.com/rss/articles/CBMijwFBVV95cUxOUlZKa0lkMk0zdzE1cjg1ZzJQbFZzVmNmYk1vanZZYlpMTnlvOHgxZGpuRkpGZV93ZU1lTTJ1eGt0dXp4M1F5R0xQemVUdjVVdF9faENqcWJpejk0a0xORmdCcUhhaHM2REstRG9XdGhKNFpCbnV4T21YcVFmV29RbGgyNjZPWmlsMm9QeG9KMA?oc=5
2026-02-07 03:00,The Motley Fool,fool.com,"The Best Stocks to Invest $5,000 in Right Now",https://news.google.com/rss/articles/CBMijwFBVV95cUxNdzNsQVlWSXJWZXBCb1JyVzl1QXk1Zmd6amhHR3Y1WEFyMXE1V2VINlZjRjNUYlRHVjJuM2pqTk01SElRMmVVUUNlSTFvMlJqREp1c2tOTjd0cDVUc3RMbXRjNDBuSlZGeWQzX0k1V1hZMWhKY1M3UFpCSHJ5NFpTa3BDNFBwS0hvSHctQ2dBTQ?oc=5
2026-02-09 03:00,Bloomberg,bloomberg.com,TSMC Revenue Jumps 37% in January While AI Spending Marches On,https://news.google.com/rss/articles/CBMisgFBVV95cUxOMVhzaEJrVTlVazFMY2xfN3AtNGFVcjdhRjNqVjNCSTNuY1Z2Z0VyaE5KRWE5Y3YzWGZDcXJzMkRLOFZMNG40Wm1DbEtReFhlRzI0NWdfcUNmM0N0S01LZ1BadU9UV1RFckxKekU0Yy1haDhhMUtjOXNxa0ZDdVZZMmhWZGxPdGszSkk5akVheWZjLXp4Q1NHajBRamZjeVdCbWU5anNVS1ZBcW1Jc3NCeFZn?oc=5
2026-02-09 03:00,The Motley Fool,fool.com,"Why VanEck Semiconductor ETF -- the Best AI ETF, in My View -- Gained 12% in January",https://news.google.com/rss/articles/CBMikAFBVV95cUxQZ0JJNFdvS3g3Mmw3YUdKYWJPQ2ZXUFBWMkJEUzRadWNRMXBFOWVMVk8tRDdHZHlHLTNhdWxaZzRIVnpCTVZVNTVJT3VSNjRBOVk3a1FxcFVxNlhpcWEtZ1phbzdMaWQ2d0R0OGxYRVQyZk9ZaU80NGFEb3Vld2MycHdKSG1wMk5nWFZfR194VHQ?oc=5
2026-02-09 03:00,Yahoo Finance,sg.finance.yahoo.com,TSMC revenue jumps 37% in January as AI spending marches on,https://news.google.com/rss/articles/CBMihAFBVV95cUxQb2prMUxhbTVrYzV6b2pMVXRFLVM3U2ZvYVJGaTFwYkM5RWhEREtfam5FNFIwNFVyZDFaZTVFckhkODRoU25tdU1zWEl1TUhUQlhuMWRYWlNyXy1EUjM0S2JfQ3NvQnJLMEVkN2dpVVF2dUhicHhKbVRSYnZOcHJKVDd5X1M?oc=5
2026-02-09 03:00,Zacks,zacks.com,Bull of the Day: Taiwan Semiconductor (TSM),https://news.google.com/rss/articles/CBMiiAFBVV95cUxQMWVTLVc0NXNBLXJDOV9VV2d1WVFtS0RGaEtldWFxRGtFWG5qUnVXYmZ2UHA4RjcwaUZMZFYwR0pZME5aM2NISW50dDBqb3NNc2hpaFM1RVpneG5ad2ozcy1STkVFTElGek9DQXNEYTdVUi1jeHdadGdGSnl3aEpqTHluOEhoTFVK?oc=5
2026-02-10 03:00,Barron's,barrons.com,"TSMC Stock Is on a Roll. AI Chip Sales, Trump Tariff News Could Keep It Going.",https://news.google.com/rss/articles/CBMiiAFBVV95cUxNaEtQRjFtTHJNUjdQYXNNeDc5aFhUeHVMX3RyRERpcHVqdFhrdHEwdjIta3E1RHNkSEduTlI4dUQtdkJqeng5bW5pUW1LMnBJWkQyRlBYcGhpa3NyYmdYUnluT1lpVXRXbFd4OTRpcjVzNmFmbDdsMlY1OFVlUGJvSk1EekxMMmZN?oc=5
2026-02-10 03:00,Barron's,barrons.com,"These Stocks Are Today’s Movers: Spotify, S&P Global, CVS, Coca-Cola, TSMC, Datadog, Kyndryl, Credo, and More",https://news.google.com/rss/articles/CBMiZEFVX3lxTE5BenpNeU5wU1drb1RiS0ZYYXpjbEZFYUtXbGJ5RHU3UWpFbFYtczJaWDNNaHhlVXNwbXhSOEQ1Wnk4ZHdUbEFzRFhiMGNHcmdPcGZDUENZbjVuUFN2V2FGZDFBcmU?oc=5
2026-02-10 03:00,Barron's,barrons.com,Why Nvidia Stock Is Stuck in a Holding Pattern—and How It Gets Out,https://news.google.com/rss/articles/CBMif0FVX3lxTE9NenRNcHdqNE55X2Q3dWFUU2tqZlhDZGJ4VEZJS3VGUnM2VlY0N1hrZ0NSMU5qZVVYcjA3RnFtTnRWcXdfWG05dGpuUVAwWkJfdzZ3Rmg3eE80TXByNXF3UDRSaXRLSks0dHRiOHVOdTFTYnRqNnlxWDVVcnhhNkU?oc=5
2026-02-10 03:00,Investor's Business Daily,investors.com,TSMC Stock Hits Record High As Chip Foundry Posts Strong Sales,https://news.google.com/rss/articles/CBMikwFBVV95cUxPa1FiNmVNNWw1TTI1eThrWEd6NzBqTVNmWHA3Ti1XU0Y3dEJrV0pxOGktb1RvSTVjY0NEUExkemZFSFNlQjA4U2ZrUzRMVE95OU01SVpmZ3BuNklLVkR4VEg2ZV84d2xBOG1JcU12TmJkU2ZXXzlDSEx4UGcxbnRJZG5XdENuSlVXZkY1U2NVRkRzWWs?oc=5
2026-02-10 03:00,The Motley Fool,fool.com,3 Reasons to Buy Taiwan Semiconductor Manufacturing Stock Like There's No Tomorrow,https://news.google.com/rss/articles/CBMilwFBVV95cUxOQTVseTlvdUJxYU9MdERKT0VLb3ZKOHd1alRHa1FHUy1NaUhmTTRJX19GTzhDdGp6Y0c2SU1WZ01yQnlFdzhHaU84a1VHM2M0TGEzTWx5a1R2b2Z0clFzNmZxa19YQmpUNm1XVlZNckhxSU04R05USGlpa0k0SUpHbHVqdl92NjBHWFZ4bTdVRnhBcy1qc0dr?oc=5
2026-02-10 03:00,The Motley Fool,fool.com,Taiwan Semiconductor Manufacturing (TSMC) Stock Just Hit a Record High. Here's Why,https://news.google.com/rss/articles/CBMimAFBVV95cUxNSXNYNW9vbDRYZFVaV3pMV3pVSzlwOVJTZUVsQnc2ZTVObG1FMjRDQWZoVkNXSUxyazFUT0ZuOFNRU21Ja0k5ZHJWZkJGaGlzZERmM0RZNUlkdnpMNDZFLUdqbG9HWE5vbTI5TjczUzhLVmZhYUZBNk4yWE1QbEwxVTRKN0ZjbzM0S3pub1BSN3owSGhoZmFvLQ?oc=5
2026-02-10 03:00,Yahoo Finance,uk.finance.yahoo.com,"Trending tickers: TSMC, Oracle, AstraZeneca, Kering and Tui",https://news.google.com/rss/articles/CBMiogFBVV95cUxNTWJQeXBGMmZEdXlBdW13cjloRzA3RWlSREVkR2U1OWo3QU5YLXRBaTZ0bTBoOWpGRUVQTFZKUFhGcmRha2dwNV9PZlRzVkxVQlJFQnhpcDJFLVNMYnpVNU1UR3J3NXdfbmRkWVQybllXanRkNmJHNXBZSXhhaXdOSFBwWEVVVkREc3Y3RFJHUVNUelpFZ0VPamNpQlpQNENOYXc?oc=5
2026-02-11 03:00,The Motley Fool,fool.com,Taiwan Semiconductor Manufacturing (TSM) CEO C.C. Wei Just Delivered Fantastic News for Nvidia Investors,https://news.google.com/rss/articles/CBMikgFBVV95cUxONGxaX3BlbWp0Mzh4X2ZPTF9nWHpDbEI4YlR2dWVQVkZSM1M5ekJzcVJ0Wi1ubUN3cnd6VVAtWXF5QV8yNmQ0bFJjbGlBVHBHVmRzbnN6ZzdDMmxYbXRteFhBdG9xWnVMMVhIZFJ0QjRrRzUwMXhOTzloNXhmdDB6OV9KZElHNWIxXzVkRzVQVUVhQQ?oc=5
2026-02-11 03:00,Yahoo Finance,finance.yahoo.com,TSMC Record AI Revenue Sparks Capex Surge And Valuation Questions,https://news.google.com/rss/articles/CBMigAFBVV95cUxNT2VtV0RlNkFoYlYtMU15ZmN4bHJ0dTYxNU5NMm5DNUNLRkIwbmctOU9mQU13cHE0c0dQYnI4ZkpPQjVtMThqNTJUeWw3cGhnTG9LTUxLYUpFWWRod194eVJQYzNjNHFTaTdUU1lCSDBkVENINE5BX2ppanBucVJlRw?oc=5
2026-02-12 03:00,The Motley Fool,fool.com,1 Artificial Intelligence (AI) Winner Hiding in Plain Sight for 2026,https://news.google.com/rss/articles/CBMimAFBVV95cUxQWDExLWxEdlQ1WUN0NXFfejNoZjVZZGh6Wi1XdUpwbFRGSmNTY0NLRkhuaEVJdjNqYUM3QlktdDhCeGhhVnFGWHdKMVNBODZqTHdyb09wdHU1UEVkdS14Wk44SXZ2NGtHZWNuN1hxVGdZRldjejMxcGJ6aEh1aVVsMVRpQ1hhMDlRVG9NTGtHNlFEalpybWNOeg?oc=5
2026-02-14 03:00,The Motley Fool,fool.com,Top Stocks to Double Up on Right Now,https://news.google.com/rss/articles/CBMihgFBVV95cUxNOW5meW9LWDltUjRkQ2NzUVFoRUJLZnN3VDQ4cXZtd1pNT21yV2VKc0NRbnFBSDFtN1U0SExPRkNBQlBsUVYxN1NBVmN1cVN3aG9sLTk3Q20wQ2l4OTdlU1lYcko5TXhadElNQTAxZ0lEMURxWWlzN2V1ZHhrOXgxVWl5Rzlydw?oc=5
2026-02-15 03:00,The Motley Fool,fool.com,3 Stocks to Buy and Hold Forever: A Long-Term Play for Your Portfolio,https://news.google.com/rss/articles/CBMilwFBVV95cUxPN3lnSmpsSVZ6U2NkTWQzUXp6T2lUaHgxU2FPT2wxb0ItZFljRmRlUFJKUnN1Y1hyeGNRYjBfS2xYenczbUtjM1dwZjlaYkM3M3JRdFNiY3hCczVUd2JqWVBxdDVNdTRLR1pEc3NYN2RqZFMwWVNhRXhkMXhMRks5QTJHRDI1NFVQVk9NUGx0OHlFOHdzSGtB?oc=5
2026-02-15 03:00,The Motley Fool,fool.com,"Prediction: Artificial Intelligence (AI) Will Drive the Next Wave of Tech Leadership, and This Stock Stands to Win",https://news.google.com/rss/articles/CBMilwFBVV95cUxOUVV5U25NN3daWTBZckNILVdCUXlvcEZiVWxZbkZqUGQwWkNFM24zZjVVOG9lVWVXcXZSVjFGdGFaMFN0ZVFtMlp4S0laMkt2U3ppSWZDWjJmMTNxTVYxblhobkh3a3FCTExwbXVrV3B6RExfTGhSVnNwQnJwdnBFazZNWXRLWXZHMzB1ekxadEpNRXRHMC1j?oc=5
2026-02-15 03:00,Yahoo Finance,finance.yahoo.com,'Taipei Is Home': Nvidia Seals The Deal On Massive New Taiwan Headquarters,https://news.google.com/rss/articles/CBMigAFBVV95cUxQTTNQSERXd3pNN1M4WjRxTEppcnpmdWtHRVY2cGVON0N0akRFeXJqT3d2TVBtbU9QSjhwMU55Q3lIMG5naGxHS0lBWjh2LU9WZUljRWw5Rmd3NmZMUm90a052d1l6bHFSYzNiaTJaNmVURUdOSWNoOFZGQkRVOVpCeg?oc=5
2026-02-16 03:00,The Motley Fool,fool.com,"1 Unstoppable Stock to Buy Before It Joins Nvidia, Apple, and Alphabet in the $3 Trillion Club",https://news.google.com/rss/articles/CBMilwFBVV95cUxOUmdvcm1jSVBJRU5zaWZOdUZlTS1ubklXdWNldzV5b2RJZ3hyNjlqcERFbXVicTdDUmxreUxqVjQwRm56NEI0djVFQUJ5c3F4REQ5bmZuQVowOTd0SlRJcTRGUTFaeHBMcVZMbS1XMFVEcHZkZUozRmVKVkpnMHduYkxESkJ3QmZScVNCZ1p5azNOeFMzMGpv?oc=5
2026-02-16 03:00,Yahoo Finance,finance.yahoo.com,Chip Stocks Split: AMAT and TSMC Gain While NVDA and Intel Retreat,https://news.google.com/rss/articles/CBMifkFVX3lxTE1DSVNWOEVFWkNHZFF1R1VYeEViaDZpMHhhSWp1Y21CbktLV3JNOEduV253NGRoY2JnNWlpYXVyQm1DWThLa3V2QVdITzlxcmRZWXhsU2FKMEJnUGg3TVgwNU9wbkw4NzMwLWI4aGh1dXhaUUtOSE9acVRZQmd2UQ?oc=5
2026-02-17 03:00,Seeking Alpha,seekingalpha.com,Nvidia: Robust Growth Outlook With Minimal Supply Disruption Risk (NASDAQ:NVDA),https://news.google.com/rss/articles/CBMiqAFBVV95cUxOdjVoWHdFVE9zWEh6TjIyN3VDeVhNd1h6OVpwR3B3TkFhZWVudUlidzY4NmxZNk55ZFFGT3ZHN0dkcXZaek91UG9SX19JbmRjaWdYMGEwb0xrVnVWdGtITzBUYnk5NlRLanFuZlREODFwTUJaV3cxNV9LTWZpcl9iZkx1N0JsSHJGNnhHTkhnYkppb1p3N3l4Mks4Z3VWZDBFT2MyRlVuSG4?oc=5
2026-02-17 03:00,Yahoo Finance,finance.yahoo.com,"Taiwan-US Trade Deal, Here’s What it Means for Taiwan Semiconductor Manufacturing (TSM)",https://news.google.com/rss/articles/CBMifEFVX3lxTE03Mm5oUUV3dGx2LXpPcUJxT3RQYmNteS15alNBTDNEWG5WR2p3dmFLRVBobXBuaE1fU2wzM0VySXVuRWpyYXJGN3hKTE1iNFYzbVJxNi1OVGdaR1VKMDRCSC1LOXFvdExoRTMwS2RKX3FqTUQzWEhWUTRzMHo?oc=5
2026-02-18 03:00,Yahoo Finance,finance.yahoo.com,MU vs. TSM: Which Semiconductor Stock Has the Edge Right Now?,https://news.google.com/rss/articles/CBMigAFBVV95cUxQdTJSb3A5cXdVNHlnNGo0UVEzTXJDOF9XSHVwTUdpaG5RVXlCbERjcUdxdjlmLWJ2OXVwNmFlcEx3d1FZUjJyUVBQdjE3aFlfSWhDSUdvaXg4aElSR0k3aUxVUTA3THdaZHNKTzV3VmJRQXFfN3JOM3NiRFp0cWFSZg?oc=5
2026-02-18 03:00,Yahoo Finance,finance.yahoo.com,Taiwan Semiconductor Packaging Breakthrough And Trade Deal Reframe Growth Outlook,https://news.google.com/rss/articles/CBMimwFBVV95cUxPamhNZ1Z6V3JZem1paWk5ejQwTWhuT2xkdm1zZ0JzU2lBMHpjaFhWWFVyaFNJYnE1NHp2UVJfakVKcGw5OHhvdVJKbWxrQUdEaTFSVllCS3I2cHl6eXJrekN0Y2VPa2tTMENUaFRPYUl4X2M1QTVQbkFUNjhFeFhEazNyckZuc3BNNm0yUEZLMWljcjB6Z1pJT3Q5RQ?oc=5
2026-02-19 03:00,Seeking Alpha,seekingalpha.com,Is Taiwan Semiconductor Too Expensive Now? (NYSE:TSM),https://news.google.com/rss/articles/CBMiigFBVV95cUxQdUNtVTN4V091N3k3a1ZxNm5VRTBkVVM1RmFyT0dSMVYzbGF4NmZwX1FYUTVybkQwMlQzV0h0M3hRS0ZBUEZoamxTbEZCZE5TSnlkZlFHQ3JsclZ0RU5wTEt3S1d5ZlM3QmVxOG1fdkJKbWtPR25RNmlJbjI3cTBYakFjeG1TRGNKOFE?oc=5
2026-02-19 03:00,The Motley Fool,fool.com,Where Will TSMC Stock Be in 3 Years?,https://news.google.com/rss/articles/CBMihAFBVV95cUxOSlNwd1NVOEYwWTJQdWUxNTFoUmNVYnF0Q1FZelFGOFZtdG9TOF9LMGFQVUgya3hRWXQ3ZTBxRUFRRXBvWGhJbk9Ia3IwVWdrLUlUOUM5V0JEQm92ZkNubl85U0xDdGpFWVpZcEIxcllJRWllaGI4SlhPdVFJZnBkcEt0QWc?oc=5
2026-02-20 03:00,The Motley Fool,fool.com,"The Best Stocks to Buy With $10,000 Right Now",https://news.google.com/rss/articles/CBMijwFBVV95cUxPNkY2djJISUtqWUYtOXhOb3B3Ti1oa0NmaXFLNnF4UVoxMGpEWUtRWEctX01zSVAxRS1ybDJNb2ViWE9OSGZHem5aY1dJQ1B0X1N3T242WDVrbXlDTUp6ajdtU2lYa1J4MkczMTNMc3A4X254VG55cEtvNWVKeWFmUnMzWFVNcnFKaVNpUUp5NA?oc=5
2026-02-23 03:00,The Motley Fool,fool.com,"2 Unstoppable Growth Stocks to Buy Right Now for $1,000",https://news.google.com/rss/articles/CBMimAFBVV95cUxPRlRia2RhVDl5LTN5Y014MXgzeGs4dFpoSXFIZVJSYU9oalJ3NFhIZ3QzbTRmX2FncXNRc3NjeWs2YkhDTnVWWnhYQnFfWDVqeVdvQWpXRER0cTZ3SFhsNVcyQ3pWdURNQmdTVjRRZERNU3ltZzZpcTFieksxMV9QY3Z0T3N1SEdJT2d3RHg5WkM0YVJlSDNqMA?oc=5
2026-02-23 03:00,The Motley Fool,fool.com,You Can't Afford Not to Know More About This Unseen AI Stock Giant,https://news.google.com/rss/articles/CBMimAFBVV95cUxOLS1xeHpTcWd4cXpObWpiZFQxTEgwRVExX2pRRk5GclpCTmlJbXNJWEtPNnJLbUQ5VkRsaDlsN0JxM3lUbkQ3WlppZmd6ZmZlbnJ2YTlaSkVEWlBKOXA5ZkNVc3VyUGdZYWNOVVZ5ZjY4a21jWDVwMnVqblBWUUR0MHd3eWNqTFprbGwybGZJcV83UnVYUkJaZw?oc=5
2026-02-23 03:00,Yahoo Finance,finance.yahoo.com,Is It Too Late To Consider Taiwan Semiconductor Manufacturing (NYSE:TSM) After 95% One Year Rally?,https://news.google.com/rss/articles/CBMimAFBVV95cUxNRE1PX2F5WVBQTjN1Z0ZRaWtSX1U0UjZmamF5djZZeGpSd0FQSFA1dkVHcGNWUjR5bUNmR2wweVd4anl3SW0xZjBFaTl3TW1IR1R0RjU3Rl9LcjQzTVRubTcxQ2NfR1o2Q3NHckk2SEFkMGRDTTJWSmRRR0RxSjBJQVRuREdEeUd3a2VhblVDeHptem84RWREcg?oc=5
2026-02-23 03:00,Yahoo Finance,finance.yahoo.com,Is It Worth Investing in TSMC (TSM) Based on Wall Street's Bullish Views?,https://news.google.com/rss/articles/CBMiggFBVV95cUxNLXFybmF1MWxtejNXTWd0MzlKa1VtTVZ1b3N5MEExNmpsb1ZLTGdpb3Rjd1lMRTZqTktFNEtwa0t4cGlobnFLMU1sbG94WWNuc1V2N08yWkhQRFhjb1JHVlBhbzRfLTk2TkltQWdFRFRGbG5GWXloa21VakFBV01tLVV3?oc=5
2026-02-24 03:00,New York Times,nytimes.com,The Looming Taiwan Chip Disaster That Silicon Valley Has Long Ignored,https://news.google.com/rss/articles/CBMikwFBVV95cUxOdjVSdTNvT2hxMUc4Nnp2eDZGT1c4VUxVU25yQ1ZwWTgtYVkzRjVEenZBNzlPdFNnYWdFSnRLMS11bUlleDE2RVJZNW9SdVVfbGpieWJWMFBUN19nWHl2LWxIXzk0Y1lXcXZCTXY1b2tnLUloeDduRHU2Z3NYM1Vyek1pM0RPZWlhTkdPcjFkRTY4Qjg?oc=5
2026-02-24 03:00,The Motley Fool,fool.com,Billionaire Philippe Laffont Has a New No. 1 AI Stock After Selling Shares of Nvidia and Meta Platforms,https://news.google.com/rss/articles/CBMimAFBVV95cUxQeHZIQ0RwN095REdnUV9aT3pRNUhDRXk2dHRjcDdIcFBhRGQwX0pIVzEtUkVPbDRIa3pCZDBHeW8tMHB5SlpZSlpscnFvcUlPZWoxNGN0QV8wNkZQWUpqaDNJYkZQdkVTSkdVMHhsSXVzTFFQYW9SS3gxcWQ3R2V2cEcwdVlNQVIxWXVaZ3IzZHI4M0Ffektvdw?oc=5
2026-02-24 03:00,The Motley Fool,fool.com,Is Taiwan Semiconductor Stock a Buy Now?,https://news.google.com/rss/articles/CBMiigFBVV95cUxPOEFkWGVKMWZvZGF2eXVlN2NZRGNuNWRreFc1VHh4ZmUzcDdkYzkyZWZDVHlSTEJNWV9CM0FhRjR3QmxZRE9VY1UySzBOZTNUZ19Pa2tiajNSV3VFM0M2NkJ4Wi16YWV2OXFzWEhPbkRIa1Uxclh0VEt3Sm1jLVpmYjFoS0VtSXFJRHc?oc=5
2026-02-24 03:00,The Motley Fool,fool.com,"Want $1 Million in Retirement? Invest $100,000 in These 3 Stocks and Wait a Decade",https://news.google.com/rss/articles/CBMikwFBVV95cUxOUDZkVG1zTUp5bVhMd0JyTHBtWG84eE9zR0c5Z0hTRVVhNTFZMUhVZHlELWl5SFdGTFFIMm5lalEzQUhQOVAxczBhV3pZcjlUb3VDMTg0eVFtWG1mQ3o4bVFKX2tjU2ttbGlUVnM3NXNLRjJyNTRFSWFYUlo5Zl9aNFFiN2dOcXJRMW9wZFp3S0VlZTQ?oc=5
2026-02-24 03:00,Yahoo Finance,finance.yahoo.com,Investors Heavily Search Taiwan Semiconductor Manufacturing Company Ltd. (TSM): Here is What You Need to Know,https://news.google.com/rss/articles/CBMilgFBVV95cUxNX1NlRWdtM05HRUE4UEVYZHFiVlEzYmNMRTdVVm9FbjZCUFdkTVJFTDg1b0FITHhvclExbTdGV2tRa2cyY0xSak9MSl9BMVJoajc5cnJ3NXhuR3NSRllwZ3RWeTl5WmdPanZieHlCa1JqRjA1Qm1QRE9hNEU0M0pOUUpaXy1HMTFBY2NId1h1MTlxblAtYVE?oc=5
2026-02-25 03:00,Investing.com,investing.com,TSMC shares rise on AMD-Meta cheer; Nvidia earnings in focus,https://news.google.com/rss/articles/CBMitgFBVV95cUxNM2NRalJKdVhiQWppLXNtSDdfbWJablc4M2oxZGhfZWhuOHB4aE9iMVczSnpYZElCT1VwR2UyT1NTZmpHNWN6LXNtNllBY28wZmZfYm04VHhTMW9CYkZkbUE3R1lWQ05wTmh5ZzdfNVlvUFRkaUhLSDk0Z2dUZnBDU2dwQnI3RHFySF9ncDYzRUFhNldyR3pjMnd2YmduMUFoazJkc0tkZGZNRUoyRk10aC15a2t3Zw?oc=5
2026-02-25 03:00,Seeking Alpha,seekingalpha.com,"Global funds lead biggest one-day Taiwan stock buy in 20 years, lifting TSMC (TSM:NYSE)",https://news.google.com/rss/articles/CBMiswFBVV95cUxPckNmbHpkbk8zMDUycW01SUlBUGdjS3VNRlQyY2wyU1BiSE0wYzRHVVVNaWxlNU0wVjNpUm5zRlBDVmgxTUlpaHp1bzJfOVlnR1FTang3NHBLVDdKNzRWTUZoWEVhU0tlTmN1dGZ0TDdjM3BLa3lQSmR5a3p3TFEwY21ZTUJBXzg4UU1pMFl6c1BCbWVuQ09YeVdOVHo0WnVaVmxXRFFGMDZfaExxUFJlYUdyQQ?oc=5
2026-02-25 03:00,The Motley Fool,fool.com,Polymarket Lets You Wager on the Future -- I'd Rather Own These 2 AI Stocks,https://news.google.com/rss/articles/CBMilwFBVV95cUxPTTl4WFBFMWJ4TTY0YnZGV3AxN0JGU2cxVEczV2QxM1FtRGg0blZfLXFsNDUzeE9LOXhPenVFTVBXYUZmWjBhYV9ubzUwaGp0TU50Z3cyQXkxd2xZUXRZVF93blBKckV2T3NzOGl1ZXdUOUlWV2tLQ01pdW9kU016QW1YSXAxQ2ZtWjg4anlxcG50djRZRG9V?oc=5
2026-02-25 03:00,The Motley Fool,fool.com,Why Taiwan Semiconductor Expects More Good Times in 2026,https://news.google.com/rss/articles/CBMimAFBVV95cUxNaUZRVzRuLVRqb05xZTYxZGZHZndMbWNRRW1QSHdQbWpmcjNvU3Z6TXN4NGs1c0xDMFB1VkdjNFhkeDlUNXlYXzhXMVd0RHVxcUU2ZkRTdnl1cmlQWWZ0NFpzZkJHbWhIZ0RtT1Zvb0dJZHE4cXNHczhyYUVJYThIOWFEMmhNY3F5OC12c2FHNHlhekZsTjR5MA?oc=5
2026-02-26 03:00,The Motley Fool,fool.com,Billionaire Stephen Mandel Dumped His Fund's Entire Stake in Meta Platforms -- Meaning This AI Stock Is Lone Pine's New No. 1 Holding,https://news.google.com/rss/articles/CBMilAFBVV95cUxQM2hnWEk2YzhvOVNoQVFqZVhXZktpZ1pFaFRWRE83VWVzeHg1REtBaDhoMDQzT2I5WDg2V25kV3B6TzEtUFhBbnFqYWViV3VIRGM4MlZfN1RsdnIwQkhOM2llRnF0SWtRR0VQVThmekVwQ3lNLTVGdzI3RW9ZYUtOTXRLWHlZNUsyQzVzamxoNzNkN3hC?oc=5
2026-02-26 03:00,The Motley Fool,fool.com,TSMC Expects AI Chip Revenue to Grow at a 60% CAGR Through 2029. Is the Stock a Buy for 2026?,https://news.google.com/rss/articles/CBMijwFBVV95cUxNREpNaGFBVnk0dldkczZNMEgyRVVlVmhVX3U3QkpaRFV3T25nV3otLWJnV0NaS3NuTG9ySTFJdEk1cko5QUhUSWhyQ0ZLbFdwczdHOXFzQkVJQVJBNzkzUjIyMmE2d2Zlazg4OHBjYUZxQ3Rkd2x6eU9tUnJuYU93Y0RaVWlzaVpXT3FOSjRsNA?oc=5
2026-02-27 03:00,The Motley Fool,fool.com,Better Semiconductor Stock: Nvidia vs. TSMC,https://news.google.com/rss/articles/CBMijAFBVV95cUxNVHlEeUdxUFFSYjFCRG1LX0JRc2hLVDJtak5fV2JNNThNb3NZNGpRcXYyQ3dJeXc0b3A2dkRsTWlsamswN1BOZVYxeUhpZkI4NEt2dkd6LUpLN3N4TVI2b3RzcW5iQ1lyWGQyMXhDZHlUdlhWU1NzdkFhR09uSlVGdHVuQS0yWXFJN3pmag?oc=5
2026-02-27 03:00,The Motley Fool,fool.com,Data Center Spending Is Set to Surge 32% This Year. Here's My Top Stock to Buy,https://news.google.com/rss/articles/CBMilwFBVV95cUxQSlNJRFl6ZTYtZVM0Tm91NUx2YU9Md2MyaFVHS3dNdVpHMVY5TTUtUS1OWXRZS2Uwb0ZtV1lIS0s3UzU5TFNmRzdneUtYelk2TXNtdTR1T2dNMTY4WTdibHpoSHN1STViaUhJR3djYjFwRVplYW9hUXFWSmNPQVU1YVFaMnVHSHJORklYY01tcVJXNy1KXzJR?oc=5
2026-02-27 03:00,The Motley Fool,fool.com,Hyperscalers Plan to Spend $700 Billion on AI This Year. These 2 Stocks Are the Biggest Beneficiaries.,https://news.google.com/rss/articles/CBMilwFBVV95cUxQblNEUUJObTExdUtlSGtVdVdtX1hXRFNkamdPZnpZX1Z1b2pUbmdvaGhBXzZzSkVOa2oyaHRqQjFNU3dBREFtMUZwSUJtbnVxdkNGcFBLU0NwRFVSQVFFSE5Vd3dYUHNhMDBjcGNlUi04MzNJTklneEtGdmZmLUZKc25CT0dIYnFsekJmdTNjbkRfRnhlOHJR?oc=5
2026-03-01 03:00,Yahoo Finance,finance.yahoo.com,TSMC’s US$2t Milestone And Apple Deal Reshape Chip Investment Case,https://news.google.com/rss/articles/CBMifEFVX3lxTE9KN2JPSThmRy1IVnA1b2JMT1o1VXc4Z2VYbUNWcWtwWnRTeURaMzRkcVVabzdVREtnbGE2VGZvUTdnbWU3SlRlODEyX202cjZTdThMNkduM19uUkp4anpPeHpJV3hiRUJ4ZnA2a3VKRFNhS0dJNlBXd1ZXRzY?oc=5
2026-03-02 03:00,Yahoo Finance,finance.yahoo.com,"Top Stock Picks for Week of March 2, 2026",https://news.google.com/rss/articles/CBMifEFVX3lxTE4ySWtpRkZBam8zZ0JsdzB5STJYaXVZalVGZDFTLU1QNUUzd3VqZ1JzQlNCUUNCLURLS0VPdjVLNmg2TU96N2RHRXVmQlVXMzctcTdTQ1RaaFlnRHhITjNmZkxDWVFvbHBVeVhrcGU2ZTFZd1owTUtXbUZjR3E?oc=5
2026-03-03 03:00,Yahoo Finance,finance.yahoo.com,TSMC Shares Sink Amid Iran Tensions and Tech Selloff,https://news.google.com/rss/articles/CBMifEFVX3lxTFBRQjRrbC1Gb3Y5Q3laSzNjUGFmTzh5bVpyYzk0VEdhSzBidXJ4WjNXVEMtbHNlRlpJQzBaLVg0NG8yNUY1VXNqNDA5MWVBc1cwN2FRUDlCZ21lSVdFMkRWZTl2T1VDNGVvekplQ281OU1Db1BqWVZ2ZUpJaE4?oc=5
2026-03-04 03:00,Financial Times,ft.com,Can Nvidia’s margins last?,https://news.google.com/rss/articles/CBMihAFBVV95cUxOeGtnVG9Sb3ltWXBuRFBhUC1uRnYwdmFDVlN5QXlCOUxxMmNHT2dyWV9WZzJlVGlzMHZ0cENTYllmeG8xdWVzeDA1Wmx3S1pyaGR3dkNWT2ZERUk4aURRUHVnMUc5NWl2R1dGSUhBdjdOTVNmNHc5QVdXc0tKTlozdUs3Y0U?oc=5
2026-03-04 03:00,The Motley Fool,fool.com,Billionaire Stanley Druckenmiller Dumped 2 of His Top Performers -- Teva and Taiwan Semiconductor -- and Made This Sector-Based ETF His Fund's New No. 2 Holding,https://news.google.com/rss/articles/CBMilwFBVV95cUxPWVRCZXhxb2Fkc19ybXlQVGZSbDZHcGc1NjVyVnJzS3dzeHgtNlJZdlhoS3VJSjR2SzJJbi1YR0plVXRCNUFyM1RmSE4xR3VIQ0dBTGJFME9DM20ta0NKZEFZYzR6S3huQ0tRMnNMTE51dVcyZDZ0SjZxMkR4dmFkM0tqdmVpNUE0S3ViMDFud1luX0c0ZHNn?oc=5
2026-03-04 03:00,Yahoo Finance,finance.yahoo.com,Cathie Wood Loads Up on Alibaba and Amazon -- Sells TSMC and Baidu,https://news.google.com/rss/articles/CBMihAFBVV95cUxOR1h2RlRXTlpLVUtnRHBoc0dXVThyQm1nRXRMWUwyVXE0S29mRkhtd2ZoNDFmbGROMjhhMVpfMFlJQ0JiWjlPMUxQSWR4RGx6WjFMRkRWZ0c0WGZYNlhHRGJsRW9YZ2dGSEppbnRCV2t4SEYxSU0yZE5xT2g4aWo2ZWJZWXA?oc=5
2026-03-05 03:00,The Motley Fool,fool.com,3 Artificial Intelligence (AI) Stocks That Could Make You a Millionaire,https://news.google.com/rss/articles/CBMimAFBVV95cUxNVnZSUEh3djZTQ2JJakpiWEg1LXY2U0tLV2RQd2ZBeW5lNUl4MkUxNDR6RHQ0emJEVjM0NXl3VG1HQkNhdGM2cFhfbjl6aGhnTlZBYTZITTZMWXJNLWwxWHBiNElSNV9GTVhCTjlUTF9ZUEZORW9OOFNwdTM3Q2RMMDdlVUpRRG1HQ3JBdjMtVWxLSlVpRGplQg?oc=5
2026-03-05 03:00,The Motley Fool,fool.com,Two Top Stocks to Double Up on Right Now,https://news.google.com/rss/articles/CBMiiwFBVV95cUxPeGRDVHNpQW5FRUFxOWJKTVRRNklMTDlpTU1qb1RPcGp1ZXdXRDFENmxVSEJsTWR0ZGFDYTdBbDhuTElDRExtb3Y3YzRpMURSMVE1TGFocERnT1IyS3RiVE1iYngtUzVLSHJLUi0xUUVmbkl1NmxMRlRxX21NR2ZvQlQ2aUNmeGp3ay1B?oc=5
2026-03-06 03:00,The Motley Fool,fool.com,"7 Preeminent Billionaire Money Managers Dumped Shares of Meta Platforms and Made This AI Stock a Top Buy (No, Not Nvidia)",https://news.google.com/rss/articles/CBMilgFBVV95cUxQcmtRSHhZb1BaTjJkS01OQUNOQ0lEd0xBMm9OcEZFMk9MRHp6cnZQQlpKUko4TXprUFdIUjF4TERqWDdCZElVZjZ4QjJzQ2hkdUU3d1ZaajhpbEVZLUxuRVh5eWFKbHVqREZNY2YxV3VGUGhRQzFORmloUmhkTWFibFJEanZyV01kdkxFajNDWjl5M24xa0E?oc=5
2026-03-06 03:00,Yahoo Finance,uk.finance.yahoo.com,"Stocks to watch this week: Oracle, TSMC, Nio, Persimmon and Legal & General",https://news.google.com/rss/articles/CBMipwFBVV95cUxNSDJhRC1LWUozdTd1bDBWb1dSWVE0V1Z4X2JOckdiRUlZWUlPUUw0MWw1Mk9MWGR1ZkROd0ZmLWM1enJpQWtlQzlTQ2pEQTVDTnczaDZXMmlwN2lRRzRid3pfdEwyRFVtTDVuYThCRUJBM0ZnUm1XT0FicS1DSWtvV3VsNlRPSUdWNWtDZ1dhNFVVaGxqclpJYWQ1dmJ4ODJmYUlRT1ctUQ?oc=5
2026-03-07 03:00,The Motley Fool,fool.com,Is Taiwan Semiconductor Stock Going to $500?,https://news.google.com/rss/articles/CBMijgFBVV95cUxQZ2RfN3lfUEgtWlk1bGRycTdYMDZiZFZYZnB5TVJ5RmhKSHVTcm5OZWZNblloVHpobmxyYUdzZXZNUVVWdFpNTXFDWk1HS1VQOUdfMFFXdS1aQW8wel9vT0NtLU1oM0pnM2NpT1YxTjF1QWNVS3JtSVd5Tm4tQjFfRUxuYmR2anJaTzdJN1pB?oc=5
2026-03-08 04:00,The Motley Fool,fool.com,2 Monster Stocks to Hold for the Next 2 Years,https://news.google.com/rss/articles/CBMikgFBVV95cUxNVGNEVFdHN3pwR0pYX2JXMkN4Z3ZyNGt3ZER0U2hiWGg5VkY2MlVFaTVzVFFRUkZoU0JWREJsVldHV2pxWFJGcHdHeG1WNzZ1dkk1VGxaY1dDTk9DaURIbHZYWkdJdlFfblhDT1Y3dmV3eXQ1Nl9Pc2RySldWQXJWV1B1NlRuaW53dExycjBOZE1iZw?oc=5
2026-03-09 03:00,Yahoo Finance,finance.yahoo.com,Taiwan Semiconductor Manufacturing Company Ltd. (TSM) Is a Trending Stock: Facts to Know Before Betting on It,https://news.google.com/rss/articles/CBMilwFBVV95cUxNcHl2bWl2UzZESmR3YVJWSzFJbFNZZzQwdk1ySGQwQUhDSndaeF9Ra1BKQzV4QlFqVzJkZEp4RDFyNjlLUWhKczM5WDZsc2IzLWJ4UDNiRkt1SUNSajJkY29lTGZZYUk1QjF2eW5yMVhuTmRjX2plMmZrYjJvblJVbWVSQ1F0cWFrZzVVQVp1OUs5YzJ4S2Jz?oc=5
2026-03-09 03:00,Yahoo Finance,sg.finance.yahoo.com,TSMC sales jump 30% though memory chip crunch saps mobile demand,https://news.google.com/rss/articles/CBMif0FVX3lxTE1qU2cwYW5yYWJnNllJY2NFNkRLa2lZSWdiQVRNTVVlWkNUOC1YamJWVzRyQlVDRHBCcTVNLTBnTVhIRzMtUEY3X2VqekFmX1VDQjR6UVcwaHBIVnd1NXpfckdZTHVoVGx0MmF1a0F6a1NHN1hOSG01NEtQSkp6VFk?oc=5
2026-03-10 03:00,Barron's,barrons.com,TSMC Stock Slips Despite Strong Revenue Growth as Investors Watch Energy Risks,https://news.google.com/rss/articles/CBMihgFBVV95cUxOZmVQRkxlTW9peURxMUN4YVk1VmJLdV93bHJZOHNZZzE2dmZhc2dhSTQ4RTJ0cm93VlVZcmtFOTk4YmdBUk1EVmVWaEhUOEU0NllBMnNnbF9vUThCdWExUS1XeHhzckVTVm1tbi1FZXduUlk5OFZsOGFlX0l5b2lickJ5eTBoQQ?oc=5
2026-03-10 03:00,Bloomberg,bloomberg.com,TSMC Sales Grow 30% on Sustained Global Demand for AI Hardware,https://news.google.com/rss/articles/CBMisgFBVV95cUxNSWZUemcyS1lRVm1KRXo0czY4ZFhMdTFqVGhTNHhuUWl4STZiRU54eG5YSWFtVlBOM0RET08tR080cGxoT3VxZWdpMjVJc0pYOGY2UE5rbVNob1dDVExZMnN6emhRSzZueVp1QzR5dWZZaEVmM3Y2RFgwaFo5ckNCT29fMGFxNVhuQjFlRjNGZ2I2blVtYmJaanRmeEQ3bUp3YXBlVy05WVZTSEtnekpXV1J3?oc=5
2026-03-10 03:00,Business Insider,businessinsider.com,Oil's Price Spike Is Bad News for Power-Hungry AI,https://news.google.com/rss/articles/CBMiqgFBVV95cUxNaUI1d2FydFlPSGRBamtsSVFuM3Eya3NELXNwQXVWb0hNYXkwV29FQU1NVDhEMzhIY3ZZQW84TmN3VzVieWczS0czNzlsQTI2VWk0QkFSY0xjMHVJRlRNeUNsLTVSWmhqUFU2azh1aU1rc3R1bEhsaXhJUF8td2dCWWwtOU5PMVFMcjdIZFYtMmxXVG1kVnM5WDRWQVFKazJ6RTBVTEZTOHl2Zw?oc=5
2026-03-10 03:00,TheStreet,pro.thestreet.com,"8 Key Items Shaping the Stock Market Tuesday: 'Very Soon', TSMC, Oracle",https://news.google.com/rss/articles/CBMipAFBVV95cUxOc2lQZmxDOVBoZ2N3MmczWjVwRHp5N095ai16TlBOekZydjBIdjAycm42eW9MbkxEbzJqQ3hhVE9HUHc3M2pqZjdjdzVWUHBGY1lVT2xYcmY1WjljRWNMVzhCeU14aFM3YWgtRFAxZXJaYzJXSmxxZHM2UWNrajJmd011UGFvT202ZzFid0ZfUFl3MXpCZmk5WGtDa0ltaHNoRF9Qbg?oc=5
2026-03-10 03:00,TheStreet,pro.thestreet.com,New Taiwan Semiconductor Price Target and Game Plan After 'Iffy' News,https://news.google.com/rss/articles/CBMiqAFBVV95cUxQX1EwSFlYSURyTGJYc2t1NUZXaVM0SS10WV9NZEQyNUJ6c1NGMEUyb044YnhFMTFXN3I1RzlrUDRFR05EU0h3SGNaSU9MYzZzUUs1dk04YmRncU4tUmI0WTlkNW12a0hOQW5Sc0tUNVVmdVcyTTY4YTl4S2J2V09iaGozOEM4V2F3Q3Fwemp3REpTdjViZWpQaDgwem5YNUlWVS1GV2RtYUE?oc=5
2026-03-10 03:00,Yahoo Finance,finance.yahoo.com,Better Artificial Intelligence (AI) Stock to Buy in March: Nvidia vs. Taiwan Semiconductor Manufacturing Co.,https://news.google.com/rss/articles/CBMijgFBVV95cUxNTFpQNmk5SUctSnpvY1RJVmN1OGhBWXNYenlTajlHREhuM2FHMkRfaHFVOWxiaXhISGFLUGh0REtGakNjaEFLNXYwZjVRR19nTTlGLWFyWjlUMGI5WFptc003VXpGSDRGMnNsQnpSbmxSNHFneTNydnBGQzA2WmJ2S1ZaZXdNbTJXT3RHempB?oc=5
2026-03-10 03:00,Yahoo Finance,finance.yahoo.com,"Taiwan Semiconductor Just Put 8,000 New Jobs On The Table",https://news.google.com/rss/articles/CBMigwFBVV95cUxQSWFrZFFaWHhMdnJyWjhpMDlHZllHVVdvYm00bFNQekxGSFRkR2lTMFFLVjlybVR6VTFySWpkNnozVS05YlVHYVRBQjZXR001VEhwbXdyRUhVSEpaQWdEM0h1MFVDRlVrVGU4ZXpHRlNqVERBcl9ESDBmZXA1X3B5Wlg0NA?oc=5
2026-03-10 03:00,Yahoo Finance,uk.finance.yahoo.com,"Trending tickers: Oracle, HP, bitcoin, TSMC and Persimmon",https://news.google.com/rss/articles/CBMinwFBVV95cUxPU2tkZW1ZSjZvWjY0ZWpORXNDejVBOHJjbXlWZjM0R1d0MnhTZ25RLUxxdDI3d202TFdSVVpSa1Btc2k0bE52X0Jjd1dpWTRHbVBaZkxyQlI4X3pGa2NuY1JvTjM4SlRkeC1KajNxc0JERTFPU2NKaXFYbHQxZktSSUJ0Qkl4cERpLXJIdGdxR2pXQTI3bldnMmN1Mk5YTE0?oc=5
2026-03-11 03:00,Seeking Alpha,seekingalpha.com,TSMC: Recent Fears Make This Another Bargain Buying Opportunity (NYSE:TSM),https://news.google.com/rss/articles/CBMipgFBVV95cUxOek81ZktFU0I2M3BCc0FzQ1ZNcldwdUNraElEQVhoa0lIcGN3Q2xQSHliMWpmRTlOS2tlMUVSZUw3Njl3ZVZnSDh2SHFYWDBsb3dMM1B4eGtTUnJtUTN4LTBOWkdZVlI1cHY2bzZHZE1kV1pkVW9XVDM1dU16Z3JiS2c2dVNXamVzTWdtQ3FxM0htM1NhMUgyazI2eWQ3ai1ZcjV6VXZB?oc=5
2026-03-11 03:00,Seeking Alpha,seekingalpha.com,Taiwan Semiconductor: Loading Up On The Dip (NYSE:TSM),https://news.google.com/rss/articles/CBMijgFBVV95cUxNSzlvMml0Q3p5TFdPdENjbTJwYTNHb1BEc2xRTm9ZTDlhVjVhNXVKRERlajBlSjlaUVN1cXgxb2VIR0NQOGo4TjJqRFN3QWxoQ1Y3UDUyZkNqMXRaT2JsVjRtS0tBVzBvdUlNSzNkWGZ4QXctZEYyR0FTVlZjQnJFT2hTWHd5OXZEWjJ1SnhB?oc=5
2026-03-11 03:00,The Motley Fool,fool.com,2 Artificial Intelligence (AI) Stocks to Buy Hand Over Fist Before the Next Earnings Season,https://news.google.com/rss/articles/CBMimAFBVV95cUxPMzVFVVlmNWl2ZG1CeTNaSldPLS1jd1l1REUwZUt3ZUtETkNkeFNlUEo0YlBZRkVOdkdJMDAwV0pfWjJpLTFlWlItcXE4SzNYSzgyaDdxY2c1SGh4cjBsNTU3Um1zdnNCQm8yLTZ5WDhZLUlsaDJmUXJJX0NXdmVFMUNCZzNVbG1NWHp4UlZxc1dueThFZ0g2aA?oc=5
2026-03-11 03:00,Yahoo Finance,finance.yahoo.com,Brokers Suggest Investing in TSMC (TSM): Read This Before Placing a Bet,https://news.google.com/rss/articles/CBMihwFBVV95cUxQUXc5YUtyeERUT1JPVjlhOE1YS0plTzZMQzNwU0QxbU5hUnh4eEFHampreEpEaVJNQU8zbUdLMXltdUxfcmVmSm1qcHNfYWVJQXFPNnNubzNhRW9Nb1VqOVhXNWdZWGJXLWZONG1pc2ZxR2ctYVNQWmdmWHVWcWV6SVAtXzJUek0?oc=5
2026-03-11 03:00,Yahoo Finance,finance.yahoo.com,Prediction: 2 Stocks That Will Be Worth More Than Amazon 3 Years From Now,https://news.google.com/rss/articles/CBMiggFBVV95cUxQZzV5NzZ3YkNNNnRYRlNRNTJBeG5BbGowOU04dV9CYmhkZmY4bUtDSEdobUVYOVQ5V2VQd3pvYjBIazVBMThZM29BR1haRUZ1RUJuaUIzaHR5WW8xSWloMkRsbmtEVUVOMUl4UmtFU3lvZk1fTm82WjV2Y2tqc2N5UWpB?oc=5
2026-03-12 03:00,Yahoo Finance,finance.yahoo.com,Taiwan Semiconductor Manufacturing (TSM) Reports Feb 2026 Revenue Data,https://news.google.com/rss/articles/CBMilwFBVV95cUxOejlCLUdFeHBQVTNERjdsRTFDSkQtQTlmNmZJOGtXbU92UWxMNU1XUEYwd1BRSjJHUXFyS1NBVU5KVUxReERtTTVneVhRZE5fSlVNYllqdzN0N2NWY0J0VTRqaVpRY3p4YmlmcmJzX2JRaTBpVmxrQzFHRTdVR0premVBTFdlXzJJaTd6d3dnUzRJemNIMmFz?oc=5
2026-03-13 03:00,The Motley Fool,fool.com,3 Monster Stocks to Hold for the Next 10 Years,https://news.google.com/rss/articles/CBMikwFBVV95cUxQeUFScVBnRl9xVWFSYTlsMFd6M1U3VUM5Qjg5czlQZWpVMl8tdnpYb05heDgycnlYN2UtYm16azZ2N3FNSFh0N1o4UHFlUzNiZjdETHY1UkFYYVBVM0dKa2xMM1Z0My1hNHpkTHczWEpxd3cxaW1zLUIxajdPRHItdkNGOGtPZHRzd05ES3RzVy1JRGs?oc=5
2026-03-13 03:00,The Motley Fool,fool.com,"Up Over 100% in 1 Year, Should You Buy Taiwan Semiconductor Manufacturing Company Right Now?",https://news.google.com/rss/articles/CBMimAFBVV95cUxOR2plckpZaC1HaXZnQkRSLUZobkR6SkpwTDNiM1ZvU2p6MktRcG9EMzhYa0tBSmRJXzRaVWxWOWZMaGkydmI1bE5qRnRNd21FYm1OeE4xcThVaHdFcTdpQW1laEZjMUlEcEJZUEtiZm83a2puWG0yRDBodVN5enpfS0pIV2w2STZCOFAzTlNuNm0xRnJ4eGhiVA?oc=5
2026-03-13 03:00,Yahoo Finance,finance.yahoo.com,AMD vs. TSMC: Which Chip Stock Actually Delivers the Smarter Return in 2026?,https://news.google.com/rss/articles/CBMid0FVX3lxTE9DRW90eWhvWFAxZVFJQjhCaXhEZjVoYk5jZzQxc2NYZEdPMkRjR3FreUV1Q29td1E5RVAtRl9sZVFnLXk5dGpuYjZKaFVTalRaRHdUMjlTYmZ4Ml9lOTJhVTZDbFZoa2xZLUh2ZEdEQk5ZYm5hYndv?oc=5
2026-03-14 03:00,The Motley Fool,fool.com,3 Artificial Intelligence Stocks Worth Owning for the Next 10 Years,https://news.google.com/rss/articles/CBMilwFBVV95cUxQWUJrLXpaQzV3UlE2TVVDdWdmcGdKNUl2NHE2X3hCVVZNeF9WR0huT0MtMTVodzBSMFluNENmblN2TnBhUjVPVDQ2cjY2Si1jMERDYmNaQjREYk81UjlYRmRVV2VLMjU3YlVlUU9ibzVQNDFWcTNqVWpfdlE1WG9qTEhRLTFUZzZIemVjZThJLWNyZ3g2cThB?oc=5
2026-03-14 03:00,The Motley Fool,fool.com,3 Top Tech Stocks That Could Make You a Millionaire,https://news.google.com/rss/articles/CBMimAFBVV95cUxPQkFwRVF3TWZpWTdycW9aRVdCWm5xZkRFcDlrbnQ0b2l1cFEzb2Q2ajZ3eGQtM3kwSUJGTkpBZXhpSXBpcFkxdzlTaGF3c2tEMU4yZU1obHI5Q0VhSXhZcTJlMWlXVGJCQ1BJdGd1SlBWMjR0bWZaS0hKbVBoUVdPcndEZjFSZld5RGgxTEZid0ZVMDY5bkVIXw?oc=5
2026-03-14 03:00,The Motley Fool,fool.com,"Satya Nadella Says ""All Software Is Being Rewritten."" Here's 1 of the Best Artificial Intelligence (AI) Stocks to Own for 2026.",https://news.google.com/rss/articles/CBMimAFBVV95cUxQLVFiNGV2SEdvNm8wdVltZkJ2d3V5LUpuT0VsZTlXS2Rjc1ZUcEhjQkFxdlYwdk5aVHExa01KVmVIWjhocDBvTjJidUN4TVRkRzA4ZXFFb0JmWGdteVA3Zjd5Vy1oNUpuSVl3X3R5UUNwSkNoOERVNWQ5anA4VTNiMkcxMDZWT3JOc3F4Sjk3ZmlXLVRvUndadA?oc=5
2026-03-14 03:00,The Motley Fool,fool.com,The $700 Billion AI Spending Boom: 3 Tech Stocks Positioned to Win in 2026,https://news.google.com/rss/articles/CBMikAFBVV95cUxOWlF2OHh2Yzg3SUVmRGUxRVhISkpkLXh1SkI2cVlpOGl0em5Ub3dzcEdHXzdoMHRpOEdoQ3ZBd1I3Y3FBQ2t0Tk9KLVBsTFZ6VjRQZzlGNmU5d3VzcGh5Z3NCRGQwR2RJcUc3czBMbmFzelQtZTZqWFpvR21rVWpZc19NMVNGMldrLVFkbmowRmM?oc=5
2026-03-14 03:00,Yahoo Finance,finance.yahoo.com,The Only 2 Artificial Intelligence (AI) Stocks You Need to Hold Through 2035,https://news.google.com/rss/articles/CBMihgFBVV95cUxNa3pKblZwamxfeFI3Q3pOaVhzR2dhaGVuUU52R2pKLVh6cU85UzFZS0ItYlBITjkyOFNTc0pPQ1BOdE4wd3JsbGRsdzNZbnJ2RzhEcnJPR3I2MktQeVREd0Fpa0RDRUxGNTRMbkZJYy1tNk4zTkNicFJmRjlRdXM2TG1sMGxnZw?oc=5
2026-03-15 03:00,The Motley Fool,fool.com,"Meet the Next Member of the $2 Trillion Club. It's Up 97% in the Past Year, and It Can Still Climb Higher in 2026.",https://news.google.com/rss/articles/CBMimAFBVV95cUxPUGh3eFBXOEV0YkhYTWxXZW51VGpvVlhZS2lEWmlDM1AxZWdadjkyT3Z1UFpGUE9Ca0VWd09aemU3MTI5bWh2X09CdHpybkNPMldxNFAzaV9RWkZZSGdGYVVVcVkyZjNXZmFMNWgxdjVPdTJ6aXJXRi11by11dUpRSHB1MVpfTkstdWc1LXRncGkxOExRRkk5Uw?oc=5
2026-03-15 03:00,Yahoo Finance,finance.yahoo.com,"TSMC and the AI Bottleneck: Why the Thesis Is Maturing, Not Breaking",https://news.google.com/rss/articles/CBMigAFBVV95cUxOcWdZeWdianhUaVp3ZTMwMGltYkNrZ2pjdnhaOFZxcUxwUTNnQjJNOTlaNVp6c1VxTnVMZWNwT3J3LXdiTzBMS2NZaEp6N1VJOUxpUmF3eVZCamtLSTNnYVlzWHNUbWRpYndkbkRXTDNHbmlBNjNSQVJiTmFSemhMcA?oc=5
2026-03-15 03:00,Yahoo Finance,sg.finance.yahoo.com,Nvidia partner Hon Hai sees AI growth in 2026 after profit miss,https://news.google.com/rss/articles/CBMiggFBVV95cUxNeDhkRkcwdGtPZkhjQ2pkS0JPM244VXNwb19uTEtjLWdkd0dkVHkzMUNUTWtvS3NIOF93M01jRFBnWG5Ya3RTT0FmaEI0X1ZYRWZsc0lqb0lZSFQ2d1k0d2pxQS1TZDV2TXp6VVBWeVh1VFJ2ZFgzSDhyeDFWcWM0NnJn?oc=5
2026-03-16 03:00,Bloomberg,bloomberg.com,Iran War Chokepoints Begin to Cast Doubt on Global Chip Supply,https://news.google.com/rss/articles/CBMiswFBVV95cUxOQlVJdkw0MDFSOE02TkFQcDMxNDNXZDZrSWdDVjhFNkVidzVTQlRVNG5UYXltWFZCQzZVWks1WDFtR2lYUFJqSVVFTnlKRTgwMHNGQm5ha3RGVXB4UkFuc0ktTGNDNWp5ZjdFbXNLTXVaeWRpQ1AxVU9wQUJuR3ZmWlB3VWh5bjRxYnBJSU1rZWJnWkdHa1gzTF9UU0JhUkFRV1VYR0x2dEtqMkkwT1lsd1VwVQ?oc=5
2026-03-16 03:00,Investing.com,investing.com,Bernstein sees 20% upside in TSMC stock despite Middle East war,https://news.google.com/rss/articles/CBMiuwFBVV95cUxObHRXS0ZyVXpwVHN2VHMzRnhKVmRDQS1GZU5DMVdxYW5kOTRGMlM0Q2VCQllhQ2VzWEFobmd5Q0JVYTZtTGJvSkprTzJ1TGwxLWxQRkxacHBPM3FPN2xhczJadFNjV092WGJRMDRkUVZ2OW9ncWJMVlFSNUg5NXoxMkR1RUxLVkVmZHB3OFotMG8teW1nS1NDWklNQkNYcjJVRG5YdFgzWXpHM0hyRk5LdV9NU2dQX08wSGtR?oc=5
2026-03-16 03:00,The Motley Fool,fool.com,Better Chip Stock to Buy: Micron or Taiwan Semiconductor?,https://news.google.com/rss/articles/CBMimAFBVV95cUxPNnBpekp5OGRicnN2dFlPZW1HVWlTWWFIZW1MNHh1dFhkS295RXJSWU92dGowNjM1emxnNWlVYjN2OHlrcThJenZQeTM0RHJReXFNNmRMcXI1Q0lObjF6QlRIYkgzdTh0V1FUeGEtYWxqYXN2ZnlOYTgzWWtramdlZTdDTFhoanFYdjZoQndlaTlHOGJKMnhuTA?oc=5
2026-03-17 03:00,The Motley Fool,fool.com,"Big Tech Is Spending $720 Billion on AI in 2026, and This One Stock Gets Paid on Every Dollar",https://news.google.com/rss/articles/CBMimAFBVV95cUxPdE5mV1dCTnBqNHJIOXRsNDE2dXRFVmRFZ1VGYm45MmdRV1BtSlZjakl2bGJVQlFQd3NkWGpqa1VGVjZ6d1FZS19jTkc4X2pfQkZiekNpdU14aGxwNHZoS3UwYlczRktXYWJfdEVUOVc4NXZQWGR4YzV1eWRlU3JDSkcxd0VIYnFEeEJISkY0OVVpaWNseDBuOQ?oc=5
2026-03-18 03:00,The Motley Fool,fool.com,"2 Companies That Will Join Nvidia, Apple, and Alphabet in the $3 Trillion Club by 2028",https://news.google.com/rss/articles/CBMimAFBVV95cUxONC16SG9vbmR2ZnIxa2c5bm1FV3hvS1BvNzgxTmNJMHYyVnc0Z0JodkRnU3NGemlETWZRaXV3LVlaM0ZFUmlSenJnQjluVHl1WU0yb0hSZEozbkVpamtmdDlDVmxnMlprc3lna2ktMlMxVElzRzZlaWhjZHA2cEZWdmxxT2h1aDJYdl9oRTBZdTM2MDlUekJMaA?oc=5
2026-03-18 03:00,The Motley Fool,fool.com,Think It's Too Late to Buy Taiwan Semiconductor Manufacturing Company Stock? Here's the 1 Reason Why There's Still Time.,https://news.google.com/rss/articles/CBMimAFBVV95cUxNU0lTRlhzMWZibDZ4TXc4OFg4Z2U3dnU4MWRIRTZZZ1RBRjAyZDJFaF9aMHFobTNUNU5LZEd5SUM2QmllTVZkbmdhWlRMTHNDQXdJejhwbVhLV0FHZDByY2w0VHBnMzlkU1MwbW9KYTdLU3dwTkdST3Y2bi1oNWoxdkREOGNmdDlBeExlSTEwbzNINTNZTnZZcw?oc=5
2026-03-18 03:00,Yahoo Finance,finance.yahoo.com,Buy These 3 Semiconductor Stocks Now and Thank Yourself in a Decade,https://news.google.com/rss/articles/CBMiggFBVV95cUxPcDZDNEdXT0ZiQkZyRHNsaWl2bjlDNE1tYUN4ZFNwVkJfNG0zTEpPclJjT3lBX2hJN3AtQVF1RzVhdmhsc2pZRC1zS1p6eWJ3bFBsSzBXYUpfOGRpT0VULW9sNEZ5Z2hOMHY2YmdudXVoejdyVmdNZFE2UVRBSVJaek9R?oc=5
2026-03-19 03:00,Yahoo Finance,finance.yahoo.com,Bank of America Securities Reiterates a Buy Rating on Taiwan Semiconductor Manufacturing Company (TSM) Stock,https://news.google.com/rss/articles/CBMipgFBVV95cUxNT0FXdzZObjZpODVGT1haMG0tclJvNDNWV0NyOWU1ZkdYS3hoLW1UR3N6Q2NIcC0xX1MwbFRkRm5kQkQzSk1mMUhoT0xOdHM0RVZxSzBIdExzLU5zZ3ZiZzJPWEdkRkhnRW1ibjZYcjA5Y09PQ014RFB4cjdNR1FoWm5XWUxscXoyalpzcWdTcGZ2aENPMHB0MUdXWllxLWxRX3hxbV9R?oc=5
2026-03-19 03:00,Zacks,zacks.com,Will AI-Driven Chip Demand Help TSM Meet 2026 Revenue Growth Goal?,https://news.google.com/rss/articles/CBMiqgFBVV95cUxNbzhhMFVSMlM2UTQwaVR2MTByVUFBQTA3N1JTMEVsNlRoOXhEYUVSNmIwcUltYmJEdnR1RXNoMUtBRzZwNjZuZFo0Zloxb1AtU2JGaWR1dWl0RHpFVWNoNk11NmtHQzY3endtN0VReHEtcjItZ0xNcUZ1NGNSR0lGcmpuUThuYjNFcWw2ZlBJU0JhMUFCOXdhbTdYR2ZLbG9PTWxpbXJwM0hzUQ?oc=5
2026-03-20 03:00,The Motley Fool,fool.com,"2 Unstoppable Artificial Intelligence (AI) Stocks to Buy Right Now for Less Than $1,000",https://news.google.com/rss/articles/CBMimAFBVV95cUxNY3Bkb05tdmRaMjRuUUpiZG9WcXl1OUFuUnpKOU10NllqV0dHbVlGd2VsVzBwUGpIVEQ1NW0wR0ZRVVlnc3BXX2FINTIxajV6SjMwOFdrMHJSdDAwYXU5WlFBWEY4NHllQ0ZhelZjeEttSnJKS2x6d0xKZzBScFExSEp4VGxzckdOVVVMTXdySW5UclZLZkhjcw?oc=5
2026-03-20 03:00,The Motley Fool,fool.com,"3 Artificial Intelligence (AI) Stocks Caught in the Iran War Crossfire, and What Smart Investors Should Do in 2026",https://news.google.com/rss/articles/CBMilwFBVV95cUxQLUZtSjh1SmtLYUM2dFVzY0tjbUpnckxjOExjdG10Y2FEendhMHpfalVVeW13REVVdEtYekpsWDdfcTRHVm1GWDRvbUxwZ202OVl4Y1lPZ0F5LWxrYkxSQU9BU2dNYlJlSV9HZ2d0R3JpSU4tRk1LM2ZRV202RTZiTGhsQlNHNmhwbGYzbXNPdEp2Q0VJMTVj?oc=5
2026-03-20 03:00,Yahoo Finance,finance.yahoo.com,"Long-Only Funds Shift to Non-US Stocks, TSMC (TSM) Stays at the Top",https://news.google.com/rss/articles/CBMilAFBVV95cUxQX2RtMWNndWlmWlY3RUFMRV9jdThhUEliZ2FoUWFtMmZ1VmNRMG5tcV96Zk1NMHRNRUtUejRYT2FIaG1NQ29KUkNjS0JFM1dtb1dGWkNoYWo2dWduZWlHYzVHVXNwQ0ZOVG1EZUNETWkyRzdiY2FrcWxLZXdSeFdZZzJNaGlGSkZELUFnRXRtS2gtRzlD?oc=5
2026-03-20 03:00,Yahoo Finance,finance.yahoo.com,Taiwan Semiconductor Manufacturing Company Ltd. (TSM) is Attracting Investor Attention: Here is What You Should Know,https://news.google.com/rss/articles/CBMisAFBVV95cUxOUURsc3ZQa3BWa1hVSmVnRmU4dktGY3NKbEJybkdTaF9sQkNIQTN3akF3TXlnX3pxWDhLbE50by1qckZCanJBSXpRV1JTSGRGT2FKaWd3SmZlY1JhaEpDbHp3TjBNWFhBc19aZVpBU2hYRUZYa2VqYTVtbXpYYmp3cWZZZmI5TGtIZDkzazY2cmlvWloyd0VJU21nVnV4bXh4WEd6S2xRNXFVTGxfcVFFWg?oc=5
2026-03-20 03:00,Yahoo Finance,finance.yahoo.com,Tesla Just Snubbed TSMC — Musk Is Quietly Building A Sovereign Chip Chain,https://news.google.com/rss/articles/CBMingFBVV95cUxNVFR0VU5kUUNqWjNFY0RTeUdQZkxEN09zb1NzRE5LeGtYTVo3WU91bmdQS3YweFZRWWE5YUtjanluUE8yQzBURXBUUDg2akVOcTluZzZzWG54eXRuNjNNNi02Y1FPbTNHM2IwcW9tUGdudWpqWHJtTmJqdDJiOV90ODVmbnZ4S1dTZDVfRjVBVk9qOGY4YnJlQW9zOF83Zw?oc=5
2026-03-21 03:00,The Motley Fool,fool.com,3 Reasons Why Taiwan Semiconductor Is the Ultimate Artificial Intelligence (AI) Investment,https://news.google.com/rss/articles/CBMimAFBVV95cUxQc05Wb0k2TkNTZ29ldms3a1RnQlNOY21fOUhGMXpFXzFSMmMybFBVdDl5X1dQOEpkMXpEd29qVEhJNHdpTmFadXZIMks0S3RXcllQdk1Tel9ITnhNcG10WWpUNTFQeUQySGlqc1lNYlNJNERQMG51WjBxSXNvVGo0YUZnWmQ1VUkzUFdPb0ZfbkFNN2VuTzNFMA?oc=5
2026-03-21 03:00,Yahoo Finance,finance.yahoo.com,Taiwan Semiconductor Manufacturing (TSM) Staring at Chips Production Disruption Amid Iran War,https://news.google.com/rss/articles/CBMisAFBVV95cUxOWnFSeVh0Uzlud2V1NjFNOGtNeTJWY19jV0dwZ2JIV2NmX0dSNHltaDFienFtUS0wQjB0bFZZRjNadFVLcW5xeW5LRE1VTGZHRUt2TzdnWjRvYlpGLUVRcG14WkxEMTNiV25ISWJRY2tpcEFCLUZ6Qm5sZFJEekMxdlpxS3BIS0liMGVUZEh0TFV5SmJmaG1YMVEzV0RVYXNXZVB3bWpFUHh5TVZqQXNRcQ?oc=5
2026-03-22 03:00,The Motley Fool,fool.com,Are Rising Geopolitical Tensions a Reason to Sell Taiwan Semiconductor Stock?,https://news.google.com/rss/articles/CBMikgFBVV95cUxPa1BqTGxwUmdHUmRGQVBGTVJudFdjeThpemd3RUZxYWlUb096LXRhUGlKSk1sd3A3NkNhcGN0LUF0eks0X05Bd3Z2WHJfZUM4VU9qZDdURUNpdG1hX3NhQkZEOVhOd2RlT3ltb2NXZDRCMkhra0NrZHNqdjBxdDhfbE90YThwQThKMXpGcGZWSjJ5QQ?oc=5
2026-03-22 03:00,The Motley Fool,fool.com,"Taiwan Semiconductor Controls 72% of the Global Chip Market, and the Stock Could Surge in 2026",https://news.google.com/rss/articles/CBMimAFBVV95cUxPaTJmdGQ5azZWMzhneVdkYmExa3JWZG5jQjBIS2RUN2NpOUdiQVdEWURib0JyZFI3cjJaNHFDTHNneE5Ld2lPYkZGY05yeGpadFJ5YVQwelJpaUVlMXVtZ2Q3c3JxWmoyZ2p3ZXFFdmRYVElMX3NPbzg5VnNudmJwM09QazdpSDd3c2dtb0lLX2oybTZnUW80Uw?oc=5
2026-03-22 03:00,Yahoo Finance,finance.yahoo.com,Samsung Flexes Memory Muscle in Brawl with Heavyweight TSMC for Foundry Business,https://news.google.com/rss/articles/CBMipgFBVV95cUxOWm1SMG1salJONV9SWjFkazB3VjJOdDF1SkVuaUNkNWRwMVhLVkhUQzFuNkZicGJzeDlOTHFkaURUM0YxZ2hHeEZtb2ZHNGdCRVNKWGhfTEpCWl8zel9MaXJXNk1mc3ZWVTZ3OWFnbE82UFB1dHVEekNSQzlSN2ZHNUgzZnQzdmxSZDRLM3doMmFhejZiWmZuemFVTThPUW54MXU0QTlB?oc=5
2026-03-23 03:00,The Motley Fool,fool.com,"Meet the Super Semiconductor Stock That Isn't Nvidia, AMD, or Broadcom",https://news.google.com/rss/articles/CBMikwFBVV95cUxNM0lKdVl2YzJuZzhOemdUODN1M0xkdk1nUnlacFJMUS13MHpQdWJjOUlYVGtPbU5QaEtqRndlYlRYTWdyd1NHa3VEbWM4bG8tYTlrWm5YRzROa3QwZzJUcXk1OWVqdzBHX3Rwdkl1VVhMUmwwdmsxQS1yOGNSSEwxY2owSkFFS1hvZHF6LXhhMHBuRVE?oc=5
2026-03-23 03:00,Yahoo Finance,finance.yahoo.com,"Broadcom flags supply constraints, says TSMC capacity a bottleneck",https://news.google.com/rss/articles/CBMiqwFBVV95cUxNTHZ3NHQtVTFoT1lITDhIaEF2YmRtN3IwWGUxRnp3dDNnMEs3SWV6R3M2RGgxYUpzMV82NHVQRTBXUVllSGdDYTZrVldmQkdKZUU5RGhVQlRyNkRTcXVkRDBvUkR0MDRzT2N4Q0VhbjZDdENHdk01aENxblRoeTdMeTFfLXJyT0VQMFl0ZFk2SUdib2F3WUlwbEU5QzdMWi1aNDJ1YmtNaF9RQ28?oc=5
2026-03-23 03:00,Yahoo Finance,finance.yahoo.com,Energy Risks Put TSMC And Global AI Chip Supply In Focus,https://news.google.com/rss/articles/CBMimAFBVV95cUxPRnl5SkpSUWcyX1V0N1NlSlBXZlJyTmdiNzlaWUtWV1RuNENScEpMRFVQanN2bXFwUDhqMDQ5MGl0M0dhN0poOTQwQlJ1Mk56bUN6Vm9hLV82STRmcE1McVlvdnA5WV9UYTV0aFBkOHYzZmpob1NaMWFEYTY4SUl3VFJ6d2FGRTZtYVZwN2E2RjdBRk9TWHM0SQ?oc=5
2026-03-24 03:00,Investor's Business Daily,investors.com,"TSMC Hitting Production Capacity Limits, Says Broadcom",https://news.google.com/rss/articles/CBMikwFBVV95cUxPdi1WOFA2eTE2YjNwMERUMzlGM3gxS1JPYjdXbnowYWhkTU5BUU94OVpTU0drd01LSUo4ejlTcTJTQzdBY0hTTWJEUzFtbFNVSjFpY2s3bEQ3NjdDM194RjhVZ2xmdVJHRmxvOFhfdVVHV0xZc1RPNmhUck1qcEJLcFc5TmJYWThSa3RwSTVfVjJwYW8?oc=5
2026-03-24 03:00,Yahoo Finance,finance.yahoo.com,3 Artificial Intelligence (AI) Stocks That Look Like Strong Buys Heading Into April,https://news.google.com/rss/articles/CBMiogFBVV95cUxQT25wQ3F3QnFkdzZoNDFDUW5CTW9sY1lVVlU5Vl9kcW9qRTVHUFNDNEF6b0h0cktLcTctUnNEbjk5UmM4Z0lIbVlVcDhEem9DNjFXdDloMVZGUXd4UkxLWUIxVEhXUVFTR19VMEJTNHBpdEM0b291XzlMWGNVYkNyTVFfX2xDcGo4bFNTR1MtTG9VM0ZsdmktdTNEdlBrS3ZFZ3c?oc=5
2026-03-24 03:00,Yahoo Finance,finance.yahoo.com,TSMC (TSM) Ascends While Market Falls: Some Facts to Note,https://news.google.com/rss/articles/CBMimgFBVV95cUxQSi1lb0tXQUNuVHVkcnpOX3VjUHVnYkpZYVA5Q2w4U2pGQmpJLUpiZmM3TmxQd3lJdy1UNG1lc1R5Z01BTjIxek94Ymg2S3Y3UnlLMHRSWFA2OE9iRHR0ZHpHUEhWekVNSVpaMTlxdHZIOEFWWUhscFg5bjV3WDQ0TFBiY3MzOG5yU2RPNFV6M3FXVjVYNC1VeGp3?oc=5
2026-03-25 03:00,The Motley Fool,fool.com,AI Sell-Off: 3 Stocks Investors Should Load Up On,https://news.google.com/rss/articles/CBMilgFBVV95cUxQT0NHV3BEb2J5c0N2cXE5MF8xWkZVWWRSS2pqbnRMVXFGRHBTcVlGMjVCVU9TVjBneUR1NTRpdGlPREdQZnpCbFdqNnRHQ0pOYW9rSURwbDZnZXU5ZWlnOHZ2Y3Y3WVhTdVZucm9UaTZOU3FINlNqUXlYNXRpN1Z6bmMtN2w2UnQ2SUhxWElNaUNqVW8zSlE?oc=5
2026-03-26 03:00,The Motley Fool,fool.com,TSMC Has a Monopoly on Making AI Chips. Here's Why This Stock Could Be the Safest Bet in the $700 Billion Capex Boom.,https://news.google.com/rss/articles/CBMimAFBVV95cUxOZl9DOFZOWW1mSE1wSklRTko0NDNVczg5bkZ6VTJwU0dqMVpJVjRyOFh2WDgxQXVMM0JEZXpRUTV6TXhESE44dkQzS0ZOMERqWTdOQTFvQmRITDdwM2w0bUNhV2I0MnZ5N0IyYVNPVGhpMWRYY0FnOXJRbEs0WWZ4b1NFTjNWSk5fUndVTU8tN20tTkJmeW1DVA?oc=5
2026-03-26 03:00,Yahoo Finance,finance.yahoo.com,1 Compelling Reason to Buy Taiwan Semiconductor Stock Like There's No Tomorrow,https://news.google.com/rss/articles/CBMimwFBVV95cUxQaUt3WDIteG8wb2p3UllHYlBoQjRFMGhvamYyUExWZmhUYkNIWl9jS0xHanpkZWdWM2d4dFppU0pYaFNSZl9sVkNKVG5sYjFPM045emlMMWNvVWlpOHZqMzFoaVplaDNURXBaVERrVEh1azdnN042Y0JDM0U5ZGtJcjY4cHZwWjg4TnU4c1F1aTlTWGp0NnRWNmJzRQ?oc=5
2026-03-26 03:00,Yahoo Finance,finance.yahoo.com,Apple Taps TSMC Washington Plant As Valuation Debate Persists,https://news.google.com/rss/articles/CBMingFBVV95cUxPdzVSbzI2Sm1xUkVzRUV2cUhxZFBtZVJYVllpaE5BQTdYNjRaWE9HbUxaZE9xNlFvUDdteEpDM1JvNjJNUFlsUnI4anJGaVNtdXRlaTI3ZmhWZHUwcWVJRVdRak1MeDM4Z2JqRlhvN2hYam03TXk2cWRFUVBzcEhYMmM3R0M0cWMxSDNKYXBISnQtWWRWZlNXNmJIS0k4Zw?oc=5
2026-03-27 03:00,The Motley Fool,fool.com,"Institutional Investors Are Selling One of Wall Street's Premier Trillion-Dollar Club Members (No, Not Nvidia!)",https://news.google.com/rss/articles/CBMimAFBVV95cUxPWTlSclBEeU9YSlc3OEZyMWdvQjBUMGFDbXkwSUluOWw1N1psbFdpOTJrUHoxYXBHY25PSm9kZC1GSjd6d184bmZPZll5NUo1UlY3QzRLUWhtdzJ3UkVjTUt5ZDAzUDZWYzZFelNuXzdTTDVXYWlHdE9ZUl9BUm5oOWRpcTk1a3hqUW84SVhTRDJxZFpjRHNfaA?oc=5
2026-03-27 03:00,The Motley Fool,fool.com,"TSMC Is Down, the Iran War Is Rattling Chip Stocks, and That's Exactly Why Long-Term Investors Should Pay Attention",https://news.google.com/rss/articles/CBMilwFBVV95cUxOZ3hSSjdyaUV2dDkzQ1BNaU5VSWROenVGaG5VYXZiOUZaVnk5Q1NtOVc5OWVOQ3EtMTk3RjZZR2tuU0N4akNPTWxzQW9BaDZKcU9JQmVsQ1NxQldPczNrUGJJQW1XcXA1MnFIQXY4SzdESUc3S0dCLVZlN1VZZnQ5bzI3LWhUR3hmZzlxbzduNE54dmlwUjZF?oc=5
2026-03-27 03:00,Yahoo Finance,finance.yahoo.com,Broadcom vs. TSMC: Which AI Chip Stock Is the Better Buy?,https://news.google.com/rss/articles/CBMikwFBVV95cUxNbUhlc3BKeDI1UzRJQjFuZFZmdEo2SlFQZWNaQlYzWWVaemx3TWtwdGNacEhjUlRGMTRGc05XQmlmal9kMWRyR0IzTXFTZVRTbVY4YnY2MXNSajRvVmtQZVJRQ3FtNFpaS1JfdFdKREFPdmltNFU4ckZTY0t6UzBSblpBREtGbFpEZGptUlFnU3FPSUk?oc=5
2026-03-28 03:00,The Motley Fool,fool.com,"1 No-Brainer Semiconductor Stock to Buy With $1,000 Right Now",https://news.google.com/rss/articles/CBMilwFBVV95cUxNR3pHT0syWmliWGNHRW9XdDdfcld5RzQweDRXaFd5YmR4OURjZDR2ckNhUXpjeVBFdUtRbHV4TjBpNzdzRnR2QzU3cXJaSno0cFFpMTgzODZlV0lfbWxEdG1uT0QzWThLVHF3Z29sbThjN3BDVHJ1LXdJcWRNTldrMnVEQ0c0c3duN2l4R3Zta2FhanN3LUdv?oc=5
2026-03-29 03:00,The Motley Fool,fool.com,Micron vs Taiwan Semiconductor Manufacturing: Which AI Chipmaker Is the Better Buy Right Now?,https://news.google.com/rss/articles/CBMimAFBVV95cUxQQ3ZYWWtLQ3QtSW9iWlFWdUNMZTNTVm53ejM1V2NzLTJDV3FKM1FvcEpuVlNPaFp1RXYtTnRRcWVlMHlVR1NQQkdRR0Z1RVVoU2hfREFSeUhNeHFFeXdJLXJGbE8zRTZfb2NVdkdfeTFMQ2xLQWlrUUlTbTFEazFBa3dyQ08xekFlSGFCdVZVcU14RG9fUXJVbQ?oc=5
2026-03-29 03:00,Yahoo Finance,finance.yahoo.com,Is Taiwan Semiconductor Manufacturing Company Limited (TSM) A Good Stock To Buy Now?,https://news.google.com/rss/articles/CBMitgFBVV95cUxObHRLblRBQkxXTTFjOXBTT21GWFNoNVB3ZWFSdWJRRHI1S1liamhMaGw1Qm9XN1Z6MFBrMzVtWmg1VHZjYjJ5dWJHUTJReUVLTG5yeTBjbzFNN0I2Ujl4YnNGRmp5UWlVcUpXdGIxWnNzVDFwNjhLYU83MTd2V21WWjRRVk92MWtHbWhNMnU4Mk5DTDNvbTdIQWdGckFKUzJVc01jV2hPMDQ5SnMzM21KRnRJVVBWQQ?oc=5
2026-03-30 03:00,Yahoo Finance,finance.yahoo.com,TSMC (TSM) Falls More Steeply Than Broader Market: What Investors Need to Know,https://news.google.com/rss/articles/CBMilwFBVV95cUxQRGlVTWFrdUFxSGxFNlpDNGZLSEJacGVHWXpvOEtjU0Z5LWpueTUzLVdicm82ZGlNYVdEcGtVanAwQUZ1LTlrUWZwVzVrZEZQS00zek81RXpQU1I5QWtOaUF5R1doUTNXOTE0QTBpQlZqT24yYS1vZFRtX1JoLUhjaGx3Sk8yTUlmbXlvMkl3TkF2eDVwamZV?oc=5
2026-03-31 03:00,Benzinga,benzinga.com,"TSMC's Supply Squeeze Through 2028 Could Be This Chipmaker's Big Break As AI Demand From Nvidia, Apple Su",https://news.google.com/rss/articles/CBMivwFBVV95cUxPUVY2QVREcmJvV3Q2T0FicVFDTkV0ZjBQWWdaM2RrVlN1WW93c1gzM015Nmxfa1A3ZlVoUThFY21ZeERqWmlpdThVcm5mV0M3VHN1ejVLdGRkS3M4dTYxcFpYQkVWQjZhTmwtdlR2WFRiY1FZX1lkUGFERlVwLUpQdGFiMUE4TGVDTExEU3BPM3NIRGc1OUlzUF9sTXVlbnEtdFN3VFRIOC11VVpPSm5TV3RyQ05HaXBkZURDM2Z5TQ?oc=5
2026-03-31 03:00,Reuters,reuters.com,TSMC plans 3-nanometre chip production launch in Japan in 2028,https://news.google.com/rss/articles/CBMivwFBVV95cUxPWVRDZzhMWE5Iem9zWlNQcDl4UFhsWENsV1VBS3dYWVh1MVFiem44NHc0ZnE0UHpIN2RZMGtxX09EcDc5aUhZMEZKdHNPVy1OS2tyc0o3RmpHVEU1Yk53RlQ4dlFuMUMxcVBVN2Izc3dxTDVtMTd5dC1CaWJYb2FXekJBXzFMM21iSDhGSG53MHVERWxnQVlnSUlvVXZTcEpCbU93WHotcUs3c3lXUkF1dnJ3N1BjLW5raE1ld0JrQQ?oc=5
2026-04-01 03:00,The Motley Fool,fool.com,Prediction: Nvidia's Vera Rubin Platform Will Create at Least 2 New Artificial Intelligence (AI) Millionaire-Maker Stocks by the End of 2026,https://news.google.com/rss/articles/CBMimAFBVV95cUxQRnltOGUyVF8td2pMWlpLeGRLVTBTU1JDSGdkVHc3dFk1M1VIc1RVbmdoUWp3U1loWmZzaWhnNXlDalRGWktDR2pFWlppVlZMWllSTkx6ZDcyeFA3VzVpMHpOa1lScGxkV25YY1psdWZLT05CN3ZoSkFOTXBuSks4OU5ZRWJqS3JHN3NKVi1mal9DeXNqV200WA?oc=5
2026-04-02 03:00,Seeking Alpha,seekingalpha.com,FLTW: An AI Infra Bet Dressed Up As An EM ETF (NYSEARCA:FLTW),https://news.google.com/rss/articles/CBMijgFBVV95cUxPcTlXc2xFRkZvN2NxblVlV3czQkZuUzktampfLU00VzJFYmRqMUwyZG1VZzJlaXJSVmpqNnNzR2dONEhaUHpSYmJHU01uNUJ4bkxmbmZkTnkzbld1SnRVaEZ4VU5UdzE0MWY0TlkzUmN6M0hMTWhuQjRxakh6OHpSRFlRLVpsdTBGZlZFVzln?oc=5
2026-04-02 03:00,Seeking Alpha,seekingalpha.com,"TSMC: Much More Than Just An AI Play, Recent Jitters Present A Great Opportunity (TSM)",https://news.google.com/rss/articles/CBMitAFBVV95cUxOTFZQTzVvNUIyT0NLVHhYRTQyZGptSkNEMXhBeWxXZjlDcTlvNWpLTEp2WE5fS0NXeVdwcnRfZmc0cE16M1NxRzhuc0xJbEhDeFNIUmlDSm5Vcy1pVU43TEdycmhrbE9tdVJiNS1GVXY5WlBBTndrMGk5YThmRjJtRXhBQXRzbDR3QXhEQm1zd01YS0hOTTFzbVk3cEVhNDNSNzk0ME1ia1FPbHBtM0VTQ3pKNTQ?oc=5
2026-04-02 03:00,Seeking Alpha,seekingalpha.com,TSMC: The AI Foundry Supremacy Still Has Room To Run (NYSE:TSM),https://news.google.com/rss/articles/CBMilwFBVV95cUxPLXpPYk05UjNrR0FKQ3ZPUEMyaHNoS21kNTFISnFaZ1UzN1Y4a0JQQVczT3F3Z0EyVTdFNW93S05PZkwyaklxaHBUb2tHeDJnek05OTJGWUw1NzcteUxwUVhQR29LOU43aWVrYmlCZnlsRTZkakxYcmdDeXdWNlNaMFNYSUtfa1Fyb2lZSVNBbVFiRFEzNUU4?oc=5
2026-04-02 03:00,The Motley Fool,fool.com,2 Industrial Stocks You'll Wish You Bought in 2026 a Decade From Now,https://news.google.com/rss/articles/CBMilwFBVV95cUxQYVFqZElkS2NNdWpna285bnlhMTVLb2RHSVF5VUtHUGNHSDlRY0tHWmNndlY2QWRkR0h5T1NNWnhQa2xpYUJNeDZXSm1rU202LWNUM09fMV9HQ0VsY0YwUk44djh6dmpHR1FCZEdJd0lZaE84UjRmQXRjaHRsalFUcmRHd2ZRNmJQbWxSOEFBNl96R0lWQWNV?oc=5
2026-04-02 03:00,Yahoo Finance,finance.yahoo.com,Can TSM Meet FY26 Margin Guidance Amid Fab Expansion Cost Pressures?,https://news.google.com/rss/articles/CBMimgFBVV95cUxOdUd5eXZCaVV3bWhWRWM0azY0d21iYVNWNFA1R3Q5Y2RmQTNPbXhwUVlKQ3c4ZUZKbkx6MlI5Q2EwSHM1UWxYZlZ3QkozdmZQOXNmWWJSM3gtT1JwbWR3d3ZKeFotZjZsMmJXRlJ3ZjBadmdpTFBUOWJDZUhBVC10anVsVHhiTEMwZzhkaVNLeHZ0NHdsMGRuemVB?oc=5
2026-04-03 03:00,The Motley Fool,fool.com,1 Reason Why April 10 Could Be Huge for Taiwan Semiconductor Manufacturing,https://news.google.com/rss/articles/CBMijgFBVV95cUxOODN3N1dzVG1oaFFNeXZzcE5WOGtSV3lIQUNub3lmT3Rjd19GWkVlVW1abi1lOWhTTEdUblllQmE0V1lJMDc4QXExUl9UWGsyVlp5SmNyZ2M1akttUTlxVTNoZG5JUGdzODFYeDVyXzNlODBXR1VpUlVqSmZ0eEZDTExiUjAzbUNDTlJGaDJR?oc=5
2026-04-03 03:00,The Motley Fool,fool.com,History Says Buying Growth Stocks During a Rotation Beats the Market. Here Are 2 to Buy Right Now.,https://news.google.com/rss/articles/CBMilwFBVV95cUxNMC1ha0t2RG1yQ0RsREFCMTF2aTY2dzFzZGdlQ1JLQnpERWhwWEhwNGZiRDJ3TnFzR3ZmU2J4T2pTRDFCN1dnMGlSSW1xSGRCVVN0U1pvRW5odm1pUzBCVVR2MnhQNGNITnRkMFAydlVXWHlBTHdXaVUtbkhHaHRaWVVBRUpvamV6aTViaENyNEpmRzB1LTFn?oc=5
2026-04-03 03:00,The Motley Fool,fool.com,The Top AI Semiconductor Stocks to Buy Right Now,https://news.google.com/rss/articles/CBMilgFBVV95cUxQeXZ5aEF1SnJtbmJyc0V3V3VIa0U5V3hKUG13d2dUV01MeWNObFVBWjVYZ2dGYzNXeTZ2Qnp1OFRMeU9QLTd3eHhIODJmdDR6NVg1QUFpSS0wdFFmT2p3cjNzblRvb0o0VEZhT1g5ZDdJMVo2RDlOck1ZeENmdWswLW8wX2sxZGZfdWdyU3NzXy1IYmg4d2c?oc=5
2026-04-04 03:00,The Motley Fool,fool.com,TSMC vs. Nvidia: Which AI Supercycle Growth Stock Is the Better Long-Term Buy?,https://news.google.com/rss/articles/CBMilgFBVV95cUxNYkVoemxtekZ5UVJlTW5ZQVJxWFVid3VKcl9maGdKTGxUeUo0ZTRaM1AxS0l5a0J2NVdvTkdlRWVsams4SzVid1V5VlZsLTI5THV0bVlpcWRfYV9SaEtrS2RUbTBMT2s5d0FKRDdMUXpxVUJfN2VTajBRRHBNOXhUbHBpWUlQMUdyMjN1eVhrS2drWlJKSGc?oc=5
2026-04-06 03:00,Benzinga,benzinga.com,What's Going On With Taiwan Semiconductor Stock Monday? - Taiwan Semiconductor (NYSE:TSM),https://news.google.com/rss/articles/CBMizgFBVV95cUxPOGVZbnhXd2UtTE9iZTMwN2s3bnd5S2p2LW84MU1ydENDS2RVRGh0VEdOY1NieV9ieEx1TG9kd0RTUkJtQ2NrNjJjbWRvXzhkenZ2Wk5DQjVTWkR1R0Y1TVJPV0kyQTZvSlN3QXBpQnVITmh2bjRLZVROel9mSDIzNjVSVnRSVmwxZWtCcG9TTG5qd0JlV3hocEdfLVlmTXNzMFdQVDVGYmNELW5aODBsRk9EUGNMSlduYzd0WGFELTd1WVdZMUx0VTdsNmV3dw?oc=5
2026-04-06 03:00,The Motley Fool,fool.com,"Got $1,000? The Best Pick-and-Shovel Growth Stock for the AI Supercycle Isn't American.",https://news.google.com/rss/articles/CBMikgFBVV95cUxNeTMxTUdwQ21BQ2wtRUtpd0haeHpXNVpmYXJha0xPTUwtbm9ZeDNjaURhWVV5aEVfdE9WLWpMVVBLZGtzNkxTMmFwZWNCam00bnRJTks1dmxaZ0psZHBGQzdIWlhNRmRVbXZ5cTRoN0RCVVgxdnA4eE52NlVJa1RnYUJxMktodXlUYXRZYlZvZ01QQQ?oc=5
2026-04-06 03:00,Yahoo Finance,finance.yahoo.com,Is Taiwan Semiconductor (TSM) The Best Undervalued AI Stock to Buy Now?,https://news.google.com/rss/articles/CBMiqgFBVV95cUxQOHFvZnM2WnV5cDUxaS1CcTNNRjRsSW9hU3VXcVNDc3dVZEduQzYzckdnQl85Mms4amJyd3pYR0diRDBqYnBPakdvNHBtQ2RlcnVHZzM3cnFNYTE2Q1RfUUlDUnFack9TYk5XaDNCcE9UbVhucnU3NTUzX3NRV1hQaXVxMGRvN3ZBbkc1MUxRZVJ3dnI1RVc4TkxLVVFLbzRwR2F1YzBMT251UQ?oc=5
2026-04-07 03:00,Seeking Alpha,seekingalpha.com,TSMC: Bulletproof Your Portfolio Even Though Peace Should Prevail (NYSE:TSM),https://news.google.com/rss/articles/CBMiqAFBVV95cUxPYzdKNTE4amxqNVlmdzZiWXRYMHpxMUhSZ1JvMzQ0Sm9hQndBLTgzVzNXRGJrdnY5OTRZTzBvUFBHZVZ4UngyVlZwUXdQaTlnemtlaXozQXNWcTRMdVk1UDFoVFpkR1RVemNHR3hIVk5uSl9STk9hYlp3QVR5V2ppVllWYWNWenZvOWo1eWUwRHdJLUs0MDM1YnNJRk5oWUtMQzdZN0JLa0k?oc=5
2026-04-07 03:00,The Motley Fool,fool.com,3 High-Growth AI Stocks That Actually Pay You to Wait,https://news.google.com/rss/articles/CBMilgFBVV95cUxOMmtBZEVXYk9LSEU3X29DOEpiUFM4SDFldjlMQW5lRHhsN3dSd0RfV2FqZEozVGw2ZVY2R2huR1ZhYmpvYlNDQkJiQ0FvY2tpVElmS2dhUnNtQVlMcl96Wkk2UEtDUkVGUlRwemNPUlVoeWlhUlI1azNMTkxseTJ0OXpkemdnVXB5anB1bUNueVFBUkI0MFE?oc=5
2026-04-07 03:00,The Motley Fool,fool.com,The Big Risk With Taiwan Semiconductor Stock That No One Wants to Talk About,https://news.google.com/rss/articles/CBMilwFBVV95cUxQeHNBUHp6THc1X0RabHd2SFV1MnZaZzlUTjFrNUJDdzFZNUlNNjBQT2hGdkUxX1JQWkUyRXV1NDlxRG42UFQzWW1hbVhiLVdyc1YwSm1abVJOVE9IcmVxUWFyN2NhOFVMeUYwTEJrbTZhOV8yVmJxOGgwY3RadXc4WFNKLTR1TGdCdUx2QnBxVVU0NWsyWGNN?oc=5
2026-04-07 03:00,Yahoo Finance,finance.yahoo.com,TSMC (TSM) Surpasses Market Returns: Some Facts Worth Knowing,https://news.google.com/rss/articles/CBMinwFBVV95cUxQRVUySzFPeVdYYmtzZlNLUFJEX0Vtang5WTBDSExFVURWc0JXNzM1UDVWXzZrWDFxWkdnR19xZGhTT19wbkZfM25TYkxNVnBaRmlvV1RjWmZFOGpZUkY1SlVuSEtldnppZ3VHRUFVLVgwelBYa1g5c1FQQnQ5cUhWYWI3YU9uSUZGb05Ga2Y1eTE5UGt6NlpCVDhDRW0yb0E?oc=5
2026-04-08 03:00,CNBC,cnbc.com,AI's next bottleneck: Why even the best chips made in the U.S. take a round trip to Taiwan,https://news.google.com/rss/articles/CBMifkFVX3lxTE5kNFJwNmVwVUMzeDAySmduOVVuTFJ0ekx6SlFwMk8yVWZsbVg2ek9rRGFPb1ZienlxcmpUTTZtREphLXlzdG5aYkJScUNONmx4NXJfTEdTNWIwWFJfVVBINTdGTDMwdXVkUk42VEc1WWxHTmlFNThxUUc3a2p0QdIBgwFBVV95cUxNQjVPcXNncjAyaTJabE5BeVc0cVVBN3ZIaVU2UlgyVEtqdVVadGQtX09qTkZld3ZSWDdjYnpEczBnZ3ppd1E2anhnSjBxQjRXNFA0b3U0Rm5odFhjcTJ1Z1o5dTAtUENvaGphZnlkRi1GOWxPdzN6NGJFd0s3UUEzaFlZYw?oc=5
2026-04-08 03:00,Seeking Alpha,seekingalpha.com,Taiwan Semiconductor Is Setting Up For Another Beat (Preview) (NYSE:TSM),https://news.google.com/rss/articles/CBMiogFBVV95cUxQcWdJTFJ0MEVqOG01MHMySmdfYmtDbV9ReDZHcEdxZTdjMHZUSjlDdk5sS1JOYkg1YzgwdU54SE02X2ZQbWF1T0preE1tQ3JoOGIzYklzNFZsanZzbE1CS0hHVTRGZVVRcG5nM3hUNjVKenFWUFl5TDJuRExGYXE2STZQNGJZMGxIdVlpNHR0bkpVUDdFWGtBbFRGZHpPLUVnaEE?oc=5
2026-04-08 03:00,Yahoo Finance,finance.yahoo.com,Citi Remains Bullish on Taiwan Semiconductor (TSM) Amid Growing Demand for AI-Driven Chips,https://news.google.com/rss/articles/CBMirwFBVV95cUxQY0tJdi1PMThOVkd4Um5SQVptbFlsVkNnUFpfMnhEMTRRVHVtbmVCYWZjSlQxd3pmc3ZSbXk3QmlRN3U3WlNaTzRwQmhPaDhKSExqS2ppMjVCUTUyVUxKUFkxWVJoTER0dGJqVDNFMkN2ejZFYWp4aXctV0l1ZjQyN0JNNmdoT0c4S3pyd3BTa1NJUTlLVW9iLTJod1NYSkM0QjVtTllic2o4czZpckNn?oc=5
2026-04-08 03:00,Yahoo Finance,finance.yahoo.com,Geopolitical Tension Puts TSMC Valuation And Supply Chain Resilience In Focus,https://news.google.com/rss/articles/CBMiqAFBVV95cUxObWZhZjY3T2M2ZjZvbFM5WC1kdXNXUVlaNlJ5UmxPWTdzTmNwUDM5OW85eGRsRUdrblpzQmFjb2NDTlZJMkdqWUpJV1pMNjh1Y1VBUzN6WWdRcDdKWWFGb1ZnQkJuRjhaaHRtV1dNVDVqVGJvczV1S3ZJM2R3WVp3LWF3NnV2UWE1OV91a2g2TXlDUDQ2SENUNnFkMXR2aXJSN0I3TE1Vdlo?oc=5
2026-04-08 03:00,Yahoo Finance,finance.yahoo.com,Is It Too Late To Consider Taiwan Semiconductor (NYSE:TSM) After 133% One Year Surge?,https://news.google.com/rss/articles/CBMipgFBVV95cUxQM3pSRXo3NmQ2Y19qTG1DeEZCSUpVblIyaDdMT0xueEQ2UWhnX2hPVVRwS3RnY0tvdFBXTFUyM0dGR0dFMjhzdFJnTHRQUl9vM0hfNzRVZTF6SEZDQ2lWQVo4WHFwb1NSVnd4dTVzd1NWMl9xSEJ2aHItUEVBaWhUdjdMQU5xMGRDSHU1cko3blRkUmM1OXhaYmduZURkM0NZNlhVTkNn?oc=5
2026-04-08 03:00,Yahoo Finance,finance.yahoo.com,Super Micro vs. TSMC: Which Semiconductor Stock Is a Better Buy Now?,https://news.google.com/rss/articles/CBMinwFBVV95cUxOWm9mMjgtdzdLN0I3Z0FRU3ZGWFFMZk1nNUJwSjR1eHdQTnRVcGdEbHZ3OUZTN0FGSXdaUDNrRFVSLTM3bHBPdTR3bDFXUzFHSUJiRW1KaUswdkI3czJfeTJ5eVJzSWMxRi1lNHFPOGtKZmJIdHlsUk9hcUhKQ2llS09UbjBBTkh4MkFDbXlWRHgzbk1WcGRqWE9tb21BWjg?oc=5
2026-04-09 03:00,Seeking Alpha,seekingalpha.com,TSMC’s AI Grip Tightens Further (NYSE:TSM),https://news.google.com/rss/articles/CBMiggFBVV95cUxPbnktdlVTdXduWkU1eS1PVUZUM1BiMS02WkxMemh3dTdwT01NRFBMQl9kRnlic056VVNsMzc1d094dTMtMEM5WnhHbFpwRjFaUVRfUGdNS0x0NXRiNUZJLVVFajMtWmsyV2FKdmpfS0JBQ1dCNlFIODBpWk5RZzRxM1BR?oc=5
2026-04-09 03:00,Yahoo Finance,sg.finance.yahoo.com,TSMC’s sales beat estimates after war fails to dent demand for AI chips,https://news.google.com/rss/articles/CBMihAFBVV95cUxQRWlkbVFSdUk4a3BBQmw1c0ZoVDlESGw0QzZSbzFXci1CS3hRTU03bUs4aFN6SURCMkdxMmFsMjlnSDV4SU5PaGc2ZWRxVUJWbmlYbktDVTBQMkRRV1BaOHhPV3JtLU55NVVuN2dwd3haSjNTVW9tT25lak8yNjVXUldsYjk?oc=5
2026-04-09 03:00,Yahoo Finance,uk.finance.yahoo.com,What bubble? TSMC posts $35.7bn quarter as AI chip demand drives 35% revenue surge,https://news.google.com/rss/articles/CBMifkFVX3lxTE1ZZzdVYUxEb21lU2R3Um5uQkNmSHRLOTVpM0I0YVJvRUJSZXB6NEZtYlI5cENRUWZFb2t3bkNhSkVUSHZwZVZtNU9TSEMtUWp2U1BxYWMwaUw5UWVVSDVYX2JwSl95QjV3LXJQTFNlMktXVjFOMWRhWnNoTkhOZw?oc=5
2026-04-10 03:00,Barron's,barrons.com,"Fair Isaac, Coherent, Palo Alto, TSMC, Organon, Palantir, ServiceNow, and More Movers",https://news.google.com/rss/articles/CBMiZEFVX3lxTFBsVHRoZGxLMm0yVmpwYTNET1B6MXhsVDVoMlhmN1VrQURKQWREam9maDktMHJyRGpObm8zbFJ2amhmQTdyeUlfdElVdlZhOHUxR040SndZVGJ2Q3dUXzI1dzB3S3E?oc=5
2026-04-10 03:00,Barron's,barrons.com,TSMC Stock Rises on Monthly Sales News. The Chip Maker’s Rally Just Keeps Chugging Along.,https://news.google.com/rss/articles/CBMif0FVX3lxTE5wT2tKc0dzWTNPTGxRNkxVckNzMW01UUYxX1I2ZzdfVmxYbnFpd0pNTS1DUE0wSnZrcElwMFZHaV9IVHVnLThQcV9pZmZYOHdRVlVZWmJIRjkyWFRyYmxWYl9tdUFBMTZZUks4ZmhBdWtrYmdhWjNVZHkxb0lnUU0?oc=5
2026-04-10 03:00,Benzinga,benzinga.com,What's Going On With Advanced Micro Devices Stock Friday?,https://news.google.com/rss/articles/CBMiugFBVV95cUxNSUh2dE9IYWdnd1Jtbk5odS1OeXdadGRNcmlEVC1FekhEcnp5cjRGc25CU1BsOUV6ZDJ4ZTV4VFo3ZU1iTXZLX2FrYnN4UUxob1BiWVQtUzJySTRTMFdKLXhjYWItX2FVLUU1a0JuekJ5T2MweVZxTmZrZDhuRmg1ck1JZDlVX2J6RlZSQk0yaXZjamJSTkxfRFJaV2dTc25xa01FOTIxRU82RWNiR19TSXBRMGg0eFBGNWc?oc=5
2026-04-10 03:00,Bloomberg,bloomberg.com,TSMC’s Sales Beat Estimates After War Fails to Dent AI Demand,https://news.google.com/rss/articles/CBMisgFBVV95cUxNQzk0SnlzendjeFVXVTVNaWs5aGx3UThMckp2MmtFMDdfMmF0eEYzMVlCel9fZ2NhaWd4WDJ0aGxKQ2p6SWNRR0dpQ3h1V1daOHNnX05HQXMxZUMwcVp0dzB5SVM3Rlh2MmtMcnVLQTBWd0s0MjFNYU5qcmgwUmRPaTJjT01sVnBDVk9pb18tZ2l5WlhBTDNCblNQdkF2bVdrSG5naEdxZG9QejlaSUwteVhn?oc=5
2026-04-10 03:00,CNBC,cnbc.com,TSMC posts 35% jump in revenue to new record high as AI chip demand stays strong,https://news.google.com/rss/articles/CBMiiAFBVV95cUxNTXFOajBvclRZZ0Nxem9tYThILUkwVWRHLTRWMTB5aDNySFM3RHlIeUxvdFNUbGtXRnEySUtWQ0M4RmFWR2hLUEFUTjUzaUdNOVlySWFMZHpIUWU1U2ZMdEEtaHJ5WTE5MXgwR19DUFVwREFfSVF4U05TZk5aVmgtanRySW5OMklP0gGOAUFVX3lxTE11Ul9BWEVTUzFWcER2YkE5SUM4Z09ZV2xNRU82Qlh2Y241ZlZrT242R2F5UENuTFBwTXhaeVNzcWxtX0E2VkUyRVMwa2VWU0pnVVZXczhUWk11U2pReVU4XzV5cHRNWU1mY1BhbW5RbEFnZndNR1FCOGlsaUFwSE5MdlBtZXZsRkktaVk0U2c?oc=5
2026-04-10 03:00,Investing.com,investing.com,"TSMC’s Q1 revenue jumps 35% y/y, beats market forecast By Reuters",https://news.google.com/rss/articles/CBMiqwFBVV95cUxNS3lIZjVnN3A5VS1XTm9rX2NOcUdVMEF4cW1UZkNGcEVwLUVHeUNiVUZ6SDh4UmhfMVVEQi03cUw5RkwwUVRxd2t4aXhCS2lKN1NMbjA5X20tSGlXbHZDNGItbWV5a3lvNW1FS0U3U2JvaUdkTkR3QzltRF9wSDd6T0ZSVWpTRmNTMC1JQ0JRMEUtRi0xYmRmSHE0TVBGUTk0dGpwQ1E0WkQxMk0?oc=5
2026-04-10 03:00,Investing.com,uk.investing.com,"TSMC revenue jumps 45% in March, beats expectations in Q1 By Investing.com",https://news.google.com/rss/articles/CBMisAFBVV95cUxOTlI1VXFEWXpORUsyNlRDVG9CSXpOdFZpM3FtVldoeF9MeTVMNElBNDR4TFk5eHBjdXNzcG1QMTgxOHRrX014MjI2YV9jX1MwMURvUkszcDFQbW1mekJfUTVQV3h2M2pfZTZDbjlQRlBhdU9rMnppVWlkVTRIWUVUTHFJemplcGNFelhVWVNTU0xEUTBic0NHSV81QW9XRDUtQWF6ZnpoMEd5S1ZkSHJSZg?oc=5
2026-04-10 03:00,MarketWatch,marketwatch.com,TSMC reports forecast-beating revenue as AI chip demand defies geopolitical tensions,https://news.google.com/rss/articles/CBMizwFBVV95cUxPY0prOThSRGVDbFRWRW90amVSNzhkTXlBNWRndUpZNFFuT1dFdzItU1BWemw5Q0R4UUxWanNaQ0lmTFBsUFRwRGZFZW1YMTQyc3haMktVWjhieGxWeFFJVWRkbnpBa0tXdG9BUXF1VGZ0QkI5TWdGMzVvblpEd2VIb19MX3RwMFlaZmdhcm1MZURrbVVZaXRtNjlhcmZPNHFQSDBsZnFnQmR1WWJDZ3JBZEFpRDJnZzE0UkE5V0prT3lTR09IUUZGZWR2ZzVRWkE?oc=5
2026-04-10 03:00,Reuters,reuters.com,TSMC's first-quarter revenue surges as AI interest propels sales beyond market forecasts,https://news.google.com/rss/articles/CBMiqAFBVV95cUxQSzk0RHdEN2J2UWc3VERKU2JXWnBVamg3UWtGclBxVWxoeFQ0dTExOVlRN1RNTlo4WmNPc0xBWlpxQUduVkQtTHZZYlRwNE43VzhMVjA4dUVRNlZ3a3dIa21rVFdjb3VIVlVIeXd1Z0NVQkxpVzdOM1JiYkN2Y0lNX3k1czBlTDZQZ2VfTU5DeVZkZUlPVTVSWndldkJjczVyWlhYTTI4Q3k?oc=5
2026-04-10 03:00,The Motley Fool,fool.com,"2 Stocks That Are Better Buys Than the ""Magnificent Seven""",https://news.google.com/rss/articles/CBMimAFBVV95cUxQeHhaTFZKTXA1UWZIdGI4MlFmZkgwTURtX2R4MGFlTUJKNkNua0NTS3RVSkRNd09renRiRmlnUnVfRWlLUjVGVm9YcTJoaVRvZjJIamdOMEZRWlNDdmNyLVhoYk4yX3djeEZYSHJUUHZMY29lRkozMmppYkU0bXZ5QWhZbEFRMmlsbUd2N3FFbWRsU1ZvSWtROA?oc=5
2026-04-10 03:00,The Motley Fool,fool.com,Broadcom Stock Is Rising Fast Today. Here's Why Shareholders Are Happy,https://news.google.com/rss/articles/CBMimAFBVV95cUxPbFZPUXRIaWtEcGZUeWI0SFN5VFVQakYyMlctYnMtY05wWEhVTzRJNjBfOUpYQW9PX01meFQwcTZSWDF3QV9ocEQ0dUtWdFpabGRoR3lVOFhfbmNLaXktc2pWZVZCNU9zZzhCZXdEeHFlc3J6NHRLY25zZDZjX28tcHJUTE1XT01kYVRENUVXa1NpOWN2ZVYxYQ?oc=5
2026-04-10 03:00,The Motley Fool,fool.com,Prediction: These Will Be the 5 Largest Companies in the Stock Market by 2030,https://news.google.com/rss/articles/CBMimAFBVV95cUxNNEdUMlFSVjVtdFFoak1VTENlVzBhT29JWS1oUjQzcXMtQmVQWUJOT3BCLUFYVWtNbzdITHRreXJtdmZORHAwdDZZRGJKdjRZQVI5em9UUy1xRHdjSENPNG9taFZpaW16aERXWUtJQklEZ1BDem5ZLWdPVlozby1ldktRc0Nnc0RQYm8tRjJLQUdWZzNSNW9UWA?oc=5
2026-04-10 03:00,The Motley Fool,fool.com,"Stock Market Today (LIVE): Datadog Slides, “Engine Still Humming”; Chip Demand Check—AMD Jumps on Friday",https://news.google.com/rss/articles/CBMigAFBVV95cUxObE5DUnpmTUwyTmJYSGc5LWlMS3J5WTVEV1NEMUY4a09Tdm82TFRfSGdtRVhQVjQ3djNHQ21NSElEZGhsS0FtOTh1OU1pQVYzTjlxNlFid0NWaks4UGp1YUVPLWVGYldQUXloQkh2cFpfLXFYcHM2WnFtbHpQc1pRaQ?oc=5
2026-04-10 03:00,Yahoo Finance,finance.yahoo.com,All Eyes on TSMC Earnings on April 16. Is TSM Stock A Buy Now?,https://news.google.com/rss/articles/CBMilwFBVV95cUxNcG5xYzFGVzBzeVBLZ3JWTjVPelU2OFpvT3NvQlBocmc1TnhxYzZ4anJ0VFdtdXotRlo5LUNlc3NtWGJ6WWpsVWx4ZU5sZnc4ZnpKWE52cS1UZEpXUnJyTExuM2FLSWlPRW95OEVmMldaWU1vdU5IUWlnUHNvc2VLTzJfWkthdHpFMW9Id0lqOERBdmZLRndZ?oc=5
2026-04-10 03:00,Yahoo Finance,finance.yahoo.com,TSMC Q1 revenue rockets 35% on strong AI demand,https://news.google.com/rss/articles/CBMitAFBVV95cUxNanJ0UzVLMnpSOVdlZmYxZGxlZTR4cWFrZFFGRHQweHMzRjR6VGk2WHJkenc2UUZfTmdDXzYzazlPY19tTzJKRzV2SU5QZXJ1a2daeUtJUFAzRzlsaEc4aUZVTU5tYjB5RUg5SUtFclJSZXFZQ0JZa2hNc2NhNjNuU1FYYk1nQkhiNXpXRGFiUy1fQmNpYzVvSFpYR04yemJPUjhCLVRMWU1QT1VJcm5FUGxqVTE?oc=5
2026-04-10 03:00,Yahoo Finance,finance.yahoo.com,Taiwan Semiconductor Manufacturing (TSM): The Best Under-The-Radar AI Stock in Billionaire Ken Fisher’s Portfolio?,https://news.google.com/rss/articles/CBMirAFBVV95cUxOTmNCVUV2ZzktRkdMQnNubWQ2ZUJiNnFCOG4zcXpySHgwRnpjVGQ4QzE1ZkZWOGFveW5BYTJCWHRXeUFqcTVoQWVHUURPcXFmcmpOWWFkaUNQXzMxcG1ZYTlDTTZFaFBoNEp1c3FCUjZZcFFKUXRzREZtRnpoS3BaRnM2RnFqQWMzSDhxVndnVGdCM29qQ0YwbFFacGJqOURZaFNNMWZsOElTUGo1?oc=5
2026-04-11 03:00,The Motley Fool,fool.com,Prediction: The Nasdaq Downturn Is Going to End Next Week,https://news.google.com/rss/articles/CBMimAFBVV95cUxNTTdMTmUtV3hvU3JlX011U29QS2ZCaGpxbzdhVkJoUkpWSEw3cEF2cVV3SEM1U1F4aDJtSjdvZU96RDZzdW5VS0QzbkhCTDlGUUkxYldwWnN4V0FzTEdHWEgxRklPVW1JeEhuZmtHaWVZOHZUZXNncVJOZ3doSkNkdlVaNFBjdzBDc2lGS3VPTHNwZGVUanRlaA?oc=5
2026-04-11 03:00,Yahoo Finance,finance.yahoo.com,Assessing Taiwan Semiconductor Manufacturing’s Valuation After Recent Share Price Strength,https://news.google.com/rss/articles/CBMiuwFBVV95cUxPSWZ5LWZEUW9DTkRQc2doMXh1aWFwUHVrMUxOQ1A4a0pLVTd6eXJGU3lPZ2c3bWxCZmJMUV9QTFU0alYyOWhyeXlaZGJjZUtXSlZSTnhtYnFnSTlDTk9vZzd4T2lWczlOaHlZZ2VqYzJlbW1nTkRMeFpMTEEzNXE3a1g5TkNLVWp5SnU1RVFjZThfbS1sZGZiYjNyalMtdHVFQkJOZHBpLUVBekhuUmg3Z1c3VWJBUXlqTWhJ?oc=5
2026-04-12 03:00,Investor's Business Daily,investors.com,TSMC Stock Reports Strong March Sales. AI Chip Demand Booms Ahead Of Q1 Results.,https://news.google.com/rss/articles/CBMinwFBVV95cUxOZDVGY0x4R0hYa0xuMEN0MFBueF9uT2dqSGtvNmtKT2FHRnFoczRVTVlEODRvaEJBY3FBN0dWMFd6UkdhYkpjYTVMQmFVZGxtU0tSRHRHY2hDbkRLTWtPckpnZVJLWlNEX1dJMms1c3dHcEVJd1dXZVR0R0lyMWU5ZFk2SjZRaFNKcTRYZ1FrZGtqcUc4LThyOGtVd1R1ZFk?oc=5
2026-04-12 03:00,Reuters,reuters.com,TSMC likely to book fourth straight quarter of record profit on insatiable AI demand,https://news.google.com/rss/articles/CBMizgFBVV95cUxPVDlubVppNDRWVEVzemdMd3oydHYwRHZUYWJGdEdWMy1vSkR5VTU5M2hUeVdYc0c2c2MyNUVwb2FVNDRxNVVMNDFxbWxEV1gxUXBxa29BZnpCaUVUMFVRbDNLLWhZVGFVZ0toQnpJTWpETmllWDZOSGFnOVpIb1dXV1ZELUtnME5hQ2J2MVdGMGlYNHNzeTY4VmI2Z2VTcll6R01XOFY0b3pnR1pNd2ctRFBtdWlhc2FxT1k0aGZvbXl4dElvOFVnMGdtd09uQQ?oc=5
2026-04-12 03:00,The Motley Fool,fool.com,1 Wrong Way to Think About the AI Boom Right Now,https://news.google.com/rss/articles/CBMilgFBVV95cUxPd0Y4Ry1WWnNuN1RvbVdLNmpSOXhxQnJmNHYyaHlwMFo2RXJvbWZOZ2VzVDhyY1Ftc1pYYmdIYVBMbWtuc1d4UVlOOTlGa01URWxZVnhSSnlGaU5MNVc2RGUyZzNNWmRXbHZhSmh5Y0ZVNzRRNnVpOGVUSEJfLWg1YXdvRkxoZFpqNGJGT3Nkek5wUmNhalE?oc=5
2026-04-12 03:00,The Motley Fool,fool.com,"Got $1,000? This Pick-and-Shovel Growth Stock Could Be a Long-Term Winner",https://news.google.com/rss/articles/CBMikgFBVV95cUxOYjdBYUgtMTA2ZUpUMnhxeUtPZV9Pc1pHNzJCQnJGXzVnMDBRUnc2am91bGhURHZZNlN1b3FtTkVjU1A3NkRnM3dtcmtHWkZfRnJjUFE1VklxdVlSRmdkUUs1NGp4VWRkYXNmX0M0Z09SN1dFTHdfV29uX010U0JQdDNYWjBUNjNIMm5HTkJKQk5sZw?oc=5
2026-04-12 03:00,Yahoo Finance,finance.yahoo.com,TSMC’s Record Q1 AI Revenue Puts Capex And Growth In Focus,https://news.google.com/rss/articles/CBMilAFBVV95cUxQd1hrd05KUjFQYmVZUFBGRnJCTERxald3dFoyclFTRFBaUnVCTGw5ZF95NFFsbE9TME96akRXNDZIVzQ5NEFfT2M0TU1tdXg5ZmNPeG9ubGZMVGNxM1d0OUtBcU03N0Vhb1htdjdMS01iM21VZ3ZXRU00ZFJMZTJ6VHItam4zbnlGT0k3elZZSUNmdGpE?oc=5
2026-04-13 03:00,Investing.com,investing.com,BofA raises TSMC stock price target to $500 on strong AI demand,https://news.google.com/rss/articles/CBMivwFBVV95cUxQcWdnNnBBMWxWQ2tDVXl2djFVOHRxZzRNMGMwQ1NXd0FXa2ozTV8zaUY2RjZxMlRCcmE4X1NkODdVS05IUFFHRjE1VzVSV1lYMHhaSFJlMm0tRlFsN2JhT1lqa3hUdjJGZzFtd2ZmVl8yR0RudDdhMmpWUVpoWVExbkhDTUJXRlY2Si1CcjEtZzZsZk83LTBhSTJfVEpZYnFBYXA0R3NENExzRkFzbWI1Zm5nUEktaWhXb1RFZWZsRQ?oc=5
2026-04-13 03:00,Investor's Business Daily,investors.com,Why Monday Begins A Critical Week For The Stock Market Rally,https://news.google.com/rss/articles/CBMixgFBVV95cUxPSEZOOUtmb1g3UGZxR002MkVxRl9wYUotXzNfSEJHRXlvMGpZaUFEQkxQakkxUUVYSW9Ed05rX1poUmgyWE43NWQ0TEF6VHY1U1N1WXBTUE1SSXFBVTBiZEREZFNnTFdhSFl2UHY1eUdPbzhRd2RQYURUa0tmNUw2djNiUWJ3ZUtYNFpnaVA0LUdpSnotby1NajFRbEliV0RzQTc4bW5iaDVQLUNvX21pZWpXdjlNeDhZa2U0cTcwMkgwaU13dWc?oc=5
2026-04-13 03:00,Seeking Alpha,seekingalpha.com,Taiwan Semiconductor Q1: Middle East War Consequences And The Zero-Availability Crisis,https://news.google.com/rss/articles/CBMixAFBVV95cUxNNkFoZ3EzbWMxeVZlekZnaFlvVzBIbGpIc1VUTURjOWNkMEFQUTV5RkJuZzlENGxRNTF3RWJyNTl3ekxHQzNhUlVEZ283SVNUMVFMTnI4WVZKR0gzbGJrU2lPMkdqYkJCdFdnQk9mbXZaQ1FWenFheVRCSGNhMktNeW9BLW1vN3FDbkFkMjV6UERnTDI1am9pS1JtbzdmWFVQSkhhRTByU2dGdVZJRHFSNzBGWmxyUXlHOVVNRHI0cmd5M1V2?oc=5
2026-04-13 03:00,The Motley Fool,fool.com,3 Promising Dividend Stocks That Insiders Have Been Buying -- Including Taiwan Semiconductor Manufacturing (TSM) Stock,https://news.google.com/rss/articles/CBMikgFBVV95cUxPcDhGN1A1RnNXdlpRbDdidHItTWhBWllvaE9LeG1tY1JpUlZPVmVXcllTbWJaRG9LNHMyb2g1MmZXa3F0bk1nOFRGOTd6a045bWhmcTl1cHIybHUyWkZfNmt6WF9LdlFTMjF6TE84YmUyeXJGNU5kRjRmdkJkbS1aT1RXbElBTmFuZ1NhNjBrYmREZw?oc=5
2026-04-13 03:00,The Motley Fool,fool.com,"Got $1,000? Buy This Super Semiconductor Stock Before April 16",https://news.google.com/rss/articles/CBMijwFBVV95cUxNcllJM1hQUXBXZzBRMjdsVHZxY1RENmNfbXFobUdoOERlSWY4YWt6a2JSR0FIVU1OLVppQjBuSERtVWFLRkdyWnI0UWZpSTI0SjVXWUxOZmlUTFJsU3FWSmNpOE8wSFBRVjI4aVV0RjVQLXVnVzViT3dzVW90bm9qZ0UyUW5Jd3FVd2xNdC03RQ?oc=5
2026-04-13 03:00,Yahoo Finance,finance.yahoo.com,ETFs to Play Taiwan Semiconductor's Upbeat Results on AI Boom,https://news.google.com/rss/articles/CBMiqwFBVV95cUxNempEbUw5Tmw1NFhuYS10Uzh3WHhWbmNkYUE3WjlsTmVSdWxJODdLSnQtbUFrWXoyUnhoTkJDR0x2QV9OV1I2Y29pMEVLMHM1RTNNUmxlbGl5eVBXWEN2bUdGdzh5OUhlakpiNjhVLVlhTnYxZXk0YVhibFAxMGRZaVo2cE5nNjVNOE5nREItN2JaWWxnRUNaUkxSTnV5cV91djlUQ2JXUmdieEE?oc=5
2026-04-13 03:00,Yahoo Finance,finance.yahoo.com,TSM Likely to Beat Q1 Earnings Estimates: How to Play the Stock?,https://news.google.com/rss/articles/CBMilwFBVV95cUxQQzBUTnY3b1RGSjhQdVJ5ZGJGbXpsRjVORkVqeWZVZ0FYRmxZS1NEUURTYTdzMGJIZFdYejNlN0NaeWxHWGlMMWFHWlFQV1VxaENjUzRSS2RZR2hfb0ZBMHR0ZEVXY1pkU1ZBTnpLQWZtbmtnb2VEeVNOMFJEZ1N0OE5oU2pqZGhvNUNsTFpuMnYzQ3IyblY0?oc=5
2026-04-14 03:00,Benzinga,benzinga.com,What's Going On With Taiwan Semiconductor Stock Tuesday? - Taiwan Semiconductor (NYSE:TSM),https://news.google.com/rss/articles/CBMixgFBVV95cUxQZGkzVHRGU2VYSDFMb2F0R1JBdWlnNFN0NUl5OG1rU3d4QmVJcFA0NVhaSFd5dHBuTVRiR1lZVTNOd1dFM0VLY3pFX05McUdLaGM3cXBQd0luelhUVjE1eWFPM0d5MXRlbFcxZ3h3Y0Y1SHBXOXdadEZYQkt4OWllSGZFbkp1dXgxVmpDNXRwSFA1UUxKZlVfYWhTdU1pV2JRTmtuSktmalZNQ1JNZy1lYUl2UTdQSnQ1WHFkNTlObU9Fcm96MFE?oc=5
2026-04-14 03:00,The Motley Fool,fool.com,Massive News for Taiwan Semiconductor Stock Investors,https://news.google.com/rss/articles/CBMimAFBVV95cUxOWEtkNE12TUUyTmhDZkpyT3hUdjNRcklvV1lpRFI2YXFJV0RqS3EzaVJEMGJqU0d6elU5dTJob0NNa24xaW1DZjNEY3dOVlRydjNsV0FRbkpEQ3l3QkZaaUxQYkxRYU9BQVlyVXJrTkpkNUdiVnota0w0b1VBRk90T1RLOW5yVk9VanlxcXYwRzZqN0dLcHBTUA?oc=5
2026-04-14 03:00,Yahoo Finance,finance.yahoo.com,"Got $5,000? This Is the No. 1 Semiconductor Stock to Buy Before Earnings Season Really Gets Going",https://news.google.com/rss/articles/CBMihgFBVV95cUxNYVp1UHdmVTdnSkNveHpzRnVveUZHN3JFdVBNN0NBeXdNX3hHVUt4N2xtT1NCWXNMeE5BQWk1V3dwTGxraXlwU29ScjUtVUFoUXdvRU0zakpRel9TMFFwN2JmWFI4ZUlWRmdZYmh0UHV3bjJ6QXBEVEx4S0Z3dG9TZEZMUkdEUQ?oc=5
2026-04-14 03:00,Yahoo Finance,finance.yahoo.com,Why GF Securities Analysts Think You Should Buy Taiwan Semi Stock Now Before April 16,https://news.google.com/rss/articles/CBMingFBVV95cUxQUnhZaVpwUEV2eUNzSENyMzZHbV96VFdDZDhZRjVhbjFfUWhmWS0xU1AtTG5XblY2YXlHU2w1a2tBaWVHTU1QNGxwbVpqV1lHUk5NdWxYUnlqcTFRa1VjbVRuNWFBTlZjSDBRZWVpOTgzbG9hQkZwN3g2c1NpbmstTDRrV3hXRlhxUUVWS2RKRlotUURaMHk5S2FTUWhNdw?oc=5
2026-04-14 03:00,Yahoo Finance,finance.yahoo.com,"Zacks Investment Ideas feature highlights: Equinix, VanEck Semiconductor ETF, Lumentum, Taiwan Semiconductor and Comfort Systems",https://news.google.com/rss/articles/CBMiqgFBVV95cUxOWUN4X2g1MFlBSzhOa1JmZWdpTEZQV2ZhNjVBbUtVUzhITXUtU3RYS211ZWluVnZ4YThnVU5OQ3dxZ0JIZ3JIWmdPMWdRLVVIZ2pGNTU1cldtZlBQbHdmQm94emVIb3dMN29JYTFzOEtqREJabzV3Z3lLMDlSNy04aWFEbjJWSi1zMElybmZUalpXMm1rcm1lWTFUQ0NaTGxBX1VaUEtGMmV1Zw?oc=5
2026-04-15 03:00,Benzinga,benzinga.com,Taiwan Semiconductor Manufacturing Q1 Preview: What Could 12th Straight Double Beat Mean With Shares Near,https://news.google.com/rss/articles/CBMijwJBVV95cUxQMHh4YXJKcnl1Rkc3NXVyb2RvZ1lFM3lfM0UyWGZVUWJER0Q4MGNSWUF6ZDdsdjF2eWxiRHlVWUtTZHFvQUoyQ1pYT1dRbmI4Y0JEVkdHVEdRSDh1QU55N1JNTTNKXzJEOXdNY3F1N0pDTThtTVhPSWkxcWtTQ25KV0l6NUxQMEhmOVFLUmZGcUtqczJCVUt0YkNYb3ZmaHdfTXZGOEJGS29vMkIxTmh2YmlVcjRTU0t4Um1RMEFQWFEwTV8tNW1UTkpEU0IxTjNhclJvbm1XVUUwSC00RnJudUZEbF9paTh2ZEpFMGJvSEVNcFZib3FRMEFOUTQ1WGZyTXUyNzBrU2NHRG1UVkk0?oc=5
2026-04-15 03:00,Bloomberg,bloomberg.com,TSMC Rides Retail Frenzy to New Stock Highs as AI Boom Returns,https://news.google.com/rss/articles/CBMiswFBVV95cUxOc3RsNjlPeFJ0MHI4REM4VVFIQjMxSFdBdWFwTHY3MjMtQWMtelVCRXVqUUk4SmN3dHNULVp4Z2lUWVB3UFpleVZYeEl0eWV3ZFFCS1gyYTl1ek5qUF9JUk1hMDNoRmljWFFCT1loUE1ERDdkcElwWEYxcHZLQ29zUWduXzRzT1lXTHY4T2ZadlEwYTlHR21fRnVuekl0UjVnZEVCUXdxc2Rnc3lGOWc4YXc0MA?oc=5
2026-04-15 03:00,Reuters,reuters.com,Breakingviews - COMMENTARY: TSMC confronts new contenders for chipmaking crown,https://news.google.com/rss/articles/CBMiqwFBVV95cUxPX0pmbXNvVzc2clRBTWlVNjI4Rzd5dG1fTk4wd1drcXRnUXhGS3A4ZExUSmdkQmZxZHpmR0JDM1JUSEVuNFprdmJuMGpfOEwtV1NkeHNrQW90ZFVIRFM1am9aUHM3ekJwaWZoSzY2eGtXMTdhdFpYVlJyOXZnSEhiTFlENnMtZ25STEdTczhkczZBb1U0OUdZX2VwUUhJekxsS2tyLVBxXzhhWkk?oc=5
2026-04-15 03:00,Yahoo Finance,finance.yahoo.com,Is Taiwan Semiconductor (TSM) The Best AI Stock to Buy Now According to Brad Gerstner?,https://news.google.com/rss/articles/CBMingFBVV95cUxOazdsNXQya094c290UXVJSGdYSnFXRFM3cEFKZ2R5blJwa2dEcjFfbWxFa081eGdnMV8yLW83cnBYQktram9fSTh2X2JqT1B6Q0tVTlZQN1ZteUkxanJfa2pKRHZhZldoN0l0eGY4a2ItYXpfSE03dkxYQ2VvWElTX2lUZDBvZjBxdzdQV3lnNFJCcXpmM3FYbE9faFZPUQ?oc=5
2026-04-15 03:00,Yahoo Finance,finance.yahoo.com,"TSMC Q1 profit jumps 58% to record, beats expectations",https://news.google.com/rss/articles/CBMikgFBVV95cUxNdlNTMFJvZkp0bWpZcjQzanAwWnNvd0xRUmd3eXNvMndtMFMzb1JCMlMwQ0JxREN0X1g0YTVzZXhndDdCTXVNUUhPalRCdHd4dXJRMGJDQzRzUzhzX1V5NVFjdHFReUdXOGR6Zmc3NG5yMURfZEJVbTZfaTVtWjdqQXJiazV4TUtkTnBGRWNvY3NyZw?oc=5
2026-04-15 03:00,Yahoo Finance,sg.finance.yahoo.com,TSMC raises 2026 outlook in sign of confidence in AI demand,https://news.google.com/rss/articles/CBMihAFBVV95cUxPQ1hlaUQyWjJhVU8wVHhCWndjWExLTUlXZER6Q29keFlOaDNMQWpNR1BsaHR5LXlSR1VMY2FkV1dqcTBLc3pfRHJDSjZaaHk5MTZzUGNYS3dKbmlCcWVtMkpTbVVqaDdndDFiNTdKSDBuVkUyTXk3Mkx3ZXV4aEY5eVJRb08?oc=5
2026-04-16 03:00,Associated Press,apnews.com,"Taiwan’s chipmaker TSMC reports 58% jump in profit, warns about Iran war impacts",https://news.google.com/rss/articles/CBMiowFBVV95cUxQb1FnRTZQemhka01zdE5sRzg3dm1lamxaYnZyUmV5aExUSTJxUkxSc2RXdG5YMkJycTh2NVM3QV9obWZ3NWxpMTZiU29QWi0yQU44cDZvckQ5bUF4NWs4WTZVYW1DRWlnMjBQOHJ0UU5xQ0VBZy1DMjJPemRnZ2hHVnQyLW1OTm0wTEVNTzZ4OC1veFVuZURVVGc5bVYxVkxfRWFJ?oc=5
2026-04-16 03:00,Barron's,barrons.com,TSMC Stock Slips. Chip Maker Flags Higher Spending After Earnings Beat.,https://news.google.com/rss/articles/CBMihgFBVV95cUxQR0drOTlkWjhzQ0UwMF9sVDVZV0tIMGNyYmsySE1yb0U1WXZla3E1eGpKa3FtMU9ELV9hd1FTZVdKMDRia3RJWkxfcjBrOWRWSFJmUmhzU3BKSXcwMTE3QjhScXZ2dkdsZy0yUVRKdG5EY0dXcmhNa0xWeDNtTWJuMEFpWi1odw?oc=5
2026-04-16 03:00,Benzinga,benzinga.com,AMD Rips Higher As TSMC's Blowout Guide Lights Up The Stock - Advanced Micro Devices (NASDAQ:AMD),https://news.google.com/rss/articles/CBMiuwFBVV95cUxNb1B6cl95VkhnaVNGQ1ZwSVNUbm9uQXNvdGgtdjFFSEdLb1VXRm5BbWxRSDRjOFYzUzhQTVVqUUZVV2hnREg5eExxX0VxdUhabVduYUxhSE10dVpVRmtKYTZEZ0djYnNxT1FXY3lyNUR2cExmUG9fOEhMczJuWWNPS29nd3BiZGNtc0pIX29zQ3ZFMnhHTDVYWGlNNmd0WllDQVJXSzQzTzhCMFlJeFJKemctMnppc0ZPbG1F?oc=5
2026-04-16 03:00,CNBC,cnbc.com,"Stocks making the biggest moves premarket: PepsiCo, Taiwan Semiconductor, Voyager Technologies, PPG & more",https://news.google.com/rss/articles/CBMihgFBVV95cUxNNXZjSkpoeHNOaVo2MVZGUkRSSGZ6Y1FNVWF3VXVfamhwUGdPVHc2Sm1PYVAzNWxiNTdyTkJGcmVBTDNqWlg4cHdXWk1pSlRvMXpHOWxTR0wwUkszeTVLc3Z0QTVxZjNUOG9wSGdJaVRyTm9vMkNEWkFTTG1oME1YOFpaNWs0dw?oc=5
2026-04-16 03:00,CNBC,cnbc.com,TSMC and ASML post-earnings stock moves could be a sign of what's to come from chip companies,https://news.google.com/rss/articles/CBMiiAFBVV95cUxQeV9WUFp1bHNtbFUtVk91YzhnTmlTc3RlVEl4VFBrYjdsbW9qREVaR25HbVR0R01ZN29SUVA2TW5DT2NhT1ZBNG9fR3RyeVdiY2lzYW1SMFdiS0VzVEh2WHJ2aDY5MWFIODZCR0VCV0QyNUpxekZBeGhFQkZ3Ukk4SGk1M1BHemlN0gGOAUFVX3lxTE9hVEliU1FCZy1EcGg1TktDbGtIQ3RnTDlOZXc3cjMtTDVuWURwM3JNaFlzVmpScXZXVG5fQUxNeWJVS2s2eTFOdE9MZ0hHdHhiRHEyVDIyWFVMNHhyU2hxVTRsN1BQTGJXazQ0aG1QMkV4bEZyaEp6a2Fmd3FVM29TTnBRemtCOWJMcHZNakE?oc=5
2026-04-16 03:00,CNBC,cnbc.com,"TSMC first-quarter profit rises 58%, beats estimates as AI demand fuels record run",https://news.google.com/rss/articles/CBMijAFBVV95cUxQRWZwMDJTU0dzUHVkSDZWLXNRRnVSRXlkT2lHSDY3SWppdk44dWtuYVl0OTJFRGJSU2pFblNuNkVxei1fWWlZbkVJT21BRkNVVXhjdjg2MDJLVG9lc2RkR1o5Y080ZzdzWDV6TC0zV0dZdUk1SEx0SzBxWjQyb251UEVRZldfRV9DaXNOYdIBkgFBVV95cUxPSFNUTmRES3NvLWYyNTRJNzh2WDExblRPRVpwbzZiOHRIVzA5Mm1memlLOEFZS0FoelRWREdBUVpCVnEzS0dHWloteklmLUxuRXp5eHJZWl9RT3Z1U29TOGQ1ZUc0ajlVLS1qNHVDcFNnb1p2X2RieENtWkNvZXQ0d3FPVWEtZnotQXAwSUh5QWtSdw?oc=5
2026-04-16 03:00,Investing.com,investing.com,Earnings call transcript: TSMC’s Q1 2026 shows strong growth and margin gains,https://news.google.com/rss/articles/CBMiywFBVV95cUxNNHppY1dyX2FqUW5sMVZrVVpDZ19OWThtYnRmd1hOSmF1RnVRaHV5YTVYTVhsVTJaa016cXNWT1NFcGxMdi1GRmhlVnlYdzZFSzNCUzBpa09oZVF3aEhvOUNMRkFSYlJTeFJWWVkwd0F3UXk1dW5MMGJBdHlpRjR0S1hxMWVPTExENFlGSHNWd21UOXFnV051ZXVYWF8wMjNNLXc2OHk0Q2lwYU56eU84RU1PZEhfcFdTUndtY0tkSV9vMkxnOVZqVnI0NA?oc=5
2026-04-16 03:00,Investing.com,investing.com,TSMC Q1 2026 slides: margins soar past guidance on HPC demand,https://news.google.com/rss/articles/CBMiuAFBVV95cUxPbjFJTS1OT1RWTEo3c3dSS0xDVVlqQmdaeWVZZmdHMlNaSWRGTFlLeC1Dam9kbk54ekFjOVVWVUNzM2d4MGpZaHg5MHJBalZxckI4Tl9zNmg1NlpVZ0xNdnFuWl9EOFl2RjVxUllaS1Z2RkUyM2lpY3JrZURwdGoydjJ1a0xxRU5TZzZPOE9JSmNYMjB4ZnBxOG9yblBjdHhrbXRVemtFTXMyc3lTbk8zSDF6MExOX2JZ?oc=5
2026-04-16 03:00,Investing.com,investing.com,"Taiwan Semiconductor earnings beat by $0.23, revenue topped estimates",https://news.google.com/rss/articles/CBMitAFBVV95cUxNYnltWDIxSjVieGl5WTRfNEZJdVFxUEtTRDBOcGgta0p2OXdqSHNhTzRySHp4bUhLdE5tZTNzWmFUUXdqZmFMN0R6V1gwbHRZUDdNSHZPSnJuYjAyY2xyeDM2RDNiQlFrOWdwSlREYUJzX0tsVlpILWNMOHA0T0V6cG44RXpzWGhLSzIwWkNpek9BZmZ3VlU5b2FNdU5La2VVN3dZVHd6QnVPUWJNQ2xiblJzNVg?oc=5
2026-04-16 03:00,Investor's Business Daily,investors.com,"Chip Foundry TSMC Beats First-Quarter Targets, Guides Up",https://news.google.com/rss/articles/CBMif0FVX3lxTE16UUc2aGU2VG0zak9QS3Z4VUdRXzBLU2VVVXhaRnVSLUJBQ3ZuaXR4VHZTUjktTHRRZmY4S0dURXdubk9GOEtSaXpfc2Uta25vWFRsSXptWXZxTjF6STlVVUZiS2pWdzNubTFMUklPUkR1RG9rcFh3QVk4ZS02OWs?oc=5
2026-04-16 03:00,Morningstar,morningstar.com,TSMC Earnings: Refining Guidance and Expansion Plans Amid Strong AI Demand,https://news.google.com/rss/articles/CBMipwFBVV95cUxNalhndEhIa2R5UXhFTFFMWGp2aV9KYW9SQWJPWDR3dVhvMXJZVmxXRDJycjVpU1dSaktUZnBDZHd1Rl9aUW55MlprM1Jpa2c4TWJ3UG14aVNYT0lWOWR5eGV1c2NjS0RUdTVNNTI4dk9sM0g5c3ZhR0t6N1o4WE9GNUExT1hkT0dDQXZkWEVsV1BKNWFRUFRQOE5VTGNKa0FlVHhNaHVaUQ?oc=5
2026-04-16 03:00,Reuters,reuters.com,"Strong ASML, TSMC forecasts signal AI spending boom is intact",https://news.google.com/rss/articles/CBMiqAFBVV95cUxQNWdsakpJVzdMNzZYY0xnWnB4cnh1NWdRUmg3UHY2LUEzZlhVT3dpUUNjbnFDeXZTNEg0QzF2SUJxYzhmM1hWNDMwQmY4YTNwRnBGckNCR00tbHhUSnpweVpkVVRscFMtLWJqN3dveGlpME5NOTRTUWxOSWhhcUZwNW9PUUtSTkJOQUJ2cFUtWlNUMW4zOU5lVzZQOHVkM28xZEt2TmdJVms?oc=5
2026-04-16 03:00,Reuters,reuters.com,"TSMC lifts revenue forecast, pledges more capital spending to meet AI chip demand",https://news.google.com/rss/articles/CBMizgFBVV95cUxQUmxNZ0N3R0hEZHl4N0FVYTFCUUxxaHJibVU2T1JaYkhKRnBzalh4dUxpVW90LTRvZkhLNUdra3M5QmRFMHYyN2VTOXBEdWoxc1VWR1Jpam5PRWdCamVEQWFJOVpnV0xXQ3I2MlRmek9sZVRwQkNOb3FtNWUyNkk0WmtxZXFwOS1qNzBlT1o0MlhGN0pVZ3VqMFhPS3VsT3dGVEZVT3puLUd2S0czTktyaGFjN2ZwSjlQTmVzcHc0R09IRTllQnBwek9oSk9BQQ?oc=5
2026-04-16 03:00,Reuters,reuters.com,"TSMC lifts revenue forecast, pledges spending to meet AI chip demand",https://news.google.com/rss/articles/CBMiZ0FVX3lxTFAwQ3dJLWdKbVR4ZE5QbktUM1h0RERtTDFBSkVQY29MY3FQVTlScEZZbFozVkY4LVBjRUFTWW9tVEdISDlVbkdvaUdwbEN1eGg4UnVWU2U5WWYxM3g5ckI0MV8ya1VNUDQ?oc=5
2026-04-16 03:00,Seeking Alpha,seekingalpha.com,TSMC Stock: The Ultimate AI Growth Engine (NYSE:TSM),https://news.google.com/rss/articles/CBMigAFBVV95cUxNcnVlMjVoNkhYT0ltWm5aaGlOWlNnVVpISkdrYThTbkppa0hVc2tZTVZXUlZmS1ZYWEJDLTgyek80VTFqeDMwdlgxcjIwUTluOEszSm81d2Z3VGhWOTk1aVZzZnJYdENRbUx3Ri10bmJ1WFdPXzlkSk85MnYxQ1RLRg?oc=5
2026-04-16 03:00,The Motley Fool,fool.com,What to Expect From Nvidia in the Coming Months? Taiwan Semiconductor Just Offered Investors a Clue.,https://news.google.com/rss/articles/CBMimAFBVV95cUxON3hIeWlKM3A2Nk1wUHMwTXJDOXduN3ZWa19ObFgwa2tCZ0lpQUtYOWJnU3FNWjRxVENFdGk0YnJydFBnc3l0ZVNvVklUNms5NW9fZlJmMDN3UXExWndrdnAtdGxadDlSSldiSXF3STc0c3dsSFBRdDJXZ19WN3NSc0dQMUFiQ0Y3TkRZdXREam1ocTNBbmNCSg?oc=5
2026-04-16 03:00,TheStreet,pro.thestreet.com,"As Taiwan Semi's Earnings Wow, Is It Time to Buy on Weakness?",https://news.google.com/rss/articles/CBMinAFBVV95cUxNa29vYTh4blBoVDhlUkJXcnlySTdTSTR1SGJ6RkNwYW1panEtSGNncl9fRlM5TGF2X2FZbmQ3Zjl6RmhmWFFVMEk4UHctLW1nNUw1WWxyYXZ6OWZKa0dtT2lRWUhONWttSWVmdFd4OUxiTlBTZElDMlV6NFR0N0dsZDNwQmVVSUk2Y003cG9lYk9HeWNXOXE3NHhwM0I?oc=5
2026-04-16 03:00,WSJ,wsj.com,"Chip Maker TSMC Is More Bullish Than Ever on AI, Despite Iran War",https://news.google.com/rss/articles/CBMinwFBVV95cUxNblVPLWZJc2dRQVI1YzZfSUNEc29iTHozSGVVVmJHNWtBc2EwbXpqU29ZbmMtc3ZmWVJwaDExVXdXWTl3WEQwVTFpMkx4RGxzZnRQWXVrR1Z3aWxoSk56Y0VqTFhOajdhbkZQOHE0OVJZS0VpTTd4Y0d1M3VJWnNXQjFQQ2YxSDFTOC1sNEdkcXJRM2RqVG5LNUgyVW50alU?oc=5
2026-04-16 03:00,Yahoo Finance,finance.yahoo.com,TSMC Raises Outlook After 58% Profit Surge On AI Demand,https://news.google.com/rss/articles/CBMinwFBVV95cUxPVC1MRUE3UTVKZ0dJeHcwbzl0UGhTaUVXY0lJUmc5NjJaYXl6U2RCcl9kcjhzb0F4M2xTcDg5cTRlSGNkMmp4aXRQVU85WTlEdzZkSFY5UEtvWUx2b2dXNmJibjR6VnJ4OFlMeE1rdmRaSG8zdEZvZU5kSGhtaHFNVGxTMGs4OUtoYnNBWFZhUzJCRnhqOTNfd1NUS2FMcmc?oc=5
2026-04-16 03:00,Yahoo Finance,finance.yahoo.com,Taiwan Semiconductor CEO just dropped a hint about the next move in AI stocks,https://news.google.com/rss/articles/CBMiwAFBVV95cUxOTUFLTEtUcXRpYTFLcWpMSVVhN0YwR1EyV1lZZmRvVHdqd1JBa05OcDFhRVVVVHQybTIxMTNNaHhZUmhXT2pveFg1Y1ZHTTJ1ZmFwNGlNd193bUpjOWE4X2pWSnVsT2k0QTNQZzhJMDVGdk5BNkMtV1RUU0EtTFRpYVlTOFlsUHpHaHFDdGdkTlZ3dFpSSkNXYjR4aVVfbzVzdTJhRHJ5c25udlo2UW9uU0RMdTR4QTNMOUFoUmlJU1o?oc=5
2026-04-16 03:00,Yahoo Finance,finance.yahoo.com,Taiwan Semiconductor Manufacturing Q1 Earnings Call Highlights,https://news.google.com/rss/articles/CBMisAFBVV95cUxQemNMenFuSEZkclZaUExiVlY4WDRSWXE1cDRzcncyMmw2Zkx1d3FzcTV3N3c4NXhGN1QyNEdfRV9iVzdJTjR0djJsN1BCd1dWSGNmVEl0X0lHaGItUEtxMWc5UmprWlhnS3lGd2tkWnNFYW5XQ0ZpS2dKTWEyazFzcTBTNjdLZG5LVTZqM3B6VEw5V19CRlk5T1YyTVYyNGladGIycXVkZjBFR0xILTYtYg?oc=5
2026-04-17 03:00,Axios,axios.com,TSMC posts $36 billion in Q1 revenue,https://news.google.com/rss/articles/CBMiigFBVV95cUxOQnNJR1BnUDVTQ19FOW5nTklyd3hwSWU3S2U4dHJta1ZmZzNFMXhmVW9uNXdmRGFIV2ZJeVo2ZUREMEtkZUIwOW9SYlViSGFyVlhTdkp4cHVHdHhJYXBiMlZ1bWR5cWdGaGVaZ0VwdlJZYzFOckZOMFFRQXd2Wk92Rk1pRGJFTUZLd1E?oc=5
2026-04-17 03:00,CNBC,cnbc.com,TSMC's margins set to expand next year as it exerts pricing power: Analyst,https://news.google.com/rss/articles/CBMipAFBVV95cUxONmpsRGw3S0N4MGl0dXBZT3V5QmlIazl0TVU4TzJFYWV3NlV4S0podE5RQVdPRW9KNjhOSi1pVVpjLVBmbUgwcG5QUEhRTUhYTk9waFdlUEE0bjJHejhZU05leHg5d21XZTNvTVN6NEJ5OHRMRjhVUUI1TXR0ZUxTak13OFoxTFFKR2YzSVVWX0R3RzlwNEJRVEVEZlluUmwxZDlXMw?oc=5
2026-04-17 03:00,Investing.com,investing.com,TSMC shares fall amid profit-taking after record Q1 earnings,https://news.google.com/rss/articles/CBMitwFBVV95cUxPbmx4bjctbW9BLVNOVUpwQ1FJZGtZbzViM1djNzFKVXRERnF4bmNYNUZ0Q05hZmZDZTlNM29sczJUU0xwV1R2R3AzQlVQTGhOWGlndXhMNUh5b2paemgzaDdRMHdHM3dyUnJld25JWGJCRGk3VlZXTUpsTEYwZUNjOGxoaGJWWHVZamZ2dDZPMmFEZW1iM00zdWw1WTdpcnZhMWI5Njh5bDhUcjNzRVBfUnUyNlZIbUE?oc=5
2026-04-17 03:00,Investor's Business Daily,investors.com,"Stock Market Hits Highs On Iran Hopes; Goldman Sachs, Netflix, Taiwan Semiconductor In Focus: Weekly Review",https://news.google.com/rss/articles/CBMirgFBVV95cUxPa0REY2pIenhiS1lRUVJpVGdpODY1NEFueC1Vam1aUmdlbEZuSWxHWUp5di1veDBMcWIxZFRidnhqNFNXUHdEWEVFZDZCYXdzVElNS1VrYlpNc2gtbzJtV2pJNEhwQTVTZFNEZ3k4Z3lVMDR1Z1pLR3lMaGJMQnF3Wmtyekc3a2lXRkdjbWxJNmh0VlZvOUhrTTNoNXRWTXhYMkFlSWxPa3k0M3BQUVE?oc=5
2026-04-17 03:00,Seeking Alpha,seekingalpha.com,TSMC Q1 2026 Earnings Update (TSM),https://news.google.com/rss/articles/CBMieEFVX3lxTE5tQWY2SUE2VDJpaWVhZDl5aUswNVluUVQtN1dhOTRYbkhSOFF0RUdaOGdKMl84WUZIcXVRVERRQ2l2ZFFqdnk0TjlNdElhbmRSNXlBT2lMdlV4a0xsNUVyWGhqLUdhYlFfUUFGandkNWRYQVFKQ01hbQ?oc=5
2026-04-17 03:00,Seeking Alpha,seekingalpha.com,"TSMC Stock: Q1 2026 Earnings Didn't Fuel A Rally, Here's Why (NYSE:TSM)",https://news.google.com/rss/articles/CBMikwFBVV95cUxORU5JdzBKa2hsd0ZKVVF2dTF6RmhkeVV2MmpzMFdfNUU0UE1GcTM1a3l6WHlsTVBueENrdm1hUHdGalh5R2JrM0Y5U3J6YmctbHNHZW9wOUFlYWhsSndoc2NaQV9CTVMyNlRQczlidnE0YXdGVDE5ek4xTDhyVk52ODBhSG9BS0xRTzlFcDZmYllnOVk?oc=5
2026-04-17 03:00,Seeking Alpha,seekingalpha.com,TSMC: Foundry Monopoly Is Cracking As Rivals Catch Up (Rating Downgrade) (NYSE:TSM),https://news.google.com/rss/articles/CBMikAFBVV95cUxPMjFCSDloY3BFT3R2M25FR0o2VnFvU3ZKWXFYdVVkQ2FScmhqQlVCOUl4ZF9faG9jeHYwd0xRRTA5eV9oMzE1SWNxMUNJYlpzbFp1UFI3ZlVab0YyWkM1R3FCdlpfdWhEZEhKTUNoaDBxd052dnFVaVFiRjRMUVA0bnhEQzNWSVhTQWtVT2U4RGc?oc=5
2026-04-17 03:00,Yahoo Finance,finance.yahoo.com,Is It Too Late To Consider Taiwan Semiconductor Manufacturing (TWSE:2330) After Its 142% One-Year Surge?,https://news.google.com/rss/articles/CBMisgFBVV95cUxOUG5QU1l4YjhvcUJrM0k2ekRMTFMydU93R1M1NFFvdWthTjlaM1F2SmZWWnpmdVZRNVRnVm9BU19yY3VxVkphUk5nOWgzNzZYRHBqTEswWl81NEU3eHVIOXVBZllIandFVEZibHpLelJZak55T0pPZnFUeE9NYlR0NnN0ektrMm8zNDUxam1VVEhoc2NwczJYNl9acWEtQW1NZVVoNDhoQ3Nra3c2cEFBaW93?oc=5
2026-04-17 03:00,Yahoo Finance,finance.yahoo.com,Taiwan Semiconductor Manufacturing Co Ltd (TSM) Q1 2026 Earnings Call Highlights: Strong ...,https://news.google.com/rss/articles/CBMiqgFBVV95cUxPYjdRbnJNbW1nMWlpeXVqYklVUGppVGdlSXV4WHFRQkZISmVWRk9xbWM0LVNuMDBCMTVDV29IUmFZaDhxYmg4ZFdzMmp1QUROMkdLZmZMUXpGTjVMem9jYWxPYnZRWXNUTGZabVl2LV9sOUtxUmc5UTJwVDlwdUFPRXk3VXgxV3VJc2N1cUZLM29vLVZjbDhrS3IwdE43dUxXbS1DUHN4TFZWUQ?oc=5
2026-04-17 03:00,Yahoo Finance,finance.yahoo.com,"Taiwan Semiconductor Q1 Earnings Beat Estimates, Revenues Rise Y/Y",https://news.google.com/rss/articles/CBMipAFBVV95cUxPc0JlMTlNYlMtSHlIVW5QcFh0M2dPVWhLODFYaGVIRlI4ZXZBV3A5cUd4NGtjclV0UHRzVFI1YlU2UGZubHF2cElXckZCeXlvQ0lyV1ZzeWNrQ0J2ZVZHeFNCV0ZENWZLNmJ6bGozN21MNTRwbC1xNXRmN3ZFNHZQOU1iWWJnNWYzTWhhODB1QnItUEh3UlpndmQ4cDRGeEc1VkZvdQ?oc=5
2026-04-17 03:00,Zacks,zacks.com,NVIDIA vs. TSMC: One AI Stock Is a Clear Buy Right Now,https://news.google.com/rss/articles/CBMimAFBVV95cUxPMGNCTE5SRlY0LWdqU2hJMDVIdWtoWVJmTVJ2QWNTYnI4dmhkZlRhZjRnaVJBT3NlN2REN25HdDdtejJOLWtyWUZPaXJONE44UDFpMGl3NzhkOUpDN2Z3Q3hlUnNUMC1RRW1ONm15QVN4VG5PMm5yMXFIZHNIY25lc0M0RVZSZXNtYVMyMnpDRWdGWE9Md3NGMA?oc=5
2026-04-18 03:00,Yahoo Finance,finance.yahoo.com,"BofA Raises TSMC Price Target on Strong Outlook, Keeps Buy Rating",https://news.google.com/rss/articles/CBMimgFBVV95cUxPU0l3N252YTdac3B3OFhyRi1fMjJMOTg0VGFKeUdWOE9JRERHdlhyRy1xRmtyWTdocVZSODZIcWRWRkdNMW85bEFNRTNBbV9tM2xFS2hyMzZCSVJXQjBlNU9WVHZmaFpPak1YTTlZV0VldDYtRFZrWWFsbjNBWW92ODJvb0pRbEtUbHVrdW0yMEFrM1lLOWpndTN3?oc=5
2026-04-19 03:00,Seeking Alpha,seekingalpha.com,TSMC's Q1 Earnings Beat: Still A Great Buy (NYSE:TSM),https://news.google.com/rss/articles/CBMiiAFBVV95cUxNT3RlakFTeGQ2bGRCeDlfdWY3aFQwVllMWTROVi1meDk4Sy1LTFBVamE0UU5CSGlqeGNldjZtYVNtSmU3dm9LdWU0NU1FRHF2Ni00aUEyd0pRSmhpeHNydnc1YUt6dEZ5LTZZWjc4RTV3Q0R6R2VEcHJUVzJLRzAxLUU5b09RdDNF?oc=5
2026-04-19 03:00,The Motley Fool,fool.com,Is Taiwan Semiconductor Manufacturing Stock a Buy on Strong AI Demand?,https://news.google.com/rss/articles/CBMilAFBVV95cUxQbGtaM0tnU1VHaDNyMGxoNi1tVlkzZ19iaTJuSEJtNlhMVFhXOUQ3eGw0d1ZORVRVUVR3NWd6ZThKZ1pZaEFqSUUtTUxnd1E1bE5peFVJbmROREg3dDJVTkp3UGVfMTAzMm5PcmluWUltZG5wbkdWa05taUFqOEF0SExzbmViNjhISEJNX1doY3Z0cTlK?oc=5
2026-04-20 03:00,Morningstar,morningstar.com,5 Long-Term Stocks to Buy Now and Hold for Decades,https://news.google.com/rss/articles/CBMimwFBVV95cUxQYnljemk2NFVsdzRXQS04amdmS0V3Y1dYR1Fkdm1MSGtwTnN1a1lCN3NOS0RpcGRYamNOU0l1cUd3LU40MGdPaHNHLUFzUkJJeW5TemQ3QlVZSmRSSkNnQXY0OXFZM1hFeFRGbHNLUG44NU5xajE4MnVmdWlPVzNvb2I4UDNqOGRZOHFXUDg1OXNMWFZxcXhLNFE3dw?oc=5
2026-04-20 03:00,The Motley Fool,fool.com,Prediction: The Best Pick-and-Shovel AI Stock of 2026 Won't Be Nvidia or Broadcom,https://news.google.com/rss/articles/CBMimAFBVV95cUxPNjFiVUhMMl8yODlrQjZYYWhjYVB6ck1FTHlLaWU3RE9keTM3aVVGbmhRTFlaZWJNUG9qSnh3aG9HamRfTXhkTUhGUXZQRzhxSG1KNm12UnVUNDJvZ25lZmlTT2pzNUFBc256SWpkYUFUR2JYbVFyLU5wejkxVng1Y0szQ1dtUHN6TmNIVU54eDQzd1JZSm1VSw?oc=5
2026-04-20 03:00,The Motley Fool,fool.com,Should You Buy Taiwan Semiconductor Stock on the Dip?,https://news.google.com/rss/articles/CBMimAFBVV95cUxOTXAtRkk2ZmpGdFRQb3JoM1FHSDd5bnNXUk94THZoTVZiYWxLa3FZMjRBbWJnWWRvVVdBelhMci0xdTNPdGY0VXUxMHZqTkRXMzFWTUJ0VHVsby1kc3lxUEJQb0NTcUttY1dKV0xndWFIaW9lV1NwakM5RUduNE9LZGpza3Mxc1ppajVQRkpsOUwyQnJOYThLRA?oc=5
2026-04-20 03:00,The Motley Fool,fool.com,"This AI Stock CEO Just Said Artificial Intelligence Is a ""Megatrend."" His Company Just Experienced a Huge Profit Boost as a Result",https://news.google.com/rss/articles/CBMilAFBVV95cUxOLTRKTUlqQmhjUVZKTGZJd2RtRVBUOXVvUnYxdElESThaOVhpUVN1SW9HemotUXMwcVdQQmpla0pYOHhZUnBranBzc2lCMVJzMVVRTU01YUlUTEY3cXkzRjNzQ2xLd0ZWNHhDWE04bnZOYnNLcktYNFJwSE1IWDNyNW90OTEzQmp6M0Rka2VLd2RZZERE?oc=5
2026-04-20 03:00,Yahoo Finance,finance.yahoo.com,Is TSMC (TSM) a Buy as Wall Street Analysts Look Optimistic?,https://news.google.com/rss/articles/CBMikwFBVV95cUxPdml3Q3RHcExyakVXUkVQUjBUWm1fcl9xRjdqcm0tVFRza21OU2FsczE5SDNvQVR1alM0dFhFbFpydUVIMVZGVjZkY3ZxeFRuOTBQeFRwcV9HSk9MUVlTcktKUzJyQm1MaU5leW5KS2ZWeFFXME5CNWNyb3cwNmlHbXF3VFoyS2pqbmdWVjJCVFgwZ2s?oc=5
2026-04-20 03:00,Yahoo Finance,finance.yahoo.com,TSMC (TSM) Upgraded to Buy: Here's Why,https://news.google.com/rss/articles/CBMilwFBVV95cUxNTEpLeGJVMkVGVzNNN0VXTS1RLTU3N0hSUzJrSXZhc3JzYmR6dm5UdzR2ejNBQVVlenh6Tzh4YTZ0ZnJ0TThIMnVHSjZHZUxRNmhOaFExeGNnd2NLNXU3RjRIX0M5U3NyOHZCWHJGMk1PSHZyLVdIc0c3dTlBT2sySzF5NmFBM0dwdzFnWF9zcnBlQlJ0d0tB?oc=5
2026-04-20 03:00,Yahoo Finance,finance.yahoo.com,TSMC’s AI Driven Record Quarter And Global Expansion Plans Under Review,https://news.google.com/rss/articles/CBMimgFBVV95cUxQQ3FuMXI4N2NlQm9PSTR2ZVAyZ0VHZjh2eThPTTFHelpQLURUdzdxWnZFRUl6VkhzWjdYSHp2TFMydTNzX1BfNWM5dndEbWtSN1FSY2NXaDlaa3FqdXV1elltU25qZnpZNGZPcS1OU3Y2dUhDMlZ5dG8yanIwUFJFTUVWbnBBekhnSDlDNkdsRU04OFhpeEFrQy1n?oc=5
2026-04-20 03:00,Yahoo Finance,finance.yahoo.com,Taiwan Semiconductor Manufacturing (TSM) Reports Q1 EPS Beat,https://news.google.com/rss/articles/CBMisAFBVV95cUxPS191Z045QVNWaFo2NzZTN25mX1J1OElGcWF0M1ZJdHAxTUViLXJfQlJCelo1eFVmMnVkNXNlb0swd1g5aGdNQTd0dXdVVGI0ajdEUk1SNkIwMUpWc3FDTXd1akdaSVFsaGp0X3ZldDNTUmowQnJxWlhoMWtrd1FQS1VEb2g4enJfRkJHRWh6VWlpS0lrbFlSME1zaERrSXRqSEJyeV9FMnFMaDB5bWpVOQ?oc=5
2026-04-21 03:00,Investing.com,investing.com,Barclays raises Taiwan Semi stock price target on AI demand strength,https://news.google.com/rss/articles/CBMixwFBVV95cUxON2RKNmZaZDROSE9DQlM1U1hlYVRGOGxJWndkUGNSUG52aDNfdDdrRTlneUpDUVBYRXRSNl9aRlJrS3JRck96V1R1NkhlVkQ2aDJmMWdIZE5lWmdETDJNVGdDRzloWTk3NDJLZHdQcy1jeVN5Y180c1pxWkdYanlqbDdYdUJSbWlUbEo3WnBJYk9tazkyMVVpODFpZXBoWlNuNWt2dWt5S3VfX3NRdU5hcEVraWVmOFJwRlZXWVZ5NFVYbzhOdFBz?oc=5
2026-04-21 03:00,Investing.com,investing.com,Cleo Fields from Louisiana’s 6th district invests in Taiwan Semiconductor Manufacturing Company Ltd. By Investing.com,https://news.google.com/rss/articles/CBMi6wFBVV95cUxNLTF4VHY1WUhVY1VFWXpCcDZQZ3BIcUVzaUN6RjlOS0Fzelk4Y1FQa0lodGJDbGFkRTd3S2hMR0x2LUdhSUZMTU94aHZlVnBNVnlZWWFLbkJmbVJ1eUI4ZkZ1Q29yTDJUNDVxSEg4Y1FSTS0wUlRHVHRfZVVLSW9UWWNSUDV1VDJkS3dTNUFuMGgzUGZJbHN1bklBcURmcUJRLUFMMFZvWWZDUzAyU3FOdmp1ZXZfXzlfWFBZS3Fzc1VVcHdYNXJFTFlqX2h3WUFCVnhybDExeVo5LUlhT0Y1ZkVHZW9ndDVmOF9F?oc=5
2026-04-21 03:00,Seeking Alpha,seekingalpha.com,TSMC: The Market Is Pricing A Foundry Like A Cyclical. It Is Not One. (NYSE:TSM),https://news.google.com/rss/articles/CBMiqwFBVV95cUxPWTVCbk4tNkNRVDhGM1JxLVFVYkNfbEE2b3h5SjBTZEZmRVZ2X3NUZEVsREdNNldTZjI1WXJlY3VtV2YtRGtfRXdabkRreFFLYlpacW5FNF9ja1lSSl9FTUNKNl83d3VGX19NSVE5Q25lRFB2UFpiZ3NiY2Z3U3F2YnRrMGRmeUtFdzd0RmtRUTFxYnJYWDZtcEljNVFCb1RwSDVjZDRQcHl3ZUE?oc=5
2026-04-21 03:00,Zacks,zacks.com,Nvidia vs. Intel vs. TSMC: The American AI Ecosystem,https://news.google.com/rss/articles/CBMilAFBVV95cUxQdTFKcV8ySVZ2d04xY05zX25BMWZGM1B4Wk15U3lIam5UYTRmMGtFZEwybFYxM01vV0pyVlZPVGpGS1FNRlppRDhTekduTmZkSFZKdGdGTnJUYWt4ajhjaUdCVTdWd19RT2tpOW9NSjlOc1EyeGhfVlJrbHRZMlFQTHpPa0NIZm95RXZOX3JhWUkwSlRC?oc=5
2026-04-22 03:00,Investing.com,investing.com,ASML shares fall 3% as TSMC delay deals blow to high-NA EUV rollout,https://news.google.com/rss/articles/CBMiwAFBVV95cUxPQjVMLUk4eVJ3TUI4R1ZnMmdZMEoyMUtXMFI2VGRWWmpnQVNId0FWaVVuMEJOODlJVGd6eG1oemJ2TnVMZm1ldHRQLVV5dTZNU1BzeGhZcGhVXzFhbmpxTVNnM3F0SGh4RkY2Q3JhZEZSY0Zpc2NDU0NjUVRrWHNzeXNjOXFPaU1iWnN0WndGMU5CcFd3bU5QT3BkLWFaOGlmSFNETTdSOEJkbVZ4WXdPSlpkZi1BNGpWM3dza1l0VUY?oc=5
2026-04-22 03:00,Reuters,reuters.com,"TSMC plans to open chip packaging plant in Arizona by 2029, executive says",https://news.google.com/rss/articles/CBMivwFBVV95cUxNdWZmNjdtZFZyT3pxSld2bmNFZXFXYllDbVlQVFlYOTJJaGs4QXgxcERfc2JYdktkRFBCQW13WDV1bmJRanVGb2lfX05NWFlNN1kxMVdycmYzVWFVLVlGcVM0amUwdXZfbWpBaTROSEZRWTZxQVB6cFNaZ1d1enFjNmhHUkFhV1d1YWZxbXJLelNQWFA2VVVCSXlqQjdVYTBfaVhGbzBvUUZ4eHd4UTV0dnh6eEJ0bzlaelhxazRuNA?oc=5
2026-04-22 03:00,Seeking Alpha,seekingalpha.com,"The AI Boom Is Broadening, And That Matters For TSMC (NYSE:TSM)",https://news.google.com/rss/articles/CBMinwFBVV95cUxNNmRKVUpUaWNqTEdYR0RaU2REVm5CVDgwal9IRUxSNzVudlBhdXhnQUV3ZVNrNi1Ib1prRW9PUkR2aG9sNC1EMUxOdllDeXJjcGJXdVl5ek1QaGp6QkdiUDYwVEdKX1k5WW56bzlxZEhzMGR3V2xYOUlVemVBb2gyenhGVGJzTjFFX0NLazBGdm9vS2c2NkRWaGY2SkVfTkU?oc=5
2026-04-22 03:00,The Motley Fool,fool.com,Prediction: This AI Chip Stock Will Become the Next Nvidia by 2030,https://news.google.com/rss/articles/CBMimAFBVV95cUxNZ0ZjdTZqVHlZVWhzQnd1RVdzM18za0c2R195MUFjLXdBTjlQTHRIZGQ3VnVOR0RfYmdvMDJ4V3dsSFNzSlB4ZWVadXhvMS1KSDVqY1NtU0ROQ3pfMmJpVW04VVJwVnRSendzUnRQMm9ieWRzaXJsNUZSRFRNMkVfWDlfM0hRRDlMeWN2cmU4MXZlYzVpMVFLaA?oc=5
2026-04-22 03:00,The Motley Fool,fool.com,This Powerhouse AI Stock Just Became More Valuable Than Broadcom (Briefly) and Meta. Here's Why It's Still an Outstanding Buy.,https://news.google.com/rss/articles/CBMimAFBVV95cUxNakhNUW1uTlJtRUtlZ2psaUJhYWlCYXdwS1YxNXF6VlRFc0tlUlZjZEpCX3dRZXZkTlhjUFpIN3Z3MFd4ODVsUWN2U1dXREgxaUN5cndTenM2ZzdFdFRQUkJoR05wVTN2Szd6WUFVSVdsRnR3TG9RWmp3Y21XLWhTek1YTU91bGpibDN6R0tnS0lEbmxpNlA1dw?oc=5
2026-04-22 03:00,Yahoo Finance,finance.yahoo.com,One new clue that Nvidia's Jensen Huang and TSMC are right about AI demand strength,https://news.google.com/rss/articles/CBMixwFBVV95cUxQaWY2T3l6Q3ppWGh4cWFMcE1wOXRwc1l1ZTl4NEFPY3k4RU5LTGJnZVd0VWZxdXh3ak5TMlhzcHM2SEY4ZFRXbHNuVnVnY09Xa3NWcVR4V3lfTlVuSHFwUlJ2LXFOcHZVakJMLVk4aVgtekNzM3FmQVBiRnUwU1d6S1ppZmRLNzZvMjBPMHBnNEd4TDF4cHVpSVFyejJONVNxOWk0RTlQbUFtWUtEaWdDajdDOXNQYXB0QVNUYUdJRXgxN2RrdWFF?oc=5
2026-04-22 03:00,Yahoo Finance,finance.yahoo.com,"TSMC shows smaller, faster chips without a pricey new tool from ASML",https://news.google.com/rss/articles/CBMiogFBVV95cUxPU1lIVDBWSUpjOXhCNHlBaUJQckg3Q1E2OWJoaFJ2UmZscVVScEQwckRHUU1pSEFpejg4Ul9BTmhndE5IMmxOMGstVjlYNVFOb1ZxSmZ3Ylg0VC0waEkySW4zTHhCblZWNjJQTFdKMms1V1pUUHl4RmhJVHFxOENKdTE5ajdPYV9od0ZTUl8zcUF4Qmd1clFTd1JhOHdlNGltUEE?oc=5
2026-04-22 03:00,Yahoo Finance,sg.finance.yahoo.com,TSMC says ASML’s latest chipmaking gear is too pricey to use,https://news.google.com/rss/articles/CBMiiAFBVV95cUxOTDFVaWVlYnVVeFoxWlNfVmRxTGdpZ2I3NmtmeWlXZjdrRHVwdHJLMF92RnlfSkdXN0ZoQW85VGlyRXFkeHh1Ym1rYkMwalQ5V3VnZmYtcFpXUUpCM1E5QW16Z3dXNl81UWJTUXFIenR1T3luUlo2ODRtWnQ0TzFnNFItWjBDWWpz?oc=5
2026-04-23 03:00,Bloomberg,bloomberg.com,"Sinking TSMC ADR Premium Offers Trading Window, UBS Desk Says",https://news.google.com/rss/articles/CBMisAFBVV95cUxPTHhLNEh4TldWa1B2LWxabVZvclpZNVM5QWl1M29LWE9nOUJTOUxFdlJEQ2h5NTRuc0x2S2tRVkpjbmc5dEl0Um9COHFWb3FsSGU5eC0wcm5IcDBZSDBoRHh4M2Z3NWlBZEl5elg4bGRqWTVpZUZzNXgzSnhIWVE5enpvWnlia2VFNEJfUzhTZllQSC1fWXk5V1ktN2cxRDRDdDhyaDEtek0zNGM3WC1tWQ?oc=5
2026-04-23 03:00,Bloomberg,bloomberg.com,TSMC Shares Surge as Taiwan Lifts Single-Stock Limit for Funds,https://news.google.com/rss/articles/CBMiswFBVV95cUxPUXpTcHVqZ0VrUTIyVVFObEM1ZThraXUyVDJsdjdWZ25QUVZLU1pobzJETWFXY2FWazQzTWt2c1EyZ1NsZEd6SmJzUGw1TUlsZVJUM01TTlR5NjgybkpNZ3djaXNMcV9RTnhxbWw5WE5MelFic2g5Vnp2ZFlTa0RQVmRaZVB5Y0dGekt4bXhOeUNUX2FsYks3VW9DNld0VzFlQ3lTUlBnb0o1eTRBa2xBSFNxOA?oc=5
2026-04-23 03:00,Bloomberg,bloomberg.com,Taiwan to Ease Limits on Active Funds’ Investments in TSMC,https://news.google.com/rss/articles/CBMirAFBVV95cUxQZnNhTTJfc0dTRndnenJDZVRMNW1pMG5SeTItREN3bUY3LThVbFRQR1NaSFJGdzg2ckZfSklud0EwT2xYVzNzWktUNXZmMURSVm1kQ0NMYkctdmNzR2FPcEZuVmVmTzl1dV95dVhPSHdWaERaLXFKT1prWUdwRUt6Wk8zVl83dlJENnlUTTRHZHhMUG1oeDdxbG9DNGxvdk5VcFJCVks2ZWlMY0FT?oc=5
2026-04-23 03:00,Investor's Business Daily,investors.com,IBD Stock Of The Day: AI Giant TSMC Is In Buy Zone,https://news.google.com/rss/articles/CBMinwFBVV95cUxOcldzdGJ4eFdia0tya0d6TlREVlJJUEw0SXYyVk4wRGRYeVJQNWNudHFtbzZ5aUx2aGxKWFhzQUphcWY5RG5VczI3V0o3VWMxSDd5QkNCRkhBRTZtcUdGaUthRWg3b0ZOMzFjSHlSZmpnVUJNSXFVQ045aHhlMXFXcmVKNDJMbjhpZ3BZc0ZNVUlPR1JhMFNyN0FTQk1HLVk?oc=5
2026-04-23 03:00,The Motley Fool,fool.com,Will Taiwan Semiconductor Be Worth More Than Nvidia by 2030?,https://news.google.com/rss/articles/CBMimAFBVV95cUxPSjFNdzJxc2UzbGt2VjNET2NiSjVhZzNUM0t6RXdmd2pmOXVDN3BZc0JhaG4yRGdNZkpGSmV6aThDZW5seUkxb2daMGZ0YjFFQzZES3NKX0pJS2dKMFU1QUpaaU5HMlBEZnc5R0pWTWNZNXYxdVdUdlhZRlo3ZE5ZMnc3YzVhcEVzU1BHVmxEakdkUHdkM1JORg?oc=5
2026-04-23 03:00,WSJ,wsj.com,ASML Loses Nearly $17 Billion of Value as TSMC Shuns Top-End Machines,https://news.google.com/rss/articles/CBMipAFBVV95cUxQbXhjVVpPdG16eTN3YVc3bTZUZmJDT2ZVNzlReG1vUDIyQlFuZDctc2VJLTlZdS1qOWxQbnUyN2lXTXJoYWk1S1NzQlVhSEtGWDlUTGZfZFZMRS1uTkRmSUdpMkE0aHpxaWZ2V2wyOEctU3IzY1gxd19wejFQRlIxc0Z3a00yYkJhV0lPdkhhdVRma25odzZpbzl6SkpUdXUya2ZIdQ?oc=5
2026-04-23 03:00,Yahoo Finance,finance.yahoo.com,ASML shares drop as TSMC delays adoption of next-gen EUV machines,https://news.google.com/rss/articles/CBMimAFBVV95cUxPMU9BTU1OQkZ4aG1kRkhsV29FcnZfZnlhdlFONXpWVHJTdWRjR3BJMV9jRFZKdjllYWhIOWVKUmJHc1BNdFlNT3pJSDlwY1RBX2F2UU5naFNpR3QtdHJtUjVHckVGYTN4UnpiNHlnamduck56OUJSSWc5aEp3MWJtaXotdW9IT1h0UGxLblNWZ3ZyVVd3RXlnRQ?oc=5
2026-04-23 03:00,Yahoo Finance,finance.yahoo.com,Jim Cramer Isn’t Worried About Taiwan Semiconductor Manufacturing’s (TSM) Share Price Weakness,https://news.google.com/rss/articles/CBMikwFBVV95cUxQUHZudXR5YndpcnlUdS01WjVmY1E2c3J3NllKWDlGWktmV1VjcXV2X3FfSmd5U1BJNGM3dmp1R1ZxUjNOT2lxbDY2Z01EMzNfbG5MeFk3OWtpSldScDZpOVMtRVVNVkQ4OXNKVV9lSkNYdXpCdUZWZHdEMDdzRlBCVUVacWFxbUpHVllCSHRXRVBsb3M?oc=5
2026-04-23 03:00,Yahoo Finance,finance.yahoo.com,"TSMC ADR Premium Falls To 17% One-Year Low, UBS Flags Trade Opportunity",https://news.google.com/rss/articles/CBMilAFBVV95cUxQb1o5UWd0RFM0ZWg5QlhyQzlrdHhrZ09fMnYyWHlWcU91Sm1YT2pQQjZvSWlIbk1Oc1R2WlQ0cDdtM1otMjRoNFZjdUlQempfVEVMRVNkVThJSVZEajFRT0JQMVVJQzlfOGgybTA0dkVUS21ydU11ZWJRNzd5OVFsSHhDXzl4WkRicFJYT3JWYlgzNF9W?oc=5
2026-04-23 03:00,Yahoo Finance,finance.yahoo.com,TSMC High NA Delay Puts ASML Growth Outlook And Valuation In Focus,https://news.google.com/rss/articles/CBMikgFBVV95cUxPbVZDN1UtUWFrWWJBaXBnMDYxTktzX0RlcWlJc20zdjBKaGVtdldQWnBicld1ZnpYX2tiMEEwa18zd0ZwMXpzd0t0eE4zRl9id1JscUlVa0NzZHc2M1BTTnRMYXlRVXdwdG12TW51SXI2YUdZSHlfRzI4T3F2eG5vZkR5T3k4UmtjZ09ONWlVb0FDZw?oc=5
2026-04-23 03:00,Yahoo Finance,finance.yahoo.com,Taiwan Semiconductor Manufacturing (TSM) – Among the Best Global Stocks to Buy According to Wall Street Analysts,https://news.google.com/rss/articles/CBMirgFBVV95cUxOMTU0TFZ0S0R4cEc1WHZ1TGZLcGl0Y0tJdjlMWmhhVzFLLWZJOE11dGVRRDAybDVTSEJpMGxOTEpiVEQxQktveXoweHV6M1JOU3J6cHotNkZ4RTdjb1lhU25SQkdCZ0Fha2RTX1VDZllsRFBwc0E5SnFRUkpBcW1MXzZMakp2TzNSelJUVTVZTFFwWUNvY1lQN1V4OS02NGt1aXBfbVlVWm5KWUpINFE?oc=5
2026-04-23 03:00,Yahoo Finance,finance.yahoo.com,Taiwan Semiconductor Manufacturing Company (TSM) in Focus as Barclays Raises Target After Strong Earnings,https://news.google.com/rss/articles/CBMisAFBVV95cUxQdE85S0ZQOWFqWGpSaXZwOGlWM0xEME1kOHRYYjN3aF9fZjZZeEphS3FaSl9jRzA1ZG5VV0JoamplakItZGo3TUtkX200S0tJZjFmTnE4Uk5wMDFOWUIzblVzWGxyaTFJQVNBVXVpbE96R2twZU5hWDcteGRmREF6MXhDdEx4dmZNUDRVSkpiUHlxak1VbGc3UTB3MTk4QmtsZUhyU1JlNGthT3cxYndZSw?oc=5
2026-04-24 03:00,Barron's,barrons.com,TSMC Stock Surges to Record. Here’s Why.,https://news.google.com/rss/articles/CBMif0FVX3lxTFBIQkhzMWlGeHg2UFhDR3M2Z3lTUEFRRkRSZFVLWGhzemEwVkQ2UjZSelZUdVpSLUROeUZPWkVNaGpjeUdLeDVDT1JSNnZCdXFQOGZnRmFJUmVoeV9YbjlJNHhmWnpzenRrdlp1Yy1JMzFLZHZveTJzWWhiTkNxdWM?oc=5
2026-04-24 03:00,Benzinga,benzinga.com,Taiwan Semi Shares Rise Over 3% After Key Trading Signal,https://news.google.com/rss/articles/CBMisAFBVV95cUxQQ0xNaWxxT2FCR0Mya09kRGZLZnVrdUFldWhfOFhMRGcyYjVsN1YybzNuNXNsYlZ5RFhuWmdZQ0d0QWdlb29hUUh1WFJxRi1LOVFyaXhPa3ZyU1RHOENFTHoybDhOWkJOVDdna2ZiTDhOcUVqZWI0Nmpsa29jMjVlZWFiRW85NmdnRThmYXg4MkNLUGt6Rks3eHFRNDFTV1RPckFWaERMTUs1ZmExaDNOMw?oc=5
2026-04-24 03:00,Benzinga,benzinga.com,Taiwan Semiconductor Stock Hits 52-Week High - Here's Why,https://news.google.com/rss/articles/CBMitgFBVV95cUxQTXozbjVJUkZKdHRGY2JEQkplR3ZvLXhOQmFqbkVvOU5BeHVRNW40d3BiV0xHYXBoaU1qQldZdHRkVVBJWHRraHgwc3pnM28xWmZaaGg5VXRwVS0yQ2RETEFkVE1RNzVIcWMyeURXUlhmNjMtbzBhV1h5MjZJTXZKYm95LVN1dnR5cFIyZnZGeXBPcnFVbHV4VURJVkhhZG5CZ095eGNhWWhQMWNjUjNCSnNEUEJZQQ?oc=5
2026-04-24 03:00,CNBC,cnbc.com,TSMC shares jump to record high as Taiwan eases single-stock investment caps for funds,https://news.google.com/rss/articles/CBMiqAFBVV95cUxNOWRaZnVHUENEUWV1VWpIWnhHYTkxUnFqNnVGMEhmWFc4dXowRkhIOVd6azlDZFlnQ3ZWdkVQZVpOZTJFYlZ3dnRzYl9ZVlMtMXBCSHZ6dFJCb2otd1FiYWUxTGVoTDR3RFdCeGJCVVY0VVVXeUprRlNEWHpjQ1U3aVNnaWFhdGFpeEtfeVpMdE1zc3lKRU4za3ZOdjlFTHJXc2NnZ0pob0bSAa4BQVVfeXFMUF95dWxrdHlSbVQ5eG56eXIxSUxsRGtGaXpwVDJTU1huaTltZ2RWZ1BYVjhWaFpvTEVNUGhSSGpXQlZpWUtIMHpzMzNLRnpUTERxQUx0UDJmc0VnS0x6SGVNTEdwbW5SWjhJV2hSbFYxS2puS0JWWGJrbmk0LTQ5V2pMQ29ia2hHNmJRTHUtSlg2S2hZSzZkVmVIQUNncEZCOTAwSDBwbEVScWxfOTBB?oc=5
2026-04-24 03:00,Seeking Alpha,seekingalpha.com,TSMC: The Vital Cog Of The AI Revolution Is Sending A Powerful Growth Signal (NYSE:TSM),https://news.google.com/rss/articles/CBMipgFBVV95cUxPYzN2TUxFQWRfMWRibHFtUk12UGNIMUJtaGFrbTJadzNuMTNmWk0wSzJ3cHNxbnNVeHcwckljRmNLSDU4WlU1VlJjVGJRdkM2djhLUXc0WFNKRnNEdkdwSHdaMkRWTHdiUHhfMG0tckFOdlVwdTkzaWlONlBfTC1PeW5FaHY0QnVTWUZVV2xUZnZSOFgteTR5b3EwRVBVX1p6ZXJ0dnZB?oc=5
2026-04-24 03:00,The Motley Fool,fool.com,"1 No-Brainer Artificial Intelligence (AI) Stock to Buy With $10,000 and Hold for the Long Term",https://news.google.com/rss/articles/CBMiiwFBVV95cUxQdy0tSHBsT3BoOGI3c2p5blVsbTdlR0dvcl9iNGM3N0dGMUVhY3ViSUFYRmlnRDloTzBJd18ybmF3MUM3bHVGcm5NQzhXeHd4NEJnc1JNcUFlYVIzbHNWbmJ2bWNvTVBUSTlNWU5fM0xCZzhZSUVtZE52R1phY1FqcnFOMGxQUm13R3o0?oc=5
2026-04-24 03:00,WSJ,wsj.com,TSMC Shares Rise After Taiwan Eases Limits on Funds’ Investments,https://news.google.com/rss/articles/CBMingFBVV95cUxNcl9sTC15dll6UGhmR3VkTHA4MWowdXVQMllQdzY1c29ab250WWs1TjdlNENuVUN5SElDNjFXT0dLT1ZzbzJyT0tTRkI5ekUwQ20yNDgxVzZERWdDUlNEdXFDV1FVVjVaOGxWbnNpRkl5am1qOGhndlhEMDJwcUIwUEFaeU12VnNyOGpaUnVvZ21VdVR4VTd0cERvUXBFdw?oc=5
2026-04-24 03:00,Yahoo Finance,finance.yahoo.com,Is It Too Late To Consider TSMC (NYSE:TSM) After Its Strong Share Price Run,https://news.google.com/rss/articles/CBMilgFBVV95cUxOMTl1Q2piZzd0ZFZ3OHA5dEhkQ29NSkFhbUk5TFpRTDZOd2NsSmkxOENaa1hwNDBzUVBpZGRWZ2x6eFcwTnVYVEdXVUxXcm1PalI3MEt0TlJNbFVUUkFIMTNFdFRrakJfOUhEWmQ1cUluU2JnRkVreENoNHFFZ1VWNHNwa0VDYmIzaGtDR0xUdnhpLXJwOUE?oc=5
2026-04-24 03:00,Yahoo Finance,finance.yahoo.com,TSMC Hits Record As Rule Change May Unlock Over $6 Billion Inflows,https://news.google.com/rss/articles/CBMimAFBVV95cUxPcmJRb3E5LXU4US1VUXkzTU5nZXZYY2c2bjU0RTItUnAzQzBtanBSZzBzS1RIVmVWOUU1dUhwRFVnRWR6Wk4yN044WXNYY2xsN3pESGhDMkcxOFFRbF80WXliS1pMUGsybUVpY0dhVzdpT01SZEcxTFRWR3FYMERZc2hSZXNyVzZuN3FNQkdHWGFUZnIweXlxbA?oc=5
2026-04-24 03:00,Yahoo Finance,finance.yahoo.com,"TSMC Stock Surges to Record High on Policy Boost, AI Demand",https://news.google.com/rss/articles/CBMimgFBVV95cUxNY1FoeDVKT04ycmhyRS1hT1laNWE3Ti02Tmc2RzdMcmdGUk5jOHM5aGZPdWN6ZWZuTzFUU0xTdlQyVnlOMmtXdjREcTFpMDJVZXFsV1dCX3FyWURtakRKOVp1T3BnOUpfZFAwdTBpSE9MWjMxWDlSNGFOOTV4YnR2S1RGZnkzR1czOVJNQ2dNZUwxUjE4U0dPMi1n?oc=5
2026-04-25 03:00,Investor's Business Daily,investors.com,"Taiwan Semiconductor, Walmart Lead Five Stocks Near Buy Points Without This Big Risk",https://news.google.com/rss/articles/CBMiiwFBVV95cUxQUGVQNE5TaUF1c0pUMjZZeENPeGxTYlZ4eFZGNTE2UERvRWp3LUd0VmMxdjhteTJIYTZTMVpRMFFWY0lMTlB1a2FVMjJKVUxxVlZaMFk1VEVZWnBjQjl5enNKSkRtZ2N5ZkdyTndTV0Z5VU5fLUFueldqMk5oZWRhVERyOW5xTHVac2pB?oc=5
2026-04-25 03:00,Yahoo Finance,finance.yahoo.com,Taiwan Semiconductor (TSM) and ASML’s post-earnings Price Movements May be a Sign of What’s to Come from Chip Firms,https://news.google.com/rss/articles/CBMioAFBVV95cUxQZlJIRE9yRUlhLUJaelFMNTMxQTNjVXZ0WkdoendIVldjcGxKUDlCdzA0MnNhQ054eVpzODNiMU1PQ0g4R0JTR0Z4ZmdIVTdlWHFta3JXWEVwbUVKeUNTNzlaWEFaYVRiaVBYTWpMb3NfZFZpU3VmNXI3UFJCM2gzSm12MWtUOUtmazRsaDBBaVNjb2dGTGJyaWxUQlRsQlps?oc=5
2026-04-26 03:00,Investing.com,investing.com,Ex-worker of Tokyo Electron gets 10-year jail term in TSMC trade secrets case By Reuters,https://news.google.com/rss/articles/CBMi0AFBVV95cUxOZ0NwSzdia2Q1Z1NvMXFFLTZDVVJqak02Y19wRzN6ekZhT01TUnQtVzZHR0E3SzBGVWFjb2JDRzVrS2pWVTh1TnJ1cEJNMVZOS2lvUTNMSXJDVFJQdE9VUTE0R2tLelpHQjlJM0o5Y19XRVVYRVJxMHVxMTl4NlhLdXNfR1VRTmV2cFo3d01tZ3FRRTZKTHBiY21wTWdSd0I5cmM5MmJxZjFqaVhZX3ZJR19tckNJWENmeklvbmFVT01jMXJuRVdQR3k3My1XcUhW?oc=5
2026-04-26 03:00,Yahoo Finance,sg.finance.yahoo.com,Ex-Tokyo Electron staffer handed 10-year sentence over TSMC leak,https://news.google.com/rss/articles/CBMiiAFBVV95cUxPSDVXUGdjU3lyZU9CT3J4QkJ1ejZfUkVabkVkcU04elBMQmV4LWVjbXdOdjJBSm9qN0FodS1PcHg4WmF3Y2I4R180NG5PNk1uREpqUFhGZmUteEdScVdkVEQ3Y2xrTWRTbUJndFpfX1M3VWFzR25KQTgxVW5PYXNhbldnN2hUdkJD?oc=5
2026-04-27 03:00,Fortune,fortune.com,Palantir staff reportedly question company’s commitment to civil liberties,https://news.google.com/rss/articles/CBMixwFBVV95cUxNYm5teUxtb2RHZW1sYk5rSzgwLUgtaFFGLVdpNUYwM0x2NWZsYjJQRDJpYzIwU2l4b05xMnhqTzVxQm1FNzBTam54R29QcVVzdnhyWk9aTWo2ZG1oN3RvZU1DRGZGcWFDcFJ4bmdFTlQ2RnphLWNvbFNvVjByTTkybmlJTlY4Vi1mRVJnVXhYYVdKQXBQbHZZRTRxS2o2Mnhja0lFSnRyMFlLZU80dnplWlNjNjhMam9xSFRCU3FQRFU1MVhTdWow?oc=5
2026-04-27 03:00,Zacks,zacks.com,TSMC vs. Lam Research: Which AI Infrastructure Stock Has an Edge?,https://news.google.com/rss/articles/CBMipgFBVV95cUxPRkNRblhka2JJUGpYaWpFMmtLTXJCVVIwY0FnWkhHMmVXQWViT2VGN1M0cFZ2aEZMNVVsU0tlT3gtQUs2anJCOHFlN3R5aUx6UlYxTW1hMy1YMG9POGlvb2pxYTJQNTREOU1FUmVFWkV3dDhJb0RhaDRFbXE3TlVCWHpYdEN0ejl0RWdFWU83STlwTGVmYzVMTnJqZDFHZG55VkF2MkhR?oc=5
2026-04-28 03:00,Bloomberg,bloomberg.com,Taiwan Overtakes Canada as World’s Sixth-Largest Stock Market,https://news.google.com/rss/articles/CBMisgFBVV95cUxObzd5dXNPZklLSVdFYzZ0NVNFcE5UVzFDcTlqaUN6RTFkZEN1YXM4OU45QU40eFM4VTV2S2dCTWRSeC1QYzJKb0pwMHF6Y0c3eU9UTW9VS2dSV0ZoSU83X19ONzk2N1g5NVF2Q1Rtb09ZTG1ZUmpKOTZFeUEyaGVnNnEyY3FfQjZVRERpVXZ2RjM1bTh4RndwU1MtN3NVNXMwM1hUQmlLZldPeTZwRnJIOE9n?oc=5
2026-04-28 03:00,CNBC,cnbc.com,Is TSMC Taiwan's 'one-trick pony'? Analyzing risks of over-concentration on the Taiex,https://news.google.com/rss/articles/CBMifkFVX3lxTE91VDQzc0ROTExSZEQzTnlYTU9pb0xVMzc1MjFNb1IyeDZOWDVRTEcxMll3R1NfVkU5cXZ3Y1JNNTlLUFQxbDZfTVdzYTlzYkNMaUtVS2pMbnZfTTZITkduNEV2dXJiTlB5QnN6cGpQb2VJc3pOTXh4ZlpsbFVGdw?oc=5
2026-04-28 03:00,Investor's Business Daily,investors.com,"Dow Jones AI Leader Caterpillar, Nvidia Chipmaker TSMC In Buy Zones",https://news.google.com/rss/articles/CBMilwFBVV95cUxQdHB2WlJtU1gtajVTaF9sYXNjcTN0WFFaeWZ4WHdQa3YzcEU1cHZzNWFnSi1mQnlSMkU4QnU1SGZFUmpwTXFmVy1LVmZadmhaU1lQamFCQS0tcEs0dlduVm1DTVhGSGtyUi1EZnBfMDhnOVJvN29hMUstWTk3cVBQY3ZSMHRENUxlU2xCaDVORE5uYUZNSFRV?oc=5
2026-04-28 03:00,Reuters,reuters.com,Taiwan's TSMC exits Arm with $231 million share sale,https://news.google.com/rss/articles/CBMiqAFBVV95cUxQcHlIT19jQzQwR2h0RlhCRTdaeWZmaUZLTVBGSUMwRDFfY1dxOFZjd21TOTZHOVgwbmVUMkFvQWd3X25iTFJEUERhbURaWTdHd0FrS3I3T2U4ajFqWWFnQk5ZamIzZ0RhR0kzNFI3VkNpanpSWmdlVnJUOWJmaHd6cWJvcUlMbjVuR1JyUzRZc01UdzE0aVROSU1ocGVNZ1h4QUNLa09FMFU?oc=5
2026-04-28 03:00,Yahoo Finance,finance.yahoo.com,Assessing Taiwan Semiconductor Manufacturing (NYSE:TSM) Valuation After Strong Multi‑Period Share Price Gains,https://news.google.com/rss/articles/CBMitAFBVV95cUxOWWhBRUZDc1FlbkNWZHVFQnFUelZ6Qm9NZkc5YmlUbWV1dzRUWnBVZjJ0Q1BFd0tZOWJTYWpjOWZwTXBiekt1QldnR3d4cktRbUxjcDZvZjVlaGJ4QUVSUjBRSE1KVGJPVTZRMkNraVJ5Nk14QU00bTJOLWxXaHZLdUlTRWJxTEF4ZGdPMmlhUk5Ob3k4TjgwS1lwSVJhYnFKUlJjckd5MVdSNEt0ekpKeGRTb0o?oc=5
2026-04-28 03:00,Yahoo Finance,finance.yahoo.com,Taiwan Semiconductor Just Proved Why It's One of the Best Stocks on the Market,https://news.google.com/rss/articles/CBMiowFBVV95cUxPSUFrbGpUSUlwVEdHSy1tNE9jX0RuVU9fRG9Zb2NjRFhaWTFhVGdGU3JmdllxTG8yZFMxNE8zT1FJUkFqdXRPdU9yREtIYmtZZzJ0UEZWdnFSV0UwZkhlT2JHU243NFVhS1hfOXkzZk1vbW02SXcyM0NtbjlIVmJZQW5ZZmlEbHVHa0ZmY3FyN3MzbUZqUENUbW1ENUtuNUFYYU53?oc=5
2026-04-28 03:00,Yahoo Finance,finance.yahoo.com,​Taiwan Semiconductor Manufacturing (TSM) Ranks Among Our Best Stocks to Buy and Hold for the Next 5 Years,https://news.google.com/rss/articles/CBMirgFBVV95cUxNS01KcVV0X0dMR0N3Mzd5cjFwN0Fla0o1Z2F6RjhnRG1FNTBKRGZhdDlFU09YanJQVzZSZXRnMnFLalFtTVRZM01raFNtUlFwS0Rlal8xVW1wNHVaRHV3RjhWbTlVekN6OUw0d3hhTzBOaWduUHNzTkNZZzV1cENtb21xOEd5U1lCbTBkdEU5Y25OMFJHbWFpZl9VMTR2Tno0WXV4OGxSU2tLZjNFdHc?oc=5
2026-04-29 03:00,Barron's,barrons.com,"Chip Making at Risk Amid Helium Shortage. Watch Exxon, TSMC, These Stocks.",https://news.google.com/rss/articles/CBMihwFBVV95cUxOeFpfSmduZzV2NkFnTTktdi1zR2djQWU4S0JjX3RGNmwyTGVnaXhTZnZ6bFdqS0lEQ25wQzlLVzJWblozdFU3RW9WRG1IYncxbUYzRTljeDFDYW5lRHpYcEdSN0VQQ2dVVjVURVFQaFhpNUZSWVQ2QmlrZE9ka1JWYnNpa3l4Vkk?oc=5
2026-04-29 03:00,Financial Times,ft.com,Emerging market stocks hit record high as Asian chipmakers surge,https://news.google.com/rss/articles/CBMihAFBVV95cUxPSmlKSHRMMEpUQTFGR295OXBoelB3alVXdHV4TnQ1UFg0TG5YejRXeGpOM2lJZXBSdVZXdE9DbTZlV3ZhOVg3SWlhalUzb3pVM0R1QTZNYzZZTmdQV0FCMlpuLUFRQzNhYTFMT0ZMT0M3dWlPS0RtR0tIelhXQlpiWTkyZ0Y?oc=5
2026-04-29 03:00,Seeking Alpha,seekingalpha.com,TSMC: Expect More All-Time Highs Ahead,https://news.google.com/rss/articles/CBMijAFBVV95cUxQOUJnRWZtOVhwYUZjenp0TlJyWkl2VVdWaVlBYVh3S3NRaHhVTnV0UG1JcURGaW51dFpPUWxhOVZzRE52WlpLYldCaTNZY0E3cWJrSVZCZU92Z0g4SDRnMFlKMmp6eEhJTlFlSmg3TmF4YWd1VGQ2TjBCMnZ5RDJMZmt5UEVFT0hsUEdubA?oc=5
2026-04-29 03:00,The Motley Fool,fool.com,Taiwan Semiconductor Stock Investors Need to Know These Latest Details,https://news.google.com/rss/articles/CBMilwFBVV95cUxOWW5nbXNBX0VjTmR1TFBNQWVZYWJCZm15V2NxQ3dQWFlyUEg4R3RLN0ZEY2FCbUIxVHFxZmxhUHlBVkQ4YXV4MFUtd0h6ZFAzSThwalhQNHk1OVQ5cVNGUi15TFplcEdVV0gtNDdILWs3YVZ4WG1vLWNWdkhjVTJxQ2YxUUx2UTZfS3ZvcHlEbG8xWXBKWkgw?oc=5
2026-04-29 03:00,Yahoo Finance,finance.yahoo.com,TSMC Just Broke Out. Yet the Stock Still Looks Strikingly Inexpensive,https://news.google.com/rss/articles/CBMilAFBVV95cUxORW5PaHIxNWpTNmFaempDeTRkOFZuWkItZ2tvX1FnWFJqUEg0eUFvcGhwdkRuWmlMMlVkTGNSZUlINHdXYURFMmUtUFVnOFhIMU9jNG5QV190cDZRd3F6YjJTam1KRmd3R21qV2xzSHVNemZseGtJT1piNFZHTm1rb1ZQZ0VXcHpna253cWhzZl9JNDY3?oc=5
2026-04-30 03:00,CNBC,cnbc.com,Intel's stock more than doubles in April for best month in chipmaker's 55 years on Nasdaq,https://news.google.com/rss/articles/CBMipgFBVV95cUxNRnZ6WFZGdk01Q1dGUzNvRHVrMnpETFI1cHJJSmp2M0E5OTdHa0s4OHFLVjJkNW1CVFhFZHp2Wm9TeFJtU0VLUWUxNkZfcGZhTWNaeE9OcDhKbTBQemc0M3hNVlpCb19YZ2ZzNmVsak9xNkxzdWVxLTU3TzU0RjNTamdXYTNRaHJjMXltNEFtRzBpN3J0SjIxVzBTNzdKeW1pT0RCYkV30gGrAUFVX3lxTE5GX2pjY3hwQTFpaG1XRGh4aEE1TTdvS2NHNzQwX0RmSzNCRWdkSThrcFlHTjVvX2Y0RkxCX2RnQWplUVNBT3JrRHluUFl5czc3ay1tNDZueXhObGNWMHZIS1MxOWIwNlVvVDkybU9Rb01lSHJ1OXJuN0NCbm16ZVc1akNsekxpNmoxYkNiWE8ycUdlZVE2NHo1T1FsUDdOOE83STgybVE3WjhWdw?oc=5
2026-04-30 03:00,The Motley Fool,fool.com,3 AI Stocks You Should Not Buy Until the Iran War Ends,https://news.google.com/rss/articles/CBMilwFBVV95cUxOdnk4alN4Ul9sbGxjMFdnZ1RROFJUdlBBQ293cHhuRVNwX3dERUdGWXRmZF9rTks3OFZiTlhNb3JDNkhzRUNRdVhNanB0QjlNeTRkeVRqVDlWY3AzTXZ6XzRacnlqdXdHelkzeHM5ZHdyZ2VnSm9aOVBUR001VkFvVkh6b1ZlRDhDV1lvLWV0T1JkdXFDY2RN?oc=5
2026-05-01 03:00,Investor's Business Daily,investors.com,TSM Stock Bolts Into A Buy Zone With AI Trade Back In Focus,https://news.google.com/rss/articles/CBMitwFBVV95cUxNM1NETlFObjhMSmhlTUl0aUl5Z1EtTlpQZjRURkw1Q0N3QW1SaFd5Y2Q3dTVuREJHenpHUzBzZDdZd1k0QjNPT0hZVlIxdVJMckx0YTJDblJYb0ZNMi1JWkF1VFgwcnFONkYyZklpWEV2bmk0OExzX2JOS3ppTVkwc2FRb3RqOFBpUC1OVlB0eXBSc2tPNGZCcUJjdGpBbjB6YlBFSGZWVmt0cVNGbXRreWlPRFVoY3M?oc=5
2026-05-01 03:00,The Motley Fool,fool.com,The 4 Best AI Stocks to Buy in May,https://news.google.com/rss/articles/CBMigwFBVV95cUxPeDctR2RsOUt4VGdtUk1LYkhsalRLUXZsaWtocm5PRk5rcEhsZ3VFajRzM0FYelI2Slh2LUszOHJDSXlVc3ZVRVBreWRVRXRrVTcyb2ctUzM2QmVqRUFXX2ZGUm1GMzVmWkp3bmtqYmNHaDc4QVpfUHJnVFY2bG9vWnpMdw?oc=5
2026-05-01 03:00,Yahoo Finance,finance.yahoo.com,This Billionaire is Loading Up On Taiwan Semiconductor (TSM) Despite Geopolitical Risks,https://news.google.com/rss/articles/CBMirgFBVV95cUxQc2hhOHByTmpCQlZxSVJtbl9nNzlEdXdMSVZsLXFZRG5CY0Zyb3lrNElHZnZVeG5jaXdWU3BRd1lFSWtNR3BNMTdNbFBLM2R0Mk9HdUZ3SzhSZ2J0NGsxVmRaY05CR1JCSEpDNzBDR00zM2JRU2xNeDB6OFR1aFh3Slo3SUd4OENGVERHRGpVczhsRDZhUGxkcUt4cV9pTzRYcE5Ybzg5V2VpMEVqa2c?oc=5
2026-05-02 03:00,Yahoo Finance,finance.yahoo.com,TSMC Delays High NA EUV While Doubling Down On AI Partnerships,https://news.google.com/rss/articles/CBMikgFBVV95cUxNTW1nb2ZURkRhRmVjb0lJbi1nVDNiMlA1dmRwTk9jaUhmaU8yc0V6d2tZQ3YzVWpkeDk4eUp3M2s1MmJRRk1XWmhPSDNUSVBxU0h3MkduX3ZHSVNxaG1TZW1HS29pLV93VVJqcDgxa3hLT0VkRzJxdXlnei1kZHl3Tmw1dVltZmh4bWNSVFFNZ293Zw?oc=5
2026-05-02 03:00,Yahoo Finance,finance.yahoo.com,TSMC High NA EUV Decision Puts ASML Growth Timing In Focus,https://news.google.com/rss/articles/CBMilAFBVV95cUxQMThZaUJxOUJlaS1ncFBqeUE2M2ktNGczcndJRms1MlVzSXFld2haREtESEI3OGFKeFdfUWh4TC1UOXRfVU9uU2ZCQU1OUGRmYlRBWU5EYjFnYjg4Sm5LVUUwOUJKRVg5RUJzU1Fydm1KRU9Db0ZfaGQ2OFlOd3ZnZGZjbk9yek5qVzBuTEhBSTYwMUNv?oc=5
2026-05-02 03:00,Yahoo Finance,finance.yahoo.com,Taiwan Semiconductor (TSM): Top 10 Stock that Billionaire Druckenmiller and Jim Cramer Like,https://news.google.com/rss/articles/CBMinAFBVV95cUxQOTBXT3JYWEZ6SnB6dmdqRmhUN2NRM1lHbXF3MUM0ZHkzQ3k3enJwNzBFWFhQUWpiLXh0a1RER1JTZjFUd3ZZRlpkUWJwQ01oNExSekxuSTlBVXNubXlBWUUzYm15WTRHRGRfT0pyenBqckZ6Z1Z2TTZlRlplUTU5Qy01LXYyNTQxeU5fZEhZTG8zcnJwNDBFbVgyeWU?oc=5
2026-05-03 03:00,The Motley Fool,fool.com,Alphabet Is Dropping $190 Billion on AI Infrastructure: 3 Semiconductor Stocks Set to Win Big,https://news.google.com/rss/articles/CBMimAFBVV95cUxNVzRhTXh1dXBvM1VqUXVEYmxEdmVSTk5Mc3JwY1RraU5hbmhlTGdfclVnS0pXOUJqLXExVWJBSFJEZm9fRlJkQldyY0psdkczZXRhcGZkY1pzTS1OTE5OTjNvUHJSOFVzTWJ2SGpmdFIzR3B5VmZCLS1NWEwyOVItWWpEV3hqZWhFRnBCWlRldlhzX1JzUk9oZg?oc=5
2026-05-03 03:00,The Motley Fool,fool.com,Bull vs. Bear: Is Taiwan Semiconductor Manufacturing Stock a Buy or Sell?,https://news.google.com/rss/articles/CBMimAFBVV95cUxOWnA1XzVjYTJ4RTRNamNmMEx2U2oyc0h4Mmgwd2ZFdFAtbkpuVmZyUzRDMlFNWnZ5M0pWeU05dzVlYkc3WG54clVCZWFLWk52VXlqLWhLTGF5b05NekZfYzdsRzV6dGZIeUY4WHFMMG8zZS1iSlRJRXc0MTRmVkFCN2tLLWttSUxGTkxuLTV6MGJGUGVtbnlUcA?oc=5
2026-05-03 03:00,The Motley Fool,fool.com,My Top 5 Stocks to Buy in May,https://news.google.com/rss/articles/CBMifEFVX3lxTE9aZVdWbE5jcVBVcWFFWDFmOGZiMWcweUI0amtKUnZKazZQM2pnYmhJU0V0bFBNVTlXZUowd3pJc1VCYVY4cXlZc0lDZlhQcGg2V1gyclVEZzZCNGFHZDdkMmlVTzIzcUFucjRwSkROcGlGM1plblVsQ0lrSFk?oc=5
2026-05-04 03:00,Barron's,barrons.com,Alibaba and TSMC Stocks Jump. Three Reasons Asia’s AI Rally Got Another Boost.,https://news.google.com/rss/articles/CBMioAFBVV95cUxPYTc2OFFmdk1CNVdrZWtBZVF1NEo4REI4N09iU0pDWVRsUThRcXFOLXhfSHRnYXo0Um8wc25QbTZRV2dBdEhMVFN1T1llcXRiU1BQNkpSUGtOTWpsTnFkZVAtX2J1eWtCZHFoYW5hWEhudl8zRDZwaTlrbmxJUUZTdVpjM1dDeVBUZWpwWHdwc2R1ZzJLZjNMbXdiUkVIS1lz?oc=5
2026-05-04 03:00,Benzinga,benzinga.com,What's Going On With Taiwan Semiconductor Stock Monday?,https://news.google.com/rss/articles/CBMiqgFBVV95cUxQWmdaYTBUcnJOSTNqWFBmOWZYVG4yemJENGF6RUM0c2NFRmlpSGpRWmhySVJGVU84VTRpR1h4YzF3bHNJX183WEdQam1lNU4wUjRsZWV5M2tPVV95YThvbUdYNF95eXFMSHNicHNxR0hKcXlONE5tRmo1Q19BOXBFdVJlbm4yam9pY01BckZaYjRVUzNRODR5b1RwcDlaZlpXZWpIWjJUWnN2UQ?oc=5
2026-05-04 03:00,Investing.com,investing.com,Intel shares up on report Apple explores diversifying chip suppliers beyond TSMC,https://news.google.com/rss/articles/CBMixAFBVV95cUxOLVdQczB4X3FXbHdXMWdlOExHMFhhN1RYUmRCLTVMWkl3enp5OFF2REJ3a0hjTFB4bjIzeVdkNngwWHh4b3lacTNOcm4yNEJOQk1nY1RERnZoX0dCM1B2OGpMamFRS1VMeU5DVVhQSzV6US11TjQ4RFVjYU56NGpZR3J6QlVtYUVKLVN4NU50aUVzOWxrWmJ0UE9mTGMzd0xnb2NoZTY5UkJFWTZvdmpZNUN5TEh0Q0JVNjhtQUhQMXRvSVZ5?oc=5
2026-05-04 03:00,Yahoo Finance,finance.yahoo.com,Taiwan Semi Just Dumped Its Stake in ARM Stock. Why Investors Don’t Seem to Care.,https://news.google.com/rss/articles/CBMimgFBVV95cUxOZHRVcU1uLTJxTFhvUGl2YWVkRHVWaUUyaTE2SldwR1R1dnRVd21RZGgxb3NHaVl1ZVl2X21kakhWR2gxdFQ5UFZjLVh2dVRjcGtXUUpEN25FM1dvMkd6Y2d1eUk0cndsMVdCSnJpU1hSVW50XzdOVGpiMFA5ZDB4TW5uU2txcWk2T21TeWE3d3hOVDVRYjFzeTFB?oc=5
2026-05-05 03:00,Benzinga,benzinga.com,TSMC Stock Holds Firm As $56 Billion AI Expansion Defies Apple Supply Chain Rumors,https://news.google.com/rss/articles/CBMizwFBVV95cUxQQzlZN01RajJFdTRZMTZ6WmJNTk1PaDBwazREZ0gyazdDUW9oVzBxblJZb3lUUzk4VjFSb19ja29xOUZIWXl2QlVVOVdSZFJpSXZmVmhfRnUtMHoyLW54NEM5UENsZ3IxVXNUV254bUFaMEdPWFJ2eVZCQm1KbmplX0l2VjdWOThyN0MtUUNHUzNCYzgtbDZPSDRtT182Z3dUSW5jMXBUeHE2RXZmN2N0R2diMWFXRDczUGdoamo0NldqaUtTd3ZGOGJKV2xhU3M?oc=5
2026-05-05 03:00,CNBC,cnbc.com,"Samsung crosses $1 trillion valuation as AI frenzy drives historic rally, lifting shares over 15%",https://news.google.com/rss/articles/CBMimgFBVV95cUxQa183anB4TjdlWGsyTU5NaTZ5M3EyOHJLaDBXbFQ4RFM5TUc5dU5qb2l2VDNlaDQzTmUtLW5BTms4UHhHanZGUVRBYlM4bzhYTm9qcklvV29oODRKa0hsajZBRTRxS3V1d0hjWmtVWkRoTDNIakNKUFN0TEVMYXMwX1pDdHNQVjl5bFJFbFVOVEUtZUFROXFhR1R30gGfAUFVX3lxTE1YTTYtaVlpRi1CQnowbk9nVUZNWFlXRHE4TVNyYmtQeGVLanZWSy1qRldmZjZBcTdWd2g1c0FLRHpUSGw3NW11VXJNc2cyNWVqOFJRTDB3ZzJ5UnVYS2xpM29nTnB1dnpzMUk5bTBORG4tdGtBaWFtc1gwM0p0SWpLTEdtNGNkLXdjZ0hkaU9TNnJ1N2ItZE15UHEyMndmNA?oc=5
2026-05-05 03:00,The Motley Fool,fool.com,Is Taiwan Semiconductor Stock an Undervalued Stock to Buy?,https://news.google.com/rss/articles/CBMimAFBVV95cUxPbkF5LVdGVEZJUHlEWlk1Wk9yZWlqWFdMU0FqRFNBeWhUQUtXS1B4TlgwOUs4QzM2MlpuM2FRSWxuVS05Q1RKSmR2T2sxRVQ0SW9tMmJaeUc3T05UbEl1QzZmM1NER1gtMTRxT2Nzc0JuSm44VExwQktsMGZtT3FQOWR6cVpQd0lLUTRlTGZHUHRuaUpRYzhMWQ?oc=5
2026-05-05 03:00,The Motley Fool,fool.com,Prediction: TSMC Stock Will Jump 3x by 2030,https://news.google.com/rss/articles/CBMijgFBVV95cUxOOFh1dUF2TE1xYXdVdjF2WWtVZEJROUtWREd2OTlpaVlBUE1td01RT2dUbkZSTlVWbzJNN0o5dlVtRDNHaVlPdnBDb1FJM3N0azNISFR4RzRqal9NTldSTXBDc05RQ3MwZ1BOckQ4X1NhZ2U2NmNkWXM2UUpCUl96SFluNzlDUk95UzBtQmNR?oc=5
2026-05-05 03:00,The Motley Fool,fool.com,Prediction: The Great Rotation Will End Before 2026 Does. These Are the Best Artificial Intelligence (AI) Growth Stocks to Own When It Does.,https://news.google.com/rss/articles/CBMimAFBVV95cUxObndCQnFTQ0dDTjZfQUFSeHYxcjFlVVBBRnd1Rm1NeXVsQTZfdVNBdXVCcVVRZEU2TVN2dEZxa3NKd2ZOYUR1OWcxSVFSZ1FkNmVOY05iTnFsc0FBbjZ2MWphQUVRQjZQaUF6Y1oxVi1CdXpRMXBscU5xdlFWN0gwNEQwNTRNX09SM1dIbGtBcFl3TlhpbnZMbQ?oc=5
2026-05-05 03:00,Yahoo Finance,finance.yahoo.com,Everyone’s Talking About TSMC’s AI Boom. Smart Money Is Watching UMC Instead,https://news.google.com/rss/articles/CBMimgFBVV95cUxPREhZTTFENnMtZnFfa01Sa3lkSW1FM1FtMXY2RkNmSkNvRHdvT3ozYnZzN1NmQ0hhZjIxNUtlTks1VGdrT05Fdzl1d1JqTEFlbFM0dkZLZFd6SHFTLThac0I3UWV5RnVtOWpvVlQ1ZkNtemJTanpwelFJUmwwTDJYMnVFdGtwdEw2dDZuRDJ6M3p4Qzk3UVZlTFVn?oc=5
2026-05-05 03:00,Yahoo Finance,sg.finance.yahoo.com,"Samsung hits US$1 trillion valuation, joining TSMC in elite club",https://news.google.com/rss/articles/CBMigAFBVV95cUxOM2pid3c1YnR5YTl4NGJKWUlLWTJQN3BkMW5TTk80enUtUmJmUmxfV3pIMXVQc1dqWm82cGZ1OHZyMTlPWmRHMlZSYk5TdUdTTjJXdmIwdk9RdTJTSjNBdnVoS2doS19qNElpQ1QwcDhfaGZPRmotaTVOTmgzOFhnTA?oc=5
2026-05-06 03:00,Benzinga,benzinga.com,TSMC Stock Rallies: $56 Billion AI Expansion Crushes Apple Supply Chain Fears,https://news.google.com/rss/articles/CBMixwFBVV95cUxOY2ZVTERiVDM5QnN2dTJRaGxGWm9ydFRBUnk2Yzl0MW5HRVoxTmlJVE5Wc0dVRHNJNXNaRlJTZlEwVW1JTU1EVGJyaFlOTFAybXRnUHNOenN0SHJTQkFvOU05bGY1OUliTjlyTUo4TmhLdGRTTnFuNkcxS0NtTWluOU1LV1B2aGU3LXg5VWNaZ0NIT05UV1d6c2hkTDhaY25jZkhHemtzTUdQSmZpb3pteTJJRU9CUTVwOHNqUzlWQTZnMWdwaDJn?oc=5
2026-05-06 03:00,Bloomberg,bloomberg.com,"Samsung Hits $1 Trillion Valuation, Joining TSMC in Elite Club",https://news.google.com/rss/articles/CBMisAFBVV95cUxQOUtJeXRMRVJLYVVqNDdOc19kUFBKd1dZbXRjVW4xVG56VFZnaVBKVmJoMlN3YWlxeVVnd2lQcnJWSHdJZ1lncGpReTVqOWd1QnQyUFUtR2EwYkV4MzlTZGd4eU5RcFBuSG82LXlNNGpBSWZKQVpMTzVSdmVDaml4NUJOLVliWDJLSEVhS1psVUxnRWhCaUZ5SS1udUVGeGNmTE5iLXR3bXdfcHE2VC1tbw?oc=5
2026-05-06 03:00,Investing.com,investing.com,Why is Taiwan Semiconductor Manufacturing stock surging today?,https://news.google.com/rss/articles/CBMiugFBVV95cUxNOXc2TWtFU19mbjRBY0d4d1BjZWJWejlzbVI4LU9EcUhMZHA3emZ6SVktR09nazhQV0tVRnFuYW8xWU4yUXBsNjNsWm9RTXFsUlFUTGlIbW1SbmR1ZVJ6dGVUZkFnbGxUcDJRcWhoaFBNX2hzNkxrS1dNZXlVbFUyaUQ5d1AtZWZDOGpuVzVwcktsVHFpenh0WjBDT2taNGY4bF9ReUVkWlZfRHhISXAxTlhqbGVjYnc3UGc?oc=5
2026-05-06 03:00,Seeking Alpha,seekingalpha.com,TSMC: Early Signs Of Formidable Foundry Competition (NYSE:TSM),https://news.google.com/rss/articles/CBMisgFBVV95cUxQblFaU2dRTHZMc1NmdVR4RHJIX0RYY0NtNTRxMnYtd09IbHhjTTJLSXRyUjVZTUNzUGN6ZFRweGtIYVpPVTdxRzlkMEVWcmFWOVNfTzJYQ2htZGhhMjVYT0d4UllhcHBCci1fZXpxZG91WTQ2elBnSzBKRkY5YVhhbXdxWEIwR19jNGRFNFJLNlZka0NDZmhOUVdCRTVKMWpEcmt6dEtXZ0R0Ml9ZQ3hwLUxn?oc=5
2026-05-06 03:00,The Motley Fool,fool.com,This Is the Part of the AI Boom Nobody Is Talking About -- and the Stock Sitting at the Center of It,https://news.google.com/rss/articles/CBMilwFBVV95cUxOcUNsbzdacElMUHdwaTM1QWV2OE1iaDRiZFczUnZaSDZQMWRHUmNfUGhoWWlzMHpRbFRrdURDamR2RHR6T1ZXeUVWcnVPUFZ0dnc4ZTdLNW9INzdWbHBSNHRVbXdrUkxiRGZNajRqbG9VMGZaMkd2dzh1V3JCbWlXclQ0c0xrWFI0QnlrczJ4dWxDaGUyUm1V?oc=5
2026-05-06 03:00,Yahoo Finance,finance.yahoo.com,A Step Forward That TSMC (TSM) Stock Investors Shouldn’t Miss,https://news.google.com/rss/articles/CBMilwFBVV95cUxOcmdEcHBjY0dNUTFBeDZuVkxwU0JSYk5PcDVjTEJQTk5TRUlkX3o4M01ybDhncEdVTmJkMlN2b3EzYTRkNVdOLXFHckszNUwxV0ZqamtETDJ2VVJBRml1dHo2NjRLZk5UMVppVWNEdWQzOFEtN3p2YkdNZWxqa3NTWjFwaFgtZ1d3c2RrSl9lbkUzYnlObHFZ?oc=5
2026-05-07 03:00,Bloomberg,bloomberg.com,TSMC Sales Grow 17.5% on Extended AI Buildout Boom,https://news.google.com/rss/articles/CBMiogFBVV95cUxQUWhwRTQ3Q1hQZ2VhVW1VbmtISlhXbE9QWlBWMW9jQVV2TVlvOVdUbWx6b2c4MmdpVkdtWmhhbGFfRUJ2aUpxRlpUUXZnMDduWTFKRjF4N3F1LWlfaFBBMU5IOWFqWnpUZFhxOXV3eU9fclNHdGktSVpha2Q4WVF3cDRKbU1MVVZjbGZSQXd5R2hrU0ZNa2hkVUNVSk9XaHBKUmc?oc=5
2026-05-07 03:00,Reuters,reuters.com,Asia's tech giants give AI bull run a new centre of gravity,https://news.google.com/rss/articles/CBMirAFBVV95cUxQSzR6cGFUcThtaGZldmJ5WmhiaXhIMFdvMElpcmF3bEJoaFVpVFZBUlZOV2gwdjU5bGt2TVNoV0dPeXhDRklZb1RSRDhxMmd5WlB1djV0WTd3eGRpMmIwNjdSdDltQmlfV1lOWWxvWWhETGpHVVIxS2VHdTV3Vi1Pa2V6MzYzR2g1YVRONERVZXNyMXd5YklPTkVRTVZGTU9kV21QOUh4bFdITE9m?oc=5
2026-05-07 03:00,The Motley Fool,fool.com,My Top 2 Semiconductor Stocks Benefiting From the AI Boom to Buy in May 2026,https://news.google.com/rss/articles/CBMikwFBVV95cUxNYWFicDVDX3lwV0sxdWhsaXhtelI4Q2ZUenR0b2xna2RoSDVUNWVDeWZRODNUTFlUa2hHM25IdEt2VlB5Wk1HUDluQW5ETXdTMnl4djVYZ0RoUkFySjZKb3RqeXZtN0FvNVN2T1d5bFBPSVJjTlp4ZGpDNFM5bHYxbjU2cWVXd19PbGVIR2wyYmoxa00?oc=5
2026-05-08 03:00,CNBC,cnbc.com,Intel shares soar on Apple chip deal report. Here's why it signals a total pivot for chipmaking,https://news.google.com/rss/articles/CBMickFVX3lxTE90OXhpS2o1Zlp3UE5WMmd5bXhSZ0ViWG9VbXZoWXpqcDRCcF9COU9iZExpbmtNc00tTmM2OG5uTGlKcW50ekdLdy0wUi00VEMtZGpzNWZjVFBNaTkyd1MwUVlyTS00eFNJTGVYaGdiRVluZ9IBd0FVX3lxTE5WLXRaTmFidlFGcmlIeTA4elhIQVpUODZSdlZCZ0Q3WDdVUndzSUZRbEJIWGRkRjV0Q0JiSUQxanU2MUo5blBScGhhR3RfbXBMN1V0X3hmaHluR0RUVDlIc1ZLR0d0U1J5X01ZVkJqY3lrMG9rSUdJ?oc=5
2026-05-08 03:00,Investing.com,investing.com,TSMC April sales jump 17.5% on sustained AI chip demand,https://news.google.com/rss/articles/CBMiowFBVV95cUxOaWxpdzRLWVI4blJMY085WmlPUEZFNXFuVkVlWDJYeTFQODZWTTRXalBvSks2LTR6YUJsMHFDQnZJdjBkUXI5M3lmWVlWTU93bUk0Yl8tb1AxVGtldmRvZmZzeTZxWGtqYUF2LXNRS1NfampLUzVnWTJoX29ON2k0ZTBOV3hCQjF6SjZmTEl3V1JjcnhORW1lQ29hdjM0eEVKOFVr?oc=5
2026-05-08 03:00,Investing.com,uk.investing.com,TSMC April sales jump 17.5% on sustained AI chip demand By Investing.com,https://news.google.com/rss/articles/CBMiogFBVV95cUxOb01RVFFZZU9Hd1V1OHhJVHRubmtkRjdLX1RHcl9FU2hUTllTTE9kdEM1b1hKbDZQVmxsc3I3Z3J5N3BfMUc4T3F6ZHJjQjRYQklSdjFMZ19sd2ZvVkpTTDVrZ1U0cW8yc0tob21qZFRNWmRBWUU5WnRaUGVxNnFCaUt2d0tPektjRHZQY2xLZ1JDTFJ0OXVVOWZkT3QzQVVLV2c?oc=5
2026-05-08 03:00,The Motley Fool,fool.com,This Tech Stock Is the Quiet Monopoly Nobody on Wall Street Talks About,https://news.google.com/rss/articles/CBMimAFBVV95cUxOZ3BpZExZQlJQbnZ3NXFVd0tRY2RpbE9USVdJaUUtSFRfOVBGSzZSV3lzdW5BSHVfU2NNUmczVmdGeG9oQ3VVcl92TC1JYUVUa0EtUS1BQWQ2bzdqejZBZlZIcllyMlNwU1p2TFhqZnIySHJBVUhVWVJMTlRwOVE5MUpyeWhZZDVYM2dhbUpFemJoeDZuWFk3cw?oc=5
2026-05-08 03:00,Yahoo Finance,finance.yahoo.com,TSMC posts strong April revenue growth driven by AI chip demand,https://news.google.com/rss/articles/CBMiogFBVV95cUxQV2N2T2FVQXRfS1lUWXpGeEtjV1lydC1pYkw5ZVdRQWxVbTJMcXI1VjR4NXRNazJtY1k5N2JYakRmZmxTUF9nT1JCUDl5aHdGMkU1VU9GMlZGQU81dEhHaWtjUHdTTjU3WUpoZ3QwZndTYzhWR1RnTkp0Qi01dFFzSlhrVDZWZG5MY1phT2FHUE93TTJZcE1NVWZLdDA5U2tNbnc?oc=5
2026-05-10 03:00,Yahoo Finance,finance.yahoo.com,Is It Too Late To Consider Taiwan Semiconductor Manufacturing (NYSE:TSM) After 1-Year 139% Surge?,https://news.google.com/rss/articles/CBMisgFBVV95cUxNQ2tLeDBRRDFfUC1aY0ViRmVoRVNlQV9yVkZQUWktWVFEb0VSOEVnUGVpNGRkS1VXb3RobGhIRWh0eHM3eHlleThjVW1jWVFLcFFIMHR5NFNzR2Z5MlgzNWotY0k4aFZXelhINkp3cDlQWHBWODhoN21VQU1TZkozaFVpMkRqemJ1UkVGWEZES0VRaTgwakNGRjhvbmpOMWdVYlF2YXptXzBEYzVKS3NwcHh3?oc=5
2026-05-10 03:00,Yahoo Finance,finance.yahoo.com,"Is Taiwan Semiconductor Manufacturing a Buy, Sell, or Hold in 2026?",https://news.google.com/rss/articles/CBMirAFBVV95cUxQZmI0ZWxuaEhDZmc5cDFqRTVTazFVMmxqRDcxS0R3WUQxeEZ2UlNTNVlYTzRZNURqYVBIazBCNVpNRlVZZ0ZxQmpKUngyWDRWcTB2YzRTelNsYjItQkZMeVk2LWhPTTdOenNwM0QtN0NhRHFSckJWWEt1T05mSDNxemttOXJ5aWtBb000S0VKUHgwSzd3VEt1cTA2WFNiUzlERFc4c2g5QlE2S2xU?oc=5
2026-05-11 03:00,TechCrunch,techcrunch.com,"Korea’s biggest manufacturers back Config, the TSMC of robot data",https://news.google.com/rss/articles/CBMinwFBVV95cUxNTklQNzBvRmk3SndpdlFXZXJUMXlaMnpqQnFmMENaV0hOVkd4dXJnMTVXdEE1enViYVY2UXJsTHZPVzJTSEg3N2Vpd0YwbS1TeE9zT24yNDRhenc1bnA0eHYxTDk2cDREdjUycFR5RlJKcFlvdjhDRlN6c1RCZEF4cUprSUl0WXNYS2ZpN25MTXRDampQOVZVc2lybkd3T28?oc=5
2026-05-11 03:00,The Motley Fool,fool.com,The Semiconductor Market Could Double to More Than $1.5 Trillion by 2030. Here's the Best Chip Stock to Buy.,https://news.google.com/rss/articles/CBMimAFBVV95cUxNRFhzcjFyV3RBY1dSM2JIQkw4NDlNS0VYVUVpQWsyUzczT29DTzhDRmhabFF2OHFLOXRmUzJacFdzcDZfbFpLU2dIN1NwNUlrVjJLMmJVTFlVMXQ0ZTVqNWIzblRwZjlKa3ZWQ05yV0xGZ0Fhck14eVI3WVhzNmdoNEFMZl9wdGNRQW1HMDVXY3BNOGFyRTBYWg?oc=5
2026-05-11 03:00,WSJ,wsj.com,AI’s Next Phase Plays Into TSMC’s Hands,https://news.google.com/rss/articles/CBMie0FVX3lxTE40M3pIdHVobk5qTjFzbzZmTm1YTEpBekxDSm9jU3BVbHBZczczdXNQNUlSY2VFNzdwNlpRcnJtZWVfRzd3Z2o5UHlORWZ4cWg5VnpoMnNYQzJGZVRPZk9obkhpSFlsWUY5aGo3eEJtcTBVcEZqVFY1ZDd4UQ?oc=5
2026-05-11 03:00,Yahoo Finance,finance.yahoo.com,"Taiwan Semiconductor (TSM) Is Just Rolling In Billions Of Dollars, Says Newsletter",https://news.google.com/rss/articles/CBMipAFBVV95cUxPMTc3OFR1UE9uUUl0akt6NGFIc0Q2NGpHQjFxN053M1N1QlM1VWQ1dno5RWtNQlAtZEw5SzE1UzJoU2pTeFR3UGJNREpSU1c1b0hiMnVDWG5JZnFkS1FHcG9QY0NzWEkzWDRDWGFtOHRHUHZJalhRSFNPVGF0WmdlM3Y0cjJpbGtWMkZnWHNyTTR6VTE5LTd0ZXE1SXJibkxFRDhGOQ?oc=5
2026-05-11 03:00,Yahoo Finance,finance.yahoo.com,What Happens to Taiwan Semiconductor Stock if the AI Build-Out Slows Down? Here's My Answer.,https://news.google.com/rss/articles/CBMipAFBVV95cUxNQlNWclFhUkZjYWpfTVFROGtWNVFIV0xKYUI0MHJTS2ktc21nYlFCN0FrQXQzX2VTcVJ1bWpibTY3NXl5VDQ0dDNYVmgyc1hlWnl6VnltMS0xMFZYUmZVVzhqT01HTF9wXzF0QzRGUzJ1TTFkRVRhczFyR0l1b0hETnFDb0cxQ0dmMzQ0cDh0VjV3bkN0THJkeVA5dmpkX0pLZnQwZQ?oc=5
2026-05-12 03:00,Benzinga,benzinga.com,"Taiwan Semiconductor, Freeport-McMoRan And More On CNBC's 'Final Trades'",https://news.google.com/rss/articles/CBMi3AFBVV95cUxNWm91eHI5dFliV2ZuaEMxTU0tdzktZnlZSzZkekxSOUVGdHNzMDRmQkNzaG0xYk92RW5SaHVOZHdRcENGMFVkLTUwUWpxay0tWWtkcVhmNVM0aEtvdFZkNk1HRWtLbkVFNHFVRHVMOWYySzh2d0tMbXJmLUpXQ210RFlkSnRCYUFJeTZjY00wWS1COTR6YnhRX1ZSMFk1dE1sSEJINTNVY29JdmJ1MFloSThYbmZnWXVMaGI5VU94Z0p6X1RBT3FReGw5WEpVOVc1LWs1eVE2OENoS3Fv?oc=5
2026-05-12 03:00,CNBC,cnbc.com,Asia's trillion-dollar titans are powering — and distorting — its fastest growing stock markets,https://news.google.com/rss/articles/CBMiugFBVV95cUxPZ0xXZEFYTnlPVWgyRDdBZzFWUGw1V0FmNkNxdlZOaFRIVlFsS1NCcjAzUW5DNWpIRWZ0TDlJT1BzRmNQMHFoZG5jVkRtLVRYY1I0RDR1MmdSTWZzN0F0YWpCZzJMSUFwcWNpRGotbzRibXgxRUlyeWxJVmRTSUh4UUFVRDBxcDhCOUJWRWRfVnh3TGMyWDl3YlRJTDlTOE9sam1pTFJEaUhCZHAwbnhwTEZtZWNoUHcyV3fSAb8BQVVfeXFMTi1aVEJnSmd0OVF1VFZjZmFsbnRXMThWa242czBSRmQ5UXBuQXd1VjJTTG5tTnFrU3Z4d0pKYmtVME5zc3l2dzNjRmg5ODFJLTM5aFk4eWhzQms2MmYya1lqVWdMeDF3TV9UdkRzaTZBZWRoTDZsXzRsbk1qRFpQNmNkdDhxbFFjbkZGeFpyUlRLNmdnQWJoNE5xZjJTbmQ1dFJzVWg3b09SaWU0RV9VYmVkX0dlZDcyUUNFa1lCU1E?oc=5
2026-05-12 03:00,Zacks,zacks.com,"TSM Stock Up 33% YTD Amid Valuation Risk: Buy, Hold or Sell?",https://news.google.com/rss/articles/CBMingFBVV95cUxOVGlIWFFKTXppMTk5NWJfakNiYVBSdmhNdlBQX05tN3ZYMVVCZjdoZHJ3MTZpQjNEVTRaS1F2dnJtU3MzSVRMTDZaY0NHb0FJR1lVQy1DQ1pLemhkdTNEV1BiMmRtZUdISk5pdjFwZS1RUXFYZk5Ma3Vyb3VjWDhwMWlyOTRWdXBXd1hIamJZMUpzVUJucElPWk1KN3gwUQ?oc=5
2026-05-13 03:00,The Motley Fool,fool.com,"1 Unstoppable Stock to Buy Before It Joins Nvidia, Alphabet, Apple, and Microsoft in the $3 Trillion Club",https://news.google.com/rss/articles/CBMijgFBVV95cUxQOEc0eWJmd3NIZVdBOGRtQlIxZkNtc2VtNmRtdllDQ09qb2FkV1g2Q0ZDc3M5VEtoMHlGeGQ3YTRrT1hjQnFzZHdvTVBGM1B1NWZsdVdYMXRiNnFURTlOWm1IdlItNk1Ha0dicDJRU0NWN3lNZUpreHJwOTZVS3JXMnFPYVAyd0Jjc3FUdG13?oc=5
2026-05-13 03:00,The Motley Fool,fool.com,Better Buy: Taiwan Semiconductor vs. Micron Stock,https://news.google.com/rss/articles/CBMilAFBVV95cUxNemNtdHRkNk80ZFBxaXJKV25DaG43NjBnUXk3YzBrUkM0QzNFc2h6dHRoRTZOa3l3YU9zZnJxWEFiS3Q5ZnQtU3dzd0Y1bUFSbEhqWmV4aTdkdXhQSldyTkNyR3ktR1BVQS1NQUdia0lUWVBuc3U4dXlKMUdObi1BRGJnd19rRVR5el9mNEo0VUxfNUI2?oc=5
2026-05-13 03:00,Yahoo Finance,finance.yahoo.com,Sony’s Surprise TSMC Deal Could Ignite Its Next Big AI Growth Wave,https://news.google.com/rss/articles/CBMimgFBVV95cUxOdFFjMjdsX2dKY2JyaUI1TXNBSXVDUG5QYzdUdkxmcWpkdnZlRUtfa3poWVJma2RKSDJfSlNCcGxHUUpCSHNWOFFkdU55YW1LV1doSlFkbm5jU1hsMWxNUUhmbnB1VVR3a21fWU80MnRaV0NPU1hRWU9GbWZfWmNtTTVzNDY5Qi1nZklUS2FrcVYxSHRlcmNRVlZR?oc=5
2026-05-14 03:00,Barron's,barrons.com,Xi Warns of Taiwan Conflict. These Stocks Could Get Crushed.,https://news.google.com/rss/articles/CBMif0FVX3lxTE1ZSTNsOHd6SDlVR0MxZDhKQXgtVVZucElJOTY0bVc4UUtmUWxxVHgxMlNYdG1WUVljN0tTMzFDdHJ0X1hpVDU5TUVwWHpKdTd2SHFHZlhQVUdOUXczVVV1ZnMzM2Nob0tja1ZsTVV2SjQzSk53UkhzR2hvV05POEk?oc=5
2026-05-14 03:00,Bloomberg,bloomberg.com,"Emerging-Market Stocks Rise as Alibaba, TSMC Join AI Hot Streak",https://news.google.com/rss/articles/CBMiswFBVV95cUxNb3VBSmhKeDNhTzdrNGlYa21DaXl6SzVKNzJFWFRodjZaY1p0WEdWZ3lqZkxnWGY0azFNZ1BtNk5TdGQwaktZZnVVZHNpTFc5TS1XS3Bvd3hMRWZJNGpiUW1XOERaUjItb2lKVFpKbjYtSTdwUUNfZnV3T0wtcUpxTFA1b0lRYl9Cd0tuXy1Oa18zUHRLQkJSSlpDakFnTEx3NzF2eWczdkRaSk5LT1hOb1FMTQ?oc=5
2026-05-14 03:00,The Motley Fool,fool.com,Broadcom vs. Taiwan Semiconductor: Which AI Chip Giant Is the Better Buy Right Now?,https://news.google.com/rss/articles/CBMimAFBVV95cUxQMm93TUdnQ3pPbmdpZmIwaWR5R2s3UzVLVFh1UXgwdlZabmZkVmlkbFVuZUNCdS1GU010bFJQdV83Qnhnb0E2YnI3S0hYNUdsMzQtaEliMVlGdE52RDhrdWV3elR6LVJwc2xicDU1QWxHeWpMOWtUXzVib3c4Y3l3enBBT3JQNEtNZnA3XzJGdW5qQlBNcG5BeA?oc=5
2026-05-14 03:00,Yahoo Finance,finance.yahoo.com,Assessing Taiwan Semiconductor Manufacturing (NYSE:TSM) Valuation After Strong Recent Share Price Momentum,https://news.google.com/rss/articles/CBMitAFBVV95cUxNWV9Icms3TDJvQnRZXzRzdTg1b1pCMmgxUDdMNXNLZEtYaG1oVlJfeDN3TGszSzkwUzJBa3BXWGgxd3pjMTQwYjh3S3UwRW9yYkFOUDNqX2hyb0w5TUtrTEowV2pVZklSSUxBdU1vT0M0dEF3bGZhOHNLYmlvaWhqS3pyTFE4T0VfWkhfOFFLYlZ2dVZqeTFVNGU3c1o3NVdZdmhWa0NoeXh3bVB5WWhEQTIyQ3k?oc=5
2026-05-14 03:00,Yahoo Finance,finance.yahoo.com,TSMC’s US$1.5t Chip Outlook Reshapes AI Supply Chain Risks And Rewards,https://news.google.com/rss/articles/CBMiigFBVV95cUxQSllUUFVVMGQyTHpNS3NTLXlGUkdUSjg0NW5DT0JzOU9DUk1WVHcyVEtaMTNEM1VWSk5jZDZuMTg2TUg5RUNNSnp0NTVUdUxFMGk0TnNuSWk2NkpCU1QzOUZ0MTBYTllJVEVtSWdqX21NT0FIeDFQUFJXc1AteExJZlBOLXZaVWNFZ3c?oc=5
2026-05-15 03:00,Barron's,barrons.com,Why Intel Is More Like Boeing Than Nvidia or TSMC,https://news.google.com/rss/articles/CBMifEFVX3lxTFB0MldOODQtaVQyWVBOR0x1RVNOWjZUdjFhV3Y0bGktSG5UQWxlWVhEWHpZQVN6b1hSMm9SZDhpWmJyazEzYW1zQkdpUVFuQTBCU0pCUkZMZHA0QnZNc083MU05VDhzeXc4Q19pTGJQa01xMWxDS2o1MmZmU2Q?oc=5
2026-05-15 03:00,Investing.com,investing.com,Buy TSMC stock as ’recent concerns are overdone’: BofA,https://news.google.com/rss/articles/CBMirAFBVV95cUxPRVFpNjNaNG9IVWw1NVk1RmNPNEtLaFpLLWE4MHNrTERQSXVFMmVJbDEyYTRrQ1dISU9xelM5Y1Jqb05kTEpWSXdtSjVJMVZMSzBrSDFjV3FqMXVWOW5pcFEtU08xOEpvakJvbVdORkRHMFozU3VoLW1WLW1Gd0xRX1JfLWRaQlc4c2ZXN0YySHJBa19VMnNIOTlrLWRjeUFyTWh2SHFnN21sOWV5?oc=5
2026-05-15 03:00,Investing.com,investing.com,TSMC to reduce stake in Vanguard International Semiconductor,https://news.google.com/rss/articles/CBMivwFBVV95cUxQOTdXMkFLWDEybTJwR1phdk40V3MxMk9sczV3bEw2dFU4b0tfQkNldDBXTGozQm5YZWhTN29RQkxKclNWYzQ4Z0lZTUI3bFJURlZ1VUNVZmdPaEsxUzZkTmMtMUQyT2l0Z2FBNkFZbG1rMUZyU055YmV0b0JySFJiUFM0dWVUMENza3pUdjRQNURxaUJiWnhmQXd2NjVMVU5WbTFmWDE1M1RSdFhnQmFXQ3BDM3A2NWFvaERSSzlmVQ?oc=5
2026-05-15 03:00,Reuters,reuters.com,TSMC plans to sell 152 million shares in chipmaker Vanguard,https://news.google.com/rss/articles/CBMiowFBVV95cUxOLUYzUEVIQ3VqQkw4M0h0aTVObF9lZ3FHNmdxVXdTOVZIMDZkU1JZWG5vSkptcVA1Y3E0TU56dGp4ekRoNVBSeExkUGVYbG9aTmd6TXc2Uk50NEdJWDg0d3B2YmpoUWNlUW5RSDFfTmNSZnlHc1hnSzNkMDhRWEhvLXhmeC1pVmdMWlA2bzBDbDZCLXhFeUpuWDRKd3ZBM3BVR2hz?oc=5
2026-05-15 03:00,TheStreet,thestreet.com,TSMC predicts semiconductor market will reach $1.5 trillion by 2030,https://news.google.com/rss/articles/CBMirgFBVV95cUxOdXZIcGxSek4ybUwtRkJ2R3JiMW5ScnM5a1VPZnFEQldndlVYenY0elJUY2psLUhXWldyWloyODZvenFFVWFocGhyeEJwZ3FacFFIdldkNndBWG1LSTNiS1dOOHBwb3ZHSF9lWnQ3THhzZFFvQVVCX1FWUkI3MXAwY2wtcWJYWk1lSHczYTBVcWdtSEFCMGFJeGNMVGYtNHRIZnp5aElIVmlyWVZxTVE?oc=5
2026-05-16 03:00,TheStreet,thestreet.com,Cathie Wood sells $40.6 million of popular semiconductor stock,https://news.google.com/rss/articles/CBMisgFBVV95cUxPYi1La0FRWWE3SEZQblliZWxfVFZ4cVlRbUpEaURwSlFDRnIzdktxcXJid3ZtWXNQalNOUy1NLXdRSkRWR2x2c0xFcUhEWEVSdlVjbE9JX1l0NTd3ckpoQjJrYkxpelM2cTBmcEJOblJ1ckpIbUZ2QlllMDg4QlVSbEUwcndhR3Fidjd0TnFPcUdJWGhSRjJoTUgwRi00Zl8zUi0tSy1aMU5HUGRYeUFicUtB?oc=5
2026-05-17 03:00,Yahoo Finance,finance.yahoo.com,Taiwan Semiconductor Manufacturing (TSM): One of the Best Fundamentally Strong Stocks to Buy Now,https://news.google.com/rss/articles/CBMiqwFBVV95cUxPbGJRcEpQbjNYTjJvRUxlaEJhaE9wdHotVFVvbHNpTC1Tbk9WZEtRTHVjamtMWnFRaWdhbFNVQ1NJQnhzNE1FNDd0aDNVUEhFU1JnbVh3cVBSSjYxUnQxX3JSSmxhTlhrSDQ1ZWFMMFI0ZUlUMUJMR25NVFhFek1HV3FMa1F4RzFYVGpwSWpqUVVGckRzejM5X01YRHUwcW55UzlSWmNQb09odHc?oc=5
2026-05-18 03:00,Benzinga,benzinga.com,"Cathie Wood Sells $28 Million Worth Of AMD And TSMC Shares, Loads Up On Nvidia, Tesla And Flying Taxis",https://news.google.com/rss/articles/CBMiwgFBVV95cUxQTHBBSy1uWUVTLWZMSko2Z2kzT21hWnBTM25FZXJIRzRKdGd1YWdTdC05R1BsR2M4eW01SXBybFllNTlna1VVblIwM21JUzB6Z3FCS3dKOVhaT2YtWXZET1JoRmpkSFpXc0YxbGkyRVc3bzB0RmUyS3drYi1VWmxJaHBmU3lpLUFNMUVjNmU2NDA2UWFvVzctU2hBMHIzXzFsYVdrQ0EtTHRxSGh5U21vODVrdENpV1hfTVlXcnVjX0UyZw?oc=5
2026-05-18 03:00,Investing.com,investing.com,Bank of America Raises TSMC Capex Forecast on Chip Demand,https://news.google.com/rss/articles/CBMiuwFBVV95cUxQaDVVVXU2MkdGNDBSYTIyRVV5THFleE0yZFFYUllKR1dpVjNFc1pLdUE0QV9yOF9OM2MydjBuYl9kSjBpWTRwWUwzdDlHM1RVX2xiNzJKWmhpMG9EU0xiU2FiMzB6dWE2ak83cWJqczFyWVQxLW9VTkEyU2NXbVBzNFZINFJGZS1XVmIyNDQwdTJKUmphbXFDWnBLa1VRQzNUS3BZQTQ3N2lqTGZEYUhCc0hPclF1SEdiRDRv?oc=5
2026-05-18 03:00,Investing.com,investing.com,Bernstein raises Taiwan Semi stock price target on AI growth outlook,https://news.google.com/rss/articles/CBMixwFBVV95cUxNblFmNlFPczVidzZvbjdmQjdVeVRTZzhHQS02Q1lnY0lGYk0xdTZLYXhBeUE1dVFiTUpPcnN6a1hNWHNObHdSYU80WHlfWXZseVJJV1NZbEN0elc1WUNpWkxZbE8zeWpfeDE3VnBYd1Y1QmItRGlxS3lFZTRaak4xU0Y3MEh0djZrdC02ZUlFMW1CNTMyS2VSVkxjWDNJQU9waGMtMDI2R2V3NGVVVDlleHRKUzNJSmxBRTNBYWN6OVF1Mk9zeERV?oc=5
2026-05-18 03:00,Investing.com,investing.com,Vanguard Intl Semiconductor shares slide after TSMC trims stake,https://news.google.com/rss/articles/CBMivAFBVV95cUxPbFNaWDRSd28zTGVFeTB0aDVmRDk1d3ZUQ2dyNW4yZEUxQ2gyaC11TEZWR3ljdmtVZmRVcGYwcm1KS3lxdThnRFNseEpXc19TN241aW91MF9SR3BIaWMyS3VXMlNIajJPR01yTEtleXdob1diVGNZRXhYbVN4Ym9OOWYtRnpmMmhvLWtOazZzcjBiNm1PZjNhT3gxcml0Z1BnQkZjd0ktU2pyR2FrVU9QWFFRMDVXWWR6VTU0UA?oc=5
2026-05-18 03:00,Investing.com,uk.investing.com,Vanguard Intl Semiconductor shares slide after TSMC trims stake By Investing.com,https://news.google.com/rss/articles/CBMiuwFBVV95cUxPT3BZZDNodnF6RDdZeVdSQ2M0LVlhQjZoLXRiN0lBNE9xT01IX2hlZDBQMGxuTkNYMFhkTlpXa0VoMGpqUmZkcl9sblVFR29vQXVKS1ZvTGFTQzJTeTFoUXl2NHNKWjF0Vzg4UEdOcUJZaG9pSTZXRDViWDNiaEluUm95eENpbWhjT1hSZnhodEs0SWlXaFk1ZXVsaV9nRzI3WmNpa0JlbmpFaVJ1ejVZSUpiZzk0TmloQ2hF?oc=5
2026-05-18 03:00,Yahoo Finance,finance.yahoo.com,​Taiwan Semiconductor Manufacturing (TSM) Among the Best Stocks to Invest in According to Billionaires,https://news.google.com/rss/articles/CBMirgFBVV95cUxQYTMydzladjRfeVgwT0FfcUo3Z3M5N0o2bzB3am1qVXJJSktNVkZ2dU9FUUxyZjZEb1BFcndGR3d2eXNCVnpuV1RwLUwyUkhxNFRwN0VRRTJRb1pvRWE2RDlpQW16dnF3WTZCcVZxWml2ZWJMN3pvaTRfdUZHbFQxTHZhMElzRmJINmY1Z0ZOT2NvSXVieFo0VlFRNnFxeGNFa05NcVdITENnd29rZGc?oc=5
2026-05-19 03:00,The Motley Fool,fool.com,"Nvidia Stock May or May Not Soar on May 20, But This Super AI Semiconductor Stock Could Pop and Go On a Terrific Bull Run",https://news.google.com/rss/articles/CBMimAFBVV95cUxNYzdIeWs5bHFKU1E0bWdFUUZ4QXY0U09MYmk5MWZTcTRsRDVGZjQ0UzN3MGVsOXZqT21vQkZtaFZaUnctd2c5NHFYbW5SMGw4QjhjRm80QjUxNHZ5RG9xSmdiLTBDanc4aFNhYWhsWjZ3SlVZTkJlb2JTZTVwbGtaRGVpZENrN0dUbmtyUFM5X2l3eGluaGx1OQ?oc=5
2026-05-19 03:00,The Motley Fool,fool.com,Should Investors Buy Intel Stock Instead of Taiwan Semiconductor?,https://news.google.com/rss/articles/CBMimAFBVV95cUxOOThlVTBuS1FEeVdwdkJ1OTRncnpRSUx1RGRqU1QxMmtWd003U1pvdzlPeUVidkdPcmpnM19fQWR1RDlVUWgxNU02bjFISnBwdU42bTgzcy1IbzV2RWVSUGFyWnVqM0FpY1Y2ck1XOU16ZWVCZmFOZWRKSnVjTndQeEt5Sm5fN2c5aDhNazFvRndYUHFrVFU3Yw?oc=5
2026-05-19 03:00,Yahoo Finance,finance.yahoo.com,Taiwan Semiconductor Manufacturing Company (TSM) Dominates Today but Faces Risks from Rapid Technological Shifts,https://news.google.com/rss/articles/CBMisAFBVV95cUxPY2FQSUREbEExTU9rbVFENDY4aklYRTl6eEdvam4xZXdxdVIwT2tjaGVOTDdtT3JXYmlsLWxiWkZjTXlCVUcwTGEyXzFFS1NyTGh0VnJlUG1iWDZteUtzZ3g4MUpsMi1wbkgtWGpnbkRFRGIxd2JuQnZHOXJjLUptdmVWOEoxeEV5aUF0cEc2TnNuREJ1MktyREFNMUNVazdIU3NOWG41LUkzU1BveGI5SQ?oc=5
2026-05-19 03:00,Yahoo Finance,finance.yahoo.com,Why Taiwan Semiconductor (TSM) Sits at the Center of AI Data Center Chip Demand,https://news.google.com/rss/articles/CBMinwFBVV95cUxQeXJuRVcya3FrQi04QU1FN1hzYVFma3hxaUprQnVuQ01vTGgtY0o1X216V3J0X1NONGI5S1E0NThpMlgzb1ZJbUpLQVJQMDR4amd0TmY0Nnp2X2E4YnVSdDJxbDRDUDU4b1g1VzZYa0s5cGM5Z0Jmc2gwMmMwZl9CWG8td0twWEFkRk50bTB5aTQ1WXAzV2lOcVBzdmRHeWM?oc=5
2026-05-20 03:00,Bloomberg,bloomberg.com,The AI Stocks Boom Fueling Record Rallies in Korea and Taiwan,https://news.google.com/rss/articles/CBMib0FVX3lxTFBQTXQweXlNT3podXYxNjdhN1ZheG40d3dkSlRkbmFONG1TNDh4RC1LMXpCNWlHTVcyMEFFcWpqU1BONWlhWHBJc2cyUXRpYW5FUFVkUHg1RnVPR2tlSUlNOFdGYzlTdC1sWVZTZWVuSQ?oc=5
2026-05-20 03:00,TheStreet,thestreet.com,Cathie Wood dumps more semiconductor stocks in blindsiding move,https://news.google.com/rss/articles/CBMinAFBVV95cUxOU3U3cXMwTkNybGFsYjFxTlpmRW9fN2NjM2xEMTc1TV85azg4Wk1TbTVrbWVvTmJXS2pTT0I3SHFfMF9oMjdUc2ZEUkJ4VGF4eEQzODdyYUplYVJfTFluZ0N3ZXUtMnlIS3dIQVZ0bGp1ZEF3WnJIWkxzb0VQU2VkWVJCRGpxOURtMGVqWlBHNFJleWI0aExGWmphTWU?oc=5
2026-05-20 03:00,Yahoo Finance,finance.yahoo.com,BofA Reiterates Buy on Taiwan Semiconductor (TSM) After Tech Symposium,https://news.google.com/rss/articles/CBMiqAFBVV95cUxPZmZTZlZlSUxIbzBjTG5HWWRSeVpDNHc2bDFsb1F5MGF3THA5eHNPMlduTzltY0pZV3Y1ZkZtWGNnaUstYWJQQi05dlg4M21oNDA0dUt1MGFLSWpTMG5FXzR4V1JJbEg2WVlhN2VELXNuVUNOcDdvWVNTejlEQmRSZ2ItdzE1ZncxcGRacTNtSmpvRFdQdUdsVGtEVjNDSU1IUFFoSUx4VWc?oc=5
2026-05-21 03:00,Benzinga,benzinga.com,"Cathie Wood Doubles Down On Peter Thiel's Bullish, Ark Sells Taiwan Semiconductor Stock Amid Spike",https://news.google.com/rss/articles/CBMimAFBVV95cUxNZUh6R0toU1RUTlJIRkxmMV9jR3FhZGpCNXZmbGZfaEJLcFNpZmZYTm91WG8zcWpIZ2dzSlEyVEEwdjZjSmdlS1Y0a0xTXzFuZERIQmxyc0l3MnRpQUlZdld4WV9CS04xQk1xQmFBeE9VdWFWWmIwRmVSVG9jXzh5NUZ0Q1JobEN4dHZkQWRnS2lySnZmcDBoSA?oc=5
2026-05-21 03:00,Benzinga,benzinga.com,What's Going On With Taiwan Semiconductor Stock Thursday? - Taiwan Semiconductor (NYSE:TSM),https://news.google.com/rss/articles/CBMirwFBVV95cUxNSUpoNnB1VHdQZzd6cHlvcG00RVVlcUFiMjlFVEJmRWxzZ0RIQlJnenZzanZRSDYzN1NBOEM3czVVaWFtNHAzSjBvQmk3ajRaOHhSTGhVYUZwNm1sSzZHeE9BUEZHbGNENmVwaUtUU1RYZk9jeHZwSHpTNnhLcjYxNlhUSkU5dlg3LTFxTGJNVFUxN2ROSE9XR2haek1ZOWVLV092Q3BXcWdicGZKSVI0?oc=5
2026-05-21 03:00,Bloomberg,bloomberg.com,Investors Look Beyond TSMC as AI Boom Spreads to New Winners,https://news.google.com/rss/articles/CBMisAFBVV95cUxPS092UWNtbWMxUXJWc2VHaDFOMmRzR1dzT1F0UWVFYUR4TTBOMmlMcVNNdTlsVGJsVEZRM0RFSjFGaGF3N0tJV1FLaGFCblh6T1gwZ1lzeHpUaUFmYTJ1OUVRQUZqd2J6cGJYTllicG8tTFhtcjRCWjFYQjdnOTJZb1BabGFFZFlpejA1d0cyOU5oa21ZTW05R2VKNHpNWW9vWHJfeUJPRkVwVkV3VFo4RA?oc=5
2026-05-21 03:00,Reuters,reuters.com,"Taiwan may limit currency switching for TSMC dollar dividends to once a year, sources say",https://news.google.com/rss/articles/CBMizwFBVV95cUxOMEtCNGl3VHlEMWJzUGNlR0Zad0dQNy1JaVA4bk05MWZHU3YxMTlicmJQTjhkYzBCRnFuVlVXOE91SjhkTkRHcjNxUzFKZzd3eVQyTEFiY3VOY1pWUDRpeHBJdzViWVEwdnU4eFNJcXpQWUwxREp0RUwwVUk2RW9oNGVXWW1nc0N6Sjg5TmxmT3JMQW0yU1ZydGx2MlY3ek9xU0djVlUwVkd5YVRDVjFpV2NnSGl6ekpGOTRadEFPUGlUcXluaWdGSnEwcUREMzA?oc=5
2026-05-21 03:00,Seeking Alpha,seekingalpha.com,The TSMC Paradox: Huge AI Silicon Supply Vs. Finite Infrastructure (NYSE:TSM),https://news.google.com/rss/articles/CBMirgFBVV95cUxOSGp0OEFLeTdCNGQ4cEpNd1JoU3M0bG84QjJGWDQ1TnhZSmFDUFJZcUZLWVVueGxvbG9pUmkzS210MFVMTXZmRXlPa1BUa1JNTDRSSVNGRkZXS1owZFBSaU5VN01sSzRFZHg4aFlIS1VmX2haejcyVmF6Zkg5VXdtb05EQ0I5WXc1VW1wRG56WnM4WUw2VDdzREMxbXltai15MGoxSG5PVHJmbFRwR2c?oc=5
2026-05-21 03:00,Yahoo Finance,finance.yahoo.com,"Jim Cramer on Taiwan Semi: “The More I Look at It, the More I Like It”",https://news.google.com/rss/articles/CBMilwFBVV95cUxNRklKSjNrTi1wOEZHUlV6bnA5VjJNWk1obDdkQUIzMjhOX3ZqX2p6bVlZS2prb1otZWs1NmowZDl6VHVwWXNIemZoa0hwTmNWLUUxQ05FWnVvUVl1M2VfR3U0LVZmaTNqRDdrRnJ5RVpEeGZBTm5PUkxCZ05PVXRLMDY4SXp5Z0xPa19xQXVOUWpQRUp5RGZz?oc=5
2026-05-21 03:00,Yahoo Finance,finance.yahoo.com,Should You Buy Taiwan Semiconductor (TSM) in 2026?,https://news.google.com/rss/articles/CBMinwFBVV95cUxNZXNKME9SbmlYRWxyU3NTX21sdEhJOEZjOTd4QnZia3RYdTNCOUhWNXd0MGJDRjlpdFlSSll5UGJoQy0zb1hHYW1jTUxqalNMUkE3ZVlrdzNBS1ltelBVdUd5d2xMd1ZUTFRmNFhaby1IcHNyTUFBcVljd2JUdjVyNUI0QkdCcV9BZWlxYjRwcGJIc3IzMlE1eUE5bkZKSk0?oc=5
2026-05-22 03:00,The Motley Fool,fool.com,"Beyond the ""Magnificent Seven"": These 3 Breakout AI Stocks Are Disrupting the Industry",https://news.google.com/rss/articles/CBMilwFBVV95cUxQeklLX09BeWEzM2JIZGhjZjRDOHY2VDYyMjZwWlc0cjM3ZjF0UG4zZjRmQml5a21wcWNOMUhnT0NMZ250RXlXdDJBXzJSQ2JYcU1vdzhRZDREdGszQ0FQT3BIMTZjUURtb05iay0yXzg0YWxZcFQ2a0tRcEM0cUJJWlRhU0stbUs3WFN0aGMtWUtDY3VjWFM4?oc=5
2026-05-23 03:00,Seeking Alpha,seekingalpha.com,"Insider trades: Microsoft, Taiwan Semiconductor, and Snap among notable names",https://news.google.com/rss/articles/CBMirAFBVV95cUxOQlE3OFFxbkdzN1FnbWwyUkhQeV9LQ3FaMllLZzN3SDdUbDhqRllBa1B5elgzaktpR3hobnBFanJVdW1CY3JrNmk2LWFxR2NxR1hHUjdKNGFjdTNmaGppTkVMNi0yalpVSnFCS21ibDQyRXhoallaT2hWbzFJSTFoN1oxRkoyRm5KeE9wWkNlRzBDVVlRWXVSZGdETmdLLW9qTXRQZVltbk9fRDNR?oc=5
2026-05-23 03:00,The Motley Fool,fool.com,2 Stocks With Monster Potential to Hold Through the Next Decade of Uncertainty,https://news.google.com/rss/articles/CBMimAFBVV95cUxNdzh6VEJJS2l4Sy1QanhrWm5YcUQtTF9qOXBDa2VwaGZ3MGF5VDdXc2g5RmNQTE5aOVgzYWwxZkRYNjRxdGI5c3dNTjdqWlpPZEtHN2NvU3ZNWWhSTXZLRnpsWFQ3YzJISmlFZHV5RXFfNTVJQ29OM2J0M2dJdjB4d1hsRVh4bXhISmdyZ3FSTEt1THk3NHVITw?oc=5
2026-05-24 03:00,Seeking Alpha,seekingalpha.com,TSMC: Ultimate Winner In GPU & ASIC Battle - Reiterate Buy (NYSE:TSM),https://news.google.com/rss/articles/CBMinwFBVV95cUxPRXBGLUUyQ2MtOHMyd2VhRlFtTDZicjZWUWl5WmprQzhvWVBqeWNNMUktcXdKbmhFVERRWHZwZEtYMWl0SV9EVk9wUk1iMG1NMXNXYnk3bGVMOHpUY2pQemxxVzRmb3ppenNfcG56OEVHbDc5eENleC01T3B3S1VGU0tIbFpYV2V6aTk4TUZMazFjN3pCb0hjX3JsRmp6Mkk?oc=5
2026-05-24 03:00,The Motley Fool,fool.com,This Billionaire Dumped Cloud Stocks for These New AI Stocks. Should Investors Follow Suit?,https://news.google.com/rss/articles/CBMimAFBVV95cUxPQm54Sl9CX1JyWlc5UzhwWE93Z1NlNlBxN0d5cDUwcV9jMklnWFZsUl96NzlMQ3pYZWFXbThHWFhyMjAyY2xUNGsydXBCeW4ydF9YMlIwUzV5dEVMM3dfTkpJUHNIdVZkM1JPN0k4QWFwRjVvQm12R1RHeDctZHdQMHMxRElvVVNfcEZUVjZUbS1Dd2hkWEhZSw?oc=5
2026-05-25 03:00,The Motley Fool,fool.com,The 3-Stock Custom Silicon Basket That Could Outperform Nvidia by 2030,https://news.google.com/rss/articles/CBMimAFBVV95cUxNOEM5UUZ2dWM5TXBWS29IOVVuTDdDRWg4QzhUQVQ4dV9hMXVOS1lXd01DTUxRSU5nb21FMFhwa0x5ZEZqWUctYmJmQldxQnI0alR4M3JreTVGT0wzQmpCc0lER0tLeVB5UGd2bE5XaWJBaENKU2JpaTF1WXVVSVctRTk3Q19fSmhkUDlqSnBxSEd2aWdxWGlwNw?oc=5
2026-05-26 03:00,Benzinga,benzinga.com,Taiwan Semiconductor's Growth Propels Taiwan Stock Market To Overtake India,https://news.google.com/rss/articles/CBMixgFBVV95cUxQQUVHRXh0X1VDQy1qTUJFdTA4SmFJUE5fTUpxQ2ZYaTh6MWUyVE9ZS3pZcHA0MHNwcHIyWGhNc3Y5MEFWcEFkUzI5RHhlT1M5TVozVWZ1M0RQenZyekVnQ2Z0Y2x0Z3MwLThabXdKTmpNd2tXdVE3ZG1LS3pQUy1qdWxwcWtPMjFlR24tU2I2RDZla0RmSHNDMFp1VmZ3TzNDYkMwYWF2U3V5b1hYaXJHbG5hODBCRFFWWVJaV3ZieklXc1JjYmc?oc=5
2026-05-26 03:00,Benzinga,benzinga.com,"What's Going On With Apple Stock Tuesday? - Apple (NASDAQ:AAPL), Taiwan Semiconductor (NYSE:TSM)",https://news.google.com/rss/articles/CBMi4wFBVV95cUxQYkoyLUJNMkt0TW4zaUdNc3BzNDRXbzlNZkU5MHIzeUlUM3hMTzNSd0dYWUozVTlDX1ZXUmE4SUlwYWVBN0RydU1paGVqRUFMaWRMeTU5VlltVWZhNVpnWXpfeURTM2xpZ3Z0azd4dEQ3eVlJYldUa3o0M1QtbmJrbEVPaXlmSmFVSlR0U1gxYkR4eDVsZUNUTjVCQVgyLUtwcGx2aHRwakhSQ05oUUdBQmdVV0wxYkR5alh1aDJGWUloT2h4bmZIUGR5TXVWQnZMVjRONkpRQ21ESXB4ZERlWWV5Zw?oc=5
2026-05-26 03:00,Bloomberg,bloomberg.com,Taiwan Overtakes India as World's Fifth-Largest Stock Market,https://news.google.com/rss/articles/CBMitAFBVV95cUxPd2o2YjlFTndDTnhFYWR3S2swSkIwX284SVFBaDhfTFZKaF9BOTVrb3hBMUdvbmNKTzUxRWUtaW1tSTdnOFRlRHVGcnpTZW5Ma1hJLVBhbV9ENG9VX1FlWnpqQy1xZDU5VnZFSno2MG1JTWRKV0U2N0syRzFJUDE3ckQwUjZMdy1Wd0x3VTY4a0JMRXZKelJkd0xsZDZEMW1acmhIRmJSX1djS2NSc0RSYmlXUFA?oc=5
2026-05-26 03:00,Bloomberg,bloomberg.com,Watch Taiwan Overtakes India in Stock Market Value,https://news.google.com/rss/articles/CBMioAFBVV95cUxPYmdxVzNOd2pRTjgtRHo3dGlnckxibDJ2YmJQR0pfT2lKT1R6Y3hqZE5ncm1remV5SFZJNXl1SlNxdFYwZzQzSDRkRE9yLVd6eldlZ3k1QkpZcGV2WmxIWENneTJfZjVXMDlETExXNHNVZ0N4OE1yWURYb2NuSWVPTS1ja2oxWW1tcHhYeUp4aTZsZ2h6cmlhdE1JM0l6cmtU?oc=5
2026-05-26 03:00,Forbes,forbes.com,Why Intel Still Trails TSMC In The High Stakes Foundry Race,https://news.google.com/rss/articles/CBMiugFBVV95cUxOZ1ZzRWJyaFNRS0NhYVZrbDczQXd4U2VDODZXYVItZWJtV3pZcWJaZG95Slp5Ujh1ZzBDbGhJMmVENlllaVhVYTNmUnFDeDZMenI3MHFJaXJuZC1VbG5nRHNmRFpzMlpMalF6V0UxZTNyWFZkVWcxV09ieGIyYmdCNlFuZEpVd1E5b0ZHZGh2c1lqU2RpYmhZeTdDYUdqczdPby1LZ0lNeUlWblRuX0xTU0FYZUpOLUlBa3c?oc=5
2026-05-26 03:00,Investing.com,investing.com,"Intel CEO Lip-Bu Tan set to met with TSMC, others ahead of COMPUTEX",https://news.google.com/rss/articles/CBMivwFBVV95cUxPWFE5V2ppNml4RV9RUkM0ZlBEM2MxbEI1ZGZxd3R4THR2STRQTW41NlhJQmo0aFRPTzlWMkVGRW56NExnUUJDeURYQlVwYVg3Q09tOFhRUTNfUmZOYjZOLXVaNkJUemNfN3hweXVoY3ZwUmJLSkJxaHByVFhwM2ZfYlhxak8tRDF1djEzUFJSa2ptNGdCZFByZWRMYkQyeF95VGkwdmkzMm10ME5VVk5vUU16cEg5Q1pHeldqN0Vwbw?oc=5
2026-05-26 03:00,Seeking Alpha,seekingalpha.com,Taiwan overtakes India as world's fifth-largest stock market as TSMC surges (TSM:NYSE),https://news.google.com/rss/articles/CBMisgFBVV95cUxPM2ZMbklIVnJnUW1Ibm1hbFNXUnJIdFFweG1TZncwRVc2eC1ldFkzbGFUUEliV19xNG1fVjQ0cnAxN0RmcWk2a085LUdCZ3B3bV9kbVBZZWZxNERVTUs1VTNGblkxU2F2R3JBNlJxNlBKZWVSTUZKZWotM3JtRnBtbGN1M3pDRi1UYnRuVmYzZjMzTVRQUnAtQlNnekVlTVF6Z3RycUUtX3A4MGMzeEZ4SGN3?oc=5
2026-05-26 03:00,The Motley Fool,fool.com,"Nvidia Gets All the Credit, but These 4 Stocks Are Quietly Capturing the $725 Billion AI Buildout",https://news.google.com/rss/articles/CBMilwFBVV95cUxQeWxjR2Z1RVFsUG04dUFaQThKY2wyMURNZVU2bktPNTBLYk0xN3dvaVdrTlVvMWZFVG42LUxFLXBYVFRHdnc3c0RqMDZ0dkVTQkdvem1oZjdxdVZOdEUxb21QU2M5akdVcnp3UnNwZ1c1bE1oTlZsOEtmU3h2UVFNUFVvMTNRSENFRmVMZWs1Nk5Kc0dXN1Jr?oc=5
2026-05-26 03:00,The Motley Fool,fool.com,"This Artificial Intelligence (AI) Chip Stock Just Joined Nvidia, Broadcom, Taiwan Semiconductor, and Samsung in the $1 Trillion Club. Is It a Buy Now?",https://news.google.com/rss/articles/CBMiiAFBVV95cUxNR3FRWWdodXJ1ZWRIVWhTRE9zU19jLUpndnVwNVg3RHpqYS01WG9xY3lhTGlGdGdoX2xERnNCZ284VHhtVkg0aUlYWGpDaWRsazF2M0tnZEVfS3BVMWJyUUg4VVhXaU1UWWNlY0xhRWtBTFdTLUJURUFFcy1KbmpJUllfTGFzWFFZ?oc=5
2026-05-26 03:00,Yahoo Finance,finance.yahoo.com,Taiwan Becomes World's Fifth-Largest Stock Market on TSMC Boom,https://news.google.com/rss/articles/CBMiogFBVV95cUxOcDViN1BqWmRpZ19JNWhpdmhqN3ExVms0ckZOUUZJYXc5b1ZrZ0RvOTU1LUp2RnhMOTljcDhiaTRZWWxIZjFvREdFMTdVb0prMTI2OUlyWl9kOFY3TTBCaHg3OVdXSWJXWDZlWlJUQk1IZndsdFQ0OUFETHd0NDdqTm9oUzRwNXhfRmt4XzFCTWNqdWdZaHJfVEtvekFURkZScGc?oc=5
2026-05-27 03:00,Investing.com,investing.com,Why is Taiwan Semiconductor Manufacturing stock rallying today?,https://news.google.com/rss/articles/CBMiwgFBVV95cUxOWVladTFldWVnb2JLT3J4QzBXNWV6U3dJa3BkUDU1ZGNIVmR2ZXBTQ1NlbzByTjhEbFhEMHUyU1B0QW44RXNmYlIxOUxwenZRUmF4V3lra2tyMEVrNUx1U3VKaXlKWVRuYUVVWm1HZmV0WGtxUTdwVTZ3RVdRT3ZHM2V4aW5OUWo2eXBaaHNhSVh6LXB5bjlUdmg3Q1BsbUhsT1FFSzhYNmdCOEpaclJMelpJR3BCTDNjc2djY3hSN2ZqZw?oc=5
2026-05-27 03:00,Investor's Business Daily,investors.com,"TSMC, IBD Stock Of The Day, Flirts With Buy Point As Chip Giant Will Raise Prices Amid AI Demand",https://news.google.com/rss/articles/CBMisgFBVV95cUxPbW9lcjNnSjI2bnFKNFpBbU1FQWtSSUlkTVhkdG5vX1JJWkxXQ1FBckgxc3V0VlBVVmNhYUdIUGp3RGkySmVXRGpDTnpvY2RxZTRIRkxuajliT3E2amZ3MWRJQnFyUlVmVThnNmNxM2QycVBOMFBFaHpWTE8wc0FlLU1fX2NkMFUzMDNnRjV3RmpwSFY3NF9QZlo2aFpMQ0FjVUVMVk5QM2VMT0NGR1h3REtn?oc=5
2026-05-27 03:00,The Motley Fool,fool.com,The Odds Are Stacked in Favor of This AI Stock. Here's the Math.,https://news.google.com/rss/articles/CBMimAFBVV95cUxQOHpDTVpVS0dIdHQwakQ0WXdiLXhURHNhYmJGajAwM19qQzMwWjlqVFBjbDBCTXBTRW9ja2R4bktfS05GV3hLbzZBUkJfVkxzN0s4YmVEb3VmSTJxZURWcUp1T0pUQ1p6UkFSLUFfZGlZVTlleEF4dUZoeUFQQWJUOUwyLWh2ZktrMWlKZjZCNEZpM2FMUE04Uw?oc=5
2026-05-27 03:00,Yahoo Finance,finance.yahoo.com,"Nvidia, TSMC and SK Hynix Gear Up for Major AI Expansion Talks",https://news.google.com/rss/articles/CBMimgFBVV95cUxQbkttUlFpWXlJdXplekZMb09xNGJ2algxMFU0NjZVb21RbkpBSTk1VkI4Z01Rd0U0T2J5QW5IdG5ocC1SQVhPTTBVNjJDMmpqbngwM0FxOXFZOFBzVk9IWnhBYUlXYk41Tzgwdm9CQTZYSDMzQWRaSmVPWEExaFlUcnppUmZKRl81cWRGVmEyazkxaTc1dDN1QjJn?oc=5
2026-05-27 03:00,Yahoo Finance,finance.yahoo.com,What Investors Need to Know About TSMC's Hefty 17% Dividend Increase,https://news.google.com/rss/articles/CBMimgFBVV95cUxOVjZzUHhlU0p5QUlqU1pISTdVVWdvM3FjbDlyOUtfbmhqNFN4RWY1NWNUQmhFaXhQUVpHNEp5Z1lHeW5rY1k1SWtDUHYxWFowQmJ3Ty00MEg5UVphXzB1NDI5MVplTjNFY0hQZFhFcWI1MlRXV3RldjBXbk92d3pOMUVsXzZzMmxLZnNXQmJJeThEb0pZRVFrZW1n?oc=5
2026-05-27 03:00,Yahoo Finance,finance.yahoo.com,Why Is TSMC Stock Rising In Premarket Today?,https://news.google.com/rss/articles/CBMigwFBVV95cUxNLTh5dnYtMFhOM1dwaXpGUlhlX2F1bGRPaTEybGFkY2llS1RyVzlKbWNITXdGa0ttRWZEcUtrMExKWm1HbFBXQ1RDRlFqT08wQW84WVRScXd1bUhyN1A2c2lTR1E5WVFhUXh6MXFSZnM5emRSR081WVV1Szc5Vkg5emNfbw?oc=5
2026-05-28 03:00,Benzinga,benzinga.com,What's Going On With Taiwan Semiconductor Stock Thursday?,https://news.google.com/rss/articles/CBMirwFBVV95cUxNUFNybGlLQ3NJRjBBUXJWdFluMnR4SDhPVldFNlhKY0JOZ3llb2luQUl5ZVlqel9lSWsyOUZTWVpNR2FiVGhqeUFCVl80Rjg3dnZkbG43dDItMXJnUmVYZ2EyUGdkd3l6Q29DZDhXOTVrZkc3bUFFdUFFY2VaSGFXWE9QQVM0TjNBSTI3aXk4SlJEMFhJZmlvd1EyWTV5dnJWVEUwVk9hS01qNWM1VXNZ?oc=5
2026-05-28 03:00,The Motley Fool,fool.com,2 Top Tech Stocks to Buy Right Now,https://news.google.com/rss/articles/CBMigwFBVV95cUxNZG5qd2p6VldpWm4xTFpvSEZtLTNlTjRTZXEzdU1QSFNXNDh4TXJTUXJscS1fa0FLSDJ5STdLSlZQWEVQLTBZZjdSSlY2ajZ2T1NjVC1ERG5nbDVNQ1NqX1NOOTdWN21fM3J2Y0QyUkRzYzBkd29kT0kzOExHb0RxcW1adw?oc=5
2026-05-28 03:00,The Motley Fool,fool.com,My Top 4 Stocks That Benefit Most from the $725 Billion AI Infrastructure Supercycle,https://news.google.com/rss/articles/CBMimAFBVV95cUxOTGVoLXlsSmVaNGt4SUk5TnF4Q3VpTEhwRUxZRVhIU0dMOGNCSzh5dW5ZUEQwZGFHXzlkVWRfQUJZVVRWalZqQVIzSEdpcWk5SHE2XzBuZHlwa3Y2NzA4a2tnXzlHRlhlWkZzZURlVGF4WUpTTjZldmhodm9CZVBvN0ZvMXpwWXpCY21oWGw2NFRUQ1JDOWpJSQ?oc=5
2026-05-28 03:00,Yahoo Finance,finance.yahoo.com,Beyond Micron. Why TSMC Might Be the Bigger Value Play in Semis as the Cycle Broadens,https://news.google.com/rss/articles/CBMimAFBVV95cUxPU2duTlFpTm9GMkRabVZ5LWg1NTV5XzhkaWgyNDNxeWNRQnFONzJYRHctbmhYVDhBdS1GZm5yWG9RTWp5dTBZVUNQOVBYci1RcHdiR0k0Y2dab1BmNk5pbHd5WE5UQ0ZmejhHNEs1YjdrVGdBR2dMaV8wVnFJMm8tX1F5T3c2TWxreC1XZ0lhUXRrVHFGWGFRTQ?oc=5
2026-05-28 03:00,Yahoo Finance,finance.yahoo.com,"Taiwan Semiconductor Stock Nearing 52-Week High: Buy, Sell or Hold?",https://news.google.com/rss/articles/CBMipAFBVV95cUxNT0p4MjZIb0dXNl91RHNkNHdndzhVU2Jjb0pobUktclBfeDJoNXlqbUZhU1pOQUxMTDVlSlhUdjNpNnljZTlnXzhVX2psbWFDS2VZVTlpZTQ0d1p5RnpRSFZPTmRHYi16ZTNHM3kxQnU5dXJmbVhHTl9vT2k4ZER5d1FKbkFub3d3RFl1N2tqaGc4Unc4anJoZ0RWT0VMaHJtbTJmZg?oc=5
2026-05-30 03:00,The Motley Fool,fool.com,This Is the Artificial Intelligence (AI) Stock I'd Buy if the Market Crashed Tomorrow,https://news.google.com/rss/articles/CBMilwFBVV95cUxPNF85Y0twQ3AwUW1DYzFnYjNSeW1faVRPeGdCS3RYREtLYnBqV0RBOWRnR2xBeWdPOVFjMV9oQWFBa2NKQW5Cc3VIRTJ0Y0llVjMyZkl3ZzNOTWI5S0xDeUhXTGZOZXI0X1B5Zi1LdXdtdmFmNWJHWHJweE9jNWo2VXBGbzlPVnJpMUdOT01LbkJQVm9zT1BF?oc=5
2026-05-30 03:00,Yahoo Finance,finance.yahoo.com,Assessing Taiwan Semiconductor Manufacturing’s Valuation After Strong Recent Share Price Momentum,https://news.google.com/rss/articles/CBMiuwFBVV95cUxOTjlYYmdSNDJnemdsd1cyM3NtZUlxa285bXF5OTJGZHRHaEZXdGtrc0Q4VFNoSm9qZ3JVcnZBcHE4ZXFwZk1wN2k3RmJ0OTFHemQ2cFlxQUdQaFU2dDR1Mm54UXBsblF3ajFGZl9Ja19Pa3Bhb3p5X2tpbFFXcThxSC1FTlptSUhuTHFkUWdBQ0t0TjJoVzZYZHZhYXRtaTVEaTNJY0wydHNLMU01YzJKUjh4X2t2aG1GTVNz?oc=5
2026-05-31 03:00,Bloomberg,bloomberg.com,TSMC’s Local Investors Narrow Valuation Gap With Wall Street,https://news.google.com/rss/articles/CBMisAFBVV95cUxOd3JhclZjTldVN0NpbWcxamxHemN0UloyQ1QtVWk3ZlNrOFY1eE1iOEhIV1A3eGsxY3hrVEdsUFhobGFWbnJmQTZjWDJqS2t4RkVHTFJuYzBsN2NHRVp3M1FCT3RHMVgtc1FNUXJVS0FaMnIwbWVPejJOLWpxUFVJeDh4cHA4aEpoQjAzX0w2UWxaelZNcDFsYXhrUG1IZGVuNjNzdnJHbEJQMVhFWnpmMw?oc=5
2026-05-31 03:00,The Motley Fool,fool.com,"3 Core AI Stocks to Buy With $1,000 and Hold for the Next Decade",https://news.google.com/rss/articles/CBMimAFBVV95cUxQeWlVYXFSX3BncVcxOUdBZE12X0RVU21wTEpHUWllZWstNnlBUUlHMlBfS2lMc0ZROXNzRXJ3SmhISmZteG14RGgzZUdnNlN2MXVfYWE1c2QwMVRndVVmVXJJZG16WmM4QV84aXZOdUM3MmVldHlJeUlqU2R0WEF1OGVHU2kySTFFNkFsbDZLUXJ2bnFSRXNNOA?oc=5
2026-05-31 03:00,The Motley Fool,fool.com,Nvidia Says Big Tech Will Spend $1 Trillion in Capital Expenditures in 2027: 3 Stocks to Buy If It's Right,https://news.google.com/rss/articles/CBMimAFBVV95cUxQc0ZhUFZpYXRsanZ4alVNT0xIY1JLWGluOENibGVnX01FMXhiT25OYlJZNk1KMjEtMU0yb3B5TzdxaUVCSVdpSHQxQU05c3NNR3laZmJ6TDJKMURBZENsN0hBdHVqal9Ubk0wWHFsM3VZRUFValRDSjBfem1tTTNPUENFV0RmYXRmd00tMTFfZU1JNGcxYVJCTQ?oc=5
2026-05-31 03:00,Yahoo Finance,finance.yahoo.com,Taiwan Semiconductor Manufacturing (TSM): Leopold Aschenbrenner Takes Bearish View,https://news.google.com/rss/articles/CBMisAFBVV95cUxOb0tScFJFUXdxZy1FVVN2WnlPS2FVd25xZHl3ZXJDZWI4MkY5R0JCVE5nN0ZYODNUa0Z4U1BkVEtOb2I0ZXJ1bldxTVBVbVNtZFRRY3piM0Z3RXV4bzBYNnFTV3B0Mkc5VXduNnYxTGdnUTRSN25iNExqTHk5VG0yYi1OTW5vZV9KVld6NWN4aG9FNjY3eFdhYkRwcm9JNUktYVlZSUZFZHl6M216Sk1Ycg?oc=5
2026-05-31 03:00,Yahoo Finance,finance.yahoo.com,Why TSMC (TSM) Is Reducing Stake in Vanguard Semiconductor Stock,https://news.google.com/rss/articles/CBMilwFBVV95cUxOWmg2bjNyRnU5YmM3eThRdmE4LVc2ZWRPZnN1eTRHOTRiMThLSk1BZ1VUQjVzRmFHRlFSbGRvUGU0YlFCVFBpU1d4RkMtbC1qOXBycno1cmZhblVRbmlva3gxeV9SNkJ1VkNXdHgyQnl3czRqUnpsX21hYlNQNTdjbnB1X2dnSUY1X2lOTkxFV1VOQzBvTUdV?oc=5
2026-06-01 03:00,Investing.com,investing.com,Why is Taiwan Semiconductor stock surging today?,https://news.google.com/rss/articles/CBMirgFBVV95cUxPU2U2TzZMWG9KQnBqZ2Q0RXFHSnpnN3U0ZUliMVNxRzZ3T1daNTN0bV9jQV9WX0ZLekhJemhGQ3ctRFZXb0JMSERzNVZNbjgtVWtnLUpsMGUzWXdub2NIY0dzMWFYb2tYM3VrQ09ESWJUR0NuRmlEaF9mNzhISGZRcGExdmFsMURmalI2VGtWbzgzZ1V4bzdtX2xqUVhUVFExLVA3WG9uREl5ZmMyRUE?oc=5
2026-06-01 03:00,Seeking Alpha,seekingalpha.com,Hyperscalers Are Trying To Replace Nvidia's GPUs - TSMC Gets The Upside Either Way (TSM),https://news.google.com/rss/articles/CBMitgFBVV95cUxOSWdqMHd6UFJJNWtSa0ExT3NjOXMxT2pIdzdpYmNHVFU2dnl4WC1TZWhaY1p6cHJCQVl6SE83Rl9OSXdNdlBkUV9aeXRqdE9KSGVKU190b1l0a0psVDJlODNZb2daR2tSQjVlaGo4enZoMWp0UnRmTTRFRl9qYm9xR2Jpd203UzE0WGxfMWNJbmdYa210YVVhWEdHSDBsQXlJNjhEcXJuNzUzZ2pwWUJrVnpUQ2Fudw?oc=5
2026-06-01 03:00,Seeking Alpha,seekingalpha.com,TSMC taps Nvidia accelerated computing to drive next-gen semiconductor fabs,https://news.google.com/rss/articles/CBMiswFBVV95cUxPbTZCYlJVaXNwMVBKTUV0MlI4Q3RmX3lmX09GeTNzbW45SzRmX2tETlVwLWVNSmc4V1RnVXhNVXZSaHVjcXFWRE9OUDZvM0gtc2FUSUpQNHR0WHNveVpST296ZWtVSFRJWHFZZEZNeks2Vm45azQtWDI2RFdJRC1XYnhCaXBkT1hzaHJzRjcwN1p4d2IwU1N5alBSX3NRUjU4TGlxNmFvMFZtRkV5T3FUSmtGRQ?oc=5
2026-06-01 03:00,The Motley Fool,fool.com,4 Chip Stocks That Look Like Brilliant Buys,https://news.google.com/rss/articles/CBMijwFBVV95cUxNMTRSbC1tTmdnN1FIaWU5NWRGRmNGLS1QbDRlbENUOHN0bGtmclpMbk1aZzBDb1pEeWZtZi13N3VzUzBEWlR5Z2tGQS1SVFlSQkxyb3k5Tm5TOUJFSnd6bUtteGF6dnNhNEpieDg4WW1fQ2xibWNESkhLT0VtN1hVMUxuM3hUMmVhUDRwRWRwZw?oc=5
2026-06-01 03:00,Yahoo Finance,finance.yahoo.com,TSMC ADR Premium Falls To Two-Year Low As Taipei Shares Surge,https://news.google.com/rss/articles/CBMilgFBVV95cUxQTURZeXVKYlpHTWZfVXVqRDZfckdMeGFHOEVmbThRNFBqR2p4YzVjdkxvVUpBNnNQV0hwQVFVcUdnclZDZkg4V3ZFZlZBTlcyU2pTUk0wN1dxdUl1MWtJRXpsYUVzVzBLWVozMnUxNFpUVXVWamJ4UjhzX1JPRUdFbEdNdHVDR3ZTdGVfRTcwcmdjM0psQWc?oc=5
2026-06-01 03:00,Yahoo Finance,finance.yahoo.com,Taiwan Semiconductor (TSM): One of the Most Owned Stocks by Hedge Funds?,https://news.google.com/rss/articles/CBMinwFBVV95cUxOeEdDdk5zbjZmck1ReWgzcVlINC0xazZteDFBWUZ3YWx4eW8tQVJNd05ZMGh0U0t4eUs1aHl6OGZiVFZFNEtVRGhWUFRKNU1KN1lBbGpzNzdRYVFtUVVGRFN3TmtMR1otQ3FLVEp4VlVpUUJkaEdrNWFISmFzN2lTT3lvZVl5R1FQUDkzWjlVNnM3U1F5VGRfUzJPVjg0em8?oc=5
2026-06-01 03:00,Yahoo Finance,finance.yahoo.com,Taiwan Semiconductor Manufacturing (TSM): One of the Best Stocks According to AI,https://news.google.com/rss/articles/CBMiqwFBVV95cUxNSVd0cW9qRS1pRWhqVlVPTTZMeC1XWFRES2Z5ckVJUVJUbHVlX01Oc0ZvckFhWWFna0o4YjZfemNLczNtUXZtT1NQOGlvSXBWR0ZDT3Rvb205Ynk5M09SSmdXdmdGY1YwTVhHdkhSa0J3dW1LaF95dktQVVM0U0U0ZC15YlIyM0tQUEFoQnlXc2JSMTdWclBQU2VOU1F1QTNRYVhTbzNId3MwTDQ?oc=5
2026-06-02 03:00,The Guardian,theguardian.com,"Chip, chip ... boom? South Korea tech makers join the trillion-dollar club but some fear a short-circuit looms",https://news.google.com/rss/articles/CBMirAFBVV95cUxNLWplWjBka1ktTElSWUVtYWstZXBNRzd2cU8xcE1nX21MR0tBVy1hdk9TQUIxcTUtc09mSm9ISVNCeHRiTk5kTUZIbGZkTGEzWUVHQUh5TjhUNnlfMUZSVnFRUDhyU1hLUkJkUEpuNzdVdWpYRzZlTFI5ZjBfMHR2N0dfX3pGcktDeEFXNmtvZGE5NlN4Y2tYdTcyMFVUbURhWFJtNEZFNGhSOXFo?oc=5
2026-06-02 03:00,The Motley Fool,fool.com,SpaceX Is Now Powering the AI Arms Race. These 2 Stocks Let You Invest in the Infrastructure Behind It.,https://news.google.com/rss/articles/CBMiigFBVV95cUxNSnluTjJsRHg1eF9VbUlTVUpSSzZHVEFZZGVQX2VlTW9ZcXRJNHZyUFhYWnQ1UW5LWDZmUlhQOUVfckZfc3dRWWFSQ0UwY0gwRWdWM2o4eEZ2eVJfcVdvMkdDRU5tSzFyVW11OFBwOUlUaEF0bktsVXBBbk9SN3dFUHR4VTl0VVFLWmc?oc=5
2026-06-02 03:00,Yahoo Finance,finance.yahoo.com,TSMC (TSM) Beats Stock Market Upswing: What Investors Need to Know,https://news.google.com/rss/articles/CBMilwFBVV95cUxOVm9zZk84S2FXZFV5T21JTVdUYl9BX1BNamxKRnlSaG1FcjlQcmxRZE5nTXk1N3NscDhfTVV1cGVjb0kyY09LOUczVncwbE5nLS11dU9GYk53OVd1TTlMUEUtR2stU1hacTVWN2ZiR2g0QVh2a3lWbm52d0hlYjUwcnd5dkNfNnkzYUdYM09vckh6QzhMcU1r?oc=5
2026-06-03 03:00,Yahoo Finance,finance.yahoo.com,Bernstein and BofA Remain Bullish on TSMC (TSM) Amid AI and Advanced Node Leadership,https://news.google.com/rss/articles/CBMioAFBVV95cUxQcHk4dWtyVjEydWhZclZCT2NLTmFFYWRZT2NqVFB3THJIbl9aemJmUlJQN0pXclpSVDhnbGlVbEdpd1BFUlk5bG5HVHl1MjNNN1dqSXFMWXNxbHdwT0Z5YnRkaUZmd2lla2R2Tm84Umt6aERhcGhrMFY0LU1JRTlBc3habExsNDE4TmRoMHRkQkFUUDN0TXRlNjJVTHJCT2tN?oc=5
2026-06-03 03:00,Yahoo Finance,finance.yahoo.com,Taiwan Semiconductor Manufacturing (TSM) Sits at the Absolute Center of the AI Compute Supply Chain,https://news.google.com/rss/articles/CBMirAFBVV95cUxOMS1vM0JMSHdlb1hjdXl2R0ZpUmY4eUlDVFpQY1NGWTRQUGQ0WlF0MGFOY2dWelRUQXhtVndmN19DM21UWS1SMDBXcm02WkJpVS1Pd2g5TklfVUwzVTJJdC1qUW5xY2Zoemk1alNqLXdMcGo1TDgzR0cwYjk2RzVNOUxkV0c5a2xnQ2VEdVh6UXdtZGEyY3l6RHZGV1FDcnlHOHFDY3M5dVhWN3dl?oc=5
2026-06-03 03:00,Yahoo Finance,finance.yahoo.com,Taiwan Semiconductor Manufacturing (TSM) Surged on Long-Term Trends,https://news.google.com/rss/articles/CBMirwFBVV95cUxQYjlIcl9kem1nbGdtZE91Q296WDl3NmJGSDFablZhckx5TERRczdXTEY2MXE4QWRmNlRndTV6d0JPQUJ3UWJkUHRtd2ZiMS14ZGdMdG5jREVIc2ZpdDVITm1TZmtETEpNZW5zUHpUQmhTV1FUc2FzSTBVbU15eWVnb1R2dk1OM1NVSWRrTUMtMDk4OEI3dE5veG4wcDk0bHBaVENyU0dxVEVQdVZTTGQ0?oc=5
2026-06-03 03:00,Yahoo Finance,finance.yahoo.com,What Makes Taiwan Semiconductor Manufacturing Company Limited (TSM) Brown Advisory Global Leaders Strategy’s Leading Contributor,https://news.google.com/rss/articles/CBMitAFBVV95cUxNbWgxUEF3X05GSEU4andRVTRiQ3BtYVFEZ01WOHk0N0tiRk11N1B4TlMxUzVvR184QmhraTRLbHhBXzBqajJxbEtraGNJekg3VHoydjIyVUZDcEIxTjhFQjUxYUR6TEN2MW9UOWRNSlhlTDNLbnpVMnBWSDhibDJyWEVSRDhTaUV6NVlCUHpqcnJ2V29lTC10NkczYjUtS2NGSWlqNDYzVmxtNnp6Nk5sVjdMUzU?oc=5
2026-06-04 03:00,CNBC,cnbc.com,Asia tech stocks drop after Broadcom rattles AI trade and drags Wall Street names lower,https://news.google.com/rss/articles/CBMilwFBVV95cUxNSnBRX3BLYW9qOURXY2pUZGszSnd5dFQtNWMtaEJVOU5qbmFFc1hkVW5fel9RcVo3RTV1Mmh0NUUxNE5fZG9WQlpPeTdDYXJMQnZkMWV3dGhlYXAwZzlMZ1NFTWtCeWk5QjZXalFkZjFHRU1zYWR3b3VmU0N6aDg5TFRRVldDYXplcTgyMXV3aFcyMkhqY1BZ0gGcAUFVX3lxTE5rVEFtSjRacDlFNFVKclY1N0p5dTNyWXlEZC1qOUZlcVJPU1FSUi1OVlc1UXh4azBNel9ZbXVaUjNaQVQ5MlpkV3RkNi1GREVZRXYtMEZYQTlhYndZVkhQbGROdGRxb2drUU5yNFp3dDhPeTBteE9IUzBVM1ptNTFCRU05RFRfMkdNcUhZQVh5M1FkWFQ4TkRuZWE2bw?oc=5
2026-06-04 03:00,Investor's Business Daily,investors.com,TSMC Forecasts Sustained AI Chip Demand,https://news.google.com/rss/articles/CBMimgFBVV95cUxPdzJYOEFfdW16X0VzSC1RbXZ0YUs2VTlEV0h1OG02eS02d0t1anh2ZlFDSXd6dVk1WXVuZkExSUJjVGtyQXI2NVhWQlJYX0Z4dXBHVzdxb0ZwYmZxWHBWc09FRXRZbGVGNERkanZuTHFLZW9GbUZXbW4tVU5DcWVwbVpSZU9XNHpCT3B1RnZVX1U0R25Zam10Zzhn?oc=5
2026-06-04 03:00,MarketWatch,marketwatch.com,"Maxed out on TSMC, Samsung and SK Hynix, what emerging-markets funds are buying now",https://news.google.com/rss/articles/CBMiwAFBVV95cUxOX3FVdHZ3TDhVODB4eXZhR1Q3M2hUUWhwX0EtY001NWpTWjJtMGp2WVc1bTNCTnUxZHRON1dUYlNQSVNUS0dpMWEzQkh1UDVwNjJxQXBwc0FBS1JrSDRJTmo5VC1rN3FaWC1NTFVUeHB4X2VfU05WOEsxcVNlYmFxSlR1WVB1T0tvUUhDZHp4R3NWZENkckxhSEdWTlNJeEtHVDVuMlczVmF2LVgtUnVZbDlYZTNOWHp5VTVpQzVyMFQ?oc=5
2026-06-04 03:00,Reuters,reuters.com,"TSMC working hard to meet chip demand, would 'like' to hike prices",https://news.google.com/rss/articles/CBMiowFBVV95cUxNS2NuS0t6c2wyY1ZvSUwxelYxTHpROW5Qc0VmbjktT2g0R2JKMTZvcUt3QjBPYW9UMDNUWTcyS01BNjQ1cllLbzdPS0dTYkE2WGllQ0ZUQXo0M3AxeWhJNmhtT3pTVlhWcEhRSTA4WGt2VHlxdVlsOEw4OTFzRVBpR3V6YlVJREZNXzJZaTFsRVgtRlpFaVJMZTVUREhUcE4zN0JV?oc=5
2026-06-04 03:00,The Motley Fool,fool.com,2 Tech Stocks I Would Buy Before SpaceX,https://news.google.com/rss/articles/CBMiigFBVV95cUxNQmQwel96cXdTZ0hkaDR0WTBCaFJtRnVYbTRVTHctWEVGTnJYekg4RTRNaV9LTWtjMWlrZWQwZkdXME56d09ta1BJNmMwT0RFMzFVa3RaTlJPZVpqTTdiNzRFZVBxNHB6bEIxNzlmLUZzVW1vQmpHZUZYZG5qWXNUNDNsUXFpNm1ZZ2c?oc=5
2026-06-04 03:00,Yahoo Finance,finance.yahoo.com,"Got $10,000? TSM vs Micron: The Better Buy in 2026",https://news.google.com/rss/articles/CBMiigFBVV95cUxQUmxfbjY5ejFiVTh0ajgwN2xPMjN2SF9LRDF5SUhjdXhnT0IxZGVhNWJqUU05WUQzREpXV05VOVk3QWpscDF0LWttcUhxNVdzNWstYVR6b3BmTUg5ZEE1LWZ5WExkd3Rja21ZZzFsZVdDcENhcDVfWEdVVENEbXdVQjVuVzBQX29fOGc?oc=5
2026-06-04 03:00,Yahoo Finance,finance.yahoo.com,TSMC’s 2nm Breakthrough Reshapes AI Compute And Investor Expectations,https://news.google.com/rss/articles/CBMinwFBVV95cUxNdVJkM3NBMWFaZDlnRmN0bS03Q2NSOGk2YnloejR0cy1OeXYzSEFteUhSWHBiQ3kxTlZhUnBYNkQyV3I1ZjBaWFl3ZGZTLUp1ZUdhYjl5MmEzLUxFN1lQTTAyb3l5M2V1YmZ5bHpUVWhfRnNMRHI2VGxFTEJPLWM5djBFU0sxbjBDclFfUFI3MkxuQXYzUU82SF9fQVdwcWs?oc=5
2026-06-04 03:00,Yahoo Finance,finance.yahoo.com,"Taiwan Semiconductor Delivers 2,095% Gain Over 10 Years. Will It Continue To Outperform?",https://news.google.com/rss/articles/CBMiogFBVV95cUxNdEJhX1V1QWpFeVJ4cm5SVmQ3Y0QyNmVHZmhaZEVlcVZ5U3dpV1RPdFFYZGUwdDVUQUdZeWQ0OUFteE9YeVZCbnZvakUweGRCal9yOEZfdFNoanVmZGxzNk1ZNy0tUW56d0JUNGx3ajBuUU15VWVHSGFGMHc5Mm10WUl0SDFYdzBrNU9UdmJJVEdBR3QyTlI1ZmhDWnFJcXVvY2c?oc=5
2026-06-05 03:00,The Motley Fool,fool.com,Is Taiwan Semiconductor Stock a Buy Before July?,https://news.google.com/rss/articles/CBMilAFBVV95cUxPaWVHWXp1a0NfMTl5TVAtV05TZGFFY1BOakdqdENpcVFEamJ6NjlCLVdTVkFSeWdZcFVWNG1DcHRuTkNRYTE0Nk5tRDRQbHluYXJ0akJtYlVBMlVycS14bEJVcEVERW1nLXRqNFlQUFFSaTdrTTBhSkw1WUtQamxjSzl0RzI3cXhuaUdlYjh4NjRyYzBN?oc=5
2026-06-05 03:00,TheStreet,thestreet.com,TSMC CEO sends blunt message to memory chip rivals,https://news.google.com/rss/articles/CBMitAFBVV95cUxQS1dCc3lIeFN5RkM0YUEwbFJiRk9wb2dTWENKN2pmSVNmRzR5ZDZ2djVaSmdFYXpvRlFVbU42akltSjN3TF93M0lfcjE4eWxCNW1JMTdtQnEtSjRkWDlrSmhNeHZGem5KVUhNMUd6OVRqaHF1RkY5QUtKUGlIT0ZaRkkzdmxKQ3g0MlhNaVFTOU5ldE5wNnZnalhkTHhTTUdkUEg3aGttQnVLQ3BpMjBqYnp2RjY?oc=5
2026-06-05 03:00,Yahoo Finance,finance.yahoo.com,Taiwan Semiconductor Manufacturing Signs Major AI Deal With Nvidia,https://news.google.com/rss/articles/CBMitgFBVV95cUxONWZJZWx4ODI1WWxWZENwQmxiSnl2MHlYa0toUXpBSDhWNDVoRkpvQTBhZ3gtNTIyaHd6LUhNTnRkYVE1X1FadFlpWWxZV2ZRN1FBNlBQYlJ5MWJFY19XcjFXT3NrYTh0NlRXN290NVhLYUMtSy1vNUF3X1FFWFIwdFRYM2ZxOFc0MmphRWs2NTJtNlp4OHpLYUtHUFQ0QjdMYXB1bmFpN1VMQ2dabmRXeVduUzRhQQ?oc=5
2026-06-05 03:00,Zacks,zacks.com,Why TSMC Is a Better AI Stock to Hold Right Now Than Broadcom,https://news.google.com/rss/articles/CBMipAFBVV95cUxONmdISURZQmJ6QUE1UGN1VnJmUG1JNF9xWTFiYUVTWXhDX2VkWl83alRXdTVLREFUaG1haU11Zkl3bmJnWkhNcDFOTkxybkJwTnU2alA0bU9SU2RaRUwxUmNXdWFRSmswQUJyczBVWjhwM1htMWw5RV8zZzN2Znp2ZUp3MWJSai15SXp5aThnRkdxbkh3eHVWdjczWDhiSlhYN1Rsaw?oc=5
2026-06-06 03:00,The Motley Fool,fool.com,This Tech Stock Is in a League of Its Own in AI. It's Time to Double Down on It.,https://news.google.com/rss/articles/CBMilAFBVV95cUxOdzdTVndPSnRVRnBPcWVaN2hiMllGb2tCTGVvUW5sZEtYV1VzcGxSSjlCRHdFVjRocVZKaUV1dEpMOG5xUHZxeE9kOV94RmYtM3NzQkFrZGxRdUtvbzltSVByZUJvTm1PWWZlaGt0YXhFbFIyZzNlaE5MY3Z5blVYdXB0SW93aWlOc0duUU1OOEVpc0di?oc=5
2026-06-07 03:00,CNBC,cnbc.com,SoftBank drops 6% as tech stock sell-off accelerates in Asia,https://news.google.com/rss/articles/CBMihAFBVV95cUxOd2U3a1o3VWZFRndoc2NFbzZTVXZ5ZWVuVUUxbmFycVo0MWtNWjdrODk2RzRlRVJxQTJsY1I5SmVWVW5FbjBqZklCdS1hdllUWkR6TFFPOXI0M1hmNC1GMXRFTXo2MFRKcmlMeFNZV3FoZlNGY3NCS1VlRlZJaWVTZk5ETErSAYoBQVVfeXFMT3FtTmRTWVR2VV9xMVoyaEg3WVJMNnBsT2EtVXhmWkpIQWpmN2cxSFViRzNsblZlTmNteW9IZm4zU2E3eEllUlFHVEVUWHhZc0plR0pNN0ZLM3VfSGRndkVUMjVJNWdlMmxsdC05U3k1ejlhY2Y4Q2M3Rm5vUm9lLWgxWXJRUVJKRU13?oc=5
2026-06-07 03:00,Reuters,reuters.com,How a few AI chip giants warped Asia's stock picking game,https://news.google.com/rss/articles/CBMiqwFBVV95cUxNYmNiMTlqYkhPWFM0SnV6Wkd3d3l5cmJfU19MeVUtNUJQdmFHd052SEF2eGZvdXpoME14dmhFRUU0eXdYbWMzRHB6RXBFNVdVYlMyUXpPdW5YUHZWWmxRck9lcUhGQW5vSnJzanMzOE5rb3Mwak5zTFltLUZXMjBwazJvd0dBc3dFR3p4UmV0cEV6b3RId1kyOURrZWFnandoTEtJTnFhdjVRdkE?oc=5
2026-06-07 03:00,Yahoo Finance,finance.yahoo.com,TSMC Nvidia AI Partnership Puts Factory Efficiency And Valuation In Focus,https://news.google.com/rss/articles/CBMinAFBVV95cUxPYXlzNmowRjM0aW1wOG13eWJfR3VUUVBfNUpTYzQ2MEM2Xy1qVXB2SGQwalA0UFZvd0NVUmZvdHJZVENYQTN0UDhLeHhRQk5GeEpVZlpiUW1aWndoak9yT1lubVVfOE1Gcmt4cmwtZTFtZm5BSDBReHplNHc0bVM0S1ljam9GZGdQdUZlbG5CNzRaV2hHMEViUnR0QVo?oc=5
2026-06-08 03:00,Benzinga,benzinga.com,Why Is Taiwan Semiconductor Stock Surging Monday? - Taiwan Semiconductor (NYSE:TSM),https://news.google.com/rss/articles/CBMirgFBVV95cUxQYThfcUhOZ1NJWHQ4TUpKaDhzTWRoWEozNV91N3FVNzdnOWVody1UaFY4dmJodXNuTFZGVW00a2gxZWFKbVpUdk0tblJ1VUJYUTFKTkthaXRfWVRtY2tLQXJfQ0ptOGtOSkp1MGZ3aG9tanNBUlZWNVJxRWdBeThJUF8xQlhDNHQ3QUJfd3Q2b1BYeFFUZ0hBcDNpMkQ2MGpLWHA3MWdzNVVqYmptNXc?oc=5
2026-06-08 03:00,Yahoo Finance,finance.yahoo.com,Forget Marvell: 1 Unstoppable Semiconductor Stock to Buy Hand Over Fist After the Market Pullback,https://news.google.com/rss/articles/CBMiqwFBVV95cUxPMDlXSFhCeDlfUUpFSFJJRVBSYU9uVExDQzRDUGRzbDI1MTdIS050cnhiYW1Bb3JSQkFKRG1mYWlRdzA2NDl4NkFtbHBoV1pOclBCeUNaOFE2N3l0UmIyMFVfeGtIWVNaRGNlTW5ZZkt6ZV82QmZnMjlBQVhoVURzSElXM2ZWYV93RzRweEtvbFRWc0p3bm9fVVFpdWNIWTNRMXM3VlVWY2owblk?oc=5
2026-06-08 03:00,Yahoo Finance,finance.yahoo.com,TSMC (TSM) Showcases Manufacturing Excellence at 2026 Technology Symposium,https://news.google.com/rss/articles/CBMirAFBVV95cUxQd3hOV2REakVEOXB2amhQdGJ4UkdHdk5sUFhldkFHU1V2b3RSZU1BeVlhVExCVTQwMV9vdFVKTkxQbmFKVnppVmd0Ml9WS1RGUjJieDRTeGdham9qTDRweVk1MDlGM21jVzRMVnNMZmNBdF9vZlVZMF9zOVQwWk5vY205WF81VzdpX0FDdkhMUWlLdlNQS3E2azhnMnlQTngzeWpxMDZva01qS3VE?oc=5
2026-06-08 03:00,Yahoo Finance,finance.yahoo.com,Taiwan Semiconductor (TSM) Is A Top AI Stock In Billionaire Ken Fisher’s Portfolio,https://news.google.com/rss/articles/CBMinAFBVV95cUxPWVZPZzE0UHpWVFNEMFcyaDQ4RUNNY0lqLVZtYVFkeXEtYVpGSW1XRkduWUY2eEd2SWQ0Z0NrQTV3cUtiQ1R2dDJMZlV4Y3N5SmVBcGtqSGdGU2oxZ0ZhR1FLR3VqWnhJUFFRcF9QMzA2UklRMFp4QVhYMlpwM2RwV2lHS0hhc1FlUWNaSW5RM2NMSk53WmJleXFndkg?oc=5
2026-06-08 03:00,Yahoo Finance,finance.yahoo.com,Why TSMC (TSM) Outpaced the Stock Market Today,https://news.google.com/rss/articles/CBMilwFBVV95cUxPTFRYZ0drYVZqeWNxc051RHp4MnduUG90elMxYWpkXzRCYnZ0bXdta3k4TElBLVByY1FjQkk0dWk3dkhpLWcwLWU3Z2tPb3pBU2Ywa3YyNnN1WWpHWnBvb09vanJqbFNuTjdKQl9EMFI4T0ozeFd2UEFZWWU3OG83UmJLaE84VEtoYWpzRnM5dXhqMHpTeDh3?oc=5
2026-06-09 03:00,BBC,bbc.com,TSMC: World’s largest chipmaker does not rule out price rises as costs increase,https://news.google.com/rss/articles/CBMiWkFVX3lxTFA2S05WQjI2TW9wc3JocXpjZ2p6dlVKdUQ0aEtENkZVM1JIcmx2OHNJM1UxLVMtVUlXWXcwd2ZENmZUNC1UazVBQ2U0dGp6X2JGTWVZbWNTQ1hPQQ?oc=5
2026-06-09 03:00,Bloomberg,bloomberg.com,TSMC’s Monthly Sales Rise 30% Thanks to Sustained AI Chip Demand,https://news.google.com/rss/articles/CBMitAFBVV95cUxNd0ZvN2lPUzNKMDVCbG9Kb1IwTFJtUW8wQ3BJVkI5eGw3ZDVfcV9IQjg3V1RQd0hBYVFKeFVhVlhwYnZrVlBIRDlHOVFBQjZ0TmFXQi0zS0ZfQ194b2dvNWtHQUtpNXd3SXFLQXN4TTktY2pRZ3VjMnFTamJoYlV6M0wxNjROcnlqQkJINjBxUThSTU82NUZOWll5WUpMNkJwaVpKb1pISkN5YUUzcGR4a3QwSE4?oc=5
2026-06-09 03:00,Yahoo Finance,finance.yahoo.com,"TSMC Reports 30% Sales Growth In May, But Stock Remains Under Pressure Over Potential Taiwan Chip Curbs",https://news.google.com/rss/articles/CBMimAFBVV95cUxOUGlmUFhSakdaWUVTcXRTWFV2NjFqMHRHWTRrT1MtWndlREt6aDZZelA0eTFraUd2RVNoZUVhZjB4NVBGOFpLaTdISHByZ2NIQnp5UWdsLVNRUFcxdmpWcG1ndjEwR2xmVW0welcta3h1SWduYkdkNGFuWXlRWGFuM2pTb2FzcDZqUFM2VFhFaE13ZEthcW5ERw?oc=5
2026-06-09 03:00,Yahoo Finance,finance.yahoo.com,TSMC Shares Slip as Taiwan Considers Tougher Restrictions on AI Chip Exports to China (TSM),https://news.google.com/rss/articles/CBMipAFBVV95cUxNZFlCNEdPNGNBUWw5WFM4ak0tNkJiY3A1ajdiVGU2cm9maXpmbGU1TWNDYVkwckFqRFFwdncxWjlzMUg0cUJidEZNb0NwS2puYWRrSXdRZDRnUXJHZVd4SmZBVHlIVndBRFJ5ZGJUaVh2Mml1T2tsbWt3di1iRm1seHVZRm9OTXR5VXUtYW5BVTM2TE5ISUs4d1RuTnJGWFRXWGV0eg?oc=5
2026-06-09 03:00,Yahoo Finance,finance.yahoo.com,Taiwan mulls curbs on AI chip exports to China; TSMC shares rise,https://news.google.com/rss/articles/CBMinwFBVV95cUxQS2lUZVF6TF8tLVJXZGhYRWVCR0I1MjZDd2JHdzlMWVIyZDN1XzBvOHFyanlFRE5jS1FMVmFFanRGcDRrU0Z0emU5VHlORXlfTVQtbWdWbzlTZE5maDc0cU9Ia3dpZmtDVHk4c3U0ekxpUXNTNEZlT0h0d1ZucGhmYUZxOVY2T29SbVlXVkd2OGZ4THc1alZmaDZTbDlZUDQ?oc=5
2026-06-10 03:00,Investing.com,investing.com,"TSMC reports May revenue growth and updates on lending, guarantees, and derivatives",https://news.google.com/rss/articles/CBMi0wFBVV95cUxQLXJ0M1JLWkVqM0dyWll2MmFfUWxSVGFZbWNrbW4xMDhuMUszMmNqVWZUb2ZOU3RCbmFibU1WT3h6UmZlV0NFaElTekZTamk1Tlk3T3FZLW50U3pnd01OeXd1Tmk4UnNmWnNRNGJrVjlqeEo1dmMyMlBWbVNPamZ4OTIwZ0tWMlBXNmtkakdhSmEtVmdVX0FQOXdaaV9FT293VkhxSEtNZjJZT0RlRlg1WDkzZ2dUTFViZlNaWTlRTFZWR1kxSGgwRUxmcGpjSTdWSjZV?oc=5
2026-06-10 03:00,Investor's Business Daily,investors.com,"Taiwan Semiconductor Sales Rise 30% In May, Remain On Target",https://news.google.com/rss/articles/CBMifEFVX3lxTE9fMEJiMlVBQWE3aVlvTFpQc1RjQ3RWbW1hTWUwdWNtVTFBVWVqTGphWFY5RG1iS1Vsdk9SenFQenZ3STNrNWNWREt1UklQWXB4a05BVGdMd19PNmNQYnZNVXRaQ1ZRUXgtbmpHeHJGeW1KUUU1VEFCZDl6WUw?oc=5
2026-06-10 03:00,The Motley Fool,fool.com,The World's Most Important Chipmaker Has Fantastic News for Artificial Intelligence (AI) Stock Investors,https://news.google.com/rss/articles/CBMilwFBVV95cUxNWVUtTVhvTzhUNUxSNEtSZWY3SnR3MmlxY3JzcUtYYnF2bFpwd2UycXRIZGFISEhlVTVVUG9NOHV3R3JHTGJ3Qm1WOXJDaDIxenpsTDlVa0cxSktMQ2hHbl9EZUFweTYzWVVrcThaeFhqXzdWcHA5LU9nWFN2NGExa1VvcWJiMWQzUE0zQ3I2cWVud1VCNjFB?oc=5
2026-06-10 03:00,Yahoo Finance,finance.yahoo.com,Scoop: Republican lawmakers challenge TSMC's Washington clout,https://news.google.com/rss/articles/CBMisAFBVV95cUxNU29xUlZMb3J1OC1tWjVBY3V6TjZPZFlGbVFwUV82OGk0ZDFRY21BT1dmc2NRZmxxaUZTX0JVek1QY1BVYTB2WGpDR1o3bjBMWGVuR2g2cVpHYy1lU3JXdUxHX1BESlZzSXZ1WG9mblVfeFVMTUJ0c0pESlNOQVRUZHF5QXE5eTdmVGRhNHc4VlV6Z3dkM2hLbjZBOFctTkhDLThydWFCUWc4SzVhWVJzdQ?oc=5
2026-06-10 03:00,Yahoo Finance,finance.yahoo.com,TSMC Posts 30% Revenue Growth as AI Trade Cools,https://news.google.com/rss/articles/CBMimAFBVV95cUxOSGNKZlhUV3dHZXJiWDk1czMwTzFOMl9IdVRvX0xQSGdqMFlad0FsTk1TVVRPOTdSWDh2SWtoYkJUNzA5ZFBTT2huZ28zajA5ZjRUMXlUNkhObnBzU25WVTdRdXhsWGRRdG5CMjZiMHRWZWh0c1R5SEtDX0FPUnpCRW1JUC1faFJueTNQUkhtNGphd0dHSXQ1cQ?oc=5
2026-06-10 03:00,Yahoo Finance,finance.yahoo.com,TSMC Sales Jump as AI Demand Holds Strong,https://news.google.com/rss/articles/CBMilAFBVV95cUxOenNWNU1TZi1BR2tsWUhQdHBMQndlTFJGVmNfLTUwU2FWZ0stLTBpQ1pjSnMwd21uTlhLS1FZaUZWaVZNQVgzcU1mV3o2YktOOWJKYjdibXVNUkg5bVVJX0lLVFVzaUVCRnhBblhmb3FhYVZYNzkyNDlrdkRrWXdDMmZRVHlGQ2Y1OGUyNHAzeEl2bENT?oc=5
2026-06-10 03:00,Yahoo Finance,finance.yahoo.com,Taiwan Export Curbs Put TSMC China Exposure And Valuation In Focus,https://news.google.com/rss/articles/CBMimAFBVV95cUxOQ2tGbFFRcXdRZnFDOU9oWWtkQXFmVzNQenU2aHVoWEtIMi1WZTRLd2o1dmY0bU9RY2lWcDUxTkZLcGpxdklLV1VhNVE2WDVneTlqOEU0NV9Tc1N0YklST3VwdHp1d0NPblBaeDFEQ3I5eGxscnRNNVFicTV6a3lMTWFYeUp2cnM1N0prcUdhWDdlQ1k4bEEzSg?oc=5
2026-06-10 03:00,Yahoo Finance,finance.yahoo.com,Taiwan Semiconductor Manufacturing Company Limited’s (TSM) Results Strengthened Its Key Role in the AI Trend,https://news.google.com/rss/articles/CBMitgFBVV95cUxPMGNsbS1YWlNEZVFrMmxLdlBTd2tlaTk0cU90ZTIxQmIyN21lMEhvZkpEYnM0elJNSGRaa3pqX0hYS1RFZjlUTW5ja1pwZlJ1LXE4T3JfZzVoVm9ZaG5TaW4wdFh4eXdGeUpXZlBMcEd2bkhnQXJ2REQ4QldXQk80M0NRYUJnaFJwZWV5NXdScDZPNUh2M2pFMVdBMnBmVk9feVBXTGFWSUxKNmJxME9vYVFYZ1NKdw?oc=5
2026-06-11 03:00,Investor's Business Daily,investors.com,Two AI Titans Flash Entries As Rocket Lab Readies For Launch,https://news.google.com/rss/articles/CBMirAFBVV95cUxObU55WVhveDZLX0d0NlBRcGxkUlZ6WGI0ZU8tbVVDd1ZLZXBTT1NRbnFFZVhmNkdLSlhGUDI2QzJsTXFfYzluRElHV3BQWUxYMWJZYk1mdnlNdzk3cVlkTWhPekhDa3ZjZUlkd1FXcmFOdVU5c1BCckVMYUdwVFNFd1haNHdObFl0b2xZanhCRmVpRDVjT3dKOFVySmVxcER4Y1VSNGxoa1BreTRa?oc=5
2026-06-11 03:00,The Motley Fool,fool.com,"Got $1,500? 3 No-Brainer Artificial Intelligence (AI) Semiconductor Stocks to Buy Before They Soar Once Again",https://news.google.com/rss/articles/CBMimAFBVV95cUxPVE82bkNlZlpQY1V0cGdwVVVuRVZ4UTVQUGs2ODdOeUx5R1VkNHB3N0lDS3hOWUpaM3pVMm4tQVk4Z2RfSzhtR2ZYR1pBZ3UzMl9HcW1CUmRva0IzeWV5eDhIOTFRUEhLRDBGNlFSLTBTZ2dPVXpCWXhRMldxYS1vcElIemx0ZV9xcXROUXRpc3E4UUpyVFdLQg?oc=5
2026-06-11 03:00,Yahoo Finance,finance.yahoo.com,Should You Buy Taiwan Semiconductor Manufacturing Company (TSM)?,https://news.google.com/rss/articles/CBMisAFBVV95cUxQMTBpOHJBekl3cVVCcFNpRE5xaUx0Wi1Ic21kTWJZNmlpX1ZHTHh2VEFrWlJsdVlzRzNkUFVMSl9xcVR3RmFzWjJYcUxoTVh6di1UbUF0Vl9IcVNJQmZPS2Q4RGRqX3VLVUJWR2lvTjlHSjdPakoyY1VPQkl4bmF0Zk1kZ3RrUVlON3ZFX3BoS2JCakczcGRnV0RnZHBkeDlCbVNIZ25iakdNUGxBcDdVdQ?oc=5
2026-06-12 03:00,Benzinga,benzinga.com,What's Going On With Taiwan Semiconductor Stock Friday? - Taiwan Semiconductor (NYSE:TSM),https://news.google.com/rss/articles/CBMiuwFBVV95cUxQM2llSEotSE9pc1pxZUFwMWNSVFQ4YmtEZGswUGtBUWVHS3k5c0FDbE5kbnlUUnZCYThIYUJoZkxtSzdGUjN1b0gxQXNOZUF2V1ZfSFlXNHlwSmFWVXZYVzhkOHZydUQtWm5qWmF1eGtaRzRQeDJnUko5R3VVdVA4ZDZVN3BtRE5KLUhob0lGOWRMNUVabDZFZHBLaGUxVk9ZZGF2dlYtNFl0WkxKVGJiNmg5dk5BM1Q0eW1n?oc=5
2026-06-12 03:00,The Motley Fool,fool.com,2 Unsung Heroes of Big Tech's $725 Billion AI Capex Spend,https://news.google.com/rss/articles/CBMilwFBVV95cUxQMnQwNm5Wbm9hZVZWWnkyTXYyRGV5WEh4RjdxOTVCQVRvcEdFWGpTT2E1dVUwX2x3WGNqdy1EWTBKZl81UHEwTTgxWDFoelVPYm1ncFVXOHBQZUJPX2NfR0NVc1FKakRhaTUwSmFCendoYjFyY1FPLUxCQ0Q0MVZwbnVGdHBKeXlXNENKai1pZWh0bEI4aDNv?oc=5
2026-06-12 03:00,Yahoo Finance,finance.yahoo.com,Harvard University’s Favorite AI Stock Pick: Taiwan Semiconductor (TSM),https://news.google.com/rss/articles/CBMiowFBVV95cUxOSFRIUFlaUnFBd0lIaUZicTF6VmU3bGFjNlFQckVldzJYUERZc0JIdFgyTllzMFlhU252dTc3UDVOSFZiNnJKYWFKR3lCNFBHX1lFSXBxSU81YzNWUERhSDc1NURsZEtZVWNnclE3TUJkR0ZmXzJLSHBPRTVtT3kyRlFsNEJkeHpwNzI0NTdjMVlqeDFFT2hlUjZQUXdMVWFvODRR?oc=5
2026-06-12 03:00,Yahoo Finance,finance.yahoo.com,Taiwan Semiconductor (TSM) Sees AI Chip Demand Outpacing Supply,https://news.google.com/rss/articles/CBMingFBVV95cUxQVzlPakFYaGJiVnNnanRpQlA1dlFkZWR2TlpJYkFSUlZCTjROUXJTVEF1Vk8wR1VrOWJYR08zNHo3QnVqRTZISWE0VXo5dThXRTRuU3lQRmVNWW1XUUltNlh6YVVkRFpNT3BvZHFXR05tQ2VEQWZ6YzJsS3VtaVk5TmtESkZsT2lHeXR4cFhJQmU5TmcxN0JweF8ydThRdw?oc=5
2026-06-13 03:00,Yahoo Finance,finance.yahoo.com,"Taiwan Semiconductor (TSM) Posts Strong May Sales, UBS Names Stock a Top Pick on Agentic AI Outlook",https://news.google.com/rss/articles/CBMipAFBVV95cUxNaGhDcnVzUkxMbXE0ZTRpdlJuVVh5Sm9OOG93dWdvYkpaWXlHZ3FZdWFNbFc2cDZadWc5RkpsSlJtRzBpZmxWdVNkdHp1eHd6aUx4ZnpwNEJlVkNXd0tDVXRzRHdzV2NBWmdsZllMZzhrSklGY0lKcGtRdG9SVUJVakRzOVVMdzktb3J5aTM2ZzJTdWFMNHM1QkNYcmpPbkJFdzB1QQ?oc=5
2026-06-13 03:00,Yahoo Finance,finance.yahoo.com,Taiwan Semiconductor (TSM) is This Famous Billionaire’s Biggest AI Stock Holding,https://news.google.com/rss/articles/CBMirAFBVV95cUxNbVRNcEtvQ1NSamx5NkFmVVJCbWdIQlNmM1BkZERpR3MtTDBMQkR4RzFZSUdBV3huVXpKbGJBZUxUajNwd1U2a2JCRlZ1aVA1QWJpSktka2U2cVRtQXUwVUNFWjROX2EyaV83Sy01R0VKcTJERWcweE1FU0oxcWExS1YzUGp3NEdOWlNXSkl6VklVQzNxZ2RXeTNxSTBmdXBVVERwV2ZwLWpyVTFt?oc=5
2026-06-14 03:00,The Motley Fool,fool.com,3 AI Stocks Poised for Long-Term Gains Despite Strong Year-to-Date Performance,https://news.google.com/rss/articles/CBMimAFBVV95cUxQR3JGbF9ZYWpLM1BKcEZmY3VpaGVDOWVSTkthM2RYYk9tZUhLcmdPRzRKM1RDRl93UzdfSnJZdU16QVFkTGV0WjZ6bk9DeXRidjc5SkFpUzlZZTB4Z1Q3el9PUDV3WS0tUXBSd0J1T3VjNkZWaHVKVHVLcXNYUUloUFluUjNieFpUZkdlWW82YWo1bTRBcFd6bQ?oc=5
2026-06-14 03:00,Yahoo Finance,finance.yahoo.com,TSMC (NYSE:TSM) Stock Weighing AI Momentum Against A 6% Overvaluation Narrative,https://news.google.com/rss/articles/CBMimAFBVV95cUxPQmttb1IzWW81czROUmVnRGEzR1lPQ1B6ZHhYUU1Hd3BMVXlORW9YdmxGUFRjS3huZkZBa2ZPX21TdmotMXVKcXoydG9SdFlXUlpNZGY5aVl4ZFoxa1JET0xzXzVjNlh0YU9KcHNVTnkySzAwcnB0Zk9UUnNRZ2xfQ0IwTGNiN1RJYXBsVVlIa3hVWEk3R1puag?oc=5
2026-06-15 03:00,Benzinga,benzinga.com,Why Is Taiwan Semiconductor Stock Gaining Monday?,https://news.google.com/rss/articles/CBMiowFBVV95cUxQS1hVcmpuSmNrT3MwRHRFa0dNbVJ1WlA2OHdWdzR1MXNHcUFldFBXZVl2Mm9VWk1NUjJ4c2t2c1RBWHNKTGlYaEtod3FyQTFtdUlIWU8xUUc2WHJVbkV6ZjcxV0x6ZWVncWtzVTZRdXRnVmc0elcxOUVJRmh4YVBXUHRWQzAyZ011WHJTY2VTZFpic2tOOGJFcWVNX2hnbUhuTy1j?oc=5
2026-06-15 03:00,Yahoo Finance,finance.yahoo.com,"SpaceX Market Cap Breaches $2.5 Trillion: Goes Past Tesla, TSMC And Broadcom",https://news.google.com/rss/articles/CBMimwFBVV95cUxQQVk1cktHcVFya1I5dVA2QXoyQkhaVE9paDBvdldaNjQxTUItUHhzMkRIcGJQcVFXWUJ2cDNzV1c0QnBqZ2E3Y3NseGJoWnE1V29yWFB4SmRkTGlPMTBjX3BidXZneDVtWG03MzB1MV9nRjFyTl9WOER2TFFNcWltZGsxS0FtTS1zOWRjWlBKc0hhTHQ4cEJLQWZlcw?oc=5
2026-06-16 03:00,Investing.com,investing.com,"TSMC stock price target raised to NT$3,500 by Aletheia Capital",https://news.google.com/rss/articles/CBMivAFBVV95cUxNZEhmMEJqUzZCV2k3UlRFbE9SeXZyNmtzcW5GRENnd3dBRzNMSXRZOUJFNE9zUzFwYWVnaFJ2UndqemZDV0VZZGNyV2FmcHJISDZjZ3A4RG5KQmxvUzhsMENWUUt6QjZic1hsTHlfQ3pvUWc4QzVjMktVV1ZmWmF1dUF1dGNySVVkVlJ4NEpEY1JPVjRNbEhSaHl1UTBmdXI1bnBiOC11ZHF2aWVYYmxNdlJ4dEZTeWd6WjJJRg?oc=5
2026-06-17 03:00,Seeking Alpha,seekingalpha.com,TSMC: Why Premium Multiples Don't Matter For The King Of Foundries (NYSE:TSM),https://news.google.com/rss/articles/CBMiowFBVV95cUxNOXlNRGE1SUZsRFB2a09zZnd6SVdMRWZXcWRuTmRmVlRGcVRJNUxPUGRPdjNoX2xlM2lCR1ZPNjJjREVSSmRsM0RmaGItN2xCN1c1RjVkNjJKUkY0VnhWeTVjbzFycUltdkJubTZJZUZJWE5mRzZDeFJla3p1cHRLeXFBZ2RaUUVTb3VfTmtTSUJURjVvRUUyMVZoQ0N6VkdtMEVn?oc=5
2026-06-17 03:00,The Motley Fool,fool.com,2 Artificial Intelligence Stocks You Can Buy and Hold for the Next Decade,https://news.google.com/rss/articles/CBMimAFBVV95cUxOZlkxOHlGYjA5cGNaenl0Y1JFWGRBbmI5R0ttN0tYSlgtRk1OV1JRQlhtd1pmdG50UFYxRW1OUE43M2liMlNqZXNiTXo1Qy00Y0Q1blZnWHFTSDJLSTkwV1hpNmZ5TV9PY2NzSEowbE5SNUVSZHJ0QzE2RDVZdnp4S0pvTEZ2NkdHVjhMdG5lNFRaRTJFVDJiQw?oc=5
2026-06-17 03:00,Zacks,zacks.com,TSM at $426: Bubble Territory or a Buy for the Next AI Supercycle?,https://news.google.com/rss/articles/CBMipwFBVV95cUxNR3lTX29wT3FKbkZ4YVBGVXBZLU5FdTNvdGhFMWNZM0JpNFFLenV1RnhSaVk1NmRHaFVqck1DSWt3S0JyYmpXYUFpek1fNXdRcEwxR2RnVElYZ2lMY29VVVJLSy1rVzFfd0ZZVndMOGhtWmRpRGpObmVZZnllYXRvMHljM29FT1hia0RrdFYwNzB0MjljUlA3NUYwV2ZLcmo2NjdkR2Raaw?oc=5
2026-06-18 03:00,Seeking Alpha,seekingalpha.com,Taiwan Semiconductor: Not Expensive When You Run The Numbers On AI Demand (NYSE:TSM),https://news.google.com/rss/articles/CBMitgFBVV95cUxOZURoRnBxUzhlM2hHc1FUWGI0QVZnSTVaZ3dwWnFIWXBqNUZ2d21SVXNiZzdOX1ZhNkdweEU2bEJEQ3hGNDBxRHNUUWZIaWt5cHZkQVBBVkFDMFBDVnFJbkxSbzZuYy1lc3IzLU9URVdLclZPOGNFQ3UyN0NDdW92WWdWcUVQMnRjVkNwNGo3S3c5MkZYYnFoWkd0VGtORVphWmVKT05lQWFDX1pPbHZVVWpTRmhaZw?oc=5
2026-06-18 03:00,The Motley Fool,fool.com,"SpaceX Joins Nvidia, Alphabet, Apple, Microsoft, Amazon, and Taiwan Semiconductor in the $2 Trillion Club. But Will It Last?",https://news.google.com/rss/articles/CBMilgFBVV95cUxPd1hiaUhzRDFFMjEwdlNFQ2dlX3Y0UzJGODlsU1YwaWoycklaMXlheWpHYXRYdk82YUZfQThGS2FvdVJTd1UySmg5ZWhpaVUwNDJvZ01zcUhBRlBnNTZnM0g1d2dwRDJFSThwSGNQNE15UXdOeVlFaDVEWlFyLU5uczNkXzVhRnVPbzVfWWJlMm9CYzBaaHc?oc=5
2026-06-18 03:00,The Motley Fool,fool.com,SpaceX Surges Past Taiwan Semiconductor to Become the World's 6th Most Valuable Company. Is It Too Late to Buy?,https://news.google.com/rss/articles/CBMilgFBVV95cUxOaVRUVWxvNjdTb3N5VGJueTYyU195Q0dHd0ZnLUo4VXVzZ3dWU3FxVlFUcTNiRDZmckdYWjRlX0ctQVEydE5MelN1TlJJZFdYajBNbk5VUFdMblc4RDlaclNzYWxLSUZVYlVLNDlBNmdJZkdRMVRJUHFsX05nOEpZTTBxU21ac25hTDRJejMwbWowUDJSWVE?oc=5
2026-06-18 03:00,Yahoo Finance,finance.yahoo.com,Here's Why TSMC (TSM) is a Great Momentum Stock to Buy,https://news.google.com/rss/articles/CBMikwFBVV95cUxOekltS2FkakF2eTFPRGJVYzdUWmlkejJibXdjWmNUdVJrdkd5aDh5U2JOZUFQSEJlTl9Gb09ndmhVTjJ1cnZrUDFBdkVkOXZtM1NVUzhiRTdHUG9aZEpvQ041TS1OeG55RDkyU1hRd1VBZGNfMDJpTUljQmtwNVQzSC14cDI3WFZGcFZYUnRpVGN3UDg?oc=5
2026-06-19 03:00,The Motley Fool,fool.com,Taiwan Semiconductor Manufacturing: A Strong Contender in the Chip Industry,https://news.google.com/rss/articles/CBMimAFBVV95cUxPQlpXTEM1Xy1FRlFVckxja0pTQTJyVWFWNnZmajBvako3NlVJMjNHRC1yaENMY0NKVTA1V05nOWR3N0JLb18wTnA2bEZocV9sUFlWcF9vNVY1bnJPTVBiekZXaUNTTVVLa1RyZzB4emk4VTI1Rkc2Slo4bEMwN2tHU2pCTC1MTUIwYkh4VHNqVFRjN2NHNjVNSg?oc=5
2026-06-21 03:00,Seeking Alpha,seekingalpha.com,TSMC: The Buying Opportunity Is Finally Flashing (Rating Upgrade),https://news.google.com/rss/articles/CBMinAFBVV95cUxNLTlfVndmRG5MeENSeFhia0NfTlIzVmRoemdQMm9Xd3FIMXFKbEdkLVdOeEM4REpUdG9zOGU4T0xtbVhpLWpUUjNxMElCWUJtNXBLTC0xLUR6MEhJbll1bUV2LVpVNk1ENmZmRHByT0hpX2lxZ2l2THFxby1UV1M0MlVVaE4wVDJtNzdqeVpqR19YOFJBYTh4QTV4YzA?oc=5
2026-06-21 03:00,The Motley Fool,fool.com,Intel Is Stealing the Foundry Spotlight. Is TSMC Still the Most Important Company in Chips?,https://news.google.com/rss/articles/CBMimAFBVV95cUxOeGNlalVlbnI4U1d4RnIybl9jV3lRd0VmTGZVSTZPZmZhNldZYlFfc0V0aHpVdXllcFROY01YQ1NhRnR4d0JyUEFBc0ZGcHV6WUcxMEFwWm1BMUVhTFR0UlV0UmNRdk9zMkJHa2FkN1RmWjJFbGM4bS1xckh5aWxfQ0F3NVVCYzlPdnZONmdWNVJiVC1NVE1LSw?oc=5
2026-06-22 03:00,Yahoo Finance,finance.yahoo.com,TSMC (TSM) Advances While Market Declines: Some Information for Investors,https://news.google.com/rss/articles/CBMimwFBVV95cUxPVjZMRkJXb3lOWWx2WG44QW8wNmpIZVpkWTJlSWR3ZnZUeGZ4NnNiamRzYWwyVHJSTTJUN0xLejIwLUNMb1NKZ0VQaWpWaUxCbnp3Qy1OYm9EUXBXeWN0MmJTWHBZSkt4UUxVUUdpQzVyWldqajU2YTgwQlRTVnZoRlFBanpITkI3SjZhRWV3c0l6Y0NLR0x5TURvZw?oc=5
2026-06-23 03:00,Bloomberg,bloomberg.com,‘FOMO Really Got Me’: Taiwanese Go Deep Into Debt to Amp 100% Stock Rally,https://news.google.com/rss/articles/CBMiuAFBVV95cUxQdWxYdEwyakpYU3ZHNk1BQ0dfdk4wcU1zRmpwRFd6RHBjZmRTQVhmVFhmS1p6c2hUVEpXbHJ1WHJuMngycWRieGVZdVRKVEp0djUtS1llcGtFRUUwRkc0T2VYWjNWVTd6YTNETnBpLS10QjZaUFJuem80Um1aamFqaklqVkhnY0taTkJYcUlhUTg3RUxDUkxQY0dmbkpoOUtaUWNQSG00ZFVWWGMwT05qbVR3ZFlQNkd1?oc=5
2026-06-23 03:00,Investing.com,investing.com,TSMC outlook raised to positive by S&P on market leadership,https://news.google.com/rss/articles/CBMivAFBVV95cUxPNmZZWDhqRFhGRmxPaldmdjVnRXhSVFZfdXBJaDk1bVV4MU56RWQ3OEdibUs3SXlMWlFoWXJ6OVpHNXFxeTFlazlVVUdqZWVmM1pGUFhUNnNKeUxVcWs5Tmk2OEU3NWl2bExxNW9CYkxQeFdyLUhJLVY1VHg3UG93Vnk0WHJXcFkzc0l1LW5LYVh3RU5nQ3dKakFRRHhyNFNKbTlyQzA3Y2ZRVzlnRHZaWXNzbUp3b1B6Q0JRQw?oc=5
2026-06-24 03:00,Seeking Alpha,seekingalpha.com,Taiwan Semiconductor: The AI Toll Road Keeps Widening (NYSE:TSM),https://news.google.com/rss/articles/CBMimAFBVV95cUxNckJnNmdWbXdON0lfb3VvWTVCRHIxWFdGNlNWMWVzUTVVQ041MUFkWWJreUFNX014TV9aS05SNUg4ZjF4MlR5c2JUREpndlV5YklvYmhiTmJJX1J5SlhWaG90ZXBRR2F2X0FyWV92QkZnMi1mNVlnN05RLVUzNWRIS3F6dWNuaWVQY2txSHViWFVxclh1LXFpaQ?oc=5
2026-06-24 03:00,Yahoo Finance,finance.yahoo.com,Can Taiwan Semiconductor Shares Hit $500 Before 2026 Ends?,https://news.google.com/rss/articles/CBMiogFBVV95cUxQMFZpVDZseWxtLThaRWVrbTFIRU03MkFKVlI4ZERnU3o2T3JvUHZrRTV1NF9oOE9KN2phR1pxOTBRYWZhMXBMeWlyZWVTeFdxa1BIRGFUUW96eTdRbHROOWVrblItYW05Z1RhcjBma2NVN2NCY0piQ2FwZ1JVbUlocTZOVFZVdUtvQksyVDdqdDdZYUJuUHBkQU1KTWMyd0tQM3c?oc=5
2026-06-25 03:00,Benzinga,benzinga.com,Why Is Taiwan Semiconductor Stock Gaining Thursday?,https://news.google.com/rss/articles/CBMipgFBVV95cUxQU1JaTHBUT3dSWUNRdk94WlFXUFRvZW9SaHhoUFNzbG5tRVh6VkZFM0o2LWRvUURrQ3N3RlBSaW9TdkszWjZmczBfanJIS1lUeURscFpMNEVCX09Ua19PSU1WSVdhX0E4U2xwLTloVElidmhJQk1CY3dFd0Y3VWNsMGRLLVlWS3pSYWVVWGI5M2M3OHdVWGhseHNqZ2ZhcXJJTHlXNUJn?oc=5
2026-06-25 03:00,The Motley Fool,fool.com,Intel vs. TSMC: Which is the Better Semiconductor Stock to Buy Right Now?,https://news.google.com/rss/articles/CBMikAFBVV95cUxPVTBjV3N0U0dxRDkxTWNfTnl4U0FMOHBNZFFLVVBPbWIxM3NNaFhteWczNU5QTHVCY2JLeXZ2NTFaZ1RjdlNsTWFja25ZV3l0T2l0aDVFVVBHNzdQV241Q294TkZMNURybmZpNnFoUDNXLWFseWQ4NG91Y0p6WmtpNjFyd2Z1R0JZQWRwUEI3Y0I?oc=5
2026-06-25 03:00,Yahoo Finance,finance.yahoo.com,Strong Earnings Demonstrate Taiwan Semiconductor Manufacturing Company Limited’s (TSM) Key Role in The AI-Capex Cycle,https://news.google.com/rss/articles/CBMiswFBVV95cUxNUnQwN0NKOGJxekViS1BVclpTQWFHMGJlejc4LVJHeTVTMEhBOGVydUR0dFhsYTFEeTVYTm1VREVNY3RWM0ZENVJCdi1MckE1QktUWklEaE94T2tGcWptOTVVRVhwM1pScnowNWxCXzYtV2x6ZEtjSkdNLUIydzBZSS16SXViTTd3cE8yRGpqMjV2M0VCdGJHQkREQ0cxWVpyTmU4REtkVlJiVmpuRG04d3V3TQ?oc=5
2026-06-26 03:00,Benzinga,benzinga.com,What's Going On With Taiwan Semiconductor Stock Friday?,https://news.google.com/rss/articles/CBMiywFBVV95cUxPcXdzNDlXbXVLdW5EVEFHY0pnTUFERlA1OEZJQm1PYXFsUUI0OTcyLUZQV3c1TFlPcmdqNC04MlJrdDlsamhITzdvTXFOeHJjTkVWUjlqcHpfb3NubVJxb3F3V1FZYlc2cERDeUVwd19JRzdZejcxVUFQNDdEaTZUdnFZNmM3NFg0VmRSd0NoWlhydHJ5cHR0YWp5amNabEc5Snd6b0RlZkNZSE9iVFlRY0JaQk9zb01pLUFIU251TlZnNjc3bVNOazNDbw?oc=5
2026-06-26 03:00,Investor's Business Daily,investors.com,"Breakout Watch: This Firm Helps Nvidia, TSM And Intel Bring AI Ideas To Market",https://news.google.com/rss/articles/CBMiywFBVV95cUxNN25EbElUVENuS3FRTHIzWVBvOGRCWWYtWVhTbmpkVjRrY1J1bzdRSDFNcmFuejlvOWYxRC01c2pIRXM5ejdNZTd2UXFFdHpYczFLV2s0RHFpYnhncGZ0Wi1nZ1MtN2k0a2tYTUNzX1lzUURmZ1ZaeHNNMmpsa3E5eDlTZlcxU1VmX2UyeVIzekdadTk3VkN2Z1ZYN080ZFV4bDM2U21NNDZycWNCeFdHYm0wOVZSVzJVd1ltR2l0MnFaY2JTTVAtMHVtcw?oc=5
2026-06-26 03:00,The Motley Fool,fool.com,Here's Why Taiwan Semiconductor (TSM) May Be the Smartest AI Infrastructure Buy Right Now,https://news.google.com/rss/articles/CBMikAFBVV95cUxPYUFva0VzWEc3RVE0N2pQUTJWSVcybFlBaVZJYzlyZGxlcjc3U0UzU0pZOHJscXBnUnFXU0RSNk5kU2ltUE1mVU04X2l6UFZSQ2hhQklsLXJUVlhPSnlyMl9jaDE4TkoyeDRMbE5TN0VXekgzaXV2d24xTzExbFFJSlVZZnFTMmJxQVZlS3pEWHc?oc=5
2026-06-27 03:00,Yahoo Finance,finance.yahoo.com,Should You Buy Taiwan Semiconductor Manufacturing Company Limited (TSM)?,https://news.google.com/rss/articles/CBMisAFBVV95cUxPY1FQc1RlQWljQUpqbXcwZkcyalhnS2EwQ2dXeG5CY2IzTkhVX09QcHJMdmR5YTBTOG90VThwNVE5Y1JmNTRIVUtsSDRxM2JDUGE4eDdqeHowQk1Ecy1HMG5CM2RoTVhfWnpuWWp2SUdyenhfMXkzdTVGN08zUDdJTjFmRmpZcVJVc0VQeFNaMTJ5alNmY3VSR0xnc09aWHlGNlBWRUFwNXFtLUh0X0NZWA?oc=5
2026-06-28 03:00,Investing.com,investing.com,"TSMC: UBS hikes price target, reiterates Buy ahead of Q2 earnings",https://news.google.com/rss/articles/CBMivAFBVV95cUxPdWJDdjBoYnhocllWZ3hFNHpXa0FNOUd4UV9TSlpLQkdsY3BjRzhHdFJxYkxHNDRweEthQjYweDNZNC1xNlMtVFlIMC1uSlFodHVCMG1ZTG5rRjNOZ1NRTk45LUZRTUpuZ2E1aWkzOVRoa3lKeFdvY3Y2NXdBUjJhQVRiTmtaYzJONi1KRXczY19sY1lxMEJBZXdNOWJ5dkdHSmV3X2wySEZGcnpGOTU5U25rekJCT285TWJTcw?oc=5
2026-06-28 03:00,The Motley Fool,fool.com,"Will Amazon, Taiwan Semiconductor, SpaceX, or Broadcom Be the Next $3 Trillion Company?",https://news.google.com/rss/articles/CBMimAFBVV95cUxNWEg1QkRYdEZDUTFUT0IzcGtiQzFOVWJaTXVaQ2QwZHpNVGp4YjlIUjE3ckpYX01KZWcwWFFHTnZZYW9uc1JORjZKdG45ZnZJMzJRZTRPVVNIbWZCdm9kMk5rc3RpN21abTNOVGxZRWZpZ0tVMkpMZ0ZrQlBSZ2txM00wanJpcmN0cWRNS3NqVndaam5wUnFyQw?oc=5
2026-06-30 03:00,Benzinga,benzinga.com,What's Going On With Taiwan Semiconductor Stock Tuesday?,https://news.google.com/rss/articles/CBMizAFBVV95cUxNMzRqZjlkZVpSZ3FjQ3RuRy1yQ1ZwYWlHMUR5WjdOV0lPMU56VFhtTy1rdk9pbnJudXoyWG5MNE82bE9ObUltOXc2N01wV2tFN19FcDhVZ09xRVZiby10TFVWb0RLSGVyNVF4dkhyX2hQWUlmd3J5emNlX1hOYWI3Uk1SZlNOZmQxZ21fZERNNVN5R2VpdDdib2NLNVZQbTJLZE5UbjlrbG1tbGZ6d0ZiNlRfQTlqZDAwVm9adlVuQjU3dGkxd1hFMDFmdGE?oc=5
2026-06-30 03:00,Bloomberg,bloomberg.com,"AI Chip Startup Etched Lures Jane Street, TSMC-Linked VC as Investors",https://news.google.com/rss/articles/CBMitAFBVV95cUxQSmRCNHl1MmtFWkhGRktiUFFWNk1CNUswc3dWZHBSMjdkcVprYWswWnlaVW5LVFgyZ2I3bnZBTGo0eGIwOHozNjZ4VUhVZDY0blE3UWN4V2U3Z09TZDFTbDJYQXBDQ1JQNGNURzEyNTNLdzc0Z1RrSmY4RUtIemNNY2VpTmVmMVYtdVY2N29iZUJxRG9OTFFKX1ZDT2U1dF9mQlJGamRNSHpWWEZqME9ndVh0VzQ?oc=5
2026-06-30 03:00,Yahoo Finance,au.finance.yahoo.com,TSMC targets 2029 for panel-level CoPoS packaging in AI chip push - DigiTimes,https://news.google.com/rss/articles/CBMihAFBVV95cUxQNDQ0dEVXRXJKT1Q1d0Y4X1Vnb3FFTzNYR21HVkdROHVyUFJBeVlvOHY0dGN0VHZkLXAyQVJOa2hQUU9VTmZqR0hvdkVwY2FjbFY0U0tncm12UFNJQkJabDdrT0dDUm5ILWJhSVZ4cV9WamFRRUlIOW9tNHRYMHR5bFl4WEc?oc=5
2026-06-30 03:00,Yahoo Finance,finance.yahoo.com,TSMC vs. NVIDIA: Which AI Semiconductor Stock Should You Buy in July?,https://news.google.com/rss/articles/CBMinAFBVV95cUxPTnEtcDNTTzQ1S0xGSThieEsyVVl3ZnVqOFVnYkZiVEpURjNmYkRBbHdoT2FLbWpPQW5QU1l6TmZPc1l0bURLYjVaY2hQQ0V0ZW1hdUt6QXBUV3hrY3BlTHdzSml4WHBzM1JlWnRLRnFUeUlPOXhKSkZBclczSC15a2U3MXBQUmQ0Q2RjRGZkdXN3VzlvLXFFUHZTSjA?oc=5
2026-06-30 03:00,Yahoo Finance,finance.yahoo.com,Taiwan Semiconductor Manufacturing (TSM) Stock May Still Look Cheap On Record AI Earnings,https://news.google.com/rss/articles/CBMirgFBVV95cUxQY0xITDhQbERVVGJyNV9jaWxDQmw1c0pqV1NlcTJST1RVQnE3YWx5R1RDQWRkam5xSlh3dmFPM3o1dTdXcU1xdmZTN2FkcExwcG82VWFRUnFJQzIwUllyQUhSWF9HSHFGZGVlcGNIWnFpWmlkV0xIWTVURjgxSWI1eTMzNGVBVWY0dlA3NElpeGFiZThYRUJjRm1UdmZzSHc1UXNWMURsV1JVeHp0M3c?oc=5
2026-06-30 03:00,Yahoo Finance,uk.finance.yahoo.com,Mizuho lifts TSMC CoWoS capacity forecasts as server CPU demand surges,https://news.google.com/rss/articles/CBMiiAFBVV95cUxQZFRLTDg4TWdXWEhmQVQ4Z2FKWC1qemt3OWdzenBKWVR3NmNQTnljNXluWVJ0Y0xSZkhYbXB5ODNSbUIyQjZfYmdIazFueEcwd2pyNGFnbXlvMGVhSF8wZUlWR1c2dDJyM1ZqSnRIajhDWkhlTnNHZDFxSWw1dDdtb2VTZTBsMFBq?oc=5
2026-07-01 03:00,Benzinga,benzinga.com,What's Going on With Taiwan Semiconductor Stock Wednesday?,https://news.google.com/rss/articles/CBMisAFBVV95cUxPRnVFdEFRVWR4RXl0eXd3dHlYOXc4aWYya2EtME1ILXpuNXdfZkI1MUJkQXZUQUpwdGhtU0pxRWVheVBKbGJDM0s3RXVUcFJMQWRPWlBtNnJiU21XYVJNcWZMeWdOM2VNWXgzdzM0eFl1N0dsOFZ4ekhQQk8yU3dnVjN2VUJ5OWxXbEttbmtZVFRBN3hVV2d0b3k3SlM5RVdxdENPVmF6NzJzMldqMDNtcg?oc=5
2026-07-01 03:00,The Motley Fool,fool.com,Taiwan Semiconductor's Shocking Upside Could Be Hiding in Plain Sight,https://news.google.com/rss/articles/CBMimAFBVV95cUxQNGRFWHZqbGViWG5keERiVWgya0tUTlVRTGhfallmLUJRZHVHWnBTT3dFVER3Yi0wUlFlbFBrb04tMm95WXhudnpJZEpWOTg0NGpxS1g0blRoRE9IRFdNS1RhM1NaR2NMNnVxbnZhb2RWb295UlRGZGI0YW1tdHhFNVh3Y0ZxVFVzMWtXWHd6dWpuems2Z2loWg?oc=5
2026-07-01 03:00,Yahoo Finance,finance.yahoo.com,"Intel Drops 7%, AMD Slides 5%, Taiwan Semiconductor Falls 6% as BoA Flags “Bubble Risk”",https://news.google.com/rss/articles/CBMikwFBVV95cUxNT1JFVzUxVDFibWNCX0FTZ2t0TnJucTdWZFlxUm9tNVRxLWpva1c1b044YXNERWI3SlRGNDFxVTk4eXZPWlJLNXI4cE0wOWdQMFh1UmZsRmJLMzY1OXMzTXJCVlZQUldhLUU5VHZiSDB3VlBUYno4cHJiX2ZEUWhGcFZOdWRIUFVEb242OGdHTEYzQmc?oc=5
2026-07-01 03:00,Yahoo Finance,finance.yahoo.com,"Taiwan Semiconductor Manufacturing Company Ltd. (TSM) Hit a 52 Week High, Can the Run Continue?",https://news.google.com/rss/articles/CBMisAFBVV95cUxNcm1vQ0dqRTdpXzZHMS1DLWQ4djhEc1pPYjJiUE00V1hXQnNMT1dZTkQ4bmRLYlJ4WEtBNHdOcEJYMk1uSUJ3dW9uSVV5RnZ1VWliUV9va1J4MVhkcFZjQnZFQkN1cHlTT0VOb3Y3R2ZJLXJyaVAwR0xHWnpHaWFLVHFObHJIZURBVDl0bjRWbGJlNGN3a1Q4c0NOeDBlUWVKTVpWR3hLNDVtckJVRElocQ?oc=5
2026-07-02 03:00,Seeking Alpha,seekingalpha.com,"TSMC: Even In Capex Normalization, The Messiah Of Manufacturing Rules (NYSE:TSM)",https://news.google.com/rss/articles/CBMirAFBVV95cUxQOEFLLWJEUEl4YlpqTHcxbVJNdXdBM1NjWGFnOHFiTk1RTEVaSURDdkNkQkdnLTVyX1pOXzRSUmxBX3dVUHUxSjg4LUtkc2pDTElOVy1nVFpobTZseGpHVHZpSFZBMUJ4TkdxRjN0VjV3TnRmTVdkdDN4YXQ0X0hISGZCT1ZHdHBQNWtiOTdVNWtibjN1NzJobm5IYlRCdmptbmN3Z2lKVWtyVDdi?oc=5
2026-07-02 03:00,The Motley Fool,fool.com,Chip Stocks Have Soared by 157% Over the Past Year. Here Are 2 Top Stocks to Buy Before the Semiconductor Industry Soars Past $1.5 Trillion in 2027,https://news.google.com/rss/articles/CBMilwFBVV95cUxQd2NOQTloSmtzRHM3TU4xYVR1SHJYOVRuZXpzQ1lhMjA0NXM4cDFnMXZWU211SEktanlpTHVKMklNSDhsZW04ZzA0NHE0emlUUGt2bEZfVmtLMnAxRm91WWhkYy1rTG5zczF2YXlnd1d5NW9uR1Z3ckJsTWpWTTVYOG9WMDBjUHhQa0VBWS16aUp6b3VqemRn?oc=5
2026-07-03 03:00,The Motley Fool,fool.com,This Artificial Intelligence (AI) Chip Giant Is a Profit-Making Machine. Its Latest Move Could Supercharge the Stock,https://news.google.com/rss/articles/CBMimAFBVV95cUxONVZ5RUFQSVhmZDIzc1p5X2ZGVVotMFFIMXNEMUxUZUxleHdjbWRSS0x1T1dvVFBKd1BVc083THh4M1ViT09Vb2M1X3U4NWY3SXpwcFNNX0w5b25PWlEtTXAtRjY3Z3FZWWxybk1VNnZnYnlVellONzVPdVVxQlRWR1lfYi1PZnF1RDdYUmhJWnp0dGF5ZXhMNA?oc=5
2026-07-05 03:00,Investing.com,investing.com,"TSMC: Citi lifts PT, sees chipmaker raising 2026 guidance on AI demand",https://news.google.com/rss/articles/CBMiyAFBVV95cUxORDBOdkprZTcweVdLeDZjTDI5a3dkeXRPZWhiY0FBUzQ5LUhlZFBSNUw1RnRWR3NEbVlMZEZZaGtBOVVYSFl6dXp3TUZWZjNjZDZrYTZQaU1GcXRLUk5ZRUQtQUY3U0NDODFrYk5ESkd1djB2eHRYM0NoRWg4bm5UaWRZOXVTd2JNWkxqN01UQmJKTmE0eGlkNnFSNjJMWUVBNjk2NVdNZS1SbTU5WHdmdGp6bm9lZGFjR1pOQk1VQkg3eWFvTUI0LQ?oc=5
2026-07-05 03:00,Yahoo Finance,finance.yahoo.com,"Dear Taiwan Semi Stock Fans, Mark Your Calendars for July 16",https://news.google.com/rss/articles/CBMilwFBVV95cUxOdC1XZHZGMHZCVDVPVzRObmQzOHJUZFZ0WVZ3dUpPd3ZIbVhvMWtIMk9LdWRDZVItWjVuVWNLQlJLSUs0OWNDMXBsZVZnSU1FWkNlaGFHX1BTaF9PMm42UkwxNlFLWFZXMGFkcXhoOHY2YmlpS0RqcDdXZmNQbmhIeEJGb2hoUVJxY2ZBREF1RGZLOXpBRzNB?oc=5
2026-07-05 03:00,Yahoo Finance,finance.yahoo.com,What Makes Taiwan Semiconductor Manufacturing (TSM) One of BlackRock’s 30 Most Important Picks,https://news.google.com/rss/articles/CBMirgFBVV95cUxQcEJpbElWWDU4Ql95WVkzZFFER200TjlnYXhHRlpuQnBLR1RVdXkxbjJYT3ZLVEtMeGkxa0gta3dDMm9DSFVtV2t4cjVVS1dpd2NJRTFHaEpadGNvVGhhMHVvbHZEYWl0UmVqejFUWXNnR29aV3dVa251UW5zSV9FdmpsLS1kUjEtRGRjblpxcFFSVVkzdWpRdXFadFVrdFd2TmNicFpPOWhudENkWGc?oc=5
2026-07-06 03:00,The Motley Fool,fool.com,"Artificial Intelligence (AI) Stocks Are Selling Off, But Taiwan Semiconductor Is Holding Strong. Is It the Ultimate AI Stock?",https://news.google.com/rss/articles/CBMilwFBVV95cUxOaDFpbG5wWlZoTzFPeldWODE0MzBkVlIzTG1JaFpmc3E2TXFyNE1XckxTZmtSMUZoTnJveThaeW5BeGJPNVpPTmJ5ZHR6Nlhjdm1Ia2pYRVRlM25WYy1xWERveW1YXzFIRUYweHp1Q3lDdi05cXQ3Z05ielZsVjNua3E2cmoxYkl6U29QcjI0X2RkS0NlaXJn?oc=5
2026-07-06 03:00,The Motley Fool,fool.com,Better Chip Stock: Intel Versus Taiwan Semiconductor,https://news.google.com/rss/articles/CBMilAFBVV95cUxOeWhfT2hyRjlDZmxjNFVJZUttOWF3elpSWHYzM1ppMm1HR1hVdkJ2NG1IbEQ5bXJNU1lRRUZBTzZqcEYzMnpXOHltT3V5TzJyQldLcnpfbzltVFo3Rl8tUkhrMm5fRVdYNzY4SlRuM3NPRTdxWnlReWZaZ3lUVGIxM2pLam14VHltd0UzcUdudjczOGh3?oc=5
2026-07-06 03:00,The Motley Fool,fool.com,Is TSMC Still a Buy After Its Massive Rally?,https://news.google.com/rss/articles/CBMijwFBVV95cUxPcmk3TDBsekMwc1BzZEtRelQwYy1vVVVMbUVsRk83blMxUHJCejREQk5KcUdGT0tXVHhFdnFCTXZKNGxzYTdWWjFwc0p5RlFyRUd0OFpfeDVQdjNMcnFGT3BRRGcwN2FSZjFHM1Mxd25GeHFLS2ZDWGxiUTlhRXMzemFXVS1uRzFBbkRVVHRuVQ?oc=5
2026-07-06 03:00,The Motley Fool,fool.com,Q2 Earnings Season Is About to Kick Off. These 5 Reports Will Set the Market's Tone.,https://news.google.com/rss/articles/CBMimAFBVV95cUxNZlZwd2xIVS00M0hjZEZ4Y2hGVGZJM25SMFpjTm1Vc2tiNGFXeFZCQWRCMmJzZ21yNEdiR1Fnc1I5MVVrem1tZjdTTXZLTU1SQ20xaXc0d0RNdFVxR0RDWFBLME1UVkxWSFNGZEhSRlpXUmFsM0thY3ZUUXJLM0ZnTHN1VmhQelh5RnEyWlBzYmszX0Q4Y2pfTg?oc=5
2026-07-06 03:00,TheStreet,thestreet.com,Goldman Sachs turns its back on major semiconductor stock,https://news.google.com/rss/articles/CBMilwFBVV95cUxQc0FMaWcyYjJYVkFvdUd2Nk5vZWd1WDExeDgtWTF3SExTV0trSDlud2ItZ094TmthS3V3LXg5Smt3U0VIVUkwMElmRWRWNVJsaXRWMGFwUktMTjdCM0ozamU1V3JwUlpNNC1RMmljOUZZOG1xOWUwbGNfSVZPNktVQ1pyel91WjA0Rzk1dXlZaDMzWjNXcFg0?oc=5
2026-07-06 03:00,Yahoo Finance,finance.yahoo.com,Citi Raises TSMC Price Target on Strong AI Outlook Ahead of Earnings (TSM),https://news.google.com/rss/articles/CBMimAFBVV95cUxQckRYdl9tU1RqMS1fdEhfVjhJcHBMQTgyUzhIbElpQVVqU3pMbWNvSlh1NHItTlZNSHl1ZGhsVGd6bkNQQk10UHVWcndicnpXWWFtOTRGRDVVbnFJNU9aa3hZQm1VekRoWkxzb2NEcnJDR1FNd0IxSEtiU01kMzBqMm5wcjdpbzVmT05BRGItcVhSdzVvVTdyaA?oc=5
2026-07-07 03:00,The Motley Fool,fool.com,Should Semiconductor Stock Investors Buy Intel Stock Instead of Taiwan Semiconductor Stock?,https://news.google.com/rss/articles/CBMimAFBVV95cUxOYmxKWTZFc0hqVHBsYm05Tk0yUU9lY3c5d2xYZC1CSzJxZEU3X1J1a3lhZ19JcGtTSjZCdVFGeXBYOEw2c0xudEt3eVU5Uk1tWTFTVmx4NVhac3Y3b2NLSzFsdVZhMEl6blN1T3BMMEZuMWY2WUFrbTN2N3BBNVJQSy1nYlY3VGhfUzZ0ZmR3Q3VSWE96NUY2Qw?oc=5
2026-07-07 03:00,Yahoo Finance,finance.yahoo.com,Alphabet Vs. Taiwan Semiconductor: What Is The Better Stock To Buy Right Now,https://news.google.com/rss/articles/CBMipwFBVV95cUxQVHA5X1VLLUxlQkNBNWdsZFJxQml1dEp6ckFHNFZSd2pKMmlqWlJwRl82M3JUWm05Tk1OVl9YWTdYU3Q2S1NJa2djNUZWdU11eDd0SHltT2JneG01bHM3VFE2Q3pNdGtld0xLNlo0MnNPYWlmNG5fSUN5RzFOZm5mTms5S0JmcHg5R1JCZ0N4RWtJQ1p1aGp6R0xXN2FGM1ltVlM0bENCdw?oc=5
2026-07-08 03:00,Yahoo Finance,finance.yahoo.com,TSMC Outpaces Sector & Peers in a Year: Is the Stock Still a Buy?,https://news.google.com/rss/articles/CBMingFBVV95cUxPVDJLMXYwaTcyMklrYms1d2dPUGZqZDJ2VHRUbGJhZ3VuUldzZkR5N2hyWlBhckFjTDJPdmpmVU45RVVraDVLajFSN0gwR3F3bTE2c01NYW9CS3lZYlA4dDRKMXBQSUtuRDVJc2NkNmV2aVAzdHF5N01PREtlYWJOWGx0QUJ6c0dENXZnckloRDVKWmdvdHBLOERFblVQQQ?oc=5
2026-07-09 03:00,Bloomberg,bloomberg.com,Arbitrage Traders Face Tougher Challenge With SK Hynix Than TSMC,https://news.google.com/rss/articles/CBMitgFBVV95cUxNSUlwa09leHRpczFzM2t6c0lDazRPOTVhdXljLVlfWE1LRVUzVlVWaEh2ai0tcGJCZVozZHZSSjhoYUlabUtOV2pBdmM2aUNSemVHcmIydEFOcUVBSVNWRDNRNEE3V1dxYjNZWXlBRndVTlVGOUhCeVRrR3VWb3VsS0hqWXdXX2RvWTVieHduUXE0WGJvRmdSV2REUmJpTjdxUDlDMFJWVl9GcTI2cFBuLXYtYV9Cdw?oc=5
2026-07-09 03:00,CNBC,cnbc.com,"'Entrenched bottlenecks that are irreplaceable', TSMC and ASML are superior long-term plays: Investor",https://news.google.com/rss/articles/CBMimgFBVV95cUxOS0diTlV1NmprcGJ0akdLTEhyRUJNUFVaekF4c0YyWVNLX190WVVGcC1MSFRUWDBTeFluWjhsS0VqSE9MRkV3SlVHNHpfUzkzUDJkQzFlNHg5Vjg2UG9xVkxoNE91TWJXWjBfVkNwX2c5WDloOGY4SE1RcHlveDc3bkJhSVdVSTNBODNfbGNkOWRTcEpETGRNRFp3?oc=5
2026-07-09 03:00,Forbes,forbes.com,TSMC's Second Quarter Will Test Whether The AI Buildout Has A Ceiling,https://news.google.com/rss/articles/CBMiwAFBVV95cUxQTy1OWW1XT0Ftcm5sWExaLVNxbkpCdV9MSTc1MFhYelVjZTBmNnhjZkNXc0s3UGdHSmJ3LWxQaTlCR3F2S2MtbkZDNkllTUhIUlBfYzl1WEhFZTRDTDZ4bGY2VWVkWU5vVjd4MV9HUlRQN0pMSlJ5RHlkWmhabUNienptbnY1Y3VRaUxCUENUdnV1Q0hnSmV6YUdNR0RSRVozX2lhbWhSZHQ1UTR4VTlUUjdfUU56b2Yxcm12dlpQaHA?oc=5
2026-07-09 03:00,Investor's Business Daily,investors.com,Will Earnings Be The Catalyst To Lift TSM Stock Higher?,https://news.google.com/rss/articles/CBMirAFBVV95cUxNblAycUZNZ1RGRGhzczVyLW5tVjZKcWVScmJncDJQZ2pqYVhqUG5rZ2laTC1vb0hQRHhTTUFXS0p4RU5DcUpjTUNPdWluVVpzeWp4cmVQcGkzY2ViYmtZaFBMeDJ4LUMxcmlibldmZGYxV0s1dGptREx0S2k2X09CdVl5YTJLM1FYRVhONWg4VWdEc3Z2d3RuWEluZkZzS3FQbVBfSHdXaEZuZEZf?oc=5
2026-07-09 03:00,The Motley Fool,fool.com,Prediction: TSMC Stock Is Going to Soar After July 16,https://news.google.com/rss/articles/CBMilwFBVV95cUxNNkFhMTdBRWVWYTZ2OGxBR2RFS3dQSm1mM3pwY3VxS3JEYWlxVFp6SkNDSlNYajlqSVloZEdmRWFsSTV3cFlQeFplcTRfZFhobnF5dHhGYmMzOWY5WHp2Z3RpOXc4S1JNVTl1T3lGWE92aDQyeWtkQnlQYVJIbTZuWE9PWVNrcFZJSmljZC15NnlROUcyZ01J?oc=5
2026-07-09 03:00,Yahoo Finance,finance.yahoo.com,TSMC Q2 Earnings Preview: Why Should You Buy TSM Stock Before July 16?,https://news.google.com/rss/articles/CBMimAFBVV95cUxNbEt1Qk5vM3VPWUo2TVJ1RC1hXzE1ZDByMjlZUUVmMm5Ld0lSdF9ubnNKbFFrNGxoVkYwUU5RRWwzTDA5YWRJUURBQVNxcDZNWDZ3WTF3SDdpei1jakdtZF9mVWdyNEw5eGF3Mk45OHk3QTBGdElMeGptOGJFa24xbDNQSlRHMER0WXZTT01PblYyd01vUHV2MA?oc=5
2026-07-09 03:00,Yahoo Finance,finance.yahoo.com,What Makes TSMC (TSM) a Strong Momentum Stock: Buy Now?,https://news.google.com/rss/articles/CBMimwFBVV95cUxPbjc2ajNZXy01X0ZZTW5iSmUtSmRfeWNFQjQ4TjJxalE3RTNLcUw5R0N6WVFTTGhRXzhWRi1wUzZRMFdCQnZLZ2dWSmJRZ1RYQTItaDhuTGhZaDh6d3lFQkNORXdFdEM4VldvX0ZqTk03RDlnRUprTjQ3NGM0a1Y0YUV3S1puVjVreDFyUF9qcUhRSmdFWjgxejFncw?oc=5
2026-07-10 03:00,Reuters,reuters.com,"Chips, banks and volatility",https://news.google.com/rss/articles/CBMijAFBVV95cUxONGVHcjJKWVBPbDAtdGpCLThTcjAzY1Fpa0VCdG4zTUl5MmJ6MjRrUGllUE5Xa0U0NkFLV2RaSDI5THZJQmk0M1RHRFJHSDh3ak5LNDdpUVF1cmNQRV9sSmU2X0l6ZjQyLVRiX2pqVGxwUWc0d3RWSzR5bWFCTm56U2IzVldVcUdfVlhhaw?oc=5
2026-07-10 03:00,The Motley Fool,fool.com,A Potential New Rival Wants to Undercut TSMC. Here's What Investors Need to Know.,https://news.google.com/rss/articles/CBMivgFBVV95cUxNTzdGZUpNRURPVVBHYzVZQW1XLUEydFphQXBzZjJKUk1HcU1GbWtWZkRlbC0wRExPTGY2aDJtNG55WWxpNEY2aWE1NWJjdXpaY25WLTVjRll1emxZejFYN3NlYnhleXpLRXVZNUxGcXFoYzNSMjV0RXJVajVUUjI2R2Q3ck1MOFVjamJTWWtRQ1NIWldyRUloZkx4cWNudFVhN0xYeE9JeWFURTZLTHB6Y0FFeUFyNDAtUGtIWWxB?oc=5
2026-07-10 03:00,Yahoo Finance,finance.yahoo.com,TSM Price Prediction: The Stock Will End The Year at This Price,https://news.google.com/rss/articles/CBMimwFBVV95cUxON25aN0phYm1ybWRHMFV5TUxUTG1zaEdmR2NjeEludHNwRFRYQnVvQjI0UTBIZzJ5ZVVJZGJ6X0ZieVpCTk85VWNfOWZkTzBPak5rMEZacFlPdktVakZhMzloSmdIQkdQY3ZzdXVTRE95ZS1zUFZxMjNBR1dlZmJpSzFJX0w2V0xXMGFMeG9ROWtrOFllYnFRb0RMcw?oc=5
2026-07-10 03:00,Zacks,zacks.com,Great Tech Stocks to Buy Before Q2 Earnings and Hold: AI Chip Maker TSMC,https://news.google.com/rss/articles/CBMisgFBVV95cUxNLWRsVWxYMWVmMWdaelkwV0JmSFV2N0lsdlRiZzhwOUl0X3NlNEQyOEwzbi1tRnBmeXQ0cC1xZG5LNTR0MVlKMTFVMU5KTm5ReXVLajlQSkJRRnhBcDZMVDczdWU2ZkV1QTdrR1ZLaEkybE9WWmZmNUZZLWxlMi1qcDBSa0ZGX0hoczF5QWRBTHc1NVQ3RlZpcFpHWG1tSDJvZVA5V2cxM254ek9UNTV4UGZn?oc=5
2026-07-11 03:00,Investor's Business Daily,investors.com,"Stock Market Week Ahead: Watching Big Banks, Warsh, TSMC For Signals",https://news.google.com/rss/articles/CBMiqwFBVV95cUxQTkp5MklUbkhfQVVXME5UUVJ4Y2lVRXdPcXE1b1N4Z0VLUjJXOVM0cUFvdmE1S19uOEZGcDEyTUdoTHRDZTF5NFNKMHdwS0xvMFVlNFlmd2FXZEczOVMtck1zTVZ1dmNrNnZtaTJkQW9sQW0tcGIyY3otcF9ZcXktTmVFT0hOVUp1NUt3MGxxWjcwN2s2Rk5MRVZiR19wSDFNTGlwWmtLQ093OEk?oc=5
2026-07-11 03:00,The Motley Fool,fool.com,Prediction: Taiwan Semiconductor's Stock Will Soar on July 17,https://news.google.com/rss/articles/CBMilwFBVV95cUxOTGFmVkd6MFAzR2xaS3lKRE52VTF5Q1lNQldsdVJDSDgwU0FaaWRpeEM5a2ZzRGpTd0Y0clY3TXRNRHVEM01Xc1N2UmdwNml5X1hQczdZYWJFbTFXMUV4bUdDLURLU0lleWpTbl9vYk55ajE3RGszUG04MlZndHhkeGZDcHhOOGpfNTFFdklDZTBWMzUwM1NZ?oc=5
2026-07-11 03:00,Yahoo Finance,finance.yahoo.com,Taiwan Semiconductor Manufacturing (NYSE:TSM) Announces NT$155.6b Q4 Cash Dividend,https://news.google.com/rss/articles/CBMirAFBVV95cUxPbDM1OWVfMW1GYU1rZVFFRUoyZ3NzbDlSWEJDbjg0bkM1WGlyeDNOT2lpZ0VPSDE0MFhFNXNhbm5Pbmt4cHV1Wk5oNjRCNkNQTlppZXBrNmpPVHY5M0cteGpDN21XMW4tdGJ5bFNUdXROcjFqeTJJRnlGenRNczZqX0ExWTVTbmtEemlERzE2SndfeUdmdndxTV82eUttNHUxMUZ3SzA0MTYxTkFs?oc=5
2026-07-12 03:00,The Motley Fool,fool.com,Nvidia Investors Need to Be Paying Attention on July 16,https://news.google.com/rss/articles/CBMimAFBVV95cUxQRENheWtWbWdzazVSSmtHRm5GSGRKc0lIdWxmYjVpTGRySVMxREV3UE1CUHgySElPaEpPSkhleGtQMkJ3YzNqXzdJVGZMWFBKbG9OQ2F6dWxVMGprb0Y1aTUwbDFvT2FWU2NYYmstRlZFRHFnTVpib0NIcWdRQ0xuU1lIYmJSZDg0SG91TGw3UkM3V2lPTkpoUg?oc=5
2026-07-12 03:00,Yahoo Finance,finance.yahoo.com,Ken Griffin Warns Losing TSMC Chips Could Trigger a 'Great Depression:' They're in 'Every High-End Product',https://news.google.com/rss/articles/CBMikAFBVV95cUxPX1RGUlYzNHVJYVQ5UXNZajJlTzFLZGppU29NWnJmaGVxb3U3ZFdPYnRYbWx4R1lkdlJSNVo0bFQ2RkpaVDdnZDI5aUpXQmhSSGVPZFdfczJDbW9pMkdKX1o2M1NSNGlVRTRFVGV1M2Ftb2xzQ29oVnQzcURDcFZiRHlnNzBuclNZbXFaQklfazM?oc=5
2026-07-13 03:00,Barron's,barrons.com,Why TSMC’s Record Revenue Isn’t Reviving the AI Trade,https://news.google.com/rss/articles/CBMilgFBVV95cUxQalhsR0VDYmJZakdaeGJvLW50Z3locEp4dTdBQ2VLRDZKS19XMWxQcTc4Z3czNUd4bWNHYkVpSUFyY29NT2pJX2xndTFxU05FODNlTWhyN2VxQVpKWDh2aWxON1kwZThobEo3V2tOTXlOaUdNLUhIdHZHaEhHX0dLZWlra2VUUXZpM2lXNEYta2F4UEdLalE?oc=5
2026-07-13 03:00,Benzinga,benzinga.com,TSMC Could Swing $150 Billion as Options Market Prices Big Moves for This Week’s Earnings,https://news.google.com/rss/articles/CBMi2wFBVV95cUxPRDRNMnY4bTViTEVFbEFKeUJRQUNUTTd2WmtFakY0TDVtVUlqcVptXzg3QTh4MFRpcUpKMmJ5TGRJckZrcFhSUlZTVFpqTHpnSjN3R0dFT01zQW9BWEhueHNFaEozMHV0UWdmTWpuLWVQLWRZRnN3ck1uSE0weS1VQmVGcnY4eXhUSGRvb2lqdjRwbnRPT25VUDBmOWFlVzFmV04wVy1BdUlaemNyTlpkcWRBbDNpRWRXMmZqT3JiX2lkZTVJT3Awb3FhckRJUkR2cWs0eFZ5RGs4NEU?oc=5
2026-07-13 03:00,Bloomberg,bloomberg.com,TSMC Sales Surge 36% in Fresh Sign of AI Spending Momentum,https://news.google.com/rss/articles/CBMirAFBVV95cUxOQUFMWnQ1VUVhNVhROTlOVDgwNnA2VVgtaElBd1paY0lCT3dybEI0ay1yTmRiNVhFTGFmSGtZOXlacDVjaFg5c1ZKQThUeXgwYmFidjBUOUZFYU9EeXo4dlMtWW1HQ2lQLW84QjRmRlJQZzZuMU5wSDFKU1FJX0VKdWFZYkJxdHJqSkNqX2hFdFYtbnZGcEdNdWZvM3l0STRSQVZBSnUwV3BzN1BJ?oc=5
2026-07-13 03:00,CNBC,cnbc.com,"TSMC, the world's largest contract chipmaker, reports 68% surge in June revenue",https://news.google.com/rss/articles/CBMikwFBVV95cUxOYkpaR2xMRU44OFdXYWtKVkxDbGpiTmlMVFNQelU2RXBwVXlDVWpEdmlva3lidXJ4MmEzUXNQUzNHV2dtNjJjb1BoRHVKeUFSd1Y3dWY3ZDY4RjRqcjA2VkVqWmpneE1yam5DQklBTUE1M29FRDlLOS0zOE9KLThHQUJ6Tm11dk9HUU1sOVdBN3FsLXPSAZgBQVVfeXFMTXNpeUxkaGhJbkhLZG81S1Bpcmxzc3lMQU1Vb0RUeVFUUk9RY1JfMno2VmVNSUVZZTFUWEhtVzhaTlhQaWM3TU9FT0hEMnVXZUY2TGdZLTZRMGh2VUV1R3VaYmxod1VkOWtuQlFkazMyMTJONHVaRFY2Mmw0WV9teFRfTldWY0hVclhjR2hhV0VZSGZEWTE2S1k?oc=5
2026-07-13 03:00,Forbes,forbes.com,What Taiwan Semiconductor’s Earnings Can Say About Its 2026 Outlook | August Edition,https://news.google.com/rss/articles/CBMinAFBVV95cUxONmJpZVh6Z045UFNJb1E5SmNBaHdQSVlqR0RraGtJTElDRmZMY2h6RmdfdUdHZm82dTdseWV3eDhteGFKMll5OE5UMGNtVkVuNU4yTng3RndmZ3djSDFuZlBIOGJhT1RUUHd3dUtmNzJ4TmZOUmtYZWZTY0JxTWk4ZXJjSmFDeHgxbkRfWm5HQkJjOWdvTWxzakR5dVo?oc=5
2026-07-13 03:00,Investing.com,investing.com,TSMC Q2 revenue surges 36% amid robust AI demand,https://news.google.com/rss/articles/CBMipwFBVV95cUxQZHc3a3o1S2huNTV2NlhMR1Rlbkp6ZXRnVkFRanpVMm9qd0ZqdWNEZmFRWWRUZjZyRXZkWHRGMFJxS3RLUXFTTzJWYkdaTVhOaDJCQzRpcV9iU3pzMV9kcEo0U0g4VHVfdzVXM3hEdU9oSGYyOWRwR1hHMlNzdS1xbDJRSGlBRzBKd3BRZ2JuYUFoa2FJYi0tRWZSWXlYUER5eFhaWTlKTQ?oc=5
2026-07-13 03:00,Investing.com,investing.com,"TSMC stock adds two chip packaging plants in southern Taiwan, Reuters reports",https://news.google.com/rss/articles/CBMi1AFBVV95cUxOZEI1VGNyWGFibmlxZVhIajlzeFJJMU90Uy1sTkItOGxCd2lyOEFjaG9pSE92ZmMtZE5ZWGE5Ni1hNlRUOHY4cmVHd3VNd2ozeWlkNE9GYldPRUEwV0RhdnRFVml0ajIwVVNDQU51empWaHRhOGRhVTFRLUV3XzlVRGFKeDhVY2pRdDdZWWxNVnlXYWYyRElxaFVLZEMyQ3VZZEVlX3RDblZuNy1OZ3liQVlROVFSejgyM21aOVZqTy1MYWVZNmhBaWJVY0VtY0VFVmpmaw?oc=5
2026-07-13 03:00,MarketWatch,marketwatch.com,TSMC just reported a record month for revenue ahead of critical earnings report on Thursday,https://news.google.com/rss/articles/CBMizwFBVV95cUxQMG05V2V0SVBxeGxuS1hiWkpqOWZxaS1qemVtdl92V0xZTEtiTjVKMlhVZG54VHVfZlgxZzU0MURQbk1EMnp5LXBjelFac2taQ3dWMkY3Qjc1cW9BSXVHNVNrV1BkZENFQ1ZPZXY3TEJnT0dEU1o2NDhhc3hDLUNxMV84X2JQc1NWLU5hOGVXRldPYjJLZFNsc2VmMGhldlpYS0lmeUYydUVkVmlBSUw2NHFHTUV0U0o3Vm90OXV1OGRKY3pHMmduYlY4T2ZkdkU?oc=5
2026-07-13 03:00,Reuters,reuters.com,TSMC posts record revenue in second quarter on AI demand,https://news.google.com/rss/articles/CBMiZ0FVX3lxTE5sdDd0THYyRUNNampma0tIZVZGQzZQT0pSOFRBSTgzRzh6aEhsbHBzYnZYa2hFbF9PX1FGOVdBUUthemJSaWR4VURJQTBEZUtVRWM2OW56QjB4UXFfNF9LU3ItOHNxcHc?oc=5
2026-07-13 03:00,Reuters,reuters.com,TSMC seen riding AI boom to fifth straight quarter of record profit,https://news.google.com/rss/articles/CBMitwFBVV95cUxPZXNNZTY0OFNsNFNDUVliQ081ZU9neVBvcHVpSS1FQ21uNFlKZ3lKTTN0R1VnQlRITnRlOU5TemY5bERQUExjcFBwVU5yejVyQWJ0ZjU0aW1UdDdiWXdlRjhsUFNpUy1BcC1BRXhtTnRkWXZ1a19xYXU0MDRoUTdFdWtJUHNIcDI2QUVDaW8zQlByaTRmejV1c1c1eFRqMFBZZGRqc05KVDFaRENCME9FTHFQdnRTc0U?oc=5
2026-07-13 03:00,The Motley Fool,fool.com,Should You Buy Taiwan Semiconductor Stock Before the Huge Investor Update?,https://news.google.com/rss/articles/CBMimAFBVV95cUxNQU9WcGNOdE11X3AwZlh0R01rVS1mYmZqUEdiLU56UXFxdWt5emFldG1WSnpSdUh1ek9vVXFUUXVRdjFkc19JbTY4a1pZYVdlVk43Z1FDVDNjUXJsT3VsWV92YU9VLWZJWXFVeWhzcktJLWJZNGtCZjdtRkRITkJMSGZpcDhsUXItMXZHY1QxR1pRdERrX01zRw?oc=5
2026-07-13 03:00,The Motley Fool,fool.com,Taiwan Semiconductor Reports Earnings July 16. Here's What to Watch.,https://news.google.com/rss/articles/CBMimAFBVV95cUxNRDh6UjVVbU9uUklhenpOaXN2Rkc2bGFITUhjNm9namUyT2JJVFFJeEJhUHZ1MmJUeUt1QjdPSTN1NWxJVXRJbG1zRTN0dk1rekJra0c0YWl3R0JtUnpKb3pkZnFlNFFiLVdNLVRoelJUelBFYWV3MzZLcTNPZmM0b2wzSWVncmtTalVMenlNZFJ1RnFZbGd6cQ?oc=5
2026-07-13 03:00,TheStreet,thestreet.com,The whole chip trade is waiting on one report,https://news.google.com/rss/articles/CBMinAFBVV95cUxOOHlyUWVkaHZia29IR2xLVGhjb2N2VXVFVElmRXM3eW9sbXFpVlpTM3pNUGNERklteXlKdVVMYWY4MzRYT0hWMjVOamVTWmZXYVozUnp5Y1R4Zll3cnVXT3VNSkNndmtWM19IRnhIeVpnR0U0R3BxekdQdjFLOWdQVjR2MFhvR1FXY0ZhRlZGUWJPWHVnRXFHUXAzZ3E?oc=5
2026-07-13 03:00,Yahoo Finance,finance.yahoo.com,TSM Stock Dips Premarket As 36% Q2 Sales Surge Fails To Offset Iran-Driven Market Jitters,https://news.google.com/rss/articles/CBMilwFBVV95cUxQSzJBZDFXNDVKbEllZ21hY1pVbkQxRk1haVN1eWY4ekVQTWxMSXROWk4tV081dUFQekhLR0htdXQ3M1IxbFNndjc4cnJJeWNYSnhvOUgtMEVtbTRENDZJVmlPejh3WVdDSjBXdFlzLVpWZUlRd2QtNHhXSzdzVzE4M2RlNWQtRjlKd0dnb203UnJhV01NREdR?oc=5
2026-07-13 03:00,Yahoo Finance,finance.yahoo.com,TSMC Delivers Record Second-Quarter Revenue as AI Chip Demand Accelerates (TSM),https://news.google.com/rss/articles/CBMioAFBVV95cUxQWjlkZ0UyaW53Mm1taU5ncDl5eVlBX1J3cUNURDR0bFNOeWlnZmZ4ekdIMUpFeThCbDhTZ1Btcm9VcF9kNmx0UHFhVGtyajU1R2J5Yldwd25udUVOcEJlVHFZQlcwMDVwQVZhRjFyVHh6R0FybURKNExSM1BXUm9kanNzRkxBeGxsc0xMRWhrOEN1VVB6aDNyRmd1N0Noa2hN?oc=5
2026-07-13 03:00,Yahoo Finance,finance.yahoo.com,TSMC Reports 36% Sales Growth as AI Demand Stays Strong,https://news.google.com/rss/articles/CBMilwFBVV95cUxPUkJLTzA3QkljT2RybThHWUNLRmJuS0ZTS0lxWnp1T2JyYmNZc015bEVvX1ZuMVhGSlMxOUVMYlRWUTdnbmFWRUMxYnhEQTh1a1VJT3hMM2hPaUhlSC1MbkdIUWxiUGJIWXU0c0VTS3hEYXlEckhtX2daWVQ3OXlSQW4yNV9ITjMwX3dDWFJiYzR1XzNqNGlj?oc=5
2026-07-13 03:00,Yahoo Finance,finance.yahoo.com,TSMC Revenue Tops Forecasts on AI Strength,https://news.google.com/rss/articles/CBMimgFBVV95cUxOd3hsczJOU043ZDd4clVKaF9GWTlON28tdURuNjJaVlAzcU5oOFFxZWFieHlTYThGWFhNbkQwSlhTclhFeEEwT0FlM0Z1bFg5aF9WWjdCRlYxRk9wT3NzdDZ2RnNBbE9oS3IzU2QxNWF1LUh1Yld2MmR2dEtQYURsdHpPVi1IYXFhUWRiTlFqTXY2TTVlNG9peEpB?oc=5
2026-07-13 03:00,Yahoo Finance,finance.yahoo.com,"TSMC reports record June revenue, second quarter sales top guidance",https://news.google.com/rss/articles/CBMingFBVV95cUxPdmNIWkF1b25BanFYcVAtbEhTdjhtd0cwM1NLWG5URDhaV1NkTGFDNkZKVi1TTWpYRHNNQ0RrRUdVdFNJV3N3dlY3V2VOcERSZGNuU2E5UlRLTkVCVmpMcGV4SWNvSlp2WWVwT3NBNUlqelZOcmNnS1NKeXZWSVhELXU1eWRtZm1DNzdBYllmclVtOTVUdkRacGNqWHJuUQ?oc=5
2026-07-14 03:00,The Motley Fool,fool.com,Buying TSMC Stock Before July 16 Just Became a No-Brainer Due to This Massive News,https://news.google.com/rss/articles/CBMilwFBVV95cUxOSzRZUnVUaGlTeUtFN2RvSmZjTUt4UWllYkFUNUVSUjJhblBxamNSN1NxNkZPTFdZUFR2cllxbUcwYkc0VlI5N2xKQlhidG54M183dFQ0ZDk1Q09DU1liak1QQl9kVG9vZzZkMUlvUUJRQ2Vpa0RBU0gtOVFrTjNJUmdBdExUajRtY2lhdlZsT2ZHc29sZTdN?oc=5
2026-07-14 03:00,Yahoo Finance,finance.yahoo.com,Wedbush Delivers an Urgent Message for TSMC Stock Investors,https://news.google.com/rss/articles/CBMingFBVV95cUxNc1gtVmVSWDM4UVE3YWtVMWFmbV9JZEtqSzRFdzAxUlNVbGhIeWlhS1pjcUlKeGJndWJkTGNIeGpVeklwamJ2ZU14bTQyQzhkWlFnTGQ3Z2RHdDNGY1hOVVhCUGVxTllWNU1VUVozeGN0VVR4ekl0U0ZCYTdXSTFkU0xhWjBaSW5zOFhJb0pheGNTYzFIT3hpVUZnMXZ5dw?oc=5
2026-07-16 03:00,Barron's,barrons.com,TSMC Stock Falls After Earnings. Taiwan Semi Ramps Up U.S. Investment Amid Intel Threat.,https://news.google.com/rss/articles/CBMidkFVX3lxTE9GTmt4d2xkaWZta21vTENaWXp2akozT0s1VFU0NlNiTm0zajg4VUhkSlJIX19VMEJHa2ZPVS1pbVBHNGg0VzRnUUotaGNvSlRpcFJFNHMxT3pvdjFqbEVaRTlpbnIzSmI2Zjl3RVE5V2ZxT3ZtTUE?oc=5
2026-07-16 03:00,Benzinga,benzinga.com,TSMC Stock Falls Pre-Market Despite Record Q2 Profit - Taiwan Semiconductor (NYSE:TSM),https://news.google.com/rss/articles/CBMizwFBVV95cUxNdW1BbmpDczZWZG9ibXdCTEt4TVltb0l6cmdQR3VpY2RfTS1jRE1TNVNSTWtXakgyQWNwV0FxNTFkZlNVNGFNaDFJZFZkZ2R5ZGFXejlwWFZEaXBOWmczc3RQRzlhWm1DYTV6U2c5NjM1WWdrclVKdnRwOW1aSE10VksweHRQRGF2U2FnWUQ0dGdxdmhlWFVweXJJRFBxSXVPUzR0UWdsMzJ4RTRYZVJCem1aOExXZEgtTEd4cnRWV2VDZ0g5cHlpNHUzU1B6ZTg?oc=5
2026-07-16 03:00,Bloomberg,bloomberg.com,Watch AI Rally Stalls Despite TSMC Earnings Beat | The Pulse 7/16/2026,https://news.google.com/rss/articles/CBMif0FVX3lxTE54RWttWVhUX19JamVuM2FhZzRHak5wUzJRbGJ2aWp5ekZRSnF0d2tWT29LYTFfaGlqLThRTzFfaktoZmN4WTJEcEhNMHNRNC14WVlJbkp6WjU0ejhsazl6VEZGaElVYXdHZnM3RjN0aFpIclpZY3NBcy1RZHFmWlU?oc=5
2026-07-16 03:00,Bloomberg,bloomberg.com,Watch TSMC Earnings Beat Lofty Estimates | Daybreak Europe 7/16/2026,https://news.google.com/rss/articles/CBMihwFBVV95cUxNRktJaEpUVWhUejE3SmNUNEQ2OUc5MzdoSlJGeHVsMFBNSVloSFRVZ0cyUnJNZWdQbVFORllfSnlzQk5ldUc0TWZ3aTF2a2xJTDFuRlJRcmJoU2ktVmlLWjRNNS1FT184aHc4RWQ3SW8tdGVHQm1KTlhCNml3TmpzdkJidHhGRmc?oc=5
2026-07-16 03:00,CNBC,cnbc.com,"Stocks making the biggest moves midday: Manpower, Abbott, UnitedHealth, TSMC & more",https://news.google.com/rss/articles/CBMinAFBVV95cUxPaUJKazRxOGhsbTJBaDB2ZkhVa2k1cDFIdTZtc1hnMWNNbjJRRzFRSmxyNkM1SFRMdVVDSlMyT1hrQW9BN09Qd3BPTXl3LXlmOEZyNmsxaFFETVB0eTVYRGsyNVd2bzlVeUpRcURIQjBBSC04aU1XQlB4TkNDMS1XR0hjeXRfbGpZNzczTG92NUZrYjZ5VktfOUNoeXY?oc=5
2026-07-16 03:00,CNBC,cnbc.com,TSMC to invest additional $100 billion in Arizona after second-quarter profit soars 77%,https://news.google.com/rss/articles/CBMickFVX3lxTE9UME5mV1RnT1B1TjZfcWhybXd1MEhKdndFNDhwU21pd29CakVKdUNRRW1sYldVNmV2Y2EzNTVfWWxrejBXeF9JM21zSWhKaXZUUG9YQ2NZRlFPblVmcm9XNms2dy1JU2otZ3BhRDlfYm5LQdIBd0FVX3lxTE15WHpRU2xvZnBaVFJUZERLTVRsYl8yZUl2RlhKZXIzNHhRVW9Mdk9hRlBta2lvQVNMYVpTb0xxam5iREZEem5XREFqb1pPakpJcGs4MFdUNnBFS0htRDdMd2V0YTRoSGM5UlNDcURzWmRUZW41NEZV?oc=5
2026-07-16 03:00,Investing.com,investing.com,UnitedHealth rallies premarket while chip stocks retreat; TSMC’s record earnings,https://news.google.com/rss/articles/CBMizwFBVV95cUxNeFpaM19LMHdoMXRNUnRvQzdCNTcxTHpHam54bnRPTTdZWHFfWjRoT3IyMGZYLVZiV25JMTg1QlBGdjByMWtKZlN0dmtfNkp4QllyTVNWUzc5UzV0d0pBRndPcklXckM2LWh5TWJ4LUxrSUVodW0zSXMtTE1DTG9aV19reDlpb3pvNHlkWkJuYzZncHRlaG84N1I2SEc5aTFRZXM2cUZIUWM0MVpSU3E0TlRmZEhBaE1GN2FEaTdZN3o0eDVNQmRma3RaMlRKbUE?oc=5
2026-07-16 03:00,Investing.com,investing.com,Why is Taiwan Semiconductor stock sliding today?,https://news.google.com/rss/articles/CBMirgFBVV95cUxQdTdaWXFudjhSMjNpQlYzVEFpWFZtd0FGcHo0SGQ2d2t6eWdsa2puRjd6S0F4OWhOLTRCRXd2YU1vc2I5TTFfZEttYXF5d1NaQURHU2U1Y3YxMmFvUDRhbzMxdFZJUlowLUVnbndpT3lvSjFBUjBVTHRSSzN2ODFxWXBIT19YTnpSR1ZpdEdSWHB0Qm5LZ0FfRDd0TFVDT0JiV1BnWnJMR1hfRm9CVkE?oc=5
2026-07-16 03:00,Investor's Business Daily,investors.com,Taiwan Semiconductor Tops Q2 Targets On Leading-Edge Chip Demand,https://news.google.com/rss/articles/CBMilAFBVV95cUxNXzNFUDhLVlQ5bUVJZ25Rc09NaldVNEU0S0lmZUhvN1pMZzBoNlR2ME1wNkZoaHVvN1dWeDktNGVTUjJENks5Wkc0T2hjT3puSkNIQjBkNmlNZWJZQ1hIc2lGWGNoWHluc0pzd1YwcHVXbTB2SE9SNl8zZ2loTUY4SWlhNHpqV2t0dHBoZk5LU25LTWhD?oc=5
2026-07-16 03:00,Morningstar,morningstar.com,Taiwan Semiconductor Earnings: Lifting Fair Value Estimate After a Beat-and-Raise Quarter,https://news.google.com/rss/articles/CBMivgFBVV95cUxNN1RiUjRfQlFBOXQxaDl1aDJKSWVWZ0JBWUZCQ2RucjJIOEtZZnNEMHBxcVpLc0tRZXlyMEVLQi15a2NzNzk1V19aZ09QRm5MSGtuOXR3OWNjeVctUl9CR0I2U0lUU0taY2R3VWl1RkZBSl82bnVRbjFwcVFHRnpyQzFJYU5HRU5DQnlWWjhwRjBXUDVIaU5iRU9lX1k5dGgwZ1Z0NFNVR0JxRHRrUndxZUVVdXphVXhBT0Y2Y0xR?oc=5
2026-07-16 03:00,Reuters,reuters.com,Morning Bid: Chipped away,https://news.google.com/rss/articles/CBMif0FVX3lxTE1NUEVrV2hJbkFBVDRDd0JlZ1JnSFh3dDBDZlJ5R1QzTzJ2T3hjTGs4NFV3OWsxMUxfeUNpbDJhSXZnRVh0aHpnLVJmUFRxalctckE3a1FlVmFBWml5cXRwd1VsellXbE1CUjItRG1IeUhwNVBqTVNqZklzMlhFeWc?oc=5
2026-07-16 03:00,Reuters,reuters.com,TSMC to invest another $100 billion in US as Q2 profit blows past forecasts,https://news.google.com/rss/articles/CBMirwFBVV95cUxPUk5mYmNUVFNRQ1VkeFE1RHUyQzZEb1YzRncyMVVTR2VSdVZiaFJRM0Q3RWNXZUl6c3JQV2xldkowNmdKUTNzVmZvVGt3NDZjZy1lN0I3S1Y4a2dvT2psbUNvVFhjWW12ckZLREdHeWlweUgzbGJ6UG0za25BRGlpcVlhMkJpRHFkVVFZWWRZeFVIV18xelNBV2x1QWF3aFAyY1NydG1pWmpCWDJNY1ZF?oc=5
2026-07-16 03:00,Seeking Alpha,seekingalpha.com,Nvidia: The TSMC Earnings Release Was A Warning Shot (NASDAQ:NVDA),https://news.google.com/rss/articles/CBMilwFBVV95cUxOVmszaGJSY3NiV2trd012c0dLM3V1bnJLZVljNjdBc1BTRmVvRktiVWw1T1lMU2Y5SEVOVDc5N3RtLV9KR01MVEI4RC1TeTlHTGRHU1BLT09BU0NSYmItaWFkb1Nyal84Z1JnTFc1dmpCTkk3anFWb1dKREpHeFJYbEhZMFc3bmx0NmRybHdiOF9oNnIzN0Nv?oc=5
2026-07-16 03:00,The Motley Fool,fool.com,TSMC Just Announced Fantastic News for Nvidia Shareholders,https://news.google.com/rss/articles/CBMimAFBVV95cUxOSFRqS3VQcEcxaGV4V1FZU2FGRnB5cnVwcFo0dXZxeEZSbFlGcmxRWG84anRsZDBINFBGM3BmTHFSVHBKakJuSGo3ZlQ0R0d6XzNiNWVqZi1kaFBNTVpnUmpjak1lX0tPY3d0aUk3NThwWUdlN1VsdmE1NVduOGRfRzB0MmxBTDU3Q2hlUFlBLXhwTE9nM3lXZg?oc=5
2026-07-16 03:00,The Motley Fool,fool.com,TSMC's Revenue Grew 33% Last Quarter. Here's Why Investors Should Be More Excited About What's Coming Next.,https://news.google.com/rss/articles/CBMi3AFBVV95cUxQclEyS3VqNnpnMXJOSHZwRVoyUWJZM0N3NGptTXFoYS10ZzFReHN1NHVLQjZJZkZTSjVZcDFZTmo2eV9iLU9uM0FCQjQ2YXFoWjJGZ1FZTks5M3l5SEhOZ0oxemV5YTJla0J1MGRlSHFwMU9VUXpyOUxKNHFlRnZXLXdUMmZ6WnF4OTdkYUNIRW16am1KaXY3VEZCSlRva2p6bEVjMThQNG5mYTVhTldUWGVtZ1J6bTZkMWMzLUJHYllyY2VJVHBidWNZZ0t2V1VrZFYxV1ZyV3ctOHRB?oc=5
2026-07-16 03:00,The Motley Fool,fool.com,Taiwan Semiconductor Commits To Investing Another $100 Billion In The United States,https://news.google.com/rss/articles/CBMiwwFBVV95cUxNX2toczlyRVdBTGo1cXVXN3RMckJ1ZThNZi1pNmxxeEkwMHpwOHhSSmk5UGRhYXdWY18tWGR1MUp3ZkVBR1UxY0ZJYWx1b2tPcFJYMDdJblBZLTZQLUVMVWF2eUlqS0RTcEFnWk1hT0lnbENnN2Q3OHNHc1RIV0hIYjFUaFgzZ0lsRUtuOHFZc2QzQnpKeVM0VVJoekVOWmRGTnRMY3ZaWVFuMzBoU3VaQUFobjFEbnJrWnlHMk9EZGp4eGM?oc=5
2026-07-16 03:00,WSJ,wsj.com,Nasdaq Falls Sharply as Chip-Stock Slump Overshadows TSMC Record,https://news.google.com/rss/articles/CBMirAFBVV95cUxPT2pLYXRoUHNOZS0tVkNMV0lhQXExbDA2UjJMQTdGdkk3WVB0SEVLZlhyNTdEZ1hJVlAzTUVRdnh2b01TbzZGQ3NTc2R6SkJBdnpuZlRJcWJIcG5HcFhrZzhDdkFrUlhBT3RwdnJMQ2lYOEp2cG5UWkdKYVRHVGJTVjRrNWtJNWZYazJQeURRMVFpbXVmTWVuVHV6UTZQZHltTkk1LUZIX0FGeENt?oc=5
2026-07-16 03:00,Yahoo Finance,finance.yahoo.com,"Price Prediction: After a Record 77% Profit Jump, Where Does TSMC Stock Go From Here?",https://news.google.com/rss/articles/CBMinwFBVV95cUxNYm5IVV9NVmhOU0xBYUF6eHNmSEhqeWpxajc3WFpXcVhFOW0xYUFNbHBNRGsxak81MFBmNDllb1RQbjQzYzEtdGVjSXM0NTZ2YmgwOUEzOFNOTHozcnNROHE4SndBVjVneGp5SGlVUC1KWXFFeFdFVVZScDlTUmZVanJ6TWNjYUJmaHV3QnY2VE1QNUFta2pIclEtUGNHazg?oc=5
2026-07-16 03:00,Yahoo Finance,finance.yahoo.com,"Strategist Says TSMC's Blowout Q2 Validates AI Demand, Dismisses Valuation Worries Around MU, SNDK And Other Chip Stocks",https://news.google.com/rss/articles/CBMingFBVV95cUxPWmxMdE9NanA3YUc3cTUyVUxyeHZuYTRlYTI0MVhaOFRwaDlZbGhYZWdHcnJlUEVMclJWejdMc3c1ZkhXcHFfT08zMnNFTVNWaUtiLWRpUmZZTWYtN2Y5MmluVF9yNy1HSVltSk91ZS1YekhnT0FoaWpHTmEzX1pYYzVabzR2dUIwdWdYWWN2X1RTQktVMm9ZcERXcVZIQQ?oc=5
2026-07-16 03:00,Yahoo Finance,finance.yahoo.com,TSMC Raised Its 2026 Revenue Guidance: What It Means for AI Chip Demand,https://news.google.com/rss/articles/CBMingFBVV95cUxQTlY1MlF5MFhnam1xc0VfVU14VWxMcTQweWtEQXV1aFJ2YTlLVmhlYlBzRm9ubmZmWmtyRXJUbi1hbEViZ0EtRVhUbVlrcXVxcGFvTDU2X2hKS01TZHFIT0Yzbms5al9JUHc4YkM0ZmlrcGpDV1N2RlA1VkJVMDU2N2xheFNEUkhjQ0d6UVhIa09BRTBYLTRaUFNBUGZ2dw?oc=5
2026-07-16 03:00,Yahoo Finance,finance.yahoo.com,TSMC Stock Falls After Earnings. Why Strong Guidance Wasn't Enough,https://news.google.com/rss/articles/CBMimgFBVV95cUxNMnRtU0xHNk1NZWtYTEFUQ3YtSlhmajM1RU9mX2ZuOTR0ZmYxNlF5MVlaTU8zbGJzb3RXNmJ4NmhtemZaRnp0RDBqYmN4ZG5WVmVpWFNoM0NDWWlQUzg0aUsybFBrQ2dJbEVKNFk3b3dFbHNGbFJRQmJKMkgtdUdZTTRhNDE4emY5WVZVcVZ2eEFFZHowSFE0b0tn?oc=5
2026-07-16 03:00,Yahoo Finance,finance.yahoo.com,TSMC and AI stocks fall despite upbeat earnings. Here’s what’s worrying investors,https://news.google.com/rss/articles/CBMilwFBVV95cUxNNnI5TVNaZTNxR0NVV29kQXBSYnE2aklNRUREaE9jZDh4YkloRzdhWW1SbHR3WUlleHQ1ZW1JSndFdTIyaGRmYkJuVVFnbVpXVmVEZ0ZjRmNydm1NU3VNeUw1MTN6Vm1URHFQeG9nb1ZFR3c1Qm9FT3RNcXo4VnRncE1QWFdGVDlMbHM1MlpxZEZMZVFlcUpN?oc=5
2026-07-16 03:00,Yahoo Finance,finance.yahoo.com,TSMC posts record Q2 profit as AI demand drives higher revenue and investment outlook (TSM),https://news.google.com/rss/articles/CBMilgFBVV95cUxPYzduem01LUVSSzFxOUNfbWhXMzUtV2d0N1BIQWw1Zi1OZ3kyYUFJZjdlc2lLdlZqZnlBTjN1d094SlAwbU5lLUtwSnJkbGMyQXcyT3ZyMU4wa0R6LW5BV0s2eGQ4a2pucW5MTXZCeVhDV1Zwekl1cEdWVUlxdmUwY2FHdlMxRTN5UGFwNy1mcElzMWc3TkE?oc=5
2026-07-16 03:00,Yahoo Finance,finance.yahoo.com,"TSMC raises capex and revenue forecast, highlighting growing AI chip demand",https://news.google.com/rss/articles/CBMiywFBVV95cUxPZEtLT0pUSHFicmNvSlZYRUtLLXJob2xXV2VEZndWcEY3TV8tU3ltX08waTg1RDVpeEQ4S3VsRHhGNzZYQWdCT0lkaENNXzN5d0RLX3R2NVRZWm5fc1htZjE2S24xamZiS0FwNXJpdDdhMURoUUFDUWtEeEp3RUZ6ZV9sbEo5dGpWN3ZMZm13Ym9KOFo2VmZ3cUlsUnlWd3F6YVJDNHc5TC00NWlLS2U3a3ZmNXVpVzJXdjAzYy1GR29JUi1Vd1kxLTBsbw?oc=5
2026-07-16 03:00,Yahoo Finance,finance.yahoo.com,"TSMC scores record profit, eyes on retail sales, earnings - What’s moving markets",https://news.google.com/rss/articles/CBMimwFBVV95cUxPeVdHUGYwNk5FTFdWMmdTNC1Qa0hickoxRmk4eGMwVTdqbWdDMWE0NVNNLUZfX0dVcC1iZEdidDN4SU5nUmQxTkNieklaZFdjcl9fZU12RGNrUC1SX1RHNXlFRnJYeGRVbnhVcmFGeUtGV0k5NWR1R3Z1cWRaU19pMGJiTHE1MHdEUHpiSTBXWkdXMWpDdDFkMXAwTQ?oc=5
2026-07-16 03:00,Yahoo Finance,finance.yahoo.com,Taiwan Semiconductor Manufacturing Co Ltd (TSM) (Q2 2026) Earnings Call Highlights: Strong ...,https://news.google.com/rss/articles/CBMiqgFBVV95cUxQSWhXVmVpSmwtU0pXelV0d2tQMk1sajlpV18wNW1GVEhfV0dUTl9nYXNSa3RlOVhRaWRxTl9vMm80THRZa3JBZ0hNNngwbWQxR25rVUMtSjk4bjZiQ0RLV3BGT3FqWlI1T1dUajBHX29uZnE3bHByQTUyU2Y4MWVVR3RaY2IzVlVvZEt0aWxTVGJ2OGJKYkx0cDFvUDhGempENlBtV3FzSGpjUQ?oc=5
2026-07-16 03:00,Yahoo Finance,finance.yahoo.com,"US markets steady as TSMC delivers record profit and investors await key economic data: Dow Jones, S&P, Nasdaq, Wall Street Futures",https://news.google.com/rss/articles/CBMinAFBVV95cUxPUXpwa3NDUmFrOE5fcXFFaVJaOXZVVzZKNzR1SnU2NmdQQ09nV2R5eDFRajhHUjJoVTVMbmJtLXh3dDZ0NnR2OHJTaGhLazRUcmNreXliVTlqZkYzczJYOFVrMERMdENGdHZEcFV3MXJLZjBZYTVmYUxqNWk1bC1oSFptaGZxR1k4eTVoa3RSY0RQeWs5dzBadVllV3E?oc=5
2026-07-16 03:00,Yahoo Finance,finance.yahoo.com,Why Is TSM Stock Dipping Premarket Despite Strong Q2 Beat And Outlook?,https://news.google.com/rss/articles/CBMinAFBVV95cUxOWmxzWkVMckE0WkE0M3QxVnVfS2Z3TTBoUExlRmpxRm5BQ2k4SDc5aFVOUWZPczJyUUlpRlFSc3BpaE9yQXVCOE1EWGVFVlJwZ0k4RTZFMjZWV0ExbnFjeElxOUYxWFF5bUJmcW1McnV2UTVxN3RXZjBpWjdpMk1TY3N5d1FHd3pzSE5hc2ZMZWFnTnk3LVlnNnVwaUY?oc=5
2026-07-16 03:00,Yahoo Finance,uk.finance.yahoo.com,"Wall Street holds steady as TSMC earnings strengthen AI outlook ahead of key US data: Dow Jones, S&P, Nasdaq, Wall Street",https://news.google.com/rss/articles/CBMihAFBVV95cUxQTXk0ZU55TDZ0elFSQkpaeEY1M3JrN0NQWjRqY3FHQURMdTRUa3VMRl9JZHhzYWNKa2lfNXc4dGZfTERpbXlmYjg4MXc3NGpsd0tMcDRHZzBVNWpFR2ZkUEhCRG5FU25aZUZlZE9sYTMtQno1MndqX3dHaGdhdVo1eElkZ1E?oc=5
2026-07-17 03:00,Bloomberg,bloomberg.com,Chip Stock Selloff Deepens in Asia as TSMC Fails to Impress,https://news.google.com/rss/articles/CBMirwFBVV95cUxNSEpUSTU1ejJ1SVFKdU5YV09uSkMxRzF6TlQwSUdDWFVzTWZHTXF5QTJsWWQzRkFhUlJvMUE5Uzg4LWUzQkhqMkpRN3c3Mnl1Y2M4dDk0NWpHNi1qaXVhdXZhaE4zYmNiUVctNzhTdGM2OHRaRlMtcmRNSEhJNUxpVF95b0N6a0djTzlXaWlodjNDb3VRS3lGWFg3WWdCbk93dUZEZVZzZDhFWlJGX1dN?oc=5
2026-07-17 03:00,Business Insider,businessinsider.com,AI stocks are tanking as a Chinese model breakthrough adds to TSMC earnings woes,https://news.google.com/rss/articles/CBMitgFBVV95cUxPb3Q1U0ppWmNQY1RNRGVVZU03MEJUVnZNTDdKLXNnME1IQ3FyX3Zuc3VGTU80bHplMkVWVzRNcE9nSkhVcmI3THoybUt0Z00ybWUwa3NjY3ZIQ0tQQWlhc1Q2a0xPd3ZSX3BvVXRIRHFwRFNkRVJHVWxqRmRnV19xRHBHcEVCOTZndTYzSVBBZTF2QzNOWnNtWmhUNlg1UGw0TG0xTWFWcEEzZFR0WXVwRkJja2cyZw?oc=5
2026-07-17 03:00,CNBC,cnbc.com,TSMC will likely face pressure but continue to outperform the market: Mizuho Securities,https://news.google.com/rss/articles/CBMisAFBVV95cUxNNGM4a1Y1WjBuczhna19pZHZiOVFyd1VLM01adkFPbWxEZ1RiUHFHRVBkQUtDVFRqQ0xRbzkzV1JvcWJ0VDBucWZFLWh4RjhGOFZmZUFuRlprcTYtWUlTaVNNNEh0dFVYUUY3TzdtRGV1czl2TmVpM2RpbjhScDRnUUFHQmNRVThvWGNFYllicU1pRWl2ZVVDeHBZMzFmZkJhUVd0QjBIV25scXZTT1pQSQ?oc=5
2026-07-17 03:00,TheStreet,thestreet.com,TSMC hikes 2026 guidance as AI demand outpaces capacity,https://news.google.com/rss/articles/CBMigwFBVV95cUxPbjZZQWlJM29pN0ZROVB4Z25JSWdUV0tBczMyLWJsa2MwaF93alBKMzhUaGRTZjZ3UXlCU3RsWkswc1U3ZThrTDNHMll3SWwzQ29VN1NETml3ODVqajItUkhvY2U0dV9DMjFwc0h4RUcyX1U4TUNCblNMUU9hNmhaZnRCVQ?oc=5
2026-07-17 03:00,Yahoo Finance,finance.yahoo.com,All You Need to Know About TSMC (TSM) Rating Upgrade to Strong Buy,https://news.google.com/rss/articles/CBMimAFBVV95cUxNcFc5X3pidGlwY0gtemw1cklTQnA3Vy04cGxRR0JIaXJBVHVFZ2lPT1Y3OUxoeEp5TVhRdURicXl2Qms1blJmZXJrQ2paMWE1ZDNpWWVlR2xRSWZqXzgyejBIaWoxd3BvbWJQcENacHQ1ZTJ0MkJ1X0tkYVQwVDV4bHBLcWRfNnJmM1VEaVlBVVNsYWhjelgyOA?oc=5
2026-07-17 03:00,Yahoo Finance,finance.yahoo.com,Micron vs. TSMC: Which AI Semiconductor Stock Is a Better Buy Now?,https://news.google.com/rss/articles/CBMinAFBVV95cUxOSm9UVFZTdzNXYW1ncmpTZUxCckk0NHdraFp4a3d0b055VU13Z3l6eWI1SjVxWlNXWUNXUnRTTWI4Y09MT0x3b1VveDZZSmJ2WEx0V012N1d1Vk1Ka3REamtIZjJYLWFua28tcmNBUGdtS2h3V3JncDNSNlk4eHVNczl3N1U3UTRtbHZteXNVY29CdU5rVHZ4QUg0aHk?oc=5
2026-07-17 03:00,Yahoo Finance,finance.yahoo.com,"Nvidia, AMD, Mircon, TSMC Shares Sink as China Unveils Powerful New AI Model",https://news.google.com/rss/articles/CBMimAFBVV95cUxOY19faFNaUXNUMnY4X0ZqRFRWQWJmRHQxNnMxa2g4cmNwdHk2cnZlQ3JILWxaNVRqeHpaX3A5dzdJTVoxbGZXZ2hpbTlGM05WWl93MWxGNjJ0WWlPZ05BcktITXF0cjZ5NlgxeFZxVnZSMkZKTm1RYS0yY1BBNEFLYVlaTDR6aFZXUDJxX3Q3WGJSSUNIdlA5dA?oc=5
2026-07-17 03:00,Yahoo Finance,finance.yahoo.com,TSM Stock Falls To Two-Month Low Amid Semiconductor Sell-Off Despite Wave Of Price Target Hikes,https://news.google.com/rss/articles/CBMilAFBVV95cUxOYlBlWGVqVUh3RmwzZVEtODk2MG5VR04wUW1icGgtNEhjdk9IMjBkd2JYbGdRQXJBUlVxdG5kWlEzMDNnOUFYT01uYWtHX2VnUWRBRGlpRGdNSEYzQ2VRY2J2Y2VtcDFycFhWX1pfckVLRjBUZldPdk1UNWRhUEhPa3IxN251aUItUU1Zc0tUeW9xcUtn?oc=5
2026-07-18 03:00,Seeking Alpha,seekingalpha.com,TSMC: The Market Is Punishing The Wrong AI Stock (NYSE:TSM),https://news.google.com/rss/articles/CBMikgFBVV95cUxNcV9VaXRWRDhFbFd6dEt0QllsQTNaaGUtdTRjbmNkamJna1pDZm8zUkliZURSMGludmh5ckVXNWs2V0FzSGVzZkwyWURQMXRkRjhkQnRLSVc4N2x3YXZmOGttRU1yaWg5TWJ1eW1fc0lTNmZBRnQ0a0d6NUV6Y3owcTk1amhVQzdHX1pxYlp3T0NfUQ?oc=5
2026-07-18 03:00,The Motley Fool,fool.com,TSMC: Stock to Avoid or Incredible Buying Opportunity? (NYSE: TSM),https://news.google.com/rss/articles/CBMimAFBVV95cUxOSUlQY19Da2E1SzRUN1VxcVFSSWxDVnZmZUtqSnFVaFBFSDdDVFhHVlFyNmhxZTV5dEw2LXVYSzd3NkM5VjJYY2xtdUhMU3R6ZTNHRGlLeWJSdkFmbUx0V2lpYUppb0ZmaGlDV3pEZmxnUVJZeFFxUkpic2pXdlg2NkZidG83VlVsNWpFdXJzZ3Y5bTdVeXg0eg?oc=5
2026-07-18 03:00,Yahoo Finance,finance.yahoo.com,TSMC Is Pouring $100 Billion More Into Its Arizona Plant to Keep Up With Strong US Customer Demand,https://news.google.com/rss/articles/CBMilAFBVV95cUxNRlB3T0JyR2dkTW80Q09WMlExeDJ4SUgzTlpnZktMWUhJZ0tUMlgyVW5MelBIT1laTDcxVjB0aGtSaFRkNGNXdEpsQk5tZ0tQVGM4YzhrcGZpTFlFRnN0aTRhNS1saG1teHlvWGxCd2U4RWdDQnV1dzRibHhiN0M3OUVTd0NUem0yVmVBZkxLTld5RERH?oc=5
2026-07-19 03:00,CNBC,cnbc.com,"TSMC is accelerating Arizona factory build-out to capitalize on AI 'megatrend,' CFO says",https://news.google.com/rss/articles/CBMigwFBVV95cUxQd2FWclZGano0cHJOODVWcTdPLWpsQ2RXbzIxYkg4ZDFkd2JkOWRVMS1nWVlnR3c1bURNcFdCUE9sZzIyZUtzSU01V1FUdDZIdWRzbWlJVElCRXNWenUtejRIa2I3X1NrcjFMNEVRWTQ0YVBORFluR0hsTGVIWUpWUkpuONIBiAFBVV95cUxNUkJaNENZWmFKeTlhY3cxV254bVd1MWVLZWYxWEplcWZ0RXNKZWxCaXdzbWxVcld2OGdnMTU3WTRjQXNOLUNBNThIRVpWT1p1QWtPR2M4RTVnY0gyVlN5cVlTbVhTbWt0clBVaVRySF9mSUhaZU5mb1AzMm1jRFdWRmtUYTFjYTdX?oc=5
2026-07-19 03:00,Seeking Alpha,seekingalpha.com,TSMC Stock: The AI Supercycle Just Got Stronger (NYSE:TSM),https://news.google.com/rss/articles/CBMiiAFBVV95cUxPcE1rQndoaGVuNFNiTjktTHlSbDVTN2kwMzlFQUtMOEVNTUFMMU5zR3A3a3BGdi11UVNFSmlTY0Rqd0Z5WUJNbmQ3Mjl6dnpXNlVWQk9BeVhpQXYteHVldVhfX19hQjdVRURuRG9Rd2lkd2oxWW9jdmdjODlIM014bDJkUmV4WVo5?oc=5
2026-07-19 03:00,The Motley Fool,fool.com,TSMC vs. ASML: Which Is the Better AI Semiconductor Ecosystem Stock to Buy?,https://news.google.com/rss/articles/CBMilwFBVV95cUxQcTZlcmhMSE5hS1d5Ymx6VDFBaG91QzA0RGNtc0lxRXRKRW9DSm1ETUNCUVFoRnR6UEptbG9wMVFLdFVFWW9idzVpbWM5a3BmR3BWWmlHdHZyOHZxTzJ3TlA4VHZNWHdSVkZPWnFUUE1Mbzl3Vm91bHRpVEVuV3d1LWFrYURTamo4Nnp2emh1MG85clB0TzVv?oc=5
2026-07-19 03:00,Yahoo Finance,finance.yahoo.com,3 Stocks I'm Buying After Taiwan Semiconductor's Stellar Announcement,https://news.google.com/rss/articles/CBMilAFBVV95cUxNWTJQN0FpalRNd2sxR3VjUUg0RDVRdDREdlhhRjRQYWVueGo5TzhDbkF6Y0dWSUdCN1R6N0xsaFVKaDN5aXNXNHNteElMUlB5U0Q1cE1vVmtZTk15Z3hTYkE4MzlXbldnZF9kN3JWY2ppeXpxa3l6bWRsTWh3SlFwejVTVV9Ya01nNVRQOUgwNk9SWXlI?oc=5
2026-07-19 03:00,Yahoo Finance,finance.yahoo.com,"Earnings From Taiwan Semiconductor and ASML Show Soaring Demand, So Why Are AI Stocks Falling? (And Here's What Investors Should Do Next.)",https://news.google.com/rss/articles/CBMipwFBVV95cUxPNmc4WHM2YkVYa1pYbnhWSDJOSHRINGdvV1ZlUllBQ0xDbTVwbWw4OEZySHJzd2VBZTh0Y29XV3pUTHBvZ1dSc0pkYjFzM1Y1SlQ0b185cWNPanhlTjMtV3BmOWpESlNzdHo0dmNaanBlS3ZxSEh4VnNNaFRhZWdhclVubFNXSEtXRS16akZOWi1EN1hZSGdkWmFJUW54THpNV1lfQklQaw?oc=5
2026-07-19 03:00,Yahoo Finance,finance.yahoo.com,Taiwan Semiconductor Manufacturing: Is the Stock a Buy as Revenue Continues to Soar?,https://news.google.com/rss/articles/CBMirgFBVV95cUxQQ094TzZwR0NXclhPbnUzdTdMSjB1RC01VDRsMXNsS3d4WnJTWDlocm9NYXpjSklDVUE3UGRSOWNyS01JUlBIcm5zQlhBeVBXbWtVLTBGVVF0aWlmaVNYajgyWlRocnVjejh2aUE0Q0JXbG91UlVsazdUOUktNzJwRHhyamlGbVcybThyR1d5UkRHcjlvTUpvX19taTBCd2diQ1RQdGIxdERmUkxpMmc?oc=5
2026-07-19 03:00,Yahoo Finance,finance.yahoo.com,Taiwan Semiconductor’s $100 Billion Arizona Expansion Is a Bullish Sign for Investors,https://news.google.com/rss/articles/CBMiqAFBVV95cUxPQ2lMa2luejc2bElMaEFNOTcteHBZUlpqLUtTcThVZlBrM1R6eXd4RFBkQVdPNjJfMHc3cjd1VmxxS1dPOFZpVnBOV1BuclBvaXdjVXMzLVQ1MzZnb2JOUEdzMmU5c3MwTXRfRVhHeW5ZUFpCd3F3UElscU1sY21TZmtEdU53c21mTFI5ZXVxUXBLXzBCWXhRS1RSYlVoS0U2S3JOR0NTdUI?oc=5
2026-07-20 03:00,CNBC,cnbc.com,"TSMC's U.S. investment is about politics, not business: Analyst",https://news.google.com/rss/articles/CBMimAFBVV95cUxPV3NqVDRFdTN3cUkxX2ZCeTlXZ01qMEhIVHpoZkJpS1ZYaG5hdDZZbFZWUm1PaTc3Z05hTTFGMjRRbWhyT0p5WXF6SHBJTGU1SUhqLTVUR0dodnBUQnM5ZGpXQ3o3Vm5lcEF5TzBjemJtUFJOYWRGSFNkS3JhckpSMjFuSGotbHdhbFZRUzF2QnU0Mmh4RmNnUQ?oc=5
2026-07-20 03:00,Investing.com,investing.com,TSMC open to bond issuance as $265 billion Arizona expansion ramps up - Reuters,https://news.google.com/rss/articles/CBMi0AFBVV95cUxPSVVOSjd5bGg0NUJseUJ0RzNITzlQenlrQjg2ampGenZONkowaDFhZm9Ba1BnU3c1RnVRNmpPQmg1N3ZLWnBEb2tYeEFpLU1kaDZIS2dpTnlOSFI1Tnp5S1d4b0FoQjc5d2IyZHBpNWdOUXc2bWNzWkMtZGpSOWU1djQ5X3pienQyYllfUkE1Vl94UjhBRmdqNGZSOFo1cy0xWVlDQy13UDNoSnM2V0dSSlUwWHVGTThKelRjMXlIcmt3OTBxUHJib20xWFdhaFRN?oc=5
2026-07-20 03:00,Reuters,reuters.com,"TSMC sees multi-year demand for AI chips, ramps up Arizona investment",https://news.google.com/rss/articles/CBMiZ0FVX3lxTE4tdUxZN3hwOGhWOEktTE5EUmtzcXZidzhReXhDLTZNZVd1di15MXgxTVUtcjdxMXkteHZKbEk5eW5rNHlxaXhOazduTzJScjlNeVNaT21FQm9CSVBDNFBWbTYxQkRzeWs?oc=5
2026-07-20 03:00,Reuters,reuters.com,Taiwan indicts ex-TSMC employee over alleged theft of trade secrets for intended use in China,https://news.google.com/rss/articles/CBMiyAFBVV95cUxNMHRWazU1OU9HOEhuRnNndU1nMkM4WVZwNlNWNGRybWdNOGM5dy1uUUxpWF9QRVo3akQ4REhCLUtfYmN3bktLZkZ1bGR0XzZhamRDVHBWS3REY0Q4U1pEaF8zUEN0Q3lPWnVkdmlYWUV5cXNGbG9lSFR0TWFfRDVyTUE0N0JQYXBDOEp5M3k5dzRiOHJoZWtNaGwtVGlwZnRrcFJnOV9sNnRWLW1qRktGOXU3bXZmVFFmaU1lZFh0U3RITWdWVkZieg?oc=5
2026-07-20 03:00,Seeking Alpha,seekingalpha.com,"TSMC Beat, The Stock Fell Anyway: Here's What Got Priced In (NYSE:TSM)",https://news.google.com/rss/articles/CBMingFBVV95cUxQN2ZZMnMtQ3lEVXB4dVA0VWota0c4OUo2aE13UERpLWRDZV9TLW51amEwamdmQ0g4WDEtb3p3Q0oxSlNONU1fUi1rdVlvUHE3ZWZUTzFmQWN4X2pBY3RfY0NLcjZTMXJSeEJIeWFnbFlhM2FlbzBFeEMyR1hKOWFLU0pLRHBrNklpMzg0RzdMWkJkU1ZlYlZEY2dfbFF1UQ?oc=5
2026-07-20 03:00,Seeking Alpha,seekingalpha.com,TSMC Stock: Unfolding CapEx Boom (NYSE:TSM),https://news.google.com/rss/articles/CBMidEFVX3lxTE9WYzM1SFZjYTN3dVRHLTdLMm9qNFhfbHA5RXEzc2JpSlBEYk1ZQXlaRTltSTVQTmtnLS1MY3lzYUlSZ3dQcnRzakk2LWlQS3JtQk1idzJRRUdsNTZORWVEVWRsUU9HakJOQ1FtT2hzczNkZ1hW?oc=5
2026-07-20 03:00,The Motley Fool,fool.com,What's Going on With Taiwan Semiconductor Stock?,https://news.google.com/rss/articles/CBMikwFBVV95cUxOX1NVbmZUNUVwMlZ5STVfVEZFZ3gtSk80eXZ2cUQ4anBYc1RPWl9wZWNSTHJXLXN1WXpkUDFIb2NpVFpUYnNUMnhBcjNOUVZidlg5d0VVX0dkZ1ZuVGFMLVkxdlE3RFBFWlBaUE1tdjJWMUx5TUx5WXlUa2RGbzh6QkZ4cDdKX3pkcTJ3U1hidkhyQWs?oc=5
2026-07-20 03:00,Yahoo Finance,finance.yahoo.com,The Zacks Analyst Blog Highlights Micron Technology and Taiwan Semiconductor Manufacturing,https://news.google.com/rss/articles/CBMiowFBVV95cUxPSElJakozTG1CZ0M2bEd5YV82VXFCTkNpYTFvYjlpQ3F5QXAxN3ZySUlRbVN1UkpWaWRSRGxjUVcyZVV3ZHVnTC14U0tXbFZ2OWpTVEM2dXh3cTRtdno1aG1lQkh3TEctN2NDRVBmQktuUFBaWEhXUHB6NmpKZHpGUXQ4UnhfcmxVNTZRREJhNDlSQ3VpZnhEcWw0YTQyR2FHbDlN?oc=5
2026-07-21 03:00,Benzinga,benzinga.com,Why Is Taiwan Semiconductor Stock Soaring Tuesday? - Taiwan Semiconductor (NYSE:TSM),https://news.google.com/rss/articles/CBMizwFBVV95cUxPMDlQTWdBdFBzczNLaXBwOTZsZTZnZktGM0I0NnJ5N01WUjhlNm1tSUN0NmZiMWJFb1ZmSFdzSUgtRW16ZEV4NXpub0JITXNETF9KamZzbzl5cVZNekJ4cS04ZnE5X0FpSmlkbFJ5SmdtdjVyRkFXZVduQ1VLUm5fQ1FYaDduemI0SWo0b1hrcjJpNURYcGtEMGxjZ0pQQW14bkJ5WGFBc3NsT3Z6YlU3d0xXdDVqempzWjc1SHpfLXhDOGxOWXhHWndKQ1VVb2c?oc=5
2026-07-21 03:00,Forbes,forbes.com,5 Semiconductor Stocks To Buy Now And 1 To Ignore | September 2026,https://news.google.com/rss/articles/CBMikwFBVV95cUxNaUxTRWN1SXVqNHFRTjRoOTlJcExTUWtMM3k4Rk9vbDlaUnNTWUwtSldVMGExcmktZWVNOG5HRk8xQWlkQXlQMUstNWlmbDBuRmVXWlczZWV5RTdOSHRmbHVvMVQtX3JkTHJCWGc5by1ZdkRLSnlONEhXMVByTmNVaFhrUmU2cmJtaXJlYUZKRlNlUjA?oc=5
2026-07-21 03:00,Investor's Business Daily,investors.com,"TSMC Plans To Raise Prices, Says Report. Stock Jumps.",https://news.google.com/rss/articles/CBMiigFBVV95cUxQS1hZdUZ4XzdtY09zQ1lCU0oyb1prek8tQ0JDbnFwMVlxZmt4d1FCOHZwT01pS2xaTTk1U1N2NWFrMlNTT1NfVlZZX2Jlc21VVHhhSXVkakRDUUJWSjc4Y04xLUhZeFhiRllkU0gzUE53WW5WR1EwUjhvYS1kVFBlN0dIWmFTMV9femc?oc=5
2026-07-21 03:00,Seeking Alpha,seekingalpha.com,What TSMC's capex surge could mean (TSM:NYSE),https://news.google.com/rss/articles/CBMie0FVX3lxTE1vV3JDZjRqX2dYYXlSbkZCU0hIbkxlMTRHZm9jSWl1Sks3Q3UtZVFVSmRYS0JjTTJOZjFqUGYtWjhXTGpGbTlPNFpmdy12VDBsSWJWR0lVZkU3OE1QcU9wN1R5WVZsZnRKcjNycEdIejk4eW1RVEJVc0FhVQ?oc=5
2026-07-21 03:00,The Motley Fool,fool.com,"This Is My Favorite Artificial Intelligence Stock to Buy Right Now (Hint: Not Nvidia, Broadcom, or Alphabet)",https://news.google.com/rss/articles/CBMilwFBVV95cUxPb19wdEo1bEU0U0s4WC1KT1ZnNFhHMi02WXNfcGFrdU9YV1RMMHozWkpDUDA3cU9OX2NiR09sdllyLV9WTUxYOXRRSkZ5Q0JHcmNQZV9jMFJndEViN0hsUTVwX2FleE1Fc2MwTElkOUliZ2d5N1M0UUxwdjM5Z2ZDNWFVUm9LSmFnSXYxVkhrTVpsdkJYb3VN?oc=5
2026-07-21 03:00,Yahoo Finance,finance.yahoo.com,Is Trending Stock Taiwan Semiconductor Manufacturing Company Ltd. (TSM) a Buy Now?,https://news.google.com/rss/articles/CBMitAFBVV95cUxOX3BXX2pkMEJ3Tk8zUlpwYURFR09OOUNGQS11M3RFODl5TnZ4TG1CeXlqMUU0Nnk4alZzQmZ5YkM5TDluS0d2OVc5TW1TWHRWQzBjUzBhUzBLV2ppa3pCNzhDa1hJQnY1SkYtUHFNdTgyLWtqN0FDVDg4WFotaUJqdWRVM05MMzU4MGRoY1RQUU9MVGRkbzVpRTI1MjhGUXBxdmpuTl85XzRRMXZXZGtUSEVXNlY?oc=5
2026-07-21 03:00,Yahoo Finance,finance.yahoo.com,TSMC’s AI Boom Is Just Getting Started: Why Investors Should Buy the Pullback in TSM Stock Now,https://news.google.com/rss/articles/CBMikwFBVV95cUxOZVVWSHpadHJBdGQyQzlBc0o1dVk3M2ZsaWVPMUhId2JfdUFzMlM3RUc0V1NDcXpmeTFRRXZwRVlyTk1CRjRtUG82NWx4U3B1d0JxbUUzdnQxVHZneHlwdjVWczJPUEV4dDV0TE1JVXFDWkU5c3UwRTZIWDhPclhYYzNTZEV5LU9fOXhtaGxlNGp5RkU?oc=5
2026-07-21 03:00,Yahoo Finance,finance.yahoo.com,Taiwan Semiconductor (TSM) Stock Is Down Nearly 15% This Month Despite Record AI Demand. Here Is Why,https://news.google.com/rss/articles/CBMiogFBVV95cUxOSDZPcmF3QXJBZEZmUWNjSEUtdVFzRDc4XzZvLUJPLVNhSGVjTFpLU0hucG93bE5xb0p1SUpvNjRZaGtOVUdzWjVYNlJwaFkyS2JKclBIV2xZa2tSRzFJa2ZRMmV0MExsY25HS21nYnFqX3otR3JVYmM3cTF0TVR5YmdLMmU2blQtRU1jNGxDXy1iMUQwVENFVThzaDcxVmo4SkE?oc=5
2026-07-21 03:00,Yahoo Finance,finance.yahoo.com,Taiwan Semiconductor Manufacturing Company Limited (TSM) Doubled Since Giverny Capital Asset Management’s Entry,https://news.google.com/rss/articles/CBMitgFBVV95cUxOYUZwUjl4dXpwQ3BUUDhTQjFCOWRySGJ0VWNkTUVZbl9nOHlDaExHa1FvYy1lMUhpUUdfWXlkOVQwZkk2X1FUV1hScHRBTlJ3SGdUZ1hTdTFGeGdnSGdlMFJMLS1pZG85ZUxGLS1oazlhcXBBelAtNEVRYzlaeGlZSDJVZU12VlRaYTRJaVRIeXBUOFpEOW9PeVEwckhQTEJaT3NMRkk3bEw2c05wbXFoaE1jQ1J0Zw?oc=5
2026-07-21 03:00,Yahoo Finance,finance.yahoo.com,Why Is TSM Stock Rising Today? Report Says TSMC Plans To Raise Chipmaking Prices In 2027,https://news.google.com/rss/articles/CBMilgFBVV95cUxPdEg4TldjN2ZRUHZVcjdGaUtsSmxqSXVIdmJKbDlEbXJwelVKblB5emZMVjBFeDlIcnBlbnBtRzFDbGRLZk5MNDkxbEJOMTV4c2lJLW5NZS1oY3d4c0dGb0ZqSU54V1JNYjhENnBITWk3U01xQ3JHU0RvOUNibkViMGRlb3BobExjemROeklyY3dHei1pbnc?oc=5
2026-07-22 03:00,CNBC,cnbc.com,Trump's push for American-made AI chips hits TSMC's margins,https://news.google.com/rss/articles/CBMiggFBVV95cUxNMDJ5dnNSUl9jR2o1dV9ZZ2loYmpULUd2bGJCeFFIYkl3dU1qZlpnVFJ1MGQxNmdZdTB2bTdkRnRHcjQxWUNmVEEtY1NZNl8yUldLc2ZYdU1TWlJGdVB5dzN0U1JsOWI0THBybUpvS0RWcnVHWEdDdy02cFFSS1V3bndn0gGHAUFVX3lxTE5EanA4cVIzWmQ1T0VRN3ExclZ4WU1KS0h6QnVPbWtzQ3UzeEM4cmVqRno2SE9DYVFYRmYyYUtRbjJyc1VBN2puZXA3R1l4dTV2eEZRdVhaOVlUR2Q4MHdMQ2Vhc0dHVEd3X0hzQzZmTjJpVjJvbHAyUGNPUWlTVkVYRm9qV1BXQQ?oc=5
2026-07-22 03:00,Investing.com,investing.com,"TSMC stock analysis: price hike, record profits, and the bull vs. bear case",https://news.google.com/rss/articles/CBMizgFBVV95cUxOUTF1RWc3MFIzYU5lb1NfYzg3MGxQbkUwMkVFVnRKNzNFRlpRbFZFdHhWV0wwdDU0WGlHdkxlQ1k5LVB2QXJXd01BZUFJQlpzaUZzRmJCanFYeFVjY1lWc0p2N1FBYjlPQ2VUbGNXRVdXWWVPbFp4Nk1mc003TnpXVkRObjh3RkRkUV83Wl90YlNWQkEwQlJaYVpnMkxvWndBNEVyZ2RkWC0xSU1BZ3RhdFFkaHRNeFA0azNDN21XcUI1aTRHdUhXaHM0WkI5UQ?oc=5
2026-07-22 03:00,Seeking Alpha,seekingalpha.com,"TSMC Is Up 78%, And Wall Street Still Isn't Buying (NYSE:TSM)",https://news.google.com/rss/articles/CBMinAFBVV95cUxOdFhKbmxEZmZKV1pDUlZtbHktNFJxUUtqY2dzUjJ2Uk9EeXFIQ09xX3dJdHFkbDZ6Rk0wV0FaellybUNqUDR1aHlsbEtwejlFdy1FQ0h5YTF0VWlTdXRxMWw0VzF4M092SWkyVFFiQWQtbC1QMExtN2MzQUMwYkpSclVvdVVFejhJVGo1LWFkcjQzQWxJd0d5SjhXQUg?oc=5
2026-07-22 03:00,Seeking Alpha,seekingalpha.com,TSMC Q2 Earnings Call: What It Means For SMH,https://news.google.com/rss/articles/CBMijAFBVV95cUxPRDdLUS1tM2Q0WHdHM0Q2NHVmT2s3UjNGSXhha3RoR3NRaUVWUUFDcDVwYmhfOUxxajM4RElya2V1eVZEMVhtUDI5NEdpMml5Z0JzUDZwS19DVjR6anZjNVB3WEhEY1BSTXlMSV9qSTRzaTdPc05UMlhkZXdoUWFRbGgxSE9xRXlGZEc5Mw?oc=5
2026-07-22 03:00,Seeking Alpha,seekingalpha.com,TSMC Q2: Compounding AI Spending Concerns Hit Stock Valuation (NYSE:TSM),https://news.google.com/rss/articles/CBMiowFBVV95cUxQVktlSjI3dmMtZXMtMl8tb2pPZzVDdmNqRGthWVZjanFhdDF4Nzd2OUp6dXFZdVZnVExIRTFiNk9Na2lCYkxHWV9lYWNybC1mekZxNGtYZ1pDUWY4aE9WVFNMcGVmYV9jeEN3RnNwQWtpZFUzNnNUZllzcDFKaFl1NjFmaFNUS1BCbS1ZNXhwbFVacEFtQmxmN3lUU04yYjVOc3dN?oc=5
2026-07-22 03:00,The Motley Fool,fool.com,"TSMC Can't Make Chips Fast Enough, and Rivals Are Pouncing",https://news.google.com/rss/articles/CBMimAFBVV95cUxNWXFfc3FZd2ZQNThfZTVVcGFRSWNTLXJtWURtajg2VFlOeEQ3YjBlTGRGeXdyM3daRThwNFpKQk43WktNa2g3cFRsUG14czVYb0pDYUVsTGROb3U3bERZVjRNWlpqdExyYVU4Y3VINmNlUXVDOExRRm1zRjFQd3lKSi1JS2lUNktKaUI5ZEpVRVE1MGt4QTI5VQ?oc=5
2026-07-22 03:00,The Motley Fool,fool.com,Taiwan Semiconductor Manufacturing Just Gave 100 Billion Reasons Why the AI Build-Out Will Last for Several More Years,https://news.google.com/rss/articles/CBMimAFBVV95cUxPUFVhd2V6UzVvSFRndWxvZVdCZm41Zk4yRFYxSENqNFpaNVhfNDlYMl95N2x6QzFmTDJ5RHZJa3VqUllocnBKblVCSERneFE0dTVMRW1uOHFRaTM4UzV6NWZVdTFVTlIzTXpDYWFkOGN4anFub0UzUnVhOVdON19vTFdlVHkxYXRBSk1UYTdpelJXVmR4X1BVeQ?oc=5
2026-07-22 03:00,The Motley Fool,fool.com,Taiwan Semiconductor Manufacturing Just Gave a Warning to Nvidia Investors,https://news.google.com/rss/articles/CBMimAFBVV95cUxNcW1MaktZOWlpbmQtaVd3N3BVUWkzLXdFY3U1MGd4SFNSYjdvQnNkRlMwTnllOEpkYTdoa1RGbVhoVXJoNXJOalNkU3FzckxXejhPRWFxN3lrbGFjdkxIMWpfNGt3SC05UEtjNmlqMXNBbzlFZTFHV0Q4d1hzQXpJeHduODhzSTFYM0ZuTkI4a3FyYUZPTmpQQg?oc=5
2026-07-22 03:00,Yahoo Finance,finance.yahoo.com,TSMC Just Increased Its Investment in America by $100 Billion. Here's What That Means for the AI Semiconductor Stock Trade.,https://news.google.com/rss/articles/CBMipAFBVV95cUxPeTRDdi16eEFjUDItZDJadUZ5U3VaeXltRXRFTXZHS1htd3BqZWVpTmplT01qQk1iOVhsUXVmRWVaNS1rZHJuSHk2QWtfdDJNU1djQ0NEdnZpSzdocVJCNzZ3Y2tzU3dhcVRBYTIyVUpTcHg0cjRBM05XR0hBZmxNMXo4UDNWeXpQQ3d5NE5fX003cWk2cmIxSTFrYXhpcjVtbm5TVQ?oc=5
2026-07-22 03:00,Yahoo Finance,finance.yahoo.com,"TSMC plans chip price increases of up to 10% from 2027, report says (NYSE:TSM)",https://news.google.com/rss/articles/CBMilwFBVV95cUxNcFhidUxXT05pQUc2dm5GVy1EQjFVNm5saUxhWUdzdU9kd1VIY0p5X3ZWSnFoaEdLYUVSRy1RcUpMTGtiQy1FNHgzLVRGdjlEWV9senFtUG15QWQ4cTJSajhwZ3FXbERXcTFLQVhWb0FCNHlIT25NVklTaXhfUGZzQkx0WlVXazAxaWJWX3c1RWZVdi1BZWFn?oc=5
2026-07-22 03:00,Yahoo Finance,finance.yahoo.com,Zacks Investment Ideas feature highlights: Taiwan Semiconductor and ASML,https://news.google.com/rss/articles/CBMiqgFBVV95cUxQZjUxLWlMZWY0NXRGdVQ1Rm5aeWYyWm9yb09pN19nOHVKeGI2Zk9xM0NtckhMdVhteFpaZVNrRUtkU244R0paUGY2UnRTcy1GSW1hRVhHdUxSY3BWbVF1bS1sTTJjdmstS1BwTmRVdDU2Zk9VSERlLXFEdFlyZDlObXNDOHZQZmhSTWxnWHk1Ymo4UFZ6ZzM0UTQ1SGRwOS04YlhvZ0Z4WDVtZw?oc=5
2026-07-23 03:00,The Motley Fool,fool.com,Better-Buy Chip Stock: Taiwan Semiconductor vs. Nvidia,https://news.google.com/rss/articles/CBMimAFBVV95cUxPenZHVnplVkQ1VllBSUxqMFQ5ajgzVDhQb0JLWW1aOFRjTlAtaDJSXzBuNlZDcGhXaW1wdE51WUNoTElLbFNvVzBkRk1leDZCbkI3cm9GSkh6a0RaWnJ0NmlkaDcyVjZFMjRIMTg5Uk81bDljLURQMklqNHRzMkZhQWRHY0I5UzBJU0hZTlZ4Z0YwSzNnTHlUdQ?oc=5
2026-07-23 03:00,The Motley Fool,fool.com,TSMC Just Announced Incredible News for Nvidia and Broadcom Investors,https://news.google.com/rss/articles/CBMijgFBVV95cUxOcE9VR3pmY01OVjZXTjd4SUpPNjJCOTBBMHFoNThYa0kybjNfNTNzb3Y5ZlpZWjB3RU84eDkzak1kb3ZpS2NwRXZrM1B2RWEtQjdwWHhrTHluSExBbzVNdTVoWUVrNnZwclczczlXY1ZaOV9NbS1ZYWY0Ui1DSzNCYXRNV2hxMlJCV05MQ1ln?oc=5
2026-07-23 03:00,The Motley Fool,fool.com,Taiwan Semiconductor Stock: My Final Verdict,https://news.google.com/rss/articles/CBMijwFBVV95cUxQQUNmX1RaN08xR2UzZ2pia1RVTS13NENWR0REdjFpU2dRbmJlZjF5MHpJcnNuaHI2RVlQSVdqN1dnZ3dteGE0Z3FaTE1meC1QOVNUS3o4NUxrWHpXSUxjYnpEVnAyUTJLZzZYOVdiNTlSekY5dHJTZmVuaWY3RThsbFpNWUFIb1BWVURvUk5Fbw?oc=5
2026-07-23 03:00,Zacks,zacks.com,"The Zacks Analyst Blog Highlights NVIDIA, AMD, Micron Technology and Taiwan Semiconductor Manufacturing",https://news.google.com/rss/articles/CBMi2gFBVV95cUxPMDZxLXFiTGpsaWdmRW8wZG1wYkFCQnRyN0FrMlZYSTlGUmlqMW13ZG15eFRQeXQycUNya3JuNUFRcmlEQ19IU1puU19QeExHMzlQUlpOMkNLc2d6S0h5Wnl0cXJOOW5NTG83YUlfZTV1am0tM0FHYzctRGNGZmlueUZhWENYN2lfRGlqQ3lDZXlYOHhxMDJPSkdJcE00VVVLT1dqTVZPVTFLWi04U0xYSmdhdmJmUXd1b2NNd3l3S0taMW5JeFB4cDlGR0xSRFpuZlRHU24zSUViZw?oc=5
2026-07-24 03:00,Seeking Alpha,seekingalpha.com,"TSMC: Robust Margins, Strong Guidance, The Market Is Getting Out Of Hand Here (NYSE:TSM)",https://news.google.com/rss/articles/CBMitgFBVV95cUxNRldNRy1YUHoyc0ZaSVI3cWFhalN0WjNMUi1SczlKc21xR3MxYmtWMFk0WjdsQUlrVFVVZW1MS0JWVjJJaW9DblJNUjUxcXN3VmphckJXOXYxUGxPT3p3eWdWelVfeXBfc3RVSVlDdXlYU2xDNU1hT3ZTZGFlOXlJVXcwMlVrUnF1aEdEMW9WRks0b1BMa2JGbUc2X3VVVjZNM0l6aWlFWHJ0ZnhiRk5jNm93b1pIZw?oc=5
2026-07-25 03:00,Seeking Alpha,seekingalpha.com,"Insider trades: Johnson & Johnson, TSMC among notable names (AA:NYSE)",https://news.google.com/rss/articles/CBMimAFBVV95cUxOalFTcVJqVWFFemNkSEk3aGR1bVpUcXMxVmNoMWtaUVB4R2pKQ0lLLVRMbU5SS0VQTkY1ZHNIWGtoMktodndST0xxVFhQVDdjdWVrUGk1dlF2U2dLNk9CUl81eHI4VkdnMk82d3kzZTdwSUdtOGFsejQ2QVV3Qk10T0h0UGpSOE84TWJQNHpvTHRLdnplY1NpRQ?oc=5
2026-07-25 03:00,Seeking Alpha,seekingalpha.com,TSMC Stock Is A Far Safer Buy Than Fabless Giants (NYSE:TSM),https://news.google.com/rss/articles/CBMijAFBVV95cUxOLWZ4blhkTF8zWWZFdG55WDJLZ2NHYlJzSEFNeUptTzZmQVVRWHRJUHVIV2w3cDBzN3lLSXdvM1BUSTBZVjhUOUs4VGYyOUpqaFhnODkyMVRfZFRqTFgzZXB6akhuN2Z0MGJWejNualB3Zi1aVThNOHQ0NmcwN0VkUmxtOXhMVHI0dzdweg?oc=5
2026-07-25 03:00,Seeking Alpha,seekingalpha.com,TSMC Stock: I Was Wrong (NYSE:TSM),https://news.google.com/rss/articles/CBMiaEFVX3lxTE04V3BzdF82YnRCX1RPck9PNy1sWi1DZlZXOXlieHcyZ3JmT0NpQVFLZFk0eGEzOFozbG81Nm41Q1pTUnZNMVVfU3cxVG9lcEpCbF9PWE84V3hKcnVJdVo0ZGhpVlRvaG4x?oc=5
2026-07-27 03:00,Benzinga,benzinga.com,Ford To Rally Around 22%? Here Are 10 Top Analyst Forecasts For Monday,https://news.google.com/rss/articles/CBMi2wFBVV95cUxNc3FYZG1lOHBPWFNaajUtcWt6SEpEbENCVEcxOTBqajJGYzBUVFVsRVA1Y3U2VmVVcFBuVDN1T1lJaHFzS214Q1BzTEtnZjlNdjdsWTVzeENLaWV1RXIzYUhOeTFkOWZUa2JKdkNlOXM4TDd4LVpEVjl6Yjh5TUJadEctSTRMRlE5Z2RZYjRnS0piZWctcG5kdlE5Yk9jcFdzSGVjM0s0ZXBOM2Vfd0tEU2FuOVo4RnhWVGhoRVhHYUR4NFQ5VVJrYl9RRkpIM0U2T1hRdlV5NFFNMFE?oc=5
2026-07-27 03:00,Seeking Alpha,seekingalpha.com,TSMC Deserves Much More Respect From The Market (NYSE:TSM),https://news.google.com/rss/articles/CBMikgFBVV95cUxOWGJhenBqOUZZdzZpRHVzTGt5NnE0bVgyRVY1Nkstc1BCdWNtZGxGWUVRZ0o3TjNTTm1ib2UybFZ2amF2cmp3MGl6azRnVG1OcTdVa2dQaFY3TVZxSF9EeENuSllrdUkxSGdxWlBuOWh1Qkc3R0NEeUVxUEp5bGJvSkJMM1lYS1hJc2NxVkM2aVlsUQ?oc=5
2026-07-27 03:00,Seeking Alpha,seekingalpha.com,"TSMC: AI Demand Visibility Is Intact, But Margin Dilution Will Weigh On Sentiment (TSM)",https://news.google.com/rss/articles/CBMivAFBVV95cUxQT0N0aEFDZjEzM2ptMjhwTTNXS3pPSXZQaG9peHdMdGlmQTFtQmlhdnpyRHkwaVgzYms5eFhOWWdHZl96dmN4NVh2NXZNQ3BJaHBDbS1kS1NoZjZUbkVGUzBZMXVUSlhfanN5UzlOUWNsV2h5c3pfYmttVzAzNUhVamlPMHBrQkIwYVNiWGlOSHpraFkwbHF6TFRocWdhWmFRbjBzcXd0RmlNVnRWNU11LW9DcGFDNjl2YW16MA?oc=5
2026-07-27 03:00,The Motley Fool,fool.com,Taiwan Semiconductor's Latest Move Shows It's a Screaming Buy,https://news.google.com/rss/articles/CBMimAFBVV95cUxNeVRlbHM3NWdYY285OExlbEU3TG9iYXZ0Qm5tbEJ5ZC00U3FvZkl3QVdpMU54ZU91ZjRDTUlMbU1lUTItU0xFVUVGUi0yNEhoMlNsY1RLWHN1cWg0dks4SDZYTko1am5zNnloZmpOSFpjY2RlWm5UVlVLMm5RSHQwVV9GOEdqWEcwSzg2UFlDUmg4emVpZXlILQ?oc=5
2026-07-27 03:00,Yahoo Finance,finance.yahoo.com,Beijing Just Aimed at Taiwan Semiconductor Manufacturing Company (NYSE:TSM). Here’s Why the Bull Case Still Wins,https://news.google.com/rss/articles/CBMipwFBVV95cUxQaFpXakRKdFV2WDBKcEczOHhqMVJwSVpUeDRJTWZRS3pSS2VQNWZsNVhCa0lCODF5LTlocHFzQ3dRcnZTZ2taa2tIZ1VKZ2YwQm9hVnd6RUNfMXVmV0R3QUJnek5CMnRBWjh4NFF3VXNYZXdydUdzUG94c0JFeUhSek9kS1BkNDlBb3NRT2liOUNaczVWNXZNcE5wbE9uLTZsTlVzMEtsQQ?oc=5
2026-07-27 03:00,Yahoo Finance,finance.yahoo.com,"TSMC Raises 2026 CapEx Budget to Capture Long-Term AI, HPC Demand",https://news.google.com/rss/articles/CBMimAFBVV95cUxNY0JlcmlHOVVkMkJIWmlzc1BjN0EzRGlpb19rRllMcG9RUDJ1SXotUzdkdUJCX2dYdGRwLTgwTm1uSGdvUEY5eS1ndGRMWUJSMkhQbFhfYUtjNWJOcmYwOFgxdEtVVlVpUG1GQzZ3blNWZzFwd2JDXzd0eV9tWmxGT2tudzg5TW5NV3hFYWRxSXNKYWstNk92MA?oc=5
2026-07-28 03:00,Fortune,fortune.com,"TSMC and Tencent break into the top 100 of the Fortune Global 500 list, as Asia rides the AI boom",https://news.google.com/rss/articles/CBMinwFBVV95cUxQbi1LOEZOTHFPbU9QSXp2cllYM09BRDVUZWNXYjQ3SFZmNkJUVGMtVmRzX3lZNkFwaVB2QTBBSE5qTGdNVFBFX3puQ1Y0azdtVEdIOW43THNlWURxNFJjSnFYdTZMQmJnN1RXZUZlMFRRZG1VTzROMTVNVm5aeDZYUElLZ3FBV3N4aEhwRmUyblNlZ0NXMjNuc1F1QzNobVU?oc=5
2026-07-28 03:00,Seeking Alpha,seekingalpha.com,Intel Vs. TSMC: How CoWoS Packaging Constraints Create Opportunity For Intel Foundry,https://news.google.com/rss/articles/CBMiwAFBVV95cUxQb2RYNWNyVE1UWEdDald4bk5nb1d3aGJhWnpaNktJU21jZXYtbHVZTGE5T2dDNFZwZkNEZDhHaE1EcktsWHIzdHZVNWhSSG5NRFNtZ00wQVdqRTNZUHVwY3BBNWhCNXBLdFozQXl0VW5EV3RxanZLSlI3WkdpR2pQN25Kdno0RUpTY0JNakFMcnA0UVlIaUF1cEFLeUIzdjVvc0RoR0RLQ05VZlZrSGhGYlRiTEh2RVN3cUlyandRdUo?oc=5
2026-07-28 03:00,Yahoo Finance,finance.yahoo.com,Taiwan Semiconductor Manufacturing (NYSE:TSM) Stock Faces Fresh Questions Over China Tools And AI Spending,https://news.google.com/rss/articles/CBMirAFBVV95cUxNajFUc2tLWTZiY0FnYXEwVXZ3blpiYkxLRWxrNmlqNXR2cmpmMUVrRlkyVFdMaW13bWRXT01yWFhNdUVXNjFkd0plT2NhWV9LeU56V2NESGtQMHRsdWlLNHlQSlR2LW9fNTNDN3dkQVBxVXlDWFNCV2xNMFYxajZJUGtEZWg3b01NVUVUZ3dJRHhkc0JqeV9sSHYwYVRSNTJFdUt3Z3FtSnZyNzJD?oc=5
2026-07-29 03:00,Benzinga,benzinga.com,"Cathie Wood Keeps Buying the Dip on SpaceX, Adds $20 Million of TSMC as Chip Stocks Slide - Taiwan Semico",https://news.google.com/rss/articles/CBMizAFBVV95cUxPVWhPcjlyRUxCQlV6RGZFSmlYOHVhTkp1WG9rOG9RLTJ1ZUE4ZnJNcnpzaUJIdlg1UHJLeWptYXEwaHluM2hPYVp3elpXdHU3X29WZUJPLTR1RzVsT1ppRlVzRXdtYzF1cFRkb3JnWXl6UjI1cE9xbGtoc3dMdXVMRlVHOFY0ek9lTXQyZUJ2Ry03dGxPZHZIbFZnRjdwaGgzcEFUMWZQdm9UVUxUNXJlaUVlX1lCTGh2cGxLT3FtdVVLVkhSa3BkUHBOQ08?oc=5
2026-07-29 03:00,The Motley Fool,fool.com,"Which Company Will Win the Race to $3 Trillion -- Amazon, Broadcom, or Taiwan Semiconductor?",https://news.google.com/rss/articles/CBMimAFBVV95cUxQN09kbHRZMGFSalIzVTVLUFNnRXdERDhrTkNySVRoZ2phbkJGTll0RVBRajIxRS04Ul9yT1YtNER6N0Z3Wl9KNkc1aTVvWmN6bEQya3RYNHFBMVk0RFhvNC1PZHdzZkZmZnFndURqeWY5V2JMNEROYjdnb0NmY05VcXd3Wjh5U05JdGowUzJoWGo0LUpMb2dpcg?oc=5
2026-07-29 03:00,Yahoo Finance,finance.yahoo.com,TSMC Stock Drops 4.1% as $2 Trillion AI Rout Spreads,https://news.google.com/rss/articles/CBMijgFBVV95cUxPRFpjWjdvOGZCbWFPbFZOUW5hRC1FTU9RSHRmZVRBSTZBaWloM0U0bHdKWlVmdTdid1VES3BobzVmYVhOWFpDeXo4ckhtZTZzdmlXay1xcVhoN2RSd2VuWGFqTzJtY0NWV2x3dWg1VDlKS0xmdlRoYkN2ZnJKMlV1Q3UtYm5kcnlTa2M4bV9B?oc=5
2026-07-30 03:00,Yahoo Finance,finance.yahoo.com,TSMC Stock Jumps 7% as Microsoft Revives AI-Chip Trade,https://news.google.com/rss/articles/CBMilwFBVV95cUxPTkZDTHVRTEgzenFJaEsxWjR1VTV2Y3d3ZVRoV2tKRkJwcEJIdUtnWk41OUF5S3VlWmFMYUZVZGJ1SUJYYnNjWkU3RjhIWXNUVVZDR29FWjhxU1BsQnMwOUg5eFNOUlh3M3VJeUc2U05QencyYmxfaFpBUi1rOUNlRHRUaVRNMDc1aFFjZ09RdVRGWTNiQldV?oc=5
2026-07-30 03:00,Yahoo Finance,finance.yahoo.com,TSMC is moving in on Intel’s turf; Why Intel is up anyway,https://news.google.com/rss/articles/CBMilgFBVV95cUxNcHpNcHlqbkFveTZlVTZ1VVdTdTVjemh1bVo5UURMSFpObXhCdzlqV000Y1FUTTBjcUNfV2ItNW03c2VxTE4zMklydDg4V2JIZm56WlhYZGV5YUlNOUVzdFJ6YUwyT0xlWXlTWkhHQl82Q1hQbHhYckNfVE5CTnVEWXZ4MnBESWNVMVQwSEdxSW5IRS1aYlE?oc=5
2026-07-30 03:00,Yahoo Finance,finance.yahoo.com,TSMC's next AI chip move sends Intel stock soaring,https://news.google.com/rss/articles/CBMikAFBVV95cUxPZWl6WHpzVEZuNjdjLVBmYUZwVkh6M2pqZjNZcGlmclNJTXpBc2VKM000VVBDZTNIUEdqaEhqYWpVT3BjZThyVERfazE3SHM0NU9Xa0E0MnpEMjE1Z3BJUXVXZElyV3RGYU5oRXFtOXBsVzFhLWlTVXotaUg4T2dUMm1OQjMxbEJHY1o3THFlTXA?oc=5
2026-07-30 03:00,Yahoo Finance,finance.yahoo.com,Taiwan Semiconductor Is Copying One of Intel’s Best Ideas — Here’s Why Investors Should Pay Attention,https://news.google.com/rss/articles/CBMioAFBVV95cUxQemhMSS1sWjNNNWN5OFE1RlJtdWlxS1FZRWp6QTVtdWJUZEQxbUxfa0hJZTdnYzMyUGVNTjNSUUVmZlBrUkFVV0VVdmE4VkJEaDdMQWplR0lxblJ2SklUXy1EejZ5UjFJZ1dhTU1kcTRscUlDdUhOdVdabm9temw4UEFqY2VkUFc1czY1R3dDMlFZT2E5Vi1rOC15emg0MGdO?oc=5
2026-07-30 03:00,Zacks,zacks.com,ASML vs. TSM: Which AI Chip Stock Is the Better Buy Now?,https://news.google.com/rss/articles/CBMimgFBVV95cUxOVFE4SUJQVFZ5ak0xSGt0TTdodVl4RDNNdG5nM2FsQk1CUTM5Y1RCcEloMmk4c1A0MGtrWWk5YnZyT040bEllUi1ZT3QwQ2I1MXNIRU9VY050VDNmT0tBcE9VVEtfZFMxQUFxS1VRUk9nbTgwT2lHQVFXOXhNVzVhV1dQOWZJRGhJbHNYN3l5bGJCUE5wTFl2MUZR?oc=5
2026-07-31 03:00,Benzinga,benzinga.com,TSMC Is Reportedly Developing Advanced Chip Packaging Tech to Challenge Intel's Dominance,https://news.google.com/rss/articles/CBMi2AFBVV95cUxPMHJkTEQ3aXZ1ajg4Ri1iYTZidmFnZlpsZFp5ckJ4S0FOUFN6MFFJM0NqcFhYd09DajNlN1oyNnd5QnNLbTdwT3UyT1pEbHRCV3Z3WVBiVV9maXBVU19zZ1BqYjlrckhXemR2Yl94N3R0N2NOalJOaU81Vng2WmZVNXM4ZFZBY1NpUEkxSlJMaWNfeDJFQk1IdDlFT3FRNXZhTEZVVjVqZkYyeV84ZWRzUTNpSTFyNjBUMEpFVVJPYU9vMHpsbkZEb25MT1FPUzFRbVN6OWI3dTA?oc=5
2026-07-31 03:00,Yahoo Finance,finance.yahoo.com,Taiwan Semiconductor Manufacturing (NYSE:TSM) Stock Looks Reasonable Despite Its 335% Run,https://news.google.com/rss/articles/CBMirAFBVV95cUxNdXlOU25CLUxKaTlvbTI1NklKcGlYR3BwaE9PWmVrVVhoajRIeHJ1YkZyU2h2bklHRkFBdkFBSVlxeHp1LXJBbjdJUV9GOHNiUzVRS2hIeFlkVFFvVG1EMUp1dHB6YlljLXdZenh3Yy1KTkZqRE5pcmpyVjM3dG5nbmVhVUVtZktTVWF4VWtqdDB4bm0zZG1sZTgyTjd1T1h5SGpRc1lORW1wTWNh?oc=5
2026-08-02 03:00,The Motley Fool,fool.com,ASML vs. TSMC: Which Semiconductor Supply Chain Stock Is the Better AI Play?,https://news.google.com/rss/articles/CBMimAFBVV95cUxQRWtadUVrVV85SmRReXRNdXBlbDZ2YWFnN0Y3STVLSTdhOHhVUkttSGFfcU9JZDNDeVQ2R1VxR3NGaTQ5Wngxc2dYeFl6bWRRMlJWVHVPUkVadVI3S3ZkRW9RczNUMFUxS2loS2RPcF9LYXQxcFJKamNoUUdpZEg5ZUU0dGg1ZXhoek9qbEdqZUlrY3hnUjUtdQ?oc=5
2026-08-02 03:00,The Motley Fool,fool.com,"Got $1,000? Taiwan Semiconductor Manufacturing's $100 Billion Arizona Investment Makes It a Must-Own Stock",https://news.google.com/rss/articles/CBMimAFBVV95cUxNNTktS2NWcWo2c1FmYWI4Y0JnTDJWSm5sX01kbWliRENycU9hNXFBWlVYRzhqRGlPQVFYQWVKaEdTWWU4Nm0yU09HU2JHeklka0k4aVhkT1FnZFNnVFB4bGZVdjZIN1R1YzhxNkJwdHMyNlFNQmpNOVBXdENTaGU1aml6ckRrOGthMWU5ei1nVE80ODlTTWREYw?oc=5
2026-08-03 03:00,The Motley Fool,fool.com,Semiconductor Stocks Are Down 22%. Here's the 1 Chip Stock I'd Buy Right Now.,https://news.google.com/rss/articles/CBMiiwFBVV95cUxQV0VleTNpNEQ5dkJiLTFVUFNSazdvRjdfRERzUGVKYzNaamN4cUhnSDA5azJ1dzhYSkhrbld4OFNoM25ndmJ5WWpHQ2pqelBwdjRBcVJKVm01M3VZU0Z5Q2RGb1R4MVlBa19CZjlUNTVvMHI5Q3A0SmxXc0NKX0xTTFVTMjR2Zk4xVzVr?oc=5
2026-08-03 03:00,The Motley Fool,fool.com,Taiwan Semiconductor Just Reclaimed a $2 Trillion Market Cap. It Still Trades at About 20 Times Forward Earnings.,https://news.google.com/rss/articles/CBMimAFBVV95cUxQOHhBMm82akxQR3o3c2tPYTBjc3hjVWxFQmI4OWs5aVlMNE1wU0hsa1BsaXhycFRzWFJPS1VPYURId2dydTJJU3dMUGVPSGkwVXpZbGwxd0k0RS1wMnBRSkpCYkctOTRwQ3hGWUhSVWFVOUFKb000dkdnYjRmNTF5QWxqcURNWkxVNzhTazNGRG5IaXYxdkFNMQ?oc=5
2026-08-03 03:00,Yahoo Finance,finance.yahoo.com,Buying Intel Over TSMC Isn’t as Crazy as It Might Seem,https://news.google.com/rss/articles/CBMilgFBVV95cUxQaFVyS01oTlltTlR3TTMtSzV0SDRBQjk1SXNmQ0J4d1l0S0R2RTVMTEhCVjhzbDRMNlkxODVrcVVMeXVLYmNZak12MFJGWWVrQ0QzRGQ5aGxRMWxDa3JJS2oxeUM5emVOd3N3X2hmUFduM2VJdURYekc2WDc3ajFCeEhxLVdaWWhsWnVhZFlrWEpMRVBpLUE?oc=5
2026-08-03 03:00,Yahoo Finance,finance.yahoo.com,Taiwan Semiconductor Manufacturing Company Limited (TSM): An Unmatched Technological Lead in Semiconductors,https://news.google.com/rss/articles/CBMitgFBVV95cUxQZXhqOEswVlhINWo3NzI0UHV2SUZKS3FLMVFLVjJfaVNUSnREcXJTZ2lodmJhdGktUnF6MzVteEJEWHAzYTc0SmlMSElpcWZwbGhVTGxYc0hSMDh2QWVLZUt6NU1QMkRyVGNwdWstR3RwWGpKb2phNmNRUkw3VVpIVkRJSGhxbDNfR3pjUUhjb3BiS0tvRVZtY3hHd3VkTTNrX0MzN1UxZXRPQi03NHFXUUhheDNNQQ?oc=5
2026-08-04 03:00,Seeking Alpha,seekingalpha.com,TSMC set to ramp up 3nm wafer starts months ahead of schedule: Wedbush,https://news.google.com/rss/articles/CBMiqwFBVV95cUxPakhSWWY3RDFtVlUzUV82QWx4ZXp5dXdmbFpIRTdkVkQxQ0VLZm1oZklpbnBLVGQzWFpKOUZuYUJYaEZtb2xtZURYSEl1S2hxQXNJYW9SWkN4aDFNZHBwNnBielVDcExOd0lSWTZCaG1GSlVxNzl5ZzZvVWw2LVlMQVNfYUllUjFNRWE0MDVkV2ZVZU1TV0txalBlUnRaZEtMbmJmQXZmSlgxTW8?oc=5
2026-08-04 03:00,The Motley Fool,fool.com,3 Stocks to Buy as AI Infrastructure Continues to Surge,https://news.google.com/rss/articles/CBMilwFBVV95cUxPT242SzVEdXJjX2h2U25lSS0xbzBVY1p3NllBcGhQQnc2bUJsRzNLSUk2VmJrb3QzTlR5V2hId0VtcDd4YU1JRXgzV1kzOHRpbnhzOWRad2JGUWFUSGpCeUdQSmhvRmpoLWNMN3NsMUk4V1lLaS1ObDNNMU9VdWRpLXlRZ2N4X1dNcEdVekFfYjNYQzljbFRz?oc=5
2026-08-04 03:00,The Motley Fool,fool.com,"Stanley Druckenmiller Holds Taiwan Semiconductor After Its Q2 Beat, Betting Chip Demand From Nvidia and AMD Keeps Growing",https://news.google.com/rss/articles/CBMiigFBVV95cUxNcEM2MU1UdmdPTkMwenNRWG01YWp4c3VheEtySUtsS3ZCd1JoZWlBcWdjMFdGRzJNX0wwaVRKX2Y2QTNodk02RzQzaXB0UlZyVlhkcHJsek9rS2ZFcnJWMDZMOW0xRVBQNlY2RTQxOTR1U0VnR2hRR1dCSGJOWHZqZTREb0E3MEVaN1E?oc=5
2026-08-05 03:00,Benzinga,benzinga.com,What Is Going on with Taiwan Semiconductor Stock on Wednesday? - Taiwan Semiconductor (NYSE:TSM),https://news.google.com/rss/articles/CBMitAFBVV95cUxPWE96NjBTUUdSUG1QNXJ5VW5UMVFHWGozR3VhbjYxZV9rV2lHR01YMFE1N3VSd0cxb2pmN1J4MUZBM1ZfQ1h3NmNEUEI2cVhMcmpmbmczSHByVkZpOE1HZlF3ejlHbGZoR2ZFWWNZMDA2RC1KVFhaUHNhRWZjUXJXVTFvejk2Um02RV8zZWRISVFLNnpDWUFSUlB4TzBFQk4tTlY1NFpBbV9xdkVFaHpnX19Fcm8?oc=5
2026-08-05 03:00,The Motley Fool,fool.com,Should Investors Buy Micron Stock Instead of Taiwan Semiconductor Stock?,https://news.google.com/rss/articles/CBMimAFBVV95cUxPbkUybUdkRzlIMS1udVh6SFM4RkpXcjA2eUxKYkhRdmRTaVpzUGpyUGgzS0FrLTBtZ0hQclBXblRXUVBkUmRVa3pZVzc2WDhJN2IwX3B6MlFiMU52dnZvSTY5R0dyckNfVmo2RE52T1lVSF9raEVqLTRBU0RlREdiTmU3UU9LQnpIcG9pWEJpb2x0X2EyaWZ1Ug?oc=5
2026-08-05 03:00,Yahoo Finance,finance.yahoo.com,Sony's TSMC Sensor Venture Could Reshape Its Imaging Growth Story,https://news.google.com/rss/articles/CBMinAFBVV95cUxOYkZrTVZkTU9IZWlmd0JBQ00teEVPeW5YeUg0VUJoOVhLYTlGSGtwTGlmakN1Y3o2SWUzLTlNdWdpSjRLamNCamROQmF3dWNZclY4Zlc2RWdtNFB3OXFmVEdRcW9FVlh4a0JPa2ZWQ2JMMTlqd2ZseXRCQjNQcTFDZ1lEcWw4TnNPNkpjN0dDZmhZQ2tpMFNGaVVIejE?oc=5
2026-08-05 03:00,Yahoo Finance,finance.yahoo.com,"Taiwan Semiconductor Manufacturing (TSM) Eyes Faster 3 Nanometer Output, Is The Stock Expensive?",https://news.google.com/rss/articles/CBMirAFBVV95cUxNUDdIdlNyTHZmSmFRM2VIaVE5dmJDa0VQelh4aTR5QTNHUGlBVU5WbjV0UkpsbHY3UHdqMWJsR3p4V2NaRGtIWkY1ZWRsRkFPWkt4RHJMX1NJV2tBdXQyUXplejBIRmpOZ0F2dDBhZzRlZ01kXzAtVUhUSmpYamdRQ3RoanZLZVM4VTlMTFllSGsyRUNaeWpPRUVXUXcxMS1nOU1RalZDZlpfRzN5?oc=5
2026-08-06 03:00,Yahoo Finance,finance.yahoo.com,How Will Intel Really Be Able to Beat TSMC in The Next Year?,https://news.google.com/rss/articles/CBMikgFBVV95cUxNS1FXWHdxczVPbVVzUzJCU3o1UVhHOEl6MGxHaGs5T3R2ZlFqRlBjTkJrZmhFelhpYl85U0RyTWViQ0tXUTE2QVVOUDVBcnNEUEFOYmF3N25fME5mNnR0T3NRcFYyek9JUGFmU3ptSm51elJ6M0lhQnB5akZIamdzUC1NYktIczBjWlFndS1FWDVWQQ?oc=5
2026-08-06 03:00,Yahoo Finance,finance.yahoo.com,Taiwan Semiconductor Manufacturing Company (TSM) Raised Its 2026 Outlook as AI Demand Accelerated,https://news.google.com/rss/articles/CBMimAFBVV95cUxORlZSQ0FjdUVzV2IyNm02THBFSURfQ3BWcTE1VlJFUjliMVIwaGxXUXN4YVpTSGpWcTJBNGxVTXU0SDRJWDN3MnVKeU1aODJGQWVia0MzcDhnQzJiV3ZlVGQyeG54M050Z20tazBvMDI2YlZvYkYxYUxYM0k1Uk5sa3gwZXB1MUNIaHlJeWJjS1NCR3RrbVh1ag?oc=5
2026-08-07 03:00,The Motley Fool,fool.com,Forget Taiwan Semiconductor: 2 AI Semiconductor Equipment Stocks to Buy and Hold Instead,https://news.google.com/rss/articles/CBMiiwFBVV95cUxQR1ZFX3lnUDB5b2FSdWwza3VyUHU2dE1vSW11LS0yMEZGLXJXd1RIVG1WSndSV01BckM5U3RXOHVmRFNOU1FXcFZMaGhKWml4MnM3ZGlZUVk3YzZ5Rk8wcjV5NDJRSXNLdkd1V3g1Z21QaFoxd04zYzNTQlIwcUFFb3F3dzc1c2R6NVBN?oc=5
2026-08-07 03:00,Yahoo Finance,finance.yahoo.com,Could Taiwan Semiconductor Manufacturing (TSM) Be the Most Critical Bottleneck in the AI Chip Boom?,https://news.google.com/rss/articles/CBMirAFBVV95cUxPOVhlUjBiQWZIUk9zTWlvcXRZUHA1R3NSeEMzSlROUkZxV3FzWXRUZVBSeVprOC12VVVWY3hySjNKQ3ZzNldzaWxrVzR0MlNZVW9LcU9Mb0RxUlE4NFpmVDZMSUdlV1ZuYy0yZTI2TXhLODVXWTU3bEpFMGdQdzh4a25uYzQ5SjlLeUpXOE84S3pfYmxPVkRxSmhHOWI0Vmg0MUpyTTNFMWFPckI2?oc=5
2026-08-09 03:00,Bloomberg,bloomberg.com,TSMC Sales Rise 45% as Demand for AI Hardware Stays Strong,https://news.google.com/rss/articles/CBMisgFBVV95cUxPYVNOYWwxVXNFbmZiMW51OV82OTM2TkVTeE5jSF80TF8wQm9MQ2RkOU5OdGJtU1pyZXZKUUhFdEs3MU9oNktjRXZaQlJwM3BxOGgxakFoQ25wel9GYnFtZUxYUXJrdUkxR2Zjazh3NDFpMmdSRmQwZUlaSDRzQ1o1VjlxUlgwSWpvZ0wycHQ5T1NMbEgxbnVyR1E2MzNVR0lXdU85ZVJRdmstY2Z4c3VKSC1n?oc=5
2026-08-09 03:00,Investing.com,investing.com,"Sony, TSMC plan $6.3 billion JV to make image sensors in Japan, Nikkei reports",https://news.google.com/rss/articles/CBMizAFBVV95cUxOM1RjcjkzSEczdEVjQXlKX3U0VE9EZWdpRWFCSGdWeFJpN1FaVW45TUFWRC05aUVRZU1VcGNUWnRkY3JDcWFLczd5VWo0cXJOQVVTYUtGbm92SkVWMEItaG1HMTlMN2JRdHZEbWkxNHdNb3ZHVkpjd0EtWHF1ZGo5TF9ORVduV2RPUVhrQWdqb2kweW5iZFdWdkNSVmwyclREdnl3cTVmcGRHUEs1OFU3VlRVTTBGaWRPbm5xbXpxZ2VFczZwVUxaY2ZpSmk?oc=5
2026-08-09 03:00,The Motley Fool,fool.com,"A $10,000 Investment in Taiwan Semiconductor Today Will Be Worth This Much by 2028",https://news.google.com/rss/articles/CBMilgFBVV95cUxPcmJ2Q3VxaWhJb29Ua1g5ei01YUNVc1FINFVkQ0lPbThITUpqQmQ4WndMT3hneVo2bkViSTZKeXVmVEtzUlBGb2tVYkIxblBqdDFOQ2JNZk1MTFotWHpNbnE4SndjWFhKbXhDWHlSRlJRQ1k1bjR5SndCZkhMeVBXMEJVZS1Dem5lTGJrcDdqTHVidTFIVlE?oc=5
2026-08-09 03:00,The Motley Fool,fool.com,Cathie Wood's Ark Piled Into Nvidia and Taiwan Semiconductor After Meta's Earnings Miss. Here's What It Signals for Artificial Intelligence (AI) Stocks.,https://news.google.com/rss/articles/CBMimAFBVV95cUxPb0d5bGJQOS1EY1FQUjMzcDRnZEVod1NwS2dJRUhraElXbTY3aXQ5Zk5uOXRJWDd2NUxIaEprejl5a2VjWTF0VS1BNlZQWnRUTnF6OG9mQl95YjgwMUtfNmRiNlpiWXRmOHctVXZ6NEI3WERiNkdwWVFJZjRRYjRVdk5aeWlTeElvR3dVeWtVX2l0ckRmVG9kNg?oc=5
2026-08-09 03:00,Yahoo Finance,sg.finance.yahoo.com,"Sony, TSMC to invest US$6.4 bil in joint chip plant in Japan - Bloomberg",https://news.google.com/rss/articles/CBMiekFVX3lxTE9xS0NmeVkxZjY1Y1R5N0xVMXkwSS1yVjBENm45eFVFM2lWVklFb3F0UWs3VHBMVnVyN19INkZ1MEZvTjRYVE1tdHJUaGtvTlJuU0JhNXNITDFCRS02d29ybHB1REtvTFNwQkFCT2hydURtbm41c045b0h3?oc=5
2026-08-10 03:00,Barron's,barrons.com,What TSMC’s Surging Sales Growth Means for Apple and Nvidia Stocks,https://news.google.com/rss/articles/CBMidkFVX3lxTE83VG5kRXR4ZUlDaWcwSU9ERjFXUkY2WHc0SVVkcHlNdHlxdVRvZG5OMXllbGdrd3U1eUgtNUZ4aVJYZnJjR1RlaXRlY0lTakx1S1ZwVlhVbVJhSDF0czNoQWtjVTc3dWhZSkZIX2I1aWhSYTZPYXc?oc=5
2026-08-10 03:00,Benzinga,benzinga.com,"Nvidia Built the AI Brain, Now TSMC Wants to Give It Eyes",https://news.google.com/rss/articles/CBMirwFBVV95cUxPdHlHTWp0V18yR1p1YzBzSG5VZGcxSHVMQXZWT3ZrRnUzckdvbDFEX3VqbUdlTHFPMXM3WEJQWm9RSmpxV3lqVkZXcmp3ZmhNVFBZTkhCdEtJc0dYcVB1WDhOZ1plTFBTUXVua0ZmNGs5X1BEaUwxbGJPUXhLQWdPSEkzaWo3YTNPeTltTVFHRVN4UzdMb1lfTndJcDdtYkFzSkVKUEFiOWQ5NzRPaURN?oc=5
2026-08-10 03:00,Benzinga,benzinga.com,"TSMC Pumps $64B Into Expansion; Intel Raises $15B to Do It - Taiwan Semiconductor (NYSE:TSM), Intel (NASD",https://news.google.com/rss/articles/CBMivwFBVV95cUxPMGJUR3lRSEVoaEh3RHJ6Z2hFeHBiTDByWFJJYWxwc2xzVVZ1Snh5WTBXei0ydHFsNUZVSmQ4d183ZF9LSFRZZnZvajNFcl9xSm5qSjhqYmlORmFtNGhjSFJaOHpYNDRkNUx1c0x0SzdVS3gteHU3ejQ1Q05DMER6X1dKeWtCU1dSQ2xSeS1IYmQwUUxJanNLbHMybXV1MXNobHFGdHBsNEVxdDN3dGNsWkdNbzIxQmZpR01zM3h2UQ?oc=5
2026-08-10 03:00,Bloomberg,bloomberg.com,"Sony, TSMC to Invest $6.4 Billion in Japanese Sensor Plant",https://news.google.com/rss/articles/CBMisAFBVV95cUxPby0tUU9EZVdvVG1PWGtES1BFcWpON1ZYcFU4OUxVNUtwU1RwTEZ4b2dwSEl1TzBMb1gwN1c2VnYxTnduRkl6QkNYTmNTTU9SbFIxdzFDTkE2ZWFPQS1CVFMzcWo3bHV2eW5NUEZJeW1OWWRxc293VVZrUU9lLV9ZR2FDWmN0SXp4cko2eVFETV9GMks4ZkJjdDkzVHpSdnFyN1g1R0hWMUZZcEdtMF94WA?oc=5
2026-08-10 03:00,CNBC,cnbc.com,World's biggest chipmaker TSMC's sales surge 45% amid buoyant AI demand,https://news.google.com/rss/articles/CBMifEFVX3lxTE9oWGx0TFRvc0JiTHhDMHpIZ25ZM0c3QURGMGIwdEl5UWgtRUtIdFd3UW5taUFGNnFMQ2E2ZG12eVE2cGdYNWh4NF9YaDVBWDNDWTVwM1ltUjJKMUUwZXc0U0Q2TU9iVkh5SEF2QnBDZmlleHptdzJHdzRvTmvSAYIBQVVfeXFMT2dPYmpkcHVyekVEY2V1c09ZbWxWekFkMFpFUk5nN213VDNXWWpTQVphRmZIbFpjZEFId1RfSDQzdjBCdFF1MzhWdlZWZ0tiRWlhYm15dUkwRTBobERlWVNaSHRoSHU1SF8yWXdYeFpiWnBTanhwNjdORE8tNzhJc2VKZw?oc=5
2026-08-10 03:00,Investing.com,investing.com,Why is Taiwan Semiconductor Manufacturing stock gaining today?,https://news.google.com/rss/articles/CBMiwAFBVV95cUxNZUtfUUN6M2pQVE4yUGRxSEJDUVpBQThvVlpaZ2lCVVNaeXlCNVZTaVlZQWU1VUVFNTVleVhYbUpsU0VaOThPMWZCRXpFR1ZkY001MlBVOTJ3X0NKYmpwY2ZteFVodWlyRWtWZmtKMTBzUXNFeDlPRTFPaDlaYUpIa2tNakRYd2Vqa21BM29PRktFeTFSd2NXdU5ma3lEWE5KZldySlM0RlFfbk55bUZ0emxjVVZ6UTN1ZFJtbkRjYlc?oc=5
2026-08-10 03:00,Investor's Business Daily,investors.com,TSMC Sales Jump 45% On Strong AI Chip Demand But Investors Shrug,https://news.google.com/rss/articles/CBMihAFBVV95cUxQY3JmcGV5TFM3cnlkclEyb0FvZ0tjbjlISy1mX2tpYXFNZ3ZRb2NjXzN0ZEg2LXBrMHRhVUJqeFM1NG90QjJncGFOeV91MjJPRzZneDlyVFpHOVZjWENhTUtvUUxISG1OSlRuZ19JN3VuN0ZuNUo1aHpNN3ItajZSZ1pYdk0?oc=5
2026-08-10 03:00,Seeking Alpha,seekingalpha.com,TSMC monthly sales jump 45% as AI chip demand stays strong (TSM:NYSE),https://news.google.com/rss/articles/CBMimwFBVV95cUxNVWhZSWFQcnVoX0tBY1pyV3RWUXVFcjBYWTBNWlJqSWp2UFJfNVZSZ29zR3JGNVc5R1lsS0Jpdi1OTk1rMVBXRnFjYmRzU2lraVZMd1lrcGdyNkhEUms2ZzRTOWJrRG9OWTlUQkhaeVluMTZ0R2NkamJueU1YRmlOYm9SdWhYZkxEaWpUbEJlZWRCRHlLaVZmbmN1bw?oc=5
2026-08-10 03:00,Seeking Alpha,seekingalpha.com,Which Stocks Will Go Up With The AI Boom? Part I: The Semiconductor Winners (TSM),https://news.google.com/rss/articles/CBMitAFBVV95cUxNcnU1VG9tN2NSSWU0WXN0Q21NMklvMkk2c1lOY2JYdjJVRTZQT056THN1WVg3cWY5a2UxVmtYX1BrRTRGR0tmWmo5THltTWRuZS02eWI1dEd4T2dJQTh6VGpZTEcyeC1MM2F6c0p5dVFXWFVGenloN2M5ZS02LXVMbUo5SDVOYzgtVzhLeXJ4T2dqZVg5b2FsRGNCVkRHUmpwUnlGaThUdUl6WV9Fa2J1Mk90d2g?oc=5
2026-08-10 03:00,The Motley Fool,fool.com,Prediction: Micron and Taiwan Semiconductor Manufacturing Stocks Will Both Rebound to Fresh Highs Before 2026 Ends,https://news.google.com/rss/articles/CBMilwFBVV95cUxQb3l2VTRfdmRrOHV2SDBPbXNtVFcyYU1jNjBwOHpVVVZnem14V3R4MXRqUWpNX2JpMjRBRGJPZjJBNERBY1dfdENmZ01hYnVFZkVidi1FUVBYOGIwbXpKdWQxTWtTVFlpX2hXZ2lPSV9FaVZ6dVJ1dFJJUHJCYWc4MDd3OW8wSU1wRUNQYy1YWG9WOHkwQjFJ?oc=5
2026-08-10 03:00,The Motley Fool,fool.com,TSMC vs. ASML: Which Is the Better Semiconductor Equipment Stock to Own for the Next 10 Years?,https://news.google.com/rss/articles/CBMimAFBVV95cUxPczJrQ3RfLUZ2dkZsVXJrelphT244VGhUSzRuWF9IRzhBV1VQc3VyQTFaYUg2b1FnX0pfaW9jY0htWk1wM29IY09iSFN0SF9iT010TTRPVmEwMm53aHJRdDV1eUxnS2xIeU42eVVoQVNOdHdvN2lBbGhiNUJyZ2NWR1dUSlFTN1Nja1ExbldUT2hWQ3otQ05odg?oc=5
2026-08-10 03:00,Yahoo Finance,finance.yahoo.com,Applied Materials (AMAT) Gets A Demand Lift From 44.7% AI Chip Growth,https://news.google.com/rss/articles/CBMinwFBVV95cUxNRjVGaFRZU3V0WUFYNkR1ZW9kaTFodDBuc2hzUGdrY1ZTdHB5dzNlSGItNWJKU2xzNDhJQmE4bTEyQzBjNmdFLWo0VjVCeHFMa1hJaVV5UzNDanA3ZVZQV3Y3TjBSNEw4TDJqZ3cxNXFMQllDVFQwQUViQUZUS2tLUlhzTlh4Nzh1QU5DOU5wVDJhWERxWFZoaS1hdDl6alE?oc=5
2026-08-10 03:00,Yahoo Finance,finance.yahoo.com,Chip equipment stocks rise after Taiwan Semiconductor revenue surges 45%,https://news.google.com/rss/articles/CBMi0AFBVV95cUxOUUZOcWlydkFlVENyNnNiaTdkUW5jdlpIcnoxaUltMUpzbi1qeE4ycFpYeUxLbDBmMHY0cm1BbmF2bERWZURYSjg1eDI2S1hINXVmd2lQa24zdmc1dlYwV1k1TEhCTEd3X0xHVWJUdFA1NnVyUXZXT29XUjVmZlU4NFRQZEdmbDhYRTVrVTA0aTd6elFWSy03ZFkzSWZOUjZvLURMX1lISHlIb2p2cTZvY1FCejEzN3lvWDdja25rMFpnTEVFR01hYlhmV2dYZUpv?oc=5
2026-08-10 03:00,Yahoo Finance,finance.yahoo.com,"Sony (SONY), TSMC (TSM) Bet $6.3B On Next-Gen Sensors",https://news.google.com/rss/articles/CBMiiwFBVV95cUxPMV9pbjNNRFAwY0V4aGN6OHVXWUxoTTJ3eWZ4aFlwS1JFbnpOY29jbDhJX0tqdTczMUo0Q0tEeHgxd1dVNW4ySlFqUzJSVzRRRzR6Mlk0NG85dnR4cTVxMXhKMUQ1bklWNnJsVEpfV0FrWE5uUVpLczFlNFdnanI1ZkxUTGNZb2VDODM4?oc=5
2026-08-10 03:00,Yahoo Finance,finance.yahoo.com,Sony and TSMC Plan a $6.3 Billion Chip Bet,https://news.google.com/rss/articles/CBMihgFBVV95cUxPWURlSHdZOE9pWjBBVm5sZU0wUFpnM2Jla3loRE1uY0c0RUtwRmRfNllyX0FRMkF1VmI4SGhLZWZGaWtHdUMxc29uc1pKRHhSdEEtLXhvUktaNUJmOTdVb0FYOXpvZ29wY3lQZUtJcEdldERYZ2lxRVM5UDRfSG9aRFVNRFU0dw?oc=5
2026-08-10 03:00,Yahoo Finance,finance.yahoo.com,Sony and TSMC to Spend $6.3 Billion on Next-Generation Sensors,https://news.google.com/rss/articles/CBMihwFBVV95cUxNWkdCbV96NTZFVzk2RGlBdV9WV0VGbVRmVEt6dmJaNDMzdE1NQy1vNmVSaElGNGp2bE9CX3pBUEZNQm1CeGxOYU1JNDJlYTlETU1NanRCcHZlVmZpU2plb2dpaW5sOWxLQUtMcUl3SG1uaXVTNzY3TnRBc281REllT1lmOWoxOEE?oc=5
2026-08-10 03:00,Yahoo Finance,finance.yahoo.com,TSMC July 2026 revenue jumps 44.7% on AI chip demand,https://news.google.com/rss/articles/CBMilwFBVV95cUxQNERIT3l1NFZKS21WdGRVTjBPbU9jSlZ1dWg1N2FFS0h5NlY1eFdidHlSTC1MOFNNRlF1X1U1SjVLdjBlcThIY3FzeTNycFVyOF9FdFQ4eUc5bUtnR0s0VDBVUUVwX2pZa2hpa1NCVjJXUHdQcXY0dC1GVXo0N1gzWlpiYTBVUDBhektkNWRqRjI5Slkzc1JV?oc=5
2026-08-10 03:00,Yahoo Finance,finance.yahoo.com,TSMC Stock Holds Flat Despite 44.7% July Sales Surge,https://news.google.com/rss/articles/CBMimgFBVV95cUxQcFBuQnNacDNyUjBwNjlqVUFYbWl3SUVlLXBXLWw1RVhUdmVRMTFBSC1mQ3c4d1pISTRtNTVRUlBEWl9yalVTdGk2ekRHVDNGcXdoZEs0Y2RtV0FSQU1uN0xBWlpLYmozM0t4WEJSY3BTN1RqSkNYSmk5U01kd0tPZEYwNm1JOVVVaUd6REpyVVh0WnRHUmhFdTBB?oc=5
2026-08-10 03:00,Yahoo Finance,finance.yahoo.com,Taiwan Semiconductor Manufacturing (TSM) Shares Gain Attention After Ark Adds To Position,https://news.google.com/rss/articles/CBMirwFBVV95cUxONEZqZm01eUtuMFlzUXc3Uk1zelhjQjVvOENNOU9SczFiaEZ2aEJNSzlpUWc4LTg5N0hNcDRWd0RGUE5ZeTBPRXNINEpaTk9fWmppVlZlUm0yWG5lY3A4MlhBYTN5blZhMVBaS0FEZ2NpYzBxaWd6VVZXZmFvaFRUNGxqTjhJLWwzUU9EMDNPN0hWU3dDM1ZENzI1S282ZjZHbmRZeWtxdHVHTFExLWRr?oc=5
2026-08-10 03:00,Yahoo Finance,finance.yahoo.com,Taiwan Semiconductor’s Blockbuster Run Rolls On: July Revenue Surges 45%,https://news.google.com/rss/articles/CBMiqwFBVV95cUxQaXhMalJNeWEyY013aHFrYkVveTUyb2p4TGVaZ1BUc1N3MWVRWDRLZW5JMDF4OGVod19FRk5fMlNYUXJXN3RLTmgtcS1NRkhwSUk2OEo5dER6UGMxaWptVkY0UnV3eUpTZFBBY2UxUjdlU3U5WmZkMGhFYlZkMm14MDRZcXc2SUE2X0Z3TGR0dURMRVA0YXVMVmk2djhfbXZBOGFMaWhJd1ZBS0k?oc=5
2026-08-10 03:00,Yahoo Finance,finance.yahoo.com,Why Is TSM Stock Rising Premarket?,https://news.google.com/rss/articles/CBMimwFBVV95cUxPWkxyVHhTX1dMVnFDOEtEYkVaYzZab3dyUnBaRzNZSGR6LVd6c2NhdTdXMzZTTXlGc3dpTXFlZ1piWVJZQU45RlBHWTZjRENoNWo2Y1E3dkFySUhQdGEzUXhNR04yYjh6cU9BVUJOQnlicHo0alhfd2lCYzRhZTFYenBINUtKOXhpb2JacHFPelZWVzJra0ZET2tONA?oc=5
2026-08-10 03:00,Yahoo Finance,finance.yahoo.com,Why Taiwan Semiconductor (TSM) Could Be a Top AI Infrastructure Winner,https://news.google.com/rss/articles/CBMinwFBVV95cUxOYU1acEhQZnNmMHg3V2xUUHVJVUEwLUpnTHpna0xRRmRnWGtUX2xQQWxvUUVkdFZPVnhEalhuZW1XNDdTdjVBbFMxVkItd2pUM18wVXZ4bXZuYWN0UE1fSmhsZS1qSjRxTU03TXB2YjBRQjZrb2ZJa2hkbkxsRVM5UmZPdVJuc2JnajVNR05YQmhBdzR2TmZWYTFOR0VxUTg?oc=5
2026-08-11 03:00,CNBC,cnbc.com,TSMC's AI growth story will need need to 'prove its returns' in 2028-2029: Analyst,https://news.google.com/rss/articles/CBMiqgFBVV95cUxPeWQweFNub1kyblJGdzU0b1FTRHUwOHo3NW5Xc0Y3V1BqLWRMYzl5UXYwV21NUHpudlRBeW91M2NWN2Z2aW9VLUtfNU5YRnBmMXU3aHNzNzNLV0owMnA0WjRRY1B6SGFYemZMTEJIZWJkaDNSc3d5OG0yclNRYXU4d05rS1Bsd0RqQUphN2pTdHJNcVpsYVBHV2hCN0V3Y2FTRmpZVHJpcEs3QQ?oc=5
2026-08-11 03:00,Investing.com,investing.com,Bernstein raises Taiwan Semi stock price target on CPU growth,https://news.google.com/rss/articles/CBMivgFBVV95cUxPMzJmbGZfQjJvem01ZktYcXU0WmJHd3BaaEdaLWxQUG5SMVpFZ3Vuek5yOEtIWjFKd0hhLW1pdnBQa0tsZGh2ZndZN0NvcGJoREJ3X0xsRjhJOFlvWm5OVkszWE5NWUMzRmsyM2cwUGlNUDMtejVDVEdtb3lYMURicl9mNlVuVUQ1VWh5R0pMUVBNRG0zVi1PNGRBS0JYLXRWRTVKV01JOEdyamJUcnZuYlZ6ekpSckx5NkZ5MkV3?oc=5
2026-08-11 03:00,Investing.com,investing.com,TSMC outlook: how NVIDIA’s $500B AI financing deal reshapes semiconductor demand,https://news.google.com/rss/articles/CBMi1gFBVV95cUxQZ2RCNVRqd0c0WUpXMC0ydjVoMjJDcG9EMDFOSDhwY0gyMVBkV212MTJtay1fdDU1TmZJcUpTdGs4Q0RwR3MyeW4wbkY3aW9rNC1VT19jdUNfT2dHR0V1VFVzOC1vWk5FT2Zjd2xnczVjdjVsbllBYmt2OWxhVWlSaEVHaG11bzVmUkZTVVo2d29NcWdWR3E5M2J1YlFjYW91bHNFWGI0U1BuaXBKUUpfemVEMVE3eFY5VHBSeTc4QU90TW9zZlJzc0hqTVZOWE5UazNlTnFB?oc=5
2026-08-11 03:00,The Motley Fool,fool.com,2 Unstoppable Artificial Intelligence (AI) Stocks That Will Join Amazon in the $3 Trillion Club by 2027,https://news.google.com/rss/articles/CBMikgFBVV95cUxQaTBuSHp6dEpsMUU4WXg1eHRBRzR3VkN4WVUwRmZicXE5Y1Ryd084ckx6MkhXVWtvT3pEdjFqek1rVF9PWXdjVS0yNklGdmJ1X2xKTHQzT0V3VVBQd1lydzRzVDJqUmIyQ1E1ZlloWGI4OVBMZjNlS0lQZWF3LU1kTnRpV0NiNi1WQjA3SDV4M21kQQ?oc=5
2026-08-11 03:00,Yahoo Finance,finance.yahoo.com,"ASML Holding (ENXTAM:ASML) Gains On TSMC Demand Signal, Is The Stock Now Too Expensive?",https://news.google.com/rss/articles/CBMimwFBVV95cUxNSVphMXN5VHl4cDNBNmdTZHJQOVY5eEpSWmRCdWlPeS1zZVdHR2RzS0lZQjdPSDN3RDUwYmtDb1JsT0lfZ0FFVTlvZ0ZRekstU0NaWWdNMlNWa1RQeVdDbS1ZVnRWTXVJNV9WUGhrSm04N3FOLVRKUDdsZnBTNFlSa3BEYllPa3cxY0JFemJoNGFNRVU0SWZKc3otRQ?oc=5
2026-08-11 03:00,Yahoo Finance,finance.yahoo.com,ASML Stock Jumps 4.1% as TSMC Revenue Reignites Tool Demand,https://news.google.com/rss/articles/CBMijgFBVV95cUxPUkdNMllxTnl1WFA3alpDT2Q4NUxiLUhZblBBdGtvTmdoUXk5dGlsekY0Nk04VF9Fb0hKLS1fZjdTelhpS0pWNGJNVnJuM3NVTGlNRjY4M0dsQ2RwUmVFdUVhNHBfS0o5N0REdWctYVJhX2dGUjVpOEx5cF9KTzBvUV92bExXX2hUbWJIaUR3?oc=5
2026-08-11 03:00,Yahoo Finance,finance.yahoo.com,Microsoft New AI Chip Could Be a Big Win for Marvell and TSMC,https://news.google.com/rss/articles/CBMilgFBVV95cUxOc3lJQ2hRVnVjYkFKZGRFcmZIenNsM1FwVWI5ZGM2ZVNXSThHWlIzNHFaTjdsaTVpSXN3MWZlMTdnLWJ5U3d0dl9GYk91cVp2UzlISi1vc3FpWVRaZ1ZJTlR6bk1GMy03ekZCWWg4d0VHYXlIWW16OVRLME1neFphXzRhcjRnYlZIam11QWZlclRnS1F0YXc?oc=5
2026-08-11 03:00,Yahoo Finance,finance.yahoo.com,Sony and TSMC Finalize a $4.7 Billion Chip Venture,https://news.google.com/rss/articles/CBMiiwFBVV95cUxOYjlPSHpPc2FwMGgwOW5QeHNWYnJDenptSld1ZmI0N2NPX1o5WmxGYjRYdUkzbUF5MnJhbHJuZHlJZkRsV3dhSE9hMV8xV3EzaFdOQjk4WUtQVGZ0Nk9OZVhHdGdBM29fMHJmd0stdEJtVFJQUm0ydjZ5RDlZQzNLT0VNcTVpRGNyd1NB?oc=5
2026-08-11 03:00,Yahoo Finance,finance.yahoo.com,"TSMC Faces Revenue 'Uncertainty' In 2028-29 As AI Investments Need To Prove Their Returns, Morningstar Analyst Says",https://news.google.com/rss/articles/CBMioAFBVV95cUxPQTlWdjkyNlRwTkpMcFp1emdfdWFSOXpOMEVyd0Rpb1BEZklLY3pVWkNaRXNLOGliR1loNjlUd01DcG5KZ0tkdWplN19ldjBoY1pyaG5hWUM4TEJ4VjR6ZHUyMi1Zb2MxSGFiSEpkRU11ZnYtR1FQNHhTOEc3R3hPV2hObHUwYkRGclFib2tyVGRYVGowZ25pc2x6M0wxa1ZU?oc=5
2026-08-11 03:00,Yahoo Finance,finance.yahoo.com,TSMC Stock Rises as Bernstein Spots Massive CPU Opportunity,https://news.google.com/rss/articles/CBMingFBVV95cUxPdWh5TDVkYjVNT2dIVXdVcnNycTdPT1RLeXg3Z1lpdDludDFGV2UyTVIzcDYyYlVFWFdnZDhJV0JJa3NoR28xbUMtV0dWNndYbl9pMWlmUE5WczFPdmxCNTZ2YkNTd3FWTkctV29PY0xlSDV5aVowLV9ncWlISWxkSG14UWNSM0FZSWJBNTc1cUZtUUI1cmYzX0lIMG5rQQ?oc=5
2026-08-11 03:00,Yahoo Finance,finance.yahoo.com,TSMC's July Revenues Soar: How Should You Play the Stock Now?,https://news.google.com/rss/articles/CBMimgFBVV95cUxQOVVUb3RsRi1IRHpTdGN5N2tGbjAweF82U1ZjT0VzOXRPQWdZRElrTUVZS1dXTktsdFBBWmxaUVp3aURpcXpHUnU1RWMtelVtTGwtaWI0NDZVTVFfMnFMZDU5MEdjSmZqMDNyTktTSVMxVi1jSXAyN1k0RHdUREF1WkpLbXExdDd3TDM0dWhwYjdoN3lmdDVra0FR?oc=5
2026-08-11 03:00,Yahoo Finance,finance.yahoo.com,"TSMC, Sony to invest $4.7 billion in joint venture for image sensors",https://news.google.com/rss/articles/CBMijAFBVV95cUxPQTJwY0ZTb3JaOFFJS0pLUHFUTWxPcXNaUlNPaUdoR0lzdDd2ak5WWWxvb0RMSjNzOV9IOXJlaFhwVDVNZGU2TE9KNno1bm9IZzI0amV6ZmdpcnJHOUNhd2ZGR1YzSUxIMTNDaHJkaE9zVmZDNW56dF9iSzRCcDN2YVlvMV9vVWlSMWRTSA?oc=5
2026-08-11 03:00,Yahoo Finance,finance.yahoo.com,Why ASML Holding Stock Rallied Tuesday Morning,https://news.google.com/rss/articles/CBMimwFBVV95cUxPUUxTd0YwX00zSW9fRmZEWWp6SlBsVVpDVzN1ZGh6S29TQ0FXWWNscjRqVmZTQzMwWXB4MDZhLUhXSXJwWlcwdDRLeFBxdlVfTGZmY1RQV3dXZGtiVFZwcDZGdEdxLXpma0pFTElVR1BNRVFzQ2lPdWFkY0RhcXkzLTJscm5hdEExTThIOC1XMzZOLUJLU2JkSTcxSQ?oc=5
2026-08-12 03:00,Benzinga,benzinga.com,What's Going On With Taiwan Semiconductor Stock Wednesday? - Taiwan Semiconductor (NYSE:TSM),https://news.google.com/rss/articles/CBMisAFBVV95cUxOY2JOUTZVS1NpN2o2RDlhend5cGlZY0hBaHA4Y3BTZmpRNkJVbWRobE91OWRqbzIzZjFxSi1HZ3pBdlFmR3RrYk9qRDVwbFRralYyeGlBMFZMbjZTM3BBdENFVkRUcy1jOURPcFJyOURGcjRhNWxFQk1VSzVPT3BDVE82UUhtak1VVHoyUy1mTTlxWG9RWU5keVpzZmJSczA2M3FKRmV5UXprR0VKRnNsYQ?oc=5
2026-08-12 03:00,Financial Times,ft.com,"TSMC and Sony team up, China’s AI stocks swing",https://news.google.com/rss/articles/CBMihAFBVV95cUxNcE5WTnpCNDlmOHBKQkpJdHgxaU41Nm9jdTIxMzJSeWJJZ3NUSXluenN3NWRsN0YwS29ZZEZtVzJBbUM1am1hWndraDlTUnp5OGRxTzc3UFVSb1kwU0tlSGpOMklHVldMcmdwcW1xSlBodi0wNmQ3c1Z1OEdtdGs2WENOMkM?oc=5
2026-08-12 03:00,The Motley Fool,fool.com,Taiwan Semiconductor's July Revenue Rose 45% and the Stock Sits 13% Below Its High,https://news.google.com/rss/articles/CBMimAFBVV95cUxPS2EtdlByd2Nuam1kV3JiSENqYlNIcV94MFlianRVallJYmpkdHZBaFQ0SVIwbklFV2kwaUVoSVJGbmNFX0NwekM0a1JEdk5qRF9WNDZHb0ZSNE1MV0xSNXYxWkJFN1BiV0I0TWZMZ1IxR3RSZkY3Tk5UbUs4cE1NSmdBcXhuMlFlY2l5b2stbHRkXzNsYzN5VA?oc=5
2026-08-12 03:00,Yahoo Finance,finance.yahoo.com,ASML Holding N.V. (ASML) vs. Taiwan Semiconductor Manufacturing Company Limited (TSM): A Key Supplier Says it Can Keep Up With the AI Boom,https://news.google.com/rss/articles/CBMijwFBVV95cUxNa1B4Y0RCbFZtZDJkdGhjeUFISWlIbllMRjZrblNGREdvSGlDNE1BQU1aQWprOUY0NmhfRUVYRG5wc09HVXNOYl8weUx3ZzRHVVY0a1U1X0xEbElfRDIyZENNdnUxZklCOEJXNUZRZkpJdjJpSjdyTDdaYWJaOVRvaXNlaE9uUEFpQTBVTFNYUQ?oc=5
2026-08-12 03:00,Yahoo Finance,finance.yahoo.com,TSMC Stock Rises 2.2% as $4.69 Billion Sony Venture Launches,https://news.google.com/rss/articles/CBMijgFBVV95cUxQektfVjhIMDFNRGRkem1zMlBWSy0zY0hrTnlxa0w5V1lDZk0ybjFER25XODBDZ0xiaFB2aFhjTUVpajh3YXVtWlIzZHd0NW5TRTdRR0tDczdNSjRMMzk5dkhtM3VoNXpEQnozdmxQLTBSYWJFbENrTlZIXzdLZ055NUo4OTBoUWVZUWVOT2lR?oc=5
2026-08-13 03:00,The Motley Fool,fool.com,ASML vs. TSMC: Which Semiconductor Giant Has the Deeper Moat?,https://news.google.com/rss/articles/CBMimAFBVV95cUxNUG9MWnBUbDUzNjMwRXR1TENnakdMV3pUbkdzQWRVOGlpYVJJUHFBbEZyMHNOLTdyWnlzb2YzTlU2dzFfQzQ5Q3pCZDFBNlhQZnZlTGZJck02SEpGMmNIVmtEeHc4YndaVzBKSnQxRDlBNDFTYzF1TEtlMWl6S3F3c3lPSmtPc2t6dFlfcFFESmpjenhtMTR5Yw?oc=5
2026-08-14 03:00,Reuters,reuters.com,SEC filing shows Softbank initiates stake in Capital One; sells 71.5% of its Taiwan Semi holdings,https://news.google.com/rss/articles/CBMizwFBVV95cUxOLTdwSENKUmJCRWRGbXZmdGY5YU91MnVXRWlHR3BGNV9KOFhYaGZObjhkT1FCTXFub0xZckZrOGsydzIyWGJ2dzU3VWR1cGdfa3lJNHRERGhmVWhFbGpXbjctUkd6Y09BSUlrTmRlNnBsLXNRX08wQUR4c3lNMUZUUjRpYzdwU1NwLWlhbC1Kb3FvVUFrVXl4NjVoaS1oZzVGOTE1QUZ6OGs5WFN3ZkZlTGVHbXA0Zy1xNlhfQXNPR0JaRFVPV21pYkF3WVRFVlU?oc=5
2026-08-14 03:00,The Motley Fool,fool.com,Prediction: 2 Unstoppable Artificial Intelligence (AI) Hardware Leaders That Will Join Alphabet in the $4 Trillion Club by 2028,https://news.google.com/rss/articles/CBMimAFBVV95cUxOcUdlV0dJQVNmcXN4Q3I3MUNnYlVadUYzMG15UHlUTTFDQnE2UG1US2lKazJHSmF6c0hJT1dIMlR3eTRJdGdya2J4cktCZzZ0NThfRWltLTA1OTNEbDBwdjctRGpibUN1U0NOQ0dCcmZ2ZWJCYW9MclM2bDVMQkgwVWVveHVYbE5Femx5SEdvQm9ER0FveU5JSQ?oc=5
2026-08-15 03:00,The Motley Fool,fool.com,Demand for Chips Shows No Signs of Slowing. Is Taiwan Semiconductor Too Expensive Now?,https://news.google.com/rss/articles/CBMimAFBVV95cUxNM25HNHh0TmxmN3VhRm5ZV2tpWk9LcGZ2OElUOThOUWx1ZjZZd0hIazNvd0ZkajFiZUlMYkxld1U0UGhKMEo3dW9SRGplNXM4NFVaVFRPcTBtY3ZFTVNQbnNZRTRTZ3U1TUdIdHJWVGdzdFhTNkZJWENuNGtQTXFDQ3lxaFNrLXBDWGRJWF9lTGdCQ1h6eXhScQ?oc=5
2026-08-15 03:00,The Motley Fool,fool.com,Not Nvidia. Not AMD. This Chip Stock Will Be the Biggest Winner of the Historic AI Semiconductor Boom.,https://news.google.com/rss/articles/CBMimAFBVV95cUxQMjk5ZWRMcm1HMU84YWV6T3VOYl9INHlzX2VCRHl1Z0pCZ3ZVeGlvdGozcUdPUllfU19heExPWXVUazNNbkRrUEgyTlpOMktYcXl3MWNoampRU1htNU1RanZWbzRjS0M1dmhWeHV4c0wwcm5XZ1g5ME80R0VIMlBHVHRIRHBwSmN0ODRyYjhzLU8yZGJwdFRDQg?oc=5
2026-08-15 03:00,Yahoo Finance,finance.yahoo.com,How Investors May Respond To SoftBank Group (TSE:9984) Shifting From TSMC To Capital One After Q1 Results,https://news.google.com/rss/articles/CBMiowFBVV95cUxOY19Vd2ZFLWV6cDNxQ25heWQ5aDlZc05QZ3J5VzRDYzZkZmNVTW81eDFteVRJbllGVWJRWklhd0VZSHFjTi1kbEdtYmxudElzWmVuTzRFNC1PMHRPOFNCcDZXUlFyY1hkYVhKRFcwdXlybkJHMk5PVmJ3UWxTY3FHNkl5OXBOcWR6ckJXbXFpVEU1WU04QjRua21TOC0wMWdnU2k0?oc=5
2026-08-16 03:00,The Motley Fool,fool.com,"Amazon, Alphabet, and Microsoft Are Dropping Nearly $600 Billion on Capital Expenditures: 1 Clear Winner Emerges",https://news.google.com/rss/articles/CBMilwFBVV95cUxOQ2IyZ1gxWTE2dVJ0Z1I1NGp1V0ZfVWJHTF8ybFlxXzJSM3BMeC12eUJpTzJheXNJQko3cEFPM2U0bU8zOEtMTDVoT0pzYmdUbmxDaHNKS0ZEa3FIOVYzdFBzWlJYWTFKXzhFTXhNdzJuRTJPRmNLREFsLVdnQU9PQU5uRFg3NHJUd09ld2YwYVhNNmstOE13?oc=5
2026-08-16 03:00,Yahoo Finance,finance.yahoo.com,Should You Buy Taiwan Semiconductor Stock Below $440? Here's What History Says.,https://news.google.com/rss/articles/CBMiowFBVV95cUxNSjEyVC02bUQtTTJkaFczMnJxTE9CXzRBaDNaMmc4OExoODM4X0llMm1lQ3dXVkhkRWhab0RSQkU2NWxXa200cUh1LTR3bXcyVWh1ejBhZ2ZiNW1oYlBKN2YyYTdPV2IxT3JickpkeDBIc0xMakwySmVpa0VYQk94MjdtTXF1X1l1MGtLSlVtcF9JeU1VbDIwcUVRdnJ3TnpsSV80?oc=5
2026-08-16 03:00,Yahoo Finance,finance.yahoo.com,Wall Street’s Biggest Funds Are Dumping Broadcom and Adding Taiwan Semiconductor. Time to Follow the ‘Smart Money?’,https://news.google.com/rss/articles/CBMinwFBVV95cUxPbGtfMHU1eElHUkFlSmMzMHIxNUJTOWtDWkU2cndvb3ptaENvWjR4b0tmVmlwejFWblFWWDFMeTR6LVlCZUhydDBEZHo0YXprLVNaU04tTjRqbVJzdVlmWl84ZUNHSk1nQWNvOFg1NmNueU54clFqZ0J5ZUpMMUpaZnlBTVcySzV1NFVZaHFFdk1rVE5lRDdGQ0lHd0ZRQVE?oc=5
2026-08-17 03:00,Seeking Alpha,seekingalpha.com,TSMC: A Bargain For The AI Skeleton (NYSE:TSM),https://news.google.com/rss/articles/CBMigAFBVV95cUxPdU9HR0I2UHROVlZNWGMtU2tyY1lwWnBHQnlaLVhpSDdIei1LMEpQNWJQQWhReW8tZXBxRnl3WWxrRXE5TXZQcU9OYlVXOEcyZ3JSa3pISHFWUXVzZDhqa1liUVFqMmoxREotb2k5LUxHR1ZYMVduZ09jSjFnNndwQw?oc=5
2026-08-17 03:00,The Motley Fool,fool.com,Best Semiconductor Stocks for 2026 and How to Invest,https://news.google.com/rss/articles/CBMipgFBVV95cUxOT1dYNXFONXk3TGdVWUstTHRMeGNyX1RDMmVLWUNsOFBvSGplTndkeHA1YU54QXhKOHV2RXFmOS1kY2lmMjNJVFBodDQ0ajVCZm8zMUlqM0NBV1R5MzEwTk9TUUZuWUFTQ1BpV1otQW9DTnhiMGJLRS1sd0x1VUR6U1dQU2pWM3kwWmx2UHhtRDZxZmJIT1dPa2NtYVZQd3FEU1hld2xn?oc=5
2026-08-18 03:00,The Motley Fool,fool.com,"Billionaire David Tepper of Appaloosa Slashed His Micron Stake and Piled Into a ""Fabulous"" AI Stock for a 6th Consecutive Quarter",https://news.google.com/rss/articles/CBMimAFBVV95cUxPTXBsa0xiOWhSbWRaRTJvVzAxdzZUVXdGQ2xucUh5MGFxMzlDY2h3X2cxZGFQVlJDdHpnOG55eTRwcHc4cjJySG5oZnNFLU9jX20xTURfTTF0amhEZE9rWmM2N2p5a1lKZm1oSzMwSzBiU1RnVWNoSzAwRlE1NVh3bnN4RldKSk1raXpPdDRNSDZWOU9PbDN6Ug?oc=5
2026-08-18 03:00,Yahoo Finance,finance.yahoo.com,Bank of America Has a Message for Taiwan Semi Investors,https://news.google.com/rss/articles/CBMimAFBVV95cUxQVS1yTmpLZ09DYl9DNWJULS0yVkcxR0R6SDh6WF9Fei1nT2hscTdmVDRUYklGQXNQLWJyVGpZRE44R2NtRnB1R2V1NlBpa2haTi12N1daalFjZkFES3BnbDN2WVcyME05MnZLNjJGSGEwbXA4V29oLThWaTltQWhKR2NEeFNRV0lIUTNFQjZCUWt3X0MwV05YQQ?oc=5
2026-08-18 03:00,Yahoo Finance,finance.yahoo.com,BofA Sends Bullish Message For Taiwan Semiconductor Stock Fans,https://news.google.com/rss/articles/CBMimgFBVV95cUxOaTFXOGwwNlJpY1Exb1ZFbmdYWG9BdHlvSlk3VVBFOUoxOURrSVo2Q3BRQ2J0cDNyVlBEVHc2Y0ZpQ1RGdmpLdUVMUTlQSTBCZzNJZDNOcVVMRFppTmd4Yng4U09qdmk4dVZEbGJDbnl1Y3FxRGNaOUFoWTNvNzRuLUdlX0gtS3dHYUhNUi02bjZaQTBJVG1vdDdn?oc=5
2026-08-18 03:00,Yahoo Finance,finance.yahoo.com,Famous Billionaires Were Rushing to Buy Taiwan Semiconductor (TSM). Here’s Why,https://news.google.com/rss/articles/CBMiowFBVV95cUxOZlVDTTJFcm55d3huNkYzNVF2MW02cDBoTmJOeVUtWktacEZSdWtLTXlOTWNVNkZiSWZUYzJldXRWRVo4aGZ5U3dOd1RLS1c1U1E1LXBmcXVCMGVVT1YyczhEb1BNYUpRaDFMQmt5TnprNTFXT1I0OVAyZmtjeWk4aTFNVnlvbW1UYVhEVlFveml0cnNOSUtxOEppSVNIS2htbzFF?oc=5
2026-08-18 03:00,Yahoo Finance,finance.yahoo.com,TSMC Stock Slides Over 4% Despite 45% Revenue Surge,https://news.google.com/rss/articles/CBMikwFBVV95cUxNb1dLc01JZEtRX01HNnVKVXJnTU01SDEyX1VkSnBsdld0Y0x5UFpwNV9KWFRVSzVBMUUzVDJmWUc5ZnZva0hsZnpJd3hKdXlqQ0xjN1JHYy1kT2l2NFdEU2xMSTNScWlMNzV1bnc0R1dtSGVnVFBNcEVOajBLUE5kdFNpd2swTlc0ejNHMUJ6VTB1VGM?oc=5
2026-08-19 03:00,The Motley Fool,fool.com,"Prediction: 3 Unstoppable Artificial Intelligence Stocks That Will Join Nvidia, Apple, and Alphabet in the $4 Trillion Club by 2028",https://news.google.com/rss/articles/CBMimAFBVV95cUxQX19zTXB5QlJ0WE5qU2RnUk5nTXpkU1I3Q3RLNGVyOEo4VnIzRlhHTkxvNV9uOG1kcThzRlYxSkVHMjhPdVBwc25xdnl2RndEWVpzUnJBUFN3V0ExWHYwQ1RMUVU3a1FtazQ4c1FzTG9aMDRvckxxS2l3bjlkUmlmZVdXV1BLN3JuMHJ2Ymo3Qy1wWDRDb0hDNg?oc=5
2026-08-19 03:00,The Motley Fool,fool.com,SoundHound AI vs. Taiwan Semiconductor Manufacturing: Which Technology Stock Is a Better Buy in 2026?,https://news.google.com/rss/articles/CBMi5gFBVV95cUxPeUdHRE1DZ3B6eEtZQ3BqRlRMeU5tU3dBRHpha0lwSlo1QVAwS2Q2a3NpbEZsWTlJV3N3LTRRWkRydkVCLW96cUtra0w0MjVQS0xtTkZNRC1YYjNWWWhHVWtkbzlUdFdhQTJ4dy04bThJSjlpSEowLXdCME1MMVFwR0hKem1rZ2JLalFBOXdBdDdyREFvdUUtSVp3SWVxQkdmN3hnQWNCUWJqZ1lVWWFzSmt4NUJhY1JUTTZYTURWYmJZOHBjSzRRUHBQbWl5WEx5ZkJQQm01REtqN2tiTnVaRWFhNWF3UQ?oc=5
2026-08-19 03:00,Yahoo Finance,finance.yahoo.com,"After TSMC, Samsung Is Also Reportedly Planning To Hike Chip Prices Amid Demand Surge Fueled By Nvidia, Apple, Tesla And Others",https://news.google.com/rss/articles/CBMinwFBVV95cUxQVGZvTzMxQWJhdWFwT1JpT3hlR0FCeHY0VXFUb1pFQm5VUzRRNE1vdWhER2xvX2xjdUxMdm1xMWIyVGZpX20zTm1VaFdQSEtNNEF3dG10QjlMM1hGN0hzbnJFOEZ5NVJiRFNSVjNGWGs3a1ZIRW91NkF5VDNZQ0xRQVNjaXp2aHhWaVhrT20tOExCYXVMUjd3SWQ4VVFYUzg?oc=5
2026-08-19 03:00,Yahoo Finance,finance.yahoo.com,TSMC Trades 30.87% Above GF Value as Chip Capacity Tightens,https://news.google.com/rss/articles/CBMikgFBVV95cUxNZE5tOUNsUnp5dG5CVEttNVE1Y2p3ZktxQk84b1A1OElqTFhFU2NBdVgwUTl4c1VRdkZOb3BzczNzVUMxNF9QaTBjVWlTS19nSDRfMjBMa1MyMTNESlFLU0FxaTEwVER3dEsyYmVCaGE0N09QZmhtOFBZMEV3dmJHMjYwSS03TGVwRmdqSl9yYThIUQ?oc=5
2026-08-19 03:00,Yahoo Finance,finance.yahoo.com,"Taiwan Semiconductor Manufacturing Company (TSM) Looks Built for Long-Term Growth, but What Happens in the Next Downturn?",https://news.google.com/rss/articles/CBMisAFBVV95cUxNUEFFVjg2WnNEeEtUd0ZpZ2RUaUdzNjFMYjVfVHYySVJ0SGYxVmJlTTNuTDFIWm1aWTNJM2tnOC1WcW5hUTVyTXFKVGR3UjB2X2R3WDVkYXZXT3puZnVxTGhIdUk5U3pVNGZKYU1TOE5YUGE1NzVVdlJjV3VYLXdBeWlNdzlsLVgyNmUtdVlMX2tvQmVHcEJjeDg1UkVScTVNaTVsc3pOVTlsV0J4dHlULQ?oc=5
2026-08-20 03:00,The Motley Fool,fool.com,Taiwan Semiconductor vs. ASML: Which Semiconductor Titan Is the Better Buy Today?,https://news.google.com/rss/articles/CBMimAFBVV95cUxOT3NrV2ZaTENsa09nN1RTLUZwd1o4QVFKeC1MLWZmNWJnQ3lfZHNERkY1a3VWaHFpU0FBZ1BCaDJlZXN2RXpyaWRpSXA2Qm56b2Rtb0F3YlBhWWQ3U2FEYUFNeGp4c0hXNUxBMmozc0p1SE1lM3NrSnZrTzJlTVYzWDl6NzdzcHotemtBRXhGLThGZ1IxNUxmOQ?oc=5
2026-08-20 03:00,TheStreet,thestreet.com,"History of TSMC & its stock: Company timeline, facts & milestones",https://news.google.com/rss/articles/CBMisgFBVV95cUxQaHdLcmgyZ0ZEYXNwRjllTnFpWUFhR3dFZE12b19vWHFIZnJtOXVyU2FSODFLQ2hwZWNQT20zY1JGQkFzQTRLSnZOeXpFc0hFVng4UnZSNWo5amRwTktxU1E2NGtKY1BOTVctOG11MHR5TDBTZjItMnQ0Ykp2eWstTkVwTVZpSVVvSEpVZjNwRFJ3Sm8zNTMtNTY1cUF2ZjdZWTRabkFxR1hCay1lWTZCZ0xR?oc=5
2026-08-20 03:00,Yahoo Finance,finance.yahoo.com,TSMC vs. GlobalFoundries: Which Foundry Stock Is the Better Buy?,https://news.google.com/rss/articles/CBMipAFBVV95cUxOdThJVDZkazBPdmdrN2NlVW5QS05YNTNBbWN0NGNFVURCVWlPeU13eldKY2JSZ25HMzVGbGd4c1VMaHBoOUxQaEdFYXF0eHIwQlBENnM5dXFBTmE1eGhnNGdDcDVkX1BoWVFyc180RDY5d1ZNTVlOODE3T2lTeVN3MEVrNjRNbkc4QlFyUlRTYWJTLVl0dHRXWjVmWjdsSVIxNlU3aA?oc=5
2026-08-20 03:00,Yahoo Finance,finance.yahoo.com,Taiwan Semiconductor Manufacturing (TSM) On July Revenue Growth And A Valuation Debate,https://news.google.com/rss/articles/CBMirAFBVV95cUxQR0xIN0llUG5LclNMV0ZQOEN5VWtiSWVicUktUjlIR1FVOXJPY2RYbjJhWVpLX3J6OFdlc2w3Z3lPLVQ3N3MybnlfNGM1d3prd0ZYZjlOcHhiamJHNDhLX05tdGdwOFg0bzdsZElGOV9BaG5zZmM2TF9BTWpsR2V2UzkydVJqWFNFM29Xc1hCMTBtYmVyQ28wbnpGeGU2TW5pQWZSZ1pJX2QxUWhP?oc=5
2026-08-20 03:00,Yahoo Finance,finance.yahoo.com,This Stock Is Riding an AI Wave That Shows No Signs of Slowing,https://news.google.com/rss/articles/CBMilAFBVV95cUxQSkhpUnh6UVFuVGktR3czQVhiRG5oR0x5YnhaelRpSlEtRmpkS1AtSl90dTBaeDhfeDVBZnpZWlA3ZVFGM09uVzkyM19meFFwNmdrUXo2VVlsUEVla0hWaHVGRVZnZXVLUnh0ZURaaG9wVHUtODZOLU1zeTJtTlZHNTJWNWl3a1ViMDduNVJXSV9QaDQ2?oc=5
2026-08-20 03:00,Yahoo Finance,finance.yahoo.com,What Could Taiwan Semiconductor Manufacturing (TSM) Capacity Strains Mean For AI Demand?,https://news.google.com/rss/articles/CBMirAFBVV95cUxQUXVuMXpJNFhhZTdKdjkyaFhUT3ZfSmk0VDVpRG9MdnZGYkt3bVRja2huVE9oMW9UVlJjeV9aUFVZRENPbkx6Ym1KOXJXY0YzMzNlUTVhZGNfVmw5RW9RUWE1aEk4MHJjWnJ4bUVnakJMdldsZVNNT0xNNGNKWVF0bndDc1R0cWxSNWFNWlM5TE1XRVY1dzRSVUp2Q25rOWgxdThBV0E5NkZfZ0RR?oc=5
2026-08-21 03:00,Morningstar,morningstar.com,"For Emerging Market Stock Funds, Concentration Risk May Be Eclipsing Macro Risk",https://news.google.com/rss/articles/CBMirwFBVV95cUxPanRJRjg5S0R1aW91VXBFdHBNV0lSVkNscVVlelJhUi1kTTRaa3BNQzhpZ1VCZVVuOTdRNFd4SDlqS0QwdzhxakRXOWk1eDhaWDdjNTkySnpta1RUb2hjT28xVjBsOFBoa0g2R1hCRlREdUo2RzN0UmlJU1hIdFYzY29IVUZXWEl0UDI5RDlGNi1uU29MTF9hb3Q0N2F6RGNlQjBYbWxCY0dCN3hkUWU0?oc=5
2026-08-21 03:00,The Motley Fool,fool.com,The Billionaire Investor Who Predicted Black Monday Was Recently Making Moves Around His Top 4 AI Stock Holdings,https://news.google.com/rss/articles/CBMilAFBVV95cUxNUHpLdmtvbWNPNmlORGF2OFgxc2NHWDRSVmFTWUVyN191YlpWbEFfUHVmTWpnMzhSLW5pZ1M1c2k4Slc1SVdPNVZOdlFBa0g2Q3FqZlJYVGVPMnZadWVLWFFLRkJBdnVnbzRPQ1l2b2o2VTNkelV2NUw1YXFGQ3ZWVkw5c0FuM3pJalFlSC16V1hYejZf?oc=5
2026-08-21 03:00,Yahoo Finance,finance.yahoo.com,TSMC Commits Higher CapEx in 2026 While Raising Dividend Payouts,https://news.google.com/rss/articles/CBMimwFBVV95cUxQRXN6bHhMZEczOWFTRjhGcE1MbDRVbmE1QUdfOXl5cy0zNjR5SVAxRWVzRVpzUlZSNVh3Y2luLU91cDRURTJZLVQ3TWNULUkzdWx3ZjdINTl1c0NmWEtVWDhrNVFnT25aRUROSl9NQm1LUm9jRGYtQlREaTNlZVl4amlDcWo0QUxyeDdyWlBjczNyTlNLTVhCZVRLaw?oc=5
2026-08-21 03:00,Yahoo Finance,finance.yahoo.com,TSMC Rises Ahead of Nvidia's Critical AI Demand Test,https://news.google.com/rss/articles/CBMingFBVV95cUxOcWJWOVFTcjdmZXBKM1hpcE1FTWhRVjRXZDltV1U4Z2ZzcHZaVmJ5QUp3bTV1eTJ1VGZCX0xjNFRWdGJvTUEtYm5TQjd0ZDQ2RmtEa0NqbEVndWpuWkg5ZGpHeWIyNTdwSG8xM0tycDE1QzdBMHRHWnQ3Vzh6OTFfWmN1VjhPS193aEY4c2lFUi1qNHc3aUlTb2lwaklRdw?oc=5
2026-08-21 03:00,Yahoo Finance,finance.yahoo.com,Taiwan Semiconductor (TSM) Sales Just Jumped 45%. Why is the Chip Sector Still Selling Off?,https://news.google.com/rss/articles/CBMioAFBVV95cUxPaEhpWVBjX1Vic3dJUC1VODI0Uy1pRHY2U0JPUG5NLWFGemNSWkZyT1BtOXlINWJDd3R4TmlrZHNEWmlGTWJUSXhERV8wbTZTZU1GRG03TG5GRTNQYUo3WVdoWW1vMHF4NEN3SVBIaFgxd3VXN05mY01McFIwQ1BQNGVBemVVWHQ3Q2QxWVF3ZU9vVk1Ob0dCZzZLQVFKaVZL?oc=5
2026-08-22 03:00,The Motley Fool,fool.com,Prediction: Taiwan Semiconductor Stock Will Reach a Fresh High Before 2026 Ends,https://news.google.com/rss/articles/CBMimAFBVV95cUxOWTRQTnRKWU01Wnpia0dUV1piU1cyYXR5ZU5xOWN3ZXQ0eGVLZzhpYmI3VDlKYUd2d215QlV5Wm5qeHV5cU9NOWZiZzJqVzRzMXoxbF85cjN0V3hqdHBsejVaZjFHcVZmSk43dDQ2ZFoyNFVHYXVZM0hWamcxejZ0Q2dJdm1BRWlLWnBtdjJMS3FTQk9DMld4TA?oc=5
2026-08-22 03:00,The Motley Fool,fool.com,Taiwan Semiconductor Stock: Does the Booming Revenue Outweigh Geopolitical Risk?,https://news.google.com/rss/articles/CBMimAFBVV95cUxNeFNmYmFZMXJvbHJaY2lBVTM4d3lNZHhJM2p5cENiUmd0S0thclJtODM3UTdLMGRvZDdzN3VCMlFZM3FQclpSVm1jdEYyQkdiSnlOVVFzZ0hCNHp4M2pmaU5aaUw4dkhSTlp2dVRlaWZ2NmItdWszZUFmN29ra3JFUkdMeTc5U0tYcjdNd2U0UnE2VWE2WDBkMQ?oc=5
2026-08-22 03:00,Yahoo Finance,finance.yahoo.com,TSMC's $100 Billion Arizona Expansion Shows The Stock Is a No-Brainer Buy,https://news.google.com/rss/articles/CBMiogFBVV95cUxNcGhKSGVZNU9MUVJGanAwdlFLMEg4NmtzbUtBeGVQZ1ZlZzJCMjdzOWtlcGt4NnZZQTVTNURqbXd6TlBpd19NSUdfU3JwUVphcWhyTE5nNFZnNDlIdU03YV9MaTl3c0o1MU1CQ2oxX3EyenFKMV85VDVBSVIydU5Wa0FSREljOV9kVnVsRE5OT0Y3ZC1VemxsUHEwN3BGV2pvVUE?oc=5
2026-08-23 03:00,The Motley Fool,fool.com,3 Tech Compounders Fit for Warren Buffett's Portfolio,https://news.google.com/rss/articles/CBMilwFBVV95cUxPRjhxYzBCWjFLM0wzcnNFZW1UU1BJRmF2M2lBRFdWeFN4QkRleVR6emhyMlllQzJtNEtxamtmOTlkUzFpVU5WSFdCM3NDTk9iWGwwUzZDVG5WXzhVMGxVQUEzTm9ERTBlT0dROGhmeW9udkZOWWpYOXZzdzlRUThwb2NOQW5CQnlxbTRaRE1CRkhjYVV4VFcw?oc=5
2026-08-23 03:00,The Motley Fool,fool.com,AMD Is Investing More Than $10 Billion in Taiwan to Build Advanced Chip Packaging With TSMC. Here's What Lisa Su Is Actually Buying With That Money.,https://news.google.com/rss/articles/CBMimAFBVV95cUxPeW1DSUlhZXc5NFNVbE04NG51VU51WnJZM2hhWnBNUG5GcVRSS3ZGTTFFTzVsOG0wcEVGY3E2dFhWcmEyWDBISHU0M2dKVFRncHlzYzVXQ29mcHBJVnZoSFQxSk5GdmZnQWJuaGFERld1enRIWTQ2T2JrSmJJaDJ1MHBFemhDSUhSMHZJSk9ZNW1aYzlwTno3dw?oc=5
2026-08-23 03:00,Yahoo Finance,finance.yahoo.com,"Xiaomi launches new Xring chip, partners with TSMC for production, sources say",https://news.google.com/rss/articles/CBMi0wFBVV95cUxOMTRvZlUtX2F0MmxnY2J0ZTdOZmI0eUR4VzhjcUpFelA0S0VDalVQOFRkdnNPWk9XcU1KU1R6cl9odHQzVkZrWU9kTHJMRm5fZ0VtSGxsYmE3bjY1eWx2TW51d2NTRG1DbXdLY25tbjhYLUc5WG5oMTY1R0l1S0ZUa0NmRFZOTEltWFhUMG1kVHRVcUVVQU83eXhuell1cThDa3MxcjF4SFV4ckoxTDljNnZtRWs0bGZkMTRjSGNNeHpub1Etd0x4RmFnV1NhR0JFSlIw?oc=5
2026-08-24 03:00,The Motley Fool,fool.com,"8 Billionaire Money Managers Dumped Micron in the Second Quarter, With Several Favoring This Foundational AI Stock Instead",https://news.google.com/rss/articles/CBMilwFBVV95cUxPS0VGaE1yMlJZOXROdXJrdmNOZzBhdTVUc2k2Uko0bVhyUmJjNzRubFl3dkllUEFWVllGckNITE0wOGJsMWdqaWN0WUdZV3ZzdmswMV9NTHJxZFl3VEktQWtyRTVRVDVQN3AwemxTWlhSSmhTNngzNHpKTFg5QmVnNDJyelRTeWlieDFucTlXbDFua2stRVJB?oc=5
2026-08-24 03:00,The Motley Fool,fool.com,"Beyond Nvidia, AMD, and Broadcom: Why This Chip Stock Will Emerge as the Biggest Winner of the AI Semiconductor Boom",https://news.google.com/rss/articles/CBMimAFBVV95cUxOTWJhbHpIQ1k4UF96ZTgwQnR1dkpLelRhWWphRWQtMlhjNnFhamZ1aVhVOEo5SS0yNEgza2taMWhDZmVJbHJ5dWRuWk9ZVm1PS2JIRngzS29GWmJIbGxqeVM2VkpoUTBxZkdRQUUzaUdEd3ByOVlOUmVXbXZTOXRQb1ZYX0M0XzhMOVBxa0hfeHljbEduS0hxMA?oc=5
2026-08-24 03:00,Yahoo Finance,finance.yahoo.com,"Are Emerging Markets Now An AI Trade? TSMC, Samsung, SK Hynix Drive More Than Half The Gains",https://news.google.com/rss/articles/CBMimgFBVV95cUxPbm1QZmpCVGhRSjItVFEwcmlDR19YWk5EZEtXVXlsMXBXWlIyUUtfMHFudC1ZRGk2U1JzbS1fX01FaGVQTE1xNExjUVZMZEROSngyRlhsY3JiZmlUWkdSOXRoeC1VWC1GUVl5d2V2ekNLTGdnMjVaU3B5U3hPeld0dzE3ZUJvNUZ2ZGM5SGN1WmJXZENPT1lzQm93?oc=5
2026-08-24 03:00,Yahoo Finance,finance.yahoo.com,Could Taiwan Semiconductor Manufacturing Co. (TSM) Be the Biggest Long-Term Winner From the AI Chip Boom?,https://news.google.com/rss/articles/CBMirAFBVV95cUxNNmZUeEgtRmFJVmFMSlFmZmpPbk9WYlpZdVU1UmlIbWd0S0w4SkhjT2lkTmttVDRQaUl6LVA5TzRjejFZSmJVd21ZWm01amwzVjRKYWt1cDZ2ZWd0YmVsLTJFTjh1aFBXNzhSZDdoX0J1aEFhNDVBb3p0Vy1XcGxWSWFQOVczaGtkbm53am1mRlVVbGI1dEZNWXdyTnZzM1BEQWZqbzQtRDJQLXo5?oc=5
2026-08-24 03:00,Yahoo Finance,finance.yahoo.com,"George Soros Quietly Raised His Taiwan Semi Stake by 1,000%. Here’s Why You Should Be Buying Too.",https://news.google.com/rss/articles/CBMioAFBVV95cUxPLXVWUURpZzVVRlVvakxvTU03MHZ4Z3JvTl9WNlBQYVBNMmF5UUFDeVhGbUoxZ3dIV3NqekhXZndObHZOa3NXYzVlbHYyQk52RnlPSW5fSXdiNVlGSkdyUThZQkhZOXJiVUlmWldubXVGSWlKcG5Iem1iVTk3MUF5ZFFUNThQUXBzUHFwUnV3Vk5CamlUb1pXUEI4RnkyTUpD?oc=5
2026-08-24 03:00,Yahoo Finance,finance.yahoo.com,"Semiconductor Stocks Slide Ahead of NVIDIA Earnings: Intel Falls 5%, AMD Slides 4%, Taiwan Semiconductor Slips 3%",https://news.google.com/rss/articles/CBMipwFBVV95cUxOaDBmM0FRUG1yQU9HbC1CQmkycUNUTkp2XzVpY0F6ZW01c2F2RTdxOC1LSHNsMW9weUtDLU9jZVY0aFlBMi1MLXBUV2p3TmFMa2JjMzYtUXhZVHFYVGFDUC1CSVRmRkRBeHRpc0p3ZnowV0xOU1Bqak1kNXdjZm5EZHNBSU90ekdadElkMEprbEJyTVJFVE94N2pMWXpGZ3N0QWNwM1lzVQ?oc=5
2026-08-24 03:00,Yahoo Finance,finance.yahoo.com,TSMC Slides 2.3% as AI-Chip Confidence Suddenly Cracks,https://news.google.com/rss/articles/CBMiigFBVV95cUxQU3hiNzhJU1BKSzRnYWJYREhHN21jbTB6UUd3VWpVTUJseDBha3ZwOGhGTHNqZWZEZENiQXYwNjFPTXVoZHpfZk5EaUtnUGZBdVRXaWFRWEptcWpxdldrOEpMamlhUU9LaHVCMm9IQW90QXY3UHRObzNoazIwNUlRanB5Q3B5NV9iRXc?oc=5
2026-08-24 03:00,Yahoo Finance,finance.yahoo.com,Xiaomi Takes Another Page From Apple,https://news.google.com/rss/articles/CBMilwFBVV95cUxQQTVQRTZGQmdxYlVpaVRJZkpJcDhKY0hBMUxBaXM1V2FCM29wQ2JlUVN2eTdtT2Vhb3JKYURsTTdXang0Wkd3d2FrVXJRN3RabFpWalQ5OTktTlNwdVU4eXY0TjdjcEdzc1JLSGZ2dHhlZTgxUUtIRUI5RTdSRmIxR1owYXQ5S1lpV3N1OHM5LUtUXzZZVG44?oc=5
2026-08-25 03:00,Seeking Alpha,seekingalpha.com,TSMC: The Semiconductor Giant Is Still Sprinting,https://news.google.com/rss/articles/CBMikgFBVV95cUxNSF9qZmtyLTk4WUJ4YVZ3LXJoLWhjcFF0dURfRVJrSWpSa2F5bU9VVGxVODFjNkxBRXdOb1pvNnVqNzF5YXNlQW1SZGt1WXAxaEJoOVY1X08ybUpORkdqTFkwaWI2MXZ0OUJ5UndzZjZEU25Sd1ZyODNsWjhDR1JPUVljVG9YeVZhTldZbTNxWFhxdw?oc=5
2026-08-25 03:00,The Motley Fool,fool.com,3 Top Artificial Intelligence (AI) Stocks to Buy Before 2027 Arrives,https://news.google.com/rss/articles/CBMigwFBVV95cUxQWFRnMkpDSERzd0pXTWFYRTRtNlZkc0hDZXpLX2J6Ul91eEktcFpwQ2xBaG1kQ2l0ZGgxdlpYZkR5N25oOGVHanZvTjVyeGh5YnhVbVFZSFh4Sl9wVGRRcFJlZUtPb1pzZktYSzJ4bVpsN0VmSXhmbVZMVldCSDV6eUQyaw?oc=5
2026-08-25 03:00,The Motley Fool,fool.com,How to Buy Taiwan Semiconductor Stock (TSM),https://news.google.com/rss/articles/CBMinAFBVV95cUxPeGVxWXUzNnBDS0tSY2V2V05sM1lpT0VPV2lZT2ZkbXJYa0dfdlZFUkJ6LVgxRHBIN3FIbzJ2dVNCOEJOUGRVMnVrVDNsOVpnTXMwcHJhS09nR1VjZWhiaWNVOUdTOVVQVWJBajdfTG9EQ2tVRElEX0lNdDR5d1N4WVVtT1Z6RjhqUjNaejhPU3g4amV4Z3RhbjVSX18?oc=5
2026-08-25 03:00,The Motley Fool,fool.com,Prediction: TSMC Stock Will Soar After Aug. 26 Thanks to Nvidia’s Historic Quarter,https://news.google.com/rss/articles/CBMiwAFBVV95cUxOcUtlUDE2cG9QUlJDS1hRaGlWR2kzeloxalNraTl1QmRRX3hpdGlEeEJ6UnFxUXMxUEJManNEQ0ZITmtwR3dtb0liUjlLVHJCYTdmcUItY1NieHVkQWZKUk5kOHFFNFpTTjN2aXZRVDktT19lSFJnWTBYaFpENzhkNEYtcU1vbk90T1dLcFJvZ2s0Nm51SWloRG1FbE9PcWF4T3lnUDh3NGJTZGpsTEZoV0VHdThFNmI5a2ZqMWs1bGE?oc=5
2026-08-25 03:00,Yahoo Finance,finance.yahoo.com,How Much Upside is Left in TSMC (TSM)? Wall Street Analysts Think 25.01%,https://news.google.com/rss/articles/CBMilAFBVV95cUxNWkJVYVJOMGRTMEs4d1ZBR2l2cnQybENPR3VFbVo3Tl82TUItX0ttVUJlSUJiQnVIVmxpeGVab1F1T3RFbEdHT1VoRHZCbFpVbkRRbkxqa2lJSmRXY2lvXzRCckVUbXgzMjQxM2VBVWx3OFFjOXlQV3pRZlFSUTVhTXJlVVZTVFVBYzRPczBDbUJVWXlV?oc=5
2026-08-25 03:00,Yahoo Finance,finance.yahoo.com,TSMC Jumps Before Nvidia Tests Its Capacity Bet,https://news.google.com/rss/articles/CBMimAFBVV95cUxQc2N6VlJWbllCYVhsSEV2ZmhRUFRwYmZJVmpPT2R4LTdlZk4wM3k4M0dPOG1yOWI5dUFhaHRELXkxLUZTNGg5ZzZzN2E5emxCeHpRaERWV0RJZWh2M3lwSGhkNVc2N3UweWdqTXRUM1dDelFEMUZxdm93OWZ6a3hDMG5LUTU5MWMwcU9uSm5wOVQyNWh6MHEzQw?oc=5
2026-08-26 03:00,Yahoo Finance,finance.yahoo.com,Price Prediction: TSM Will Trade at This Price in 2027,https://news.google.com/rss/articles/CBMingFBVV95cUxOVXJMbzJHSUNCNjNtWU5aQ3luZjA3Z3Z2RjByb3RXdnBtMHE1Yi1RaGtCdE41WTFYenBaRF9TU3kwY3dfczFZMVlMRXVKNzhyd2hxbHdVbk5qMWY2QktRMUQwaWJWTGYtUExTenlaZ0h5czJNenBZb3AwcXlZNkRyYUxRYTdwUXlGRFBoaVJNODhKTHg2bXRuRUZ3dWhkZw?oc=5
2026-08-26 03:00,Yahoo Finance,finance.yahoo.com,TSMC's July Surge Raises the Bar for Nvidia's Foundry,https://news.google.com/rss/articles/CBMilwFBVV95cUxQNGRZbHJpLUpLVW9HZTFRdUwzS3lnVnJfMjJnUl9GbDdrT1pTLUczSm5IbXFOUXhnNnpYMF9UZDNPRmh2Q3A5ajYtdjFxbnBQMFVYdG5wYTFfWE1oRG81NzFQWFhsZHluOEY5UkZ0U2xscl9Sb1hkcHo1bVVieTBfQ2FOc3RWMFJtcDJVNEItTVdkakRkci1N?oc=5
2026-08-27 03:00,The Motley Fool,fool.com,This Hedge Fund Just Sold Sandisk and Bought Taiwan Semiconductor Manufacturing Stock. Does Wall Street Agree With the Move?,https://news.google.com/rss/articles/CBMimAFBVV95cUxNa240MUw5S1RXZ2hfNEdXZ2RoeXVhVDA4UWZ3SWM4eVlKcXZoalJaSlZNV2ZqRUlHQlQxdmtLWlFpb2l4b1VPVkNnUy05eGV6MGgyNXhyaUNMTmtGd3VJUVYybFJqVFJUS3Z2MWpCR1Q3ZTd3VXl0Q0laaENtWjZ3eTQ0OWNOaTRDeFJVbmgxakJaLTBGSTNtMQ?oc=5
2026-08-27 03:00,Yahoo Finance,finance.yahoo.com,TSMC ADRs Jump 2% as Nvidia Extends the Foundry Runway,https://news.google.com/rss/articles/CBMikgFBVV95cUxNb3FzMVRoOUdYUHk3dmlMOW9OOXpwa0ZSZXVKX0VBUERndXN4MlFWeEpMWU1raTF1aldEbkx4NEJhUTZLZ19JZzdXVzNNMXZhdWdQelk3NHA3ZzV5YlNZbHdWWWpTTEJSV0ZhemVfZHpnVVZneU05VlJHdHM0Q1M2eUVHc1NzQ3EwNXNfYXk2cXZadw?oc=5
2026-08-28 03:00,The Motley Fool,fool.com,Billionaire Stanley Druckenmiller Just Bought Taiwan Semiconductor Stock. Is the Foundry Giant Still a Screaming Buy?,https://news.google.com/rss/articles/CBMimAFBVV95cUxQc0llM18tcVVBbjQwLTVhcHExc2Vtd2d2cGN5a09VWW9YTUw3b2pjdmtLaV8zelFPR183VUlkWnp6dndIWXRRcFlVam0yMXU2LXNkX3o4WmprUXNydEh2cmNLMXl5QTF5WW5EOF9HR0V4U09wYVBDLXkzbHhRang5WHhlMTBXZm5kaGNsSGhuSVZueUpDczVIZA?oc=5
2026-08-28 03:00,Yahoo Finance,finance.yahoo.com,How TSMC is Advancing its A14 Technology Roadmap for AI Transformation,https://news.google.com/rss/articles/CBMiowFBVV95cUxNWmdRMG5XTXJVTk5pREV5clFsYWtTSEFaMVY1LXBVeExJQmhIOXF6cjBmMy1FMDJNTmpwQjN5OGttTUxfU2UxczIzaWhaOGkxamY2Sjg5Wng5MEdsWExoZzdoQ1lUMXV1YmhERWFycXlRT0NOUUljMWVLeElUR3phSnJSM1I3R3RoU2VUNmt5MHJ4SlNaOWlUYWNDWW13aFY1QXBj?oc=5
2026-08-29 03:00,Yahoo Finance,finance.yahoo.com,TSMC vs. ASML: Which Semiconductor Giant Is the Better Stock Buy?,https://news.google.com/rss/articles/CBMingFBVV95cUxOVmNkR05rOTRKSkVUekJIUHpFNVZtSWhWYXQ4dlNIY25SWXlOSFZQTFZCMFg0NUVCaFZ3ZGI5ck1JaWZodFdSYnhoT2NMRjZsVjRyOTRlUWZId3JkYlk3eGgzekZmQmxhelFEVlIzeDhoNFlaVVpGcHFHZUVLUFJWaVp1MGtkRGtWeGR0YTZpdU9iRUdnQl9FNTBsLXg3Zw?oc=5
2026-08-29 03:00,Yahoo Finance,finance.yahoo.com,Taiwan Semiconductor Manufacturing (TSM) Stock Looks Stretched As Its 363% Run Continues,https://news.google.com/rss/articles/CBMirgFBVV95cUxNVHNLR2ViUjM2SHNnaFBqWXhza3dHTVVhaGw4c2hKR1lfSVF4SGtXbTdnam85RGhKN1RoSlF0T21iSjZQYXVuSXlRTGFWMjB3bGJDWkZabW1mRndtZzM4ZjBfem1Jb2VDYlhRRFplTU5jc0ZkSFotNG53RkltQWoyOEc5ekNPUkhHS2F5R1liOHdpTDhENmRSYm5pdkZwZDVULTVtbXBvS1ZwV2Y4UVE?oc=5
2026-08-31 03:00,Fortune,fortune.com,Why the head of Taiwan’s stock exchange wants you to look past TSMC—and embrace the ‘technology island’,https://news.google.com/rss/articles/CBMigAFBVV95cUxPSDBxUnF3c3Z2NnZQNEpYQWd1a0NWOFROMlVxcV9QSHJFcHhKeU5GclJoQVgyTXNiRU5KeEdjZW11QUlvb3VrWGJLazJ4OHg3VzA3ZWF3a3IwMXJqX2tkRDdIUWV6aW9qaldYSTJ4aEhLNm90c0R2WGtyUDJFYU9hdw?oc=5
2026-09-01 03:00,Yahoo Finance,finance.yahoo.com,TSMC's $269 Billion Expansion Puts Its 67.7% Margin in Focus,https://news.google.com/rss/articles/CBMingFBVV95cUxQeEk2dlh1QkQzWEdURE01TFIxZ2hET25sQVZNTGJySDFXeGstMEhsUTRQVWxuYnFHaWdvZ29vMmZINW1pb3BTVjlUUHFzbHJWbVF2eGVsS2tUN2RMekh4TVl0aFpra2tMM21zb3RBbXZ6VVlFTXFSTTNnNGxnMGFKY1VoUjZzQTVoUHdQWGhRN0pWZGhiMzBRSFV3QTlBQQ?oc=5
2026-09-01 03:00,Yahoo Finance,finance.yahoo.com,Taiwan Semiconductor Manufacturing Company (TSM) Limited Continues to Deliver Stellar Financial Results,https://news.google.com/rss/articles/CBMisAFBVV95cUxORlZiNmFFck5HTzlFUEszWFlUMDN5Ykk0QXRLWUJuamRhRDVCZy1xc2hXcjAyLWNpSldrbV8xaVlCejJSd0RCZW9sN0ZXVmd6aGtqN1pJOUNPQ3p0b2NvVld2MTd6RVhaaEFpVnQxREFCSlNBb0VVcnZ4Zlp4bmh2ZHZUSHJpbVJsdjBPWmhUcVVtQnhycnZ0X2ltYTZNczJnU2o1bTV2UGs0bkpONVVIYg?oc=5
2026-09-02 03:00,The Motley Fool,fool.com,Should You Buy Broadcom Stock Instead of Taiwan Semiconductor Stock?,https://news.google.com/rss/articles/CBMimAFBVV95cUxNbFZlSGN1bFRveUZMdWFrSWtuekpvR0RIMzFCeGxsXzFpUTdjT1RqS0JWbWhoNWVkRWtFN3R0U3o4SDJGS2l4MkZYYTRMcFRaZm1wclhhNGZTQXVqelFTdHB3cFRqNWFTS3Q4ZFZON3RPbmU2ZjhzYTRNWE1RMVNzSGJ4RjFKdzNMNnBoWHVnSWpvM1lhVGV6dA?oc=5
2026-09-02 03:00,Yahoo Finance,finance.yahoo.com,The Firm That Filed a Bet Against Taiwan Semiconductor Then Launched a Foundry Fund Five Days Later,https://news.google.com/rss/articles/CBMimwFBVV95cUxOQTl5MHV5VmpzMHowSHoyZ2JZU3p3eDVwbElCbkpwUDRMTnBwODNYVWE4WXlQTWlHNTJzWjkzRDFtRGFhMmg3aFNBV2RGQmliSXFZUDZWeHpiVXg1c01QdzhkV0JnSDg5OHpXM1RkY1RsREtzUVJKY21IOERyYWJvaDlSNXFLVmZzdk1XZDNxdWZuZmwyTU1GVkFCRQ?oc=5
2026-09-03 03:00,The Motley Fool,fool.com,One Huge Fund Just Bought Taiwan Semiconductor Manufacturing and Dumped Micron Stock. Which Stock Is the Superior Choice?,https://news.google.com/rss/articles/CBMilwFBVV95cUxNczViM25HcEhkSlkzbG54T3JkeU40X2FLUm1fLWh3bExENDBjMDhWYWtzRDN3ajhYa2pzX3BxSE1NNWZrS1JrNjY0d244Tkc2dnhWcUpqTnh5Q3VkZ01YWUwwVEtFNFdHWm85TXJPWmxqTkJXRlZ2b2JRTHFkbTkwVGRwQzF3V1dFUWUxZVRwY2Y2MEVYdlNR?oc=5
2026-09-03 03:00,The Motley Fool,fool.com,"Opinion: TSMC Is a Better Buy Than Any of the ""Magnificent Seven"" Stocks Right Now",https://news.google.com/rss/articles/CBMilgFBVV95cUxNaUVaVHpRV2NFVzFBcUw5UGdnV2NxczRkd2IzRW5GRmwyaC0zLVR5LThrYmFkVHVEQXVvYkVBRElGaFZ6WmxyUEwxdFlicWRQUTRUa3BTSy1ybU5pbDdSa2RoYjhrNDdJVmVlRG5RY19rZEtpZDdBSGhYbG9Oa2xJeVFNUFFXTER5SWp5YkVzS1hWTmp5Umc?oc=5
2026-09-03 03:00,Yahoo Finance,finance.yahoo.com,Taiwan Semiconductor Manufacturing (TSM) Could Be 9% Above Fair Value As Capex Plans Grow,https://news.google.com/rss/articles/CBMirgFBVV95cUxPVU5RZ1ZLM09jZWhZbjlGNXVsaGRUVEl1OG9yMjVoS0lqVjF4WXI3R3R2OEJNVXlQSFZCcmRYcHIwSTZHZ19KNDh0NEZEd3NzQ3IxTUY3SnVaUHpWbncxV1ZTUTV0RlA1SnFqZ2N0cHZRZ1lLZXNWU24wQW93Z1hXTWtYVHJJUkg2bkRGYlBPc2FORGR4XzVJZVEwNkl2aU5UMG5uaGgwNTVYZjc0aFE?oc=5
2026-09-04 03:00,Yahoo Finance,finance.yahoo.com,ASML Rockets 4% as TSMC's Tool Hunger Nearly Doubles,https://news.google.com/rss/articles/CBMilAFBVV95cUxQSS1objlqaFg4anFpZDlaR1Ywd3lmQ3JheU9nQXc4UmdBU1otd1pLNEFXRy1UZTlRSFQ1c3ZPX3RaNk1BNWluZGwwQnJKdi1KYk1YTWN5eGdoV0NIQzRwanZMamdwWHZ4TzlZUFJXQk91S1JHeXNHOXlLUDRzZWtJMkdIUEJHdHlGVEF5R0U3TXJ6RTc3?oc=5
2026-09-04 03:00,Yahoo Finance,finance.yahoo.com,Prediction: Taiwan Semiconductor Stock Will Surge by 22% Before 2026 Ends,https://news.google.com/rss/articles/CBMirAFBVV95cUxNZEVHbHlGS29Vck1GOFkwQUI3cWZ4cXFqTDVQUmdMRHl1aTFEX2lWYUtvSHBsU1F0dWRUWUVhNWljNEp3ZFB2SmZqQkdRb0J1STNjb1VLQWhQUXZibW1VMjdxbG1iZGk5MWdjNmFZVWJlSkhXMFVqV0c3eVhya0JWZlVZOUhzNUpVNFhXcnZxM1BmUDFPUDJIYW5EWWRRQmtfdFY5dllKcTRZZnFW?oc=5
2026-09-04 03:00,Yahoo Finance,finance.yahoo.com,TSMC (TSM) Increases Despite Market Slip: Here's What You Need to Know,https://news.google.com/rss/articles/CBMinwFBVV95cUxOYjVSVkNhYzdubVg5VnZPVDg3aGhDVDQzWi1LcmJ2Z1ZvanVka3hjQi1GYWhYODVXc3hqdTRXWm1FUkptTDVST1ZUelVZczhiZUg4MDJ4Wlp2M1NTM0VsLWFqY2dOZk9hMW0ydklqVlFyM3ZRa0tVRlB1LVpfcGhNLTNKQzlZUkdqOThmZmlSanh0SUR0SXh5bXdyMkFEcmc?oc=5
2026-09-04 03:00,Yahoo Finance,finance.yahoo.com,TSMC's 67.7% Margin Now Needs Twice the Cleaning Chemistry,https://news.google.com/rss/articles/CBMiigFBVV95cUxOSEhIOVhmdG5paF9OVi1KZTlOYjAycXV6ZTN2WjVvV3VRLVAxb1V5dmc1WGZxY0Qzb1NjeTF1ZjBDVlE2WmxFSWlFakpVYzkyY2Fab2R3T2FXdTZqLWJ3WlJSTDFIa01UMzRmdUVwSFBSUVF4VkluRmNRT3dXaDZRU0Z6aVpPSklxOWc?oc=5
2026-09-05 03:00,Seeking Alpha,seekingalpha.com,"Insider trades: Nvidia, TSMC, and Johnson & Johnson among notable names (JNJ:NYSE)",https://news.google.com/rss/articles/CBMipwFBVV95cUxPQ2k1MDhDRlBUaW91Q1NNcTN5aWVpVmZSMXM2TmNGeV9fZjEwYmtKNmRiVFc0SkRkbTFtdi1pNWV4MjhTQTlFdGRFTXEyRkI4NUlEYXhfWEFnZWZVRXNvbl9ZM2ZMVDZ1YlJFekhxXzk2RzJ5UnlHSk9HYUxwM3M0TU1kbTdlZWVSUXdwNFdSd0xVU20zOXdIX3c2SlVUM3kwdlVJV01QQQ?oc=5
2026-09-05 03:00,The Motley Fool,fool.com,ASML vs. Taiwan Semiconductor: Which Semiconductor Monopoly Is the Safer Investment?,https://news.google.com/rss/articles/CBMilgFBVV95cUxNN1lEME52UDBPSjNDTEZOLWVpV2s2QTJpVGVuNEEteHNHMjRObXNWaWttYnVrR1N3SkNpT1dMMzh3UjRSZjJ2TVVMNU1vclVtSmFEdmFWRC1jSnhaNmdva3poX29MQ2VsWG1kRE50dGQ4MUtxZE1EZVlMWS1WWFhKU1Q1eUE1cWhUOUZaZ1BRSzdLVVJ5M2c?oc=5
2026-09-06 03:00,The Motley Fool,fool.com,Prediction: Taiwan Semiconductor's Market Value Passes $3 Trillion Before 2029,https://news.google.com/rss/articles/CBMivwFBVV95cUxOcldxY1czYlBnMmdUVmw3X0Y1ck9abTFhR1VjeFd0TmVPbG5ES3FjSU1NdElZd0IxNEFpbU1IcG1FSUZEM1FKTmcyQ0I5LVplWDVrbm9ESDlKYkxvN3N1V0VMSHRtX1pVM21pVkhPeENkNzRQbkxOYWU2eGs5STFYQkFkTmVYX25ManV2ODloR2V1cW1vQkZXaGd6S0dvT09iZ0MyMllELXljdVZLUDU2eloxcnhCTFJXeFV2R2k1TQ?oc=5
2026-09-07 03:00,Yahoo Finance,finance.yahoo.com,"ASML Wins Over TSMC, Samsung for New EUV Machines as AI Demand Surges",https://news.google.com/rss/articles/CBMilgFBVV95cUxONTh5bGl1azZ2eFd4cTNQOUtoQml0R1g5ajREcTdpcVlUYUN5Z3pkWUYyQVlwWkxyak1vWUJWOEYzZElfWURoYWFTQ1V2bXAyV2tiZ3JoTnVPaDhHZ2Q1RWtOMzVJT01pR0g5RlBXdW9EbG5ETW9SUHp3d056bUxCclIwUGx5MzJXdUc4YUR2bzJuSDhpQVE?oc=5
2026-09-07 03:00,Yahoo Finance,finance.yahoo.com,TSMC Rises Nearly 3% as $265 Billion Becomes Taiwan's Diplomatic Currency,https://news.google.com/rss/articles/CBMikgFBVV95cUxOa0VzSUpMN3JiTk5CV1VZOWhXeUlJX3JhR3dhSmgtdlo4bi1rWGpSY0NNZElPcVI4ck1QREtJUE9DcHI5M05VNnY3VndOSWlkejZJUFBIYURWeFk2TzFscjRYVjhuaUpzRHFLYzFldXhwSElTM0IyZzZmaDFyNDJIUEYxcXppblJpZVlmTFM5eFlrZw?oc=5
2026-09-07 03:00,Yahoo Finance,finance.yahoo.com,Taiwan Semiconductor Manufacturing Company (TSM) Raises Guidance as Demand for Advanced Chips Soars,https://news.google.com/rss/articles/CBMisAFBVV95cUxNU3Q4ZW1zd0JRTFhTNmhoTEpqeDFiN0Q1UkJoMENCYVhlNktSbVJKWjk3VGdkQWg1V1NUMzdLM09CS0JSR1Q3X2E3TGRNbXRXS0dNRDB2T2c0X3lYRUVsLTF6VVkxQzQ0WWhQN3p4aTdiOTdKV0dYWlllb3NRbnExS1hDZlI1czdQRjNhYWhMRjNCNm1STDh6TnAtbXQyMUlMRWFvMkxvTjlybllWaWUwUQ?oc=5
2026-09-07 03:00,Yahoo Finance,finance.yahoo.com,Taiwan Semiconductor Retains 73% Foundry Share: Is the Stock a Buy?,https://news.google.com/rss/articles/CBMipwFBVV95cUxQRXdJZkc0b1gxbEp6NmNtLWpZOTlfNGdidUxLWlllZmJUa1BOMmVPempKWEFpUjhGZTl3dUJRTEpOWjdBVTdmcjdNRGpaWktMQ1NNZ1ZqTHphSm9JWGIzaDNneUJRbVhsMlNkN2VBOGIxVlZZbmZkZjBqSVFnMVhuTjBLQWtvZVFDcXlWUjdWNkt2Q0VtYUN1MDltaVU3NmJlaTJKZ3Zxcw?oc=5
2026-09-07 03:00,Yahoo Finance,finance.yahoo.com,Wall Street Analysts Think TSMC (TSM) Is a Good Investment: Is It?,https://news.google.com/rss/articles/CBMinAFBVV95cUxNNTlMdk04M3pMM3ZsdFQxYUdQdU1xVl80TWRFVjBEdFc2VWNzVk92RUVHa1lJa3RSYUNwZFhFdWRXS2s4ZkE4LUFpb0lfaTZMUmhNX2tIcUJTMVAxMU82ekYxNWcxd3F1ZE5xWWNlbkdOY3FXejU4NGwyMWFGeHR5MTFxWHBRSmRHeEVvTHJzaUttTVRwcGlmNl82bHg?oc=5
2026-09-08 03:00,CNBC,cnbc.com,"TSMC, Samsung commit to ASML’s newest chipmaking tools as AI drives demand",https://news.google.com/rss/articles/CBMiiwFBVV95cUxPYTZlbzJBNE0xdmp2WGdfamJKY0NzUFBta2dOTS1XX1BtX1JsVXhldEx6YVozR0RVaVRrVW8zY2FWUjBlLTZWTGRfbzlOcUFRZTZfT3BMN2Q0bnZfNVcyTFlBWS1jbmppYlFlcW92b0ZDYktCM3RaY1hPUEpTZ09WSmU4all4OTN5RnVN0gGQAUFVX3lxTE5NOFJ1MmdnNlFmRm1TSnB4ZG5xbjEwTU92UFdCYl9RdUhmcXJjMWtCT0VkUjYxVWZ5NGRkWDNTY0ltS2RRYlBoNjI4MmQyMVJPNFg4LWc5OGhMMEhxclVGVHMtQkpzZVZUUkJTX0lWQUNXbi00U2x6cS1VWlpqZ2EteV9BbG5udlJFTC1ieldOSA?oc=5
2026-09-08 03:00,Seeking Alpha,seekingalpha.com,"ASML wins commitments from Samsung, TSMC for new chipmaking gear (ASML:NASDAQ)",https://news.google.com/rss/articles/CBMiowFBVV95cUxNR0xsQzk5STBCeUpxVFdqbF82Um9UcjlaVWFOU2R6R0lpZXI1azg5QkwxbTI4VUEzeVJBMGhIbERlQ3U4bkNqdEhVWnlBeTJiT1VqZWFCOWRyM3JMNzR1VjVWcHVEVV9lZ0ZGQWtUZnIxQWJEeDZUV1FGUW5fZnhxZjV4ZmdhdmJpX2FYc3FhbTI4MGc0c2hsOWlISXlxUm8wR1Zz?oc=5
2026-09-08 03:00,The Motley Fool,fool.com,Taiwan Semiconductor Just Set a New Company Record. A New All-Time High Stock Price Is Coming,https://news.google.com/rss/articles/CBMimAFBVV95cUxQQjl3V1V0T0VrX253WXI4OVJyLWstTDlHT3FnbjZBX19JUkhSUVE0aC1MZ0phQTgtN3dOV0lUc0FjZVpzamJTVEQwOWo3QlVKMmxEbDBtbVl3cEJadHcxek14UGNYQ2JlWDdRWmZxME5HRjFZNHZlb0pyR2RyNWdGLWQ3TXhhMWtNWEh3aXVmVWRlUEl3eURRbg?oc=5
2026-09-08 03:00,Yahoo Finance,finance.yahoo.com,"ASML Inks Advanced EUV Lithography Deals With Chip Titans TSMC, Samsung",https://news.google.com/rss/articles/CBMimwFBVV95cUxPUmJmeTdzN0NSV3JUdnFsWVhYWGZ4Q1Q3WlZTU3dsM0JIS3RvREduaHVld3RZNTBFbzIyZXZZUk91bHVfMXZha1pxMHV0dnJGV1JXUEVjeHFFUmcxVWFiOWkwMGxXRFVabW9zSXRJUmZOdTNsZjBCcHJiTWtiVUc0Tmo1cVFZNE9oLXIzcDdib1FxVUJQeTVUeDNZWQ?oc=5
2026-09-08 03:00,Yahoo Finance,finance.yahoo.com,ASML Shares Jump on Breakthrough Chipmaking Plans With Intel and TSMC,https://news.google.com/rss/articles/CBMiowFBVV95cUxOWnpFZE12THRQTW9Yb3ZZcFYzMDVDeTFyWEN4bFpCdThEeHBKalhsLVlVcTROSldjaWk0ZnJIUWlVb3RqdE8yLVAzV2xsMm9UaEtGV1RDZW4ySWJxTk1HNlVlbkNQZEFPQ0JCVHY3c2lFbGpNM1hENllvbXpoV19fNWV6WENtT3NkOE91ZU9fNkprZlNGdmxBaWI4WUYxWUd6U2sw?oc=5
2026-09-08 03:00,Yahoo Finance,finance.yahoo.com,ASML Stock Rises 3% on TSMC and Samsung Commitments,https://news.google.com/rss/articles/CBMikgFBVV95cUxNd2loMVVZNXZrd1V4c21aTzJ1aUxOWTI0c0FzY2RjM1Y0blR1WllTSG1lY2ZId3d2bnc1UDJaNnJmMEZZTmQtQTVQRnVwQlhjVEVwUUphb0tNY2hfQU9tZXZ3aElMbS1jRW1Hd19EVDNCczFRSTBXelJ6OFdhTmhUVU1Od2gtMlZDUjhuZUV6WXd2dw?oc=5
2026-09-08 03:00,Yahoo Finance,finance.yahoo.com,INTC Stock Slips Overnight: AMD Reaffirms TSMC Ties Amid Intel Foundry Buzz — But Keeps Supplier Options Open,https://news.google.com/rss/articles/CBMimwFBVV95cUxPSWtmNjNBZHNYQ0dXT3hQTkdiejVXb1gwalNmMnBLRFlrWUl3SU5Md05fSzBtUm16WWxHQl9VRnhIT0tqeDhkcUZyczNJUzY0NHVpZjhqSzN3c3FHXzNyWjF5Vk5yblEzaWozaTJmaWxXaUt4SGRVUXZCcDhacUhvSV9PLURKQkpWdmFRN3AySXVpX2RwMU45aXhObw?oc=5
2026-09-08 03:00,Yahoo Finance,finance.yahoo.com,"Intel Climbs 5% on High-NA EUV Production Lead, ASML and Taiwan Semiconductor Advance 3%",https://news.google.com/rss/articles/CBMikAFBVV95cUxQOUkyc2p3RHg4c2dEX2h5eFplaXVZeXRWM0pOTUZGV2hsUmtDY1dZWTVDUDJkajhzMGMxblA3QU5Pb1Z5NENkQlJuUHdLbUtHYV9yR2d5c3ViQ0g5WG81NGY1WndWdmpyTHRmSDNrcDdKano2bDlJZU5pUFVjcVB0OElFM3NEbV9CQS15SWZ5SkI?oc=5
2026-09-09 03:00,Bloomberg,bloomberg.com,TSMC Revenue Rises 53% as AI Chip Demand Outstrips Supply,https://news.google.com/rss/articles/CBMiqwFBVV95cUxPYl9WbFZJWVZKbXo0TnhxTjVzWGxBRk54QTA0VW8wZm9CZFhZMDZNdWdsT2R6dGpkMVNVUkpsNmJfREgyOG82UllIclZRNjZTTUR6RExJbWFoSVg1QzVyWDF0eW1TeWN6LVBrNGttZGtWd3ljdHZqNjhkUnpaSE5vMmxrZWUyWlhYdWFjMTN6ZW5sUFlsVjV2Zl9jM0JwS0VwMnRZcFZWX3pQMGs?oc=5
2026-09-09 03:00,Seeking Alpha,seekingalpha.com,TSMC's Arizona Bet Was My Biggest Worry In July - Now It's My Best Argument (NYSE:TSM),https://news.google.com/rss/articles/CBMisAFBVV95cUxQUWFVUGI4QjVFemd0RURaR0VPcVpBajNUYmNpTDJ5aWpLamhFYm1haWFqdmFpVHBfeTFSOEltYnRnUld4TlJrVzVyd2VaemxUTEMzdkxPZ0s3cVZkTjhrdl9haTdRNFpYTlRmZWZVYlJ6MGVvMjR6dEZJbDRqMWNaYWlyVlYyM2l0aU1GYWtFbVB1OVVYOVRTV0c3MWZ2TWJCLU9qS0c1OFBrNDVtR19vMw?oc=5
2026-09-09 03:00,Yahoo Finance,finance.yahoo.com,"TSMC’s High-NA Plan Gives ASML a Catalyst, but Investors Face Two Different Timelines",https://news.google.com/rss/articles/CBMikgFBVV95cUxOb205YVFqMnd1S0lXV3YyblZLWExxQmdTN1U0bktRM3ZTaVhtQ05QUE9NdFBLTEhOMUlkLVVFeTgtRlFOTmJvYk1lQjZtem42bk4zZUh3b2ZtMXVncEM5bG5SdWtaallJNmg1UDdCdTZTZ25KTU5GQjI0VnUzZnVzRnZpaTRfT3ZpQXFzaXRWbXBvUQ?oc=5
2026-09-10 03:00,Barron's,barrons.com,"TSMC Stock: Why Taiwan Semi’s Record Sales Isn’t Boosting AMD, Other Chip Makers",https://news.google.com/rss/articles/CBMiekFVX3lxTE9SekxhU1RoU2NEc2RGMEVCS2NDVFVjUmZaX0N6MGg1NEtMbk41YnZWN2xRazhMaVA3NnExUDFmakpqZi1ldGs0WERJMmxzZEluRXh3cmplNUIzX3kxa0NXN1huZFRvUWNOak94QlVNcGVxOGI3SjRZQ0NR?oc=5
2026-09-10 03:00,CNBC,cnbc.com,World’s largest contract chipmaker TSMC sees August revenue surge over 53% to record high,https://news.google.com/rss/articles/CBMickFVX3lxTE9ycjd0eDNoeHBMd2Y4OE5TT2JvVUlNbVlhREFBc19jRTU3b0lrRTkxU1JrSmdmZ1AwcGFsWUlvZXBfT3FVS093cWxNZDA0WlRmb3haODhHVHREaDlyV3RYWVNjdEtYWTMtdGxwUEhPb3kzd9IBd0FVX3lxTE51eV9XN2ZtTHdhbUJaX1dtaTFWT0k5THItMFBIb3RRN3ZZT2dlamlnLXRaMkROcHFCQjBTWkcyQ3BlTWc1bmRsMUpsTnRwU2VKUWRxSW5lQ3FiTV9MRzVKX1QwUi1LYThTaEhpdUs0dTcyd0hER2Jn?oc=5
2026-09-10 03:00,Investing.com,investing.com,TSMC August revenue jumps 53% as strong AI demand persists,https://news.google.com/rss/articles/CBMitAFBVV95cUxNNFlGMXk5ckVBTEJjOWloQ19WSS1GdTBDRE1TRmZpTDNOa3ZYMlJnWW5IeTFSZTBMd2M0SEJydkExVGdEUmNoZjFYXzVHdldCWG5PQ3ZVSlRoVTVCeXFFWkR2NDdRejRMTlpxM0lkX3J3WENHcFBsb2dURG5EWDA4Q0FZc3JMRmJERE05RVRTMXhMQnFkVFYtUkdwRk9TWVFsRXdsQzVqMVEzcExycXBJSlJFNGQ?oc=5
2026-09-10 03:00,Investor's Business Daily,investors.com,"Long-Term Leaders: Boston Scientific Joins Watchlist, Motorola Out",https://news.google.com/rss/articles/CBMipAFBVV95cUxNWGxwVkRJb2c2Ml83eEhiWXZZNVJ2QWs1LXQwZUhjbWxSSDQ4OFpBU2p3eXpzWW12STVKdGQxZ2Fzcm5saFZocm1Fc0VuMzR6T2c2R1cyaFhhRjVjNWJKYy1vczVFcm91Z3B5dmtWUk96cDFBZXdrRS04RXJaVjNYek1rSGFVLVhqWUxPYkg2cUVwTFlCbkxtZWlBeGJGMHo4QUwxYw?oc=5
2026-09-10 03:00,Seeking Alpha,seekingalpha.com,TSMC revenue jumps 53% in August as AI demand keeps capacity booked (TSM:NYSE),https://news.google.com/rss/articles/CBMipwFBVV95cUxNc3NHcjUtZ0RjUHdDUnJvNjhEUnN6UUVlek9md1o0NmM1dkpScDltMmZjNFhYeW84NXQzZTROVkVxTjl6Zmg5Sl9yc3ZJWUk1WWt4MUxvams1SGZqZXlwdlFNQ1o5UjhfdWh5THd3WU5tdHlnVzRvUUlHUG13amdkRnJld1BYWXNsaUdRcGlMTDgwUkJFaEtQa0tnUDZwZ2RhWE9qWnpEbw?oc=5
2026-09-10 03:00,The Motley Fool,fool.com,Prediction: This Will Be Taiwan Semiconductor's Stock Price at the End of 2027,https://news.google.com/rss/articles/CBMimAFBVV95cUxNMll6LWdWZ1pja1Z1YkFRdU1TTG8tT2JCa192aDV5Ym8yTC1qREdfSlIybXFvVkJGUDJGWkhOdEg2WXJaSGVfU0w4elNzR2NDWTFyQ2xZZGdJRXFCRGhrdE4tYmZmaEIyMTRaNTRrUlRYRkVRbDRIWDduZlZMZUFxbmcxNm9mN2JVT3RRTTRaaFM5azNvalY5cg?oc=5
2026-09-10 03:00,Yahoo Finance,finance.yahoo.com,TSMC (TSM) Registers a Bigger Fall Than the Market: Important Facts to Note,https://news.google.com/rss/articles/CBMimwFBVV95cUxQWXFVaGpzX3VWRVVyTi0xOUxpWE1SRmRCY25oeUZISTUtRE01SkRlaS1iRkRpa25pdkJLak1zUFQ5Zmo3TUljTGZYdFg4THJJNFlSUDVESXBwY1JjcjhMOXVFenNFWktpZGVSU2U2RnlBLUJxZkROOVoxa2JKMDQyLTI4a3BIWEE4aFpiZFYxRnFjUmo2bW5TX3hDOA?oc=5
2026-09-10 03:00,Yahoo Finance,finance.yahoo.com,TSMC August 2026 revenue hits record high on AI chip demand,https://news.google.com/rss/articles/CBMimAFBVV95cUxQMjlZbHIxLXdLamdEQ2NwTGttN1R4Z1RCUTlxb3BsV0FiaU5JZHhtaUNDdmNyb2dGajlCcU40bGZvWkhUeDR3Y3pqQ1pjU09KdUhEdnR2WXpfemNybkNLY1pZM2N1Z295ZE52T2d4d2ZQazdDb3FNMVhWWUxaMHhYdF9NU2UwWWVyQ3ItSDJ5c3V3dGJxa2h2MQ?oc=5
2026-09-10 03:00,Yahoo Finance,finance.yahoo.com,TSMC August Revenue Rises 53.3% to T$514.8 Billion,https://news.google.com/rss/articles/CBMimAFBVV95cUxPTWhoT3Y5Y0xid3VZeEpIR0trT0Rnd1JxTFJ6ZzBYYWFLN3lzWnJfYzRvQWdmSTVXWkFGdTdqeTVyVUFpNnJUbkY0WEhOR2JMRmVjaktrbjk2YkVQNlJIY2pPdHhSS0V1REthR0hGR1ZLcHZqaWhHMEhTZE1rZmlVa2xBM21hMlE2cUVLSnE2empvemRFUGY1Zg?oc=5
2026-09-10 03:00,Yahoo Finance,finance.yahoo.com,TSMC Collaborates to Expand Large-Format Photomasks for High NA EUV,https://news.google.com/rss/articles/CBMinwFBVV95cUxNdzlLblZUcll6WmcwZmNqcGJoVUk4TWxqQm83ejRqSDgyTFJUemstcGFPMXhydlVkZ0VFT3BMbXE4Wk82em5ZaG5TZktNNk5hOWJXUU9PemkxNFZydVNYS3BNT3lfYWs4UzZXTFF3OTIyN3IyMzVnM3dlYXI1T2lZclRPUVhfVjdJdnlidm1Lb0lnZnM1ZVE0d1l5LUVfYms?oc=5
2026-09-10 03:00,Yahoo Finance,finance.yahoo.com,TSMC Falls After Record Sales--AI Investors Want Even More,https://news.google.com/rss/articles/CBMilAFBVV95cUxQYS15Y18xTzJWelpSTExaWlBDUWlmM3ZCbDlKMUIyMlNIRU5rdDNsTkZzQmlsUFoyRlVQMjRoeEJpQ3NwekxKNHJubGhOYlI5QWpHeThmV0VsZnNQMjltVjhWZVEwelA1VkVUM3NFNUdKWkRLT1FOTG5aQkF0Y1VRTWFJa1pnTlVSckoxYXVJS1U3dHRH?oc=5
2026-09-10 03:00,Yahoo Finance,finance.yahoo.com,TSMC Reports Record August Revenue Driven By Strong Global Demand For AI Chips,https://news.google.com/rss/articles/CBMinwFBVV95cUxOanNmXzFScUhsdXl3aFJ0UTRieWdpWlBOd2dydXBzNmZSN1hHZllVSV9yNUd3QW1lTXVhb2ZDSDFSclB2bXJfeFRyN1lVNGdmbGFiM21WNXBVRkM3dHRkOE51VDBBTlZkclN4Y1FtdDlRRm94a0E2TlZaOU9xT09xQ3hFVjJjc3lyVWVPZUU3dzExLWRvUHZuNG1maW1KOHc?oc=5
2026-09-10 03:00,Yahoo Finance,finance.yahoo.com,TSMC Revenue Jumps 53% on Red-Hot AI Chip Demand,https://news.google.com/rss/articles/CBMikwFBVV95cUxNNFFPb2RCRzJ0VFFZVm5kc1U4aTRFazUzM2ZxSS1CUmxsNFJHdW1nTjJPeC00ZWxrMG5aN05PNGVZWk10THg0T0tPNHMzajhSa3VuLWQ1eGVVb2VFZlhjSVFwc1RPZk4xN29JNlZ5SVAyLXlmSmQxakl5c0hBRU1lRnR4RnR3cWh2bFdHcFlscFZlU1E?oc=5
2026-09-10 03:00,Yahoo Finance,finance.yahoo.com,TSMC Stock Slips Despite 53% August Revenue Growth,https://news.google.com/rss/articles/CBMilwFBVV95cUxNMm1LdnFKcWxjbVRUTnNXdWFXUm12M0pkR1pkTmxXRzVuZ2l2LXZSWVphYUEyT19RbnhyWlZ3WUp1LVpZQVFxYWFTQlhzNnN3b0Z0Wm1lLU5jTjlCNkVBRDVIblpBeEFsNUJIRWlLaUt3aGZtRTdHTzBmRk9BeXV3ajNJT2JBeVhGY3BCa1oyalV6em54ZG1z?oc=5
2026-09-10 03:00,Yahoo Finance,finance.yahoo.com,Taiwan Semiconductor September Revenue Surges 53% and Can’t Keep Up With Demand,https://news.google.com/rss/articles/CBMirwFBVV95cUxQclR4WnRmMEZGSlA3X1VMUHBxRTZvR0tpY01KdVJUX1ZjVFRaeVhEbDBDR21IZ0NRNEJIb2RWTm91VzRGcVZiTzlLNEI2YUN1cnl2YVNLaXdBdVBmdkdnUF9sVk1kcWE3MzRxclQyaU1oV18zYXNxdWRBcmgtLWlsRHBYSUxqcDdNT2U3eUZnZGJxcGhnNVh2alFiTTFMT3FTaGhMMnU0RkdKZk1EU1lB?oc=5
2026-09-11 03:00,The Motley Fool,fool.com,Astera Labs vs. Taiwan Semiconductor Manufacturing: Which AI Supplier Stock Is a Better Buy in 2026?,https://news.google.com/rss/articles/CBMi5AFBVV95cUxObVJta2dGTW1scl80OXRZWm5vRlNZaWpwR2tJd2tBRDM1ZzRRVnVFNlJhZi1nbGI4dXdGdGJWc01BS0ZBOTIyTEcxT1JqNXRzV05FbnJIdmpxMnpIUFZIV1hWYjhTcjM3OEdaNFRUNmQ3dkcxU3Y0TFpqUmVUVWJ2RGlzdXp6Um1XdGZpcjEyZlQ0SXR4b0N0Ty1KdVUtVHVpcEJzUVBoRWQxVUl0dG55YXZTc0pWNlQ1UUpCUDRCVWlfelhSZ0lVOTVsbkk4dnN5QzJpRDI1cWtxNG9TMi00X0hjZGg?oc=5
2026-09-11 03:00,The Motley Fool,fool.com,TSMC Just Delivered Fantastic News for Nvidia Shareholders,https://news.google.com/rss/articles/CBMiowFBVV95cUxNbGpzVFJ6R0RKVlpBRE5OSm1zSExTSGxMZ2ZYRDZlYTNZUFB1WDB0UDhrUlU1NGN6bzI5S3l6V3JlaHgxU18wd1NjOFQ1MVkwNHp4VGxCU0J6eHJWaFFPeFN2TTZDYlpDLVBXYU16VTkyWmd1cHZ0N0RFUzk3OFN0RmdlLW5FMVdPMHUwM2dVeXJxc1FzV3FZaXppbER0OGVpbllF?oc=5
2026-09-11 03:00,TheStreet,thestreet.com,"TSMC’s rivals are losing ground, and the gap is growing",https://news.google.com/rss/articles/CBMid0FVX3lxTE9IOXFxcmR5UzNMU3FoWWFfdXJpUlFJYzV3bVBFSVlpU2syX2I2XzFzeUQ2SG1QM2JHTFdOQTVpNWJnaHNPcUlLLWRaR2JxQjdtaDJsUnpYb2ZIVk9xbUhsUjhGSHZ6VjJmRTF3QU1YeDZjcnE5dHJz?oc=5
2026-09-11 03:00,Yahoo Finance,finance.yahoo.com,TSMC Price Prediction: One Number Could Define the Stock’s Next Move,https://news.google.com/rss/articles/CBMingFBVV95cUxPZHUwRGhXbkVHeTRQT1U2UjVNVDYxbGQ3d3ZwMlM0VGZ1WjNUUnpNdi1qTThZVFpzRjlEbmVjYVFVS3RkS2RpbVlESEJDMl8tcVFMcV9NMGJOZkVGYXAtSlNQcEloMTNIQllRRk1nNW5RMW0ydGhMUEVDa1FmN3h2M3IzaExZd1dzZHdsVlFqaGQwQVRqeTVWUEoyeEN6QQ?oc=5
2026-09-11 03:00,Yahoo Finance,finance.yahoo.com,TSMC Rebounds as August Sales Smash NT$500 Billion,https://news.google.com/rss/articles/CBMingFBVV95cUxPdDVMdmliTXR3bGUzMkVBQlVQR1VBQXhXRmk3S1U4ci00YVp6b3pjMmEtY0ExZTZJOGtMZ0p1QW5LN1ZadXEyOUp3UENpdmxJbUdoSThod3d3dFV0SjhmUkc1RXFKOERORnhFd2V5aEQ5ZjdlS2s0aU9VUGl6N3NBNGwySXlzcEVKMWNzamNRZzJKMnVpb1FpWHZvUFFYdw?oc=5
2026-09-11 03:00,Yahoo Finance,finance.yahoo.com,"TSMC Revenue Jumps 53% in August, Signaling Strong AI Chip Demand",https://news.google.com/rss/articles/CBMilwFBVV95cUxNU3FzdTE1Tm1Yd1VZMmhmM3ZDa3VQQmVUUEpuUm9vYm9jU0lTdHNPalhZNUVqdmNlbjdTSnl4ZmEzd1d5VFluWW5wSUpXNE5xZ1NzbmR5bUNlY0xfaU5VWW9ldVRDYjVyNjlqeGRSSWV2YWw0bGdleGVRUVM3TkhEc0lISE05ZjVoNnVfeGhXSklxZ3pXUVhz?oc=5
2026-09-12 03:00,The Motley Fool,fool.com,Apple and Taiwan Semiconductor Manufacturing Just Announced a Cutting-Edge Chip. 1 Stock Offers Far Greater Upside.,https://news.google.com/rss/articles/CBMilwFBVV95cUxQeThFS045b19iSkRLSkVYRDcxVmZOREt0WDRiNkxlR2ljaDZrb0xPWEVNY1pnLWdwa3QzWHNuZ3hsU2NJZXo3ckhLdTdmaTBnOF9RUUJfU3JhT0R0eWJ2S21lX0lkQW0yN0hZa2RDQW5HaERyV1I2UVVONmd0ZnY1YVR5dGJyTTU2cV9OZzFzUElmZHRrWHFV?oc=5
2026-09-13 03:00,The Motley Fool,fool.com,"Amazon and 2 Other AI Stocks to Buy With $5,000",https://news.google.com/rss/articles/CBMilwFBVV95cUxPa2ZleFRCWjBla044cHAzNVYzb0tKODB5QzNJMDNrb2dNWE5DRU90dG84NmFwakJXdFBBb1I0d2lsVWNGTnhmQWU2V3l4dmNFS1ZhMy1TZlU1OXgxdGYwaHphdzFtcWx0TUxaLUVVMVdsQ0R1QXQ0TEt4SUFwY2JXYi1lQUwzX3p5RHpRTk1QZXpIdUwzUWRn?oc=5
2026-09-13 03:00,The Motley Fool,fool.com,Prediction: Taiwan Semiconductor Manufacturing Stock Will Hit $600 by the End of 2027,https://news.google.com/rss/articles/CBMimAFBVV95cUxOejNzandWdGJVaU1UbktHZmhSeFhRMzlTTk5qMXhVWW1aNFl5S0E0em1YNHFOWGdkTUVoVUdnd2pKRjlTejFkWndPQm9sTlhTNXpTWXVlMnN2cmpzQkI3cWh3QVZTZno2YU1uZkdreXVlUzgzeFN0QXFZSXpIVE1wTGN2emZuUUtra3pTai1aU3g0dkI2amQySw?oc=5
2026-09-15 03:00,Forbes,forbes.com,How To Buy Taiwan Semiconductor Manufacturing Company (TSM) Stocks & Shares,https://news.google.com/rss/articles/CBMifkFVX3lxTE9fSERucUlxSWtLS1M3Tk1oOHdqQkROM0tUbHZLMDhlZDd0Yng3N3dOeWdsLTNWZXU2SmlzOXl5NVI4azc1cmhkU1FPODM3VEFYbGN2WWN1azlULWJLZE40VG5KV1MxZF92Z1d6UUJ4cTd6VDhSVlNuTG0wTTZZUQ?oc=5
2026-09-15 03:00,Yahoo Finance,finance.yahoo.com,TSMC Slips as 2-Nanometer Chip Powers a 51% AI Leap,https://news.google.com/rss/articles/CBMilgFBVV95cUxQZGpkd0xHLXpLTXJVcExCaGRXVXVzcjRnMU45Y3gtTmxsVjAwVmk1dEFZc08zYlltT25tU1BwNnlmNFMwdno0bXBOQnVMZFBSYkttalh4c2VnN3hiUlR4NUJwMjN2UHdpaTFjMlkxT1FOYnBlYWROLTlDUDVRczFyOEh2VVBsVVBlb3kwQ05uTGFDeFFPYWc?oc=5
2026-09-15 03:00,Yahoo Finance,finance.yahoo.com,TSMC's Strong August Revenues Signal Continued AI-Driven Chip Demand,https://news.google.com/rss/articles/CBMioAFBVV95cUxNck9tcS1tQlJPV1NxZzdjM2czbjNuYVMtcUFQVmlGSXpfbkc5ZXdNQ1F5dVA3RnNNd2V5S2JSVjJmbkxzQm0tNjlvZUxUc1dSWng5U3NFeGFhRnlZZUprTzNlN1lZSk11VXNHbHJJUEJOcDJaYk8tTTNFOUE3YXN4TTQtaWRSc3N6djFqLVcwcmhEeXRxVnd2akFpM0hqR3dE?oc=5
2026-09-15 03:00,Yahoo Finance,finance.yahoo.com,Taiwan Semi Revenue Keeps Surging. How to Play TSM Stock in September 2026.,https://news.google.com/rss/articles/CBMinwFBVV95cUxNa2FuY2ZnOGFhY3VSdGI5eTI1MnlzQTBad0FsNnBGR3BfTHBLZUVteUtVUmZlLXdGaGNOelBObEMydXFrZElSdlNsVUltYkZQQ3UtOTViQVlzTXYtRnhsNTZDcHllYTFrNUJlN1ZOMGdHeklDVlJTUDN1VFlaOGJNRUUwUGkxRjc2LXhqMlkxcmVMZVVMd0ZCY2YxTi0xekU?oc=5
2026-09-15 03:00,Yahoo Finance,finance.yahoo.com,Taiwan Semiconductor Issues Blunt Warning on AI,https://news.google.com/rss/articles/CBMiqAFBVV95cUxNWDcyOWwwLS12R3F5RHZtQ093emxOUEJhT0s0cWNScEdLWTk1WlY1ZWJHcXhRWG9JeDk5cWtjQmF4YVBSdVR2ZHZUSGVEdm16T2RNRWZFMEMzaTh6aWdiTm1VbTJSMlJVUFhmS3JrZm1EOXVsWE9lVk1UdGp4NjJ6VEg5RkNHb3hjcU5lRHB1YVZ5MHlnZTRVZjBzdU9CMzF2ZldqWXBndC0?oc=5
2026-09-16 03:00,The Motley Fool,fool.com,ASML vs. Taiwan Semiconductor Manufacturing: Which Tech Stock Is a Better Buy in 2026?,https://news.google.com/rss/articles/CBMi0gFBVV95cUxOZExGM2lUdzVSLWJvWkNXSkw4ZHFUQ3dxa0RkMGMwTkk3b1EzdFpOODJQYzdVZ201NWUyZ0ZwaGs1NEdHUTMtRzE1WktwQlozQk0xVTNiUExjYWtZWnpQMnBZMTlIdjZSMkxKRFRIdE8tcEdFbTZ4TGJ6T2dsNlBXS0NNNEJDcXR2WHFPT0VCMVpLdWZlWjYzbUJYZ3ZEc0ZLZHVnU0tHbTVmTU1IeHE0Vm5MU0RQa1lPcy1wam5CSDlmejV2UlBLWFdmRHJwUGpfdEE?oc=5
2026-09-16 03:00,The Motley Fool,fool.com,"Prediction: $1,000 Invested in Taiwan Semiconductor (TSMC) Today Will Be Worth This Much by the End of the Decade",https://news.google.com/rss/articles/CBMimAFBVV95cUxNYjhobWMzeGRjQ0pWQ1liREI3VE9OUGNFLTdmdGdmXzUxWHVEVXpON1E5eDF4cHR0dENiRzRxQ0JoU0djQ29uekZyRzJ0TzNaV29qUnRjQTBzbmNtWEg2T0ZZZDNSdTZxVkktVHoyUnN4QkhPamJfWkNwQmpIMVlpOEhGTjR5Z2pXR0ptclo4cUlSZUJlOHozXw?oc=5
2026-09-16 03:00,Yahoo Finance,finance.yahoo.com,ASML Vs. Taiwan Semiconductor Manufacturing: One Is More Misunderstood,https://news.google.com/rss/articles/CBMiqwFBVV95cUxONWk5aDBxenR4Z2JWOFVMaFhQVTktc3REeE45SWxUTEMtREpPNEEyU251ZENYMUUyV0ZOa0ZtMmxUZERYdExzM2M5bndieXNidEV0Mlo2cnZTYWM1ZTg5cWFrejdwQmZlQ0tjNDRZWlo5SFF5ajFHVEJzMVhHNFhCQ0pnUVZzRDJiU0hUbUxVdTh1ZklueFRKRjdoTHFib0QtNlhHSGlJZnpHZTQ?oc=5
2026-09-16 03:00,Yahoo Finance,finance.yahoo.com,TSMC Gains as 2-Nanometer Chips Enter the Smartphone Race,https://news.google.com/rss/articles/CBMikwFBVV95cUxQZWt5T0pwZnh4V2lQYU5XWjVtaGtOR1p2dEdVVkxmX2gwUExUd3hHUWIyMTExRVNvcTRyTlpUREU1bWl2UGhhdlI4MlduRTRjeUdUU0ZZOTRwNlBSQ3FlTVZWTnc3RUdXUllUaURRZWZrTDJqTXF6bWJ3MTR4dzZYOXNFSldmbUZ3QmZ5LTdqeHpvZjg?oc=5
2026-09-16 03:00,Yahoo Finance,finance.yahoo.com,Taiwan Semiconductor Vs. ASML: There’s Actually One True Dominant Picks-and-Shovels Play,https://news.google.com/rss/articles/CBMinwFBVV95cUxOaHFCei11cThfSjdfTDRNUEdvcUY4RkpxNEgzX21nR0VwTkY0QVFZZmtVZE1fbEkwMXlHVm9wODhwaURWc2NaTHVjeGI0cXctM0ZxZFdUSnNEUlhhU3g4MnJtc0ZOVUNfXzh4eW1wUnB5YTdXWlgyMjd1ZGlPVGJQbXJYWm9Hc2tBUjJFalg5d185NXpsdmRHSFlBaC1Cb2c?oc=5
2026-09-17 03:00,Yahoo Finance,finance.yahoo.com,TSMC Gains 1.65% as 2-Nanometer Phones Leave the Lab,https://news.google.com/rss/articles/CBMihAFBVV95cUxOTUZxVk52cVdoMHRES01fOW5nRGJRc20tbVFWbXNOVzczUjVGekFKUVBKVzBjZUxpT1JlbmM4d2c1SVNoaXQzdENkUHRiZFNzV2N5dkFCY1hvRGhKUVBZc1pRWUJzVUNXNEtOWHZUYlJCZkI2ZWVqQVhHc2J1ZEt2d09BMGI?oc=5
2026-09-17 03:00,Yahoo Finance,finance.yahoo.com,Taiwan Semiconductor Manufacturing (TSM) Could Be 14% Overvalued As 2nm MediaTek Win Lands,https://news.google.com/rss/articles/CBMirgFBVV95cUxOeDQ5WXM3TnE1bUw4M1ozSXFWOVdJQ09oZHhMNkVndHJUSHlVa1JWTGNOU09ENW53ZHl0ejFaWDFlMkd5SmlPbmV6VTJTY2RhT2Q0c1NLQXlNQVRwSVVpeFpWNHUxd3F4Q0xlOFdvNkVjOFZzNGxOb3AxcW55MV9nbm9YX01YRjlfcmFFQzk4YTlGTnhxVmdNTkpMWHM5U2xoQTE4SzMzSjVzaDh5Q3c?oc=5
2026-09-17 08:08,The Motley Fool,fool.com,1 AI Stock Poised to Outperform Micron and Sandisk on the Next Infrastructure Surge,https://news.google.com/rss/articles/CBMimAFBVV95cUxORUtPcUV1ZWN5M215TUFjSUdDclR5empMTjcyT2Rvb1VIcjY0dDg1UHN3OWpsbmVnV0dSeTJmb2ZNMnVlbDlsdE0yeExORVZDd2R3VW5iRUVScmI4UXlGcGR6TmxINENGWlkza21HWGMtelRCa1NrVzZXUDBxdjNaM1FUWE9IU0w1Y1B0SFNVREFrb1RFMnYxRA?oc=5
2026-09-18 03:00,Benzinga,benzinga.com,What If the AI Boom Cracks? S&P Says Taiwan Semiconductor Is Built to Withstand the Shock,https://news.google.com/rss/articles/CBMi1wFBVV95cUxPSEpIV0lMSWY2UjdLcWdqMDkwbDFBNDl1VW5VQ2ljdnkyd0NPZmtGZ3pObDI2TkF6cFhKYTNJYTFJS1M4MTU5T0V4T2hqcmNXaE1oTzkxaHB6Zi03cDkzUjhoVW1scktpRTZIWlhRd0taR1pDWHRlbFpBT29Oam52Tl9KeFRtLTlJclZweWxITDZERTFLZVQwX29BcHNiYXBDTE42UmJ2RWdYWTJLSkM2Y1ZNQzZWOTFfeUFqRXJtNTVjdkFrZjZsVDA1ZldnSUZ2YjA5cENBaw?oc=5
2026-09-19 03:00,Yahoo Finance,finance.yahoo.com,TSMC Stock And 2 Manufacturers Building Around Tariff Shifts,https://news.google.com/rss/articles/CBMiogFBVV95cUxOVnJUcmNfdTZoSXNweWR5MlNvLWlhaV9WUVU4NFVXR3plTGRuS1RNSUZCRzQ5ZnpzaUFObEg1Zmw3VXdJUnJhTkVpaGFweDZKWU56Qmk0aElPRnhUTndsLTI5OTRhUFp5a2hkbkNSX3IxUzVrVmJURDB3QTVPVU5OZ3lMQ09GLXNJQm41cDg2ZUp4d1RWdUlhVGRhLTJFbjVZSlE?oc=5
2026-09-20 03:00,Yahoo Finance,finance.yahoo.com,Taiwan Semiconductor Manufacturing's Foundry Market Share Is a Massive Moat Nobody Talks About,https://news.google.com/rss/articles/CBMitgFBVV95cUxQSmVIQnVhQkdTOThiYVVDcVF1QW5TVWhZOGdlcjIzdTNJenJSVGJsZkVyZjVFUU1ndzFCbW4yeHhBYTVxLWNaQ3RlQnlacW5VSHpIYi1zZWNRTnJpVS1vMUlKWVIxWVkwSUVqR1Blay1yQ2diU1FtamtGWno4cW03aEZJMDBWM0R1WVpmajVmRlRsQ3N5ampfcGc1UVlaUmxWZG84akZ6cXhYUE5fZ0h6bjdEWk5ldw?oc=5
2026-09-21 00:28,Reuters,reuters.com,Taiwan breaks ground on advanced packaging park anchored by TSMC,https://news.google.com/rss/articles/CBMitwFBVV95cUxPWGV6cVJvQlJmWmV0dDdLM0Vka0hFMy03UlZlQzAxTkFZYVdncmZHNER0Sld3U2tWcGdweDdYRmJXMmg1cmVkSmxKaE1WLWM2TFhYVEw2azFIV1ozSzV4S1FOSTh5aUl3eHYydzV0T25uTDFKX0NDTk05X05VclhHTE5HdDYwSHRBcFgxX3F2ZTdORTV6bWVmbk42X2JXcUpkcEgtaWFveG1LNTg4YjNLd0VYV3hPRk0?oc=5
2026-09-21 09:37,Yahoo Finance,finance.yahoo.com,AMD Rises 5% as Report Flags 10% Chip Price Increase; NVIDIA and Taiwan Semiconductor Tick Up,https://news.google.com/rss/articles/CBMikwFBVV95cUxPZ3ZrMEFiZmt3VWVaZmpzQlFNTFlmNHFKN250bk42ekZlWnE5NnpxaW9ZZFlSQTNvMFI5WVVKMnYxaFMzNzQ4eDREbnhzNGk4aTFSNWZSS205VDJ5eHRBQzZGRzZEVHhid3JpX0phUnVwcmxxWV9IaG5oNEp5RHd0bzBibllvWXlwMG5xdG1mTHlpbkU?oc=5
2026-09-21 11:43,Yahoo Finance,finance.yahoo.com,TSMC Gains as 88.7 Hectares Target Packaging Friction,https://news.google.com/rss/articles/CBMijgFBVV95cUxObUNJRXdDQjVxcEplZ2lMQ0R3T2RxM3NvU3BReV8tVm9NbmFWZS1POXFMV29VNXpRRW5RZHkyT2ZBMnRUbGptelhJTmtxNXNmOGxqMGdpM3JBQlBGeUhPOVdGbE85MEJzTGhqNUZoNHJfaFdLS0VMVUNqVWt6Vmw3NkYyZmdYa0lqekdvZ05R?oc=5
2026-09-22 01:31,Yahoo Finance,au.finance.yahoo.com,"New Zealand Shares Rise, Templeton Emerging Markets Investment Trust Reports Taiwan Semiconductor Manufacturing as Top Portfolio Holding",https://news.google.com/rss/articles/CBMikAFBVV95cUxQVHJVdEo5dFlxV0hyLVlTVlZvbkVkOHFsTmpVTkswZl9pcDNYR1B2ODA5WjNlRVV0Y2JyaV9TVFBjZlBiUENoRG9pRWQ3ODF4c0l6YW80cEdjU1NaNGpaYkhTOE1NNXVOS1l0cnlwM2FkcEd1UEVfbGV2VlQzOGlVLTc5c3EySmxjTTVMdGlyY0I?oc=5
2026-09-22 09:00,Yahoo Finance,finance.yahoo.com,Here is What to Know Beyond Why Taiwan Semiconductor Manufacturing Company Ltd. (TSM) is a Trending Stock,https://news.google.com/rss/articles/CBMiowFBVV95cUxPaWo3MUxXelBoeHBHOGoyNWhmaG5uTi1vajhFamxKSjhCSWJFaHBENFJuOUNRMXhoc3JQdFJxR1JoVnp2REs0TzYwYTJxWGh4Ym9nUXQ0WHA0Szcyb2pDWDVPWE5TSFh4OXB4T0V4bU9CVGFVbWJxWmxBcXJTNnY4NDQybGJQcC1RZERrVC1ka3NQUkZQdjI1UlRXR2JvZFdEV01N?oc=5
2026-09-23 08:45,Yahoo Finance,finance.yahoo.com,TSMC's A14 Gains Customer Traction Ahead of 2028 Volume Production,https://news.google.com/rss/articles/CBMimgFBVV95cUxOYnRaZnVOZURYT2gzX1ZLd1ZtU3dRRE5mR2xCMWxWcE1XYllrWVp4bkgtV0FrOVlTdS1xMm1memVzTWIwcU94VHRvdWxmM2QwbG5NcGFSWWFxYnNxMjA5Mld3NW1QX21RUnJNTDF1RHZHVUlRTmY0Y255Rks5RzhmalFoRWFoYkVNaUZaa3JHNkVRMHFKTUdkMzBR?oc=5
2026-09-23 09:30,Yahoo Finance,finance.yahoo.com,Wall Street Bulls Look Optimistic About TSMC (TSM): Should You Buy?,https://news.google.com/rss/articles/CBMinwFBVV95cUxQaVI5ak5COG16a3U3NjdSbldJQWJNaWQzVk90MEYySmptb2J2MnluNGtoSnZzdFJHelZvTXlDaG9YbFBnY1BDeVdhSlh4VmQ1N1ZnT0JzalVWZTloMElNY1doOENkMHNiOHRLcDgxNVBEWUxKR0lqOFh5ODRLOXZZeXdVbmw2V2I2WDBZa3dVV1BjckxIVlhRM3hDdWh3M2c?oc=5
2026-09-23 13:10,Investing.com,in.investing.com,"Richard W. Allen buys Broadcom and Taiwan Semiconductor, sells Rollins stock",https://news.google.com/rss/articles/CBMi0AFBVV95cUxNRkFacm9nLUZZTkhOSm1mQThBQkNndTNHNE81QklrN1hzODFhbmRVYUp2QnNQWWw0S0lUZ29pcHRjbDAzUHJ5T3BSeWFSakNHN0ZNRmdCUUtxQVFWRnJwcmc0dG9YeXdoa0VfVGJZb1Y5LUFvMjhLcjUtVVFndHpyTEtSVjdFWHkxSEdFN0dvWDVOYkZaMDI1V0xGcXh4bWdwY25XNkxMQ2lFaUx3Yi1aUllMMC16R2Zjd0ZmNldkNjVlZklUaC15a2NENEYtZmlS?oc=5
2026-09-23 13:45,Investing.com,investing.com,"TSMC stock analysis: fundamentals, valuation, and key risks",https://news.google.com/rss/articles/CBMiugFBVV95cUxPalVHWnQxdnlDeUpORVZCOUhHXy13eWZmanp5WE1SWVg5cHAzTFpEdjB5LVgtSEpoeE1UbUlBSnNhZ0hVdGJBUF9rdkNwSl9ibjNtMUI0Q1pJNVU0VEZDTTRoVG8tMUJBdEJjV0F2aHZwb1ZXTThKaXllZEJtXzhObUF3UjQtb2pfVU5ENTBiX1lHaUdfdTNuM0x6cWlkenVzRWEzSXRsRjBXZzJQM0RhZ2ZadkRyY2JwZ0E?oc=5
2026-09-23 13:47,Investing.com,au.investing.com,"TSMC stock analysis: fundamentals, valuation, and key risks By Investing.com",https://news.google.com/rss/articles/CBMiuAFBVV95cUxPZkNUWVRfVHA2TTl1X3NVX1pBM1dqM01rX0FTaXhOalZMaERuSG53NlNqNTkzRW15ZHFYa0xDeHZfUEw5MXp0MGFFaGp3bVZuX2NwQlBXWWpNd2FaRktnaVZGQlFkWktYajFvZklBVHNNR1ktdF9vNDVHSWtzbFIyUGpKTmpJMFdxRFU5SEQ0T0UzT0F1SlFtdnlIUGdBand4TC0wR2VOQ1UxWXBMaVFiYmpodzlDM0Rw?oc=5
2026-09-23 14:15,The Motley Fool,fool.com,Not Intel. Not Nvidia. This Chip Giant Holds an Unbreakable Moat in Next-Gen Data Centers.,https://news.google.com/rss/articles/CBMikgFBVV95cUxOR2NTM2I4bnRXVUhFVTB4UEJSeVQ0cWRvSnZFaWZzWHdzdXBUcTZoeTIwaDF3UUZ0VFczWW4tZFhEY21wMVNGQnBlelFjWndfd0U0aDhOREllYUJkTnFSaEtmTVNsbzhiaUQxMDd1U1R1bUtrdzM4TFRYUTlzYWVndkstN0pvZ0JOclA0ZGVVMWkxdw?oc=5
2026-09-23 18:20,The Motley Fool,fool.com,Arm vs. Taiwan Semiconductor Manufacturing: Which Chip Stock Is a Better Buy in 2026?,https://news.google.com/rss/articles/CBMi0AFBVV95cUxQZXdkaU9VdkJVUC1JVGNkQlA4LUZaSHFoQWNLY0tXUW1JVVhaQjRPeUJ4R3E4ZEVVMU9zRlFxWVJRLWZaMHh3dHIwQTV4aFd2QmtVRTRRY1hIb1k0c3FyOUNua2FjYlB4cy1tTWdqYmxiU0t4RUYxbGo4STA4eEpxVFZfYmVFMkVLdTFaWXV1YkFucmNCVmhNSmdxVkNoX3dFMnBmUHpSYTRwVW1UbDVIVXppbk5RX1Jldk5iel8wd3MtTng5Sk9xLXJRQ0dMenlN?oc=5
2026-09-24 05:34,Benzinga,benzinga.com,TSMC to Raise Wafer Prices 3%-6% in 2027: Report - Taiwan Semiconductor (NYSE:TSM),https://news.google.com/rss/articles/CBMipwFBVV95cUxNOXBOVzRITThoVkdiQWVhcUNBQ0JWOGd5WmpQaU5Ya3Q5dkJjZzNLYm5iMmtWdVFRSU9OMXI0U1BxVU9vcG9yUUR5dHNtcEdhVHByNEtQVVdDd3Zvdmc4MTBzZVNPM01sZnF1VGswVTZoYlNlZmdRVmRRY0MwdUpqaUF3eFN3ZzMxVnRfeTVxcXQ1NFIwQmdhb1h0LXplME82NWlYaUhzNA?oc=5
2026-09-24 10:13,The Motley Fool,fool.com,"Here's My Top Low-Risk, High-Potential-Reward Stock That's Thriving in the Artificial Intelligence (AI) Boom",https://news.google.com/rss/articles/CBMilwFBVV95cUxOVzRjXy0xbFYxLS05SlhaQUJOVkJORWh6RThWd0pCNG9zYjFacUVyMXlxaDh4djBCRlFHZ3IydDdpUGFhZ29MWVk0Z1FsMmloWTJEVGNlclREdldickVlQ1BBX0NjdkxVdDJfcDJZOG9sQkFoNzg5QnNxM0c4QnZNdVdUNl9SZl9jWVRnZGI0YkMzNGxRc3Vn?oc=5
2026-09-24 14:26,Benzinga,benzinga.com,"Nvidia Has The AI Profits. TSMC Wants A Cut - Taiwan Semiconductor (NYSE:TSM), NVIDIA (NASDAQ:NVDA)",https://news.google.com/rss/articles/CBMikAFBVV95cUxOVWNId01qWm9ZN0J0MnhaZ29PWXFnM2tFRU5FZTBjU1ZXZ3VhRGxYTENXZGdiWkRsLVBpTzRqRWhEdzVfMWxpY1hjWGY3Z2xEOFdLRjNLQmZyY2xtRlR3QzBFdGVwNjZmNFFORzh1ZDhPbzhRR3I4YkE0Z1Y4MmFZS3hMOWJsV3F4RWhZMzhkbDU?oc=5
2026-09-24 17:05,Yahoo Finance,finance.yahoo.com,Is Taiwan Semiconductor (TSM) Stock a Better Bet than ASML Holding (ASML) as Advanced Chipmaking Accelerates?,https://news.google.com/rss/articles/CBMinwFBVV95cUxPZnF0RlRRS2o0ajJCeHpFRXhlR09sWVJ6VWFQSnNOX1YwalRGOVJCamduV216OWZPZUk4RHc3enkxSTFsbERmZU5WMkJxbkJTYldqX2sxTnoyVzZseENiaHdwbElfajlsNWk0Zk1PVW55WUR0enNwRTV2cFN2WFdlTEhKdnlqX2VWb2hUQ3k2SkRKTHNjcVdRZVJ1bkg4RDQ?oc=5
2026-09-24 19:05,Investor's Business Daily,investors.com,Taiwan Semiconductor Leads This Group On 17 Onto Best Stock Screens,https://news.google.com/rss/articles/CBMipgFBVV95cUxQOElCa08zYnl3SGxFNmU2UnUyN0dUdjd2VEZtUDM4clRWYi1ONWR6WGNSc2VDNC1YSWlvOXIyY3djV3RUbE16eU5vWkRHUFV0ODJiY0lkcjE5RUxIRHhfekNNNEFSS1J4eGwzaDRjRGg1a0h2bk5OSHExOEMydHlkRUhNbWxUNzhFQTk5WVM2aXNXQUZ2MkFlc1M3eGVjQnNSQ3dOaXln?oc=5
2026-09-24 21:31,Seeking Alpha,seekingalpha.com,"Taiwan Semiconductor: AI Hiccups Lately, But Strong Growth Persists",https://news.google.com/rss/articles/CBMiqgFBVV95cUxQSlhoeVltQ0pLWlpvVTZWdWIzYXVNMnlHYXVKNmZnQ3BtYWlKQ19jWXBVbzZ4LURUNUNGVlhxeGpOeWZRaHMzekRHdm55YUtwelh1MG94cy1saURkcDh4aC1xT3VtNUk4ckZsOUFuZVluVjlpY1I3Uk4tT1pxZDVUWVRmcFVFZGswMUFNOEFKU1VxUWFXNXZHVURsUHJSWUNpNXBOVDlkXzM2UQ?oc=5
2026-09-24 23:29,The Motley Fool,fool.com,Is Taiwan Semiconductor Stock an Undervalued AI Stock to Buy Right Now?,https://news.google.com/rss/articles/CBMimAFBVV95cUxONHBHSE1VendpcDdRLV96bWwtTTl5aUtkSUs4Y19wOWQwaEx6Sm5LWmNVd0VLRHhPRW1LS3RRZl91QjVqbzVaWjdsOEZLcVpveWswZzFnTHQ1cnVmblBpNURLaXhrNmhPcDNnYk5KSF9fRVdJbzNiYVVMYjlnMzZId0NiTE1CSHlwZzU0eFA1dV8wZHdpMWxzeQ?oc=5
2026-09-25 08:30,Seeking Alpha,seekingalpha.com,"Taiwan Semiconductor: AI CapEx Keeps Climbing, And TSMC Looks Undervalued (NYSE:TSM)",https://news.google.com/rss/articles/CBMisgFBVV95cUxNTkVEY3lxUDJRaFpJWkM3dEI5NzlFVVU1UU4xSDNSN0ZHVHJ1SGVnWjJiODdZUmhKTUc5dnRSSHZvSlNyUjJ5QXpPOFlqSWhaelVEOVJtOGNnZTBRel9keEdtX21xeDBZc0FFdEtCcGdpM0dPaEZ4RzJuMXZBSmEzQVVDTGh4cmxsN2lNU2RVMjl5TXdKc2pWZG9kWUdKQWcyajdGMVNYbUtvOGZLUWVEWDZR?oc=5
2026-09-25 09:03,Yahoo Finance,finance.yahoo.com,Advanced Micro Devices vs. Taiwan Semiconductor Manufacturing: Which Technology Stock Is a Better Buy in 2026?,https://news.google.com/rss/articles/CBMingFBVV95cUxPRlZQeWpQNDhyR0dCZGNZTEM3STlXM3NaOEhralRRNFZMR0RmcXg0U0xaVVdqS1pfSHVPdTVlQ2NreWJ2el84d0Z4WlhxakVlemFIcHNwaThvckMxVXQtalBPNmdxaGFCQXJJamVyM2hkZTRnczFfTTZsdEtpUENVNVZEMGRrTTYxbUxwOFVNeXo3S1RIY1FCZVlpRHJxZw?oc=5
2026-09-25 12:26,Seeking Alpha,seekingalpha.com,TSMC Offers AI Upside No Matter Who Wins The Race (NYSE:TSM),https://news.google.com/rss/articles/CBMilAFBVV95cUxOWDF6MGNXN3ljUzNrdFR0X2JBdGhDYTBOV0lMZzhfWF9iWTlXUGxRM0RSOEdMTnBXRTFjTW9RWjFETS1tWjd3VXVtaUQzajg2azlTZzRJRlhlOElaaF9kc2l2TXlPdFpYODd0LWVId2tKSlFqQjlNOE9zdFNwT1B6bnFWNkNGSzRjcENiTUk0ZUJXT3RK?oc=5
2026-09-25 13:59,The Motley Fool,fool.com,Ranked: Semiconductor Manufacturers by Global Foundry Revenue,https://news.google.com/rss/articles/CBMieEFVX3lxTE1uWTZPTjBOZk1CRjRwd2tJNXVJR0hnY1l6cFRfYnhNdWpfS19tSEkyNDU2MmdFVklnQ3dDeHo3aUE0cUxqTmFEQnZWZEQySms2UHFuTHNSSVY0QmFRaUI3dFRoT3FlV2tKWXd6OEhrNE1YUmxTaDE4OQ?oc=5
2026-09-25 17:00,The Motley Fool,fool.com,Meet the Magnificent Semiconductor Stock Crushing Nvidia in 2026,https://news.google.com/rss/articles/CBMilwFBVV95cUxNOVg3Mk9EZDI3OHlqcUZQYXBkR0lCOUVVV2JUSU9lNlRWTnJpWFZNc2NQS1ZDTDdleGxCUzVlZmNHQ0tKLVZPbVZWZkN6bEFlVjhRQ0tMMFdwbmJJVmhLZjlpSGJZOHFiTWdkbmZoTDRsM1VLeENTSHI3bm1rVHpjMXNrdE5TQy1YVzFfSFBwSnlaTWhmUVl3?oc=5
2026-09-25 19:57,Benzinga,benzinga.com,"Taiwan Semiconductor Manufacturing Co Ltd (TSM) Stock Price, Quote, News & History",https://news.google.com/rss/articles/CBMiSkFVX3lxTFA0My1mRVpzRm5JRlBRWkVzN3duUmx3LUpUQlRSNTZMTjN1RkdSaW9raTBHd2VMQUc4dHpLa1pwWHR2RTNCbGNPM1lR?oc=5
2026-09-26 02:50,Seeking Alpha,seekingalpha.com,TSMC: The Crown Jewel In The World Of Silicon Is Trading At A Discount Today (NYSE:TSM),https://news.google.com/rss/articles/CBMitwFBVV95cUxNdloxa2QtQk1rVUtiVnJIOW5IYXVVcVBrb014WVlIYXRzSWtjR1Q1YlRGUmd5ZUhnR05MMzU4OTBLS21RVmpoeDBrSkd6M2steVVzRDNGOUlVMDlpVzZoTm05bXVMWWhiZ2JXb1NYeEttWENsQkw3WmxaTGJxVENDQnNfV1poeDZQYW1MWEJZYkxiZjFrV2RWa2UyU3dBWmZubGExMjdpbFJCVkw3OUhHTGhmVmFuV0k?oc=5
2026-09-26 08:00,Investor's Business Daily,investors.com,"Bloom Energy, TSM Lead 5 Stocks Near Buy Points As AI Rebounds",https://news.google.com/rss/articles/CBMikgFBVV95cUxObkpkbFl3eEY5Wl9lM0JucmVqbGI5bHhTbWNfb1g2dnNGQU1NVURDczQtemtwYmhyVDhHdE0zUEItVGxuUTBhLUpPM0R2bmNWZ1hnRkY4VEQyMHlKaDlrOVlYcmV3ekxJZG11ckp1ZzIzUUotYTJVVy1rb1poTk1aS1huYkQzNVc5Y3lOQl9hQ1VIZw?oc=5
2026-09-27 09:06,Yahoo Finance,finance.yahoo.com,Is Taiwan Semiconductor Manufacturing (NYSE:TSM) Priced For Perfection Or Still A Bargain?,https://news.google.com/rss/articles/CBMirAFBVV95cUxOSUN3aUIxeTBHUE5IdllMaThldlVKeVNFNlBfTjZUaS1JTXkwTDVwV2tnQVg2aTBkZEZ3Vjk5TzZxM215cEJDYldfZnBDaVhiS0xLVFZ4SDZZVUlCZzJvbmdXczZ1aXU4bHpvekZqMkw5MjRKcDVnT25jSVZEVEQwNjVIejNac28zVng5empnYkNkWnJya0lXQ2JvRC1CSXltbnR6bktiLXRIS0hO?oc=5
2026-09-27 09:57,Seeking Alpha,seekingalpha.com,TSMC: An AI Technology Leader Trading At Just 0.7x PEG,https://news.google.com/rss/articles/CBMimgFBVV95cUxOTlFrcjUwZmNrQkhWOVNsZUxSNkhFTmpURlh1NkVja0xpVXFlVmhGcEo4TkNlazF4TzZRQko2WGF0RHBkNGtUVUk3Y00xTHBMeHI0Y3R4QUI3S0kxbnNya2NJWGNxTmk4QV9GS0FsdU90QjVWR1ZIeG9oa1dUX0JzaVBHbWE0Vjh6aFZESVpoeHJhMUxHVVpVelNB?oc=5
2026-09-27 12:00,Yahoo Finance,finance.yahoo.com,Price Prediction: TSMC Could Reach $600 as Capacity Constraints Drive the AI Boom Forward,https://news.google.com/rss/articles/CBMinwFBVV95cUxNU09QSTNIMERhRVItbDcyN1FGeEFqeWV3c1BUQUgzUVo4ckNxRlVmdE1KTUNqSWZ1TkEwdDFxNVlJZnRfYTRHX2p3a2ppQzZQQW5RTWliTWVuYjZpOXJJS040UGh1MmdQT1VvM2NZVGV4ckFidV9QdkU4ZVZOM0Eta1NFeHd1RmhlVUxPQUl6Mk5uaWhNS3VIaklrSGM3RVE?oc=5
2026-09-27 17:51,Yahoo Finance,au.finance.yahoo.com,"Taiwan Semiconductor Manufacturing Company Limited (TSM) stock price, news, quote and history",https://news.google.com/rss/articles/CBMiYEFVX3lxTE05bWVfVVFsV3FFWW5ORDZ6aHRpS0oxN0R0TV94QUY5aWtCQ1hIX2VDdmZ2WlBhbWVNTVg0MDhtMDZ1dF84b01sc0dXZi1GMGY4NUR6d1Vrdjl5TGI0NDlDSQ?oc=5
2026-09-27 22:28,Seeking Alpha,seekingalpha.com,TSMC: Set For All-Time Highs On Surging AI Chip Demand (NYSE:TSM),https://news.google.com/rss/articles/CBMirwFBVV95cUxQRGxobGF4OXF2YnBnR0kxNmN4ZXhmMXhpdHJFNGpobkNqRzhGNEVRdWlGaU56VWY5a014a1pUUGxQVW5kZHNOeEVOTW1QX1RnSVd1S29iaE04dlhxOTZxbUt4ODRLdmkwcFFqR2s5U0tzZV9GdERmeXpacS16d1VMV0JCUHk4ekE4eTZCYnpHQW9FVXdhZUIyR3RYeUtyU0RtWF9fZkMxSE1nT3JrMHE0?oc=5
2026-09-27 23:07,Yahoo Finance,finance.yahoo.com,"TSMC 2nm wafer capacity to exceed earlier estimates, EDN reports",https://news.google.com/rss/articles/CBMilgFBVV95cUxOOUMxYXVLTy0zajVWNjl0ODAxbU1ZVnByNEFVaXRfVDVKZEc4XzFUcVFhM3M5MjBJZnJUV3JSajZJZW94elZKT21ycWxrb0dqTm1PbW9McWJlMS1iY3BoX0wtQnhUNVRnMVRUeDF5ZVZVVC1tbDZNRUxReTIybzctZHBqX29jZG5jMFdHOGEzYVFvLTZIV1E?oc=5
2026-09-28 02:00,Yahoo Finance,au.finance.yahoo.com,"The Zacks Analyst Blog Highlights Analog Devices, Semtech, Taiwan Semiconductor and ASM",https://news.google.com/rss/articles/CBMijgFBVV95cUxNTDJYUGFSSHA4cG1XWVZiNzVLckU3aXRWOEtRT0N4RGtfR3dDeDhHQXMza1drUElFeE1YdGtBM0RybC1BVE1ldG9SQVNTTkF5eF85amFvZGxTTkZOWVE1aHBDWkwxREFZRzlGWWN0cVJ4QXJsa0MxT1hsYTFWdzViNk5WZXpJcDVhOWt6SGZR?oc=5
2026-09-28 10:29,Seeking Alpha,seekingalpha.com,TSMC increases 2nm wafer production outlook by 20%: report,https://news.google.com/rss/articles/CBMimgFBVV95cUxQRVVkRzVLSWY0YURYc29XWFl6cHhYQzZRV2wzTUFKM2VOWWEtTkFqekhqU3RTUGR3UFlaeVZyWDBYdzFnenNMMmxtZlZNWTBIdTg0SUVhbVRqZHdscTZoRXJ4X1Y3ejdPekU3WTE4b2JYOTdBU0M5cFd3SmtyV09jNnpCMk9hNGEwc3ljNTJ5Nk5hSVRNX2hJR2V3?oc=5
2026-09-28 15:34,Yahoo Finance,finance.yahoo.com,TSMC Stock Moves Lower as Agentic Design Chases A14's 2028 Clock,https://news.google.com/rss/articles/CBMimwFBVV95cUxPeHVFcXJXMnh6Si1pZS1qMFNnVEoxYWVwamxCN3g0azNUYl94QXFIdUtVQWc0clJLYUpIdWxmb3ZsRUlldzN0cWhtM0RWYXh6ajlic2w1NlJ3NDhIMlNjbkpZMWhRZWJhQmRWZ0ZzeTA5Qm5aZUhBaGttejNTMWVTc2w3UmhmUFowRXRTRjJ4YjNMZ1BkZ2RtRlBjMA?oc=5
2026-09-28 16:04,Investor's Business Daily,investors.com,"Nvidia, Apple Partner TSMC Reveals These Clues On How To Read Charts",https://news.google.com/rss/articles/CBMiwgFBVV95cUxOSGlkZjNxb1VTcUNZTzJWX3pPTWhfa21NRFBiTks4ZlZURVl1X0s3TFJzZWZKaVlhcFZZLUhWSHZBQVBtV1FLVVdsYzR4WmVvTnRrNDhFLVRuOFkyRmVWUmx4U3gwR04xRnNIUzBndTNqSEVHcUhabHZteUgtREEwVlNGbXVucTc0dFZURkNsR0F3RUZwdm9uTVVzbVVkaWVPMUhHVDgzNC10c1pKYVNnNDMwQl8wUUJkZzdFYVRydFozZw?oc=5
2026-09-29 00:26,Yahoo Finance,finance.yahoo.com,AI Safety News Puts TSMC Stock And Secure Cloud Plays In Focus,https://news.google.com/rss/articles/CBMikgFBVV95cUxNc0ROVE5BOEw5THZTRUtsQUJETzAtcW1TTFBNOGR4ZG02ZHVJU3U1ZWJTX3NYVXpVaDlNN3JXRDlmTU00TGVpTmFJME1wMVg5eE5BLXg0cXdJeElmc1JvOE44d21oNFI1YThxVmlXX2dwOUhqSm9Sb0Z5NVNHU3VKX2xEenJBaC1GaGVUbmYyUmRpZw?oc=5
2026-09-29 05:26,MarketWatch,marketwatch.com,Here’s where TSMC is reportedly eyeing a second U.S. site for a chip-making hub,https://news.google.com/rss/articles/CBMivAFBVV95cUxObWVoUzN3ck5OSWhRTEFVZUIxdjUwYkozV2NvOHl4ekkxVjB3SjUyY2NBNVRwZFJqdjNMSUROSm1wZmU3RlVIWkFCN1U4cEJnbUIwVHgxQlJBb2RYa3JvYjBWdjZnZ0kzeExkMndNZjk0RHluQnNCMEZ2RzJ4RDVNY216d3JuVWlRaVVaVFVvMkw4MU1odlBTRldaVnVsdkRWeXYybzJVOXQzOHhXMHFMYkw2SFBQeFFtRDQ2Zg?oc=5
2026-09-29 11:10,Seeking Alpha,seekingalpha.com,TSMC: 2nm Is Moving Into High Gear (NYSE:TSM),https://news.google.com/rss/articles/CBMif0FVX3lxTFBPM2ZTZm1SdnFkbnpqTkVTbC1XZE1RWEN3NTNmX1BpQ1FBbjFHMHU1TTItdklmWXRJU3VxeWZELWhrbzRVcWdtd2lJYXREcWVZenlJOWdjTEJzdW8yV0xDWTltX245MWUyYWFXUlJRVThoNlBZUzFoWDZaaVREUVU?oc=5
2026-09-29 14:46,Yahoo Finance,finance.yahoo.com,TSMC Stock Moves Higher as AI Revival Meets Capacity Risk,https://news.google.com/rss/articles/CBMilgFBVV95cUxOR1pKSVF4WlB5Um5lVlFmRHlZQklhRDkySDFZV3RybEJKc1V6VF82SXRPYTRtNzhvazJ3NEV4UUNTLWdRcWUwVXVfc3JndXdQeFJEdHpoVHliVzJINUxQMG5KNmZCMGpLOTRrZjgyaU45REdZaTA0WXY4VS1nbE5QMFhmb0k5cG5KQU10eFdaNVdOWlVERHc?oc=5
2026-09-29 15:40,Seeking Alpha,seekingalpha.com,TSMC: Market Is Mistaken In Pricing In A Big AI Slowdown (NYSE:TSM),https://news.google.com/rss/articles/CBMinAFBVV95cUxQUHVyVFNYTGlqZ2R5c0ZEYl9NNUIyMEFhMXRxcTBydFc2VGdGRVdLRHhlbXp5WTRLNTQtM05IaFYxZTlLVzZKUUxybl9tOGlfUnRLYl9FTW55N0hLNFlRQjZzNy1uanhGUG9IMDhaQkw5NzNFQ2czR1V1ZzZxeXp6VE4tcFBnSzJLVEM0NUVzejVOOW5fTC1VajBGZ04?oc=5
2026-09-29 16:49,Yahoo Finance,currently.att.yahoo.com,Prediction: Taiwan Semiconductor Manufacturing Will Hit a $3 Trillion Market Cap Before 2027 Is Over,https://news.google.com/rss/articles/CBMiogFBVV95cUxNVF83X2JYeTQyX2Z1OThYcjloN1czMDM0MXJ6ZEJ0MDcyRnJkNFFTUUNaLXJxNFNLa0ZkZFlLTHRpZUF5S3lCTGJuZmNPOGRiWDRWU0ZoS1Z2aUFORVBDQ2w5V0JDNVBnT1UxSXhwLUk5Q24zazFHVk10Sk84bmxPenFTWHppMTFzQUhVTFRiME5DWTFMR3dpVmIwcnNyYk9WbWc?oc=5
2026-09-30 05:23,Reuters,reuters.com,"TSMC evaluates potential Texas investment, sources say",https://news.google.com/rss/articles/CBMirAFBVV95cUxQbk5sR25ad2FWc2RmSWZua1F3Mi1OR1NtTGx5bi1lQ1I0MHlmSHNyUXRGNUd5WmtOVEFMazFUY0FnM0tHdG8zbUF4QjlsaUNJWHhaZ2RXaWtUZHZhN0QteXRiNFNzb3pWcjA0Ty14cFJPenZhV0xnWktra01NaTNYa2s0Q0pEY0FxS20wV0lleWYzWGstYllNc1c3MFFxLXY1X3F4YjI5LXBhbG1J?oc=5
2026-09-30 07:15,Benzinga,benzinga.com,AI’s Semiconductor Boom Has a Clear Center of Gravity: Taiwan Semiconductor,https://news.google.com/rss/articles/CBMixAFBVV95cUxNVnFicmdoZFJ6VlloY19ZMG1PMXVMMW1tTkw1RGdrOGNzWWxHZUIxQlhaaE1ydWFKZlk3WGhCUkRkTE1fbVMtSF9ZeWs1alJKNmxNMWozT0J5bU1oVFJRT3NUOGVZTFFVQ3BzTE5MV3FmQ1I2UUhsSlRaN3ZmLUhKenppTUt4Q1NrM1RCLVZ0TXRzdkZVclIwSGdOcnE0bUlMc2pQQUFZbTgxVFMtMFhFc2U3MUllZkdhUlNGWmpUcW9oUWZV?oc=5
2026-10-05 07:15,Yahoo Finance,finance.yahoo.com,I’m Loading Up on Taiwan Semiconductor Ahead of Oct. 15 Earnings,https://news.google.com/rss/articles/CBMiowFBVV95cUxPWGtUSUQ2LUpmdmZNSlp4T0stcXQ0V2NkZDZBM0FZR0ZWX1FwaTcwVFZvcnczRVNKNWxlZS13ZnFXMTRxYXVoYUFHZEY3Y0ZFTjlRR01fWW1iRW01aDByUlY3am85SWtsUXhEV0hWMVJRX3puS0xxXzdYa1BzYk8wdmJjWnRnMGdNTEdldEN6WElLXzVSOGZHdlUzajltWEVkc0E0?oc=5
2026-10-05 08:12,Yahoo Finance,finance.yahoo.com,Intel Shares Fall as TSMC Discusses Potential Terafab Collaboration,https://news.google.com/rss/articles/CBMingFBVV95cUxOTWNsZjlmQi04S2VJdGRNSWZIWGxxT3dNbzI2NmVVT3FkSVJlRkpZdU8xcGRPVl9udXR0TUwydk5CNHJZZWxIQXZBc1cyLWJWN0pZMWROVWc0OXBaNUYyNzk4YXpQVHBoa3hlUUNUZ1RpUXM3ODJUZGp2YlE1SkhWb3hCVG5rNm9yRmpnc2d2N1g3MXNTTEVOb2RKVEh2QQ?oc=5
2026-10-05 08:34,Yahoo Finance,finance.yahoo.com,"Intel Drops 4% as Elon Musk Signals Taiwan Semiconductor Could Join Terafab; AMD Slips, NVIDIA Holds Steady",https://news.google.com/rss/articles/CBMikgFBVV95cUxNaUJaYm12WTdweXpmbzA1cjNvaTgxZTlFeHdUTE0tblhFZ2lIdEJTWVFsNmVObThJV3ZoU3dibzZPellxZnNjZ19HeDNiZFFYTjA4Q2lIUVJKa2piamU3cHhpLUkwSE4tbFdTWVVMdzREdUdYUDBCSDBLbWdGeFk2b2V6UEQyc1VTMzBGV1hJTkJOdw?oc=5
2026-10-05 09:36,Yahoo Finance,uk.finance.yahoo.com,"Taiwan Semiconductor Manufacturing Company Limited (2330.TW) stock price, news, quote and history",https://news.google.com/rss/articles/CBMiZkFVX3lxTE95elB3WmZhU05GbUNmOV9CQVhLZ2hJbUJHNXhOeUczTGV3SWllUHpWNXRJb3IwWEdLd3Z4bDBjZXlMN0JfWFdDVk1EVmRRS2ZLMnFnY2RDZDFoeWNMQXozVWJsREc4QQ?oc=5
2026-10-05 09:46,Benzinga,benzinga.com,Why Is Intel Stock Falling Monday? - Intel (NASDAQ:INTC),https://news.google.com/rss/articles/CBMi1AFBVV95cUxOaTEyalFXQ1lhMkwtN2JKTC05MkJvX1NkOVlGR3RYam1KakR6MjhHYlRaT0hCc2ZkRVhPS3NaWGlkVEp3aWZnUXVCbXNEblNSODR3MC1WSTI3YkZ0Yzd0eUNJeDJ2Z3dhcVM4cDN1S2Zxd1lPMzhyQzhKQVVVUmpIZWNKbWlUM0pvSmZnbWI2anJtSEtvQ3JzNUVQdUc3STNUcjduWjgyWnZkVUVBM3YzbHJRY2hkSGduMWgtNmk5ZkxOSG1MUjR4ejlzcm1FOFc0V0dRZA?oc=5
2026-10-05 09:53,Business Insider,businessinsider.com,Intel stock drops after Elon Musk hints Terafab could partner with a rival chipmaker,https://news.google.com/rss/articles/CBMioAFBVV95cUxQU1VQbFdILVNBU1pnUDdDd0RqSkRvRmRua0FQazZoOVVWZ3ZadkQ0RWtEZ1o1aFNVYzB0dEIzc0VhV0RZaU8xN3JKRXVfckhnWDRwbEtfLXFweEZ2Yk5aWEY1Umg5d0NNYWpkckxWbUx2T1ZtQ0VKYVg2NkRWbnFNRU5FQjlTb1lwek5Tb245V2JldVRJZlZ4alRRV2JfOTFl?oc=5
2026-10-05 11:03,Yahoo Finance,finance.yahoo.com,Why Intel Stock Slips as TSMC Eyes a Seat at Musk’s Terafab,https://news.google.com/rss/articles/CBMilgFBVV95cUxQcERldHdqdkh3TmZkQTAwREpDeUFzcWNLWWlNMlBLOHBaMEJTRzFRNkF0blEtM1JiUjI0UXBTUGd2aGhQTzNibkJvYWl5YWViQm51NUsxS3FLTTVUVmUyX3BaQktwenFhWDNhOWtfUHNSWWtyb0VRRVRoVEVGdm9VVUhLUzNQSmhzbUtkbFY3T2dlMkd5blE?oc=5
2026-10-05 11:21,Benzinga,benzinga.com,"TSMC’s Terafab Talks Put Intel’s 14A to the Test - Taiwan Semiconductor (NYSE:TSM), Intel (NASDAQ:INTC)",https://news.google.com/rss/articles/CBMiiwFBVV95cUxOeDBCODFqb19vMFJ0WTdsSjg2N2o3dC16ZDBRVVJoM3hBQzl2X1RJZ3RsNUFab0dGSnNreGNQcjBaQUNTU3ozWndBQ0RxYV9ta3czUGF4c3BPNGFkOHNkYXdUZkd3RHpzMUJ3d29hN3ZOYXN4ZWxhd2l1RmhVaGcxUGxjaTVpSWRVTlFZ?oc=5
2026-10-05 12:29,Yahoo Finance,ca.finance.yahoo.com,TSMC stock hits all-time high after Elon Musk confirms early Terafab talks,https://news.google.com/rss/articles/CBMiwAFBVV95cUxPaDBMUmZuVUpfc3JONC1lNURaQ2VPMXJKbWRCQi1VN056ZHB1SjMweEk4WXE0VE9aMThST0xhd3dPS0VoZjUzenM0bmdmM1A4Umk1RXJfel9ta3BrWEdvc3VfZVdLUlNuNXVPR0VhQllINUZGLXN2MzhIZkF0UW9NcnBVdXBTZFFzQWxkSDRweTlCcFNzZkdsc0tZVnRGU3hTQjRhYjh4VThTR1RzZFpxOEFwN0c2aktNLTFHYlFscTE?oc=5
2026-10-05 13:49,Yahoo Finance,finance.yahoo.com,Tesla Stock Rises After Musk Confirms TSMC Talks,https://news.google.com/rss/articles/CBMinAFBVV95cUxOUDMwTzAyMm1wOXFQWW1KVVlGLXNfSFNkeFU1eFJVX1dSTnYxei05VEwxa3lUZEN4ei16MzgwM0lrcjBrQW84YlZSSmxhVEVBX1V2Z044TmN1S2dDSF9DcVptdnFUb3dfbFNQb0NqTGtUVmt4NTBtaXp3blU4OXZ6Q2N0OXVrbjkxVVdqdVJNZFpGUnRSY3NERjBsRHI?oc=5
2026-10-05 14:35,Investing.com,investing.com,"Intel stock slides as TSMC explores Terafab tie-up, analyst flags share losses",https://news.google.com/rss/articles/CBMizgFBVV95cUxOM2h0c3lxc2dnMzBkcUp2UUlteUVyWkxmRWNsOFlsVW9UeHdLWndDcWw4bi1TNXRCY21jNGg3OS1uMWZPYVhPOE9LY1p5emYyQXNBVFlkQ0c4NWIyN3Q3bU1aUElJbS1RMVI2eEFLZXJ0dE4yZUFYa25iTlJXejlVNlcxV3NrZzZySy0xQnlZTlVfbW9xWktMcWV0Y1RDRUtxZVU3QnZMejg0TFVBclN3ck5sclBtM0U2SU12Z051aTZoRWpDMldESFUtUWJfZw?oc=5
2026-10-05 16:30,MarketWatch,marketwatch.com,Intel’s stock drops after Musk hints at an additional partner for big chip venture,https://news.google.com/rss/articles/CBMivwFBVV95cUxPLThvSlNCWEFYbzVmSTJkTllvb2dHN0gxSE5FSDJ2ZEpBal92MmhxZXhyTWd6cC1vU2J2N2Zxc2JCVFpVelltZk50d2Z5TWREdDdCV054VFR4NlUycUMyVHFCTzkxaXM2R2N3YXVvbkF4M2RnbG9JVWhuNVVGWHhOY1E3aGpnSmRSWkFwNG9ZdEg5aHl1S3dvbWF6Y0EtRmZsemhHSXdfbUh2U0VMcG9Tc1ZUNHU3QVlNRWJySy1GZw?oc=5
2026-10-05 16:39,Investor's Business Daily,investors.com,"Nasdaq Breaks Out To New Highs; Shopify, Taiwan Semiconductor, Guardant Health In Focus",https://news.google.com/rss/articles/CBMibEFVX3lxTE5TdEVZVzkwX1FVenpCUlNCSzREb1E5dFJ0ZTlRRG4xOHVoejJSYU9vdHdtV0FOLWREVnNLYTJFWXNNV0dxYk9TTlhJckNUVjdac0QyWnNPMkpSQ3l5MXFGcjBFOEs3X2RHWVZ6NQ?oc=5
2026-10-05 16:57,Investor's Business Daily,investors.com,IBD Stock Of The Day TSMC Breaks Out On Terafab Chatter,https://news.google.com/rss/articles/CBMioAFBVV95cUxQVlRXcjhsOGcxWk5HRXJ3MVBxbVFqbHBXN3lKUC1QeVBKSW9SUXk4bVZtS1dlOF8zdjEtZVVFOEkxLW43MXVpbzhuaWlGeHZnUHNUdDFhVlpzbllFVDJ0U3NqU0p2YmkyRzJ0eGU2TVlsUnc2TDYxZXVYZG9UOHBUZHp1M1VyUC1sZUl6S0tVc1R4dTI1WWwzdDV4ckQyeWpi?oc=5
2026-10-05 17:26,Yahoo Finance,finance.yahoo.com,"SPCX Stock Ends Higher On Starship Fuel Plans, Analyst Optimism And TSMC Talks",https://news.google.com/rss/articles/CBMinAFBVV95cUxNSkxFYTZKN3lVUXBjWll5Y2ZjeXdqak1FWGtJSTVMT091elhtZnFYaTRfQ3hOekNKZXV5LWVsaDV3VnJ3TGVNNkpCN1NsbmF0aUp4UmVVNmRvWlY0RzFBMXVqZWJqanBJR3RzUTFuYU5JaVRaWF9CLWVQclhudFdadm9zc3VWcXpZQW9nQURXY2pNQnRLTm1IbVlPdHg?oc=5
2026-10-05 17:36,Yahoo Finance,finance.yahoo.com,Jim Cramer Makes His Feelings About Taiwan Semiconductor (TSM) Clear,https://news.google.com/rss/articles/CBMingFBVV95cUxQVXlwUTJqLXlyaG12ckdCQnFWMExCUW5yLUZuWl8xeEZjeWhFV3dKS3ZoVXJCTU9rOFNYMncteW16LUlYRzJjUjd2M1JHN3hLYmJMeWNLUWdpYzI5TGZ2RWQxaTlPdVFVZERxekdPVzdLNVJvWmlQY19nUW80eE1ud0lYYXl6ZDdwUUMtZXZLaGxHR2JyYU9zbGFjaW9nZw?oc=5
2026-10-05 18:37,The Motley Fool,fool.com,Elon Musk Confirmed Terafab Talks With TSMC. Intel Has Been Its Only Named Chip Partner.,https://news.google.com/rss/articles/CBMiyAFBVV95cUxQTk9iQ2FUcFZ3c2hOSWpLczlTQjZMQ2tNRl9ZcW0xdTVURW9WOEFTeUVlUmxTNDl3Y1c2YTBYVkcwM2VvTi1aTmdsLXdycUNyYlRRSk1wTzVrRXpKUnN5aTBoU1lpSmlfLWtlTHBuZzlJMUtBX1Fpd0kxMUpRRkViVDJfVVhEakowLTNIYmxRTHlUSzQ3dEFmU2ctR085ZGpuaUdnTHlkQnNsNEhqREdjQmdKODBjc2tMOE5FV2h2VU9mTEZleDdmbQ?oc=5
2026-10-05 19:49,The Motley Fool,fool.com,Nvidia vs. Taiwan Semiconductor Manufacturing: Which Technology Stock Is a Better Buy in 2026?,https://news.google.com/rss/articles/CBMi3AFBVV95cUxPaXN3dlhwR1daNC13OHNZNFV2ZjhLdG1ZUmFPMDAzRVQ1MlU4WGVfcDQ5MHl6MkQ3cnZLS1hBeTc2QU5aUjBBd0NwV2s2TXdVM2pHclNiY0xtdUJzZjNKSHBMSmxzS1g1RS1fQnlGblhlMTl5ZG5EV1RkQ0M5dWtCd0FyTkhRY3FZSnhidmgySmRaQ1dHN3B0dTljMVhnYU9PUFF2bkxnS2pvRjlXU01QRGZiM1dfNHdvYzY2NElEcmxYdUwydGVPZlRST3pPMl9WLWhCTHp1WHJrTEta?oc=5
2026-10-05 22:38,Investor's Business Daily,investors.com,"Dow Jones Futures: Nasdaq Hits Record Highs; TSMC, Nvidia, Elon Musk-Led SpaceX, Tesla Rally",https://news.google.com/rss/articles/CBMiwgFBVV95cUxOTUZva3I0Qzg1RmVvWS1lVFU5RjZjOHVvX2hvYXhfbnc3dmVYZmdVeWdKQ3JuQmFBUkUwWnlpM0h3ZUdPTnhvWGh6UEwxQzZ4eHpaNlFlLTNRd3JuZ3M5WlJOZ0NSZkl5cmZHNHhraTEtY3hvQnpIcUZVTm54TzlBZGRCU0VSeFJHbFgtcFJuQ2VtNlZBUFNZaHhLT0VaVW9Mcm9XM3l6MHhPXzE2M1ZVUHQxUmtmRUhWbzZNYVVMazFHUQ?oc=5
2026-10-06 01:04,The Motley Fool,fool.com,Is Taiwan Semiconductor the Best AI Stock to Buy Now?,https://news.google.com/rss/articles/CBMimAFBVV95cUxNbTVKbkVFUGFJRHBYc0pNSmFFbWpObVRhM05BbWxjaGpGMGdSUE93YW5pUEU2X195ekdJSnUzT1lhRFVlR2ZDYWFCUkF5LXN0Vk55MndEendyOGgzRUVyQ01ldFlwc2didG5jMFkyNFkwSUdtZk9ZaHRoWmdyak9wRG5VRTZZVV9KXzdnM1JqRE91N1lTd0o2bQ?oc=5
