Date,Open,High,Low,Close,Volume
2021-09-27,42200.8984,42775.1445,40931.6641,41034.5430,30214940550
2021-09-28,41064.9844,42545.2578,40829.6680,41564.3633,30602359905
2021-09-29,41551.2695,44092.6016,41444.5820,43790.8945,31141681925
2021-09-30,43816.7422,48436.0117,43320.0234,48116.9414,42850641582
2021-10-01,48137.4688,48282.0625,47465.4961,47711.4883,30614346492
2021-10-02,47680.0273,49130.6914,47157.2891,48199.9531,26638115879
2021-10-03,48208.9062,49456.7773,47045.0039,49112.9023,33383173002
2021-10-04,49174.9609,51839.9844,49072.8398,51514.8125,35873904236
2021-10-05,51486.6641,55568.4648,50488.1914,55361.4492,49034730168
2021-10-06,55338.6250,55338.6250,53525.4688,53805.9844,36807860413
2021-10-07,53802.1445,55922.9805,53688.0547,53967.8477,34800873924
2021-10-08,53929.7812,55397.9453,53735.1445,54968.2227,32491211414
2021-10-09,54952.8203,56401.3047,54264.2578,54771.5781,39527792364
2021-10-10,54734.1250,57793.0391,54519.7656,57484.7891,42637331698
2021-10-11,57526.8320,57627.8789,54477.9727,56041.0586,41083758949
2021-10-12,56038.2578,57688.6602,54370.9727,57401.0977,41684252783
2021-10-13,57372.8320,58478.7344,56957.0742,57321.5234,36615791366
2021-10-14,57345.9023,62757.1289,56868.1445,61593.9492,51780081801
2021-10-15,61609.5273,62274.4766,60206.1211,60892.1797,34250964237
2021-10-16,60887.6523,61645.5234,59164.4688,61553.6172,29032367511
2021-10-17,61548.8047,62614.6602,60012.7578,62026.0781,38055562075
2021-10-18,62043.1641,64434.5352,61622.9336,64261.9922,40471196346
2021-10-19,64284.5859,66930.3906,63610.6758,65992.8359,40788955582
2021-10-20,66002.2344,66600.5469,62117.4102,62210.1719,45908121370
2021-10-21,62237.8906,63715.0234,60122.7969,60692.2656,38434082775
2021-10-22,60694.6289,61743.8789,59826.5234,61393.6172,26882546034
2021-10-23,61368.3438,61505.8047,59643.3438,60930.8359,27316183882
2021-10-24,60893.9258,63729.3242,60691.8008,63039.8242,31064911614
2021-10-25,63032.7617,63229.0273,59991.1602,60363.7930,34878965587
2021-10-26,60352.0000,61435.1836,58208.1875,58482.3867,43657076893
2021-10-27,58470.7305,62128.6328,58206.9180,60622.1367,45257083247
2021-10-28,60624.8711,62927.6094,60329.9648,62227.9648,36856881767
2021-10-29,62239.3633,62330.1445,60918.3867,61888.8320,32157938616
2021-10-30,61850.4883,62406.1719,60074.3281,61318.9570,32241199927
2021-10-31,61320.4492,62419.0039,59695.1836,61004.4062,36150572843
2021-11-01,60963.2539,64242.7930,60673.0547,63226.4023,37746665647
2021-11-02,63254.3359,63516.9375,61184.2383,62970.0469,36124731509
2021-11-03,62941.8047,63123.2891,60799.6641,61452.2305,32615846901
2021-11-04,61460.0781,62541.4688,60844.6094,61125.6758,30605102446
2021-11-05,61068.8750,61590.6836,60163.7812,61527.4805,29094934221
2021-11-06,61554.9219,63326.9883,61432.4883,63326.9883,24726754302
2021-11-07,63344.0664,67673.7422,63344.0664,67566.8281,41125608330
2021-11-08,67549.7344,68530.3359,66382.0625,66971.8281,42357991721
2021-11-09,66953.3359,68789.6250,63208.1133,64995.2305,48730828378
2021-11-10,64978.8906,65579.0156,64180.4883,64949.9609,35880633236
2021-11-11,64863.9805,65460.8164,62333.9141,64155.9414,36084893887
2021-11-12,64158.1211,64915.6758,63303.7344,64469.5273,30474228777
2021-11-13,64455.3711,65495.1797,63647.8086,65466.8398,25122092191
2021-11-14,65521.2891,66281.5703,63548.1445,63557.8711,30558763548
2021-11-15,63721.1953,63721.1953,59016.3359,60161.2461,46844335592
2021-11-16,60139.6211,60823.6094,58515.4102,60368.0117,39178392930
2021-11-17,60360.1367,60948.5000,56550.7930,56942.1367,41388338699
2021-11-18,56896.1289,58351.1133,55705.1797,58119.5781,38702407772
2021-11-19,58115.0820,59859.8789,57469.7266,59697.1953,30624264863
2021-11-20,59730.5078,60004.4258,58618.9297,58730.4766,26123447605
2021-11-21,58706.8477,59266.3594,55679.8398,56289.2891,35036121783
2021-11-22,56304.5547,57875.5156,55632.7617,57569.0742,37485803899
2021-11-23,57565.8516,57803.0664,55964.2227,56280.4258,36635566789
2021-11-24,57165.4180,59367.9688,57146.6836,57274.6797,34284016248
2021-11-25,58960.2852,59183.4805,53569.7656,53569.7656,41810748221
2021-11-26,53736.4297,55329.2578,53668.3555,54815.0781,30560857714
2021-11-27,54813.0234,57393.8438,53576.7344,57248.4570,28116886357
2021-11-28,57291.9062,58872.8789,56792.5273,57806.5664,32370840356
2021-11-29,57830.1133,59113.4023,56057.2812,57005.4258,36708594618
2021-11-30,56907.9648,59041.6836,56553.0820,57229.8281,36858195307
2021-12-01,57217.3711,57349.2344,55895.1328,56477.8164,32379968686
2021-12-02,56509.1641,57482.1680,52496.5859,53598.2461,39789134215
2021-12-03,53727.8789,53904.6797,42874.6172,49200.7031,61385677469
2021-12-04,49201.5195,49768.1484,47857.4961,49368.8477,37198201161
2021-12-05,49413.4805,50929.5195,47281.0352,50582.6250,37707308001
2021-12-06,50581.8281,51934.7812,50175.8086,50700.0859,33676814852
2021-12-07,50667.6484,51171.3750,48765.9883,50504.7969,28479699446
2021-12-08,50450.0820,50797.1641,47358.3516,47672.1211,29603577251
2021-12-09,47642.1445,50015.2539,47023.6992,47243.3047,30966005122
2021-12-10,47264.6328,49458.2109,46942.3477,49362.5078,25775869261
2021-12-11,49354.8555,50724.8672,48725.8516,50098.3359,21939223599
2021-12-12,50114.7422,50205.0000,45894.8477,46737.4805,32166727776
2021-12-13,46709.8242,48431.3984,46424.4961,46612.6328,34638619079
2021-12-14,48379.7539,49473.9570,46671.9648,48896.7227,36541828520
2021-12-15,48900.4648,49425.5742,47529.8789,47665.4258,27268150947
2021-12-16,47653.7305,48004.8945,45618.2148,46202.1445,32902725329
2021-12-17,46219.2539,47313.8281,45598.4414,46848.7773,26098292690
2021-12-18,46853.8672,48089.6641,46502.9531,46707.0156,25154053861
2021-12-19,46707.0625,47401.7188,45579.8086,46880.2773,30961902129
2021-12-20,46886.0781,49300.9180,46698.7734,48936.6133,27055803928
2021-12-21,48937.0977,49544.7969,48450.9414,48628.5117,24447979559
2021-12-22,48626.3438,51332.3398,48065.8359,50784.5391,28223878108
2021-12-23,50806.0508,51814.0273,50514.4961,50822.1953,24367912228
2021-12-24,50854.9180,51176.5977,50236.7070,50429.8594,19030650914
2021-12-25,50428.6914,51196.3789,49623.1055,50809.5156,20964372926
2021-12-26,50802.6094,51956.3281,50499.4688,50640.4180,24324345758
2021-12-27,50679.8594,50679.8594,47414.2109,47588.8555,33430376883
2021-12-28,47623.8711,48119.7422,46201.4961,46444.7109,30049226299
2021-12-29,46490.6055,47879.9648,46060.3125,47178.1250,26686491018
2021-12-30,47169.3711,48472.5273,45819.9531,46306.4453,36974172400
2021-12-31,46311.7461,47827.3125,46288.4844,47686.8125,24582667004
2022-01-01,47680.9258,47881.4062,46856.9375,47345.2188,27951569547
2022-01-02,47343.5430,47510.7266,45835.9648,46458.1172,33071628362
2022-01-03,46458.8516,47406.5469,45752.4648,45897.5742,42494677905
2022-01-04,45899.3594,46929.0469,42798.2227,43569.0039,36851084859
2022-01-05,43565.5117,43748.7188,42645.5391,43160.9297,30208048289
2022-01-06,43153.5703,43153.5703,41077.4453,41557.9023,84196607520
2022-01-07,41561.4648,42228.9414,40672.2773,41733.9414,28066355845
2022-01-08,41734.7266,42663.9492,41338.1602,41911.6016,21294384372
2022-01-09,41910.2305,42199.4844,39796.5703,41821.2617,32104232331
2022-01-10,41819.5078,43001.1562,41407.7539,42735.8555,26327648900
2022-01-11,42742.1797,44135.3672,42528.9883,43949.1016,33499938689
2022-01-12,43946.7422,44278.4219,42447.0430,42591.5703,47691135082
2022-01-13,42598.8711,43346.6875,41982.6172,43099.6992,23577403399
2022-01-14,43101.8984,43724.6719,42669.0352,43177.3984,18371348298
2022-01-15,43172.0391,43436.8086,42691.0234,43113.8789,17902097845
2022-01-16,43118.1211,43179.3906,41680.3203,42250.5508,21690904261
2022-01-17,42250.0742,42534.4023,41392.2148,42375.6328,22417209227
2022-01-18,42374.0391,42478.3047,41242.9141,41744.3281,23091543258
2022-01-19,41744.0273,43413.0234,40672.8242,40680.4180,20382033940
2022-01-20,40699.6055,41060.5273,35791.4258,36457.3164,43011992031
2022-01-21,36471.5898,36688.8125,34349.2500,35030.2500,39714385405
2022-01-22,35047.3594,36433.3125,34784.9688,36276.8047,26017975951
2022-01-23,36275.7344,37247.5195,33184.0586,36654.3281,41856658597
2022-01-24,36654.8047,37444.5703,35779.4297,36954.0039,26428189594
2022-01-25,36950.5156,38825.4102,36374.9062,36852.1211,31324598034
2022-01-26,36841.8789,37148.3242,35629.2812,37138.2344,25041426629
2022-01-27,37128.4453,37952.8789,36211.1094,37784.3320,22238830523
2022-01-28,37780.7148,38576.2617,37406.4727,38138.1797,17194183075
2022-01-29,38151.9180,38266.3398,37437.7109,37917.6016,14643548444
2022-01-30,37920.2812,38647.2617,36733.5742,38483.1250,20734730465
2022-01-31,38481.7656,39115.1328,38113.6641,38743.2734,20288500328
2022-02-01,38743.7148,38834.6172,36832.7305,36952.9844,19155189416
2022-02-02,36944.8047,37154.6016,36375.5391,37154.6016,18591534769
2022-02-03,37149.2656,41527.7852,37093.6289,41500.8750,29412210792
2022-02-04,41501.4805,41847.1641,41038.0977,41441.1641,19652846215
2022-02-05,41441.1211,42500.7852,41244.9062,42412.4336,16142097334
2022-02-06,42406.7812,44401.8633,41748.1562,43840.2852,28641855926
2022-02-07,43854.6523,45293.8672,42807.8359,44118.4453,33079398868
2022-02-08,44096.7031,44727.8008,43232.9688,44338.7969,23245887300
2022-02-09,44347.8008,45661.1719,43402.8086,43565.1133,32142048537
2022-02-10,43571.1289,43810.8320,42114.5391,42407.9375,26954925781
2022-02-11,42412.3008,42992.5508,41852.5742,42244.4688,18152390304
2022-02-12,42236.5664,42693.0547,41950.9414,42197.5156,14741589015
2022-02-13,42157.3984,42775.7773,41681.9570,42586.9180,20827783012
2022-02-14,42586.4648,44667.2188,42491.0352,44575.2031,22721659051
2022-02-15,44578.2773,44578.2773,43456.6914,43961.8594,19792547657
2022-02-16,43937.0703,44132.9727,40249.3711,40538.0117,26246662813
2022-02-17,40552.1328,40929.1523,39637.6172,40030.9766,23310007704
2022-02-18,40026.0234,40418.8789,39713.0586,40122.1562,13736557863
2022-02-19,40118.1016,40119.8906,38112.8125,38431.3789,18340576452
2022-02-20,38423.2109,39394.4375,36950.4766,37075.2812,29280402798
2022-02-21,37068.7695,38359.8555,36488.9336,38286.0273,25493150450
2022-02-22,38285.2812,39122.3945,37201.8164,37296.5703,21849073843
2022-02-23,37278.5664,38968.8398,34459.2188,38332.6094,46383802093
2022-02-24,38333.7461,39630.3242,38111.3438,39214.2188,26545599159
2022-02-25,39213.0820,40005.3477,38702.5352,39105.1484,17467554129
2022-02-26,39098.6992,39778.9414,37268.9766,37709.7852,23450127612
2022-02-27,37706.0000,43760.4570,37518.2148,43193.2344,35690014104
2022-02-28,43194.5039,44793.6016,42952.5859,44354.6367,32479047645
2022-03-01,44357.6172,45077.5781,43432.8516,43924.1172,29183112630
2022-03-02,43925.1953,44021.5781,41914.7500,42451.7891,24967782593
2022-03-03,42458.1406,42479.6133,38805.8477,39137.6055,28516271427
2022-03-04,39148.4492,39566.3359,38777.0352,39400.5859,16975917450
2022-03-05,39404.1992,39640.1758,38211.6484,38419.9844,19745229902
2022-03-06,38429.3047,39430.2266,37260.2031,38062.0391,28546143503
2022-03-07,38059.9023,39304.4414,37957.3867,38737.2695,25776583476
2022-03-08,38742.8164,42465.6719,38706.0938,41982.9258,32284121034
2022-03-09,41974.0703,42004.7266,38832.9414,39437.4609,31078064711
2022-03-10,39439.9688,40081.6797,38347.4336,38794.9727,26364890465
2022-03-11,38794.4648,39308.5977,38772.5352,38904.0117,14616450657
2022-03-12,38884.7266,39209.3516,37728.1445,37849.6641,17300745310
2022-03-13,37846.3164,39742.5000,37680.7344,39666.7539,24322159070
2022-03-14,39664.2500,39794.6289,38310.2109,39338.7852,23934000868
2022-03-15,39335.5703,41465.4531,39022.3477,41143.9297,39616916192
2022-03-16,41140.8438,41287.5352,40662.8711,40951.3789,22009601093
2022-03-17,40944.8398,42195.7461,40302.3984,41801.1562,34421564942
2022-03-18,41794.6484,42316.5547,41602.6680,42190.6523,19664853187
2022-03-19,42191.4062,42241.1641,41004.7578,41247.8242,20127946682
2022-03-20,41246.1328,41454.4102,40668.0430,41077.9961,24615543271
2022-03-21,41074.1055,43124.7070,40948.2812,42358.8086,32004652376
2022-03-22,42364.3789,42893.5078,41877.5078,42892.9570,25242943069
2022-03-23,42886.6523,44131.8555,42726.1641,43960.9336,31042992291
2022-03-24,43964.5469,44999.4922,43706.2852,44348.7305,30574413034
2022-03-25,44349.8594,44735.9961,44166.2734,44500.8281,16950455995
2022-03-26,44505.3555,46827.5469,44437.2930,46820.4922,28160889722
2022-03-27,46821.8516,48086.8359,46690.2031,47128.0039,36362175703
2022-03-28,47100.4375,48022.2891,47100.4375,47465.7305,31397059069
2022-03-29,47456.8984,47655.1484,46746.2109,47062.6641,29333883962
2022-03-30,47062.1484,47512.0273,45390.5391,45538.6758,33327427106
2022-03-31,45554.1641,46616.2422,44403.1406,46281.6445,38162644287
2022-04-01,46285.5000,47028.2812,45782.5117,45868.9492,29336594194
2022-04-02,45859.1289,47313.4766,45634.1055,46453.5664,25414397610
2022-04-03,46445.2734,46791.0898,45235.8164,46622.6758,32499785455
2022-04-04,46624.5078,47106.1406,45544.8086,45555.9922,29640604055
2022-04-05,45544.3555,45544.3555,43193.9531,43206.7383,39393395788
2022-04-06,43207.5000,43860.6992,42899.9062,43503.8477,26101973106
2022-04-07,43505.1367,43903.0195,42183.2891,42287.6641,27215995394
2022-04-08,42282.0781,42786.8164,42183.2539,42782.1367,16050772496
2022-04-09,42781.0898,43376.3789,42021.2070,42207.6719,17654475582
2022-04-10,42201.0391,42424.5898,39373.0586,39521.9023,33949912166
2022-04-11,39533.7148,40617.5859,39388.3281,40127.1836,30991500854
2022-04-12,40123.5703,41430.0547,39712.7461,41166.7305,27691105228
2022-04-13,41160.2188,41451.4805,39695.7461,39935.5156,24342001973
2022-04-14,39939.4023,40617.7227,39866.8320,40553.4648,21756855753
2022-04-15,40552.3164,40633.6797,40078.4258,40424.4844,16833150693
2022-04-16,40417.7773,40570.7266,39620.8945,39716.9531,19087633042
2022-04-17,39721.2031,40986.3203,38696.1914,40826.2148,33705182072
2022-04-18,40828.1758,41672.9609,40618.6328,41502.7500,25303206547
2022-04-19,41501.7461,42126.3008,40961.0977,41374.3789,27819532341
2022-04-20,41371.5156,42893.5820,40063.8281,40527.3633,35372786395
2022-04-21,40525.8633,40777.7578,39315.4180,39740.3203,28011716745
2022-04-22,39738.7227,39935.8594,39352.2031,39486.7305,16138021249
2022-04-23,39478.3750,39845.9258,39233.5391,39469.2930,17964398167
2022-04-24,39472.6055,40491.7539,38338.3789,40458.3086,35445730570
2022-04-25,40448.4219,40713.8906,37884.9844,38117.4609,34569088416
2022-04-26,38120.3008,39397.9180,37997.3125,39241.1211,30981015184
2022-04-27,39241.4297,40269.4648,38941.4219,39773.8281,33903704907
2022-04-28,39768.6172,39887.2695,38235.5352,38609.8242,30882994649
2022-04-29,38605.8594,38771.2109,37697.9414,37714.8750,23895713731
2022-04-30,37713.2656,38627.8594,37585.7891,38469.0938,27002760110
2022-05-01,38472.1875,39074.9727,38156.5625,38529.3281,32922642426
2022-05-02,38528.1094,38629.9961,37585.6211,37750.4531,27326943244
2022-05-03,37748.0117,39902.9492,37732.0586,39698.3711,36754404490
2022-05-04,39695.7461,39789.2812,35856.5156,36575.1406,43106256317
2022-05-05,36573.1836,36624.3594,35482.1328,36040.9219,37795577489
2022-05-06,36042.5039,36129.9258,34940.8242,35501.9531,24375896406
2022-05-07,35502.9414,35502.9414,33878.9648,34059.2656,36763041910
2022-05-08,34060.0156,34222.0742,30296.9531,30296.9531,63355494961
2022-05-09,30273.6543,32596.3086,29944.8027,31022.9062,59811038817
2022-05-10,31016.1836,32013.4023,28170.4141,28936.3555,70388855818
2022-05-11,28936.7344,30032.4395,26350.4902,29047.7520,66989173272
2022-05-12,29030.9102,30924.8027,28782.3301,29283.1035,42841124537
2022-05-13,29285.6426,30192.8027,28702.9102,30101.2656,28579868620
2022-05-14,30098.5859,31308.1914,29527.7402,31305.1133,25835372065
2022-05-15,31304.3750,31305.3418,29251.8848,29862.9180,32613897286
2022-05-16,29862.4082,30694.4902,29570.3027,30425.8574,29101473475
2022-05-17,30424.4785,30618.7168,28720.2715,28720.2715,31285268319
2022-05-18,28720.3594,30430.7520,28708.9551,30314.3340,33773447707
2022-05-19,30311.1191,30664.9766,28793.6055,29200.7402,30749382605
2022-05-20,29199.8594,29588.8691,29027.3945,29432.2266,17274840442
2022-05-21,29432.4727,30425.8613,29275.1836,30323.7227,21631532270
2022-05-22,30309.3965,30590.5859,28975.5605,29098.9102,31483454557
2022-05-23,29101.1250,29774.3555,28786.5898,29655.5859,26616506245
2022-05-24,29653.1348,30157.7852,29384.9492,29562.3613,27525063551
2022-05-25,29564.7773,29834.1602,28261.9062,29267.2246,36774325352
2022-05-26,29251.1406,29346.9434,28326.6133,28627.5742,36582005748
2022-05-27,28622.6250,28814.9004,28554.5664,28814.9004,35519577634
2022-05-28,29019.8672,29498.0098,28841.1074,29445.9570,18093886409
2022-05-29,29443.3652,31949.6309,29303.5723,31726.3906,39277993274
2022-05-30,31723.8652,32249.8633,31286.1543,31792.3105,33538210634
2022-05-31,31792.5547,31957.2852,29501.5879,29799.0801,41135817341
2022-06-01,29794.8906,30604.7344,29652.7051,30467.4883,29083562061
2022-06-02,30467.8066,30633.0352,29375.6895,29704.3906,26175547452
2022-06-03,29706.1387,29930.5645,29500.0059,29832.9141,16588370958
2022-06-04,29835.1172,30117.7441,29574.4492,29906.6621,17264085441
2022-06-05,29910.2832,31693.2910,29894.1875,31370.6719,31947336829
2022-06-06,31371.7422,31489.6836,29311.6836,31155.4785,40770974039
2022-06-07,31151.4805,31253.6914,29944.4043,30214.3555,30242059107
2022-06-08,30215.2793,30609.3105,30020.2656,30111.9980,21692004719
2022-06-09,30110.3301,30245.8086,28978.1465,29083.8047,29867476527
2022-06-10,29084.6660,29401.9160,28236.2129,28360.8105,27246574439
2022-06-11,28373.5137,28502.6855,26762.6484,26762.6484,34163220274
2022-06-12,26737.5781,26795.5898,22141.2578,22487.3887,68204556440
2022-06-13,22487.9863,23018.9512,20950.8184,22206.7930,50913575242
2022-06-14,22196.7305,22642.6719,20178.3770,22572.8398,54912007015
2022-06-15,22576.3047,22868.9219,20265.2266,20381.6504,31183975654
2022-06-16,20385.7188,21243.3125,20326.5195,20471.4824,27132421514
2022-06-17,20473.4258,20736.0410,17708.6230,19017.6426,42009436760
2022-06-18,19010.9023,20683.8223,18067.1523,20553.2715,35329942625
2022-06-19,20553.3711,20913.3223,19689.1699,20599.5371,30818458597
2022-06-20,20594.2949,21620.6289,20415.0625,20710.5977,28970212744
2022-06-21,20719.4141,20835.7500,19848.0781,19987.0293,28574793478
2022-06-22,19986.6074,21135.7617,19950.1172,21085.8770,26188097173
2022-06-23,21084.6484,21472.9180,20777.5117,21231.6562,24957784918
2022-06-24,21233.6094,21520.9141,20964.5859,21502.3379,18372538715
2022-06-25,21496.4941,21783.7246,21016.2695,21027.2949,18027170497
2022-06-26,21028.2383,21478.0898,20620.1992,20735.4785,20965695707
2022-06-27,20731.5449,21164.4238,20228.8125,20280.6348,21381535161
2022-06-28,20281.1699,20364.1562,19937.7910,20104.0234,23552740328
2022-06-29,20108.3125,20141.1602,18729.6562,19784.7266,26267239923
2022-06-30,19820.4707,20632.6719,19073.7090,19269.3672,30767551159
2022-07-01,19274.8359,19371.7480,19027.0820,19242.2559,18100418740
2022-07-02,19242.0957,19558.2695,18966.9512,19297.0762,16390821947
2022-07-03,19297.3145,20258.7480,19063.0664,20231.2617,21594638208
2022-07-04,20225.3535,20635.4668,19341.2324,20190.1152,26715546990
2022-07-05,20194.6191,20595.5293,19823.5117,20548.2461,24598943708
2022-07-06,20547.8145,21771.8164,20296.1035,21637.5879,25814972520
2022-07-07,21637.1543,22314.9414,21257.4531,21731.1172,49899834488
2022-07-08,21716.8281,21877.1387,21445.9570,21592.2070,29641127858
2022-07-09,21591.0801,21591.0801,20727.1230,20860.4492,28688807249
2022-07-10,20856.3535,20856.3535,19924.5391,19970.5566,24150249025
2022-07-11,19970.4746,20043.4453,19308.5312,19323.9141,25810220018
2022-07-12,19325.9727,20223.0527,18999.9531,20212.0742,33042430345
2022-07-13,20211.4668,20789.8945,19689.2578,20569.9199,31158743333
2022-07-14,20573.1562,21138.2441,20397.0000,20836.3281,25905575359
2022-07-15,20834.1035,21514.4043,20518.8984,21190.3164,24302954056
2022-07-16,21195.0410,21600.6406,20778.1797,20779.3438,22927802083
2022-07-17,20781.9121,22633.0332,20781.9121,22485.6895,39974475562
2022-07-18,22467.8496,23666.9629,21683.4062,23389.4336,48765202697
2022-07-19,23393.1914,24196.8184,23009.9492,23231.7324,42932549127
2022-07-20,23233.2012,23388.3223,22431.1484,23164.6289,33631012204
2022-07-21,23163.7520,23671.9277,22603.4160,22714.9785,31421555646
2022-07-22,22706.9844,22977.2109,22002.9102,22465.4785,24021799169
2022-07-23,22465.5098,22974.0020,22306.8398,22609.1641,23565495303
2022-07-24,22607.1562,22649.1211,21361.6426,21361.7012,35574561406
2022-07-25,21361.1211,21361.1211,20776.8164,21239.7539,28624673855
2022-07-26,21244.1699,22986.5293,21070.8066,22930.5488,31758955233
2022-07-27,22933.6406,24110.4707,22722.2656,23843.8867,40212386158
2022-07-28,23845.2129,24294.7871,23481.1738,23804.6328,35887249746
2022-07-29,23796.8184,24572.5801,23580.5078,23656.2070,28148218301
2022-07-30,23652.0703,24121.6426,23275.7031,23336.8965,23553591896
2022-07-31,23336.7188,23464.7871,22890.7969,23314.1992,25849159141
2022-08-01,23308.4336,23415.0410,22710.0840,22978.1172,28389250717
2022-08-02,22981.3027,23578.6504,22747.8359,22846.5078,26288169966
2022-08-03,22848.2148,23198.0098,22485.7012,22630.9570,25120229769
2022-08-04,22626.8340,23422.8281,22612.1777,23289.3145,28881249043
2022-08-05,23291.4238,23326.5625,22961.2793,22961.2793,15978259885
2022-08-06,22963.5059,23359.0098,22894.5566,23175.8906,15886817043
2022-08-07,23179.5273,24203.6895,23176.5469,23809.4863,28575544847
2022-08-08,23811.4844,23898.6152,22982.0000,23164.3184,23555719219
2022-08-09,23162.8984,24127.4141,22771.5195,23947.6426,32837431722
2022-08-10,23948.3457,24822.6289,23900.9961,23957.5293,37127036580
2022-08-11,23957.2031,24412.5664,23657.2656,24402.8184,27265804688
2022-08-12,24402.1875,24860.0508,24346.1152,24424.0684,22987346289
2022-08-13,24429.0566,24974.9141,24206.2598,24319.3340,22994133555
2022-08-14,24318.3164,25135.5898,23839.7754,24136.9727,35123501685
2022-08-15,24126.1367,24228.4160,23733.5000,23883.2910,27753685646
2022-08-16,23881.3164,24407.0586,23243.3535,23335.9980,30931623076
2022-08-17,23341.0391,23563.8320,23177.6016,23212.7383,23747613147
2022-08-18,23213.3125,23213.3125,20868.8477,20877.5527,40509610260
2022-08-19,20872.8418,21350.8066,20856.7305,21166.0605,27595671000
2022-08-20,21160.3926,21668.8457,21103.1973,21534.1211,23102307723
2022-08-21,21531.4629,21531.4629,20939.1836,21398.9082,31666498758
2022-08-22,21401.0449,21646.2031,20955.1387,21528.0879,31878280659
2022-08-23,21526.4551,21783.0762,21195.0059,21395.0195,31962253368
2022-08-24,21395.4590,21789.6367,21362.4414,21600.9043,31028679593
2022-08-25,21596.0859,21804.9082,20199.4824,20260.0195,42326789564
2022-08-26,20262.4805,20340.7754,19890.5234,20041.7383,30116729776
2022-08-27,20041.0352,20139.0547,19616.8145,19616.8145,24366810591
2022-08-28,19615.1543,20357.4629,19600.7852,20297.9941,32637854078
2022-08-29,20298.6113,20542.6445,19617.6406,19796.8086,34483360283
2022-08-30,19799.5820,20420.9902,19799.5820,20049.7637,33225232872
2022-08-31,20050.4980,20198.3906,19653.9688,20127.1406,30182031010
2022-09-01,20126.0723,20401.5684,19814.7656,19969.7715,29123998928
2022-09-02,19969.7188,20037.0098,19698.3555,19832.0879,23613051457
2022-09-03,19832.4707,19999.6895,19636.8164,19986.7129,25245861652
2022-09-04,19988.7891,20031.1602,19673.0469,19812.3711,28813460025
2022-09-05,19817.7246,20155.2695,18800.1719,18837.6680,43403978910
2022-09-06,18837.6836,19427.1719,18644.4668,19290.3242,35239757134
2022-09-07,19289.9414,19417.3516,19076.7148,19329.8340,32194477850
2022-09-08,19328.1406,21439.4102,19310.9629,21381.1523,48469528171
2022-09-09,21376.9121,21760.2754,21168.7227,21680.5391,36913738894
2022-09-10,21678.5430,21770.5527,21406.9453,21769.2559,34493951963
2022-09-11,21770.1484,22439.1816,21603.8965,22370.4492,50212088965
2022-09-12,22371.4805,22673.8203,20062.6699,20296.7070,51091116622
2022-09-13,20184.5547,20467.2012,19793.3965,20241.0898,37872380889
2022-09-14,20242.2891,20318.1660,19636.7344,19701.2109,36389011503
2022-09-15,19704.0059,19870.6289,19400.0762,19772.5840,30123362273
2022-09-16,19777.0332,20162.5312,19777.0332,20127.5762,24957448100
2022-09-17,20127.2344,20127.2344,19387.4922,19419.5059,31254779144
2022-09-18,19418.5723,19639.4805,18390.3184,19544.1289,40177002624
2022-09-19,19545.5918,19602.4570,18813.4551,18890.7891,36791346508
2022-09-20,18891.2832,19674.6309,18290.3145,18547.4004,46363793975
2022-09-21,18534.6504,19456.9102,18415.5918,19413.5508,41135767926
2022-09-22,19412.4004,19464.6719,18617.5527,19297.6387,38896078052
2022-09-23,19296.9902,19310.1973,18861.9746,18937.0117,26149643168
2022-09-24,18936.3105,19134.7324,18696.4688,18802.0977,23359966112
2022-09-25,18803.9004,19274.8730,18721.2852,19222.6719,44148798321
2022-09-26,19221.8398,20338.4551,18915.6680,19110.5469,58571439619
2022-09-27,19104.6211,19688.3438,18553.2969,19426.7207,53071298734
2022-09-28,19427.7793,19589.2656,18924.3535,19573.0508,41037843771
2022-09-29,19573.4316,20109.8496,19265.6621,19431.7891,43975248085
2022-09-30,19431.1055,19471.1543,19231.0820,19312.0957,18719537670
2022-10-01,19311.8496,19370.3086,18970.6211,19044.1074,20765955327
2022-10-02,19044.0684,19653.5430,19025.2266,19623.5801,30484729489
2022-10-03,19623.5840,20380.3438,19523.8398,20336.8438,35887278685
2022-10-04,20335.9004,20343.7480,19801.8008,20160.7168,33223790572
2022-10-05,20161.0391,20408.3926,19900.0879,19955.4434,34711412966
2022-10-06,19957.5586,20041.0859,19395.7930,19546.8496,29227315390
2022-10-07,19546.3281,19601.6953,19299.4141,19416.5684,16437423167
2022-10-08,19417.4785,19542.5391,19349.2598,19446.4258,16837262532
2022-10-09,19446.4160,19515.4668,19102.9785,19141.4844,27425022774
2022-10-10,19139.0000,19241.9609,18925.6035,19051.4180,28711532910
2022-10-11,19052.6465,19203.1992,19029.7578,19157.4453,24950173846
2022-10-12,19156.9668,19453.3281,18319.8223,19382.9043,44219840004
2022-10-13,19382.5332,19889.1465,19115.4082,19185.6562,38452356727
2022-10-14,19185.4375,19212.5410,19019.2500,19067.6348,16192235532
2022-10-15,19068.9141,19389.6035,19068.9141,19268.0938,17988916650
2022-10-16,19268.5625,19635.8027,19173.3340,19550.7578,27472552998
2022-10-17,19550.4668,19666.9941,19144.7695,19334.4160,30580012344
2022-10-18,19335.0273,19348.4160,19127.6875,19139.5352,22425387184
2022-10-19,19138.0859,19315.1992,18971.4590,19053.7402,24493974420
2022-10-20,19053.2031,19237.3848,18770.9707,19172.4688,32459287866
2022-10-21,19172.3809,19248.0684,19132.2441,19208.1895,16104440957
2022-10-22,19207.7344,19646.6523,19124.1973,19567.0078,22128794335
2022-10-23,19567.7695,19589.1250,19206.3242,19345.5723,30202235805
2022-10-24,19344.9648,20348.4121,19261.4473,20095.8574,47761524910
2022-10-25,20092.2363,20938.1348,20076.1172,20770.4414,58895950537
2022-10-26,20772.8027,20854.0449,20255.3730,20285.8359,49625110402
2022-10-27,20287.9570,20724.9805,20086.0684,20595.3516,43994715910
2022-10-28,20595.1035,20988.3945,20566.4844,20818.4766,40369840645
2022-10-29,20817.9824,20917.0059,20547.4629,20635.6035,31486345556
2022-10-30,20633.6953,20795.3203,20287.4590,20495.7734,45668466815
2022-10-31,20494.8984,20647.2891,20359.8457,20485.2734,39819303159
2022-11-01,20482.9590,20742.8105,20087.1348,20159.5039,55552169483
2022-11-02,20162.6895,20382.0957,20086.2402,20209.9883,43228750179
2022-11-03,20208.7695,21209.5605,20188.0195,21147.2305,64072727950
2022-11-04,21144.8320,21446.8867,21097.6348,21282.6914,37846047609
2022-11-05,21285.0566,21345.3770,20920.1914,20926.4863,35082693210
2022-11-06,20924.6211,21053.2461,20489.9727,20602.8164,53510852236
2022-11-07,20600.6719,20664.6074,17603.5449,18541.2715,118992465607
2022-11-08,18543.7617,18590.4590,15682.6924,15880.7803,102905151606
2022-11-09,15883.1582,18054.3125,15834.0186,17586.7715,83202283721
2022-11-10,17583.2520,17650.9434,16543.4824,17034.2930,55871616488
2022-11-11,17036.8750,17066.6758,16651.7754,16799.1855,29717699419
2022-11-12,16799.7227,16920.7656,16320.6348,16353.3652,27209183682
2022-11-13,16352.0283,17109.3242,15872.9414,16618.1992,49630243054
2022-11-14,16617.4844,17051.9629,16542.5508,16884.6133,36599436183
2022-11-15,16884.3418,16960.2949,16430.1113,16669.4395,33925512989
2022-11-16,16670.4258,16726.4395,16460.6836,16687.5176,27868914022
2022-11-17,16687.9121,16947.0586,16564.6113,16697.7773,26862218609
2022-11-18,16696.2207,16797.8770,16570.4102,16711.5469,16106223492
2022-11-19,16712.9199,16746.7793,16248.6924,16291.8320,21313378652
2022-11-20,16291.2236,16291.2236,15599.0469,15787.2842,37429485518
2022-11-21,15782.3008,16253.0479,15656.6064,16189.7695,30726828760
2022-11-22,16195.5889,16638.1934,16170.5029,16610.7070,32958875628
2022-11-23,16611.6367,16771.4746,16501.7676,16604.4648,26129037414
2022-11-24,16602.2695,16603.3164,16388.4043,16521.8418,18678255976
2022-11-25,16521.5762,16666.8633,16416.2285,16464.2812,18000008764
2022-11-26,16463.8828,16594.4062,16437.0254,16444.6270,20443898509
2022-11-27,16440.2227,16482.9336,16054.5303,16217.3223,27743025156
2022-11-28,16217.6396,16522.2578,16139.3965,16444.9824,23581685468
2022-11-29,16445.4766,17190.9375,16445.4766,17168.5664,29523576583
2022-11-30,17168.0020,17197.4980,16888.3887,16967.1328,22895392882
2022-12-01,16968.6836,17088.6602,16877.8809,17088.6602,19539705127
2022-12-02,17090.0977,17116.0410,16888.1406,16908.2363,16217776704
2022-12-03,16908.1699,17157.7676,16903.4395,17130.4863,16824520830
2022-12-04,17128.8945,17378.1523,16922.4316,16974.8262,22209086834
2022-12-05,16975.2383,17091.8633,16939.9219,17089.5039,19889922369
2022-12-06,17089.5059,17109.3770,16750.5586,16848.1270,19675404389
2022-12-07,16847.3496,17267.9160,16788.7832,17233.4746,20496603770
2022-12-08,17232.1484,17280.5469,17100.8359,17133.1523,20328426366
2022-12-09,17134.2207,17216.8262,17120.6836,17128.7246,12706781969
2022-12-10,17129.7109,17245.6348,17091.8203,17104.1934,14122486832
2022-12-11,17102.5000,17212.5645,16899.3945,17206.4375,19617581341
2022-12-12,17206.4414,17930.0859,17111.7637,17781.3184,26634741631
2022-12-13,17782.0664,18318.5312,17739.5137,17815.6504,25534481470
2022-12-14,17813.6445,17846.7441,17322.5898,17364.8652,20964448341
2022-12-15,17364.5469,17505.5254,16584.7012,16647.4844,24031608960
2022-12-16,16646.9824,16800.5898,16614.0293,16795.0918,14463581825
2022-12-17,16795.6094,16815.3867,16697.8203,16757.9766,10924354698
2022-12-18,16759.0410,16807.5273,16398.1367,16439.6797,17221074814
2022-12-19,16441.7871,17012.9844,16427.8672,16906.3047,22722096615
2022-12-20,16904.5273,16916.8008,16755.9121,16817.5352,14882945045
2022-12-21,16818.3809,16866.6738,16592.4082,16830.3418,16441573050
2022-12-22,16829.6445,16905.2188,16794.4590,16796.9531,15329265213
2022-12-23,16796.9766,16864.7031,16793.5273,16847.7559,9744636213
2022-12-24,16847.5059,16860.5547,16755.2539,16841.9863,11656379938
2022-12-25,16842.2500,16920.1230,16812.3691,16919.8047,11886957804
2022-12-26,16919.2910,16959.8457,16642.0723,16717.1738,15748580239
2022-12-27,16716.4004,16768.1699,16497.5566,16552.5723,17005713920
2022-12-28,16552.3223,16651.7559,16508.6836,16642.3418,14472237479
2022-12-29,16641.3301,16643.4277,16408.4746,16602.5859,15929162910
2022-12-30,16603.6738,16628.9863,16517.5195,16547.4961,11239186456
2022-12-31,16547.9141,16630.4395,16521.2344,16625.0801,9244361700
2023-01-01,16625.5098,16759.3438,16572.2285,16688.4707,12097775227
2023-01-02,16688.8477,16760.4473,16622.3711,16679.8574,13903079207
2023-01-03,16680.2051,16964.5859,16667.7637,16863.2383,18421743322
2023-01-04,16863.4727,16884.0215,16790.2832,16836.7363,13692758566
2023-01-05,16836.4727,16991.9941,16716.4219,16951.9688,14413662913
2023-01-06,16952.1172,16975.0176,16914.1914,16955.0781,7714767174
2023-01-07,16954.1465,17091.1445,16924.0508,17091.1445,9768827914
2023-01-08,17093.9922,17389.9570,17093.9922,17196.5547,18624736866
2023-01-09,17192.9492,17484.7207,17162.9902,17446.2930,15808338949
2023-01-10,17446.3594,17934.8965,17337.9941,17934.8965,18372283782
2023-01-11,18117.5938,19030.0879,17995.2031,18869.5879,34971338710
2023-01-12,18868.9062,19964.3223,18753.1641,19909.5742,29225029694
2023-01-13,19910.5371,21075.1426,19907.8281,20976.2988,38967784639
2023-01-14,20977.4844,20993.7480,20606.9863,20880.7988,19298407543
2023-01-15,20882.2246,21360.8750,20715.7461,21169.6328,26792494050
2023-01-16,21175.8340,21438.6602,20978.5332,21161.5195,24999983362
2023-01-17,21161.0508,21564.5020,20541.5449,20688.7812,30005625418
2023-01-18,20686.7461,21163.0117,20685.3809,21086.7930,21152848261
2023-01-19,21085.3730,22692.3574,20919.1270,22676.5527,28799154319
2023-01-20,22677.4277,23282.3477,22511.8340,22777.6250,32442278429
2023-01-21,22777.9863,23056.7305,22387.9004,22720.4160,24746386230
2023-01-22,22721.0879,23126.4863,22654.3047,22934.4316,26518700512
2023-01-23,22929.6270,23134.0117,22549.7441,22636.4688,26405069715
2023-01-24,22639.2676,23722.0996,22406.0762,23117.8594,30685366709
2023-01-25,23108.9551,23237.0781,22911.3730,23032.7773,26357839322
2023-01-26,23030.7168,23417.7207,22654.5938,23078.7285,25383335641
2023-01-27,23079.9648,23165.8965,22908.8457,23031.0898,14712928379
2023-01-28,23031.4492,23919.8906,22985.0703,23774.5664,27423687259
2023-01-29,23774.6484,23789.3477,22657.5820,22840.1387,27205595568
2023-01-30,22840.7969,23225.0215,22765.5684,23139.2832,22837828665
2023-01-31,23137.8359,23764.5391,22877.7500,23723.7695,26683255504
2023-02-01,23720.8242,24167.2109,23468.5957,23471.8711,32066936882
2023-02-02,23469.4121,23678.1035,23279.9551,23449.3223,27083066007
2023-02-03,23446.3203,23556.9492,23291.7949,23331.8477,15639298538
2023-02-04,23332.2480,23423.4355,22841.7598,22955.6660,19564262605
2023-02-05,22954.0215,23119.2793,22692.0254,22760.1094,23825006542
2023-02-06,22757.2676,23310.9746,22756.2578,23264.2910,27187964471
2023-02-07,23263.4160,23367.9590,22731.0977,22939.3984,25371367758
2023-02-08,22946.5664,22996.4375,21773.9746,21819.0391,32572572185
2023-02-09,21819.0059,21941.1855,21539.3926,21651.1836,27078406594
2023-02-10,21651.8418,21891.4102,21618.4492,21870.8750,16356226232
2023-02-11,21870.9023,22060.9941,21682.8281,21788.2031,17821046406
2023-02-12,21787.0000,21898.4141,21460.0879,21808.1016,23918742607
2023-02-13,21801.8223,22293.1406,21632.3945,22220.8047,26792596581
2023-02-14,22220.5859,24307.8418,22082.7695,24307.8418,32483312909
2023-02-15,24307.3496,25134.1172,23602.5234,23623.4746,39316664596
2023-02-16,23621.2832,24924.0410,23460.7559,24565.6016,41358451255
2023-02-17,24565.2969,24798.8359,24468.3730,24641.2773,19625427158
2023-02-18,24640.0273,25093.0547,24327.6426,24327.6426,25555105670
2023-02-19,24336.6230,25020.4590,23927.9102,24829.1484,28987376573
2023-02-20,24833.0488,25126.8516,24200.3633,24436.3535,31252098714
2023-02-21,24437.4180,24472.3398,23644.3184,24188.8438,30199996781
2023-02-22,24190.7188,24572.0898,23693.9199,23947.4922,30476264066
2023-02-23,23946.0078,24103.7051,23007.0723,23198.1270,26811744928
2023-02-24,23200.1250,23210.2109,22861.5586,23175.3750,16100721565
2023-02-25,23174.1504,23654.3672,23084.2207,23561.2129,16644534842
2023-02-26,23561.4512,23857.8906,23205.8789,23522.8711,22660763494
2023-02-27,23521.8379,23585.3848,23077.6504,23147.3535,20535363434
2023-02-28,23150.9297,23880.6328,23088.6270,23646.5508,24662841200
2023-03-01,23647.0195,23739.1387,23245.0215,23475.4668,20386398516
2023-03-02,23476.6328,23479.3477,22213.2383,22362.6797,26062404610
2023-03-03,22362.9238,22405.1777,22198.9805,22353.3496,11166012913
2023-03-04,22354.1445,22613.6855,22307.1426,22435.5137,13317001733
2023-03-05,22436.8164,22584.2930,22331.3145,22429.7578,17353192895
2023-03-06,22428.3223,22527.4180,22011.2617,22219.7695,22765452204
2023-03-07,22216.4414,22268.8965,21708.0508,21718.0801,22536575684
2023-03-08,21720.0801,21802.7168,20210.3066,20363.0215,30364664171
2023-03-09,20367.0020,20370.5957,19628.2539,20187.2441,39578257695
2023-03-10,20187.8770,20792.5254,20068.6602,20632.4102,30180288176
2023-03-11,20628.0293,22185.0312,20448.8066,22163.9492,29279035521
2023-03-12,22156.4062,24550.8379,21918.1992,24197.5332,49466362688
2023-03-13,24201.7656,26514.7168,24081.1836,24746.0742,54622230164
2023-03-14,24770.9258,25240.6152,23964.9102,24375.9609,43655701450
2023-03-15,24373.4570,25190.3262,24225.1113,25052.7891,33866061747
2023-03-16,25055.1230,27787.8125,24955.1699,27423.9297,50730261335
2023-03-17,27448.1172,27725.9531,26636.2617,26965.8789,35723036817
2023-03-18,26969.5039,28440.5605,26907.7168,28038.6758,37769448859
2023-03-19,28041.6016,28527.7246,27242.8809,27767.2363,44774027664
2023-03-20,27768.3926,28439.5625,27439.6465,28175.8164,36102192830
2023-03-21,28158.7207,28803.3359,26759.9961,27307.4375,33382021890
2023-03-22,27301.9570,28729.8438,27183.3633,28333.9727,24220433689
2023-03-23,28324.1113,28388.4375,27039.2656,27493.2852,25980310960
2023-03-24,27487.3379,27791.8262,27196.2344,27494.7070,13383005987
2023-03-25,27495.5234,28178.1445,27445.0469,27994.3301,13878363192
2023-03-26,27994.0684,28037.9258,26606.6895,27139.8887,18188895178
2023-03-27,27132.8887,27460.7188,26677.8184,27268.1309,17783600385
2023-03-28,27267.0312,28619.5430,27259.6621,28348.4414,20684945906
2023-03-29,28350.1406,29159.9023,27720.1602,28033.5625,22435349951
2023-03-30,28032.2617,28639.8965,27583.7148,28478.4844,19001327598
2023-03-31,28473.3320,28802.4570,28297.1719,28411.0352,10876469901
2023-04-01,28462.8457,28518.9590,27884.0879,28199.3086,12284641999
2023-04-02,28183.0801,28475.6230,27276.7207,27790.2207,19556501327
2023-04-03,27795.2734,28433.7422,27681.3047,28168.0898,15284538859
2023-04-04,28169.7266,28739.2383,27843.7637,28177.9844,17052315986
2023-04-05,28175.2266,28178.3848,27738.7598,28044.1406,13837809380
2023-04-06,28038.9668,28111.5938,27794.0312,27925.8594,10861680497
2023-04-07,27920.5137,28159.8633,27883.3867,27947.7949,9373255556
2023-04-08,27952.3672,28532.8301,27828.4805,28333.0508,12175322951
2023-04-09,28336.0273,29771.4648,28189.2715,29652.9805,19282400094
2023-04-10,29653.6797,30509.0840,29609.3008,30235.0586,20121259843
2023-04-11,30231.5820,30462.4805,29725.5742,30139.0527,18651929926
2023-04-12,29892.7402,30539.8457,29878.6230,30399.0664,17487721001
2023-04-13,30409.5625,31005.6074,30044.4980,30485.6992,22659995079
2023-04-14,30490.7500,30601.7402,30245.8828,30318.4961,11940685378
2023-04-15,30315.9766,30555.5371,30157.8320,30315.3555,12854816417
2023-04-16,30317.1465,30319.1973,29275.3711,29445.0449,17872186762
2023-04-17,29449.0918,30470.3027,29154.8496,30397.5527,19480529496
2023-04-18,30394.1875,30411.0547,28669.8984,28822.6797,24571565421
2023-04-19,28823.6836,29076.4004,28037.2578,28245.9883,21340360360
2023-04-20,28249.2305,28349.9688,27177.3652,27276.9102,20759504330
2023-04-21,27265.8945,27872.1426,27169.5703,27817.5000,13125734602
2023-04-22,27816.1445,27820.2441,27400.3145,27591.3848,12785446832
2023-04-23,27591.7305,27979.9824,27070.8496,27525.3398,17703288330
2023-04-24,27514.8730,28371.0781,27207.9316,28307.5977,17733373139
2023-04-25,28300.0586,29995.8379,27324.5488,28422.7012,31854242019
2023-04-26,28428.4648,29871.5469,28402.8867,29473.7871,27153445027
2023-04-27,29481.0137,29572.7910,28929.6094,29340.2617,17544464887
2023-04-28,29336.5664,29452.4551,29088.0430,29248.4883,10662634333
2023-04-29,29245.5156,29952.0293,29114.0215,29268.8066,14652199272
2023-04-30,29227.1035,29329.9355,27680.7930,28091.5684,18655599976
2023-05-01,28087.1758,28881.2988,27924.1230,28680.5371,16432924527
2023-05-02,28680.4941,29259.5332,28178.3887,29006.3086,19122972518
2023-05-03,29031.3047,29353.1855,28694.0391,28847.7109,15548678514
2023-05-04,28851.4805,29668.9082,28845.5098,29534.3848,17936566518
2023-05-05,29538.8594,29820.1270,28468.9668,28904.6230,15913866714
2023-05-06,28901.6230,29157.5176,28441.3672,28454.9785,11301355486
2023-05-07,28450.4570,28663.2715,27310.1348,27694.2734,19122903752
2023-05-08,27695.0684,27821.4004,27375.6016,27658.7754,14128593256
2023-05-09,27654.6367,28322.6875,26883.6699,27621.7559,20656025026
2023-05-10,27621.0859,27621.9414,26781.8262,27000.7891,16724343943
2023-05-11,26987.6621,27055.6465,25878.4297,26804.9902,19313599897
2023-05-12,26807.7695,27030.4824,26710.8730,26784.0781,9999171605
2023-05-13,26788.9746,27150.9766,26661.3555,26930.6387,10014858959
2023-05-14,26931.3848,27646.3477,26766.0977,27192.6934,14413231792
2023-05-15,27171.5137,27299.3047,26878.9473,27036.6504,12732238816
2023-05-16,27035.4707,27465.9277,26600.1445,27398.8027,15140006925
2023-05-17,27401.6504,27466.5273,26415.1016,26832.2090,15222938600
2023-05-18,26826.7539,27128.6191,26700.2109,26890.1289,11258983301
2023-05-19,26888.8418,27155.1582,26843.2773,27129.5859,7044911360
2023-05-20,27118.4238,27265.9180,26706.9219,26753.8262,8647416921
2023-05-21,26749.8926,27045.7344,26549.7344,26851.2773,11056770492
2023-05-22,26855.9609,27434.6836,26816.1797,27225.7266,13697203143
2023-05-23,27224.6035,27224.6035,26106.5762,26334.8184,16299104428
2023-05-24,26329.4609,26591.5195,25890.5938,26476.2070,13851122697
2023-05-25,26474.1816,26916.6699,26343.9492,26719.2910,12711619225
2023-05-26,26720.1816,26888.8828,26621.1406,26868.3535,7892015141
2023-05-27,26871.1582,28193.4492,26802.7520,28085.6465,14545229578
2023-05-28,28075.5918,28432.0391,27563.8770,27745.8848,15181308984
2023-05-29,27745.1230,28044.7598,27588.5020,27702.3496,13251081851
2023-05-30,27700.5293,27831.6777,26866.4531,27219.6582,15656371534
2023-05-31,27218.4121,27346.1055,26671.7207,26819.9727,14678970415
2023-06-01,26824.5566,27303.8613,26574.6445,27249.5898,14837415000
2023-06-02,27252.3242,27317.0527,26958.0039,27075.1289,8385597470
2023-06-03,27075.1230,27407.0195,26968.2246,27119.0664,9360912318
2023-06-04,27123.1094,27129.9824,25445.1680,25760.0977,21513292646
2023-06-05,25732.1094,27313.8203,25434.8672,27238.7832,21929670693
2023-06-06,27235.6504,27332.1816,26146.9883,26345.9980,19530045082
2023-06-07,26347.6543,26797.5137,26246.6641,26508.2168,11904824295
2023-06-08,26505.9238,26770.2891,26339.3145,26480.3750,11015551640
2023-06-09,26481.7617,26531.0449,25501.8359,25851.2402,19872933189
2023-06-10,25854.0312,26203.4395,25668.9863,25940.1680,10732609603
2023-06-11,25934.2852,26087.9199,25675.1973,25902.5000,11677889997
2023-06-12,25902.9414,26376.3516,25728.3652,25918.7285,14143474486
2023-06-13,25920.2578,26041.8008,24902.1523,25124.6758,14265717766
2023-06-14,25121.6738,25735.3086,24797.1680,25576.3945,15837384409
2023-06-15,25575.2832,26463.1738,25245.3574,26327.4629,16324646965
2023-06-16,26328.6797,26769.3945,26174.4922,26510.6758,11090276850
2023-06-17,26510.4570,26675.9258,26325.8906,26336.2129,9565695129
2023-06-18,26335.4414,26984.6113,26312.8320,26851.0293,12826986222
2023-06-19,26841.6641,28388.9688,26668.7910,28327.4883,22211859147
2023-06-20,28311.3105,30737.3301,28283.4102,30027.2969,33346760979
2023-06-21,29995.9355,30495.9980,29679.1582,29912.2812,20653160491
2023-06-22,29896.3828,31389.5391,29845.2148,30695.4688,24115570085
2023-06-23,30708.7383,30804.1484,30290.1465,30548.6953,12147822496
2023-06-24,30545.1504,31041.2715,30327.9434,30480.2617,12703464114
2023-06-25,30480.5234,30636.0293,29955.7441,30271.1309,16493186997
2023-06-26,30274.3203,31006.7871,30236.6504,30688.1641,16428827944
2023-06-27,30696.5605,30703.2793,29921.8223,30086.2461,14571500779
2023-06-28,30086.1875,30796.2500,30057.2031,30445.3516,13180860821
2023-06-29,30441.3535,31256.8633,29600.2754,30477.2520,26387306197
2023-06-30,30471.8477,30641.2891,30328.8652,30590.0781,9086606733
2023-07-01,30587.2695,30766.1406,30264.0195,30620.7695,10533418042
2023-07-02,30624.5156,31375.6133,30586.5137,31156.4395,15271884873
2023-07-03,31156.8652,31325.1973,30659.3555,30777.5820,12810828427
2023-07-04,30778.7246,30877.3301,30225.6133,30514.1660,12481622280
2023-07-05,30507.1504,31460.0527,29892.2266,29909.3379,21129219509
2023-07-06,29907.9980,30434.6445,29777.2852,30342.2656,13384770155
2023-07-07,30346.9219,30374.4375,30080.1602,30292.5410,7509378699
2023-07-08,30291.6113,30427.5898,30085.5918,30171.2344,7903327692
2023-07-09,30172.4238,31026.0840,29985.3945,30414.4707,14828209155
2023-07-10,30417.6328,30788.3145,30358.0977,30620.9512,12151839152
2023-07-11,30622.2461,30959.9648,30228.8359,30391.6465,14805659717
2023-07-12,30387.4883,31814.5156,30268.3516,31476.0488,23686079548
2023-07-13,31474.7207,31582.2539,29966.3867,30334.0684,20917902660
2023-07-14,30331.7832,30407.7812,30263.4629,30295.8066,8011667756
2023-07-15,30297.4727,30437.5605,30089.6699,30249.1328,8516564470
2023-07-16,30249.6270,30336.4004,29685.7832,30145.8887,13240156074
2023-07-17,30147.0703,30233.6562,29556.4277,29856.5625,13138897269
2023-07-18,29862.0469,30184.1816,29794.2695,29913.9238,12128602812
2023-07-19,29915.2500,30195.5312,29638.0957,29792.0156,14655207121
2023-07-20,29805.1113,30045.9980,29733.8516,29908.7441,10972789818
2023-07-21,29908.6973,29991.6152,29664.1211,29771.8027,7873300598
2023-07-22,29790.1113,30330.6406,29741.5273,30084.5391,9220145050
2023-07-23,30081.6621,30093.3945,28934.2949,29176.9160,15395817395
2023-07-24,29178.9707,29353.1602,29062.4336,29227.3906,10266772793
2023-07-25,29225.7598,29675.5527,29113.9121,29354.9727,13497554655
2023-07-26,29353.7988,29560.9668,29099.3516,29210.6895,10770779217
2023-07-27,29212.1641,29521.5137,29125.8457,29319.2461,11218474952
2023-07-28,29319.4453,29396.8438,29264.1660,29356.9180,6481775959
2023-07-29,29357.0938,29443.1699,29059.5020,29275.3086,8678454527
2023-07-30,29278.3145,29489.8730,29131.5781,29230.1113,11656781982
2023-07-31,29230.8730,29675.7324,28657.0234,29675.7324,18272392391
2023-08-01,29704.1465,29987.9980,28946.5098,29151.9590,19212655598
2023-08-02,29161.8125,29375.7070,28959.4883,29178.6797,12780357746
2023-08-03,29174.3828,29302.0781,28885.3359,29074.0918,12036639988
2023-08-04,29075.3887,29102.4648,28957.7969,29042.1270,6598366353
2023-08-05,29043.7012,29160.8223,28963.8340,29041.8555,7269806994
2023-08-06,29038.5137,29244.2812,28724.1406,29180.5781,13618163710
2023-08-07,29180.0195,30176.7969,29113.8145,29765.4922,17570561357
2023-08-08,29766.6953,30093.4355,29376.8008,29561.4941,18379521213
2023-08-09,29563.9727,29688.5645,29354.4473,29429.5918,11865344789
2023-08-10,29424.9023,29517.7734,29253.5176,29397.7148,10195168197
2023-08-11,29399.7871,29465.1133,29357.5879,29415.9648,6194358008
2023-08-12,29416.5938,29441.4336,29265.8066,29282.9141,7329897180
2023-08-13,29283.2637,29660.2539,29124.1055,29408.4434,14013695304
2023-08-14,29408.0488,29439.1211,29088.8535,29170.3477,12640195779
2023-08-15,29169.0742,29221.9766,28701.7793,28701.7793,14949271904
2023-08-16,28699.8027,28745.9473,25409.1113,26664.5508,31120851211
2023-08-17,26636.0781,26808.1953,25668.9219,26049.5566,24026236529
2023-08-18,26047.8320,26249.4492,25802.4082,26096.2051,10631443812
2023-08-19,26096.8613,26260.6816,26004.3145,26189.5840,9036580420
2023-08-20,26188.6914,26220.2012,25846.0879,26124.1406,13371557893
2023-08-21,26130.7480,26135.5078,25520.7285,26031.6562,14503820706
2023-08-22,26040.4746,26786.8984,25804.9980,26431.6406,16985265785
2023-08-23,26431.5195,26554.9102,25914.9258,26162.3730,12871532023
2023-08-24,26163.6797,26248.1035,25786.8125,26047.6680,12406045118
2023-08-25,26047.2344,26107.3848,25983.8789,26008.4629,6034817316
2023-08-26,26008.2422,26165.3730,25965.0977,26089.6934,6913768611
2023-08-27,26089.6152,26198.5781,25880.5996,26106.1504,11002805166
2023-08-28,26102.4863,28089.3379,25912.6289,27727.3926,29368391712
2023-08-29,27726.0840,27760.1602,27069.2070,27297.2656,16343655235
2023-08-30,27301.9297,27456.0781,25752.9297,25931.4727,20181001451
2023-08-31,25934.0215,26125.8691,25362.6094,25800.7246,17202862221
2023-09-01,25800.9102,25970.2852,25753.0938,25868.7988,10100387473
2023-09-02,25869.4727,26087.1484,25817.0312,25969.5664,8962524523
2023-09-03,25968.1699,26081.5254,25657.0254,25812.4160,10680635106
2023-09-04,25814.9570,25858.3750,25589.9883,25779.9824,11094740040
2023-09-05,25783.9316,25953.0156,25404.3594,25753.2363,12752705327
2023-09-06,25748.3125,26409.3027,25608.2012,26240.1953,11088307100
2023-09-07,26245.2090,26414.0059,25677.4805,25905.6543,10817356400
2023-09-08,25905.4258,25921.9766,25810.4941,25895.6777,5481314132
2023-09-09,25895.2109,25978.1309,25640.2617,25832.2266,7899553047
2023-09-10,25831.7148,25883.9473,24930.2969,25162.6543,14600006467
2023-09-11,25160.6582,26451.9395,25133.0781,25833.3438,18657279324
2023-09-12,25837.5547,26376.1133,25781.1230,26228.3242,13072077070
2023-09-13,26228.2773,26774.6230,26171.4512,26539.6738,13811359124
2023-09-14,26533.8184,26840.4980,26240.7012,26608.6934,11479735788
2023-09-15,26606.1992,26754.7695,26473.8906,26568.2812,7402031417
2023-09-16,26567.9277,26617.9980,26445.0742,26534.1875,6774210670
2023-09-17,26532.9941,27414.7344,26415.5156,26754.2812,15615339655
2023-09-18,26760.8516,27488.7637,26681.6055,27211.1172,13807690550
2023-09-19,27210.2285,27379.5059,26864.0820,27132.0078,13281116604
2023-09-20,27129.8398,27152.9395,26389.3008,26567.6328,13371443708
2023-09-21,26564.0566,26726.0781,26495.5332,26579.5684,10578746709
2023-09-22,26578.5566,26634.1855,26520.5195,26579.3906,7404700301
2023-09-23,26579.3730,26716.0586,26221.0508,26256.8262,8192867686
2023-09-24,26253.7754,26421.5078,26011.4688,26298.4805,11997833257
2023-09-25,26294.7578,26389.8848,26090.7129,26217.2500,9985498161
2023-09-26,26209.4980,26817.8418,26111.4648,26352.7168,11718380997
2023-09-27,26355.8125,27259.5000,26327.3223,27021.5469,14079002707
2023-09-28,27024.8418,27225.9375,26721.7637,26911.7207,10396435377
2023-09-29,26911.6895,27091.7949,26888.9688,26967.9160,5331172801
2023-09-30,26967.3965,28047.2383,26965.0938,27983.7500,9503917434
2023-10-01,27976.7988,28494.4590,27347.7871,27530.7852,19793041322
2023-10-02,27508.2520,27667.1914,27216.0020,27429.9785,11407814187
2023-10-03,27429.0742,27826.6582,27248.1055,27799.3945,11143355314
2023-10-04,27798.6465,28091.8613,27375.6016,27415.9121,11877253670
2023-10-05,27412.1230,28252.5371,27215.5527,27946.5977,13492391599
2023-10-06,27946.7812,28028.0918,27870.4238,27968.8398,6553044316
2023-10-07,27971.6777,28102.1699,27740.6621,27935.0898,7916875290
2023-10-08,27934.4727,27989.4707,27302.5625,27583.6777,12007668568
2023-10-09,27589.2012,27715.8477,27301.6543,27391.0195,9973350678
2023-10-10,27392.0762,27474.1152,26561.0996,26873.3203,13648094333
2023-10-11,26873.2930,26921.4395,26558.3203,26756.7988,9392909295
2023-10-12,26752.8789,27092.6973,26686.3223,26862.3750,15165312851
2023-10-13,26866.2031,26969.0000,26814.5859,26861.7070,5388116782
2023-10-14,26858.0117,27289.1699,26817.8945,27159.6523,7098201980
2023-10-15,27162.6289,29448.1387,27130.4727,28519.4668,27833876539
2023-10-16,28522.0977,28618.7520,28110.1855,28415.7480,14872527508
2023-10-17,28413.5312,28889.0098,28174.2520,28328.3418,12724128586
2023-10-18,28332.4160,28892.4746,28177.9883,28719.8066,14448058195
2023-10-19,28732.8125,30104.0859,28601.6699,29682.9492,21536125230
2023-10-20,29683.3809,30287.4824,29481.7520,29918.4121,11541146996
2023-10-21,29918.6543,30199.4336,29720.3125,29993.8965,10446520040
2023-10-22,30140.6855,34370.4375,30097.8281,33086.2344,38363572311
2023-10-23,33077.3047,35150.4336,32880.7617,33901.5273,44934999645
2023-10-24,33916.0430,35133.7578,33709.1094,34502.8203,25254318008
2023-10-25,34504.2891,34832.9102,33762.3242,34156.6484,19427195376
2023-10-26,34156.5000,34238.2109,33416.8867,33909.8008,16418032871
2023-10-27,33907.7227,34399.3906,33874.8047,34089.5742,10160330825
2023-10-28,34089.3711,34743.2617,33947.5664,34538.4805,11160323986
2023-10-29,34531.7422,34843.9336,34110.9727,34502.3633,17184860315
2023-10-30,34500.0781,34719.2539,34083.3086,34667.7812,15758270810
2023-10-31,34657.2734,35527.9297,34170.6914,35437.2539,22446272005
2023-11-01,35441.5781,35919.8438,34401.5742,34938.2422,20998158544
2023-11-02,34942.4727,34942.4727,34133.4414,34732.3242,17158456701
2023-11-03,34736.3242,35256.0312,34616.6914,35082.1953,9561294264
2023-11-04,35090.0117,35340.3398,34594.2422,35049.3555,12412743996
2023-11-05,35044.7891,35286.0273,34765.3633,35037.3711,12693436420
2023-11-06,35047.7930,35892.4180,34545.8164,35443.5625,18834737789
2023-11-07,35419.4766,35994.4180,35147.8008,35655.2773,17295394918
2023-11-08,35633.6328,37926.2578,35592.1016,36693.1250,37762672382
2023-11-09,36702.2500,37493.8008,36362.7539,37313.9688,22711265155
2023-11-10,37310.0703,37407.0938,36773.6680,37138.0508,13924272142
2023-11-11,37133.9922,37227.6914,36779.1172,37054.5195,11545715999
2023-11-12,37070.3047,37405.1172,36399.6055,36502.3555,19057712790
2023-11-13,36491.7891,36753.3516,34948.5000,35537.6406,23857403554
2023-11-14,35548.1133,37964.8945,35383.7812,37880.5820,27365821679
2023-11-15,37879.9805,37934.6250,35545.4727,36154.7695,26007385366
2023-11-16,36164.8242,36704.4844,35901.2344,36596.6836,22445028430
2023-11-17,36625.3711,36839.2812,36233.3125,36585.7031,11886022717
2023-11-18,36585.7656,37509.3555,36414.5977,37386.5469,12915986553
2023-11-19,37374.0742,37756.8203,36882.5312,37476.9570,20888209068
2023-11-20,37469.1602,37631.1406,35813.8125,35813.8125,25172163756
2023-11-21,35756.5547,37856.9805,35670.9727,37432.3398,24397247860
2023-11-22,37420.4336,37643.9180,36923.8633,37289.6211,14214948217
2023-11-23,37296.3164,38415.3398,37261.6055,37720.2812,22922957823
2023-11-24,37721.4141,37892.4297,37617.4180,37796.7930,9099571165
2023-11-25,37796.8281,37820.3008,37162.7500,37479.1211,13744796068
2023-11-26,37454.1914,37559.3555,36750.1289,37254.1680,19002925720
2023-11-27,37247.9922,38368.4805,36891.0898,37831.0859,21696137014
2023-11-28,37826.1055,38366.1133,37612.6328,37858.4922,20728546658
2023-11-29,37861.1172,38141.7539,37531.1406,37712.7461,18115982627
2023-11-30,37718.0078,38954.1094,37629.3594,38688.7500,23512784002
2023-12-01,38689.2773,39678.9375,38652.5938,39476.3320,15534035612
2023-12-02,39472.2070,40135.6055,39298.1641,39978.3906,15769696322
2023-12-03,39978.6289,42371.7500,39978.6289,41980.0977,39856129827
2023-12-04,41986.2656,44408.6641,41421.1484,44080.6484,36312154535
2023-12-05,44080.0234,44265.7695,43478.0820,43746.4453,29909761586
2023-12-06,43769.1328,44042.5898,42880.6484,43292.6641,27635760671
2023-12-07,43293.1367,44705.5156,43125.2969,44166.6016,24421116687
2023-12-08,44180.0195,44361.2578,43627.5977,43725.9844,17368210171
2023-12-09,43728.3828,44034.6250,43593.2852,43779.6992,13000481418
2023-12-10,43792.0195,43808.3750,40234.5781,41243.8320,40632672038
2023-12-11,41238.7344,42048.3047,40667.5625,41450.2227,24779520132
2023-12-12,41468.4648,43429.7812,40676.8672,42890.7422,26797884674
2023-12-13,42884.2617,43390.8594,41767.0898,43023.9727,25578530178
2023-12-14,43028.2500,43087.8242,41692.9688,41929.7578,19639442462
2023-12-15,41937.7422,42664.9453,41723.1133,42240.1172,14386729590
2023-12-16,42236.1094,42359.4961,41274.5430,41364.6641,16678702876
2023-12-17,41348.2031,42720.2969,40530.2578,42623.5391,25224642008
2023-12-18,42641.5117,43354.2969,41826.3359,42270.5273,23171001281
2023-12-19,42261.3008,44275.5859,42223.8164,43652.2500,27868908174
2023-12-20,43648.1250,44240.6680,43330.0508,43869.1523,22452766169
2023-12-21,43868.9883,44367.9570,43441.9688,43997.9023,21028503216
2023-12-22,44012.1992,44015.6992,43351.3555,43739.5430,13507796558
2023-12-23,43728.3672,43945.5234,42786.9180,43016.1172,18830554085
2023-12-24,43010.5742,43765.0938,42765.7695,43613.1406,21115795370
2023-12-25,43599.8477,43603.1758,41676.4883,42520.4023,30026850982
2023-12-26,42518.4688,43683.1602,42167.5820,43442.8555,25260941032
2023-12-27,43468.1992,43804.7812,42318.5508,42627.8555,22992093014
2023-12-28,42614.6445,43124.3242,41424.0625,42099.4023,26000021055
2023-12-29,42091.7539,42584.1250,41556.2266,42156.9023,16013925945
2023-12-30,42152.0977,42860.9375,41998.2539,42265.1875,16397498810
2023-12-31,42280.2344,44175.4375,42214.9766,44167.3320,18426978443
2024-01-01,44187.1406,45899.7070,44176.9492,44957.9688,39335274536
2024-01-02,44961.6016,45503.2422,40813.5352,42848.1758,46342323118
2024-01-03,42855.8164,44770.0234,42675.1758,44179.9219,30448091210
2024-01-04,44192.9805,44353.2852,42784.7188,44162.6914,32336029347
2024-01-05,44178.9531,44227.6328,43475.1562,43989.1953,16092503468
2024-01-06,43998.4648,44495.5703,43662.2305,43943.0977,19330573863
2024-01-07,43948.7070,47218.0000,43244.0820,46970.5039,42746192015
2024-01-08,46987.6406,47893.6992,45244.7148,46139.7305,39821290992
2024-01-09,46121.5391,47647.2227,44483.1523,46627.7773,50114613298
2024-01-10,46656.0742,48969.3711,45678.6445,46368.5859,45833734549
2024-01-11,46354.7930,46498.1367,41903.7695,42853.1680,43332698900
2024-01-12,42799.4453,43234.6602,42464.1445,42842.3828,20601860469
2024-01-13,42842.2617,43065.5977,41724.6133,41796.2695,17521429522
2024-01-14,41715.0664,43319.7227,41705.4180,42511.9688,22320220558
2024-01-15,42499.3359,43566.2734,42085.9961,43154.9453,24062872740
2024-01-16,43132.1016,43189.8906,42189.3086,42742.6523,20851232595
2024-01-17,42742.3125,42876.3477,40631.1719,41262.0586,25218357242
2024-01-18,41278.4609,42134.1602,40297.4570,41618.4062,25752407154
2024-01-19,41624.5898,41877.8945,41446.8242,41665.5859,11586690904
2024-01-20,41671.4883,41855.3672,41497.0078,41545.7852,9344043642
2024-01-21,41553.6523,41651.2070,39450.1172,39507.3672,31338708143
2024-01-22,39518.7148,40127.3516,38521.8945,39845.5508,29244553045
2024-01-23,39877.5938,40483.7852,39508.7969,40077.0742,22359526178
2024-01-24,40075.5508,40254.4805,39545.6641,39933.8086,18491782013
2024-01-25,39936.8164,42209.3867,39825.6914,41816.8711,25598119893
2024-01-26,41815.6250,42195.6328,41431.2812,42120.0547,11422941934
2024-01-27,42126.1250,42797.1758,41696.9102,42035.5938,16858971687
2024-01-28,42030.9141,43305.8672,41818.3320,43288.2461,20668476578
2024-01-29,43300.2266,43838.9453,42711.3711,42952.6094,23842814518
2024-01-30,42946.2500,43717.4062,42298.9453,42582.6055,24673628793
2024-01-31,42569.7617,43243.1680,41879.1914,43075.7734,21423953779
2024-02-01,43077.6406,43422.4883,42584.3359,43185.8594,18603843039
2024-02-02,43184.9648,43359.9414,42890.8086,42992.2500,11169245236
2024-02-03,42994.9414,43097.6445,42374.8320,42583.5820,14802225490
2024-02-04,42577.6211,43494.2500,42264.8164,42658.6680,18715487317
2024-02-05,42657.3906,43344.1484,42529.0195,43084.6719,16798476726
2024-02-06,43090.0195,44341.9492,42775.9570,44318.2227,21126587775
2024-02-07,44332.1250,45575.8398,44332.1250,45301.5664,26154524080
2024-02-08,45297.3828,48152.4961,45260.8242,47147.1992,39316770844
2024-02-09,47153.5273,48146.1719,46905.3203,47771.2773,16398681570
2024-02-10,47768.9688,48535.9375,47617.4062,48293.9180,19315867136
2024-02-11,48296.3867,50280.4766,47745.7617,49958.2227,34511985805
2024-02-12,49941.3594,50358.3906,48406.4961,49742.4414,35593051468
2024-02-13,49733.4453,52021.3711,49296.8320,51826.6953,39105608050
2024-02-14,51836.7852,52820.0664,51371.6289,51938.5547,38564360533
2024-02-15,51937.7266,52537.9688,51641.3672,52160.2031,28180567298
2024-02-16,52161.6758,52191.9141,50669.6680,51662.9961,20009091006
2024-02-17,51661.9688,52356.9648,51233.7070,52122.5469,17595377311
2024-02-18,52134.8125,52483.3242,51711.8203,51779.1445,21362184346
2024-02-19,51777.7266,52945.0508,50792.3125,52284.8750,33353758256
2024-02-20,52273.5352,52368.8164,50671.7578,51839.1797,28624907020
2024-02-21,51854.6445,52009.6133,50926.2930,51304.9727,25413900611
2024-02-22,51283.9062,51497.9336,50561.7773,50731.9492,21427078270
2024-02-23,50736.3711,51684.1953,50585.4453,51571.1016,15174077879
2024-02-24,51565.2148,51950.0273,51306.1719,51733.2383,15413239245
2024-02-25,51730.5391,54938.1758,50931.0312,54522.4023,34074411896
2024-02-26,54519.3633,57537.8398,54484.1992,57085.3711,49756832031
2024-02-27,57071.0977,63913.1328,56738.4258,62504.7891,83239156760
2024-02-28,62499.1836,63585.6445,60498.7305,61198.3828,65496611844
2024-02-29,61168.0625,63155.1016,60802.5273,62440.6328,40186368423
2024-03-01,62431.6523,62458.6992,61657.2891,62029.8477,23888473685
2024-03-02,62031.5781,63230.2109,61435.0234,63167.3711,26253811450
2024-03-03,63137.0039,68537.0312,62386.5195,68330.4141,70670471105
2024-03-04,68341.0547,69170.6250,59323.9102,63801.1992,102802940877
2024-03-05,63776.0508,67637.9297,62848.6719,66106.8047,68750229073
2024-03-06,66099.7422,68029.9219,65655.5312,66925.4844,46989543159
2024-03-07,66938.0938,70083.0547,66230.4531,68300.0938,59202881172
2024-03-08,68299.2578,68673.0547,68053.1250,68498.8828,21609650379
2024-03-09,68500.2578,70005.2031,68239.9766,69019.7891,35683977532
2024-03-10,69020.5469,72850.7109,67194.8828,72123.9062,65716656765
2024-03-11,72125.1250,72825.6562,68728.8516,71481.2891,62554434520
2024-03-12,71482.1172,73637.4766,71334.0938,73083.5000,48212536929
2024-03-13,73079.3750,73750.0703,68563.0234,71396.5938,59594605698
2024-03-14,71387.8750,72357.1328,65630.6953,69403.7734,78320453976
2024-03-15,69392.4844,70046.2734,64801.3945,65315.1172,46842198371
2024-03-16,65316.3438,68845.7188,64545.3164,68390.6250,44716864318
2024-03-17,68371.3047,68897.1328,66594.2266,67548.5938,49261579492
2024-03-18,67556.1328,68106.9297,61536.1797,61912.7734,74215844794
2024-03-19,61930.1562,68115.2578,60807.7852,67913.6719,66792634382
2024-03-20,67911.5859,68199.9922,64580.9180,65491.3906,44480350565
2024-03-21,65489.9297,66623.7500,62355.3711,63778.7617,41401116964
2024-03-22,63802.7227,65976.3984,63038.4922,64062.2031,24738964812
2024-03-23,64070.7539,67622.7578,63825.8516,67234.1719,27206630673
2024-03-24,67234.0938,71162.5938,66414.8359,69958.8125,42700139523
2024-03-25,69931.3281,71535.7422,69335.6094,69987.8359,36010437368
2024-03-26,69991.8984,71727.6875,68381.9297,69455.3438,40827113309
2024-03-27,69452.7734,71546.0234,68895.5078,70744.9531,34374900617
2024-03-28,70744.7969,70913.0938,69076.6562,69892.8281,25230851763
2024-03-29,69893.4453,70355.4922,69601.0625,69645.3047,17130241883
2024-03-30,69647.7812,71377.7812,69624.8672,71333.6484,20050941373
2024-03-31,71333.4844,71342.0938,68110.6953,69702.1484,34873527352
2024-04-01,69705.0234,69708.3828,64586.5938,65446.9727,50705240709
2024-04-02,65446.6719,66914.3203,64559.8984,65980.8125,34488018367
2024-04-03,65975.6953,69291.2578,65113.7969,68508.8438,34439527442
2024-04-04,68515.7578,68725.7578,66011.4766,67837.6406,33748230056
2024-04-05,67840.5703,69629.6016,67491.7188,68896.1094,19967785809
2024-04-06,68897.1094,70284.4297,68851.6328,69362.5547,21204930369
2024-04-07,69362.5547,72715.3594,69064.2422,71631.3594,37261432669
2024-04-08,71632.5000,71742.5078,68212.9219,69139.0156,36426900409
2024-04-09,69140.2422,71093.4297,67503.5625,70587.8828,38318601774
2024-04-10,70575.7344,71256.2344,69571.8125,70060.6094,30153382941
2024-04-11,70061.3828,71222.7422,65254.8359,67195.8672,44129299406
2024-04-12,67188.3750,67931.4297,60919.1055,63821.4727,52869738185
2024-04-13,63836.2305,65824.4297,62205.8516,65738.7266,49084320047
2024-04-14,65739.6484,66878.6484,62332.0703,63426.2109,43595917654
2024-04-15,63419.2969,64355.6680,61716.4023,63811.8633,42847528078
2024-04-16,63831.8477,64486.3633,59768.5859,61276.6914,41915247049
2024-04-17,61275.3164,64125.6875,60833.4805,63512.7539,36006307335
2024-04-18,63510.7500,65481.5977,59651.3906,63843.5703,49920425401
2024-04-19,63851.1016,65442.4570,63172.4023,64994.4414,23097485495
2024-04-20,64992.8164,65723.2422,64277.7227,64926.6445,20506644853
2024-04-21,64935.6328,67233.9609,64548.1797,66837.6797,28282686673
2024-04-22,66839.8906,67199.2422,65864.8672,66407.2734,24310975583
2024-04-23,66408.7188,67075.3672,63589.8711,64276.8984,30276655120
2024-04-24,64275.0195,65275.2070,62783.6328,64481.7070,32155786816
2024-04-25,64485.3711,64789.6562,63322.3984,63755.3203,24139372950
2024-04-26,63750.9883,63898.3633,62424.7188,63419.1406,19530783039
2024-04-27,63423.5156,64321.4844,62793.5977,63113.2305,17334827993
2024-04-28,63106.3633,64174.8789,61795.4570,63841.1211,26635912073
2024-04-29,63839.4180,64703.3320,59120.0664,60636.8555,37840840057
2024-04-30,60609.4961,60780.5000,56555.2930,58254.0117,48439780271
2024-05-01,58253.7031,59602.2969,56937.2031,59123.4336,32711813559
2024-05-02,59122.3008,63320.5039,58848.3125,62889.8359,33172023048
2024-05-03,62891.0312,64494.9570,62599.3516,63891.4727,20620477992
2024-05-04,63892.4531,64610.8906,62955.3047,64031.1328,18296164805
2024-05-05,64038.3125,65494.9023,62746.2383,63161.9492,28697928697
2024-05-06,63162.7617,64390.4570,62285.9805,62334.8164,25930730982
2024-05-07,62332.6406,62986.0859,60877.1289,61187.9414,26088172222
2024-05-08,61191.1992,63404.9141,60648.0742,63049.9609,25453338161
2024-05-09,63055.1914,63446.7422,60208.7812,60792.7773,27804954694
2024-05-10,60793.3555,61451.1523,60492.6250,60793.7109,13842272968
2024-05-11,60793.5039,61818.1562,60632.6016,61448.3945,13800459405
2024-05-12,61451.2188,63422.6602,60769.8398,62901.4492,27889181179
2024-05-13,62900.7734,63092.1250,61123.7656,61552.7891,28186271527
2024-05-14,61553.9883,66454.4531,61330.4102,66267.4922,39815167074
2024-05-15,66256.1094,66712.4297,64613.0547,65231.5820,31573077994
2024-05-16,65231.2969,67459.4609,65119.3164,67051.8750,28031279310
2024-05-17,67066.2109,67387.3281,66663.5000,66940.8047,16712277406
2024-05-18,66937.9297,67694.2969,65937.1797,66278.3672,19249094538
2024-05-19,66278.7422,71483.5625,66086.1719,71448.1953,43850655717
2024-05-20,71443.0625,71946.4609,69191.1250,70136.5312,46932005990
2024-05-21,70135.3203,70623.6953,68977.6953,69122.3359,32802561717
2024-05-22,69121.3047,70041.2734,66356.9531,67929.5625,41895680979
2024-05-23,67928.1328,69220.2969,66622.6719,68526.1016,29197308153
2024-05-24,68526.9219,69579.3203,68515.8203,69265.9453,15473071741
2024-05-25,69264.2891,69506.2266,68183.8906,68518.0938,15628433737
2024-05-26,68512.1797,70597.8828,68232.5000,69394.5547,25870990717
2024-05-27,69392.1953,69514.6406,67227.1562,68296.2188,32722265965
2024-05-28,68296.3516,68852.4609,67101.4922,67578.0938,26707072906
2024-05-29,67576.0859,69500.5391,67118.0781,68364.9922,29509712534
2024-05-30,68362.5156,68999.5625,66633.4219,67491.4141,27387283769
2024-05-31,67489.6094,67839.7656,67386.1953,67706.9375,11641495604
2024-06-01,67710.2734,68409.1641,67315.5234,67751.6016,17110588415
2024-06-02,67753.8984,70230.8203,67589.8359,68804.7812,32401285324
2024-06-03,68804.5703,71047.4062,68564.6406,70567.7656,33149696545
2024-06-04,70568.3516,71735.4141,70390.7109,71082.8203,32810771409
2024-06-05,71082.8438,71625.7344,70119.1250,70757.1641,25223152007
2024-06-06,70759.1875,71907.8516,68507.2578,69342.5859,36188381096
2024-06-07,69324.1797,69533.3203,69210.7422,69305.7734,14262185861
2024-06-08,69297.4922,69817.5234,69160.8438,69647.9922,13534028500
2024-06-09,69644.3125,70146.0703,69232.4219,69512.2812,20597699541
2024-06-10,69508.0781,69549.4141,66123.6016,67332.0312,37116136345
2024-06-11,67321.3750,69977.8906,66902.4531,68241.1875,34497940694
2024-06-12,68243.1016,68365.7812,66304.5625,66756.3984,28955204146
2024-06-13,66747.5703,67294.6484,65056.8945,66011.0938,27403884779
2024-06-14,66006.7422,66402.1875,65871.7734,66191.0000,14121265576
2024-06-15,66189.3594,66894.8438,66018.2500,66639.0469,13281140541
2024-06-16,66636.5156,67188.3203,65094.9648,66490.2969,30006354476
2024-06-17,66490.9766,66556.7031,64066.9570,65140.7461,39481285950
2024-06-18,65146.6602,65695.3516,64693.3008,64960.2969,21103423504
2024-06-19,64960.2969,66438.9609,64547.8477,64828.6562,25641109124
2024-06-20,64837.9883,65007.5469,63378.8945,64096.1992,26188171739
2024-06-21,64113.8633,64475.4688,63929.7578,64252.5781,9858198793
2024-06-22,64248.9648,64491.7031,63180.7969,63180.7969,11170471802
2024-06-23,63173.3516,63292.5273,58601.6992,60277.4141,43152133651
2024-06-24,60266.2812,62258.2617,60239.7500,61804.6406,29201215431
2024-06-25,61789.6758,62434.1367,60695.1875,60811.2773,22506003064
2024-06-26,60811.2266,62293.8633,60585.3320,61604.8008,21231745045
2024-06-27,61612.8047,62126.0977,59985.4023,60320.1367,24952866877
2024-06-28,60319.8750,61097.6211,60300.9648,60887.3789,12652903396
2024-06-29,60888.4453,62892.8281,60632.9492,62678.2930,17333226409
2024-06-30,62673.6055,63777.2266,62495.5117,62851.9805,25468379421
2024-07-01,62844.4102,63203.3594,61752.7461,62029.0156,20151616992
2024-07-02,62034.3320,62187.7031,59419.3867,60173.9219,29756701685
2024-07-03,60147.1367,60399.6758,56777.8047,56977.7031,41149609230
2024-07-04,57022.8086,57497.1523,53717.3750,56662.3750,55417544033
2024-07-05,56659.0742,58472.5469,56038.9609,58303.5391,20610320577
2024-07-06,58239.4297,58371.1211,55793.3242,55849.1094,20553359505
2024-07-07,55849.5742,58131.3359,54321.0195,56705.0977,39766159899
2024-07-08,56704.5977,58239.1953,56316.8750,58009.2266,27849512607
2024-07-09,58033.8828,59359.4336,57178.4141,57742.4961,26175260526
2024-07-10,57729.8906,59299.4336,57120.3789,57344.9141,28707803842
2024-07-11,57341.1953,58532.5547,56590.1758,57899.4648,25604805221
2024-07-12,57908.7383,59787.0781,57796.4414,59231.9531,17080061806
2024-07-13,59225.2500,61329.5273,59225.2500,60787.7930,22223416061
2024-07-14,60815.4570,64870.1523,60704.9297,64870.1523,38094526099
2024-07-15,64784.4180,65354.3398,62487.9688,65097.1484,41617346768
2024-07-16,65091.8320,66066.7344,63896.0859,64118.7930,32525071311
2024-07-17,64104.7383,65104.6602,63246.1641,63974.0664,27239305337
2024-07-18,63972.3242,67442.6406,63329.3438,66710.1562,37003855410
2024-07-19,66709.9219,67610.7344,66299.6172,67163.6484,19029581250
2024-07-20,67164.9141,68372.9062,65842.2969,68154.5234,26652190004
2024-07-21,68152.9766,68480.0625,66611.2969,67585.2500,42649109453
2024-07-22,67584.8047,67779.0156,65484.4609,65927.6719,35605668666
2024-07-23,65927.8594,67113.9844,65146.9961,65372.1328,27470942309
2024-07-24,65375.8750,66112.4219,63473.4727,65777.2266,38315761670
2024-07-25,65771.8125,68207.6016,65743.7656,67912.0625,30488630457
2024-07-26,67911.8125,69398.5078,66705.2188,67813.3359,34691905492
2024-07-27,67808.6562,68301.8516,67085.8281,68255.8672,18043166945
2024-07-28,68259.0547,69987.5391,66532.5938,66819.9141,40780682628
2024-07-29,66819.0547,66987.6719,65323.1914,66201.0156,31380492109
2024-07-30,66201.2734,66810.2109,64532.0469,64619.2500,31292785994
2024-07-31,64625.8398,65593.2422,62248.9414,65357.5000,40975554494
2024-08-01,65353.5000,65523.2227,61184.8945,61415.0664,43060875727
2024-08-02,61414.8086,62148.3711,59836.5273,60680.0938,31753030589
2024-08-03,60676.0938,61062.9883,57210.8047,58116.9766,31758917219
2024-08-04,58110.2969,58268.8281,49121.2383,53991.4570,108991085584
2024-08-05,53991.3477,57059.9180,53973.2734,56034.3164,49300484106
2024-08-06,56040.6328,57726.8828,54620.5078,55027.4609,41637562185
2024-08-07,55030.0273,62673.7656,54766.7266,61710.1367,45298472567
2024-08-08,61728.2070,61751.8633,59587.8594,60880.1133,33425553115
2024-08-09,60881.2305,61464.5117,60287.5664,60945.8125,15745822278
2024-08-10,60944.8906,61778.6602,58348.8242,58719.4844,22759754812
2024-08-11,58719.3945,60680.3320,57688.8984,59354.5156,37078637820
2024-08-12,59356.2070,61572.3984,58506.2539,60609.5664,30327698167
2024-08-13,60611.0508,61687.7578,58472.8750,58737.2695,29961696180
2024-08-14,58733.2617,59838.6484,56161.5938,57560.0977,35682112440
2024-08-15,57560.2734,59847.3594,57110.0195,58894.1055,29350938673
2024-08-16,58893.5312,59694.6680,58814.8320,59478.9727,13589684021
2024-08-17,59468.1328,60262.7188,58445.4023,58483.9648,17740625837
2024-08-18,58480.7109,59612.6602,57864.7109,59493.4531,25911207712
2024-08-19,59493.4531,61396.3281,58610.8828,59012.7930,31613400008
2024-08-20,59014.9883,61834.3516,58823.4453,61175.1914,32731154072
2024-08-21,61168.3164,61408.1094,59815.2539,60381.9141,27625734377
2024-08-22,60380.9531,64947.0625,60372.0508,64094.3555,42530509233
2024-08-23,64103.8711,64513.7891,63619.9180,64178.9922,21430585163
2024-08-24,64176.3672,64996.4219,63833.5195,64333.5430,18827683555
2024-08-25,64342.2266,64489.7070,62849.5586,62880.6602,27682040631
2024-08-26,62879.7070,63210.7969,58116.7500,59504.1328,39103882198
2024-08-27,59507.9258,60236.4492,57890.6758,59027.6250,40289564698
2024-08-28,59027.4688,61184.0820,58786.2266,59388.1797,32224990582
2024-08-29,59388.6016,59896.8867,57768.5312,59119.4766,32292756405
2024-08-30,59117.4805,59432.5938,58768.7852,58969.8984,12403470760
2024-08-31,58969.8008,59062.0703,57217.8242,57325.4883,24592449997
2024-09-01,57326.9688,59403.0703,57136.0273,59112.4805,27036454524
2024-09-02,59106.1914,59815.0586,57425.1680,57431.0234,26666961053
2024-09-03,57430.3477,58511.5703,55673.1641,57971.5391,35627680312
2024-09-04,57971.7031,58300.5820,55712.4531,56160.4883,31030280656
2024-09-05,56160.1914,56976.1094,52598.6992,53948.7539,49361693566
2024-09-06,53949.0859,54838.1445,53740.0703,54139.6875,19061486526
2024-09-07,54147.9336,55300.8594,53653.7578,54841.5664,18268287531
2024-09-08,54851.8867,58041.1250,54598.4336,57019.5352,34618096173
2024-09-09,57020.0977,58029.9766,56419.4141,57648.7109,28857630507
2024-09-10,57650.2891,57991.3203,55567.3398,57343.1719,37049062672
2024-09-11,57343.1719,58534.3594,57330.1016,58127.0117,33835707949
2024-09-12,58130.3242,60648.0234,57650.1133,60571.3008,32490528356
2024-09-13,60569.1172,60656.7227,59517.8828,60005.1211,16428405496
2024-09-14,60000.7266,60381.9180,58696.3086,59182.8359,18120960867
2024-09-15,59185.2266,59205.5117,57501.3398,58192.5078,32032822113
2024-09-16,58192.5078,61316.0898,57628.0703,60308.5391,38075570118
2024-09-17,60309.0000,61664.0664,59218.2539,61649.6797,40990702891
2024-09-18,61651.1562,63872.4414,61609.8672,62940.4570,42710252573
2024-09-19,62941.4258,64119.5312,62364.6055,63192.9766,35177164222
2024-09-20,63184.3398,63543.3594,62783.1055,63394.8398,14408616220
2024-09-21,63396.8047,63993.4219,62440.7266,63648.7109,20183348802
2024-09-22,63643.1016,64733.5586,62628.0781,63329.8008,31400285425
2024-09-23,63326.8398,64695.2148,62737.4180,64301.9688,29938335243
2024-09-24,64302.5898,64804.5039,62945.3750,63143.1445,25078377700
2024-09-25,63138.5469,65790.7969,62669.2695,65181.0195,36873129847
2024-09-26,65180.6641,66480.6953,64852.9922,65790.6641,32058813449
2024-09-27,65792.1797,66255.5312,65458.0352,65887.6484,15243637984
2024-09-28,65888.8984,66069.3438,65450.0156,65635.3047,14788214575
2024-09-29,65634.6562,65635.0547,62873.6172,63329.5000,37112957475
2024-09-30,63335.6055,64110.9805,60189.2773,60837.0078,50220923500
2024-10-01,60836.3242,62357.6875,59996.9492,60632.7852,40762722398
2024-10-02,60632.4844,61469.0391,59878.8047,60759.4023,36106447279
2024-10-03,60754.6250,62465.9922,60459.9414,62067.4766,29585472513
2024-10-04,62067.6094,62371.0234,61689.5820,62089.9492,13305410749
2024-10-05,62084.9883,62959.5703,61833.1484,62818.9531,14776233667
2024-10-06,62819.1094,64443.7070,62152.5508,62236.6602,34253562610
2024-10-07,62221.6445,63174.3047,61843.5625,62131.9688,28134475157
2024-10-08,62131.7266,62508.8359,60314.6133,60582.1016,27670982363
2024-10-09,60581.9297,61236.7227,58895.2070,60274.5000,30452813570
2024-10-10,60275.4609,63400.8711,60046.1250,62445.0898,30327141594
2024-10-11,62444.6172,63448.7852,62443.2695,63193.0234,16744110886
2024-10-12,63192.9453,63272.6523,62035.6367,62851.3750,18177529690
2024-10-13,62848.3984,66482.4922,62442.1523,66046.1250,43706958056
2024-10-14,66050.3672,67881.6797,64809.1953,67041.1094,48863870879
2024-10-15,67042.4609,68375.2891,66758.7266,67612.7188,38195189534
2024-10-16,67617.0781,67912.2109,66647.3906,67399.8359,32790898511
2024-10-17,67419.1094,68969.7500,67177.8203,68418.7891,36857165014
2024-10-18,68418.9766,68668.0078,68024.6406,68362.7344,14443497908
2024-10-19,68364.1797,69359.0078,68105.7188,69001.7031,18975847518
2024-10-20,69002.0000,69462.7344,66829.8516,67367.8516,37498611780
2024-10-21,67360.7031,67801.5781,66581.3672,67361.4062,31808472566
2024-10-22,67362.3750,67402.7422,65188.0352,66432.1953,32263980353
2024-10-23,66653.7031,68798.9609,66454.1016,68161.0547,31414428647
2024-10-24,68165.2969,68722.1562,65521.7930,66642.4141,41469984306
2024-10-25,66628.7344,67317.9219,66360.5938,67014.6953,19588098156
2024-10-26,67023.4766,68221.3125,66847.2266,67929.2969,16721307878
2024-10-27,67922.6719,70212.2656,67535.1328,69907.7578,38799856657
2024-10-28,69910.0469,73577.2109,69729.9141,72720.4922,58541874402
2024-10-29,72715.3672,72905.2969,71411.7344,72339.5391,40646637831
2024-10-30,72335.0469,72662.3125,69590.5000,70215.1875,40627912076
2024-10-31,70216.8984,71559.0156,68779.7031,69482.4688,49989795365
2024-11-01,69486.0234,69867.3516,69033.7188,69289.2734,18184612091
2024-11-02,69296.3828,69361.6562,67482.5234,68741.1172,34868307655
2024-11-03,68742.1328,69433.1797,66803.6484,67811.5078,41184819348
2024-11-04,67811.1719,70522.7891,67458.8672,69359.5625,46046889204
2024-11-05,69358.5000,76460.1562,69322.0312,75639.0781,118592653963
2024-11-06,75637.0859,76943.1172,74480.4219,75904.8594,63467654989
2024-11-07,75902.8359,77252.7500,75648.7422,76545.4766,55176858003
2024-11-08,76556.1875,76932.7656,75773.7891,76778.8672,29009480361
2024-11-09,76775.5469,81474.4219,76565.4297,80474.1875,82570594495
2024-11-10,80471.4141,89604.5000,80283.2500,88701.4844,117966845037
2024-11-11,88705.5625,89956.8828,85155.1094,87955.8125,133673285375
2024-11-12,87929.9688,93434.3516,86256.9297,90584.1641,123559027869
2024-11-13,90574.8828,91765.2188,86682.8125,87250.4297,87616705248
2024-11-14,87284.1797,91868.7422,87124.8984,91066.0078,78243109518
2024-11-15,91064.3672,91763.9453,90094.2266,90558.4766,44333192814
2024-11-16,90558.4609,91433.0391,88741.6641,89845.8516,46350159305
2024-11-17,89843.7188,92596.7891,89393.5938,90542.6406,75535775084
2024-11-18,90536.8125,94002.8672,90426.9844,92343.7891,74521048295
2024-11-19,92341.8906,94902.0234,91619.5000,94339.4922,71730956426
2024-11-20,94334.6406,99014.2188,94132.6016,98504.7266,106024505582
2024-11-21,98496.4297,99655.5000,97222.6641,98997.6641,78473580551
2024-11-22,99006.7422,99014.6797,97232.8906,97777.2812,44414644677
2024-11-23,97778.0938,98647.1797,95788.0781,98013.8203,51712020623
2024-11-24,98033.4453,98935.0312,92642.9141,93102.2969,80909462490
2024-11-25,93087.2812,94991.7500,90770.8125,91985.3203,91656519855
2024-11-26,91978.1406,97361.1797,91778.6641,95962.5312,71133452438
2024-11-27,95954.9453,96650.2031,94677.3516,95652.4688,52260008261
2024-11-28,95653.9531,98693.1719,95407.8828,97461.5234,54968682476
2024-11-29,97468.8125,97499.3438,96144.2188,96449.0547,31634227866
2024-11-30,96461.3359,97888.1250,95770.1875,97279.7891,36590695296
2024-12-01,97276.0078,98152.6016,94482.8672,95865.3047,72680784305
2024-12-02,95854.5938,96297.2031,93629.5625,96002.1641,67067810961
2024-12-03,95988.5312,99207.3281,94660.5234,98768.5312,77199817112
2024-12-04,98741.5391,103900.4688,91998.7812,96593.5703,149218945580
2024-12-05,97074.2266,102039.8828,96514.8750,99920.7109,94534772658
2024-12-06,99916.7109,100563.3828,99030.8828,99923.3359,44177510897
2024-12-07,99921.9141,101399.9922,98771.5156,101236.0156,44125751925
2024-12-08,101237.0625,101272.5078,94355.9141,97432.7188,110676473908
2024-12-09,97441.2344,98270.1562,94321.2578,96675.4297,104823780634
2024-12-10,96656.0625,101913.3594,95747.2266,101173.0312,85391409936
2024-12-11,101167.8047,102524.9141,99339.9531,100043.0000,72073983533
2024-12-12,100046.6484,101888.8047,99233.2812,101459.2578,56894751583
2024-12-13,101451.4375,102618.8828,100634.0547,101372.9688,40422968793
2024-12-14,101373.5312,105047.5391,101227.0312,104298.6953,51145914137
2024-12-15,104293.5781,107780.5781,103322.9844,106029.7188,91020417816
2024-12-16,106030.6875,108268.4453,105291.7344,106140.6016,68589364868
2024-12-17,106147.2969,106470.6094,100041.5391,100041.5391,93865656139
2024-12-18,100070.6875,102748.1484,95587.6797,97490.9531,97221662392
2024-12-19,97484.6953,98098.9141,92175.1797,97755.9297,105634083408
2024-12-20,97756.1953,99507.1016,96426.5234,97224.7266,51765334294
2024-12-21,97218.3203,97360.2656,94202.1875,95104.9375,43147981314
2024-12-22,95099.3906,96416.2109,92403.1328,94686.2422,65239002919
2024-12-23,94684.3438,99404.0625,93448.0156,98676.0938,47114953674
2024-12-24,98675.9141,99478.7500,97593.4688,99299.1953,33700394629
2024-12-25,99297.6953,99884.5703,95137.8828,95795.5156,47054980873
2024-12-26,95704.9766,97294.8438,93310.7422,94164.8594,52419934565
2024-12-27,94160.1875,95525.8984,94014.2891,95163.9297,24107436185
2024-12-28,95174.0547,95174.8750,92881.7891,93530.2266,29635885267
2024-12-29,93527.1953,94903.3203,91317.1328,92643.2109,56188003691
2024-12-30,92643.2500,96090.6016,91914.0312,93429.2031,43625106843
2024-12-31,93425.1016,94929.8672,92788.1250,94419.7578,24519888919
2025-01-01,94416.2891,97739.8203,94201.5703,96886.8750,46009564411
2025-01-02,96881.7266,98956.9141,96034.6172,98107.4297,35611391163
2025-01-03,98106.9922,98734.4297,97562.9766,98236.2266,22342608078
2025-01-04,98233.9062,98813.3047,97291.7656,98314.9609,20525254825
2025-01-05,98314.9531,102482.8750,97926.1484,102078.0859,51823432705
2025-01-06,102248.8516,102712.4844,96132.8750,96922.7031,58685738547
2025-01-07,96924.1641,97258.3203,92525.8438,95043.5234,63875859171
2025-01-08,95043.4844,95349.7188,91220.8438,92484.0391,62777261693
2025-01-09,92494.4922,95770.6094,92250.0938,94701.4531,62058693684
2025-01-10,94700.8359,94977.6875,93840.0469,94566.5938,18860894100
2025-01-11,94565.7266,95367.5391,93712.5078,94488.4375,20885130965
2025-01-12,94488.8906,95837.0000,89260.1016,94516.5234,72978998252
2025-01-13,94519.0078,97352.6641,94322.1562,96534.0469,53769675818
2025-01-14,96534.0469,100697.2344,96501.6406,100504.4922,57805923627
2025-01-15,100505.2969,100781.5859,97364.4453,99756.9062,54103781805
2025-01-16,100025.7656,105884.2266,99948.9062,104462.0391,71888972663
2025-01-17,104124.9531,104913.2031,102226.6172,104408.0703,50445655726
2025-01-18,104411.2891,106299.7969,99570.5312,101089.6094,76789928525
2025-01-19,101083.7500,109114.8828,99471.3594,102016.6641,126279678351
2025-01-20,102052.5781,107180.9219,100103.9531,106146.2656,88733878242
2025-01-21,106136.3828,106294.3438,103360.2656,103653.0703,53878181052
2025-01-22,103657.6719,106820.3281,101257.8047,103960.1719,104104515428
2025-01-23,103965.6719,107098.5469,102772.1250,104819.4844,52388229265
2025-01-24,104824.0312,105243.7891,104120.3750,104714.6484,23888996502
2025-01-25,104713.2109,105438.6484,102507.7109,102682.5000,22543395879
2025-01-26,102680.3047,103214.1094,97795.9375,102087.6875,89006608428
2025-01-27,102095.4141,103730.8203,100238.1875,101332.4766,47180685494
2025-01-28,101317.5234,104750.8047,101283.8203,103703.2109,47432049818
2025-01-29,103709.3359,106418.7656,103321.6484,104735.3047,41915744521
2025-01-30,104737.5625,106026.3516,101543.8828,102405.0234,45732764360
2025-01-31,102402.7969,102755.7266,100297.7109,100655.9062,27757944848
2025-02-01,100661.5391,101430.6641,96216.0781,97688.9766,63091816853
2025-02-02,97681.1016,102514.1719,91242.8906,101405.4219,115400897748
2025-02-03,101398.7188,101745.6172,96208.1094,97871.8203,73002130211
2025-02-04,97878.0078,99113.2109,96174.8281,96615.4453,49125911241
2025-02-05,96610.6406,99168.6094,95707.3516,96593.2969,45302471947
2025-02-06,96581.3203,100154.1406,95653.8828,96529.0859,55741290456
2025-02-07,96533.2578,96877.8047,95702.4922,96482.4531,22447526395
2025-02-08,96481.3125,97325.2812,94745.2578,96500.0938,27732901800
2025-02-09,96499.4609,98333.2188,95320.8438,97437.5547,40078962391
2025-02-10,97438.1328,98492.8984,94875.0391,95747.4297,37488783272
2025-02-11,95745.6953,98151.0234,94101.2031,97885.8594,49340445530
2025-02-12,97888.7500,98111.0859,95269.7109,96623.8672,37147280860
2025-02-13,96623.3672,98819.4688,96342.8047,97508.9688,32697987277
2025-02-14,97508.3828,97975.0391,97240.1953,97580.3516,17047266288
2025-02-15,97580.4922,97725.5938,96060.9766,96175.0312,16536755396
2025-02-16,96179.0078,97032.2344,95243.5469,95773.3828,27336550690
2025-02-17,95773.8125,96695.3750,93388.8359,95539.5469,37325720482
2025-02-18,95532.5312,96855.5938,95011.9688,96635.6094,28990872862
2025-02-19,96632.6797,98767.1953,96442.6719,98333.9375,31668022771
2025-02-20,98340.6719,99497.9688,94852.9609,96125.5469,49608706470
2025-02-21,96134.2031,96950.1562,95765.3438,96577.7578,18353824477
2025-02-22,96577.8047,96671.8750,95270.4531,96273.9219,16999478976
2025-02-23,96277.9609,96503.4531,91371.7422,91418.1719,44046480529
2025-02-24,91437.1172,92511.0781,86008.2344,88736.1719,92139104128
2025-02-25,88638.8906,89286.2500,82131.8984,84347.0234,64597492134
2025-02-26,84076.8594,87000.7812,83144.9609,84704.2266,52659591954
2025-02-27,84705.6250,85036.3203,78248.9141,84373.0078,83610570576
2025-02-28,84373.8672,86522.3047,83794.2344,86031.9141,29190628396
2025-03-01,86036.2578,95043.4375,85040.2109,94248.3516,58398341092
2025-03-02,94248.4219,94429.7500,85081.3047,86065.6719,70072228536
2025-03-03,86064.0703,88911.2734,81529.2422,87222.1953,68095241474
2025-03-04,87222.9531,90998.2422,86379.7734,90623.5625,50498988027
2025-03-05,90622.3594,92804.9375,87852.1406,89961.7266,47749810486
2025-03-06,89963.2812,91191.0469,84717.6797,86742.6719,65945677657
2025-03-07,86742.6562,86847.2656,85247.4844,86154.5938,18206118081
2025-03-08,86154.3047,86471.1328,80052.4844,80601.0391,30899345977
2025-03-09,80597.1484,83955.9297,77420.5938,78532.0000,54061099422
2025-03-10,78523.8750,83577.7578,76624.2500,82862.2109,54702837196
2025-03-11,82857.3750,84358.5781,80635.2500,83722.3594,40353484454
2025-03-12,83724.9219,84301.6953,79931.8516,81066.7031,31412940153
2025-03-13,81066.9922,85263.2891,80797.5625,83969.1016,29588112414
2025-03-14,83968.4062,84672.6719,83639.5938,84343.1094,13650491277
2025-03-15,84333.3203,85051.6016,82017.9062,82579.6875,21330270174
2025-03-16,82576.3359,84725.3281,82492.1562,84075.6875,25092785558
2025-03-17,84075.7188,84075.7188,81179.9922,82718.5000,24095774594
2025-03-18,82718.8047,87021.1875,82569.7266,86854.2266,34931960257
2025-03-19,86872.9531,87443.2656,83647.1953,84167.1953,29028988961
2025-03-20,84164.5391,84782.2734,83171.0703,84043.2422,19030452299
2025-03-21,84046.2578,84513.8750,83674.7812,83832.4844,9863214091
2025-03-22,83831.8984,86094.7812,83794.9141,86054.3750,12594615537
2025-03-23,86070.9297,88758.7266,85541.1953,87498.9141,34582604933
2025-03-24,87512.8203,88542.3984,86346.0781,87471.7031,30005840049
2025-03-25,87460.2344,88292.1562,85861.4531,86900.8828,26704046038
2025-03-26,86896.2578,87786.7266,85837.9375,87177.1016,24413471941
2025-03-27,87185.2344,87489.8594,83557.6406,84353.1484,34198619509
2025-03-28,84352.0703,84567.3359,81634.1406,82597.5859,16969396135
2025-03-29,82596.9844,83505.0000,81573.2500,82334.5234,14763760943
2025-03-30,82336.0625,83870.1250,81293.8906,82548.9141,29004228247
2025-03-31,82551.9219,85487.3672,82429.3594,85169.1719,28175650319
2025-04-01,85180.6094,88466.9531,82343.5391,82485.7109,47584398470
2025-04-02,82487.4766,83909.2969,81282.1016,83102.8281,36852112080
2025-04-03,83100.2500,84696.1484,81670.7500,83843.8047,45157640207
2025-04-04,83844.7031,84207.0156,82377.7344,83504.7969,14380803631
2025-04-05,83504.5078,83704.7188,77097.7422,78214.4844,36294853736
2025-04-06,78221.3359,81119.0625,74436.6797,79235.3359,91262424987
2025-04-07,79218.4766,80823.8906,76198.0234,76271.9531,48314590749
2025-04-08,76273.5625,83541.0000,74589.6719,82573.9531,84213627038
2025-04-09,82565.9766,82700.9297,78456.1328,79626.1406,44718000633
2025-04-10,79625.0469,84247.4766,78936.3203,83404.8359,41656778779
2025-04-11,83404.5156,85856.1875,82769.3750,85287.1094,24258059104
2025-04-12,85279.4688,86015.1875,83027.0078,83684.9766,28796984817
2025-04-13,83694.5234,85785.0000,83690.6406,84542.3906,34090769777
2025-04-14,84539.6953,86429.3516,83598.8203,83668.9922,28040322885
2025-04-15,83674.5078,85428.2812,83100.6172,84033.8672,29617804112
2025-04-16,84030.6719,85449.0703,83749.7500,84895.7500,21276866029
2025-04-17,84900.1875,85095.0469,84298.8828,84450.8047,12728372364
2025-04-18,84450.8672,85597.7031,84353.4609,85063.4141,15259300427
2025-04-19,85066.0703,85306.3828,83976.8438,85174.3047,14664050812
2025-04-20,85171.5391,88460.0938,85143.8359,87518.9062,41396190190
2025-04-21,87521.8750,93817.3828,87084.5312,93441.8906,55899038456
2025-04-22,93427.5859,94535.7344,91962.9609,93699.1094,41719568821
2025-04-23,93692.3984,94016.1953,91696.7109,93943.7969,31483175315
2025-04-24,93954.2500,95768.3906,92898.5938,94720.5000,40915232364
2025-04-25,94714.6484,95251.3594,93927.2500,94646.9297,17612825123
2025-04-26,94660.9062,95301.2031,93665.3984,93754.8438,18090367764
2025-04-27,93755.3047,95598.4922,92860.8047,94978.7500,32363449569
2025-04-28,94981.8594,95485.4141,93796.6328,94284.7891,25806129921
2025-04-29,94286.4688,95249.3203,92979.6406,94207.3125,28344679831
2025-04-30,94212.8594,97437.9609,94153.6328,96492.3359,32875889623
2025-05-01,96494.9688,97905.8984,96375.9453,96910.0703,26421924677
2025-05-02,96904.6328,96943.8828,95821.2891,95891.7969,15775154889
2025-05-03,95877.1875,96318.9219,94173.4297,94315.9766,18198688416
2025-05-04,94319.5625,95193.1875,93566.2656,94748.0547,25816260327
2025-05-05,94748.3828,96889.1797,93399.8594,96802.4766,26551275827
2025-05-06,96800.1953,97625.8047,95829.3359,97032.3203,76983822462
2025-05-07,97034.2500,103969.5391,96913.8750,103241.4609,69895404397
2025-05-08,103239.1250,104297.4922,102343.0938,102970.8516,58198593958
2025-05-09,102973.7109,104961.7656,102830.4844,104696.3281,42276713994
2025-05-10,104701.0703,104937.9922,103364.7422,104106.3594,46285517406
2025-05-11,104106.9609,105747.4531,100814.4062,102812.9531,63250475404
2025-05-12,102812.4922,104997.4219,101515.0938,104169.8125,52608876410
2025-05-13,104167.3281,104303.5625,102618.2969,103539.4141,45956071155
2025-05-14,103538.8281,104153.6172,101440.8125,103744.6406,50408241840
2025-05-15,103735.6562,104533.4844,103137.4766,103489.2891,44386499364
2025-05-16,103489.2891,103716.9453,102659.1797,103191.0859,37898552742
2025-05-17,103186.9531,106597.1719,103142.6016,106446.0078,49887082058
2025-05-18,106430.5312,107068.7188,102112.6875,105606.1797,61761126647
2025-05-19,105605.4062,107307.1172,104206.5156,106791.0859,36515726122
2025-05-20,106791.3125,110724.4609,106127.2344,109678.0781,78086364051
2025-05-21,109673.4922,111970.1719,109285.0703,111673.2812,70157575642
2025-05-22,111679.3594,111798.9062,106841.3047,107287.7969,67548133399
2025-05-23,107278.5078,109454.5234,106895.2891,107791.1562,45903627163
2025-05-24,107802.2734,109313.3047,106683.3750,109035.3906,47518041841
2025-05-25,109023.7812,110376.8828,108735.6406,109440.3672,45950461571
2025-05-26,109440.4062,110744.2109,107609.5547,108994.6406,57450176272
2025-05-27,108992.1719,109298.2891,106812.9297,107802.3281,49155377493
2025-05-28,107795.5703,108910.0469,105374.3984,105641.7578,56022752042
2025-05-29,105646.2109,106308.9453,103685.7891,103998.5703,57655287183
2025-05-30,103994.7188,104927.1016,103136.1172,104638.0938,38997843858
2025-05-31,104637.2969,105884.5469,103826.9531,105652.1016,37397056873
2025-06-01,105649.8125,105958.3125,103727.5469,105881.5312,45819706290
2025-06-02,105888.4766,106813.5781,104920.8438,105432.4688,46196508367
2025-06-03,105434.3672,105997.6953,104232.7031,104731.9844,44544857105
2025-06-04,104750.7812,105936.6875,100436.8828,101575.9531,57479298400
2025-06-05,101574.3672,105376.7734,101169.5703,104390.3438,48856653697
2025-06-06,104390.6484,105972.7578,103987.3125,105615.6250,38365033776
2025-06-07,105617.5078,106497.0625,105075.3281,105793.6484,36626232328
2025-06-08,105793.0234,110561.4219,105400.2344,110294.1016,55903193732
2025-06-09,110295.6875,110380.1250,108367.7109,110257.2344,54700101509
2025-06-10,110261.7969,110384.2188,108086.3281,108686.6250,50842662052
2025-06-11,108685.9141,108780.6953,105785.6875,105929.0547,54843867968
2025-06-12,105924.5938,106182.5469,102822.0234,106090.9688,69550440846
2025-06-13,106108.0859,106203.7578,104379.3672,105472.4062,38007870453
2025-06-14,105464.8438,106157.1016,104519.8828,105552.0234,36744307742
2025-06-15,105555.5938,108915.3750,104997.6250,106796.7578,50366626945
2025-06-16,106794.1172,107750.1953,103396.5312,104601.1172,55964092176
2025-06-17,104602.0703,105581.8516,103602.2656,104883.3281,47318089133
2025-06-18,104886.7734,105250.8906,103940.7734,104684.2891,37333806920
2025-06-19,104681.0312,106539.3828,102372.2109,103309.6016,50951862476
2025-06-20,103315.0781,104015.7812,100973.0625,102257.4062,38360555118
2025-06-21,102212.0312,103351.6328,98286.2031,100987.1406,65536997201
2025-06-22,100987.4766,106116.8594,99705.7500,105577.7734,65237759656
2025-06-23,105571.5156,106316.8281,104740.2422,106045.6328,48822986421
2025-06-24,106047.4062,108168.3984,105881.3906,107361.2578,51624120283
2025-06-25,107375.0703,108305.5469,106666.3516,106960.0000,43891990613
2025-06-26,106954.9219,107772.4688,106449.9922,107088.4297,45353692675
2025-06-27,107090.5469,107567.8828,106883.9766,107327.7031,30037708335
2025-06-28,107327.8203,108526.3047,107230.1094,108385.5703,35534874438
2025-06-29,108383.4375,108798.7891,106759.6484,107135.3359,42064804590
2025-06-30,107144.3828,107550.6797,105270.2266,105698.2812,44110692247
2025-07-01,105703.1016,109763.6562,105157.3984,108859.3203,56248657737
2025-07-02,108845.0156,110541.4609,108605.7969,109647.9766,50494742270
2025-07-03,109635.6562,109751.9844,107296.3828,108034.3359,42616442656
2025-07-04,108015.8359,108381.3438,107842.2734,108231.1797,30615537520
2025-07-05,108231.1875,109731.6250,107847.0156,109232.0703,36746020463
2025-07-06,109235.3281,109710.2500,107527.0547,108299.8516,45415696597
2025-07-07,108298.2266,109198.9688,107499.5547,108950.2734,44282204127
2025-07-08,108950.2734,111925.3750,108357.6797,111326.5547,57927418065
2025-07-09,111329.1953,116608.7812,110660.7500,115987.2031,95911605728
2025-07-10,115986.2344,118856.4766,115245.6875,117516.9922,86928361085
2025-07-11,117530.7109,118219.8984,116977.0234,117435.2266,45524560304
2025-07-12,117432.2031,119449.5703,117265.4375,119116.1172,49021091807
2025-07-13,119115.7891,123091.6094,118959.1953,119849.7031,181746419401
2025-07-14,119853.8516,119935.5625,115765.6875,117777.1875,98321661181
2025-07-15,117777.1875,120065.5156,117064.8203,118738.5078,72162029070
2025-07-16,118738.5078,120999.6094,117508.2188,119289.8438,72363841798
2025-07-17,119284.1094,120851.9141,116925.9844,118003.2266,77945799785
2025-07-18,117998.1250,118541.3984,117388.4141,117939.9766,47564562765
2025-07-19,117944.1094,118865.0312,116550.1328,117300.7891,57515447231
2025-07-20,117306.4688,119671.5625,116584.3984,117439.5391,69820091744
2025-07-21,117426.5000,120269.9688,116233.2266,119995.4141,79217583118
2025-07-22,119997.4453,120113.3516,117391.3906,118754.9609,66608604537
2025-07-23,118770.9844,119535.4531,117247.9688,118368.0000,72627318560
2025-07-24,118368.0000,118486.9766,114759.8203,117635.8828,104857024569
2025-07-25,117644.8438,118335.6875,117181.2266,117947.3672,48508954046
2025-07-26,117944.7266,119815.5938,117859.6875,119448.4922,54683390892
2025-07-27,119457.5234,119819.7891,117441.4375,117924.4766,64822943193
2025-07-28,117938.5859,119273.8672,116987.3672,117922.1484,68463107433
2025-07-29,117921.9922,118780.7266,115800.8281,117831.1875,68896148592
2025-07-30,117833.6328,118919.9844,115505.2188,115758.2031,69370346018
2025-07-31,115738.9531,116060.7734,112724.4453,113320.0859,91294530181
2025-08-01,113320.3906,114021.6016,112005.7656,112526.9141,56870866000
2025-08-02,112525.8047,114747.4219,111943.8047,114217.6719,48099615826
2025-08-03,114223.9219,115729.4688,114130.4062,115071.8828,35783028986
2025-08-04,115072.1875,115117.4375,112701.1094,114141.4453,61039182286
2025-08-05,114140.9141,115737.8359,113372.2500,115028.0000,56379133510
2025-08-06,115030.0547,117676.9062,114279.7109,117496.8984,64051649681
2025-08-07,117505.5000,117689.2031,115917.4609,116688.7266,59713005166
2025-08-08,116678.2734,117906.6094,116363.8359,116500.3594,54004312429
2025-08-09,116497.7188,119320.7109,116485.1641,119306.7578,64755458694
2025-08-10,119306.8125,122321.0938,118159.0312,118731.4453,90528784177
2025-08-11,118717.6641,120302.4688,118228.7188,120172.9062,72803657984
2025-08-12,120168.9766,123682.4531,118939.6328,123344.0625,90904808795
2025-08-13,123339.3984,124457.1172,117254.8828,118359.5781,104055627395
2025-08-14,118365.7812,119332.3125,116864.5703,117398.3516,68665353159
2025-08-15,117398.4219,117996.0625,117271.9531,117491.3516,48036922378
2025-08-16,117492.7891,118595.7734,117279.5234,117453.0625,45852169525
2025-08-17,117453.9062,117614.1719,114723.6797,116252.3125,72787808090
2025-08-18,116241.8594,116764.5000,112730.3984,112831.1797,71657600353
2025-08-19,112828.0234,114625.7969,112387.9609,114274.7422,67993811526
2025-08-20,114275.6875,114802.6484,111986.2344,112419.0312,57817883700
2025-08-21,112433.7344,117377.3984,111678.9453,116874.0859,82528088240
2025-08-22,116866.3672,116996.2500,114536.1094,115374.3281,55377142586
2025-08-23,115387.3906,115615.0859,111060.5469,113458.4297,73961489632
2025-08-24,113456.8984,113637.8438,109324.2812,110124.3516,85706860190
2025-08-25,110124.1016,112397.0156,108762.0391,111802.6562,69396320317
2025-08-26,111795.7109,112619.4141,110398.2656,111222.0625,62137056409
2025-08-27,111219.0547,113450.0781,110900.9219,112544.8047,58860155962
2025-08-28,112550.5234,112619.0547,107559.6250,108410.8359,77843379644
2025-08-29,108409.4062,108929.3516,107444.4453,108808.0703,51486264208
2025-08-30,108818.4609,109491.0000,108104.6562,108236.7109,47986191770
2025-08-31,108228.7500,109890.5859,107271.1797,109250.5938,66870372995
2025-09-01,109243.0703,111748.0156,108454.0312,111200.5859,74776999491
2025-09-02,111190.6953,112600.2266,110582.9609,111723.2109,61119643565
2025-09-03,111718.1484,112208.3281,109347.2266,110723.6016,60131132901
2025-09-04,110723.0156,113357.4922,110233.3984,110650.9844,60241647677
2025-09-05,110650.5703,111275.0156,110024.0859,110224.6953,21500719036
2025-09-06,110221.3281,111591.0781,110211.6250,111167.6172,24618007520
2025-09-07,111163.0156,112869.2344,110630.6094,112071.4297,40212813407
2025-09-08,112077.5781,113225.4375,110776.7031,111530.5469,45984480722
2025-09-09,111531.2500,114275.2500,110940.0781,113955.3594,56377473784
2025-09-10,113961.4297,115522.5469,113453.8359,115507.5391,45685065332
2025-09-11,115507.7891,116769.3828,114794.4844,116101.5781,54785725894
2025-09-12,116093.5625,116334.6328,115248.2734,115950.5078,34549454947
2025-09-13,115950.2891,116181.5000,115222.3984,115407.6562,32798036057
2025-09-14,115399.6328,116747.8828,114461.0625,115444.8750,52937859416
2025-09-15,115423.7578,117005.2734,114813.0938,116843.1875,45781744593
2025-09-16,116840.5078,117328.6094,114794.9766,116468.5078,60528025996
2025-09-17,116461.2656,117911.7891,116188.7969,117137.2031,49457272032
2025-09-18,117137.6719,117479.7578,115141.8203,115688.8594,38828473971
2025-09-19,115691.1250,116191.1484,115473.5234,115721.9609,22864449614
2025-09-20,115730.2266,115901.0859,115252.5781,115306.0938,22495852193
2025-09-21,115309.2188,115431.3125,112037.6484,112748.5078,70684158591
2025-09-22,112757.4766,113351.9141,111535.5703,112014.5000,47211853279
2025-09-23,112007.6641,113986.2734,111229.6406,113328.6328,48044595085
2025-09-24,113330.1641,113541.0859,108713.3984,109049.2891,75528654284
2025-09-25,109041.2969,110359.1953,108728.9766,109712.8281,57738288949
2025-09-26,109707.1406,109778.5000,109144.2969,109681.9453,26308042910
2025-09-27,109681.9453,112375.4844,109236.9453,112122.6406,33371048505
2025-09-28,112117.8750,114473.5703,111589.9531,114400.3828,60000147466
2025-09-29,114396.5234,114836.6172,112740.5625,114056.0859,58986330258
2025-09-30,114057.5938,118648.9297,113981.3984,118648.9297,71328680132
2025-10-01,118652.3828,121086.4062,118383.1562,120681.2578,71415163912
2025-10-02,120656.9844,123944.7031,119344.3125,122266.5312,83941392228
2025-10-03,122267.4688,122857.6406,121577.5703,122425.4297,36769171735
2025-10-04,122419.6719,125559.2109,122191.9609,123513.4766,73689317763
2025-10-05,123510.4531,126198.0703,123196.0469,124752.5312,72568881188
2025-10-06,124752.1406,125184.0234,120681.9688,121451.3828,76149412513
2025-10-07,121448.3516,124167.0938,121119.1797,123354.8672,65354305286
2025-10-08,123337.0703,123739.3438,119812.0312,121705.5859,74653009425
2025-10-09,121704.7422,122509.6641,104582.4141,113214.3672,153125018868
2025-10-10,113236.4297,113429.7266,109760.5625,110807.8828,110236934340
2025-10-11,110811.5156,115805.0625,109715.5391,115169.7656,93710414091
2025-10-12,115161.6797,116020.4844,113821.1875,115271.0781,71582026739
2025-10-13,115264.8828,115502.8828,110029.4844,113118.6641,92212917403
2025-10-14,113113.9688,113622.3828,110235.8359,110783.1641,72574132855
2025-10-15,110782.1719,111990.8125,107537.0312,108186.0391,87306423067
2025-10-16,108179.1328,109235.8047,103598.4297,106467.7891,99703051669
2025-10-17,106483.7344,107490.9844,106387.4531,107198.2656,37779905278
2025-10-18,107204.3125,109488.9922,106157.7891,108666.7109,47657008953
2025-10-19,108667.4453,111711.0312,107485.0156,110588.9297,63507793085
2025-10-20,110587.6328,113996.3438,107534.7500,108476.8906,101194375480
2025-10-21,108491.5312,109115.1328,106778.0000,107688.5859,80807013218
2025-10-22,107679.4375,111288.5938,107548.4297,110069.7266,54944076060
2025-10-23,110069.3516,111842.5312,109770.1484,111033.9219,48160816980
2025-10-24,111032.6172,111947.7031,110704.4062,111641.7266,24707667305
2025-10-25,111639.0547,115260.9062,111268.4844,114472.4453,41708524143
2025-10-26,114479.8516,116273.3125,113882.2891,114119.3281,61761358733
2025-10-27,114129.0859,116078.9844,112291.6797,112956.1641,64528066504
2025-10-28,112921.3281,113642.7266,109368.7188,110055.3047,62192043469
2025-10-29,110059.1953,111612.3516,106376.6875,108305.5469,69673964814
2025-10-30,108304.4141,111031.8203,108288.2734,109556.1641,60090359560
2025-10-31,109558.6250,110574.8984,109372.9531,110064.0156,25871668762
2025-11-01,110064.4297,111167.3125,109523.4531,110639.6250,34284209459
2025-11-02,110646.9062,110764.9141,105336.3594,106547.5234,72852006359
2025-11-03,106541.4219,107264.8828,98962.0625,101590.5234,110967184773
2025-11-04,101579.2344,104534.7031,98989.9141,103891.8359,77584934804
2025-11-05,103893.6641,104147.3047,100336.8672,101301.2891,63932752861
2025-11-06,101286.2422,104052.9141,99257.0547,103372.4062,92168030081
2025-11-07,103371.7031,103373.5625,101458.0391,102282.1172,51446691095
2025-11-08,102278.9844,105418.3672,101468.8750,104719.6406,59679243013
2025-11-09,104723.7734,106564.6953,104350.6484,105996.5938,69585887229
2025-11-10,105996.8594,107428.2578,102457.3281,102997.4688,71130078574
2025-11-11,103011.4375,105297.2344,100836.6172,101663.1875,64347179408
2025-11-12,101674.1484,104005.4922,97988.7188,99697.4922,101546815416
2025-11-13,99694.7031,99804.4297,94000.7344,94397.7891,114346441890
2025-11-14,94420.4688,96728.4688,94420.4688,95549.1484,38500716654
2025-11-15,95556.8672,96564.1875,92971.1641,94177.0781,71086235862
2025-11-16,94180.8750,95928.3672,91214.7578,92093.8750,94186165724
2025-11-17,92094.5312,93745.0781,89300.4609,92948.8750,101333569062
2025-11-18,92946.1641,92946.1641,88526.8281,91465.9922,80350354656
2025-11-19,91459.3516,93025.0703,86040.7969,86631.8984,97970645638
2025-11-20,86528.7734,87380.8047,80659.8125,85090.6875,129157506112
2025-11-21,85098.5625,85503.0078,83490.8984,84648.3594,40793099246
2025-11-22,84648.6094,88038.4688,84641.7734,86805.0078,58083435576
2025-11-23,86798.7734,89206.3359,85272.1953,88270.5625,74433896110
2025-11-24,88269.9609,88457.3359,86131.4297,87341.8906,64837343545
2025-11-25,87345.5859,90581.1562,86316.8984,90518.3672,66496301869
2025-11-26,90517.7656,91897.5781,90089.5156,91285.3750,57040622845
2025-11-27,91285.3828,92969.0859,90257.1172,90919.2656,60895830289
2025-11-28,90918.7422,91187.6172,90260.1875,90851.7578,37921773455
2025-11-29,90838.2109,91965.0469,90394.3125,90394.3125,38497902869
2025-11-30,90389.1094,90398.1562,83862.2500,86321.5703,87962894424
2025-12-01,86322.5391,92316.6328,86202.1953,91350.2031,78546798211
2025-12-02,91345.0938,94060.7734,91056.3906,93527.8047,77650204986
2025-12-03,93454.2578,94038.2422,90976.1016,92141.6250,64538402681
2025-12-04,92133.6484,92702.6406,88152.1406,89387.7578,63256398633
2025-12-05,89389.3594,90267.4609,88951.6641,89272.3750,37994042405
2025-12-06,89277.8125,91740.8438,87799.5625,90405.6406,47394898960
2025-12-07,90424.5859,92267.1172,89644.8906,90640.2031,57394099056
2025-12-08,90639.7031,94601.5703,89586.9766,92691.7109,66861721440
2025-12-09,92695.2344,94477.1562,91640.1328,92020.9453,65420694513
2025-12-10,92011.3047,93554.2656,89335.2969,92511.3359,64532834621
2025-12-11,92513.6641,92747.9297,89532.6016,90270.4141,80275884583
2025-12-12,90257.7969,90647.5703,89800.9922,90298.7109,64237748110
2025-12-13,90296.4375,90498.1094,87634.9375,88175.1797,50465972205
2025-12-14,88171.0781,89983.9219,85304.0781,86419.7812,45559514323
2025-12-15,86424.4062,88170.0938,85381.6875,87843.9844,41262178223
2025-12-16,87847.6172,90264.5703,85316.2656,86143.7578,44243392914
2025-12-17,86144.3672,89412.6641,84436.3125,85462.5078,52667115348
2025-12-18,85476.1328,89339.1172,85107.6641,88103.3828,46733310561
2025-12-19,88101.6719,88497.2031,87924.8750,88344.0000,14688196659
2025-12-20,88344.7031,89027.9531,87613.2031,88621.7500,19845522660
2025-12-21,88621.3984,90501.9297,87908.0703,88490.0156,38047472118
2025-12-22,88490.0312,88898.3828,86606.9766,87414.0000,43683011533
2025-12-23,87404.3203,87956.8828,86411.7969,87611.9609,25550297986
2025-12-24,87608.3203,88501.7891,86949.2578,87234.7422,19953216347
2025-12-25,87235.5078,89459.4297,86628.1406,87301.4297,42455674908
2025-12-26,87301.4297,87874.7812,87182.9766,87802.1562,13741199310
2025-12-27,87799.3438,87986.8906,87394.9531,87835.8359,15156557929
2025-12-28,87835.7891,90299.1562,86717.9141,87138.1406,48411625849
2025-12-29,87134.3516,89297.9375,86735.5469,88430.1328,35586356225
2025-12-30,88429.5859,89080.2891,87130.5625,87508.8281,33830210616
2025-12-31,87508.0469,88803.2266,87399.4062,88731.9844,18849043990
2026-01-01,88733.0625,90884.4609,88298.6172,89944.6953,46398906171
2026-01-02,89945.0547,90679.5703,89328.0703,90603.1875,20774828592
2026-01-03,90603.0000,91712.5859,90595.1016,91413.4922,26770491368
2026-01-04,91414.6250,94762.0703,91414.6250,93882.5547,53376407252
2026-01-05,93876.9453,94395.2969,91286.5469,93729.0312,52430605257
2026-01-06,93727.4688,93738.7891,90601.8047,91308.0547,43461295053
2026-01-07,91309.6406,91485.8516,89233.8750,91027.1250,42386697030
2026-01-08,91026.2734,91910.6719,89625.3828,90513.1016,38305906684
2026-01-09,90510.1016,90713.0312,90283.3984,90386.6484,12385895282
2026-01-10,90385.3594,91155.2266,90212.0234,90827.4609,17165568977
2026-01-11,90825.8594,92395.5234,90055.0234,91192.9922,41346275358
2026-01-12,91185.3359,96011.6250,90941.9297,95321.7812,54980674354
2026-01-13,95322.9062,97860.6016,94583.0469,96929.3281,60592490863
2026-01-14,96931.2891,97150.1719,95103.2422,95551.1875,53086363027
2026-01-15,95554.1016,95801.8906,94259.2734,95525.1172,33248170537
2026-01-16,95525.1562,95598.4766,95005.6172,95099.9219,16021715122
2026-01-17,95101.1797,95491.5078,93588.8672,93634.4297,20809781232
2026-01-18,93655.6719,93660.8281,92089.2500,92553.5938,39195241508
2026-01-19,92553.6016,92798.4297,87814.9297,88310.9062,53072968031
2026-01-20,88326.5078,90430.4062,87231.5703,89376.9609,56330422434
2026-01-21,89378.5234,90258.9609,88438.4453,89462.4531,35549685694
2026-01-22,89462.0469,91100.2500,88486.3594,89503.8750,38997586037
2026-01-23,89506.1484,89811.6094,89044.2891,89110.7344,14558687712
2026-01-24,89104.7656,89193.1484,86003.7109,86572.2188,36124986722
2026-01-25,86566.5234,88743.0703,86429.2891,88267.1406,45329286974
2026-01-26,88257.4766,89427.1250,87228.9219,89102.5703,38744942267
2026-01-27,89104.0469,90439.2891,88721.4609,89184.5703,39807419296
2026-01-28,89169.8516,89200.7812,83250.6016,84561.5859,64653083162
2026-01-29,84562.7266,84602.1641,81071.4766,84128.6562,72083816087
2026-01-30,84126.5000,84136.9219,75815.8828,78621.1172,70479259159
2026-01-31,78626.1250,79322.6094,75698.8984,76974.4453,53372509744
2026-02-01,76968.8750,79258.6094,74551.3359,78688.7656,75140589684
2026-02-02,78693.5078,79118.8516,72897.1406,75633.5469,68249110822
2026-02-03,75640.0938,76864.6562,71779.9297,73019.7031,67215363944
2026-02-04,73016.3750,73161.5547,62353.5352,62702.0977,125509410908
2026-02-05,62704.4531,71681.3047,60074.2031,70555.3906,114674259489
2026-02-06,70553.7969,71611.1484,67364.4453,69281.9688,62347107663
2026-02-07,69283.7266,72206.9062,68852.8984,70264.7266,39721722619
2026-02-08,70243.3281,71369.9688,68291.0312,70120.7812,52081598792
2026-02-09,70137.3906,70464.2656,67913.0938,68793.9609,40593063077
2026-02-10,68791.8594,69242.6797,65757.3047,66991.9688,49671946030
2026-02-11,66992.1953,68339.4922,65092.1094,66221.8438,44651071271
2026-02-12,66213.3750,69382.8359,65835.7812,68857.8438,40820775886
2026-02-13,68856.9844,70481.1641,68706.6172,69767.6250,36012397645
2026-02-14,69764.9531,70939.2891,68052.5469,68788.1875,40191152750
2026-02-15,68782.3984,70067.2344,67301.5859,68843.1562,33618145426
2026-02-16,68843.0938,69201.8672,66615.2812,67494.2188,34866936040
2026-02-17,67488.0234,68434.4297,65845.8984,66425.3203,33094301643
2026-02-18,66425.6250,67277.1250,65637.4297,66957.5234,31492987019
2026-02-19,66958.5781,68269.0312,66452.4844,68005.4219,47507867304
2026-02-20,68000.2500,68657.7031,67533.0703,68003.7656,18357635642
2026-02-21,67998.8281,68235.2266,67185.6016,67659.3906,17893536012
2026-02-22,67668.4297,67668.4297,63924.4375,64616.7383,50953457309
2026-02-23,64616.0156,64992.1562,62553.1875,64080.0430,40849331086
2026-02-24,64077.7695,69953.5312,63942.4844,67960.1250,53629234355
2026-02-25,67954.8672,68843.3516,66523.7344,67453.7734,42988597523
2026-02-26,67456.5156,68220.4062,64946.0352,65881.7969,40283655942
2026-02-27,65878.9297,67714.5234,63062.2188,66995.8594,42041497112
2026-02-28,67005.8828,68162.8203,65076.7305,65738.1016,40733141929
2026-03-01,65734.0781,70044.0000,65303.1367,68775.8516,56698092052
2026-03-02,68785.0781,69232.8906,66237.6172,68293.6484,47947999049
2026-03-03,68290.5625,74051.8047,67437.4062,72710.5781,75073101274
2026-03-04,72712.6562,73555.7891,70654.8828,70841.1250,51172841727
2026-03-05,70842.1562,71378.5703,67757.8203,68136.4922,43776962871
2026-03-06,68136.6875,68515.1641,66969.2578,67272.5938,23258701211
2026-03-07,67272.5000,68177.7891,65639.1953,65969.7812,33195080116
2026-03-08,65969.5859,69474.9453,65858.0078,68402.3828,49499875378
2026-03-09,68402.7188,71770.8984,68402.7188,69926.9219,54003996096
2026-03-10,69931.2500,71337.6641,68998.8672,70204.8828,45236859848
2026-03-11,70209.7656,70775.8281,69230.1562,70493.4609,40871848129
2026-03-12,70497.0469,73927.3281,70410.7266,70968.2656,61167226505
2026-03-13,70965.3828,71291.2031,70339.5859,71214.6250,22283546496
2026-03-14,71213.6797,73173.0078,70882.4219,72789.9141,27991268669
2026-03-15,72798.1719,74901.8594,72300.6328,74861.0859,55572438409
2026-03-16,74855.2969,75988.3984,73444.2266,73922.4766,49500721728
2026-03-17,73936.8516,74658.9766,70503.8594,71245.5781,46229011155
2026-03-18,71250.3516,71598.8438,68805.5234,69912.7891,44631433398
2026-03-19,69911.5312,71346.7969,69398.8828,70522.5859,38299078407
2026-03-20,70522.4688,71051.2734,68602.9141,68711.5234,21109354718
2026-03-21,68737.4453,69561.7734,67372.8750,67845.2109,30108051508
2026-03-22,67843.0000,71782.2578,67458.8438,70914.8594,51508669357
2026-03-23,70912.6719,71371.3047,68920.6953,70517.8594,40181522399
2026-03-24,70520.0469,71985.7422,70383.5938,71309.8828,35409791747
2026-03-25,71310.1172,71410.3906,68118.3516,68791.6250,38962070215
2026-03-26,68790.8359,69117.5312,65532.5703,66338.3750,46483453594
2026-03-27,66338.5000,67232.8594,65906.7422,66319.6953,20924883455
2026-03-28,66319.6953,67052.9531,64971.7070,65954.9219,21645889785
2026-03-29,65958.3516,68087.2891,65759.8047,66691.4453,37694994180
2026-03-30,66694.5859,68495.2734,65950.4375,68233.3125,42997691338
2026-03-31,68232.8906,69230.3594,67555.3594,68078.5547,36465393617
2026-04-01,68077.8984,68633.1484,65725.2578,66888.5703,39323384518
2026-04-02,66889.0156,67296.2344,66281.5391,66931.1016,22815543346
2026-04-03,66938.6484,67515.0156,66769.6406,67290.5156,15878814963
2026-04-04,67291.1953,69087.6562,66610.6328,68981.8984,22972648674
2026-04-05,68982.9141,70305.4219,68347.0781,68859.8281,39542143229
2026-04-06,68859.3750,72732.4297,67740.5078,71940.7031,44650511480
2026-04-07,71950.1484,72825.1875,70707.4688,71123.3594,42444631703
2026-04-08,71120.5703,73107.2656,70486.3594,71767.8281,38799581473
2026-04-09,71774.3672,73440.1172,71434.8281,72979.0469,37722595732
2026-04-10,72976.1250,73784.2344,72556.3359,73054.2734,23287073965
2026-04-11,73056.0469,73154.0312,70540.5703,70753.4062,29882740487
2026-04-12,70757.6172,74896.3125,70588.5234,74484.6406,52278211554
2026-04-13,74478.3984,76061.7578,73877.2031,74181.6094,53540826530
2026-04-14,74182.0234,75409.2734,73549.2031,74805.0781,38090174312
2026-04-15,74810.8750,75506.5703,73346.2656,75152.1328,41312783855
2026-04-16,75164.0391,78320.6797,74558.6016,77126.8750,54137194839
2026-04-17,77136.0469,77416.7031,75504.9453,75726.2109,26014416776
2026-04-18,75723.6953,76243.0938,73802.3828,73856.3516,30931515195
2026-04-19,73854.2500,76575.3594,73775.5703,75872.5234,39674447916
2026-04-20,75872.8281,76881.4766,74852.6719,76352.7734,36453522626
2026-04-21,76354.2188,79468.0000,76159.5781,78203.1016,48336654537
2026-04-22,78203.8750,78676.9375,77014.4531,78268.9531,40354900916
2026-04-23,78263.8203,78554.0938,77318.4453,77455.3125,32784213526
2026-04-24,77457.2109,77882.6406,77184.6641,77612.0156,16702933134
2026-04-25,77613.1172,78923.5625,77334.8906,78657.5391,21482934750
2026-04-26,78661.0156,79488.1719,76481.3438,77366.6250,38135631927
2026-04-27,77368.1172,77483.8672,75673.6016,76350.6719,32056900880
2026-04-28,76350.6875,77884.9688,74958.5703,75776.1328,41460907886
2026-04-29,75778.6328,76611.4844,75318.9844,76304.3203,29497862305
2026-04-30,76305.0547,78894.9766,76294.6953,78179.0000,39164328894
2026-05-01,78177.7500,79119.7891,78031.9609,78657.2500,16761531851
2026-05-02,78656.7266,79402.3594,78073.0781,78538.2266,20544392639
2026-05-03,78540.2891,80742.3594,78217.9609,79827.9062,54325085296
2026-05-04,79823.5312,81751.4531,79787.5781,80927.0547,39700107376
2026-05-05,80930.7344,82792.2109,80751.0234,81427.5312,41751540000
2026-05-06,81428.8516,81684.9531,79522.6562,80009.9922,36931193154
2026-05-07,80009.6250,80447.2656,79205.5156,80186.7656,33789351540
2026-05-08,80187.7422,81030.0625,80119.9297,80664.3672,18102086996
2026-05-09,80665.6094,82430.1719,80274.1328,82138.9297,26965971077
2026-05-10,82139.0469,82326.2344,80451.4219,81728.2969,32409774919
2026-05-11,81725.3516,81753.0312,79832.1016,80477.4922,32186688600
2026-05-12,80476.7891,81276.6719,78725.5078,79277.1172,34075428359
2026-05-13,79276.9453,82005.9609,78909.6797,81051.2500,43731663431
2026-05-14,81046.8672,81634.8438,78635.3672,79065.6797,38183347368
2026-05-15,79066.0000,79173.5000,77630.7344,78131.4375,25895799905
2026-05-16,78133.5859,78539.3984,76783.4141,77429.3516,20900166465
2026-05-17,77426.3438,77749.3203,76029.2266,76954.1719,41520471808
2026-05-18,76954.7500,77346.8672,76082.3672,76750.9062,26031898332
2026-05-19,76749.4531,77775.5703,76463.6484,77457.7734,26668360936
2026-05-20,77462.5078,78100.5625,76655.4375,77539.1719,27141485404
2026-05-21,77538.1172,77819.4531,75323.8750,75488.2422,27859040109
2026-05-22,75488.3125,77288.1172,74255.2344,76673.3672,29973220002
2026-05-23,76670.6562,77372.5391,76019.8906,76981.1250,20572738918
2026-05-24,76981.1250,77804.9219,76833.0391,77279.9297,19808387601
2026-05-25,77280.1250,77990.8672,75569.4688,75825.7344,35999475458
2026-05-26,75825.3047,76014.2969,74136.5000,74344.7031,33802172927
2026-05-27,74339.5703,74460.1250,72493.4141,73536.5547,40148145327
2026-05-28,73537.0312,74218.5625,72435.6250,73372.5234,34457929250
2026-05-29,73370.8516,74020.7578,73125.2344,73754.8359,19563589191
2026-05-30,73753.7500,74153.5000,73315.0156,73579.6875,17445435650
2026-05-31,73580.2109,73969.5703,70599.5078,71319.7734,43378836121
2026-06-01,71321.0312,71334.9531,66127.2656,66703.6562,54990073882
2026-06-02,66694.0078,67402.9297,64009.6758,64014.3672,47411556213
2026-06-03,64020.0703,64664.4453,61335.7500,63801.5742,63800151780
2026-06-04,63807.6914,63901.5156,59108.9180,60922.6680,71465606706
2026-06-05,60924.4766,61491.7031,59496.6250,60867.4141,30898464957
2026-06-06,60866.9414,64128.0430,60724.0664,63239.5195,36006496194
2026-06-07,63244.0859,64185.7656,62384.6680,63090.5898,34133252457
2026-06-08,63092.8906,63486.0898,60756.6875,61643.7812,40144449754
2026-06-09,61643.2070,62788.2773,60788.0234,61449.2891,27493506779
2026-06-10,61448.8789,63851.9492,61447.9688,63561.0547,29316677897
2026-06-11,63547.4414,64334.0156,62778.7930,63543.1992,26881868307
2026-06-12,63541.5156,64700.8789,63431.3203,64421.3242,16956245530
2026-06-13,64420.1680,65749.7812,63634.0234,65710.3984,21572226975
2026-06-14,65711.1094,67248.1328,65315.8359,66289.5000,32927321950
2026-06-15,66289.4609,66928.6094,65315.0703,65600.6406,25063963967
2026-06-16,65600.4297,66354.6250,63870.9297,64418.4453,31288885189
2026-06-17,64419.6445,64736.9219,62201.1445,62896.4727,30432454936
2026-06-18,62897.5156,63568.2227,62275.5820,63540.8359,22361931660
2026-06-19,63535.8086,64307.1367,63149.6602,64239.6758,17486384117
2026-06-20,64242.3242,64506.5781,63221.0000,63237.5391,15739619591
2026-06-21,63240.7891,65544.0000,63233.5312,63952.1055,26561496819
2026-06-22,63952.7930,64196.5625,61893.2070,62668.0195,29608942370
2026-06-23,62663.0312,63097.7578,59029.8555,60995.1328,42644106535
2026-06-24,60992.0703,61868.9062,58075.9219,59721.6758,40625024718
2026-06-25,59712.0547,60647.1875,58269.1250,60016.4297,41502864671
2026-06-26,60016.3125,60835.0469,59794.6211,59940.0977,15099836554
2026-06-27,59940.3516,60432.7070,58879.6328,59532.3398,16282230874
2026-06-28,59522.7891,60682.3398,58856.1875,60138.3789,30829983083
2026-06-29,60136.4531,60173.2188,58111.6719,58558.8594,32747419391
2026-06-30,58562.4453,61223.7695,57747.7656,60003.7578,37904450118
2026-07-01,60004.7695,62117.8750,59532.3242,61485.3008,40109297349
2026-07-02,61492.0664,62879.0078,61176.7227,62544.1992,26131813598
2026-07-03,62545.1289,63398.4102,62287.5859,63088.3047,18608397613
2026-07-04,63089.0586,63935.8477,62413.9922,63547.8828,18267466154
2026-07-05,63551.0156,64597.5703,61275.8281,63995.0156,36552222303
2026-07-06,63994.5977,64257.6328,62623.9336,63297.3945,31026493556
2026-07-07,63293.5195,63706.8867,61492.6484,62257.5742,27349235354
2026-07-08,62257.3164,63422.9414,61645.7539,63193.1484,26546256117
2026-07-09,63194.3594,64658.9688,62902.0625,64127.1406,27450201269
2026-07-10,64127.9688,64445.4609,63785.6211,63802.0273,13954689047
2026-07-11,63791.4023,64243.1328,63606.8242,63758.2188,19043437787
2026-07-12,63757.1719,64340.8828,61769.0000,62239.1211,37650044790
2026-07-13,62238.5859,65046.1328,62207.5234,64956.1133,29841287318
2026-07-14,64959.8086,65507.5938,64442.8203,64712.3750,27029791676
2026-07-15,64713.2969,64931.8555,63701.8047,63789.2812,27232426674
2026-07-16,63789.9102,64332.0195,62489.4531,63899.4609,27280236800
2026-07-17,63899.1797,64816.5039,63845.0156,64796.6016,14162542470
2026-07-18,64799.2773,64909.8867,64250.9141,64690.8047,15000653941
2026-07-19,64684.4180,65735.7188,63720.3906,65230.0273,30988932408
2026-07-20,65228.8711,66910.0625,65113.6562,66505.1250,29554470321
2026-07-21,66506.7891,66694.6484,65514.1758,66100.7969,28142272410
2026-07-22,66100.1328,66282.3828,64610.6094,65044.8125,24364433538
2026-07-23,65044.9570,65760.4844,63686.0352,64098.4961,25917559237
2026-07-24,64098.4922,64386.0625,63753.0273,64311.8125,13817493398
2026-07-25,64311.7852,65503.7695,64233.4531,65340.3008,14301494281
2026-07-26,65340.5898,65658.3359,63562.4844,63724.8984,26183821002
2026-07-27,63723.4883,64026.9219,62714.8047,63871.3633,24128738898
2026-07-28,63871.3945,64638.6953,63206.2109,63908.1680,28611167472
2026-07-29,63908.6250,65071.4453,63533.9062,64725.3086,26250039650
2026-07-30,64723.9688,65328.1836,62410.8672,62813.7461,30439749629
2026-07-31,62813.6641,63091.5977,62233.0117,62763.3203,13553286543
2026-08-01,62763.4453,63714.6133,62745.2539,63482.0000,15901776708
2026-08-02,63485.4414,64020.3242,62226.5781,63460.8984,26038889824
2026-08-03,63458.4102,64466.9375,63277.6836,64055.9531,23662357784
2026-08-04,64054.8789,64954.3477,63829.7188,64597.5000,23568584891
2026-08-05,64595.4492,64934.4922,64098.4766,64262.1133,18529402711
2026-08-06,64257.4883,65330.6094,64113.2734,64880.1914,22165720102
2026-08-07,64882.5469,65140.4805,64797.1133,64904.6875,12350094271
2026-08-08,64906.5508,65401.6914,64677.6016,64844.8867,13234538380
2026-08-09,64845.3828,65321.8398,63752.5664,63910.5859,22384770392
2026-08-10,63910.1758,64433.6797,63185.4727,63551.8750,20824820662
2026-08-11,63551.8711,64381.0781,63251.1133,63402.4336,23063864553
2026-08-12,63404.4258,63926.3320,62799.2891,63402.1719,18765583756
2026-08-13,63402.0898,63551.5625,62487.6992,62975.5938,20280053024
2026-08-14,62974.3359,63119.1328,62850.9609,63024.3203,10033057106
2026-08-15,63023.4219,63310.7773,62648.5742,62818.6523,9078986635
2026-08-16,62819.3789,64547.8477,62687.1016,64506.2539,21555405073
2026-08-17,64506.5234,64987.7109,63980.3242,64680.7109,18728001793
2026-08-18,64680.0469,69996.9531,64111.0703,69266.1875,46228098443
2026-08-19,69268.2500,73369.8047,68867.5312,73032.7578,55444322363
2026-08-20,73031.0859,79463.7109,73011.4141,78335.1875,74478039014
2026-08-21,78332.5547,78801.1484,76526.7109,77083.4141,42131959963
2026-08-22,77082.8438,78036.8672,75624.9453,77755.2656,31158396908
2026-08-23,77748.8750,79970.1094,76688.8281,78964.4844,55502180329
2026-08-24,78960.0938,81235.0312,77870.6250,78564.9766,46728068401
2026-08-25,78538.5859,79240.5000,77639.8359,79027.4219,29329039002
2026-08-26,79037.9219,80806.5625,78591.1016,80257.5391,34033075972
2026-08-27,80264.6484,81346.9531,76909.3516,77830.2891,39362871737
2026-08-28,77830.8906,78327.9453,77381.8984,78245.8125,14053131399
2026-08-29,78246.1719,79373.1797,77056.1484,77667.5703,19314839672
2026-08-30,77673.7031,79247.3438,77378.4375,78548.6328,30608386987
2026-08-31,78539.8594,79196.5156,76399.0625,77403.6250,30608796575
2026-09-01,77402.1406,77737.5469,76248.3047,77300.4766,26525296646
2026-09-02,77300.1641,82262.2109,76940.8828,81271.7422,40504199354
2026-09-03,81271.5391,81433.1484,78641.6250,79671.9688,37501874897
2026-09-04,79671.7031,80194.5078,79465.0625,79823.8672,18559708494
2026-09-05,79824.6016,80530.6484,79327.5000,80350.0469,19391863269
2026-09-06,80349.1953,80432.3125,78684.9297,79115.8516,23414434445
2026-09-07,79114.9062,79463.2734,77635.6875,78438.5781,34680168667
2026-09-08,78440.6016,79737.2969,77768.1484,78259.5234,29192409298
2026-09-09,78260.3828,78520.9688,76470.6406,76568.1250,30120111719
2026-09-10,76559.1250,79818.3359,76162.9141,77173.7969,37410998193
2026-09-11,77175.0703,77479.6562,77045.0000,77270.4688,12664765797
2026-09-12,77270.1797,77415.6562,76498.3828,76838.1562,13607872549
2026-09-13,76830.2812,79568.9531,76367.3750,78163.3828,29909358382
2026-09-14,78162.4844,78242.5469,74944.5938,75612.5078,39694675220
2026-09-15,75611.7969,76474.0781,74995.5234,76150.3203,30053315577
2026-09-16,76152.0547,77079.1641,75945.5547,76403.7734,21917458567
2026-09-17,76405.0156,81331.7656,76228.3281,80901.4609,40378562386
2026-09-18,80900.2891,81911.1406,80814.9375,81233.6797,20505634866
2026-09-19,81234.3047,81455.2031,80098.7734,81142.6094,21259753701
2026-09-20,81143.6250,87363.7578,80867.0859,86602.9141,57676223471
2026-09-21,86604.3750,86700.0000,85098.0078,86172.2812,40800687783
2026-09-22,86176.7656,87265.4922,83519.7344,84383.0078,46088463341
2026-09-23,84381.5938,84876.2266,82906.6172,84379.0625,37106744985
2026-09-24,84379.5156,85230.0547,83165.5312,84034.9219,34118533914
2026-09-25,84035.8203,84423.1797,83781.1094,84406.4531,15169336375
2026-09-26,84412.7188,85126.1094,84121.3281,84458.0859,19386591468
2026-09-27,84457.2969,84846.0391,82580.8281,83350.3203,33387104256
